/home/zhangpeiru/.conda/envs/MetqQ2/lib/python3.11/site-packages/louvain/__init__.py:54: UserWarning: pkg_resources is deprecated as an API. See https://setuptools.pypa.io/en/latest/pkg_resources.html. The pkg_resources package is slated for removal as early as 2025-11-30. Refrain from using this package or pin to Setuptools<81.
  from pkg_resources import get_distribution, DistributionNotFound
/home/zhangpeiru/.conda/envs/MetqQ2/lib/python3.11/site-packages/anndata/utils.py:434: FutureWarning: Importing read_csv from `anndata` is deprecated. Import anndata.io.read_csv instead.
  warnings.warn(msg, FutureWarning)
/home/zhangpeiru/.conda/envs/MetqQ2/lib/python3.11/site-packages/anndata/utils.py:434: FutureWarning: Importing read_text from `anndata` is deprecated. Import anndata.io.read_text instead.
  warnings.warn(msg, FutureWarning)
/home/zhangpeiru/.conda/envs/MetqQ2/lib/python3.11/site-packages/anndata/utils.py:434: FutureWarning: Importing read_excel from `anndata` is deprecated. Import anndata.io.read_excel instead.
  warnings.warn(msg, FutureWarning)
/home/zhangpeiru/.conda/envs/MetqQ2/lib/python3.11/site-packages/anndata/utils.py:434: FutureWarning: Importing read_mtx from `anndata` is deprecated. Import anndata.io.read_mtx instead.
  warnings.warn(msg, FutureWarning)
/home/zhangpeiru/.conda/envs/MetqQ2/lib/python3.11/site-packages/anndata/utils.py:434: FutureWarning: Importing read_loom from `anndata` is deprecated. Import anndata.io.read_loom instead.
  warnings.warn(msg, FutureWarning)
/home/zhangpeiru/.conda/envs/MetqQ2/lib/python3.11/site-packages/anndata/utils.py:434: FutureWarning: Importing read_hdf from `anndata` is deprecated. Import anndata.io.read_hdf instead.
  warnings.warn(msg, FutureWarning)
/home/zhangpeiru/.conda/envs/MetqQ2/lib/python3.11/site-packages/anndata/utils.py:434: FutureWarning: Importing read_umi_tools from `anndata` is deprecated. Import anndata.io.read_umi_tools instead.
  warnings.warn(msg, FutureWarning)
WARNING: adata.X seems to be already log-transformed.
/home/zhangpeiru/.conda/envs/MetqQ2/lib/python3.11/site-packages/scanpy/preprocessing/_highly_variable_genes.py:220: FutureWarning: The default of observed=False is deprecated and will be changed to True in a future version of pandas. Pass observed=False to retain current behavior or observed=True to adopt the future default and silence this warning.
  disp_grouped = df.groupby('mean_bin')['dispersions']
/home/zhangpeiru/.conda/envs/MetqQ2/lib/python3.11/site-packages/scanpy/preprocessing/_simple.py:843: UserWarning: Received a view of an AnnData. Making a copy.
  view_to_actual(adata)
/home/zhangpeiru/.conda/envs/MetqQ2/lib/python3.11/site-packages/scanpy/preprocessing/_highly_variable_genes.py:220: FutureWarning: The default of observed=False is deprecated and will be changed to True in a future version of pandas. Pass observed=False to retain current behavior or observed=True to adopt the future default and silence this warning.
  disp_grouped = df.groupby('mean_bin')['dispersions']
/home/zhangpeiru/.conda/envs/MetqQ2/lib/python3.11/site-packages/scanpy/preprocessing/_simple.py:843: UserWarning: Received a view of an AnnData. Making a copy.
  view_to_actual(adata)
=======Loading and Preprocessing Data=======
Data of 2 omics in total
revision_results/cache/subsets/D11_11_GSE194122_rna_2000cells_seed1729_rare-CD14-Mono-abundance0.001-seed438642.h5ad loaded with shape [2000, 3010]
revision_results/cache/subsets/D11_11_GSE194122_atac_2000cells_seed1729_rare-CD14-Mono-abundance0.001-seed438642.h5ad loaded with shape [2000, 30000]
2026-08-29 15:40:00,344 INFO Loading faiss with AVX512 support.
2026-08-29 15:40:00,366 INFO Successfully loaded faiss with AVX512 support.
2026-08-29 15:40:00,370 INFO Failed to load GPU Faiss: name 'GpuIndexIVFFlat' is not defined. Will not load constructor refs for GPU indexes. This is only an error if you're trying to use GPU Faiss.
WARNING clustering 512 points to 40 centroids: please provide at least 1560 training points
GARQ Initialization completed.
/home/zhangpeiru/.conda/envs/MetqQ2/lib/python3.11/site-packages/torch/autograd/__init__.py:251: UserWarning: Memory Efficient attention defaults to a non-deterministic algorithm. To explicitly enable determinism call torch.use_deterministic_algorithms(True, warn_only=False). (Triggered internally at ../aten/src/ATen/native/transformers/cuda/attention_backward.cu:413.)
  Variable._execution_engine.run_backward(  # Calls into the C++ engine to run the backward pass
Epoch 1, RNA: recon_loss=0.2303 , ATAC: recon_loss=0.3651 
/data/zhangpeiru/GARQ_revision/model.py:121: UserWarning: cumsum_cuda_kernel does not have a deterministic implementation, but you set 'torch.use_deterministic_algorithms(True, warn_only=True)'. You can file an issue at https://github.com/pytorch/pytorch/issues to help us prioritize adding deterministic support for this operation. (Triggered internally at ../aten/src/ATen/Context.cpp:71.)
  dis_indices = torch.multinomial(
/data/zhangpeiru/GARQ_revision/data_utils.py:140: UserWarning: The given NumPy array is not writable, and PyTorch does not support non-writable tensors. This means writing to this tensor will result in undefined behavior. You may want to copy the array to protect its data or make it writable before converting it to a tensor. This type of warning will be suppressed for the rest of this program. (Triggered internally at ../torch/csrc/utils/tensor_numpy.cpp:206.)
  type_int = torch.from_numpy(adata.obs[args.type_key].cat.codes.values).long()
/home/zhangpeiru/.conda/envs/MetqQ2/lib/python3.11/site-packages/louvain/__init__.py:54: UserWarning: pkg_resources is deprecated as an API. See https://setuptools.pypa.io/en/latest/pkg_resources.html. The pkg_resources package is slated for removal as early as 2025-11-30. Refrain from using this package or pin to Setuptools<81.
  from pkg_resources import get_distribution, DistributionNotFound
/home/zhangpeiru/.conda/envs/MetqQ2/lib/python3.11/site-packages/anndata/utils.py:434: FutureWarning: Importing read_csv from `anndata` is deprecated. Import anndata.io.read_csv instead.
  warnings.warn(msg, FutureWarning)
/home/zhangpeiru/.conda/envs/MetqQ2/lib/python3.11/site-packages/anndata/utils.py:434: FutureWarning: Importing read_text from `anndata` is deprecated. Import anndata.io.read_text instead.
  warnings.warn(msg, FutureWarning)
/home/zhangpeiru/.conda/envs/MetqQ2/lib/python3.11/site-packages/anndata/utils.py:434: FutureWarning: Importing read_excel from `anndata` is deprecated. Import anndata.io.read_excel instead.
  warnings.warn(msg, FutureWarning)
/home/zhangpeiru/.conda/envs/MetqQ2/lib/python3.11/site-packages/anndata/utils.py:434: FutureWarning: Importing read_mtx from `anndata` is deprecated. Import anndata.io.read_mtx instead.
  warnings.warn(msg, FutureWarning)
/home/zhangpeiru/.conda/envs/MetqQ2/lib/python3.11/site-packages/anndata/utils.py:434: FutureWarning: Importing read_loom from `anndata` is deprecated. Import anndata.io.read_loom instead.
  warnings.warn(msg, FutureWarning)
/home/zhangpeiru/.conda/envs/MetqQ2/lib/python3.11/site-packages/anndata/utils.py:434: FutureWarning: Importing read_hdf from `anndata` is deprecated. Import anndata.io.read_hdf instead.
  warnings.warn(msg, FutureWarning)
/home/zhangpeiru/.conda/envs/MetqQ2/lib/python3.11/site-packages/anndata/utils.py:434: FutureWarning: Importing read_umi_tools from `anndata` is deprecated. Import anndata.io.read_umi_tools instead.
  warnings.warn(msg, FutureWarning)
WARNING: adata.X seems to be already log-transformed.
/home/zhangpeiru/.conda/envs/MetqQ2/lib/python3.11/site-packages/scanpy/preprocessing/_highly_variable_genes.py:220: FutureWarning: The default of observed=False is deprecated and will be changed to True in a future version of pandas. Pass observed=False to retain current behavior or observed=True to adopt the future default and silence this warning.
  disp_grouped = df.groupby('mean_bin')['dispersions']
/home/zhangpeiru/.conda/envs/MetqQ2/lib/python3.11/site-packages/scanpy/preprocessing/_simple.py:843: UserWarning: Received a view of an AnnData. Making a copy.
  view_to_actual(adata)
/home/zhangpeiru/.conda/envs/MetqQ2/lib/python3.11/site-packages/scanpy/preprocessing/_highly_variable_genes.py:220: FutureWarning: The default of observed=False is deprecated and will be changed to True in a future version of pandas. Pass observed=False to retain current behavior or observed=True to adopt the future default and silence this warning.
  disp_grouped = df.groupby('mean_bin')['dispersions']
/home/zhangpeiru/.conda/envs/MetqQ2/lib/python3.11/site-packages/scanpy/preprocessing/_simple.py:843: UserWarning: Received a view of an AnnData. Making a copy.
  view_to_actual(adata)
=======Loading and Preprocessing Data=======
Data of 2 omics in total
revision_results/cache/subsets/D11_11_GSE194122_rna_2000cells_seed1729_rare-CD14-Mono-abundance0.001-seed115631.h5ad loaded with shape [2000, 3016]
revision_results/cache/subsets/D11_11_GSE194122_atac_2000cells_seed1729_rare-CD14-Mono-abundance0.001-seed115631.h5ad loaded with shape [2000, 30000]
2026-08-29 15:40:19,564 INFO Loading faiss with AVX512 support.
2026-08-29 15:40:19,584 INFO Successfully loaded faiss with AVX512 support.
2026-08-29 15:40:19,587 INFO Failed to load GPU Faiss: name 'GpuIndexIVFFlat' is not defined. Will not load constructor refs for GPU indexes. This is only an error if you're trying to use GPU Faiss.
WARNING clustering 512 points to 40 centroids: please provide at least 1560 training points
GARQ Initialization completed.
/home/zhangpeiru/.conda/envs/MetqQ2/lib/python3.11/site-packages/torch/autograd/__init__.py:251: UserWarning: Memory Efficient attention defaults to a non-deterministic algorithm. To explicitly enable determinism call torch.use_deterministic_algorithms(True, warn_only=False). (Triggered internally at ../aten/src/ATen/native/transformers/cuda/attention_backward.cu:413.)
  Variable._execution_engine.run_backward(  # Calls into the C++ engine to run the backward pass
Epoch 1, RNA: recon_loss=0.2379 , ATAC: recon_loss=0.3776 
/data/zhangpeiru/GARQ_revision/model.py:121: UserWarning: cumsum_cuda_kernel does not have a deterministic implementation, but you set 'torch.use_deterministic_algorithms(True, warn_only=True)'. You can file an issue at https://github.com/pytorch/pytorch/issues to help us prioritize adding deterministic support for this operation. (Triggered internally at ../aten/src/ATen/Context.cpp:71.)
  dis_indices = torch.multinomial(
/data/zhangpeiru/GARQ_revision/data_utils.py:131: RuntimeWarning: Mean of empty slice.
  [data[meta_ids == i].mean(axis=0) for i in range(meta_ids.max() + 1)]
/home/zhangpeiru/.conda/envs/MetqQ2/lib/python3.11/site-packages/numpy/core/_methods.py:121: RuntimeWarning: invalid value encountered in divide
  ret = um.true_divide(
/data/zhangpeiru/GARQ_revision/data_utils.py:140: UserWarning: The given NumPy array is not writable, and PyTorch does not support non-writable tensors. This means writing to this tensor will result in undefined behavior. You may want to copy the array to protect its data or make it writable before converting it to a tensor. This type of warning will be suppressed for the rest of this program. (Triggered internally at ../torch/csrc/utils/tensor_numpy.cpp:206.)
  type_int = torch.from_numpy(adata.obs[args.type_key].cat.codes.values).long()
/data/zhangpeiru/GARQ_revision/data_utils.py:131: RuntimeWarning: Mean of empty slice.
  [data[meta_ids == i].mean(axis=0) for i in range(meta_ids.max() + 1)]
/home/zhangpeiru/.conda/envs/MetqQ2/lib/python3.11/site-packages/numpy/core/_methods.py:121: RuntimeWarning: invalid value encountered in divide
  ret = um.true_divide(
/home/zhangpeiru/.conda/envs/MetqQ2/lib/python3.11/site-packages/louvain/__init__.py:54: UserWarning: pkg_resources is deprecated as an API. See https://setuptools.pypa.io/en/latest/pkg_resources.html. The pkg_resources package is slated for removal as early as 2025-11-30. Refrain from using this package or pin to Setuptools<81.
  from pkg_resources import get_distribution, DistributionNotFound
/home/zhangpeiru/.conda/envs/MetqQ2/lib/python3.11/site-packages/anndata/utils.py:434: FutureWarning: Importing read_csv from `anndata` is deprecated. Import anndata.io.read_csv instead.
  warnings.warn(msg, FutureWarning)
/home/zhangpeiru/.conda/envs/MetqQ2/lib/python3.11/site-packages/anndata/utils.py:434: FutureWarning: Importing read_text from `anndata` is deprecated. Import anndata.io.read_text instead.
  warnings.warn(msg, FutureWarning)
/home/zhangpeiru/.conda/envs/MetqQ2/lib/python3.11/site-packages/anndata/utils.py:434: FutureWarning: Importing read_excel from `anndata` is deprecated. Import anndata.io.read_excel instead.
  warnings.warn(msg, FutureWarning)
/home/zhangpeiru/.conda/envs/MetqQ2/lib/python3.11/site-packages/anndata/utils.py:434: FutureWarning: Importing read_mtx from `anndata` is deprecated. Import anndata.io.read_mtx instead.
  warnings.warn(msg, FutureWarning)
/home/zhangpeiru/.conda/envs/MetqQ2/lib/python3.11/site-packages/anndata/utils.py:434: FutureWarning: Importing read_loom from `anndata` is deprecated. Import anndata.io.read_loom instead.
  warnings.warn(msg, FutureWarning)
/home/zhangpeiru/.conda/envs/MetqQ2/lib/python3.11/site-packages/anndata/utils.py:434: FutureWarning: Importing read_hdf from `anndata` is deprecated. Import anndata.io.read_hdf instead.
  warnings.warn(msg, FutureWarning)
/home/zhangpeiru/.conda/envs/MetqQ2/lib/python3.11/site-packages/anndata/utils.py:434: FutureWarning: Importing read_umi_tools from `anndata` is deprecated. Import anndata.io.read_umi_tools instead.
  warnings.warn(msg, FutureWarning)
WARNING: adata.X seems to be already log-transformed.
/home/zhangpeiru/.conda/envs/MetqQ2/lib/python3.11/site-packages/scanpy/preprocessing/_highly_variable_genes.py:220: FutureWarning: The default of observed=False is deprecated and will be changed to True in a future version of pandas. Pass observed=False to retain current behavior or observed=True to adopt the future default and silence this warning.
  disp_grouped = df.groupby('mean_bin')['dispersions']
/home/zhangpeiru/.conda/envs/MetqQ2/lib/python3.11/site-packages/scanpy/preprocessing/_simple.py:843: UserWarning: Received a view of an AnnData. Making a copy.
  view_to_actual(adata)
/home/zhangpeiru/.conda/envs/MetqQ2/lib/python3.11/site-packages/scanpy/preprocessing/_highly_variable_genes.py:220: FutureWarning: The default of observed=False is deprecated and will be changed to True in a future version of pandas. Pass observed=False to retain current behavior or observed=True to adopt the future default and silence this warning.
  disp_grouped = df.groupby('mean_bin')['dispersions']
/home/zhangpeiru/.conda/envs/MetqQ2/lib/python3.11/site-packages/scanpy/preprocessing/_simple.py:843: UserWarning: Received a view of an AnnData. Making a copy.
  view_to_actual(adata)
=======Loading and Preprocessing Data=======
Data of 2 omics in total
revision_results/cache/subsets/D11_11_GSE194122_rna_2000cells_seed1729_rare-CD14-Mono-abundance0.001-seed358530.h5ad loaded with shape [2000, 3008]
revision_results/cache/subsets/D11_11_GSE194122_atac_2000cells_seed1729_rare-CD14-Mono-abundance0.001-seed358530.h5ad loaded with shape [2000, 30000]
2026-08-29 15:40:37,556 INFO Loading faiss with AVX512 support.
2026-08-29 15:40:37,579 INFO Successfully loaded faiss with AVX512 support.
2026-08-29 15:40:37,583 INFO Failed to load GPU Faiss: name 'GpuIndexIVFFlat' is not defined. Will not load constructor refs for GPU indexes. This is only an error if you're trying to use GPU Faiss.
WARNING clustering 512 points to 40 centroids: please provide at least 1560 training points
GARQ Initialization completed.
/home/zhangpeiru/.conda/envs/MetqQ2/lib/python3.11/site-packages/torch/autograd/__init__.py:251: UserWarning: Memory Efficient attention defaults to a non-deterministic algorithm. To explicitly enable determinism call torch.use_deterministic_algorithms(True, warn_only=False). (Triggered internally at ../aten/src/ATen/native/transformers/cuda/attention_backward.cu:413.)
  Variable._execution_engine.run_backward(  # Calls into the C++ engine to run the backward pass
Epoch 1, RNA: recon_loss=0.2386 , ATAC: recon_loss=0.3695 
/data/zhangpeiru/GARQ_revision/model.py:121: UserWarning: cumsum_cuda_kernel does not have a deterministic implementation, but you set 'torch.use_deterministic_algorithms(True, warn_only=True)'. You can file an issue at https://github.com/pytorch/pytorch/issues to help us prioritize adding deterministic support for this operation. (Triggered internally at ../aten/src/ATen/Context.cpp:71.)
  dis_indices = torch.multinomial(
/data/zhangpeiru/GARQ_revision/data_utils.py:140: UserWarning: The given NumPy array is not writable, and PyTorch does not support non-writable tensors. This means writing to this tensor will result in undefined behavior. You may want to copy the array to protect its data or make it writable before converting it to a tensor. This type of warning will be suppressed for the rest of this program. (Triggered internally at ../torch/csrc/utils/tensor_numpy.cpp:206.)
  type_int = torch.from_numpy(adata.obs[args.type_key].cat.codes.values).long()
/home/zhangpeiru/.conda/envs/MetqQ2/lib/python3.11/site-packages/louvain/__init__.py:54: UserWarning: pkg_resources is deprecated as an API. See https://setuptools.pypa.io/en/latest/pkg_resources.html. The pkg_resources package is slated for removal as early as 2025-11-30. Refrain from using this package or pin to Setuptools<81.
  from pkg_resources import get_distribution, DistributionNotFound
/home/zhangpeiru/.conda/envs/MetqQ2/lib/python3.11/site-packages/anndata/utils.py:434: FutureWarning: Importing read_csv from `anndata` is deprecated. Import anndata.io.read_csv instead.
  warnings.warn(msg, FutureWarning)
/home/zhangpeiru/.conda/envs/MetqQ2/lib/python3.11/site-packages/anndata/utils.py:434: FutureWarning: Importing read_text from `anndata` is deprecated. Import anndata.io.read_text instead.
  warnings.warn(msg, FutureWarning)
/home/zhangpeiru/.conda/envs/MetqQ2/lib/python3.11/site-packages/anndata/utils.py:434: FutureWarning: Importing read_excel from `anndata` is deprecated. Import anndata.io.read_excel instead.
  warnings.warn(msg, FutureWarning)
/home/zhangpeiru/.conda/envs/MetqQ2/lib/python3.11/site-packages/anndata/utils.py:434: FutureWarning: Importing read_mtx from `anndata` is deprecated. Import anndata.io.read_mtx instead.
  warnings.warn(msg, FutureWarning)
/home/zhangpeiru/.conda/envs/MetqQ2/lib/python3.11/site-packages/anndata/utils.py:434: FutureWarning: Importing read_loom from `anndata` is deprecated. Import anndata.io.read_loom instead.
  warnings.warn(msg, FutureWarning)
/home/zhangpeiru/.conda/envs/MetqQ2/lib/python3.11/site-packages/anndata/utils.py:434: FutureWarning: Importing read_hdf from `anndata` is deprecated. Import anndata.io.read_hdf instead.
  warnings.warn(msg, FutureWarning)
/home/zhangpeiru/.conda/envs/MetqQ2/lib/python3.11/site-packages/anndata/utils.py:434: FutureWarning: Importing read_umi_tools from `anndata` is deprecated. Import anndata.io.read_umi_tools instead.
  warnings.warn(msg, FutureWarning)
WARNING: adata.X seems to be already log-transformed.
/home/zhangpeiru/.conda/envs/MetqQ2/lib/python3.11/site-packages/scanpy/preprocessing/_highly_variable_genes.py:220: FutureWarning: The default of observed=False is deprecated and will be changed to True in a future version of pandas. Pass observed=False to retain current behavior or observed=True to adopt the future default and silence this warning.
  disp_grouped = df.groupby('mean_bin')['dispersions']
/home/zhangpeiru/.conda/envs/MetqQ2/lib/python3.11/site-packages/scanpy/preprocessing/_simple.py:843: UserWarning: Received a view of an AnnData. Making a copy.
  view_to_actual(adata)
/home/zhangpeiru/.conda/envs/MetqQ2/lib/python3.11/site-packages/scanpy/preprocessing/_highly_variable_genes.py:220: FutureWarning: The default of observed=False is deprecated and will be changed to True in a future version of pandas. Pass observed=False to retain current behavior or observed=True to adopt the future default and silence this warning.
  disp_grouped = df.groupby('mean_bin')['dispersions']
/home/zhangpeiru/.conda/envs/MetqQ2/lib/python3.11/site-packages/scanpy/preprocessing/_simple.py:843: UserWarning: Received a view of an AnnData. Making a copy.
  view_to_actual(adata)
=======Loading and Preprocessing Data=======
Data of 2 omics in total
revision_results/cache/subsets/D11_11_GSE194122_rna_2000cells_seed1729_rare-CD14-Mono-abundance0.001-seed529322.h5ad loaded with shape [2000, 3008]
revision_results/cache/subsets/D11_11_GSE194122_atac_2000cells_seed1729_rare-CD14-Mono-abundance0.001-seed529322.h5ad loaded with shape [2000, 30000]
2026-08-29 15:40:56,932 INFO Loading faiss with AVX512 support.
2026-08-29 15:40:56,957 INFO Successfully loaded faiss with AVX512 support.
2026-08-29 15:40:56,961 INFO Failed to load GPU Faiss: name 'GpuIndexIVFFlat' is not defined. Will not load constructor refs for GPU indexes. This is only an error if you're trying to use GPU Faiss.
WARNING clustering 512 points to 40 centroids: please provide at least 1560 training points
GARQ Initialization completed.
/home/zhangpeiru/.conda/envs/MetqQ2/lib/python3.11/site-packages/torch/autograd/__init__.py:251: UserWarning: Memory Efficient attention defaults to a non-deterministic algorithm. To explicitly enable determinism call torch.use_deterministic_algorithms(True, warn_only=False). (Triggered internally at ../aten/src/ATen/native/transformers/cuda/attention_backward.cu:413.)
  Variable._execution_engine.run_backward(  # Calls into the C++ engine to run the backward pass
Epoch 1, RNA: recon_loss=0.2330 , ATAC: recon_loss=0.3774 
/data/zhangpeiru/GARQ_revision/model.py:121: UserWarning: cumsum_cuda_kernel does not have a deterministic implementation, but you set 'torch.use_deterministic_algorithms(True, warn_only=True)'. You can file an issue at https://github.com/pytorch/pytorch/issues to help us prioritize adding deterministic support for this operation. (Triggered internally at ../aten/src/ATen/Context.cpp:71.)
  dis_indices = torch.multinomial(
/data/zhangpeiru/GARQ_revision/data_utils.py:140: UserWarning: The given NumPy array is not writable, and PyTorch does not support non-writable tensors. This means writing to this tensor will result in undefined behavior. You may want to copy the array to protect its data or make it writable before converting it to a tensor. This type of warning will be suppressed for the rest of this program. (Triggered internally at ../torch/csrc/utils/tensor_numpy.cpp:206.)
  type_int = torch.from_numpy(adata.obs[args.type_key].cat.codes.values).long()
/home/zhangpeiru/.conda/envs/MetqQ2/lib/python3.11/site-packages/louvain/__init__.py:54: UserWarning: pkg_resources is deprecated as an API. See https://setuptools.pypa.io/en/latest/pkg_resources.html. The pkg_resources package is slated for removal as early as 2025-11-30. Refrain from using this package or pin to Setuptools<81.
  from pkg_resources import get_distribution, DistributionNotFound
/home/zhangpeiru/.conda/envs/MetqQ2/lib/python3.11/site-packages/anndata/utils.py:434: FutureWarning: Importing read_csv from `anndata` is deprecated. Import anndata.io.read_csv instead.
  warnings.warn(msg, FutureWarning)
/home/zhangpeiru/.conda/envs/MetqQ2/lib/python3.11/site-packages/anndata/utils.py:434: FutureWarning: Importing read_text from `anndata` is deprecated. Import anndata.io.read_text instead.
  warnings.warn(msg, FutureWarning)
/home/zhangpeiru/.conda/envs/MetqQ2/lib/python3.11/site-packages/anndata/utils.py:434: FutureWarning: Importing read_excel from `anndata` is deprecated. Import anndata.io.read_excel instead.
  warnings.warn(msg, FutureWarning)
/home/zhangpeiru/.conda/envs/MetqQ2/lib/python3.11/site-packages/anndata/utils.py:434: FutureWarning: Importing read_mtx from `anndata` is deprecated. Import anndata.io.read_mtx instead.
  warnings.warn(msg, FutureWarning)
/home/zhangpeiru/.conda/envs/MetqQ2/lib/python3.11/site-packages/anndata/utils.py:434: FutureWarning: Importing read_loom from `anndata` is deprecated. Import anndata.io.read_loom instead.
  warnings.warn(msg, FutureWarning)
/home/zhangpeiru/.conda/envs/MetqQ2/lib/python3.11/site-packages/anndata/utils.py:434: FutureWarning: Importing read_hdf from `anndata` is deprecated. Import anndata.io.read_hdf instead.
  warnings.warn(msg, FutureWarning)
/home/zhangpeiru/.conda/envs/MetqQ2/lib/python3.11/site-packages/anndata/utils.py:434: FutureWarning: Importing read_umi_tools from `anndata` is deprecated. Import anndata.io.read_umi_tools instead.
  warnings.warn(msg, FutureWarning)
WARNING: adata.X seems to be already log-transformed.
/home/zhangpeiru/.conda/envs/MetqQ2/lib/python3.11/site-packages/scanpy/preprocessing/_highly_variable_genes.py:220: FutureWarning: The default of observed=False is deprecated and will be changed to True in a future version of pandas. Pass observed=False to retain current behavior or observed=True to adopt the future default and silence this warning.
  disp_grouped = df.groupby('mean_bin')['dispersions']
/home/zhangpeiru/.conda/envs/MetqQ2/lib/python3.11/site-packages/scanpy/preprocessing/_simple.py:843: UserWarning: Received a view of an AnnData. Making a copy.
  view_to_actual(adata)
/home/zhangpeiru/.conda/envs/MetqQ2/lib/python3.11/site-packages/scanpy/preprocessing/_highly_variable_genes.py:220: FutureWarning: The default of observed=False is deprecated and will be changed to True in a future version of pandas. Pass observed=False to retain current behavior or observed=True to adopt the future default and silence this warning.
  disp_grouped = df.groupby('mean_bin')['dispersions']
/home/zhangpeiru/.conda/envs/MetqQ2/lib/python3.11/site-packages/scanpy/preprocessing/_simple.py:843: UserWarning: Received a view of an AnnData. Making a copy.
  view_to_actual(adata)
=======Loading and Preprocessing Data=======
Data of 2 omics in total
revision_results/cache/subsets/D11_11_GSE194122_rna_2000cells_seed1729_rare-CD14-Mono-abundance0.001-seed747074.h5ad loaded with shape [2000, 3007]
revision_results/cache/subsets/D11_11_GSE194122_atac_2000cells_seed1729_rare-CD14-Mono-abundance0.001-seed747074.h5ad loaded with shape [2000, 30000]
2026-08-29 15:41:13,921 INFO Loading faiss with AVX512 support.
2026-08-29 15:41:13,945 INFO Successfully loaded faiss with AVX512 support.
2026-08-29 15:41:13,949 INFO Failed to load GPU Faiss: name 'GpuIndexIVFFlat' is not defined. Will not load constructor refs for GPU indexes. This is only an error if you're trying to use GPU Faiss.
WARNING clustering 512 points to 40 centroids: please provide at least 1560 training points
GARQ Initialization completed.
/home/zhangpeiru/.conda/envs/MetqQ2/lib/python3.11/site-packages/torch/autograd/__init__.py:251: UserWarning: Memory Efficient attention defaults to a non-deterministic algorithm. To explicitly enable determinism call torch.use_deterministic_algorithms(True, warn_only=False). (Triggered internally at ../aten/src/ATen/native/transformers/cuda/attention_backward.cu:413.)
  Variable._execution_engine.run_backward(  # Calls into the C++ engine to run the backward pass
Epoch 1, RNA: recon_loss=0.2349 , ATAC: recon_loss=0.3773 
/data/zhangpeiru/GARQ_revision/model.py:121: UserWarning: cumsum_cuda_kernel does not have a deterministic implementation, but you set 'torch.use_deterministic_algorithms(True, warn_only=True)'. You can file an issue at https://github.com/pytorch/pytorch/issues to help us prioritize adding deterministic support for this operation. (Triggered internally at ../aten/src/ATen/Context.cpp:71.)
  dis_indices = torch.multinomial(
/data/zhangpeiru/GARQ_revision/data_utils.py:131: RuntimeWarning: Mean of empty slice.
  [data[meta_ids == i].mean(axis=0) for i in range(meta_ids.max() + 1)]
/home/zhangpeiru/.conda/envs/MetqQ2/lib/python3.11/site-packages/numpy/core/_methods.py:121: RuntimeWarning: invalid value encountered in divide
  ret = um.true_divide(
/data/zhangpeiru/GARQ_revision/data_utils.py:140: UserWarning: The given NumPy array is not writable, and PyTorch does not support non-writable tensors. This means writing to this tensor will result in undefined behavior. You may want to copy the array to protect its data or make it writable before converting it to a tensor. This type of warning will be suppressed for the rest of this program. (Triggered internally at ../torch/csrc/utils/tensor_numpy.cpp:206.)
  type_int = torch.from_numpy(adata.obs[args.type_key].cat.codes.values).long()
/data/zhangpeiru/GARQ_revision/data_utils.py:131: RuntimeWarning: Mean of empty slice.
  [data[meta_ids == i].mean(axis=0) for i in range(meta_ids.max() + 1)]
/home/zhangpeiru/.conda/envs/MetqQ2/lib/python3.11/site-packages/numpy/core/_methods.py:121: RuntimeWarning: invalid value encountered in divide
  ret = um.true_divide(
/home/zhangpeiru/.conda/envs/MetqQ2/lib/python3.11/site-packages/louvain/__init__.py:54: UserWarning: pkg_resources is deprecated as an API. See https://setuptools.pypa.io/en/latest/pkg_resources.html. The pkg_resources package is slated for removal as early as 2025-11-30. Refrain from using this package or pin to Setuptools<81.
  from pkg_resources import get_distribution, DistributionNotFound
/home/zhangpeiru/.conda/envs/MetqQ2/lib/python3.11/site-packages/anndata/utils.py:434: FutureWarning: Importing read_csv from `anndata` is deprecated. Import anndata.io.read_csv instead.
  warnings.warn(msg, FutureWarning)
/home/zhangpeiru/.conda/envs/MetqQ2/lib/python3.11/site-packages/anndata/utils.py:434: FutureWarning: Importing read_text from `anndata` is deprecated. Import anndata.io.read_text instead.
  warnings.warn(msg, FutureWarning)
/home/zhangpeiru/.conda/envs/MetqQ2/lib/python3.11/site-packages/anndata/utils.py:434: FutureWarning: Importing read_excel from `anndata` is deprecated. Import anndata.io.read_excel instead.
  warnings.warn(msg, FutureWarning)
/home/zhangpeiru/.conda/envs/MetqQ2/lib/python3.11/site-packages/anndata/utils.py:434: FutureWarning: Importing read_mtx from `anndata` is deprecated. Import anndata.io.read_mtx instead.
  warnings.warn(msg, FutureWarning)
/home/zhangpeiru/.conda/envs/MetqQ2/lib/python3.11/site-packages/anndata/utils.py:434: FutureWarning: Importing read_loom from `anndata` is deprecated. Import anndata.io.read_loom instead.
  warnings.warn(msg, FutureWarning)
/home/zhangpeiru/.conda/envs/MetqQ2/lib/python3.11/site-packages/anndata/utils.py:434: FutureWarning: Importing read_hdf from `anndata` is deprecated. Import anndata.io.read_hdf instead.
  warnings.warn(msg, FutureWarning)
/home/zhangpeiru/.conda/envs/MetqQ2/lib/python3.11/site-packages/anndata/utils.py:434: FutureWarning: Importing read_umi_tools from `anndata` is deprecated. Import anndata.io.read_umi_tools instead.
  warnings.warn(msg, FutureWarning)
WARNING: adata.X seems to be already log-transformed.
/home/zhangpeiru/.conda/envs/MetqQ2/lib/python3.11/site-packages/scanpy/preprocessing/_highly_variable_genes.py:220: FutureWarning: The default of observed=False is deprecated and will be changed to True in a future version of pandas. Pass observed=False to retain current behavior or observed=True to adopt the future default and silence this warning.
  disp_grouped = df.groupby('mean_bin')['dispersions']
/home/zhangpeiru/.conda/envs/MetqQ2/lib/python3.11/site-packages/scanpy/preprocessing/_simple.py:843: UserWarning: Received a view of an AnnData. Making a copy.
  view_to_actual(adata)
/home/zhangpeiru/.conda/envs/MetqQ2/lib/python3.11/site-packages/scanpy/preprocessing/_highly_variable_genes.py:220: FutureWarning: The default of observed=False is deprecated and will be changed to True in a future version of pandas. Pass observed=False to retain current behavior or observed=True to adopt the future default and silence this warning.
  disp_grouped = df.groupby('mean_bin')['dispersions']
/home/zhangpeiru/.conda/envs/MetqQ2/lib/python3.11/site-packages/scanpy/preprocessing/_simple.py:843: UserWarning: Received a view of an AnnData. Making a copy.
  view_to_actual(adata)
=======Loading and Preprocessing Data=======
Data of 2 omics in total
revision_results/cache/subsets/D11_11_GSE194122_rna_2000cells_seed1729_rare-CD14-Mono-abundance0.002-seed765069.h5ad loaded with shape [2000, 3007]
revision_results/cache/subsets/D11_11_GSE194122_atac_2000cells_seed1729_rare-CD14-Mono-abundance0.002-seed765069.h5ad loaded with shape [2000, 30000]
2026-08-29 15:41:31,737 INFO Loading faiss with AVX512 support.
2026-08-29 15:41:31,757 INFO Successfully loaded faiss with AVX512 support.
2026-08-29 15:41:31,760 INFO Failed to load GPU Faiss: name 'GpuIndexIVFFlat' is not defined. Will not load constructor refs for GPU indexes. This is only an error if you're trying to use GPU Faiss.
WARNING clustering 512 points to 40 centroids: please provide at least 1560 training points
GARQ Initialization completed.
/home/zhangpeiru/.conda/envs/MetqQ2/lib/python3.11/site-packages/torch/autograd/__init__.py:251: UserWarning: Memory Efficient attention defaults to a non-deterministic algorithm. To explicitly enable determinism call torch.use_deterministic_algorithms(True, warn_only=False). (Triggered internally at ../aten/src/ATen/native/transformers/cuda/attention_backward.cu:413.)
  Variable._execution_engine.run_backward(  # Calls into the C++ engine to run the backward pass
Epoch 1, RNA: recon_loss=0.2343 , ATAC: recon_loss=0.3708 
/data/zhangpeiru/GARQ_revision/model.py:121: UserWarning: cumsum_cuda_kernel does not have a deterministic implementation, but you set 'torch.use_deterministic_algorithms(True, warn_only=True)'. You can file an issue at https://github.com/pytorch/pytorch/issues to help us prioritize adding deterministic support for this operation. (Triggered internally at ../aten/src/ATen/Context.cpp:71.)
  dis_indices = torch.multinomial(
/data/zhangpeiru/GARQ_revision/data_utils.py:140: UserWarning: The given NumPy array is not writable, and PyTorch does not support non-writable tensors. This means writing to this tensor will result in undefined behavior. You may want to copy the array to protect its data or make it writable before converting it to a tensor. This type of warning will be suppressed for the rest of this program. (Triggered internally at ../torch/csrc/utils/tensor_numpy.cpp:206.)
  type_int = torch.from_numpy(adata.obs[args.type_key].cat.codes.values).long()
/home/zhangpeiru/.conda/envs/MetqQ2/lib/python3.11/site-packages/louvain/__init__.py:54: UserWarning: pkg_resources is deprecated as an API. See https://setuptools.pypa.io/en/latest/pkg_resources.html. The pkg_resources package is slated for removal as early as 2025-11-30. Refrain from using this package or pin to Setuptools<81.
  from pkg_resources import get_distribution, DistributionNotFound
/home/zhangpeiru/.conda/envs/MetqQ2/lib/python3.11/site-packages/anndata/utils.py:434: FutureWarning: Importing read_csv from `anndata` is deprecated. Import anndata.io.read_csv instead.
  warnings.warn(msg, FutureWarning)
/home/zhangpeiru/.conda/envs/MetqQ2/lib/python3.11/site-packages/anndata/utils.py:434: FutureWarning: Importing read_text from `anndata` is deprecated. Import anndata.io.read_text instead.
  warnings.warn(msg, FutureWarning)
/home/zhangpeiru/.conda/envs/MetqQ2/lib/python3.11/site-packages/anndata/utils.py:434: FutureWarning: Importing read_excel from `anndata` is deprecated. Import anndata.io.read_excel instead.
  warnings.warn(msg, FutureWarning)
/home/zhangpeiru/.conda/envs/MetqQ2/lib/python3.11/site-packages/anndata/utils.py:434: FutureWarning: Importing read_mtx from `anndata` is deprecated. Import anndata.io.read_mtx instead.
  warnings.warn(msg, FutureWarning)
/home/zhangpeiru/.conda/envs/MetqQ2/lib/python3.11/site-packages/anndata/utils.py:434: FutureWarning: Importing read_loom from `anndata` is deprecated. Import anndata.io.read_loom instead.
  warnings.warn(msg, FutureWarning)
/home/zhangpeiru/.conda/envs/MetqQ2/lib/python3.11/site-packages/anndata/utils.py:434: FutureWarning: Importing read_hdf from `anndata` is deprecated. Import anndata.io.read_hdf instead.
  warnings.warn(msg, FutureWarning)
/home/zhangpeiru/.conda/envs/MetqQ2/lib/python3.11/site-packages/anndata/utils.py:434: FutureWarning: Importing read_umi_tools from `anndata` is deprecated. Import anndata.io.read_umi_tools instead.
  warnings.warn(msg, FutureWarning)
WARNING: adata.X seems to be already log-transformed.
/home/zhangpeiru/.conda/envs/MetqQ2/lib/python3.11/site-packages/scanpy/preprocessing/_highly_variable_genes.py:220: FutureWarning: The default of observed=False is deprecated and will be changed to True in a future version of pandas. Pass observed=False to retain current behavior or observed=True to adopt the future default and silence this warning.
  disp_grouped = df.groupby('mean_bin')['dispersions']
/home/zhangpeiru/.conda/envs/MetqQ2/lib/python3.11/site-packages/scanpy/preprocessing/_simple.py:843: UserWarning: Received a view of an AnnData. Making a copy.
  view_to_actual(adata)
/home/zhangpeiru/.conda/envs/MetqQ2/lib/python3.11/site-packages/scanpy/preprocessing/_highly_variable_genes.py:220: FutureWarning: The default of observed=False is deprecated and will be changed to True in a future version of pandas. Pass observed=False to retain current behavior or observed=True to adopt the future default and silence this warning.
  disp_grouped = df.groupby('mean_bin')['dispersions']
/home/zhangpeiru/.conda/envs/MetqQ2/lib/python3.11/site-packages/scanpy/preprocessing/_simple.py:843: UserWarning: Received a view of an AnnData. Making a copy.
  view_to_actual(adata)
=======Loading and Preprocessing Data=======
Data of 2 omics in total
revision_results/cache/subsets/D11_11_GSE194122_rna_2000cells_seed1729_rare-CD14-Mono-abundance0.002-seed347343.h5ad loaded with shape [2000, 3007]
revision_results/cache/subsets/D11_11_GSE194122_atac_2000cells_seed1729_rare-CD14-Mono-abundance0.002-seed347343.h5ad loaded with shape [2000, 30000]
2026-08-29 15:41:49,522 INFO Loading faiss with AVX512 support.
2026-08-29 15:41:49,545 INFO Successfully loaded faiss with AVX512 support.
2026-08-29 15:41:49,549 INFO Failed to load GPU Faiss: name 'GpuIndexIVFFlat' is not defined. Will not load constructor refs for GPU indexes. This is only an error if you're trying to use GPU Faiss.
WARNING clustering 512 points to 40 centroids: please provide at least 1560 training points
GARQ Initialization completed.
/home/zhangpeiru/.conda/envs/MetqQ2/lib/python3.11/site-packages/torch/autograd/__init__.py:251: UserWarning: Memory Efficient attention defaults to a non-deterministic algorithm. To explicitly enable determinism call torch.use_deterministic_algorithms(True, warn_only=False). (Triggered internally at ../aten/src/ATen/native/transformers/cuda/attention_backward.cu:413.)
  Variable._execution_engine.run_backward(  # Calls into the C++ engine to run the backward pass
Epoch 1, RNA: recon_loss=0.2345 , ATAC: recon_loss=0.3746 
/data/zhangpeiru/GARQ_revision/model.py:121: UserWarning: cumsum_cuda_kernel does not have a deterministic implementation, but you set 'torch.use_deterministic_algorithms(True, warn_only=True)'. You can file an issue at https://github.com/pytorch/pytorch/issues to help us prioritize adding deterministic support for this operation. (Triggered internally at ../aten/src/ATen/Context.cpp:71.)
  dis_indices = torch.multinomial(
/data/zhangpeiru/GARQ_revision/data_utils.py:140: UserWarning: The given NumPy array is not writable, and PyTorch does not support non-writable tensors. This means writing to this tensor will result in undefined behavior. You may want to copy the array to protect its data or make it writable before converting it to a tensor. This type of warning will be suppressed for the rest of this program. (Triggered internally at ../torch/csrc/utils/tensor_numpy.cpp:206.)
  type_int = torch.from_numpy(adata.obs[args.type_key].cat.codes.values).long()
/home/zhangpeiru/.conda/envs/MetqQ2/lib/python3.11/site-packages/louvain/__init__.py:54: UserWarning: pkg_resources is deprecated as an API. See https://setuptools.pypa.io/en/latest/pkg_resources.html. The pkg_resources package is slated for removal as early as 2025-11-30. Refrain from using this package or pin to Setuptools<81.
  from pkg_resources import get_distribution, DistributionNotFound
/home/zhangpeiru/.conda/envs/MetqQ2/lib/python3.11/site-packages/anndata/utils.py:434: FutureWarning: Importing read_csv from `anndata` is deprecated. Import anndata.io.read_csv instead.
  warnings.warn(msg, FutureWarning)
/home/zhangpeiru/.conda/envs/MetqQ2/lib/python3.11/site-packages/anndata/utils.py:434: FutureWarning: Importing read_text from `anndata` is deprecated. Import anndata.io.read_text instead.
  warnings.warn(msg, FutureWarning)
/home/zhangpeiru/.conda/envs/MetqQ2/lib/python3.11/site-packages/anndata/utils.py:434: FutureWarning: Importing read_excel from `anndata` is deprecated. Import anndata.io.read_excel instead.
  warnings.warn(msg, FutureWarning)
/home/zhangpeiru/.conda/envs/MetqQ2/lib/python3.11/site-packages/anndata/utils.py:434: FutureWarning: Importing read_mtx from `anndata` is deprecated. Import anndata.io.read_mtx instead.
  warnings.warn(msg, FutureWarning)
/home/zhangpeiru/.conda/envs/MetqQ2/lib/python3.11/site-packages/anndata/utils.py:434: FutureWarning: Importing read_loom from `anndata` is deprecated. Import anndata.io.read_loom instead.
  warnings.warn(msg, FutureWarning)
/home/zhangpeiru/.conda/envs/MetqQ2/lib/python3.11/site-packages/anndata/utils.py:434: FutureWarning: Importing read_hdf from `anndata` is deprecated. Import anndata.io.read_hdf instead.
  warnings.warn(msg, FutureWarning)
/home/zhangpeiru/.conda/envs/MetqQ2/lib/python3.11/site-packages/anndata/utils.py:434: FutureWarning: Importing read_umi_tools from `anndata` is deprecated. Import anndata.io.read_umi_tools instead.
  warnings.warn(msg, FutureWarning)
WARNING: adata.X seems to be already log-transformed.
/home/zhangpeiru/.conda/envs/MetqQ2/lib/python3.11/site-packages/scanpy/preprocessing/_highly_variable_genes.py:220: FutureWarning: The default of observed=False is deprecated and will be changed to True in a future version of pandas. Pass observed=False to retain current behavior or observed=True to adopt the future default and silence this warning.
  disp_grouped = df.groupby('mean_bin')['dispersions']
/home/zhangpeiru/.conda/envs/MetqQ2/lib/python3.11/site-packages/scanpy/preprocessing/_simple.py:843: UserWarning: Received a view of an AnnData. Making a copy.
  view_to_actual(adata)
/home/zhangpeiru/.conda/envs/MetqQ2/lib/python3.11/site-packages/scanpy/preprocessing/_highly_variable_genes.py:220: FutureWarning: The default of observed=False is deprecated and will be changed to True in a future version of pandas. Pass observed=False to retain current behavior or observed=True to adopt the future default and silence this warning.
  disp_grouped = df.groupby('mean_bin')['dispersions']
/home/zhangpeiru/.conda/envs/MetqQ2/lib/python3.11/site-packages/scanpy/preprocessing/_simple.py:843: UserWarning: Received a view of an AnnData. Making a copy.
  view_to_actual(adata)
=======Loading and Preprocessing Data=======
Data of 2 omics in total
revision_results/cache/subsets/D11_11_GSE194122_rna_2000cells_seed1729_rare-CD14-Mono-abundance0.002-seed851144.h5ad loaded with shape [2000, 3003]
revision_results/cache/subsets/D11_11_GSE194122_atac_2000cells_seed1729_rare-CD14-Mono-abundance0.002-seed851144.h5ad loaded with shape [2000, 30000]
2026-08-29 15:42:07,515 INFO Loading faiss with AVX512 support.
2026-08-29 15:42:07,539 INFO Successfully loaded faiss with AVX512 support.
2026-08-29 15:42:07,544 INFO Failed to load GPU Faiss: name 'GpuIndexIVFFlat' is not defined. Will not load constructor refs for GPU indexes. This is only an error if you're trying to use GPU Faiss.
WARNING clustering 512 points to 40 centroids: please provide at least 1560 training points
GARQ Initialization completed.
/home/zhangpeiru/.conda/envs/MetqQ2/lib/python3.11/site-packages/torch/autograd/__init__.py:251: UserWarning: Memory Efficient attention defaults to a non-deterministic algorithm. To explicitly enable determinism call torch.use_deterministic_algorithms(True, warn_only=False). (Triggered internally at ../aten/src/ATen/native/transformers/cuda/attention_backward.cu:413.)
  Variable._execution_engine.run_backward(  # Calls into the C++ engine to run the backward pass
Epoch 1, RNA: recon_loss=0.2321 , ATAC: recon_loss=0.3714 
/data/zhangpeiru/GARQ_revision/model.py:121: UserWarning: cumsum_cuda_kernel does not have a deterministic implementation, but you set 'torch.use_deterministic_algorithms(True, warn_only=True)'. You can file an issue at https://github.com/pytorch/pytorch/issues to help us prioritize adding deterministic support for this operation. (Triggered internally at ../aten/src/ATen/Context.cpp:71.)
  dis_indices = torch.multinomial(
/data/zhangpeiru/GARQ_revision/data_utils.py:131: RuntimeWarning: Mean of empty slice.
  [data[meta_ids == i].mean(axis=0) for i in range(meta_ids.max() + 1)]
/home/zhangpeiru/.conda/envs/MetqQ2/lib/python3.11/site-packages/numpy/core/_methods.py:121: RuntimeWarning: invalid value encountered in divide
  ret = um.true_divide(
/data/zhangpeiru/GARQ_revision/data_utils.py:140: UserWarning: The given NumPy array is not writable, and PyTorch does not support non-writable tensors. This means writing to this tensor will result in undefined behavior. You may want to copy the array to protect its data or make it writable before converting it to a tensor. This type of warning will be suppressed for the rest of this program. (Triggered internally at ../torch/csrc/utils/tensor_numpy.cpp:206.)
  type_int = torch.from_numpy(adata.obs[args.type_key].cat.codes.values).long()
/data/zhangpeiru/GARQ_revision/data_utils.py:131: RuntimeWarning: Mean of empty slice.
  [data[meta_ids == i].mean(axis=0) for i in range(meta_ids.max() + 1)]
/home/zhangpeiru/.conda/envs/MetqQ2/lib/python3.11/site-packages/numpy/core/_methods.py:121: RuntimeWarning: invalid value encountered in divide
  ret = um.true_divide(
/home/zhangpeiru/.conda/envs/MetqQ2/lib/python3.11/site-packages/louvain/__init__.py:54: UserWarning: pkg_resources is deprecated as an API. See https://setuptools.pypa.io/en/latest/pkg_resources.html. The pkg_resources package is slated for removal as early as 2025-11-30. Refrain from using this package or pin to Setuptools<81.
  from pkg_resources import get_distribution, DistributionNotFound
/home/zhangpeiru/.conda/envs/MetqQ2/lib/python3.11/site-packages/anndata/utils.py:434: FutureWarning: Importing read_csv from `anndata` is deprecated. Import anndata.io.read_csv instead.
  warnings.warn(msg, FutureWarning)
/home/zhangpeiru/.conda/envs/MetqQ2/lib/python3.11/site-packages/anndata/utils.py:434: FutureWarning: Importing read_text from `anndata` is deprecated. Import anndata.io.read_text instead.
  warnings.warn(msg, FutureWarning)
/home/zhangpeiru/.conda/envs/MetqQ2/lib/python3.11/site-packages/anndata/utils.py:434: FutureWarning: Importing read_excel from `anndata` is deprecated. Import anndata.io.read_excel instead.
  warnings.warn(msg, FutureWarning)
/home/zhangpeiru/.conda/envs/MetqQ2/lib/python3.11/site-packages/anndata/utils.py:434: FutureWarning: Importing read_mtx from `anndata` is deprecated. Import anndata.io.read_mtx instead.
  warnings.warn(msg, FutureWarning)
/home/zhangpeiru/.conda/envs/MetqQ2/lib/python3.11/site-packages/anndata/utils.py:434: FutureWarning: Importing read_loom from `anndata` is deprecated. Import anndata.io.read_loom instead.
  warnings.warn(msg, FutureWarning)
/home/zhangpeiru/.conda/envs/MetqQ2/lib/python3.11/site-packages/anndata/utils.py:434: FutureWarning: Importing read_hdf from `anndata` is deprecated. Import anndata.io.read_hdf instead.
  warnings.warn(msg, FutureWarning)
/home/zhangpeiru/.conda/envs/MetqQ2/lib/python3.11/site-packages/anndata/utils.py:434: FutureWarning: Importing read_umi_tools from `anndata` is deprecated. Import anndata.io.read_umi_tools instead.
  warnings.warn(msg, FutureWarning)
WARNING: adata.X seems to be already log-transformed.
/home/zhangpeiru/.conda/envs/MetqQ2/lib/python3.11/site-packages/scanpy/preprocessing/_highly_variable_genes.py:220: FutureWarning: The default of observed=False is deprecated and will be changed to True in a future version of pandas. Pass observed=False to retain current behavior or observed=True to adopt the future default and silence this warning.
  disp_grouped = df.groupby('mean_bin')['dispersions']
/home/zhangpeiru/.conda/envs/MetqQ2/lib/python3.11/site-packages/scanpy/preprocessing/_simple.py:843: UserWarning: Received a view of an AnnData. Making a copy.
  view_to_actual(adata)
/home/zhangpeiru/.conda/envs/MetqQ2/lib/python3.11/site-packages/scanpy/preprocessing/_highly_variable_genes.py:220: FutureWarning: The default of observed=False is deprecated and will be changed to True in a future version of pandas. Pass observed=False to retain current behavior or observed=True to adopt the future default and silence this warning.
  disp_grouped = df.groupby('mean_bin')['dispersions']
/home/zhangpeiru/.conda/envs/MetqQ2/lib/python3.11/site-packages/scanpy/preprocessing/_simple.py:843: UserWarning: Received a view of an AnnData. Making a copy.
  view_to_actual(adata)
=======Loading and Preprocessing Data=======
Data of 2 omics in total
revision_results/cache/subsets/D11_11_GSE194122_rna_2000cells_seed1729_rare-CD14-Mono-abundance0.002-seed785211.h5ad loaded with shape [2000, 3005]
revision_results/cache/subsets/D11_11_GSE194122_atac_2000cells_seed1729_rare-CD14-Mono-abundance0.002-seed785211.h5ad loaded with shape [2000, 30000]
2026-08-29 15:42:26,472 INFO Loading faiss with AVX512 support.
2026-08-29 15:42:26,492 INFO Successfully loaded faiss with AVX512 support.
2026-08-29 15:42:26,495 INFO Failed to load GPU Faiss: name 'GpuIndexIVFFlat' is not defined. Will not load constructor refs for GPU indexes. This is only an error if you're trying to use GPU Faiss.
WARNING clustering 512 points to 40 centroids: please provide at least 1560 training points
GARQ Initialization completed.
/home/zhangpeiru/.conda/envs/MetqQ2/lib/python3.11/site-packages/torch/autograd/__init__.py:251: UserWarning: Memory Efficient attention defaults to a non-deterministic algorithm. To explicitly enable determinism call torch.use_deterministic_algorithms(True, warn_only=False). (Triggered internally at ../aten/src/ATen/native/transformers/cuda/attention_backward.cu:413.)
  Variable._execution_engine.run_backward(  # Calls into the C++ engine to run the backward pass
Epoch 1, RNA: recon_loss=0.2343 , ATAC: recon_loss=0.3738 
/data/zhangpeiru/GARQ_revision/model.py:121: UserWarning: cumsum_cuda_kernel does not have a deterministic implementation, but you set 'torch.use_deterministic_algorithms(True, warn_only=True)'. You can file an issue at https://github.com/pytorch/pytorch/issues to help us prioritize adding deterministic support for this operation. (Triggered internally at ../aten/src/ATen/Context.cpp:71.)
  dis_indices = torch.multinomial(
/data/zhangpeiru/GARQ_revision/data_utils.py:131: RuntimeWarning: Mean of empty slice.
  [data[meta_ids == i].mean(axis=0) for i in range(meta_ids.max() + 1)]
/home/zhangpeiru/.conda/envs/MetqQ2/lib/python3.11/site-packages/numpy/core/_methods.py:121: RuntimeWarning: invalid value encountered in divide
  ret = um.true_divide(
/data/zhangpeiru/GARQ_revision/data_utils.py:140: UserWarning: The given NumPy array is not writable, and PyTorch does not support non-writable tensors. This means writing to this tensor will result in undefined behavior. You may want to copy the array to protect its data or make it writable before converting it to a tensor. This type of warning will be suppressed for the rest of this program. (Triggered internally at ../torch/csrc/utils/tensor_numpy.cpp:206.)
  type_int = torch.from_numpy(adata.obs[args.type_key].cat.codes.values).long()
/data/zhangpeiru/GARQ_revision/data_utils.py:131: RuntimeWarning: Mean of empty slice.
  [data[meta_ids == i].mean(axis=0) for i in range(meta_ids.max() + 1)]
/home/zhangpeiru/.conda/envs/MetqQ2/lib/python3.11/site-packages/numpy/core/_methods.py:121: RuntimeWarning: invalid value encountered in divide
  ret = um.true_divide(
/home/zhangpeiru/.conda/envs/MetqQ2/lib/python3.11/site-packages/louvain/__init__.py:54: UserWarning: pkg_resources is deprecated as an API. See https://setuptools.pypa.io/en/latest/pkg_resources.html. The pkg_resources package is slated for removal as early as 2025-11-30. Refrain from using this package or pin to Setuptools<81.
  from pkg_resources import get_distribution, DistributionNotFound
/home/zhangpeiru/.conda/envs/MetqQ2/lib/python3.11/site-packages/anndata/utils.py:434: FutureWarning: Importing read_csv from `anndata` is deprecated. Import anndata.io.read_csv instead.
  warnings.warn(msg, FutureWarning)
/home/zhangpeiru/.conda/envs/MetqQ2/lib/python3.11/site-packages/anndata/utils.py:434: FutureWarning: Importing read_text from `anndata` is deprecated. Import anndata.io.read_text instead.
  warnings.warn(msg, FutureWarning)
/home/zhangpeiru/.conda/envs/MetqQ2/lib/python3.11/site-packages/anndata/utils.py:434: FutureWarning: Importing read_excel from `anndata` is deprecated. Import anndata.io.read_excel instead.
  warnings.warn(msg, FutureWarning)
/home/zhangpeiru/.conda/envs/MetqQ2/lib/python3.11/site-packages/anndata/utils.py:434: FutureWarning: Importing read_mtx from `anndata` is deprecated. Import anndata.io.read_mtx instead.
  warnings.warn(msg, FutureWarning)
/home/zhangpeiru/.conda/envs/MetqQ2/lib/python3.11/site-packages/anndata/utils.py:434: FutureWarning: Importing read_loom from `anndata` is deprecated. Import anndata.io.read_loom instead.
  warnings.warn(msg, FutureWarning)
/home/zhangpeiru/.conda/envs/MetqQ2/lib/python3.11/site-packages/anndata/utils.py:434: FutureWarning: Importing read_hdf from `anndata` is deprecated. Import anndata.io.read_hdf instead.
  warnings.warn(msg, FutureWarning)
/home/zhangpeiru/.conda/envs/MetqQ2/lib/python3.11/site-packages/anndata/utils.py:434: FutureWarning: Importing read_umi_tools from `anndata` is deprecated. Import anndata.io.read_umi_tools instead.
  warnings.warn(msg, FutureWarning)
WARNING: adata.X seems to be already log-transformed.
/home/zhangpeiru/.conda/envs/MetqQ2/lib/python3.11/site-packages/scanpy/preprocessing/_highly_variable_genes.py:220: FutureWarning: The default of observed=False is deprecated and will be changed to True in a future version of pandas. Pass observed=False to retain current behavior or observed=True to adopt the future default and silence this warning.
  disp_grouped = df.groupby('mean_bin')['dispersions']
/home/zhangpeiru/.conda/envs/MetqQ2/lib/python3.11/site-packages/scanpy/preprocessing/_simple.py:843: UserWarning: Received a view of an AnnData. Making a copy.
  view_to_actual(adata)
/home/zhangpeiru/.conda/envs/MetqQ2/lib/python3.11/site-packages/scanpy/preprocessing/_highly_variable_genes.py:220: FutureWarning: The default of observed=False is deprecated and will be changed to True in a future version of pandas. Pass observed=False to retain current behavior or observed=True to adopt the future default and silence this warning.
  disp_grouped = df.groupby('mean_bin')['dispersions']
/home/zhangpeiru/.conda/envs/MetqQ2/lib/python3.11/site-packages/scanpy/preprocessing/_simple.py:843: UserWarning: Received a view of an AnnData. Making a copy.
  view_to_actual(adata)
=======Loading and Preprocessing Data=======
Data of 2 omics in total
revision_results/cache/subsets/D11_11_GSE194122_rna_2000cells_seed1729_rare-CD14-Mono-abundance0.002-seed156674.h5ad loaded with shape [2000, 3007]
revision_results/cache/subsets/D11_11_GSE194122_atac_2000cells_seed1729_rare-CD14-Mono-abundance0.002-seed156674.h5ad loaded with shape [2000, 30000]
2026-08-29 15:42:45,505 INFO Loading faiss with AVX512 support.
2026-08-29 15:42:45,524 INFO Successfully loaded faiss with AVX512 support.
2026-08-29 15:42:45,527 INFO Failed to load GPU Faiss: name 'GpuIndexIVFFlat' is not defined. Will not load constructor refs for GPU indexes. This is only an error if you're trying to use GPU Faiss.
WARNING clustering 512 points to 40 centroids: please provide at least 1560 training points
GARQ Initialization completed.
/home/zhangpeiru/.conda/envs/MetqQ2/lib/python3.11/site-packages/torch/autograd/__init__.py:251: UserWarning: Memory Efficient attention defaults to a non-deterministic algorithm. To explicitly enable determinism call torch.use_deterministic_algorithms(True, warn_only=False). (Triggered internally at ../aten/src/ATen/native/transformers/cuda/attention_backward.cu:413.)
  Variable._execution_engine.run_backward(  # Calls into the C++ engine to run the backward pass
Epoch 1, RNA: recon_loss=0.2399 , ATAC: recon_loss=0.3706 
/data/zhangpeiru/GARQ_revision/model.py:121: UserWarning: cumsum_cuda_kernel does not have a deterministic implementation, but you set 'torch.use_deterministic_algorithms(True, warn_only=True)'. You can file an issue at https://github.com/pytorch/pytorch/issues to help us prioritize adding deterministic support for this operation. (Triggered internally at ../aten/src/ATen/Context.cpp:71.)
  dis_indices = torch.multinomial(
/data/zhangpeiru/GARQ_revision/data_utils.py:140: UserWarning: The given NumPy array is not writable, and PyTorch does not support non-writable tensors. This means writing to this tensor will result in undefined behavior. You may want to copy the array to protect its data or make it writable before converting it to a tensor. This type of warning will be suppressed for the rest of this program. (Triggered internally at ../torch/csrc/utils/tensor_numpy.cpp:206.)
  type_int = torch.from_numpy(adata.obs[args.type_key].cat.codes.values).long()
/home/zhangpeiru/.conda/envs/MetqQ2/lib/python3.11/site-packages/louvain/__init__.py:54: UserWarning: pkg_resources is deprecated as an API. See https://setuptools.pypa.io/en/latest/pkg_resources.html. The pkg_resources package is slated for removal as early as 2025-11-30. Refrain from using this package or pin to Setuptools<81.
  from pkg_resources import get_distribution, DistributionNotFound
/home/zhangpeiru/.conda/envs/MetqQ2/lib/python3.11/site-packages/anndata/utils.py:434: FutureWarning: Importing read_csv from `anndata` is deprecated. Import anndata.io.read_csv instead.
  warnings.warn(msg, FutureWarning)
/home/zhangpeiru/.conda/envs/MetqQ2/lib/python3.11/site-packages/anndata/utils.py:434: FutureWarning: Importing read_text from `anndata` is deprecated. Import anndata.io.read_text instead.
  warnings.warn(msg, FutureWarning)
/home/zhangpeiru/.conda/envs/MetqQ2/lib/python3.11/site-packages/anndata/utils.py:434: FutureWarning: Importing read_excel from `anndata` is deprecated. Import anndata.io.read_excel instead.
  warnings.warn(msg, FutureWarning)
/home/zhangpeiru/.conda/envs/MetqQ2/lib/python3.11/site-packages/anndata/utils.py:434: FutureWarning: Importing read_mtx from `anndata` is deprecated. Import anndata.io.read_mtx instead.
  warnings.warn(msg, FutureWarning)
/home/zhangpeiru/.conda/envs/MetqQ2/lib/python3.11/site-packages/anndata/utils.py:434: FutureWarning: Importing read_loom from `anndata` is deprecated. Import anndata.io.read_loom instead.
  warnings.warn(msg, FutureWarning)
/home/zhangpeiru/.conda/envs/MetqQ2/lib/python3.11/site-packages/anndata/utils.py:434: FutureWarning: Importing read_hdf from `anndata` is deprecated. Import anndata.io.read_hdf instead.
  warnings.warn(msg, FutureWarning)
/home/zhangpeiru/.conda/envs/MetqQ2/lib/python3.11/site-packages/anndata/utils.py:434: FutureWarning: Importing read_umi_tools from `anndata` is deprecated. Import anndata.io.read_umi_tools instead.
  warnings.warn(msg, FutureWarning)
WARNING: adata.X seems to be already log-transformed.
/home/zhangpeiru/.conda/envs/MetqQ2/lib/python3.11/site-packages/scanpy/preprocessing/_highly_variable_genes.py:220: FutureWarning: The default of observed=False is deprecated and will be changed to True in a future version of pandas. Pass observed=False to retain current behavior or observed=True to adopt the future default and silence this warning.
  disp_grouped = df.groupby('mean_bin')['dispersions']
/home/zhangpeiru/.conda/envs/MetqQ2/lib/python3.11/site-packages/scanpy/preprocessing/_simple.py:843: UserWarning: Received a view of an AnnData. Making a copy.
  view_to_actual(adata)
/home/zhangpeiru/.conda/envs/MetqQ2/lib/python3.11/site-packages/scanpy/preprocessing/_highly_variable_genes.py:220: FutureWarning: The default of observed=False is deprecated and will be changed to True in a future version of pandas. Pass observed=False to retain current behavior or observed=True to adopt the future default and silence this warning.
  disp_grouped = df.groupby('mean_bin')['dispersions']
/home/zhangpeiru/.conda/envs/MetqQ2/lib/python3.11/site-packages/scanpy/preprocessing/_simple.py:843: UserWarning: Received a view of an AnnData. Making a copy.
  view_to_actual(adata)
=======Loading and Preprocessing Data=======
Data of 2 omics in total
revision_results/cache/subsets/D11_11_GSE194122_rna_2000cells_seed1729_rare-CD14-Mono-abundance0.005-seed771014.h5ad loaded with shape [2000, 3006]
revision_results/cache/subsets/D11_11_GSE194122_atac_2000cells_seed1729_rare-CD14-Mono-abundance0.005-seed771014.h5ad loaded with shape [2000, 30000]
2026-08-29 15:43:03,799 INFO Loading faiss with AVX512 support.
2026-08-29 15:43:03,821 INFO Successfully loaded faiss with AVX512 support.
2026-08-29 15:43:03,825 INFO Failed to load GPU Faiss: name 'GpuIndexIVFFlat' is not defined. Will not load constructor refs for GPU indexes. This is only an error if you're trying to use GPU Faiss.
WARNING clustering 512 points to 40 centroids: please provide at least 1560 training points
GARQ Initialization completed.
/home/zhangpeiru/.conda/envs/MetqQ2/lib/python3.11/site-packages/torch/autograd/__init__.py:251: UserWarning: Memory Efficient attention defaults to a non-deterministic algorithm. To explicitly enable determinism call torch.use_deterministic_algorithms(True, warn_only=False). (Triggered internally at ../aten/src/ATen/native/transformers/cuda/attention_backward.cu:413.)
  Variable._execution_engine.run_backward(  # Calls into the C++ engine to run the backward pass
Epoch 1, RNA: recon_loss=0.2366 , ATAC: recon_loss=0.3695 
/data/zhangpeiru/GARQ_revision/model.py:121: UserWarning: cumsum_cuda_kernel does not have a deterministic implementation, but you set 'torch.use_deterministic_algorithms(True, warn_only=True)'. You can file an issue at https://github.com/pytorch/pytorch/issues to help us prioritize adding deterministic support for this operation. (Triggered internally at ../aten/src/ATen/Context.cpp:71.)
  dis_indices = torch.multinomial(
/data/zhangpeiru/GARQ_revision/data_utils.py:140: UserWarning: The given NumPy array is not writable, and PyTorch does not support non-writable tensors. This means writing to this tensor will result in undefined behavior. You may want to copy the array to protect its data or make it writable before converting it to a tensor. This type of warning will be suppressed for the rest of this program. (Triggered internally at ../torch/csrc/utils/tensor_numpy.cpp:206.)
  type_int = torch.from_numpy(adata.obs[args.type_key].cat.codes.values).long()
/home/zhangpeiru/.conda/envs/MetqQ2/lib/python3.11/site-packages/louvain/__init__.py:54: UserWarning: pkg_resources is deprecated as an API. See https://setuptools.pypa.io/en/latest/pkg_resources.html. The pkg_resources package is slated for removal as early as 2025-11-30. Refrain from using this package or pin to Setuptools<81.
  from pkg_resources import get_distribution, DistributionNotFound
/home/zhangpeiru/.conda/envs/MetqQ2/lib/python3.11/site-packages/anndata/utils.py:434: FutureWarning: Importing read_csv from `anndata` is deprecated. Import anndata.io.read_csv instead.
  warnings.warn(msg, FutureWarning)
/home/zhangpeiru/.conda/envs/MetqQ2/lib/python3.11/site-packages/anndata/utils.py:434: FutureWarning: Importing read_text from `anndata` is deprecated. Import anndata.io.read_text instead.
  warnings.warn(msg, FutureWarning)
/home/zhangpeiru/.conda/envs/MetqQ2/lib/python3.11/site-packages/anndata/utils.py:434: FutureWarning: Importing read_excel from `anndata` is deprecated. Import anndata.io.read_excel instead.
  warnings.warn(msg, FutureWarning)
/home/zhangpeiru/.conda/envs/MetqQ2/lib/python3.11/site-packages/anndata/utils.py:434: FutureWarning: Importing read_mtx from `anndata` is deprecated. Import anndata.io.read_mtx instead.
  warnings.warn(msg, FutureWarning)
/home/zhangpeiru/.conda/envs/MetqQ2/lib/python3.11/site-packages/anndata/utils.py:434: FutureWarning: Importing read_loom from `anndata` is deprecated. Import anndata.io.read_loom instead.
  warnings.warn(msg, FutureWarning)
/home/zhangpeiru/.conda/envs/MetqQ2/lib/python3.11/site-packages/anndata/utils.py:434: FutureWarning: Importing read_hdf from `anndata` is deprecated. Import anndata.io.read_hdf instead.
  warnings.warn(msg, FutureWarning)
/home/zhangpeiru/.conda/envs/MetqQ2/lib/python3.11/site-packages/anndata/utils.py:434: FutureWarning: Importing read_umi_tools from `anndata` is deprecated. Import anndata.io.read_umi_tools instead.
  warnings.warn(msg, FutureWarning)
WARNING: adata.X seems to be already log-transformed.
/home/zhangpeiru/.conda/envs/MetqQ2/lib/python3.11/site-packages/scanpy/preprocessing/_highly_variable_genes.py:220: FutureWarning: The default of observed=False is deprecated and will be changed to True in a future version of pandas. Pass observed=False to retain current behavior or observed=True to adopt the future default and silence this warning.
  disp_grouped = df.groupby('mean_bin')['dispersions']
/home/zhangpeiru/.conda/envs/MetqQ2/lib/python3.11/site-packages/scanpy/preprocessing/_simple.py:843: UserWarning: Received a view of an AnnData. Making a copy.
  view_to_actual(adata)
/home/zhangpeiru/.conda/envs/MetqQ2/lib/python3.11/site-packages/scanpy/preprocessing/_highly_variable_genes.py:220: FutureWarning: The default of observed=False is deprecated and will be changed to True in a future version of pandas. Pass observed=False to retain current behavior or observed=True to adopt the future default and silence this warning.
  disp_grouped = df.groupby('mean_bin')['dispersions']
/home/zhangpeiru/.conda/envs/MetqQ2/lib/python3.11/site-packages/scanpy/preprocessing/_simple.py:843: UserWarning: Received a view of an AnnData. Making a copy.
  view_to_actual(adata)
=======Loading and Preprocessing Data=======
Data of 2 omics in total
revision_results/cache/subsets/D11_11_GSE194122_rna_2000cells_seed1729_rare-CD14-Mono-abundance0.005-seed520690.h5ad loaded with shape [2000, 3006]
revision_results/cache/subsets/D11_11_GSE194122_atac_2000cells_seed1729_rare-CD14-Mono-abundance0.005-seed520690.h5ad loaded with shape [2000, 30000]
2026-08-29 15:43:22,263 INFO Loading faiss with AVX512 support.
2026-08-29 15:43:22,287 INFO Successfully loaded faiss with AVX512 support.
2026-08-29 15:43:22,291 INFO Failed to load GPU Faiss: name 'GpuIndexIVFFlat' is not defined. Will not load constructor refs for GPU indexes. This is only an error if you're trying to use GPU Faiss.
WARNING clustering 512 points to 40 centroids: please provide at least 1560 training points
GARQ Initialization completed.
/home/zhangpeiru/.conda/envs/MetqQ2/lib/python3.11/site-packages/torch/autograd/__init__.py:251: UserWarning: Memory Efficient attention defaults to a non-deterministic algorithm. To explicitly enable determinism call torch.use_deterministic_algorithms(True, warn_only=False). (Triggered internally at ../aten/src/ATen/native/transformers/cuda/attention_backward.cu:413.)
  Variable._execution_engine.run_backward(  # Calls into the C++ engine to run the backward pass
Epoch 1, RNA: recon_loss=0.2313 , ATAC: recon_loss=0.3733 
/data/zhangpeiru/GARQ_revision/model.py:121: UserWarning: cumsum_cuda_kernel does not have a deterministic implementation, but you set 'torch.use_deterministic_algorithms(True, warn_only=True)'. You can file an issue at https://github.com/pytorch/pytorch/issues to help us prioritize adding deterministic support for this operation. (Triggered internally at ../aten/src/ATen/Context.cpp:71.)
  dis_indices = torch.multinomial(
/data/zhangpeiru/GARQ_revision/data_utils.py:140: UserWarning: The given NumPy array is not writable, and PyTorch does not support non-writable tensors. This means writing to this tensor will result in undefined behavior. You may want to copy the array to protect its data or make it writable before converting it to a tensor. This type of warning will be suppressed for the rest of this program. (Triggered internally at ../torch/csrc/utils/tensor_numpy.cpp:206.)
  type_int = torch.from_numpy(adata.obs[args.type_key].cat.codes.values).long()
/home/zhangpeiru/.conda/envs/MetqQ2/lib/python3.11/site-packages/louvain/__init__.py:54: UserWarning: pkg_resources is deprecated as an API. See https://setuptools.pypa.io/en/latest/pkg_resources.html. The pkg_resources package is slated for removal as early as 2025-11-30. Refrain from using this package or pin to Setuptools<81.
  from pkg_resources import get_distribution, DistributionNotFound
/home/zhangpeiru/.conda/envs/MetqQ2/lib/python3.11/site-packages/anndata/utils.py:434: FutureWarning: Importing read_csv from `anndata` is deprecated. Import anndata.io.read_csv instead.
  warnings.warn(msg, FutureWarning)
/home/zhangpeiru/.conda/envs/MetqQ2/lib/python3.11/site-packages/anndata/utils.py:434: FutureWarning: Importing read_text from `anndata` is deprecated. Import anndata.io.read_text instead.
  warnings.warn(msg, FutureWarning)
/home/zhangpeiru/.conda/envs/MetqQ2/lib/python3.11/site-packages/anndata/utils.py:434: FutureWarning: Importing read_excel from `anndata` is deprecated. Import anndata.io.read_excel instead.
  warnings.warn(msg, FutureWarning)
/home/zhangpeiru/.conda/envs/MetqQ2/lib/python3.11/site-packages/anndata/utils.py:434: FutureWarning: Importing read_mtx from `anndata` is deprecated. Import anndata.io.read_mtx instead.
  warnings.warn(msg, FutureWarning)
/home/zhangpeiru/.conda/envs/MetqQ2/lib/python3.11/site-packages/anndata/utils.py:434: FutureWarning: Importing read_loom from `anndata` is deprecated. Import anndata.io.read_loom instead.
  warnings.warn(msg, FutureWarning)
/home/zhangpeiru/.conda/envs/MetqQ2/lib/python3.11/site-packages/anndata/utils.py:434: FutureWarning: Importing read_hdf from `anndata` is deprecated. Import anndata.io.read_hdf instead.
  warnings.warn(msg, FutureWarning)
/home/zhangpeiru/.conda/envs/MetqQ2/lib/python3.11/site-packages/anndata/utils.py:434: FutureWarning: Importing read_umi_tools from `anndata` is deprecated. Import anndata.io.read_umi_tools instead.
  warnings.warn(msg, FutureWarning)
WARNING: adata.X seems to be already log-transformed.
/home/zhangpeiru/.conda/envs/MetqQ2/lib/python3.11/site-packages/scanpy/preprocessing/_highly_variable_genes.py:220: FutureWarning: The default of observed=False is deprecated and will be changed to True in a future version of pandas. Pass observed=False to retain current behavior or observed=True to adopt the future default and silence this warning.
  disp_grouped = df.groupby('mean_bin')['dispersions']
/home/zhangpeiru/.conda/envs/MetqQ2/lib/python3.11/site-packages/scanpy/preprocessing/_simple.py:843: UserWarning: Received a view of an AnnData. Making a copy.
  view_to_actual(adata)
/home/zhangpeiru/.conda/envs/MetqQ2/lib/python3.11/site-packages/scanpy/preprocessing/_highly_variable_genes.py:220: FutureWarning: The default of observed=False is deprecated and will be changed to True in a future version of pandas. Pass observed=False to retain current behavior or observed=True to adopt the future default and silence this warning.
  disp_grouped = df.groupby('mean_bin')['dispersions']
/home/zhangpeiru/.conda/envs/MetqQ2/lib/python3.11/site-packages/scanpy/preprocessing/_simple.py:843: UserWarning: Received a view of an AnnData. Making a copy.
  view_to_actual(adata)
=======Loading and Preprocessing Data=======
Data of 2 omics in total
revision_results/cache/subsets/D11_11_GSE194122_rna_2000cells_seed1729_rare-CD14-Mono-abundance0.005-seed171967.h5ad loaded with shape [2000, 3004]
revision_results/cache/subsets/D11_11_GSE194122_atac_2000cells_seed1729_rare-CD14-Mono-abundance0.005-seed171967.h5ad loaded with shape [2000, 30000]
2026-08-29 15:43:40,775 INFO Loading faiss with AVX512 support.
2026-08-29 15:43:40,797 INFO Successfully loaded faiss with AVX512 support.
2026-08-29 15:43:40,801 INFO Failed to load GPU Faiss: name 'GpuIndexIVFFlat' is not defined. Will not load constructor refs for GPU indexes. This is only an error if you're trying to use GPU Faiss.
WARNING clustering 512 points to 40 centroids: please provide at least 1560 training points
GARQ Initialization completed.
/home/zhangpeiru/.conda/envs/MetqQ2/lib/python3.11/site-packages/torch/autograd/__init__.py:251: UserWarning: Memory Efficient attention defaults to a non-deterministic algorithm. To explicitly enable determinism call torch.use_deterministic_algorithms(True, warn_only=False). (Triggered internally at ../aten/src/ATen/native/transformers/cuda/attention_backward.cu:413.)
  Variable._execution_engine.run_backward(  # Calls into the C++ engine to run the backward pass
Epoch 1, RNA: recon_loss=0.2366 , ATAC: recon_loss=0.3683 
/data/zhangpeiru/GARQ_revision/model.py:121: UserWarning: cumsum_cuda_kernel does not have a deterministic implementation, but you set 'torch.use_deterministic_algorithms(True, warn_only=True)'. You can file an issue at https://github.com/pytorch/pytorch/issues to help us prioritize adding deterministic support for this operation. (Triggered internally at ../aten/src/ATen/Context.cpp:71.)
  dis_indices = torch.multinomial(
/data/zhangpeiru/GARQ_revision/data_utils.py:131: RuntimeWarning: Mean of empty slice.
  [data[meta_ids == i].mean(axis=0) for i in range(meta_ids.max() + 1)]
/home/zhangpeiru/.conda/envs/MetqQ2/lib/python3.11/site-packages/numpy/core/_methods.py:121: RuntimeWarning: invalid value encountered in divide
  ret = um.true_divide(
/data/zhangpeiru/GARQ_revision/data_utils.py:140: UserWarning: The given NumPy array is not writable, and PyTorch does not support non-writable tensors. This means writing to this tensor will result in undefined behavior. You may want to copy the array to protect its data or make it writable before converting it to a tensor. This type of warning will be suppressed for the rest of this program. (Triggered internally at ../torch/csrc/utils/tensor_numpy.cpp:206.)
  type_int = torch.from_numpy(adata.obs[args.type_key].cat.codes.values).long()
/data/zhangpeiru/GARQ_revision/data_utils.py:131: RuntimeWarning: Mean of empty slice.
  [data[meta_ids == i].mean(axis=0) for i in range(meta_ids.max() + 1)]
/home/zhangpeiru/.conda/envs/MetqQ2/lib/python3.11/site-packages/numpy/core/_methods.py:121: RuntimeWarning: invalid value encountered in divide
  ret = um.true_divide(
/home/zhangpeiru/.conda/envs/MetqQ2/lib/python3.11/site-packages/louvain/__init__.py:54: UserWarning: pkg_resources is deprecated as an API. See https://setuptools.pypa.io/en/latest/pkg_resources.html. The pkg_resources package is slated for removal as early as 2025-11-30. Refrain from using this package or pin to Setuptools<81.
  from pkg_resources import get_distribution, DistributionNotFound
/home/zhangpeiru/.conda/envs/MetqQ2/lib/python3.11/site-packages/anndata/utils.py:434: FutureWarning: Importing read_csv from `anndata` is deprecated. Import anndata.io.read_csv instead.
  warnings.warn(msg, FutureWarning)
/home/zhangpeiru/.conda/envs/MetqQ2/lib/python3.11/site-packages/anndata/utils.py:434: FutureWarning: Importing read_text from `anndata` is deprecated. Import anndata.io.read_text instead.
  warnings.warn(msg, FutureWarning)
/home/zhangpeiru/.conda/envs/MetqQ2/lib/python3.11/site-packages/anndata/utils.py:434: FutureWarning: Importing read_excel from `anndata` is deprecated. Import anndata.io.read_excel instead.
  warnings.warn(msg, FutureWarning)
/home/zhangpeiru/.conda/envs/MetqQ2/lib/python3.11/site-packages/anndata/utils.py:434: FutureWarning: Importing read_mtx from `anndata` is deprecated. Import anndata.io.read_mtx instead.
  warnings.warn(msg, FutureWarning)
/home/zhangpeiru/.conda/envs/MetqQ2/lib/python3.11/site-packages/anndata/utils.py:434: FutureWarning: Importing read_loom from `anndata` is deprecated. Import anndata.io.read_loom instead.
  warnings.warn(msg, FutureWarning)
/home/zhangpeiru/.conda/envs/MetqQ2/lib/python3.11/site-packages/anndata/utils.py:434: FutureWarning: Importing read_hdf from `anndata` is deprecated. Import anndata.io.read_hdf instead.
  warnings.warn(msg, FutureWarning)
/home/zhangpeiru/.conda/envs/MetqQ2/lib/python3.11/site-packages/anndata/utils.py:434: FutureWarning: Importing read_umi_tools from `anndata` is deprecated. Import anndata.io.read_umi_tools instead.
  warnings.warn(msg, FutureWarning)
WARNING: adata.X seems to be already log-transformed.
/home/zhangpeiru/.conda/envs/MetqQ2/lib/python3.11/site-packages/scanpy/preprocessing/_highly_variable_genes.py:220: FutureWarning: The default of observed=False is deprecated and will be changed to True in a future version of pandas. Pass observed=False to retain current behavior or observed=True to adopt the future default and silence this warning.
  disp_grouped = df.groupby('mean_bin')['dispersions']
/home/zhangpeiru/.conda/envs/MetqQ2/lib/python3.11/site-packages/scanpy/preprocessing/_simple.py:843: UserWarning: Received a view of an AnnData. Making a copy.
  view_to_actual(adata)
/home/zhangpeiru/.conda/envs/MetqQ2/lib/python3.11/site-packages/scanpy/preprocessing/_highly_variable_genes.py:220: FutureWarning: The default of observed=False is deprecated and will be changed to True in a future version of pandas. Pass observed=False to retain current behavior or observed=True to adopt the future default and silence this warning.
  disp_grouped = df.groupby('mean_bin')['dispersions']
/home/zhangpeiru/.conda/envs/MetqQ2/lib/python3.11/site-packages/scanpy/preprocessing/_simple.py:843: UserWarning: Received a view of an AnnData. Making a copy.
  view_to_actual(adata)
=======Loading and Preprocessing Data=======
Data of 2 omics in total
revision_results/cache/subsets/D11_11_GSE194122_rna_2000cells_seed1729_rare-CD14-Mono-abundance0.005-seed875308.h5ad loaded with shape [2000, 3006]
revision_results/cache/subsets/D11_11_GSE194122_atac_2000cells_seed1729_rare-CD14-Mono-abundance0.005-seed875308.h5ad loaded with shape [2000, 30000]
2026-08-29 15:43:59,771 INFO Loading faiss with AVX512 support.
2026-08-29 15:43:59,791 INFO Successfully loaded faiss with AVX512 support.
2026-08-29 15:43:59,796 INFO Failed to load GPU Faiss: name 'GpuIndexIVFFlat' is not defined. Will not load constructor refs for GPU indexes. This is only an error if you're trying to use GPU Faiss.
WARNING clustering 512 points to 40 centroids: please provide at least 1560 training points
GARQ Initialization completed.
/home/zhangpeiru/.conda/envs/MetqQ2/lib/python3.11/site-packages/torch/autograd/__init__.py:251: UserWarning: Memory Efficient attention defaults to a non-deterministic algorithm. To explicitly enable determinism call torch.use_deterministic_algorithms(True, warn_only=False). (Triggered internally at ../aten/src/ATen/native/transformers/cuda/attention_backward.cu:413.)
  Variable._execution_engine.run_backward(  # Calls into the C++ engine to run the backward pass
Epoch 1, RNA: recon_loss=0.2348 , ATAC: recon_loss=0.3675 
/data/zhangpeiru/GARQ_revision/model.py:121: UserWarning: cumsum_cuda_kernel does not have a deterministic implementation, but you set 'torch.use_deterministic_algorithms(True, warn_only=True)'. You can file an issue at https://github.com/pytorch/pytorch/issues to help us prioritize adding deterministic support for this operation. (Triggered internally at ../aten/src/ATen/Context.cpp:71.)
  dis_indices = torch.multinomial(
/data/zhangpeiru/GARQ_revision/data_utils.py:140: UserWarning: The given NumPy array is not writable, and PyTorch does not support non-writable tensors. This means writing to this tensor will result in undefined behavior. You may want to copy the array to protect its data or make it writable before converting it to a tensor. This type of warning will be suppressed for the rest of this program. (Triggered internally at ../torch/csrc/utils/tensor_numpy.cpp:206.)
  type_int = torch.from_numpy(adata.obs[args.type_key].cat.codes.values).long()
/home/zhangpeiru/.conda/envs/MetqQ2/lib/python3.11/site-packages/louvain/__init__.py:54: UserWarning: pkg_resources is deprecated as an API. See https://setuptools.pypa.io/en/latest/pkg_resources.html. The pkg_resources package is slated for removal as early as 2025-11-30. Refrain from using this package or pin to Setuptools<81.
  from pkg_resources import get_distribution, DistributionNotFound
/home/zhangpeiru/.conda/envs/MetqQ2/lib/python3.11/site-packages/anndata/utils.py:434: FutureWarning: Importing read_csv from `anndata` is deprecated. Import anndata.io.read_csv instead.
  warnings.warn(msg, FutureWarning)
/home/zhangpeiru/.conda/envs/MetqQ2/lib/python3.11/site-packages/anndata/utils.py:434: FutureWarning: Importing read_text from `anndata` is deprecated. Import anndata.io.read_text instead.
  warnings.warn(msg, FutureWarning)
/home/zhangpeiru/.conda/envs/MetqQ2/lib/python3.11/site-packages/anndata/utils.py:434: FutureWarning: Importing read_excel from `anndata` is deprecated. Import anndata.io.read_excel instead.
  warnings.warn(msg, FutureWarning)
/home/zhangpeiru/.conda/envs/MetqQ2/lib/python3.11/site-packages/anndata/utils.py:434: FutureWarning: Importing read_mtx from `anndata` is deprecated. Import anndata.io.read_mtx instead.
  warnings.warn(msg, FutureWarning)
/home/zhangpeiru/.conda/envs/MetqQ2/lib/python3.11/site-packages/anndata/utils.py:434: FutureWarning: Importing read_loom from `anndata` is deprecated. Import anndata.io.read_loom instead.
  warnings.warn(msg, FutureWarning)
/home/zhangpeiru/.conda/envs/MetqQ2/lib/python3.11/site-packages/anndata/utils.py:434: FutureWarning: Importing read_hdf from `anndata` is deprecated. Import anndata.io.read_hdf instead.
  warnings.warn(msg, FutureWarning)
/home/zhangpeiru/.conda/envs/MetqQ2/lib/python3.11/site-packages/anndata/utils.py:434: FutureWarning: Importing read_umi_tools from `anndata` is deprecated. Import anndata.io.read_umi_tools instead.
  warnings.warn(msg, FutureWarning)
WARNING: adata.X seems to be already log-transformed.
/home/zhangpeiru/.conda/envs/MetqQ2/lib/python3.11/site-packages/scanpy/preprocessing/_highly_variable_genes.py:220: FutureWarning: The default of observed=False is deprecated and will be changed to True in a future version of pandas. Pass observed=False to retain current behavior or observed=True to adopt the future default and silence this warning.
  disp_grouped = df.groupby('mean_bin')['dispersions']
/home/zhangpeiru/.conda/envs/MetqQ2/lib/python3.11/site-packages/scanpy/preprocessing/_simple.py:843: UserWarning: Received a view of an AnnData. Making a copy.
  view_to_actual(adata)
/home/zhangpeiru/.conda/envs/MetqQ2/lib/python3.11/site-packages/scanpy/preprocessing/_highly_variable_genes.py:220: FutureWarning: The default of observed=False is deprecated and will be changed to True in a future version of pandas. Pass observed=False to retain current behavior or observed=True to adopt the future default and silence this warning.
  disp_grouped = df.groupby('mean_bin')['dispersions']
/home/zhangpeiru/.conda/envs/MetqQ2/lib/python3.11/site-packages/scanpy/preprocessing/_simple.py:843: UserWarning: Received a view of an AnnData. Making a copy.
  view_to_actual(adata)
=======Loading and Preprocessing Data=======
Data of 2 omics in total
revision_results/cache/subsets/D11_11_GSE194122_rna_2000cells_seed1729_rare-CD14-Mono-abundance0.005-seed238100.h5ad loaded with shape [2000, 3003]
revision_results/cache/subsets/D11_11_GSE194122_atac_2000cells_seed1729_rare-CD14-Mono-abundance0.005-seed238100.h5ad loaded with shape [2000, 30000]
2026-08-29 15:44:18,046 INFO Loading faiss with AVX512 support.
2026-08-29 15:44:18,070 INFO Successfully loaded faiss with AVX512 support.
2026-08-29 15:44:18,074 INFO Failed to load GPU Faiss: name 'GpuIndexIVFFlat' is not defined. Will not load constructor refs for GPU indexes. This is only an error if you're trying to use GPU Faiss.
WARNING clustering 512 points to 40 centroids: please provide at least 1560 training points
GARQ Initialization completed.
/home/zhangpeiru/.conda/envs/MetqQ2/lib/python3.11/site-packages/torch/autograd/__init__.py:251: UserWarning: Memory Efficient attention defaults to a non-deterministic algorithm. To explicitly enable determinism call torch.use_deterministic_algorithms(True, warn_only=False). (Triggered internally at ../aten/src/ATen/native/transformers/cuda/attention_backward.cu:413.)
  Variable._execution_engine.run_backward(  # Calls into the C++ engine to run the backward pass
Epoch 1, RNA: recon_loss=0.2352 , ATAC: recon_loss=0.3697 
/data/zhangpeiru/GARQ_revision/model.py:121: UserWarning: cumsum_cuda_kernel does not have a deterministic implementation, but you set 'torch.use_deterministic_algorithms(True, warn_only=True)'. You can file an issue at https://github.com/pytorch/pytorch/issues to help us prioritize adding deterministic support for this operation. (Triggered internally at ../aten/src/ATen/Context.cpp:71.)
  dis_indices = torch.multinomial(
/data/zhangpeiru/GARQ_revision/data_utils.py:131: RuntimeWarning: Mean of empty slice.
  [data[meta_ids == i].mean(axis=0) for i in range(meta_ids.max() + 1)]
/home/zhangpeiru/.conda/envs/MetqQ2/lib/python3.11/site-packages/numpy/core/_methods.py:121: RuntimeWarning: invalid value encountered in divide
  ret = um.true_divide(
/data/zhangpeiru/GARQ_revision/data_utils.py:140: UserWarning: The given NumPy array is not writable, and PyTorch does not support non-writable tensors. This means writing to this tensor will result in undefined behavior. You may want to copy the array to protect its data or make it writable before converting it to a tensor. This type of warning will be suppressed for the rest of this program. (Triggered internally at ../torch/csrc/utils/tensor_numpy.cpp:206.)
  type_int = torch.from_numpy(adata.obs[args.type_key].cat.codes.values).long()
/data/zhangpeiru/GARQ_revision/data_utils.py:131: RuntimeWarning: Mean of empty slice.
  [data[meta_ids == i].mean(axis=0) for i in range(meta_ids.max() + 1)]
/home/zhangpeiru/.conda/envs/MetqQ2/lib/python3.11/site-packages/numpy/core/_methods.py:121: RuntimeWarning: invalid value encountered in divide
  ret = um.true_divide(
/home/zhangpeiru/.conda/envs/MetqQ2/lib/python3.11/site-packages/louvain/__init__.py:54: UserWarning: pkg_resources is deprecated as an API. See https://setuptools.pypa.io/en/latest/pkg_resources.html. The pkg_resources package is slated for removal as early as 2025-11-30. Refrain from using this package or pin to Setuptools<81.
  from pkg_resources import get_distribution, DistributionNotFound
/home/zhangpeiru/.conda/envs/MetqQ2/lib/python3.11/site-packages/anndata/utils.py:434: FutureWarning: Importing read_csv from `anndata` is deprecated. Import anndata.io.read_csv instead.
  warnings.warn(msg, FutureWarning)
/home/zhangpeiru/.conda/envs/MetqQ2/lib/python3.11/site-packages/anndata/utils.py:434: FutureWarning: Importing read_text from `anndata` is deprecated. Import anndata.io.read_text instead.
  warnings.warn(msg, FutureWarning)
/home/zhangpeiru/.conda/envs/MetqQ2/lib/python3.11/site-packages/anndata/utils.py:434: FutureWarning: Importing read_excel from `anndata` is deprecated. Import anndata.io.read_excel instead.
  warnings.warn(msg, FutureWarning)
/home/zhangpeiru/.conda/envs/MetqQ2/lib/python3.11/site-packages/anndata/utils.py:434: FutureWarning: Importing read_mtx from `anndata` is deprecated. Import anndata.io.read_mtx instead.
  warnings.warn(msg, FutureWarning)
/home/zhangpeiru/.conda/envs/MetqQ2/lib/python3.11/site-packages/anndata/utils.py:434: FutureWarning: Importing read_loom from `anndata` is deprecated. Import anndata.io.read_loom instead.
  warnings.warn(msg, FutureWarning)
/home/zhangpeiru/.conda/envs/MetqQ2/lib/python3.11/site-packages/anndata/utils.py:434: FutureWarning: Importing read_hdf from `anndata` is deprecated. Import anndata.io.read_hdf instead.
  warnings.warn(msg, FutureWarning)
/home/zhangpeiru/.conda/envs/MetqQ2/lib/python3.11/site-packages/anndata/utils.py:434: FutureWarning: Importing read_umi_tools from `anndata` is deprecated. Import anndata.io.read_umi_tools instead.
  warnings.warn(msg, FutureWarning)
WARNING: adata.X seems to be already log-transformed.
/home/zhangpeiru/.conda/envs/MetqQ2/lib/python3.11/site-packages/scanpy/preprocessing/_highly_variable_genes.py:220: FutureWarning: The default of observed=False is deprecated and will be changed to True in a future version of pandas. Pass observed=False to retain current behavior or observed=True to adopt the future default and silence this warning.
  disp_grouped = df.groupby('mean_bin')['dispersions']
/home/zhangpeiru/.conda/envs/MetqQ2/lib/python3.11/site-packages/scanpy/preprocessing/_simple.py:843: UserWarning: Received a view of an AnnData. Making a copy.
  view_to_actual(adata)
/home/zhangpeiru/.conda/envs/MetqQ2/lib/python3.11/site-packages/scanpy/preprocessing/_highly_variable_genes.py:220: FutureWarning: The default of observed=False is deprecated and will be changed to True in a future version of pandas. Pass observed=False to retain current behavior or observed=True to adopt the future default and silence this warning.
  disp_grouped = df.groupby('mean_bin')['dispersions']
/home/zhangpeiru/.conda/envs/MetqQ2/lib/python3.11/site-packages/scanpy/preprocessing/_simple.py:843: UserWarning: Received a view of an AnnData. Making a copy.
  view_to_actual(adata)
=======Loading and Preprocessing Data=======
Data of 2 omics in total
revision_results/cache/subsets/D11_11_GSE194122_rna_2000cells_seed1729_rare-CD14-Mono-abundance0.01-seed827892.h5ad loaded with shape [2000, 3006]
revision_results/cache/subsets/D11_11_GSE194122_atac_2000cells_seed1729_rare-CD14-Mono-abundance0.01-seed827892.h5ad loaded with shape [2000, 30000]
2026-08-29 15:44:37,277 INFO Loading faiss with AVX512 support.
2026-08-29 15:44:37,302 INFO Successfully loaded faiss with AVX512 support.
2026-08-29 15:44:37,306 INFO Failed to load GPU Faiss: name 'GpuIndexIVFFlat' is not defined. Will not load constructor refs for GPU indexes. This is only an error if you're trying to use GPU Faiss.
WARNING clustering 512 points to 40 centroids: please provide at least 1560 training points
GARQ Initialization completed.
/home/zhangpeiru/.conda/envs/MetqQ2/lib/python3.11/site-packages/torch/autograd/__init__.py:251: UserWarning: Memory Efficient attention defaults to a non-deterministic algorithm. To explicitly enable determinism call torch.use_deterministic_algorithms(True, warn_only=False). (Triggered internally at ../aten/src/ATen/native/transformers/cuda/attention_backward.cu:413.)
  Variable._execution_engine.run_backward(  # Calls into the C++ engine to run the backward pass
Epoch 1, RNA: recon_loss=0.2306 , ATAC: recon_loss=0.3747 
/data/zhangpeiru/GARQ_revision/model.py:121: UserWarning: cumsum_cuda_kernel does not have a deterministic implementation, but you set 'torch.use_deterministic_algorithms(True, warn_only=True)'. You can file an issue at https://github.com/pytorch/pytorch/issues to help us prioritize adding deterministic support for this operation. (Triggered internally at ../aten/src/ATen/Context.cpp:71.)
  dis_indices = torch.multinomial(
/data/zhangpeiru/GARQ_revision/data_utils.py:131: RuntimeWarning: Mean of empty slice.
  [data[meta_ids == i].mean(axis=0) for i in range(meta_ids.max() + 1)]
/home/zhangpeiru/.conda/envs/MetqQ2/lib/python3.11/site-packages/numpy/core/_methods.py:121: RuntimeWarning: invalid value encountered in divide
  ret = um.true_divide(
/data/zhangpeiru/GARQ_revision/data_utils.py:140: UserWarning: The given NumPy array is not writable, and PyTorch does not support non-writable tensors. This means writing to this tensor will result in undefined behavior. You may want to copy the array to protect its data or make it writable before converting it to a tensor. This type of warning will be suppressed for the rest of this program. (Triggered internally at ../torch/csrc/utils/tensor_numpy.cpp:206.)
  type_int = torch.from_numpy(adata.obs[args.type_key].cat.codes.values).long()
/data/zhangpeiru/GARQ_revision/data_utils.py:131: RuntimeWarning: Mean of empty slice.
  [data[meta_ids == i].mean(axis=0) for i in range(meta_ids.max() + 1)]
/home/zhangpeiru/.conda/envs/MetqQ2/lib/python3.11/site-packages/numpy/core/_methods.py:121: RuntimeWarning: invalid value encountered in divide
  ret = um.true_divide(
/home/zhangpeiru/.conda/envs/MetqQ2/lib/python3.11/site-packages/louvain/__init__.py:54: UserWarning: pkg_resources is deprecated as an API. See https://setuptools.pypa.io/en/latest/pkg_resources.html. The pkg_resources package is slated for removal as early as 2025-11-30. Refrain from using this package or pin to Setuptools<81.
  from pkg_resources import get_distribution, DistributionNotFound
/home/zhangpeiru/.conda/envs/MetqQ2/lib/python3.11/site-packages/anndata/utils.py:434: FutureWarning: Importing read_csv from `anndata` is deprecated. Import anndata.io.read_csv instead.
  warnings.warn(msg, FutureWarning)
/home/zhangpeiru/.conda/envs/MetqQ2/lib/python3.11/site-packages/anndata/utils.py:434: FutureWarning: Importing read_text from `anndata` is deprecated. Import anndata.io.read_text instead.
  warnings.warn(msg, FutureWarning)
/home/zhangpeiru/.conda/envs/MetqQ2/lib/python3.11/site-packages/anndata/utils.py:434: FutureWarning: Importing read_excel from `anndata` is deprecated. Import anndata.io.read_excel instead.
  warnings.warn(msg, FutureWarning)
/home/zhangpeiru/.conda/envs/MetqQ2/lib/python3.11/site-packages/anndata/utils.py:434: FutureWarning: Importing read_mtx from `anndata` is deprecated. Import anndata.io.read_mtx instead.
  warnings.warn(msg, FutureWarning)
/home/zhangpeiru/.conda/envs/MetqQ2/lib/python3.11/site-packages/anndata/utils.py:434: FutureWarning: Importing read_loom from `anndata` is deprecated. Import anndata.io.read_loom instead.
  warnings.warn(msg, FutureWarning)
/home/zhangpeiru/.conda/envs/MetqQ2/lib/python3.11/site-packages/anndata/utils.py:434: FutureWarning: Importing read_hdf from `anndata` is deprecated. Import anndata.io.read_hdf instead.
  warnings.warn(msg, FutureWarning)
/home/zhangpeiru/.conda/envs/MetqQ2/lib/python3.11/site-packages/anndata/utils.py:434: FutureWarning: Importing read_umi_tools from `anndata` is deprecated. Import anndata.io.read_umi_tools instead.
  warnings.warn(msg, FutureWarning)
WARNING: adata.X seems to be already log-transformed.
/home/zhangpeiru/.conda/envs/MetqQ2/lib/python3.11/site-packages/scanpy/preprocessing/_highly_variable_genes.py:220: FutureWarning: The default of observed=False is deprecated and will be changed to True in a future version of pandas. Pass observed=False to retain current behavior or observed=True to adopt the future default and silence this warning.
  disp_grouped = df.groupby('mean_bin')['dispersions']
/home/zhangpeiru/.conda/envs/MetqQ2/lib/python3.11/site-packages/scanpy/preprocessing/_simple.py:843: UserWarning: Received a view of an AnnData. Making a copy.
  view_to_actual(adata)
/home/zhangpeiru/.conda/envs/MetqQ2/lib/python3.11/site-packages/scanpy/preprocessing/_highly_variable_genes.py:220: FutureWarning: The default of observed=False is deprecated and will be changed to True in a future version of pandas. Pass observed=False to retain current behavior or observed=True to adopt the future default and silence this warning.
  disp_grouped = df.groupby('mean_bin')['dispersions']
/home/zhangpeiru/.conda/envs/MetqQ2/lib/python3.11/site-packages/scanpy/preprocessing/_simple.py:843: UserWarning: Received a view of an AnnData. Making a copy.
  view_to_actual(adata)
=======Loading and Preprocessing Data=======
Data of 2 omics in total
revision_results/cache/subsets/D11_11_GSE194122_rna_2000cells_seed1729_rare-CD14-Mono-abundance0.01-seed209161.h5ad loaded with shape [2000, 3004]
revision_results/cache/subsets/D11_11_GSE194122_atac_2000cells_seed1729_rare-CD14-Mono-abundance0.01-seed209161.h5ad loaded with shape [2000, 30000]
2026-08-29 15:44:55,361 INFO Loading faiss with AVX512 support.
2026-08-29 15:44:55,384 INFO Successfully loaded faiss with AVX512 support.
2026-08-29 15:44:55,388 INFO Failed to load GPU Faiss: name 'GpuIndexIVFFlat' is not defined. Will not load constructor refs for GPU indexes. This is only an error if you're trying to use GPU Faiss.
WARNING clustering 512 points to 40 centroids: please provide at least 1560 training points
GARQ Initialization completed.
/home/zhangpeiru/.conda/envs/MetqQ2/lib/python3.11/site-packages/torch/autograd/__init__.py:251: UserWarning: Memory Efficient attention defaults to a non-deterministic algorithm. To explicitly enable determinism call torch.use_deterministic_algorithms(True, warn_only=False). (Triggered internally at ../aten/src/ATen/native/transformers/cuda/attention_backward.cu:413.)
  Variable._execution_engine.run_backward(  # Calls into the C++ engine to run the backward pass
Epoch 1, RNA: recon_loss=0.2342 , ATAC: recon_loss=0.3773 
/data/zhangpeiru/GARQ_revision/model.py:121: UserWarning: cumsum_cuda_kernel does not have a deterministic implementation, but you set 'torch.use_deterministic_algorithms(True, warn_only=True)'. You can file an issue at https://github.com/pytorch/pytorch/issues to help us prioritize adding deterministic support for this operation. (Triggered internally at ../aten/src/ATen/Context.cpp:71.)
  dis_indices = torch.multinomial(
/data/zhangpeiru/GARQ_revision/data_utils.py:140: UserWarning: The given NumPy array is not writable, and PyTorch does not support non-writable tensors. This means writing to this tensor will result in undefined behavior. You may want to copy the array to protect its data or make it writable before converting it to a tensor. This type of warning will be suppressed for the rest of this program. (Triggered internally at ../torch/csrc/utils/tensor_numpy.cpp:206.)
  type_int = torch.from_numpy(adata.obs[args.type_key].cat.codes.values).long()
/home/zhangpeiru/.conda/envs/MetqQ2/lib/python3.11/site-packages/louvain/__init__.py:54: UserWarning: pkg_resources is deprecated as an API. See https://setuptools.pypa.io/en/latest/pkg_resources.html. The pkg_resources package is slated for removal as early as 2025-11-30. Refrain from using this package or pin to Setuptools<81.
  from pkg_resources import get_distribution, DistributionNotFound
/home/zhangpeiru/.conda/envs/MetqQ2/lib/python3.11/site-packages/anndata/utils.py:434: FutureWarning: Importing read_csv from `anndata` is deprecated. Import anndata.io.read_csv instead.
  warnings.warn(msg, FutureWarning)
/home/zhangpeiru/.conda/envs/MetqQ2/lib/python3.11/site-packages/anndata/utils.py:434: FutureWarning: Importing read_text from `anndata` is deprecated. Import anndata.io.read_text instead.
  warnings.warn(msg, FutureWarning)
/home/zhangpeiru/.conda/envs/MetqQ2/lib/python3.11/site-packages/anndata/utils.py:434: FutureWarning: Importing read_excel from `anndata` is deprecated. Import anndata.io.read_excel instead.
  warnings.warn(msg, FutureWarning)
/home/zhangpeiru/.conda/envs/MetqQ2/lib/python3.11/site-packages/anndata/utils.py:434: FutureWarning: Importing read_mtx from `anndata` is deprecated. Import anndata.io.read_mtx instead.
  warnings.warn(msg, FutureWarning)
/home/zhangpeiru/.conda/envs/MetqQ2/lib/python3.11/site-packages/anndata/utils.py:434: FutureWarning: Importing read_loom from `anndata` is deprecated. Import anndata.io.read_loom instead.
  warnings.warn(msg, FutureWarning)
/home/zhangpeiru/.conda/envs/MetqQ2/lib/python3.11/site-packages/anndata/utils.py:434: FutureWarning: Importing read_hdf from `anndata` is deprecated. Import anndata.io.read_hdf instead.
  warnings.warn(msg, FutureWarning)
/home/zhangpeiru/.conda/envs/MetqQ2/lib/python3.11/site-packages/anndata/utils.py:434: FutureWarning: Importing read_umi_tools from `anndata` is deprecated. Import anndata.io.read_umi_tools instead.
  warnings.warn(msg, FutureWarning)
WARNING: adata.X seems to be already log-transformed.
/home/zhangpeiru/.conda/envs/MetqQ2/lib/python3.11/site-packages/scanpy/preprocessing/_highly_variable_genes.py:220: FutureWarning: The default of observed=False is deprecated and will be changed to True in a future version of pandas. Pass observed=False to retain current behavior or observed=True to adopt the future default and silence this warning.
  disp_grouped = df.groupby('mean_bin')['dispersions']
/home/zhangpeiru/.conda/envs/MetqQ2/lib/python3.11/site-packages/scanpy/preprocessing/_simple.py:843: UserWarning: Received a view of an AnnData. Making a copy.
  view_to_actual(adata)
/home/zhangpeiru/.conda/envs/MetqQ2/lib/python3.11/site-packages/scanpy/preprocessing/_highly_variable_genes.py:220: FutureWarning: The default of observed=False is deprecated and will be changed to True in a future version of pandas. Pass observed=False to retain current behavior or observed=True to adopt the future default and silence this warning.
  disp_grouped = df.groupby('mean_bin')['dispersions']
/home/zhangpeiru/.conda/envs/MetqQ2/lib/python3.11/site-packages/scanpy/preprocessing/_simple.py:843: UserWarning: Received a view of an AnnData. Making a copy.
  view_to_actual(adata)
=======Loading and Preprocessing Data=======
Data of 2 omics in total
revision_results/cache/subsets/D11_11_GSE194122_rna_2000cells_seed1729_rare-CD14-Mono-abundance0.01-seed593857.h5ad loaded with shape [2000, 3005]
revision_results/cache/subsets/D11_11_GSE194122_atac_2000cells_seed1729_rare-CD14-Mono-abundance0.01-seed593857.h5ad loaded with shape [2000, 30000]
2026-08-29 15:45:13,816 INFO Loading faiss with AVX512 support.
2026-08-29 15:45:13,835 INFO Successfully loaded faiss with AVX512 support.
2026-08-29 15:45:13,838 INFO Failed to load GPU Faiss: name 'GpuIndexIVFFlat' is not defined. Will not load constructor refs for GPU indexes. This is only an error if you're trying to use GPU Faiss.
WARNING clustering 512 points to 40 centroids: please provide at least 1560 training points
GARQ Initialization completed.
/home/zhangpeiru/.conda/envs/MetqQ2/lib/python3.11/site-packages/torch/autograd/__init__.py:251: UserWarning: Memory Efficient attention defaults to a non-deterministic algorithm. To explicitly enable determinism call torch.use_deterministic_algorithms(True, warn_only=False). (Triggered internally at ../aten/src/ATen/native/transformers/cuda/attention_backward.cu:413.)
  Variable._execution_engine.run_backward(  # Calls into the C++ engine to run the backward pass
Epoch 1, RNA: recon_loss=0.2349 , ATAC: recon_loss=0.3843 
/data/zhangpeiru/GARQ_revision/model.py:121: UserWarning: cumsum_cuda_kernel does not have a deterministic implementation, but you set 'torch.use_deterministic_algorithms(True, warn_only=True)'. You can file an issue at https://github.com/pytorch/pytorch/issues to help us prioritize adding deterministic support for this operation. (Triggered internally at ../aten/src/ATen/Context.cpp:71.)
  dis_indices = torch.multinomial(
/data/zhangpeiru/GARQ_revision/data_utils.py:140: UserWarning: The given NumPy array is not writable, and PyTorch does not support non-writable tensors. This means writing to this tensor will result in undefined behavior. You may want to copy the array to protect its data or make it writable before converting it to a tensor. This type of warning will be suppressed for the rest of this program. (Triggered internally at ../torch/csrc/utils/tensor_numpy.cpp:206.)
  type_int = torch.from_numpy(adata.obs[args.type_key].cat.codes.values).long()
/home/zhangpeiru/.conda/envs/MetqQ2/lib/python3.11/site-packages/louvain/__init__.py:54: UserWarning: pkg_resources is deprecated as an API. See https://setuptools.pypa.io/en/latest/pkg_resources.html. The pkg_resources package is slated for removal as early as 2025-11-30. Refrain from using this package or pin to Setuptools<81.
  from pkg_resources import get_distribution, DistributionNotFound
/home/zhangpeiru/.conda/envs/MetqQ2/lib/python3.11/site-packages/anndata/utils.py:434: FutureWarning: Importing read_csv from `anndata` is deprecated. Import anndata.io.read_csv instead.
  warnings.warn(msg, FutureWarning)
/home/zhangpeiru/.conda/envs/MetqQ2/lib/python3.11/site-packages/anndata/utils.py:434: FutureWarning: Importing read_text from `anndata` is deprecated. Import anndata.io.read_text instead.
  warnings.warn(msg, FutureWarning)
/home/zhangpeiru/.conda/envs/MetqQ2/lib/python3.11/site-packages/anndata/utils.py:434: FutureWarning: Importing read_excel from `anndata` is deprecated. Import anndata.io.read_excel instead.
  warnings.warn(msg, FutureWarning)
/home/zhangpeiru/.conda/envs/MetqQ2/lib/python3.11/site-packages/anndata/utils.py:434: FutureWarning: Importing read_mtx from `anndata` is deprecated. Import anndata.io.read_mtx instead.
  warnings.warn(msg, FutureWarning)
/home/zhangpeiru/.conda/envs/MetqQ2/lib/python3.11/site-packages/anndata/utils.py:434: FutureWarning: Importing read_loom from `anndata` is deprecated. Import anndata.io.read_loom instead.
  warnings.warn(msg, FutureWarning)
/home/zhangpeiru/.conda/envs/MetqQ2/lib/python3.11/site-packages/anndata/utils.py:434: FutureWarning: Importing read_hdf from `anndata` is deprecated. Import anndata.io.read_hdf instead.
  warnings.warn(msg, FutureWarning)
/home/zhangpeiru/.conda/envs/MetqQ2/lib/python3.11/site-packages/anndata/utils.py:434: FutureWarning: Importing read_umi_tools from `anndata` is deprecated. Import anndata.io.read_umi_tools instead.
  warnings.warn(msg, FutureWarning)
WARNING: adata.X seems to be already log-transformed.
/home/zhangpeiru/.conda/envs/MetqQ2/lib/python3.11/site-packages/scanpy/preprocessing/_highly_variable_genes.py:220: FutureWarning: The default of observed=False is deprecated and will be changed to True in a future version of pandas. Pass observed=False to retain current behavior or observed=True to adopt the future default and silence this warning.
  disp_grouped = df.groupby('mean_bin')['dispersions']
/home/zhangpeiru/.conda/envs/MetqQ2/lib/python3.11/site-packages/scanpy/preprocessing/_simple.py:843: UserWarning: Received a view of an AnnData. Making a copy.
  view_to_actual(adata)
/home/zhangpeiru/.conda/envs/MetqQ2/lib/python3.11/site-packages/scanpy/preprocessing/_highly_variable_genes.py:220: FutureWarning: The default of observed=False is deprecated and will be changed to True in a future version of pandas. Pass observed=False to retain current behavior or observed=True to adopt the future default and silence this warning.
  disp_grouped = df.groupby('mean_bin')['dispersions']
/home/zhangpeiru/.conda/envs/MetqQ2/lib/python3.11/site-packages/scanpy/preprocessing/_simple.py:843: UserWarning: Received a view of an AnnData. Making a copy.
  view_to_actual(adata)
=======Loading and Preprocessing Data=======
Data of 2 omics in total
revision_results/cache/subsets/D11_11_GSE194122_rna_2000cells_seed1729_rare-CD14-Mono-abundance0.01-seed798967.h5ad loaded with shape [2000, 3007]
revision_results/cache/subsets/D11_11_GSE194122_atac_2000cells_seed1729_rare-CD14-Mono-abundance0.01-seed798967.h5ad loaded with shape [2000, 30000]
2026-08-29 15:45:31,074 INFO Loading faiss with AVX512 support.
2026-08-29 15:45:31,095 INFO Successfully loaded faiss with AVX512 support.
2026-08-29 15:45:31,099 INFO Failed to load GPU Faiss: name 'GpuIndexIVFFlat' is not defined. Will not load constructor refs for GPU indexes. This is only an error if you're trying to use GPU Faiss.
WARNING clustering 512 points to 40 centroids: please provide at least 1560 training points
GARQ Initialization completed.
/home/zhangpeiru/.conda/envs/MetqQ2/lib/python3.11/site-packages/torch/autograd/__init__.py:251: UserWarning: Memory Efficient attention defaults to a non-deterministic algorithm. To explicitly enable determinism call torch.use_deterministic_algorithms(True, warn_only=False). (Triggered internally at ../aten/src/ATen/native/transformers/cuda/attention_backward.cu:413.)
  Variable._execution_engine.run_backward(  # Calls into the C++ engine to run the backward pass
Epoch 1, RNA: recon_loss=0.2354 , ATAC: recon_loss=0.3801 
/data/zhangpeiru/GARQ_revision/model.py:121: UserWarning: cumsum_cuda_kernel does not have a deterministic implementation, but you set 'torch.use_deterministic_algorithms(True, warn_only=True)'. You can file an issue at https://github.com/pytorch/pytorch/issues to help us prioritize adding deterministic support for this operation. (Triggered internally at ../aten/src/ATen/Context.cpp:71.)
  dis_indices = torch.multinomial(
/data/zhangpeiru/GARQ_revision/data_utils.py:140: UserWarning: The given NumPy array is not writable, and PyTorch does not support non-writable tensors. This means writing to this tensor will result in undefined behavior. You may want to copy the array to protect its data or make it writable before converting it to a tensor. This type of warning will be suppressed for the rest of this program. (Triggered internally at ../torch/csrc/utils/tensor_numpy.cpp:206.)
  type_int = torch.from_numpy(adata.obs[args.type_key].cat.codes.values).long()
/home/zhangpeiru/.conda/envs/MetqQ2/lib/python3.11/site-packages/louvain/__init__.py:54: UserWarning: pkg_resources is deprecated as an API. See https://setuptools.pypa.io/en/latest/pkg_resources.html. The pkg_resources package is slated for removal as early as 2025-11-30. Refrain from using this package or pin to Setuptools<81.
  from pkg_resources import get_distribution, DistributionNotFound
/home/zhangpeiru/.conda/envs/MetqQ2/lib/python3.11/site-packages/anndata/utils.py:434: FutureWarning: Importing read_csv from `anndata` is deprecated. Import anndata.io.read_csv instead.
  warnings.warn(msg, FutureWarning)
/home/zhangpeiru/.conda/envs/MetqQ2/lib/python3.11/site-packages/anndata/utils.py:434: FutureWarning: Importing read_text from `anndata` is deprecated. Import anndata.io.read_text instead.
  warnings.warn(msg, FutureWarning)
/home/zhangpeiru/.conda/envs/MetqQ2/lib/python3.11/site-packages/anndata/utils.py:434: FutureWarning: Importing read_excel from `anndata` is deprecated. Import anndata.io.read_excel instead.
  warnings.warn(msg, FutureWarning)
/home/zhangpeiru/.conda/envs/MetqQ2/lib/python3.11/site-packages/anndata/utils.py:434: FutureWarning: Importing read_mtx from `anndata` is deprecated. Import anndata.io.read_mtx instead.
  warnings.warn(msg, FutureWarning)
/home/zhangpeiru/.conda/envs/MetqQ2/lib/python3.11/site-packages/anndata/utils.py:434: FutureWarning: Importing read_loom from `anndata` is deprecated. Import anndata.io.read_loom instead.
  warnings.warn(msg, FutureWarning)
/home/zhangpeiru/.conda/envs/MetqQ2/lib/python3.11/site-packages/anndata/utils.py:434: FutureWarning: Importing read_hdf from `anndata` is deprecated. Import anndata.io.read_hdf instead.
  warnings.warn(msg, FutureWarning)
/home/zhangpeiru/.conda/envs/MetqQ2/lib/python3.11/site-packages/anndata/utils.py:434: FutureWarning: Importing read_umi_tools from `anndata` is deprecated. Import anndata.io.read_umi_tools instead.
  warnings.warn(msg, FutureWarning)
WARNING: adata.X seems to be already log-transformed.
/home/zhangpeiru/.conda/envs/MetqQ2/lib/python3.11/site-packages/scanpy/preprocessing/_highly_variable_genes.py:220: FutureWarning: The default of observed=False is deprecated and will be changed to True in a future version of pandas. Pass observed=False to retain current behavior or observed=True to adopt the future default and silence this warning.
  disp_grouped = df.groupby('mean_bin')['dispersions']
/home/zhangpeiru/.conda/envs/MetqQ2/lib/python3.11/site-packages/scanpy/preprocessing/_simple.py:843: UserWarning: Received a view of an AnnData. Making a copy.
  view_to_actual(adata)
/home/zhangpeiru/.conda/envs/MetqQ2/lib/python3.11/site-packages/scanpy/preprocessing/_highly_variable_genes.py:220: FutureWarning: The default of observed=False is deprecated and will be changed to True in a future version of pandas. Pass observed=False to retain current behavior or observed=True to adopt the future default and silence this warning.
  disp_grouped = df.groupby('mean_bin')['dispersions']
/home/zhangpeiru/.conda/envs/MetqQ2/lib/python3.11/site-packages/scanpy/preprocessing/_simple.py:843: UserWarning: Received a view of an AnnData. Making a copy.
  view_to_actual(adata)
=======Loading and Preprocessing Data=======
Data of 2 omics in total
revision_results/cache/subsets/D11_11_GSE194122_rna_2000cells_seed1729_rare-CD14-Mono-abundance0.01-seed399842.h5ad loaded with shape [2000, 3004]
revision_results/cache/subsets/D11_11_GSE194122_atac_2000cells_seed1729_rare-CD14-Mono-abundance0.01-seed399842.h5ad loaded with shape [2000, 30000]
2026-08-29 15:45:48,554 INFO Loading faiss with AVX512 support.
2026-08-29 15:45:48,578 INFO Successfully loaded faiss with AVX512 support.
2026-08-29 15:45:48,583 INFO Failed to load GPU Faiss: name 'GpuIndexIVFFlat' is not defined. Will not load constructor refs for GPU indexes. This is only an error if you're trying to use GPU Faiss.
WARNING clustering 512 points to 40 centroids: please provide at least 1560 training points
GARQ Initialization completed.
/home/zhangpeiru/.conda/envs/MetqQ2/lib/python3.11/site-packages/torch/autograd/__init__.py:251: UserWarning: Memory Efficient attention defaults to a non-deterministic algorithm. To explicitly enable determinism call torch.use_deterministic_algorithms(True, warn_only=False). (Triggered internally at ../aten/src/ATen/native/transformers/cuda/attention_backward.cu:413.)
  Variable._execution_engine.run_backward(  # Calls into the C++ engine to run the backward pass
Epoch 1, RNA: recon_loss=0.2325 , ATAC: recon_loss=0.3734 
/data/zhangpeiru/GARQ_revision/model.py:121: UserWarning: cumsum_cuda_kernel does not have a deterministic implementation, but you set 'torch.use_deterministic_algorithms(True, warn_only=True)'. You can file an issue at https://github.com/pytorch/pytorch/issues to help us prioritize adding deterministic support for this operation. (Triggered internally at ../aten/src/ATen/Context.cpp:71.)
  dis_indices = torch.multinomial(
/data/zhangpeiru/GARQ_revision/data_utils.py:140: UserWarning: The given NumPy array is not writable, and PyTorch does not support non-writable tensors. This means writing to this tensor will result in undefined behavior. You may want to copy the array to protect its data or make it writable before converting it to a tensor. This type of warning will be suppressed for the rest of this program. (Triggered internally at ../torch/csrc/utils/tensor_numpy.cpp:206.)
  type_int = torch.from_numpy(adata.obs[args.type_key].cat.codes.values).long()
/home/zhangpeiru/.conda/envs/MetqQ2/lib/python3.11/site-packages/louvain/__init__.py:54: UserWarning: pkg_resources is deprecated as an API. See https://setuptools.pypa.io/en/latest/pkg_resources.html. The pkg_resources package is slated for removal as early as 2025-11-30. Refrain from using this package or pin to Setuptools<81.
  from pkg_resources import get_distribution, DistributionNotFound
/home/zhangpeiru/.conda/envs/MetqQ2/lib/python3.11/site-packages/anndata/utils.py:434: FutureWarning: Importing read_csv from `anndata` is deprecated. Import anndata.io.read_csv instead.
  warnings.warn(msg, FutureWarning)
/home/zhangpeiru/.conda/envs/MetqQ2/lib/python3.11/site-packages/anndata/utils.py:434: FutureWarning: Importing read_text from `anndata` is deprecated. Import anndata.io.read_text instead.
  warnings.warn(msg, FutureWarning)
/home/zhangpeiru/.conda/envs/MetqQ2/lib/python3.11/site-packages/anndata/utils.py:434: FutureWarning: Importing read_excel from `anndata` is deprecated. Import anndata.io.read_excel instead.
  warnings.warn(msg, FutureWarning)
/home/zhangpeiru/.conda/envs/MetqQ2/lib/python3.11/site-packages/anndata/utils.py:434: FutureWarning: Importing read_mtx from `anndata` is deprecated. Import anndata.io.read_mtx instead.
  warnings.warn(msg, FutureWarning)
/home/zhangpeiru/.conda/envs/MetqQ2/lib/python3.11/site-packages/anndata/utils.py:434: FutureWarning: Importing read_loom from `anndata` is deprecated. Import anndata.io.read_loom instead.
  warnings.warn(msg, FutureWarning)
/home/zhangpeiru/.conda/envs/MetqQ2/lib/python3.11/site-packages/anndata/utils.py:434: FutureWarning: Importing read_hdf from `anndata` is deprecated. Import anndata.io.read_hdf instead.
  warnings.warn(msg, FutureWarning)
/home/zhangpeiru/.conda/envs/MetqQ2/lib/python3.11/site-packages/anndata/utils.py:434: FutureWarning: Importing read_umi_tools from `anndata` is deprecated. Import anndata.io.read_umi_tools instead.
  warnings.warn(msg, FutureWarning)
WARNING: adata.X seems to be already log-transformed.
/home/zhangpeiru/.conda/envs/MetqQ2/lib/python3.11/site-packages/scanpy/preprocessing/_highly_variable_genes.py:220: FutureWarning: The default of observed=False is deprecated and will be changed to True in a future version of pandas. Pass observed=False to retain current behavior or observed=True to adopt the future default and silence this warning.
  disp_grouped = df.groupby('mean_bin')['dispersions']
/home/zhangpeiru/.conda/envs/MetqQ2/lib/python3.11/site-packages/scanpy/preprocessing/_simple.py:843: UserWarning: Received a view of an AnnData. Making a copy.
  view_to_actual(adata)
/home/zhangpeiru/.conda/envs/MetqQ2/lib/python3.11/site-packages/scanpy/preprocessing/_highly_variable_genes.py:220: FutureWarning: The default of observed=False is deprecated and will be changed to True in a future version of pandas. Pass observed=False to retain current behavior or observed=True to adopt the future default and silence this warning.
  disp_grouped = df.groupby('mean_bin')['dispersions']
/home/zhangpeiru/.conda/envs/MetqQ2/lib/python3.11/site-packages/scanpy/preprocessing/_simple.py:843: UserWarning: Received a view of an AnnData. Making a copy.
  view_to_actual(adata)
=======Loading and Preprocessing Data=======
Data of 2 omics in total
revision_results/cache/subsets/D11_11_GSE194122_rna_2000cells_seed1729_rare-CD14-Mono-abundance0.02-seed165357.h5ad loaded with shape [2000, 3003]
revision_results/cache/subsets/D11_11_GSE194122_atac_2000cells_seed1729_rare-CD14-Mono-abundance0.02-seed165357.h5ad loaded with shape [2000, 30000]
2026-08-29 15:46:07,720 INFO Loading faiss with AVX512 support.
2026-08-29 15:46:07,747 INFO Successfully loaded faiss with AVX512 support.
2026-08-29 15:46:07,751 INFO Failed to load GPU Faiss: name 'GpuIndexIVFFlat' is not defined. Will not load constructor refs for GPU indexes. This is only an error if you're trying to use GPU Faiss.
WARNING clustering 512 points to 40 centroids: please provide at least 1560 training points
GARQ Initialization completed.
/home/zhangpeiru/.conda/envs/MetqQ2/lib/python3.11/site-packages/torch/autograd/__init__.py:251: UserWarning: Memory Efficient attention defaults to a non-deterministic algorithm. To explicitly enable determinism call torch.use_deterministic_algorithms(True, warn_only=False). (Triggered internally at ../aten/src/ATen/native/transformers/cuda/attention_backward.cu:413.)
  Variable._execution_engine.run_backward(  # Calls into the C++ engine to run the backward pass
Epoch 1, RNA: recon_loss=0.2330 , ATAC: recon_loss=0.3724 
/data/zhangpeiru/GARQ_revision/model.py:121: UserWarning: cumsum_cuda_kernel does not have a deterministic implementation, but you set 'torch.use_deterministic_algorithms(True, warn_only=True)'. You can file an issue at https://github.com/pytorch/pytorch/issues to help us prioritize adding deterministic support for this operation. (Triggered internally at ../aten/src/ATen/Context.cpp:71.)
  dis_indices = torch.multinomial(
/data/zhangpeiru/GARQ_revision/data_utils.py:140: UserWarning: The given NumPy array is not writable, and PyTorch does not support non-writable tensors. This means writing to this tensor will result in undefined behavior. You may want to copy the array to protect its data or make it writable before converting it to a tensor. This type of warning will be suppressed for the rest of this program. (Triggered internally at ../torch/csrc/utils/tensor_numpy.cpp:206.)
  type_int = torch.from_numpy(adata.obs[args.type_key].cat.codes.values).long()
/home/zhangpeiru/.conda/envs/MetqQ2/lib/python3.11/site-packages/louvain/__init__.py:54: UserWarning: pkg_resources is deprecated as an API. See https://setuptools.pypa.io/en/latest/pkg_resources.html. The pkg_resources package is slated for removal as early as 2025-11-30. Refrain from using this package or pin to Setuptools<81.
  from pkg_resources import get_distribution, DistributionNotFound
/home/zhangpeiru/.conda/envs/MetqQ2/lib/python3.11/site-packages/anndata/utils.py:434: FutureWarning: Importing read_csv from `anndata` is deprecated. Import anndata.io.read_csv instead.
  warnings.warn(msg, FutureWarning)
/home/zhangpeiru/.conda/envs/MetqQ2/lib/python3.11/site-packages/anndata/utils.py:434: FutureWarning: Importing read_text from `anndata` is deprecated. Import anndata.io.read_text instead.
  warnings.warn(msg, FutureWarning)
/home/zhangpeiru/.conda/envs/MetqQ2/lib/python3.11/site-packages/anndata/utils.py:434: FutureWarning: Importing read_excel from `anndata` is deprecated. Import anndata.io.read_excel instead.
  warnings.warn(msg, FutureWarning)
/home/zhangpeiru/.conda/envs/MetqQ2/lib/python3.11/site-packages/anndata/utils.py:434: FutureWarning: Importing read_mtx from `anndata` is deprecated. Import anndata.io.read_mtx instead.
  warnings.warn(msg, FutureWarning)
/home/zhangpeiru/.conda/envs/MetqQ2/lib/python3.11/site-packages/anndata/utils.py:434: FutureWarning: Importing read_loom from `anndata` is deprecated. Import anndata.io.read_loom instead.
  warnings.warn(msg, FutureWarning)
/home/zhangpeiru/.conda/envs/MetqQ2/lib/python3.11/site-packages/anndata/utils.py:434: FutureWarning: Importing read_hdf from `anndata` is deprecated. Import anndata.io.read_hdf instead.
  warnings.warn(msg, FutureWarning)
/home/zhangpeiru/.conda/envs/MetqQ2/lib/python3.11/site-packages/anndata/utils.py:434: FutureWarning: Importing read_umi_tools from `anndata` is deprecated. Import anndata.io.read_umi_tools instead.
  warnings.warn(msg, FutureWarning)
WARNING: adata.X seems to be already log-transformed.
/home/zhangpeiru/.conda/envs/MetqQ2/lib/python3.11/site-packages/scanpy/preprocessing/_highly_variable_genes.py:220: FutureWarning: The default of observed=False is deprecated and will be changed to True in a future version of pandas. Pass observed=False to retain current behavior or observed=True to adopt the future default and silence this warning.
  disp_grouped = df.groupby('mean_bin')['dispersions']
/home/zhangpeiru/.conda/envs/MetqQ2/lib/python3.11/site-packages/scanpy/preprocessing/_simple.py:843: UserWarning: Received a view of an AnnData. Making a copy.
  view_to_actual(adata)
/home/zhangpeiru/.conda/envs/MetqQ2/lib/python3.11/site-packages/scanpy/preprocessing/_highly_variable_genes.py:220: FutureWarning: The default of observed=False is deprecated and will be changed to True in a future version of pandas. Pass observed=False to retain current behavior or observed=True to adopt the future default and silence this warning.
  disp_grouped = df.groupby('mean_bin')['dispersions']
/home/zhangpeiru/.conda/envs/MetqQ2/lib/python3.11/site-packages/scanpy/preprocessing/_simple.py:843: UserWarning: Received a view of an AnnData. Making a copy.
  view_to_actual(adata)
=======Loading and Preprocessing Data=======
Data of 2 omics in total
revision_results/cache/subsets/D11_11_GSE194122_rna_2000cells_seed1729_rare-CD14-Mono-abundance0.02-seed538086.h5ad loaded with shape [2000, 3003]
revision_results/cache/subsets/D11_11_GSE194122_atac_2000cells_seed1729_rare-CD14-Mono-abundance0.02-seed538086.h5ad loaded with shape [2000, 30000]
2026-08-29 15:46:25,712 INFO Loading faiss with AVX512 support.
2026-08-29 15:46:25,727 INFO Successfully loaded faiss with AVX512 support.
2026-08-29 15:46:25,730 INFO Failed to load GPU Faiss: name 'GpuIndexIVFFlat' is not defined. Will not load constructor refs for GPU indexes. This is only an error if you're trying to use GPU Faiss.
WARNING clustering 512 points to 40 centroids: please provide at least 1560 training points
GARQ Initialization completed.
/home/zhangpeiru/.conda/envs/MetqQ2/lib/python3.11/site-packages/torch/autograd/__init__.py:251: UserWarning: Memory Efficient attention defaults to a non-deterministic algorithm. To explicitly enable determinism call torch.use_deterministic_algorithms(True, warn_only=False). (Triggered internally at ../aten/src/ATen/native/transformers/cuda/attention_backward.cu:413.)
  Variable._execution_engine.run_backward(  # Calls into the C++ engine to run the backward pass
Epoch 1, RNA: recon_loss=0.2333 , ATAC: recon_loss=0.3754 
/data/zhangpeiru/GARQ_revision/model.py:121: UserWarning: cumsum_cuda_kernel does not have a deterministic implementation, but you set 'torch.use_deterministic_algorithms(True, warn_only=True)'. You can file an issue at https://github.com/pytorch/pytorch/issues to help us prioritize adding deterministic support for this operation. (Triggered internally at ../aten/src/ATen/Context.cpp:71.)
  dis_indices = torch.multinomial(
/data/zhangpeiru/GARQ_revision/data_utils.py:140: UserWarning: The given NumPy array is not writable, and PyTorch does not support non-writable tensors. This means writing to this tensor will result in undefined behavior. You may want to copy the array to protect its data or make it writable before converting it to a tensor. This type of warning will be suppressed for the rest of this program. (Triggered internally at ../torch/csrc/utils/tensor_numpy.cpp:206.)
  type_int = torch.from_numpy(adata.obs[args.type_key].cat.codes.values).long()
/home/zhangpeiru/.conda/envs/MetqQ2/lib/python3.11/site-packages/louvain/__init__.py:54: UserWarning: pkg_resources is deprecated as an API. See https://setuptools.pypa.io/en/latest/pkg_resources.html. The pkg_resources package is slated for removal as early as 2025-11-30. Refrain from using this package or pin to Setuptools<81.
  from pkg_resources import get_distribution, DistributionNotFound
/home/zhangpeiru/.conda/envs/MetqQ2/lib/python3.11/site-packages/anndata/utils.py:434: FutureWarning: Importing read_csv from `anndata` is deprecated. Import anndata.io.read_csv instead.
  warnings.warn(msg, FutureWarning)
/home/zhangpeiru/.conda/envs/MetqQ2/lib/python3.11/site-packages/anndata/utils.py:434: FutureWarning: Importing read_text from `anndata` is deprecated. Import anndata.io.read_text instead.
  warnings.warn(msg, FutureWarning)
/home/zhangpeiru/.conda/envs/MetqQ2/lib/python3.11/site-packages/anndata/utils.py:434: FutureWarning: Importing read_excel from `anndata` is deprecated. Import anndata.io.read_excel instead.
  warnings.warn(msg, FutureWarning)
/home/zhangpeiru/.conda/envs/MetqQ2/lib/python3.11/site-packages/anndata/utils.py:434: FutureWarning: Importing read_mtx from `anndata` is deprecated. Import anndata.io.read_mtx instead.
  warnings.warn(msg, FutureWarning)
/home/zhangpeiru/.conda/envs/MetqQ2/lib/python3.11/site-packages/anndata/utils.py:434: FutureWarning: Importing read_loom from `anndata` is deprecated. Import anndata.io.read_loom instead.
  warnings.warn(msg, FutureWarning)
/home/zhangpeiru/.conda/envs/MetqQ2/lib/python3.11/site-packages/anndata/utils.py:434: FutureWarning: Importing read_hdf from `anndata` is deprecated. Import anndata.io.read_hdf instead.
  warnings.warn(msg, FutureWarning)
/home/zhangpeiru/.conda/envs/MetqQ2/lib/python3.11/site-packages/anndata/utils.py:434: FutureWarning: Importing read_umi_tools from `anndata` is deprecated. Import anndata.io.read_umi_tools instead.
  warnings.warn(msg, FutureWarning)
WARNING: adata.X seems to be already log-transformed.
/home/zhangpeiru/.conda/envs/MetqQ2/lib/python3.11/site-packages/scanpy/preprocessing/_highly_variable_genes.py:220: FutureWarning: The default of observed=False is deprecated and will be changed to True in a future version of pandas. Pass observed=False to retain current behavior or observed=True to adopt the future default and silence this warning.
  disp_grouped = df.groupby('mean_bin')['dispersions']
/home/zhangpeiru/.conda/envs/MetqQ2/lib/python3.11/site-packages/scanpy/preprocessing/_simple.py:843: UserWarning: Received a view of an AnnData. Making a copy.
  view_to_actual(adata)
/home/zhangpeiru/.conda/envs/MetqQ2/lib/python3.11/site-packages/scanpy/preprocessing/_highly_variable_genes.py:220: FutureWarning: The default of observed=False is deprecated and will be changed to True in a future version of pandas. Pass observed=False to retain current behavior or observed=True to adopt the future default and silence this warning.
  disp_grouped = df.groupby('mean_bin')['dispersions']
/home/zhangpeiru/.conda/envs/MetqQ2/lib/python3.11/site-packages/scanpy/preprocessing/_simple.py:843: UserWarning: Received a view of an AnnData. Making a copy.
  view_to_actual(adata)
=======Loading and Preprocessing Data=======
Data of 2 omics in total
revision_results/cache/subsets/D11_11_GSE194122_rna_2000cells_seed1729_rare-CD14-Mono-abundance0.02-seed197632.h5ad loaded with shape [2000, 3002]
revision_results/cache/subsets/D11_11_GSE194122_atac_2000cells_seed1729_rare-CD14-Mono-abundance0.02-seed197632.h5ad loaded with shape [2000, 30000]
2026-08-29 15:46:43,750 INFO Loading faiss with AVX512 support.
2026-08-29 15:46:43,768 INFO Successfully loaded faiss with AVX512 support.
2026-08-29 15:46:43,771 INFO Failed to load GPU Faiss: name 'GpuIndexIVFFlat' is not defined. Will not load constructor refs for GPU indexes. This is only an error if you're trying to use GPU Faiss.
WARNING clustering 512 points to 40 centroids: please provide at least 1560 training points
GARQ Initialization completed.
/home/zhangpeiru/.conda/envs/MetqQ2/lib/python3.11/site-packages/torch/autograd/__init__.py:251: UserWarning: Memory Efficient attention defaults to a non-deterministic algorithm. To explicitly enable determinism call torch.use_deterministic_algorithms(True, warn_only=False). (Triggered internally at ../aten/src/ATen/native/transformers/cuda/attention_backward.cu:413.)
  Variable._execution_engine.run_backward(  # Calls into the C++ engine to run the backward pass
Epoch 1, RNA: recon_loss=0.2351 , ATAC: recon_loss=0.3749 
/data/zhangpeiru/GARQ_revision/model.py:121: UserWarning: cumsum_cuda_kernel does not have a deterministic implementation, but you set 'torch.use_deterministic_algorithms(True, warn_only=True)'. You can file an issue at https://github.com/pytorch/pytorch/issues to help us prioritize adding deterministic support for this operation. (Triggered internally at ../aten/src/ATen/Context.cpp:71.)
  dis_indices = torch.multinomial(
/data/zhangpeiru/GARQ_revision/data_utils.py:131: RuntimeWarning: Mean of empty slice.
  [data[meta_ids == i].mean(axis=0) for i in range(meta_ids.max() + 1)]
/home/zhangpeiru/.conda/envs/MetqQ2/lib/python3.11/site-packages/numpy/core/_methods.py:121: RuntimeWarning: invalid value encountered in divide
  ret = um.true_divide(
/data/zhangpeiru/GARQ_revision/data_utils.py:140: UserWarning: The given NumPy array is not writable, and PyTorch does not support non-writable tensors. This means writing to this tensor will result in undefined behavior. You may want to copy the array to protect its data or make it writable before converting it to a tensor. This type of warning will be suppressed for the rest of this program. (Triggered internally at ../torch/csrc/utils/tensor_numpy.cpp:206.)
  type_int = torch.from_numpy(adata.obs[args.type_key].cat.codes.values).long()
/data/zhangpeiru/GARQ_revision/data_utils.py:131: RuntimeWarning: Mean of empty slice.
  [data[meta_ids == i].mean(axis=0) for i in range(meta_ids.max() + 1)]
/home/zhangpeiru/.conda/envs/MetqQ2/lib/python3.11/site-packages/numpy/core/_methods.py:121: RuntimeWarning: invalid value encountered in divide
  ret = um.true_divide(
/home/zhangpeiru/.conda/envs/MetqQ2/lib/python3.11/site-packages/louvain/__init__.py:54: UserWarning: pkg_resources is deprecated as an API. See https://setuptools.pypa.io/en/latest/pkg_resources.html. The pkg_resources package is slated for removal as early as 2025-11-30. Refrain from using this package or pin to Setuptools<81.
  from pkg_resources import get_distribution, DistributionNotFound
/home/zhangpeiru/.conda/envs/MetqQ2/lib/python3.11/site-packages/anndata/utils.py:434: FutureWarning: Importing read_csv from `anndata` is deprecated. Import anndata.io.read_csv instead.
  warnings.warn(msg, FutureWarning)
/home/zhangpeiru/.conda/envs/MetqQ2/lib/python3.11/site-packages/anndata/utils.py:434: FutureWarning: Importing read_text from `anndata` is deprecated. Import anndata.io.read_text instead.
  warnings.warn(msg, FutureWarning)
/home/zhangpeiru/.conda/envs/MetqQ2/lib/python3.11/site-packages/anndata/utils.py:434: FutureWarning: Importing read_excel from `anndata` is deprecated. Import anndata.io.read_excel instead.
  warnings.warn(msg, FutureWarning)
/home/zhangpeiru/.conda/envs/MetqQ2/lib/python3.11/site-packages/anndata/utils.py:434: FutureWarning: Importing read_mtx from `anndata` is deprecated. Import anndata.io.read_mtx instead.
  warnings.warn(msg, FutureWarning)
/home/zhangpeiru/.conda/envs/MetqQ2/lib/python3.11/site-packages/anndata/utils.py:434: FutureWarning: Importing read_loom from `anndata` is deprecated. Import anndata.io.read_loom instead.
  warnings.warn(msg, FutureWarning)
/home/zhangpeiru/.conda/envs/MetqQ2/lib/python3.11/site-packages/anndata/utils.py:434: FutureWarning: Importing read_hdf from `anndata` is deprecated. Import anndata.io.read_hdf instead.
  warnings.warn(msg, FutureWarning)
/home/zhangpeiru/.conda/envs/MetqQ2/lib/python3.11/site-packages/anndata/utils.py:434: FutureWarning: Importing read_umi_tools from `anndata` is deprecated. Import anndata.io.read_umi_tools instead.
  warnings.warn(msg, FutureWarning)
WARNING: adata.X seems to be already log-transformed.
/home/zhangpeiru/.conda/envs/MetqQ2/lib/python3.11/site-packages/scanpy/preprocessing/_highly_variable_genes.py:220: FutureWarning: The default of observed=False is deprecated and will be changed to True in a future version of pandas. Pass observed=False to retain current behavior or observed=True to adopt the future default and silence this warning.
  disp_grouped = df.groupby('mean_bin')['dispersions']
/home/zhangpeiru/.conda/envs/MetqQ2/lib/python3.11/site-packages/scanpy/preprocessing/_simple.py:843: UserWarning: Received a view of an AnnData. Making a copy.
  view_to_actual(adata)
/home/zhangpeiru/.conda/envs/MetqQ2/lib/python3.11/site-packages/scanpy/preprocessing/_highly_variable_genes.py:220: FutureWarning: The default of observed=False is deprecated and will be changed to True in a future version of pandas. Pass observed=False to retain current behavior or observed=True to adopt the future default and silence this warning.
  disp_grouped = df.groupby('mean_bin')['dispersions']
/home/zhangpeiru/.conda/envs/MetqQ2/lib/python3.11/site-packages/scanpy/preprocessing/_simple.py:843: UserWarning: Received a view of an AnnData. Making a copy.
  view_to_actual(adata)
=======Loading and Preprocessing Data=======
Data of 2 omics in total
revision_results/cache/subsets/D11_11_GSE194122_rna_2000cells_seed1729_rare-CD14-Mono-abundance0.02-seed62747.h5ad loaded with shape [2000, 3004]
revision_results/cache/subsets/D11_11_GSE194122_atac_2000cells_seed1729_rare-CD14-Mono-abundance0.02-seed62747.h5ad loaded with shape [2000, 30000]
2026-08-29 15:47:00,950 INFO Loading faiss with AVX512 support.
2026-08-29 15:47:00,972 INFO Successfully loaded faiss with AVX512 support.
2026-08-29 15:47:00,976 INFO Failed to load GPU Faiss: name 'GpuIndexIVFFlat' is not defined. Will not load constructor refs for GPU indexes. This is only an error if you're trying to use GPU Faiss.
WARNING clustering 512 points to 40 centroids: please provide at least 1560 training points
GARQ Initialization completed.
/home/zhangpeiru/.conda/envs/MetqQ2/lib/python3.11/site-packages/torch/autograd/__init__.py:251: UserWarning: Memory Efficient attention defaults to a non-deterministic algorithm. To explicitly enable determinism call torch.use_deterministic_algorithms(True, warn_only=False). (Triggered internally at ../aten/src/ATen/native/transformers/cuda/attention_backward.cu:413.)
  Variable._execution_engine.run_backward(  # Calls into the C++ engine to run the backward pass
Epoch 1, RNA: recon_loss=0.2313 , ATAC: recon_loss=0.3778 
/data/zhangpeiru/GARQ_revision/model.py:121: UserWarning: cumsum_cuda_kernel does not have a deterministic implementation, but you set 'torch.use_deterministic_algorithms(True, warn_only=True)'. You can file an issue at https://github.com/pytorch/pytorch/issues to help us prioritize adding deterministic support for this operation. (Triggered internally at ../aten/src/ATen/Context.cpp:71.)
  dis_indices = torch.multinomial(
/data/zhangpeiru/GARQ_revision/data_utils.py:131: RuntimeWarning: Mean of empty slice.
  [data[meta_ids == i].mean(axis=0) for i in range(meta_ids.max() + 1)]
/home/zhangpeiru/.conda/envs/MetqQ2/lib/python3.11/site-packages/numpy/core/_methods.py:121: RuntimeWarning: invalid value encountered in divide
  ret = um.true_divide(
/data/zhangpeiru/GARQ_revision/data_utils.py:140: UserWarning: The given NumPy array is not writable, and PyTorch does not support non-writable tensors. This means writing to this tensor will result in undefined behavior. You may want to copy the array to protect its data or make it writable before converting it to a tensor. This type of warning will be suppressed for the rest of this program. (Triggered internally at ../torch/csrc/utils/tensor_numpy.cpp:206.)
  type_int = torch.from_numpy(adata.obs[args.type_key].cat.codes.values).long()
/data/zhangpeiru/GARQ_revision/data_utils.py:131: RuntimeWarning: Mean of empty slice.
  [data[meta_ids == i].mean(axis=0) for i in range(meta_ids.max() + 1)]
/home/zhangpeiru/.conda/envs/MetqQ2/lib/python3.11/site-packages/numpy/core/_methods.py:121: RuntimeWarning: invalid value encountered in divide
  ret = um.true_divide(
/home/zhangpeiru/.conda/envs/MetqQ2/lib/python3.11/site-packages/louvain/__init__.py:54: UserWarning: pkg_resources is deprecated as an API. See https://setuptools.pypa.io/en/latest/pkg_resources.html. The pkg_resources package is slated for removal as early as 2025-11-30. Refrain from using this package or pin to Setuptools<81.
  from pkg_resources import get_distribution, DistributionNotFound
/home/zhangpeiru/.conda/envs/MetqQ2/lib/python3.11/site-packages/anndata/utils.py:434: FutureWarning: Importing read_csv from `anndata` is deprecated. Import anndata.io.read_csv instead.
  warnings.warn(msg, FutureWarning)
/home/zhangpeiru/.conda/envs/MetqQ2/lib/python3.11/site-packages/anndata/utils.py:434: FutureWarning: Importing read_text from `anndata` is deprecated. Import anndata.io.read_text instead.
  warnings.warn(msg, FutureWarning)
/home/zhangpeiru/.conda/envs/MetqQ2/lib/python3.11/site-packages/anndata/utils.py:434: FutureWarning: Importing read_excel from `anndata` is deprecated. Import anndata.io.read_excel instead.
  warnings.warn(msg, FutureWarning)
/home/zhangpeiru/.conda/envs/MetqQ2/lib/python3.11/site-packages/anndata/utils.py:434: FutureWarning: Importing read_mtx from `anndata` is deprecated. Import anndata.io.read_mtx instead.
  warnings.warn(msg, FutureWarning)
/home/zhangpeiru/.conda/envs/MetqQ2/lib/python3.11/site-packages/anndata/utils.py:434: FutureWarning: Importing read_loom from `anndata` is deprecated. Import anndata.io.read_loom instead.
  warnings.warn(msg, FutureWarning)
/home/zhangpeiru/.conda/envs/MetqQ2/lib/python3.11/site-packages/anndata/utils.py:434: FutureWarning: Importing read_hdf from `anndata` is deprecated. Import anndata.io.read_hdf instead.
  warnings.warn(msg, FutureWarning)
/home/zhangpeiru/.conda/envs/MetqQ2/lib/python3.11/site-packages/anndata/utils.py:434: FutureWarning: Importing read_umi_tools from `anndata` is deprecated. Import anndata.io.read_umi_tools instead.
  warnings.warn(msg, FutureWarning)
WARNING: adata.X seems to be already log-transformed.
/home/zhangpeiru/.conda/envs/MetqQ2/lib/python3.11/site-packages/scanpy/preprocessing/_highly_variable_genes.py:220: FutureWarning: The default of observed=False is deprecated and will be changed to True in a future version of pandas. Pass observed=False to retain current behavior or observed=True to adopt the future default and silence this warning.
  disp_grouped = df.groupby('mean_bin')['dispersions']
/home/zhangpeiru/.conda/envs/MetqQ2/lib/python3.11/site-packages/scanpy/preprocessing/_simple.py:843: UserWarning: Received a view of an AnnData. Making a copy.
  view_to_actual(adata)
/home/zhangpeiru/.conda/envs/MetqQ2/lib/python3.11/site-packages/scanpy/preprocessing/_highly_variable_genes.py:220: FutureWarning: The default of observed=False is deprecated and will be changed to True in a future version of pandas. Pass observed=False to retain current behavior or observed=True to adopt the future default and silence this warning.
  disp_grouped = df.groupby('mean_bin')['dispersions']
/home/zhangpeiru/.conda/envs/MetqQ2/lib/python3.11/site-packages/scanpy/preprocessing/_simple.py:843: UserWarning: Received a view of an AnnData. Making a copy.
  view_to_actual(adata)
=======Loading and Preprocessing Data=======
Data of 2 omics in total
revision_results/cache/subsets/D11_11_GSE194122_rna_2000cells_seed1729_rare-CD14-Mono-abundance0.02-seed338459.h5ad loaded with shape [2000, 3005]
revision_results/cache/subsets/D11_11_GSE194122_atac_2000cells_seed1729_rare-CD14-Mono-abundance0.02-seed338459.h5ad loaded with shape [2000, 30000]
2026-08-29 15:47:20,294 INFO Loading faiss with AVX512 support.
2026-08-29 15:47:20,314 INFO Successfully loaded faiss with AVX512 support.
2026-08-29 15:47:20,317 INFO Failed to load GPU Faiss: name 'GpuIndexIVFFlat' is not defined. Will not load constructor refs for GPU indexes. This is only an error if you're trying to use GPU Faiss.
WARNING clustering 512 points to 40 centroids: please provide at least 1560 training points
GARQ Initialization completed.
/home/zhangpeiru/.conda/envs/MetqQ2/lib/python3.11/site-packages/torch/autograd/__init__.py:251: UserWarning: Memory Efficient attention defaults to a non-deterministic algorithm. To explicitly enable determinism call torch.use_deterministic_algorithms(True, warn_only=False). (Triggered internally at ../aten/src/ATen/native/transformers/cuda/attention_backward.cu:413.)
  Variable._execution_engine.run_backward(  # Calls into the C++ engine to run the backward pass
Epoch 1, RNA: recon_loss=0.2347 , ATAC: recon_loss=0.3668 
/data/zhangpeiru/GARQ_revision/model.py:121: UserWarning: cumsum_cuda_kernel does not have a deterministic implementation, but you set 'torch.use_deterministic_algorithms(True, warn_only=True)'. You can file an issue at https://github.com/pytorch/pytorch/issues to help us prioritize adding deterministic support for this operation. (Triggered internally at ../aten/src/ATen/Context.cpp:71.)
  dis_indices = torch.multinomial(
/data/zhangpeiru/GARQ_revision/data_utils.py:131: RuntimeWarning: Mean of empty slice.
  [data[meta_ids == i].mean(axis=0) for i in range(meta_ids.max() + 1)]
/home/zhangpeiru/.conda/envs/MetqQ2/lib/python3.11/site-packages/numpy/core/_methods.py:121: RuntimeWarning: invalid value encountered in divide
  ret = um.true_divide(
/data/zhangpeiru/GARQ_revision/data_utils.py:140: UserWarning: The given NumPy array is not writable, and PyTorch does not support non-writable tensors. This means writing to this tensor will result in undefined behavior. You may want to copy the array to protect its data or make it writable before converting it to a tensor. This type of warning will be suppressed for the rest of this program. (Triggered internally at ../torch/csrc/utils/tensor_numpy.cpp:206.)
  type_int = torch.from_numpy(adata.obs[args.type_key].cat.codes.values).long()
/data/zhangpeiru/GARQ_revision/data_utils.py:131: RuntimeWarning: Mean of empty slice.
  [data[meta_ids == i].mean(axis=0) for i in range(meta_ids.max() + 1)]
/home/zhangpeiru/.conda/envs/MetqQ2/lib/python3.11/site-packages/numpy/core/_methods.py:121: RuntimeWarning: invalid value encountered in divide
  ret = um.true_divide(
/home/zhangpeiru/.conda/envs/MetqQ2/lib/python3.11/site-packages/louvain/__init__.py:54: UserWarning: pkg_resources is deprecated as an API. See https://setuptools.pypa.io/en/latest/pkg_resources.html. The pkg_resources package is slated for removal as early as 2025-11-30. Refrain from using this package or pin to Setuptools<81.
  from pkg_resources import get_distribution, DistributionNotFound
/home/zhangpeiru/.conda/envs/MetqQ2/lib/python3.11/site-packages/anndata/utils.py:434: FutureWarning: Importing read_csv from `anndata` is deprecated. Import anndata.io.read_csv instead.
  warnings.warn(msg, FutureWarning)
/home/zhangpeiru/.conda/envs/MetqQ2/lib/python3.11/site-packages/anndata/utils.py:434: FutureWarning: Importing read_text from `anndata` is deprecated. Import anndata.io.read_text instead.
  warnings.warn(msg, FutureWarning)
/home/zhangpeiru/.conda/envs/MetqQ2/lib/python3.11/site-packages/anndata/utils.py:434: FutureWarning: Importing read_excel from `anndata` is deprecated. Import anndata.io.read_excel instead.
  warnings.warn(msg, FutureWarning)
/home/zhangpeiru/.conda/envs/MetqQ2/lib/python3.11/site-packages/anndata/utils.py:434: FutureWarning: Importing read_mtx from `anndata` is deprecated. Import anndata.io.read_mtx instead.
  warnings.warn(msg, FutureWarning)
/home/zhangpeiru/.conda/envs/MetqQ2/lib/python3.11/site-packages/anndata/utils.py:434: FutureWarning: Importing read_loom from `anndata` is deprecated. Import anndata.io.read_loom instead.
  warnings.warn(msg, FutureWarning)
/home/zhangpeiru/.conda/envs/MetqQ2/lib/python3.11/site-packages/anndata/utils.py:434: FutureWarning: Importing read_hdf from `anndata` is deprecated. Import anndata.io.read_hdf instead.
  warnings.warn(msg, FutureWarning)
/home/zhangpeiru/.conda/envs/MetqQ2/lib/python3.11/site-packages/anndata/utils.py:434: FutureWarning: Importing read_umi_tools from `anndata` is deprecated. Import anndata.io.read_umi_tools instead.
  warnings.warn(msg, FutureWarning)
WARNING: adata.X seems to be already log-transformed.
/home/zhangpeiru/.conda/envs/MetqQ2/lib/python3.11/site-packages/scanpy/preprocessing/_highly_variable_genes.py:220: FutureWarning: The default of observed=False is deprecated and will be changed to True in a future version of pandas. Pass observed=False to retain current behavior or observed=True to adopt the future default and silence this warning.
  disp_grouped = df.groupby('mean_bin')['dispersions']
/home/zhangpeiru/.conda/envs/MetqQ2/lib/python3.11/site-packages/scanpy/preprocessing/_simple.py:843: UserWarning: Received a view of an AnnData. Making a copy.
  view_to_actual(adata)
/home/zhangpeiru/.conda/envs/MetqQ2/lib/python3.11/site-packages/scanpy/preprocessing/_highly_variable_genes.py:220: FutureWarning: The default of observed=False is deprecated and will be changed to True in a future version of pandas. Pass observed=False to retain current behavior or observed=True to adopt the future default and silence this warning.
  disp_grouped = df.groupby('mean_bin')['dispersions']
/home/zhangpeiru/.conda/envs/MetqQ2/lib/python3.11/site-packages/scanpy/preprocessing/_simple.py:843: UserWarning: Received a view of an AnnData. Making a copy.
  view_to_actual(adata)
=======Loading and Preprocessing Data=======
Data of 2 omics in total
revision_results/cache/subsets/D11_11_GSE194122_rna_2000cells_seed1729_rare-cDC2-abundance0.001-seed159878.h5ad loaded with shape [2000, 3003]
revision_results/cache/subsets/D11_11_GSE194122_atac_2000cells_seed1729_rare-cDC2-abundance0.001-seed159878.h5ad loaded with shape [2000, 30000]
2026-08-29 15:47:38,523 INFO Loading faiss with AVX512 support.
2026-08-29 15:47:38,548 INFO Successfully loaded faiss with AVX512 support.
2026-08-29 15:47:38,552 INFO Failed to load GPU Faiss: name 'GpuIndexIVFFlat' is not defined. Will not load constructor refs for GPU indexes. This is only an error if you're trying to use GPU Faiss.
WARNING clustering 512 points to 40 centroids: please provide at least 1560 training points
GARQ Initialization completed.
/home/zhangpeiru/.conda/envs/MetqQ2/lib/python3.11/site-packages/torch/autograd/__init__.py:251: UserWarning: Memory Efficient attention defaults to a non-deterministic algorithm. To explicitly enable determinism call torch.use_deterministic_algorithms(True, warn_only=False). (Triggered internally at ../aten/src/ATen/native/transformers/cuda/attention_backward.cu:413.)
  Variable._execution_engine.run_backward(  # Calls into the C++ engine to run the backward pass
Epoch 1, RNA: recon_loss=0.2398 , ATAC: recon_loss=0.3799 
/data/zhangpeiru/GARQ_revision/model.py:121: UserWarning: cumsum_cuda_kernel does not have a deterministic implementation, but you set 'torch.use_deterministic_algorithms(True, warn_only=True)'. You can file an issue at https://github.com/pytorch/pytorch/issues to help us prioritize adding deterministic support for this operation. (Triggered internally at ../aten/src/ATen/Context.cpp:71.)
  dis_indices = torch.multinomial(
/data/zhangpeiru/GARQ_revision/data_utils.py:131: RuntimeWarning: Mean of empty slice.
  [data[meta_ids == i].mean(axis=0) for i in range(meta_ids.max() + 1)]
/home/zhangpeiru/.conda/envs/MetqQ2/lib/python3.11/site-packages/numpy/core/_methods.py:121: RuntimeWarning: invalid value encountered in divide
  ret = um.true_divide(
/data/zhangpeiru/GARQ_revision/data_utils.py:140: UserWarning: The given NumPy array is not writable, and PyTorch does not support non-writable tensors. This means writing to this tensor will result in undefined behavior. You may want to copy the array to protect its data or make it writable before converting it to a tensor. This type of warning will be suppressed for the rest of this program. (Triggered internally at ../torch/csrc/utils/tensor_numpy.cpp:206.)
  type_int = torch.from_numpy(adata.obs[args.type_key].cat.codes.values).long()
/data/zhangpeiru/GARQ_revision/data_utils.py:131: RuntimeWarning: Mean of empty slice.
  [data[meta_ids == i].mean(axis=0) for i in range(meta_ids.max() + 1)]
/home/zhangpeiru/.conda/envs/MetqQ2/lib/python3.11/site-packages/numpy/core/_methods.py:121: RuntimeWarning: invalid value encountered in divide
  ret = um.true_divide(
/home/zhangpeiru/.conda/envs/MetqQ2/lib/python3.11/site-packages/louvain/__init__.py:54: UserWarning: pkg_resources is deprecated as an API. See https://setuptools.pypa.io/en/latest/pkg_resources.html. The pkg_resources package is slated for removal as early as 2025-11-30. Refrain from using this package or pin to Setuptools<81.
  from pkg_resources import get_distribution, DistributionNotFound
/home/zhangpeiru/.conda/envs/MetqQ2/lib/python3.11/site-packages/anndata/utils.py:434: FutureWarning: Importing read_csv from `anndata` is deprecated. Import anndata.io.read_csv instead.
  warnings.warn(msg, FutureWarning)
/home/zhangpeiru/.conda/envs/MetqQ2/lib/python3.11/site-packages/anndata/utils.py:434: FutureWarning: Importing read_text from `anndata` is deprecated. Import anndata.io.read_text instead.
  warnings.warn(msg, FutureWarning)
/home/zhangpeiru/.conda/envs/MetqQ2/lib/python3.11/site-packages/anndata/utils.py:434: FutureWarning: Importing read_excel from `anndata` is deprecated. Import anndata.io.read_excel instead.
  warnings.warn(msg, FutureWarning)
/home/zhangpeiru/.conda/envs/MetqQ2/lib/python3.11/site-packages/anndata/utils.py:434: FutureWarning: Importing read_mtx from `anndata` is deprecated. Import anndata.io.read_mtx instead.
  warnings.warn(msg, FutureWarning)
/home/zhangpeiru/.conda/envs/MetqQ2/lib/python3.11/site-packages/anndata/utils.py:434: FutureWarning: Importing read_loom from `anndata` is deprecated. Import anndata.io.read_loom instead.
  warnings.warn(msg, FutureWarning)
/home/zhangpeiru/.conda/envs/MetqQ2/lib/python3.11/site-packages/anndata/utils.py:434: FutureWarning: Importing read_hdf from `anndata` is deprecated. Import anndata.io.read_hdf instead.
  warnings.warn(msg, FutureWarning)
/home/zhangpeiru/.conda/envs/MetqQ2/lib/python3.11/site-packages/anndata/utils.py:434: FutureWarning: Importing read_umi_tools from `anndata` is deprecated. Import anndata.io.read_umi_tools instead.
  warnings.warn(msg, FutureWarning)
WARNING: adata.X seems to be already log-transformed.
/home/zhangpeiru/.conda/envs/MetqQ2/lib/python3.11/site-packages/scanpy/preprocessing/_highly_variable_genes.py:220: FutureWarning: The default of observed=False is deprecated and will be changed to True in a future version of pandas. Pass observed=False to retain current behavior or observed=True to adopt the future default and silence this warning.
  disp_grouped = df.groupby('mean_bin')['dispersions']
/home/zhangpeiru/.conda/envs/MetqQ2/lib/python3.11/site-packages/scanpy/preprocessing/_simple.py:843: UserWarning: Received a view of an AnnData. Making a copy.
  view_to_actual(adata)
/home/zhangpeiru/.conda/envs/MetqQ2/lib/python3.11/site-packages/scanpy/preprocessing/_highly_variable_genes.py:220: FutureWarning: The default of observed=False is deprecated and will be changed to True in a future version of pandas. Pass observed=False to retain current behavior or observed=True to adopt the future default and silence this warning.
  disp_grouped = df.groupby('mean_bin')['dispersions']
/home/zhangpeiru/.conda/envs/MetqQ2/lib/python3.11/site-packages/scanpy/preprocessing/_simple.py:843: UserWarning: Received a view of an AnnData. Making a copy.
  view_to_actual(adata)
=======Loading and Preprocessing Data=======
Data of 2 omics in total
revision_results/cache/subsets/D11_11_GSE194122_rna_2000cells_seed1729_rare-cDC2-abundance0.001-seed262600.h5ad loaded with shape [2000, 3003]
revision_results/cache/subsets/D11_11_GSE194122_atac_2000cells_seed1729_rare-cDC2-abundance0.001-seed262600.h5ad loaded with shape [2000, 30000]
2026-08-29 15:47:56,315 INFO Loading faiss with AVX512 support.
2026-08-29 15:47:56,333 INFO Successfully loaded faiss with AVX512 support.
2026-08-29 15:47:56,336 INFO Failed to load GPU Faiss: name 'GpuIndexIVFFlat' is not defined. Will not load constructor refs for GPU indexes. This is only an error if you're trying to use GPU Faiss.
WARNING clustering 512 points to 40 centroids: please provide at least 1560 training points
GARQ Initialization completed.
/home/zhangpeiru/.conda/envs/MetqQ2/lib/python3.11/site-packages/torch/autograd/__init__.py:251: UserWarning: Memory Efficient attention defaults to a non-deterministic algorithm. To explicitly enable determinism call torch.use_deterministic_algorithms(True, warn_only=False). (Triggered internally at ../aten/src/ATen/native/transformers/cuda/attention_backward.cu:413.)
  Variable._execution_engine.run_backward(  # Calls into the C++ engine to run the backward pass
Epoch 1, RNA: recon_loss=0.2331 , ATAC: recon_loss=0.3716 
/data/zhangpeiru/GARQ_revision/model.py:121: UserWarning: cumsum_cuda_kernel does not have a deterministic implementation, but you set 'torch.use_deterministic_algorithms(True, warn_only=True)'. You can file an issue at https://github.com/pytorch/pytorch/issues to help us prioritize adding deterministic support for this operation. (Triggered internally at ../aten/src/ATen/Context.cpp:71.)
  dis_indices = torch.multinomial(
/data/zhangpeiru/GARQ_revision/data_utils.py:140: UserWarning: The given NumPy array is not writable, and PyTorch does not support non-writable tensors. This means writing to this tensor will result in undefined behavior. You may want to copy the array to protect its data or make it writable before converting it to a tensor. This type of warning will be suppressed for the rest of this program. (Triggered internally at ../torch/csrc/utils/tensor_numpy.cpp:206.)
  type_int = torch.from_numpy(adata.obs[args.type_key].cat.codes.values).long()
/home/zhangpeiru/.conda/envs/MetqQ2/lib/python3.11/site-packages/louvain/__init__.py:54: UserWarning: pkg_resources is deprecated as an API. See https://setuptools.pypa.io/en/latest/pkg_resources.html. The pkg_resources package is slated for removal as early as 2025-11-30. Refrain from using this package or pin to Setuptools<81.
  from pkg_resources import get_distribution, DistributionNotFound
/home/zhangpeiru/.conda/envs/MetqQ2/lib/python3.11/site-packages/anndata/utils.py:434: FutureWarning: Importing read_csv from `anndata` is deprecated. Import anndata.io.read_csv instead.
  warnings.warn(msg, FutureWarning)
/home/zhangpeiru/.conda/envs/MetqQ2/lib/python3.11/site-packages/anndata/utils.py:434: FutureWarning: Importing read_text from `anndata` is deprecated. Import anndata.io.read_text instead.
  warnings.warn(msg, FutureWarning)
/home/zhangpeiru/.conda/envs/MetqQ2/lib/python3.11/site-packages/anndata/utils.py:434: FutureWarning: Importing read_excel from `anndata` is deprecated. Import anndata.io.read_excel instead.
  warnings.warn(msg, FutureWarning)
/home/zhangpeiru/.conda/envs/MetqQ2/lib/python3.11/site-packages/anndata/utils.py:434: FutureWarning: Importing read_mtx from `anndata` is deprecated. Import anndata.io.read_mtx instead.
  warnings.warn(msg, FutureWarning)
/home/zhangpeiru/.conda/envs/MetqQ2/lib/python3.11/site-packages/anndata/utils.py:434: FutureWarning: Importing read_loom from `anndata` is deprecated. Import anndata.io.read_loom instead.
  warnings.warn(msg, FutureWarning)
/home/zhangpeiru/.conda/envs/MetqQ2/lib/python3.11/site-packages/anndata/utils.py:434: FutureWarning: Importing read_hdf from `anndata` is deprecated. Import anndata.io.read_hdf instead.
  warnings.warn(msg, FutureWarning)
/home/zhangpeiru/.conda/envs/MetqQ2/lib/python3.11/site-packages/anndata/utils.py:434: FutureWarning: Importing read_umi_tools from `anndata` is deprecated. Import anndata.io.read_umi_tools instead.
  warnings.warn(msg, FutureWarning)
WARNING: adata.X seems to be already log-transformed.
/home/zhangpeiru/.conda/envs/MetqQ2/lib/python3.11/site-packages/scanpy/preprocessing/_highly_variable_genes.py:220: FutureWarning: The default of observed=False is deprecated and will be changed to True in a future version of pandas. Pass observed=False to retain current behavior or observed=True to adopt the future default and silence this warning.
  disp_grouped = df.groupby('mean_bin')['dispersions']
/home/zhangpeiru/.conda/envs/MetqQ2/lib/python3.11/site-packages/scanpy/preprocessing/_simple.py:843: UserWarning: Received a view of an AnnData. Making a copy.
  view_to_actual(adata)
/home/zhangpeiru/.conda/envs/MetqQ2/lib/python3.11/site-packages/scanpy/preprocessing/_highly_variable_genes.py:220: FutureWarning: The default of observed=False is deprecated and will be changed to True in a future version of pandas. Pass observed=False to retain current behavior or observed=True to adopt the future default and silence this warning.
  disp_grouped = df.groupby('mean_bin')['dispersions']
/home/zhangpeiru/.conda/envs/MetqQ2/lib/python3.11/site-packages/scanpy/preprocessing/_simple.py:843: UserWarning: Received a view of an AnnData. Making a copy.
  view_to_actual(adata)
=======Loading and Preprocessing Data=======
Data of 2 omics in total
revision_results/cache/subsets/D11_11_GSE194122_rna_2000cells_seed1729_rare-cDC2-abundance0.001-seed711330.h5ad loaded with shape [2000, 3002]
revision_results/cache/subsets/D11_11_GSE194122_atac_2000cells_seed1729_rare-cDC2-abundance0.001-seed711330.h5ad loaded with shape [2000, 30000]
2026-08-29 15:48:14,367 INFO Loading faiss with AVX512 support.
2026-08-29 15:48:14,390 INFO Successfully loaded faiss with AVX512 support.
2026-08-29 15:48:14,395 INFO Failed to load GPU Faiss: name 'GpuIndexIVFFlat' is not defined. Will not load constructor refs for GPU indexes. This is only an error if you're trying to use GPU Faiss.
WARNING clustering 512 points to 40 centroids: please provide at least 1560 training points
GARQ Initialization completed.
/home/zhangpeiru/.conda/envs/MetqQ2/lib/python3.11/site-packages/torch/autograd/__init__.py:251: UserWarning: Memory Efficient attention defaults to a non-deterministic algorithm. To explicitly enable determinism call torch.use_deterministic_algorithms(True, warn_only=False). (Triggered internally at ../aten/src/ATen/native/transformers/cuda/attention_backward.cu:413.)
  Variable._execution_engine.run_backward(  # Calls into the C++ engine to run the backward pass
Epoch 1, RNA: recon_loss=0.2340 , ATAC: recon_loss=0.3802 
/data/zhangpeiru/GARQ_revision/model.py:121: UserWarning: cumsum_cuda_kernel does not have a deterministic implementation, but you set 'torch.use_deterministic_algorithms(True, warn_only=True)'. You can file an issue at https://github.com/pytorch/pytorch/issues to help us prioritize adding deterministic support for this operation. (Triggered internally at ../aten/src/ATen/Context.cpp:71.)
  dis_indices = torch.multinomial(
/data/zhangpeiru/GARQ_revision/data_utils.py:140: UserWarning: The given NumPy array is not writable, and PyTorch does not support non-writable tensors. This means writing to this tensor will result in undefined behavior. You may want to copy the array to protect its data or make it writable before converting it to a tensor. This type of warning will be suppressed for the rest of this program. (Triggered internally at ../torch/csrc/utils/tensor_numpy.cpp:206.)
  type_int = torch.from_numpy(adata.obs[args.type_key].cat.codes.values).long()
/home/zhangpeiru/.conda/envs/MetqQ2/lib/python3.11/site-packages/louvain/__init__.py:54: UserWarning: pkg_resources is deprecated as an API. See https://setuptools.pypa.io/en/latest/pkg_resources.html. The pkg_resources package is slated for removal as early as 2025-11-30. Refrain from using this package or pin to Setuptools<81.
  from pkg_resources import get_distribution, DistributionNotFound
/home/zhangpeiru/.conda/envs/MetqQ2/lib/python3.11/site-packages/anndata/utils.py:434: FutureWarning: Importing read_csv from `anndata` is deprecated. Import anndata.io.read_csv instead.
  warnings.warn(msg, FutureWarning)
/home/zhangpeiru/.conda/envs/MetqQ2/lib/python3.11/site-packages/anndata/utils.py:434: FutureWarning: Importing read_text from `anndata` is deprecated. Import anndata.io.read_text instead.
  warnings.warn(msg, FutureWarning)
/home/zhangpeiru/.conda/envs/MetqQ2/lib/python3.11/site-packages/anndata/utils.py:434: FutureWarning: Importing read_excel from `anndata` is deprecated. Import anndata.io.read_excel instead.
  warnings.warn(msg, FutureWarning)
/home/zhangpeiru/.conda/envs/MetqQ2/lib/python3.11/site-packages/anndata/utils.py:434: FutureWarning: Importing read_mtx from `anndata` is deprecated. Import anndata.io.read_mtx instead.
  warnings.warn(msg, FutureWarning)
/home/zhangpeiru/.conda/envs/MetqQ2/lib/python3.11/site-packages/anndata/utils.py:434: FutureWarning: Importing read_loom from `anndata` is deprecated. Import anndata.io.read_loom instead.
  warnings.warn(msg, FutureWarning)
/home/zhangpeiru/.conda/envs/MetqQ2/lib/python3.11/site-packages/anndata/utils.py:434: FutureWarning: Importing read_hdf from `anndata` is deprecated. Import anndata.io.read_hdf instead.
  warnings.warn(msg, FutureWarning)
/home/zhangpeiru/.conda/envs/MetqQ2/lib/python3.11/site-packages/anndata/utils.py:434: FutureWarning: Importing read_umi_tools from `anndata` is deprecated. Import anndata.io.read_umi_tools instead.
  warnings.warn(msg, FutureWarning)
WARNING: adata.X seems to be already log-transformed.
/home/zhangpeiru/.conda/envs/MetqQ2/lib/python3.11/site-packages/scanpy/preprocessing/_highly_variable_genes.py:220: FutureWarning: The default of observed=False is deprecated and will be changed to True in a future version of pandas. Pass observed=False to retain current behavior or observed=True to adopt the future default and silence this warning.
  disp_grouped = df.groupby('mean_bin')['dispersions']
/home/zhangpeiru/.conda/envs/MetqQ2/lib/python3.11/site-packages/scanpy/preprocessing/_simple.py:843: UserWarning: Received a view of an AnnData. Making a copy.
  view_to_actual(adata)
/home/zhangpeiru/.conda/envs/MetqQ2/lib/python3.11/site-packages/scanpy/preprocessing/_highly_variable_genes.py:220: FutureWarning: The default of observed=False is deprecated and will be changed to True in a future version of pandas. Pass observed=False to retain current behavior or observed=True to adopt the future default and silence this warning.
  disp_grouped = df.groupby('mean_bin')['dispersions']
/home/zhangpeiru/.conda/envs/MetqQ2/lib/python3.11/site-packages/scanpy/preprocessing/_simple.py:843: UserWarning: Received a view of an AnnData. Making a copy.
  view_to_actual(adata)
=======Loading and Preprocessing Data=======
Data of 2 omics in total
revision_results/cache/subsets/D11_11_GSE194122_rna_2000cells_seed1729_rare-cDC2-abundance0.001-seed886130.h5ad loaded with shape [2000, 3002]
revision_results/cache/subsets/D11_11_GSE194122_atac_2000cells_seed1729_rare-cDC2-abundance0.001-seed886130.h5ad loaded with shape [2000, 30000]
2026-08-29 15:48:31,887 INFO Loading faiss with AVX512 support.
2026-08-29 15:48:31,909 INFO Successfully loaded faiss with AVX512 support.
2026-08-29 15:48:31,913 INFO Failed to load GPU Faiss: name 'GpuIndexIVFFlat' is not defined. Will not load constructor refs for GPU indexes. This is only an error if you're trying to use GPU Faiss.
WARNING clustering 512 points to 40 centroids: please provide at least 1560 training points
GARQ Initialization completed.
/home/zhangpeiru/.conda/envs/MetqQ2/lib/python3.11/site-packages/torch/autograd/__init__.py:251: UserWarning: Memory Efficient attention defaults to a non-deterministic algorithm. To explicitly enable determinism call torch.use_deterministic_algorithms(True, warn_only=False). (Triggered internally at ../aten/src/ATen/native/transformers/cuda/attention_backward.cu:413.)
  Variable._execution_engine.run_backward(  # Calls into the C++ engine to run the backward pass
Epoch 1, RNA: recon_loss=0.2370 , ATAC: recon_loss=0.3717 
/data/zhangpeiru/GARQ_revision/model.py:121: UserWarning: cumsum_cuda_kernel does not have a deterministic implementation, but you set 'torch.use_deterministic_algorithms(True, warn_only=True)'. You can file an issue at https://github.com/pytorch/pytorch/issues to help us prioritize adding deterministic support for this operation. (Triggered internally at ../aten/src/ATen/Context.cpp:71.)
  dis_indices = torch.multinomial(
/data/zhangpeiru/GARQ_revision/data_utils.py:140: UserWarning: The given NumPy array is not writable, and PyTorch does not support non-writable tensors. This means writing to this tensor will result in undefined behavior. You may want to copy the array to protect its data or make it writable before converting it to a tensor. This type of warning will be suppressed for the rest of this program. (Triggered internally at ../torch/csrc/utils/tensor_numpy.cpp:206.)
  type_int = torch.from_numpy(adata.obs[args.type_key].cat.codes.values).long()
/home/zhangpeiru/.conda/envs/MetqQ2/lib/python3.11/site-packages/louvain/__init__.py:54: UserWarning: pkg_resources is deprecated as an API. See https://setuptools.pypa.io/en/latest/pkg_resources.html. The pkg_resources package is slated for removal as early as 2025-11-30. Refrain from using this package or pin to Setuptools<81.
  from pkg_resources import get_distribution, DistributionNotFound
/home/zhangpeiru/.conda/envs/MetqQ2/lib/python3.11/site-packages/anndata/utils.py:434: FutureWarning: Importing read_csv from `anndata` is deprecated. Import anndata.io.read_csv instead.
  warnings.warn(msg, FutureWarning)
/home/zhangpeiru/.conda/envs/MetqQ2/lib/python3.11/site-packages/anndata/utils.py:434: FutureWarning: Importing read_text from `anndata` is deprecated. Import anndata.io.read_text instead.
  warnings.warn(msg, FutureWarning)
/home/zhangpeiru/.conda/envs/MetqQ2/lib/python3.11/site-packages/anndata/utils.py:434: FutureWarning: Importing read_excel from `anndata` is deprecated. Import anndata.io.read_excel instead.
  warnings.warn(msg, FutureWarning)
/home/zhangpeiru/.conda/envs/MetqQ2/lib/python3.11/site-packages/anndata/utils.py:434: FutureWarning: Importing read_mtx from `anndata` is deprecated. Import anndata.io.read_mtx instead.
  warnings.warn(msg, FutureWarning)
/home/zhangpeiru/.conda/envs/MetqQ2/lib/python3.11/site-packages/anndata/utils.py:434: FutureWarning: Importing read_loom from `anndata` is deprecated. Import anndata.io.read_loom instead.
  warnings.warn(msg, FutureWarning)
/home/zhangpeiru/.conda/envs/MetqQ2/lib/python3.11/site-packages/anndata/utils.py:434: FutureWarning: Importing read_hdf from `anndata` is deprecated. Import anndata.io.read_hdf instead.
  warnings.warn(msg, FutureWarning)
/home/zhangpeiru/.conda/envs/MetqQ2/lib/python3.11/site-packages/anndata/utils.py:434: FutureWarning: Importing read_umi_tools from `anndata` is deprecated. Import anndata.io.read_umi_tools instead.
  warnings.warn(msg, FutureWarning)
WARNING: adata.X seems to be already log-transformed.
/home/zhangpeiru/.conda/envs/MetqQ2/lib/python3.11/site-packages/scanpy/preprocessing/_highly_variable_genes.py:220: FutureWarning: The default of observed=False is deprecated and will be changed to True in a future version of pandas. Pass observed=False to retain current behavior or observed=True to adopt the future default and silence this warning.
  disp_grouped = df.groupby('mean_bin')['dispersions']
/home/zhangpeiru/.conda/envs/MetqQ2/lib/python3.11/site-packages/scanpy/preprocessing/_simple.py:843: UserWarning: Received a view of an AnnData. Making a copy.
  view_to_actual(adata)
/home/zhangpeiru/.conda/envs/MetqQ2/lib/python3.11/site-packages/scanpy/preprocessing/_highly_variable_genes.py:220: FutureWarning: The default of observed=False is deprecated and will be changed to True in a future version of pandas. Pass observed=False to retain current behavior or observed=True to adopt the future default and silence this warning.
  disp_grouped = df.groupby('mean_bin')['dispersions']
/home/zhangpeiru/.conda/envs/MetqQ2/lib/python3.11/site-packages/scanpy/preprocessing/_simple.py:843: UserWarning: Received a view of an AnnData. Making a copy.
  view_to_actual(adata)
=======Loading and Preprocessing Data=======
Data of 2 omics in total
revision_results/cache/subsets/D11_11_GSE194122_rna_2000cells_seed1729_rare-cDC2-abundance0.001-seed880090.h5ad loaded with shape [2000, 3000]
revision_results/cache/subsets/D11_11_GSE194122_atac_2000cells_seed1729_rare-cDC2-abundance0.001-seed880090.h5ad loaded with shape [2000, 30000]
2026-08-29 15:48:50,600 INFO Loading faiss with AVX512 support.
2026-08-29 15:48:50,624 INFO Successfully loaded faiss with AVX512 support.
2026-08-29 15:48:50,628 INFO Failed to load GPU Faiss: name 'GpuIndexIVFFlat' is not defined. Will not load constructor refs for GPU indexes. This is only an error if you're trying to use GPU Faiss.
WARNING clustering 512 points to 40 centroids: please provide at least 1560 training points
GARQ Initialization completed.
/home/zhangpeiru/.conda/envs/MetqQ2/lib/python3.11/site-packages/torch/autograd/__init__.py:251: UserWarning: Memory Efficient attention defaults to a non-deterministic algorithm. To explicitly enable determinism call torch.use_deterministic_algorithms(True, warn_only=False). (Triggered internally at ../aten/src/ATen/native/transformers/cuda/attention_backward.cu:413.)
  Variable._execution_engine.run_backward(  # Calls into the C++ engine to run the backward pass
Epoch 1, RNA: recon_loss=0.2394 , ATAC: recon_loss=0.3646 
/data/zhangpeiru/GARQ_revision/model.py:121: UserWarning: cumsum_cuda_kernel does not have a deterministic implementation, but you set 'torch.use_deterministic_algorithms(True, warn_only=True)'. You can file an issue at https://github.com/pytorch/pytorch/issues to help us prioritize adding deterministic support for this operation. (Triggered internally at ../aten/src/ATen/Context.cpp:71.)
  dis_indices = torch.multinomial(
/data/zhangpeiru/GARQ_revision/data_utils.py:140: UserWarning: The given NumPy array is not writable, and PyTorch does not support non-writable tensors. This means writing to this tensor will result in undefined behavior. You may want to copy the array to protect its data or make it writable before converting it to a tensor. This type of warning will be suppressed for the rest of this program. (Triggered internally at ../torch/csrc/utils/tensor_numpy.cpp:206.)
  type_int = torch.from_numpy(adata.obs[args.type_key].cat.codes.values).long()
/home/zhangpeiru/.conda/envs/MetqQ2/lib/python3.11/site-packages/louvain/__init__.py:54: UserWarning: pkg_resources is deprecated as an API. See https://setuptools.pypa.io/en/latest/pkg_resources.html. The pkg_resources package is slated for removal as early as 2025-11-30. Refrain from using this package or pin to Setuptools<81.
  from pkg_resources import get_distribution, DistributionNotFound
/home/zhangpeiru/.conda/envs/MetqQ2/lib/python3.11/site-packages/anndata/utils.py:434: FutureWarning: Importing read_csv from `anndata` is deprecated. Import anndata.io.read_csv instead.
  warnings.warn(msg, FutureWarning)
/home/zhangpeiru/.conda/envs/MetqQ2/lib/python3.11/site-packages/anndata/utils.py:434: FutureWarning: Importing read_text from `anndata` is deprecated. Import anndata.io.read_text instead.
  warnings.warn(msg, FutureWarning)
/home/zhangpeiru/.conda/envs/MetqQ2/lib/python3.11/site-packages/anndata/utils.py:434: FutureWarning: Importing read_excel from `anndata` is deprecated. Import anndata.io.read_excel instead.
  warnings.warn(msg, FutureWarning)
/home/zhangpeiru/.conda/envs/MetqQ2/lib/python3.11/site-packages/anndata/utils.py:434: FutureWarning: Importing read_mtx from `anndata` is deprecated. Import anndata.io.read_mtx instead.
  warnings.warn(msg, FutureWarning)
/home/zhangpeiru/.conda/envs/MetqQ2/lib/python3.11/site-packages/anndata/utils.py:434: FutureWarning: Importing read_loom from `anndata` is deprecated. Import anndata.io.read_loom instead.
  warnings.warn(msg, FutureWarning)
/home/zhangpeiru/.conda/envs/MetqQ2/lib/python3.11/site-packages/anndata/utils.py:434: FutureWarning: Importing read_hdf from `anndata` is deprecated. Import anndata.io.read_hdf instead.
  warnings.warn(msg, FutureWarning)
/home/zhangpeiru/.conda/envs/MetqQ2/lib/python3.11/site-packages/anndata/utils.py:434: FutureWarning: Importing read_umi_tools from `anndata` is deprecated. Import anndata.io.read_umi_tools instead.
  warnings.warn(msg, FutureWarning)
WARNING: adata.X seems to be already log-transformed.
/home/zhangpeiru/.conda/envs/MetqQ2/lib/python3.11/site-packages/scanpy/preprocessing/_highly_variable_genes.py:220: FutureWarning: The default of observed=False is deprecated and will be changed to True in a future version of pandas. Pass observed=False to retain current behavior or observed=True to adopt the future default and silence this warning.
  disp_grouped = df.groupby('mean_bin')['dispersions']
/home/zhangpeiru/.conda/envs/MetqQ2/lib/python3.11/site-packages/scanpy/preprocessing/_simple.py:843: UserWarning: Received a view of an AnnData. Making a copy.
  view_to_actual(adata)
/home/zhangpeiru/.conda/envs/MetqQ2/lib/python3.11/site-packages/scanpy/preprocessing/_highly_variable_genes.py:220: FutureWarning: The default of observed=False is deprecated and will be changed to True in a future version of pandas. Pass observed=False to retain current behavior or observed=True to adopt the future default and silence this warning.
  disp_grouped = df.groupby('mean_bin')['dispersions']
/home/zhangpeiru/.conda/envs/MetqQ2/lib/python3.11/site-packages/scanpy/preprocessing/_simple.py:843: UserWarning: Received a view of an AnnData. Making a copy.
  view_to_actual(adata)
=======Loading and Preprocessing Data=======
Data of 2 omics in total
revision_results/cache/subsets/D11_11_GSE194122_rna_2000cells_seed1729_rare-cDC2-abundance0.002-seed35168.h5ad loaded with shape [2000, 3001]
revision_results/cache/subsets/D11_11_GSE194122_atac_2000cells_seed1729_rare-cDC2-abundance0.002-seed35168.h5ad loaded with shape [2000, 30000]
2026-08-29 15:49:09,792 INFO Loading faiss with AVX512 support.
2026-08-29 15:49:09,815 INFO Successfully loaded faiss with AVX512 support.
2026-08-29 15:49:09,820 INFO Failed to load GPU Faiss: name 'GpuIndexIVFFlat' is not defined. Will not load constructor refs for GPU indexes. This is only an error if you're trying to use GPU Faiss.
WARNING clustering 512 points to 40 centroids: please provide at least 1560 training points
GARQ Initialization completed.
/home/zhangpeiru/.conda/envs/MetqQ2/lib/python3.11/site-packages/torch/autograd/__init__.py:251: UserWarning: Memory Efficient attention defaults to a non-deterministic algorithm. To explicitly enable determinism call torch.use_deterministic_algorithms(True, warn_only=False). (Triggered internally at ../aten/src/ATen/native/transformers/cuda/attention_backward.cu:413.)
  Variable._execution_engine.run_backward(  # Calls into the C++ engine to run the backward pass
Epoch 1, RNA: recon_loss=0.2356 , ATAC: recon_loss=0.3825 
/data/zhangpeiru/GARQ_revision/model.py:121: UserWarning: cumsum_cuda_kernel does not have a deterministic implementation, but you set 'torch.use_deterministic_algorithms(True, warn_only=True)'. You can file an issue at https://github.com/pytorch/pytorch/issues to help us prioritize adding deterministic support for this operation. (Triggered internally at ../aten/src/ATen/Context.cpp:71.)
  dis_indices = torch.multinomial(
/data/zhangpeiru/GARQ_revision/data_utils.py:140: UserWarning: The given NumPy array is not writable, and PyTorch does not support non-writable tensors. This means writing to this tensor will result in undefined behavior. You may want to copy the array to protect its data or make it writable before converting it to a tensor. This type of warning will be suppressed for the rest of this program. (Triggered internally at ../torch/csrc/utils/tensor_numpy.cpp:206.)
  type_int = torch.from_numpy(adata.obs[args.type_key].cat.codes.values).long()
/home/zhangpeiru/.conda/envs/MetqQ2/lib/python3.11/site-packages/louvain/__init__.py:54: UserWarning: pkg_resources is deprecated as an API. See https://setuptools.pypa.io/en/latest/pkg_resources.html. The pkg_resources package is slated for removal as early as 2025-11-30. Refrain from using this package or pin to Setuptools<81.
  from pkg_resources import get_distribution, DistributionNotFound
/home/zhangpeiru/.conda/envs/MetqQ2/lib/python3.11/site-packages/anndata/utils.py:434: FutureWarning: Importing read_csv from `anndata` is deprecated. Import anndata.io.read_csv instead.
  warnings.warn(msg, FutureWarning)
/home/zhangpeiru/.conda/envs/MetqQ2/lib/python3.11/site-packages/anndata/utils.py:434: FutureWarning: Importing read_text from `anndata` is deprecated. Import anndata.io.read_text instead.
  warnings.warn(msg, FutureWarning)
/home/zhangpeiru/.conda/envs/MetqQ2/lib/python3.11/site-packages/anndata/utils.py:434: FutureWarning: Importing read_excel from `anndata` is deprecated. Import anndata.io.read_excel instead.
  warnings.warn(msg, FutureWarning)
/home/zhangpeiru/.conda/envs/MetqQ2/lib/python3.11/site-packages/anndata/utils.py:434: FutureWarning: Importing read_mtx from `anndata` is deprecated. Import anndata.io.read_mtx instead.
  warnings.warn(msg, FutureWarning)
/home/zhangpeiru/.conda/envs/MetqQ2/lib/python3.11/site-packages/anndata/utils.py:434: FutureWarning: Importing read_loom from `anndata` is deprecated. Import anndata.io.read_loom instead.
  warnings.warn(msg, FutureWarning)
/home/zhangpeiru/.conda/envs/MetqQ2/lib/python3.11/site-packages/anndata/utils.py:434: FutureWarning: Importing read_hdf from `anndata` is deprecated. Import anndata.io.read_hdf instead.
  warnings.warn(msg, FutureWarning)
/home/zhangpeiru/.conda/envs/MetqQ2/lib/python3.11/site-packages/anndata/utils.py:434: FutureWarning: Importing read_umi_tools from `anndata` is deprecated. Import anndata.io.read_umi_tools instead.
  warnings.warn(msg, FutureWarning)
WARNING: adata.X seems to be already log-transformed.
/home/zhangpeiru/.conda/envs/MetqQ2/lib/python3.11/site-packages/scanpy/preprocessing/_highly_variable_genes.py:220: FutureWarning: The default of observed=False is deprecated and will be changed to True in a future version of pandas. Pass observed=False to retain current behavior or observed=True to adopt the future default and silence this warning.
  disp_grouped = df.groupby('mean_bin')['dispersions']
/home/zhangpeiru/.conda/envs/MetqQ2/lib/python3.11/site-packages/scanpy/preprocessing/_simple.py:843: UserWarning: Received a view of an AnnData. Making a copy.
  view_to_actual(adata)
/home/zhangpeiru/.conda/envs/MetqQ2/lib/python3.11/site-packages/scanpy/preprocessing/_highly_variable_genes.py:220: FutureWarning: The default of observed=False is deprecated and will be changed to True in a future version of pandas. Pass observed=False to retain current behavior or observed=True to adopt the future default and silence this warning.
  disp_grouped = df.groupby('mean_bin')['dispersions']
/home/zhangpeiru/.conda/envs/MetqQ2/lib/python3.11/site-packages/scanpy/preprocessing/_simple.py:843: UserWarning: Received a view of an AnnData. Making a copy.
  view_to_actual(adata)
=======Loading and Preprocessing Data=======
Data of 2 omics in total
revision_results/cache/subsets/D11_11_GSE194122_rna_2000cells_seed1729_rare-cDC2-abundance0.002-seed293334.h5ad loaded with shape [2000, 3003]
revision_results/cache/subsets/D11_11_GSE194122_atac_2000cells_seed1729_rare-cDC2-abundance0.002-seed293334.h5ad loaded with shape [2000, 30000]
2026-08-29 15:49:27,181 INFO Loading faiss with AVX512 support.
2026-08-29 15:49:27,204 INFO Successfully loaded faiss with AVX512 support.
2026-08-29 15:49:27,209 INFO Failed to load GPU Faiss: name 'GpuIndexIVFFlat' is not defined. Will not load constructor refs for GPU indexes. This is only an error if you're trying to use GPU Faiss.
WARNING clustering 512 points to 40 centroids: please provide at least 1560 training points
GARQ Initialization completed.
/home/zhangpeiru/.conda/envs/MetqQ2/lib/python3.11/site-packages/torch/autograd/__init__.py:251: UserWarning: Memory Efficient attention defaults to a non-deterministic algorithm. To explicitly enable determinism call torch.use_deterministic_algorithms(True, warn_only=False). (Triggered internally at ../aten/src/ATen/native/transformers/cuda/attention_backward.cu:413.)
  Variable._execution_engine.run_backward(  # Calls into the C++ engine to run the backward pass
Epoch 1, RNA: recon_loss=0.2360 , ATAC: recon_loss=0.3791 
/data/zhangpeiru/GARQ_revision/model.py:121: UserWarning: cumsum_cuda_kernel does not have a deterministic implementation, but you set 'torch.use_deterministic_algorithms(True, warn_only=True)'. You can file an issue at https://github.com/pytorch/pytorch/issues to help us prioritize adding deterministic support for this operation. (Triggered internally at ../aten/src/ATen/Context.cpp:71.)
  dis_indices = torch.multinomial(
/data/zhangpeiru/GARQ_revision/data_utils.py:131: RuntimeWarning: Mean of empty slice.
  [data[meta_ids == i].mean(axis=0) for i in range(meta_ids.max() + 1)]
/home/zhangpeiru/.conda/envs/MetqQ2/lib/python3.11/site-packages/numpy/core/_methods.py:121: RuntimeWarning: invalid value encountered in divide
  ret = um.true_divide(
/data/zhangpeiru/GARQ_revision/data_utils.py:140: UserWarning: The given NumPy array is not writable, and PyTorch does not support non-writable tensors. This means writing to this tensor will result in undefined behavior. You may want to copy the array to protect its data or make it writable before converting it to a tensor. This type of warning will be suppressed for the rest of this program. (Triggered internally at ../torch/csrc/utils/tensor_numpy.cpp:206.)
  type_int = torch.from_numpy(adata.obs[args.type_key].cat.codes.values).long()
/data/zhangpeiru/GARQ_revision/data_utils.py:131: RuntimeWarning: Mean of empty slice.
  [data[meta_ids == i].mean(axis=0) for i in range(meta_ids.max() + 1)]
/home/zhangpeiru/.conda/envs/MetqQ2/lib/python3.11/site-packages/numpy/core/_methods.py:121: RuntimeWarning: invalid value encountered in divide
  ret = um.true_divide(
/home/zhangpeiru/.conda/envs/MetqQ2/lib/python3.11/site-packages/louvain/__init__.py:54: UserWarning: pkg_resources is deprecated as an API. See https://setuptools.pypa.io/en/latest/pkg_resources.html. The pkg_resources package is slated for removal as early as 2025-11-30. Refrain from using this package or pin to Setuptools<81.
  from pkg_resources import get_distribution, DistributionNotFound
/home/zhangpeiru/.conda/envs/MetqQ2/lib/python3.11/site-packages/anndata/utils.py:434: FutureWarning: Importing read_csv from `anndata` is deprecated. Import anndata.io.read_csv instead.
  warnings.warn(msg, FutureWarning)
/home/zhangpeiru/.conda/envs/MetqQ2/lib/python3.11/site-packages/anndata/utils.py:434: FutureWarning: Importing read_text from `anndata` is deprecated. Import anndata.io.read_text instead.
  warnings.warn(msg, FutureWarning)
/home/zhangpeiru/.conda/envs/MetqQ2/lib/python3.11/site-packages/anndata/utils.py:434: FutureWarning: Importing read_excel from `anndata` is deprecated. Import anndata.io.read_excel instead.
  warnings.warn(msg, FutureWarning)
/home/zhangpeiru/.conda/envs/MetqQ2/lib/python3.11/site-packages/anndata/utils.py:434: FutureWarning: Importing read_mtx from `anndata` is deprecated. Import anndata.io.read_mtx instead.
  warnings.warn(msg, FutureWarning)
/home/zhangpeiru/.conda/envs/MetqQ2/lib/python3.11/site-packages/anndata/utils.py:434: FutureWarning: Importing read_loom from `anndata` is deprecated. Import anndata.io.read_loom instead.
  warnings.warn(msg, FutureWarning)
/home/zhangpeiru/.conda/envs/MetqQ2/lib/python3.11/site-packages/anndata/utils.py:434: FutureWarning: Importing read_hdf from `anndata` is deprecated. Import anndata.io.read_hdf instead.
  warnings.warn(msg, FutureWarning)
/home/zhangpeiru/.conda/envs/MetqQ2/lib/python3.11/site-packages/anndata/utils.py:434: FutureWarning: Importing read_umi_tools from `anndata` is deprecated. Import anndata.io.read_umi_tools instead.
  warnings.warn(msg, FutureWarning)
WARNING: adata.X seems to be already log-transformed.
/home/zhangpeiru/.conda/envs/MetqQ2/lib/python3.11/site-packages/scanpy/preprocessing/_highly_variable_genes.py:220: FutureWarning: The default of observed=False is deprecated and will be changed to True in a future version of pandas. Pass observed=False to retain current behavior or observed=True to adopt the future default and silence this warning.
  disp_grouped = df.groupby('mean_bin')['dispersions']
/home/zhangpeiru/.conda/envs/MetqQ2/lib/python3.11/site-packages/scanpy/preprocessing/_simple.py:843: UserWarning: Received a view of an AnnData. Making a copy.
  view_to_actual(adata)
/home/zhangpeiru/.conda/envs/MetqQ2/lib/python3.11/site-packages/scanpy/preprocessing/_highly_variable_genes.py:220: FutureWarning: The default of observed=False is deprecated and will be changed to True in a future version of pandas. Pass observed=False to retain current behavior or observed=True to adopt the future default and silence this warning.
  disp_grouped = df.groupby('mean_bin')['dispersions']
/home/zhangpeiru/.conda/envs/MetqQ2/lib/python3.11/site-packages/scanpy/preprocessing/_simple.py:843: UserWarning: Received a view of an AnnData. Making a copy.
  view_to_actual(adata)
=======Loading and Preprocessing Data=======
Data of 2 omics in total
revision_results/cache/subsets/D11_11_GSE194122_rna_2000cells_seed1729_rare-cDC2-abundance0.002-seed448068.h5ad loaded with shape [2000, 3006]
revision_results/cache/subsets/D11_11_GSE194122_atac_2000cells_seed1729_rare-cDC2-abundance0.002-seed448068.h5ad loaded with shape [2000, 30000]
2026-08-29 15:49:45,120 INFO Loading faiss with AVX512 support.
2026-08-29 15:49:45,144 INFO Successfully loaded faiss with AVX512 support.
2026-08-29 15:49:45,148 INFO Failed to load GPU Faiss: name 'GpuIndexIVFFlat' is not defined. Will not load constructor refs for GPU indexes. This is only an error if you're trying to use GPU Faiss.
WARNING clustering 512 points to 40 centroids: please provide at least 1560 training points
GARQ Initialization completed.
/home/zhangpeiru/.conda/envs/MetqQ2/lib/python3.11/site-packages/torch/autograd/__init__.py:251: UserWarning: Memory Efficient attention defaults to a non-deterministic algorithm. To explicitly enable determinism call torch.use_deterministic_algorithms(True, warn_only=False). (Triggered internally at ../aten/src/ATen/native/transformers/cuda/attention_backward.cu:413.)
  Variable._execution_engine.run_backward(  # Calls into the C++ engine to run the backward pass
Epoch 1, RNA: recon_loss=0.2352 , ATAC: recon_loss=0.3757 
/data/zhangpeiru/GARQ_revision/model.py:121: UserWarning: cumsum_cuda_kernel does not have a deterministic implementation, but you set 'torch.use_deterministic_algorithms(True, warn_only=True)'. You can file an issue at https://github.com/pytorch/pytorch/issues to help us prioritize adding deterministic support for this operation. (Triggered internally at ../aten/src/ATen/Context.cpp:71.)
  dis_indices = torch.multinomial(
/data/zhangpeiru/GARQ_revision/data_utils.py:140: UserWarning: The given NumPy array is not writable, and PyTorch does not support non-writable tensors. This means writing to this tensor will result in undefined behavior. You may want to copy the array to protect its data or make it writable before converting it to a tensor. This type of warning will be suppressed for the rest of this program. (Triggered internally at ../torch/csrc/utils/tensor_numpy.cpp:206.)
  type_int = torch.from_numpy(adata.obs[args.type_key].cat.codes.values).long()
/home/zhangpeiru/.conda/envs/MetqQ2/lib/python3.11/site-packages/louvain/__init__.py:54: UserWarning: pkg_resources is deprecated as an API. See https://setuptools.pypa.io/en/latest/pkg_resources.html. The pkg_resources package is slated for removal as early as 2025-11-30. Refrain from using this package or pin to Setuptools<81.
  from pkg_resources import get_distribution, DistributionNotFound
/home/zhangpeiru/.conda/envs/MetqQ2/lib/python3.11/site-packages/anndata/utils.py:434: FutureWarning: Importing read_csv from `anndata` is deprecated. Import anndata.io.read_csv instead.
  warnings.warn(msg, FutureWarning)
/home/zhangpeiru/.conda/envs/MetqQ2/lib/python3.11/site-packages/anndata/utils.py:434: FutureWarning: Importing read_text from `anndata` is deprecated. Import anndata.io.read_text instead.
  warnings.warn(msg, FutureWarning)
/home/zhangpeiru/.conda/envs/MetqQ2/lib/python3.11/site-packages/anndata/utils.py:434: FutureWarning: Importing read_excel from `anndata` is deprecated. Import anndata.io.read_excel instead.
  warnings.warn(msg, FutureWarning)
/home/zhangpeiru/.conda/envs/MetqQ2/lib/python3.11/site-packages/anndata/utils.py:434: FutureWarning: Importing read_mtx from `anndata` is deprecated. Import anndata.io.read_mtx instead.
  warnings.warn(msg, FutureWarning)
/home/zhangpeiru/.conda/envs/MetqQ2/lib/python3.11/site-packages/anndata/utils.py:434: FutureWarning: Importing read_loom from `anndata` is deprecated. Import anndata.io.read_loom instead.
  warnings.warn(msg, FutureWarning)
/home/zhangpeiru/.conda/envs/MetqQ2/lib/python3.11/site-packages/anndata/utils.py:434: FutureWarning: Importing read_hdf from `anndata` is deprecated. Import anndata.io.read_hdf instead.
  warnings.warn(msg, FutureWarning)
/home/zhangpeiru/.conda/envs/MetqQ2/lib/python3.11/site-packages/anndata/utils.py:434: FutureWarning: Importing read_umi_tools from `anndata` is deprecated. Import anndata.io.read_umi_tools instead.
  warnings.warn(msg, FutureWarning)
WARNING: adata.X seems to be already log-transformed.
/home/zhangpeiru/.conda/envs/MetqQ2/lib/python3.11/site-packages/scanpy/preprocessing/_highly_variable_genes.py:220: FutureWarning: The default of observed=False is deprecated and will be changed to True in a future version of pandas. Pass observed=False to retain current behavior or observed=True to adopt the future default and silence this warning.
  disp_grouped = df.groupby('mean_bin')['dispersions']
/home/zhangpeiru/.conda/envs/MetqQ2/lib/python3.11/site-packages/scanpy/preprocessing/_simple.py:843: UserWarning: Received a view of an AnnData. Making a copy.
  view_to_actual(adata)
/home/zhangpeiru/.conda/envs/MetqQ2/lib/python3.11/site-packages/scanpy/preprocessing/_highly_variable_genes.py:220: FutureWarning: The default of observed=False is deprecated and will be changed to True in a future version of pandas. Pass observed=False to retain current behavior or observed=True to adopt the future default and silence this warning.
  disp_grouped = df.groupby('mean_bin')['dispersions']
/home/zhangpeiru/.conda/envs/MetqQ2/lib/python3.11/site-packages/scanpy/preprocessing/_simple.py:843: UserWarning: Received a view of an AnnData. Making a copy.
  view_to_actual(adata)
=======Loading and Preprocessing Data=======
Data of 2 omics in total
revision_results/cache/subsets/D11_11_GSE194122_rna_2000cells_seed1729_rare-cDC2-abundance0.002-seed275495.h5ad loaded with shape [2000, 3003]
revision_results/cache/subsets/D11_11_GSE194122_atac_2000cells_seed1729_rare-cDC2-abundance0.002-seed275495.h5ad loaded with shape [2000, 30000]
2026-08-29 15:50:04,892 INFO Loading faiss with AVX512 support.
2026-08-29 15:50:04,916 INFO Successfully loaded faiss with AVX512 support.
2026-08-29 15:50:04,920 INFO Failed to load GPU Faiss: name 'GpuIndexIVFFlat' is not defined. Will not load constructor refs for GPU indexes. This is only an error if you're trying to use GPU Faiss.
WARNING clustering 512 points to 40 centroids: please provide at least 1560 training points
GARQ Initialization completed.
/home/zhangpeiru/.conda/envs/MetqQ2/lib/python3.11/site-packages/torch/autograd/__init__.py:251: UserWarning: Memory Efficient attention defaults to a non-deterministic algorithm. To explicitly enable determinism call torch.use_deterministic_algorithms(True, warn_only=False). (Triggered internally at ../aten/src/ATen/native/transformers/cuda/attention_backward.cu:413.)
  Variable._execution_engine.run_backward(  # Calls into the C++ engine to run the backward pass
Epoch 1, RNA: recon_loss=0.2317 , ATAC: recon_loss=0.3749 
/data/zhangpeiru/GARQ_revision/model.py:121: UserWarning: cumsum_cuda_kernel does not have a deterministic implementation, but you set 'torch.use_deterministic_algorithms(True, warn_only=True)'. You can file an issue at https://github.com/pytorch/pytorch/issues to help us prioritize adding deterministic support for this operation. (Triggered internally at ../aten/src/ATen/Context.cpp:71.)
  dis_indices = torch.multinomial(
/data/zhangpeiru/GARQ_revision/data_utils.py:131: RuntimeWarning: Mean of empty slice.
  [data[meta_ids == i].mean(axis=0) for i in range(meta_ids.max() + 1)]
/home/zhangpeiru/.conda/envs/MetqQ2/lib/python3.11/site-packages/numpy/core/_methods.py:121: RuntimeWarning: invalid value encountered in divide
  ret = um.true_divide(
/data/zhangpeiru/GARQ_revision/data_utils.py:140: UserWarning: The given NumPy array is not writable, and PyTorch does not support non-writable tensors. This means writing to this tensor will result in undefined behavior. You may want to copy the array to protect its data or make it writable before converting it to a tensor. This type of warning will be suppressed for the rest of this program. (Triggered internally at ../torch/csrc/utils/tensor_numpy.cpp:206.)
  type_int = torch.from_numpy(adata.obs[args.type_key].cat.codes.values).long()
/data/zhangpeiru/GARQ_revision/data_utils.py:131: RuntimeWarning: Mean of empty slice.
  [data[meta_ids == i].mean(axis=0) for i in range(meta_ids.max() + 1)]
/home/zhangpeiru/.conda/envs/MetqQ2/lib/python3.11/site-packages/numpy/core/_methods.py:121: RuntimeWarning: invalid value encountered in divide
  ret = um.true_divide(
/home/zhangpeiru/.conda/envs/MetqQ2/lib/python3.11/site-packages/louvain/__init__.py:54: UserWarning: pkg_resources is deprecated as an API. See https://setuptools.pypa.io/en/latest/pkg_resources.html. The pkg_resources package is slated for removal as early as 2025-11-30. Refrain from using this package or pin to Setuptools<81.
  from pkg_resources import get_distribution, DistributionNotFound
/home/zhangpeiru/.conda/envs/MetqQ2/lib/python3.11/site-packages/anndata/utils.py:434: FutureWarning: Importing read_csv from `anndata` is deprecated. Import anndata.io.read_csv instead.
  warnings.warn(msg, FutureWarning)
/home/zhangpeiru/.conda/envs/MetqQ2/lib/python3.11/site-packages/anndata/utils.py:434: FutureWarning: Importing read_text from `anndata` is deprecated. Import anndata.io.read_text instead.
  warnings.warn(msg, FutureWarning)
/home/zhangpeiru/.conda/envs/MetqQ2/lib/python3.11/site-packages/anndata/utils.py:434: FutureWarning: Importing read_excel from `anndata` is deprecated. Import anndata.io.read_excel instead.
  warnings.warn(msg, FutureWarning)
/home/zhangpeiru/.conda/envs/MetqQ2/lib/python3.11/site-packages/anndata/utils.py:434: FutureWarning: Importing read_mtx from `anndata` is deprecated. Import anndata.io.read_mtx instead.
  warnings.warn(msg, FutureWarning)
/home/zhangpeiru/.conda/envs/MetqQ2/lib/python3.11/site-packages/anndata/utils.py:434: FutureWarning: Importing read_loom from `anndata` is deprecated. Import anndata.io.read_loom instead.
  warnings.warn(msg, FutureWarning)
/home/zhangpeiru/.conda/envs/MetqQ2/lib/python3.11/site-packages/anndata/utils.py:434: FutureWarning: Importing read_hdf from `anndata` is deprecated. Import anndata.io.read_hdf instead.
  warnings.warn(msg, FutureWarning)
/home/zhangpeiru/.conda/envs/MetqQ2/lib/python3.11/site-packages/anndata/utils.py:434: FutureWarning: Importing read_umi_tools from `anndata` is deprecated. Import anndata.io.read_umi_tools instead.
  warnings.warn(msg, FutureWarning)
WARNING: adata.X seems to be already log-transformed.
/home/zhangpeiru/.conda/envs/MetqQ2/lib/python3.11/site-packages/scanpy/preprocessing/_highly_variable_genes.py:220: FutureWarning: The default of observed=False is deprecated and will be changed to True in a future version of pandas. Pass observed=False to retain current behavior or observed=True to adopt the future default and silence this warning.
  disp_grouped = df.groupby('mean_bin')['dispersions']
/home/zhangpeiru/.conda/envs/MetqQ2/lib/python3.11/site-packages/scanpy/preprocessing/_simple.py:843: UserWarning: Received a view of an AnnData. Making a copy.
  view_to_actual(adata)
/home/zhangpeiru/.conda/envs/MetqQ2/lib/python3.11/site-packages/scanpy/preprocessing/_highly_variable_genes.py:220: FutureWarning: The default of observed=False is deprecated and will be changed to True in a future version of pandas. Pass observed=False to retain current behavior or observed=True to adopt the future default and silence this warning.
  disp_grouped = df.groupby('mean_bin')['dispersions']
/home/zhangpeiru/.conda/envs/MetqQ2/lib/python3.11/site-packages/scanpy/preprocessing/_simple.py:843: UserWarning: Received a view of an AnnData. Making a copy.
  view_to_actual(adata)
=======Loading and Preprocessing Data=======
Data of 2 omics in total
revision_results/cache/subsets/D11_11_GSE194122_rna_2000cells_seed1729_rare-cDC2-abundance0.002-seed758979.h5ad loaded with shape [2000, 3002]
revision_results/cache/subsets/D11_11_GSE194122_atac_2000cells_seed1729_rare-cDC2-abundance0.002-seed758979.h5ad loaded with shape [2000, 30000]
2026-08-29 15:50:23,055 INFO Loading faiss with AVX512 support.
2026-08-29 15:50:23,078 INFO Successfully loaded faiss with AVX512 support.
2026-08-29 15:50:23,082 INFO Failed to load GPU Faiss: name 'GpuIndexIVFFlat' is not defined. Will not load constructor refs for GPU indexes. This is only an error if you're trying to use GPU Faiss.
WARNING clustering 512 points to 40 centroids: please provide at least 1560 training points
GARQ Initialization completed.
/home/zhangpeiru/.conda/envs/MetqQ2/lib/python3.11/site-packages/torch/autograd/__init__.py:251: UserWarning: Memory Efficient attention defaults to a non-deterministic algorithm. To explicitly enable determinism call torch.use_deterministic_algorithms(True, warn_only=False). (Triggered internally at ../aten/src/ATen/native/transformers/cuda/attention_backward.cu:413.)
  Variable._execution_engine.run_backward(  # Calls into the C++ engine to run the backward pass
Epoch 1, RNA: recon_loss=0.2365 , ATAC: recon_loss=0.3736 
/data/zhangpeiru/GARQ_revision/model.py:121: UserWarning: cumsum_cuda_kernel does not have a deterministic implementation, but you set 'torch.use_deterministic_algorithms(True, warn_only=True)'. You can file an issue at https://github.com/pytorch/pytorch/issues to help us prioritize adding deterministic support for this operation. (Triggered internally at ../aten/src/ATen/Context.cpp:71.)
  dis_indices = torch.multinomial(
/data/zhangpeiru/GARQ_revision/data_utils.py:131: RuntimeWarning: Mean of empty slice.
  [data[meta_ids == i].mean(axis=0) for i in range(meta_ids.max() + 1)]
/home/zhangpeiru/.conda/envs/MetqQ2/lib/python3.11/site-packages/numpy/core/_methods.py:121: RuntimeWarning: invalid value encountered in divide
  ret = um.true_divide(
/data/zhangpeiru/GARQ_revision/data_utils.py:140: UserWarning: The given NumPy array is not writable, and PyTorch does not support non-writable tensors. This means writing to this tensor will result in undefined behavior. You may want to copy the array to protect its data or make it writable before converting it to a tensor. This type of warning will be suppressed for the rest of this program. (Triggered internally at ../torch/csrc/utils/tensor_numpy.cpp:206.)
  type_int = torch.from_numpy(adata.obs[args.type_key].cat.codes.values).long()
/data/zhangpeiru/GARQ_revision/data_utils.py:131: RuntimeWarning: Mean of empty slice.
  [data[meta_ids == i].mean(axis=0) for i in range(meta_ids.max() + 1)]
/home/zhangpeiru/.conda/envs/MetqQ2/lib/python3.11/site-packages/numpy/core/_methods.py:121: RuntimeWarning: invalid value encountered in divide
  ret = um.true_divide(
/home/zhangpeiru/.conda/envs/MetqQ2/lib/python3.11/site-packages/louvain/__init__.py:54: UserWarning: pkg_resources is deprecated as an API. See https://setuptools.pypa.io/en/latest/pkg_resources.html. The pkg_resources package is slated for removal as early as 2025-11-30. Refrain from using this package or pin to Setuptools<81.
  from pkg_resources import get_distribution, DistributionNotFound
/home/zhangpeiru/.conda/envs/MetqQ2/lib/python3.11/site-packages/anndata/utils.py:434: FutureWarning: Importing read_csv from `anndata` is deprecated. Import anndata.io.read_csv instead.
  warnings.warn(msg, FutureWarning)
/home/zhangpeiru/.conda/envs/MetqQ2/lib/python3.11/site-packages/anndata/utils.py:434: FutureWarning: Importing read_text from `anndata` is deprecated. Import anndata.io.read_text instead.
  warnings.warn(msg, FutureWarning)
/home/zhangpeiru/.conda/envs/MetqQ2/lib/python3.11/site-packages/anndata/utils.py:434: FutureWarning: Importing read_excel from `anndata` is deprecated. Import anndata.io.read_excel instead.
  warnings.warn(msg, FutureWarning)
/home/zhangpeiru/.conda/envs/MetqQ2/lib/python3.11/site-packages/anndata/utils.py:434: FutureWarning: Importing read_mtx from `anndata` is deprecated. Import anndata.io.read_mtx instead.
  warnings.warn(msg, FutureWarning)
/home/zhangpeiru/.conda/envs/MetqQ2/lib/python3.11/site-packages/anndata/utils.py:434: FutureWarning: Importing read_loom from `anndata` is deprecated. Import anndata.io.read_loom instead.
  warnings.warn(msg, FutureWarning)
/home/zhangpeiru/.conda/envs/MetqQ2/lib/python3.11/site-packages/anndata/utils.py:434: FutureWarning: Importing read_hdf from `anndata` is deprecated. Import anndata.io.read_hdf instead.
  warnings.warn(msg, FutureWarning)
/home/zhangpeiru/.conda/envs/MetqQ2/lib/python3.11/site-packages/anndata/utils.py:434: FutureWarning: Importing read_umi_tools from `anndata` is deprecated. Import anndata.io.read_umi_tools instead.
  warnings.warn(msg, FutureWarning)
WARNING: adata.X seems to be already log-transformed.
/home/zhangpeiru/.conda/envs/MetqQ2/lib/python3.11/site-packages/scanpy/preprocessing/_highly_variable_genes.py:220: FutureWarning: The default of observed=False is deprecated and will be changed to True in a future version of pandas. Pass observed=False to retain current behavior or observed=True to adopt the future default and silence this warning.
  disp_grouped = df.groupby('mean_bin')['dispersions']
/home/zhangpeiru/.conda/envs/MetqQ2/lib/python3.11/site-packages/scanpy/preprocessing/_simple.py:843: UserWarning: Received a view of an AnnData. Making a copy.
  view_to_actual(adata)
/home/zhangpeiru/.conda/envs/MetqQ2/lib/python3.11/site-packages/scanpy/preprocessing/_highly_variable_genes.py:220: FutureWarning: The default of observed=False is deprecated and will be changed to True in a future version of pandas. Pass observed=False to retain current behavior or observed=True to adopt the future default and silence this warning.
  disp_grouped = df.groupby('mean_bin')['dispersions']
/home/zhangpeiru/.conda/envs/MetqQ2/lib/python3.11/site-packages/scanpy/preprocessing/_simple.py:843: UserWarning: Received a view of an AnnData. Making a copy.
  view_to_actual(adata)
=======Loading and Preprocessing Data=======
Data of 2 omics in total
revision_results/cache/subsets/D11_11_GSE194122_rna_2000cells_seed1729_rare-cDC2-abundance0.005-seed396089.h5ad loaded with shape [2000, 3003]
revision_results/cache/subsets/D11_11_GSE194122_atac_2000cells_seed1729_rare-cDC2-abundance0.005-seed396089.h5ad loaded with shape [2000, 30000]
2026-08-29 15:50:42,905 INFO Loading faiss with AVX512 support.
2026-08-29 15:50:42,928 INFO Successfully loaded faiss with AVX512 support.
2026-08-29 15:50:42,932 INFO Failed to load GPU Faiss: name 'GpuIndexIVFFlat' is not defined. Will not load constructor refs for GPU indexes. This is only an error if you're trying to use GPU Faiss.
WARNING clustering 512 points to 40 centroids: please provide at least 1560 training points
GARQ Initialization completed.
/home/zhangpeiru/.conda/envs/MetqQ2/lib/python3.11/site-packages/torch/autograd/__init__.py:251: UserWarning: Memory Efficient attention defaults to a non-deterministic algorithm. To explicitly enable determinism call torch.use_deterministic_algorithms(True, warn_only=False). (Triggered internally at ../aten/src/ATen/native/transformers/cuda/attention_backward.cu:413.)
  Variable._execution_engine.run_backward(  # Calls into the C++ engine to run the backward pass
Epoch 1, RNA: recon_loss=0.2354 , ATAC: recon_loss=0.3809 
/data/zhangpeiru/GARQ_revision/model.py:121: UserWarning: cumsum_cuda_kernel does not have a deterministic implementation, but you set 'torch.use_deterministic_algorithms(True, warn_only=True)'. You can file an issue at https://github.com/pytorch/pytorch/issues to help us prioritize adding deterministic support for this operation. (Triggered internally at ../aten/src/ATen/Context.cpp:71.)
  dis_indices = torch.multinomial(
/data/zhangpeiru/GARQ_revision/data_utils.py:131: RuntimeWarning: Mean of empty slice.
  [data[meta_ids == i].mean(axis=0) for i in range(meta_ids.max() + 1)]
/home/zhangpeiru/.conda/envs/MetqQ2/lib/python3.11/site-packages/numpy/core/_methods.py:121: RuntimeWarning: invalid value encountered in divide
  ret = um.true_divide(
/data/zhangpeiru/GARQ_revision/data_utils.py:140: UserWarning: The given NumPy array is not writable, and PyTorch does not support non-writable tensors. This means writing to this tensor will result in undefined behavior. You may want to copy the array to protect its data or make it writable before converting it to a tensor. This type of warning will be suppressed for the rest of this program. (Triggered internally at ../torch/csrc/utils/tensor_numpy.cpp:206.)
  type_int = torch.from_numpy(adata.obs[args.type_key].cat.codes.values).long()
/data/zhangpeiru/GARQ_revision/data_utils.py:131: RuntimeWarning: Mean of empty slice.
  [data[meta_ids == i].mean(axis=0) for i in range(meta_ids.max() + 1)]
/home/zhangpeiru/.conda/envs/MetqQ2/lib/python3.11/site-packages/numpy/core/_methods.py:121: RuntimeWarning: invalid value encountered in divide
  ret = um.true_divide(
/home/zhangpeiru/.conda/envs/MetqQ2/lib/python3.11/site-packages/louvain/__init__.py:54: UserWarning: pkg_resources is deprecated as an API. See https://setuptools.pypa.io/en/latest/pkg_resources.html. The pkg_resources package is slated for removal as early as 2025-11-30. Refrain from using this package or pin to Setuptools<81.
  from pkg_resources import get_distribution, DistributionNotFound
/home/zhangpeiru/.conda/envs/MetqQ2/lib/python3.11/site-packages/anndata/utils.py:434: FutureWarning: Importing read_csv from `anndata` is deprecated. Import anndata.io.read_csv instead.
  warnings.warn(msg, FutureWarning)
/home/zhangpeiru/.conda/envs/MetqQ2/lib/python3.11/site-packages/anndata/utils.py:434: FutureWarning: Importing read_text from `anndata` is deprecated. Import anndata.io.read_text instead.
  warnings.warn(msg, FutureWarning)
/home/zhangpeiru/.conda/envs/MetqQ2/lib/python3.11/site-packages/anndata/utils.py:434: FutureWarning: Importing read_excel from `anndata` is deprecated. Import anndata.io.read_excel instead.
  warnings.warn(msg, FutureWarning)
/home/zhangpeiru/.conda/envs/MetqQ2/lib/python3.11/site-packages/anndata/utils.py:434: FutureWarning: Importing read_mtx from `anndata` is deprecated. Import anndata.io.read_mtx instead.
  warnings.warn(msg, FutureWarning)
/home/zhangpeiru/.conda/envs/MetqQ2/lib/python3.11/site-packages/anndata/utils.py:434: FutureWarning: Importing read_loom from `anndata` is deprecated. Import anndata.io.read_loom instead.
  warnings.warn(msg, FutureWarning)
/home/zhangpeiru/.conda/envs/MetqQ2/lib/python3.11/site-packages/anndata/utils.py:434: FutureWarning: Importing read_hdf from `anndata` is deprecated. Import anndata.io.read_hdf instead.
  warnings.warn(msg, FutureWarning)
/home/zhangpeiru/.conda/envs/MetqQ2/lib/python3.11/site-packages/anndata/utils.py:434: FutureWarning: Importing read_umi_tools from `anndata` is deprecated. Import anndata.io.read_umi_tools instead.
  warnings.warn(msg, FutureWarning)
WARNING: adata.X seems to be already log-transformed.
/home/zhangpeiru/.conda/envs/MetqQ2/lib/python3.11/site-packages/scanpy/preprocessing/_highly_variable_genes.py:220: FutureWarning: The default of observed=False is deprecated and will be changed to True in a future version of pandas. Pass observed=False to retain current behavior or observed=True to adopt the future default and silence this warning.
  disp_grouped = df.groupby('mean_bin')['dispersions']
/home/zhangpeiru/.conda/envs/MetqQ2/lib/python3.11/site-packages/scanpy/preprocessing/_simple.py:843: UserWarning: Received a view of an AnnData. Making a copy.
  view_to_actual(adata)
/home/zhangpeiru/.conda/envs/MetqQ2/lib/python3.11/site-packages/scanpy/preprocessing/_highly_variable_genes.py:220: FutureWarning: The default of observed=False is deprecated and will be changed to True in a future version of pandas. Pass observed=False to retain current behavior or observed=True to adopt the future default and silence this warning.
  disp_grouped = df.groupby('mean_bin')['dispersions']
/home/zhangpeiru/.conda/envs/MetqQ2/lib/python3.11/site-packages/scanpy/preprocessing/_simple.py:843: UserWarning: Received a view of an AnnData. Making a copy.
  view_to_actual(adata)
=======Loading and Preprocessing Data=======
Data of 2 omics in total
revision_results/cache/subsets/D11_11_GSE194122_rna_2000cells_seed1729_rare-cDC2-abundance0.005-seed119396.h5ad loaded with shape [2000, 3000]
revision_results/cache/subsets/D11_11_GSE194122_atac_2000cells_seed1729_rare-cDC2-abundance0.005-seed119396.h5ad loaded with shape [2000, 30000]
2026-08-29 15:51:00,952 INFO Loading faiss with AVX512 support.
2026-08-29 15:51:00,974 INFO Successfully loaded faiss with AVX512 support.
2026-08-29 15:51:00,978 INFO Failed to load GPU Faiss: name 'GpuIndexIVFFlat' is not defined. Will not load constructor refs for GPU indexes. This is only an error if you're trying to use GPU Faiss.
WARNING clustering 512 points to 40 centroids: please provide at least 1560 training points
GARQ Initialization completed.
/home/zhangpeiru/.conda/envs/MetqQ2/lib/python3.11/site-packages/torch/autograd/__init__.py:251: UserWarning: Memory Efficient attention defaults to a non-deterministic algorithm. To explicitly enable determinism call torch.use_deterministic_algorithms(True, warn_only=False). (Triggered internally at ../aten/src/ATen/native/transformers/cuda/attention_backward.cu:413.)
  Variable._execution_engine.run_backward(  # Calls into the C++ engine to run the backward pass
Epoch 1, RNA: recon_loss=0.2340 , ATAC: recon_loss=0.3713 
/data/zhangpeiru/GARQ_revision/model.py:121: UserWarning: cumsum_cuda_kernel does not have a deterministic implementation, but you set 'torch.use_deterministic_algorithms(True, warn_only=True)'. You can file an issue at https://github.com/pytorch/pytorch/issues to help us prioritize adding deterministic support for this operation. (Triggered internally at ../aten/src/ATen/Context.cpp:71.)
  dis_indices = torch.multinomial(
/data/zhangpeiru/GARQ_revision/data_utils.py:140: UserWarning: The given NumPy array is not writable, and PyTorch does not support non-writable tensors. This means writing to this tensor will result in undefined behavior. You may want to copy the array to protect its data or make it writable before converting it to a tensor. This type of warning will be suppressed for the rest of this program. (Triggered internally at ../torch/csrc/utils/tensor_numpy.cpp:206.)
  type_int = torch.from_numpy(adata.obs[args.type_key].cat.codes.values).long()
/home/zhangpeiru/.conda/envs/MetqQ2/lib/python3.11/site-packages/louvain/__init__.py:54: UserWarning: pkg_resources is deprecated as an API. See https://setuptools.pypa.io/en/latest/pkg_resources.html. The pkg_resources package is slated for removal as early as 2025-11-30. Refrain from using this package or pin to Setuptools<81.
  from pkg_resources import get_distribution, DistributionNotFound
/home/zhangpeiru/.conda/envs/MetqQ2/lib/python3.11/site-packages/anndata/utils.py:434: FutureWarning: Importing read_csv from `anndata` is deprecated. Import anndata.io.read_csv instead.
  warnings.warn(msg, FutureWarning)
/home/zhangpeiru/.conda/envs/MetqQ2/lib/python3.11/site-packages/anndata/utils.py:434: FutureWarning: Importing read_text from `anndata` is deprecated. Import anndata.io.read_text instead.
  warnings.warn(msg, FutureWarning)
/home/zhangpeiru/.conda/envs/MetqQ2/lib/python3.11/site-packages/anndata/utils.py:434: FutureWarning: Importing read_excel from `anndata` is deprecated. Import anndata.io.read_excel instead.
  warnings.warn(msg, FutureWarning)
/home/zhangpeiru/.conda/envs/MetqQ2/lib/python3.11/site-packages/anndata/utils.py:434: FutureWarning: Importing read_mtx from `anndata` is deprecated. Import anndata.io.read_mtx instead.
  warnings.warn(msg, FutureWarning)
/home/zhangpeiru/.conda/envs/MetqQ2/lib/python3.11/site-packages/anndata/utils.py:434: FutureWarning: Importing read_loom from `anndata` is deprecated. Import anndata.io.read_loom instead.
  warnings.warn(msg, FutureWarning)
/home/zhangpeiru/.conda/envs/MetqQ2/lib/python3.11/site-packages/anndata/utils.py:434: FutureWarning: Importing read_hdf from `anndata` is deprecated. Import anndata.io.read_hdf instead.
  warnings.warn(msg, FutureWarning)
/home/zhangpeiru/.conda/envs/MetqQ2/lib/python3.11/site-packages/anndata/utils.py:434: FutureWarning: Importing read_umi_tools from `anndata` is deprecated. Import anndata.io.read_umi_tools instead.
  warnings.warn(msg, FutureWarning)
WARNING: adata.X seems to be already log-transformed.
/home/zhangpeiru/.conda/envs/MetqQ2/lib/python3.11/site-packages/scanpy/preprocessing/_highly_variable_genes.py:220: FutureWarning: The default of observed=False is deprecated and will be changed to True in a future version of pandas. Pass observed=False to retain current behavior or observed=True to adopt the future default and silence this warning.
  disp_grouped = df.groupby('mean_bin')['dispersions']
/home/zhangpeiru/.conda/envs/MetqQ2/lib/python3.11/site-packages/scanpy/preprocessing/_simple.py:843: UserWarning: Received a view of an AnnData. Making a copy.
  view_to_actual(adata)
/home/zhangpeiru/.conda/envs/MetqQ2/lib/python3.11/site-packages/scanpy/preprocessing/_highly_variable_genes.py:220: FutureWarning: The default of observed=False is deprecated and will be changed to True in a future version of pandas. Pass observed=False to retain current behavior or observed=True to adopt the future default and silence this warning.
  disp_grouped = df.groupby('mean_bin')['dispersions']
/home/zhangpeiru/.conda/envs/MetqQ2/lib/python3.11/site-packages/scanpy/preprocessing/_simple.py:843: UserWarning: Received a view of an AnnData. Making a copy.
  view_to_actual(adata)
=======Loading and Preprocessing Data=======
Data of 2 omics in total
revision_results/cache/subsets/D11_11_GSE194122_rna_2000cells_seed1729_rare-cDC2-abundance0.005-seed962845.h5ad loaded with shape [2000, 3000]
revision_results/cache/subsets/D11_11_GSE194122_atac_2000cells_seed1729_rare-cDC2-abundance0.005-seed962845.h5ad loaded with shape [2000, 30000]
2026-08-29 15:51:19,224 INFO Loading faiss with AVX512 support.
2026-08-29 15:51:19,244 INFO Successfully loaded faiss with AVX512 support.
2026-08-29 15:51:19,247 INFO Failed to load GPU Faiss: name 'GpuIndexIVFFlat' is not defined. Will not load constructor refs for GPU indexes. This is only an error if you're trying to use GPU Faiss.
WARNING clustering 512 points to 40 centroids: please provide at least 1560 training points
GARQ Initialization completed.
/home/zhangpeiru/.conda/envs/MetqQ2/lib/python3.11/site-packages/torch/autograd/__init__.py:251: UserWarning: Memory Efficient attention defaults to a non-deterministic algorithm. To explicitly enable determinism call torch.use_deterministic_algorithms(True, warn_only=False). (Triggered internally at ../aten/src/ATen/native/transformers/cuda/attention_backward.cu:413.)
  Variable._execution_engine.run_backward(  # Calls into the C++ engine to run the backward pass
Epoch 1, RNA: recon_loss=0.2376 , ATAC: recon_loss=0.3704 
/data/zhangpeiru/GARQ_revision/model.py:121: UserWarning: cumsum_cuda_kernel does not have a deterministic implementation, but you set 'torch.use_deterministic_algorithms(True, warn_only=True)'. You can file an issue at https://github.com/pytorch/pytorch/issues to help us prioritize adding deterministic support for this operation. (Triggered internally at ../aten/src/ATen/Context.cpp:71.)
  dis_indices = torch.multinomial(
/data/zhangpeiru/GARQ_revision/data_utils.py:131: RuntimeWarning: Mean of empty slice.
  [data[meta_ids == i].mean(axis=0) for i in range(meta_ids.max() + 1)]
/home/zhangpeiru/.conda/envs/MetqQ2/lib/python3.11/site-packages/numpy/core/_methods.py:121: RuntimeWarning: invalid value encountered in divide
  ret = um.true_divide(
/data/zhangpeiru/GARQ_revision/data_utils.py:140: UserWarning: The given NumPy array is not writable, and PyTorch does not support non-writable tensors. This means writing to this tensor will result in undefined behavior. You may want to copy the array to protect its data or make it writable before converting it to a tensor. This type of warning will be suppressed for the rest of this program. (Triggered internally at ../torch/csrc/utils/tensor_numpy.cpp:206.)
  type_int = torch.from_numpy(adata.obs[args.type_key].cat.codes.values).long()
/data/zhangpeiru/GARQ_revision/data_utils.py:131: RuntimeWarning: Mean of empty slice.
  [data[meta_ids == i].mean(axis=0) for i in range(meta_ids.max() + 1)]
/home/zhangpeiru/.conda/envs/MetqQ2/lib/python3.11/site-packages/numpy/core/_methods.py:121: RuntimeWarning: invalid value encountered in divide
  ret = um.true_divide(
/home/zhangpeiru/.conda/envs/MetqQ2/lib/python3.11/site-packages/louvain/__init__.py:54: UserWarning: pkg_resources is deprecated as an API. See https://setuptools.pypa.io/en/latest/pkg_resources.html. The pkg_resources package is slated for removal as early as 2025-11-30. Refrain from using this package or pin to Setuptools<81.
  from pkg_resources import get_distribution, DistributionNotFound
/home/zhangpeiru/.conda/envs/MetqQ2/lib/python3.11/site-packages/anndata/utils.py:434: FutureWarning: Importing read_csv from `anndata` is deprecated. Import anndata.io.read_csv instead.
  warnings.warn(msg, FutureWarning)
/home/zhangpeiru/.conda/envs/MetqQ2/lib/python3.11/site-packages/anndata/utils.py:434: FutureWarning: Importing read_text from `anndata` is deprecated. Import anndata.io.read_text instead.
  warnings.warn(msg, FutureWarning)
/home/zhangpeiru/.conda/envs/MetqQ2/lib/python3.11/site-packages/anndata/utils.py:434: FutureWarning: Importing read_excel from `anndata` is deprecated. Import anndata.io.read_excel instead.
  warnings.warn(msg, FutureWarning)
/home/zhangpeiru/.conda/envs/MetqQ2/lib/python3.11/site-packages/anndata/utils.py:434: FutureWarning: Importing read_mtx from `anndata` is deprecated. Import anndata.io.read_mtx instead.
  warnings.warn(msg, FutureWarning)
/home/zhangpeiru/.conda/envs/MetqQ2/lib/python3.11/site-packages/anndata/utils.py:434: FutureWarning: Importing read_loom from `anndata` is deprecated. Import anndata.io.read_loom instead.
  warnings.warn(msg, FutureWarning)
/home/zhangpeiru/.conda/envs/MetqQ2/lib/python3.11/site-packages/anndata/utils.py:434: FutureWarning: Importing read_hdf from `anndata` is deprecated. Import anndata.io.read_hdf instead.
  warnings.warn(msg, FutureWarning)
/home/zhangpeiru/.conda/envs/MetqQ2/lib/python3.11/site-packages/anndata/utils.py:434: FutureWarning: Importing read_umi_tools from `anndata` is deprecated. Import anndata.io.read_umi_tools instead.
  warnings.warn(msg, FutureWarning)
WARNING: adata.X seems to be already log-transformed.
/home/zhangpeiru/.conda/envs/MetqQ2/lib/python3.11/site-packages/scanpy/preprocessing/_highly_variable_genes.py:220: FutureWarning: The default of observed=False is deprecated and will be changed to True in a future version of pandas. Pass observed=False to retain current behavior or observed=True to adopt the future default and silence this warning.
  disp_grouped = df.groupby('mean_bin')['dispersions']
/home/zhangpeiru/.conda/envs/MetqQ2/lib/python3.11/site-packages/scanpy/preprocessing/_simple.py:843: UserWarning: Received a view of an AnnData. Making a copy.
  view_to_actual(adata)
/home/zhangpeiru/.conda/envs/MetqQ2/lib/python3.11/site-packages/scanpy/preprocessing/_highly_variable_genes.py:220: FutureWarning: The default of observed=False is deprecated and will be changed to True in a future version of pandas. Pass observed=False to retain current behavior or observed=True to adopt the future default and silence this warning.
  disp_grouped = df.groupby('mean_bin')['dispersions']
/home/zhangpeiru/.conda/envs/MetqQ2/lib/python3.11/site-packages/scanpy/preprocessing/_simple.py:843: UserWarning: Received a view of an AnnData. Making a copy.
  view_to_actual(adata)
=======Loading and Preprocessing Data=======
Data of 2 omics in total
revision_results/cache/subsets/D11_11_GSE194122_rna_2000cells_seed1729_rare-cDC2-abundance0.005-seed192282.h5ad loaded with shape [2000, 3004]
revision_results/cache/subsets/D11_11_GSE194122_atac_2000cells_seed1729_rare-cDC2-abundance0.005-seed192282.h5ad loaded with shape [2000, 30000]
2026-08-29 15:51:37,330 INFO Loading faiss with AVX512 support.
2026-08-29 15:51:37,354 INFO Successfully loaded faiss with AVX512 support.
2026-08-29 15:51:37,359 INFO Failed to load GPU Faiss: name 'GpuIndexIVFFlat' is not defined. Will not load constructor refs for GPU indexes. This is only an error if you're trying to use GPU Faiss.
WARNING clustering 512 points to 40 centroids: please provide at least 1560 training points
GARQ Initialization completed.
/home/zhangpeiru/.conda/envs/MetqQ2/lib/python3.11/site-packages/torch/autograd/__init__.py:251: UserWarning: Memory Efficient attention defaults to a non-deterministic algorithm. To explicitly enable determinism call torch.use_deterministic_algorithms(True, warn_only=False). (Triggered internally at ../aten/src/ATen/native/transformers/cuda/attention_backward.cu:413.)
  Variable._execution_engine.run_backward(  # Calls into the C++ engine to run the backward pass
Epoch 1, RNA: recon_loss=0.2389 , ATAC: recon_loss=0.3814 
/data/zhangpeiru/GARQ_revision/model.py:121: UserWarning: cumsum_cuda_kernel does not have a deterministic implementation, but you set 'torch.use_deterministic_algorithms(True, warn_only=True)'. You can file an issue at https://github.com/pytorch/pytorch/issues to help us prioritize adding deterministic support for this operation. (Triggered internally at ../aten/src/ATen/Context.cpp:71.)
  dis_indices = torch.multinomial(
/data/zhangpeiru/GARQ_revision/data_utils.py:140: UserWarning: The given NumPy array is not writable, and PyTorch does not support non-writable tensors. This means writing to this tensor will result in undefined behavior. You may want to copy the array to protect its data or make it writable before converting it to a tensor. This type of warning will be suppressed for the rest of this program. (Triggered internally at ../torch/csrc/utils/tensor_numpy.cpp:206.)
  type_int = torch.from_numpy(adata.obs[args.type_key].cat.codes.values).long()
/home/zhangpeiru/.conda/envs/MetqQ2/lib/python3.11/site-packages/louvain/__init__.py:54: UserWarning: pkg_resources is deprecated as an API. See https://setuptools.pypa.io/en/latest/pkg_resources.html. The pkg_resources package is slated for removal as early as 2025-11-30. Refrain from using this package or pin to Setuptools<81.
  from pkg_resources import get_distribution, DistributionNotFound
/home/zhangpeiru/.conda/envs/MetqQ2/lib/python3.11/site-packages/anndata/utils.py:434: FutureWarning: Importing read_csv from `anndata` is deprecated. Import anndata.io.read_csv instead.
  warnings.warn(msg, FutureWarning)
/home/zhangpeiru/.conda/envs/MetqQ2/lib/python3.11/site-packages/anndata/utils.py:434: FutureWarning: Importing read_text from `anndata` is deprecated. Import anndata.io.read_text instead.
  warnings.warn(msg, FutureWarning)
/home/zhangpeiru/.conda/envs/MetqQ2/lib/python3.11/site-packages/anndata/utils.py:434: FutureWarning: Importing read_excel from `anndata` is deprecated. Import anndata.io.read_excel instead.
  warnings.warn(msg, FutureWarning)
/home/zhangpeiru/.conda/envs/MetqQ2/lib/python3.11/site-packages/anndata/utils.py:434: FutureWarning: Importing read_mtx from `anndata` is deprecated. Import anndata.io.read_mtx instead.
  warnings.warn(msg, FutureWarning)
/home/zhangpeiru/.conda/envs/MetqQ2/lib/python3.11/site-packages/anndata/utils.py:434: FutureWarning: Importing read_loom from `anndata` is deprecated. Import anndata.io.read_loom instead.
  warnings.warn(msg, FutureWarning)
/home/zhangpeiru/.conda/envs/MetqQ2/lib/python3.11/site-packages/anndata/utils.py:434: FutureWarning: Importing read_hdf from `anndata` is deprecated. Import anndata.io.read_hdf instead.
  warnings.warn(msg, FutureWarning)
/home/zhangpeiru/.conda/envs/MetqQ2/lib/python3.11/site-packages/anndata/utils.py:434: FutureWarning: Importing read_umi_tools from `anndata` is deprecated. Import anndata.io.read_umi_tools instead.
  warnings.warn(msg, FutureWarning)
WARNING: adata.X seems to be already log-transformed.
/home/zhangpeiru/.conda/envs/MetqQ2/lib/python3.11/site-packages/scanpy/preprocessing/_highly_variable_genes.py:220: FutureWarning: The default of observed=False is deprecated and will be changed to True in a future version of pandas. Pass observed=False to retain current behavior or observed=True to adopt the future default and silence this warning.
  disp_grouped = df.groupby('mean_bin')['dispersions']
/home/zhangpeiru/.conda/envs/MetqQ2/lib/python3.11/site-packages/scanpy/preprocessing/_simple.py:843: UserWarning: Received a view of an AnnData. Making a copy.
  view_to_actual(adata)
/home/zhangpeiru/.conda/envs/MetqQ2/lib/python3.11/site-packages/scanpy/preprocessing/_highly_variable_genes.py:220: FutureWarning: The default of observed=False is deprecated and will be changed to True in a future version of pandas. Pass observed=False to retain current behavior or observed=True to adopt the future default and silence this warning.
  disp_grouped = df.groupby('mean_bin')['dispersions']
/home/zhangpeiru/.conda/envs/MetqQ2/lib/python3.11/site-packages/scanpy/preprocessing/_simple.py:843: UserWarning: Received a view of an AnnData. Making a copy.
  view_to_actual(adata)
=======Loading and Preprocessing Data=======
Data of 2 omics in total
revision_results/cache/subsets/D11_11_GSE194122_rna_2000cells_seed1729_rare-cDC2-abundance0.005-seed765689.h5ad loaded with shape [2000, 3000]
revision_results/cache/subsets/D11_11_GSE194122_atac_2000cells_seed1729_rare-cDC2-abundance0.005-seed765689.h5ad loaded with shape [2000, 30000]
2026-08-29 15:51:56,432 INFO Loading faiss with AVX512 support.
2026-08-29 15:51:56,452 INFO Successfully loaded faiss with AVX512 support.
2026-08-29 15:51:56,455 INFO Failed to load GPU Faiss: name 'GpuIndexIVFFlat' is not defined. Will not load constructor refs for GPU indexes. This is only an error if you're trying to use GPU Faiss.
WARNING clustering 512 points to 40 centroids: please provide at least 1560 training points
GARQ Initialization completed.
/home/zhangpeiru/.conda/envs/MetqQ2/lib/python3.11/site-packages/torch/autograd/__init__.py:251: UserWarning: Memory Efficient attention defaults to a non-deterministic algorithm. To explicitly enable determinism call torch.use_deterministic_algorithms(True, warn_only=False). (Triggered internally at ../aten/src/ATen/native/transformers/cuda/attention_backward.cu:413.)
  Variable._execution_engine.run_backward(  # Calls into the C++ engine to run the backward pass
Epoch 1, RNA: recon_loss=0.2380 , ATAC: recon_loss=0.3765 
/data/zhangpeiru/GARQ_revision/model.py:121: UserWarning: cumsum_cuda_kernel does not have a deterministic implementation, but you set 'torch.use_deterministic_algorithms(True, warn_only=True)'. You can file an issue at https://github.com/pytorch/pytorch/issues to help us prioritize adding deterministic support for this operation. (Triggered internally at ../aten/src/ATen/Context.cpp:71.)
  dis_indices = torch.multinomial(
/data/zhangpeiru/GARQ_revision/data_utils.py:140: UserWarning: The given NumPy array is not writable, and PyTorch does not support non-writable tensors. This means writing to this tensor will result in undefined behavior. You may want to copy the array to protect its data or make it writable before converting it to a tensor. This type of warning will be suppressed for the rest of this program. (Triggered internally at ../torch/csrc/utils/tensor_numpy.cpp:206.)
  type_int = torch.from_numpy(adata.obs[args.type_key].cat.codes.values).long()
/home/zhangpeiru/.conda/envs/MetqQ2/lib/python3.11/site-packages/louvain/__init__.py:54: UserWarning: pkg_resources is deprecated as an API. See https://setuptools.pypa.io/en/latest/pkg_resources.html. The pkg_resources package is slated for removal as early as 2025-11-30. Refrain from using this package or pin to Setuptools<81.
  from pkg_resources import get_distribution, DistributionNotFound
/home/zhangpeiru/.conda/envs/MetqQ2/lib/python3.11/site-packages/anndata/utils.py:434: FutureWarning: Importing read_csv from `anndata` is deprecated. Import anndata.io.read_csv instead.
  warnings.warn(msg, FutureWarning)
/home/zhangpeiru/.conda/envs/MetqQ2/lib/python3.11/site-packages/anndata/utils.py:434: FutureWarning: Importing read_text from `anndata` is deprecated. Import anndata.io.read_text instead.
  warnings.warn(msg, FutureWarning)
/home/zhangpeiru/.conda/envs/MetqQ2/lib/python3.11/site-packages/anndata/utils.py:434: FutureWarning: Importing read_excel from `anndata` is deprecated. Import anndata.io.read_excel instead.
  warnings.warn(msg, FutureWarning)
/home/zhangpeiru/.conda/envs/MetqQ2/lib/python3.11/site-packages/anndata/utils.py:434: FutureWarning: Importing read_mtx from `anndata` is deprecated. Import anndata.io.read_mtx instead.
  warnings.warn(msg, FutureWarning)
/home/zhangpeiru/.conda/envs/MetqQ2/lib/python3.11/site-packages/anndata/utils.py:434: FutureWarning: Importing read_loom from `anndata` is deprecated. Import anndata.io.read_loom instead.
  warnings.warn(msg, FutureWarning)
/home/zhangpeiru/.conda/envs/MetqQ2/lib/python3.11/site-packages/anndata/utils.py:434: FutureWarning: Importing read_hdf from `anndata` is deprecated. Import anndata.io.read_hdf instead.
  warnings.warn(msg, FutureWarning)
/home/zhangpeiru/.conda/envs/MetqQ2/lib/python3.11/site-packages/anndata/utils.py:434: FutureWarning: Importing read_umi_tools from `anndata` is deprecated. Import anndata.io.read_umi_tools instead.
  warnings.warn(msg, FutureWarning)
WARNING: adata.X seems to be already log-transformed.
/home/zhangpeiru/.conda/envs/MetqQ2/lib/python3.11/site-packages/scanpy/preprocessing/_highly_variable_genes.py:220: FutureWarning: The default of observed=False is deprecated and will be changed to True in a future version of pandas. Pass observed=False to retain current behavior or observed=True to adopt the future default and silence this warning.
  disp_grouped = df.groupby('mean_bin')['dispersions']
/home/zhangpeiru/.conda/envs/MetqQ2/lib/python3.11/site-packages/scanpy/preprocessing/_simple.py:843: UserWarning: Received a view of an AnnData. Making a copy.
  view_to_actual(adata)
/home/zhangpeiru/.conda/envs/MetqQ2/lib/python3.11/site-packages/scanpy/preprocessing/_highly_variable_genes.py:220: FutureWarning: The default of observed=False is deprecated and will be changed to True in a future version of pandas. Pass observed=False to retain current behavior or observed=True to adopt the future default and silence this warning.
  disp_grouped = df.groupby('mean_bin')['dispersions']
/home/zhangpeiru/.conda/envs/MetqQ2/lib/python3.11/site-packages/scanpy/preprocessing/_simple.py:843: UserWarning: Received a view of an AnnData. Making a copy.
  view_to_actual(adata)
=======Loading and Preprocessing Data=======
Data of 2 omics in total
revision_results/cache/subsets/D11_11_GSE194122_rna_2000cells_seed1729_rare-cDC2-abundance0.01-seed656952.h5ad loaded with shape [2000, 3002]
revision_results/cache/subsets/D11_11_GSE194122_atac_2000cells_seed1729_rare-cDC2-abundance0.01-seed656952.h5ad loaded with shape [2000, 30000]
2026-08-29 15:52:14,130 INFO Loading faiss with AVX512 support.
2026-08-29 15:52:14,154 INFO Successfully loaded faiss with AVX512 support.
2026-08-29 15:52:14,158 INFO Failed to load GPU Faiss: name 'GpuIndexIVFFlat' is not defined. Will not load constructor refs for GPU indexes. This is only an error if you're trying to use GPU Faiss.
WARNING clustering 512 points to 40 centroids: please provide at least 1560 training points
GARQ Initialization completed.
/home/zhangpeiru/.conda/envs/MetqQ2/lib/python3.11/site-packages/torch/autograd/__init__.py:251: UserWarning: Memory Efficient attention defaults to a non-deterministic algorithm. To explicitly enable determinism call torch.use_deterministic_algorithms(True, warn_only=False). (Triggered internally at ../aten/src/ATen/native/transformers/cuda/attention_backward.cu:413.)
  Variable._execution_engine.run_backward(  # Calls into the C++ engine to run the backward pass
Epoch 1, RNA: recon_loss=0.2291 , ATAC: recon_loss=0.3791 
/data/zhangpeiru/GARQ_revision/model.py:121: UserWarning: cumsum_cuda_kernel does not have a deterministic implementation, but you set 'torch.use_deterministic_algorithms(True, warn_only=True)'. You can file an issue at https://github.com/pytorch/pytorch/issues to help us prioritize adding deterministic support for this operation. (Triggered internally at ../aten/src/ATen/Context.cpp:71.)
  dis_indices = torch.multinomial(
/data/zhangpeiru/GARQ_revision/data_utils.py:140: UserWarning: The given NumPy array is not writable, and PyTorch does not support non-writable tensors. This means writing to this tensor will result in undefined behavior. You may want to copy the array to protect its data or make it writable before converting it to a tensor. This type of warning will be suppressed for the rest of this program. (Triggered internally at ../torch/csrc/utils/tensor_numpy.cpp:206.)
  type_int = torch.from_numpy(adata.obs[args.type_key].cat.codes.values).long()
/home/zhangpeiru/.conda/envs/MetqQ2/lib/python3.11/site-packages/louvain/__init__.py:54: UserWarning: pkg_resources is deprecated as an API. See https://setuptools.pypa.io/en/latest/pkg_resources.html. The pkg_resources package is slated for removal as early as 2025-11-30. Refrain from using this package or pin to Setuptools<81.
  from pkg_resources import get_distribution, DistributionNotFound
/home/zhangpeiru/.conda/envs/MetqQ2/lib/python3.11/site-packages/anndata/utils.py:434: FutureWarning: Importing read_csv from `anndata` is deprecated. Import anndata.io.read_csv instead.
  warnings.warn(msg, FutureWarning)
/home/zhangpeiru/.conda/envs/MetqQ2/lib/python3.11/site-packages/anndata/utils.py:434: FutureWarning: Importing read_text from `anndata` is deprecated. Import anndata.io.read_text instead.
  warnings.warn(msg, FutureWarning)
/home/zhangpeiru/.conda/envs/MetqQ2/lib/python3.11/site-packages/anndata/utils.py:434: FutureWarning: Importing read_excel from `anndata` is deprecated. Import anndata.io.read_excel instead.
  warnings.warn(msg, FutureWarning)
/home/zhangpeiru/.conda/envs/MetqQ2/lib/python3.11/site-packages/anndata/utils.py:434: FutureWarning: Importing read_mtx from `anndata` is deprecated. Import anndata.io.read_mtx instead.
  warnings.warn(msg, FutureWarning)
/home/zhangpeiru/.conda/envs/MetqQ2/lib/python3.11/site-packages/anndata/utils.py:434: FutureWarning: Importing read_loom from `anndata` is deprecated. Import anndata.io.read_loom instead.
  warnings.warn(msg, FutureWarning)
/home/zhangpeiru/.conda/envs/MetqQ2/lib/python3.11/site-packages/anndata/utils.py:434: FutureWarning: Importing read_hdf from `anndata` is deprecated. Import anndata.io.read_hdf instead.
  warnings.warn(msg, FutureWarning)
/home/zhangpeiru/.conda/envs/MetqQ2/lib/python3.11/site-packages/anndata/utils.py:434: FutureWarning: Importing read_umi_tools from `anndata` is deprecated. Import anndata.io.read_umi_tools instead.
  warnings.warn(msg, FutureWarning)
WARNING: adata.X seems to be already log-transformed.
/home/zhangpeiru/.conda/envs/MetqQ2/lib/python3.11/site-packages/scanpy/preprocessing/_highly_variable_genes.py:220: FutureWarning: The default of observed=False is deprecated and will be changed to True in a future version of pandas. Pass observed=False to retain current behavior or observed=True to adopt the future default and silence this warning.
  disp_grouped = df.groupby('mean_bin')['dispersions']
/home/zhangpeiru/.conda/envs/MetqQ2/lib/python3.11/site-packages/scanpy/preprocessing/_simple.py:843: UserWarning: Received a view of an AnnData. Making a copy.
  view_to_actual(adata)
/home/zhangpeiru/.conda/envs/MetqQ2/lib/python3.11/site-packages/scanpy/preprocessing/_highly_variable_genes.py:220: FutureWarning: The default of observed=False is deprecated and will be changed to True in a future version of pandas. Pass observed=False to retain current behavior or observed=True to adopt the future default and silence this warning.
  disp_grouped = df.groupby('mean_bin')['dispersions']
/home/zhangpeiru/.conda/envs/MetqQ2/lib/python3.11/site-packages/scanpy/preprocessing/_simple.py:843: UserWarning: Received a view of an AnnData. Making a copy.
  view_to_actual(adata)
=======Loading and Preprocessing Data=======
Data of 2 omics in total
revision_results/cache/subsets/D11_11_GSE194122_rna_2000cells_seed1729_rare-cDC2-abundance0.01-seed883818.h5ad loaded with shape [2000, 3005]
revision_results/cache/subsets/D11_11_GSE194122_atac_2000cells_seed1729_rare-cDC2-abundance0.01-seed883818.h5ad loaded with shape [2000, 30000]
2026-08-29 15:52:33,209 INFO Loading faiss with AVX512 support.
2026-08-29 15:52:33,233 INFO Successfully loaded faiss with AVX512 support.
2026-08-29 15:52:33,237 INFO Failed to load GPU Faiss: name 'GpuIndexIVFFlat' is not defined. Will not load constructor refs for GPU indexes. This is only an error if you're trying to use GPU Faiss.
WARNING clustering 512 points to 40 centroids: please provide at least 1560 training points
GARQ Initialization completed.
/home/zhangpeiru/.conda/envs/MetqQ2/lib/python3.11/site-packages/torch/autograd/__init__.py:251: UserWarning: Memory Efficient attention defaults to a non-deterministic algorithm. To explicitly enable determinism call torch.use_deterministic_algorithms(True, warn_only=False). (Triggered internally at ../aten/src/ATen/native/transformers/cuda/attention_backward.cu:413.)
  Variable._execution_engine.run_backward(  # Calls into the C++ engine to run the backward pass
Epoch 1, RNA: recon_loss=0.2334 , ATAC: recon_loss=0.3775 
/data/zhangpeiru/GARQ_revision/model.py:121: UserWarning: cumsum_cuda_kernel does not have a deterministic implementation, but you set 'torch.use_deterministic_algorithms(True, warn_only=True)'. You can file an issue at https://github.com/pytorch/pytorch/issues to help us prioritize adding deterministic support for this operation. (Triggered internally at ../aten/src/ATen/Context.cpp:71.)
  dis_indices = torch.multinomial(
/data/zhangpeiru/GARQ_revision/data_utils.py:140: UserWarning: The given NumPy array is not writable, and PyTorch does not support non-writable tensors. This means writing to this tensor will result in undefined behavior. You may want to copy the array to protect its data or make it writable before converting it to a tensor. This type of warning will be suppressed for the rest of this program. (Triggered internally at ../torch/csrc/utils/tensor_numpy.cpp:206.)
  type_int = torch.from_numpy(adata.obs[args.type_key].cat.codes.values).long()
/home/zhangpeiru/.conda/envs/MetqQ2/lib/python3.11/site-packages/louvain/__init__.py:54: UserWarning: pkg_resources is deprecated as an API. See https://setuptools.pypa.io/en/latest/pkg_resources.html. The pkg_resources package is slated for removal as early as 2025-11-30. Refrain from using this package or pin to Setuptools<81.
  from pkg_resources import get_distribution, DistributionNotFound
/home/zhangpeiru/.conda/envs/MetqQ2/lib/python3.11/site-packages/anndata/utils.py:434: FutureWarning: Importing read_csv from `anndata` is deprecated. Import anndata.io.read_csv instead.
  warnings.warn(msg, FutureWarning)
/home/zhangpeiru/.conda/envs/MetqQ2/lib/python3.11/site-packages/anndata/utils.py:434: FutureWarning: Importing read_text from `anndata` is deprecated. Import anndata.io.read_text instead.
  warnings.warn(msg, FutureWarning)
/home/zhangpeiru/.conda/envs/MetqQ2/lib/python3.11/site-packages/anndata/utils.py:434: FutureWarning: Importing read_excel from `anndata` is deprecated. Import anndata.io.read_excel instead.
  warnings.warn(msg, FutureWarning)
/home/zhangpeiru/.conda/envs/MetqQ2/lib/python3.11/site-packages/anndata/utils.py:434: FutureWarning: Importing read_mtx from `anndata` is deprecated. Import anndata.io.read_mtx instead.
  warnings.warn(msg, FutureWarning)
/home/zhangpeiru/.conda/envs/MetqQ2/lib/python3.11/site-packages/anndata/utils.py:434: FutureWarning: Importing read_loom from `anndata` is deprecated. Import anndata.io.read_loom instead.
  warnings.warn(msg, FutureWarning)
/home/zhangpeiru/.conda/envs/MetqQ2/lib/python3.11/site-packages/anndata/utils.py:434: FutureWarning: Importing read_hdf from `anndata` is deprecated. Import anndata.io.read_hdf instead.
  warnings.warn(msg, FutureWarning)
/home/zhangpeiru/.conda/envs/MetqQ2/lib/python3.11/site-packages/anndata/utils.py:434: FutureWarning: Importing read_umi_tools from `anndata` is deprecated. Import anndata.io.read_umi_tools instead.
  warnings.warn(msg, FutureWarning)
WARNING: adata.X seems to be already log-transformed.
/home/zhangpeiru/.conda/envs/MetqQ2/lib/python3.11/site-packages/scanpy/preprocessing/_highly_variable_genes.py:220: FutureWarning: The default of observed=False is deprecated and will be changed to True in a future version of pandas. Pass observed=False to retain current behavior or observed=True to adopt the future default and silence this warning.
  disp_grouped = df.groupby('mean_bin')['dispersions']
/home/zhangpeiru/.conda/envs/MetqQ2/lib/python3.11/site-packages/scanpy/preprocessing/_simple.py:843: UserWarning: Received a view of an AnnData. Making a copy.
  view_to_actual(adata)
/home/zhangpeiru/.conda/envs/MetqQ2/lib/python3.11/site-packages/scanpy/preprocessing/_highly_variable_genes.py:220: FutureWarning: The default of observed=False is deprecated and will be changed to True in a future version of pandas. Pass observed=False to retain current behavior or observed=True to adopt the future default and silence this warning.
  disp_grouped = df.groupby('mean_bin')['dispersions']
/home/zhangpeiru/.conda/envs/MetqQ2/lib/python3.11/site-packages/scanpy/preprocessing/_simple.py:843: UserWarning: Received a view of an AnnData. Making a copy.
  view_to_actual(adata)
=======Loading and Preprocessing Data=======
Data of 2 omics in total
revision_results/cache/subsets/D11_11_GSE194122_rna_2000cells_seed1729_rare-cDC2-abundance0.01-seed52473.h5ad loaded with shape [2000, 3003]
revision_results/cache/subsets/D11_11_GSE194122_atac_2000cells_seed1729_rare-cDC2-abundance0.01-seed52473.h5ad loaded with shape [2000, 30000]
2026-08-29 15:52:51,553 INFO Loading faiss with AVX512 support.
2026-08-29 15:52:51,572 INFO Successfully loaded faiss with AVX512 support.
2026-08-29 15:52:51,575 INFO Failed to load GPU Faiss: name 'GpuIndexIVFFlat' is not defined. Will not load constructor refs for GPU indexes. This is only an error if you're trying to use GPU Faiss.
WARNING clustering 512 points to 40 centroids: please provide at least 1560 training points
GARQ Initialization completed.
/home/zhangpeiru/.conda/envs/MetqQ2/lib/python3.11/site-packages/torch/autograd/__init__.py:251: UserWarning: Memory Efficient attention defaults to a non-deterministic algorithm. To explicitly enable determinism call torch.use_deterministic_algorithms(True, warn_only=False). (Triggered internally at ../aten/src/ATen/native/transformers/cuda/attention_backward.cu:413.)
  Variable._execution_engine.run_backward(  # Calls into the C++ engine to run the backward pass
Epoch 1, RNA: recon_loss=0.2332 , ATAC: recon_loss=0.3726 
/data/zhangpeiru/GARQ_revision/model.py:121: UserWarning: cumsum_cuda_kernel does not have a deterministic implementation, but you set 'torch.use_deterministic_algorithms(True, warn_only=True)'. You can file an issue at https://github.com/pytorch/pytorch/issues to help us prioritize adding deterministic support for this operation. (Triggered internally at ../aten/src/ATen/Context.cpp:71.)
  dis_indices = torch.multinomial(
/data/zhangpeiru/GARQ_revision/data_utils.py:140: UserWarning: The given NumPy array is not writable, and PyTorch does not support non-writable tensors. This means writing to this tensor will result in undefined behavior. You may want to copy the array to protect its data or make it writable before converting it to a tensor. This type of warning will be suppressed for the rest of this program. (Triggered internally at ../torch/csrc/utils/tensor_numpy.cpp:206.)
  type_int = torch.from_numpy(adata.obs[args.type_key].cat.codes.values).long()
/home/zhangpeiru/.conda/envs/MetqQ2/lib/python3.11/site-packages/louvain/__init__.py:54: UserWarning: pkg_resources is deprecated as an API. See https://setuptools.pypa.io/en/latest/pkg_resources.html. The pkg_resources package is slated for removal as early as 2025-11-30. Refrain from using this package or pin to Setuptools<81.
  from pkg_resources import get_distribution, DistributionNotFound
/home/zhangpeiru/.conda/envs/MetqQ2/lib/python3.11/site-packages/anndata/utils.py:434: FutureWarning: Importing read_csv from `anndata` is deprecated. Import anndata.io.read_csv instead.
  warnings.warn(msg, FutureWarning)
/home/zhangpeiru/.conda/envs/MetqQ2/lib/python3.11/site-packages/anndata/utils.py:434: FutureWarning: Importing read_text from `anndata` is deprecated. Import anndata.io.read_text instead.
  warnings.warn(msg, FutureWarning)
/home/zhangpeiru/.conda/envs/MetqQ2/lib/python3.11/site-packages/anndata/utils.py:434: FutureWarning: Importing read_excel from `anndata` is deprecated. Import anndata.io.read_excel instead.
  warnings.warn(msg, FutureWarning)
/home/zhangpeiru/.conda/envs/MetqQ2/lib/python3.11/site-packages/anndata/utils.py:434: FutureWarning: Importing read_mtx from `anndata` is deprecated. Import anndata.io.read_mtx instead.
  warnings.warn(msg, FutureWarning)
/home/zhangpeiru/.conda/envs/MetqQ2/lib/python3.11/site-packages/anndata/utils.py:434: FutureWarning: Importing read_loom from `anndata` is deprecated. Import anndata.io.read_loom instead.
  warnings.warn(msg, FutureWarning)
/home/zhangpeiru/.conda/envs/MetqQ2/lib/python3.11/site-packages/anndata/utils.py:434: FutureWarning: Importing read_hdf from `anndata` is deprecated. Import anndata.io.read_hdf instead.
  warnings.warn(msg, FutureWarning)
/home/zhangpeiru/.conda/envs/MetqQ2/lib/python3.11/site-packages/anndata/utils.py:434: FutureWarning: Importing read_umi_tools from `anndata` is deprecated. Import anndata.io.read_umi_tools instead.
  warnings.warn(msg, FutureWarning)
WARNING: adata.X seems to be already log-transformed.
/home/zhangpeiru/.conda/envs/MetqQ2/lib/python3.11/site-packages/scanpy/preprocessing/_highly_variable_genes.py:220: FutureWarning: The default of observed=False is deprecated and will be changed to True in a future version of pandas. Pass observed=False to retain current behavior or observed=True to adopt the future default and silence this warning.
  disp_grouped = df.groupby('mean_bin')['dispersions']
/home/zhangpeiru/.conda/envs/MetqQ2/lib/python3.11/site-packages/scanpy/preprocessing/_simple.py:843: UserWarning: Received a view of an AnnData. Making a copy.
  view_to_actual(adata)
/home/zhangpeiru/.conda/envs/MetqQ2/lib/python3.11/site-packages/scanpy/preprocessing/_highly_variable_genes.py:220: FutureWarning: The default of observed=False is deprecated and will be changed to True in a future version of pandas. Pass observed=False to retain current behavior or observed=True to adopt the future default and silence this warning.
  disp_grouped = df.groupby('mean_bin')['dispersions']
/home/zhangpeiru/.conda/envs/MetqQ2/lib/python3.11/site-packages/scanpy/preprocessing/_simple.py:843: UserWarning: Received a view of an AnnData. Making a copy.
  view_to_actual(adata)
=======Loading and Preprocessing Data=======
Data of 2 omics in total
revision_results/cache/subsets/D11_11_GSE194122_rna_2000cells_seed1729_rare-cDC2-abundance0.01-seed625062.h5ad loaded with shape [2000, 3003]
revision_results/cache/subsets/D11_11_GSE194122_atac_2000cells_seed1729_rare-cDC2-abundance0.01-seed625062.h5ad loaded with shape [2000, 30000]
2026-08-29 15:53:10,247 INFO Loading faiss with AVX512 support.
2026-08-29 15:53:10,272 INFO Successfully loaded faiss with AVX512 support.
2026-08-29 15:53:10,276 INFO Failed to load GPU Faiss: name 'GpuIndexIVFFlat' is not defined. Will not load constructor refs for GPU indexes. This is only an error if you're trying to use GPU Faiss.
WARNING clustering 512 points to 40 centroids: please provide at least 1560 training points
GARQ Initialization completed.
/home/zhangpeiru/.conda/envs/MetqQ2/lib/python3.11/site-packages/torch/autograd/__init__.py:251: UserWarning: Memory Efficient attention defaults to a non-deterministic algorithm. To explicitly enable determinism call torch.use_deterministic_algorithms(True, warn_only=False). (Triggered internally at ../aten/src/ATen/native/transformers/cuda/attention_backward.cu:413.)
  Variable._execution_engine.run_backward(  # Calls into the C++ engine to run the backward pass
Epoch 1, RNA: recon_loss=0.2317 , ATAC: recon_loss=0.3733 
/data/zhangpeiru/GARQ_revision/model.py:121: UserWarning: cumsum_cuda_kernel does not have a deterministic implementation, but you set 'torch.use_deterministic_algorithms(True, warn_only=True)'. You can file an issue at https://github.com/pytorch/pytorch/issues to help us prioritize adding deterministic support for this operation. (Triggered internally at ../aten/src/ATen/Context.cpp:71.)
  dis_indices = torch.multinomial(
/data/zhangpeiru/GARQ_revision/data_utils.py:140: UserWarning: The given NumPy array is not writable, and PyTorch does not support non-writable tensors. This means writing to this tensor will result in undefined behavior. You may want to copy the array to protect its data or make it writable before converting it to a tensor. This type of warning will be suppressed for the rest of this program. (Triggered internally at ../torch/csrc/utils/tensor_numpy.cpp:206.)
  type_int = torch.from_numpy(adata.obs[args.type_key].cat.codes.values).long()
/home/zhangpeiru/.conda/envs/MetqQ2/lib/python3.11/site-packages/louvain/__init__.py:54: UserWarning: pkg_resources is deprecated as an API. See https://setuptools.pypa.io/en/latest/pkg_resources.html. The pkg_resources package is slated for removal as early as 2025-11-30. Refrain from using this package or pin to Setuptools<81.
  from pkg_resources import get_distribution, DistributionNotFound
/home/zhangpeiru/.conda/envs/MetqQ2/lib/python3.11/site-packages/anndata/utils.py:434: FutureWarning: Importing read_csv from `anndata` is deprecated. Import anndata.io.read_csv instead.
  warnings.warn(msg, FutureWarning)
/home/zhangpeiru/.conda/envs/MetqQ2/lib/python3.11/site-packages/anndata/utils.py:434: FutureWarning: Importing read_text from `anndata` is deprecated. Import anndata.io.read_text instead.
  warnings.warn(msg, FutureWarning)
/home/zhangpeiru/.conda/envs/MetqQ2/lib/python3.11/site-packages/anndata/utils.py:434: FutureWarning: Importing read_excel from `anndata` is deprecated. Import anndata.io.read_excel instead.
  warnings.warn(msg, FutureWarning)
/home/zhangpeiru/.conda/envs/MetqQ2/lib/python3.11/site-packages/anndata/utils.py:434: FutureWarning: Importing read_mtx from `anndata` is deprecated. Import anndata.io.read_mtx instead.
  warnings.warn(msg, FutureWarning)
/home/zhangpeiru/.conda/envs/MetqQ2/lib/python3.11/site-packages/anndata/utils.py:434: FutureWarning: Importing read_loom from `anndata` is deprecated. Import anndata.io.read_loom instead.
  warnings.warn(msg, FutureWarning)
/home/zhangpeiru/.conda/envs/MetqQ2/lib/python3.11/site-packages/anndata/utils.py:434: FutureWarning: Importing read_hdf from `anndata` is deprecated. Import anndata.io.read_hdf instead.
  warnings.warn(msg, FutureWarning)
/home/zhangpeiru/.conda/envs/MetqQ2/lib/python3.11/site-packages/anndata/utils.py:434: FutureWarning: Importing read_umi_tools from `anndata` is deprecated. Import anndata.io.read_umi_tools instead.
  warnings.warn(msg, FutureWarning)
WARNING: adata.X seems to be already log-transformed.
/home/zhangpeiru/.conda/envs/MetqQ2/lib/python3.11/site-packages/scanpy/preprocessing/_highly_variable_genes.py:220: FutureWarning: The default of observed=False is deprecated and will be changed to True in a future version of pandas. Pass observed=False to retain current behavior or observed=True to adopt the future default and silence this warning.
  disp_grouped = df.groupby('mean_bin')['dispersions']
/home/zhangpeiru/.conda/envs/MetqQ2/lib/python3.11/site-packages/scanpy/preprocessing/_simple.py:843: UserWarning: Received a view of an AnnData. Making a copy.
  view_to_actual(adata)
/home/zhangpeiru/.conda/envs/MetqQ2/lib/python3.11/site-packages/scanpy/preprocessing/_highly_variable_genes.py:220: FutureWarning: The default of observed=False is deprecated and will be changed to True in a future version of pandas. Pass observed=False to retain current behavior or observed=True to adopt the future default and silence this warning.
  disp_grouped = df.groupby('mean_bin')['dispersions']
/home/zhangpeiru/.conda/envs/MetqQ2/lib/python3.11/site-packages/scanpy/preprocessing/_simple.py:843: UserWarning: Received a view of an AnnData. Making a copy.
  view_to_actual(adata)
=======Loading and Preprocessing Data=======
Data of 2 omics in total
revision_results/cache/subsets/D11_11_GSE194122_rna_2000cells_seed1729_rare-cDC2-abundance0.01-seed960622.h5ad loaded with shape [2000, 3001]
revision_results/cache/subsets/D11_11_GSE194122_atac_2000cells_seed1729_rare-cDC2-abundance0.01-seed960622.h5ad loaded with shape [2000, 30000]
2026-08-29 15:53:28,379 INFO Loading faiss with AVX512 support.
2026-08-29 15:53:28,398 INFO Successfully loaded faiss with AVX512 support.
2026-08-29 15:53:28,401 INFO Failed to load GPU Faiss: name 'GpuIndexIVFFlat' is not defined. Will not load constructor refs for GPU indexes. This is only an error if you're trying to use GPU Faiss.
WARNING clustering 512 points to 40 centroids: please provide at least 1560 training points
GARQ Initialization completed.
/home/zhangpeiru/.conda/envs/MetqQ2/lib/python3.11/site-packages/torch/autograd/__init__.py:251: UserWarning: Memory Efficient attention defaults to a non-deterministic algorithm. To explicitly enable determinism call torch.use_deterministic_algorithms(True, warn_only=False). (Triggered internally at ../aten/src/ATen/native/transformers/cuda/attention_backward.cu:413.)
  Variable._execution_engine.run_backward(  # Calls into the C++ engine to run the backward pass
Epoch 1, RNA: recon_loss=0.2364 , ATAC: recon_loss=0.3819 
/data/zhangpeiru/GARQ_revision/model.py:121: UserWarning: cumsum_cuda_kernel does not have a deterministic implementation, but you set 'torch.use_deterministic_algorithms(True, warn_only=True)'. You can file an issue at https://github.com/pytorch/pytorch/issues to help us prioritize adding deterministic support for this operation. (Triggered internally at ../aten/src/ATen/Context.cpp:71.)
  dis_indices = torch.multinomial(
/data/zhangpeiru/GARQ_revision/data_utils.py:140: UserWarning: The given NumPy array is not writable, and PyTorch does not support non-writable tensors. This means writing to this tensor will result in undefined behavior. You may want to copy the array to protect its data or make it writable before converting it to a tensor. This type of warning will be suppressed for the rest of this program. (Triggered internally at ../torch/csrc/utils/tensor_numpy.cpp:206.)
  type_int = torch.from_numpy(adata.obs[args.type_key].cat.codes.values).long()
/home/zhangpeiru/.conda/envs/MetqQ2/lib/python3.11/site-packages/louvain/__init__.py:54: UserWarning: pkg_resources is deprecated as an API. See https://setuptools.pypa.io/en/latest/pkg_resources.html. The pkg_resources package is slated for removal as early as 2025-11-30. Refrain from using this package or pin to Setuptools<81.
  from pkg_resources import get_distribution, DistributionNotFound
/home/zhangpeiru/.conda/envs/MetqQ2/lib/python3.11/site-packages/anndata/utils.py:434: FutureWarning: Importing read_csv from `anndata` is deprecated. Import anndata.io.read_csv instead.
  warnings.warn(msg, FutureWarning)
/home/zhangpeiru/.conda/envs/MetqQ2/lib/python3.11/site-packages/anndata/utils.py:434: FutureWarning: Importing read_text from `anndata` is deprecated. Import anndata.io.read_text instead.
  warnings.warn(msg, FutureWarning)
/home/zhangpeiru/.conda/envs/MetqQ2/lib/python3.11/site-packages/anndata/utils.py:434: FutureWarning: Importing read_excel from `anndata` is deprecated. Import anndata.io.read_excel instead.
  warnings.warn(msg, FutureWarning)
/home/zhangpeiru/.conda/envs/MetqQ2/lib/python3.11/site-packages/anndata/utils.py:434: FutureWarning: Importing read_mtx from `anndata` is deprecated. Import anndata.io.read_mtx instead.
  warnings.warn(msg, FutureWarning)
/home/zhangpeiru/.conda/envs/MetqQ2/lib/python3.11/site-packages/anndata/utils.py:434: FutureWarning: Importing read_loom from `anndata` is deprecated. Import anndata.io.read_loom instead.
  warnings.warn(msg, FutureWarning)
/home/zhangpeiru/.conda/envs/MetqQ2/lib/python3.11/site-packages/anndata/utils.py:434: FutureWarning: Importing read_hdf from `anndata` is deprecated. Import anndata.io.read_hdf instead.
  warnings.warn(msg, FutureWarning)
/home/zhangpeiru/.conda/envs/MetqQ2/lib/python3.11/site-packages/anndata/utils.py:434: FutureWarning: Importing read_umi_tools from `anndata` is deprecated. Import anndata.io.read_umi_tools instead.
  warnings.warn(msg, FutureWarning)
WARNING: adata.X seems to be already log-transformed.
/home/zhangpeiru/.conda/envs/MetqQ2/lib/python3.11/site-packages/scanpy/preprocessing/_highly_variable_genes.py:220: FutureWarning: The default of observed=False is deprecated and will be changed to True in a future version of pandas. Pass observed=False to retain current behavior or observed=True to adopt the future default and silence this warning.
  disp_grouped = df.groupby('mean_bin')['dispersions']
/home/zhangpeiru/.conda/envs/MetqQ2/lib/python3.11/site-packages/scanpy/preprocessing/_simple.py:843: UserWarning: Received a view of an AnnData. Making a copy.
  view_to_actual(adata)
/home/zhangpeiru/.conda/envs/MetqQ2/lib/python3.11/site-packages/scanpy/preprocessing/_highly_variable_genes.py:220: FutureWarning: The default of observed=False is deprecated and will be changed to True in a future version of pandas. Pass observed=False to retain current behavior or observed=True to adopt the future default and silence this warning.
  disp_grouped = df.groupby('mean_bin')['dispersions']
/home/zhangpeiru/.conda/envs/MetqQ2/lib/python3.11/site-packages/scanpy/preprocessing/_simple.py:843: UserWarning: Received a view of an AnnData. Making a copy.
  view_to_actual(adata)
=======Loading and Preprocessing Data=======
Data of 2 omics in total
revision_results/cache/subsets/D11_11_GSE194122_rna_2000cells_seed1729_rare-NK-abundance0.001-seed785963.h5ad loaded with shape [2000, 3001]
revision_results/cache/subsets/D11_11_GSE194122_atac_2000cells_seed1729_rare-NK-abundance0.001-seed785963.h5ad loaded with shape [2000, 30000]
2026-08-29 15:53:47,565 INFO Loading faiss with AVX512 support.
2026-08-29 15:53:47,589 INFO Successfully loaded faiss with AVX512 support.
2026-08-29 15:53:47,593 INFO Failed to load GPU Faiss: name 'GpuIndexIVFFlat' is not defined. Will not load constructor refs for GPU indexes. This is only an error if you're trying to use GPU Faiss.
WARNING clustering 512 points to 40 centroids: please provide at least 1560 training points
GARQ Initialization completed.
/home/zhangpeiru/.conda/envs/MetqQ2/lib/python3.11/site-packages/torch/autograd/__init__.py:251: UserWarning: Memory Efficient attention defaults to a non-deterministic algorithm. To explicitly enable determinism call torch.use_deterministic_algorithms(True, warn_only=False). (Triggered internally at ../aten/src/ATen/native/transformers/cuda/attention_backward.cu:413.)
  Variable._execution_engine.run_backward(  # Calls into the C++ engine to run the backward pass
Epoch 1, RNA: recon_loss=0.2350 , ATAC: recon_loss=0.3763 
/data/zhangpeiru/GARQ_revision/model.py:121: UserWarning: cumsum_cuda_kernel does not have a deterministic implementation, but you set 'torch.use_deterministic_algorithms(True, warn_only=True)'. You can file an issue at https://github.com/pytorch/pytorch/issues to help us prioritize adding deterministic support for this operation. (Triggered internally at ../aten/src/ATen/Context.cpp:71.)
  dis_indices = torch.multinomial(
/data/zhangpeiru/GARQ_revision/data_utils.py:140: UserWarning: The given NumPy array is not writable, and PyTorch does not support non-writable tensors. This means writing to this tensor will result in undefined behavior. You may want to copy the array to protect its data or make it writable before converting it to a tensor. This type of warning will be suppressed for the rest of this program. (Triggered internally at ../torch/csrc/utils/tensor_numpy.cpp:206.)
  type_int = torch.from_numpy(adata.obs[args.type_key].cat.codes.values).long()
/home/zhangpeiru/.conda/envs/MetqQ2/lib/python3.11/site-packages/louvain/__init__.py:54: UserWarning: pkg_resources is deprecated as an API. See https://setuptools.pypa.io/en/latest/pkg_resources.html. The pkg_resources package is slated for removal as early as 2025-11-30. Refrain from using this package or pin to Setuptools<81.
  from pkg_resources import get_distribution, DistributionNotFound
/home/zhangpeiru/.conda/envs/MetqQ2/lib/python3.11/site-packages/anndata/utils.py:434: FutureWarning: Importing read_csv from `anndata` is deprecated. Import anndata.io.read_csv instead.
  warnings.warn(msg, FutureWarning)
/home/zhangpeiru/.conda/envs/MetqQ2/lib/python3.11/site-packages/anndata/utils.py:434: FutureWarning: Importing read_text from `anndata` is deprecated. Import anndata.io.read_text instead.
  warnings.warn(msg, FutureWarning)
/home/zhangpeiru/.conda/envs/MetqQ2/lib/python3.11/site-packages/anndata/utils.py:434: FutureWarning: Importing read_excel from `anndata` is deprecated. Import anndata.io.read_excel instead.
  warnings.warn(msg, FutureWarning)
/home/zhangpeiru/.conda/envs/MetqQ2/lib/python3.11/site-packages/anndata/utils.py:434: FutureWarning: Importing read_mtx from `anndata` is deprecated. Import anndata.io.read_mtx instead.
  warnings.warn(msg, FutureWarning)
/home/zhangpeiru/.conda/envs/MetqQ2/lib/python3.11/site-packages/anndata/utils.py:434: FutureWarning: Importing read_loom from `anndata` is deprecated. Import anndata.io.read_loom instead.
  warnings.warn(msg, FutureWarning)
/home/zhangpeiru/.conda/envs/MetqQ2/lib/python3.11/site-packages/anndata/utils.py:434: FutureWarning: Importing read_hdf from `anndata` is deprecated. Import anndata.io.read_hdf instead.
  warnings.warn(msg, FutureWarning)
/home/zhangpeiru/.conda/envs/MetqQ2/lib/python3.11/site-packages/anndata/utils.py:434: FutureWarning: Importing read_umi_tools from `anndata` is deprecated. Import anndata.io.read_umi_tools instead.
  warnings.warn(msg, FutureWarning)
WARNING: adata.X seems to be already log-transformed.
/home/zhangpeiru/.conda/envs/MetqQ2/lib/python3.11/site-packages/scanpy/preprocessing/_highly_variable_genes.py:220: FutureWarning: The default of observed=False is deprecated and will be changed to True in a future version of pandas. Pass observed=False to retain current behavior or observed=True to adopt the future default and silence this warning.
  disp_grouped = df.groupby('mean_bin')['dispersions']
/home/zhangpeiru/.conda/envs/MetqQ2/lib/python3.11/site-packages/scanpy/preprocessing/_simple.py:843: UserWarning: Received a view of an AnnData. Making a copy.
  view_to_actual(adata)
/home/zhangpeiru/.conda/envs/MetqQ2/lib/python3.11/site-packages/scanpy/preprocessing/_highly_variable_genes.py:220: FutureWarning: The default of observed=False is deprecated and will be changed to True in a future version of pandas. Pass observed=False to retain current behavior or observed=True to adopt the future default and silence this warning.
  disp_grouped = df.groupby('mean_bin')['dispersions']
/home/zhangpeiru/.conda/envs/MetqQ2/lib/python3.11/site-packages/scanpy/preprocessing/_simple.py:843: UserWarning: Received a view of an AnnData. Making a copy.
  view_to_actual(adata)
=======Loading and Preprocessing Data=======
Data of 2 omics in total
revision_results/cache/subsets/D11_11_GSE194122_rna_2000cells_seed1729_rare-NK-abundance0.001-seed525153.h5ad loaded with shape [2000, 3003]
revision_results/cache/subsets/D11_11_GSE194122_atac_2000cells_seed1729_rare-NK-abundance0.001-seed525153.h5ad loaded with shape [2000, 30000]
2026-08-29 15:54:06,857 INFO Loading faiss with AVX512 support.
2026-08-29 15:54:06,880 INFO Successfully loaded faiss with AVX512 support.
2026-08-29 15:54:06,884 INFO Failed to load GPU Faiss: name 'GpuIndexIVFFlat' is not defined. Will not load constructor refs for GPU indexes. This is only an error if you're trying to use GPU Faiss.
WARNING clustering 512 points to 40 centroids: please provide at least 1560 training points
GARQ Initialization completed.
/home/zhangpeiru/.conda/envs/MetqQ2/lib/python3.11/site-packages/torch/autograd/__init__.py:251: UserWarning: Memory Efficient attention defaults to a non-deterministic algorithm. To explicitly enable determinism call torch.use_deterministic_algorithms(True, warn_only=False). (Triggered internally at ../aten/src/ATen/native/transformers/cuda/attention_backward.cu:413.)
  Variable._execution_engine.run_backward(  # Calls into the C++ engine to run the backward pass
Epoch 1, RNA: recon_loss=0.2326 , ATAC: recon_loss=0.3835 
/data/zhangpeiru/GARQ_revision/model.py:121: UserWarning: cumsum_cuda_kernel does not have a deterministic implementation, but you set 'torch.use_deterministic_algorithms(True, warn_only=True)'. You can file an issue at https://github.com/pytorch/pytorch/issues to help us prioritize adding deterministic support for this operation. (Triggered internally at ../aten/src/ATen/Context.cpp:71.)
  dis_indices = torch.multinomial(
/data/zhangpeiru/GARQ_revision/data_utils.py:140: UserWarning: The given NumPy array is not writable, and PyTorch does not support non-writable tensors. This means writing to this tensor will result in undefined behavior. You may want to copy the array to protect its data or make it writable before converting it to a tensor. This type of warning will be suppressed for the rest of this program. (Triggered internally at ../torch/csrc/utils/tensor_numpy.cpp:206.)
  type_int = torch.from_numpy(adata.obs[args.type_key].cat.codes.values).long()
/home/zhangpeiru/.conda/envs/MetqQ2/lib/python3.11/site-packages/louvain/__init__.py:54: UserWarning: pkg_resources is deprecated as an API. See https://setuptools.pypa.io/en/latest/pkg_resources.html. The pkg_resources package is slated for removal as early as 2025-11-30. Refrain from using this package or pin to Setuptools<81.
  from pkg_resources import get_distribution, DistributionNotFound
/home/zhangpeiru/.conda/envs/MetqQ2/lib/python3.11/site-packages/anndata/utils.py:434: FutureWarning: Importing read_csv from `anndata` is deprecated. Import anndata.io.read_csv instead.
  warnings.warn(msg, FutureWarning)
/home/zhangpeiru/.conda/envs/MetqQ2/lib/python3.11/site-packages/anndata/utils.py:434: FutureWarning: Importing read_text from `anndata` is deprecated. Import anndata.io.read_text instead.
  warnings.warn(msg, FutureWarning)
/home/zhangpeiru/.conda/envs/MetqQ2/lib/python3.11/site-packages/anndata/utils.py:434: FutureWarning: Importing read_excel from `anndata` is deprecated. Import anndata.io.read_excel instead.
  warnings.warn(msg, FutureWarning)
/home/zhangpeiru/.conda/envs/MetqQ2/lib/python3.11/site-packages/anndata/utils.py:434: FutureWarning: Importing read_mtx from `anndata` is deprecated. Import anndata.io.read_mtx instead.
  warnings.warn(msg, FutureWarning)
/home/zhangpeiru/.conda/envs/MetqQ2/lib/python3.11/site-packages/anndata/utils.py:434: FutureWarning: Importing read_loom from `anndata` is deprecated. Import anndata.io.read_loom instead.
  warnings.warn(msg, FutureWarning)
/home/zhangpeiru/.conda/envs/MetqQ2/lib/python3.11/site-packages/anndata/utils.py:434: FutureWarning: Importing read_hdf from `anndata` is deprecated. Import anndata.io.read_hdf instead.
  warnings.warn(msg, FutureWarning)
/home/zhangpeiru/.conda/envs/MetqQ2/lib/python3.11/site-packages/anndata/utils.py:434: FutureWarning: Importing read_umi_tools from `anndata` is deprecated. Import anndata.io.read_umi_tools instead.
  warnings.warn(msg, FutureWarning)
WARNING: adata.X seems to be already log-transformed.
/home/zhangpeiru/.conda/envs/MetqQ2/lib/python3.11/site-packages/scanpy/preprocessing/_highly_variable_genes.py:220: FutureWarning: The default of observed=False is deprecated and will be changed to True in a future version of pandas. Pass observed=False to retain current behavior or observed=True to adopt the future default and silence this warning.
  disp_grouped = df.groupby('mean_bin')['dispersions']
/home/zhangpeiru/.conda/envs/MetqQ2/lib/python3.11/site-packages/scanpy/preprocessing/_simple.py:843: UserWarning: Received a view of an AnnData. Making a copy.
  view_to_actual(adata)
/home/zhangpeiru/.conda/envs/MetqQ2/lib/python3.11/site-packages/scanpy/preprocessing/_highly_variable_genes.py:220: FutureWarning: The default of observed=False is deprecated and will be changed to True in a future version of pandas. Pass observed=False to retain current behavior or observed=True to adopt the future default and silence this warning.
  disp_grouped = df.groupby('mean_bin')['dispersions']
/home/zhangpeiru/.conda/envs/MetqQ2/lib/python3.11/site-packages/scanpy/preprocessing/_simple.py:843: UserWarning: Received a view of an AnnData. Making a copy.
  view_to_actual(adata)
=======Loading and Preprocessing Data=======
Data of 2 omics in total
revision_results/cache/subsets/D11_11_GSE194122_rna_2000cells_seed1729_rare-NK-abundance0.001-seed181207.h5ad loaded with shape [2000, 3003]
revision_results/cache/subsets/D11_11_GSE194122_atac_2000cells_seed1729_rare-NK-abundance0.001-seed181207.h5ad loaded with shape [2000, 30000]
2026-08-29 15:54:24,401 INFO Loading faiss with AVX512 support.
2026-08-29 15:54:24,421 INFO Successfully loaded faiss with AVX512 support.
2026-08-29 15:54:24,424 INFO Failed to load GPU Faiss: name 'GpuIndexIVFFlat' is not defined. Will not load constructor refs for GPU indexes. This is only an error if you're trying to use GPU Faiss.
WARNING clustering 512 points to 40 centroids: please provide at least 1560 training points
GARQ Initialization completed.
/home/zhangpeiru/.conda/envs/MetqQ2/lib/python3.11/site-packages/torch/autograd/__init__.py:251: UserWarning: Memory Efficient attention defaults to a non-deterministic algorithm. To explicitly enable determinism call torch.use_deterministic_algorithms(True, warn_only=False). (Triggered internally at ../aten/src/ATen/native/transformers/cuda/attention_backward.cu:413.)
  Variable._execution_engine.run_backward(  # Calls into the C++ engine to run the backward pass
Epoch 1, RNA: recon_loss=0.2322 , ATAC: recon_loss=0.3780 
/data/zhangpeiru/GARQ_revision/model.py:121: UserWarning: cumsum_cuda_kernel does not have a deterministic implementation, but you set 'torch.use_deterministic_algorithms(True, warn_only=True)'. You can file an issue at https://github.com/pytorch/pytorch/issues to help us prioritize adding deterministic support for this operation. (Triggered internally at ../aten/src/ATen/Context.cpp:71.)
  dis_indices = torch.multinomial(
/data/zhangpeiru/GARQ_revision/data_utils.py:131: RuntimeWarning: Mean of empty slice.
  [data[meta_ids == i].mean(axis=0) for i in range(meta_ids.max() + 1)]
/home/zhangpeiru/.conda/envs/MetqQ2/lib/python3.11/site-packages/numpy/core/_methods.py:121: RuntimeWarning: invalid value encountered in divide
  ret = um.true_divide(
/data/zhangpeiru/GARQ_revision/data_utils.py:140: UserWarning: The given NumPy array is not writable, and PyTorch does not support non-writable tensors. This means writing to this tensor will result in undefined behavior. You may want to copy the array to protect its data or make it writable before converting it to a tensor. This type of warning will be suppressed for the rest of this program. (Triggered internally at ../torch/csrc/utils/tensor_numpy.cpp:206.)
  type_int = torch.from_numpy(adata.obs[args.type_key].cat.codes.values).long()
/data/zhangpeiru/GARQ_revision/data_utils.py:131: RuntimeWarning: Mean of empty slice.
  [data[meta_ids == i].mean(axis=0) for i in range(meta_ids.max() + 1)]
/home/zhangpeiru/.conda/envs/MetqQ2/lib/python3.11/site-packages/numpy/core/_methods.py:121: RuntimeWarning: invalid value encountered in divide
  ret = um.true_divide(
/home/zhangpeiru/.conda/envs/MetqQ2/lib/python3.11/site-packages/louvain/__init__.py:54: UserWarning: pkg_resources is deprecated as an API. See https://setuptools.pypa.io/en/latest/pkg_resources.html. The pkg_resources package is slated for removal as early as 2025-11-30. Refrain from using this package or pin to Setuptools<81.
  from pkg_resources import get_distribution, DistributionNotFound
/home/zhangpeiru/.conda/envs/MetqQ2/lib/python3.11/site-packages/anndata/utils.py:434: FutureWarning: Importing read_csv from `anndata` is deprecated. Import anndata.io.read_csv instead.
  warnings.warn(msg, FutureWarning)
/home/zhangpeiru/.conda/envs/MetqQ2/lib/python3.11/site-packages/anndata/utils.py:434: FutureWarning: Importing read_text from `anndata` is deprecated. Import anndata.io.read_text instead.
  warnings.warn(msg, FutureWarning)
/home/zhangpeiru/.conda/envs/MetqQ2/lib/python3.11/site-packages/anndata/utils.py:434: FutureWarning: Importing read_excel from `anndata` is deprecated. Import anndata.io.read_excel instead.
  warnings.warn(msg, FutureWarning)
/home/zhangpeiru/.conda/envs/MetqQ2/lib/python3.11/site-packages/anndata/utils.py:434: FutureWarning: Importing read_mtx from `anndata` is deprecated. Import anndata.io.read_mtx instead.
  warnings.warn(msg, FutureWarning)
/home/zhangpeiru/.conda/envs/MetqQ2/lib/python3.11/site-packages/anndata/utils.py:434: FutureWarning: Importing read_loom from `anndata` is deprecated. Import anndata.io.read_loom instead.
  warnings.warn(msg, FutureWarning)
/home/zhangpeiru/.conda/envs/MetqQ2/lib/python3.11/site-packages/anndata/utils.py:434: FutureWarning: Importing read_hdf from `anndata` is deprecated. Import anndata.io.read_hdf instead.
  warnings.warn(msg, FutureWarning)
/home/zhangpeiru/.conda/envs/MetqQ2/lib/python3.11/site-packages/anndata/utils.py:434: FutureWarning: Importing read_umi_tools from `anndata` is deprecated. Import anndata.io.read_umi_tools instead.
  warnings.warn(msg, FutureWarning)
WARNING: adata.X seems to be already log-transformed.
/home/zhangpeiru/.conda/envs/MetqQ2/lib/python3.11/site-packages/scanpy/preprocessing/_highly_variable_genes.py:220: FutureWarning: The default of observed=False is deprecated and will be changed to True in a future version of pandas. Pass observed=False to retain current behavior or observed=True to adopt the future default and silence this warning.
  disp_grouped = df.groupby('mean_bin')['dispersions']
/home/zhangpeiru/.conda/envs/MetqQ2/lib/python3.11/site-packages/scanpy/preprocessing/_simple.py:843: UserWarning: Received a view of an AnnData. Making a copy.
  view_to_actual(adata)
/home/zhangpeiru/.conda/envs/MetqQ2/lib/python3.11/site-packages/scanpy/preprocessing/_highly_variable_genes.py:220: FutureWarning: The default of observed=False is deprecated and will be changed to True in a future version of pandas. Pass observed=False to retain current behavior or observed=True to adopt the future default and silence this warning.
  disp_grouped = df.groupby('mean_bin')['dispersions']
/home/zhangpeiru/.conda/envs/MetqQ2/lib/python3.11/site-packages/scanpy/preprocessing/_simple.py:843: UserWarning: Received a view of an AnnData. Making a copy.
  view_to_actual(adata)
=======Loading and Preprocessing Data=======
Data of 2 omics in total
revision_results/cache/subsets/D11_11_GSE194122_rna_2000cells_seed1729_rare-NK-abundance0.001-seed205045.h5ad loaded with shape [2000, 3004]
revision_results/cache/subsets/D11_11_GSE194122_atac_2000cells_seed1729_rare-NK-abundance0.001-seed205045.h5ad loaded with shape [2000, 30000]
2026-08-29 15:54:41,975 INFO Loading faiss with AVX512 support.
2026-08-29 15:54:41,994 INFO Successfully loaded faiss with AVX512 support.
2026-08-29 15:54:41,997 INFO Failed to load GPU Faiss: name 'GpuIndexIVFFlat' is not defined. Will not load constructor refs for GPU indexes. This is only an error if you're trying to use GPU Faiss.
WARNING clustering 512 points to 40 centroids: please provide at least 1560 training points
GARQ Initialization completed.
/home/zhangpeiru/.conda/envs/MetqQ2/lib/python3.11/site-packages/torch/autograd/__init__.py:251: UserWarning: Memory Efficient attention defaults to a non-deterministic algorithm. To explicitly enable determinism call torch.use_deterministic_algorithms(True, warn_only=False). (Triggered internally at ../aten/src/ATen/native/transformers/cuda/attention_backward.cu:413.)
  Variable._execution_engine.run_backward(  # Calls into the C++ engine to run the backward pass
Epoch 1, RNA: recon_loss=0.2323 , ATAC: recon_loss=0.3753 
/data/zhangpeiru/GARQ_revision/model.py:121: UserWarning: cumsum_cuda_kernel does not have a deterministic implementation, but you set 'torch.use_deterministic_algorithms(True, warn_only=True)'. You can file an issue at https://github.com/pytorch/pytorch/issues to help us prioritize adding deterministic support for this operation. (Triggered internally at ../aten/src/ATen/Context.cpp:71.)
  dis_indices = torch.multinomial(
/data/zhangpeiru/GARQ_revision/data_utils.py:131: RuntimeWarning: Mean of empty slice.
  [data[meta_ids == i].mean(axis=0) for i in range(meta_ids.max() + 1)]
/home/zhangpeiru/.conda/envs/MetqQ2/lib/python3.11/site-packages/numpy/core/_methods.py:121: RuntimeWarning: invalid value encountered in divide
  ret = um.true_divide(
/data/zhangpeiru/GARQ_revision/data_utils.py:140: UserWarning: The given NumPy array is not writable, and PyTorch does not support non-writable tensors. This means writing to this tensor will result in undefined behavior. You may want to copy the array to protect its data or make it writable before converting it to a tensor. This type of warning will be suppressed for the rest of this program. (Triggered internally at ../torch/csrc/utils/tensor_numpy.cpp:206.)
  type_int = torch.from_numpy(adata.obs[args.type_key].cat.codes.values).long()
/data/zhangpeiru/GARQ_revision/data_utils.py:131: RuntimeWarning: Mean of empty slice.
  [data[meta_ids == i].mean(axis=0) for i in range(meta_ids.max() + 1)]
/home/zhangpeiru/.conda/envs/MetqQ2/lib/python3.11/site-packages/numpy/core/_methods.py:121: RuntimeWarning: invalid value encountered in divide
  ret = um.true_divide(
/home/zhangpeiru/.conda/envs/MetqQ2/lib/python3.11/site-packages/louvain/__init__.py:54: UserWarning: pkg_resources is deprecated as an API. See https://setuptools.pypa.io/en/latest/pkg_resources.html. The pkg_resources package is slated for removal as early as 2025-11-30. Refrain from using this package or pin to Setuptools<81.
  from pkg_resources import get_distribution, DistributionNotFound
/home/zhangpeiru/.conda/envs/MetqQ2/lib/python3.11/site-packages/anndata/utils.py:434: FutureWarning: Importing read_csv from `anndata` is deprecated. Import anndata.io.read_csv instead.
  warnings.warn(msg, FutureWarning)
/home/zhangpeiru/.conda/envs/MetqQ2/lib/python3.11/site-packages/anndata/utils.py:434: FutureWarning: Importing read_text from `anndata` is deprecated. Import anndata.io.read_text instead.
  warnings.warn(msg, FutureWarning)
/home/zhangpeiru/.conda/envs/MetqQ2/lib/python3.11/site-packages/anndata/utils.py:434: FutureWarning: Importing read_excel from `anndata` is deprecated. Import anndata.io.read_excel instead.
  warnings.warn(msg, FutureWarning)
/home/zhangpeiru/.conda/envs/MetqQ2/lib/python3.11/site-packages/anndata/utils.py:434: FutureWarning: Importing read_mtx from `anndata` is deprecated. Import anndata.io.read_mtx instead.
  warnings.warn(msg, FutureWarning)
/home/zhangpeiru/.conda/envs/MetqQ2/lib/python3.11/site-packages/anndata/utils.py:434: FutureWarning: Importing read_loom from `anndata` is deprecated. Import anndata.io.read_loom instead.
  warnings.warn(msg, FutureWarning)
/home/zhangpeiru/.conda/envs/MetqQ2/lib/python3.11/site-packages/anndata/utils.py:434: FutureWarning: Importing read_hdf from `anndata` is deprecated. Import anndata.io.read_hdf instead.
  warnings.warn(msg, FutureWarning)
/home/zhangpeiru/.conda/envs/MetqQ2/lib/python3.11/site-packages/anndata/utils.py:434: FutureWarning: Importing read_umi_tools from `anndata` is deprecated. Import anndata.io.read_umi_tools instead.
  warnings.warn(msg, FutureWarning)
WARNING: adata.X seems to be already log-transformed.
/home/zhangpeiru/.conda/envs/MetqQ2/lib/python3.11/site-packages/scanpy/preprocessing/_highly_variable_genes.py:220: FutureWarning: The default of observed=False is deprecated and will be changed to True in a future version of pandas. Pass observed=False to retain current behavior or observed=True to adopt the future default and silence this warning.
  disp_grouped = df.groupby('mean_bin')['dispersions']
/home/zhangpeiru/.conda/envs/MetqQ2/lib/python3.11/site-packages/scanpy/preprocessing/_simple.py:843: UserWarning: Received a view of an AnnData. Making a copy.
  view_to_actual(adata)
/home/zhangpeiru/.conda/envs/MetqQ2/lib/python3.11/site-packages/scanpy/preprocessing/_highly_variable_genes.py:220: FutureWarning: The default of observed=False is deprecated and will be changed to True in a future version of pandas. Pass observed=False to retain current behavior or observed=True to adopt the future default and silence this warning.
  disp_grouped = df.groupby('mean_bin')['dispersions']
/home/zhangpeiru/.conda/envs/MetqQ2/lib/python3.11/site-packages/scanpy/preprocessing/_simple.py:843: UserWarning: Received a view of an AnnData. Making a copy.
  view_to_actual(adata)
=======Loading and Preprocessing Data=======
Data of 2 omics in total
revision_results/cache/subsets/D11_11_GSE194122_rna_2000cells_seed1729_rare-NK-abundance0.001-seed402218.h5ad loaded with shape [2000, 3004]
revision_results/cache/subsets/D11_11_GSE194122_atac_2000cells_seed1729_rare-NK-abundance0.001-seed402218.h5ad loaded with shape [2000, 30000]
2026-08-29 15:55:00,886 INFO Loading faiss with AVX512 support.
2026-08-29 15:55:00,910 INFO Successfully loaded faiss with AVX512 support.
2026-08-29 15:55:00,914 INFO Failed to load GPU Faiss: name 'GpuIndexIVFFlat' is not defined. Will not load constructor refs for GPU indexes. This is only an error if you're trying to use GPU Faiss.
WARNING clustering 512 points to 40 centroids: please provide at least 1560 training points
GARQ Initialization completed.
/home/zhangpeiru/.conda/envs/MetqQ2/lib/python3.11/site-packages/torch/autograd/__init__.py:251: UserWarning: Memory Efficient attention defaults to a non-deterministic algorithm. To explicitly enable determinism call torch.use_deterministic_algorithms(True, warn_only=False). (Triggered internally at ../aten/src/ATen/native/transformers/cuda/attention_backward.cu:413.)
  Variable._execution_engine.run_backward(  # Calls into the C++ engine to run the backward pass
Epoch 1, RNA: recon_loss=0.2359 , ATAC: recon_loss=0.3874 
/data/zhangpeiru/GARQ_revision/model.py:121: UserWarning: cumsum_cuda_kernel does not have a deterministic implementation, but you set 'torch.use_deterministic_algorithms(True, warn_only=True)'. You can file an issue at https://github.com/pytorch/pytorch/issues to help us prioritize adding deterministic support for this operation. (Triggered internally at ../aten/src/ATen/Context.cpp:71.)
  dis_indices = torch.multinomial(
/data/zhangpeiru/GARQ_revision/data_utils.py:131: RuntimeWarning: Mean of empty slice.
  [data[meta_ids == i].mean(axis=0) for i in range(meta_ids.max() + 1)]
/home/zhangpeiru/.conda/envs/MetqQ2/lib/python3.11/site-packages/numpy/core/_methods.py:121: RuntimeWarning: invalid value encountered in divide
  ret = um.true_divide(
/data/zhangpeiru/GARQ_revision/data_utils.py:140: UserWarning: The given NumPy array is not writable, and PyTorch does not support non-writable tensors. This means writing to this tensor will result in undefined behavior. You may want to copy the array to protect its data or make it writable before converting it to a tensor. This type of warning will be suppressed for the rest of this program. (Triggered internally at ../torch/csrc/utils/tensor_numpy.cpp:206.)
  type_int = torch.from_numpy(adata.obs[args.type_key].cat.codes.values).long()
/data/zhangpeiru/GARQ_revision/data_utils.py:131: RuntimeWarning: Mean of empty slice.
  [data[meta_ids == i].mean(axis=0) for i in range(meta_ids.max() + 1)]
/home/zhangpeiru/.conda/envs/MetqQ2/lib/python3.11/site-packages/numpy/core/_methods.py:121: RuntimeWarning: invalid value encountered in divide
  ret = um.true_divide(
/home/zhangpeiru/.conda/envs/MetqQ2/lib/python3.11/site-packages/louvain/__init__.py:54: UserWarning: pkg_resources is deprecated as an API. See https://setuptools.pypa.io/en/latest/pkg_resources.html. The pkg_resources package is slated for removal as early as 2025-11-30. Refrain from using this package or pin to Setuptools<81.
  from pkg_resources import get_distribution, DistributionNotFound
/home/zhangpeiru/.conda/envs/MetqQ2/lib/python3.11/site-packages/anndata/utils.py:434: FutureWarning: Importing read_csv from `anndata` is deprecated. Import anndata.io.read_csv instead.
  warnings.warn(msg, FutureWarning)
/home/zhangpeiru/.conda/envs/MetqQ2/lib/python3.11/site-packages/anndata/utils.py:434: FutureWarning: Importing read_text from `anndata` is deprecated. Import anndata.io.read_text instead.
  warnings.warn(msg, FutureWarning)
/home/zhangpeiru/.conda/envs/MetqQ2/lib/python3.11/site-packages/anndata/utils.py:434: FutureWarning: Importing read_excel from `anndata` is deprecated. Import anndata.io.read_excel instead.
  warnings.warn(msg, FutureWarning)
/home/zhangpeiru/.conda/envs/MetqQ2/lib/python3.11/site-packages/anndata/utils.py:434: FutureWarning: Importing read_mtx from `anndata` is deprecated. Import anndata.io.read_mtx instead.
  warnings.warn(msg, FutureWarning)
/home/zhangpeiru/.conda/envs/MetqQ2/lib/python3.11/site-packages/anndata/utils.py:434: FutureWarning: Importing read_loom from `anndata` is deprecated. Import anndata.io.read_loom instead.
  warnings.warn(msg, FutureWarning)
/home/zhangpeiru/.conda/envs/MetqQ2/lib/python3.11/site-packages/anndata/utils.py:434: FutureWarning: Importing read_hdf from `anndata` is deprecated. Import anndata.io.read_hdf instead.
  warnings.warn(msg, FutureWarning)
/home/zhangpeiru/.conda/envs/MetqQ2/lib/python3.11/site-packages/anndata/utils.py:434: FutureWarning: Importing read_umi_tools from `anndata` is deprecated. Import anndata.io.read_umi_tools instead.
  warnings.warn(msg, FutureWarning)
WARNING: adata.X seems to be already log-transformed.
/home/zhangpeiru/.conda/envs/MetqQ2/lib/python3.11/site-packages/scanpy/preprocessing/_highly_variable_genes.py:220: FutureWarning: The default of observed=False is deprecated and will be changed to True in a future version of pandas. Pass observed=False to retain current behavior or observed=True to adopt the future default and silence this warning.
  disp_grouped = df.groupby('mean_bin')['dispersions']
/home/zhangpeiru/.conda/envs/MetqQ2/lib/python3.11/site-packages/scanpy/preprocessing/_simple.py:843: UserWarning: Received a view of an AnnData. Making a copy.
  view_to_actual(adata)
/home/zhangpeiru/.conda/envs/MetqQ2/lib/python3.11/site-packages/scanpy/preprocessing/_highly_variable_genes.py:220: FutureWarning: The default of observed=False is deprecated and will be changed to True in a future version of pandas. Pass observed=False to retain current behavior or observed=True to adopt the future default and silence this warning.
  disp_grouped = df.groupby('mean_bin')['dispersions']
/home/zhangpeiru/.conda/envs/MetqQ2/lib/python3.11/site-packages/scanpy/preprocessing/_simple.py:843: UserWarning: Received a view of an AnnData. Making a copy.
  view_to_actual(adata)
=======Loading and Preprocessing Data=======
Data of 2 omics in total
revision_results/cache/subsets/D11_11_GSE194122_rna_2000cells_seed1729_rare-NK-abundance0.002-seed286579.h5ad loaded with shape [2000, 3002]
revision_results/cache/subsets/D11_11_GSE194122_atac_2000cells_seed1729_rare-NK-abundance0.002-seed286579.h5ad loaded with shape [2000, 30000]
2026-08-29 15:55:19,740 INFO Loading faiss with AVX512 support.
2026-08-29 15:55:19,760 INFO Successfully loaded faiss with AVX512 support.
2026-08-29 15:55:19,763 INFO Failed to load GPU Faiss: name 'GpuIndexIVFFlat' is not defined. Will not load constructor refs for GPU indexes. This is only an error if you're trying to use GPU Faiss.
WARNING clustering 512 points to 40 centroids: please provide at least 1560 training points
GARQ Initialization completed.
/home/zhangpeiru/.conda/envs/MetqQ2/lib/python3.11/site-packages/torch/autograd/__init__.py:251: UserWarning: Memory Efficient attention defaults to a non-deterministic algorithm. To explicitly enable determinism call torch.use_deterministic_algorithms(True, warn_only=False). (Triggered internally at ../aten/src/ATen/native/transformers/cuda/attention_backward.cu:413.)
  Variable._execution_engine.run_backward(  # Calls into the C++ engine to run the backward pass
Epoch 1, RNA: recon_loss=0.2320 , ATAC: recon_loss=0.3784 
/data/zhangpeiru/GARQ_revision/model.py:121: UserWarning: cumsum_cuda_kernel does not have a deterministic implementation, but you set 'torch.use_deterministic_algorithms(True, warn_only=True)'. You can file an issue at https://github.com/pytorch/pytorch/issues to help us prioritize adding deterministic support for this operation. (Triggered internally at ../aten/src/ATen/Context.cpp:71.)
  dis_indices = torch.multinomial(
/data/zhangpeiru/GARQ_revision/data_utils.py:131: RuntimeWarning: Mean of empty slice.
  [data[meta_ids == i].mean(axis=0) for i in range(meta_ids.max() + 1)]
/home/zhangpeiru/.conda/envs/MetqQ2/lib/python3.11/site-packages/numpy/core/_methods.py:121: RuntimeWarning: invalid value encountered in divide
  ret = um.true_divide(
/data/zhangpeiru/GARQ_revision/data_utils.py:140: UserWarning: The given NumPy array is not writable, and PyTorch does not support non-writable tensors. This means writing to this tensor will result in undefined behavior. You may want to copy the array to protect its data or make it writable before converting it to a tensor. This type of warning will be suppressed for the rest of this program. (Triggered internally at ../torch/csrc/utils/tensor_numpy.cpp:206.)
  type_int = torch.from_numpy(adata.obs[args.type_key].cat.codes.values).long()
/data/zhangpeiru/GARQ_revision/data_utils.py:131: RuntimeWarning: Mean of empty slice.
  [data[meta_ids == i].mean(axis=0) for i in range(meta_ids.max() + 1)]
/home/zhangpeiru/.conda/envs/MetqQ2/lib/python3.11/site-packages/numpy/core/_methods.py:121: RuntimeWarning: invalid value encountered in divide
  ret = um.true_divide(
/home/zhangpeiru/.conda/envs/MetqQ2/lib/python3.11/site-packages/louvain/__init__.py:54: UserWarning: pkg_resources is deprecated as an API. See https://setuptools.pypa.io/en/latest/pkg_resources.html. The pkg_resources package is slated for removal as early as 2025-11-30. Refrain from using this package or pin to Setuptools<81.
  from pkg_resources import get_distribution, DistributionNotFound
/home/zhangpeiru/.conda/envs/MetqQ2/lib/python3.11/site-packages/anndata/utils.py:434: FutureWarning: Importing read_csv from `anndata` is deprecated. Import anndata.io.read_csv instead.
  warnings.warn(msg, FutureWarning)
/home/zhangpeiru/.conda/envs/MetqQ2/lib/python3.11/site-packages/anndata/utils.py:434: FutureWarning: Importing read_text from `anndata` is deprecated. Import anndata.io.read_text instead.
  warnings.warn(msg, FutureWarning)
/home/zhangpeiru/.conda/envs/MetqQ2/lib/python3.11/site-packages/anndata/utils.py:434: FutureWarning: Importing read_excel from `anndata` is deprecated. Import anndata.io.read_excel instead.
  warnings.warn(msg, FutureWarning)
/home/zhangpeiru/.conda/envs/MetqQ2/lib/python3.11/site-packages/anndata/utils.py:434: FutureWarning: Importing read_mtx from `anndata` is deprecated. Import anndata.io.read_mtx instead.
  warnings.warn(msg, FutureWarning)
/home/zhangpeiru/.conda/envs/MetqQ2/lib/python3.11/site-packages/anndata/utils.py:434: FutureWarning: Importing read_loom from `anndata` is deprecated. Import anndata.io.read_loom instead.
  warnings.warn(msg, FutureWarning)
/home/zhangpeiru/.conda/envs/MetqQ2/lib/python3.11/site-packages/anndata/utils.py:434: FutureWarning: Importing read_hdf from `anndata` is deprecated. Import anndata.io.read_hdf instead.
  warnings.warn(msg, FutureWarning)
/home/zhangpeiru/.conda/envs/MetqQ2/lib/python3.11/site-packages/anndata/utils.py:434: FutureWarning: Importing read_umi_tools from `anndata` is deprecated. Import anndata.io.read_umi_tools instead.
  warnings.warn(msg, FutureWarning)
WARNING: adata.X seems to be already log-transformed.
/home/zhangpeiru/.conda/envs/MetqQ2/lib/python3.11/site-packages/scanpy/preprocessing/_highly_variable_genes.py:220: FutureWarning: The default of observed=False is deprecated and will be changed to True in a future version of pandas. Pass observed=False to retain current behavior or observed=True to adopt the future default and silence this warning.
  disp_grouped = df.groupby('mean_bin')['dispersions']
/home/zhangpeiru/.conda/envs/MetqQ2/lib/python3.11/site-packages/scanpy/preprocessing/_simple.py:843: UserWarning: Received a view of an AnnData. Making a copy.
  view_to_actual(adata)
/home/zhangpeiru/.conda/envs/MetqQ2/lib/python3.11/site-packages/scanpy/preprocessing/_highly_variable_genes.py:220: FutureWarning: The default of observed=False is deprecated and will be changed to True in a future version of pandas. Pass observed=False to retain current behavior or observed=True to adopt the future default and silence this warning.
  disp_grouped = df.groupby('mean_bin')['dispersions']
/home/zhangpeiru/.conda/envs/MetqQ2/lib/python3.11/site-packages/scanpy/preprocessing/_simple.py:843: UserWarning: Received a view of an AnnData. Making a copy.
  view_to_actual(adata)
=======Loading and Preprocessing Data=======
Data of 2 omics in total
revision_results/cache/subsets/D11_11_GSE194122_rna_2000cells_seed1729_rare-NK-abundance0.002-seed355611.h5ad loaded with shape [2000, 3007]
revision_results/cache/subsets/D11_11_GSE194122_atac_2000cells_seed1729_rare-NK-abundance0.002-seed355611.h5ad loaded with shape [2000, 30000]
2026-08-29 15:55:37,235 INFO Loading faiss with AVX512 support.
2026-08-29 15:55:37,257 INFO Successfully loaded faiss with AVX512 support.
2026-08-29 15:55:37,261 INFO Failed to load GPU Faiss: name 'GpuIndexIVFFlat' is not defined. Will not load constructor refs for GPU indexes. This is only an error if you're trying to use GPU Faiss.
WARNING clustering 512 points to 40 centroids: please provide at least 1560 training points
GARQ Initialization completed.
/home/zhangpeiru/.conda/envs/MetqQ2/lib/python3.11/site-packages/torch/autograd/__init__.py:251: UserWarning: Memory Efficient attention defaults to a non-deterministic algorithm. To explicitly enable determinism call torch.use_deterministic_algorithms(True, warn_only=False). (Triggered internally at ../aten/src/ATen/native/transformers/cuda/attention_backward.cu:413.)
  Variable._execution_engine.run_backward(  # Calls into the C++ engine to run the backward pass
Epoch 1, RNA: recon_loss=0.2314 , ATAC: recon_loss=0.3804 
/data/zhangpeiru/GARQ_revision/model.py:121: UserWarning: cumsum_cuda_kernel does not have a deterministic implementation, but you set 'torch.use_deterministic_algorithms(True, warn_only=True)'. You can file an issue at https://github.com/pytorch/pytorch/issues to help us prioritize adding deterministic support for this operation. (Triggered internally at ../aten/src/ATen/Context.cpp:71.)
  dis_indices = torch.multinomial(
/data/zhangpeiru/GARQ_revision/data_utils.py:131: RuntimeWarning: Mean of empty slice.
  [data[meta_ids == i].mean(axis=0) for i in range(meta_ids.max() + 1)]
/home/zhangpeiru/.conda/envs/MetqQ2/lib/python3.11/site-packages/numpy/core/_methods.py:121: RuntimeWarning: invalid value encountered in divide
  ret = um.true_divide(
/data/zhangpeiru/GARQ_revision/data_utils.py:140: UserWarning: The given NumPy array is not writable, and PyTorch does not support non-writable tensors. This means writing to this tensor will result in undefined behavior. You may want to copy the array to protect its data or make it writable before converting it to a tensor. This type of warning will be suppressed for the rest of this program. (Triggered internally at ../torch/csrc/utils/tensor_numpy.cpp:206.)
  type_int = torch.from_numpy(adata.obs[args.type_key].cat.codes.values).long()
/data/zhangpeiru/GARQ_revision/data_utils.py:131: RuntimeWarning: Mean of empty slice.
  [data[meta_ids == i].mean(axis=0) for i in range(meta_ids.max() + 1)]
/home/zhangpeiru/.conda/envs/MetqQ2/lib/python3.11/site-packages/numpy/core/_methods.py:121: RuntimeWarning: invalid value encountered in divide
  ret = um.true_divide(
/home/zhangpeiru/.conda/envs/MetqQ2/lib/python3.11/site-packages/louvain/__init__.py:54: UserWarning: pkg_resources is deprecated as an API. See https://setuptools.pypa.io/en/latest/pkg_resources.html. The pkg_resources package is slated for removal as early as 2025-11-30. Refrain from using this package or pin to Setuptools<81.
  from pkg_resources import get_distribution, DistributionNotFound
/home/zhangpeiru/.conda/envs/MetqQ2/lib/python3.11/site-packages/anndata/utils.py:434: FutureWarning: Importing read_csv from `anndata` is deprecated. Import anndata.io.read_csv instead.
  warnings.warn(msg, FutureWarning)
/home/zhangpeiru/.conda/envs/MetqQ2/lib/python3.11/site-packages/anndata/utils.py:434: FutureWarning: Importing read_text from `anndata` is deprecated. Import anndata.io.read_text instead.
  warnings.warn(msg, FutureWarning)
/home/zhangpeiru/.conda/envs/MetqQ2/lib/python3.11/site-packages/anndata/utils.py:434: FutureWarning: Importing read_excel from `anndata` is deprecated. Import anndata.io.read_excel instead.
  warnings.warn(msg, FutureWarning)
/home/zhangpeiru/.conda/envs/MetqQ2/lib/python3.11/site-packages/anndata/utils.py:434: FutureWarning: Importing read_mtx from `anndata` is deprecated. Import anndata.io.read_mtx instead.
  warnings.warn(msg, FutureWarning)
/home/zhangpeiru/.conda/envs/MetqQ2/lib/python3.11/site-packages/anndata/utils.py:434: FutureWarning: Importing read_loom from `anndata` is deprecated. Import anndata.io.read_loom instead.
  warnings.warn(msg, FutureWarning)
/home/zhangpeiru/.conda/envs/MetqQ2/lib/python3.11/site-packages/anndata/utils.py:434: FutureWarning: Importing read_hdf from `anndata` is deprecated. Import anndata.io.read_hdf instead.
  warnings.warn(msg, FutureWarning)
/home/zhangpeiru/.conda/envs/MetqQ2/lib/python3.11/site-packages/anndata/utils.py:434: FutureWarning: Importing read_umi_tools from `anndata` is deprecated. Import anndata.io.read_umi_tools instead.
  warnings.warn(msg, FutureWarning)
WARNING: adata.X seems to be already log-transformed.
/home/zhangpeiru/.conda/envs/MetqQ2/lib/python3.11/site-packages/scanpy/preprocessing/_highly_variable_genes.py:220: FutureWarning: The default of observed=False is deprecated and will be changed to True in a future version of pandas. Pass observed=False to retain current behavior or observed=True to adopt the future default and silence this warning.
  disp_grouped = df.groupby('mean_bin')['dispersions']
/home/zhangpeiru/.conda/envs/MetqQ2/lib/python3.11/site-packages/scanpy/preprocessing/_simple.py:843: UserWarning: Received a view of an AnnData. Making a copy.
  view_to_actual(adata)
/home/zhangpeiru/.conda/envs/MetqQ2/lib/python3.11/site-packages/scanpy/preprocessing/_highly_variable_genes.py:220: FutureWarning: The default of observed=False is deprecated and will be changed to True in a future version of pandas. Pass observed=False to retain current behavior or observed=True to adopt the future default and silence this warning.
  disp_grouped = df.groupby('mean_bin')['dispersions']
/home/zhangpeiru/.conda/envs/MetqQ2/lib/python3.11/site-packages/scanpy/preprocessing/_simple.py:843: UserWarning: Received a view of an AnnData. Making a copy.
  view_to_actual(adata)
=======Loading and Preprocessing Data=======
Data of 2 omics in total
revision_results/cache/subsets/D11_11_GSE194122_rna_2000cells_seed1729_rare-NK-abundance0.002-seed723693.h5ad loaded with shape [2000, 3006]
revision_results/cache/subsets/D11_11_GSE194122_atac_2000cells_seed1729_rare-NK-abundance0.002-seed723693.h5ad loaded with shape [2000, 30000]
2026-08-29 15:55:55,544 INFO Loading faiss with AVX512 support.
2026-08-29 15:55:55,564 INFO Successfully loaded faiss with AVX512 support.
2026-08-29 15:55:55,567 INFO Failed to load GPU Faiss: name 'GpuIndexIVFFlat' is not defined. Will not load constructor refs for GPU indexes. This is only an error if you're trying to use GPU Faiss.
WARNING clustering 512 points to 40 centroids: please provide at least 1560 training points
GARQ Initialization completed.
/home/zhangpeiru/.conda/envs/MetqQ2/lib/python3.11/site-packages/torch/autograd/__init__.py:251: UserWarning: Memory Efficient attention defaults to a non-deterministic algorithm. To explicitly enable determinism call torch.use_deterministic_algorithms(True, warn_only=False). (Triggered internally at ../aten/src/ATen/native/transformers/cuda/attention_backward.cu:413.)
  Variable._execution_engine.run_backward(  # Calls into the C++ engine to run the backward pass
Epoch 1, RNA: recon_loss=0.2373 , ATAC: recon_loss=0.3780 
/data/zhangpeiru/GARQ_revision/model.py:121: UserWarning: cumsum_cuda_kernel does not have a deterministic implementation, but you set 'torch.use_deterministic_algorithms(True, warn_only=True)'. You can file an issue at https://github.com/pytorch/pytorch/issues to help us prioritize adding deterministic support for this operation. (Triggered internally at ../aten/src/ATen/Context.cpp:71.)
  dis_indices = torch.multinomial(
/data/zhangpeiru/GARQ_revision/data_utils.py:131: RuntimeWarning: Mean of empty slice.
  [data[meta_ids == i].mean(axis=0) for i in range(meta_ids.max() + 1)]
/home/zhangpeiru/.conda/envs/MetqQ2/lib/python3.11/site-packages/numpy/core/_methods.py:121: RuntimeWarning: invalid value encountered in divide
  ret = um.true_divide(
/data/zhangpeiru/GARQ_revision/data_utils.py:140: UserWarning: The given NumPy array is not writable, and PyTorch does not support non-writable tensors. This means writing to this tensor will result in undefined behavior. You may want to copy the array to protect its data or make it writable before converting it to a tensor. This type of warning will be suppressed for the rest of this program. (Triggered internally at ../torch/csrc/utils/tensor_numpy.cpp:206.)
  type_int = torch.from_numpy(adata.obs[args.type_key].cat.codes.values).long()
/data/zhangpeiru/GARQ_revision/data_utils.py:131: RuntimeWarning: Mean of empty slice.
  [data[meta_ids == i].mean(axis=0) for i in range(meta_ids.max() + 1)]
/home/zhangpeiru/.conda/envs/MetqQ2/lib/python3.11/site-packages/numpy/core/_methods.py:121: RuntimeWarning: invalid value encountered in divide
  ret = um.true_divide(
/home/zhangpeiru/.conda/envs/MetqQ2/lib/python3.11/site-packages/louvain/__init__.py:54: UserWarning: pkg_resources is deprecated as an API. See https://setuptools.pypa.io/en/latest/pkg_resources.html. The pkg_resources package is slated for removal as early as 2025-11-30. Refrain from using this package or pin to Setuptools<81.
  from pkg_resources import get_distribution, DistributionNotFound
/home/zhangpeiru/.conda/envs/MetqQ2/lib/python3.11/site-packages/anndata/utils.py:434: FutureWarning: Importing read_csv from `anndata` is deprecated. Import anndata.io.read_csv instead.
  warnings.warn(msg, FutureWarning)
/home/zhangpeiru/.conda/envs/MetqQ2/lib/python3.11/site-packages/anndata/utils.py:434: FutureWarning: Importing read_text from `anndata` is deprecated. Import anndata.io.read_text instead.
  warnings.warn(msg, FutureWarning)
/home/zhangpeiru/.conda/envs/MetqQ2/lib/python3.11/site-packages/anndata/utils.py:434: FutureWarning: Importing read_excel from `anndata` is deprecated. Import anndata.io.read_excel instead.
  warnings.warn(msg, FutureWarning)
/home/zhangpeiru/.conda/envs/MetqQ2/lib/python3.11/site-packages/anndata/utils.py:434: FutureWarning: Importing read_mtx from `anndata` is deprecated. Import anndata.io.read_mtx instead.
  warnings.warn(msg, FutureWarning)
/home/zhangpeiru/.conda/envs/MetqQ2/lib/python3.11/site-packages/anndata/utils.py:434: FutureWarning: Importing read_loom from `anndata` is deprecated. Import anndata.io.read_loom instead.
  warnings.warn(msg, FutureWarning)
/home/zhangpeiru/.conda/envs/MetqQ2/lib/python3.11/site-packages/anndata/utils.py:434: FutureWarning: Importing read_hdf from `anndata` is deprecated. Import anndata.io.read_hdf instead.
  warnings.warn(msg, FutureWarning)
/home/zhangpeiru/.conda/envs/MetqQ2/lib/python3.11/site-packages/anndata/utils.py:434: FutureWarning: Importing read_umi_tools from `anndata` is deprecated. Import anndata.io.read_umi_tools instead.
  warnings.warn(msg, FutureWarning)
WARNING: adata.X seems to be already log-transformed.
/home/zhangpeiru/.conda/envs/MetqQ2/lib/python3.11/site-packages/scanpy/preprocessing/_highly_variable_genes.py:220: FutureWarning: The default of observed=False is deprecated and will be changed to True in a future version of pandas. Pass observed=False to retain current behavior or observed=True to adopt the future default and silence this warning.
  disp_grouped = df.groupby('mean_bin')['dispersions']
/home/zhangpeiru/.conda/envs/MetqQ2/lib/python3.11/site-packages/scanpy/preprocessing/_simple.py:843: UserWarning: Received a view of an AnnData. Making a copy.
  view_to_actual(adata)
/home/zhangpeiru/.conda/envs/MetqQ2/lib/python3.11/site-packages/scanpy/preprocessing/_highly_variable_genes.py:220: FutureWarning: The default of observed=False is deprecated and will be changed to True in a future version of pandas. Pass observed=False to retain current behavior or observed=True to adopt the future default and silence this warning.
  disp_grouped = df.groupby('mean_bin')['dispersions']
/home/zhangpeiru/.conda/envs/MetqQ2/lib/python3.11/site-packages/scanpy/preprocessing/_simple.py:843: UserWarning: Received a view of an AnnData. Making a copy.
  view_to_actual(adata)
=======Loading and Preprocessing Data=======
Data of 2 omics in total
revision_results/cache/subsets/D11_11_GSE194122_rna_2000cells_seed1729_rare-NK-abundance0.002-seed689859.h5ad loaded with shape [2000, 3001]
revision_results/cache/subsets/D11_11_GSE194122_atac_2000cells_seed1729_rare-NK-abundance0.002-seed689859.h5ad loaded with shape [2000, 30000]
2026-08-29 15:56:12,969 INFO Loading faiss with AVX512 support.
2026-08-29 15:56:12,989 INFO Successfully loaded faiss with AVX512 support.
2026-08-29 15:56:12,992 INFO Failed to load GPU Faiss: name 'GpuIndexIVFFlat' is not defined. Will not load constructor refs for GPU indexes. This is only an error if you're trying to use GPU Faiss.
WARNING clustering 512 points to 40 centroids: please provide at least 1560 training points
GARQ Initialization completed.
/home/zhangpeiru/.conda/envs/MetqQ2/lib/python3.11/site-packages/torch/autograd/__init__.py:251: UserWarning: Memory Efficient attention defaults to a non-deterministic algorithm. To explicitly enable determinism call torch.use_deterministic_algorithms(True, warn_only=False). (Triggered internally at ../aten/src/ATen/native/transformers/cuda/attention_backward.cu:413.)
  Variable._execution_engine.run_backward(  # Calls into the C++ engine to run the backward pass
Epoch 1, RNA: recon_loss=0.2338 , ATAC: recon_loss=0.3771 
/data/zhangpeiru/GARQ_revision/model.py:121: UserWarning: cumsum_cuda_kernel does not have a deterministic implementation, but you set 'torch.use_deterministic_algorithms(True, warn_only=True)'. You can file an issue at https://github.com/pytorch/pytorch/issues to help us prioritize adding deterministic support for this operation. (Triggered internally at ../aten/src/ATen/Context.cpp:71.)
  dis_indices = torch.multinomial(
/data/zhangpeiru/GARQ_revision/data_utils.py:140: UserWarning: The given NumPy array is not writable, and PyTorch does not support non-writable tensors. This means writing to this tensor will result in undefined behavior. You may want to copy the array to protect its data or make it writable before converting it to a tensor. This type of warning will be suppressed for the rest of this program. (Triggered internally at ../torch/csrc/utils/tensor_numpy.cpp:206.)
  type_int = torch.from_numpy(adata.obs[args.type_key].cat.codes.values).long()
/home/zhangpeiru/.conda/envs/MetqQ2/lib/python3.11/site-packages/louvain/__init__.py:54: UserWarning: pkg_resources is deprecated as an API. See https://setuptools.pypa.io/en/latest/pkg_resources.html. The pkg_resources package is slated for removal as early as 2025-11-30. Refrain from using this package or pin to Setuptools<81.
  from pkg_resources import get_distribution, DistributionNotFound
/home/zhangpeiru/.conda/envs/MetqQ2/lib/python3.11/site-packages/anndata/utils.py:434: FutureWarning: Importing read_csv from `anndata` is deprecated. Import anndata.io.read_csv instead.
  warnings.warn(msg, FutureWarning)
/home/zhangpeiru/.conda/envs/MetqQ2/lib/python3.11/site-packages/anndata/utils.py:434: FutureWarning: Importing read_text from `anndata` is deprecated. Import anndata.io.read_text instead.
  warnings.warn(msg, FutureWarning)
/home/zhangpeiru/.conda/envs/MetqQ2/lib/python3.11/site-packages/anndata/utils.py:434: FutureWarning: Importing read_excel from `anndata` is deprecated. Import anndata.io.read_excel instead.
  warnings.warn(msg, FutureWarning)
/home/zhangpeiru/.conda/envs/MetqQ2/lib/python3.11/site-packages/anndata/utils.py:434: FutureWarning: Importing read_mtx from `anndata` is deprecated. Import anndata.io.read_mtx instead.
  warnings.warn(msg, FutureWarning)
/home/zhangpeiru/.conda/envs/MetqQ2/lib/python3.11/site-packages/anndata/utils.py:434: FutureWarning: Importing read_loom from `anndata` is deprecated. Import anndata.io.read_loom instead.
  warnings.warn(msg, FutureWarning)
/home/zhangpeiru/.conda/envs/MetqQ2/lib/python3.11/site-packages/anndata/utils.py:434: FutureWarning: Importing read_hdf from `anndata` is deprecated. Import anndata.io.read_hdf instead.
  warnings.warn(msg, FutureWarning)
/home/zhangpeiru/.conda/envs/MetqQ2/lib/python3.11/site-packages/anndata/utils.py:434: FutureWarning: Importing read_umi_tools from `anndata` is deprecated. Import anndata.io.read_umi_tools instead.
  warnings.warn(msg, FutureWarning)
WARNING: adata.X seems to be already log-transformed.
/home/zhangpeiru/.conda/envs/MetqQ2/lib/python3.11/site-packages/scanpy/preprocessing/_highly_variable_genes.py:220: FutureWarning: The default of observed=False is deprecated and will be changed to True in a future version of pandas. Pass observed=False to retain current behavior or observed=True to adopt the future default and silence this warning.
  disp_grouped = df.groupby('mean_bin')['dispersions']
/home/zhangpeiru/.conda/envs/MetqQ2/lib/python3.11/site-packages/scanpy/preprocessing/_simple.py:843: UserWarning: Received a view of an AnnData. Making a copy.
  view_to_actual(adata)
/home/zhangpeiru/.conda/envs/MetqQ2/lib/python3.11/site-packages/scanpy/preprocessing/_highly_variable_genes.py:220: FutureWarning: The default of observed=False is deprecated and will be changed to True in a future version of pandas. Pass observed=False to retain current behavior or observed=True to adopt the future default and silence this warning.
  disp_grouped = df.groupby('mean_bin')['dispersions']
/home/zhangpeiru/.conda/envs/MetqQ2/lib/python3.11/site-packages/scanpy/preprocessing/_simple.py:843: UserWarning: Received a view of an AnnData. Making a copy.
  view_to_actual(adata)
=======Loading and Preprocessing Data=======
Data of 2 omics in total
revision_results/cache/subsets/D11_11_GSE194122_rna_2000cells_seed1729_rare-NK-abundance0.002-seed1009328.h5ad loaded with shape [2000, 3004]
revision_results/cache/subsets/D11_11_GSE194122_atac_2000cells_seed1729_rare-NK-abundance0.002-seed1009328.h5ad loaded with shape [2000, 30000]
2026-08-29 15:56:31,145 INFO Loading faiss with AVX512 support.
2026-08-29 15:56:31,169 INFO Successfully loaded faiss with AVX512 support.
2026-08-29 15:56:31,173 INFO Failed to load GPU Faiss: name 'GpuIndexIVFFlat' is not defined. Will not load constructor refs for GPU indexes. This is only an error if you're trying to use GPU Faiss.
WARNING clustering 512 points to 40 centroids: please provide at least 1560 training points
GARQ Initialization completed.
/home/zhangpeiru/.conda/envs/MetqQ2/lib/python3.11/site-packages/torch/autograd/__init__.py:251: UserWarning: Memory Efficient attention defaults to a non-deterministic algorithm. To explicitly enable determinism call torch.use_deterministic_algorithms(True, warn_only=False). (Triggered internally at ../aten/src/ATen/native/transformers/cuda/attention_backward.cu:413.)
  Variable._execution_engine.run_backward(  # Calls into the C++ engine to run the backward pass
Epoch 1, RNA: recon_loss=0.2332 , ATAC: recon_loss=0.3769 
/data/zhangpeiru/GARQ_revision/model.py:121: UserWarning: cumsum_cuda_kernel does not have a deterministic implementation, but you set 'torch.use_deterministic_algorithms(True, warn_only=True)'. You can file an issue at https://github.com/pytorch/pytorch/issues to help us prioritize adding deterministic support for this operation. (Triggered internally at ../aten/src/ATen/Context.cpp:71.)
  dis_indices = torch.multinomial(
/data/zhangpeiru/GARQ_revision/data_utils.py:140: UserWarning: The given NumPy array is not writable, and PyTorch does not support non-writable tensors. This means writing to this tensor will result in undefined behavior. You may want to copy the array to protect its data or make it writable before converting it to a tensor. This type of warning will be suppressed for the rest of this program. (Triggered internally at ../torch/csrc/utils/tensor_numpy.cpp:206.)
  type_int = torch.from_numpy(adata.obs[args.type_key].cat.codes.values).long()
/home/zhangpeiru/.conda/envs/MetqQ2/lib/python3.11/site-packages/louvain/__init__.py:54: UserWarning: pkg_resources is deprecated as an API. See https://setuptools.pypa.io/en/latest/pkg_resources.html. The pkg_resources package is slated for removal as early as 2025-11-30. Refrain from using this package or pin to Setuptools<81.
  from pkg_resources import get_distribution, DistributionNotFound
/home/zhangpeiru/.conda/envs/MetqQ2/lib/python3.11/site-packages/anndata/utils.py:434: FutureWarning: Importing read_csv from `anndata` is deprecated. Import anndata.io.read_csv instead.
  warnings.warn(msg, FutureWarning)
/home/zhangpeiru/.conda/envs/MetqQ2/lib/python3.11/site-packages/anndata/utils.py:434: FutureWarning: Importing read_text from `anndata` is deprecated. Import anndata.io.read_text instead.
  warnings.warn(msg, FutureWarning)
/home/zhangpeiru/.conda/envs/MetqQ2/lib/python3.11/site-packages/anndata/utils.py:434: FutureWarning: Importing read_excel from `anndata` is deprecated. Import anndata.io.read_excel instead.
  warnings.warn(msg, FutureWarning)
/home/zhangpeiru/.conda/envs/MetqQ2/lib/python3.11/site-packages/anndata/utils.py:434: FutureWarning: Importing read_mtx from `anndata` is deprecated. Import anndata.io.read_mtx instead.
  warnings.warn(msg, FutureWarning)
/home/zhangpeiru/.conda/envs/MetqQ2/lib/python3.11/site-packages/anndata/utils.py:434: FutureWarning: Importing read_loom from `anndata` is deprecated. Import anndata.io.read_loom instead.
  warnings.warn(msg, FutureWarning)
/home/zhangpeiru/.conda/envs/MetqQ2/lib/python3.11/site-packages/anndata/utils.py:434: FutureWarning: Importing read_hdf from `anndata` is deprecated. Import anndata.io.read_hdf instead.
  warnings.warn(msg, FutureWarning)
/home/zhangpeiru/.conda/envs/MetqQ2/lib/python3.11/site-packages/anndata/utils.py:434: FutureWarning: Importing read_umi_tools from `anndata` is deprecated. Import anndata.io.read_umi_tools instead.
  warnings.warn(msg, FutureWarning)
WARNING: adata.X seems to be already log-transformed.
/home/zhangpeiru/.conda/envs/MetqQ2/lib/python3.11/site-packages/scanpy/preprocessing/_highly_variable_genes.py:220: FutureWarning: The default of observed=False is deprecated and will be changed to True in a future version of pandas. Pass observed=False to retain current behavior or observed=True to adopt the future default and silence this warning.
  disp_grouped = df.groupby('mean_bin')['dispersions']
/home/zhangpeiru/.conda/envs/MetqQ2/lib/python3.11/site-packages/scanpy/preprocessing/_simple.py:843: UserWarning: Received a view of an AnnData. Making a copy.
  view_to_actual(adata)
/home/zhangpeiru/.conda/envs/MetqQ2/lib/python3.11/site-packages/scanpy/preprocessing/_highly_variable_genes.py:220: FutureWarning: The default of observed=False is deprecated and will be changed to True in a future version of pandas. Pass observed=False to retain current behavior or observed=True to adopt the future default and silence this warning.
  disp_grouped = df.groupby('mean_bin')['dispersions']
/home/zhangpeiru/.conda/envs/MetqQ2/lib/python3.11/site-packages/scanpy/preprocessing/_simple.py:843: UserWarning: Received a view of an AnnData. Making a copy.
  view_to_actual(adata)
=======Loading and Preprocessing Data=======
Data of 2 omics in total
revision_results/cache/subsets/D11_11_GSE194122_rna_2000cells_seed1729_rare-NK-abundance0.005-seed971877.h5ad loaded with shape [2000, 3002]
revision_results/cache/subsets/D11_11_GSE194122_atac_2000cells_seed1729_rare-NK-abundance0.005-seed971877.h5ad loaded with shape [2000, 30000]
2026-08-29 15:56:49,547 INFO Loading faiss with AVX512 support.
2026-08-29 15:56:49,570 INFO Successfully loaded faiss with AVX512 support.
2026-08-29 15:56:49,574 INFO Failed to load GPU Faiss: name 'GpuIndexIVFFlat' is not defined. Will not load constructor refs for GPU indexes. This is only an error if you're trying to use GPU Faiss.
WARNING clustering 512 points to 40 centroids: please provide at least 1560 training points
GARQ Initialization completed.
/home/zhangpeiru/.conda/envs/MetqQ2/lib/python3.11/site-packages/torch/autograd/__init__.py:251: UserWarning: Memory Efficient attention defaults to a non-deterministic algorithm. To explicitly enable determinism call torch.use_deterministic_algorithms(True, warn_only=False). (Triggered internally at ../aten/src/ATen/native/transformers/cuda/attention_backward.cu:413.)
  Variable._execution_engine.run_backward(  # Calls into the C++ engine to run the backward pass
Epoch 1, RNA: recon_loss=0.2339 , ATAC: recon_loss=0.3769 
/data/zhangpeiru/GARQ_revision/model.py:121: UserWarning: cumsum_cuda_kernel does not have a deterministic implementation, but you set 'torch.use_deterministic_algorithms(True, warn_only=True)'. You can file an issue at https://github.com/pytorch/pytorch/issues to help us prioritize adding deterministic support for this operation. (Triggered internally at ../aten/src/ATen/Context.cpp:71.)
  dis_indices = torch.multinomial(
/data/zhangpeiru/GARQ_revision/data_utils.py:140: UserWarning: The given NumPy array is not writable, and PyTorch does not support non-writable tensors. This means writing to this tensor will result in undefined behavior. You may want to copy the array to protect its data or make it writable before converting it to a tensor. This type of warning will be suppressed for the rest of this program. (Triggered internally at ../torch/csrc/utils/tensor_numpy.cpp:206.)
  type_int = torch.from_numpy(adata.obs[args.type_key].cat.codes.values).long()
/home/zhangpeiru/.conda/envs/MetqQ2/lib/python3.11/site-packages/louvain/__init__.py:54: UserWarning: pkg_resources is deprecated as an API. See https://setuptools.pypa.io/en/latest/pkg_resources.html. The pkg_resources package is slated for removal as early as 2025-11-30. Refrain from using this package or pin to Setuptools<81.
  from pkg_resources import get_distribution, DistributionNotFound
/home/zhangpeiru/.conda/envs/MetqQ2/lib/python3.11/site-packages/anndata/utils.py:434: FutureWarning: Importing read_csv from `anndata` is deprecated. Import anndata.io.read_csv instead.
  warnings.warn(msg, FutureWarning)
/home/zhangpeiru/.conda/envs/MetqQ2/lib/python3.11/site-packages/anndata/utils.py:434: FutureWarning: Importing read_text from `anndata` is deprecated. Import anndata.io.read_text instead.
  warnings.warn(msg, FutureWarning)
/home/zhangpeiru/.conda/envs/MetqQ2/lib/python3.11/site-packages/anndata/utils.py:434: FutureWarning: Importing read_excel from `anndata` is deprecated. Import anndata.io.read_excel instead.
  warnings.warn(msg, FutureWarning)
/home/zhangpeiru/.conda/envs/MetqQ2/lib/python3.11/site-packages/anndata/utils.py:434: FutureWarning: Importing read_mtx from `anndata` is deprecated. Import anndata.io.read_mtx instead.
  warnings.warn(msg, FutureWarning)
/home/zhangpeiru/.conda/envs/MetqQ2/lib/python3.11/site-packages/anndata/utils.py:434: FutureWarning: Importing read_loom from `anndata` is deprecated. Import anndata.io.read_loom instead.
  warnings.warn(msg, FutureWarning)
/home/zhangpeiru/.conda/envs/MetqQ2/lib/python3.11/site-packages/anndata/utils.py:434: FutureWarning: Importing read_hdf from `anndata` is deprecated. Import anndata.io.read_hdf instead.
  warnings.warn(msg, FutureWarning)
/home/zhangpeiru/.conda/envs/MetqQ2/lib/python3.11/site-packages/anndata/utils.py:434: FutureWarning: Importing read_umi_tools from `anndata` is deprecated. Import anndata.io.read_umi_tools instead.
  warnings.warn(msg, FutureWarning)
WARNING: adata.X seems to be already log-transformed.
/home/zhangpeiru/.conda/envs/MetqQ2/lib/python3.11/site-packages/scanpy/preprocessing/_highly_variable_genes.py:220: FutureWarning: The default of observed=False is deprecated and will be changed to True in a future version of pandas. Pass observed=False to retain current behavior or observed=True to adopt the future default and silence this warning.
  disp_grouped = df.groupby('mean_bin')['dispersions']
/home/zhangpeiru/.conda/envs/MetqQ2/lib/python3.11/site-packages/scanpy/preprocessing/_simple.py:843: UserWarning: Received a view of an AnnData. Making a copy.
  view_to_actual(adata)
/home/zhangpeiru/.conda/envs/MetqQ2/lib/python3.11/site-packages/scanpy/preprocessing/_highly_variable_genes.py:220: FutureWarning: The default of observed=False is deprecated and will be changed to True in a future version of pandas. Pass observed=False to retain current behavior or observed=True to adopt the future default and silence this warning.
  disp_grouped = df.groupby('mean_bin')['dispersions']
/home/zhangpeiru/.conda/envs/MetqQ2/lib/python3.11/site-packages/scanpy/preprocessing/_simple.py:843: UserWarning: Received a view of an AnnData. Making a copy.
  view_to_actual(adata)
=======Loading and Preprocessing Data=======
Data of 2 omics in total
revision_results/cache/subsets/D11_11_GSE194122_rna_2000cells_seed1729_rare-NK-abundance0.005-seed434107.h5ad loaded with shape [2000, 3002]
revision_results/cache/subsets/D11_11_GSE194122_atac_2000cells_seed1729_rare-NK-abundance0.005-seed434107.h5ad loaded with shape [2000, 30000]
2026-08-29 15:57:07,664 INFO Loading faiss with AVX512 support.
2026-08-29 15:57:07,682 INFO Successfully loaded faiss with AVX512 support.
2026-08-29 15:57:07,685 INFO Failed to load GPU Faiss: name 'GpuIndexIVFFlat' is not defined. Will not load constructor refs for GPU indexes. This is only an error if you're trying to use GPU Faiss.
WARNING clustering 512 points to 40 centroids: please provide at least 1560 training points
GARQ Initialization completed.
/home/zhangpeiru/.conda/envs/MetqQ2/lib/python3.11/site-packages/torch/autograd/__init__.py:251: UserWarning: Memory Efficient attention defaults to a non-deterministic algorithm. To explicitly enable determinism call torch.use_deterministic_algorithms(True, warn_only=False). (Triggered internally at ../aten/src/ATen/native/transformers/cuda/attention_backward.cu:413.)
  Variable._execution_engine.run_backward(  # Calls into the C++ engine to run the backward pass
Epoch 1, RNA: recon_loss=0.2303 , ATAC: recon_loss=0.3683 
/data/zhangpeiru/GARQ_revision/model.py:121: UserWarning: cumsum_cuda_kernel does not have a deterministic implementation, but you set 'torch.use_deterministic_algorithms(True, warn_only=True)'. You can file an issue at https://github.com/pytorch/pytorch/issues to help us prioritize adding deterministic support for this operation. (Triggered internally at ../aten/src/ATen/Context.cpp:71.)
  dis_indices = torch.multinomial(
/data/zhangpeiru/GARQ_revision/data_utils.py:131: RuntimeWarning: Mean of empty slice.
  [data[meta_ids == i].mean(axis=0) for i in range(meta_ids.max() + 1)]
/home/zhangpeiru/.conda/envs/MetqQ2/lib/python3.11/site-packages/numpy/core/_methods.py:121: RuntimeWarning: invalid value encountered in divide
  ret = um.true_divide(
/data/zhangpeiru/GARQ_revision/data_utils.py:140: UserWarning: The given NumPy array is not writable, and PyTorch does not support non-writable tensors. This means writing to this tensor will result in undefined behavior. You may want to copy the array to protect its data or make it writable before converting it to a tensor. This type of warning will be suppressed for the rest of this program. (Triggered internally at ../torch/csrc/utils/tensor_numpy.cpp:206.)
  type_int = torch.from_numpy(adata.obs[args.type_key].cat.codes.values).long()
/data/zhangpeiru/GARQ_revision/data_utils.py:131: RuntimeWarning: Mean of empty slice.
  [data[meta_ids == i].mean(axis=0) for i in range(meta_ids.max() + 1)]
/home/zhangpeiru/.conda/envs/MetqQ2/lib/python3.11/site-packages/numpy/core/_methods.py:121: RuntimeWarning: invalid value encountered in divide
  ret = um.true_divide(
/home/zhangpeiru/.conda/envs/MetqQ2/lib/python3.11/site-packages/louvain/__init__.py:54: UserWarning: pkg_resources is deprecated as an API. See https://setuptools.pypa.io/en/latest/pkg_resources.html. The pkg_resources package is slated for removal as early as 2025-11-30. Refrain from using this package or pin to Setuptools<81.
  from pkg_resources import get_distribution, DistributionNotFound
/home/zhangpeiru/.conda/envs/MetqQ2/lib/python3.11/site-packages/anndata/utils.py:434: FutureWarning: Importing read_csv from `anndata` is deprecated. Import anndata.io.read_csv instead.
  warnings.warn(msg, FutureWarning)
/home/zhangpeiru/.conda/envs/MetqQ2/lib/python3.11/site-packages/anndata/utils.py:434: FutureWarning: Importing read_text from `anndata` is deprecated. Import anndata.io.read_text instead.
  warnings.warn(msg, FutureWarning)
/home/zhangpeiru/.conda/envs/MetqQ2/lib/python3.11/site-packages/anndata/utils.py:434: FutureWarning: Importing read_excel from `anndata` is deprecated. Import anndata.io.read_excel instead.
  warnings.warn(msg, FutureWarning)
/home/zhangpeiru/.conda/envs/MetqQ2/lib/python3.11/site-packages/anndata/utils.py:434: FutureWarning: Importing read_mtx from `anndata` is deprecated. Import anndata.io.read_mtx instead.
  warnings.warn(msg, FutureWarning)
/home/zhangpeiru/.conda/envs/MetqQ2/lib/python3.11/site-packages/anndata/utils.py:434: FutureWarning: Importing read_loom from `anndata` is deprecated. Import anndata.io.read_loom instead.
  warnings.warn(msg, FutureWarning)
/home/zhangpeiru/.conda/envs/MetqQ2/lib/python3.11/site-packages/anndata/utils.py:434: FutureWarning: Importing read_hdf from `anndata` is deprecated. Import anndata.io.read_hdf instead.
  warnings.warn(msg, FutureWarning)
/home/zhangpeiru/.conda/envs/MetqQ2/lib/python3.11/site-packages/anndata/utils.py:434: FutureWarning: Importing read_umi_tools from `anndata` is deprecated. Import anndata.io.read_umi_tools instead.
  warnings.warn(msg, FutureWarning)
WARNING: adata.X seems to be already log-transformed.
/home/zhangpeiru/.conda/envs/MetqQ2/lib/python3.11/site-packages/scanpy/preprocessing/_highly_variable_genes.py:220: FutureWarning: The default of observed=False is deprecated and will be changed to True in a future version of pandas. Pass observed=False to retain current behavior or observed=True to adopt the future default and silence this warning.
  disp_grouped = df.groupby('mean_bin')['dispersions']
/home/zhangpeiru/.conda/envs/MetqQ2/lib/python3.11/site-packages/scanpy/preprocessing/_simple.py:843: UserWarning: Received a view of an AnnData. Making a copy.
  view_to_actual(adata)
/home/zhangpeiru/.conda/envs/MetqQ2/lib/python3.11/site-packages/scanpy/preprocessing/_highly_variable_genes.py:220: FutureWarning: The default of observed=False is deprecated and will be changed to True in a future version of pandas. Pass observed=False to retain current behavior or observed=True to adopt the future default and silence this warning.
  disp_grouped = df.groupby('mean_bin')['dispersions']
/home/zhangpeiru/.conda/envs/MetqQ2/lib/python3.11/site-packages/scanpy/preprocessing/_simple.py:843: UserWarning: Received a view of an AnnData. Making a copy.
  view_to_actual(adata)
=======Loading and Preprocessing Data=======
Data of 2 omics in total
revision_results/cache/subsets/D11_11_GSE194122_rna_2000cells_seed1729_rare-NK-abundance0.005-seed835742.h5ad loaded with shape [2000, 3001]
revision_results/cache/subsets/D11_11_GSE194122_atac_2000cells_seed1729_rare-NK-abundance0.005-seed835742.h5ad loaded with shape [2000, 30000]
2026-08-29 15:57:25,146 INFO Loading faiss with AVX512 support.
2026-08-29 15:57:25,167 INFO Successfully loaded faiss with AVX512 support.
2026-08-29 15:57:25,171 INFO Failed to load GPU Faiss: name 'GpuIndexIVFFlat' is not defined. Will not load constructor refs for GPU indexes. This is only an error if you're trying to use GPU Faiss.
WARNING clustering 512 points to 40 centroids: please provide at least 1560 training points
GARQ Initialization completed.
/home/zhangpeiru/.conda/envs/MetqQ2/lib/python3.11/site-packages/torch/autograd/__init__.py:251: UserWarning: Memory Efficient attention defaults to a non-deterministic algorithm. To explicitly enable determinism call torch.use_deterministic_algorithms(True, warn_only=False). (Triggered internally at ../aten/src/ATen/native/transformers/cuda/attention_backward.cu:413.)
  Variable._execution_engine.run_backward(  # Calls into the C++ engine to run the backward pass
Epoch 1, RNA: recon_loss=0.2304 , ATAC: recon_loss=0.3726 
/data/zhangpeiru/GARQ_revision/model.py:121: UserWarning: cumsum_cuda_kernel does not have a deterministic implementation, but you set 'torch.use_deterministic_algorithms(True, warn_only=True)'. You can file an issue at https://github.com/pytorch/pytorch/issues to help us prioritize adding deterministic support for this operation. (Triggered internally at ../aten/src/ATen/Context.cpp:71.)
  dis_indices = torch.multinomial(
/data/zhangpeiru/GARQ_revision/data_utils.py:140: UserWarning: The given NumPy array is not writable, and PyTorch does not support non-writable tensors. This means writing to this tensor will result in undefined behavior. You may want to copy the array to protect its data or make it writable before converting it to a tensor. This type of warning will be suppressed for the rest of this program. (Triggered internally at ../torch/csrc/utils/tensor_numpy.cpp:206.)
  type_int = torch.from_numpy(adata.obs[args.type_key].cat.codes.values).long()
/home/zhangpeiru/.conda/envs/MetqQ2/lib/python3.11/site-packages/louvain/__init__.py:54: UserWarning: pkg_resources is deprecated as an API. See https://setuptools.pypa.io/en/latest/pkg_resources.html. The pkg_resources package is slated for removal as early as 2025-11-30. Refrain from using this package or pin to Setuptools<81.
  from pkg_resources import get_distribution, DistributionNotFound
/home/zhangpeiru/.conda/envs/MetqQ2/lib/python3.11/site-packages/anndata/utils.py:434: FutureWarning: Importing read_csv from `anndata` is deprecated. Import anndata.io.read_csv instead.
  warnings.warn(msg, FutureWarning)
/home/zhangpeiru/.conda/envs/MetqQ2/lib/python3.11/site-packages/anndata/utils.py:434: FutureWarning: Importing read_text from `anndata` is deprecated. Import anndata.io.read_text instead.
  warnings.warn(msg, FutureWarning)
/home/zhangpeiru/.conda/envs/MetqQ2/lib/python3.11/site-packages/anndata/utils.py:434: FutureWarning: Importing read_excel from `anndata` is deprecated. Import anndata.io.read_excel instead.
  warnings.warn(msg, FutureWarning)
/home/zhangpeiru/.conda/envs/MetqQ2/lib/python3.11/site-packages/anndata/utils.py:434: FutureWarning: Importing read_mtx from `anndata` is deprecated. Import anndata.io.read_mtx instead.
  warnings.warn(msg, FutureWarning)
/home/zhangpeiru/.conda/envs/MetqQ2/lib/python3.11/site-packages/anndata/utils.py:434: FutureWarning: Importing read_loom from `anndata` is deprecated. Import anndata.io.read_loom instead.
  warnings.warn(msg, FutureWarning)
/home/zhangpeiru/.conda/envs/MetqQ2/lib/python3.11/site-packages/anndata/utils.py:434: FutureWarning: Importing read_hdf from `anndata` is deprecated. Import anndata.io.read_hdf instead.
  warnings.warn(msg, FutureWarning)
/home/zhangpeiru/.conda/envs/MetqQ2/lib/python3.11/site-packages/anndata/utils.py:434: FutureWarning: Importing read_umi_tools from `anndata` is deprecated. Import anndata.io.read_umi_tools instead.
  warnings.warn(msg, FutureWarning)
WARNING: adata.X seems to be already log-transformed.
/home/zhangpeiru/.conda/envs/MetqQ2/lib/python3.11/site-packages/scanpy/preprocessing/_highly_variable_genes.py:220: FutureWarning: The default of observed=False is deprecated and will be changed to True in a future version of pandas. Pass observed=False to retain current behavior or observed=True to adopt the future default and silence this warning.
  disp_grouped = df.groupby('mean_bin')['dispersions']
/home/zhangpeiru/.conda/envs/MetqQ2/lib/python3.11/site-packages/scanpy/preprocessing/_simple.py:843: UserWarning: Received a view of an AnnData. Making a copy.
  view_to_actual(adata)
/home/zhangpeiru/.conda/envs/MetqQ2/lib/python3.11/site-packages/scanpy/preprocessing/_highly_variable_genes.py:220: FutureWarning: The default of observed=False is deprecated and will be changed to True in a future version of pandas. Pass observed=False to retain current behavior or observed=True to adopt the future default and silence this warning.
  disp_grouped = df.groupby('mean_bin')['dispersions']
/home/zhangpeiru/.conda/envs/MetqQ2/lib/python3.11/site-packages/scanpy/preprocessing/_simple.py:843: UserWarning: Received a view of an AnnData. Making a copy.
  view_to_actual(adata)
=======Loading and Preprocessing Data=======
Data of 2 omics in total
revision_results/cache/subsets/D11_11_GSE194122_rna_2000cells_seed1729_rare-NK-abundance0.005-seed546198.h5ad loaded with shape [2000, 3001]
revision_results/cache/subsets/D11_11_GSE194122_atac_2000cells_seed1729_rare-NK-abundance0.005-seed546198.h5ad loaded with shape [2000, 30000]
2026-08-29 15:57:43,671 INFO Loading faiss with AVX512 support.
2026-08-29 15:57:43,695 INFO Successfully loaded faiss with AVX512 support.
2026-08-29 15:57:43,699 INFO Failed to load GPU Faiss: name 'GpuIndexIVFFlat' is not defined. Will not load constructor refs for GPU indexes. This is only an error if you're trying to use GPU Faiss.
WARNING clustering 512 points to 40 centroids: please provide at least 1560 training points
GARQ Initialization completed.
/home/zhangpeiru/.conda/envs/MetqQ2/lib/python3.11/site-packages/torch/autograd/__init__.py:251: UserWarning: Memory Efficient attention defaults to a non-deterministic algorithm. To explicitly enable determinism call torch.use_deterministic_algorithms(True, warn_only=False). (Triggered internally at ../aten/src/ATen/native/transformers/cuda/attention_backward.cu:413.)
  Variable._execution_engine.run_backward(  # Calls into the C++ engine to run the backward pass
Epoch 1, RNA: recon_loss=0.2327 , ATAC: recon_loss=0.3825 
/data/zhangpeiru/GARQ_revision/model.py:121: UserWarning: cumsum_cuda_kernel does not have a deterministic implementation, but you set 'torch.use_deterministic_algorithms(True, warn_only=True)'. You can file an issue at https://github.com/pytorch/pytorch/issues to help us prioritize adding deterministic support for this operation. (Triggered internally at ../aten/src/ATen/Context.cpp:71.)
  dis_indices = torch.multinomial(
/data/zhangpeiru/GARQ_revision/data_utils.py:140: UserWarning: The given NumPy array is not writable, and PyTorch does not support non-writable tensors. This means writing to this tensor will result in undefined behavior. You may want to copy the array to protect its data or make it writable before converting it to a tensor. This type of warning will be suppressed for the rest of this program. (Triggered internally at ../torch/csrc/utils/tensor_numpy.cpp:206.)
  type_int = torch.from_numpy(adata.obs[args.type_key].cat.codes.values).long()
/home/zhangpeiru/.conda/envs/MetqQ2/lib/python3.11/site-packages/louvain/__init__.py:54: UserWarning: pkg_resources is deprecated as an API. See https://setuptools.pypa.io/en/latest/pkg_resources.html. The pkg_resources package is slated for removal as early as 2025-11-30. Refrain from using this package or pin to Setuptools<81.
  from pkg_resources import get_distribution, DistributionNotFound
/home/zhangpeiru/.conda/envs/MetqQ2/lib/python3.11/site-packages/anndata/utils.py:434: FutureWarning: Importing read_csv from `anndata` is deprecated. Import anndata.io.read_csv instead.
  warnings.warn(msg, FutureWarning)
/home/zhangpeiru/.conda/envs/MetqQ2/lib/python3.11/site-packages/anndata/utils.py:434: FutureWarning: Importing read_text from `anndata` is deprecated. Import anndata.io.read_text instead.
  warnings.warn(msg, FutureWarning)
/home/zhangpeiru/.conda/envs/MetqQ2/lib/python3.11/site-packages/anndata/utils.py:434: FutureWarning: Importing read_excel from `anndata` is deprecated. Import anndata.io.read_excel instead.
  warnings.warn(msg, FutureWarning)
/home/zhangpeiru/.conda/envs/MetqQ2/lib/python3.11/site-packages/anndata/utils.py:434: FutureWarning: Importing read_mtx from `anndata` is deprecated. Import anndata.io.read_mtx instead.
  warnings.warn(msg, FutureWarning)
/home/zhangpeiru/.conda/envs/MetqQ2/lib/python3.11/site-packages/anndata/utils.py:434: FutureWarning: Importing read_loom from `anndata` is deprecated. Import anndata.io.read_loom instead.
  warnings.warn(msg, FutureWarning)
/home/zhangpeiru/.conda/envs/MetqQ2/lib/python3.11/site-packages/anndata/utils.py:434: FutureWarning: Importing read_hdf from `anndata` is deprecated. Import anndata.io.read_hdf instead.
  warnings.warn(msg, FutureWarning)
/home/zhangpeiru/.conda/envs/MetqQ2/lib/python3.11/site-packages/anndata/utils.py:434: FutureWarning: Importing read_umi_tools from `anndata` is deprecated. Import anndata.io.read_umi_tools instead.
  warnings.warn(msg, FutureWarning)
WARNING: adata.X seems to be already log-transformed.
/home/zhangpeiru/.conda/envs/MetqQ2/lib/python3.11/site-packages/scanpy/preprocessing/_highly_variable_genes.py:220: FutureWarning: The default of observed=False is deprecated and will be changed to True in a future version of pandas. Pass observed=False to retain current behavior or observed=True to adopt the future default and silence this warning.
  disp_grouped = df.groupby('mean_bin')['dispersions']
/home/zhangpeiru/.conda/envs/MetqQ2/lib/python3.11/site-packages/scanpy/preprocessing/_simple.py:843: UserWarning: Received a view of an AnnData. Making a copy.
  view_to_actual(adata)
/home/zhangpeiru/.conda/envs/MetqQ2/lib/python3.11/site-packages/scanpy/preprocessing/_highly_variable_genes.py:220: FutureWarning: The default of observed=False is deprecated and will be changed to True in a future version of pandas. Pass observed=False to retain current behavior or observed=True to adopt the future default and silence this warning.
  disp_grouped = df.groupby('mean_bin')['dispersions']
/home/zhangpeiru/.conda/envs/MetqQ2/lib/python3.11/site-packages/scanpy/preprocessing/_simple.py:843: UserWarning: Received a view of an AnnData. Making a copy.
  view_to_actual(adata)
=======Loading and Preprocessing Data=======
Data of 2 omics in total
revision_results/cache/subsets/D11_11_GSE194122_rna_2000cells_seed1729_rare-NK-abundance0.005-seed122667.h5ad loaded with shape [2000, 3005]
revision_results/cache/subsets/D11_11_GSE194122_atac_2000cells_seed1729_rare-NK-abundance0.005-seed122667.h5ad loaded with shape [2000, 30000]
2026-08-29 15:58:01,776 INFO Loading faiss with AVX512 support.
2026-08-29 15:58:01,802 INFO Successfully loaded faiss with AVX512 support.
2026-08-29 15:58:01,806 INFO Failed to load GPU Faiss: name 'GpuIndexIVFFlat' is not defined. Will not load constructor refs for GPU indexes. This is only an error if you're trying to use GPU Faiss.
WARNING clustering 512 points to 40 centroids: please provide at least 1560 training points
GARQ Initialization completed.
/home/zhangpeiru/.conda/envs/MetqQ2/lib/python3.11/site-packages/torch/autograd/__init__.py:251: UserWarning: Memory Efficient attention defaults to a non-deterministic algorithm. To explicitly enable determinism call torch.use_deterministic_algorithms(True, warn_only=False). (Triggered internally at ../aten/src/ATen/native/transformers/cuda/attention_backward.cu:413.)
  Variable._execution_engine.run_backward(  # Calls into the C++ engine to run the backward pass
Epoch 1, RNA: recon_loss=0.2359 , ATAC: recon_loss=0.3780 
/data/zhangpeiru/GARQ_revision/model.py:121: UserWarning: cumsum_cuda_kernel does not have a deterministic implementation, but you set 'torch.use_deterministic_algorithms(True, warn_only=True)'. You can file an issue at https://github.com/pytorch/pytorch/issues to help us prioritize adding deterministic support for this operation. (Triggered internally at ../aten/src/ATen/Context.cpp:71.)
  dis_indices = torch.multinomial(
/data/zhangpeiru/GARQ_revision/data_utils.py:140: UserWarning: The given NumPy array is not writable, and PyTorch does not support non-writable tensors. This means writing to this tensor will result in undefined behavior. You may want to copy the array to protect its data or make it writable before converting it to a tensor. This type of warning will be suppressed for the rest of this program. (Triggered internally at ../torch/csrc/utils/tensor_numpy.cpp:206.)
  type_int = torch.from_numpy(adata.obs[args.type_key].cat.codes.values).long()
/home/zhangpeiru/.conda/envs/MetqQ2/lib/python3.11/site-packages/louvain/__init__.py:54: UserWarning: pkg_resources is deprecated as an API. See https://setuptools.pypa.io/en/latest/pkg_resources.html. The pkg_resources package is slated for removal as early as 2025-11-30. Refrain from using this package or pin to Setuptools<81.
  from pkg_resources import get_distribution, DistributionNotFound
/home/zhangpeiru/.conda/envs/MetqQ2/lib/python3.11/site-packages/anndata/utils.py:434: FutureWarning: Importing read_csv from `anndata` is deprecated. Import anndata.io.read_csv instead.
  warnings.warn(msg, FutureWarning)
/home/zhangpeiru/.conda/envs/MetqQ2/lib/python3.11/site-packages/anndata/utils.py:434: FutureWarning: Importing read_text from `anndata` is deprecated. Import anndata.io.read_text instead.
  warnings.warn(msg, FutureWarning)
/home/zhangpeiru/.conda/envs/MetqQ2/lib/python3.11/site-packages/anndata/utils.py:434: FutureWarning: Importing read_excel from `anndata` is deprecated. Import anndata.io.read_excel instead.
  warnings.warn(msg, FutureWarning)
/home/zhangpeiru/.conda/envs/MetqQ2/lib/python3.11/site-packages/anndata/utils.py:434: FutureWarning: Importing read_mtx from `anndata` is deprecated. Import anndata.io.read_mtx instead.
  warnings.warn(msg, FutureWarning)
/home/zhangpeiru/.conda/envs/MetqQ2/lib/python3.11/site-packages/anndata/utils.py:434: FutureWarning: Importing read_loom from `anndata` is deprecated. Import anndata.io.read_loom instead.
  warnings.warn(msg, FutureWarning)
/home/zhangpeiru/.conda/envs/MetqQ2/lib/python3.11/site-packages/anndata/utils.py:434: FutureWarning: Importing read_hdf from `anndata` is deprecated. Import anndata.io.read_hdf instead.
  warnings.warn(msg, FutureWarning)
/home/zhangpeiru/.conda/envs/MetqQ2/lib/python3.11/site-packages/anndata/utils.py:434: FutureWarning: Importing read_umi_tools from `anndata` is deprecated. Import anndata.io.read_umi_tools instead.
  warnings.warn(msg, FutureWarning)
WARNING: adata.X seems to be already log-transformed.
/home/zhangpeiru/.conda/envs/MetqQ2/lib/python3.11/site-packages/scanpy/preprocessing/_highly_variable_genes.py:220: FutureWarning: The default of observed=False is deprecated and will be changed to True in a future version of pandas. Pass observed=False to retain current behavior or observed=True to adopt the future default and silence this warning.
  disp_grouped = df.groupby('mean_bin')['dispersions']
/home/zhangpeiru/.conda/envs/MetqQ2/lib/python3.11/site-packages/scanpy/preprocessing/_simple.py:843: UserWarning: Received a view of an AnnData. Making a copy.
  view_to_actual(adata)
/home/zhangpeiru/.conda/envs/MetqQ2/lib/python3.11/site-packages/scanpy/preprocessing/_highly_variable_genes.py:220: FutureWarning: The default of observed=False is deprecated and will be changed to True in a future version of pandas. Pass observed=False to retain current behavior or observed=True to adopt the future default and silence this warning.
  disp_grouped = df.groupby('mean_bin')['dispersions']
/home/zhangpeiru/.conda/envs/MetqQ2/lib/python3.11/site-packages/scanpy/preprocessing/_simple.py:843: UserWarning: Received a view of an AnnData. Making a copy.
  view_to_actual(adata)
=======Loading and Preprocessing Data=======
Data of 2 omics in total
revision_results/cache/subsets/D11_11_GSE194122_rna_2000cells_seed1729_rare-NK-abundance0.01-seed852588.h5ad loaded with shape [2000, 3003]
revision_results/cache/subsets/D11_11_GSE194122_atac_2000cells_seed1729_rare-NK-abundance0.01-seed852588.h5ad loaded with shape [2000, 30000]
2026-08-29 15:58:20,623 INFO Loading faiss with AVX512 support.
2026-08-29 15:58:20,647 INFO Successfully loaded faiss with AVX512 support.
2026-08-29 15:58:20,651 INFO Failed to load GPU Faiss: name 'GpuIndexIVFFlat' is not defined. Will not load constructor refs for GPU indexes. This is only an error if you're trying to use GPU Faiss.
WARNING clustering 512 points to 40 centroids: please provide at least 1560 training points
GARQ Initialization completed.
/home/zhangpeiru/.conda/envs/MetqQ2/lib/python3.11/site-packages/torch/autograd/__init__.py:251: UserWarning: Memory Efficient attention defaults to a non-deterministic algorithm. To explicitly enable determinism call torch.use_deterministic_algorithms(True, warn_only=False). (Triggered internally at ../aten/src/ATen/native/transformers/cuda/attention_backward.cu:413.)
  Variable._execution_engine.run_backward(  # Calls into the C++ engine to run the backward pass
Epoch 1, RNA: recon_loss=0.2343 , ATAC: recon_loss=0.3863 
/data/zhangpeiru/GARQ_revision/model.py:121: UserWarning: cumsum_cuda_kernel does not have a deterministic implementation, but you set 'torch.use_deterministic_algorithms(True, warn_only=True)'. You can file an issue at https://github.com/pytorch/pytorch/issues to help us prioritize adding deterministic support for this operation. (Triggered internally at ../aten/src/ATen/Context.cpp:71.)
  dis_indices = torch.multinomial(
/data/zhangpeiru/GARQ_revision/data_utils.py:140: UserWarning: The given NumPy array is not writable, and PyTorch does not support non-writable tensors. This means writing to this tensor will result in undefined behavior. You may want to copy the array to protect its data or make it writable before converting it to a tensor. This type of warning will be suppressed for the rest of this program. (Triggered internally at ../torch/csrc/utils/tensor_numpy.cpp:206.)
  type_int = torch.from_numpy(adata.obs[args.type_key].cat.codes.values).long()
/home/zhangpeiru/.conda/envs/MetqQ2/lib/python3.11/site-packages/louvain/__init__.py:54: UserWarning: pkg_resources is deprecated as an API. See https://setuptools.pypa.io/en/latest/pkg_resources.html. The pkg_resources package is slated for removal as early as 2025-11-30. Refrain from using this package or pin to Setuptools<81.
  from pkg_resources import get_distribution, DistributionNotFound
/home/zhangpeiru/.conda/envs/MetqQ2/lib/python3.11/site-packages/anndata/utils.py:434: FutureWarning: Importing read_csv from `anndata` is deprecated. Import anndata.io.read_csv instead.
  warnings.warn(msg, FutureWarning)
/home/zhangpeiru/.conda/envs/MetqQ2/lib/python3.11/site-packages/anndata/utils.py:434: FutureWarning: Importing read_text from `anndata` is deprecated. Import anndata.io.read_text instead.
  warnings.warn(msg, FutureWarning)
/home/zhangpeiru/.conda/envs/MetqQ2/lib/python3.11/site-packages/anndata/utils.py:434: FutureWarning: Importing read_excel from `anndata` is deprecated. Import anndata.io.read_excel instead.
  warnings.warn(msg, FutureWarning)
/home/zhangpeiru/.conda/envs/MetqQ2/lib/python3.11/site-packages/anndata/utils.py:434: FutureWarning: Importing read_mtx from `anndata` is deprecated. Import anndata.io.read_mtx instead.
  warnings.warn(msg, FutureWarning)
/home/zhangpeiru/.conda/envs/MetqQ2/lib/python3.11/site-packages/anndata/utils.py:434: FutureWarning: Importing read_loom from `anndata` is deprecated. Import anndata.io.read_loom instead.
  warnings.warn(msg, FutureWarning)
/home/zhangpeiru/.conda/envs/MetqQ2/lib/python3.11/site-packages/anndata/utils.py:434: FutureWarning: Importing read_hdf from `anndata` is deprecated. Import anndata.io.read_hdf instead.
  warnings.warn(msg, FutureWarning)
/home/zhangpeiru/.conda/envs/MetqQ2/lib/python3.11/site-packages/anndata/utils.py:434: FutureWarning: Importing read_umi_tools from `anndata` is deprecated. Import anndata.io.read_umi_tools instead.
  warnings.warn(msg, FutureWarning)
WARNING: adata.X seems to be already log-transformed.
/home/zhangpeiru/.conda/envs/MetqQ2/lib/python3.11/site-packages/scanpy/preprocessing/_highly_variable_genes.py:220: FutureWarning: The default of observed=False is deprecated and will be changed to True in a future version of pandas. Pass observed=False to retain current behavior or observed=True to adopt the future default and silence this warning.
  disp_grouped = df.groupby('mean_bin')['dispersions']
/home/zhangpeiru/.conda/envs/MetqQ2/lib/python3.11/site-packages/scanpy/preprocessing/_simple.py:843: UserWarning: Received a view of an AnnData. Making a copy.
  view_to_actual(adata)
/home/zhangpeiru/.conda/envs/MetqQ2/lib/python3.11/site-packages/scanpy/preprocessing/_highly_variable_genes.py:220: FutureWarning: The default of observed=False is deprecated and will be changed to True in a future version of pandas. Pass observed=False to retain current behavior or observed=True to adopt the future default and silence this warning.
  disp_grouped = df.groupby('mean_bin')['dispersions']
/home/zhangpeiru/.conda/envs/MetqQ2/lib/python3.11/site-packages/scanpy/preprocessing/_simple.py:843: UserWarning: Received a view of an AnnData. Making a copy.
  view_to_actual(adata)
=======Loading and Preprocessing Data=======
Data of 2 omics in total
revision_results/cache/subsets/D11_11_GSE194122_rna_2000cells_seed1729_rare-NK-abundance0.01-seed410764.h5ad loaded with shape [2000, 3004]
revision_results/cache/subsets/D11_11_GSE194122_atac_2000cells_seed1729_rare-NK-abundance0.01-seed410764.h5ad loaded with shape [2000, 30000]
2026-08-29 15:58:38,949 INFO Loading faiss with AVX512 support.
2026-08-29 15:58:38,968 INFO Successfully loaded faiss with AVX512 support.
2026-08-29 15:58:38,971 INFO Failed to load GPU Faiss: name 'GpuIndexIVFFlat' is not defined. Will not load constructor refs for GPU indexes. This is only an error if you're trying to use GPU Faiss.
WARNING clustering 512 points to 40 centroids: please provide at least 1560 training points
GARQ Initialization completed.
/home/zhangpeiru/.conda/envs/MetqQ2/lib/python3.11/site-packages/torch/autograd/__init__.py:251: UserWarning: Memory Efficient attention defaults to a non-deterministic algorithm. To explicitly enable determinism call torch.use_deterministic_algorithms(True, warn_only=False). (Triggered internally at ../aten/src/ATen/native/transformers/cuda/attention_backward.cu:413.)
  Variable._execution_engine.run_backward(  # Calls into the C++ engine to run the backward pass
Epoch 1, RNA: recon_loss=0.2334 , ATAC: recon_loss=0.3756 
/data/zhangpeiru/GARQ_revision/model.py:121: UserWarning: cumsum_cuda_kernel does not have a deterministic implementation, but you set 'torch.use_deterministic_algorithms(True, warn_only=True)'. You can file an issue at https://github.com/pytorch/pytorch/issues to help us prioritize adding deterministic support for this operation. (Triggered internally at ../aten/src/ATen/Context.cpp:71.)
  dis_indices = torch.multinomial(
/data/zhangpeiru/GARQ_revision/data_utils.py:140: UserWarning: The given NumPy array is not writable, and PyTorch does not support non-writable tensors. This means writing to this tensor will result in undefined behavior. You may want to copy the array to protect its data or make it writable before converting it to a tensor. This type of warning will be suppressed for the rest of this program. (Triggered internally at ../torch/csrc/utils/tensor_numpy.cpp:206.)
  type_int = torch.from_numpy(adata.obs[args.type_key].cat.codes.values).long()
/home/zhangpeiru/.conda/envs/MetqQ2/lib/python3.11/site-packages/louvain/__init__.py:54: UserWarning: pkg_resources is deprecated as an API. See https://setuptools.pypa.io/en/latest/pkg_resources.html. The pkg_resources package is slated for removal as early as 2025-11-30. Refrain from using this package or pin to Setuptools<81.
  from pkg_resources import get_distribution, DistributionNotFound
/home/zhangpeiru/.conda/envs/MetqQ2/lib/python3.11/site-packages/anndata/utils.py:434: FutureWarning: Importing read_csv from `anndata` is deprecated. Import anndata.io.read_csv instead.
  warnings.warn(msg, FutureWarning)
/home/zhangpeiru/.conda/envs/MetqQ2/lib/python3.11/site-packages/anndata/utils.py:434: FutureWarning: Importing read_text from `anndata` is deprecated. Import anndata.io.read_text instead.
  warnings.warn(msg, FutureWarning)
/home/zhangpeiru/.conda/envs/MetqQ2/lib/python3.11/site-packages/anndata/utils.py:434: FutureWarning: Importing read_excel from `anndata` is deprecated. Import anndata.io.read_excel instead.
  warnings.warn(msg, FutureWarning)
/home/zhangpeiru/.conda/envs/MetqQ2/lib/python3.11/site-packages/anndata/utils.py:434: FutureWarning: Importing read_mtx from `anndata` is deprecated. Import anndata.io.read_mtx instead.
  warnings.warn(msg, FutureWarning)
/home/zhangpeiru/.conda/envs/MetqQ2/lib/python3.11/site-packages/anndata/utils.py:434: FutureWarning: Importing read_loom from `anndata` is deprecated. Import anndata.io.read_loom instead.
  warnings.warn(msg, FutureWarning)
/home/zhangpeiru/.conda/envs/MetqQ2/lib/python3.11/site-packages/anndata/utils.py:434: FutureWarning: Importing read_hdf from `anndata` is deprecated. Import anndata.io.read_hdf instead.
  warnings.warn(msg, FutureWarning)
/home/zhangpeiru/.conda/envs/MetqQ2/lib/python3.11/site-packages/anndata/utils.py:434: FutureWarning: Importing read_umi_tools from `anndata` is deprecated. Import anndata.io.read_umi_tools instead.
  warnings.warn(msg, FutureWarning)
WARNING: adata.X seems to be already log-transformed.
/home/zhangpeiru/.conda/envs/MetqQ2/lib/python3.11/site-packages/scanpy/preprocessing/_highly_variable_genes.py:220: FutureWarning: The default of observed=False is deprecated and will be changed to True in a future version of pandas. Pass observed=False to retain current behavior or observed=True to adopt the future default and silence this warning.
  disp_grouped = df.groupby('mean_bin')['dispersions']
/home/zhangpeiru/.conda/envs/MetqQ2/lib/python3.11/site-packages/scanpy/preprocessing/_simple.py:843: UserWarning: Received a view of an AnnData. Making a copy.
  view_to_actual(adata)
/home/zhangpeiru/.conda/envs/MetqQ2/lib/python3.11/site-packages/scanpy/preprocessing/_highly_variable_genes.py:220: FutureWarning: The default of observed=False is deprecated and will be changed to True in a future version of pandas. Pass observed=False to retain current behavior or observed=True to adopt the future default and silence this warning.
  disp_grouped = df.groupby('mean_bin')['dispersions']
/home/zhangpeiru/.conda/envs/MetqQ2/lib/python3.11/site-packages/scanpy/preprocessing/_simple.py:843: UserWarning: Received a view of an AnnData. Making a copy.
  view_to_actual(adata)
=======Loading and Preprocessing Data=======
Data of 2 omics in total
revision_results/cache/subsets/D11_11_GSE194122_rna_2000cells_seed1729_rare-NK-abundance0.01-seed831351.h5ad loaded with shape [2000, 3003]
revision_results/cache/subsets/D11_11_GSE194122_atac_2000cells_seed1729_rare-NK-abundance0.01-seed831351.h5ad loaded with shape [2000, 30000]
2026-08-29 15:58:56,908 INFO Loading faiss with AVX512 support.
2026-08-29 15:58:56,930 INFO Successfully loaded faiss with AVX512 support.
2026-08-29 15:58:56,934 INFO Failed to load GPU Faiss: name 'GpuIndexIVFFlat' is not defined. Will not load constructor refs for GPU indexes. This is only an error if you're trying to use GPU Faiss.
WARNING clustering 512 points to 40 centroids: please provide at least 1560 training points
GARQ Initialization completed.
/home/zhangpeiru/.conda/envs/MetqQ2/lib/python3.11/site-packages/torch/autograd/__init__.py:251: UserWarning: Memory Efficient attention defaults to a non-deterministic algorithm. To explicitly enable determinism call torch.use_deterministic_algorithms(True, warn_only=False). (Triggered internally at ../aten/src/ATen/native/transformers/cuda/attention_backward.cu:413.)
  Variable._execution_engine.run_backward(  # Calls into the C++ engine to run the backward pass
Epoch 1, RNA: recon_loss=0.2343 , ATAC: recon_loss=0.3790 
/data/zhangpeiru/GARQ_revision/model.py:121: UserWarning: cumsum_cuda_kernel does not have a deterministic implementation, but you set 'torch.use_deterministic_algorithms(True, warn_only=True)'. You can file an issue at https://github.com/pytorch/pytorch/issues to help us prioritize adding deterministic support for this operation. (Triggered internally at ../aten/src/ATen/Context.cpp:71.)
  dis_indices = torch.multinomial(
/data/zhangpeiru/GARQ_revision/data_utils.py:131: RuntimeWarning: Mean of empty slice.
  [data[meta_ids == i].mean(axis=0) for i in range(meta_ids.max() + 1)]
/home/zhangpeiru/.conda/envs/MetqQ2/lib/python3.11/site-packages/numpy/core/_methods.py:121: RuntimeWarning: invalid value encountered in divide
  ret = um.true_divide(
/data/zhangpeiru/GARQ_revision/data_utils.py:140: UserWarning: The given NumPy array is not writable, and PyTorch does not support non-writable tensors. This means writing to this tensor will result in undefined behavior. You may want to copy the array to protect its data or make it writable before converting it to a tensor. This type of warning will be suppressed for the rest of this program. (Triggered internally at ../torch/csrc/utils/tensor_numpy.cpp:206.)
  type_int = torch.from_numpy(adata.obs[args.type_key].cat.codes.values).long()
/data/zhangpeiru/GARQ_revision/data_utils.py:131: RuntimeWarning: Mean of empty slice.
  [data[meta_ids == i].mean(axis=0) for i in range(meta_ids.max() + 1)]
/home/zhangpeiru/.conda/envs/MetqQ2/lib/python3.11/site-packages/numpy/core/_methods.py:121: RuntimeWarning: invalid value encountered in divide
  ret = um.true_divide(
/home/zhangpeiru/.conda/envs/MetqQ2/lib/python3.11/site-packages/louvain/__init__.py:54: UserWarning: pkg_resources is deprecated as an API. See https://setuptools.pypa.io/en/latest/pkg_resources.html. The pkg_resources package is slated for removal as early as 2025-11-30. Refrain from using this package or pin to Setuptools<81.
  from pkg_resources import get_distribution, DistributionNotFound
/home/zhangpeiru/.conda/envs/MetqQ2/lib/python3.11/site-packages/anndata/utils.py:434: FutureWarning: Importing read_csv from `anndata` is deprecated. Import anndata.io.read_csv instead.
  warnings.warn(msg, FutureWarning)
/home/zhangpeiru/.conda/envs/MetqQ2/lib/python3.11/site-packages/anndata/utils.py:434: FutureWarning: Importing read_text from `anndata` is deprecated. Import anndata.io.read_text instead.
  warnings.warn(msg, FutureWarning)
/home/zhangpeiru/.conda/envs/MetqQ2/lib/python3.11/site-packages/anndata/utils.py:434: FutureWarning: Importing read_excel from `anndata` is deprecated. Import anndata.io.read_excel instead.
  warnings.warn(msg, FutureWarning)
/home/zhangpeiru/.conda/envs/MetqQ2/lib/python3.11/site-packages/anndata/utils.py:434: FutureWarning: Importing read_mtx from `anndata` is deprecated. Import anndata.io.read_mtx instead.
  warnings.warn(msg, FutureWarning)
/home/zhangpeiru/.conda/envs/MetqQ2/lib/python3.11/site-packages/anndata/utils.py:434: FutureWarning: Importing read_loom from `anndata` is deprecated. Import anndata.io.read_loom instead.
  warnings.warn(msg, FutureWarning)
/home/zhangpeiru/.conda/envs/MetqQ2/lib/python3.11/site-packages/anndata/utils.py:434: FutureWarning: Importing read_hdf from `anndata` is deprecated. Import anndata.io.read_hdf instead.
  warnings.warn(msg, FutureWarning)
/home/zhangpeiru/.conda/envs/MetqQ2/lib/python3.11/site-packages/anndata/utils.py:434: FutureWarning: Importing read_umi_tools from `anndata` is deprecated. Import anndata.io.read_umi_tools instead.
  warnings.warn(msg, FutureWarning)
WARNING: adata.X seems to be already log-transformed.
/home/zhangpeiru/.conda/envs/MetqQ2/lib/python3.11/site-packages/scanpy/preprocessing/_highly_variable_genes.py:220: FutureWarning: The default of observed=False is deprecated and will be changed to True in a future version of pandas. Pass observed=False to retain current behavior or observed=True to adopt the future default and silence this warning.
  disp_grouped = df.groupby('mean_bin')['dispersions']
/home/zhangpeiru/.conda/envs/MetqQ2/lib/python3.11/site-packages/scanpy/preprocessing/_simple.py:843: UserWarning: Received a view of an AnnData. Making a copy.
  view_to_actual(adata)
/home/zhangpeiru/.conda/envs/MetqQ2/lib/python3.11/site-packages/scanpy/preprocessing/_highly_variable_genes.py:220: FutureWarning: The default of observed=False is deprecated and will be changed to True in a future version of pandas. Pass observed=False to retain current behavior or observed=True to adopt the future default and silence this warning.
  disp_grouped = df.groupby('mean_bin')['dispersions']
/home/zhangpeiru/.conda/envs/MetqQ2/lib/python3.11/site-packages/scanpy/preprocessing/_simple.py:843: UserWarning: Received a view of an AnnData. Making a copy.
  view_to_actual(adata)
=======Loading and Preprocessing Data=======
Data of 2 omics in total
revision_results/cache/subsets/D11_11_GSE194122_rna_2000cells_seed1729_rare-NK-abundance0.01-seed667739.h5ad loaded with shape [2000, 3000]
revision_results/cache/subsets/D11_11_GSE194122_atac_2000cells_seed1729_rare-NK-abundance0.01-seed667739.h5ad loaded with shape [2000, 30000]
2026-08-29 15:59:15,393 INFO Loading faiss with AVX512 support.
2026-08-29 15:59:15,416 INFO Successfully loaded faiss with AVX512 support.
2026-08-29 15:59:15,421 INFO Failed to load GPU Faiss: name 'GpuIndexIVFFlat' is not defined. Will not load constructor refs for GPU indexes. This is only an error if you're trying to use GPU Faiss.
WARNING clustering 512 points to 40 centroids: please provide at least 1560 training points
GARQ Initialization completed.
/home/zhangpeiru/.conda/envs/MetqQ2/lib/python3.11/site-packages/torch/autograd/__init__.py:251: UserWarning: Memory Efficient attention defaults to a non-deterministic algorithm. To explicitly enable determinism call torch.use_deterministic_algorithms(True, warn_only=False). (Triggered internally at ../aten/src/ATen/native/transformers/cuda/attention_backward.cu:413.)
  Variable._execution_engine.run_backward(  # Calls into the C++ engine to run the backward pass
Epoch 1, RNA: recon_loss=0.2359 , ATAC: recon_loss=0.3788 
/data/zhangpeiru/GARQ_revision/model.py:121: UserWarning: cumsum_cuda_kernel does not have a deterministic implementation, but you set 'torch.use_deterministic_algorithms(True, warn_only=True)'. You can file an issue at https://github.com/pytorch/pytorch/issues to help us prioritize adding deterministic support for this operation. (Triggered internally at ../aten/src/ATen/Context.cpp:71.)
  dis_indices = torch.multinomial(
/data/zhangpeiru/GARQ_revision/data_utils.py:140: UserWarning: The given NumPy array is not writable, and PyTorch does not support non-writable tensors. This means writing to this tensor will result in undefined behavior. You may want to copy the array to protect its data or make it writable before converting it to a tensor. This type of warning will be suppressed for the rest of this program. (Triggered internally at ../torch/csrc/utils/tensor_numpy.cpp:206.)
  type_int = torch.from_numpy(adata.obs[args.type_key].cat.codes.values).long()
/home/zhangpeiru/.conda/envs/MetqQ2/lib/python3.11/site-packages/louvain/__init__.py:54: UserWarning: pkg_resources is deprecated as an API. See https://setuptools.pypa.io/en/latest/pkg_resources.html. The pkg_resources package is slated for removal as early as 2025-11-30. Refrain from using this package or pin to Setuptools<81.
  from pkg_resources import get_distribution, DistributionNotFound
/home/zhangpeiru/.conda/envs/MetqQ2/lib/python3.11/site-packages/anndata/utils.py:434: FutureWarning: Importing read_csv from `anndata` is deprecated. Import anndata.io.read_csv instead.
  warnings.warn(msg, FutureWarning)
/home/zhangpeiru/.conda/envs/MetqQ2/lib/python3.11/site-packages/anndata/utils.py:434: FutureWarning: Importing read_text from `anndata` is deprecated. Import anndata.io.read_text instead.
  warnings.warn(msg, FutureWarning)
/home/zhangpeiru/.conda/envs/MetqQ2/lib/python3.11/site-packages/anndata/utils.py:434: FutureWarning: Importing read_excel from `anndata` is deprecated. Import anndata.io.read_excel instead.
  warnings.warn(msg, FutureWarning)
/home/zhangpeiru/.conda/envs/MetqQ2/lib/python3.11/site-packages/anndata/utils.py:434: FutureWarning: Importing read_mtx from `anndata` is deprecated. Import anndata.io.read_mtx instead.
  warnings.warn(msg, FutureWarning)
/home/zhangpeiru/.conda/envs/MetqQ2/lib/python3.11/site-packages/anndata/utils.py:434: FutureWarning: Importing read_loom from `anndata` is deprecated. Import anndata.io.read_loom instead.
  warnings.warn(msg, FutureWarning)
/home/zhangpeiru/.conda/envs/MetqQ2/lib/python3.11/site-packages/anndata/utils.py:434: FutureWarning: Importing read_hdf from `anndata` is deprecated. Import anndata.io.read_hdf instead.
  warnings.warn(msg, FutureWarning)
/home/zhangpeiru/.conda/envs/MetqQ2/lib/python3.11/site-packages/anndata/utils.py:434: FutureWarning: Importing read_umi_tools from `anndata` is deprecated. Import anndata.io.read_umi_tools instead.
  warnings.warn(msg, FutureWarning)
WARNING: adata.X seems to be already log-transformed.
/home/zhangpeiru/.conda/envs/MetqQ2/lib/python3.11/site-packages/scanpy/preprocessing/_highly_variable_genes.py:220: FutureWarning: The default of observed=False is deprecated and will be changed to True in a future version of pandas. Pass observed=False to retain current behavior or observed=True to adopt the future default and silence this warning.
  disp_grouped = df.groupby('mean_bin')['dispersions']
/home/zhangpeiru/.conda/envs/MetqQ2/lib/python3.11/site-packages/scanpy/preprocessing/_simple.py:843: UserWarning: Received a view of an AnnData. Making a copy.
  view_to_actual(adata)
/home/zhangpeiru/.conda/envs/MetqQ2/lib/python3.11/site-packages/scanpy/preprocessing/_highly_variable_genes.py:220: FutureWarning: The default of observed=False is deprecated and will be changed to True in a future version of pandas. Pass observed=False to retain current behavior or observed=True to adopt the future default and silence this warning.
  disp_grouped = df.groupby('mean_bin')['dispersions']
/home/zhangpeiru/.conda/envs/MetqQ2/lib/python3.11/site-packages/scanpy/preprocessing/_simple.py:843: UserWarning: Received a view of an AnnData. Making a copy.
  view_to_actual(adata)
=======Loading and Preprocessing Data=======
Data of 2 omics in total
revision_results/cache/subsets/D11_11_GSE194122_rna_2000cells_seed1729_rare-NK-abundance0.01-seed989190.h5ad loaded with shape [2000, 3002]
revision_results/cache/subsets/D11_11_GSE194122_atac_2000cells_seed1729_rare-NK-abundance0.01-seed989190.h5ad loaded with shape [2000, 30000]
2026-08-29 15:59:32,907 INFO Loading faiss with AVX512 support.
2026-08-29 15:59:32,932 INFO Successfully loaded faiss with AVX512 support.
2026-08-29 15:59:32,936 INFO Failed to load GPU Faiss: name 'GpuIndexIVFFlat' is not defined. Will not load constructor refs for GPU indexes. This is only an error if you're trying to use GPU Faiss.
WARNING clustering 512 points to 40 centroids: please provide at least 1560 training points
GARQ Initialization completed.
/home/zhangpeiru/.conda/envs/MetqQ2/lib/python3.11/site-packages/torch/autograd/__init__.py:251: UserWarning: Memory Efficient attention defaults to a non-deterministic algorithm. To explicitly enable determinism call torch.use_deterministic_algorithms(True, warn_only=False). (Triggered internally at ../aten/src/ATen/native/transformers/cuda/attention_backward.cu:413.)
  Variable._execution_engine.run_backward(  # Calls into the C++ engine to run the backward pass
Epoch 1, RNA: recon_loss=0.2352 , ATAC: recon_loss=0.3715 
/data/zhangpeiru/GARQ_revision/model.py:121: UserWarning: cumsum_cuda_kernel does not have a deterministic implementation, but you set 'torch.use_deterministic_algorithms(True, warn_only=True)'. You can file an issue at https://github.com/pytorch/pytorch/issues to help us prioritize adding deterministic support for this operation. (Triggered internally at ../aten/src/ATen/Context.cpp:71.)
  dis_indices = torch.multinomial(
/data/zhangpeiru/GARQ_revision/data_utils.py:140: UserWarning: The given NumPy array is not writable, and PyTorch does not support non-writable tensors. This means writing to this tensor will result in undefined behavior. You may want to copy the array to protect its data or make it writable before converting it to a tensor. This type of warning will be suppressed for the rest of this program. (Triggered internally at ../torch/csrc/utils/tensor_numpy.cpp:206.)
  type_int = torch.from_numpy(adata.obs[args.type_key].cat.codes.values).long()
/home/zhangpeiru/.conda/envs/MetqQ2/lib/python3.11/site-packages/louvain/__init__.py:54: UserWarning: pkg_resources is deprecated as an API. See https://setuptools.pypa.io/en/latest/pkg_resources.html. The pkg_resources package is slated for removal as early as 2025-11-30. Refrain from using this package or pin to Setuptools<81.
  from pkg_resources import get_distribution, DistributionNotFound
/home/zhangpeiru/.conda/envs/MetqQ2/lib/python3.11/site-packages/anndata/utils.py:434: FutureWarning: Importing read_csv from `anndata` is deprecated. Import anndata.io.read_csv instead.
  warnings.warn(msg, FutureWarning)
/home/zhangpeiru/.conda/envs/MetqQ2/lib/python3.11/site-packages/anndata/utils.py:434: FutureWarning: Importing read_text from `anndata` is deprecated. Import anndata.io.read_text instead.
  warnings.warn(msg, FutureWarning)
/home/zhangpeiru/.conda/envs/MetqQ2/lib/python3.11/site-packages/anndata/utils.py:434: FutureWarning: Importing read_excel from `anndata` is deprecated. Import anndata.io.read_excel instead.
  warnings.warn(msg, FutureWarning)
/home/zhangpeiru/.conda/envs/MetqQ2/lib/python3.11/site-packages/anndata/utils.py:434: FutureWarning: Importing read_mtx from `anndata` is deprecated. Import anndata.io.read_mtx instead.
  warnings.warn(msg, FutureWarning)
/home/zhangpeiru/.conda/envs/MetqQ2/lib/python3.11/site-packages/anndata/utils.py:434: FutureWarning: Importing read_loom from `anndata` is deprecated. Import anndata.io.read_loom instead.
  warnings.warn(msg, FutureWarning)
/home/zhangpeiru/.conda/envs/MetqQ2/lib/python3.11/site-packages/anndata/utils.py:434: FutureWarning: Importing read_hdf from `anndata` is deprecated. Import anndata.io.read_hdf instead.
  warnings.warn(msg, FutureWarning)
/home/zhangpeiru/.conda/envs/MetqQ2/lib/python3.11/site-packages/anndata/utils.py:434: FutureWarning: Importing read_umi_tools from `anndata` is deprecated. Import anndata.io.read_umi_tools instead.
  warnings.warn(msg, FutureWarning)
WARNING: adata.X seems to be already log-transformed.
/home/zhangpeiru/.conda/envs/MetqQ2/lib/python3.11/site-packages/scanpy/preprocessing/_highly_variable_genes.py:220: FutureWarning: The default of observed=False is deprecated and will be changed to True in a future version of pandas. Pass observed=False to retain current behavior or observed=True to adopt the future default and silence this warning.
  disp_grouped = df.groupby('mean_bin')['dispersions']
/home/zhangpeiru/.conda/envs/MetqQ2/lib/python3.11/site-packages/scanpy/preprocessing/_simple.py:843: UserWarning: Received a view of an AnnData. Making a copy.
  view_to_actual(adata)
/home/zhangpeiru/.conda/envs/MetqQ2/lib/python3.11/site-packages/scanpy/preprocessing/_highly_variable_genes.py:220: FutureWarning: The default of observed=False is deprecated and will be changed to True in a future version of pandas. Pass observed=False to retain current behavior or observed=True to adopt the future default and silence this warning.
  disp_grouped = df.groupby('mean_bin')['dispersions']
/home/zhangpeiru/.conda/envs/MetqQ2/lib/python3.11/site-packages/scanpy/preprocessing/_simple.py:843: UserWarning: Received a view of an AnnData. Making a copy.
  view_to_actual(adata)
=======Loading and Preprocessing Data=======
Data of 2 omics in total
revision_results/cache/subsets/D11_11_GSE194122_rna_2000cells_seed1729_rare-NK-abundance0.02-seed615718.h5ad loaded with shape [2000, 3001]
revision_results/cache/subsets/D11_11_GSE194122_atac_2000cells_seed1729_rare-NK-abundance0.02-seed615718.h5ad loaded with shape [2000, 30000]
2026-08-29 15:59:51,207 INFO Loading faiss with AVX512 support.
2026-08-29 15:59:51,229 INFO Successfully loaded faiss with AVX512 support.
2026-08-29 15:59:51,233 INFO Failed to load GPU Faiss: name 'GpuIndexIVFFlat' is not defined. Will not load constructor refs for GPU indexes. This is only an error if you're trying to use GPU Faiss.
WARNING clustering 512 points to 40 centroids: please provide at least 1560 training points
GARQ Initialization completed.
/home/zhangpeiru/.conda/envs/MetqQ2/lib/python3.11/site-packages/torch/autograd/__init__.py:251: UserWarning: Memory Efficient attention defaults to a non-deterministic algorithm. To explicitly enable determinism call torch.use_deterministic_algorithms(True, warn_only=False). (Triggered internally at ../aten/src/ATen/native/transformers/cuda/attention_backward.cu:413.)
  Variable._execution_engine.run_backward(  # Calls into the C++ engine to run the backward pass
Epoch 1, RNA: recon_loss=0.2315 , ATAC: recon_loss=0.3817 
/data/zhangpeiru/GARQ_revision/model.py:121: UserWarning: cumsum_cuda_kernel does not have a deterministic implementation, but you set 'torch.use_deterministic_algorithms(True, warn_only=True)'. You can file an issue at https://github.com/pytorch/pytorch/issues to help us prioritize adding deterministic support for this operation. (Triggered internally at ../aten/src/ATen/Context.cpp:71.)
  dis_indices = torch.multinomial(
/data/zhangpeiru/GARQ_revision/data_utils.py:140: UserWarning: The given NumPy array is not writable, and PyTorch does not support non-writable tensors. This means writing to this tensor will result in undefined behavior. You may want to copy the array to protect its data or make it writable before converting it to a tensor. This type of warning will be suppressed for the rest of this program. (Triggered internally at ../torch/csrc/utils/tensor_numpy.cpp:206.)
  type_int = torch.from_numpy(adata.obs[args.type_key].cat.codes.values).long()
/home/zhangpeiru/.conda/envs/MetqQ2/lib/python3.11/site-packages/louvain/__init__.py:54: UserWarning: pkg_resources is deprecated as an API. See https://setuptools.pypa.io/en/latest/pkg_resources.html. The pkg_resources package is slated for removal as early as 2025-11-30. Refrain from using this package or pin to Setuptools<81.
  from pkg_resources import get_distribution, DistributionNotFound
/home/zhangpeiru/.conda/envs/MetqQ2/lib/python3.11/site-packages/anndata/utils.py:434: FutureWarning: Importing read_csv from `anndata` is deprecated. Import anndata.io.read_csv instead.
  warnings.warn(msg, FutureWarning)
/home/zhangpeiru/.conda/envs/MetqQ2/lib/python3.11/site-packages/anndata/utils.py:434: FutureWarning: Importing read_text from `anndata` is deprecated. Import anndata.io.read_text instead.
  warnings.warn(msg, FutureWarning)
/home/zhangpeiru/.conda/envs/MetqQ2/lib/python3.11/site-packages/anndata/utils.py:434: FutureWarning: Importing read_excel from `anndata` is deprecated. Import anndata.io.read_excel instead.
  warnings.warn(msg, FutureWarning)
/home/zhangpeiru/.conda/envs/MetqQ2/lib/python3.11/site-packages/anndata/utils.py:434: FutureWarning: Importing read_mtx from `anndata` is deprecated. Import anndata.io.read_mtx instead.
  warnings.warn(msg, FutureWarning)
/home/zhangpeiru/.conda/envs/MetqQ2/lib/python3.11/site-packages/anndata/utils.py:434: FutureWarning: Importing read_loom from `anndata` is deprecated. Import anndata.io.read_loom instead.
  warnings.warn(msg, FutureWarning)
/home/zhangpeiru/.conda/envs/MetqQ2/lib/python3.11/site-packages/anndata/utils.py:434: FutureWarning: Importing read_hdf from `anndata` is deprecated. Import anndata.io.read_hdf instead.
  warnings.warn(msg, FutureWarning)
/home/zhangpeiru/.conda/envs/MetqQ2/lib/python3.11/site-packages/anndata/utils.py:434: FutureWarning: Importing read_umi_tools from `anndata` is deprecated. Import anndata.io.read_umi_tools instead.
  warnings.warn(msg, FutureWarning)
WARNING: adata.X seems to be already log-transformed.
/home/zhangpeiru/.conda/envs/MetqQ2/lib/python3.11/site-packages/scanpy/preprocessing/_highly_variable_genes.py:220: FutureWarning: The default of observed=False is deprecated and will be changed to True in a future version of pandas. Pass observed=False to retain current behavior or observed=True to adopt the future default and silence this warning.
  disp_grouped = df.groupby('mean_bin')['dispersions']
/home/zhangpeiru/.conda/envs/MetqQ2/lib/python3.11/site-packages/scanpy/preprocessing/_simple.py:843: UserWarning: Received a view of an AnnData. Making a copy.
  view_to_actual(adata)
/home/zhangpeiru/.conda/envs/MetqQ2/lib/python3.11/site-packages/scanpy/preprocessing/_highly_variable_genes.py:220: FutureWarning: The default of observed=False is deprecated and will be changed to True in a future version of pandas. Pass observed=False to retain current behavior or observed=True to adopt the future default and silence this warning.
  disp_grouped = df.groupby('mean_bin')['dispersions']
/home/zhangpeiru/.conda/envs/MetqQ2/lib/python3.11/site-packages/scanpy/preprocessing/_simple.py:843: UserWarning: Received a view of an AnnData. Making a copy.
  view_to_actual(adata)
=======Loading and Preprocessing Data=======
Data of 2 omics in total
revision_results/cache/subsets/D11_11_GSE194122_rna_2000cells_seed1729_rare-NK-abundance0.02-seed412488.h5ad loaded with shape [2000, 3000]
revision_results/cache/subsets/D11_11_GSE194122_atac_2000cells_seed1729_rare-NK-abundance0.02-seed412488.h5ad loaded with shape [2000, 30000]
2026-08-29 16:00:09,200 INFO Loading faiss with AVX512 support.
2026-08-29 16:00:09,223 INFO Successfully loaded faiss with AVX512 support.
2026-08-29 16:00:09,228 INFO Failed to load GPU Faiss: name 'GpuIndexIVFFlat' is not defined. Will not load constructor refs for GPU indexes. This is only an error if you're trying to use GPU Faiss.
WARNING clustering 512 points to 40 centroids: please provide at least 1560 training points
GARQ Initialization completed.
/home/zhangpeiru/.conda/envs/MetqQ2/lib/python3.11/site-packages/torch/autograd/__init__.py:251: UserWarning: Memory Efficient attention defaults to a non-deterministic algorithm. To explicitly enable determinism call torch.use_deterministic_algorithms(True, warn_only=False). (Triggered internally at ../aten/src/ATen/native/transformers/cuda/attention_backward.cu:413.)
  Variable._execution_engine.run_backward(  # Calls into the C++ engine to run the backward pass
Epoch 1, RNA: recon_loss=0.2314 , ATAC: recon_loss=0.3789 
/data/zhangpeiru/GARQ_revision/model.py:121: UserWarning: cumsum_cuda_kernel does not have a deterministic implementation, but you set 'torch.use_deterministic_algorithms(True, warn_only=True)'. You can file an issue at https://github.com/pytorch/pytorch/issues to help us prioritize adding deterministic support for this operation. (Triggered internally at ../aten/src/ATen/Context.cpp:71.)
  dis_indices = torch.multinomial(
/data/zhangpeiru/GARQ_revision/data_utils.py:140: UserWarning: The given NumPy array is not writable, and PyTorch does not support non-writable tensors. This means writing to this tensor will result in undefined behavior. You may want to copy the array to protect its data or make it writable before converting it to a tensor. This type of warning will be suppressed for the rest of this program. (Triggered internally at ../torch/csrc/utils/tensor_numpy.cpp:206.)
  type_int = torch.from_numpy(adata.obs[args.type_key].cat.codes.values).long()
/home/zhangpeiru/.conda/envs/MetqQ2/lib/python3.11/site-packages/louvain/__init__.py:54: UserWarning: pkg_resources is deprecated as an API. See https://setuptools.pypa.io/en/latest/pkg_resources.html. The pkg_resources package is slated for removal as early as 2025-11-30. Refrain from using this package or pin to Setuptools<81.
  from pkg_resources import get_distribution, DistributionNotFound
/home/zhangpeiru/.conda/envs/MetqQ2/lib/python3.11/site-packages/anndata/utils.py:434: FutureWarning: Importing read_csv from `anndata` is deprecated. Import anndata.io.read_csv instead.
  warnings.warn(msg, FutureWarning)
/home/zhangpeiru/.conda/envs/MetqQ2/lib/python3.11/site-packages/anndata/utils.py:434: FutureWarning: Importing read_text from `anndata` is deprecated. Import anndata.io.read_text instead.
  warnings.warn(msg, FutureWarning)
/home/zhangpeiru/.conda/envs/MetqQ2/lib/python3.11/site-packages/anndata/utils.py:434: FutureWarning: Importing read_excel from `anndata` is deprecated. Import anndata.io.read_excel instead.
  warnings.warn(msg, FutureWarning)
/home/zhangpeiru/.conda/envs/MetqQ2/lib/python3.11/site-packages/anndata/utils.py:434: FutureWarning: Importing read_mtx from `anndata` is deprecated. Import anndata.io.read_mtx instead.
  warnings.warn(msg, FutureWarning)
/home/zhangpeiru/.conda/envs/MetqQ2/lib/python3.11/site-packages/anndata/utils.py:434: FutureWarning: Importing read_loom from `anndata` is deprecated. Import anndata.io.read_loom instead.
  warnings.warn(msg, FutureWarning)
/home/zhangpeiru/.conda/envs/MetqQ2/lib/python3.11/site-packages/anndata/utils.py:434: FutureWarning: Importing read_hdf from `anndata` is deprecated. Import anndata.io.read_hdf instead.
  warnings.warn(msg, FutureWarning)
/home/zhangpeiru/.conda/envs/MetqQ2/lib/python3.11/site-packages/anndata/utils.py:434: FutureWarning: Importing read_umi_tools from `anndata` is deprecated. Import anndata.io.read_umi_tools instead.
  warnings.warn(msg, FutureWarning)
WARNING: adata.X seems to be already log-transformed.
/home/zhangpeiru/.conda/envs/MetqQ2/lib/python3.11/site-packages/scanpy/preprocessing/_highly_variable_genes.py:220: FutureWarning: The default of observed=False is deprecated and will be changed to True in a future version of pandas. Pass observed=False to retain current behavior or observed=True to adopt the future default and silence this warning.
  disp_grouped = df.groupby('mean_bin')['dispersions']
/home/zhangpeiru/.conda/envs/MetqQ2/lib/python3.11/site-packages/scanpy/preprocessing/_simple.py:843: UserWarning: Received a view of an AnnData. Making a copy.
  view_to_actual(adata)
/home/zhangpeiru/.conda/envs/MetqQ2/lib/python3.11/site-packages/scanpy/preprocessing/_highly_variable_genes.py:220: FutureWarning: The default of observed=False is deprecated and will be changed to True in a future version of pandas. Pass observed=False to retain current behavior or observed=True to adopt the future default and silence this warning.
  disp_grouped = df.groupby('mean_bin')['dispersions']
/home/zhangpeiru/.conda/envs/MetqQ2/lib/python3.11/site-packages/scanpy/preprocessing/_simple.py:843: UserWarning: Received a view of an AnnData. Making a copy.
  view_to_actual(adata)
=======Loading and Preprocessing Data=======
Data of 2 omics in total
revision_results/cache/subsets/D11_11_GSE194122_rna_2000cells_seed1729_rare-NK-abundance0.02-seed354836.h5ad loaded with shape [2000, 3002]
revision_results/cache/subsets/D11_11_GSE194122_atac_2000cells_seed1729_rare-NK-abundance0.02-seed354836.h5ad loaded with shape [2000, 30000]
2026-08-29 16:00:27,719 INFO Loading faiss with AVX512 support.
2026-08-29 16:00:27,745 INFO Successfully loaded faiss with AVX512 support.
2026-08-29 16:00:27,749 INFO Failed to load GPU Faiss: name 'GpuIndexIVFFlat' is not defined. Will not load constructor refs for GPU indexes. This is only an error if you're trying to use GPU Faiss.
WARNING clustering 512 points to 40 centroids: please provide at least 1560 training points
GARQ Initialization completed.
/home/zhangpeiru/.conda/envs/MetqQ2/lib/python3.11/site-packages/torch/autograd/__init__.py:251: UserWarning: Memory Efficient attention defaults to a non-deterministic algorithm. To explicitly enable determinism call torch.use_deterministic_algorithms(True, warn_only=False). (Triggered internally at ../aten/src/ATen/native/transformers/cuda/attention_backward.cu:413.)
  Variable._execution_engine.run_backward(  # Calls into the C++ engine to run the backward pass
Epoch 1, RNA: recon_loss=0.2359 , ATAC: recon_loss=0.3771 
/data/zhangpeiru/GARQ_revision/model.py:121: UserWarning: cumsum_cuda_kernel does not have a deterministic implementation, but you set 'torch.use_deterministic_algorithms(True, warn_only=True)'. You can file an issue at https://github.com/pytorch/pytorch/issues to help us prioritize adding deterministic support for this operation. (Triggered internally at ../aten/src/ATen/Context.cpp:71.)
  dis_indices = torch.multinomial(
/data/zhangpeiru/GARQ_revision/data_utils.py:140: UserWarning: The given NumPy array is not writable, and PyTorch does not support non-writable tensors. This means writing to this tensor will result in undefined behavior. You may want to copy the array to protect its data or make it writable before converting it to a tensor. This type of warning will be suppressed for the rest of this program. (Triggered internally at ../torch/csrc/utils/tensor_numpy.cpp:206.)
  type_int = torch.from_numpy(adata.obs[args.type_key].cat.codes.values).long()
/home/zhangpeiru/.conda/envs/MetqQ2/lib/python3.11/site-packages/louvain/__init__.py:54: UserWarning: pkg_resources is deprecated as an API. See https://setuptools.pypa.io/en/latest/pkg_resources.html. The pkg_resources package is slated for removal as early as 2025-11-30. Refrain from using this package or pin to Setuptools<81.
  from pkg_resources import get_distribution, DistributionNotFound
/home/zhangpeiru/.conda/envs/MetqQ2/lib/python3.11/site-packages/anndata/utils.py:434: FutureWarning: Importing read_csv from `anndata` is deprecated. Import anndata.io.read_csv instead.
  warnings.warn(msg, FutureWarning)
/home/zhangpeiru/.conda/envs/MetqQ2/lib/python3.11/site-packages/anndata/utils.py:434: FutureWarning: Importing read_text from `anndata` is deprecated. Import anndata.io.read_text instead.
  warnings.warn(msg, FutureWarning)
/home/zhangpeiru/.conda/envs/MetqQ2/lib/python3.11/site-packages/anndata/utils.py:434: FutureWarning: Importing read_excel from `anndata` is deprecated. Import anndata.io.read_excel instead.
  warnings.warn(msg, FutureWarning)
/home/zhangpeiru/.conda/envs/MetqQ2/lib/python3.11/site-packages/anndata/utils.py:434: FutureWarning: Importing read_mtx from `anndata` is deprecated. Import anndata.io.read_mtx instead.
  warnings.warn(msg, FutureWarning)
/home/zhangpeiru/.conda/envs/MetqQ2/lib/python3.11/site-packages/anndata/utils.py:434: FutureWarning: Importing read_loom from `anndata` is deprecated. Import anndata.io.read_loom instead.
  warnings.warn(msg, FutureWarning)
/home/zhangpeiru/.conda/envs/MetqQ2/lib/python3.11/site-packages/anndata/utils.py:434: FutureWarning: Importing read_hdf from `anndata` is deprecated. Import anndata.io.read_hdf instead.
  warnings.warn(msg, FutureWarning)
/home/zhangpeiru/.conda/envs/MetqQ2/lib/python3.11/site-packages/anndata/utils.py:434: FutureWarning: Importing read_umi_tools from `anndata` is deprecated. Import anndata.io.read_umi_tools instead.
  warnings.warn(msg, FutureWarning)
WARNING: adata.X seems to be already log-transformed.
/home/zhangpeiru/.conda/envs/MetqQ2/lib/python3.11/site-packages/scanpy/preprocessing/_highly_variable_genes.py:220: FutureWarning: The default of observed=False is deprecated and will be changed to True in a future version of pandas. Pass observed=False to retain current behavior or observed=True to adopt the future default and silence this warning.
  disp_grouped = df.groupby('mean_bin')['dispersions']
/home/zhangpeiru/.conda/envs/MetqQ2/lib/python3.11/site-packages/scanpy/preprocessing/_simple.py:843: UserWarning: Received a view of an AnnData. Making a copy.
  view_to_actual(adata)
/home/zhangpeiru/.conda/envs/MetqQ2/lib/python3.11/site-packages/scanpy/preprocessing/_highly_variable_genes.py:220: FutureWarning: The default of observed=False is deprecated and will be changed to True in a future version of pandas. Pass observed=False to retain current behavior or observed=True to adopt the future default and silence this warning.
  disp_grouped = df.groupby('mean_bin')['dispersions']
/home/zhangpeiru/.conda/envs/MetqQ2/lib/python3.11/site-packages/scanpy/preprocessing/_simple.py:843: UserWarning: Received a view of an AnnData. Making a copy.
  view_to_actual(adata)
=======Loading and Preprocessing Data=======
Data of 2 omics in total
revision_results/cache/subsets/D11_11_GSE194122_rna_2000cells_seed1729_rare-NK-abundance0.02-seed814444.h5ad loaded with shape [2000, 3002]
revision_results/cache/subsets/D11_11_GSE194122_atac_2000cells_seed1729_rare-NK-abundance0.02-seed814444.h5ad loaded with shape [2000, 30000]
2026-08-29 16:00:46,522 INFO Loading faiss with AVX512 support.
2026-08-29 16:00:46,548 INFO Successfully loaded faiss with AVX512 support.
2026-08-29 16:00:46,552 INFO Failed to load GPU Faiss: name 'GpuIndexIVFFlat' is not defined. Will not load constructor refs for GPU indexes. This is only an error if you're trying to use GPU Faiss.
WARNING clustering 512 points to 40 centroids: please provide at least 1560 training points
GARQ Initialization completed.
/home/zhangpeiru/.conda/envs/MetqQ2/lib/python3.11/site-packages/torch/autograd/__init__.py:251: UserWarning: Memory Efficient attention defaults to a non-deterministic algorithm. To explicitly enable determinism call torch.use_deterministic_algorithms(True, warn_only=False). (Triggered internally at ../aten/src/ATen/native/transformers/cuda/attention_backward.cu:413.)
  Variable._execution_engine.run_backward(  # Calls into the C++ engine to run the backward pass
Epoch 1, RNA: recon_loss=0.2346 , ATAC: recon_loss=0.3845 
/data/zhangpeiru/GARQ_revision/model.py:121: UserWarning: cumsum_cuda_kernel does not have a deterministic implementation, but you set 'torch.use_deterministic_algorithms(True, warn_only=True)'. You can file an issue at https://github.com/pytorch/pytorch/issues to help us prioritize adding deterministic support for this operation. (Triggered internally at ../aten/src/ATen/Context.cpp:71.)
  dis_indices = torch.multinomial(
/data/zhangpeiru/GARQ_revision/data_utils.py:140: UserWarning: The given NumPy array is not writable, and PyTorch does not support non-writable tensors. This means writing to this tensor will result in undefined behavior. You may want to copy the array to protect its data or make it writable before converting it to a tensor. This type of warning will be suppressed for the rest of this program. (Triggered internally at ../torch/csrc/utils/tensor_numpy.cpp:206.)
  type_int = torch.from_numpy(adata.obs[args.type_key].cat.codes.values).long()
/home/zhangpeiru/.conda/envs/MetqQ2/lib/python3.11/site-packages/louvain/__init__.py:54: UserWarning: pkg_resources is deprecated as an API. See https://setuptools.pypa.io/en/latest/pkg_resources.html. The pkg_resources package is slated for removal as early as 2025-11-30. Refrain from using this package or pin to Setuptools<81.
  from pkg_resources import get_distribution, DistributionNotFound
/home/zhangpeiru/.conda/envs/MetqQ2/lib/python3.11/site-packages/anndata/utils.py:434: FutureWarning: Importing read_csv from `anndata` is deprecated. Import anndata.io.read_csv instead.
  warnings.warn(msg, FutureWarning)
/home/zhangpeiru/.conda/envs/MetqQ2/lib/python3.11/site-packages/anndata/utils.py:434: FutureWarning: Importing read_text from `anndata` is deprecated. Import anndata.io.read_text instead.
  warnings.warn(msg, FutureWarning)
/home/zhangpeiru/.conda/envs/MetqQ2/lib/python3.11/site-packages/anndata/utils.py:434: FutureWarning: Importing read_excel from `anndata` is deprecated. Import anndata.io.read_excel instead.
  warnings.warn(msg, FutureWarning)
/home/zhangpeiru/.conda/envs/MetqQ2/lib/python3.11/site-packages/anndata/utils.py:434: FutureWarning: Importing read_mtx from `anndata` is deprecated. Import anndata.io.read_mtx instead.
  warnings.warn(msg, FutureWarning)
/home/zhangpeiru/.conda/envs/MetqQ2/lib/python3.11/site-packages/anndata/utils.py:434: FutureWarning: Importing read_loom from `anndata` is deprecated. Import anndata.io.read_loom instead.
  warnings.warn(msg, FutureWarning)
/home/zhangpeiru/.conda/envs/MetqQ2/lib/python3.11/site-packages/anndata/utils.py:434: FutureWarning: Importing read_hdf from `anndata` is deprecated. Import anndata.io.read_hdf instead.
  warnings.warn(msg, FutureWarning)
/home/zhangpeiru/.conda/envs/MetqQ2/lib/python3.11/site-packages/anndata/utils.py:434: FutureWarning: Importing read_umi_tools from `anndata` is deprecated. Import anndata.io.read_umi_tools instead.
  warnings.warn(msg, FutureWarning)
WARNING: adata.X seems to be already log-transformed.
/home/zhangpeiru/.conda/envs/MetqQ2/lib/python3.11/site-packages/scanpy/preprocessing/_highly_variable_genes.py:220: FutureWarning: The default of observed=False is deprecated and will be changed to True in a future version of pandas. Pass observed=False to retain current behavior or observed=True to adopt the future default and silence this warning.
  disp_grouped = df.groupby('mean_bin')['dispersions']
/home/zhangpeiru/.conda/envs/MetqQ2/lib/python3.11/site-packages/scanpy/preprocessing/_simple.py:843: UserWarning: Received a view of an AnnData. Making a copy.
  view_to_actual(adata)
/home/zhangpeiru/.conda/envs/MetqQ2/lib/python3.11/site-packages/scanpy/preprocessing/_highly_variable_genes.py:220: FutureWarning: The default of observed=False is deprecated and will be changed to True in a future version of pandas. Pass observed=False to retain current behavior or observed=True to adopt the future default and silence this warning.
  disp_grouped = df.groupby('mean_bin')['dispersions']
/home/zhangpeiru/.conda/envs/MetqQ2/lib/python3.11/site-packages/scanpy/preprocessing/_simple.py:843: UserWarning: Received a view of an AnnData. Making a copy.
  view_to_actual(adata)
=======Loading and Preprocessing Data=======
Data of 2 omics in total
revision_results/cache/subsets/D11_11_GSE194122_rna_2000cells_seed1729_rare-NK-abundance0.02-seed845545.h5ad loaded with shape [2000, 3001]
revision_results/cache/subsets/D11_11_GSE194122_atac_2000cells_seed1729_rare-NK-abundance0.02-seed845545.h5ad loaded with shape [2000, 30000]
2026-08-29 16:01:05,521 INFO Loading faiss with AVX512 support.
2026-08-29 16:01:05,543 INFO Successfully loaded faiss with AVX512 support.
2026-08-29 16:01:05,547 INFO Failed to load GPU Faiss: name 'GpuIndexIVFFlat' is not defined. Will not load constructor refs for GPU indexes. This is only an error if you're trying to use GPU Faiss.
WARNING clustering 512 points to 40 centroids: please provide at least 1560 training points
GARQ Initialization completed.
/home/zhangpeiru/.conda/envs/MetqQ2/lib/python3.11/site-packages/torch/autograd/__init__.py:251: UserWarning: Memory Efficient attention defaults to a non-deterministic algorithm. To explicitly enable determinism call torch.use_deterministic_algorithms(True, warn_only=False). (Triggered internally at ../aten/src/ATen/native/transformers/cuda/attention_backward.cu:413.)
  Variable._execution_engine.run_backward(  # Calls into the C++ engine to run the backward pass
Epoch 1, RNA: recon_loss=0.2367 , ATAC: recon_loss=0.3671 
/data/zhangpeiru/GARQ_revision/model.py:121: UserWarning: cumsum_cuda_kernel does not have a deterministic implementation, but you set 'torch.use_deterministic_algorithms(True, warn_only=True)'. You can file an issue at https://github.com/pytorch/pytorch/issues to help us prioritize adding deterministic support for this operation. (Triggered internally at ../aten/src/ATen/Context.cpp:71.)
  dis_indices = torch.multinomial(
/data/zhangpeiru/GARQ_revision/data_utils.py:140: UserWarning: The given NumPy array is not writable, and PyTorch does not support non-writable tensors. This means writing to this tensor will result in undefined behavior. You may want to copy the array to protect its data or make it writable before converting it to a tensor. This type of warning will be suppressed for the rest of this program. (Triggered internally at ../torch/csrc/utils/tensor_numpy.cpp:206.)
  type_int = torch.from_numpy(adata.obs[args.type_key].cat.codes.values).long()
/home/zhangpeiru/.conda/envs/MetqQ2/lib/python3.11/site-packages/louvain/__init__.py:54: UserWarning: pkg_resources is deprecated as an API. See https://setuptools.pypa.io/en/latest/pkg_resources.html. The pkg_resources package is slated for removal as early as 2025-11-30. Refrain from using this package or pin to Setuptools<81.
  from pkg_resources import get_distribution, DistributionNotFound
/home/zhangpeiru/.conda/envs/MetqQ2/lib/python3.11/site-packages/anndata/utils.py:434: FutureWarning: Importing read_csv from `anndata` is deprecated. Import anndata.io.read_csv instead.
  warnings.warn(msg, FutureWarning)
/home/zhangpeiru/.conda/envs/MetqQ2/lib/python3.11/site-packages/anndata/utils.py:434: FutureWarning: Importing read_text from `anndata` is deprecated. Import anndata.io.read_text instead.
  warnings.warn(msg, FutureWarning)
/home/zhangpeiru/.conda/envs/MetqQ2/lib/python3.11/site-packages/anndata/utils.py:434: FutureWarning: Importing read_excel from `anndata` is deprecated. Import anndata.io.read_excel instead.
  warnings.warn(msg, FutureWarning)
/home/zhangpeiru/.conda/envs/MetqQ2/lib/python3.11/site-packages/anndata/utils.py:434: FutureWarning: Importing read_mtx from `anndata` is deprecated. Import anndata.io.read_mtx instead.
  warnings.warn(msg, FutureWarning)
/home/zhangpeiru/.conda/envs/MetqQ2/lib/python3.11/site-packages/anndata/utils.py:434: FutureWarning: Importing read_loom from `anndata` is deprecated. Import anndata.io.read_loom instead.
  warnings.warn(msg, FutureWarning)
/home/zhangpeiru/.conda/envs/MetqQ2/lib/python3.11/site-packages/anndata/utils.py:434: FutureWarning: Importing read_hdf from `anndata` is deprecated. Import anndata.io.read_hdf instead.
  warnings.warn(msg, FutureWarning)
/home/zhangpeiru/.conda/envs/MetqQ2/lib/python3.11/site-packages/anndata/utils.py:434: FutureWarning: Importing read_umi_tools from `anndata` is deprecated. Import anndata.io.read_umi_tools instead.
  warnings.warn(msg, FutureWarning)
WARNING: adata.X seems to be already log-transformed.
/home/zhangpeiru/.conda/envs/MetqQ2/lib/python3.11/site-packages/scanpy/preprocessing/_highly_variable_genes.py:220: FutureWarning: The default of observed=False is deprecated and will be changed to True in a future version of pandas. Pass observed=False to retain current behavior or observed=True to adopt the future default and silence this warning.
  disp_grouped = df.groupby('mean_bin')['dispersions']
/home/zhangpeiru/.conda/envs/MetqQ2/lib/python3.11/site-packages/scanpy/preprocessing/_simple.py:843: UserWarning: Received a view of an AnnData. Making a copy.
  view_to_actual(adata)
/home/zhangpeiru/.conda/envs/MetqQ2/lib/python3.11/site-packages/scanpy/preprocessing/_highly_variable_genes.py:220: FutureWarning: The default of observed=False is deprecated and will be changed to True in a future version of pandas. Pass observed=False to retain current behavior or observed=True to adopt the future default and silence this warning.
  disp_grouped = df.groupby('mean_bin')['dispersions']
/home/zhangpeiru/.conda/envs/MetqQ2/lib/python3.11/site-packages/scanpy/preprocessing/_simple.py:843: UserWarning: Received a view of an AnnData. Making a copy.
  view_to_actual(adata)
=======Loading and Preprocessing Data=======
Data of 2 omics in total
revision_results/cache/subsets/D11_11_GSE194122_rna_2000cells_seed1729_rare-Plasma-cell-abundance0.001-seed44938.h5ad loaded with shape [2000, 3004]
revision_results/cache/subsets/D11_11_GSE194122_atac_2000cells_seed1729_rare-Plasma-cell-abundance0.001-seed44938.h5ad loaded with shape [2000, 30000]
2026-08-29 16:01:25,371 INFO Loading faiss with AVX512 support.
2026-08-29 16:01:25,394 INFO Successfully loaded faiss with AVX512 support.
2026-08-29 16:01:25,398 INFO Failed to load GPU Faiss: name 'GpuIndexIVFFlat' is not defined. Will not load constructor refs for GPU indexes. This is only an error if you're trying to use GPU Faiss.
WARNING clustering 512 points to 40 centroids: please provide at least 1560 training points
GARQ Initialization completed.
/home/zhangpeiru/.conda/envs/MetqQ2/lib/python3.11/site-packages/torch/autograd/__init__.py:251: UserWarning: Memory Efficient attention defaults to a non-deterministic algorithm. To explicitly enable determinism call torch.use_deterministic_algorithms(True, warn_only=False). (Triggered internally at ../aten/src/ATen/native/transformers/cuda/attention_backward.cu:413.)
  Variable._execution_engine.run_backward(  # Calls into the C++ engine to run the backward pass
Epoch 1, RNA: recon_loss=0.2302 , ATAC: recon_loss=0.3752 
/data/zhangpeiru/GARQ_revision/model.py:121: UserWarning: cumsum_cuda_kernel does not have a deterministic implementation, but you set 'torch.use_deterministic_algorithms(True, warn_only=True)'. You can file an issue at https://github.com/pytorch/pytorch/issues to help us prioritize adding deterministic support for this operation. (Triggered internally at ../aten/src/ATen/Context.cpp:71.)
  dis_indices = torch.multinomial(
/data/zhangpeiru/GARQ_revision/data_utils.py:131: RuntimeWarning: Mean of empty slice.
  [data[meta_ids == i].mean(axis=0) for i in range(meta_ids.max() + 1)]
/home/zhangpeiru/.conda/envs/MetqQ2/lib/python3.11/site-packages/numpy/core/_methods.py:121: RuntimeWarning: invalid value encountered in divide
  ret = um.true_divide(
/data/zhangpeiru/GARQ_revision/data_utils.py:140: UserWarning: The given NumPy array is not writable, and PyTorch does not support non-writable tensors. This means writing to this tensor will result in undefined behavior. You may want to copy the array to protect its data or make it writable before converting it to a tensor. This type of warning will be suppressed for the rest of this program. (Triggered internally at ../torch/csrc/utils/tensor_numpy.cpp:206.)
  type_int = torch.from_numpy(adata.obs[args.type_key].cat.codes.values).long()
/data/zhangpeiru/GARQ_revision/data_utils.py:131: RuntimeWarning: Mean of empty slice.
  [data[meta_ids == i].mean(axis=0) for i in range(meta_ids.max() + 1)]
/home/zhangpeiru/.conda/envs/MetqQ2/lib/python3.11/site-packages/numpy/core/_methods.py:121: RuntimeWarning: invalid value encountered in divide
  ret = um.true_divide(
/home/zhangpeiru/.conda/envs/MetqQ2/lib/python3.11/site-packages/louvain/__init__.py:54: UserWarning: pkg_resources is deprecated as an API. See https://setuptools.pypa.io/en/latest/pkg_resources.html. The pkg_resources package is slated for removal as early as 2025-11-30. Refrain from using this package or pin to Setuptools<81.
  from pkg_resources import get_distribution, DistributionNotFound
/home/zhangpeiru/.conda/envs/MetqQ2/lib/python3.11/site-packages/anndata/utils.py:434: FutureWarning: Importing read_csv from `anndata` is deprecated. Import anndata.io.read_csv instead.
  warnings.warn(msg, FutureWarning)
/home/zhangpeiru/.conda/envs/MetqQ2/lib/python3.11/site-packages/anndata/utils.py:434: FutureWarning: Importing read_text from `anndata` is deprecated. Import anndata.io.read_text instead.
  warnings.warn(msg, FutureWarning)
/home/zhangpeiru/.conda/envs/MetqQ2/lib/python3.11/site-packages/anndata/utils.py:434: FutureWarning: Importing read_excel from `anndata` is deprecated. Import anndata.io.read_excel instead.
  warnings.warn(msg, FutureWarning)
/home/zhangpeiru/.conda/envs/MetqQ2/lib/python3.11/site-packages/anndata/utils.py:434: FutureWarning: Importing read_mtx from `anndata` is deprecated. Import anndata.io.read_mtx instead.
  warnings.warn(msg, FutureWarning)
/home/zhangpeiru/.conda/envs/MetqQ2/lib/python3.11/site-packages/anndata/utils.py:434: FutureWarning: Importing read_loom from `anndata` is deprecated. Import anndata.io.read_loom instead.
  warnings.warn(msg, FutureWarning)
/home/zhangpeiru/.conda/envs/MetqQ2/lib/python3.11/site-packages/anndata/utils.py:434: FutureWarning: Importing read_hdf from `anndata` is deprecated. Import anndata.io.read_hdf instead.
  warnings.warn(msg, FutureWarning)
/home/zhangpeiru/.conda/envs/MetqQ2/lib/python3.11/site-packages/anndata/utils.py:434: FutureWarning: Importing read_umi_tools from `anndata` is deprecated. Import anndata.io.read_umi_tools instead.
  warnings.warn(msg, FutureWarning)
WARNING: adata.X seems to be already log-transformed.
/home/zhangpeiru/.conda/envs/MetqQ2/lib/python3.11/site-packages/scanpy/preprocessing/_highly_variable_genes.py:220: FutureWarning: The default of observed=False is deprecated and will be changed to True in a future version of pandas. Pass observed=False to retain current behavior or observed=True to adopt the future default and silence this warning.
  disp_grouped = df.groupby('mean_bin')['dispersions']
/home/zhangpeiru/.conda/envs/MetqQ2/lib/python3.11/site-packages/scanpy/preprocessing/_simple.py:843: UserWarning: Received a view of an AnnData. Making a copy.
  view_to_actual(adata)
/home/zhangpeiru/.conda/envs/MetqQ2/lib/python3.11/site-packages/scanpy/preprocessing/_highly_variable_genes.py:220: FutureWarning: The default of observed=False is deprecated and will be changed to True in a future version of pandas. Pass observed=False to retain current behavior or observed=True to adopt the future default and silence this warning.
  disp_grouped = df.groupby('mean_bin')['dispersions']
/home/zhangpeiru/.conda/envs/MetqQ2/lib/python3.11/site-packages/scanpy/preprocessing/_simple.py:843: UserWarning: Received a view of an AnnData. Making a copy.
  view_to_actual(adata)
=======Loading and Preprocessing Data=======
Data of 2 omics in total
revision_results/cache/subsets/D11_11_GSE194122_rna_2000cells_seed1729_rare-Plasma-cell-abundance0.001-seed313269.h5ad loaded with shape [2000, 3003]
revision_results/cache/subsets/D11_11_GSE194122_atac_2000cells_seed1729_rare-Plasma-cell-abundance0.001-seed313269.h5ad loaded with shape [2000, 30000]
2026-08-29 16:01:43,748 INFO Loading faiss with AVX512 support.
2026-08-29 16:01:43,769 INFO Successfully loaded faiss with AVX512 support.
2026-08-29 16:01:43,773 INFO Failed to load GPU Faiss: name 'GpuIndexIVFFlat' is not defined. Will not load constructor refs for GPU indexes. This is only an error if you're trying to use GPU Faiss.
WARNING clustering 512 points to 40 centroids: please provide at least 1560 training points
GARQ Initialization completed.
/home/zhangpeiru/.conda/envs/MetqQ2/lib/python3.11/site-packages/torch/autograd/__init__.py:251: UserWarning: Memory Efficient attention defaults to a non-deterministic algorithm. To explicitly enable determinism call torch.use_deterministic_algorithms(True, warn_only=False). (Triggered internally at ../aten/src/ATen/native/transformers/cuda/attention_backward.cu:413.)
  Variable._execution_engine.run_backward(  # Calls into the C++ engine to run the backward pass
Epoch 1, RNA: recon_loss=0.2354 , ATAC: recon_loss=0.3752 
/data/zhangpeiru/GARQ_revision/model.py:121: UserWarning: cumsum_cuda_kernel does not have a deterministic implementation, but you set 'torch.use_deterministic_algorithms(True, warn_only=True)'. You can file an issue at https://github.com/pytorch/pytorch/issues to help us prioritize adding deterministic support for this operation. (Triggered internally at ../aten/src/ATen/Context.cpp:71.)
  dis_indices = torch.multinomial(
/data/zhangpeiru/GARQ_revision/data_utils.py:131: RuntimeWarning: Mean of empty slice.
  [data[meta_ids == i].mean(axis=0) for i in range(meta_ids.max() + 1)]
/home/zhangpeiru/.conda/envs/MetqQ2/lib/python3.11/site-packages/numpy/core/_methods.py:121: RuntimeWarning: invalid value encountered in divide
  ret = um.true_divide(
/data/zhangpeiru/GARQ_revision/data_utils.py:140: UserWarning: The given NumPy array is not writable, and PyTorch does not support non-writable tensors. This means writing to this tensor will result in undefined behavior. You may want to copy the array to protect its data or make it writable before converting it to a tensor. This type of warning will be suppressed for the rest of this program. (Triggered internally at ../torch/csrc/utils/tensor_numpy.cpp:206.)
  type_int = torch.from_numpy(adata.obs[args.type_key].cat.codes.values).long()
/data/zhangpeiru/GARQ_revision/data_utils.py:131: RuntimeWarning: Mean of empty slice.
  [data[meta_ids == i].mean(axis=0) for i in range(meta_ids.max() + 1)]
/home/zhangpeiru/.conda/envs/MetqQ2/lib/python3.11/site-packages/numpy/core/_methods.py:121: RuntimeWarning: invalid value encountered in divide
  ret = um.true_divide(
/home/zhangpeiru/.conda/envs/MetqQ2/lib/python3.11/site-packages/louvain/__init__.py:54: UserWarning: pkg_resources is deprecated as an API. See https://setuptools.pypa.io/en/latest/pkg_resources.html. The pkg_resources package is slated for removal as early as 2025-11-30. Refrain from using this package or pin to Setuptools<81.
  from pkg_resources import get_distribution, DistributionNotFound
/home/zhangpeiru/.conda/envs/MetqQ2/lib/python3.11/site-packages/anndata/utils.py:434: FutureWarning: Importing read_csv from `anndata` is deprecated. Import anndata.io.read_csv instead.
  warnings.warn(msg, FutureWarning)
/home/zhangpeiru/.conda/envs/MetqQ2/lib/python3.11/site-packages/anndata/utils.py:434: FutureWarning: Importing read_text from `anndata` is deprecated. Import anndata.io.read_text instead.
  warnings.warn(msg, FutureWarning)
/home/zhangpeiru/.conda/envs/MetqQ2/lib/python3.11/site-packages/anndata/utils.py:434: FutureWarning: Importing read_excel from `anndata` is deprecated. Import anndata.io.read_excel instead.
  warnings.warn(msg, FutureWarning)
/home/zhangpeiru/.conda/envs/MetqQ2/lib/python3.11/site-packages/anndata/utils.py:434: FutureWarning: Importing read_mtx from `anndata` is deprecated. Import anndata.io.read_mtx instead.
  warnings.warn(msg, FutureWarning)
/home/zhangpeiru/.conda/envs/MetqQ2/lib/python3.11/site-packages/anndata/utils.py:434: FutureWarning: Importing read_loom from `anndata` is deprecated. Import anndata.io.read_loom instead.
  warnings.warn(msg, FutureWarning)
/home/zhangpeiru/.conda/envs/MetqQ2/lib/python3.11/site-packages/anndata/utils.py:434: FutureWarning: Importing read_hdf from `anndata` is deprecated. Import anndata.io.read_hdf instead.
  warnings.warn(msg, FutureWarning)
/home/zhangpeiru/.conda/envs/MetqQ2/lib/python3.11/site-packages/anndata/utils.py:434: FutureWarning: Importing read_umi_tools from `anndata` is deprecated. Import anndata.io.read_umi_tools instead.
  warnings.warn(msg, FutureWarning)
WARNING: adata.X seems to be already log-transformed.
/home/zhangpeiru/.conda/envs/MetqQ2/lib/python3.11/site-packages/scanpy/preprocessing/_highly_variable_genes.py:220: FutureWarning: The default of observed=False is deprecated and will be changed to True in a future version of pandas. Pass observed=False to retain current behavior or observed=True to adopt the future default and silence this warning.
  disp_grouped = df.groupby('mean_bin')['dispersions']
/home/zhangpeiru/.conda/envs/MetqQ2/lib/python3.11/site-packages/scanpy/preprocessing/_simple.py:843: UserWarning: Received a view of an AnnData. Making a copy.
  view_to_actual(adata)
/home/zhangpeiru/.conda/envs/MetqQ2/lib/python3.11/site-packages/scanpy/preprocessing/_highly_variable_genes.py:220: FutureWarning: The default of observed=False is deprecated and will be changed to True in a future version of pandas. Pass observed=False to retain current behavior or observed=True to adopt the future default and silence this warning.
  disp_grouped = df.groupby('mean_bin')['dispersions']
/home/zhangpeiru/.conda/envs/MetqQ2/lib/python3.11/site-packages/scanpy/preprocessing/_simple.py:843: UserWarning: Received a view of an AnnData. Making a copy.
  view_to_actual(adata)
=======Loading and Preprocessing Data=======
Data of 2 omics in total
revision_results/cache/subsets/D11_11_GSE194122_rna_2000cells_seed1729_rare-Plasma-cell-abundance0.001-seed634161.h5ad loaded with shape [2000, 3006]
revision_results/cache/subsets/D11_11_GSE194122_atac_2000cells_seed1729_rare-Plasma-cell-abundance0.001-seed634161.h5ad loaded with shape [2000, 30000]
2026-08-29 16:02:02,392 INFO Loading faiss with AVX512 support.
2026-08-29 16:02:02,418 INFO Successfully loaded faiss with AVX512 support.
2026-08-29 16:02:02,422 INFO Failed to load GPU Faiss: name 'GpuIndexIVFFlat' is not defined. Will not load constructor refs for GPU indexes. This is only an error if you're trying to use GPU Faiss.
WARNING clustering 512 points to 40 centroids: please provide at least 1560 training points
GARQ Initialization completed.
/home/zhangpeiru/.conda/envs/MetqQ2/lib/python3.11/site-packages/torch/autograd/__init__.py:251: UserWarning: Memory Efficient attention defaults to a non-deterministic algorithm. To explicitly enable determinism call torch.use_deterministic_algorithms(True, warn_only=False). (Triggered internally at ../aten/src/ATen/native/transformers/cuda/attention_backward.cu:413.)
  Variable._execution_engine.run_backward(  # Calls into the C++ engine to run the backward pass
Epoch 1, RNA: recon_loss=0.2341 , ATAC: recon_loss=0.3754 
/data/zhangpeiru/GARQ_revision/model.py:121: UserWarning: cumsum_cuda_kernel does not have a deterministic implementation, but you set 'torch.use_deterministic_algorithms(True, warn_only=True)'. You can file an issue at https://github.com/pytorch/pytorch/issues to help us prioritize adding deterministic support for this operation. (Triggered internally at ../aten/src/ATen/Context.cpp:71.)
  dis_indices = torch.multinomial(
/data/zhangpeiru/GARQ_revision/data_utils.py:140: UserWarning: The given NumPy array is not writable, and PyTorch does not support non-writable tensors. This means writing to this tensor will result in undefined behavior. You may want to copy the array to protect its data or make it writable before converting it to a tensor. This type of warning will be suppressed for the rest of this program. (Triggered internally at ../torch/csrc/utils/tensor_numpy.cpp:206.)
  type_int = torch.from_numpy(adata.obs[args.type_key].cat.codes.values).long()
/home/zhangpeiru/.conda/envs/MetqQ2/lib/python3.11/site-packages/louvain/__init__.py:54: UserWarning: pkg_resources is deprecated as an API. See https://setuptools.pypa.io/en/latest/pkg_resources.html. The pkg_resources package is slated for removal as early as 2025-11-30. Refrain from using this package or pin to Setuptools<81.
  from pkg_resources import get_distribution, DistributionNotFound
/home/zhangpeiru/.conda/envs/MetqQ2/lib/python3.11/site-packages/anndata/utils.py:434: FutureWarning: Importing read_csv from `anndata` is deprecated. Import anndata.io.read_csv instead.
  warnings.warn(msg, FutureWarning)
/home/zhangpeiru/.conda/envs/MetqQ2/lib/python3.11/site-packages/anndata/utils.py:434: FutureWarning: Importing read_text from `anndata` is deprecated. Import anndata.io.read_text instead.
  warnings.warn(msg, FutureWarning)
/home/zhangpeiru/.conda/envs/MetqQ2/lib/python3.11/site-packages/anndata/utils.py:434: FutureWarning: Importing read_excel from `anndata` is deprecated. Import anndata.io.read_excel instead.
  warnings.warn(msg, FutureWarning)
/home/zhangpeiru/.conda/envs/MetqQ2/lib/python3.11/site-packages/anndata/utils.py:434: FutureWarning: Importing read_mtx from `anndata` is deprecated. Import anndata.io.read_mtx instead.
  warnings.warn(msg, FutureWarning)
/home/zhangpeiru/.conda/envs/MetqQ2/lib/python3.11/site-packages/anndata/utils.py:434: FutureWarning: Importing read_loom from `anndata` is deprecated. Import anndata.io.read_loom instead.
  warnings.warn(msg, FutureWarning)
/home/zhangpeiru/.conda/envs/MetqQ2/lib/python3.11/site-packages/anndata/utils.py:434: FutureWarning: Importing read_hdf from `anndata` is deprecated. Import anndata.io.read_hdf instead.
  warnings.warn(msg, FutureWarning)
/home/zhangpeiru/.conda/envs/MetqQ2/lib/python3.11/site-packages/anndata/utils.py:434: FutureWarning: Importing read_umi_tools from `anndata` is deprecated. Import anndata.io.read_umi_tools instead.
  warnings.warn(msg, FutureWarning)
WARNING: adata.X seems to be already log-transformed.
/home/zhangpeiru/.conda/envs/MetqQ2/lib/python3.11/site-packages/scanpy/preprocessing/_highly_variable_genes.py:220: FutureWarning: The default of observed=False is deprecated and will be changed to True in a future version of pandas. Pass observed=False to retain current behavior or observed=True to adopt the future default and silence this warning.
  disp_grouped = df.groupby('mean_bin')['dispersions']
/home/zhangpeiru/.conda/envs/MetqQ2/lib/python3.11/site-packages/scanpy/preprocessing/_simple.py:843: UserWarning: Received a view of an AnnData. Making a copy.
  view_to_actual(adata)
/home/zhangpeiru/.conda/envs/MetqQ2/lib/python3.11/site-packages/scanpy/preprocessing/_highly_variable_genes.py:220: FutureWarning: The default of observed=False is deprecated and will be changed to True in a future version of pandas. Pass observed=False to retain current behavior or observed=True to adopt the future default and silence this warning.
  disp_grouped = df.groupby('mean_bin')['dispersions']
/home/zhangpeiru/.conda/envs/MetqQ2/lib/python3.11/site-packages/scanpy/preprocessing/_simple.py:843: UserWarning: Received a view of an AnnData. Making a copy.
  view_to_actual(adata)
=======Loading and Preprocessing Data=======
Data of 2 omics in total
revision_results/cache/subsets/D11_11_GSE194122_rna_2000cells_seed1729_rare-Plasma-cell-abundance0.001-seed64004.h5ad loaded with shape [2000, 3003]
revision_results/cache/subsets/D11_11_GSE194122_atac_2000cells_seed1729_rare-Plasma-cell-abundance0.001-seed64004.h5ad loaded with shape [2000, 30000]
2026-08-29 16:02:20,313 INFO Loading faiss with AVX512 support.
2026-08-29 16:02:20,340 INFO Successfully loaded faiss with AVX512 support.
2026-08-29 16:02:20,348 INFO Failed to load GPU Faiss: name 'GpuIndexIVFFlat' is not defined. Will not load constructor refs for GPU indexes. This is only an error if you're trying to use GPU Faiss.
WARNING clustering 512 points to 40 centroids: please provide at least 1560 training points
GARQ Initialization completed.
/home/zhangpeiru/.conda/envs/MetqQ2/lib/python3.11/site-packages/torch/autograd/__init__.py:251: UserWarning: Memory Efficient attention defaults to a non-deterministic algorithm. To explicitly enable determinism call torch.use_deterministic_algorithms(True, warn_only=False). (Triggered internally at ../aten/src/ATen/native/transformers/cuda/attention_backward.cu:413.)
  Variable._execution_engine.run_backward(  # Calls into the C++ engine to run the backward pass
Epoch 1, RNA: recon_loss=0.2372 , ATAC: recon_loss=0.3854 
/data/zhangpeiru/GARQ_revision/model.py:121: UserWarning: cumsum_cuda_kernel does not have a deterministic implementation, but you set 'torch.use_deterministic_algorithms(True, warn_only=True)'. You can file an issue at https://github.com/pytorch/pytorch/issues to help us prioritize adding deterministic support for this operation. (Triggered internally at ../aten/src/ATen/Context.cpp:71.)
  dis_indices = torch.multinomial(
/data/zhangpeiru/GARQ_revision/data_utils.py:140: UserWarning: The given NumPy array is not writable, and PyTorch does not support non-writable tensors. This means writing to this tensor will result in undefined behavior. You may want to copy the array to protect its data or make it writable before converting it to a tensor. This type of warning will be suppressed for the rest of this program. (Triggered internally at ../torch/csrc/utils/tensor_numpy.cpp:206.)
  type_int = torch.from_numpy(adata.obs[args.type_key].cat.codes.values).long()
/home/zhangpeiru/.conda/envs/MetqQ2/lib/python3.11/site-packages/louvain/__init__.py:54: UserWarning: pkg_resources is deprecated as an API. See https://setuptools.pypa.io/en/latest/pkg_resources.html. The pkg_resources package is slated for removal as early as 2025-11-30. Refrain from using this package or pin to Setuptools<81.
  from pkg_resources import get_distribution, DistributionNotFound
/home/zhangpeiru/.conda/envs/MetqQ2/lib/python3.11/site-packages/anndata/utils.py:434: FutureWarning: Importing read_csv from `anndata` is deprecated. Import anndata.io.read_csv instead.
  warnings.warn(msg, FutureWarning)
/home/zhangpeiru/.conda/envs/MetqQ2/lib/python3.11/site-packages/anndata/utils.py:434: FutureWarning: Importing read_text from `anndata` is deprecated. Import anndata.io.read_text instead.
  warnings.warn(msg, FutureWarning)
/home/zhangpeiru/.conda/envs/MetqQ2/lib/python3.11/site-packages/anndata/utils.py:434: FutureWarning: Importing read_excel from `anndata` is deprecated. Import anndata.io.read_excel instead.
  warnings.warn(msg, FutureWarning)
/home/zhangpeiru/.conda/envs/MetqQ2/lib/python3.11/site-packages/anndata/utils.py:434: FutureWarning: Importing read_mtx from `anndata` is deprecated. Import anndata.io.read_mtx instead.
  warnings.warn(msg, FutureWarning)
/home/zhangpeiru/.conda/envs/MetqQ2/lib/python3.11/site-packages/anndata/utils.py:434: FutureWarning: Importing read_loom from `anndata` is deprecated. Import anndata.io.read_loom instead.
  warnings.warn(msg, FutureWarning)
/home/zhangpeiru/.conda/envs/MetqQ2/lib/python3.11/site-packages/anndata/utils.py:434: FutureWarning: Importing read_hdf from `anndata` is deprecated. Import anndata.io.read_hdf instead.
  warnings.warn(msg, FutureWarning)
/home/zhangpeiru/.conda/envs/MetqQ2/lib/python3.11/site-packages/anndata/utils.py:434: FutureWarning: Importing read_umi_tools from `anndata` is deprecated. Import anndata.io.read_umi_tools instead.
  warnings.warn(msg, FutureWarning)
WARNING: adata.X seems to be already log-transformed.
/home/zhangpeiru/.conda/envs/MetqQ2/lib/python3.11/site-packages/scanpy/preprocessing/_highly_variable_genes.py:220: FutureWarning: The default of observed=False is deprecated and will be changed to True in a future version of pandas. Pass observed=False to retain current behavior or observed=True to adopt the future default and silence this warning.
  disp_grouped = df.groupby('mean_bin')['dispersions']
/home/zhangpeiru/.conda/envs/MetqQ2/lib/python3.11/site-packages/scanpy/preprocessing/_simple.py:843: UserWarning: Received a view of an AnnData. Making a copy.
  view_to_actual(adata)
/home/zhangpeiru/.conda/envs/MetqQ2/lib/python3.11/site-packages/scanpy/preprocessing/_highly_variable_genes.py:220: FutureWarning: The default of observed=False is deprecated and will be changed to True in a future version of pandas. Pass observed=False to retain current behavior or observed=True to adopt the future default and silence this warning.
  disp_grouped = df.groupby('mean_bin')['dispersions']
/home/zhangpeiru/.conda/envs/MetqQ2/lib/python3.11/site-packages/scanpy/preprocessing/_simple.py:843: UserWarning: Received a view of an AnnData. Making a copy.
  view_to_actual(adata)
=======Loading and Preprocessing Data=======
Data of 2 omics in total
revision_results/cache/subsets/D11_11_GSE194122_rna_2000cells_seed1729_rare-Plasma-cell-abundance0.001-seed339838.h5ad loaded with shape [2000, 3002]
revision_results/cache/subsets/D11_11_GSE194122_atac_2000cells_seed1729_rare-Plasma-cell-abundance0.001-seed339838.h5ad loaded with shape [2000, 30000]
2026-08-29 16:02:38,611 INFO Loading faiss with AVX512 support.
2026-08-29 16:02:38,632 INFO Successfully loaded faiss with AVX512 support.
2026-08-29 16:02:38,634 INFO Failed to load GPU Faiss: name 'GpuIndexIVFFlat' is not defined. Will not load constructor refs for GPU indexes. This is only an error if you're trying to use GPU Faiss.
WARNING clustering 512 points to 40 centroids: please provide at least 1560 training points
GARQ Initialization completed.
/home/zhangpeiru/.conda/envs/MetqQ2/lib/python3.11/site-packages/torch/autograd/__init__.py:251: UserWarning: Memory Efficient attention defaults to a non-deterministic algorithm. To explicitly enable determinism call torch.use_deterministic_algorithms(True, warn_only=False). (Triggered internally at ../aten/src/ATen/native/transformers/cuda/attention_backward.cu:413.)
  Variable._execution_engine.run_backward(  # Calls into the C++ engine to run the backward pass
Epoch 1, RNA: recon_loss=0.2353 , ATAC: recon_loss=0.3678 
/data/zhangpeiru/GARQ_revision/model.py:121: UserWarning: cumsum_cuda_kernel does not have a deterministic implementation, but you set 'torch.use_deterministic_algorithms(True, warn_only=True)'. You can file an issue at https://github.com/pytorch/pytorch/issues to help us prioritize adding deterministic support for this operation. (Triggered internally at ../aten/src/ATen/Context.cpp:71.)
  dis_indices = torch.multinomial(
/data/zhangpeiru/GARQ_revision/data_utils.py:140: UserWarning: The given NumPy array is not writable, and PyTorch does not support non-writable tensors. This means writing to this tensor will result in undefined behavior. You may want to copy the array to protect its data or make it writable before converting it to a tensor. This type of warning will be suppressed for the rest of this program. (Triggered internally at ../torch/csrc/utils/tensor_numpy.cpp:206.)
  type_int = torch.from_numpy(adata.obs[args.type_key].cat.codes.values).long()
/home/zhangpeiru/.conda/envs/MetqQ2/lib/python3.11/site-packages/louvain/__init__.py:54: UserWarning: pkg_resources is deprecated as an API. See https://setuptools.pypa.io/en/latest/pkg_resources.html. The pkg_resources package is slated for removal as early as 2025-11-30. Refrain from using this package or pin to Setuptools<81.
  from pkg_resources import get_distribution, DistributionNotFound
/home/zhangpeiru/.conda/envs/MetqQ2/lib/python3.11/site-packages/anndata/utils.py:434: FutureWarning: Importing read_csv from `anndata` is deprecated. Import anndata.io.read_csv instead.
  warnings.warn(msg, FutureWarning)
/home/zhangpeiru/.conda/envs/MetqQ2/lib/python3.11/site-packages/anndata/utils.py:434: FutureWarning: Importing read_text from `anndata` is deprecated. Import anndata.io.read_text instead.
  warnings.warn(msg, FutureWarning)
/home/zhangpeiru/.conda/envs/MetqQ2/lib/python3.11/site-packages/anndata/utils.py:434: FutureWarning: Importing read_excel from `anndata` is deprecated. Import anndata.io.read_excel instead.
  warnings.warn(msg, FutureWarning)
/home/zhangpeiru/.conda/envs/MetqQ2/lib/python3.11/site-packages/anndata/utils.py:434: FutureWarning: Importing read_mtx from `anndata` is deprecated. Import anndata.io.read_mtx instead.
  warnings.warn(msg, FutureWarning)
/home/zhangpeiru/.conda/envs/MetqQ2/lib/python3.11/site-packages/anndata/utils.py:434: FutureWarning: Importing read_loom from `anndata` is deprecated. Import anndata.io.read_loom instead.
  warnings.warn(msg, FutureWarning)
/home/zhangpeiru/.conda/envs/MetqQ2/lib/python3.11/site-packages/anndata/utils.py:434: FutureWarning: Importing read_hdf from `anndata` is deprecated. Import anndata.io.read_hdf instead.
  warnings.warn(msg, FutureWarning)
/home/zhangpeiru/.conda/envs/MetqQ2/lib/python3.11/site-packages/anndata/utils.py:434: FutureWarning: Importing read_umi_tools from `anndata` is deprecated. Import anndata.io.read_umi_tools instead.
  warnings.warn(msg, FutureWarning)
WARNING: adata.X seems to be already log-transformed.
/home/zhangpeiru/.conda/envs/MetqQ2/lib/python3.11/site-packages/scanpy/preprocessing/_highly_variable_genes.py:220: FutureWarning: The default of observed=False is deprecated and will be changed to True in a future version of pandas. Pass observed=False to retain current behavior or observed=True to adopt the future default and silence this warning.
  disp_grouped = df.groupby('mean_bin')['dispersions']
/home/zhangpeiru/.conda/envs/MetqQ2/lib/python3.11/site-packages/scanpy/preprocessing/_simple.py:843: UserWarning: Received a view of an AnnData. Making a copy.
  view_to_actual(adata)
/home/zhangpeiru/.conda/envs/MetqQ2/lib/python3.11/site-packages/scanpy/preprocessing/_highly_variable_genes.py:220: FutureWarning: The default of observed=False is deprecated and will be changed to True in a future version of pandas. Pass observed=False to retain current behavior or observed=True to adopt the future default and silence this warning.
  disp_grouped = df.groupby('mean_bin')['dispersions']
/home/zhangpeiru/.conda/envs/MetqQ2/lib/python3.11/site-packages/scanpy/preprocessing/_simple.py:843: UserWarning: Received a view of an AnnData. Making a copy.
  view_to_actual(adata)
=======Loading and Preprocessing Data=======
Data of 2 omics in total
revision_results/cache/subsets/D11_11_GSE194122_rna_2000cells_seed1729_rare-Plasma-cell-abundance0.002-seed872968.h5ad loaded with shape [2000, 3003]
revision_results/cache/subsets/D11_11_GSE194122_atac_2000cells_seed1729_rare-Plasma-cell-abundance0.002-seed872968.h5ad loaded with shape [2000, 30000]
2026-08-29 16:02:57,060 INFO Loading faiss with AVX512 support.
2026-08-29 16:02:57,084 INFO Successfully loaded faiss with AVX512 support.
2026-08-29 16:02:57,089 INFO Failed to load GPU Faiss: name 'GpuIndexIVFFlat' is not defined. Will not load constructor refs for GPU indexes. This is only an error if you're trying to use GPU Faiss.
WARNING clustering 512 points to 40 centroids: please provide at least 1560 training points
GARQ Initialization completed.
/home/zhangpeiru/.conda/envs/MetqQ2/lib/python3.11/site-packages/torch/autograd/__init__.py:251: UserWarning: Memory Efficient attention defaults to a non-deterministic algorithm. To explicitly enable determinism call torch.use_deterministic_algorithms(True, warn_only=False). (Triggered internally at ../aten/src/ATen/native/transformers/cuda/attention_backward.cu:413.)
  Variable._execution_engine.run_backward(  # Calls into the C++ engine to run the backward pass
Epoch 1, RNA: recon_loss=0.2320 , ATAC: recon_loss=0.3787 
/data/zhangpeiru/GARQ_revision/model.py:121: UserWarning: cumsum_cuda_kernel does not have a deterministic implementation, but you set 'torch.use_deterministic_algorithms(True, warn_only=True)'. You can file an issue at https://github.com/pytorch/pytorch/issues to help us prioritize adding deterministic support for this operation. (Triggered internally at ../aten/src/ATen/Context.cpp:71.)
  dis_indices = torch.multinomial(
/data/zhangpeiru/GARQ_revision/data_utils.py:140: UserWarning: The given NumPy array is not writable, and PyTorch does not support non-writable tensors. This means writing to this tensor will result in undefined behavior. You may want to copy the array to protect its data or make it writable before converting it to a tensor. This type of warning will be suppressed for the rest of this program. (Triggered internally at ../torch/csrc/utils/tensor_numpy.cpp:206.)
  type_int = torch.from_numpy(adata.obs[args.type_key].cat.codes.values).long()
/home/zhangpeiru/.conda/envs/MetqQ2/lib/python3.11/site-packages/louvain/__init__.py:54: UserWarning: pkg_resources is deprecated as an API. See https://setuptools.pypa.io/en/latest/pkg_resources.html. The pkg_resources package is slated for removal as early as 2025-11-30. Refrain from using this package or pin to Setuptools<81.
  from pkg_resources import get_distribution, DistributionNotFound
/home/zhangpeiru/.conda/envs/MetqQ2/lib/python3.11/site-packages/anndata/utils.py:434: FutureWarning: Importing read_csv from `anndata` is deprecated. Import anndata.io.read_csv instead.
  warnings.warn(msg, FutureWarning)
/home/zhangpeiru/.conda/envs/MetqQ2/lib/python3.11/site-packages/anndata/utils.py:434: FutureWarning: Importing read_text from `anndata` is deprecated. Import anndata.io.read_text instead.
  warnings.warn(msg, FutureWarning)
/home/zhangpeiru/.conda/envs/MetqQ2/lib/python3.11/site-packages/anndata/utils.py:434: FutureWarning: Importing read_excel from `anndata` is deprecated. Import anndata.io.read_excel instead.
  warnings.warn(msg, FutureWarning)
/home/zhangpeiru/.conda/envs/MetqQ2/lib/python3.11/site-packages/anndata/utils.py:434: FutureWarning: Importing read_mtx from `anndata` is deprecated. Import anndata.io.read_mtx instead.
  warnings.warn(msg, FutureWarning)
/home/zhangpeiru/.conda/envs/MetqQ2/lib/python3.11/site-packages/anndata/utils.py:434: FutureWarning: Importing read_loom from `anndata` is deprecated. Import anndata.io.read_loom instead.
  warnings.warn(msg, FutureWarning)
/home/zhangpeiru/.conda/envs/MetqQ2/lib/python3.11/site-packages/anndata/utils.py:434: FutureWarning: Importing read_hdf from `anndata` is deprecated. Import anndata.io.read_hdf instead.
  warnings.warn(msg, FutureWarning)
/home/zhangpeiru/.conda/envs/MetqQ2/lib/python3.11/site-packages/anndata/utils.py:434: FutureWarning: Importing read_umi_tools from `anndata` is deprecated. Import anndata.io.read_umi_tools instead.
  warnings.warn(msg, FutureWarning)
WARNING: adata.X seems to be already log-transformed.
/home/zhangpeiru/.conda/envs/MetqQ2/lib/python3.11/site-packages/scanpy/preprocessing/_highly_variable_genes.py:220: FutureWarning: The default of observed=False is deprecated and will be changed to True in a future version of pandas. Pass observed=False to retain current behavior or observed=True to adopt the future default and silence this warning.
  disp_grouped = df.groupby('mean_bin')['dispersions']
/home/zhangpeiru/.conda/envs/MetqQ2/lib/python3.11/site-packages/scanpy/preprocessing/_simple.py:843: UserWarning: Received a view of an AnnData. Making a copy.
  view_to_actual(adata)
/home/zhangpeiru/.conda/envs/MetqQ2/lib/python3.11/site-packages/scanpy/preprocessing/_highly_variable_genes.py:220: FutureWarning: The default of observed=False is deprecated and will be changed to True in a future version of pandas. Pass observed=False to retain current behavior or observed=True to adopt the future default and silence this warning.
  disp_grouped = df.groupby('mean_bin')['dispersions']
/home/zhangpeiru/.conda/envs/MetqQ2/lib/python3.11/site-packages/scanpy/preprocessing/_simple.py:843: UserWarning: Received a view of an AnnData. Making a copy.
  view_to_actual(adata)
=======Loading and Preprocessing Data=======
Data of 2 omics in total
revision_results/cache/subsets/D11_11_GSE194122_rna_2000cells_seed1729_rare-Plasma-cell-abundance0.002-seed1009150.h5ad loaded with shape [2000, 3002]
revision_results/cache/subsets/D11_11_GSE194122_atac_2000cells_seed1729_rare-Plasma-cell-abundance0.002-seed1009150.h5ad loaded with shape [2000, 30000]
2026-08-29 16:03:16,268 INFO Loading faiss with AVX512 support.
2026-08-29 16:03:16,292 INFO Successfully loaded faiss with AVX512 support.
2026-08-29 16:03:16,297 INFO Failed to load GPU Faiss: name 'GpuIndexIVFFlat' is not defined. Will not load constructor refs for GPU indexes. This is only an error if you're trying to use GPU Faiss.
WARNING clustering 512 points to 40 centroids: please provide at least 1560 training points
GARQ Initialization completed.
/home/zhangpeiru/.conda/envs/MetqQ2/lib/python3.11/site-packages/torch/autograd/__init__.py:251: UserWarning: Memory Efficient attention defaults to a non-deterministic algorithm. To explicitly enable determinism call torch.use_deterministic_algorithms(True, warn_only=False). (Triggered internally at ../aten/src/ATen/native/transformers/cuda/attention_backward.cu:413.)
  Variable._execution_engine.run_backward(  # Calls into the C++ engine to run the backward pass
Epoch 1, RNA: recon_loss=0.2363 , ATAC: recon_loss=0.3777 
/data/zhangpeiru/GARQ_revision/model.py:121: UserWarning: cumsum_cuda_kernel does not have a deterministic implementation, but you set 'torch.use_deterministic_algorithms(True, warn_only=True)'. You can file an issue at https://github.com/pytorch/pytorch/issues to help us prioritize adding deterministic support for this operation. (Triggered internally at ../aten/src/ATen/Context.cpp:71.)
  dis_indices = torch.multinomial(
/data/zhangpeiru/GARQ_revision/data_utils.py:131: RuntimeWarning: Mean of empty slice.
  [data[meta_ids == i].mean(axis=0) for i in range(meta_ids.max() + 1)]
/home/zhangpeiru/.conda/envs/MetqQ2/lib/python3.11/site-packages/numpy/core/_methods.py:121: RuntimeWarning: invalid value encountered in divide
  ret = um.true_divide(
/data/zhangpeiru/GARQ_revision/data_utils.py:140: UserWarning: The given NumPy array is not writable, and PyTorch does not support non-writable tensors. This means writing to this tensor will result in undefined behavior. You may want to copy the array to protect its data or make it writable before converting it to a tensor. This type of warning will be suppressed for the rest of this program. (Triggered internally at ../torch/csrc/utils/tensor_numpy.cpp:206.)
  type_int = torch.from_numpy(adata.obs[args.type_key].cat.codes.values).long()
/data/zhangpeiru/GARQ_revision/data_utils.py:131: RuntimeWarning: Mean of empty slice.
  [data[meta_ids == i].mean(axis=0) for i in range(meta_ids.max() + 1)]
/home/zhangpeiru/.conda/envs/MetqQ2/lib/python3.11/site-packages/numpy/core/_methods.py:121: RuntimeWarning: invalid value encountered in divide
  ret = um.true_divide(
/home/zhangpeiru/.conda/envs/MetqQ2/lib/python3.11/site-packages/louvain/__init__.py:54: UserWarning: pkg_resources is deprecated as an API. See https://setuptools.pypa.io/en/latest/pkg_resources.html. The pkg_resources package is slated for removal as early as 2025-11-30. Refrain from using this package or pin to Setuptools<81.
  from pkg_resources import get_distribution, DistributionNotFound
/home/zhangpeiru/.conda/envs/MetqQ2/lib/python3.11/site-packages/anndata/utils.py:434: FutureWarning: Importing read_csv from `anndata` is deprecated. Import anndata.io.read_csv instead.
  warnings.warn(msg, FutureWarning)
/home/zhangpeiru/.conda/envs/MetqQ2/lib/python3.11/site-packages/anndata/utils.py:434: FutureWarning: Importing read_text from `anndata` is deprecated. Import anndata.io.read_text instead.
  warnings.warn(msg, FutureWarning)
/home/zhangpeiru/.conda/envs/MetqQ2/lib/python3.11/site-packages/anndata/utils.py:434: FutureWarning: Importing read_excel from `anndata` is deprecated. Import anndata.io.read_excel instead.
  warnings.warn(msg, FutureWarning)
/home/zhangpeiru/.conda/envs/MetqQ2/lib/python3.11/site-packages/anndata/utils.py:434: FutureWarning: Importing read_mtx from `anndata` is deprecated. Import anndata.io.read_mtx instead.
  warnings.warn(msg, FutureWarning)
/home/zhangpeiru/.conda/envs/MetqQ2/lib/python3.11/site-packages/anndata/utils.py:434: FutureWarning: Importing read_loom from `anndata` is deprecated. Import anndata.io.read_loom instead.
  warnings.warn(msg, FutureWarning)
/home/zhangpeiru/.conda/envs/MetqQ2/lib/python3.11/site-packages/anndata/utils.py:434: FutureWarning: Importing read_hdf from `anndata` is deprecated. Import anndata.io.read_hdf instead.
  warnings.warn(msg, FutureWarning)
/home/zhangpeiru/.conda/envs/MetqQ2/lib/python3.11/site-packages/anndata/utils.py:434: FutureWarning: Importing read_umi_tools from `anndata` is deprecated. Import anndata.io.read_umi_tools instead.
  warnings.warn(msg, FutureWarning)
WARNING: adata.X seems to be already log-transformed.
/home/zhangpeiru/.conda/envs/MetqQ2/lib/python3.11/site-packages/scanpy/preprocessing/_highly_variable_genes.py:220: FutureWarning: The default of observed=False is deprecated and will be changed to True in a future version of pandas. Pass observed=False to retain current behavior or observed=True to adopt the future default and silence this warning.
  disp_grouped = df.groupby('mean_bin')['dispersions']
/home/zhangpeiru/.conda/envs/MetqQ2/lib/python3.11/site-packages/scanpy/preprocessing/_simple.py:843: UserWarning: Received a view of an AnnData. Making a copy.
  view_to_actual(adata)
/home/zhangpeiru/.conda/envs/MetqQ2/lib/python3.11/site-packages/scanpy/preprocessing/_highly_variable_genes.py:220: FutureWarning: The default of observed=False is deprecated and will be changed to True in a future version of pandas. Pass observed=False to retain current behavior or observed=True to adopt the future default and silence this warning.
  disp_grouped = df.groupby('mean_bin')['dispersions']
/home/zhangpeiru/.conda/envs/MetqQ2/lib/python3.11/site-packages/scanpy/preprocessing/_simple.py:843: UserWarning: Received a view of an AnnData. Making a copy.
  view_to_actual(adata)
=======Loading and Preprocessing Data=======
Data of 2 omics in total
revision_results/cache/subsets/D11_11_GSE194122_rna_2000cells_seed1729_rare-Plasma-cell-abundance0.002-seed969152.h5ad loaded with shape [2000, 3002]
revision_results/cache/subsets/D11_11_GSE194122_atac_2000cells_seed1729_rare-Plasma-cell-abundance0.002-seed969152.h5ad loaded with shape [2000, 30000]
2026-08-29 16:03:35,100 INFO Loading faiss with AVX512 support.
2026-08-29 16:03:35,124 INFO Successfully loaded faiss with AVX512 support.
2026-08-29 16:03:35,129 INFO Failed to load GPU Faiss: name 'GpuIndexIVFFlat' is not defined. Will not load constructor refs for GPU indexes. This is only an error if you're trying to use GPU Faiss.
WARNING clustering 512 points to 40 centroids: please provide at least 1560 training points
GARQ Initialization completed.
/home/zhangpeiru/.conda/envs/MetqQ2/lib/python3.11/site-packages/torch/autograd/__init__.py:251: UserWarning: Memory Efficient attention defaults to a non-deterministic algorithm. To explicitly enable determinism call torch.use_deterministic_algorithms(True, warn_only=False). (Triggered internally at ../aten/src/ATen/native/transformers/cuda/attention_backward.cu:413.)
  Variable._execution_engine.run_backward(  # Calls into the C++ engine to run the backward pass
Epoch 1, RNA: recon_loss=0.2347 , ATAC: recon_loss=0.3745 
/data/zhangpeiru/GARQ_revision/model.py:121: UserWarning: cumsum_cuda_kernel does not have a deterministic implementation, but you set 'torch.use_deterministic_algorithms(True, warn_only=True)'. You can file an issue at https://github.com/pytorch/pytorch/issues to help us prioritize adding deterministic support for this operation. (Triggered internally at ../aten/src/ATen/Context.cpp:71.)
  dis_indices = torch.multinomial(
/data/zhangpeiru/GARQ_revision/data_utils.py:131: RuntimeWarning: Mean of empty slice.
  [data[meta_ids == i].mean(axis=0) for i in range(meta_ids.max() + 1)]
/home/zhangpeiru/.conda/envs/MetqQ2/lib/python3.11/site-packages/numpy/core/_methods.py:121: RuntimeWarning: invalid value encountered in divide
  ret = um.true_divide(
/data/zhangpeiru/GARQ_revision/data_utils.py:140: UserWarning: The given NumPy array is not writable, and PyTorch does not support non-writable tensors. This means writing to this tensor will result in undefined behavior. You may want to copy the array to protect its data or make it writable before converting it to a tensor. This type of warning will be suppressed for the rest of this program. (Triggered internally at ../torch/csrc/utils/tensor_numpy.cpp:206.)
  type_int = torch.from_numpy(adata.obs[args.type_key].cat.codes.values).long()
/data/zhangpeiru/GARQ_revision/data_utils.py:131: RuntimeWarning: Mean of empty slice.
  [data[meta_ids == i].mean(axis=0) for i in range(meta_ids.max() + 1)]
/home/zhangpeiru/.conda/envs/MetqQ2/lib/python3.11/site-packages/numpy/core/_methods.py:121: RuntimeWarning: invalid value encountered in divide
  ret = um.true_divide(
/home/zhangpeiru/.conda/envs/MetqQ2/lib/python3.11/site-packages/louvain/__init__.py:54: UserWarning: pkg_resources is deprecated as an API. See https://setuptools.pypa.io/en/latest/pkg_resources.html. The pkg_resources package is slated for removal as early as 2025-11-30. Refrain from using this package or pin to Setuptools<81.
  from pkg_resources import get_distribution, DistributionNotFound
/home/zhangpeiru/.conda/envs/MetqQ2/lib/python3.11/site-packages/anndata/utils.py:434: FutureWarning: Importing read_csv from `anndata` is deprecated. Import anndata.io.read_csv instead.
  warnings.warn(msg, FutureWarning)
/home/zhangpeiru/.conda/envs/MetqQ2/lib/python3.11/site-packages/anndata/utils.py:434: FutureWarning: Importing read_text from `anndata` is deprecated. Import anndata.io.read_text instead.
  warnings.warn(msg, FutureWarning)
/home/zhangpeiru/.conda/envs/MetqQ2/lib/python3.11/site-packages/anndata/utils.py:434: FutureWarning: Importing read_excel from `anndata` is deprecated. Import anndata.io.read_excel instead.
  warnings.warn(msg, FutureWarning)
/home/zhangpeiru/.conda/envs/MetqQ2/lib/python3.11/site-packages/anndata/utils.py:434: FutureWarning: Importing read_mtx from `anndata` is deprecated. Import anndata.io.read_mtx instead.
  warnings.warn(msg, FutureWarning)
/home/zhangpeiru/.conda/envs/MetqQ2/lib/python3.11/site-packages/anndata/utils.py:434: FutureWarning: Importing read_loom from `anndata` is deprecated. Import anndata.io.read_loom instead.
  warnings.warn(msg, FutureWarning)
/home/zhangpeiru/.conda/envs/MetqQ2/lib/python3.11/site-packages/anndata/utils.py:434: FutureWarning: Importing read_hdf from `anndata` is deprecated. Import anndata.io.read_hdf instead.
  warnings.warn(msg, FutureWarning)
/home/zhangpeiru/.conda/envs/MetqQ2/lib/python3.11/site-packages/anndata/utils.py:434: FutureWarning: Importing read_umi_tools from `anndata` is deprecated. Import anndata.io.read_umi_tools instead.
  warnings.warn(msg, FutureWarning)
WARNING: adata.X seems to be already log-transformed.
/home/zhangpeiru/.conda/envs/MetqQ2/lib/python3.11/site-packages/scanpy/preprocessing/_highly_variable_genes.py:220: FutureWarning: The default of observed=False is deprecated and will be changed to True in a future version of pandas. Pass observed=False to retain current behavior or observed=True to adopt the future default and silence this warning.
  disp_grouped = df.groupby('mean_bin')['dispersions']
/home/zhangpeiru/.conda/envs/MetqQ2/lib/python3.11/site-packages/scanpy/preprocessing/_simple.py:843: UserWarning: Received a view of an AnnData. Making a copy.
  view_to_actual(adata)
/home/zhangpeiru/.conda/envs/MetqQ2/lib/python3.11/site-packages/scanpy/preprocessing/_highly_variable_genes.py:220: FutureWarning: The default of observed=False is deprecated and will be changed to True in a future version of pandas. Pass observed=False to retain current behavior or observed=True to adopt the future default and silence this warning.
  disp_grouped = df.groupby('mean_bin')['dispersions']
/home/zhangpeiru/.conda/envs/MetqQ2/lib/python3.11/site-packages/scanpy/preprocessing/_simple.py:843: UserWarning: Received a view of an AnnData. Making a copy.
  view_to_actual(adata)
=======Loading and Preprocessing Data=======
Data of 2 omics in total
revision_results/cache/subsets/D11_11_GSE194122_rna_2000cells_seed1729_rare-Plasma-cell-abundance0.002-seed624037.h5ad loaded with shape [2000, 3002]
revision_results/cache/subsets/D11_11_GSE194122_atac_2000cells_seed1729_rare-Plasma-cell-abundance0.002-seed624037.h5ad loaded with shape [2000, 30000]
2026-08-29 16:03:52,994 INFO Loading faiss with AVX512 support.
2026-08-29 16:03:53,017 INFO Successfully loaded faiss with AVX512 support.
2026-08-29 16:03:53,021 INFO Failed to load GPU Faiss: name 'GpuIndexIVFFlat' is not defined. Will not load constructor refs for GPU indexes. This is only an error if you're trying to use GPU Faiss.
WARNING clustering 512 points to 40 centroids: please provide at least 1560 training points
GARQ Initialization completed.
/home/zhangpeiru/.conda/envs/MetqQ2/lib/python3.11/site-packages/torch/autograd/__init__.py:251: UserWarning: Memory Efficient attention defaults to a non-deterministic algorithm. To explicitly enable determinism call torch.use_deterministic_algorithms(True, warn_only=False). (Triggered internally at ../aten/src/ATen/native/transformers/cuda/attention_backward.cu:413.)
  Variable._execution_engine.run_backward(  # Calls into the C++ engine to run the backward pass
Epoch 1, RNA: recon_loss=0.2334 , ATAC: recon_loss=0.3751 
/data/zhangpeiru/GARQ_revision/model.py:121: UserWarning: cumsum_cuda_kernel does not have a deterministic implementation, but you set 'torch.use_deterministic_algorithms(True, warn_only=True)'. You can file an issue at https://github.com/pytorch/pytorch/issues to help us prioritize adding deterministic support for this operation. (Triggered internally at ../aten/src/ATen/Context.cpp:71.)
  dis_indices = torch.multinomial(
/data/zhangpeiru/GARQ_revision/data_utils.py:140: UserWarning: The given NumPy array is not writable, and PyTorch does not support non-writable tensors. This means writing to this tensor will result in undefined behavior. You may want to copy the array to protect its data or make it writable before converting it to a tensor. This type of warning will be suppressed for the rest of this program. (Triggered internally at ../torch/csrc/utils/tensor_numpy.cpp:206.)
  type_int = torch.from_numpy(adata.obs[args.type_key].cat.codes.values).long()
/home/zhangpeiru/.conda/envs/MetqQ2/lib/python3.11/site-packages/louvain/__init__.py:54: UserWarning: pkg_resources is deprecated as an API. See https://setuptools.pypa.io/en/latest/pkg_resources.html. The pkg_resources package is slated for removal as early as 2025-11-30. Refrain from using this package or pin to Setuptools<81.
  from pkg_resources import get_distribution, DistributionNotFound
/home/zhangpeiru/.conda/envs/MetqQ2/lib/python3.11/site-packages/anndata/utils.py:434: FutureWarning: Importing read_csv from `anndata` is deprecated. Import anndata.io.read_csv instead.
  warnings.warn(msg, FutureWarning)
/home/zhangpeiru/.conda/envs/MetqQ2/lib/python3.11/site-packages/anndata/utils.py:434: FutureWarning: Importing read_text from `anndata` is deprecated. Import anndata.io.read_text instead.
  warnings.warn(msg, FutureWarning)
/home/zhangpeiru/.conda/envs/MetqQ2/lib/python3.11/site-packages/anndata/utils.py:434: FutureWarning: Importing read_excel from `anndata` is deprecated. Import anndata.io.read_excel instead.
  warnings.warn(msg, FutureWarning)
/home/zhangpeiru/.conda/envs/MetqQ2/lib/python3.11/site-packages/anndata/utils.py:434: FutureWarning: Importing read_mtx from `anndata` is deprecated. Import anndata.io.read_mtx instead.
  warnings.warn(msg, FutureWarning)
/home/zhangpeiru/.conda/envs/MetqQ2/lib/python3.11/site-packages/anndata/utils.py:434: FutureWarning: Importing read_loom from `anndata` is deprecated. Import anndata.io.read_loom instead.
  warnings.warn(msg, FutureWarning)
/home/zhangpeiru/.conda/envs/MetqQ2/lib/python3.11/site-packages/anndata/utils.py:434: FutureWarning: Importing read_hdf from `anndata` is deprecated. Import anndata.io.read_hdf instead.
  warnings.warn(msg, FutureWarning)
/home/zhangpeiru/.conda/envs/MetqQ2/lib/python3.11/site-packages/anndata/utils.py:434: FutureWarning: Importing read_umi_tools from `anndata` is deprecated. Import anndata.io.read_umi_tools instead.
  warnings.warn(msg, FutureWarning)
WARNING: adata.X seems to be already log-transformed.
/home/zhangpeiru/.conda/envs/MetqQ2/lib/python3.11/site-packages/scanpy/preprocessing/_highly_variable_genes.py:220: FutureWarning: The default of observed=False is deprecated and will be changed to True in a future version of pandas. Pass observed=False to retain current behavior or observed=True to adopt the future default and silence this warning.
  disp_grouped = df.groupby('mean_bin')['dispersions']
/home/zhangpeiru/.conda/envs/MetqQ2/lib/python3.11/site-packages/scanpy/preprocessing/_simple.py:843: UserWarning: Received a view of an AnnData. Making a copy.
  view_to_actual(adata)
/home/zhangpeiru/.conda/envs/MetqQ2/lib/python3.11/site-packages/scanpy/preprocessing/_highly_variable_genes.py:220: FutureWarning: The default of observed=False is deprecated and will be changed to True in a future version of pandas. Pass observed=False to retain current behavior or observed=True to adopt the future default and silence this warning.
  disp_grouped = df.groupby('mean_bin')['dispersions']
/home/zhangpeiru/.conda/envs/MetqQ2/lib/python3.11/site-packages/scanpy/preprocessing/_simple.py:843: UserWarning: Received a view of an AnnData. Making a copy.
  view_to_actual(adata)
=======Loading and Preprocessing Data=======
Data of 2 omics in total
revision_results/cache/subsets/D11_11_GSE194122_rna_2000cells_seed1729_rare-Plasma-cell-abundance0.002-seed194926.h5ad loaded with shape [2000, 3008]
revision_results/cache/subsets/D11_11_GSE194122_atac_2000cells_seed1729_rare-Plasma-cell-abundance0.002-seed194926.h5ad loaded with shape [2000, 30000]
2026-08-29 16:04:11,039 INFO Loading faiss with AVX512 support.
2026-08-29 16:04:11,060 INFO Successfully loaded faiss with AVX512 support.
2026-08-29 16:04:11,064 INFO Failed to load GPU Faiss: name 'GpuIndexIVFFlat' is not defined. Will not load constructor refs for GPU indexes. This is only an error if you're trying to use GPU Faiss.
WARNING clustering 512 points to 40 centroids: please provide at least 1560 training points
GARQ Initialization completed.
/home/zhangpeiru/.conda/envs/MetqQ2/lib/python3.11/site-packages/torch/autograd/__init__.py:251: UserWarning: Memory Efficient attention defaults to a non-deterministic algorithm. To explicitly enable determinism call torch.use_deterministic_algorithms(True, warn_only=False). (Triggered internally at ../aten/src/ATen/native/transformers/cuda/attention_backward.cu:413.)
  Variable._execution_engine.run_backward(  # Calls into the C++ engine to run the backward pass
Epoch 1, RNA: recon_loss=0.2362 , ATAC: recon_loss=0.3814 
/data/zhangpeiru/GARQ_revision/model.py:121: UserWarning: cumsum_cuda_kernel does not have a deterministic implementation, but you set 'torch.use_deterministic_algorithms(True, warn_only=True)'. You can file an issue at https://github.com/pytorch/pytorch/issues to help us prioritize adding deterministic support for this operation. (Triggered internally at ../aten/src/ATen/Context.cpp:71.)
  dis_indices = torch.multinomial(
/data/zhangpeiru/GARQ_revision/data_utils.py:131: RuntimeWarning: Mean of empty slice.
  [data[meta_ids == i].mean(axis=0) for i in range(meta_ids.max() + 1)]
/home/zhangpeiru/.conda/envs/MetqQ2/lib/python3.11/site-packages/numpy/core/_methods.py:121: RuntimeWarning: invalid value encountered in divide
  ret = um.true_divide(
/data/zhangpeiru/GARQ_revision/data_utils.py:140: UserWarning: The given NumPy array is not writable, and PyTorch does not support non-writable tensors. This means writing to this tensor will result in undefined behavior. You may want to copy the array to protect its data or make it writable before converting it to a tensor. This type of warning will be suppressed for the rest of this program. (Triggered internally at ../torch/csrc/utils/tensor_numpy.cpp:206.)
  type_int = torch.from_numpy(adata.obs[args.type_key].cat.codes.values).long()
/data/zhangpeiru/GARQ_revision/data_utils.py:131: RuntimeWarning: Mean of empty slice.
  [data[meta_ids == i].mean(axis=0) for i in range(meta_ids.max() + 1)]
/home/zhangpeiru/.conda/envs/MetqQ2/lib/python3.11/site-packages/numpy/core/_methods.py:121: RuntimeWarning: invalid value encountered in divide
  ret = um.true_divide(
/home/zhangpeiru/.conda/envs/MetqQ2/lib/python3.11/site-packages/louvain/__init__.py:54: UserWarning: pkg_resources is deprecated as an API. See https://setuptools.pypa.io/en/latest/pkg_resources.html. The pkg_resources package is slated for removal as early as 2025-11-30. Refrain from using this package or pin to Setuptools<81.
  from pkg_resources import get_distribution, DistributionNotFound
/home/zhangpeiru/.conda/envs/MetqQ2/lib/python3.11/site-packages/anndata/utils.py:434: FutureWarning: Importing read_csv from `anndata` is deprecated. Import anndata.io.read_csv instead.
  warnings.warn(msg, FutureWarning)
/home/zhangpeiru/.conda/envs/MetqQ2/lib/python3.11/site-packages/anndata/utils.py:434: FutureWarning: Importing read_text from `anndata` is deprecated. Import anndata.io.read_text instead.
  warnings.warn(msg, FutureWarning)
/home/zhangpeiru/.conda/envs/MetqQ2/lib/python3.11/site-packages/anndata/utils.py:434: FutureWarning: Importing read_excel from `anndata` is deprecated. Import anndata.io.read_excel instead.
  warnings.warn(msg, FutureWarning)
/home/zhangpeiru/.conda/envs/MetqQ2/lib/python3.11/site-packages/anndata/utils.py:434: FutureWarning: Importing read_mtx from `anndata` is deprecated. Import anndata.io.read_mtx instead.
  warnings.warn(msg, FutureWarning)
/home/zhangpeiru/.conda/envs/MetqQ2/lib/python3.11/site-packages/anndata/utils.py:434: FutureWarning: Importing read_loom from `anndata` is deprecated. Import anndata.io.read_loom instead.
  warnings.warn(msg, FutureWarning)
/home/zhangpeiru/.conda/envs/MetqQ2/lib/python3.11/site-packages/anndata/utils.py:434: FutureWarning: Importing read_hdf from `anndata` is deprecated. Import anndata.io.read_hdf instead.
  warnings.warn(msg, FutureWarning)
/home/zhangpeiru/.conda/envs/MetqQ2/lib/python3.11/site-packages/anndata/utils.py:434: FutureWarning: Importing read_umi_tools from `anndata` is deprecated. Import anndata.io.read_umi_tools instead.
  warnings.warn(msg, FutureWarning)
2026-08-29 16:04:22,770 INFO Cached run already complete: revision_results/01_size_resolution/rare_confirmatory/D17/Mast-Cells/abundance_0.001/seed0/E1_D17_rare_Mast-Cells_abundance_0.001_confirmatory_smoke_seed0_v1-ec007951e9be.done.json
/home/zhangpeiru/.conda/envs/MetqQ2/lib/python3.11/site-packages/louvain/__init__.py:54: UserWarning: pkg_resources is deprecated as an API. See https://setuptools.pypa.io/en/latest/pkg_resources.html. The pkg_resources package is slated for removal as early as 2025-11-30. Refrain from using this package or pin to Setuptools<81.
  from pkg_resources import get_distribution, DistributionNotFound
/home/zhangpeiru/.conda/envs/MetqQ2/lib/python3.11/site-packages/anndata/utils.py:434: FutureWarning: Importing read_csv from `anndata` is deprecated. Import anndata.io.read_csv instead.
  warnings.warn(msg, FutureWarning)
/home/zhangpeiru/.conda/envs/MetqQ2/lib/python3.11/site-packages/anndata/utils.py:434: FutureWarning: Importing read_text from `anndata` is deprecated. Import anndata.io.read_text instead.
  warnings.warn(msg, FutureWarning)
/home/zhangpeiru/.conda/envs/MetqQ2/lib/python3.11/site-packages/anndata/utils.py:434: FutureWarning: Importing read_excel from `anndata` is deprecated. Import anndata.io.read_excel instead.
  warnings.warn(msg, FutureWarning)
/home/zhangpeiru/.conda/envs/MetqQ2/lib/python3.11/site-packages/anndata/utils.py:434: FutureWarning: Importing read_mtx from `anndata` is deprecated. Import anndata.io.read_mtx instead.
  warnings.warn(msg, FutureWarning)
/home/zhangpeiru/.conda/envs/MetqQ2/lib/python3.11/site-packages/anndata/utils.py:434: FutureWarning: Importing read_loom from `anndata` is deprecated. Import anndata.io.read_loom instead.
  warnings.warn(msg, FutureWarning)
/home/zhangpeiru/.conda/envs/MetqQ2/lib/python3.11/site-packages/anndata/utils.py:434: FutureWarning: Importing read_hdf from `anndata` is deprecated. Import anndata.io.read_hdf instead.
  warnings.warn(msg, FutureWarning)
/home/zhangpeiru/.conda/envs/MetqQ2/lib/python3.11/site-packages/anndata/utils.py:434: FutureWarning: Importing read_umi_tools from `anndata` is deprecated. Import anndata.io.read_umi_tools instead.
  warnings.warn(msg, FutureWarning)
2026-08-29 16:04:25,842 INFO Cached run already complete: revision_results/01_size_resolution/rare_confirmatory/D17/Mast-Cells/abundance_0.001/seed1/E1_D17_rare_Mast-Cells_abundance_0.001_confirmatory_smoke_seed1_v1-3e9f1ecc3245.done.json
/home/zhangpeiru/.conda/envs/MetqQ2/lib/python3.11/site-packages/louvain/__init__.py:54: UserWarning: pkg_resources is deprecated as an API. See https://setuptools.pypa.io/en/latest/pkg_resources.html. The pkg_resources package is slated for removal as early as 2025-11-30. Refrain from using this package or pin to Setuptools<81.
  from pkg_resources import get_distribution, DistributionNotFound
/home/zhangpeiru/.conda/envs/MetqQ2/lib/python3.11/site-packages/anndata/utils.py:434: FutureWarning: Importing read_csv from `anndata` is deprecated. Import anndata.io.read_csv instead.
  warnings.warn(msg, FutureWarning)
/home/zhangpeiru/.conda/envs/MetqQ2/lib/python3.11/site-packages/anndata/utils.py:434: FutureWarning: Importing read_text from `anndata` is deprecated. Import anndata.io.read_text instead.
  warnings.warn(msg, FutureWarning)
/home/zhangpeiru/.conda/envs/MetqQ2/lib/python3.11/site-packages/anndata/utils.py:434: FutureWarning: Importing read_excel from `anndata` is deprecated. Import anndata.io.read_excel instead.
  warnings.warn(msg, FutureWarning)
/home/zhangpeiru/.conda/envs/MetqQ2/lib/python3.11/site-packages/anndata/utils.py:434: FutureWarning: Importing read_mtx from `anndata` is deprecated. Import anndata.io.read_mtx instead.
  warnings.warn(msg, FutureWarning)
/home/zhangpeiru/.conda/envs/MetqQ2/lib/python3.11/site-packages/anndata/utils.py:434: FutureWarning: Importing read_loom from `anndata` is deprecated. Import anndata.io.read_loom instead.
  warnings.warn(msg, FutureWarning)
/home/zhangpeiru/.conda/envs/MetqQ2/lib/python3.11/site-packages/anndata/utils.py:434: FutureWarning: Importing read_hdf from `anndata` is deprecated. Import anndata.io.read_hdf instead.
  warnings.warn(msg, FutureWarning)
/home/zhangpeiru/.conda/envs/MetqQ2/lib/python3.11/site-packages/anndata/utils.py:434: FutureWarning: Importing read_umi_tools from `anndata` is deprecated. Import anndata.io.read_umi_tools instead.
  warnings.warn(msg, FutureWarning)
2026-08-29 16:04:28,595 INFO Cached run already complete: revision_results/01_size_resolution/rare_confirmatory/D17/Mast-Cells/abundance_0.001/seed2/E1_D17_rare_Mast-Cells_abundance_0.001_confirmatory_smoke_seed2_v1-ac97eee42012.done.json
/home/zhangpeiru/.conda/envs/MetqQ2/lib/python3.11/site-packages/louvain/__init__.py:54: UserWarning: pkg_resources is deprecated as an API. See https://setuptools.pypa.io/en/latest/pkg_resources.html. The pkg_resources package is slated for removal as early as 2025-11-30. Refrain from using this package or pin to Setuptools<81.
  from pkg_resources import get_distribution, DistributionNotFound
/home/zhangpeiru/.conda/envs/MetqQ2/lib/python3.11/site-packages/anndata/utils.py:434: FutureWarning: Importing read_csv from `anndata` is deprecated. Import anndata.io.read_csv instead.
  warnings.warn(msg, FutureWarning)
/home/zhangpeiru/.conda/envs/MetqQ2/lib/python3.11/site-packages/anndata/utils.py:434: FutureWarning: Importing read_text from `anndata` is deprecated. Import anndata.io.read_text instead.
  warnings.warn(msg, FutureWarning)
/home/zhangpeiru/.conda/envs/MetqQ2/lib/python3.11/site-packages/anndata/utils.py:434: FutureWarning: Importing read_excel from `anndata` is deprecated. Import anndata.io.read_excel instead.
  warnings.warn(msg, FutureWarning)
/home/zhangpeiru/.conda/envs/MetqQ2/lib/python3.11/site-packages/anndata/utils.py:434: FutureWarning: Importing read_mtx from `anndata` is deprecated. Import anndata.io.read_mtx instead.
  warnings.warn(msg, FutureWarning)
/home/zhangpeiru/.conda/envs/MetqQ2/lib/python3.11/site-packages/anndata/utils.py:434: FutureWarning: Importing read_loom from `anndata` is deprecated. Import anndata.io.read_loom instead.
  warnings.warn(msg, FutureWarning)
/home/zhangpeiru/.conda/envs/MetqQ2/lib/python3.11/site-packages/anndata/utils.py:434: FutureWarning: Importing read_hdf from `anndata` is deprecated. Import anndata.io.read_hdf instead.
  warnings.warn(msg, FutureWarning)
/home/zhangpeiru/.conda/envs/MetqQ2/lib/python3.11/site-packages/anndata/utils.py:434: FutureWarning: Importing read_umi_tools from `anndata` is deprecated. Import anndata.io.read_umi_tools instead.
  warnings.warn(msg, FutureWarning)
2026-08-29 16:04:31,221 INFO Cached run already complete: revision_results/01_size_resolution/rare_confirmatory/D17/Mast-Cells/abundance_0.001/seed3/E1_D17_rare_Mast-Cells_abundance_0.001_confirmatory_smoke_seed3_v1-d33a5077f5dc.done.json
/home/zhangpeiru/.conda/envs/MetqQ2/lib/python3.11/site-packages/louvain/__init__.py:54: UserWarning: pkg_resources is deprecated as an API. See https://setuptools.pypa.io/en/latest/pkg_resources.html. The pkg_resources package is slated for removal as early as 2025-11-30. Refrain from using this package or pin to Setuptools<81.
  from pkg_resources import get_distribution, DistributionNotFound
/home/zhangpeiru/.conda/envs/MetqQ2/lib/python3.11/site-packages/anndata/utils.py:434: FutureWarning: Importing read_csv from `anndata` is deprecated. Import anndata.io.read_csv instead.
  warnings.warn(msg, FutureWarning)
/home/zhangpeiru/.conda/envs/MetqQ2/lib/python3.11/site-packages/anndata/utils.py:434: FutureWarning: Importing read_text from `anndata` is deprecated. Import anndata.io.read_text instead.
  warnings.warn(msg, FutureWarning)
/home/zhangpeiru/.conda/envs/MetqQ2/lib/python3.11/site-packages/anndata/utils.py:434: FutureWarning: Importing read_excel from `anndata` is deprecated. Import anndata.io.read_excel instead.
  warnings.warn(msg, FutureWarning)
/home/zhangpeiru/.conda/envs/MetqQ2/lib/python3.11/site-packages/anndata/utils.py:434: FutureWarning: Importing read_mtx from `anndata` is deprecated. Import anndata.io.read_mtx instead.
  warnings.warn(msg, FutureWarning)
/home/zhangpeiru/.conda/envs/MetqQ2/lib/python3.11/site-packages/anndata/utils.py:434: FutureWarning: Importing read_loom from `anndata` is deprecated. Import anndata.io.read_loom instead.
  warnings.warn(msg, FutureWarning)
/home/zhangpeiru/.conda/envs/MetqQ2/lib/python3.11/site-packages/anndata/utils.py:434: FutureWarning: Importing read_hdf from `anndata` is deprecated. Import anndata.io.read_hdf instead.
  warnings.warn(msg, FutureWarning)
/home/zhangpeiru/.conda/envs/MetqQ2/lib/python3.11/site-packages/anndata/utils.py:434: FutureWarning: Importing read_umi_tools from `anndata` is deprecated. Import anndata.io.read_umi_tools instead.
  warnings.warn(msg, FutureWarning)
2026-08-29 16:04:33,997 INFO Cached run already complete: revision_results/01_size_resolution/rare_confirmatory/D17/Mast-Cells/abundance_0.001/seed4/E1_D17_rare_Mast-Cells_abundance_0.001_confirmatory_smoke_seed4_v1-f19fbb4d3307.done.json
/home/zhangpeiru/.conda/envs/MetqQ2/lib/python3.11/site-packages/louvain/__init__.py:54: UserWarning: pkg_resources is deprecated as an API. See https://setuptools.pypa.io/en/latest/pkg_resources.html. The pkg_resources package is slated for removal as early as 2025-11-30. Refrain from using this package or pin to Setuptools<81.
  from pkg_resources import get_distribution, DistributionNotFound
/home/zhangpeiru/.conda/envs/MetqQ2/lib/python3.11/site-packages/anndata/utils.py:434: FutureWarning: Importing read_csv from `anndata` is deprecated. Import anndata.io.read_csv instead.
  warnings.warn(msg, FutureWarning)
/home/zhangpeiru/.conda/envs/MetqQ2/lib/python3.11/site-packages/anndata/utils.py:434: FutureWarning: Importing read_text from `anndata` is deprecated. Import anndata.io.read_text instead.
  warnings.warn(msg, FutureWarning)
/home/zhangpeiru/.conda/envs/MetqQ2/lib/python3.11/site-packages/anndata/utils.py:434: FutureWarning: Importing read_excel from `anndata` is deprecated. Import anndata.io.read_excel instead.
  warnings.warn(msg, FutureWarning)
/home/zhangpeiru/.conda/envs/MetqQ2/lib/python3.11/site-packages/anndata/utils.py:434: FutureWarning: Importing read_mtx from `anndata` is deprecated. Import anndata.io.read_mtx instead.
  warnings.warn(msg, FutureWarning)
/home/zhangpeiru/.conda/envs/MetqQ2/lib/python3.11/site-packages/anndata/utils.py:434: FutureWarning: Importing read_loom from `anndata` is deprecated. Import anndata.io.read_loom instead.
  warnings.warn(msg, FutureWarning)
/home/zhangpeiru/.conda/envs/MetqQ2/lib/python3.11/site-packages/anndata/utils.py:434: FutureWarning: Importing read_hdf from `anndata` is deprecated. Import anndata.io.read_hdf instead.
  warnings.warn(msg, FutureWarning)
/home/zhangpeiru/.conda/envs/MetqQ2/lib/python3.11/site-packages/anndata/utils.py:434: FutureWarning: Importing read_umi_tools from `anndata` is deprecated. Import anndata.io.read_umi_tools instead.
  warnings.warn(msg, FutureWarning)
2026-08-29 16:04:36,735 INFO Cached run already complete: revision_results/01_size_resolution/rare_confirmatory/D17/Mast-Cells/abundance_0.002/seed0/E1_D17_rare_Mast-Cells_abundance_0.002_confirmatory_smoke_seed0_v1-c4f0ed693583.done.json
/home/zhangpeiru/.conda/envs/MetqQ2/lib/python3.11/site-packages/louvain/__init__.py:54: UserWarning: pkg_resources is deprecated as an API. See https://setuptools.pypa.io/en/latest/pkg_resources.html. The pkg_resources package is slated for removal as early as 2025-11-30. Refrain from using this package or pin to Setuptools<81.
  from pkg_resources import get_distribution, DistributionNotFound
/home/zhangpeiru/.conda/envs/MetqQ2/lib/python3.11/site-packages/anndata/utils.py:434: FutureWarning: Importing read_csv from `anndata` is deprecated. Import anndata.io.read_csv instead.
  warnings.warn(msg, FutureWarning)
/home/zhangpeiru/.conda/envs/MetqQ2/lib/python3.11/site-packages/anndata/utils.py:434: FutureWarning: Importing read_text from `anndata` is deprecated. Import anndata.io.read_text instead.
  warnings.warn(msg, FutureWarning)
/home/zhangpeiru/.conda/envs/MetqQ2/lib/python3.11/site-packages/anndata/utils.py:434: FutureWarning: Importing read_excel from `anndata` is deprecated. Import anndata.io.read_excel instead.
  warnings.warn(msg, FutureWarning)
/home/zhangpeiru/.conda/envs/MetqQ2/lib/python3.11/site-packages/anndata/utils.py:434: FutureWarning: Importing read_mtx from `anndata` is deprecated. Import anndata.io.read_mtx instead.
  warnings.warn(msg, FutureWarning)
/home/zhangpeiru/.conda/envs/MetqQ2/lib/python3.11/site-packages/anndata/utils.py:434: FutureWarning: Importing read_loom from `anndata` is deprecated. Import anndata.io.read_loom instead.
  warnings.warn(msg, FutureWarning)
/home/zhangpeiru/.conda/envs/MetqQ2/lib/python3.11/site-packages/anndata/utils.py:434: FutureWarning: Importing read_hdf from `anndata` is deprecated. Import anndata.io.read_hdf instead.
  warnings.warn(msg, FutureWarning)
/home/zhangpeiru/.conda/envs/MetqQ2/lib/python3.11/site-packages/anndata/utils.py:434: FutureWarning: Importing read_umi_tools from `anndata` is deprecated. Import anndata.io.read_umi_tools instead.
  warnings.warn(msg, FutureWarning)
2026-08-29 16:04:39,253 INFO Cached run already complete: revision_results/01_size_resolution/rare_confirmatory/D17/Mast-Cells/abundance_0.002/seed1/E1_D17_rare_Mast-Cells_abundance_0.002_confirmatory_smoke_seed1_v1-a7adfb145696.done.json
/home/zhangpeiru/.conda/envs/MetqQ2/lib/python3.11/site-packages/louvain/__init__.py:54: UserWarning: pkg_resources is deprecated as an API. See https://setuptools.pypa.io/en/latest/pkg_resources.html. The pkg_resources package is slated for removal as early as 2025-11-30. Refrain from using this package or pin to Setuptools<81.
  from pkg_resources import get_distribution, DistributionNotFound
/home/zhangpeiru/.conda/envs/MetqQ2/lib/python3.11/site-packages/anndata/utils.py:434: FutureWarning: Importing read_csv from `anndata` is deprecated. Import anndata.io.read_csv instead.
  warnings.warn(msg, FutureWarning)
/home/zhangpeiru/.conda/envs/MetqQ2/lib/python3.11/site-packages/anndata/utils.py:434: FutureWarning: Importing read_text from `anndata` is deprecated. Import anndata.io.read_text instead.
  warnings.warn(msg, FutureWarning)
/home/zhangpeiru/.conda/envs/MetqQ2/lib/python3.11/site-packages/anndata/utils.py:434: FutureWarning: Importing read_excel from `anndata` is deprecated. Import anndata.io.read_excel instead.
  warnings.warn(msg, FutureWarning)
/home/zhangpeiru/.conda/envs/MetqQ2/lib/python3.11/site-packages/anndata/utils.py:434: FutureWarning: Importing read_mtx from `anndata` is deprecated. Import anndata.io.read_mtx instead.
  warnings.warn(msg, FutureWarning)
/home/zhangpeiru/.conda/envs/MetqQ2/lib/python3.11/site-packages/anndata/utils.py:434: FutureWarning: Importing read_loom from `anndata` is deprecated. Import anndata.io.read_loom instead.
  warnings.warn(msg, FutureWarning)
/home/zhangpeiru/.conda/envs/MetqQ2/lib/python3.11/site-packages/anndata/utils.py:434: FutureWarning: Importing read_hdf from `anndata` is deprecated. Import anndata.io.read_hdf instead.
  warnings.warn(msg, FutureWarning)
/home/zhangpeiru/.conda/envs/MetqQ2/lib/python3.11/site-packages/anndata/utils.py:434: FutureWarning: Importing read_umi_tools from `anndata` is deprecated. Import anndata.io.read_umi_tools instead.
  warnings.warn(msg, FutureWarning)
2026-08-29 16:04:42,063 INFO Cached run already complete: revision_results/01_size_resolution/rare_confirmatory/D17/Mast-Cells/abundance_0.002/seed2/E1_D17_rare_Mast-Cells_abundance_0.002_confirmatory_smoke_seed2_v1-dc51bf85e740.done.json
/home/zhangpeiru/.conda/envs/MetqQ2/lib/python3.11/site-packages/louvain/__init__.py:54: UserWarning: pkg_resources is deprecated as an API. See https://setuptools.pypa.io/en/latest/pkg_resources.html. The pkg_resources package is slated for removal as early as 2025-11-30. Refrain from using this package or pin to Setuptools<81.
  from pkg_resources import get_distribution, DistributionNotFound
/home/zhangpeiru/.conda/envs/MetqQ2/lib/python3.11/site-packages/anndata/utils.py:434: FutureWarning: Importing read_csv from `anndata` is deprecated. Import anndata.io.read_csv instead.
  warnings.warn(msg, FutureWarning)
/home/zhangpeiru/.conda/envs/MetqQ2/lib/python3.11/site-packages/anndata/utils.py:434: FutureWarning: Importing read_text from `anndata` is deprecated. Import anndata.io.read_text instead.
  warnings.warn(msg, FutureWarning)
/home/zhangpeiru/.conda/envs/MetqQ2/lib/python3.11/site-packages/anndata/utils.py:434: FutureWarning: Importing read_excel from `anndata` is deprecated. Import anndata.io.read_excel instead.
  warnings.warn(msg, FutureWarning)
/home/zhangpeiru/.conda/envs/MetqQ2/lib/python3.11/site-packages/anndata/utils.py:434: FutureWarning: Importing read_mtx from `anndata` is deprecated. Import anndata.io.read_mtx instead.
  warnings.warn(msg, FutureWarning)
/home/zhangpeiru/.conda/envs/MetqQ2/lib/python3.11/site-packages/anndata/utils.py:434: FutureWarning: Importing read_loom from `anndata` is deprecated. Import anndata.io.read_loom instead.
  warnings.warn(msg, FutureWarning)
/home/zhangpeiru/.conda/envs/MetqQ2/lib/python3.11/site-packages/anndata/utils.py:434: FutureWarning: Importing read_hdf from `anndata` is deprecated. Import anndata.io.read_hdf instead.
  warnings.warn(msg, FutureWarning)
/home/zhangpeiru/.conda/envs/MetqQ2/lib/python3.11/site-packages/anndata/utils.py:434: FutureWarning: Importing read_umi_tools from `anndata` is deprecated. Import anndata.io.read_umi_tools instead.
  warnings.warn(msg, FutureWarning)
2026-08-29 16:04:45,086 INFO Cached run already complete: revision_results/01_size_resolution/rare_confirmatory/D17/Mast-Cells/abundance_0.002/seed3/E1_D17_rare_Mast-Cells_abundance_0.002_confirmatory_smoke_seed3_v1-2307a843f4e0.done.json
/home/zhangpeiru/.conda/envs/MetqQ2/lib/python3.11/site-packages/louvain/__init__.py:54: UserWarning: pkg_resources is deprecated as an API. See https://setuptools.pypa.io/en/latest/pkg_resources.html. The pkg_resources package is slated for removal as early as 2025-11-30. Refrain from using this package or pin to Setuptools<81.
  from pkg_resources import get_distribution, DistributionNotFound
/home/zhangpeiru/.conda/envs/MetqQ2/lib/python3.11/site-packages/anndata/utils.py:434: FutureWarning: Importing read_csv from `anndata` is deprecated. Import anndata.io.read_csv instead.
  warnings.warn(msg, FutureWarning)
/home/zhangpeiru/.conda/envs/MetqQ2/lib/python3.11/site-packages/anndata/utils.py:434: FutureWarning: Importing read_text from `anndata` is deprecated. Import anndata.io.read_text instead.
  warnings.warn(msg, FutureWarning)
/home/zhangpeiru/.conda/envs/MetqQ2/lib/python3.11/site-packages/anndata/utils.py:434: FutureWarning: Importing read_excel from `anndata` is deprecated. Import anndata.io.read_excel instead.
  warnings.warn(msg, FutureWarning)
/home/zhangpeiru/.conda/envs/MetqQ2/lib/python3.11/site-packages/anndata/utils.py:434: FutureWarning: Importing read_mtx from `anndata` is deprecated. Import anndata.io.read_mtx instead.
  warnings.warn(msg, FutureWarning)
/home/zhangpeiru/.conda/envs/MetqQ2/lib/python3.11/site-packages/anndata/utils.py:434: FutureWarning: Importing read_loom from `anndata` is deprecated. Import anndata.io.read_loom instead.
  warnings.warn(msg, FutureWarning)
/home/zhangpeiru/.conda/envs/MetqQ2/lib/python3.11/site-packages/anndata/utils.py:434: FutureWarning: Importing read_hdf from `anndata` is deprecated. Import anndata.io.read_hdf instead.
  warnings.warn(msg, FutureWarning)
/home/zhangpeiru/.conda/envs/MetqQ2/lib/python3.11/site-packages/anndata/utils.py:434: FutureWarning: Importing read_umi_tools from `anndata` is deprecated. Import anndata.io.read_umi_tools instead.
  warnings.warn(msg, FutureWarning)
2026-08-29 16:04:47,897 INFO Cached run already complete: revision_results/01_size_resolution/rare_confirmatory/D17/Mast-Cells/abundance_0.002/seed4/E1_D17_rare_Mast-Cells_abundance_0.002_confirmatory_smoke_seed4_v1-b23eac4f87b6.done.json
Traceback (most recent call last):
  File "<frozen runpy>", line 198, in _run_module_as_main
  File "<frozen runpy>", line 88, in _run_code
  File "/data/zhangpeiru/GARQ_revision/revision_exp/run.py", line 16, in <module>
    from revision_exp.workflows.fixed_representation import run_fixed_representation_benchmark
  File "/data/zhangpeiru/GARQ_revision/revision_exp/workflows/fixed_representation.py", line 12, in <module>
    import scanpy as sc
  File "/home/zhangpeiru/.conda/envs/MetqQ2/lib/python3.11/site-packages/scanpy/__init__.py", line 24, in <module>
    from . import tools as tl
  File "/home/zhangpeiru/.conda/envs/MetqQ2/lib/python3.11/site-packages/scanpy/tools/__init__.py", line 16, in <module>
    from ._louvain import louvain
  File "/home/zhangpeiru/.conda/envs/MetqQ2/lib/python3.11/site-packages/scanpy/tools/_louvain.py", line 16, in <module>
    from louvain.VertexPartition import MutableVertexPartition
  File "/home/zhangpeiru/.conda/envs/MetqQ2/lib/python3.11/site-packages/louvain/__init__.py", line 54, in <module>
    from pkg_resources import get_distribution, DistributionNotFound
  File "/home/zhangpeiru/.conda/envs/MetqQ2/lib/python3.11/site-packages/pkg_resources/__init__.py", line 85, in <module>
    import packaging.markers
  File "/home/zhangpeiru/.conda/envs/MetqQ2/lib/python3.11/site-packages/packaging/markers.py", line 13, in <module>
    from ._parser import MarkerAtom, MarkerList, Op, Value, Variable
  File "/home/zhangpeiru/.conda/envs/MetqQ2/lib/python3.11/site-packages/packaging/_parser.py", line 12, in <module>
    from ._tokenizer import DEFAULT_RULES, Tokenizer
  File "/home/zhangpeiru/.conda/envs/MetqQ2/lib/python3.11/site-packages/packaging/_tokenizer.py", line 8, in <module>
    from .specifiers import Specifier
  File "/home/zhangpeiru/.conda/envs/MetqQ2/lib/python3.11/site-packages/packaging/specifiers.py", line 18, in <module>
    from .utils import canonicalize_version
  File "/home/zhangpeiru/.conda/envs/MetqQ2/lib/python3.11/site-packages/packaging/utils.py", line 11, in <module>
    from .tags import Tag, parse_tag
  File "/home/zhangpeiru/.conda/envs/MetqQ2/lib/python3.11/site-packages/packaging/tags.py", line 23, in <module>
    from . import _manylinux, _musllinux
  File "/home/zhangpeiru/.conda/envs/MetqQ2/lib/python3.11/site-packages/packaging/_manylinux.py", line 12, in <module>
    from ._elffile import EIClass, EIData, ELFFile, EMachine
  File "<frozen importlib._bootstrap>", line 1176, in _find_and_load
  File "<frozen importlib._bootstrap>", line 1138, in _find_and_load_unlocked
  File "<frozen importlib._bootstrap>", line 1078, in _find_spec
  File "<frozen importlib._bootstrap_external>", line 1504, in find_spec
  File "<frozen importlib._bootstrap_external>", line 1476, in _get_spec
  File "<frozen importlib._bootstrap_external>", line 1619, in find_spec
  File "<frozen importlib._bootstrap_external>", line 71, in _relax_case
KeyboardInterrupt
/home/zhangpeiru/.conda/envs/MetqQ2/lib/python3.11/site-packages/louvain/__init__.py:54: UserWarning: pkg_resources is deprecated as an API. See https://setuptools.pypa.io/en/latest/pkg_resources.html. The pkg_resources package is slated for removal as early as 2025-11-30. Refrain from using this package or pin to Setuptools<81.
  from pkg_resources import get_distribution, DistributionNotFound
/home/zhangpeiru/.conda/envs/MetqQ2/lib/python3.11/site-packages/anndata/utils.py:434: FutureWarning: Importing read_csv from `anndata` is deprecated. Import anndata.io.read_csv instead.
  warnings.warn(msg, FutureWarning)
/home/zhangpeiru/.conda/envs/MetqQ2/lib/python3.11/site-packages/anndata/utils.py:434: FutureWarning: Importing read_text from `anndata` is deprecated. Import anndata.io.read_text instead.
  warnings.warn(msg, FutureWarning)
/home/zhangpeiru/.conda/envs/MetqQ2/lib/python3.11/site-packages/anndata/utils.py:434: FutureWarning: Importing read_excel from `anndata` is deprecated. Import anndata.io.read_excel instead.
  warnings.warn(msg, FutureWarning)
/home/zhangpeiru/.conda/envs/MetqQ2/lib/python3.11/site-packages/anndata/utils.py:434: FutureWarning: Importing read_mtx from `anndata` is deprecated. Import anndata.io.read_mtx instead.
  warnings.warn(msg, FutureWarning)
/home/zhangpeiru/.conda/envs/MetqQ2/lib/python3.11/site-packages/anndata/utils.py:434: FutureWarning: Importing read_loom from `anndata` is deprecated. Import anndata.io.read_loom instead.
  warnings.warn(msg, FutureWarning)
/home/zhangpeiru/.conda/envs/MetqQ2/lib/python3.11/site-packages/anndata/utils.py:434: FutureWarning: Importing read_hdf from `anndata` is deprecated. Import anndata.io.read_hdf instead.
  warnings.warn(msg, FutureWarning)
/home/zhangpeiru/.conda/envs/MetqQ2/lib/python3.11/site-packages/anndata/utils.py:434: FutureWarning: Importing read_umi_tools from `anndata` is deprecated. Import anndata.io.read_umi_tools instead.
  warnings.warn(msg, FutureWarning)
/home/zhangpeiru/.conda/envs/MetqQ2/lib/python3.11/site-packages/scanpy/preprocessing/_highly_variable_genes.py:220: FutureWarning: The default of observed=False is deprecated and will be changed to True in a future version of pandas. Pass observed=False to retain current behavior or observed=True to adopt the future default and silence this warning.
  disp_grouped = df.groupby('mean_bin')['dispersions']
/home/zhangpeiru/.conda/envs/MetqQ2/lib/python3.11/site-packages/scanpy/preprocessing/_simple.py:843: UserWarning: Received a view of an AnnData. Making a copy.
  view_to_actual(adata)
=======Loading and Preprocessing Data=======
Data of 2 omics in total
revision_results/cache/subsets/D5_D5_rna_2000cells_seed1729_rare-conventional-DC-abundance0.001-seed906022.h5ad loaded with shape [2000, 1303]
revision_results/cache/subsets/D5_D5_adt_2000cells_seed1729_rare-conventional-DC-abundance0.001-seed906022.h5ad loaded with shape [2000, 189]
2026-08-29 16:05:09,343 INFO Loading faiss with AVX512 support.
2026-08-29 16:05:09,365 INFO Successfully loaded faiss with AVX512 support.
2026-08-29 16:05:09,369 INFO Failed to load GPU Faiss: name 'GpuIndexIVFFlat' is not defined. Will not load constructor refs for GPU indexes. This is only an error if you're trying to use GPU Faiss.
WARNING clustering 512 points to 40 centroids: please provide at least 1560 training points
GARQ Initialization completed.
/home/zhangpeiru/.conda/envs/MetqQ2/lib/python3.11/site-packages/torch/autograd/__init__.py:251: UserWarning: Memory Efficient attention defaults to a non-deterministic algorithm. To explicitly enable determinism call torch.use_deterministic_algorithms(True, warn_only=False). (Triggered internally at ../aten/src/ATen/native/transformers/cuda/attention_backward.cu:413.)
  Variable._execution_engine.run_backward(  # Calls into the C++ engine to run the backward pass
Epoch 1, RNA: recon_loss=0.5039 , ADT: recon_loss=12.0525 
/data/zhangpeiru/GARQ_revision/model.py:121: UserWarning: cumsum_cuda_kernel does not have a deterministic implementation, but you set 'torch.use_deterministic_algorithms(True, warn_only=True)'. You can file an issue at https://github.com/pytorch/pytorch/issues to help us prioritize adding deterministic support for this operation. (Triggered internally at ../aten/src/ATen/Context.cpp:71.)
  dis_indices = torch.multinomial(
/data/zhangpeiru/GARQ_revision/data_utils.py:131: RuntimeWarning: Mean of empty slice.
  [data[meta_ids == i].mean(axis=0) for i in range(meta_ids.max() + 1)]
/home/zhangpeiru/.conda/envs/MetqQ2/lib/python3.11/site-packages/numpy/core/_methods.py:121: RuntimeWarning: divide by zero encountered in divide
  ret = um.true_divide(
/home/zhangpeiru/.conda/envs/MetqQ2/lib/python3.11/site-packages/numpy/core/_methods.py:121: RuntimeWarning: invalid value encountered in divide
  ret = um.true_divide(
/data/zhangpeiru/GARQ_revision/data_utils.py:140: UserWarning: The given NumPy array is not writable, and PyTorch does not support non-writable tensors. This means writing to this tensor will result in undefined behavior. You may want to copy the array to protect its data or make it writable before converting it to a tensor. This type of warning will be suppressed for the rest of this program. (Triggered internally at ../torch/csrc/utils/tensor_numpy.cpp:206.)
  type_int = torch.from_numpy(adata.obs[args.type_key].cat.codes.values).long()
/data/zhangpeiru/GARQ_revision/data_utils.py:131: RuntimeWarning: Mean of empty slice.
  [data[meta_ids == i].mean(axis=0) for i in range(meta_ids.max() + 1)]
/home/zhangpeiru/.conda/envs/MetqQ2/lib/python3.11/site-packages/numpy/core/_methods.py:121: RuntimeWarning: divide by zero encountered in divide
  ret = um.true_divide(
/home/zhangpeiru/.conda/envs/MetqQ2/lib/python3.11/site-packages/numpy/core/_methods.py:121: RuntimeWarning: invalid value encountered in divide
  ret = um.true_divide(
/home/zhangpeiru/.conda/envs/MetqQ2/lib/python3.11/site-packages/louvain/__init__.py:54: UserWarning: pkg_resources is deprecated as an API. See https://setuptools.pypa.io/en/latest/pkg_resources.html. The pkg_resources package is slated for removal as early as 2025-11-30. Refrain from using this package or pin to Setuptools<81.
  from pkg_resources import get_distribution, DistributionNotFound
/home/zhangpeiru/.conda/envs/MetqQ2/lib/python3.11/site-packages/anndata/utils.py:434: FutureWarning: Importing read_csv from `anndata` is deprecated. Import anndata.io.read_csv instead.
  warnings.warn(msg, FutureWarning)
/home/zhangpeiru/.conda/envs/MetqQ2/lib/python3.11/site-packages/anndata/utils.py:434: FutureWarning: Importing read_text from `anndata` is deprecated. Import anndata.io.read_text instead.
  warnings.warn(msg, FutureWarning)
/home/zhangpeiru/.conda/envs/MetqQ2/lib/python3.11/site-packages/anndata/utils.py:434: FutureWarning: Importing read_excel from `anndata` is deprecated. Import anndata.io.read_excel instead.
  warnings.warn(msg, FutureWarning)
/home/zhangpeiru/.conda/envs/MetqQ2/lib/python3.11/site-packages/anndata/utils.py:434: FutureWarning: Importing read_mtx from `anndata` is deprecated. Import anndata.io.read_mtx instead.
  warnings.warn(msg, FutureWarning)
/home/zhangpeiru/.conda/envs/MetqQ2/lib/python3.11/site-packages/anndata/utils.py:434: FutureWarning: Importing read_loom from `anndata` is deprecated. Import anndata.io.read_loom instead.
  warnings.warn(msg, FutureWarning)
/home/zhangpeiru/.conda/envs/MetqQ2/lib/python3.11/site-packages/anndata/utils.py:434: FutureWarning: Importing read_hdf from `anndata` is deprecated. Import anndata.io.read_hdf instead.
  warnings.warn(msg, FutureWarning)
/home/zhangpeiru/.conda/envs/MetqQ2/lib/python3.11/site-packages/anndata/utils.py:434: FutureWarning: Importing read_umi_tools from `anndata` is deprecated. Import anndata.io.read_umi_tools instead.
  warnings.warn(msg, FutureWarning)
/home/zhangpeiru/.conda/envs/MetqQ2/lib/python3.11/site-packages/scanpy/preprocessing/_highly_variable_genes.py:220: FutureWarning: The default of observed=False is deprecated and will be changed to True in a future version of pandas. Pass observed=False to retain current behavior or observed=True to adopt the future default and silence this warning.
  disp_grouped = df.groupby('mean_bin')['dispersions']
/home/zhangpeiru/.conda/envs/MetqQ2/lib/python3.11/site-packages/scanpy/preprocessing/_simple.py:843: UserWarning: Received a view of an AnnData. Making a copy.
  view_to_actual(adata)
=======Loading and Preprocessing Data=======
Data of 2 omics in total
revision_results/cache/subsets/D5_D5_rna_2000cells_seed1729_rare-conventional-DC-abundance0.001-seed758591.h5ad loaded with shape [2000, 1385]
revision_results/cache/subsets/D5_D5_adt_2000cells_seed1729_rare-conventional-DC-abundance0.001-seed758591.h5ad loaded with shape [2000, 189]
2026-08-29 16:05:22,946 INFO Loading faiss with AVX512 support.
2026-08-29 16:05:22,962 INFO Successfully loaded faiss with AVX512 support.
2026-08-29 16:05:22,965 INFO Failed to load GPU Faiss: name 'GpuIndexIVFFlat' is not defined. Will not load constructor refs for GPU indexes. This is only an error if you're trying to use GPU Faiss.
WARNING clustering 512 points to 40 centroids: please provide at least 1560 training points
GARQ Initialization completed.
/home/zhangpeiru/.conda/envs/MetqQ2/lib/python3.11/site-packages/torch/autograd/__init__.py:251: UserWarning: Memory Efficient attention defaults to a non-deterministic algorithm. To explicitly enable determinism call torch.use_deterministic_algorithms(True, warn_only=False). (Triggered internally at ../aten/src/ATen/native/transformers/cuda/attention_backward.cu:413.)
  Variable._execution_engine.run_backward(  # Calls into the C++ engine to run the backward pass
Epoch 1, RNA: recon_loss=0.4890 , ADT: recon_loss=12.7961 
/data/zhangpeiru/GARQ_revision/model.py:121: UserWarning: cumsum_cuda_kernel does not have a deterministic implementation, but you set 'torch.use_deterministic_algorithms(True, warn_only=True)'. You can file an issue at https://github.com/pytorch/pytorch/issues to help us prioritize adding deterministic support for this operation. (Triggered internally at ../aten/src/ATen/Context.cpp:71.)
  dis_indices = torch.multinomial(
/data/zhangpeiru/GARQ_revision/data_utils.py:131: RuntimeWarning: Mean of empty slice.
  [data[meta_ids == i].mean(axis=0) for i in range(meta_ids.max() + 1)]
/home/zhangpeiru/.conda/envs/MetqQ2/lib/python3.11/site-packages/numpy/core/_methods.py:121: RuntimeWarning: divide by zero encountered in divide
  ret = um.true_divide(
/home/zhangpeiru/.conda/envs/MetqQ2/lib/python3.11/site-packages/numpy/core/_methods.py:121: RuntimeWarning: invalid value encountered in divide
  ret = um.true_divide(
/data/zhangpeiru/GARQ_revision/data_utils.py:140: UserWarning: The given NumPy array is not writable, and PyTorch does not support non-writable tensors. This means writing to this tensor will result in undefined behavior. You may want to copy the array to protect its data or make it writable before converting it to a tensor. This type of warning will be suppressed for the rest of this program. (Triggered internally at ../torch/csrc/utils/tensor_numpy.cpp:206.)
  type_int = torch.from_numpy(adata.obs[args.type_key].cat.codes.values).long()
/data/zhangpeiru/GARQ_revision/data_utils.py:131: RuntimeWarning: Mean of empty slice.
  [data[meta_ids == i].mean(axis=0) for i in range(meta_ids.max() + 1)]
/home/zhangpeiru/.conda/envs/MetqQ2/lib/python3.11/site-packages/numpy/core/_methods.py:121: RuntimeWarning: divide by zero encountered in divide
  ret = um.true_divide(
/home/zhangpeiru/.conda/envs/MetqQ2/lib/python3.11/site-packages/numpy/core/_methods.py:121: RuntimeWarning: invalid value encountered in divide
  ret = um.true_divide(
/home/zhangpeiru/.conda/envs/MetqQ2/lib/python3.11/site-packages/louvain/__init__.py:54: UserWarning: pkg_resources is deprecated as an API. See https://setuptools.pypa.io/en/latest/pkg_resources.html. The pkg_resources package is slated for removal as early as 2025-11-30. Refrain from using this package or pin to Setuptools<81.
  from pkg_resources import get_distribution, DistributionNotFound
/home/zhangpeiru/.conda/envs/MetqQ2/lib/python3.11/site-packages/anndata/utils.py:434: FutureWarning: Importing read_csv from `anndata` is deprecated. Import anndata.io.read_csv instead.
  warnings.warn(msg, FutureWarning)
/home/zhangpeiru/.conda/envs/MetqQ2/lib/python3.11/site-packages/anndata/utils.py:434: FutureWarning: Importing read_text from `anndata` is deprecated. Import anndata.io.read_text instead.
  warnings.warn(msg, FutureWarning)
/home/zhangpeiru/.conda/envs/MetqQ2/lib/python3.11/site-packages/anndata/utils.py:434: FutureWarning: Importing read_excel from `anndata` is deprecated. Import anndata.io.read_excel instead.
  warnings.warn(msg, FutureWarning)
/home/zhangpeiru/.conda/envs/MetqQ2/lib/python3.11/site-packages/anndata/utils.py:434: FutureWarning: Importing read_mtx from `anndata` is deprecated. Import anndata.io.read_mtx instead.
  warnings.warn(msg, FutureWarning)
/home/zhangpeiru/.conda/envs/MetqQ2/lib/python3.11/site-packages/anndata/utils.py:434: FutureWarning: Importing read_loom from `anndata` is deprecated. Import anndata.io.read_loom instead.
  warnings.warn(msg, FutureWarning)
/home/zhangpeiru/.conda/envs/MetqQ2/lib/python3.11/site-packages/anndata/utils.py:434: FutureWarning: Importing read_hdf from `anndata` is deprecated. Import anndata.io.read_hdf instead.
  warnings.warn(msg, FutureWarning)
/home/zhangpeiru/.conda/envs/MetqQ2/lib/python3.11/site-packages/anndata/utils.py:434: FutureWarning: Importing read_umi_tools from `anndata` is deprecated. Import anndata.io.read_umi_tools instead.
  warnings.warn(msg, FutureWarning)
/home/zhangpeiru/.conda/envs/MetqQ2/lib/python3.11/site-packages/scanpy/preprocessing/_highly_variable_genes.py:220: FutureWarning: The default of observed=False is deprecated and will be changed to True in a future version of pandas. Pass observed=False to retain current behavior or observed=True to adopt the future default and silence this warning.
  disp_grouped = df.groupby('mean_bin')['dispersions']
/home/zhangpeiru/.conda/envs/MetqQ2/lib/python3.11/site-packages/scanpy/preprocessing/_simple.py:843: UserWarning: Received a view of an AnnData. Making a copy.
  view_to_actual(adata)
=======Loading and Preprocessing Data=======
Data of 2 omics in total
revision_results/cache/subsets/D5_D5_rna_2000cells_seed1729_rare-conventional-DC-abundance0.001-seed846342.h5ad loaded with shape [2000, 1263]
revision_results/cache/subsets/D5_D5_adt_2000cells_seed1729_rare-conventional-DC-abundance0.001-seed846342.h5ad loaded with shape [2000, 189]
2026-08-29 16:05:34,671 INFO Loading faiss with AVX512 support.
2026-08-29 16:05:34,692 INFO Successfully loaded faiss with AVX512 support.
2026-08-29 16:05:34,696 INFO Failed to load GPU Faiss: name 'GpuIndexIVFFlat' is not defined. Will not load constructor refs for GPU indexes. This is only an error if you're trying to use GPU Faiss.
WARNING clustering 512 points to 40 centroids: please provide at least 1560 training points
GARQ Initialization completed.
/home/zhangpeiru/.conda/envs/MetqQ2/lib/python3.11/site-packages/torch/autograd/__init__.py:251: UserWarning: Memory Efficient attention defaults to a non-deterministic algorithm. To explicitly enable determinism call torch.use_deterministic_algorithms(True, warn_only=False). (Triggered internally at ../aten/src/ATen/native/transformers/cuda/attention_backward.cu:413.)
  Variable._execution_engine.run_backward(  # Calls into the C++ engine to run the backward pass
Epoch 1, RNA: recon_loss=0.5143 , ADT: recon_loss=11.7581 
/data/zhangpeiru/GARQ_revision/model.py:121: UserWarning: cumsum_cuda_kernel does not have a deterministic implementation, but you set 'torch.use_deterministic_algorithms(True, warn_only=True)'. You can file an issue at https://github.com/pytorch/pytorch/issues to help us prioritize adding deterministic support for this operation. (Triggered internally at ../aten/src/ATen/Context.cpp:71.)
  dis_indices = torch.multinomial(
/data/zhangpeiru/GARQ_revision/data_utils.py:140: UserWarning: The given NumPy array is not writable, and PyTorch does not support non-writable tensors. This means writing to this tensor will result in undefined behavior. You may want to copy the array to protect its data or make it writable before converting it to a tensor. This type of warning will be suppressed for the rest of this program. (Triggered internally at ../torch/csrc/utils/tensor_numpy.cpp:206.)
  type_int = torch.from_numpy(adata.obs[args.type_key].cat.codes.values).long()
/home/zhangpeiru/.conda/envs/MetqQ2/lib/python3.11/site-packages/louvain/__init__.py:54: UserWarning: pkg_resources is deprecated as an API. See https://setuptools.pypa.io/en/latest/pkg_resources.html. The pkg_resources package is slated for removal as early as 2025-11-30. Refrain from using this package or pin to Setuptools<81.
  from pkg_resources import get_distribution, DistributionNotFound
/home/zhangpeiru/.conda/envs/MetqQ2/lib/python3.11/site-packages/anndata/utils.py:434: FutureWarning: Importing read_csv from `anndata` is deprecated. Import anndata.io.read_csv instead.
  warnings.warn(msg, FutureWarning)
/home/zhangpeiru/.conda/envs/MetqQ2/lib/python3.11/site-packages/anndata/utils.py:434: FutureWarning: Importing read_text from `anndata` is deprecated. Import anndata.io.read_text instead.
  warnings.warn(msg, FutureWarning)
/home/zhangpeiru/.conda/envs/MetqQ2/lib/python3.11/site-packages/anndata/utils.py:434: FutureWarning: Importing read_excel from `anndata` is deprecated. Import anndata.io.read_excel instead.
  warnings.warn(msg, FutureWarning)
/home/zhangpeiru/.conda/envs/MetqQ2/lib/python3.11/site-packages/anndata/utils.py:434: FutureWarning: Importing read_mtx from `anndata` is deprecated. Import anndata.io.read_mtx instead.
  warnings.warn(msg, FutureWarning)
/home/zhangpeiru/.conda/envs/MetqQ2/lib/python3.11/site-packages/anndata/utils.py:434: FutureWarning: Importing read_loom from `anndata` is deprecated. Import anndata.io.read_loom instead.
  warnings.warn(msg, FutureWarning)
/home/zhangpeiru/.conda/envs/MetqQ2/lib/python3.11/site-packages/anndata/utils.py:434: FutureWarning: Importing read_hdf from `anndata` is deprecated. Import anndata.io.read_hdf instead.
  warnings.warn(msg, FutureWarning)
/home/zhangpeiru/.conda/envs/MetqQ2/lib/python3.11/site-packages/anndata/utils.py:434: FutureWarning: Importing read_umi_tools from `anndata` is deprecated. Import anndata.io.read_umi_tools instead.
  warnings.warn(msg, FutureWarning)
/home/zhangpeiru/.conda/envs/MetqQ2/lib/python3.11/site-packages/scanpy/preprocessing/_highly_variable_genes.py:220: FutureWarning: The default of observed=False is deprecated and will be changed to True in a future version of pandas. Pass observed=False to retain current behavior or observed=True to adopt the future default and silence this warning.
  disp_grouped = df.groupby('mean_bin')['dispersions']
/home/zhangpeiru/.conda/envs/MetqQ2/lib/python3.11/site-packages/scanpy/preprocessing/_simple.py:843: UserWarning: Received a view of an AnnData. Making a copy.
  view_to_actual(adata)
=======Loading and Preprocessing Data=======
Data of 2 omics in total
revision_results/cache/subsets/D5_D5_rna_2000cells_seed1729_rare-conventional-DC-abundance0.001-seed929811.h5ad loaded with shape [2000, 1225]
revision_results/cache/subsets/D5_D5_adt_2000cells_seed1729_rare-conventional-DC-abundance0.001-seed929811.h5ad loaded with shape [2000, 189]
2026-08-29 16:05:46,833 INFO Loading faiss with AVX512 support.
2026-08-29 16:05:46,852 INFO Successfully loaded faiss with AVX512 support.
2026-08-29 16:05:46,855 INFO Failed to load GPU Faiss: name 'GpuIndexIVFFlat' is not defined. Will not load constructor refs for GPU indexes. This is only an error if you're trying to use GPU Faiss.
WARNING clustering 512 points to 40 centroids: please provide at least 1560 training points
GARQ Initialization completed.
/home/zhangpeiru/.conda/envs/MetqQ2/lib/python3.11/site-packages/torch/autograd/__init__.py:251: UserWarning: Memory Efficient attention defaults to a non-deterministic algorithm. To explicitly enable determinism call torch.use_deterministic_algorithms(True, warn_only=False). (Triggered internally at ../aten/src/ATen/native/transformers/cuda/attention_backward.cu:413.)
  Variable._execution_engine.run_backward(  # Calls into the C++ engine to run the backward pass
Epoch 1, RNA: recon_loss=0.4965 , ADT: recon_loss=12.1518 
/data/zhangpeiru/GARQ_revision/model.py:121: UserWarning: cumsum_cuda_kernel does not have a deterministic implementation, but you set 'torch.use_deterministic_algorithms(True, warn_only=True)'. You can file an issue at https://github.com/pytorch/pytorch/issues to help us prioritize adding deterministic support for this operation. (Triggered internally at ../aten/src/ATen/Context.cpp:71.)
  dis_indices = torch.multinomial(
/data/zhangpeiru/GARQ_revision/data_utils.py:140: UserWarning: The given NumPy array is not writable, and PyTorch does not support non-writable tensors. This means writing to this tensor will result in undefined behavior. You may want to copy the array to protect its data or make it writable before converting it to a tensor. This type of warning will be suppressed for the rest of this program. (Triggered internally at ../torch/csrc/utils/tensor_numpy.cpp:206.)
  type_int = torch.from_numpy(adata.obs[args.type_key].cat.codes.values).long()
/home/zhangpeiru/.conda/envs/MetqQ2/lib/python3.11/site-packages/louvain/__init__.py:54: UserWarning: pkg_resources is deprecated as an API. See https://setuptools.pypa.io/en/latest/pkg_resources.html. The pkg_resources package is slated for removal as early as 2025-11-30. Refrain from using this package or pin to Setuptools<81.
  from pkg_resources import get_distribution, DistributionNotFound
/home/zhangpeiru/.conda/envs/MetqQ2/lib/python3.11/site-packages/anndata/utils.py:434: FutureWarning: Importing read_csv from `anndata` is deprecated. Import anndata.io.read_csv instead.
  warnings.warn(msg, FutureWarning)
/home/zhangpeiru/.conda/envs/MetqQ2/lib/python3.11/site-packages/anndata/utils.py:434: FutureWarning: Importing read_text from `anndata` is deprecated. Import anndata.io.read_text instead.
  warnings.warn(msg, FutureWarning)
/home/zhangpeiru/.conda/envs/MetqQ2/lib/python3.11/site-packages/anndata/utils.py:434: FutureWarning: Importing read_excel from `anndata` is deprecated. Import anndata.io.read_excel instead.
  warnings.warn(msg, FutureWarning)
/home/zhangpeiru/.conda/envs/MetqQ2/lib/python3.11/site-packages/anndata/utils.py:434: FutureWarning: Importing read_mtx from `anndata` is deprecated. Import anndata.io.read_mtx instead.
  warnings.warn(msg, FutureWarning)
/home/zhangpeiru/.conda/envs/MetqQ2/lib/python3.11/site-packages/anndata/utils.py:434: FutureWarning: Importing read_loom from `anndata` is deprecated. Import anndata.io.read_loom instead.
  warnings.warn(msg, FutureWarning)
/home/zhangpeiru/.conda/envs/MetqQ2/lib/python3.11/site-packages/anndata/utils.py:434: FutureWarning: Importing read_hdf from `anndata` is deprecated. Import anndata.io.read_hdf instead.
  warnings.warn(msg, FutureWarning)
/home/zhangpeiru/.conda/envs/MetqQ2/lib/python3.11/site-packages/anndata/utils.py:434: FutureWarning: Importing read_umi_tools from `anndata` is deprecated. Import anndata.io.read_umi_tools instead.
  warnings.warn(msg, FutureWarning)
/home/zhangpeiru/.conda/envs/MetqQ2/lib/python3.11/site-packages/scanpy/preprocessing/_highly_variable_genes.py:220: FutureWarning: The default of observed=False is deprecated and will be changed to True in a future version of pandas. Pass observed=False to retain current behavior or observed=True to adopt the future default and silence this warning.
  disp_grouped = df.groupby('mean_bin')['dispersions']
/home/zhangpeiru/.conda/envs/MetqQ2/lib/python3.11/site-packages/scanpy/preprocessing/_simple.py:843: UserWarning: Received a view of an AnnData. Making a copy.
  view_to_actual(adata)
=======Loading and Preprocessing Data=======
Data of 2 omics in total
revision_results/cache/subsets/D5_D5_rna_2000cells_seed1729_rare-conventional-DC-abundance0.001-seed775256.h5ad loaded with shape [2000, 1290]
revision_results/cache/subsets/D5_D5_adt_2000cells_seed1729_rare-conventional-DC-abundance0.001-seed775256.h5ad loaded with shape [2000, 189]
2026-08-29 16:05:58,261 INFO Loading faiss with AVX512 support.
2026-08-29 16:05:58,281 INFO Successfully loaded faiss with AVX512 support.
2026-08-29 16:05:58,285 INFO Failed to load GPU Faiss: name 'GpuIndexIVFFlat' is not defined. Will not load constructor refs for GPU indexes. This is only an error if you're trying to use GPU Faiss.
WARNING clustering 512 points to 40 centroids: please provide at least 1560 training points
GARQ Initialization completed.
/home/zhangpeiru/.conda/envs/MetqQ2/lib/python3.11/site-packages/torch/autograd/__init__.py:251: UserWarning: Memory Efficient attention defaults to a non-deterministic algorithm. To explicitly enable determinism call torch.use_deterministic_algorithms(True, warn_only=False). (Triggered internally at ../aten/src/ATen/native/transformers/cuda/attention_backward.cu:413.)
  Variable._execution_engine.run_backward(  # Calls into the C++ engine to run the backward pass
Epoch 1, RNA: recon_loss=0.5048 , ADT: recon_loss=12.5045 
/data/zhangpeiru/GARQ_revision/model.py:121: UserWarning: cumsum_cuda_kernel does not have a deterministic implementation, but you set 'torch.use_deterministic_algorithms(True, warn_only=True)'. You can file an issue at https://github.com/pytorch/pytorch/issues to help us prioritize adding deterministic support for this operation. (Triggered internally at ../aten/src/ATen/Context.cpp:71.)
  dis_indices = torch.multinomial(
/data/zhangpeiru/GARQ_revision/data_utils.py:131: RuntimeWarning: Mean of empty slice.
  [data[meta_ids == i].mean(axis=0) for i in range(meta_ids.max() + 1)]
/home/zhangpeiru/.conda/envs/MetqQ2/lib/python3.11/site-packages/numpy/core/_methods.py:121: RuntimeWarning: divide by zero encountered in divide
  ret = um.true_divide(
/home/zhangpeiru/.conda/envs/MetqQ2/lib/python3.11/site-packages/numpy/core/_methods.py:121: RuntimeWarning: invalid value encountered in divide
  ret = um.true_divide(
/data/zhangpeiru/GARQ_revision/data_utils.py:140: UserWarning: The given NumPy array is not writable, and PyTorch does not support non-writable tensors. This means writing to this tensor will result in undefined behavior. You may want to copy the array to protect its data or make it writable before converting it to a tensor. This type of warning will be suppressed for the rest of this program. (Triggered internally at ../torch/csrc/utils/tensor_numpy.cpp:206.)
  type_int = torch.from_numpy(adata.obs[args.type_key].cat.codes.values).long()
/data/zhangpeiru/GARQ_revision/data_utils.py:131: RuntimeWarning: Mean of empty slice.
  [data[meta_ids == i].mean(axis=0) for i in range(meta_ids.max() + 1)]
/home/zhangpeiru/.conda/envs/MetqQ2/lib/python3.11/site-packages/numpy/core/_methods.py:121: RuntimeWarning: divide by zero encountered in divide
  ret = um.true_divide(
/home/zhangpeiru/.conda/envs/MetqQ2/lib/python3.11/site-packages/numpy/core/_methods.py:121: RuntimeWarning: invalid value encountered in divide
  ret = um.true_divide(
/home/zhangpeiru/.conda/envs/MetqQ2/lib/python3.11/site-packages/louvain/__init__.py:54: UserWarning: pkg_resources is deprecated as an API. See https://setuptools.pypa.io/en/latest/pkg_resources.html. The pkg_resources package is slated for removal as early as 2025-11-30. Refrain from using this package or pin to Setuptools<81.
  from pkg_resources import get_distribution, DistributionNotFound
/home/zhangpeiru/.conda/envs/MetqQ2/lib/python3.11/site-packages/anndata/utils.py:434: FutureWarning: Importing read_csv from `anndata` is deprecated. Import anndata.io.read_csv instead.
  warnings.warn(msg, FutureWarning)
/home/zhangpeiru/.conda/envs/MetqQ2/lib/python3.11/site-packages/anndata/utils.py:434: FutureWarning: Importing read_text from `anndata` is deprecated. Import anndata.io.read_text instead.
  warnings.warn(msg, FutureWarning)
/home/zhangpeiru/.conda/envs/MetqQ2/lib/python3.11/site-packages/anndata/utils.py:434: FutureWarning: Importing read_excel from `anndata` is deprecated. Import anndata.io.read_excel instead.
  warnings.warn(msg, FutureWarning)
/home/zhangpeiru/.conda/envs/MetqQ2/lib/python3.11/site-packages/anndata/utils.py:434: FutureWarning: Importing read_mtx from `anndata` is deprecated. Import anndata.io.read_mtx instead.
  warnings.warn(msg, FutureWarning)
/home/zhangpeiru/.conda/envs/MetqQ2/lib/python3.11/site-packages/anndata/utils.py:434: FutureWarning: Importing read_loom from `anndata` is deprecated. Import anndata.io.read_loom instead.
  warnings.warn(msg, FutureWarning)
/home/zhangpeiru/.conda/envs/MetqQ2/lib/python3.11/site-packages/anndata/utils.py:434: FutureWarning: Importing read_hdf from `anndata` is deprecated. Import anndata.io.read_hdf instead.
  warnings.warn(msg, FutureWarning)
/home/zhangpeiru/.conda/envs/MetqQ2/lib/python3.11/site-packages/anndata/utils.py:434: FutureWarning: Importing read_umi_tools from `anndata` is deprecated. Import anndata.io.read_umi_tools instead.
  warnings.warn(msg, FutureWarning)
/home/zhangpeiru/.conda/envs/MetqQ2/lib/python3.11/site-packages/scanpy/preprocessing/_highly_variable_genes.py:220: FutureWarning: The default of observed=False is deprecated and will be changed to True in a future version of pandas. Pass observed=False to retain current behavior or observed=True to adopt the future default and silence this warning.
  disp_grouped = df.groupby('mean_bin')['dispersions']
/home/zhangpeiru/.conda/envs/MetqQ2/lib/python3.11/site-packages/scanpy/preprocessing/_simple.py:843: UserWarning: Received a view of an AnnData. Making a copy.
  view_to_actual(adata)
=======Loading and Preprocessing Data=======
Data of 2 omics in total
revision_results/cache/subsets/D5_D5_rna_2000cells_seed1729_rare-conventional-DC-abundance0.002-seed401100.h5ad loaded with shape [2000, 1312]
revision_results/cache/subsets/D5_D5_adt_2000cells_seed1729_rare-conventional-DC-abundance0.002-seed401100.h5ad loaded with shape [2000, 189]
2026-08-29 16:06:11,402 INFO Loading faiss with AVX512 support.
2026-08-29 16:06:11,421 INFO Successfully loaded faiss with AVX512 support.
2026-08-29 16:06:11,425 INFO Failed to load GPU Faiss: name 'GpuIndexIVFFlat' is not defined. Will not load constructor refs for GPU indexes. This is only an error if you're trying to use GPU Faiss.
WARNING clustering 512 points to 40 centroids: please provide at least 1560 training points
GARQ Initialization completed.
/home/zhangpeiru/.conda/envs/MetqQ2/lib/python3.11/site-packages/torch/autograd/__init__.py:251: UserWarning: Memory Efficient attention defaults to a non-deterministic algorithm. To explicitly enable determinism call torch.use_deterministic_algorithms(True, warn_only=False). (Triggered internally at ../aten/src/ATen/native/transformers/cuda/attention_backward.cu:413.)
  Variable._execution_engine.run_backward(  # Calls into the C++ engine to run the backward pass
Epoch 1, RNA: recon_loss=0.5206 , ADT: recon_loss=13.4742 
/data/zhangpeiru/GARQ_revision/model.py:121: UserWarning: cumsum_cuda_kernel does not have a deterministic implementation, but you set 'torch.use_deterministic_algorithms(True, warn_only=True)'. You can file an issue at https://github.com/pytorch/pytorch/issues to help us prioritize adding deterministic support for this operation. (Triggered internally at ../aten/src/ATen/Context.cpp:71.)
  dis_indices = torch.multinomial(
/data/zhangpeiru/GARQ_revision/data_utils.py:131: RuntimeWarning: Mean of empty slice.
  [data[meta_ids == i].mean(axis=0) for i in range(meta_ids.max() + 1)]
/home/zhangpeiru/.conda/envs/MetqQ2/lib/python3.11/site-packages/numpy/core/_methods.py:121: RuntimeWarning: divide by zero encountered in divide
  ret = um.true_divide(
/home/zhangpeiru/.conda/envs/MetqQ2/lib/python3.11/site-packages/numpy/core/_methods.py:121: RuntimeWarning: invalid value encountered in divide
  ret = um.true_divide(
/data/zhangpeiru/GARQ_revision/data_utils.py:140: UserWarning: The given NumPy array is not writable, and PyTorch does not support non-writable tensors. This means writing to this tensor will result in undefined behavior. You may want to copy the array to protect its data or make it writable before converting it to a tensor. This type of warning will be suppressed for the rest of this program. (Triggered internally at ../torch/csrc/utils/tensor_numpy.cpp:206.)
  type_int = torch.from_numpy(adata.obs[args.type_key].cat.codes.values).long()
/data/zhangpeiru/GARQ_revision/data_utils.py:131: RuntimeWarning: Mean of empty slice.
  [data[meta_ids == i].mean(axis=0) for i in range(meta_ids.max() + 1)]
/home/zhangpeiru/.conda/envs/MetqQ2/lib/python3.11/site-packages/numpy/core/_methods.py:121: RuntimeWarning: divide by zero encountered in divide
  ret = um.true_divide(
/home/zhangpeiru/.conda/envs/MetqQ2/lib/python3.11/site-packages/numpy/core/_methods.py:121: RuntimeWarning: invalid value encountered in divide
  ret = um.true_divide(
/home/zhangpeiru/.conda/envs/MetqQ2/lib/python3.11/site-packages/louvain/__init__.py:54: UserWarning: pkg_resources is deprecated as an API. See https://setuptools.pypa.io/en/latest/pkg_resources.html. The pkg_resources package is slated for removal as early as 2025-11-30. Refrain from using this package or pin to Setuptools<81.
  from pkg_resources import get_distribution, DistributionNotFound
/home/zhangpeiru/.conda/envs/MetqQ2/lib/python3.11/site-packages/anndata/utils.py:434: FutureWarning: Importing read_csv from `anndata` is deprecated. Import anndata.io.read_csv instead.
  warnings.warn(msg, FutureWarning)
/home/zhangpeiru/.conda/envs/MetqQ2/lib/python3.11/site-packages/anndata/utils.py:434: FutureWarning: Importing read_text from `anndata` is deprecated. Import anndata.io.read_text instead.
  warnings.warn(msg, FutureWarning)
/home/zhangpeiru/.conda/envs/MetqQ2/lib/python3.11/site-packages/anndata/utils.py:434: FutureWarning: Importing read_excel from `anndata` is deprecated. Import anndata.io.read_excel instead.
  warnings.warn(msg, FutureWarning)
/home/zhangpeiru/.conda/envs/MetqQ2/lib/python3.11/site-packages/anndata/utils.py:434: FutureWarning: Importing read_mtx from `anndata` is deprecated. Import anndata.io.read_mtx instead.
  warnings.warn(msg, FutureWarning)
/home/zhangpeiru/.conda/envs/MetqQ2/lib/python3.11/site-packages/anndata/utils.py:434: FutureWarning: Importing read_loom from `anndata` is deprecated. Import anndata.io.read_loom instead.
  warnings.warn(msg, FutureWarning)
/home/zhangpeiru/.conda/envs/MetqQ2/lib/python3.11/site-packages/anndata/utils.py:434: FutureWarning: Importing read_hdf from `anndata` is deprecated. Import anndata.io.read_hdf instead.
  warnings.warn(msg, FutureWarning)
/home/zhangpeiru/.conda/envs/MetqQ2/lib/python3.11/site-packages/anndata/utils.py:434: FutureWarning: Importing read_umi_tools from `anndata` is deprecated. Import anndata.io.read_umi_tools instead.
  warnings.warn(msg, FutureWarning)
/home/zhangpeiru/.conda/envs/MetqQ2/lib/python3.11/site-packages/scanpy/preprocessing/_highly_variable_genes.py:220: FutureWarning: The default of observed=False is deprecated and will be changed to True in a future version of pandas. Pass observed=False to retain current behavior or observed=True to adopt the future default and silence this warning.
  disp_grouped = df.groupby('mean_bin')['dispersions']
/home/zhangpeiru/.conda/envs/MetqQ2/lib/python3.11/site-packages/scanpy/preprocessing/_simple.py:843: UserWarning: Received a view of an AnnData. Making a copy.
  view_to_actual(adata)
=======Loading and Preprocessing Data=======
Data of 2 omics in total
revision_results/cache/subsets/D5_D5_rna_2000cells_seed1729_rare-conventional-DC-abundance0.002-seed482938.h5ad loaded with shape [2000, 1317]
revision_results/cache/subsets/D5_D5_adt_2000cells_seed1729_rare-conventional-DC-abundance0.002-seed482938.h5ad loaded with shape [2000, 189]
2026-08-29 16:06:23,409 INFO Loading faiss with AVX512 support.
2026-08-29 16:06:23,426 INFO Successfully loaded faiss with AVX512 support.
2026-08-29 16:06:23,428 INFO Failed to load GPU Faiss: name 'GpuIndexIVFFlat' is not defined. Will not load constructor refs for GPU indexes. This is only an error if you're trying to use GPU Faiss.
WARNING clustering 512 points to 40 centroids: please provide at least 1560 training points
GARQ Initialization completed.
/home/zhangpeiru/.conda/envs/MetqQ2/lib/python3.11/site-packages/torch/autograd/__init__.py:251: UserWarning: Memory Efficient attention defaults to a non-deterministic algorithm. To explicitly enable determinism call torch.use_deterministic_algorithms(True, warn_only=False). (Triggered internally at ../aten/src/ATen/native/transformers/cuda/attention_backward.cu:413.)
  Variable._execution_engine.run_backward(  # Calls into the C++ engine to run the backward pass
Epoch 1, RNA: recon_loss=0.5004 , ADT: recon_loss=13.3072 
/data/zhangpeiru/GARQ_revision/model.py:121: UserWarning: cumsum_cuda_kernel does not have a deterministic implementation, but you set 'torch.use_deterministic_algorithms(True, warn_only=True)'. You can file an issue at https://github.com/pytorch/pytorch/issues to help us prioritize adding deterministic support for this operation. (Triggered internally at ../aten/src/ATen/Context.cpp:71.)
  dis_indices = torch.multinomial(
/data/zhangpeiru/GARQ_revision/data_utils.py:131: RuntimeWarning: Mean of empty slice.
  [data[meta_ids == i].mean(axis=0) for i in range(meta_ids.max() + 1)]
/home/zhangpeiru/.conda/envs/MetqQ2/lib/python3.11/site-packages/numpy/core/_methods.py:121: RuntimeWarning: divide by zero encountered in divide
  ret = um.true_divide(
/home/zhangpeiru/.conda/envs/MetqQ2/lib/python3.11/site-packages/numpy/core/_methods.py:121: RuntimeWarning: invalid value encountered in divide
  ret = um.true_divide(
/data/zhangpeiru/GARQ_revision/data_utils.py:140: UserWarning: The given NumPy array is not writable, and PyTorch does not support non-writable tensors. This means writing to this tensor will result in undefined behavior. You may want to copy the array to protect its data or make it writable before converting it to a tensor. This type of warning will be suppressed for the rest of this program. (Triggered internally at ../torch/csrc/utils/tensor_numpy.cpp:206.)
  type_int = torch.from_numpy(adata.obs[args.type_key].cat.codes.values).long()
/data/zhangpeiru/GARQ_revision/data_utils.py:131: RuntimeWarning: Mean of empty slice.
  [data[meta_ids == i].mean(axis=0) for i in range(meta_ids.max() + 1)]
/home/zhangpeiru/.conda/envs/MetqQ2/lib/python3.11/site-packages/numpy/core/_methods.py:121: RuntimeWarning: divide by zero encountered in divide
  ret = um.true_divide(
/home/zhangpeiru/.conda/envs/MetqQ2/lib/python3.11/site-packages/numpy/core/_methods.py:121: RuntimeWarning: invalid value encountered in divide
  ret = um.true_divide(
/home/zhangpeiru/.conda/envs/MetqQ2/lib/python3.11/site-packages/louvain/__init__.py:54: UserWarning: pkg_resources is deprecated as an API. See https://setuptools.pypa.io/en/latest/pkg_resources.html. The pkg_resources package is slated for removal as early as 2025-11-30. Refrain from using this package or pin to Setuptools<81.
  from pkg_resources import get_distribution, DistributionNotFound
/home/zhangpeiru/.conda/envs/MetqQ2/lib/python3.11/site-packages/anndata/utils.py:434: FutureWarning: Importing read_csv from `anndata` is deprecated. Import anndata.io.read_csv instead.
  warnings.warn(msg, FutureWarning)
/home/zhangpeiru/.conda/envs/MetqQ2/lib/python3.11/site-packages/anndata/utils.py:434: FutureWarning: Importing read_text from `anndata` is deprecated. Import anndata.io.read_text instead.
  warnings.warn(msg, FutureWarning)
/home/zhangpeiru/.conda/envs/MetqQ2/lib/python3.11/site-packages/anndata/utils.py:434: FutureWarning: Importing read_excel from `anndata` is deprecated. Import anndata.io.read_excel instead.
  warnings.warn(msg, FutureWarning)
/home/zhangpeiru/.conda/envs/MetqQ2/lib/python3.11/site-packages/anndata/utils.py:434: FutureWarning: Importing read_mtx from `anndata` is deprecated. Import anndata.io.read_mtx instead.
  warnings.warn(msg, FutureWarning)
/home/zhangpeiru/.conda/envs/MetqQ2/lib/python3.11/site-packages/anndata/utils.py:434: FutureWarning: Importing read_loom from `anndata` is deprecated. Import anndata.io.read_loom instead.
  warnings.warn(msg, FutureWarning)
/home/zhangpeiru/.conda/envs/MetqQ2/lib/python3.11/site-packages/anndata/utils.py:434: FutureWarning: Importing read_hdf from `anndata` is deprecated. Import anndata.io.read_hdf instead.
  warnings.warn(msg, FutureWarning)
/home/zhangpeiru/.conda/envs/MetqQ2/lib/python3.11/site-packages/anndata/utils.py:434: FutureWarning: Importing read_umi_tools from `anndata` is deprecated. Import anndata.io.read_umi_tools instead.
  warnings.warn(msg, FutureWarning)
/home/zhangpeiru/.conda/envs/MetqQ2/lib/python3.11/site-packages/scanpy/preprocessing/_highly_variable_genes.py:220: FutureWarning: The default of observed=False is deprecated and will be changed to True in a future version of pandas. Pass observed=False to retain current behavior or observed=True to adopt the future default and silence this warning.
  disp_grouped = df.groupby('mean_bin')['dispersions']
/home/zhangpeiru/.conda/envs/MetqQ2/lib/python3.11/site-packages/scanpy/preprocessing/_simple.py:843: UserWarning: Received a view of an AnnData. Making a copy.
  view_to_actual(adata)
=======Loading and Preprocessing Data=======
Data of 2 omics in total
revision_results/cache/subsets/D5_D5_rna_2000cells_seed1729_rare-conventional-DC-abundance0.002-seed972684.h5ad loaded with shape [2000, 1332]
revision_results/cache/subsets/D5_D5_adt_2000cells_seed1729_rare-conventional-DC-abundance0.002-seed972684.h5ad loaded with shape [2000, 189]
2026-08-29 16:06:35,115 INFO Loading faiss with AVX512 support.
2026-08-29 16:06:35,135 INFO Successfully loaded faiss with AVX512 support.
2026-08-29 16:06:35,139 INFO Failed to load GPU Faiss: name 'GpuIndexIVFFlat' is not defined. Will not load constructor refs for GPU indexes. This is only an error if you're trying to use GPU Faiss.
WARNING clustering 512 points to 40 centroids: please provide at least 1560 training points
GARQ Initialization completed.
/home/zhangpeiru/.conda/envs/MetqQ2/lib/python3.11/site-packages/torch/autograd/__init__.py:251: UserWarning: Memory Efficient attention defaults to a non-deterministic algorithm. To explicitly enable determinism call torch.use_deterministic_algorithms(True, warn_only=False). (Triggered internally at ../aten/src/ATen/native/transformers/cuda/attention_backward.cu:413.)
  Variable._execution_engine.run_backward(  # Calls into the C++ engine to run the backward pass
Epoch 1, RNA: recon_loss=0.4924 , ADT: recon_loss=12.1581 
/data/zhangpeiru/GARQ_revision/model.py:121: UserWarning: cumsum_cuda_kernel does not have a deterministic implementation, but you set 'torch.use_deterministic_algorithms(True, warn_only=True)'. You can file an issue at https://github.com/pytorch/pytorch/issues to help us prioritize adding deterministic support for this operation. (Triggered internally at ../aten/src/ATen/Context.cpp:71.)
  dis_indices = torch.multinomial(
/data/zhangpeiru/GARQ_revision/data_utils.py:131: RuntimeWarning: Mean of empty slice.
  [data[meta_ids == i].mean(axis=0) for i in range(meta_ids.max() + 1)]
/home/zhangpeiru/.conda/envs/MetqQ2/lib/python3.11/site-packages/numpy/core/_methods.py:121: RuntimeWarning: divide by zero encountered in divide
  ret = um.true_divide(
/home/zhangpeiru/.conda/envs/MetqQ2/lib/python3.11/site-packages/numpy/core/_methods.py:121: RuntimeWarning: invalid value encountered in divide
  ret = um.true_divide(
/data/zhangpeiru/GARQ_revision/data_utils.py:140: UserWarning: The given NumPy array is not writable, and PyTorch does not support non-writable tensors. This means writing to this tensor will result in undefined behavior. You may want to copy the array to protect its data or make it writable before converting it to a tensor. This type of warning will be suppressed for the rest of this program. (Triggered internally at ../torch/csrc/utils/tensor_numpy.cpp:206.)
  type_int = torch.from_numpy(adata.obs[args.type_key].cat.codes.values).long()
/data/zhangpeiru/GARQ_revision/data_utils.py:131: RuntimeWarning: Mean of empty slice.
  [data[meta_ids == i].mean(axis=0) for i in range(meta_ids.max() + 1)]
/home/zhangpeiru/.conda/envs/MetqQ2/lib/python3.11/site-packages/numpy/core/_methods.py:121: RuntimeWarning: divide by zero encountered in divide
  ret = um.true_divide(
/home/zhangpeiru/.conda/envs/MetqQ2/lib/python3.11/site-packages/numpy/core/_methods.py:121: RuntimeWarning: invalid value encountered in divide
  ret = um.true_divide(
/home/zhangpeiru/.conda/envs/MetqQ2/lib/python3.11/site-packages/louvain/__init__.py:54: UserWarning: pkg_resources is deprecated as an API. See https://setuptools.pypa.io/en/latest/pkg_resources.html. The pkg_resources package is slated for removal as early as 2025-11-30. Refrain from using this package or pin to Setuptools<81.
  from pkg_resources import get_distribution, DistributionNotFound
/home/zhangpeiru/.conda/envs/MetqQ2/lib/python3.11/site-packages/anndata/utils.py:434: FutureWarning: Importing read_csv from `anndata` is deprecated. Import anndata.io.read_csv instead.
  warnings.warn(msg, FutureWarning)
/home/zhangpeiru/.conda/envs/MetqQ2/lib/python3.11/site-packages/anndata/utils.py:434: FutureWarning: Importing read_text from `anndata` is deprecated. Import anndata.io.read_text instead.
  warnings.warn(msg, FutureWarning)
/home/zhangpeiru/.conda/envs/MetqQ2/lib/python3.11/site-packages/anndata/utils.py:434: FutureWarning: Importing read_excel from `anndata` is deprecated. Import anndata.io.read_excel instead.
  warnings.warn(msg, FutureWarning)
/home/zhangpeiru/.conda/envs/MetqQ2/lib/python3.11/site-packages/anndata/utils.py:434: FutureWarning: Importing read_mtx from `anndata` is deprecated. Import anndata.io.read_mtx instead.
  warnings.warn(msg, FutureWarning)
/home/zhangpeiru/.conda/envs/MetqQ2/lib/python3.11/site-packages/anndata/utils.py:434: FutureWarning: Importing read_loom from `anndata` is deprecated. Import anndata.io.read_loom instead.
  warnings.warn(msg, FutureWarning)
/home/zhangpeiru/.conda/envs/MetqQ2/lib/python3.11/site-packages/anndata/utils.py:434: FutureWarning: Importing read_hdf from `anndata` is deprecated. Import anndata.io.read_hdf instead.
  warnings.warn(msg, FutureWarning)
/home/zhangpeiru/.conda/envs/MetqQ2/lib/python3.11/site-packages/anndata/utils.py:434: FutureWarning: Importing read_umi_tools from `anndata` is deprecated. Import anndata.io.read_umi_tools instead.
  warnings.warn(msg, FutureWarning)
/home/zhangpeiru/.conda/envs/MetqQ2/lib/python3.11/site-packages/scanpy/preprocessing/_highly_variable_genes.py:220: FutureWarning: The default of observed=False is deprecated and will be changed to True in a future version of pandas. Pass observed=False to retain current behavior or observed=True to adopt the future default and silence this warning.
  disp_grouped = df.groupby('mean_bin')['dispersions']
/home/zhangpeiru/.conda/envs/MetqQ2/lib/python3.11/site-packages/scanpy/preprocessing/_simple.py:843: UserWarning: Received a view of an AnnData. Making a copy.
  view_to_actual(adata)
=======Loading and Preprocessing Data=======
Data of 2 omics in total
revision_results/cache/subsets/D5_D5_rna_2000cells_seed1729_rare-conventional-DC-abundance0.002-seed622248.h5ad loaded with shape [2000, 1243]
revision_results/cache/subsets/D5_D5_adt_2000cells_seed1729_rare-conventional-DC-abundance0.002-seed622248.h5ad loaded with shape [2000, 189]
2026-08-29 16:06:47,418 INFO Loading faiss with AVX512 support.
2026-08-29 16:06:47,437 INFO Successfully loaded faiss with AVX512 support.
2026-08-29 16:06:47,439 INFO Failed to load GPU Faiss: name 'GpuIndexIVFFlat' is not defined. Will not load constructor refs for GPU indexes. This is only an error if you're trying to use GPU Faiss.
WARNING clustering 512 points to 40 centroids: please provide at least 1560 training points
GARQ Initialization completed.
/home/zhangpeiru/.conda/envs/MetqQ2/lib/python3.11/site-packages/torch/autograd/__init__.py:251: UserWarning: Memory Efficient attention defaults to a non-deterministic algorithm. To explicitly enable determinism call torch.use_deterministic_algorithms(True, warn_only=False). (Triggered internally at ../aten/src/ATen/native/transformers/cuda/attention_backward.cu:413.)
  Variable._execution_engine.run_backward(  # Calls into the C++ engine to run the backward pass
Epoch 1, RNA: recon_loss=0.5139 , ADT: recon_loss=12.9939 
/data/zhangpeiru/GARQ_revision/model.py:121: UserWarning: cumsum_cuda_kernel does not have a deterministic implementation, but you set 'torch.use_deterministic_algorithms(True, warn_only=True)'. You can file an issue at https://github.com/pytorch/pytorch/issues to help us prioritize adding deterministic support for this operation. (Triggered internally at ../aten/src/ATen/Context.cpp:71.)
  dis_indices = torch.multinomial(
/data/zhangpeiru/GARQ_revision/data_utils.py:140: UserWarning: The given NumPy array is not writable, and PyTorch does not support non-writable tensors. This means writing to this tensor will result in undefined behavior. You may want to copy the array to protect its data or make it writable before converting it to a tensor. This type of warning will be suppressed for the rest of this program. (Triggered internally at ../torch/csrc/utils/tensor_numpy.cpp:206.)
  type_int = torch.from_numpy(adata.obs[args.type_key].cat.codes.values).long()
/home/zhangpeiru/.conda/envs/MetqQ2/lib/python3.11/site-packages/louvain/__init__.py:54: UserWarning: pkg_resources is deprecated as an API. See https://setuptools.pypa.io/en/latest/pkg_resources.html. The pkg_resources package is slated for removal as early as 2025-11-30. Refrain from using this package or pin to Setuptools<81.
  from pkg_resources import get_distribution, DistributionNotFound
/home/zhangpeiru/.conda/envs/MetqQ2/lib/python3.11/site-packages/anndata/utils.py:434: FutureWarning: Importing read_csv from `anndata` is deprecated. Import anndata.io.read_csv instead.
  warnings.warn(msg, FutureWarning)
/home/zhangpeiru/.conda/envs/MetqQ2/lib/python3.11/site-packages/anndata/utils.py:434: FutureWarning: Importing read_text from `anndata` is deprecated. Import anndata.io.read_text instead.
  warnings.warn(msg, FutureWarning)
/home/zhangpeiru/.conda/envs/MetqQ2/lib/python3.11/site-packages/anndata/utils.py:434: FutureWarning: Importing read_excel from `anndata` is deprecated. Import anndata.io.read_excel instead.
  warnings.warn(msg, FutureWarning)
/home/zhangpeiru/.conda/envs/MetqQ2/lib/python3.11/site-packages/anndata/utils.py:434: FutureWarning: Importing read_mtx from `anndata` is deprecated. Import anndata.io.read_mtx instead.
  warnings.warn(msg, FutureWarning)
/home/zhangpeiru/.conda/envs/MetqQ2/lib/python3.11/site-packages/anndata/utils.py:434: FutureWarning: Importing read_loom from `anndata` is deprecated. Import anndata.io.read_loom instead.
  warnings.warn(msg, FutureWarning)
/home/zhangpeiru/.conda/envs/MetqQ2/lib/python3.11/site-packages/anndata/utils.py:434: FutureWarning: Importing read_hdf from `anndata` is deprecated. Import anndata.io.read_hdf instead.
  warnings.warn(msg, FutureWarning)
/home/zhangpeiru/.conda/envs/MetqQ2/lib/python3.11/site-packages/anndata/utils.py:434: FutureWarning: Importing read_umi_tools from `anndata` is deprecated. Import anndata.io.read_umi_tools instead.
  warnings.warn(msg, FutureWarning)
/home/zhangpeiru/.conda/envs/MetqQ2/lib/python3.11/site-packages/scanpy/preprocessing/_highly_variable_genes.py:220: FutureWarning: The default of observed=False is deprecated and will be changed to True in a future version of pandas. Pass observed=False to retain current behavior or observed=True to adopt the future default and silence this warning.
  disp_grouped = df.groupby('mean_bin')['dispersions']
/home/zhangpeiru/.conda/envs/MetqQ2/lib/python3.11/site-packages/scanpy/preprocessing/_simple.py:843: UserWarning: Received a view of an AnnData. Making a copy.
  view_to_actual(adata)
=======Loading and Preprocessing Data=======
Data of 2 omics in total
revision_results/cache/subsets/D5_D5_rna_2000cells_seed1729_rare-conventional-DC-abundance0.002-seed140940.h5ad loaded with shape [2000, 1347]
revision_results/cache/subsets/D5_D5_adt_2000cells_seed1729_rare-conventional-DC-abundance0.002-seed140940.h5ad loaded with shape [2000, 189]
2026-08-29 16:06:59,903 INFO Loading faiss with AVX512 support.
2026-08-29 16:06:59,926 INFO Successfully loaded faiss with AVX512 support.
2026-08-29 16:06:59,930 INFO Failed to load GPU Faiss: name 'GpuIndexIVFFlat' is not defined. Will not load constructor refs for GPU indexes. This is only an error if you're trying to use GPU Faiss.
WARNING clustering 512 points to 40 centroids: please provide at least 1560 training points
GARQ Initialization completed.
/home/zhangpeiru/.conda/envs/MetqQ2/lib/python3.11/site-packages/torch/autograd/__init__.py:251: UserWarning: Memory Efficient attention defaults to a non-deterministic algorithm. To explicitly enable determinism call torch.use_deterministic_algorithms(True, warn_only=False). (Triggered internally at ../aten/src/ATen/native/transformers/cuda/attention_backward.cu:413.)
  Variable._execution_engine.run_backward(  # Calls into the C++ engine to run the backward pass
Epoch 1, RNA: recon_loss=0.4801 , ADT: recon_loss=12.3874 
/data/zhangpeiru/GARQ_revision/model.py:121: UserWarning: cumsum_cuda_kernel does not have a deterministic implementation, but you set 'torch.use_deterministic_algorithms(True, warn_only=True)'. You can file an issue at https://github.com/pytorch/pytorch/issues to help us prioritize adding deterministic support for this operation. (Triggered internally at ../aten/src/ATen/Context.cpp:71.)
  dis_indices = torch.multinomial(
/data/zhangpeiru/GARQ_revision/data_utils.py:131: RuntimeWarning: Mean of empty slice.
  [data[meta_ids == i].mean(axis=0) for i in range(meta_ids.max() + 1)]
/home/zhangpeiru/.conda/envs/MetqQ2/lib/python3.11/site-packages/numpy/core/_methods.py:121: RuntimeWarning: divide by zero encountered in divide
  ret = um.true_divide(
/home/zhangpeiru/.conda/envs/MetqQ2/lib/python3.11/site-packages/numpy/core/_methods.py:121: RuntimeWarning: invalid value encountered in divide
  ret = um.true_divide(
/data/zhangpeiru/GARQ_revision/data_utils.py:140: UserWarning: The given NumPy array is not writable, and PyTorch does not support non-writable tensors. This means writing to this tensor will result in undefined behavior. You may want to copy the array to protect its data or make it writable before converting it to a tensor. This type of warning will be suppressed for the rest of this program. (Triggered internally at ../torch/csrc/utils/tensor_numpy.cpp:206.)
  type_int = torch.from_numpy(adata.obs[args.type_key].cat.codes.values).long()
/data/zhangpeiru/GARQ_revision/data_utils.py:131: RuntimeWarning: Mean of empty slice.
  [data[meta_ids == i].mean(axis=0) for i in range(meta_ids.max() + 1)]
/home/zhangpeiru/.conda/envs/MetqQ2/lib/python3.11/site-packages/numpy/core/_methods.py:121: RuntimeWarning: divide by zero encountered in divide
  ret = um.true_divide(
/home/zhangpeiru/.conda/envs/MetqQ2/lib/python3.11/site-packages/numpy/core/_methods.py:121: RuntimeWarning: invalid value encountered in divide
  ret = um.true_divide(
/home/zhangpeiru/.conda/envs/MetqQ2/lib/python3.11/site-packages/louvain/__init__.py:54: UserWarning: pkg_resources is deprecated as an API. See https://setuptools.pypa.io/en/latest/pkg_resources.html. The pkg_resources package is slated for removal as early as 2025-11-30. Refrain from using this package or pin to Setuptools<81.
  from pkg_resources import get_distribution, DistributionNotFound
/home/zhangpeiru/.conda/envs/MetqQ2/lib/python3.11/site-packages/anndata/utils.py:434: FutureWarning: Importing read_csv from `anndata` is deprecated. Import anndata.io.read_csv instead.
  warnings.warn(msg, FutureWarning)
/home/zhangpeiru/.conda/envs/MetqQ2/lib/python3.11/site-packages/anndata/utils.py:434: FutureWarning: Importing read_text from `anndata` is deprecated. Import anndata.io.read_text instead.
  warnings.warn(msg, FutureWarning)
/home/zhangpeiru/.conda/envs/MetqQ2/lib/python3.11/site-packages/anndata/utils.py:434: FutureWarning: Importing read_excel from `anndata` is deprecated. Import anndata.io.read_excel instead.
  warnings.warn(msg, FutureWarning)
/home/zhangpeiru/.conda/envs/MetqQ2/lib/python3.11/site-packages/anndata/utils.py:434: FutureWarning: Importing read_mtx from `anndata` is deprecated. Import anndata.io.read_mtx instead.
  warnings.warn(msg, FutureWarning)
/home/zhangpeiru/.conda/envs/MetqQ2/lib/python3.11/site-packages/anndata/utils.py:434: FutureWarning: Importing read_loom from `anndata` is deprecated. Import anndata.io.read_loom instead.
  warnings.warn(msg, FutureWarning)
/home/zhangpeiru/.conda/envs/MetqQ2/lib/python3.11/site-packages/anndata/utils.py:434: FutureWarning: Importing read_hdf from `anndata` is deprecated. Import anndata.io.read_hdf instead.
  warnings.warn(msg, FutureWarning)
/home/zhangpeiru/.conda/envs/MetqQ2/lib/python3.11/site-packages/anndata/utils.py:434: FutureWarning: Importing read_umi_tools from `anndata` is deprecated. Import anndata.io.read_umi_tools instead.
  warnings.warn(msg, FutureWarning)
/home/zhangpeiru/.conda/envs/MetqQ2/lib/python3.11/site-packages/scanpy/preprocessing/_highly_variable_genes.py:220: FutureWarning: The default of observed=False is deprecated and will be changed to True in a future version of pandas. Pass observed=False to retain current behavior or observed=True to adopt the future default and silence this warning.
  disp_grouped = df.groupby('mean_bin')['dispersions']
/home/zhangpeiru/.conda/envs/MetqQ2/lib/python3.11/site-packages/scanpy/preprocessing/_simple.py:843: UserWarning: Received a view of an AnnData. Making a copy.
  view_to_actual(adata)
=======Loading and Preprocessing Data=======
Data of 2 omics in total
revision_results/cache/subsets/D5_D5_rna_2000cells_seed1729_rare-conventional-DC-abundance0.005-seed721605.h5ad loaded with shape [2000, 1356]
revision_results/cache/subsets/D5_D5_adt_2000cells_seed1729_rare-conventional-DC-abundance0.005-seed721605.h5ad loaded with shape [2000, 189]
2026-08-29 16:07:12,051 INFO Loading faiss with AVX512 support.
2026-08-29 16:07:12,068 INFO Successfully loaded faiss with AVX512 support.
2026-08-29 16:07:12,071 INFO Failed to load GPU Faiss: name 'GpuIndexIVFFlat' is not defined. Will not load constructor refs for GPU indexes. This is only an error if you're trying to use GPU Faiss.
WARNING clustering 512 points to 40 centroids: please provide at least 1560 training points
GARQ Initialization completed.
/home/zhangpeiru/.conda/envs/MetqQ2/lib/python3.11/site-packages/torch/autograd/__init__.py:251: UserWarning: Memory Efficient attention defaults to a non-deterministic algorithm. To explicitly enable determinism call torch.use_deterministic_algorithms(True, warn_only=False). (Triggered internally at ../aten/src/ATen/native/transformers/cuda/attention_backward.cu:413.)
  Variable._execution_engine.run_backward(  # Calls into the C++ engine to run the backward pass
Epoch 1, RNA: recon_loss=0.4982 , ADT: recon_loss=12.6702 
/data/zhangpeiru/GARQ_revision/model.py:121: UserWarning: cumsum_cuda_kernel does not have a deterministic implementation, but you set 'torch.use_deterministic_algorithms(True, warn_only=True)'. You can file an issue at https://github.com/pytorch/pytorch/issues to help us prioritize adding deterministic support for this operation. (Triggered internally at ../aten/src/ATen/Context.cpp:71.)
  dis_indices = torch.multinomial(
/data/zhangpeiru/GARQ_revision/data_utils.py:131: RuntimeWarning: Mean of empty slice.
  [data[meta_ids == i].mean(axis=0) for i in range(meta_ids.max() + 1)]
/home/zhangpeiru/.conda/envs/MetqQ2/lib/python3.11/site-packages/numpy/core/_methods.py:121: RuntimeWarning: divide by zero encountered in divide
  ret = um.true_divide(
/home/zhangpeiru/.conda/envs/MetqQ2/lib/python3.11/site-packages/numpy/core/_methods.py:121: RuntimeWarning: invalid value encountered in divide
  ret = um.true_divide(
/data/zhangpeiru/GARQ_revision/data_utils.py:140: UserWarning: The given NumPy array is not writable, and PyTorch does not support non-writable tensors. This means writing to this tensor will result in undefined behavior. You may want to copy the array to protect its data or make it writable before converting it to a tensor. This type of warning will be suppressed for the rest of this program. (Triggered internally at ../torch/csrc/utils/tensor_numpy.cpp:206.)
  type_int = torch.from_numpy(adata.obs[args.type_key].cat.codes.values).long()
/data/zhangpeiru/GARQ_revision/data_utils.py:131: RuntimeWarning: Mean of empty slice.
  [data[meta_ids == i].mean(axis=0) for i in range(meta_ids.max() + 1)]
/home/zhangpeiru/.conda/envs/MetqQ2/lib/python3.11/site-packages/numpy/core/_methods.py:121: RuntimeWarning: divide by zero encountered in divide
  ret = um.true_divide(
/home/zhangpeiru/.conda/envs/MetqQ2/lib/python3.11/site-packages/numpy/core/_methods.py:121: RuntimeWarning: invalid value encountered in divide
  ret = um.true_divide(
/home/zhangpeiru/.conda/envs/MetqQ2/lib/python3.11/site-packages/louvain/__init__.py:54: UserWarning: pkg_resources is deprecated as an API. See https://setuptools.pypa.io/en/latest/pkg_resources.html. The pkg_resources package is slated for removal as early as 2025-11-30. Refrain from using this package or pin to Setuptools<81.
  from pkg_resources import get_distribution, DistributionNotFound
/home/zhangpeiru/.conda/envs/MetqQ2/lib/python3.11/site-packages/anndata/utils.py:434: FutureWarning: Importing read_csv from `anndata` is deprecated. Import anndata.io.read_csv instead.
  warnings.warn(msg, FutureWarning)
/home/zhangpeiru/.conda/envs/MetqQ2/lib/python3.11/site-packages/anndata/utils.py:434: FutureWarning: Importing read_text from `anndata` is deprecated. Import anndata.io.read_text instead.
  warnings.warn(msg, FutureWarning)
/home/zhangpeiru/.conda/envs/MetqQ2/lib/python3.11/site-packages/anndata/utils.py:434: FutureWarning: Importing read_excel from `anndata` is deprecated. Import anndata.io.read_excel instead.
  warnings.warn(msg, FutureWarning)
/home/zhangpeiru/.conda/envs/MetqQ2/lib/python3.11/site-packages/anndata/utils.py:434: FutureWarning: Importing read_mtx from `anndata` is deprecated. Import anndata.io.read_mtx instead.
  warnings.warn(msg, FutureWarning)
/home/zhangpeiru/.conda/envs/MetqQ2/lib/python3.11/site-packages/anndata/utils.py:434: FutureWarning: Importing read_loom from `anndata` is deprecated. Import anndata.io.read_loom instead.
  warnings.warn(msg, FutureWarning)
/home/zhangpeiru/.conda/envs/MetqQ2/lib/python3.11/site-packages/anndata/utils.py:434: FutureWarning: Importing read_hdf from `anndata` is deprecated. Import anndata.io.read_hdf instead.
  warnings.warn(msg, FutureWarning)
/home/zhangpeiru/.conda/envs/MetqQ2/lib/python3.11/site-packages/anndata/utils.py:434: FutureWarning: Importing read_umi_tools from `anndata` is deprecated. Import anndata.io.read_umi_tools instead.
  warnings.warn(msg, FutureWarning)
/home/zhangpeiru/.conda/envs/MetqQ2/lib/python3.11/site-packages/scanpy/preprocessing/_highly_variable_genes.py:220: FutureWarning: The default of observed=False is deprecated and will be changed to True in a future version of pandas. Pass observed=False to retain current behavior or observed=True to adopt the future default and silence this warning.
  disp_grouped = df.groupby('mean_bin')['dispersions']
/home/zhangpeiru/.conda/envs/MetqQ2/lib/python3.11/site-packages/scanpy/preprocessing/_simple.py:843: UserWarning: Received a view of an AnnData. Making a copy.
  view_to_actual(adata)
=======Loading and Preprocessing Data=======
Data of 2 omics in total
revision_results/cache/subsets/D5_D5_rna_2000cells_seed1729_rare-conventional-DC-abundance0.005-seed505207.h5ad loaded with shape [2000, 1380]
revision_results/cache/subsets/D5_D5_adt_2000cells_seed1729_rare-conventional-DC-abundance0.005-seed505207.h5ad loaded with shape [2000, 189]
2026-08-29 16:07:23,974 INFO Loading faiss with AVX512 support.
2026-08-29 16:07:23,993 INFO Successfully loaded faiss with AVX512 support.
2026-08-29 16:07:23,996 INFO Failed to load GPU Faiss: name 'GpuIndexIVFFlat' is not defined. Will not load constructor refs for GPU indexes. This is only an error if you're trying to use GPU Faiss.
WARNING clustering 512 points to 40 centroids: please provide at least 1560 training points
GARQ Initialization completed.
/home/zhangpeiru/.conda/envs/MetqQ2/lib/python3.11/site-packages/torch/autograd/__init__.py:251: UserWarning: Memory Efficient attention defaults to a non-deterministic algorithm. To explicitly enable determinism call torch.use_deterministic_algorithms(True, warn_only=False). (Triggered internally at ../aten/src/ATen/native/transformers/cuda/attention_backward.cu:413.)
  Variable._execution_engine.run_backward(  # Calls into the C++ engine to run the backward pass
Epoch 1, RNA: recon_loss=0.4891 , ADT: recon_loss=12.4415 
/data/zhangpeiru/GARQ_revision/model.py:121: UserWarning: cumsum_cuda_kernel does not have a deterministic implementation, but you set 'torch.use_deterministic_algorithms(True, warn_only=True)'. You can file an issue at https://github.com/pytorch/pytorch/issues to help us prioritize adding deterministic support for this operation. (Triggered internally at ../aten/src/ATen/Context.cpp:71.)
  dis_indices = torch.multinomial(
/data/zhangpeiru/GARQ_revision/data_utils.py:131: RuntimeWarning: Mean of empty slice.
  [data[meta_ids == i].mean(axis=0) for i in range(meta_ids.max() + 1)]
/home/zhangpeiru/.conda/envs/MetqQ2/lib/python3.11/site-packages/numpy/core/_methods.py:121: RuntimeWarning: divide by zero encountered in divide
  ret = um.true_divide(
/home/zhangpeiru/.conda/envs/MetqQ2/lib/python3.11/site-packages/numpy/core/_methods.py:121: RuntimeWarning: invalid value encountered in divide
  ret = um.true_divide(
/data/zhangpeiru/GARQ_revision/data_utils.py:140: UserWarning: The given NumPy array is not writable, and PyTorch does not support non-writable tensors. This means writing to this tensor will result in undefined behavior. You may want to copy the array to protect its data or make it writable before converting it to a tensor. This type of warning will be suppressed for the rest of this program. (Triggered internally at ../torch/csrc/utils/tensor_numpy.cpp:206.)
  type_int = torch.from_numpy(adata.obs[args.type_key].cat.codes.values).long()
/data/zhangpeiru/GARQ_revision/data_utils.py:131: RuntimeWarning: Mean of empty slice.
  [data[meta_ids == i].mean(axis=0) for i in range(meta_ids.max() + 1)]
/home/zhangpeiru/.conda/envs/MetqQ2/lib/python3.11/site-packages/numpy/core/_methods.py:121: RuntimeWarning: divide by zero encountered in divide
  ret = um.true_divide(
/home/zhangpeiru/.conda/envs/MetqQ2/lib/python3.11/site-packages/numpy/core/_methods.py:121: RuntimeWarning: invalid value encountered in divide
  ret = um.true_divide(
/home/zhangpeiru/.conda/envs/MetqQ2/lib/python3.11/site-packages/louvain/__init__.py:54: UserWarning: pkg_resources is deprecated as an API. See https://setuptools.pypa.io/en/latest/pkg_resources.html. The pkg_resources package is slated for removal as early as 2025-11-30. Refrain from using this package or pin to Setuptools<81.
  from pkg_resources import get_distribution, DistributionNotFound
/home/zhangpeiru/.conda/envs/MetqQ2/lib/python3.11/site-packages/anndata/utils.py:434: FutureWarning: Importing read_csv from `anndata` is deprecated. Import anndata.io.read_csv instead.
  warnings.warn(msg, FutureWarning)
/home/zhangpeiru/.conda/envs/MetqQ2/lib/python3.11/site-packages/anndata/utils.py:434: FutureWarning: Importing read_text from `anndata` is deprecated. Import anndata.io.read_text instead.
  warnings.warn(msg, FutureWarning)
/home/zhangpeiru/.conda/envs/MetqQ2/lib/python3.11/site-packages/anndata/utils.py:434: FutureWarning: Importing read_excel from `anndata` is deprecated. Import anndata.io.read_excel instead.
  warnings.warn(msg, FutureWarning)
/home/zhangpeiru/.conda/envs/MetqQ2/lib/python3.11/site-packages/anndata/utils.py:434: FutureWarning: Importing read_mtx from `anndata` is deprecated. Import anndata.io.read_mtx instead.
  warnings.warn(msg, FutureWarning)
/home/zhangpeiru/.conda/envs/MetqQ2/lib/python3.11/site-packages/anndata/utils.py:434: FutureWarning: Importing read_loom from `anndata` is deprecated. Import anndata.io.read_loom instead.
  warnings.warn(msg, FutureWarning)
/home/zhangpeiru/.conda/envs/MetqQ2/lib/python3.11/site-packages/anndata/utils.py:434: FutureWarning: Importing read_hdf from `anndata` is deprecated. Import anndata.io.read_hdf instead.
  warnings.warn(msg, FutureWarning)
/home/zhangpeiru/.conda/envs/MetqQ2/lib/python3.11/site-packages/anndata/utils.py:434: FutureWarning: Importing read_umi_tools from `anndata` is deprecated. Import anndata.io.read_umi_tools instead.
  warnings.warn(msg, FutureWarning)
/home/zhangpeiru/.conda/envs/MetqQ2/lib/python3.11/site-packages/scanpy/preprocessing/_highly_variable_genes.py:220: FutureWarning: The default of observed=False is deprecated and will be changed to True in a future version of pandas. Pass observed=False to retain current behavior or observed=True to adopt the future default and silence this warning.
  disp_grouped = df.groupby('mean_bin')['dispersions']
/home/zhangpeiru/.conda/envs/MetqQ2/lib/python3.11/site-packages/scanpy/preprocessing/_simple.py:843: UserWarning: Received a view of an AnnData. Making a copy.
  view_to_actual(adata)
=======Loading and Preprocessing Data=======
Data of 2 omics in total
revision_results/cache/subsets/D5_D5_rna_2000cells_seed1729_rare-conventional-DC-abundance0.005-seed339252.h5ad loaded with shape [2000, 1244]
revision_results/cache/subsets/D5_D5_adt_2000cells_seed1729_rare-conventional-DC-abundance0.005-seed339252.h5ad loaded with shape [2000, 189]
2026-08-29 16:07:35,927 INFO Loading faiss with AVX512 support.
2026-08-29 16:07:35,951 INFO Successfully loaded faiss with AVX512 support.
2026-08-29 16:07:35,956 INFO Failed to load GPU Faiss: name 'GpuIndexIVFFlat' is not defined. Will not load constructor refs for GPU indexes. This is only an error if you're trying to use GPU Faiss.
WARNING clustering 512 points to 40 centroids: please provide at least 1560 training points
GARQ Initialization completed.
/home/zhangpeiru/.conda/envs/MetqQ2/lib/python3.11/site-packages/torch/autograd/__init__.py:251: UserWarning: Memory Efficient attention defaults to a non-deterministic algorithm. To explicitly enable determinism call torch.use_deterministic_algorithms(True, warn_only=False). (Triggered internally at ../aten/src/ATen/native/transformers/cuda/attention_backward.cu:413.)
  Variable._execution_engine.run_backward(  # Calls into the C++ engine to run the backward pass
Epoch 1, RNA: recon_loss=0.4967 , ADT: recon_loss=11.9358 
/data/zhangpeiru/GARQ_revision/model.py:121: UserWarning: cumsum_cuda_kernel does not have a deterministic implementation, but you set 'torch.use_deterministic_algorithms(True, warn_only=True)'. You can file an issue at https://github.com/pytorch/pytorch/issues to help us prioritize adding deterministic support for this operation. (Triggered internally at ../aten/src/ATen/Context.cpp:71.)
  dis_indices = torch.multinomial(
/data/zhangpeiru/GARQ_revision/data_utils.py:140: UserWarning: The given NumPy array is not writable, and PyTorch does not support non-writable tensors. This means writing to this tensor will result in undefined behavior. You may want to copy the array to protect its data or make it writable before converting it to a tensor. This type of warning will be suppressed for the rest of this program. (Triggered internally at ../torch/csrc/utils/tensor_numpy.cpp:206.)
  type_int = torch.from_numpy(adata.obs[args.type_key].cat.codes.values).long()
/home/zhangpeiru/.conda/envs/MetqQ2/lib/python3.11/site-packages/louvain/__init__.py:54: UserWarning: pkg_resources is deprecated as an API. See https://setuptools.pypa.io/en/latest/pkg_resources.html. The pkg_resources package is slated for removal as early as 2025-11-30. Refrain from using this package or pin to Setuptools<81.
  from pkg_resources import get_distribution, DistributionNotFound
/home/zhangpeiru/.conda/envs/MetqQ2/lib/python3.11/site-packages/anndata/utils.py:434: FutureWarning: Importing read_csv from `anndata` is deprecated. Import anndata.io.read_csv instead.
  warnings.warn(msg, FutureWarning)
/home/zhangpeiru/.conda/envs/MetqQ2/lib/python3.11/site-packages/anndata/utils.py:434: FutureWarning: Importing read_text from `anndata` is deprecated. Import anndata.io.read_text instead.
  warnings.warn(msg, FutureWarning)
/home/zhangpeiru/.conda/envs/MetqQ2/lib/python3.11/site-packages/anndata/utils.py:434: FutureWarning: Importing read_excel from `anndata` is deprecated. Import anndata.io.read_excel instead.
  warnings.warn(msg, FutureWarning)
/home/zhangpeiru/.conda/envs/MetqQ2/lib/python3.11/site-packages/anndata/utils.py:434: FutureWarning: Importing read_mtx from `anndata` is deprecated. Import anndata.io.read_mtx instead.
  warnings.warn(msg, FutureWarning)
/home/zhangpeiru/.conda/envs/MetqQ2/lib/python3.11/site-packages/anndata/utils.py:434: FutureWarning: Importing read_loom from `anndata` is deprecated. Import anndata.io.read_loom instead.
  warnings.warn(msg, FutureWarning)
/home/zhangpeiru/.conda/envs/MetqQ2/lib/python3.11/site-packages/anndata/utils.py:434: FutureWarning: Importing read_hdf from `anndata` is deprecated. Import anndata.io.read_hdf instead.
  warnings.warn(msg, FutureWarning)
/home/zhangpeiru/.conda/envs/MetqQ2/lib/python3.11/site-packages/anndata/utils.py:434: FutureWarning: Importing read_umi_tools from `anndata` is deprecated. Import anndata.io.read_umi_tools instead.
  warnings.warn(msg, FutureWarning)
/home/zhangpeiru/.conda/envs/MetqQ2/lib/python3.11/site-packages/scanpy/preprocessing/_highly_variable_genes.py:220: FutureWarning: The default of observed=False is deprecated and will be changed to True in a future version of pandas. Pass observed=False to retain current behavior or observed=True to adopt the future default and silence this warning.
  disp_grouped = df.groupby('mean_bin')['dispersions']
/home/zhangpeiru/.conda/envs/MetqQ2/lib/python3.11/site-packages/scanpy/preprocessing/_simple.py:843: UserWarning: Received a view of an AnnData. Making a copy.
  view_to_actual(adata)
=======Loading and Preprocessing Data=======
Data of 2 omics in total
revision_results/cache/subsets/D5_D5_rna_2000cells_seed1729_rare-conventional-DC-abundance0.005-seed718218.h5ad loaded with shape [2000, 1339]
revision_results/cache/subsets/D5_D5_adt_2000cells_seed1729_rare-conventional-DC-abundance0.005-seed718218.h5ad loaded with shape [2000, 189]
2026-08-29 16:07:48,542 INFO Loading faiss with AVX512 support.
2026-08-29 16:07:48,562 INFO Successfully loaded faiss with AVX512 support.
2026-08-29 16:07:48,566 INFO Failed to load GPU Faiss: name 'GpuIndexIVFFlat' is not defined. Will not load constructor refs for GPU indexes. This is only an error if you're trying to use GPU Faiss.
WARNING clustering 512 points to 40 centroids: please provide at least 1560 training points
GARQ Initialization completed.
/home/zhangpeiru/.conda/envs/MetqQ2/lib/python3.11/site-packages/torch/autograd/__init__.py:251: UserWarning: Memory Efficient attention defaults to a non-deterministic algorithm. To explicitly enable determinism call torch.use_deterministic_algorithms(True, warn_only=False). (Triggered internally at ../aten/src/ATen/native/transformers/cuda/attention_backward.cu:413.)
  Variable._execution_engine.run_backward(  # Calls into the C++ engine to run the backward pass
Epoch 1, RNA: recon_loss=0.4850 , ADT: recon_loss=12.3714 
/data/zhangpeiru/GARQ_revision/model.py:121: UserWarning: cumsum_cuda_kernel does not have a deterministic implementation, but you set 'torch.use_deterministic_algorithms(True, warn_only=True)'. You can file an issue at https://github.com/pytorch/pytorch/issues to help us prioritize adding deterministic support for this operation. (Triggered internally at ../aten/src/ATen/Context.cpp:71.)
  dis_indices = torch.multinomial(
/data/zhangpeiru/GARQ_revision/data_utils.py:131: RuntimeWarning: Mean of empty slice.
  [data[meta_ids == i].mean(axis=0) for i in range(meta_ids.max() + 1)]
/home/zhangpeiru/.conda/envs/MetqQ2/lib/python3.11/site-packages/numpy/core/_methods.py:121: RuntimeWarning: divide by zero encountered in divide
  ret = um.true_divide(
/home/zhangpeiru/.conda/envs/MetqQ2/lib/python3.11/site-packages/numpy/core/_methods.py:121: RuntimeWarning: invalid value encountered in divide
  ret = um.true_divide(
/data/zhangpeiru/GARQ_revision/data_utils.py:140: UserWarning: The given NumPy array is not writable, and PyTorch does not support non-writable tensors. This means writing to this tensor will result in undefined behavior. You may want to copy the array to protect its data or make it writable before converting it to a tensor. This type of warning will be suppressed for the rest of this program. (Triggered internally at ../torch/csrc/utils/tensor_numpy.cpp:206.)
  type_int = torch.from_numpy(adata.obs[args.type_key].cat.codes.values).long()
/data/zhangpeiru/GARQ_revision/data_utils.py:131: RuntimeWarning: Mean of empty slice.
  [data[meta_ids == i].mean(axis=0) for i in range(meta_ids.max() + 1)]
/home/zhangpeiru/.conda/envs/MetqQ2/lib/python3.11/site-packages/numpy/core/_methods.py:121: RuntimeWarning: divide by zero encountered in divide
  ret = um.true_divide(
/home/zhangpeiru/.conda/envs/MetqQ2/lib/python3.11/site-packages/numpy/core/_methods.py:121: RuntimeWarning: invalid value encountered in divide
  ret = um.true_divide(
/home/zhangpeiru/.conda/envs/MetqQ2/lib/python3.11/site-packages/louvain/__init__.py:54: UserWarning: pkg_resources is deprecated as an API. See https://setuptools.pypa.io/en/latest/pkg_resources.html. The pkg_resources package is slated for removal as early as 2025-11-30. Refrain from using this package or pin to Setuptools<81.
  from pkg_resources import get_distribution, DistributionNotFound
/home/zhangpeiru/.conda/envs/MetqQ2/lib/python3.11/site-packages/anndata/utils.py:434: FutureWarning: Importing read_csv from `anndata` is deprecated. Import anndata.io.read_csv instead.
  warnings.warn(msg, FutureWarning)
/home/zhangpeiru/.conda/envs/MetqQ2/lib/python3.11/site-packages/anndata/utils.py:434: FutureWarning: Importing read_text from `anndata` is deprecated. Import anndata.io.read_text instead.
  warnings.warn(msg, FutureWarning)
/home/zhangpeiru/.conda/envs/MetqQ2/lib/python3.11/site-packages/anndata/utils.py:434: FutureWarning: Importing read_excel from `anndata` is deprecated. Import anndata.io.read_excel instead.
  warnings.warn(msg, FutureWarning)
/home/zhangpeiru/.conda/envs/MetqQ2/lib/python3.11/site-packages/anndata/utils.py:434: FutureWarning: Importing read_mtx from `anndata` is deprecated. Import anndata.io.read_mtx instead.
  warnings.warn(msg, FutureWarning)
/home/zhangpeiru/.conda/envs/MetqQ2/lib/python3.11/site-packages/anndata/utils.py:434: FutureWarning: Importing read_loom from `anndata` is deprecated. Import anndata.io.read_loom instead.
  warnings.warn(msg, FutureWarning)
/home/zhangpeiru/.conda/envs/MetqQ2/lib/python3.11/site-packages/anndata/utils.py:434: FutureWarning: Importing read_hdf from `anndata` is deprecated. Import anndata.io.read_hdf instead.
  warnings.warn(msg, FutureWarning)
/home/zhangpeiru/.conda/envs/MetqQ2/lib/python3.11/site-packages/anndata/utils.py:434: FutureWarning: Importing read_umi_tools from `anndata` is deprecated. Import anndata.io.read_umi_tools instead.
  warnings.warn(msg, FutureWarning)
/home/zhangpeiru/.conda/envs/MetqQ2/lib/python3.11/site-packages/scanpy/preprocessing/_highly_variable_genes.py:220: FutureWarning: The default of observed=False is deprecated and will be changed to True in a future version of pandas. Pass observed=False to retain current behavior or observed=True to adopt the future default and silence this warning.
  disp_grouped = df.groupby('mean_bin')['dispersions']
/home/zhangpeiru/.conda/envs/MetqQ2/lib/python3.11/site-packages/scanpy/preprocessing/_simple.py:843: UserWarning: Received a view of an AnnData. Making a copy.
  view_to_actual(adata)
=======Loading and Preprocessing Data=======
Data of 2 omics in total
revision_results/cache/subsets/D5_D5_rna_2000cells_seed1729_rare-conventional-DC-abundance0.005-seed896531.h5ad loaded with shape [2000, 1347]
revision_results/cache/subsets/D5_D5_adt_2000cells_seed1729_rare-conventional-DC-abundance0.005-seed896531.h5ad loaded with shape [2000, 189]
2026-08-29 16:08:01,075 INFO Loading faiss with AVX512 support.
2026-08-29 16:08:01,090 INFO Successfully loaded faiss with AVX512 support.
2026-08-29 16:08:01,093 INFO Failed to load GPU Faiss: name 'GpuIndexIVFFlat' is not defined. Will not load constructor refs for GPU indexes. This is only an error if you're trying to use GPU Faiss.
WARNING clustering 512 points to 40 centroids: please provide at least 1560 training points
GARQ Initialization completed.
/home/zhangpeiru/.conda/envs/MetqQ2/lib/python3.11/site-packages/torch/autograd/__init__.py:251: UserWarning: Memory Efficient attention defaults to a non-deterministic algorithm. To explicitly enable determinism call torch.use_deterministic_algorithms(True, warn_only=False). (Triggered internally at ../aten/src/ATen/native/transformers/cuda/attention_backward.cu:413.)
  Variable._execution_engine.run_backward(  # Calls into the C++ engine to run the backward pass
Epoch 1, RNA: recon_loss=0.5047 , ADT: recon_loss=12.2131 
/data/zhangpeiru/GARQ_revision/model.py:121: UserWarning: cumsum_cuda_kernel does not have a deterministic implementation, but you set 'torch.use_deterministic_algorithms(True, warn_only=True)'. You can file an issue at https://github.com/pytorch/pytorch/issues to help us prioritize adding deterministic support for this operation. (Triggered internally at ../aten/src/ATen/Context.cpp:71.)
  dis_indices = torch.multinomial(
/data/zhangpeiru/GARQ_revision/data_utils.py:140: UserWarning: The given NumPy array is not writable, and PyTorch does not support non-writable tensors. This means writing to this tensor will result in undefined behavior. You may want to copy the array to protect its data or make it writable before converting it to a tensor. This type of warning will be suppressed for the rest of this program. (Triggered internally at ../torch/csrc/utils/tensor_numpy.cpp:206.)
  type_int = torch.from_numpy(adata.obs[args.type_key].cat.codes.values).long()
/home/zhangpeiru/.conda/envs/MetqQ2/lib/python3.11/site-packages/louvain/__init__.py:54: UserWarning: pkg_resources is deprecated as an API. See https://setuptools.pypa.io/en/latest/pkg_resources.html. The pkg_resources package is slated for removal as early as 2025-11-30. Refrain from using this package or pin to Setuptools<81.
  from pkg_resources import get_distribution, DistributionNotFound
/home/zhangpeiru/.conda/envs/MetqQ2/lib/python3.11/site-packages/anndata/utils.py:434: FutureWarning: Importing read_csv from `anndata` is deprecated. Import anndata.io.read_csv instead.
  warnings.warn(msg, FutureWarning)
/home/zhangpeiru/.conda/envs/MetqQ2/lib/python3.11/site-packages/anndata/utils.py:434: FutureWarning: Importing read_text from `anndata` is deprecated. Import anndata.io.read_text instead.
  warnings.warn(msg, FutureWarning)
/home/zhangpeiru/.conda/envs/MetqQ2/lib/python3.11/site-packages/anndata/utils.py:434: FutureWarning: Importing read_excel from `anndata` is deprecated. Import anndata.io.read_excel instead.
  warnings.warn(msg, FutureWarning)
/home/zhangpeiru/.conda/envs/MetqQ2/lib/python3.11/site-packages/anndata/utils.py:434: FutureWarning: Importing read_mtx from `anndata` is deprecated. Import anndata.io.read_mtx instead.
  warnings.warn(msg, FutureWarning)
/home/zhangpeiru/.conda/envs/MetqQ2/lib/python3.11/site-packages/anndata/utils.py:434: FutureWarning: Importing read_loom from `anndata` is deprecated. Import anndata.io.read_loom instead.
  warnings.warn(msg, FutureWarning)
/home/zhangpeiru/.conda/envs/MetqQ2/lib/python3.11/site-packages/anndata/utils.py:434: FutureWarning: Importing read_hdf from `anndata` is deprecated. Import anndata.io.read_hdf instead.
  warnings.warn(msg, FutureWarning)
/home/zhangpeiru/.conda/envs/MetqQ2/lib/python3.11/site-packages/anndata/utils.py:434: FutureWarning: Importing read_umi_tools from `anndata` is deprecated. Import anndata.io.read_umi_tools instead.
  warnings.warn(msg, FutureWarning)
/home/zhangpeiru/.conda/envs/MetqQ2/lib/python3.11/site-packages/scanpy/preprocessing/_highly_variable_genes.py:220: FutureWarning: The default of observed=False is deprecated and will be changed to True in a future version of pandas. Pass observed=False to retain current behavior or observed=True to adopt the future default and silence this warning.
  disp_grouped = df.groupby('mean_bin')['dispersions']
/home/zhangpeiru/.conda/envs/MetqQ2/lib/python3.11/site-packages/scanpy/preprocessing/_simple.py:843: UserWarning: Received a view of an AnnData. Making a copy.
  view_to_actual(adata)
=======Loading and Preprocessing Data=======
Data of 2 omics in total
revision_results/cache/subsets/D5_D5_rna_2000cells_seed1729_rare-gdT-cells-abundance0.001-seed628498.h5ad loaded with shape [2000, 1297]
revision_results/cache/subsets/D5_D5_adt_2000cells_seed1729_rare-gdT-cells-abundance0.001-seed628498.h5ad loaded with shape [2000, 189]
2026-08-29 16:08:12,096 INFO Loading faiss with AVX512 support.
2026-08-29 16:08:12,115 INFO Successfully loaded faiss with AVX512 support.
2026-08-29 16:08:12,118 INFO Failed to load GPU Faiss: name 'GpuIndexIVFFlat' is not defined. Will not load constructor refs for GPU indexes. This is only an error if you're trying to use GPU Faiss.
WARNING clustering 512 points to 40 centroids: please provide at least 1560 training points
GARQ Initialization completed.
/home/zhangpeiru/.conda/envs/MetqQ2/lib/python3.11/site-packages/torch/autograd/__init__.py:251: UserWarning: Memory Efficient attention defaults to a non-deterministic algorithm. To explicitly enable determinism call torch.use_deterministic_algorithms(True, warn_only=False). (Triggered internally at ../aten/src/ATen/native/transformers/cuda/attention_backward.cu:413.)
  Variable._execution_engine.run_backward(  # Calls into the C++ engine to run the backward pass
Epoch 1, RNA: recon_loss=0.4986 , ADT: recon_loss=12.6831 
/data/zhangpeiru/GARQ_revision/model.py:121: UserWarning: cumsum_cuda_kernel does not have a deterministic implementation, but you set 'torch.use_deterministic_algorithms(True, warn_only=True)'. You can file an issue at https://github.com/pytorch/pytorch/issues to help us prioritize adding deterministic support for this operation. (Triggered internally at ../aten/src/ATen/Context.cpp:71.)
  dis_indices = torch.multinomial(
/data/zhangpeiru/GARQ_revision/data_utils.py:140: UserWarning: The given NumPy array is not writable, and PyTorch does not support non-writable tensors. This means writing to this tensor will result in undefined behavior. You may want to copy the array to protect its data or make it writable before converting it to a tensor. This type of warning will be suppressed for the rest of this program. (Triggered internally at ../torch/csrc/utils/tensor_numpy.cpp:206.)
  type_int = torch.from_numpy(adata.obs[args.type_key].cat.codes.values).long()
/home/zhangpeiru/.conda/envs/MetqQ2/lib/python3.11/site-packages/louvain/__init__.py:54: UserWarning: pkg_resources is deprecated as an API. See https://setuptools.pypa.io/en/latest/pkg_resources.html. The pkg_resources package is slated for removal as early as 2025-11-30. Refrain from using this package or pin to Setuptools<81.
  from pkg_resources import get_distribution, DistributionNotFound
/home/zhangpeiru/.conda/envs/MetqQ2/lib/python3.11/site-packages/anndata/utils.py:434: FutureWarning: Importing read_csv from `anndata` is deprecated. Import anndata.io.read_csv instead.
  warnings.warn(msg, FutureWarning)
/home/zhangpeiru/.conda/envs/MetqQ2/lib/python3.11/site-packages/anndata/utils.py:434: FutureWarning: Importing read_text from `anndata` is deprecated. Import anndata.io.read_text instead.
  warnings.warn(msg, FutureWarning)
/home/zhangpeiru/.conda/envs/MetqQ2/lib/python3.11/site-packages/anndata/utils.py:434: FutureWarning: Importing read_excel from `anndata` is deprecated. Import anndata.io.read_excel instead.
  warnings.warn(msg, FutureWarning)
/home/zhangpeiru/.conda/envs/MetqQ2/lib/python3.11/site-packages/anndata/utils.py:434: FutureWarning: Importing read_mtx from `anndata` is deprecated. Import anndata.io.read_mtx instead.
  warnings.warn(msg, FutureWarning)
/home/zhangpeiru/.conda/envs/MetqQ2/lib/python3.11/site-packages/anndata/utils.py:434: FutureWarning: Importing read_loom from `anndata` is deprecated. Import anndata.io.read_loom instead.
  warnings.warn(msg, FutureWarning)
/home/zhangpeiru/.conda/envs/MetqQ2/lib/python3.11/site-packages/anndata/utils.py:434: FutureWarning: Importing read_hdf from `anndata` is deprecated. Import anndata.io.read_hdf instead.
  warnings.warn(msg, FutureWarning)
/home/zhangpeiru/.conda/envs/MetqQ2/lib/python3.11/site-packages/anndata/utils.py:434: FutureWarning: Importing read_umi_tools from `anndata` is deprecated. Import anndata.io.read_umi_tools instead.
  warnings.warn(msg, FutureWarning)
/home/zhangpeiru/.conda/envs/MetqQ2/lib/python3.11/site-packages/scanpy/preprocessing/_highly_variable_genes.py:220: FutureWarning: The default of observed=False is deprecated and will be changed to True in a future version of pandas. Pass observed=False to retain current behavior or observed=True to adopt the future default and silence this warning.
  disp_grouped = df.groupby('mean_bin')['dispersions']
/home/zhangpeiru/.conda/envs/MetqQ2/lib/python3.11/site-packages/scanpy/preprocessing/_simple.py:843: UserWarning: Received a view of an AnnData. Making a copy.
  view_to_actual(adata)
=======Loading and Preprocessing Data=======
Data of 2 omics in total
revision_results/cache/subsets/D5_D5_rna_2000cells_seed1729_rare-gdT-cells-abundance0.001-seed463826.h5ad loaded with shape [2000, 1340]
revision_results/cache/subsets/D5_D5_adt_2000cells_seed1729_rare-gdT-cells-abundance0.001-seed463826.h5ad loaded with shape [2000, 189]
2026-08-29 16:08:24,673 INFO Loading faiss with AVX512 support.
2026-08-29 16:08:24,688 INFO Successfully loaded faiss with AVX512 support.
2026-08-29 16:08:24,691 INFO Failed to load GPU Faiss: name 'GpuIndexIVFFlat' is not defined. Will not load constructor refs for GPU indexes. This is only an error if you're trying to use GPU Faiss.
WARNING clustering 512 points to 40 centroids: please provide at least 1560 training points
GARQ Initialization completed.
/home/zhangpeiru/.conda/envs/MetqQ2/lib/python3.11/site-packages/torch/autograd/__init__.py:251: UserWarning: Memory Efficient attention defaults to a non-deterministic algorithm. To explicitly enable determinism call torch.use_deterministic_algorithms(True, warn_only=False). (Triggered internally at ../aten/src/ATen/native/transformers/cuda/attention_backward.cu:413.)
  Variable._execution_engine.run_backward(  # Calls into the C++ engine to run the backward pass
Epoch 1, RNA: recon_loss=0.5199 , ADT: recon_loss=12.4347 
/data/zhangpeiru/GARQ_revision/model.py:121: UserWarning: cumsum_cuda_kernel does not have a deterministic implementation, but you set 'torch.use_deterministic_algorithms(True, warn_only=True)'. You can file an issue at https://github.com/pytorch/pytorch/issues to help us prioritize adding deterministic support for this operation. (Triggered internally at ../aten/src/ATen/Context.cpp:71.)
  dis_indices = torch.multinomial(
/data/zhangpeiru/GARQ_revision/data_utils.py:131: RuntimeWarning: Mean of empty slice.
  [data[meta_ids == i].mean(axis=0) for i in range(meta_ids.max() + 1)]
/home/zhangpeiru/.conda/envs/MetqQ2/lib/python3.11/site-packages/numpy/core/_methods.py:121: RuntimeWarning: divide by zero encountered in divide
  ret = um.true_divide(
/home/zhangpeiru/.conda/envs/MetqQ2/lib/python3.11/site-packages/numpy/core/_methods.py:121: RuntimeWarning: invalid value encountered in divide
  ret = um.true_divide(
/data/zhangpeiru/GARQ_revision/data_utils.py:140: UserWarning: The given NumPy array is not writable, and PyTorch does not support non-writable tensors. This means writing to this tensor will result in undefined behavior. You may want to copy the array to protect its data or make it writable before converting it to a tensor. This type of warning will be suppressed for the rest of this program. (Triggered internally at ../torch/csrc/utils/tensor_numpy.cpp:206.)
  type_int = torch.from_numpy(adata.obs[args.type_key].cat.codes.values).long()
/data/zhangpeiru/GARQ_revision/data_utils.py:131: RuntimeWarning: Mean of empty slice.
  [data[meta_ids == i].mean(axis=0) for i in range(meta_ids.max() + 1)]
/home/zhangpeiru/.conda/envs/MetqQ2/lib/python3.11/site-packages/numpy/core/_methods.py:121: RuntimeWarning: divide by zero encountered in divide
  ret = um.true_divide(
/home/zhangpeiru/.conda/envs/MetqQ2/lib/python3.11/site-packages/numpy/core/_methods.py:121: RuntimeWarning: invalid value encountered in divide
  ret = um.true_divide(
/home/zhangpeiru/.conda/envs/MetqQ2/lib/python3.11/site-packages/louvain/__init__.py:54: UserWarning: pkg_resources is deprecated as an API. See https://setuptools.pypa.io/en/latest/pkg_resources.html. The pkg_resources package is slated for removal as early as 2025-11-30. Refrain from using this package or pin to Setuptools<81.
  from pkg_resources import get_distribution, DistributionNotFound
/home/zhangpeiru/.conda/envs/MetqQ2/lib/python3.11/site-packages/anndata/utils.py:434: FutureWarning: Importing read_csv from `anndata` is deprecated. Import anndata.io.read_csv instead.
  warnings.warn(msg, FutureWarning)
/home/zhangpeiru/.conda/envs/MetqQ2/lib/python3.11/site-packages/anndata/utils.py:434: FutureWarning: Importing read_text from `anndata` is deprecated. Import anndata.io.read_text instead.
  warnings.warn(msg, FutureWarning)
/home/zhangpeiru/.conda/envs/MetqQ2/lib/python3.11/site-packages/anndata/utils.py:434: FutureWarning: Importing read_excel from `anndata` is deprecated. Import anndata.io.read_excel instead.
  warnings.warn(msg, FutureWarning)
/home/zhangpeiru/.conda/envs/MetqQ2/lib/python3.11/site-packages/anndata/utils.py:434: FutureWarning: Importing read_mtx from `anndata` is deprecated. Import anndata.io.read_mtx instead.
  warnings.warn(msg, FutureWarning)
/home/zhangpeiru/.conda/envs/MetqQ2/lib/python3.11/site-packages/anndata/utils.py:434: FutureWarning: Importing read_loom from `anndata` is deprecated. Import anndata.io.read_loom instead.
  warnings.warn(msg, FutureWarning)
/home/zhangpeiru/.conda/envs/MetqQ2/lib/python3.11/site-packages/anndata/utils.py:434: FutureWarning: Importing read_hdf from `anndata` is deprecated. Import anndata.io.read_hdf instead.
  warnings.warn(msg, FutureWarning)
/home/zhangpeiru/.conda/envs/MetqQ2/lib/python3.11/site-packages/anndata/utils.py:434: FutureWarning: Importing read_umi_tools from `anndata` is deprecated. Import anndata.io.read_umi_tools instead.
  warnings.warn(msg, FutureWarning)
/home/zhangpeiru/.conda/envs/MetqQ2/lib/python3.11/site-packages/scanpy/preprocessing/_highly_variable_genes.py:220: FutureWarning: The default of observed=False is deprecated and will be changed to True in a future version of pandas. Pass observed=False to retain current behavior or observed=True to adopt the future default and silence this warning.
  disp_grouped = df.groupby('mean_bin')['dispersions']
/home/zhangpeiru/.conda/envs/MetqQ2/lib/python3.11/site-packages/scanpy/preprocessing/_simple.py:843: UserWarning: Received a view of an AnnData. Making a copy.
  view_to_actual(adata)
=======Loading and Preprocessing Data=======
Data of 2 omics in total
revision_results/cache/subsets/D5_D5_rna_2000cells_seed1729_rare-gdT-cells-abundance0.001-seed75655.h5ad loaded with shape [2000, 1330]
revision_results/cache/subsets/D5_D5_adt_2000cells_seed1729_rare-gdT-cells-abundance0.001-seed75655.h5ad loaded with shape [2000, 189]
2026-08-29 16:08:37,542 INFO Loading faiss with AVX512 support.
2026-08-29 16:08:37,557 INFO Successfully loaded faiss with AVX512 support.
2026-08-29 16:08:37,560 INFO Failed to load GPU Faiss: name 'GpuIndexIVFFlat' is not defined. Will not load constructor refs for GPU indexes. This is only an error if you're trying to use GPU Faiss.
WARNING clustering 512 points to 40 centroids: please provide at least 1560 training points
GARQ Initialization completed.
/home/zhangpeiru/.conda/envs/MetqQ2/lib/python3.11/site-packages/torch/autograd/__init__.py:251: UserWarning: Memory Efficient attention defaults to a non-deterministic algorithm. To explicitly enable determinism call torch.use_deterministic_algorithms(True, warn_only=False). (Triggered internally at ../aten/src/ATen/native/transformers/cuda/attention_backward.cu:413.)
  Variable._execution_engine.run_backward(  # Calls into the C++ engine to run the backward pass
Epoch 1, RNA: recon_loss=0.4914 , ADT: recon_loss=13.7802 
/data/zhangpeiru/GARQ_revision/model.py:121: UserWarning: cumsum_cuda_kernel does not have a deterministic implementation, but you set 'torch.use_deterministic_algorithms(True, warn_only=True)'. You can file an issue at https://github.com/pytorch/pytorch/issues to help us prioritize adding deterministic support for this operation. (Triggered internally at ../aten/src/ATen/Context.cpp:71.)
  dis_indices = torch.multinomial(
/data/zhangpeiru/GARQ_revision/data_utils.py:131: RuntimeWarning: Mean of empty slice.
  [data[meta_ids == i].mean(axis=0) for i in range(meta_ids.max() + 1)]
/home/zhangpeiru/.conda/envs/MetqQ2/lib/python3.11/site-packages/numpy/core/_methods.py:121: RuntimeWarning: divide by zero encountered in divide
  ret = um.true_divide(
/home/zhangpeiru/.conda/envs/MetqQ2/lib/python3.11/site-packages/numpy/core/_methods.py:121: RuntimeWarning: invalid value encountered in divide
  ret = um.true_divide(
/data/zhangpeiru/GARQ_revision/data_utils.py:140: UserWarning: The given NumPy array is not writable, and PyTorch does not support non-writable tensors. This means writing to this tensor will result in undefined behavior. You may want to copy the array to protect its data or make it writable before converting it to a tensor. This type of warning will be suppressed for the rest of this program. (Triggered internally at ../torch/csrc/utils/tensor_numpy.cpp:206.)
  type_int = torch.from_numpy(adata.obs[args.type_key].cat.codes.values).long()
/data/zhangpeiru/GARQ_revision/data_utils.py:131: RuntimeWarning: Mean of empty slice.
  [data[meta_ids == i].mean(axis=0) for i in range(meta_ids.max() + 1)]
/home/zhangpeiru/.conda/envs/MetqQ2/lib/python3.11/site-packages/numpy/core/_methods.py:121: RuntimeWarning: divide by zero encountered in divide
  ret = um.true_divide(
/home/zhangpeiru/.conda/envs/MetqQ2/lib/python3.11/site-packages/numpy/core/_methods.py:121: RuntimeWarning: invalid value encountered in divide
  ret = um.true_divide(
/home/zhangpeiru/.conda/envs/MetqQ2/lib/python3.11/site-packages/louvain/__init__.py:54: UserWarning: pkg_resources is deprecated as an API. See https://setuptools.pypa.io/en/latest/pkg_resources.html. The pkg_resources package is slated for removal as early as 2025-11-30. Refrain from using this package or pin to Setuptools<81.
  from pkg_resources import get_distribution, DistributionNotFound
/home/zhangpeiru/.conda/envs/MetqQ2/lib/python3.11/site-packages/anndata/utils.py:434: FutureWarning: Importing read_csv from `anndata` is deprecated. Import anndata.io.read_csv instead.
  warnings.warn(msg, FutureWarning)
/home/zhangpeiru/.conda/envs/MetqQ2/lib/python3.11/site-packages/anndata/utils.py:434: FutureWarning: Importing read_text from `anndata` is deprecated. Import anndata.io.read_text instead.
  warnings.warn(msg, FutureWarning)
/home/zhangpeiru/.conda/envs/MetqQ2/lib/python3.11/site-packages/anndata/utils.py:434: FutureWarning: Importing read_excel from `anndata` is deprecated. Import anndata.io.read_excel instead.
  warnings.warn(msg, FutureWarning)
/home/zhangpeiru/.conda/envs/MetqQ2/lib/python3.11/site-packages/anndata/utils.py:434: FutureWarning: Importing read_mtx from `anndata` is deprecated. Import anndata.io.read_mtx instead.
  warnings.warn(msg, FutureWarning)
/home/zhangpeiru/.conda/envs/MetqQ2/lib/python3.11/site-packages/anndata/utils.py:434: FutureWarning: Importing read_loom from `anndata` is deprecated. Import anndata.io.read_loom instead.
  warnings.warn(msg, FutureWarning)
/home/zhangpeiru/.conda/envs/MetqQ2/lib/python3.11/site-packages/anndata/utils.py:434: FutureWarning: Importing read_hdf from `anndata` is deprecated. Import anndata.io.read_hdf instead.
  warnings.warn(msg, FutureWarning)
/home/zhangpeiru/.conda/envs/MetqQ2/lib/python3.11/site-packages/anndata/utils.py:434: FutureWarning: Importing read_umi_tools from `anndata` is deprecated. Import anndata.io.read_umi_tools instead.
  warnings.warn(msg, FutureWarning)
/home/zhangpeiru/.conda/envs/MetqQ2/lib/python3.11/site-packages/scanpy/preprocessing/_highly_variable_genes.py:220: FutureWarning: The default of observed=False is deprecated and will be changed to True in a future version of pandas. Pass observed=False to retain current behavior or observed=True to adopt the future default and silence this warning.
  disp_grouped = df.groupby('mean_bin')['dispersions']
/home/zhangpeiru/.conda/envs/MetqQ2/lib/python3.11/site-packages/scanpy/preprocessing/_simple.py:843: UserWarning: Received a view of an AnnData. Making a copy.
  view_to_actual(adata)
=======Loading and Preprocessing Data=======
Data of 2 omics in total
revision_results/cache/subsets/D5_D5_rna_2000cells_seed1729_rare-gdT-cells-abundance0.001-seed23089.h5ad loaded with shape [2000, 1409]
revision_results/cache/subsets/D5_D5_adt_2000cells_seed1729_rare-gdT-cells-abundance0.001-seed23089.h5ad loaded with shape [2000, 189]
2026-08-29 16:08:49,105 INFO Loading faiss with AVX512 support.
2026-08-29 16:08:49,124 INFO Successfully loaded faiss with AVX512 support.
2026-08-29 16:08:49,127 INFO Failed to load GPU Faiss: name 'GpuIndexIVFFlat' is not defined. Will not load constructor refs for GPU indexes. This is only an error if you're trying to use GPU Faiss.
WARNING clustering 512 points to 40 centroids: please provide at least 1560 training points
GARQ Initialization completed.
/home/zhangpeiru/.conda/envs/MetqQ2/lib/python3.11/site-packages/torch/autograd/__init__.py:251: UserWarning: Memory Efficient attention defaults to a non-deterministic algorithm. To explicitly enable determinism call torch.use_deterministic_algorithms(True, warn_only=False). (Triggered internally at ../aten/src/ATen/native/transformers/cuda/attention_backward.cu:413.)
  Variable._execution_engine.run_backward(  # Calls into the C++ engine to run the backward pass
Epoch 1, RNA: recon_loss=0.4927 , ADT: recon_loss=12.5020 
/data/zhangpeiru/GARQ_revision/model.py:121: UserWarning: cumsum_cuda_kernel does not have a deterministic implementation, but you set 'torch.use_deterministic_algorithms(True, warn_only=True)'. You can file an issue at https://github.com/pytorch/pytorch/issues to help us prioritize adding deterministic support for this operation. (Triggered internally at ../aten/src/ATen/Context.cpp:71.)
  dis_indices = torch.multinomial(
/data/zhangpeiru/GARQ_revision/data_utils.py:131: RuntimeWarning: Mean of empty slice.
  [data[meta_ids == i].mean(axis=0) for i in range(meta_ids.max() + 1)]
/home/zhangpeiru/.conda/envs/MetqQ2/lib/python3.11/site-packages/numpy/core/_methods.py:121: RuntimeWarning: divide by zero encountered in divide
  ret = um.true_divide(
/home/zhangpeiru/.conda/envs/MetqQ2/lib/python3.11/site-packages/numpy/core/_methods.py:121: RuntimeWarning: invalid value encountered in divide
  ret = um.true_divide(
/data/zhangpeiru/GARQ_revision/data_utils.py:140: UserWarning: The given NumPy array is not writable, and PyTorch does not support non-writable tensors. This means writing to this tensor will result in undefined behavior. You may want to copy the array to protect its data or make it writable before converting it to a tensor. This type of warning will be suppressed for the rest of this program. (Triggered internally at ../torch/csrc/utils/tensor_numpy.cpp:206.)
  type_int = torch.from_numpy(adata.obs[args.type_key].cat.codes.values).long()
/data/zhangpeiru/GARQ_revision/data_utils.py:131: RuntimeWarning: Mean of empty slice.
  [data[meta_ids == i].mean(axis=0) for i in range(meta_ids.max() + 1)]
/home/zhangpeiru/.conda/envs/MetqQ2/lib/python3.11/site-packages/numpy/core/_methods.py:121: RuntimeWarning: divide by zero encountered in divide
  ret = um.true_divide(
/home/zhangpeiru/.conda/envs/MetqQ2/lib/python3.11/site-packages/numpy/core/_methods.py:121: RuntimeWarning: invalid value encountered in divide
  ret = um.true_divide(
/home/zhangpeiru/.conda/envs/MetqQ2/lib/python3.11/site-packages/louvain/__init__.py:54: UserWarning: pkg_resources is deprecated as an API. See https://setuptools.pypa.io/en/latest/pkg_resources.html. The pkg_resources package is slated for removal as early as 2025-11-30. Refrain from using this package or pin to Setuptools<81.
  from pkg_resources import get_distribution, DistributionNotFound
/home/zhangpeiru/.conda/envs/MetqQ2/lib/python3.11/site-packages/anndata/utils.py:434: FutureWarning: Importing read_csv from `anndata` is deprecated. Import anndata.io.read_csv instead.
  warnings.warn(msg, FutureWarning)
/home/zhangpeiru/.conda/envs/MetqQ2/lib/python3.11/site-packages/anndata/utils.py:434: FutureWarning: Importing read_text from `anndata` is deprecated. Import anndata.io.read_text instead.
  warnings.warn(msg, FutureWarning)
/home/zhangpeiru/.conda/envs/MetqQ2/lib/python3.11/site-packages/anndata/utils.py:434: FutureWarning: Importing read_excel from `anndata` is deprecated. Import anndata.io.read_excel instead.
  warnings.warn(msg, FutureWarning)
/home/zhangpeiru/.conda/envs/MetqQ2/lib/python3.11/site-packages/anndata/utils.py:434: FutureWarning: Importing read_mtx from `anndata` is deprecated. Import anndata.io.read_mtx instead.
  warnings.warn(msg, FutureWarning)
/home/zhangpeiru/.conda/envs/MetqQ2/lib/python3.11/site-packages/anndata/utils.py:434: FutureWarning: Importing read_loom from `anndata` is deprecated. Import anndata.io.read_loom instead.
  warnings.warn(msg, FutureWarning)
/home/zhangpeiru/.conda/envs/MetqQ2/lib/python3.11/site-packages/anndata/utils.py:434: FutureWarning: Importing read_hdf from `anndata` is deprecated. Import anndata.io.read_hdf instead.
  warnings.warn(msg, FutureWarning)
/home/zhangpeiru/.conda/envs/MetqQ2/lib/python3.11/site-packages/anndata/utils.py:434: FutureWarning: Importing read_umi_tools from `anndata` is deprecated. Import anndata.io.read_umi_tools instead.
  warnings.warn(msg, FutureWarning)
/home/zhangpeiru/.conda/envs/MetqQ2/lib/python3.11/site-packages/scanpy/preprocessing/_highly_variable_genes.py:220: FutureWarning: The default of observed=False is deprecated and will be changed to True in a future version of pandas. Pass observed=False to retain current behavior or observed=True to adopt the future default and silence this warning.
  disp_grouped = df.groupby('mean_bin')['dispersions']
/home/zhangpeiru/.conda/envs/MetqQ2/lib/python3.11/site-packages/scanpy/preprocessing/_simple.py:843: UserWarning: Received a view of an AnnData. Making a copy.
  view_to_actual(adata)
=======Loading and Preprocessing Data=======
Data of 2 omics in total
revision_results/cache/subsets/D5_D5_rna_2000cells_seed1729_rare-gdT-cells-abundance0.001-seed788648.h5ad loaded with shape [2000, 1390]
revision_results/cache/subsets/D5_D5_adt_2000cells_seed1729_rare-gdT-cells-abundance0.001-seed788648.h5ad loaded with shape [2000, 189]
2026-08-29 16:09:00,708 INFO Loading faiss with AVX512 support.
2026-08-29 16:09:00,723 INFO Successfully loaded faiss with AVX512 support.
2026-08-29 16:09:00,726 INFO Failed to load GPU Faiss: name 'GpuIndexIVFFlat' is not defined. Will not load constructor refs for GPU indexes. This is only an error if you're trying to use GPU Faiss.
WARNING clustering 512 points to 40 centroids: please provide at least 1560 training points
GARQ Initialization completed.
/home/zhangpeiru/.conda/envs/MetqQ2/lib/python3.11/site-packages/torch/autograd/__init__.py:251: UserWarning: Memory Efficient attention defaults to a non-deterministic algorithm. To explicitly enable determinism call torch.use_deterministic_algorithms(True, warn_only=False). (Triggered internally at ../aten/src/ATen/native/transformers/cuda/attention_backward.cu:413.)
  Variable._execution_engine.run_backward(  # Calls into the C++ engine to run the backward pass
Epoch 1, RNA: recon_loss=0.4884 , ADT: recon_loss=14.1396 
/data/zhangpeiru/GARQ_revision/model.py:121: UserWarning: cumsum_cuda_kernel does not have a deterministic implementation, but you set 'torch.use_deterministic_algorithms(True, warn_only=True)'. You can file an issue at https://github.com/pytorch/pytorch/issues to help us prioritize adding deterministic support for this operation. (Triggered internally at ../aten/src/ATen/Context.cpp:71.)
  dis_indices = torch.multinomial(
/data/zhangpeiru/GARQ_revision/data_utils.py:140: UserWarning: The given NumPy array is not writable, and PyTorch does not support non-writable tensors. This means writing to this tensor will result in undefined behavior. You may want to copy the array to protect its data or make it writable before converting it to a tensor. This type of warning will be suppressed for the rest of this program. (Triggered internally at ../torch/csrc/utils/tensor_numpy.cpp:206.)
  type_int = torch.from_numpy(adata.obs[args.type_key].cat.codes.values).long()
/home/zhangpeiru/.conda/envs/MetqQ2/lib/python3.11/site-packages/louvain/__init__.py:54: UserWarning: pkg_resources is deprecated as an API. See https://setuptools.pypa.io/en/latest/pkg_resources.html. The pkg_resources package is slated for removal as early as 2025-11-30. Refrain from using this package or pin to Setuptools<81.
  from pkg_resources import get_distribution, DistributionNotFound
/home/zhangpeiru/.conda/envs/MetqQ2/lib/python3.11/site-packages/anndata/utils.py:434: FutureWarning: Importing read_csv from `anndata` is deprecated. Import anndata.io.read_csv instead.
  warnings.warn(msg, FutureWarning)
/home/zhangpeiru/.conda/envs/MetqQ2/lib/python3.11/site-packages/anndata/utils.py:434: FutureWarning: Importing read_text from `anndata` is deprecated. Import anndata.io.read_text instead.
  warnings.warn(msg, FutureWarning)
/home/zhangpeiru/.conda/envs/MetqQ2/lib/python3.11/site-packages/anndata/utils.py:434: FutureWarning: Importing read_excel from `anndata` is deprecated. Import anndata.io.read_excel instead.
  warnings.warn(msg, FutureWarning)
/home/zhangpeiru/.conda/envs/MetqQ2/lib/python3.11/site-packages/anndata/utils.py:434: FutureWarning: Importing read_mtx from `anndata` is deprecated. Import anndata.io.read_mtx instead.
  warnings.warn(msg, FutureWarning)
/home/zhangpeiru/.conda/envs/MetqQ2/lib/python3.11/site-packages/anndata/utils.py:434: FutureWarning: Importing read_loom from `anndata` is deprecated. Import anndata.io.read_loom instead.
  warnings.warn(msg, FutureWarning)
/home/zhangpeiru/.conda/envs/MetqQ2/lib/python3.11/site-packages/anndata/utils.py:434: FutureWarning: Importing read_hdf from `anndata` is deprecated. Import anndata.io.read_hdf instead.
  warnings.warn(msg, FutureWarning)
/home/zhangpeiru/.conda/envs/MetqQ2/lib/python3.11/site-packages/anndata/utils.py:434: FutureWarning: Importing read_umi_tools from `anndata` is deprecated. Import anndata.io.read_umi_tools instead.
  warnings.warn(msg, FutureWarning)
/home/zhangpeiru/.conda/envs/MetqQ2/lib/python3.11/site-packages/scanpy/preprocessing/_highly_variable_genes.py:220: FutureWarning: The default of observed=False is deprecated and will be changed to True in a future version of pandas. Pass observed=False to retain current behavior or observed=True to adopt the future default and silence this warning.
  disp_grouped = df.groupby('mean_bin')['dispersions']
/home/zhangpeiru/.conda/envs/MetqQ2/lib/python3.11/site-packages/scanpy/preprocessing/_simple.py:843: UserWarning: Received a view of an AnnData. Making a copy.
  view_to_actual(adata)
=======Loading and Preprocessing Data=======
Data of 2 omics in total
revision_results/cache/subsets/D5_D5_rna_2000cells_seed1729_rare-gdT-cells-abundance0.002-seed510685.h5ad loaded with shape [2000, 1359]
revision_results/cache/subsets/D5_D5_adt_2000cells_seed1729_rare-gdT-cells-abundance0.002-seed510685.h5ad loaded with shape [2000, 189]
2026-08-29 16:09:12,775 INFO Loading faiss with AVX512 support.
2026-08-29 16:09:12,795 INFO Successfully loaded faiss with AVX512 support.
2026-08-29 16:09:12,799 INFO Failed to load GPU Faiss: name 'GpuIndexIVFFlat' is not defined. Will not load constructor refs for GPU indexes. This is only an error if you're trying to use GPU Faiss.
WARNING clustering 512 points to 40 centroids: please provide at least 1560 training points
GARQ Initialization completed.
/home/zhangpeiru/.conda/envs/MetqQ2/lib/python3.11/site-packages/torch/autograd/__init__.py:251: UserWarning: Memory Efficient attention defaults to a non-deterministic algorithm. To explicitly enable determinism call torch.use_deterministic_algorithms(True, warn_only=False). (Triggered internally at ../aten/src/ATen/native/transformers/cuda/attention_backward.cu:413.)
  Variable._execution_engine.run_backward(  # Calls into the C++ engine to run the backward pass
Epoch 1, RNA: recon_loss=0.4889 , ADT: recon_loss=12.9678 
/data/zhangpeiru/GARQ_revision/model.py:121: UserWarning: cumsum_cuda_kernel does not have a deterministic implementation, but you set 'torch.use_deterministic_algorithms(True, warn_only=True)'. You can file an issue at https://github.com/pytorch/pytorch/issues to help us prioritize adding deterministic support for this operation. (Triggered internally at ../aten/src/ATen/Context.cpp:71.)
  dis_indices = torch.multinomial(
/data/zhangpeiru/GARQ_revision/data_utils.py:140: UserWarning: The given NumPy array is not writable, and PyTorch does not support non-writable tensors. This means writing to this tensor will result in undefined behavior. You may want to copy the array to protect its data or make it writable before converting it to a tensor. This type of warning will be suppressed for the rest of this program. (Triggered internally at ../torch/csrc/utils/tensor_numpy.cpp:206.)
  type_int = torch.from_numpy(adata.obs[args.type_key].cat.codes.values).long()
/home/zhangpeiru/.conda/envs/MetqQ2/lib/python3.11/site-packages/louvain/__init__.py:54: UserWarning: pkg_resources is deprecated as an API. See https://setuptools.pypa.io/en/latest/pkg_resources.html. The pkg_resources package is slated for removal as early as 2025-11-30. Refrain from using this package or pin to Setuptools<81.
  from pkg_resources import get_distribution, DistributionNotFound
/home/zhangpeiru/.conda/envs/MetqQ2/lib/python3.11/site-packages/anndata/utils.py:434: FutureWarning: Importing read_csv from `anndata` is deprecated. Import anndata.io.read_csv instead.
  warnings.warn(msg, FutureWarning)
/home/zhangpeiru/.conda/envs/MetqQ2/lib/python3.11/site-packages/anndata/utils.py:434: FutureWarning: Importing read_text from `anndata` is deprecated. Import anndata.io.read_text instead.
  warnings.warn(msg, FutureWarning)
/home/zhangpeiru/.conda/envs/MetqQ2/lib/python3.11/site-packages/anndata/utils.py:434: FutureWarning: Importing read_excel from `anndata` is deprecated. Import anndata.io.read_excel instead.
  warnings.warn(msg, FutureWarning)
/home/zhangpeiru/.conda/envs/MetqQ2/lib/python3.11/site-packages/anndata/utils.py:434: FutureWarning: Importing read_mtx from `anndata` is deprecated. Import anndata.io.read_mtx instead.
  warnings.warn(msg, FutureWarning)
/home/zhangpeiru/.conda/envs/MetqQ2/lib/python3.11/site-packages/anndata/utils.py:434: FutureWarning: Importing read_loom from `anndata` is deprecated. Import anndata.io.read_loom instead.
  warnings.warn(msg, FutureWarning)
/home/zhangpeiru/.conda/envs/MetqQ2/lib/python3.11/site-packages/anndata/utils.py:434: FutureWarning: Importing read_hdf from `anndata` is deprecated. Import anndata.io.read_hdf instead.
  warnings.warn(msg, FutureWarning)
/home/zhangpeiru/.conda/envs/MetqQ2/lib/python3.11/site-packages/anndata/utils.py:434: FutureWarning: Importing read_umi_tools from `anndata` is deprecated. Import anndata.io.read_umi_tools instead.
  warnings.warn(msg, FutureWarning)
/home/zhangpeiru/.conda/envs/MetqQ2/lib/python3.11/site-packages/scanpy/preprocessing/_highly_variable_genes.py:220: FutureWarning: The default of observed=False is deprecated and will be changed to True in a future version of pandas. Pass observed=False to retain current behavior or observed=True to adopt the future default and silence this warning.
  disp_grouped = df.groupby('mean_bin')['dispersions']
/home/zhangpeiru/.conda/envs/MetqQ2/lib/python3.11/site-packages/scanpy/preprocessing/_simple.py:843: UserWarning: Received a view of an AnnData. Making a copy.
  view_to_actual(adata)
=======Loading and Preprocessing Data=======
Data of 2 omics in total
revision_results/cache/subsets/D5_D5_rna_2000cells_seed1729_rare-gdT-cells-abundance0.002-seed82788.h5ad loaded with shape [2000, 1407]
revision_results/cache/subsets/D5_D5_adt_2000cells_seed1729_rare-gdT-cells-abundance0.002-seed82788.h5ad loaded with shape [2000, 189]
2026-08-29 16:09:25,169 INFO Loading faiss with AVX512 support.
2026-08-29 16:09:25,186 INFO Successfully loaded faiss with AVX512 support.
2026-08-29 16:09:25,189 INFO Failed to load GPU Faiss: name 'GpuIndexIVFFlat' is not defined. Will not load constructor refs for GPU indexes. This is only an error if you're trying to use GPU Faiss.
WARNING clustering 512 points to 40 centroids: please provide at least 1560 training points
GARQ Initialization completed.
/home/zhangpeiru/.conda/envs/MetqQ2/lib/python3.11/site-packages/torch/autograd/__init__.py:251: UserWarning: Memory Efficient attention defaults to a non-deterministic algorithm. To explicitly enable determinism call torch.use_deterministic_algorithms(True, warn_only=False). (Triggered internally at ../aten/src/ATen/native/transformers/cuda/attention_backward.cu:413.)
  Variable._execution_engine.run_backward(  # Calls into the C++ engine to run the backward pass
Epoch 1, RNA: recon_loss=0.4946 , ADT: recon_loss=13.3153 
/data/zhangpeiru/GARQ_revision/model.py:121: UserWarning: cumsum_cuda_kernel does not have a deterministic implementation, but you set 'torch.use_deterministic_algorithms(True, warn_only=True)'. You can file an issue at https://github.com/pytorch/pytorch/issues to help us prioritize adding deterministic support for this operation. (Triggered internally at ../aten/src/ATen/Context.cpp:71.)
  dis_indices = torch.multinomial(
/data/zhangpeiru/GARQ_revision/data_utils.py:131: RuntimeWarning: Mean of empty slice.
  [data[meta_ids == i].mean(axis=0) for i in range(meta_ids.max() + 1)]
/home/zhangpeiru/.conda/envs/MetqQ2/lib/python3.11/site-packages/numpy/core/_methods.py:121: RuntimeWarning: divide by zero encountered in divide
  ret = um.true_divide(
/home/zhangpeiru/.conda/envs/MetqQ2/lib/python3.11/site-packages/numpy/core/_methods.py:121: RuntimeWarning: invalid value encountered in divide
  ret = um.true_divide(
/data/zhangpeiru/GARQ_revision/data_utils.py:140: UserWarning: The given NumPy array is not writable, and PyTorch does not support non-writable tensors. This means writing to this tensor will result in undefined behavior. You may want to copy the array to protect its data or make it writable before converting it to a tensor. This type of warning will be suppressed for the rest of this program. (Triggered internally at ../torch/csrc/utils/tensor_numpy.cpp:206.)
  type_int = torch.from_numpy(adata.obs[args.type_key].cat.codes.values).long()
/data/zhangpeiru/GARQ_revision/data_utils.py:131: RuntimeWarning: Mean of empty slice.
  [data[meta_ids == i].mean(axis=0) for i in range(meta_ids.max() + 1)]
/home/zhangpeiru/.conda/envs/MetqQ2/lib/python3.11/site-packages/numpy/core/_methods.py:121: RuntimeWarning: divide by zero encountered in divide
  ret = um.true_divide(
/home/zhangpeiru/.conda/envs/MetqQ2/lib/python3.11/site-packages/numpy/core/_methods.py:121: RuntimeWarning: invalid value encountered in divide
  ret = um.true_divide(
/home/zhangpeiru/.conda/envs/MetqQ2/lib/python3.11/site-packages/louvain/__init__.py:54: UserWarning: pkg_resources is deprecated as an API. See https://setuptools.pypa.io/en/latest/pkg_resources.html. The pkg_resources package is slated for removal as early as 2025-11-30. Refrain from using this package or pin to Setuptools<81.
  from pkg_resources import get_distribution, DistributionNotFound
/home/zhangpeiru/.conda/envs/MetqQ2/lib/python3.11/site-packages/anndata/utils.py:434: FutureWarning: Importing read_csv from `anndata` is deprecated. Import anndata.io.read_csv instead.
  warnings.warn(msg, FutureWarning)
/home/zhangpeiru/.conda/envs/MetqQ2/lib/python3.11/site-packages/anndata/utils.py:434: FutureWarning: Importing read_text from `anndata` is deprecated. Import anndata.io.read_text instead.
  warnings.warn(msg, FutureWarning)
/home/zhangpeiru/.conda/envs/MetqQ2/lib/python3.11/site-packages/anndata/utils.py:434: FutureWarning: Importing read_excel from `anndata` is deprecated. Import anndata.io.read_excel instead.
  warnings.warn(msg, FutureWarning)
/home/zhangpeiru/.conda/envs/MetqQ2/lib/python3.11/site-packages/anndata/utils.py:434: FutureWarning: Importing read_mtx from `anndata` is deprecated. Import anndata.io.read_mtx instead.
  warnings.warn(msg, FutureWarning)
/home/zhangpeiru/.conda/envs/MetqQ2/lib/python3.11/site-packages/anndata/utils.py:434: FutureWarning: Importing read_loom from `anndata` is deprecated. Import anndata.io.read_loom instead.
  warnings.warn(msg, FutureWarning)
/home/zhangpeiru/.conda/envs/MetqQ2/lib/python3.11/site-packages/anndata/utils.py:434: FutureWarning: Importing read_hdf from `anndata` is deprecated. Import anndata.io.read_hdf instead.
  warnings.warn(msg, FutureWarning)
/home/zhangpeiru/.conda/envs/MetqQ2/lib/python3.11/site-packages/anndata/utils.py:434: FutureWarning: Importing read_umi_tools from `anndata` is deprecated. Import anndata.io.read_umi_tools instead.
  warnings.warn(msg, FutureWarning)
/home/zhangpeiru/.conda/envs/MetqQ2/lib/python3.11/site-packages/scanpy/preprocessing/_highly_variable_genes.py:220: FutureWarning: The default of observed=False is deprecated and will be changed to True in a future version of pandas. Pass observed=False to retain current behavior or observed=True to adopt the future default and silence this warning.
  disp_grouped = df.groupby('mean_bin')['dispersions']
/home/zhangpeiru/.conda/envs/MetqQ2/lib/python3.11/site-packages/scanpy/preprocessing/_simple.py:843: UserWarning: Received a view of an AnnData. Making a copy.
  view_to_actual(adata)
=======Loading and Preprocessing Data=======
Data of 2 omics in total
revision_results/cache/subsets/D5_D5_rna_2000cells_seed1729_rare-gdT-cells-abundance0.002-seed866327.h5ad loaded with shape [2000, 1400]
revision_results/cache/subsets/D5_D5_adt_2000cells_seed1729_rare-gdT-cells-abundance0.002-seed866327.h5ad loaded with shape [2000, 189]
2026-08-29 16:09:36,711 INFO Loading faiss with AVX512 support.
2026-08-29 16:09:36,729 INFO Successfully loaded faiss with AVX512 support.
2026-08-29 16:09:36,732 INFO Failed to load GPU Faiss: name 'GpuIndexIVFFlat' is not defined. Will not load constructor refs for GPU indexes. This is only an error if you're trying to use GPU Faiss.
WARNING clustering 512 points to 40 centroids: please provide at least 1560 training points
GARQ Initialization completed.
/home/zhangpeiru/.conda/envs/MetqQ2/lib/python3.11/site-packages/torch/autograd/__init__.py:251: UserWarning: Memory Efficient attention defaults to a non-deterministic algorithm. To explicitly enable determinism call torch.use_deterministic_algorithms(True, warn_only=False). (Triggered internally at ../aten/src/ATen/native/transformers/cuda/attention_backward.cu:413.)
  Variable._execution_engine.run_backward(  # Calls into the C++ engine to run the backward pass
Epoch 1, RNA: recon_loss=0.5197 , ADT: recon_loss=12.4861 
/data/zhangpeiru/GARQ_revision/model.py:121: UserWarning: cumsum_cuda_kernel does not have a deterministic implementation, but you set 'torch.use_deterministic_algorithms(True, warn_only=True)'. You can file an issue at https://github.com/pytorch/pytorch/issues to help us prioritize adding deterministic support for this operation. (Triggered internally at ../aten/src/ATen/Context.cpp:71.)
  dis_indices = torch.multinomial(
/data/zhangpeiru/GARQ_revision/data_utils.py:131: RuntimeWarning: Mean of empty slice.
  [data[meta_ids == i].mean(axis=0) for i in range(meta_ids.max() + 1)]
/home/zhangpeiru/.conda/envs/MetqQ2/lib/python3.11/site-packages/numpy/core/_methods.py:121: RuntimeWarning: divide by zero encountered in divide
  ret = um.true_divide(
/home/zhangpeiru/.conda/envs/MetqQ2/lib/python3.11/site-packages/numpy/core/_methods.py:121: RuntimeWarning: invalid value encountered in divide
  ret = um.true_divide(
/data/zhangpeiru/GARQ_revision/data_utils.py:140: UserWarning: The given NumPy array is not writable, and PyTorch does not support non-writable tensors. This means writing to this tensor will result in undefined behavior. You may want to copy the array to protect its data or make it writable before converting it to a tensor. This type of warning will be suppressed for the rest of this program. (Triggered internally at ../torch/csrc/utils/tensor_numpy.cpp:206.)
  type_int = torch.from_numpy(adata.obs[args.type_key].cat.codes.values).long()
/data/zhangpeiru/GARQ_revision/data_utils.py:131: RuntimeWarning: Mean of empty slice.
  [data[meta_ids == i].mean(axis=0) for i in range(meta_ids.max() + 1)]
/home/zhangpeiru/.conda/envs/MetqQ2/lib/python3.11/site-packages/numpy/core/_methods.py:121: RuntimeWarning: divide by zero encountered in divide
  ret = um.true_divide(
/home/zhangpeiru/.conda/envs/MetqQ2/lib/python3.11/site-packages/numpy/core/_methods.py:121: RuntimeWarning: invalid value encountered in divide
  ret = um.true_divide(
/home/zhangpeiru/.conda/envs/MetqQ2/lib/python3.11/site-packages/louvain/__init__.py:54: UserWarning: pkg_resources is deprecated as an API. See https://setuptools.pypa.io/en/latest/pkg_resources.html. The pkg_resources package is slated for removal as early as 2025-11-30. Refrain from using this package or pin to Setuptools<81.
  from pkg_resources import get_distribution, DistributionNotFound
/home/zhangpeiru/.conda/envs/MetqQ2/lib/python3.11/site-packages/anndata/utils.py:434: FutureWarning: Importing read_csv from `anndata` is deprecated. Import anndata.io.read_csv instead.
  warnings.warn(msg, FutureWarning)
/home/zhangpeiru/.conda/envs/MetqQ2/lib/python3.11/site-packages/anndata/utils.py:434: FutureWarning: Importing read_text from `anndata` is deprecated. Import anndata.io.read_text instead.
  warnings.warn(msg, FutureWarning)
/home/zhangpeiru/.conda/envs/MetqQ2/lib/python3.11/site-packages/anndata/utils.py:434: FutureWarning: Importing read_excel from `anndata` is deprecated. Import anndata.io.read_excel instead.
  warnings.warn(msg, FutureWarning)
/home/zhangpeiru/.conda/envs/MetqQ2/lib/python3.11/site-packages/anndata/utils.py:434: FutureWarning: Importing read_mtx from `anndata` is deprecated. Import anndata.io.read_mtx instead.
  warnings.warn(msg, FutureWarning)
/home/zhangpeiru/.conda/envs/MetqQ2/lib/python3.11/site-packages/anndata/utils.py:434: FutureWarning: Importing read_loom from `anndata` is deprecated. Import anndata.io.read_loom instead.
  warnings.warn(msg, FutureWarning)
/home/zhangpeiru/.conda/envs/MetqQ2/lib/python3.11/site-packages/anndata/utils.py:434: FutureWarning: Importing read_hdf from `anndata` is deprecated. Import anndata.io.read_hdf instead.
  warnings.warn(msg, FutureWarning)
/home/zhangpeiru/.conda/envs/MetqQ2/lib/python3.11/site-packages/anndata/utils.py:434: FutureWarning: Importing read_umi_tools from `anndata` is deprecated. Import anndata.io.read_umi_tools instead.
  warnings.warn(msg, FutureWarning)
/home/zhangpeiru/.conda/envs/MetqQ2/lib/python3.11/site-packages/scanpy/preprocessing/_highly_variable_genes.py:220: FutureWarning: The default of observed=False is deprecated and will be changed to True in a future version of pandas. Pass observed=False to retain current behavior or observed=True to adopt the future default and silence this warning.
  disp_grouped = df.groupby('mean_bin')['dispersions']
/home/zhangpeiru/.conda/envs/MetqQ2/lib/python3.11/site-packages/scanpy/preprocessing/_simple.py:843: UserWarning: Received a view of an AnnData. Making a copy.
  view_to_actual(adata)
=======Loading and Preprocessing Data=======
Data of 2 omics in total
revision_results/cache/subsets/D5_D5_rna_2000cells_seed1729_rare-gdT-cells-abundance0.002-seed693313.h5ad loaded with shape [2000, 1401]
revision_results/cache/subsets/D5_D5_adt_2000cells_seed1729_rare-gdT-cells-abundance0.002-seed693313.h5ad loaded with shape [2000, 189]
2026-08-29 16:09:49,158 INFO Loading faiss with AVX512 support.
2026-08-29 16:09:49,178 INFO Successfully loaded faiss with AVX512 support.
2026-08-29 16:09:49,182 INFO Failed to load GPU Faiss: name 'GpuIndexIVFFlat' is not defined. Will not load constructor refs for GPU indexes. This is only an error if you're trying to use GPU Faiss.
WARNING clustering 512 points to 40 centroids: please provide at least 1560 training points
GARQ Initialization completed.
/home/zhangpeiru/.conda/envs/MetqQ2/lib/python3.11/site-packages/torch/autograd/__init__.py:251: UserWarning: Memory Efficient attention defaults to a non-deterministic algorithm. To explicitly enable determinism call torch.use_deterministic_algorithms(True, warn_only=False). (Triggered internally at ../aten/src/ATen/native/transformers/cuda/attention_backward.cu:413.)
  Variable._execution_engine.run_backward(  # Calls into the C++ engine to run the backward pass
Epoch 1, RNA: recon_loss=0.5014 , ADT: recon_loss=12.9027 
/data/zhangpeiru/GARQ_revision/model.py:121: UserWarning: cumsum_cuda_kernel does not have a deterministic implementation, but you set 'torch.use_deterministic_algorithms(True, warn_only=True)'. You can file an issue at https://github.com/pytorch/pytorch/issues to help us prioritize adding deterministic support for this operation. (Triggered internally at ../aten/src/ATen/Context.cpp:71.)
  dis_indices = torch.multinomial(
/data/zhangpeiru/GARQ_revision/data_utils.py:131: RuntimeWarning: Mean of empty slice.
  [data[meta_ids == i].mean(axis=0) for i in range(meta_ids.max() + 1)]
/home/zhangpeiru/.conda/envs/MetqQ2/lib/python3.11/site-packages/numpy/core/_methods.py:121: RuntimeWarning: divide by zero encountered in divide
  ret = um.true_divide(
/home/zhangpeiru/.conda/envs/MetqQ2/lib/python3.11/site-packages/numpy/core/_methods.py:121: RuntimeWarning: invalid value encountered in divide
  ret = um.true_divide(
/data/zhangpeiru/GARQ_revision/data_utils.py:140: UserWarning: The given NumPy array is not writable, and PyTorch does not support non-writable tensors. This means writing to this tensor will result in undefined behavior. You may want to copy the array to protect its data or make it writable before converting it to a tensor. This type of warning will be suppressed for the rest of this program. (Triggered internally at ../torch/csrc/utils/tensor_numpy.cpp:206.)
  type_int = torch.from_numpy(adata.obs[args.type_key].cat.codes.values).long()
/data/zhangpeiru/GARQ_revision/data_utils.py:131: RuntimeWarning: Mean of empty slice.
  [data[meta_ids == i].mean(axis=0) for i in range(meta_ids.max() + 1)]
/home/zhangpeiru/.conda/envs/MetqQ2/lib/python3.11/site-packages/numpy/core/_methods.py:121: RuntimeWarning: divide by zero encountered in divide
  ret = um.true_divide(
/home/zhangpeiru/.conda/envs/MetqQ2/lib/python3.11/site-packages/numpy/core/_methods.py:121: RuntimeWarning: invalid value encountered in divide
  ret = um.true_divide(
/home/zhangpeiru/.conda/envs/MetqQ2/lib/python3.11/site-packages/louvain/__init__.py:54: UserWarning: pkg_resources is deprecated as an API. See https://setuptools.pypa.io/en/latest/pkg_resources.html. The pkg_resources package is slated for removal as early as 2025-11-30. Refrain from using this package or pin to Setuptools<81.
  from pkg_resources import get_distribution, DistributionNotFound
/home/zhangpeiru/.conda/envs/MetqQ2/lib/python3.11/site-packages/anndata/utils.py:434: FutureWarning: Importing read_csv from `anndata` is deprecated. Import anndata.io.read_csv instead.
  warnings.warn(msg, FutureWarning)
/home/zhangpeiru/.conda/envs/MetqQ2/lib/python3.11/site-packages/anndata/utils.py:434: FutureWarning: Importing read_text from `anndata` is deprecated. Import anndata.io.read_text instead.
  warnings.warn(msg, FutureWarning)
/home/zhangpeiru/.conda/envs/MetqQ2/lib/python3.11/site-packages/anndata/utils.py:434: FutureWarning: Importing read_excel from `anndata` is deprecated. Import anndata.io.read_excel instead.
  warnings.warn(msg, FutureWarning)
/home/zhangpeiru/.conda/envs/MetqQ2/lib/python3.11/site-packages/anndata/utils.py:434: FutureWarning: Importing read_mtx from `anndata` is deprecated. Import anndata.io.read_mtx instead.
  warnings.warn(msg, FutureWarning)
/home/zhangpeiru/.conda/envs/MetqQ2/lib/python3.11/site-packages/anndata/utils.py:434: FutureWarning: Importing read_loom from `anndata` is deprecated. Import anndata.io.read_loom instead.
  warnings.warn(msg, FutureWarning)
/home/zhangpeiru/.conda/envs/MetqQ2/lib/python3.11/site-packages/anndata/utils.py:434: FutureWarning: Importing read_hdf from `anndata` is deprecated. Import anndata.io.read_hdf instead.
  warnings.warn(msg, FutureWarning)
/home/zhangpeiru/.conda/envs/MetqQ2/lib/python3.11/site-packages/anndata/utils.py:434: FutureWarning: Importing read_umi_tools from `anndata` is deprecated. Import anndata.io.read_umi_tools instead.
  warnings.warn(msg, FutureWarning)
/home/zhangpeiru/.conda/envs/MetqQ2/lib/python3.11/site-packages/scanpy/preprocessing/_highly_variable_genes.py:220: FutureWarning: The default of observed=False is deprecated and will be changed to True in a future version of pandas. Pass observed=False to retain current behavior or observed=True to adopt the future default and silence this warning.
  disp_grouped = df.groupby('mean_bin')['dispersions']
/home/zhangpeiru/.conda/envs/MetqQ2/lib/python3.11/site-packages/scanpy/preprocessing/_simple.py:843: UserWarning: Received a view of an AnnData. Making a copy.
  view_to_actual(adata)
=======Loading and Preprocessing Data=======
Data of 2 omics in total
revision_results/cache/subsets/D5_D5_rna_2000cells_seed1729_rare-gdT-cells-abundance0.002-seed202927.h5ad loaded with shape [2000, 1332]
revision_results/cache/subsets/D5_D5_adt_2000cells_seed1729_rare-gdT-cells-abundance0.002-seed202927.h5ad loaded with shape [2000, 189]
2026-08-29 16:10:00,642 INFO Loading faiss with AVX512 support.
2026-08-29 16:10:00,662 INFO Successfully loaded faiss with AVX512 support.
2026-08-29 16:10:00,666 INFO Failed to load GPU Faiss: name 'GpuIndexIVFFlat' is not defined. Will not load constructor refs for GPU indexes. This is only an error if you're trying to use GPU Faiss.
WARNING clustering 512 points to 40 centroids: please provide at least 1560 training points
GARQ Initialization completed.
/home/zhangpeiru/.conda/envs/MetqQ2/lib/python3.11/site-packages/torch/autograd/__init__.py:251: UserWarning: Memory Efficient attention defaults to a non-deterministic algorithm. To explicitly enable determinism call torch.use_deterministic_algorithms(True, warn_only=False). (Triggered internally at ../aten/src/ATen/native/transformers/cuda/attention_backward.cu:413.)
  Variable._execution_engine.run_backward(  # Calls into the C++ engine to run the backward pass
Epoch 1, RNA: recon_loss=0.5257 , ADT: recon_loss=12.4309 
/data/zhangpeiru/GARQ_revision/model.py:121: UserWarning: cumsum_cuda_kernel does not have a deterministic implementation, but you set 'torch.use_deterministic_algorithms(True, warn_only=True)'. You can file an issue at https://github.com/pytorch/pytorch/issues to help us prioritize adding deterministic support for this operation. (Triggered internally at ../aten/src/ATen/Context.cpp:71.)
  dis_indices = torch.multinomial(
/data/zhangpeiru/GARQ_revision/data_utils.py:131: RuntimeWarning: Mean of empty slice.
  [data[meta_ids == i].mean(axis=0) for i in range(meta_ids.max() + 1)]
/home/zhangpeiru/.conda/envs/MetqQ2/lib/python3.11/site-packages/numpy/core/_methods.py:121: RuntimeWarning: divide by zero encountered in divide
  ret = um.true_divide(
/home/zhangpeiru/.conda/envs/MetqQ2/lib/python3.11/site-packages/numpy/core/_methods.py:121: RuntimeWarning: invalid value encountered in divide
  ret = um.true_divide(
/data/zhangpeiru/GARQ_revision/data_utils.py:140: UserWarning: The given NumPy array is not writable, and PyTorch does not support non-writable tensors. This means writing to this tensor will result in undefined behavior. You may want to copy the array to protect its data or make it writable before converting it to a tensor. This type of warning will be suppressed for the rest of this program. (Triggered internally at ../torch/csrc/utils/tensor_numpy.cpp:206.)
  type_int = torch.from_numpy(adata.obs[args.type_key].cat.codes.values).long()
/data/zhangpeiru/GARQ_revision/data_utils.py:131: RuntimeWarning: Mean of empty slice.
  [data[meta_ids == i].mean(axis=0) for i in range(meta_ids.max() + 1)]
/home/zhangpeiru/.conda/envs/MetqQ2/lib/python3.11/site-packages/numpy/core/_methods.py:121: RuntimeWarning: divide by zero encountered in divide
  ret = um.true_divide(
/home/zhangpeiru/.conda/envs/MetqQ2/lib/python3.11/site-packages/numpy/core/_methods.py:121: RuntimeWarning: invalid value encountered in divide
  ret = um.true_divide(
/home/zhangpeiru/.conda/envs/MetqQ2/lib/python3.11/site-packages/louvain/__init__.py:54: UserWarning: pkg_resources is deprecated as an API. See https://setuptools.pypa.io/en/latest/pkg_resources.html. The pkg_resources package is slated for removal as early as 2025-11-30. Refrain from using this package or pin to Setuptools<81.
  from pkg_resources import get_distribution, DistributionNotFound
/home/zhangpeiru/.conda/envs/MetqQ2/lib/python3.11/site-packages/anndata/utils.py:434: FutureWarning: Importing read_csv from `anndata` is deprecated. Import anndata.io.read_csv instead.
  warnings.warn(msg, FutureWarning)
/home/zhangpeiru/.conda/envs/MetqQ2/lib/python3.11/site-packages/anndata/utils.py:434: FutureWarning: Importing read_text from `anndata` is deprecated. Import anndata.io.read_text instead.
  warnings.warn(msg, FutureWarning)
/home/zhangpeiru/.conda/envs/MetqQ2/lib/python3.11/site-packages/anndata/utils.py:434: FutureWarning: Importing read_excel from `anndata` is deprecated. Import anndata.io.read_excel instead.
  warnings.warn(msg, FutureWarning)
/home/zhangpeiru/.conda/envs/MetqQ2/lib/python3.11/site-packages/anndata/utils.py:434: FutureWarning: Importing read_mtx from `anndata` is deprecated. Import anndata.io.read_mtx instead.
  warnings.warn(msg, FutureWarning)
/home/zhangpeiru/.conda/envs/MetqQ2/lib/python3.11/site-packages/anndata/utils.py:434: FutureWarning: Importing read_loom from `anndata` is deprecated. Import anndata.io.read_loom instead.
  warnings.warn(msg, FutureWarning)
/home/zhangpeiru/.conda/envs/MetqQ2/lib/python3.11/site-packages/anndata/utils.py:434: FutureWarning: Importing read_hdf from `anndata` is deprecated. Import anndata.io.read_hdf instead.
  warnings.warn(msg, FutureWarning)
/home/zhangpeiru/.conda/envs/MetqQ2/lib/python3.11/site-packages/anndata/utils.py:434: FutureWarning: Importing read_umi_tools from `anndata` is deprecated. Import anndata.io.read_umi_tools instead.
  warnings.warn(msg, FutureWarning)
/home/zhangpeiru/.conda/envs/MetqQ2/lib/python3.11/site-packages/scanpy/preprocessing/_highly_variable_genes.py:220: FutureWarning: The default of observed=False is deprecated and will be changed to True in a future version of pandas. Pass observed=False to retain current behavior or observed=True to adopt the future default and silence this warning.
  disp_grouped = df.groupby('mean_bin')['dispersions']
/home/zhangpeiru/.conda/envs/MetqQ2/lib/python3.11/site-packages/scanpy/preprocessing/_simple.py:843: UserWarning: Received a view of an AnnData. Making a copy.
  view_to_actual(adata)
=======Loading and Preprocessing Data=======
Data of 2 omics in total
revision_results/cache/subsets/D5_D5_rna_2000cells_seed1729_rare-gdT-cells-abundance0.005-seed827414.h5ad loaded with shape [2000, 1329]
revision_results/cache/subsets/D5_D5_adt_2000cells_seed1729_rare-gdT-cells-abundance0.005-seed827414.h5ad loaded with shape [2000, 189]
2026-08-29 16:10:13,709 INFO Loading faiss with AVX512 support.
2026-08-29 16:10:13,727 INFO Successfully loaded faiss with AVX512 support.
2026-08-29 16:10:13,730 INFO Failed to load GPU Faiss: name 'GpuIndexIVFFlat' is not defined. Will not load constructor refs for GPU indexes. This is only an error if you're trying to use GPU Faiss.
WARNING clustering 512 points to 40 centroids: please provide at least 1560 training points
GARQ Initialization completed.
/home/zhangpeiru/.conda/envs/MetqQ2/lib/python3.11/site-packages/torch/autograd/__init__.py:251: UserWarning: Memory Efficient attention defaults to a non-deterministic algorithm. To explicitly enable determinism call torch.use_deterministic_algorithms(True, warn_only=False). (Triggered internally at ../aten/src/ATen/native/transformers/cuda/attention_backward.cu:413.)
  Variable._execution_engine.run_backward(  # Calls into the C++ engine to run the backward pass
Epoch 1, RNA: recon_loss=0.5257 , ADT: recon_loss=13.2620 
/data/zhangpeiru/GARQ_revision/model.py:121: UserWarning: cumsum_cuda_kernel does not have a deterministic implementation, but you set 'torch.use_deterministic_algorithms(True, warn_only=True)'. You can file an issue at https://github.com/pytorch/pytorch/issues to help us prioritize adding deterministic support for this operation. (Triggered internally at ../aten/src/ATen/Context.cpp:71.)
  dis_indices = torch.multinomial(
/data/zhangpeiru/GARQ_revision/data_utils.py:131: RuntimeWarning: Mean of empty slice.
  [data[meta_ids == i].mean(axis=0) for i in range(meta_ids.max() + 1)]
/home/zhangpeiru/.conda/envs/MetqQ2/lib/python3.11/site-packages/numpy/core/_methods.py:121: RuntimeWarning: divide by zero encountered in divide
  ret = um.true_divide(
/home/zhangpeiru/.conda/envs/MetqQ2/lib/python3.11/site-packages/numpy/core/_methods.py:121: RuntimeWarning: invalid value encountered in divide
  ret = um.true_divide(
/data/zhangpeiru/GARQ_revision/data_utils.py:140: UserWarning: The given NumPy array is not writable, and PyTorch does not support non-writable tensors. This means writing to this tensor will result in undefined behavior. You may want to copy the array to protect its data or make it writable before converting it to a tensor. This type of warning will be suppressed for the rest of this program. (Triggered internally at ../torch/csrc/utils/tensor_numpy.cpp:206.)
  type_int = torch.from_numpy(adata.obs[args.type_key].cat.codes.values).long()
/data/zhangpeiru/GARQ_revision/data_utils.py:131: RuntimeWarning: Mean of empty slice.
  [data[meta_ids == i].mean(axis=0) for i in range(meta_ids.max() + 1)]
/home/zhangpeiru/.conda/envs/MetqQ2/lib/python3.11/site-packages/numpy/core/_methods.py:121: RuntimeWarning: divide by zero encountered in divide
  ret = um.true_divide(
/home/zhangpeiru/.conda/envs/MetqQ2/lib/python3.11/site-packages/numpy/core/_methods.py:121: RuntimeWarning: invalid value encountered in divide
  ret = um.true_divide(
/home/zhangpeiru/.conda/envs/MetqQ2/lib/python3.11/site-packages/louvain/__init__.py:54: UserWarning: pkg_resources is deprecated as an API. See https://setuptools.pypa.io/en/latest/pkg_resources.html. The pkg_resources package is slated for removal as early as 2025-11-30. Refrain from using this package or pin to Setuptools<81.
  from pkg_resources import get_distribution, DistributionNotFound
/home/zhangpeiru/.conda/envs/MetqQ2/lib/python3.11/site-packages/anndata/utils.py:434: FutureWarning: Importing read_csv from `anndata` is deprecated. Import anndata.io.read_csv instead.
  warnings.warn(msg, FutureWarning)
/home/zhangpeiru/.conda/envs/MetqQ2/lib/python3.11/site-packages/anndata/utils.py:434: FutureWarning: Importing read_text from `anndata` is deprecated. Import anndata.io.read_text instead.
  warnings.warn(msg, FutureWarning)
/home/zhangpeiru/.conda/envs/MetqQ2/lib/python3.11/site-packages/anndata/utils.py:434: FutureWarning: Importing read_excel from `anndata` is deprecated. Import anndata.io.read_excel instead.
  warnings.warn(msg, FutureWarning)
/home/zhangpeiru/.conda/envs/MetqQ2/lib/python3.11/site-packages/anndata/utils.py:434: FutureWarning: Importing read_mtx from `anndata` is deprecated. Import anndata.io.read_mtx instead.
  warnings.warn(msg, FutureWarning)
/home/zhangpeiru/.conda/envs/MetqQ2/lib/python3.11/site-packages/anndata/utils.py:434: FutureWarning: Importing read_loom from `anndata` is deprecated. Import anndata.io.read_loom instead.
  warnings.warn(msg, FutureWarning)
/home/zhangpeiru/.conda/envs/MetqQ2/lib/python3.11/site-packages/anndata/utils.py:434: FutureWarning: Importing read_hdf from `anndata` is deprecated. Import anndata.io.read_hdf instead.
  warnings.warn(msg, FutureWarning)
/home/zhangpeiru/.conda/envs/MetqQ2/lib/python3.11/site-packages/anndata/utils.py:434: FutureWarning: Importing read_umi_tools from `anndata` is deprecated. Import anndata.io.read_umi_tools instead.
  warnings.warn(msg, FutureWarning)
/home/zhangpeiru/.conda/envs/MetqQ2/lib/python3.11/site-packages/scanpy/preprocessing/_highly_variable_genes.py:220: FutureWarning: The default of observed=False is deprecated and will be changed to True in a future version of pandas. Pass observed=False to retain current behavior or observed=True to adopt the future default and silence this warning.
  disp_grouped = df.groupby('mean_bin')['dispersions']
/home/zhangpeiru/.conda/envs/MetqQ2/lib/python3.11/site-packages/scanpy/preprocessing/_simple.py:843: UserWarning: Received a view of an AnnData. Making a copy.
  view_to_actual(adata)
=======Loading and Preprocessing Data=======
Data of 2 omics in total
revision_results/cache/subsets/D5_D5_rna_2000cells_seed1729_rare-gdT-cells-abundance0.005-seed496422.h5ad loaded with shape [2000, 1383]
revision_results/cache/subsets/D5_D5_adt_2000cells_seed1729_rare-gdT-cells-abundance0.005-seed496422.h5ad loaded with shape [2000, 189]
2026-08-29 16:10:25,696 INFO Loading faiss with AVX512 support.
2026-08-29 16:10:25,715 INFO Successfully loaded faiss with AVX512 support.
2026-08-29 16:10:25,718 INFO Failed to load GPU Faiss: name 'GpuIndexIVFFlat' is not defined. Will not load constructor refs for GPU indexes. This is only an error if you're trying to use GPU Faiss.
WARNING clustering 512 points to 40 centroids: please provide at least 1560 training points
GARQ Initialization completed.
/home/zhangpeiru/.conda/envs/MetqQ2/lib/python3.11/site-packages/torch/autograd/__init__.py:251: UserWarning: Memory Efficient attention defaults to a non-deterministic algorithm. To explicitly enable determinism call torch.use_deterministic_algorithms(True, warn_only=False). (Triggered internally at ../aten/src/ATen/native/transformers/cuda/attention_backward.cu:413.)
  Variable._execution_engine.run_backward(  # Calls into the C++ engine to run the backward pass
Epoch 1, RNA: recon_loss=0.4922 , ADT: recon_loss=13.2733 
/data/zhangpeiru/GARQ_revision/model.py:121: UserWarning: cumsum_cuda_kernel does not have a deterministic implementation, but you set 'torch.use_deterministic_algorithms(True, warn_only=True)'. You can file an issue at https://github.com/pytorch/pytorch/issues to help us prioritize adding deterministic support for this operation. (Triggered internally at ../aten/src/ATen/Context.cpp:71.)
  dis_indices = torch.multinomial(
/data/zhangpeiru/GARQ_revision/data_utils.py:131: RuntimeWarning: Mean of empty slice.
  [data[meta_ids == i].mean(axis=0) for i in range(meta_ids.max() + 1)]
/home/zhangpeiru/.conda/envs/MetqQ2/lib/python3.11/site-packages/numpy/core/_methods.py:121: RuntimeWarning: divide by zero encountered in divide
  ret = um.true_divide(
/home/zhangpeiru/.conda/envs/MetqQ2/lib/python3.11/site-packages/numpy/core/_methods.py:121: RuntimeWarning: invalid value encountered in divide
  ret = um.true_divide(
/data/zhangpeiru/GARQ_revision/data_utils.py:140: UserWarning: The given NumPy array is not writable, and PyTorch does not support non-writable tensors. This means writing to this tensor will result in undefined behavior. You may want to copy the array to protect its data or make it writable before converting it to a tensor. This type of warning will be suppressed for the rest of this program. (Triggered internally at ../torch/csrc/utils/tensor_numpy.cpp:206.)
  type_int = torch.from_numpy(adata.obs[args.type_key].cat.codes.values).long()
/data/zhangpeiru/GARQ_revision/data_utils.py:131: RuntimeWarning: Mean of empty slice.
  [data[meta_ids == i].mean(axis=0) for i in range(meta_ids.max() + 1)]
/home/zhangpeiru/.conda/envs/MetqQ2/lib/python3.11/site-packages/numpy/core/_methods.py:121: RuntimeWarning: divide by zero encountered in divide
  ret = um.true_divide(
/home/zhangpeiru/.conda/envs/MetqQ2/lib/python3.11/site-packages/numpy/core/_methods.py:121: RuntimeWarning: invalid value encountered in divide
  ret = um.true_divide(
/home/zhangpeiru/.conda/envs/MetqQ2/lib/python3.11/site-packages/louvain/__init__.py:54: UserWarning: pkg_resources is deprecated as an API. See https://setuptools.pypa.io/en/latest/pkg_resources.html. The pkg_resources package is slated for removal as early as 2025-11-30. Refrain from using this package or pin to Setuptools<81.
  from pkg_resources import get_distribution, DistributionNotFound
/home/zhangpeiru/.conda/envs/MetqQ2/lib/python3.11/site-packages/anndata/utils.py:434: FutureWarning: Importing read_csv from `anndata` is deprecated. Import anndata.io.read_csv instead.
  warnings.warn(msg, FutureWarning)
/home/zhangpeiru/.conda/envs/MetqQ2/lib/python3.11/site-packages/anndata/utils.py:434: FutureWarning: Importing read_text from `anndata` is deprecated. Import anndata.io.read_text instead.
  warnings.warn(msg, FutureWarning)
/home/zhangpeiru/.conda/envs/MetqQ2/lib/python3.11/site-packages/anndata/utils.py:434: FutureWarning: Importing read_excel from `anndata` is deprecated. Import anndata.io.read_excel instead.
  warnings.warn(msg, FutureWarning)
/home/zhangpeiru/.conda/envs/MetqQ2/lib/python3.11/site-packages/anndata/utils.py:434: FutureWarning: Importing read_mtx from `anndata` is deprecated. Import anndata.io.read_mtx instead.
  warnings.warn(msg, FutureWarning)
/home/zhangpeiru/.conda/envs/MetqQ2/lib/python3.11/site-packages/anndata/utils.py:434: FutureWarning: Importing read_loom from `anndata` is deprecated. Import anndata.io.read_loom instead.
  warnings.warn(msg, FutureWarning)
/home/zhangpeiru/.conda/envs/MetqQ2/lib/python3.11/site-packages/anndata/utils.py:434: FutureWarning: Importing read_hdf from `anndata` is deprecated. Import anndata.io.read_hdf instead.
  warnings.warn(msg, FutureWarning)
/home/zhangpeiru/.conda/envs/MetqQ2/lib/python3.11/site-packages/anndata/utils.py:434: FutureWarning: Importing read_umi_tools from `anndata` is deprecated. Import anndata.io.read_umi_tools instead.
  warnings.warn(msg, FutureWarning)
/home/zhangpeiru/.conda/envs/MetqQ2/lib/python3.11/site-packages/scanpy/preprocessing/_highly_variable_genes.py:220: FutureWarning: The default of observed=False is deprecated and will be changed to True in a future version of pandas. Pass observed=False to retain current behavior or observed=True to adopt the future default and silence this warning.
  disp_grouped = df.groupby('mean_bin')['dispersions']
/home/zhangpeiru/.conda/envs/MetqQ2/lib/python3.11/site-packages/scanpy/preprocessing/_simple.py:843: UserWarning: Received a view of an AnnData. Making a copy.
  view_to_actual(adata)
=======Loading and Preprocessing Data=======
Data of 2 omics in total
revision_results/cache/subsets/D5_D5_rna_2000cells_seed1729_rare-gdT-cells-abundance0.005-seed368898.h5ad loaded with shape [2000, 1366]
revision_results/cache/subsets/D5_D5_adt_2000cells_seed1729_rare-gdT-cells-abundance0.005-seed368898.h5ad loaded with shape [2000, 189]
2026-08-29 16:10:37,960 INFO Loading faiss with AVX512 support.
2026-08-29 16:10:37,975 INFO Successfully loaded faiss with AVX512 support.
2026-08-29 16:10:37,978 INFO Failed to load GPU Faiss: name 'GpuIndexIVFFlat' is not defined. Will not load constructor refs for GPU indexes. This is only an error if you're trying to use GPU Faiss.
WARNING clustering 512 points to 40 centroids: please provide at least 1560 training points
GARQ Initialization completed.
/home/zhangpeiru/.conda/envs/MetqQ2/lib/python3.11/site-packages/torch/autograd/__init__.py:251: UserWarning: Memory Efficient attention defaults to a non-deterministic algorithm. To explicitly enable determinism call torch.use_deterministic_algorithms(True, warn_only=False). (Triggered internally at ../aten/src/ATen/native/transformers/cuda/attention_backward.cu:413.)
  Variable._execution_engine.run_backward(  # Calls into the C++ engine to run the backward pass
Epoch 1, RNA: recon_loss=0.4908 , ADT: recon_loss=13.1401 
/data/zhangpeiru/GARQ_revision/model.py:121: UserWarning: cumsum_cuda_kernel does not have a deterministic implementation, but you set 'torch.use_deterministic_algorithms(True, warn_only=True)'. You can file an issue at https://github.com/pytorch/pytorch/issues to help us prioritize adding deterministic support for this operation. (Triggered internally at ../aten/src/ATen/Context.cpp:71.)
  dis_indices = torch.multinomial(
/data/zhangpeiru/GARQ_revision/data_utils.py:131: RuntimeWarning: Mean of empty slice.
  [data[meta_ids == i].mean(axis=0) for i in range(meta_ids.max() + 1)]
/home/zhangpeiru/.conda/envs/MetqQ2/lib/python3.11/site-packages/numpy/core/_methods.py:121: RuntimeWarning: divide by zero encountered in divide
  ret = um.true_divide(
/home/zhangpeiru/.conda/envs/MetqQ2/lib/python3.11/site-packages/numpy/core/_methods.py:121: RuntimeWarning: invalid value encountered in divide
  ret = um.true_divide(
/data/zhangpeiru/GARQ_revision/data_utils.py:140: UserWarning: The given NumPy array is not writable, and PyTorch does not support non-writable tensors. This means writing to this tensor will result in undefined behavior. You may want to copy the array to protect its data or make it writable before converting it to a tensor. This type of warning will be suppressed for the rest of this program. (Triggered internally at ../torch/csrc/utils/tensor_numpy.cpp:206.)
  type_int = torch.from_numpy(adata.obs[args.type_key].cat.codes.values).long()
/data/zhangpeiru/GARQ_revision/data_utils.py:131: RuntimeWarning: Mean of empty slice.
  [data[meta_ids == i].mean(axis=0) for i in range(meta_ids.max() + 1)]
/home/zhangpeiru/.conda/envs/MetqQ2/lib/python3.11/site-packages/numpy/core/_methods.py:121: RuntimeWarning: divide by zero encountered in divide
  ret = um.true_divide(
/home/zhangpeiru/.conda/envs/MetqQ2/lib/python3.11/site-packages/numpy/core/_methods.py:121: RuntimeWarning: invalid value encountered in divide
  ret = um.true_divide(
/home/zhangpeiru/.conda/envs/MetqQ2/lib/python3.11/site-packages/louvain/__init__.py:54: UserWarning: pkg_resources is deprecated as an API. See https://setuptools.pypa.io/en/latest/pkg_resources.html. The pkg_resources package is slated for removal as early as 2025-11-30. Refrain from using this package or pin to Setuptools<81.
  from pkg_resources import get_distribution, DistributionNotFound
/home/zhangpeiru/.conda/envs/MetqQ2/lib/python3.11/site-packages/anndata/utils.py:434: FutureWarning: Importing read_csv from `anndata` is deprecated. Import anndata.io.read_csv instead.
  warnings.warn(msg, FutureWarning)
/home/zhangpeiru/.conda/envs/MetqQ2/lib/python3.11/site-packages/anndata/utils.py:434: FutureWarning: Importing read_text from `anndata` is deprecated. Import anndata.io.read_text instead.
  warnings.warn(msg, FutureWarning)
/home/zhangpeiru/.conda/envs/MetqQ2/lib/python3.11/site-packages/anndata/utils.py:434: FutureWarning: Importing read_excel from `anndata` is deprecated. Import anndata.io.read_excel instead.
  warnings.warn(msg, FutureWarning)
/home/zhangpeiru/.conda/envs/MetqQ2/lib/python3.11/site-packages/anndata/utils.py:434: FutureWarning: Importing read_mtx from `anndata` is deprecated. Import anndata.io.read_mtx instead.
  warnings.warn(msg, FutureWarning)
/home/zhangpeiru/.conda/envs/MetqQ2/lib/python3.11/site-packages/anndata/utils.py:434: FutureWarning: Importing read_loom from `anndata` is deprecated. Import anndata.io.read_loom instead.
  warnings.warn(msg, FutureWarning)
/home/zhangpeiru/.conda/envs/MetqQ2/lib/python3.11/site-packages/anndata/utils.py:434: FutureWarning: Importing read_hdf from `anndata` is deprecated. Import anndata.io.read_hdf instead.
  warnings.warn(msg, FutureWarning)
/home/zhangpeiru/.conda/envs/MetqQ2/lib/python3.11/site-packages/anndata/utils.py:434: FutureWarning: Importing read_umi_tools from `anndata` is deprecated. Import anndata.io.read_umi_tools instead.
  warnings.warn(msg, FutureWarning)
/home/zhangpeiru/.conda/envs/MetqQ2/lib/python3.11/site-packages/scanpy/preprocessing/_highly_variable_genes.py:220: FutureWarning: The default of observed=False is deprecated and will be changed to True in a future version of pandas. Pass observed=False to retain current behavior or observed=True to adopt the future default and silence this warning.
  disp_grouped = df.groupby('mean_bin')['dispersions']
/home/zhangpeiru/.conda/envs/MetqQ2/lib/python3.11/site-packages/scanpy/preprocessing/_simple.py:843: UserWarning: Received a view of an AnnData. Making a copy.
  view_to_actual(adata)
=======Loading and Preprocessing Data=======
Data of 2 omics in total
revision_results/cache/subsets/D5_D5_rna_2000cells_seed1729_rare-gdT-cells-abundance0.005-seed371718.h5ad loaded with shape [2000, 1416]
revision_results/cache/subsets/D5_D5_adt_2000cells_seed1729_rare-gdT-cells-abundance0.005-seed371718.h5ad loaded with shape [2000, 189]
2026-08-29 16:10:49,703 INFO Loading faiss with AVX512 support.
2026-08-29 16:10:49,723 INFO Successfully loaded faiss with AVX512 support.
2026-08-29 16:10:49,727 INFO Failed to load GPU Faiss: name 'GpuIndexIVFFlat' is not defined. Will not load constructor refs for GPU indexes. This is only an error if you're trying to use GPU Faiss.
WARNING clustering 512 points to 40 centroids: please provide at least 1560 training points
GARQ Initialization completed.
/home/zhangpeiru/.conda/envs/MetqQ2/lib/python3.11/site-packages/torch/autograd/__init__.py:251: UserWarning: Memory Efficient attention defaults to a non-deterministic algorithm. To explicitly enable determinism call torch.use_deterministic_algorithms(True, warn_only=False). (Triggered internally at ../aten/src/ATen/native/transformers/cuda/attention_backward.cu:413.)
  Variable._execution_engine.run_backward(  # Calls into the C++ engine to run the backward pass
Epoch 1, RNA: recon_loss=0.4882 , ADT: recon_loss=12.4598 
/data/zhangpeiru/GARQ_revision/model.py:121: UserWarning: cumsum_cuda_kernel does not have a deterministic implementation, but you set 'torch.use_deterministic_algorithms(True, warn_only=True)'. You can file an issue at https://github.com/pytorch/pytorch/issues to help us prioritize adding deterministic support for this operation. (Triggered internally at ../aten/src/ATen/Context.cpp:71.)
  dis_indices = torch.multinomial(
/data/zhangpeiru/GARQ_revision/data_utils.py:131: RuntimeWarning: Mean of empty slice.
  [data[meta_ids == i].mean(axis=0) for i in range(meta_ids.max() + 1)]
/home/zhangpeiru/.conda/envs/MetqQ2/lib/python3.11/site-packages/numpy/core/_methods.py:121: RuntimeWarning: divide by zero encountered in divide
  ret = um.true_divide(
/home/zhangpeiru/.conda/envs/MetqQ2/lib/python3.11/site-packages/numpy/core/_methods.py:121: RuntimeWarning: invalid value encountered in divide
  ret = um.true_divide(
/data/zhangpeiru/GARQ_revision/data_utils.py:140: UserWarning: The given NumPy array is not writable, and PyTorch does not support non-writable tensors. This means writing to this tensor will result in undefined behavior. You may want to copy the array to protect its data or make it writable before converting it to a tensor. This type of warning will be suppressed for the rest of this program. (Triggered internally at ../torch/csrc/utils/tensor_numpy.cpp:206.)
  type_int = torch.from_numpy(adata.obs[args.type_key].cat.codes.values).long()
/data/zhangpeiru/GARQ_revision/data_utils.py:131: RuntimeWarning: Mean of empty slice.
  [data[meta_ids == i].mean(axis=0) for i in range(meta_ids.max() + 1)]
/home/zhangpeiru/.conda/envs/MetqQ2/lib/python3.11/site-packages/numpy/core/_methods.py:121: RuntimeWarning: divide by zero encountered in divide
  ret = um.true_divide(
/home/zhangpeiru/.conda/envs/MetqQ2/lib/python3.11/site-packages/numpy/core/_methods.py:121: RuntimeWarning: invalid value encountered in divide
  ret = um.true_divide(
/home/zhangpeiru/.conda/envs/MetqQ2/lib/python3.11/site-packages/louvain/__init__.py:54: UserWarning: pkg_resources is deprecated as an API. See https://setuptools.pypa.io/en/latest/pkg_resources.html. The pkg_resources package is slated for removal as early as 2025-11-30. Refrain from using this package or pin to Setuptools<81.
  from pkg_resources import get_distribution, DistributionNotFound
/home/zhangpeiru/.conda/envs/MetqQ2/lib/python3.11/site-packages/anndata/utils.py:434: FutureWarning: Importing read_csv from `anndata` is deprecated. Import anndata.io.read_csv instead.
  warnings.warn(msg, FutureWarning)
/home/zhangpeiru/.conda/envs/MetqQ2/lib/python3.11/site-packages/anndata/utils.py:434: FutureWarning: Importing read_text from `anndata` is deprecated. Import anndata.io.read_text instead.
  warnings.warn(msg, FutureWarning)
/home/zhangpeiru/.conda/envs/MetqQ2/lib/python3.11/site-packages/anndata/utils.py:434: FutureWarning: Importing read_excel from `anndata` is deprecated. Import anndata.io.read_excel instead.
  warnings.warn(msg, FutureWarning)
/home/zhangpeiru/.conda/envs/MetqQ2/lib/python3.11/site-packages/anndata/utils.py:434: FutureWarning: Importing read_mtx from `anndata` is deprecated. Import anndata.io.read_mtx instead.
  warnings.warn(msg, FutureWarning)
/home/zhangpeiru/.conda/envs/MetqQ2/lib/python3.11/site-packages/anndata/utils.py:434: FutureWarning: Importing read_loom from `anndata` is deprecated. Import anndata.io.read_loom instead.
  warnings.warn(msg, FutureWarning)
/home/zhangpeiru/.conda/envs/MetqQ2/lib/python3.11/site-packages/anndata/utils.py:434: FutureWarning: Importing read_hdf from `anndata` is deprecated. Import anndata.io.read_hdf instead.
  warnings.warn(msg, FutureWarning)
/home/zhangpeiru/.conda/envs/MetqQ2/lib/python3.11/site-packages/anndata/utils.py:434: FutureWarning: Importing read_umi_tools from `anndata` is deprecated. Import anndata.io.read_umi_tools instead.
  warnings.warn(msg, FutureWarning)
/home/zhangpeiru/.conda/envs/MetqQ2/lib/python3.11/site-packages/scanpy/preprocessing/_highly_variable_genes.py:220: FutureWarning: The default of observed=False is deprecated and will be changed to True in a future version of pandas. Pass observed=False to retain current behavior or observed=True to adopt the future default and silence this warning.
  disp_grouped = df.groupby('mean_bin')['dispersions']
/home/zhangpeiru/.conda/envs/MetqQ2/lib/python3.11/site-packages/scanpy/preprocessing/_simple.py:843: UserWarning: Received a view of an AnnData. Making a copy.
  view_to_actual(adata)
=======Loading and Preprocessing Data=======
Data of 2 omics in total
revision_results/cache/subsets/D5_D5_rna_2000cells_seed1729_rare-gdT-cells-abundance0.005-seed225513.h5ad loaded with shape [2000, 1370]
revision_results/cache/subsets/D5_D5_adt_2000cells_seed1729_rare-gdT-cells-abundance0.005-seed225513.h5ad loaded with shape [2000, 189]
2026-08-29 16:11:02,855 INFO Loading faiss with AVX512 support.
2026-08-29 16:11:02,879 INFO Successfully loaded faiss with AVX512 support.
2026-08-29 16:11:02,883 INFO Failed to load GPU Faiss: name 'GpuIndexIVFFlat' is not defined. Will not load constructor refs for GPU indexes. This is only an error if you're trying to use GPU Faiss.
WARNING clustering 512 points to 40 centroids: please provide at least 1560 training points
GARQ Initialization completed.
/home/zhangpeiru/.conda/envs/MetqQ2/lib/python3.11/site-packages/torch/autograd/__init__.py:251: UserWarning: Memory Efficient attention defaults to a non-deterministic algorithm. To explicitly enable determinism call torch.use_deterministic_algorithms(True, warn_only=False). (Triggered internally at ../aten/src/ATen/native/transformers/cuda/attention_backward.cu:413.)
  Variable._execution_engine.run_backward(  # Calls into the C++ engine to run the backward pass
Epoch 1, RNA: recon_loss=0.5054 , ADT: recon_loss=12.0423 
/data/zhangpeiru/GARQ_revision/model.py:121: UserWarning: cumsum_cuda_kernel does not have a deterministic implementation, but you set 'torch.use_deterministic_algorithms(True, warn_only=True)'. You can file an issue at https://github.com/pytorch/pytorch/issues to help us prioritize adding deterministic support for this operation. (Triggered internally at ../aten/src/ATen/Context.cpp:71.)
  dis_indices = torch.multinomial(
/data/zhangpeiru/GARQ_revision/data_utils.py:131: RuntimeWarning: Mean of empty slice.
  [data[meta_ids == i].mean(axis=0) for i in range(meta_ids.max() + 1)]
/home/zhangpeiru/.conda/envs/MetqQ2/lib/python3.11/site-packages/numpy/core/_methods.py:121: RuntimeWarning: divide by zero encountered in divide
  ret = um.true_divide(
/home/zhangpeiru/.conda/envs/MetqQ2/lib/python3.11/site-packages/numpy/core/_methods.py:121: RuntimeWarning: invalid value encountered in divide
  ret = um.true_divide(
/data/zhangpeiru/GARQ_revision/data_utils.py:140: UserWarning: The given NumPy array is not writable, and PyTorch does not support non-writable tensors. This means writing to this tensor will result in undefined behavior. You may want to copy the array to protect its data or make it writable before converting it to a tensor. This type of warning will be suppressed for the rest of this program. (Triggered internally at ../torch/csrc/utils/tensor_numpy.cpp:206.)
  type_int = torch.from_numpy(adata.obs[args.type_key].cat.codes.values).long()
/data/zhangpeiru/GARQ_revision/data_utils.py:131: RuntimeWarning: Mean of empty slice.
  [data[meta_ids == i].mean(axis=0) for i in range(meta_ids.max() + 1)]
/home/zhangpeiru/.conda/envs/MetqQ2/lib/python3.11/site-packages/numpy/core/_methods.py:121: RuntimeWarning: divide by zero encountered in divide
  ret = um.true_divide(
/home/zhangpeiru/.conda/envs/MetqQ2/lib/python3.11/site-packages/numpy/core/_methods.py:121: RuntimeWarning: invalid value encountered in divide
  ret = um.true_divide(
/home/zhangpeiru/.conda/envs/MetqQ2/lib/python3.11/site-packages/louvain/__init__.py:54: UserWarning: pkg_resources is deprecated as an API. See https://setuptools.pypa.io/en/latest/pkg_resources.html. The pkg_resources package is slated for removal as early as 2025-11-30. Refrain from using this package or pin to Setuptools<81.
  from pkg_resources import get_distribution, DistributionNotFound
/home/zhangpeiru/.conda/envs/MetqQ2/lib/python3.11/site-packages/anndata/utils.py:434: FutureWarning: Importing read_csv from `anndata` is deprecated. Import anndata.io.read_csv instead.
  warnings.warn(msg, FutureWarning)
/home/zhangpeiru/.conda/envs/MetqQ2/lib/python3.11/site-packages/anndata/utils.py:434: FutureWarning: Importing read_text from `anndata` is deprecated. Import anndata.io.read_text instead.
  warnings.warn(msg, FutureWarning)
/home/zhangpeiru/.conda/envs/MetqQ2/lib/python3.11/site-packages/anndata/utils.py:434: FutureWarning: Importing read_excel from `anndata` is deprecated. Import anndata.io.read_excel instead.
  warnings.warn(msg, FutureWarning)
/home/zhangpeiru/.conda/envs/MetqQ2/lib/python3.11/site-packages/anndata/utils.py:434: FutureWarning: Importing read_mtx from `anndata` is deprecated. Import anndata.io.read_mtx instead.
  warnings.warn(msg, FutureWarning)
/home/zhangpeiru/.conda/envs/MetqQ2/lib/python3.11/site-packages/anndata/utils.py:434: FutureWarning: Importing read_loom from `anndata` is deprecated. Import anndata.io.read_loom instead.
  warnings.warn(msg, FutureWarning)
/home/zhangpeiru/.conda/envs/MetqQ2/lib/python3.11/site-packages/anndata/utils.py:434: FutureWarning: Importing read_hdf from `anndata` is deprecated. Import anndata.io.read_hdf instead.
  warnings.warn(msg, FutureWarning)
/home/zhangpeiru/.conda/envs/MetqQ2/lib/python3.11/site-packages/anndata/utils.py:434: FutureWarning: Importing read_umi_tools from `anndata` is deprecated. Import anndata.io.read_umi_tools instead.
  warnings.warn(msg, FutureWarning)
/home/zhangpeiru/.conda/envs/MetqQ2/lib/python3.11/site-packages/scanpy/preprocessing/_highly_variable_genes.py:220: FutureWarning: The default of observed=False is deprecated and will be changed to True in a future version of pandas. Pass observed=False to retain current behavior or observed=True to adopt the future default and silence this warning.
  disp_grouped = df.groupby('mean_bin')['dispersions']
/home/zhangpeiru/.conda/envs/MetqQ2/lib/python3.11/site-packages/scanpy/preprocessing/_simple.py:843: UserWarning: Received a view of an AnnData. Making a copy.
  view_to_actual(adata)
=======Loading and Preprocessing Data=======
Data of 2 omics in total
revision_results/cache/subsets/D5_D5_rna_2000cells_seed1729_rare-gdT-cells-abundance0.01-seed634400.h5ad loaded with shape [2000, 1276]
revision_results/cache/subsets/D5_D5_adt_2000cells_seed1729_rare-gdT-cells-abundance0.01-seed634400.h5ad loaded with shape [2000, 189]
2026-08-29 16:11:15,469 INFO Loading faiss with AVX512 support.
2026-08-29 16:11:15,491 INFO Successfully loaded faiss with AVX512 support.
2026-08-29 16:11:15,495 INFO Failed to load GPU Faiss: name 'GpuIndexIVFFlat' is not defined. Will not load constructor refs for GPU indexes. This is only an error if you're trying to use GPU Faiss.
WARNING clustering 512 points to 40 centroids: please provide at least 1560 training points
GARQ Initialization completed.
/home/zhangpeiru/.conda/envs/MetqQ2/lib/python3.11/site-packages/torch/autograd/__init__.py:251: UserWarning: Memory Efficient attention defaults to a non-deterministic algorithm. To explicitly enable determinism call torch.use_deterministic_algorithms(True, warn_only=False). (Triggered internally at ../aten/src/ATen/native/transformers/cuda/attention_backward.cu:413.)
  Variable._execution_engine.run_backward(  # Calls into the C++ engine to run the backward pass
Epoch 1, RNA: recon_loss=0.5166 , ADT: recon_loss=12.9118 
/data/zhangpeiru/GARQ_revision/model.py:121: UserWarning: cumsum_cuda_kernel does not have a deterministic implementation, but you set 'torch.use_deterministic_algorithms(True, warn_only=True)'. You can file an issue at https://github.com/pytorch/pytorch/issues to help us prioritize adding deterministic support for this operation. (Triggered internally at ../aten/src/ATen/Context.cpp:71.)
  dis_indices = torch.multinomial(
/data/zhangpeiru/GARQ_revision/data_utils.py:131: RuntimeWarning: Mean of empty slice.
  [data[meta_ids == i].mean(axis=0) for i in range(meta_ids.max() + 1)]
/home/zhangpeiru/.conda/envs/MetqQ2/lib/python3.11/site-packages/numpy/core/_methods.py:121: RuntimeWarning: divide by zero encountered in divide
  ret = um.true_divide(
/home/zhangpeiru/.conda/envs/MetqQ2/lib/python3.11/site-packages/numpy/core/_methods.py:121: RuntimeWarning: invalid value encountered in divide
  ret = um.true_divide(
/data/zhangpeiru/GARQ_revision/data_utils.py:140: UserWarning: The given NumPy array is not writable, and PyTorch does not support non-writable tensors. This means writing to this tensor will result in undefined behavior. You may want to copy the array to protect its data or make it writable before converting it to a tensor. This type of warning will be suppressed for the rest of this program. (Triggered internally at ../torch/csrc/utils/tensor_numpy.cpp:206.)
  type_int = torch.from_numpy(adata.obs[args.type_key].cat.codes.values).long()
/data/zhangpeiru/GARQ_revision/data_utils.py:131: RuntimeWarning: Mean of empty slice.
  [data[meta_ids == i].mean(axis=0) for i in range(meta_ids.max() + 1)]
/home/zhangpeiru/.conda/envs/MetqQ2/lib/python3.11/site-packages/numpy/core/_methods.py:121: RuntimeWarning: divide by zero encountered in divide
  ret = um.true_divide(
/home/zhangpeiru/.conda/envs/MetqQ2/lib/python3.11/site-packages/numpy/core/_methods.py:121: RuntimeWarning: invalid value encountered in divide
  ret = um.true_divide(
/home/zhangpeiru/.conda/envs/MetqQ2/lib/python3.11/site-packages/louvain/__init__.py:54: UserWarning: pkg_resources is deprecated as an API. See https://setuptools.pypa.io/en/latest/pkg_resources.html. The pkg_resources package is slated for removal as early as 2025-11-30. Refrain from using this package or pin to Setuptools<81.
  from pkg_resources import get_distribution, DistributionNotFound
/home/zhangpeiru/.conda/envs/MetqQ2/lib/python3.11/site-packages/anndata/utils.py:434: FutureWarning: Importing read_csv from `anndata` is deprecated. Import anndata.io.read_csv instead.
  warnings.warn(msg, FutureWarning)
/home/zhangpeiru/.conda/envs/MetqQ2/lib/python3.11/site-packages/anndata/utils.py:434: FutureWarning: Importing read_text from `anndata` is deprecated. Import anndata.io.read_text instead.
  warnings.warn(msg, FutureWarning)
/home/zhangpeiru/.conda/envs/MetqQ2/lib/python3.11/site-packages/anndata/utils.py:434: FutureWarning: Importing read_excel from `anndata` is deprecated. Import anndata.io.read_excel instead.
  warnings.warn(msg, FutureWarning)
/home/zhangpeiru/.conda/envs/MetqQ2/lib/python3.11/site-packages/anndata/utils.py:434: FutureWarning: Importing read_mtx from `anndata` is deprecated. Import anndata.io.read_mtx instead.
  warnings.warn(msg, FutureWarning)
/home/zhangpeiru/.conda/envs/MetqQ2/lib/python3.11/site-packages/anndata/utils.py:434: FutureWarning: Importing read_loom from `anndata` is deprecated. Import anndata.io.read_loom instead.
  warnings.warn(msg, FutureWarning)
/home/zhangpeiru/.conda/envs/MetqQ2/lib/python3.11/site-packages/anndata/utils.py:434: FutureWarning: Importing read_hdf from `anndata` is deprecated. Import anndata.io.read_hdf instead.
  warnings.warn(msg, FutureWarning)
/home/zhangpeiru/.conda/envs/MetqQ2/lib/python3.11/site-packages/anndata/utils.py:434: FutureWarning: Importing read_umi_tools from `anndata` is deprecated. Import anndata.io.read_umi_tools instead.
  warnings.warn(msg, FutureWarning)
/home/zhangpeiru/.conda/envs/MetqQ2/lib/python3.11/site-packages/scanpy/preprocessing/_highly_variable_genes.py:220: FutureWarning: The default of observed=False is deprecated and will be changed to True in a future version of pandas. Pass observed=False to retain current behavior or observed=True to adopt the future default and silence this warning.
  disp_grouped = df.groupby('mean_bin')['dispersions']
/home/zhangpeiru/.conda/envs/MetqQ2/lib/python3.11/site-packages/scanpy/preprocessing/_simple.py:843: UserWarning: Received a view of an AnnData. Making a copy.
  view_to_actual(adata)
=======Loading and Preprocessing Data=======
Data of 2 omics in total
revision_results/cache/subsets/D5_D5_rna_2000cells_seed1729_rare-gdT-cells-abundance0.01-seed790124.h5ad loaded with shape [2000, 1371]
revision_results/cache/subsets/D5_D5_adt_2000cells_seed1729_rare-gdT-cells-abundance0.01-seed790124.h5ad loaded with shape [2000, 189]
2026-08-29 16:11:28,387 INFO Loading faiss with AVX512 support.
2026-08-29 16:11:28,407 INFO Successfully loaded faiss with AVX512 support.
2026-08-29 16:11:28,411 INFO Failed to load GPU Faiss: name 'GpuIndexIVFFlat' is not defined. Will not load constructor refs for GPU indexes. This is only an error if you're trying to use GPU Faiss.
WARNING clustering 512 points to 40 centroids: please provide at least 1560 training points
GARQ Initialization completed.
/home/zhangpeiru/.conda/envs/MetqQ2/lib/python3.11/site-packages/torch/autograd/__init__.py:251: UserWarning: Memory Efficient attention defaults to a non-deterministic algorithm. To explicitly enable determinism call torch.use_deterministic_algorithms(True, warn_only=False). (Triggered internally at ../aten/src/ATen/native/transformers/cuda/attention_backward.cu:413.)
  Variable._execution_engine.run_backward(  # Calls into the C++ engine to run the backward pass
Epoch 1, RNA: recon_loss=0.4861 , ADT: recon_loss=12.5000 
/data/zhangpeiru/GARQ_revision/model.py:121: UserWarning: cumsum_cuda_kernel does not have a deterministic implementation, but you set 'torch.use_deterministic_algorithms(True, warn_only=True)'. You can file an issue at https://github.com/pytorch/pytorch/issues to help us prioritize adding deterministic support for this operation. (Triggered internally at ../aten/src/ATen/Context.cpp:71.)
  dis_indices = torch.multinomial(
/data/zhangpeiru/GARQ_revision/data_utils.py:131: RuntimeWarning: Mean of empty slice.
  [data[meta_ids == i].mean(axis=0) for i in range(meta_ids.max() + 1)]
/home/zhangpeiru/.conda/envs/MetqQ2/lib/python3.11/site-packages/numpy/core/_methods.py:121: RuntimeWarning: divide by zero encountered in divide
  ret = um.true_divide(
/home/zhangpeiru/.conda/envs/MetqQ2/lib/python3.11/site-packages/numpy/core/_methods.py:121: RuntimeWarning: invalid value encountered in divide
  ret = um.true_divide(
/data/zhangpeiru/GARQ_revision/data_utils.py:140: UserWarning: The given NumPy array is not writable, and PyTorch does not support non-writable tensors. This means writing to this tensor will result in undefined behavior. You may want to copy the array to protect its data or make it writable before converting it to a tensor. This type of warning will be suppressed for the rest of this program. (Triggered internally at ../torch/csrc/utils/tensor_numpy.cpp:206.)
  type_int = torch.from_numpy(adata.obs[args.type_key].cat.codes.values).long()
/data/zhangpeiru/GARQ_revision/data_utils.py:131: RuntimeWarning: Mean of empty slice.
  [data[meta_ids == i].mean(axis=0) for i in range(meta_ids.max() + 1)]
/home/zhangpeiru/.conda/envs/MetqQ2/lib/python3.11/site-packages/numpy/core/_methods.py:121: RuntimeWarning: divide by zero encountered in divide
  ret = um.true_divide(
/home/zhangpeiru/.conda/envs/MetqQ2/lib/python3.11/site-packages/numpy/core/_methods.py:121: RuntimeWarning: invalid value encountered in divide
  ret = um.true_divide(
/home/zhangpeiru/.conda/envs/MetqQ2/lib/python3.11/site-packages/louvain/__init__.py:54: UserWarning: pkg_resources is deprecated as an API. See https://setuptools.pypa.io/en/latest/pkg_resources.html. The pkg_resources package is slated for removal as early as 2025-11-30. Refrain from using this package or pin to Setuptools<81.
  from pkg_resources import get_distribution, DistributionNotFound
/home/zhangpeiru/.conda/envs/MetqQ2/lib/python3.11/site-packages/anndata/utils.py:434: FutureWarning: Importing read_csv from `anndata` is deprecated. Import anndata.io.read_csv instead.
  warnings.warn(msg, FutureWarning)
/home/zhangpeiru/.conda/envs/MetqQ2/lib/python3.11/site-packages/anndata/utils.py:434: FutureWarning: Importing read_text from `anndata` is deprecated. Import anndata.io.read_text instead.
  warnings.warn(msg, FutureWarning)
/home/zhangpeiru/.conda/envs/MetqQ2/lib/python3.11/site-packages/anndata/utils.py:434: FutureWarning: Importing read_excel from `anndata` is deprecated. Import anndata.io.read_excel instead.
  warnings.warn(msg, FutureWarning)
/home/zhangpeiru/.conda/envs/MetqQ2/lib/python3.11/site-packages/anndata/utils.py:434: FutureWarning: Importing read_mtx from `anndata` is deprecated. Import anndata.io.read_mtx instead.
  warnings.warn(msg, FutureWarning)
/home/zhangpeiru/.conda/envs/MetqQ2/lib/python3.11/site-packages/anndata/utils.py:434: FutureWarning: Importing read_loom from `anndata` is deprecated. Import anndata.io.read_loom instead.
  warnings.warn(msg, FutureWarning)
/home/zhangpeiru/.conda/envs/MetqQ2/lib/python3.11/site-packages/anndata/utils.py:434: FutureWarning: Importing read_hdf from `anndata` is deprecated. Import anndata.io.read_hdf instead.
  warnings.warn(msg, FutureWarning)
/home/zhangpeiru/.conda/envs/MetqQ2/lib/python3.11/site-packages/anndata/utils.py:434: FutureWarning: Importing read_umi_tools from `anndata` is deprecated. Import anndata.io.read_umi_tools instead.
  warnings.warn(msg, FutureWarning)
/home/zhangpeiru/.conda/envs/MetqQ2/lib/python3.11/site-packages/scanpy/preprocessing/_highly_variable_genes.py:220: FutureWarning: The default of observed=False is deprecated and will be changed to True in a future version of pandas. Pass observed=False to retain current behavior or observed=True to adopt the future default and silence this warning.
  disp_grouped = df.groupby('mean_bin')['dispersions']
/home/zhangpeiru/.conda/envs/MetqQ2/lib/python3.11/site-packages/scanpy/preprocessing/_simple.py:843: UserWarning: Received a view of an AnnData. Making a copy.
  view_to_actual(adata)
=======Loading and Preprocessing Data=======
Data of 2 omics in total
revision_results/cache/subsets/D5_D5_rna_2000cells_seed1729_rare-gdT-cells-abundance0.01-seed782327.h5ad loaded with shape [2000, 1336]
revision_results/cache/subsets/D5_D5_adt_2000cells_seed1729_rare-gdT-cells-abundance0.01-seed782327.h5ad loaded with shape [2000, 189]
2026-08-29 16:11:40,593 INFO Loading faiss with AVX512 support.
2026-08-29 16:11:40,612 INFO Successfully loaded faiss with AVX512 support.
2026-08-29 16:11:40,616 INFO Failed to load GPU Faiss: name 'GpuIndexIVFFlat' is not defined. Will not load constructor refs for GPU indexes. This is only an error if you're trying to use GPU Faiss.
WARNING clustering 512 points to 40 centroids: please provide at least 1560 training points
GARQ Initialization completed.
/home/zhangpeiru/.conda/envs/MetqQ2/lib/python3.11/site-packages/torch/autograd/__init__.py:251: UserWarning: Memory Efficient attention defaults to a non-deterministic algorithm. To explicitly enable determinism call torch.use_deterministic_algorithms(True, warn_only=False). (Triggered internally at ../aten/src/ATen/native/transformers/cuda/attention_backward.cu:413.)
  Variable._execution_engine.run_backward(  # Calls into the C++ engine to run the backward pass
Epoch 1, RNA: recon_loss=0.4846 , ADT: recon_loss=13.7894 
/data/zhangpeiru/GARQ_revision/model.py:121: UserWarning: cumsum_cuda_kernel does not have a deterministic implementation, but you set 'torch.use_deterministic_algorithms(True, warn_only=True)'. You can file an issue at https://github.com/pytorch/pytorch/issues to help us prioritize adding deterministic support for this operation. (Triggered internally at ../aten/src/ATen/Context.cpp:71.)
  dis_indices = torch.multinomial(
/data/zhangpeiru/GARQ_revision/data_utils.py:131: RuntimeWarning: Mean of empty slice.
  [data[meta_ids == i].mean(axis=0) for i in range(meta_ids.max() + 1)]
/home/zhangpeiru/.conda/envs/MetqQ2/lib/python3.11/site-packages/numpy/core/_methods.py:121: RuntimeWarning: divide by zero encountered in divide
  ret = um.true_divide(
/home/zhangpeiru/.conda/envs/MetqQ2/lib/python3.11/site-packages/numpy/core/_methods.py:121: RuntimeWarning: invalid value encountered in divide
  ret = um.true_divide(
/data/zhangpeiru/GARQ_revision/data_utils.py:140: UserWarning: The given NumPy array is not writable, and PyTorch does not support non-writable tensors. This means writing to this tensor will result in undefined behavior. You may want to copy the array to protect its data or make it writable before converting it to a tensor. This type of warning will be suppressed for the rest of this program. (Triggered internally at ../torch/csrc/utils/tensor_numpy.cpp:206.)
  type_int = torch.from_numpy(adata.obs[args.type_key].cat.codes.values).long()
/data/zhangpeiru/GARQ_revision/data_utils.py:131: RuntimeWarning: Mean of empty slice.
  [data[meta_ids == i].mean(axis=0) for i in range(meta_ids.max() + 1)]
/home/zhangpeiru/.conda/envs/MetqQ2/lib/python3.11/site-packages/numpy/core/_methods.py:121: RuntimeWarning: divide by zero encountered in divide
  ret = um.true_divide(
/home/zhangpeiru/.conda/envs/MetqQ2/lib/python3.11/site-packages/numpy/core/_methods.py:121: RuntimeWarning: invalid value encountered in divide
  ret = um.true_divide(
/home/zhangpeiru/.conda/envs/MetqQ2/lib/python3.11/site-packages/louvain/__init__.py:54: UserWarning: pkg_resources is deprecated as an API. See https://setuptools.pypa.io/en/latest/pkg_resources.html. The pkg_resources package is slated for removal as early as 2025-11-30. Refrain from using this package or pin to Setuptools<81.
  from pkg_resources import get_distribution, DistributionNotFound
/home/zhangpeiru/.conda/envs/MetqQ2/lib/python3.11/site-packages/anndata/utils.py:434: FutureWarning: Importing read_csv from `anndata` is deprecated. Import anndata.io.read_csv instead.
  warnings.warn(msg, FutureWarning)
/home/zhangpeiru/.conda/envs/MetqQ2/lib/python3.11/site-packages/anndata/utils.py:434: FutureWarning: Importing read_text from `anndata` is deprecated. Import anndata.io.read_text instead.
  warnings.warn(msg, FutureWarning)
/home/zhangpeiru/.conda/envs/MetqQ2/lib/python3.11/site-packages/anndata/utils.py:434: FutureWarning: Importing read_excel from `anndata` is deprecated. Import anndata.io.read_excel instead.
  warnings.warn(msg, FutureWarning)
/home/zhangpeiru/.conda/envs/MetqQ2/lib/python3.11/site-packages/anndata/utils.py:434: FutureWarning: Importing read_mtx from `anndata` is deprecated. Import anndata.io.read_mtx instead.
  warnings.warn(msg, FutureWarning)
/home/zhangpeiru/.conda/envs/MetqQ2/lib/python3.11/site-packages/anndata/utils.py:434: FutureWarning: Importing read_loom from `anndata` is deprecated. Import anndata.io.read_loom instead.
  warnings.warn(msg, FutureWarning)
/home/zhangpeiru/.conda/envs/MetqQ2/lib/python3.11/site-packages/anndata/utils.py:434: FutureWarning: Importing read_hdf from `anndata` is deprecated. Import anndata.io.read_hdf instead.
  warnings.warn(msg, FutureWarning)
/home/zhangpeiru/.conda/envs/MetqQ2/lib/python3.11/site-packages/anndata/utils.py:434: FutureWarning: Importing read_umi_tools from `anndata` is deprecated. Import anndata.io.read_umi_tools instead.
  warnings.warn(msg, FutureWarning)
/home/zhangpeiru/.conda/envs/MetqQ2/lib/python3.11/site-packages/scanpy/preprocessing/_highly_variable_genes.py:220: FutureWarning: The default of observed=False is deprecated and will be changed to True in a future version of pandas. Pass observed=False to retain current behavior or observed=True to adopt the future default and silence this warning.
  disp_grouped = df.groupby('mean_bin')['dispersions']
/home/zhangpeiru/.conda/envs/MetqQ2/lib/python3.11/site-packages/scanpy/preprocessing/_simple.py:843: UserWarning: Received a view of an AnnData. Making a copy.
  view_to_actual(adata)
=======Loading and Preprocessing Data=======
Data of 2 omics in total
revision_results/cache/subsets/D5_D5_rna_2000cells_seed1729_rare-gdT-cells-abundance0.01-seed732481.h5ad loaded with shape [2000, 1386]
revision_results/cache/subsets/D5_D5_adt_2000cells_seed1729_rare-gdT-cells-abundance0.01-seed732481.h5ad loaded with shape [2000, 189]
2026-08-29 16:11:52,352 INFO Loading faiss with AVX512 support.
2026-08-29 16:11:52,381 INFO Successfully loaded faiss with AVX512 support.
2026-08-29 16:11:52,385 INFO Failed to load GPU Faiss: name 'GpuIndexIVFFlat' is not defined. Will not load constructor refs for GPU indexes. This is only an error if you're trying to use GPU Faiss.
WARNING clustering 512 points to 40 centroids: please provide at least 1560 training points
GARQ Initialization completed.
/home/zhangpeiru/.conda/envs/MetqQ2/lib/python3.11/site-packages/torch/autograd/__init__.py:251: UserWarning: Memory Efficient attention defaults to a non-deterministic algorithm. To explicitly enable determinism call torch.use_deterministic_algorithms(True, warn_only=False). (Triggered internally at ../aten/src/ATen/native/transformers/cuda/attention_backward.cu:413.)
  Variable._execution_engine.run_backward(  # Calls into the C++ engine to run the backward pass
Epoch 1, RNA: recon_loss=0.5251 , ADT: recon_loss=12.0052 
/data/zhangpeiru/GARQ_revision/model.py:121: UserWarning: cumsum_cuda_kernel does not have a deterministic implementation, but you set 'torch.use_deterministic_algorithms(True, warn_only=True)'. You can file an issue at https://github.com/pytorch/pytorch/issues to help us prioritize adding deterministic support for this operation. (Triggered internally at ../aten/src/ATen/Context.cpp:71.)
  dis_indices = torch.multinomial(
/data/zhangpeiru/GARQ_revision/data_utils.py:131: RuntimeWarning: Mean of empty slice.
  [data[meta_ids == i].mean(axis=0) for i in range(meta_ids.max() + 1)]
/home/zhangpeiru/.conda/envs/MetqQ2/lib/python3.11/site-packages/numpy/core/_methods.py:121: RuntimeWarning: divide by zero encountered in divide
  ret = um.true_divide(
/home/zhangpeiru/.conda/envs/MetqQ2/lib/python3.11/site-packages/numpy/core/_methods.py:121: RuntimeWarning: invalid value encountered in divide
  ret = um.true_divide(
/data/zhangpeiru/GARQ_revision/data_utils.py:140: UserWarning: The given NumPy array is not writable, and PyTorch does not support non-writable tensors. This means writing to this tensor will result in undefined behavior. You may want to copy the array to protect its data or make it writable before converting it to a tensor. This type of warning will be suppressed for the rest of this program. (Triggered internally at ../torch/csrc/utils/tensor_numpy.cpp:206.)
  type_int = torch.from_numpy(adata.obs[args.type_key].cat.codes.values).long()
/data/zhangpeiru/GARQ_revision/data_utils.py:131: RuntimeWarning: Mean of empty slice.
  [data[meta_ids == i].mean(axis=0) for i in range(meta_ids.max() + 1)]
/home/zhangpeiru/.conda/envs/MetqQ2/lib/python3.11/site-packages/numpy/core/_methods.py:121: RuntimeWarning: divide by zero encountered in divide
  ret = um.true_divide(
/home/zhangpeiru/.conda/envs/MetqQ2/lib/python3.11/site-packages/numpy/core/_methods.py:121: RuntimeWarning: invalid value encountered in divide
  ret = um.true_divide(
/home/zhangpeiru/.conda/envs/MetqQ2/lib/python3.11/site-packages/louvain/__init__.py:54: UserWarning: pkg_resources is deprecated as an API. See https://setuptools.pypa.io/en/latest/pkg_resources.html. The pkg_resources package is slated for removal as early as 2025-11-30. Refrain from using this package or pin to Setuptools<81.
  from pkg_resources import get_distribution, DistributionNotFound
/home/zhangpeiru/.conda/envs/MetqQ2/lib/python3.11/site-packages/anndata/utils.py:434: FutureWarning: Importing read_csv from `anndata` is deprecated. Import anndata.io.read_csv instead.
  warnings.warn(msg, FutureWarning)
/home/zhangpeiru/.conda/envs/MetqQ2/lib/python3.11/site-packages/anndata/utils.py:434: FutureWarning: Importing read_text from `anndata` is deprecated. Import anndata.io.read_text instead.
  warnings.warn(msg, FutureWarning)
/home/zhangpeiru/.conda/envs/MetqQ2/lib/python3.11/site-packages/anndata/utils.py:434: FutureWarning: Importing read_excel from `anndata` is deprecated. Import anndata.io.read_excel instead.
  warnings.warn(msg, FutureWarning)
/home/zhangpeiru/.conda/envs/MetqQ2/lib/python3.11/site-packages/anndata/utils.py:434: FutureWarning: Importing read_mtx from `anndata` is deprecated. Import anndata.io.read_mtx instead.
  warnings.warn(msg, FutureWarning)
/home/zhangpeiru/.conda/envs/MetqQ2/lib/python3.11/site-packages/anndata/utils.py:434: FutureWarning: Importing read_loom from `anndata` is deprecated. Import anndata.io.read_loom instead.
  warnings.warn(msg, FutureWarning)
/home/zhangpeiru/.conda/envs/MetqQ2/lib/python3.11/site-packages/anndata/utils.py:434: FutureWarning: Importing read_hdf from `anndata` is deprecated. Import anndata.io.read_hdf instead.
  warnings.warn(msg, FutureWarning)
/home/zhangpeiru/.conda/envs/MetqQ2/lib/python3.11/site-packages/anndata/utils.py:434: FutureWarning: Importing read_umi_tools from `anndata` is deprecated. Import anndata.io.read_umi_tools instead.
  warnings.warn(msg, FutureWarning)
/home/zhangpeiru/.conda/envs/MetqQ2/lib/python3.11/site-packages/scanpy/preprocessing/_highly_variable_genes.py:220: FutureWarning: The default of observed=False is deprecated and will be changed to True in a future version of pandas. Pass observed=False to retain current behavior or observed=True to adopt the future default and silence this warning.
  disp_grouped = df.groupby('mean_bin')['dispersions']
/home/zhangpeiru/.conda/envs/MetqQ2/lib/python3.11/site-packages/scanpy/preprocessing/_simple.py:843: UserWarning: Received a view of an AnnData. Making a copy.
  view_to_actual(adata)
=======Loading and Preprocessing Data=======
Data of 2 omics in total
revision_results/cache/subsets/D5_D5_rna_2000cells_seed1729_rare-gdT-cells-abundance0.01-seed799582.h5ad loaded with shape [2000, 1560]
revision_results/cache/subsets/D5_D5_adt_2000cells_seed1729_rare-gdT-cells-abundance0.01-seed799582.h5ad loaded with shape [2000, 189]
2026-08-29 16:12:03,633 INFO Loading faiss with AVX512 support.
2026-08-29 16:12:03,652 INFO Successfully loaded faiss with AVX512 support.
2026-08-29 16:12:03,657 INFO Failed to load GPU Faiss: name 'GpuIndexIVFFlat' is not defined. Will not load constructor refs for GPU indexes. This is only an error if you're trying to use GPU Faiss.
WARNING clustering 512 points to 40 centroids: please provide at least 1560 training points
GARQ Initialization completed.
/home/zhangpeiru/.conda/envs/MetqQ2/lib/python3.11/site-packages/torch/autograd/__init__.py:251: UserWarning: Memory Efficient attention defaults to a non-deterministic algorithm. To explicitly enable determinism call torch.use_deterministic_algorithms(True, warn_only=False). (Triggered internally at ../aten/src/ATen/native/transformers/cuda/attention_backward.cu:413.)
  Variable._execution_engine.run_backward(  # Calls into the C++ engine to run the backward pass
Epoch 1, RNA: recon_loss=0.4440 , ADT: recon_loss=13.1315 
/data/zhangpeiru/GARQ_revision/model.py:121: UserWarning: cumsum_cuda_kernel does not have a deterministic implementation, but you set 'torch.use_deterministic_algorithms(True, warn_only=True)'. You can file an issue at https://github.com/pytorch/pytorch/issues to help us prioritize adding deterministic support for this operation. (Triggered internally at ../aten/src/ATen/Context.cpp:71.)
  dis_indices = torch.multinomial(
/data/zhangpeiru/GARQ_revision/data_utils.py:131: RuntimeWarning: Mean of empty slice.
  [data[meta_ids == i].mean(axis=0) for i in range(meta_ids.max() + 1)]
/home/zhangpeiru/.conda/envs/MetqQ2/lib/python3.11/site-packages/numpy/core/_methods.py:121: RuntimeWarning: divide by zero encountered in divide
  ret = um.true_divide(
/home/zhangpeiru/.conda/envs/MetqQ2/lib/python3.11/site-packages/numpy/core/_methods.py:121: RuntimeWarning: invalid value encountered in divide
  ret = um.true_divide(
/data/zhangpeiru/GARQ_revision/data_utils.py:140: UserWarning: The given NumPy array is not writable, and PyTorch does not support non-writable tensors. This means writing to this tensor will result in undefined behavior. You may want to copy the array to protect its data or make it writable before converting it to a tensor. This type of warning will be suppressed for the rest of this program. (Triggered internally at ../torch/csrc/utils/tensor_numpy.cpp:206.)
  type_int = torch.from_numpy(adata.obs[args.type_key].cat.codes.values).long()
/data/zhangpeiru/GARQ_revision/data_utils.py:131: RuntimeWarning: Mean of empty slice.
  [data[meta_ids == i].mean(axis=0) for i in range(meta_ids.max() + 1)]
/home/zhangpeiru/.conda/envs/MetqQ2/lib/python3.11/site-packages/numpy/core/_methods.py:121: RuntimeWarning: divide by zero encountered in divide
  ret = um.true_divide(
/home/zhangpeiru/.conda/envs/MetqQ2/lib/python3.11/site-packages/numpy/core/_methods.py:121: RuntimeWarning: invalid value encountered in divide
  ret = um.true_divide(
/home/zhangpeiru/.conda/envs/MetqQ2/lib/python3.11/site-packages/louvain/__init__.py:54: UserWarning: pkg_resources is deprecated as an API. See https://setuptools.pypa.io/en/latest/pkg_resources.html. The pkg_resources package is slated for removal as early as 2025-11-30. Refrain from using this package or pin to Setuptools<81.
  from pkg_resources import get_distribution, DistributionNotFound
/home/zhangpeiru/.conda/envs/MetqQ2/lib/python3.11/site-packages/anndata/utils.py:434: FutureWarning: Importing read_csv from `anndata` is deprecated. Import anndata.io.read_csv instead.
  warnings.warn(msg, FutureWarning)
/home/zhangpeiru/.conda/envs/MetqQ2/lib/python3.11/site-packages/anndata/utils.py:434: FutureWarning: Importing read_text from `anndata` is deprecated. Import anndata.io.read_text instead.
  warnings.warn(msg, FutureWarning)
/home/zhangpeiru/.conda/envs/MetqQ2/lib/python3.11/site-packages/anndata/utils.py:434: FutureWarning: Importing read_excel from `anndata` is deprecated. Import anndata.io.read_excel instead.
  warnings.warn(msg, FutureWarning)
/home/zhangpeiru/.conda/envs/MetqQ2/lib/python3.11/site-packages/anndata/utils.py:434: FutureWarning: Importing read_mtx from `anndata` is deprecated. Import anndata.io.read_mtx instead.
  warnings.warn(msg, FutureWarning)
/home/zhangpeiru/.conda/envs/MetqQ2/lib/python3.11/site-packages/anndata/utils.py:434: FutureWarning: Importing read_loom from `anndata` is deprecated. Import anndata.io.read_loom instead.
  warnings.warn(msg, FutureWarning)
/home/zhangpeiru/.conda/envs/MetqQ2/lib/python3.11/site-packages/anndata/utils.py:434: FutureWarning: Importing read_hdf from `anndata` is deprecated. Import anndata.io.read_hdf instead.
  warnings.warn(msg, FutureWarning)
/home/zhangpeiru/.conda/envs/MetqQ2/lib/python3.11/site-packages/anndata/utils.py:434: FutureWarning: Importing read_umi_tools from `anndata` is deprecated. Import anndata.io.read_umi_tools instead.
  warnings.warn(msg, FutureWarning)
/home/zhangpeiru/.conda/envs/MetqQ2/lib/python3.11/site-packages/scanpy/preprocessing/_highly_variable_genes.py:220: FutureWarning: The default of observed=False is deprecated and will be changed to True in a future version of pandas. Pass observed=False to retain current behavior or observed=True to adopt the future default and silence this warning.
  disp_grouped = df.groupby('mean_bin')['dispersions']
/home/zhangpeiru/.conda/envs/MetqQ2/lib/python3.11/site-packages/scanpy/preprocessing/_simple.py:843: UserWarning: Received a view of an AnnData. Making a copy.
  view_to_actual(adata)
=======Loading and Preprocessing Data=======
Data of 2 omics in total
revision_results/cache/subsets/D5_D5_rna_2000cells_seed1729_rare-gdT-cells-abundance0.02-seed668704.h5ad loaded with shape [2000, 1385]
revision_results/cache/subsets/D5_D5_adt_2000cells_seed1729_rare-gdT-cells-abundance0.02-seed668704.h5ad loaded with shape [2000, 189]
2026-08-29 16:12:15,823 INFO Loading faiss with AVX512 support.
2026-08-29 16:12:15,844 INFO Successfully loaded faiss with AVX512 support.
2026-08-29 16:12:15,848 INFO Failed to load GPU Faiss: name 'GpuIndexIVFFlat' is not defined. Will not load constructor refs for GPU indexes. This is only an error if you're trying to use GPU Faiss.
WARNING clustering 512 points to 40 centroids: please provide at least 1560 training points
GARQ Initialization completed.
/home/zhangpeiru/.conda/envs/MetqQ2/lib/python3.11/site-packages/torch/autograd/__init__.py:251: UserWarning: Memory Efficient attention defaults to a non-deterministic algorithm. To explicitly enable determinism call torch.use_deterministic_algorithms(True, warn_only=False). (Triggered internally at ../aten/src/ATen/native/transformers/cuda/attention_backward.cu:413.)
  Variable._execution_engine.run_backward(  # Calls into the C++ engine to run the backward pass
Epoch 1, RNA: recon_loss=0.5013 , ADT: recon_loss=12.7527 
/data/zhangpeiru/GARQ_revision/model.py:121: UserWarning: cumsum_cuda_kernel does not have a deterministic implementation, but you set 'torch.use_deterministic_algorithms(True, warn_only=True)'. You can file an issue at https://github.com/pytorch/pytorch/issues to help us prioritize adding deterministic support for this operation. (Triggered internally at ../aten/src/ATen/Context.cpp:71.)
  dis_indices = torch.multinomial(
/data/zhangpeiru/GARQ_revision/data_utils.py:131: RuntimeWarning: Mean of empty slice.
  [data[meta_ids == i].mean(axis=0) for i in range(meta_ids.max() + 1)]
/home/zhangpeiru/.conda/envs/MetqQ2/lib/python3.11/site-packages/numpy/core/_methods.py:121: RuntimeWarning: divide by zero encountered in divide
  ret = um.true_divide(
/home/zhangpeiru/.conda/envs/MetqQ2/lib/python3.11/site-packages/numpy/core/_methods.py:121: RuntimeWarning: invalid value encountered in divide
  ret = um.true_divide(
/data/zhangpeiru/GARQ_revision/data_utils.py:140: UserWarning: The given NumPy array is not writable, and PyTorch does not support non-writable tensors. This means writing to this tensor will result in undefined behavior. You may want to copy the array to protect its data or make it writable before converting it to a tensor. This type of warning will be suppressed for the rest of this program. (Triggered internally at ../torch/csrc/utils/tensor_numpy.cpp:206.)
  type_int = torch.from_numpy(adata.obs[args.type_key].cat.codes.values).long()
/data/zhangpeiru/GARQ_revision/data_utils.py:131: RuntimeWarning: Mean of empty slice.
  [data[meta_ids == i].mean(axis=0) for i in range(meta_ids.max() + 1)]
/home/zhangpeiru/.conda/envs/MetqQ2/lib/python3.11/site-packages/numpy/core/_methods.py:121: RuntimeWarning: divide by zero encountered in divide
  ret = um.true_divide(
/home/zhangpeiru/.conda/envs/MetqQ2/lib/python3.11/site-packages/numpy/core/_methods.py:121: RuntimeWarning: invalid value encountered in divide
  ret = um.true_divide(
/home/zhangpeiru/.conda/envs/MetqQ2/lib/python3.11/site-packages/louvain/__init__.py:54: UserWarning: pkg_resources is deprecated as an API. See https://setuptools.pypa.io/en/latest/pkg_resources.html. The pkg_resources package is slated for removal as early as 2025-11-30. Refrain from using this package or pin to Setuptools<81.
  from pkg_resources import get_distribution, DistributionNotFound
/home/zhangpeiru/.conda/envs/MetqQ2/lib/python3.11/site-packages/anndata/utils.py:434: FutureWarning: Importing read_csv from `anndata` is deprecated. Import anndata.io.read_csv instead.
  warnings.warn(msg, FutureWarning)
/home/zhangpeiru/.conda/envs/MetqQ2/lib/python3.11/site-packages/anndata/utils.py:434: FutureWarning: Importing read_text from `anndata` is deprecated. Import anndata.io.read_text instead.
  warnings.warn(msg, FutureWarning)
/home/zhangpeiru/.conda/envs/MetqQ2/lib/python3.11/site-packages/anndata/utils.py:434: FutureWarning: Importing read_excel from `anndata` is deprecated. Import anndata.io.read_excel instead.
  warnings.warn(msg, FutureWarning)
/home/zhangpeiru/.conda/envs/MetqQ2/lib/python3.11/site-packages/anndata/utils.py:434: FutureWarning: Importing read_mtx from `anndata` is deprecated. Import anndata.io.read_mtx instead.
  warnings.warn(msg, FutureWarning)
/home/zhangpeiru/.conda/envs/MetqQ2/lib/python3.11/site-packages/anndata/utils.py:434: FutureWarning: Importing read_loom from `anndata` is deprecated. Import anndata.io.read_loom instead.
  warnings.warn(msg, FutureWarning)
/home/zhangpeiru/.conda/envs/MetqQ2/lib/python3.11/site-packages/anndata/utils.py:434: FutureWarning: Importing read_hdf from `anndata` is deprecated. Import anndata.io.read_hdf instead.
  warnings.warn(msg, FutureWarning)
/home/zhangpeiru/.conda/envs/MetqQ2/lib/python3.11/site-packages/anndata/utils.py:434: FutureWarning: Importing read_umi_tools from `anndata` is deprecated. Import anndata.io.read_umi_tools instead.
  warnings.warn(msg, FutureWarning)
/home/zhangpeiru/.conda/envs/MetqQ2/lib/python3.11/site-packages/scanpy/preprocessing/_highly_variable_genes.py:220: FutureWarning: The default of observed=False is deprecated and will be changed to True in a future version of pandas. Pass observed=False to retain current behavior or observed=True to adopt the future default and silence this warning.
  disp_grouped = df.groupby('mean_bin')['dispersions']
/home/zhangpeiru/.conda/envs/MetqQ2/lib/python3.11/site-packages/scanpy/preprocessing/_simple.py:843: UserWarning: Received a view of an AnnData. Making a copy.
  view_to_actual(adata)
=======Loading and Preprocessing Data=======
Data of 2 omics in total
revision_results/cache/subsets/D5_D5_rna_2000cells_seed1729_rare-gdT-cells-abundance0.02-seed700681.h5ad loaded with shape [2000, 1427]
revision_results/cache/subsets/D5_D5_adt_2000cells_seed1729_rare-gdT-cells-abundance0.02-seed700681.h5ad loaded with shape [2000, 189]
2026-08-29 16:12:28,084 INFO Loading faiss with AVX512 support.
2026-08-29 16:12:28,106 INFO Successfully loaded faiss with AVX512 support.
2026-08-29 16:12:28,110 INFO Failed to load GPU Faiss: name 'GpuIndexIVFFlat' is not defined. Will not load constructor refs for GPU indexes. This is only an error if you're trying to use GPU Faiss.
WARNING clustering 512 points to 40 centroids: please provide at least 1560 training points
GARQ Initialization completed.
/home/zhangpeiru/.conda/envs/MetqQ2/lib/python3.11/site-packages/torch/autograd/__init__.py:251: UserWarning: Memory Efficient attention defaults to a non-deterministic algorithm. To explicitly enable determinism call torch.use_deterministic_algorithms(True, warn_only=False). (Triggered internally at ../aten/src/ATen/native/transformers/cuda/attention_backward.cu:413.)
  Variable._execution_engine.run_backward(  # Calls into the C++ engine to run the backward pass
Epoch 1, RNA: recon_loss=0.4968 , ADT: recon_loss=12.7719 
/data/zhangpeiru/GARQ_revision/model.py:121: UserWarning: cumsum_cuda_kernel does not have a deterministic implementation, but you set 'torch.use_deterministic_algorithms(True, warn_only=True)'. You can file an issue at https://github.com/pytorch/pytorch/issues to help us prioritize adding deterministic support for this operation. (Triggered internally at ../aten/src/ATen/Context.cpp:71.)
  dis_indices = torch.multinomial(
/data/zhangpeiru/GARQ_revision/data_utils.py:131: RuntimeWarning: Mean of empty slice.
  [data[meta_ids == i].mean(axis=0) for i in range(meta_ids.max() + 1)]
/home/zhangpeiru/.conda/envs/MetqQ2/lib/python3.11/site-packages/numpy/core/_methods.py:121: RuntimeWarning: divide by zero encountered in divide
  ret = um.true_divide(
/home/zhangpeiru/.conda/envs/MetqQ2/lib/python3.11/site-packages/numpy/core/_methods.py:121: RuntimeWarning: invalid value encountered in divide
  ret = um.true_divide(
/data/zhangpeiru/GARQ_revision/data_utils.py:140: UserWarning: The given NumPy array is not writable, and PyTorch does not support non-writable tensors. This means writing to this tensor will result in undefined behavior. You may want to copy the array to protect its data or make it writable before converting it to a tensor. This type of warning will be suppressed for the rest of this program. (Triggered internally at ../torch/csrc/utils/tensor_numpy.cpp:206.)
  type_int = torch.from_numpy(adata.obs[args.type_key].cat.codes.values).long()
/data/zhangpeiru/GARQ_revision/data_utils.py:131: RuntimeWarning: Mean of empty slice.
  [data[meta_ids == i].mean(axis=0) for i in range(meta_ids.max() + 1)]
/home/zhangpeiru/.conda/envs/MetqQ2/lib/python3.11/site-packages/numpy/core/_methods.py:121: RuntimeWarning: divide by zero encountered in divide
  ret = um.true_divide(
/home/zhangpeiru/.conda/envs/MetqQ2/lib/python3.11/site-packages/numpy/core/_methods.py:121: RuntimeWarning: invalid value encountered in divide
  ret = um.true_divide(
/home/zhangpeiru/.conda/envs/MetqQ2/lib/python3.11/site-packages/louvain/__init__.py:54: UserWarning: pkg_resources is deprecated as an API. See https://setuptools.pypa.io/en/latest/pkg_resources.html. The pkg_resources package is slated for removal as early as 2025-11-30. Refrain from using this package or pin to Setuptools<81.
  from pkg_resources import get_distribution, DistributionNotFound
/home/zhangpeiru/.conda/envs/MetqQ2/lib/python3.11/site-packages/anndata/utils.py:434: FutureWarning: Importing read_csv from `anndata` is deprecated. Import anndata.io.read_csv instead.
  warnings.warn(msg, FutureWarning)
/home/zhangpeiru/.conda/envs/MetqQ2/lib/python3.11/site-packages/anndata/utils.py:434: FutureWarning: Importing read_text from `anndata` is deprecated. Import anndata.io.read_text instead.
  warnings.warn(msg, FutureWarning)
/home/zhangpeiru/.conda/envs/MetqQ2/lib/python3.11/site-packages/anndata/utils.py:434: FutureWarning: Importing read_excel from `anndata` is deprecated. Import anndata.io.read_excel instead.
  warnings.warn(msg, FutureWarning)
/home/zhangpeiru/.conda/envs/MetqQ2/lib/python3.11/site-packages/anndata/utils.py:434: FutureWarning: Importing read_mtx from `anndata` is deprecated. Import anndata.io.read_mtx instead.
  warnings.warn(msg, FutureWarning)
/home/zhangpeiru/.conda/envs/MetqQ2/lib/python3.11/site-packages/anndata/utils.py:434: FutureWarning: Importing read_loom from `anndata` is deprecated. Import anndata.io.read_loom instead.
  warnings.warn(msg, FutureWarning)
/home/zhangpeiru/.conda/envs/MetqQ2/lib/python3.11/site-packages/anndata/utils.py:434: FutureWarning: Importing read_hdf from `anndata` is deprecated. Import anndata.io.read_hdf instead.
  warnings.warn(msg, FutureWarning)
/home/zhangpeiru/.conda/envs/MetqQ2/lib/python3.11/site-packages/anndata/utils.py:434: FutureWarning: Importing read_umi_tools from `anndata` is deprecated. Import anndata.io.read_umi_tools instead.
  warnings.warn(msg, FutureWarning)
/home/zhangpeiru/.conda/envs/MetqQ2/lib/python3.11/site-packages/scanpy/preprocessing/_highly_variable_genes.py:220: FutureWarning: The default of observed=False is deprecated and will be changed to True in a future version of pandas. Pass observed=False to retain current behavior or observed=True to adopt the future default and silence this warning.
  disp_grouped = df.groupby('mean_bin')['dispersions']
/home/zhangpeiru/.conda/envs/MetqQ2/lib/python3.11/site-packages/scanpy/preprocessing/_simple.py:843: UserWarning: Received a view of an AnnData. Making a copy.
  view_to_actual(adata)
=======Loading and Preprocessing Data=======
Data of 2 omics in total
revision_results/cache/subsets/D5_D5_rna_2000cells_seed1729_rare-gdT-cells-abundance0.02-seed102861.h5ad loaded with shape [2000, 1392]
revision_results/cache/subsets/D5_D5_adt_2000cells_seed1729_rare-gdT-cells-abundance0.02-seed102861.h5ad loaded with shape [2000, 189]
2026-08-29 16:12:41,402 INFO Loading faiss with AVX512 support.
2026-08-29 16:12:41,423 INFO Successfully loaded faiss with AVX512 support.
2026-08-29 16:12:41,427 INFO Failed to load GPU Faiss: name 'GpuIndexIVFFlat' is not defined. Will not load constructor refs for GPU indexes. This is only an error if you're trying to use GPU Faiss.
WARNING clustering 512 points to 40 centroids: please provide at least 1560 training points
GARQ Initialization completed.
/home/zhangpeiru/.conda/envs/MetqQ2/lib/python3.11/site-packages/torch/autograd/__init__.py:251: UserWarning: Memory Efficient attention defaults to a non-deterministic algorithm. To explicitly enable determinism call torch.use_deterministic_algorithms(True, warn_only=False). (Triggered internally at ../aten/src/ATen/native/transformers/cuda/attention_backward.cu:413.)
  Variable._execution_engine.run_backward(  # Calls into the C++ engine to run the backward pass
Epoch 1, RNA: recon_loss=0.5063 , ADT: recon_loss=13.0574 
/data/zhangpeiru/GARQ_revision/model.py:121: UserWarning: cumsum_cuda_kernel does not have a deterministic implementation, but you set 'torch.use_deterministic_algorithms(True, warn_only=True)'. You can file an issue at https://github.com/pytorch/pytorch/issues to help us prioritize adding deterministic support for this operation. (Triggered internally at ../aten/src/ATen/Context.cpp:71.)
  dis_indices = torch.multinomial(
/data/zhangpeiru/GARQ_revision/data_utils.py:131: RuntimeWarning: Mean of empty slice.
  [data[meta_ids == i].mean(axis=0) for i in range(meta_ids.max() + 1)]
/home/zhangpeiru/.conda/envs/MetqQ2/lib/python3.11/site-packages/numpy/core/_methods.py:121: RuntimeWarning: divide by zero encountered in divide
  ret = um.true_divide(
/home/zhangpeiru/.conda/envs/MetqQ2/lib/python3.11/site-packages/numpy/core/_methods.py:121: RuntimeWarning: invalid value encountered in divide
  ret = um.true_divide(
/data/zhangpeiru/GARQ_revision/data_utils.py:140: UserWarning: The given NumPy array is not writable, and PyTorch does not support non-writable tensors. This means writing to this tensor will result in undefined behavior. You may want to copy the array to protect its data or make it writable before converting it to a tensor. This type of warning will be suppressed for the rest of this program. (Triggered internally at ../torch/csrc/utils/tensor_numpy.cpp:206.)
  type_int = torch.from_numpy(adata.obs[args.type_key].cat.codes.values).long()
/data/zhangpeiru/GARQ_revision/data_utils.py:131: RuntimeWarning: Mean of empty slice.
  [data[meta_ids == i].mean(axis=0) for i in range(meta_ids.max() + 1)]
/home/zhangpeiru/.conda/envs/MetqQ2/lib/python3.11/site-packages/numpy/core/_methods.py:121: RuntimeWarning: divide by zero encountered in divide
  ret = um.true_divide(
/home/zhangpeiru/.conda/envs/MetqQ2/lib/python3.11/site-packages/numpy/core/_methods.py:121: RuntimeWarning: invalid value encountered in divide
  ret = um.true_divide(
/home/zhangpeiru/.conda/envs/MetqQ2/lib/python3.11/site-packages/louvain/__init__.py:54: UserWarning: pkg_resources is deprecated as an API. See https://setuptools.pypa.io/en/latest/pkg_resources.html. The pkg_resources package is slated for removal as early as 2025-11-30. Refrain from using this package or pin to Setuptools<81.
  from pkg_resources import get_distribution, DistributionNotFound
/home/zhangpeiru/.conda/envs/MetqQ2/lib/python3.11/site-packages/anndata/utils.py:434: FutureWarning: Importing read_csv from `anndata` is deprecated. Import anndata.io.read_csv instead.
  warnings.warn(msg, FutureWarning)
/home/zhangpeiru/.conda/envs/MetqQ2/lib/python3.11/site-packages/anndata/utils.py:434: FutureWarning: Importing read_text from `anndata` is deprecated. Import anndata.io.read_text instead.
  warnings.warn(msg, FutureWarning)
/home/zhangpeiru/.conda/envs/MetqQ2/lib/python3.11/site-packages/anndata/utils.py:434: FutureWarning: Importing read_excel from `anndata` is deprecated. Import anndata.io.read_excel instead.
  warnings.warn(msg, FutureWarning)
/home/zhangpeiru/.conda/envs/MetqQ2/lib/python3.11/site-packages/anndata/utils.py:434: FutureWarning: Importing read_mtx from `anndata` is deprecated. Import anndata.io.read_mtx instead.
  warnings.warn(msg, FutureWarning)
/home/zhangpeiru/.conda/envs/MetqQ2/lib/python3.11/site-packages/anndata/utils.py:434: FutureWarning: Importing read_loom from `anndata` is deprecated. Import anndata.io.read_loom instead.
  warnings.warn(msg, FutureWarning)
/home/zhangpeiru/.conda/envs/MetqQ2/lib/python3.11/site-packages/anndata/utils.py:434: FutureWarning: Importing read_hdf from `anndata` is deprecated. Import anndata.io.read_hdf instead.
  warnings.warn(msg, FutureWarning)
/home/zhangpeiru/.conda/envs/MetqQ2/lib/python3.11/site-packages/anndata/utils.py:434: FutureWarning: Importing read_umi_tools from `anndata` is deprecated. Import anndata.io.read_umi_tools instead.
  warnings.warn(msg, FutureWarning)
/home/zhangpeiru/.conda/envs/MetqQ2/lib/python3.11/site-packages/scanpy/preprocessing/_highly_variable_genes.py:220: FutureWarning: The default of observed=False is deprecated and will be changed to True in a future version of pandas. Pass observed=False to retain current behavior or observed=True to adopt the future default and silence this warning.
  disp_grouped = df.groupby('mean_bin')['dispersions']
/home/zhangpeiru/.conda/envs/MetqQ2/lib/python3.11/site-packages/scanpy/preprocessing/_simple.py:843: UserWarning: Received a view of an AnnData. Making a copy.
  view_to_actual(adata)
=======Loading and Preprocessing Data=======
Data of 2 omics in total
revision_results/cache/subsets/D5_D5_rna_2000cells_seed1729_rare-gdT-cells-abundance0.02-seed100718.h5ad loaded with shape [2000, 1377]
revision_results/cache/subsets/D5_D5_adt_2000cells_seed1729_rare-gdT-cells-abundance0.02-seed100718.h5ad loaded with shape [2000, 189]
2026-08-29 16:12:53,983 INFO Loading faiss with AVX512 support.
2026-08-29 16:12:54,004 INFO Successfully loaded faiss with AVX512 support.
2026-08-29 16:12:54,007 INFO Failed to load GPU Faiss: name 'GpuIndexIVFFlat' is not defined. Will not load constructor refs for GPU indexes. This is only an error if you're trying to use GPU Faiss.
WARNING clustering 512 points to 40 centroids: please provide at least 1560 training points
GARQ Initialization completed.
/home/zhangpeiru/.conda/envs/MetqQ2/lib/python3.11/site-packages/torch/autograd/__init__.py:251: UserWarning: Memory Efficient attention defaults to a non-deterministic algorithm. To explicitly enable determinism call torch.use_deterministic_algorithms(True, warn_only=False). (Triggered internally at ../aten/src/ATen/native/transformers/cuda/attention_backward.cu:413.)
  Variable._execution_engine.run_backward(  # Calls into the C++ engine to run the backward pass
Epoch 1, RNA: recon_loss=0.5027 , ADT: recon_loss=12.8378 
/data/zhangpeiru/GARQ_revision/model.py:121: UserWarning: cumsum_cuda_kernel does not have a deterministic implementation, but you set 'torch.use_deterministic_algorithms(True, warn_only=True)'. You can file an issue at https://github.com/pytorch/pytorch/issues to help us prioritize adding deterministic support for this operation. (Triggered internally at ../aten/src/ATen/Context.cpp:71.)
  dis_indices = torch.multinomial(
/data/zhangpeiru/GARQ_revision/data_utils.py:131: RuntimeWarning: Mean of empty slice.
  [data[meta_ids == i].mean(axis=0) for i in range(meta_ids.max() + 1)]
/home/zhangpeiru/.conda/envs/MetqQ2/lib/python3.11/site-packages/numpy/core/_methods.py:121: RuntimeWarning: divide by zero encountered in divide
  ret = um.true_divide(
/home/zhangpeiru/.conda/envs/MetqQ2/lib/python3.11/site-packages/numpy/core/_methods.py:121: RuntimeWarning: invalid value encountered in divide
  ret = um.true_divide(
/data/zhangpeiru/GARQ_revision/data_utils.py:140: UserWarning: The given NumPy array is not writable, and PyTorch does not support non-writable tensors. This means writing to this tensor will result in undefined behavior. You may want to copy the array to protect its data or make it writable before converting it to a tensor. This type of warning will be suppressed for the rest of this program. (Triggered internally at ../torch/csrc/utils/tensor_numpy.cpp:206.)
  type_int = torch.from_numpy(adata.obs[args.type_key].cat.codes.values).long()
/data/zhangpeiru/GARQ_revision/data_utils.py:131: RuntimeWarning: Mean of empty slice.
  [data[meta_ids == i].mean(axis=0) for i in range(meta_ids.max() + 1)]
/home/zhangpeiru/.conda/envs/MetqQ2/lib/python3.11/site-packages/numpy/core/_methods.py:121: RuntimeWarning: divide by zero encountered in divide
  ret = um.true_divide(
/home/zhangpeiru/.conda/envs/MetqQ2/lib/python3.11/site-packages/numpy/core/_methods.py:121: RuntimeWarning: invalid value encountered in divide
  ret = um.true_divide(
/home/zhangpeiru/.conda/envs/MetqQ2/lib/python3.11/site-packages/louvain/__init__.py:54: UserWarning: pkg_resources is deprecated as an API. See https://setuptools.pypa.io/en/latest/pkg_resources.html. The pkg_resources package is slated for removal as early as 2025-11-30. Refrain from using this package or pin to Setuptools<81.
  from pkg_resources import get_distribution, DistributionNotFound
/home/zhangpeiru/.conda/envs/MetqQ2/lib/python3.11/site-packages/anndata/utils.py:434: FutureWarning: Importing read_csv from `anndata` is deprecated. Import anndata.io.read_csv instead.
  warnings.warn(msg, FutureWarning)
/home/zhangpeiru/.conda/envs/MetqQ2/lib/python3.11/site-packages/anndata/utils.py:434: FutureWarning: Importing read_text from `anndata` is deprecated. Import anndata.io.read_text instead.
  warnings.warn(msg, FutureWarning)
/home/zhangpeiru/.conda/envs/MetqQ2/lib/python3.11/site-packages/anndata/utils.py:434: FutureWarning: Importing read_excel from `anndata` is deprecated. Import anndata.io.read_excel instead.
  warnings.warn(msg, FutureWarning)
/home/zhangpeiru/.conda/envs/MetqQ2/lib/python3.11/site-packages/anndata/utils.py:434: FutureWarning: Importing read_mtx from `anndata` is deprecated. Import anndata.io.read_mtx instead.
  warnings.warn(msg, FutureWarning)
/home/zhangpeiru/.conda/envs/MetqQ2/lib/python3.11/site-packages/anndata/utils.py:434: FutureWarning: Importing read_loom from `anndata` is deprecated. Import anndata.io.read_loom instead.
  warnings.warn(msg, FutureWarning)
/home/zhangpeiru/.conda/envs/MetqQ2/lib/python3.11/site-packages/anndata/utils.py:434: FutureWarning: Importing read_hdf from `anndata` is deprecated. Import anndata.io.read_hdf instead.
  warnings.warn(msg, FutureWarning)
/home/zhangpeiru/.conda/envs/MetqQ2/lib/python3.11/site-packages/anndata/utils.py:434: FutureWarning: Importing read_umi_tools from `anndata` is deprecated. Import anndata.io.read_umi_tools instead.
  warnings.warn(msg, FutureWarning)
/home/zhangpeiru/.conda/envs/MetqQ2/lib/python3.11/site-packages/scanpy/preprocessing/_highly_variable_genes.py:220: FutureWarning: The default of observed=False is deprecated and will be changed to True in a future version of pandas. Pass observed=False to retain current behavior or observed=True to adopt the future default and silence this warning.
  disp_grouped = df.groupby('mean_bin')['dispersions']
/home/zhangpeiru/.conda/envs/MetqQ2/lib/python3.11/site-packages/scanpy/preprocessing/_simple.py:843: UserWarning: Received a view of an AnnData. Making a copy.
  view_to_actual(adata)
=======Loading and Preprocessing Data=======
Data of 2 omics in total
revision_results/cache/subsets/D5_D5_rna_2000cells_seed1729_rare-gdT-cells-abundance0.02-seed988593.h5ad loaded with shape [2000, 1360]
revision_results/cache/subsets/D5_D5_adt_2000cells_seed1729_rare-gdT-cells-abundance0.02-seed988593.h5ad loaded with shape [2000, 189]
2026-08-29 16:13:05,215 INFO Loading faiss with AVX512 support.
2026-08-29 16:13:05,234 INFO Successfully loaded faiss with AVX512 support.
2026-08-29 16:13:05,236 INFO Failed to load GPU Faiss: name 'GpuIndexIVFFlat' is not defined. Will not load constructor refs for GPU indexes. This is only an error if you're trying to use GPU Faiss.
WARNING clustering 512 points to 40 centroids: please provide at least 1560 training points
GARQ Initialization completed.
/home/zhangpeiru/.conda/envs/MetqQ2/lib/python3.11/site-packages/torch/autograd/__init__.py:251: UserWarning: Memory Efficient attention defaults to a non-deterministic algorithm. To explicitly enable determinism call torch.use_deterministic_algorithms(True, warn_only=False). (Triggered internally at ../aten/src/ATen/native/transformers/cuda/attention_backward.cu:413.)
  Variable._execution_engine.run_backward(  # Calls into the C++ engine to run the backward pass
Epoch 1, RNA: recon_loss=0.4916 , ADT: recon_loss=12.7908 
/data/zhangpeiru/GARQ_revision/model.py:121: UserWarning: cumsum_cuda_kernel does not have a deterministic implementation, but you set 'torch.use_deterministic_algorithms(True, warn_only=True)'. You can file an issue at https://github.com/pytorch/pytorch/issues to help us prioritize adding deterministic support for this operation. (Triggered internally at ../aten/src/ATen/Context.cpp:71.)
  dis_indices = torch.multinomial(
/data/zhangpeiru/GARQ_revision/data_utils.py:131: RuntimeWarning: Mean of empty slice.
  [data[meta_ids == i].mean(axis=0) for i in range(meta_ids.max() + 1)]
/home/zhangpeiru/.conda/envs/MetqQ2/lib/python3.11/site-packages/numpy/core/_methods.py:121: RuntimeWarning: divide by zero encountered in divide
  ret = um.true_divide(
/home/zhangpeiru/.conda/envs/MetqQ2/lib/python3.11/site-packages/numpy/core/_methods.py:121: RuntimeWarning: invalid value encountered in divide
  ret = um.true_divide(
/data/zhangpeiru/GARQ_revision/data_utils.py:140: UserWarning: The given NumPy array is not writable, and PyTorch does not support non-writable tensors. This means writing to this tensor will result in undefined behavior. You may want to copy the array to protect its data or make it writable before converting it to a tensor. This type of warning will be suppressed for the rest of this program. (Triggered internally at ../torch/csrc/utils/tensor_numpy.cpp:206.)
  type_int = torch.from_numpy(adata.obs[args.type_key].cat.codes.values).long()
/data/zhangpeiru/GARQ_revision/data_utils.py:131: RuntimeWarning: Mean of empty slice.
  [data[meta_ids == i].mean(axis=0) for i in range(meta_ids.max() + 1)]
/home/zhangpeiru/.conda/envs/MetqQ2/lib/python3.11/site-packages/numpy/core/_methods.py:121: RuntimeWarning: divide by zero encountered in divide
  ret = um.true_divide(
/home/zhangpeiru/.conda/envs/MetqQ2/lib/python3.11/site-packages/numpy/core/_methods.py:121: RuntimeWarning: invalid value encountered in divide
  ret = um.true_divide(
/home/zhangpeiru/.conda/envs/MetqQ2/lib/python3.11/site-packages/louvain/__init__.py:54: UserWarning: pkg_resources is deprecated as an API. See https://setuptools.pypa.io/en/latest/pkg_resources.html. The pkg_resources package is slated for removal as early as 2025-11-30. Refrain from using this package or pin to Setuptools<81.
  from pkg_resources import get_distribution, DistributionNotFound
/home/zhangpeiru/.conda/envs/MetqQ2/lib/python3.11/site-packages/anndata/utils.py:434: FutureWarning: Importing read_csv from `anndata` is deprecated. Import anndata.io.read_csv instead.
  warnings.warn(msg, FutureWarning)
/home/zhangpeiru/.conda/envs/MetqQ2/lib/python3.11/site-packages/anndata/utils.py:434: FutureWarning: Importing read_text from `anndata` is deprecated. Import anndata.io.read_text instead.
  warnings.warn(msg, FutureWarning)
/home/zhangpeiru/.conda/envs/MetqQ2/lib/python3.11/site-packages/anndata/utils.py:434: FutureWarning: Importing read_excel from `anndata` is deprecated. Import anndata.io.read_excel instead.
  warnings.warn(msg, FutureWarning)
/home/zhangpeiru/.conda/envs/MetqQ2/lib/python3.11/site-packages/anndata/utils.py:434: FutureWarning: Importing read_mtx from `anndata` is deprecated. Import anndata.io.read_mtx instead.
  warnings.warn(msg, FutureWarning)
/home/zhangpeiru/.conda/envs/MetqQ2/lib/python3.11/site-packages/anndata/utils.py:434: FutureWarning: Importing read_loom from `anndata` is deprecated. Import anndata.io.read_loom instead.
  warnings.warn(msg, FutureWarning)
/home/zhangpeiru/.conda/envs/MetqQ2/lib/python3.11/site-packages/anndata/utils.py:434: FutureWarning: Importing read_hdf from `anndata` is deprecated. Import anndata.io.read_hdf instead.
  warnings.warn(msg, FutureWarning)
/home/zhangpeiru/.conda/envs/MetqQ2/lib/python3.11/site-packages/anndata/utils.py:434: FutureWarning: Importing read_umi_tools from `anndata` is deprecated. Import anndata.io.read_umi_tools instead.
  warnings.warn(msg, FutureWarning)
/home/zhangpeiru/.conda/envs/MetqQ2/lib/python3.11/site-packages/scanpy/preprocessing/_highly_variable_genes.py:220: FutureWarning: The default of observed=False is deprecated and will be changed to True in a future version of pandas. Pass observed=False to retain current behavior or observed=True to adopt the future default and silence this warning.
  disp_grouped = df.groupby('mean_bin')['dispersions']
/home/zhangpeiru/.conda/envs/MetqQ2/lib/python3.11/site-packages/scanpy/preprocessing/_simple.py:843: UserWarning: Received a view of an AnnData. Making a copy.
  view_to_actual(adata)
=======Loading and Preprocessing Data=======
Data of 2 omics in total
revision_results/cache/subsets/D5_D5_rna_2000cells_seed1729_rare-Non-classical-monocytes-abundance0.001-seed282593.h5ad loaded with shape [2000, 1337]
revision_results/cache/subsets/D5_D5_adt_2000cells_seed1729_rare-Non-classical-monocytes-abundance0.001-seed282593.h5ad loaded with shape [2000, 189]
2026-08-29 16:13:17,038 INFO Loading faiss with AVX512 support.
2026-08-29 16:13:17,057 INFO Successfully loaded faiss with AVX512 support.
2026-08-29 16:13:17,062 INFO Failed to load GPU Faiss: name 'GpuIndexIVFFlat' is not defined. Will not load constructor refs for GPU indexes. This is only an error if you're trying to use GPU Faiss.
WARNING clustering 512 points to 40 centroids: please provide at least 1560 training points
GARQ Initialization completed.
/home/zhangpeiru/.conda/envs/MetqQ2/lib/python3.11/site-packages/torch/autograd/__init__.py:251: UserWarning: Memory Efficient attention defaults to a non-deterministic algorithm. To explicitly enable determinism call torch.use_deterministic_algorithms(True, warn_only=False). (Triggered internally at ../aten/src/ATen/native/transformers/cuda/attention_backward.cu:413.)
  Variable._execution_engine.run_backward(  # Calls into the C++ engine to run the backward pass
Epoch 1, RNA: recon_loss=0.4786 , ADT: recon_loss=12.4216 
/data/zhangpeiru/GARQ_revision/model.py:121: UserWarning: cumsum_cuda_kernel does not have a deterministic implementation, but you set 'torch.use_deterministic_algorithms(True, warn_only=True)'. You can file an issue at https://github.com/pytorch/pytorch/issues to help us prioritize adding deterministic support for this operation. (Triggered internally at ../aten/src/ATen/Context.cpp:71.)
  dis_indices = torch.multinomial(
/data/zhangpeiru/GARQ_revision/data_utils.py:131: RuntimeWarning: Mean of empty slice.
  [data[meta_ids == i].mean(axis=0) for i in range(meta_ids.max() + 1)]
/home/zhangpeiru/.conda/envs/MetqQ2/lib/python3.11/site-packages/numpy/core/_methods.py:121: RuntimeWarning: divide by zero encountered in divide
  ret = um.true_divide(
/home/zhangpeiru/.conda/envs/MetqQ2/lib/python3.11/site-packages/numpy/core/_methods.py:121: RuntimeWarning: invalid value encountered in divide
  ret = um.true_divide(
/data/zhangpeiru/GARQ_revision/data_utils.py:140: UserWarning: The given NumPy array is not writable, and PyTorch does not support non-writable tensors. This means writing to this tensor will result in undefined behavior. You may want to copy the array to protect its data or make it writable before converting it to a tensor. This type of warning will be suppressed for the rest of this program. (Triggered internally at ../torch/csrc/utils/tensor_numpy.cpp:206.)
  type_int = torch.from_numpy(adata.obs[args.type_key].cat.codes.values).long()
/data/zhangpeiru/GARQ_revision/data_utils.py:131: RuntimeWarning: Mean of empty slice.
  [data[meta_ids == i].mean(axis=0) for i in range(meta_ids.max() + 1)]
/home/zhangpeiru/.conda/envs/MetqQ2/lib/python3.11/site-packages/numpy/core/_methods.py:121: RuntimeWarning: divide by zero encountered in divide
  ret = um.true_divide(
/home/zhangpeiru/.conda/envs/MetqQ2/lib/python3.11/site-packages/numpy/core/_methods.py:121: RuntimeWarning: invalid value encountered in divide
  ret = um.true_divide(
/home/zhangpeiru/.conda/envs/MetqQ2/lib/python3.11/site-packages/louvain/__init__.py:54: UserWarning: pkg_resources is deprecated as an API. See https://setuptools.pypa.io/en/latest/pkg_resources.html. The pkg_resources package is slated for removal as early as 2025-11-30. Refrain from using this package or pin to Setuptools<81.
  from pkg_resources import get_distribution, DistributionNotFound
/home/zhangpeiru/.conda/envs/MetqQ2/lib/python3.11/site-packages/anndata/utils.py:434: FutureWarning: Importing read_csv from `anndata` is deprecated. Import anndata.io.read_csv instead.
  warnings.warn(msg, FutureWarning)
/home/zhangpeiru/.conda/envs/MetqQ2/lib/python3.11/site-packages/anndata/utils.py:434: FutureWarning: Importing read_text from `anndata` is deprecated. Import anndata.io.read_text instead.
  warnings.warn(msg, FutureWarning)
/home/zhangpeiru/.conda/envs/MetqQ2/lib/python3.11/site-packages/anndata/utils.py:434: FutureWarning: Importing read_excel from `anndata` is deprecated. Import anndata.io.read_excel instead.
  warnings.warn(msg, FutureWarning)
/home/zhangpeiru/.conda/envs/MetqQ2/lib/python3.11/site-packages/anndata/utils.py:434: FutureWarning: Importing read_mtx from `anndata` is deprecated. Import anndata.io.read_mtx instead.
  warnings.warn(msg, FutureWarning)
/home/zhangpeiru/.conda/envs/MetqQ2/lib/python3.11/site-packages/anndata/utils.py:434: FutureWarning: Importing read_loom from `anndata` is deprecated. Import anndata.io.read_loom instead.
  warnings.warn(msg, FutureWarning)
/home/zhangpeiru/.conda/envs/MetqQ2/lib/python3.11/site-packages/anndata/utils.py:434: FutureWarning: Importing read_hdf from `anndata` is deprecated. Import anndata.io.read_hdf instead.
  warnings.warn(msg, FutureWarning)
/home/zhangpeiru/.conda/envs/MetqQ2/lib/python3.11/site-packages/anndata/utils.py:434: FutureWarning: Importing read_umi_tools from `anndata` is deprecated. Import anndata.io.read_umi_tools instead.
  warnings.warn(msg, FutureWarning)
/home/zhangpeiru/.conda/envs/MetqQ2/lib/python3.11/site-packages/scanpy/preprocessing/_highly_variable_genes.py:220: FutureWarning: The default of observed=False is deprecated and will be changed to True in a future version of pandas. Pass observed=False to retain current behavior or observed=True to adopt the future default and silence this warning.
  disp_grouped = df.groupby('mean_bin')['dispersions']
/home/zhangpeiru/.conda/envs/MetqQ2/lib/python3.11/site-packages/scanpy/preprocessing/_simple.py:843: UserWarning: Received a view of an AnnData. Making a copy.
  view_to_actual(adata)
=======Loading and Preprocessing Data=======
Data of 2 omics in total
revision_results/cache/subsets/D5_D5_rna_2000cells_seed1729_rare-Non-classical-monocytes-abundance0.001-seed694277.h5ad loaded with shape [2000, 1266]
revision_results/cache/subsets/D5_D5_adt_2000cells_seed1729_rare-Non-classical-monocytes-abundance0.001-seed694277.h5ad loaded with shape [2000, 189]
2026-08-29 16:13:30,001 INFO Loading faiss with AVX512 support.
2026-08-29 16:13:30,017 INFO Successfully loaded faiss with AVX512 support.
2026-08-29 16:13:30,020 INFO Failed to load GPU Faiss: name 'GpuIndexIVFFlat' is not defined. Will not load constructor refs for GPU indexes. This is only an error if you're trying to use GPU Faiss.
WARNING clustering 512 points to 40 centroids: please provide at least 1560 training points
GARQ Initialization completed.
/home/zhangpeiru/.conda/envs/MetqQ2/lib/python3.11/site-packages/torch/autograd/__init__.py:251: UserWarning: Memory Efficient attention defaults to a non-deterministic algorithm. To explicitly enable determinism call torch.use_deterministic_algorithms(True, warn_only=False). (Triggered internally at ../aten/src/ATen/native/transformers/cuda/attention_backward.cu:413.)
  Variable._execution_engine.run_backward(  # Calls into the C++ engine to run the backward pass
Epoch 1, RNA: recon_loss=0.4988 , ADT: recon_loss=12.2916 
/data/zhangpeiru/GARQ_revision/model.py:121: UserWarning: cumsum_cuda_kernel does not have a deterministic implementation, but you set 'torch.use_deterministic_algorithms(True, warn_only=True)'. You can file an issue at https://github.com/pytorch/pytorch/issues to help us prioritize adding deterministic support for this operation. (Triggered internally at ../aten/src/ATen/Context.cpp:71.)
  dis_indices = torch.multinomial(
/data/zhangpeiru/GARQ_revision/data_utils.py:131: RuntimeWarning: Mean of empty slice.
  [data[meta_ids == i].mean(axis=0) for i in range(meta_ids.max() + 1)]
/home/zhangpeiru/.conda/envs/MetqQ2/lib/python3.11/site-packages/numpy/core/_methods.py:121: RuntimeWarning: divide by zero encountered in divide
  ret = um.true_divide(
/home/zhangpeiru/.conda/envs/MetqQ2/lib/python3.11/site-packages/numpy/core/_methods.py:121: RuntimeWarning: invalid value encountered in divide
  ret = um.true_divide(
/data/zhangpeiru/GARQ_revision/data_utils.py:140: UserWarning: The given NumPy array is not writable, and PyTorch does not support non-writable tensors. This means writing to this tensor will result in undefined behavior. You may want to copy the array to protect its data or make it writable before converting it to a tensor. This type of warning will be suppressed for the rest of this program. (Triggered internally at ../torch/csrc/utils/tensor_numpy.cpp:206.)
  type_int = torch.from_numpy(adata.obs[args.type_key].cat.codes.values).long()
/data/zhangpeiru/GARQ_revision/data_utils.py:131: RuntimeWarning: Mean of empty slice.
  [data[meta_ids == i].mean(axis=0) for i in range(meta_ids.max() + 1)]
/home/zhangpeiru/.conda/envs/MetqQ2/lib/python3.11/site-packages/numpy/core/_methods.py:121: RuntimeWarning: divide by zero encountered in divide
  ret = um.true_divide(
/home/zhangpeiru/.conda/envs/MetqQ2/lib/python3.11/site-packages/numpy/core/_methods.py:121: RuntimeWarning: invalid value encountered in divide
  ret = um.true_divide(
/home/zhangpeiru/.conda/envs/MetqQ2/lib/python3.11/site-packages/louvain/__init__.py:54: UserWarning: pkg_resources is deprecated as an API. See https://setuptools.pypa.io/en/latest/pkg_resources.html. The pkg_resources package is slated for removal as early as 2025-11-30. Refrain from using this package or pin to Setuptools<81.
  from pkg_resources import get_distribution, DistributionNotFound
/home/zhangpeiru/.conda/envs/MetqQ2/lib/python3.11/site-packages/anndata/utils.py:434: FutureWarning: Importing read_csv from `anndata` is deprecated. Import anndata.io.read_csv instead.
  warnings.warn(msg, FutureWarning)
/home/zhangpeiru/.conda/envs/MetqQ2/lib/python3.11/site-packages/anndata/utils.py:434: FutureWarning: Importing read_text from `anndata` is deprecated. Import anndata.io.read_text instead.
  warnings.warn(msg, FutureWarning)
/home/zhangpeiru/.conda/envs/MetqQ2/lib/python3.11/site-packages/anndata/utils.py:434: FutureWarning: Importing read_excel from `anndata` is deprecated. Import anndata.io.read_excel instead.
  warnings.warn(msg, FutureWarning)
/home/zhangpeiru/.conda/envs/MetqQ2/lib/python3.11/site-packages/anndata/utils.py:434: FutureWarning: Importing read_mtx from `anndata` is deprecated. Import anndata.io.read_mtx instead.
  warnings.warn(msg, FutureWarning)
/home/zhangpeiru/.conda/envs/MetqQ2/lib/python3.11/site-packages/anndata/utils.py:434: FutureWarning: Importing read_loom from `anndata` is deprecated. Import anndata.io.read_loom instead.
  warnings.warn(msg, FutureWarning)
/home/zhangpeiru/.conda/envs/MetqQ2/lib/python3.11/site-packages/anndata/utils.py:434: FutureWarning: Importing read_hdf from `anndata` is deprecated. Import anndata.io.read_hdf instead.
  warnings.warn(msg, FutureWarning)
/home/zhangpeiru/.conda/envs/MetqQ2/lib/python3.11/site-packages/anndata/utils.py:434: FutureWarning: Importing read_umi_tools from `anndata` is deprecated. Import anndata.io.read_umi_tools instead.
  warnings.warn(msg, FutureWarning)
/home/zhangpeiru/.conda/envs/MetqQ2/lib/python3.11/site-packages/scanpy/preprocessing/_highly_variable_genes.py:220: FutureWarning: The default of observed=False is deprecated and will be changed to True in a future version of pandas. Pass observed=False to retain current behavior or observed=True to adopt the future default and silence this warning.
  disp_grouped = df.groupby('mean_bin')['dispersions']
/home/zhangpeiru/.conda/envs/MetqQ2/lib/python3.11/site-packages/scanpy/preprocessing/_simple.py:843: UserWarning: Received a view of an AnnData. Making a copy.
  view_to_actual(adata)
=======Loading and Preprocessing Data=======
Data of 2 omics in total
revision_results/cache/subsets/D5_D5_rna_2000cells_seed1729_rare-Non-classical-monocytes-abundance0.001-seed182018.h5ad loaded with shape [2000, 1349]
revision_results/cache/subsets/D5_D5_adt_2000cells_seed1729_rare-Non-classical-monocytes-abundance0.001-seed182018.h5ad loaded with shape [2000, 189]
2026-08-29 16:13:43,175 INFO Loading faiss with AVX512 support.
2026-08-29 16:13:43,193 INFO Successfully loaded faiss with AVX512 support.
2026-08-29 16:13:43,195 INFO Failed to load GPU Faiss: name 'GpuIndexIVFFlat' is not defined. Will not load constructor refs for GPU indexes. This is only an error if you're trying to use GPU Faiss.
WARNING clustering 512 points to 40 centroids: please provide at least 1560 training points
GARQ Initialization completed.
/home/zhangpeiru/.conda/envs/MetqQ2/lib/python3.11/site-packages/torch/autograd/__init__.py:251: UserWarning: Memory Efficient attention defaults to a non-deterministic algorithm. To explicitly enable determinism call torch.use_deterministic_algorithms(True, warn_only=False). (Triggered internally at ../aten/src/ATen/native/transformers/cuda/attention_backward.cu:413.)
  Variable._execution_engine.run_backward(  # Calls into the C++ engine to run the backward pass
Epoch 1, RNA: recon_loss=0.4920 , ADT: recon_loss=13.5251 
/data/zhangpeiru/GARQ_revision/model.py:121: UserWarning: cumsum_cuda_kernel does not have a deterministic implementation, but you set 'torch.use_deterministic_algorithms(True, warn_only=True)'. You can file an issue at https://github.com/pytorch/pytorch/issues to help us prioritize adding deterministic support for this operation. (Triggered internally at ../aten/src/ATen/Context.cpp:71.)
  dis_indices = torch.multinomial(
/data/zhangpeiru/GARQ_revision/data_utils.py:131: RuntimeWarning: Mean of empty slice.
  [data[meta_ids == i].mean(axis=0) for i in range(meta_ids.max() + 1)]
/home/zhangpeiru/.conda/envs/MetqQ2/lib/python3.11/site-packages/numpy/core/_methods.py:121: RuntimeWarning: divide by zero encountered in divide
  ret = um.true_divide(
/home/zhangpeiru/.conda/envs/MetqQ2/lib/python3.11/site-packages/numpy/core/_methods.py:121: RuntimeWarning: invalid value encountered in divide
  ret = um.true_divide(
/data/zhangpeiru/GARQ_revision/data_utils.py:140: UserWarning: The given NumPy array is not writable, and PyTorch does not support non-writable tensors. This means writing to this tensor will result in undefined behavior. You may want to copy the array to protect its data or make it writable before converting it to a tensor. This type of warning will be suppressed for the rest of this program. (Triggered internally at ../torch/csrc/utils/tensor_numpy.cpp:206.)
  type_int = torch.from_numpy(adata.obs[args.type_key].cat.codes.values).long()
/data/zhangpeiru/GARQ_revision/data_utils.py:131: RuntimeWarning: Mean of empty slice.
  [data[meta_ids == i].mean(axis=0) for i in range(meta_ids.max() + 1)]
/home/zhangpeiru/.conda/envs/MetqQ2/lib/python3.11/site-packages/numpy/core/_methods.py:121: RuntimeWarning: divide by zero encountered in divide
  ret = um.true_divide(
/home/zhangpeiru/.conda/envs/MetqQ2/lib/python3.11/site-packages/numpy/core/_methods.py:121: RuntimeWarning: invalid value encountered in divide
  ret = um.true_divide(
/home/zhangpeiru/.conda/envs/MetqQ2/lib/python3.11/site-packages/louvain/__init__.py:54: UserWarning: pkg_resources is deprecated as an API. See https://setuptools.pypa.io/en/latest/pkg_resources.html. The pkg_resources package is slated for removal as early as 2025-11-30. Refrain from using this package or pin to Setuptools<81.
  from pkg_resources import get_distribution, DistributionNotFound
/home/zhangpeiru/.conda/envs/MetqQ2/lib/python3.11/site-packages/anndata/utils.py:434: FutureWarning: Importing read_csv from `anndata` is deprecated. Import anndata.io.read_csv instead.
  warnings.warn(msg, FutureWarning)
/home/zhangpeiru/.conda/envs/MetqQ2/lib/python3.11/site-packages/anndata/utils.py:434: FutureWarning: Importing read_text from `anndata` is deprecated. Import anndata.io.read_text instead.
  warnings.warn(msg, FutureWarning)
/home/zhangpeiru/.conda/envs/MetqQ2/lib/python3.11/site-packages/anndata/utils.py:434: FutureWarning: Importing read_excel from `anndata` is deprecated. Import anndata.io.read_excel instead.
  warnings.warn(msg, FutureWarning)
/home/zhangpeiru/.conda/envs/MetqQ2/lib/python3.11/site-packages/anndata/utils.py:434: FutureWarning: Importing read_mtx from `anndata` is deprecated. Import anndata.io.read_mtx instead.
  warnings.warn(msg, FutureWarning)
/home/zhangpeiru/.conda/envs/MetqQ2/lib/python3.11/site-packages/anndata/utils.py:434: FutureWarning: Importing read_loom from `anndata` is deprecated. Import anndata.io.read_loom instead.
  warnings.warn(msg, FutureWarning)
/home/zhangpeiru/.conda/envs/MetqQ2/lib/python3.11/site-packages/anndata/utils.py:434: FutureWarning: Importing read_hdf from `anndata` is deprecated. Import anndata.io.read_hdf instead.
  warnings.warn(msg, FutureWarning)
/home/zhangpeiru/.conda/envs/MetqQ2/lib/python3.11/site-packages/anndata/utils.py:434: FutureWarning: Importing read_umi_tools from `anndata` is deprecated. Import anndata.io.read_umi_tools instead.
  warnings.warn(msg, FutureWarning)
/home/zhangpeiru/.conda/envs/MetqQ2/lib/python3.11/site-packages/scanpy/preprocessing/_highly_variable_genes.py:220: FutureWarning: The default of observed=False is deprecated and will be changed to True in a future version of pandas. Pass observed=False to retain current behavior or observed=True to adopt the future default and silence this warning.
  disp_grouped = df.groupby('mean_bin')['dispersions']
/home/zhangpeiru/.conda/envs/MetqQ2/lib/python3.11/site-packages/scanpy/preprocessing/_simple.py:843: UserWarning: Received a view of an AnnData. Making a copy.
  view_to_actual(adata)
=======Loading and Preprocessing Data=======
Data of 2 omics in total
revision_results/cache/subsets/D5_D5_rna_2000cells_seed1729_rare-Non-classical-monocytes-abundance0.001-seed777740.h5ad loaded with shape [2000, 1265]
revision_results/cache/subsets/D5_D5_adt_2000cells_seed1729_rare-Non-classical-monocytes-abundance0.001-seed777740.h5ad loaded with shape [2000, 189]
2026-08-29 16:13:55,169 INFO Loading faiss with AVX512 support.
2026-08-29 16:13:55,189 INFO Successfully loaded faiss with AVX512 support.
2026-08-29 16:13:55,192 INFO Failed to load GPU Faiss: name 'GpuIndexIVFFlat' is not defined. Will not load constructor refs for GPU indexes. This is only an error if you're trying to use GPU Faiss.
WARNING clustering 512 points to 40 centroids: please provide at least 1560 training points
GARQ Initialization completed.
/home/zhangpeiru/.conda/envs/MetqQ2/lib/python3.11/site-packages/torch/autograd/__init__.py:251: UserWarning: Memory Efficient attention defaults to a non-deterministic algorithm. To explicitly enable determinism call torch.use_deterministic_algorithms(True, warn_only=False). (Triggered internally at ../aten/src/ATen/native/transformers/cuda/attention_backward.cu:413.)
  Variable._execution_engine.run_backward(  # Calls into the C++ engine to run the backward pass
Epoch 1, RNA: recon_loss=0.5216 , ADT: recon_loss=12.8867 
/data/zhangpeiru/GARQ_revision/model.py:121: UserWarning: cumsum_cuda_kernel does not have a deterministic implementation, but you set 'torch.use_deterministic_algorithms(True, warn_only=True)'. You can file an issue at https://github.com/pytorch/pytorch/issues to help us prioritize adding deterministic support for this operation. (Triggered internally at ../aten/src/ATen/Context.cpp:71.)
  dis_indices = torch.multinomial(
/data/zhangpeiru/GARQ_revision/data_utils.py:131: RuntimeWarning: Mean of empty slice.
  [data[meta_ids == i].mean(axis=0) for i in range(meta_ids.max() + 1)]
/home/zhangpeiru/.conda/envs/MetqQ2/lib/python3.11/site-packages/numpy/core/_methods.py:121: RuntimeWarning: divide by zero encountered in divide
  ret = um.true_divide(
/home/zhangpeiru/.conda/envs/MetqQ2/lib/python3.11/site-packages/numpy/core/_methods.py:121: RuntimeWarning: invalid value encountered in divide
  ret = um.true_divide(
/data/zhangpeiru/GARQ_revision/data_utils.py:140: UserWarning: The given NumPy array is not writable, and PyTorch does not support non-writable tensors. This means writing to this tensor will result in undefined behavior. You may want to copy the array to protect its data or make it writable before converting it to a tensor. This type of warning will be suppressed for the rest of this program. (Triggered internally at ../torch/csrc/utils/tensor_numpy.cpp:206.)
  type_int = torch.from_numpy(adata.obs[args.type_key].cat.codes.values).long()
/data/zhangpeiru/GARQ_revision/data_utils.py:131: RuntimeWarning: Mean of empty slice.
  [data[meta_ids == i].mean(axis=0) for i in range(meta_ids.max() + 1)]
/home/zhangpeiru/.conda/envs/MetqQ2/lib/python3.11/site-packages/numpy/core/_methods.py:121: RuntimeWarning: divide by zero encountered in divide
  ret = um.true_divide(
/home/zhangpeiru/.conda/envs/MetqQ2/lib/python3.11/site-packages/numpy/core/_methods.py:121: RuntimeWarning: invalid value encountered in divide
  ret = um.true_divide(
/home/zhangpeiru/.conda/envs/MetqQ2/lib/python3.11/site-packages/louvain/__init__.py:54: UserWarning: pkg_resources is deprecated as an API. See https://setuptools.pypa.io/en/latest/pkg_resources.html. The pkg_resources package is slated for removal as early as 2025-11-30. Refrain from using this package or pin to Setuptools<81.
  from pkg_resources import get_distribution, DistributionNotFound
/home/zhangpeiru/.conda/envs/MetqQ2/lib/python3.11/site-packages/anndata/utils.py:434: FutureWarning: Importing read_csv from `anndata` is deprecated. Import anndata.io.read_csv instead.
  warnings.warn(msg, FutureWarning)
/home/zhangpeiru/.conda/envs/MetqQ2/lib/python3.11/site-packages/anndata/utils.py:434: FutureWarning: Importing read_text from `anndata` is deprecated. Import anndata.io.read_text instead.
  warnings.warn(msg, FutureWarning)
/home/zhangpeiru/.conda/envs/MetqQ2/lib/python3.11/site-packages/anndata/utils.py:434: FutureWarning: Importing read_excel from `anndata` is deprecated. Import anndata.io.read_excel instead.
  warnings.warn(msg, FutureWarning)
/home/zhangpeiru/.conda/envs/MetqQ2/lib/python3.11/site-packages/anndata/utils.py:434: FutureWarning: Importing read_mtx from `anndata` is deprecated. Import anndata.io.read_mtx instead.
  warnings.warn(msg, FutureWarning)
/home/zhangpeiru/.conda/envs/MetqQ2/lib/python3.11/site-packages/anndata/utils.py:434: FutureWarning: Importing read_loom from `anndata` is deprecated. Import anndata.io.read_loom instead.
  warnings.warn(msg, FutureWarning)
/home/zhangpeiru/.conda/envs/MetqQ2/lib/python3.11/site-packages/anndata/utils.py:434: FutureWarning: Importing read_hdf from `anndata` is deprecated. Import anndata.io.read_hdf instead.
  warnings.warn(msg, FutureWarning)
/home/zhangpeiru/.conda/envs/MetqQ2/lib/python3.11/site-packages/anndata/utils.py:434: FutureWarning: Importing read_umi_tools from `anndata` is deprecated. Import anndata.io.read_umi_tools instead.
  warnings.warn(msg, FutureWarning)
/home/zhangpeiru/.conda/envs/MetqQ2/lib/python3.11/site-packages/scanpy/preprocessing/_highly_variable_genes.py:220: FutureWarning: The default of observed=False is deprecated and will be changed to True in a future version of pandas. Pass observed=False to retain current behavior or observed=True to adopt the future default and silence this warning.
  disp_grouped = df.groupby('mean_bin')['dispersions']
/home/zhangpeiru/.conda/envs/MetqQ2/lib/python3.11/site-packages/scanpy/preprocessing/_simple.py:843: UserWarning: Received a view of an AnnData. Making a copy.
  view_to_actual(adata)
=======Loading and Preprocessing Data=======
Data of 2 omics in total
revision_results/cache/subsets/D5_D5_rna_2000cells_seed1729_rare-Non-classical-monocytes-abundance0.001-seed449980.h5ad loaded with shape [2000, 1378]
revision_results/cache/subsets/D5_D5_adt_2000cells_seed1729_rare-Non-classical-monocytes-abundance0.001-seed449980.h5ad loaded with shape [2000, 189]
2026-08-29 16:14:08,017 INFO Loading faiss with AVX512 support.
2026-08-29 16:14:08,037 INFO Successfully loaded faiss with AVX512 support.
2026-08-29 16:14:08,041 INFO Failed to load GPU Faiss: name 'GpuIndexIVFFlat' is not defined. Will not load constructor refs for GPU indexes. This is only an error if you're trying to use GPU Faiss.
WARNING clustering 512 points to 40 centroids: please provide at least 1560 training points
GARQ Initialization completed.
/home/zhangpeiru/.conda/envs/MetqQ2/lib/python3.11/site-packages/torch/autograd/__init__.py:251: UserWarning: Memory Efficient attention defaults to a non-deterministic algorithm. To explicitly enable determinism call torch.use_deterministic_algorithms(True, warn_only=False). (Triggered internally at ../aten/src/ATen/native/transformers/cuda/attention_backward.cu:413.)
  Variable._execution_engine.run_backward(  # Calls into the C++ engine to run the backward pass
Epoch 1, RNA: recon_loss=0.4893 , ADT: recon_loss=13.1208 
/data/zhangpeiru/GARQ_revision/model.py:121: UserWarning: cumsum_cuda_kernel does not have a deterministic implementation, but you set 'torch.use_deterministic_algorithms(True, warn_only=True)'. You can file an issue at https://github.com/pytorch/pytorch/issues to help us prioritize adding deterministic support for this operation. (Triggered internally at ../aten/src/ATen/Context.cpp:71.)
  dis_indices = torch.multinomial(
/data/zhangpeiru/GARQ_revision/data_utils.py:131: RuntimeWarning: Mean of empty slice.
  [data[meta_ids == i].mean(axis=0) for i in range(meta_ids.max() + 1)]
/home/zhangpeiru/.conda/envs/MetqQ2/lib/python3.11/site-packages/numpy/core/_methods.py:121: RuntimeWarning: divide by zero encountered in divide
  ret = um.true_divide(
/home/zhangpeiru/.conda/envs/MetqQ2/lib/python3.11/site-packages/numpy/core/_methods.py:121: RuntimeWarning: invalid value encountered in divide
  ret = um.true_divide(
/data/zhangpeiru/GARQ_revision/data_utils.py:140: UserWarning: The given NumPy array is not writable, and PyTorch does not support non-writable tensors. This means writing to this tensor will result in undefined behavior. You may want to copy the array to protect its data or make it writable before converting it to a tensor. This type of warning will be suppressed for the rest of this program. (Triggered internally at ../torch/csrc/utils/tensor_numpy.cpp:206.)
  type_int = torch.from_numpy(adata.obs[args.type_key].cat.codes.values).long()
/data/zhangpeiru/GARQ_revision/data_utils.py:131: RuntimeWarning: Mean of empty slice.
  [data[meta_ids == i].mean(axis=0) for i in range(meta_ids.max() + 1)]
/home/zhangpeiru/.conda/envs/MetqQ2/lib/python3.11/site-packages/numpy/core/_methods.py:121: RuntimeWarning: divide by zero encountered in divide
  ret = um.true_divide(
/home/zhangpeiru/.conda/envs/MetqQ2/lib/python3.11/site-packages/numpy/core/_methods.py:121: RuntimeWarning: invalid value encountered in divide
  ret = um.true_divide(
/home/zhangpeiru/.conda/envs/MetqQ2/lib/python3.11/site-packages/louvain/__init__.py:54: UserWarning: pkg_resources is deprecated as an API. See https://setuptools.pypa.io/en/latest/pkg_resources.html. The pkg_resources package is slated for removal as early as 2025-11-30. Refrain from using this package or pin to Setuptools<81.
  from pkg_resources import get_distribution, DistributionNotFound
/home/zhangpeiru/.conda/envs/MetqQ2/lib/python3.11/site-packages/anndata/utils.py:434: FutureWarning: Importing read_csv from `anndata` is deprecated. Import anndata.io.read_csv instead.
  warnings.warn(msg, FutureWarning)
/home/zhangpeiru/.conda/envs/MetqQ2/lib/python3.11/site-packages/anndata/utils.py:434: FutureWarning: Importing read_text from `anndata` is deprecated. Import anndata.io.read_text instead.
  warnings.warn(msg, FutureWarning)
/home/zhangpeiru/.conda/envs/MetqQ2/lib/python3.11/site-packages/anndata/utils.py:434: FutureWarning: Importing read_excel from `anndata` is deprecated. Import anndata.io.read_excel instead.
  warnings.warn(msg, FutureWarning)
/home/zhangpeiru/.conda/envs/MetqQ2/lib/python3.11/site-packages/anndata/utils.py:434: FutureWarning: Importing read_mtx from `anndata` is deprecated. Import anndata.io.read_mtx instead.
  warnings.warn(msg, FutureWarning)
/home/zhangpeiru/.conda/envs/MetqQ2/lib/python3.11/site-packages/anndata/utils.py:434: FutureWarning: Importing read_loom from `anndata` is deprecated. Import anndata.io.read_loom instead.
  warnings.warn(msg, FutureWarning)
/home/zhangpeiru/.conda/envs/MetqQ2/lib/python3.11/site-packages/anndata/utils.py:434: FutureWarning: Importing read_hdf from `anndata` is deprecated. Import anndata.io.read_hdf instead.
  warnings.warn(msg, FutureWarning)
/home/zhangpeiru/.conda/envs/MetqQ2/lib/python3.11/site-packages/anndata/utils.py:434: FutureWarning: Importing read_umi_tools from `anndata` is deprecated. Import anndata.io.read_umi_tools instead.
  warnings.warn(msg, FutureWarning)
/home/zhangpeiru/.conda/envs/MetqQ2/lib/python3.11/site-packages/scanpy/preprocessing/_highly_variable_genes.py:220: FutureWarning: The default of observed=False is deprecated and will be changed to True in a future version of pandas. Pass observed=False to retain current behavior or observed=True to adopt the future default and silence this warning.
  disp_grouped = df.groupby('mean_bin')['dispersions']
/home/zhangpeiru/.conda/envs/MetqQ2/lib/python3.11/site-packages/scanpy/preprocessing/_simple.py:843: UserWarning: Received a view of an AnnData. Making a copy.
  view_to_actual(adata)
=======Loading and Preprocessing Data=======
Data of 2 omics in total
revision_results/cache/subsets/D5_D5_rna_2000cells_seed1729_rare-Non-classical-monocytes-abundance0.002-seed870335.h5ad loaded with shape [2000, 1342]
revision_results/cache/subsets/D5_D5_adt_2000cells_seed1729_rare-Non-classical-monocytes-abundance0.002-seed870335.h5ad loaded with shape [2000, 189]
2026-08-29 16:14:20,373 INFO Loading faiss with AVX512 support.
2026-08-29 16:14:20,394 INFO Successfully loaded faiss with AVX512 support.
2026-08-29 16:14:20,398 INFO Failed to load GPU Faiss: name 'GpuIndexIVFFlat' is not defined. Will not load constructor refs for GPU indexes. This is only an error if you're trying to use GPU Faiss.
WARNING clustering 512 points to 40 centroids: please provide at least 1560 training points
GARQ Initialization completed.
/home/zhangpeiru/.conda/envs/MetqQ2/lib/python3.11/site-packages/torch/autograd/__init__.py:251: UserWarning: Memory Efficient attention defaults to a non-deterministic algorithm. To explicitly enable determinism call torch.use_deterministic_algorithms(True, warn_only=False). (Triggered internally at ../aten/src/ATen/native/transformers/cuda/attention_backward.cu:413.)
  Variable._execution_engine.run_backward(  # Calls into the C++ engine to run the backward pass
Epoch 1, RNA: recon_loss=0.4950 , ADT: recon_loss=12.2898 
/data/zhangpeiru/GARQ_revision/model.py:121: UserWarning: cumsum_cuda_kernel does not have a deterministic implementation, but you set 'torch.use_deterministic_algorithms(True, warn_only=True)'. You can file an issue at https://github.com/pytorch/pytorch/issues to help us prioritize adding deterministic support for this operation. (Triggered internally at ../aten/src/ATen/Context.cpp:71.)
  dis_indices = torch.multinomial(
/data/zhangpeiru/GARQ_revision/data_utils.py:131: RuntimeWarning: Mean of empty slice.
  [data[meta_ids == i].mean(axis=0) for i in range(meta_ids.max() + 1)]
/home/zhangpeiru/.conda/envs/MetqQ2/lib/python3.11/site-packages/numpy/core/_methods.py:121: RuntimeWarning: divide by zero encountered in divide
  ret = um.true_divide(
/home/zhangpeiru/.conda/envs/MetqQ2/lib/python3.11/site-packages/numpy/core/_methods.py:121: RuntimeWarning: invalid value encountered in divide
  ret = um.true_divide(
/data/zhangpeiru/GARQ_revision/data_utils.py:140: UserWarning: The given NumPy array is not writable, and PyTorch does not support non-writable tensors. This means writing to this tensor will result in undefined behavior. You may want to copy the array to protect its data or make it writable before converting it to a tensor. This type of warning will be suppressed for the rest of this program. (Triggered internally at ../torch/csrc/utils/tensor_numpy.cpp:206.)
  type_int = torch.from_numpy(adata.obs[args.type_key].cat.codes.values).long()
/data/zhangpeiru/GARQ_revision/data_utils.py:131: RuntimeWarning: Mean of empty slice.
  [data[meta_ids == i].mean(axis=0) for i in range(meta_ids.max() + 1)]
/home/zhangpeiru/.conda/envs/MetqQ2/lib/python3.11/site-packages/numpy/core/_methods.py:121: RuntimeWarning: divide by zero encountered in divide
  ret = um.true_divide(
/home/zhangpeiru/.conda/envs/MetqQ2/lib/python3.11/site-packages/numpy/core/_methods.py:121: RuntimeWarning: invalid value encountered in divide
  ret = um.true_divide(
/home/zhangpeiru/.conda/envs/MetqQ2/lib/python3.11/site-packages/louvain/__init__.py:54: UserWarning: pkg_resources is deprecated as an API. See https://setuptools.pypa.io/en/latest/pkg_resources.html. The pkg_resources package is slated for removal as early as 2025-11-30. Refrain from using this package or pin to Setuptools<81.
  from pkg_resources import get_distribution, DistributionNotFound
/home/zhangpeiru/.conda/envs/MetqQ2/lib/python3.11/site-packages/anndata/utils.py:434: FutureWarning: Importing read_csv from `anndata` is deprecated. Import anndata.io.read_csv instead.
  warnings.warn(msg, FutureWarning)
/home/zhangpeiru/.conda/envs/MetqQ2/lib/python3.11/site-packages/anndata/utils.py:434: FutureWarning: Importing read_text from `anndata` is deprecated. Import anndata.io.read_text instead.
  warnings.warn(msg, FutureWarning)
/home/zhangpeiru/.conda/envs/MetqQ2/lib/python3.11/site-packages/anndata/utils.py:434: FutureWarning: Importing read_excel from `anndata` is deprecated. Import anndata.io.read_excel instead.
  warnings.warn(msg, FutureWarning)
/home/zhangpeiru/.conda/envs/MetqQ2/lib/python3.11/site-packages/anndata/utils.py:434: FutureWarning: Importing read_mtx from `anndata` is deprecated. Import anndata.io.read_mtx instead.
  warnings.warn(msg, FutureWarning)
/home/zhangpeiru/.conda/envs/MetqQ2/lib/python3.11/site-packages/anndata/utils.py:434: FutureWarning: Importing read_loom from `anndata` is deprecated. Import anndata.io.read_loom instead.
  warnings.warn(msg, FutureWarning)
/home/zhangpeiru/.conda/envs/MetqQ2/lib/python3.11/site-packages/anndata/utils.py:434: FutureWarning: Importing read_hdf from `anndata` is deprecated. Import anndata.io.read_hdf instead.
  warnings.warn(msg, FutureWarning)
/home/zhangpeiru/.conda/envs/MetqQ2/lib/python3.11/site-packages/anndata/utils.py:434: FutureWarning: Importing read_umi_tools from `anndata` is deprecated. Import anndata.io.read_umi_tools instead.
  warnings.warn(msg, FutureWarning)
/home/zhangpeiru/.conda/envs/MetqQ2/lib/python3.11/site-packages/scanpy/preprocessing/_highly_variable_genes.py:220: FutureWarning: The default of observed=False is deprecated and will be changed to True in a future version of pandas. Pass observed=False to retain current behavior or observed=True to adopt the future default and silence this warning.
  disp_grouped = df.groupby('mean_bin')['dispersions']
/home/zhangpeiru/.conda/envs/MetqQ2/lib/python3.11/site-packages/scanpy/preprocessing/_simple.py:843: UserWarning: Received a view of an AnnData. Making a copy.
  view_to_actual(adata)
=======Loading and Preprocessing Data=======
Data of 2 omics in total
revision_results/cache/subsets/D5_D5_rna_2000cells_seed1729_rare-Non-classical-monocytes-abundance0.002-seed90527.h5ad loaded with shape [2000, 1372]
revision_results/cache/subsets/D5_D5_adt_2000cells_seed1729_rare-Non-classical-monocytes-abundance0.002-seed90527.h5ad loaded with shape [2000, 189]
2026-08-29 16:14:32,940 INFO Loading faiss with AVX512 support.
2026-08-29 16:14:32,963 INFO Successfully loaded faiss with AVX512 support.
2026-08-29 16:14:32,967 INFO Failed to load GPU Faiss: name 'GpuIndexIVFFlat' is not defined. Will not load constructor refs for GPU indexes. This is only an error if you're trying to use GPU Faiss.
WARNING clustering 512 points to 40 centroids: please provide at least 1560 training points
GARQ Initialization completed.
/home/zhangpeiru/.conda/envs/MetqQ2/lib/python3.11/site-packages/torch/autograd/__init__.py:251: UserWarning: Memory Efficient attention defaults to a non-deterministic algorithm. To explicitly enable determinism call torch.use_deterministic_algorithms(True, warn_only=False). (Triggered internally at ../aten/src/ATen/native/transformers/cuda/attention_backward.cu:413.)
  Variable._execution_engine.run_backward(  # Calls into the C++ engine to run the backward pass
Epoch 1, RNA: recon_loss=0.4933 , ADT: recon_loss=12.4561 
/data/zhangpeiru/GARQ_revision/model.py:121: UserWarning: cumsum_cuda_kernel does not have a deterministic implementation, but you set 'torch.use_deterministic_algorithms(True, warn_only=True)'. You can file an issue at https://github.com/pytorch/pytorch/issues to help us prioritize adding deterministic support for this operation. (Triggered internally at ../aten/src/ATen/Context.cpp:71.)
  dis_indices = torch.multinomial(
/data/zhangpeiru/GARQ_revision/data_utils.py:131: RuntimeWarning: Mean of empty slice.
  [data[meta_ids == i].mean(axis=0) for i in range(meta_ids.max() + 1)]
/home/zhangpeiru/.conda/envs/MetqQ2/lib/python3.11/site-packages/numpy/core/_methods.py:121: RuntimeWarning: divide by zero encountered in divide
  ret = um.true_divide(
/home/zhangpeiru/.conda/envs/MetqQ2/lib/python3.11/site-packages/numpy/core/_methods.py:121: RuntimeWarning: invalid value encountered in divide
  ret = um.true_divide(
/data/zhangpeiru/GARQ_revision/data_utils.py:140: UserWarning: The given NumPy array is not writable, and PyTorch does not support non-writable tensors. This means writing to this tensor will result in undefined behavior. You may want to copy the array to protect its data or make it writable before converting it to a tensor. This type of warning will be suppressed for the rest of this program. (Triggered internally at ../torch/csrc/utils/tensor_numpy.cpp:206.)
  type_int = torch.from_numpy(adata.obs[args.type_key].cat.codes.values).long()
/data/zhangpeiru/GARQ_revision/data_utils.py:131: RuntimeWarning: Mean of empty slice.
  [data[meta_ids == i].mean(axis=0) for i in range(meta_ids.max() + 1)]
/home/zhangpeiru/.conda/envs/MetqQ2/lib/python3.11/site-packages/numpy/core/_methods.py:121: RuntimeWarning: divide by zero encountered in divide
  ret = um.true_divide(
/home/zhangpeiru/.conda/envs/MetqQ2/lib/python3.11/site-packages/numpy/core/_methods.py:121: RuntimeWarning: invalid value encountered in divide
  ret = um.true_divide(
/home/zhangpeiru/.conda/envs/MetqQ2/lib/python3.11/site-packages/louvain/__init__.py:54: UserWarning: pkg_resources is deprecated as an API. See https://setuptools.pypa.io/en/latest/pkg_resources.html. The pkg_resources package is slated for removal as early as 2025-11-30. Refrain from using this package or pin to Setuptools<81.
  from pkg_resources import get_distribution, DistributionNotFound
/home/zhangpeiru/.conda/envs/MetqQ2/lib/python3.11/site-packages/anndata/utils.py:434: FutureWarning: Importing read_csv from `anndata` is deprecated. Import anndata.io.read_csv instead.
  warnings.warn(msg, FutureWarning)
/home/zhangpeiru/.conda/envs/MetqQ2/lib/python3.11/site-packages/anndata/utils.py:434: FutureWarning: Importing read_text from `anndata` is deprecated. Import anndata.io.read_text instead.
  warnings.warn(msg, FutureWarning)
/home/zhangpeiru/.conda/envs/MetqQ2/lib/python3.11/site-packages/anndata/utils.py:434: FutureWarning: Importing read_excel from `anndata` is deprecated. Import anndata.io.read_excel instead.
  warnings.warn(msg, FutureWarning)
/home/zhangpeiru/.conda/envs/MetqQ2/lib/python3.11/site-packages/anndata/utils.py:434: FutureWarning: Importing read_mtx from `anndata` is deprecated. Import anndata.io.read_mtx instead.
  warnings.warn(msg, FutureWarning)
/home/zhangpeiru/.conda/envs/MetqQ2/lib/python3.11/site-packages/anndata/utils.py:434: FutureWarning: Importing read_loom from `anndata` is deprecated. Import anndata.io.read_loom instead.
  warnings.warn(msg, FutureWarning)
/home/zhangpeiru/.conda/envs/MetqQ2/lib/python3.11/site-packages/anndata/utils.py:434: FutureWarning: Importing read_hdf from `anndata` is deprecated. Import anndata.io.read_hdf instead.
  warnings.warn(msg, FutureWarning)
/home/zhangpeiru/.conda/envs/MetqQ2/lib/python3.11/site-packages/anndata/utils.py:434: FutureWarning: Importing read_umi_tools from `anndata` is deprecated. Import anndata.io.read_umi_tools instead.
  warnings.warn(msg, FutureWarning)
/home/zhangpeiru/.conda/envs/MetqQ2/lib/python3.11/site-packages/scanpy/preprocessing/_highly_variable_genes.py:220: FutureWarning: The default of observed=False is deprecated and will be changed to True in a future version of pandas. Pass observed=False to retain current behavior or observed=True to adopt the future default and silence this warning.
  disp_grouped = df.groupby('mean_bin')['dispersions']
/home/zhangpeiru/.conda/envs/MetqQ2/lib/python3.11/site-packages/scanpy/preprocessing/_simple.py:843: UserWarning: Received a view of an AnnData. Making a copy.
  view_to_actual(adata)
=======Loading and Preprocessing Data=======
Data of 2 omics in total
revision_results/cache/subsets/D5_D5_rna_2000cells_seed1729_rare-Non-classical-monocytes-abundance0.002-seed35577.h5ad loaded with shape [2000, 1406]
revision_results/cache/subsets/D5_D5_adt_2000cells_seed1729_rare-Non-classical-monocytes-abundance0.002-seed35577.h5ad loaded with shape [2000, 189]
2026-08-29 16:14:44,513 INFO Loading faiss with AVX512 support.
2026-08-29 16:14:44,534 INFO Successfully loaded faiss with AVX512 support.
2026-08-29 16:14:44,538 INFO Failed to load GPU Faiss: name 'GpuIndexIVFFlat' is not defined. Will not load constructor refs for GPU indexes. This is only an error if you're trying to use GPU Faiss.
WARNING clustering 512 points to 40 centroids: please provide at least 1560 training points
GARQ Initialization completed.
/home/zhangpeiru/.conda/envs/MetqQ2/lib/python3.11/site-packages/torch/autograd/__init__.py:251: UserWarning: Memory Efficient attention defaults to a non-deterministic algorithm. To explicitly enable determinism call torch.use_deterministic_algorithms(True, warn_only=False). (Triggered internally at ../aten/src/ATen/native/transformers/cuda/attention_backward.cu:413.)
  Variable._execution_engine.run_backward(  # Calls into the C++ engine to run the backward pass
Epoch 1, RNA: recon_loss=0.4864 , ADT: recon_loss=13.0938 
/data/zhangpeiru/GARQ_revision/model.py:121: UserWarning: cumsum_cuda_kernel does not have a deterministic implementation, but you set 'torch.use_deterministic_algorithms(True, warn_only=True)'. You can file an issue at https://github.com/pytorch/pytorch/issues to help us prioritize adding deterministic support for this operation. (Triggered internally at ../aten/src/ATen/Context.cpp:71.)
  dis_indices = torch.multinomial(
/data/zhangpeiru/GARQ_revision/data_utils.py:131: RuntimeWarning: Mean of empty slice.
  [data[meta_ids == i].mean(axis=0) for i in range(meta_ids.max() + 1)]
/home/zhangpeiru/.conda/envs/MetqQ2/lib/python3.11/site-packages/numpy/core/_methods.py:121: RuntimeWarning: divide by zero encountered in divide
  ret = um.true_divide(
/home/zhangpeiru/.conda/envs/MetqQ2/lib/python3.11/site-packages/numpy/core/_methods.py:121: RuntimeWarning: invalid value encountered in divide
  ret = um.true_divide(
/data/zhangpeiru/GARQ_revision/data_utils.py:140: UserWarning: The given NumPy array is not writable, and PyTorch does not support non-writable tensors. This means writing to this tensor will result in undefined behavior. You may want to copy the array to protect its data or make it writable before converting it to a tensor. This type of warning will be suppressed for the rest of this program. (Triggered internally at ../torch/csrc/utils/tensor_numpy.cpp:206.)
  type_int = torch.from_numpy(adata.obs[args.type_key].cat.codes.values).long()
/data/zhangpeiru/GARQ_revision/data_utils.py:131: RuntimeWarning: Mean of empty slice.
  [data[meta_ids == i].mean(axis=0) for i in range(meta_ids.max() + 1)]
/home/zhangpeiru/.conda/envs/MetqQ2/lib/python3.11/site-packages/numpy/core/_methods.py:121: RuntimeWarning: divide by zero encountered in divide
  ret = um.true_divide(
/home/zhangpeiru/.conda/envs/MetqQ2/lib/python3.11/site-packages/numpy/core/_methods.py:121: RuntimeWarning: invalid value encountered in divide
  ret = um.true_divide(
/home/zhangpeiru/.conda/envs/MetqQ2/lib/python3.11/site-packages/louvain/__init__.py:54: UserWarning: pkg_resources is deprecated as an API. See https://setuptools.pypa.io/en/latest/pkg_resources.html. The pkg_resources package is slated for removal as early as 2025-11-30. Refrain from using this package or pin to Setuptools<81.
  from pkg_resources import get_distribution, DistributionNotFound
/home/zhangpeiru/.conda/envs/MetqQ2/lib/python3.11/site-packages/anndata/utils.py:434: FutureWarning: Importing read_csv from `anndata` is deprecated. Import anndata.io.read_csv instead.
  warnings.warn(msg, FutureWarning)
/home/zhangpeiru/.conda/envs/MetqQ2/lib/python3.11/site-packages/anndata/utils.py:434: FutureWarning: Importing read_text from `anndata` is deprecated. Import anndata.io.read_text instead.
  warnings.warn(msg, FutureWarning)
/home/zhangpeiru/.conda/envs/MetqQ2/lib/python3.11/site-packages/anndata/utils.py:434: FutureWarning: Importing read_excel from `anndata` is deprecated. Import anndata.io.read_excel instead.
  warnings.warn(msg, FutureWarning)
/home/zhangpeiru/.conda/envs/MetqQ2/lib/python3.11/site-packages/anndata/utils.py:434: FutureWarning: Importing read_mtx from `anndata` is deprecated. Import anndata.io.read_mtx instead.
  warnings.warn(msg, FutureWarning)
/home/zhangpeiru/.conda/envs/MetqQ2/lib/python3.11/site-packages/anndata/utils.py:434: FutureWarning: Importing read_loom from `anndata` is deprecated. Import anndata.io.read_loom instead.
  warnings.warn(msg, FutureWarning)
/home/zhangpeiru/.conda/envs/MetqQ2/lib/python3.11/site-packages/anndata/utils.py:434: FutureWarning: Importing read_hdf from `anndata` is deprecated. Import anndata.io.read_hdf instead.
  warnings.warn(msg, FutureWarning)
/home/zhangpeiru/.conda/envs/MetqQ2/lib/python3.11/site-packages/anndata/utils.py:434: FutureWarning: Importing read_umi_tools from `anndata` is deprecated. Import anndata.io.read_umi_tools instead.
  warnings.warn(msg, FutureWarning)
/home/zhangpeiru/.conda/envs/MetqQ2/lib/python3.11/site-packages/scanpy/preprocessing/_highly_variable_genes.py:220: FutureWarning: The default of observed=False is deprecated and will be changed to True in a future version of pandas. Pass observed=False to retain current behavior or observed=True to adopt the future default and silence this warning.
  disp_grouped = df.groupby('mean_bin')['dispersions']
/home/zhangpeiru/.conda/envs/MetqQ2/lib/python3.11/site-packages/scanpy/preprocessing/_simple.py:843: UserWarning: Received a view of an AnnData. Making a copy.
  view_to_actual(adata)
=======Loading and Preprocessing Data=======
Data of 2 omics in total
revision_results/cache/subsets/D5_D5_rna_2000cells_seed1729_rare-Non-classical-monocytes-abundance0.002-seed142088.h5ad loaded with shape [2000, 1372]
revision_results/cache/subsets/D5_D5_adt_2000cells_seed1729_rare-Non-classical-monocytes-abundance0.002-seed142088.h5ad loaded with shape [2000, 189]
2026-08-29 16:14:57,561 INFO Loading faiss with AVX512 support.
2026-08-29 16:14:57,582 INFO Successfully loaded faiss with AVX512 support.
2026-08-29 16:14:57,586 INFO Failed to load GPU Faiss: name 'GpuIndexIVFFlat' is not defined. Will not load constructor refs for GPU indexes. This is only an error if you're trying to use GPU Faiss.
WARNING clustering 512 points to 40 centroids: please provide at least 1560 training points
GARQ Initialization completed.
/home/zhangpeiru/.conda/envs/MetqQ2/lib/python3.11/site-packages/torch/autograd/__init__.py:251: UserWarning: Memory Efficient attention defaults to a non-deterministic algorithm. To explicitly enable determinism call torch.use_deterministic_algorithms(True, warn_only=False). (Triggered internally at ../aten/src/ATen/native/transformers/cuda/attention_backward.cu:413.)
  Variable._execution_engine.run_backward(  # Calls into the C++ engine to run the backward pass
Epoch 1, RNA: recon_loss=0.4851 , ADT: recon_loss=12.5407 
/data/zhangpeiru/GARQ_revision/model.py:121: UserWarning: cumsum_cuda_kernel does not have a deterministic implementation, but you set 'torch.use_deterministic_algorithms(True, warn_only=True)'. You can file an issue at https://github.com/pytorch/pytorch/issues to help us prioritize adding deterministic support for this operation. (Triggered internally at ../aten/src/ATen/Context.cpp:71.)
  dis_indices = torch.multinomial(
/data/zhangpeiru/GARQ_revision/data_utils.py:131: RuntimeWarning: Mean of empty slice.
  [data[meta_ids == i].mean(axis=0) for i in range(meta_ids.max() + 1)]
/home/zhangpeiru/.conda/envs/MetqQ2/lib/python3.11/site-packages/numpy/core/_methods.py:121: RuntimeWarning: divide by zero encountered in divide
  ret = um.true_divide(
/home/zhangpeiru/.conda/envs/MetqQ2/lib/python3.11/site-packages/numpy/core/_methods.py:121: RuntimeWarning: invalid value encountered in divide
  ret = um.true_divide(
/data/zhangpeiru/GARQ_revision/data_utils.py:140: UserWarning: The given NumPy array is not writable, and PyTorch does not support non-writable tensors. This means writing to this tensor will result in undefined behavior. You may want to copy the array to protect its data or make it writable before converting it to a tensor. This type of warning will be suppressed for the rest of this program. (Triggered internally at ../torch/csrc/utils/tensor_numpy.cpp:206.)
  type_int = torch.from_numpy(adata.obs[args.type_key].cat.codes.values).long()
/data/zhangpeiru/GARQ_revision/data_utils.py:131: RuntimeWarning: Mean of empty slice.
  [data[meta_ids == i].mean(axis=0) for i in range(meta_ids.max() + 1)]
/home/zhangpeiru/.conda/envs/MetqQ2/lib/python3.11/site-packages/numpy/core/_methods.py:121: RuntimeWarning: divide by zero encountered in divide
  ret = um.true_divide(
/home/zhangpeiru/.conda/envs/MetqQ2/lib/python3.11/site-packages/numpy/core/_methods.py:121: RuntimeWarning: invalid value encountered in divide
  ret = um.true_divide(
/home/zhangpeiru/.conda/envs/MetqQ2/lib/python3.11/site-packages/louvain/__init__.py:54: UserWarning: pkg_resources is deprecated as an API. See https://setuptools.pypa.io/en/latest/pkg_resources.html. The pkg_resources package is slated for removal as early as 2025-11-30. Refrain from using this package or pin to Setuptools<81.
  from pkg_resources import get_distribution, DistributionNotFound
/home/zhangpeiru/.conda/envs/MetqQ2/lib/python3.11/site-packages/anndata/utils.py:434: FutureWarning: Importing read_csv from `anndata` is deprecated. Import anndata.io.read_csv instead.
  warnings.warn(msg, FutureWarning)
/home/zhangpeiru/.conda/envs/MetqQ2/lib/python3.11/site-packages/anndata/utils.py:434: FutureWarning: Importing read_text from `anndata` is deprecated. Import anndata.io.read_text instead.
  warnings.warn(msg, FutureWarning)
/home/zhangpeiru/.conda/envs/MetqQ2/lib/python3.11/site-packages/anndata/utils.py:434: FutureWarning: Importing read_excel from `anndata` is deprecated. Import anndata.io.read_excel instead.
  warnings.warn(msg, FutureWarning)
/home/zhangpeiru/.conda/envs/MetqQ2/lib/python3.11/site-packages/anndata/utils.py:434: FutureWarning: Importing read_mtx from `anndata` is deprecated. Import anndata.io.read_mtx instead.
  warnings.warn(msg, FutureWarning)
/home/zhangpeiru/.conda/envs/MetqQ2/lib/python3.11/site-packages/anndata/utils.py:434: FutureWarning: Importing read_loom from `anndata` is deprecated. Import anndata.io.read_loom instead.
  warnings.warn(msg, FutureWarning)
/home/zhangpeiru/.conda/envs/MetqQ2/lib/python3.11/site-packages/anndata/utils.py:434: FutureWarning: Importing read_hdf from `anndata` is deprecated. Import anndata.io.read_hdf instead.
  warnings.warn(msg, FutureWarning)
/home/zhangpeiru/.conda/envs/MetqQ2/lib/python3.11/site-packages/anndata/utils.py:434: FutureWarning: Importing read_umi_tools from `anndata` is deprecated. Import anndata.io.read_umi_tools instead.
  warnings.warn(msg, FutureWarning)
/home/zhangpeiru/.conda/envs/MetqQ2/lib/python3.11/site-packages/scanpy/preprocessing/_highly_variable_genes.py:220: FutureWarning: The default of observed=False is deprecated and will be changed to True in a future version of pandas. Pass observed=False to retain current behavior or observed=True to adopt the future default and silence this warning.
  disp_grouped = df.groupby('mean_bin')['dispersions']
/home/zhangpeiru/.conda/envs/MetqQ2/lib/python3.11/site-packages/scanpy/preprocessing/_simple.py:843: UserWarning: Received a view of an AnnData. Making a copy.
  view_to_actual(adata)
=======Loading and Preprocessing Data=======
Data of 2 omics in total
revision_results/cache/subsets/D5_D5_rna_2000cells_seed1729_rare-Non-classical-monocytes-abundance0.002-seed145875.h5ad loaded with shape [2000, 1365]
revision_results/cache/subsets/D5_D5_adt_2000cells_seed1729_rare-Non-classical-monocytes-abundance0.002-seed145875.h5ad loaded with shape [2000, 189]
2026-08-29 16:15:09,330 INFO Loading faiss with AVX512 support.
2026-08-29 16:15:09,350 INFO Successfully loaded faiss with AVX512 support.
2026-08-29 16:15:09,354 INFO Failed to load GPU Faiss: name 'GpuIndexIVFFlat' is not defined. Will not load constructor refs for GPU indexes. This is only an error if you're trying to use GPU Faiss.
WARNING clustering 512 points to 40 centroids: please provide at least 1560 training points
GARQ Initialization completed.
/home/zhangpeiru/.conda/envs/MetqQ2/lib/python3.11/site-packages/torch/autograd/__init__.py:251: UserWarning: Memory Efficient attention defaults to a non-deterministic algorithm. To explicitly enable determinism call torch.use_deterministic_algorithms(True, warn_only=False). (Triggered internally at ../aten/src/ATen/native/transformers/cuda/attention_backward.cu:413.)
  Variable._execution_engine.run_backward(  # Calls into the C++ engine to run the backward pass
Epoch 1, RNA: recon_loss=0.4762 , ADT: recon_loss=12.9847 
/data/zhangpeiru/GARQ_revision/model.py:121: UserWarning: cumsum_cuda_kernel does not have a deterministic implementation, but you set 'torch.use_deterministic_algorithms(True, warn_only=True)'. You can file an issue at https://github.com/pytorch/pytorch/issues to help us prioritize adding deterministic support for this operation. (Triggered internally at ../aten/src/ATen/Context.cpp:71.)
  dis_indices = torch.multinomial(
/data/zhangpeiru/GARQ_revision/data_utils.py:131: RuntimeWarning: Mean of empty slice.
  [data[meta_ids == i].mean(axis=0) for i in range(meta_ids.max() + 1)]
/home/zhangpeiru/.conda/envs/MetqQ2/lib/python3.11/site-packages/numpy/core/_methods.py:121: RuntimeWarning: divide by zero encountered in divide
  ret = um.true_divide(
/home/zhangpeiru/.conda/envs/MetqQ2/lib/python3.11/site-packages/numpy/core/_methods.py:121: RuntimeWarning: invalid value encountered in divide
  ret = um.true_divide(
/data/zhangpeiru/GARQ_revision/data_utils.py:140: UserWarning: The given NumPy array is not writable, and PyTorch does not support non-writable tensors. This means writing to this tensor will result in undefined behavior. You may want to copy the array to protect its data or make it writable before converting it to a tensor. This type of warning will be suppressed for the rest of this program. (Triggered internally at ../torch/csrc/utils/tensor_numpy.cpp:206.)
  type_int = torch.from_numpy(adata.obs[args.type_key].cat.codes.values).long()
/data/zhangpeiru/GARQ_revision/data_utils.py:131: RuntimeWarning: Mean of empty slice.
  [data[meta_ids == i].mean(axis=0) for i in range(meta_ids.max() + 1)]
/home/zhangpeiru/.conda/envs/MetqQ2/lib/python3.11/site-packages/numpy/core/_methods.py:121: RuntimeWarning: divide by zero encountered in divide
  ret = um.true_divide(
/home/zhangpeiru/.conda/envs/MetqQ2/lib/python3.11/site-packages/numpy/core/_methods.py:121: RuntimeWarning: invalid value encountered in divide
  ret = um.true_divide(
/home/zhangpeiru/.conda/envs/MetqQ2/lib/python3.11/site-packages/louvain/__init__.py:54: UserWarning: pkg_resources is deprecated as an API. See https://setuptools.pypa.io/en/latest/pkg_resources.html. The pkg_resources package is slated for removal as early as 2025-11-30. Refrain from using this package or pin to Setuptools<81.
  from pkg_resources import get_distribution, DistributionNotFound
/home/zhangpeiru/.conda/envs/MetqQ2/lib/python3.11/site-packages/anndata/utils.py:434: FutureWarning: Importing read_csv from `anndata` is deprecated. Import anndata.io.read_csv instead.
  warnings.warn(msg, FutureWarning)
/home/zhangpeiru/.conda/envs/MetqQ2/lib/python3.11/site-packages/anndata/utils.py:434: FutureWarning: Importing read_text from `anndata` is deprecated. Import anndata.io.read_text instead.
  warnings.warn(msg, FutureWarning)
/home/zhangpeiru/.conda/envs/MetqQ2/lib/python3.11/site-packages/anndata/utils.py:434: FutureWarning: Importing read_excel from `anndata` is deprecated. Import anndata.io.read_excel instead.
  warnings.warn(msg, FutureWarning)
/home/zhangpeiru/.conda/envs/MetqQ2/lib/python3.11/site-packages/anndata/utils.py:434: FutureWarning: Importing read_mtx from `anndata` is deprecated. Import anndata.io.read_mtx instead.
  warnings.warn(msg, FutureWarning)
/home/zhangpeiru/.conda/envs/MetqQ2/lib/python3.11/site-packages/anndata/utils.py:434: FutureWarning: Importing read_loom from `anndata` is deprecated. Import anndata.io.read_loom instead.
  warnings.warn(msg, FutureWarning)
/home/zhangpeiru/.conda/envs/MetqQ2/lib/python3.11/site-packages/anndata/utils.py:434: FutureWarning: Importing read_hdf from `anndata` is deprecated. Import anndata.io.read_hdf instead.
  warnings.warn(msg, FutureWarning)
/home/zhangpeiru/.conda/envs/MetqQ2/lib/python3.11/site-packages/anndata/utils.py:434: FutureWarning: Importing read_umi_tools from `anndata` is deprecated. Import anndata.io.read_umi_tools instead.
  warnings.warn(msg, FutureWarning)
/home/zhangpeiru/.conda/envs/MetqQ2/lib/python3.11/site-packages/scanpy/preprocessing/_highly_variable_genes.py:220: FutureWarning: The default of observed=False is deprecated and will be changed to True in a future version of pandas. Pass observed=False to retain current behavior or observed=True to adopt the future default and silence this warning.
  disp_grouped = df.groupby('mean_bin')['dispersions']
/home/zhangpeiru/.conda/envs/MetqQ2/lib/python3.11/site-packages/scanpy/preprocessing/_simple.py:843: UserWarning: Received a view of an AnnData. Making a copy.
  view_to_actual(adata)
=======Loading and Preprocessing Data=======
Data of 2 omics in total
revision_results/cache/subsets/D5_D5_rna_2000cells_seed1729_rare-Non-classical-monocytes-abundance0.005-seed554820.h5ad loaded with shape [2000, 1343]
revision_results/cache/subsets/D5_D5_adt_2000cells_seed1729_rare-Non-classical-monocytes-abundance0.005-seed554820.h5ad loaded with shape [2000, 189]
2026-08-29 16:15:20,609 INFO Loading faiss with AVX512 support.
2026-08-29 16:15:20,628 INFO Successfully loaded faiss with AVX512 support.
2026-08-29 16:15:20,632 INFO Failed to load GPU Faiss: name 'GpuIndexIVFFlat' is not defined. Will not load constructor refs for GPU indexes. This is only an error if you're trying to use GPU Faiss.
WARNING clustering 512 points to 40 centroids: please provide at least 1560 training points
GARQ Initialization completed.
/home/zhangpeiru/.conda/envs/MetqQ2/lib/python3.11/site-packages/torch/autograd/__init__.py:251: UserWarning: Memory Efficient attention defaults to a non-deterministic algorithm. To explicitly enable determinism call torch.use_deterministic_algorithms(True, warn_only=False). (Triggered internally at ../aten/src/ATen/native/transformers/cuda/attention_backward.cu:413.)
  Variable._execution_engine.run_backward(  # Calls into the C++ engine to run the backward pass
Epoch 1, RNA: recon_loss=0.4706 , ADT: recon_loss=12.8850 
/data/zhangpeiru/GARQ_revision/model.py:121: UserWarning: cumsum_cuda_kernel does not have a deterministic implementation, but you set 'torch.use_deterministic_algorithms(True, warn_only=True)'. You can file an issue at https://github.com/pytorch/pytorch/issues to help us prioritize adding deterministic support for this operation. (Triggered internally at ../aten/src/ATen/Context.cpp:71.)
  dis_indices = torch.multinomial(
/data/zhangpeiru/GARQ_revision/data_utils.py:140: UserWarning: The given NumPy array is not writable, and PyTorch does not support non-writable tensors. This means writing to this tensor will result in undefined behavior. You may want to copy the array to protect its data or make it writable before converting it to a tensor. This type of warning will be suppressed for the rest of this program. (Triggered internally at ../torch/csrc/utils/tensor_numpy.cpp:206.)
  type_int = torch.from_numpy(adata.obs[args.type_key].cat.codes.values).long()
/home/zhangpeiru/.conda/envs/MetqQ2/lib/python3.11/site-packages/louvain/__init__.py:54: UserWarning: pkg_resources is deprecated as an API. See https://setuptools.pypa.io/en/latest/pkg_resources.html. The pkg_resources package is slated for removal as early as 2025-11-30. Refrain from using this package or pin to Setuptools<81.
  from pkg_resources import get_distribution, DistributionNotFound
/home/zhangpeiru/.conda/envs/MetqQ2/lib/python3.11/site-packages/anndata/utils.py:434: FutureWarning: Importing read_csv from `anndata` is deprecated. Import anndata.io.read_csv instead.
  warnings.warn(msg, FutureWarning)
/home/zhangpeiru/.conda/envs/MetqQ2/lib/python3.11/site-packages/anndata/utils.py:434: FutureWarning: Importing read_text from `anndata` is deprecated. Import anndata.io.read_text instead.
  warnings.warn(msg, FutureWarning)
/home/zhangpeiru/.conda/envs/MetqQ2/lib/python3.11/site-packages/anndata/utils.py:434: FutureWarning: Importing read_excel from `anndata` is deprecated. Import anndata.io.read_excel instead.
  warnings.warn(msg, FutureWarning)
/home/zhangpeiru/.conda/envs/MetqQ2/lib/python3.11/site-packages/anndata/utils.py:434: FutureWarning: Importing read_mtx from `anndata` is deprecated. Import anndata.io.read_mtx instead.
  warnings.warn(msg, FutureWarning)
/home/zhangpeiru/.conda/envs/MetqQ2/lib/python3.11/site-packages/anndata/utils.py:434: FutureWarning: Importing read_loom from `anndata` is deprecated. Import anndata.io.read_loom instead.
  warnings.warn(msg, FutureWarning)
/home/zhangpeiru/.conda/envs/MetqQ2/lib/python3.11/site-packages/anndata/utils.py:434: FutureWarning: Importing read_hdf from `anndata` is deprecated. Import anndata.io.read_hdf instead.
  warnings.warn(msg, FutureWarning)
/home/zhangpeiru/.conda/envs/MetqQ2/lib/python3.11/site-packages/anndata/utils.py:434: FutureWarning: Importing read_umi_tools from `anndata` is deprecated. Import anndata.io.read_umi_tools instead.
  warnings.warn(msg, FutureWarning)
/home/zhangpeiru/.conda/envs/MetqQ2/lib/python3.11/site-packages/scanpy/preprocessing/_highly_variable_genes.py:220: FutureWarning: The default of observed=False is deprecated and will be changed to True in a future version of pandas. Pass observed=False to retain current behavior or observed=True to adopt the future default and silence this warning.
  disp_grouped = df.groupby('mean_bin')['dispersions']
/home/zhangpeiru/.conda/envs/MetqQ2/lib/python3.11/site-packages/scanpy/preprocessing/_simple.py:843: UserWarning: Received a view of an AnnData. Making a copy.
  view_to_actual(adata)
=======Loading and Preprocessing Data=======
Data of 2 omics in total
revision_results/cache/subsets/D5_D5_rna_2000cells_seed1729_rare-Non-classical-monocytes-abundance0.005-seed260349.h5ad loaded with shape [2000, 1327]
revision_results/cache/subsets/D5_D5_adt_2000cells_seed1729_rare-Non-classical-monocytes-abundance0.005-seed260349.h5ad loaded with shape [2000, 189]
2026-08-29 16:15:32,727 INFO Loading faiss with AVX512 support.
2026-08-29 16:15:32,751 INFO Successfully loaded faiss with AVX512 support.
2026-08-29 16:15:32,755 INFO Failed to load GPU Faiss: name 'GpuIndexIVFFlat' is not defined. Will not load constructor refs for GPU indexes. This is only an error if you're trying to use GPU Faiss.
WARNING clustering 512 points to 40 centroids: please provide at least 1560 training points
GARQ Initialization completed.
/home/zhangpeiru/.conda/envs/MetqQ2/lib/python3.11/site-packages/torch/autograd/__init__.py:251: UserWarning: Memory Efficient attention defaults to a non-deterministic algorithm. To explicitly enable determinism call torch.use_deterministic_algorithms(True, warn_only=False). (Triggered internally at ../aten/src/ATen/native/transformers/cuda/attention_backward.cu:413.)
  Variable._execution_engine.run_backward(  # Calls into the C++ engine to run the backward pass
Epoch 1, RNA: recon_loss=0.4882 , ADT: recon_loss=13.1481 
/data/zhangpeiru/GARQ_revision/model.py:121: UserWarning: cumsum_cuda_kernel does not have a deterministic implementation, but you set 'torch.use_deterministic_algorithms(True, warn_only=True)'. You can file an issue at https://github.com/pytorch/pytorch/issues to help us prioritize adding deterministic support for this operation. (Triggered internally at ../aten/src/ATen/Context.cpp:71.)
  dis_indices = torch.multinomial(
/data/zhangpeiru/GARQ_revision/data_utils.py:131: RuntimeWarning: Mean of empty slice.
  [data[meta_ids == i].mean(axis=0) for i in range(meta_ids.max() + 1)]
/home/zhangpeiru/.conda/envs/MetqQ2/lib/python3.11/site-packages/numpy/core/_methods.py:121: RuntimeWarning: divide by zero encountered in divide
  ret = um.true_divide(
/home/zhangpeiru/.conda/envs/MetqQ2/lib/python3.11/site-packages/numpy/core/_methods.py:121: RuntimeWarning: invalid value encountered in divide
  ret = um.true_divide(
/data/zhangpeiru/GARQ_revision/data_utils.py:140: UserWarning: The given NumPy array is not writable, and PyTorch does not support non-writable tensors. This means writing to this tensor will result in undefined behavior. You may want to copy the array to protect its data or make it writable before converting it to a tensor. This type of warning will be suppressed for the rest of this program. (Triggered internally at ../torch/csrc/utils/tensor_numpy.cpp:206.)
  type_int = torch.from_numpy(adata.obs[args.type_key].cat.codes.values).long()
/data/zhangpeiru/GARQ_revision/data_utils.py:131: RuntimeWarning: Mean of empty slice.
  [data[meta_ids == i].mean(axis=0) for i in range(meta_ids.max() + 1)]
/home/zhangpeiru/.conda/envs/MetqQ2/lib/python3.11/site-packages/numpy/core/_methods.py:121: RuntimeWarning: divide by zero encountered in divide
  ret = um.true_divide(
/home/zhangpeiru/.conda/envs/MetqQ2/lib/python3.11/site-packages/numpy/core/_methods.py:121: RuntimeWarning: invalid value encountered in divide
  ret = um.true_divide(
/home/zhangpeiru/.conda/envs/MetqQ2/lib/python3.11/site-packages/louvain/__init__.py:54: UserWarning: pkg_resources is deprecated as an API. See https://setuptools.pypa.io/en/latest/pkg_resources.html. The pkg_resources package is slated for removal as early as 2025-11-30. Refrain from using this package or pin to Setuptools<81.
  from pkg_resources import get_distribution, DistributionNotFound
/home/zhangpeiru/.conda/envs/MetqQ2/lib/python3.11/site-packages/anndata/utils.py:434: FutureWarning: Importing read_csv from `anndata` is deprecated. Import anndata.io.read_csv instead.
  warnings.warn(msg, FutureWarning)
/home/zhangpeiru/.conda/envs/MetqQ2/lib/python3.11/site-packages/anndata/utils.py:434: FutureWarning: Importing read_text from `anndata` is deprecated. Import anndata.io.read_text instead.
  warnings.warn(msg, FutureWarning)
/home/zhangpeiru/.conda/envs/MetqQ2/lib/python3.11/site-packages/anndata/utils.py:434: FutureWarning: Importing read_excel from `anndata` is deprecated. Import anndata.io.read_excel instead.
  warnings.warn(msg, FutureWarning)
/home/zhangpeiru/.conda/envs/MetqQ2/lib/python3.11/site-packages/anndata/utils.py:434: FutureWarning: Importing read_mtx from `anndata` is deprecated. Import anndata.io.read_mtx instead.
  warnings.warn(msg, FutureWarning)
/home/zhangpeiru/.conda/envs/MetqQ2/lib/python3.11/site-packages/anndata/utils.py:434: FutureWarning: Importing read_loom from `anndata` is deprecated. Import anndata.io.read_loom instead.
  warnings.warn(msg, FutureWarning)
/home/zhangpeiru/.conda/envs/MetqQ2/lib/python3.11/site-packages/anndata/utils.py:434: FutureWarning: Importing read_hdf from `anndata` is deprecated. Import anndata.io.read_hdf instead.
  warnings.warn(msg, FutureWarning)
/home/zhangpeiru/.conda/envs/MetqQ2/lib/python3.11/site-packages/anndata/utils.py:434: FutureWarning: Importing read_umi_tools from `anndata` is deprecated. Import anndata.io.read_umi_tools instead.
  warnings.warn(msg, FutureWarning)
/home/zhangpeiru/.conda/envs/MetqQ2/lib/python3.11/site-packages/scanpy/preprocessing/_highly_variable_genes.py:220: FutureWarning: The default of observed=False is deprecated and will be changed to True in a future version of pandas. Pass observed=False to retain current behavior or observed=True to adopt the future default and silence this warning.
  disp_grouped = df.groupby('mean_bin')['dispersions']
/home/zhangpeiru/.conda/envs/MetqQ2/lib/python3.11/site-packages/scanpy/preprocessing/_simple.py:843: UserWarning: Received a view of an AnnData. Making a copy.
  view_to_actual(adata)
=======Loading and Preprocessing Data=======
Data of 2 omics in total
revision_results/cache/subsets/D5_D5_rna_2000cells_seed1729_rare-Non-classical-monocytes-abundance0.005-seed662273.h5ad loaded with shape [2000, 1351]
revision_results/cache/subsets/D5_D5_adt_2000cells_seed1729_rare-Non-classical-monocytes-abundance0.005-seed662273.h5ad loaded with shape [2000, 189]
2026-08-29 16:15:44,916 INFO Loading faiss with AVX512 support.
2026-08-29 16:15:44,935 INFO Successfully loaded faiss with AVX512 support.
2026-08-29 16:15:44,938 INFO Failed to load GPU Faiss: name 'GpuIndexIVFFlat' is not defined. Will not load constructor refs for GPU indexes. This is only an error if you're trying to use GPU Faiss.
WARNING clustering 512 points to 40 centroids: please provide at least 1560 training points
GARQ Initialization completed.
/home/zhangpeiru/.conda/envs/MetqQ2/lib/python3.11/site-packages/torch/autograd/__init__.py:251: UserWarning: Memory Efficient attention defaults to a non-deterministic algorithm. To explicitly enable determinism call torch.use_deterministic_algorithms(True, warn_only=False). (Triggered internally at ../aten/src/ATen/native/transformers/cuda/attention_backward.cu:413.)
  Variable._execution_engine.run_backward(  # Calls into the C++ engine to run the backward pass
Epoch 1, RNA: recon_loss=0.4859 , ADT: recon_loss=12.1246 
/data/zhangpeiru/GARQ_revision/model.py:121: UserWarning: cumsum_cuda_kernel does not have a deterministic implementation, but you set 'torch.use_deterministic_algorithms(True, warn_only=True)'. You can file an issue at https://github.com/pytorch/pytorch/issues to help us prioritize adding deterministic support for this operation. (Triggered internally at ../aten/src/ATen/Context.cpp:71.)
  dis_indices = torch.multinomial(
/data/zhangpeiru/GARQ_revision/data_utils.py:131: RuntimeWarning: Mean of empty slice.
  [data[meta_ids == i].mean(axis=0) for i in range(meta_ids.max() + 1)]
/home/zhangpeiru/.conda/envs/MetqQ2/lib/python3.11/site-packages/numpy/core/_methods.py:121: RuntimeWarning: divide by zero encountered in divide
  ret = um.true_divide(
/home/zhangpeiru/.conda/envs/MetqQ2/lib/python3.11/site-packages/numpy/core/_methods.py:121: RuntimeWarning: invalid value encountered in divide
  ret = um.true_divide(
/data/zhangpeiru/GARQ_revision/data_utils.py:140: UserWarning: The given NumPy array is not writable, and PyTorch does not support non-writable tensors. This means writing to this tensor will result in undefined behavior. You may want to copy the array to protect its data or make it writable before converting it to a tensor. This type of warning will be suppressed for the rest of this program. (Triggered internally at ../torch/csrc/utils/tensor_numpy.cpp:206.)
  type_int = torch.from_numpy(adata.obs[args.type_key].cat.codes.values).long()
/data/zhangpeiru/GARQ_revision/data_utils.py:131: RuntimeWarning: Mean of empty slice.
  [data[meta_ids == i].mean(axis=0) for i in range(meta_ids.max() + 1)]
/home/zhangpeiru/.conda/envs/MetqQ2/lib/python3.11/site-packages/numpy/core/_methods.py:121: RuntimeWarning: divide by zero encountered in divide
  ret = um.true_divide(
/home/zhangpeiru/.conda/envs/MetqQ2/lib/python3.11/site-packages/numpy/core/_methods.py:121: RuntimeWarning: invalid value encountered in divide
  ret = um.true_divide(
/home/zhangpeiru/.conda/envs/MetqQ2/lib/python3.11/site-packages/louvain/__init__.py:54: UserWarning: pkg_resources is deprecated as an API. See https://setuptools.pypa.io/en/latest/pkg_resources.html. The pkg_resources package is slated for removal as early as 2025-11-30. Refrain from using this package or pin to Setuptools<81.
  from pkg_resources import get_distribution, DistributionNotFound
/home/zhangpeiru/.conda/envs/MetqQ2/lib/python3.11/site-packages/anndata/utils.py:434: FutureWarning: Importing read_csv from `anndata` is deprecated. Import anndata.io.read_csv instead.
  warnings.warn(msg, FutureWarning)
/home/zhangpeiru/.conda/envs/MetqQ2/lib/python3.11/site-packages/anndata/utils.py:434: FutureWarning: Importing read_text from `anndata` is deprecated. Import anndata.io.read_text instead.
  warnings.warn(msg, FutureWarning)
/home/zhangpeiru/.conda/envs/MetqQ2/lib/python3.11/site-packages/anndata/utils.py:434: FutureWarning: Importing read_excel from `anndata` is deprecated. Import anndata.io.read_excel instead.
  warnings.warn(msg, FutureWarning)
/home/zhangpeiru/.conda/envs/MetqQ2/lib/python3.11/site-packages/anndata/utils.py:434: FutureWarning: Importing read_mtx from `anndata` is deprecated. Import anndata.io.read_mtx instead.
  warnings.warn(msg, FutureWarning)
/home/zhangpeiru/.conda/envs/MetqQ2/lib/python3.11/site-packages/anndata/utils.py:434: FutureWarning: Importing read_loom from `anndata` is deprecated. Import anndata.io.read_loom instead.
  warnings.warn(msg, FutureWarning)
/home/zhangpeiru/.conda/envs/MetqQ2/lib/python3.11/site-packages/anndata/utils.py:434: FutureWarning: Importing read_hdf from `anndata` is deprecated. Import anndata.io.read_hdf instead.
  warnings.warn(msg, FutureWarning)
/home/zhangpeiru/.conda/envs/MetqQ2/lib/python3.11/site-packages/anndata/utils.py:434: FutureWarning: Importing read_umi_tools from `anndata` is deprecated. Import anndata.io.read_umi_tools instead.
  warnings.warn(msg, FutureWarning)
/home/zhangpeiru/.conda/envs/MetqQ2/lib/python3.11/site-packages/scanpy/preprocessing/_highly_variable_genes.py:220: FutureWarning: The default of observed=False is deprecated and will be changed to True in a future version of pandas. Pass observed=False to retain current behavior or observed=True to adopt the future default and silence this warning.
  disp_grouped = df.groupby('mean_bin')['dispersions']
/home/zhangpeiru/.conda/envs/MetqQ2/lib/python3.11/site-packages/scanpy/preprocessing/_simple.py:843: UserWarning: Received a view of an AnnData. Making a copy.
  view_to_actual(adata)
=======Loading and Preprocessing Data=======
Data of 2 omics in total
revision_results/cache/subsets/D5_D5_rna_2000cells_seed1729_rare-Non-classical-monocytes-abundance0.005-seed21481.h5ad loaded with shape [2000, 1342]
revision_results/cache/subsets/D5_D5_adt_2000cells_seed1729_rare-Non-classical-monocytes-abundance0.005-seed21481.h5ad loaded with shape [2000, 189]
2026-08-29 16:15:55,819 INFO Loading faiss with AVX512 support.
2026-08-29 16:15:55,839 INFO Successfully loaded faiss with AVX512 support.
2026-08-29 16:15:55,844 INFO Failed to load GPU Faiss: name 'GpuIndexIVFFlat' is not defined. Will not load constructor refs for GPU indexes. This is only an error if you're trying to use GPU Faiss.
WARNING clustering 512 points to 40 centroids: please provide at least 1560 training points
GARQ Initialization completed.
/home/zhangpeiru/.conda/envs/MetqQ2/lib/python3.11/site-packages/torch/autograd/__init__.py:251: UserWarning: Memory Efficient attention defaults to a non-deterministic algorithm. To explicitly enable determinism call torch.use_deterministic_algorithms(True, warn_only=False). (Triggered internally at ../aten/src/ATen/native/transformers/cuda/attention_backward.cu:413.)
  Variable._execution_engine.run_backward(  # Calls into the C++ engine to run the backward pass
Epoch 1, RNA: recon_loss=0.5083 , ADT: recon_loss=13.9211 
/data/zhangpeiru/GARQ_revision/model.py:121: UserWarning: cumsum_cuda_kernel does not have a deterministic implementation, but you set 'torch.use_deterministic_algorithms(True, warn_only=True)'. You can file an issue at https://github.com/pytorch/pytorch/issues to help us prioritize adding deterministic support for this operation. (Triggered internally at ../aten/src/ATen/Context.cpp:71.)
  dis_indices = torch.multinomial(
/data/zhangpeiru/GARQ_revision/data_utils.py:131: RuntimeWarning: Mean of empty slice.
  [data[meta_ids == i].mean(axis=0) for i in range(meta_ids.max() + 1)]
/home/zhangpeiru/.conda/envs/MetqQ2/lib/python3.11/site-packages/numpy/core/_methods.py:121: RuntimeWarning: divide by zero encountered in divide
  ret = um.true_divide(
/home/zhangpeiru/.conda/envs/MetqQ2/lib/python3.11/site-packages/numpy/core/_methods.py:121: RuntimeWarning: invalid value encountered in divide
  ret = um.true_divide(
/data/zhangpeiru/GARQ_revision/data_utils.py:140: UserWarning: The given NumPy array is not writable, and PyTorch does not support non-writable tensors. This means writing to this tensor will result in undefined behavior. You may want to copy the array to protect its data or make it writable before converting it to a tensor. This type of warning will be suppressed for the rest of this program. (Triggered internally at ../torch/csrc/utils/tensor_numpy.cpp:206.)
  type_int = torch.from_numpy(adata.obs[args.type_key].cat.codes.values).long()
/data/zhangpeiru/GARQ_revision/data_utils.py:131: RuntimeWarning: Mean of empty slice.
  [data[meta_ids == i].mean(axis=0) for i in range(meta_ids.max() + 1)]
/home/zhangpeiru/.conda/envs/MetqQ2/lib/python3.11/site-packages/numpy/core/_methods.py:121: RuntimeWarning: divide by zero encountered in divide
  ret = um.true_divide(
/home/zhangpeiru/.conda/envs/MetqQ2/lib/python3.11/site-packages/numpy/core/_methods.py:121: RuntimeWarning: invalid value encountered in divide
  ret = um.true_divide(
/home/zhangpeiru/.conda/envs/MetqQ2/lib/python3.11/site-packages/louvain/__init__.py:54: UserWarning: pkg_resources is deprecated as an API. See https://setuptools.pypa.io/en/latest/pkg_resources.html. The pkg_resources package is slated for removal as early as 2025-11-30. Refrain from using this package or pin to Setuptools<81.
  from pkg_resources import get_distribution, DistributionNotFound
/home/zhangpeiru/.conda/envs/MetqQ2/lib/python3.11/site-packages/anndata/utils.py:434: FutureWarning: Importing read_csv from `anndata` is deprecated. Import anndata.io.read_csv instead.
  warnings.warn(msg, FutureWarning)
/home/zhangpeiru/.conda/envs/MetqQ2/lib/python3.11/site-packages/anndata/utils.py:434: FutureWarning: Importing read_text from `anndata` is deprecated. Import anndata.io.read_text instead.
  warnings.warn(msg, FutureWarning)
/home/zhangpeiru/.conda/envs/MetqQ2/lib/python3.11/site-packages/anndata/utils.py:434: FutureWarning: Importing read_excel from `anndata` is deprecated. Import anndata.io.read_excel instead.
  warnings.warn(msg, FutureWarning)
/home/zhangpeiru/.conda/envs/MetqQ2/lib/python3.11/site-packages/anndata/utils.py:434: FutureWarning: Importing read_mtx from `anndata` is deprecated. Import anndata.io.read_mtx instead.
  warnings.warn(msg, FutureWarning)
/home/zhangpeiru/.conda/envs/MetqQ2/lib/python3.11/site-packages/anndata/utils.py:434: FutureWarning: Importing read_loom from `anndata` is deprecated. Import anndata.io.read_loom instead.
  warnings.warn(msg, FutureWarning)
/home/zhangpeiru/.conda/envs/MetqQ2/lib/python3.11/site-packages/anndata/utils.py:434: FutureWarning: Importing read_hdf from `anndata` is deprecated. Import anndata.io.read_hdf instead.
  warnings.warn(msg, FutureWarning)
/home/zhangpeiru/.conda/envs/MetqQ2/lib/python3.11/site-packages/anndata/utils.py:434: FutureWarning: Importing read_umi_tools from `anndata` is deprecated. Import anndata.io.read_umi_tools instead.
  warnings.warn(msg, FutureWarning)
/home/zhangpeiru/.conda/envs/MetqQ2/lib/python3.11/site-packages/scanpy/preprocessing/_highly_variable_genes.py:220: FutureWarning: The default of observed=False is deprecated and will be changed to True in a future version of pandas. Pass observed=False to retain current behavior or observed=True to adopt the future default and silence this warning.
  disp_grouped = df.groupby('mean_bin')['dispersions']
/home/zhangpeiru/.conda/envs/MetqQ2/lib/python3.11/site-packages/scanpy/preprocessing/_simple.py:843: UserWarning: Received a view of an AnnData. Making a copy.
  view_to_actual(adata)
=======Loading and Preprocessing Data=======
Data of 2 omics in total
revision_results/cache/subsets/D5_D5_rna_2000cells_seed1729_rare-Non-classical-monocytes-abundance0.005-seed502664.h5ad loaded with shape [2000, 1361]
revision_results/cache/subsets/D5_D5_adt_2000cells_seed1729_rare-Non-classical-monocytes-abundance0.005-seed502664.h5ad loaded with shape [2000, 189]
2026-08-29 16:16:09,869 INFO Loading faiss with AVX512 support.
2026-08-29 16:16:09,889 INFO Successfully loaded faiss with AVX512 support.
2026-08-29 16:16:09,893 INFO Failed to load GPU Faiss: name 'GpuIndexIVFFlat' is not defined. Will not load constructor refs for GPU indexes. This is only an error if you're trying to use GPU Faiss.
WARNING clustering 512 points to 40 centroids: please provide at least 1560 training points
GARQ Initialization completed.
/home/zhangpeiru/.conda/envs/MetqQ2/lib/python3.11/site-packages/torch/autograd/__init__.py:251: UserWarning: Memory Efficient attention defaults to a non-deterministic algorithm. To explicitly enable determinism call torch.use_deterministic_algorithms(True, warn_only=False). (Triggered internally at ../aten/src/ATen/native/transformers/cuda/attention_backward.cu:413.)
  Variable._execution_engine.run_backward(  # Calls into the C++ engine to run the backward pass
Epoch 1, RNA: recon_loss=0.4740 , ADT: recon_loss=12.7044 
/data/zhangpeiru/GARQ_revision/model.py:121: UserWarning: cumsum_cuda_kernel does not have a deterministic implementation, but you set 'torch.use_deterministic_algorithms(True, warn_only=True)'. You can file an issue at https://github.com/pytorch/pytorch/issues to help us prioritize adding deterministic support for this operation. (Triggered internally at ../aten/src/ATen/Context.cpp:71.)
  dis_indices = torch.multinomial(
/data/zhangpeiru/GARQ_revision/data_utils.py:131: RuntimeWarning: Mean of empty slice.
  [data[meta_ids == i].mean(axis=0) for i in range(meta_ids.max() + 1)]
/home/zhangpeiru/.conda/envs/MetqQ2/lib/python3.11/site-packages/numpy/core/_methods.py:121: RuntimeWarning: divide by zero encountered in divide
  ret = um.true_divide(
/home/zhangpeiru/.conda/envs/MetqQ2/lib/python3.11/site-packages/numpy/core/_methods.py:121: RuntimeWarning: invalid value encountered in divide
  ret = um.true_divide(
/data/zhangpeiru/GARQ_revision/data_utils.py:140: UserWarning: The given NumPy array is not writable, and PyTorch does not support non-writable tensors. This means writing to this tensor will result in undefined behavior. You may want to copy the array to protect its data or make it writable before converting it to a tensor. This type of warning will be suppressed for the rest of this program. (Triggered internally at ../torch/csrc/utils/tensor_numpy.cpp:206.)
  type_int = torch.from_numpy(adata.obs[args.type_key].cat.codes.values).long()
/data/zhangpeiru/GARQ_revision/data_utils.py:131: RuntimeWarning: Mean of empty slice.
  [data[meta_ids == i].mean(axis=0) for i in range(meta_ids.max() + 1)]
/home/zhangpeiru/.conda/envs/MetqQ2/lib/python3.11/site-packages/numpy/core/_methods.py:121: RuntimeWarning: divide by zero encountered in divide
  ret = um.true_divide(
/home/zhangpeiru/.conda/envs/MetqQ2/lib/python3.11/site-packages/numpy/core/_methods.py:121: RuntimeWarning: invalid value encountered in divide
  ret = um.true_divide(
/home/zhangpeiru/.conda/envs/MetqQ2/lib/python3.11/site-packages/louvain/__init__.py:54: UserWarning: pkg_resources is deprecated as an API. See https://setuptools.pypa.io/en/latest/pkg_resources.html. The pkg_resources package is slated for removal as early as 2025-11-30. Refrain from using this package or pin to Setuptools<81.
  from pkg_resources import get_distribution, DistributionNotFound
/home/zhangpeiru/.conda/envs/MetqQ2/lib/python3.11/site-packages/anndata/utils.py:434: FutureWarning: Importing read_csv from `anndata` is deprecated. Import anndata.io.read_csv instead.
  warnings.warn(msg, FutureWarning)
/home/zhangpeiru/.conda/envs/MetqQ2/lib/python3.11/site-packages/anndata/utils.py:434: FutureWarning: Importing read_text from `anndata` is deprecated. Import anndata.io.read_text instead.
  warnings.warn(msg, FutureWarning)
/home/zhangpeiru/.conda/envs/MetqQ2/lib/python3.11/site-packages/anndata/utils.py:434: FutureWarning: Importing read_excel from `anndata` is deprecated. Import anndata.io.read_excel instead.
  warnings.warn(msg, FutureWarning)
/home/zhangpeiru/.conda/envs/MetqQ2/lib/python3.11/site-packages/anndata/utils.py:434: FutureWarning: Importing read_mtx from `anndata` is deprecated. Import anndata.io.read_mtx instead.
  warnings.warn(msg, FutureWarning)
/home/zhangpeiru/.conda/envs/MetqQ2/lib/python3.11/site-packages/anndata/utils.py:434: FutureWarning: Importing read_loom from `anndata` is deprecated. Import anndata.io.read_loom instead.
  warnings.warn(msg, FutureWarning)
/home/zhangpeiru/.conda/envs/MetqQ2/lib/python3.11/site-packages/anndata/utils.py:434: FutureWarning: Importing read_hdf from `anndata` is deprecated. Import anndata.io.read_hdf instead.
  warnings.warn(msg, FutureWarning)
/home/zhangpeiru/.conda/envs/MetqQ2/lib/python3.11/site-packages/anndata/utils.py:434: FutureWarning: Importing read_umi_tools from `anndata` is deprecated. Import anndata.io.read_umi_tools instead.
  warnings.warn(msg, FutureWarning)
/home/zhangpeiru/.conda/envs/MetqQ2/lib/python3.11/site-packages/scanpy/preprocessing/_highly_variable_genes.py:220: FutureWarning: The default of observed=False is deprecated and will be changed to True in a future version of pandas. Pass observed=False to retain current behavior or observed=True to adopt the future default and silence this warning.
  disp_grouped = df.groupby('mean_bin')['dispersions']
/home/zhangpeiru/.conda/envs/MetqQ2/lib/python3.11/site-packages/scanpy/preprocessing/_simple.py:843: UserWarning: Received a view of an AnnData. Making a copy.
  view_to_actual(adata)
=======Loading and Preprocessing Data=======
Data of 2 omics in total
revision_results/cache/subsets/D5_D5_rna_2000cells_seed1729_rare-Non-classical-monocytes-abundance0.01-seed325889.h5ad loaded with shape [2000, 1305]
revision_results/cache/subsets/D5_D5_adt_2000cells_seed1729_rare-Non-classical-monocytes-abundance0.01-seed325889.h5ad loaded with shape [2000, 189]
2026-08-29 16:16:22,790 INFO Loading faiss with AVX512 support.
2026-08-29 16:16:22,810 INFO Successfully loaded faiss with AVX512 support.
2026-08-29 16:16:22,813 INFO Failed to load GPU Faiss: name 'GpuIndexIVFFlat' is not defined. Will not load constructor refs for GPU indexes. This is only an error if you're trying to use GPU Faiss.
WARNING clustering 512 points to 40 centroids: please provide at least 1560 training points
GARQ Initialization completed.
/home/zhangpeiru/.conda/envs/MetqQ2/lib/python3.11/site-packages/torch/autograd/__init__.py:251: UserWarning: Memory Efficient attention defaults to a non-deterministic algorithm. To explicitly enable determinism call torch.use_deterministic_algorithms(True, warn_only=False). (Triggered internally at ../aten/src/ATen/native/transformers/cuda/attention_backward.cu:413.)
  Variable._execution_engine.run_backward(  # Calls into the C++ engine to run the backward pass
Epoch 1, RNA: recon_loss=0.4947 , ADT: recon_loss=11.8048 
/data/zhangpeiru/GARQ_revision/model.py:121: UserWarning: cumsum_cuda_kernel does not have a deterministic implementation, but you set 'torch.use_deterministic_algorithms(True, warn_only=True)'. You can file an issue at https://github.com/pytorch/pytorch/issues to help us prioritize adding deterministic support for this operation. (Triggered internally at ../aten/src/ATen/Context.cpp:71.)
  dis_indices = torch.multinomial(
/data/zhangpeiru/GARQ_revision/data_utils.py:131: RuntimeWarning: Mean of empty slice.
  [data[meta_ids == i].mean(axis=0) for i in range(meta_ids.max() + 1)]
/home/zhangpeiru/.conda/envs/MetqQ2/lib/python3.11/site-packages/numpy/core/_methods.py:121: RuntimeWarning: divide by zero encountered in divide
  ret = um.true_divide(
/home/zhangpeiru/.conda/envs/MetqQ2/lib/python3.11/site-packages/numpy/core/_methods.py:121: RuntimeWarning: invalid value encountered in divide
  ret = um.true_divide(
/data/zhangpeiru/GARQ_revision/data_utils.py:140: UserWarning: The given NumPy array is not writable, and PyTorch does not support non-writable tensors. This means writing to this tensor will result in undefined behavior. You may want to copy the array to protect its data or make it writable before converting it to a tensor. This type of warning will be suppressed for the rest of this program. (Triggered internally at ../torch/csrc/utils/tensor_numpy.cpp:206.)
  type_int = torch.from_numpy(adata.obs[args.type_key].cat.codes.values).long()
/data/zhangpeiru/GARQ_revision/data_utils.py:131: RuntimeWarning: Mean of empty slice.
  [data[meta_ids == i].mean(axis=0) for i in range(meta_ids.max() + 1)]
/home/zhangpeiru/.conda/envs/MetqQ2/lib/python3.11/site-packages/numpy/core/_methods.py:121: RuntimeWarning: divide by zero encountered in divide
  ret = um.true_divide(
/home/zhangpeiru/.conda/envs/MetqQ2/lib/python3.11/site-packages/numpy/core/_methods.py:121: RuntimeWarning: invalid value encountered in divide
  ret = um.true_divide(
/home/zhangpeiru/.conda/envs/MetqQ2/lib/python3.11/site-packages/louvain/__init__.py:54: UserWarning: pkg_resources is deprecated as an API. See https://setuptools.pypa.io/en/latest/pkg_resources.html. The pkg_resources package is slated for removal as early as 2025-11-30. Refrain from using this package or pin to Setuptools<81.
  from pkg_resources import get_distribution, DistributionNotFound
/home/zhangpeiru/.conda/envs/MetqQ2/lib/python3.11/site-packages/anndata/utils.py:434: FutureWarning: Importing read_csv from `anndata` is deprecated. Import anndata.io.read_csv instead.
  warnings.warn(msg, FutureWarning)
/home/zhangpeiru/.conda/envs/MetqQ2/lib/python3.11/site-packages/anndata/utils.py:434: FutureWarning: Importing read_text from `anndata` is deprecated. Import anndata.io.read_text instead.
  warnings.warn(msg, FutureWarning)
/home/zhangpeiru/.conda/envs/MetqQ2/lib/python3.11/site-packages/anndata/utils.py:434: FutureWarning: Importing read_excel from `anndata` is deprecated. Import anndata.io.read_excel instead.
  warnings.warn(msg, FutureWarning)
/home/zhangpeiru/.conda/envs/MetqQ2/lib/python3.11/site-packages/anndata/utils.py:434: FutureWarning: Importing read_mtx from `anndata` is deprecated. Import anndata.io.read_mtx instead.
  warnings.warn(msg, FutureWarning)
/home/zhangpeiru/.conda/envs/MetqQ2/lib/python3.11/site-packages/anndata/utils.py:434: FutureWarning: Importing read_loom from `anndata` is deprecated. Import anndata.io.read_loom instead.
  warnings.warn(msg, FutureWarning)
/home/zhangpeiru/.conda/envs/MetqQ2/lib/python3.11/site-packages/anndata/utils.py:434: FutureWarning: Importing read_hdf from `anndata` is deprecated. Import anndata.io.read_hdf instead.
  warnings.warn(msg, FutureWarning)
/home/zhangpeiru/.conda/envs/MetqQ2/lib/python3.11/site-packages/anndata/utils.py:434: FutureWarning: Importing read_umi_tools from `anndata` is deprecated. Import anndata.io.read_umi_tools instead.
  warnings.warn(msg, FutureWarning)
/home/zhangpeiru/.conda/envs/MetqQ2/lib/python3.11/site-packages/scanpy/preprocessing/_highly_variable_genes.py:220: FutureWarning: The default of observed=False is deprecated and will be changed to True in a future version of pandas. Pass observed=False to retain current behavior or observed=True to adopt the future default and silence this warning.
  disp_grouped = df.groupby('mean_bin')['dispersions']
/home/zhangpeiru/.conda/envs/MetqQ2/lib/python3.11/site-packages/scanpy/preprocessing/_simple.py:843: UserWarning: Received a view of an AnnData. Making a copy.
  view_to_actual(adata)
=======Loading and Preprocessing Data=======
Data of 2 omics in total
revision_results/cache/subsets/D5_D5_rna_2000cells_seed1729_rare-Non-classical-monocytes-abundance0.01-seed405980.h5ad loaded with shape [2000, 1405]
revision_results/cache/subsets/D5_D5_adt_2000cells_seed1729_rare-Non-classical-monocytes-abundance0.01-seed405980.h5ad loaded with shape [2000, 189]
2026-08-29 16:16:35,278 INFO Loading faiss with AVX512 support.
2026-08-29 16:16:35,298 INFO Successfully loaded faiss with AVX512 support.
2026-08-29 16:16:35,302 INFO Failed to load GPU Faiss: name 'GpuIndexIVFFlat' is not defined. Will not load constructor refs for GPU indexes. This is only an error if you're trying to use GPU Faiss.
WARNING clustering 512 points to 40 centroids: please provide at least 1560 training points
GARQ Initialization completed.
/home/zhangpeiru/.conda/envs/MetqQ2/lib/python3.11/site-packages/torch/autograd/__init__.py:251: UserWarning: Memory Efficient attention defaults to a non-deterministic algorithm. To explicitly enable determinism call torch.use_deterministic_algorithms(True, warn_only=False). (Triggered internally at ../aten/src/ATen/native/transformers/cuda/attention_backward.cu:413.)
  Variable._execution_engine.run_backward(  # Calls into the C++ engine to run the backward pass
Epoch 1, RNA: recon_loss=0.4906 , ADT: recon_loss=13.8241 
/data/zhangpeiru/GARQ_revision/model.py:121: UserWarning: cumsum_cuda_kernel does not have a deterministic implementation, but you set 'torch.use_deterministic_algorithms(True, warn_only=True)'. You can file an issue at https://github.com/pytorch/pytorch/issues to help us prioritize adding deterministic support for this operation. (Triggered internally at ../aten/src/ATen/Context.cpp:71.)
  dis_indices = torch.multinomial(
/data/zhangpeiru/GARQ_revision/data_utils.py:131: RuntimeWarning: Mean of empty slice.
  [data[meta_ids == i].mean(axis=0) for i in range(meta_ids.max() + 1)]
/home/zhangpeiru/.conda/envs/MetqQ2/lib/python3.11/site-packages/numpy/core/_methods.py:121: RuntimeWarning: divide by zero encountered in divide
  ret = um.true_divide(
/home/zhangpeiru/.conda/envs/MetqQ2/lib/python3.11/site-packages/numpy/core/_methods.py:121: RuntimeWarning: invalid value encountered in divide
  ret = um.true_divide(
/data/zhangpeiru/GARQ_revision/data_utils.py:140: UserWarning: The given NumPy array is not writable, and PyTorch does not support non-writable tensors. This means writing to this tensor will result in undefined behavior. You may want to copy the array to protect its data or make it writable before converting it to a tensor. This type of warning will be suppressed for the rest of this program. (Triggered internally at ../torch/csrc/utils/tensor_numpy.cpp:206.)
  type_int = torch.from_numpy(adata.obs[args.type_key].cat.codes.values).long()
/data/zhangpeiru/GARQ_revision/data_utils.py:131: RuntimeWarning: Mean of empty slice.
  [data[meta_ids == i].mean(axis=0) for i in range(meta_ids.max() + 1)]
/home/zhangpeiru/.conda/envs/MetqQ2/lib/python3.11/site-packages/numpy/core/_methods.py:121: RuntimeWarning: divide by zero encountered in divide
  ret = um.true_divide(
/home/zhangpeiru/.conda/envs/MetqQ2/lib/python3.11/site-packages/numpy/core/_methods.py:121: RuntimeWarning: invalid value encountered in divide
  ret = um.true_divide(
/home/zhangpeiru/.conda/envs/MetqQ2/lib/python3.11/site-packages/louvain/__init__.py:54: UserWarning: pkg_resources is deprecated as an API. See https://setuptools.pypa.io/en/latest/pkg_resources.html. The pkg_resources package is slated for removal as early as 2025-11-30. Refrain from using this package or pin to Setuptools<81.
  from pkg_resources import get_distribution, DistributionNotFound
/home/zhangpeiru/.conda/envs/MetqQ2/lib/python3.11/site-packages/anndata/utils.py:434: FutureWarning: Importing read_csv from `anndata` is deprecated. Import anndata.io.read_csv instead.
  warnings.warn(msg, FutureWarning)
/home/zhangpeiru/.conda/envs/MetqQ2/lib/python3.11/site-packages/anndata/utils.py:434: FutureWarning: Importing read_text from `anndata` is deprecated. Import anndata.io.read_text instead.
  warnings.warn(msg, FutureWarning)
/home/zhangpeiru/.conda/envs/MetqQ2/lib/python3.11/site-packages/anndata/utils.py:434: FutureWarning: Importing read_excel from `anndata` is deprecated. Import anndata.io.read_excel instead.
  warnings.warn(msg, FutureWarning)
/home/zhangpeiru/.conda/envs/MetqQ2/lib/python3.11/site-packages/anndata/utils.py:434: FutureWarning: Importing read_mtx from `anndata` is deprecated. Import anndata.io.read_mtx instead.
  warnings.warn(msg, FutureWarning)
/home/zhangpeiru/.conda/envs/MetqQ2/lib/python3.11/site-packages/anndata/utils.py:434: FutureWarning: Importing read_loom from `anndata` is deprecated. Import anndata.io.read_loom instead.
  warnings.warn(msg, FutureWarning)
/home/zhangpeiru/.conda/envs/MetqQ2/lib/python3.11/site-packages/anndata/utils.py:434: FutureWarning: Importing read_hdf from `anndata` is deprecated. Import anndata.io.read_hdf instead.
  warnings.warn(msg, FutureWarning)
/home/zhangpeiru/.conda/envs/MetqQ2/lib/python3.11/site-packages/anndata/utils.py:434: FutureWarning: Importing read_umi_tools from `anndata` is deprecated. Import anndata.io.read_umi_tools instead.
  warnings.warn(msg, FutureWarning)
/home/zhangpeiru/.conda/envs/MetqQ2/lib/python3.11/site-packages/scanpy/preprocessing/_highly_variable_genes.py:220: FutureWarning: The default of observed=False is deprecated and will be changed to True in a future version of pandas. Pass observed=False to retain current behavior or observed=True to adopt the future default and silence this warning.
  disp_grouped = df.groupby('mean_bin')['dispersions']
/home/zhangpeiru/.conda/envs/MetqQ2/lib/python3.11/site-packages/scanpy/preprocessing/_simple.py:843: UserWarning: Received a view of an AnnData. Making a copy.
  view_to_actual(adata)
=======Loading and Preprocessing Data=======
Data of 2 omics in total
revision_results/cache/subsets/D5_D5_rna_2000cells_seed1729_rare-Non-classical-monocytes-abundance0.01-seed876761.h5ad loaded with shape [2000, 1296]
revision_results/cache/subsets/D5_D5_adt_2000cells_seed1729_rare-Non-classical-monocytes-abundance0.01-seed876761.h5ad loaded with shape [2000, 189]
2026-08-29 16:16:46,870 INFO Loading faiss with AVX512 support.
2026-08-29 16:16:46,890 INFO Successfully loaded faiss with AVX512 support.
2026-08-29 16:16:46,894 INFO Failed to load GPU Faiss: name 'GpuIndexIVFFlat' is not defined. Will not load constructor refs for GPU indexes. This is only an error if you're trying to use GPU Faiss.
WARNING clustering 512 points to 40 centroids: please provide at least 1560 training points
GARQ Initialization completed.
/home/zhangpeiru/.conda/envs/MetqQ2/lib/python3.11/site-packages/torch/autograd/__init__.py:251: UserWarning: Memory Efficient attention defaults to a non-deterministic algorithm. To explicitly enable determinism call torch.use_deterministic_algorithms(True, warn_only=False). (Triggered internally at ../aten/src/ATen/native/transformers/cuda/attention_backward.cu:413.)
  Variable._execution_engine.run_backward(  # Calls into the C++ engine to run the backward pass
Epoch 1, RNA: recon_loss=0.5104 , ADT: recon_loss=12.9945 
/data/zhangpeiru/GARQ_revision/model.py:121: UserWarning: cumsum_cuda_kernel does not have a deterministic implementation, but you set 'torch.use_deterministic_algorithms(True, warn_only=True)'. You can file an issue at https://github.com/pytorch/pytorch/issues to help us prioritize adding deterministic support for this operation. (Triggered internally at ../aten/src/ATen/Context.cpp:71.)
  dis_indices = torch.multinomial(
/data/zhangpeiru/GARQ_revision/data_utils.py:140: UserWarning: The given NumPy array is not writable, and PyTorch does not support non-writable tensors. This means writing to this tensor will result in undefined behavior. You may want to copy the array to protect its data or make it writable before converting it to a tensor. This type of warning will be suppressed for the rest of this program. (Triggered internally at ../torch/csrc/utils/tensor_numpy.cpp:206.)
  type_int = torch.from_numpy(adata.obs[args.type_key].cat.codes.values).long()
/home/zhangpeiru/.conda/envs/MetqQ2/lib/python3.11/site-packages/louvain/__init__.py:54: UserWarning: pkg_resources is deprecated as an API. See https://setuptools.pypa.io/en/latest/pkg_resources.html. The pkg_resources package is slated for removal as early as 2025-11-30. Refrain from using this package or pin to Setuptools<81.
  from pkg_resources import get_distribution, DistributionNotFound
/home/zhangpeiru/.conda/envs/MetqQ2/lib/python3.11/site-packages/anndata/utils.py:434: FutureWarning: Importing read_csv from `anndata` is deprecated. Import anndata.io.read_csv instead.
  warnings.warn(msg, FutureWarning)
/home/zhangpeiru/.conda/envs/MetqQ2/lib/python3.11/site-packages/anndata/utils.py:434: FutureWarning: Importing read_text from `anndata` is deprecated. Import anndata.io.read_text instead.
  warnings.warn(msg, FutureWarning)
/home/zhangpeiru/.conda/envs/MetqQ2/lib/python3.11/site-packages/anndata/utils.py:434: FutureWarning: Importing read_excel from `anndata` is deprecated. Import anndata.io.read_excel instead.
  warnings.warn(msg, FutureWarning)
/home/zhangpeiru/.conda/envs/MetqQ2/lib/python3.11/site-packages/anndata/utils.py:434: FutureWarning: Importing read_mtx from `anndata` is deprecated. Import anndata.io.read_mtx instead.
  warnings.warn(msg, FutureWarning)
/home/zhangpeiru/.conda/envs/MetqQ2/lib/python3.11/site-packages/anndata/utils.py:434: FutureWarning: Importing read_loom from `anndata` is deprecated. Import anndata.io.read_loom instead.
  warnings.warn(msg, FutureWarning)
/home/zhangpeiru/.conda/envs/MetqQ2/lib/python3.11/site-packages/anndata/utils.py:434: FutureWarning: Importing read_hdf from `anndata` is deprecated. Import anndata.io.read_hdf instead.
  warnings.warn(msg, FutureWarning)
/home/zhangpeiru/.conda/envs/MetqQ2/lib/python3.11/site-packages/anndata/utils.py:434: FutureWarning: Importing read_umi_tools from `anndata` is deprecated. Import anndata.io.read_umi_tools instead.
  warnings.warn(msg, FutureWarning)
/home/zhangpeiru/.conda/envs/MetqQ2/lib/python3.11/site-packages/scanpy/preprocessing/_highly_variable_genes.py:220: FutureWarning: The default of observed=False is deprecated and will be changed to True in a future version of pandas. Pass observed=False to retain current behavior or observed=True to adopt the future default and silence this warning.
  disp_grouped = df.groupby('mean_bin')['dispersions']
/home/zhangpeiru/.conda/envs/MetqQ2/lib/python3.11/site-packages/scanpy/preprocessing/_simple.py:843: UserWarning: Received a view of an AnnData. Making a copy.
  view_to_actual(adata)
=======Loading and Preprocessing Data=======
Data of 2 omics in total
revision_results/cache/subsets/D5_D5_rna_2000cells_seed1729_rare-Non-classical-monocytes-abundance0.01-seed747639.h5ad loaded with shape [2000, 1289]
revision_results/cache/subsets/D5_D5_adt_2000cells_seed1729_rare-Non-classical-monocytes-abundance0.01-seed747639.h5ad loaded with shape [2000, 189]
2026-08-29 16:16:59,506 INFO Loading faiss with AVX512 support.
2026-08-29 16:16:59,526 INFO Successfully loaded faiss with AVX512 support.
2026-08-29 16:16:59,529 INFO Failed to load GPU Faiss: name 'GpuIndexIVFFlat' is not defined. Will not load constructor refs for GPU indexes. This is only an error if you're trying to use GPU Faiss.
WARNING clustering 512 points to 40 centroids: please provide at least 1560 training points
GARQ Initialization completed.
/home/zhangpeiru/.conda/envs/MetqQ2/lib/python3.11/site-packages/torch/autograd/__init__.py:251: UserWarning: Memory Efficient attention defaults to a non-deterministic algorithm. To explicitly enable determinism call torch.use_deterministic_algorithms(True, warn_only=False). (Triggered internally at ../aten/src/ATen/native/transformers/cuda/attention_backward.cu:413.)
  Variable._execution_engine.run_backward(  # Calls into the C++ engine to run the backward pass
Epoch 1, RNA: recon_loss=0.4858 , ADT: recon_loss=12.1835 
/data/zhangpeiru/GARQ_revision/model.py:121: UserWarning: cumsum_cuda_kernel does not have a deterministic implementation, but you set 'torch.use_deterministic_algorithms(True, warn_only=True)'. You can file an issue at https://github.com/pytorch/pytorch/issues to help us prioritize adding deterministic support for this operation. (Triggered internally at ../aten/src/ATen/Context.cpp:71.)
  dis_indices = torch.multinomial(
/data/zhangpeiru/GARQ_revision/data_utils.py:140: UserWarning: The given NumPy array is not writable, and PyTorch does not support non-writable tensors. This means writing to this tensor will result in undefined behavior. You may want to copy the array to protect its data or make it writable before converting it to a tensor. This type of warning will be suppressed for the rest of this program. (Triggered internally at ../torch/csrc/utils/tensor_numpy.cpp:206.)
  type_int = torch.from_numpy(adata.obs[args.type_key].cat.codes.values).long()
/home/zhangpeiru/.conda/envs/MetqQ2/lib/python3.11/site-packages/louvain/__init__.py:54: UserWarning: pkg_resources is deprecated as an API. See https://setuptools.pypa.io/en/latest/pkg_resources.html. The pkg_resources package is slated for removal as early as 2025-11-30. Refrain from using this package or pin to Setuptools<81.
  from pkg_resources import get_distribution, DistributionNotFound
/home/zhangpeiru/.conda/envs/MetqQ2/lib/python3.11/site-packages/anndata/utils.py:434: FutureWarning: Importing read_csv from `anndata` is deprecated. Import anndata.io.read_csv instead.
  warnings.warn(msg, FutureWarning)
/home/zhangpeiru/.conda/envs/MetqQ2/lib/python3.11/site-packages/anndata/utils.py:434: FutureWarning: Importing read_text from `anndata` is deprecated. Import anndata.io.read_text instead.
  warnings.warn(msg, FutureWarning)
/home/zhangpeiru/.conda/envs/MetqQ2/lib/python3.11/site-packages/anndata/utils.py:434: FutureWarning: Importing read_excel from `anndata` is deprecated. Import anndata.io.read_excel instead.
  warnings.warn(msg, FutureWarning)
/home/zhangpeiru/.conda/envs/MetqQ2/lib/python3.11/site-packages/anndata/utils.py:434: FutureWarning: Importing read_mtx from `anndata` is deprecated. Import anndata.io.read_mtx instead.
  warnings.warn(msg, FutureWarning)
/home/zhangpeiru/.conda/envs/MetqQ2/lib/python3.11/site-packages/anndata/utils.py:434: FutureWarning: Importing read_loom from `anndata` is deprecated. Import anndata.io.read_loom instead.
  warnings.warn(msg, FutureWarning)
/home/zhangpeiru/.conda/envs/MetqQ2/lib/python3.11/site-packages/anndata/utils.py:434: FutureWarning: Importing read_hdf from `anndata` is deprecated. Import anndata.io.read_hdf instead.
  warnings.warn(msg, FutureWarning)
/home/zhangpeiru/.conda/envs/MetqQ2/lib/python3.11/site-packages/anndata/utils.py:434: FutureWarning: Importing read_umi_tools from `anndata` is deprecated. Import anndata.io.read_umi_tools instead.
  warnings.warn(msg, FutureWarning)
/home/zhangpeiru/.conda/envs/MetqQ2/lib/python3.11/site-packages/scanpy/preprocessing/_highly_variable_genes.py:220: FutureWarning: The default of observed=False is deprecated and will be changed to True in a future version of pandas. Pass observed=False to retain current behavior or observed=True to adopt the future default and silence this warning.
  disp_grouped = df.groupby('mean_bin')['dispersions']
/home/zhangpeiru/.conda/envs/MetqQ2/lib/python3.11/site-packages/scanpy/preprocessing/_simple.py:843: UserWarning: Received a view of an AnnData. Making a copy.
  view_to_actual(adata)
=======Loading and Preprocessing Data=======
Data of 2 omics in total
revision_results/cache/subsets/D5_D5_rna_2000cells_seed1729_rare-Non-classical-monocytes-abundance0.01-seed462937.h5ad loaded with shape [2000, 1335]
revision_results/cache/subsets/D5_D5_adt_2000cells_seed1729_rare-Non-classical-monocytes-abundance0.01-seed462937.h5ad loaded with shape [2000, 189]
2026-08-29 16:17:11,488 INFO Loading faiss with AVX512 support.
2026-08-29 16:17:11,508 INFO Successfully loaded faiss with AVX512 support.
2026-08-29 16:17:11,513 INFO Failed to load GPU Faiss: name 'GpuIndexIVFFlat' is not defined. Will not load constructor refs for GPU indexes. This is only an error if you're trying to use GPU Faiss.
WARNING clustering 512 points to 40 centroids: please provide at least 1560 training points
GARQ Initialization completed.
/home/zhangpeiru/.conda/envs/MetqQ2/lib/python3.11/site-packages/torch/autograd/__init__.py:251: UserWarning: Memory Efficient attention defaults to a non-deterministic algorithm. To explicitly enable determinism call torch.use_deterministic_algorithms(True, warn_only=False). (Triggered internally at ../aten/src/ATen/native/transformers/cuda/attention_backward.cu:413.)
  Variable._execution_engine.run_backward(  # Calls into the C++ engine to run the backward pass
Epoch 1, RNA: recon_loss=0.4955 , ADT: recon_loss=12.4166 
/data/zhangpeiru/GARQ_revision/model.py:121: UserWarning: cumsum_cuda_kernel does not have a deterministic implementation, but you set 'torch.use_deterministic_algorithms(True, warn_only=True)'. You can file an issue at https://github.com/pytorch/pytorch/issues to help us prioritize adding deterministic support for this operation. (Triggered internally at ../aten/src/ATen/Context.cpp:71.)
  dis_indices = torch.multinomial(
/data/zhangpeiru/GARQ_revision/data_utils.py:131: RuntimeWarning: Mean of empty slice.
  [data[meta_ids == i].mean(axis=0) for i in range(meta_ids.max() + 1)]
/home/zhangpeiru/.conda/envs/MetqQ2/lib/python3.11/site-packages/numpy/core/_methods.py:121: RuntimeWarning: divide by zero encountered in divide
  ret = um.true_divide(
/home/zhangpeiru/.conda/envs/MetqQ2/lib/python3.11/site-packages/numpy/core/_methods.py:121: RuntimeWarning: invalid value encountered in divide
  ret = um.true_divide(
/data/zhangpeiru/GARQ_revision/data_utils.py:140: UserWarning: The given NumPy array is not writable, and PyTorch does not support non-writable tensors. This means writing to this tensor will result in undefined behavior. You may want to copy the array to protect its data or make it writable before converting it to a tensor. This type of warning will be suppressed for the rest of this program. (Triggered internally at ../torch/csrc/utils/tensor_numpy.cpp:206.)
  type_int = torch.from_numpy(adata.obs[args.type_key].cat.codes.values).long()
/data/zhangpeiru/GARQ_revision/data_utils.py:131: RuntimeWarning: Mean of empty slice.
  [data[meta_ids == i].mean(axis=0) for i in range(meta_ids.max() + 1)]
/home/zhangpeiru/.conda/envs/MetqQ2/lib/python3.11/site-packages/numpy/core/_methods.py:121: RuntimeWarning: divide by zero encountered in divide
  ret = um.true_divide(
/home/zhangpeiru/.conda/envs/MetqQ2/lib/python3.11/site-packages/numpy/core/_methods.py:121: RuntimeWarning: invalid value encountered in divide
  ret = um.true_divide(
/home/zhangpeiru/.conda/envs/MetqQ2/lib/python3.11/site-packages/louvain/__init__.py:54: UserWarning: pkg_resources is deprecated as an API. See https://setuptools.pypa.io/en/latest/pkg_resources.html. The pkg_resources package is slated for removal as early as 2025-11-30. Refrain from using this package or pin to Setuptools<81.
  from pkg_resources import get_distribution, DistributionNotFound
/home/zhangpeiru/.conda/envs/MetqQ2/lib/python3.11/site-packages/anndata/utils.py:434: FutureWarning: Importing read_csv from `anndata` is deprecated. Import anndata.io.read_csv instead.
  warnings.warn(msg, FutureWarning)
/home/zhangpeiru/.conda/envs/MetqQ2/lib/python3.11/site-packages/anndata/utils.py:434: FutureWarning: Importing read_text from `anndata` is deprecated. Import anndata.io.read_text instead.
  warnings.warn(msg, FutureWarning)
/home/zhangpeiru/.conda/envs/MetqQ2/lib/python3.11/site-packages/anndata/utils.py:434: FutureWarning: Importing read_excel from `anndata` is deprecated. Import anndata.io.read_excel instead.
  warnings.warn(msg, FutureWarning)
/home/zhangpeiru/.conda/envs/MetqQ2/lib/python3.11/site-packages/anndata/utils.py:434: FutureWarning: Importing read_mtx from `anndata` is deprecated. Import anndata.io.read_mtx instead.
  warnings.warn(msg, FutureWarning)
/home/zhangpeiru/.conda/envs/MetqQ2/lib/python3.11/site-packages/anndata/utils.py:434: FutureWarning: Importing read_loom from `anndata` is deprecated. Import anndata.io.read_loom instead.
  warnings.warn(msg, FutureWarning)
/home/zhangpeiru/.conda/envs/MetqQ2/lib/python3.11/site-packages/anndata/utils.py:434: FutureWarning: Importing read_hdf from `anndata` is deprecated. Import anndata.io.read_hdf instead.
  warnings.warn(msg, FutureWarning)
/home/zhangpeiru/.conda/envs/MetqQ2/lib/python3.11/site-packages/anndata/utils.py:434: FutureWarning: Importing read_umi_tools from `anndata` is deprecated. Import anndata.io.read_umi_tools instead.
  warnings.warn(msg, FutureWarning)
/home/zhangpeiru/.conda/envs/MetqQ2/lib/python3.11/site-packages/scanpy/preprocessing/_highly_variable_genes.py:220: FutureWarning: The default of observed=False is deprecated and will be changed to True in a future version of pandas. Pass observed=False to retain current behavior or observed=True to adopt the future default and silence this warning.
  disp_grouped = df.groupby('mean_bin')['dispersions']
/home/zhangpeiru/.conda/envs/MetqQ2/lib/python3.11/site-packages/scanpy/preprocessing/_simple.py:843: UserWarning: Received a view of an AnnData. Making a copy.
  view_to_actual(adata)
=======Loading and Preprocessing Data=======
Data of 2 omics in total
revision_results/cache/subsets/D5_D5_rna_2000cells_seed1729_rare-Non-classical-monocytes-abundance0.02-seed844450.h5ad loaded with shape [2000, 1375]
revision_results/cache/subsets/D5_D5_adt_2000cells_seed1729_rare-Non-classical-monocytes-abundance0.02-seed844450.h5ad loaded with shape [2000, 189]
2026-08-29 16:17:24,141 INFO Loading faiss with AVX512 support.
2026-08-29 16:17:24,162 INFO Successfully loaded faiss with AVX512 support.
2026-08-29 16:17:24,166 INFO Failed to load GPU Faiss: name 'GpuIndexIVFFlat' is not defined. Will not load constructor refs for GPU indexes. This is only an error if you're trying to use GPU Faiss.
WARNING clustering 512 points to 40 centroids: please provide at least 1560 training points
GARQ Initialization completed.
/home/zhangpeiru/.conda/envs/MetqQ2/lib/python3.11/site-packages/torch/autograd/__init__.py:251: UserWarning: Memory Efficient attention defaults to a non-deterministic algorithm. To explicitly enable determinism call torch.use_deterministic_algorithms(True, warn_only=False). (Triggered internally at ../aten/src/ATen/native/transformers/cuda/attention_backward.cu:413.)
  Variable._execution_engine.run_backward(  # Calls into the C++ engine to run the backward pass
Epoch 1, RNA: recon_loss=0.4970 , ADT: recon_loss=12.2327 
/data/zhangpeiru/GARQ_revision/model.py:121: UserWarning: cumsum_cuda_kernel does not have a deterministic implementation, but you set 'torch.use_deterministic_algorithms(True, warn_only=True)'. You can file an issue at https://github.com/pytorch/pytorch/issues to help us prioritize adding deterministic support for this operation. (Triggered internally at ../aten/src/ATen/Context.cpp:71.)
  dis_indices = torch.multinomial(
/data/zhangpeiru/GARQ_revision/data_utils.py:131: RuntimeWarning: Mean of empty slice.
  [data[meta_ids == i].mean(axis=0) for i in range(meta_ids.max() + 1)]
/home/zhangpeiru/.conda/envs/MetqQ2/lib/python3.11/site-packages/numpy/core/_methods.py:121: RuntimeWarning: divide by zero encountered in divide
  ret = um.true_divide(
/home/zhangpeiru/.conda/envs/MetqQ2/lib/python3.11/site-packages/numpy/core/_methods.py:121: RuntimeWarning: invalid value encountered in divide
  ret = um.true_divide(
/data/zhangpeiru/GARQ_revision/data_utils.py:140: UserWarning: The given NumPy array is not writable, and PyTorch does not support non-writable tensors. This means writing to this tensor will result in undefined behavior. You may want to copy the array to protect its data or make it writable before converting it to a tensor. This type of warning will be suppressed for the rest of this program. (Triggered internally at ../torch/csrc/utils/tensor_numpy.cpp:206.)
  type_int = torch.from_numpy(adata.obs[args.type_key].cat.codes.values).long()
/data/zhangpeiru/GARQ_revision/data_utils.py:131: RuntimeWarning: Mean of empty slice.
  [data[meta_ids == i].mean(axis=0) for i in range(meta_ids.max() + 1)]
/home/zhangpeiru/.conda/envs/MetqQ2/lib/python3.11/site-packages/numpy/core/_methods.py:121: RuntimeWarning: divide by zero encountered in divide
  ret = um.true_divide(
/home/zhangpeiru/.conda/envs/MetqQ2/lib/python3.11/site-packages/numpy/core/_methods.py:121: RuntimeWarning: invalid value encountered in divide
  ret = um.true_divide(
/home/zhangpeiru/.conda/envs/MetqQ2/lib/python3.11/site-packages/louvain/__init__.py:54: UserWarning: pkg_resources is deprecated as an API. See https://setuptools.pypa.io/en/latest/pkg_resources.html. The pkg_resources package is slated for removal as early as 2025-11-30. Refrain from using this package or pin to Setuptools<81.
  from pkg_resources import get_distribution, DistributionNotFound
/home/zhangpeiru/.conda/envs/MetqQ2/lib/python3.11/site-packages/anndata/utils.py:434: FutureWarning: Importing read_csv from `anndata` is deprecated. Import anndata.io.read_csv instead.
  warnings.warn(msg, FutureWarning)
/home/zhangpeiru/.conda/envs/MetqQ2/lib/python3.11/site-packages/anndata/utils.py:434: FutureWarning: Importing read_text from `anndata` is deprecated. Import anndata.io.read_text instead.
  warnings.warn(msg, FutureWarning)
/home/zhangpeiru/.conda/envs/MetqQ2/lib/python3.11/site-packages/anndata/utils.py:434: FutureWarning: Importing read_excel from `anndata` is deprecated. Import anndata.io.read_excel instead.
  warnings.warn(msg, FutureWarning)
/home/zhangpeiru/.conda/envs/MetqQ2/lib/python3.11/site-packages/anndata/utils.py:434: FutureWarning: Importing read_mtx from `anndata` is deprecated. Import anndata.io.read_mtx instead.
  warnings.warn(msg, FutureWarning)
/home/zhangpeiru/.conda/envs/MetqQ2/lib/python3.11/site-packages/anndata/utils.py:434: FutureWarning: Importing read_loom from `anndata` is deprecated. Import anndata.io.read_loom instead.
  warnings.warn(msg, FutureWarning)
/home/zhangpeiru/.conda/envs/MetqQ2/lib/python3.11/site-packages/anndata/utils.py:434: FutureWarning: Importing read_hdf from `anndata` is deprecated. Import anndata.io.read_hdf instead.
  warnings.warn(msg, FutureWarning)
/home/zhangpeiru/.conda/envs/MetqQ2/lib/python3.11/site-packages/anndata/utils.py:434: FutureWarning: Importing read_umi_tools from `anndata` is deprecated. Import anndata.io.read_umi_tools instead.
  warnings.warn(msg, FutureWarning)
/home/zhangpeiru/.conda/envs/MetqQ2/lib/python3.11/site-packages/scanpy/preprocessing/_highly_variable_genes.py:220: FutureWarning: The default of observed=False is deprecated and will be changed to True in a future version of pandas. Pass observed=False to retain current behavior or observed=True to adopt the future default and silence this warning.
  disp_grouped = df.groupby('mean_bin')['dispersions']
/home/zhangpeiru/.conda/envs/MetqQ2/lib/python3.11/site-packages/scanpy/preprocessing/_simple.py:843: UserWarning: Received a view of an AnnData. Making a copy.
  view_to_actual(adata)
=======Loading and Preprocessing Data=======
Data of 2 omics in total
revision_results/cache/subsets/D5_D5_rna_2000cells_seed1729_rare-Non-classical-monocytes-abundance0.02-seed436800.h5ad loaded with shape [2000, 1375]
revision_results/cache/subsets/D5_D5_adt_2000cells_seed1729_rare-Non-classical-monocytes-abundance0.02-seed436800.h5ad loaded with shape [2000, 189]
2026-08-29 16:17:37,613 INFO Loading faiss with AVX512 support.
2026-08-29 16:17:37,634 INFO Successfully loaded faiss with AVX512 support.
2026-08-29 16:17:37,638 INFO Failed to load GPU Faiss: name 'GpuIndexIVFFlat' is not defined. Will not load constructor refs for GPU indexes. This is only an error if you're trying to use GPU Faiss.
WARNING clustering 512 points to 40 centroids: please provide at least 1560 training points
GARQ Initialization completed.
/home/zhangpeiru/.conda/envs/MetqQ2/lib/python3.11/site-packages/torch/autograd/__init__.py:251: UserWarning: Memory Efficient attention defaults to a non-deterministic algorithm. To explicitly enable determinism call torch.use_deterministic_algorithms(True, warn_only=False). (Triggered internally at ../aten/src/ATen/native/transformers/cuda/attention_backward.cu:413.)
  Variable._execution_engine.run_backward(  # Calls into the C++ engine to run the backward pass
Epoch 1, RNA: recon_loss=0.4983 , ADT: recon_loss=12.7203 
/data/zhangpeiru/GARQ_revision/model.py:121: UserWarning: cumsum_cuda_kernel does not have a deterministic implementation, but you set 'torch.use_deterministic_algorithms(True, warn_only=True)'. You can file an issue at https://github.com/pytorch/pytorch/issues to help us prioritize adding deterministic support for this operation. (Triggered internally at ../aten/src/ATen/Context.cpp:71.)
  dis_indices = torch.multinomial(
/data/zhangpeiru/GARQ_revision/data_utils.py:140: UserWarning: The given NumPy array is not writable, and PyTorch does not support non-writable tensors. This means writing to this tensor will result in undefined behavior. You may want to copy the array to protect its data or make it writable before converting it to a tensor. This type of warning will be suppressed for the rest of this program. (Triggered internally at ../torch/csrc/utils/tensor_numpy.cpp:206.)
  type_int = torch.from_numpy(adata.obs[args.type_key].cat.codes.values).long()
/home/zhangpeiru/.conda/envs/MetqQ2/lib/python3.11/site-packages/louvain/__init__.py:54: UserWarning: pkg_resources is deprecated as an API. See https://setuptools.pypa.io/en/latest/pkg_resources.html. The pkg_resources package is slated for removal as early as 2025-11-30. Refrain from using this package or pin to Setuptools<81.
  from pkg_resources import get_distribution, DistributionNotFound
/home/zhangpeiru/.conda/envs/MetqQ2/lib/python3.11/site-packages/anndata/utils.py:434: FutureWarning: Importing read_csv from `anndata` is deprecated. Import anndata.io.read_csv instead.
  warnings.warn(msg, FutureWarning)
/home/zhangpeiru/.conda/envs/MetqQ2/lib/python3.11/site-packages/anndata/utils.py:434: FutureWarning: Importing read_text from `anndata` is deprecated. Import anndata.io.read_text instead.
  warnings.warn(msg, FutureWarning)
/home/zhangpeiru/.conda/envs/MetqQ2/lib/python3.11/site-packages/anndata/utils.py:434: FutureWarning: Importing read_excel from `anndata` is deprecated. Import anndata.io.read_excel instead.
  warnings.warn(msg, FutureWarning)
/home/zhangpeiru/.conda/envs/MetqQ2/lib/python3.11/site-packages/anndata/utils.py:434: FutureWarning: Importing read_mtx from `anndata` is deprecated. Import anndata.io.read_mtx instead.
  warnings.warn(msg, FutureWarning)
/home/zhangpeiru/.conda/envs/MetqQ2/lib/python3.11/site-packages/anndata/utils.py:434: FutureWarning: Importing read_loom from `anndata` is deprecated. Import anndata.io.read_loom instead.
  warnings.warn(msg, FutureWarning)
/home/zhangpeiru/.conda/envs/MetqQ2/lib/python3.11/site-packages/anndata/utils.py:434: FutureWarning: Importing read_hdf from `anndata` is deprecated. Import anndata.io.read_hdf instead.
  warnings.warn(msg, FutureWarning)
/home/zhangpeiru/.conda/envs/MetqQ2/lib/python3.11/site-packages/anndata/utils.py:434: FutureWarning: Importing read_umi_tools from `anndata` is deprecated. Import anndata.io.read_umi_tools instead.
  warnings.warn(msg, FutureWarning)
/home/zhangpeiru/.conda/envs/MetqQ2/lib/python3.11/site-packages/scanpy/preprocessing/_highly_variable_genes.py:220: FutureWarning: The default of observed=False is deprecated and will be changed to True in a future version of pandas. Pass observed=False to retain current behavior or observed=True to adopt the future default and silence this warning.
  disp_grouped = df.groupby('mean_bin')['dispersions']
/home/zhangpeiru/.conda/envs/MetqQ2/lib/python3.11/site-packages/scanpy/preprocessing/_simple.py:843: UserWarning: Received a view of an AnnData. Making a copy.
  view_to_actual(adata)
=======Loading and Preprocessing Data=======
Data of 2 omics in total
revision_results/cache/subsets/D5_D5_rna_2000cells_seed1729_rare-Non-classical-monocytes-abundance0.02-seed778274.h5ad loaded with shape [2000, 1272]
revision_results/cache/subsets/D5_D5_adt_2000cells_seed1729_rare-Non-classical-monocytes-abundance0.02-seed778274.h5ad loaded with shape [2000, 189]
2026-08-29 16:17:50,166 INFO Loading faiss with AVX512 support.
2026-08-29 16:17:50,183 INFO Successfully loaded faiss with AVX512 support.
2026-08-29 16:17:50,186 INFO Failed to load GPU Faiss: name 'GpuIndexIVFFlat' is not defined. Will not load constructor refs for GPU indexes. This is only an error if you're trying to use GPU Faiss.
WARNING clustering 512 points to 40 centroids: please provide at least 1560 training points
GARQ Initialization completed.
/home/zhangpeiru/.conda/envs/MetqQ2/lib/python3.11/site-packages/torch/autograd/__init__.py:251: UserWarning: Memory Efficient attention defaults to a non-deterministic algorithm. To explicitly enable determinism call torch.use_deterministic_algorithms(True, warn_only=False). (Triggered internally at ../aten/src/ATen/native/transformers/cuda/attention_backward.cu:413.)
  Variable._execution_engine.run_backward(  # Calls into the C++ engine to run the backward pass
Epoch 1, RNA: recon_loss=0.4980 , ADT: recon_loss=13.5089 
/data/zhangpeiru/GARQ_revision/model.py:121: UserWarning: cumsum_cuda_kernel does not have a deterministic implementation, but you set 'torch.use_deterministic_algorithms(True, warn_only=True)'. You can file an issue at https://github.com/pytorch/pytorch/issues to help us prioritize adding deterministic support for this operation. (Triggered internally at ../aten/src/ATen/Context.cpp:71.)
  dis_indices = torch.multinomial(
/data/zhangpeiru/GARQ_revision/data_utils.py:131: RuntimeWarning: Mean of empty slice.
  [data[meta_ids == i].mean(axis=0) for i in range(meta_ids.max() + 1)]
/home/zhangpeiru/.conda/envs/MetqQ2/lib/python3.11/site-packages/numpy/core/_methods.py:121: RuntimeWarning: divide by zero encountered in divide
  ret = um.true_divide(
/home/zhangpeiru/.conda/envs/MetqQ2/lib/python3.11/site-packages/numpy/core/_methods.py:121: RuntimeWarning: invalid value encountered in divide
  ret = um.true_divide(
/data/zhangpeiru/GARQ_revision/data_utils.py:140: UserWarning: The given NumPy array is not writable, and PyTorch does not support non-writable tensors. This means writing to this tensor will result in undefined behavior. You may want to copy the array to protect its data or make it writable before converting it to a tensor. This type of warning will be suppressed for the rest of this program. (Triggered internally at ../torch/csrc/utils/tensor_numpy.cpp:206.)
  type_int = torch.from_numpy(adata.obs[args.type_key].cat.codes.values).long()
/data/zhangpeiru/GARQ_revision/data_utils.py:131: RuntimeWarning: Mean of empty slice.
  [data[meta_ids == i].mean(axis=0) for i in range(meta_ids.max() + 1)]
/home/zhangpeiru/.conda/envs/MetqQ2/lib/python3.11/site-packages/numpy/core/_methods.py:121: RuntimeWarning: divide by zero encountered in divide
  ret = um.true_divide(
/home/zhangpeiru/.conda/envs/MetqQ2/lib/python3.11/site-packages/numpy/core/_methods.py:121: RuntimeWarning: invalid value encountered in divide
  ret = um.true_divide(
/home/zhangpeiru/.conda/envs/MetqQ2/lib/python3.11/site-packages/louvain/__init__.py:54: UserWarning: pkg_resources is deprecated as an API. See https://setuptools.pypa.io/en/latest/pkg_resources.html. The pkg_resources package is slated for removal as early as 2025-11-30. Refrain from using this package or pin to Setuptools<81.
  from pkg_resources import get_distribution, DistributionNotFound
/home/zhangpeiru/.conda/envs/MetqQ2/lib/python3.11/site-packages/anndata/utils.py:434: FutureWarning: Importing read_csv from `anndata` is deprecated. Import anndata.io.read_csv instead.
  warnings.warn(msg, FutureWarning)
/home/zhangpeiru/.conda/envs/MetqQ2/lib/python3.11/site-packages/anndata/utils.py:434: FutureWarning: Importing read_text from `anndata` is deprecated. Import anndata.io.read_text instead.
  warnings.warn(msg, FutureWarning)
/home/zhangpeiru/.conda/envs/MetqQ2/lib/python3.11/site-packages/anndata/utils.py:434: FutureWarning: Importing read_excel from `anndata` is deprecated. Import anndata.io.read_excel instead.
  warnings.warn(msg, FutureWarning)
/home/zhangpeiru/.conda/envs/MetqQ2/lib/python3.11/site-packages/anndata/utils.py:434: FutureWarning: Importing read_mtx from `anndata` is deprecated. Import anndata.io.read_mtx instead.
  warnings.warn(msg, FutureWarning)
/home/zhangpeiru/.conda/envs/MetqQ2/lib/python3.11/site-packages/anndata/utils.py:434: FutureWarning: Importing read_loom from `anndata` is deprecated. Import anndata.io.read_loom instead.
  warnings.warn(msg, FutureWarning)
/home/zhangpeiru/.conda/envs/MetqQ2/lib/python3.11/site-packages/anndata/utils.py:434: FutureWarning: Importing read_hdf from `anndata` is deprecated. Import anndata.io.read_hdf instead.
  warnings.warn(msg, FutureWarning)
/home/zhangpeiru/.conda/envs/MetqQ2/lib/python3.11/site-packages/anndata/utils.py:434: FutureWarning: Importing read_umi_tools from `anndata` is deprecated. Import anndata.io.read_umi_tools instead.
  warnings.warn(msg, FutureWarning)
/home/zhangpeiru/.conda/envs/MetqQ2/lib/python3.11/site-packages/scanpy/preprocessing/_highly_variable_genes.py:220: FutureWarning: The default of observed=False is deprecated and will be changed to True in a future version of pandas. Pass observed=False to retain current behavior or observed=True to adopt the future default and silence this warning.
  disp_grouped = df.groupby('mean_bin')['dispersions']
/home/zhangpeiru/.conda/envs/MetqQ2/lib/python3.11/site-packages/scanpy/preprocessing/_simple.py:843: UserWarning: Received a view of an AnnData. Making a copy.
  view_to_actual(adata)
=======Loading and Preprocessing Data=======
Data of 2 omics in total
revision_results/cache/subsets/D5_D5_rna_2000cells_seed1729_rare-Non-classical-monocytes-abundance0.02-seed224332.h5ad loaded with shape [2000, 1331]
revision_results/cache/subsets/D5_D5_adt_2000cells_seed1729_rare-Non-classical-monocytes-abundance0.02-seed224332.h5ad loaded with shape [2000, 189]
2026-08-29 16:18:01,100 INFO Loading faiss with AVX512 support.
2026-08-29 16:18:01,120 INFO Successfully loaded faiss with AVX512 support.
2026-08-29 16:18:01,124 INFO Failed to load GPU Faiss: name 'GpuIndexIVFFlat' is not defined. Will not load constructor refs for GPU indexes. This is only an error if you're trying to use GPU Faiss.
WARNING clustering 512 points to 40 centroids: please provide at least 1560 training points
GARQ Initialization completed.
/home/zhangpeiru/.conda/envs/MetqQ2/lib/python3.11/site-packages/torch/autograd/__init__.py:251: UserWarning: Memory Efficient attention defaults to a non-deterministic algorithm. To explicitly enable determinism call torch.use_deterministic_algorithms(True, warn_only=False). (Triggered internally at ../aten/src/ATen/native/transformers/cuda/attention_backward.cu:413.)
  Variable._execution_engine.run_backward(  # Calls into the C++ engine to run the backward pass
Epoch 1, RNA: recon_loss=0.4925 , ADT: recon_loss=12.4881 
/data/zhangpeiru/GARQ_revision/model.py:121: UserWarning: cumsum_cuda_kernel does not have a deterministic implementation, but you set 'torch.use_deterministic_algorithms(True, warn_only=True)'. You can file an issue at https://github.com/pytorch/pytorch/issues to help us prioritize adding deterministic support for this operation. (Triggered internally at ../aten/src/ATen/Context.cpp:71.)
  dis_indices = torch.multinomial(
/data/zhangpeiru/GARQ_revision/data_utils.py:131: RuntimeWarning: Mean of empty slice.
  [data[meta_ids == i].mean(axis=0) for i in range(meta_ids.max() + 1)]
/home/zhangpeiru/.conda/envs/MetqQ2/lib/python3.11/site-packages/numpy/core/_methods.py:121: RuntimeWarning: divide by zero encountered in divide
  ret = um.true_divide(
/home/zhangpeiru/.conda/envs/MetqQ2/lib/python3.11/site-packages/numpy/core/_methods.py:121: RuntimeWarning: invalid value encountered in divide
  ret = um.true_divide(
/data/zhangpeiru/GARQ_revision/data_utils.py:140: UserWarning: The given NumPy array is not writable, and PyTorch does not support non-writable tensors. This means writing to this tensor will result in undefined behavior. You may want to copy the array to protect its data or make it writable before converting it to a tensor. This type of warning will be suppressed for the rest of this program. (Triggered internally at ../torch/csrc/utils/tensor_numpy.cpp:206.)
  type_int = torch.from_numpy(adata.obs[args.type_key].cat.codes.values).long()
/data/zhangpeiru/GARQ_revision/data_utils.py:131: RuntimeWarning: Mean of empty slice.
  [data[meta_ids == i].mean(axis=0) for i in range(meta_ids.max() + 1)]
/home/zhangpeiru/.conda/envs/MetqQ2/lib/python3.11/site-packages/numpy/core/_methods.py:121: RuntimeWarning: divide by zero encountered in divide
  ret = um.true_divide(
/home/zhangpeiru/.conda/envs/MetqQ2/lib/python3.11/site-packages/numpy/core/_methods.py:121: RuntimeWarning: invalid value encountered in divide
  ret = um.true_divide(
/home/zhangpeiru/.conda/envs/MetqQ2/lib/python3.11/site-packages/louvain/__init__.py:54: UserWarning: pkg_resources is deprecated as an API. See https://setuptools.pypa.io/en/latest/pkg_resources.html. The pkg_resources package is slated for removal as early as 2025-11-30. Refrain from using this package or pin to Setuptools<81.
  from pkg_resources import get_distribution, DistributionNotFound
/home/zhangpeiru/.conda/envs/MetqQ2/lib/python3.11/site-packages/anndata/utils.py:434: FutureWarning: Importing read_csv from `anndata` is deprecated. Import anndata.io.read_csv instead.
  warnings.warn(msg, FutureWarning)
/home/zhangpeiru/.conda/envs/MetqQ2/lib/python3.11/site-packages/anndata/utils.py:434: FutureWarning: Importing read_text from `anndata` is deprecated. Import anndata.io.read_text instead.
  warnings.warn(msg, FutureWarning)
/home/zhangpeiru/.conda/envs/MetqQ2/lib/python3.11/site-packages/anndata/utils.py:434: FutureWarning: Importing read_excel from `anndata` is deprecated. Import anndata.io.read_excel instead.
  warnings.warn(msg, FutureWarning)
/home/zhangpeiru/.conda/envs/MetqQ2/lib/python3.11/site-packages/anndata/utils.py:434: FutureWarning: Importing read_mtx from `anndata` is deprecated. Import anndata.io.read_mtx instead.
  warnings.warn(msg, FutureWarning)
/home/zhangpeiru/.conda/envs/MetqQ2/lib/python3.11/site-packages/anndata/utils.py:434: FutureWarning: Importing read_loom from `anndata` is deprecated. Import anndata.io.read_loom instead.
  warnings.warn(msg, FutureWarning)
/home/zhangpeiru/.conda/envs/MetqQ2/lib/python3.11/site-packages/anndata/utils.py:434: FutureWarning: Importing read_hdf from `anndata` is deprecated. Import anndata.io.read_hdf instead.
  warnings.warn(msg, FutureWarning)
/home/zhangpeiru/.conda/envs/MetqQ2/lib/python3.11/site-packages/anndata/utils.py:434: FutureWarning: Importing read_umi_tools from `anndata` is deprecated. Import anndata.io.read_umi_tools instead.
  warnings.warn(msg, FutureWarning)
/home/zhangpeiru/.conda/envs/MetqQ2/lib/python3.11/site-packages/scanpy/preprocessing/_highly_variable_genes.py:220: FutureWarning: The default of observed=False is deprecated and will be changed to True in a future version of pandas. Pass observed=False to retain current behavior or observed=True to adopt the future default and silence this warning.
  disp_grouped = df.groupby('mean_bin')['dispersions']
/home/zhangpeiru/.conda/envs/MetqQ2/lib/python3.11/site-packages/scanpy/preprocessing/_simple.py:843: UserWarning: Received a view of an AnnData. Making a copy.
  view_to_actual(adata)
=======Loading and Preprocessing Data=======
Data of 2 omics in total
revision_results/cache/subsets/D5_D5_rna_2000cells_seed1729_rare-Non-classical-monocytes-abundance0.02-seed796253.h5ad loaded with shape [2000, 1328]
revision_results/cache/subsets/D5_D5_adt_2000cells_seed1729_rare-Non-classical-monocytes-abundance0.02-seed796253.h5ad loaded with shape [2000, 189]
2026-08-29 16:18:12,281 INFO Loading faiss with AVX512 support.
2026-08-29 16:18:12,300 INFO Successfully loaded faiss with AVX512 support.
2026-08-29 16:18:12,303 INFO Failed to load GPU Faiss: name 'GpuIndexIVFFlat' is not defined. Will not load constructor refs for GPU indexes. This is only an error if you're trying to use GPU Faiss.
WARNING clustering 512 points to 40 centroids: please provide at least 1560 training points
GARQ Initialization completed.
/home/zhangpeiru/.conda/envs/MetqQ2/lib/python3.11/site-packages/torch/autograd/__init__.py:251: UserWarning: Memory Efficient attention defaults to a non-deterministic algorithm. To explicitly enable determinism call torch.use_deterministic_algorithms(True, warn_only=False). (Triggered internally at ../aten/src/ATen/native/transformers/cuda/attention_backward.cu:413.)
  Variable._execution_engine.run_backward(  # Calls into the C++ engine to run the backward pass
Epoch 1, RNA: recon_loss=0.4839 , ADT: recon_loss=11.9436 
/data/zhangpeiru/GARQ_revision/model.py:121: UserWarning: cumsum_cuda_kernel does not have a deterministic implementation, but you set 'torch.use_deterministic_algorithms(True, warn_only=True)'. You can file an issue at https://github.com/pytorch/pytorch/issues to help us prioritize adding deterministic support for this operation. (Triggered internally at ../aten/src/ATen/Context.cpp:71.)
  dis_indices = torch.multinomial(
/data/zhangpeiru/GARQ_revision/data_utils.py:140: UserWarning: The given NumPy array is not writable, and PyTorch does not support non-writable tensors. This means writing to this tensor will result in undefined behavior. You may want to copy the array to protect its data or make it writable before converting it to a tensor. This type of warning will be suppressed for the rest of this program. (Triggered internally at ../torch/csrc/utils/tensor_numpy.cpp:206.)
  type_int = torch.from_numpy(adata.obs[args.type_key].cat.codes.values).long()
/home/zhangpeiru/.conda/envs/MetqQ2/lib/python3.11/site-packages/louvain/__init__.py:54: UserWarning: pkg_resources is deprecated as an API. See https://setuptools.pypa.io/en/latest/pkg_resources.html. The pkg_resources package is slated for removal as early as 2025-11-30. Refrain from using this package or pin to Setuptools<81.
  from pkg_resources import get_distribution, DistributionNotFound
/home/zhangpeiru/.conda/envs/MetqQ2/lib/python3.11/site-packages/anndata/utils.py:434: FutureWarning: Importing read_csv from `anndata` is deprecated. Import anndata.io.read_csv instead.
  warnings.warn(msg, FutureWarning)
/home/zhangpeiru/.conda/envs/MetqQ2/lib/python3.11/site-packages/anndata/utils.py:434: FutureWarning: Importing read_text from `anndata` is deprecated. Import anndata.io.read_text instead.
  warnings.warn(msg, FutureWarning)
/home/zhangpeiru/.conda/envs/MetqQ2/lib/python3.11/site-packages/anndata/utils.py:434: FutureWarning: Importing read_excel from `anndata` is deprecated. Import anndata.io.read_excel instead.
  warnings.warn(msg, FutureWarning)
/home/zhangpeiru/.conda/envs/MetqQ2/lib/python3.11/site-packages/anndata/utils.py:434: FutureWarning: Importing read_mtx from `anndata` is deprecated. Import anndata.io.read_mtx instead.
  warnings.warn(msg, FutureWarning)
/home/zhangpeiru/.conda/envs/MetqQ2/lib/python3.11/site-packages/anndata/utils.py:434: FutureWarning: Importing read_loom from `anndata` is deprecated. Import anndata.io.read_loom instead.
  warnings.warn(msg, FutureWarning)
/home/zhangpeiru/.conda/envs/MetqQ2/lib/python3.11/site-packages/anndata/utils.py:434: FutureWarning: Importing read_hdf from `anndata` is deprecated. Import anndata.io.read_hdf instead.
  warnings.warn(msg, FutureWarning)
/home/zhangpeiru/.conda/envs/MetqQ2/lib/python3.11/site-packages/anndata/utils.py:434: FutureWarning: Importing read_umi_tools from `anndata` is deprecated. Import anndata.io.read_umi_tools instead.
  warnings.warn(msg, FutureWarning)
/home/zhangpeiru/.conda/envs/MetqQ2/lib/python3.11/site-packages/scanpy/preprocessing/_highly_variable_genes.py:220: FutureWarning: The default of observed=False is deprecated and will be changed to True in a future version of pandas. Pass observed=False to retain current behavior or observed=True to adopt the future default and silence this warning.
  disp_grouped = df.groupby('mean_bin')['dispersions']
/home/zhangpeiru/.conda/envs/MetqQ2/lib/python3.11/site-packages/scanpy/preprocessing/_simple.py:843: UserWarning: Received a view of an AnnData. Making a copy.
  view_to_actual(adata)
=======Loading and Preprocessing Data=======
Data of 2 omics in total
revision_results/cache/subsets/D5_D5_rna_2000cells_seed1729_rare-Regulatory-T-cells-abundance0.001-seed475767.h5ad loaded with shape [2000, 1335]
revision_results/cache/subsets/D5_D5_adt_2000cells_seed1729_rare-Regulatory-T-cells-abundance0.001-seed475767.h5ad loaded with shape [2000, 189]
2026-08-29 16:18:23,362 INFO Loading faiss with AVX512 support.
2026-08-29 16:18:23,382 INFO Successfully loaded faiss with AVX512 support.
2026-08-29 16:18:23,386 INFO Failed to load GPU Faiss: name 'GpuIndexIVFFlat' is not defined. Will not load constructor refs for GPU indexes. This is only an error if you're trying to use GPU Faiss.
WARNING clustering 512 points to 40 centroids: please provide at least 1560 training points
GARQ Initialization completed.
/home/zhangpeiru/.conda/envs/MetqQ2/lib/python3.11/site-packages/torch/autograd/__init__.py:251: UserWarning: Memory Efficient attention defaults to a non-deterministic algorithm. To explicitly enable determinism call torch.use_deterministic_algorithms(True, warn_only=False). (Triggered internally at ../aten/src/ATen/native/transformers/cuda/attention_backward.cu:413.)
  Variable._execution_engine.run_backward(  # Calls into the C++ engine to run the backward pass
Epoch 1, RNA: recon_loss=0.4896 , ADT: recon_loss=12.3693 
/data/zhangpeiru/GARQ_revision/model.py:121: UserWarning: cumsum_cuda_kernel does not have a deterministic implementation, but you set 'torch.use_deterministic_algorithms(True, warn_only=True)'. You can file an issue at https://github.com/pytorch/pytorch/issues to help us prioritize adding deterministic support for this operation. (Triggered internally at ../aten/src/ATen/Context.cpp:71.)
  dis_indices = torch.multinomial(
/data/zhangpeiru/GARQ_revision/data_utils.py:131: RuntimeWarning: Mean of empty slice.
  [data[meta_ids == i].mean(axis=0) for i in range(meta_ids.max() + 1)]
/home/zhangpeiru/.conda/envs/MetqQ2/lib/python3.11/site-packages/numpy/core/_methods.py:121: RuntimeWarning: divide by zero encountered in divide
  ret = um.true_divide(
/home/zhangpeiru/.conda/envs/MetqQ2/lib/python3.11/site-packages/numpy/core/_methods.py:121: RuntimeWarning: invalid value encountered in divide
  ret = um.true_divide(
/data/zhangpeiru/GARQ_revision/data_utils.py:140: UserWarning: The given NumPy array is not writable, and PyTorch does not support non-writable tensors. This means writing to this tensor will result in undefined behavior. You may want to copy the array to protect its data or make it writable before converting it to a tensor. This type of warning will be suppressed for the rest of this program. (Triggered internally at ../torch/csrc/utils/tensor_numpy.cpp:206.)
  type_int = torch.from_numpy(adata.obs[args.type_key].cat.codes.values).long()
/data/zhangpeiru/GARQ_revision/data_utils.py:131: RuntimeWarning: Mean of empty slice.
  [data[meta_ids == i].mean(axis=0) for i in range(meta_ids.max() + 1)]
/home/zhangpeiru/.conda/envs/MetqQ2/lib/python3.11/site-packages/numpy/core/_methods.py:121: RuntimeWarning: divide by zero encountered in divide
  ret = um.true_divide(
/home/zhangpeiru/.conda/envs/MetqQ2/lib/python3.11/site-packages/numpy/core/_methods.py:121: RuntimeWarning: invalid value encountered in divide
  ret = um.true_divide(
/home/zhangpeiru/.conda/envs/MetqQ2/lib/python3.11/site-packages/louvain/__init__.py:54: UserWarning: pkg_resources is deprecated as an API. See https://setuptools.pypa.io/en/latest/pkg_resources.html. The pkg_resources package is slated for removal as early as 2025-11-30. Refrain from using this package or pin to Setuptools<81.
  from pkg_resources import get_distribution, DistributionNotFound
/home/zhangpeiru/.conda/envs/MetqQ2/lib/python3.11/site-packages/anndata/utils.py:434: FutureWarning: Importing read_csv from `anndata` is deprecated. Import anndata.io.read_csv instead.
  warnings.warn(msg, FutureWarning)
/home/zhangpeiru/.conda/envs/MetqQ2/lib/python3.11/site-packages/anndata/utils.py:434: FutureWarning: Importing read_text from `anndata` is deprecated. Import anndata.io.read_text instead.
  warnings.warn(msg, FutureWarning)
/home/zhangpeiru/.conda/envs/MetqQ2/lib/python3.11/site-packages/anndata/utils.py:434: FutureWarning: Importing read_excel from `anndata` is deprecated. Import anndata.io.read_excel instead.
  warnings.warn(msg, FutureWarning)
/home/zhangpeiru/.conda/envs/MetqQ2/lib/python3.11/site-packages/anndata/utils.py:434: FutureWarning: Importing read_mtx from `anndata` is deprecated. Import anndata.io.read_mtx instead.
  warnings.warn(msg, FutureWarning)
/home/zhangpeiru/.conda/envs/MetqQ2/lib/python3.11/site-packages/anndata/utils.py:434: FutureWarning: Importing read_loom from `anndata` is deprecated. Import anndata.io.read_loom instead.
  warnings.warn(msg, FutureWarning)
/home/zhangpeiru/.conda/envs/MetqQ2/lib/python3.11/site-packages/anndata/utils.py:434: FutureWarning: Importing read_hdf from `anndata` is deprecated. Import anndata.io.read_hdf instead.
  warnings.warn(msg, FutureWarning)
/home/zhangpeiru/.conda/envs/MetqQ2/lib/python3.11/site-packages/anndata/utils.py:434: FutureWarning: Importing read_umi_tools from `anndata` is deprecated. Import anndata.io.read_umi_tools instead.
  warnings.warn(msg, FutureWarning)
/home/zhangpeiru/.conda/envs/MetqQ2/lib/python3.11/site-packages/scanpy/preprocessing/_highly_variable_genes.py:220: FutureWarning: The default of observed=False is deprecated and will be changed to True in a future version of pandas. Pass observed=False to retain current behavior or observed=True to adopt the future default and silence this warning.
  disp_grouped = df.groupby('mean_bin')['dispersions']
/home/zhangpeiru/.conda/envs/MetqQ2/lib/python3.11/site-packages/scanpy/preprocessing/_simple.py:843: UserWarning: Received a view of an AnnData. Making a copy.
  view_to_actual(adata)
=======Loading and Preprocessing Data=======
Data of 2 omics in total
revision_results/cache/subsets/D5_D5_rna_2000cells_seed1729_rare-Regulatory-T-cells-abundance0.001-seed88793.h5ad loaded with shape [2000, 1385]
revision_results/cache/subsets/D5_D5_adt_2000cells_seed1729_rare-Regulatory-T-cells-abundance0.001-seed88793.h5ad loaded with shape [2000, 189]
2026-08-29 16:18:35,603 INFO Loading faiss with AVX512 support.
2026-08-29 16:18:35,626 INFO Successfully loaded faiss with AVX512 support.
2026-08-29 16:18:35,630 INFO Failed to load GPU Faiss: name 'GpuIndexIVFFlat' is not defined. Will not load constructor refs for GPU indexes. This is only an error if you're trying to use GPU Faiss.
WARNING clustering 512 points to 40 centroids: please provide at least 1560 training points
GARQ Initialization completed.
/home/zhangpeiru/.conda/envs/MetqQ2/lib/python3.11/site-packages/torch/autograd/__init__.py:251: UserWarning: Memory Efficient attention defaults to a non-deterministic algorithm. To explicitly enable determinism call torch.use_deterministic_algorithms(True, warn_only=False). (Triggered internally at ../aten/src/ATen/native/transformers/cuda/attention_backward.cu:413.)
  Variable._execution_engine.run_backward(  # Calls into the C++ engine to run the backward pass
Epoch 1, RNA: recon_loss=0.4893 , ADT: recon_loss=12.9548 
/data/zhangpeiru/GARQ_revision/model.py:121: UserWarning: cumsum_cuda_kernel does not have a deterministic implementation, but you set 'torch.use_deterministic_algorithms(True, warn_only=True)'. You can file an issue at https://github.com/pytorch/pytorch/issues to help us prioritize adding deterministic support for this operation. (Triggered internally at ../aten/src/ATen/Context.cpp:71.)
  dis_indices = torch.multinomial(
/data/zhangpeiru/GARQ_revision/data_utils.py:131: RuntimeWarning: Mean of empty slice.
  [data[meta_ids == i].mean(axis=0) for i in range(meta_ids.max() + 1)]
/home/zhangpeiru/.conda/envs/MetqQ2/lib/python3.11/site-packages/numpy/core/_methods.py:121: RuntimeWarning: divide by zero encountered in divide
  ret = um.true_divide(
/home/zhangpeiru/.conda/envs/MetqQ2/lib/python3.11/site-packages/numpy/core/_methods.py:121: RuntimeWarning: invalid value encountered in divide
  ret = um.true_divide(
/data/zhangpeiru/GARQ_revision/data_utils.py:140: UserWarning: The given NumPy array is not writable, and PyTorch does not support non-writable tensors. This means writing to this tensor will result in undefined behavior. You may want to copy the array to protect its data or make it writable before converting it to a tensor. This type of warning will be suppressed for the rest of this program. (Triggered internally at ../torch/csrc/utils/tensor_numpy.cpp:206.)
  type_int = torch.from_numpy(adata.obs[args.type_key].cat.codes.values).long()
/data/zhangpeiru/GARQ_revision/data_utils.py:131: RuntimeWarning: Mean of empty slice.
  [data[meta_ids == i].mean(axis=0) for i in range(meta_ids.max() + 1)]
/home/zhangpeiru/.conda/envs/MetqQ2/lib/python3.11/site-packages/numpy/core/_methods.py:121: RuntimeWarning: divide by zero encountered in divide
  ret = um.true_divide(
/home/zhangpeiru/.conda/envs/MetqQ2/lib/python3.11/site-packages/numpy/core/_methods.py:121: RuntimeWarning: invalid value encountered in divide
  ret = um.true_divide(
/home/zhangpeiru/.conda/envs/MetqQ2/lib/python3.11/site-packages/louvain/__init__.py:54: UserWarning: pkg_resources is deprecated as an API. See https://setuptools.pypa.io/en/latest/pkg_resources.html. The pkg_resources package is slated for removal as early as 2025-11-30. Refrain from using this package or pin to Setuptools<81.
  from pkg_resources import get_distribution, DistributionNotFound
/home/zhangpeiru/.conda/envs/MetqQ2/lib/python3.11/site-packages/anndata/utils.py:434: FutureWarning: Importing read_csv from `anndata` is deprecated. Import anndata.io.read_csv instead.
  warnings.warn(msg, FutureWarning)
/home/zhangpeiru/.conda/envs/MetqQ2/lib/python3.11/site-packages/anndata/utils.py:434: FutureWarning: Importing read_text from `anndata` is deprecated. Import anndata.io.read_text instead.
  warnings.warn(msg, FutureWarning)
/home/zhangpeiru/.conda/envs/MetqQ2/lib/python3.11/site-packages/anndata/utils.py:434: FutureWarning: Importing read_excel from `anndata` is deprecated. Import anndata.io.read_excel instead.
  warnings.warn(msg, FutureWarning)
/home/zhangpeiru/.conda/envs/MetqQ2/lib/python3.11/site-packages/anndata/utils.py:434: FutureWarning: Importing read_mtx from `anndata` is deprecated. Import anndata.io.read_mtx instead.
  warnings.warn(msg, FutureWarning)
/home/zhangpeiru/.conda/envs/MetqQ2/lib/python3.11/site-packages/anndata/utils.py:434: FutureWarning: Importing read_loom from `anndata` is deprecated. Import anndata.io.read_loom instead.
  warnings.warn(msg, FutureWarning)
/home/zhangpeiru/.conda/envs/MetqQ2/lib/python3.11/site-packages/anndata/utils.py:434: FutureWarning: Importing read_hdf from `anndata` is deprecated. Import anndata.io.read_hdf instead.
  warnings.warn(msg, FutureWarning)
/home/zhangpeiru/.conda/envs/MetqQ2/lib/python3.11/site-packages/anndata/utils.py:434: FutureWarning: Importing read_umi_tools from `anndata` is deprecated. Import anndata.io.read_umi_tools instead.
  warnings.warn(msg, FutureWarning)
/home/zhangpeiru/.conda/envs/MetqQ2/lib/python3.11/site-packages/scanpy/preprocessing/_highly_variable_genes.py:220: FutureWarning: The default of observed=False is deprecated and will be changed to True in a future version of pandas. Pass observed=False to retain current behavior or observed=True to adopt the future default and silence this warning.
  disp_grouped = df.groupby('mean_bin')['dispersions']
/home/zhangpeiru/.conda/envs/MetqQ2/lib/python3.11/site-packages/scanpy/preprocessing/_simple.py:843: UserWarning: Received a view of an AnnData. Making a copy.
  view_to_actual(adata)
=======Loading and Preprocessing Data=======
Data of 2 omics in total
revision_results/cache/subsets/D5_D5_rna_2000cells_seed1729_rare-Regulatory-T-cells-abundance0.001-seed471646.h5ad loaded with shape [2000, 1487]
revision_results/cache/subsets/D5_D5_adt_2000cells_seed1729_rare-Regulatory-T-cells-abundance0.001-seed471646.h5ad loaded with shape [2000, 189]
2026-08-29 16:18:48,660 INFO Loading faiss with AVX512 support.
2026-08-29 16:18:48,675 INFO Successfully loaded faiss with AVX512 support.
2026-08-29 16:18:48,678 INFO Failed to load GPU Faiss: name 'GpuIndexIVFFlat' is not defined. Will not load constructor refs for GPU indexes. This is only an error if you're trying to use GPU Faiss.
WARNING clustering 512 points to 40 centroids: please provide at least 1560 training points
GARQ Initialization completed.
/home/zhangpeiru/.conda/envs/MetqQ2/lib/python3.11/site-packages/torch/autograd/__init__.py:251: UserWarning: Memory Efficient attention defaults to a non-deterministic algorithm. To explicitly enable determinism call torch.use_deterministic_algorithms(True, warn_only=False). (Triggered internally at ../aten/src/ATen/native/transformers/cuda/attention_backward.cu:413.)
  Variable._execution_engine.run_backward(  # Calls into the C++ engine to run the backward pass
Epoch 1, RNA: recon_loss=0.4803 , ADT: recon_loss=13.0224 
/data/zhangpeiru/GARQ_revision/model.py:121: UserWarning: cumsum_cuda_kernel does not have a deterministic implementation, but you set 'torch.use_deterministic_algorithms(True, warn_only=True)'. You can file an issue at https://github.com/pytorch/pytorch/issues to help us prioritize adding deterministic support for this operation. (Triggered internally at ../aten/src/ATen/Context.cpp:71.)
  dis_indices = torch.multinomial(
/data/zhangpeiru/GARQ_revision/data_utils.py:131: RuntimeWarning: Mean of empty slice.
  [data[meta_ids == i].mean(axis=0) for i in range(meta_ids.max() + 1)]
/home/zhangpeiru/.conda/envs/MetqQ2/lib/python3.11/site-packages/numpy/core/_methods.py:121: RuntimeWarning: divide by zero encountered in divide
  ret = um.true_divide(
/home/zhangpeiru/.conda/envs/MetqQ2/lib/python3.11/site-packages/numpy/core/_methods.py:121: RuntimeWarning: invalid value encountered in divide
  ret = um.true_divide(
/data/zhangpeiru/GARQ_revision/data_utils.py:140: UserWarning: The given NumPy array is not writable, and PyTorch does not support non-writable tensors. This means writing to this tensor will result in undefined behavior. You may want to copy the array to protect its data or make it writable before converting it to a tensor. This type of warning will be suppressed for the rest of this program. (Triggered internally at ../torch/csrc/utils/tensor_numpy.cpp:206.)
  type_int = torch.from_numpy(adata.obs[args.type_key].cat.codes.values).long()
/data/zhangpeiru/GARQ_revision/data_utils.py:131: RuntimeWarning: Mean of empty slice.
  [data[meta_ids == i].mean(axis=0) for i in range(meta_ids.max() + 1)]
/home/zhangpeiru/.conda/envs/MetqQ2/lib/python3.11/site-packages/numpy/core/_methods.py:121: RuntimeWarning: divide by zero encountered in divide
  ret = um.true_divide(
/home/zhangpeiru/.conda/envs/MetqQ2/lib/python3.11/site-packages/numpy/core/_methods.py:121: RuntimeWarning: invalid value encountered in divide
  ret = um.true_divide(
/home/zhangpeiru/.conda/envs/MetqQ2/lib/python3.11/site-packages/louvain/__init__.py:54: UserWarning: pkg_resources is deprecated as an API. See https://setuptools.pypa.io/en/latest/pkg_resources.html. The pkg_resources package is slated for removal as early as 2025-11-30. Refrain from using this package or pin to Setuptools<81.
  from pkg_resources import get_distribution, DistributionNotFound
/home/zhangpeiru/.conda/envs/MetqQ2/lib/python3.11/site-packages/anndata/utils.py:434: FutureWarning: Importing read_csv from `anndata` is deprecated. Import anndata.io.read_csv instead.
  warnings.warn(msg, FutureWarning)
/home/zhangpeiru/.conda/envs/MetqQ2/lib/python3.11/site-packages/anndata/utils.py:434: FutureWarning: Importing read_text from `anndata` is deprecated. Import anndata.io.read_text instead.
  warnings.warn(msg, FutureWarning)
/home/zhangpeiru/.conda/envs/MetqQ2/lib/python3.11/site-packages/anndata/utils.py:434: FutureWarning: Importing read_excel from `anndata` is deprecated. Import anndata.io.read_excel instead.
  warnings.warn(msg, FutureWarning)
/home/zhangpeiru/.conda/envs/MetqQ2/lib/python3.11/site-packages/anndata/utils.py:434: FutureWarning: Importing read_mtx from `anndata` is deprecated. Import anndata.io.read_mtx instead.
  warnings.warn(msg, FutureWarning)
/home/zhangpeiru/.conda/envs/MetqQ2/lib/python3.11/site-packages/anndata/utils.py:434: FutureWarning: Importing read_loom from `anndata` is deprecated. Import anndata.io.read_loom instead.
  warnings.warn(msg, FutureWarning)
/home/zhangpeiru/.conda/envs/MetqQ2/lib/python3.11/site-packages/anndata/utils.py:434: FutureWarning: Importing read_hdf from `anndata` is deprecated. Import anndata.io.read_hdf instead.
  warnings.warn(msg, FutureWarning)
/home/zhangpeiru/.conda/envs/MetqQ2/lib/python3.11/site-packages/anndata/utils.py:434: FutureWarning: Importing read_umi_tools from `anndata` is deprecated. Import anndata.io.read_umi_tools instead.
  warnings.warn(msg, FutureWarning)
/home/zhangpeiru/.conda/envs/MetqQ2/lib/python3.11/site-packages/scanpy/preprocessing/_highly_variable_genes.py:220: FutureWarning: The default of observed=False is deprecated and will be changed to True in a future version of pandas. Pass observed=False to retain current behavior or observed=True to adopt the future default and silence this warning.
  disp_grouped = df.groupby('mean_bin')['dispersions']
/home/zhangpeiru/.conda/envs/MetqQ2/lib/python3.11/site-packages/scanpy/preprocessing/_simple.py:843: UserWarning: Received a view of an AnnData. Making a copy.
  view_to_actual(adata)
=======Loading and Preprocessing Data=======
Data of 2 omics in total
revision_results/cache/subsets/D5_D5_rna_2000cells_seed1729_rare-Regulatory-T-cells-abundance0.001-seed550612.h5ad loaded with shape [2000, 1314]
revision_results/cache/subsets/D5_D5_adt_2000cells_seed1729_rare-Regulatory-T-cells-abundance0.001-seed550612.h5ad loaded with shape [2000, 189]
2026-08-29 16:19:00,229 INFO Loading faiss with AVX512 support.
2026-08-29 16:19:00,249 INFO Successfully loaded faiss with AVX512 support.
2026-08-29 16:19:00,253 INFO Failed to load GPU Faiss: name 'GpuIndexIVFFlat' is not defined. Will not load constructor refs for GPU indexes. This is only an error if you're trying to use GPU Faiss.
WARNING clustering 512 points to 40 centroids: please provide at least 1560 training points
GARQ Initialization completed.
/home/zhangpeiru/.conda/envs/MetqQ2/lib/python3.11/site-packages/torch/autograd/__init__.py:251: UserWarning: Memory Efficient attention defaults to a non-deterministic algorithm. To explicitly enable determinism call torch.use_deterministic_algorithms(True, warn_only=False). (Triggered internally at ../aten/src/ATen/native/transformers/cuda/attention_backward.cu:413.)
  Variable._execution_engine.run_backward(  # Calls into the C++ engine to run the backward pass
Epoch 1, RNA: recon_loss=0.4796 , ADT: recon_loss=12.4692 
/data/zhangpeiru/GARQ_revision/model.py:121: UserWarning: cumsum_cuda_kernel does not have a deterministic implementation, but you set 'torch.use_deterministic_algorithms(True, warn_only=True)'. You can file an issue at https://github.com/pytorch/pytorch/issues to help us prioritize adding deterministic support for this operation. (Triggered internally at ../aten/src/ATen/Context.cpp:71.)
  dis_indices = torch.multinomial(
/data/zhangpeiru/GARQ_revision/data_utils.py:140: UserWarning: The given NumPy array is not writable, and PyTorch does not support non-writable tensors. This means writing to this tensor will result in undefined behavior. You may want to copy the array to protect its data or make it writable before converting it to a tensor. This type of warning will be suppressed for the rest of this program. (Triggered internally at ../torch/csrc/utils/tensor_numpy.cpp:206.)
  type_int = torch.from_numpy(adata.obs[args.type_key].cat.codes.values).long()
/home/zhangpeiru/.conda/envs/MetqQ2/lib/python3.11/site-packages/louvain/__init__.py:54: UserWarning: pkg_resources is deprecated as an API. See https://setuptools.pypa.io/en/latest/pkg_resources.html. The pkg_resources package is slated for removal as early as 2025-11-30. Refrain from using this package or pin to Setuptools<81.
  from pkg_resources import get_distribution, DistributionNotFound
/home/zhangpeiru/.conda/envs/MetqQ2/lib/python3.11/site-packages/anndata/utils.py:434: FutureWarning: Importing read_csv from `anndata` is deprecated. Import anndata.io.read_csv instead.
  warnings.warn(msg, FutureWarning)
/home/zhangpeiru/.conda/envs/MetqQ2/lib/python3.11/site-packages/anndata/utils.py:434: FutureWarning: Importing read_text from `anndata` is deprecated. Import anndata.io.read_text instead.
  warnings.warn(msg, FutureWarning)
/home/zhangpeiru/.conda/envs/MetqQ2/lib/python3.11/site-packages/anndata/utils.py:434: FutureWarning: Importing read_excel from `anndata` is deprecated. Import anndata.io.read_excel instead.
  warnings.warn(msg, FutureWarning)
/home/zhangpeiru/.conda/envs/MetqQ2/lib/python3.11/site-packages/anndata/utils.py:434: FutureWarning: Importing read_mtx from `anndata` is deprecated. Import anndata.io.read_mtx instead.
  warnings.warn(msg, FutureWarning)
/home/zhangpeiru/.conda/envs/MetqQ2/lib/python3.11/site-packages/anndata/utils.py:434: FutureWarning: Importing read_loom from `anndata` is deprecated. Import anndata.io.read_loom instead.
  warnings.warn(msg, FutureWarning)
/home/zhangpeiru/.conda/envs/MetqQ2/lib/python3.11/site-packages/anndata/utils.py:434: FutureWarning: Importing read_hdf from `anndata` is deprecated. Import anndata.io.read_hdf instead.
  warnings.warn(msg, FutureWarning)
/home/zhangpeiru/.conda/envs/MetqQ2/lib/python3.11/site-packages/anndata/utils.py:434: FutureWarning: Importing read_umi_tools from `anndata` is deprecated. Import anndata.io.read_umi_tools instead.
  warnings.warn(msg, FutureWarning)
/home/zhangpeiru/.conda/envs/MetqQ2/lib/python3.11/site-packages/scanpy/preprocessing/_highly_variable_genes.py:220: FutureWarning: The default of observed=False is deprecated and will be changed to True in a future version of pandas. Pass observed=False to retain current behavior or observed=True to adopt the future default and silence this warning.
  disp_grouped = df.groupby('mean_bin')['dispersions']
/home/zhangpeiru/.conda/envs/MetqQ2/lib/python3.11/site-packages/scanpy/preprocessing/_simple.py:843: UserWarning: Received a view of an AnnData. Making a copy.
  view_to_actual(adata)
=======Loading and Preprocessing Data=======
Data of 2 omics in total
revision_results/cache/subsets/D5_D5_rna_2000cells_seed1729_rare-Regulatory-T-cells-abundance0.001-seed196353.h5ad loaded with shape [2000, 1310]
revision_results/cache/subsets/D5_D5_adt_2000cells_seed1729_rare-Regulatory-T-cells-abundance0.001-seed196353.h5ad loaded with shape [2000, 189]
2026-08-29 16:19:12,198 INFO Loading faiss with AVX512 support.
2026-08-29 16:19:12,218 INFO Successfully loaded faiss with AVX512 support.
2026-08-29 16:19:12,222 INFO Failed to load GPU Faiss: name 'GpuIndexIVFFlat' is not defined. Will not load constructor refs for GPU indexes. This is only an error if you're trying to use GPU Faiss.
WARNING clustering 512 points to 40 centroids: please provide at least 1560 training points
GARQ Initialization completed.
/home/zhangpeiru/.conda/envs/MetqQ2/lib/python3.11/site-packages/torch/autograd/__init__.py:251: UserWarning: Memory Efficient attention defaults to a non-deterministic algorithm. To explicitly enable determinism call torch.use_deterministic_algorithms(True, warn_only=False). (Triggered internally at ../aten/src/ATen/native/transformers/cuda/attention_backward.cu:413.)
  Variable._execution_engine.run_backward(  # Calls into the C++ engine to run the backward pass
Epoch 1, RNA: recon_loss=0.5126 , ADT: recon_loss=12.6883 
/data/zhangpeiru/GARQ_revision/model.py:121: UserWarning: cumsum_cuda_kernel does not have a deterministic implementation, but you set 'torch.use_deterministic_algorithms(True, warn_only=True)'. You can file an issue at https://github.com/pytorch/pytorch/issues to help us prioritize adding deterministic support for this operation. (Triggered internally at ../aten/src/ATen/Context.cpp:71.)
  dis_indices = torch.multinomial(
/data/zhangpeiru/GARQ_revision/data_utils.py:131: RuntimeWarning: Mean of empty slice.
  [data[meta_ids == i].mean(axis=0) for i in range(meta_ids.max() + 1)]
/home/zhangpeiru/.conda/envs/MetqQ2/lib/python3.11/site-packages/numpy/core/_methods.py:121: RuntimeWarning: divide by zero encountered in divide
  ret = um.true_divide(
/home/zhangpeiru/.conda/envs/MetqQ2/lib/python3.11/site-packages/numpy/core/_methods.py:121: RuntimeWarning: invalid value encountered in divide
  ret = um.true_divide(
/data/zhangpeiru/GARQ_revision/data_utils.py:140: UserWarning: The given NumPy array is not writable, and PyTorch does not support non-writable tensors. This means writing to this tensor will result in undefined behavior. You may want to copy the array to protect its data or make it writable before converting it to a tensor. This type of warning will be suppressed for the rest of this program. (Triggered internally at ../torch/csrc/utils/tensor_numpy.cpp:206.)
  type_int = torch.from_numpy(adata.obs[args.type_key].cat.codes.values).long()
/data/zhangpeiru/GARQ_revision/data_utils.py:131: RuntimeWarning: Mean of empty slice.
  [data[meta_ids == i].mean(axis=0) for i in range(meta_ids.max() + 1)]
/home/zhangpeiru/.conda/envs/MetqQ2/lib/python3.11/site-packages/numpy/core/_methods.py:121: RuntimeWarning: divide by zero encountered in divide
  ret = um.true_divide(
/home/zhangpeiru/.conda/envs/MetqQ2/lib/python3.11/site-packages/numpy/core/_methods.py:121: RuntimeWarning: invalid value encountered in divide
  ret = um.true_divide(
/home/zhangpeiru/.conda/envs/MetqQ2/lib/python3.11/site-packages/louvain/__init__.py:54: UserWarning: pkg_resources is deprecated as an API. See https://setuptools.pypa.io/en/latest/pkg_resources.html. The pkg_resources package is slated for removal as early as 2025-11-30. Refrain from using this package or pin to Setuptools<81.
  from pkg_resources import get_distribution, DistributionNotFound
/home/zhangpeiru/.conda/envs/MetqQ2/lib/python3.11/site-packages/anndata/utils.py:434: FutureWarning: Importing read_csv from `anndata` is deprecated. Import anndata.io.read_csv instead.
  warnings.warn(msg, FutureWarning)
/home/zhangpeiru/.conda/envs/MetqQ2/lib/python3.11/site-packages/anndata/utils.py:434: FutureWarning: Importing read_text from `anndata` is deprecated. Import anndata.io.read_text instead.
  warnings.warn(msg, FutureWarning)
/home/zhangpeiru/.conda/envs/MetqQ2/lib/python3.11/site-packages/anndata/utils.py:434: FutureWarning: Importing read_excel from `anndata` is deprecated. Import anndata.io.read_excel instead.
  warnings.warn(msg, FutureWarning)
/home/zhangpeiru/.conda/envs/MetqQ2/lib/python3.11/site-packages/anndata/utils.py:434: FutureWarning: Importing read_mtx from `anndata` is deprecated. Import anndata.io.read_mtx instead.
  warnings.warn(msg, FutureWarning)
/home/zhangpeiru/.conda/envs/MetqQ2/lib/python3.11/site-packages/anndata/utils.py:434: FutureWarning: Importing read_loom from `anndata` is deprecated. Import anndata.io.read_loom instead.
  warnings.warn(msg, FutureWarning)
/home/zhangpeiru/.conda/envs/MetqQ2/lib/python3.11/site-packages/anndata/utils.py:434: FutureWarning: Importing read_hdf from `anndata` is deprecated. Import anndata.io.read_hdf instead.
  warnings.warn(msg, FutureWarning)
/home/zhangpeiru/.conda/envs/MetqQ2/lib/python3.11/site-packages/anndata/utils.py:434: FutureWarning: Importing read_umi_tools from `anndata` is deprecated. Import anndata.io.read_umi_tools instead.
  warnings.warn(msg, FutureWarning)
/home/zhangpeiru/.conda/envs/MetqQ2/lib/python3.11/site-packages/scanpy/preprocessing/_highly_variable_genes.py:220: FutureWarning: The default of observed=False is deprecated and will be changed to True in a future version of pandas. Pass observed=False to retain current behavior or observed=True to adopt the future default and silence this warning.
  disp_grouped = df.groupby('mean_bin')['dispersions']
/home/zhangpeiru/.conda/envs/MetqQ2/lib/python3.11/site-packages/scanpy/preprocessing/_simple.py:843: UserWarning: Received a view of an AnnData. Making a copy.
  view_to_actual(adata)
=======Loading and Preprocessing Data=======
Data of 2 omics in total
revision_results/cache/subsets/D5_D5_rna_2000cells_seed1729_rare-Regulatory-T-cells-abundance0.002-seed231834.h5ad loaded with shape [2000, 1276]
revision_results/cache/subsets/D5_D5_adt_2000cells_seed1729_rare-Regulatory-T-cells-abundance0.002-seed231834.h5ad loaded with shape [2000, 189]
2026-08-29 16:19:24,804 INFO Loading faiss with AVX512 support.
2026-08-29 16:19:24,826 INFO Successfully loaded faiss with AVX512 support.
2026-08-29 16:19:24,830 INFO Failed to load GPU Faiss: name 'GpuIndexIVFFlat' is not defined. Will not load constructor refs for GPU indexes. This is only an error if you're trying to use GPU Faiss.
WARNING clustering 512 points to 40 centroids: please provide at least 1560 training points
GARQ Initialization completed.
/home/zhangpeiru/.conda/envs/MetqQ2/lib/python3.11/site-packages/torch/autograd/__init__.py:251: UserWarning: Memory Efficient attention defaults to a non-deterministic algorithm. To explicitly enable determinism call torch.use_deterministic_algorithms(True, warn_only=False). (Triggered internally at ../aten/src/ATen/native/transformers/cuda/attention_backward.cu:413.)
  Variable._execution_engine.run_backward(  # Calls into the C++ engine to run the backward pass
Epoch 1, RNA: recon_loss=0.5012 , ADT: recon_loss=13.0360 
/data/zhangpeiru/GARQ_revision/model.py:121: UserWarning: cumsum_cuda_kernel does not have a deterministic implementation, but you set 'torch.use_deterministic_algorithms(True, warn_only=True)'. You can file an issue at https://github.com/pytorch/pytorch/issues to help us prioritize adding deterministic support for this operation. (Triggered internally at ../aten/src/ATen/Context.cpp:71.)
  dis_indices = torch.multinomial(
/data/zhangpeiru/GARQ_revision/data_utils.py:131: RuntimeWarning: Mean of empty slice.
  [data[meta_ids == i].mean(axis=0) for i in range(meta_ids.max() + 1)]
/home/zhangpeiru/.conda/envs/MetqQ2/lib/python3.11/site-packages/numpy/core/_methods.py:121: RuntimeWarning: divide by zero encountered in divide
  ret = um.true_divide(
/home/zhangpeiru/.conda/envs/MetqQ2/lib/python3.11/site-packages/numpy/core/_methods.py:121: RuntimeWarning: invalid value encountered in divide
  ret = um.true_divide(
/data/zhangpeiru/GARQ_revision/data_utils.py:140: UserWarning: The given NumPy array is not writable, and PyTorch does not support non-writable tensors. This means writing to this tensor will result in undefined behavior. You may want to copy the array to protect its data or make it writable before converting it to a tensor. This type of warning will be suppressed for the rest of this program. (Triggered internally at ../torch/csrc/utils/tensor_numpy.cpp:206.)
  type_int = torch.from_numpy(adata.obs[args.type_key].cat.codes.values).long()
/data/zhangpeiru/GARQ_revision/data_utils.py:131: RuntimeWarning: Mean of empty slice.
  [data[meta_ids == i].mean(axis=0) for i in range(meta_ids.max() + 1)]
/home/zhangpeiru/.conda/envs/MetqQ2/lib/python3.11/site-packages/numpy/core/_methods.py:121: RuntimeWarning: divide by zero encountered in divide
  ret = um.true_divide(
/home/zhangpeiru/.conda/envs/MetqQ2/lib/python3.11/site-packages/numpy/core/_methods.py:121: RuntimeWarning: invalid value encountered in divide
  ret = um.true_divide(
/home/zhangpeiru/.conda/envs/MetqQ2/lib/python3.11/site-packages/louvain/__init__.py:54: UserWarning: pkg_resources is deprecated as an API. See https://setuptools.pypa.io/en/latest/pkg_resources.html. The pkg_resources package is slated for removal as early as 2025-11-30. Refrain from using this package or pin to Setuptools<81.
  from pkg_resources import get_distribution, DistributionNotFound
/home/zhangpeiru/.conda/envs/MetqQ2/lib/python3.11/site-packages/anndata/utils.py:434: FutureWarning: Importing read_csv from `anndata` is deprecated. Import anndata.io.read_csv instead.
  warnings.warn(msg, FutureWarning)
/home/zhangpeiru/.conda/envs/MetqQ2/lib/python3.11/site-packages/anndata/utils.py:434: FutureWarning: Importing read_text from `anndata` is deprecated. Import anndata.io.read_text instead.
  warnings.warn(msg, FutureWarning)
/home/zhangpeiru/.conda/envs/MetqQ2/lib/python3.11/site-packages/anndata/utils.py:434: FutureWarning: Importing read_excel from `anndata` is deprecated. Import anndata.io.read_excel instead.
  warnings.warn(msg, FutureWarning)
/home/zhangpeiru/.conda/envs/MetqQ2/lib/python3.11/site-packages/anndata/utils.py:434: FutureWarning: Importing read_mtx from `anndata` is deprecated. Import anndata.io.read_mtx instead.
  warnings.warn(msg, FutureWarning)
/home/zhangpeiru/.conda/envs/MetqQ2/lib/python3.11/site-packages/anndata/utils.py:434: FutureWarning: Importing read_loom from `anndata` is deprecated. Import anndata.io.read_loom instead.
  warnings.warn(msg, FutureWarning)
/home/zhangpeiru/.conda/envs/MetqQ2/lib/python3.11/site-packages/anndata/utils.py:434: FutureWarning: Importing read_hdf from `anndata` is deprecated. Import anndata.io.read_hdf instead.
  warnings.warn(msg, FutureWarning)
/home/zhangpeiru/.conda/envs/MetqQ2/lib/python3.11/site-packages/anndata/utils.py:434: FutureWarning: Importing read_umi_tools from `anndata` is deprecated. Import anndata.io.read_umi_tools instead.
  warnings.warn(msg, FutureWarning)
/home/zhangpeiru/.conda/envs/MetqQ2/lib/python3.11/site-packages/scanpy/preprocessing/_highly_variable_genes.py:220: FutureWarning: The default of observed=False is deprecated and will be changed to True in a future version of pandas. Pass observed=False to retain current behavior or observed=True to adopt the future default and silence this warning.
  disp_grouped = df.groupby('mean_bin')['dispersions']
/home/zhangpeiru/.conda/envs/MetqQ2/lib/python3.11/site-packages/scanpy/preprocessing/_simple.py:843: UserWarning: Received a view of an AnnData. Making a copy.
  view_to_actual(adata)
=======Loading and Preprocessing Data=======
Data of 2 omics in total
revision_results/cache/subsets/D5_D5_rna_2000cells_seed1729_rare-Regulatory-T-cells-abundance0.002-seed924850.h5ad loaded with shape [2000, 1243]
revision_results/cache/subsets/D5_D5_adt_2000cells_seed1729_rare-Regulatory-T-cells-abundance0.002-seed924850.h5ad loaded with shape [2000, 189]
2026-08-29 16:19:36,114 INFO Loading faiss with AVX512 support.
2026-08-29 16:19:36,131 INFO Successfully loaded faiss with AVX512 support.
2026-08-29 16:19:36,134 INFO Failed to load GPU Faiss: name 'GpuIndexIVFFlat' is not defined. Will not load constructor refs for GPU indexes. This is only an error if you're trying to use GPU Faiss.
WARNING clustering 512 points to 40 centroids: please provide at least 1560 training points
GARQ Initialization completed.
/home/zhangpeiru/.conda/envs/MetqQ2/lib/python3.11/site-packages/torch/autograd/__init__.py:251: UserWarning: Memory Efficient attention defaults to a non-deterministic algorithm. To explicitly enable determinism call torch.use_deterministic_algorithms(True, warn_only=False). (Triggered internally at ../aten/src/ATen/native/transformers/cuda/attention_backward.cu:413.)
  Variable._execution_engine.run_backward(  # Calls into the C++ engine to run the backward pass
Epoch 1, RNA: recon_loss=0.5202 , ADT: recon_loss=12.1192 
/data/zhangpeiru/GARQ_revision/model.py:121: UserWarning: cumsum_cuda_kernel does not have a deterministic implementation, but you set 'torch.use_deterministic_algorithms(True, warn_only=True)'. You can file an issue at https://github.com/pytorch/pytorch/issues to help us prioritize adding deterministic support for this operation. (Triggered internally at ../aten/src/ATen/Context.cpp:71.)
  dis_indices = torch.multinomial(
/data/zhangpeiru/GARQ_revision/data_utils.py:131: RuntimeWarning: Mean of empty slice.
  [data[meta_ids == i].mean(axis=0) for i in range(meta_ids.max() + 1)]
/home/zhangpeiru/.conda/envs/MetqQ2/lib/python3.11/site-packages/numpy/core/_methods.py:121: RuntimeWarning: divide by zero encountered in divide
  ret = um.true_divide(
/home/zhangpeiru/.conda/envs/MetqQ2/lib/python3.11/site-packages/numpy/core/_methods.py:121: RuntimeWarning: invalid value encountered in divide
  ret = um.true_divide(
/data/zhangpeiru/GARQ_revision/data_utils.py:140: UserWarning: The given NumPy array is not writable, and PyTorch does not support non-writable tensors. This means writing to this tensor will result in undefined behavior. You may want to copy the array to protect its data or make it writable before converting it to a tensor. This type of warning will be suppressed for the rest of this program. (Triggered internally at ../torch/csrc/utils/tensor_numpy.cpp:206.)
  type_int = torch.from_numpy(adata.obs[args.type_key].cat.codes.values).long()
/data/zhangpeiru/GARQ_revision/data_utils.py:131: RuntimeWarning: Mean of empty slice.
  [data[meta_ids == i].mean(axis=0) for i in range(meta_ids.max() + 1)]
/home/zhangpeiru/.conda/envs/MetqQ2/lib/python3.11/site-packages/numpy/core/_methods.py:121: RuntimeWarning: divide by zero encountered in divide
  ret = um.true_divide(
/home/zhangpeiru/.conda/envs/MetqQ2/lib/python3.11/site-packages/numpy/core/_methods.py:121: RuntimeWarning: invalid value encountered in divide
  ret = um.true_divide(
/home/zhangpeiru/.conda/envs/MetqQ2/lib/python3.11/site-packages/louvain/__init__.py:54: UserWarning: pkg_resources is deprecated as an API. See https://setuptools.pypa.io/en/latest/pkg_resources.html. The pkg_resources package is slated for removal as early as 2025-11-30. Refrain from using this package or pin to Setuptools<81.
  from pkg_resources import get_distribution, DistributionNotFound
/home/zhangpeiru/.conda/envs/MetqQ2/lib/python3.11/site-packages/anndata/utils.py:434: FutureWarning: Importing read_csv from `anndata` is deprecated. Import anndata.io.read_csv instead.
  warnings.warn(msg, FutureWarning)
/home/zhangpeiru/.conda/envs/MetqQ2/lib/python3.11/site-packages/anndata/utils.py:434: FutureWarning: Importing read_text from `anndata` is deprecated. Import anndata.io.read_text instead.
  warnings.warn(msg, FutureWarning)
/home/zhangpeiru/.conda/envs/MetqQ2/lib/python3.11/site-packages/anndata/utils.py:434: FutureWarning: Importing read_excel from `anndata` is deprecated. Import anndata.io.read_excel instead.
  warnings.warn(msg, FutureWarning)
/home/zhangpeiru/.conda/envs/MetqQ2/lib/python3.11/site-packages/anndata/utils.py:434: FutureWarning: Importing read_mtx from `anndata` is deprecated. Import anndata.io.read_mtx instead.
  warnings.warn(msg, FutureWarning)
/home/zhangpeiru/.conda/envs/MetqQ2/lib/python3.11/site-packages/anndata/utils.py:434: FutureWarning: Importing read_loom from `anndata` is deprecated. Import anndata.io.read_loom instead.
  warnings.warn(msg, FutureWarning)
/home/zhangpeiru/.conda/envs/MetqQ2/lib/python3.11/site-packages/anndata/utils.py:434: FutureWarning: Importing read_hdf from `anndata` is deprecated. Import anndata.io.read_hdf instead.
  warnings.warn(msg, FutureWarning)
/home/zhangpeiru/.conda/envs/MetqQ2/lib/python3.11/site-packages/anndata/utils.py:434: FutureWarning: Importing read_umi_tools from `anndata` is deprecated. Import anndata.io.read_umi_tools instead.
  warnings.warn(msg, FutureWarning)
/home/zhangpeiru/.conda/envs/MetqQ2/lib/python3.11/site-packages/scanpy/preprocessing/_highly_variable_genes.py:220: FutureWarning: The default of observed=False is deprecated and will be changed to True in a future version of pandas. Pass observed=False to retain current behavior or observed=True to adopt the future default and silence this warning.
  disp_grouped = df.groupby('mean_bin')['dispersions']
/home/zhangpeiru/.conda/envs/MetqQ2/lib/python3.11/site-packages/scanpy/preprocessing/_simple.py:843: UserWarning: Received a view of an AnnData. Making a copy.
  view_to_actual(adata)
=======Loading and Preprocessing Data=======
Data of 2 omics in total
revision_results/cache/subsets/D5_D5_rna_2000cells_seed1729_rare-Regulatory-T-cells-abundance0.002-seed301737.h5ad loaded with shape [2000, 1322]
revision_results/cache/subsets/D5_D5_adt_2000cells_seed1729_rare-Regulatory-T-cells-abundance0.002-seed301737.h5ad loaded with shape [2000, 189]
2026-08-29 16:19:48,202 INFO Loading faiss with AVX512 support.
2026-08-29 16:19:48,225 INFO Successfully loaded faiss with AVX512 support.
2026-08-29 16:19:48,229 INFO Failed to load GPU Faiss: name 'GpuIndexIVFFlat' is not defined. Will not load constructor refs for GPU indexes. This is only an error if you're trying to use GPU Faiss.
WARNING clustering 512 points to 40 centroids: please provide at least 1560 training points
GARQ Initialization completed.
/home/zhangpeiru/.conda/envs/MetqQ2/lib/python3.11/site-packages/torch/autograd/__init__.py:251: UserWarning: Memory Efficient attention defaults to a non-deterministic algorithm. To explicitly enable determinism call torch.use_deterministic_algorithms(True, warn_only=False). (Triggered internally at ../aten/src/ATen/native/transformers/cuda/attention_backward.cu:413.)
  Variable._execution_engine.run_backward(  # Calls into the C++ engine to run the backward pass
Epoch 1, RNA: recon_loss=0.4959 , ADT: recon_loss=11.8260 
/data/zhangpeiru/GARQ_revision/model.py:121: UserWarning: cumsum_cuda_kernel does not have a deterministic implementation, but you set 'torch.use_deterministic_algorithms(True, warn_only=True)'. You can file an issue at https://github.com/pytorch/pytorch/issues to help us prioritize adding deterministic support for this operation. (Triggered internally at ../aten/src/ATen/Context.cpp:71.)
  dis_indices = torch.multinomial(
/data/zhangpeiru/GARQ_revision/data_utils.py:131: RuntimeWarning: Mean of empty slice.
  [data[meta_ids == i].mean(axis=0) for i in range(meta_ids.max() + 1)]
/home/zhangpeiru/.conda/envs/MetqQ2/lib/python3.11/site-packages/numpy/core/_methods.py:121: RuntimeWarning: divide by zero encountered in divide
  ret = um.true_divide(
/home/zhangpeiru/.conda/envs/MetqQ2/lib/python3.11/site-packages/numpy/core/_methods.py:121: RuntimeWarning: invalid value encountered in divide
  ret = um.true_divide(
/data/zhangpeiru/GARQ_revision/data_utils.py:140: UserWarning: The given NumPy array is not writable, and PyTorch does not support non-writable tensors. This means writing to this tensor will result in undefined behavior. You may want to copy the array to protect its data or make it writable before converting it to a tensor. This type of warning will be suppressed for the rest of this program. (Triggered internally at ../torch/csrc/utils/tensor_numpy.cpp:206.)
  type_int = torch.from_numpy(adata.obs[args.type_key].cat.codes.values).long()
/data/zhangpeiru/GARQ_revision/data_utils.py:131: RuntimeWarning: Mean of empty slice.
  [data[meta_ids == i].mean(axis=0) for i in range(meta_ids.max() + 1)]
/home/zhangpeiru/.conda/envs/MetqQ2/lib/python3.11/site-packages/numpy/core/_methods.py:121: RuntimeWarning: divide by zero encountered in divide
  ret = um.true_divide(
/home/zhangpeiru/.conda/envs/MetqQ2/lib/python3.11/site-packages/numpy/core/_methods.py:121: RuntimeWarning: invalid value encountered in divide
  ret = um.true_divide(
/home/zhangpeiru/.conda/envs/MetqQ2/lib/python3.11/site-packages/louvain/__init__.py:54: UserWarning: pkg_resources is deprecated as an API. See https://setuptools.pypa.io/en/latest/pkg_resources.html. The pkg_resources package is slated for removal as early as 2025-11-30. Refrain from using this package or pin to Setuptools<81.
  from pkg_resources import get_distribution, DistributionNotFound
/home/zhangpeiru/.conda/envs/MetqQ2/lib/python3.11/site-packages/anndata/utils.py:434: FutureWarning: Importing read_csv from `anndata` is deprecated. Import anndata.io.read_csv instead.
  warnings.warn(msg, FutureWarning)
/home/zhangpeiru/.conda/envs/MetqQ2/lib/python3.11/site-packages/anndata/utils.py:434: FutureWarning: Importing read_text from `anndata` is deprecated. Import anndata.io.read_text instead.
  warnings.warn(msg, FutureWarning)
/home/zhangpeiru/.conda/envs/MetqQ2/lib/python3.11/site-packages/anndata/utils.py:434: FutureWarning: Importing read_excel from `anndata` is deprecated. Import anndata.io.read_excel instead.
  warnings.warn(msg, FutureWarning)
/home/zhangpeiru/.conda/envs/MetqQ2/lib/python3.11/site-packages/anndata/utils.py:434: FutureWarning: Importing read_mtx from `anndata` is deprecated. Import anndata.io.read_mtx instead.
  warnings.warn(msg, FutureWarning)
/home/zhangpeiru/.conda/envs/MetqQ2/lib/python3.11/site-packages/anndata/utils.py:434: FutureWarning: Importing read_loom from `anndata` is deprecated. Import anndata.io.read_loom instead.
  warnings.warn(msg, FutureWarning)
/home/zhangpeiru/.conda/envs/MetqQ2/lib/python3.11/site-packages/anndata/utils.py:434: FutureWarning: Importing read_hdf from `anndata` is deprecated. Import anndata.io.read_hdf instead.
  warnings.warn(msg, FutureWarning)
/home/zhangpeiru/.conda/envs/MetqQ2/lib/python3.11/site-packages/anndata/utils.py:434: FutureWarning: Importing read_umi_tools from `anndata` is deprecated. Import anndata.io.read_umi_tools instead.
  warnings.warn(msg, FutureWarning)
/home/zhangpeiru/.conda/envs/MetqQ2/lib/python3.11/site-packages/scanpy/preprocessing/_highly_variable_genes.py:220: FutureWarning: The default of observed=False is deprecated and will be changed to True in a future version of pandas. Pass observed=False to retain current behavior or observed=True to adopt the future default and silence this warning.
  disp_grouped = df.groupby('mean_bin')['dispersions']
/home/zhangpeiru/.conda/envs/MetqQ2/lib/python3.11/site-packages/scanpy/preprocessing/_simple.py:843: UserWarning: Received a view of an AnnData. Making a copy.
  view_to_actual(adata)
=======Loading and Preprocessing Data=======
Data of 2 omics in total
revision_results/cache/subsets/D5_D5_rna_2000cells_seed1729_rare-Regulatory-T-cells-abundance0.002-seed915851.h5ad loaded with shape [2000, 1335]
revision_results/cache/subsets/D5_D5_adt_2000cells_seed1729_rare-Regulatory-T-cells-abundance0.002-seed915851.h5ad loaded with shape [2000, 189]
2026-08-29 16:20:01,119 INFO Loading faiss with AVX512 support.
2026-08-29 16:20:01,135 INFO Successfully loaded faiss with AVX512 support.
2026-08-29 16:20:01,138 INFO Failed to load GPU Faiss: name 'GpuIndexIVFFlat' is not defined. Will not load constructor refs for GPU indexes. This is only an error if you're trying to use GPU Faiss.
WARNING clustering 512 points to 40 centroids: please provide at least 1560 training points
GARQ Initialization completed.
/home/zhangpeiru/.conda/envs/MetqQ2/lib/python3.11/site-packages/torch/autograd/__init__.py:251: UserWarning: Memory Efficient attention defaults to a non-deterministic algorithm. To explicitly enable determinism call torch.use_deterministic_algorithms(True, warn_only=False). (Triggered internally at ../aten/src/ATen/native/transformers/cuda/attention_backward.cu:413.)
  Variable._execution_engine.run_backward(  # Calls into the C++ engine to run the backward pass
Epoch 1, RNA: recon_loss=0.5034 , ADT: recon_loss=12.8320 
/data/zhangpeiru/GARQ_revision/model.py:121: UserWarning: cumsum_cuda_kernel does not have a deterministic implementation, but you set 'torch.use_deterministic_algorithms(True, warn_only=True)'. You can file an issue at https://github.com/pytorch/pytorch/issues to help us prioritize adding deterministic support for this operation. (Triggered internally at ../aten/src/ATen/Context.cpp:71.)
  dis_indices = torch.multinomial(
/data/zhangpeiru/GARQ_revision/data_utils.py:131: RuntimeWarning: Mean of empty slice.
  [data[meta_ids == i].mean(axis=0) for i in range(meta_ids.max() + 1)]
/home/zhangpeiru/.conda/envs/MetqQ2/lib/python3.11/site-packages/numpy/core/_methods.py:121: RuntimeWarning: divide by zero encountered in divide
  ret = um.true_divide(
/home/zhangpeiru/.conda/envs/MetqQ2/lib/python3.11/site-packages/numpy/core/_methods.py:121: RuntimeWarning: invalid value encountered in divide
  ret = um.true_divide(
/data/zhangpeiru/GARQ_revision/data_utils.py:140: UserWarning: The given NumPy array is not writable, and PyTorch does not support non-writable tensors. This means writing to this tensor will result in undefined behavior. You may want to copy the array to protect its data or make it writable before converting it to a tensor. This type of warning will be suppressed for the rest of this program. (Triggered internally at ../torch/csrc/utils/tensor_numpy.cpp:206.)
  type_int = torch.from_numpy(adata.obs[args.type_key].cat.codes.values).long()
/data/zhangpeiru/GARQ_revision/data_utils.py:131: RuntimeWarning: Mean of empty slice.
  [data[meta_ids == i].mean(axis=0) for i in range(meta_ids.max() + 1)]
/home/zhangpeiru/.conda/envs/MetqQ2/lib/python3.11/site-packages/numpy/core/_methods.py:121: RuntimeWarning: divide by zero encountered in divide
  ret = um.true_divide(
/home/zhangpeiru/.conda/envs/MetqQ2/lib/python3.11/site-packages/numpy/core/_methods.py:121: RuntimeWarning: invalid value encountered in divide
  ret = um.true_divide(
/home/zhangpeiru/.conda/envs/MetqQ2/lib/python3.11/site-packages/louvain/__init__.py:54: UserWarning: pkg_resources is deprecated as an API. See https://setuptools.pypa.io/en/latest/pkg_resources.html. The pkg_resources package is slated for removal as early as 2025-11-30. Refrain from using this package or pin to Setuptools<81.
  from pkg_resources import get_distribution, DistributionNotFound
/home/zhangpeiru/.conda/envs/MetqQ2/lib/python3.11/site-packages/anndata/utils.py:434: FutureWarning: Importing read_csv from `anndata` is deprecated. Import anndata.io.read_csv instead.
  warnings.warn(msg, FutureWarning)
/home/zhangpeiru/.conda/envs/MetqQ2/lib/python3.11/site-packages/anndata/utils.py:434: FutureWarning: Importing read_text from `anndata` is deprecated. Import anndata.io.read_text instead.
  warnings.warn(msg, FutureWarning)
/home/zhangpeiru/.conda/envs/MetqQ2/lib/python3.11/site-packages/anndata/utils.py:434: FutureWarning: Importing read_excel from `anndata` is deprecated. Import anndata.io.read_excel instead.
  warnings.warn(msg, FutureWarning)
/home/zhangpeiru/.conda/envs/MetqQ2/lib/python3.11/site-packages/anndata/utils.py:434: FutureWarning: Importing read_mtx from `anndata` is deprecated. Import anndata.io.read_mtx instead.
  warnings.warn(msg, FutureWarning)
/home/zhangpeiru/.conda/envs/MetqQ2/lib/python3.11/site-packages/anndata/utils.py:434: FutureWarning: Importing read_loom from `anndata` is deprecated. Import anndata.io.read_loom instead.
  warnings.warn(msg, FutureWarning)
/home/zhangpeiru/.conda/envs/MetqQ2/lib/python3.11/site-packages/anndata/utils.py:434: FutureWarning: Importing read_hdf from `anndata` is deprecated. Import anndata.io.read_hdf instead.
  warnings.warn(msg, FutureWarning)
/home/zhangpeiru/.conda/envs/MetqQ2/lib/python3.11/site-packages/anndata/utils.py:434: FutureWarning: Importing read_umi_tools from `anndata` is deprecated. Import anndata.io.read_umi_tools instead.
  warnings.warn(msg, FutureWarning)
/home/zhangpeiru/.conda/envs/MetqQ2/lib/python3.11/site-packages/scanpy/preprocessing/_highly_variable_genes.py:220: FutureWarning: The default of observed=False is deprecated and will be changed to True in a future version of pandas. Pass observed=False to retain current behavior or observed=True to adopt the future default and silence this warning.
  disp_grouped = df.groupby('mean_bin')['dispersions']
/home/zhangpeiru/.conda/envs/MetqQ2/lib/python3.11/site-packages/scanpy/preprocessing/_simple.py:843: UserWarning: Received a view of an AnnData. Making a copy.
  view_to_actual(adata)
=======Loading and Preprocessing Data=======
Data of 2 omics in total
revision_results/cache/subsets/D5_D5_rna_2000cells_seed1729_rare-Regulatory-T-cells-abundance0.002-seed719238.h5ad loaded with shape [2000, 1426]
revision_results/cache/subsets/D5_D5_adt_2000cells_seed1729_rare-Regulatory-T-cells-abundance0.002-seed719238.h5ad loaded with shape [2000, 189]
2026-08-29 16:20:13,782 INFO Loading faiss with AVX512 support.
2026-08-29 16:20:13,803 INFO Successfully loaded faiss with AVX512 support.
2026-08-29 16:20:13,808 INFO Failed to load GPU Faiss: name 'GpuIndexIVFFlat' is not defined. Will not load constructor refs for GPU indexes. This is only an error if you're trying to use GPU Faiss.
WARNING clustering 512 points to 40 centroids: please provide at least 1560 training points
GARQ Initialization completed.
/home/zhangpeiru/.conda/envs/MetqQ2/lib/python3.11/site-packages/torch/autograd/__init__.py:251: UserWarning: Memory Efficient attention defaults to a non-deterministic algorithm. To explicitly enable determinism call torch.use_deterministic_algorithms(True, warn_only=False). (Triggered internally at ../aten/src/ATen/native/transformers/cuda/attention_backward.cu:413.)
  Variable._execution_engine.run_backward(  # Calls into the C++ engine to run the backward pass
Epoch 1, RNA: recon_loss=0.4952 , ADT: recon_loss=12.6790 
/data/zhangpeiru/GARQ_revision/model.py:121: UserWarning: cumsum_cuda_kernel does not have a deterministic implementation, but you set 'torch.use_deterministic_algorithms(True, warn_only=True)'. You can file an issue at https://github.com/pytorch/pytorch/issues to help us prioritize adding deterministic support for this operation. (Triggered internally at ../aten/src/ATen/Context.cpp:71.)
  dis_indices = torch.multinomial(
/data/zhangpeiru/GARQ_revision/data_utils.py:140: UserWarning: The given NumPy array is not writable, and PyTorch does not support non-writable tensors. This means writing to this tensor will result in undefined behavior. You may want to copy the array to protect its data or make it writable before converting it to a tensor. This type of warning will be suppressed for the rest of this program. (Triggered internally at ../torch/csrc/utils/tensor_numpy.cpp:206.)
  type_int = torch.from_numpy(adata.obs[args.type_key].cat.codes.values).long()
/home/zhangpeiru/.conda/envs/MetqQ2/lib/python3.11/site-packages/louvain/__init__.py:54: UserWarning: pkg_resources is deprecated as an API. See https://setuptools.pypa.io/en/latest/pkg_resources.html. The pkg_resources package is slated for removal as early as 2025-11-30. Refrain from using this package or pin to Setuptools<81.
  from pkg_resources import get_distribution, DistributionNotFound
/home/zhangpeiru/.conda/envs/MetqQ2/lib/python3.11/site-packages/anndata/utils.py:434: FutureWarning: Importing read_csv from `anndata` is deprecated. Import anndata.io.read_csv instead.
  warnings.warn(msg, FutureWarning)
/home/zhangpeiru/.conda/envs/MetqQ2/lib/python3.11/site-packages/anndata/utils.py:434: FutureWarning: Importing read_text from `anndata` is deprecated. Import anndata.io.read_text instead.
  warnings.warn(msg, FutureWarning)
/home/zhangpeiru/.conda/envs/MetqQ2/lib/python3.11/site-packages/anndata/utils.py:434: FutureWarning: Importing read_excel from `anndata` is deprecated. Import anndata.io.read_excel instead.
  warnings.warn(msg, FutureWarning)
/home/zhangpeiru/.conda/envs/MetqQ2/lib/python3.11/site-packages/anndata/utils.py:434: FutureWarning: Importing read_mtx from `anndata` is deprecated. Import anndata.io.read_mtx instead.
  warnings.warn(msg, FutureWarning)
/home/zhangpeiru/.conda/envs/MetqQ2/lib/python3.11/site-packages/anndata/utils.py:434: FutureWarning: Importing read_loom from `anndata` is deprecated. Import anndata.io.read_loom instead.
  warnings.warn(msg, FutureWarning)
/home/zhangpeiru/.conda/envs/MetqQ2/lib/python3.11/site-packages/anndata/utils.py:434: FutureWarning: Importing read_hdf from `anndata` is deprecated. Import anndata.io.read_hdf instead.
  warnings.warn(msg, FutureWarning)
/home/zhangpeiru/.conda/envs/MetqQ2/lib/python3.11/site-packages/anndata/utils.py:434: FutureWarning: Importing read_umi_tools from `anndata` is deprecated. Import anndata.io.read_umi_tools instead.
  warnings.warn(msg, FutureWarning)
/home/zhangpeiru/.conda/envs/MetqQ2/lib/python3.11/site-packages/scanpy/preprocessing/_highly_variable_genes.py:220: FutureWarning: The default of observed=False is deprecated and will be changed to True in a future version of pandas. Pass observed=False to retain current behavior or observed=True to adopt the future default and silence this warning.
  disp_grouped = df.groupby('mean_bin')['dispersions']
/home/zhangpeiru/.conda/envs/MetqQ2/lib/python3.11/site-packages/scanpy/preprocessing/_simple.py:843: UserWarning: Received a view of an AnnData. Making a copy.
  view_to_actual(adata)
=======Loading and Preprocessing Data=======
Data of 2 omics in total
revision_results/cache/subsets/D5_D5_rna_2000cells_seed1729_rare-Regulatory-T-cells-abundance0.005-seed401870.h5ad loaded with shape [2000, 1340]
revision_results/cache/subsets/D5_D5_adt_2000cells_seed1729_rare-Regulatory-T-cells-abundance0.005-seed401870.h5ad loaded with shape [2000, 189]
2026-08-29 16:20:26,481 INFO Loading faiss with AVX512 support.
2026-08-29 16:20:26,503 INFO Successfully loaded faiss with AVX512 support.
2026-08-29 16:20:26,507 INFO Failed to load GPU Faiss: name 'GpuIndexIVFFlat' is not defined. Will not load constructor refs for GPU indexes. This is only an error if you're trying to use GPU Faiss.
WARNING clustering 512 points to 40 centroids: please provide at least 1560 training points
GARQ Initialization completed.
/home/zhangpeiru/.conda/envs/MetqQ2/lib/python3.11/site-packages/torch/autograd/__init__.py:251: UserWarning: Memory Efficient attention defaults to a non-deterministic algorithm. To explicitly enable determinism call torch.use_deterministic_algorithms(True, warn_only=False). (Triggered internally at ../aten/src/ATen/native/transformers/cuda/attention_backward.cu:413.)
  Variable._execution_engine.run_backward(  # Calls into the C++ engine to run the backward pass
Epoch 1, RNA: recon_loss=0.4932 , ADT: recon_loss=13.8866 
/data/zhangpeiru/GARQ_revision/model.py:121: UserWarning: cumsum_cuda_kernel does not have a deterministic implementation, but you set 'torch.use_deterministic_algorithms(True, warn_only=True)'. You can file an issue at https://github.com/pytorch/pytorch/issues to help us prioritize adding deterministic support for this operation. (Triggered internally at ../aten/src/ATen/Context.cpp:71.)
  dis_indices = torch.multinomial(
/data/zhangpeiru/GARQ_revision/data_utils.py:131: RuntimeWarning: Mean of empty slice.
  [data[meta_ids == i].mean(axis=0) for i in range(meta_ids.max() + 1)]
/home/zhangpeiru/.conda/envs/MetqQ2/lib/python3.11/site-packages/numpy/core/_methods.py:121: RuntimeWarning: divide by zero encountered in divide
  ret = um.true_divide(
/home/zhangpeiru/.conda/envs/MetqQ2/lib/python3.11/site-packages/numpy/core/_methods.py:121: RuntimeWarning: invalid value encountered in divide
  ret = um.true_divide(
/data/zhangpeiru/GARQ_revision/data_utils.py:140: UserWarning: The given NumPy array is not writable, and PyTorch does not support non-writable tensors. This means writing to this tensor will result in undefined behavior. You may want to copy the array to protect its data or make it writable before converting it to a tensor. This type of warning will be suppressed for the rest of this program. (Triggered internally at ../torch/csrc/utils/tensor_numpy.cpp:206.)
  type_int = torch.from_numpy(adata.obs[args.type_key].cat.codes.values).long()
/data/zhangpeiru/GARQ_revision/data_utils.py:131: RuntimeWarning: Mean of empty slice.
  [data[meta_ids == i].mean(axis=0) for i in range(meta_ids.max() + 1)]
/home/zhangpeiru/.conda/envs/MetqQ2/lib/python3.11/site-packages/numpy/core/_methods.py:121: RuntimeWarning: divide by zero encountered in divide
  ret = um.true_divide(
/home/zhangpeiru/.conda/envs/MetqQ2/lib/python3.11/site-packages/numpy/core/_methods.py:121: RuntimeWarning: invalid value encountered in divide
  ret = um.true_divide(
/home/zhangpeiru/.conda/envs/MetqQ2/lib/python3.11/site-packages/louvain/__init__.py:54: UserWarning: pkg_resources is deprecated as an API. See https://setuptools.pypa.io/en/latest/pkg_resources.html. The pkg_resources package is slated for removal as early as 2025-11-30. Refrain from using this package or pin to Setuptools<81.
  from pkg_resources import get_distribution, DistributionNotFound
/home/zhangpeiru/.conda/envs/MetqQ2/lib/python3.11/site-packages/anndata/utils.py:434: FutureWarning: Importing read_csv from `anndata` is deprecated. Import anndata.io.read_csv instead.
  warnings.warn(msg, FutureWarning)
/home/zhangpeiru/.conda/envs/MetqQ2/lib/python3.11/site-packages/anndata/utils.py:434: FutureWarning: Importing read_text from `anndata` is deprecated. Import anndata.io.read_text instead.
  warnings.warn(msg, FutureWarning)
/home/zhangpeiru/.conda/envs/MetqQ2/lib/python3.11/site-packages/anndata/utils.py:434: FutureWarning: Importing read_excel from `anndata` is deprecated. Import anndata.io.read_excel instead.
  warnings.warn(msg, FutureWarning)
/home/zhangpeiru/.conda/envs/MetqQ2/lib/python3.11/site-packages/anndata/utils.py:434: FutureWarning: Importing read_mtx from `anndata` is deprecated. Import anndata.io.read_mtx instead.
  warnings.warn(msg, FutureWarning)
/home/zhangpeiru/.conda/envs/MetqQ2/lib/python3.11/site-packages/anndata/utils.py:434: FutureWarning: Importing read_loom from `anndata` is deprecated. Import anndata.io.read_loom instead.
  warnings.warn(msg, FutureWarning)
/home/zhangpeiru/.conda/envs/MetqQ2/lib/python3.11/site-packages/anndata/utils.py:434: FutureWarning: Importing read_hdf from `anndata` is deprecated. Import anndata.io.read_hdf instead.
  warnings.warn(msg, FutureWarning)
/home/zhangpeiru/.conda/envs/MetqQ2/lib/python3.11/site-packages/anndata/utils.py:434: FutureWarning: Importing read_umi_tools from `anndata` is deprecated. Import anndata.io.read_umi_tools instead.
  warnings.warn(msg, FutureWarning)
/home/zhangpeiru/.conda/envs/MetqQ2/lib/python3.11/site-packages/scanpy/preprocessing/_highly_variable_genes.py:220: FutureWarning: The default of observed=False is deprecated and will be changed to True in a future version of pandas. Pass observed=False to retain current behavior or observed=True to adopt the future default and silence this warning.
  disp_grouped = df.groupby('mean_bin')['dispersions']
/home/zhangpeiru/.conda/envs/MetqQ2/lib/python3.11/site-packages/scanpy/preprocessing/_simple.py:843: UserWarning: Received a view of an AnnData. Making a copy.
  view_to_actual(adata)
=======Loading and Preprocessing Data=======
Data of 2 omics in total
revision_results/cache/subsets/D5_D5_rna_2000cells_seed1729_rare-Regulatory-T-cells-abundance0.005-seed403041.h5ad loaded with shape [2000, 1367]
revision_results/cache/subsets/D5_D5_adt_2000cells_seed1729_rare-Regulatory-T-cells-abundance0.005-seed403041.h5ad loaded with shape [2000, 189]
2026-08-29 16:20:39,675 INFO Loading faiss with AVX512 support.
2026-08-29 16:20:39,696 INFO Successfully loaded faiss with AVX512 support.
2026-08-29 16:20:39,711 INFO Failed to load GPU Faiss: name 'GpuIndexIVFFlat' is not defined. Will not load constructor refs for GPU indexes. This is only an error if you're trying to use GPU Faiss.
WARNING clustering 512 points to 40 centroids: please provide at least 1560 training points
GARQ Initialization completed.
/home/zhangpeiru/.conda/envs/MetqQ2/lib/python3.11/site-packages/torch/autograd/__init__.py:251: UserWarning: Memory Efficient attention defaults to a non-deterministic algorithm. To explicitly enable determinism call torch.use_deterministic_algorithms(True, warn_only=False). (Triggered internally at ../aten/src/ATen/native/transformers/cuda/attention_backward.cu:413.)
  Variable._execution_engine.run_backward(  # Calls into the C++ engine to run the backward pass
Epoch 1, RNA: recon_loss=0.4993 , ADT: recon_loss=14.1196 
/data/zhangpeiru/GARQ_revision/model.py:121: UserWarning: cumsum_cuda_kernel does not have a deterministic implementation, but you set 'torch.use_deterministic_algorithms(True, warn_only=True)'. You can file an issue at https://github.com/pytorch/pytorch/issues to help us prioritize adding deterministic support for this operation. (Triggered internally at ../aten/src/ATen/Context.cpp:71.)
  dis_indices = torch.multinomial(
/data/zhangpeiru/GARQ_revision/data_utils.py:131: RuntimeWarning: Mean of empty slice.
  [data[meta_ids == i].mean(axis=0) for i in range(meta_ids.max() + 1)]
/home/zhangpeiru/.conda/envs/MetqQ2/lib/python3.11/site-packages/numpy/core/_methods.py:121: RuntimeWarning: divide by zero encountered in divide
  ret = um.true_divide(
/home/zhangpeiru/.conda/envs/MetqQ2/lib/python3.11/site-packages/numpy/core/_methods.py:121: RuntimeWarning: invalid value encountered in divide
  ret = um.true_divide(
/data/zhangpeiru/GARQ_revision/data_utils.py:140: UserWarning: The given NumPy array is not writable, and PyTorch does not support non-writable tensors. This means writing to this tensor will result in undefined behavior. You may want to copy the array to protect its data or make it writable before converting it to a tensor. This type of warning will be suppressed for the rest of this program. (Triggered internally at ../torch/csrc/utils/tensor_numpy.cpp:206.)
  type_int = torch.from_numpy(adata.obs[args.type_key].cat.codes.values).long()
/data/zhangpeiru/GARQ_revision/data_utils.py:131: RuntimeWarning: Mean of empty slice.
  [data[meta_ids == i].mean(axis=0) for i in range(meta_ids.max() + 1)]
/home/zhangpeiru/.conda/envs/MetqQ2/lib/python3.11/site-packages/numpy/core/_methods.py:121: RuntimeWarning: divide by zero encountered in divide
  ret = um.true_divide(
/home/zhangpeiru/.conda/envs/MetqQ2/lib/python3.11/site-packages/numpy/core/_methods.py:121: RuntimeWarning: invalid value encountered in divide
  ret = um.true_divide(
/home/zhangpeiru/.conda/envs/MetqQ2/lib/python3.11/site-packages/louvain/__init__.py:54: UserWarning: pkg_resources is deprecated as an API. See https://setuptools.pypa.io/en/latest/pkg_resources.html. The pkg_resources package is slated for removal as early as 2025-11-30. Refrain from using this package or pin to Setuptools<81.
  from pkg_resources import get_distribution, DistributionNotFound
/home/zhangpeiru/.conda/envs/MetqQ2/lib/python3.11/site-packages/anndata/utils.py:434: FutureWarning: Importing read_csv from `anndata` is deprecated. Import anndata.io.read_csv instead.
  warnings.warn(msg, FutureWarning)
/home/zhangpeiru/.conda/envs/MetqQ2/lib/python3.11/site-packages/anndata/utils.py:434: FutureWarning: Importing read_text from `anndata` is deprecated. Import anndata.io.read_text instead.
  warnings.warn(msg, FutureWarning)
/home/zhangpeiru/.conda/envs/MetqQ2/lib/python3.11/site-packages/anndata/utils.py:434: FutureWarning: Importing read_excel from `anndata` is deprecated. Import anndata.io.read_excel instead.
  warnings.warn(msg, FutureWarning)
/home/zhangpeiru/.conda/envs/MetqQ2/lib/python3.11/site-packages/anndata/utils.py:434: FutureWarning: Importing read_mtx from `anndata` is deprecated. Import anndata.io.read_mtx instead.
  warnings.warn(msg, FutureWarning)
/home/zhangpeiru/.conda/envs/MetqQ2/lib/python3.11/site-packages/anndata/utils.py:434: FutureWarning: Importing read_loom from `anndata` is deprecated. Import anndata.io.read_loom instead.
  warnings.warn(msg, FutureWarning)
/home/zhangpeiru/.conda/envs/MetqQ2/lib/python3.11/site-packages/anndata/utils.py:434: FutureWarning: Importing read_hdf from `anndata` is deprecated. Import anndata.io.read_hdf instead.
  warnings.warn(msg, FutureWarning)
/home/zhangpeiru/.conda/envs/MetqQ2/lib/python3.11/site-packages/anndata/utils.py:434: FutureWarning: Importing read_umi_tools from `anndata` is deprecated. Import anndata.io.read_umi_tools instead.
  warnings.warn(msg, FutureWarning)
/home/zhangpeiru/.conda/envs/MetqQ2/lib/python3.11/site-packages/scanpy/preprocessing/_highly_variable_genes.py:220: FutureWarning: The default of observed=False is deprecated and will be changed to True in a future version of pandas. Pass observed=False to retain current behavior or observed=True to adopt the future default and silence this warning.
  disp_grouped = df.groupby('mean_bin')['dispersions']
/home/zhangpeiru/.conda/envs/MetqQ2/lib/python3.11/site-packages/scanpy/preprocessing/_simple.py:843: UserWarning: Received a view of an AnnData. Making a copy.
  view_to_actual(adata)
=======Loading and Preprocessing Data=======
Data of 2 omics in total
revision_results/cache/subsets/D5_D5_rna_2000cells_seed1729_rare-Regulatory-T-cells-abundance0.005-seed557347.h5ad loaded with shape [2000, 1389]
revision_results/cache/subsets/D5_D5_adt_2000cells_seed1729_rare-Regulatory-T-cells-abundance0.005-seed557347.h5ad loaded with shape [2000, 189]
2026-08-29 16:20:53,062 INFO Loading faiss with AVX512 support.
2026-08-29 16:20:53,086 INFO Successfully loaded faiss with AVX512 support.
2026-08-29 16:20:53,090 INFO Failed to load GPU Faiss: name 'GpuIndexIVFFlat' is not defined. Will not load constructor refs for GPU indexes. This is only an error if you're trying to use GPU Faiss.
WARNING clustering 512 points to 40 centroids: please provide at least 1560 training points
GARQ Initialization completed.
/home/zhangpeiru/.conda/envs/MetqQ2/lib/python3.11/site-packages/torch/autograd/__init__.py:251: UserWarning: Memory Efficient attention defaults to a non-deterministic algorithm. To explicitly enable determinism call torch.use_deterministic_algorithms(True, warn_only=False). (Triggered internally at ../aten/src/ATen/native/transformers/cuda/attention_backward.cu:413.)
  Variable._execution_engine.run_backward(  # Calls into the C++ engine to run the backward pass
Epoch 1, RNA: recon_loss=0.4927 , ADT: recon_loss=14.1858 
/data/zhangpeiru/GARQ_revision/model.py:121: UserWarning: cumsum_cuda_kernel does not have a deterministic implementation, but you set 'torch.use_deterministic_algorithms(True, warn_only=True)'. You can file an issue at https://github.com/pytorch/pytorch/issues to help us prioritize adding deterministic support for this operation. (Triggered internally at ../aten/src/ATen/Context.cpp:71.)
  dis_indices = torch.multinomial(
/data/zhangpeiru/GARQ_revision/data_utils.py:131: RuntimeWarning: Mean of empty slice.
  [data[meta_ids == i].mean(axis=0) for i in range(meta_ids.max() + 1)]
/home/zhangpeiru/.conda/envs/MetqQ2/lib/python3.11/site-packages/numpy/core/_methods.py:121: RuntimeWarning: divide by zero encountered in divide
  ret = um.true_divide(
/home/zhangpeiru/.conda/envs/MetqQ2/lib/python3.11/site-packages/numpy/core/_methods.py:121: RuntimeWarning: invalid value encountered in divide
  ret = um.true_divide(
/data/zhangpeiru/GARQ_revision/data_utils.py:140: UserWarning: The given NumPy array is not writable, and PyTorch does not support non-writable tensors. This means writing to this tensor will result in undefined behavior. You may want to copy the array to protect its data or make it writable before converting it to a tensor. This type of warning will be suppressed for the rest of this program. (Triggered internally at ../torch/csrc/utils/tensor_numpy.cpp:206.)
  type_int = torch.from_numpy(adata.obs[args.type_key].cat.codes.values).long()
/data/zhangpeiru/GARQ_revision/data_utils.py:131: RuntimeWarning: Mean of empty slice.
  [data[meta_ids == i].mean(axis=0) for i in range(meta_ids.max() + 1)]
/home/zhangpeiru/.conda/envs/MetqQ2/lib/python3.11/site-packages/numpy/core/_methods.py:121: RuntimeWarning: divide by zero encountered in divide
  ret = um.true_divide(
/home/zhangpeiru/.conda/envs/MetqQ2/lib/python3.11/site-packages/numpy/core/_methods.py:121: RuntimeWarning: invalid value encountered in divide
  ret = um.true_divide(
/home/zhangpeiru/.conda/envs/MetqQ2/lib/python3.11/site-packages/louvain/__init__.py:54: UserWarning: pkg_resources is deprecated as an API. See https://setuptools.pypa.io/en/latest/pkg_resources.html. The pkg_resources package is slated for removal as early as 2025-11-30. Refrain from using this package or pin to Setuptools<81.
  from pkg_resources import get_distribution, DistributionNotFound
/home/zhangpeiru/.conda/envs/MetqQ2/lib/python3.11/site-packages/anndata/utils.py:434: FutureWarning: Importing read_csv from `anndata` is deprecated. Import anndata.io.read_csv instead.
  warnings.warn(msg, FutureWarning)
/home/zhangpeiru/.conda/envs/MetqQ2/lib/python3.11/site-packages/anndata/utils.py:434: FutureWarning: Importing read_text from `anndata` is deprecated. Import anndata.io.read_text instead.
  warnings.warn(msg, FutureWarning)
/home/zhangpeiru/.conda/envs/MetqQ2/lib/python3.11/site-packages/anndata/utils.py:434: FutureWarning: Importing read_excel from `anndata` is deprecated. Import anndata.io.read_excel instead.
  warnings.warn(msg, FutureWarning)
/home/zhangpeiru/.conda/envs/MetqQ2/lib/python3.11/site-packages/anndata/utils.py:434: FutureWarning: Importing read_mtx from `anndata` is deprecated. Import anndata.io.read_mtx instead.
  warnings.warn(msg, FutureWarning)
/home/zhangpeiru/.conda/envs/MetqQ2/lib/python3.11/site-packages/anndata/utils.py:434: FutureWarning: Importing read_loom from `anndata` is deprecated. Import anndata.io.read_loom instead.
  warnings.warn(msg, FutureWarning)
/home/zhangpeiru/.conda/envs/MetqQ2/lib/python3.11/site-packages/anndata/utils.py:434: FutureWarning: Importing read_hdf from `anndata` is deprecated. Import anndata.io.read_hdf instead.
  warnings.warn(msg, FutureWarning)
/home/zhangpeiru/.conda/envs/MetqQ2/lib/python3.11/site-packages/anndata/utils.py:434: FutureWarning: Importing read_umi_tools from `anndata` is deprecated. Import anndata.io.read_umi_tools instead.
  warnings.warn(msg, FutureWarning)
/home/zhangpeiru/.conda/envs/MetqQ2/lib/python3.11/site-packages/scanpy/preprocessing/_highly_variable_genes.py:220: FutureWarning: The default of observed=False is deprecated and will be changed to True in a future version of pandas. Pass observed=False to retain current behavior or observed=True to adopt the future default and silence this warning.
  disp_grouped = df.groupby('mean_bin')['dispersions']
/home/zhangpeiru/.conda/envs/MetqQ2/lib/python3.11/site-packages/scanpy/preprocessing/_simple.py:843: UserWarning: Received a view of an AnnData. Making a copy.
  view_to_actual(adata)
=======Loading and Preprocessing Data=======
Data of 2 omics in total
revision_results/cache/subsets/D5_D5_rna_2000cells_seed1729_rare-Regulatory-T-cells-abundance0.005-seed727745.h5ad loaded with shape [2000, 1317]
revision_results/cache/subsets/D5_D5_adt_2000cells_seed1729_rare-Regulatory-T-cells-abundance0.005-seed727745.h5ad loaded with shape [2000, 189]
2026-08-29 16:21:05,061 INFO Loading faiss with AVX512 support.
2026-08-29 16:21:05,081 INFO Successfully loaded faiss with AVX512 support.
2026-08-29 16:21:05,085 INFO Failed to load GPU Faiss: name 'GpuIndexIVFFlat' is not defined. Will not load constructor refs for GPU indexes. This is only an error if you're trying to use GPU Faiss.
WARNING clustering 512 points to 40 centroids: please provide at least 1560 training points
GARQ Initialization completed.
/home/zhangpeiru/.conda/envs/MetqQ2/lib/python3.11/site-packages/torch/autograd/__init__.py:251: UserWarning: Memory Efficient attention defaults to a non-deterministic algorithm. To explicitly enable determinism call torch.use_deterministic_algorithms(True, warn_only=False). (Triggered internally at ../aten/src/ATen/native/transformers/cuda/attention_backward.cu:413.)
  Variable._execution_engine.run_backward(  # Calls into the C++ engine to run the backward pass
Epoch 1, RNA: recon_loss=0.5304 , ADT: recon_loss=13.3211 
/data/zhangpeiru/GARQ_revision/model.py:121: UserWarning: cumsum_cuda_kernel does not have a deterministic implementation, but you set 'torch.use_deterministic_algorithms(True, warn_only=True)'. You can file an issue at https://github.com/pytorch/pytorch/issues to help us prioritize adding deterministic support for this operation. (Triggered internally at ../aten/src/ATen/Context.cpp:71.)
  dis_indices = torch.multinomial(
/data/zhangpeiru/GARQ_revision/data_utils.py:131: RuntimeWarning: Mean of empty slice.
  [data[meta_ids == i].mean(axis=0) for i in range(meta_ids.max() + 1)]
/home/zhangpeiru/.conda/envs/MetqQ2/lib/python3.11/site-packages/numpy/core/_methods.py:121: RuntimeWarning: divide by zero encountered in divide
  ret = um.true_divide(
/home/zhangpeiru/.conda/envs/MetqQ2/lib/python3.11/site-packages/numpy/core/_methods.py:121: RuntimeWarning: invalid value encountered in divide
  ret = um.true_divide(
/data/zhangpeiru/GARQ_revision/data_utils.py:140: UserWarning: The given NumPy array is not writable, and PyTorch does not support non-writable tensors. This means writing to this tensor will result in undefined behavior. You may want to copy the array to protect its data or make it writable before converting it to a tensor. This type of warning will be suppressed for the rest of this program. (Triggered internally at ../torch/csrc/utils/tensor_numpy.cpp:206.)
  type_int = torch.from_numpy(adata.obs[args.type_key].cat.codes.values).long()
/data/zhangpeiru/GARQ_revision/data_utils.py:131: RuntimeWarning: Mean of empty slice.
  [data[meta_ids == i].mean(axis=0) for i in range(meta_ids.max() + 1)]
/home/zhangpeiru/.conda/envs/MetqQ2/lib/python3.11/site-packages/numpy/core/_methods.py:121: RuntimeWarning: divide by zero encountered in divide
  ret = um.true_divide(
/home/zhangpeiru/.conda/envs/MetqQ2/lib/python3.11/site-packages/numpy/core/_methods.py:121: RuntimeWarning: invalid value encountered in divide
  ret = um.true_divide(
/home/zhangpeiru/.conda/envs/MetqQ2/lib/python3.11/site-packages/louvain/__init__.py:54: UserWarning: pkg_resources is deprecated as an API. See https://setuptools.pypa.io/en/latest/pkg_resources.html. The pkg_resources package is slated for removal as early as 2025-11-30. Refrain from using this package or pin to Setuptools<81.
  from pkg_resources import get_distribution, DistributionNotFound
/home/zhangpeiru/.conda/envs/MetqQ2/lib/python3.11/site-packages/anndata/utils.py:434: FutureWarning: Importing read_csv from `anndata` is deprecated. Import anndata.io.read_csv instead.
  warnings.warn(msg, FutureWarning)
/home/zhangpeiru/.conda/envs/MetqQ2/lib/python3.11/site-packages/anndata/utils.py:434: FutureWarning: Importing read_text from `anndata` is deprecated. Import anndata.io.read_text instead.
  warnings.warn(msg, FutureWarning)
/home/zhangpeiru/.conda/envs/MetqQ2/lib/python3.11/site-packages/anndata/utils.py:434: FutureWarning: Importing read_excel from `anndata` is deprecated. Import anndata.io.read_excel instead.
  warnings.warn(msg, FutureWarning)
/home/zhangpeiru/.conda/envs/MetqQ2/lib/python3.11/site-packages/anndata/utils.py:434: FutureWarning: Importing read_mtx from `anndata` is deprecated. Import anndata.io.read_mtx instead.
  warnings.warn(msg, FutureWarning)
/home/zhangpeiru/.conda/envs/MetqQ2/lib/python3.11/site-packages/anndata/utils.py:434: FutureWarning: Importing read_loom from `anndata` is deprecated. Import anndata.io.read_loom instead.
  warnings.warn(msg, FutureWarning)
/home/zhangpeiru/.conda/envs/MetqQ2/lib/python3.11/site-packages/anndata/utils.py:434: FutureWarning: Importing read_hdf from `anndata` is deprecated. Import anndata.io.read_hdf instead.
  warnings.warn(msg, FutureWarning)
/home/zhangpeiru/.conda/envs/MetqQ2/lib/python3.11/site-packages/anndata/utils.py:434: FutureWarning: Importing read_umi_tools from `anndata` is deprecated. Import anndata.io.read_umi_tools instead.
  warnings.warn(msg, FutureWarning)
/home/zhangpeiru/.conda/envs/MetqQ2/lib/python3.11/site-packages/scanpy/preprocessing/_highly_variable_genes.py:220: FutureWarning: The default of observed=False is deprecated and will be changed to True in a future version of pandas. Pass observed=False to retain current behavior or observed=True to adopt the future default and silence this warning.
  disp_grouped = df.groupby('mean_bin')['dispersions']
/home/zhangpeiru/.conda/envs/MetqQ2/lib/python3.11/site-packages/scanpy/preprocessing/_simple.py:843: UserWarning: Received a view of an AnnData. Making a copy.
  view_to_actual(adata)
=======Loading and Preprocessing Data=======
Data of 2 omics in total
revision_results/cache/subsets/D5_D5_rna_2000cells_seed1729_rare-Regulatory-T-cells-abundance0.005-seed258251.h5ad loaded with shape [2000, 1390]
revision_results/cache/subsets/D5_D5_adt_2000cells_seed1729_rare-Regulatory-T-cells-abundance0.005-seed258251.h5ad loaded with shape [2000, 189]
2026-08-29 16:21:18,244 INFO Loading faiss with AVX512 support.
2026-08-29 16:21:18,271 INFO Successfully loaded faiss with AVX512 support.
2026-08-29 16:21:18,276 INFO Failed to load GPU Faiss: name 'GpuIndexIVFFlat' is not defined. Will not load constructor refs for GPU indexes. This is only an error if you're trying to use GPU Faiss.
WARNING clustering 512 points to 40 centroids: please provide at least 1560 training points
GARQ Initialization completed.
/home/zhangpeiru/.conda/envs/MetqQ2/lib/python3.11/site-packages/torch/autograd/__init__.py:251: UserWarning: Memory Efficient attention defaults to a non-deterministic algorithm. To explicitly enable determinism call torch.use_deterministic_algorithms(True, warn_only=False). (Triggered internally at ../aten/src/ATen/native/transformers/cuda/attention_backward.cu:413.)
  Variable._execution_engine.run_backward(  # Calls into the C++ engine to run the backward pass
Epoch 1, RNA: recon_loss=0.5061 , ADT: recon_loss=14.0861 
/data/zhangpeiru/GARQ_revision/model.py:121: UserWarning: cumsum_cuda_kernel does not have a deterministic implementation, but you set 'torch.use_deterministic_algorithms(True, warn_only=True)'. You can file an issue at https://github.com/pytorch/pytorch/issues to help us prioritize adding deterministic support for this operation. (Triggered internally at ../aten/src/ATen/Context.cpp:71.)
  dis_indices = torch.multinomial(
/data/zhangpeiru/GARQ_revision/data_utils.py:131: RuntimeWarning: Mean of empty slice.
  [data[meta_ids == i].mean(axis=0) for i in range(meta_ids.max() + 1)]
/home/zhangpeiru/.conda/envs/MetqQ2/lib/python3.11/site-packages/numpy/core/_methods.py:121: RuntimeWarning: divide by zero encountered in divide
  ret = um.true_divide(
/home/zhangpeiru/.conda/envs/MetqQ2/lib/python3.11/site-packages/numpy/core/_methods.py:121: RuntimeWarning: invalid value encountered in divide
  ret = um.true_divide(
/data/zhangpeiru/GARQ_revision/data_utils.py:140: UserWarning: The given NumPy array is not writable, and PyTorch does not support non-writable tensors. This means writing to this tensor will result in undefined behavior. You may want to copy the array to protect its data or make it writable before converting it to a tensor. This type of warning will be suppressed for the rest of this program. (Triggered internally at ../torch/csrc/utils/tensor_numpy.cpp:206.)
  type_int = torch.from_numpy(adata.obs[args.type_key].cat.codes.values).long()
/data/zhangpeiru/GARQ_revision/data_utils.py:131: RuntimeWarning: Mean of empty slice.
  [data[meta_ids == i].mean(axis=0) for i in range(meta_ids.max() + 1)]
/home/zhangpeiru/.conda/envs/MetqQ2/lib/python3.11/site-packages/numpy/core/_methods.py:121: RuntimeWarning: divide by zero encountered in divide
  ret = um.true_divide(
/home/zhangpeiru/.conda/envs/MetqQ2/lib/python3.11/site-packages/numpy/core/_methods.py:121: RuntimeWarning: invalid value encountered in divide
  ret = um.true_divide(
