/home/zhangpeiru/.conda/envs/MetqQ2/lib/python3.11/site-packages/louvain/__init__.py:54: UserWarning: pkg_resources is deprecated as an API. See https://setuptools.pypa.io/en/latest/pkg_resources.html. The pkg_resources package is slated for removal as early as 2025-11-30. Refrain from using this package or pin to Setuptools<81.
  from pkg_resources import get_distribution, DistributionNotFound
/home/zhangpeiru/.conda/envs/MetqQ2/lib/python3.11/site-packages/anndata/utils.py:434: FutureWarning: Importing read_csv from `anndata` is deprecated. Import anndata.io.read_csv instead.
  warnings.warn(msg, FutureWarning)
/home/zhangpeiru/.conda/envs/MetqQ2/lib/python3.11/site-packages/anndata/utils.py:434: FutureWarning: Importing read_text from `anndata` is deprecated. Import anndata.io.read_text instead.
  warnings.warn(msg, FutureWarning)
/home/zhangpeiru/.conda/envs/MetqQ2/lib/python3.11/site-packages/anndata/utils.py:434: FutureWarning: Importing read_excel from `anndata` is deprecated. Import anndata.io.read_excel instead.
  warnings.warn(msg, FutureWarning)
/home/zhangpeiru/.conda/envs/MetqQ2/lib/python3.11/site-packages/anndata/utils.py:434: FutureWarning: Importing read_mtx from `anndata` is deprecated. Import anndata.io.read_mtx instead.
  warnings.warn(msg, FutureWarning)
/home/zhangpeiru/.conda/envs/MetqQ2/lib/python3.11/site-packages/anndata/utils.py:434: FutureWarning: Importing read_loom from `anndata` is deprecated. Import anndata.io.read_loom instead.
  warnings.warn(msg, FutureWarning)
/home/zhangpeiru/.conda/envs/MetqQ2/lib/python3.11/site-packages/anndata/utils.py:434: FutureWarning: Importing read_hdf from `anndata` is deprecated. Import anndata.io.read_hdf instead.
  warnings.warn(msg, FutureWarning)
/home/zhangpeiru/.conda/envs/MetqQ2/lib/python3.11/site-packages/anndata/utils.py:434: FutureWarning: Importing read_umi_tools from `anndata` is deprecated. Import anndata.io.read_umi_tools instead.
  warnings.warn(msg, FutureWarning)
/home/zhangpeiru/.conda/envs/MetqQ2/lib/python3.11/site-packages/scanpy/preprocessing/_highly_variable_genes.py:220: FutureWarning: The default of observed=False is deprecated and will be changed to True in a future version of pandas. Pass observed=False to retain current behavior or observed=True to adopt the future default and silence this warning.
  disp_grouped = df.groupby('mean_bin')['dispersions']
/home/zhangpeiru/.conda/envs/MetqQ2/lib/python3.11/site-packages/scanpy/preprocessing/_simple.py:843: UserWarning: Received a view of an AnnData. Making a copy.
  view_to_actual(adata)
/home/zhangpeiru/.conda/envs/MetqQ2/lib/python3.11/site-packages/scanpy/preprocessing/_highly_variable_genes.py:220: FutureWarning: The default of observed=False is deprecated and will be changed to True in a future version of pandas. Pass observed=False to retain current behavior or observed=True to adopt the future default and silence this warning.
  disp_grouped = df.groupby('mean_bin')['dispersions']
/home/zhangpeiru/.conda/envs/MetqQ2/lib/python3.11/site-packages/scanpy/preprocessing/_simple.py:843: UserWarning: Received a view of an AnnData. Making a copy.
  view_to_actual(adata)
=======Loading and Preprocessing Data=======
Data of 2 omics in total
revision_results/cache/subsets/D17_kidney_rna_updated_2000cells_seed1729.h5ad loaded with shape [2000, 5515]
revision_results/cache/subsets/D17_kidney_atac_updated_2000cells_seed1729.h5ad loaded with shape [2000, 30000]
2026-08-29 16:58:12,091 INFO Loading faiss with AVX512 support.
2026-08-29 16:58:12,109 INFO Successfully loaded faiss with AVX512 support.
2026-08-29 16:58:12,112 INFO Failed to load GPU Faiss: name 'GpuIndexIVFFlat' is not defined. Will not load constructor refs for GPU indexes. This is only an error if you're trying to use GPU Faiss.
WARNING clustering 512 points to 40 centroids: please provide at least 1560 training points
GARQ Initialization completed.
/home/zhangpeiru/.conda/envs/MetqQ2/lib/python3.11/site-packages/torch/autograd/__init__.py:251: UserWarning: Deterministic behavior was enabled with either `torch.use_deterministic_algorithms(True)` or `at::Context::setDeterministicAlgorithms(true)`, but this operation is not deterministic because it uses CuBLAS and you have CUDA >= 10.2. To enable deterministic behavior in this case, you must set an environment variable before running your PyTorch application: CUBLAS_WORKSPACE_CONFIG=:4096:8 or CUBLAS_WORKSPACE_CONFIG=:16:8. For more information, go to https://docs.nvidia.com/cuda/cublas/index.html#cublasApi_reproducibility (Triggered internally at ../aten/src/ATen/Context.cpp:156.)
  Variable._execution_engine.run_backward(  # Calls into the C++ engine to run the backward pass
/home/zhangpeiru/.conda/envs/MetqQ2/lib/python3.11/site-packages/torch/autograd/__init__.py:251: UserWarning: Memory Efficient attention defaults to a non-deterministic algorithm. To explicitly enable determinism call torch.use_deterministic_algorithms(True, warn_only=False). (Triggered internally at ../aten/src/ATen/native/transformers/cuda/attention_backward.cu:413.)
  Variable._execution_engine.run_backward(  # Calls into the C++ engine to run the backward pass
Epoch 1, RNA: recon_loss=0.3752 , ATAC: recon_loss=0.6705 
/home/zhangpeiru/.conda/envs/MetqQ2/lib/python3.11/site-packages/torch/functional.py:377: UserWarning: Deterministic behavior was enabled with either `torch.use_deterministic_algorithms(True)` or `at::Context::setDeterministicAlgorithms(true)`, but this operation is not deterministic because it uses CuBLAS and you have CUDA >= 10.2. To enable deterministic behavior in this case, you must set an environment variable before running your PyTorch application: CUBLAS_WORKSPACE_CONFIG=:4096:8 or CUBLAS_WORKSPACE_CONFIG=:16:8. For more information, go to https://docs.nvidia.com/cuda/cublas/index.html#cublasApi_reproducibility (Triggered internally at ../aten/src/ATen/Context.cpp:156.)
  return _VF.einsum(equation, operands)  # type: ignore[attr-defined]
/data/zhangpeiru/GARQ_revision/model.py:60: UserWarning: Deterministic behavior was enabled with either `torch.use_deterministic_algorithms(True)` or `at::Context::setDeterministicAlgorithms(true)`, but this operation is not deterministic because it uses CuBLAS and you have CUDA >= 10.2. To enable deterministic behavior in this case, you must set an environment variable before running your PyTorch application: CUBLAS_WORKSPACE_CONFIG=:4096:8 or CUBLAS_WORKSPACE_CONFIG=:16:8. For more information, go to https://docs.nvidia.com/cuda/cublas/index.html#cublasApi_reproducibility (Triggered internally at ../aten/src/ATen/Context.cpp:156.)
  cell_sim = torch.matmul(normed_e, normed_e.T)
/data/zhangpeiru/GARQ_revision/model.py:78: UserWarning: Deterministic behavior was enabled with either `torch.use_deterministic_algorithms(True)` or `at::Context::setDeterministicAlgorithms(true)`, but this operation is not deterministic because it uses CuBLAS and you have CUDA >= 10.2. To enable deterministic behavior in this case, you must set an environment variable before running your PyTorch application: CUBLAS_WORKSPACE_CONFIG=:4096:8 or CUBLAS_WORKSPACE_CONFIG=:16:8. For more information, go to https://docs.nvidia.com/cuda/cublas/index.html#cublasApi_reproducibility (Triggered internally at ../aten/src/ATen/Context.cpp:156.)
  smoothed_sim = torch.matmul(adj, raw_sim)
/data/zhangpeiru/GARQ_revision/model.py:100: UserWarning: Deterministic behavior was enabled with either `torch.use_deterministic_algorithms(True)` or `at::Context::setDeterministicAlgorithms(true)`, but this operation is not deterministic because it uses CuBLAS and you have CUDA >= 10.2. To enable deterministic behavior in this case, you must set an environment variable before running your PyTorch application: CUBLAS_WORKSPACE_CONFIG=:4096:8 or CUBLAS_WORKSPACE_CONFIG=:16:8. For more information, go to https://docs.nvidia.com/cuda/cublas/index.html#cublasApi_reproducibility (Triggered internally at ../aten/src/ATen/Context.cpp:156.)
  e_q = torch.matmul(assignments, self.anchors.weight)
/data/zhangpeiru/GARQ_revision/model.py:121: UserWarning: cumsum_cuda_kernel does not have a deterministic implementation, but you set 'torch.use_deterministic_algorithms(True, warn_only=True)'. You can file an issue at https://github.com/pytorch/pytorch/issues to help us prioritize adding deterministic support for this operation. (Triggered internally at ../aten/src/ATen/Context.cpp:71.)
  dis_indices = torch.multinomial(
/data/zhangpeiru/GARQ_revision/data_utils.py:140: UserWarning: The given NumPy array is not writable, and PyTorch does not support non-writable tensors. This means writing to this tensor will result in undefined behavior. You may want to copy the array to protect its data or make it writable before converting it to a tensor. This type of warning will be suppressed for the rest of this program. (Triggered internally at ../torch/csrc/utils/tensor_numpy.cpp:206.)
  type_int = torch.from_numpy(adata.obs[args.type_key].cat.codes.values).long()
/home/zhangpeiru/.conda/envs/MetqQ2/lib/python3.11/site-packages/louvain/__init__.py:54: UserWarning: pkg_resources is deprecated as an API. See https://setuptools.pypa.io/en/latest/pkg_resources.html. The pkg_resources package is slated for removal as early as 2025-11-30. Refrain from using this package or pin to Setuptools<81.
  from pkg_resources import get_distribution, DistributionNotFound
/home/zhangpeiru/.conda/envs/MetqQ2/lib/python3.11/site-packages/anndata/utils.py:434: FutureWarning: Importing read_csv from `anndata` is deprecated. Import anndata.io.read_csv instead.
  warnings.warn(msg, FutureWarning)
/home/zhangpeiru/.conda/envs/MetqQ2/lib/python3.11/site-packages/anndata/utils.py:434: FutureWarning: Importing read_text from `anndata` is deprecated. Import anndata.io.read_text instead.
  warnings.warn(msg, FutureWarning)
/home/zhangpeiru/.conda/envs/MetqQ2/lib/python3.11/site-packages/anndata/utils.py:434: FutureWarning: Importing read_excel from `anndata` is deprecated. Import anndata.io.read_excel instead.
  warnings.warn(msg, FutureWarning)
/home/zhangpeiru/.conda/envs/MetqQ2/lib/python3.11/site-packages/anndata/utils.py:434: FutureWarning: Importing read_mtx from `anndata` is deprecated. Import anndata.io.read_mtx instead.
  warnings.warn(msg, FutureWarning)
/home/zhangpeiru/.conda/envs/MetqQ2/lib/python3.11/site-packages/anndata/utils.py:434: FutureWarning: Importing read_loom from `anndata` is deprecated. Import anndata.io.read_loom instead.
  warnings.warn(msg, FutureWarning)
/home/zhangpeiru/.conda/envs/MetqQ2/lib/python3.11/site-packages/anndata/utils.py:434: FutureWarning: Importing read_hdf from `anndata` is deprecated. Import anndata.io.read_hdf instead.
  warnings.warn(msg, FutureWarning)
/home/zhangpeiru/.conda/envs/MetqQ2/lib/python3.11/site-packages/anndata/utils.py:434: FutureWarning: Importing read_umi_tools from `anndata` is deprecated. Import anndata.io.read_umi_tools instead.
  warnings.warn(msg, FutureWarning)
/home/zhangpeiru/.conda/envs/MetqQ2/lib/python3.11/site-packages/scanpy/preprocessing/_highly_variable_genes.py:220: FutureWarning: The default of observed=False is deprecated and will be changed to True in a future version of pandas. Pass observed=False to retain current behavior or observed=True to adopt the future default and silence this warning.
  disp_grouped = df.groupby('mean_bin')['dispersions']
/home/zhangpeiru/.conda/envs/MetqQ2/lib/python3.11/site-packages/scanpy/preprocessing/_simple.py:843: UserWarning: Received a view of an AnnData. Making a copy.
  view_to_actual(adata)
/home/zhangpeiru/.conda/envs/MetqQ2/lib/python3.11/site-packages/scanpy/preprocessing/_highly_variable_genes.py:220: FutureWarning: The default of observed=False is deprecated and will be changed to True in a future version of pandas. Pass observed=False to retain current behavior or observed=True to adopt the future default and silence this warning.
  disp_grouped = df.groupby('mean_bin')['dispersions']
/home/zhangpeiru/.conda/envs/MetqQ2/lib/python3.11/site-packages/scanpy/preprocessing/_simple.py:843: UserWarning: Received a view of an AnnData. Making a copy.
  view_to_actual(adata)
=======Loading and Preprocessing Data=======
Data of 2 omics in total
revision_results/cache/subsets/D17_kidney_rna_updated_2000cells_seed1729.h5ad loaded with shape [2000, 5515]
revision_results/cache/subsets/D17_kidney_atac_updated_2000cells_seed1729.h5ad loaded with shape [2000, 30000]
2026-08-29 16:58:30,860 INFO Loading faiss with AVX512 support.
2026-08-29 16:58:30,898 INFO Successfully loaded faiss with AVX512 support.
2026-08-29 16:58:30,903 INFO Failed to load GPU Faiss: name 'GpuIndexIVFFlat' is not defined. Will not load constructor refs for GPU indexes. This is only an error if you're trying to use GPU Faiss.
WARNING clustering 512 points to 40 centroids: please provide at least 1560 training points
GARQ Initialization completed.
/home/zhangpeiru/.conda/envs/MetqQ2/lib/python3.11/site-packages/torch/autograd/__init__.py:251: UserWarning: Deterministic behavior was enabled with either `torch.use_deterministic_algorithms(True)` or `at::Context::setDeterministicAlgorithms(true)`, but this operation is not deterministic because it uses CuBLAS and you have CUDA >= 10.2. To enable deterministic behavior in this case, you must set an environment variable before running your PyTorch application: CUBLAS_WORKSPACE_CONFIG=:4096:8 or CUBLAS_WORKSPACE_CONFIG=:16:8. For more information, go to https://docs.nvidia.com/cuda/cublas/index.html#cublasApi_reproducibility (Triggered internally at ../aten/src/ATen/Context.cpp:156.)
  Variable._execution_engine.run_backward(  # Calls into the C++ engine to run the backward pass
/home/zhangpeiru/.conda/envs/MetqQ2/lib/python3.11/site-packages/torch/autograd/__init__.py:251: UserWarning: Memory Efficient attention defaults to a non-deterministic algorithm. To explicitly enable determinism call torch.use_deterministic_algorithms(True, warn_only=False). (Triggered internally at ../aten/src/ATen/native/transformers/cuda/attention_backward.cu:413.)
  Variable._execution_engine.run_backward(  # Calls into the C++ engine to run the backward pass
Epoch 1, RNA: recon_loss=0.3771 , ATAC: recon_loss=0.6757 
/home/zhangpeiru/.conda/envs/MetqQ2/lib/python3.11/site-packages/torch/functional.py:377: UserWarning: Deterministic behavior was enabled with either `torch.use_deterministic_algorithms(True)` or `at::Context::setDeterministicAlgorithms(true)`, but this operation is not deterministic because it uses CuBLAS and you have CUDA >= 10.2. To enable deterministic behavior in this case, you must set an environment variable before running your PyTorch application: CUBLAS_WORKSPACE_CONFIG=:4096:8 or CUBLAS_WORKSPACE_CONFIG=:16:8. For more information, go to https://docs.nvidia.com/cuda/cublas/index.html#cublasApi_reproducibility (Triggered internally at ../aten/src/ATen/Context.cpp:156.)
  return _VF.einsum(equation, operands)  # type: ignore[attr-defined]
/data/zhangpeiru/GARQ_revision/model.py:60: UserWarning: Deterministic behavior was enabled with either `torch.use_deterministic_algorithms(True)` or `at::Context::setDeterministicAlgorithms(true)`, but this operation is not deterministic because it uses CuBLAS and you have CUDA >= 10.2. To enable deterministic behavior in this case, you must set an environment variable before running your PyTorch application: CUBLAS_WORKSPACE_CONFIG=:4096:8 or CUBLAS_WORKSPACE_CONFIG=:16:8. For more information, go to https://docs.nvidia.com/cuda/cublas/index.html#cublasApi_reproducibility (Triggered internally at ../aten/src/ATen/Context.cpp:156.)
  cell_sim = torch.matmul(normed_e, normed_e.T)
/data/zhangpeiru/GARQ_revision/model.py:78: UserWarning: Deterministic behavior was enabled with either `torch.use_deterministic_algorithms(True)` or `at::Context::setDeterministicAlgorithms(true)`, but this operation is not deterministic because it uses CuBLAS and you have CUDA >= 10.2. To enable deterministic behavior in this case, you must set an environment variable before running your PyTorch application: CUBLAS_WORKSPACE_CONFIG=:4096:8 or CUBLAS_WORKSPACE_CONFIG=:16:8. For more information, go to https://docs.nvidia.com/cuda/cublas/index.html#cublasApi_reproducibility (Triggered internally at ../aten/src/ATen/Context.cpp:156.)
  smoothed_sim = torch.matmul(adj, raw_sim)
/data/zhangpeiru/GARQ_revision/model.py:100: UserWarning: Deterministic behavior was enabled with either `torch.use_deterministic_algorithms(True)` or `at::Context::setDeterministicAlgorithms(true)`, but this operation is not deterministic because it uses CuBLAS and you have CUDA >= 10.2. To enable deterministic behavior in this case, you must set an environment variable before running your PyTorch application: CUBLAS_WORKSPACE_CONFIG=:4096:8 or CUBLAS_WORKSPACE_CONFIG=:16:8. For more information, go to https://docs.nvidia.com/cuda/cublas/index.html#cublasApi_reproducibility (Triggered internally at ../aten/src/ATen/Context.cpp:156.)
  e_q = torch.matmul(assignments, self.anchors.weight)
/data/zhangpeiru/GARQ_revision/model.py:121: UserWarning: cumsum_cuda_kernel does not have a deterministic implementation, but you set 'torch.use_deterministic_algorithms(True, warn_only=True)'. You can file an issue at https://github.com/pytorch/pytorch/issues to help us prioritize adding deterministic support for this operation. (Triggered internally at ../aten/src/ATen/Context.cpp:71.)
  dis_indices = torch.multinomial(
/data/zhangpeiru/GARQ_revision/data_utils.py:140: UserWarning: The given NumPy array is not writable, and PyTorch does not support non-writable tensors. This means writing to this tensor will result in undefined behavior. You may want to copy the array to protect its data or make it writable before converting it to a tensor. This type of warning will be suppressed for the rest of this program. (Triggered internally at ../torch/csrc/utils/tensor_numpy.cpp:206.)
  type_int = torch.from_numpy(adata.obs[args.type_key].cat.codes.values).long()
/home/zhangpeiru/.conda/envs/MetqQ2/lib/python3.11/site-packages/louvain/__init__.py:54: UserWarning: pkg_resources is deprecated as an API. See https://setuptools.pypa.io/en/latest/pkg_resources.html. The pkg_resources package is slated for removal as early as 2025-11-30. Refrain from using this package or pin to Setuptools<81.
  from pkg_resources import get_distribution, DistributionNotFound
/home/zhangpeiru/.conda/envs/MetqQ2/lib/python3.11/site-packages/anndata/utils.py:434: FutureWarning: Importing read_csv from `anndata` is deprecated. Import anndata.io.read_csv instead.
  warnings.warn(msg, FutureWarning)
/home/zhangpeiru/.conda/envs/MetqQ2/lib/python3.11/site-packages/anndata/utils.py:434: FutureWarning: Importing read_text from `anndata` is deprecated. Import anndata.io.read_text instead.
  warnings.warn(msg, FutureWarning)
/home/zhangpeiru/.conda/envs/MetqQ2/lib/python3.11/site-packages/anndata/utils.py:434: FutureWarning: Importing read_excel from `anndata` is deprecated. Import anndata.io.read_excel instead.
  warnings.warn(msg, FutureWarning)
/home/zhangpeiru/.conda/envs/MetqQ2/lib/python3.11/site-packages/anndata/utils.py:434: FutureWarning: Importing read_mtx from `anndata` is deprecated. Import anndata.io.read_mtx instead.
  warnings.warn(msg, FutureWarning)
/home/zhangpeiru/.conda/envs/MetqQ2/lib/python3.11/site-packages/anndata/utils.py:434: FutureWarning: Importing read_loom from `anndata` is deprecated. Import anndata.io.read_loom instead.
  warnings.warn(msg, FutureWarning)
/home/zhangpeiru/.conda/envs/MetqQ2/lib/python3.11/site-packages/anndata/utils.py:434: FutureWarning: Importing read_hdf from `anndata` is deprecated. Import anndata.io.read_hdf instead.
  warnings.warn(msg, FutureWarning)
/home/zhangpeiru/.conda/envs/MetqQ2/lib/python3.11/site-packages/anndata/utils.py:434: FutureWarning: Importing read_umi_tools from `anndata` is deprecated. Import anndata.io.read_umi_tools instead.
  warnings.warn(msg, FutureWarning)
/home/zhangpeiru/.conda/envs/MetqQ2/lib/python3.11/site-packages/scanpy/preprocessing/_highly_variable_genes.py:220: FutureWarning: The default of observed=False is deprecated and will be changed to True in a future version of pandas. Pass observed=False to retain current behavior or observed=True to adopt the future default and silence this warning.
  disp_grouped = df.groupby('mean_bin')['dispersions']
/home/zhangpeiru/.conda/envs/MetqQ2/lib/python3.11/site-packages/scanpy/preprocessing/_simple.py:843: UserWarning: Received a view of an AnnData. Making a copy.
  view_to_actual(adata)
/home/zhangpeiru/.conda/envs/MetqQ2/lib/python3.11/site-packages/scanpy/preprocessing/_highly_variable_genes.py:220: FutureWarning: The default of observed=False is deprecated and will be changed to True in a future version of pandas. Pass observed=False to retain current behavior or observed=True to adopt the future default and silence this warning.
  disp_grouped = df.groupby('mean_bin')['dispersions']
/home/zhangpeiru/.conda/envs/MetqQ2/lib/python3.11/site-packages/scanpy/preprocessing/_simple.py:843: UserWarning: Received a view of an AnnData. Making a copy.
  view_to_actual(adata)
=======Loading and Preprocessing Data=======
Data of 2 omics in total
revision_results/cache/subsets/D17_kidney_rna_updated_2000cells_seed1729.h5ad loaded with shape [2000, 5515]
revision_results/cache/subsets/D17_kidney_atac_updated_2000cells_seed1729.h5ad loaded with shape [2000, 30000]
2026-08-29 16:58:50,796 INFO Loading faiss with AVX512 support.
2026-08-29 16:58:50,820 INFO Successfully loaded faiss with AVX512 support.
2026-08-29 16:58:50,824 INFO Failed to load GPU Faiss: name 'GpuIndexIVFFlat' is not defined. Will not load constructor refs for GPU indexes. This is only an error if you're trying to use GPU Faiss.
WARNING clustering 512 points to 40 centroids: please provide at least 1560 training points
GARQ Initialization completed.
/home/zhangpeiru/.conda/envs/MetqQ2/lib/python3.11/site-packages/torch/autograd/__init__.py:251: UserWarning: Deterministic behavior was enabled with either `torch.use_deterministic_algorithms(True)` or `at::Context::setDeterministicAlgorithms(true)`, but this operation is not deterministic because it uses CuBLAS and you have CUDA >= 10.2. To enable deterministic behavior in this case, you must set an environment variable before running your PyTorch application: CUBLAS_WORKSPACE_CONFIG=:4096:8 or CUBLAS_WORKSPACE_CONFIG=:16:8. For more information, go to https://docs.nvidia.com/cuda/cublas/index.html#cublasApi_reproducibility (Triggered internally at ../aten/src/ATen/Context.cpp:156.)
  Variable._execution_engine.run_backward(  # Calls into the C++ engine to run the backward pass
/home/zhangpeiru/.conda/envs/MetqQ2/lib/python3.11/site-packages/torch/autograd/__init__.py:251: UserWarning: Memory Efficient attention defaults to a non-deterministic algorithm. To explicitly enable determinism call torch.use_deterministic_algorithms(True, warn_only=False). (Triggered internally at ../aten/src/ATen/native/transformers/cuda/attention_backward.cu:413.)
  Variable._execution_engine.run_backward(  # Calls into the C++ engine to run the backward pass
Epoch 1, RNA: recon_loss=0.3762 , ATAC: recon_loss=0.6847 
/home/zhangpeiru/.conda/envs/MetqQ2/lib/python3.11/site-packages/torch/functional.py:377: UserWarning: Deterministic behavior was enabled with either `torch.use_deterministic_algorithms(True)` or `at::Context::setDeterministicAlgorithms(true)`, but this operation is not deterministic because it uses CuBLAS and you have CUDA >= 10.2. To enable deterministic behavior in this case, you must set an environment variable before running your PyTorch application: CUBLAS_WORKSPACE_CONFIG=:4096:8 or CUBLAS_WORKSPACE_CONFIG=:16:8. For more information, go to https://docs.nvidia.com/cuda/cublas/index.html#cublasApi_reproducibility (Triggered internally at ../aten/src/ATen/Context.cpp:156.)
  return _VF.einsum(equation, operands)  # type: ignore[attr-defined]
/data/zhangpeiru/GARQ_revision/model.py:60: UserWarning: Deterministic behavior was enabled with either `torch.use_deterministic_algorithms(True)` or `at::Context::setDeterministicAlgorithms(true)`, but this operation is not deterministic because it uses CuBLAS and you have CUDA >= 10.2. To enable deterministic behavior in this case, you must set an environment variable before running your PyTorch application: CUBLAS_WORKSPACE_CONFIG=:4096:8 or CUBLAS_WORKSPACE_CONFIG=:16:8. For more information, go to https://docs.nvidia.com/cuda/cublas/index.html#cublasApi_reproducibility (Triggered internally at ../aten/src/ATen/Context.cpp:156.)
  cell_sim = torch.matmul(normed_e, normed_e.T)
/data/zhangpeiru/GARQ_revision/model.py:78: UserWarning: Deterministic behavior was enabled with either `torch.use_deterministic_algorithms(True)` or `at::Context::setDeterministicAlgorithms(true)`, but this operation is not deterministic because it uses CuBLAS and you have CUDA >= 10.2. To enable deterministic behavior in this case, you must set an environment variable before running your PyTorch application: CUBLAS_WORKSPACE_CONFIG=:4096:8 or CUBLAS_WORKSPACE_CONFIG=:16:8. For more information, go to https://docs.nvidia.com/cuda/cublas/index.html#cublasApi_reproducibility (Triggered internally at ../aten/src/ATen/Context.cpp:156.)
  smoothed_sim = torch.matmul(adj, raw_sim)
/data/zhangpeiru/GARQ_revision/model.py:100: UserWarning: Deterministic behavior was enabled with either `torch.use_deterministic_algorithms(True)` or `at::Context::setDeterministicAlgorithms(true)`, but this operation is not deterministic because it uses CuBLAS and you have CUDA >= 10.2. To enable deterministic behavior in this case, you must set an environment variable before running your PyTorch application: CUBLAS_WORKSPACE_CONFIG=:4096:8 or CUBLAS_WORKSPACE_CONFIG=:16:8. For more information, go to https://docs.nvidia.com/cuda/cublas/index.html#cublasApi_reproducibility (Triggered internally at ../aten/src/ATen/Context.cpp:156.)
  e_q = torch.matmul(assignments, self.anchors.weight)
/data/zhangpeiru/GARQ_revision/model.py:121: UserWarning: cumsum_cuda_kernel does not have a deterministic implementation, but you set 'torch.use_deterministic_algorithms(True, warn_only=True)'. You can file an issue at https://github.com/pytorch/pytorch/issues to help us prioritize adding deterministic support for this operation. (Triggered internally at ../aten/src/ATen/Context.cpp:71.)
  dis_indices = torch.multinomial(
/data/zhangpeiru/GARQ_revision/data_utils.py:131: RuntimeWarning: Mean of empty slice.
  [data[meta_ids == i].mean(axis=0) for i in range(meta_ids.max() + 1)]
/home/zhangpeiru/.conda/envs/MetqQ2/lib/python3.11/site-packages/numpy/core/_methods.py:121: RuntimeWarning: divide by zero encountered in divide
  ret = um.true_divide(
/home/zhangpeiru/.conda/envs/MetqQ2/lib/python3.11/site-packages/numpy/core/_methods.py:121: RuntimeWarning: invalid value encountered in divide
  ret = um.true_divide(
/data/zhangpeiru/GARQ_revision/data_utils.py:140: UserWarning: The given NumPy array is not writable, and PyTorch does not support non-writable tensors. This means writing to this tensor will result in undefined behavior. You may want to copy the array to protect its data or make it writable before converting it to a tensor. This type of warning will be suppressed for the rest of this program. (Triggered internally at ../torch/csrc/utils/tensor_numpy.cpp:206.)
  type_int = torch.from_numpy(adata.obs[args.type_key].cat.codes.values).long()
/data/zhangpeiru/GARQ_revision/data_utils.py:131: RuntimeWarning: Mean of empty slice.
  [data[meta_ids == i].mean(axis=0) for i in range(meta_ids.max() + 1)]
/home/zhangpeiru/.conda/envs/MetqQ2/lib/python3.11/site-packages/numpy/core/_methods.py:121: RuntimeWarning: divide by zero encountered in divide
  ret = um.true_divide(
/home/zhangpeiru/.conda/envs/MetqQ2/lib/python3.11/site-packages/numpy/core/_methods.py:121: RuntimeWarning: invalid value encountered in divide
  ret = um.true_divide(
/home/zhangpeiru/.conda/envs/MetqQ2/lib/python3.11/site-packages/louvain/__init__.py:54: UserWarning: pkg_resources is deprecated as an API. See https://setuptools.pypa.io/en/latest/pkg_resources.html. The pkg_resources package is slated for removal as early as 2025-11-30. Refrain from using this package or pin to Setuptools<81.
  from pkg_resources import get_distribution, DistributionNotFound
/home/zhangpeiru/.conda/envs/MetqQ2/lib/python3.11/site-packages/anndata/utils.py:434: FutureWarning: Importing read_csv from `anndata` is deprecated. Import anndata.io.read_csv instead.
  warnings.warn(msg, FutureWarning)
/home/zhangpeiru/.conda/envs/MetqQ2/lib/python3.11/site-packages/anndata/utils.py:434: FutureWarning: Importing read_text from `anndata` is deprecated. Import anndata.io.read_text instead.
  warnings.warn(msg, FutureWarning)
/home/zhangpeiru/.conda/envs/MetqQ2/lib/python3.11/site-packages/anndata/utils.py:434: FutureWarning: Importing read_excel from `anndata` is deprecated. Import anndata.io.read_excel instead.
  warnings.warn(msg, FutureWarning)
/home/zhangpeiru/.conda/envs/MetqQ2/lib/python3.11/site-packages/anndata/utils.py:434: FutureWarning: Importing read_mtx from `anndata` is deprecated. Import anndata.io.read_mtx instead.
  warnings.warn(msg, FutureWarning)
/home/zhangpeiru/.conda/envs/MetqQ2/lib/python3.11/site-packages/anndata/utils.py:434: FutureWarning: Importing read_loom from `anndata` is deprecated. Import anndata.io.read_loom instead.
  warnings.warn(msg, FutureWarning)
/home/zhangpeiru/.conda/envs/MetqQ2/lib/python3.11/site-packages/anndata/utils.py:434: FutureWarning: Importing read_hdf from `anndata` is deprecated. Import anndata.io.read_hdf instead.
  warnings.warn(msg, FutureWarning)
/home/zhangpeiru/.conda/envs/MetqQ2/lib/python3.11/site-packages/anndata/utils.py:434: FutureWarning: Importing read_umi_tools from `anndata` is deprecated. Import anndata.io.read_umi_tools instead.
  warnings.warn(msg, FutureWarning)
/home/zhangpeiru/.conda/envs/MetqQ2/lib/python3.11/site-packages/scanpy/preprocessing/_highly_variable_genes.py:220: FutureWarning: The default of observed=False is deprecated and will be changed to True in a future version of pandas. Pass observed=False to retain current behavior or observed=True to adopt the future default and silence this warning.
  disp_grouped = df.groupby('mean_bin')['dispersions']
/home/zhangpeiru/.conda/envs/MetqQ2/lib/python3.11/site-packages/scanpy/preprocessing/_simple.py:843: UserWarning: Received a view of an AnnData. Making a copy.
  view_to_actual(adata)
/home/zhangpeiru/.conda/envs/MetqQ2/lib/python3.11/site-packages/scanpy/preprocessing/_highly_variable_genes.py:220: FutureWarning: The default of observed=False is deprecated and will be changed to True in a future version of pandas. Pass observed=False to retain current behavior or observed=True to adopt the future default and silence this warning.
  disp_grouped = df.groupby('mean_bin')['dispersions']
/home/zhangpeiru/.conda/envs/MetqQ2/lib/python3.11/site-packages/scanpy/preprocessing/_simple.py:843: UserWarning: Received a view of an AnnData. Making a copy.
  view_to_actual(adata)
=======Loading and Preprocessing Data=======
Data of 2 omics in total
revision_results/cache/subsets/D17_kidney_rna_updated_2000cells_seed1729.h5ad loaded with shape [2000, 5515]
revision_results/cache/subsets/D17_kidney_atac_updated_2000cells_seed1729.h5ad loaded with shape [2000, 30000]
2026-08-29 16:59:08,912 INFO Loading faiss with AVX512 support.
2026-08-29 16:59:08,932 INFO Successfully loaded faiss with AVX512 support.
2026-08-29 16:59:08,935 INFO Failed to load GPU Faiss: name 'GpuIndexIVFFlat' is not defined. Will not load constructor refs for GPU indexes. This is only an error if you're trying to use GPU Faiss.
WARNING clustering 512 points to 40 centroids: please provide at least 1560 training points
GARQ Initialization completed.
/home/zhangpeiru/.conda/envs/MetqQ2/lib/python3.11/site-packages/torch/autograd/__init__.py:251: UserWarning: Deterministic behavior was enabled with either `torch.use_deterministic_algorithms(True)` or `at::Context::setDeterministicAlgorithms(true)`, but this operation is not deterministic because it uses CuBLAS and you have CUDA >= 10.2. To enable deterministic behavior in this case, you must set an environment variable before running your PyTorch application: CUBLAS_WORKSPACE_CONFIG=:4096:8 or CUBLAS_WORKSPACE_CONFIG=:16:8. For more information, go to https://docs.nvidia.com/cuda/cublas/index.html#cublasApi_reproducibility (Triggered internally at ../aten/src/ATen/Context.cpp:156.)
  Variable._execution_engine.run_backward(  # Calls into the C++ engine to run the backward pass
/home/zhangpeiru/.conda/envs/MetqQ2/lib/python3.11/site-packages/torch/autograd/__init__.py:251: UserWarning: Memory Efficient attention defaults to a non-deterministic algorithm. To explicitly enable determinism call torch.use_deterministic_algorithms(True, warn_only=False). (Triggered internally at ../aten/src/ATen/native/transformers/cuda/attention_backward.cu:413.)
  Variable._execution_engine.run_backward(  # Calls into the C++ engine to run the backward pass
Epoch 1, RNA: recon_loss=0.3727 , ATAC: recon_loss=0.6684 
/home/zhangpeiru/.conda/envs/MetqQ2/lib/python3.11/site-packages/torch/functional.py:377: UserWarning: Deterministic behavior was enabled with either `torch.use_deterministic_algorithms(True)` or `at::Context::setDeterministicAlgorithms(true)`, but this operation is not deterministic because it uses CuBLAS and you have CUDA >= 10.2. To enable deterministic behavior in this case, you must set an environment variable before running your PyTorch application: CUBLAS_WORKSPACE_CONFIG=:4096:8 or CUBLAS_WORKSPACE_CONFIG=:16:8. For more information, go to https://docs.nvidia.com/cuda/cublas/index.html#cublasApi_reproducibility (Triggered internally at ../aten/src/ATen/Context.cpp:156.)
  return _VF.einsum(equation, operands)  # type: ignore[attr-defined]
/data/zhangpeiru/GARQ_revision/model.py:60: UserWarning: Deterministic behavior was enabled with either `torch.use_deterministic_algorithms(True)` or `at::Context::setDeterministicAlgorithms(true)`, but this operation is not deterministic because it uses CuBLAS and you have CUDA >= 10.2. To enable deterministic behavior in this case, you must set an environment variable before running your PyTorch application: CUBLAS_WORKSPACE_CONFIG=:4096:8 or CUBLAS_WORKSPACE_CONFIG=:16:8. For more information, go to https://docs.nvidia.com/cuda/cublas/index.html#cublasApi_reproducibility (Triggered internally at ../aten/src/ATen/Context.cpp:156.)
  cell_sim = torch.matmul(normed_e, normed_e.T)
/data/zhangpeiru/GARQ_revision/model.py:78: UserWarning: Deterministic behavior was enabled with either `torch.use_deterministic_algorithms(True)` or `at::Context::setDeterministicAlgorithms(true)`, but this operation is not deterministic because it uses CuBLAS and you have CUDA >= 10.2. To enable deterministic behavior in this case, you must set an environment variable before running your PyTorch application: CUBLAS_WORKSPACE_CONFIG=:4096:8 or CUBLAS_WORKSPACE_CONFIG=:16:8. For more information, go to https://docs.nvidia.com/cuda/cublas/index.html#cublasApi_reproducibility (Triggered internally at ../aten/src/ATen/Context.cpp:156.)
  smoothed_sim = torch.matmul(adj, raw_sim)
/data/zhangpeiru/GARQ_revision/model.py:100: UserWarning: Deterministic behavior was enabled with either `torch.use_deterministic_algorithms(True)` or `at::Context::setDeterministicAlgorithms(true)`, but this operation is not deterministic because it uses CuBLAS and you have CUDA >= 10.2. To enable deterministic behavior in this case, you must set an environment variable before running your PyTorch application: CUBLAS_WORKSPACE_CONFIG=:4096:8 or CUBLAS_WORKSPACE_CONFIG=:16:8. For more information, go to https://docs.nvidia.com/cuda/cublas/index.html#cublasApi_reproducibility (Triggered internally at ../aten/src/ATen/Context.cpp:156.)
  e_q = torch.matmul(assignments, self.anchors.weight)
/data/zhangpeiru/GARQ_revision/model.py:121: UserWarning: cumsum_cuda_kernel does not have a deterministic implementation, but you set 'torch.use_deterministic_algorithms(True, warn_only=True)'. You can file an issue at https://github.com/pytorch/pytorch/issues to help us prioritize adding deterministic support for this operation. (Triggered internally at ../aten/src/ATen/Context.cpp:71.)
  dis_indices = torch.multinomial(
/data/zhangpeiru/GARQ_revision/data_utils.py:131: RuntimeWarning: Mean of empty slice.
  [data[meta_ids == i].mean(axis=0) for i in range(meta_ids.max() + 1)]
/home/zhangpeiru/.conda/envs/MetqQ2/lib/python3.11/site-packages/numpy/core/_methods.py:121: RuntimeWarning: divide by zero encountered in divide
  ret = um.true_divide(
/home/zhangpeiru/.conda/envs/MetqQ2/lib/python3.11/site-packages/numpy/core/_methods.py:121: RuntimeWarning: invalid value encountered in divide
  ret = um.true_divide(
/data/zhangpeiru/GARQ_revision/data_utils.py:140: UserWarning: The given NumPy array is not writable, and PyTorch does not support non-writable tensors. This means writing to this tensor will result in undefined behavior. You may want to copy the array to protect its data or make it writable before converting it to a tensor. This type of warning will be suppressed for the rest of this program. (Triggered internally at ../torch/csrc/utils/tensor_numpy.cpp:206.)
  type_int = torch.from_numpy(adata.obs[args.type_key].cat.codes.values).long()
/data/zhangpeiru/GARQ_revision/data_utils.py:131: RuntimeWarning: Mean of empty slice.
  [data[meta_ids == i].mean(axis=0) for i in range(meta_ids.max() + 1)]
/home/zhangpeiru/.conda/envs/MetqQ2/lib/python3.11/site-packages/numpy/core/_methods.py:121: RuntimeWarning: divide by zero encountered in divide
  ret = um.true_divide(
/home/zhangpeiru/.conda/envs/MetqQ2/lib/python3.11/site-packages/numpy/core/_methods.py:121: RuntimeWarning: invalid value encountered in divide
  ret = um.true_divide(
/home/zhangpeiru/.conda/envs/MetqQ2/lib/python3.11/site-packages/louvain/__init__.py:54: UserWarning: pkg_resources is deprecated as an API. See https://setuptools.pypa.io/en/latest/pkg_resources.html. The pkg_resources package is slated for removal as early as 2025-11-30. Refrain from using this package or pin to Setuptools<81.
  from pkg_resources import get_distribution, DistributionNotFound
/home/zhangpeiru/.conda/envs/MetqQ2/lib/python3.11/site-packages/anndata/utils.py:434: FutureWarning: Importing read_csv from `anndata` is deprecated. Import anndata.io.read_csv instead.
  warnings.warn(msg, FutureWarning)
/home/zhangpeiru/.conda/envs/MetqQ2/lib/python3.11/site-packages/anndata/utils.py:434: FutureWarning: Importing read_text from `anndata` is deprecated. Import anndata.io.read_text instead.
  warnings.warn(msg, FutureWarning)
/home/zhangpeiru/.conda/envs/MetqQ2/lib/python3.11/site-packages/anndata/utils.py:434: FutureWarning: Importing read_excel from `anndata` is deprecated. Import anndata.io.read_excel instead.
  warnings.warn(msg, FutureWarning)
/home/zhangpeiru/.conda/envs/MetqQ2/lib/python3.11/site-packages/anndata/utils.py:434: FutureWarning: Importing read_mtx from `anndata` is deprecated. Import anndata.io.read_mtx instead.
  warnings.warn(msg, FutureWarning)
/home/zhangpeiru/.conda/envs/MetqQ2/lib/python3.11/site-packages/anndata/utils.py:434: FutureWarning: Importing read_loom from `anndata` is deprecated. Import anndata.io.read_loom instead.
  warnings.warn(msg, FutureWarning)
/home/zhangpeiru/.conda/envs/MetqQ2/lib/python3.11/site-packages/anndata/utils.py:434: FutureWarning: Importing read_hdf from `anndata` is deprecated. Import anndata.io.read_hdf instead.
  warnings.warn(msg, FutureWarning)
/home/zhangpeiru/.conda/envs/MetqQ2/lib/python3.11/site-packages/anndata/utils.py:434: FutureWarning: Importing read_umi_tools from `anndata` is deprecated. Import anndata.io.read_umi_tools instead.
  warnings.warn(msg, FutureWarning)
/home/zhangpeiru/.conda/envs/MetqQ2/lib/python3.11/site-packages/scanpy/preprocessing/_highly_variable_genes.py:220: FutureWarning: The default of observed=False is deprecated and will be changed to True in a future version of pandas. Pass observed=False to retain current behavior or observed=True to adopt the future default and silence this warning.
  disp_grouped = df.groupby('mean_bin')['dispersions']
/home/zhangpeiru/.conda/envs/MetqQ2/lib/python3.11/site-packages/scanpy/preprocessing/_simple.py:843: UserWarning: Received a view of an AnnData. Making a copy.
  view_to_actual(adata)
/home/zhangpeiru/.conda/envs/MetqQ2/lib/python3.11/site-packages/scanpy/preprocessing/_highly_variable_genes.py:220: FutureWarning: The default of observed=False is deprecated and will be changed to True in a future version of pandas. Pass observed=False to retain current behavior or observed=True to adopt the future default and silence this warning.
  disp_grouped = df.groupby('mean_bin')['dispersions']
/home/zhangpeiru/.conda/envs/MetqQ2/lib/python3.11/site-packages/scanpy/preprocessing/_simple.py:843: UserWarning: Received a view of an AnnData. Making a copy.
  view_to_actual(adata)
=======Loading and Preprocessing Data=======
Data of 2 omics in total
revision_results/cache/subsets/D17_kidney_rna_updated_2000cells_seed1729.h5ad loaded with shape [2000, 5515]
revision_results/cache/subsets/D17_kidney_atac_updated_2000cells_seed1729.h5ad loaded with shape [2000, 30000]
2026-08-29 16:59:27,286 INFO Loading faiss with AVX512 support.
2026-08-29 16:59:27,311 INFO Successfully loaded faiss with AVX512 support.
2026-08-29 16:59:27,315 INFO Failed to load GPU Faiss: name 'GpuIndexIVFFlat' is not defined. Will not load constructor refs for GPU indexes. This is only an error if you're trying to use GPU Faiss.
WARNING clustering 512 points to 40 centroids: please provide at least 1560 training points
GARQ Initialization completed.
/home/zhangpeiru/.conda/envs/MetqQ2/lib/python3.11/site-packages/torch/autograd/__init__.py:251: UserWarning: Deterministic behavior was enabled with either `torch.use_deterministic_algorithms(True)` or `at::Context::setDeterministicAlgorithms(true)`, but this operation is not deterministic because it uses CuBLAS and you have CUDA >= 10.2. To enable deterministic behavior in this case, you must set an environment variable before running your PyTorch application: CUBLAS_WORKSPACE_CONFIG=:4096:8 or CUBLAS_WORKSPACE_CONFIG=:16:8. For more information, go to https://docs.nvidia.com/cuda/cublas/index.html#cublasApi_reproducibility (Triggered internally at ../aten/src/ATen/Context.cpp:156.)
  Variable._execution_engine.run_backward(  # Calls into the C++ engine to run the backward pass
/home/zhangpeiru/.conda/envs/MetqQ2/lib/python3.11/site-packages/torch/autograd/__init__.py:251: UserWarning: Memory Efficient attention defaults to a non-deterministic algorithm. To explicitly enable determinism call torch.use_deterministic_algorithms(True, warn_only=False). (Triggered internally at ../aten/src/ATen/native/transformers/cuda/attention_backward.cu:413.)
  Variable._execution_engine.run_backward(  # Calls into the C++ engine to run the backward pass
Epoch 1, RNA: recon_loss=0.3752 , ATAC: recon_loss=0.6705 
/home/zhangpeiru/.conda/envs/MetqQ2/lib/python3.11/site-packages/torch/functional.py:377: UserWarning: Deterministic behavior was enabled with either `torch.use_deterministic_algorithms(True)` or `at::Context::setDeterministicAlgorithms(true)`, but this operation is not deterministic because it uses CuBLAS and you have CUDA >= 10.2. To enable deterministic behavior in this case, you must set an environment variable before running your PyTorch application: CUBLAS_WORKSPACE_CONFIG=:4096:8 or CUBLAS_WORKSPACE_CONFIG=:16:8. For more information, go to https://docs.nvidia.com/cuda/cublas/index.html#cublasApi_reproducibility (Triggered internally at ../aten/src/ATen/Context.cpp:156.)
  return _VF.einsum(equation, operands)  # type: ignore[attr-defined]
/data/zhangpeiru/GARQ_revision/model.py:60: UserWarning: Deterministic behavior was enabled with either `torch.use_deterministic_algorithms(True)` or `at::Context::setDeterministicAlgorithms(true)`, but this operation is not deterministic because it uses CuBLAS and you have CUDA >= 10.2. To enable deterministic behavior in this case, you must set an environment variable before running your PyTorch application: CUBLAS_WORKSPACE_CONFIG=:4096:8 or CUBLAS_WORKSPACE_CONFIG=:16:8. For more information, go to https://docs.nvidia.com/cuda/cublas/index.html#cublasApi_reproducibility (Triggered internally at ../aten/src/ATen/Context.cpp:156.)
  cell_sim = torch.matmul(normed_e, normed_e.T)
/data/zhangpeiru/GARQ_revision/model.py:78: UserWarning: Deterministic behavior was enabled with either `torch.use_deterministic_algorithms(True)` or `at::Context::setDeterministicAlgorithms(true)`, but this operation is not deterministic because it uses CuBLAS and you have CUDA >= 10.2. To enable deterministic behavior in this case, you must set an environment variable before running your PyTorch application: CUBLAS_WORKSPACE_CONFIG=:4096:8 or CUBLAS_WORKSPACE_CONFIG=:16:8. For more information, go to https://docs.nvidia.com/cuda/cublas/index.html#cublasApi_reproducibility (Triggered internally at ../aten/src/ATen/Context.cpp:156.)
  smoothed_sim = torch.matmul(adj, raw_sim)
/data/zhangpeiru/GARQ_revision/model.py:100: UserWarning: Deterministic behavior was enabled with either `torch.use_deterministic_algorithms(True)` or `at::Context::setDeterministicAlgorithms(true)`, but this operation is not deterministic because it uses CuBLAS and you have CUDA >= 10.2. To enable deterministic behavior in this case, you must set an environment variable before running your PyTorch application: CUBLAS_WORKSPACE_CONFIG=:4096:8 or CUBLAS_WORKSPACE_CONFIG=:16:8. For more information, go to https://docs.nvidia.com/cuda/cublas/index.html#cublasApi_reproducibility (Triggered internally at ../aten/src/ATen/Context.cpp:156.)
  e_q = torch.matmul(assignments, self.anchors.weight)
/data/zhangpeiru/GARQ_revision/data_utils.py:131: RuntimeWarning: Mean of empty slice.
  [data[meta_ids == i].mean(axis=0) for i in range(meta_ids.max() + 1)]
/home/zhangpeiru/.conda/envs/MetqQ2/lib/python3.11/site-packages/numpy/core/_methods.py:121: RuntimeWarning: divide by zero encountered in divide
  ret = um.true_divide(
/home/zhangpeiru/.conda/envs/MetqQ2/lib/python3.11/site-packages/numpy/core/_methods.py:121: RuntimeWarning: invalid value encountered in divide
  ret = um.true_divide(
/data/zhangpeiru/GARQ_revision/data_utils.py:140: UserWarning: The given NumPy array is not writable, and PyTorch does not support non-writable tensors. This means writing to this tensor will result in undefined behavior. You may want to copy the array to protect its data or make it writable before converting it to a tensor. This type of warning will be suppressed for the rest of this program. (Triggered internally at ../torch/csrc/utils/tensor_numpy.cpp:206.)
  type_int = torch.from_numpy(adata.obs[args.type_key].cat.codes.values).long()
/data/zhangpeiru/GARQ_revision/data_utils.py:131: RuntimeWarning: Mean of empty slice.
  [data[meta_ids == i].mean(axis=0) for i in range(meta_ids.max() + 1)]
/home/zhangpeiru/.conda/envs/MetqQ2/lib/python3.11/site-packages/numpy/core/_methods.py:121: RuntimeWarning: divide by zero encountered in divide
  ret = um.true_divide(
/home/zhangpeiru/.conda/envs/MetqQ2/lib/python3.11/site-packages/numpy/core/_methods.py:121: RuntimeWarning: invalid value encountered in divide
  ret = um.true_divide(
/home/zhangpeiru/.conda/envs/MetqQ2/lib/python3.11/site-packages/louvain/__init__.py:54: UserWarning: pkg_resources is deprecated as an API. See https://setuptools.pypa.io/en/latest/pkg_resources.html. The pkg_resources package is slated for removal as early as 2025-11-30. Refrain from using this package or pin to Setuptools<81.
  from pkg_resources import get_distribution, DistributionNotFound
/home/zhangpeiru/.conda/envs/MetqQ2/lib/python3.11/site-packages/anndata/utils.py:434: FutureWarning: Importing read_csv from `anndata` is deprecated. Import anndata.io.read_csv instead.
  warnings.warn(msg, FutureWarning)
/home/zhangpeiru/.conda/envs/MetqQ2/lib/python3.11/site-packages/anndata/utils.py:434: FutureWarning: Importing read_text from `anndata` is deprecated. Import anndata.io.read_text instead.
  warnings.warn(msg, FutureWarning)
/home/zhangpeiru/.conda/envs/MetqQ2/lib/python3.11/site-packages/anndata/utils.py:434: FutureWarning: Importing read_excel from `anndata` is deprecated. Import anndata.io.read_excel instead.
  warnings.warn(msg, FutureWarning)
/home/zhangpeiru/.conda/envs/MetqQ2/lib/python3.11/site-packages/anndata/utils.py:434: FutureWarning: Importing read_mtx from `anndata` is deprecated. Import anndata.io.read_mtx instead.
  warnings.warn(msg, FutureWarning)
/home/zhangpeiru/.conda/envs/MetqQ2/lib/python3.11/site-packages/anndata/utils.py:434: FutureWarning: Importing read_loom from `anndata` is deprecated. Import anndata.io.read_loom instead.
  warnings.warn(msg, FutureWarning)
/home/zhangpeiru/.conda/envs/MetqQ2/lib/python3.11/site-packages/anndata/utils.py:434: FutureWarning: Importing read_hdf from `anndata` is deprecated. Import anndata.io.read_hdf instead.
  warnings.warn(msg, FutureWarning)
/home/zhangpeiru/.conda/envs/MetqQ2/lib/python3.11/site-packages/anndata/utils.py:434: FutureWarning: Importing read_umi_tools from `anndata` is deprecated. Import anndata.io.read_umi_tools instead.
  warnings.warn(msg, FutureWarning)
/home/zhangpeiru/.conda/envs/MetqQ2/lib/python3.11/site-packages/scanpy/preprocessing/_highly_variable_genes.py:220: FutureWarning: The default of observed=False is deprecated and will be changed to True in a future version of pandas. Pass observed=False to retain current behavior or observed=True to adopt the future default and silence this warning.
  disp_grouped = df.groupby('mean_bin')['dispersions']
/home/zhangpeiru/.conda/envs/MetqQ2/lib/python3.11/site-packages/scanpy/preprocessing/_simple.py:843: UserWarning: Received a view of an AnnData. Making a copy.
  view_to_actual(adata)
/home/zhangpeiru/.conda/envs/MetqQ2/lib/python3.11/site-packages/scanpy/preprocessing/_highly_variable_genes.py:220: FutureWarning: The default of observed=False is deprecated and will be changed to True in a future version of pandas. Pass observed=False to retain current behavior or observed=True to adopt the future default and silence this warning.
  disp_grouped = df.groupby('mean_bin')['dispersions']
/home/zhangpeiru/.conda/envs/MetqQ2/lib/python3.11/site-packages/scanpy/preprocessing/_simple.py:843: UserWarning: Received a view of an AnnData. Making a copy.
  view_to_actual(adata)
=======Loading and Preprocessing Data=======
Data of 2 omics in total
revision_results/cache/subsets/D17_kidney_rna_updated_2000cells_seed1729.h5ad loaded with shape [2000, 5515]
revision_results/cache/subsets/D17_kidney_atac_updated_2000cells_seed1729.h5ad loaded with shape [2000, 30000]
2026-08-29 16:59:45,734 INFO Loading faiss with AVX512 support.
2026-08-29 16:59:45,759 INFO Successfully loaded faiss with AVX512 support.
2026-08-29 16:59:45,763 INFO Failed to load GPU Faiss: name 'GpuIndexIVFFlat' is not defined. Will not load constructor refs for GPU indexes. This is only an error if you're trying to use GPU Faiss.
WARNING clustering 512 points to 40 centroids: please provide at least 1560 training points
GARQ Initialization completed.
/home/zhangpeiru/.conda/envs/MetqQ2/lib/python3.11/site-packages/torch/autograd/__init__.py:251: UserWarning: Deterministic behavior was enabled with either `torch.use_deterministic_algorithms(True)` or `at::Context::setDeterministicAlgorithms(true)`, but this operation is not deterministic because it uses CuBLAS and you have CUDA >= 10.2. To enable deterministic behavior in this case, you must set an environment variable before running your PyTorch application: CUBLAS_WORKSPACE_CONFIG=:4096:8 or CUBLAS_WORKSPACE_CONFIG=:16:8. For more information, go to https://docs.nvidia.com/cuda/cublas/index.html#cublasApi_reproducibility (Triggered internally at ../aten/src/ATen/Context.cpp:156.)
  Variable._execution_engine.run_backward(  # Calls into the C++ engine to run the backward pass
/home/zhangpeiru/.conda/envs/MetqQ2/lib/python3.11/site-packages/torch/autograd/__init__.py:251: UserWarning: Memory Efficient attention defaults to a non-deterministic algorithm. To explicitly enable determinism call torch.use_deterministic_algorithms(True, warn_only=False). (Triggered internally at ../aten/src/ATen/native/transformers/cuda/attention_backward.cu:413.)
  Variable._execution_engine.run_backward(  # Calls into the C++ engine to run the backward pass
Epoch 1, RNA: recon_loss=0.3771 , ATAC: recon_loss=0.6757 
/home/zhangpeiru/.conda/envs/MetqQ2/lib/python3.11/site-packages/torch/functional.py:377: UserWarning: Deterministic behavior was enabled with either `torch.use_deterministic_algorithms(True)` or `at::Context::setDeterministicAlgorithms(true)`, but this operation is not deterministic because it uses CuBLAS and you have CUDA >= 10.2. To enable deterministic behavior in this case, you must set an environment variable before running your PyTorch application: CUBLAS_WORKSPACE_CONFIG=:4096:8 or CUBLAS_WORKSPACE_CONFIG=:16:8. For more information, go to https://docs.nvidia.com/cuda/cublas/index.html#cublasApi_reproducibility (Triggered internally at ../aten/src/ATen/Context.cpp:156.)
  return _VF.einsum(equation, operands)  # type: ignore[attr-defined]
/data/zhangpeiru/GARQ_revision/model.py:60: UserWarning: Deterministic behavior was enabled with either `torch.use_deterministic_algorithms(True)` or `at::Context::setDeterministicAlgorithms(true)`, but this operation is not deterministic because it uses CuBLAS and you have CUDA >= 10.2. To enable deterministic behavior in this case, you must set an environment variable before running your PyTorch application: CUBLAS_WORKSPACE_CONFIG=:4096:8 or CUBLAS_WORKSPACE_CONFIG=:16:8. For more information, go to https://docs.nvidia.com/cuda/cublas/index.html#cublasApi_reproducibility (Triggered internally at ../aten/src/ATen/Context.cpp:156.)
  cell_sim = torch.matmul(normed_e, normed_e.T)
/data/zhangpeiru/GARQ_revision/model.py:78: UserWarning: Deterministic behavior was enabled with either `torch.use_deterministic_algorithms(True)` or `at::Context::setDeterministicAlgorithms(true)`, but this operation is not deterministic because it uses CuBLAS and you have CUDA >= 10.2. To enable deterministic behavior in this case, you must set an environment variable before running your PyTorch application: CUBLAS_WORKSPACE_CONFIG=:4096:8 or CUBLAS_WORKSPACE_CONFIG=:16:8. For more information, go to https://docs.nvidia.com/cuda/cublas/index.html#cublasApi_reproducibility (Triggered internally at ../aten/src/ATen/Context.cpp:156.)
  smoothed_sim = torch.matmul(adj, raw_sim)
/data/zhangpeiru/GARQ_revision/model.py:100: UserWarning: Deterministic behavior was enabled with either `torch.use_deterministic_algorithms(True)` or `at::Context::setDeterministicAlgorithms(true)`, but this operation is not deterministic because it uses CuBLAS and you have CUDA >= 10.2. To enable deterministic behavior in this case, you must set an environment variable before running your PyTorch application: CUBLAS_WORKSPACE_CONFIG=:4096:8 or CUBLAS_WORKSPACE_CONFIG=:16:8. For more information, go to https://docs.nvidia.com/cuda/cublas/index.html#cublasApi_reproducibility (Triggered internally at ../aten/src/ATen/Context.cpp:156.)
  e_q = torch.matmul(assignments, self.anchors.weight)
/data/zhangpeiru/GARQ_revision/data_utils.py:131: RuntimeWarning: Mean of empty slice.
  [data[meta_ids == i].mean(axis=0) for i in range(meta_ids.max() + 1)]
/home/zhangpeiru/.conda/envs/MetqQ2/lib/python3.11/site-packages/numpy/core/_methods.py:121: RuntimeWarning: divide by zero encountered in divide
  ret = um.true_divide(
/home/zhangpeiru/.conda/envs/MetqQ2/lib/python3.11/site-packages/numpy/core/_methods.py:121: RuntimeWarning: invalid value encountered in divide
  ret = um.true_divide(
/data/zhangpeiru/GARQ_revision/data_utils.py:140: UserWarning: The given NumPy array is not writable, and PyTorch does not support non-writable tensors. This means writing to this tensor will result in undefined behavior. You may want to copy the array to protect its data or make it writable before converting it to a tensor. This type of warning will be suppressed for the rest of this program. (Triggered internally at ../torch/csrc/utils/tensor_numpy.cpp:206.)
  type_int = torch.from_numpy(adata.obs[args.type_key].cat.codes.values).long()
/data/zhangpeiru/GARQ_revision/data_utils.py:131: RuntimeWarning: Mean of empty slice.
  [data[meta_ids == i].mean(axis=0) for i in range(meta_ids.max() + 1)]
/home/zhangpeiru/.conda/envs/MetqQ2/lib/python3.11/site-packages/numpy/core/_methods.py:121: RuntimeWarning: divide by zero encountered in divide
  ret = um.true_divide(
/home/zhangpeiru/.conda/envs/MetqQ2/lib/python3.11/site-packages/numpy/core/_methods.py:121: RuntimeWarning: invalid value encountered in divide
  ret = um.true_divide(
/home/zhangpeiru/.conda/envs/MetqQ2/lib/python3.11/site-packages/louvain/__init__.py:54: UserWarning: pkg_resources is deprecated as an API. See https://setuptools.pypa.io/en/latest/pkg_resources.html. The pkg_resources package is slated for removal as early as 2025-11-30. Refrain from using this package or pin to Setuptools<81.
  from pkg_resources import get_distribution, DistributionNotFound
/home/zhangpeiru/.conda/envs/MetqQ2/lib/python3.11/site-packages/anndata/utils.py:434: FutureWarning: Importing read_csv from `anndata` is deprecated. Import anndata.io.read_csv instead.
  warnings.warn(msg, FutureWarning)
/home/zhangpeiru/.conda/envs/MetqQ2/lib/python3.11/site-packages/anndata/utils.py:434: FutureWarning: Importing read_text from `anndata` is deprecated. Import anndata.io.read_text instead.
  warnings.warn(msg, FutureWarning)
/home/zhangpeiru/.conda/envs/MetqQ2/lib/python3.11/site-packages/anndata/utils.py:434: FutureWarning: Importing read_excel from `anndata` is deprecated. Import anndata.io.read_excel instead.
  warnings.warn(msg, FutureWarning)
/home/zhangpeiru/.conda/envs/MetqQ2/lib/python3.11/site-packages/anndata/utils.py:434: FutureWarning: Importing read_mtx from `anndata` is deprecated. Import anndata.io.read_mtx instead.
  warnings.warn(msg, FutureWarning)
/home/zhangpeiru/.conda/envs/MetqQ2/lib/python3.11/site-packages/anndata/utils.py:434: FutureWarning: Importing read_loom from `anndata` is deprecated. Import anndata.io.read_loom instead.
  warnings.warn(msg, FutureWarning)
/home/zhangpeiru/.conda/envs/MetqQ2/lib/python3.11/site-packages/anndata/utils.py:434: FutureWarning: Importing read_hdf from `anndata` is deprecated. Import anndata.io.read_hdf instead.
  warnings.warn(msg, FutureWarning)
/home/zhangpeiru/.conda/envs/MetqQ2/lib/python3.11/site-packages/anndata/utils.py:434: FutureWarning: Importing read_umi_tools from `anndata` is deprecated. Import anndata.io.read_umi_tools instead.
  warnings.warn(msg, FutureWarning)
/home/zhangpeiru/.conda/envs/MetqQ2/lib/python3.11/site-packages/scanpy/preprocessing/_highly_variable_genes.py:220: FutureWarning: The default of observed=False is deprecated and will be changed to True in a future version of pandas. Pass observed=False to retain current behavior or observed=True to adopt the future default and silence this warning.
  disp_grouped = df.groupby('mean_bin')['dispersions']
/home/zhangpeiru/.conda/envs/MetqQ2/lib/python3.11/site-packages/scanpy/preprocessing/_simple.py:843: UserWarning: Received a view of an AnnData. Making a copy.
  view_to_actual(adata)
/home/zhangpeiru/.conda/envs/MetqQ2/lib/python3.11/site-packages/scanpy/preprocessing/_highly_variable_genes.py:220: FutureWarning: The default of observed=False is deprecated and will be changed to True in a future version of pandas. Pass observed=False to retain current behavior or observed=True to adopt the future default and silence this warning.
  disp_grouped = df.groupby('mean_bin')['dispersions']
/home/zhangpeiru/.conda/envs/MetqQ2/lib/python3.11/site-packages/scanpy/preprocessing/_simple.py:843: UserWarning: Received a view of an AnnData. Making a copy.
  view_to_actual(adata)
=======Loading and Preprocessing Data=======
Data of 2 omics in total
revision_results/cache/subsets/D17_kidney_rna_updated_2000cells_seed1729.h5ad loaded with shape [2000, 5515]
revision_results/cache/subsets/D17_kidney_atac_updated_2000cells_seed1729.h5ad loaded with shape [2000, 30000]
2026-08-29 17:00:02,819 INFO Loading faiss with AVX512 support.
2026-08-29 17:00:02,839 INFO Successfully loaded faiss with AVX512 support.
2026-08-29 17:00:02,842 INFO Failed to load GPU Faiss: name 'GpuIndexIVFFlat' is not defined. Will not load constructor refs for GPU indexes. This is only an error if you're trying to use GPU Faiss.
WARNING clustering 512 points to 40 centroids: please provide at least 1560 training points
GARQ Initialization completed.
/home/zhangpeiru/.conda/envs/MetqQ2/lib/python3.11/site-packages/torch/autograd/__init__.py:251: UserWarning: Deterministic behavior was enabled with either `torch.use_deterministic_algorithms(True)` or `at::Context::setDeterministicAlgorithms(true)`, but this operation is not deterministic because it uses CuBLAS and you have CUDA >= 10.2. To enable deterministic behavior in this case, you must set an environment variable before running your PyTorch application: CUBLAS_WORKSPACE_CONFIG=:4096:8 or CUBLAS_WORKSPACE_CONFIG=:16:8. For more information, go to https://docs.nvidia.com/cuda/cublas/index.html#cublasApi_reproducibility (Triggered internally at ../aten/src/ATen/Context.cpp:156.)
  Variable._execution_engine.run_backward(  # Calls into the C++ engine to run the backward pass
/home/zhangpeiru/.conda/envs/MetqQ2/lib/python3.11/site-packages/torch/autograd/__init__.py:251: UserWarning: Memory Efficient attention defaults to a non-deterministic algorithm. To explicitly enable determinism call torch.use_deterministic_algorithms(True, warn_only=False). (Triggered internally at ../aten/src/ATen/native/transformers/cuda/attention_backward.cu:413.)
  Variable._execution_engine.run_backward(  # Calls into the C++ engine to run the backward pass
Epoch 1, RNA: recon_loss=0.3762 , ATAC: recon_loss=0.6847 
/home/zhangpeiru/.conda/envs/MetqQ2/lib/python3.11/site-packages/torch/functional.py:377: UserWarning: Deterministic behavior was enabled with either `torch.use_deterministic_algorithms(True)` or `at::Context::setDeterministicAlgorithms(true)`, but this operation is not deterministic because it uses CuBLAS and you have CUDA >= 10.2. To enable deterministic behavior in this case, you must set an environment variable before running your PyTorch application: CUBLAS_WORKSPACE_CONFIG=:4096:8 or CUBLAS_WORKSPACE_CONFIG=:16:8. For more information, go to https://docs.nvidia.com/cuda/cublas/index.html#cublasApi_reproducibility (Triggered internally at ../aten/src/ATen/Context.cpp:156.)
  return _VF.einsum(equation, operands)  # type: ignore[attr-defined]
/data/zhangpeiru/GARQ_revision/model.py:60: UserWarning: Deterministic behavior was enabled with either `torch.use_deterministic_algorithms(True)` or `at::Context::setDeterministicAlgorithms(true)`, but this operation is not deterministic because it uses CuBLAS and you have CUDA >= 10.2. To enable deterministic behavior in this case, you must set an environment variable before running your PyTorch application: CUBLAS_WORKSPACE_CONFIG=:4096:8 or CUBLAS_WORKSPACE_CONFIG=:16:8. For more information, go to https://docs.nvidia.com/cuda/cublas/index.html#cublasApi_reproducibility (Triggered internally at ../aten/src/ATen/Context.cpp:156.)
  cell_sim = torch.matmul(normed_e, normed_e.T)
/data/zhangpeiru/GARQ_revision/model.py:78: UserWarning: Deterministic behavior was enabled with either `torch.use_deterministic_algorithms(True)` or `at::Context::setDeterministicAlgorithms(true)`, but this operation is not deterministic because it uses CuBLAS and you have CUDA >= 10.2. To enable deterministic behavior in this case, you must set an environment variable before running your PyTorch application: CUBLAS_WORKSPACE_CONFIG=:4096:8 or CUBLAS_WORKSPACE_CONFIG=:16:8. For more information, go to https://docs.nvidia.com/cuda/cublas/index.html#cublasApi_reproducibility (Triggered internally at ../aten/src/ATen/Context.cpp:156.)
  smoothed_sim = torch.matmul(adj, raw_sim)
/data/zhangpeiru/GARQ_revision/model.py:100: UserWarning: Deterministic behavior was enabled with either `torch.use_deterministic_algorithms(True)` or `at::Context::setDeterministicAlgorithms(true)`, but this operation is not deterministic because it uses CuBLAS and you have CUDA >= 10.2. To enable deterministic behavior in this case, you must set an environment variable before running your PyTorch application: CUBLAS_WORKSPACE_CONFIG=:4096:8 or CUBLAS_WORKSPACE_CONFIG=:16:8. For more information, go to https://docs.nvidia.com/cuda/cublas/index.html#cublasApi_reproducibility (Triggered internally at ../aten/src/ATen/Context.cpp:156.)
  e_q = torch.matmul(assignments, self.anchors.weight)
/data/zhangpeiru/GARQ_revision/data_utils.py:131: RuntimeWarning: Mean of empty slice.
  [data[meta_ids == i].mean(axis=0) for i in range(meta_ids.max() + 1)]
/home/zhangpeiru/.conda/envs/MetqQ2/lib/python3.11/site-packages/numpy/core/_methods.py:121: RuntimeWarning: divide by zero encountered in divide
  ret = um.true_divide(
/home/zhangpeiru/.conda/envs/MetqQ2/lib/python3.11/site-packages/numpy/core/_methods.py:121: RuntimeWarning: invalid value encountered in divide
  ret = um.true_divide(
/data/zhangpeiru/GARQ_revision/data_utils.py:140: UserWarning: The given NumPy array is not writable, and PyTorch does not support non-writable tensors. This means writing to this tensor will result in undefined behavior. You may want to copy the array to protect its data or make it writable before converting it to a tensor. This type of warning will be suppressed for the rest of this program. (Triggered internally at ../torch/csrc/utils/tensor_numpy.cpp:206.)
  type_int = torch.from_numpy(adata.obs[args.type_key].cat.codes.values).long()
/data/zhangpeiru/GARQ_revision/data_utils.py:131: RuntimeWarning: Mean of empty slice.
  [data[meta_ids == i].mean(axis=0) for i in range(meta_ids.max() + 1)]
/home/zhangpeiru/.conda/envs/MetqQ2/lib/python3.11/site-packages/numpy/core/_methods.py:121: RuntimeWarning: divide by zero encountered in divide
  ret = um.true_divide(
/home/zhangpeiru/.conda/envs/MetqQ2/lib/python3.11/site-packages/numpy/core/_methods.py:121: RuntimeWarning: invalid value encountered in divide
  ret = um.true_divide(
/home/zhangpeiru/.conda/envs/MetqQ2/lib/python3.11/site-packages/louvain/__init__.py:54: UserWarning: pkg_resources is deprecated as an API. See https://setuptools.pypa.io/en/latest/pkg_resources.html. The pkg_resources package is slated for removal as early as 2025-11-30. Refrain from using this package or pin to Setuptools<81.
  from pkg_resources import get_distribution, DistributionNotFound
/home/zhangpeiru/.conda/envs/MetqQ2/lib/python3.11/site-packages/anndata/utils.py:434: FutureWarning: Importing read_csv from `anndata` is deprecated. Import anndata.io.read_csv instead.
  warnings.warn(msg, FutureWarning)
/home/zhangpeiru/.conda/envs/MetqQ2/lib/python3.11/site-packages/anndata/utils.py:434: FutureWarning: Importing read_text from `anndata` is deprecated. Import anndata.io.read_text instead.
  warnings.warn(msg, FutureWarning)
/home/zhangpeiru/.conda/envs/MetqQ2/lib/python3.11/site-packages/anndata/utils.py:434: FutureWarning: Importing read_excel from `anndata` is deprecated. Import anndata.io.read_excel instead.
  warnings.warn(msg, FutureWarning)
/home/zhangpeiru/.conda/envs/MetqQ2/lib/python3.11/site-packages/anndata/utils.py:434: FutureWarning: Importing read_mtx from `anndata` is deprecated. Import anndata.io.read_mtx instead.
  warnings.warn(msg, FutureWarning)
/home/zhangpeiru/.conda/envs/MetqQ2/lib/python3.11/site-packages/anndata/utils.py:434: FutureWarning: Importing read_loom from `anndata` is deprecated. Import anndata.io.read_loom instead.
  warnings.warn(msg, FutureWarning)
/home/zhangpeiru/.conda/envs/MetqQ2/lib/python3.11/site-packages/anndata/utils.py:434: FutureWarning: Importing read_hdf from `anndata` is deprecated. Import anndata.io.read_hdf instead.
  warnings.warn(msg, FutureWarning)
/home/zhangpeiru/.conda/envs/MetqQ2/lib/python3.11/site-packages/anndata/utils.py:434: FutureWarning: Importing read_umi_tools from `anndata` is deprecated. Import anndata.io.read_umi_tools instead.
  warnings.warn(msg, FutureWarning)
/home/zhangpeiru/.conda/envs/MetqQ2/lib/python3.11/site-packages/scanpy/preprocessing/_highly_variable_genes.py:220: FutureWarning: The default of observed=False is deprecated and will be changed to True in a future version of pandas. Pass observed=False to retain current behavior or observed=True to adopt the future default and silence this warning.
  disp_grouped = df.groupby('mean_bin')['dispersions']
/home/zhangpeiru/.conda/envs/MetqQ2/lib/python3.11/site-packages/scanpy/preprocessing/_simple.py:843: UserWarning: Received a view of an AnnData. Making a copy.
  view_to_actual(adata)
/home/zhangpeiru/.conda/envs/MetqQ2/lib/python3.11/site-packages/scanpy/preprocessing/_highly_variable_genes.py:220: FutureWarning: The default of observed=False is deprecated and will be changed to True in a future version of pandas. Pass observed=False to retain current behavior or observed=True to adopt the future default and silence this warning.
  disp_grouped = df.groupby('mean_bin')['dispersions']
/home/zhangpeiru/.conda/envs/MetqQ2/lib/python3.11/site-packages/scanpy/preprocessing/_simple.py:843: UserWarning: Received a view of an AnnData. Making a copy.
  view_to_actual(adata)
=======Loading and Preprocessing Data=======
Data of 2 omics in total
revision_results/cache/subsets/D17_kidney_rna_updated_2000cells_seed1729.h5ad loaded with shape [2000, 5515]
revision_results/cache/subsets/D17_kidney_atac_updated_2000cells_seed1729.h5ad loaded with shape [2000, 30000]
2026-08-29 17:00:19,606 INFO Loading faiss with AVX512 support.
2026-08-29 17:00:19,626 INFO Successfully loaded faiss with AVX512 support.
2026-08-29 17:00:19,631 INFO Failed to load GPU Faiss: name 'GpuIndexIVFFlat' is not defined. Will not load constructor refs for GPU indexes. This is only an error if you're trying to use GPU Faiss.
WARNING clustering 512 points to 40 centroids: please provide at least 1560 training points
GARQ Initialization completed.
/home/zhangpeiru/.conda/envs/MetqQ2/lib/python3.11/site-packages/torch/autograd/__init__.py:251: UserWarning: Deterministic behavior was enabled with either `torch.use_deterministic_algorithms(True)` or `at::Context::setDeterministicAlgorithms(true)`, but this operation is not deterministic because it uses CuBLAS and you have CUDA >= 10.2. To enable deterministic behavior in this case, you must set an environment variable before running your PyTorch application: CUBLAS_WORKSPACE_CONFIG=:4096:8 or CUBLAS_WORKSPACE_CONFIG=:16:8. For more information, go to https://docs.nvidia.com/cuda/cublas/index.html#cublasApi_reproducibility (Triggered internally at ../aten/src/ATen/Context.cpp:156.)
  Variable._execution_engine.run_backward(  # Calls into the C++ engine to run the backward pass
/home/zhangpeiru/.conda/envs/MetqQ2/lib/python3.11/site-packages/torch/autograd/__init__.py:251: UserWarning: Memory Efficient attention defaults to a non-deterministic algorithm. To explicitly enable determinism call torch.use_deterministic_algorithms(True, warn_only=False). (Triggered internally at ../aten/src/ATen/native/transformers/cuda/attention_backward.cu:413.)
  Variable._execution_engine.run_backward(  # Calls into the C++ engine to run the backward pass
Epoch 1, RNA: recon_loss=0.3727 , ATAC: recon_loss=0.6684 
/home/zhangpeiru/.conda/envs/MetqQ2/lib/python3.11/site-packages/torch/functional.py:377: UserWarning: Deterministic behavior was enabled with either `torch.use_deterministic_algorithms(True)` or `at::Context::setDeterministicAlgorithms(true)`, but this operation is not deterministic because it uses CuBLAS and you have CUDA >= 10.2. To enable deterministic behavior in this case, you must set an environment variable before running your PyTorch application: CUBLAS_WORKSPACE_CONFIG=:4096:8 or CUBLAS_WORKSPACE_CONFIG=:16:8. For more information, go to https://docs.nvidia.com/cuda/cublas/index.html#cublasApi_reproducibility (Triggered internally at ../aten/src/ATen/Context.cpp:156.)
  return _VF.einsum(equation, operands)  # type: ignore[attr-defined]
/data/zhangpeiru/GARQ_revision/model.py:60: UserWarning: Deterministic behavior was enabled with either `torch.use_deterministic_algorithms(True)` or `at::Context::setDeterministicAlgorithms(true)`, but this operation is not deterministic because it uses CuBLAS and you have CUDA >= 10.2. To enable deterministic behavior in this case, you must set an environment variable before running your PyTorch application: CUBLAS_WORKSPACE_CONFIG=:4096:8 or CUBLAS_WORKSPACE_CONFIG=:16:8. For more information, go to https://docs.nvidia.com/cuda/cublas/index.html#cublasApi_reproducibility (Triggered internally at ../aten/src/ATen/Context.cpp:156.)
  cell_sim = torch.matmul(normed_e, normed_e.T)
/data/zhangpeiru/GARQ_revision/model.py:78: UserWarning: Deterministic behavior was enabled with either `torch.use_deterministic_algorithms(True)` or `at::Context::setDeterministicAlgorithms(true)`, but this operation is not deterministic because it uses CuBLAS and you have CUDA >= 10.2. To enable deterministic behavior in this case, you must set an environment variable before running your PyTorch application: CUBLAS_WORKSPACE_CONFIG=:4096:8 or CUBLAS_WORKSPACE_CONFIG=:16:8. For more information, go to https://docs.nvidia.com/cuda/cublas/index.html#cublasApi_reproducibility (Triggered internally at ../aten/src/ATen/Context.cpp:156.)
  smoothed_sim = torch.matmul(adj, raw_sim)
/data/zhangpeiru/GARQ_revision/model.py:100: UserWarning: Deterministic behavior was enabled with either `torch.use_deterministic_algorithms(True)` or `at::Context::setDeterministicAlgorithms(true)`, but this operation is not deterministic because it uses CuBLAS and you have CUDA >= 10.2. To enable deterministic behavior in this case, you must set an environment variable before running your PyTorch application: CUBLAS_WORKSPACE_CONFIG=:4096:8 or CUBLAS_WORKSPACE_CONFIG=:16:8. For more information, go to https://docs.nvidia.com/cuda/cublas/index.html#cublasApi_reproducibility (Triggered internally at ../aten/src/ATen/Context.cpp:156.)
  e_q = torch.matmul(assignments, self.anchors.weight)
/data/zhangpeiru/GARQ_revision/data_utils.py:131: RuntimeWarning: Mean of empty slice.
  [data[meta_ids == i].mean(axis=0) for i in range(meta_ids.max() + 1)]
/home/zhangpeiru/.conda/envs/MetqQ2/lib/python3.11/site-packages/numpy/core/_methods.py:121: RuntimeWarning: divide by zero encountered in divide
  ret = um.true_divide(
/home/zhangpeiru/.conda/envs/MetqQ2/lib/python3.11/site-packages/numpy/core/_methods.py:121: RuntimeWarning: invalid value encountered in divide
  ret = um.true_divide(
/data/zhangpeiru/GARQ_revision/data_utils.py:140: UserWarning: The given NumPy array is not writable, and PyTorch does not support non-writable tensors. This means writing to this tensor will result in undefined behavior. You may want to copy the array to protect its data or make it writable before converting it to a tensor. This type of warning will be suppressed for the rest of this program. (Triggered internally at ../torch/csrc/utils/tensor_numpy.cpp:206.)
  type_int = torch.from_numpy(adata.obs[args.type_key].cat.codes.values).long()
/data/zhangpeiru/GARQ_revision/data_utils.py:131: RuntimeWarning: Mean of empty slice.
  [data[meta_ids == i].mean(axis=0) for i in range(meta_ids.max() + 1)]
/home/zhangpeiru/.conda/envs/MetqQ2/lib/python3.11/site-packages/numpy/core/_methods.py:121: RuntimeWarning: divide by zero encountered in divide
  ret = um.true_divide(
/home/zhangpeiru/.conda/envs/MetqQ2/lib/python3.11/site-packages/numpy/core/_methods.py:121: RuntimeWarning: invalid value encountered in divide
  ret = um.true_divide(
/home/zhangpeiru/.conda/envs/MetqQ2/lib/python3.11/site-packages/louvain/__init__.py:54: UserWarning: pkg_resources is deprecated as an API. See https://setuptools.pypa.io/en/latest/pkg_resources.html. The pkg_resources package is slated for removal as early as 2025-11-30. Refrain from using this package or pin to Setuptools<81.
  from pkg_resources import get_distribution, DistributionNotFound
/home/zhangpeiru/.conda/envs/MetqQ2/lib/python3.11/site-packages/anndata/utils.py:434: FutureWarning: Importing read_csv from `anndata` is deprecated. Import anndata.io.read_csv instead.
  warnings.warn(msg, FutureWarning)
/home/zhangpeiru/.conda/envs/MetqQ2/lib/python3.11/site-packages/anndata/utils.py:434: FutureWarning: Importing read_text from `anndata` is deprecated. Import anndata.io.read_text instead.
  warnings.warn(msg, FutureWarning)
/home/zhangpeiru/.conda/envs/MetqQ2/lib/python3.11/site-packages/anndata/utils.py:434: FutureWarning: Importing read_excel from `anndata` is deprecated. Import anndata.io.read_excel instead.
  warnings.warn(msg, FutureWarning)
/home/zhangpeiru/.conda/envs/MetqQ2/lib/python3.11/site-packages/anndata/utils.py:434: FutureWarning: Importing read_mtx from `anndata` is deprecated. Import anndata.io.read_mtx instead.
  warnings.warn(msg, FutureWarning)
/home/zhangpeiru/.conda/envs/MetqQ2/lib/python3.11/site-packages/anndata/utils.py:434: FutureWarning: Importing read_loom from `anndata` is deprecated. Import anndata.io.read_loom instead.
  warnings.warn(msg, FutureWarning)
/home/zhangpeiru/.conda/envs/MetqQ2/lib/python3.11/site-packages/anndata/utils.py:434: FutureWarning: Importing read_hdf from `anndata` is deprecated. Import anndata.io.read_hdf instead.
  warnings.warn(msg, FutureWarning)
/home/zhangpeiru/.conda/envs/MetqQ2/lib/python3.11/site-packages/anndata/utils.py:434: FutureWarning: Importing read_umi_tools from `anndata` is deprecated. Import anndata.io.read_umi_tools instead.
  warnings.warn(msg, FutureWarning)
/home/zhangpeiru/.conda/envs/MetqQ2/lib/python3.11/site-packages/scanpy/preprocessing/_highly_variable_genes.py:220: FutureWarning: The default of observed=False is deprecated and will be changed to True in a future version of pandas. Pass observed=False to retain current behavior or observed=True to adopt the future default and silence this warning.
  disp_grouped = df.groupby('mean_bin')['dispersions']
/home/zhangpeiru/.conda/envs/MetqQ2/lib/python3.11/site-packages/scanpy/preprocessing/_simple.py:843: UserWarning: Received a view of an AnnData. Making a copy.
  view_to_actual(adata)
/home/zhangpeiru/.conda/envs/MetqQ2/lib/python3.11/site-packages/scanpy/preprocessing/_highly_variable_genes.py:220: FutureWarning: The default of observed=False is deprecated and will be changed to True in a future version of pandas. Pass observed=False to retain current behavior or observed=True to adopt the future default and silence this warning.
  disp_grouped = df.groupby('mean_bin')['dispersions']
/home/zhangpeiru/.conda/envs/MetqQ2/lib/python3.11/site-packages/scanpy/preprocessing/_simple.py:843: UserWarning: Received a view of an AnnData. Making a copy.
  view_to_actual(adata)
=======Loading and Preprocessing Data=======
Data of 2 omics in total
revision_results/cache/subsets/D17_kidney_rna_updated_2000cells_seed1729.h5ad loaded with shape [2000, 5515]
revision_results/cache/subsets/D17_kidney_atac_updated_2000cells_seed1729.h5ad loaded with shape [2000, 30000]
2026-08-29 17:00:36,819 INFO Loading faiss with AVX512 support.
2026-08-29 17:00:36,845 INFO Successfully loaded faiss with AVX512 support.
2026-08-29 17:00:36,849 INFO Failed to load GPU Faiss: name 'GpuIndexIVFFlat' is not defined. Will not load constructor refs for GPU indexes. This is only an error if you're trying to use GPU Faiss.
WARNING clustering 512 points to 40 centroids: please provide at least 1560 training points
GARQ Initialization completed.
/home/zhangpeiru/.conda/envs/MetqQ2/lib/python3.11/site-packages/torch/autograd/__init__.py:251: UserWarning: Deterministic behavior was enabled with either `torch.use_deterministic_algorithms(True)` or `at::Context::setDeterministicAlgorithms(true)`, but this operation is not deterministic because it uses CuBLAS and you have CUDA >= 10.2. To enable deterministic behavior in this case, you must set an environment variable before running your PyTorch application: CUBLAS_WORKSPACE_CONFIG=:4096:8 or CUBLAS_WORKSPACE_CONFIG=:16:8. For more information, go to https://docs.nvidia.com/cuda/cublas/index.html#cublasApi_reproducibility (Triggered internally at ../aten/src/ATen/Context.cpp:156.)
  Variable._execution_engine.run_backward(  # Calls into the C++ engine to run the backward pass
/home/zhangpeiru/.conda/envs/MetqQ2/lib/python3.11/site-packages/torch/autograd/__init__.py:251: UserWarning: Memory Efficient attention defaults to a non-deterministic algorithm. To explicitly enable determinism call torch.use_deterministic_algorithms(True, warn_only=False). (Triggered internally at ../aten/src/ATen/native/transformers/cuda/attention_backward.cu:413.)
  Variable._execution_engine.run_backward(  # Calls into the C++ engine to run the backward pass
Epoch 1, RNA: recon_loss=0.3752 , ATAC: recon_loss=0.6705 
/home/zhangpeiru/.conda/envs/MetqQ2/lib/python3.11/site-packages/torch/functional.py:377: UserWarning: Deterministic behavior was enabled with either `torch.use_deterministic_algorithms(True)` or `at::Context::setDeterministicAlgorithms(true)`, but this operation is not deterministic because it uses CuBLAS and you have CUDA >= 10.2. To enable deterministic behavior in this case, you must set an environment variable before running your PyTorch application: CUBLAS_WORKSPACE_CONFIG=:4096:8 or CUBLAS_WORKSPACE_CONFIG=:16:8. For more information, go to https://docs.nvidia.com/cuda/cublas/index.html#cublasApi_reproducibility (Triggered internally at ../aten/src/ATen/Context.cpp:156.)
  return _VF.einsum(equation, operands)  # type: ignore[attr-defined]
/data/zhangpeiru/GARQ_revision/model.py:60: UserWarning: Deterministic behavior was enabled with either `torch.use_deterministic_algorithms(True)` or `at::Context::setDeterministicAlgorithms(true)`, but this operation is not deterministic because it uses CuBLAS and you have CUDA >= 10.2. To enable deterministic behavior in this case, you must set an environment variable before running your PyTorch application: CUBLAS_WORKSPACE_CONFIG=:4096:8 or CUBLAS_WORKSPACE_CONFIG=:16:8. For more information, go to https://docs.nvidia.com/cuda/cublas/index.html#cublasApi_reproducibility (Triggered internally at ../aten/src/ATen/Context.cpp:156.)
  cell_sim = torch.matmul(normed_e, normed_e.T)
/data/zhangpeiru/GARQ_revision/model.py:78: UserWarning: Deterministic behavior was enabled with either `torch.use_deterministic_algorithms(True)` or `at::Context::setDeterministicAlgorithms(true)`, but this operation is not deterministic because it uses CuBLAS and you have CUDA >= 10.2. To enable deterministic behavior in this case, you must set an environment variable before running your PyTorch application: CUBLAS_WORKSPACE_CONFIG=:4096:8 or CUBLAS_WORKSPACE_CONFIG=:16:8. For more information, go to https://docs.nvidia.com/cuda/cublas/index.html#cublasApi_reproducibility (Triggered internally at ../aten/src/ATen/Context.cpp:156.)
  smoothed_sim = torch.matmul(adj, raw_sim)
/data/zhangpeiru/GARQ_revision/model.py:100: UserWarning: Deterministic behavior was enabled with either `torch.use_deterministic_algorithms(True)` or `at::Context::setDeterministicAlgorithms(true)`, but this operation is not deterministic because it uses CuBLAS and you have CUDA >= 10.2. To enable deterministic behavior in this case, you must set an environment variable before running your PyTorch application: CUBLAS_WORKSPACE_CONFIG=:4096:8 or CUBLAS_WORKSPACE_CONFIG=:16:8. For more information, go to https://docs.nvidia.com/cuda/cublas/index.html#cublasApi_reproducibility (Triggered internally at ../aten/src/ATen/Context.cpp:156.)
  e_q = torch.matmul(assignments, self.anchors.weight)
/data/zhangpeiru/GARQ_revision/model.py:121: UserWarning: cumsum_cuda_kernel does not have a deterministic implementation, but you set 'torch.use_deterministic_algorithms(True, warn_only=True)'. You can file an issue at https://github.com/pytorch/pytorch/issues to help us prioritize adding deterministic support for this operation. (Triggered internally at ../aten/src/ATen/Context.cpp:71.)
  dis_indices = torch.multinomial(
/data/zhangpeiru/GARQ_revision/data_utils.py:131: RuntimeWarning: Mean of empty slice.
  [data[meta_ids == i].mean(axis=0) for i in range(meta_ids.max() + 1)]
/home/zhangpeiru/.conda/envs/MetqQ2/lib/python3.11/site-packages/numpy/core/_methods.py:121: RuntimeWarning: divide by zero encountered in divide
  ret = um.true_divide(
/home/zhangpeiru/.conda/envs/MetqQ2/lib/python3.11/site-packages/numpy/core/_methods.py:121: RuntimeWarning: invalid value encountered in divide
  ret = um.true_divide(
/data/zhangpeiru/GARQ_revision/data_utils.py:140: UserWarning: The given NumPy array is not writable, and PyTorch does not support non-writable tensors. This means writing to this tensor will result in undefined behavior. You may want to copy the array to protect its data or make it writable before converting it to a tensor. This type of warning will be suppressed for the rest of this program. (Triggered internally at ../torch/csrc/utils/tensor_numpy.cpp:206.)
  type_int = torch.from_numpy(adata.obs[args.type_key].cat.codes.values).long()
/data/zhangpeiru/GARQ_revision/data_utils.py:131: RuntimeWarning: Mean of empty slice.
  [data[meta_ids == i].mean(axis=0) for i in range(meta_ids.max() + 1)]
/home/zhangpeiru/.conda/envs/MetqQ2/lib/python3.11/site-packages/numpy/core/_methods.py:121: RuntimeWarning: divide by zero encountered in divide
  ret = um.true_divide(
/home/zhangpeiru/.conda/envs/MetqQ2/lib/python3.11/site-packages/numpy/core/_methods.py:121: RuntimeWarning: invalid value encountered in divide
  ret = um.true_divide(
/home/zhangpeiru/.conda/envs/MetqQ2/lib/python3.11/site-packages/louvain/__init__.py:54: UserWarning: pkg_resources is deprecated as an API. See https://setuptools.pypa.io/en/latest/pkg_resources.html. The pkg_resources package is slated for removal as early as 2025-11-30. Refrain from using this package or pin to Setuptools<81.
  from pkg_resources import get_distribution, DistributionNotFound
/home/zhangpeiru/.conda/envs/MetqQ2/lib/python3.11/site-packages/anndata/utils.py:434: FutureWarning: Importing read_csv from `anndata` is deprecated. Import anndata.io.read_csv instead.
  warnings.warn(msg, FutureWarning)
/home/zhangpeiru/.conda/envs/MetqQ2/lib/python3.11/site-packages/anndata/utils.py:434: FutureWarning: Importing read_text from `anndata` is deprecated. Import anndata.io.read_text instead.
  warnings.warn(msg, FutureWarning)
/home/zhangpeiru/.conda/envs/MetqQ2/lib/python3.11/site-packages/anndata/utils.py:434: FutureWarning: Importing read_excel from `anndata` is deprecated. Import anndata.io.read_excel instead.
  warnings.warn(msg, FutureWarning)
/home/zhangpeiru/.conda/envs/MetqQ2/lib/python3.11/site-packages/anndata/utils.py:434: FutureWarning: Importing read_mtx from `anndata` is deprecated. Import anndata.io.read_mtx instead.
  warnings.warn(msg, FutureWarning)
/home/zhangpeiru/.conda/envs/MetqQ2/lib/python3.11/site-packages/anndata/utils.py:434: FutureWarning: Importing read_loom from `anndata` is deprecated. Import anndata.io.read_loom instead.
  warnings.warn(msg, FutureWarning)
/home/zhangpeiru/.conda/envs/MetqQ2/lib/python3.11/site-packages/anndata/utils.py:434: FutureWarning: Importing read_hdf from `anndata` is deprecated. Import anndata.io.read_hdf instead.
  warnings.warn(msg, FutureWarning)
/home/zhangpeiru/.conda/envs/MetqQ2/lib/python3.11/site-packages/anndata/utils.py:434: FutureWarning: Importing read_umi_tools from `anndata` is deprecated. Import anndata.io.read_umi_tools instead.
  warnings.warn(msg, FutureWarning)
/home/zhangpeiru/.conda/envs/MetqQ2/lib/python3.11/site-packages/scanpy/preprocessing/_highly_variable_genes.py:220: FutureWarning: The default of observed=False is deprecated and will be changed to True in a future version of pandas. Pass observed=False to retain current behavior or observed=True to adopt the future default and silence this warning.
  disp_grouped = df.groupby('mean_bin')['dispersions']
/home/zhangpeiru/.conda/envs/MetqQ2/lib/python3.11/site-packages/scanpy/preprocessing/_simple.py:843: UserWarning: Received a view of an AnnData. Making a copy.
  view_to_actual(adata)
/home/zhangpeiru/.conda/envs/MetqQ2/lib/python3.11/site-packages/scanpy/preprocessing/_highly_variable_genes.py:220: FutureWarning: The default of observed=False is deprecated and will be changed to True in a future version of pandas. Pass observed=False to retain current behavior or observed=True to adopt the future default and silence this warning.
  disp_grouped = df.groupby('mean_bin')['dispersions']
/home/zhangpeiru/.conda/envs/MetqQ2/lib/python3.11/site-packages/scanpy/preprocessing/_simple.py:843: UserWarning: Received a view of an AnnData. Making a copy.
  view_to_actual(adata)
=======Loading and Preprocessing Data=======
Data of 2 omics in total
revision_results/cache/subsets/D17_kidney_rna_updated_2000cells_seed1729.h5ad loaded with shape [2000, 5515]
revision_results/cache/subsets/D17_kidney_atac_updated_2000cells_seed1729.h5ad loaded with shape [2000, 30000]
2026-08-29 17:00:54,870 INFO Loading faiss with AVX512 support.
2026-08-29 17:00:54,892 INFO Successfully loaded faiss with AVX512 support.
2026-08-29 17:00:54,896 INFO Failed to load GPU Faiss: name 'GpuIndexIVFFlat' is not defined. Will not load constructor refs for GPU indexes. This is only an error if you're trying to use GPU Faiss.
WARNING clustering 512 points to 40 centroids: please provide at least 1560 training points
GARQ Initialization completed.
/home/zhangpeiru/.conda/envs/MetqQ2/lib/python3.11/site-packages/torch/autograd/__init__.py:251: UserWarning: Deterministic behavior was enabled with either `torch.use_deterministic_algorithms(True)` or `at::Context::setDeterministicAlgorithms(true)`, but this operation is not deterministic because it uses CuBLAS and you have CUDA >= 10.2. To enable deterministic behavior in this case, you must set an environment variable before running your PyTorch application: CUBLAS_WORKSPACE_CONFIG=:4096:8 or CUBLAS_WORKSPACE_CONFIG=:16:8. For more information, go to https://docs.nvidia.com/cuda/cublas/index.html#cublasApi_reproducibility (Triggered internally at ../aten/src/ATen/Context.cpp:156.)
  Variable._execution_engine.run_backward(  # Calls into the C++ engine to run the backward pass
/home/zhangpeiru/.conda/envs/MetqQ2/lib/python3.11/site-packages/torch/autograd/__init__.py:251: UserWarning: Memory Efficient attention defaults to a non-deterministic algorithm. To explicitly enable determinism call torch.use_deterministic_algorithms(True, warn_only=False). (Triggered internally at ../aten/src/ATen/native/transformers/cuda/attention_backward.cu:413.)
  Variable._execution_engine.run_backward(  # Calls into the C++ engine to run the backward pass
Epoch 1, RNA: recon_loss=0.3771 , ATAC: recon_loss=0.6757 
/home/zhangpeiru/.conda/envs/MetqQ2/lib/python3.11/site-packages/torch/functional.py:377: UserWarning: Deterministic behavior was enabled with either `torch.use_deterministic_algorithms(True)` or `at::Context::setDeterministicAlgorithms(true)`, but this operation is not deterministic because it uses CuBLAS and you have CUDA >= 10.2. To enable deterministic behavior in this case, you must set an environment variable before running your PyTorch application: CUBLAS_WORKSPACE_CONFIG=:4096:8 or CUBLAS_WORKSPACE_CONFIG=:16:8. For more information, go to https://docs.nvidia.com/cuda/cublas/index.html#cublasApi_reproducibility (Triggered internally at ../aten/src/ATen/Context.cpp:156.)
  return _VF.einsum(equation, operands)  # type: ignore[attr-defined]
/data/zhangpeiru/GARQ_revision/model.py:60: UserWarning: Deterministic behavior was enabled with either `torch.use_deterministic_algorithms(True)` or `at::Context::setDeterministicAlgorithms(true)`, but this operation is not deterministic because it uses CuBLAS and you have CUDA >= 10.2. To enable deterministic behavior in this case, you must set an environment variable before running your PyTorch application: CUBLAS_WORKSPACE_CONFIG=:4096:8 or CUBLAS_WORKSPACE_CONFIG=:16:8. For more information, go to https://docs.nvidia.com/cuda/cublas/index.html#cublasApi_reproducibility (Triggered internally at ../aten/src/ATen/Context.cpp:156.)
  cell_sim = torch.matmul(normed_e, normed_e.T)
/data/zhangpeiru/GARQ_revision/model.py:78: UserWarning: Deterministic behavior was enabled with either `torch.use_deterministic_algorithms(True)` or `at::Context::setDeterministicAlgorithms(true)`, but this operation is not deterministic because it uses CuBLAS and you have CUDA >= 10.2. To enable deterministic behavior in this case, you must set an environment variable before running your PyTorch application: CUBLAS_WORKSPACE_CONFIG=:4096:8 or CUBLAS_WORKSPACE_CONFIG=:16:8. For more information, go to https://docs.nvidia.com/cuda/cublas/index.html#cublasApi_reproducibility (Triggered internally at ../aten/src/ATen/Context.cpp:156.)
  smoothed_sim = torch.matmul(adj, raw_sim)
/data/zhangpeiru/GARQ_revision/model.py:100: UserWarning: Deterministic behavior was enabled with either `torch.use_deterministic_algorithms(True)` or `at::Context::setDeterministicAlgorithms(true)`, but this operation is not deterministic because it uses CuBLAS and you have CUDA >= 10.2. To enable deterministic behavior in this case, you must set an environment variable before running your PyTorch application: CUBLAS_WORKSPACE_CONFIG=:4096:8 or CUBLAS_WORKSPACE_CONFIG=:16:8. For more information, go to https://docs.nvidia.com/cuda/cublas/index.html#cublasApi_reproducibility (Triggered internally at ../aten/src/ATen/Context.cpp:156.)
  e_q = torch.matmul(assignments, self.anchors.weight)
/data/zhangpeiru/GARQ_revision/model.py:121: UserWarning: cumsum_cuda_kernel does not have a deterministic implementation, but you set 'torch.use_deterministic_algorithms(True, warn_only=True)'. You can file an issue at https://github.com/pytorch/pytorch/issues to help us prioritize adding deterministic support for this operation. (Triggered internally at ../aten/src/ATen/Context.cpp:71.)
  dis_indices = torch.multinomial(
/data/zhangpeiru/GARQ_revision/data_utils.py:140: UserWarning: The given NumPy array is not writable, and PyTorch does not support non-writable tensors. This means writing to this tensor will result in undefined behavior. You may want to copy the array to protect its data or make it writable before converting it to a tensor. This type of warning will be suppressed for the rest of this program. (Triggered internally at ../torch/csrc/utils/tensor_numpy.cpp:206.)
  type_int = torch.from_numpy(adata.obs[args.type_key].cat.codes.values).long()
/home/zhangpeiru/.conda/envs/MetqQ2/lib/python3.11/site-packages/louvain/__init__.py:54: UserWarning: pkg_resources is deprecated as an API. See https://setuptools.pypa.io/en/latest/pkg_resources.html. The pkg_resources package is slated for removal as early as 2025-11-30. Refrain from using this package or pin to Setuptools<81.
  from pkg_resources import get_distribution, DistributionNotFound
/home/zhangpeiru/.conda/envs/MetqQ2/lib/python3.11/site-packages/anndata/utils.py:434: FutureWarning: Importing read_csv from `anndata` is deprecated. Import anndata.io.read_csv instead.
  warnings.warn(msg, FutureWarning)
/home/zhangpeiru/.conda/envs/MetqQ2/lib/python3.11/site-packages/anndata/utils.py:434: FutureWarning: Importing read_text from `anndata` is deprecated. Import anndata.io.read_text instead.
  warnings.warn(msg, FutureWarning)
/home/zhangpeiru/.conda/envs/MetqQ2/lib/python3.11/site-packages/anndata/utils.py:434: FutureWarning: Importing read_excel from `anndata` is deprecated. Import anndata.io.read_excel instead.
  warnings.warn(msg, FutureWarning)
/home/zhangpeiru/.conda/envs/MetqQ2/lib/python3.11/site-packages/anndata/utils.py:434: FutureWarning: Importing read_mtx from `anndata` is deprecated. Import anndata.io.read_mtx instead.
  warnings.warn(msg, FutureWarning)
/home/zhangpeiru/.conda/envs/MetqQ2/lib/python3.11/site-packages/anndata/utils.py:434: FutureWarning: Importing read_loom from `anndata` is deprecated. Import anndata.io.read_loom instead.
  warnings.warn(msg, FutureWarning)
/home/zhangpeiru/.conda/envs/MetqQ2/lib/python3.11/site-packages/anndata/utils.py:434: FutureWarning: Importing read_hdf from `anndata` is deprecated. Import anndata.io.read_hdf instead.
  warnings.warn(msg, FutureWarning)
/home/zhangpeiru/.conda/envs/MetqQ2/lib/python3.11/site-packages/anndata/utils.py:434: FutureWarning: Importing read_umi_tools from `anndata` is deprecated. Import anndata.io.read_umi_tools instead.
  warnings.warn(msg, FutureWarning)
/home/zhangpeiru/.conda/envs/MetqQ2/lib/python3.11/site-packages/scanpy/preprocessing/_highly_variable_genes.py:220: FutureWarning: The default of observed=False is deprecated and will be changed to True in a future version of pandas. Pass observed=False to retain current behavior or observed=True to adopt the future default and silence this warning.
  disp_grouped = df.groupby('mean_bin')['dispersions']
/home/zhangpeiru/.conda/envs/MetqQ2/lib/python3.11/site-packages/scanpy/preprocessing/_simple.py:843: UserWarning: Received a view of an AnnData. Making a copy.
  view_to_actual(adata)
/home/zhangpeiru/.conda/envs/MetqQ2/lib/python3.11/site-packages/scanpy/preprocessing/_highly_variable_genes.py:220: FutureWarning: The default of observed=False is deprecated and will be changed to True in a future version of pandas. Pass observed=False to retain current behavior or observed=True to adopt the future default and silence this warning.
  disp_grouped = df.groupby('mean_bin')['dispersions']
/home/zhangpeiru/.conda/envs/MetqQ2/lib/python3.11/site-packages/scanpy/preprocessing/_simple.py:843: UserWarning: Received a view of an AnnData. Making a copy.
  view_to_actual(adata)
=======Loading and Preprocessing Data=======
Data of 2 omics in total
revision_results/cache/subsets/D17_kidney_rna_updated_2000cells_seed1729.h5ad loaded with shape [2000, 5515]
revision_results/cache/subsets/D17_kidney_atac_updated_2000cells_seed1729.h5ad loaded with shape [2000, 30000]
2026-08-29 17:01:14,142 INFO Loading faiss with AVX512 support.
2026-08-29 17:01:14,166 INFO Successfully loaded faiss with AVX512 support.
2026-08-29 17:01:14,170 INFO Failed to load GPU Faiss: name 'GpuIndexIVFFlat' is not defined. Will not load constructor refs for GPU indexes. This is only an error if you're trying to use GPU Faiss.
WARNING clustering 512 points to 40 centroids: please provide at least 1560 training points
GARQ Initialization completed.
/home/zhangpeiru/.conda/envs/MetqQ2/lib/python3.11/site-packages/torch/autograd/__init__.py:251: UserWarning: Deterministic behavior was enabled with either `torch.use_deterministic_algorithms(True)` or `at::Context::setDeterministicAlgorithms(true)`, but this operation is not deterministic because it uses CuBLAS and you have CUDA >= 10.2. To enable deterministic behavior in this case, you must set an environment variable before running your PyTorch application: CUBLAS_WORKSPACE_CONFIG=:4096:8 or CUBLAS_WORKSPACE_CONFIG=:16:8. For more information, go to https://docs.nvidia.com/cuda/cublas/index.html#cublasApi_reproducibility (Triggered internally at ../aten/src/ATen/Context.cpp:156.)
  Variable._execution_engine.run_backward(  # Calls into the C++ engine to run the backward pass
/home/zhangpeiru/.conda/envs/MetqQ2/lib/python3.11/site-packages/torch/autograd/__init__.py:251: UserWarning: Memory Efficient attention defaults to a non-deterministic algorithm. To explicitly enable determinism call torch.use_deterministic_algorithms(True, warn_only=False). (Triggered internally at ../aten/src/ATen/native/transformers/cuda/attention_backward.cu:413.)
  Variable._execution_engine.run_backward(  # Calls into the C++ engine to run the backward pass
Epoch 1, RNA: recon_loss=0.3762 , ATAC: recon_loss=0.6847 
/home/zhangpeiru/.conda/envs/MetqQ2/lib/python3.11/site-packages/torch/functional.py:377: UserWarning: Deterministic behavior was enabled with either `torch.use_deterministic_algorithms(True)` or `at::Context::setDeterministicAlgorithms(true)`, but this operation is not deterministic because it uses CuBLAS and you have CUDA >= 10.2. To enable deterministic behavior in this case, you must set an environment variable before running your PyTorch application: CUBLAS_WORKSPACE_CONFIG=:4096:8 or CUBLAS_WORKSPACE_CONFIG=:16:8. For more information, go to https://docs.nvidia.com/cuda/cublas/index.html#cublasApi_reproducibility (Triggered internally at ../aten/src/ATen/Context.cpp:156.)
  return _VF.einsum(equation, operands)  # type: ignore[attr-defined]
/data/zhangpeiru/GARQ_revision/model.py:60: UserWarning: Deterministic behavior was enabled with either `torch.use_deterministic_algorithms(True)` or `at::Context::setDeterministicAlgorithms(true)`, but this operation is not deterministic because it uses CuBLAS and you have CUDA >= 10.2. To enable deterministic behavior in this case, you must set an environment variable before running your PyTorch application: CUBLAS_WORKSPACE_CONFIG=:4096:8 or CUBLAS_WORKSPACE_CONFIG=:16:8. For more information, go to https://docs.nvidia.com/cuda/cublas/index.html#cublasApi_reproducibility (Triggered internally at ../aten/src/ATen/Context.cpp:156.)
  cell_sim = torch.matmul(normed_e, normed_e.T)
/data/zhangpeiru/GARQ_revision/model.py:78: UserWarning: Deterministic behavior was enabled with either `torch.use_deterministic_algorithms(True)` or `at::Context::setDeterministicAlgorithms(true)`, but this operation is not deterministic because it uses CuBLAS and you have CUDA >= 10.2. To enable deterministic behavior in this case, you must set an environment variable before running your PyTorch application: CUBLAS_WORKSPACE_CONFIG=:4096:8 or CUBLAS_WORKSPACE_CONFIG=:16:8. For more information, go to https://docs.nvidia.com/cuda/cublas/index.html#cublasApi_reproducibility (Triggered internally at ../aten/src/ATen/Context.cpp:156.)
  smoothed_sim = torch.matmul(adj, raw_sim)
/data/zhangpeiru/GARQ_revision/model.py:100: UserWarning: Deterministic behavior was enabled with either `torch.use_deterministic_algorithms(True)` or `at::Context::setDeterministicAlgorithms(true)`, but this operation is not deterministic because it uses CuBLAS and you have CUDA >= 10.2. To enable deterministic behavior in this case, you must set an environment variable before running your PyTorch application: CUBLAS_WORKSPACE_CONFIG=:4096:8 or CUBLAS_WORKSPACE_CONFIG=:16:8. For more information, go to https://docs.nvidia.com/cuda/cublas/index.html#cublasApi_reproducibility (Triggered internally at ../aten/src/ATen/Context.cpp:156.)
  e_q = torch.matmul(assignments, self.anchors.weight)
/data/zhangpeiru/GARQ_revision/model.py:121: UserWarning: cumsum_cuda_kernel does not have a deterministic implementation, but you set 'torch.use_deterministic_algorithms(True, warn_only=True)'. You can file an issue at https://github.com/pytorch/pytorch/issues to help us prioritize adding deterministic support for this operation. (Triggered internally at ../aten/src/ATen/Context.cpp:71.)
  dis_indices = torch.multinomial(
/data/zhangpeiru/GARQ_revision/data_utils.py:131: RuntimeWarning: Mean of empty slice.
  [data[meta_ids == i].mean(axis=0) for i in range(meta_ids.max() + 1)]
/home/zhangpeiru/.conda/envs/MetqQ2/lib/python3.11/site-packages/numpy/core/_methods.py:121: RuntimeWarning: divide by zero encountered in divide
  ret = um.true_divide(
/home/zhangpeiru/.conda/envs/MetqQ2/lib/python3.11/site-packages/numpy/core/_methods.py:121: RuntimeWarning: invalid value encountered in divide
  ret = um.true_divide(
/data/zhangpeiru/GARQ_revision/data_utils.py:140: UserWarning: The given NumPy array is not writable, and PyTorch does not support non-writable tensors. This means writing to this tensor will result in undefined behavior. You may want to copy the array to protect its data or make it writable before converting it to a tensor. This type of warning will be suppressed for the rest of this program. (Triggered internally at ../torch/csrc/utils/tensor_numpy.cpp:206.)
  type_int = torch.from_numpy(adata.obs[args.type_key].cat.codes.values).long()
/data/zhangpeiru/GARQ_revision/data_utils.py:131: RuntimeWarning: Mean of empty slice.
  [data[meta_ids == i].mean(axis=0) for i in range(meta_ids.max() + 1)]
/home/zhangpeiru/.conda/envs/MetqQ2/lib/python3.11/site-packages/numpy/core/_methods.py:121: RuntimeWarning: divide by zero encountered in divide
  ret = um.true_divide(
/home/zhangpeiru/.conda/envs/MetqQ2/lib/python3.11/site-packages/numpy/core/_methods.py:121: RuntimeWarning: invalid value encountered in divide
  ret = um.true_divide(
/home/zhangpeiru/.conda/envs/MetqQ2/lib/python3.11/site-packages/louvain/__init__.py:54: UserWarning: pkg_resources is deprecated as an API. See https://setuptools.pypa.io/en/latest/pkg_resources.html. The pkg_resources package is slated for removal as early as 2025-11-30. Refrain from using this package or pin to Setuptools<81.
  from pkg_resources import get_distribution, DistributionNotFound
/home/zhangpeiru/.conda/envs/MetqQ2/lib/python3.11/site-packages/anndata/utils.py:434: FutureWarning: Importing read_csv from `anndata` is deprecated. Import anndata.io.read_csv instead.
  warnings.warn(msg, FutureWarning)
/home/zhangpeiru/.conda/envs/MetqQ2/lib/python3.11/site-packages/anndata/utils.py:434: FutureWarning: Importing read_text from `anndata` is deprecated. Import anndata.io.read_text instead.
  warnings.warn(msg, FutureWarning)
/home/zhangpeiru/.conda/envs/MetqQ2/lib/python3.11/site-packages/anndata/utils.py:434: FutureWarning: Importing read_excel from `anndata` is deprecated. Import anndata.io.read_excel instead.
  warnings.warn(msg, FutureWarning)
/home/zhangpeiru/.conda/envs/MetqQ2/lib/python3.11/site-packages/anndata/utils.py:434: FutureWarning: Importing read_mtx from `anndata` is deprecated. Import anndata.io.read_mtx instead.
  warnings.warn(msg, FutureWarning)
/home/zhangpeiru/.conda/envs/MetqQ2/lib/python3.11/site-packages/anndata/utils.py:434: FutureWarning: Importing read_loom from `anndata` is deprecated. Import anndata.io.read_loom instead.
  warnings.warn(msg, FutureWarning)
/home/zhangpeiru/.conda/envs/MetqQ2/lib/python3.11/site-packages/anndata/utils.py:434: FutureWarning: Importing read_hdf from `anndata` is deprecated. Import anndata.io.read_hdf instead.
  warnings.warn(msg, FutureWarning)
/home/zhangpeiru/.conda/envs/MetqQ2/lib/python3.11/site-packages/anndata/utils.py:434: FutureWarning: Importing read_umi_tools from `anndata` is deprecated. Import anndata.io.read_umi_tools instead.
  warnings.warn(msg, FutureWarning)
/home/zhangpeiru/.conda/envs/MetqQ2/lib/python3.11/site-packages/scanpy/preprocessing/_highly_variable_genes.py:220: FutureWarning: The default of observed=False is deprecated and will be changed to True in a future version of pandas. Pass observed=False to retain current behavior or observed=True to adopt the future default and silence this warning.
  disp_grouped = df.groupby('mean_bin')['dispersions']
/home/zhangpeiru/.conda/envs/MetqQ2/lib/python3.11/site-packages/scanpy/preprocessing/_simple.py:843: UserWarning: Received a view of an AnnData. Making a copy.
  view_to_actual(adata)
/home/zhangpeiru/.conda/envs/MetqQ2/lib/python3.11/site-packages/scanpy/preprocessing/_highly_variable_genes.py:220: FutureWarning: The default of observed=False is deprecated and will be changed to True in a future version of pandas. Pass observed=False to retain current behavior or observed=True to adopt the future default and silence this warning.
  disp_grouped = df.groupby('mean_bin')['dispersions']
/home/zhangpeiru/.conda/envs/MetqQ2/lib/python3.11/site-packages/scanpy/preprocessing/_simple.py:843: UserWarning: Received a view of an AnnData. Making a copy.
  view_to_actual(adata)
=======Loading and Preprocessing Data=======
Data of 2 omics in total
revision_results/cache/subsets/D17_kidney_rna_updated_2000cells_seed1729.h5ad loaded with shape [2000, 5515]
revision_results/cache/subsets/D17_kidney_atac_updated_2000cells_seed1729.h5ad loaded with shape [2000, 30000]
2026-08-29 17:01:33,372 INFO Loading faiss with AVX512 support.
2026-08-29 17:01:33,393 INFO Successfully loaded faiss with AVX512 support.
2026-08-29 17:01:33,396 INFO Failed to load GPU Faiss: name 'GpuIndexIVFFlat' is not defined. Will not load constructor refs for GPU indexes. This is only an error if you're trying to use GPU Faiss.
WARNING clustering 512 points to 40 centroids: please provide at least 1560 training points
GARQ Initialization completed.
/home/zhangpeiru/.conda/envs/MetqQ2/lib/python3.11/site-packages/torch/autograd/__init__.py:251: UserWarning: Deterministic behavior was enabled with either `torch.use_deterministic_algorithms(True)` or `at::Context::setDeterministicAlgorithms(true)`, but this operation is not deterministic because it uses CuBLAS and you have CUDA >= 10.2. To enable deterministic behavior in this case, you must set an environment variable before running your PyTorch application: CUBLAS_WORKSPACE_CONFIG=:4096:8 or CUBLAS_WORKSPACE_CONFIG=:16:8. For more information, go to https://docs.nvidia.com/cuda/cublas/index.html#cublasApi_reproducibility (Triggered internally at ../aten/src/ATen/Context.cpp:156.)
  Variable._execution_engine.run_backward(  # Calls into the C++ engine to run the backward pass
/home/zhangpeiru/.conda/envs/MetqQ2/lib/python3.11/site-packages/torch/autograd/__init__.py:251: UserWarning: Memory Efficient attention defaults to a non-deterministic algorithm. To explicitly enable determinism call torch.use_deterministic_algorithms(True, warn_only=False). (Triggered internally at ../aten/src/ATen/native/transformers/cuda/attention_backward.cu:413.)
  Variable._execution_engine.run_backward(  # Calls into the C++ engine to run the backward pass
Epoch 1, RNA: recon_loss=0.3727 , ATAC: recon_loss=0.6684 
/home/zhangpeiru/.conda/envs/MetqQ2/lib/python3.11/site-packages/torch/functional.py:377: UserWarning: Deterministic behavior was enabled with either `torch.use_deterministic_algorithms(True)` or `at::Context::setDeterministicAlgorithms(true)`, but this operation is not deterministic because it uses CuBLAS and you have CUDA >= 10.2. To enable deterministic behavior in this case, you must set an environment variable before running your PyTorch application: CUBLAS_WORKSPACE_CONFIG=:4096:8 or CUBLAS_WORKSPACE_CONFIG=:16:8. For more information, go to https://docs.nvidia.com/cuda/cublas/index.html#cublasApi_reproducibility (Triggered internally at ../aten/src/ATen/Context.cpp:156.)
  return _VF.einsum(equation, operands)  # type: ignore[attr-defined]
/data/zhangpeiru/GARQ_revision/model.py:60: UserWarning: Deterministic behavior was enabled with either `torch.use_deterministic_algorithms(True)` or `at::Context::setDeterministicAlgorithms(true)`, but this operation is not deterministic because it uses CuBLAS and you have CUDA >= 10.2. To enable deterministic behavior in this case, you must set an environment variable before running your PyTorch application: CUBLAS_WORKSPACE_CONFIG=:4096:8 or CUBLAS_WORKSPACE_CONFIG=:16:8. For more information, go to https://docs.nvidia.com/cuda/cublas/index.html#cublasApi_reproducibility (Triggered internally at ../aten/src/ATen/Context.cpp:156.)
  cell_sim = torch.matmul(normed_e, normed_e.T)
/data/zhangpeiru/GARQ_revision/model.py:78: UserWarning: Deterministic behavior was enabled with either `torch.use_deterministic_algorithms(True)` or `at::Context::setDeterministicAlgorithms(true)`, but this operation is not deterministic because it uses CuBLAS and you have CUDA >= 10.2. To enable deterministic behavior in this case, you must set an environment variable before running your PyTorch application: CUBLAS_WORKSPACE_CONFIG=:4096:8 or CUBLAS_WORKSPACE_CONFIG=:16:8. For more information, go to https://docs.nvidia.com/cuda/cublas/index.html#cublasApi_reproducibility (Triggered internally at ../aten/src/ATen/Context.cpp:156.)
  smoothed_sim = torch.matmul(adj, raw_sim)
/data/zhangpeiru/GARQ_revision/model.py:100: UserWarning: Deterministic behavior was enabled with either `torch.use_deterministic_algorithms(True)` or `at::Context::setDeterministicAlgorithms(true)`, but this operation is not deterministic because it uses CuBLAS and you have CUDA >= 10.2. To enable deterministic behavior in this case, you must set an environment variable before running your PyTorch application: CUBLAS_WORKSPACE_CONFIG=:4096:8 or CUBLAS_WORKSPACE_CONFIG=:16:8. For more information, go to https://docs.nvidia.com/cuda/cublas/index.html#cublasApi_reproducibility (Triggered internally at ../aten/src/ATen/Context.cpp:156.)
  e_q = torch.matmul(assignments, self.anchors.weight)
/data/zhangpeiru/GARQ_revision/model.py:121: UserWarning: cumsum_cuda_kernel does not have a deterministic implementation, but you set 'torch.use_deterministic_algorithms(True, warn_only=True)'. You can file an issue at https://github.com/pytorch/pytorch/issues to help us prioritize adding deterministic support for this operation. (Triggered internally at ../aten/src/ATen/Context.cpp:71.)
  dis_indices = torch.multinomial(
/data/zhangpeiru/GARQ_revision/data_utils.py:131: RuntimeWarning: Mean of empty slice.
  [data[meta_ids == i].mean(axis=0) for i in range(meta_ids.max() + 1)]
/home/zhangpeiru/.conda/envs/MetqQ2/lib/python3.11/site-packages/numpy/core/_methods.py:121: RuntimeWarning: divide by zero encountered in divide
  ret = um.true_divide(
/home/zhangpeiru/.conda/envs/MetqQ2/lib/python3.11/site-packages/numpy/core/_methods.py:121: RuntimeWarning: invalid value encountered in divide
  ret = um.true_divide(
/data/zhangpeiru/GARQ_revision/data_utils.py:140: UserWarning: The given NumPy array is not writable, and PyTorch does not support non-writable tensors. This means writing to this tensor will result in undefined behavior. You may want to copy the array to protect its data or make it writable before converting it to a tensor. This type of warning will be suppressed for the rest of this program. (Triggered internally at ../torch/csrc/utils/tensor_numpy.cpp:206.)
  type_int = torch.from_numpy(adata.obs[args.type_key].cat.codes.values).long()
/data/zhangpeiru/GARQ_revision/data_utils.py:131: RuntimeWarning: Mean of empty slice.
  [data[meta_ids == i].mean(axis=0) for i in range(meta_ids.max() + 1)]
/home/zhangpeiru/.conda/envs/MetqQ2/lib/python3.11/site-packages/numpy/core/_methods.py:121: RuntimeWarning: divide by zero encountered in divide
  ret = um.true_divide(
/home/zhangpeiru/.conda/envs/MetqQ2/lib/python3.11/site-packages/numpy/core/_methods.py:121: RuntimeWarning: invalid value encountered in divide
  ret = um.true_divide(
/home/zhangpeiru/.conda/envs/MetqQ2/lib/python3.11/site-packages/louvain/__init__.py:54: UserWarning: pkg_resources is deprecated as an API. See https://setuptools.pypa.io/en/latest/pkg_resources.html. The pkg_resources package is slated for removal as early as 2025-11-30. Refrain from using this package or pin to Setuptools<81.
  from pkg_resources import get_distribution, DistributionNotFound
/home/zhangpeiru/.conda/envs/MetqQ2/lib/python3.11/site-packages/anndata/utils.py:434: FutureWarning: Importing read_csv from `anndata` is deprecated. Import anndata.io.read_csv instead.
  warnings.warn(msg, FutureWarning)
/home/zhangpeiru/.conda/envs/MetqQ2/lib/python3.11/site-packages/anndata/utils.py:434: FutureWarning: Importing read_text from `anndata` is deprecated. Import anndata.io.read_text instead.
  warnings.warn(msg, FutureWarning)
/home/zhangpeiru/.conda/envs/MetqQ2/lib/python3.11/site-packages/anndata/utils.py:434: FutureWarning: Importing read_excel from `anndata` is deprecated. Import anndata.io.read_excel instead.
  warnings.warn(msg, FutureWarning)
/home/zhangpeiru/.conda/envs/MetqQ2/lib/python3.11/site-packages/anndata/utils.py:434: FutureWarning: Importing read_mtx from `anndata` is deprecated. Import anndata.io.read_mtx instead.
  warnings.warn(msg, FutureWarning)
/home/zhangpeiru/.conda/envs/MetqQ2/lib/python3.11/site-packages/anndata/utils.py:434: FutureWarning: Importing read_loom from `anndata` is deprecated. Import anndata.io.read_loom instead.
  warnings.warn(msg, FutureWarning)
/home/zhangpeiru/.conda/envs/MetqQ2/lib/python3.11/site-packages/anndata/utils.py:434: FutureWarning: Importing read_hdf from `anndata` is deprecated. Import anndata.io.read_hdf instead.
  warnings.warn(msg, FutureWarning)
/home/zhangpeiru/.conda/envs/MetqQ2/lib/python3.11/site-packages/anndata/utils.py:434: FutureWarning: Importing read_umi_tools from `anndata` is deprecated. Import anndata.io.read_umi_tools instead.
  warnings.warn(msg, FutureWarning)
/home/zhangpeiru/.conda/envs/MetqQ2/lib/python3.11/site-packages/scanpy/preprocessing/_highly_variable_genes.py:220: FutureWarning: The default of observed=False is deprecated and will be changed to True in a future version of pandas. Pass observed=False to retain current behavior or observed=True to adopt the future default and silence this warning.
  disp_grouped = df.groupby('mean_bin')['dispersions']
/home/zhangpeiru/.conda/envs/MetqQ2/lib/python3.11/site-packages/scanpy/preprocessing/_simple.py:843: UserWarning: Received a view of an AnnData. Making a copy.
  view_to_actual(adata)
/home/zhangpeiru/.conda/envs/MetqQ2/lib/python3.11/site-packages/scanpy/preprocessing/_highly_variable_genes.py:220: FutureWarning: The default of observed=False is deprecated and will be changed to True in a future version of pandas. Pass observed=False to retain current behavior or observed=True to adopt the future default and silence this warning.
  disp_grouped = df.groupby('mean_bin')['dispersions']
/home/zhangpeiru/.conda/envs/MetqQ2/lib/python3.11/site-packages/scanpy/preprocessing/_simple.py:843: UserWarning: Received a view of an AnnData. Making a copy.
  view_to_actual(adata)
=======Loading and Preprocessing Data=======
Data of 2 omics in total
revision_results/cache/subsets/D17_kidney_rna_updated_2000cells_seed1729.h5ad loaded with shape [2000, 5515]
revision_results/cache/subsets/D17_kidney_atac_updated_2000cells_seed1729.h5ad loaded with shape [2000, 30000]
2026-08-29 17:01:51,671 INFO Loading faiss with AVX512 support.
2026-08-29 17:01:51,690 INFO Successfully loaded faiss with AVX512 support.
2026-08-29 17:01:51,693 INFO Failed to load GPU Faiss: name 'GpuIndexIVFFlat' is not defined. Will not load constructor refs for GPU indexes. This is only an error if you're trying to use GPU Faiss.
WARNING clustering 512 points to 40 centroids: please provide at least 1560 training points
GARQ Initialization completed.
/home/zhangpeiru/.conda/envs/MetqQ2/lib/python3.11/site-packages/torch/autograd/__init__.py:251: UserWarning: Deterministic behavior was enabled with either `torch.use_deterministic_algorithms(True)` or `at::Context::setDeterministicAlgorithms(true)`, but this operation is not deterministic because it uses CuBLAS and you have CUDA >= 10.2. To enable deterministic behavior in this case, you must set an environment variable before running your PyTorch application: CUBLAS_WORKSPACE_CONFIG=:4096:8 or CUBLAS_WORKSPACE_CONFIG=:16:8. For more information, go to https://docs.nvidia.com/cuda/cublas/index.html#cublasApi_reproducibility (Triggered internally at ../aten/src/ATen/Context.cpp:156.)
  Variable._execution_engine.run_backward(  # Calls into the C++ engine to run the backward pass
/home/zhangpeiru/.conda/envs/MetqQ2/lib/python3.11/site-packages/torch/autograd/__init__.py:251: UserWarning: Memory Efficient attention defaults to a non-deterministic algorithm. To explicitly enable determinism call torch.use_deterministic_algorithms(True, warn_only=False). (Triggered internally at ../aten/src/ATen/native/transformers/cuda/attention_backward.cu:413.)
  Variable._execution_engine.run_backward(  # Calls into the C++ engine to run the backward pass
Epoch 1, RNA: recon_loss=0.3752 , ATAC: recon_loss=0.6705 
/home/zhangpeiru/.conda/envs/MetqQ2/lib/python3.11/site-packages/torch/functional.py:377: UserWarning: Deterministic behavior was enabled with either `torch.use_deterministic_algorithms(True)` or `at::Context::setDeterministicAlgorithms(true)`, but this operation is not deterministic because it uses CuBLAS and you have CUDA >= 10.2. To enable deterministic behavior in this case, you must set an environment variable before running your PyTorch application: CUBLAS_WORKSPACE_CONFIG=:4096:8 or CUBLAS_WORKSPACE_CONFIG=:16:8. For more information, go to https://docs.nvidia.com/cuda/cublas/index.html#cublasApi_reproducibility (Triggered internally at ../aten/src/ATen/Context.cpp:156.)
  return _VF.einsum(equation, operands)  # type: ignore[attr-defined]
/data/zhangpeiru/GARQ_revision/model.py:60: UserWarning: Deterministic behavior was enabled with either `torch.use_deterministic_algorithms(True)` or `at::Context::setDeterministicAlgorithms(true)`, but this operation is not deterministic because it uses CuBLAS and you have CUDA >= 10.2. To enable deterministic behavior in this case, you must set an environment variable before running your PyTorch application: CUBLAS_WORKSPACE_CONFIG=:4096:8 or CUBLAS_WORKSPACE_CONFIG=:16:8. For more information, go to https://docs.nvidia.com/cuda/cublas/index.html#cublasApi_reproducibility (Triggered internally at ../aten/src/ATen/Context.cpp:156.)
  cell_sim = torch.matmul(normed_e, normed_e.T)
/data/zhangpeiru/GARQ_revision/model.py:78: UserWarning: Deterministic behavior was enabled with either `torch.use_deterministic_algorithms(True)` or `at::Context::setDeterministicAlgorithms(true)`, but this operation is not deterministic because it uses CuBLAS and you have CUDA >= 10.2. To enable deterministic behavior in this case, you must set an environment variable before running your PyTorch application: CUBLAS_WORKSPACE_CONFIG=:4096:8 or CUBLAS_WORKSPACE_CONFIG=:16:8. For more information, go to https://docs.nvidia.com/cuda/cublas/index.html#cublasApi_reproducibility (Triggered internally at ../aten/src/ATen/Context.cpp:156.)
  smoothed_sim = torch.matmul(adj, raw_sim)
/data/zhangpeiru/GARQ_revision/model.py:100: UserWarning: Deterministic behavior was enabled with either `torch.use_deterministic_algorithms(True)` or `at::Context::setDeterministicAlgorithms(true)`, but this operation is not deterministic because it uses CuBLAS and you have CUDA >= 10.2. To enable deterministic behavior in this case, you must set an environment variable before running your PyTorch application: CUBLAS_WORKSPACE_CONFIG=:4096:8 or CUBLAS_WORKSPACE_CONFIG=:16:8. For more information, go to https://docs.nvidia.com/cuda/cublas/index.html#cublasApi_reproducibility (Triggered internally at ../aten/src/ATen/Context.cpp:156.)
  e_q = torch.matmul(assignments, self.anchors.weight)
/data/zhangpeiru/GARQ_revision/model.py:121: UserWarning: cumsum_cuda_kernel does not have a deterministic implementation, but you set 'torch.use_deterministic_algorithms(True, warn_only=True)'. You can file an issue at https://github.com/pytorch/pytorch/issues to help us prioritize adding deterministic support for this operation. (Triggered internally at ../aten/src/ATen/Context.cpp:71.)
  dis_indices = torch.multinomial(
/data/zhangpeiru/GARQ_revision/data_utils.py:131: RuntimeWarning: Mean of empty slice.
  [data[meta_ids == i].mean(axis=0) for i in range(meta_ids.max() + 1)]
/home/zhangpeiru/.conda/envs/MetqQ2/lib/python3.11/site-packages/numpy/core/_methods.py:121: RuntimeWarning: divide by zero encountered in divide
  ret = um.true_divide(
/home/zhangpeiru/.conda/envs/MetqQ2/lib/python3.11/site-packages/numpy/core/_methods.py:121: RuntimeWarning: invalid value encountered in divide
  ret = um.true_divide(
/data/zhangpeiru/GARQ_revision/data_utils.py:140: UserWarning: The given NumPy array is not writable, and PyTorch does not support non-writable tensors. This means writing to this tensor will result in undefined behavior. You may want to copy the array to protect its data or make it writable before converting it to a tensor. This type of warning will be suppressed for the rest of this program. (Triggered internally at ../torch/csrc/utils/tensor_numpy.cpp:206.)
  type_int = torch.from_numpy(adata.obs[args.type_key].cat.codes.values).long()
/data/zhangpeiru/GARQ_revision/data_utils.py:131: RuntimeWarning: Mean of empty slice.
  [data[meta_ids == i].mean(axis=0) for i in range(meta_ids.max() + 1)]
/home/zhangpeiru/.conda/envs/MetqQ2/lib/python3.11/site-packages/numpy/core/_methods.py:121: RuntimeWarning: divide by zero encountered in divide
  ret = um.true_divide(
/home/zhangpeiru/.conda/envs/MetqQ2/lib/python3.11/site-packages/numpy/core/_methods.py:121: RuntimeWarning: invalid value encountered in divide
  ret = um.true_divide(
/home/zhangpeiru/.conda/envs/MetqQ2/lib/python3.11/site-packages/louvain/__init__.py:54: UserWarning: pkg_resources is deprecated as an API. See https://setuptools.pypa.io/en/latest/pkg_resources.html. The pkg_resources package is slated for removal as early as 2025-11-30. Refrain from using this package or pin to Setuptools<81.
  from pkg_resources import get_distribution, DistributionNotFound
/home/zhangpeiru/.conda/envs/MetqQ2/lib/python3.11/site-packages/anndata/utils.py:434: FutureWarning: Importing read_csv from `anndata` is deprecated. Import anndata.io.read_csv instead.
  warnings.warn(msg, FutureWarning)
/home/zhangpeiru/.conda/envs/MetqQ2/lib/python3.11/site-packages/anndata/utils.py:434: FutureWarning: Importing read_text from `anndata` is deprecated. Import anndata.io.read_text instead.
  warnings.warn(msg, FutureWarning)
/home/zhangpeiru/.conda/envs/MetqQ2/lib/python3.11/site-packages/anndata/utils.py:434: FutureWarning: Importing read_excel from `anndata` is deprecated. Import anndata.io.read_excel instead.
  warnings.warn(msg, FutureWarning)
/home/zhangpeiru/.conda/envs/MetqQ2/lib/python3.11/site-packages/anndata/utils.py:434: FutureWarning: Importing read_mtx from `anndata` is deprecated. Import anndata.io.read_mtx instead.
  warnings.warn(msg, FutureWarning)
/home/zhangpeiru/.conda/envs/MetqQ2/lib/python3.11/site-packages/anndata/utils.py:434: FutureWarning: Importing read_loom from `anndata` is deprecated. Import anndata.io.read_loom instead.
  warnings.warn(msg, FutureWarning)
/home/zhangpeiru/.conda/envs/MetqQ2/lib/python3.11/site-packages/anndata/utils.py:434: FutureWarning: Importing read_hdf from `anndata` is deprecated. Import anndata.io.read_hdf instead.
  warnings.warn(msg, FutureWarning)
/home/zhangpeiru/.conda/envs/MetqQ2/lib/python3.11/site-packages/anndata/utils.py:434: FutureWarning: Importing read_umi_tools from `anndata` is deprecated. Import anndata.io.read_umi_tools instead.
  warnings.warn(msg, FutureWarning)
/home/zhangpeiru/.conda/envs/MetqQ2/lib/python3.11/site-packages/scanpy/preprocessing/_highly_variable_genes.py:220: FutureWarning: The default of observed=False is deprecated and will be changed to True in a future version of pandas. Pass observed=False to retain current behavior or observed=True to adopt the future default and silence this warning.
  disp_grouped = df.groupby('mean_bin')['dispersions']
/home/zhangpeiru/.conda/envs/MetqQ2/lib/python3.11/site-packages/scanpy/preprocessing/_simple.py:843: UserWarning: Received a view of an AnnData. Making a copy.
  view_to_actual(adata)
/home/zhangpeiru/.conda/envs/MetqQ2/lib/python3.11/site-packages/scanpy/preprocessing/_highly_variable_genes.py:220: FutureWarning: The default of observed=False is deprecated and will be changed to True in a future version of pandas. Pass observed=False to retain current behavior or observed=True to adopt the future default and silence this warning.
  disp_grouped = df.groupby('mean_bin')['dispersions']
/home/zhangpeiru/.conda/envs/MetqQ2/lib/python3.11/site-packages/scanpy/preprocessing/_simple.py:843: UserWarning: Received a view of an AnnData. Making a copy.
  view_to_actual(adata)
=======Loading and Preprocessing Data=======
Data of 2 omics in total
revision_results/cache/subsets/D17_kidney_rna_updated_2000cells_seed1729.h5ad loaded with shape [2000, 5515]
revision_results/cache/subsets/D17_kidney_atac_updated_2000cells_seed1729.h5ad loaded with shape [2000, 30000]
2026-08-29 17:02:09,354 INFO Loading faiss with AVX512 support.
2026-08-29 17:02:09,373 INFO Successfully loaded faiss with AVX512 support.
2026-08-29 17:02:09,376 INFO Failed to load GPU Faiss: name 'GpuIndexIVFFlat' is not defined. Will not load constructor refs for GPU indexes. This is only an error if you're trying to use GPU Faiss.
WARNING clustering 512 points to 40 centroids: please provide at least 1560 training points
GARQ Initialization completed.
/home/zhangpeiru/.conda/envs/MetqQ2/lib/python3.11/site-packages/torch/autograd/__init__.py:251: UserWarning: Deterministic behavior was enabled with either `torch.use_deterministic_algorithms(True)` or `at::Context::setDeterministicAlgorithms(true)`, but this operation is not deterministic because it uses CuBLAS and you have CUDA >= 10.2. To enable deterministic behavior in this case, you must set an environment variable before running your PyTorch application: CUBLAS_WORKSPACE_CONFIG=:4096:8 or CUBLAS_WORKSPACE_CONFIG=:16:8. For more information, go to https://docs.nvidia.com/cuda/cublas/index.html#cublasApi_reproducibility (Triggered internally at ../aten/src/ATen/Context.cpp:156.)
  Variable._execution_engine.run_backward(  # Calls into the C++ engine to run the backward pass
/home/zhangpeiru/.conda/envs/MetqQ2/lib/python3.11/site-packages/torch/autograd/__init__.py:251: UserWarning: Memory Efficient attention defaults to a non-deterministic algorithm. To explicitly enable determinism call torch.use_deterministic_algorithms(True, warn_only=False). (Triggered internally at ../aten/src/ATen/native/transformers/cuda/attention_backward.cu:413.)
  Variable._execution_engine.run_backward(  # Calls into the C++ engine to run the backward pass
Epoch 1, RNA: recon_loss=0.3771 , ATAC: recon_loss=0.6757 
/home/zhangpeiru/.conda/envs/MetqQ2/lib/python3.11/site-packages/torch/functional.py:377: UserWarning: Deterministic behavior was enabled with either `torch.use_deterministic_algorithms(True)` or `at::Context::setDeterministicAlgorithms(true)`, but this operation is not deterministic because it uses CuBLAS and you have CUDA >= 10.2. To enable deterministic behavior in this case, you must set an environment variable before running your PyTorch application: CUBLAS_WORKSPACE_CONFIG=:4096:8 or CUBLAS_WORKSPACE_CONFIG=:16:8. For more information, go to https://docs.nvidia.com/cuda/cublas/index.html#cublasApi_reproducibility (Triggered internally at ../aten/src/ATen/Context.cpp:156.)
  return _VF.einsum(equation, operands)  # type: ignore[attr-defined]
/data/zhangpeiru/GARQ_revision/model.py:60: UserWarning: Deterministic behavior was enabled with either `torch.use_deterministic_algorithms(True)` or `at::Context::setDeterministicAlgorithms(true)`, but this operation is not deterministic because it uses CuBLAS and you have CUDA >= 10.2. To enable deterministic behavior in this case, you must set an environment variable before running your PyTorch application: CUBLAS_WORKSPACE_CONFIG=:4096:8 or CUBLAS_WORKSPACE_CONFIG=:16:8. For more information, go to https://docs.nvidia.com/cuda/cublas/index.html#cublasApi_reproducibility (Triggered internally at ../aten/src/ATen/Context.cpp:156.)
  cell_sim = torch.matmul(normed_e, normed_e.T)
/data/zhangpeiru/GARQ_revision/model.py:78: UserWarning: Deterministic behavior was enabled with either `torch.use_deterministic_algorithms(True)` or `at::Context::setDeterministicAlgorithms(true)`, but this operation is not deterministic because it uses CuBLAS and you have CUDA >= 10.2. To enable deterministic behavior in this case, you must set an environment variable before running your PyTorch application: CUBLAS_WORKSPACE_CONFIG=:4096:8 or CUBLAS_WORKSPACE_CONFIG=:16:8. For more information, go to https://docs.nvidia.com/cuda/cublas/index.html#cublasApi_reproducibility (Triggered internally at ../aten/src/ATen/Context.cpp:156.)
  smoothed_sim = torch.matmul(adj, raw_sim)
/data/zhangpeiru/GARQ_revision/model.py:100: UserWarning: Deterministic behavior was enabled with either `torch.use_deterministic_algorithms(True)` or `at::Context::setDeterministicAlgorithms(true)`, but this operation is not deterministic because it uses CuBLAS and you have CUDA >= 10.2. To enable deterministic behavior in this case, you must set an environment variable before running your PyTorch application: CUBLAS_WORKSPACE_CONFIG=:4096:8 or CUBLAS_WORKSPACE_CONFIG=:16:8. For more information, go to https://docs.nvidia.com/cuda/cublas/index.html#cublasApi_reproducibility (Triggered internally at ../aten/src/ATen/Context.cpp:156.)
  e_q = torch.matmul(assignments, self.anchors.weight)
/data/zhangpeiru/GARQ_revision/model.py:121: UserWarning: cumsum_cuda_kernel does not have a deterministic implementation, but you set 'torch.use_deterministic_algorithms(True, warn_only=True)'. You can file an issue at https://github.com/pytorch/pytorch/issues to help us prioritize adding deterministic support for this operation. (Triggered internally at ../aten/src/ATen/Context.cpp:71.)
  dis_indices = torch.multinomial(
/data/zhangpeiru/GARQ_revision/data_utils.py:131: RuntimeWarning: Mean of empty slice.
  [data[meta_ids == i].mean(axis=0) for i in range(meta_ids.max() + 1)]
/home/zhangpeiru/.conda/envs/MetqQ2/lib/python3.11/site-packages/numpy/core/_methods.py:121: RuntimeWarning: divide by zero encountered in divide
  ret = um.true_divide(
/home/zhangpeiru/.conda/envs/MetqQ2/lib/python3.11/site-packages/numpy/core/_methods.py:121: RuntimeWarning: invalid value encountered in divide
  ret = um.true_divide(
/data/zhangpeiru/GARQ_revision/data_utils.py:140: UserWarning: The given NumPy array is not writable, and PyTorch does not support non-writable tensors. This means writing to this tensor will result in undefined behavior. You may want to copy the array to protect its data or make it writable before converting it to a tensor. This type of warning will be suppressed for the rest of this program. (Triggered internally at ../torch/csrc/utils/tensor_numpy.cpp:206.)
  type_int = torch.from_numpy(adata.obs[args.type_key].cat.codes.values).long()
/data/zhangpeiru/GARQ_revision/data_utils.py:131: RuntimeWarning: Mean of empty slice.
  [data[meta_ids == i].mean(axis=0) for i in range(meta_ids.max() + 1)]
/home/zhangpeiru/.conda/envs/MetqQ2/lib/python3.11/site-packages/numpy/core/_methods.py:121: RuntimeWarning: divide by zero encountered in divide
  ret = um.true_divide(
/home/zhangpeiru/.conda/envs/MetqQ2/lib/python3.11/site-packages/numpy/core/_methods.py:121: RuntimeWarning: invalid value encountered in divide
  ret = um.true_divide(
/home/zhangpeiru/.conda/envs/MetqQ2/lib/python3.11/site-packages/louvain/__init__.py:54: UserWarning: pkg_resources is deprecated as an API. See https://setuptools.pypa.io/en/latest/pkg_resources.html. The pkg_resources package is slated for removal as early as 2025-11-30. Refrain from using this package or pin to Setuptools<81.
  from pkg_resources import get_distribution, DistributionNotFound
/home/zhangpeiru/.conda/envs/MetqQ2/lib/python3.11/site-packages/anndata/utils.py:434: FutureWarning: Importing read_csv from `anndata` is deprecated. Import anndata.io.read_csv instead.
  warnings.warn(msg, FutureWarning)
/home/zhangpeiru/.conda/envs/MetqQ2/lib/python3.11/site-packages/anndata/utils.py:434: FutureWarning: Importing read_text from `anndata` is deprecated. Import anndata.io.read_text instead.
  warnings.warn(msg, FutureWarning)
/home/zhangpeiru/.conda/envs/MetqQ2/lib/python3.11/site-packages/anndata/utils.py:434: FutureWarning: Importing read_excel from `anndata` is deprecated. Import anndata.io.read_excel instead.
  warnings.warn(msg, FutureWarning)
/home/zhangpeiru/.conda/envs/MetqQ2/lib/python3.11/site-packages/anndata/utils.py:434: FutureWarning: Importing read_mtx from `anndata` is deprecated. Import anndata.io.read_mtx instead.
  warnings.warn(msg, FutureWarning)
/home/zhangpeiru/.conda/envs/MetqQ2/lib/python3.11/site-packages/anndata/utils.py:434: FutureWarning: Importing read_loom from `anndata` is deprecated. Import anndata.io.read_loom instead.
  warnings.warn(msg, FutureWarning)
/home/zhangpeiru/.conda/envs/MetqQ2/lib/python3.11/site-packages/anndata/utils.py:434: FutureWarning: Importing read_hdf from `anndata` is deprecated. Import anndata.io.read_hdf instead.
  warnings.warn(msg, FutureWarning)
/home/zhangpeiru/.conda/envs/MetqQ2/lib/python3.11/site-packages/anndata/utils.py:434: FutureWarning: Importing read_umi_tools from `anndata` is deprecated. Import anndata.io.read_umi_tools instead.
  warnings.warn(msg, FutureWarning)
/home/zhangpeiru/.conda/envs/MetqQ2/lib/python3.11/site-packages/scanpy/preprocessing/_highly_variable_genes.py:220: FutureWarning: The default of observed=False is deprecated and will be changed to True in a future version of pandas. Pass observed=False to retain current behavior or observed=True to adopt the future default and silence this warning.
  disp_grouped = df.groupby('mean_bin')['dispersions']
/home/zhangpeiru/.conda/envs/MetqQ2/lib/python3.11/site-packages/scanpy/preprocessing/_simple.py:843: UserWarning: Received a view of an AnnData. Making a copy.
  view_to_actual(adata)
/home/zhangpeiru/.conda/envs/MetqQ2/lib/python3.11/site-packages/scanpy/preprocessing/_highly_variable_genes.py:220: FutureWarning: The default of observed=False is deprecated and will be changed to True in a future version of pandas. Pass observed=False to retain current behavior or observed=True to adopt the future default and silence this warning.
  disp_grouped = df.groupby('mean_bin')['dispersions']
/home/zhangpeiru/.conda/envs/MetqQ2/lib/python3.11/site-packages/scanpy/preprocessing/_simple.py:843: UserWarning: Received a view of an AnnData. Making a copy.
  view_to_actual(adata)
=======Loading and Preprocessing Data=======
Data of 2 omics in total
revision_results/cache/subsets/D17_kidney_rna_updated_2000cells_seed1729.h5ad loaded with shape [2000, 5515]
revision_results/cache/subsets/D17_kidney_atac_updated_2000cells_seed1729.h5ad loaded with shape [2000, 30000]
2026-08-29 17:02:29,170 INFO Loading faiss with AVX512 support.
2026-08-29 17:02:29,192 INFO Successfully loaded faiss with AVX512 support.
2026-08-29 17:02:29,196 INFO Failed to load GPU Faiss: name 'GpuIndexIVFFlat' is not defined. Will not load constructor refs for GPU indexes. This is only an error if you're trying to use GPU Faiss.
WARNING clustering 512 points to 40 centroids: please provide at least 1560 training points
GARQ Initialization completed.
/home/zhangpeiru/.conda/envs/MetqQ2/lib/python3.11/site-packages/torch/autograd/__init__.py:251: UserWarning: Deterministic behavior was enabled with either `torch.use_deterministic_algorithms(True)` or `at::Context::setDeterministicAlgorithms(true)`, but this operation is not deterministic because it uses CuBLAS and you have CUDA >= 10.2. To enable deterministic behavior in this case, you must set an environment variable before running your PyTorch application: CUBLAS_WORKSPACE_CONFIG=:4096:8 or CUBLAS_WORKSPACE_CONFIG=:16:8. For more information, go to https://docs.nvidia.com/cuda/cublas/index.html#cublasApi_reproducibility (Triggered internally at ../aten/src/ATen/Context.cpp:156.)
  Variable._execution_engine.run_backward(  # Calls into the C++ engine to run the backward pass
/home/zhangpeiru/.conda/envs/MetqQ2/lib/python3.11/site-packages/torch/autograd/__init__.py:251: UserWarning: Memory Efficient attention defaults to a non-deterministic algorithm. To explicitly enable determinism call torch.use_deterministic_algorithms(True, warn_only=False). (Triggered internally at ../aten/src/ATen/native/transformers/cuda/attention_backward.cu:413.)
  Variable._execution_engine.run_backward(  # Calls into the C++ engine to run the backward pass
Epoch 1, RNA: recon_loss=0.3762 , ATAC: recon_loss=0.6847 
/home/zhangpeiru/.conda/envs/MetqQ2/lib/python3.11/site-packages/torch/functional.py:377: UserWarning: Deterministic behavior was enabled with either `torch.use_deterministic_algorithms(True)` or `at::Context::setDeterministicAlgorithms(true)`, but this operation is not deterministic because it uses CuBLAS and you have CUDA >= 10.2. To enable deterministic behavior in this case, you must set an environment variable before running your PyTorch application: CUBLAS_WORKSPACE_CONFIG=:4096:8 or CUBLAS_WORKSPACE_CONFIG=:16:8. For more information, go to https://docs.nvidia.com/cuda/cublas/index.html#cublasApi_reproducibility (Triggered internally at ../aten/src/ATen/Context.cpp:156.)
  return _VF.einsum(equation, operands)  # type: ignore[attr-defined]
/data/zhangpeiru/GARQ_revision/model.py:60: UserWarning: Deterministic behavior was enabled with either `torch.use_deterministic_algorithms(True)` or `at::Context::setDeterministicAlgorithms(true)`, but this operation is not deterministic because it uses CuBLAS and you have CUDA >= 10.2. To enable deterministic behavior in this case, you must set an environment variable before running your PyTorch application: CUBLAS_WORKSPACE_CONFIG=:4096:8 or CUBLAS_WORKSPACE_CONFIG=:16:8. For more information, go to https://docs.nvidia.com/cuda/cublas/index.html#cublasApi_reproducibility (Triggered internally at ../aten/src/ATen/Context.cpp:156.)
  cell_sim = torch.matmul(normed_e, normed_e.T)
/data/zhangpeiru/GARQ_revision/model.py:78: UserWarning: Deterministic behavior was enabled with either `torch.use_deterministic_algorithms(True)` or `at::Context::setDeterministicAlgorithms(true)`, but this operation is not deterministic because it uses CuBLAS and you have CUDA >= 10.2. To enable deterministic behavior in this case, you must set an environment variable before running your PyTorch application: CUBLAS_WORKSPACE_CONFIG=:4096:8 or CUBLAS_WORKSPACE_CONFIG=:16:8. For more information, go to https://docs.nvidia.com/cuda/cublas/index.html#cublasApi_reproducibility (Triggered internally at ../aten/src/ATen/Context.cpp:156.)
  smoothed_sim = torch.matmul(adj, raw_sim)
/data/zhangpeiru/GARQ_revision/model.py:100: UserWarning: Deterministic behavior was enabled with either `torch.use_deterministic_algorithms(True)` or `at::Context::setDeterministicAlgorithms(true)`, but this operation is not deterministic because it uses CuBLAS and you have CUDA >= 10.2. To enable deterministic behavior in this case, you must set an environment variable before running your PyTorch application: CUBLAS_WORKSPACE_CONFIG=:4096:8 or CUBLAS_WORKSPACE_CONFIG=:16:8. For more information, go to https://docs.nvidia.com/cuda/cublas/index.html#cublasApi_reproducibility (Triggered internally at ../aten/src/ATen/Context.cpp:156.)
  e_q = torch.matmul(assignments, self.anchors.weight)
/data/zhangpeiru/GARQ_revision/model.py:121: UserWarning: cumsum_cuda_kernel does not have a deterministic implementation, but you set 'torch.use_deterministic_algorithms(True, warn_only=True)'. You can file an issue at https://github.com/pytorch/pytorch/issues to help us prioritize adding deterministic support for this operation. (Triggered internally at ../aten/src/ATen/Context.cpp:71.)
  dis_indices = torch.multinomial(
/data/zhangpeiru/GARQ_revision/data_utils.py:131: RuntimeWarning: Mean of empty slice.
  [data[meta_ids == i].mean(axis=0) for i in range(meta_ids.max() + 1)]
/home/zhangpeiru/.conda/envs/MetqQ2/lib/python3.11/site-packages/numpy/core/_methods.py:121: RuntimeWarning: divide by zero encountered in divide
  ret = um.true_divide(
/home/zhangpeiru/.conda/envs/MetqQ2/lib/python3.11/site-packages/numpy/core/_methods.py:121: RuntimeWarning: invalid value encountered in divide
  ret = um.true_divide(
/data/zhangpeiru/GARQ_revision/data_utils.py:140: UserWarning: The given NumPy array is not writable, and PyTorch does not support non-writable tensors. This means writing to this tensor will result in undefined behavior. You may want to copy the array to protect its data or make it writable before converting it to a tensor. This type of warning will be suppressed for the rest of this program. (Triggered internally at ../torch/csrc/utils/tensor_numpy.cpp:206.)
  type_int = torch.from_numpy(adata.obs[args.type_key].cat.codes.values).long()
/data/zhangpeiru/GARQ_revision/data_utils.py:131: RuntimeWarning: Mean of empty slice.
  [data[meta_ids == i].mean(axis=0) for i in range(meta_ids.max() + 1)]
/home/zhangpeiru/.conda/envs/MetqQ2/lib/python3.11/site-packages/numpy/core/_methods.py:121: RuntimeWarning: divide by zero encountered in divide
  ret = um.true_divide(
/home/zhangpeiru/.conda/envs/MetqQ2/lib/python3.11/site-packages/numpy/core/_methods.py:121: RuntimeWarning: invalid value encountered in divide
  ret = um.true_divide(
/home/zhangpeiru/.conda/envs/MetqQ2/lib/python3.11/site-packages/louvain/__init__.py:54: UserWarning: pkg_resources is deprecated as an API. See https://setuptools.pypa.io/en/latest/pkg_resources.html. The pkg_resources package is slated for removal as early as 2025-11-30. Refrain from using this package or pin to Setuptools<81.
  from pkg_resources import get_distribution, DistributionNotFound
/home/zhangpeiru/.conda/envs/MetqQ2/lib/python3.11/site-packages/anndata/utils.py:434: FutureWarning: Importing read_csv from `anndata` is deprecated. Import anndata.io.read_csv instead.
  warnings.warn(msg, FutureWarning)
/home/zhangpeiru/.conda/envs/MetqQ2/lib/python3.11/site-packages/anndata/utils.py:434: FutureWarning: Importing read_text from `anndata` is deprecated. Import anndata.io.read_text instead.
  warnings.warn(msg, FutureWarning)
/home/zhangpeiru/.conda/envs/MetqQ2/lib/python3.11/site-packages/anndata/utils.py:434: FutureWarning: Importing read_excel from `anndata` is deprecated. Import anndata.io.read_excel instead.
  warnings.warn(msg, FutureWarning)
/home/zhangpeiru/.conda/envs/MetqQ2/lib/python3.11/site-packages/anndata/utils.py:434: FutureWarning: Importing read_mtx from `anndata` is deprecated. Import anndata.io.read_mtx instead.
  warnings.warn(msg, FutureWarning)
/home/zhangpeiru/.conda/envs/MetqQ2/lib/python3.11/site-packages/anndata/utils.py:434: FutureWarning: Importing read_loom from `anndata` is deprecated. Import anndata.io.read_loom instead.
  warnings.warn(msg, FutureWarning)
/home/zhangpeiru/.conda/envs/MetqQ2/lib/python3.11/site-packages/anndata/utils.py:434: FutureWarning: Importing read_hdf from `anndata` is deprecated. Import anndata.io.read_hdf instead.
  warnings.warn(msg, FutureWarning)
/home/zhangpeiru/.conda/envs/MetqQ2/lib/python3.11/site-packages/anndata/utils.py:434: FutureWarning: Importing read_umi_tools from `anndata` is deprecated. Import anndata.io.read_umi_tools instead.
  warnings.warn(msg, FutureWarning)
/home/zhangpeiru/.conda/envs/MetqQ2/lib/python3.11/site-packages/scanpy/preprocessing/_highly_variable_genes.py:220: FutureWarning: The default of observed=False is deprecated and will be changed to True in a future version of pandas. Pass observed=False to retain current behavior or observed=True to adopt the future default and silence this warning.
  disp_grouped = df.groupby('mean_bin')['dispersions']
/home/zhangpeiru/.conda/envs/MetqQ2/lib/python3.11/site-packages/scanpy/preprocessing/_simple.py:843: UserWarning: Received a view of an AnnData. Making a copy.
  view_to_actual(adata)
/home/zhangpeiru/.conda/envs/MetqQ2/lib/python3.11/site-packages/scanpy/preprocessing/_highly_variable_genes.py:220: FutureWarning: The default of observed=False is deprecated and will be changed to True in a future version of pandas. Pass observed=False to retain current behavior or observed=True to adopt the future default and silence this warning.
  disp_grouped = df.groupby('mean_bin')['dispersions']
/home/zhangpeiru/.conda/envs/MetqQ2/lib/python3.11/site-packages/scanpy/preprocessing/_simple.py:843: UserWarning: Received a view of an AnnData. Making a copy.
  view_to_actual(adata)
=======Loading and Preprocessing Data=======
Data of 2 omics in total
revision_results/cache/subsets/D17_kidney_rna_updated_2000cells_seed1729.h5ad loaded with shape [2000, 5515]
revision_results/cache/subsets/D17_kidney_atac_updated_2000cells_seed1729.h5ad loaded with shape [2000, 30000]
2026-08-29 17:02:47,152 INFO Loading faiss with AVX512 support.
2026-08-29 17:02:47,176 INFO Successfully loaded faiss with AVX512 support.
2026-08-29 17:02:47,180 INFO Failed to load GPU Faiss: name 'GpuIndexIVFFlat' is not defined. Will not load constructor refs for GPU indexes. This is only an error if you're trying to use GPU Faiss.
WARNING clustering 512 points to 40 centroids: please provide at least 1560 training points
GARQ Initialization completed.
/home/zhangpeiru/.conda/envs/MetqQ2/lib/python3.11/site-packages/torch/autograd/__init__.py:251: UserWarning: Deterministic behavior was enabled with either `torch.use_deterministic_algorithms(True)` or `at::Context::setDeterministicAlgorithms(true)`, but this operation is not deterministic because it uses CuBLAS and you have CUDA >= 10.2. To enable deterministic behavior in this case, you must set an environment variable before running your PyTorch application: CUBLAS_WORKSPACE_CONFIG=:4096:8 or CUBLAS_WORKSPACE_CONFIG=:16:8. For more information, go to https://docs.nvidia.com/cuda/cublas/index.html#cublasApi_reproducibility (Triggered internally at ../aten/src/ATen/Context.cpp:156.)
  Variable._execution_engine.run_backward(  # Calls into the C++ engine to run the backward pass
/home/zhangpeiru/.conda/envs/MetqQ2/lib/python3.11/site-packages/torch/autograd/__init__.py:251: UserWarning: Memory Efficient attention defaults to a non-deterministic algorithm. To explicitly enable determinism call torch.use_deterministic_algorithms(True, warn_only=False). (Triggered internally at ../aten/src/ATen/native/transformers/cuda/attention_backward.cu:413.)
  Variable._execution_engine.run_backward(  # Calls into the C++ engine to run the backward pass
Epoch 1, RNA: recon_loss=0.3727 , ATAC: recon_loss=0.6684 
/home/zhangpeiru/.conda/envs/MetqQ2/lib/python3.11/site-packages/torch/functional.py:377: UserWarning: Deterministic behavior was enabled with either `torch.use_deterministic_algorithms(True)` or `at::Context::setDeterministicAlgorithms(true)`, but this operation is not deterministic because it uses CuBLAS and you have CUDA >= 10.2. To enable deterministic behavior in this case, you must set an environment variable before running your PyTorch application: CUBLAS_WORKSPACE_CONFIG=:4096:8 or CUBLAS_WORKSPACE_CONFIG=:16:8. For more information, go to https://docs.nvidia.com/cuda/cublas/index.html#cublasApi_reproducibility (Triggered internally at ../aten/src/ATen/Context.cpp:156.)
  return _VF.einsum(equation, operands)  # type: ignore[attr-defined]
/data/zhangpeiru/GARQ_revision/model.py:60: UserWarning: Deterministic behavior was enabled with either `torch.use_deterministic_algorithms(True)` or `at::Context::setDeterministicAlgorithms(true)`, but this operation is not deterministic because it uses CuBLAS and you have CUDA >= 10.2. To enable deterministic behavior in this case, you must set an environment variable before running your PyTorch application: CUBLAS_WORKSPACE_CONFIG=:4096:8 or CUBLAS_WORKSPACE_CONFIG=:16:8. For more information, go to https://docs.nvidia.com/cuda/cublas/index.html#cublasApi_reproducibility (Triggered internally at ../aten/src/ATen/Context.cpp:156.)
  cell_sim = torch.matmul(normed_e, normed_e.T)
/data/zhangpeiru/GARQ_revision/model.py:78: UserWarning: Deterministic behavior was enabled with either `torch.use_deterministic_algorithms(True)` or `at::Context::setDeterministicAlgorithms(true)`, but this operation is not deterministic because it uses CuBLAS and you have CUDA >= 10.2. To enable deterministic behavior in this case, you must set an environment variable before running your PyTorch application: CUBLAS_WORKSPACE_CONFIG=:4096:8 or CUBLAS_WORKSPACE_CONFIG=:16:8. For more information, go to https://docs.nvidia.com/cuda/cublas/index.html#cublasApi_reproducibility (Triggered internally at ../aten/src/ATen/Context.cpp:156.)
  smoothed_sim = torch.matmul(adj, raw_sim)
/data/zhangpeiru/GARQ_revision/model.py:100: UserWarning: Deterministic behavior was enabled with either `torch.use_deterministic_algorithms(True)` or `at::Context::setDeterministicAlgorithms(true)`, but this operation is not deterministic because it uses CuBLAS and you have CUDA >= 10.2. To enable deterministic behavior in this case, you must set an environment variable before running your PyTorch application: CUBLAS_WORKSPACE_CONFIG=:4096:8 or CUBLAS_WORKSPACE_CONFIG=:16:8. For more information, go to https://docs.nvidia.com/cuda/cublas/index.html#cublasApi_reproducibility (Triggered internally at ../aten/src/ATen/Context.cpp:156.)
  e_q = torch.matmul(assignments, self.anchors.weight)
/data/zhangpeiru/GARQ_revision/model.py:121: UserWarning: cumsum_cuda_kernel does not have a deterministic implementation, but you set 'torch.use_deterministic_algorithms(True, warn_only=True)'. You can file an issue at https://github.com/pytorch/pytorch/issues to help us prioritize adding deterministic support for this operation. (Triggered internally at ../aten/src/ATen/Context.cpp:71.)
  dis_indices = torch.multinomial(
/data/zhangpeiru/GARQ_revision/data_utils.py:140: UserWarning: The given NumPy array is not writable, and PyTorch does not support non-writable tensors. This means writing to this tensor will result in undefined behavior. You may want to copy the array to protect its data or make it writable before converting it to a tensor. This type of warning will be suppressed for the rest of this program. (Triggered internally at ../torch/csrc/utils/tensor_numpy.cpp:206.)
  type_int = torch.from_numpy(adata.obs[args.type_key].cat.codes.values).long()
/home/zhangpeiru/.conda/envs/MetqQ2/lib/python3.11/site-packages/louvain/__init__.py:54: UserWarning: pkg_resources is deprecated as an API. See https://setuptools.pypa.io/en/latest/pkg_resources.html. The pkg_resources package is slated for removal as early as 2025-11-30. Refrain from using this package or pin to Setuptools<81.
  from pkg_resources import get_distribution, DistributionNotFound
/home/zhangpeiru/.conda/envs/MetqQ2/lib/python3.11/site-packages/anndata/utils.py:434: FutureWarning: Importing read_csv from `anndata` is deprecated. Import anndata.io.read_csv instead.
  warnings.warn(msg, FutureWarning)
/home/zhangpeiru/.conda/envs/MetqQ2/lib/python3.11/site-packages/anndata/utils.py:434: FutureWarning: Importing read_text from `anndata` is deprecated. Import anndata.io.read_text instead.
  warnings.warn(msg, FutureWarning)
/home/zhangpeiru/.conda/envs/MetqQ2/lib/python3.11/site-packages/anndata/utils.py:434: FutureWarning: Importing read_excel from `anndata` is deprecated. Import anndata.io.read_excel instead.
  warnings.warn(msg, FutureWarning)
/home/zhangpeiru/.conda/envs/MetqQ2/lib/python3.11/site-packages/anndata/utils.py:434: FutureWarning: Importing read_mtx from `anndata` is deprecated. Import anndata.io.read_mtx instead.
  warnings.warn(msg, FutureWarning)
/home/zhangpeiru/.conda/envs/MetqQ2/lib/python3.11/site-packages/anndata/utils.py:434: FutureWarning: Importing read_loom from `anndata` is deprecated. Import anndata.io.read_loom instead.
  warnings.warn(msg, FutureWarning)
/home/zhangpeiru/.conda/envs/MetqQ2/lib/python3.11/site-packages/anndata/utils.py:434: FutureWarning: Importing read_hdf from `anndata` is deprecated. Import anndata.io.read_hdf instead.
  warnings.warn(msg, FutureWarning)
/home/zhangpeiru/.conda/envs/MetqQ2/lib/python3.11/site-packages/anndata/utils.py:434: FutureWarning: Importing read_umi_tools from `anndata` is deprecated. Import anndata.io.read_umi_tools instead.
  warnings.warn(msg, FutureWarning)
WARNING: adata.X seems to be already log-transformed.
/home/zhangpeiru/.conda/envs/MetqQ2/lib/python3.11/site-packages/scanpy/preprocessing/_highly_variable_genes.py:220: FutureWarning: The default of observed=False is deprecated and will be changed to True in a future version of pandas. Pass observed=False to retain current behavior or observed=True to adopt the future default and silence this warning.
  disp_grouped = df.groupby('mean_bin')['dispersions']
/home/zhangpeiru/.conda/envs/MetqQ2/lib/python3.11/site-packages/scanpy/preprocessing/_simple.py:843: UserWarning: Received a view of an AnnData. Making a copy.
  view_to_actual(adata)
/home/zhangpeiru/.conda/envs/MetqQ2/lib/python3.11/site-packages/scanpy/preprocessing/_highly_variable_genes.py:220: FutureWarning: The default of observed=False is deprecated and will be changed to True in a future version of pandas. Pass observed=False to retain current behavior or observed=True to adopt the future default and silence this warning.
  disp_grouped = df.groupby('mean_bin')['dispersions']
/home/zhangpeiru/.conda/envs/MetqQ2/lib/python3.11/site-packages/scanpy/preprocessing/_simple.py:843: UserWarning: Received a view of an AnnData. Making a copy.
  view_to_actual(adata)
=======Loading and Preprocessing Data=======
Data of 2 omics in total
revision_results/cache/subsets/D11_11_GSE194122_rna_2000cells_seed1729.h5ad loaded with shape [2000, 3004]
revision_results/cache/subsets/D11_11_GSE194122_atac_2000cells_seed1729.h5ad loaded with shape [2000, 30000]
2026-08-29 17:03:03,819 INFO Loading faiss with AVX512 support.
2026-08-29 17:03:03,844 INFO Successfully loaded faiss with AVX512 support.
2026-08-29 17:03:03,849 INFO Failed to load GPU Faiss: name 'GpuIndexIVFFlat' is not defined. Will not load constructor refs for GPU indexes. This is only an error if you're trying to use GPU Faiss.
WARNING clustering 512 points to 40 centroids: please provide at least 1560 training points
GARQ Initialization completed.
/home/zhangpeiru/.conda/envs/MetqQ2/lib/python3.11/site-packages/torch/autograd/__init__.py:251: UserWarning: Deterministic behavior was enabled with either `torch.use_deterministic_algorithms(True)` or `at::Context::setDeterministicAlgorithms(true)`, but this operation is not deterministic because it uses CuBLAS and you have CUDA >= 10.2. To enable deterministic behavior in this case, you must set an environment variable before running your PyTorch application: CUBLAS_WORKSPACE_CONFIG=:4096:8 or CUBLAS_WORKSPACE_CONFIG=:16:8. For more information, go to https://docs.nvidia.com/cuda/cublas/index.html#cublasApi_reproducibility (Triggered internally at ../aten/src/ATen/Context.cpp:156.)
  Variable._execution_engine.run_backward(  # Calls into the C++ engine to run the backward pass
/home/zhangpeiru/.conda/envs/MetqQ2/lib/python3.11/site-packages/torch/autograd/__init__.py:251: UserWarning: Memory Efficient attention defaults to a non-deterministic algorithm. To explicitly enable determinism call torch.use_deterministic_algorithms(True, warn_only=False). (Triggered internally at ../aten/src/ATen/native/transformers/cuda/attention_backward.cu:413.)
  Variable._execution_engine.run_backward(  # Calls into the C++ engine to run the backward pass
Epoch 1, RNA: recon_loss=0.2393 , ATAC: recon_loss=0.3755 
/home/zhangpeiru/.conda/envs/MetqQ2/lib/python3.11/site-packages/torch/functional.py:377: UserWarning: Deterministic behavior was enabled with either `torch.use_deterministic_algorithms(True)` or `at::Context::setDeterministicAlgorithms(true)`, but this operation is not deterministic because it uses CuBLAS and you have CUDA >= 10.2. To enable deterministic behavior in this case, you must set an environment variable before running your PyTorch application: CUBLAS_WORKSPACE_CONFIG=:4096:8 or CUBLAS_WORKSPACE_CONFIG=:16:8. For more information, go to https://docs.nvidia.com/cuda/cublas/index.html#cublasApi_reproducibility (Triggered internally at ../aten/src/ATen/Context.cpp:156.)
  return _VF.einsum(equation, operands)  # type: ignore[attr-defined]
/data/zhangpeiru/GARQ_revision/model.py:60: UserWarning: Deterministic behavior was enabled with either `torch.use_deterministic_algorithms(True)` or `at::Context::setDeterministicAlgorithms(true)`, but this operation is not deterministic because it uses CuBLAS and you have CUDA >= 10.2. To enable deterministic behavior in this case, you must set an environment variable before running your PyTorch application: CUBLAS_WORKSPACE_CONFIG=:4096:8 or CUBLAS_WORKSPACE_CONFIG=:16:8. For more information, go to https://docs.nvidia.com/cuda/cublas/index.html#cublasApi_reproducibility (Triggered internally at ../aten/src/ATen/Context.cpp:156.)
  cell_sim = torch.matmul(normed_e, normed_e.T)
/data/zhangpeiru/GARQ_revision/model.py:78: UserWarning: Deterministic behavior was enabled with either `torch.use_deterministic_algorithms(True)` or `at::Context::setDeterministicAlgorithms(true)`, but this operation is not deterministic because it uses CuBLAS and you have CUDA >= 10.2. To enable deterministic behavior in this case, you must set an environment variable before running your PyTorch application: CUBLAS_WORKSPACE_CONFIG=:4096:8 or CUBLAS_WORKSPACE_CONFIG=:16:8. For more information, go to https://docs.nvidia.com/cuda/cublas/index.html#cublasApi_reproducibility (Triggered internally at ../aten/src/ATen/Context.cpp:156.)
  smoothed_sim = torch.matmul(adj, raw_sim)
/data/zhangpeiru/GARQ_revision/model.py:100: UserWarning: Deterministic behavior was enabled with either `torch.use_deterministic_algorithms(True)` or `at::Context::setDeterministicAlgorithms(true)`, but this operation is not deterministic because it uses CuBLAS and you have CUDA >= 10.2. To enable deterministic behavior in this case, you must set an environment variable before running your PyTorch application: CUBLAS_WORKSPACE_CONFIG=:4096:8 or CUBLAS_WORKSPACE_CONFIG=:16:8. For more information, go to https://docs.nvidia.com/cuda/cublas/index.html#cublasApi_reproducibility (Triggered internally at ../aten/src/ATen/Context.cpp:156.)
  e_q = torch.matmul(assignments, self.anchors.weight)
/data/zhangpeiru/GARQ_revision/model.py:121: UserWarning: cumsum_cuda_kernel does not have a deterministic implementation, but you set 'torch.use_deterministic_algorithms(True, warn_only=True)'. You can file an issue at https://github.com/pytorch/pytorch/issues to help us prioritize adding deterministic support for this operation. (Triggered internally at ../aten/src/ATen/Context.cpp:71.)
  dis_indices = torch.multinomial(
/data/zhangpeiru/GARQ_revision/data_utils.py:131: RuntimeWarning: Mean of empty slice.
  [data[meta_ids == i].mean(axis=0) for i in range(meta_ids.max() + 1)]
/home/zhangpeiru/.conda/envs/MetqQ2/lib/python3.11/site-packages/numpy/core/_methods.py:121: RuntimeWarning: invalid value encountered in divide
  ret = um.true_divide(
/data/zhangpeiru/GARQ_revision/data_utils.py:140: UserWarning: The given NumPy array is not writable, and PyTorch does not support non-writable tensors. This means writing to this tensor will result in undefined behavior. You may want to copy the array to protect its data or make it writable before converting it to a tensor. This type of warning will be suppressed for the rest of this program. (Triggered internally at ../torch/csrc/utils/tensor_numpy.cpp:206.)
  type_int = torch.from_numpy(adata.obs[args.type_key].cat.codes.values).long()
/data/zhangpeiru/GARQ_revision/data_utils.py:131: RuntimeWarning: Mean of empty slice.
  [data[meta_ids == i].mean(axis=0) for i in range(meta_ids.max() + 1)]
/home/zhangpeiru/.conda/envs/MetqQ2/lib/python3.11/site-packages/numpy/core/_methods.py:121: RuntimeWarning: invalid value encountered in divide
  ret = um.true_divide(
/home/zhangpeiru/.conda/envs/MetqQ2/lib/python3.11/site-packages/louvain/__init__.py:54: UserWarning: pkg_resources is deprecated as an API. See https://setuptools.pypa.io/en/latest/pkg_resources.html. The pkg_resources package is slated for removal as early as 2025-11-30. Refrain from using this package or pin to Setuptools<81.
  from pkg_resources import get_distribution, DistributionNotFound
/home/zhangpeiru/.conda/envs/MetqQ2/lib/python3.11/site-packages/anndata/utils.py:434: FutureWarning: Importing read_csv from `anndata` is deprecated. Import anndata.io.read_csv instead.
  warnings.warn(msg, FutureWarning)
/home/zhangpeiru/.conda/envs/MetqQ2/lib/python3.11/site-packages/anndata/utils.py:434: FutureWarning: Importing read_text from `anndata` is deprecated. Import anndata.io.read_text instead.
  warnings.warn(msg, FutureWarning)
/home/zhangpeiru/.conda/envs/MetqQ2/lib/python3.11/site-packages/anndata/utils.py:434: FutureWarning: Importing read_excel from `anndata` is deprecated. Import anndata.io.read_excel instead.
  warnings.warn(msg, FutureWarning)
/home/zhangpeiru/.conda/envs/MetqQ2/lib/python3.11/site-packages/anndata/utils.py:434: FutureWarning: Importing read_mtx from `anndata` is deprecated. Import anndata.io.read_mtx instead.
  warnings.warn(msg, FutureWarning)
/home/zhangpeiru/.conda/envs/MetqQ2/lib/python3.11/site-packages/anndata/utils.py:434: FutureWarning: Importing read_loom from `anndata` is deprecated. Import anndata.io.read_loom instead.
  warnings.warn(msg, FutureWarning)
/home/zhangpeiru/.conda/envs/MetqQ2/lib/python3.11/site-packages/anndata/utils.py:434: FutureWarning: Importing read_hdf from `anndata` is deprecated. Import anndata.io.read_hdf instead.
  warnings.warn(msg, FutureWarning)
/home/zhangpeiru/.conda/envs/MetqQ2/lib/python3.11/site-packages/anndata/utils.py:434: FutureWarning: Importing read_umi_tools from `anndata` is deprecated. Import anndata.io.read_umi_tools instead.
  warnings.warn(msg, FutureWarning)
WARNING: adata.X seems to be already log-transformed.
/home/zhangpeiru/.conda/envs/MetqQ2/lib/python3.11/site-packages/scanpy/preprocessing/_highly_variable_genes.py:220: FutureWarning: The default of observed=False is deprecated and will be changed to True in a future version of pandas. Pass observed=False to retain current behavior or observed=True to adopt the future default and silence this warning.
  disp_grouped = df.groupby('mean_bin')['dispersions']
/home/zhangpeiru/.conda/envs/MetqQ2/lib/python3.11/site-packages/scanpy/preprocessing/_simple.py:843: UserWarning: Received a view of an AnnData. Making a copy.
  view_to_actual(adata)
/home/zhangpeiru/.conda/envs/MetqQ2/lib/python3.11/site-packages/scanpy/preprocessing/_highly_variable_genes.py:220: FutureWarning: The default of observed=False is deprecated and will be changed to True in a future version of pandas. Pass observed=False to retain current behavior or observed=True to adopt the future default and silence this warning.
  disp_grouped = df.groupby('mean_bin')['dispersions']
/home/zhangpeiru/.conda/envs/MetqQ2/lib/python3.11/site-packages/scanpy/preprocessing/_simple.py:843: UserWarning: Received a view of an AnnData. Making a copy.
  view_to_actual(adata)
=======Loading and Preprocessing Data=======
Data of 2 omics in total
revision_results/cache/subsets/D11_11_GSE194122_rna_2000cells_seed1729.h5ad loaded with shape [2000, 3004]
revision_results/cache/subsets/D11_11_GSE194122_atac_2000cells_seed1729.h5ad loaded with shape [2000, 30000]
2026-08-29 17:03:22,439 INFO Loading faiss with AVX512 support.
2026-08-29 17:03:22,465 INFO Successfully loaded faiss with AVX512 support.
2026-08-29 17:03:22,470 INFO Failed to load GPU Faiss: name 'GpuIndexIVFFlat' is not defined. Will not load constructor refs for GPU indexes. This is only an error if you're trying to use GPU Faiss.
WARNING clustering 512 points to 40 centroids: please provide at least 1560 training points
GARQ Initialization completed.
/home/zhangpeiru/.conda/envs/MetqQ2/lib/python3.11/site-packages/torch/autograd/__init__.py:251: UserWarning: Deterministic behavior was enabled with either `torch.use_deterministic_algorithms(True)` or `at::Context::setDeterministicAlgorithms(true)`, but this operation is not deterministic because it uses CuBLAS and you have CUDA >= 10.2. To enable deterministic behavior in this case, you must set an environment variable before running your PyTorch application: CUBLAS_WORKSPACE_CONFIG=:4096:8 or CUBLAS_WORKSPACE_CONFIG=:16:8. For more information, go to https://docs.nvidia.com/cuda/cublas/index.html#cublasApi_reproducibility (Triggered internally at ../aten/src/ATen/Context.cpp:156.)
  Variable._execution_engine.run_backward(  # Calls into the C++ engine to run the backward pass
/home/zhangpeiru/.conda/envs/MetqQ2/lib/python3.11/site-packages/torch/autograd/__init__.py:251: UserWarning: Memory Efficient attention defaults to a non-deterministic algorithm. To explicitly enable determinism call torch.use_deterministic_algorithms(True, warn_only=False). (Triggered internally at ../aten/src/ATen/native/transformers/cuda/attention_backward.cu:413.)
  Variable._execution_engine.run_backward(  # Calls into the C++ engine to run the backward pass
Epoch 1, RNA: recon_loss=0.2389 , ATAC: recon_loss=0.3754 
/home/zhangpeiru/.conda/envs/MetqQ2/lib/python3.11/site-packages/torch/functional.py:377: UserWarning: Deterministic behavior was enabled with either `torch.use_deterministic_algorithms(True)` or `at::Context::setDeterministicAlgorithms(true)`, but this operation is not deterministic because it uses CuBLAS and you have CUDA >= 10.2. To enable deterministic behavior in this case, you must set an environment variable before running your PyTorch application: CUBLAS_WORKSPACE_CONFIG=:4096:8 or CUBLAS_WORKSPACE_CONFIG=:16:8. For more information, go to https://docs.nvidia.com/cuda/cublas/index.html#cublasApi_reproducibility (Triggered internally at ../aten/src/ATen/Context.cpp:156.)
  return _VF.einsum(equation, operands)  # type: ignore[attr-defined]
/data/zhangpeiru/GARQ_revision/model.py:60: UserWarning: Deterministic behavior was enabled with either `torch.use_deterministic_algorithms(True)` or `at::Context::setDeterministicAlgorithms(true)`, but this operation is not deterministic because it uses CuBLAS and you have CUDA >= 10.2. To enable deterministic behavior in this case, you must set an environment variable before running your PyTorch application: CUBLAS_WORKSPACE_CONFIG=:4096:8 or CUBLAS_WORKSPACE_CONFIG=:16:8. For more information, go to https://docs.nvidia.com/cuda/cublas/index.html#cublasApi_reproducibility (Triggered internally at ../aten/src/ATen/Context.cpp:156.)
  cell_sim = torch.matmul(normed_e, normed_e.T)
/data/zhangpeiru/GARQ_revision/model.py:78: UserWarning: Deterministic behavior was enabled with either `torch.use_deterministic_algorithms(True)` or `at::Context::setDeterministicAlgorithms(true)`, but this operation is not deterministic because it uses CuBLAS and you have CUDA >= 10.2. To enable deterministic behavior in this case, you must set an environment variable before running your PyTorch application: CUBLAS_WORKSPACE_CONFIG=:4096:8 or CUBLAS_WORKSPACE_CONFIG=:16:8. For more information, go to https://docs.nvidia.com/cuda/cublas/index.html#cublasApi_reproducibility (Triggered internally at ../aten/src/ATen/Context.cpp:156.)
  smoothed_sim = torch.matmul(adj, raw_sim)
/data/zhangpeiru/GARQ_revision/model.py:100: UserWarning: Deterministic behavior was enabled with either `torch.use_deterministic_algorithms(True)` or `at::Context::setDeterministicAlgorithms(true)`, but this operation is not deterministic because it uses CuBLAS and you have CUDA >= 10.2. To enable deterministic behavior in this case, you must set an environment variable before running your PyTorch application: CUBLAS_WORKSPACE_CONFIG=:4096:8 or CUBLAS_WORKSPACE_CONFIG=:16:8. For more information, go to https://docs.nvidia.com/cuda/cublas/index.html#cublasApi_reproducibility (Triggered internally at ../aten/src/ATen/Context.cpp:156.)
  e_q = torch.matmul(assignments, self.anchors.weight)
/data/zhangpeiru/GARQ_revision/model.py:121: UserWarning: cumsum_cuda_kernel does not have a deterministic implementation, but you set 'torch.use_deterministic_algorithms(True, warn_only=True)'. You can file an issue at https://github.com/pytorch/pytorch/issues to help us prioritize adding deterministic support for this operation. (Triggered internally at ../aten/src/ATen/Context.cpp:71.)
  dis_indices = torch.multinomial(
/data/zhangpeiru/GARQ_revision/data_utils.py:131: RuntimeWarning: Mean of empty slice.
  [data[meta_ids == i].mean(axis=0) for i in range(meta_ids.max() + 1)]
/home/zhangpeiru/.conda/envs/MetqQ2/lib/python3.11/site-packages/numpy/core/_methods.py:121: RuntimeWarning: invalid value encountered in divide
  ret = um.true_divide(
/data/zhangpeiru/GARQ_revision/data_utils.py:140: UserWarning: The given NumPy array is not writable, and PyTorch does not support non-writable tensors. This means writing to this tensor will result in undefined behavior. You may want to copy the array to protect its data or make it writable before converting it to a tensor. This type of warning will be suppressed for the rest of this program. (Triggered internally at ../torch/csrc/utils/tensor_numpy.cpp:206.)
  type_int = torch.from_numpy(adata.obs[args.type_key].cat.codes.values).long()
/data/zhangpeiru/GARQ_revision/data_utils.py:131: RuntimeWarning: Mean of empty slice.
  [data[meta_ids == i].mean(axis=0) for i in range(meta_ids.max() + 1)]
/home/zhangpeiru/.conda/envs/MetqQ2/lib/python3.11/site-packages/numpy/core/_methods.py:121: RuntimeWarning: invalid value encountered in divide
  ret = um.true_divide(
/home/zhangpeiru/.conda/envs/MetqQ2/lib/python3.11/site-packages/louvain/__init__.py:54: UserWarning: pkg_resources is deprecated as an API. See https://setuptools.pypa.io/en/latest/pkg_resources.html. The pkg_resources package is slated for removal as early as 2025-11-30. Refrain from using this package or pin to Setuptools<81.
  from pkg_resources import get_distribution, DistributionNotFound
/home/zhangpeiru/.conda/envs/MetqQ2/lib/python3.11/site-packages/anndata/utils.py:434: FutureWarning: Importing read_csv from `anndata` is deprecated. Import anndata.io.read_csv instead.
  warnings.warn(msg, FutureWarning)
/home/zhangpeiru/.conda/envs/MetqQ2/lib/python3.11/site-packages/anndata/utils.py:434: FutureWarning: Importing read_text from `anndata` is deprecated. Import anndata.io.read_text instead.
  warnings.warn(msg, FutureWarning)
/home/zhangpeiru/.conda/envs/MetqQ2/lib/python3.11/site-packages/anndata/utils.py:434: FutureWarning: Importing read_excel from `anndata` is deprecated. Import anndata.io.read_excel instead.
  warnings.warn(msg, FutureWarning)
/home/zhangpeiru/.conda/envs/MetqQ2/lib/python3.11/site-packages/anndata/utils.py:434: FutureWarning: Importing read_mtx from `anndata` is deprecated. Import anndata.io.read_mtx instead.
  warnings.warn(msg, FutureWarning)
/home/zhangpeiru/.conda/envs/MetqQ2/lib/python3.11/site-packages/anndata/utils.py:434: FutureWarning: Importing read_loom from `anndata` is deprecated. Import anndata.io.read_loom instead.
  warnings.warn(msg, FutureWarning)
/home/zhangpeiru/.conda/envs/MetqQ2/lib/python3.11/site-packages/anndata/utils.py:434: FutureWarning: Importing read_hdf from `anndata` is deprecated. Import anndata.io.read_hdf instead.
  warnings.warn(msg, FutureWarning)
/home/zhangpeiru/.conda/envs/MetqQ2/lib/python3.11/site-packages/anndata/utils.py:434: FutureWarning: Importing read_umi_tools from `anndata` is deprecated. Import anndata.io.read_umi_tools instead.
  warnings.warn(msg, FutureWarning)
WARNING: adata.X seems to be already log-transformed.
/home/zhangpeiru/.conda/envs/MetqQ2/lib/python3.11/site-packages/scanpy/preprocessing/_highly_variable_genes.py:220: FutureWarning: The default of observed=False is deprecated and will be changed to True in a future version of pandas. Pass observed=False to retain current behavior or observed=True to adopt the future default and silence this warning.
  disp_grouped = df.groupby('mean_bin')['dispersions']
/home/zhangpeiru/.conda/envs/MetqQ2/lib/python3.11/site-packages/scanpy/preprocessing/_simple.py:843: UserWarning: Received a view of an AnnData. Making a copy.
  view_to_actual(adata)
/home/zhangpeiru/.conda/envs/MetqQ2/lib/python3.11/site-packages/scanpy/preprocessing/_highly_variable_genes.py:220: FutureWarning: The default of observed=False is deprecated and will be changed to True in a future version of pandas. Pass observed=False to retain current behavior or observed=True to adopt the future default and silence this warning.
  disp_grouped = df.groupby('mean_bin')['dispersions']
/home/zhangpeiru/.conda/envs/MetqQ2/lib/python3.11/site-packages/scanpy/preprocessing/_simple.py:843: UserWarning: Received a view of an AnnData. Making a copy.
  view_to_actual(adata)
=======Loading and Preprocessing Data=======
Data of 2 omics in total
revision_results/cache/subsets/D11_11_GSE194122_rna_2000cells_seed1729.h5ad loaded with shape [2000, 3004]
revision_results/cache/subsets/D11_11_GSE194122_atac_2000cells_seed1729.h5ad loaded with shape [2000, 30000]
2026-08-29 17:03:39,047 INFO Loading faiss with AVX512 support.
2026-08-29 17:03:39,069 INFO Successfully loaded faiss with AVX512 support.
2026-08-29 17:03:39,072 INFO Failed to load GPU Faiss: name 'GpuIndexIVFFlat' is not defined. Will not load constructor refs for GPU indexes. This is only an error if you're trying to use GPU Faiss.
WARNING clustering 512 points to 40 centroids: please provide at least 1560 training points
GARQ Initialization completed.
/home/zhangpeiru/.conda/envs/MetqQ2/lib/python3.11/site-packages/torch/autograd/__init__.py:251: UserWarning: Deterministic behavior was enabled with either `torch.use_deterministic_algorithms(True)` or `at::Context::setDeterministicAlgorithms(true)`, but this operation is not deterministic because it uses CuBLAS and you have CUDA >= 10.2. To enable deterministic behavior in this case, you must set an environment variable before running your PyTorch application: CUBLAS_WORKSPACE_CONFIG=:4096:8 or CUBLAS_WORKSPACE_CONFIG=:16:8. For more information, go to https://docs.nvidia.com/cuda/cublas/index.html#cublasApi_reproducibility (Triggered internally at ../aten/src/ATen/Context.cpp:156.)
  Variable._execution_engine.run_backward(  # Calls into the C++ engine to run the backward pass
/home/zhangpeiru/.conda/envs/MetqQ2/lib/python3.11/site-packages/torch/autograd/__init__.py:251: UserWarning: Memory Efficient attention defaults to a non-deterministic algorithm. To explicitly enable determinism call torch.use_deterministic_algorithms(True, warn_only=False). (Triggered internally at ../aten/src/ATen/native/transformers/cuda/attention_backward.cu:413.)
  Variable._execution_engine.run_backward(  # Calls into the C++ engine to run the backward pass
Epoch 1, RNA: recon_loss=0.2395 , ATAC: recon_loss=0.3807 
/home/zhangpeiru/.conda/envs/MetqQ2/lib/python3.11/site-packages/torch/functional.py:377: UserWarning: Deterministic behavior was enabled with either `torch.use_deterministic_algorithms(True)` or `at::Context::setDeterministicAlgorithms(true)`, but this operation is not deterministic because it uses CuBLAS and you have CUDA >= 10.2. To enable deterministic behavior in this case, you must set an environment variable before running your PyTorch application: CUBLAS_WORKSPACE_CONFIG=:4096:8 or CUBLAS_WORKSPACE_CONFIG=:16:8. For more information, go to https://docs.nvidia.com/cuda/cublas/index.html#cublasApi_reproducibility (Triggered internally at ../aten/src/ATen/Context.cpp:156.)
  return _VF.einsum(equation, operands)  # type: ignore[attr-defined]
/data/zhangpeiru/GARQ_revision/model.py:60: UserWarning: Deterministic behavior was enabled with either `torch.use_deterministic_algorithms(True)` or `at::Context::setDeterministicAlgorithms(true)`, but this operation is not deterministic because it uses CuBLAS and you have CUDA >= 10.2. To enable deterministic behavior in this case, you must set an environment variable before running your PyTorch application: CUBLAS_WORKSPACE_CONFIG=:4096:8 or CUBLAS_WORKSPACE_CONFIG=:16:8. For more information, go to https://docs.nvidia.com/cuda/cublas/index.html#cublasApi_reproducibility (Triggered internally at ../aten/src/ATen/Context.cpp:156.)
  cell_sim = torch.matmul(normed_e, normed_e.T)
/data/zhangpeiru/GARQ_revision/model.py:78: UserWarning: Deterministic behavior was enabled with either `torch.use_deterministic_algorithms(True)` or `at::Context::setDeterministicAlgorithms(true)`, but this operation is not deterministic because it uses CuBLAS and you have CUDA >= 10.2. To enable deterministic behavior in this case, you must set an environment variable before running your PyTorch application: CUBLAS_WORKSPACE_CONFIG=:4096:8 or CUBLAS_WORKSPACE_CONFIG=:16:8. For more information, go to https://docs.nvidia.com/cuda/cublas/index.html#cublasApi_reproducibility (Triggered internally at ../aten/src/ATen/Context.cpp:156.)
  smoothed_sim = torch.matmul(adj, raw_sim)
/data/zhangpeiru/GARQ_revision/model.py:100: UserWarning: Deterministic behavior was enabled with either `torch.use_deterministic_algorithms(True)` or `at::Context::setDeterministicAlgorithms(true)`, but this operation is not deterministic because it uses CuBLAS and you have CUDA >= 10.2. To enable deterministic behavior in this case, you must set an environment variable before running your PyTorch application: CUBLAS_WORKSPACE_CONFIG=:4096:8 or CUBLAS_WORKSPACE_CONFIG=:16:8. For more information, go to https://docs.nvidia.com/cuda/cublas/index.html#cublasApi_reproducibility (Triggered internally at ../aten/src/ATen/Context.cpp:156.)
  e_q = torch.matmul(assignments, self.anchors.weight)
/data/zhangpeiru/GARQ_revision/model.py:121: UserWarning: cumsum_cuda_kernel does not have a deterministic implementation, but you set 'torch.use_deterministic_algorithms(True, warn_only=True)'. You can file an issue at https://github.com/pytorch/pytorch/issues to help us prioritize adding deterministic support for this operation. (Triggered internally at ../aten/src/ATen/Context.cpp:71.)
  dis_indices = torch.multinomial(
/data/zhangpeiru/GARQ_revision/data_utils.py:131: RuntimeWarning: Mean of empty slice.
  [data[meta_ids == i].mean(axis=0) for i in range(meta_ids.max() + 1)]
/home/zhangpeiru/.conda/envs/MetqQ2/lib/python3.11/site-packages/numpy/core/_methods.py:121: RuntimeWarning: invalid value encountered in divide
  ret = um.true_divide(
/data/zhangpeiru/GARQ_revision/data_utils.py:140: UserWarning: The given NumPy array is not writable, and PyTorch does not support non-writable tensors. This means writing to this tensor will result in undefined behavior. You may want to copy the array to protect its data or make it writable before converting it to a tensor. This type of warning will be suppressed for the rest of this program. (Triggered internally at ../torch/csrc/utils/tensor_numpy.cpp:206.)
  type_int = torch.from_numpy(adata.obs[args.type_key].cat.codes.values).long()
/data/zhangpeiru/GARQ_revision/data_utils.py:131: RuntimeWarning: Mean of empty slice.
  [data[meta_ids == i].mean(axis=0) for i in range(meta_ids.max() + 1)]
/home/zhangpeiru/.conda/envs/MetqQ2/lib/python3.11/site-packages/numpy/core/_methods.py:121: RuntimeWarning: invalid value encountered in divide
  ret = um.true_divide(
/home/zhangpeiru/.conda/envs/MetqQ2/lib/python3.11/site-packages/louvain/__init__.py:54: UserWarning: pkg_resources is deprecated as an API. See https://setuptools.pypa.io/en/latest/pkg_resources.html. The pkg_resources package is slated for removal as early as 2025-11-30. Refrain from using this package or pin to Setuptools<81.
  from pkg_resources import get_distribution, DistributionNotFound
/home/zhangpeiru/.conda/envs/MetqQ2/lib/python3.11/site-packages/anndata/utils.py:434: FutureWarning: Importing read_csv from `anndata` is deprecated. Import anndata.io.read_csv instead.
  warnings.warn(msg, FutureWarning)
/home/zhangpeiru/.conda/envs/MetqQ2/lib/python3.11/site-packages/anndata/utils.py:434: FutureWarning: Importing read_text from `anndata` is deprecated. Import anndata.io.read_text instead.
  warnings.warn(msg, FutureWarning)
/home/zhangpeiru/.conda/envs/MetqQ2/lib/python3.11/site-packages/anndata/utils.py:434: FutureWarning: Importing read_excel from `anndata` is deprecated. Import anndata.io.read_excel instead.
  warnings.warn(msg, FutureWarning)
/home/zhangpeiru/.conda/envs/MetqQ2/lib/python3.11/site-packages/anndata/utils.py:434: FutureWarning: Importing read_mtx from `anndata` is deprecated. Import anndata.io.read_mtx instead.
  warnings.warn(msg, FutureWarning)
/home/zhangpeiru/.conda/envs/MetqQ2/lib/python3.11/site-packages/anndata/utils.py:434: FutureWarning: Importing read_loom from `anndata` is deprecated. Import anndata.io.read_loom instead.
  warnings.warn(msg, FutureWarning)
/home/zhangpeiru/.conda/envs/MetqQ2/lib/python3.11/site-packages/anndata/utils.py:434: FutureWarning: Importing read_hdf from `anndata` is deprecated. Import anndata.io.read_hdf instead.
  warnings.warn(msg, FutureWarning)
/home/zhangpeiru/.conda/envs/MetqQ2/lib/python3.11/site-packages/anndata/utils.py:434: FutureWarning: Importing read_umi_tools from `anndata` is deprecated. Import anndata.io.read_umi_tools instead.
  warnings.warn(msg, FutureWarning)
WARNING: adata.X seems to be already log-transformed.
/home/zhangpeiru/.conda/envs/MetqQ2/lib/python3.11/site-packages/scanpy/preprocessing/_highly_variable_genes.py:220: FutureWarning: The default of observed=False is deprecated and will be changed to True in a future version of pandas. Pass observed=False to retain current behavior or observed=True to adopt the future default and silence this warning.
  disp_grouped = df.groupby('mean_bin')['dispersions']
/home/zhangpeiru/.conda/envs/MetqQ2/lib/python3.11/site-packages/scanpy/preprocessing/_simple.py:843: UserWarning: Received a view of an AnnData. Making a copy.
  view_to_actual(adata)
/home/zhangpeiru/.conda/envs/MetqQ2/lib/python3.11/site-packages/scanpy/preprocessing/_highly_variable_genes.py:220: FutureWarning: The default of observed=False is deprecated and will be changed to True in a future version of pandas. Pass observed=False to retain current behavior or observed=True to adopt the future default and silence this warning.
  disp_grouped = df.groupby('mean_bin')['dispersions']
/home/zhangpeiru/.conda/envs/MetqQ2/lib/python3.11/site-packages/scanpy/preprocessing/_simple.py:843: UserWarning: Received a view of an AnnData. Making a copy.
  view_to_actual(adata)
=======Loading and Preprocessing Data=======
Data of 2 omics in total
revision_results/cache/subsets/D11_11_GSE194122_rna_2000cells_seed1729.h5ad loaded with shape [2000, 3004]
revision_results/cache/subsets/D11_11_GSE194122_atac_2000cells_seed1729.h5ad loaded with shape [2000, 30000]
2026-08-29 17:03:55,158 INFO Loading faiss with AVX512 support.
2026-08-29 17:03:55,183 INFO Successfully loaded faiss with AVX512 support.
2026-08-29 17:03:55,188 INFO Failed to load GPU Faiss: name 'GpuIndexIVFFlat' is not defined. Will not load constructor refs for GPU indexes. This is only an error if you're trying to use GPU Faiss.
WARNING clustering 512 points to 40 centroids: please provide at least 1560 training points
GARQ Initialization completed.
/home/zhangpeiru/.conda/envs/MetqQ2/lib/python3.11/site-packages/torch/autograd/__init__.py:251: UserWarning: Deterministic behavior was enabled with either `torch.use_deterministic_algorithms(True)` or `at::Context::setDeterministicAlgorithms(true)`, but this operation is not deterministic because it uses CuBLAS and you have CUDA >= 10.2. To enable deterministic behavior in this case, you must set an environment variable before running your PyTorch application: CUBLAS_WORKSPACE_CONFIG=:4096:8 or CUBLAS_WORKSPACE_CONFIG=:16:8. For more information, go to https://docs.nvidia.com/cuda/cublas/index.html#cublasApi_reproducibility (Triggered internally at ../aten/src/ATen/Context.cpp:156.)
  Variable._execution_engine.run_backward(  # Calls into the C++ engine to run the backward pass
/home/zhangpeiru/.conda/envs/MetqQ2/lib/python3.11/site-packages/torch/autograd/__init__.py:251: UserWarning: Memory Efficient attention defaults to a non-deterministic algorithm. To explicitly enable determinism call torch.use_deterministic_algorithms(True, warn_only=False). (Triggered internally at ../aten/src/ATen/native/transformers/cuda/attention_backward.cu:413.)
  Variable._execution_engine.run_backward(  # Calls into the C++ engine to run the backward pass
Epoch 1, RNA: recon_loss=0.2396 , ATAC: recon_loss=0.3768 
/home/zhangpeiru/.conda/envs/MetqQ2/lib/python3.11/site-packages/torch/functional.py:377: UserWarning: Deterministic behavior was enabled with either `torch.use_deterministic_algorithms(True)` or `at::Context::setDeterministicAlgorithms(true)`, but this operation is not deterministic because it uses CuBLAS and you have CUDA >= 10.2. To enable deterministic behavior in this case, you must set an environment variable before running your PyTorch application: CUBLAS_WORKSPACE_CONFIG=:4096:8 or CUBLAS_WORKSPACE_CONFIG=:16:8. For more information, go to https://docs.nvidia.com/cuda/cublas/index.html#cublasApi_reproducibility (Triggered internally at ../aten/src/ATen/Context.cpp:156.)
  return _VF.einsum(equation, operands)  # type: ignore[attr-defined]
/data/zhangpeiru/GARQ_revision/model.py:60: UserWarning: Deterministic behavior was enabled with either `torch.use_deterministic_algorithms(True)` or `at::Context::setDeterministicAlgorithms(true)`, but this operation is not deterministic because it uses CuBLAS and you have CUDA >= 10.2. To enable deterministic behavior in this case, you must set an environment variable before running your PyTorch application: CUBLAS_WORKSPACE_CONFIG=:4096:8 or CUBLAS_WORKSPACE_CONFIG=:16:8. For more information, go to https://docs.nvidia.com/cuda/cublas/index.html#cublasApi_reproducibility (Triggered internally at ../aten/src/ATen/Context.cpp:156.)
  cell_sim = torch.matmul(normed_e, normed_e.T)
/data/zhangpeiru/GARQ_revision/model.py:78: UserWarning: Deterministic behavior was enabled with either `torch.use_deterministic_algorithms(True)` or `at::Context::setDeterministicAlgorithms(true)`, but this operation is not deterministic because it uses CuBLAS and you have CUDA >= 10.2. To enable deterministic behavior in this case, you must set an environment variable before running your PyTorch application: CUBLAS_WORKSPACE_CONFIG=:4096:8 or CUBLAS_WORKSPACE_CONFIG=:16:8. For more information, go to https://docs.nvidia.com/cuda/cublas/index.html#cublasApi_reproducibility (Triggered internally at ../aten/src/ATen/Context.cpp:156.)
  smoothed_sim = torch.matmul(adj, raw_sim)
/data/zhangpeiru/GARQ_revision/model.py:100: UserWarning: Deterministic behavior was enabled with either `torch.use_deterministic_algorithms(True)` or `at::Context::setDeterministicAlgorithms(true)`, but this operation is not deterministic because it uses CuBLAS and you have CUDA >= 10.2. To enable deterministic behavior in this case, you must set an environment variable before running your PyTorch application: CUBLAS_WORKSPACE_CONFIG=:4096:8 or CUBLAS_WORKSPACE_CONFIG=:16:8. For more information, go to https://docs.nvidia.com/cuda/cublas/index.html#cublasApi_reproducibility (Triggered internally at ../aten/src/ATen/Context.cpp:156.)
  e_q = torch.matmul(assignments, self.anchors.weight)
/data/zhangpeiru/GARQ_revision/model.py:121: UserWarning: cumsum_cuda_kernel does not have a deterministic implementation, but you set 'torch.use_deterministic_algorithms(True, warn_only=True)'. You can file an issue at https://github.com/pytorch/pytorch/issues to help us prioritize adding deterministic support for this operation. (Triggered internally at ../aten/src/ATen/Context.cpp:71.)
  dis_indices = torch.multinomial(
/data/zhangpeiru/GARQ_revision/data_utils.py:131: RuntimeWarning: Mean of empty slice.
  [data[meta_ids == i].mean(axis=0) for i in range(meta_ids.max() + 1)]
/home/zhangpeiru/.conda/envs/MetqQ2/lib/python3.11/site-packages/numpy/core/_methods.py:121: RuntimeWarning: invalid value encountered in divide
  ret = um.true_divide(
/data/zhangpeiru/GARQ_revision/data_utils.py:140: UserWarning: The given NumPy array is not writable, and PyTorch does not support non-writable tensors. This means writing to this tensor will result in undefined behavior. You may want to copy the array to protect its data or make it writable before converting it to a tensor. This type of warning will be suppressed for the rest of this program. (Triggered internally at ../torch/csrc/utils/tensor_numpy.cpp:206.)
  type_int = torch.from_numpy(adata.obs[args.type_key].cat.codes.values).long()
/data/zhangpeiru/GARQ_revision/data_utils.py:131: RuntimeWarning: Mean of empty slice.
  [data[meta_ids == i].mean(axis=0) for i in range(meta_ids.max() + 1)]
/home/zhangpeiru/.conda/envs/MetqQ2/lib/python3.11/site-packages/numpy/core/_methods.py:121: RuntimeWarning: invalid value encountered in divide
  ret = um.true_divide(
/home/zhangpeiru/.conda/envs/MetqQ2/lib/python3.11/site-packages/louvain/__init__.py:54: UserWarning: pkg_resources is deprecated as an API. See https://setuptools.pypa.io/en/latest/pkg_resources.html. The pkg_resources package is slated for removal as early as 2025-11-30. Refrain from using this package or pin to Setuptools<81.
  from pkg_resources import get_distribution, DistributionNotFound
/home/zhangpeiru/.conda/envs/MetqQ2/lib/python3.11/site-packages/anndata/utils.py:434: FutureWarning: Importing read_csv from `anndata` is deprecated. Import anndata.io.read_csv instead.
  warnings.warn(msg, FutureWarning)
/home/zhangpeiru/.conda/envs/MetqQ2/lib/python3.11/site-packages/anndata/utils.py:434: FutureWarning: Importing read_text from `anndata` is deprecated. Import anndata.io.read_text instead.
  warnings.warn(msg, FutureWarning)
/home/zhangpeiru/.conda/envs/MetqQ2/lib/python3.11/site-packages/anndata/utils.py:434: FutureWarning: Importing read_excel from `anndata` is deprecated. Import anndata.io.read_excel instead.
  warnings.warn(msg, FutureWarning)
/home/zhangpeiru/.conda/envs/MetqQ2/lib/python3.11/site-packages/anndata/utils.py:434: FutureWarning: Importing read_mtx from `anndata` is deprecated. Import anndata.io.read_mtx instead.
  warnings.warn(msg, FutureWarning)
/home/zhangpeiru/.conda/envs/MetqQ2/lib/python3.11/site-packages/anndata/utils.py:434: FutureWarning: Importing read_loom from `anndata` is deprecated. Import anndata.io.read_loom instead.
  warnings.warn(msg, FutureWarning)
/home/zhangpeiru/.conda/envs/MetqQ2/lib/python3.11/site-packages/anndata/utils.py:434: FutureWarning: Importing read_hdf from `anndata` is deprecated. Import anndata.io.read_hdf instead.
  warnings.warn(msg, FutureWarning)
/home/zhangpeiru/.conda/envs/MetqQ2/lib/python3.11/site-packages/anndata/utils.py:434: FutureWarning: Importing read_umi_tools from `anndata` is deprecated. Import anndata.io.read_umi_tools instead.
  warnings.warn(msg, FutureWarning)
WARNING: adata.X seems to be already log-transformed.
/home/zhangpeiru/.conda/envs/MetqQ2/lib/python3.11/site-packages/scanpy/preprocessing/_highly_variable_genes.py:220: FutureWarning: The default of observed=False is deprecated and will be changed to True in a future version of pandas. Pass observed=False to retain current behavior or observed=True to adopt the future default and silence this warning.
  disp_grouped = df.groupby('mean_bin')['dispersions']
/home/zhangpeiru/.conda/envs/MetqQ2/lib/python3.11/site-packages/scanpy/preprocessing/_simple.py:843: UserWarning: Received a view of an AnnData. Making a copy.
  view_to_actual(adata)
/home/zhangpeiru/.conda/envs/MetqQ2/lib/python3.11/site-packages/scanpy/preprocessing/_highly_variable_genes.py:220: FutureWarning: The default of observed=False is deprecated and will be changed to True in a future version of pandas. Pass observed=False to retain current behavior or observed=True to adopt the future default and silence this warning.
  disp_grouped = df.groupby('mean_bin')['dispersions']
/home/zhangpeiru/.conda/envs/MetqQ2/lib/python3.11/site-packages/scanpy/preprocessing/_simple.py:843: UserWarning: Received a view of an AnnData. Making a copy.
  view_to_actual(adata)
=======Loading and Preprocessing Data=======
Data of 2 omics in total
revision_results/cache/subsets/D11_11_GSE194122_rna_2000cells_seed1729.h5ad loaded with shape [2000, 3004]
revision_results/cache/subsets/D11_11_GSE194122_atac_2000cells_seed1729.h5ad loaded with shape [2000, 30000]
2026-08-29 17:04:13,301 INFO Loading faiss with AVX512 support.
2026-08-29 17:04:13,325 INFO Successfully loaded faiss with AVX512 support.
2026-08-29 17:04:13,330 INFO Failed to load GPU Faiss: name 'GpuIndexIVFFlat' is not defined. Will not load constructor refs for GPU indexes. This is only an error if you're trying to use GPU Faiss.
WARNING clustering 512 points to 40 centroids: please provide at least 1560 training points
GARQ Initialization completed.
/home/zhangpeiru/.conda/envs/MetqQ2/lib/python3.11/site-packages/torch/autograd/__init__.py:251: UserWarning: Deterministic behavior was enabled with either `torch.use_deterministic_algorithms(True)` or `at::Context::setDeterministicAlgorithms(true)`, but this operation is not deterministic because it uses CuBLAS and you have CUDA >= 10.2. To enable deterministic behavior in this case, you must set an environment variable before running your PyTorch application: CUBLAS_WORKSPACE_CONFIG=:4096:8 or CUBLAS_WORKSPACE_CONFIG=:16:8. For more information, go to https://docs.nvidia.com/cuda/cublas/index.html#cublasApi_reproducibility (Triggered internally at ../aten/src/ATen/Context.cpp:156.)
  Variable._execution_engine.run_backward(  # Calls into the C++ engine to run the backward pass
/home/zhangpeiru/.conda/envs/MetqQ2/lib/python3.11/site-packages/torch/autograd/__init__.py:251: UserWarning: Memory Efficient attention defaults to a non-deterministic algorithm. To explicitly enable determinism call torch.use_deterministic_algorithms(True, warn_only=False). (Triggered internally at ../aten/src/ATen/native/transformers/cuda/attention_backward.cu:413.)
  Variable._execution_engine.run_backward(  # Calls into the C++ engine to run the backward pass
Epoch 1, RNA: recon_loss=0.2393 , ATAC: recon_loss=0.3755 
/home/zhangpeiru/.conda/envs/MetqQ2/lib/python3.11/site-packages/torch/functional.py:377: UserWarning: Deterministic behavior was enabled with either `torch.use_deterministic_algorithms(True)` or `at::Context::setDeterministicAlgorithms(true)`, but this operation is not deterministic because it uses CuBLAS and you have CUDA >= 10.2. To enable deterministic behavior in this case, you must set an environment variable before running your PyTorch application: CUBLAS_WORKSPACE_CONFIG=:4096:8 or CUBLAS_WORKSPACE_CONFIG=:16:8. For more information, go to https://docs.nvidia.com/cuda/cublas/index.html#cublasApi_reproducibility (Triggered internally at ../aten/src/ATen/Context.cpp:156.)
  return _VF.einsum(equation, operands)  # type: ignore[attr-defined]
/data/zhangpeiru/GARQ_revision/model.py:60: UserWarning: Deterministic behavior was enabled with either `torch.use_deterministic_algorithms(True)` or `at::Context::setDeterministicAlgorithms(true)`, but this operation is not deterministic because it uses CuBLAS and you have CUDA >= 10.2. To enable deterministic behavior in this case, you must set an environment variable before running your PyTorch application: CUBLAS_WORKSPACE_CONFIG=:4096:8 or CUBLAS_WORKSPACE_CONFIG=:16:8. For more information, go to https://docs.nvidia.com/cuda/cublas/index.html#cublasApi_reproducibility (Triggered internally at ../aten/src/ATen/Context.cpp:156.)
  cell_sim = torch.matmul(normed_e, normed_e.T)
/data/zhangpeiru/GARQ_revision/model.py:78: UserWarning: Deterministic behavior was enabled with either `torch.use_deterministic_algorithms(True)` or `at::Context::setDeterministicAlgorithms(true)`, but this operation is not deterministic because it uses CuBLAS and you have CUDA >= 10.2. To enable deterministic behavior in this case, you must set an environment variable before running your PyTorch application: CUBLAS_WORKSPACE_CONFIG=:4096:8 or CUBLAS_WORKSPACE_CONFIG=:16:8. For more information, go to https://docs.nvidia.com/cuda/cublas/index.html#cublasApi_reproducibility (Triggered internally at ../aten/src/ATen/Context.cpp:156.)
  smoothed_sim = torch.matmul(adj, raw_sim)
/data/zhangpeiru/GARQ_revision/model.py:100: UserWarning: Deterministic behavior was enabled with either `torch.use_deterministic_algorithms(True)` or `at::Context::setDeterministicAlgorithms(true)`, but this operation is not deterministic because it uses CuBLAS and you have CUDA >= 10.2. To enable deterministic behavior in this case, you must set an environment variable before running your PyTorch application: CUBLAS_WORKSPACE_CONFIG=:4096:8 or CUBLAS_WORKSPACE_CONFIG=:16:8. For more information, go to https://docs.nvidia.com/cuda/cublas/index.html#cublasApi_reproducibility (Triggered internally at ../aten/src/ATen/Context.cpp:156.)
  e_q = torch.matmul(assignments, self.anchors.weight)
/data/zhangpeiru/GARQ_revision/model.py:121: UserWarning: cumsum_cuda_kernel does not have a deterministic implementation, but you set 'torch.use_deterministic_algorithms(True, warn_only=True)'. You can file an issue at https://github.com/pytorch/pytorch/issues to help us prioritize adding deterministic support for this operation. (Triggered internally at ../aten/src/ATen/Context.cpp:71.)
  dis_indices = torch.multinomial(
/data/zhangpeiru/GARQ_revision/data_utils.py:131: RuntimeWarning: Mean of empty slice.
  [data[meta_ids == i].mean(axis=0) for i in range(meta_ids.max() + 1)]
/home/zhangpeiru/.conda/envs/MetqQ2/lib/python3.11/site-packages/numpy/core/_methods.py:121: RuntimeWarning: invalid value encountered in divide
  ret = um.true_divide(
/data/zhangpeiru/GARQ_revision/data_utils.py:140: UserWarning: The given NumPy array is not writable, and PyTorch does not support non-writable tensors. This means writing to this tensor will result in undefined behavior. You may want to copy the array to protect its data or make it writable before converting it to a tensor. This type of warning will be suppressed for the rest of this program. (Triggered internally at ../torch/csrc/utils/tensor_numpy.cpp:206.)
  type_int = torch.from_numpy(adata.obs[args.type_key].cat.codes.values).long()
/data/zhangpeiru/GARQ_revision/data_utils.py:131: RuntimeWarning: Mean of empty slice.
  [data[meta_ids == i].mean(axis=0) for i in range(meta_ids.max() + 1)]
/home/zhangpeiru/.conda/envs/MetqQ2/lib/python3.11/site-packages/numpy/core/_methods.py:121: RuntimeWarning: invalid value encountered in divide
  ret = um.true_divide(
/home/zhangpeiru/.conda/envs/MetqQ2/lib/python3.11/site-packages/louvain/__init__.py:54: UserWarning: pkg_resources is deprecated as an API. See https://setuptools.pypa.io/en/latest/pkg_resources.html. The pkg_resources package is slated for removal as early as 2025-11-30. Refrain from using this package or pin to Setuptools<81.
  from pkg_resources import get_distribution, DistributionNotFound
/home/zhangpeiru/.conda/envs/MetqQ2/lib/python3.11/site-packages/anndata/utils.py:434: FutureWarning: Importing read_csv from `anndata` is deprecated. Import anndata.io.read_csv instead.
  warnings.warn(msg, FutureWarning)
/home/zhangpeiru/.conda/envs/MetqQ2/lib/python3.11/site-packages/anndata/utils.py:434: FutureWarning: Importing read_text from `anndata` is deprecated. Import anndata.io.read_text instead.
  warnings.warn(msg, FutureWarning)
/home/zhangpeiru/.conda/envs/MetqQ2/lib/python3.11/site-packages/anndata/utils.py:434: FutureWarning: Importing read_excel from `anndata` is deprecated. Import anndata.io.read_excel instead.
  warnings.warn(msg, FutureWarning)
/home/zhangpeiru/.conda/envs/MetqQ2/lib/python3.11/site-packages/anndata/utils.py:434: FutureWarning: Importing read_mtx from `anndata` is deprecated. Import anndata.io.read_mtx instead.
  warnings.warn(msg, FutureWarning)
/home/zhangpeiru/.conda/envs/MetqQ2/lib/python3.11/site-packages/anndata/utils.py:434: FutureWarning: Importing read_loom from `anndata` is deprecated. Import anndata.io.read_loom instead.
  warnings.warn(msg, FutureWarning)
/home/zhangpeiru/.conda/envs/MetqQ2/lib/python3.11/site-packages/anndata/utils.py:434: FutureWarning: Importing read_hdf from `anndata` is deprecated. Import anndata.io.read_hdf instead.
  warnings.warn(msg, FutureWarning)
/home/zhangpeiru/.conda/envs/MetqQ2/lib/python3.11/site-packages/anndata/utils.py:434: FutureWarning: Importing read_umi_tools from `anndata` is deprecated. Import anndata.io.read_umi_tools instead.
  warnings.warn(msg, FutureWarning)
WARNING: adata.X seems to be already log-transformed.
/home/zhangpeiru/.conda/envs/MetqQ2/lib/python3.11/site-packages/scanpy/preprocessing/_highly_variable_genes.py:220: FutureWarning: The default of observed=False is deprecated and will be changed to True in a future version of pandas. Pass observed=False to retain current behavior or observed=True to adopt the future default and silence this warning.
  disp_grouped = df.groupby('mean_bin')['dispersions']
/home/zhangpeiru/.conda/envs/MetqQ2/lib/python3.11/site-packages/scanpy/preprocessing/_simple.py:843: UserWarning: Received a view of an AnnData. Making a copy.
  view_to_actual(adata)
/home/zhangpeiru/.conda/envs/MetqQ2/lib/python3.11/site-packages/scanpy/preprocessing/_highly_variable_genes.py:220: FutureWarning: The default of observed=False is deprecated and will be changed to True in a future version of pandas. Pass observed=False to retain current behavior or observed=True to adopt the future default and silence this warning.
  disp_grouped = df.groupby('mean_bin')['dispersions']
/home/zhangpeiru/.conda/envs/MetqQ2/lib/python3.11/site-packages/scanpy/preprocessing/_simple.py:843: UserWarning: Received a view of an AnnData. Making a copy.
  view_to_actual(adata)
=======Loading and Preprocessing Data=======
Data of 2 omics in total
revision_results/cache/subsets/D11_11_GSE194122_rna_2000cells_seed1729.h5ad loaded with shape [2000, 3004]
revision_results/cache/subsets/D11_11_GSE194122_atac_2000cells_seed1729.h5ad loaded with shape [2000, 30000]
2026-08-29 17:04:30,800 INFO Loading faiss with AVX512 support.
2026-08-29 17:04:30,823 INFO Successfully loaded faiss with AVX512 support.
2026-08-29 17:04:30,828 INFO Failed to load GPU Faiss: name 'GpuIndexIVFFlat' is not defined. Will not load constructor refs for GPU indexes. This is only an error if you're trying to use GPU Faiss.
WARNING clustering 512 points to 40 centroids: please provide at least 1560 training points
GARQ Initialization completed.
/home/zhangpeiru/.conda/envs/MetqQ2/lib/python3.11/site-packages/torch/autograd/__init__.py:251: UserWarning: Deterministic behavior was enabled with either `torch.use_deterministic_algorithms(True)` or `at::Context::setDeterministicAlgorithms(true)`, but this operation is not deterministic because it uses CuBLAS and you have CUDA >= 10.2. To enable deterministic behavior in this case, you must set an environment variable before running your PyTorch application: CUBLAS_WORKSPACE_CONFIG=:4096:8 or CUBLAS_WORKSPACE_CONFIG=:16:8. For more information, go to https://docs.nvidia.com/cuda/cublas/index.html#cublasApi_reproducibility (Triggered internally at ../aten/src/ATen/Context.cpp:156.)
  Variable._execution_engine.run_backward(  # Calls into the C++ engine to run the backward pass
/home/zhangpeiru/.conda/envs/MetqQ2/lib/python3.11/site-packages/torch/autograd/__init__.py:251: UserWarning: Memory Efficient attention defaults to a non-deterministic algorithm. To explicitly enable determinism call torch.use_deterministic_algorithms(True, warn_only=False). (Triggered internally at ../aten/src/ATen/native/transformers/cuda/attention_backward.cu:413.)
  Variable._execution_engine.run_backward(  # Calls into the C++ engine to run the backward pass
Epoch 1, RNA: recon_loss=0.2389 , ATAC: recon_loss=0.3754 
/home/zhangpeiru/.conda/envs/MetqQ2/lib/python3.11/site-packages/torch/functional.py:377: UserWarning: Deterministic behavior was enabled with either `torch.use_deterministic_algorithms(True)` or `at::Context::setDeterministicAlgorithms(true)`, but this operation is not deterministic because it uses CuBLAS and you have CUDA >= 10.2. To enable deterministic behavior in this case, you must set an environment variable before running your PyTorch application: CUBLAS_WORKSPACE_CONFIG=:4096:8 or CUBLAS_WORKSPACE_CONFIG=:16:8. For more information, go to https://docs.nvidia.com/cuda/cublas/index.html#cublasApi_reproducibility (Triggered internally at ../aten/src/ATen/Context.cpp:156.)
  return _VF.einsum(equation, operands)  # type: ignore[attr-defined]
/data/zhangpeiru/GARQ_revision/model.py:60: UserWarning: Deterministic behavior was enabled with either `torch.use_deterministic_algorithms(True)` or `at::Context::setDeterministicAlgorithms(true)`, but this operation is not deterministic because it uses CuBLAS and you have CUDA >= 10.2. To enable deterministic behavior in this case, you must set an environment variable before running your PyTorch application: CUBLAS_WORKSPACE_CONFIG=:4096:8 or CUBLAS_WORKSPACE_CONFIG=:16:8. For more information, go to https://docs.nvidia.com/cuda/cublas/index.html#cublasApi_reproducibility (Triggered internally at ../aten/src/ATen/Context.cpp:156.)
  cell_sim = torch.matmul(normed_e, normed_e.T)
/data/zhangpeiru/GARQ_revision/model.py:78: UserWarning: Deterministic behavior was enabled with either `torch.use_deterministic_algorithms(True)` or `at::Context::setDeterministicAlgorithms(true)`, but this operation is not deterministic because it uses CuBLAS and you have CUDA >= 10.2. To enable deterministic behavior in this case, you must set an environment variable before running your PyTorch application: CUBLAS_WORKSPACE_CONFIG=:4096:8 or CUBLAS_WORKSPACE_CONFIG=:16:8. For more information, go to https://docs.nvidia.com/cuda/cublas/index.html#cublasApi_reproducibility (Triggered internally at ../aten/src/ATen/Context.cpp:156.)
  smoothed_sim = torch.matmul(adj, raw_sim)
/data/zhangpeiru/GARQ_revision/model.py:100: UserWarning: Deterministic behavior was enabled with either `torch.use_deterministic_algorithms(True)` or `at::Context::setDeterministicAlgorithms(true)`, but this operation is not deterministic because it uses CuBLAS and you have CUDA >= 10.2. To enable deterministic behavior in this case, you must set an environment variable before running your PyTorch application: CUBLAS_WORKSPACE_CONFIG=:4096:8 or CUBLAS_WORKSPACE_CONFIG=:16:8. For more information, go to https://docs.nvidia.com/cuda/cublas/index.html#cublasApi_reproducibility (Triggered internally at ../aten/src/ATen/Context.cpp:156.)
  e_q = torch.matmul(assignments, self.anchors.weight)
/data/zhangpeiru/GARQ_revision/model.py:121: UserWarning: cumsum_cuda_kernel does not have a deterministic implementation, but you set 'torch.use_deterministic_algorithms(True, warn_only=True)'. You can file an issue at https://github.com/pytorch/pytorch/issues to help us prioritize adding deterministic support for this operation. (Triggered internally at ../aten/src/ATen/Context.cpp:71.)
  dis_indices = torch.multinomial(
/data/zhangpeiru/GARQ_revision/data_utils.py:131: RuntimeWarning: Mean of empty slice.
  [data[meta_ids == i].mean(axis=0) for i in range(meta_ids.max() + 1)]
/home/zhangpeiru/.conda/envs/MetqQ2/lib/python3.11/site-packages/numpy/core/_methods.py:121: RuntimeWarning: invalid value encountered in divide
  ret = um.true_divide(
/data/zhangpeiru/GARQ_revision/data_utils.py:140: UserWarning: The given NumPy array is not writable, and PyTorch does not support non-writable tensors. This means writing to this tensor will result in undefined behavior. You may want to copy the array to protect its data or make it writable before converting it to a tensor. This type of warning will be suppressed for the rest of this program. (Triggered internally at ../torch/csrc/utils/tensor_numpy.cpp:206.)
  type_int = torch.from_numpy(adata.obs[args.type_key].cat.codes.values).long()
/data/zhangpeiru/GARQ_revision/data_utils.py:131: RuntimeWarning: Mean of empty slice.
  [data[meta_ids == i].mean(axis=0) for i in range(meta_ids.max() + 1)]
/home/zhangpeiru/.conda/envs/MetqQ2/lib/python3.11/site-packages/numpy/core/_methods.py:121: RuntimeWarning: invalid value encountered in divide
  ret = um.true_divide(
/home/zhangpeiru/.conda/envs/MetqQ2/lib/python3.11/site-packages/louvain/__init__.py:54: UserWarning: pkg_resources is deprecated as an API. See https://setuptools.pypa.io/en/latest/pkg_resources.html. The pkg_resources package is slated for removal as early as 2025-11-30. Refrain from using this package or pin to Setuptools<81.
  from pkg_resources import get_distribution, DistributionNotFound
/home/zhangpeiru/.conda/envs/MetqQ2/lib/python3.11/site-packages/anndata/utils.py:434: FutureWarning: Importing read_csv from `anndata` is deprecated. Import anndata.io.read_csv instead.
  warnings.warn(msg, FutureWarning)
/home/zhangpeiru/.conda/envs/MetqQ2/lib/python3.11/site-packages/anndata/utils.py:434: FutureWarning: Importing read_text from `anndata` is deprecated. Import anndata.io.read_text instead.
  warnings.warn(msg, FutureWarning)
/home/zhangpeiru/.conda/envs/MetqQ2/lib/python3.11/site-packages/anndata/utils.py:434: FutureWarning: Importing read_excel from `anndata` is deprecated. Import anndata.io.read_excel instead.
  warnings.warn(msg, FutureWarning)
/home/zhangpeiru/.conda/envs/MetqQ2/lib/python3.11/site-packages/anndata/utils.py:434: FutureWarning: Importing read_mtx from `anndata` is deprecated. Import anndata.io.read_mtx instead.
  warnings.warn(msg, FutureWarning)
/home/zhangpeiru/.conda/envs/MetqQ2/lib/python3.11/site-packages/anndata/utils.py:434: FutureWarning: Importing read_loom from `anndata` is deprecated. Import anndata.io.read_loom instead.
  warnings.warn(msg, FutureWarning)
/home/zhangpeiru/.conda/envs/MetqQ2/lib/python3.11/site-packages/anndata/utils.py:434: FutureWarning: Importing read_hdf from `anndata` is deprecated. Import anndata.io.read_hdf instead.
  warnings.warn(msg, FutureWarning)
/home/zhangpeiru/.conda/envs/MetqQ2/lib/python3.11/site-packages/anndata/utils.py:434: FutureWarning: Importing read_umi_tools from `anndata` is deprecated. Import anndata.io.read_umi_tools instead.
  warnings.warn(msg, FutureWarning)
WARNING: adata.X seems to be already log-transformed.
/home/zhangpeiru/.conda/envs/MetqQ2/lib/python3.11/site-packages/scanpy/preprocessing/_highly_variable_genes.py:220: FutureWarning: The default of observed=False is deprecated and will be changed to True in a future version of pandas. Pass observed=False to retain current behavior or observed=True to adopt the future default and silence this warning.
  disp_grouped = df.groupby('mean_bin')['dispersions']
/home/zhangpeiru/.conda/envs/MetqQ2/lib/python3.11/site-packages/scanpy/preprocessing/_simple.py:843: UserWarning: Received a view of an AnnData. Making a copy.
  view_to_actual(adata)
/home/zhangpeiru/.conda/envs/MetqQ2/lib/python3.11/site-packages/scanpy/preprocessing/_highly_variable_genes.py:220: FutureWarning: The default of observed=False is deprecated and will be changed to True in a future version of pandas. Pass observed=False to retain current behavior or observed=True to adopt the future default and silence this warning.
  disp_grouped = df.groupby('mean_bin')['dispersions']
/home/zhangpeiru/.conda/envs/MetqQ2/lib/python3.11/site-packages/scanpy/preprocessing/_simple.py:843: UserWarning: Received a view of an AnnData. Making a copy.
  view_to_actual(adata)
=======Loading and Preprocessing Data=======
Data of 2 omics in total
revision_results/cache/subsets/D11_11_GSE194122_rna_2000cells_seed1729.h5ad loaded with shape [2000, 3004]
revision_results/cache/subsets/D11_11_GSE194122_atac_2000cells_seed1729.h5ad loaded with shape [2000, 30000]
2026-08-29 17:04:47,401 INFO Loading faiss with AVX512 support.
2026-08-29 17:04:47,426 INFO Successfully loaded faiss with AVX512 support.
2026-08-29 17:04:47,430 INFO Failed to load GPU Faiss: name 'GpuIndexIVFFlat' is not defined. Will not load constructor refs for GPU indexes. This is only an error if you're trying to use GPU Faiss.
WARNING clustering 512 points to 40 centroids: please provide at least 1560 training points
GARQ Initialization completed.
/home/zhangpeiru/.conda/envs/MetqQ2/lib/python3.11/site-packages/torch/autograd/__init__.py:251: UserWarning: Deterministic behavior was enabled with either `torch.use_deterministic_algorithms(True)` or `at::Context::setDeterministicAlgorithms(true)`, but this operation is not deterministic because it uses CuBLAS and you have CUDA >= 10.2. To enable deterministic behavior in this case, you must set an environment variable before running your PyTorch application: CUBLAS_WORKSPACE_CONFIG=:4096:8 or CUBLAS_WORKSPACE_CONFIG=:16:8. For more information, go to https://docs.nvidia.com/cuda/cublas/index.html#cublasApi_reproducibility (Triggered internally at ../aten/src/ATen/Context.cpp:156.)
  Variable._execution_engine.run_backward(  # Calls into the C++ engine to run the backward pass
/home/zhangpeiru/.conda/envs/MetqQ2/lib/python3.11/site-packages/torch/autograd/__init__.py:251: UserWarning: Memory Efficient attention defaults to a non-deterministic algorithm. To explicitly enable determinism call torch.use_deterministic_algorithms(True, warn_only=False). (Triggered internally at ../aten/src/ATen/native/transformers/cuda/attention_backward.cu:413.)
  Variable._execution_engine.run_backward(  # Calls into the C++ engine to run the backward pass
Epoch 1, RNA: recon_loss=0.2395 , ATAC: recon_loss=0.3807 
/home/zhangpeiru/.conda/envs/MetqQ2/lib/python3.11/site-packages/torch/functional.py:377: UserWarning: Deterministic behavior was enabled with either `torch.use_deterministic_algorithms(True)` or `at::Context::setDeterministicAlgorithms(true)`, but this operation is not deterministic because it uses CuBLAS and you have CUDA >= 10.2. To enable deterministic behavior in this case, you must set an environment variable before running your PyTorch application: CUBLAS_WORKSPACE_CONFIG=:4096:8 or CUBLAS_WORKSPACE_CONFIG=:16:8. For more information, go to https://docs.nvidia.com/cuda/cublas/index.html#cublasApi_reproducibility (Triggered internally at ../aten/src/ATen/Context.cpp:156.)
  return _VF.einsum(equation, operands)  # type: ignore[attr-defined]
/data/zhangpeiru/GARQ_revision/model.py:60: UserWarning: Deterministic behavior was enabled with either `torch.use_deterministic_algorithms(True)` or `at::Context::setDeterministicAlgorithms(true)`, but this operation is not deterministic because it uses CuBLAS and you have CUDA >= 10.2. To enable deterministic behavior in this case, you must set an environment variable before running your PyTorch application: CUBLAS_WORKSPACE_CONFIG=:4096:8 or CUBLAS_WORKSPACE_CONFIG=:16:8. For more information, go to https://docs.nvidia.com/cuda/cublas/index.html#cublasApi_reproducibility (Triggered internally at ../aten/src/ATen/Context.cpp:156.)
  cell_sim = torch.matmul(normed_e, normed_e.T)
/data/zhangpeiru/GARQ_revision/model.py:78: UserWarning: Deterministic behavior was enabled with either `torch.use_deterministic_algorithms(True)` or `at::Context::setDeterministicAlgorithms(true)`, but this operation is not deterministic because it uses CuBLAS and you have CUDA >= 10.2. To enable deterministic behavior in this case, you must set an environment variable before running your PyTorch application: CUBLAS_WORKSPACE_CONFIG=:4096:8 or CUBLAS_WORKSPACE_CONFIG=:16:8. For more information, go to https://docs.nvidia.com/cuda/cublas/index.html#cublasApi_reproducibility (Triggered internally at ../aten/src/ATen/Context.cpp:156.)
  smoothed_sim = torch.matmul(adj, raw_sim)
/data/zhangpeiru/GARQ_revision/model.py:100: UserWarning: Deterministic behavior was enabled with either `torch.use_deterministic_algorithms(True)` or `at::Context::setDeterministicAlgorithms(true)`, but this operation is not deterministic because it uses CuBLAS and you have CUDA >= 10.2. To enable deterministic behavior in this case, you must set an environment variable before running your PyTorch application: CUBLAS_WORKSPACE_CONFIG=:4096:8 or CUBLAS_WORKSPACE_CONFIG=:16:8. For more information, go to https://docs.nvidia.com/cuda/cublas/index.html#cublasApi_reproducibility (Triggered internally at ../aten/src/ATen/Context.cpp:156.)
  e_q = torch.matmul(assignments, self.anchors.weight)
/data/zhangpeiru/GARQ_revision/model.py:121: UserWarning: cumsum_cuda_kernel does not have a deterministic implementation, but you set 'torch.use_deterministic_algorithms(True, warn_only=True)'. You can file an issue at https://github.com/pytorch/pytorch/issues to help us prioritize adding deterministic support for this operation. (Triggered internally at ../aten/src/ATen/Context.cpp:71.)
  dis_indices = torch.multinomial(
/data/zhangpeiru/GARQ_revision/data_utils.py:131: RuntimeWarning: Mean of empty slice.
  [data[meta_ids == i].mean(axis=0) for i in range(meta_ids.max() + 1)]
/home/zhangpeiru/.conda/envs/MetqQ2/lib/python3.11/site-packages/numpy/core/_methods.py:121: RuntimeWarning: invalid value encountered in divide
  ret = um.true_divide(
/data/zhangpeiru/GARQ_revision/data_utils.py:140: UserWarning: The given NumPy array is not writable, and PyTorch does not support non-writable tensors. This means writing to this tensor will result in undefined behavior. You may want to copy the array to protect its data or make it writable before converting it to a tensor. This type of warning will be suppressed for the rest of this program. (Triggered internally at ../torch/csrc/utils/tensor_numpy.cpp:206.)
  type_int = torch.from_numpy(adata.obs[args.type_key].cat.codes.values).long()
/data/zhangpeiru/GARQ_revision/data_utils.py:131: RuntimeWarning: Mean of empty slice.
  [data[meta_ids == i].mean(axis=0) for i in range(meta_ids.max() + 1)]
/home/zhangpeiru/.conda/envs/MetqQ2/lib/python3.11/site-packages/numpy/core/_methods.py:121: RuntimeWarning: invalid value encountered in divide
  ret = um.true_divide(
/home/zhangpeiru/.conda/envs/MetqQ2/lib/python3.11/site-packages/louvain/__init__.py:54: UserWarning: pkg_resources is deprecated as an API. See https://setuptools.pypa.io/en/latest/pkg_resources.html. The pkg_resources package is slated for removal as early as 2025-11-30. Refrain from using this package or pin to Setuptools<81.
  from pkg_resources import get_distribution, DistributionNotFound
/home/zhangpeiru/.conda/envs/MetqQ2/lib/python3.11/site-packages/anndata/utils.py:434: FutureWarning: Importing read_csv from `anndata` is deprecated. Import anndata.io.read_csv instead.
  warnings.warn(msg, FutureWarning)
/home/zhangpeiru/.conda/envs/MetqQ2/lib/python3.11/site-packages/anndata/utils.py:434: FutureWarning: Importing read_text from `anndata` is deprecated. Import anndata.io.read_text instead.
  warnings.warn(msg, FutureWarning)
/home/zhangpeiru/.conda/envs/MetqQ2/lib/python3.11/site-packages/anndata/utils.py:434: FutureWarning: Importing read_excel from `anndata` is deprecated. Import anndata.io.read_excel instead.
  warnings.warn(msg, FutureWarning)
/home/zhangpeiru/.conda/envs/MetqQ2/lib/python3.11/site-packages/anndata/utils.py:434: FutureWarning: Importing read_mtx from `anndata` is deprecated. Import anndata.io.read_mtx instead.
  warnings.warn(msg, FutureWarning)
/home/zhangpeiru/.conda/envs/MetqQ2/lib/python3.11/site-packages/anndata/utils.py:434: FutureWarning: Importing read_loom from `anndata` is deprecated. Import anndata.io.read_loom instead.
  warnings.warn(msg, FutureWarning)
/home/zhangpeiru/.conda/envs/MetqQ2/lib/python3.11/site-packages/anndata/utils.py:434: FutureWarning: Importing read_hdf from `anndata` is deprecated. Import anndata.io.read_hdf instead.
  warnings.warn(msg, FutureWarning)
/home/zhangpeiru/.conda/envs/MetqQ2/lib/python3.11/site-packages/anndata/utils.py:434: FutureWarning: Importing read_umi_tools from `anndata` is deprecated. Import anndata.io.read_umi_tools instead.
  warnings.warn(msg, FutureWarning)
WARNING: adata.X seems to be already log-transformed.
/home/zhangpeiru/.conda/envs/MetqQ2/lib/python3.11/site-packages/scanpy/preprocessing/_highly_variable_genes.py:220: FutureWarning: The default of observed=False is deprecated and will be changed to True in a future version of pandas. Pass observed=False to retain current behavior or observed=True to adopt the future default and silence this warning.
  disp_grouped = df.groupby('mean_bin')['dispersions']
/home/zhangpeiru/.conda/envs/MetqQ2/lib/python3.11/site-packages/scanpy/preprocessing/_simple.py:843: UserWarning: Received a view of an AnnData. Making a copy.
  view_to_actual(adata)
/home/zhangpeiru/.conda/envs/MetqQ2/lib/python3.11/site-packages/scanpy/preprocessing/_highly_variable_genes.py:220: FutureWarning: The default of observed=False is deprecated and will be changed to True in a future version of pandas. Pass observed=False to retain current behavior or observed=True to adopt the future default and silence this warning.
  disp_grouped = df.groupby('mean_bin')['dispersions']
/home/zhangpeiru/.conda/envs/MetqQ2/lib/python3.11/site-packages/scanpy/preprocessing/_simple.py:843: UserWarning: Received a view of an AnnData. Making a copy.
  view_to_actual(adata)
=======Loading and Preprocessing Data=======
Data of 2 omics in total
revision_results/cache/subsets/D11_11_GSE194122_rna_2000cells_seed1729.h5ad loaded with shape [2000, 3004]
revision_results/cache/subsets/D11_11_GSE194122_atac_2000cells_seed1729.h5ad loaded with shape [2000, 30000]
2026-08-29 17:05:04,318 INFO Loading faiss with AVX512 support.
2026-08-29 17:05:04,342 INFO Successfully loaded faiss with AVX512 support.
2026-08-29 17:05:04,347 INFO Failed to load GPU Faiss: name 'GpuIndexIVFFlat' is not defined. Will not load constructor refs for GPU indexes. This is only an error if you're trying to use GPU Faiss.
WARNING clustering 512 points to 40 centroids: please provide at least 1560 training points
GARQ Initialization completed.
/home/zhangpeiru/.conda/envs/MetqQ2/lib/python3.11/site-packages/torch/autograd/__init__.py:251: UserWarning: Deterministic behavior was enabled with either `torch.use_deterministic_algorithms(True)` or `at::Context::setDeterministicAlgorithms(true)`, but this operation is not deterministic because it uses CuBLAS and you have CUDA >= 10.2. To enable deterministic behavior in this case, you must set an environment variable before running your PyTorch application: CUBLAS_WORKSPACE_CONFIG=:4096:8 or CUBLAS_WORKSPACE_CONFIG=:16:8. For more information, go to https://docs.nvidia.com/cuda/cublas/index.html#cublasApi_reproducibility (Triggered internally at ../aten/src/ATen/Context.cpp:156.)
  Variable._execution_engine.run_backward(  # Calls into the C++ engine to run the backward pass
/home/zhangpeiru/.conda/envs/MetqQ2/lib/python3.11/site-packages/torch/autograd/__init__.py:251: UserWarning: Memory Efficient attention defaults to a non-deterministic algorithm. To explicitly enable determinism call torch.use_deterministic_algorithms(True, warn_only=False). (Triggered internally at ../aten/src/ATen/native/transformers/cuda/attention_backward.cu:413.)
  Variable._execution_engine.run_backward(  # Calls into the C++ engine to run the backward pass
Epoch 1, RNA: recon_loss=0.2396 , ATAC: recon_loss=0.3768 
/home/zhangpeiru/.conda/envs/MetqQ2/lib/python3.11/site-packages/torch/functional.py:377: UserWarning: Deterministic behavior was enabled with either `torch.use_deterministic_algorithms(True)` or `at::Context::setDeterministicAlgorithms(true)`, but this operation is not deterministic because it uses CuBLAS and you have CUDA >= 10.2. To enable deterministic behavior in this case, you must set an environment variable before running your PyTorch application: CUBLAS_WORKSPACE_CONFIG=:4096:8 or CUBLAS_WORKSPACE_CONFIG=:16:8. For more information, go to https://docs.nvidia.com/cuda/cublas/index.html#cublasApi_reproducibility (Triggered internally at ../aten/src/ATen/Context.cpp:156.)
  return _VF.einsum(equation, operands)  # type: ignore[attr-defined]
/data/zhangpeiru/GARQ_revision/model.py:60: UserWarning: Deterministic behavior was enabled with either `torch.use_deterministic_algorithms(True)` or `at::Context::setDeterministicAlgorithms(true)`, but this operation is not deterministic because it uses CuBLAS and you have CUDA >= 10.2. To enable deterministic behavior in this case, you must set an environment variable before running your PyTorch application: CUBLAS_WORKSPACE_CONFIG=:4096:8 or CUBLAS_WORKSPACE_CONFIG=:16:8. For more information, go to https://docs.nvidia.com/cuda/cublas/index.html#cublasApi_reproducibility (Triggered internally at ../aten/src/ATen/Context.cpp:156.)
  cell_sim = torch.matmul(normed_e, normed_e.T)
/data/zhangpeiru/GARQ_revision/model.py:78: UserWarning: Deterministic behavior was enabled with either `torch.use_deterministic_algorithms(True)` or `at::Context::setDeterministicAlgorithms(true)`, but this operation is not deterministic because it uses CuBLAS and you have CUDA >= 10.2. To enable deterministic behavior in this case, you must set an environment variable before running your PyTorch application: CUBLAS_WORKSPACE_CONFIG=:4096:8 or CUBLAS_WORKSPACE_CONFIG=:16:8. For more information, go to https://docs.nvidia.com/cuda/cublas/index.html#cublasApi_reproducibility (Triggered internally at ../aten/src/ATen/Context.cpp:156.)
  smoothed_sim = torch.matmul(adj, raw_sim)
/data/zhangpeiru/GARQ_revision/model.py:100: UserWarning: Deterministic behavior was enabled with either `torch.use_deterministic_algorithms(True)` or `at::Context::setDeterministicAlgorithms(true)`, but this operation is not deterministic because it uses CuBLAS and you have CUDA >= 10.2. To enable deterministic behavior in this case, you must set an environment variable before running your PyTorch application: CUBLAS_WORKSPACE_CONFIG=:4096:8 or CUBLAS_WORKSPACE_CONFIG=:16:8. For more information, go to https://docs.nvidia.com/cuda/cublas/index.html#cublasApi_reproducibility (Triggered internally at ../aten/src/ATen/Context.cpp:156.)
  e_q = torch.matmul(assignments, self.anchors.weight)
/data/zhangpeiru/GARQ_revision/model.py:121: UserWarning: cumsum_cuda_kernel does not have a deterministic implementation, but you set 'torch.use_deterministic_algorithms(True, warn_only=True)'. You can file an issue at https://github.com/pytorch/pytorch/issues to help us prioritize adding deterministic support for this operation. (Triggered internally at ../aten/src/ATen/Context.cpp:71.)
  dis_indices = torch.multinomial(
/data/zhangpeiru/GARQ_revision/data_utils.py:131: RuntimeWarning: Mean of empty slice.
  [data[meta_ids == i].mean(axis=0) for i in range(meta_ids.max() + 1)]
/home/zhangpeiru/.conda/envs/MetqQ2/lib/python3.11/site-packages/numpy/core/_methods.py:121: RuntimeWarning: invalid value encountered in divide
  ret = um.true_divide(
/data/zhangpeiru/GARQ_revision/data_utils.py:140: UserWarning: The given NumPy array is not writable, and PyTorch does not support non-writable tensors. This means writing to this tensor will result in undefined behavior. You may want to copy the array to protect its data or make it writable before converting it to a tensor. This type of warning will be suppressed for the rest of this program. (Triggered internally at ../torch/csrc/utils/tensor_numpy.cpp:206.)
  type_int = torch.from_numpy(adata.obs[args.type_key].cat.codes.values).long()
/data/zhangpeiru/GARQ_revision/data_utils.py:131: RuntimeWarning: Mean of empty slice.
  [data[meta_ids == i].mean(axis=0) for i in range(meta_ids.max() + 1)]
/home/zhangpeiru/.conda/envs/MetqQ2/lib/python3.11/site-packages/numpy/core/_methods.py:121: RuntimeWarning: invalid value encountered in divide
  ret = um.true_divide(
