/home/zhangpeiru/.conda/envs/MetqQ2/lib/python3.11/site-packages/louvain/__init__.py:54: UserWarning: pkg_resources is deprecated as an API. See https://setuptools.pypa.io/en/latest/pkg_resources.html. The pkg_resources package is slated for removal as early as 2025-11-30. Refrain from using this package or pin to Setuptools<81.
  from pkg_resources import get_distribution, DistributionNotFound
/home/zhangpeiru/.conda/envs/MetqQ2/lib/python3.11/site-packages/anndata/utils.py:434: FutureWarning: Importing read_csv from `anndata` is deprecated. Import anndata.io.read_csv instead.
  warnings.warn(msg, FutureWarning)
/home/zhangpeiru/.conda/envs/MetqQ2/lib/python3.11/site-packages/anndata/utils.py:434: FutureWarning: Importing read_text from `anndata` is deprecated. Import anndata.io.read_text instead.
  warnings.warn(msg, FutureWarning)
/home/zhangpeiru/.conda/envs/MetqQ2/lib/python3.11/site-packages/anndata/utils.py:434: FutureWarning: Importing read_excel from `anndata` is deprecated. Import anndata.io.read_excel instead.
  warnings.warn(msg, FutureWarning)
/home/zhangpeiru/.conda/envs/MetqQ2/lib/python3.11/site-packages/anndata/utils.py:434: FutureWarning: Importing read_mtx from `anndata` is deprecated. Import anndata.io.read_mtx instead.
  warnings.warn(msg, FutureWarning)
/home/zhangpeiru/.conda/envs/MetqQ2/lib/python3.11/site-packages/anndata/utils.py:434: FutureWarning: Importing read_loom from `anndata` is deprecated. Import anndata.io.read_loom instead.
  warnings.warn(msg, FutureWarning)
/home/zhangpeiru/.conda/envs/MetqQ2/lib/python3.11/site-packages/anndata/utils.py:434: FutureWarning: Importing read_hdf from `anndata` is deprecated. Import anndata.io.read_hdf instead.
  warnings.warn(msg, FutureWarning)
/home/zhangpeiru/.conda/envs/MetqQ2/lib/python3.11/site-packages/anndata/utils.py:434: FutureWarning: Importing read_umi_tools from `anndata` is deprecated. Import anndata.io.read_umi_tools instead.
  warnings.warn(msg, FutureWarning)
/home/zhangpeiru/.conda/envs/MetqQ2/lib/python3.11/site-packages/scanpy/preprocessing/_highly_variable_genes.py:220: FutureWarning: The default of observed=False is deprecated and will be changed to True in a future version of pandas. Pass observed=False to retain current behavior or observed=True to adopt the future default and silence this warning.
  disp_grouped = df.groupby('mean_bin')['dispersions']
/home/zhangpeiru/.conda/envs/MetqQ2/lib/python3.11/site-packages/scanpy/preprocessing/_simple.py:843: UserWarning: Received a view of an AnnData. Making a copy.
  view_to_actual(adata)
=======Loading and Preprocessing Data=======
Data of 2 omics in total
revision_results/cache/subsets/D5_D5_rna_2000cells_seed1729.h5ad loaded with shape [2000, 1362]
revision_results/cache/subsets/D5_D5_adt_2000cells_seed1729.h5ad loaded with shape [2000, 189]
2026-08-29 16:58:05,599 INFO Loading faiss with AVX512 support.
2026-08-29 16:58:05,625 INFO Successfully loaded faiss with AVX512 support.
2026-08-29 16:58:05,629 INFO Failed to load GPU Faiss: name 'GpuIndexIVFFlat' is not defined. Will not load constructor refs for GPU indexes. This is only an error if you're trying to use GPU Faiss.
WARNING clustering 512 points to 40 centroids: please provide at least 1560 training points
GARQ Initialization completed.
/home/zhangpeiru/.conda/envs/MetqQ2/lib/python3.11/site-packages/torch/autograd/__init__.py:251: UserWarning: Deterministic behavior was enabled with either `torch.use_deterministic_algorithms(True)` or `at::Context::setDeterministicAlgorithms(true)`, but this operation is not deterministic because it uses CuBLAS and you have CUDA >= 10.2. To enable deterministic behavior in this case, you must set an environment variable before running your PyTorch application: CUBLAS_WORKSPACE_CONFIG=:4096:8 or CUBLAS_WORKSPACE_CONFIG=:16:8. For more information, go to https://docs.nvidia.com/cuda/cublas/index.html#cublasApi_reproducibility (Triggered internally at ../aten/src/ATen/Context.cpp:156.)
  Variable._execution_engine.run_backward(  # Calls into the C++ engine to run the backward pass
/home/zhangpeiru/.conda/envs/MetqQ2/lib/python3.11/site-packages/torch/autograd/__init__.py:251: UserWarning: Memory Efficient attention defaults to a non-deterministic algorithm. To explicitly enable determinism call torch.use_deterministic_algorithms(True, warn_only=False). (Triggered internally at ../aten/src/ATen/native/transformers/cuda/attention_backward.cu:413.)
  Variable._execution_engine.run_backward(  # Calls into the C++ engine to run the backward pass
Epoch 1, RNA: recon_loss=0.4786 , ADT: recon_loss=12.2086 
/home/zhangpeiru/.conda/envs/MetqQ2/lib/python3.11/site-packages/torch/functional.py:377: UserWarning: Deterministic behavior was enabled with either `torch.use_deterministic_algorithms(True)` or `at::Context::setDeterministicAlgorithms(true)`, but this operation is not deterministic because it uses CuBLAS and you have CUDA >= 10.2. To enable deterministic behavior in this case, you must set an environment variable before running your PyTorch application: CUBLAS_WORKSPACE_CONFIG=:4096:8 or CUBLAS_WORKSPACE_CONFIG=:16:8. For more information, go to https://docs.nvidia.com/cuda/cublas/index.html#cublasApi_reproducibility (Triggered internally at ../aten/src/ATen/Context.cpp:156.)
  return _VF.einsum(equation, operands)  # type: ignore[attr-defined]
/data/zhangpeiru/GARQ_revision/model.py:60: UserWarning: Deterministic behavior was enabled with either `torch.use_deterministic_algorithms(True)` or `at::Context::setDeterministicAlgorithms(true)`, but this operation is not deterministic because it uses CuBLAS and you have CUDA >= 10.2. To enable deterministic behavior in this case, you must set an environment variable before running your PyTorch application: CUBLAS_WORKSPACE_CONFIG=:4096:8 or CUBLAS_WORKSPACE_CONFIG=:16:8. For more information, go to https://docs.nvidia.com/cuda/cublas/index.html#cublasApi_reproducibility (Triggered internally at ../aten/src/ATen/Context.cpp:156.)
  cell_sim = torch.matmul(normed_e, normed_e.T)
/data/zhangpeiru/GARQ_revision/model.py:78: UserWarning: Deterministic behavior was enabled with either `torch.use_deterministic_algorithms(True)` or `at::Context::setDeterministicAlgorithms(true)`, but this operation is not deterministic because it uses CuBLAS and you have CUDA >= 10.2. To enable deterministic behavior in this case, you must set an environment variable before running your PyTorch application: CUBLAS_WORKSPACE_CONFIG=:4096:8 or CUBLAS_WORKSPACE_CONFIG=:16:8. For more information, go to https://docs.nvidia.com/cuda/cublas/index.html#cublasApi_reproducibility (Triggered internally at ../aten/src/ATen/Context.cpp:156.)
  smoothed_sim = torch.matmul(adj, raw_sim)
/data/zhangpeiru/GARQ_revision/model.py:100: UserWarning: Deterministic behavior was enabled with either `torch.use_deterministic_algorithms(True)` or `at::Context::setDeterministicAlgorithms(true)`, but this operation is not deterministic because it uses CuBLAS and you have CUDA >= 10.2. To enable deterministic behavior in this case, you must set an environment variable before running your PyTorch application: CUBLAS_WORKSPACE_CONFIG=:4096:8 or CUBLAS_WORKSPACE_CONFIG=:16:8. For more information, go to https://docs.nvidia.com/cuda/cublas/index.html#cublasApi_reproducibility (Triggered internally at ../aten/src/ATen/Context.cpp:156.)
  e_q = torch.matmul(assignments, self.anchors.weight)
/data/zhangpeiru/GARQ_revision/model.py:121: UserWarning: cumsum_cuda_kernel does not have a deterministic implementation, but you set 'torch.use_deterministic_algorithms(True, warn_only=True)'. You can file an issue at https://github.com/pytorch/pytorch/issues to help us prioritize adding deterministic support for this operation. (Triggered internally at ../aten/src/ATen/Context.cpp:71.)
  dis_indices = torch.multinomial(
/data/zhangpeiru/GARQ_revision/data_utils.py:131: RuntimeWarning: Mean of empty slice.
  [data[meta_ids == i].mean(axis=0) for i in range(meta_ids.max() + 1)]
/home/zhangpeiru/.conda/envs/MetqQ2/lib/python3.11/site-packages/numpy/core/_methods.py:121: RuntimeWarning: divide by zero encountered in divide
  ret = um.true_divide(
/home/zhangpeiru/.conda/envs/MetqQ2/lib/python3.11/site-packages/numpy/core/_methods.py:121: RuntimeWarning: invalid value encountered in divide
  ret = um.true_divide(
/data/zhangpeiru/GARQ_revision/data_utils.py:140: UserWarning: The given NumPy array is not writable, and PyTorch does not support non-writable tensors. This means writing to this tensor will result in undefined behavior. You may want to copy the array to protect its data or make it writable before converting it to a tensor. This type of warning will be suppressed for the rest of this program. (Triggered internally at ../torch/csrc/utils/tensor_numpy.cpp:206.)
  type_int = torch.from_numpy(adata.obs[args.type_key].cat.codes.values).long()
/data/zhangpeiru/GARQ_revision/data_utils.py:131: RuntimeWarning: Mean of empty slice.
  [data[meta_ids == i].mean(axis=0) for i in range(meta_ids.max() + 1)]
/home/zhangpeiru/.conda/envs/MetqQ2/lib/python3.11/site-packages/numpy/core/_methods.py:121: RuntimeWarning: divide by zero encountered in divide
  ret = um.true_divide(
/home/zhangpeiru/.conda/envs/MetqQ2/lib/python3.11/site-packages/numpy/core/_methods.py:121: RuntimeWarning: invalid value encountered in divide
  ret = um.true_divide(
/home/zhangpeiru/.conda/envs/MetqQ2/lib/python3.11/site-packages/louvain/__init__.py:54: UserWarning: pkg_resources is deprecated as an API. See https://setuptools.pypa.io/en/latest/pkg_resources.html. The pkg_resources package is slated for removal as early as 2025-11-30. Refrain from using this package or pin to Setuptools<81.
  from pkg_resources import get_distribution, DistributionNotFound
/home/zhangpeiru/.conda/envs/MetqQ2/lib/python3.11/site-packages/anndata/utils.py:434: FutureWarning: Importing read_csv from `anndata` is deprecated. Import anndata.io.read_csv instead.
  warnings.warn(msg, FutureWarning)
/home/zhangpeiru/.conda/envs/MetqQ2/lib/python3.11/site-packages/anndata/utils.py:434: FutureWarning: Importing read_text from `anndata` is deprecated. Import anndata.io.read_text instead.
  warnings.warn(msg, FutureWarning)
/home/zhangpeiru/.conda/envs/MetqQ2/lib/python3.11/site-packages/anndata/utils.py:434: FutureWarning: Importing read_excel from `anndata` is deprecated. Import anndata.io.read_excel instead.
  warnings.warn(msg, FutureWarning)
/home/zhangpeiru/.conda/envs/MetqQ2/lib/python3.11/site-packages/anndata/utils.py:434: FutureWarning: Importing read_mtx from `anndata` is deprecated. Import anndata.io.read_mtx instead.
  warnings.warn(msg, FutureWarning)
/home/zhangpeiru/.conda/envs/MetqQ2/lib/python3.11/site-packages/anndata/utils.py:434: FutureWarning: Importing read_loom from `anndata` is deprecated. Import anndata.io.read_loom instead.
  warnings.warn(msg, FutureWarning)
/home/zhangpeiru/.conda/envs/MetqQ2/lib/python3.11/site-packages/anndata/utils.py:434: FutureWarning: Importing read_hdf from `anndata` is deprecated. Import anndata.io.read_hdf instead.
  warnings.warn(msg, FutureWarning)
/home/zhangpeiru/.conda/envs/MetqQ2/lib/python3.11/site-packages/anndata/utils.py:434: FutureWarning: Importing read_umi_tools from `anndata` is deprecated. Import anndata.io.read_umi_tools instead.
  warnings.warn(msg, FutureWarning)
/home/zhangpeiru/.conda/envs/MetqQ2/lib/python3.11/site-packages/scanpy/preprocessing/_highly_variable_genes.py:220: FutureWarning: The default of observed=False is deprecated and will be changed to True in a future version of pandas. Pass observed=False to retain current behavior or observed=True to adopt the future default and silence this warning.
  disp_grouped = df.groupby('mean_bin')['dispersions']
/home/zhangpeiru/.conda/envs/MetqQ2/lib/python3.11/site-packages/scanpy/preprocessing/_simple.py:843: UserWarning: Received a view of an AnnData. Making a copy.
  view_to_actual(adata)
=======Loading and Preprocessing Data=======
Data of 2 omics in total
revision_results/cache/subsets/D5_D5_rna_2000cells_seed1729.h5ad loaded with shape [2000, 1362]
revision_results/cache/subsets/D5_D5_adt_2000cells_seed1729.h5ad loaded with shape [2000, 189]
2026-08-29 16:58:18,219 INFO Loading faiss with AVX512 support.
2026-08-29 16:58:18,244 INFO Successfully loaded faiss with AVX512 support.
2026-08-29 16:58:18,248 INFO Failed to load GPU Faiss: name 'GpuIndexIVFFlat' is not defined. Will not load constructor refs for GPU indexes. This is only an error if you're trying to use GPU Faiss.
WARNING clustering 512 points to 40 centroids: please provide at least 1560 training points
GARQ Initialization completed.
/home/zhangpeiru/.conda/envs/MetqQ2/lib/python3.11/site-packages/torch/autograd/__init__.py:251: UserWarning: Deterministic behavior was enabled with either `torch.use_deterministic_algorithms(True)` or `at::Context::setDeterministicAlgorithms(true)`, but this operation is not deterministic because it uses CuBLAS and you have CUDA >= 10.2. To enable deterministic behavior in this case, you must set an environment variable before running your PyTorch application: CUBLAS_WORKSPACE_CONFIG=:4096:8 or CUBLAS_WORKSPACE_CONFIG=:16:8. For more information, go to https://docs.nvidia.com/cuda/cublas/index.html#cublasApi_reproducibility (Triggered internally at ../aten/src/ATen/Context.cpp:156.)
  Variable._execution_engine.run_backward(  # Calls into the C++ engine to run the backward pass
/home/zhangpeiru/.conda/envs/MetqQ2/lib/python3.11/site-packages/torch/autograd/__init__.py:251: UserWarning: Memory Efficient attention defaults to a non-deterministic algorithm. To explicitly enable determinism call torch.use_deterministic_algorithms(True, warn_only=False). (Triggered internally at ../aten/src/ATen/native/transformers/cuda/attention_backward.cu:413.)
  Variable._execution_engine.run_backward(  # Calls into the C++ engine to run the backward pass
Epoch 1, RNA: recon_loss=0.4788 , ADT: recon_loss=12.4123 
/home/zhangpeiru/.conda/envs/MetqQ2/lib/python3.11/site-packages/torch/functional.py:377: UserWarning: Deterministic behavior was enabled with either `torch.use_deterministic_algorithms(True)` or `at::Context::setDeterministicAlgorithms(true)`, but this operation is not deterministic because it uses CuBLAS and you have CUDA >= 10.2. To enable deterministic behavior in this case, you must set an environment variable before running your PyTorch application: CUBLAS_WORKSPACE_CONFIG=:4096:8 or CUBLAS_WORKSPACE_CONFIG=:16:8. For more information, go to https://docs.nvidia.com/cuda/cublas/index.html#cublasApi_reproducibility (Triggered internally at ../aten/src/ATen/Context.cpp:156.)
  return _VF.einsum(equation, operands)  # type: ignore[attr-defined]
/data/zhangpeiru/GARQ_revision/model.py:60: UserWarning: Deterministic behavior was enabled with either `torch.use_deterministic_algorithms(True)` or `at::Context::setDeterministicAlgorithms(true)`, but this operation is not deterministic because it uses CuBLAS and you have CUDA >= 10.2. To enable deterministic behavior in this case, you must set an environment variable before running your PyTorch application: CUBLAS_WORKSPACE_CONFIG=:4096:8 or CUBLAS_WORKSPACE_CONFIG=:16:8. For more information, go to https://docs.nvidia.com/cuda/cublas/index.html#cublasApi_reproducibility (Triggered internally at ../aten/src/ATen/Context.cpp:156.)
  cell_sim = torch.matmul(normed_e, normed_e.T)
/data/zhangpeiru/GARQ_revision/model.py:78: UserWarning: Deterministic behavior was enabled with either `torch.use_deterministic_algorithms(True)` or `at::Context::setDeterministicAlgorithms(true)`, but this operation is not deterministic because it uses CuBLAS and you have CUDA >= 10.2. To enable deterministic behavior in this case, you must set an environment variable before running your PyTorch application: CUBLAS_WORKSPACE_CONFIG=:4096:8 or CUBLAS_WORKSPACE_CONFIG=:16:8. For more information, go to https://docs.nvidia.com/cuda/cublas/index.html#cublasApi_reproducibility (Triggered internally at ../aten/src/ATen/Context.cpp:156.)
  smoothed_sim = torch.matmul(adj, raw_sim)
/data/zhangpeiru/GARQ_revision/model.py:100: UserWarning: Deterministic behavior was enabled with either `torch.use_deterministic_algorithms(True)` or `at::Context::setDeterministicAlgorithms(true)`, but this operation is not deterministic because it uses CuBLAS and you have CUDA >= 10.2. To enable deterministic behavior in this case, you must set an environment variable before running your PyTorch application: CUBLAS_WORKSPACE_CONFIG=:4096:8 or CUBLAS_WORKSPACE_CONFIG=:16:8. For more information, go to https://docs.nvidia.com/cuda/cublas/index.html#cublasApi_reproducibility (Triggered internally at ../aten/src/ATen/Context.cpp:156.)
  e_q = torch.matmul(assignments, self.anchors.weight)
/data/zhangpeiru/GARQ_revision/model.py:121: UserWarning: cumsum_cuda_kernel does not have a deterministic implementation, but you set 'torch.use_deterministic_algorithms(True, warn_only=True)'. You can file an issue at https://github.com/pytorch/pytorch/issues to help us prioritize adding deterministic support for this operation. (Triggered internally at ../aten/src/ATen/Context.cpp:71.)
  dis_indices = torch.multinomial(
/data/zhangpeiru/GARQ_revision/data_utils.py:131: RuntimeWarning: Mean of empty slice.
  [data[meta_ids == i].mean(axis=0) for i in range(meta_ids.max() + 1)]
/home/zhangpeiru/.conda/envs/MetqQ2/lib/python3.11/site-packages/numpy/core/_methods.py:121: RuntimeWarning: divide by zero encountered in divide
  ret = um.true_divide(
/home/zhangpeiru/.conda/envs/MetqQ2/lib/python3.11/site-packages/numpy/core/_methods.py:121: RuntimeWarning: invalid value encountered in divide
  ret = um.true_divide(
/data/zhangpeiru/GARQ_revision/data_utils.py:140: UserWarning: The given NumPy array is not writable, and PyTorch does not support non-writable tensors. This means writing to this tensor will result in undefined behavior. You may want to copy the array to protect its data or make it writable before converting it to a tensor. This type of warning will be suppressed for the rest of this program. (Triggered internally at ../torch/csrc/utils/tensor_numpy.cpp:206.)
  type_int = torch.from_numpy(adata.obs[args.type_key].cat.codes.values).long()
/data/zhangpeiru/GARQ_revision/data_utils.py:131: RuntimeWarning: Mean of empty slice.
  [data[meta_ids == i].mean(axis=0) for i in range(meta_ids.max() + 1)]
/home/zhangpeiru/.conda/envs/MetqQ2/lib/python3.11/site-packages/numpy/core/_methods.py:121: RuntimeWarning: divide by zero encountered in divide
  ret = um.true_divide(
/home/zhangpeiru/.conda/envs/MetqQ2/lib/python3.11/site-packages/numpy/core/_methods.py:121: RuntimeWarning: invalid value encountered in divide
  ret = um.true_divide(
/home/zhangpeiru/.conda/envs/MetqQ2/lib/python3.11/site-packages/louvain/__init__.py:54: UserWarning: pkg_resources is deprecated as an API. See https://setuptools.pypa.io/en/latest/pkg_resources.html. The pkg_resources package is slated for removal as early as 2025-11-30. Refrain from using this package or pin to Setuptools<81.
  from pkg_resources import get_distribution, DistributionNotFound
/home/zhangpeiru/.conda/envs/MetqQ2/lib/python3.11/site-packages/anndata/utils.py:434: FutureWarning: Importing read_csv from `anndata` is deprecated. Import anndata.io.read_csv instead.
  warnings.warn(msg, FutureWarning)
/home/zhangpeiru/.conda/envs/MetqQ2/lib/python3.11/site-packages/anndata/utils.py:434: FutureWarning: Importing read_text from `anndata` is deprecated. Import anndata.io.read_text instead.
  warnings.warn(msg, FutureWarning)
/home/zhangpeiru/.conda/envs/MetqQ2/lib/python3.11/site-packages/anndata/utils.py:434: FutureWarning: Importing read_excel from `anndata` is deprecated. Import anndata.io.read_excel instead.
  warnings.warn(msg, FutureWarning)
/home/zhangpeiru/.conda/envs/MetqQ2/lib/python3.11/site-packages/anndata/utils.py:434: FutureWarning: Importing read_mtx from `anndata` is deprecated. Import anndata.io.read_mtx instead.
  warnings.warn(msg, FutureWarning)
/home/zhangpeiru/.conda/envs/MetqQ2/lib/python3.11/site-packages/anndata/utils.py:434: FutureWarning: Importing read_loom from `anndata` is deprecated. Import anndata.io.read_loom instead.
  warnings.warn(msg, FutureWarning)
/home/zhangpeiru/.conda/envs/MetqQ2/lib/python3.11/site-packages/anndata/utils.py:434: FutureWarning: Importing read_hdf from `anndata` is deprecated. Import anndata.io.read_hdf instead.
  warnings.warn(msg, FutureWarning)
/home/zhangpeiru/.conda/envs/MetqQ2/lib/python3.11/site-packages/anndata/utils.py:434: FutureWarning: Importing read_umi_tools from `anndata` is deprecated. Import anndata.io.read_umi_tools instead.
  warnings.warn(msg, FutureWarning)
/home/zhangpeiru/.conda/envs/MetqQ2/lib/python3.11/site-packages/scanpy/preprocessing/_highly_variable_genes.py:220: FutureWarning: The default of observed=False is deprecated and will be changed to True in a future version of pandas. Pass observed=False to retain current behavior or observed=True to adopt the future default and silence this warning.
  disp_grouped = df.groupby('mean_bin')['dispersions']
/home/zhangpeiru/.conda/envs/MetqQ2/lib/python3.11/site-packages/scanpy/preprocessing/_simple.py:843: UserWarning: Received a view of an AnnData. Making a copy.
  view_to_actual(adata)
=======Loading and Preprocessing Data=======
Data of 2 omics in total
revision_results/cache/subsets/D5_D5_rna_2000cells_seed1729.h5ad loaded with shape [2000, 1362]
revision_results/cache/subsets/D5_D5_adt_2000cells_seed1729.h5ad loaded with shape [2000, 189]
2026-08-29 16:58:29,685 INFO Loading faiss with AVX512 support.
2026-08-29 16:58:29,704 INFO Successfully loaded faiss with AVX512 support.
2026-08-29 16:58:29,706 INFO Failed to load GPU Faiss: name 'GpuIndexIVFFlat' is not defined. Will not load constructor refs for GPU indexes. This is only an error if you're trying to use GPU Faiss.
WARNING clustering 512 points to 40 centroids: please provide at least 1560 training points
GARQ Initialization completed.
/home/zhangpeiru/.conda/envs/MetqQ2/lib/python3.11/site-packages/torch/autograd/__init__.py:251: UserWarning: Deterministic behavior was enabled with either `torch.use_deterministic_algorithms(True)` or `at::Context::setDeterministicAlgorithms(true)`, but this operation is not deterministic because it uses CuBLAS and you have CUDA >= 10.2. To enable deterministic behavior in this case, you must set an environment variable before running your PyTorch application: CUBLAS_WORKSPACE_CONFIG=:4096:8 or CUBLAS_WORKSPACE_CONFIG=:16:8. For more information, go to https://docs.nvidia.com/cuda/cublas/index.html#cublasApi_reproducibility (Triggered internally at ../aten/src/ATen/Context.cpp:156.)
  Variable._execution_engine.run_backward(  # Calls into the C++ engine to run the backward pass
/home/zhangpeiru/.conda/envs/MetqQ2/lib/python3.11/site-packages/torch/autograd/__init__.py:251: UserWarning: Memory Efficient attention defaults to a non-deterministic algorithm. To explicitly enable determinism call torch.use_deterministic_algorithms(True, warn_only=False). (Triggered internally at ../aten/src/ATen/native/transformers/cuda/attention_backward.cu:413.)
  Variable._execution_engine.run_backward(  # Calls into the C++ engine to run the backward pass
Epoch 1, RNA: recon_loss=0.4802 , ADT: recon_loss=12.8192 
/home/zhangpeiru/.conda/envs/MetqQ2/lib/python3.11/site-packages/torch/functional.py:377: UserWarning: Deterministic behavior was enabled with either `torch.use_deterministic_algorithms(True)` or `at::Context::setDeterministicAlgorithms(true)`, but this operation is not deterministic because it uses CuBLAS and you have CUDA >= 10.2. To enable deterministic behavior in this case, you must set an environment variable before running your PyTorch application: CUBLAS_WORKSPACE_CONFIG=:4096:8 or CUBLAS_WORKSPACE_CONFIG=:16:8. For more information, go to https://docs.nvidia.com/cuda/cublas/index.html#cublasApi_reproducibility (Triggered internally at ../aten/src/ATen/Context.cpp:156.)
  return _VF.einsum(equation, operands)  # type: ignore[attr-defined]
/data/zhangpeiru/GARQ_revision/model.py:60: UserWarning: Deterministic behavior was enabled with either `torch.use_deterministic_algorithms(True)` or `at::Context::setDeterministicAlgorithms(true)`, but this operation is not deterministic because it uses CuBLAS and you have CUDA >= 10.2. To enable deterministic behavior in this case, you must set an environment variable before running your PyTorch application: CUBLAS_WORKSPACE_CONFIG=:4096:8 or CUBLAS_WORKSPACE_CONFIG=:16:8. For more information, go to https://docs.nvidia.com/cuda/cublas/index.html#cublasApi_reproducibility (Triggered internally at ../aten/src/ATen/Context.cpp:156.)
  cell_sim = torch.matmul(normed_e, normed_e.T)
/data/zhangpeiru/GARQ_revision/model.py:78: UserWarning: Deterministic behavior was enabled with either `torch.use_deterministic_algorithms(True)` or `at::Context::setDeterministicAlgorithms(true)`, but this operation is not deterministic because it uses CuBLAS and you have CUDA >= 10.2. To enable deterministic behavior in this case, you must set an environment variable before running your PyTorch application: CUBLAS_WORKSPACE_CONFIG=:4096:8 or CUBLAS_WORKSPACE_CONFIG=:16:8. For more information, go to https://docs.nvidia.com/cuda/cublas/index.html#cublasApi_reproducibility (Triggered internally at ../aten/src/ATen/Context.cpp:156.)
  smoothed_sim = torch.matmul(adj, raw_sim)
/data/zhangpeiru/GARQ_revision/model.py:100: UserWarning: Deterministic behavior was enabled with either `torch.use_deterministic_algorithms(True)` or `at::Context::setDeterministicAlgorithms(true)`, but this operation is not deterministic because it uses CuBLAS and you have CUDA >= 10.2. To enable deterministic behavior in this case, you must set an environment variable before running your PyTorch application: CUBLAS_WORKSPACE_CONFIG=:4096:8 or CUBLAS_WORKSPACE_CONFIG=:16:8. For more information, go to https://docs.nvidia.com/cuda/cublas/index.html#cublasApi_reproducibility (Triggered internally at ../aten/src/ATen/Context.cpp:156.)
  e_q = torch.matmul(assignments, self.anchors.weight)
/data/zhangpeiru/GARQ_revision/model.py:121: UserWarning: cumsum_cuda_kernel does not have a deterministic implementation, but you set 'torch.use_deterministic_algorithms(True, warn_only=True)'. You can file an issue at https://github.com/pytorch/pytorch/issues to help us prioritize adding deterministic support for this operation. (Triggered internally at ../aten/src/ATen/Context.cpp:71.)
  dis_indices = torch.multinomial(
/data/zhangpeiru/GARQ_revision/data_utils.py:140: UserWarning: The given NumPy array is not writable, and PyTorch does not support non-writable tensors. This means writing to this tensor will result in undefined behavior. You may want to copy the array to protect its data or make it writable before converting it to a tensor. This type of warning will be suppressed for the rest of this program. (Triggered internally at ../torch/csrc/utils/tensor_numpy.cpp:206.)
  type_int = torch.from_numpy(adata.obs[args.type_key].cat.codes.values).long()
/home/zhangpeiru/.conda/envs/MetqQ2/lib/python3.11/site-packages/louvain/__init__.py:54: UserWarning: pkg_resources is deprecated as an API. See https://setuptools.pypa.io/en/latest/pkg_resources.html. The pkg_resources package is slated for removal as early as 2025-11-30. Refrain from using this package or pin to Setuptools<81.
  from pkg_resources import get_distribution, DistributionNotFound
/home/zhangpeiru/.conda/envs/MetqQ2/lib/python3.11/site-packages/anndata/utils.py:434: FutureWarning: Importing read_csv from `anndata` is deprecated. Import anndata.io.read_csv instead.
  warnings.warn(msg, FutureWarning)
/home/zhangpeiru/.conda/envs/MetqQ2/lib/python3.11/site-packages/anndata/utils.py:434: FutureWarning: Importing read_text from `anndata` is deprecated. Import anndata.io.read_text instead.
  warnings.warn(msg, FutureWarning)
/home/zhangpeiru/.conda/envs/MetqQ2/lib/python3.11/site-packages/anndata/utils.py:434: FutureWarning: Importing read_excel from `anndata` is deprecated. Import anndata.io.read_excel instead.
  warnings.warn(msg, FutureWarning)
/home/zhangpeiru/.conda/envs/MetqQ2/lib/python3.11/site-packages/anndata/utils.py:434: FutureWarning: Importing read_mtx from `anndata` is deprecated. Import anndata.io.read_mtx instead.
  warnings.warn(msg, FutureWarning)
/home/zhangpeiru/.conda/envs/MetqQ2/lib/python3.11/site-packages/anndata/utils.py:434: FutureWarning: Importing read_loom from `anndata` is deprecated. Import anndata.io.read_loom instead.
  warnings.warn(msg, FutureWarning)
/home/zhangpeiru/.conda/envs/MetqQ2/lib/python3.11/site-packages/anndata/utils.py:434: FutureWarning: Importing read_hdf from `anndata` is deprecated. Import anndata.io.read_hdf instead.
  warnings.warn(msg, FutureWarning)
/home/zhangpeiru/.conda/envs/MetqQ2/lib/python3.11/site-packages/anndata/utils.py:434: FutureWarning: Importing read_umi_tools from `anndata` is deprecated. Import anndata.io.read_umi_tools instead.
  warnings.warn(msg, FutureWarning)
/home/zhangpeiru/.conda/envs/MetqQ2/lib/python3.11/site-packages/scanpy/preprocessing/_highly_variable_genes.py:220: FutureWarning: The default of observed=False is deprecated and will be changed to True in a future version of pandas. Pass observed=False to retain current behavior or observed=True to adopt the future default and silence this warning.
  disp_grouped = df.groupby('mean_bin')['dispersions']
/home/zhangpeiru/.conda/envs/MetqQ2/lib/python3.11/site-packages/scanpy/preprocessing/_simple.py:843: UserWarning: Received a view of an AnnData. Making a copy.
  view_to_actual(adata)
=======Loading and Preprocessing Data=======
Data of 2 omics in total
revision_results/cache/subsets/D5_D5_rna_2000cells_seed1729.h5ad loaded with shape [2000, 1362]
revision_results/cache/subsets/D5_D5_adt_2000cells_seed1729.h5ad loaded with shape [2000, 189]
2026-08-29 16:58:40,814 INFO Loading faiss with AVX512 support.
2026-08-29 16:58:40,837 INFO Successfully loaded faiss with AVX512 support.
2026-08-29 16:58:40,841 INFO Failed to load GPU Faiss: name 'GpuIndexIVFFlat' is not defined. Will not load constructor refs for GPU indexes. This is only an error if you're trying to use GPU Faiss.
WARNING clustering 512 points to 40 centroids: please provide at least 1560 training points
GARQ Initialization completed.
/home/zhangpeiru/.conda/envs/MetqQ2/lib/python3.11/site-packages/torch/autograd/__init__.py:251: UserWarning: Deterministic behavior was enabled with either `torch.use_deterministic_algorithms(True)` or `at::Context::setDeterministicAlgorithms(true)`, but this operation is not deterministic because it uses CuBLAS and you have CUDA >= 10.2. To enable deterministic behavior in this case, you must set an environment variable before running your PyTorch application: CUBLAS_WORKSPACE_CONFIG=:4096:8 or CUBLAS_WORKSPACE_CONFIG=:16:8. For more information, go to https://docs.nvidia.com/cuda/cublas/index.html#cublasApi_reproducibility (Triggered internally at ../aten/src/ATen/Context.cpp:156.)
  Variable._execution_engine.run_backward(  # Calls into the C++ engine to run the backward pass
/home/zhangpeiru/.conda/envs/MetqQ2/lib/python3.11/site-packages/torch/autograd/__init__.py:251: UserWarning: Memory Efficient attention defaults to a non-deterministic algorithm. To explicitly enable determinism call torch.use_deterministic_algorithms(True, warn_only=False). (Triggered internally at ../aten/src/ATen/native/transformers/cuda/attention_backward.cu:413.)
  Variable._execution_engine.run_backward(  # Calls into the C++ engine to run the backward pass
Epoch 1, RNA: recon_loss=0.4820 , ADT: recon_loss=13.6758 
/home/zhangpeiru/.conda/envs/MetqQ2/lib/python3.11/site-packages/torch/functional.py:377: UserWarning: Deterministic behavior was enabled with either `torch.use_deterministic_algorithms(True)` or `at::Context::setDeterministicAlgorithms(true)`, but this operation is not deterministic because it uses CuBLAS and you have CUDA >= 10.2. To enable deterministic behavior in this case, you must set an environment variable before running your PyTorch application: CUBLAS_WORKSPACE_CONFIG=:4096:8 or CUBLAS_WORKSPACE_CONFIG=:16:8. For more information, go to https://docs.nvidia.com/cuda/cublas/index.html#cublasApi_reproducibility (Triggered internally at ../aten/src/ATen/Context.cpp:156.)
  return _VF.einsum(equation, operands)  # type: ignore[attr-defined]
/data/zhangpeiru/GARQ_revision/model.py:60: UserWarning: Deterministic behavior was enabled with either `torch.use_deterministic_algorithms(True)` or `at::Context::setDeterministicAlgorithms(true)`, but this operation is not deterministic because it uses CuBLAS and you have CUDA >= 10.2. To enable deterministic behavior in this case, you must set an environment variable before running your PyTorch application: CUBLAS_WORKSPACE_CONFIG=:4096:8 or CUBLAS_WORKSPACE_CONFIG=:16:8. For more information, go to https://docs.nvidia.com/cuda/cublas/index.html#cublasApi_reproducibility (Triggered internally at ../aten/src/ATen/Context.cpp:156.)
  cell_sim = torch.matmul(normed_e, normed_e.T)
/data/zhangpeiru/GARQ_revision/model.py:78: UserWarning: Deterministic behavior was enabled with either `torch.use_deterministic_algorithms(True)` or `at::Context::setDeterministicAlgorithms(true)`, but this operation is not deterministic because it uses CuBLAS and you have CUDA >= 10.2. To enable deterministic behavior in this case, you must set an environment variable before running your PyTorch application: CUBLAS_WORKSPACE_CONFIG=:4096:8 or CUBLAS_WORKSPACE_CONFIG=:16:8. For more information, go to https://docs.nvidia.com/cuda/cublas/index.html#cublasApi_reproducibility (Triggered internally at ../aten/src/ATen/Context.cpp:156.)
  smoothed_sim = torch.matmul(adj, raw_sim)
/data/zhangpeiru/GARQ_revision/model.py:100: UserWarning: Deterministic behavior was enabled with either `torch.use_deterministic_algorithms(True)` or `at::Context::setDeterministicAlgorithms(true)`, but this operation is not deterministic because it uses CuBLAS and you have CUDA >= 10.2. To enable deterministic behavior in this case, you must set an environment variable before running your PyTorch application: CUBLAS_WORKSPACE_CONFIG=:4096:8 or CUBLAS_WORKSPACE_CONFIG=:16:8. For more information, go to https://docs.nvidia.com/cuda/cublas/index.html#cublasApi_reproducibility (Triggered internally at ../aten/src/ATen/Context.cpp:156.)
  e_q = torch.matmul(assignments, self.anchors.weight)
/data/zhangpeiru/GARQ_revision/model.py:121: UserWarning: cumsum_cuda_kernel does not have a deterministic implementation, but you set 'torch.use_deterministic_algorithms(True, warn_only=True)'. You can file an issue at https://github.com/pytorch/pytorch/issues to help us prioritize adding deterministic support for this operation. (Triggered internally at ../aten/src/ATen/Context.cpp:71.)
  dis_indices = torch.multinomial(
/data/zhangpeiru/GARQ_revision/data_utils.py:131: RuntimeWarning: Mean of empty slice.
  [data[meta_ids == i].mean(axis=0) for i in range(meta_ids.max() + 1)]
/home/zhangpeiru/.conda/envs/MetqQ2/lib/python3.11/site-packages/numpy/core/_methods.py:121: RuntimeWarning: divide by zero encountered in divide
  ret = um.true_divide(
/home/zhangpeiru/.conda/envs/MetqQ2/lib/python3.11/site-packages/numpy/core/_methods.py:121: RuntimeWarning: invalid value encountered in divide
  ret = um.true_divide(
/data/zhangpeiru/GARQ_revision/data_utils.py:140: UserWarning: The given NumPy array is not writable, and PyTorch does not support non-writable tensors. This means writing to this tensor will result in undefined behavior. You may want to copy the array to protect its data or make it writable before converting it to a tensor. This type of warning will be suppressed for the rest of this program. (Triggered internally at ../torch/csrc/utils/tensor_numpy.cpp:206.)
  type_int = torch.from_numpy(adata.obs[args.type_key].cat.codes.values).long()
/data/zhangpeiru/GARQ_revision/data_utils.py:131: RuntimeWarning: Mean of empty slice.
  [data[meta_ids == i].mean(axis=0) for i in range(meta_ids.max() + 1)]
/home/zhangpeiru/.conda/envs/MetqQ2/lib/python3.11/site-packages/numpy/core/_methods.py:121: RuntimeWarning: divide by zero encountered in divide
  ret = um.true_divide(
/home/zhangpeiru/.conda/envs/MetqQ2/lib/python3.11/site-packages/numpy/core/_methods.py:121: RuntimeWarning: invalid value encountered in divide
  ret = um.true_divide(
/home/zhangpeiru/.conda/envs/MetqQ2/lib/python3.11/site-packages/louvain/__init__.py:54: UserWarning: pkg_resources is deprecated as an API. See https://setuptools.pypa.io/en/latest/pkg_resources.html. The pkg_resources package is slated for removal as early as 2025-11-30. Refrain from using this package or pin to Setuptools<81.
  from pkg_resources import get_distribution, DistributionNotFound
/home/zhangpeiru/.conda/envs/MetqQ2/lib/python3.11/site-packages/anndata/utils.py:434: FutureWarning: Importing read_csv from `anndata` is deprecated. Import anndata.io.read_csv instead.
  warnings.warn(msg, FutureWarning)
/home/zhangpeiru/.conda/envs/MetqQ2/lib/python3.11/site-packages/anndata/utils.py:434: FutureWarning: Importing read_text from `anndata` is deprecated. Import anndata.io.read_text instead.
  warnings.warn(msg, FutureWarning)
/home/zhangpeiru/.conda/envs/MetqQ2/lib/python3.11/site-packages/anndata/utils.py:434: FutureWarning: Importing read_excel from `anndata` is deprecated. Import anndata.io.read_excel instead.
  warnings.warn(msg, FutureWarning)
/home/zhangpeiru/.conda/envs/MetqQ2/lib/python3.11/site-packages/anndata/utils.py:434: FutureWarning: Importing read_mtx from `anndata` is deprecated. Import anndata.io.read_mtx instead.
  warnings.warn(msg, FutureWarning)
/home/zhangpeiru/.conda/envs/MetqQ2/lib/python3.11/site-packages/anndata/utils.py:434: FutureWarning: Importing read_loom from `anndata` is deprecated. Import anndata.io.read_loom instead.
  warnings.warn(msg, FutureWarning)
/home/zhangpeiru/.conda/envs/MetqQ2/lib/python3.11/site-packages/anndata/utils.py:434: FutureWarning: Importing read_hdf from `anndata` is deprecated. Import anndata.io.read_hdf instead.
  warnings.warn(msg, FutureWarning)
/home/zhangpeiru/.conda/envs/MetqQ2/lib/python3.11/site-packages/anndata/utils.py:434: FutureWarning: Importing read_umi_tools from `anndata` is deprecated. Import anndata.io.read_umi_tools instead.
  warnings.warn(msg, FutureWarning)
/home/zhangpeiru/.conda/envs/MetqQ2/lib/python3.11/site-packages/scanpy/preprocessing/_highly_variable_genes.py:220: FutureWarning: The default of observed=False is deprecated and will be changed to True in a future version of pandas. Pass observed=False to retain current behavior or observed=True to adopt the future default and silence this warning.
  disp_grouped = df.groupby('mean_bin')['dispersions']
/home/zhangpeiru/.conda/envs/MetqQ2/lib/python3.11/site-packages/scanpy/preprocessing/_simple.py:843: UserWarning: Received a view of an AnnData. Making a copy.
  view_to_actual(adata)
=======Loading and Preprocessing Data=======
Data of 2 omics in total
revision_results/cache/subsets/D5_D5_rna_2000cells_seed1729.h5ad loaded with shape [2000, 1362]
revision_results/cache/subsets/D5_D5_adt_2000cells_seed1729.h5ad loaded with shape [2000, 189]
2026-08-29 16:58:53,619 INFO Loading faiss with AVX512 support.
2026-08-29 16:58:53,645 INFO Successfully loaded faiss with AVX512 support.
2026-08-29 16:58:53,650 INFO Failed to load GPU Faiss: name 'GpuIndexIVFFlat' is not defined. Will not load constructor refs for GPU indexes. This is only an error if you're trying to use GPU Faiss.
WARNING clustering 512 points to 40 centroids: please provide at least 1560 training points
GARQ Initialization completed.
/home/zhangpeiru/.conda/envs/MetqQ2/lib/python3.11/site-packages/torch/autograd/__init__.py:251: UserWarning: Deterministic behavior was enabled with either `torch.use_deterministic_algorithms(True)` or `at::Context::setDeterministicAlgorithms(true)`, but this operation is not deterministic because it uses CuBLAS and you have CUDA >= 10.2. To enable deterministic behavior in this case, you must set an environment variable before running your PyTorch application: CUBLAS_WORKSPACE_CONFIG=:4096:8 or CUBLAS_WORKSPACE_CONFIG=:16:8. For more information, go to https://docs.nvidia.com/cuda/cublas/index.html#cublasApi_reproducibility (Triggered internally at ../aten/src/ATen/Context.cpp:156.)
  Variable._execution_engine.run_backward(  # Calls into the C++ engine to run the backward pass
/home/zhangpeiru/.conda/envs/MetqQ2/lib/python3.11/site-packages/torch/autograd/__init__.py:251: UserWarning: Memory Efficient attention defaults to a non-deterministic algorithm. To explicitly enable determinism call torch.use_deterministic_algorithms(True, warn_only=False). (Triggered internally at ../aten/src/ATen/native/transformers/cuda/attention_backward.cu:413.)
  Variable._execution_engine.run_backward(  # Calls into the C++ engine to run the backward pass
Epoch 1, RNA: recon_loss=0.4786 , ADT: recon_loss=12.2086 
/home/zhangpeiru/.conda/envs/MetqQ2/lib/python3.11/site-packages/torch/functional.py:377: UserWarning: Deterministic behavior was enabled with either `torch.use_deterministic_algorithms(True)` or `at::Context::setDeterministicAlgorithms(true)`, but this operation is not deterministic because it uses CuBLAS and you have CUDA >= 10.2. To enable deterministic behavior in this case, you must set an environment variable before running your PyTorch application: CUBLAS_WORKSPACE_CONFIG=:4096:8 or CUBLAS_WORKSPACE_CONFIG=:16:8. For more information, go to https://docs.nvidia.com/cuda/cublas/index.html#cublasApi_reproducibility (Triggered internally at ../aten/src/ATen/Context.cpp:156.)
  return _VF.einsum(equation, operands)  # type: ignore[attr-defined]
/data/zhangpeiru/GARQ_revision/model.py:60: UserWarning: Deterministic behavior was enabled with either `torch.use_deterministic_algorithms(True)` or `at::Context::setDeterministicAlgorithms(true)`, but this operation is not deterministic because it uses CuBLAS and you have CUDA >= 10.2. To enable deterministic behavior in this case, you must set an environment variable before running your PyTorch application: CUBLAS_WORKSPACE_CONFIG=:4096:8 or CUBLAS_WORKSPACE_CONFIG=:16:8. For more information, go to https://docs.nvidia.com/cuda/cublas/index.html#cublasApi_reproducibility (Triggered internally at ../aten/src/ATen/Context.cpp:156.)
  cell_sim = torch.matmul(normed_e, normed_e.T)
/data/zhangpeiru/GARQ_revision/model.py:78: UserWarning: Deterministic behavior was enabled with either `torch.use_deterministic_algorithms(True)` or `at::Context::setDeterministicAlgorithms(true)`, but this operation is not deterministic because it uses CuBLAS and you have CUDA >= 10.2. To enable deterministic behavior in this case, you must set an environment variable before running your PyTorch application: CUBLAS_WORKSPACE_CONFIG=:4096:8 or CUBLAS_WORKSPACE_CONFIG=:16:8. For more information, go to https://docs.nvidia.com/cuda/cublas/index.html#cublasApi_reproducibility (Triggered internally at ../aten/src/ATen/Context.cpp:156.)
  smoothed_sim = torch.matmul(adj, raw_sim)
/data/zhangpeiru/GARQ_revision/model.py:100: UserWarning: Deterministic behavior was enabled with either `torch.use_deterministic_algorithms(True)` or `at::Context::setDeterministicAlgorithms(true)`, but this operation is not deterministic because it uses CuBLAS and you have CUDA >= 10.2. To enable deterministic behavior in this case, you must set an environment variable before running your PyTorch application: CUBLAS_WORKSPACE_CONFIG=:4096:8 or CUBLAS_WORKSPACE_CONFIG=:16:8. For more information, go to https://docs.nvidia.com/cuda/cublas/index.html#cublasApi_reproducibility (Triggered internally at ../aten/src/ATen/Context.cpp:156.)
  e_q = torch.matmul(assignments, self.anchors.weight)
/data/zhangpeiru/GARQ_revision/data_utils.py:131: RuntimeWarning: Mean of empty slice.
  [data[meta_ids == i].mean(axis=0) for i in range(meta_ids.max() + 1)]
/home/zhangpeiru/.conda/envs/MetqQ2/lib/python3.11/site-packages/numpy/core/_methods.py:121: RuntimeWarning: divide by zero encountered in divide
  ret = um.true_divide(
/home/zhangpeiru/.conda/envs/MetqQ2/lib/python3.11/site-packages/numpy/core/_methods.py:121: RuntimeWarning: invalid value encountered in divide
  ret = um.true_divide(
/data/zhangpeiru/GARQ_revision/data_utils.py:140: UserWarning: The given NumPy array is not writable, and PyTorch does not support non-writable tensors. This means writing to this tensor will result in undefined behavior. You may want to copy the array to protect its data or make it writable before converting it to a tensor. This type of warning will be suppressed for the rest of this program. (Triggered internally at ../torch/csrc/utils/tensor_numpy.cpp:206.)
  type_int = torch.from_numpy(adata.obs[args.type_key].cat.codes.values).long()
/data/zhangpeiru/GARQ_revision/data_utils.py:131: RuntimeWarning: Mean of empty slice.
  [data[meta_ids == i].mean(axis=0) for i in range(meta_ids.max() + 1)]
/home/zhangpeiru/.conda/envs/MetqQ2/lib/python3.11/site-packages/numpy/core/_methods.py:121: RuntimeWarning: divide by zero encountered in divide
  ret = um.true_divide(
/home/zhangpeiru/.conda/envs/MetqQ2/lib/python3.11/site-packages/numpy/core/_methods.py:121: RuntimeWarning: invalid value encountered in divide
  ret = um.true_divide(
/home/zhangpeiru/.conda/envs/MetqQ2/lib/python3.11/site-packages/louvain/__init__.py:54: UserWarning: pkg_resources is deprecated as an API. See https://setuptools.pypa.io/en/latest/pkg_resources.html. The pkg_resources package is slated for removal as early as 2025-11-30. Refrain from using this package or pin to Setuptools<81.
  from pkg_resources import get_distribution, DistributionNotFound
/home/zhangpeiru/.conda/envs/MetqQ2/lib/python3.11/site-packages/anndata/utils.py:434: FutureWarning: Importing read_csv from `anndata` is deprecated. Import anndata.io.read_csv instead.
  warnings.warn(msg, FutureWarning)
/home/zhangpeiru/.conda/envs/MetqQ2/lib/python3.11/site-packages/anndata/utils.py:434: FutureWarning: Importing read_text from `anndata` is deprecated. Import anndata.io.read_text instead.
  warnings.warn(msg, FutureWarning)
/home/zhangpeiru/.conda/envs/MetqQ2/lib/python3.11/site-packages/anndata/utils.py:434: FutureWarning: Importing read_excel from `anndata` is deprecated. Import anndata.io.read_excel instead.
  warnings.warn(msg, FutureWarning)
/home/zhangpeiru/.conda/envs/MetqQ2/lib/python3.11/site-packages/anndata/utils.py:434: FutureWarning: Importing read_mtx from `anndata` is deprecated. Import anndata.io.read_mtx instead.
  warnings.warn(msg, FutureWarning)
/home/zhangpeiru/.conda/envs/MetqQ2/lib/python3.11/site-packages/anndata/utils.py:434: FutureWarning: Importing read_loom from `anndata` is deprecated. Import anndata.io.read_loom instead.
  warnings.warn(msg, FutureWarning)
/home/zhangpeiru/.conda/envs/MetqQ2/lib/python3.11/site-packages/anndata/utils.py:434: FutureWarning: Importing read_hdf from `anndata` is deprecated. Import anndata.io.read_hdf instead.
  warnings.warn(msg, FutureWarning)
/home/zhangpeiru/.conda/envs/MetqQ2/lib/python3.11/site-packages/anndata/utils.py:434: FutureWarning: Importing read_umi_tools from `anndata` is deprecated. Import anndata.io.read_umi_tools instead.
  warnings.warn(msg, FutureWarning)
/home/zhangpeiru/.conda/envs/MetqQ2/lib/python3.11/site-packages/scanpy/preprocessing/_highly_variable_genes.py:220: FutureWarning: The default of observed=False is deprecated and will be changed to True in a future version of pandas. Pass observed=False to retain current behavior or observed=True to adopt the future default and silence this warning.
  disp_grouped = df.groupby('mean_bin')['dispersions']
/home/zhangpeiru/.conda/envs/MetqQ2/lib/python3.11/site-packages/scanpy/preprocessing/_simple.py:843: UserWarning: Received a view of an AnnData. Making a copy.
  view_to_actual(adata)
=======Loading and Preprocessing Data=======
Data of 2 omics in total
revision_results/cache/subsets/D5_D5_rna_2000cells_seed1729.h5ad loaded with shape [2000, 1362]
revision_results/cache/subsets/D5_D5_adt_2000cells_seed1729.h5ad loaded with shape [2000, 189]
2026-08-29 16:59:05,197 INFO Loading faiss with AVX512 support.
2026-08-29 16:59:05,219 INFO Successfully loaded faiss with AVX512 support.
2026-08-29 16:59:05,224 INFO Failed to load GPU Faiss: name 'GpuIndexIVFFlat' is not defined. Will not load constructor refs for GPU indexes. This is only an error if you're trying to use GPU Faiss.
WARNING clustering 512 points to 40 centroids: please provide at least 1560 training points
GARQ Initialization completed.
/home/zhangpeiru/.conda/envs/MetqQ2/lib/python3.11/site-packages/torch/autograd/__init__.py:251: UserWarning: Deterministic behavior was enabled with either `torch.use_deterministic_algorithms(True)` or `at::Context::setDeterministicAlgorithms(true)`, but this operation is not deterministic because it uses CuBLAS and you have CUDA >= 10.2. To enable deterministic behavior in this case, you must set an environment variable before running your PyTorch application: CUBLAS_WORKSPACE_CONFIG=:4096:8 or CUBLAS_WORKSPACE_CONFIG=:16:8. For more information, go to https://docs.nvidia.com/cuda/cublas/index.html#cublasApi_reproducibility (Triggered internally at ../aten/src/ATen/Context.cpp:156.)
  Variable._execution_engine.run_backward(  # Calls into the C++ engine to run the backward pass
/home/zhangpeiru/.conda/envs/MetqQ2/lib/python3.11/site-packages/torch/autograd/__init__.py:251: UserWarning: Memory Efficient attention defaults to a non-deterministic algorithm. To explicitly enable determinism call torch.use_deterministic_algorithms(True, warn_only=False). (Triggered internally at ../aten/src/ATen/native/transformers/cuda/attention_backward.cu:413.)
  Variable._execution_engine.run_backward(  # Calls into the C++ engine to run the backward pass
Epoch 1, RNA: recon_loss=0.4788 , ADT: recon_loss=12.4123 
/home/zhangpeiru/.conda/envs/MetqQ2/lib/python3.11/site-packages/torch/functional.py:377: UserWarning: Deterministic behavior was enabled with either `torch.use_deterministic_algorithms(True)` or `at::Context::setDeterministicAlgorithms(true)`, but this operation is not deterministic because it uses CuBLAS and you have CUDA >= 10.2. To enable deterministic behavior in this case, you must set an environment variable before running your PyTorch application: CUBLAS_WORKSPACE_CONFIG=:4096:8 or CUBLAS_WORKSPACE_CONFIG=:16:8. For more information, go to https://docs.nvidia.com/cuda/cublas/index.html#cublasApi_reproducibility (Triggered internally at ../aten/src/ATen/Context.cpp:156.)
  return _VF.einsum(equation, operands)  # type: ignore[attr-defined]
/data/zhangpeiru/GARQ_revision/model.py:60: UserWarning: Deterministic behavior was enabled with either `torch.use_deterministic_algorithms(True)` or `at::Context::setDeterministicAlgorithms(true)`, but this operation is not deterministic because it uses CuBLAS and you have CUDA >= 10.2. To enable deterministic behavior in this case, you must set an environment variable before running your PyTorch application: CUBLAS_WORKSPACE_CONFIG=:4096:8 or CUBLAS_WORKSPACE_CONFIG=:16:8. For more information, go to https://docs.nvidia.com/cuda/cublas/index.html#cublasApi_reproducibility (Triggered internally at ../aten/src/ATen/Context.cpp:156.)
  cell_sim = torch.matmul(normed_e, normed_e.T)
/data/zhangpeiru/GARQ_revision/model.py:78: UserWarning: Deterministic behavior was enabled with either `torch.use_deterministic_algorithms(True)` or `at::Context::setDeterministicAlgorithms(true)`, but this operation is not deterministic because it uses CuBLAS and you have CUDA >= 10.2. To enable deterministic behavior in this case, you must set an environment variable before running your PyTorch application: CUBLAS_WORKSPACE_CONFIG=:4096:8 or CUBLAS_WORKSPACE_CONFIG=:16:8. For more information, go to https://docs.nvidia.com/cuda/cublas/index.html#cublasApi_reproducibility (Triggered internally at ../aten/src/ATen/Context.cpp:156.)
  smoothed_sim = torch.matmul(adj, raw_sim)
/data/zhangpeiru/GARQ_revision/model.py:100: UserWarning: Deterministic behavior was enabled with either `torch.use_deterministic_algorithms(True)` or `at::Context::setDeterministicAlgorithms(true)`, but this operation is not deterministic because it uses CuBLAS and you have CUDA >= 10.2. To enable deterministic behavior in this case, you must set an environment variable before running your PyTorch application: CUBLAS_WORKSPACE_CONFIG=:4096:8 or CUBLAS_WORKSPACE_CONFIG=:16:8. For more information, go to https://docs.nvidia.com/cuda/cublas/index.html#cublasApi_reproducibility (Triggered internally at ../aten/src/ATen/Context.cpp:156.)
  e_q = torch.matmul(assignments, self.anchors.weight)
/data/zhangpeiru/GARQ_revision/data_utils.py:131: RuntimeWarning: Mean of empty slice.
  [data[meta_ids == i].mean(axis=0) for i in range(meta_ids.max() + 1)]
/home/zhangpeiru/.conda/envs/MetqQ2/lib/python3.11/site-packages/numpy/core/_methods.py:121: RuntimeWarning: divide by zero encountered in divide
  ret = um.true_divide(
/home/zhangpeiru/.conda/envs/MetqQ2/lib/python3.11/site-packages/numpy/core/_methods.py:121: RuntimeWarning: invalid value encountered in divide
  ret = um.true_divide(
/data/zhangpeiru/GARQ_revision/data_utils.py:140: UserWarning: The given NumPy array is not writable, and PyTorch does not support non-writable tensors. This means writing to this tensor will result in undefined behavior. You may want to copy the array to protect its data or make it writable before converting it to a tensor. This type of warning will be suppressed for the rest of this program. (Triggered internally at ../torch/csrc/utils/tensor_numpy.cpp:206.)
  type_int = torch.from_numpy(adata.obs[args.type_key].cat.codes.values).long()
/data/zhangpeiru/GARQ_revision/data_utils.py:131: RuntimeWarning: Mean of empty slice.
  [data[meta_ids == i].mean(axis=0) for i in range(meta_ids.max() + 1)]
/home/zhangpeiru/.conda/envs/MetqQ2/lib/python3.11/site-packages/numpy/core/_methods.py:121: RuntimeWarning: divide by zero encountered in divide
  ret = um.true_divide(
/home/zhangpeiru/.conda/envs/MetqQ2/lib/python3.11/site-packages/numpy/core/_methods.py:121: RuntimeWarning: invalid value encountered in divide
  ret = um.true_divide(
/home/zhangpeiru/.conda/envs/MetqQ2/lib/python3.11/site-packages/louvain/__init__.py:54: UserWarning: pkg_resources is deprecated as an API. See https://setuptools.pypa.io/en/latest/pkg_resources.html. The pkg_resources package is slated for removal as early as 2025-11-30. Refrain from using this package or pin to Setuptools<81.
  from pkg_resources import get_distribution, DistributionNotFound
/home/zhangpeiru/.conda/envs/MetqQ2/lib/python3.11/site-packages/anndata/utils.py:434: FutureWarning: Importing read_csv from `anndata` is deprecated. Import anndata.io.read_csv instead.
  warnings.warn(msg, FutureWarning)
/home/zhangpeiru/.conda/envs/MetqQ2/lib/python3.11/site-packages/anndata/utils.py:434: FutureWarning: Importing read_text from `anndata` is deprecated. Import anndata.io.read_text instead.
  warnings.warn(msg, FutureWarning)
/home/zhangpeiru/.conda/envs/MetqQ2/lib/python3.11/site-packages/anndata/utils.py:434: FutureWarning: Importing read_excel from `anndata` is deprecated. Import anndata.io.read_excel instead.
  warnings.warn(msg, FutureWarning)
/home/zhangpeiru/.conda/envs/MetqQ2/lib/python3.11/site-packages/anndata/utils.py:434: FutureWarning: Importing read_mtx from `anndata` is deprecated. Import anndata.io.read_mtx instead.
  warnings.warn(msg, FutureWarning)
/home/zhangpeiru/.conda/envs/MetqQ2/lib/python3.11/site-packages/anndata/utils.py:434: FutureWarning: Importing read_loom from `anndata` is deprecated. Import anndata.io.read_loom instead.
  warnings.warn(msg, FutureWarning)
/home/zhangpeiru/.conda/envs/MetqQ2/lib/python3.11/site-packages/anndata/utils.py:434: FutureWarning: Importing read_hdf from `anndata` is deprecated. Import anndata.io.read_hdf instead.
  warnings.warn(msg, FutureWarning)
/home/zhangpeiru/.conda/envs/MetqQ2/lib/python3.11/site-packages/anndata/utils.py:434: FutureWarning: Importing read_umi_tools from `anndata` is deprecated. Import anndata.io.read_umi_tools instead.
  warnings.warn(msg, FutureWarning)
/home/zhangpeiru/.conda/envs/MetqQ2/lib/python3.11/site-packages/scanpy/preprocessing/_highly_variable_genes.py:220: FutureWarning: The default of observed=False is deprecated and will be changed to True in a future version of pandas. Pass observed=False to retain current behavior or observed=True to adopt the future default and silence this warning.
  disp_grouped = df.groupby('mean_bin')['dispersions']
/home/zhangpeiru/.conda/envs/MetqQ2/lib/python3.11/site-packages/scanpy/preprocessing/_simple.py:843: UserWarning: Received a view of an AnnData. Making a copy.
  view_to_actual(adata)
=======Loading and Preprocessing Data=======
Data of 2 omics in total
revision_results/cache/subsets/D5_D5_rna_2000cells_seed1729.h5ad loaded with shape [2000, 1362]
revision_results/cache/subsets/D5_D5_adt_2000cells_seed1729.h5ad loaded with shape [2000, 189]
2026-08-29 16:59:17,040 INFO Loading faiss with AVX512 support.
2026-08-29 16:59:17,062 INFO Successfully loaded faiss with AVX512 support.
2026-08-29 16:59:17,066 INFO Failed to load GPU Faiss: name 'GpuIndexIVFFlat' is not defined. Will not load constructor refs for GPU indexes. This is only an error if you're trying to use GPU Faiss.
WARNING clustering 512 points to 40 centroids: please provide at least 1560 training points
GARQ Initialization completed.
/home/zhangpeiru/.conda/envs/MetqQ2/lib/python3.11/site-packages/torch/autograd/__init__.py:251: UserWarning: Deterministic behavior was enabled with either `torch.use_deterministic_algorithms(True)` or `at::Context::setDeterministicAlgorithms(true)`, but this operation is not deterministic because it uses CuBLAS and you have CUDA >= 10.2. To enable deterministic behavior in this case, you must set an environment variable before running your PyTorch application: CUBLAS_WORKSPACE_CONFIG=:4096:8 or CUBLAS_WORKSPACE_CONFIG=:16:8. For more information, go to https://docs.nvidia.com/cuda/cublas/index.html#cublasApi_reproducibility (Triggered internally at ../aten/src/ATen/Context.cpp:156.)
  Variable._execution_engine.run_backward(  # Calls into the C++ engine to run the backward pass
/home/zhangpeiru/.conda/envs/MetqQ2/lib/python3.11/site-packages/torch/autograd/__init__.py:251: UserWarning: Memory Efficient attention defaults to a non-deterministic algorithm. To explicitly enable determinism call torch.use_deterministic_algorithms(True, warn_only=False). (Triggered internally at ../aten/src/ATen/native/transformers/cuda/attention_backward.cu:413.)
  Variable._execution_engine.run_backward(  # Calls into the C++ engine to run the backward pass
Epoch 1, RNA: recon_loss=0.4802 , ADT: recon_loss=12.8192 
/home/zhangpeiru/.conda/envs/MetqQ2/lib/python3.11/site-packages/torch/functional.py:377: UserWarning: Deterministic behavior was enabled with either `torch.use_deterministic_algorithms(True)` or `at::Context::setDeterministicAlgorithms(true)`, but this operation is not deterministic because it uses CuBLAS and you have CUDA >= 10.2. To enable deterministic behavior in this case, you must set an environment variable before running your PyTorch application: CUBLAS_WORKSPACE_CONFIG=:4096:8 or CUBLAS_WORKSPACE_CONFIG=:16:8. For more information, go to https://docs.nvidia.com/cuda/cublas/index.html#cublasApi_reproducibility (Triggered internally at ../aten/src/ATen/Context.cpp:156.)
  return _VF.einsum(equation, operands)  # type: ignore[attr-defined]
/data/zhangpeiru/GARQ_revision/model.py:60: UserWarning: Deterministic behavior was enabled with either `torch.use_deterministic_algorithms(True)` or `at::Context::setDeterministicAlgorithms(true)`, but this operation is not deterministic because it uses CuBLAS and you have CUDA >= 10.2. To enable deterministic behavior in this case, you must set an environment variable before running your PyTorch application: CUBLAS_WORKSPACE_CONFIG=:4096:8 or CUBLAS_WORKSPACE_CONFIG=:16:8. For more information, go to https://docs.nvidia.com/cuda/cublas/index.html#cublasApi_reproducibility (Triggered internally at ../aten/src/ATen/Context.cpp:156.)
  cell_sim = torch.matmul(normed_e, normed_e.T)
/data/zhangpeiru/GARQ_revision/model.py:78: UserWarning: Deterministic behavior was enabled with either `torch.use_deterministic_algorithms(True)` or `at::Context::setDeterministicAlgorithms(true)`, but this operation is not deterministic because it uses CuBLAS and you have CUDA >= 10.2. To enable deterministic behavior in this case, you must set an environment variable before running your PyTorch application: CUBLAS_WORKSPACE_CONFIG=:4096:8 or CUBLAS_WORKSPACE_CONFIG=:16:8. For more information, go to https://docs.nvidia.com/cuda/cublas/index.html#cublasApi_reproducibility (Triggered internally at ../aten/src/ATen/Context.cpp:156.)
  smoothed_sim = torch.matmul(adj, raw_sim)
/data/zhangpeiru/GARQ_revision/model.py:100: UserWarning: Deterministic behavior was enabled with either `torch.use_deterministic_algorithms(True)` or `at::Context::setDeterministicAlgorithms(true)`, but this operation is not deterministic because it uses CuBLAS and you have CUDA >= 10.2. To enable deterministic behavior in this case, you must set an environment variable before running your PyTorch application: CUBLAS_WORKSPACE_CONFIG=:4096:8 or CUBLAS_WORKSPACE_CONFIG=:16:8. For more information, go to https://docs.nvidia.com/cuda/cublas/index.html#cublasApi_reproducibility (Triggered internally at ../aten/src/ATen/Context.cpp:156.)
  e_q = torch.matmul(assignments, self.anchors.weight)
/data/zhangpeiru/GARQ_revision/data_utils.py:131: RuntimeWarning: Mean of empty slice.
  [data[meta_ids == i].mean(axis=0) for i in range(meta_ids.max() + 1)]
/home/zhangpeiru/.conda/envs/MetqQ2/lib/python3.11/site-packages/numpy/core/_methods.py:121: RuntimeWarning: divide by zero encountered in divide
  ret = um.true_divide(
/home/zhangpeiru/.conda/envs/MetqQ2/lib/python3.11/site-packages/numpy/core/_methods.py:121: RuntimeWarning: invalid value encountered in divide
  ret = um.true_divide(
/data/zhangpeiru/GARQ_revision/data_utils.py:140: UserWarning: The given NumPy array is not writable, and PyTorch does not support non-writable tensors. This means writing to this tensor will result in undefined behavior. You may want to copy the array to protect its data or make it writable before converting it to a tensor. This type of warning will be suppressed for the rest of this program. (Triggered internally at ../torch/csrc/utils/tensor_numpy.cpp:206.)
  type_int = torch.from_numpy(adata.obs[args.type_key].cat.codes.values).long()
/data/zhangpeiru/GARQ_revision/data_utils.py:131: RuntimeWarning: Mean of empty slice.
  [data[meta_ids == i].mean(axis=0) for i in range(meta_ids.max() + 1)]
/home/zhangpeiru/.conda/envs/MetqQ2/lib/python3.11/site-packages/numpy/core/_methods.py:121: RuntimeWarning: divide by zero encountered in divide
  ret = um.true_divide(
/home/zhangpeiru/.conda/envs/MetqQ2/lib/python3.11/site-packages/numpy/core/_methods.py:121: RuntimeWarning: invalid value encountered in divide
  ret = um.true_divide(
/home/zhangpeiru/.conda/envs/MetqQ2/lib/python3.11/site-packages/louvain/__init__.py:54: UserWarning: pkg_resources is deprecated as an API. See https://setuptools.pypa.io/en/latest/pkg_resources.html. The pkg_resources package is slated for removal as early as 2025-11-30. Refrain from using this package or pin to Setuptools<81.
  from pkg_resources import get_distribution, DistributionNotFound
/home/zhangpeiru/.conda/envs/MetqQ2/lib/python3.11/site-packages/anndata/utils.py:434: FutureWarning: Importing read_csv from `anndata` is deprecated. Import anndata.io.read_csv instead.
  warnings.warn(msg, FutureWarning)
/home/zhangpeiru/.conda/envs/MetqQ2/lib/python3.11/site-packages/anndata/utils.py:434: FutureWarning: Importing read_text from `anndata` is deprecated. Import anndata.io.read_text instead.
  warnings.warn(msg, FutureWarning)
/home/zhangpeiru/.conda/envs/MetqQ2/lib/python3.11/site-packages/anndata/utils.py:434: FutureWarning: Importing read_excel from `anndata` is deprecated. Import anndata.io.read_excel instead.
  warnings.warn(msg, FutureWarning)
/home/zhangpeiru/.conda/envs/MetqQ2/lib/python3.11/site-packages/anndata/utils.py:434: FutureWarning: Importing read_mtx from `anndata` is deprecated. Import anndata.io.read_mtx instead.
  warnings.warn(msg, FutureWarning)
/home/zhangpeiru/.conda/envs/MetqQ2/lib/python3.11/site-packages/anndata/utils.py:434: FutureWarning: Importing read_loom from `anndata` is deprecated. Import anndata.io.read_loom instead.
  warnings.warn(msg, FutureWarning)
/home/zhangpeiru/.conda/envs/MetqQ2/lib/python3.11/site-packages/anndata/utils.py:434: FutureWarning: Importing read_hdf from `anndata` is deprecated. Import anndata.io.read_hdf instead.
  warnings.warn(msg, FutureWarning)
/home/zhangpeiru/.conda/envs/MetqQ2/lib/python3.11/site-packages/anndata/utils.py:434: FutureWarning: Importing read_umi_tools from `anndata` is deprecated. Import anndata.io.read_umi_tools instead.
  warnings.warn(msg, FutureWarning)
/home/zhangpeiru/.conda/envs/MetqQ2/lib/python3.11/site-packages/scanpy/preprocessing/_highly_variable_genes.py:220: FutureWarning: The default of observed=False is deprecated and will be changed to True in a future version of pandas. Pass observed=False to retain current behavior or observed=True to adopt the future default and silence this warning.
  disp_grouped = df.groupby('mean_bin')['dispersions']
/home/zhangpeiru/.conda/envs/MetqQ2/lib/python3.11/site-packages/scanpy/preprocessing/_simple.py:843: UserWarning: Received a view of an AnnData. Making a copy.
  view_to_actual(adata)
=======Loading and Preprocessing Data=======
Data of 2 omics in total
revision_results/cache/subsets/D5_D5_rna_2000cells_seed1729.h5ad loaded with shape [2000, 1362]
revision_results/cache/subsets/D5_D5_adt_2000cells_seed1729.h5ad loaded with shape [2000, 189]
2026-08-29 16:59:28,692 INFO Loading faiss with AVX512 support.
2026-08-29 16:59:28,716 INFO Successfully loaded faiss with AVX512 support.
2026-08-29 16:59:28,720 INFO Failed to load GPU Faiss: name 'GpuIndexIVFFlat' is not defined. Will not load constructor refs for GPU indexes. This is only an error if you're trying to use GPU Faiss.
WARNING clustering 512 points to 40 centroids: please provide at least 1560 training points
GARQ Initialization completed.
/home/zhangpeiru/.conda/envs/MetqQ2/lib/python3.11/site-packages/torch/autograd/__init__.py:251: UserWarning: Deterministic behavior was enabled with either `torch.use_deterministic_algorithms(True)` or `at::Context::setDeterministicAlgorithms(true)`, but this operation is not deterministic because it uses CuBLAS and you have CUDA >= 10.2. To enable deterministic behavior in this case, you must set an environment variable before running your PyTorch application: CUBLAS_WORKSPACE_CONFIG=:4096:8 or CUBLAS_WORKSPACE_CONFIG=:16:8. For more information, go to https://docs.nvidia.com/cuda/cublas/index.html#cublasApi_reproducibility (Triggered internally at ../aten/src/ATen/Context.cpp:156.)
  Variable._execution_engine.run_backward(  # Calls into the C++ engine to run the backward pass
/home/zhangpeiru/.conda/envs/MetqQ2/lib/python3.11/site-packages/torch/autograd/__init__.py:251: UserWarning: Memory Efficient attention defaults to a non-deterministic algorithm. To explicitly enable determinism call torch.use_deterministic_algorithms(True, warn_only=False). (Triggered internally at ../aten/src/ATen/native/transformers/cuda/attention_backward.cu:413.)
  Variable._execution_engine.run_backward(  # Calls into the C++ engine to run the backward pass
Epoch 1, RNA: recon_loss=0.4820 , ADT: recon_loss=13.6758 
/home/zhangpeiru/.conda/envs/MetqQ2/lib/python3.11/site-packages/torch/functional.py:377: UserWarning: Deterministic behavior was enabled with either `torch.use_deterministic_algorithms(True)` or `at::Context::setDeterministicAlgorithms(true)`, but this operation is not deterministic because it uses CuBLAS and you have CUDA >= 10.2. To enable deterministic behavior in this case, you must set an environment variable before running your PyTorch application: CUBLAS_WORKSPACE_CONFIG=:4096:8 or CUBLAS_WORKSPACE_CONFIG=:16:8. For more information, go to https://docs.nvidia.com/cuda/cublas/index.html#cublasApi_reproducibility (Triggered internally at ../aten/src/ATen/Context.cpp:156.)
  return _VF.einsum(equation, operands)  # type: ignore[attr-defined]
/data/zhangpeiru/GARQ_revision/model.py:60: UserWarning: Deterministic behavior was enabled with either `torch.use_deterministic_algorithms(True)` or `at::Context::setDeterministicAlgorithms(true)`, but this operation is not deterministic because it uses CuBLAS and you have CUDA >= 10.2. To enable deterministic behavior in this case, you must set an environment variable before running your PyTorch application: CUBLAS_WORKSPACE_CONFIG=:4096:8 or CUBLAS_WORKSPACE_CONFIG=:16:8. For more information, go to https://docs.nvidia.com/cuda/cublas/index.html#cublasApi_reproducibility (Triggered internally at ../aten/src/ATen/Context.cpp:156.)
  cell_sim = torch.matmul(normed_e, normed_e.T)
/data/zhangpeiru/GARQ_revision/model.py:78: UserWarning: Deterministic behavior was enabled with either `torch.use_deterministic_algorithms(True)` or `at::Context::setDeterministicAlgorithms(true)`, but this operation is not deterministic because it uses CuBLAS and you have CUDA >= 10.2. To enable deterministic behavior in this case, you must set an environment variable before running your PyTorch application: CUBLAS_WORKSPACE_CONFIG=:4096:8 or CUBLAS_WORKSPACE_CONFIG=:16:8. For more information, go to https://docs.nvidia.com/cuda/cublas/index.html#cublasApi_reproducibility (Triggered internally at ../aten/src/ATen/Context.cpp:156.)
  smoothed_sim = torch.matmul(adj, raw_sim)
/data/zhangpeiru/GARQ_revision/model.py:100: UserWarning: Deterministic behavior was enabled with either `torch.use_deterministic_algorithms(True)` or `at::Context::setDeterministicAlgorithms(true)`, but this operation is not deterministic because it uses CuBLAS and you have CUDA >= 10.2. To enable deterministic behavior in this case, you must set an environment variable before running your PyTorch application: CUBLAS_WORKSPACE_CONFIG=:4096:8 or CUBLAS_WORKSPACE_CONFIG=:16:8. For more information, go to https://docs.nvidia.com/cuda/cublas/index.html#cublasApi_reproducibility (Triggered internally at ../aten/src/ATen/Context.cpp:156.)
  e_q = torch.matmul(assignments, self.anchors.weight)
/data/zhangpeiru/GARQ_revision/data_utils.py:131: RuntimeWarning: Mean of empty slice.
  [data[meta_ids == i].mean(axis=0) for i in range(meta_ids.max() + 1)]
/home/zhangpeiru/.conda/envs/MetqQ2/lib/python3.11/site-packages/numpy/core/_methods.py:121: RuntimeWarning: divide by zero encountered in divide
  ret = um.true_divide(
/home/zhangpeiru/.conda/envs/MetqQ2/lib/python3.11/site-packages/numpy/core/_methods.py:121: RuntimeWarning: invalid value encountered in divide
  ret = um.true_divide(
/data/zhangpeiru/GARQ_revision/data_utils.py:140: UserWarning: The given NumPy array is not writable, and PyTorch does not support non-writable tensors. This means writing to this tensor will result in undefined behavior. You may want to copy the array to protect its data or make it writable before converting it to a tensor. This type of warning will be suppressed for the rest of this program. (Triggered internally at ../torch/csrc/utils/tensor_numpy.cpp:206.)
  type_int = torch.from_numpy(adata.obs[args.type_key].cat.codes.values).long()
/data/zhangpeiru/GARQ_revision/data_utils.py:131: RuntimeWarning: Mean of empty slice.
  [data[meta_ids == i].mean(axis=0) for i in range(meta_ids.max() + 1)]
/home/zhangpeiru/.conda/envs/MetqQ2/lib/python3.11/site-packages/numpy/core/_methods.py:121: RuntimeWarning: divide by zero encountered in divide
  ret = um.true_divide(
/home/zhangpeiru/.conda/envs/MetqQ2/lib/python3.11/site-packages/numpy/core/_methods.py:121: RuntimeWarning: invalid value encountered in divide
  ret = um.true_divide(
/home/zhangpeiru/.conda/envs/MetqQ2/lib/python3.11/site-packages/louvain/__init__.py:54: UserWarning: pkg_resources is deprecated as an API. See https://setuptools.pypa.io/en/latest/pkg_resources.html. The pkg_resources package is slated for removal as early as 2025-11-30. Refrain from using this package or pin to Setuptools<81.
  from pkg_resources import get_distribution, DistributionNotFound
/home/zhangpeiru/.conda/envs/MetqQ2/lib/python3.11/site-packages/anndata/utils.py:434: FutureWarning: Importing read_csv from `anndata` is deprecated. Import anndata.io.read_csv instead.
  warnings.warn(msg, FutureWarning)
/home/zhangpeiru/.conda/envs/MetqQ2/lib/python3.11/site-packages/anndata/utils.py:434: FutureWarning: Importing read_text from `anndata` is deprecated. Import anndata.io.read_text instead.
  warnings.warn(msg, FutureWarning)
/home/zhangpeiru/.conda/envs/MetqQ2/lib/python3.11/site-packages/anndata/utils.py:434: FutureWarning: Importing read_excel from `anndata` is deprecated. Import anndata.io.read_excel instead.
  warnings.warn(msg, FutureWarning)
/home/zhangpeiru/.conda/envs/MetqQ2/lib/python3.11/site-packages/anndata/utils.py:434: FutureWarning: Importing read_mtx from `anndata` is deprecated. Import anndata.io.read_mtx instead.
  warnings.warn(msg, FutureWarning)
/home/zhangpeiru/.conda/envs/MetqQ2/lib/python3.11/site-packages/anndata/utils.py:434: FutureWarning: Importing read_loom from `anndata` is deprecated. Import anndata.io.read_loom instead.
  warnings.warn(msg, FutureWarning)
/home/zhangpeiru/.conda/envs/MetqQ2/lib/python3.11/site-packages/anndata/utils.py:434: FutureWarning: Importing read_hdf from `anndata` is deprecated. Import anndata.io.read_hdf instead.
  warnings.warn(msg, FutureWarning)
/home/zhangpeiru/.conda/envs/MetqQ2/lib/python3.11/site-packages/anndata/utils.py:434: FutureWarning: Importing read_umi_tools from `anndata` is deprecated. Import anndata.io.read_umi_tools instead.
  warnings.warn(msg, FutureWarning)
/home/zhangpeiru/.conda/envs/MetqQ2/lib/python3.11/site-packages/scanpy/preprocessing/_highly_variable_genes.py:220: FutureWarning: The default of observed=False is deprecated and will be changed to True in a future version of pandas. Pass observed=False to retain current behavior or observed=True to adopt the future default and silence this warning.
  disp_grouped = df.groupby('mean_bin')['dispersions']
/home/zhangpeiru/.conda/envs/MetqQ2/lib/python3.11/site-packages/scanpy/preprocessing/_simple.py:843: UserWarning: Received a view of an AnnData. Making a copy.
  view_to_actual(adata)
=======Loading and Preprocessing Data=======
Data of 2 omics in total
revision_results/cache/subsets/D5_D5_rna_2000cells_seed1729.h5ad loaded with shape [2000, 1362]
revision_results/cache/subsets/D5_D5_adt_2000cells_seed1729.h5ad loaded with shape [2000, 189]
2026-08-29 16:59:40,521 INFO Loading faiss with AVX512 support.
2026-08-29 16:59:40,543 INFO Successfully loaded faiss with AVX512 support.
2026-08-29 16:59:40,547 INFO Failed to load GPU Faiss: name 'GpuIndexIVFFlat' is not defined. Will not load constructor refs for GPU indexes. This is only an error if you're trying to use GPU Faiss.
WARNING clustering 512 points to 40 centroids: please provide at least 1560 training points
GARQ Initialization completed.
/home/zhangpeiru/.conda/envs/MetqQ2/lib/python3.11/site-packages/torch/autograd/__init__.py:251: UserWarning: Deterministic behavior was enabled with either `torch.use_deterministic_algorithms(True)` or `at::Context::setDeterministicAlgorithms(true)`, but this operation is not deterministic because it uses CuBLAS and you have CUDA >= 10.2. To enable deterministic behavior in this case, you must set an environment variable before running your PyTorch application: CUBLAS_WORKSPACE_CONFIG=:4096:8 or CUBLAS_WORKSPACE_CONFIG=:16:8. For more information, go to https://docs.nvidia.com/cuda/cublas/index.html#cublasApi_reproducibility (Triggered internally at ../aten/src/ATen/Context.cpp:156.)
  Variable._execution_engine.run_backward(  # Calls into the C++ engine to run the backward pass
/home/zhangpeiru/.conda/envs/MetqQ2/lib/python3.11/site-packages/torch/autograd/__init__.py:251: UserWarning: Memory Efficient attention defaults to a non-deterministic algorithm. To explicitly enable determinism call torch.use_deterministic_algorithms(True, warn_only=False). (Triggered internally at ../aten/src/ATen/native/transformers/cuda/attention_backward.cu:413.)
  Variable._execution_engine.run_backward(  # Calls into the C++ engine to run the backward pass
Epoch 1, RNA: recon_loss=0.4786 , ADT: recon_loss=12.2086 
/home/zhangpeiru/.conda/envs/MetqQ2/lib/python3.11/site-packages/torch/functional.py:377: UserWarning: Deterministic behavior was enabled with either `torch.use_deterministic_algorithms(True)` or `at::Context::setDeterministicAlgorithms(true)`, but this operation is not deterministic because it uses CuBLAS and you have CUDA >= 10.2. To enable deterministic behavior in this case, you must set an environment variable before running your PyTorch application: CUBLAS_WORKSPACE_CONFIG=:4096:8 or CUBLAS_WORKSPACE_CONFIG=:16:8. For more information, go to https://docs.nvidia.com/cuda/cublas/index.html#cublasApi_reproducibility (Triggered internally at ../aten/src/ATen/Context.cpp:156.)
  return _VF.einsum(equation, operands)  # type: ignore[attr-defined]
/data/zhangpeiru/GARQ_revision/model.py:60: UserWarning: Deterministic behavior was enabled with either `torch.use_deterministic_algorithms(True)` or `at::Context::setDeterministicAlgorithms(true)`, but this operation is not deterministic because it uses CuBLAS and you have CUDA >= 10.2. To enable deterministic behavior in this case, you must set an environment variable before running your PyTorch application: CUBLAS_WORKSPACE_CONFIG=:4096:8 or CUBLAS_WORKSPACE_CONFIG=:16:8. For more information, go to https://docs.nvidia.com/cuda/cublas/index.html#cublasApi_reproducibility (Triggered internally at ../aten/src/ATen/Context.cpp:156.)
  cell_sim = torch.matmul(normed_e, normed_e.T)
/data/zhangpeiru/GARQ_revision/model.py:78: UserWarning: Deterministic behavior was enabled with either `torch.use_deterministic_algorithms(True)` or `at::Context::setDeterministicAlgorithms(true)`, but this operation is not deterministic because it uses CuBLAS and you have CUDA >= 10.2. To enable deterministic behavior in this case, you must set an environment variable before running your PyTorch application: CUBLAS_WORKSPACE_CONFIG=:4096:8 or CUBLAS_WORKSPACE_CONFIG=:16:8. For more information, go to https://docs.nvidia.com/cuda/cublas/index.html#cublasApi_reproducibility (Triggered internally at ../aten/src/ATen/Context.cpp:156.)
  smoothed_sim = torch.matmul(adj, raw_sim)
/data/zhangpeiru/GARQ_revision/model.py:100: UserWarning: Deterministic behavior was enabled with either `torch.use_deterministic_algorithms(True)` or `at::Context::setDeterministicAlgorithms(true)`, but this operation is not deterministic because it uses CuBLAS and you have CUDA >= 10.2. To enable deterministic behavior in this case, you must set an environment variable before running your PyTorch application: CUBLAS_WORKSPACE_CONFIG=:4096:8 or CUBLAS_WORKSPACE_CONFIG=:16:8. For more information, go to https://docs.nvidia.com/cuda/cublas/index.html#cublasApi_reproducibility (Triggered internally at ../aten/src/ATen/Context.cpp:156.)
  e_q = torch.matmul(assignments, self.anchors.weight)
/data/zhangpeiru/GARQ_revision/model.py:121: UserWarning: cumsum_cuda_kernel does not have a deterministic implementation, but you set 'torch.use_deterministic_algorithms(True, warn_only=True)'. You can file an issue at https://github.com/pytorch/pytorch/issues to help us prioritize adding deterministic support for this operation. (Triggered internally at ../aten/src/ATen/Context.cpp:71.)
  dis_indices = torch.multinomial(
/data/zhangpeiru/GARQ_revision/data_utils.py:131: RuntimeWarning: Mean of empty slice.
  [data[meta_ids == i].mean(axis=0) for i in range(meta_ids.max() + 1)]
/home/zhangpeiru/.conda/envs/MetqQ2/lib/python3.11/site-packages/numpy/core/_methods.py:121: RuntimeWarning: divide by zero encountered in divide
  ret = um.true_divide(
/home/zhangpeiru/.conda/envs/MetqQ2/lib/python3.11/site-packages/numpy/core/_methods.py:121: RuntimeWarning: invalid value encountered in divide
  ret = um.true_divide(
/data/zhangpeiru/GARQ_revision/data_utils.py:140: UserWarning: The given NumPy array is not writable, and PyTorch does not support non-writable tensors. This means writing to this tensor will result in undefined behavior. You may want to copy the array to protect its data or make it writable before converting it to a tensor. This type of warning will be suppressed for the rest of this program. (Triggered internally at ../torch/csrc/utils/tensor_numpy.cpp:206.)
  type_int = torch.from_numpy(adata.obs[args.type_key].cat.codes.values).long()
/data/zhangpeiru/GARQ_revision/data_utils.py:131: RuntimeWarning: Mean of empty slice.
  [data[meta_ids == i].mean(axis=0) for i in range(meta_ids.max() + 1)]
/home/zhangpeiru/.conda/envs/MetqQ2/lib/python3.11/site-packages/numpy/core/_methods.py:121: RuntimeWarning: divide by zero encountered in divide
  ret = um.true_divide(
/home/zhangpeiru/.conda/envs/MetqQ2/lib/python3.11/site-packages/numpy/core/_methods.py:121: RuntimeWarning: invalid value encountered in divide
  ret = um.true_divide(
/home/zhangpeiru/.conda/envs/MetqQ2/lib/python3.11/site-packages/louvain/__init__.py:54: UserWarning: pkg_resources is deprecated as an API. See https://setuptools.pypa.io/en/latest/pkg_resources.html. The pkg_resources package is slated for removal as early as 2025-11-30. Refrain from using this package or pin to Setuptools<81.
  from pkg_resources import get_distribution, DistributionNotFound
/home/zhangpeiru/.conda/envs/MetqQ2/lib/python3.11/site-packages/anndata/utils.py:434: FutureWarning: Importing read_csv from `anndata` is deprecated. Import anndata.io.read_csv instead.
  warnings.warn(msg, FutureWarning)
/home/zhangpeiru/.conda/envs/MetqQ2/lib/python3.11/site-packages/anndata/utils.py:434: FutureWarning: Importing read_text from `anndata` is deprecated. Import anndata.io.read_text instead.
  warnings.warn(msg, FutureWarning)
/home/zhangpeiru/.conda/envs/MetqQ2/lib/python3.11/site-packages/anndata/utils.py:434: FutureWarning: Importing read_excel from `anndata` is deprecated. Import anndata.io.read_excel instead.
  warnings.warn(msg, FutureWarning)
/home/zhangpeiru/.conda/envs/MetqQ2/lib/python3.11/site-packages/anndata/utils.py:434: FutureWarning: Importing read_mtx from `anndata` is deprecated. Import anndata.io.read_mtx instead.
  warnings.warn(msg, FutureWarning)
/home/zhangpeiru/.conda/envs/MetqQ2/lib/python3.11/site-packages/anndata/utils.py:434: FutureWarning: Importing read_loom from `anndata` is deprecated. Import anndata.io.read_loom instead.
  warnings.warn(msg, FutureWarning)
/home/zhangpeiru/.conda/envs/MetqQ2/lib/python3.11/site-packages/anndata/utils.py:434: FutureWarning: Importing read_hdf from `anndata` is deprecated. Import anndata.io.read_hdf instead.
  warnings.warn(msg, FutureWarning)
/home/zhangpeiru/.conda/envs/MetqQ2/lib/python3.11/site-packages/anndata/utils.py:434: FutureWarning: Importing read_umi_tools from `anndata` is deprecated. Import anndata.io.read_umi_tools instead.
  warnings.warn(msg, FutureWarning)
/home/zhangpeiru/.conda/envs/MetqQ2/lib/python3.11/site-packages/scanpy/preprocessing/_highly_variable_genes.py:220: FutureWarning: The default of observed=False is deprecated and will be changed to True in a future version of pandas. Pass observed=False to retain current behavior or observed=True to adopt the future default and silence this warning.
  disp_grouped = df.groupby('mean_bin')['dispersions']
/home/zhangpeiru/.conda/envs/MetqQ2/lib/python3.11/site-packages/scanpy/preprocessing/_simple.py:843: UserWarning: Received a view of an AnnData. Making a copy.
  view_to_actual(adata)
=======Loading and Preprocessing Data=======
Data of 2 omics in total
revision_results/cache/subsets/D5_D5_rna_2000cells_seed1729.h5ad loaded with shape [2000, 1362]
revision_results/cache/subsets/D5_D5_adt_2000cells_seed1729.h5ad loaded with shape [2000, 189]
2026-08-29 16:59:51,814 INFO Loading faiss with AVX512 support.
2026-08-29 16:59:51,836 INFO Successfully loaded faiss with AVX512 support.
2026-08-29 16:59:51,840 INFO Failed to load GPU Faiss: name 'GpuIndexIVFFlat' is not defined. Will not load constructor refs for GPU indexes. This is only an error if you're trying to use GPU Faiss.
WARNING clustering 512 points to 40 centroids: please provide at least 1560 training points
GARQ Initialization completed.
/home/zhangpeiru/.conda/envs/MetqQ2/lib/python3.11/site-packages/torch/autograd/__init__.py:251: UserWarning: Deterministic behavior was enabled with either `torch.use_deterministic_algorithms(True)` or `at::Context::setDeterministicAlgorithms(true)`, but this operation is not deterministic because it uses CuBLAS and you have CUDA >= 10.2. To enable deterministic behavior in this case, you must set an environment variable before running your PyTorch application: CUBLAS_WORKSPACE_CONFIG=:4096:8 or CUBLAS_WORKSPACE_CONFIG=:16:8. For more information, go to https://docs.nvidia.com/cuda/cublas/index.html#cublasApi_reproducibility (Triggered internally at ../aten/src/ATen/Context.cpp:156.)
  Variable._execution_engine.run_backward(  # Calls into the C++ engine to run the backward pass
/home/zhangpeiru/.conda/envs/MetqQ2/lib/python3.11/site-packages/torch/autograd/__init__.py:251: UserWarning: Memory Efficient attention defaults to a non-deterministic algorithm. To explicitly enable determinism call torch.use_deterministic_algorithms(True, warn_only=False). (Triggered internally at ../aten/src/ATen/native/transformers/cuda/attention_backward.cu:413.)
  Variable._execution_engine.run_backward(  # Calls into the C++ engine to run the backward pass
Epoch 1, RNA: recon_loss=0.4788 , ADT: recon_loss=12.4123 
/home/zhangpeiru/.conda/envs/MetqQ2/lib/python3.11/site-packages/torch/functional.py:377: UserWarning: Deterministic behavior was enabled with either `torch.use_deterministic_algorithms(True)` or `at::Context::setDeterministicAlgorithms(true)`, but this operation is not deterministic because it uses CuBLAS and you have CUDA >= 10.2. To enable deterministic behavior in this case, you must set an environment variable before running your PyTorch application: CUBLAS_WORKSPACE_CONFIG=:4096:8 or CUBLAS_WORKSPACE_CONFIG=:16:8. For more information, go to https://docs.nvidia.com/cuda/cublas/index.html#cublasApi_reproducibility (Triggered internally at ../aten/src/ATen/Context.cpp:156.)
  return _VF.einsum(equation, operands)  # type: ignore[attr-defined]
/data/zhangpeiru/GARQ_revision/model.py:60: UserWarning: Deterministic behavior was enabled with either `torch.use_deterministic_algorithms(True)` or `at::Context::setDeterministicAlgorithms(true)`, but this operation is not deterministic because it uses CuBLAS and you have CUDA >= 10.2. To enable deterministic behavior in this case, you must set an environment variable before running your PyTorch application: CUBLAS_WORKSPACE_CONFIG=:4096:8 or CUBLAS_WORKSPACE_CONFIG=:16:8. For more information, go to https://docs.nvidia.com/cuda/cublas/index.html#cublasApi_reproducibility (Triggered internally at ../aten/src/ATen/Context.cpp:156.)
  cell_sim = torch.matmul(normed_e, normed_e.T)
/data/zhangpeiru/GARQ_revision/model.py:78: UserWarning: Deterministic behavior was enabled with either `torch.use_deterministic_algorithms(True)` or `at::Context::setDeterministicAlgorithms(true)`, but this operation is not deterministic because it uses CuBLAS and you have CUDA >= 10.2. To enable deterministic behavior in this case, you must set an environment variable before running your PyTorch application: CUBLAS_WORKSPACE_CONFIG=:4096:8 or CUBLAS_WORKSPACE_CONFIG=:16:8. For more information, go to https://docs.nvidia.com/cuda/cublas/index.html#cublasApi_reproducibility (Triggered internally at ../aten/src/ATen/Context.cpp:156.)
  smoothed_sim = torch.matmul(adj, raw_sim)
/data/zhangpeiru/GARQ_revision/model.py:100: UserWarning: Deterministic behavior was enabled with either `torch.use_deterministic_algorithms(True)` or `at::Context::setDeterministicAlgorithms(true)`, but this operation is not deterministic because it uses CuBLAS and you have CUDA >= 10.2. To enable deterministic behavior in this case, you must set an environment variable before running your PyTorch application: CUBLAS_WORKSPACE_CONFIG=:4096:8 or CUBLAS_WORKSPACE_CONFIG=:16:8. For more information, go to https://docs.nvidia.com/cuda/cublas/index.html#cublasApi_reproducibility (Triggered internally at ../aten/src/ATen/Context.cpp:156.)
  e_q = torch.matmul(assignments, self.anchors.weight)
/data/zhangpeiru/GARQ_revision/model.py:121: UserWarning: cumsum_cuda_kernel does not have a deterministic implementation, but you set 'torch.use_deterministic_algorithms(True, warn_only=True)'. You can file an issue at https://github.com/pytorch/pytorch/issues to help us prioritize adding deterministic support for this operation. (Triggered internally at ../aten/src/ATen/Context.cpp:71.)
  dis_indices = torch.multinomial(
/data/zhangpeiru/GARQ_revision/data_utils.py:131: RuntimeWarning: Mean of empty slice.
  [data[meta_ids == i].mean(axis=0) for i in range(meta_ids.max() + 1)]
/home/zhangpeiru/.conda/envs/MetqQ2/lib/python3.11/site-packages/numpy/core/_methods.py:121: RuntimeWarning: divide by zero encountered in divide
  ret = um.true_divide(
/home/zhangpeiru/.conda/envs/MetqQ2/lib/python3.11/site-packages/numpy/core/_methods.py:121: RuntimeWarning: invalid value encountered in divide
  ret = um.true_divide(
/data/zhangpeiru/GARQ_revision/data_utils.py:140: UserWarning: The given NumPy array is not writable, and PyTorch does not support non-writable tensors. This means writing to this tensor will result in undefined behavior. You may want to copy the array to protect its data or make it writable before converting it to a tensor. This type of warning will be suppressed for the rest of this program. (Triggered internally at ../torch/csrc/utils/tensor_numpy.cpp:206.)
  type_int = torch.from_numpy(adata.obs[args.type_key].cat.codes.values).long()
/data/zhangpeiru/GARQ_revision/data_utils.py:131: RuntimeWarning: Mean of empty slice.
  [data[meta_ids == i].mean(axis=0) for i in range(meta_ids.max() + 1)]
/home/zhangpeiru/.conda/envs/MetqQ2/lib/python3.11/site-packages/numpy/core/_methods.py:121: RuntimeWarning: divide by zero encountered in divide
  ret = um.true_divide(
/home/zhangpeiru/.conda/envs/MetqQ2/lib/python3.11/site-packages/numpy/core/_methods.py:121: RuntimeWarning: invalid value encountered in divide
  ret = um.true_divide(
/home/zhangpeiru/.conda/envs/MetqQ2/lib/python3.11/site-packages/louvain/__init__.py:54: UserWarning: pkg_resources is deprecated as an API. See https://setuptools.pypa.io/en/latest/pkg_resources.html. The pkg_resources package is slated for removal as early as 2025-11-30. Refrain from using this package or pin to Setuptools<81.
  from pkg_resources import get_distribution, DistributionNotFound
/home/zhangpeiru/.conda/envs/MetqQ2/lib/python3.11/site-packages/anndata/utils.py:434: FutureWarning: Importing read_csv from `anndata` is deprecated. Import anndata.io.read_csv instead.
  warnings.warn(msg, FutureWarning)
/home/zhangpeiru/.conda/envs/MetqQ2/lib/python3.11/site-packages/anndata/utils.py:434: FutureWarning: Importing read_text from `anndata` is deprecated. Import anndata.io.read_text instead.
  warnings.warn(msg, FutureWarning)
/home/zhangpeiru/.conda/envs/MetqQ2/lib/python3.11/site-packages/anndata/utils.py:434: FutureWarning: Importing read_excel from `anndata` is deprecated. Import anndata.io.read_excel instead.
  warnings.warn(msg, FutureWarning)
/home/zhangpeiru/.conda/envs/MetqQ2/lib/python3.11/site-packages/anndata/utils.py:434: FutureWarning: Importing read_mtx from `anndata` is deprecated. Import anndata.io.read_mtx instead.
  warnings.warn(msg, FutureWarning)
/home/zhangpeiru/.conda/envs/MetqQ2/lib/python3.11/site-packages/anndata/utils.py:434: FutureWarning: Importing read_loom from `anndata` is deprecated. Import anndata.io.read_loom instead.
  warnings.warn(msg, FutureWarning)
/home/zhangpeiru/.conda/envs/MetqQ2/lib/python3.11/site-packages/anndata/utils.py:434: FutureWarning: Importing read_hdf from `anndata` is deprecated. Import anndata.io.read_hdf instead.
  warnings.warn(msg, FutureWarning)
/home/zhangpeiru/.conda/envs/MetqQ2/lib/python3.11/site-packages/anndata/utils.py:434: FutureWarning: Importing read_umi_tools from `anndata` is deprecated. Import anndata.io.read_umi_tools instead.
  warnings.warn(msg, FutureWarning)
/home/zhangpeiru/.conda/envs/MetqQ2/lib/python3.11/site-packages/scanpy/preprocessing/_highly_variable_genes.py:220: FutureWarning: The default of observed=False is deprecated and will be changed to True in a future version of pandas. Pass observed=False to retain current behavior or observed=True to adopt the future default and silence this warning.
  disp_grouped = df.groupby('mean_bin')['dispersions']
/home/zhangpeiru/.conda/envs/MetqQ2/lib/python3.11/site-packages/scanpy/preprocessing/_simple.py:843: UserWarning: Received a view of an AnnData. Making a copy.
  view_to_actual(adata)
=======Loading and Preprocessing Data=======
Data of 2 omics in total
revision_results/cache/subsets/D5_D5_rna_2000cells_seed1729.h5ad loaded with shape [2000, 1362]
revision_results/cache/subsets/D5_D5_adt_2000cells_seed1729.h5ad loaded with shape [2000, 189]
2026-08-29 17:00:02,692 INFO Loading faiss with AVX512 support.
2026-08-29 17:00:02,714 INFO Successfully loaded faiss with AVX512 support.
2026-08-29 17:00:02,718 INFO Failed to load GPU Faiss: name 'GpuIndexIVFFlat' is not defined. Will not load constructor refs for GPU indexes. This is only an error if you're trying to use GPU Faiss.
WARNING clustering 512 points to 40 centroids: please provide at least 1560 training points
GARQ Initialization completed.
/home/zhangpeiru/.conda/envs/MetqQ2/lib/python3.11/site-packages/torch/autograd/__init__.py:251: UserWarning: Deterministic behavior was enabled with either `torch.use_deterministic_algorithms(True)` or `at::Context::setDeterministicAlgorithms(true)`, but this operation is not deterministic because it uses CuBLAS and you have CUDA >= 10.2. To enable deterministic behavior in this case, you must set an environment variable before running your PyTorch application: CUBLAS_WORKSPACE_CONFIG=:4096:8 or CUBLAS_WORKSPACE_CONFIG=:16:8. For more information, go to https://docs.nvidia.com/cuda/cublas/index.html#cublasApi_reproducibility (Triggered internally at ../aten/src/ATen/Context.cpp:156.)
  Variable._execution_engine.run_backward(  # Calls into the C++ engine to run the backward pass
/home/zhangpeiru/.conda/envs/MetqQ2/lib/python3.11/site-packages/torch/autograd/__init__.py:251: UserWarning: Memory Efficient attention defaults to a non-deterministic algorithm. To explicitly enable determinism call torch.use_deterministic_algorithms(True, warn_only=False). (Triggered internally at ../aten/src/ATen/native/transformers/cuda/attention_backward.cu:413.)
  Variable._execution_engine.run_backward(  # Calls into the C++ engine to run the backward pass
Epoch 1, RNA: recon_loss=0.4802 , ADT: recon_loss=12.8192 
/home/zhangpeiru/.conda/envs/MetqQ2/lib/python3.11/site-packages/torch/functional.py:377: UserWarning: Deterministic behavior was enabled with either `torch.use_deterministic_algorithms(True)` or `at::Context::setDeterministicAlgorithms(true)`, but this operation is not deterministic because it uses CuBLAS and you have CUDA >= 10.2. To enable deterministic behavior in this case, you must set an environment variable before running your PyTorch application: CUBLAS_WORKSPACE_CONFIG=:4096:8 or CUBLAS_WORKSPACE_CONFIG=:16:8. For more information, go to https://docs.nvidia.com/cuda/cublas/index.html#cublasApi_reproducibility (Triggered internally at ../aten/src/ATen/Context.cpp:156.)
  return _VF.einsum(equation, operands)  # type: ignore[attr-defined]
/data/zhangpeiru/GARQ_revision/model.py:60: UserWarning: Deterministic behavior was enabled with either `torch.use_deterministic_algorithms(True)` or `at::Context::setDeterministicAlgorithms(true)`, but this operation is not deterministic because it uses CuBLAS and you have CUDA >= 10.2. To enable deterministic behavior in this case, you must set an environment variable before running your PyTorch application: CUBLAS_WORKSPACE_CONFIG=:4096:8 or CUBLAS_WORKSPACE_CONFIG=:16:8. For more information, go to https://docs.nvidia.com/cuda/cublas/index.html#cublasApi_reproducibility (Triggered internally at ../aten/src/ATen/Context.cpp:156.)
  cell_sim = torch.matmul(normed_e, normed_e.T)
/data/zhangpeiru/GARQ_revision/model.py:78: UserWarning: Deterministic behavior was enabled with either `torch.use_deterministic_algorithms(True)` or `at::Context::setDeterministicAlgorithms(true)`, but this operation is not deterministic because it uses CuBLAS and you have CUDA >= 10.2. To enable deterministic behavior in this case, you must set an environment variable before running your PyTorch application: CUBLAS_WORKSPACE_CONFIG=:4096:8 or CUBLAS_WORKSPACE_CONFIG=:16:8. For more information, go to https://docs.nvidia.com/cuda/cublas/index.html#cublasApi_reproducibility (Triggered internally at ../aten/src/ATen/Context.cpp:156.)
  smoothed_sim = torch.matmul(adj, raw_sim)
/data/zhangpeiru/GARQ_revision/model.py:100: UserWarning: Deterministic behavior was enabled with either `torch.use_deterministic_algorithms(True)` or `at::Context::setDeterministicAlgorithms(true)`, but this operation is not deterministic because it uses CuBLAS and you have CUDA >= 10.2. To enable deterministic behavior in this case, you must set an environment variable before running your PyTorch application: CUBLAS_WORKSPACE_CONFIG=:4096:8 or CUBLAS_WORKSPACE_CONFIG=:16:8. For more information, go to https://docs.nvidia.com/cuda/cublas/index.html#cublasApi_reproducibility (Triggered internally at ../aten/src/ATen/Context.cpp:156.)
  e_q = torch.matmul(assignments, self.anchors.weight)
/data/zhangpeiru/GARQ_revision/model.py:121: UserWarning: cumsum_cuda_kernel does not have a deterministic implementation, but you set 'torch.use_deterministic_algorithms(True, warn_only=True)'. You can file an issue at https://github.com/pytorch/pytorch/issues to help us prioritize adding deterministic support for this operation. (Triggered internally at ../aten/src/ATen/Context.cpp:71.)
  dis_indices = torch.multinomial(
/data/zhangpeiru/GARQ_revision/data_utils.py:131: RuntimeWarning: Mean of empty slice.
  [data[meta_ids == i].mean(axis=0) for i in range(meta_ids.max() + 1)]
/home/zhangpeiru/.conda/envs/MetqQ2/lib/python3.11/site-packages/numpy/core/_methods.py:121: RuntimeWarning: divide by zero encountered in divide
  ret = um.true_divide(
/home/zhangpeiru/.conda/envs/MetqQ2/lib/python3.11/site-packages/numpy/core/_methods.py:121: RuntimeWarning: invalid value encountered in divide
  ret = um.true_divide(
/data/zhangpeiru/GARQ_revision/data_utils.py:140: UserWarning: The given NumPy array is not writable, and PyTorch does not support non-writable tensors. This means writing to this tensor will result in undefined behavior. You may want to copy the array to protect its data or make it writable before converting it to a tensor. This type of warning will be suppressed for the rest of this program. (Triggered internally at ../torch/csrc/utils/tensor_numpy.cpp:206.)
  type_int = torch.from_numpy(adata.obs[args.type_key].cat.codes.values).long()
/data/zhangpeiru/GARQ_revision/data_utils.py:131: RuntimeWarning: Mean of empty slice.
  [data[meta_ids == i].mean(axis=0) for i in range(meta_ids.max() + 1)]
/home/zhangpeiru/.conda/envs/MetqQ2/lib/python3.11/site-packages/numpy/core/_methods.py:121: RuntimeWarning: divide by zero encountered in divide
  ret = um.true_divide(
/home/zhangpeiru/.conda/envs/MetqQ2/lib/python3.11/site-packages/numpy/core/_methods.py:121: RuntimeWarning: invalid value encountered in divide
  ret = um.true_divide(
/home/zhangpeiru/.conda/envs/MetqQ2/lib/python3.11/site-packages/louvain/__init__.py:54: UserWarning: pkg_resources is deprecated as an API. See https://setuptools.pypa.io/en/latest/pkg_resources.html. The pkg_resources package is slated for removal as early as 2025-11-30. Refrain from using this package or pin to Setuptools<81.
  from pkg_resources import get_distribution, DistributionNotFound
/home/zhangpeiru/.conda/envs/MetqQ2/lib/python3.11/site-packages/anndata/utils.py:434: FutureWarning: Importing read_csv from `anndata` is deprecated. Import anndata.io.read_csv instead.
  warnings.warn(msg, FutureWarning)
/home/zhangpeiru/.conda/envs/MetqQ2/lib/python3.11/site-packages/anndata/utils.py:434: FutureWarning: Importing read_text from `anndata` is deprecated. Import anndata.io.read_text instead.
  warnings.warn(msg, FutureWarning)
/home/zhangpeiru/.conda/envs/MetqQ2/lib/python3.11/site-packages/anndata/utils.py:434: FutureWarning: Importing read_excel from `anndata` is deprecated. Import anndata.io.read_excel instead.
  warnings.warn(msg, FutureWarning)
/home/zhangpeiru/.conda/envs/MetqQ2/lib/python3.11/site-packages/anndata/utils.py:434: FutureWarning: Importing read_mtx from `anndata` is deprecated. Import anndata.io.read_mtx instead.
  warnings.warn(msg, FutureWarning)
/home/zhangpeiru/.conda/envs/MetqQ2/lib/python3.11/site-packages/anndata/utils.py:434: FutureWarning: Importing read_loom from `anndata` is deprecated. Import anndata.io.read_loom instead.
  warnings.warn(msg, FutureWarning)
/home/zhangpeiru/.conda/envs/MetqQ2/lib/python3.11/site-packages/anndata/utils.py:434: FutureWarning: Importing read_hdf from `anndata` is deprecated. Import anndata.io.read_hdf instead.
  warnings.warn(msg, FutureWarning)
/home/zhangpeiru/.conda/envs/MetqQ2/lib/python3.11/site-packages/anndata/utils.py:434: FutureWarning: Importing read_umi_tools from `anndata` is deprecated. Import anndata.io.read_umi_tools instead.
  warnings.warn(msg, FutureWarning)
/home/zhangpeiru/.conda/envs/MetqQ2/lib/python3.11/site-packages/scanpy/preprocessing/_highly_variable_genes.py:220: FutureWarning: The default of observed=False is deprecated and will be changed to True in a future version of pandas. Pass observed=False to retain current behavior or observed=True to adopt the future default and silence this warning.
  disp_grouped = df.groupby('mean_bin')['dispersions']
/home/zhangpeiru/.conda/envs/MetqQ2/lib/python3.11/site-packages/scanpy/preprocessing/_simple.py:843: UserWarning: Received a view of an AnnData. Making a copy.
  view_to_actual(adata)
=======Loading and Preprocessing Data=======
Data of 2 omics in total
revision_results/cache/subsets/D5_D5_rna_2000cells_seed1729.h5ad loaded with shape [2000, 1362]
revision_results/cache/subsets/D5_D5_adt_2000cells_seed1729.h5ad loaded with shape [2000, 189]
2026-08-29 17:00:13,268 INFO Loading faiss with AVX512 support.
2026-08-29 17:00:13,290 INFO Successfully loaded faiss with AVX512 support.
2026-08-29 17:00:13,295 INFO Failed to load GPU Faiss: name 'GpuIndexIVFFlat' is not defined. Will not load constructor refs for GPU indexes. This is only an error if you're trying to use GPU Faiss.
WARNING clustering 512 points to 40 centroids: please provide at least 1560 training points
GARQ Initialization completed.
/home/zhangpeiru/.conda/envs/MetqQ2/lib/python3.11/site-packages/torch/autograd/__init__.py:251: UserWarning: Deterministic behavior was enabled with either `torch.use_deterministic_algorithms(True)` or `at::Context::setDeterministicAlgorithms(true)`, but this operation is not deterministic because it uses CuBLAS and you have CUDA >= 10.2. To enable deterministic behavior in this case, you must set an environment variable before running your PyTorch application: CUBLAS_WORKSPACE_CONFIG=:4096:8 or CUBLAS_WORKSPACE_CONFIG=:16:8. For more information, go to https://docs.nvidia.com/cuda/cublas/index.html#cublasApi_reproducibility (Triggered internally at ../aten/src/ATen/Context.cpp:156.)
  Variable._execution_engine.run_backward(  # Calls into the C++ engine to run the backward pass
/home/zhangpeiru/.conda/envs/MetqQ2/lib/python3.11/site-packages/torch/autograd/__init__.py:251: UserWarning: Memory Efficient attention defaults to a non-deterministic algorithm. To explicitly enable determinism call torch.use_deterministic_algorithms(True, warn_only=False). (Triggered internally at ../aten/src/ATen/native/transformers/cuda/attention_backward.cu:413.)
  Variable._execution_engine.run_backward(  # Calls into the C++ engine to run the backward pass
Epoch 1, RNA: recon_loss=0.4820 , ADT: recon_loss=13.6758 
/home/zhangpeiru/.conda/envs/MetqQ2/lib/python3.11/site-packages/torch/functional.py:377: UserWarning: Deterministic behavior was enabled with either `torch.use_deterministic_algorithms(True)` or `at::Context::setDeterministicAlgorithms(true)`, but this operation is not deterministic because it uses CuBLAS and you have CUDA >= 10.2. To enable deterministic behavior in this case, you must set an environment variable before running your PyTorch application: CUBLAS_WORKSPACE_CONFIG=:4096:8 or CUBLAS_WORKSPACE_CONFIG=:16:8. For more information, go to https://docs.nvidia.com/cuda/cublas/index.html#cublasApi_reproducibility (Triggered internally at ../aten/src/ATen/Context.cpp:156.)
  return _VF.einsum(equation, operands)  # type: ignore[attr-defined]
/data/zhangpeiru/GARQ_revision/model.py:60: UserWarning: Deterministic behavior was enabled with either `torch.use_deterministic_algorithms(True)` or `at::Context::setDeterministicAlgorithms(true)`, but this operation is not deterministic because it uses CuBLAS and you have CUDA >= 10.2. To enable deterministic behavior in this case, you must set an environment variable before running your PyTorch application: CUBLAS_WORKSPACE_CONFIG=:4096:8 or CUBLAS_WORKSPACE_CONFIG=:16:8. For more information, go to https://docs.nvidia.com/cuda/cublas/index.html#cublasApi_reproducibility (Triggered internally at ../aten/src/ATen/Context.cpp:156.)
  cell_sim = torch.matmul(normed_e, normed_e.T)
/data/zhangpeiru/GARQ_revision/model.py:78: UserWarning: Deterministic behavior was enabled with either `torch.use_deterministic_algorithms(True)` or `at::Context::setDeterministicAlgorithms(true)`, but this operation is not deterministic because it uses CuBLAS and you have CUDA >= 10.2. To enable deterministic behavior in this case, you must set an environment variable before running your PyTorch application: CUBLAS_WORKSPACE_CONFIG=:4096:8 or CUBLAS_WORKSPACE_CONFIG=:16:8. For more information, go to https://docs.nvidia.com/cuda/cublas/index.html#cublasApi_reproducibility (Triggered internally at ../aten/src/ATen/Context.cpp:156.)
  smoothed_sim = torch.matmul(adj, raw_sim)
/data/zhangpeiru/GARQ_revision/model.py:100: UserWarning: Deterministic behavior was enabled with either `torch.use_deterministic_algorithms(True)` or `at::Context::setDeterministicAlgorithms(true)`, but this operation is not deterministic because it uses CuBLAS and you have CUDA >= 10.2. To enable deterministic behavior in this case, you must set an environment variable before running your PyTorch application: CUBLAS_WORKSPACE_CONFIG=:4096:8 or CUBLAS_WORKSPACE_CONFIG=:16:8. For more information, go to https://docs.nvidia.com/cuda/cublas/index.html#cublasApi_reproducibility (Triggered internally at ../aten/src/ATen/Context.cpp:156.)
  e_q = torch.matmul(assignments, self.anchors.weight)
/data/zhangpeiru/GARQ_revision/model.py:121: UserWarning: cumsum_cuda_kernel does not have a deterministic implementation, but you set 'torch.use_deterministic_algorithms(True, warn_only=True)'. You can file an issue at https://github.com/pytorch/pytorch/issues to help us prioritize adding deterministic support for this operation. (Triggered internally at ../aten/src/ATen/Context.cpp:71.)
  dis_indices = torch.multinomial(
/data/zhangpeiru/GARQ_revision/data_utils.py:131: RuntimeWarning: Mean of empty slice.
  [data[meta_ids == i].mean(axis=0) for i in range(meta_ids.max() + 1)]
/home/zhangpeiru/.conda/envs/MetqQ2/lib/python3.11/site-packages/numpy/core/_methods.py:121: RuntimeWarning: divide by zero encountered in divide
  ret = um.true_divide(
/home/zhangpeiru/.conda/envs/MetqQ2/lib/python3.11/site-packages/numpy/core/_methods.py:121: RuntimeWarning: invalid value encountered in divide
  ret = um.true_divide(
/data/zhangpeiru/GARQ_revision/data_utils.py:140: UserWarning: The given NumPy array is not writable, and PyTorch does not support non-writable tensors. This means writing to this tensor will result in undefined behavior. You may want to copy the array to protect its data or make it writable before converting it to a tensor. This type of warning will be suppressed for the rest of this program. (Triggered internally at ../torch/csrc/utils/tensor_numpy.cpp:206.)
  type_int = torch.from_numpy(adata.obs[args.type_key].cat.codes.values).long()
/data/zhangpeiru/GARQ_revision/data_utils.py:131: RuntimeWarning: Mean of empty slice.
  [data[meta_ids == i].mean(axis=0) for i in range(meta_ids.max() + 1)]
/home/zhangpeiru/.conda/envs/MetqQ2/lib/python3.11/site-packages/numpy/core/_methods.py:121: RuntimeWarning: divide by zero encountered in divide
  ret = um.true_divide(
/home/zhangpeiru/.conda/envs/MetqQ2/lib/python3.11/site-packages/numpy/core/_methods.py:121: RuntimeWarning: invalid value encountered in divide
  ret = um.true_divide(
/home/zhangpeiru/.conda/envs/MetqQ2/lib/python3.11/site-packages/louvain/__init__.py:54: UserWarning: pkg_resources is deprecated as an API. See https://setuptools.pypa.io/en/latest/pkg_resources.html. The pkg_resources package is slated for removal as early as 2025-11-30. Refrain from using this package or pin to Setuptools<81.
  from pkg_resources import get_distribution, DistributionNotFound
/home/zhangpeiru/.conda/envs/MetqQ2/lib/python3.11/site-packages/anndata/utils.py:434: FutureWarning: Importing read_csv from `anndata` is deprecated. Import anndata.io.read_csv instead.
  warnings.warn(msg, FutureWarning)
/home/zhangpeiru/.conda/envs/MetqQ2/lib/python3.11/site-packages/anndata/utils.py:434: FutureWarning: Importing read_text from `anndata` is deprecated. Import anndata.io.read_text instead.
  warnings.warn(msg, FutureWarning)
/home/zhangpeiru/.conda/envs/MetqQ2/lib/python3.11/site-packages/anndata/utils.py:434: FutureWarning: Importing read_excel from `anndata` is deprecated. Import anndata.io.read_excel instead.
  warnings.warn(msg, FutureWarning)
/home/zhangpeiru/.conda/envs/MetqQ2/lib/python3.11/site-packages/anndata/utils.py:434: FutureWarning: Importing read_mtx from `anndata` is deprecated. Import anndata.io.read_mtx instead.
  warnings.warn(msg, FutureWarning)
/home/zhangpeiru/.conda/envs/MetqQ2/lib/python3.11/site-packages/anndata/utils.py:434: FutureWarning: Importing read_loom from `anndata` is deprecated. Import anndata.io.read_loom instead.
  warnings.warn(msg, FutureWarning)
/home/zhangpeiru/.conda/envs/MetqQ2/lib/python3.11/site-packages/anndata/utils.py:434: FutureWarning: Importing read_hdf from `anndata` is deprecated. Import anndata.io.read_hdf instead.
  warnings.warn(msg, FutureWarning)
/home/zhangpeiru/.conda/envs/MetqQ2/lib/python3.11/site-packages/anndata/utils.py:434: FutureWarning: Importing read_umi_tools from `anndata` is deprecated. Import anndata.io.read_umi_tools instead.
  warnings.warn(msg, FutureWarning)
/home/zhangpeiru/.conda/envs/MetqQ2/lib/python3.11/site-packages/scanpy/preprocessing/_highly_variable_genes.py:220: FutureWarning: The default of observed=False is deprecated and will be changed to True in a future version of pandas. Pass observed=False to retain current behavior or observed=True to adopt the future default and silence this warning.
  disp_grouped = df.groupby('mean_bin')['dispersions']
/home/zhangpeiru/.conda/envs/MetqQ2/lib/python3.11/site-packages/scanpy/preprocessing/_simple.py:843: UserWarning: Received a view of an AnnData. Making a copy.
  view_to_actual(adata)
=======Loading and Preprocessing Data=======
Data of 2 omics in total
revision_results/cache/subsets/D5_D5_rna_2000cells_seed1729.h5ad loaded with shape [2000, 1362]
revision_results/cache/subsets/D5_D5_adt_2000cells_seed1729.h5ad loaded with shape [2000, 189]
2026-08-29 17:00:24,949 INFO Loading faiss with AVX512 support.
2026-08-29 17:00:24,971 INFO Successfully loaded faiss with AVX512 support.
2026-08-29 17:00:24,975 INFO Failed to load GPU Faiss: name 'GpuIndexIVFFlat' is not defined. Will not load constructor refs for GPU indexes. This is only an error if you're trying to use GPU Faiss.
WARNING clustering 512 points to 40 centroids: please provide at least 1560 training points
GARQ Initialization completed.
/home/zhangpeiru/.conda/envs/MetqQ2/lib/python3.11/site-packages/torch/autograd/__init__.py:251: UserWarning: Deterministic behavior was enabled with either `torch.use_deterministic_algorithms(True)` or `at::Context::setDeterministicAlgorithms(true)`, but this operation is not deterministic because it uses CuBLAS and you have CUDA >= 10.2. To enable deterministic behavior in this case, you must set an environment variable before running your PyTorch application: CUBLAS_WORKSPACE_CONFIG=:4096:8 or CUBLAS_WORKSPACE_CONFIG=:16:8. For more information, go to https://docs.nvidia.com/cuda/cublas/index.html#cublasApi_reproducibility (Triggered internally at ../aten/src/ATen/Context.cpp:156.)
  Variable._execution_engine.run_backward(  # Calls into the C++ engine to run the backward pass
/home/zhangpeiru/.conda/envs/MetqQ2/lib/python3.11/site-packages/torch/autograd/__init__.py:251: UserWarning: Memory Efficient attention defaults to a non-deterministic algorithm. To explicitly enable determinism call torch.use_deterministic_algorithms(True, warn_only=False). (Triggered internally at ../aten/src/ATen/native/transformers/cuda/attention_backward.cu:413.)
  Variable._execution_engine.run_backward(  # Calls into the C++ engine to run the backward pass
Epoch 1, RNA: recon_loss=0.4786 , ADT: recon_loss=12.2086 
/home/zhangpeiru/.conda/envs/MetqQ2/lib/python3.11/site-packages/torch/functional.py:377: UserWarning: Deterministic behavior was enabled with either `torch.use_deterministic_algorithms(True)` or `at::Context::setDeterministicAlgorithms(true)`, but this operation is not deterministic because it uses CuBLAS and you have CUDA >= 10.2. To enable deterministic behavior in this case, you must set an environment variable before running your PyTorch application: CUBLAS_WORKSPACE_CONFIG=:4096:8 or CUBLAS_WORKSPACE_CONFIG=:16:8. For more information, go to https://docs.nvidia.com/cuda/cublas/index.html#cublasApi_reproducibility (Triggered internally at ../aten/src/ATen/Context.cpp:156.)
  return _VF.einsum(equation, operands)  # type: ignore[attr-defined]
/data/zhangpeiru/GARQ_revision/model.py:60: UserWarning: Deterministic behavior was enabled with either `torch.use_deterministic_algorithms(True)` or `at::Context::setDeterministicAlgorithms(true)`, but this operation is not deterministic because it uses CuBLAS and you have CUDA >= 10.2. To enable deterministic behavior in this case, you must set an environment variable before running your PyTorch application: CUBLAS_WORKSPACE_CONFIG=:4096:8 or CUBLAS_WORKSPACE_CONFIG=:16:8. For more information, go to https://docs.nvidia.com/cuda/cublas/index.html#cublasApi_reproducibility (Triggered internally at ../aten/src/ATen/Context.cpp:156.)
  cell_sim = torch.matmul(normed_e, normed_e.T)
/data/zhangpeiru/GARQ_revision/model.py:78: UserWarning: Deterministic behavior was enabled with either `torch.use_deterministic_algorithms(True)` or `at::Context::setDeterministicAlgorithms(true)`, but this operation is not deterministic because it uses CuBLAS and you have CUDA >= 10.2. To enable deterministic behavior in this case, you must set an environment variable before running your PyTorch application: CUBLAS_WORKSPACE_CONFIG=:4096:8 or CUBLAS_WORKSPACE_CONFIG=:16:8. For more information, go to https://docs.nvidia.com/cuda/cublas/index.html#cublasApi_reproducibility (Triggered internally at ../aten/src/ATen/Context.cpp:156.)
  smoothed_sim = torch.matmul(adj, raw_sim)
/data/zhangpeiru/GARQ_revision/model.py:100: UserWarning: Deterministic behavior was enabled with either `torch.use_deterministic_algorithms(True)` or `at::Context::setDeterministicAlgorithms(true)`, but this operation is not deterministic because it uses CuBLAS and you have CUDA >= 10.2. To enable deterministic behavior in this case, you must set an environment variable before running your PyTorch application: CUBLAS_WORKSPACE_CONFIG=:4096:8 or CUBLAS_WORKSPACE_CONFIG=:16:8. For more information, go to https://docs.nvidia.com/cuda/cublas/index.html#cublasApi_reproducibility (Triggered internally at ../aten/src/ATen/Context.cpp:156.)
  e_q = torch.matmul(assignments, self.anchors.weight)
/data/zhangpeiru/GARQ_revision/model.py:121: UserWarning: cumsum_cuda_kernel does not have a deterministic implementation, but you set 'torch.use_deterministic_algorithms(True, warn_only=True)'. You can file an issue at https://github.com/pytorch/pytorch/issues to help us prioritize adding deterministic support for this operation. (Triggered internally at ../aten/src/ATen/Context.cpp:71.)
  dis_indices = torch.multinomial(
/data/zhangpeiru/GARQ_revision/data_utils.py:131: RuntimeWarning: Mean of empty slice.
  [data[meta_ids == i].mean(axis=0) for i in range(meta_ids.max() + 1)]
/home/zhangpeiru/.conda/envs/MetqQ2/lib/python3.11/site-packages/numpy/core/_methods.py:121: RuntimeWarning: divide by zero encountered in divide
  ret = um.true_divide(
/home/zhangpeiru/.conda/envs/MetqQ2/lib/python3.11/site-packages/numpy/core/_methods.py:121: RuntimeWarning: invalid value encountered in divide
  ret = um.true_divide(
/data/zhangpeiru/GARQ_revision/data_utils.py:140: UserWarning: The given NumPy array is not writable, and PyTorch does not support non-writable tensors. This means writing to this tensor will result in undefined behavior. You may want to copy the array to protect its data or make it writable before converting it to a tensor. This type of warning will be suppressed for the rest of this program. (Triggered internally at ../torch/csrc/utils/tensor_numpy.cpp:206.)
  type_int = torch.from_numpy(adata.obs[args.type_key].cat.codes.values).long()
/data/zhangpeiru/GARQ_revision/data_utils.py:131: RuntimeWarning: Mean of empty slice.
  [data[meta_ids == i].mean(axis=0) for i in range(meta_ids.max() + 1)]
/home/zhangpeiru/.conda/envs/MetqQ2/lib/python3.11/site-packages/numpy/core/_methods.py:121: RuntimeWarning: divide by zero encountered in divide
  ret = um.true_divide(
/home/zhangpeiru/.conda/envs/MetqQ2/lib/python3.11/site-packages/numpy/core/_methods.py:121: RuntimeWarning: invalid value encountered in divide
  ret = um.true_divide(
/home/zhangpeiru/.conda/envs/MetqQ2/lib/python3.11/site-packages/louvain/__init__.py:54: UserWarning: pkg_resources is deprecated as an API. See https://setuptools.pypa.io/en/latest/pkg_resources.html. The pkg_resources package is slated for removal as early as 2025-11-30. Refrain from using this package or pin to Setuptools<81.
  from pkg_resources import get_distribution, DistributionNotFound
/home/zhangpeiru/.conda/envs/MetqQ2/lib/python3.11/site-packages/anndata/utils.py:434: FutureWarning: Importing read_csv from `anndata` is deprecated. Import anndata.io.read_csv instead.
  warnings.warn(msg, FutureWarning)
/home/zhangpeiru/.conda/envs/MetqQ2/lib/python3.11/site-packages/anndata/utils.py:434: FutureWarning: Importing read_text from `anndata` is deprecated. Import anndata.io.read_text instead.
  warnings.warn(msg, FutureWarning)
/home/zhangpeiru/.conda/envs/MetqQ2/lib/python3.11/site-packages/anndata/utils.py:434: FutureWarning: Importing read_excel from `anndata` is deprecated. Import anndata.io.read_excel instead.
  warnings.warn(msg, FutureWarning)
/home/zhangpeiru/.conda/envs/MetqQ2/lib/python3.11/site-packages/anndata/utils.py:434: FutureWarning: Importing read_mtx from `anndata` is deprecated. Import anndata.io.read_mtx instead.
  warnings.warn(msg, FutureWarning)
/home/zhangpeiru/.conda/envs/MetqQ2/lib/python3.11/site-packages/anndata/utils.py:434: FutureWarning: Importing read_loom from `anndata` is deprecated. Import anndata.io.read_loom instead.
  warnings.warn(msg, FutureWarning)
/home/zhangpeiru/.conda/envs/MetqQ2/lib/python3.11/site-packages/anndata/utils.py:434: FutureWarning: Importing read_hdf from `anndata` is deprecated. Import anndata.io.read_hdf instead.
  warnings.warn(msg, FutureWarning)
/home/zhangpeiru/.conda/envs/MetqQ2/lib/python3.11/site-packages/anndata/utils.py:434: FutureWarning: Importing read_umi_tools from `anndata` is deprecated. Import anndata.io.read_umi_tools instead.
  warnings.warn(msg, FutureWarning)
/home/zhangpeiru/.conda/envs/MetqQ2/lib/python3.11/site-packages/scanpy/preprocessing/_highly_variable_genes.py:220: FutureWarning: The default of observed=False is deprecated and will be changed to True in a future version of pandas. Pass observed=False to retain current behavior or observed=True to adopt the future default and silence this warning.
  disp_grouped = df.groupby('mean_bin')['dispersions']
/home/zhangpeiru/.conda/envs/MetqQ2/lib/python3.11/site-packages/scanpy/preprocessing/_simple.py:843: UserWarning: Received a view of an AnnData. Making a copy.
  view_to_actual(adata)
=======Loading and Preprocessing Data=======
Data of 2 omics in total
revision_results/cache/subsets/D5_D5_rna_2000cells_seed1729.h5ad loaded with shape [2000, 1362]
revision_results/cache/subsets/D5_D5_adt_2000cells_seed1729.h5ad loaded with shape [2000, 189]
2026-08-29 17:00:35,911 INFO Loading faiss with AVX512 support.
2026-08-29 17:00:35,929 INFO Successfully loaded faiss with AVX512 support.
2026-08-29 17:00:35,932 INFO Failed to load GPU Faiss: name 'GpuIndexIVFFlat' is not defined. Will not load constructor refs for GPU indexes. This is only an error if you're trying to use GPU Faiss.
WARNING clustering 512 points to 40 centroids: please provide at least 1560 training points
GARQ Initialization completed.
/home/zhangpeiru/.conda/envs/MetqQ2/lib/python3.11/site-packages/torch/autograd/__init__.py:251: UserWarning: Deterministic behavior was enabled with either `torch.use_deterministic_algorithms(True)` or `at::Context::setDeterministicAlgorithms(true)`, but this operation is not deterministic because it uses CuBLAS and you have CUDA >= 10.2. To enable deterministic behavior in this case, you must set an environment variable before running your PyTorch application: CUBLAS_WORKSPACE_CONFIG=:4096:8 or CUBLAS_WORKSPACE_CONFIG=:16:8. For more information, go to https://docs.nvidia.com/cuda/cublas/index.html#cublasApi_reproducibility (Triggered internally at ../aten/src/ATen/Context.cpp:156.)
  Variable._execution_engine.run_backward(  # Calls into the C++ engine to run the backward pass
/home/zhangpeiru/.conda/envs/MetqQ2/lib/python3.11/site-packages/torch/autograd/__init__.py:251: UserWarning: Memory Efficient attention defaults to a non-deterministic algorithm. To explicitly enable determinism call torch.use_deterministic_algorithms(True, warn_only=False). (Triggered internally at ../aten/src/ATen/native/transformers/cuda/attention_backward.cu:413.)
  Variable._execution_engine.run_backward(  # Calls into the C++ engine to run the backward pass
Epoch 1, RNA: recon_loss=0.4788 , ADT: recon_loss=12.4123 
/home/zhangpeiru/.conda/envs/MetqQ2/lib/python3.11/site-packages/torch/functional.py:377: UserWarning: Deterministic behavior was enabled with either `torch.use_deterministic_algorithms(True)` or `at::Context::setDeterministicAlgorithms(true)`, but this operation is not deterministic because it uses CuBLAS and you have CUDA >= 10.2. To enable deterministic behavior in this case, you must set an environment variable before running your PyTorch application: CUBLAS_WORKSPACE_CONFIG=:4096:8 or CUBLAS_WORKSPACE_CONFIG=:16:8. For more information, go to https://docs.nvidia.com/cuda/cublas/index.html#cublasApi_reproducibility (Triggered internally at ../aten/src/ATen/Context.cpp:156.)
  return _VF.einsum(equation, operands)  # type: ignore[attr-defined]
/data/zhangpeiru/GARQ_revision/model.py:60: UserWarning: Deterministic behavior was enabled with either `torch.use_deterministic_algorithms(True)` or `at::Context::setDeterministicAlgorithms(true)`, but this operation is not deterministic because it uses CuBLAS and you have CUDA >= 10.2. To enable deterministic behavior in this case, you must set an environment variable before running your PyTorch application: CUBLAS_WORKSPACE_CONFIG=:4096:8 or CUBLAS_WORKSPACE_CONFIG=:16:8. For more information, go to https://docs.nvidia.com/cuda/cublas/index.html#cublasApi_reproducibility (Triggered internally at ../aten/src/ATen/Context.cpp:156.)
  cell_sim = torch.matmul(normed_e, normed_e.T)
/data/zhangpeiru/GARQ_revision/model.py:78: UserWarning: Deterministic behavior was enabled with either `torch.use_deterministic_algorithms(True)` or `at::Context::setDeterministicAlgorithms(true)`, but this operation is not deterministic because it uses CuBLAS and you have CUDA >= 10.2. To enable deterministic behavior in this case, you must set an environment variable before running your PyTorch application: CUBLAS_WORKSPACE_CONFIG=:4096:8 or CUBLAS_WORKSPACE_CONFIG=:16:8. For more information, go to https://docs.nvidia.com/cuda/cublas/index.html#cublasApi_reproducibility (Triggered internally at ../aten/src/ATen/Context.cpp:156.)
  smoothed_sim = torch.matmul(adj, raw_sim)
/data/zhangpeiru/GARQ_revision/model.py:100: UserWarning: Deterministic behavior was enabled with either `torch.use_deterministic_algorithms(True)` or `at::Context::setDeterministicAlgorithms(true)`, but this operation is not deterministic because it uses CuBLAS and you have CUDA >= 10.2. To enable deterministic behavior in this case, you must set an environment variable before running your PyTorch application: CUBLAS_WORKSPACE_CONFIG=:4096:8 or CUBLAS_WORKSPACE_CONFIG=:16:8. For more information, go to https://docs.nvidia.com/cuda/cublas/index.html#cublasApi_reproducibility (Triggered internally at ../aten/src/ATen/Context.cpp:156.)
  e_q = torch.matmul(assignments, self.anchors.weight)
/data/zhangpeiru/GARQ_revision/model.py:121: UserWarning: cumsum_cuda_kernel does not have a deterministic implementation, but you set 'torch.use_deterministic_algorithms(True, warn_only=True)'. You can file an issue at https://github.com/pytorch/pytorch/issues to help us prioritize adding deterministic support for this operation. (Triggered internally at ../aten/src/ATen/Context.cpp:71.)
  dis_indices = torch.multinomial(
/data/zhangpeiru/GARQ_revision/data_utils.py:131: RuntimeWarning: Mean of empty slice.
  [data[meta_ids == i].mean(axis=0) for i in range(meta_ids.max() + 1)]
/home/zhangpeiru/.conda/envs/MetqQ2/lib/python3.11/site-packages/numpy/core/_methods.py:121: RuntimeWarning: divide by zero encountered in divide
  ret = um.true_divide(
/home/zhangpeiru/.conda/envs/MetqQ2/lib/python3.11/site-packages/numpy/core/_methods.py:121: RuntimeWarning: invalid value encountered in divide
  ret = um.true_divide(
/data/zhangpeiru/GARQ_revision/data_utils.py:140: UserWarning: The given NumPy array is not writable, and PyTorch does not support non-writable tensors. This means writing to this tensor will result in undefined behavior. You may want to copy the array to protect its data or make it writable before converting it to a tensor. This type of warning will be suppressed for the rest of this program. (Triggered internally at ../torch/csrc/utils/tensor_numpy.cpp:206.)
  type_int = torch.from_numpy(adata.obs[args.type_key].cat.codes.values).long()
/data/zhangpeiru/GARQ_revision/data_utils.py:131: RuntimeWarning: Mean of empty slice.
  [data[meta_ids == i].mean(axis=0) for i in range(meta_ids.max() + 1)]
/home/zhangpeiru/.conda/envs/MetqQ2/lib/python3.11/site-packages/numpy/core/_methods.py:121: RuntimeWarning: divide by zero encountered in divide
  ret = um.true_divide(
/home/zhangpeiru/.conda/envs/MetqQ2/lib/python3.11/site-packages/numpy/core/_methods.py:121: RuntimeWarning: invalid value encountered in divide
  ret = um.true_divide(
/home/zhangpeiru/.conda/envs/MetqQ2/lib/python3.11/site-packages/louvain/__init__.py:54: UserWarning: pkg_resources is deprecated as an API. See https://setuptools.pypa.io/en/latest/pkg_resources.html. The pkg_resources package is slated for removal as early as 2025-11-30. Refrain from using this package or pin to Setuptools<81.
  from pkg_resources import get_distribution, DistributionNotFound
/home/zhangpeiru/.conda/envs/MetqQ2/lib/python3.11/site-packages/anndata/utils.py:434: FutureWarning: Importing read_csv from `anndata` is deprecated. Import anndata.io.read_csv instead.
  warnings.warn(msg, FutureWarning)
/home/zhangpeiru/.conda/envs/MetqQ2/lib/python3.11/site-packages/anndata/utils.py:434: FutureWarning: Importing read_text from `anndata` is deprecated. Import anndata.io.read_text instead.
  warnings.warn(msg, FutureWarning)
/home/zhangpeiru/.conda/envs/MetqQ2/lib/python3.11/site-packages/anndata/utils.py:434: FutureWarning: Importing read_excel from `anndata` is deprecated. Import anndata.io.read_excel instead.
  warnings.warn(msg, FutureWarning)
/home/zhangpeiru/.conda/envs/MetqQ2/lib/python3.11/site-packages/anndata/utils.py:434: FutureWarning: Importing read_mtx from `anndata` is deprecated. Import anndata.io.read_mtx instead.
  warnings.warn(msg, FutureWarning)
/home/zhangpeiru/.conda/envs/MetqQ2/lib/python3.11/site-packages/anndata/utils.py:434: FutureWarning: Importing read_loom from `anndata` is deprecated. Import anndata.io.read_loom instead.
  warnings.warn(msg, FutureWarning)
/home/zhangpeiru/.conda/envs/MetqQ2/lib/python3.11/site-packages/anndata/utils.py:434: FutureWarning: Importing read_hdf from `anndata` is deprecated. Import anndata.io.read_hdf instead.
  warnings.warn(msg, FutureWarning)
/home/zhangpeiru/.conda/envs/MetqQ2/lib/python3.11/site-packages/anndata/utils.py:434: FutureWarning: Importing read_umi_tools from `anndata` is deprecated. Import anndata.io.read_umi_tools instead.
  warnings.warn(msg, FutureWarning)
/home/zhangpeiru/.conda/envs/MetqQ2/lib/python3.11/site-packages/scanpy/preprocessing/_highly_variable_genes.py:220: FutureWarning: The default of observed=False is deprecated and will be changed to True in a future version of pandas. Pass observed=False to retain current behavior or observed=True to adopt the future default and silence this warning.
  disp_grouped = df.groupby('mean_bin')['dispersions']
/home/zhangpeiru/.conda/envs/MetqQ2/lib/python3.11/site-packages/scanpy/preprocessing/_simple.py:843: UserWarning: Received a view of an AnnData. Making a copy.
  view_to_actual(adata)
=======Loading and Preprocessing Data=======
Data of 2 omics in total
revision_results/cache/subsets/D5_D5_rna_2000cells_seed1729.h5ad loaded with shape [2000, 1362]
revision_results/cache/subsets/D5_D5_adt_2000cells_seed1729.h5ad loaded with shape [2000, 189]
2026-08-29 17:00:46,678 INFO Loading faiss with AVX512 support.
2026-08-29 17:00:46,699 INFO Successfully loaded faiss with AVX512 support.
2026-08-29 17:00:46,703 INFO Failed to load GPU Faiss: name 'GpuIndexIVFFlat' is not defined. Will not load constructor refs for GPU indexes. This is only an error if you're trying to use GPU Faiss.
WARNING clustering 512 points to 40 centroids: please provide at least 1560 training points
GARQ Initialization completed.
/home/zhangpeiru/.conda/envs/MetqQ2/lib/python3.11/site-packages/torch/autograd/__init__.py:251: UserWarning: Deterministic behavior was enabled with either `torch.use_deterministic_algorithms(True)` or `at::Context::setDeterministicAlgorithms(true)`, but this operation is not deterministic because it uses CuBLAS and you have CUDA >= 10.2. To enable deterministic behavior in this case, you must set an environment variable before running your PyTorch application: CUBLAS_WORKSPACE_CONFIG=:4096:8 or CUBLAS_WORKSPACE_CONFIG=:16:8. For more information, go to https://docs.nvidia.com/cuda/cublas/index.html#cublasApi_reproducibility (Triggered internally at ../aten/src/ATen/Context.cpp:156.)
  Variable._execution_engine.run_backward(  # Calls into the C++ engine to run the backward pass
/home/zhangpeiru/.conda/envs/MetqQ2/lib/python3.11/site-packages/torch/autograd/__init__.py:251: UserWarning: Memory Efficient attention defaults to a non-deterministic algorithm. To explicitly enable determinism call torch.use_deterministic_algorithms(True, warn_only=False). (Triggered internally at ../aten/src/ATen/native/transformers/cuda/attention_backward.cu:413.)
  Variable._execution_engine.run_backward(  # Calls into the C++ engine to run the backward pass
Epoch 1, RNA: recon_loss=0.4802 , ADT: recon_loss=12.8192 
/home/zhangpeiru/.conda/envs/MetqQ2/lib/python3.11/site-packages/torch/functional.py:377: UserWarning: Deterministic behavior was enabled with either `torch.use_deterministic_algorithms(True)` or `at::Context::setDeterministicAlgorithms(true)`, but this operation is not deterministic because it uses CuBLAS and you have CUDA >= 10.2. To enable deterministic behavior in this case, you must set an environment variable before running your PyTorch application: CUBLAS_WORKSPACE_CONFIG=:4096:8 or CUBLAS_WORKSPACE_CONFIG=:16:8. For more information, go to https://docs.nvidia.com/cuda/cublas/index.html#cublasApi_reproducibility (Triggered internally at ../aten/src/ATen/Context.cpp:156.)
  return _VF.einsum(equation, operands)  # type: ignore[attr-defined]
/data/zhangpeiru/GARQ_revision/model.py:60: UserWarning: Deterministic behavior was enabled with either `torch.use_deterministic_algorithms(True)` or `at::Context::setDeterministicAlgorithms(true)`, but this operation is not deterministic because it uses CuBLAS and you have CUDA >= 10.2. To enable deterministic behavior in this case, you must set an environment variable before running your PyTorch application: CUBLAS_WORKSPACE_CONFIG=:4096:8 or CUBLAS_WORKSPACE_CONFIG=:16:8. For more information, go to https://docs.nvidia.com/cuda/cublas/index.html#cublasApi_reproducibility (Triggered internally at ../aten/src/ATen/Context.cpp:156.)
  cell_sim = torch.matmul(normed_e, normed_e.T)
/data/zhangpeiru/GARQ_revision/model.py:78: UserWarning: Deterministic behavior was enabled with either `torch.use_deterministic_algorithms(True)` or `at::Context::setDeterministicAlgorithms(true)`, but this operation is not deterministic because it uses CuBLAS and you have CUDA >= 10.2. To enable deterministic behavior in this case, you must set an environment variable before running your PyTorch application: CUBLAS_WORKSPACE_CONFIG=:4096:8 or CUBLAS_WORKSPACE_CONFIG=:16:8. For more information, go to https://docs.nvidia.com/cuda/cublas/index.html#cublasApi_reproducibility (Triggered internally at ../aten/src/ATen/Context.cpp:156.)
  smoothed_sim = torch.matmul(adj, raw_sim)
/data/zhangpeiru/GARQ_revision/model.py:100: UserWarning: Deterministic behavior was enabled with either `torch.use_deterministic_algorithms(True)` or `at::Context::setDeterministicAlgorithms(true)`, but this operation is not deterministic because it uses CuBLAS and you have CUDA >= 10.2. To enable deterministic behavior in this case, you must set an environment variable before running your PyTorch application: CUBLAS_WORKSPACE_CONFIG=:4096:8 or CUBLAS_WORKSPACE_CONFIG=:16:8. For more information, go to https://docs.nvidia.com/cuda/cublas/index.html#cublasApi_reproducibility (Triggered internally at ../aten/src/ATen/Context.cpp:156.)
  e_q = torch.matmul(assignments, self.anchors.weight)
/data/zhangpeiru/GARQ_revision/model.py:121: UserWarning: cumsum_cuda_kernel does not have a deterministic implementation, but you set 'torch.use_deterministic_algorithms(True, warn_only=True)'. You can file an issue at https://github.com/pytorch/pytorch/issues to help us prioritize adding deterministic support for this operation. (Triggered internally at ../aten/src/ATen/Context.cpp:71.)
  dis_indices = torch.multinomial(
/data/zhangpeiru/GARQ_revision/data_utils.py:131: RuntimeWarning: Mean of empty slice.
  [data[meta_ids == i].mean(axis=0) for i in range(meta_ids.max() + 1)]
/home/zhangpeiru/.conda/envs/MetqQ2/lib/python3.11/site-packages/numpy/core/_methods.py:121: RuntimeWarning: divide by zero encountered in divide
  ret = um.true_divide(
/home/zhangpeiru/.conda/envs/MetqQ2/lib/python3.11/site-packages/numpy/core/_methods.py:121: RuntimeWarning: invalid value encountered in divide
  ret = um.true_divide(
/data/zhangpeiru/GARQ_revision/data_utils.py:140: UserWarning: The given NumPy array is not writable, and PyTorch does not support non-writable tensors. This means writing to this tensor will result in undefined behavior. You may want to copy the array to protect its data or make it writable before converting it to a tensor. This type of warning will be suppressed for the rest of this program. (Triggered internally at ../torch/csrc/utils/tensor_numpy.cpp:206.)
  type_int = torch.from_numpy(adata.obs[args.type_key].cat.codes.values).long()
/data/zhangpeiru/GARQ_revision/data_utils.py:131: RuntimeWarning: Mean of empty slice.
  [data[meta_ids == i].mean(axis=0) for i in range(meta_ids.max() + 1)]
/home/zhangpeiru/.conda/envs/MetqQ2/lib/python3.11/site-packages/numpy/core/_methods.py:121: RuntimeWarning: divide by zero encountered in divide
  ret = um.true_divide(
/home/zhangpeiru/.conda/envs/MetqQ2/lib/python3.11/site-packages/numpy/core/_methods.py:121: RuntimeWarning: invalid value encountered in divide
  ret = um.true_divide(
/home/zhangpeiru/.conda/envs/MetqQ2/lib/python3.11/site-packages/louvain/__init__.py:54: UserWarning: pkg_resources is deprecated as an API. See https://setuptools.pypa.io/en/latest/pkg_resources.html. The pkg_resources package is slated for removal as early as 2025-11-30. Refrain from using this package or pin to Setuptools<81.
  from pkg_resources import get_distribution, DistributionNotFound
/home/zhangpeiru/.conda/envs/MetqQ2/lib/python3.11/site-packages/anndata/utils.py:434: FutureWarning: Importing read_csv from `anndata` is deprecated. Import anndata.io.read_csv instead.
  warnings.warn(msg, FutureWarning)
/home/zhangpeiru/.conda/envs/MetqQ2/lib/python3.11/site-packages/anndata/utils.py:434: FutureWarning: Importing read_text from `anndata` is deprecated. Import anndata.io.read_text instead.
  warnings.warn(msg, FutureWarning)
/home/zhangpeiru/.conda/envs/MetqQ2/lib/python3.11/site-packages/anndata/utils.py:434: FutureWarning: Importing read_excel from `anndata` is deprecated. Import anndata.io.read_excel instead.
  warnings.warn(msg, FutureWarning)
/home/zhangpeiru/.conda/envs/MetqQ2/lib/python3.11/site-packages/anndata/utils.py:434: FutureWarning: Importing read_mtx from `anndata` is deprecated. Import anndata.io.read_mtx instead.
  warnings.warn(msg, FutureWarning)
/home/zhangpeiru/.conda/envs/MetqQ2/lib/python3.11/site-packages/anndata/utils.py:434: FutureWarning: Importing read_loom from `anndata` is deprecated. Import anndata.io.read_loom instead.
  warnings.warn(msg, FutureWarning)
/home/zhangpeiru/.conda/envs/MetqQ2/lib/python3.11/site-packages/anndata/utils.py:434: FutureWarning: Importing read_hdf from `anndata` is deprecated. Import anndata.io.read_hdf instead.
  warnings.warn(msg, FutureWarning)
/home/zhangpeiru/.conda/envs/MetqQ2/lib/python3.11/site-packages/anndata/utils.py:434: FutureWarning: Importing read_umi_tools from `anndata` is deprecated. Import anndata.io.read_umi_tools instead.
  warnings.warn(msg, FutureWarning)
/home/zhangpeiru/.conda/envs/MetqQ2/lib/python3.11/site-packages/scanpy/preprocessing/_highly_variable_genes.py:220: FutureWarning: The default of observed=False is deprecated and will be changed to True in a future version of pandas. Pass observed=False to retain current behavior or observed=True to adopt the future default and silence this warning.
  disp_grouped = df.groupby('mean_bin')['dispersions']
/home/zhangpeiru/.conda/envs/MetqQ2/lib/python3.11/site-packages/scanpy/preprocessing/_simple.py:843: UserWarning: Received a view of an AnnData. Making a copy.
  view_to_actual(adata)
=======Loading and Preprocessing Data=======
Data of 2 omics in total
revision_results/cache/subsets/D5_D5_rna_2000cells_seed1729.h5ad loaded with shape [2000, 1362]
revision_results/cache/subsets/D5_D5_adt_2000cells_seed1729.h5ad loaded with shape [2000, 189]
2026-08-29 17:00:58,892 INFO Loading faiss with AVX512 support.
2026-08-29 17:00:58,917 INFO Successfully loaded faiss with AVX512 support.
2026-08-29 17:00:58,921 INFO Failed to load GPU Faiss: name 'GpuIndexIVFFlat' is not defined. Will not load constructor refs for GPU indexes. This is only an error if you're trying to use GPU Faiss.
WARNING clustering 512 points to 40 centroids: please provide at least 1560 training points
GARQ Initialization completed.
/home/zhangpeiru/.conda/envs/MetqQ2/lib/python3.11/site-packages/torch/autograd/__init__.py:251: UserWarning: Deterministic behavior was enabled with either `torch.use_deterministic_algorithms(True)` or `at::Context::setDeterministicAlgorithms(true)`, but this operation is not deterministic because it uses CuBLAS and you have CUDA >= 10.2. To enable deterministic behavior in this case, you must set an environment variable before running your PyTorch application: CUBLAS_WORKSPACE_CONFIG=:4096:8 or CUBLAS_WORKSPACE_CONFIG=:16:8. For more information, go to https://docs.nvidia.com/cuda/cublas/index.html#cublasApi_reproducibility (Triggered internally at ../aten/src/ATen/Context.cpp:156.)
  Variable._execution_engine.run_backward(  # Calls into the C++ engine to run the backward pass
/home/zhangpeiru/.conda/envs/MetqQ2/lib/python3.11/site-packages/torch/autograd/__init__.py:251: UserWarning: Memory Efficient attention defaults to a non-deterministic algorithm. To explicitly enable determinism call torch.use_deterministic_algorithms(True, warn_only=False). (Triggered internally at ../aten/src/ATen/native/transformers/cuda/attention_backward.cu:413.)
  Variable._execution_engine.run_backward(  # Calls into the C++ engine to run the backward pass
Epoch 1, RNA: recon_loss=0.4820 , ADT: recon_loss=13.6758 
/home/zhangpeiru/.conda/envs/MetqQ2/lib/python3.11/site-packages/torch/functional.py:377: UserWarning: Deterministic behavior was enabled with either `torch.use_deterministic_algorithms(True)` or `at::Context::setDeterministicAlgorithms(true)`, but this operation is not deterministic because it uses CuBLAS and you have CUDA >= 10.2. To enable deterministic behavior in this case, you must set an environment variable before running your PyTorch application: CUBLAS_WORKSPACE_CONFIG=:4096:8 or CUBLAS_WORKSPACE_CONFIG=:16:8. For more information, go to https://docs.nvidia.com/cuda/cublas/index.html#cublasApi_reproducibility (Triggered internally at ../aten/src/ATen/Context.cpp:156.)
  return _VF.einsum(equation, operands)  # type: ignore[attr-defined]
/data/zhangpeiru/GARQ_revision/model.py:60: UserWarning: Deterministic behavior was enabled with either `torch.use_deterministic_algorithms(True)` or `at::Context::setDeterministicAlgorithms(true)`, but this operation is not deterministic because it uses CuBLAS and you have CUDA >= 10.2. To enable deterministic behavior in this case, you must set an environment variable before running your PyTorch application: CUBLAS_WORKSPACE_CONFIG=:4096:8 or CUBLAS_WORKSPACE_CONFIG=:16:8. For more information, go to https://docs.nvidia.com/cuda/cublas/index.html#cublasApi_reproducibility (Triggered internally at ../aten/src/ATen/Context.cpp:156.)
  cell_sim = torch.matmul(normed_e, normed_e.T)
/data/zhangpeiru/GARQ_revision/model.py:78: UserWarning: Deterministic behavior was enabled with either `torch.use_deterministic_algorithms(True)` or `at::Context::setDeterministicAlgorithms(true)`, but this operation is not deterministic because it uses CuBLAS and you have CUDA >= 10.2. To enable deterministic behavior in this case, you must set an environment variable before running your PyTorch application: CUBLAS_WORKSPACE_CONFIG=:4096:8 or CUBLAS_WORKSPACE_CONFIG=:16:8. For more information, go to https://docs.nvidia.com/cuda/cublas/index.html#cublasApi_reproducibility (Triggered internally at ../aten/src/ATen/Context.cpp:156.)
  smoothed_sim = torch.matmul(adj, raw_sim)
/data/zhangpeiru/GARQ_revision/model.py:100: UserWarning: Deterministic behavior was enabled with either `torch.use_deterministic_algorithms(True)` or `at::Context::setDeterministicAlgorithms(true)`, but this operation is not deterministic because it uses CuBLAS and you have CUDA >= 10.2. To enable deterministic behavior in this case, you must set an environment variable before running your PyTorch application: CUBLAS_WORKSPACE_CONFIG=:4096:8 or CUBLAS_WORKSPACE_CONFIG=:16:8. For more information, go to https://docs.nvidia.com/cuda/cublas/index.html#cublasApi_reproducibility (Triggered internally at ../aten/src/ATen/Context.cpp:156.)
  e_q = torch.matmul(assignments, self.anchors.weight)
/data/zhangpeiru/GARQ_revision/model.py:121: UserWarning: cumsum_cuda_kernel does not have a deterministic implementation, but you set 'torch.use_deterministic_algorithms(True, warn_only=True)'. You can file an issue at https://github.com/pytorch/pytorch/issues to help us prioritize adding deterministic support for this operation. (Triggered internally at ../aten/src/ATen/Context.cpp:71.)
  dis_indices = torch.multinomial(
/data/zhangpeiru/GARQ_revision/data_utils.py:131: RuntimeWarning: Mean of empty slice.
  [data[meta_ids == i].mean(axis=0) for i in range(meta_ids.max() + 1)]
/home/zhangpeiru/.conda/envs/MetqQ2/lib/python3.11/site-packages/numpy/core/_methods.py:121: RuntimeWarning: divide by zero encountered in divide
  ret = um.true_divide(
/home/zhangpeiru/.conda/envs/MetqQ2/lib/python3.11/site-packages/numpy/core/_methods.py:121: RuntimeWarning: invalid value encountered in divide
  ret = um.true_divide(
/data/zhangpeiru/GARQ_revision/data_utils.py:140: UserWarning: The given NumPy array is not writable, and PyTorch does not support non-writable tensors. This means writing to this tensor will result in undefined behavior. You may want to copy the array to protect its data or make it writable before converting it to a tensor. This type of warning will be suppressed for the rest of this program. (Triggered internally at ../torch/csrc/utils/tensor_numpy.cpp:206.)
  type_int = torch.from_numpy(adata.obs[args.type_key].cat.codes.values).long()
/data/zhangpeiru/GARQ_revision/data_utils.py:131: RuntimeWarning: Mean of empty slice.
  [data[meta_ids == i].mean(axis=0) for i in range(meta_ids.max() + 1)]
/home/zhangpeiru/.conda/envs/MetqQ2/lib/python3.11/site-packages/numpy/core/_methods.py:121: RuntimeWarning: divide by zero encountered in divide
  ret = um.true_divide(
/home/zhangpeiru/.conda/envs/MetqQ2/lib/python3.11/site-packages/numpy/core/_methods.py:121: RuntimeWarning: invalid value encountered in divide
  ret = um.true_divide(
/home/zhangpeiru/.conda/envs/MetqQ2/lib/python3.11/site-packages/louvain/__init__.py:54: UserWarning: pkg_resources is deprecated as an API. See https://setuptools.pypa.io/en/latest/pkg_resources.html. The pkg_resources package is slated for removal as early as 2025-11-30. Refrain from using this package or pin to Setuptools<81.
  from pkg_resources import get_distribution, DistributionNotFound
/home/zhangpeiru/.conda/envs/MetqQ2/lib/python3.11/site-packages/anndata/utils.py:434: FutureWarning: Importing read_csv from `anndata` is deprecated. Import anndata.io.read_csv instead.
  warnings.warn(msg, FutureWarning)
/home/zhangpeiru/.conda/envs/MetqQ2/lib/python3.11/site-packages/anndata/utils.py:434: FutureWarning: Importing read_text from `anndata` is deprecated. Import anndata.io.read_text instead.
  warnings.warn(msg, FutureWarning)
/home/zhangpeiru/.conda/envs/MetqQ2/lib/python3.11/site-packages/anndata/utils.py:434: FutureWarning: Importing read_excel from `anndata` is deprecated. Import anndata.io.read_excel instead.
  warnings.warn(msg, FutureWarning)
/home/zhangpeiru/.conda/envs/MetqQ2/lib/python3.11/site-packages/anndata/utils.py:434: FutureWarning: Importing read_mtx from `anndata` is deprecated. Import anndata.io.read_mtx instead.
  warnings.warn(msg, FutureWarning)
/home/zhangpeiru/.conda/envs/MetqQ2/lib/python3.11/site-packages/anndata/utils.py:434: FutureWarning: Importing read_loom from `anndata` is deprecated. Import anndata.io.read_loom instead.
  warnings.warn(msg, FutureWarning)
/home/zhangpeiru/.conda/envs/MetqQ2/lib/python3.11/site-packages/anndata/utils.py:434: FutureWarning: Importing read_hdf from `anndata` is deprecated. Import anndata.io.read_hdf instead.
  warnings.warn(msg, FutureWarning)
/home/zhangpeiru/.conda/envs/MetqQ2/lib/python3.11/site-packages/anndata/utils.py:434: FutureWarning: Importing read_umi_tools from `anndata` is deprecated. Import anndata.io.read_umi_tools instead.
  warnings.warn(msg, FutureWarning)
WARNING: adata.X seems to be already log-transformed.
/home/zhangpeiru/.conda/envs/MetqQ2/lib/python3.11/site-packages/scanpy/preprocessing/_highly_variable_genes.py:220: FutureWarning: The default of observed=False is deprecated and will be changed to True in a future version of pandas. Pass observed=False to retain current behavior or observed=True to adopt the future default and silence this warning.
  disp_grouped = df.groupby('mean_bin')['dispersions']
/home/zhangpeiru/.conda/envs/MetqQ2/lib/python3.11/site-packages/scanpy/preprocessing/_simple.py:843: UserWarning: Received a view of an AnnData. Making a copy.
  view_to_actual(adata)
/home/zhangpeiru/.conda/envs/MetqQ2/lib/python3.11/site-packages/scanpy/preprocessing/_highly_variable_genes.py:220: FutureWarning: The default of observed=False is deprecated and will be changed to True in a future version of pandas. Pass observed=False to retain current behavior or observed=True to adopt the future default and silence this warning.
  disp_grouped = df.groupby('mean_bin')['dispersions']
/home/zhangpeiru/.conda/envs/MetqQ2/lib/python3.11/site-packages/scanpy/preprocessing/_simple.py:843: UserWarning: Received a view of an AnnData. Making a copy.
  view_to_actual(adata)
=======Loading and Preprocessing Data=======
Data of 2 omics in total
revision_results/cache/subsets/D11_11_GSE194122_rna_2000cells_seed1729.h5ad loaded with shape [2000, 3004]
revision_results/cache/subsets/D11_11_GSE194122_atac_2000cells_seed1729.h5ad loaded with shape [2000, 30000]
2026-08-29 17:01:14,817 INFO Loading faiss with AVX512 support.
2026-08-29 17:01:14,841 INFO Successfully loaded faiss with AVX512 support.
2026-08-29 17:01:14,846 INFO Failed to load GPU Faiss: name 'GpuIndexIVFFlat' is not defined. Will not load constructor refs for GPU indexes. This is only an error if you're trying to use GPU Faiss.
WARNING clustering 512 points to 40 centroids: please provide at least 1560 training points
GARQ Initialization completed.
/home/zhangpeiru/.conda/envs/MetqQ2/lib/python3.11/site-packages/torch/autograd/__init__.py:251: UserWarning: Deterministic behavior was enabled with either `torch.use_deterministic_algorithms(True)` or `at::Context::setDeterministicAlgorithms(true)`, but this operation is not deterministic because it uses CuBLAS and you have CUDA >= 10.2. To enable deterministic behavior in this case, you must set an environment variable before running your PyTorch application: CUBLAS_WORKSPACE_CONFIG=:4096:8 or CUBLAS_WORKSPACE_CONFIG=:16:8. For more information, go to https://docs.nvidia.com/cuda/cublas/index.html#cublasApi_reproducibility (Triggered internally at ../aten/src/ATen/Context.cpp:156.)
  Variable._execution_engine.run_backward(  # Calls into the C++ engine to run the backward pass
/home/zhangpeiru/.conda/envs/MetqQ2/lib/python3.11/site-packages/torch/autograd/__init__.py:251: UserWarning: Memory Efficient attention defaults to a non-deterministic algorithm. To explicitly enable determinism call torch.use_deterministic_algorithms(True, warn_only=False). (Triggered internally at ../aten/src/ATen/native/transformers/cuda/attention_backward.cu:413.)
  Variable._execution_engine.run_backward(  # Calls into the C++ engine to run the backward pass
Epoch 1, RNA: recon_loss=0.2393 , ATAC: recon_loss=0.3755 
/home/zhangpeiru/.conda/envs/MetqQ2/lib/python3.11/site-packages/torch/functional.py:377: UserWarning: Deterministic behavior was enabled with either `torch.use_deterministic_algorithms(True)` or `at::Context::setDeterministicAlgorithms(true)`, but this operation is not deterministic because it uses CuBLAS and you have CUDA >= 10.2. To enable deterministic behavior in this case, you must set an environment variable before running your PyTorch application: CUBLAS_WORKSPACE_CONFIG=:4096:8 or CUBLAS_WORKSPACE_CONFIG=:16:8. For more information, go to https://docs.nvidia.com/cuda/cublas/index.html#cublasApi_reproducibility (Triggered internally at ../aten/src/ATen/Context.cpp:156.)
  return _VF.einsum(equation, operands)  # type: ignore[attr-defined]
/data/zhangpeiru/GARQ_revision/model.py:60: UserWarning: Deterministic behavior was enabled with either `torch.use_deterministic_algorithms(True)` or `at::Context::setDeterministicAlgorithms(true)`, but this operation is not deterministic because it uses CuBLAS and you have CUDA >= 10.2. To enable deterministic behavior in this case, you must set an environment variable before running your PyTorch application: CUBLAS_WORKSPACE_CONFIG=:4096:8 or CUBLAS_WORKSPACE_CONFIG=:16:8. For more information, go to https://docs.nvidia.com/cuda/cublas/index.html#cublasApi_reproducibility (Triggered internally at ../aten/src/ATen/Context.cpp:156.)
  cell_sim = torch.matmul(normed_e, normed_e.T)
/data/zhangpeiru/GARQ_revision/model.py:78: UserWarning: Deterministic behavior was enabled with either `torch.use_deterministic_algorithms(True)` or `at::Context::setDeterministicAlgorithms(true)`, but this operation is not deterministic because it uses CuBLAS and you have CUDA >= 10.2. To enable deterministic behavior in this case, you must set an environment variable before running your PyTorch application: CUBLAS_WORKSPACE_CONFIG=:4096:8 or CUBLAS_WORKSPACE_CONFIG=:16:8. For more information, go to https://docs.nvidia.com/cuda/cublas/index.html#cublasApi_reproducibility (Triggered internally at ../aten/src/ATen/Context.cpp:156.)
  smoothed_sim = torch.matmul(adj, raw_sim)
/data/zhangpeiru/GARQ_revision/model.py:100: UserWarning: Deterministic behavior was enabled with either `torch.use_deterministic_algorithms(True)` or `at::Context::setDeterministicAlgorithms(true)`, but this operation is not deterministic because it uses CuBLAS and you have CUDA >= 10.2. To enable deterministic behavior in this case, you must set an environment variable before running your PyTorch application: CUBLAS_WORKSPACE_CONFIG=:4096:8 or CUBLAS_WORKSPACE_CONFIG=:16:8. For more information, go to https://docs.nvidia.com/cuda/cublas/index.html#cublasApi_reproducibility (Triggered internally at ../aten/src/ATen/Context.cpp:156.)
  e_q = torch.matmul(assignments, self.anchors.weight)
/data/zhangpeiru/GARQ_revision/model.py:121: UserWarning: cumsum_cuda_kernel does not have a deterministic implementation, but you set 'torch.use_deterministic_algorithms(True, warn_only=True)'. You can file an issue at https://github.com/pytorch/pytorch/issues to help us prioritize adding deterministic support for this operation. (Triggered internally at ../aten/src/ATen/Context.cpp:71.)
  dis_indices = torch.multinomial(
/data/zhangpeiru/GARQ_revision/data_utils.py:131: RuntimeWarning: Mean of empty slice.
  [data[meta_ids == i].mean(axis=0) for i in range(meta_ids.max() + 1)]
/home/zhangpeiru/.conda/envs/MetqQ2/lib/python3.11/site-packages/numpy/core/_methods.py:121: RuntimeWarning: invalid value encountered in divide
  ret = um.true_divide(
/data/zhangpeiru/GARQ_revision/data_utils.py:140: UserWarning: The given NumPy array is not writable, and PyTorch does not support non-writable tensors. This means writing to this tensor will result in undefined behavior. You may want to copy the array to protect its data or make it writable before converting it to a tensor. This type of warning will be suppressed for the rest of this program. (Triggered internally at ../torch/csrc/utils/tensor_numpy.cpp:206.)
  type_int = torch.from_numpy(adata.obs[args.type_key].cat.codes.values).long()
/data/zhangpeiru/GARQ_revision/data_utils.py:131: RuntimeWarning: Mean of empty slice.
  [data[meta_ids == i].mean(axis=0) for i in range(meta_ids.max() + 1)]
/home/zhangpeiru/.conda/envs/MetqQ2/lib/python3.11/site-packages/numpy/core/_methods.py:121: RuntimeWarning: invalid value encountered in divide
  ret = um.true_divide(
/home/zhangpeiru/.conda/envs/MetqQ2/lib/python3.11/site-packages/louvain/__init__.py:54: UserWarning: pkg_resources is deprecated as an API. See https://setuptools.pypa.io/en/latest/pkg_resources.html. The pkg_resources package is slated for removal as early as 2025-11-30. Refrain from using this package or pin to Setuptools<81.
  from pkg_resources import get_distribution, DistributionNotFound
/home/zhangpeiru/.conda/envs/MetqQ2/lib/python3.11/site-packages/anndata/utils.py:434: FutureWarning: Importing read_csv from `anndata` is deprecated. Import anndata.io.read_csv instead.
  warnings.warn(msg, FutureWarning)
/home/zhangpeiru/.conda/envs/MetqQ2/lib/python3.11/site-packages/anndata/utils.py:434: FutureWarning: Importing read_text from `anndata` is deprecated. Import anndata.io.read_text instead.
  warnings.warn(msg, FutureWarning)
/home/zhangpeiru/.conda/envs/MetqQ2/lib/python3.11/site-packages/anndata/utils.py:434: FutureWarning: Importing read_excel from `anndata` is deprecated. Import anndata.io.read_excel instead.
  warnings.warn(msg, FutureWarning)
/home/zhangpeiru/.conda/envs/MetqQ2/lib/python3.11/site-packages/anndata/utils.py:434: FutureWarning: Importing read_mtx from `anndata` is deprecated. Import anndata.io.read_mtx instead.
  warnings.warn(msg, FutureWarning)
/home/zhangpeiru/.conda/envs/MetqQ2/lib/python3.11/site-packages/anndata/utils.py:434: FutureWarning: Importing read_loom from `anndata` is deprecated. Import anndata.io.read_loom instead.
  warnings.warn(msg, FutureWarning)
/home/zhangpeiru/.conda/envs/MetqQ2/lib/python3.11/site-packages/anndata/utils.py:434: FutureWarning: Importing read_hdf from `anndata` is deprecated. Import anndata.io.read_hdf instead.
  warnings.warn(msg, FutureWarning)
/home/zhangpeiru/.conda/envs/MetqQ2/lib/python3.11/site-packages/anndata/utils.py:434: FutureWarning: Importing read_umi_tools from `anndata` is deprecated. Import anndata.io.read_umi_tools instead.
  warnings.warn(msg, FutureWarning)
WARNING: adata.X seems to be already log-transformed.
/home/zhangpeiru/.conda/envs/MetqQ2/lib/python3.11/site-packages/scanpy/preprocessing/_highly_variable_genes.py:220: FutureWarning: The default of observed=False is deprecated and will be changed to True in a future version of pandas. Pass observed=False to retain current behavior or observed=True to adopt the future default and silence this warning.
  disp_grouped = df.groupby('mean_bin')['dispersions']
/home/zhangpeiru/.conda/envs/MetqQ2/lib/python3.11/site-packages/scanpy/preprocessing/_simple.py:843: UserWarning: Received a view of an AnnData. Making a copy.
  view_to_actual(adata)
/home/zhangpeiru/.conda/envs/MetqQ2/lib/python3.11/site-packages/scanpy/preprocessing/_highly_variable_genes.py:220: FutureWarning: The default of observed=False is deprecated and will be changed to True in a future version of pandas. Pass observed=False to retain current behavior or observed=True to adopt the future default and silence this warning.
  disp_grouped = df.groupby('mean_bin')['dispersions']
/home/zhangpeiru/.conda/envs/MetqQ2/lib/python3.11/site-packages/scanpy/preprocessing/_simple.py:843: UserWarning: Received a view of an AnnData. Making a copy.
  view_to_actual(adata)
=======Loading and Preprocessing Data=======
Data of 2 omics in total
revision_results/cache/subsets/D11_11_GSE194122_rna_2000cells_seed1729.h5ad loaded with shape [2000, 3004]
revision_results/cache/subsets/D11_11_GSE194122_atac_2000cells_seed1729.h5ad loaded with shape [2000, 30000]
2026-08-29 17:01:32,508 INFO Loading faiss with AVX512 support.
2026-08-29 17:01:32,531 INFO Successfully loaded faiss with AVX512 support.
2026-08-29 17:01:32,536 INFO Failed to load GPU Faiss: name 'GpuIndexIVFFlat' is not defined. Will not load constructor refs for GPU indexes. This is only an error if you're trying to use GPU Faiss.
WARNING clustering 512 points to 40 centroids: please provide at least 1560 training points
GARQ Initialization completed.
/home/zhangpeiru/.conda/envs/MetqQ2/lib/python3.11/site-packages/torch/autograd/__init__.py:251: UserWarning: Deterministic behavior was enabled with either `torch.use_deterministic_algorithms(True)` or `at::Context::setDeterministicAlgorithms(true)`, but this operation is not deterministic because it uses CuBLAS and you have CUDA >= 10.2. To enable deterministic behavior in this case, you must set an environment variable before running your PyTorch application: CUBLAS_WORKSPACE_CONFIG=:4096:8 or CUBLAS_WORKSPACE_CONFIG=:16:8. For more information, go to https://docs.nvidia.com/cuda/cublas/index.html#cublasApi_reproducibility (Triggered internally at ../aten/src/ATen/Context.cpp:156.)
  Variable._execution_engine.run_backward(  # Calls into the C++ engine to run the backward pass
/home/zhangpeiru/.conda/envs/MetqQ2/lib/python3.11/site-packages/torch/autograd/__init__.py:251: UserWarning: Memory Efficient attention defaults to a non-deterministic algorithm. To explicitly enable determinism call torch.use_deterministic_algorithms(True, warn_only=False). (Triggered internally at ../aten/src/ATen/native/transformers/cuda/attention_backward.cu:413.)
  Variable._execution_engine.run_backward(  # Calls into the C++ engine to run the backward pass
Epoch 1, RNA: recon_loss=0.2389 , ATAC: recon_loss=0.3754 
/home/zhangpeiru/.conda/envs/MetqQ2/lib/python3.11/site-packages/torch/functional.py:377: UserWarning: Deterministic behavior was enabled with either `torch.use_deterministic_algorithms(True)` or `at::Context::setDeterministicAlgorithms(true)`, but this operation is not deterministic because it uses CuBLAS and you have CUDA >= 10.2. To enable deterministic behavior in this case, you must set an environment variable before running your PyTorch application: CUBLAS_WORKSPACE_CONFIG=:4096:8 or CUBLAS_WORKSPACE_CONFIG=:16:8. For more information, go to https://docs.nvidia.com/cuda/cublas/index.html#cublasApi_reproducibility (Triggered internally at ../aten/src/ATen/Context.cpp:156.)
  return _VF.einsum(equation, operands)  # type: ignore[attr-defined]
/data/zhangpeiru/GARQ_revision/model.py:60: UserWarning: Deterministic behavior was enabled with either `torch.use_deterministic_algorithms(True)` or `at::Context::setDeterministicAlgorithms(true)`, but this operation is not deterministic because it uses CuBLAS and you have CUDA >= 10.2. To enable deterministic behavior in this case, you must set an environment variable before running your PyTorch application: CUBLAS_WORKSPACE_CONFIG=:4096:8 or CUBLAS_WORKSPACE_CONFIG=:16:8. For more information, go to https://docs.nvidia.com/cuda/cublas/index.html#cublasApi_reproducibility (Triggered internally at ../aten/src/ATen/Context.cpp:156.)
  cell_sim = torch.matmul(normed_e, normed_e.T)
/data/zhangpeiru/GARQ_revision/model.py:78: UserWarning: Deterministic behavior was enabled with either `torch.use_deterministic_algorithms(True)` or `at::Context::setDeterministicAlgorithms(true)`, but this operation is not deterministic because it uses CuBLAS and you have CUDA >= 10.2. To enable deterministic behavior in this case, you must set an environment variable before running your PyTorch application: CUBLAS_WORKSPACE_CONFIG=:4096:8 or CUBLAS_WORKSPACE_CONFIG=:16:8. For more information, go to https://docs.nvidia.com/cuda/cublas/index.html#cublasApi_reproducibility (Triggered internally at ../aten/src/ATen/Context.cpp:156.)
  smoothed_sim = torch.matmul(adj, raw_sim)
/data/zhangpeiru/GARQ_revision/model.py:100: UserWarning: Deterministic behavior was enabled with either `torch.use_deterministic_algorithms(True)` or `at::Context::setDeterministicAlgorithms(true)`, but this operation is not deterministic because it uses CuBLAS and you have CUDA >= 10.2. To enable deterministic behavior in this case, you must set an environment variable before running your PyTorch application: CUBLAS_WORKSPACE_CONFIG=:4096:8 or CUBLAS_WORKSPACE_CONFIG=:16:8. For more information, go to https://docs.nvidia.com/cuda/cublas/index.html#cublasApi_reproducibility (Triggered internally at ../aten/src/ATen/Context.cpp:156.)
  e_q = torch.matmul(assignments, self.anchors.weight)
/data/zhangpeiru/GARQ_revision/model.py:121: UserWarning: cumsum_cuda_kernel does not have a deterministic implementation, but you set 'torch.use_deterministic_algorithms(True, warn_only=True)'. You can file an issue at https://github.com/pytorch/pytorch/issues to help us prioritize adding deterministic support for this operation. (Triggered internally at ../aten/src/ATen/Context.cpp:71.)
  dis_indices = torch.multinomial(
/data/zhangpeiru/GARQ_revision/data_utils.py:131: RuntimeWarning: Mean of empty slice.
  [data[meta_ids == i].mean(axis=0) for i in range(meta_ids.max() + 1)]
/home/zhangpeiru/.conda/envs/MetqQ2/lib/python3.11/site-packages/numpy/core/_methods.py:121: RuntimeWarning: invalid value encountered in divide
  ret = um.true_divide(
/data/zhangpeiru/GARQ_revision/data_utils.py:140: UserWarning: The given NumPy array is not writable, and PyTorch does not support non-writable tensors. This means writing to this tensor will result in undefined behavior. You may want to copy the array to protect its data or make it writable before converting it to a tensor. This type of warning will be suppressed for the rest of this program. (Triggered internally at ../torch/csrc/utils/tensor_numpy.cpp:206.)
  type_int = torch.from_numpy(adata.obs[args.type_key].cat.codes.values).long()
/data/zhangpeiru/GARQ_revision/data_utils.py:131: RuntimeWarning: Mean of empty slice.
  [data[meta_ids == i].mean(axis=0) for i in range(meta_ids.max() + 1)]
/home/zhangpeiru/.conda/envs/MetqQ2/lib/python3.11/site-packages/numpy/core/_methods.py:121: RuntimeWarning: invalid value encountered in divide
  ret = um.true_divide(
/home/zhangpeiru/.conda/envs/MetqQ2/lib/python3.11/site-packages/louvain/__init__.py:54: UserWarning: pkg_resources is deprecated as an API. See https://setuptools.pypa.io/en/latest/pkg_resources.html. The pkg_resources package is slated for removal as early as 2025-11-30. Refrain from using this package or pin to Setuptools<81.
  from pkg_resources import get_distribution, DistributionNotFound
/home/zhangpeiru/.conda/envs/MetqQ2/lib/python3.11/site-packages/anndata/utils.py:434: FutureWarning: Importing read_csv from `anndata` is deprecated. Import anndata.io.read_csv instead.
  warnings.warn(msg, FutureWarning)
/home/zhangpeiru/.conda/envs/MetqQ2/lib/python3.11/site-packages/anndata/utils.py:434: FutureWarning: Importing read_text from `anndata` is deprecated. Import anndata.io.read_text instead.
  warnings.warn(msg, FutureWarning)
/home/zhangpeiru/.conda/envs/MetqQ2/lib/python3.11/site-packages/anndata/utils.py:434: FutureWarning: Importing read_excel from `anndata` is deprecated. Import anndata.io.read_excel instead.
  warnings.warn(msg, FutureWarning)
/home/zhangpeiru/.conda/envs/MetqQ2/lib/python3.11/site-packages/anndata/utils.py:434: FutureWarning: Importing read_mtx from `anndata` is deprecated. Import anndata.io.read_mtx instead.
  warnings.warn(msg, FutureWarning)
/home/zhangpeiru/.conda/envs/MetqQ2/lib/python3.11/site-packages/anndata/utils.py:434: FutureWarning: Importing read_loom from `anndata` is deprecated. Import anndata.io.read_loom instead.
  warnings.warn(msg, FutureWarning)
/home/zhangpeiru/.conda/envs/MetqQ2/lib/python3.11/site-packages/anndata/utils.py:434: FutureWarning: Importing read_hdf from `anndata` is deprecated. Import anndata.io.read_hdf instead.
  warnings.warn(msg, FutureWarning)
/home/zhangpeiru/.conda/envs/MetqQ2/lib/python3.11/site-packages/anndata/utils.py:434: FutureWarning: Importing read_umi_tools from `anndata` is deprecated. Import anndata.io.read_umi_tools instead.
  warnings.warn(msg, FutureWarning)
WARNING: adata.X seems to be already log-transformed.
/home/zhangpeiru/.conda/envs/MetqQ2/lib/python3.11/site-packages/scanpy/preprocessing/_highly_variable_genes.py:220: FutureWarning: The default of observed=False is deprecated and will be changed to True in a future version of pandas. Pass observed=False to retain current behavior or observed=True to adopt the future default and silence this warning.
  disp_grouped = df.groupby('mean_bin')['dispersions']
/home/zhangpeiru/.conda/envs/MetqQ2/lib/python3.11/site-packages/scanpy/preprocessing/_simple.py:843: UserWarning: Received a view of an AnnData. Making a copy.
  view_to_actual(adata)
/home/zhangpeiru/.conda/envs/MetqQ2/lib/python3.11/site-packages/scanpy/preprocessing/_highly_variable_genes.py:220: FutureWarning: The default of observed=False is deprecated and will be changed to True in a future version of pandas. Pass observed=False to retain current behavior or observed=True to adopt the future default and silence this warning.
  disp_grouped = df.groupby('mean_bin')['dispersions']
/home/zhangpeiru/.conda/envs/MetqQ2/lib/python3.11/site-packages/scanpy/preprocessing/_simple.py:843: UserWarning: Received a view of an AnnData. Making a copy.
  view_to_actual(adata)
=======Loading and Preprocessing Data=======
Data of 2 omics in total
revision_results/cache/subsets/D11_11_GSE194122_rna_2000cells_seed1729.h5ad loaded with shape [2000, 3004]
revision_results/cache/subsets/D11_11_GSE194122_atac_2000cells_seed1729.h5ad loaded with shape [2000, 30000]
2026-08-29 17:01:50,918 INFO Loading faiss with AVX512 support.
2026-08-29 17:01:50,939 INFO Successfully loaded faiss with AVX512 support.
2026-08-29 17:01:50,945 INFO Failed to load GPU Faiss: name 'GpuIndexIVFFlat' is not defined. Will not load constructor refs for GPU indexes. This is only an error if you're trying to use GPU Faiss.
WARNING clustering 512 points to 40 centroids: please provide at least 1560 training points
GARQ Initialization completed.
/home/zhangpeiru/.conda/envs/MetqQ2/lib/python3.11/site-packages/torch/autograd/__init__.py:251: UserWarning: Deterministic behavior was enabled with either `torch.use_deterministic_algorithms(True)` or `at::Context::setDeterministicAlgorithms(true)`, but this operation is not deterministic because it uses CuBLAS and you have CUDA >= 10.2. To enable deterministic behavior in this case, you must set an environment variable before running your PyTorch application: CUBLAS_WORKSPACE_CONFIG=:4096:8 or CUBLAS_WORKSPACE_CONFIG=:16:8. For more information, go to https://docs.nvidia.com/cuda/cublas/index.html#cublasApi_reproducibility (Triggered internally at ../aten/src/ATen/Context.cpp:156.)
  Variable._execution_engine.run_backward(  # Calls into the C++ engine to run the backward pass
/home/zhangpeiru/.conda/envs/MetqQ2/lib/python3.11/site-packages/torch/autograd/__init__.py:251: UserWarning: Memory Efficient attention defaults to a non-deterministic algorithm. To explicitly enable determinism call torch.use_deterministic_algorithms(True, warn_only=False). (Triggered internally at ../aten/src/ATen/native/transformers/cuda/attention_backward.cu:413.)
  Variable._execution_engine.run_backward(  # Calls into the C++ engine to run the backward pass
Epoch 1, RNA: recon_loss=0.2395 , ATAC: recon_loss=0.3807 
/home/zhangpeiru/.conda/envs/MetqQ2/lib/python3.11/site-packages/torch/functional.py:377: UserWarning: Deterministic behavior was enabled with either `torch.use_deterministic_algorithms(True)` or `at::Context::setDeterministicAlgorithms(true)`, but this operation is not deterministic because it uses CuBLAS and you have CUDA >= 10.2. To enable deterministic behavior in this case, you must set an environment variable before running your PyTorch application: CUBLAS_WORKSPACE_CONFIG=:4096:8 or CUBLAS_WORKSPACE_CONFIG=:16:8. For more information, go to https://docs.nvidia.com/cuda/cublas/index.html#cublasApi_reproducibility (Triggered internally at ../aten/src/ATen/Context.cpp:156.)
  return _VF.einsum(equation, operands)  # type: ignore[attr-defined]
/data/zhangpeiru/GARQ_revision/model.py:60: UserWarning: Deterministic behavior was enabled with either `torch.use_deterministic_algorithms(True)` or `at::Context::setDeterministicAlgorithms(true)`, but this operation is not deterministic because it uses CuBLAS and you have CUDA >= 10.2. To enable deterministic behavior in this case, you must set an environment variable before running your PyTorch application: CUBLAS_WORKSPACE_CONFIG=:4096:8 or CUBLAS_WORKSPACE_CONFIG=:16:8. For more information, go to https://docs.nvidia.com/cuda/cublas/index.html#cublasApi_reproducibility (Triggered internally at ../aten/src/ATen/Context.cpp:156.)
  cell_sim = torch.matmul(normed_e, normed_e.T)
/data/zhangpeiru/GARQ_revision/model.py:78: UserWarning: Deterministic behavior was enabled with either `torch.use_deterministic_algorithms(True)` or `at::Context::setDeterministicAlgorithms(true)`, but this operation is not deterministic because it uses CuBLAS and you have CUDA >= 10.2. To enable deterministic behavior in this case, you must set an environment variable before running your PyTorch application: CUBLAS_WORKSPACE_CONFIG=:4096:8 or CUBLAS_WORKSPACE_CONFIG=:16:8. For more information, go to https://docs.nvidia.com/cuda/cublas/index.html#cublasApi_reproducibility (Triggered internally at ../aten/src/ATen/Context.cpp:156.)
  smoothed_sim = torch.matmul(adj, raw_sim)
/data/zhangpeiru/GARQ_revision/model.py:100: UserWarning: Deterministic behavior was enabled with either `torch.use_deterministic_algorithms(True)` or `at::Context::setDeterministicAlgorithms(true)`, but this operation is not deterministic because it uses CuBLAS and you have CUDA >= 10.2. To enable deterministic behavior in this case, you must set an environment variable before running your PyTorch application: CUBLAS_WORKSPACE_CONFIG=:4096:8 or CUBLAS_WORKSPACE_CONFIG=:16:8. For more information, go to https://docs.nvidia.com/cuda/cublas/index.html#cublasApi_reproducibility (Triggered internally at ../aten/src/ATen/Context.cpp:156.)
  e_q = torch.matmul(assignments, self.anchors.weight)
/data/zhangpeiru/GARQ_revision/model.py:121: UserWarning: cumsum_cuda_kernel does not have a deterministic implementation, but you set 'torch.use_deterministic_algorithms(True, warn_only=True)'. You can file an issue at https://github.com/pytorch/pytorch/issues to help us prioritize adding deterministic support for this operation. (Triggered internally at ../aten/src/ATen/Context.cpp:71.)
  dis_indices = torch.multinomial(
/data/zhangpeiru/GARQ_revision/data_utils.py:140: UserWarning: The given NumPy array is not writable, and PyTorch does not support non-writable tensors. This means writing to this tensor will result in undefined behavior. You may want to copy the array to protect its data or make it writable before converting it to a tensor. This type of warning will be suppressed for the rest of this program. (Triggered internally at ../torch/csrc/utils/tensor_numpy.cpp:206.)
  type_int = torch.from_numpy(adata.obs[args.type_key].cat.codes.values).long()
/home/zhangpeiru/.conda/envs/MetqQ2/lib/python3.11/site-packages/louvain/__init__.py:54: UserWarning: pkg_resources is deprecated as an API. See https://setuptools.pypa.io/en/latest/pkg_resources.html. The pkg_resources package is slated for removal as early as 2025-11-30. Refrain from using this package or pin to Setuptools<81.
  from pkg_resources import get_distribution, DistributionNotFound
/home/zhangpeiru/.conda/envs/MetqQ2/lib/python3.11/site-packages/anndata/utils.py:434: FutureWarning: Importing read_csv from `anndata` is deprecated. Import anndata.io.read_csv instead.
  warnings.warn(msg, FutureWarning)
/home/zhangpeiru/.conda/envs/MetqQ2/lib/python3.11/site-packages/anndata/utils.py:434: FutureWarning: Importing read_text from `anndata` is deprecated. Import anndata.io.read_text instead.
  warnings.warn(msg, FutureWarning)
/home/zhangpeiru/.conda/envs/MetqQ2/lib/python3.11/site-packages/anndata/utils.py:434: FutureWarning: Importing read_excel from `anndata` is deprecated. Import anndata.io.read_excel instead.
  warnings.warn(msg, FutureWarning)
/home/zhangpeiru/.conda/envs/MetqQ2/lib/python3.11/site-packages/anndata/utils.py:434: FutureWarning: Importing read_mtx from `anndata` is deprecated. Import anndata.io.read_mtx instead.
  warnings.warn(msg, FutureWarning)
/home/zhangpeiru/.conda/envs/MetqQ2/lib/python3.11/site-packages/anndata/utils.py:434: FutureWarning: Importing read_loom from `anndata` is deprecated. Import anndata.io.read_loom instead.
  warnings.warn(msg, FutureWarning)
/home/zhangpeiru/.conda/envs/MetqQ2/lib/python3.11/site-packages/anndata/utils.py:434: FutureWarning: Importing read_hdf from `anndata` is deprecated. Import anndata.io.read_hdf instead.
  warnings.warn(msg, FutureWarning)
/home/zhangpeiru/.conda/envs/MetqQ2/lib/python3.11/site-packages/anndata/utils.py:434: FutureWarning: Importing read_umi_tools from `anndata` is deprecated. Import anndata.io.read_umi_tools instead.
  warnings.warn(msg, FutureWarning)
WARNING: adata.X seems to be already log-transformed.
/home/zhangpeiru/.conda/envs/MetqQ2/lib/python3.11/site-packages/scanpy/preprocessing/_highly_variable_genes.py:220: FutureWarning: The default of observed=False is deprecated and will be changed to True in a future version of pandas. Pass observed=False to retain current behavior or observed=True to adopt the future default and silence this warning.
  disp_grouped = df.groupby('mean_bin')['dispersions']
/home/zhangpeiru/.conda/envs/MetqQ2/lib/python3.11/site-packages/scanpy/preprocessing/_simple.py:843: UserWarning: Received a view of an AnnData. Making a copy.
  view_to_actual(adata)
/home/zhangpeiru/.conda/envs/MetqQ2/lib/python3.11/site-packages/scanpy/preprocessing/_highly_variable_genes.py:220: FutureWarning: The default of observed=False is deprecated and will be changed to True in a future version of pandas. Pass observed=False to retain current behavior or observed=True to adopt the future default and silence this warning.
  disp_grouped = df.groupby('mean_bin')['dispersions']
/home/zhangpeiru/.conda/envs/MetqQ2/lib/python3.11/site-packages/scanpy/preprocessing/_simple.py:843: UserWarning: Received a view of an AnnData. Making a copy.
  view_to_actual(adata)
=======Loading and Preprocessing Data=======
Data of 2 omics in total
revision_results/cache/subsets/D11_11_GSE194122_rna_2000cells_seed1729.h5ad loaded with shape [2000, 3004]
revision_results/cache/subsets/D11_11_GSE194122_atac_2000cells_seed1729.h5ad loaded with shape [2000, 30000]
2026-08-29 17:02:07,784 INFO Loading faiss with AVX512 support.
2026-08-29 17:02:07,806 INFO Successfully loaded faiss with AVX512 support.
2026-08-29 17:02:07,809 INFO Failed to load GPU Faiss: name 'GpuIndexIVFFlat' is not defined. Will not load constructor refs for GPU indexes. This is only an error if you're trying to use GPU Faiss.
WARNING clustering 512 points to 40 centroids: please provide at least 1560 training points
GARQ Initialization completed.
/home/zhangpeiru/.conda/envs/MetqQ2/lib/python3.11/site-packages/torch/autograd/__init__.py:251: UserWarning: Deterministic behavior was enabled with either `torch.use_deterministic_algorithms(True)` or `at::Context::setDeterministicAlgorithms(true)`, but this operation is not deterministic because it uses CuBLAS and you have CUDA >= 10.2. To enable deterministic behavior in this case, you must set an environment variable before running your PyTorch application: CUBLAS_WORKSPACE_CONFIG=:4096:8 or CUBLAS_WORKSPACE_CONFIG=:16:8. For more information, go to https://docs.nvidia.com/cuda/cublas/index.html#cublasApi_reproducibility (Triggered internally at ../aten/src/ATen/Context.cpp:156.)
  Variable._execution_engine.run_backward(  # Calls into the C++ engine to run the backward pass
/home/zhangpeiru/.conda/envs/MetqQ2/lib/python3.11/site-packages/torch/autograd/__init__.py:251: UserWarning: Memory Efficient attention defaults to a non-deterministic algorithm. To explicitly enable determinism call torch.use_deterministic_algorithms(True, warn_only=False). (Triggered internally at ../aten/src/ATen/native/transformers/cuda/attention_backward.cu:413.)
  Variable._execution_engine.run_backward(  # Calls into the C++ engine to run the backward pass
Epoch 1, RNA: recon_loss=0.2396 , ATAC: recon_loss=0.3768 
/home/zhangpeiru/.conda/envs/MetqQ2/lib/python3.11/site-packages/torch/functional.py:377: UserWarning: Deterministic behavior was enabled with either `torch.use_deterministic_algorithms(True)` or `at::Context::setDeterministicAlgorithms(true)`, but this operation is not deterministic because it uses CuBLAS and you have CUDA >= 10.2. To enable deterministic behavior in this case, you must set an environment variable before running your PyTorch application: CUBLAS_WORKSPACE_CONFIG=:4096:8 or CUBLAS_WORKSPACE_CONFIG=:16:8. For more information, go to https://docs.nvidia.com/cuda/cublas/index.html#cublasApi_reproducibility (Triggered internally at ../aten/src/ATen/Context.cpp:156.)
  return _VF.einsum(equation, operands)  # type: ignore[attr-defined]
/data/zhangpeiru/GARQ_revision/model.py:60: UserWarning: Deterministic behavior was enabled with either `torch.use_deterministic_algorithms(True)` or `at::Context::setDeterministicAlgorithms(true)`, but this operation is not deterministic because it uses CuBLAS and you have CUDA >= 10.2. To enable deterministic behavior in this case, you must set an environment variable before running your PyTorch application: CUBLAS_WORKSPACE_CONFIG=:4096:8 or CUBLAS_WORKSPACE_CONFIG=:16:8. For more information, go to https://docs.nvidia.com/cuda/cublas/index.html#cublasApi_reproducibility (Triggered internally at ../aten/src/ATen/Context.cpp:156.)
  cell_sim = torch.matmul(normed_e, normed_e.T)
/data/zhangpeiru/GARQ_revision/model.py:78: UserWarning: Deterministic behavior was enabled with either `torch.use_deterministic_algorithms(True)` or `at::Context::setDeterministicAlgorithms(true)`, but this operation is not deterministic because it uses CuBLAS and you have CUDA >= 10.2. To enable deterministic behavior in this case, you must set an environment variable before running your PyTorch application: CUBLAS_WORKSPACE_CONFIG=:4096:8 or CUBLAS_WORKSPACE_CONFIG=:16:8. For more information, go to https://docs.nvidia.com/cuda/cublas/index.html#cublasApi_reproducibility (Triggered internally at ../aten/src/ATen/Context.cpp:156.)
  smoothed_sim = torch.matmul(adj, raw_sim)
/data/zhangpeiru/GARQ_revision/model.py:100: UserWarning: Deterministic behavior was enabled with either `torch.use_deterministic_algorithms(True)` or `at::Context::setDeterministicAlgorithms(true)`, but this operation is not deterministic because it uses CuBLAS and you have CUDA >= 10.2. To enable deterministic behavior in this case, you must set an environment variable before running your PyTorch application: CUBLAS_WORKSPACE_CONFIG=:4096:8 or CUBLAS_WORKSPACE_CONFIG=:16:8. For more information, go to https://docs.nvidia.com/cuda/cublas/index.html#cublasApi_reproducibility (Triggered internally at ../aten/src/ATen/Context.cpp:156.)
  e_q = torch.matmul(assignments, self.anchors.weight)
/data/zhangpeiru/GARQ_revision/model.py:121: UserWarning: cumsum_cuda_kernel does not have a deterministic implementation, but you set 'torch.use_deterministic_algorithms(True, warn_only=True)'. You can file an issue at https://github.com/pytorch/pytorch/issues to help us prioritize adding deterministic support for this operation. (Triggered internally at ../aten/src/ATen/Context.cpp:71.)
  dis_indices = torch.multinomial(
/data/zhangpeiru/GARQ_revision/data_utils.py:140: UserWarning: The given NumPy array is not writable, and PyTorch does not support non-writable tensors. This means writing to this tensor will result in undefined behavior. You may want to copy the array to protect its data or make it writable before converting it to a tensor. This type of warning will be suppressed for the rest of this program. (Triggered internally at ../torch/csrc/utils/tensor_numpy.cpp:206.)
  type_int = torch.from_numpy(adata.obs[args.type_key].cat.codes.values).long()
/home/zhangpeiru/.conda/envs/MetqQ2/lib/python3.11/site-packages/louvain/__init__.py:54: UserWarning: pkg_resources is deprecated as an API. See https://setuptools.pypa.io/en/latest/pkg_resources.html. The pkg_resources package is slated for removal as early as 2025-11-30. Refrain from using this package or pin to Setuptools<81.
  from pkg_resources import get_distribution, DistributionNotFound
/home/zhangpeiru/.conda/envs/MetqQ2/lib/python3.11/site-packages/anndata/utils.py:434: FutureWarning: Importing read_csv from `anndata` is deprecated. Import anndata.io.read_csv instead.
  warnings.warn(msg, FutureWarning)
/home/zhangpeiru/.conda/envs/MetqQ2/lib/python3.11/site-packages/anndata/utils.py:434: FutureWarning: Importing read_text from `anndata` is deprecated. Import anndata.io.read_text instead.
  warnings.warn(msg, FutureWarning)
/home/zhangpeiru/.conda/envs/MetqQ2/lib/python3.11/site-packages/anndata/utils.py:434: FutureWarning: Importing read_excel from `anndata` is deprecated. Import anndata.io.read_excel instead.
  warnings.warn(msg, FutureWarning)
/home/zhangpeiru/.conda/envs/MetqQ2/lib/python3.11/site-packages/anndata/utils.py:434: FutureWarning: Importing read_mtx from `anndata` is deprecated. Import anndata.io.read_mtx instead.
  warnings.warn(msg, FutureWarning)
/home/zhangpeiru/.conda/envs/MetqQ2/lib/python3.11/site-packages/anndata/utils.py:434: FutureWarning: Importing read_loom from `anndata` is deprecated. Import anndata.io.read_loom instead.
  warnings.warn(msg, FutureWarning)
/home/zhangpeiru/.conda/envs/MetqQ2/lib/python3.11/site-packages/anndata/utils.py:434: FutureWarning: Importing read_hdf from `anndata` is deprecated. Import anndata.io.read_hdf instead.
  warnings.warn(msg, FutureWarning)
/home/zhangpeiru/.conda/envs/MetqQ2/lib/python3.11/site-packages/anndata/utils.py:434: FutureWarning: Importing read_umi_tools from `anndata` is deprecated. Import anndata.io.read_umi_tools instead.
  warnings.warn(msg, FutureWarning)
WARNING: adata.X seems to be already log-transformed.
/home/zhangpeiru/.conda/envs/MetqQ2/lib/python3.11/site-packages/scanpy/preprocessing/_highly_variable_genes.py:220: FutureWarning: The default of observed=False is deprecated and will be changed to True in a future version of pandas. Pass observed=False to retain current behavior or observed=True to adopt the future default and silence this warning.
  disp_grouped = df.groupby('mean_bin')['dispersions']
/home/zhangpeiru/.conda/envs/MetqQ2/lib/python3.11/site-packages/scanpy/preprocessing/_simple.py:843: UserWarning: Received a view of an AnnData. Making a copy.
  view_to_actual(adata)
/home/zhangpeiru/.conda/envs/MetqQ2/lib/python3.11/site-packages/scanpy/preprocessing/_highly_variable_genes.py:220: FutureWarning: The default of observed=False is deprecated and will be changed to True in a future version of pandas. Pass observed=False to retain current behavior or observed=True to adopt the future default and silence this warning.
  disp_grouped = df.groupby('mean_bin')['dispersions']
/home/zhangpeiru/.conda/envs/MetqQ2/lib/python3.11/site-packages/scanpy/preprocessing/_simple.py:843: UserWarning: Received a view of an AnnData. Making a copy.
  view_to_actual(adata)
=======Loading and Preprocessing Data=======
Data of 2 omics in total
revision_results/cache/subsets/D11_11_GSE194122_rna_2000cells_seed1729.h5ad loaded with shape [2000, 3004]
revision_results/cache/subsets/D11_11_GSE194122_atac_2000cells_seed1729.h5ad loaded with shape [2000, 30000]
2026-08-29 17:02:25,857 INFO Loading faiss with AVX512 support.
2026-08-29 17:02:25,883 INFO Successfully loaded faiss with AVX512 support.
2026-08-29 17:02:25,888 INFO Failed to load GPU Faiss: name 'GpuIndexIVFFlat' is not defined. Will not load constructor refs for GPU indexes. This is only an error if you're trying to use GPU Faiss.
WARNING clustering 512 points to 40 centroids: please provide at least 1560 training points
GARQ Initialization completed.
/home/zhangpeiru/.conda/envs/MetqQ2/lib/python3.11/site-packages/torch/autograd/__init__.py:251: UserWarning: Deterministic behavior was enabled with either `torch.use_deterministic_algorithms(True)` or `at::Context::setDeterministicAlgorithms(true)`, but this operation is not deterministic because it uses CuBLAS and you have CUDA >= 10.2. To enable deterministic behavior in this case, you must set an environment variable before running your PyTorch application: CUBLAS_WORKSPACE_CONFIG=:4096:8 or CUBLAS_WORKSPACE_CONFIG=:16:8. For more information, go to https://docs.nvidia.com/cuda/cublas/index.html#cublasApi_reproducibility (Triggered internally at ../aten/src/ATen/Context.cpp:156.)
  Variable._execution_engine.run_backward(  # Calls into the C++ engine to run the backward pass
/home/zhangpeiru/.conda/envs/MetqQ2/lib/python3.11/site-packages/torch/autograd/__init__.py:251: UserWarning: Memory Efficient attention defaults to a non-deterministic algorithm. To explicitly enable determinism call torch.use_deterministic_algorithms(True, warn_only=False). (Triggered internally at ../aten/src/ATen/native/transformers/cuda/attention_backward.cu:413.)
  Variable._execution_engine.run_backward(  # Calls into the C++ engine to run the backward pass
Epoch 1, RNA: recon_loss=0.2393 , ATAC: recon_loss=0.3755 
/home/zhangpeiru/.conda/envs/MetqQ2/lib/python3.11/site-packages/torch/functional.py:377: UserWarning: Deterministic behavior was enabled with either `torch.use_deterministic_algorithms(True)` or `at::Context::setDeterministicAlgorithms(true)`, but this operation is not deterministic because it uses CuBLAS and you have CUDA >= 10.2. To enable deterministic behavior in this case, you must set an environment variable before running your PyTorch application: CUBLAS_WORKSPACE_CONFIG=:4096:8 or CUBLAS_WORKSPACE_CONFIG=:16:8. For more information, go to https://docs.nvidia.com/cuda/cublas/index.html#cublasApi_reproducibility (Triggered internally at ../aten/src/ATen/Context.cpp:156.)
  return _VF.einsum(equation, operands)  # type: ignore[attr-defined]
/data/zhangpeiru/GARQ_revision/model.py:60: UserWarning: Deterministic behavior was enabled with either `torch.use_deterministic_algorithms(True)` or `at::Context::setDeterministicAlgorithms(true)`, but this operation is not deterministic because it uses CuBLAS and you have CUDA >= 10.2. To enable deterministic behavior in this case, you must set an environment variable before running your PyTorch application: CUBLAS_WORKSPACE_CONFIG=:4096:8 or CUBLAS_WORKSPACE_CONFIG=:16:8. For more information, go to https://docs.nvidia.com/cuda/cublas/index.html#cublasApi_reproducibility (Triggered internally at ../aten/src/ATen/Context.cpp:156.)
  cell_sim = torch.matmul(normed_e, normed_e.T)
/data/zhangpeiru/GARQ_revision/model.py:78: UserWarning: Deterministic behavior was enabled with either `torch.use_deterministic_algorithms(True)` or `at::Context::setDeterministicAlgorithms(true)`, but this operation is not deterministic because it uses CuBLAS and you have CUDA >= 10.2. To enable deterministic behavior in this case, you must set an environment variable before running your PyTorch application: CUBLAS_WORKSPACE_CONFIG=:4096:8 or CUBLAS_WORKSPACE_CONFIG=:16:8. For more information, go to https://docs.nvidia.com/cuda/cublas/index.html#cublasApi_reproducibility (Triggered internally at ../aten/src/ATen/Context.cpp:156.)
  smoothed_sim = torch.matmul(adj, raw_sim)
/data/zhangpeiru/GARQ_revision/model.py:100: UserWarning: Deterministic behavior was enabled with either `torch.use_deterministic_algorithms(True)` or `at::Context::setDeterministicAlgorithms(true)`, but this operation is not deterministic because it uses CuBLAS and you have CUDA >= 10.2. To enable deterministic behavior in this case, you must set an environment variable before running your PyTorch application: CUBLAS_WORKSPACE_CONFIG=:4096:8 or CUBLAS_WORKSPACE_CONFIG=:16:8. For more information, go to https://docs.nvidia.com/cuda/cublas/index.html#cublasApi_reproducibility (Triggered internally at ../aten/src/ATen/Context.cpp:156.)
  e_q = torch.matmul(assignments, self.anchors.weight)
/data/zhangpeiru/GARQ_revision/data_utils.py:131: RuntimeWarning: Mean of empty slice.
  [data[meta_ids == i].mean(axis=0) for i in range(meta_ids.max() + 1)]
/home/zhangpeiru/.conda/envs/MetqQ2/lib/python3.11/site-packages/numpy/core/_methods.py:121: RuntimeWarning: invalid value encountered in divide
  ret = um.true_divide(
/data/zhangpeiru/GARQ_revision/data_utils.py:140: UserWarning: The given NumPy array is not writable, and PyTorch does not support non-writable tensors. This means writing to this tensor will result in undefined behavior. You may want to copy the array to protect its data or make it writable before converting it to a tensor. This type of warning will be suppressed for the rest of this program. (Triggered internally at ../torch/csrc/utils/tensor_numpy.cpp:206.)
  type_int = torch.from_numpy(adata.obs[args.type_key].cat.codes.values).long()
/data/zhangpeiru/GARQ_revision/data_utils.py:131: RuntimeWarning: Mean of empty slice.
  [data[meta_ids == i].mean(axis=0) for i in range(meta_ids.max() + 1)]
/home/zhangpeiru/.conda/envs/MetqQ2/lib/python3.11/site-packages/numpy/core/_methods.py:121: RuntimeWarning: invalid value encountered in divide
  ret = um.true_divide(
/home/zhangpeiru/.conda/envs/MetqQ2/lib/python3.11/site-packages/louvain/__init__.py:54: UserWarning: pkg_resources is deprecated as an API. See https://setuptools.pypa.io/en/latest/pkg_resources.html. The pkg_resources package is slated for removal as early as 2025-11-30. Refrain from using this package or pin to Setuptools<81.
  from pkg_resources import get_distribution, DistributionNotFound
/home/zhangpeiru/.conda/envs/MetqQ2/lib/python3.11/site-packages/anndata/utils.py:434: FutureWarning: Importing read_csv from `anndata` is deprecated. Import anndata.io.read_csv instead.
  warnings.warn(msg, FutureWarning)
/home/zhangpeiru/.conda/envs/MetqQ2/lib/python3.11/site-packages/anndata/utils.py:434: FutureWarning: Importing read_text from `anndata` is deprecated. Import anndata.io.read_text instead.
  warnings.warn(msg, FutureWarning)
/home/zhangpeiru/.conda/envs/MetqQ2/lib/python3.11/site-packages/anndata/utils.py:434: FutureWarning: Importing read_excel from `anndata` is deprecated. Import anndata.io.read_excel instead.
  warnings.warn(msg, FutureWarning)
/home/zhangpeiru/.conda/envs/MetqQ2/lib/python3.11/site-packages/anndata/utils.py:434: FutureWarning: Importing read_mtx from `anndata` is deprecated. Import anndata.io.read_mtx instead.
  warnings.warn(msg, FutureWarning)
/home/zhangpeiru/.conda/envs/MetqQ2/lib/python3.11/site-packages/anndata/utils.py:434: FutureWarning: Importing read_loom from `anndata` is deprecated. Import anndata.io.read_loom instead.
  warnings.warn(msg, FutureWarning)
/home/zhangpeiru/.conda/envs/MetqQ2/lib/python3.11/site-packages/anndata/utils.py:434: FutureWarning: Importing read_hdf from `anndata` is deprecated. Import anndata.io.read_hdf instead.
  warnings.warn(msg, FutureWarning)
/home/zhangpeiru/.conda/envs/MetqQ2/lib/python3.11/site-packages/anndata/utils.py:434: FutureWarning: Importing read_umi_tools from `anndata` is deprecated. Import anndata.io.read_umi_tools instead.
  warnings.warn(msg, FutureWarning)
WARNING: adata.X seems to be already log-transformed.
/home/zhangpeiru/.conda/envs/MetqQ2/lib/python3.11/site-packages/scanpy/preprocessing/_highly_variable_genes.py:220: FutureWarning: The default of observed=False is deprecated and will be changed to True in a future version of pandas. Pass observed=False to retain current behavior or observed=True to adopt the future default and silence this warning.
  disp_grouped = df.groupby('mean_bin')['dispersions']
/home/zhangpeiru/.conda/envs/MetqQ2/lib/python3.11/site-packages/scanpy/preprocessing/_simple.py:843: UserWarning: Received a view of an AnnData. Making a copy.
  view_to_actual(adata)
/home/zhangpeiru/.conda/envs/MetqQ2/lib/python3.11/site-packages/scanpy/preprocessing/_highly_variable_genes.py:220: FutureWarning: The default of observed=False is deprecated and will be changed to True in a future version of pandas. Pass observed=False to retain current behavior or observed=True to adopt the future default and silence this warning.
  disp_grouped = df.groupby('mean_bin')['dispersions']
/home/zhangpeiru/.conda/envs/MetqQ2/lib/python3.11/site-packages/scanpy/preprocessing/_simple.py:843: UserWarning: Received a view of an AnnData. Making a copy.
  view_to_actual(adata)
=======Loading and Preprocessing Data=======
Data of 2 omics in total
revision_results/cache/subsets/D11_11_GSE194122_rna_2000cells_seed1729.h5ad loaded with shape [2000, 3004]
revision_results/cache/subsets/D11_11_GSE194122_atac_2000cells_seed1729.h5ad loaded with shape [2000, 30000]
2026-08-29 17:02:44,726 INFO Loading faiss with AVX512 support.
2026-08-29 17:02:44,750 INFO Successfully loaded faiss with AVX512 support.
2026-08-29 17:02:44,755 INFO Failed to load GPU Faiss: name 'GpuIndexIVFFlat' is not defined. Will not load constructor refs for GPU indexes. This is only an error if you're trying to use GPU Faiss.
WARNING clustering 512 points to 40 centroids: please provide at least 1560 training points
GARQ Initialization completed.
/home/zhangpeiru/.conda/envs/MetqQ2/lib/python3.11/site-packages/torch/autograd/__init__.py:251: UserWarning: Deterministic behavior was enabled with either `torch.use_deterministic_algorithms(True)` or `at::Context::setDeterministicAlgorithms(true)`, but this operation is not deterministic because it uses CuBLAS and you have CUDA >= 10.2. To enable deterministic behavior in this case, you must set an environment variable before running your PyTorch application: CUBLAS_WORKSPACE_CONFIG=:4096:8 or CUBLAS_WORKSPACE_CONFIG=:16:8. For more information, go to https://docs.nvidia.com/cuda/cublas/index.html#cublasApi_reproducibility (Triggered internally at ../aten/src/ATen/Context.cpp:156.)
  Variable._execution_engine.run_backward(  # Calls into the C++ engine to run the backward pass
/home/zhangpeiru/.conda/envs/MetqQ2/lib/python3.11/site-packages/torch/autograd/__init__.py:251: UserWarning: Memory Efficient attention defaults to a non-deterministic algorithm. To explicitly enable determinism call torch.use_deterministic_algorithms(True, warn_only=False). (Triggered internally at ../aten/src/ATen/native/transformers/cuda/attention_backward.cu:413.)
  Variable._execution_engine.run_backward(  # Calls into the C++ engine to run the backward pass
Epoch 1, RNA: recon_loss=0.2389 , ATAC: recon_loss=0.3754 
/home/zhangpeiru/.conda/envs/MetqQ2/lib/python3.11/site-packages/torch/functional.py:377: UserWarning: Deterministic behavior was enabled with either `torch.use_deterministic_algorithms(True)` or `at::Context::setDeterministicAlgorithms(true)`, but this operation is not deterministic because it uses CuBLAS and you have CUDA >= 10.2. To enable deterministic behavior in this case, you must set an environment variable before running your PyTorch application: CUBLAS_WORKSPACE_CONFIG=:4096:8 or CUBLAS_WORKSPACE_CONFIG=:16:8. For more information, go to https://docs.nvidia.com/cuda/cublas/index.html#cublasApi_reproducibility (Triggered internally at ../aten/src/ATen/Context.cpp:156.)
  return _VF.einsum(equation, operands)  # type: ignore[attr-defined]
/data/zhangpeiru/GARQ_revision/model.py:60: UserWarning: Deterministic behavior was enabled with either `torch.use_deterministic_algorithms(True)` or `at::Context::setDeterministicAlgorithms(true)`, but this operation is not deterministic because it uses CuBLAS and you have CUDA >= 10.2. To enable deterministic behavior in this case, you must set an environment variable before running your PyTorch application: CUBLAS_WORKSPACE_CONFIG=:4096:8 or CUBLAS_WORKSPACE_CONFIG=:16:8. For more information, go to https://docs.nvidia.com/cuda/cublas/index.html#cublasApi_reproducibility (Triggered internally at ../aten/src/ATen/Context.cpp:156.)
  cell_sim = torch.matmul(normed_e, normed_e.T)
/data/zhangpeiru/GARQ_revision/model.py:78: UserWarning: Deterministic behavior was enabled with either `torch.use_deterministic_algorithms(True)` or `at::Context::setDeterministicAlgorithms(true)`, but this operation is not deterministic because it uses CuBLAS and you have CUDA >= 10.2. To enable deterministic behavior in this case, you must set an environment variable before running your PyTorch application: CUBLAS_WORKSPACE_CONFIG=:4096:8 or CUBLAS_WORKSPACE_CONFIG=:16:8. For more information, go to https://docs.nvidia.com/cuda/cublas/index.html#cublasApi_reproducibility (Triggered internally at ../aten/src/ATen/Context.cpp:156.)
  smoothed_sim = torch.matmul(adj, raw_sim)
/data/zhangpeiru/GARQ_revision/model.py:100: UserWarning: Deterministic behavior was enabled with either `torch.use_deterministic_algorithms(True)` or `at::Context::setDeterministicAlgorithms(true)`, but this operation is not deterministic because it uses CuBLAS and you have CUDA >= 10.2. To enable deterministic behavior in this case, you must set an environment variable before running your PyTorch application: CUBLAS_WORKSPACE_CONFIG=:4096:8 or CUBLAS_WORKSPACE_CONFIG=:16:8. For more information, go to https://docs.nvidia.com/cuda/cublas/index.html#cublasApi_reproducibility (Triggered internally at ../aten/src/ATen/Context.cpp:156.)
  e_q = torch.matmul(assignments, self.anchors.weight)
/data/zhangpeiru/GARQ_revision/data_utils.py:131: RuntimeWarning: Mean of empty slice.
  [data[meta_ids == i].mean(axis=0) for i in range(meta_ids.max() + 1)]
/home/zhangpeiru/.conda/envs/MetqQ2/lib/python3.11/site-packages/numpy/core/_methods.py:121: RuntimeWarning: invalid value encountered in divide
  ret = um.true_divide(
/data/zhangpeiru/GARQ_revision/data_utils.py:140: UserWarning: The given NumPy array is not writable, and PyTorch does not support non-writable tensors. This means writing to this tensor will result in undefined behavior. You may want to copy the array to protect its data or make it writable before converting it to a tensor. This type of warning will be suppressed for the rest of this program. (Triggered internally at ../torch/csrc/utils/tensor_numpy.cpp:206.)
  type_int = torch.from_numpy(adata.obs[args.type_key].cat.codes.values).long()
/data/zhangpeiru/GARQ_revision/data_utils.py:131: RuntimeWarning: Mean of empty slice.
  [data[meta_ids == i].mean(axis=0) for i in range(meta_ids.max() + 1)]
/home/zhangpeiru/.conda/envs/MetqQ2/lib/python3.11/site-packages/numpy/core/_methods.py:121: RuntimeWarning: invalid value encountered in divide
  ret = um.true_divide(
/home/zhangpeiru/.conda/envs/MetqQ2/lib/python3.11/site-packages/louvain/__init__.py:54: UserWarning: pkg_resources is deprecated as an API. See https://setuptools.pypa.io/en/latest/pkg_resources.html. The pkg_resources package is slated for removal as early as 2025-11-30. Refrain from using this package or pin to Setuptools<81.
  from pkg_resources import get_distribution, DistributionNotFound
/home/zhangpeiru/.conda/envs/MetqQ2/lib/python3.11/site-packages/anndata/utils.py:434: FutureWarning: Importing read_csv from `anndata` is deprecated. Import anndata.io.read_csv instead.
  warnings.warn(msg, FutureWarning)
/home/zhangpeiru/.conda/envs/MetqQ2/lib/python3.11/site-packages/anndata/utils.py:434: FutureWarning: Importing read_text from `anndata` is deprecated. Import anndata.io.read_text instead.
  warnings.warn(msg, FutureWarning)
/home/zhangpeiru/.conda/envs/MetqQ2/lib/python3.11/site-packages/anndata/utils.py:434: FutureWarning: Importing read_excel from `anndata` is deprecated. Import anndata.io.read_excel instead.
  warnings.warn(msg, FutureWarning)
/home/zhangpeiru/.conda/envs/MetqQ2/lib/python3.11/site-packages/anndata/utils.py:434: FutureWarning: Importing read_mtx from `anndata` is deprecated. Import anndata.io.read_mtx instead.
  warnings.warn(msg, FutureWarning)
/home/zhangpeiru/.conda/envs/MetqQ2/lib/python3.11/site-packages/anndata/utils.py:434: FutureWarning: Importing read_loom from `anndata` is deprecated. Import anndata.io.read_loom instead.
  warnings.warn(msg, FutureWarning)
/home/zhangpeiru/.conda/envs/MetqQ2/lib/python3.11/site-packages/anndata/utils.py:434: FutureWarning: Importing read_hdf from `anndata` is deprecated. Import anndata.io.read_hdf instead.
  warnings.warn(msg, FutureWarning)
/home/zhangpeiru/.conda/envs/MetqQ2/lib/python3.11/site-packages/anndata/utils.py:434: FutureWarning: Importing read_umi_tools from `anndata` is deprecated. Import anndata.io.read_umi_tools instead.
  warnings.warn(msg, FutureWarning)
WARNING: adata.X seems to be already log-transformed.
/home/zhangpeiru/.conda/envs/MetqQ2/lib/python3.11/site-packages/scanpy/preprocessing/_highly_variable_genes.py:220: FutureWarning: The default of observed=False is deprecated and will be changed to True in a future version of pandas. Pass observed=False to retain current behavior or observed=True to adopt the future default and silence this warning.
  disp_grouped = df.groupby('mean_bin')['dispersions']
/home/zhangpeiru/.conda/envs/MetqQ2/lib/python3.11/site-packages/scanpy/preprocessing/_simple.py:843: UserWarning: Received a view of an AnnData. Making a copy.
  view_to_actual(adata)
/home/zhangpeiru/.conda/envs/MetqQ2/lib/python3.11/site-packages/scanpy/preprocessing/_highly_variable_genes.py:220: FutureWarning: The default of observed=False is deprecated and will be changed to True in a future version of pandas. Pass observed=False to retain current behavior or observed=True to adopt the future default and silence this warning.
  disp_grouped = df.groupby('mean_bin')['dispersions']
/home/zhangpeiru/.conda/envs/MetqQ2/lib/python3.11/site-packages/scanpy/preprocessing/_simple.py:843: UserWarning: Received a view of an AnnData. Making a copy.
  view_to_actual(adata)
=======Loading and Preprocessing Data=======
Data of 2 omics in total
revision_results/cache/subsets/D11_11_GSE194122_rna_2000cells_seed1729.h5ad loaded with shape [2000, 3004]
revision_results/cache/subsets/D11_11_GSE194122_atac_2000cells_seed1729.h5ad loaded with shape [2000, 30000]
2026-08-29 17:03:01,994 INFO Loading faiss with AVX512 support.
2026-08-29 17:03:02,018 INFO Successfully loaded faiss with AVX512 support.
2026-08-29 17:03:02,023 INFO Failed to load GPU Faiss: name 'GpuIndexIVFFlat' is not defined. Will not load constructor refs for GPU indexes. This is only an error if you're trying to use GPU Faiss.
WARNING clustering 512 points to 40 centroids: please provide at least 1560 training points
GARQ Initialization completed.
/home/zhangpeiru/.conda/envs/MetqQ2/lib/python3.11/site-packages/torch/autograd/__init__.py:251: UserWarning: Deterministic behavior was enabled with either `torch.use_deterministic_algorithms(True)` or `at::Context::setDeterministicAlgorithms(true)`, but this operation is not deterministic because it uses CuBLAS and you have CUDA >= 10.2. To enable deterministic behavior in this case, you must set an environment variable before running your PyTorch application: CUBLAS_WORKSPACE_CONFIG=:4096:8 or CUBLAS_WORKSPACE_CONFIG=:16:8. For more information, go to https://docs.nvidia.com/cuda/cublas/index.html#cublasApi_reproducibility (Triggered internally at ../aten/src/ATen/Context.cpp:156.)
  Variable._execution_engine.run_backward(  # Calls into the C++ engine to run the backward pass
/home/zhangpeiru/.conda/envs/MetqQ2/lib/python3.11/site-packages/torch/autograd/__init__.py:251: UserWarning: Memory Efficient attention defaults to a non-deterministic algorithm. To explicitly enable determinism call torch.use_deterministic_algorithms(True, warn_only=False). (Triggered internally at ../aten/src/ATen/native/transformers/cuda/attention_backward.cu:413.)
  Variable._execution_engine.run_backward(  # Calls into the C++ engine to run the backward pass
Epoch 1, RNA: recon_loss=0.2395 , ATAC: recon_loss=0.3807 
/home/zhangpeiru/.conda/envs/MetqQ2/lib/python3.11/site-packages/torch/functional.py:377: UserWarning: Deterministic behavior was enabled with either `torch.use_deterministic_algorithms(True)` or `at::Context::setDeterministicAlgorithms(true)`, but this operation is not deterministic because it uses CuBLAS and you have CUDA >= 10.2. To enable deterministic behavior in this case, you must set an environment variable before running your PyTorch application: CUBLAS_WORKSPACE_CONFIG=:4096:8 or CUBLAS_WORKSPACE_CONFIG=:16:8. For more information, go to https://docs.nvidia.com/cuda/cublas/index.html#cublasApi_reproducibility (Triggered internally at ../aten/src/ATen/Context.cpp:156.)
  return _VF.einsum(equation, operands)  # type: ignore[attr-defined]
/data/zhangpeiru/GARQ_revision/model.py:60: UserWarning: Deterministic behavior was enabled with either `torch.use_deterministic_algorithms(True)` or `at::Context::setDeterministicAlgorithms(true)`, but this operation is not deterministic because it uses CuBLAS and you have CUDA >= 10.2. To enable deterministic behavior in this case, you must set an environment variable before running your PyTorch application: CUBLAS_WORKSPACE_CONFIG=:4096:8 or CUBLAS_WORKSPACE_CONFIG=:16:8. For more information, go to https://docs.nvidia.com/cuda/cublas/index.html#cublasApi_reproducibility (Triggered internally at ../aten/src/ATen/Context.cpp:156.)
  cell_sim = torch.matmul(normed_e, normed_e.T)
/data/zhangpeiru/GARQ_revision/model.py:78: UserWarning: Deterministic behavior was enabled with either `torch.use_deterministic_algorithms(True)` or `at::Context::setDeterministicAlgorithms(true)`, but this operation is not deterministic because it uses CuBLAS and you have CUDA >= 10.2. To enable deterministic behavior in this case, you must set an environment variable before running your PyTorch application: CUBLAS_WORKSPACE_CONFIG=:4096:8 or CUBLAS_WORKSPACE_CONFIG=:16:8. For more information, go to https://docs.nvidia.com/cuda/cublas/index.html#cublasApi_reproducibility (Triggered internally at ../aten/src/ATen/Context.cpp:156.)
  smoothed_sim = torch.matmul(adj, raw_sim)
/data/zhangpeiru/GARQ_revision/model.py:100: UserWarning: Deterministic behavior was enabled with either `torch.use_deterministic_algorithms(True)` or `at::Context::setDeterministicAlgorithms(true)`, but this operation is not deterministic because it uses CuBLAS and you have CUDA >= 10.2. To enable deterministic behavior in this case, you must set an environment variable before running your PyTorch application: CUBLAS_WORKSPACE_CONFIG=:4096:8 or CUBLAS_WORKSPACE_CONFIG=:16:8. For more information, go to https://docs.nvidia.com/cuda/cublas/index.html#cublasApi_reproducibility (Triggered internally at ../aten/src/ATen/Context.cpp:156.)
  e_q = torch.matmul(assignments, self.anchors.weight)
/data/zhangpeiru/GARQ_revision/data_utils.py:131: RuntimeWarning: Mean of empty slice.
  [data[meta_ids == i].mean(axis=0) for i in range(meta_ids.max() + 1)]
/home/zhangpeiru/.conda/envs/MetqQ2/lib/python3.11/site-packages/numpy/core/_methods.py:121: RuntimeWarning: invalid value encountered in divide
  ret = um.true_divide(
/data/zhangpeiru/GARQ_revision/data_utils.py:140: UserWarning: The given NumPy array is not writable, and PyTorch does not support non-writable tensors. This means writing to this tensor will result in undefined behavior. You may want to copy the array to protect its data or make it writable before converting it to a tensor. This type of warning will be suppressed for the rest of this program. (Triggered internally at ../torch/csrc/utils/tensor_numpy.cpp:206.)
  type_int = torch.from_numpy(adata.obs[args.type_key].cat.codes.values).long()
/data/zhangpeiru/GARQ_revision/data_utils.py:131: RuntimeWarning: Mean of empty slice.
  [data[meta_ids == i].mean(axis=0) for i in range(meta_ids.max() + 1)]
/home/zhangpeiru/.conda/envs/MetqQ2/lib/python3.11/site-packages/numpy/core/_methods.py:121: RuntimeWarning: invalid value encountered in divide
  ret = um.true_divide(
/home/zhangpeiru/.conda/envs/MetqQ2/lib/python3.11/site-packages/louvain/__init__.py:54: UserWarning: pkg_resources is deprecated as an API. See https://setuptools.pypa.io/en/latest/pkg_resources.html. The pkg_resources package is slated for removal as early as 2025-11-30. Refrain from using this package or pin to Setuptools<81.
  from pkg_resources import get_distribution, DistributionNotFound
/home/zhangpeiru/.conda/envs/MetqQ2/lib/python3.11/site-packages/anndata/utils.py:434: FutureWarning: Importing read_csv from `anndata` is deprecated. Import anndata.io.read_csv instead.
  warnings.warn(msg, FutureWarning)
/home/zhangpeiru/.conda/envs/MetqQ2/lib/python3.11/site-packages/anndata/utils.py:434: FutureWarning: Importing read_text from `anndata` is deprecated. Import anndata.io.read_text instead.
  warnings.warn(msg, FutureWarning)
/home/zhangpeiru/.conda/envs/MetqQ2/lib/python3.11/site-packages/anndata/utils.py:434: FutureWarning: Importing read_excel from `anndata` is deprecated. Import anndata.io.read_excel instead.
  warnings.warn(msg, FutureWarning)
/home/zhangpeiru/.conda/envs/MetqQ2/lib/python3.11/site-packages/anndata/utils.py:434: FutureWarning: Importing read_mtx from `anndata` is deprecated. Import anndata.io.read_mtx instead.
  warnings.warn(msg, FutureWarning)
/home/zhangpeiru/.conda/envs/MetqQ2/lib/python3.11/site-packages/anndata/utils.py:434: FutureWarning: Importing read_loom from `anndata` is deprecated. Import anndata.io.read_loom instead.
  warnings.warn(msg, FutureWarning)
/home/zhangpeiru/.conda/envs/MetqQ2/lib/python3.11/site-packages/anndata/utils.py:434: FutureWarning: Importing read_hdf from `anndata` is deprecated. Import anndata.io.read_hdf instead.
  warnings.warn(msg, FutureWarning)
/home/zhangpeiru/.conda/envs/MetqQ2/lib/python3.11/site-packages/anndata/utils.py:434: FutureWarning: Importing read_umi_tools from `anndata` is deprecated. Import anndata.io.read_umi_tools instead.
  warnings.warn(msg, FutureWarning)
WARNING: adata.X seems to be already log-transformed.
/home/zhangpeiru/.conda/envs/MetqQ2/lib/python3.11/site-packages/scanpy/preprocessing/_highly_variable_genes.py:220: FutureWarning: The default of observed=False is deprecated and will be changed to True in a future version of pandas. Pass observed=False to retain current behavior or observed=True to adopt the future default and silence this warning.
  disp_grouped = df.groupby('mean_bin')['dispersions']
/home/zhangpeiru/.conda/envs/MetqQ2/lib/python3.11/site-packages/scanpy/preprocessing/_simple.py:843: UserWarning: Received a view of an AnnData. Making a copy.
  view_to_actual(adata)
/home/zhangpeiru/.conda/envs/MetqQ2/lib/python3.11/site-packages/scanpy/preprocessing/_highly_variable_genes.py:220: FutureWarning: The default of observed=False is deprecated and will be changed to True in a future version of pandas. Pass observed=False to retain current behavior or observed=True to adopt the future default and silence this warning.
  disp_grouped = df.groupby('mean_bin')['dispersions']
/home/zhangpeiru/.conda/envs/MetqQ2/lib/python3.11/site-packages/scanpy/preprocessing/_simple.py:843: UserWarning: Received a view of an AnnData. Making a copy.
  view_to_actual(adata)
=======Loading and Preprocessing Data=======
Data of 2 omics in total
revision_results/cache/subsets/D11_11_GSE194122_rna_2000cells_seed1729.h5ad loaded with shape [2000, 3004]
revision_results/cache/subsets/D11_11_GSE194122_atac_2000cells_seed1729.h5ad loaded with shape [2000, 30000]
2026-08-29 17:03:20,778 INFO Loading faiss with AVX512 support.
2026-08-29 17:03:20,802 INFO Successfully loaded faiss with AVX512 support.
2026-08-29 17:03:20,807 INFO Failed to load GPU Faiss: name 'GpuIndexIVFFlat' is not defined. Will not load constructor refs for GPU indexes. This is only an error if you're trying to use GPU Faiss.
WARNING clustering 512 points to 40 centroids: please provide at least 1560 training points
GARQ Initialization completed.
/home/zhangpeiru/.conda/envs/MetqQ2/lib/python3.11/site-packages/torch/autograd/__init__.py:251: UserWarning: Deterministic behavior was enabled with either `torch.use_deterministic_algorithms(True)` or `at::Context::setDeterministicAlgorithms(true)`, but this operation is not deterministic because it uses CuBLAS and you have CUDA >= 10.2. To enable deterministic behavior in this case, you must set an environment variable before running your PyTorch application: CUBLAS_WORKSPACE_CONFIG=:4096:8 or CUBLAS_WORKSPACE_CONFIG=:16:8. For more information, go to https://docs.nvidia.com/cuda/cublas/index.html#cublasApi_reproducibility (Triggered internally at ../aten/src/ATen/Context.cpp:156.)
  Variable._execution_engine.run_backward(  # Calls into the C++ engine to run the backward pass
/home/zhangpeiru/.conda/envs/MetqQ2/lib/python3.11/site-packages/torch/autograd/__init__.py:251: UserWarning: Memory Efficient attention defaults to a non-deterministic algorithm. To explicitly enable determinism call torch.use_deterministic_algorithms(True, warn_only=False). (Triggered internally at ../aten/src/ATen/native/transformers/cuda/attention_backward.cu:413.)
  Variable._execution_engine.run_backward(  # Calls into the C++ engine to run the backward pass
Epoch 1, RNA: recon_loss=0.2396 , ATAC: recon_loss=0.3768 
/home/zhangpeiru/.conda/envs/MetqQ2/lib/python3.11/site-packages/torch/functional.py:377: UserWarning: Deterministic behavior was enabled with either `torch.use_deterministic_algorithms(True)` or `at::Context::setDeterministicAlgorithms(true)`, but this operation is not deterministic because it uses CuBLAS and you have CUDA >= 10.2. To enable deterministic behavior in this case, you must set an environment variable before running your PyTorch application: CUBLAS_WORKSPACE_CONFIG=:4096:8 or CUBLAS_WORKSPACE_CONFIG=:16:8. For more information, go to https://docs.nvidia.com/cuda/cublas/index.html#cublasApi_reproducibility (Triggered internally at ../aten/src/ATen/Context.cpp:156.)
  return _VF.einsum(equation, operands)  # type: ignore[attr-defined]
/data/zhangpeiru/GARQ_revision/model.py:60: UserWarning: Deterministic behavior was enabled with either `torch.use_deterministic_algorithms(True)` or `at::Context::setDeterministicAlgorithms(true)`, but this operation is not deterministic because it uses CuBLAS and you have CUDA >= 10.2. To enable deterministic behavior in this case, you must set an environment variable before running your PyTorch application: CUBLAS_WORKSPACE_CONFIG=:4096:8 or CUBLAS_WORKSPACE_CONFIG=:16:8. For more information, go to https://docs.nvidia.com/cuda/cublas/index.html#cublasApi_reproducibility (Triggered internally at ../aten/src/ATen/Context.cpp:156.)
  cell_sim = torch.matmul(normed_e, normed_e.T)
/data/zhangpeiru/GARQ_revision/model.py:78: UserWarning: Deterministic behavior was enabled with either `torch.use_deterministic_algorithms(True)` or `at::Context::setDeterministicAlgorithms(true)`, but this operation is not deterministic because it uses CuBLAS and you have CUDA >= 10.2. To enable deterministic behavior in this case, you must set an environment variable before running your PyTorch application: CUBLAS_WORKSPACE_CONFIG=:4096:8 or CUBLAS_WORKSPACE_CONFIG=:16:8. For more information, go to https://docs.nvidia.com/cuda/cublas/index.html#cublasApi_reproducibility (Triggered internally at ../aten/src/ATen/Context.cpp:156.)
  smoothed_sim = torch.matmul(adj, raw_sim)
/data/zhangpeiru/GARQ_revision/model.py:100: UserWarning: Deterministic behavior was enabled with either `torch.use_deterministic_algorithms(True)` or `at::Context::setDeterministicAlgorithms(true)`, but this operation is not deterministic because it uses CuBLAS and you have CUDA >= 10.2. To enable deterministic behavior in this case, you must set an environment variable before running your PyTorch application: CUBLAS_WORKSPACE_CONFIG=:4096:8 or CUBLAS_WORKSPACE_CONFIG=:16:8. For more information, go to https://docs.nvidia.com/cuda/cublas/index.html#cublasApi_reproducibility (Triggered internally at ../aten/src/ATen/Context.cpp:156.)
  e_q = torch.matmul(assignments, self.anchors.weight)
/data/zhangpeiru/GARQ_revision/data_utils.py:131: RuntimeWarning: Mean of empty slice.
  [data[meta_ids == i].mean(axis=0) for i in range(meta_ids.max() + 1)]
/home/zhangpeiru/.conda/envs/MetqQ2/lib/python3.11/site-packages/numpy/core/_methods.py:121: RuntimeWarning: invalid value encountered in divide
  ret = um.true_divide(
/data/zhangpeiru/GARQ_revision/data_utils.py:140: UserWarning: The given NumPy array is not writable, and PyTorch does not support non-writable tensors. This means writing to this tensor will result in undefined behavior. You may want to copy the array to protect its data or make it writable before converting it to a tensor. This type of warning will be suppressed for the rest of this program. (Triggered internally at ../torch/csrc/utils/tensor_numpy.cpp:206.)
  type_int = torch.from_numpy(adata.obs[args.type_key].cat.codes.values).long()
/data/zhangpeiru/GARQ_revision/data_utils.py:131: RuntimeWarning: Mean of empty slice.
  [data[meta_ids == i].mean(axis=0) for i in range(meta_ids.max() + 1)]
/home/zhangpeiru/.conda/envs/MetqQ2/lib/python3.11/site-packages/numpy/core/_methods.py:121: RuntimeWarning: invalid value encountered in divide
  ret = um.true_divide(
