cell_id,method,dataset,seed,requested_K,realized_K,metacell_id,delta_confidence,cell_type
GACTATTCATGTCGCG-14-s4d8,GARQ,D11,1,40,40,5,0.118050635,Naive CD20+ B
GTTACTCGTGGATTAT-14-s4d8,GARQ,D11,1,40,40,16,0.26140648,Transitional B
ACCAAGCGTTACCGGG-14-s4d8,GARQ,D11,1,40,40,12,0.42086345,Proerythroblast
GAGTATCTCCGGTTAG-14-s4d8,GARQ,D11,1,40,40,30,0.12664491,Lymph prog
GTTAAGTGTTGTAACG-14-s4d8,GARQ,D11,1,40,40,10,0.0074367523,CD8+ T
AACGGTAAGAACCTGT-14-s4d8,GARQ,D11,1,40,40,38,0.032481194,CD16+ Mono
CCGCACACATTTGCTC-14-s4d8,GARQ,D11,1,40,40,29,0.17451328,CD4+ T activated
GGGCATTGTGAGACTC-14-s4d8,GARQ,D11,1,40,40,30,0.032084942,cDC2
GTTCACCTCCTAATTC-14-s4d8,GARQ,D11,1,40,40,10,0.012942076,NK
AATCATCCAGTTTACG-14-s4d8,GARQ,D11,1,40,40,1,0.06160134,CD8+ T
GTTTAACCAACCCTAA-14-s4d8,GARQ,D11,1,40,40,10,0.0064938664,NK
GCTGTAAGTCATTGTC-14-s4d8,GARQ,D11,1,40,40,10,0.01672852,CD8+ T
GTCTTTAGTATGTGGC-14-s4d8,GARQ,D11,1,40,40,29,0.060132504,CD8+ T
TTGTCCATCGCTAGAT-14-s4d8,GARQ,D11,1,40,40,19,0.021600604,NK
GGTCAATTCACTCAAA-14-s4d8,GARQ,D11,1,40,40,10,0.011925101,CD8+ T
CTAAAGCTCAGCATTA-14-s4d8,GARQ,D11,1,40,40,16,0.03991723,pDC
GCCTCAAAGCGCTAAT-14-s4d8,GARQ,D11,1,40,40,16,0.05323434,Transitional B
TGCTCCGTCCCTCTAA-14-s4d8,GARQ,D11,1,40,40,11,0.047331095,CD8+ T
ATTGCAGGTGTAATAC-14-s4d8,GARQ,D11,1,40,40,30,0.34091455,HSC
TAAGCTGGTAACGGGA-14-s4d8,GARQ,D11,1,40,40,19,0.15970212,CD8+ T
CCAGACTCAATGCCTA-14-s4d8,GARQ,D11,1,40,40,29,0.080927014,CD8+ T
GTCGCAATCATTACAG-14-s4d8,GARQ,D11,1,40,40,10,0.028585434,CD8+ T
CTAGGCGGTAGGTTTG-14-s4d8,GARQ,D11,1,40,40,30,0.16777217,Proerythroblast
CCTATATTCCCTGGTT-14-s4d8,GARQ,D11,1,40,40,12,0.065154076,Erythroblast
AGTAACACATACCCGG-14-s4d8,GARQ,D11,1,40,40,12,0.14883399,Erythroblast
GTCTTTGTCGCTATGG-14-s4d8,GARQ,D11,1,40,40,12,0.139673,Erythroblast
GATGCTTAGCGGATTT-14-s4d8,GARQ,D11,1,40,40,10,0.016569495,CD8+ T
GCTTGACCAAGTGAAC-14-s4d8,GARQ,D11,1,40,40,10,0.00940609,CD8+ T
AGGTGAGGTAAGCTCA-14-s4d8,GARQ,D11,1,40,40,10,0.007218957,CD8+ T
TTTAGGATCTGTAAGC-14-s4d8,GARQ,D11,1,40,40,10,0.022070408,CD8+ T
TGAGCCGGTTTGGTTC-14-s4d8,GARQ,D11,1,40,40,10,0.009864092,CD8+ T
ACTCAGTAGGCATGAA-14-s4d8,GARQ,D11,1,40,40,10,0.01517725,CD8+ T
CCTTCGGTCCCGAAGC-14-s4d8,GARQ,D11,1,40,40,18,0.007885307,Lymph prog
GCTTACCTCATGCAAC-14-s4d8,GARQ,D11,1,40,40,3,0.034477115,Naive CD20+ B
GCTTAACAGATAGACG-14-s4d8,GARQ,D11,1,40,40,10,0.0140862465,CD8+ T
TTGGAGGCACATTAAC-14-s4d8,GARQ,D11,1,40,40,11,0.07018322,CD8+ T
TCTAGCACAGCAATAA-14-s4d8,GARQ,D11,1,40,40,10,0.0077707767,CD8+ T
TGCTCCGTCATCGTTT-14-s4d8,GARQ,D11,1,40,40,10,0.013417244,CD8+ T
TATTTGCTCCATTACT-14-s4d8,GARQ,D11,1,40,40,10,0.02233243,CD8+ T
TGCGATTAGGTCCTGA-14-s4d8,GARQ,D11,1,40,40,11,0.04209149,CD8+ T
ACGTTGTAGATAAAGC-14-s4d8,GARQ,D11,1,40,40,10,0.005200386,CD8+ T
GCCAATTAGTAGCCAT-14-s4d8,GARQ,D11,1,40,40,10,0.014471173,CD4+ T activated
TTGCCCGTCATAATCG-14-s4d8,GARQ,D11,1,40,40,2,0.039371938,G/M prog
TAGGCTTAGCAGCTCA-14-s4d8,GARQ,D11,1,40,40,10,0.010468483,CD8+ T
TCGTTACGTCGTTACT-14-s4d8,GARQ,D11,1,40,40,24,0.033984065,CD8+ T
TCCGGAATCCAAATCA-14-s4d8,GARQ,D11,1,40,40,30,0.048211932,Proerythroblast
AATTGCCAGGCTTAGT-14-s4d8,GARQ,D11,1,40,40,11,0.11491418,CD8+ T
TACAATGTCAATCATG-14-s4d8,GARQ,D11,1,40,40,11,0.024908364,CD8+ T
GCCAACATCCGGGACT-14-s4d8,GARQ,D11,1,40,40,12,0.23522389,Proerythroblast
CAAGACAAGTCATGCG-14-s4d8,GARQ,D11,1,40,40,12,0.077468514,Proerythroblast
TTTGTCCCAAGGATTA-14-s4d8,GARQ,D11,1,40,40,10,0.0061790943,CD8+ T
CGATCCTTCCTTCTAG-14-s4d8,GARQ,D11,1,40,40,37,0.23406914,CD16+ Mono
GAGTGTTTCAGCTAAC-14-s4d8,GARQ,D11,1,40,40,11,0.12360501,CD8+ T
AACCTTGCAGTTATCG-14-s4d8,GARQ,D11,1,40,40,3,0.010758996,Transitional B
TGCTATGCAGGTTAAA-14-s4d8,GARQ,D11,1,40,40,3,0.07944077,cDC2
TAACCAGGTATTTGGG-14-s4d8,GARQ,D11,1,40,40,11,0.113877475,CD8+ T
TCACCTGGTTGGTTAG-14-s4d8,GARQ,D11,1,40,40,11,0.043481946,CD8+ T
AATTACCCACCCACCT-14-s4d8,GARQ,D11,1,40,40,11,0.105000734,CD8+ T
GCCATGATCTCCATAT-14-s4d8,GARQ,D11,1,40,40,29,0.05077851,CD4+ T activated
GACGTAAAGGGATGAC-14-s4d8,GARQ,D11,1,40,40,33,0.0786286,CD4+ T activated
ACCTCACTCGCTAAGT-14-s4d8,GARQ,D11,1,40,40,0,0.12278557,Transitional B
CGCACCACACCGTTCC-14-s4d8,GARQ,D11,1,40,40,11,0.14125752,CD8+ T
GATAATCGTTGTAACG-14-s4d8,GARQ,D11,1,40,40,11,0.08826578,CD8+ T
TTTCAGTTCTCCTCTT-14-s4d8,GARQ,D11,1,40,40,16,0.02807331,Naive CD20+ B
GCAAGCCTCCTAGTCC-14-s4d8,GARQ,D11,1,40,40,0,0.11530864,Naive CD20+ B
GTCCATTGTAACCACA-14-s4d8,GARQ,D11,1,40,40,12,0.3788008,Proerythroblast
CGTAGTTAGGTCCACA-14-s4d8,GARQ,D11,1,40,40,29,0.032900453,CD4+ T activated
GCGATTAGTGTCCTGC-14-s4d8,GARQ,D11,1,40,40,10,0.0042734146,CD8+ T
CCTAAAGGTCACCAAA-14-s4d8,GARQ,D11,1,40,40,33,0.12448102,NK
TTTGACTTCTGTGAGT-14-s4d8,GARQ,D11,1,40,40,29,0.1282407,CD4+ T activated
AAGACCAAGTTCCTCA-14-s4d8,GARQ,D11,1,40,40,10,0.010469437,CD8+ T
GCGAGTGAGCTCCTTA-14-s4d8,GARQ,D11,1,40,40,6,0.01743871,CD8+ T
GGAAGCTAGCAATAGG-14-s4d8,GARQ,D11,1,40,40,10,0.0039235353,NK
GTACTAATCCAATTAG-14-s4d8,GARQ,D11,1,40,40,16,0.018808007,B1 B
ACGACAAAGGCCATCA-14-s4d8,GARQ,D11,1,40,40,33,0.04668951,CD8+ T
TTTGCGACACAGAAAC-14-s4d8,GARQ,D11,1,40,40,10,0.016218662,CD8+ T
CTATGTTTCGCCTAAG-14-s4d8,GARQ,D11,1,40,40,4,0.009515524,CD8+ T
GTGTGAGCATTGGGAG-14-s4d8,GARQ,D11,1,40,40,10,0.022214413,CD8+ T
GGGCATGAGGCTTAAC-14-s4d8,GARQ,D11,1,40,40,11,0.08994722,CD8+ T
ACGCCACAGTAACTCA-14-s4d8,GARQ,D11,1,40,40,29,0.20862806,CD4+ T activated
ACCTAAATCGCACACA-14-s4d8,GARQ,D11,1,40,40,29,0.04822266,CD8+ T
GTATCGCCAGTTATGT-14-s4d8,GARQ,D11,1,40,40,3,0.04338479,Naive CD20+ B
GTCAAACTCTGGCAAT-14-s4d8,GARQ,D11,1,40,40,3,0.15811455,Transitional B
GGTAAGGGTCCTTCAG-14-s4d8,GARQ,D11,1,40,40,33,0.12095219,CD4+ T naive
GGTTGGTGTGCTCCGT-14-s4d8,GARQ,D11,1,40,40,10,0.014460802,CD8+ T
AGTTTGCAGTTGGCCA-14-s4d8,GARQ,D11,1,40,40,12,0.29757893,Proerythroblast
GTCATTAAGGGCCACT-14-s4d8,GARQ,D11,1,40,40,23,0.06350756,B1 B
CGATATTCACCACAAC-14-s4d8,GARQ,D11,1,40,40,12,0.3246162,Erythroblast
TTGACGTAGGGTGAAC-14-s4d8,GARQ,D11,1,40,40,22,0.12554282,Transitional B
CATAGCTAGGCATGAA-14-s4d8,GARQ,D11,1,40,40,11,0.060245812,CD8+ T
GGTTGAGCAGGACCTT-14-s4d8,GARQ,D11,1,40,40,10,0.011600852,CD8+ T
TCCTTTACAGGGAGGA-14-s4d8,GARQ,D11,1,40,40,0,0.020071626,B1 B
CGTGTTACAGTCTATG-14-s4d8,GARQ,D11,1,40,40,38,0.061582446,CD4+ T naive
CTGGACCAGTTAGACC-14-s4d8,GARQ,D11,1,40,40,16,0.12908512,Transitional B
GTTTAGCAGGCTGGCT-14-s4d8,GARQ,D11,1,40,40,33,0.03673911,CD8+ T
ACTATGTCAATTGAAG-14-s4d8,GARQ,D11,1,40,40,8,0.002175808,CD8+ T
CGCAATTAGTCTCACC-14-s4d8,GARQ,D11,1,40,40,10,0.006432295,CD8+ T
AGAACCAAGTGAACGA-14-s4d8,GARQ,D11,1,40,40,13,0.06625092,B1 B
GCGGGTTTCTTGCAGG-14-s4d8,GARQ,D11,1,40,40,12,0.24022555,Proerythroblast
ATGTAAGCAGAAATGC-14-s4d8,GARQ,D11,1,40,40,10,0.009127021,CD8+ T
CATAACGGTACTTAGG-14-s4d8,GARQ,D11,1,40,40,19,0.07632136,CD4+ T naive
AGGTGAGGTTACCGGG-14-s4d8,GARQ,D11,1,40,40,12,0.0834018,Proerythroblast
CTACAACAGGAGCATA-14-s4d8,GARQ,D11,1,40,40,10,0.02253902,CD8+ T
AATTGCTCAAGGTGGC-14-s4d8,GARQ,D11,1,40,40,11,0.029381752,CD8+ T
AATCTTGAGGAGCACG-14-s4d8,GARQ,D11,1,40,40,33,0.043440342,CD8+ T
CCTTCGTAGATAACCC-14-s4d8,GARQ,D11,1,40,40,10,0.013162613,CD8+ T
GTATTCAAGACCATAC-14-s4d8,GARQ,D11,1,40,40,32,0.06524074,NK
GCCTTTGGTAACGTGC-14-s4d8,GARQ,D11,1,40,40,10,0.014454126,CD8+ T
TTCATTCAGGACCTCA-14-s4d8,GARQ,D11,1,40,40,13,0.0056198835,Naive CD20+ B
GGTCCGTAGTTGGGCC-14-s4d8,GARQ,D11,1,40,40,6,0.026321948,HSC
TATTTGGAGAGAAGGG-14-s4d8,GARQ,D11,1,40,40,10,0.007696748,CD8+ T
TCATTGCGTTGTTGCT-14-s4d8,GARQ,D11,1,40,40,12,0.46181154,Proerythroblast
AGGCTAAAGGGTTAGA-14-s4d8,GARQ,D11,1,40,40,10,0.007470548,CD4+ T activated
AATTCGTCATTGACAT-14-s4d8,GARQ,D11,1,40,40,29,0.11033261,CD4+ T activated
TAACCTAAGCGGATTT-14-s4d8,GARQ,D11,1,40,40,10,0.0073577166,CD8+ T
TTACACCGTAATTAGC-14-s4d8,GARQ,D11,1,40,40,3,0.08728415,Naive CD20+ B
CCGCTAAAGTTGGGCC-14-s4d8,GARQ,D11,1,40,40,10,0.01224494,CD8+ T
GCTGAGGAGGCGCTAC-14-s4d8,GARQ,D11,1,40,40,7,0.060498834,CD8+ T
AATAACCGTGTGTGGT-14-s4d8,GARQ,D11,1,40,40,32,0.14927343,cDC2
CAACTAGGTCATCCTG-14-s4d8,GARQ,D11,1,40,40,10,0.0022244453,CD8+ T
TGGACGGAGTGATTCA-14-s4d8,GARQ,D11,1,40,40,10,0.02298379,CD8+ T
CCTATATTCTCGCCTG-14-s4d8,GARQ,D11,1,40,40,10,0.019685984,NK
TGTAAAGCATAAGCAA-14-s4d8,GARQ,D11,1,40,40,37,0.23256755,CD16+ Mono
TCTATGTTCGCTCCAT-14-s4d8,GARQ,D11,1,40,40,10,0.01327765,CD8+ T
TACCTTTAGTAGGCGG-14-s4d8,GARQ,D11,1,40,40,1,0.0932067,CD8+ T
GACCTAGTCGAAGTGA-14-s4d8,GARQ,D11,1,40,40,16,0.044887006,Naive CD20+ B
CTGTTAAAGTTCCTGC-14-s4d8,GARQ,D11,1,40,40,33,0.24625367,CD8+ T
AAGGATCCAGTACCGT-14-s4d8,GARQ,D11,1,40,40,2,0.11149809,pDC
CTAAAGCTCTCACTCA-14-s4d8,GARQ,D11,1,40,40,12,0.3795879,Erythroblast
AGCTTTAAGTTCCCGT-14-s4d8,GARQ,D11,1,40,40,10,0.006760359,CD4+ T activated
GGTAACTTCCGTTATT-14-s4d8,GARQ,D11,1,40,40,17,0.16057098,CD8+ T
AAAGCAAGTGTTGCTT-14-s4d8,GARQ,D11,1,40,40,30,0.053720474,MK/E prog
TCGGTTACAACCTAAT-14-s4d8,GARQ,D11,1,40,40,5,0.0654757,B1 B
AAGACAAGTGGGAACA-14-s4d8,GARQ,D11,1,40,40,10,0.011938214,CD8+ T
CGACTAAGTTTCGCCA-14-s4d8,GARQ,D11,1,40,40,10,0.011171341,CD8+ T
ACGCCACAGGGCTTTG-14-s4d8,GARQ,D11,1,40,40,10,0.008025646,CD8+ T
GTTTATCTCCTAAGTA-14-s4d8,GARQ,D11,1,40,40,38,0.03366089,Transitional B
AGTCCTTGTGAAACAA-14-s4d8,GARQ,D11,1,40,40,10,0.0031894445,CD8+ T
GAGCGATAGCTATGAC-14-s4d8,GARQ,D11,1,40,40,26,0.034246683,CD4+ T naive
GTTGCTGAGGAGGACT-14-s4d8,GARQ,D11,1,40,40,12,0.15431023,Proerythroblast
GGTGTGACACGTTACA-14-s4d8,GARQ,D11,1,40,40,11,0.26160657,CD8+ T
GCTTACCTCCTCATGC-14-s4d8,GARQ,D11,1,40,40,12,0.39179754,Proerythroblast
ATGTCCACACCAACCG-14-s4d8,GARQ,D11,1,40,40,11,0.08566356,CD8+ T
AGGTTAGAGTCACCAG-14-s4d8,GARQ,D11,1,40,40,10,0.005544305,CD4+ T activated
TACTTGTTCATTAGGC-14-s4d8,GARQ,D11,1,40,40,10,0.0087862015,CD8+ T
ATCAATCCAATATAGG-14-s4d8,GARQ,D11,1,40,40,3,0.19261327,Transitional B
TTGTCAAAGGGTTATC-14-s4d8,GARQ,D11,1,40,40,5,0.047074437,Plasma cell
GGTCCATCATCCAGGT-14-s4d8,GARQ,D11,1,40,40,10,0.01097393,CD8+ T
GGCTAGACAACGTGCT-14-s4d8,GARQ,D11,1,40,40,3,0.022946477,Naive CD20+ B
GTTCTTGTCGGTTTGG-14-s4d8,GARQ,D11,1,40,40,10,0.0032036304,CD8+ T
ATAAGTCGTTCGCGCT-14-s4d8,GARQ,D11,1,40,40,16,0.012781829,HSC
AGAGAAGCAGGCCTTG-14-s4d8,GARQ,D11,1,40,40,33,0.013170421,CD8+ T
CTCAATAAGTCCTTCA-14-s4d8,GARQ,D11,1,40,40,10,0.008619666,CD4+ T activated
CGGTGAGAGCAGCTAT-14-s4d8,GARQ,D11,1,40,40,22,0.073791206,Transitional B
CGAAGCGAGCATGCAT-14-s4d8,GARQ,D11,1,40,40,37,0.27222246,CD16+ Mono
ACCTAAATCTACTAAG-14-s4d8,GARQ,D11,1,40,40,11,0.008240223,CD8+ T
CGGATTAGTTACTTCA-14-s4d8,GARQ,D11,1,40,40,37,0.028490394,CD14+ Mono
TTTGTTGGTGGCTTCC-14-s4d8,GARQ,D11,1,40,40,33,0.05113685,CD8+ T
GGAAGCTAGTTCCTCA-14-s4d8,GARQ,D11,1,40,40,33,0.20286018,NK
TAGTTTGAGGCATGAA-14-s4d8,GARQ,D11,1,40,40,10,0.009736657,CD8+ T
AACCCGCAGTGAACCT-14-s4d8,GARQ,D11,1,40,40,10,0.009108543,CD8+ T
GCACGGTTCGTTATCT-14-s4d8,GARQ,D11,1,40,40,10,0.0067744255,CD4+ T activated
TGACCTTGTACGATTG-14-s4d8,GARQ,D11,1,40,40,30,0.018163681,Erythroblast
CCAGCTAAGTCATTTC-14-s4d8,GARQ,D11,1,40,40,29,0.10167217,CD8+ T
TAACCTAAGCCATCAG-14-s4d8,GARQ,D11,1,40,40,12,0.30046165,Proerythroblast
TTTGTGGCACACCAAC-14-s4d8,GARQ,D11,1,40,40,16,0.04144579,B1 B
CCCAGTTTCCTAGTAA-14-s4d8,GARQ,D11,1,40,40,27,0.018953323,Naive CD20+ B
ATTGCTCGTCATAGAT-14-s4d8,GARQ,D11,1,40,40,12,0.25634515,Proerythroblast
TCTCGCCCAAATTGCT-14-s4d8,GARQ,D11,1,40,40,10,0.0054984093,CD8+ T
TCAAGGAAGGAGGACT-14-s4d8,GARQ,D11,1,40,40,0,0.316985,Transitional B
ATAAGTCGTTCAAGCA-14-s4d8,GARQ,D11,1,40,40,16,0.24604374,B1 B
GTAGCGCTCGTTAGTA-14-s4d8,GARQ,D11,1,40,40,12,0.24002743,Proerythroblast
TTAGAAGCACCTAATG-14-s4d8,GARQ,D11,1,40,40,25,0.028287709,CD8+ T
AAGCCTGTCCCTGTTA-14-s4d8,GARQ,D11,1,40,40,12,0.31871927,Normoblast
ATTTAGCCAAGTGTCC-14-s4d8,GARQ,D11,1,40,40,11,0.03306091,NK
CAAAGCGCAACCCTAA-14-s4d8,GARQ,D11,1,40,40,10,0.007815361,CD8+ T
GCTGTACCAGCAAGAT-14-s4d8,GARQ,D11,1,40,40,12,0.1104759,Normoblast
GGTATGTTCACAGACT-14-s4d8,GARQ,D11,1,40,40,10,0.004700184,NK
CCATTGTGTTGGCGTG-14-s4d8,GARQ,D11,1,40,40,16,0.11047745,HSC
AAGTTAGCAATAACGA-14-s4d8,GARQ,D11,1,40,40,33,0.036251664,Naive CD20+ B
CTAGTAATCTCACACC-14-s4d8,GARQ,D11,1,40,40,10,0.012139201,CD8+ T
TTTCATCAGCGCCTAA-14-s4d8,GARQ,D11,1,40,40,33,0.0970397,CD8+ T
GCATGAAAGCCTAATA-14-s4d8,GARQ,D11,1,40,40,12,0.22501147,Proerythroblast
AACCTAATCGAGCAAA-14-s4d8,GARQ,D11,1,40,40,10,0.014708042,CD8+ T
TCTTCAAGTATTCGTC-14-s4d8,GARQ,D11,1,40,40,10,0.0073359013,NK
GGTTTAATCATTATGG-14-s4d8,GARQ,D11,1,40,40,0,0.065718174,Naive CD20+ B
TTACCGTGTCATTGTC-14-s4d8,GARQ,D11,1,40,40,12,0.26169515,Erythroblast
AATGCATGTACCGAAC-14-s4d8,GARQ,D11,1,40,40,15,0.011702895,Naive CD20+ B
GCTCGATCAGGCATCT-14-s4d8,GARQ,D11,1,40,40,11,0.06632829,CD8+ T
ATAGGTACAGGACACA-14-s4d8,GARQ,D11,1,40,40,33,0.11975622,CD8+ T
TCGATTAAGCACCACA-14-s4d8,GARQ,D11,1,40,40,10,0.025084734,CD8+ T
GTTGGAGCAAGGTACG-14-s4d8,GARQ,D11,1,40,40,10,0.010551691,CD8+ T
CTCTTGATCCCGTTAC-14-s4d8,GARQ,D11,1,40,40,33,0.057843804,CD8+ T
CTAAATGTCGGCTATG-14-s4d8,GARQ,D11,1,40,40,10,0.013210893,CD8+ T
AGTATAGCATACTCCT-14-s4d8,GARQ,D11,1,40,40,30,0.26605266,Proerythroblast
TGCTAGCCAGCTTAAT-14-s4d8,GARQ,D11,1,40,40,3,0.12952995,B1 B
AGTGTGGCAGAGGCTA-14-s4d8,GARQ,D11,1,40,40,10,0.012417078,CD4+ T activated
TCATCCATCACAAGCT-14-s4d8,GARQ,D11,1,40,40,4,0.012776017,CD4+ T naive
GGCCTCTGTGTTGTGA-14-s4d8,GARQ,D11,1,40,40,10,0.012433648,CD8+ T
TAAGCTGGTGGTGAGA-14-s4d8,GARQ,D11,1,40,40,8,0.002373457,CD8+ T
AGGATGCAGGTTTACA-14-s4d8,GARQ,D11,1,40,40,29,0.16173983,CD8+ T
TCATTGCGTAAGCTCA-14-s4d8,GARQ,D11,1,40,40,3,0.14311618,B1 B
CTTATTGGTCTAGCTT-14-s4d8,GARQ,D11,1,40,40,0,0.11433834,Transitional B
GGCGGTAAGCCTCTGT-14-s4d8,GARQ,D11,1,40,40,16,0.07305905,B1 B
TTTAAGCCATAGCTGC-14-s4d8,GARQ,D11,1,40,40,10,0.013677239,CD4+ T activated
TGCTAACAGTTAGGCT-14-s4d8,GARQ,D11,1,40,40,17,0.25449038,cDC2
TCCTTAGTCCTAATAG-14-s4d8,GARQ,D11,1,40,40,10,0.008031726,CD8+ T
CGCGGATTCAATGTCA-14-s4d8,GARQ,D11,1,40,40,10,0.0038772821,NK
AAGCGTTTCATTGACA-14-s4d8,GARQ,D11,1,40,40,11,0.21086645,CD8+ T
TCTCAAGCAAACATAG-14-s4d8,GARQ,D11,1,40,40,8,0.0008366704,Naive CD20+ B
CACGCTAAGGCGAAAC-14-s4d8,GARQ,D11,1,40,40,10,0.005034089,CD4+ T activated
AGATGCTTCCCTTGCG-14-s4d8,GARQ,D11,1,40,40,10,0.008119583,CD8+ T
TGCGGTTCATCATGGC-14-s4d8,GARQ,D11,1,40,40,29,0.1386764,CD8+ T
GATGCGACACCAGCAT-14-s4d8,GARQ,D11,1,40,40,11,0.0018165112,CD8+ T
ACTTGCACATCTTGAG-14-s4d8,GARQ,D11,1,40,40,10,0.028344631,CD8+ T
GCGCCTTGTCATGAGC-14-s4d8,GARQ,D11,1,40,40,29,0.263806,CD4+ T activated
GTTTAGCAGTAATCCA-14-s4d8,GARQ,D11,1,40,40,8,0.00021338463,CD8+ T
GACTTGGTCCTGAATA-14-s4d8,GARQ,D11,1,40,40,10,0.02302146,CD8+ T
GGGCATTGTACTTAGG-14-s4d8,GARQ,D11,1,40,40,10,0.00530684,CD8+ T
GTGCTCAAGCTGGACC-14-s4d8,GARQ,D11,1,40,40,29,0.09272379,CD8+ T
CCAGACTCAATTTAGC-14-s4d8,GARQ,D11,1,40,40,30,0.053240776,Proerythroblast
ACCGGCTAGTCTCACC-14-s4d8,GARQ,D11,1,40,40,5,0.042736292,Lymph prog
CGAGGAAGTGAGGTGA-14-s4d8,GARQ,D11,1,40,40,16,0.16765732,Lymph prog
CAATCCTGTTAGGTTG-14-s4d8,GARQ,D11,1,40,40,12,0.59132385,Normoblast
CTCGTTATCCGCCTCA-14-s4d8,GARQ,D11,1,40,40,11,0.027282417,CD8+ T
GTACTTCGTAAGCTTG-14-s4d8,GARQ,D11,1,40,40,33,0.115526795,CD4+ T naive
CTTTAGTTCCTTGTTG-14-s4d8,GARQ,D11,1,40,40,25,0.098445654,CD8+ T
TTCGGTACAAACCTAT-14-s4d8,GARQ,D11,1,40,40,25,0.024365425,CD8+ T
AATTTGCCACAGCCTG-14-s4d8,GARQ,D11,1,40,40,10,0.0005056858,CD8+ T
ACGACTTAGCTTAACA-14-s4d8,GARQ,D11,1,40,40,0,0.1494708,Naive CD20+ B
CAATATGTCCCTCACG-14-s4d8,GARQ,D11,1,40,40,10,0.0077981353,CD8+ T
AGGTATTGTTGCTGGG-14-s4d8,GARQ,D11,1,40,40,28,0.0006378293,Transitional B
TCATTGTTCCTTAAGA-14-s4d8,GARQ,D11,1,40,40,10,0.010633469,CD8+ T
TTGCAGCCACACAATT-14-s4d8,GARQ,D11,1,40,40,16,0.18049353,Transitional B
ACAAACTGTCACGAAC-14-s4d8,GARQ,D11,1,40,40,10,0.0040878057,CD8+ T
CTAAATGTCCTGATTT-14-s4d8,GARQ,D11,1,40,40,0,0.14313722,Transitional B
GTCCTCCCAATAATCC-14-s4d8,GARQ,D11,1,40,40,33,0.046272874,CD8+ T
AACGACAAGTATCGCG-14-s4d8,GARQ,D11,1,40,40,0,0.05615425,Naive CD20+ B
CTTAACAAGGATGATG-14-s4d8,GARQ,D11,1,40,40,16,0.06583449,B1 B
TCCATGCTCTTAGTCT-14-s4d8,GARQ,D11,1,40,40,3,0.18826342,Naive CD20+ B
CAAGTGAAGGCCATCA-14-s4d8,GARQ,D11,1,40,40,33,0.027327657,CD8+ T
TCCCGGACAGCCAGAA-14-s4d8,GARQ,D11,1,40,40,16,0.05468017,Transitional B
GCACTAAGTACTGAAT-14-s4d8,GARQ,D11,1,40,40,19,0.012117326,Naive CD20+ B
GCTAGTGTCTTACTCG-14-s4d8,GARQ,D11,1,40,40,29,0.13063848,CD8+ T
ATGTAACGTTGTAAAC-14-s4d8,GARQ,D11,1,40,40,34,0.0012818575,Transitional B
CAATGCCCAGCCGCTA-14-s4d8,GARQ,D11,1,40,40,0,0.06653249,Naive CD20+ B
GACATAGAGCGGATAA-14-s4d8,GARQ,D11,1,40,40,10,0.0038672686,CD8+ T
CTACCTCAGGTCCAAT-14-s4d8,GARQ,D11,1,40,40,10,0.008131862,CD8+ T
TTCGGTACAAGATTCT-14-s4d8,GARQ,D11,1,40,40,16,0.054472446,HSC
TTGCACACATCTTGAG-14-s4d8,GARQ,D11,1,40,40,37,0.16528386,G/M prog
ACCAATATCCTTGTTG-14-s4d8,GARQ,D11,1,40,40,30,0.13119757,Proerythroblast
GACAATACACAATTAC-14-s4d8,GARQ,D11,1,40,40,10,0.006919503,NK
GCAATGTTCCTAAGAC-14-s4d8,GARQ,D11,1,40,40,29,0.027285814,CD8+ T
GGTTATATCCTGATTT-14-s4d8,GARQ,D11,1,40,40,10,0.007020712,NK
ACCACATAGCGCAATT-14-s4d8,GARQ,D11,1,40,40,10,0.013973117,CD8+ T
CTGGTCAAGGCAGGTG-14-s4d8,GARQ,D11,1,40,40,10,0.009955883,CD8+ T
CCTTGTTCAGCTCATA-14-s4d8,GARQ,D11,1,40,40,11,0.08190274,CD8+ T
AAGGATCCATTGCGAC-14-s4d8,GARQ,D11,1,40,40,6,0.12528384,NK
AGTTGGCGTTCGCTTG-14-s4d8,GARQ,D11,1,40,40,33,0.19517398,CD4+ T activated
GCTTAAATCGCTATGG-14-s4d8,GARQ,D11,1,40,40,10,0.009982467,CD8+ T
AGACCCGGTTGCACGG-14-s4d8,GARQ,D11,1,40,40,12,0.20683908,Proerythroblast
CATTGTGCAACAGGTG-14-s4d8,GARQ,D11,1,40,40,11,0.04184413,CD8+ T
ACAGGCTGTCACAGAC-14-s4d8,GARQ,D11,1,40,40,25,0.031352043,CD8+ T
TTTACGCGTCATTACC-14-s4d8,GARQ,D11,1,40,40,29,0.1233691,CD8+ T
TGCTCTCAGTAACTCA-14-s4d8,GARQ,D11,1,40,40,11,0.023105264,CD8+ T
CCGACAGGTTATGTGG-14-s4d8,GARQ,D11,1,40,40,10,0.004663706,CD8+ T
AGCTAAACAACTGGGA-14-s4d8,GARQ,D11,1,40,40,36,0.13015735,B1 B
GCCGTGAGTGCTCCGT-14-s4d8,GARQ,D11,1,40,40,10,0.007570386,CD8+ T
TGCGCAGGTGAATCGC-14-s4d8,GARQ,D11,1,40,40,16,0.067552984,Transitional B
CTCCTCACAACATAAG-14-s4d8,GARQ,D11,1,40,40,38,0.015487552,Naive CD20+ B
TGGCGGTTCTTGCTAT-14-s4d8,GARQ,D11,1,40,40,37,0.17225288,Lymph prog
TACTCAAAGGAGGGTT-14-s4d8,GARQ,D11,1,40,40,29,0.13351798,CD8+ T
ACGAAGTCAAGGTGCA-14-s4d8,GARQ,D11,1,40,40,11,0.030134678,CD8+ T
TTCTTAGGTTCCTGTG-14-s4d8,GARQ,D11,1,40,40,10,0.018294573,CD8+ T
CTCATGACAAATACCT-14-s4d8,GARQ,D11,1,40,40,10,0.013700724,CD8+ T
TAACCAGGTTACAACG-14-s4d8,GARQ,D11,1,40,40,10,0.0034490228,CD4+ T activated
GCGGGTTTCACTTTAC-14-s4d8,GARQ,D11,1,40,40,10,0.010175467,CD8+ T
TTTAACCTCTTTGTAC-14-s4d8,GARQ,D11,1,40,40,10,0.028221846,CD8+ T
TGCATGAGTTGCATCT-14-s4d8,GARQ,D11,1,40,40,0,0.09552032,Naive CD20+ B
GCCTATTGTTGCAATG-14-s4d8,GARQ,D11,1,40,40,13,0.032502294,Transitional B
CAGATTCAGATGGACA-14-s4d8,GARQ,D11,1,40,40,10,0.0068795085,CD8+ T
ACGACTTAGGTACCGC-14-s4d8,GARQ,D11,1,40,40,12,0.06944537,Proerythroblast
ATGTAACGTATACTGG-14-s4d8,GARQ,D11,1,40,40,38,0.0021973252,Naive CD20+ B
TATAGCCAGCATGCAT-14-s4d8,GARQ,D11,1,40,40,10,0.0049496293,CD4+ T activated
AATCCCTGTGGCTTCC-14-s4d8,GARQ,D11,1,40,40,0,0.14088762,Naive CD20+ B
CAAGCTAGTGCATTTC-14-s4d8,GARQ,D11,1,40,40,10,0.0077068806,NK
GGCTATTAGATAAAGC-14-s4d8,GARQ,D11,1,40,40,30,0.11125016,MK/E prog
TGACTTCGTTAGGACC-14-s4d8,GARQ,D11,1,40,40,9,0.055166006,CD4+ T activated
GATTAGTGTTGTAAAC-14-s4d8,GARQ,D11,1,40,40,15,0.034774303,Transitional B
GCCTAATAGGGCCACT-14-s4d8,GARQ,D11,1,40,40,10,0.0059359074,CD8+ T
AGTGGACAGAGGATAT-14-s4d8,GARQ,D11,1,40,40,10,0.007834196,CD8+ T
TTTGACTTCTTGGACG-14-s4d8,GARQ,D11,1,40,40,16,0.02845791,Naive CD20+ B
ACGACTTAGGAGGCAT-14-s4d8,GARQ,D11,1,40,40,0,0.31399179,Transitional B
ATTAGGTGTACTGAAT-14-s4d8,GARQ,D11,1,40,40,33,0.060534716,CD8+ T
TTTGTGAAGTCATCCC-14-s4d8,GARQ,D11,1,40,40,10,0.021435142,CD8+ T
CCCAGTTTCTTGATGA-14-s4d8,GARQ,D11,1,40,40,10,0.0046744347,CD8+ T
TCCTTGCAGCGAAGTA-14-s4d8,GARQ,D11,1,40,40,11,0.43155873,CD8+ T
CGACTAAGTCCTTCAG-14-s4d8,GARQ,D11,1,40,40,29,0.039687693,CD4+ T activated
CTTAGGAGTATCTGGA-14-s4d8,GARQ,D11,1,40,40,30,0.35976988,Lymph prog
CTATGGCCATCTAGCA-14-s4d8,GARQ,D11,1,40,40,12,0.25755262,Erythroblast
CGGACAACACTTACAG-14-s4d8,GARQ,D11,1,40,40,0,0.054051578,Naive CD20+ B
ATGTAAGCAGCAAATA-14-s4d8,GARQ,D11,1,40,40,5,0.07380685,Transitional B
CATAGACTCAGGGCCT-14-s4d8,GARQ,D11,1,40,40,33,0.01590395,CD8+ T
GGAGTGAGTGGATTAT-14-s4d8,GARQ,D11,1,40,40,33,0.0603801,CD8+ T
GGCCTTCGTTTCCGGC-14-s4d8,GARQ,D11,1,40,40,10,0.009093761,CD8+ T
CGGCTCACAAAGCGGC-14-s4d8,GARQ,D11,1,40,40,10,0.009323239,CD8+ T
TTTACGCGTCGCAAAC-14-s4d8,GARQ,D11,1,40,40,10,0.007577896,CD8+ T
CGAATCTAGTTAACCA-14-s4d8,GARQ,D11,1,40,40,10,0.0036451817,CD8+ T
GCTGATCCACTTCATC-14-s4d8,GARQ,D11,1,40,40,38,0.0034501553,Transitional B
CAATGACTCATAATCG-14-s4d8,GARQ,D11,1,40,40,29,0.33752567,CD4+ T activated
AATTTCCTCCTTGCGT-14-s4d8,GARQ,D11,1,40,40,33,0.0134676695,CD8+ T
TCGCATTGTGCTAGCG-14-s4d8,GARQ,D11,1,40,40,30,0.020510972,HSC
GTACTAATCCCTGATC-14-s4d8,GARQ,D11,1,40,40,10,0.0024957657,CD8+ T
AGTACGCGTTAGGATT-14-s4d8,GARQ,D11,1,40,40,12,0.2744739,Proerythroblast
CTAGTAATCCATTACT-14-s4d8,GARQ,D11,1,40,40,16,0.014281392,Transitional B
GTCCTAGAGCTATTAG-14-s4d8,GARQ,D11,1,40,40,11,0.01810944,CD8+ T
GTAATAGCAAATACCT-14-s4d8,GARQ,D11,1,40,40,25,0.0775677,CD8+ T
GGGAGTAGTAGGTGTC-14-s4d8,GARQ,D11,1,40,40,10,0.009589076,CD4+ T activated
GGAACCACACTTGTTC-14-s4d8,GARQ,D11,1,40,40,11,0.024978638,CD8+ T
TCAGTGAGTCGACTAA-14-s4d8,GARQ,D11,1,40,40,12,0.37970114,Proerythroblast
ACCACACCAAATTCGT-14-s4d8,GARQ,D11,1,40,40,6,0.006504357,CD8+ T
AGGTTTATCGTTAAGC-14-s4d8,GARQ,D11,1,40,40,0,0.033481777,Naive CD20+ B
TTCCTCAAGTCATTAG-14-s4d8,GARQ,D11,1,40,40,37,0.2099548,CD16+ Mono
CACATACAGTTTGCGG-14-s4d8,GARQ,D11,1,40,40,10,0.014477491,CD8+ T
GACGCAACAACTGGCT-14-s4d8,GARQ,D11,1,40,40,30,0.17664921,Proerythroblast
CCGCTTAGTTAGCAGC-14-s4d8,GARQ,D11,1,40,40,0,0.079249084,Naive CD20+ B
TACAGCTAGGCTAATC-14-s4d8,GARQ,D11,1,40,40,30,0.045906067,G/M prog
CTTATGTTCCCTGTTA-14-s4d8,GARQ,D11,1,40,40,10,0.01099205,CD8+ T
GAGATAAGTTGTAAAC-14-s4d8,GARQ,D11,1,40,40,10,0.012887001,CD8+ T
CTCACAACAGCAAGGC-14-s4d8,GARQ,D11,1,40,40,29,0.065523565,CD8+ T
TATGAAGCATTATGCG-14-s4d8,GARQ,D11,1,40,40,12,0.087396145,Proerythroblast
AGTTTGCAGGCGAATA-14-s4d8,GARQ,D11,1,40,40,11,0.027306437,CD8+ T
CAAGTATGTGAAGCCT-14-s4d8,GARQ,D11,1,40,40,0,0.1095562,Naive CD20+ B
TGTAAAGCATAGCGGA-14-s4d8,GARQ,D11,1,40,40,10,0.004344642,CD8+ T
GTTCATTTCTCCTCTT-14-s4d8,GARQ,D11,1,40,40,16,0.07528138,Transitional B
CCTCAATGTTAATGCG-14-s4d8,GARQ,D11,1,40,40,10,0.011212349,CD8+ T
CTCCATCAGAATCGCT-14-s4d8,GARQ,D11,1,40,40,12,0.17396235,Proerythroblast
CTCCGTCCACCTAATG-14-s4d8,GARQ,D11,1,40,40,12,0.25836563,Erythroblast
TCTACCTCAGGGAGGA-14-s4d8,GARQ,D11,1,40,40,29,0.09026742,CD8+ T
AATTCGTCAGCATGGA-14-s4d8,GARQ,D11,1,40,40,16,0.11129713,Transitional B
ATTCCGGAGAGCCGCT-14-s4d8,GARQ,D11,1,40,40,0,0.09418827,Transitional B
ATGGTGCGTTACGCAA-14-s4d8,GARQ,D11,1,40,40,34,0.03602296,Transitional B
TTTGCATTCCTGAATA-14-s4d8,GARQ,D11,1,40,40,10,0.009159803,CD4+ T activated
CGATATTCACGAACAG-14-s4d8,GARQ,D11,1,40,40,33,0.057650924,CD8+ T
GGACCGAAGGATTTGC-14-s4d8,GARQ,D11,1,40,40,11,0.10209131,CD8+ T
GGATACTTCTGTGCAG-14-s4d8,GARQ,D11,1,40,40,12,0.4679594,Proerythroblast
GTGCTTACAGGCTTCG-14-s4d8,GARQ,D11,1,40,40,10,0.010337472,CD8+ T
AAAGCCCGTAAGCTCA-14-s4d8,GARQ,D11,1,40,40,12,0.5412214,Erythroblast
TGTGATCAGCGCCTTT-14-s4d8,GARQ,D11,1,40,40,17,0.008263111,B1 B
TGATTGCAGTAAGTGG-14-s4d8,GARQ,D11,1,40,40,29,0.12576053,CD4+ T activated
ACTAATCCATTGTCAG-14-s4d8,GARQ,D11,1,40,40,10,0.013567686,CD8+ T
TTAGAAGCATTCCTCG-14-s4d8,GARQ,D11,1,40,40,10,0.012878418,NK
GAGGTTAAGGCTAGAA-14-s4d8,GARQ,D11,1,40,40,33,0.065805435,CD8+ T
TATGCATCACAACAAA-14-s4d8,GARQ,D11,1,40,40,10,0.016223907,CD8+ T
TTAACCAAGCGCATTG-14-s4d8,GARQ,D11,1,40,40,0,0.14958549,Naive CD20+ B
TATGGCCCAATGCGCT-14-s4d8,GARQ,D11,1,40,40,0,0.028987408,Naive CD20+ B
GTAAGCGCAAGGTCCT-14-s4d8,GARQ,D11,1,40,40,10,0.0049449205,CD4+ T activated
GTATTGCAGGTAAGGC-14-s4d8,GARQ,D11,1,40,40,12,0.12185717,Proerythroblast
TGGTTCCTCGCTCCAT-14-s4d8,GARQ,D11,1,40,40,0,0.07986981,Transitional B
GAAGGATGTATTGAGT-14-s4d8,GARQ,D11,1,40,40,25,0.002833724,CD8+ T
ATCAGGTTCTGGCAAT-14-s4d8,GARQ,D11,1,40,40,29,0.11972457,CD8+ T
GCAAACTTCTGGCTTC-14-s4d8,GARQ,D11,1,40,40,30,0.0853467,Proerythroblast
CGCAAATTCGGGCCAT-14-s4d8,GARQ,D11,1,40,40,3,0.114180416,Lymph prog
CAAGAACCAGGACCAA-14-s4d8,GARQ,D11,1,40,40,7,0.12624818,CD8+ T
GATGACTTCAATGACC-14-s4d8,GARQ,D11,1,40,40,10,0.009966731,CD8+ T
GCATTAGGTTCGGGAT-14-s4d8,GARQ,D11,1,40,40,0,0.1829238,Naive CD20+ B
ATAGGTACAAGTAAGC-14-s4d8,GARQ,D11,1,40,40,29,0.027451396,CD8+ T
TCCTTCAAGTAACCCG-14-s4d8,GARQ,D11,1,40,40,16,0.18442279,Transitional B
GTATGTTCACAGAACG-14-s4d8,GARQ,D11,1,40,40,11,0.009176135,CD8+ T
TGAGAACCATAGGCGA-14-s4d8,GARQ,D11,1,40,40,29,0.25800824,CD8+ T
TCATGTTTCCGCTAGA-14-s4d8,GARQ,D11,1,40,40,12,0.0013450235,cDC2
GGGTTTGTCCTAGTCC-14-s4d8,GARQ,D11,1,40,40,29,0.0782572,CD8+ T
GATGCATTCATAATCG-14-s4d8,GARQ,D11,1,40,40,19,0.09863168,CD8+ T
CATAATGTCCGCCTCA-14-s4d8,GARQ,D11,1,40,40,12,0.41318405,Proerythroblast
TTGGAGGCAGTAAAGC-14-s4d8,GARQ,D11,1,40,40,10,0.002301991,CD8+ T
AGAAAGGCAGTAAGTA-14-s4d8,GARQ,D11,1,40,40,30,0.07034749,Proerythroblast
ATTGGCTAGGTGAGAC-14-s4d8,GARQ,D11,1,40,40,3,0.0018351078,Transitional B
CGAGTCGGTTCACCCA-14-s4d8,GARQ,D11,1,40,40,29,0.10444629,CD8+ T
CTGACATAGGAAGTAT-14-s4d8,GARQ,D11,1,40,40,10,0.0072495937,CD8+ T
GTTACGCCATGAATAG-14-s4d8,GARQ,D11,1,40,40,16,0.2992617,Transitional B
CGCAATCCAGTTAGCC-14-s4d8,GARQ,D11,1,40,40,29,0.048124254,CD4+ T naive
TACCGAAGTTGGATCA-14-s4d8,GARQ,D11,1,40,40,0,0.11416662,Naive CD20+ B
AGCTTAATCAATTACG-14-s4d8,GARQ,D11,1,40,40,10,0.019046307,CD8+ T
GCCACACAGCTATGAC-14-s4d8,GARQ,D11,1,40,40,10,0.004385829,CD8+ T
CGTGTTACACCAGGTT-14-s4d8,GARQ,D11,1,40,40,29,0.02455926,CD8+ T
CACTTTGTCATCCTGC-14-s4d8,GARQ,D11,1,40,40,10,0.009660125,CD8+ T
TGGCCTTTCCTCAGTC-14-s4d8,GARQ,D11,1,40,40,37,0.038986146,CD16+ Mono
GACCTCAAGTAGCGGG-14-s4d8,GARQ,D11,1,40,40,10,0.00012791157,Lymph prog
CCCAGCACAGGCTAAG-14-s4d8,GARQ,D11,1,40,40,9,0.021880656,CD8+ T
GCCCAAATCATGCAAC-14-s4d8,GARQ,D11,1,40,40,10,0.047803402,CD8+ T
CCCAGCACATCAGCAC-14-s4d8,GARQ,D11,1,40,40,10,0.010626912,CD8+ T
ACTTGCACAAGGATTA-14-s4d8,GARQ,D11,1,40,40,19,0.012475371,CD4+ T activated
CCTAAAGGTTGTAAAC-14-s4d8,GARQ,D11,1,40,40,10,0.005974531,CD8+ T
CAGCTCAAGTCTCACC-14-s4d8,GARQ,D11,1,40,40,0,0.16598827,Naive CD20+ B
GAGTCAAAGTTAACCA-14-s4d8,GARQ,D11,1,40,40,33,0.09831953,CD8+ T
ACTAACTCATGAAATG-14-s4d8,GARQ,D11,1,40,40,0,0.0253371,Transitional B
TCTTTGTAGCCTGACA-14-s4d8,GARQ,D11,1,40,40,10,0.02038908,CD8+ T
GCGAAGTAGGCTAGAA-14-s4d8,GARQ,D11,1,40,40,10,0.009425998,CD8+ T
ATACCTGCACCGGTAT-14-s4d8,GARQ,D11,1,40,40,10,0.010701776,CD8+ T
ATTCCTAGTGGATTAT-14-s4d8,GARQ,D11,1,40,40,33,0.053561926,CD4+ T activated
GATCGAGCAAGTAAGC-14-s4d8,GARQ,D11,1,40,40,29,0.1940949,CD8+ T
TACCGTTGTGGGAACA-14-s4d8,GARQ,D11,1,40,40,37,0.16526604,cDC2
CAAGTAACAACCCTAA-14-s4d8,GARQ,D11,1,40,40,3,0.002870679,Transitional B
GCTGCATCAACTGGGA-14-s4d8,GARQ,D11,1,40,40,11,0.038131177,CD8+ T
ACGCTTGAGTGATTCA-14-s4d8,GARQ,D11,1,40,40,35,0.02604121,Transitional B
ACCCTCCCAAGTAAGC-14-s4d8,GARQ,D11,1,40,40,0,0.13287765,CD8+ T
CCTTACTCATGAATCT-14-s4d8,GARQ,D11,1,40,40,19,0.017988026,CD4+ T naive
GGTATTGGTACGTTTC-14-s4d8,GARQ,D11,1,40,40,11,0.0554471,CD8+ T
AGCAATTGTATTGTCC-14-s4d8,GARQ,D11,1,40,40,0,0.119125724,B1 B
TAGTTTGAGACACCGC-14-s4d8,GARQ,D11,1,40,40,0,0.08539033,Naive CD20+ B
GTTGGCGGTTGAAGCC-14-s4d8,GARQ,D11,1,40,40,11,0.029056191,CD8+ T
GAGCCTTCAAAGCTAA-14-s4d8,GARQ,D11,1,40,40,33,0.22589016,CD8+ T
AGACACGCAAGGATTA-14-s4d8,GARQ,D11,1,40,40,4,0.06396556,CD8+ T
ATTGACTCAGTTTGTG-14-s4d8,GARQ,D11,1,40,40,9,0.032117546,Naive CD20+ B
TTGGATCAGGCAAGTA-14-s4d8,GARQ,D11,1,40,40,5,0.13177657,Lymph prog
CTCCTCACAATTTAGC-14-s4d8,GARQ,D11,1,40,40,3,0.22329819,B1 B
CCTATTTAGCCTAACG-14-s4d8,GARQ,D11,1,40,40,10,0.012196898,CD8+ T
TCTATGTTCCCTTGCG-14-s4d8,GARQ,D11,1,40,40,10,0.010124326,CD8+ T
GATAGACCACATGCTA-14-s4d8,GARQ,D11,1,40,40,33,0.20256948,CD8+ T
AGCGGATAGGCTAATC-14-s4d8,GARQ,D11,1,40,40,10,0.009230852,CD4+ T activated
CGAGCTGGTGATGGCT-14-s4d8,GARQ,D11,1,40,40,29,0.068811536,CD4+ T activated
ACCGCAATCCTTAGGG-14-s4d8,GARQ,D11,1,40,40,11,0.0053089857,CD8+ T
CTTAAGATCACTAAGC-14-s4d8,GARQ,D11,1,40,40,0,0.056809604,Lymph prog
ACAACACTCTGCAAGT-14-s4d8,GARQ,D11,1,40,40,10,0.009171009,CD8+ T
TTTGCGACAGGCGATA-14-s4d8,GARQ,D11,1,40,40,0,0.27812058,Transitional B
GATCAGTTCCGGAACC-14-s4d8,GARQ,D11,1,40,40,11,0.006743431,CD8+ T
CCTGTATGTAATGGAA-14-s4d8,GARQ,D11,1,40,40,10,0.012313485,CD8+ T
TACTGCACAAACATAG-14-s4d8,GARQ,D11,1,40,40,12,0.41235256,Normoblast
ACGTTGTAGGTGTCCA-14-s4d8,GARQ,D11,1,40,40,30,0.025654316,Proerythroblast
CGCACCACAGCAAGGC-14-s4d8,GARQ,D11,1,40,40,0,0.13427979,Naive CD20+ B
TACAATGTCACGCATG-14-s4d8,GARQ,D11,1,40,40,26,0.16493118,CD4+ T naive
ACGTTACAGGACACTT-14-s4d8,GARQ,D11,1,40,40,30,0.07122159,Proerythroblast
GAAGTGATCTGTAAGC-14-s4d8,GARQ,D11,1,40,40,10,0.014044762,CD8+ T
GATGGACAGCGGTTAT-14-s4d8,GARQ,D11,1,40,40,16,0.13897246,Naive CD20+ B
TTGGATATCATTGACA-14-s4d8,GARQ,D11,1,40,40,30,0.18281794,G/M prog
TTCATCCCAAGCTTAT-14-s4d8,GARQ,D11,1,40,40,30,0.2869568,G/M prog
GGTAACCGTATTCGCT-14-s4d8,GARQ,D11,1,40,40,29,0.24687618,CD4+ T activated
GGTGCTTCAGCATTAT-14-s4d8,GARQ,D11,1,40,40,10,0.009990811,CD8+ T
TGATTGCAGACAGGTA-14-s4d8,GARQ,D11,1,40,40,31,0.024658322,Transitional B
TAGCTAATCCTTAAGA-14-s4d8,GARQ,D11,1,40,40,33,0.26668662,CD8+ T
AAACCGCGTAAGCTTG-14-s4d8,GARQ,D11,1,40,40,11,0.015172482,CD4+ T naive
AACAGGATCCTGGTCT-14-s4d8,GARQ,D11,1,40,40,10,0.004583955,NK
GGTAAACCATCACAGC-14-s4d8,GARQ,D11,1,40,40,33,0.05458647,CD16+ Mono
CTTGACGAGCGGATTT-14-s4d8,GARQ,D11,1,40,40,11,0.015371144,NK
CAGGCTGGTGGTTAGC-14-s4d8,GARQ,D11,1,40,40,3,0.013601422,Transitional B
TCTATGTTCGTTAACA-14-s4d8,GARQ,D11,1,40,40,22,0.18225747,Transitional B
ACCAAGTTCGGTAACT-14-s4d8,GARQ,D11,1,40,40,11,0.0074343085,CD8+ T
ATCCATAAGGAACCGG-14-s4d8,GARQ,D11,1,40,40,12,0.110277176,Proerythroblast
ATGGCTTAGCCTGTTC-14-s4d8,GARQ,D11,1,40,40,12,0.18109834,Erythroblast
CTAGATTCAGCATGAG-14-s4d8,GARQ,D11,1,40,40,10,0.0077257156,CD8+ T
GCTGTGATCAATGTCA-14-s4d8,GARQ,D11,1,40,40,10,0.01237905,CD8+ T
GCTGCATCAGAGGCTA-14-s4d8,GARQ,D11,1,40,40,11,0.16272813,CD8+ T
CTGTACCTCCAGGGAG-14-s4d8,GARQ,D11,1,40,40,16,0.03725195,Transitional B
TGCTATGCAAACCTTG-14-s4d8,GARQ,D11,1,40,40,10,0.0067757964,NK
TGCTCAACAGGAACTG-14-s4d8,GARQ,D11,1,40,40,11,0.079334795,CD8+ T
ATGGCTAGTTGCGGAT-14-s4d8,GARQ,D11,1,40,40,10,0.002756238,CD8+ T
GAACACAAGAGGAGGA-14-s4d8,GARQ,D11,1,40,40,10,0.014100313,CD8+ T
CAAGGTAAGGTGAGAC-14-s4d8,GARQ,D11,1,40,40,30,0.33809733,Lymph prog
GACCGAACATTAAGTC-14-s4d8,GARQ,D11,1,40,40,10,0.012658596,CD8+ T
GTTAACGGTCCTCCAA-14-s4d8,GARQ,D11,1,40,40,10,0.012523055,CD8+ T
CCGGTAGGTGTCCAGG-14-s4d8,GARQ,D11,1,40,40,29,0.030978203,CD8+ T
TAAGGCTTCATTAGCA-14-s4d8,GARQ,D11,1,40,40,3,0.08639258,Naive CD20+ B
TGCTTCATCCAGGAAA-14-s4d8,GARQ,D11,1,40,40,10,0.015282154,CD8+ T
ACCTAAGGTCATCCTG-14-s4d8,GARQ,D11,1,40,40,11,0.09826243,CD8+ T
TCTAATCTCCGGTATG-14-s4d8,GARQ,D11,1,40,40,0,0.22964942,Naive CD20+ B
TCTCAATTCACAAGCT-14-s4d8,GARQ,D11,1,40,40,0,0.14947179,Naive CD20+ B
CAGTACCCACAATACT-14-s4d8,GARQ,D11,1,40,40,33,0.10141367,CD4+ T activated
TTGCCCGTCATTGTCT-14-s4d8,GARQ,D11,1,40,40,10,0.0051751137,NK
CATAAGCTCTTAATGG-14-s4d8,GARQ,D11,1,40,40,33,0.075892806,CD8+ T
ACGTCCAAGGTTAGCT-14-s4d8,GARQ,D11,1,40,40,0,0.025538206,Naive CD20+ B
TTGGGCGGTTTCGCCA-14-s4d8,GARQ,D11,1,40,40,12,0.14807826,Proerythroblast
CTCGACAAGTCACGAT-14-s4d8,GARQ,D11,1,40,40,10,0.011583567,CD8+ T
TCAAGGTTCCTTCTAG-14-s4d8,GARQ,D11,1,40,40,10,0.012080073,CD8+ T
TATCACGCAACTGGGA-14-s4d8,GARQ,D11,1,40,40,10,0.0105342865,CD8+ T
ACATTGCAGCCAAATC-14-s4d8,GARQ,D11,1,40,40,29,0.17623276,NK
CCTAATAAGCAACATC-14-s4d8,GARQ,D11,1,40,40,10,0.010539055,Plasma cell
AATTCGTCAAGGTATA-14-s4d8,GARQ,D11,1,40,40,10,0.011106312,CD8+ T
CTCATTTAGCACAGGG-14-s4d8,GARQ,D11,1,40,40,10,0.012231588,CD8+ T
TTAGCAGGTCGCAATA-14-s4d8,GARQ,D11,1,40,40,13,0.040410876,Naive CD20+ B
GGTTTGTAGGAACCAA-14-s4d8,GARQ,D11,1,40,40,10,0.04091835,CD8+ T
GAGCTAGCAAGTCGCT-14-s4d8,GARQ,D11,1,40,40,30,0.030184627,MK/E prog
GTTCCTGGTGCTGGTG-14-s4d8,GARQ,D11,1,40,40,30,0.15382951,Lymph prog
ACTAGGCGTTAGCGTA-14-s4d8,GARQ,D11,1,40,40,9,0.088906944,Naive CD20+ B
GTACTGGTCCGCTAGA-14-s4d8,GARQ,D11,1,40,40,12,0.17127848,Proerythroblast
GGTCCATCAGCACGTT-14-s4d8,GARQ,D11,1,40,40,11,0.075474024,CD8+ T
GGCGTTATCATGTTTC-14-s4d8,GARQ,D11,1,40,40,33,0.074377894,CD8+ T
AGGTGAGGTACGTTTC-14-s4d8,GARQ,D11,1,40,40,11,0.06412828,CD8+ T
AACCTTGCATCATGTG-14-s4d8,GARQ,D11,1,40,40,8,0.0012434721,CD8+ T
ATAGATGCAACCTAAT-14-s4d8,GARQ,D11,1,40,40,11,0.08580732,CD8+ T
GAGGGAGCAGTCTATG-14-s4d8,GARQ,D11,1,40,40,31,0.04247439,Transitional B
AACAGGATCCTCCCTC-14-s4d8,GARQ,D11,1,40,40,33,0.05241108,CD8+ T
CATCGCTTCTCTAGCC-14-s4d8,GARQ,D11,1,40,40,10,0.013419986,CD8+ T
TTGATGTCATTGCGGT-14-s4d8,GARQ,D11,1,40,40,10,0.0058386326,CD4+ T activated
AGCACTAGTTGAATCG-14-s4d8,GARQ,D11,1,40,40,25,0.037601948,CD8+ T
TTGCAACAGCGTGCGT-14-s4d8,GARQ,D11,1,40,40,10,0.006792724,NK
TCGTTAGCACAAGCCT-14-s4d8,GARQ,D11,1,40,40,0,0.05989456,Transitional B
GGCCAACTCAAGCTTA-14-s4d8,GARQ,D11,1,40,40,6,0.0112345815,CD4+ T activated
CCCTCAGTCACAGACT-14-s4d8,GARQ,D11,1,40,40,10,0.008214593,CD8+ T
CTCATTTAGTGAGCAA-14-s4d8,GARQ,D11,1,40,40,10,0.0031656027,CD8+ T
GGAACAATCAATCATG-14-s4d8,GARQ,D11,1,40,40,10,0.007835507,CD8+ T
GGTCCTGCATTAAGTC-14-s4d8,GARQ,D11,1,40,40,38,0.086444736,Transitional B
TTTCACCCACGTAATT-14-s4d8,GARQ,D11,1,40,40,10,0.0052658916,NK
GGACCTCAGATAAAGC-14-s4d8,GARQ,D11,1,40,40,10,0.01670605,Plasma cell
GCCTTTATCTTGGACG-14-s4d8,GARQ,D11,1,40,40,11,0.0053522587,CD8+ T
TACTTCGTCAAGGACA-14-s4d8,GARQ,D11,1,40,40,29,0.1086632,CD8+ T
AGCTAAACATCAGTAT-14-s4d8,GARQ,D11,1,40,40,10,0.028718948,CD8+ T
TAAGGCTTCAGTTCCC-14-s4d8,GARQ,D11,1,40,40,10,0.0042533875,CD8+ T
ACATCAATCAGCATTA-14-s4d8,GARQ,D11,1,40,40,4,0.0036268234,CD4+ T activated
AGTGCGGAGTGTGATC-14-s4d8,GARQ,D11,1,40,40,10,0.0068341494,CD8+ T
CGATATTCAGGAAGCC-14-s4d8,GARQ,D11,1,40,40,11,0.095762014,CD8+ T
CCTGTATGTCAACAAT-14-s4d8,GARQ,D11,1,40,40,25,0.057098627,NK
ACCTGGTCACCTGCCT-14-s4d8,GARQ,D11,1,40,40,29,0.15649372,CD4+ T activated
GCTGTACCAACTAGAA-14-s4d8,GARQ,D11,1,40,40,0,0.09902227,Naive CD20+ B
ATTTAGCCAAACAACA-14-s4d8,GARQ,D11,1,40,40,0,0.060666144,Naive CD20+ B
AACGGTAAGGGTCCAC-14-s4d8,GARQ,D11,1,40,40,10,0.005904436,CD8+ T
AGTCGCATCAATCATG-14-s4d8,GARQ,D11,1,40,40,12,0.25876987,Proerythroblast
CTGTGTGAGTGAGCGG-14-s4d8,GARQ,D11,1,40,40,11,0.066379905,CD8+ T
ACCAGCTCAGCACCAT-14-s4d8,GARQ,D11,1,40,40,12,0.46216846,Proerythroblast
CAGGACACATCTAGCA-14-s4d8,GARQ,D11,1,40,40,16,0.030309081,pDC
AATCATGTCGAAGTGA-14-s4d8,GARQ,D11,1,40,40,11,0.01595223,CD8+ T
GCGAAGTAGGCATGTT-14-s4d8,GARQ,D11,1,40,40,11,0.0006033778,CD8+ T
TACGTTAAGTAACCCG-14-s4d8,GARQ,D11,1,40,40,4,0.06605852,CD4+ T naive
GCATTGCCAGTTTACG-14-s4d8,GARQ,D11,1,40,40,10,0.012822628,CD8+ T
CTAACCACAAGTCGCT-14-s4d8,GARQ,D11,1,40,40,3,0.021806657,B1 B
CTGGACCAGCCTTAAA-14-s4d8,GARQ,D11,1,40,40,5,0.010509849,Lymph prog
CCTGCTCCAGGTTCAC-14-s4d8,GARQ,D11,1,40,40,10,0.02521801,CD8+ T
CACCGGTAGGACAATG-14-s4d8,GARQ,D11,1,40,40,11,0.040055513,CD8+ T
AAACCAACATTTGCTC-14-s4d8,GARQ,D11,1,40,40,10,0.0036410093,Naive CD20+ B
GTGTGTTAGCCGCTTT-14-s4d8,GARQ,D11,1,40,40,10,0.0073570013,CD8+ T
GAGCTAGCAACTAGAA-14-s4d8,GARQ,D11,1,40,40,12,0.4620962,Proerythroblast
GATCAAGAGCCTAATA-14-s4d8,GARQ,D11,1,40,40,3,0.090770304,Transitional B
ATCACACAGCCGCTTT-14-s4d8,GARQ,D11,1,40,40,10,0.013221979,CD8+ T
TCATCCATCGATATTG-14-s4d8,GARQ,D11,1,40,40,12,0.03943813,Proerythroblast
TTTCTCACAGCTTAAT-14-s4d8,GARQ,D11,1,40,40,0,0.36216986,Naive CD20+ B
ACCAAGCGTTAGGCGT-14-s4d8,GARQ,D11,1,40,40,10,0.015073061,CD8+ T
CTCGACAAGTAAGAAC-14-s4d8,GARQ,D11,1,40,40,33,0.088540554,CD8+ T
GGGCATTGTAATCGTG-14-s4d8,GARQ,D11,1,40,40,16,0.26555365,Lymph prog
GCAGGATAGCAGGTTT-14-s4d8,GARQ,D11,1,40,40,11,0.16245759,CD8+ T
TACGGATTCCCGTTAC-14-s4d8,GARQ,D11,1,40,40,16,0.004631102,Naive CD20+ B
AGTAACACACAGCCAT-14-s4d8,GARQ,D11,1,40,40,12,0.12958884,Erythroblast
ACACAATGTCATCAAG-14-s4d8,GARQ,D11,1,40,40,10,0.015466452,CD8+ T
AAGGATGTCGGGCCAT-14-s4d8,GARQ,D11,1,40,40,10,0.012320459,CD8+ T
TTTAGGATCTTGAGGT-14-s4d8,GARQ,D11,1,40,40,10,0.025931835,CD8+ T
AACGACAAGGTGAAGC-14-s4d8,GARQ,D11,1,40,40,3,0.18914706,B1 B
ACCCGTAAGTGACCTG-14-s4d8,GARQ,D11,1,40,40,12,0.08641094,Normoblast
TCCTGGTTCAGGCTAT-14-s4d8,GARQ,D11,1,40,40,11,0.03167534,NK
TCGCTAACACAATACT-14-s4d8,GARQ,D11,1,40,40,10,0.008572876,NK
GCACATTAGATACTTG-14-s4d8,GARQ,D11,1,40,40,0,0.26169348,B1 B
TGGACAAAGGGCCATC-14-s4d8,GARQ,D11,1,40,40,17,0.009649754,cDC2
GGTCAATTCATGTTTC-14-s4d8,GARQ,D11,1,40,40,12,0.030092001,Proerythroblast
ACTTAGGGTCCCGGAA-14-s4d8,GARQ,D11,1,40,40,29,0.16704726,CD4+ T activated
TTGAGGCGTTTGGGTA-14-s4d8,GARQ,D11,1,40,40,12,0.18126607,Proerythroblast
GCAAACCGTATTCGTC-14-s4d8,GARQ,D11,1,40,40,16,0.030935705,Naive CD20+ B
TGGCGGTTCCTCCCTC-14-s4d8,GARQ,D11,1,40,40,33,0.05400765,CD4+ T naive
CTCTAGCTCAGGATGA-14-s4d8,GARQ,D11,1,40,40,11,0.10967827,CD8+ T
ATATAGGCAGCATTAT-14-s4d8,GARQ,D11,1,40,40,31,0.10320407,Naive CD20+ B
GATGACTTCTGGCATG-14-s4d8,GARQ,D11,1,40,40,10,0.014125466,CD8+ T
AATCATGTCATTGTCT-14-s4d8,GARQ,D11,1,40,40,29,0.14754105,CD8+ T
GAGAAACGTATTGAGT-14-s4d8,GARQ,D11,1,40,40,10,0.013562441,CD8+ T
GAGTTGCGTGTTAAAC-14-s4d8,GARQ,D11,1,40,40,0,0.046283722,Lymph prog
TATGTGATCAAGGACA-14-s4d8,GARQ,D11,1,40,40,10,0.022117257,CD8+ T
AGGCGGATCATAACCA-14-s4d8,GARQ,D11,1,40,40,0,0.10214442,Transitional B
ATTCCGGAGCAGGTTT-14-s4d8,GARQ,D11,1,40,40,10,0.013273954,CD8+ T
TGATCGAGTGCACGCA-14-s4d8,GARQ,D11,1,40,40,29,0.05757308,CD4+ T activated
GTGATGAAGACTAAGG-14-s4d8,GARQ,D11,1,40,40,4,0.062864184,Transitional B
GTAGCTGTCTTAGCCC-14-s4d8,GARQ,D11,1,40,40,30,0.0057899356,MK/E prog
ACGAACAAGCACAGCC-14-s4d8,GARQ,D11,1,40,40,30,0.17048907,Proerythroblast
CCAGGAACAACAGCCT-14-s4d8,GARQ,D11,1,40,40,3,0.06359756,Plasma cell
TTGGATCAGGGCTTTG-14-s4d8,GARQ,D11,1,40,40,30,0.013669848,pDC
GGTAGGAGTTCGCGCT-14-s4d8,GARQ,D11,1,40,40,33,0.04498315,CD8+ T
AATTGCCAGTGAGCAA-14-s4d8,GARQ,D11,1,40,40,10,0.010536432,CD8+ T
GAAGGCCCATATTGAC-14-s4d8,GARQ,D11,1,40,40,16,0.3865205,Lymph prog
CACAGGCTCCTAGTCC-14-s4d8,GARQ,D11,1,40,40,10,0.035113573,CD8+ T
CAAGTTATCCAAATCA-14-s4d8,GARQ,D11,1,40,40,10,0.00021398067,NK
TAGGCTTAGTAACGAG-14-s4d8,GARQ,D11,1,40,40,10,0.017115593,CD8+ T
AGTCGCATCCTCAGCT-14-s4d8,GARQ,D11,1,40,40,11,0.07440925,CD8+ T
ACCTAAGGTCCGTAGG-14-s4d8,GARQ,D11,1,40,40,3,0.013928115,Naive CD20+ B
TAATCCGCAGCAAGTG-14-s4d8,GARQ,D11,1,40,40,28,0.046878695,cDC2
AAGCTATGTTTACCGT-14-s4d8,GARQ,D11,1,40,40,10,0.007071018,CD4+ T activated
TAGCGCGGTTCGGTAA-14-s4d8,GARQ,D11,1,40,40,38,0.08896142,Transitional B
GCAATCTAGCTGTAAC-14-s4d8,GARQ,D11,1,40,40,10,0.010227561,CD4+ T activated
TAGAGCCGTATTGTCC-14-s4d8,GARQ,D11,1,40,40,16,0.046611488,Transitional B
TCCTTGCAGAACCTGT-14-s4d8,GARQ,D11,1,40,40,30,0.16991305,Proerythroblast
GAACTTATCATCGTTT-14-s4d8,GARQ,D11,1,40,40,27,0.048680246,Naive CD20+ B
ACTGAATGTACCGTTT-14-s4d8,GARQ,D11,1,40,40,10,0.013707519,CD8+ T
ACGGTACGTAGGATCC-14-s4d8,GARQ,D11,1,40,40,12,0.011224151,Proerythroblast
TACGTAATCACAGCCA-14-s4d8,GARQ,D11,1,40,40,10,0.015957475,CD8+ T
CCTTACTCAGGCTTGT-14-s4d8,GARQ,D11,1,40,40,0,0.3252988,Lymph prog
GGTTTAATCAGGTCCA-14-s4d8,GARQ,D11,1,40,40,29,0.05312431,CD8+ T
CATAATCCAAACCCTA-14-s4d8,GARQ,D11,1,40,40,38,0.03982061,CD4+ T naive
GCCTACTTCCAGGTCA-14-s4d8,GARQ,D11,1,40,40,12,0.60785353,Proerythroblast
CGAAGTAAGCGATAGA-14-s4d8,GARQ,D11,1,40,40,37,0.57491934,cDC2
GCTGAGGAGGCATGAA-14-s4d8,GARQ,D11,1,40,40,11,0.050688624,CD8+ T
TTCACTGTCGGCCATA-14-s4d8,GARQ,D11,1,40,40,3,0.017821968,B1 B
GGCGTTATCCCATAGG-14-s4d8,GARQ,D11,1,40,40,12,0.10690606,Proerythroblast
CATAATCCAACAGCCT-14-s4d8,GARQ,D11,1,40,40,0,0.08419782,Transitional B
TGCTCTCAGCTTACTT-14-s4d8,GARQ,D11,1,40,40,16,0.4124083,Transitional B
AGCGATTTCATCCTAT-14-s4d8,GARQ,D11,1,40,40,0,0.11483657,Naive CD20+ B
CCGTTACTCATCCTCA-14-s4d8,GARQ,D11,1,40,40,20,0.12182176,Proerythroblast
GTAAGCGCACCTGTAA-14-s4d8,GARQ,D11,1,40,40,12,0.052322507,Proerythroblast
ACTTATGAGTTGTCTT-14-s4d8,GARQ,D11,1,40,40,10,0.0012817979,CD4+ T naive
TTGGGCGGTTTCCGGC-14-s4d8,GARQ,D11,1,40,40,16,0.036049366,Naive CD20+ B
ACCATAATCGCCTAAG-14-s4d8,GARQ,D11,1,40,40,29,0.0003375113,Plasma cell
TCCCTGGTCGCATTAA-14-s4d8,GARQ,D11,1,40,40,0,0.10286641,Transitional B
AAGACATAGCTGAGGG-14-s4d8,GARQ,D11,1,40,40,25,0.090994835,NK
CACATTAAGGTCAAAG-14-s4d8,GARQ,D11,1,40,40,10,0.020443201,CD4+ T activated
GCTTTCATCCTAATTC-14-s4d8,GARQ,D11,1,40,40,12,0.6041497,Normoblast
CCCTCATAGCTGGACC-14-s4d8,GARQ,D11,1,40,40,10,0.004698515,CD8+ T
ATGGCTTAGCTAGAAG-14-s4d8,GARQ,D11,1,40,40,25,0.052821755,CD8+ T
TTATGCGCATTTGCTC-14-s4d8,GARQ,D11,1,40,40,29,0.10719705,CD4+ T activated
AATTTGGTCTTGGACG-14-s4d8,GARQ,D11,1,40,40,10,0.01077199,CD8+ T
CATTATCTCGTACCGA-14-s4d8,GARQ,D11,1,40,40,27,0.056586742,CD4+ T activated
CGCACACAGGCATTAC-14-s4d8,GARQ,D11,1,40,40,10,0.006890416,CD4+ T activated
GGTTTAATCTTAGGAC-14-s4d8,GARQ,D11,1,40,40,16,0.035507202,Lymph prog
GCTAAGCGTGCTTTAC-14-s4d8,GARQ,D11,1,40,40,33,0.10726988,CD8+ T
GGAACCACAAAGGCCA-14-s4d8,GARQ,D11,1,40,40,10,0.004854083,CD8+ T
CTCATTTAGGTTAGCT-14-s4d8,GARQ,D11,1,40,40,13,0.089984,Naive CD20+ B
CTATTACTCATAGCCG-14-s4d8,GARQ,D11,1,40,40,10,0.015536904,CD8+ T
AGCAATACACCCTCAC-14-s4d8,GARQ,D11,1,40,40,10,0.0054522753,CD4+ T activated
GGAAACTCAAGTCGCT-14-s4d8,GARQ,D11,1,40,40,11,0.034282506,CD8+ T
ACCAGCTCAATTAAGG-14-s4d8,GARQ,D11,1,40,40,0,0.01724863,Transitional B
GGTCTTGAGAGAGCCG-14-s4d8,GARQ,D11,1,40,40,15,0.00608173,Lymph prog
AATGCAACAATCCCTT-14-s4d8,GARQ,D11,1,40,40,10,0.0026739836,CD8+ T
TTTCAGTTCCGCCAAA-14-s4d8,GARQ,D11,1,40,40,38,0.021929264,cDC2
GGTTTGTAGTTGTCAA-14-s4d8,GARQ,D11,1,40,40,16,0.1617806,Naive CD20+ B
ATGTAACGTCCTTTAA-14-s4d8,GARQ,D11,1,40,40,16,0.078840494,Transitional B
TCTAATCTCGATCAGT-14-s4d8,GARQ,D11,1,40,40,11,0.047539234,CD8+ T
CACGCAATCAATGTCA-14-s4d8,GARQ,D11,1,40,40,38,0.068272054,Transitional B
AGCACTAGTGCAACTA-14-s4d8,GARQ,D11,1,40,40,10,0.0060332417,CD8+ T
CATAGCTAGCATGACT-14-s4d8,GARQ,D11,1,40,40,10,0.008451223,NK
CCTAATAAGGTTAGCT-14-s4d8,GARQ,D11,1,40,40,10,0.023212671,CD8+ T
ACCTAAATCCCGCATT-14-s4d8,GARQ,D11,1,40,40,37,0.42158228,cDC2
TGCCATTGTATTCGTC-14-s4d8,GARQ,D11,1,40,40,10,0.011612654,CD8+ T
ACCTTCATCCGTCCAT-14-s4d8,GARQ,D11,1,40,40,25,0.033459306,NK
CGGTTTGAGACAGGCG-14-s4d8,GARQ,D11,1,40,40,10,0.012201071,CD8+ T
TAAGGACCAGGTTACC-14-s4d8,GARQ,D11,1,40,40,10,0.0077866316,CD8+ T
AATTGGACATTTAAGC-14-s4d8,GARQ,D11,1,40,40,10,0.008674145,CD8+ T
CGGCAATGTTTGGGCG-14-s4d8,GARQ,D11,1,40,40,33,0.05842668,B1 B
AGGTCAAAGTAACCCG-14-s4d8,GARQ,D11,1,40,40,29,0.034681916,CD4+ T naive
TATAGCCAGTCCTTCA-14-s4d8,GARQ,D11,1,40,40,30,0.12067294,Proerythroblast
CCTGAATAGCTCCTTA-14-s4d8,GARQ,D11,1,40,40,10,0.014630556,CD8+ T
AGCAAATAGGATCACT-14-s4d8,GARQ,D11,1,40,40,10,0.0074187517,CD8+ T
CGGATAAAGCCTGAGC-14-s4d8,GARQ,D11,1,40,40,35,0.034592092,Naive CD20+ B
GGCCTTAAGTATCGCG-14-s4d8,GARQ,D11,1,40,40,33,0.001541853,CD8+ T
AGAACCAAGGCTACAT-14-s4d8,GARQ,D11,1,40,40,33,0.041622043,CD8+ T
ATTGCGCCAATTGACT-14-s4d8,GARQ,D11,1,40,40,10,0.02052474,CD8+ T
CGCTATGAGGTTTACA-14-s4d8,GARQ,D11,1,40,40,10,0.010112286,CD8+ T
TGTTGTTTCAAACCGT-14-s4d8,GARQ,D11,1,40,40,0,0.100316465,Naive CD20+ B
CGAAGAATCAATCATG-14-s4d8,GARQ,D11,1,40,40,10,0.0011051893,CD8+ T
TAGGAGGGTAACAGGG-14-s4d8,GARQ,D11,1,40,40,0,0.020173669,Transitional B
AGCTGCTCACGGTTTA-14-s4d8,GARQ,D11,1,40,40,10,0.01714468,CD8+ T
ACTAGGCGTTTGGCTT-14-s4d8,GARQ,D11,1,40,40,5,0.07546449,Lymph prog
TCCAGGTCAATTAACC-14-s4d8,GARQ,D11,1,40,40,12,0.36466205,Erythroblast
GGACTAAAGCAGGTTT-14-s4d8,GARQ,D11,1,40,40,37,0.062039852,CD16+ Mono
ATGGTTATCTTAGGGT-14-s4d8,GARQ,D11,1,40,40,13,0.068737626,Naive CD20+ B
AATTGACGTTAGGTTG-14-s4d8,GARQ,D11,1,40,40,10,0.0068331957,CD4+ T activated
TCGCCCATCCACCTTA-14-s4d8,GARQ,D11,1,40,40,10,0.007303357,CD8+ T
GACACCGGTCCTAATC-14-s4d8,GARQ,D11,1,40,40,12,0.10543132,Proerythroblast
TCGCCCATCGCTAGCA-14-s4d8,GARQ,D11,1,40,40,9,0.09997749,Naive CD20+ B
CCTCAGTTCTAATTGG-14-s4d8,GARQ,D11,1,40,40,10,0.012190342,CD8+ T
TTTCAGTTCCTAAGGT-14-s4d8,GARQ,D11,1,40,40,9,0.023650885,Naive CD20+ B
GTGCTCAAGTAGAGGC-14-s4d8,GARQ,D11,1,40,40,11,0.065084815,CD8+ T
TGGCTATAGGAGGTTA-14-s4d8,GARQ,D11,1,40,40,19,0.45697773,CD8+ T
GGGCATGAGGCAGGTG-14-s4d8,GARQ,D11,1,40,40,16,0.17339575,Naive CD20+ B
AAAGGCTCATAGCTTG-14-s4d8,GARQ,D11,1,40,40,38,0.18404031,Naive CD20+ B
GAAGCCTGTACTGAAT-14-s4d8,GARQ,D11,1,40,40,10,0.0017989874,CD8+ T
GTACTAATCCCTGACT-14-s4d8,GARQ,D11,1,40,40,15,0.061896235,Naive CD20+ B
GATGGCTGTATTGGAT-14-s4d8,GARQ,D11,1,40,40,10,0.023364305,CD8+ T
ATGCAGGCACCTGCTC-14-s4d8,GARQ,D11,1,40,40,37,0.34193075,cDC2
TAGCGGACAACACTTG-14-s4d8,GARQ,D11,1,40,40,37,0.44626695,cDC2
AGAGATTAGGGATTAG-14-s4d8,GARQ,D11,1,40,40,30,0.030290186,Erythroblast
GCAAACAAGGCGCATC-14-s4d8,GARQ,D11,1,40,40,10,0.0034220219,CD8+ T
TCTTAGTTCCTCATCA-14-s4d8,GARQ,D11,1,40,40,10,0.013855934,CD4+ T activated
TGATGATGTTAAGCGC-14-s4d8,GARQ,D11,1,40,40,27,0.052933216,CD8+ T
CATGCAAGTGAATCGC-14-s4d8,GARQ,D11,1,40,40,10,0.01656115,CD8+ T
CCAACCCGTAGTAAGA-14-s4d8,GARQ,D11,1,40,40,12,0.11567187,Erythroblast
GTATTGTCAGGACCTT-14-s4d8,GARQ,D11,1,40,40,12,0.01240921,Proerythroblast
TCCGCCATCAGGAAGC-14-s4d8,GARQ,D11,1,40,40,37,0.2140044,cDC2
TATGGCCCAAGACTCC-14-s4d8,GARQ,D11,1,40,40,10,0.006193638,CD8+ T
CAACTAGGTTCCGGGA-14-s4d8,GARQ,D11,1,40,40,10,0.014989376,CD8+ T
GTAAGCGCAATCCTAG-14-s4d8,GARQ,D11,1,40,40,3,0.03040886,Naive CD20+ B
GTTACAGGTTTGGTTC-14-s4d8,GARQ,D11,1,40,40,12,0.07910776,Erythroblast
CAAACATGTATACTGG-14-s4d8,GARQ,D11,1,40,40,12,0.20842922,Normoblast
CAATAAGCAACACCTA-14-s4d8,GARQ,D11,1,40,40,0,0.038817167,Naive CD20+ B
GACTTACAGCAGGCCT-14-s4d8,GARQ,D11,1,40,40,10,0.010216236,CD8+ T
AATGAAGGTGGTTATG-14-s4d8,GARQ,D11,1,40,40,0,0.22469896,Naive CD20+ B
TAGGCTGTCAGTGAAG-14-s4d8,GARQ,D11,1,40,40,10,0.0083527565,CD8+ T
AAAGCAAGTGAGCGAA-14-s4d8,GARQ,D11,1,40,40,38,0.030933142,B1 B
ATTAGGTGTTTCAGGA-14-s4d8,GARQ,D11,1,40,40,33,0.2359404,CD8+ T
GAAGTGATCACGAATC-14-s4d8,GARQ,D11,1,40,40,12,0.2574736,Proerythroblast
GCGCTAGGTGAAACAA-14-s4d8,GARQ,D11,1,40,40,29,0.31661105,CD4+ T activated
CTGTAACAGTTGTCCC-14-s4d8,GARQ,D11,1,40,40,39,0.07020098,CD4+ T naive
CAAAGGATCCATTACT-14-s4d8,GARQ,D11,1,40,40,29,0.06811714,CD4+ T activated
TGATTCAAGCACTTGG-14-s4d8,GARQ,D11,1,40,40,29,0.032413602,CD8+ T
TTTACGCGTCCTCCAA-14-s4d8,GARQ,D11,1,40,40,11,0.015610099,CD8+ T
ATTGCGCCAACCTGGT-14-s4d8,GARQ,D11,1,40,40,33,0.06356084,CD8+ T
GGACTAAAGATTGAGG-14-s4d8,GARQ,D11,1,40,40,33,0.037509978,CD4+ T naive
GGCATTAGTCAAAGAA-14-s4d8,GARQ,D11,1,40,40,3,0.10124469,Naive CD20+ B
TAGTAGGAGACCATAC-14-s4d8,GARQ,D11,1,40,40,0,0.11128199,Naive CD20+ B
GTTTGTTTCGAGGTGG-14-s4d8,GARQ,D11,1,40,40,12,0.3225739,Proerythroblast
GTTGCCCGTGATTTGG-14-s4d8,GARQ,D11,1,40,40,29,0.31528366,CD8+ T
GTTGTTGCAGCACCAT-14-s4d8,GARQ,D11,1,40,40,16,0.108636856,Naive CD20+ B
CCATCACTCCTCAGCT-14-s4d8,GARQ,D11,1,40,40,30,0.29872274,Lymph prog
TCTTAGTTCAATCATG-14-s4d8,GARQ,D11,1,40,40,33,0.061194897,CD4+ T naive
CTTGAATCACAATGCC-14-s4d8,GARQ,D11,1,40,40,33,0.04808569,CD8+ T
CAGCTCAAGTGAACAG-14-s4d8,GARQ,D11,1,40,40,0,0.094774365,Naive CD20+ B
AGTGAACCACTAGCGT-14-s4d8,GARQ,D11,1,40,40,6,0.12227166,CD8+ T
GAAGGAACAGGTATTT-14-s4d8,GARQ,D11,1,40,40,10,0.020504832,CD4+ T activated
TCCCTCACAATTGAGA-14-s4d8,GARQ,D11,1,40,40,38,0.30411464,CD4+ T activated
GTCTATCGTTTAAAGC-14-s4d8,GARQ,D11,1,40,40,0,0.18208635,B1 B
AGCCAGTGTCTCACTG-14-s4d8,GARQ,D11,1,40,40,29,0.23435569,CD8+ T
CCTGCTCCACTCGCTC-14-s4d8,GARQ,D11,1,40,40,33,0.044344783,CD8+ T
TGCTTCATCCAAATCA-14-s4d8,GARQ,D11,1,40,40,11,0.012684107,CD8+ T
AAGTGAAGTAACGGGA-14-s4d8,GARQ,D11,1,40,40,9,0.026862025,Naive CD20+ B
TGTTGCACATTTGCTC-14-s4d8,GARQ,D11,1,40,40,10,0.0019554496,CD4+ T activated
CGGTAACGTCTATCGT-14-s4d8,GARQ,D11,1,40,40,8,0.00094521046,CD8+ T
CGCAATCCATTAGGCC-14-s4d8,GARQ,D11,1,40,40,10,0.009343505,NK
GGGATTAAGGACTTAC-14-s4d8,GARQ,D11,1,40,40,10,0.010518312,CD8+ T
CACCGGTAGCTGAGGG-14-s4d8,GARQ,D11,1,40,40,30,0.12288308,Proerythroblast
TGCTTCCAGGTAGCTT-14-s4d8,GARQ,D11,1,40,40,12,0.16775584,Proerythroblast
AGAGAAGCATCCCTCA-14-s4d8,GARQ,D11,1,40,40,30,0.036460638,Proerythroblast
TCTTTGTAGCCATCAG-14-s4d8,GARQ,D11,1,40,40,11,0.084472775,CD8+ T
TTGCTTTAGCTACTGG-14-s4d8,GARQ,D11,1,40,40,29,0.012085974,NK
CATTCCTCATGCATAT-14-s4d8,GARQ,D11,1,40,40,22,0.009182751,Naive CD20+ B
TCCGGTTTCGCTATAA-14-s4d8,GARQ,D11,1,40,40,10,0.011662841,CD8+ T
GTCTCACTCATTGCGG-14-s4d8,GARQ,D11,1,40,40,25,0.021244168,CD8+ T
TGCTATGCAATAGTCT-14-s4d8,GARQ,D11,1,40,40,11,0.11983383,CD8+ T
AGTAACCTCCATAAGC-14-s4d8,GARQ,D11,1,40,40,12,0.039481163,HSC
TCATACTTCATTAGGC-14-s4d8,GARQ,D11,1,40,40,10,0.020145655,CD8+ T
GCTTGTTGTTTGCGAA-14-s4d8,GARQ,D11,1,40,40,29,0.007874489,CD8+ T
TGGATTGGTCAATGTG-14-s4d8,GARQ,D11,1,40,40,14,0.0010882616,HSC
ACGCTTGAGGAAGTAT-14-s4d8,GARQ,D11,1,40,40,23,0.011247218,CD16+ Mono
GCGCAATGTCCGCTGT-14-s4d8,GARQ,D11,1,40,40,0,0.29747266,Naive CD20+ B
ATGAAGCCAATTAGGA-14-s4d8,GARQ,D11,1,40,40,29,0.033990145,CD4+ T activated
AGGGCCTTCTTGAGGT-14-s4d8,GARQ,D11,1,40,40,29,0.041723013,CD4+ T activated
GGGCGAATCAATGTGC-14-s4d8,GARQ,D11,1,40,40,10,0.016103745,CD8+ T
GAAGTATAGTAACGAG-14-s4d8,GARQ,D11,1,40,40,10,0.011081576,CD8+ T
GGCTTCAAGTAACTCA-14-s4d8,GARQ,D11,1,40,40,12,0.12261629,Proerythroblast
ATGGCTTAGTATGTGC-14-s4d8,GARQ,D11,1,40,40,10,0.007735014,CD8+ T
GCGATTTAGCAGGCCT-14-s4d8,GARQ,D11,1,40,40,9,0.12461054,Naive CD20+ B
GCCACAATCTTGTCCA-14-s4d8,GARQ,D11,1,40,40,29,0.08042401,CD4+ T activated
CTTATTGGTGTGTGGT-14-s4d8,GARQ,D11,1,40,40,10,0.006254673,CD8+ T
TTTCCTGAGAACCTAC-14-s4d8,GARQ,D11,1,40,40,10,0.0050657988,NK
TCGTTAAAGTCACGAT-14-s4d8,GARQ,D11,1,40,40,15,0.0013527274,Transitional B
GAAGTCAAGGTCGAGG-14-s4d8,GARQ,D11,1,40,40,12,0.53801644,Erythroblast
ACGGTACGTATACTGG-14-s4d8,GARQ,D11,1,40,40,23,0.1286616,Lymph prog
ACGCTTGAGAATGACG-14-s4d8,GARQ,D11,1,40,40,5,0.043526947,Naive CD20+ B
CCAGTTTGTTAGGACC-14-s4d8,GARQ,D11,1,40,40,2,0.01929903,CD8+ T
AAAGCACCAACTGGGA-14-s4d8,GARQ,D11,1,40,40,11,0.07782936,CD8+ T
TGAGCCGGTGGATTAT-14-s4d8,GARQ,D11,1,40,40,15,0.10261625,CD16+ Mono
GAGGCTTGTGCTTAGA-14-s4d8,GARQ,D11,1,40,40,29,0.024594545,CD4+ T naive
GATCGCTCAGCTACGT-14-s4d8,GARQ,D11,1,40,40,33,0.044266105,CD4+ T naive
GTAAGCGCATCACAGC-14-s4d8,GARQ,D11,1,40,40,38,0.03206587,cDC2
ATCCACCTCGCTATAA-14-s4d8,GARQ,D11,1,40,40,33,0.03138113,CD8+ T
ACCGGTTCAGCCAGTT-14-s4d8,GARQ,D11,1,40,40,12,0.22711205,Proerythroblast
TTTGACTTCGCAACAT-14-s4d8,GARQ,D11,1,40,40,0,0.20870185,Naive CD20+ B
GGTTATGGTGGAGCAA-14-s4d8,GARQ,D11,1,40,40,16,0.09325069,Transitional B
TGCTTGCTCCTCAGCT-14-s4d8,GARQ,D11,1,40,40,1,0.0077980757,CD8+ T
CGCAATTAGGTTACGT-14-s4d8,GARQ,D11,1,40,40,10,0.019628167,CD4+ T activated
CTTCACTCATTAAAGG-14-s4d8,GARQ,D11,1,40,40,12,0.035368204,Proerythroblast
GTTTCTAGTTCGCGCT-14-s4d8,GARQ,D11,1,40,40,12,0.23014796,Erythroblast
AAACATGCAATTAACC-14-s4d8,GARQ,D11,1,40,40,10,0.028204918,CD8+ T
CCATCATGTAATTAGC-14-s4d8,GARQ,D11,1,40,40,25,0.002297163,NK
TTGCAACAGTTTGGTA-14-s4d8,GARQ,D11,1,40,40,10,0.013622403,CD8+ T
TTTAGGATCTAACTGA-14-s4d8,GARQ,D11,1,40,40,33,0.10475159,CD8+ T
GTATTGTCACCGGTAT-14-s4d8,GARQ,D11,1,40,40,30,0.09102309,MK/E prog
GTTCCTTCAATGAGGT-14-s4d8,GARQ,D11,1,40,40,30,0.0027457476,Proerythroblast
GCTAGTGTCCCTGACT-14-s4d8,GARQ,D11,1,40,40,25,0.006134033,CD8+ T
AAAGGAGCATGCATAT-14-s4d8,GARQ,D11,1,40,40,36,0.013744354,NK
AGGTGAATCAGCAAAG-14-s4d8,GARQ,D11,1,40,40,33,0.07542968,CD4+ T activated
TACAATGTCAGAAACG-14-s4d8,GARQ,D11,1,40,40,25,0.0010412335,CD8+ T
ATAACGACACTATGGC-14-s4d8,GARQ,D11,1,40,40,10,0.016558647,CD8+ T
AGCATCCCAGCTCATA-14-s4d8,GARQ,D11,1,40,40,25,0.04128295,CD8+ T
TTATAGCCATTGTGAT-14-s4d8,GARQ,D11,1,40,40,34,0.012369752,B1 B
ATGGTTATCATGCTTT-14-s4d8,GARQ,D11,1,40,40,30,0.0063346624,Naive CD20+ B
TGGACGGAGGTGAAGC-14-s4d8,GARQ,D11,1,40,40,12,0.045431554,Proerythroblast
GGGTTATTCCTACCTA-14-s4d8,GARQ,D11,1,40,40,33,0.12726593,CD8+ T
CCTGTATGTCGCAAAC-14-s4d8,GARQ,D11,1,40,40,13,0.036110222,Transitional B
AACAAAGGTGCATCGG-14-s4d8,GARQ,D11,1,40,40,5,0.013489366,pDC
ACAAAGGTCGCTATAA-14-s4d8,GARQ,D11,1,40,40,0,0.017246723,Naive CD20+ B
GGCCTAATCGTCAAGT-14-s4d8,GARQ,D11,1,40,40,29,0.048774183,CD4+ T activated
CGGACAACAACATAAG-14-s4d8,GARQ,D11,1,40,40,3,0.049503744,Naive CD20+ B
CACCAACCAAGGTACG-14-s4d8,GARQ,D11,1,40,40,38,0.06783301,cDC2
ACTTACTTCTAACCAA-14-s4d8,GARQ,D11,1,40,40,33,0.15099406,CD8+ T
ACGTTACAGATGCCTG-14-s4d8,GARQ,D11,1,40,40,16,0.0944975,Naive CD20+ B
CTAGGCGGTTAGAGCC-14-s4d8,GARQ,D11,1,40,40,14,0.030124843,pDC
CGCTTCTAGCACTAGT-14-s4d8,GARQ,D11,1,40,40,37,0.52051854,CD14+ Mono
TGCTCAACAAGGTAAC-14-s4d8,GARQ,D11,1,40,40,25,0.012330651,CD8+ T
CGTATTGCATTGTGGC-14-s4d8,GARQ,D11,1,40,40,12,0.028461933,Proerythroblast
GCAGGAAGTCCTAACT-14-s4d8,GARQ,D11,1,40,40,9,0.05191958,Naive CD20+ B
TGTGAAACAATTAGCT-14-s4d8,GARQ,D11,1,40,40,10,0.013695002,CD8+ T
ATGAGCCGTCCTAATC-14-s4d8,GARQ,D11,1,40,40,10,0.0060629845,CD8+ T
GGTTCTTGTCTCAGCC-14-s4d8,GARQ,D11,1,40,40,12,0.2587477,Proerythroblast
CAATGTCAGCATTAGC-14-s4d8,GARQ,D11,1,40,40,10,0.0030325651,CD8+ T
CATTTGTTCATGAAGG-14-s4d8,GARQ,D11,1,40,40,16,0.3067565,Lymph prog
ATTACCGCAGTAGGTG-14-s4d8,GARQ,D11,1,40,40,0,0.05183196,Naive CD20+ B
CTAATCGCACACTAAT-14-s4d8,GARQ,D11,1,40,40,33,0.14380985,CD8+ T
TCAGGTTAGGAACGGT-14-s4d8,GARQ,D11,1,40,40,29,0.2143929,CD8+ T
TCATACTTCTATGACA-14-s4d8,GARQ,D11,1,40,40,10,0.010706067,CD8+ T
CTTGTCCAGCTGCACA-14-s4d8,GARQ,D11,1,40,40,10,0.01223731,CD8+ T
CTTATTGGTGCATCGG-14-s4d8,GARQ,D11,1,40,40,29,0.06444043,CD8+ T
GAGTCAAAGAACCTAC-14-s4d8,GARQ,D11,1,40,40,1,0.0116301775,Lymph prog
CTCGCTAGTAATGGAA-14-s4d8,GARQ,D11,1,40,40,37,0.24096006,cDC2
GTAAGCGCACGTGCTG-14-s4d8,GARQ,D11,1,40,40,30,0.14176583,Proerythroblast
TGGCGGTTCTTTAAGG-14-s4d8,GARQ,D11,1,40,40,29,0.0006830096,CD8+ T
TACGGATTCGATTATG-14-s4d8,GARQ,D11,1,40,40,33,0.11420697,CD8+ T
CTACAACAGCTCGCTT-14-s4d8,GARQ,D11,1,40,40,10,0.0030831695,NK
CTAGTTGCATTATGAC-14-s4d8,GARQ,D11,1,40,40,12,0.09950435,Erythroblast
TCTCACCAGAAGCTAG-14-s4d8,GARQ,D11,1,40,40,11,0.13586795,CD8+ T
TGGCCTTTCCGCCTCA-14-s4d8,GARQ,D11,1,40,40,30,0.13956213,cDC2
AGGAACGGTGGTTATG-14-s4d8,GARQ,D11,1,40,40,29,0.23173702,CD4+ T activated
TGGACGGAGGCCTAAT-14-s4d8,GARQ,D11,1,40,40,33,0.016619563,CD8+ T
GGAACTAAGTAACAGG-14-s4d8,GARQ,D11,1,40,40,3,0.16521642,B1 B
CATCCTGGTTTGCAGA-14-s4d8,GARQ,D11,1,40,40,10,0.008132279,CD4+ T activated
CATCATAAGCTGTCAG-14-s4d8,GARQ,D11,1,40,40,10,0.003298819,NK
TAGTTGTCAGTACCGT-14-s4d8,GARQ,D11,1,40,40,11,0.008503556,CD8+ T
GCTGATCCATTGTCAG-14-s4d8,GARQ,D11,1,40,40,3,0.06472981,Transitional B
ACGCTTGAGTAAGTGG-14-s4d8,GARQ,D11,1,40,40,11,0.08154011,CD8+ T
TAAGCCTAGACTTACA-14-s4d8,GARQ,D11,1,40,40,3,0.11343402,B1 B
GATGCATTCAGGAACA-14-s4d8,GARQ,D11,1,40,40,29,0.08920741,CD8+ T
GTCTATCGTCAGGCAT-14-s4d8,GARQ,D11,1,40,40,0,0.38254935,Transitional B
ACGTCAAGTTTATTCG-14-s4d8,GARQ,D11,1,40,40,38,0.09984094,CD4+ T naive
TTATTGCTCATGTCAA-14-s4d8,GARQ,D11,1,40,40,38,0.021194696,CD8+ T
GGAATCTTCTTGGATA-14-s4d8,GARQ,D11,1,40,40,10,0.009564042,CD8+ T
TATCCAGCACAAAGAC-14-s4d8,GARQ,D11,1,40,40,29,0.42018342,CD8+ T
AATCCTAAGTATGTGC-14-s4d8,GARQ,D11,1,40,40,11,0.03853005,CD8+ T
TTAGGCGTCTTGCAAA-14-s4d8,GARQ,D11,1,40,40,29,0.034389973,CD4+ T activated
CATCAATCACAGCCTG-14-s4d8,GARQ,D11,1,40,40,39,0.016231358,Naive CD20+ B
GCATGAAAGGCAAGTA-14-s4d8,GARQ,D11,1,40,40,33,0.034466386,CD8+ T
ACTTGCACACAGAAAC-14-s4d8,GARQ,D11,1,40,40,10,0.010115147,CD8+ T
AAGACAAGTTGTGATG-14-s4d8,GARQ,D11,1,40,40,3,0.074906945,Naive CD20+ B
CCTCAAACAAACCTAT-14-s4d8,GARQ,D11,1,40,40,30,0.02383089,Proerythroblast
AAGTCTATCGTTAACA-14-s4d8,GARQ,D11,1,40,40,10,0.008166552,CD8+ T
CATGCGGGTTGGTGAC-14-s4d8,GARQ,D11,1,40,40,0,0.00987637,B1 B
CCAACCCGTCATAAGT-14-s4d8,GARQ,D11,1,40,40,11,0.12471616,CD8+ T
TAATCCGCACCCTCAC-14-s4d8,GARQ,D11,1,40,40,10,0.032263517,CD8+ T
TTGTAAGTCCCTGGAA-14-s4d8,GARQ,D11,1,40,40,10,0.006787002,CD8+ T
AGAAACCCATCCAGGT-14-s4d8,GARQ,D11,1,40,40,33,0.20591736,CD4+ T naive
CGTGAGGAGTTATCCT-14-s4d8,GARQ,D11,1,40,40,16,0.113780856,B1 B
TTACAGCAGCATGGTT-14-s4d8,GARQ,D11,1,40,40,10,0.020962954,CD4+ T activated
CAACCCTTCCTAAGGT-14-s4d8,GARQ,D11,1,40,40,11,0.049809456,CD8+ T
CATAGGCGTATTCGCT-14-s4d8,GARQ,D11,1,40,40,33,0.018517733,CD8+ T
CGCCACACATTAGCCA-14-s4d8,GARQ,D11,1,40,40,10,0.00799489,CD8+ T
TGTGGCGGTCAGGAAG-14-s4d8,GARQ,D11,1,40,40,10,0.0154976845,CD8+ T
CATTGCGAGCAGCTAT-14-s4d8,GARQ,D11,1,40,40,12,0.19152725,Proerythroblast
GTAGCTGTCCCTCACG-14-s4d8,GARQ,D11,1,40,40,15,0.0005646944,Transitional B
TGACTTAAGGTGTTAC-14-s4d8,GARQ,D11,1,40,40,10,0.010591269,CD8+ T
AACTTAGTCCTCGATC-14-s4d8,GARQ,D11,1,40,40,10,0.021108985,CD8+ T
ACTAACTCAAGGTACG-14-s4d8,GARQ,D11,1,40,40,15,0.061958194,Lymph prog
CTGTACCTCAGTGAAG-14-s4d8,GARQ,D11,1,40,40,10,0.005491972,CD8+ T
GGTAGGAGTGTTGCTT-14-s4d8,GARQ,D11,1,40,40,10,0.018804193,CD8+ T
CGATTCCTCGATCAGT-14-s4d8,GARQ,D11,1,40,40,10,0.01957488,CD8+ T
AAACCAACAGCTAATT-14-s4d8,GARQ,D11,1,40,40,30,0.05801308,Proerythroblast
AGTAACCTCCCTCGCA-14-s4d8,GARQ,D11,1,40,40,30,0.15557256,Lymph prog
CTCGCTAGTCATGCCC-14-s4d8,GARQ,D11,1,40,40,11,0.032758832,CD8+ T
CAACAGGCACCTCACC-14-s4d8,GARQ,D11,1,40,40,30,0.14437175,MK/E prog
CGAGTCGGTCACAAAT-14-s4d8,GARQ,D11,1,40,40,12,0.31776384,Proerythroblast
AAGGATGTCAAATCGC-14-s4d8,GARQ,D11,1,40,40,31,0.019145072,B1 B
TTGCAATCAACTAGCC-14-s4d8,GARQ,D11,1,40,40,10,0.009527624,CD8+ T
CAGGAAGGTGCTGTAA-14-s4d8,GARQ,D11,1,40,40,0,0.37144613,Transitional B
TTCAGCACAGGACCTT-14-s4d8,GARQ,D11,1,40,40,10,0.005614698,CD8+ T
CAAACCGTCCGGTTAG-14-s4d8,GARQ,D11,1,40,40,33,0.07653022,NK
GCCTTTATCTCCATGC-14-s4d8,GARQ,D11,1,40,40,11,0.01875484,CD8+ T
GATCGCTCAACTAGGG-14-s4d8,GARQ,D11,1,40,40,22,0.041322052,Lymph prog
CTAAATGTCAATTACG-14-s4d8,GARQ,D11,1,40,40,10,0.013491392,CD8+ T
CAAGGTTTCCGGTTAG-14-s4d8,GARQ,D11,1,40,40,33,0.03438258,CD8+ T
CGCTTAACATACCCGG-14-s4d8,GARQ,D11,1,40,40,13,0.06372762,B1 B
TCGGTTTGTATGGTGC-14-s4d8,GARQ,D11,1,40,40,0,0.0001707375,G/M prog
ACGAATCTCCGCCTAT-14-s4d8,GARQ,D11,1,40,40,33,0.21878767,CD4+ T activated
TTGAGCTAGCGGTTAT-14-s4d8,GARQ,D11,1,40,40,12,0.5547843,Erythroblast
GTTAACCAGACTATTG-14-s4d8,GARQ,D11,1,40,40,29,0.09926033,CD8+ T
TTAACCAAGGGTTAGA-14-s4d8,GARQ,D11,1,40,40,19,0.21543384,CD8+ T
GTCTATGCATAATCAC-14-s4d8,GARQ,D11,1,40,40,37,0.45601746,pDC
TCCACAACAGAAATGC-14-s4d8,GARQ,D11,1,40,40,16,0.051155627,cDC2
GTATCGCCAGCAAGGC-14-s4d8,GARQ,D11,1,40,40,30,0.28715515,HSC
ACAGGAATCATGGCCA-14-s4d8,GARQ,D11,1,40,40,10,0.027015448,CD8+ T
GGTCGGTTCGTTCACC-14-s4d8,GARQ,D11,1,40,40,29,0.0018308163,CD4+ T naive
GCCAGGTTCACACAGT-14-s4d8,GARQ,D11,1,40,40,0,0.39942342,Transitional B
TCAAGGAAGTACCGCA-14-s4d8,GARQ,D11,1,40,40,10,0.006867647,CD8+ T
TGTTGTGCAGGCTTGT-14-s4d8,GARQ,D11,1,40,40,12,0.065442204,Proerythroblast
CGTGCTGCAATTGAAG-14-s4d8,GARQ,D11,1,40,40,11,0.13283956,CD8+ T
GAGGCAAGTACCGTTT-14-s4d8,GARQ,D11,1,40,40,6,0.061872005,CD4+ T activated
CACTTTGTCCTAGTAA-14-s4d8,GARQ,D11,1,40,40,10,0.014138818,CD8+ T
TTTGTGGCATAAAGCA-14-s4d8,GARQ,D11,1,40,40,0,0.046451807,Naive CD20+ B
TTGGATTCAGGACCTT-14-s4d8,GARQ,D11,1,40,40,30,0.4107188,Lymph prog
GATAATCGTGAGACTC-14-s4d8,GARQ,D11,1,40,40,10,0.0013272762,CD8+ T
TGTATCCGTTCATTTG-14-s4d8,GARQ,D11,1,40,40,10,0.0068802834,CD4+ T activated
TACTTGTTCATTACAG-14-s4d8,GARQ,D11,1,40,40,3,0.044000745,Transitional B
TTTAGCTTCAAAGGCA-14-s4d8,GARQ,D11,1,40,40,25,0.024817348,CD8+ T
ACCGGTTCATCTAGCA-14-s4d8,GARQ,D11,1,40,40,8,0.00093883276,CD8+ T
AACCGCTCATTGCGAC-14-s4d8,GARQ,D11,1,40,40,6,0.10502732,CD8+ T
CGCCTGTGTTTGTCTA-14-s4d8,GARQ,D11,1,40,40,11,0.18416417,CD8+ T
ATAGATGCATTGACAT-14-s4d8,GARQ,D11,1,40,40,10,0.02600336,CD8+ T
GTAAGCAAGGAACCAA-14-s4d8,GARQ,D11,1,40,40,10,0.013068557,CD4+ T activated
TTGTTTGGTTGAAGCC-14-s4d8,GARQ,D11,1,40,40,10,0.020327926,CD8+ T
TTATGACCATTGTCCT-14-s4d8,GARQ,D11,1,40,40,24,0.020136505,B1 B
GAACGAATCACCGGTA-14-s4d8,GARQ,D11,1,40,40,0,0.19346756,B1 B
CTCCGTCCAATTGAAG-14-s4d8,GARQ,D11,1,40,40,37,0.4178366,cDC2
TATCCGGAGTTTAACG-14-s4d8,GARQ,D11,1,40,40,10,0.007855296,CD8+ T
AATCCGTAGTGCACGC-14-s4d8,GARQ,D11,1,40,40,3,0.0017293096,B1 B
CGCACAATCGACCTGA-14-s4d8,GARQ,D11,1,40,40,10,0.015659332,CD8+ T
GCTGTACCACTTAGGC-14-s4d8,GARQ,D11,1,40,40,29,0.035627246,CD8+ T
TCCATGCTCTTTGAGA-14-s4d8,GARQ,D11,1,40,40,13,0.12273005,HSC
TAGCCGGGTCCTAACT-14-s4d8,GARQ,D11,1,40,40,33,0.038954437,CD8+ T
ACAACAACAATATACC-14-s4d8,GARQ,D11,1,40,40,16,0.1294595,Lymph prog
GCAAGTCGTAATGGCC-14-s4d8,GARQ,D11,1,40,40,25,0.025493503,CD8+ T
TATGTGATCCCTCAAC-14-s4d8,GARQ,D11,1,40,40,10,0.018756866,CD8+ T
TCTGTGACAGAATGAC-14-s4d8,GARQ,D11,1,40,40,12,0.16735494,Normoblast
TCTCGCCCAGGCATGA-14-s4d8,GARQ,D11,1,40,40,1,0.062173605,CD8+ T
AGACCCGGTCAAGTAT-14-s4d8,GARQ,D11,1,40,40,11,0.18758142,CD8+ T
AGTAACGAGGATTTGC-14-s4d8,GARQ,D11,1,40,40,29,0.0033118725,CD8+ T
TGATCACAGGTCCTGA-14-s4d8,GARQ,D11,1,40,40,29,0.07068682,CD8+ T
GTCTATGCACAGAAAC-14-s4d8,GARQ,D11,1,40,40,10,0.013296843,CD8+ T
CTAGCTTGTAGTTGGC-14-s4d8,GARQ,D11,1,40,40,10,0.010653496,CD4+ T activated
CTCGCTCCACGTTACA-14-s4d8,GARQ,D11,1,40,40,3,0.04702711,Transitional B
CAAGGTTTCACTTTAC-14-s4d8,GARQ,D11,1,40,40,25,0.032111526,CD8+ T
CTATTACTCAAGCTAC-14-s4d8,GARQ,D11,1,40,40,10,0.015008569,CD8+ T
GTCAAACTCCAATTAG-14-s4d8,GARQ,D11,1,40,40,0,0.26364934,Transitional B
CTGGCTAAGCTTCCCG-14-s4d8,GARQ,D11,1,40,40,10,0.008463383,CD8+ T
ACCCGGTAGGCCGGAA-14-s4d8,GARQ,D11,1,40,40,9,0.009328663,CD8+ T
GATTATGTCAAGTGAG-14-s4d8,GARQ,D11,1,40,40,10,0.005954385,CD8+ T
GCTGTACCAATTAGCT-14-s4d8,GARQ,D11,1,40,40,33,0.04090613,CD8+ T
AACTAGTGTTAGGCTA-14-s4d8,GARQ,D11,1,40,40,0,0.058075905,Naive CD20+ B
TTCCTCAAGGCTAGAA-14-s4d8,GARQ,D11,1,40,40,10,0.00992322,CD8+ T
CAGGAAGGTAGGTGTC-14-s4d8,GARQ,D11,1,40,40,10,0.022427559,CD8+ T
CGAAATGAGCTATATG-14-s4d8,GARQ,D11,1,40,40,10,0.00647676,CD8+ T
TTGTTGCGTTATCGAG-14-s4d8,GARQ,D11,1,40,40,4,0.059789777,Naive CD20+ B
AGTCCTTGTCGCATAA-14-s4d8,GARQ,D11,1,40,40,11,0.20207268,CD8+ T
CAATGACTCTACCTGC-14-s4d8,GARQ,D11,1,40,40,13,0.062327623,Naive CD20+ B
TCCAGGTCACAGCCAT-14-s4d8,GARQ,D11,1,40,40,30,0.13887739,Proerythroblast
GAGGGAGCATAGCGAG-14-s4d8,GARQ,D11,1,40,40,3,0.13205391,Naive CD20+ B
GTCATCACACCCACAG-14-s4d8,GARQ,D11,1,40,40,33,0.21635973,CD8+ T
ATGCAAACAATATAGG-14-s4d8,GARQ,D11,1,40,40,10,0.007435322,CD4+ T naive
GTTCACCTCACTCAAA-14-s4d8,GARQ,D11,1,40,40,10,0.013260961,NK
ATTAGTCCAAGTCGCT-14-s4d8,GARQ,D11,1,40,40,34,0.003242731,CD4+ T naive
GGATAACCATTCAGCA-14-s4d8,GARQ,D11,1,40,40,10,0.0016651154,CD8+ T
TCGATTAAGGGTCCAC-14-s4d8,GARQ,D11,1,40,40,10,0.017550707,CD8+ T
AATCCATCAGTCTAGC-14-s4d8,GARQ,D11,1,40,40,10,0.018543005,CD8+ T
CTAGCGGGTCCCGGAA-14-s4d8,GARQ,D11,1,40,40,29,0.09354079,Lymph prog
GACTATTCACTGGCCA-14-s4d8,GARQ,D11,1,40,40,30,0.054606915,Proerythroblast
ATATGTCCAACTCGCG-14-s4d8,GARQ,D11,1,40,40,10,0.008728921,CD4+ T naive
TTGGCTACACCTGCCT-14-s4d8,GARQ,D11,1,40,40,10,0.00721395,CD8+ T
CTTAATGAGAATCGCT-14-s4d8,GARQ,D11,1,40,40,10,0.017833948,NK
CTTTGAGCAGCTAACC-14-s4d8,GARQ,D11,1,40,40,10,0.012350917,CD8+ T
TATTACCTCTAAGTCA-14-s4d8,GARQ,D11,1,40,40,12,0.18669108,MK/E prog
ACAGGAATCTAAGGTC-14-s4d8,GARQ,D11,1,40,40,30,0.08443987,Proerythroblast
ATTTGTGAGTTTCCGC-14-s4d8,GARQ,D11,1,40,40,27,0.03825116,Naive CD20+ B
CTTAAGATCGCTAGAT-14-s4d8,GARQ,D11,1,40,40,19,0.04578477,CD8+ T
GTTGGCCAGGCCAATT-14-s4d8,GARQ,D11,1,40,40,3,0.04363841,Naive CD20+ B
CTTCAATTCACCAATA-14-s4d8,GARQ,D11,1,40,40,0,0.226771,Naive CD20+ B
CGATTATCACCTGCCT-14-s4d8,GARQ,D11,1,40,40,29,0.03459239,CD8+ T
GTACGTAGTCAACAAT-14-s4d8,GARQ,D11,1,40,40,10,0.015335321,CD4+ T activated
CGGCTAATCGCTTGCT-14-s4d8,GARQ,D11,1,40,40,37,0.12741119,cDC2
CTATGGCCACTGGCTG-14-s4d8,GARQ,D11,1,40,40,25,0.026161432,CD8+ T
TGAGCCGGTCCTAGTT-14-s4d8,GARQ,D11,1,40,40,29,0.0006080866,CD8+ T
ACGTTGTAGGCATTAC-14-s4d8,GARQ,D11,1,40,40,30,0.07361722,Proerythroblast
CACCTCAGTTGCAATG-14-s4d8,GARQ,D11,1,40,40,29,0.0020570755,CD8+ T
CGCCTCATCAAGACTC-14-s4d8,GARQ,D11,1,40,40,0,0.1658904,Transitional B
TATAGCTCAGATTCAT-14-s4d8,GARQ,D11,1,40,40,10,0.008564353,NK
TTCTTAGGTTTCAGGA-14-s4d8,GARQ,D11,1,40,40,10,0.011515856,CD8+ T
CATTGTGCACAAAGAC-14-s4d8,GARQ,D11,1,40,40,0,0.1782853,Transitional B
CGTGTGTCAGCCAGAA-14-s4d8,GARQ,D11,1,40,40,30,0.018625617,Proerythroblast
GACATTATCGCTTGCT-14-s4d8,GARQ,D11,1,40,40,24,0.28140056,CD4+ T activated
CGTTTGGAGAGCCGCT-14-s4d8,GARQ,D11,1,40,40,12,0.06806111,CD4+ T activated
TAAAGCCTCCTCACAC-14-s4d8,GARQ,D11,1,40,40,10,0.029031277,CD8+ T
ATTCATGAGCGCTAAT-14-s4d8,GARQ,D11,1,40,40,10,0.018484473,CD8+ T
ACGTCCAAGATTGAGG-14-s4d8,GARQ,D11,1,40,40,11,0.01898706,CD8+ T
GGCTGAGAGTTTGTCT-14-s4d8,GARQ,D11,1,40,40,10,0.014721632,CD8+ T
CAGCCTTTCATGCTTT-14-s4d8,GARQ,D11,1,40,40,31,0.08366901,Naive CD20+ B
ATATAGGCAACACCTA-14-s4d8,GARQ,D11,1,40,40,5,0.118095756,Plasma cell
TCCATCATCATGACCG-14-s4d8,GARQ,D11,1,40,40,38,0.026258409,Naive CD20+ B
GCAGGTTGTCATAAGT-14-s4d8,GARQ,D11,1,40,40,10,0.0059280396,CD8+ T
CATAGGCGTGATCAGC-14-s4d8,GARQ,D11,1,40,40,6,0.07022488,NK
ATTTAGCCACGAACAG-14-s4d8,GARQ,D11,1,40,40,10,0.003967643,CD8+ T
CAAGGTTTCACGCATG-14-s4d8,GARQ,D11,1,40,40,3,0.05074501,Naive CD20+ B
ACGCTTGAGTTAACCA-14-s4d8,GARQ,D11,1,40,40,13,0.18409246,Naive CD20+ B
TACCTCATCGCTTGCT-14-s4d8,GARQ,D11,1,40,40,29,0.055415154,CD8+ T
ATAGCATGTTAGTGAT-14-s4d8,GARQ,D11,1,40,40,34,0.037265956,Lymph prog
GCTTACCTCCAAACAC-14-s4d8,GARQ,D11,1,40,40,10,0.008824348,CD8+ T
AGCGTGCTCTCGCCTG-14-s4d8,GARQ,D11,1,40,40,38,0.1282736,CD4+ T naive
CTAACCCTCTCACTAT-14-s4d8,GARQ,D11,1,40,40,17,0.1885432,Lymph prog
CTCATCATCGGGACCT-14-s4d8,GARQ,D11,1,40,40,11,0.14301455,CD8+ T
CCTTCGTAGCGAAGTA-14-s4d8,GARQ,D11,1,40,40,11,0.048407078,CD8+ T
GTCCAGGGTTTACGTC-14-s4d8,GARQ,D11,1,40,40,19,0.0009793639,Transitional B
GGCCTCTGTTGTGATG-14-s4d8,GARQ,D11,1,40,40,3,0.13940942,Naive CD20+ B
GCACTAAGTTAAGGTT-14-s4d8,GARQ,D11,1,40,40,10,0.0148130655,NK
GTGAACAAGTCATCCC-14-s4d8,GARQ,D11,1,40,40,10,0.0050278306,CD8+ T
CGCCTCATCAGCCAAT-14-s4d8,GARQ,D11,1,40,40,4,0.041392922,CD4+ T activated
TTGCTCTCATTGTTGG-14-s4d8,GARQ,D11,1,40,40,10,0.009815931,CD8+ T
TATGACATCTTGAGCG-14-s4d8,GARQ,D11,1,40,40,11,0.027387142,CD8+ T
TTCCTTGAGTAACCCG-14-s4d8,GARQ,D11,1,40,40,34,0.13060147,Transitional B
CGCTTCTAGGGACCTC-14-s4d8,GARQ,D11,1,40,40,16,0.0007543564,Lymph prog
GTGATGAAGTTGGATC-14-s4d8,GARQ,D11,1,40,40,12,0.017912447,MK/E prog
CATCAATCATCCTGAA-14-s4d8,GARQ,D11,1,40,40,10,0.013795733,CD8+ T
CCTTAACGTGCTAGAC-14-s4d8,GARQ,D11,1,40,40,12,0.33634686,Erythroblast
GGTGAGTAGTCAGGCC-14-s4d8,GARQ,D11,1,40,40,33,0.046269774,CD4+ T activated
GGGCATGAGGCAATAG-14-s4d8,GARQ,D11,1,40,40,22,0.109716356,Transitional B
TGCTGGATCTAATCAG-14-s4d8,GARQ,D11,1,40,40,30,0.10578823,Proerythroblast
TTGTCCGGTTGCAATG-14-s4d8,GARQ,D11,1,40,40,15,0.069158375,Naive CD20+ B
TCAGGAGCATAGCGAG-14-s4d8,GARQ,D11,1,40,40,10,0.013391495,CD8+ T
TAGGCTGTCCGCAACA-14-s4d8,GARQ,D11,1,40,40,29,0.10072529,CD8+ T
TAAGCCTAGCGCCTTT-14-s4d8,GARQ,D11,1,40,40,37,0.032054216,Lymph prog
GGGCGAATCACAAGCT-14-s4d8,GARQ,D11,1,40,40,13,0.044981837,Naive CD20+ B
TCGTGCTTCTAGCGAT-14-s4d8,GARQ,D11,1,40,40,10,0.014013529,CD8+ T
GAGTAACCATAAGGAC-14-s4d8,GARQ,D11,1,40,40,25,0.08535373,CD8+ T
GTACTAATCGCCTAAG-14-s4d8,GARQ,D11,1,40,40,12,0.30055487,Normoblast
GGTCAAGCACTATGGC-14-s4d8,GARQ,D11,1,40,40,12,0.24791324,Proerythroblast
TAGGAGGGTTGCATCT-14-s4d8,GARQ,D11,1,40,40,10,0.010327458,CD8+ T
TTTCTTGCATCCATCT-14-s4d8,GARQ,D11,1,40,40,10,0.007716775,CD8+ T
TAATGGACATTAGGTT-14-s4d8,GARQ,D11,1,40,40,0,0.050875902,B1 B
CTTCTCAAGTAAGTGG-14-s4d8,GARQ,D11,1,40,40,10,0.004262209,NK
CCTAGTTGTCACAAAT-14-s4d8,GARQ,D11,1,40,40,34,0.013703465,Transitional B
ACTAACCAGCACCACA-14-s4d8,GARQ,D11,1,40,40,33,0.069012284,CD8+ T
GTTCATTTCAATAGCC-14-s4d8,GARQ,D11,1,40,40,29,0.016663969,CD4+ T activated
CTCTCACAGCACTAGT-14-s4d8,GARQ,D11,1,40,40,10,0.007550895,CD8+ T
TTGCAGCCAACCCTAA-14-s4d8,GARQ,D11,1,40,40,10,0.014138818,CD8+ T
CTTGTTCCAATCCTAG-14-s4d8,GARQ,D11,1,40,40,29,0.063937664,CD8+ T
ACAGCCGGTTAGGCGT-14-s4d8,GARQ,D11,1,40,40,10,0.007564187,CD8+ T
GTCTAACAGGCTGTCA-14-s4d8,GARQ,D11,1,40,40,29,0.01745689,CD8+ T
ATTAACCCATGGTTAT-14-s4d8,GARQ,D11,1,40,40,16,0.05756864,Lymph prog
GACTAATGTGGATGTC-14-s4d8,GARQ,D11,1,40,40,10,0.011803448,CD8+ T
CTTAAGGGTTTGTGGA-14-s4d8,GARQ,D11,1,40,40,10,0.013510108,CD8+ T
AATCATGTCCCTGATC-14-s4d8,GARQ,D11,1,40,40,33,0.057623506,CD8+ T
ATGACCAGTAGGATTT-14-s4d8,GARQ,D11,1,40,40,12,0.17623782,Erythroblast
TCCAGGTCATGTTGTG-14-s4d8,GARQ,D11,1,40,40,33,0.09989512,CD8+ T
GCAGGACCAAGCTTAT-14-s4d8,GARQ,D11,1,40,40,10,0.0067498684,CD8+ T
TACAACATCGAAGTGA-14-s4d8,GARQ,D11,1,40,40,25,0.04790002,CD8+ T
TAGCTTAAGGAACCGG-14-s4d8,GARQ,D11,1,40,40,12,0.13860154,Erythroblast
TGGTCCTTCGTCAAGT-14-s4d8,GARQ,D11,1,40,40,8,0.0043976307,CD4+ T activated
GCAGGATAGACAAACG-14-s4d8,GARQ,D11,1,40,40,32,0.045429766,pDC
AGCTTCCTCTCTAGCC-14-s4d8,GARQ,D11,1,40,40,14,0.07184994,cDC2
GGGATTAAGTTAGCTA-14-s4d8,GARQ,D11,1,40,40,10,0.014702797,CD8+ T
GTCCTAGAGGCGTAAA-14-s4d8,GARQ,D11,1,40,40,10,0.004318893,CD8+ T
TACATCAAGGAAACTG-14-s4d8,GARQ,D11,1,40,40,1,0.015507102,CD4+ T activated
GGACATAAGAATCTCA-14-s4d8,GARQ,D11,1,40,40,4,0.012716413,CD4+ T activated
GGTTCTTGTTAGGTGC-14-s4d8,GARQ,D11,1,40,40,11,0.069089055,CD8+ T
CTTCATCCATGGTTAT-14-s4d8,GARQ,D11,1,40,40,17,0.35150582,HSC
TCGGTAAGTGTTTGAG-14-s4d8,GARQ,D11,1,40,40,0,0.1316812,Naive CD20+ B
GCCACAATCAGGTCCA-14-s4d8,GARQ,D11,1,40,40,29,0.031253994,CD4+ T naive
TGATTGCAGTGCTGTG-14-s4d8,GARQ,D11,1,40,40,0,0.041683435,B1 B
TAGAGCCGTGTCCAGG-14-s4d8,GARQ,D11,1,40,40,10,0.01235342,CD8+ T
CTACCGGCAACAGGAT-14-s4d8,GARQ,D11,1,40,40,31,0.040396035,CD4+ T naive
CATTGTAAGGAAACTG-14-s4d8,GARQ,D11,1,40,40,10,0.019874454,CD8+ T
TTTAACGAGCTCAAAC-14-s4d8,GARQ,D11,1,40,40,10,0.0072748065,CD4+ T activated
AACCTCACAGCCGCTA-14-s4d8,GARQ,D11,1,40,40,10,0.007594764,CD8+ T
GAGTATCTCACACAGT-14-s4d8,GARQ,D11,1,40,40,16,0.04679835,B1 B
GGCCATCAGCCTAATA-14-s4d8,GARQ,D11,1,40,40,29,0.23494542,CD8+ T
GGACCGAAGGAACACA-14-s4d8,GARQ,D11,1,40,40,33,0.0714435,CD4+ T naive
CGAGCTGGTGAAACAA-14-s4d8,GARQ,D11,1,40,40,0,0.08448595,B1 B
TCCTGTTCAATAGCCC-14-s4d8,GARQ,D11,1,40,40,11,0.054309607,CD8+ T
GAACACAAGTCCTTCA-14-s4d8,GARQ,D11,1,40,40,10,0.0060852766,CD8+ T
TACCTTAGTGTTTGAG-14-s4d8,GARQ,D11,1,40,40,10,0.012550712,NK
CTCATGACACCAACCG-14-s4d8,GARQ,D11,1,40,40,34,0.00087833405,Naive CD20+ B
GGCTGAGAGTCTTGAA-14-s4d8,GARQ,D11,1,40,40,11,0.029523253,CD8+ T
TACGCACCACTTGTTC-14-s4d8,GARQ,D11,1,40,40,10,0.0046766996,NK
GTTAACCAGTAACTCA-14-s4d8,GARQ,D11,1,40,40,10,0.018361688,CD8+ T
TTTGGTGCATAAGGAC-14-s4d8,GARQ,D11,1,40,40,19,0.15158024,CD4+ T activated
GGTCGGTTCCTCCATA-14-s4d8,GARQ,D11,1,40,40,11,0.08032322,CD8+ T
TGATGACTCATAAGCC-14-s4d8,GARQ,D11,1,40,40,11,0.06371975,NK
CCTCAGTTCCTGGCTT-14-s4d8,GARQ,D11,1,40,40,19,0.25279713,CD8+ T
GATGACTTCTGCAAGT-14-s4d8,GARQ,D11,1,40,40,12,0.2620194,Erythroblast
ACCTAAATCCCGAACA-14-s4d8,GARQ,D11,1,40,40,12,0.21552229,Proerythroblast
CAAACTGGTGCTTAGA-14-s4d8,GARQ,D11,1,40,40,27,0.009787142,Lymph prog
TAGGGTTTCTGTTCAT-14-s4d8,GARQ,D11,1,40,40,3,0.033819675,Naive CD20+ B
TAAGCCTAGGCAATAG-14-s4d8,GARQ,D11,1,40,40,10,0.014318824,CD8+ T
CTATAACCACCCACAG-14-s4d8,GARQ,D11,1,40,40,12,0.07100916,Erythroblast
GTCGAGGAGGTAGCTT-14-s4d8,GARQ,D11,1,40,40,12,0.054513216,Erythroblast
GACTAATGTTCCTGAT-14-s4d8,GARQ,D11,1,40,40,29,0.0375517,CD4+ T activated
GGTAATTGTACGGTAC-14-s4d8,GARQ,D11,1,40,40,16,0.1788063,Transitional B
TGAGGTGCAATCCTGA-14-s4d8,GARQ,D11,1,40,40,12,0.20576024,Proerythroblast
GGCTATTAGTAAGAAC-14-s4d8,GARQ,D11,1,40,40,0,0.044899106,B1 B
TCGCGCACACACAATT-14-s4d8,GARQ,D11,1,40,40,18,0.13988775,Lymph prog
AGTTGCAGTGAGGTGA-14-s4d8,GARQ,D11,1,40,40,10,0.008312225,CD8+ T
GGAGCAAGTTACCTGT-14-s4d8,GARQ,D11,1,40,40,0,0.060687423,Transitional B
GCTGCAATCAGGAAGC-14-s4d8,GARQ,D11,1,40,40,12,0.5472145,Erythroblast
TCTAAGGGTTATGTGG-14-s4d8,GARQ,D11,1,40,40,10,0.013427973,CD8+ T
GTGGACACAAACGCGA-14-s4d8,GARQ,D11,1,40,40,0,0.14851665,Transitional B
GCCTTACTCCTTCTAG-14-s4d8,GARQ,D11,1,40,40,0,0.10995948,Transitional B
TTCGTTAGTAACGTGC-14-s4d8,GARQ,D11,1,40,40,0,0.006306052,Transitional B
CAATAAGCATGTTTGG-14-s4d8,GARQ,D11,1,40,40,10,0.012421727,CD8+ T
ATGCATTCACTAAGAA-14-s4d8,GARQ,D11,1,40,40,0,0.019981682,Naive CD20+ B
GTAAGCAAGTTACTTC-14-s4d8,GARQ,D11,1,40,40,34,0.0629614,Lymph prog
GTCTAGCCAGGACACA-14-s4d8,GARQ,D11,1,40,40,0,0.07441002,Naive CD20+ B
GGTAAACCAACTAGGG-14-s4d8,GARQ,D11,1,40,40,3,0.18781549,Naive CD20+ B
AAGCGAATCCCTCTAA-14-s4d8,GARQ,D11,1,40,40,25,0.12592828,CD4+ T naive
GACTATTCACGAATCC-14-s4d8,GARQ,D11,1,40,40,10,0.029674292,CD8+ T
ACCATTAAGTAAACCC-14-s4d8,GARQ,D11,1,40,40,0,0.1415602,Transitional B
CGTCCTAGTCCTAAGA-14-s4d8,GARQ,D11,1,40,40,36,0.003845632,NK
TTTGTGGCAAGGATTA-14-s4d8,GARQ,D11,1,40,40,0,0.025491834,Transitional B
GTCATCACAGCATGTC-14-s4d8,GARQ,D11,1,40,40,34,0.17844772,Lymph prog
TGCTTTAGTAGCTGCG-14-s4d8,GARQ,D11,1,40,40,21,0.014481902,Normoblast
GGATATTGTCCTAATC-14-s4d8,GARQ,D11,1,40,40,37,0.19352826,CD16+ Mono
GACGCAACATAGGCGA-14-s4d8,GARQ,D11,1,40,40,0,0.22487342,Naive CD20+ B
CTAATGTCACCTAAGC-14-s4d8,GARQ,D11,1,40,40,10,0.02283597,CD8+ T
TGGGCCTAGTAACCCG-14-s4d8,GARQ,D11,1,40,40,10,0.007180214,CD8+ T
TCATGCCTCCTCAGCT-14-s4d8,GARQ,D11,1,40,40,0,0.33216655,Naive CD20+ B
CAATGTCAGTCGCTAG-14-s4d8,GARQ,D11,1,40,40,10,0.026856422,CD8+ T
TGACTCCTCCTGCGAA-14-s4d8,GARQ,D11,1,40,40,0,0.27880836,B1 B
AGTAACCTCTCACAAA-14-s4d8,GARQ,D11,1,40,40,29,0.16400695,CD8+ T
CACTAAGGTTGCAATG-14-s4d8,GARQ,D11,1,40,40,10,0.0044072866,CD8+ T
ACATTGCAGTTAGCTA-14-s4d8,GARQ,D11,1,40,40,10,0.017698407,NK
ATATGGTGTCGTTACT-14-s4d8,GARQ,D11,1,40,40,10,0.037715912,CD8+ T
GAGGTTAAGTAATCCA-14-s4d8,GARQ,D11,1,40,40,30,0.25253153,MK/E prog
TGCAAGCGTGGGAACA-14-s4d8,GARQ,D11,1,40,40,12,0.26906902,Proerythroblast
GCAAACTTCTTGATGA-14-s4d8,GARQ,D11,1,40,40,11,0.11376536,CD8+ T
CGTAGTTAGTAATCCA-14-s4d8,GARQ,D11,1,40,40,25,0.013089061,NK
AGGTTAACAATACTGT-14-s4d8,GARQ,D11,1,40,40,0,0.12845409,B1 B
AAGGTGCAGGATGATG-14-s4d8,GARQ,D11,1,40,40,10,0.007322073,CD8+ T
GTAGGCGAGCATGCAT-14-s4d8,GARQ,D11,1,40,40,34,0.058156013,Transitional B
GTCCAGGGTATTGGTG-14-s4d8,GARQ,D11,1,40,40,33,0.0059441924,CD8+ T
GGCTAGTGTAAGGTTT-14-s4d8,GARQ,D11,1,40,40,30,0.18345475,Proerythroblast
CCTGTTGGTAACGTGC-14-s4d8,GARQ,D11,1,40,40,29,0.2768091,CD4+ T activated
GCTAGCTCATTGTGTG-14-s4d8,GARQ,D11,1,40,40,10,0.013859034,CD8+ T
CTCACTCAGCCGCAGT-14-s4d8,GARQ,D11,1,40,40,11,0.041746855,CD8+ T
CCTAGTTGTTCCATTA-14-s4d8,GARQ,D11,1,40,40,19,0.01875341,NK
GCTTATCGTTCTTTAG-14-s4d8,GARQ,D11,1,40,40,25,0.12001997,CD8+ T
TGCACCTTCCTAAGGT-14-s4d8,GARQ,D11,1,40,40,33,0.13002223,CD8+ T
CTCGTTATCCTTAAGA-14-s4d8,GARQ,D11,1,40,40,10,0.01155901,CD8+ T
CGCAATTAGGGTTATC-14-s4d8,GARQ,D11,1,40,40,6,0.0019458532,NK
GGCATGGAGGCCTTAG-14-s4d8,GARQ,D11,1,40,40,12,0.12494826,Normoblast
CTCACAACAATAACCT-14-s4d8,GARQ,D11,1,40,40,0,0.0021409988,Naive CD20+ B
TACTGACAGGCCAATT-14-s4d8,GARQ,D11,1,40,40,16,0.101929665,Naive CD20+ B
TGGCCTGCAATGCGCT-14-s4d8,GARQ,D11,1,40,40,12,0.79305506,Erythroblast
GGATTATGTTCCGGCT-14-s4d8,GARQ,D11,1,40,40,10,0.008579135,NK
CTCTTGATCGTGCCTT-14-s4d8,GARQ,D11,1,40,40,10,0.00751245,CD8+ T
GGCTATGTCATTCATC-14-s4d8,GARQ,D11,1,40,40,10,0.012740374,CD8+ T
GTATTCAAGTAAGTGG-14-s4d8,GARQ,D11,1,40,40,16,0.00500226,B1 B
GCTCAACCAATAACCT-14-s4d8,GARQ,D11,1,40,40,29,0.11832172,CD8+ T
TTGTCCGGTCACGAAC-14-s4d8,GARQ,D11,1,40,40,0,0.110532165,Naive CD20+ B
GGACAGCCATGGCCTG-14-s4d8,GARQ,D11,1,40,40,17,0.19669157,Lymph prog
TTGCGAGTCGCAACAT-14-s4d8,GARQ,D11,1,40,40,5,0.11977023,Lymph prog
GCTATTGCACGAATCC-14-s4d8,GARQ,D11,1,40,40,16,0.048036814,Naive CD20+ B
GCTTAGTAGGACCAGG-14-s4d8,GARQ,D11,1,40,40,23,0.03750366,Naive CD20+ B
CAACTAATCATGTGGT-14-s4d8,GARQ,D11,1,40,40,37,0.076156855,MK/E prog
ATATGGTGTTAACGAT-14-s4d8,GARQ,D11,1,40,40,3,0.10565597,Naive CD20+ B
AGTTGCGTCTTGCTAT-14-s4d8,GARQ,D11,1,40,40,10,0.023757815,CD8+ T
AGTTGCAGTAGGATCC-14-s4d8,GARQ,D11,1,40,40,38,0.109823465,Naive CD20+ B
ATTATCCTCCCGTTTA-14-s4d8,GARQ,D11,1,40,40,0,0.100188494,Naive CD20+ B
CAAGGTTTCTATCGCC-14-s4d8,GARQ,D11,1,40,40,12,0.20568943,MK/E prog
TTAGACTCATTAGGCC-14-s4d8,GARQ,D11,1,40,40,10,0.013254404,NK
CTGAATATCATGCTTT-14-s4d8,GARQ,D11,1,40,40,37,0.43424815,CD16+ Mono
GGTCTTGAGCCTTAAA-14-s4d8,GARQ,D11,1,40,40,10,0.011675954,CD8+ T
AGTAACGAGACTTATG-14-s4d8,GARQ,D11,1,40,40,33,0.05932349,CD8+ T
CAGCATGTCACTTTAC-14-s4d8,GARQ,D11,1,40,40,12,0.34596133,Proerythroblast
CGTTATCGTAAGGTTT-14-s4d8,GARQ,D11,1,40,40,37,0.04073596,G/M prog
CAGGACACATATTGAC-14-s4d8,GARQ,D11,1,40,40,13,0.07296723,Naive CD20+ B
CATAATGTCCACCCTG-14-s4d8,GARQ,D11,1,40,40,30,0.05122173,Proerythroblast
AATCCATCATGTCAGC-14-s4d8,GARQ,D11,1,40,40,3,0.030833364,Transitional B
AAACAGCCATGAAATG-14-s4d8,GARQ,D11,1,40,40,29,0.112992406,Plasma cell
TCGCGCACAGTAAGTA-14-s4d8,GARQ,D11,1,40,40,11,0.15734541,CD8+ T
CATAATGTCATTGCGG-14-s4d8,GARQ,D11,1,40,40,10,0.0045178533,CD8+ T
ATGGCTAGTTTGGGTA-14-s4d8,GARQ,D11,1,40,40,10,0.008278608,CD8+ T
GCCAGGAAGCGGCTGT-14-s4d8,GARQ,D11,1,40,40,10,0.010060668,CD8+ T
CGGTAACGTCCGTGAG-14-s4d8,GARQ,D11,1,40,40,11,0.03763652,CD8+ T
TTGGATTCAGGAACAT-14-s4d8,GARQ,D11,1,40,40,37,0.19873965,CD16+ Mono
GAGTTACTCAATGTGC-14-s4d8,GARQ,D11,1,40,40,11,0.034944594,CD8+ T
TGCAATATCGATTTAG-14-s4d8,GARQ,D11,1,40,40,10,0.0376873,CD8+ T
GTGCTGGGTACGGTAC-14-s4d8,GARQ,D11,1,40,40,12,0.28179187,Erythroblast
CTAATTGAGTCATGCG-14-s4d8,GARQ,D11,1,40,40,29,0.35657048,CD8+ T
GATAGACCAAGGTAAC-14-s4d8,GARQ,D11,1,40,40,2,0.09391904,cDC2
AAGCTATGTACGTTTC-14-s4d8,GARQ,D11,1,40,40,11,0.24158311,CD8+ T
TCGACAAGTTATTGCC-14-s4d8,GARQ,D11,1,40,40,10,0.008139253,CD8+ T
TCATGTTTCGCTCACT-14-s4d8,GARQ,D11,1,40,40,10,0.010213792,CD8+ T
AAAGCTTGTAGGATCC-14-s4d8,GARQ,D11,1,40,40,3,0.170353,B1 B
CAAGGCCTCTTGTCTG-14-s4d8,GARQ,D11,1,40,40,3,0.015617728,Naive CD20+ B
AAGCTATGTGTTTGTC-14-s4d8,GARQ,D11,1,40,40,10,0.007563293,CD8+ T
TTGCAAGGTATTCGCT-14-s4d8,GARQ,D11,1,40,40,11,0.22502756,CD8+ T
GCGGATACATGGTTAT-14-s4d8,GARQ,D11,1,40,40,4,0.024051547,CD4+ T activated
CTTTATGGTGTTGCTT-14-s4d8,GARQ,D11,1,40,40,10,0.010400653,CD8+ T
GTAAGCGCAGATTCAT-14-s4d8,GARQ,D11,1,40,40,10,0.0064317584,CD4+ T naive
TCAAGCTAGCCTGGTA-14-s4d8,GARQ,D11,1,40,40,17,0.016440332,CD4+ T naive
CTGGCTAAGGTGCGGA-14-s4d8,GARQ,D11,1,40,40,10,0.013762832,CD8+ T
CTCGCTAGTTGACTTC-14-s4d8,GARQ,D11,1,40,40,29,0.011846185,CD4+ T activated
ATCAGGTTCCGGTATG-14-s4d8,GARQ,D11,1,40,40,10,0.006511688,CD8+ T
GCTAAGTTCGTTTCCA-14-s4d8,GARQ,D11,1,40,40,10,0.012720108,CD8+ T
CGATTCCTCTAACCAA-14-s4d8,GARQ,D11,1,40,40,0,0.26998967,Naive CD20+ B
TCAGCCTTCTTAATGG-14-s4d8,GARQ,D11,1,40,40,13,0.02106154,Lymph prog
GGAGTCTGTAATGACT-14-s4d8,GARQ,D11,1,40,40,10,0.008261085,CD8+ T
TAGAGCCGTAGGATTT-14-s4d8,GARQ,D11,1,40,40,10,0.010632396,CD4+ T activated
AGTAAGTAGGAAGCAC-14-s4d8,GARQ,D11,1,40,40,37,0.13399321,CD16+ Mono
GAGCCACTCCAAACAC-14-s4d8,GARQ,D11,1,40,40,30,0.102778554,Proerythroblast
TTTAGCAAGTAACCAC-14-s4d8,GARQ,D11,1,40,40,10,0.024931788,CD8+ T
GCTATCCTCAGTGAAG-14-s4d8,GARQ,D11,1,40,40,10,0.012172461,CD8+ T
AAGCTTGGTTGTTCAC-14-s4d8,GARQ,D11,1,40,40,10,0.010607004,CD8+ T
AAAGCTTGTGGATTCA-14-s4d8,GARQ,D11,1,40,40,10,0.009072661,CD8+ T
CTCCTGAGTGCCTCAC-14-s4d8,GARQ,D11,1,40,40,0,0.11443758,Naive CD20+ B
CAAGGTTTCTGTAAGC-14-s4d8,GARQ,D11,1,40,40,10,0.020510197,CD8+ T
CAAGGTAAGCATGAAG-14-s4d8,GARQ,D11,1,40,40,11,0.062473297,B1 B
TGTTAGCAGTTGTCCC-14-s4d8,GARQ,D11,1,40,40,12,0.11064494,Proerythroblast
GGTTTAATCTTTGAGA-14-s4d8,GARQ,D11,1,40,40,11,0.0644021,CD8+ T
TAGTGGCGTGCTCACC-14-s4d8,GARQ,D11,1,40,40,38,0.10560894,Transitional B
TGTGCGGGTACCGAAC-14-s4d8,GARQ,D11,1,40,40,29,0.10556102,CD4+ T activated
TTTCACCCAACAGCCT-14-s4d8,GARQ,D11,1,40,40,11,0.013026476,CD8+ T
GGAACTAAGTTACTTC-14-s4d8,GARQ,D11,1,40,40,10,0.013371825,CD8+ T
CTCCTGAGTAAGCACC-14-s4d8,GARQ,D11,1,40,40,11,0.04108739,CD8+ T
GTTCATTTCAATCATG-14-s4d8,GARQ,D11,1,40,40,33,0.16455376,CD8+ T
GTCGAAGCAATGCGCT-14-s4d8,GARQ,D11,1,40,40,0,0.18821764,Naive CD20+ B
TGTTGTAAGTCCTGAG-14-s4d8,GARQ,D11,1,40,40,10,0.023624897,CD8+ T
GTCGCAATCAGCATTA-14-s4d8,GARQ,D11,1,40,40,10,0.020740986,CD8+ T
TTGTTGCGTAACGTGC-14-s4d8,GARQ,D11,1,40,40,10,0.015768409,CD8+ T
ACTCAGTAGTAACAGG-14-s4d8,GARQ,D11,1,40,40,33,0.008851647,CD8+ T
CACAGGCTCTTAGCCC-14-s4d8,GARQ,D11,1,40,40,22,0.052490532,CD16+ Mono
GCGCAAACATCCTAGA-14-s4d8,GARQ,D11,1,40,40,10,0.00512892,Plasma cell
CAATCCTGTCATTACC-14-s4d8,GARQ,D11,1,40,40,3,0.068528414,Naive CD20+ B
AGTCTTGCACCGTTCC-14-s4d8,GARQ,D11,1,40,40,10,0.009981275,CD8+ T
CCTAATCGTCATGCAA-14-s4d8,GARQ,D11,1,40,40,0,0.100405574,HSC
GTGATGAAGGCCTGGT-14-s4d8,GARQ,D11,1,40,40,11,0.0031087399,CD8+ T
ACACCTTGTATGTGGC-14-s4d8,GARQ,D11,1,40,40,10,0.01078558,CD8+ T
AATTGGACAAGATTCT-14-s4d8,GARQ,D11,1,40,40,11,0.016740084,CD8+ T
AATTAGGCAGAGGCTA-14-s4d8,GARQ,D11,1,40,40,11,0.123773575,CD8+ T
CGTTAACAGCATGAAG-14-s4d8,GARQ,D11,1,40,40,19,0.010481834,CD4+ T activated
GCCGTGAGTTACATCC-14-s4d8,GARQ,D11,1,40,40,10,0.0045940876,CD8+ T
GGAGCGATCTCCATGC-14-s4d8,GARQ,D11,1,40,40,0,0.17419297,Naive CD20+ B
TGGATTCAGTTAGACC-14-s4d8,GARQ,D11,1,40,40,0,0.15677911,Transitional B
TCACCGGCATCAGCAC-14-s4d8,GARQ,D11,1,40,40,0,0.2370854,Naive CD20+ B
GTTCATTTCCCTCAGT-14-s4d8,GARQ,D11,1,40,40,29,0.23190033,CD4+ T naive
ATGCAAACAAGGATTA-14-s4d8,GARQ,D11,1,40,40,0,0.08321822,Transitional B
ATATGCTCACTGGCCA-14-s4d8,GARQ,D11,1,40,40,12,0.26012456,Erythroblast
GACGTAAAGGACAATG-14-s4d8,GARQ,D11,1,40,40,25,0.048642993,CD8+ T
GATGCAGCAAGCTTTG-14-s4d8,GARQ,D11,1,40,40,37,0.253636,G/M prog
ATTCACTTCCTTGCAC-14-s4d8,GARQ,D11,1,40,40,10,0.016412377,NK
TTGTGAGGTGCCTCAC-14-s4d8,GARQ,D11,1,40,40,33,0.08655065,CD8+ T
GGTTACCCAGTCTAGC-14-s4d8,GARQ,D11,1,40,40,29,0.024015248,CD4+ T naive
CGATATTCAAGTAAGC-14-s4d8,GARQ,D11,1,40,40,10,0.0098724365,CD8+ T
CACTAAGGTCGAAGTC-14-s4d8,GARQ,D11,1,40,40,5,0.0672133,Transitional B
TGGTCAAGTAACCACA-14-s4d8,GARQ,D11,1,40,40,0,0.2044363,Naive CD20+ B
GCGAAGCCAGGACCAA-14-s4d8,GARQ,D11,1,40,40,22,0.07188389,Transitional B
AATATCCCAAGGTAAC-14-s4d8,GARQ,D11,1,40,40,20,0.008399367,Proerythroblast
CTGTAACAGTAGGCGG-14-s4d8,GARQ,D11,1,40,40,10,0.008132815,CD8+ T
ACTGAATGTTGCCTCA-14-s4d8,GARQ,D11,1,40,40,11,0.044223666,CD8+ T
GATGAGGGTTGTTGTC-14-s4d8,GARQ,D11,1,40,40,30,0.3502971,Proerythroblast
GTGCTTCTCGTGCCTT-14-s4d8,GARQ,D11,1,40,40,10,0.006015897,CD4+ T activated
ACCCAGGGTGAAGCCT-14-s4d8,GARQ,D11,1,40,40,10,0.0022254586,CD8+ T
TGTCAATCACTAAGAA-14-s4d8,GARQ,D11,1,40,40,6,0.09652424,NK
ATGCAAACAATGCCCG-14-s4d8,GARQ,D11,1,40,40,0,0.15757143,Naive CD20+ B
AACAGCAAGTAACCCG-14-s4d8,GARQ,D11,1,40,40,10,0.003385663,CD8+ T
CCAAACCCATGAGTTT-14-s4d8,GARQ,D11,1,40,40,12,0.058699727,Proerythroblast
CTGGTAAGTAATAGCT-14-s4d8,GARQ,D11,1,40,40,13,0.01608926,B1 B
GGCCAACTCCGTGACA-14-s4d8,GARQ,D11,1,40,40,11,0.066212416,CD8+ T
TATCGCACACCTGGTG-14-s4d8,GARQ,D11,1,40,40,12,0.016741633,MK/E prog
ACCATTAAGAATCTCA-14-s4d8,GARQ,D11,1,40,40,10,0.00083589554,NK
CTAGCTGAGTAACGGA-14-s4d8,GARQ,D11,1,40,40,14,0.14377862,CD4+ T activated
GACTAATGTTCTTTAG-14-s4d8,GARQ,D11,1,40,40,12,0.5236943,Normoblast
GTGAGCGAGTAACAGG-14-s4d8,GARQ,D11,1,40,40,7,0.14384723,CD8+ T
CATGGCGGTTTGGTTC-14-s4d8,GARQ,D11,1,40,40,11,0.058369517,CD8+ T
TCCGGTTTCATAATCG-14-s4d8,GARQ,D11,1,40,40,29,0.085193515,CD4+ T naive
AATCCATCACATTGCA-14-s4d8,GARQ,D11,1,40,40,10,0.012146354,CD8+ T
GGGTGAAGTACCTTAC-14-s4d8,GARQ,D11,1,40,40,3,0.30637473,Naive CD20+ B
CTCCGTCCACCTCACC-14-s4d8,GARQ,D11,1,40,40,38,0.02582109,Naive CD20+ B
TTTGTGTTCGCACACA-14-s4d8,GARQ,D11,1,40,40,16,0.09733832,Transitional B
CCAAACCCACGTAATT-14-s4d8,GARQ,D11,1,40,40,3,0.13134837,Transitional B
GCAGCAACAGTTAGCC-14-s4d8,GARQ,D11,1,40,40,10,0.02814579,CD8+ T
GCTTGTTGTTGAGGTC-14-s4d8,GARQ,D11,1,40,40,11,0.07954466,CD8+ T
AAAGGAGCACAGGAAT-14-s4d8,GARQ,D11,1,40,40,0,0.093892515,Naive CD20+ B
TGTAATGTCACCTGTC-14-s4d8,GARQ,D11,1,40,40,19,0.25174952,CD8+ T
GGGCATTGTTACCGGG-14-s4d8,GARQ,D11,1,40,40,0,0.02292645,Naive CD20+ B
GCAGCTATCGATTATG-14-s4d8,GARQ,D11,1,40,40,0,0.04961598,B1 B
CTCCAACTCAGCCAAT-14-s4d8,GARQ,D11,1,40,40,10,0.009249926,CD8+ T
CCATAGCCATTATCCC-14-s4d8,GARQ,D11,1,40,40,30,0.33912563,Proerythroblast
GCCTTAACAATTGAGA-14-s4d8,GARQ,D11,1,40,40,36,0.03896463,B1 B
ACACCTTGTTAAGGTT-14-s4d8,GARQ,D11,1,40,40,10,0.0005646944,CD8+ T
GTGCTCAAGAATCGCT-14-s4d8,GARQ,D11,1,40,40,10,0.009205937,CD8+ T
GCATTAGGTCGTAAAT-14-s4d8,GARQ,D11,1,40,40,29,0.18914175,CD4+ T naive
CGATTATCAACCTAAT-14-s4d8,GARQ,D11,1,40,40,30,0.07604188,Lymph prog
ATGAAGTAGCGCTCAA-14-s4d8,GARQ,D11,1,40,40,30,0.048521757,Proerythroblast
TGTGTTAAGTGATTCA-14-s4d8,GARQ,D11,1,40,40,11,0.07056713,CD8+ T
GGTTAATGTAATAGCT-14-s4d8,GARQ,D11,1,40,40,10,0.013798952,CD4+ T activated
GTTAGACTCTCAATTC-14-s4d8,GARQ,D11,1,40,40,4,0.032651186,CD4+ T activated
TCACCTCAGGCTACTG-14-s4d8,GARQ,D11,1,40,40,30,0.123642325,Proerythroblast
AATAGAGGTTAGCTGA-14-s4d8,GARQ,D11,1,40,40,12,0.14401412,Proerythroblast
CGATTATCAGTAATAG-14-s4d8,GARQ,D11,1,40,40,10,0.017035961,CD8+ T
GGTTCCCGTTAAGCCA-14-s4d8,GARQ,D11,1,40,40,10,0.007025242,NK
CGAAGCGAGGGACCTC-14-s4d8,GARQ,D11,1,40,40,10,0.005162835,CD8+ T
TGAGCTTAGGCTACAT-14-s4d8,GARQ,D11,1,40,40,29,0.1471948,CD8+ T
AAAGCCGCAGATTCAT-14-s4d8,GARQ,D11,1,40,40,0,0.007890046,Transitional B
ACGCCTAAGCGCTAAT-14-s4d8,GARQ,D11,1,40,40,10,0.010171652,CD8+ T
TGAGCAAAGTCTATGA-14-s4d8,GARQ,D11,1,40,40,10,0.0178442,CD8+ T
CGCAAATTCCAGGTTG-14-s4d8,GARQ,D11,1,40,40,29,0.023139238,CD8+ T
TATTAGCCACCCACAG-14-s4d8,GARQ,D11,1,40,40,29,0.11385274,CD4+ T activated
AGCAAGGGTTGACTTC-14-s4d8,GARQ,D11,1,40,40,29,0.009185851,cDC2
GCAGGTGAGGATTGCT-14-s4d8,GARQ,D11,1,40,40,10,0.010060787,CD8+ T
GTCTATCGTTACATCC-14-s4d8,GARQ,D11,1,40,40,29,0.047977865,CD4+ T activated
TGTGCGCAGCCTGTTC-14-s4d8,GARQ,D11,1,40,40,10,0.0074795485,CD8+ T
CCAAACCCACCCTCAC-14-s4d8,GARQ,D11,1,40,40,30,0.00036144257,Proerythroblast
GCAGGATAGCATGCAT-14-s4d8,GARQ,D11,1,40,40,11,0.046240687,CD8+ T
ACAACACTCATAACGC-14-s4d8,GARQ,D11,1,40,40,0,0.148512,B1 B
CTAGTAGGTGTCCTGC-14-s4d8,GARQ,D11,1,40,40,38,0.0018783212,CD4+ T activated
GACCTCAAGTATTGTG-14-s4d8,GARQ,D11,1,40,40,12,0.2639711,Proerythroblast
GTTTGTAAGATTCCTT-14-s4d8,GARQ,D11,1,40,40,30,0.061193466,MK/E prog
CTCTAAGCACAACAAA-14-s4d8,GARQ,D11,1,40,40,10,0.006839037,CD8+ T
GCTAAGAAGAGGAAGG-14-s4d8,GARQ,D11,1,40,40,33,0.15956593,CD4+ T activated
ATCGCCCGTTCCTGTG-14-s4d8,GARQ,D11,1,40,40,11,0.046403944,CD8+ T
CATGAGGCATGGTTAT-14-s4d8,GARQ,D11,1,40,40,7,0.24628133,CD8+ T
GTCTAATCACCTGTAA-14-s4d8,GARQ,D11,1,40,40,37,0.041755795,cDC2
GAGTAACCAATATACC-14-s4d8,GARQ,D11,1,40,40,0,0.14312106,Naive CD20+ B
ATGAAGCCATAATTGC-14-s4d8,GARQ,D11,1,40,40,29,0.2040875,CD8+ T
GCTGGTTCATAATGTC-14-s4d8,GARQ,D11,1,40,40,12,0.3905108,Proerythroblast
CTTGCAACACTAAATC-14-s4d8,GARQ,D11,1,40,40,12,0.099900484,Proerythroblast
GAGGCCTTCACATTGA-14-s4d8,GARQ,D11,1,40,40,33,0.06870723,CD8+ T
ACTTTGTTCTCATCAT-14-s4d8,GARQ,D11,1,40,40,13,0.086536884,Lymph prog
CTAAGTCAGCTGGCTA-14-s4d8,GARQ,D11,1,40,40,10,0.009742379,CD4+ T activated
GATTGCAGTCACCTAT-14-s4d8,GARQ,D11,1,40,40,34,0.04464203,Lymph prog
GAGTGTTTCAAGACTC-14-s4d8,GARQ,D11,1,40,40,29,0.032791376,CD8+ T
TACGTAATCTTGACCC-14-s4d8,GARQ,D11,1,40,40,10,0.008346677,CD8+ T
ACTTGAATCCCTGACT-14-s4d8,GARQ,D11,1,40,40,4,0.19621342,CD4+ T activated
CCTACTTCAAGACTCC-14-s4d8,GARQ,D11,1,40,40,19,0.24336857,NK
GTGCAAGCATAATCCG-14-s4d8,GARQ,D11,1,40,40,30,0.3252238,MK/E prog
CTACAACAGCCTGATG-14-s4d8,GARQ,D11,1,40,40,10,0.02451992,CD4+ T activated
CTACTTAGTTACAAAC-14-s4d8,GARQ,D11,1,40,40,10,0.0123205185,CD8+ T
CACATAATCCTTAGGG-14-s4d8,GARQ,D11,1,40,40,25,0.002082646,CD8+ T
GTACACCCAGGCTTGT-14-s4d8,GARQ,D11,1,40,40,35,0.09020668,Transitional B
CATGGCGGTTTAAAGC-14-s4d8,GARQ,D11,1,40,40,10,0.0067058206,CD8+ T
CCACTTGGTTGCGCGA-14-s4d8,GARQ,D11,1,40,40,3,0.15309513,Transitional B
GTGAGCGAGGTAGCTT-14-s4d8,GARQ,D11,1,40,40,39,0.021015227,Transitional B
ACGTTGTAGCCAAATC-14-s4d8,GARQ,D11,1,40,40,29,0.060683727,CD4+ T activated
AGTGATGAGGACCGCT-14-s4d8,GARQ,D11,1,40,40,3,0.007967234,B1 B
GCAGGTTGTATTGAGT-14-s4d8,GARQ,D11,1,40,40,10,0.0015845895,Naive CD20+ B
GTCAGGCTCGCTCACT-14-s4d8,GARQ,D11,1,40,40,37,0.4151417,CD14+ Mono
TCTTCAAGTTTGGGCG-14-s4d8,GARQ,D11,1,40,40,8,0.00048667192,CD8+ T
AGAACCAAGTGATTCA-14-s4d8,GARQ,D11,1,40,40,12,0.3328073,Erythroblast
AAGGATTAGTAGGATG-14-s4d8,GARQ,D11,1,40,40,12,0.44433665,Erythroblast
TTGTCCGGTAGCTAAT-14-s4d8,GARQ,D11,1,40,40,10,0.0062246323,CD8+ T
ATCCATAAGGCGGATG-14-s4d8,GARQ,D11,1,40,40,10,0.0056360364,CD8+ T
CTTGTTTAGGTGCGGA-14-s4d8,GARQ,D11,1,40,40,3,0.066993475,CD4+ T activated
GGTAAACCAGTTAGCC-14-s4d8,GARQ,D11,1,40,40,10,0.010306358,NK
AGCTACGTCATTGACA-14-s4d8,GARQ,D11,1,40,40,16,0.008647561,Transitional B
CGTCAATAGATGGACA-14-s4d8,GARQ,D11,1,40,40,0,0.071089506,Naive CD20+ B
TATGTGATCTAAGGAG-14-s4d8,GARQ,D11,1,40,40,12,0.17165983,Erythroblast
TGCTTAAAGACAACAG-14-s4d8,GARQ,D11,1,40,40,0,0.107445955,Naive CD20+ B
GATTACGGTCACAGAC-14-s4d8,GARQ,D11,1,40,40,25,0.013228059,CD8+ T
ATGGCTTAGTGAGCAA-14-s4d8,GARQ,D11,1,40,40,11,0.10186857,CD8+ T
ATCAATCCATAGCAGG-14-s4d8,GARQ,D11,1,40,40,10,0.003103137,CD8+ T
GTGGTTAGTGTGAGGA-14-s4d8,GARQ,D11,1,40,40,30,0.057254374,Lymph prog
CCGATGCAGGTAAGCA-14-s4d8,GARQ,D11,1,40,40,16,0.18132004,Lymph prog
AACTAGCTCAAGCTAC-14-s4d8,GARQ,D11,1,40,40,4,0.0043234825,NK
TGAGGGAGTGGACATC-14-s4d8,GARQ,D11,1,40,40,0,0.1498515,Transitional B
TTGGTGAGTCATGCAA-14-s4d8,GARQ,D11,1,40,40,35,0.19412994,Lymph prog
TTAACCAAGGTGCTGC-14-s4d8,GARQ,D11,1,40,40,0,0.036482096,Naive CD20+ B
CATTGCGAGTAATCCA-14-s4d8,GARQ,D11,1,40,40,16,0.017333746,Naive CD20+ B
GACCGTTCAGAAATTG-14-s4d8,GARQ,D11,1,40,40,12,0.31485105,Proerythroblast
AGACACGCAGGCTGTT-14-s4d8,GARQ,D11,1,40,40,10,0.013322115,CD8+ T
GTGATCAGTAGGATCC-14-s4d8,GARQ,D11,1,40,40,3,0.1720069,Naive CD20+ B
GAAGGATGTCCTTTAA-14-s4d8,GARQ,D11,1,40,40,10,0.021860361,CD8+ T
TGCTTGTGTTACCGGG-14-s4d8,GARQ,D11,1,40,40,10,0.007976413,CD8+ T
GGATATTGTTAGCGTA-14-s4d8,GARQ,D11,1,40,40,30,0.025464058,HSC
CCTGCTCCAACCCTAA-14-s4d8,GARQ,D11,1,40,40,10,0.010940671,CD8+ T
AACGCCCAGGTGCTGC-14-s4d8,GARQ,D11,1,40,40,12,0.038538933,Proerythroblast
TACTCAAAGGATTGAG-14-s4d8,GARQ,D11,1,40,40,10,0.008848906,CD8+ T
ATGCGATTCCGGTTAG-14-s4d8,GARQ,D11,1,40,40,10,0.016760468,CD8+ T
GATTGGTTCCGTAAAC-14-s4d8,GARQ,D11,1,40,40,3,0.068015754,Naive CD20+ B
TCCATCATCTACTAAG-14-s4d8,GARQ,D11,1,40,40,10,0.01118803,NK
TCCTTAGTCCTGGTGA-14-s4d8,GARQ,D11,1,40,40,12,0.037180543,Proerythroblast
TGGCCTTTCCCTGGTT-14-s4d8,GARQ,D11,1,40,40,12,0.21325397,Proerythroblast
TCATTACTCAGTTCCC-14-s4d8,GARQ,D11,1,40,40,25,0.080937386,CD8+ T
TGGACGGAGACCATAC-14-s4d8,GARQ,D11,1,40,40,12,0.1624564,Proerythroblast
CTGGTTTGTAAACAAG-14-s4d8,GARQ,D11,1,40,40,15,0.017436862,B1 B
CTGCTACTCCTCGATC-14-s4d8,GARQ,D11,1,40,40,33,0.03593713,CD8+ T
AGGGCTACACAATGCC-14-s4d8,GARQ,D11,1,40,40,4,0.076732814,CD4+ T activated
GCTCTGTTCGCTTCTA-14-s4d8,GARQ,D11,1,40,40,10,0.007908344,CD8+ T
CTTTGTCCAAGATTCT-14-s4d8,GARQ,D11,1,40,40,0,0.03667766,B1 B
AAAGCCGCAGAAATGC-14-s4d8,GARQ,D11,1,40,40,19,0.13723028,CD4+ T activated
GGACAGCCACCAACCG-14-s4d8,GARQ,D11,1,40,40,30,0.12334055,cDC2
CGGTTCCGTCCTAAGA-14-s4d8,GARQ,D11,1,40,40,0,0.030285835,Transitional B
GTCTTGCTCTCACTAT-14-s4d8,GARQ,D11,1,40,40,12,0.042457104,Proerythroblast
AGGATGCAGCACAGAA-14-s4d8,GARQ,D11,1,40,40,12,0.485942,Proerythroblast
TGTTACTTCCTTAATC-14-s4d8,GARQ,D11,1,40,40,12,0.0033373833,Proerythroblast
CTTTAGGCAACTGGGA-14-s4d8,GARQ,D11,1,40,40,10,0.011327386,NK
GCGAAGTAGAACCTGT-14-s4d8,GARQ,D11,1,40,40,29,0.03198111,CD4+ T activated
ATGTGAGAGCATGCAT-14-s4d8,GARQ,D11,1,40,40,13,0.012606561,B1 B
GGGCCTAGTATTGGAT-14-s4d8,GARQ,D11,1,40,40,12,0.26161766,Erythroblast
AATTGTGTCGGGACTC-14-s4d8,GARQ,D11,1,40,40,29,0.014617026,NK
ATTGGCTAGACAGGCG-14-s4d8,GARQ,D11,1,40,40,33,0.04874128,CD8+ T
CCAGTTTGTGGAAACG-14-s4d8,GARQ,D11,1,40,40,0,0.26071954,Naive CD20+ B
CGCTTGCGTGTTGTAG-14-s4d8,GARQ,D11,1,40,40,3,0.13337487,Proerythroblast
ATATGCTCAATATACC-14-s4d8,GARQ,D11,1,40,40,19,0.023347199,B1 B
TGTCATAAGCAGGTTT-14-s4d8,GARQ,D11,1,40,40,10,0.018396378,CD8+ T
CTTGGACCAATCATGT-14-s4d8,GARQ,D11,1,40,40,12,0.63722754,Erythroblast
CCTCAATGTTGTAACG-14-s4d8,GARQ,D11,1,40,40,0,0.09290099,Naive CD20+ B
GCGCAAACATAAACCT-14-s4d8,GARQ,D11,1,40,40,10,0.011355162,CD4+ T activated
AAGCTTGGTGTTCCCA-14-s4d8,GARQ,D11,1,40,40,0,0.19331893,Transitional B
AACAGCAAGTTATGGC-14-s4d8,GARQ,D11,1,40,40,37,0.3100363,CD16+ Mono
ATGCAAACACTTACAG-14-s4d8,GARQ,D11,1,40,40,38,0.06430054,B1 B
TGTTATGAGCTCAAAC-14-s4d8,GARQ,D11,1,40,40,31,0.23122406,Naive CD20+ B
CCTGGATCATGTTTGG-14-s4d8,GARQ,D11,1,40,40,13,0.10389948,Lymph prog
GGTCATTAGTCTCACC-14-s4d8,GARQ,D11,1,40,40,30,0.019922167,cDC2
CGCAATTAGCATCCAG-14-s4d8,GARQ,D11,1,40,40,3,0.2855543,Naive CD20+ B
TCGGTAAGTTACTTCA-14-s4d8,GARQ,D11,1,40,40,33,0.21604133,CD8+ T
CTAAGGTTCATAACCA-14-s4d8,GARQ,D11,1,40,40,33,0.17837912,CD4+ T naive
GGAACCTGTTGCACAA-14-s4d8,GARQ,D11,1,40,40,10,0.012166858,CD8+ T
CCAAGTTAGATAACCC-14-s4d8,GARQ,D11,1,40,40,10,0.008130968,NK
AAGCGAATCCTTGAGG-14-s4d8,GARQ,D11,1,40,40,10,0.014295936,CD8+ T
CCTGAGTCAGCATGTC-14-s4d8,GARQ,D11,1,40,40,12,0.09324676,MK/E prog
GCATTGCCAGCAAGTG-14-s4d8,GARQ,D11,1,40,40,11,0.02276051,CD8+ T
TATGAAGCATAATGAG-14-s4d8,GARQ,D11,1,40,40,12,0.0021995306,Proerythroblast
AATAGAGGTTGAATCG-14-s4d8,GARQ,D11,1,40,40,0,0.14431834,Transitional B
TAAGGCTTCACGCCAA-14-s4d8,GARQ,D11,1,40,40,10,0.008950472,CD8+ T
TTATGACCACCTGCCT-14-s4d8,GARQ,D11,1,40,40,5,0.016666904,pDC
TCTCGCCCAGCCAGTT-14-s4d8,GARQ,D11,1,40,40,16,0.03764528,Transitional B
CCTATTTAGACTAAGG-14-s4d8,GARQ,D11,1,40,40,11,0.16265869,CD8+ T
CTTACTAGTTAATGAC-14-s4d8,GARQ,D11,1,40,40,29,0.026005387,CD4+ T naive
CATGCGGGTTACAACG-14-s4d8,GARQ,D11,1,40,40,10,0.007466376,CD8+ T
TCCTCACAGAGGCTAA-14-s4d8,GARQ,D11,1,40,40,14,0.09591782,Naive CD20+ B
GTTGTTGCACAGCCAT-14-s4d8,GARQ,D11,1,40,40,11,0.084400296,CD8+ T
CGCCTGTGTGTGTCCC-14-s4d8,GARQ,D11,1,40,40,10,0.0112627745,CD4+ T activated
AACTAGCTCATTCATC-14-s4d8,GARQ,D11,1,40,40,10,0.011927009,CD8+ T
TGTTGCACATTAGCCA-14-s4d8,GARQ,D11,1,40,40,34,0.020468056,Transitional B
AATCATCCAGCAACCT-14-s4d8,GARQ,D11,1,40,40,29,0.0034965873,CD8+ T
CGGGTCTAGTTTCCTG-14-s4d8,GARQ,D11,1,40,40,29,0.03722316,NK
ACATAGCTCCGCCTCA-14-s4d8,GARQ,D11,1,40,40,0,0.12887436,Transitional B
GTTGGCCAGAACCTAC-14-s4d8,GARQ,D11,1,40,40,10,0.01599574,CD4+ T activated
ATTGAAGCATCAGCAC-14-s4d8,GARQ,D11,1,40,40,10,0.0039907694,CD8+ T
ATTGCGCCACTAAGAA-14-s4d8,GARQ,D11,1,40,40,36,0.055238485,CD8+ T
GCCAATAGTCTTGCAT-14-s4d8,GARQ,D11,1,40,40,10,0.018459558,CD8+ T
CTGGTCAAGTAAACCC-14-s4d8,GARQ,D11,1,40,40,10,0.01737535,Transitional B
AACTCACAGATGGACA-14-s4d8,GARQ,D11,1,40,40,29,0.39348876,CD4+ T naive
TCGCTAACATTGTGAT-14-s4d8,GARQ,D11,1,40,40,11,0.08481014,CD8+ T
GGTTACTAGCTCCCTG-14-s4d8,GARQ,D11,1,40,40,30,0.14989227,G/M prog
ACTTAGGGTTAGCCAA-14-s4d8,GARQ,D11,1,40,40,0,0.0047478676,Naive CD20+ B
AGCTTTAAGTAACGAG-14-s4d8,GARQ,D11,1,40,40,17,0.15778574,HSC
GATTACTCACTAGGTC-14-s4d8,GARQ,D11,1,40,40,28,0.020011723,Lymph prog
TGGCCTTTCGATATTG-14-s4d8,GARQ,D11,1,40,40,12,0.03762901,Erythroblast
ATGCCTGAGGTCGAGG-14-s4d8,GARQ,D11,1,40,40,12,0.08739245,Proerythroblast
AGAGATTAGTTAGACC-14-s4d8,GARQ,D11,1,40,40,10,0.007926941,CD8+ T
GTTCGCGCAAGGTGCA-14-s4d8,GARQ,D11,1,40,40,30,0.07872224,Proerythroblast
GAGTGATCAATATGGA-14-s4d8,GARQ,D11,1,40,40,30,0.18005323,MK/E prog
CCTAATAAGTAGGATG-14-s4d8,GARQ,D11,1,40,40,11,0.07092178,NK
CTTAAGATCCCTCAAC-14-s4d8,GARQ,D11,1,40,40,0,0.021186471,Transitional B
TAAGCCTAGGCCAATT-14-s4d8,GARQ,D11,1,40,40,0,0.17663169,Naive CD20+ B
GCCTTAACAACTAGAA-14-s4d8,GARQ,D11,1,40,40,10,0.01137197,CD8+ T
CATCCTCAGCCTGATG-14-s4d8,GARQ,D11,1,40,40,7,0.010130644,CD8+ T
GCCCATAAGTCACCAG-14-s4d8,GARQ,D11,1,40,40,16,0.0235098,Transitional B
CTTCAATTCATTAGTG-14-s4d8,GARQ,D11,1,40,40,30,0.071079254,MK/E prog
GAAGTCAAGCCGGTAC-14-s4d8,GARQ,D11,1,40,40,12,0.34860432,Proerythroblast
CTCGCTAGTTAGCCAA-14-s4d8,GARQ,D11,1,40,40,38,0.034234285,CD8+ T
GGCTAGACAGTCTAAT-14-s4d8,GARQ,D11,1,40,40,10,0.0060257316,B1 B
TCGTTTCCATGAATCT-14-s4d8,GARQ,D11,1,40,40,16,0.1518631,Transitional B
ATGTTCAAGCTTTGTT-14-s4d8,GARQ,D11,1,40,40,0,0.11537087,Transitional B
CGAAGCCTCGTAATCA-14-s4d8,GARQ,D11,1,40,40,9,0.0020900965,CD8+ T
TACTCAAAGCTTAGTA-14-s4d8,GARQ,D11,1,40,40,10,0.008028924,CD8+ T
TCAATCGCATTAAAGG-14-s4d8,GARQ,D11,1,40,40,16,0.12453896,Transitional B
TTTCCACCACTTAGGC-14-s4d8,GARQ,D11,1,40,40,0,0.14942107,Naive CD20+ B
CCAACCCGTTCACCAT-14-s4d8,GARQ,D11,1,40,40,12,0.4767319,Proerythroblast
TAGTAAGCAAATTGCT-14-s4d8,GARQ,D11,1,40,40,10,0.01665032,CD4+ T activated
TGTGCAAGTTGCTTCG-14-s4d8,GARQ,D11,1,40,40,0,0.18242252,B1 B
CTGTGTGAGTAAGTGG-14-s4d8,GARQ,D11,1,40,40,16,0.22249615,Naive CD20+ B
AGCAACAAGACAACAG-14-s4d8,GARQ,D11,1,40,40,11,0.04972422,CD8+ T
CCTCCTCTCTTGAGGT-14-s4d8,GARQ,D11,1,40,40,10,0.011279941,CD8+ T
CGTATTGCATTTGCTC-14-s4d8,GARQ,D11,1,40,40,7,0.1262269,NK
CCACTTGGTTCAAGCA-14-s4d8,GARQ,D11,1,40,40,10,0.016207814,CD8+ T
TTGCAGCCATAGGCGA-14-s4d8,GARQ,D11,1,40,40,10,0.010061622,CD8+ T
CATTGTAAGCCTGATG-14-s4d8,GARQ,D11,1,40,40,0,0.056345344,Naive CD20+ B
ATGTAACGTAATAACC-14-s4d8,GARQ,D11,1,40,40,12,0.53310394,Normoblast
GGAACTAAGGTAAGCA-14-s4d8,GARQ,D11,1,40,40,10,0.005436659,NK
CCTATTGTCCACCCTG-14-s4d8,GARQ,D11,1,40,40,0,0.098748684,Transitional B
ATTATCCTCCGGTTGA-14-s4d8,GARQ,D11,1,40,40,10,0.012099266,CD8+ T
GATTCAATCCTACCTA-14-s4d8,GARQ,D11,1,40,40,10,0.02238655,CD8+ T
TGATGATGTAATCGGC-14-s4d8,GARQ,D11,1,40,40,10,0.00884223,CD8+ T
TAATCACCATTATGCG-14-s4d8,GARQ,D11,1,40,40,10,0.010583818,CD8+ T
ATGCAGGCACAGCCTG-14-s4d8,GARQ,D11,1,40,40,33,0.033640265,CD4+ T activated
ACCATTAAGCTTCTCA-14-s4d8,GARQ,D11,1,40,40,10,0.0083293915,CD8+ T
TAGCGCGGTTAACGAT-14-s4d8,GARQ,D11,1,40,40,10,0.008019686,CD4+ T activated
TCATGCCTCCAAATCA-14-s4d8,GARQ,D11,1,40,40,0,0.089104414,Naive CD20+ B
GTTTATCTCCCGTTTA-14-s4d8,GARQ,D11,1,40,40,10,0.008952975,NK
GTCATGAGTTAACGAT-14-s4d8,GARQ,D11,1,40,40,6,0.0055221915,CD8+ T
CGGTTATAGCACAGGG-14-s4d8,GARQ,D11,1,40,40,0,0.011478901,Transitional B
AAAGCTTGTTAAGCGC-14-s4d8,GARQ,D11,1,40,40,33,0.08941454,CD8+ T
AATCCATCATTAGGTT-14-s4d8,GARQ,D11,1,40,40,10,0.0075569153,CD8+ T
GATTACTCACGAATCC-14-s4d8,GARQ,D11,1,40,40,0,0.12435472,Transitional B
GTGCTTACACTTAGGC-14-s4d8,GARQ,D11,1,40,40,10,0.010228395,CD8+ T
CCCTCACCATCGCTCC-14-s4d8,GARQ,D11,1,40,40,11,0.12524134,CD8+ T
GGGAATATCAATGTCA-14-s4d8,GARQ,D11,1,40,40,19,0.04358244,Naive CD20+ B
AGGTTAACATTGCGTA-14-s4d8,GARQ,D11,1,40,40,12,0.35680485,Proerythroblast
TTTGCGGAGGCGCTAC-14-s4d8,GARQ,D11,1,40,40,10,0.011491656,CD8+ T
TTTGTGTTCATCCTGC-14-s4d8,GARQ,D11,1,40,40,30,0.1419704,Proerythroblast
CGGGTATGTTAGGATT-14-s4d8,GARQ,D11,1,40,40,12,0.31912005,Erythroblast
ACCCTGTTCGCAACAT-14-s4d8,GARQ,D11,1,40,40,10,0.0047712326,CD8+ T
ATGTGAGAGCGGCTGT-14-s4d8,GARQ,D11,1,40,40,11,0.050507665,CD8+ T
CGGGTATGTTACTTGC-14-s4d8,GARQ,D11,1,40,40,18,0.017211318,Lymph prog
AAGTGAAGTTTATCTG-14-s4d8,GARQ,D11,1,40,40,11,0.01639092,CD8+ T
GTCGGTTCAACAGGAT-14-s4d8,GARQ,D11,1,40,40,10,0.007852554,CD8+ T
TGTTAGCAGGTCCTAG-14-s4d8,GARQ,D11,1,40,40,0,0.046289623,Transitional B
ACAGCCGGTGTTCCCA-14-s4d8,GARQ,D11,1,40,40,10,0.007879138,CD8+ T
GTAATAGCAAGCTTTG-14-s4d8,GARQ,D11,1,40,40,11,0.23209047,CD8+ T
TTGCAGCCATTTGCTC-14-s4d8,GARQ,D11,1,40,40,19,0.030084014,CD4+ T activated
CAATCTAAGGAGGCAT-14-s4d8,GARQ,D11,1,40,40,10,0.014771223,CD8+ T
CTTTGTCCATATTGAC-14-s4d8,GARQ,D11,1,40,40,10,0.014315844,CD8+ T
AAGTGCAAGTGCACGC-14-s4d8,GARQ,D11,1,40,40,22,0.032764614,B1 B
GGATGGCCATCCGTAA-14-s4d8,GARQ,D11,1,40,40,0,0.025104135,Lymph prog
TGCGCAGGTATTGCAG-14-s4d8,GARQ,D11,1,40,40,11,0.1287651,CD8+ T
GGGTTTCCAACATAAG-14-s4d8,GARQ,D11,1,40,40,30,0.23107576,Proerythroblast
GTCCGTAAGCTTAACA-14-s4d8,GARQ,D11,1,40,40,20,0.10756403,Lymph prog
GCGGAACCAGCTCAAC-14-s4d8,GARQ,D11,1,40,40,10,0.007524967,CD8+ T
CCATAAGGTGTTTGCT-14-s4d8,GARQ,D11,1,40,40,11,0.030845404,CD8+ T
CTGAAACTCCTCCCTC-14-s4d8,GARQ,D11,1,40,40,10,0.0047866106,CD8+ T
CTGGACCAGTGAACAG-14-s4d8,GARQ,D11,1,40,40,10,0.017333508,CD8+ T
TTGACGTAGCTCCCTG-14-s4d8,GARQ,D11,1,40,40,10,0.011223793,CD8+ T
CTATTACTCTTAGCGG-14-s4d8,GARQ,D11,1,40,40,3,0.10531956,Naive CD20+ B
GTGCTGATCTTTGACT-14-s4d8,GARQ,D11,1,40,40,8,0.0015005469,CD8+ T
GGTTGCTCATTAAGTC-14-s4d8,GARQ,D11,1,40,40,2,0.020109057,B1 B
TGCCTGTTCGCGACAC-14-s4d8,GARQ,D11,1,40,40,10,0.013449669,CD8+ T
GAGTAACCACTTAGGC-14-s4d8,GARQ,D11,1,40,40,22,0.05398482,Lymph prog
TTCAACCGTTCGGGAT-14-s4d8,GARQ,D11,1,40,40,5,0.101679444,CD8+ T
AGTGCACGTGCTGTAA-14-s4d8,GARQ,D11,1,40,40,3,0.0065481067,Transitional B
CTGGTCAAGACAACGA-14-s4d8,GARQ,D11,1,40,40,29,0.033841968,CD8+ T
GGCTGAGAGCTAATCA-14-s4d8,GARQ,D11,1,40,40,10,0.0036952496,CD8+ T
AAGCCTGTCAGGAACA-14-s4d8,GARQ,D11,1,40,40,39,0.14503014,CD8+ T
GTGCTCCGTTTAACCC-14-s4d8,GARQ,D11,1,40,40,0,0.51574796,Naive CD20+ B
AGGGCTACAAGCGAGC-14-s4d8,GARQ,D11,1,40,40,0,0.02586469,B1 B
TGTGCGCAGCACAGCC-14-s4d8,GARQ,D11,1,40,40,6,0.040514767,Naive CD20+ B
TTGGATTCATAATTGC-14-s4d8,GARQ,D11,1,40,40,11,0.044234037,CD8+ T
CCTACTTCAAGGTCCT-14-s4d8,GARQ,D11,1,40,40,10,0.0051658154,CD8+ T
TAAACAGCACCACAAC-14-s4d8,GARQ,D11,1,40,40,10,0.008147478,CD8+ T
AGTTGTCAGTTCCCGT-14-s4d8,GARQ,D11,1,40,40,10,0.008041322,NK
CGATCCTTCCTACCTA-14-s4d8,GARQ,D11,1,40,40,0,0.008678734,Transitional B
AATTAGGCACTGGCTG-14-s4d8,GARQ,D11,1,40,40,10,0.008829832,CD8+ T
GTACCGGGTACCGGAT-14-s4d8,GARQ,D11,1,40,40,12,0.10988355,Proerythroblast
ATCTATGAGGTAAGCA-14-s4d8,GARQ,D11,1,40,40,10,0.013411999,CD8+ T
AATGCATGTAGCTGCG-14-s4d8,GARQ,D11,1,40,40,10,0.0010858774,CD8+ T
CCGGTTAAGCAAACCT-14-s4d8,GARQ,D11,1,40,40,16,0.19715643,Naive CD20+ B
GAAAGCCAGTAGGATG-14-s4d8,GARQ,D11,1,40,40,12,0.207654,Erythroblast
AGCTGCTCAACAGGAT-14-s4d8,GARQ,D11,1,40,40,29,0.2032249,CD8+ T
TAATTGCCAATGCGCT-14-s4d8,GARQ,D11,1,40,40,16,0.20098579,Transitional B
GGCTCAATCCTCACTA-14-s4d8,GARQ,D11,1,40,40,29,0.32168758,CD4+ T naive
GAGTATCTCGGTCAGC-14-s4d8,GARQ,D11,1,40,40,0,0.09788275,B1 B
CGTTAACAGTACTGGT-14-s4d8,GARQ,D11,1,40,40,10,0.010535121,NK
GGGTCACTCGCTATGG-14-s4d8,GARQ,D11,1,40,40,16,0.10448742,Lymph prog
GAGGTGAGTAATGGAA-14-s4d8,GARQ,D11,1,40,40,11,0.04065633,CD8+ T
TAGCGCGGTTCGCTTG-14-s4d8,GARQ,D11,1,40,40,34,0.12863278,Lymph prog
AATCATGTCAGCATTA-14-s4d8,GARQ,D11,1,40,40,10,0.0068998933,CD4+ T naive
CGCTTAACAATGCCTA-14-s4d8,GARQ,D11,1,40,40,10,0.01342237,CD8+ T
AAAGGCTCAATGCGCT-14-s4d8,GARQ,D11,1,40,40,11,0.07998335,CD4+ T activated
TTTGTCCCATGAAATG-14-s4d8,GARQ,D11,1,40,40,13,0.029133081,Naive CD20+ B
AAACGCGCATGGCCTG-14-s4d8,GARQ,D11,1,40,40,17,0.084818065,MK/E prog
CCTGATGAGGCGCACT-14-s4d8,GARQ,D11,1,40,40,20,0.034276426,Lymph prog
ACTCGCTTCCATAATG-14-s4d8,GARQ,D11,1,40,40,33,0.12994057,CD8+ T
GGAGCATAGGGCCACT-14-s4d8,GARQ,D11,1,40,40,10,0.00576663,CD8+ T
CAGCATTAGGCCGGAA-14-s4d8,GARQ,D11,1,40,40,37,0.16843128,G/M prog
TCCATATTCGTTATCT-14-s4d8,GARQ,D11,1,40,40,12,0.31523812,Erythroblast
TTGAGGCGTTACGCGG-14-s4d8,GARQ,D11,1,40,40,38,0.062235057,Naive CD20+ B
AGAACCAAGCCGCAAC-14-s4d8,GARQ,D11,1,40,40,0,0.024801016,Transitional B
ATGCATTCAAGCTAAA-14-s4d8,GARQ,D11,1,40,40,19,0.077873945,CD8+ T
TTACAGCAGCTTAGCG-14-s4d8,GARQ,D11,1,40,40,10,0.006373763,Naive CD20+ B
CCTTATGTCCGCAAGC-14-s4d8,GARQ,D11,1,40,40,33,0.102295876,CD4+ T activated
GACACCGGTTGCACAA-14-s4d8,GARQ,D11,1,40,40,12,0.123202324,Proerythroblast
GAACCTTAGTCAGGCC-14-s4d8,GARQ,D11,1,40,40,10,0.0152812,CD8+ T
TGTAAAGCAAGTAAGC-14-s4d8,GARQ,D11,1,40,40,12,0.04480934,MK/E prog
CCTATTTAGAGGAAGG-14-s4d8,GARQ,D11,1,40,40,12,0.3426504,Proerythroblast
GGAGGTTAGTAGCGGG-14-s4d8,GARQ,D11,1,40,40,10,0.007878423,CD8+ T
GAGGCTACAATGAGGT-14-s4d8,GARQ,D11,1,40,40,12,0.3391986,Proerythroblast
GCTATAGGTCCACAAA-14-s4d8,GARQ,D11,1,40,40,10,0.00970006,NK
GCTAGCCAGGTCGATT-14-s4d8,GARQ,D11,1,40,40,10,0.010764897,CD8+ T
AACATCATCATGAAGG-14-s4d8,GARQ,D11,1,40,40,29,0.0018119812,CD8+ T
CGCACCACAAGGAATC-14-s4d8,GARQ,D11,1,40,40,10,0.0118813515,CD8+ T
GTTACAGGTTCACCAT-14-s4d8,GARQ,D11,1,40,40,10,0.005938053,CD8+ T
ATATGCTCAACCTGGT-14-s4d8,GARQ,D11,1,40,40,10,0.01661563,CD8+ T
TTGCAACAGAATCTCA-14-s4d8,GARQ,D11,1,40,40,33,0.048201323,CD8+ T
GATTCAATCGCTAAAC-14-s4d8,GARQ,D11,1,40,40,0,0.12468839,Naive CD20+ B
GGTGATTTCTAGCGAT-14-s4d8,GARQ,D11,1,40,40,10,0.0044442415,CD8+ T
TTTCATCAGTTTCCGC-14-s4d8,GARQ,D11,1,40,40,3,0.1418798,B1 B
TAGTTTGAGGGTTAGA-14-s4d8,GARQ,D11,1,40,40,0,0.17455477,Naive CD20+ B
TTATGACCAATAGCAA-14-s4d8,GARQ,D11,1,40,40,12,0.0988698,Proerythroblast
TGTGCACCACCTATAG-14-s4d8,GARQ,D11,1,40,40,10,0.0019681454,CD8+ T
CATAATGTCGCTCCAT-14-s4d8,GARQ,D11,1,40,40,10,0.0134317875,CD8+ T
CGTTAAATCGCAATCG-14-s4d8,GARQ,D11,1,40,40,16,0.040074468,Naive CD20+ B
GCTCATTGTTGTTCAC-14-s4d8,GARQ,D11,1,40,40,30,0.11546731,Erythroblast
GATCCGTCAATCCTGA-14-s4d8,GARQ,D11,1,40,40,30,0.29492033,Proerythroblast
AGGTACGCAGGAACCA-14-s4d8,GARQ,D11,1,40,40,0,0.09573239,Transitional B
TACAATGTCAGGAACA-14-s4d8,GARQ,D11,1,40,40,38,0.019774914,CD4+ T activated
ATTAACCCAGAATGAC-14-s4d8,GARQ,D11,1,40,40,10,0.013306856,CD8+ T
TGAAGTGAGTAGCCAT-14-s4d8,GARQ,D11,1,40,40,34,0.11357063,CD16+ Mono
CCGCTAAAGCACAGAA-14-s4d8,GARQ,D11,1,40,40,30,0.22351253,Proerythroblast
GGTTAATGTTGGTGAC-14-s4d8,GARQ,D11,1,40,40,37,0.018449426,G/M prog
ATATAGGCACCTAAGC-14-s4d8,GARQ,D11,1,40,40,11,0.029314995,CD8+ T
CCATAATCAATCATGT-14-s4d8,GARQ,D11,1,40,40,10,0.0074563026,CD8+ T
CAGGATGCACTAAGAA-14-s4d8,GARQ,D11,1,40,40,10,0.0018334389,CD8+ T
ACTAATCCATCTAGCA-14-s4d8,GARQ,D11,1,40,40,10,0.008349299,CD8+ T
AGAGATTAGCTAATCA-14-s4d8,GARQ,D11,1,40,40,10,0.01243937,CD8+ T
GGATATTGTGCCTCAC-14-s4d8,GARQ,D11,1,40,40,30,0.013460636,Lymph prog
AAGCGTTTCCACCTTA-14-s4d8,GARQ,D11,1,40,40,10,0.009933233,CD8+ T
ACCAGCTCATCAGCAC-14-s4d8,GARQ,D11,1,40,40,38,0.16468406,CD4+ T activated
CCCAATTGTCTCAGCC-14-s4d8,GARQ,D11,1,40,40,30,0.24992865,Proerythroblast
AAAGCCGCAAGGACCA-14-s4d8,GARQ,D11,1,40,40,10,0.0028214455,CD8+ T
TTATCCTAGCGATAGA-14-s4d8,GARQ,D11,1,40,40,10,0.009793282,CD8+ T
AGGAGCTAGAGCCGCT-14-s4d8,GARQ,D11,1,40,40,12,0.20648956,Proerythroblast
AGCGGACCAGTCTAAT-14-s4d8,GARQ,D11,1,40,40,0,0.06069821,Lymph prog
ACTTACTTCCATCAGG-14-s4d8,GARQ,D11,1,40,40,12,0.35061812,Erythroblast
TAATCACCAACTAACT-14-s4d8,GARQ,D11,1,40,40,10,0.0204705,CD8+ T
GTGCCTTTCTCACACC-14-s4d8,GARQ,D11,1,40,40,10,0.017354012,CD8+ T
ATTACCGCATTATCCC-14-s4d8,GARQ,D11,1,40,40,0,0.14667803,Naive CD20+ B
ACCAAACTCTCAATTC-14-s4d8,GARQ,D11,1,40,40,12,0.3097093,HSC
TATTAGGTCCTTGCGT-14-s4d8,GARQ,D11,1,40,40,10,0.022363424,CD8+ T
CTAGCTGAGCCTGTTC-14-s4d8,GARQ,D11,1,40,40,30,0.15789509,MK/E prog
GTGTTCCTCCTTCGTA-14-s4d8,GARQ,D11,1,40,40,10,0.017863631,CD8+ T
GCTAGCCAGGCAGGTG-14-s4d8,GARQ,D11,1,40,40,11,0.114839554,CD8+ T
GGACCGAAGGTAAGCA-14-s4d8,GARQ,D11,1,40,40,29,0.0066252947,CD8+ T
TCTCAAGCACATAGCC-14-s4d8,GARQ,D11,1,40,40,12,0.05099249,Proerythroblast
TTAAAGGCAAGCTAAA-14-s4d8,GARQ,D11,1,40,40,10,0.011796951,CD8+ T
CGTATTGCAAGGTACG-14-s4d8,GARQ,D11,1,40,40,10,0.01854515,CD8+ T
CAATATGTCTTGTCTG-14-s4d8,GARQ,D11,1,40,40,32,0.18733382,CD16+ Mono
AGGGCCTTCACCAATA-14-s4d8,GARQ,D11,1,40,40,11,0.009163082,CD8+ T
GTGTGCGGTTGTGATG-14-s4d8,GARQ,D11,1,40,40,29,0.022988379,CD4+ T activated
CAGGATGCATCACAGC-14-s4d8,GARQ,D11,1,40,40,19,0.012604296,CD4+ T naive
CCAATATCATTAAACC-14-s4d8,GARQ,D11,1,40,40,16,0.04288006,Naive CD20+ B
ATTCACTTCACAGGAA-14-s4d8,GARQ,D11,1,40,40,10,0.01689899,CD8+ T
CTTAGTTTCCCGTTAC-14-s4d8,GARQ,D11,1,40,40,20,0.06920266,Lymph prog
TTGGGTTAGCCAGGTC-14-s4d8,GARQ,D11,1,40,40,12,0.10185182,Proerythroblast
ACCAGCTCACGGTTTA-14-s4d8,GARQ,D11,1,40,40,37,0.03648275,cDC2
CCATAAATCTCAATGA-14-s4d8,GARQ,D11,1,40,40,10,0.015025377,CD8+ T
GAACGAATCGATTCTT-14-s4d8,GARQ,D11,1,40,40,10,0.0251472,CD8+ T
AGGCGGATCTATGACA-14-s4d8,GARQ,D11,1,40,40,29,0.020740986,CD4+ T naive
GGTTCTTGTTTGGGTA-14-s4d8,GARQ,D11,1,40,40,10,0.004366517,CD8+ T
GACCTTTGTAACAGGG-14-s4d8,GARQ,D11,1,40,40,3,0.103567064,Naive CD20+ B
TAGGTTGGTTCCGGGA-14-s4d8,GARQ,D11,1,40,40,11,0.028014183,CD4+ T activated
CATCATGCACAACAAA-14-s4d8,GARQ,D11,1,40,40,10,0.008285165,CD8+ T
TTTGCATTCGGTTCCT-14-s4d8,GARQ,D11,1,40,40,33,0.031505704,CD8+ T
CTACTTAGTTAGAGCC-14-s4d8,GARQ,D11,1,40,40,10,0.014324784,CD4+ T activated
TTTGTTGGTCAATACG-14-s4d8,GARQ,D11,1,40,40,10,0.009197712,CD8+ T
GAGCTGCTCTCACATT-14-s4d8,GARQ,D11,1,40,40,12,0.32862067,Proerythroblast
TTCGGTACAGTTTCTC-14-s4d8,GARQ,D11,1,40,40,10,0.0048322678,CD4+ T activated
CTTGGACCAAGTCGCT-14-s4d8,GARQ,D11,1,40,40,16,0.07530862,Naive CD20+ B
GGGTTTGTCCTAAGAC-14-s4d8,GARQ,D11,1,40,40,37,0.11260933,cDC2
CATGCGCAGAGGGACT-14-s4d8,GARQ,D11,1,40,40,5,0.012426674,Lymph prog
ACCCGTAAGAAGGTGC-14-s4d8,GARQ,D11,1,40,40,10,0.012732506,CD8+ T
TTATTGCTCATTGCAA-14-s4d8,GARQ,D11,1,40,40,10,0.010052919,CD8+ T
AAGTAGCCATCATGTG-14-s4d8,GARQ,D11,1,40,40,31,0.0037118196,Naive CD20+ B
GGCTAGACAGGGAGCT-14-s4d8,GARQ,D11,1,40,40,10,0.011132598,CD8+ T
TGCTCAACAAACCTAT-14-s4d8,GARQ,D11,1,40,40,25,0.03627181,CD8+ T
GTGCACGGTAAGCACC-14-s4d8,GARQ,D11,1,40,40,38,0.024975717,Lymph prog
TCGTGCTTCGTCCTTA-14-s4d8,GARQ,D11,1,40,40,11,0.04643172,CD8+ T
ATTTAGGTCCCTGACT-14-s4d8,GARQ,D11,1,40,40,10,0.011690378,CD8+ T
AATTGTGTCCAGGTCA-14-s4d8,GARQ,D11,1,40,40,11,0.05564773,CD8+ T
TGCTTAAAGTAACGGA-14-s4d8,GARQ,D11,1,40,40,10,0.009564221,CD8+ T
TTGCGTCTCATGGTGT-14-s4d8,GARQ,D11,1,40,40,10,0.00980854,CD4+ T activated
CCATAGCCATCATGTG-14-s4d8,GARQ,D11,1,40,40,30,0.10560095,Proerythroblast
GTGAATCTCACCTGTC-14-s4d8,GARQ,D11,1,40,40,12,0.17264533,Proerythroblast
CATCACACACAGACTC-14-s4d8,GARQ,D11,1,40,40,29,0.07490611,CD8+ T
GGGTGTTGTCGCAAAC-14-s4d8,GARQ,D11,1,40,40,11,0.10794091,CD8+ T
GAGGTACAGAAGCTAG-14-s4d8,GARQ,D11,1,40,40,30,0.09221947,Proerythroblast
GGGTTTGTCAAGCCTG-14-s4d8,GARQ,D11,1,40,40,10,0.005842805,Naive CD20+ B
CGGACAACATGTTGTG-14-s4d8,GARQ,D11,1,40,40,10,0.0031725168,NK
CCAAACCCAGTAGCCT-14-s4d8,GARQ,D11,1,40,40,33,0.13919604,CD4+ T naive
CCTTAACGTGGCTTCC-14-s4d8,GARQ,D11,1,40,40,16,0.18394256,B1 B
CCTTCGTAGCATGGTT-14-s4d8,GARQ,D11,1,40,40,9,0.053438663,CD8+ T
CTTACTAGTTTGAGCA-14-s4d8,GARQ,D11,1,40,40,12,0.40898925,Proerythroblast
AGCTTAATCTTGACCC-14-s4d8,GARQ,D11,1,40,40,0,0.25276136,Transitional B
CGAACCGGTTAGCATG-14-s4d8,GARQ,D11,1,40,40,29,0.14101958,CD8+ T
AGTGCGGAGTTTCCGC-14-s4d8,GARQ,D11,1,40,40,10,0.00940752,CD8+ T
CGTTAAATCCCTCACG-14-s4d8,GARQ,D11,1,40,40,8,0.00058066845,NK
CAATATGTCCTCAGCT-14-s4d8,GARQ,D11,1,40,40,10,0.009932518,NK
CAGTACCCAATATACC-14-s4d8,GARQ,D11,1,40,40,10,0.032451868,CD8+ T
AAGGTCAAGCAGGTTT-14-s4d8,GARQ,D11,1,40,40,33,0.0033072233,CD8+ T
TCATTGTTCCGTAAAC-14-s4d8,GARQ,D11,1,40,40,10,0.012052774,CD8+ T
CCTATTGTCTTGTTCG-14-s4d8,GARQ,D11,1,40,40,37,0.05441338,CD16+ Mono
CCTATAGCAGGTTCAC-14-s4d8,GARQ,D11,1,40,40,12,0.37558544,Proerythroblast
CCCAAACCACCTAATG-14-s4d8,GARQ,D11,1,40,40,10,0.004225254,NK
GTGCGGTTCGTTAACA-14-s4d8,GARQ,D11,1,40,40,10,0.014359951,CD8+ T
ACCCTGTTCCTAAGGT-14-s4d8,GARQ,D11,1,40,40,10,0.010912776,CD8+ T
GATCGAGCAGCAAGAT-14-s4d8,GARQ,D11,1,40,40,30,0.15907669,Proerythroblast
CCACACAAGAGAGGCT-14-s4d8,GARQ,D11,1,40,40,12,0.051328182,Proerythroblast
TGCGGTTCAAACCTTG-14-s4d8,GARQ,D11,1,40,40,3,0.05656916,Transitional B
GCCGTGAGTTGCGCGA-14-s4d8,GARQ,D11,1,40,40,10,0.0113630295,CD8+ T
CCCGTTGTCCTTGCGT-14-s4d8,GARQ,D11,1,40,40,30,0.034377575,Proerythroblast
AATTGCCAGTTTGCGG-14-s4d8,GARQ,D11,1,40,40,10,0.015978813,CD8+ T
TTCAGGTAGGTTTACA-14-s4d8,GARQ,D11,1,40,40,29,0.11783743,CD4+ T naive
CACCTGTTCCCTCACG-14-s4d8,GARQ,D11,1,40,40,3,0.11933029,Transitional B
GGCGGTAAGGTTAGAG-14-s4d8,GARQ,D11,1,40,40,30,0.10602486,Proerythroblast
CAGCCTAAGCCTGGTA-14-s4d8,GARQ,D11,1,40,40,33,0.06706643,CD8+ T
GCTTGACCACAAACTT-14-s4d8,GARQ,D11,1,40,40,9,0.0061234236,Naive CD20+ B
TTTATGGAGGCTAATC-14-s4d8,GARQ,D11,1,40,40,13,0.01595372,CD4+ T naive
GAGAACCAGGCTTAGT-14-s4d8,GARQ,D11,1,40,40,5,0.20924628,Plasma cell
AGTAATGCAGGATAAC-14-s4d8,GARQ,D11,1,40,40,10,0.019178152,CD8+ T
AATTACCCATTGCGTA-14-s4d8,GARQ,D11,1,40,40,19,0.023154974,CD4+ T activated
AAGCTAGAGGCGCTAC-14-s4d8,GARQ,D11,1,40,40,10,0.016258955,CD8+ T
TGGATTGGTATTGTCC-14-s4d8,GARQ,D11,1,40,40,0,0.16726339,Transitional B
CTAAAGCTCCAGGTTG-14-s4d8,GARQ,D11,1,40,40,29,0.008010864,CD8+ T
CAACAGGCATCGTTCT-14-s4d8,GARQ,D11,1,40,40,33,0.002772808,CD4+ T activated
GTAGGCGAGGTGTCCA-14-s4d8,GARQ,D11,1,40,40,10,0.011872172,CD8+ T
AGGGCCTTCTCAATTC-14-s4d8,GARQ,D11,1,40,40,10,0.0062611103,CD8+ T
AAGTAGCCATCATGGC-14-s4d8,GARQ,D11,1,40,40,29,0.1837089,CD8+ T
CGGGACAAGAGAAGGG-14-s4d8,GARQ,D11,1,40,40,3,0.04793614,Naive CD20+ B
CTTGAATCAGCACGTT-14-s4d8,GARQ,D11,1,40,40,16,0.029977262,B1 B
GGTTAGCGTTCCGCAC-14-s4d8,GARQ,D11,1,40,40,10,0.01044476,CD8+ T
ACATTAGTCTAGCGTG-14-s4d8,GARQ,D11,1,40,40,12,0.3436523,Normoblast
CTATGAGGTTAGTACG-14-s4d8,GARQ,D11,1,40,40,33,0.026592255,CD8+ T
ATGAAGCCAGTCTAAT-14-s4d8,GARQ,D11,1,40,40,16,0.012499213,Naive CD20+ B
TCCCGGACATAGCAGG-14-s4d8,GARQ,D11,1,40,40,12,0.38375044,Erythroblast
ACCTAAATCGATTCTT-14-s4d8,GARQ,D11,1,40,40,10,0.009610891,NK
GACAATACAAGCTAAA-14-s4d8,GARQ,D11,1,40,40,25,0.09055436,CD8+ T
TATTGACCAGGTTAAA-14-s4d8,GARQ,D11,1,40,40,3,0.25245333,B1 B
GGAACGGTCATGTGGT-14-s4d8,GARQ,D11,1,40,40,11,0.08203244,CD8+ T
CGCACCACATGGTTAT-14-s4d8,GARQ,D11,1,40,40,10,0.012298703,CD8+ T
TGTGGCCAGCTTTGGG-14-s4d8,GARQ,D11,1,40,40,17,0.082057595,Lymph prog
CTCATTTAGGCAGGTG-14-s4d8,GARQ,D11,1,40,40,10,0.020843029,CD8+ T
GCGATATTCCTTGAGG-14-s4d8,GARQ,D11,1,40,40,33,0.18208265,CD8+ T
CTTGCTCAGGAACCGG-14-s4d8,GARQ,D11,1,40,40,16,0.08958322,G/M prog
AAACGCGCATTCAGCA-14-s4d8,GARQ,D11,1,40,40,11,0.047590017,CD8+ T
TCTCAAGCAGGCAAGC-14-s4d8,GARQ,D11,1,40,40,10,0.009798169,CD8+ T
CTGCAATAGGCCTGGT-14-s4d8,GARQ,D11,1,40,40,10,0.0041438937,NK
TGGACAAAGGGTTAGA-14-s4d8,GARQ,D11,1,40,40,16,0.073039055,Transitional B
CAGCCTAAGGATCACT-14-s4d8,GARQ,D11,1,40,40,12,0.44383192,Proerythroblast
GATGGCTGTTCACCAT-14-s4d8,GARQ,D11,1,40,40,30,0.1926828,Proerythroblast
GTAAGCGCAGCTCATA-14-s4d8,GARQ,D11,1,40,40,12,0.3108554,Normoblast
ATGACTCAGGACCTCA-14-s4d8,GARQ,D11,1,40,40,10,0.024653912,CD8+ T
CGGGTCTAGTGAGGGT-14-s4d8,GARQ,D11,1,40,40,10,0.008540511,NK
TAAGGCTTCATGACCG-14-s4d8,GARQ,D11,1,40,40,10,0.009728432,CD8+ T
CCTTTAGTCCAACTGG-14-s4d8,GARQ,D11,1,40,40,31,0.07827738,CD8+ T
AGCTATATCTGTGAGT-14-s4d8,GARQ,D11,1,40,40,31,0.03468603,Naive CD20+ B
GCTCCTTAGGAACGCG-14-s4d8,GARQ,D11,1,40,40,11,0.084462404,CD8+ T
CCGCTAAAGGCCAATT-14-s4d8,GARQ,D11,1,40,40,0,0.151622,Naive CD20+ B
CAGGTGGAGACAACGA-14-s4d8,GARQ,D11,1,40,40,10,0.0058965683,CD8+ T
CATTATGAGAACCTGT-14-s4d8,GARQ,D11,1,40,40,12,0.23794794,Transitional B
GAGGTACAGTTATCCT-14-s4d8,GARQ,D11,1,40,40,0,0.038657308,Naive CD20+ B
TGGCCTTTCGGGACTC-14-s4d8,GARQ,D11,1,40,40,10,0.007181525,CD8+ T
CGCTAACCATTGCGAC-14-s4d8,GARQ,D11,1,40,40,10,0.032212496,CD8+ T
ATCTATGAGGCGCTAC-14-s4d8,GARQ,D11,1,40,40,30,0.20479715,Proerythroblast
AGGAAACGTGGATTAT-14-s4d8,GARQ,D11,1,40,40,12,0.24177575,Proerythroblast
CCAATATCAGGCTTGT-14-s4d8,GARQ,D11,1,40,40,12,0.3477552,Proerythroblast
TTCCCACAGACAGGTA-14-s4d8,GARQ,D11,1,40,40,11,0.0024644136,NK
CATTATGAGGCTTAAC-14-s4d8,GARQ,D11,1,40,40,10,0.022978187,CD8+ T
CTAGCTGAGCTGTACG-14-s4d8,GARQ,D11,1,40,40,10,0.008358598,CD8+ T
AAGGTGCAGGTGAAAT-14-s4d8,GARQ,D11,1,40,40,3,0.09010047,Lymph prog
CGGTTGGGTTGTCATC-14-s4d8,GARQ,D11,1,40,40,0,0.22347474,Transitional B
GGTAACTTCCTAGTTT-14-s4d8,GARQ,D11,1,40,40,11,0.002081573,CD8+ T
AAGACCAAGCTTTGTT-14-s4d8,GARQ,D11,1,40,40,33,0.01832354,CD8+ T
AACTAGCTCCCATAGG-14-s4d8,GARQ,D11,1,40,40,0,0.016776621,B1 B
GGTGTGACATCCTAGA-14-s4d8,GARQ,D11,1,40,40,6,0.048775017,Naive CD20+ B
CTGGCTAAGTTTGGTA-14-s4d8,GARQ,D11,1,40,40,12,0.09303522,Proerythroblast
GACCTAGTCCTACCTA-14-s4d8,GARQ,D11,1,40,40,0,0.08044106,B1 B
GAACCTTAGGTCTTGG-14-s4d8,GARQ,D11,1,40,40,0,0.06954944,Naive CD20+ B
ATTCCTCCAGGAACTG-14-s4d8,GARQ,D11,1,40,40,16,0.16301513,Transitional B
GCCTATTGTTACGCGG-14-s4d8,GARQ,D11,1,40,40,38,0.041092694,B1 B
CAATGTGGTTACAAAC-14-s4d8,GARQ,D11,1,40,40,29,0.061882675,CD4+ T naive
CTGTGTGAGTCAGTAC-14-s4d8,GARQ,D11,1,40,40,6,0.007958412,CD8+ T
GTCTAGCCAGCTACGT-14-s4d8,GARQ,D11,1,40,40,10,0.020068169,CD8+ T
TAAGCTATCCACCTTA-14-s4d8,GARQ,D11,1,40,40,10,0.014833689,CD8+ T
TGGCGGTTCCGGAACC-14-s4d8,GARQ,D11,1,40,40,10,0.016151547,CD8+ T
CCAGACTCAAGTCGCT-14-s4d8,GARQ,D11,1,40,40,38,0.09922463,Naive CD20+ B
CTTGTTCCATTAGCGC-14-s4d8,GARQ,D11,1,40,40,12,0.47371495,Erythroblast
CTAATGTCATGGTTAT-14-s4d8,GARQ,D11,1,40,40,13,0.10678965,B1 B
CCCTCATAGCCTGAGC-14-s4d8,GARQ,D11,1,40,40,16,0.116315484,Naive CD20+ B
AGGATGTCACTCGCTC-14-s4d8,GARQ,D11,1,40,40,33,0.05498445,CD8+ T
CCACAGGGTCAACAAT-14-s4d8,GARQ,D11,1,40,40,10,0.013097525,CD8+ T
ATTGTCCGTTTGGGTA-14-s4d8,GARQ,D11,1,40,40,16,0.0014893413,Lymph prog
TCATACTTCCATAATG-14-s4d8,GARQ,D11,1,40,40,0,0.04035282,Transitional B
CGTAATGGTTGGCCGA-14-s4d8,GARQ,D11,1,40,40,11,0.11581528,CD8+ T
TTCGTTAGTGGTTAGC-14-s4d8,GARQ,D11,1,40,40,0,0.013695359,Transitional B
CCTGAGTCATAAAGCA-14-s4d8,GARQ,D11,1,40,40,20,0.09683564,HSC
CAGGACACACCGGCTA-14-s4d8,GARQ,D11,1,40,40,10,0.015074611,CD8+ T
AGGCAATCAGTTTCTC-14-s4d8,GARQ,D11,1,40,40,0,0.08337331,Naive CD20+ B
ACGACTTAGAGGCTAA-14-s4d8,GARQ,D11,1,40,40,11,0.029792666,CD8+ T
TGAGTGAAGCAGGCCT-14-s4d8,GARQ,D11,1,40,40,33,0.047697306,CD8+ T
TTGCACACATTAGGTT-14-s4d8,GARQ,D11,1,40,40,10,0.012901068,CD8+ T
TGAGGGAGTGCTCACC-14-s4d8,GARQ,D11,1,40,40,29,0.13105357,CD4+ T activated
GCATATATCACCTGCT-14-s4d8,GARQ,D11,1,40,40,10,0.004961133,CD8+ T
CGCTTCTAGAGGGACT-14-s4d8,GARQ,D11,1,40,40,10,0.013141036,CD8+ T
GAAAGCCAGCTGTACG-14-s4d8,GARQ,D11,1,40,40,11,0.056957483,CD8+ T
GTGAGCGAGGGCCATC-14-s4d8,GARQ,D11,1,40,40,10,0.009606957,CD8+ T
GCCAATAGTTGCGGAT-14-s4d8,GARQ,D11,1,40,40,10,0.008906722,CD8+ T
GCCAGGTTCTTGGACG-14-s4d8,GARQ,D11,1,40,40,10,0.011828184,CD8+ T
AACTGTTCAAACTCAT-14-s4d8,GARQ,D11,1,40,40,10,0.009149313,CD8+ T
TTAGCGGTCATAACGC-14-s4d8,GARQ,D11,1,40,40,3,0.016166925,Lymph prog
CCTTCAATCAAAGGCA-14-s4d8,GARQ,D11,1,40,40,10,0.0054934025,CD4+ T activated
GAGAAACGTAAAGCGG-14-s4d8,GARQ,D11,1,40,40,10,0.01105082,NK
CCTAAGGTCTTGCTAT-14-s4d8,GARQ,D11,1,40,40,33,0.036944866,CD4+ T activated
CTTAAGGGTAAGTCGC-14-s4d8,GARQ,D11,1,40,40,10,0.0017768145,CD8+ T
GAAACCCGTAGGATTT-14-s4d8,GARQ,D11,1,40,40,0,0.25375903,Naive CD20+ B
ATTGTGATCACTAGGT-14-s4d8,GARQ,D11,1,40,40,10,0.014186025,CD8+ T
GTTAAGCTCCGCACAA-14-s4d8,GARQ,D11,1,40,40,11,0.0016160607,NK
CACCTCAGTTAGACCA-14-s4d8,GARQ,D11,1,40,40,0,0.19949794,Transitional B
AATCATCCATTAAGCT-14-s4d8,GARQ,D11,1,40,40,10,0.0144433975,CD8+ T
TCATACTTCTCACACC-14-s4d8,GARQ,D11,1,40,40,12,0.0031552315,Erythroblast
AAGCAAGTCTTGCAGG-14-s4d8,GARQ,D11,1,40,40,27,0.0040519238,B1 B
TTCCTTGAGATTCCTT-14-s4d8,GARQ,D11,1,40,40,12,0.050697327,Proerythroblast
ACGCCTAAGAGGAAGG-14-s4d8,GARQ,D11,1,40,40,33,0.2179656,CD8+ T
ATAGCATGTTGGATAT-14-s4d8,GARQ,D11,1,40,40,10,0.005561471,CD8+ T
CTTGCTCAGCAGCTAT-14-s4d8,GARQ,D11,1,40,40,3,0.13766092,B1 B
TTGTGCCTCCTTAGGG-14-s4d8,GARQ,D11,1,40,40,3,0.085232735,B1 B
CCCAGTTTCCGGAACC-14-s4d8,GARQ,D11,1,40,40,10,0.020468354,CD8+ T
ACGAGTAAGAACCTAC-14-s4d8,GARQ,D11,1,40,40,10,0.0048428774,CD8+ T
ATCGAGGCAATATACC-14-s4d8,GARQ,D11,1,40,40,24,0.029584706,CD8+ T
CTATTCAGTGTGCAAC-14-s4d8,GARQ,D11,1,40,40,0,0.045565784,Naive CD20+ B
AGACCCGGTGTCACGG-14-s4d8,GARQ,D11,1,40,40,37,0.17851287,CD14+ Mono
TCAGGTTAGGACCAGG-14-s4d8,GARQ,D11,1,40,40,16,0.24903756,Transitional B
AGGCTAGCAGGTCCTG-14-s4d8,GARQ,D11,1,40,40,12,0.344164,Proerythroblast
CTCACACTCATGCTAA-14-s4d8,GARQ,D11,1,40,40,4,0.049733996,CD8+ T
CCGGTTAAGGCTACAT-14-s4d8,GARQ,D11,1,40,40,12,0.027147174,Normoblast
CTAGTAGGTCATGCAA-14-s4d8,GARQ,D11,1,40,40,33,0.055041254,CD16+ Mono
CCAGCTGCATAAGTCT-14-s4d8,GARQ,D11,1,40,40,0,0.0041964054,B1 B
TGTGCTGAGGAACCAA-14-s4d8,GARQ,D11,1,40,40,3,0.15621573,B1 B
CAGCATGTCCTAGTCC-14-s4d8,GARQ,D11,1,40,40,29,0.082636,CD4+ T activated
TGTCAATCAGGACCTT-14-s4d8,GARQ,D11,1,40,40,29,0.0025484562,CD8+ T
TCAGCGATCGAGCTAT-14-s4d8,GARQ,D11,1,40,40,34,0.02769956,Lymph prog
CAATAGCTCGCAACAT-14-s4d8,GARQ,D11,1,40,40,10,0.004722357,CD8+ T
ACATTGCAGCTTGCTC-14-s4d8,GARQ,D11,1,40,40,29,0.0024719238,CD4+ T activated
TTTCCTGAGTTGCGTG-14-s4d8,GARQ,D11,1,40,40,10,0.008794785,CD8+ T
ATCACTAAGCGGTTAT-14-s4d8,GARQ,D11,1,40,40,16,0.06974709,Naive CD20+ B
TAGTAGGAGCGATAGA-14-s4d8,GARQ,D11,1,40,40,0,0.11369842,Naive CD20+ B
ATCCTGACAATTAACC-14-s4d8,GARQ,D11,1,40,40,10,0.021609068,CD8+ T
TTAAGTGTCCGGTTGA-14-s4d8,GARQ,D11,1,40,40,10,0.021038055,CD8+ T
GATGGCTGTATTGGTG-14-s4d8,GARQ,D11,1,40,40,37,0.23107067,G/M prog
AACAGATAGCCGCAGT-14-s4d8,GARQ,D11,1,40,40,12,0.5377557,Proerythroblast
TAGCCTTGTTAAATGC-14-s4d8,GARQ,D11,1,40,40,10,0.023095608,CD4+ T activated
GCCGTGAGTTAGGATT-14-s4d8,GARQ,D11,1,40,40,10,0.009436846,CD8+ T
ATAACGACATTTGCTC-14-s4d8,GARQ,D11,1,40,40,10,0.019183159,CD8+ T
ATGAAGTAGACAAACG-14-s4d8,GARQ,D11,1,40,40,12,0.26185822,MK/E prog
GAGTTACTCTCAATGA-14-s4d8,GARQ,D11,1,40,40,10,0.0030369759,CD4+ T activated
CGTAATGGTTCGGTAA-14-s4d8,GARQ,D11,1,40,40,10,0.004346609,NK
TTAAAGGCAACACTTG-14-s4d8,GARQ,D11,1,40,40,10,0.010049105,CD8+ T
CCGATGCAGCAGGCCT-14-s4d8,GARQ,D11,1,40,40,33,0.1478734,CD8+ T
TACGGTTAGCATGCAT-14-s4d8,GARQ,D11,1,40,40,10,0.005157113,NK
CCTAAGGTCCTCCTAA-14-s4d8,GARQ,D11,1,40,40,12,0.500704,Proerythroblast
ACCCAACCACAGACTC-14-s4d8,GARQ,D11,1,40,40,25,0.039219975,CD8+ T
AGCTTCCTCCTTCAAT-14-s4d8,GARQ,D11,1,40,40,10,0.0017103553,CD8+ T
TCTTCAAGTTGGTGAC-14-s4d8,GARQ,D11,1,40,40,31,0.1247527,Naive CD20+ B
AACATCATCGATTCTT-14-s4d8,GARQ,D11,1,40,40,10,0.016693592,CD8+ T
TAACAAGCAGTTTACG-14-s4d8,GARQ,D11,1,40,40,0,0.13879865,Naive CD20+ B
TTTAAGGTCCCGAAGC-14-s4d8,GARQ,D11,1,40,40,12,0.26599526,Proerythroblast
GCTCCTTAGTAACGAG-14-s4d8,GARQ,D11,1,40,40,20,0.02546379,Lymph prog
CTCGACAAGGCAAGTA-14-s4d8,GARQ,D11,1,40,40,12,0.18763733,Normoblast
ATTCGTTTCCAACTGG-14-s4d8,GARQ,D11,1,40,40,12,0.4320613,CD4+ T activated
AACCCGCAGTCACTCC-14-s4d8,GARQ,D11,1,40,40,34,0.069836676,B1 B
TTTACGAAGGCTAATC-14-s4d8,GARQ,D11,1,40,40,11,0.077492476,CD8+ T
CAGGCTATCCAAACAC-14-s4d8,GARQ,D11,1,40,40,10,0.016200066,CD8+ T
CGAGCGAAGGATAAAC-14-s4d8,GARQ,D11,1,40,40,10,0.018299818,CD8+ T
ATGACCAGTACCCACC-14-s4d8,GARQ,D11,1,40,40,38,0.099350154,B1 B
ATGTAACGTCCTTAGT-14-s4d8,GARQ,D11,1,40,40,20,0.034216523,cDC2
AGTTTGATCAGGGCCT-14-s4d8,GARQ,D11,1,40,40,10,0.009797096,CD4+ T activated
CGTAGTTAGGCGCTTA-14-s4d8,GARQ,D11,1,40,40,16,0.047537446,Naive CD20+ B
AGTTACTCACAACAAA-14-s4d8,GARQ,D11,1,40,40,12,0.31887817,Erythroblast
GCTGTACCATGTGGGA-14-s4d8,GARQ,D11,1,40,40,11,0.26024556,CD8+ T
AGTTTGCAGCGAGTAA-14-s4d8,GARQ,D11,1,40,40,10,0.010219097,CD8+ T
CGGTTCCGTTCGCTCA-14-s4d8,GARQ,D11,1,40,40,25,0.12196112,CD8+ T
AGGAACGGTTGGTTCT-14-s4d8,GARQ,D11,1,40,40,21,0.036545932,Proerythroblast
CTAAGGTTCTTGGATA-14-s4d8,GARQ,D11,1,40,40,4,0.10742128,CD4+ T activated
TTACAGCAGAATCTCA-14-s4d8,GARQ,D11,1,40,40,38,0.29577827,CD4+ T naive
TAGGTGCGTCAGTAAT-14-s4d8,GARQ,D11,1,40,40,12,0.25494826,Erythroblast
TGCACCTTCCTGAATA-14-s4d8,GARQ,D11,1,40,40,11,0.11833155,CD8+ T
GAGTTGCGTTGCATCT-14-s4d8,GARQ,D11,1,40,40,35,0.008627713,MK/E prog
TTATGCGCAAGGCCAA-14-s4d8,GARQ,D11,1,40,40,16,0.0019366741,Transitional B
GCTCACAAGGTTACGT-14-s4d8,GARQ,D11,1,40,40,10,0.015801907,CD8+ T
CGGCTCACAATCCTGA-14-s4d8,GARQ,D11,1,40,40,12,0.36917508,Proerythroblast
GTACTTCGTGCTTAGA-14-s4d8,GARQ,D11,1,40,40,12,0.25085247,Proerythroblast
TTAGGCCCAGGCTAAG-14-s4d8,GARQ,D11,1,40,40,29,0.013410628,CD8+ T
TCCCGTTAGTCTATGA-14-s4d8,GARQ,D11,1,40,40,12,0.30394566,Erythroblast
AATGTCCAGCACTTGG-14-s4d8,GARQ,D11,1,40,40,11,0.076961875,CD8+ T
CCCTGTTAGGACCTGC-14-s4d8,GARQ,D11,1,40,40,11,0.054366708,CD8+ T
CCCTGGACAATGAGGT-14-s4d8,GARQ,D11,1,40,40,10,0.019401312,NK
CTTATGTTCAAGCTTA-14-s4d8,GARQ,D11,1,40,40,10,0.02444601,CD8+ T
AGTGATGAGCTACTGG-14-s4d8,GARQ,D11,1,40,40,0,0.12827101,Lymph prog
AATTTGGTCAAACTCA-14-s4d8,GARQ,D11,1,40,40,4,0.0068763494,CD4+ T naive
GCTAATATCTTAAGTG-14-s4d8,GARQ,D11,1,40,40,11,0.035309076,CD8+ T
ACGAAGTCACTTGTTC-14-s4d8,GARQ,D11,1,40,40,37,0.12099096,HSC
TCGATTAAGGAGGTTA-14-s4d8,GARQ,D11,1,40,40,11,0.028000593,CD8+ T
GCACCTAAGTGGCGGA-14-s4d8,GARQ,D11,1,40,40,2,0.029834032,Lymph prog
GCTAAGAAGGTCCACA-14-s4d8,GARQ,D11,1,40,40,17,0.12906414,cDC2
CGAATCTAGCTATGAC-14-s4d8,GARQ,D11,1,40,40,10,0.010800362,CD8+ T
CGAATATGTAACTACG-14-s4d8,GARQ,D11,1,40,40,10,0.008760095,CD8+ T
GGCTTCAAGTCACGAT-14-s4d8,GARQ,D11,1,40,40,29,0.07502252,CD8+ T
TTACGTTTCCCTGACT-14-s4d8,GARQ,D11,1,40,40,37,0.032151252,B1 B
CTAAATGTCCAGGGAG-14-s4d8,GARQ,D11,1,40,40,30,0.22625303,Proerythroblast
CTGGACCAGTTAGTGC-14-s4d8,GARQ,D11,1,40,40,0,0.20087618,Transitional B
GTGCTTACACAACCTA-14-s4d8,GARQ,D11,1,40,40,3,0.0815599,Naive CD20+ B
GCAGGCAAGCACTTGG-14-s4d8,GARQ,D11,1,40,40,0,0.005245626,Lymph prog
TCCGGTAAGTAGCCAT-14-s4d8,GARQ,D11,1,40,40,11,0.0890131,CD8+ T
GACCTAAGTTCAAGCA-14-s4d8,GARQ,D11,1,40,40,12,0.23080748,MK/E prog
AGTTGCAGTTATCCGT-14-s4d8,GARQ,D11,1,40,40,16,0.06374872,Transitional B
ATCACCCTCCATAATG-14-s4d8,GARQ,D11,1,40,40,25,0.102767885,CD8+ T
TATTCGTTCCAGGTTG-14-s4d8,GARQ,D11,1,40,40,6,0.10756707,Transitional B
CTTGCATGTCAAGTGC-14-s4d8,GARQ,D11,1,40,40,10,0.009554505,CD4+ T activated
GTCCTCAGTCTCAGCC-14-s4d8,GARQ,D11,1,40,40,3,0.0072082877,Naive CD20+ B
ACAGTATGTCCACAAA-14-s4d8,GARQ,D11,1,40,40,0,0.0736444,Transitional B
GTATTCAAGCTCGCTT-14-s4d8,GARQ,D11,1,40,40,12,0.26745188,MK/E prog
ATTATCCTCCAGGTTG-14-s4d8,GARQ,D11,1,40,40,0,0.070620954,Transitional B
GATGAGGGTCAAGTAT-14-s4d8,GARQ,D11,1,40,40,10,0.0136374235,CD8+ T
ACGCCACAGGTTACGT-14-s4d8,GARQ,D11,1,40,40,19,0.07792169,Naive CD20+ B
TCTTTGTAGCTATGAC-14-s4d8,GARQ,D11,1,40,40,33,0.07268107,CD8+ T
TCCTTGCAGCAACATC-14-s4d8,GARQ,D11,1,40,40,10,0.015542507,CD8+ T
TAATGGTGTACCAGGT-14-s4d8,GARQ,D11,1,40,40,33,0.039061546,CD8+ T
AACATAGCACAACAAA-14-s4d8,GARQ,D11,1,40,40,38,0.24351698,CD4+ T activated
CTAGCTTGTCACGGAT-14-s4d8,GARQ,D11,1,40,40,29,0.06676912,CD8+ T
CAGTATGGTTCCGGGA-14-s4d8,GARQ,D11,1,40,40,33,0.06606871,CD8+ T
AAGGTCAAGCATTTCT-14-s4d8,GARQ,D11,1,40,40,25,0.06858122,CD8+ T
GGTGAGCCACGGTACT-14-s4d8,GARQ,D11,1,40,40,30,0.0874089,MK/E prog
GCACGCTAGGAGTCTT-14-s4d8,GARQ,D11,1,40,40,30,0.093503416,cDC2
GCAATGAAGCTTTGTT-14-s4d8,GARQ,D11,1,40,40,12,0.21661294,Proerythroblast
AACGACAAGATTCCTT-14-s4d8,GARQ,D11,1,40,40,12,0.15904045,Erythroblast
CACTTTGTCATGTTTC-14-s4d8,GARQ,D11,1,40,40,33,0.10824609,CD4+ T naive
TTCATTCAGGGCCACT-14-s4d8,GARQ,D11,1,40,40,10,0.004447639,CD8+ T
GATAAAGGTGATGGCT-14-s4d8,GARQ,D11,1,40,40,29,0.006223023,CD4+ T activated
CAATGACTCATTTAGG-14-s4d8,GARQ,D11,1,40,40,30,0.026926279,Proerythroblast
TCATCCATCCGGTTGA-14-s4d8,GARQ,D11,1,40,40,10,0.011628389,CD8+ T
ACTCACCTCAAGCCTG-14-s4d8,GARQ,D11,1,40,40,10,0.019747615,CD4+ T activated
GCTTGACCAATATGGA-14-s4d8,GARQ,D11,1,40,40,19,0.052194953,CD4+ T naive
TTGCGAGTCTATTGTC-14-s4d8,GARQ,D11,1,40,40,29,0.08023316,CD4+ T activated
GCCACACAGGAGGACT-14-s4d8,GARQ,D11,1,40,40,10,0.021422625,CD8+ T
ACCAAACTCCCGAAGC-14-s4d8,GARQ,D11,1,40,40,29,0.12733757,CD4+ T activated
GATAAGCCATAGTCAT-14-s4d8,GARQ,D11,1,40,40,12,0.12154353,Normoblast
AGGCTAAAGCTTAGCG-14-s4d8,GARQ,D11,1,40,40,11,0.0020419955,CD8+ T
CCGTTATGTAGCCATA-14-s4d8,GARQ,D11,1,40,40,10,0.008175373,NK
CGATTATCAGGGAGCT-14-s4d8,GARQ,D11,1,40,40,10,0.012755156,NK
CCCGCTTCACTGGCTG-14-s4d8,GARQ,D11,1,40,40,19,0.2118913,CD8+ T
AGTCAGGCAATAGCAA-14-s4d8,GARQ,D11,1,40,40,11,0.082381904,CD8+ T
CCTAATAAGAAAGGAA-14-s4d8,GARQ,D11,1,40,40,33,0.12191653,CD8+ T
AGTCAGGCATGTTTGG-14-s4d8,GARQ,D11,1,40,40,10,0.012625456,CD8+ T
ACTCCTCAGCGTGCAC-14-s4d8,GARQ,D11,1,40,40,29,0.024591088,CD4+ T activated
GATCGAGCATTTGCTC-14-s4d8,GARQ,D11,1,40,40,12,0.019076347,Proerythroblast
ACTAACCAGCGGTTAT-14-s4d8,GARQ,D11,1,40,40,30,0.34617686,Proerythroblast
AATCATGTCCTTAAGA-14-s4d8,GARQ,D11,1,40,40,25,0.055933833,CD4+ T activated
GCGGTTATCGTTCACC-14-s4d8,GARQ,D11,1,40,40,0,0.06675571,Transitional B
GGTATGTTCGCTAGAT-14-s4d8,GARQ,D11,1,40,40,10,0.016381979,CD4+ T activated
TCACGGATCAATTGGC-14-s4d8,GARQ,D11,1,40,40,38,0.046965957,B1 B
TAGTCAATCTAATCCT-14-s4d8,GARQ,D11,1,40,40,0,0.023018658,Transitional B
TGCTGGATCATGCCTC-14-s4d8,GARQ,D11,1,40,40,10,0.003064394,CD8+ T
CATCCCAGTGTCCAGG-14-s4d8,GARQ,D11,1,40,40,11,0.065648556,CD8+ T
TGCTTCATCAGGTTTA-14-s4d8,GARQ,D11,1,40,40,13,0.010475576,Naive CD20+ B
ATATGTCCAGCCGCTA-14-s4d8,GARQ,D11,1,40,40,33,0.013552308,CD8+ T
TATTACCTCCGCAAGC-14-s4d8,GARQ,D11,1,40,40,2,0.08043277,cDC2
ACTGAAACAGTTAGCC-14-s4d8,GARQ,D11,1,40,40,10,0.017418146,CD8+ T
ACTTAGGGTTAGGATT-14-s4d8,GARQ,D11,1,40,40,2,0.14423686,Transitional B
GATTCAATCGTCAAGT-14-s4d8,GARQ,D11,1,40,40,29,0.025021493,CD8+ T
TCCGCCATCAAGTGAG-14-s4d8,GARQ,D11,1,40,40,11,0.05074197,pDC
CAGGATGCAAGTGTTT-14-s4d8,GARQ,D11,1,40,40,10,0.0075216293,CD8+ T
GCAGGATAGGGTCTAT-14-s4d8,GARQ,D11,1,40,40,7,0.015582323,CD4+ T activated
GTCTTTAGTGAGCGAA-14-s4d8,GARQ,D11,1,40,40,11,0.06985271,CD8+ T
GCTAAGAAGCAACATC-14-s4d8,GARQ,D11,1,40,40,30,0.2753108,MK/E prog
ACGCCTAAGGACGTAA-14-s4d8,GARQ,D11,1,40,40,3,0.101490915,Naive CD20+ B
AGCTACGTCGAGGTGG-14-s4d8,GARQ,D11,1,40,40,10,0.0119822025,NK
TGGACCGGTTCTTTAG-14-s4d8,GARQ,D11,1,40,40,11,0.011891127,CD8+ T
TCCCGTTAGGTCAAAG-14-s4d8,GARQ,D11,1,40,40,37,0.17724788,G/M prog
CCTTAGTGTGGCTTCC-14-s4d8,GARQ,D11,1,40,40,10,0.005378127,CD8+ T
TTCAGGTAGGTCTTGG-14-s4d8,GARQ,D11,1,40,40,11,0.30659997,CD8+ T
AGTGCCGGTGATGAGG-14-s4d8,GARQ,D11,1,40,40,30,0.12801433,Proerythroblast
CTTGTCCAGTTAGAGG-14-s4d8,GARQ,D11,1,40,40,11,0.025236547,CD8+ T
AGCTCATAGAATCTCA-14-s4d8,GARQ,D11,1,40,40,33,0.029937387,CD4+ T activated
ATCAAGCTCCTTAAGA-14-s4d8,GARQ,D11,1,40,40,37,0.14557377,cDC2
ATTGAAGCAATAAGCA-14-s4d8,GARQ,D11,1,40,40,0,0.19232762,Naive CD20+ B
TGCTTCATCCCTCAAC-14-s4d8,GARQ,D11,1,40,40,10,0.013392687,CD8+ T
AACCTTGCAGCTACGT-14-s4d8,GARQ,D11,1,40,40,8,0.00024068356,CD8+ T
CTCCTAATCAATAGCC-14-s4d8,GARQ,D11,1,40,40,16,0.025541365,HSC
GATCACTAGCTCATAA-14-s4d8,GARQ,D11,1,40,40,10,0.010604978,CD8+ T
AGCAAGGGTAGGTTGC-14-s4d8,GARQ,D11,1,40,40,33,0.0650146,CD8+ T
GCCACACAGCTCGCTT-14-s4d8,GARQ,D11,1,40,40,12,0.24659562,Erythroblast
AGAACCGCACGTGCTG-14-s4d8,GARQ,D11,1,40,40,10,0.026910543,CD4+ T activated
TACGTTAAGTTTAACG-14-s4d8,GARQ,D11,1,40,40,10,0.01920414,CD8+ T
GCACCTAAGTGAGCGG-14-s4d8,GARQ,D11,1,40,40,12,0.11314428,Erythroblast
TCGTTAAAGAGCCGGA-14-s4d8,GARQ,D11,1,40,40,30,0.12846315,MK/E prog
AGAGGAACATGAAATG-14-s4d8,GARQ,D11,1,40,40,10,0.006989479,CD8+ T
CCCTAATGTTAGCCAA-14-s4d8,GARQ,D11,1,40,40,12,0.17678982,Proerythroblast
TAGTGGCGTGACATAT-14-s4d8,GARQ,D11,1,40,40,10,0.013364315,CD8+ T
GGTCTTGAGCTTTGGG-14-s4d8,GARQ,D11,1,40,40,0,0.059110165,Naive CD20+ B
GGTTAATGTTCCAGGG-14-s4d8,GARQ,D11,1,40,40,3,0.0051284134,Naive CD20+ B
CTGCAATAGGTCGATT-14-s4d8,GARQ,D11,1,40,40,1,0.041303813,CD8+ T
TTGTTCCCACGTGCTG-14-s4d8,GARQ,D11,1,40,40,3,0.1640243,Naive CD20+ B
AAGTTACGTTTGGCTT-14-s4d8,GARQ,D11,1,40,40,10,0.0088015795,CD8+ T
TTCCTTCTCCACCTTA-14-s4d8,GARQ,D11,1,40,40,10,0.011064053,CD8+ T
CGTATTGCAGAAACGT-14-s4d8,GARQ,D11,1,40,40,11,0.04657817,CD8+ T
GCACGAACACATGCTA-14-s4d8,GARQ,D11,1,40,40,10,0.017634273,CD4+ T naive
AGTGCACGTTCCTGTG-14-s4d8,GARQ,D11,1,40,40,10,0.039022923,CD8+ T
GGTTATATCACTTTAC-14-s4d8,GARQ,D11,1,40,40,12,0.513054,Normoblast
TTTCACCCACAAAGGT-14-s4d8,GARQ,D11,1,40,40,11,0.033757567,CD8+ T
CCAGACTCACCTACTT-14-s4d8,GARQ,D11,1,40,40,12,0.29130942,Proerythroblast
CTATTACTCCGCAACA-14-s4d8,GARQ,D11,1,40,40,0,0.12835193,B1 B
AGGCCCAGTACGCGCA-14-s4d8,GARQ,D11,1,40,40,12,0.17622995,Erythroblast
CCGGTAGGTTGTTGCT-14-s4d8,GARQ,D11,1,40,40,12,0.49829662,Proerythroblast
TATATCCTCCCTCTAA-14-s4d8,GARQ,D11,1,40,40,7,0.112096906,CD8+ T
AGCGTGCTCAATGTGC-14-s4d8,GARQ,D11,1,40,40,10,0.0090430975,CD8+ T
AGTTGCAGTTAGGTGC-14-s4d8,GARQ,D11,1,40,40,12,0.21237826,Proerythroblast
GCCACTAAGCTCCTTA-14-s4d8,GARQ,D11,1,40,40,0,0.08795434,Transitional B
TAGGAGTCACAATTAC-14-s4d8,GARQ,D11,1,40,40,33,0.1807723,CD8+ T
GGTTGCTCACGAATCC-14-s4d8,GARQ,D11,1,40,40,29,0.08167982,CD8+ T
CTGCTATGTTCATCTA-14-s4d8,GARQ,D11,1,40,40,25,0.036541402,CD8+ T
GCACGGTTCCGCAAGC-14-s4d8,GARQ,D11,1,40,40,10,0.011936069,CD8+ T
ATCCGTGAGAGGGACT-14-s4d8,GARQ,D11,1,40,40,10,0.006820202,CD8+ T
TCCAGGTCAGCAAGAT-14-s4d8,GARQ,D11,1,40,40,13,0.09015632,Lymph prog
AGTATAGCATCCTGAA-14-s4d8,GARQ,D11,1,40,40,10,0.004163742,CD8+ T
TCACCTCAGTATTGCA-14-s4d8,GARQ,D11,1,40,40,29,0.018212914,CD8+ T
AAGGATTAGTTTGGTA-14-s4d8,GARQ,D11,1,40,40,0,0.1343323,B1 B
TTGCGTCTCTCAATTC-14-s4d8,GARQ,D11,1,40,40,37,0.21642813,G/M prog
GTTCTTAGTTTGGTTC-14-s4d8,GARQ,D11,1,40,40,12,0.24073195,Proerythroblast
TTTACGCGTAGCTAAT-14-s4d8,GARQ,D11,1,40,40,10,0.0019811392,CD8+ T
CCAACCCGTAGGTTGC-14-s4d8,GARQ,D11,1,40,40,12,0.40720832,Proerythroblast
AGTAACGAGCCTAACG-14-s4d8,GARQ,D11,1,40,40,33,0.024673402,CD8+ T
AGCCAGTGTCTAACAG-14-s4d8,GARQ,D11,1,40,40,29,0.08579755,Plasma cell
CTGTTCATCAGGAAGC-14-s4d8,GARQ,D11,1,40,40,7,0.035329103,NK
GCTATCCTCGCTAGCA-14-s4d8,GARQ,D11,1,40,40,0,0.16666704,Naive CD20+ B
ATTAGCTCAGGTTAAA-14-s4d8,GARQ,D11,1,40,40,12,0.4073124,Erythroblast
TGCTAGCCAGCTCATA-14-s4d8,GARQ,D11,1,40,40,39,0.15024078,CD4+ T naive
GCGGTTGGTTGGTTCT-14-s4d8,GARQ,D11,1,40,40,10,0.01284647,CD8+ T
ACCCGCTGTTTAGTCC-14-s4d8,GARQ,D11,1,40,40,31,0.016045094,Naive CD20+ B
TGGCCAATCAAACCGT-14-s4d8,GARQ,D11,1,40,40,7,0.0037836432,CD8+ T
TGCTTCCAGGTTTGAC-14-s4d8,GARQ,D11,1,40,40,29,0.28034395,CD8+ T
CTAAGTCAGGGCTAAA-14-s4d8,GARQ,D11,1,40,40,32,0.11095375,CD16+ Mono
GATTCCTGTCTCAGCC-14-s4d8,GARQ,D11,1,40,40,0,0.03959781,Naive CD20+ B
CATCCTCAGAGGAAGG-14-s4d8,GARQ,D11,1,40,40,10,0.019827604,CD8+ T
AAACCAACAACCTAAT-14-s4d8,GARQ,D11,1,40,40,10,0.024944663,CD8+ T
CAGGAAGGTCCGTGAG-14-s4d8,GARQ,D11,1,40,40,0,0.13673186,Lymph prog
GGCATTGTCTTAGGGT-14-s4d8,GARQ,D11,1,40,40,10,0.00610137,CD8+ T
ATTTGTGAGGTCCAAT-14-s4d8,GARQ,D11,1,40,40,10,0.016646624,CD8+ T
CGGCTAATCAGCAAGA-14-s4d8,GARQ,D11,1,40,40,37,0.2240932,Lymph prog
AAGTCTATCTTAGTCT-14-s4d8,GARQ,D11,1,40,40,2,0.045220017,cDC2
