cell_id,method,dataset,seed,requested_K,realized_K,metacell_id,delta_confidence,cell_type
AATGCATGTTCATCTA-14-s4d8,GARQ,D11,0,40,40,24,0.45863938,Naive CD20+ B
TCAATCGCATCCAGGT-14-s4d8,GARQ,D11,0,40,40,26,0.016133547,MK/E prog
AACCCGCAGCATGTTA-14-s4d8,GARQ,D11,0,40,40,32,0.04674208,CD8+ T
CCCAGCACATAGGCGA-14-s4d8,GARQ,D11,0,40,40,0,0.011243463,CD8+ T
GGGCATTGTGAGACTC-14-s4d8,GARQ,D11,0,40,40,14,0.101116,cDC2
CGTCCTAGTCTATCGT-14-s4d8,GARQ,D11,0,40,40,27,0.044801116,CD8+ T
GTATTCAAGTTACTTC-14-s4d8,GARQ,D11,0,40,40,4,0.28309274,CD8+ T
CAGCATGTCGGTCATG-14-s4d8,GARQ,D11,0,40,40,24,0.18128908,Transitional B
TGCTAACAGTGATTCA-14-s4d8,GARQ,D11,0,40,40,23,0.6939192,Normoblast
GCATTGCCACCGGTAT-14-s4d8,GARQ,D11,0,40,40,17,0.016272783,CD8+ T
GTTCACCTCCTAATTC-14-s4d8,GARQ,D11,0,40,40,27,0.0005697012,NK
TTGTTTGGTTGGATAT-14-s4d8,GARQ,D11,0,40,40,36,0.040358752,CD4+ T naive
CTGGTCAAGGCTAATC-14-s4d8,GARQ,D11,0,40,40,22,0.030358315,CD8+ T
TGTTGTGCACCAGCAT-14-s4d8,GARQ,D11,0,40,40,23,0.515237,Proerythroblast
GTAAAGCCAATTTGGT-14-s4d8,GARQ,D11,0,40,40,24,0.12869155,Naive CD20+ B
GCTGTAAGTCATTGTC-14-s4d8,GARQ,D11,0,40,40,4,0.1502229,CD8+ T
GTCTTTAGTATGTGGC-14-s4d8,GARQ,D11,0,40,40,30,0.016356587,CD8+ T
GTTTCTAGTGTGCAAC-14-s4d8,GARQ,D11,0,40,40,2,0.0422408,CD4+ T activated
GCAAACTTCTTAAGTG-14-s4d8,GARQ,D11,0,40,40,38,0.010750294,NK
CAAACACTCGCACAAT-14-s4d8,GARQ,D11,0,40,40,23,0.5128149,Normoblast
AATTAGGCACTAGGTC-14-s4d8,GARQ,D11,0,40,40,18,0.0076715946,CD8+ T
CAGCTATAGCATTTCT-14-s4d8,GARQ,D11,0,40,40,23,0.347574,Proerythroblast
CTAGGCGGTAGGTTTG-14-s4d8,GARQ,D11,0,40,40,23,0.106075525,Proerythroblast
GTACACCCACAAAGCG-14-s4d8,GARQ,D11,0,40,40,27,0.078573585,CD8+ T
CCTATATTCCCTGGTT-14-s4d8,GARQ,D11,0,40,40,23,0.47560835,Erythroblast
GTTCCTGGTACCGTTT-14-s4d8,GARQ,D11,0,40,40,3,0.29833627,HSC
ATATAGGCAGCTTAAT-14-s4d8,GARQ,D11,0,40,40,23,0.6099794,Erythroblast
GTCTTTGTCGCTATGG-14-s4d8,GARQ,D11,0,40,40,23,0.31201112,Erythroblast
AATAACCGTCCTAAGA-14-s4d8,GARQ,D11,0,40,40,20,0.08162415,CD8+ T
GATGCTTAGCGGATTT-14-s4d8,GARQ,D11,0,40,40,18,0.07747269,CD8+ T
AGGTGAGGTAAGCTCA-14-s4d8,GARQ,D11,0,40,40,15,0.0050849915,CD8+ T
TGTTGTGCAGCAAGTG-14-s4d8,GARQ,D11,0,40,40,32,0.010572076,NK
GGAATCTTCCTAATGA-14-s4d8,GARQ,D11,0,40,40,23,0.23911524,Proerythroblast
GCCGTGAGTGAGCAAG-14-s4d8,GARQ,D11,0,40,40,24,0.37552822,Naive CD20+ B
CTGGACCAGGACCTCA-14-s4d8,GARQ,D11,0,40,40,18,0.093425274,CD8+ T
ACAGGATCACAACCTA-14-s4d8,GARQ,D11,0,40,40,0,0.0072271824,CD8+ T
TTCCTCAAGGCTTAGT-14-s4d8,GARQ,D11,0,40,40,18,0.045231104,CD8+ T
ATGGCTGTCATCCTGC-14-s4d8,GARQ,D11,0,40,40,0,0.15396202,CD8+ T
GGATGAATCATGAGCT-14-s4d8,GARQ,D11,0,40,40,0,0.013772309,CD8+ T
TCTAGCACAGCAATAA-14-s4d8,GARQ,D11,0,40,40,20,0.03096211,CD8+ T
CCTAAATCATTTAAGC-14-s4d8,GARQ,D11,0,40,40,14,0.012260199,CD14+ Mono
TGGAACAAGTACCGCA-14-s4d8,GARQ,D11,0,40,40,14,0.09827727,CD14+ Mono
TTGGGCCAGCTTTGTT-14-s4d8,GARQ,D11,0,40,40,23,0.45619297,Proerythroblast
AAGCGGGTCTCACAAA-14-s4d8,GARQ,D11,0,40,40,27,0.009398341,CD8+ T
TGCGATTAGGTCCTGA-14-s4d8,GARQ,D11,0,40,40,32,0.08289671,CD8+ T
TACTGGCCATAAACCT-14-s4d8,GARQ,D11,0,40,40,0,0.018627167,CD8+ T
GTTCCCAGTCTTACTA-14-s4d8,GARQ,D11,0,40,40,24,0.31417847,Naive CD20+ B
CCTATTGTCCTTGAGG-14-s4d8,GARQ,D11,0,40,40,3,0.22868967,cDC2
GATCCGTCAGCAACAG-14-s4d8,GARQ,D11,0,40,40,27,0.09219146,NK
CGGTTTGAGTCAATTG-14-s4d8,GARQ,D11,0,40,40,33,0.049595356,CD4+ T activated
AGCACTTAGGTTAGAG-14-s4d8,GARQ,D11,0,40,40,24,0.34201086,Transitional B
TTGCCCGTCATAATCG-14-s4d8,GARQ,D11,0,40,40,29,0.055158794,G/M prog
CTTGCATGTTCCGGGA-14-s4d8,GARQ,D11,0,40,40,3,0.12049192,cDC2
TCGTTACGTCGTTACT-14-s4d8,GARQ,D11,0,40,40,27,0.03354484,CD8+ T
TCCGGAATCCAAATCA-14-s4d8,GARQ,D11,0,40,40,23,0.29323137,Proerythroblast
AGTGGACAGAAGCTAG-14-s4d8,GARQ,D11,0,40,40,29,0.18403506,cDC2
AGAATCTGTACCAGGT-14-s4d8,GARQ,D11,0,40,40,27,0.08795291,CD8+ T
AGTGCACGTACTTAGG-14-s4d8,GARQ,D11,0,40,40,24,0.38011718,Transitional B
CAGAACCGTTAGAGGG-14-s4d8,GARQ,D11,0,40,40,3,0.25431967,MK/E prog
TCCTTAGTCATTACGA-14-s4d8,GARQ,D11,0,40,40,24,0.38419843,Transitional B
GTAATAGCATCCCTCA-14-s4d8,GARQ,D11,0,40,40,24,0.42878318,Naive CD20+ B
AGTAACACATAAGTCT-14-s4d8,GARQ,D11,0,40,40,24,0.29042184,B1 B
CGATCCTTCCTTCTAG-14-s4d8,GARQ,D11,0,40,40,8,0.077920735,CD16+ Mono
TGCTATGCAGGTTAAA-14-s4d8,GARQ,D11,0,40,40,11,0.05874902,cDC2
TGCTTCATCGTGCTTC-14-s4d8,GARQ,D11,0,40,40,32,0.034774303,CD8+ T
AGCGCCTAGGAAGCTA-14-s4d8,GARQ,D11,0,40,40,18,0.074742794,CD4+ T activated
GACGTAAAGGGATGAC-14-s4d8,GARQ,D11,0,40,40,0,0.016877413,CD4+ T activated
CTTGTCCAGTTTGGTA-14-s4d8,GARQ,D11,0,40,40,15,0.018814325,CD4+ T activated
ACCTCACTCGCTAAGT-14-s4d8,GARQ,D11,0,40,40,24,0.84634995,Transitional B
AGATGCTTCTTGCTAT-14-s4d8,GARQ,D11,0,40,40,0,0.00402987,CD8+ T
TGTGTTAAGCCTCTCG-14-s4d8,GARQ,D11,0,40,40,3,0.27803183,pDC
GAGCCTTCAGGTTACC-14-s4d8,GARQ,D11,0,40,40,24,0.41599774,Transitional B
GTCTTTAGTTCGCTTG-14-s4d8,GARQ,D11,0,40,40,18,0.033973932,CD8+ T
GCGAGTGAGCTCCTTA-14-s4d8,GARQ,D11,0,40,40,32,0.10850036,CD8+ T
ACTGAAACAATCGCAC-14-s4d8,GARQ,D11,0,40,40,23,0.6281992,Proerythroblast
GTTTAACCAATGCCCG-14-s4d8,GARQ,D11,0,40,40,32,0.05589223,CD8+ T
CAGCCAATCCTGAATA-14-s4d8,GARQ,D11,0,40,40,27,0.078143,CD4+ T naive
ACGAGTAAGTATTGCA-14-s4d8,GARQ,D11,0,40,40,27,0.072972536,CD8+ T
GCCTCGACACAGGGAC-14-s4d8,GARQ,D11,0,40,40,3,0.19809723,MK/E prog
GCCTCGACATGGCCTG-14-s4d8,GARQ,D11,0,40,40,18,0.014829874,CD4+ T activated
ACCAAGTTCGATAACC-14-s4d8,GARQ,D11,0,40,40,9,0.031666994,CD8+ T
GAACCTGTCCCGAAGC-14-s4d8,GARQ,D11,0,40,40,23,0.011749446,CD14+ Mono
CCTTGCGTCACGAATC-14-s4d8,GARQ,D11,0,40,40,32,0.011401415,CD4+ T activated
ATGGCCCAGTTCCTCA-14-s4d8,GARQ,D11,0,40,40,24,0.049494743,CD4+ T naive
AAGTAGCCAGCAACAG-14-s4d8,GARQ,D11,0,40,40,20,0.018735886,CD8+ T
CTTGCATGTCACCTAT-14-s4d8,GARQ,D11,0,40,40,16,0.0065772533,NK
CCATTATTCCTTGAGG-14-s4d8,GARQ,D11,0,40,40,2,0.017578304,CD8+ T
CACCTCAGTAGGTTAT-14-s4d8,GARQ,D11,0,40,40,24,0.5951457,Transitional B
TAGTTTGAGCTATTGA-14-s4d8,GARQ,D11,0,40,40,15,0.028414488,CD8+ T
GTCAGGCTCCTAATAG-14-s4d8,GARQ,D11,0,40,40,18,0.00220716,CD4+ T activated
AAGCTAGAGGAACACA-14-s4d8,GARQ,D11,0,40,40,15,0.052146196,CD4+ T activated
ATGTCAATCGGTCAAT-14-s4d8,GARQ,D11,0,40,40,16,0.010226011,CD8+ T
AGATGAAGTTTAAAGC-14-s4d8,GARQ,D11,0,40,40,15,0.063093066,CD8+ T
TCGCGAGGTACGTTTC-14-s4d8,GARQ,D11,0,40,40,10,0.003458023,CD16+ Mono
GGCCAACTCACTTTAC-14-s4d8,GARQ,D11,0,40,40,0,0.12500095,CD8+ T
CCTAATAAGAATCGCT-14-s4d8,GARQ,D11,0,40,40,24,0.48414624,Naive CD20+ B
TTCTTAGGTTAACACG-14-s4d8,GARQ,D11,0,40,40,23,0.026753426,Proerythroblast
TTGCGTCTCCTACCTA-14-s4d8,GARQ,D11,0,40,40,24,0.39202338,Naive CD20+ B
AAGCGAGGTTTGCGAA-14-s4d8,GARQ,D11,0,40,40,15,0.039020658,CD8+ T
TGGCCTGCAATAACGA-14-s4d8,GARQ,D11,0,40,40,0,0.033013344,NK
ATGTAAGCAGAAATGC-14-s4d8,GARQ,D11,0,40,40,0,0.10842824,CD8+ T
CTACAACAGGAGCATA-14-s4d8,GARQ,D11,0,40,40,33,0.0033636093,CD8+ T
AATTGCTCAAGGTGGC-14-s4d8,GARQ,D11,0,40,40,32,0.14085126,CD8+ T
CCATAAGGTCTATCGT-14-s4d8,GARQ,D11,0,40,40,17,0.01689446,CD8+ T
CCTTATGTCACTAATG-14-s4d8,GARQ,D11,0,40,40,2,0.15722549,CD8+ T
GCTAAGAAGTTATGTG-14-s4d8,GARQ,D11,0,40,40,0,0.019771338,NK
GTTGGCGGTAGGTTTG-14-s4d8,GARQ,D11,0,40,40,24,0.26272082,Naive CD20+ B
GATAAAGGTTAGTACG-14-s4d8,GARQ,D11,0,40,40,18,0.14477849,CD8+ T
TGATGAACACAGACTC-14-s4d8,GARQ,D11,0,40,40,15,0.06293082,CD8+ T
TATTTGGAGAGAAGGG-14-s4d8,GARQ,D11,0,40,40,38,0.059123278,CD8+ T
TCATTGCGTTGTTGCT-14-s4d8,GARQ,D11,0,40,40,23,0.16463596,Proerythroblast
GGATGTAAGCCATCAG-14-s4d8,GARQ,D11,0,40,40,28,0.0028965473,CD14+ Mono
TTGGGCGGTGTTTGCT-14-s4d8,GARQ,D11,0,40,40,23,0.03396654,MK/E prog
AGGCTAAAGGGTTAGA-14-s4d8,GARQ,D11,0,40,40,2,0.053561926,CD4+ T activated
CAATAGCTCAAGCCTG-14-s4d8,GARQ,D11,0,40,40,23,0.4723642,Proerythroblast
TTTGCGGAGGATTTGC-14-s4d8,GARQ,D11,0,40,40,15,0.02314949,CD8+ T
TTACACCGTAATTAGC-14-s4d8,GARQ,D11,0,40,40,24,0.31019258,Naive CD20+ B
TGCTAACAGTCTCACC-14-s4d8,GARQ,D11,0,40,40,0,0.0059459805,CD8+ T
TATCACAAGCTAAGTC-14-s4d8,GARQ,D11,0,40,40,27,0.07509005,CD4+ T activated
TACGCTTGTGTTGCAA-14-s4d8,GARQ,D11,0,40,40,24,0.2747907,Naive CD20+ B
TTTACGCGTCCTAATC-14-s4d8,GARQ,D11,0,40,40,23,0.29077953,Proerythroblast
ACTTAGTCAACTAGAA-14-s4d8,GARQ,D11,0,40,40,3,0.17496526,CD14+ Mono
TACCTTTAGTAGGCGG-14-s4d8,GARQ,D11,0,40,40,2,0.04575813,CD8+ T
ATTGTGATCGTTTCGC-14-s4d8,GARQ,D11,0,40,40,23,0.37226987,Proerythroblast
CTATGATCACCAGGTT-14-s4d8,GARQ,D11,0,40,40,3,0.141792,CD14+ Mono
ATCATCAAGGCACAGG-14-s4d8,GARQ,D11,0,40,40,14,0.089702725,CD14+ Mono
AAGGATCCAGTACCGT-14-s4d8,GARQ,D11,0,40,40,3,0.11166841,pDC
AAAGCAAGTGTTGCTT-14-s4d8,GARQ,D11,0,40,40,3,0.28065717,MK/E prog
TTGGGTTAGGTCGAGG-14-s4d8,GARQ,D11,0,40,40,0,0.082273245,CD8+ T
TTGCTCTCAGCAACCT-14-s4d8,GARQ,D11,0,40,40,24,0.44765335,Naive CD20+ B
GAAGTATAGCTTGCTC-14-s4d8,GARQ,D11,0,40,40,20,0.007881403,CD4+ T activated
CCGCTAGCAAAGGTAC-14-s4d8,GARQ,D11,0,40,40,23,0.49844813,Erythroblast
AATCGCCCAATTAACC-14-s4d8,GARQ,D11,0,40,40,6,0.031315565,NK
CAATCTAAGTCTGGGC-14-s4d8,GARQ,D11,0,40,40,32,0.30806053,CD8+ T
ATGTCCACACCAACCG-14-s4d8,GARQ,D11,0,40,40,2,0.09265435,CD8+ T
CTATGACAGTTAGAGG-14-s4d8,GARQ,D11,0,40,40,0,0.11018777,CD8+ T
TTGGTGAGTGGATTGC-14-s4d8,GARQ,D11,0,40,40,14,0.14582956,CD14+ Mono
ATCAATCCAATATAGG-14-s4d8,GARQ,D11,0,40,40,24,0.108617485,Transitional B
TTGTCAAAGGGTTATC-14-s4d8,GARQ,D11,0,40,40,15,0.0888288,Plasma cell
GGTTACCCACCCACCT-14-s4d8,GARQ,D11,0,40,40,20,0.05664146,CD8+ T
AGTAATGCAACCTGGT-14-s4d8,GARQ,D11,0,40,40,23,0.06925821,CD14+ Mono
CTCGCTAGTGAGCAAG-14-s4d8,GARQ,D11,0,40,40,23,0.5586888,Proerythroblast
TGTGGCGGTGCATTAG-14-s4d8,GARQ,D11,0,40,40,2,0.0077160597,CD8+ T
TTAGTCAAGTTTCCGC-14-s4d8,GARQ,D11,0,40,40,27,0.07855272,CD8+ T
GCAGGCAAGTAACGGA-14-s4d8,GARQ,D11,0,40,40,27,0.027626157,CD8+ T
AAGTTAGCAAAGCTAA-14-s4d8,GARQ,D11,0,40,40,16,0.0011222363,CD8+ T
CGGTGAGAGCAGCTAT-14-s4d8,GARQ,D11,0,40,40,24,0.101236284,Transitional B
CGAAGCGAGCATGCAT-14-s4d8,GARQ,D11,0,40,40,29,0.056710243,CD16+ Mono
GGACGGATCCAGGTCA-14-s4d8,GARQ,D11,0,40,40,37,0.014312744,CD8+ T
GCATGAAAGAAAGCAT-14-s4d8,GARQ,D11,0,40,40,30,0.03971839,CD8+ T
CGGATTAGTTACTTCA-14-s4d8,GARQ,D11,0,40,40,8,0.030522764,CD14+ Mono
CTCACTCAGAATCGCT-14-s4d8,GARQ,D11,0,40,40,23,0.32010853,Proerythroblast
GGAAGCTAGTTCCTCA-14-s4d8,GARQ,D11,0,40,40,0,0.018479705,NK
AGGACTAAGCTGGAAA-14-s4d8,GARQ,D11,0,40,40,0,0.017705679,CD8+ T
GAAGGATGTATTGGTG-14-s4d8,GARQ,D11,0,40,40,16,0.06078458,CD8+ T
TAACCTAAGCCATCAG-14-s4d8,GARQ,D11,0,40,40,23,0.8787285,Proerythroblast
TTTGTGGCACACCAAC-14-s4d8,GARQ,D11,0,40,40,24,0.36426955,B1 B
CATGCAAGTGCTGTAA-14-s4d8,GARQ,D11,0,40,40,24,0.23900902,Naive CD20+ B
CTGACCAAGGCAGGTG-14-s4d8,GARQ,D11,0,40,40,23,0.35095942,Normoblast
TAGCAGGCATAGGCGA-14-s4d8,GARQ,D11,0,40,40,24,0.19513261,CD8+ T
CCTACTTCATGAAATG-14-s4d8,GARQ,D11,0,40,40,23,0.479492,Normoblast
CAAAGCGCAACCCTAA-14-s4d8,GARQ,D11,0,40,40,33,0.015996873,CD8+ T
GGTATGTTCACAGACT-14-s4d8,GARQ,D11,0,40,40,27,0.021270037,NK
TTCCTTCTCACAAGCT-14-s4d8,GARQ,D11,0,40,40,19,0.03945297,CD8+ T
TCTATGTTCATTGTCT-14-s4d8,GARQ,D11,0,40,40,2,0.02341944,CD8+ T
TTGCAACAGCCGCTAA-14-s4d8,GARQ,D11,0,40,40,15,0.082763076,CD8+ T
AGGTCTTAGTGTGATC-14-s4d8,GARQ,D11,0,40,40,24,0.46211344,Transitional B
CGTAACTAGGGATGAC-14-s4d8,GARQ,D11,0,40,40,32,0.11620909,CD8+ T
AGCCTCCGTTGTGACA-14-s4d8,GARQ,D11,0,40,40,20,0.06858206,CD8+ T
AACCTAATCGAGCAAA-14-s4d8,GARQ,D11,0,40,40,18,0.09001851,CD8+ T
GGTTTAATCATTATGG-14-s4d8,GARQ,D11,0,40,40,24,0.29981828,Naive CD20+ B
AAACCGGCAGGACCTT-14-s4d8,GARQ,D11,0,40,40,23,0.68649334,Erythroblast
ATAGGTACAGGACACA-14-s4d8,GARQ,D11,0,40,40,13,0.19186795,CD8+ T
CCACACAAGTAAGAAC-14-s4d8,GARQ,D11,0,40,40,2,0.031600356,NK
CTCTTGATCTTGACCC-14-s4d8,GARQ,D11,0,40,40,14,0.027031481,CD14+ Mono
AAGGTATAGAACCTGT-14-s4d8,GARQ,D11,0,40,40,0,0.06143093,CD8+ T
GAGCTTAGTTACGCAA-14-s4d8,GARQ,D11,0,40,40,23,1.4323554,Erythroblast
ATCCACCTCGGCTATG-14-s4d8,GARQ,D11,0,40,40,10,0.05042532,CD14+ Mono
CTAAATGTCGGCTATG-14-s4d8,GARQ,D11,0,40,40,38,0.09254527,CD8+ T
ACCAAGTTCGATTCTT-14-s4d8,GARQ,D11,0,40,40,24,0.3980682,Transitional B
TCATCCATCACAAGCT-14-s4d8,GARQ,D11,0,40,40,15,0.048056543,CD4+ T naive
CGCATTTGTTGTTCAC-14-s4d8,GARQ,D11,0,40,40,27,0.015411556,CD8+ T
GATCACTAGGTAAGCA-14-s4d8,GARQ,D11,0,40,40,0,0.08022666,CD8+ T
ATCCGTGAGGATAAAC-14-s4d8,GARQ,D11,0,40,40,23,0.7448114,Normoblast
TAAGCTGGTGGTGAGA-14-s4d8,GARQ,D11,0,40,40,31,0.047898054,CD8+ T
GTGCATTAGTGACCTG-14-s4d8,GARQ,D11,0,40,40,22,0.15249497,CD4+ T naive
GTACACCCAACCTGGT-14-s4d8,GARQ,D11,0,40,40,32,0.04240489,CD8+ T
GGACTAAAGTCTCACC-14-s4d8,GARQ,D11,0,40,40,2,0.10674214,CD4+ T naive
CCAGCTAAGTTTGCGG-14-s4d8,GARQ,D11,0,40,40,18,0.01291275,NK
ACAGGTAAGACTCGCA-14-s4d8,GARQ,D11,0,40,40,27,0.016883612,CD8+ T
GCTGTGATCCAGGTCA-14-s4d8,GARQ,D11,0,40,40,27,0.007030666,CD8+ T
CCAACATAGTCATTAG-14-s4d8,GARQ,D11,0,40,40,27,0.006326914,CD8+ T
TCACTGACATGACTAT-14-s4d8,GARQ,D11,0,40,40,18,0.057106137,CD8+ T
CTCCTAATCATGCTTT-14-s4d8,GARQ,D11,0,40,40,27,0.1582452,CD8+ T
AAAGCCCGTTGGTTCT-14-s4d8,GARQ,D11,0,40,40,27,0.055416346,CD8+ T
ATCTATGAGCTAATTG-14-s4d8,GARQ,D11,0,40,40,15,0.053200483,CD8+ T
ATCACCCTCTATGACA-14-s4d8,GARQ,D11,0,40,40,3,0.21941698,Proerythroblast
TCCCGGACAATCCTGA-14-s4d8,GARQ,D11,0,40,40,16,0.016036987,CD8+ T
CTGCTATGTTGTTGTC-14-s4d8,GARQ,D11,0,40,40,27,0.0032765865,CD4+ T activated
TCCTTAGTCCTCCATA-14-s4d8,GARQ,D11,0,40,40,24,0.33256042,Transitional B
CTAGCTTGTTCACCCA-14-s4d8,GARQ,D11,0,40,40,8,0.040929317,CD14+ Mono
TGGACGGAGCCTAATA-14-s4d8,GARQ,D11,0,40,40,24,0.43841398,Naive CD20+ B
GTCGAAGCAGCTAATT-14-s4d8,GARQ,D11,0,40,40,24,0.040728807,Lymph prog
GTCTAATCAGTTAAAG-14-s4d8,GARQ,D11,0,40,40,23,0.02218318,CD14+ Mono
TCCTTTACATTGTCCT-14-s4d8,GARQ,D11,0,40,40,0,0.002524078,CD8+ T
GGTACTAGTGTAACCA-14-s4d8,GARQ,D11,0,40,40,16,0.04003513,CD8+ T
AGCACTAGTGAGCAAG-14-s4d8,GARQ,D11,0,40,40,15,0.0064845085,CD8+ T
CCCATAACATCGCTCC-14-s4d8,GARQ,D11,0,40,40,30,0.0661149,CD4+ T activated
TTTGTGGCAGGACACA-14-s4d8,GARQ,D11,0,40,40,24,0.2514304,Naive CD20+ B
AACTAGCTCGGTTAGT-14-s4d8,GARQ,D11,0,40,40,0,0.059770346,CD8+ T
GCCTACTTCTTGTCCA-14-s4d8,GARQ,D11,0,40,40,17,0.02406168,CD8+ T
TCTTTGTAGGCTAGAA-14-s4d8,GARQ,D11,0,40,40,24,0.23964214,Naive CD20+ B
ACACTTAAGCGGTTAT-14-s4d8,GARQ,D11,0,40,40,24,0.09449887,Transitional B
GGGTCACTCCTCAGTC-14-s4d8,GARQ,D11,0,40,40,24,0.17679238,Naive CD20+ B
AAAGCGGGTCAATAGT-14-s4d8,GARQ,D11,0,40,40,2,0.049635768,CD8+ T
TTTGTGGCATTGCGGT-14-s4d8,GARQ,D11,0,40,40,2,0.21248269,CD4+ T activated
AGGTCTTAGTTGCGTG-14-s4d8,GARQ,D11,0,40,40,16,0.027386665,CD8+ T
CTCGTTATCCGCCTCA-14-s4d8,GARQ,D11,0,40,40,32,0.15493286,CD8+ T
GTATTCAAGGTCCAAT-14-s4d8,GARQ,D11,0,40,40,0,0.1450038,CD8+ T
TTCGGTACAAACCTAT-14-s4d8,GARQ,D11,0,40,40,17,0.040964603,CD8+ T
AGGATGCAGGACAACA-14-s4d8,GARQ,D11,0,40,40,24,0.6193299,Naive CD20+ B
ACGACTTAGCTTAACA-14-s4d8,GARQ,D11,0,40,40,24,0.372944,Naive CD20+ B
GCGCTAGGTACTTAGG-14-s4d8,GARQ,D11,0,40,40,24,0.23974979,Transitional B
CTTTAGGCAATATGGA-14-s4d8,GARQ,D11,0,40,40,23,0.07411909,Proerythroblast
AATTAGGCACTTCACT-14-s4d8,GARQ,D11,0,40,40,1,0.0045838356,CD4+ T activated
TCATTGTTCCTTAAGA-14-s4d8,GARQ,D11,0,40,40,15,0.123018265,CD8+ T
TTTCCGGGTGAGGTAG-14-s4d8,GARQ,D11,0,40,40,14,0.12574637,CD14+ Mono
CTAAATGTCCTGATTT-14-s4d8,GARQ,D11,0,40,40,24,0.11119461,Transitional B
ACTGAATGTTTATCTG-14-s4d8,GARQ,D11,0,40,40,18,0.046764374,CD8+ T
GGTAGGAGTGCTAGCG-14-s4d8,GARQ,D11,0,40,40,24,0.31808162,Naive CD20+ B
ATCTATGAGACTATTG-14-s4d8,GARQ,D11,0,40,40,24,0.17282635,Naive CD20+ B
AGAAGGTGTAATGGAA-14-s4d8,GARQ,D11,0,40,40,31,0.10185462,CD8+ T
TTGCAATCACCTACTT-14-s4d8,GARQ,D11,0,40,40,24,0.34553635,Transitional B
GCAATCTAGGCCAATT-14-s4d8,GARQ,D11,0,40,40,16,0.01723218,CD8+ T
CAAGTGAAGGCCATCA-14-s4d8,GARQ,D11,0,40,40,32,0.34314632,CD8+ T
TTTGTTGGTTTGTGGA-14-s4d8,GARQ,D11,0,40,40,12,0.20184058,cDC2
AGCTATATCATGAAGG-14-s4d8,GARQ,D11,0,40,40,27,0.06542301,CD8+ T
CTACTAAAGGTCGAGG-14-s4d8,GARQ,D11,0,40,40,32,0.05429411,NK
TGTGATCAGTAGCTTA-14-s4d8,GARQ,D11,0,40,40,37,0.045888186,CD4+ T activated
TTGACGTAGCGGTTAT-14-s4d8,GARQ,D11,0,40,40,23,0.6225709,Proerythroblast
CTACCTCAGGTCCAAT-14-s4d8,GARQ,D11,0,40,40,33,0.055223346,CD8+ T
AGAGAAGCAGGCTACT-14-s4d8,GARQ,D11,0,40,40,22,0.023290575,CD8+ T
CAAGTAACAAACTCAT-14-s4d8,GARQ,D11,0,40,40,18,0.059878707,CD8+ T
CTAGTGAGTAAACAAG-14-s4d8,GARQ,D11,0,40,40,0,0.025923252,CD8+ T
TTGCCCGTCTAGCGTG-14-s4d8,GARQ,D11,0,40,40,24,0.16789746,Transitional B
CTCAATAAGGTTACGT-14-s4d8,GARQ,D11,0,40,40,24,0.56089294,B1 B
TTCAGTTTCATGAGCT-14-s4d8,GARQ,D11,0,40,40,24,0.13639474,B1 B
ACTTCGCTCTGTTCAT-14-s4d8,GARQ,D11,0,40,40,18,0.0037602186,CD8+ T
TCTAACTTCCTAAGTA-14-s4d8,GARQ,D11,0,40,40,9,0.014068127,CD8+ T
TTGCACACATCTTGAG-14-s4d8,GARQ,D11,0,40,40,14,0.03994912,G/M prog
TTGCTTTAGGCTCATG-14-s4d8,GARQ,D11,0,40,40,0,0.05237186,CD8+ T
GACAATACACAATTAC-14-s4d8,GARQ,D11,0,40,40,33,0.007903457,NK
TCGACAAGTTTCGCCA-14-s4d8,GARQ,D11,0,40,40,23,0.22985315,Proerythroblast
CAGCATTAGTAACCAC-14-s4d8,GARQ,D11,0,40,40,14,0.08743858,CD14+ Mono
GGTTATATCCTGATTT-14-s4d8,GARQ,D11,0,40,40,0,0.05517757,NK
AGAACCAAGAGAGGAG-14-s4d8,GARQ,D11,0,40,40,24,0.1737063,Transitional B
GTTTGTAAGTGAACAG-14-s4d8,GARQ,D11,0,40,40,23,0.60666,Proerythroblast
AGGTTAACAAATGCCC-14-s4d8,GARQ,D11,0,40,40,32,0.009041071,CD8+ T
GCTTAAATCGCTATGG-14-s4d8,GARQ,D11,0,40,40,15,0.046921372,CD8+ T
GTGTTCCTCCAAGTGT-14-s4d8,GARQ,D11,0,40,40,23,0.45927894,Proerythroblast
GCATCCTTCGAAGTGA-14-s4d8,GARQ,D11,0,40,40,0,0.04823661,CD8+ T
GGACGGATCACACAGT-14-s4d8,GARQ,D11,0,40,40,10,0.050934643,CD14+ Mono
TCCAGGTCAGGCTTCG-14-s4d8,GARQ,D11,0,40,40,4,0.07874164,Normoblast
TTTCCACCACTAGCGT-14-s4d8,GARQ,D11,0,40,40,0,0.18324184,CD8+ T
AAGTGTTGTTGCAATG-14-s4d8,GARQ,D11,0,40,40,4,0.025686502,CD4+ T activated
CGCTTCTAGGTCGATT-14-s4d8,GARQ,D11,0,40,40,2,0.026985526,CD8+ T
TCAGTGAGTGGGAACA-14-s4d8,GARQ,D11,0,40,40,9,0.017581284,CD8+ T
TAACCGGTCCTAATTC-14-s4d8,GARQ,D11,0,40,40,27,0.026221633,CD8+ T
CTCCTCACAACATAAG-14-s4d8,GARQ,D11,0,40,40,24,0.4261695,Naive CD20+ B
AGTTTGATCATTAGTG-14-s4d8,GARQ,D11,0,40,40,20,0.023104608,CD4+ T activated
AAGGCCCTCTTTGAGA-14-s4d8,GARQ,D11,0,40,40,0,0.017911553,CD4+ T activated
GTTCTTGTCCAGCACA-14-s4d8,GARQ,D11,0,40,40,0,0.104277134,CD8+ T
CTGCAATAGTATTGCA-14-s4d8,GARQ,D11,0,40,40,27,0.038776398,CD4+ T naive
GACGCAACAATTGAGA-14-s4d8,GARQ,D11,0,40,40,24,0.3791803,Naive CD20+ B
TAACCAGGTTACAACG-14-s4d8,GARQ,D11,0,40,40,17,0.010956526,CD4+ T activated
TGCATGAGTTGCATCT-14-s4d8,GARQ,D11,0,40,40,24,0.26303935,Naive CD20+ B
GAGTCAAAGGATTGCT-14-s4d8,GARQ,D11,0,40,40,18,0.016175866,CD8+ T
TCGTTAGCATGGAGGC-14-s4d8,GARQ,D11,0,40,40,23,0.71927005,Proerythroblast
GTGTCCAAGAGGAAGG-14-s4d8,GARQ,D11,0,40,40,32,0.16286731,CD8+ T
GACTTAGGTGTCCTGC-14-s4d8,GARQ,D11,0,40,40,27,0.073233485,CD8+ T
GGTGTCCAGGTAGCTT-14-s4d8,GARQ,D11,0,40,40,27,0.05293536,CD8+ T
GCGGGTTTCCCTCATA-14-s4d8,GARQ,D11,0,40,40,24,0.2303074,Transitional B
CTAATTGAGGTGAAAT-14-s4d8,GARQ,D11,0,40,40,23,0.22199553,Proerythroblast
CCTATATTCCGCTAGA-14-s4d8,GARQ,D11,0,40,40,23,0.2431879,Proerythroblast
CATTCCTCACCTGTAA-14-s4d8,GARQ,D11,0,40,40,0,0.15673518,CD8+ T
ATTAGTCCAGGCTTCG-14-s4d8,GARQ,D11,0,40,40,24,0.3094945,B1 B
CTTGCTCAGGCGGGTA-14-s4d8,GARQ,D11,0,40,40,2,0.0089530945,CD8+ T
CCTCCTGAGCTAGAAG-14-s4d8,GARQ,D11,0,40,40,27,0.02203548,CD8+ T
AACCTTAAGGGTCTAT-14-s4d8,GARQ,D11,0,40,40,15,0.02617383,CD8+ T
CTAACCACAACTAACT-14-s4d8,GARQ,D11,0,40,40,19,0.049821496,CD8+ T
ACGACTTAGGAGGCAT-14-s4d8,GARQ,D11,0,40,40,24,0.32017565,Transitional B
CCTGCTCCAAGCTTTG-14-s4d8,GARQ,D11,0,40,40,3,0.37884563,G/M prog
TTTAAGGTCAGTGAAG-14-s4d8,GARQ,D11,0,40,40,23,0.5575386,Normoblast
TTTGTGAAGTCATCCC-14-s4d8,GARQ,D11,0,40,40,0,0.063354135,CD8+ T
CCCAGTTTCTTGATGA-14-s4d8,GARQ,D11,0,40,40,0,0.05276954,CD8+ T
TAGTTGTCACTTCACT-14-s4d8,GARQ,D11,0,40,40,15,0.031832814,CD8+ T
CCTTCGTAGGACAATG-14-s4d8,GARQ,D11,0,40,40,3,0.43080056,HSC
CGCATTACAGCCAGTT-14-s4d8,GARQ,D11,0,40,40,23,0.46676773,Proerythroblast
AGCTACGTCACTAGGT-14-s4d8,GARQ,D11,0,40,40,23,0.7112229,Normoblast
GGTGAGGTCAGAAACG-14-s4d8,GARQ,D11,0,40,40,3,0.040238917,HSC
CGACTAAGTCCTTCAG-14-s4d8,GARQ,D11,0,40,40,32,0.01715386,CD4+ T activated
ACCAATATCGTTATAG-14-s4d8,GARQ,D11,0,40,40,2,0.006400764,CD8+ T
TGTCATAAGCTATTAG-14-s4d8,GARQ,D11,0,40,40,24,0.29754353,Naive CD20+ B
ATGTAAGCAGCAAATA-14-s4d8,GARQ,D11,0,40,40,24,0.47392213,Transitional B
TTGGCTTGTTAAGCGC-14-s4d8,GARQ,D11,0,40,40,2,0.07807231,CD8+ T
GGCCTTCGTTTCCGGC-14-s4d8,GARQ,D11,0,40,40,27,0.055665135,CD8+ T
CATGCGCAGGTGAAGC-14-s4d8,GARQ,D11,0,40,40,24,0.3315376,Transitional B
TGATCGAGTCAATAGT-14-s4d8,GARQ,D11,0,40,40,31,0.0013815165,CD8+ T
ACCAGGGAGGAGCATA-14-s4d8,GARQ,D11,0,40,40,8,0.2597527,CD14+ Mono
ACGTCAAGTTTGCTGT-14-s4d8,GARQ,D11,0,40,40,23,0.6262399,Proerythroblast
GGTACTAGTATTGTCC-14-s4d8,GARQ,D11,0,40,40,27,0.038115263,CD8+ T
TCCAGGTCAGGTTACC-14-s4d8,GARQ,D11,0,40,40,3,0.14335233,CD14+ Mono
TCAAGAACACCTGGTG-14-s4d8,GARQ,D11,0,40,40,3,0.029150486,CD14+ Mono
ATTGTCCGTTCCGCAC-14-s4d8,GARQ,D11,0,40,40,32,0.029121995,CD8+ T
GTCCTCAGTTTGTCTA-14-s4d8,GARQ,D11,0,40,40,16,0.023701191,NK
AGTCGCATCAGCATTA-14-s4d8,GARQ,D11,0,40,40,23,0.30903018,Proerythroblast
CCAGCTGCAAATGCCC-14-s4d8,GARQ,D11,0,40,40,33,0.09107256,CD8+ T
AGGTGAATCCCTCTAA-14-s4d8,GARQ,D11,0,40,40,0,0.026175499,NK
GAACCTTAGTATTGGC-14-s4d8,GARQ,D11,0,40,40,27,0.024690151,CD4+ T naive
GGCCTTAAGCCTGACA-14-s4d8,GARQ,D11,0,40,40,23,0.40268642,Proerythroblast
GGGAGTAGTAGGTGTC-14-s4d8,GARQ,D11,0,40,40,15,0.052299142,CD4+ T activated
TCAGTGAGTCGACTAA-14-s4d8,GARQ,D11,0,40,40,23,0.31580245,Proerythroblast
AGGTTTATCGTTAAGC-14-s4d8,GARQ,D11,0,40,40,24,0.14468992,Naive CD20+ B
CGCATATAGAACCTGT-14-s4d8,GARQ,D11,0,40,40,24,0.31619513,Transitional B
GAGATAAGTTGTAAAC-14-s4d8,GARQ,D11,0,40,40,0,0.15683281,CD8+ T
GGCATGGAGTTAGCCG-14-s4d8,GARQ,D11,0,40,40,17,0.00053954124,CD8+ T
TAACCTAAGTTAGCTA-14-s4d8,GARQ,D11,0,40,40,15,0.1868453,CD8+ T
TTGTGTGCATTCAGCA-14-s4d8,GARQ,D11,0,40,40,29,0.14312816,CD14+ Mono
GAGTATCTCTGTAATG-14-s4d8,GARQ,D11,0,40,40,2,0.061816752,NK
CTGTGTGAGTGTTGCG-14-s4d8,GARQ,D11,0,40,40,24,0.24366128,Transitional B
CACGCTAAGGCTACTG-14-s4d8,GARQ,D11,0,40,40,16,0.0035429597,CD8+ T
TGTTACTTCCGCACAA-14-s4d8,GARQ,D11,0,40,40,23,0.44555253,Proerythroblast
TATAGGTGTAGGTTAT-14-s4d8,GARQ,D11,0,40,40,31,0.035678625,CD4+ T activated
CCTCAATGTTAATGCG-14-s4d8,GARQ,D11,0,40,40,18,0.19449115,CD8+ T
AATCCTAAGTCTATGA-14-s4d8,GARQ,D11,0,40,40,32,0.13379955,CD8+ T
ATGGTGCGTTACGCAA-14-s4d8,GARQ,D11,0,40,40,24,0.43195462,Transitional B
GACAATACAAGGTCCT-14-s4d8,GARQ,D11,0,40,40,16,0.028012037,CD4+ T naive
TCACGGATCCAGGTTG-14-s4d8,GARQ,D11,0,40,40,0,0.02134645,CD8+ T
CTGCTATGTGAATCGC-14-s4d8,GARQ,D11,0,40,40,4,0.108698726,CD8+ T
GAACCTGTCTTGAGCG-14-s4d8,GARQ,D11,0,40,40,27,0.049556255,CD8+ T
TTTGCATTCCTGAATA-14-s4d8,GARQ,D11,0,40,40,4,0.12347484,CD4+ T activated
TTTGTTGGTTTACTTG-14-s4d8,GARQ,D11,0,40,40,21,0.0071564913,CD4+ T activated
AGTAAACAGTCACGAT-14-s4d8,GARQ,D11,0,40,40,23,0.6637212,Proerythroblast
ACACTTGCAATGAAGC-14-s4d8,GARQ,D11,0,40,40,24,0.24908066,Naive CD20+ B
GGACCGAAGGATTTGC-14-s4d8,GARQ,D11,0,40,40,32,0.164338,CD8+ T
GGATACTTCTGTGCAG-14-s4d8,GARQ,D11,0,40,40,23,0.5246314,Proerythroblast
CAGGGCTTCATAACTG-14-s4d8,GARQ,D11,0,40,40,8,0.24074313,CD14+ Mono
ATCCTGACACTAGGTC-14-s4d8,GARQ,D11,0,40,40,18,0.030218601,CD8+ T
GGACCTCAGCTGGCTA-14-s4d8,GARQ,D11,0,40,40,16,0.025009632,CD8+ T
TGATTGCAGTAAGTGG-14-s4d8,GARQ,D11,0,40,40,33,0.009914815,CD4+ T activated
ACTAATCCATTGTCAG-14-s4d8,GARQ,D11,0,40,40,9,0.011476755,CD8+ T
AAGTGCAAGTCGCTAG-14-s4d8,GARQ,D11,0,40,40,32,0.009204149,CD8+ T
TATGCATCACAACAAA-14-s4d8,GARQ,D11,0,40,40,18,0.105489135,CD8+ T
TGAGTGAAGGCGCTAC-14-s4d8,GARQ,D11,0,40,40,3,0.18180197,cDC2
GAGGTACAGTAAGAAC-14-s4d8,GARQ,D11,0,40,40,32,0.06740856,CD8+ T
AGGTCCGGTTTGGGCG-14-s4d8,GARQ,D11,0,40,40,23,0.14433527,Proerythroblast
TCACTGACAAAGGTAC-14-s4d8,GARQ,D11,0,40,40,7,0.028190017,CD14+ Mono
CCATATTTCCAACTGG-14-s4d8,GARQ,D11,0,40,40,23,0.68115973,Erythroblast
TTATGACCATGTGGGA-14-s4d8,GARQ,D11,0,40,40,23,0.90607536,Erythroblast
AATTTGGTCGTTAAGC-14-s4d8,GARQ,D11,0,40,40,24,0.46207595,B1 B
CATTCCTCATAATCAC-14-s4d8,GARQ,D11,0,40,40,33,0.059063613,CD4+ T activated
GAAGGATGTATTGAGT-14-s4d8,GARQ,D11,0,40,40,15,0.031936407,CD8+ T
GCAAACTTCTGGCTTC-14-s4d8,GARQ,D11,0,40,40,23,0.025005937,Proerythroblast
AGCCTGGGTCCTCCAA-14-s4d8,GARQ,D11,0,40,40,38,0.03351426,CD8+ T
TCTGGCTTCAGAAACG-14-s4d8,GARQ,D11,0,40,40,23,0.5375408,Proerythroblast
AAGCCTGTCATTACTC-14-s4d8,GARQ,D11,0,40,40,24,0.46832788,Naive CD20+ B
ACACTAATCAAGCGCC-14-s4d8,GARQ,D11,0,40,40,38,0.07325053,CD14+ Mono
AGTTTGATCGGTTTGG-14-s4d8,GARQ,D11,0,40,40,27,0.03279996,CD4+ T naive
ACTCACCTCAACCAAC-14-s4d8,GARQ,D11,0,40,40,0,0.004835725,CD8+ T
TCCTTCAAGTAACCCG-14-s4d8,GARQ,D11,0,40,40,24,0.4213736,Transitional B
CTTCAAGCAAGCTTTG-14-s4d8,GARQ,D11,0,40,40,23,0.41832447,Proerythroblast
CGCTCAGCATCTAGCA-14-s4d8,GARQ,D11,0,40,40,24,0.22850323,B1 B
TCATGTTTCCGCTAGA-14-s4d8,GARQ,D11,0,40,40,8,0.06252581,cDC2
TCTCAATTCCCTCGCA-14-s4d8,GARQ,D11,0,40,40,23,0.080768585,Proerythroblast
GACCTAGTCGCCTGTT-14-s4d8,GARQ,D11,0,40,40,0,0.054267526,CD8+ T
ATGAAGCCAGTAATAG-14-s4d8,GARQ,D11,0,40,40,23,0.23869133,Proerythroblast
CGCTAACCACAGGGAC-14-s4d8,GARQ,D11,0,40,40,19,0.022660375,CD8+ T
TTTACGCGTAACGAGG-14-s4d8,GARQ,D11,0,40,40,3,0.17627215,MK/E prog
AGAAAGGCAGTAAGTA-14-s4d8,GARQ,D11,0,40,40,23,0.21507359,Proerythroblast
GACCGAACAACTCGCG-14-s4d8,GARQ,D11,0,40,40,20,0.09682584,CD8+ T
GTAGGCGAGGCCTGGT-14-s4d8,GARQ,D11,0,40,40,18,0.08082342,CD8+ T
TACCGAAGTTGGATCA-14-s4d8,GARQ,D11,0,40,40,24,0.21026951,Naive CD20+ B
CCAGACTCATAGTCAT-14-s4d8,GARQ,D11,0,40,40,23,0.56065965,Erythroblast
TAGGTGCGTTACAAAC-14-s4d8,GARQ,D11,0,40,40,24,0.111938655,Naive CD20+ B
GATGCAGCACAAACTT-14-s4d8,GARQ,D11,0,40,40,2,0.020556808,CD8+ T
GATCGATTCCAAGTTA-14-s4d8,GARQ,D11,0,40,40,3,0.28143078,CD14+ Mono
CAAACCGTCGAGGAAC-14-s4d8,GARQ,D11,0,40,40,23,0.33694547,Erythroblast
GCATCCTTCTTGCAAA-14-s4d8,GARQ,D11,0,40,40,8,0.049405694,CD14+ Mono
CCCAGCACATCAGCAC-14-s4d8,GARQ,D11,0,40,40,0,0.07323992,CD8+ T
ATTAGGTGTTAGTACG-14-s4d8,GARQ,D11,0,40,40,0,0.06802338,CD8+ T
CATCATAAGGGTGAAC-14-s4d8,GARQ,D11,0,40,40,27,0.06923574,CD4+ T activated
GACCTCAAGCTATATG-14-s4d8,GARQ,D11,0,40,40,10,0.016070187,CD16+ Mono
GGTTCCCGTTAACAGT-14-s4d8,GARQ,D11,0,40,40,24,0.34558356,Naive CD20+ B
TCACATAAGGCTCATG-14-s4d8,GARQ,D11,0,40,40,3,0.06099367,CD14+ Mono
GATCGATTCAGGGCCT-14-s4d8,GARQ,D11,0,40,40,0,0.007891178,CD8+ T
CCCAGTTTCGTACCGA-14-s4d8,GARQ,D11,0,40,40,27,0.063195705,CD8+ T
GCGAAGTAGAGAGCCG-14-s4d8,GARQ,D11,0,40,40,0,0.12351525,CD8+ T
CCAACATAGTTAGTTG-14-s4d8,GARQ,D11,0,40,40,3,0.09649968,Proerythroblast
AGTTACATCAATGTCA-14-s4d8,GARQ,D11,0,40,40,3,0.074641466,CD16+ Mono
GCATGAGCACAGCCTG-14-s4d8,GARQ,D11,0,40,40,0,0.013512611,CD8+ T
TTGCACACATAATCCG-14-s4d8,GARQ,D11,0,40,40,8,0.01796174,CD14+ Mono
TGCAATATCGATCAGT-14-s4d8,GARQ,D11,0,40,40,14,0.05242282,CD14+ Mono
GCATGAAAGTCCTTCA-14-s4d8,GARQ,D11,0,40,40,9,0.016922593,CD8+ T
CGTTAGTAGTCCTTCA-14-s4d8,GARQ,D11,0,40,40,33,0.062141836,G/M prog
ACGAAGTCACCCACAG-14-s4d8,GARQ,D11,0,40,40,0,0.12817264,NK
GGTCATTAGGAAGTAT-14-s4d8,GARQ,D11,0,40,40,0,0.004161358,CD8+ T
ACTTATCTCTAAGGAG-14-s4d8,GARQ,D11,0,40,40,18,0.013447046,CD8+ T
ACGCCTAAGTTGTCCC-14-s4d8,GARQ,D11,0,40,40,23,0.52721334,Proerythroblast
CCGCTTAGTGTTGTAG-14-s4d8,GARQ,D11,0,40,40,16,0.011509657,CD8+ T
ATATGGTGTGAGGTAG-14-s4d8,GARQ,D11,0,40,40,3,0.04115504,CD14+ Mono
AACGCTAGTTGGATAT-14-s4d8,GARQ,D11,0,40,40,3,0.18211347,CD14+ Mono
ACCTGGATCAGGGCCT-14-s4d8,GARQ,D11,0,40,40,12,0.20730406,cDC2
ACCATTAAGCAAGATG-14-s4d8,GARQ,D11,0,40,40,15,0.015738487,CD8+ T
TTAGCAATCCTTCAAT-14-s4d8,GARQ,D11,0,40,40,32,0.054137945,NK
TAGTTTGAGACACCGC-14-s4d8,GARQ,D11,0,40,40,24,0.15681386,Naive CD20+ B
CACATACAGGGTTATC-14-s4d8,GARQ,D11,0,40,40,15,0.060020447,CD8+ T
ATTGGCTAGCGAAGTA-14-s4d8,GARQ,D11,0,40,40,24,0.21766376,Plasma cell
AGACACGCAAGGATTA-14-s4d8,GARQ,D11,0,40,40,17,0.025792122,CD8+ T
GACAATACAACACCTA-14-s4d8,GARQ,D11,0,40,40,23,0.5362401,Erythroblast
CCTATTTAGCCTAACG-14-s4d8,GARQ,D11,0,40,40,15,0.023133755,CD8+ T
TACGGTTAGTTATTCC-14-s4d8,GARQ,D11,0,40,40,16,0.065556705,CD8+ T
TTGTTTGGTTAGCATG-14-s4d8,GARQ,D11,0,40,40,24,0.39694786,Naive CD20+ B
AGTGTGGCATTAAGTC-14-s4d8,GARQ,D11,0,40,40,16,0.14191508,NK
CCCGTTGTCATTACTC-14-s4d8,GARQ,D11,0,40,40,20,0.0812943,CD4+ T activated
CATTATCTCCTTTACG-14-s4d8,GARQ,D11,0,40,40,0,0.061002135,NK
GGAACAATCATGGCCA-14-s4d8,GARQ,D11,0,40,40,27,0.0077744722,CD8+ T
GTAGGAGGTTACCTGT-14-s4d8,GARQ,D11,0,40,40,24,0.3865068,B1 B
GCACGCTAGTTCCCGT-14-s4d8,GARQ,D11,0,40,40,38,0.025947154,CD8+ T
ACAGGAATCTAGCGAT-14-s4d8,GARQ,D11,0,40,40,23,0.6732092,Proerythroblast
CCTCCTGAGGACAACA-14-s4d8,GARQ,D11,0,40,40,29,0.16681182,G/M prog
GATCAGGCAGGCTTCG-14-s4d8,GARQ,D11,0,40,40,16,0.029116869,CD4+ T naive
GTTGCCCGTGTGTCCC-14-s4d8,GARQ,D11,0,40,40,23,0.05814916,CD14+ Mono
AGGTCCGGTTAGGCTA-14-s4d8,GARQ,D11,0,40,40,32,0.08578712,CD8+ T
GAACCAGCATTGTTGG-14-s4d8,GARQ,D11,0,40,40,23,0.7056485,Proerythroblast
TTACACCGTCTAGCTT-14-s4d8,GARQ,D11,0,40,40,0,0.05493927,CD8+ T
CCAATATCATGATTGT-14-s4d8,GARQ,D11,0,40,40,22,0.20157862,CD8+ T
AATGTCCAGCAAGGGT-14-s4d8,GARQ,D11,0,40,40,18,0.118057966,CD8+ T
GAAGTAAGTACAATGT-14-s4d8,GARQ,D11,0,40,40,38,0.05761218,CD8+ T
AACCGCTCACAGAACG-14-s4d8,GARQ,D11,0,40,40,24,0.30826008,Naive CD20+ B
CTAAATGTCCTAAGTA-14-s4d8,GARQ,D11,0,40,40,0,0.05498314,CD8+ T
TATCGAGGTGGCTTCC-14-s4d8,GARQ,D11,0,40,40,27,0.08516884,CD8+ T
GCTTTGTGTAACCTAG-14-s4d8,GARQ,D11,0,40,40,0,0.06343073,CD8+ T
AGGAGCTAGTTATCTC-14-s4d8,GARQ,D11,0,40,40,23,0.6574718,Erythroblast
ACGTTACAGGACACTT-14-s4d8,GARQ,D11,0,40,40,23,0.21053553,Proerythroblast
CTGGACCAGAAAGGAA-14-s4d8,GARQ,D11,0,40,40,0,0.08706558,CD8+ T
TATAACCCATAAGCAA-14-s4d8,GARQ,D11,0,40,40,0,0.027589917,CD8+ T
GATGGACAGCGGTTAT-14-s4d8,GARQ,D11,0,40,40,24,0.25868517,Naive CD20+ B
ACTATCCGTTAGGTGC-14-s4d8,GARQ,D11,0,40,40,23,1.1682435,Erythroblast
CGTTATTTCACGCATG-14-s4d8,GARQ,D11,0,40,40,23,0.3459592,Proerythroblast
AACAGGATCCTGGTCT-14-s4d8,GARQ,D11,0,40,40,15,0.017991424,NK
TATGACTCAGTACCGT-14-s4d8,GARQ,D11,0,40,40,18,0.02512312,CD8+ T
TTTGGTGCACCTCAGG-14-s4d8,GARQ,D11,0,40,40,11,0.004725814,CD8+ T
CTTGACGAGCGGATTT-14-s4d8,GARQ,D11,0,40,40,27,0.1628545,NK
ATAAGCCTCACAAGCT-14-s4d8,GARQ,D11,0,40,40,24,0.23677683,Naive CD20+ B
TAGGCTTAGCAGGCCT-14-s4d8,GARQ,D11,0,40,40,2,0.12934566,CD4+ T activated
GCTGTGATCAATGTCA-14-s4d8,GARQ,D11,0,40,40,0,0.0350883,CD8+ T
ACGGGAAGTTCCTGAT-14-s4d8,GARQ,D11,0,40,40,16,0.04804802,CD8+ T
ACAGGTAAGGTATTGC-14-s4d8,GARQ,D11,0,40,40,32,0.011956096,CD8+ T
AATAACCGTTTGCAGA-14-s4d8,GARQ,D11,0,40,40,28,0.06384987,CD14+ Mono
TCCACAACAAGGTACG-14-s4d8,GARQ,D11,0,40,40,0,0.105578125,CD4+ T activated
AACAGATAGTTAGACC-14-s4d8,GARQ,D11,0,40,40,3,0.033309758,CD14+ Mono
TGGCCTGCAAGTTATC-14-s4d8,GARQ,D11,0,40,40,17,0.04655415,CD8+ T
ATGGCTAGTTGCGGAT-14-s4d8,GARQ,D11,0,40,40,0,0.02658701,CD8+ T
GCACGCTAGTAGGCGG-14-s4d8,GARQ,D11,0,40,40,12,0.044472873,CD4+ T activated
CGATTCCTCCGCCTCA-14-s4d8,GARQ,D11,0,40,40,27,0.10211897,CD8+ T
GACCGAACATTAAGTC-14-s4d8,GARQ,D11,0,40,40,38,0.012884259,CD8+ T
CTATTCAGTAATCCCT-14-s4d8,GARQ,D11,0,40,40,9,0.015485406,CD8+ T
AAGCGCTGTTCCGGCT-14-s4d8,GARQ,D11,0,40,40,23,0.40653968,Proerythroblast
CTTCACTCAGTAGGTG-14-s4d8,GARQ,D11,0,40,40,18,0.02174139,CD8+ T
TTCGCAACAACCGCCA-14-s4d8,GARQ,D11,0,40,40,16,0.07572454,CD8+ T
TCTAGCGAGCTTACTT-14-s4d8,GARQ,D11,0,40,40,3,0.43169045,Lymph prog
ACATAGCTCTCCTCTT-14-s4d8,GARQ,D11,0,40,40,24,0.2123028,Naive CD20+ B
TCTAATCTCCGGTATG-14-s4d8,GARQ,D11,0,40,40,24,0.50899076,Naive CD20+ B
TCTCAATTCACAAGCT-14-s4d8,GARQ,D11,0,40,40,24,0.29380745,Naive CD20+ B
TTTACGAAGCTCCTAC-14-s4d8,GARQ,D11,0,40,40,24,0.15715247,Transitional B
CTTTATGGTTTGTCTA-14-s4d8,GARQ,D11,0,40,40,24,0.5753038,Transitional B
TTGGCTGAGCTTAACA-14-s4d8,GARQ,D11,0,40,40,32,0.008081675,CD8+ T
AGTAAACAGCACAGGG-14-s4d8,GARQ,D11,0,40,40,24,0.32335067,Transitional B
CTTTCTTGTAGCCATA-14-s4d8,GARQ,D11,0,40,40,0,0.10297537,CD8+ T
GTAGCTGTCCAAACAC-14-s4d8,GARQ,D11,0,40,40,24,0.20289886,Transitional B
TGCATTAAGTTGCGTG-14-s4d8,GARQ,D11,0,40,40,24,0.37074143,B1 B
CGATTCCTCTTTAAGG-14-s4d8,GARQ,D11,0,40,40,0,0.039949656,CD8+ T
ACGTCCAAGGTTAGCT-14-s4d8,GARQ,D11,0,40,40,24,0.43414372,Naive CD20+ B
ATCAGGTTCATTACGA-14-s4d8,GARQ,D11,0,40,40,4,0.06632006,CD4+ T naive
GACTCACCACAATACT-14-s4d8,GARQ,D11,0,40,40,24,0.6770649,Naive CD20+ B
AAGTAGCCATAGACTT-14-s4d8,GARQ,D11,0,40,40,18,0.15296078,CD8+ T
AATCTCAAGTGAGCGG-14-s4d8,GARQ,D11,0,40,40,7,0.041115463,Transitional B
GGCTATTAGGGCCATC-14-s4d8,GARQ,D11,0,40,40,27,0.012784004,CD4+ T activated
AATGTCATCCGCAAGC-14-s4d8,GARQ,D11,0,40,40,32,0.14668965,CD8+ T
AATCATCCAGCAAGAT-14-s4d8,GARQ,D11,0,40,40,3,0.096143365,CD14+ Mono
TCGCGCACAATCCTGA-14-s4d8,GARQ,D11,0,40,40,24,0.19637537,Naive CD20+ B
CCTTTAGTCATCAGTA-14-s4d8,GARQ,D11,0,40,40,38,0.06285858,CD8+ T
TTAGCAGGTCGCAATA-14-s4d8,GARQ,D11,0,40,40,24,0.41683376,Naive CD20+ B
GGTTTGTAGGAACCAA-14-s4d8,GARQ,D11,0,40,40,18,0.092024684,CD8+ T
CCTGAGTCAAATACCT-14-s4d8,GARQ,D11,0,40,40,3,0.38933784,HSC
GAGCTAGCAAGTCGCT-14-s4d8,GARQ,D11,0,40,40,26,0.017417133,MK/E prog
ACCTTGCTCGAGCTAT-14-s4d8,GARQ,D11,0,40,40,23,1.0993593,Erythroblast
TAGCTAGGTGCAATGC-14-s4d8,GARQ,D11,0,40,40,4,0.034311295,CD8+ T
ATCAATCCATATAACC-14-s4d8,GARQ,D11,0,40,40,2,0.029563427,CD8+ T
ATCTATGAGTTAGCTA-14-s4d8,GARQ,D11,0,40,40,24,0.21327066,Transitional B
CGTGCACAGACAGGCG-14-s4d8,GARQ,D11,0,40,40,15,0.010219097,CD8+ T
AACCTCCTCTAATTGG-14-s4d8,GARQ,D11,0,40,40,23,0.19853535,CD14+ Mono
GAGGGAGCAGTCTATG-14-s4d8,GARQ,D11,0,40,40,24,0.10475606,Transitional B
AACAGGATCCTCCCTC-14-s4d8,GARQ,D11,0,40,40,30,0.06152737,CD8+ T
CTTAAGATCACACAGT-14-s4d8,GARQ,D11,0,40,40,27,0.057196975,CD8+ T
GATCGAGCATTAAACC-14-s4d8,GARQ,D11,0,40,40,38,0.12263298,CD4+ T activated
GGTGTCCAGCTCCTAC-14-s4d8,GARQ,D11,0,40,40,27,0.019203424,CD8+ T
AATCCCTGTACCCACC-14-s4d8,GARQ,D11,0,40,40,27,0.029071331,CD8+ T
CCAGTTTGTTAGCATG-14-s4d8,GARQ,D11,0,40,40,18,0.023309946,CD8+ T
TGTGAAACACCTGCTC-14-s4d8,GARQ,D11,0,40,40,30,0.031304955,CD8+ T
GATTATGTCCGCAAGC-14-s4d8,GARQ,D11,0,40,40,16,0.07002252,CD8+ T
TATGGCCCATAGACCC-14-s4d8,GARQ,D11,0,40,40,2,0.052779675,CD4+ T activated
AAGGTATAGGTCCGTA-14-s4d8,GARQ,D11,0,40,40,8,0.04466462,cDC2
CGCTGTGCAAGTGTTT-14-s4d8,GARQ,D11,0,40,40,24,0.36653972,Transitional B
AGTGCGGAGTGTGATC-14-s4d8,GARQ,D11,0,40,40,9,0.040484667,CD8+ T
AATTGTGTCAAACCTA-14-s4d8,GARQ,D11,0,40,40,27,0.05444503,CD8+ T
TTGCAACAGTCACCAG-14-s4d8,GARQ,D11,0,40,40,12,0.09660846,CD16+ Mono
TGCTCAACAGGAACCA-14-s4d8,GARQ,D11,0,40,40,24,0.47412235,Naive CD20+ B
GCTGTACCAACTAGAA-14-s4d8,GARQ,D11,0,40,40,24,0.3109032,Naive CD20+ B
TCTAGCCTCTAAGTCA-14-s4d8,GARQ,D11,0,40,40,24,0.4035052,Naive CD20+ B
AATAACCGTTCAAGAT-14-s4d8,GARQ,D11,0,40,40,3,0.035233498,pDC
CATAGACTCAGTTCCC-14-s4d8,GARQ,D11,0,40,40,1,0.04289186,Transitional B
TGGGCATGTTAACGAT-14-s4d8,GARQ,D11,0,40,40,32,0.03963256,CD8+ T
CTGGTAAGTCACGAAC-14-s4d8,GARQ,D11,0,40,40,0,0.25736594,CD8+ T
TCTTCAAGTCAATAGT-14-s4d8,GARQ,D11,0,40,40,24,0.3708148,Naive CD20+ B
GCCTTGCGTTTAACGG-14-s4d8,GARQ,D11,0,40,40,16,0.05593157,CD8+ T
ACAAAGGTCTCCATAT-14-s4d8,GARQ,D11,0,40,40,24,0.20766383,B1 B
TCTCCTCGTGGATTCA-14-s4d8,GARQ,D11,0,40,40,9,0.06431496,CD8+ T
CAGCTCAAGCTATTAG-14-s4d8,GARQ,D11,0,40,40,38,0.13765132,CD8+ T
CACCGGTAGGACAATG-14-s4d8,GARQ,D11,0,40,40,32,0.0028113127,CD8+ T
ATGTCATCAGGCCATT-14-s4d8,GARQ,D11,0,40,40,27,0.0232929,CD8+ T
CCAAACCCAAGCTTAT-14-s4d8,GARQ,D11,0,40,40,0,0.09633803,CD8+ T
TCATCCATCGATATTG-14-s4d8,GARQ,D11,0,40,40,3,0.02396214,Proerythroblast
TATAACCCACCTAAGC-14-s4d8,GARQ,D11,0,40,40,24,0.15464342,B1 B
ACCGGTTCAGAAACGT-14-s4d8,GARQ,D11,0,40,40,32,0.012500644,CD8+ T
ACCAAGCGTTAGGCGT-14-s4d8,GARQ,D11,0,40,40,31,0.055660248,CD8+ T
GCAAGTGCATCCTGAA-14-s4d8,GARQ,D11,0,40,40,23,0.4027542,Erythroblast
AGTGCACGTGAAGCCT-14-s4d8,GARQ,D11,0,40,40,23,0.26716852,Proerythroblast
GTTCCTGGTCCAAATG-14-s4d8,GARQ,D11,0,40,40,0,0.016638458,CD8+ T
CCTATTTAGTTATTCC-14-s4d8,GARQ,D11,0,40,40,23,0.2734127,Erythroblast
AGTAACACACAGCCAT-14-s4d8,GARQ,D11,0,40,40,23,0.6426716,Erythroblast
ACACAATGTCATCAAG-14-s4d8,GARQ,D11,0,40,40,27,0.041862965,CD8+ T
CCAGGATGTACTTCAC-14-s4d8,GARQ,D11,0,40,40,15,0.062149107,CD8+ T
ACATCAATCCCATAGG-14-s4d8,GARQ,D11,0,40,40,24,0.20370567,Transitional B
TTATTGCTCGAGCAAA-14-s4d8,GARQ,D11,0,40,40,23,0.33342528,Erythroblast
GCACGCTAGCTCAATA-14-s4d8,GARQ,D11,0,40,40,32,0.08316445,CD8+ T
AAGCTTGGTATTGCAG-14-s4d8,GARQ,D11,0,40,40,23,0.34535754,Proerythroblast
GATCCGTCAGAACCGA-14-s4d8,GARQ,D11,0,40,40,3,0.19392133,HSC
GGCCGTTAGACAAGTG-14-s4d8,GARQ,D11,0,40,40,20,0.0050665736,CD8+ T
TCCTTAGTCCTTGAGG-14-s4d8,GARQ,D11,0,40,40,16,0.006627679,CD4+ T activated
TGGTGATTCATTATGG-14-s4d8,GARQ,D11,0,40,40,23,0.65152776,Normoblast
GTGAGGAGTGGATTAT-14-s4d8,GARQ,D11,0,40,40,22,0.06307322,CD4+ T naive
GTAAGCAAGCTTATGA-14-s4d8,GARQ,D11,0,40,40,24,0.2666592,Naive CD20+ B
TTGAGGCGTTTGGGTA-14-s4d8,GARQ,D11,0,40,40,23,0.40930057,Proerythroblast
ACTGAAACAGCTCAAC-14-s4d8,GARQ,D11,0,40,40,23,0.39952928,Proerythroblast
CTCTAGCTCAGGATGA-14-s4d8,GARQ,D11,0,40,40,0,0.043573618,CD8+ T
CTTAAGGGTCATGAGC-14-s4d8,GARQ,D11,0,40,40,23,0.5276673,Normoblast
GTTAATGTCGTCAAGT-14-s4d8,GARQ,D11,0,40,40,0,0.083889246,CD8+ T
TTGTAAGTCATAGACC-14-s4d8,GARQ,D11,0,40,40,24,0.6302551,Naive CD20+ B
CTCATGACACTCAACA-14-s4d8,GARQ,D11,0,40,40,20,0.04665816,CD8+ T
GGGCGAATCCCTGTTA-14-s4d8,GARQ,D11,0,40,40,27,0.0046372414,CD8+ T
TCGGTTACATGAATAG-14-s4d8,GARQ,D11,0,40,40,18,0.047131777,CD8+ T
CACTGACCAATTTGGT-14-s4d8,GARQ,D11,0,40,40,18,0.16358888,CD8+ T
CCAGGAACAAGTGTTT-14-s4d8,GARQ,D11,0,40,40,3,0.01564157,CD14+ Mono
TAGGCTTAGGCTAAGA-14-s4d8,GARQ,D11,0,40,40,27,0.051582098,CD8+ T
GCAGCTATCTAAGGAG-14-s4d8,GARQ,D11,0,40,40,23,0.75652885,Erythroblast
TTAACTGAGTTAGAGG-14-s4d8,GARQ,D11,0,40,40,3,0.052712917,CD16+ Mono
AGTAAACAGGTCTTGG-14-s4d8,GARQ,D11,0,40,40,24,0.36455154,Transitional B
GTGATGAAGACTAAGG-14-s4d8,GARQ,D11,0,40,40,24,0.3876053,Transitional B
AAGGTCAAGCAAACCT-14-s4d8,GARQ,D11,0,40,40,24,0.31086648,Naive CD20+ B
GATGCAGCAGAAACGT-14-s4d8,GARQ,D11,0,40,40,24,0.1695326,B1 B
ATGTCATCAACACCTA-14-s4d8,GARQ,D11,0,40,40,24,0.16417885,Transitional B
CAATATGTCCCTCAAC-14-s4d8,GARQ,D11,0,40,40,23,0.5847586,Proerythroblast
AAAGCACCACAAACTT-14-s4d8,GARQ,D11,0,40,40,23,0.797709,Erythroblast
TGTGTGAGTCAACAAT-14-s4d8,GARQ,D11,0,40,40,23,0.817518,Proerythroblast
GTGTCCAAGGTATTGC-14-s4d8,GARQ,D11,0,40,40,24,0.3768536,Naive CD20+ B
ACTTGTCGTCAAAGGG-14-s4d8,GARQ,D11,0,40,40,27,0.036835313,NK
AAGCTATGTTTACCGT-14-s4d8,GARQ,D11,0,40,40,32,0.027961552,CD4+ T activated
AGCATTTCACCTGCCT-14-s4d8,GARQ,D11,0,40,40,24,0.44891167,Transitional B
TCGCGAGGTCCACAAA-14-s4d8,GARQ,D11,0,40,40,15,0.012508273,CD8+ T
GAACTTATCATCGTTT-14-s4d8,GARQ,D11,0,40,40,24,0.22198236,Naive CD20+ B
GAGGCTACAGCTAATT-14-s4d8,GARQ,D11,0,40,40,24,0.25546813,B1 B
GGATTTATCAAGACTC-14-s4d8,GARQ,D11,0,40,40,3,0.09374213,CD14+ Mono
TTTGCGGAGCTCAAAC-14-s4d8,GARQ,D11,0,40,40,3,0.009458184,HSC
ATTTGCAAGATTCCTT-14-s4d8,GARQ,D11,0,40,40,24,0.40602636,Transitional B
ACATTGCAGCTGTACG-14-s4d8,GARQ,D11,0,40,40,28,0.13136446,cDC2
ACCAGGACAACAACAA-14-s4d8,GARQ,D11,0,40,40,38,0.118683696,CD4+ T activated
GGTTTAATCAGGTCCA-14-s4d8,GARQ,D11,0,40,40,0,0.0037988424,CD8+ T
ATGTTTGAGTTGCGTG-14-s4d8,GARQ,D11,0,40,40,23,0.1255697,Proerythroblast
TTAAAGGCACCGGTAT-14-s4d8,GARQ,D11,0,40,40,9,0.041240633,CD8+ T
GCCTACTTCCAGGTCA-14-s4d8,GARQ,D11,0,40,40,23,0.28693026,Proerythroblast
TTCACTGTCGGCCATA-14-s4d8,GARQ,D11,0,40,40,24,0.32580388,B1 B
CGTTAAATCCCTGATC-14-s4d8,GARQ,D11,0,40,40,12,0.009347379,CD16+ Mono
AGCGATTTCATCCTAT-14-s4d8,GARQ,D11,0,40,40,24,0.41871518,Naive CD20+ B
AAAGGAGCAAGTTATC-14-s4d8,GARQ,D11,0,40,40,18,0.16371381,CD8+ T
AGTAATCGTTTGGCGG-14-s4d8,GARQ,D11,0,40,40,20,0.11829579,CD8+ T
ATCGCTTGTAATCACG-14-s4d8,GARQ,D11,0,40,40,25,0.034912586,Normoblast
TTAGGCGTCTCACACC-14-s4d8,GARQ,D11,0,40,40,32,0.058343053,CD8+ T
GTGAACAAGGTATTGC-14-s4d8,GARQ,D11,0,40,40,24,0.042081296,B1 B
ACCACATAGCTGCACA-14-s4d8,GARQ,D11,0,40,40,24,0.23347855,Transitional B
GCTTGTTGTAACTACG-14-s4d8,GARQ,D11,0,40,40,38,0.01190114,CD8+ T
GTATCGCCATCGTTCT-14-s4d8,GARQ,D11,0,40,40,27,0.029662251,CD8+ T
CTCTAAGCAACTAGCC-14-s4d8,GARQ,D11,0,40,40,34,0.081249595,CD8+ T
CACATTAAGGTCAAAG-14-s4d8,GARQ,D11,0,40,40,18,0.07061851,CD4+ T activated
CCTACTGGTGGATGTC-14-s4d8,GARQ,D11,0,40,40,4,0.016276479,CD4+ T activated
ATCACTAAGCCTCTGT-14-s4d8,GARQ,D11,0,40,40,23,1.0148275,Erythroblast
GAAGTAAGTAACTACG-14-s4d8,GARQ,D11,0,40,40,24,0.42673075,Naive CD20+ B
TTATTGCTCTTGCATT-14-s4d8,GARQ,D11,0,40,40,0,0.059503317,NK
GTGTGTTAGGCGAATA-14-s4d8,GARQ,D11,0,40,40,24,0.7011335,Naive CD20+ B
GCTGACCAGACTTATG-14-s4d8,GARQ,D11,0,40,40,29,0.14866573,CD16+ Mono
CCTATAGCAAAGGTAC-14-s4d8,GARQ,D11,0,40,40,4,0.18084979,CD8+ T
ATTCCTAGTGCTCCGT-14-s4d8,GARQ,D11,0,40,40,10,0.02993077,CD14+ Mono
AGTCAAGAGACAACAG-14-s4d8,GARQ,D11,0,40,40,27,0.16177732,CD4+ T activated
CTATGATCAAGTGTTT-14-s4d8,GARQ,D11,0,40,40,2,0.037443876,CD4+ T naive
CATTATCTCGTACCGA-14-s4d8,GARQ,D11,0,40,40,32,0.022311807,CD4+ T activated
TAGTAACGTGTCCAAA-14-s4d8,GARQ,D11,0,40,40,18,0.07125628,CD8+ T
AGCCTAGTCGTTTCCA-14-s4d8,GARQ,D11,0,40,40,32,0.018252611,NK
TAGTTGTCACTTAACG-14-s4d8,GARQ,D11,0,40,40,15,0.02673024,CD8+ T
TTAGGCTAGCTAAAGG-14-s4d8,GARQ,D11,0,40,40,27,0.0016037226,CD8+ T
CTCCTCACAGTGAACG-14-s4d8,GARQ,D11,0,40,40,35,0.07468593,CD8+ T
ATCCCGCGTATTGTCC-14-s4d8,GARQ,D11,0,40,40,24,0.29509115,B1 B
TCTTAGTTCCTAATAG-14-s4d8,GARQ,D11,0,40,40,27,0.055020094,CD8+ T
GGAACCACAAAGGCCA-14-s4d8,GARQ,D11,0,40,40,19,0.014198542,CD8+ T
CTCATTTAGGTTAGCT-14-s4d8,GARQ,D11,0,40,40,24,0.83006763,Naive CD20+ B
TTATTGCTCTTTGAGA-14-s4d8,GARQ,D11,0,40,40,3,0.36453545,MK/E prog
AGCTCATAGTCTTGAA-14-s4d8,GARQ,D11,0,40,40,38,0.014737964,CD8+ T
GCGAGTGAGGCGAAAC-14-s4d8,GARQ,D11,0,40,40,8,0.053033173,CD14+ Mono
CTTCAATTCAGGAAGC-14-s4d8,GARQ,D11,0,40,40,15,0.0149002075,CD4+ T activated
CTGCAATAGCGATAGA-14-s4d8,GARQ,D11,0,40,40,24,0.411363,Naive CD20+ B
CATAGTCAGGCCCAGT-14-s4d8,GARQ,D11,0,40,40,24,0.2869116,Naive CD20+ B
TTGCAACAGACTATTG-14-s4d8,GARQ,D11,0,40,40,23,0.5464958,Proerythroblast
ACCTAAGGTAGTTAAC-14-s4d8,GARQ,D11,0,40,40,16,0.029142618,NK
TCCTTGCAGGTACCGC-14-s4d8,GARQ,D11,0,40,40,0,0.061290503,CD8+ T
AGTTATGTCATTAGTG-14-s4d8,GARQ,D11,0,40,40,16,0.040143967,CD8+ T
TACCTTTAGCGCATTG-14-s4d8,GARQ,D11,0,40,40,23,0.2409749,Proerythroblast
ACTCCTCAGGTGAAGC-14-s4d8,GARQ,D11,0,40,40,20,0.039482117,CD4+ T activated
CATAGCTAGCATGACT-14-s4d8,GARQ,D11,0,40,40,0,0.037180424,NK
CCTAATAAGGTTAGCT-14-s4d8,GARQ,D11,0,40,40,9,0.04770273,CD8+ T
GTATTCAAGCGATAAG-14-s4d8,GARQ,D11,0,40,40,24,0.39204,Naive CD20+ B
TGCCATTGTATTCGTC-14-s4d8,GARQ,D11,0,40,40,27,0.110524535,CD8+ T
CTGGATGTCCTAAGTA-14-s4d8,GARQ,D11,0,40,40,3,0.14932418,Proerythroblast
CGGTTTGAGACAGGCG-14-s4d8,GARQ,D11,0,40,40,18,0.021290183,CD8+ T
TTGCAATCATTGACAT-14-s4d8,GARQ,D11,0,40,40,24,0.33019233,Naive CD20+ B
CGGCAATGTTTGGGCG-14-s4d8,GARQ,D11,0,40,40,24,0.12120032,B1 B
CCTGAATAGCTCCTTA-14-s4d8,GARQ,D11,0,40,40,18,0.03771484,CD8+ T
TAATCACCAGTAAGTA-14-s4d8,GARQ,D11,0,40,40,23,1.1933458,Erythroblast
GCTTAACAGACACTTA-14-s4d8,GARQ,D11,0,40,40,24,0.2961033,CD8+ T
GTGCCTTTCGCTATGG-14-s4d8,GARQ,D11,0,40,40,16,0.034960806,CD8+ T
CGCTTCTAGCTCAAAC-14-s4d8,GARQ,D11,0,40,40,32,0.18236756,CD8+ T
TAGGAGGGTAACAGGG-14-s4d8,GARQ,D11,0,40,40,24,0.47591424,Transitional B
AAGCCACGTGACATAT-14-s4d8,GARQ,D11,0,40,40,23,0.054757953,CD16+ Mono
TCAAGCTAGACTCGCA-14-s4d8,GARQ,D11,0,40,40,24,0.33122516,Naive CD20+ B
GATTCAATCCCTGGTT-14-s4d8,GARQ,D11,0,40,40,32,0.024907589,CD8+ T
GCATCCTTCGTTTCGC-14-s4d8,GARQ,D11,0,40,40,24,0.21072066,B1 B
AGCTTAATCCCGTTTA-14-s4d8,GARQ,D11,0,40,40,24,0.2805705,Naive CD20+ B
GGACTAAAGCAGGTTT-14-s4d8,GARQ,D11,0,40,40,3,0.15088606,CD16+ Mono
CTCGCTCCACAAACTT-14-s4d8,GARQ,D11,0,40,40,5,0.06896269,CD8+ T
TCGCCCATCCACCTTA-14-s4d8,GARQ,D11,0,40,40,2,0.0072356462,CD8+ T
TCGCCCATCGCTAGCA-14-s4d8,GARQ,D11,0,40,40,24,0.51688194,Naive CD20+ B
TTTCAGTTCCTAAGGT-14-s4d8,GARQ,D11,0,40,40,24,0.38916838,Naive CD20+ B
ATTCCTCCACCTGTAA-14-s4d8,GARQ,D11,0,40,40,17,0.017703295,CD8+ T
GGATGTAAGGTAACGA-14-s4d8,GARQ,D11,0,40,40,16,0.04251063,CD8+ T
GCGGATACATTGTGTG-14-s4d8,GARQ,D11,0,40,40,14,0.0113686025,CD14+ Mono
TGAAACTGTACCTTAC-14-s4d8,GARQ,D11,0,40,40,24,0.5439329,Naive CD20+ B
AGTTGGCGTGTGCACG-14-s4d8,GARQ,D11,0,40,40,32,0.1493001,CD8+ T
GTCAATATCAGGATGA-14-s4d8,GARQ,D11,0,40,40,15,0.04029751,CD8+ T
TTCTTAGGTTGTTGCT-14-s4d8,GARQ,D11,0,40,40,24,0.6883228,B1 B
ATGCAGGCACCTGCTC-14-s4d8,GARQ,D11,0,40,40,29,0.0047024786,cDC2
GACAATACACTAGGTC-14-s4d8,GARQ,D11,0,40,40,34,0.021344662,CD4+ T activated
TAGCGGACAACACTTG-14-s4d8,GARQ,D11,0,40,40,8,0.065194935,cDC2
CTTAGGAGTACCGTTT-14-s4d8,GARQ,D11,0,40,40,24,0.5569136,B1 B
AACGACAAGGCATGTT-14-s4d8,GARQ,D11,0,40,40,16,0.070988774,CD8+ T
GGCGGTAAGCGAAGTA-14-s4d8,GARQ,D11,0,40,40,24,0.22645867,Transitional B
TGATGATGTTAAGCGC-14-s4d8,GARQ,D11,0,40,40,17,0.05605519,CD8+ T
CATGCAAGTGAATCGC-14-s4d8,GARQ,D11,0,40,40,38,0.123505354,CD8+ T
GTCTATGCATTATGGT-14-s4d8,GARQ,D11,0,40,40,33,0.006947279,CD8+ T
TTTACGCGTTAATCGG-14-s4d8,GARQ,D11,0,40,40,29,0.004351437,CD14+ Mono
ATTGACTCAGTAGCCT-14-s4d8,GARQ,D11,0,40,40,15,0.0068264008,CD8+ T
GGGTGAAGTTCGCGCT-14-s4d8,GARQ,D11,0,40,40,20,0.02758348,CD8+ T
GCCAACATCGGTCATG-14-s4d8,GARQ,D11,0,40,40,3,0.11856848,CD14+ Mono
GTAAGCGCAATCCTAG-14-s4d8,GARQ,D11,0,40,40,24,0.31614602,Naive CD20+ B
ATGGTGCGTATCTGGA-14-s4d8,GARQ,D11,0,40,40,24,0.3680024,B1 B
TAGGCTGTCAGTGAAG-14-s4d8,GARQ,D11,0,40,40,32,0.086763024,CD8+ T
GATAAAGGTTGTTCAC-14-s4d8,GARQ,D11,0,40,40,16,0.013875246,CD8+ T
GCGCTAGGTGAAACAA-14-s4d8,GARQ,D11,0,40,40,33,0.105739,CD4+ T activated
TACGCTTGTAATAGCT-14-s4d8,GARQ,D11,0,40,40,0,0.06656647,CD8+ T
TGCTAACAGGGTCCAC-14-s4d8,GARQ,D11,0,40,40,17,0.039844632,CD4+ T activated
CATCAGCCAGCCAGAA-14-s4d8,GARQ,D11,0,40,40,18,0.0018284321,CD8+ T
ACACTTAAGTAACTCA-14-s4d8,GARQ,D11,0,40,40,2,0.12841737,CD8+ T
AGAAACCCAGTCTATG-14-s4d8,GARQ,D11,0,40,40,15,0.070996284,CD4+ T naive
TTGCTTTAGTCACTAA-14-s4d8,GARQ,D11,0,40,40,16,0.11745596,CD8+ T
CCTATATTCTCACTCA-14-s4d8,GARQ,D11,0,40,40,27,0.008577347,CD8+ T
CGAATCTAGCCAAATC-14-s4d8,GARQ,D11,0,40,40,3,0.38073587,MK/E prog
CGTATTGCAGCCAGTT-14-s4d8,GARQ,D11,0,40,40,8,0.08163977,cDC2
AGCGGACCAGGACCAA-14-s4d8,GARQ,D11,0,40,40,27,0.021765113,CD8+ T
CGAATATGTTTGCGAA-14-s4d8,GARQ,D11,0,40,40,24,0.3636924,Transitional B
GGACTAAAGATTGAGG-14-s4d8,GARQ,D11,0,40,40,33,0.0037808418,CD4+ T naive
CTCCTAATCTAGCGTG-14-s4d8,GARQ,D11,0,40,40,1,0.0066387653,CD4+ T naive
TAGTAGGAGACCATAC-14-s4d8,GARQ,D11,0,40,40,24,0.58642614,Naive CD20+ B
TGTGCGGGTCGAAGTC-14-s4d8,GARQ,D11,0,40,40,18,0.07154906,CD8+ T
GTTGTTGCAGCACCAT-14-s4d8,GARQ,D11,0,40,40,24,0.4200554,Naive CD20+ B
TGGGCATGTACGGTAC-14-s4d8,GARQ,D11,0,40,40,0,0.08811343,CD8+ T
CATAGGTTCATGCATA-14-s4d8,GARQ,D11,0,40,40,17,0.002305746,CD8+ T
CTCTTGATCGGGACCT-14-s4d8,GARQ,D11,0,40,40,24,0.23854685,B1 B
TCCAGGTCACGTAATT-14-s4d8,GARQ,D11,0,40,40,16,0.044150352,CD8+ T
GCTGTGATCACGCATG-14-s4d8,GARQ,D11,0,40,40,27,0.2268256,CD8+ T
GTAGGTGCATGATTGT-14-s4d8,GARQ,D11,0,40,40,32,0.036850095,CD8+ T
CCGGTAGGTTTGCAGA-14-s4d8,GARQ,D11,0,40,40,32,0.10317123,CD8+ T
CACAAGCGTTTGTTGC-14-s4d8,GARQ,D11,0,40,40,23,0.62645537,Proerythroblast
GGTACTTAGGCGGGTA-14-s4d8,GARQ,D11,0,40,40,30,0.04911554,NK
CATCCCAGTTGTGACA-14-s4d8,GARQ,D11,0,40,40,23,0.5278943,Proerythroblast
CTCCTAATCCCGCCTA-14-s4d8,GARQ,D11,0,40,40,23,0.11862624,CD14+ Mono
GAAGGAACAGGTATTT-14-s4d8,GARQ,D11,0,40,40,15,0.05211258,CD4+ T activated
GCTAACCCATGTCGCG-14-s4d8,GARQ,D11,0,40,40,24,0.32967198,Naive CD20+ B
TGGCCTGCAGCAACCT-14-s4d8,GARQ,D11,0,40,40,34,0.020198762,CD4+ T naive
TTAGAAGCAAACAACA-14-s4d8,GARQ,D11,0,40,40,3,0.052111983,cDC2
CGCAATCCATTAGGCC-14-s4d8,GARQ,D11,0,40,40,15,0.04940951,NK
CACCGGTAGCTGAGGG-14-s4d8,GARQ,D11,0,40,40,23,0.32751405,Proerythroblast
TTTGTGGCAGTTGCGT-14-s4d8,GARQ,D11,0,40,40,23,0.49343872,Proerythroblast
GAGGCAAGTCACCAAA-14-s4d8,GARQ,D11,0,40,40,27,0.0038850307,CD8+ T
AACAAAGGTTCGGTAA-14-s4d8,GARQ,D11,0,40,40,13,0.015420377,CD4+ T naive
ATTACCCGTATTCGTC-14-s4d8,GARQ,D11,0,40,40,18,0.10694122,CD8+ T
TCTTTGTAGCCATCAG-14-s4d8,GARQ,D11,0,40,40,0,0.13419962,CD8+ T
GTCTCACTCATTGCGG-14-s4d8,GARQ,D11,0,40,40,0,0.013034463,CD8+ T
AGACAATAGACAACAG-14-s4d8,GARQ,D11,0,40,40,24,0.5670936,Transitional B
AGTAACCTCCATAAGC-14-s4d8,GARQ,D11,0,40,40,3,0.14260113,HSC
TTATCCGTCGACCTGA-14-s4d8,GARQ,D11,0,40,40,24,0.6087836,Naive CD20+ B
TGGATTGGTCAATGTG-14-s4d8,GARQ,D11,0,40,40,3,0.23483211,HSC
GCTATCCTCATAGCCG-14-s4d8,GARQ,D11,0,40,40,16,0.008944988,NK
GGTCGGTTCCACCTGT-14-s4d8,GARQ,D11,0,40,40,23,0.8410268,Erythroblast
TTGTTGCGTTTACTTG-14-s4d8,GARQ,D11,0,40,40,32,0.028304577,CD8+ T
CACCTGTTCATTGACA-14-s4d8,GARQ,D11,0,40,40,15,0.0036363602,CD8+ T
CTAACCACAATAACGA-14-s4d8,GARQ,D11,0,40,40,15,0.031717062,CD8+ T
CGCAAATTCTTGAGGT-14-s4d8,GARQ,D11,0,40,40,38,0.042327523,CD4+ T naive
CTGTAACAGCTCAAAC-14-s4d8,GARQ,D11,0,40,40,3,0.52020895,cDC2
ATGGCTAGTTAGAGGG-14-s4d8,GARQ,D11,0,40,40,23,0.4930867,Proerythroblast
ACACTTGCACAGCCAT-14-s4d8,GARQ,D11,0,40,40,38,0.036302507,CD8+ T
TCGATTAAGCTATTGA-14-s4d8,GARQ,D11,0,40,40,3,0.043987095,CD14+ Mono
TCTATGTTCCTTCGTA-14-s4d8,GARQ,D11,0,40,40,18,0.10348892,CD8+ T
TCTTGACGTATTCGTC-14-s4d8,GARQ,D11,0,40,40,18,0.035693526,CD8+ T
GGCTTCAAGTAACTCA-14-s4d8,GARQ,D11,0,40,40,23,0.33240098,Proerythroblast
GATTGGCGTTTATGGG-14-s4d8,GARQ,D11,0,40,40,14,0.1194098,CD14+ Mono
TGGTTCTGTCATCATC-14-s4d8,GARQ,D11,0,40,40,24,0.39355755,Naive CD20+ B
CGGTGAGAGGCATTAC-14-s4d8,GARQ,D11,0,40,40,23,0.7251749,Proerythroblast
CAATCGCCACAGCCAT-14-s4d8,GARQ,D11,0,40,40,23,0.50641346,Proerythroblast
TTCACTGTCATCCTCA-14-s4d8,GARQ,D11,0,40,40,18,0.0070841312,CD8+ T
TGGCCTTTCGATTTGA-14-s4d8,GARQ,D11,0,40,40,3,0.025844336,Proerythroblast
GGGCTAACACAGAAAC-14-s4d8,GARQ,D11,0,40,40,2,0.15095508,CD4+ T activated
TGATTGCAGTTCCCGT-14-s4d8,GARQ,D11,0,40,40,23,0.11126733,Proerythroblast
TTGACATCAATTATGC-14-s4d8,GARQ,D11,0,40,40,24,0.30957448,Naive CD20+ B
TACGTTAAGCTACTGG-14-s4d8,GARQ,D11,0,40,40,24,0.13828737,Transitional B
TTTCCTGAGAACCTAC-14-s4d8,GARQ,D11,0,40,40,32,0.008145928,NK
TTCATCCCAAACCCTA-14-s4d8,GARQ,D11,0,40,40,24,0.071024835,Naive CD20+ B
AAGCGGGTCTATTGTC-14-s4d8,GARQ,D11,0,40,40,24,0.33350623,Transitional B
TAGCGGACAGAGAGCC-14-s4d8,GARQ,D11,0,40,40,23,0.4335357,Proerythroblast
CTACTTAGTTTGACCT-14-s4d8,GARQ,D11,0,40,40,4,0.103301406,Proerythroblast
AGAACAAGTATACTGG-14-s4d8,GARQ,D11,0,40,40,33,0.018555224,CD4+ T naive
CCAGTTTGTTAGGACC-14-s4d8,GARQ,D11,0,40,40,2,0.015449524,CD8+ T
GCAATGAAGTTACCGG-14-s4d8,GARQ,D11,0,40,40,12,0.015360415,CD14+ Mono
TGAGCCGGTGGATTAT-14-s4d8,GARQ,D11,0,40,40,3,0.05926162,CD16+ Mono
TAGGTTATCTATCGCC-14-s4d8,GARQ,D11,0,40,40,18,0.086764336,CD8+ T
AATTGCCAGGAACACA-14-s4d8,GARQ,D11,0,40,40,27,0.15904737,NK
CCAGGAACAGGCTTCG-14-s4d8,GARQ,D11,0,40,40,23,0.552043,Proerythroblast
CTCCGTCCACGTAATT-14-s4d8,GARQ,D11,0,40,40,23,0.27425122,Proerythroblast
ATCCACCTCGCTATAA-14-s4d8,GARQ,D11,0,40,40,32,0.080931365,CD8+ T
ACCGGTTCAGCCAGTT-14-s4d8,GARQ,D11,0,40,40,23,0.40278327,Proerythroblast
GTGCTCAAGTTCCCGT-14-s4d8,GARQ,D11,0,40,40,33,0.0660125,CD4+ T activated
CTTCACTCATTAAAGG-14-s4d8,GARQ,D11,0,40,40,23,0.24275732,Proerythroblast
TGCGGTTCAAGTGTTT-14-s4d8,GARQ,D11,0,40,40,24,0.3710037,Naive CD20+ B
ATCGAGGCAGTTATCG-14-s4d8,GARQ,D11,0,40,40,0,0.020800233,CD8+ T
CATTATGAGCACAGAA-14-s4d8,GARQ,D11,0,40,40,32,0.011912823,CD8+ T
CCATCATGTAATTAGC-14-s4d8,GARQ,D11,0,40,40,32,0.03632319,NK
TGAACAACACCTACGG-14-s4d8,GARQ,D11,0,40,40,32,0.07994342,CD8+ T
GGTGCTGGTCACAAAT-14-s4d8,GARQ,D11,0,40,40,24,0.62300944,Naive CD20+ B
TGGTCAGTCTTAAGTG-14-s4d8,GARQ,D11,0,40,40,32,0.12989259,CD8+ T
GACCTAGTCTACCTGC-14-s4d8,GARQ,D11,0,40,40,32,0.1057291,CD8+ T
TAGCAGGCATAATTGC-14-s4d8,GARQ,D11,0,40,40,24,0.6402831,Transitional B
AGCTAAACATTGACAT-14-s4d8,GARQ,D11,0,40,40,2,0.05424118,CD8+ T
ACCAATATCGCTCACT-14-s4d8,GARQ,D11,0,40,40,4,0.0664556,CD4+ T naive
CCTGTTGGTGATGATT-14-s4d8,GARQ,D11,0,40,40,11,0.04643327,CD4+ T naive
AGGTGAATCAGCAAAG-14-s4d8,GARQ,D11,0,40,40,16,0.060359836,CD4+ T activated
TACAATGTCAGAAACG-14-s4d8,GARQ,D11,0,40,40,0,0.008702755,CD8+ T
ATAACGACACTATGGC-14-s4d8,GARQ,D11,0,40,40,38,0.0055999756,CD8+ T
AGTGAACCACATACTG-14-s4d8,GARQ,D11,0,40,40,2,0.00673759,CD4+ T naive
AAGAATCAGTCTATGA-14-s4d8,GARQ,D11,0,40,40,24,0.56318665,Transitional B
TGGACGGAGGTGAAGC-14-s4d8,GARQ,D11,0,40,40,23,0.39825213,Proerythroblast
CCATCATGTAGGTTGC-14-s4d8,GARQ,D11,0,40,40,24,0.6046852,Naive CD20+ B
TCTAAGGGTAATCGTG-14-s4d8,GARQ,D11,0,40,40,34,6.54459e-05,CD8+ T
CTAGCTGAGGTTACGT-14-s4d8,GARQ,D11,0,40,40,3,0.027656972,CD16+ Mono
AGTTTGATCCGGTTGA-14-s4d8,GARQ,D11,0,40,40,20,0.052330732,CD4+ T activated
GGCCTAATCGTCAAGT-14-s4d8,GARQ,D11,0,40,40,33,0.09679592,CD4+ T activated
ACCCGGTAGTCATTTC-14-s4d8,GARQ,D11,0,40,40,15,0.044151187,CD4+ T activated
ACGTTACAGATGCCTG-14-s4d8,GARQ,D11,0,40,40,24,0.5449052,Naive CD20+ B
ATGGCCGGTTGACTTC-14-s4d8,GARQ,D11,0,40,40,23,0.10295701,Proerythroblast
CGTATTGCATTGTGGC-14-s4d8,GARQ,D11,0,40,40,23,0.130306,Proerythroblast
AACTACTCACAACAAA-14-s4d8,GARQ,D11,0,40,40,23,0.5420401,Proerythroblast
ACTCCTCAGCCTGTTC-14-s4d8,GARQ,D11,0,40,40,3,0.15932906,cDC2
GCTGTGCAGCCTGGTA-14-s4d8,GARQ,D11,0,40,40,2,0.06551868,CD4+ T activated
GGTTGCGGTCCAAATG-14-s4d8,GARQ,D11,0,40,40,0,0.069309115,CD8+ T
CATGAGGCAGGGAGCT-14-s4d8,GARQ,D11,0,40,40,3,0.19093251,Proerythroblast
TTTAGGATCGCAAACT-14-s4d8,GARQ,D11,0,40,40,1,0.022629976,CD4+ T naive
CTTCACTCACATACTG-14-s4d8,GARQ,D11,0,40,40,24,0.2911545,Naive CD20+ B
GGATGTAAGACACTTA-14-s4d8,GARQ,D11,0,40,40,9,0.060655355,CD8+ T
CTCCTGAGTGGGAACA-14-s4d8,GARQ,D11,0,40,40,23,0.16416192,Proerythroblast
ATCAAGCTCAATGTCA-14-s4d8,GARQ,D11,0,40,40,24,0.35504073,B1 B
GCTATTGCAGCTAACC-14-s4d8,GARQ,D11,0,40,40,27,0.00018233061,CD8+ T
GCTCACAAGTCATGCG-14-s4d8,GARQ,D11,0,40,40,19,0.010884762,CD8+ T
ACCCGTAAGGAACCAA-14-s4d8,GARQ,D11,0,40,40,29,0.012215793,CD14+ Mono
TATCGCACAATCTCTC-14-s4d8,GARQ,D11,0,40,40,16,0.001073122,CD8+ T
TAAGCTATCACCGGTA-14-s4d8,GARQ,D11,0,40,40,32,0.18315041,CD8+ T
ACATCATCAATTAGGA-14-s4d8,GARQ,D11,0,40,40,20,0.03225386,NK
CTAGTTGCATTATGAC-14-s4d8,GARQ,D11,0,40,40,23,0.27299523,Erythroblast
TTAGGAACACCGGCTA-14-s4d8,GARQ,D11,0,40,40,23,0.53432536,Proerythroblast
GGTTATGGTGATGATT-14-s4d8,GARQ,D11,0,40,40,18,0.074165106,CD8+ T
CCGCAAATCTAACTGA-14-s4d8,GARQ,D11,0,40,40,15,0.09397495,CD8+ T
GGAACTAAGTAACAGG-14-s4d8,GARQ,D11,0,40,40,24,0.615554,B1 B
CATCCTGGTTTGCAGA-14-s4d8,GARQ,D11,0,40,40,2,0.022903204,CD4+ T activated
CATCATAAGCTGTCAG-14-s4d8,GARQ,D11,0,40,40,16,0.009036362,NK
CTATAACCACCGGTAT-14-s4d8,GARQ,D11,0,40,40,18,0.057328463,CD8+ T
GGTTTAATCGCTCCAT-14-s4d8,GARQ,D11,0,40,40,24,0.20744932,Naive CD20+ B
TGGTTCCTCGTCAAGT-14-s4d8,GARQ,D11,0,40,40,0,0.002307415,CD8+ T
GTTACTCGTTACAACG-14-s4d8,GARQ,D11,0,40,40,14,0.08836183,CD14+ Mono
ACGCTTGAGTAAGTGG-14-s4d8,GARQ,D11,0,40,40,32,0.017371178,CD8+ T
TCAGGAGCACCTATAG-14-s4d8,GARQ,D11,0,40,40,0,0.0314281,CD8+ T
ACTTGTCGTATTGGAT-14-s4d8,GARQ,D11,0,40,40,24,0.17190588,Naive CD20+ B
TGCAATATCAGTGAAG-14-s4d8,GARQ,D11,0,40,40,32,0.0471828,CD8+ T
TTATTGCTCATGTCAA-14-s4d8,GARQ,D11,0,40,40,32,0.04429102,CD8+ T
TATTTGCTCTCAATTC-14-s4d8,GARQ,D11,0,40,40,17,0.05449772,CD8+ T
GATCCGTCAGCATTAT-14-s4d8,GARQ,D11,0,40,40,32,0.030266881,NK
TGTGGAGCAATGAATG-14-s4d8,GARQ,D11,0,40,40,27,0.06503034,CD4+ T activated
TTAGGAACATAAAGCA-14-s4d8,GARQ,D11,0,40,40,33,0.018623233,CD4+ T activated
GCTTACCTCATGACCG-14-s4d8,GARQ,D11,0,40,40,3,0.053474605,CD16+ Mono
GAGTAATAGGCTGTCA-14-s4d8,GARQ,D11,0,40,40,20,0.004664898,CD8+ T
ACTTATCTCAATGAGG-14-s4d8,GARQ,D11,0,40,40,15,0.061861873,CD4+ T naive
CCTATTGTCCTCACTA-14-s4d8,GARQ,D11,0,40,40,27,0.021914959,CD8+ T
TTTGTGTTCCTAAGTA-14-s4d8,GARQ,D11,0,40,40,27,0.03668952,CD8+ T
CCTACTTCACTTAGGC-14-s4d8,GARQ,D11,0,40,40,29,0.0013613105,CD14+ Mono
TGCTTCCAGCCGCTTT-14-s4d8,GARQ,D11,0,40,40,24,0.30289167,Naive CD20+ B
CCGCACACACTAAGTT-14-s4d8,GARQ,D11,0,40,40,23,0.99281526,Proerythroblast
CAGGGTGAGTGATTCA-14-s4d8,GARQ,D11,0,40,40,22,0.0114712715,CD8+ T
ACCTGGATCTCCATAT-14-s4d8,GARQ,D11,0,40,40,23,0.3685845,Proerythroblast
AGAAACCCATCCAGGT-14-s4d8,GARQ,D11,0,40,40,22,0.0466491,CD4+ T naive
GGTACTAGTCGTAAAT-14-s4d8,GARQ,D11,0,40,40,20,0.091073155,NK
CTTTAGTTCAGCACGC-14-s4d8,GARQ,D11,0,40,40,27,0.030801058,CD8+ T
CAACCCTTCCTAAGGT-14-s4d8,GARQ,D11,0,40,40,32,0.106943965,CD8+ T
TAGGCTTAGGGTTAGA-14-s4d8,GARQ,D11,0,40,40,0,0.025717258,CD8+ T
AACCTTAAGCCAAATC-14-s4d8,GARQ,D11,0,40,40,18,0.004856944,CD8+ T
CGCCACACATTAGCCA-14-s4d8,GARQ,D11,0,40,40,37,0.0929119,CD8+ T
TTGTGCCTCTTGCTAT-14-s4d8,GARQ,D11,0,40,40,23,0.037252665,CD14+ Mono
CCAGGATGTTAGCCAA-14-s4d8,GARQ,D11,0,40,40,0,0.037341475,CD8+ T
AATGAAGGTCAGGCCA-14-s4d8,GARQ,D11,0,40,40,2,0.1115849,CD8+ T
GGGTGTTGTCATTACC-14-s4d8,GARQ,D11,0,40,40,29,0.007802546,CD14+ Mono
CACTGACCACTAAGTT-14-s4d8,GARQ,D11,0,40,40,23,0.72547674,Erythroblast
CCACTTGGTTAGAGGG-14-s4d8,GARQ,D11,0,40,40,33,0.03161037,CD8+ T
CAACAGGCACCTCACC-14-s4d8,GARQ,D11,0,40,40,3,0.28282017,MK/E prog
AAGGATGTCAAATCGC-14-s4d8,GARQ,D11,0,40,40,24,0.0189327,B1 B
AACAGGATCGGCTATG-14-s4d8,GARQ,D11,0,40,40,32,0.1655997,CD8+ T
CAGGAAGGTGCTGTAA-14-s4d8,GARQ,D11,0,40,40,24,0.33334053,Transitional B
GCCTTTATCTCCATGC-14-s4d8,GARQ,D11,0,40,40,32,0.034373403,CD8+ T
TGTGGCTCAAACGCGA-14-s4d8,GARQ,D11,0,40,40,23,0.49777973,Proerythroblast
GGTGTCCAGAGAGGAG-14-s4d8,GARQ,D11,0,40,40,32,0.072806835,CD8+ T
GAGTGTTTCACTAAGC-14-s4d8,GARQ,D11,0,40,40,10,0.05607462,CD16+ Mono
GGTTATGGTCAAGTAT-14-s4d8,GARQ,D11,0,40,40,4,0.004825473,CD4+ T activated
CCCAAATAGTAGCTTA-14-s4d8,GARQ,D11,0,40,40,24,0.45907825,B1 B
CCTAAATCACGAATTT-14-s4d8,GARQ,D11,0,40,40,24,0.40235567,Transitional B
CCTCCTCTCACGCATG-14-s4d8,GARQ,D11,0,40,40,4,0.037779987,Transitional B
CAGCATGTCTCAATAG-14-s4d8,GARQ,D11,0,40,40,0,0.0047444105,CD8+ T
CGATGTCCACATGCTA-14-s4d8,GARQ,D11,0,40,40,24,0.33992648,Naive CD20+ B
GCCAGGTTCACACAGT-14-s4d8,GARQ,D11,0,40,40,24,0.50652874,Transitional B
TTCCTTGAGGCTAGAA-14-s4d8,GARQ,D11,0,40,40,24,0.26317197,B1 B
TACAATGTCCGCAAAT-14-s4d8,GARQ,D11,0,40,40,16,0.0073246956,CD8+ T
AACTGTTCACAACAGG-14-s4d8,GARQ,D11,0,40,40,24,0.13502723,Naive CD20+ B
CAAGGCTGTATTACCC-14-s4d8,GARQ,D11,0,40,40,23,0.56805587,Normoblast
GAGTAACCATTTAAGC-14-s4d8,GARQ,D11,0,40,40,3,0.29230857,Lymph prog
GGTTTGTAGCTTGCTC-14-s4d8,GARQ,D11,0,40,40,24,0.21051633,Transitional B
TTTGTGGCATAAAGCA-14-s4d8,GARQ,D11,0,40,40,24,0.5876714,Naive CD20+ B
TAGGCTAGTTACATCC-14-s4d8,GARQ,D11,0,40,40,23,0.9798784,Normoblast
ATTAGCTCACATGCTA-14-s4d8,GARQ,D11,0,40,40,3,0.12445414,CD16+ Mono
CAGGCTATCTGCAACG-14-s4d8,GARQ,D11,0,40,40,16,0.022039771,CD8+ T
GTATTGTCATTAGGTT-14-s4d8,GARQ,D11,0,40,40,27,0.19128084,CD8+ T
AGTGAGTCACAGCCAT-14-s4d8,GARQ,D11,0,40,40,24,0.3703189,Naive CD20+ B
ACCGGTTCATCTAGCA-14-s4d8,GARQ,D11,0,40,40,32,0.0936718,CD8+ T
TGTATCGCATGATTGT-14-s4d8,GARQ,D11,0,40,40,24,0.10491133,Naive CD20+ B
AACCGCTCATTGCGAC-14-s4d8,GARQ,D11,0,40,40,18,0.020014822,CD8+ T
CGCCTGTGTTTGTCTA-14-s4d8,GARQ,D11,0,40,40,27,0.0790056,CD8+ T
ATAGATGCATTGACAT-14-s4d8,GARQ,D11,0,40,40,4,0.1172421,CD8+ T
ACACTAGGTTAACGAT-14-s4d8,GARQ,D11,0,40,40,24,0.22396314,Transitional B
GTCTTTAGTCAATACG-14-s4d8,GARQ,D11,0,40,40,33,0.0076051354,CD4+ T activated
GTGAATCTCGTTCACC-14-s4d8,GARQ,D11,0,40,40,15,0.055097938,CD4+ T activated
TCTAACTTCTCGACCT-14-s4d8,GARQ,D11,0,40,40,4,0.072162986,CD4+ T activated
GAGTTTGGTTACTAGG-14-s4d8,GARQ,D11,0,40,40,23,0.118037224,Proerythroblast
TGATTAGTCATTAGCA-14-s4d8,GARQ,D11,0,40,40,18,0.09273267,CD8+ T
TCCTAGTGTTACCGGG-14-s4d8,GARQ,D11,0,40,40,0,0.17240977,CD8+ T
GGCGATACACCTATAG-14-s4d8,GARQ,D11,0,40,40,3,0.14206725,MK/E prog
CATCATAAGTTACTTC-14-s4d8,GARQ,D11,0,40,40,0,0.105320096,CD8+ T
GTTAGACTCTTGAGGT-14-s4d8,GARQ,D11,0,40,40,32,0.009612799,CD8+ T
TTGGCTACAAGGCCAA-14-s4d8,GARQ,D11,0,40,40,0,0.10898423,CD8+ T
ACACTAATCCCGCAAA-14-s4d8,GARQ,D11,0,40,40,23,0.36502576,Proerythroblast
GGTGTTGTCCTAAATG-14-s4d8,GARQ,D11,0,40,40,24,0.1761908,CD8+ T
GGGCCTAGTACGGGTT-14-s4d8,GARQ,D11,0,40,40,3,0.07031286,Proerythroblast
TTGGATTCAACTGGGA-14-s4d8,GARQ,D11,0,40,40,3,0.012758732,CD14+ Mono
GACGTAAAGCCACAAT-14-s4d8,GARQ,D11,0,40,40,4,0.07044053,CD8+ T
GAGTTGCGTCATCATC-14-s4d8,GARQ,D11,0,40,40,23,0.77403855,Erythroblast
GGCCAACTCGGTCAAT-14-s4d8,GARQ,D11,0,40,40,28,0.036242247,cDC2
GGGTTTCCAGGCCATT-14-s4d8,GARQ,D11,0,40,40,24,0.30376446,Naive CD20+ B
TAGTGTGGTAATTAGC-14-s4d8,GARQ,D11,0,40,40,24,0.2627278,Naive CD20+ B
CGCTAATAGCTCAAAC-14-s4d8,GARQ,D11,0,40,40,24,0.3477217,Naive CD20+ B
CTAGCTTGTTGCGGAT-14-s4d8,GARQ,D11,0,40,40,24,0.31952298,Transitional B
TAGTGAGAGTTAACCA-14-s4d8,GARQ,D11,0,40,40,0,0.06050825,CD8+ T
CTAATCCGTTTGGTTC-14-s4d8,GARQ,D11,0,40,40,38,0.00414443,CD8+ T
AAACCGCGTTTCGCCA-14-s4d8,GARQ,D11,0,40,40,23,0.44757962,Proerythroblast
GGCCTTAAGAACCTGT-14-s4d8,GARQ,D11,0,40,40,27,0.06361884,CD8+ T
ACTCCTCAGTTGCGTG-14-s4d8,GARQ,D11,0,40,40,38,0.05526352,CD8+ T
AACAGATAGACACCGC-14-s4d8,GARQ,D11,0,40,40,18,0.0847559,CD8+ T
TATAACCCAGTATGTT-14-s4d8,GARQ,D11,0,40,40,32,0.11149466,CD8+ T
TCCAGCAAGGTCCAAT-14-s4d8,GARQ,D11,0,40,40,32,0.07863569,CD8+ T
ACATCATCAATGCCTA-14-s4d8,GARQ,D11,0,40,40,8,0.0016056299,cDC2
ACCCGGTAGGCCGGAA-14-s4d8,GARQ,D11,0,40,40,0,0.048190057,CD8+ T
TTGTTGCGTGTGTCCC-14-s4d8,GARQ,D11,0,40,40,24,0.0053833723,Transitional B
GATTATGTCAAGTGAG-14-s4d8,GARQ,D11,0,40,40,16,0.06489897,CD8+ T
GCTGTACCAATTAGCT-14-s4d8,GARQ,D11,0,40,40,0,0.09645581,CD8+ T
AACTAGTGTTAGGCTA-14-s4d8,GARQ,D11,0,40,40,24,0.35272932,Naive CD20+ B
AGGTTTGGTCGCAATA-14-s4d8,GARQ,D11,0,40,40,24,0.27422333,Transitional B
GTAGGTGCAATTGACT-14-s4d8,GARQ,D11,0,40,40,27,0.117856145,CD8+ T
TAATGGTGTTGGATAT-14-s4d8,GARQ,D11,0,40,40,24,0.32014847,Naive CD20+ B
CGAAATGAGCTATATG-14-s4d8,GARQ,D11,0,40,40,32,0.016218662,CD8+ T
TTGTTGCGTTATCGAG-14-s4d8,GARQ,D11,0,40,40,24,0.1829462,Naive CD20+ B
ACCAGGGAGTCATCCC-14-s4d8,GARQ,D11,0,40,40,15,0.00591588,CD4+ T naive
GATTTGCAGCTCATAA-14-s4d8,GARQ,D11,0,40,40,18,0.22316027,CD8+ T
AGTCCTTGTCGCATAA-14-s4d8,GARQ,D11,0,40,40,32,0.06648779,CD8+ T
GTATTGATCGCTAGCA-14-s4d8,GARQ,D11,0,40,40,2,0.06606901,CD8+ T
TACATCAAGCTGGCTA-14-s4d8,GARQ,D11,0,40,40,23,0.5452423,Proerythroblast
CTAGGACGTTTCGCGC-14-s4d8,GARQ,D11,0,40,40,24,0.17725694,Transitional B
GTCATCACACCCACAG-14-s4d8,GARQ,D11,0,40,40,27,0.054051638,CD8+ T
GCGATTAGTAATCGCA-14-s4d8,GARQ,D11,0,40,40,32,0.093251705,CD8+ T
CCATATTTCTTTGTAC-14-s4d8,GARQ,D11,0,40,40,24,0.9618614,Naive CD20+ B
ACTAAAGCACAGCCAT-14-s4d8,GARQ,D11,0,40,40,24,0.4806701,Naive CD20+ B
GAGGTTAAGCTTGCTC-14-s4d8,GARQ,D11,0,40,40,3,0.06590092,CD14+ Mono
TTGGAGGCAATATAGG-14-s4d8,GARQ,D11,0,40,40,24,0.23456174,B1 B
CTTAATGAGAATCGCT-14-s4d8,GARQ,D11,0,40,40,4,0.11382949,NK
CGTTAGGTCGCAAACT-14-s4d8,GARQ,D11,0,40,40,18,0.0036597848,CD8+ T
GTATTGATCTAGCTTT-14-s4d8,GARQ,D11,0,40,40,0,0.06825018,CD8+ T
AAATGCCTCTCCATAT-14-s4d8,GARQ,D11,0,40,40,18,0.41879964,CD8+ T
CTTTGAGCAGCTAACC-14-s4d8,GARQ,D11,0,40,40,9,0.0042004585,CD8+ T
ATCCTTAGTGGATGTC-14-s4d8,GARQ,D11,0,40,40,4,0.0150978565,CD4+ T activated
TTCACTGTCTCCTCTT-14-s4d8,GARQ,D11,0,40,40,4,0.08067441,CD8+ T
AGTAGGATCTAGCGTG-14-s4d8,GARQ,D11,0,40,40,23,0.63466,Erythroblast
GAGTAATAGGCCTTAG-14-s4d8,GARQ,D11,0,40,40,3,0.015754342,CD16+ Mono
TTAACTGAGTAAACCC-14-s4d8,GARQ,D11,0,40,40,18,0.050685883,CD8+ T
CCCAGCACATGTTGCA-14-s4d8,GARQ,D11,0,40,40,24,0.19116253,B1 B
ACGTTGTAGGCATTAC-14-s4d8,GARQ,D11,0,40,40,23,0.036831617,Proerythroblast
CACCTCAGTTGCAATG-14-s4d8,GARQ,D11,0,40,40,32,0.067947626,CD8+ T
CCTAAAGGTTTGAGGC-14-s4d8,GARQ,D11,0,40,40,15,0.03657496,CD8+ T
CTCTAAGCAATTGACT-14-s4d8,GARQ,D11,0,40,40,2,0.017907143,CD4+ T naive
TTAAGCCAGACAAGTG-14-s4d8,GARQ,D11,0,40,40,4,0.0050435066,CD8+ T
CGTGTGTCAGCCAGAA-14-s4d8,GARQ,D11,0,40,40,23,0.010991216,Proerythroblast
AATCCTAAGCAGGCCT-14-s4d8,GARQ,D11,0,40,40,24,0.45123184,Naive CD20+ B
GGCTGAGAGTTTGTCT-14-s4d8,GARQ,D11,0,40,40,17,0.01620531,CD8+ T
CATCATAAGCCGCTAA-14-s4d8,GARQ,D11,0,40,40,24,0.6851684,Naive CD20+ B
TCTAATCTCAACAAGG-14-s4d8,GARQ,D11,0,40,40,24,0.28822523,Naive CD20+ B
CCACACAAGTGAACGA-14-s4d8,GARQ,D11,0,40,40,38,0.08928931,CD4+ T activated
CCTTATGTCATGGTGT-14-s4d8,GARQ,D11,0,40,40,18,0.044959188,CD8+ T
ACTTATCTCTAAATCG-14-s4d8,GARQ,D11,0,40,40,37,0.0067317486,CD8+ T
GGAACTAAGATGGACA-14-s4d8,GARQ,D11,0,40,40,21,0.2448932,CD4+ T activated
GTGAACAAGTAGCCAT-14-s4d8,GARQ,D11,0,40,40,27,0.08795524,CD8+ T
AGCTAAACATGTCGCG-14-s4d8,GARQ,D11,0,40,40,34,0.0058689117,CD8+ T
ATGTCCACATGAATAG-14-s4d8,GARQ,D11,0,40,40,32,0.0701983,CD8+ T
TATTAGGTCCCGCATT-14-s4d8,GARQ,D11,0,40,40,24,0.19148195,Transitional B
ACAGGCTGTTCCAGGG-14-s4d8,GARQ,D11,0,40,40,17,0.043061495,CD8+ T
CTTTGAGCATCATGTG-14-s4d8,GARQ,D11,0,40,40,26,0.002460897,Proerythroblast
AGGTTACTCGCACAAT-14-s4d8,GARQ,D11,0,40,40,20,0.05207324,CD4+ T activated
CGAAGAATCATTACAG-14-s4d8,GARQ,D11,0,40,40,24,0.27729392,Naive CD20+ B
GCTTACCTCCAAACAC-14-s4d8,GARQ,D11,0,40,40,0,0.05342412,CD8+ T
AGCGTGCTCTCGCCTG-14-s4d8,GARQ,D11,0,40,40,2,0.03672397,CD4+ T naive
CAAACTGGTATGGTGC-14-s4d8,GARQ,D11,0,40,40,18,0.014697075,CD8+ T
GACGCAACACACAATT-14-s4d8,GARQ,D11,0,40,40,0,0.08016217,CD8+ T
TACCAAATCCGCAACA-14-s4d8,GARQ,D11,0,40,40,4,0.019556046,CD8+ T
TTATCCGTCGAAGTGA-14-s4d8,GARQ,D11,0,40,40,3,0.07359198,CD14+ Mono
TCAAGACTCCAATAGC-14-s4d8,GARQ,D11,0,40,40,14,0.057587743,CD14+ Mono
CCTTCGTAGCGAAGTA-14-s4d8,GARQ,D11,0,40,40,32,0.037291348,CD8+ T
TGAGGTGCATAAAGCA-14-s4d8,GARQ,D11,0,40,40,2,0.03231311,CD4+ T activated
TGCCTGTTCGTTAGTA-14-s4d8,GARQ,D11,0,40,40,27,0.02859962,CD8+ T
ATGTTCAAGCCTGACA-14-s4d8,GARQ,D11,0,40,40,23,0.59485364,Proerythroblast
CCTGATGAGTTTAACG-14-s4d8,GARQ,D11,0,40,40,27,0.05491352,CD8+ T
GGTCAAGCAATCATGT-14-s4d8,GARQ,D11,0,40,40,24,0.007537067,Naive CD20+ B
CGCAATCCAATAACCT-14-s4d8,GARQ,D11,0,40,40,16,0.105866194,CD8+ T
CGCTTAACAGGCGAGT-14-s4d8,GARQ,D11,0,40,40,9,0.133582,CD8+ T
TTGCTCTCATTGTTGG-14-s4d8,GARQ,D11,0,40,40,38,0.056699872,CD8+ T
AACAAGCCAAGTTATC-14-s4d8,GARQ,D11,0,40,40,23,0.31080794,Proerythroblast
CAGCCTAAGGGTCCAC-14-s4d8,GARQ,D11,0,40,40,32,0.080123425,CD8+ T
CCTTAACGTGCTAGAC-14-s4d8,GARQ,D11,0,40,40,23,1.0068431,Erythroblast
TCCAGCAAGGCTAGAA-14-s4d8,GARQ,D11,0,40,40,0,0.17260599,CD8+ T
GTGTTACAGAAAGGAA-14-s4d8,GARQ,D11,0,40,40,13,0.064575374,CD4+ T activated
TCTATGTTCCACCCTG-14-s4d8,GARQ,D11,0,40,40,23,0.38564348,Proerythroblast
TGCTTCCAGTCACTAA-14-s4d8,GARQ,D11,0,40,40,38,0.019969702,CD8+ T
AGCAAGGGTACGCGCA-14-s4d8,GARQ,D11,0,40,40,17,0.08984077,CD4+ T activated
ACCCAACCATAATCCG-14-s4d8,GARQ,D11,0,40,40,0,0.06490904,CD8+ T
CTCCATCAGGACGTAA-14-s4d8,GARQ,D11,0,40,40,3,0.035537362,CD14+ Mono
GCTCGATCACATACTG-14-s4d8,GARQ,D11,0,40,40,27,0.0048913956,CD8+ T
CCTTAACGTGTGAGGA-14-s4d8,GARQ,D11,0,40,40,32,0.11984813,CD8+ T
GTACTAATCGCCTAAG-14-s4d8,GARQ,D11,0,40,40,23,0.9329009,Normoblast
TATGGCCCAGGTTCAC-14-s4d8,GARQ,D11,0,40,40,8,0.20711198,CD14+ Mono
CAGATTCAGTATTGCA-14-s4d8,GARQ,D11,0,40,40,24,0.22577792,Transitional B
CCTAGTTGTCACAAAT-14-s4d8,GARQ,D11,0,40,40,24,0.27709913,Transitional B
TACTTCGTCGGGACCT-14-s4d8,GARQ,D11,0,40,40,8,0.005807817,CD16+ Mono
TGGATTCAGTTATGGC-14-s4d8,GARQ,D11,0,40,40,24,0.27696574,Transitional B
CCAGCTGCACAAAGAC-14-s4d8,GARQ,D11,0,40,40,27,0.046740532,CD8+ T
ACCTGGTCACCTAATG-14-s4d8,GARQ,D11,0,40,40,33,0.032705843,CD8+ T
CAAAGTGAGGTCCACA-14-s4d8,GARQ,D11,0,40,40,32,0.035058618,CD8+ T
ACCAAACTCTTTGTAC-14-s4d8,GARQ,D11,0,40,40,7,0.017994225,CD14+ Mono
TCCCTCACAATAATGG-14-s4d8,GARQ,D11,0,40,40,24,0.79542303,Naive CD20+ B
CACCAACCACATACTG-14-s4d8,GARQ,D11,0,40,40,9,0.033991337,CD8+ T
CGCAATAGTATTGGTG-14-s4d8,GARQ,D11,0,40,40,23,0.017923236,Proerythroblast
ATTGCGCCACAGCCAT-14-s4d8,GARQ,D11,0,40,40,24,0.011143208,CD4+ T activated
GACTAATGTGGATGTC-14-s4d8,GARQ,D11,0,40,40,0,0.054243207,CD8+ T
GTTCCTGGTTTGTCTA-14-s4d8,GARQ,D11,0,40,40,24,0.14981383,Transitional B
GGCAATCGTTGGTTCT-14-s4d8,GARQ,D11,0,40,40,32,0.03325045,CD8+ T
AGGTCATTCTCACATT-14-s4d8,GARQ,D11,0,40,40,0,0.022161365,NK
ATGTTTGAGTATTGCA-14-s4d8,GARQ,D11,0,40,40,15,0.008274734,CD4+ T naive
GTTAAGTGTCACAGCG-14-s4d8,GARQ,D11,0,40,40,23,0.36622953,Proerythroblast
CCTCAATGTGCAACTA-14-s4d8,GARQ,D11,0,40,40,24,0.22744703,Naive CD20+ B
AATTGCTCACCTGGTG-14-s4d8,GARQ,D11,0,40,40,38,0.032298446,CD8+ T
GAGGTTAAGAAACTGG-14-s4d8,GARQ,D11,0,40,40,23,0.3510499,Proerythroblast
ATGACCAGTAGGATTT-14-s4d8,GARQ,D11,0,40,40,23,1.0988818,Erythroblast
TACCTGCTCCTTGCGT-14-s4d8,GARQ,D11,0,40,40,23,0.42537236,Normoblast
GTTTCTAGTACAATGT-14-s4d8,GARQ,D11,0,40,40,1,0.0048925877,CD4+ T naive
TTTCGTCCAGTAGGAT-14-s4d8,GARQ,D11,0,40,40,0,0.01413393,CD8+ T
GGTCAAGCAAAGCTCC-14-s4d8,GARQ,D11,0,40,40,3,0.12526298,MK/E prog
CGGCTCACACCTGGTG-14-s4d8,GARQ,D11,0,40,40,9,0.04550028,CD8+ T
TACTGACAGGCTGTCA-14-s4d8,GARQ,D11,0,40,40,24,0.5966579,Naive CD20+ B
TGGTCCTTCGTCAAGT-14-s4d8,GARQ,D11,0,40,40,27,0.09304261,CD4+ T activated
TCAACAATCATGTGGT-14-s4d8,GARQ,D11,0,40,40,24,0.52715683,Naive CD20+ B
GTCTAGCCAATTGACT-14-s4d8,GARQ,D11,0,40,40,18,0.09237552,CD8+ T
GGGATTAAGTTAGCTA-14-s4d8,GARQ,D11,0,40,40,18,0.014269114,CD8+ T
AATCCATCAAACTCAT-14-s4d8,GARQ,D11,0,40,40,15,0.06243944,CD8+ T
AAGGCCCTCCTACCTA-14-s4d8,GARQ,D11,0,40,40,2,0.06324601,CD4+ T activated
TCATGTTTCTGCAAGT-14-s4d8,GARQ,D11,0,40,40,24,0.42940497,Naive CD20+ B
CGTACGGGTGTTGCAA-14-s4d8,GARQ,D11,0,40,40,23,1.0201716,Erythroblast
AGCCTAAGTTGGTGAC-14-s4d8,GARQ,D11,0,40,40,34,0.00043195486,CD8+ T
GGACATAAGAATCTCA-14-s4d8,GARQ,D11,0,40,40,34,0.057879686,CD4+ T activated
CCACAATAGTATTGGC-14-s4d8,GARQ,D11,0,40,40,23,0.036207557,Proerythroblast
TTGGATATCTTTAAGG-14-s4d8,GARQ,D11,0,40,40,23,0.4595245,Erythroblast
CTTCATCCATGGTTAT-14-s4d8,GARQ,D11,0,40,40,3,0.37416625,HSC
CGATGTCCATGTGGGA-14-s4d8,GARQ,D11,0,40,40,28,0.03560418,CD14+ Mono
GAACCTTAGTAGCGGG-14-s4d8,GARQ,D11,0,40,40,18,0.019280434,CD4+ T activated
CGCCTCATCATCACTT-14-s4d8,GARQ,D11,0,40,40,18,0.0053310394,CD8+ T
CATGAGGCAGGTTAAA-14-s4d8,GARQ,D11,0,40,40,5,0.013726056,NK
AACGGTAAGGAACGGT-14-s4d8,GARQ,D11,0,40,40,32,0.111223936,CD8+ T
ATGTGAGAGAAAGGAA-14-s4d8,GARQ,D11,0,40,40,16,0.032574415,CD8+ T
CGGATAAAGCACTAGT-14-s4d8,GARQ,D11,0,40,40,28,0.15852904,cDC2
CTACTTAGTGAAACAA-14-s4d8,GARQ,D11,0,40,40,23,0.351277,Proerythroblast
AGCTACTAGATTCCTT-14-s4d8,GARQ,D11,0,40,40,24,0.17638123,Lymph prog
ATTAGGTGTTAGAGCC-14-s4d8,GARQ,D11,0,40,40,0,0.047082424,CD8+ T
AGTCCTGAGTTATCTC-14-s4d8,GARQ,D11,0,40,40,0,0.019803822,Naive CD20+ B
CAATGACTCGGGATTT-14-s4d8,GARQ,D11,0,40,40,24,0.27378875,Naive CD20+ B
GCTAAGTTCTTGTTCG-14-s4d8,GARQ,D11,0,40,40,23,0.28665924,Proerythroblast
GCGAAGCCAGGCTTCG-14-s4d8,GARQ,D11,0,40,40,24,0.6746075,Naive CD20+ B
CAATCTAAGGCGGGTA-14-s4d8,GARQ,D11,0,40,40,24,0.17278302,Naive CD20+ B
TATCGCACAAGTCGCT-14-s4d8,GARQ,D11,0,40,40,39,0.110803425,CD4+ T activated
ATTGTGATCTGGTCCT-14-s4d8,GARQ,D11,0,40,40,24,0.19949067,Transitional B
ACTCCTCAGATAACCC-14-s4d8,GARQ,D11,0,40,40,33,0.034710765,CD4+ T activated
GAACACAAGTCCTTCA-14-s4d8,GARQ,D11,0,40,40,18,0.0154931545,CD8+ T
GAGCTAGCAATAACGA-14-s4d8,GARQ,D11,0,40,40,3,0.023678899,CD14+ Mono
GCACGCTAGCCTGTGA-14-s4d8,GARQ,D11,0,40,40,23,0.4551829,Erythroblast
CTCATGACACCAACCG-14-s4d8,GARQ,D11,0,40,40,24,0.16855288,Naive CD20+ B
CAGCATTAGTGAACGA-14-s4d8,GARQ,D11,0,40,40,24,0.66188836,Naive CD20+ B
TCGACAAGTCAATACG-14-s4d8,GARQ,D11,0,40,40,27,0.02726388,CD8+ T
ATCATCAAGCAGCTCA-14-s4d8,GARQ,D11,0,40,40,0,0.015026927,NK
TTGGGCGGTACGGTAC-14-s4d8,GARQ,D11,0,40,40,3,0.0040792227,CD14+ Mono
AGGTCTTAGCGCAATT-14-s4d8,GARQ,D11,0,40,40,23,0.43453103,Proerythroblast
TCCTGTTCAGCCTGCA-14-s4d8,GARQ,D11,0,40,40,23,0.32880157,Proerythroblast
TTTGTGAAGTTTCCGC-14-s4d8,GARQ,D11,0,40,40,16,0.046264052,CD8+ T
AGTCGCATCCTAGTTT-14-s4d8,GARQ,D11,0,40,40,2,0.026920736,CD4+ T naive
AGAACAAGTTAGGTGC-14-s4d8,GARQ,D11,0,40,40,35,0.0067522526,CD4+ T activated
GGAGGTTAGAGGATAT-14-s4d8,GARQ,D11,0,40,40,20,0.13147193,CD4+ T activated
CCTCAGTTCCTGGCTT-14-s4d8,GARQ,D11,0,40,40,32,0.024410307,CD8+ T
AACAGATAGCTGCACA-14-s4d8,GARQ,D11,0,40,40,32,0.13008475,CD4+ T activated
ACCTAAATCCCGAACA-14-s4d8,GARQ,D11,0,40,40,23,0.55980563,Proerythroblast
TCAAGGAAGAATCGCT-14-s4d8,GARQ,D11,0,40,40,24,0.15736169,Naive CD20+ B
TGCGCAGGTTGTGACA-14-s4d8,GARQ,D11,0,40,40,18,0.055150032,CD8+ T
TTGTTGTTCCTGAATA-14-s4d8,GARQ,D11,0,40,40,24,0.11458635,Transitional B
TAAGCCTAGGCAATAG-14-s4d8,GARQ,D11,0,40,40,0,0.06453198,CD8+ T
GGGTTACGTGCAATGC-14-s4d8,GARQ,D11,0,40,40,24,0.20868444,B1 B
ACAGCCGGTGATGAAA-14-s4d8,GARQ,D11,0,40,40,32,0.026776195,CD8+ T
GTCGAGGAGGTAGCTT-14-s4d8,GARQ,D11,0,40,40,23,0.44796878,Erythroblast
GTTCGCGCAGGGAGCT-14-s4d8,GARQ,D11,0,40,40,15,0.011852503,CD8+ T
TGTGGCCAGAGGATAT-14-s4d8,GARQ,D11,0,40,40,32,0.053645015,CD8+ T
TGAGGTGCAATCCTGA-14-s4d8,GARQ,D11,0,40,40,23,0.20306098,Proerythroblast
CTTGCATGTTTGCTGT-14-s4d8,GARQ,D11,0,40,40,0,0.012952089,CD4+ T activated
GCAACAGCACAGGGAC-14-s4d8,GARQ,D11,0,40,40,29,0.046352625,CD14+ Mono
GGTGCTGGTTAATGCG-14-s4d8,GARQ,D11,0,40,40,3,0.26665705,HSC
TTTAACCTCGAGGAAC-14-s4d8,GARQ,D11,0,40,40,33,0.013354063,CD8+ T
CGATTTGCATGAGCAG-14-s4d8,GARQ,D11,0,40,40,27,0.21734834,CD8+ T
GCTTAGTAGTTCCTCA-14-s4d8,GARQ,D11,0,40,40,22,0.029727101,CD8+ T
TGCGGTTCACAGGATG-14-s4d8,GARQ,D11,0,40,40,24,0.5780752,Transitional B
ACGCCTTTCTTAAGTG-14-s4d8,GARQ,D11,0,40,40,9,0.02633965,CD8+ T
GGAGCAAGTTACCTGT-14-s4d8,GARQ,D11,0,40,40,24,0.38520813,Transitional B
CTTAATGAGGATTTGC-14-s4d8,GARQ,D11,0,40,40,16,0.041683912,NK
TCTAAGGGTTATGTGG-14-s4d8,GARQ,D11,0,40,40,27,0.008076191,CD8+ T
AACCCGCAGTGCACGC-14-s4d8,GARQ,D11,0,40,40,9,0.036565065,CD8+ T
CAAGTATGTAGTAAGA-14-s4d8,GARQ,D11,0,40,40,2,0.21961868,CD8+ T
CCTTACTCAAGCGATG-14-s4d8,GARQ,D11,0,40,40,27,0.04065287,CD8+ T
TATTGACCAGCAAATA-14-s4d8,GARQ,D11,0,40,40,1,0.028750658,CD8+ T
TGTATCGCACAGCCAT-14-s4d8,GARQ,D11,0,40,40,2,0.002024293,CD8+ T
TCAGGAGCAGTTTGGC-14-s4d8,GARQ,D11,0,40,40,32,0.13488722,CD8+ T
ATTGGTTCACTGACCG-14-s4d8,GARQ,D11,0,40,40,15,0.033601522,CD4+ T naive
AGTTTGATCTCAATAG-14-s4d8,GARQ,D11,0,40,40,0,0.04236555,NK
GCCAATAGTATTGGTG-14-s4d8,GARQ,D11,0,40,40,26,0.024802446,Normoblast
ACCCGGTAGACAGGTA-14-s4d8,GARQ,D11,0,40,40,3,0.39406967,MK/E prog
TAACCGGTCTCCTCAA-14-s4d8,GARQ,D11,0,40,40,19,0.0148050785,CD4+ T activated
CGCCAAATCCATTACT-14-s4d8,GARQ,D11,0,40,40,20,0.00541234,CD8+ T
GTTCACCTCGGTTTCC-14-s4d8,GARQ,D11,0,40,40,27,0.023113608,NK
TTTCCGGGTGCATTAG-14-s4d8,GARQ,D11,0,40,40,3,0.093637824,CD14+ Mono
GTAGTTATCAATGACC-14-s4d8,GARQ,D11,0,40,40,24,0.31301165,Transitional B
TAAGGCTTCTTGTCTG-14-s4d8,GARQ,D11,0,40,40,33,0.03136897,CD4+ T activated
CCAAGTTAGTACTGGT-14-s4d8,GARQ,D11,0,40,40,2,0.0454458,CD4+ T naive
ACTGAATGTCCTTTAA-14-s4d8,GARQ,D11,0,40,40,7,0.015963912,CD14+ Mono
TAAGTAGCAATTTGGT-14-s4d8,GARQ,D11,0,40,40,3,0.10647333,CD14+ Mono
AGTGCGGAGGCTAAGA-14-s4d8,GARQ,D11,0,40,40,23,0.78914416,Proerythroblast
CATTGTGCAAGGTACG-14-s4d8,GARQ,D11,0,40,40,18,0.040280104,CD8+ T
CATGCGGGTGAGGTGA-14-s4d8,GARQ,D11,0,40,40,27,0.0029821396,CD8+ T
AGTAACCTCTCACAAA-14-s4d8,GARQ,D11,0,40,40,16,0.043505907,CD8+ T
TTTCAGTTCTCAATTC-14-s4d8,GARQ,D11,0,40,40,32,0.045250177,CD8+ T
CTGTAACAGCGAGCGA-14-s4d8,GARQ,D11,0,40,40,3,0.01214695,Proerythroblast
TATGACATCAAACACC-14-s4d8,GARQ,D11,0,40,40,15,0.021486878,CD4+ T activated
GGCAAGCCAGGTCCTG-14-s4d8,GARQ,D11,0,40,40,24,0.19895095,CD8+ T
GACCTCAAGCTCCCTG-14-s4d8,GARQ,D11,0,40,40,21,0.032176137,CD4+ T naive
AAGTTACGTGCTGTAA-14-s4d8,GARQ,D11,0,40,40,32,0.107476115,CD8+ T
GCAAACTTCTTGATGA-14-s4d8,GARQ,D11,0,40,40,22,0.1027168,CD8+ T
CATTGTAAGCGCATTG-14-s4d8,GARQ,D11,0,40,40,23,0.3953259,Proerythroblast
GTGGCTTCAGCACCAT-14-s4d8,GARQ,D11,0,40,40,30,0.0349952,CD8+ T
AGGTTAACAATACTGT-14-s4d8,GARQ,D11,0,40,40,24,0.47992885,B1 B
CGAACAAAGACAAGTG-14-s4d8,GARQ,D11,0,40,40,29,0.062417746,CD14+ Mono
TACTGCACACCTACGG-14-s4d8,GARQ,D11,0,40,40,3,0.041659117,CD14+ Mono
CCTGTTGGTAACGTGC-14-s4d8,GARQ,D11,0,40,40,20,0.0017613173,CD4+ T activated
CGGTTATAGCTCGCTT-14-s4d8,GARQ,D11,0,40,40,32,0.103152156,CD8+ T
TAGTAGGAGGTGAGAC-14-s4d8,GARQ,D11,0,40,40,18,0.044670343,NK
CTCACTCAGCCGCAGT-14-s4d8,GARQ,D11,0,40,40,16,0.05729294,CD8+ T
GCCCGTTGTATGGTGC-14-s4d8,GARQ,D11,0,40,40,2,0.006126642,CD8+ T
ATCCTTAGTTGTCCAT-14-s4d8,GARQ,D11,0,40,40,3,0.19689703,G/M prog
TTTAACCTCATTTGTC-14-s4d8,GARQ,D11,0,40,40,24,0.64324284,Naive CD20+ B
GGTTATATCAGCTAAC-14-s4d8,GARQ,D11,0,40,40,23,0.70609975,Proerythroblast
GTGCACGGTTACCTGT-14-s4d8,GARQ,D11,0,40,40,24,0.29552758,Transitional B
CTACTTAGTCATAAGT-14-s4d8,GARQ,D11,0,40,40,2,0.08912063,NK
GGCATGGAGGCCTTAG-14-s4d8,GARQ,D11,0,40,40,23,0.72672904,Normoblast
AGGAACGGTGTGCACG-14-s4d8,GARQ,D11,0,40,40,4,0.087644815,Transitional B
GACTAATGTTGGTTAG-14-s4d8,GARQ,D11,0,40,40,27,0.013338327,NK
CTAGCGGGTTGTTGGA-14-s4d8,GARQ,D11,0,40,40,5,0.011870503,CD8+ T
AATCAGGAGGACACTT-14-s4d8,GARQ,D11,0,40,40,0,0.0525043,CD8+ T
TGCTAGCCAGCATGAG-14-s4d8,GARQ,D11,0,40,40,23,0.090715766,G/M prog
CCAAATCAGTGAAGTG-14-s4d8,GARQ,D11,0,40,40,5,0.11988318,CD8+ T
ACCCGTAAGCGGGCAA-14-s4d8,GARQ,D11,0,40,40,28,0.087943494,CD14+ Mono
TATGGATGTTTACCGT-14-s4d8,GARQ,D11,0,40,40,8,0.0045747757,CD14+ Mono
GAGCAAATCATAGCCG-14-s4d8,GARQ,D11,0,40,40,33,0.05728674,CD8+ T
TTTAGGATCGTGCTAG-14-s4d8,GARQ,D11,0,40,40,24,0.097901165,Transitional B
GTTCTCATCCCATAAA-14-s4d8,GARQ,D11,0,40,40,27,0.058814526,NK
TTGTCCGGTCACGAAC-14-s4d8,GARQ,D11,0,40,40,24,0.17816079,Naive CD20+ B
TTGTCCATCTAGCTAA-14-s4d8,GARQ,D11,0,40,40,3,0.015152514,CD16+ Mono
GGTGAGGTCACAGACT-14-s4d8,GARQ,D11,0,40,40,7,0.011496186,CD14+ Mono
CTTAGTTTCTCCATAT-14-s4d8,GARQ,D11,0,40,40,20,0.131868,NK
TCTAGCACAATCCCTT-14-s4d8,GARQ,D11,0,40,40,24,0.5939534,Transitional B
GATCGCTCAAAGCTAA-14-s4d8,GARQ,D11,0,40,40,2,0.048619747,CD8+ T
CCTCCTCTCAGCCAAT-14-s4d8,GARQ,D11,0,40,40,18,0.03469491,CD8+ T
GTTTGTTTCTTTAAGG-14-s4d8,GARQ,D11,0,40,40,2,0.03779614,CD8+ T
CATTGTAAGCTCAATA-14-s4d8,GARQ,D11,0,40,40,32,0.009455562,CD8+ T
ACGAAGTCATAGACTT-14-s4d8,GARQ,D11,0,40,40,27,0.06340766,CD4+ T naive
CATTTGTTCCCTCACG-14-s4d8,GARQ,D11,0,40,40,38,0.0614326,CD8+ T
AACCTCCTCTCACTAT-14-s4d8,GARQ,D11,0,40,40,24,0.3887918,B1 B
AGCATTTCAGCAACCT-14-s4d8,GARQ,D11,0,40,40,9,0.0063244104,CD8+ T
CCTGTTGGTTGCCTCA-14-s4d8,GARQ,D11,0,40,40,29,0.004406333,CD14+ Mono
ACCGAAGCACATGCTA-14-s4d8,GARQ,D11,0,40,40,34,0.1126377,CD8+ T
GTTAAGCTCTTTAGGA-14-s4d8,GARQ,D11,0,40,40,15,0.0129823685,CD4+ T naive
TTAGACTCATTAGGCC-14-s4d8,GARQ,D11,0,40,40,0,0.020634651,NK
CTGAATATCATGCTTT-14-s4d8,GARQ,D11,0,40,40,14,0.0018031001,CD16+ Mono
CCGTTGCGTTATCCGT-14-s4d8,GARQ,D11,0,40,40,15,0.008965969,CD8+ T
AGAATCGAGGAACGCG-14-s4d8,GARQ,D11,0,40,40,27,0.12203145,CD8+ T
AGTAGCTTCTCCATAT-14-s4d8,GARQ,D11,0,40,40,24,0.24239123,Transitional B
AGCTACGTCCGGGACT-14-s4d8,GARQ,D11,0,40,40,32,0.024673462,CD8+ T
CAAGGCCTCTCCATGC-14-s4d8,GARQ,D11,0,40,40,32,0.17800939,CD8+ T
TTAGGCTAGACTAAGG-14-s4d8,GARQ,D11,0,40,40,24,0.30035692,Transitional B
CGTTATCGTAAGGTTT-14-s4d8,GARQ,D11,0,40,40,3,0.23419243,G/M prog
GCAAGCCTCTCACTCA-14-s4d8,GARQ,D11,0,40,40,27,0.04304862,NK
GCCTGCTGTTAGTACG-14-s4d8,GARQ,D11,0,40,40,33,0.011151254,NK
AATCCTAAGCTTAGTA-14-s4d8,GARQ,D11,0,40,40,0,0.082522035,CD8+ T
GTAGGTGCATCGCTTT-14-s4d8,GARQ,D11,0,40,40,24,0.426659,Transitional B
AAGCCTTAGTTGCGTG-14-s4d8,GARQ,D11,0,40,40,28,0.0025029182,cDC2
ACTAACCAGTTATTCC-14-s4d8,GARQ,D11,0,40,40,0,0.044703066,CD4+ T activated
TATCACGCACCTAATG-14-s4d8,GARQ,D11,0,40,40,18,0.016688108,CD8+ T
CCTAATAAGGGACCTC-14-s4d8,GARQ,D11,0,40,40,17,0.0029447079,CD8+ T
GTGCTGGGTACGGTAC-14-s4d8,GARQ,D11,0,40,40,4,0.04889539,Erythroblast
CTCCTGAGTCCCGGAA-14-s4d8,GARQ,D11,0,40,40,24,0.48448336,Transitional B
AAGCATGAGTAAGTGG-14-s4d8,GARQ,D11,0,40,40,18,0.054898918,CD8+ T
GCAATAGAGAAACTGG-14-s4d8,GARQ,D11,0,40,40,27,0.138017,CD4+ T naive
CAGGCTATCGCATTAA-14-s4d8,GARQ,D11,0,40,40,22,0.10299635,CD4+ T activated
AATCATCCAGAGAGCC-14-s4d8,GARQ,D11,0,40,40,23,0.40056777,Proerythroblast
TGCTTGCTCCTAAGTA-14-s4d8,GARQ,D11,0,40,40,24,0.21374714,Naive CD20+ B
GATAGACCAAGGTAAC-14-s4d8,GARQ,D11,0,40,40,8,0.0034748316,cDC2
TCTCGCCCACGAATCC-14-s4d8,GARQ,D11,0,40,40,3,0.029182315,Proerythroblast
TCATGTTTCGCTCACT-14-s4d8,GARQ,D11,0,40,40,18,0.032370806,CD8+ T
AGTGAACCATAGCAGG-14-s4d8,GARQ,D11,0,40,40,3,0.17787242,MK/E prog
TACGTACAGTTCCTGC-14-s4d8,GARQ,D11,0,40,40,33,0.1368326,CD4+ T activated
ACCTGGTCAAACCTAT-14-s4d8,GARQ,D11,0,40,40,23,0.27826905,Proerythroblast
CTTTATGGTGTTGCTT-14-s4d8,GARQ,D11,0,40,40,33,0.096806645,CD8+ T
GCTTTGTGTCTAACCT-14-s4d8,GARQ,D11,0,40,40,27,0.05191648,CD8+ T
AATGGCGCAGCCTAAC-14-s4d8,GARQ,D11,0,40,40,16,0.08335376,CD8+ T
ATCAGGTTCCGGTATG-14-s4d8,GARQ,D11,0,40,40,0,0.24902582,CD8+ T
ACGGGAAGTAAAGCAA-14-s4d8,GARQ,D11,0,40,40,8,0.0037242174,CD14+ Mono
TTGGATCAGTTTCCTG-14-s4d8,GARQ,D11,0,40,40,0,0.05381918,CD8+ T
TTTAGCTTCACGCGGT-14-s4d8,GARQ,D11,0,40,40,24,0.37874603,B1 B
GCCCATAAGAGAAGGG-14-s4d8,GARQ,D11,0,40,40,3,0.44282508,MK/E prog
CTTGGACCATAAGCAA-14-s4d8,GARQ,D11,0,40,40,27,0.11313224,CD8+ T
GGTCTTTGTCAGGCCA-14-s4d8,GARQ,D11,0,40,40,4,0.098489046,CD8+ T
TTGCAACAGGACCTTG-14-s4d8,GARQ,D11,0,40,40,20,0.0018022656,CD4+ T activated
GAGCATGCAGGTTATT-14-s4d8,GARQ,D11,0,40,40,0,0.015641153,CD8+ T
AAAGCTTGTGGATTCA-14-s4d8,GARQ,D11,0,40,40,15,0.05036199,CD8+ T
CACCAACCATGCATAT-14-s4d8,GARQ,D11,0,40,40,3,0.050670505,MK/E prog
CTCCTGAGTGCCTCAC-14-s4d8,GARQ,D11,0,40,40,24,0.31587017,Naive CD20+ B
CTCTATGTCATTACGA-14-s4d8,GARQ,D11,0,40,40,12,0.1470949,cDC2
GCTCGATCAAACCTTG-14-s4d8,GARQ,D11,0,40,40,23,0.75009704,Proerythroblast
ACATAGCTCAGGCCTA-14-s4d8,GARQ,D11,0,40,40,15,0.02428329,CD4+ T activated
TGTTGTAAGTCCTGAG-14-s4d8,GARQ,D11,0,40,40,15,0.043509483,CD8+ T
AGACCCGGTTTGTTGC-14-s4d8,GARQ,D11,0,40,40,20,0.012481391,CD4+ T activated
AGGCCCAGTTAACACG-14-s4d8,GARQ,D11,0,40,40,27,0.053115845,CD8+ T
AGTGTTTCATCCATCT-14-s4d8,GARQ,D11,0,40,40,24,0.117503285,B1 B
CATCCTGGTCACGGAT-14-s4d8,GARQ,D11,0,40,40,32,0.06640172,CD8+ T
CGCAATGTCACTCGCT-14-s4d8,GARQ,D11,0,40,40,23,0.1592735,Proerythroblast
GTTGCCCGTTTATGGG-14-s4d8,GARQ,D11,0,40,40,23,0.27231777,Proerythroblast
AATTAGGCAGAGGCTA-14-s4d8,GARQ,D11,0,40,40,0,0.049814582,CD8+ T
AGAGAGGAGGACACTT-14-s4d8,GARQ,D11,0,40,40,23,0.08483696,Proerythroblast
TGGATTCAGTTAGACC-14-s4d8,GARQ,D11,0,40,40,24,0.4492271,Transitional B
ATAGGTACACAAAGGT-14-s4d8,GARQ,D11,0,40,40,27,0.046090364,CD8+ T
TCACCGGCATCAGCAC-14-s4d8,GARQ,D11,0,40,40,24,0.22793162,Naive CD20+ B
TATGACATCCGCAACA-14-s4d8,GARQ,D11,0,40,40,0,0.111819744,CD8+ T
ATGCATTCATCTAGCA-14-s4d8,GARQ,D11,0,40,40,24,0.42062974,Naive CD20+ B
GATGAGGGTGGAAGGC-14-s4d8,GARQ,D11,0,40,40,23,0.010789692,MK/E prog
GACGTAAAGGACAATG-14-s4d8,GARQ,D11,0,40,40,27,0.03899765,CD8+ T
GATGCAGCAAGCTTTG-14-s4d8,GARQ,D11,0,40,40,29,0.056708336,G/M prog
GTTTGTCGTTCCTGTG-14-s4d8,GARQ,D11,0,40,40,15,0.059980035,CD8+ T
GAAGTGATCCCTGGAA-14-s4d8,GARQ,D11,0,40,40,27,0.04194534,NK
TGAGGCACAGCATTAT-14-s4d8,GARQ,D11,0,40,40,18,0.14142394,CD8+ T
CAATGTGGTATACTGG-14-s4d8,GARQ,D11,0,40,40,23,0.2494936,Proerythroblast
TCTTGTCCAGCTCATA-14-s4d8,GARQ,D11,0,40,40,18,0.07248211,CD8+ T
GTTGGAGCAAAGGTAC-14-s4d8,GARQ,D11,0,40,40,24,0.079790235,B1 B
TTCATCCCATAATGTC-14-s4d8,GARQ,D11,0,40,40,18,0.00010383129,CD8+ T
TTTGTGTTCACGCATG-14-s4d8,GARQ,D11,0,40,40,16,0.0525676,CD8+ T
GTGCTTCTCGTGCCTT-14-s4d8,GARQ,D11,0,40,40,27,0.007628083,CD4+ T activated
GTCGAGGAGCCGCAAC-14-s4d8,GARQ,D11,0,40,40,29,0.23476866,cDC2
TCCTCTAAGCATCCAG-14-s4d8,GARQ,D11,0,40,40,24,0.3112098,Naive CD20+ B
TGTCAATCACTAAGAA-14-s4d8,GARQ,D11,0,40,40,15,0.012127161,NK
ATCACTAAGTGAACAG-14-s4d8,GARQ,D11,0,40,40,31,0.0011175871,CD8+ T
CTGGTAAGTAATAGCT-14-s4d8,GARQ,D11,0,40,40,24,0.036457956,B1 B
GGCTTAAGTGATTACG-14-s4d8,GARQ,D11,0,40,40,20,0.00431931,CD8+ T
TGCTATGCATATTGAC-14-s4d8,GARQ,D11,0,40,40,18,0.0031580925,CD8+ T
GGTACAAAGTGAGGTA-14-s4d8,GARQ,D11,0,40,40,18,0.01854682,CD4+ T activated
CAAGGTTTCCTAGTCC-14-s4d8,GARQ,D11,0,40,40,6,0.0087195635,CD8+ T
TGGCCTTTCATTGTCT-14-s4d8,GARQ,D11,0,40,40,24,0.569335,Naive CD20+ B
GTGTCCAAGGTCCTAG-14-s4d8,GARQ,D11,0,40,40,27,0.18286043,NK
GGGAGTAGTGTGAGGA-14-s4d8,GARQ,D11,0,40,40,3,0.08571863,CD14+ Mono
AATCCATCACATTGCA-14-s4d8,GARQ,D11,0,40,40,0,0.038932085,CD8+ T
ACCAGCTCACTAGCGT-14-s4d8,GARQ,D11,0,40,40,3,0.109912515,CD8+ T
TTTGTGTTCGCACACA-14-s4d8,GARQ,D11,0,40,40,24,0.31445736,Transitional B
CTTATGTTCGATAACC-14-s4d8,GARQ,D11,0,40,40,8,0.041743875,CD14+ Mono
GTCGCAATCTTGATGA-14-s4d8,GARQ,D11,0,40,40,24,0.32840204,Naive CD20+ B
AAAGGAGCACAGGAAT-14-s4d8,GARQ,D11,0,40,40,24,0.47913456,Naive CD20+ B
CCTAATCGTACCGAAC-14-s4d8,GARQ,D11,0,40,40,5,0.002751708,B1 B
GTGAGGAGTGACCTGG-14-s4d8,GARQ,D11,0,40,40,27,0.02341938,CD8+ T
AATACCGGTTGCCTCA-14-s4d8,GARQ,D11,0,40,40,5,0.060996175,CD16+ Mono
CTCCAACTCAGCCAAT-14-s4d8,GARQ,D11,0,40,40,18,0.04895234,CD8+ T
GTAGGAGGTGCCGCAA-14-s4d8,GARQ,D11,0,40,40,38,0.004802108,B1 B
CCATAGCCATTATCCC-14-s4d8,GARQ,D11,0,40,40,3,0.17584407,Proerythroblast
AATCTCAAGGCGAATA-14-s4d8,GARQ,D11,0,40,40,16,0.0604707,NK
AACAAAGGTATGTGGC-14-s4d8,GARQ,D11,0,40,40,24,0.32052803,B1 B
ATTCCTCCAGCAATAA-14-s4d8,GARQ,D11,0,40,40,18,0.029384375,CD8+ T
CCTATTGTCTTGATGA-14-s4d8,GARQ,D11,0,40,40,34,0.0523144,CD4+ T naive
CAACAGGCAGCACGAA-14-s4d8,GARQ,D11,0,40,40,9,0.015184283,NK
GCACGAACATTGTCCT-14-s4d8,GARQ,D11,0,40,40,24,0.049820125,Transitional B
TAGGCTTAGTTATCCT-14-s4d8,GARQ,D11,0,40,40,0,0.026384354,CD8+ T
CGATTATCAGTAATAG-14-s4d8,GARQ,D11,0,40,40,18,0.12445998,CD8+ T
CGAAGCGAGGGACCTC-14-s4d8,GARQ,D11,0,40,40,2,0.08211303,CD8+ T
TAAGGCTTCGCTATAA-14-s4d8,GARQ,D11,0,40,40,27,0.02314806,CD8+ T
TCTTGACGTAACCAGC-14-s4d8,GARQ,D11,0,40,40,0,0.12644053,CD8+ T
TGAGCTTAGGCTACAT-14-s4d8,GARQ,D11,0,40,40,33,0.046805263,CD8+ T
AAAGCCGCAGATTCAT-14-s4d8,GARQ,D11,0,40,40,24,0.28509164,Transitional B
ACGCCTAAGCGCTAAT-14-s4d8,GARQ,D11,0,40,40,32,0.06924403,CD8+ T
TTCCTTCTCAAGCTAC-14-s4d8,GARQ,D11,0,40,40,39,0.08542156,CD8+ T
GTCGCAATCATTTGTC-14-s4d8,GARQ,D11,0,40,40,16,0.0987196,CD8+ T
ATTGCTCGTGAGACTC-14-s4d8,GARQ,D11,0,40,40,8,0.068770826,CD8+ T
CGCAAATTCCAGGTTG-14-s4d8,GARQ,D11,0,40,40,16,0.01888442,CD8+ T
CAATAAGCATTAGGCC-14-s4d8,GARQ,D11,0,40,40,27,0.0071368217,CD8+ T
CCTATTGTCCACCTTA-14-s4d8,GARQ,D11,0,40,40,2,0.019899487,CD8+ T
GCAGGTGAGGATTGCT-14-s4d8,GARQ,D11,0,40,40,32,0.065191746,CD8+ T
TGTGCGCAGCCTGTTC-14-s4d8,GARQ,D11,0,40,40,18,0.08927548,CD8+ T
GGCGTTATCACAGCCA-14-s4d8,GARQ,D11,0,40,40,24,0.29330504,Naive CD20+ B
TTTAGCAAGCTTAGCG-14-s4d8,GARQ,D11,0,40,40,0,0.10766435,CD8+ T
GAACGAATCATAACTG-14-s4d8,GARQ,D11,0,40,40,15,0.10651833,NK
CGAACCGGTGCTAGAC-14-s4d8,GARQ,D11,0,40,40,24,0.29313302,Naive CD20+ B
ACGATTCAGCCATCAG-14-s4d8,GARQ,D11,0,40,40,23,0.39285958,Normoblast
GCTTGTTGTCACGGAT-14-s4d8,GARQ,D11,0,40,40,24,0.2809242,Transitional B
CCAACCCGTTGTAACG-14-s4d8,GARQ,D11,0,40,40,2,0.030524135,CD8+ T
AGATGAAGTTACCGGG-14-s4d8,GARQ,D11,0,40,40,24,0.2937243,Transitional B
GAGCTTAGTAAGTCGC-14-s4d8,GARQ,D11,0,40,40,24,0.4850179,Transitional B
CAGCTATAGCTCCTAC-14-s4d8,GARQ,D11,0,40,40,18,0.08299589,CD8+ T
CGGTTCCGTTCACCCA-14-s4d8,GARQ,D11,0,40,40,24,0.3983667,Transitional B
ACTTGAATCCCTGACT-14-s4d8,GARQ,D11,0,40,40,9,0.023770094,CD4+ T activated
CCTACTTCAAGACTCC-14-s4d8,GARQ,D11,0,40,40,20,0.05147779,NK
CCTATTGTCATTTGCT-14-s4d8,GARQ,D11,0,40,40,23,0.502525,Normoblast
CTAGTTGCAATCCTAG-14-s4d8,GARQ,D11,0,40,40,14,0.09486556,CD14+ Mono
AGGCAATCATCATGGC-14-s4d8,GARQ,D11,0,40,40,2,0.10438633,CD8+ T
GTTCTCATCACAGACT-14-s4d8,GARQ,D11,0,40,40,24,0.2613867,Transitional B
ATGACAACAGAAACGT-14-s4d8,GARQ,D11,0,40,40,33,0.063218,CD4+ T activated
GAAACCCGTTAATGAC-14-s4d8,GARQ,D11,0,40,40,1,0.03233075,CD4+ T naive
TCACATAAGAACCTGT-14-s4d8,GARQ,D11,0,40,40,2,0.09814775,CD4+ T activated
CCACTTGGTTGCGCGA-14-s4d8,GARQ,D11,0,40,40,24,0.12756383,Transitional B
GCAGGTTGTATTGAGT-14-s4d8,GARQ,D11,0,40,40,24,0.226233,Naive CD20+ B
TGCAATATCAAATCGC-14-s4d8,GARQ,D11,0,40,40,24,0.4097513,Naive CD20+ B
AGAACCAAGTGATTCA-14-s4d8,GARQ,D11,0,40,40,23,0.76177394,Erythroblast
AAGCCTGTCTTAATGG-14-s4d8,GARQ,D11,0,40,40,23,0.09166372,Proerythroblast
TGCGCAGGTAATAACC-14-s4d8,GARQ,D11,0,40,40,32,0.053542852,CD8+ T
AAGGATTAGTAGGATG-14-s4d8,GARQ,D11,0,40,40,23,1.0616345,Erythroblast
ATCCATAAGGCGGATG-14-s4d8,GARQ,D11,0,40,40,2,0.029423714,CD8+ T
CTTGTTTAGGTGCGGA-14-s4d8,GARQ,D11,0,40,40,34,0.0732581,CD4+ T activated
GGTAAACCAGTTAGCC-14-s4d8,GARQ,D11,0,40,40,32,0.12961781,NK
CTTTCTTGTCGCGCAA-14-s4d8,GARQ,D11,0,40,40,30,0.112599075,NK
GGAACCACACAAGCCT-14-s4d8,GARQ,D11,0,40,40,24,0.07767081,Transitional B
CCTAAGCCAATTGACT-14-s4d8,GARQ,D11,0,40,40,32,0.1737796,CD8+ T
AAACCGGCAATTGACT-14-s4d8,GARQ,D11,0,40,40,2,0.015793562,CD8+ T
AGCCTGGGTAAACAAG-14-s4d8,GARQ,D11,0,40,40,27,0.023531258,CD8+ T
GTACTTAAGGTTAGCT-14-s4d8,GARQ,D11,0,40,40,3,0.29544383,MK/E prog
CTTAGTTTCACGAATC-14-s4d8,GARQ,D11,0,40,40,15,0.07042587,CD8+ T
CATCCTGGTACCAGGT-14-s4d8,GARQ,D11,0,40,40,26,0.05830884,HSC
TGTAAGTGTTGGCGTG-14-s4d8,GARQ,D11,0,40,40,14,0.023714542,CD14+ Mono
AATCTTGAGAGGGACT-14-s4d8,GARQ,D11,0,40,40,23,1.2428398,Erythroblast
CACTAAGGTTCTTTAG-14-s4d8,GARQ,D11,0,40,40,2,0.06602776,CD8+ T
TTAACCAAGGTGCTGC-14-s4d8,GARQ,D11,0,40,40,24,0.3889625,Naive CD20+ B
TATGGCCCATTATGCG-14-s4d8,GARQ,D11,0,40,40,24,0.3950808,Naive CD20+ B
CATTGCGAGTAATCCA-14-s4d8,GARQ,D11,0,40,40,24,0.74643886,Naive CD20+ B
AGACACGCAGGCTGTT-14-s4d8,GARQ,D11,0,40,40,0,0.04959619,CD8+ T
TTCCTTGAGCAGCTAT-14-s4d8,GARQ,D11,0,40,40,23,0.6043602,Proerythroblast
CACAGGGAGGATAAAC-14-s4d8,GARQ,D11,0,40,40,18,0.055363894,CD8+ T
CAAGGCCTCCCTGATC-14-s4d8,GARQ,D11,0,40,40,29,0.03208393,G/M prog
TCGGTAAGTTTGGCTT-14-s4d8,GARQ,D11,0,40,40,31,0.05407417,CD8+ T
GAAGGCCCATTGTCAG-14-s4d8,GARQ,D11,0,40,40,0,0.08528888,CD8+ T
CAGATTCAGGTGCGGA-14-s4d8,GARQ,D11,0,40,40,2,0.023447394,CD4+ T activated
ACAGTATGTGCATTAG-14-s4d8,GARQ,D11,0,40,40,4,0.08482194,CD8+ T
ACCTCACTCCCATAAA-14-s4d8,GARQ,D11,0,40,40,2,0.01352489,CD8+ T
ATGCAGGCAAATATCC-14-s4d8,GARQ,D11,0,40,40,0,0.0555861,CD8+ T
ACTCACCTCGGCCAGT-14-s4d8,GARQ,D11,0,40,40,0,0.09952152,CD8+ T
TCCTTAGTCCTGGTGA-14-s4d8,GARQ,D11,0,40,40,23,0.7568221,Proerythroblast
AAAGCTTGTTGCAATG-14-s4d8,GARQ,D11,0,40,40,18,0.22809148,CD8+ T
GCTCTGTTCGCTTCTA-14-s4d8,GARQ,D11,0,40,40,17,0.020525336,CD8+ T
GGACAGCCACCAACCG-14-s4d8,GARQ,D11,0,40,40,14,0.06375551,cDC2
GGGTTTGTCCGGGACT-14-s4d8,GARQ,D11,0,40,40,24,0.20666671,Naive CD20+ B
GATAAGCCAACTAACT-14-s4d8,GARQ,D11,0,40,40,35,0.058115244,CD8+ T
GGTTTCCTCCCGAACA-14-s4d8,GARQ,D11,0,40,40,32,0.07919729,CD8+ T
GTTTCTAGTGATGATT-14-s4d8,GARQ,D11,0,40,40,23,0.4825555,Proerythroblast
GTCTTGCTCTCACTAT-14-s4d8,GARQ,D11,0,40,40,23,0.32708228,Proerythroblast
TCCTTAGTCTAACTGA-14-s4d8,GARQ,D11,0,40,40,23,0.007806301,Proerythroblast
TACGTTAAGTTCCTCA-14-s4d8,GARQ,D11,0,40,40,3,0.3885224,G/M prog
CTTTAGGCAACTGGGA-14-s4d8,GARQ,D11,0,40,40,4,0.116903424,NK
CCGATGCAGTAACTCA-14-s4d8,GARQ,D11,0,40,40,18,0.38716316,CD8+ T
CATGCAAGTGATGGCT-14-s4d8,GARQ,D11,0,40,40,24,0.25968874,B1 B
ACCGGTTCAAAGGCCA-14-s4d8,GARQ,D11,0,40,40,17,0.026400805,CD8+ T
TTAGCTGCACGGTTTA-14-s4d8,GARQ,D11,0,40,40,27,0.09985548,CD8+ T
CCCAGCACACGTAATT-14-s4d8,GARQ,D11,0,40,40,32,0.09080565,CD8+ T
GATCGAGCAATAAGCA-14-s4d8,GARQ,D11,0,40,40,23,0.5622184,Erythroblast
GGCCAACTCTCCTCTT-14-s4d8,GARQ,D11,0,40,40,24,0.27866805,Naive CD20+ B
ATTGCGCCAGTCTATG-14-s4d8,GARQ,D11,0,40,40,3,0.5350573,MK/E prog
CCAGTTTGTGGAAACG-14-s4d8,GARQ,D11,0,40,40,24,0.045476556,Naive CD20+ B
GATCAGGCACCGTTCC-14-s4d8,GARQ,D11,0,40,40,3,0.101689935,HSC
TACTGACAGCACCACA-14-s4d8,GARQ,D11,0,40,40,18,0.16784883,CD4+ T activated
GATTAAGCATGGTTAT-14-s4d8,GARQ,D11,0,40,40,24,0.60745764,Naive CD20+ B
TGACCAAGTTGCGGAT-14-s4d8,GARQ,D11,0,40,40,20,0.002771914,CD4+ T activated
AGGCTAAAGTGGACAA-14-s4d8,GARQ,D11,0,40,40,24,0.88886356,Naive CD20+ B
TCGTGCTTCACGTTAA-14-s4d8,GARQ,D11,0,40,40,0,0.08428824,CD8+ T
ACCGAAGCACCTGCCT-14-s4d8,GARQ,D11,0,40,40,23,0.5614189,Normoblast
TGGACGGAGGGATTAG-14-s4d8,GARQ,D11,0,40,40,27,0.025164127,CD8+ T
ATTCATGAGTTACTTC-14-s4d8,GARQ,D11,0,40,40,19,0.0038993359,CD8+ T
GCTAGTGTCCACAATA-14-s4d8,GARQ,D11,0,40,40,23,0.23504508,Proerythroblast
CCTTATGTCCGCTAGA-14-s4d8,GARQ,D11,0,40,40,23,0.17139971,Proerythroblast
GTACACCCATCCCGCT-14-s4d8,GARQ,D11,0,40,40,0,0.01581204,CD4+ T activated
TCGGTAAGTTACTTCA-14-s4d8,GARQ,D11,0,40,40,27,0.03477645,CD8+ T
TAATCACCAACCTAAT-14-s4d8,GARQ,D11,0,40,40,24,0.88402987,Naive CD20+ B
GTCTTGCTCATCCTCA-14-s4d8,GARQ,D11,0,40,40,23,0.7726761,Normoblast
ATGACTCAGTGAGGGT-14-s4d8,GARQ,D11,0,40,40,32,0.029050589,CD8+ T
GAGGACTAGCAGCTAT-14-s4d8,GARQ,D11,0,40,40,27,0.036787033,NK
CTATGATCAAACCCTA-14-s4d8,GARQ,D11,0,40,40,24,0.20603108,Naive CD20+ B
TCATGTTTCTGGTCCT-14-s4d8,GARQ,D11,0,40,40,24,0.51205206,Naive CD20+ B
GAAAGCCAGTTTGGGT-14-s4d8,GARQ,D11,0,40,40,8,0.0017794967,CD14+ Mono
ACAACAGAGGGACTAA-14-s4d8,GARQ,D11,0,40,40,39,0.016313374,HSC
ACTAACTCAACTAGGG-14-s4d8,GARQ,D11,0,40,40,23,0.4100433,Proerythroblast
CCTGAGTCAGCATGTC-14-s4d8,GARQ,D11,0,40,40,3,0.17270267,MK/E prog
GCATTGCCAGCAAGTG-14-s4d8,GARQ,D11,0,40,40,2,0.01714003,CD8+ T
CAGCTATAGGGTCCAC-14-s4d8,GARQ,D11,0,40,40,33,0.050428033,CD4+ T activated
GCTCCTTAGCGATAAG-14-s4d8,GARQ,D11,0,40,40,28,0.021502525,CD14+ Mono
ATGTTTGAGTGGACAA-14-s4d8,GARQ,D11,0,40,40,0,0.14374912,CD8+ T
TTTCTTGCACGTGCTG-14-s4d8,GARQ,D11,0,40,40,32,0.035060644,CD8+ T
ATGGCTAGTTTGCGAA-14-s4d8,GARQ,D11,0,40,40,3,0.19478232,cDC2
CAATCCTGTTTGCGAA-14-s4d8,GARQ,D11,0,40,40,0,0.042163134,CD8+ T
CAGGTTTAGCTTACTT-14-s4d8,GARQ,D11,0,40,40,20,0.033100247,CD8+ T
CTTACTAGTTAATGAC-14-s4d8,GARQ,D11,0,40,40,15,0.02246344,CD4+ T naive
TTATGACCAACTCGCG-14-s4d8,GARQ,D11,0,40,40,0,0.13066006,CD8+ T
CAACCCGCATTAGCGC-14-s4d8,GARQ,D11,0,40,40,16,0.13032007,CD8+ T
GTTGTTGCACAGCCAT-14-s4d8,GARQ,D11,0,40,40,16,0.09178543,CD8+ T
ACCCTCCCATTGACAT-14-s4d8,GARQ,D11,0,40,40,15,0.041934133,CD8+ T
AACTAGCTCATTCATC-14-s4d8,GARQ,D11,0,40,40,18,0.026160479,CD8+ T
TTAGCAGGTTGTCCAT-14-s4d8,GARQ,D11,0,40,40,16,0.02038765,NK
TAGCCTGAGTACCGCA-14-s4d8,GARQ,D11,0,40,40,24,0.41545743,Transitional B
TTCCCGCCAGTTTCTC-14-s4d8,GARQ,D11,0,40,40,15,0.0018048286,CD4+ T naive
AGGTTTGGTGAGACTC-14-s4d8,GARQ,D11,0,40,40,32,0.065147996,CD8+ T
ATTGAAGCATCAGCAC-14-s4d8,GARQ,D11,0,40,40,27,0.02599585,CD8+ T
CATAACGGTTCAAGCA-14-s4d8,GARQ,D11,0,40,40,20,0.07502866,CD4+ T activated
TCAAACCAGGGTTATC-14-s4d8,GARQ,D11,0,40,40,1,0.057442367,CD8+ T
CATGGCGGTTAGTGAT-14-s4d8,GARQ,D11,0,40,40,24,0.42797232,Naive CD20+ B
CTAATTGAGGCTGTGC-14-s4d8,GARQ,D11,0,40,40,27,0.026249409,NK
ACAACAGAGTTAGCCG-14-s4d8,GARQ,D11,0,40,40,24,0.35359502,Transitional B
GTGAATCTCCGCCAAA-14-s4d8,GARQ,D11,0,40,40,24,0.59912086,B1 B
TCTATGTTCTTGTCCA-14-s4d8,GARQ,D11,0,40,40,3,0.2973985,G/M prog
ACTCACCTCTTAGCGG-14-s4d8,GARQ,D11,0,40,40,27,0.094195604,CD4+ T activated
CTTGCAACAGGCTTCG-14-s4d8,GARQ,D11,0,40,40,33,0.016628563,CD8+ T
GACGCCTAGCGCCTAA-14-s4d8,GARQ,D11,0,40,40,28,0.0381276,CD14+ Mono
TAAGCCTAGGCCAATT-14-s4d8,GARQ,D11,0,40,40,24,0.37008965,Naive CD20+ B
CGAGCTGGTTAGACCA-14-s4d8,GARQ,D11,0,40,40,18,0.05238962,CD8+ T
ACTTTGTTCCAACTGG-14-s4d8,GARQ,D11,0,40,40,28,0.028326988,CD14+ Mono
GTTACGTAGCCTGGTA-14-s4d8,GARQ,D11,0,40,40,18,0.07687032,CD8+ T
GCGAAGCCAGTAAGTA-14-s4d8,GARQ,D11,0,40,40,38,0.08886218,CD8+ T
GAGATAAGTTGGATAT-14-s4d8,GARQ,D11,0,40,40,18,0.23117423,CD8+ T
GCGATTTAGAGGATAT-14-s4d8,GARQ,D11,0,40,40,16,0.05110252,CD8+ T
GTCAATATCTCGACCT-14-s4d8,GARQ,D11,0,40,40,15,0.041877747,CD4+ T activated
AGCTGCTCAATGAATG-14-s4d8,GARQ,D11,0,40,40,4,0.12704575,CD8+ T
ATGACGAAGTTTGTCT-14-s4d8,GARQ,D11,0,40,40,32,0.0012044907,CD8+ T
CGCATTACAAACATAG-14-s4d8,GARQ,D11,0,40,40,16,0.14310002,CD8+ T
TATTGACCACTCGCTC-14-s4d8,GARQ,D11,0,40,40,17,0.108745456,CD4+ T activated
GTAAGGTCACAGACTC-14-s4d8,GARQ,D11,0,40,40,4,0.09772855,CD8+ T
ACGCCTTTCATTTGCT-14-s4d8,GARQ,D11,0,40,40,15,0.05331093,CD4+ T naive
TTGGGCGGTGCTCACC-14-s4d8,GARQ,D11,0,40,40,14,0.14737004,B1 B
CAGCCAATCTTACTCG-14-s4d8,GARQ,D11,0,40,40,32,0.19056654,CD8+ T
GAGCTGCTCGGTACGC-14-s4d8,GARQ,D11,0,40,40,27,0.045287013,CD8+ T
GTTCTTAGTTAGACCA-14-s4d8,GARQ,D11,0,40,40,24,0.032889783,Transitional B
CTAGTTGCAAATTGCT-14-s4d8,GARQ,D11,0,40,40,32,0.052283525,CD8+ T
GAACCAAAGGTCTTGG-14-s4d8,GARQ,D11,0,40,40,14,0.008003414,CD14+ Mono
CCAACCCGTTCACCAT-14-s4d8,GARQ,D11,0,40,40,23,0.4844619,Proerythroblast
AGCACTAGTAAGCACC-14-s4d8,GARQ,D11,0,40,40,23,0.15316415,Proerythroblast
AGCCTAGTCAGGAACA-14-s4d8,GARQ,D11,0,40,40,23,0.40987802,Proerythroblast
GAGAACCAGGAAGCAC-14-s4d8,GARQ,D11,0,40,40,3,0.0707922,HSC
GATTCAATCCTACCTA-14-s4d8,GARQ,D11,0,40,40,17,0.042941332,CD8+ T
CACATTAAGGTATTGC-14-s4d8,GARQ,D11,0,40,40,23,0.69686604,Proerythroblast
TGATGATGTAATCGGC-14-s4d8,GARQ,D11,0,40,40,0,0.067005634,CD8+ T
ACCATTAAGCTTCTCA-14-s4d8,GARQ,D11,0,40,40,4,0.046134472,CD8+ T
TAGCATATCGGCTATG-14-s4d8,GARQ,D11,0,40,40,16,0.009201527,CD4+ T activated
GAGCATGCATAAGCAA-14-s4d8,GARQ,D11,0,40,40,2,0.07835251,CD8+ T
AGTAATGCAGCAAGGC-14-s4d8,GARQ,D11,0,40,40,17,0.023661971,CD4+ T activated
TGAACAACAAGACTCC-14-s4d8,GARQ,D11,0,40,40,24,0.1309079,Plasma cell
GTGCTTACACTTAGGC-14-s4d8,GARQ,D11,0,40,40,0,0.0066462755,CD8+ T
GTGCCTTTCAGCATTA-14-s4d8,GARQ,D11,0,40,40,33,0.06479859,CD8+ T
CCCTCACCATCGCTCC-14-s4d8,GARQ,D11,0,40,40,32,0.14217806,CD8+ T
ATCCTGACAAAGGCCA-14-s4d8,GARQ,D11,0,40,40,0,0.04088044,CD8+ T
TGCACCTTCGATTCTT-14-s4d8,GARQ,D11,0,40,40,16,0.014559627,CD8+ T
TTTGCGGAGGCGCTAC-14-s4d8,GARQ,D11,0,40,40,6,0.04324341,CD8+ T
CGGGTATGTTAGGATT-14-s4d8,GARQ,D11,0,40,40,23,0.5970211,Erythroblast
AGCCGCTAGCATTAGC-14-s4d8,GARQ,D11,0,40,40,24,0.18634701,Naive CD20+ B
GTTCGCGCACTAAGCC-14-s4d8,GARQ,D11,0,40,40,4,0.038636327,CD8+ T
TACAACATCCAGGTCA-14-s4d8,GARQ,D11,0,40,40,18,0.060236096,CD8+ T
CACAATATCCTGATTT-14-s4d8,GARQ,D11,0,40,40,2,0.04044056,CD8+ T
TTTGTTGGTGCACGCA-14-s4d8,GARQ,D11,0,40,40,20,0.0036238432,CD8+ T
CGATTATCATATAACC-14-s4d8,GARQ,D11,0,40,40,24,0.50465274,B1 B
GTAATAGCAAGCTTTG-14-s4d8,GARQ,D11,0,40,40,16,0.041293025,CD8+ T
TCAGCAAGTGTCCTGC-14-s4d8,GARQ,D11,0,40,40,24,0.6307914,Transitional B
AAGTGCAAGTGCACGC-14-s4d8,GARQ,D11,0,40,40,24,0.373379,B1 B
GTGTGCGGTCCTAGTT-14-s4d8,GARQ,D11,0,40,40,15,0.0053186417,CD8+ T
CTCTAAGCACTTCATC-14-s4d8,GARQ,D11,0,40,40,4,0.10519171,CD8+ T
ACCTGTTGTTTAGTCC-14-s4d8,GARQ,D11,0,40,40,24,0.19458497,Naive CD20+ B
TATTAGGTCTCACTAT-14-s4d8,GARQ,D11,0,40,40,24,0.64042425,Naive CD20+ B
CCCTGTTAGTTCCCAC-14-s4d8,GARQ,D11,0,40,40,0,0.13406968,CD8+ T
GCGCAATGTTAACAGT-14-s4d8,GARQ,D11,0,40,40,18,0.014073372,CD4+ T naive
CACTAAGGTCACAGAC-14-s4d8,GARQ,D11,0,40,40,32,0.1968587,CD8+ T
CTGAAACTCCTCCCTC-14-s4d8,GARQ,D11,0,40,40,0,0.05198598,CD8+ T
GAGCTGCTCGCGCTAA-14-s4d8,GARQ,D11,0,40,40,1,0.07604742,CD8+ T
TTGACGTAGCTCCCTG-14-s4d8,GARQ,D11,0,40,40,27,0.31787586,CD8+ T
CTATTACTCTTAGCGG-14-s4d8,GARQ,D11,0,40,40,24,0.32282186,Naive CD20+ B
TTATCCTAGGCTAAGA-14-s4d8,GARQ,D11,0,40,40,16,0.0011154413,CD8+ T
TTATCCTAGGCGCATC-14-s4d8,GARQ,D11,0,40,40,24,0.20164567,Transitional B
CTGGTCAAGCTAATTG-14-s4d8,GARQ,D11,0,40,40,14,0.08063555,CD14+ Mono
CGTTGCGCATTAAGTC-14-s4d8,GARQ,D11,0,40,40,15,0.02414596,NK
TATTTGGAGTCTGGGC-14-s4d8,GARQ,D11,0,40,40,0,0.101958275,CD8+ T
TTTACGCGTTCTTTAG-14-s4d8,GARQ,D11,0,40,40,27,0.063133955,CD8+ T
CAAACACTCCTAATTC-14-s4d8,GARQ,D11,0,40,40,0,0.060687304,CD8+ T
GGATGTAAGGTTTACA-14-s4d8,GARQ,D11,0,40,40,16,0.024633408,NK
TGCGCAGGTTATCCGT-14-s4d8,GARQ,D11,0,40,40,24,0.35472095,Transitional B
AAGACAAGTACTTCAC-14-s4d8,GARQ,D11,0,40,40,32,0.060920715,CD8+ T
GGGAATATCACTAATG-14-s4d8,GARQ,D11,0,40,40,14,0.027521014,CD14+ Mono
TAAACAGCACCACAAC-14-s4d8,GARQ,D11,0,40,40,0,0.1928252,CD8+ T
CTAGTTGCATTGTGGC-14-s4d8,GARQ,D11,0,40,40,4,0.11229396,Normoblast
AAGTAGCCACTTCATC-14-s4d8,GARQ,D11,0,40,40,24,0.3969934,B1 B
AGTTGTCAGTTCCCGT-14-s4d8,GARQ,D11,0,40,40,2,0.036346734,NK
GAGCGGTCAAGGGTTG-14-s4d8,GARQ,D11,0,40,40,27,0.009937644,CD8+ T
AGTAATGCACGTAATT-14-s4d8,GARQ,D11,0,40,40,38,0.020842314,Naive CD20+ B
TTATAGCCATTAAGCT-14-s4d8,GARQ,D11,0,40,40,27,0.015398562,CD8+ T
GCAGCAACAATGCCCG-14-s4d8,GARQ,D11,0,40,40,32,0.022929192,CD8+ T
ATCTATGAGGTAAGCA-14-s4d8,GARQ,D11,0,40,40,20,0.060516477,CD8+ T
AGCTGCTCAACAGGAT-14-s4d8,GARQ,D11,0,40,40,27,0.09762132,CD8+ T
TCGTTACGTCCTAGTT-14-s4d8,GARQ,D11,0,40,40,23,0.3928076,Normoblast
GGCTCAATCCTCACTA-14-s4d8,GARQ,D11,0,40,40,34,0.011654615,CD4+ T naive
AAACGGATCAAACACC-14-s4d8,GARQ,D11,0,40,40,0,0.05237162,CD8+ T
CGTTAACAGTACTGGT-14-s4d8,GARQ,D11,0,40,40,19,0.008757114,NK
TCCAGCAAGGCGCTAC-14-s4d8,GARQ,D11,0,40,40,0,0.0833143,CD8+ T
TCCTTCAAGCACAGGG-14-s4d8,GARQ,D11,0,40,40,18,0.02568376,CD4+ T naive
CAAATCATCATCCACC-14-s4d8,GARQ,D11,0,40,40,0,0.113333166,CD8+ T
ACTCGCTTCCATAATG-14-s4d8,GARQ,D11,0,40,40,5,0.17022133,CD8+ T
AAGCTTGGTTAGCCAA-14-s4d8,GARQ,D11,0,40,40,34,0.004343033,CD8+ T
CTAATGTCAATGAATG-14-s4d8,GARQ,D11,0,40,40,24,0.3509953,Transitional B
TACAGGTTCCTAGTAA-14-s4d8,GARQ,D11,0,40,40,16,0.034425974,CD8+ T
CAGCATTAGGCCGGAA-14-s4d8,GARQ,D11,0,40,40,8,0.076003075,G/M prog
TCTCAAGCATTGTGCA-14-s4d8,GARQ,D11,0,40,40,24,0.1810897,B1 B
GGATATTGTGCAATGC-14-s4d8,GARQ,D11,0,40,40,24,0.22021389,Naive CD20+ B
CTTTAGTTCGGTACGC-14-s4d8,GARQ,D11,0,40,40,24,0.25239867,Transitional B
ATTGCGCCACCTATAG-14-s4d8,GARQ,D11,0,40,40,3,0.05170083,Proerythroblast
GACACCGGTTGCACAA-14-s4d8,GARQ,D11,0,40,40,23,0.59043336,Proerythroblast
GGGTTTGTCCTAAGTA-14-s4d8,GARQ,D11,0,40,40,18,0.049408197,CD8+ T
AGGTTACTCGCACACA-14-s4d8,GARQ,D11,0,40,40,31,0.04637766,CD8+ T
CCTATATTCATGCAAC-14-s4d8,GARQ,D11,0,40,40,3,0.25207925,HSC
GATTACGGTTAGTACG-14-s4d8,GARQ,D11,0,40,40,27,0.018205702,CD8+ T
GGAGGTTAGTAGCGGG-14-s4d8,GARQ,D11,0,40,40,0,0.048829317,CD8+ T
TAGTTTGAGTTTGGTA-14-s4d8,GARQ,D11,0,40,40,33,0.0358454,CD8+ T
AGGTTAGAGCATGCAT-14-s4d8,GARQ,D11,0,40,40,27,0.062214613,CD8+ T
GTGTTCCTCGTTAGCG-14-s4d8,GARQ,D11,0,40,40,32,0.12181008,CD8+ T
AACAGATAGCACAGGG-14-s4d8,GARQ,D11,0,40,40,3,0.21918428,CD14+ Mono
TCAACAATCGTAACGT-14-s4d8,GARQ,D11,0,40,40,24,0.35057247,Transitional B
TGCCGGTAGTGACCTG-14-s4d8,GARQ,D11,0,40,40,24,0.4286132,Naive CD20+ B
AGGATCCGTCATCAAG-14-s4d8,GARQ,D11,0,40,40,15,0.017588496,CD8+ T
AGCTACGTCCATTACT-14-s4d8,GARQ,D11,0,40,40,0,0.013819933,CD8+ T
GGTGATTTCTAGCGAT-14-s4d8,GARQ,D11,0,40,40,2,0.0060544014,CD8+ T
TTATGACCAATAGCAA-14-s4d8,GARQ,D11,0,40,40,23,0.44592953,Proerythroblast
TCTTCAAGTGTCCAAA-14-s4d8,GARQ,D11,0,40,40,24,0.38258487,Naive CD20+ B
GCTTGACCACAGCCAT-14-s4d8,GARQ,D11,0,40,40,0,0.006784439,CD8+ T
CGTTAAATCGCAATCG-14-s4d8,GARQ,D11,0,40,40,24,0.1874786,Naive CD20+ B
CTAGCTTGTTACGCAA-14-s4d8,GARQ,D11,0,40,40,8,0.16631305,CD16+ Mono
GGAATCTTCTAAGTCA-14-s4d8,GARQ,D11,0,40,40,24,0.31654048,Naive CD20+ B
ATTCCTCCAATAGTCT-14-s4d8,GARQ,D11,0,40,40,0,0.045422673,CD8+ T
ATGGCTGTCACTAATG-14-s4d8,GARQ,D11,0,40,40,24,0.03767532,Transitional B
CAAACTGGTTTGCTGT-14-s4d8,GARQ,D11,0,40,40,34,0.005611241,CD4+ T activated
GAGGGAGCAGCAACCT-14-s4d8,GARQ,D11,0,40,40,23,0.3343649,Proerythroblast
TGTGTGAGTTAAGCCA-14-s4d8,GARQ,D11,0,40,40,24,0.20559978,Naive CD20+ B
CTTTATGGTATCTGGA-14-s4d8,GARQ,D11,0,40,40,23,0.38510108,CD4+ T naive
TGAAGTGAGTAGCCAT-14-s4d8,GARQ,D11,0,40,40,3,0.0145576,CD16+ Mono
ACGCCTAAGTGTTGTA-14-s4d8,GARQ,D11,0,40,40,3,0.028141975,Proerythroblast
ATATAGGCACCTAAGC-14-s4d8,GARQ,D11,0,40,40,0,0.010577917,CD8+ T
CTCCTAATCTACCTGC-14-s4d8,GARQ,D11,0,40,40,5,0.006692171,CD8+ T
CTTAATGAGGCTACTG-14-s4d8,GARQ,D11,0,40,40,29,0.13469338,CD14+ Mono
CTATGACAGCCTCTGT-14-s4d8,GARQ,D11,0,40,40,20,0.0653857,CD4+ T naive
CGCACACAGGTAAGGC-14-s4d8,GARQ,D11,0,40,40,18,0.14732814,CD8+ T
GCGCGATTCGCGCTAA-14-s4d8,GARQ,D11,0,40,40,32,0.06821108,CD8+ T
CCAAATCAGGACACTT-14-s4d8,GARQ,D11,0,40,40,23,0.76987165,Proerythroblast
ATTACCGCATTATCCC-14-s4d8,GARQ,D11,0,40,40,24,0.22325033,Naive CD20+ B
TTTGGCTGTCACAAAT-14-s4d8,GARQ,D11,0,40,40,27,0.10078049,CD8+ T
GGAAACTCACAAAGAC-14-s4d8,GARQ,D11,0,40,40,18,0.0010865927,CD8+ T
GAGGAGGCAAACTGTT-14-s4d8,GARQ,D11,0,40,40,3,0.11513311,HSC
ACTATGTCATCACAGC-14-s4d8,GARQ,D11,0,40,40,27,0.06531918,CD8+ T
TTAAAGGCAAGCTAAA-14-s4d8,GARQ,D11,0,40,40,18,0.121965885,CD8+ T
CTAGATTCAGCAAGAT-14-s4d8,GARQ,D11,0,40,40,24,0.3355688,Plasma cell
ACTTGAATCCAATAGC-14-s4d8,GARQ,D11,0,40,40,32,0.0040661097,CD8+ T
ATGTCCACAAATTGCT-14-s4d8,GARQ,D11,0,40,40,24,0.54485726,Transitional B
ATTCACTTCACAGGAA-14-s4d8,GARQ,D11,0,40,40,27,0.017001033,CD8+ T
CAACTAATCAATCATG-14-s4d8,GARQ,D11,0,40,40,0,0.15258169,CD8+ T
CCCAACCGTAACGTGC-14-s4d8,GARQ,D11,0,40,40,3,0.45785093,MK/E prog
CTGCAATAGACAGGTA-14-s4d8,GARQ,D11,0,40,40,24,0.73731744,Naive CD20+ B
TCAAGTATCCTGGCTT-14-s4d8,GARQ,D11,0,40,40,7,0.019421875,CD14+ Mono
ACCAGCTCACGGTTTA-14-s4d8,GARQ,D11,0,40,40,29,0.039162517,cDC2
GAACGAATCGATTCTT-14-s4d8,GARQ,D11,0,40,40,18,0.06484914,CD8+ T
TCAATCGCAGTTTCTC-14-s4d8,GARQ,D11,0,40,40,0,0.059420228,CD8+ T
TCACTGACACTATGGC-14-s4d8,GARQ,D11,0,40,40,3,0.011151016,CD14+ Mono
CTCTTGATCCTTCTAG-14-s4d8,GARQ,D11,0,40,40,24,0.31226218,Naive CD20+ B
GCGGTTATCGATTTGA-14-s4d8,GARQ,D11,0,40,40,27,0.128335,CD8+ T
TGGTTAATCAGGTTTA-14-s4d8,GARQ,D11,0,40,40,27,0.07261908,CD8+ T
CGCAATGTCAGTTCCC-14-s4d8,GARQ,D11,0,40,40,16,0.03615892,CD8+ T
CATCATGCACAACAAA-14-s4d8,GARQ,D11,0,40,40,27,0.07416272,CD8+ T
GATCGATTCAATAGCC-14-s4d8,GARQ,D11,0,40,40,6,0.01049161,CD8+ T
GTCATGCCAGTAAAGC-14-s4d8,GARQ,D11,0,40,40,23,0.34430456,Proerythroblast
CAATGCCCATGTTGCA-14-s4d8,GARQ,D11,0,40,40,32,0.22429156,CD8+ T
TTTGTTGGTCAATACG-14-s4d8,GARQ,D11,0,40,40,4,0.0119018555,CD8+ T
GAGCTGCTCTCACATT-14-s4d8,GARQ,D11,0,40,40,23,0.21776521,Proerythroblast
AATACCGGTATTCGCT-14-s4d8,GARQ,D11,0,40,40,3,0.08923364,CD14+ Mono
CTCTAAGCAAGGTGGC-14-s4d8,GARQ,D11,0,40,40,23,0.60469306,Proerythroblast
AAGCCACGTAGGATCC-14-s4d8,GARQ,D11,0,40,40,24,0.19055927,Transitional B
CCTGTTGGTAGTTGGC-14-s4d8,GARQ,D11,0,40,40,24,0.78433263,Naive CD20+ B
GCTGTGCAGCCTCTGT-14-s4d8,GARQ,D11,0,40,40,24,0.35823548,B1 B
TTATTGCTCATTGCAA-14-s4d8,GARQ,D11,0,40,40,18,0.03501928,CD8+ T
TGGCGGTTCATTGTCT-14-s4d8,GARQ,D11,0,40,40,28,0.07315257,CD14+ Mono
AAGTAGCCATCATGTG-14-s4d8,GARQ,D11,0,40,40,24,0.34542465,Naive CD20+ B
GTTCATTTCCTGTTCA-14-s4d8,GARQ,D11,0,40,40,27,0.004475832,CD8+ T
AAACATGCAGTCTAAT-14-s4d8,GARQ,D11,0,40,40,17,0.00057041645,CD8+ T
CCCGCAACATCAATCG-14-s4d8,GARQ,D11,0,40,40,18,0.044565797,CD8+ T
TGACTTAAGCACAGCC-14-s4d8,GARQ,D11,0,40,40,20,0.10551739,CD8+ T
ATCCTGACACTGACTA-14-s4d8,GARQ,D11,0,40,40,32,0.13362575,CD8+ T
GACTAATGTTAGAGCC-14-s4d8,GARQ,D11,0,40,40,0,0.007921219,CD8+ T
GTTAATGTCCCGCAAA-14-s4d8,GARQ,D11,0,40,40,32,0.14253038,CD8+ T
ACAGGATCAGATTCAT-14-s4d8,GARQ,D11,0,40,40,18,0.109849215,CD8+ T
AATTGGACATAAGCAA-14-s4d8,GARQ,D11,0,40,40,18,0.0780741,CD8+ T
CAATGACTCACGCATG-14-s4d8,GARQ,D11,0,40,40,21,0.00501287,CD4+ T naive
TGTGTTAAGGAACCGG-14-s4d8,GARQ,D11,0,40,40,24,0.32735676,Transitional B
CATAGTCAGCTGGAAA-14-s4d8,GARQ,D11,0,40,40,2,0.050611496,CD8+ T
TTGACATCAAGTGTCC-14-s4d8,GARQ,D11,0,40,40,23,0.37868214,Proerythroblast
GTACCTTGTGCATTTC-14-s4d8,GARQ,D11,0,40,40,2,0.0598799,CD4+ T activated
ACAGGAATCATGCTTT-14-s4d8,GARQ,D11,0,40,40,24,0.2002778,Naive CD20+ B
GTTAGACTCGATTTGA-14-s4d8,GARQ,D11,0,40,40,15,0.0011730194,CD8+ T
GCATGAGCAATTTAGC-14-s4d8,GARQ,D11,0,40,40,27,0.020393372,CD8+ T
CTAAGTCAGCTGTAAC-14-s4d8,GARQ,D11,0,40,40,23,0.70569503,Erythroblast
TTCACTGTCAGGTTTA-14-s4d8,GARQ,D11,0,40,40,26,0.03060621,Proerythroblast
CCAGCTGCATCCTGAA-14-s4d8,GARQ,D11,0,40,40,27,0.17754054,CD8+ T
AGAATCTGTTAGTGAT-14-s4d8,GARQ,D11,0,40,40,3,0.35544288,pDC
ATATGCATCCAAGTTA-14-s4d8,GARQ,D11,0,40,40,24,0.22448993,Naive CD20+ B
ATCACTAAGATAACCC-14-s4d8,GARQ,D11,0,40,40,18,0.04613018,CD8+ T
GGACCTCAGTGAGAGC-14-s4d8,GARQ,D11,0,40,40,7,0.1689465,CD4+ T naive
TAAGGACCAACTAGCC-14-s4d8,GARQ,D11,0,40,40,15,0.043605268,NK
AAGTCTATCATGTTTC-14-s4d8,GARQ,D11,0,40,40,15,0.104780674,CD8+ T
GAACACAAGGACTTAC-14-s4d8,GARQ,D11,0,40,40,16,0.039211273,NK
GATAAGCCAACGTGCT-14-s4d8,GARQ,D11,0,40,40,2,0.011825085,CD8+ T
ATCGGCCAGTTGCGTG-14-s4d8,GARQ,D11,0,40,40,38,0.019567132,CD8+ T
GCACCTAAGCTCATAA-14-s4d8,GARQ,D11,0,40,40,23,0.5183145,Proerythroblast
CCTTCGTAGCATGGTT-14-s4d8,GARQ,D11,0,40,40,38,0.012672067,CD8+ T
GGTGCTTCATCCATCT-14-s4d8,GARQ,D11,0,40,40,27,0.12006199,CD4+ T activated
AGCTTTAAGCATGTTA-14-s4d8,GARQ,D11,0,40,40,16,0.10926008,CD8+ T
GGAACAATCGCATTAA-14-s4d8,GARQ,D11,0,40,40,33,0.05185902,CD8+ T
CGCGATTCAGGAACTG-14-s4d8,GARQ,D11,0,40,40,2,0.11112511,CD8+ T
TTGTGAGGTAGCTGCG-14-s4d8,GARQ,D11,0,40,40,27,0.007753134,CD8+ T
AGCGGACCAGTAAGTA-14-s4d8,GARQ,D11,0,40,40,32,0.17053974,CD8+ T
TCAGGTCCAAGCTTAT-14-s4d8,GARQ,D11,0,40,40,27,0.01176548,CD8+ T
AAACATGCAACGTGCT-14-s4d8,GARQ,D11,0,40,40,5,0.10223943,NK
GTGAGGAGTTTGGGCG-14-s4d8,GARQ,D11,0,40,40,3,0.2450285,G/M prog
CGTTAAATCCCTCACG-14-s4d8,GARQ,D11,0,40,40,27,0.041539073,NK
CTCCGTCCAGCTCATA-14-s4d8,GARQ,D11,0,40,40,27,0.21093166,CD8+ T
CAATATGTCCTCAGCT-14-s4d8,GARQ,D11,0,40,40,18,0.13599432,NK
TGTCAGTAGGTGAAAT-14-s4d8,GARQ,D11,0,40,40,24,0.44952714,Naive CD20+ B
AGTCTTGCAGGCCAAA-14-s4d8,GARQ,D11,0,40,40,35,0.007678032,CD4+ T activated
ATTCGTTTCCTAGTTT-14-s4d8,GARQ,D11,0,40,40,24,0.12315637,Transitional B
TAAAGCCTCATAAGCC-14-s4d8,GARQ,D11,0,40,40,2,0.029279232,CD8+ T
GAAGTGATCGATTTAG-14-s4d8,GARQ,D11,0,40,40,23,0.039025307,Proerythroblast
ACTCACTGTTAGAGGG-14-s4d8,GARQ,D11,0,40,40,1,0.016989708,CD8+ T
TAAGGACCAACATAAG-14-s4d8,GARQ,D11,0,40,40,16,0.071353436,CD8+ T
CGTGAGGAGGCCTGGT-14-s4d8,GARQ,D11,0,40,40,2,0.048238754,CD4+ T naive
GAGGCTTGTCCTAAGA-14-s4d8,GARQ,D11,0,40,40,30,0.069843054,CD8+ T
TTGTGTGCACAGGAAT-14-s4d8,GARQ,D11,0,40,40,27,0.1458919,CD8+ T
CCTACTTCATCTTGAG-14-s4d8,GARQ,D11,0,40,40,24,0.26088965,B1 B
CCCAAACCACCTAATG-14-s4d8,GARQ,D11,0,40,40,18,0.030017972,NK
ACTCACCTCTAAATCG-14-s4d8,GARQ,D11,0,40,40,23,0.014396787,Proerythroblast
GTGCGGTTCGTTAACA-14-s4d8,GARQ,D11,0,40,40,20,0.08277023,CD8+ T
AGTGTGGCACCCTCAC-14-s4d8,GARQ,D11,0,40,40,32,0.007576108,CD8+ T
TTGCTCTCAGAGGCTA-14-s4d8,GARQ,D11,0,40,40,18,0.26336527,CD8+ T
ATGAAGCCATAGCAGG-14-s4d8,GARQ,D11,0,40,40,0,0.014448047,CD8+ T
AGGCTAGCAAGGTAAC-14-s4d8,GARQ,D11,0,40,40,16,0.054548383,CD8+ T
ACACTAGGTAACCTAG-14-s4d8,GARQ,D11,0,40,40,24,0.13089073,Naive CD20+ B
CAAGCTAGTCACAGAC-14-s4d8,GARQ,D11,0,40,40,23,1.0410569,Erythroblast
GGCGGTAAGGTTAGAG-14-s4d8,GARQ,D11,0,40,40,3,0.11355686,Proerythroblast
CGCACACAGCGCCTTT-14-s4d8,GARQ,D11,0,40,40,23,1.3736427,Erythroblast
TTTCAGTTCGGGACCT-14-s4d8,GARQ,D11,0,40,40,16,0.047231436,CD8+ T
ATTCCTCCATTAGCGC-14-s4d8,GARQ,D11,0,40,40,24,0.27463037,B1 B
ACCAAACTCTACTAAG-14-s4d8,GARQ,D11,0,40,40,34,0.06859493,CD8+ T
GCCTCGACAGTAGCCT-14-s4d8,GARQ,D11,0,40,40,24,0.32598794,Transitional B
AGTAATGCAGGATAAC-14-s4d8,GARQ,D11,0,40,40,9,0.02806127,CD8+ T
ATCAGGTTCTTGATGA-14-s4d8,GARQ,D11,0,40,40,33,0.09684157,CD8+ T
CTAGCTTGTACCGGAT-14-s4d8,GARQ,D11,0,40,40,21,0.10558534,B1 B
ACTTGTCGTACAAAGA-14-s4d8,GARQ,D11,0,40,40,2,0.020068645,CD8+ T
GTACTGGTCCAGGTTG-14-s4d8,GARQ,D11,0,40,40,24,0.45814538,B1 B
AGGGCCTTCTCAATTC-14-s4d8,GARQ,D11,0,40,40,9,0.055948973,CD8+ T
AGGGCCTTCATTGTTC-14-s4d8,GARQ,D11,0,40,40,18,0.02351296,CD8+ T
CCATAATCACCGTTCC-14-s4d8,GARQ,D11,0,40,40,27,0.118162155,CD8+ T
CTTGAATCAGCACGTT-14-s4d8,GARQ,D11,0,40,40,24,0.15562755,B1 B
TGTCCTGGTGCTTTAC-14-s4d8,GARQ,D11,0,40,40,0,0.0022079945,NK
GGTTAGCGTTCCGCAC-14-s4d8,GARQ,D11,0,40,40,15,0.00095534325,CD8+ T
ACATTAGTCTAGCGTG-14-s4d8,GARQ,D11,0,40,40,23,0.30245173,Normoblast
CAATAGCTCACTAAGC-14-s4d8,GARQ,D11,0,40,40,5,0.0876897,CD8+ T
AGGTGAGGTAGGTTGC-14-s4d8,GARQ,D11,0,40,40,0,0.091959596,NK
TATCGCACAATGAATG-14-s4d8,GARQ,D11,0,40,40,2,0.055844307,CD8+ T
ACCTAAATCGATTCTT-14-s4d8,GARQ,D11,0,40,40,18,0.09595728,NK
GTGGTTAGTATACTGG-14-s4d8,GARQ,D11,0,40,40,32,0.02651596,CD8+ T
GACAATACAAGCTAAA-14-s4d8,GARQ,D11,0,40,40,0,0.035724282,CD8+ T
AGGACGTAGGCTGTGC-14-s4d8,GARQ,D11,0,40,40,0,0.12935042,NK
TATTGACCAGGTTAAA-14-s4d8,GARQ,D11,0,40,40,24,0.2778753,B1 B
CCTTGCGTCACCAATA-14-s4d8,GARQ,D11,0,40,40,24,0.29274094,Naive CD20+ B
ATAACGACAAGTAAGC-14-s4d8,GARQ,D11,0,40,40,27,0.086998105,CD4+ T activated
CGCACCACATGGTTAT-14-s4d8,GARQ,D11,0,40,40,18,0.01587081,CD8+ T
TCGCGAGGTTGCCTCA-14-s4d8,GARQ,D11,0,40,40,16,0.073828936,CD8+ T
TGGTTGAGTTGCCTCA-14-s4d8,GARQ,D11,0,40,40,0,0.038035154,CD8+ T
AGCTTGGTCGCTAAGT-14-s4d8,GARQ,D11,0,40,40,15,0.027971506,CD8+ T
ACCCAACCACACCAAC-14-s4d8,GARQ,D11,0,40,40,38,0.051792502,CD4+ T activated
TCTCAAGCAGGCAAGC-14-s4d8,GARQ,D11,0,40,40,27,0.03146434,CD8+ T
CCACATTGTAATGACT-14-s4d8,GARQ,D11,0,40,40,27,0.04277253,CD8+ T
ACTAAAGCATGGTTAT-14-s4d8,GARQ,D11,0,40,40,9,0.019810557,CD8+ T
GGGAGTAGTTGTGACA-14-s4d8,GARQ,D11,0,40,40,32,0.016433716,CD8+ T
AGTATAGCATGTTGTG-14-s4d8,GARQ,D11,0,40,40,15,0.09311628,CD8+ T
CCTCAAACACCAGGTT-14-s4d8,GARQ,D11,0,40,40,33,0.00032281876,CD8+ T
GGTAAGGGTACGTTTC-14-s4d8,GARQ,D11,0,40,40,27,0.016051292,CD8+ T
TTGTTGCGTTTGCGAA-14-s4d8,GARQ,D11,0,40,40,32,0.17174995,CD8+ T
ATGTCAATCCAATTAG-14-s4d8,GARQ,D11,0,40,40,19,0.087102056,CD4+ T activated
ATTAGTCCATAATTGC-14-s4d8,GARQ,D11,0,40,40,27,0.0017328858,CD8+ T
GTCAAACTCGAAGTGA-14-s4d8,GARQ,D11,0,40,40,0,0.08522916,CD8+ T
GATTCAATCCTCGATC-14-s4d8,GARQ,D11,0,40,40,32,0.028491378,CD8+ T
AAACCGGCACATACTG-14-s4d8,GARQ,D11,0,40,40,24,0.28436083,Transitional B
GGGCGAATCCCGTTTA-14-s4d8,GARQ,D11,0,40,40,23,0.2220316,Proerythroblast
ATCTATGAGGCGCTAC-14-s4d8,GARQ,D11,0,40,40,23,0.14007199,Proerythroblast
CCAATATCAGGCTTGT-14-s4d8,GARQ,D11,0,40,40,23,0.28856754,Proerythroblast
TTCCCACAGACAGGTA-14-s4d8,GARQ,D11,0,40,40,27,0.01437211,NK
GATTCAATCCTCAGCT-14-s4d8,GARQ,D11,0,40,40,2,0.063218,CD8+ T
CATTATGAGGCTTAAC-14-s4d8,GARQ,D11,0,40,40,33,0.02936697,CD8+ T
TAGTGAGAGAAAGCAT-14-s4d8,GARQ,D11,0,40,40,21,0.010253668,CD8+ T
AGAAGGTGTGCGCGTA-14-s4d8,GARQ,D11,0,40,40,38,0.03841281,CD8+ T
GCTGCATCATAAGCAA-14-s4d8,GARQ,D11,0,40,40,0,0.03737831,CD8+ T
CGGTTGGGTTGTCATC-14-s4d8,GARQ,D11,0,40,40,24,0.17511076,Transitional B
AGCTACGTCACAGCGC-14-s4d8,GARQ,D11,0,40,40,24,0.04648453,Naive CD20+ B
AACTAGCTCCCATAGG-14-s4d8,GARQ,D11,0,40,40,24,0.121343374,B1 B
GTTCCTGGTTGGATAT-14-s4d8,GARQ,D11,0,40,40,0,0.061675787,NK
GGTGTGACATCCTAGA-14-s4d8,GARQ,D11,0,40,40,24,0.06960732,Naive CD20+ B
AGCGCCTAGGTAGCTT-14-s4d8,GARQ,D11,0,40,40,24,0.46412522,Naive CD20+ B
GACCTAGTCCTACCTA-14-s4d8,GARQ,D11,0,40,40,24,0.25060523,B1 B
TATGGGCGTATGGTGC-14-s4d8,GARQ,D11,0,40,40,0,0.01208353,CD8+ T
CTAAGGTTCGGTTTCC-14-s4d8,GARQ,D11,0,40,40,27,0.037745,CD8+ T
ATTCCTCCAGGAACTG-14-s4d8,GARQ,D11,0,40,40,24,0.18900013,Transitional B
AGTGCGGAGGGACGCA-14-s4d8,GARQ,D11,0,40,40,14,0.00028669834,CD14+ Mono
TAAGCTATCCACCTTA-14-s4d8,GARQ,D11,0,40,40,9,0.009323239,CD8+ T
GGCGATACAGGCCAAA-14-s4d8,GARQ,D11,0,40,40,23,0.52044034,Proerythroblast
CTGTTCATCTACCTGC-14-s4d8,GARQ,D11,0,40,40,18,0.04580617,CD8+ T
ATTCATGAGTTATCTC-14-s4d8,GARQ,D11,0,40,40,23,0.14437532,Proerythroblast
TACCCGGCAAGTCGCT-14-s4d8,GARQ,D11,0,40,40,27,0.04710412,CD8+ T
TCTAGCCTCTGCAAAC-14-s4d8,GARQ,D11,0,40,40,27,0.043159008,CD8+ T
ATTAACCCACATACTG-14-s4d8,GARQ,D11,0,40,40,32,0.07517874,CD8+ T
AGAAACCCATAAGTTC-14-s4d8,GARQ,D11,0,40,40,32,0.024766147,CD4+ T activated
GATTGGCGTTAGCCAA-14-s4d8,GARQ,D11,0,40,40,32,0.17520052,CD4+ T activated
TGGTAAACAGCTAATT-14-s4d8,GARQ,D11,0,40,40,18,0.025663376,CD8+ T
CCCTCATAGCCTGAGC-14-s4d8,GARQ,D11,0,40,40,24,0.33363152,Naive CD20+ B
CTCCGGACACTATGGC-14-s4d8,GARQ,D11,0,40,40,24,0.27584803,B1 B
TTTCAGTTCTTGTCCA-14-s4d8,GARQ,D11,0,40,40,14,0.014957547,CD14+ Mono
GAAGTATAGGCGCATC-14-s4d8,GARQ,D11,0,40,40,23,0.44268906,Erythroblast
TACGTTAAGTTATGGC-14-s4d8,GARQ,D11,0,40,40,30,0.0029240847,CD8+ T
TCATACTTCCATAATG-14-s4d8,GARQ,D11,0,40,40,24,0.17562062,Transitional B
CCTGAGTCATAAAGCA-14-s4d8,GARQ,D11,0,40,40,1,0.10007787,HSC
ATCACTAAGAGAAGGG-14-s4d8,GARQ,D11,0,40,40,35,0.09229469,CD4+ T activated
CCTTACTCACCTGCTC-14-s4d8,GARQ,D11,0,40,40,24,0.44421554,Transitional B
AACCTTGCATAGTCAT-14-s4d8,GARQ,D11,0,40,40,27,0.02626133,CD8+ T
GCAATGAAGTAAGTCC-14-s4d8,GARQ,D11,0,40,40,4,0.0735293,CD8+ T
AGCCGCTAGCTATGAC-14-s4d8,GARQ,D11,0,40,40,27,0.22622329,CD8+ T
GCCTACTTCCCGCAAA-14-s4d8,GARQ,D11,0,40,40,3,0.07279092,CD14+ Mono
GGAGTCTGTCGCGCAA-14-s4d8,GARQ,D11,0,40,40,0,0.06371343,CD8+ T
TTTAACCTCATGGTGT-14-s4d8,GARQ,D11,0,40,40,24,0.57065773,Naive CD20+ B
CTTGCAACATTGTCAG-14-s4d8,GARQ,D11,0,40,40,24,0.2265104,B1 B
CCTTCAATCAAAGGCA-14-s4d8,GARQ,D11,0,40,40,4,0.042628884,CD4+ T activated
CAGGGCTTCTGTTCAT-14-s4d8,GARQ,D11,0,40,40,18,0.04530573,CD8+ T
CCAACCCGTCATAACG-14-s4d8,GARQ,D11,0,40,40,23,0.08231738,Proerythroblast
GTTAAGCTCCGCACAA-14-s4d8,GARQ,D11,0,40,40,18,0.0697031,NK
TGTAACTCAAGTCGCT-14-s4d8,GARQ,D11,0,40,40,27,0.013435364,CD4+ T activated
GCAACAGCAACACCTA-14-s4d8,GARQ,D11,0,40,40,32,0.0046693087,CD8+ T
ATCCTGACAGTATGTT-14-s4d8,GARQ,D11,0,40,40,15,0.0017145872,CD4+ T activated
CCCAGTTTCCGGAACC-14-s4d8,GARQ,D11,0,40,40,18,0.11015558,CD8+ T
ACACTAGGTTTCCGGC-14-s4d8,GARQ,D11,0,40,40,24,0.38456762,Transitional B
CGTGAGGAGCAAGACA-14-s4d8,GARQ,D11,0,40,40,27,0.06332755,CD8+ T
GCACGCTAGCTGGAAA-14-s4d8,GARQ,D11,0,40,40,27,0.03464532,CD8+ T
TGTAAGCTCATTAGCA-14-s4d8,GARQ,D11,0,40,40,0,0.02554202,CD8+ T
TCCGCCATCAATAGCC-14-s4d8,GARQ,D11,0,40,40,24,0.32921976,Transitional B
GTCGCAATCTTGTCTG-14-s4d8,GARQ,D11,0,40,40,22,0.028619409,CD4+ T activated
AAGTTAGCATTGGGAG-14-s4d8,GARQ,D11,0,40,40,24,1.1946526,Naive CD20+ B
ACGAACAAGGCTAGAA-14-s4d8,GARQ,D11,0,40,40,0,0.0038793087,CD8+ T
TAGGCTTAGCGATAAG-14-s4d8,GARQ,D11,0,40,40,29,0.029310614,cDC2
GGTTTGTAGCATGGTT-14-s4d8,GARQ,D11,0,40,40,0,0.044153214,CD8+ T
CTCACACTCATGCTAA-14-s4d8,GARQ,D11,0,40,40,0,0.10887587,CD8+ T
TACCTTTAGGAGGGTT-14-s4d8,GARQ,D11,0,40,40,23,0.0065101087,CD14+ Mono
TGAACAGAGTACTGGT-14-s4d8,GARQ,D11,0,40,40,24,0.36037588,Naive CD20+ B
AACTTAGTCTGCAACG-14-s4d8,GARQ,D11,0,40,40,18,0.021739006,CD8+ T
GTTAGGCGTGGGAACA-14-s4d8,GARQ,D11,0,40,40,14,0.030878305,MK/E prog
TAGGAGGGTAGGATTT-14-s4d8,GARQ,D11,0,40,40,24,0.52366805,Transitional B
AGGATCCGTACGGTAC-14-s4d8,GARQ,D11,0,40,40,32,0.03775692,CD8+ T
CCAGCTGCATAAGTCT-14-s4d8,GARQ,D11,0,40,40,24,0.2780887,B1 B
AGCGCTCAGCGGTTAT-14-s4d8,GARQ,D11,0,40,40,10,0.049855232,CD14+ Mono
TACGCACCACTTACAG-14-s4d8,GARQ,D11,0,40,40,22,0.05423653,CD4+ T activated
ACGACAAAGCCGCAGT-14-s4d8,GARQ,D11,0,40,40,15,0.011083484,CD8+ T
GTCCAGGGTTAGGCTA-14-s4d8,GARQ,D11,0,40,40,33,0.13849032,B1 B
CGGCTCACATAATCAC-14-s4d8,GARQ,D11,0,40,40,16,0.04431367,CD8+ T
ACCAAACTCAGCACCA-14-s4d8,GARQ,D11,0,40,40,3,0.11815643,MK/E prog
CTCTATGTCTGGCATG-14-s4d8,GARQ,D11,0,40,40,27,0.013723493,NK
TGTCAATCAGGACCTT-14-s4d8,GARQ,D11,0,40,40,27,0.09994805,CD8+ T
ATAGATGCAGGAACAT-14-s4d8,GARQ,D11,0,40,40,24,0.19952089,Naive CD20+ B
GCACATTAGAGCCGGA-14-s4d8,GARQ,D11,0,40,40,23,0.34694052,Proerythroblast
CGCACACAGGAGGACT-14-s4d8,GARQ,D11,0,40,40,27,0.104958534,CD8+ T
ACTCAGTAGTCTCACC-14-s4d8,GARQ,D11,0,40,40,0,0.1324892,CD8+ T
ATCCTGACAATTAACC-14-s4d8,GARQ,D11,0,40,40,18,0.15462565,CD8+ T
TCTCACCAGGGTTAGA-14-s4d8,GARQ,D11,0,40,40,8,0.0006633401,CD14+ Mono
CATGGCGGTGAGGTGA-14-s4d8,GARQ,D11,0,40,40,0,0.0012418628,CD8+ T
AAACGGATCTAAATCG-14-s4d8,GARQ,D11,0,40,40,24,0.0575459,CD4+ T naive
GTAGGCGAGGTGAAGC-14-s4d8,GARQ,D11,0,40,40,0,0.007380724,CD8+ T
GAGGCTACATTTAAGC-14-s4d8,GARQ,D11,0,40,40,27,0.00549984,CD4+ T naive
TTGGGCGGTCCTTCAG-14-s4d8,GARQ,D11,0,40,40,24,0.5089681,Naive CD20+ B
GCCGTGAGTTAGGATT-14-s4d8,GARQ,D11,0,40,40,15,0.04037541,CD8+ T
AGAATCTGTTGGTTAG-14-s4d8,GARQ,D11,0,40,40,8,0.024983704,CD14+ Mono
TGCCTGTTCAGTATTG-14-s4d8,GARQ,D11,0,40,40,24,0.2637834,B1 B
CTAATGTCAAGACTCC-14-s4d8,GARQ,D11,0,40,40,18,0.10962558,CD8+ T
CGATCCTTCAATCTCT-14-s4d8,GARQ,D11,0,40,40,18,0.06138575,CD8+ T
CGTCCTAGTTCGCTCA-14-s4d8,GARQ,D11,0,40,40,8,0.08170092,CD14+ Mono
TTACGTTTCATGCATA-14-s4d8,GARQ,D11,0,40,40,24,0.24577558,Naive CD20+ B
TACGGTTAGCATGCAT-14-s4d8,GARQ,D11,0,40,40,16,0.023014069,NK
TTAGCAATCTTAGTGA-14-s4d8,GARQ,D11,0,40,40,3,0.20727438,cDC2
ACATTGCAGCACAGCC-14-s4d8,GARQ,D11,0,40,40,27,0.032230496,CD8+ T
TTCAGCACATAGTCAT-14-s4d8,GARQ,D11,0,40,40,27,0.007384062,CD8+ T
ATAAGTCGTGAGGTGA-14-s4d8,GARQ,D11,0,40,40,23,0.28306478,Proerythroblast
AAGGTATAGGTCCACA-14-s4d8,GARQ,D11,0,40,40,0,0.036226273,CD8+ T
CAATATGTCATGACCG-14-s4d8,GARQ,D11,0,40,40,24,1.0109735,Naive CD20+ B
GATAATCGTCAATACG-14-s4d8,GARQ,D11,0,40,40,24,0.29349375,Naive CD20+ B
GGAAACTCAAGGGTTG-14-s4d8,GARQ,D11,0,40,40,18,0.010167241,CD8+ T
GTATGTTCACGAACAG-14-s4d8,GARQ,D11,0,40,40,24,0.43292058,B1 B
AATTTGCCATCATGGC-14-s4d8,GARQ,D11,0,40,40,18,0.03736782,CD8+ T
ATGACCAGTACCCACC-14-s4d8,GARQ,D11,0,40,40,24,0.26553667,B1 B
ACTGAAACAAGGTGCA-14-s4d8,GARQ,D11,0,40,40,20,0.07783735,CD4+ T naive
AGTTTGATCAGGGCCT-14-s4d8,GARQ,D11,0,40,40,27,0.02706039,CD4+ T activated
TAATTGCCATGCATAT-14-s4d8,GARQ,D11,0,40,40,17,0.0056601763,CD8+ T
GGAACAATCCTCACTA-14-s4d8,GARQ,D11,0,40,40,18,0.07170689,CD8+ T
AGTGCCGGTCCTTCAG-14-s4d8,GARQ,D11,0,40,40,24,0.3693651,Transitional B
TCGTTATTCGCACAAT-14-s4d8,GARQ,D11,0,40,40,2,0.06369084,CD8+ T
CCTAGTTGTTACTAGG-14-s4d8,GARQ,D11,0,40,40,16,0.004167855,CD8+ T
GCATGAGCAATAGCCC-14-s4d8,GARQ,D11,0,40,40,22,0.072541654,CD4+ T naive
CTACAACAGTCACTCC-14-s4d8,GARQ,D11,0,40,40,24,0.3993485,Naive CD20+ B
TTACAGCAGAATCTCA-14-s4d8,GARQ,D11,0,40,40,7,0.0045450926,CD4+ T naive
TTTGCGACAATAATCC-14-s4d8,GARQ,D11,0,40,40,0,0.021138132,NK
GACTAATGTTAGCTGA-14-s4d8,GARQ,D11,0,40,40,3,0.014644444,CD16+ Mono
TTATGCGCAAGGCCAA-14-s4d8,GARQ,D11,0,40,40,24,0.20671058,Transitional B
CCAACCAAGGGTGAAC-14-s4d8,GARQ,D11,0,40,40,2,0.006926656,CD4+ T activated
TTTGGTGCACCGGTAT-14-s4d8,GARQ,D11,0,40,40,24,0.51112735,Naive CD20+ B
CATGCATAGCACCACA-14-s4d8,GARQ,D11,0,40,40,3,0.16485804,HSC
CGGTGAGAGGTAAGGC-14-s4d8,GARQ,D11,0,40,40,24,0.2903254,B1 B
CTTTGTCCAAACATAG-14-s4d8,GARQ,D11,0,40,40,24,0.21948087,B1 B
TCGTCAACAAAGGTAC-14-s4d8,GARQ,D11,0,40,40,3,0.036082804,Proerythroblast
TTGGCTACAACTGGGA-14-s4d8,GARQ,D11,0,40,40,23,0.2523669,Erythroblast
GTACTTCGTGCTTAGA-14-s4d8,GARQ,D11,0,40,40,23,0.5925502,Proerythroblast
TTAGGCCCAGGCTAAG-14-s4d8,GARQ,D11,0,40,40,2,0.0829556,CD8+ T
GCCAATAGTTTAGTCC-14-s4d8,GARQ,D11,0,40,40,24,0.1299249,Transitional B
CTTAAGGGTCGACTCC-14-s4d8,GARQ,D11,0,40,40,12,0.021578074,CD14+ Mono
GCCTTACTCGTTCACC-14-s4d8,GARQ,D11,0,40,40,23,0.78436995,Proerythroblast
ACCACATAGTCTCACC-14-s4d8,GARQ,D11,0,40,40,37,0.0014849305,MK/E prog
CGGTTCCGTTAGCCAA-14-s4d8,GARQ,D11,0,40,40,23,0.50442034,Proerythroblast
CGCCAAATCTATTGTC-14-s4d8,GARQ,D11,0,40,40,0,0.028774858,CD8+ T
TATCACAAGCTATGAC-14-s4d8,GARQ,D11,0,40,40,5,0.02157873,Erythroblast
ACCAGGGAGCCTGAGC-14-s4d8,GARQ,D11,0,40,40,3,0.18274176,CD14+ Mono
ATGCTTAAGTCTTGAA-14-s4d8,GARQ,D11,0,40,40,32,0.0045028925,CD8+ T
GTTCTTGTCGTTAGTA-14-s4d8,GARQ,D11,0,40,40,0,0.05409652,CD8+ T
ACAGGTAAGCTCAATA-14-s4d8,GARQ,D11,0,40,40,18,0.09036255,CD8+ T
ACCCGTAAGTGAGGTA-14-s4d8,GARQ,D11,0,40,40,33,0.015452385,CD8+ T
CAACAATGTATTCGTC-14-s4d8,GARQ,D11,0,40,40,18,0.058650136,CD8+ T
CGTAATGGTCAAAGAA-14-s4d8,GARQ,D11,0,40,40,23,0.5419667,Erythroblast
TCGTCAACAGTCTATG-14-s4d8,GARQ,D11,0,40,40,3,0.12688416,CD16+ Mono
CACGCTAAGACACCGC-14-s4d8,GARQ,D11,0,40,40,0,0.09426665,CD8+ T
GTTAAGTGTGAGGTAG-14-s4d8,GARQ,D11,0,40,40,0,0.009009242,CD8+ T
CTCTTGATCTCACATT-14-s4d8,GARQ,D11,0,40,40,0,0.06478953,CD8+ T
CAATCTAAGGTGAAAT-14-s4d8,GARQ,D11,0,40,40,17,0.06411278,CD4+ T activated
CAAACAACACTTCACT-14-s4d8,GARQ,D11,0,40,40,8,0.08189371,cDC2
ATGGCTAGTCAAGTAT-14-s4d8,GARQ,D11,0,40,40,24,0.11543,Naive CD20+ B
GTGCTTACACAACCTA-14-s4d8,GARQ,D11,0,40,40,24,0.08814889,Naive CD20+ B
GTTGGCCAGTATTGGC-14-s4d8,GARQ,D11,0,40,40,23,0.6116092,Normoblast
TGCACCTTCATTTGCT-14-s4d8,GARQ,D11,0,40,40,24,0.2213316,Transitional B
TGATCGAGTGTGTCCC-14-s4d8,GARQ,D11,0,40,40,32,0.1146881,CD8+ T
TCGCGCACAACACCTA-14-s4d8,GARQ,D11,0,40,40,33,0.01251936,CD8+ T
CTATTACTCTCAATGA-14-s4d8,GARQ,D11,0,40,40,18,0.083299875,CD8+ T
ATCACCCTCCATAATG-14-s4d8,GARQ,D11,0,40,40,18,0.0018458366,CD8+ T
AGCAACAAGCCAAATC-14-s4d8,GARQ,D11,0,40,40,24,0.2678516,B1 B
CGACCTGCAGCAAGTG-14-s4d8,GARQ,D11,0,40,40,27,0.0083601475,CD4+ T activated
TTTAACGAGGTAAGCA-14-s4d8,GARQ,D11,0,40,40,24,0.284544,Transitional B
TACGTTAAGTGAACAG-14-s4d8,GARQ,D11,0,40,40,24,0.23203874,Transitional B
GCACGCTAGGACAACA-14-s4d8,GARQ,D11,0,40,40,23,0.31324363,Proerythroblast
TCATGTTTCACCAATA-14-s4d8,GARQ,D11,0,40,40,27,0.34788895,CD8+ T
CTAGCTTGTTAAATGC-14-s4d8,GARQ,D11,0,40,40,23,0.4375949,Erythroblast
TATCGCACATAATTGC-14-s4d8,GARQ,D11,0,40,40,23,0.47546387,Erythroblast
ACGCCACAGGTTACGT-14-s4d8,GARQ,D11,0,40,40,24,0.6626713,Naive CD20+ B
TCCATAAAGTTAGAGG-14-s4d8,GARQ,D11,0,40,40,32,0.16125095,CD8+ T
CTAGTTGCATTAGGCC-14-s4d8,GARQ,D11,0,40,40,15,0.027391076,CD8+ T
CAGATTCAGCAAGGGT-14-s4d8,GARQ,D11,0,40,40,27,0.095394135,CD8+ T
CAGTATGGTTCCGGGA-14-s4d8,GARQ,D11,0,40,40,27,0.0014484525,CD8+ T
ATCAATCCAGAGAGCC-14-s4d8,GARQ,D11,0,40,40,32,0.15550065,CD8+ T
GGTTAGCGTAATGGCC-14-s4d8,GARQ,D11,0,40,40,24,0.19376099,Transitional B
CGCATTTGTAGCTAGC-14-s4d8,GARQ,D11,0,40,40,38,0.08011973,CD8+ T
CCTTACTCATGTTGGC-14-s4d8,GARQ,D11,0,40,40,3,0.39802754,MK/E prog
CTCATCATCAATACGC-14-s4d8,GARQ,D11,0,40,40,27,0.03486079,NK
GAGAGGCGTCCCGAAG-14-s4d8,GARQ,D11,0,40,40,15,0.061845124,CD8+ T
TCAAGAACAGCAAGGC-14-s4d8,GARQ,D11,0,40,40,23,0.38762784,Proerythroblast
AGCCTCCGTCCTCCAA-14-s4d8,GARQ,D11,0,40,40,16,0.0017071962,CD8+ T
TAAGGCTTCCAGGGAG-14-s4d8,GARQ,D11,0,40,40,2,0.05849743,CD8+ T
CTAACCTGTAAACAAG-14-s4d8,GARQ,D11,0,40,40,14,0.010697991,CD16+ Mono
CTGTAACAGCACTAAC-14-s4d8,GARQ,D11,0,40,40,18,0.28872705,CD8+ T
ACTCACCTCAAGCCTG-14-s4d8,GARQ,D11,0,40,40,18,0.13723898,CD4+ T activated
GCTTGACCAATATGGA-14-s4d8,GARQ,D11,0,40,40,33,0.04438877,CD4+ T naive
GTCTAGCCATCCATCT-14-s4d8,GARQ,D11,0,40,40,2,0.029074669,CD4+ T activated
GGTTTCCTCCTCAGTC-14-s4d8,GARQ,D11,0,40,40,24,0.523065,B1 B
GTCATGAGTACCTTAC-14-s4d8,GARQ,D11,0,40,40,24,0.5596093,Transitional B
CTGGTTACATGCTTAG-14-s4d8,GARQ,D11,0,40,40,3,0.06344819,CD14+ Mono
ACTCACCTCTTGACCC-14-s4d8,GARQ,D11,0,40,40,17,0.0050952435,CD8+ T
TTGCGAGTCTATTGTC-14-s4d8,GARQ,D11,0,40,40,33,0.0022161603,CD4+ T activated
AGCCAGTGTCCTTAGT-14-s4d8,GARQ,D11,0,40,40,23,0.39820284,Proerythroblast
GTATCGCCACTAGGTC-14-s4d8,GARQ,D11,0,40,40,3,0.3429489,MK/E prog
ATGGCCGGTTACTTGC-14-s4d8,GARQ,D11,0,40,40,23,0.15430784,Proerythroblast
TAGCTAGGTTAGGTTG-14-s4d8,GARQ,D11,0,40,40,16,0.044901848,CD8+ T
CATGGATTCTCCTCTT-14-s4d8,GARQ,D11,0,40,40,18,0.0667119,CD8+ T
AAACGCGCAAGTCGCT-14-s4d8,GARQ,D11,0,40,40,11,0.20905983,Plasma cell
AGTGATGAGCAAGGGT-14-s4d8,GARQ,D11,0,40,40,32,0.1000514,CD8+ T
CGATTATCAGGGAGCT-14-s4d8,GARQ,D11,0,40,40,32,0.016851544,NK
ATGACTCAGTTGGATC-14-s4d8,GARQ,D11,0,40,40,27,0.051167846,CD8+ T
GGCCTCTGTGTCACGG-14-s4d8,GARQ,D11,0,40,40,18,0.08097327,CD8+ T
AGTCAGGCAATAGCAA-14-s4d8,GARQ,D11,0,40,40,32,0.18880045,CD8+ T
CTTTGGTGTGTCCAGG-14-s4d8,GARQ,D11,0,40,40,22,0.026552498,CD8+ T
CTGTATTTCCATAATG-14-s4d8,GARQ,D11,0,40,40,8,0.09406328,CD16+ Mono
CCTAATAAGAAAGGAA-14-s4d8,GARQ,D11,0,40,40,27,0.12290156,CD8+ T
GATCGAGCATTTGCTC-14-s4d8,GARQ,D11,0,40,40,23,0.5916655,Proerythroblast
GTGCCTTTCCAGGTTG-14-s4d8,GARQ,D11,0,40,40,20,0.02670288,CD8+ T
CCTGTTGGTGCAACTA-14-s4d8,GARQ,D11,0,40,40,10,0.027504742,CD14+ Mono
AATCATGTCCTTAAGA-14-s4d8,GARQ,D11,0,40,40,27,0.00804311,CD4+ T activated
AAAGCAAGTGTCCTGC-14-s4d8,GARQ,D11,0,40,40,23,0.48433733,Proerythroblast
GGTATGTTCGCTAGAT-14-s4d8,GARQ,D11,0,40,40,33,0.038970113,CD4+ T activated
AAACCGGCAGGAAGCC-14-s4d8,GARQ,D11,0,40,40,9,0.06194496,CD8+ T
GAGTAACCAATAATGG-14-s4d8,GARQ,D11,0,40,40,18,0.11092973,CD8+ T
GTTTGCTGTGATTTGG-14-s4d8,GARQ,D11,0,40,40,0,0.004271984,CD8+ T
CAGCATGTCTTGACCC-14-s4d8,GARQ,D11,0,40,40,0,0.013776064,CD8+ T
ATATGTCCAGCCGCTA-14-s4d8,GARQ,D11,0,40,40,0,0.03668952,CD8+ T
AACAGGATCCTGGCTT-14-s4d8,GARQ,D11,0,40,40,18,0.11205852,CD8+ T
GTCGAGGAGGGACGCA-14-s4d8,GARQ,D11,0,40,40,15,0.09666598,CD8+ T
GTGCTGGGTCTATCGT-14-s4d8,GARQ,D11,0,40,40,24,0.5033109,Naive CD20+ B
ACTGAAACAGTTAGCC-14-s4d8,GARQ,D11,0,40,40,0,0.09735346,CD8+ T
ACTTAGGGTTAGGATT-14-s4d8,GARQ,D11,0,40,40,24,0.038582087,Transitional B
GCTATAGGTATTCGTC-14-s4d8,GARQ,D11,0,40,40,15,0.07864714,CD8+ T
CAGGATGCAAGTGTTT-14-s4d8,GARQ,D11,0,40,40,0,0.006928563,CD8+ T
CCTTATGTCATAATCG-14-s4d8,GARQ,D11,0,40,40,24,0.48490965,Transitional B
TAGGTGCGTTGTCATC-14-s4d8,GARQ,D11,0,40,40,24,0.12820292,Plasma cell
GAGTCATTCCTCAGCT-14-s4d8,GARQ,D11,0,40,40,34,0.0015733242,CD4+ T naive
ACACAATGTAAGCTCA-14-s4d8,GARQ,D11,0,40,40,24,0.39718127,Naive CD20+ B
GGCTATTAGCTCCTAC-14-s4d8,GARQ,D11,0,40,40,33,0.006775856,CD4+ T naive
TGGACCGGTTCTTTAG-14-s4d8,GARQ,D11,0,40,40,27,0.08769858,CD8+ T
GAAGTGATCGAGCAAA-14-s4d8,GARQ,D11,0,40,40,23,0.36496878,Proerythroblast
GCAGGCAAGTTTGGTA-14-s4d8,GARQ,D11,0,40,40,23,0.30356407,Proerythroblast
TCCCGGACACCCACAG-14-s4d8,GARQ,D11,0,40,40,15,0.08431339,CD4+ T activated
AAATCCGGTACTGAAT-14-s4d8,GARQ,D11,0,40,40,0,0.08409405,CD8+ T
CTATTGAAGGCCGGAA-14-s4d8,GARQ,D11,0,40,40,24,0.13288283,B1 B
TTCAGGTAGGTCTTGG-14-s4d8,GARQ,D11,0,40,40,16,0.034570456,CD8+ T
GCAACAGCATTGCAGC-14-s4d8,GARQ,D11,0,40,40,24,0.05351162,CD4+ T activated
CTTCAGGAGCCGCTAA-14-s4d8,GARQ,D11,0,40,40,16,0.02884233,CD8+ T
AGCTCATAGAATCTCA-14-s4d8,GARQ,D11,0,40,40,33,0.069755316,CD4+ T activated
TCAAGACTCAGCACCA-14-s4d8,GARQ,D11,0,40,40,27,0.026577234,CD8+ T
TTAGTCAAGTTTGAGC-14-s4d8,GARQ,D11,0,40,40,32,0.03533697,CD8+ T
GCCACACAGCTCGCTT-14-s4d8,GARQ,D11,0,40,40,23,0.9036677,Erythroblast
TACGTTAAGTTTAACG-14-s4d8,GARQ,D11,0,40,40,27,0.039278984,CD8+ T
GCACCTAAGTGAGCGG-14-s4d8,GARQ,D11,0,40,40,23,0.70047474,Erythroblast
GATTCATCAGGTATTT-14-s4d8,GARQ,D11,0,40,40,3,0.28193444,MK/E prog
GCAAGTGCACAAACTT-14-s4d8,GARQ,D11,0,40,40,15,0.03801322,CD8+ T
GTGAATCTCGGGATTT-14-s4d8,GARQ,D11,0,40,40,0,0.038486242,CD8+ T
GGCTGGTTCAAGTGAG-14-s4d8,GARQ,D11,0,40,40,24,0.3050189,B1 B
AGCAAGGGTTCACCCA-14-s4d8,GARQ,D11,0,40,40,27,0.09464222,CD8+ T
ATACCTGCAGTCTATG-14-s4d8,GARQ,D11,0,40,40,24,0.17953938,Transitional B
TGGATTCAGCGGTTAT-14-s4d8,GARQ,D11,0,40,40,24,0.43224347,B1 B
ACTTATCTCCGCCAAA-14-s4d8,GARQ,D11,0,40,40,3,0.035701394,CD14+ Mono
TTTGGTGCAATTAGCT-14-s4d8,GARQ,D11,0,40,40,24,0.5196644,Transitional B
CAATGAACATGACTAT-14-s4d8,GARQ,D11,0,40,40,9,0.016674042,CD4+ T naive
AGTTATGTCCGCCAAA-14-s4d8,GARQ,D11,0,40,40,4,0.18243939,Transitional B
CCATAAATCATTATGG-14-s4d8,GARQ,D11,0,40,40,2,0.019185662,CD8+ T
GGGCATTGTTCACCAT-14-s4d8,GARQ,D11,0,40,40,2,0.028234601,CD8+ T
ATCATGTCAATACTGT-14-s4d8,GARQ,D11,0,40,40,16,0.09350002,CD8+ T
CAAGTAACAGGACCAA-14-s4d8,GARQ,D11,0,40,40,23,0.31760263,Proerythroblast
TTCCCACAGGCCATCA-14-s4d8,GARQ,D11,0,40,40,33,0.005764723,CD4+ T naive
TTGTTCCCAGACAAAC-14-s4d8,GARQ,D11,0,40,40,24,0.3413551,Transitional B
AATTGTGTCTTGATGA-14-s4d8,GARQ,D11,0,40,40,4,0.011215448,CD8+ T
ATGGTGCGTAGCCTAA-14-s4d8,GARQ,D11,0,40,40,23,0.32035214,Proerythroblast
TTGTTCCCACGTGCTG-14-s4d8,GARQ,D11,0,40,40,24,0.33464026,Naive CD20+ B
TTCCTTCTCCACCTTA-14-s4d8,GARQ,D11,0,40,40,2,0.020740867,CD8+ T
GCGCGATTCTTGCAAA-14-s4d8,GARQ,D11,0,40,40,16,0.03151214,CD8+ T
CGGGCTTAGGTCCACA-14-s4d8,GARQ,D11,0,40,40,18,0.05137074,CD8+ T
AGTGCACGTTCCTGTG-14-s4d8,GARQ,D11,0,40,40,17,0.024554491,CD8+ T
GGTTATATCACTTTAC-14-s4d8,GARQ,D11,0,40,40,23,0.46678138,Normoblast
AGAATCTGTTTGGGCG-14-s4d8,GARQ,D11,0,40,40,2,0.048008144,CD8+ T
AGGCCCAGTACGCGCA-14-s4d8,GARQ,D11,0,40,40,23,0.5040399,Erythroblast
TAGCTAGGTAATCGTG-14-s4d8,GARQ,D11,0,40,40,18,0.023367763,CD8+ T
AGTTGCAGTTAGGTGC-14-s4d8,GARQ,D11,0,40,40,23,0.5025628,Proerythroblast
CCTAAGTAGCATGACT-14-s4d8,GARQ,D11,0,40,40,18,0.15318668,CD8+ T
TGATCGAGTCATTGAG-14-s4d8,GARQ,D11,0,40,40,15,0.15891981,CD8+ T
ATCCGTGAGAGGGACT-14-s4d8,GARQ,D11,0,40,40,2,0.026301265,CD8+ T
CCTCAATGTAGCCATA-14-s4d8,GARQ,D11,0,40,40,4,0.045191288,CD8+ T
GATTTGCAGTAATCCA-14-s4d8,GARQ,D11,0,40,40,0,0.045245647,CD8+ T
GGCATTGTCATTACAG-14-s4d8,GARQ,D11,0,40,40,32,0.071344614,CD8+ T
GTCGCAATCATTGCGG-14-s4d8,GARQ,D11,0,40,40,24,0.5152044,Naive CD20+ B
AAGGATTAGTTTGGTA-14-s4d8,GARQ,D11,0,40,40,24,0.29927647,B1 B
GCAATATGTGGGTGAA-14-s4d8,GARQ,D11,0,40,40,24,0.43536353,Transitional B
GCTTGACCATTAAAGG-14-s4d8,GARQ,D11,0,40,40,15,0.09673238,CD8+ T
CCAACCCGTAGGTTGC-14-s4d8,GARQ,D11,0,40,40,23,0.65888476,Proerythroblast
CTAGGCGGTTTAAAGC-14-s4d8,GARQ,D11,0,40,40,2,0.020937443,CD8+ T
TTAGACTCAAGTGAAC-14-s4d8,GARQ,D11,0,40,40,20,0.10494232,CD8+ T
TATCCGGAGCTTAGCG-14-s4d8,GARQ,D11,0,40,40,24,0.32276118,Naive CD20+ B
GCCAATTAGGAGTCGG-14-s4d8,GARQ,D11,0,40,40,1,0.040157676,CD4+ T activated
ACCTTGCTCCTAATGA-14-s4d8,GARQ,D11,0,40,40,18,0.045497656,CD8+ T
CAGTATGGTCATGCAA-14-s4d8,GARQ,D11,0,40,40,20,0.1505627,CD8+ T
CTCCTGAGTTGTTGGA-14-s4d8,GARQ,D11,0,40,40,24,0.36663437,Naive CD20+ B
TGCTAGCCAGCTCATA-14-s4d8,GARQ,D11,0,40,40,1,0.11460799,CD4+ T naive
GCGGTTGGTTGGTTCT-14-s4d8,GARQ,D11,0,40,40,32,0.18934512,CD8+ T
GATTCAATCGATTTAG-14-s4d8,GARQ,D11,0,40,40,0,0.062073708,CD8+ T
TTTGTCTAGCTTCTCA-14-s4d8,GARQ,D11,0,40,40,24,0.07275081,Naive CD20+ B
TGTGCGCAGCCGCAAC-14-s4d8,GARQ,D11,0,40,40,24,0.19621944,B1 B
ACCACACCAATGAATG-14-s4d8,GARQ,D11,0,40,40,23,0.08304763,Proerythroblast
GTCTAATCAAGTAAGC-14-s4d8,GARQ,D11,0,40,40,23,0.78839904,Proerythroblast
GAGCCTTCAGCATTAT-14-s4d8,GARQ,D11,0,40,40,32,0.13913262,CD8+ T
TTGGCTACATTGCGAC-14-s4d8,GARQ,D11,0,40,40,24,0.49440384,Transitional B
CCTTAGTGTTTACGTC-14-s4d8,GARQ,D11,0,40,40,27,0.07918584,CD8+ T
TTATAGCCAACTGGCT-14-s4d8,GARQ,D11,0,40,40,0,0.049276233,CD8+ T
GTGCTTACAAATATCC-14-s4d8,GARQ,D11,0,40,40,0,0.044139862,CD8+ T
