cell_id,method,dataset,seed,requested_K,realized_K,metacell_id,delta_confidence,cell_type
AAACCTGAGGATTCGG-1,GARQ,D5,0,40,38,25,0.042816162,CD4 naive I
AAACCTGCAATGCCAT-1,GARQ,D5,0,40,38,17,0.08547652,CD56dim CD16bright NK
AAACCTGCAGGGATTG-1,GARQ,D5,0,40,38,14,0.0061638355,gdT cells
AAACCTGCATGCATGT-1,GARQ,D5,0,40,38,23,0.06945205,CD4 naive II
AAACCTGGTTGAACTC-1,GARQ,D5,0,40,38,28,0.18273818,CD56bright CD16dim NK
AAACGGGCACGGCTAC-1,GARQ,D5,0,40,38,38,0.2899211,Classical monocytes
AAACGGGCATTCCTGC-1,GARQ,D5,0,40,38,8,0.09189105,CD56dim CD16bright NK
AAACGGGGTCTAAACC-1,GARQ,D5,0,40,38,8,0.089835644,CD56dim CD16bright NK
AAACGGGGTGAGGCTA-1,GARQ,D5,0,40,38,38,0.48812127,Non classical monocytes
AAAGATGAGTTGTCGT-1,GARQ,D5,0,40,38,8,0.067508936,CD56dim CD16bright NK
AAAGATGGTTCCATGA-1,GARQ,D5,0,40,38,0,0.009750843,CD8 effector
AAAGATGTCATTTGGG-1,GARQ,D5,0,40,38,38,0.22349566,Platelet-bound monocytes
AAAGCAACAGGCGATA-1,GARQ,D5,0,40,38,38,0.39104986,Non classical monocytes
AAAGCAACAGTTAACC-1,GARQ,D5,0,40,38,38,0.16065115,conventional DC
AAAGCAACATCACGAT-1,GARQ,D5,0,40,38,23,0.0049324036,CD4 naive I
AAAGCAATCTTGTTTG-1,GARQ,D5,0,40,38,23,0.13315606,CD8 naive
AAAGTAGCACCGAATT-1,GARQ,D5,0,40,38,31,0.034026444,CD56bright CD16dim NK
AAAGTAGCATAGGATA-1,GARQ,D5,0,40,38,38,0.22275615,Non classical monocytes
AAAGTAGGTATCACCA-1,GARQ,D5,0,40,38,28,0.024394989,MAIT-NKT cells
AAAGTAGGTCCCTACT-1,GARQ,D5,0,40,38,29,0.020076513,CD4 memory
AAAGTAGGTGCAACGA-1,GARQ,D5,0,40,38,23,0.025293946,CD8 memory
AAAGTAGGTTACCGAT-1,GARQ,D5,0,40,38,38,0.14130074,Neutrophils
AAAGTAGGTTCTGAAC-1,GARQ,D5,0,40,38,13,0.08355141,Naive B
AAAGTAGTCGTTGACA-1,GARQ,D5,0,40,38,38,0.28181452,conventional DC
AAATGCCAGGAGTTGC-1,GARQ,D5,0,40,38,23,0.09178114,CD8 naive
AAATGCCAGTGTCCCG-1,GARQ,D5,0,40,38,25,0.036059737,CD4 memory
AAATGCCCACCAGATT-1,GARQ,D5,0,40,38,23,0.07527757,CD8 naive
AAATGCCTCACCACCT-1,GARQ,D5,0,40,38,24,0.01148814,CD4 and CD8 activated memory
AACACGTAGCGTGTCC-1,GARQ,D5,0,40,38,29,0.078959584,CD4 naive I
AACACGTAGGCTAGAC-1,GARQ,D5,0,40,38,21,0.018347979,CD56dim CD16bright NK
AACACGTCACCGTTGG-1,GARQ,D5,0,40,38,8,0.08643305,CD56dim CD16bright NK
AACACGTCAGACGTAG-1,GARQ,D5,0,40,38,8,0.02747488,CD56dim CD16bright NK
AACACGTCATTAACCG-1,GARQ,D5,0,40,38,38,0.236781,Platelet-bound monocytes
AACACGTGTTTAGCTG-1,GARQ,D5,0,40,38,8,0.31819046,CD56dim CD16bright NK
AACACGTTCCCTCTTT-1,GARQ,D5,0,40,38,24,0.05006385,MAIT-NKT cells
AACCATGAGTGGGCTA-1,GARQ,D5,0,40,38,8,0.08294463,CD56dim CD16bright NK
AACCATGCACCACGTG-1,GARQ,D5,0,40,38,14,0.049984872,CD56dim CD16bright NK
AACCATGGTGCTAGCC-1,GARQ,D5,0,40,38,23,0.0061633587,MAIT-NKT cells
AACCATGGTGGGTATG-1,GARQ,D5,0,40,38,14,0.025146723,gdT cells
AACCGCGAGGATGGAA-1,GARQ,D5,0,40,38,8,0.07820225,CD56dim CD16bright NK
AACCGCGAGTAGGTGC-1,GARQ,D5,0,40,38,1,0.016780376,CD8 effector
AACCGCGGTAGGGACT-1,GARQ,D5,0,40,38,23,0.015124559,CD8 naive
AACCGCGGTGACGGTA-1,GARQ,D5,0,40,38,8,0.07179439,CD56dim CD16bright NK
AACCGCGGTTTGGCGC-1,GARQ,D5,0,40,38,12,0.10830045,CD56bright CD16dim NK
AACCGCGTCTGCGGCA-1,GARQ,D5,0,40,38,23,0.030352473,CD4 memory
AACGTTGAGAGTAATC-1,GARQ,D5,0,40,38,33,0.022298217,MAIT-NKT cells
AACGTTGAGGTTCCTA-1,GARQ,D5,0,40,38,13,0.29720163,Memory B
AACTCAGCACAGACAG-1,GARQ,D5,0,40,38,8,0.2807672,CD56dim CD16bright NK
AACTCAGGTTAAGACA-1,GARQ,D5,0,40,38,23,0.06152284,CD8 naive
AACTCAGTCAACGGGA-1,GARQ,D5,0,40,38,13,0.099776864,T-NK-B cell doublets
AACTCAGTCGCAAACT-1,GARQ,D5,0,40,38,23,0.0006864071,CD4 naive I
AACTCAGTCTGAAAGA-1,GARQ,D5,0,40,38,32,0.048499346,CD4 naive II
AACTCAGTCTTTAGTC-1,GARQ,D5,0,40,38,35,0.0078344345,CD4 naive II
AACTCCCAGGTGCACA-1,GARQ,D5,0,40,38,8,0.023267984,CD56dim CD16bright NK
AACTCCCCAATGAAAC-1,GARQ,D5,0,40,38,8,0.050584912,CD56dim CD16bright NK
AACTCCCGTTAAAGTG-1,GARQ,D5,0,40,38,8,0.05359876,CD56dim CD16bright NK
AACTCTTAGAATGTTG-1,GARQ,D5,0,40,38,38,0.1702922,Classical monocytes
AACTCTTAGCAGACTG-1,GARQ,D5,0,40,38,29,0.101394534,CD4 naive II
AACTCTTAGCATGGCA-1,GARQ,D5,0,40,38,14,0.007437825,CD56dim CD16bright NK
AACTCTTAGTGGACGT-1,GARQ,D5,0,40,38,21,0.016832948,CD8 effector
AACTCTTTCGAGGTAG-1,GARQ,D5,0,40,38,4,0.069539785,CD8 memory
AACTCTTTCGCCAGCA-1,GARQ,D5,0,40,38,8,0.052195787,CD56dim CD16bright NK
AACTCTTTCTTCGAGA-1,GARQ,D5,0,40,38,25,0.03655958,CD4 memory
AACTGGTCACGACTCG-1,GARQ,D5,0,40,38,38,0.15234631,Neutrophils
AACTGGTTCTCCGGTT-1,GARQ,D5,0,40,38,8,0.0807786,CD56dim CD16bright NK
AACTTTCAGAATGTGT-1,GARQ,D5,0,40,38,38,0.18264127,conventional DC
AACTTTCCAGATTGCT-1,GARQ,D5,0,40,38,14,0.06125152,gdT cells
AACTTTCGTAAACCTC-1,GARQ,D5,0,40,38,17,0.023458004,CD56dim CD16bright NK
AACTTTCTCGCGATCG-1,GARQ,D5,0,40,38,25,0.025256872,CD4 memory
AAGACCTCACCCATTC-1,GARQ,D5,0,40,38,38,0.31712222,Platelet-bound monocytes
AAGACCTCACTCAGGC-1,GARQ,D5,0,40,38,8,0.12510097,CD56dim CD16bright NK
AAGCCGCGTCATATCG-1,GARQ,D5,0,40,38,8,0.08022642,CD56dim CD16bright NK
AAGGAGCAGGCAGTCA-1,GARQ,D5,0,40,38,14,0.007037759,gdT cells
AAGGAGCGTAGATTAG-1,GARQ,D5,0,40,38,13,0.05946231,T-NK-B cell doublets
AAGGAGCGTATGCTTG-1,GARQ,D5,0,40,38,17,0.024326086,CD56dim CD16bright NK
AAGGCAGCATAAGACA-1,GARQ,D5,0,40,38,35,0.012644172,CD4 naive I
AAGGCAGGTAAAGTCA-1,GARQ,D5,0,40,38,21,0.0024487972,gdT cells
AAGGCAGTCGTAGATC-1,GARQ,D5,0,40,38,24,0.029706359,CD8 memory
AAGGTTCCAAAGGCGT-1,GARQ,D5,0,40,38,23,0.004645109,CD8 naive
AAGGTTCGTCCAGTGC-1,GARQ,D5,0,40,38,1,0.023706794,CD8 effector
AAGGTTCGTTTGTTTC-1,GARQ,D5,0,40,38,32,0.069411755,CD4 memory
AAGGTTCTCTGATACG-1,GARQ,D5,0,40,38,25,0.0022963285,CD4 memory
AAGTCTGAGTGCTGCC-1,GARQ,D5,0,40,38,23,0.1296016,CD8 naive
AATCCAGAGCTCAACT-1,GARQ,D5,0,40,38,8,0.12778425,CD56dim CD16bright NK
AATCCAGAGTGCTGCC-1,GARQ,D5,0,40,38,38,0.33234358,Classical monocytes
AATCCAGAGTGTCCAT-1,GARQ,D5,0,40,38,38,0.15829325,Classical monocytes
AATCCAGGTACATGTC-1,GARQ,D5,0,40,38,13,0.3110423,Naive B
AATCCAGGTGGTCTCG-1,GARQ,D5,0,40,38,23,0.0761559,CD4 naive I
AATCCAGTCAGGTTCA-1,GARQ,D5,0,40,38,25,0.009910941,CD4 naive I
AATCGGTGTCCGAGTC-1,GARQ,D5,0,40,38,25,0.02324307,CD4 memory
AATCGGTGTCTGGAGA-1,GARQ,D5,0,40,38,38,0.35108495,Classical monocytes
AATCGGTGTGGCAAAC-1,GARQ,D5,0,40,38,17,0.006795168,CD56dim CD16bright NK
AATCGGTTCCTATGTT-1,GARQ,D5,0,40,38,38,0.261095,Classical monocytes
ACACCAAGTACTCAAC-1,GARQ,D5,0,40,38,29,0.030231714,CD4 naive II
ACACCAAGTCACCTAA-1,GARQ,D5,0,40,38,0,0.03309226,MAIT-NKT cells
ACACCAAGTCGGCACT-1,GARQ,D5,0,40,38,32,0.022219181,CD4 memory
ACACCAATCTCAAACG-1,GARQ,D5,0,40,38,1,0.04366684,gdT cells
ACACCAATCTCACATT-1,GARQ,D5,0,40,38,13,0.26305604,Naive B
ACACCCTAGCGTCTAT-1,GARQ,D5,0,40,38,17,0.030049562,CD56bright CD16dim NK
ACACCGGAGGAGTACC-1,GARQ,D5,0,40,38,38,0.23585176,Non classical monocytes
ACACCGGCAGCGTAAG-1,GARQ,D5,0,40,38,38,0.5207803,Non classical monocytes
ACACTGACACTGTGTA-1,GARQ,D5,0,40,38,38,0.27947736,Classical monocytes
ACACTGAGTTAGGGTG-1,GARQ,D5,0,40,38,25,0.0068517923,CD4 memory
ACACTGATCTATGTGG-1,GARQ,D5,0,40,38,25,0.02374518,CD4 naive II
ACAGCCGAGGTGCAAC-1,GARQ,D5,0,40,38,6,0.10103893,Platelets
ACAGCCGCACGGCCAT-1,GARQ,D5,0,40,38,13,0.30781412,Naive B
ACAGCCGCAGTATAAG-1,GARQ,D5,0,40,38,34,0.055119634,CD4 memory
ACAGCCGCATCCCACT-1,GARQ,D5,0,40,38,38,0.15113026,Classical monocytes
ACAGCCGGTTAAAGAC-1,GARQ,D5,0,40,38,13,0.19941175,Memory B
ACAGCCGTCCACGAAT-1,GARQ,D5,0,40,38,7,0.0617764,CD56dim CD16bright NK
ACAGCCGTCTCTGCTG-1,GARQ,D5,0,40,38,5,0.024878383,Platelet-T cell doublets
ACAGCTACAAGCGCTC-1,GARQ,D5,0,40,38,29,0.00019156933,Regulatory T cells
ACAGCTAGTCCAGTTA-1,GARQ,D5,0,40,38,8,0.099752784,CD56dim CD16bright NK
ACAGCTATCCTATGTT-1,GARQ,D5,0,40,38,38,0.13557076,Non classical monocytes
ACAGCTATCGGCGCTA-1,GARQ,D5,0,40,38,38,0.21782595,Neutrophils
ACATACGCAAGCCCAC-1,GARQ,D5,0,40,38,29,0.12877607,CD4 naive I
ACATACGCAAGCTGGA-1,GARQ,D5,0,40,38,8,0.077210784,CD56dim CD16bright NK
ACATACGCAATGGTCT-1,GARQ,D5,0,40,38,33,0.041199446,MAIT-NKT cells
ACATACGTCACTCCTG-1,GARQ,D5,0,40,38,23,0.11157441,CD8 naive
ACATCAGGTGCTTCTC-1,GARQ,D5,0,40,38,38,0.21877885,Classical monocytes
ACATCAGTCGCGGATC-1,GARQ,D5,0,40,38,38,0.34169054,Platelet-bound monocytes
ACATGGTAGCTCCCAG-1,GARQ,D5,0,40,38,38,0.15831673,Platelet-bound monocytes
ACATGGTAGCTGTCTA-1,GARQ,D5,0,40,38,24,0.029900193,MAIT-NKT cells
ACATGGTAGTGTTAGA-1,GARQ,D5,0,40,38,12,0.028346062,CD56bright CD16dim NK
ACATGGTCAAGTTGTC-1,GARQ,D5,0,40,38,38,0.16978729,Non classical monocytes
ACATGGTCACCAGATT-1,GARQ,D5,0,40,38,8,0.017203927,CD56dim CD16bright NK
ACATGGTCAGCCACCA-1,GARQ,D5,0,40,38,8,0.023329914,CD56dim CD16bright NK
ACATGGTGTACATCCA-1,GARQ,D5,0,40,38,21,0.06929529,CD8 effector
ACATGGTGTTAAGACA-1,GARQ,D5,0,40,38,8,0.18438244,CD56dim CD16bright NK
ACCAGTAAGATGTCGG-1,GARQ,D5,0,40,38,8,0.14828742,CD56dim CD16bright NK
ACCAGTAAGTGATCGG-1,GARQ,D5,0,40,38,30,0.08289981,Proliferating T and NK cell
ACCAGTAGTTACCAGT-1,GARQ,D5,0,40,38,38,0.27164745,Classical monocytes
ACCAGTAGTTCGCGAC-1,GARQ,D5,0,40,38,13,0.07070041,T-NK-B cell doublets
ACCCACTAGCAACGGT-1,GARQ,D5,0,40,38,13,0.123885036,Memory B
ACCCACTCAAGCCATT-1,GARQ,D5,0,40,38,19,0.039892435,plasmacytoid DC
ACCCACTCACGCCAGT-1,GARQ,D5,0,40,38,32,0.07249904,CD8 memory
ACCCACTCATCGATGT-1,GARQ,D5,0,40,38,38,0.17215812,conventional DC
ACCCACTTCGAGGTAG-1,GARQ,D5,0,40,38,8,0.15524888,CD56dim CD16bright NK
ACCGTAATCTCAACTT-1,GARQ,D5,0,40,38,9,0.019504428,CD56dim CD16bright NK
ACCGTAATCTGCAAGT-1,GARQ,D5,0,40,38,13,0.122302294,Naive B
ACCTTTAGTGTAAGTA-1,GARQ,D5,0,40,38,29,0.042422414,CD4 memory
ACCTTTAGTTAGGGTG-1,GARQ,D5,0,40,38,38,0.25438625,conventional DC
ACCTTTAGTTCGTGAT-1,GARQ,D5,0,40,38,25,0.023496985,CD4 memory
ACGAGCCGTATTAGCC-1,GARQ,D5,0,40,38,38,0.21969885,Classical monocytes
ACGAGCCGTCGCGAAA-1,GARQ,D5,0,40,38,25,0.056105494,CD4 memory
ACGAGCCTCTCCTATA-1,GARQ,D5,0,40,38,8,0.06992543,CD56dim CD16bright NK
ACGAGGACAGGATTGG-1,GARQ,D5,0,40,38,13,0.18800259,Naive B
ACGAGGACATGCAATC-1,GARQ,D5,0,40,38,18,0.0055909157,CD56dim CD16bright NK
ACGAGGAGTAAGTTCC-1,GARQ,D5,0,40,38,14,0.20182467,gdT cells
ACGAGGATCTGAGTGT-1,GARQ,D5,0,40,38,32,0.05941701,CD4 naive II
ACGATACAGAAGGTTT-1,GARQ,D5,0,40,38,8,0.14302945,CD56dim CD16bright NK
ACGATACGTGTATGGG-1,GARQ,D5,0,40,38,5,0.25766742,Erythroid 
ACGATACTCAGATAAG-1,GARQ,D5,0,40,38,16,0.08631605,CD4 naive II
ACGATACTCTATCCTA-1,GARQ,D5,0,40,38,13,0.16443288,plasmacytoid DC
ACGATGTCAAGACGTG-1,GARQ,D5,0,40,38,21,0.12087202,CD8 effector
ACGATGTCACCCAGTG-1,GARQ,D5,0,40,38,29,0.012591243,CD4 memory
ACGATGTGTAGGCTGA-1,GARQ,D5,0,40,38,21,0.021965265,gdT cells
ACGATGTTCCACTGGG-1,GARQ,D5,0,40,38,25,0.0634675,CD4 naive I
ACGCAGCAGATCCGAG-1,GARQ,D5,0,40,38,13,0.047528505,Memory B
ACGCAGCAGGACCACA-1,GARQ,D5,0,40,38,8,0.089743376,CD56dim CD16bright NK
ACGCAGCGTTAAGGGC-1,GARQ,D5,0,40,38,29,0.0926826,CD4 naive I
ACGCCAGAGATGCGAC-1,GARQ,D5,0,40,38,38,0.12730551,Classical monocytes
ACGCCAGAGCCACCTG-1,GARQ,D5,0,40,38,14,0.018179417,CD8 effector
ACGCCAGCAGCCTTTC-1,GARQ,D5,0,40,38,0,0.049543858,CD8 effector
ACGCCAGTCCCATTAT-1,GARQ,D5,0,40,38,38,0.33246565,Classical monocytes
ACGCCAGTCGTTACAG-1,GARQ,D5,0,40,38,14,0.17812681,gdT cells
ACGCCGAAGAGTAAGG-1,GARQ,D5,0,40,38,8,0.0808686,CD56dim CD16bright NK
ACGCCGAAGCCAACAG-1,GARQ,D5,0,40,38,14,0.07205427,gdT cells
ACGCCGACACCTATCC-1,GARQ,D5,0,40,38,1,0.009015679,CD8 memory
ACGCCGAGTTACGTCA-1,GARQ,D5,0,40,38,35,0.032090902,CD4 naive I
ACGCCGAGTTCAGGCC-1,GARQ,D5,0,40,38,37,0.0901413,Classical monocytes
ACGCCGATCCTGCTTG-1,GARQ,D5,0,40,38,21,0.081539035,CD8 effector
ACGGAGAGTACGACCC-1,GARQ,D5,0,40,38,8,0.24338508,CD56dim CD16bright NK
ACGGAGAGTTGGTTTG-1,GARQ,D5,0,40,38,8,0.13927948,CD56dim CD16bright NK
ACGGAGATCTTGTCAT-1,GARQ,D5,0,40,38,38,0.16495335,Classical monocytes
ACGGCCAAGAGCCTAG-1,GARQ,D5,0,40,38,5,0.29091656,Erythroid 
ACGGCCATCGAACGGA-1,GARQ,D5,0,40,38,33,0.02840501,MAIT-NKT cells
ACGGCCATCTCTTATG-1,GARQ,D5,0,40,38,31,0.034819484,CD56dim CD16bright NK
ACGGGCTGTCCAGTAT-1,GARQ,D5,0,40,38,13,0.2921648,Naive B
ACGGGTCAGAGGTTAT-1,GARQ,D5,0,40,38,38,0.2566914,Non classical monocytes
ACGGGTCAGCAGGCTA-1,GARQ,D5,0,40,38,3,0.17549276,CD4 naive I
ACGGGTCAGCCACTAT-1,GARQ,D5,0,40,38,1,0.05000186,CD8 effector
ACGGGTCAGCTAACAA-1,GARQ,D5,0,40,38,13,0.038478136,Naive B
ACGGGTCCAGGATTGG-1,GARQ,D5,0,40,38,8,0.03930652,NK-T doublets
ACGGGTCCAGGCTGAA-1,GARQ,D5,0,40,38,39,0.07894081,T-NK-B cell doublets
ACGGGTCTCAATACCG-1,GARQ,D5,0,40,38,11,0.058563948,CD8 naive
ACGTCAATCAGCTCGG-1,GARQ,D5,0,40,38,13,0.24831772,Naive B
ACTATCTAGGTGGGTT-1,GARQ,D5,0,40,38,0,0.038909078,MAIT-NKT cells
ACTATCTCAGACGCTC-1,GARQ,D5,0,40,38,38,0.56939507,Neutrophils
ACTATCTGTCCCTTGT-1,GARQ,D5,0,40,38,16,0.14433223,Plasma cells
ACTGAACAGTACGTAA-1,GARQ,D5,0,40,38,13,0.30217457,Naive B
ACTGAACCACCTATCC-1,GARQ,D5,0,40,38,25,0.004898548,CD4 memory
ACTGAACCAGCTGCAC-1,GARQ,D5,0,40,38,38,0.16056776,Classical monocytes
ACTGAACGTATTCGTG-1,GARQ,D5,0,40,38,32,0.103725076,CD4 memory
ACTGAACTCCTAGAAC-1,GARQ,D5,0,40,38,25,0.07561213,CD4 memory
ACTGAGTAGCTTTGGT-1,GARQ,D5,0,40,38,4,0.013063431,MAIT-NKT cells
ACTGAGTTCTTTACAC-1,GARQ,D5,0,40,38,8,0.011515617,CD56dim CD16bright NK
ACTGATGAGCCAGGAT-1,GARQ,D5,0,40,38,35,0.08760655,MAIT-NKT cells
ACTGATGAGGATATAC-1,GARQ,D5,0,40,38,25,0.080929756,CD4 naive II
ACTGATGCACAGATTC-1,GARQ,D5,0,40,38,7,0.06893027,CD56dim CD16bright NK
ACTGATGCACGTCAGC-1,GARQ,D5,0,40,38,23,0.03459251,CD4 naive I
ACTGATGCAGCATGAG-1,GARQ,D5,0,40,38,8,0.154078,CD56dim CD16bright NK
ACTGATGTCCCAACGG-1,GARQ,D5,0,40,38,13,0.36951113,Naive B
ACTGCTCAGAATAGGG-1,GARQ,D5,0,40,38,38,0.30949557,Classical monocytes
ACTGCTCCAGACAAAT-1,GARQ,D5,0,40,38,32,0.05714929,CD8 naive
ACTGCTCGTGATGTGG-1,GARQ,D5,0,40,38,13,0.24210739,Memory B
ACTGCTCTCACTTATC-1,GARQ,D5,0,40,38,4,0.0054979324,CD8 memory
ACTGTCCAGCGTGTCC-1,GARQ,D5,0,40,38,38,0.16442782,Platelet-bound monocytes
ACTGTCCGTCGGCACT-1,GARQ,D5,0,40,38,1,0.017767191,CD8 effector
ACTGTCCGTCTGGAGA-1,GARQ,D5,0,40,38,4,0.061867,CD8 memory
ACTGTCCGTGACTACT-1,GARQ,D5,0,40,38,25,0.0449934,CD4 memory
ACTGTCCTCCTGCAGG-1,GARQ,D5,0,40,38,13,0.2137692,Naive B
ACTGTCCTCGATGAGG-1,GARQ,D5,0,40,38,13,0.06981468,T-NK-B cell doublets
ACTTACTCACCGGAAA-1,GARQ,D5,0,40,38,38,0.32125586,Classical monocytes
ACTTACTTCCCTGACT-1,GARQ,D5,0,40,38,8,0.12395859,CD56dim CD16bright NK
ACTTGTTAGCCCTAAT-1,GARQ,D5,0,40,38,34,0.031966805,CD4 memory
ACTTGTTAGCCGTCGT-1,GARQ,D5,0,40,38,38,0.24047422,Classical monocytes
ACTTTCAAGCAGACTG-1,GARQ,D5,0,40,38,29,0.070827484,CD8 naive
ACTTTCAGTCAATACC-1,GARQ,D5,0,40,38,8,0.0906266,CD56dim CD16bright NK
ACTTTCAGTTAGATGA-1,GARQ,D5,0,40,38,32,0.03199458,CD8 naive
ACTTTCATCACTATTC-1,GARQ,D5,0,40,38,8,0.027461767,CD56dim CD16bright NK
ACTTTCATCCCTCTTT-1,GARQ,D5,0,40,38,32,0.09219718,Platelet-T cell doublets
AGAATAGGTAGCGCAA-1,GARQ,D5,0,40,38,38,0.40389872,Platelet-bound monocytes
AGAATAGGTCTCCCTA-1,GARQ,D5,0,40,38,8,0.10775924,CD56bright CD16dim NK
AGACGTTAGGAGTTGC-1,GARQ,D5,0,40,38,13,0.12112814,Non classical monocytes
AGACGTTAGTGCGATG-1,GARQ,D5,0,40,38,14,0.08001304,CD8 effector
AGACGTTCAAGCGCTC-1,GARQ,D5,0,40,38,8,0.144853,CD56dim CD16bright NK
AGACGTTCAATACGCT-1,GARQ,D5,0,40,38,25,0.02562797,CD4 naive I
AGACGTTCATCAGTCA-1,GARQ,D5,0,40,38,13,0.14022267,Naive B
AGACGTTTCCCAACGG-1,GARQ,D5,0,40,38,21,0.04561305,CD56dim CD16bright NK
AGACGTTTCTACTATC-1,GARQ,D5,0,40,38,38,0.3028897,Classical monocytes
AGACGTTTCTCAAGTG-1,GARQ,D5,0,40,38,30,0.04832107,CD8 effector
AGAGCGAAGGACAGCT-1,GARQ,D5,0,40,38,38,0.1496588,Neutrophils
AGAGCGAAGGTGTTAA-1,GARQ,D5,0,40,38,38,0.32140929,Neutrophils
AGAGCGACAAGCGAGT-1,GARQ,D5,0,40,38,23,0.013151765,CD4 naive I
AGAGCGACATTCGACA-1,GARQ,D5,0,40,38,8,0.019960165,CD56dim CD16bright NK
AGAGCGAGTTCGTTGA-1,GARQ,D5,0,40,38,38,0.24132264,Non classical monocytes
AGAGCGAGTTGATTCG-1,GARQ,D5,0,40,38,29,0.21680081,CD4 memory
AGAGCGATCCGTTGCT-1,GARQ,D5,0,40,38,23,0.019893885,CD8 naive
AGAGCTTTCACGCGGT-1,GARQ,D5,0,40,38,25,0.055755258,CD4 memory
AGAGTGGGTTGGTAAA-1,GARQ,D5,0,40,38,23,0.007049978,CD4 memory
AGAGTGGTCTATCCTA-1,GARQ,D5,0,40,38,23,0.10580826,CD4 naive I
AGATCTGAGATAGGAG-1,GARQ,D5,0,40,38,14,0.04505062,Proliferating T and NK cell
AGATCTGAGCTTATCG-1,GARQ,D5,0,40,38,30,0.099654675,gdT cells
AGATCTGAGTACGCGA-1,GARQ,D5,0,40,38,8,0.1460383,CD56dim CD16bright NK
AGATCTGAGTCCGGTC-1,GARQ,D5,0,40,38,38,0.22511256,Non classical monocytes
AGATCTGCACGTTGGC-1,GARQ,D5,0,40,38,14,0.078460574,CD8 effector
AGATTGCAGGGATCTG-1,GARQ,D5,0,40,38,13,0.2723341,Naive B
AGATTGCCAAACTGCT-1,GARQ,D5,0,40,38,8,0.060482383,CD56dim CD16bright NK
AGATTGCTCAGGCAAG-1,GARQ,D5,0,40,38,14,0.18324351,CD8 effector
AGATTGCTCTGGCGTG-1,GARQ,D5,0,40,38,32,0.05177498,CD4 memory
AGCAGCCCACCAGCAC-1,GARQ,D5,0,40,38,24,0.0038437843,MAIT-NKT cells
AGCAGCCGTCAAAGAT-1,GARQ,D5,0,40,38,29,0.01223886,CD4 memory
AGCAGCCTCAAACCAC-1,GARQ,D5,0,40,38,18,0.067602634,CD56dim CD16bright NK
AGCAGCCTCATATCGG-1,GARQ,D5,0,40,38,12,0.0076212883,CD56dim CD16bright NK
AGCATACAGCGCCTCA-1,GARQ,D5,0,40,38,30,0.073902845,CD8 effector
AGCATACCAATGCCAT-1,GARQ,D5,0,40,38,24,0.030410051,gdT cells
AGCATACCAGATCCAT-1,GARQ,D5,0,40,38,8,0.22267663,CD56dim CD16bright NK
AGCATACGTCTCCATC-1,GARQ,D5,0,40,38,32,0.062454104,CD4 naive I
AGCATACGTTCCACGG-1,GARQ,D5,0,40,38,25,0.038781643,Regulatory T cells
AGCCTAACAAATTGCC-1,GARQ,D5,0,40,38,13,0.008910418,Memory B
AGCCTAACATCAGTCA-1,GARQ,D5,0,40,38,38,0.039328277,Platelet-bound monocytes
AGCCTAACATGCCTTC-1,GARQ,D5,0,40,38,33,0.12811458,CD8 memory
AGCCTAACATGTCGAT-1,GARQ,D5,0,40,38,34,0.02288568,CD4 memory
AGCCTAATCACGCGGT-1,GARQ,D5,0,40,38,29,0.1072793,CD4 naive I
AGCCTAATCGCCAGCA-1,GARQ,D5,0,40,38,38,0.22868001,Platelet-bound monocytes
AGCCTAATCGGCGCAT-1,GARQ,D5,0,40,38,8,0.112817645,CD56dim CD16bright NK
AGCGGTCCAAGTTCTG-1,GARQ,D5,0,40,38,23,0.10813606,CD8 memory
AGCGGTCGTTTACTCT-1,GARQ,D5,0,40,38,14,0.030614853,CD8 effector
AGCGGTCTCAAACCAC-1,GARQ,D5,0,40,38,8,0.068665504,CD56dim CD16bright NK
AGCGGTCTCCCAAGTA-1,GARQ,D5,0,40,38,38,0.1400944,Neutrophils
AGCGGTCTCCCGGATG-1,GARQ,D5,0,40,38,38,0.11620289,Classical monocytes
AGCGGTCTCGCATGAT-1,GARQ,D5,0,40,38,8,0.061004043,CD56bright CD16dim NK
AGCGGTCTCTCAAGTG-1,GARQ,D5,0,40,38,8,0.13402367,CD56dim CD16bright NK
AGCGGTCTCTTGACGA-1,GARQ,D5,0,40,38,5,0.20238447,Erythroid 
AGCGTATCAATGTTGC-1,GARQ,D5,0,40,38,1,0.057373703,CD56bright CD16dim NK
AGCGTATCATCCTAGA-1,GARQ,D5,0,40,38,23,0.020951152,CD8 naive
AGCGTATGTCTGATTG-1,GARQ,D5,0,40,38,8,0.023850918,CD56dim CD16bright NK
AGCGTATTCGCTTAGA-1,GARQ,D5,0,40,38,8,0.036378026,CD56dim CD16bright NK
AGCTCCTAGCTGCGAA-1,GARQ,D5,0,40,38,31,0.019795775,CD56dim CD16bright NK
AGCTCCTCAATGCCAT-1,GARQ,D5,0,40,38,32,0.009620547,CD4 memory
AGCTCCTCAGAAGCAC-1,GARQ,D5,0,40,38,23,0.13340378,CD4 naive I
AGCTCCTGTCATATCG-1,GARQ,D5,0,40,38,38,0.1246621,Classical monocytes
AGCTCCTTCGGCGGTT-1,GARQ,D5,0,40,38,8,0.057637453,MAIT-NKT cells
AGCTCTCAGCTACCGC-1,GARQ,D5,0,40,38,8,0.05300355,CD56dim CD16bright NK
AGCTCTCCAGCTGCAC-1,GARQ,D5,0,40,38,8,0.15984464,CD56dim CD16bright NK
AGCTCTCGTGCTTCTC-1,GARQ,D5,0,40,38,13,0.18781209,Memory B
AGCTCTCGTTATCCGA-1,GARQ,D5,0,40,38,34,0.024200082,CD4 naive I
AGCTCTCGTTGGACCC-1,GARQ,D5,0,40,38,8,0.14319181,CD56dim CD16bright NK
AGCTTGACACAACGTT-1,GARQ,D5,0,40,38,23,0.15737545,CD4 naive I
AGCTTGATCGCCTGTT-1,GARQ,D5,0,40,38,38,0.1356293,T-NK-B cell doublets
AGGCCACAGGGCTTCC-1,GARQ,D5,0,40,38,13,0.259964,Naive B
AGGCCACCACAACGTT-1,GARQ,D5,0,40,38,38,0.43305713,Classical monocytes
AGGCCACGTCAATACC-1,GARQ,D5,0,40,38,38,0.17761385,T-NK-B cell doublets
AGGCCACTCACATGCA-1,GARQ,D5,0,40,38,38,0.28429937,Platelet-bound monocytes
AGGCCACTCATTGCGA-1,GARQ,D5,0,40,38,23,0.053278685,CD8 memory
AGGCCACTCTTGCAAG-1,GARQ,D5,0,40,38,13,0.24808562,Naive B
AGGCCGTCAGGTCGTC-1,GARQ,D5,0,40,38,38,0.41710865,Classical monocytes
AGGCCGTTCCGTTGTC-1,GARQ,D5,0,40,38,15,0.037793398,gdT cells
AGGGAGTAGATATGCA-1,GARQ,D5,0,40,38,0,0.087375164,CD8 memory
AGGGAGTGTAGCGTGA-1,GARQ,D5,0,40,38,13,0.06670904,T-NK-B cell doublets
AGGGAGTGTGACGGTA-1,GARQ,D5,0,40,38,30,0.039868534,Non classical monocytes
AGGGAGTTCTGTCTCG-1,GARQ,D5,0,40,38,8,0.20276606,CD56dim CD16bright NK
AGGGAGTTCTTGACGA-1,GARQ,D5,0,40,38,21,0.14850509,gdT cells
AGGGATGAGAATGTGT-1,GARQ,D5,0,40,38,23,0.048320413,CD4 naive I
AGGGATGAGTCAATAG-1,GARQ,D5,0,40,38,38,0.36338127,Platelet-bound monocytes
AGGGATGCAGATAATG-1,GARQ,D5,0,40,38,29,0.012852073,CD4 memory
AGGGATGGTAAATGAC-1,GARQ,D5,0,40,38,8,0.0008715391,CD56dim CD16bright NK
AGGGATGTCAACGGGA-1,GARQ,D5,0,40,38,17,0.006436348,CD56dim CD16bright NK
AGGGATGTCCAAGCCG-1,GARQ,D5,0,40,38,13,0.21141076,Naive B
AGGGTGAAGATGTAAC-1,GARQ,D5,0,40,38,38,0.31739032,Classical monocytes
AGGGTGACACAACGTT-1,GARQ,D5,0,40,38,31,0.07226157,CD56dim CD16bright NK
AGGGTGAGTGGCCCTA-1,GARQ,D5,0,40,38,13,0.2921946,Memory B
AGGTCATAGGCTAGGT-1,GARQ,D5,0,40,38,38,0.45891643,Classical monocytes
AGGTCATCAATGCCAT-1,GARQ,D5,0,40,38,13,0.12657487,Naive B
AGGTCATCACAAGCCC-1,GARQ,D5,0,40,38,8,0.07117629,CD56dim CD16bright NK
AGGTCATCACGTAAGG-1,GARQ,D5,0,40,38,14,0.05580926,gdT cells
AGGTCATTCTTGCATT-1,GARQ,D5,0,40,38,38,0.24472702,Classical monocytes
AGGTCCGAGCTAAGAT-1,GARQ,D5,0,40,38,38,0.3796839,conventional DC
AGGTCCGCACCAGGTC-1,GARQ,D5,0,40,38,8,0.091083765,CD56dim CD16bright NK
AGGTCCGGTTAAAGTG-1,GARQ,D5,0,40,38,28,0.04011619,MAIT-NKT cells
AGGTCCGTCAGCTTAG-1,GARQ,D5,0,40,38,23,0.060109735,CD4 and CD8 activated memory
AGTAGTCCACGGCCAT-1,GARQ,D5,0,40,38,8,0.19076407,CD56dim CD16bright NK
AGTAGTCGTCAACATC-1,GARQ,D5,0,40,38,13,0.18301594,Naive B
AGTAGTCGTCTAAACC-1,GARQ,D5,0,40,38,28,0.077352285,MAIT-NKT cells
AGTAGTCGTTCCGTCT-1,GARQ,D5,0,40,38,38,0.12777507,Non classical monocytes
AGTCTTTAGGGCTTGA-1,GARQ,D5,0,40,38,23,0.057730198,CD8 memory
AGTCTTTGTAAGTGGC-1,GARQ,D5,0,40,38,8,0.028367996,CD56dim CD16bright NK
AGTCTTTGTACTCAAC-1,GARQ,D5,0,40,38,25,0.115888715,CD4 and CD8 activated memory
AGTCTTTGTATAGGTA-1,GARQ,D5,0,40,38,21,0.024493396,gdT cells
AGTCTTTGTTAGTGGG-1,GARQ,D5,0,40,38,13,0.0425117,Memory B
AGTGAGGCACCACCAG-1,GARQ,D5,0,40,38,35,0.013826728,CD8 memory
AGTGAGGGTAGCGCTC-1,GARQ,D5,0,40,38,1,0.026289225,NK-T doublets
AGTGAGGTCTCTGTCG-1,GARQ,D5,0,40,38,38,0.3759687,Non classical monocytes
AGTGGGACAGTAGAGC-1,GARQ,D5,0,40,38,8,0.12729275,CD56dim CD16bright NK
AGTGGGATCATCATTC-1,GARQ,D5,0,40,38,28,0.025687933,CD8 memory
AGTGGGATCGCCAGCA-1,GARQ,D5,0,40,38,24,0.080295324,CD8 effector
AGTGTCAAGATTACCC-1,GARQ,D5,0,40,38,12,0.016691208,NK-T doublets
AGTGTCACACGAGGTA-1,GARQ,D5,0,40,38,23,0.02087903,CD4 naive I
AGTGTCATCACCCGAG-1,GARQ,D5,0,40,38,8,0.0869149,CD56dim CD16bright NK
AGTTGGTAGTACACCT-1,GARQ,D5,0,40,38,38,0.3620242,Non classical monocytes
AGTTGGTTCTACTCAT-1,GARQ,D5,0,40,38,8,0.1175375,CD56dim CD16bright NK
AGTTGGTTCTGCCCTA-1,GARQ,D5,0,40,38,8,0.057819366,CD56dim CD16bright NK
ATAACGCAGTGTACTC-1,GARQ,D5,0,40,38,28,0.0925405,MAIT-NKT cells
ATAACGCGTCGTTGTA-1,GARQ,D5,0,40,38,38,0.2469719,Neutrophils
ATAAGAGAGACTAGAT-1,GARQ,D5,0,40,38,25,0.01237011,CD4 memory
ATAAGAGAGTGCGATG-1,GARQ,D5,0,40,38,24,0.023428798,MAIT-NKT cells
ATAAGAGGTTAGAACA-1,GARQ,D5,0,40,38,13,0.11023712,Naive B
ATAGACCAGCAATCTC-1,GARQ,D5,0,40,38,8,0.24876118,CD56dim CD16bright NK
ATAGACCCAACGATGG-1,GARQ,D5,0,40,38,24,0.008229852,MAIT-NKT cells
ATAGACCGTCTAGTGT-1,GARQ,D5,0,40,38,38,0.22076511,Classical monocytes
ATAGACCTCAGTCCCT-1,GARQ,D5,0,40,38,35,0.042683482,CD4 naive I
ATAGACCTCTGGAGCC-1,GARQ,D5,0,40,38,13,0.24117231,Naive B
ATCACGAAGTAGATGT-1,GARQ,D5,0,40,38,38,0.19917238,Platelet-bound monocytes
ATCACGAAGTGCGATG-1,GARQ,D5,0,40,38,8,0.058915854,CD56dim CD16bright NK
ATCACGACAGACAGGT-1,GARQ,D5,0,40,38,21,0.0023870468,CD56dim CD16bright NK
ATCACGACATGCATGT-1,GARQ,D5,0,40,38,38,0.16451383,Platelet-bound monocytes
ATCACGAGTACTTGAC-1,GARQ,D5,0,40,38,17,0.00012052059,CD56bright CD16dim NK
ATCACGATCCAAACAC-1,GARQ,D5,0,40,38,23,0.13340604,CD4 naive II
ATCACGATCGCCAAAT-1,GARQ,D5,0,40,38,38,0.061889887,Non classical monocytes
ATCATCTAGAATGTGT-1,GARQ,D5,0,40,38,8,0.22096562,CD56dim CD16bright NK
ATCATCTCAGGTGCCT-1,GARQ,D5,0,40,38,32,0.09616184,CD4 memory
ATCATCTGTTATCACG-1,GARQ,D5,0,40,38,13,0.13856065,Memory B
ATCATCTGTTTCGCTC-1,GARQ,D5,0,40,38,25,0.016034365,CD4 memory
ATCATCTTCCTCATTA-1,GARQ,D5,0,40,38,6,0.07523167,Platelets
ATCATGGCACGACTCG-1,GARQ,D5,0,40,38,38,0.3226422,Neutrophils
ATCATGGTCACTCTTA-1,GARQ,D5,0,40,38,38,0.20610726,Classical monocytes
ATCCACCAGGGATCTG-1,GARQ,D5,0,40,38,34,0.0084472895,CD8 naive
ATCCACCGTTTGGCGC-1,GARQ,D5,0,40,38,25,0.038254857,CD4 memory
ATCCGAAAGTACACCT-1,GARQ,D5,0,40,38,35,0.01362443,CD4 naive I
ATCCGAACAGACGCCT-1,GARQ,D5,0,40,38,7,0.0044344664,CD56dim CD16bright NK
ATCCGAACATGCGCAC-1,GARQ,D5,0,40,38,38,0.37618542,Neutrophils
ATCCGAATCGAGGTAG-1,GARQ,D5,0,40,38,25,0.042454123,CD8 memory
ATCCGAATCGATCCCT-1,GARQ,D5,0,40,38,23,0.029441953,CD4 naive I
ATCGAGTAGTACACCT-1,GARQ,D5,0,40,38,8,0.11003113,CD56dim CD16bright NK
ATCGAGTCAACACGCC-1,GARQ,D5,0,40,38,13,0.09626603,T-NK-B cell doublets
ATCGAGTGTGCATCTA-1,GARQ,D5,0,40,38,24,0.008534253,MAIT-NKT cells
ATCGAGTGTGTGGTTT-1,GARQ,D5,0,40,38,32,0.011381149,CD4 and CD8 activated memory
ATCGAGTTCGCCAAAT-1,GARQ,D5,0,40,38,23,0.022816539,CD8 naive
ATCTACTGTCTCTCGT-1,GARQ,D5,0,40,38,8,0.033077598,CD56dim CD16bright NK
ATCTACTGTGAACCTT-1,GARQ,D5,0,40,38,38,0.20415235,Classical monocytes
ATCTACTGTGAGGGTT-1,GARQ,D5,0,40,38,23,0.014918685,CD8 naive
ATCTGCCAGTCTTGCA-1,GARQ,D5,0,40,38,32,0.099078774,CD4 memory
ATCTGCCCATGGTTGT-1,GARQ,D5,0,40,38,38,0.31798923,conventional DC
ATCTGCCGTTGTGGCC-1,GARQ,D5,0,40,38,29,0.07520509,CD8 memory
ATCTGCCTCGACCAGC-1,GARQ,D5,0,40,38,32,0.031034708,CD4 naive I
ATCTGCCTCGGAAATA-1,GARQ,D5,0,40,38,14,0.057783365,gdT cells
ATCTGCCTCGTATCAG-1,GARQ,D5,0,40,38,38,0.3248552,Non classical monocytes
ATGAGGGAGCCACTAT-1,GARQ,D5,0,40,38,14,0.056087732,CD8 effector
ATGAGGGAGTGTACTC-1,GARQ,D5,0,40,38,8,0.011625886,CD56dim CD16bright NK
ATGAGGGCACGCTTTC-1,GARQ,D5,0,40,38,8,0.06725407,CD56dim CD16bright NK
ATGAGGGCATCACCCT-1,GARQ,D5,0,40,38,23,0.02807939,CD4 memory
ATGAGGGGTATAGTAG-1,GARQ,D5,0,40,38,38,0.083491564,Non classical monocytes
ATGCGATAGCGTTCCG-1,GARQ,D5,0,40,38,0,0.060100555,gdT cells
ATGCGATCACATGTGT-1,GARQ,D5,0,40,38,35,0.008000612,CD4 naive II
ATGCGATGTACAGACG-1,GARQ,D5,0,40,38,38,0.46482617,Non classical monocytes
ATGCGATTCGCGTAGC-1,GARQ,D5,0,40,38,25,0.09994197,CD8 memory
ATGCGATTCGGAAACG-1,GARQ,D5,0,40,38,38,0.07692611,Classical monocytes
ATGCGATTCTTCTGGC-1,GARQ,D5,0,40,38,1,0.06402886,CD8 effector
ATGGGAGAGAGGTAGA-1,GARQ,D5,0,40,38,13,0.19815826,Naive B
ATGGGAGAGATGGGTC-1,GARQ,D5,0,40,38,8,0.032642365,CD56dim CD16bright NK
ATGGGAGAGGAATGGA-1,GARQ,D5,0,40,38,23,0.16533613,CD4 naive II
ATGGGAGCAGATGGGT-1,GARQ,D5,0,40,38,37,0.06430644,Neutrophils
ATGGGAGGTCCTCCAT-1,GARQ,D5,0,40,38,38,0.2608164,Neutrophils
ATGGGAGGTCTAGCCG-1,GARQ,D5,0,40,38,23,0.022667289,CD8 naive
ATGGGAGGTTAAAGAC-1,GARQ,D5,0,40,38,38,0.24206841,Classical monocytes
ATGGGAGGTTCAGACT-1,GARQ,D5,0,40,38,13,0.23352754,Naive B
ATGGGAGTCAGGTAAA-1,GARQ,D5,0,40,38,5,0.36441416,Erythroid 
ATGGGAGTCCTATTCA-1,GARQ,D5,0,40,38,14,0.10353589,CD8 effector
ATGGGAGTCCTCTAGC-1,GARQ,D5,0,40,38,13,0.3118732,Naive B
ATGTGTGAGCGTTGCC-1,GARQ,D5,0,40,38,7,0.0425961,CD56dim CD16bright NK
ATGTGTGAGCTCTCGG-1,GARQ,D5,0,40,38,8,0.24493742,CD56dim CD16bright NK
ATGTGTGAGCTGCGAA-1,GARQ,D5,0,40,38,23,0.081653714,CD8 naive
ATGTGTGGTCTCTCTG-1,GARQ,D5,0,40,38,8,0.033681035,CD56dim CD16bright NK
ATTACTCAGCTAAGAT-1,GARQ,D5,0,40,38,13,0.118302226,Naive B
ATTACTCAGTGGGTTG-1,GARQ,D5,0,40,38,38,0.35908204,Non classical monocytes
ATTACTCGTAACGTTC-1,GARQ,D5,0,40,38,15,0.04043591,NK-T doublets
ATTACTCGTTCCAACA-1,GARQ,D5,0,40,38,11,0.07046759,Classical monocytes
ATTACTCGTTGGACCC-1,GARQ,D5,0,40,38,21,0.08329344,CD8 effector
ATTATCCAGACACTAA-1,GARQ,D5,0,40,38,29,0.15916145,CD4 memory
ATTATCCCAGCGATCC-1,GARQ,D5,0,40,38,8,0.17072189,CD56dim CD16bright NK
ATTATCCTCCGTCAAA-1,GARQ,D5,0,40,38,13,0.19697475,Naive B
ATTCTACAGATCCCAT-1,GARQ,D5,0,40,38,38,0.20788276,Non classical monocytes
ATTCTACAGCGTTTAC-1,GARQ,D5,0,40,38,8,0.15379477,CD56dim CD16bright NK
ATTCTACCACAGCGTC-1,GARQ,D5,0,40,38,0,0.102182865,gdT cells
ATTCTACCAGACAAAT-1,GARQ,D5,0,40,38,34,0.028102994,CD4 memory
ATTCTACGTTGCGTTA-1,GARQ,D5,0,40,38,23,0.012670755,CD8 naive
ATTGGACTCTTCGGTC-1,GARQ,D5,0,40,38,38,0.55834997,Classical monocytes
ATTGGTGAGAGAACAG-1,GARQ,D5,0,40,38,0,0.025460243,gdT cells
ATTGGTGAGTGGGATC-1,GARQ,D5,0,40,38,28,0.03109479,MAIT-NKT cells
ATTGGTGCATCTATGG-1,GARQ,D5,0,40,38,9,0.026545465,CD56dim CD16bright NK
ATTGGTGTCGGCCGAT-1,GARQ,D5,0,40,38,38,0.2983669,Platelet-bound monocytes
ATTTCTGAGAACAACT-1,GARQ,D5,0,40,38,21,0.10369581,CD8 memory
ATTTCTGAGTACGCGA-1,GARQ,D5,0,40,38,8,0.033721566,gdT cells
ATTTCTGCAGCTTCGG-1,GARQ,D5,0,40,38,8,0.02848959,CD56dim CD16bright NK
ATTTCTGGTCAGAATA-1,GARQ,D5,0,40,38,25,0.028365135,CD8 memory
ATTTCTGGTCGCGGTT-1,GARQ,D5,0,40,38,13,0.18293798,T-NK-B cell doublets
ATTTCTGTCCACGCAG-1,GARQ,D5,0,40,38,4,0.021066785,CD8 memory
CAACCAAAGATGGCGT-1,GARQ,D5,0,40,38,28,0.13069415,gdT cells
CAACCAAAGGATATAC-1,GARQ,D5,0,40,38,38,0.23448509,T-NK-B cell doublets
CAACCAAGTCGACTAT-1,GARQ,D5,0,40,38,21,0.18676162,gdT cells
CAACCAAGTCTCGTTC-1,GARQ,D5,0,40,38,8,0.08961344,CD56dim CD16bright NK
CAACCTCGTATGCTTG-1,GARQ,D5,0,40,38,32,0.053366303,CD4 memory
CAACCTCGTTCAGACT-1,GARQ,D5,0,40,38,8,0.14532924,CD56dim CD16bright NK
CAACTAGCAGTGACAG-1,GARQ,D5,0,40,38,25,0.027404666,CD4 naive I
CAACTAGCATTCACTT-1,GARQ,D5,0,40,38,12,0.035342097,CD56dim CD16bright NK
CAACTAGGTAGGCTGA-1,GARQ,D5,0,40,38,23,0.06474161,CD4 and CD8 activated memory
CAACTAGGTGCGATAG-1,GARQ,D5,0,40,38,8,0.202317,CD56dim CD16bright NK
CAAGAAAAGTGAACAT-1,GARQ,D5,0,40,38,25,0.0930109,CD4 memory
CAAGAAAAGTGTACCT-1,GARQ,D5,0,40,38,8,0.12564266,CD56dim CD16bright NK
CAAGAAACACATGTGT-1,GARQ,D5,0,40,38,38,0.25887465,Classical monocytes
CAAGAAACAGTACACT-1,GARQ,D5,0,40,38,38,0.23641771,Neutrophils
CAAGAAATCACGAAGG-1,GARQ,D5,0,40,38,38,0.29644585,Classical monocytes
CAAGATCCAAGCCCAC-1,GARQ,D5,0,40,38,5,0.33925927,Erythroid 
CAAGATCCAATAGCGG-1,GARQ,D5,0,40,38,6,0.08397478,Platelets
CAAGATCGTCTCTTTA-1,GARQ,D5,0,40,38,19,0.00956893,T-NK-B cell doublets
CAAGATCGTTAGGGTG-1,GARQ,D5,0,40,38,8,0.16014802,CD56dim CD16bright NK
CAAGATCTCGCGCCAA-1,GARQ,D5,0,40,38,8,0.09335804,CD56dim CD16bright NK
CAAGGCCAGAGTCTGG-1,GARQ,D5,0,40,38,8,0.09057891,CD56bright CD16dim NK
CAAGGCCCACAAGACG-1,GARQ,D5,0,40,38,38,0.1620313,Classical monocytes
CAAGGCCGTACCTACA-1,GARQ,D5,0,40,38,38,0.22472131,Classical monocytes
CAAGGCCGTGAGTGAC-1,GARQ,D5,0,40,38,13,0.14592564,T-NK-B cell doublets
CAAGGCCTCCAAGCCG-1,GARQ,D5,0,40,38,38,0.10609859,conventional DC
CAAGGCCTCGACCAGC-1,GARQ,D5,0,40,38,23,0.0027478933,CD4 naive I
CAAGTTGAGACTGGGT-1,GARQ,D5,0,40,38,28,0.027940989,Regulatory T cells
CAAGTTGCAAGTCTAC-1,GARQ,D5,0,40,38,8,0.10575843,CD56dim CD16bright NK
CAAGTTGGTACGACCC-1,GARQ,D5,0,40,38,23,0.03402722,CD8 naive
CACAAACGTAGCTTGT-1,GARQ,D5,0,40,38,13,0.16321003,Naive B
CACAAACGTGAGTATA-1,GARQ,D5,0,40,38,25,0.09341264,CD4 memory
CACAAACTCGGCTACG-1,GARQ,D5,0,40,38,8,0.12128258,CD56dim CD16bright NK
CACACAAAGACTGTAA-1,GARQ,D5,0,40,38,33,0.009305298,CD8 memory
CACACAAAGAGGGATA-1,GARQ,D5,0,40,38,38,0.39040554,Non classical monocytes
CACACAACACAGATTC-1,GARQ,D5,0,40,38,2,0.0082041025,CD56dim CD16bright NK
CACACAAGTAAGGATT-1,GARQ,D5,0,40,38,17,0.02687788,CD56dim CD16bright NK
CACACAATCATAGCAC-1,GARQ,D5,0,40,38,8,0.17685997,CD56dim CD16bright NK
CACACAATCATCGCTC-1,GARQ,D5,0,40,38,1,0.03321922,NK-T doublets
CACACCTCAAGTAGTA-1,GARQ,D5,0,40,38,35,0.0015070438,MAIT-NKT cells
CACACCTGTAGATTAG-1,GARQ,D5,0,40,38,25,0.09924388,CD4 memory
CACACCTGTTGGTAAA-1,GARQ,D5,0,40,38,8,0.039109826,CD56dim CD16bright NK
CACACCTTCGGCGCTA-1,GARQ,D5,0,40,38,32,0.07618743,CD4 and CD8 activated memory
CACACTCCAGGTGGAT-1,GARQ,D5,0,40,38,9,0.024797559,CD56dim CD16bright NK
CACACTCCATACGCCG-1,GARQ,D5,0,40,38,38,0.21585578,Classical monocytes
CACACTCTCATGTCTT-1,GARQ,D5,0,40,38,39,0.061962724,T-NK-B cell doublets
CACACTCTCTACCAGA-1,GARQ,D5,0,40,38,29,0.0042958856,CD4 memory
CACAGGCAGAGCCTAG-1,GARQ,D5,0,40,38,37,0.06991184,Classical monocytes
CACAGGCAGCGAAGGG-1,GARQ,D5,0,40,38,8,0.12116039,CD56dim CD16bright NK
CACAGGCTCACCATAG-1,GARQ,D5,0,40,38,38,0.6464379,Non classical monocytes
CACAGTAAGCGTAGTG-1,GARQ,D5,0,40,38,38,0.3742435,Classical monocytes
CACAGTAAGCGTTGCC-1,GARQ,D5,0,40,38,38,0.2075516,Classical monocytes
CACAGTACACAGACAG-1,GARQ,D5,0,40,38,29,0.10859084,CD4 naive I
CACAGTAGTTGTGGCC-1,GARQ,D5,0,40,38,23,0.10257745,CD8 naive
CACAGTAGTTTCGCTC-1,GARQ,D5,0,40,38,23,0.037924767,CD4 naive I
CACATAGCACACGCTG-1,GARQ,D5,0,40,38,16,0.0364874,plasmacytoid DC
CACATAGCACTGTGTA-1,GARQ,D5,0,40,38,38,0.39644492,Classical monocytes
CACATAGCATGTCGAT-1,GARQ,D5,0,40,38,25,0.038719654,CD8 memory
CACATAGTCCGAATGT-1,GARQ,D5,0,40,38,8,0.13233817,CD56dim CD16bright NK
CACATTTCATCCAACA-1,GARQ,D5,0,40,38,14,0.026557326,CD8 effector
CACATTTTCGATAGAA-1,GARQ,D5,0,40,38,38,0.18897283,Neutrophils
CACCACTAGTGCTGCC-1,GARQ,D5,0,40,38,13,0.1462766,Memory B
CACCACTAGTTAAGTG-1,GARQ,D5,0,40,38,8,0.011114001,CD56bright CD16dim NK
CACCACTCATCCCACT-1,GARQ,D5,0,40,38,23,0.037884235,CD4 naive I
CACCAGGCAGACGCCT-1,GARQ,D5,0,40,38,35,0.016827464,CD4 memory
CACCAGGGTACAAGTA-1,GARQ,D5,0,40,38,23,0.00038945675,CD4 naive I
CACCAGGGTCAGGACA-1,GARQ,D5,0,40,38,24,0.11695588,MAIT-NKT cells
CACCTTGAGGCTAGCA-1,GARQ,D5,0,40,38,35,0.04096353,CD4 naive II
CACCTTGAGGGCTTGA-1,GARQ,D5,0,40,38,8,0.1367712,CD56dim CD16bright NK
CACCTTGAGTTGTAGA-1,GARQ,D5,0,40,38,38,0.18781704,Classical monocytes
CACCTTGCAACTGCGC-1,GARQ,D5,0,40,38,24,0.09313536,MAIT-NKT cells
CACCTTGCAATGAAAC-1,GARQ,D5,0,40,38,21,0.17397141,CD8 effector
CACCTTGCATTAACCG-1,GARQ,D5,0,40,38,17,0.0068495274,CD56dim CD16bright NK
CACCTTGCATTGTGCA-1,GARQ,D5,0,40,38,25,0.039619684,CD4 memory
CACCTTGGTCGAATCT-1,GARQ,D5,0,40,38,35,0.0058139563,CD4 memory
CACCTTGGTGTTTGTG-1,GARQ,D5,0,40,38,8,0.1379795,CD56dim CD16bright NK
CACCTTGTCACGCGGT-1,GARQ,D5,0,40,38,10,0.10741991,Non classical monocytes
CACTCCAAGCTCCTTC-1,GARQ,D5,0,40,38,38,0.29619426,Neutrophils
CACTCCACATACAGCT-1,GARQ,D5,0,40,38,39,0.10419607,T-NK-B cell doublets
CACTCCAGTGACAAAT-1,GARQ,D5,0,40,38,32,0.021958828,CD8 naive
CACTCCATCTTTCCTC-1,GARQ,D5,0,40,38,4,0.039351225,MAIT-NKT cells
CAGAATCCAAGCCGTC-1,GARQ,D5,0,40,38,7,0.058624387,CD56dim CD16bright NK
CAGAATCCACATTCGA-1,GARQ,D5,0,40,38,0,0.07198274,gdT cells
CAGAATCCATTTCACT-1,GARQ,D5,0,40,38,32,0.06329644,CD4 memory
CAGAATCGTAGCTGCC-1,GARQ,D5,0,40,38,27,0.007077694,CD8 naive
CAGAATCTCAGCAACT-1,GARQ,D5,0,40,38,37,0.106256485,Classical monocytes
CAGAATCTCCTCTAGC-1,GARQ,D5,0,40,38,32,0.008143187,CD4 memory
CAGAGAGCATGCTGGC-1,GARQ,D5,0,40,38,38,0.29963017,Neutrophils
CAGAGAGGTTATCACG-1,GARQ,D5,0,40,38,38,0.2708193,conventional DC
CAGAGAGGTTGGAGGT-1,GARQ,D5,0,40,38,23,0.08703995,CD4 naive I
CAGAGAGTCCTTTCTC-1,GARQ,D5,0,40,38,13,0.1824125,Naive B
CAGATCAAGCTCCTCT-1,GARQ,D5,0,40,38,35,0.11177063,CD4 naive I
CAGATCAAGGCAATTA-1,GARQ,D5,0,40,38,23,0.06976354,CD8 memory
CAGATCATCGTTGCCT-1,GARQ,D5,0,40,38,21,0.08339405,CD56dim CD16bright NK
CAGCAGCAGTGGGCTA-1,GARQ,D5,0,40,38,10,0.19711548,Non classical monocytes
CAGCAGCCAATTGCTG-1,GARQ,D5,0,40,38,30,0.029067516,NK-T doublets
CAGCAGCCATACAGCT-1,GARQ,D5,0,40,38,17,0.018122196,CD56dim CD16bright NK
CAGCAGCCATTTGCTT-1,GARQ,D5,0,40,38,23,0.08403194,CD4 naive I
CAGCAGCGTTGATTCG-1,GARQ,D5,0,40,38,29,0.09157729,CD4 memory
CAGCAGCTCCAACCAA-1,GARQ,D5,0,40,38,38,0.22096992,Non classical monocytes
CAGCAGCTCGAGAGCA-1,GARQ,D5,0,40,38,8,0.1404748,CD56dim CD16bright NK
CAGCAGCTCTAGCACA-1,GARQ,D5,0,40,38,8,0.16710746,CD56dim CD16bright NK
CAGCATAAGACTACAA-1,GARQ,D5,0,40,38,8,0.16419351,CD56dim CD16bright NK
CAGCATAAGGATGGAA-1,GARQ,D5,0,40,38,8,0.09876108,CD56dim CD16bright NK
CAGCATAGTTTGTTGG-1,GARQ,D5,0,40,38,38,0.51034594,Non classical monocytes
CAGCATATCGCCCTTA-1,GARQ,D5,0,40,38,32,0.015452862,CD4 memory
CAGCCGAAGAGACTAT-1,GARQ,D5,0,40,38,0,0.015211821,MAIT-NKT cells
CAGCCGAAGCAGACTG-1,GARQ,D5,0,40,38,32,0.026089907,CD4 naive I
CAGCCGACATTAACCG-1,GARQ,D5,0,40,38,25,0.052248,CD8 memory
CAGCCGACATTATCTC-1,GARQ,D5,0,40,38,0,0.013663292,CD8 effector
CAGCGACAGCGTGTCC-1,GARQ,D5,0,40,38,38,0.15519404,Classical monocytes
CAGCGACAGTGGTAGC-1,GARQ,D5,0,40,38,8,0.20633566,CD56dim CD16bright NK
CAGCGACGTCAAGCGA-1,GARQ,D5,0,40,38,13,0.07450199,Memory B
CAGCGACGTTCGGGCT-1,GARQ,D5,0,40,38,23,0.09385872,CD4 naive II
CAGCTAAAGTGAACGC-1,GARQ,D5,0,40,38,13,0.07633364,Naive B
CAGCTGGGTCGGCATC-1,GARQ,D5,0,40,38,23,0.09445691,CD56bright CD16dim NK
CAGCTGGGTCTCCCTA-1,GARQ,D5,0,40,38,29,0.06148112,CD4 naive I
CAGCTGGGTTACGTCA-1,GARQ,D5,0,40,38,32,0.09893352,CD4 memory
CAGCTGGGTTGCTCCT-1,GARQ,D5,0,40,38,13,0.21926737,Naive B
CAGCTGGGTTGGTGGA-1,GARQ,D5,0,40,38,38,0.36201036,Classical monocytes
CAGGTGCGTGGCAAAC-1,GARQ,D5,0,40,38,4,0.11279082,MAIT-NKT cells
CAGGTGCTCTGTTTGT-1,GARQ,D5,0,40,38,8,0.00788033,CD56dim CD16bright NK
CAGTAACAGGAGTTGC-1,GARQ,D5,0,40,38,23,0.01559478,CD8 memory
CAGTAACCATGCCTTC-1,GARQ,D5,0,40,38,12,0.02161491,CD56dim CD16bright NK
CAGTAACTCCAATGGT-1,GARQ,D5,0,40,38,23,0.0060908794,CD4 naive I
CAGTCCTAGCGATAGC-1,GARQ,D5,0,40,38,21,0.027226746,CD8 effector
CAGTCCTAGTCCAGGA-1,GARQ,D5,0,40,38,8,0.108169794,CD56bright CD16dim NK
CATATGGCAGCGTAAG-1,GARQ,D5,0,40,38,38,0.2171576,Classical monocytes
CATATGGTCAGAGGTG-1,GARQ,D5,0,40,38,39,0.2417891,T-NK-B cell doublets
CATATTCAGTCGATAA-1,GARQ,D5,0,40,38,8,0.25513005,CD56dim CD16bright NK
CATATTCCACGCATCG-1,GARQ,D5,0,40,38,34,0.023095727,CD4 naive I
CATATTCCATTCCTCG-1,GARQ,D5,0,40,38,25,0.00797987,CD8 naive
CATATTCGTAGAGTGC-1,GARQ,D5,0,40,38,13,0.22396457,Memory B
CATATTCGTATTCTCT-1,GARQ,D5,0,40,38,35,0.03741336,CD4 memory
CATATTCGTTCGTTGA-1,GARQ,D5,0,40,38,38,0.9027436,Classical monocytes
CATATTCTCGTGGACC-1,GARQ,D5,0,40,38,14,0.056447387,CD8 effector
CATCAAGAGAGCTGGT-1,GARQ,D5,0,40,38,13,0.01655674,Naive B
CATCAAGAGGAACTGC-1,GARQ,D5,0,40,38,32,0.045020103,CD4 memory
CATCAGACAATGTAAG-1,GARQ,D5,0,40,38,23,0.08747172,CD4 naive I
CATCAGAGTGTAAGTA-1,GARQ,D5,0,40,38,12,0.005895257,CD8 effector
CATCCACCAGCTGCAC-1,GARQ,D5,0,40,38,8,0.030041337,CD56dim CD16bright NK
CATCCACGTAGTGAAT-1,GARQ,D5,0,40,38,13,0.12706935,Naive B
CATCCACGTCTAGGTT-1,GARQ,D5,0,40,38,38,0.19694304,Platelet-bound monocytes
CATCCACTCAAGGTAA-1,GARQ,D5,0,40,38,23,0.08624184,CD8 naive
CATCCACTCCTATGTT-1,GARQ,D5,0,40,38,33,0.11110234,CD8 memory
CATCGAAAGGACTGGT-1,GARQ,D5,0,40,38,35,0.04287553,CD4 naive I
CATCGAACAATGCCAT-1,GARQ,D5,0,40,38,0,0.049737215,gdT cells
CATCGAATCACAAACC-1,GARQ,D5,0,40,38,1,0.0051066875,gdT cells
CATCGGGCACGGTAAG-1,GARQ,D5,0,40,38,8,0.13323534,CD56dim CD16bright NK
CATCGGGGTACAGCAG-1,GARQ,D5,0,40,38,23,0.097486615,CD4 naive I
CATCGGGGTCATGCCG-1,GARQ,D5,0,40,38,38,0.12893379,Platelet-bound monocytes
CATCGGGGTCTCTCTG-1,GARQ,D5,0,40,38,8,0.39697647,CD56dim CD16bright NK
CATCGGGGTTTAGGAA-1,GARQ,D5,0,40,38,13,0.30709893,T-NK-B cell doublets
CATCGGGTCCATGCTC-1,GARQ,D5,0,40,38,38,0.26903576,Classical monocytes
CATCGGGTCCTCTAGC-1,GARQ,D5,0,40,38,28,0.07269633,Regulatory T cells
CATGACAAGTATGACA-1,GARQ,D5,0,40,38,33,0.06764603,MAIT-NKT cells
CATGACAGTATAGTAG-1,GARQ,D5,0,40,38,25,0.04711485,CD8 naive
CATGACAGTCTGCGGT-1,GARQ,D5,0,40,38,13,0.066201925,T-NK-B cell doublets
CATGACAGTTGGACCC-1,GARQ,D5,0,40,38,29,0.007868409,CD4 memory
CATGACAGTTTAAGCC-1,GARQ,D5,0,40,38,8,0.06310701,CD56dim CD16bright NK
CATGACATCAACTCTT-1,GARQ,D5,0,40,38,8,0.050064087,CD56dim CD16bright NK
CATGACATCCCTAACC-1,GARQ,D5,0,40,38,0,0.13753748,gdT cells
CATGACATCTCGATGA-1,GARQ,D5,0,40,38,23,0.103405,CD4 naive I
CATGCCTCACTAAGTC-1,GARQ,D5,0,40,38,8,0.2727313,CD56dim CD16bright NK
CATGCCTGTGAAGGCT-1,GARQ,D5,0,40,38,23,0.014086843,CD8 memory
CATGCCTTCAGTTCGA-1,GARQ,D5,0,40,38,8,0.08382928,CD56dim CD16bright NK
CATGCCTTCGTCCGTT-1,GARQ,D5,0,40,38,25,0.07273245,CD4 memory
CATGGCGAGGGCTCTC-1,GARQ,D5,0,40,38,13,0.12636876,Memory B
CATGGCGAGTCAAGCG-1,GARQ,D5,0,40,38,8,0.16771734,CD56dim CD16bright NK
CATGGCGGTAGCCTAT-1,GARQ,D5,0,40,38,35,0.022138357,CD4 naive I
CATGGCGGTCTTCAAG-1,GARQ,D5,0,40,38,23,0.05827892,CD8 memory
CATGGCGTCCTAGGGC-1,GARQ,D5,0,40,38,25,0.07399142,CD4 memory
CATTATCAGCAGGTCA-1,GARQ,D5,0,40,38,25,0.1167891,CD8 naive
CATTATCCACGAAAGC-1,GARQ,D5,0,40,38,8,0.08086753,CD56dim CD16bright NK
CATTATCGTGCGCTTG-1,GARQ,D5,0,40,38,32,0.06905615,CD4 memory
CATTATCTCTACCTGC-1,GARQ,D5,0,40,38,13,0.07124162,Naive B
CATTCGCAGTGTCCCG-1,GARQ,D5,0,40,38,25,0.038810253,CD8 naive
CATTCGCGTACCAGTT-1,GARQ,D5,0,40,38,27,0.11176181,CD4 naive I
CCAATCCAGTACGTTC-1,GARQ,D5,0,40,38,8,0.06242335,CD56dim CD16bright NK
CCAATCCCACCTTGTC-1,GARQ,D5,0,40,38,38,0.11302173,Classical monocytes
CCAATCCCAGGGTATG-1,GARQ,D5,0,40,38,38,0.34967518,Classical monocytes
CCAATCCGTACCGTAT-1,GARQ,D5,0,40,38,8,0.08353448,CD56dim CD16bright NK
CCAATCCGTGCAGTAG-1,GARQ,D5,0,40,38,2,0.025675356,CD56bright CD16dim NK
CCAATCCTCACAACGT-1,GARQ,D5,0,40,38,8,0.061438084,CD56dim CD16bright NK
CCAATCCTCACAGTAC-1,GARQ,D5,0,40,38,25,0.061874747,Regulatory T cells
CCACCTACAAACTGCT-1,GARQ,D5,0,40,38,29,0.015928268,CD4 naive I
CCACCTACAGGGAGAG-1,GARQ,D5,0,40,38,13,0.16704798,Naive B
CCACCTAGTTCCTCCA-1,GARQ,D5,0,40,38,28,0.05571866,MAIT-NKT cells
CCACCTATCACAGGCC-1,GARQ,D5,0,40,38,32,0.0049955845,CD4 memory
CCACGGAGTACGAAAT-1,GARQ,D5,0,40,38,38,0.21118128,Platelets
CCACGGAGTGATAAAC-1,GARQ,D5,0,40,38,35,0.024966478,CD4 naive I
CCACTACAGTCAATAG-1,GARQ,D5,0,40,38,13,0.20649171,Naive B
CCACTACTCCAATGGT-1,GARQ,D5,0,40,38,29,0.06389773,CD4 memory
CCAGCGAAGTACCGGA-1,GARQ,D5,0,40,38,8,0.045291126,CD56dim CD16bright NK
CCAGCGAGTGTATGGG-1,GARQ,D5,0,40,38,8,0.087732315,CD56dim CD16bright NK
CCAGCGATCGTAGGAG-1,GARQ,D5,0,40,38,8,0.11798,CD56dim CD16bright NK
CCATGTCCAATCACAC-1,GARQ,D5,0,40,38,38,0.27834296,Non classical monocytes
CCATGTCCATGTCTCC-1,GARQ,D5,0,40,38,14,0.15474474,gdT cells
CCATGTCGTACAGTTC-1,GARQ,D5,0,40,38,11,0.11373174,Classical monocytes
CCATGTCGTTAAGAAC-1,GARQ,D5,0,40,38,35,0.04181862,CD8 naive
CCATGTCTCCGGCACA-1,GARQ,D5,0,40,38,32,0.050066948,CD4 memory
CCATGTCTCGGGAGTA-1,GARQ,D5,0,40,38,8,0.19178402,CD56dim CD16bright NK
CCATGTCTCGGTCTAA-1,GARQ,D5,0,40,38,8,0.103504896,CD56dim CD16bright NK
CCATGTCTCGTTACAG-1,GARQ,D5,0,40,38,38,0.33984244,Classical monocytes
CCATTCGGTCAAACTC-1,GARQ,D5,0,40,38,29,0.08656001,CD4 naive I
CCATTCGTCAATCACG-1,GARQ,D5,0,40,38,32,0.0033587217,CD8 naive
CCATTCGTCACCTTAT-1,GARQ,D5,0,40,38,13,0.25137478,Memory B
CCATTCGTCAGATAAG-1,GARQ,D5,0,40,38,8,0.0891096,CD56dim CD16bright NK
CCCAATCCAAAGCAAT-1,GARQ,D5,0,40,38,17,0.011626959,CD56dim CD16bright NK
CCCAATCGTATAATGG-1,GARQ,D5,0,40,38,28,0.12613678,CD4 memory
CCCAATCGTCATATGC-1,GARQ,D5,0,40,38,21,0.06313193,gdT cells
CCCAATCGTTTGACTG-1,GARQ,D5,0,40,38,28,0.019382358,MAIT-NKT cells
CCCTCCTAGATGCCTT-1,GARQ,D5,0,40,38,38,0.14144206,Neutrophils
CCCTCCTAGCCAACAG-1,GARQ,D5,0,40,38,23,0.0010508299,CD4 naive II
CCCTCCTAGCCAGTTT-1,GARQ,D5,0,40,38,8,0.008127332,CD56dim CD16bright NK
CCCTCCTCATGCAACT-1,GARQ,D5,0,40,38,7,0.061389804,CD56dim CD16bright NK
CCCTCCTGTAGCTTGT-1,GARQ,D5,0,40,38,8,0.13817108,Proliferating T and NK cell
CCCTCCTGTGAAGGCT-1,GARQ,D5,0,40,38,38,0.1855917,Neutrophils
CCCTCCTTCTCCGGTT-1,GARQ,D5,0,40,38,38,0.0049450994,Non classical monocytes
CCGGGATCAGCTGCTG-1,GARQ,D5,0,40,38,38,0.26842886,Classical monocytes
CCGGGATGTCGCATAT-1,GARQ,D5,0,40,38,38,0.18217397,Platelet-bound monocytes
CCGGGATGTTCGAATC-1,GARQ,D5,0,40,38,8,0.07877374,CD56dim CD16bright NK
CCGGGATTCTCACATT-1,GARQ,D5,0,40,38,11,0.08009148,Platelet-bound monocytes
CCGGTAGAGATATGCA-1,GARQ,D5,0,40,38,8,0.07851553,NK-T doublets
CCGGTAGCAAACAACA-1,GARQ,D5,0,40,38,14,0.0138834715,CD8 effector
CCGGTAGCAAGTCTGT-1,GARQ,D5,0,40,38,14,0.049805522,CD8 effector
CCGTACTAGCCACTAT-1,GARQ,D5,0,40,38,35,0.013630509,CD8 naive
CCGTACTCACAAGACG-1,GARQ,D5,0,40,38,29,0.14964068,CD4 memory
CCGTACTCACTGTCGG-1,GARQ,D5,0,40,38,13,0.09346461,Naive B
CCGTACTCATATGAGA-1,GARQ,D5,0,40,38,8,0.008653998,CD56dim CD16bright NK
CCGTGGAAGTGGACGT-1,GARQ,D5,0,40,38,21,0.046484113,CD56dim CD16bright NK
CCGTGGAAGTTAAGTG-1,GARQ,D5,0,40,38,8,0.08976436,CD56bright CD16dim NK
CCGTGGACAAGGTTCT-1,GARQ,D5,0,40,38,29,0.046596646,CD8 memory
CCGTGGACACAGACAG-1,GARQ,D5,0,40,38,36,0.02030164,CD4 naive I
CCGTGGAGTCTGATTG-1,GARQ,D5,0,40,38,38,0.2823776,Neutrophils
CCGTGGAGTGGACGAT-1,GARQ,D5,0,40,38,16,0.14682823,Plasma cells
CCGTGGATCCGCAAGC-1,GARQ,D5,0,40,38,8,0.17106724,CD56dim CD16bright NK
CCGTGGATCGAACGGA-1,GARQ,D5,0,40,38,8,0.22817993,CD56dim CD16bright NK
CCGTGGATCTCAACTT-1,GARQ,D5,0,40,38,13,0.2857046,Naive B
CCGTTCAGTACAGTGG-1,GARQ,D5,0,40,38,29,0.0074728727,CD4 naive II
CCGTTCAGTCAGTGGA-1,GARQ,D5,0,40,38,25,0.0120790005,CD4 memory
CCTAAAGGTCAGAAGC-1,GARQ,D5,0,40,38,38,0.21144521,Classical monocytes
CCTAAAGGTGAGGGAG-1,GARQ,D5,0,40,38,38,0.2498498,Classical monocytes
CCTAAAGTCACTATTC-1,GARQ,D5,0,40,38,8,0.08923638,CD56dim CD16bright NK
CCTACACAGTCACGCC-1,GARQ,D5,0,40,38,38,0.14735603,conventional DC
CCTACCAAGGAGTTTA-1,GARQ,D5,0,40,38,8,0.03232634,CD56bright CD16dim NK
CCTACCACAAGCCTAT-1,GARQ,D5,0,40,38,32,0.094525576,Platelet-T cell doublets
CCTACCACACTGTCGG-1,GARQ,D5,0,40,38,38,0.1860311,Platelet-bound monocytes
CCTACCACATATGAGA-1,GARQ,D5,0,40,38,13,0.088027954,Naive B
CCTACCAGTTCAGACT-1,GARQ,D5,0,40,38,32,0.08162212,CD4 memory
CCTACCAGTTCAGCGC-1,GARQ,D5,0,40,38,13,0.22833133,Memory B
CCTAGCTCACTACAGT-1,GARQ,D5,0,40,38,8,0.032336235,CD56dim CD16bright NK
CCTATTACACAGGAGT-1,GARQ,D5,0,40,38,0,0.014219999,gdT cells
CCTATTATCATATCGG-1,GARQ,D5,0,40,38,14,0.001987815,CD8 effector
CCTATTATCTCGAGTA-1,GARQ,D5,0,40,38,16,0.036527634,CD8 memory
CCTCAGTGTCGCATAT-1,GARQ,D5,0,40,38,8,0.23154533,CD56dim CD16bright NK
CCTCTGAAGGCCCTCA-1,GARQ,D5,0,40,38,16,0.035613358,plasmacytoid DC
CCTCTGACATCCTTGC-1,GARQ,D5,0,40,38,32,0.016917467,CD8 memory
CCTCTGATCCTGCTTG-1,GARQ,D5,0,40,38,38,0.18636322,Non classical monocytes
CCTCTGATCTCTAGGA-1,GARQ,D5,0,40,38,13,0.2305814,T-NK-B cell doublets
CCTTACGAGCGTAATA-1,GARQ,D5,0,40,38,14,0.08626866,CD8 effector
CCTTACGAGCTGCGAA-1,GARQ,D5,0,40,38,8,0.0879879,CD56dim CD16bright NK
CCTTACGCACCTCGGA-1,GARQ,D5,0,40,38,38,0.24927258,Classical monocytes
CCTTACGGTACGACCC-1,GARQ,D5,0,40,38,8,0.011924744,CD56dim CD16bright NK
CCTTACGTCCGATATG-1,GARQ,D5,0,40,38,8,0.21315289,CD56dim CD16bright NK
CCTTCCCCACCATCCT-1,GARQ,D5,0,40,38,38,0.37047005,Non classical monocytes
CCTTCCCTCCTGCAGG-1,GARQ,D5,0,40,38,38,0.19136691,Platelet-bound monocytes
CCTTCGAAGGATGGTC-1,GARQ,D5,0,40,38,14,0.0955441,gdT cells
CCTTCGATCCACGTGG-1,GARQ,D5,0,40,38,13,0.2318945,Memory B
CCTTCGATCCGCGCAA-1,GARQ,D5,0,40,38,33,0.04129553,CD8 memory
CCTTCGATCCGTTGCT-1,GARQ,D5,0,40,38,8,0.17489767,CD56dim CD16bright NK
CCTTCGATCGACCAGC-1,GARQ,D5,0,40,38,35,0.0072711706,CD4 naive I
CCTTTCTCAATGGACG-1,GARQ,D5,0,40,38,14,0.16981685,gdT cells
CCTTTCTCATGCCTTC-1,GARQ,D5,0,40,38,28,0.041047752,MAIT-NKT cells
CCTTTCTCATTGCGGC-1,GARQ,D5,0,40,38,32,0.058983445,CD4 memory
CCTTTCTCATTTGCTT-1,GARQ,D5,0,40,38,4,0.08769524,CD4 memory
CGAACATAGCTCCTTC-1,GARQ,D5,0,40,38,25,0.03353095,CD4 memory
CGAACATCACTATCTT-1,GARQ,D5,0,40,38,39,0.07074964,T-NK-B cell doublets
CGAACATTCTGAAAGA-1,GARQ,D5,0,40,38,32,0.062990546,CD4 naive I
CGAATGTCACATGTGT-1,GARQ,D5,0,40,38,16,0.03101015,plasmacytoid DC
CGAATGTCAGGTGGAT-1,GARQ,D5,0,40,38,8,0.1115824,NK-T doublets
CGAATGTTCCAAAGTC-1,GARQ,D5,0,40,38,8,0.17550778,CD56dim CD16bright NK
CGAATGTTCGTGGGAA-1,GARQ,D5,0,40,38,38,0.13677764,Non classical monocytes
CGACCTTAGTATGACA-1,GARQ,D5,0,40,38,8,0.038398743,CD56dim CD16bright NK
CGACCTTGTAAGTGGC-1,GARQ,D5,0,40,38,25,0.050250173,CD4 memory
CGACCTTTCTGTCTCG-1,GARQ,D5,0,40,38,13,0.22550851,Memory B
CGACTTCAGGATGCGT-1,GARQ,D5,0,40,38,17,0.02241528,CD56dim CD16bright NK
CGACTTCGTTTCGCTC-1,GARQ,D5,0,40,38,8,0.31290817,CD56dim CD16bright NK
CGACTTCTCATCTGCC-1,GARQ,D5,0,40,38,33,0.085001945,MAIT-NKT cells
CGACTTCTCTTTAGGG-1,GARQ,D5,0,40,38,38,0.13653076,Classical monocytes
CGAGAAGAGTCATGCT-1,GARQ,D5,0,40,38,23,0.048730493,CD4 naive II
CGAGAAGCAGTAAGAT-1,GARQ,D5,0,40,38,23,0.077792406,NK-T doublets
CGAGAAGGTGGTAACG-1,GARQ,D5,0,40,38,8,0.0038423538,CD56bright CD16dim NK
CGAGAAGGTTAAGGGC-1,GARQ,D5,0,40,38,0,0.018535733,MAIT-NKT cells
CGAGAAGTCGTCTGCT-1,GARQ,D5,0,40,38,8,0.093933344,Proliferating T and NK cell
CGAGCACAGGGATGGG-1,GARQ,D5,0,40,38,8,0.30025756,CD56dim CD16bright NK
CGAGCACCACCTATCC-1,GARQ,D5,0,40,38,8,0.084789395,CD56bright CD16dim NK
CGAGCACGTACTCGCG-1,GARQ,D5,0,40,38,13,0.23515034,Naive B
CGAGCCACACCTGGTG-1,GARQ,D5,0,40,38,8,0.077775955,CD56dim CD16bright NK
CGAGCCACATGTCCTC-1,GARQ,D5,0,40,38,38,0.45971203,Non classical monocytes
CGAGCCATCACGGTTA-1,GARQ,D5,0,40,38,34,0.024345398,CD4 naive I
CGAGCCATCCTGCTTG-1,GARQ,D5,0,40,38,38,0.29763138,Non classical monocytes
CGATCGGCAACGATGG-1,GARQ,D5,0,40,38,37,0.04946202,Classical monocytes
CGATCGGCATATACGC-1,GARQ,D5,0,40,38,32,0.046215057,Regulatory T cells
CGATCGGTCATGGTCA-1,GARQ,D5,0,40,38,4,0.02785325,MAIT-NKT cells
CGATGGCAGAGCTGGT-1,GARQ,D5,0,40,38,23,0.055643797,CD4 naive I
CGATGTACATCCCACT-1,GARQ,D5,0,40,38,35,0.08215213,CD4 naive I
CGATGTAGTAAGAGAG-1,GARQ,D5,0,40,38,8,0.11826503,CD56dim CD16bright NK
CGATGTAGTCCGTCAG-1,GARQ,D5,0,40,38,38,0.295269,Classical monocytes
CGATGTATCCTCTAGC-1,GARQ,D5,0,40,38,29,0.026381731,CD8 memory
CGATTGAGTGAGTATA-1,GARQ,D5,0,40,38,8,0.047412634,CD56dim CD16bright NK
CGATTGATCTACCTGC-1,GARQ,D5,0,40,38,38,0.18817341,Non classical monocytes
CGCCAAGAGAGCCCAA-1,GARQ,D5,0,40,38,38,0.31992757,Classical monocytes
CGCCAAGAGGAACTGC-1,GARQ,D5,0,40,38,8,0.18621159,CD56dim CD16bright NK
CGCCAAGGTGCAGGTA-1,GARQ,D5,0,40,38,25,0.017644405,CD8 naive
CGCCAAGTCCCTCAGT-1,GARQ,D5,0,40,38,8,0.19358575,CD56dim CD16bright NK
CGCGGTACAAGGTTCT-1,GARQ,D5,0,40,38,23,0.043657184,CD4 naive I
CGCGGTACAGACAGGT-1,GARQ,D5,0,40,38,38,0.2590621,Non classical monocytes
CGCGGTACATGCAATC-1,GARQ,D5,0,40,38,38,0.5215789,Non classical monocytes
CGCGGTATCACCACCT-1,GARQ,D5,0,40,38,30,0.04204607,CD8 effector
CGCGGTATCACCCTCA-1,GARQ,D5,0,40,38,8,0.08101869,CD56dim CD16bright NK
CGCGTTTCATCGTCGG-1,GARQ,D5,0,40,38,28,0.0050936937,CD4 naive I
CGCGTTTGTAGCCTCG-1,GARQ,D5,0,40,38,24,0.037647367,Platelet-T cell doublets
CGCGTTTGTCTCATCC-1,GARQ,D5,0,40,38,8,0.10713565,CD56dim CD16bright NK
CGCGTTTGTTGTGGCC-1,GARQ,D5,0,40,38,38,0.009499073,MAIT-NKT cells
CGCGTTTTCATCATTC-1,GARQ,D5,0,40,38,31,0.1248095,CD56dim CD16bright NK
CGCTATCGTAGAGTGC-1,GARQ,D5,0,40,38,38,0.60093474,Non classical monocytes
CGCTATCTCTTCGGTC-1,GARQ,D5,0,40,38,8,0.16706228,CD56dim CD16bright NK
CGCTGGAAGCCCGAAA-1,GARQ,D5,0,40,38,32,0.01220119,CD4 naive I
CGCTGGAGTAACGACG-1,GARQ,D5,0,40,38,8,0.00910008,CD8 effector
CGCTGGAGTGACGCCT-1,GARQ,D5,0,40,38,8,0.123117685,CD56dim CD16bright NK
CGCTGGATCTCGTATT-1,GARQ,D5,0,40,38,8,0.19365,CD56dim CD16bright NK
CGCTTCAAGTATCGAA-1,GARQ,D5,0,40,38,38,0.3201332,Classical monocytes
CGCTTCATCGTGGACC-1,GARQ,D5,0,40,38,38,0.046720624,Non classical monocytes
CGGACACAGATGAGAG-1,GARQ,D5,0,40,38,14,0.045643568,CD8 effector
CGGACACAGTGGTCCC-1,GARQ,D5,0,40,38,8,0.04700935,CD56dim CD16bright NK
CGGACACGTCAACATC-1,GARQ,D5,0,40,38,8,0.031849504,CD56dim CD16bright NK
CGGACACTCAACACAC-1,GARQ,D5,0,40,38,23,0.0031985044,CD8 naive
CGGACACTCTATGTGG-1,GARQ,D5,0,40,38,8,0.108456254,CD56dim CD16bright NK
CGGACGTAGTGCGATG-1,GARQ,D5,0,40,38,38,0.24080658,Neutrophils
CGGACGTCATGATCCA-1,GARQ,D5,0,40,38,23,0.02340436,MAIT-NKT cells
CGGACGTGTTACGTCA-1,GARQ,D5,0,40,38,13,0.19615626,Naive B
CGGACTGCAATCTGCA-1,GARQ,D5,0,40,38,24,0.064308405,CD8 memory
CGGAGCTAGGATGGTC-1,GARQ,D5,0,40,38,38,0.2911628,Classical monocytes
CGGAGCTCAACGATCT-1,GARQ,D5,0,40,38,28,0.03728819,CD4 naive I
CGGAGCTCACCAGGCT-1,GARQ,D5,0,40,38,23,0.016201973,CD8 naive
CGGAGCTCACGAAAGC-1,GARQ,D5,0,40,38,14,0.023580074,gdT cells
CGGAGCTCACGTGAGA-1,GARQ,D5,0,40,38,32,0.08555627,CD4 memory
CGGAGCTCAGCCTGTG-1,GARQ,D5,0,40,38,12,0.00501734,CD56dim CD16bright NK
CGGAGCTGTCGTCTTC-1,GARQ,D5,0,40,38,25,0.026438713,CD8 memory
CGGAGTCAGCCAACAG-1,GARQ,D5,0,40,38,8,0.08455157,CD56dim CD16bright NK
CGGAGTCCATCGACGC-1,GARQ,D5,0,40,38,24,0.039826274,CD4 memory
CGGAGTCTCCTGTAGA-1,GARQ,D5,0,40,38,13,0.14220846,Naive B
CGGAGTCTCGGTCTAA-1,GARQ,D5,0,40,38,8,0.09152949,CD56dim CD16bright NK
CGGCTAGCAGGTGGAT-1,GARQ,D5,0,40,38,4,0.0428046,MAIT-NKT cells
CGGCTAGGTACAGCAG-1,GARQ,D5,0,40,38,8,0.10437298,CD56dim CD16bright NK
CGGCTAGTCACTATTC-1,GARQ,D5,0,40,38,38,0.4708503,Non classical monocytes
CGGCTAGTCAGTTGAC-1,GARQ,D5,0,40,38,23,0.016207218,CD8 memory
CGGGTCAAGCACCGCT-1,GARQ,D5,0,40,38,8,0.13304627,CD56dim CD16bright NK
CGGGTCAAGGACATTA-1,GARQ,D5,0,40,38,23,0.0688107,CD4 naive I
CGGGTCAGTCTCTCGT-1,GARQ,D5,0,40,38,13,0.030709147,Naive B
CGGGTCATCATGTCTT-1,GARQ,D5,0,40,38,13,0.3442626,Memory B
CGGGTCATCCCGACTT-1,GARQ,D5,0,40,38,8,0.043658257,CD56dim CD16bright NK
CGGTTAACAGCCAGAA-1,GARQ,D5,0,40,38,38,0.36166275,Neutrophils
CGGTTAAGTATGGTTC-1,GARQ,D5,0,40,38,29,0.091088414,CD4 naive II
CGGTTAAGTGGAAAGA-1,GARQ,D5,0,40,38,25,0.048770666,CD8 naive
CGTAGCGAGAGGGATA-1,GARQ,D5,0,40,38,14,0.06823063,gdT cells
CGTAGCGAGATCACGG-1,GARQ,D5,0,40,38,32,0.048229337,CD4 memory
CGTAGCGAGCGATGAC-1,GARQ,D5,0,40,38,8,0.01513052,NK-T doublets
CGTAGCGGTTAAGACA-1,GARQ,D5,0,40,38,38,0.39383996,Platelet-bound monocytes
CGTAGCGTCAACCAAC-1,GARQ,D5,0,40,38,14,0.1082834,gdT cells
CGTAGCGTCCCTCTTT-1,GARQ,D5,0,40,38,38,0.023794174,Platelets
CGTAGGCAGCGTTTAC-1,GARQ,D5,0,40,38,32,0.007110119,Regulatory T cells
CGTAGGCTCCGTTGCT-1,GARQ,D5,0,40,38,8,0.13601613,MAIT-NKT cells
CGTCACTCATAAGACA-1,GARQ,D5,0,40,38,23,0.006581664,MAIT-NKT cells
CGTCACTGTCTAACGT-1,GARQ,D5,0,40,38,29,0.037611485,CD8 naive
CGTCAGGAGATGGGTC-1,GARQ,D5,0,40,38,8,0.052500963,CD56dim CD16bright NK
CGTCAGGAGGCAGTCA-1,GARQ,D5,0,40,38,23,0.036220193,CD4 naive I
CGTCAGGAGTGGTAGC-1,GARQ,D5,0,40,38,28,0.01117599,CD4 naive I
CGTCAGGAGTTTAGGA-1,GARQ,D5,0,40,38,23,0.07865667,CD4 naive I
CGTCAGGCAATCTGCA-1,GARQ,D5,0,40,38,29,0.0064593554,CD4 naive I
CGTCAGGCACAGGTTT-1,GARQ,D5,0,40,38,8,0.086871624,CD56dim CD16bright NK
CGTCAGGGTTCGGGCT-1,GARQ,D5,0,40,38,28,0.0138117075,MAIT-NKT cells
CGTCAGGTCCCTAATT-1,GARQ,D5,0,40,38,8,0.0051342845,CD56dim CD16bright NK
CGTCCATAGGCAGGTT-1,GARQ,D5,0,40,38,8,0.12545443,CD56dim CD16bright NK
CGTCCATGTAGCGATG-1,GARQ,D5,0,40,38,4,0.03316295,CD8 memory
CGTCCATGTAGCGCAA-1,GARQ,D5,0,40,38,38,0.14440525,Neutrophils
CGTCCATTCACCCTCA-1,GARQ,D5,0,40,38,25,0.07052648,CD4 memory
CGTCTACAGTAACCCT-1,GARQ,D5,0,40,38,16,0.13974965,Regulatory T cells
CGTCTACGTACATCCA-1,GARQ,D5,0,40,38,13,0.17294669,Naive B
CGTCTACGTGATAAAC-1,GARQ,D5,0,40,38,32,0.04722953,CD4 memory
CGTCTACTCAGCGATT-1,GARQ,D5,0,40,38,33,0.027289867,MAIT-NKT cells
CGTGAGCAGACCTAGG-1,GARQ,D5,0,40,38,25,0.03132987,CD4 memory
CGTGAGCAGGAGCGAG-1,GARQ,D5,0,40,38,8,0.049739003,CD56dim CD16bright NK
CGTGAGCAGGCCGAAT-1,GARQ,D5,0,40,38,4,0.051712275,CD8 memory
CGTGAGCCAATAGAGT-1,GARQ,D5,0,40,38,38,0.3036238,Classical monocytes
CGTGAGCCAGATTGCT-1,GARQ,D5,0,40,38,23,0.0414356,CD4 naive I
CGTGAGCTCACATAGC-1,GARQ,D5,0,40,38,38,0.48601907,Non classical monocytes
CGTGAGCTCAGCTTAG-1,GARQ,D5,0,40,38,8,0.035064816,CD56dim CD16bright NK
CGTGAGCTCCCAGGTG-1,GARQ,D5,0,40,38,38,0.1312449,Classical monocytes
CGTGTAACACATAACC-1,GARQ,D5,0,40,38,8,0.083663225,CD56bright CD16dim NK
CGTGTAAGTGTTCTTT-1,GARQ,D5,0,40,38,32,0.009390354,CD4 naive II
CGTGTAATCCACTCCA-1,GARQ,D5,0,40,38,15,0.0011216402,gdT cells
CGTGTAATCGATCCCT-1,GARQ,D5,0,40,38,32,0.005809784,CD4 memory
CGTGTCTGTCCGAATT-1,GARQ,D5,0,40,38,8,0.08984053,CD56dim CD16bright NK
CGTGTCTTCGGCGCTA-1,GARQ,D5,0,40,38,14,0.15269566,CD8 effector
CGTTAGAAGACTTGAA-1,GARQ,D5,0,40,38,32,0.14006424,CD4 memory
CGTTAGAAGAGCCTAG-1,GARQ,D5,0,40,38,29,0.113420665,CD4 naive I
CGTTAGACAAAGGTGC-1,GARQ,D5,0,40,38,23,0.12153101,CD4 naive I
CGTTAGACATCACGAT-1,GARQ,D5,0,40,38,13,0.14963222,Naive B
CGTTAGAGTCAGAAGC-1,GARQ,D5,0,40,38,25,0.011141062,CD4 naive I
CGTTAGAGTTGTCTTT-1,GARQ,D5,0,40,38,21,0.023035526,CD8 effector
CGTTCTGAGCTAACTC-1,GARQ,D5,0,40,38,33,0.079895854,MAIT-NKT cells
CGTTCTGAGTGAACAT-1,GARQ,D5,0,40,38,9,0.04892516,CD56dim CD16bright NK
CGTTCTGTCAATACCG-1,GARQ,D5,0,40,38,25,0.010005951,CD4 naive I
CGTTGGGCACCCATTC-1,GARQ,D5,0,40,38,8,0.059588432,CD56dim CD16bright NK
CGTTGGGGTATCGCAT-1,GARQ,D5,0,40,38,8,0.15438938,CD56dim CD16bright NK
CGTTGGGTCACTATTC-1,GARQ,D5,0,40,38,38,0.15895104,Neutrophils
CGTTGGGTCCTAAGTG-1,GARQ,D5,0,40,38,13,0.2264049,Naive B
CTAACTTAGCGGCTTC-1,GARQ,D5,0,40,38,23,0.06626207,CD8 effector
CTAACTTTCGTCCGTT-1,GARQ,D5,0,40,38,8,0.0815711,CD56dim CD16bright NK
CTAAGACCACATCTTT-1,GARQ,D5,0,40,38,13,0.14817417,Naive B
CTAAGACTCATTCACT-1,GARQ,D5,0,40,38,28,0.19095242,MAIT-NKT cells
CTAATGGAGACCGGAT-1,GARQ,D5,0,40,38,8,0.06808841,CD56dim CD16bright NK
CTAATGGCAAGGACTG-1,GARQ,D5,0,40,38,8,0.036610365,CD56dim CD16bright NK
CTAATGGCACTTCTGC-1,GARQ,D5,0,40,38,23,0.09166598,CD8 memory
CTAATGGCATGCATGT-1,GARQ,D5,0,40,38,21,0.0501765,CD8 memory
CTAATGGTCCAACCAA-1,GARQ,D5,0,40,38,38,0.14306366,Classical monocytes
CTAATGGTCTAAGCCA-1,GARQ,D5,0,40,38,25,0.067589164,CD4 memory
CTAATGGTCTTTAGTC-1,GARQ,D5,0,40,38,8,0.19866943,CD56dim CD16bright NK
CTACACCAGTTAACGA-1,GARQ,D5,0,40,38,38,0.38209152,Classical monocytes
CTACACCCACAACGTT-1,GARQ,D5,0,40,38,29,0.022271514,CD8 memory
CTACATTAGCCCAACC-1,GARQ,D5,0,40,38,25,0.031287193,Regulatory T cells
CTACATTGTCCAGTGC-1,GARQ,D5,0,40,38,8,0.17605078,CD56dim CD16bright NK
CTACATTGTTCCCTTG-1,GARQ,D5,0,40,38,0,0.026849449,CD8 memory
CTACATTTCACTCTTA-1,GARQ,D5,0,40,38,24,0.0012834072,MAIT-NKT cells
CTACATTTCCGATATG-1,GARQ,D5,0,40,38,8,0.09944236,CD56dim CD16bright NK
CTACATTTCTCGGACG-1,GARQ,D5,0,40,38,0,0.1524092,gdT cells
CTACCCAAGAATCTCC-1,GARQ,D5,0,40,38,14,0.010432482,CD8 effector
CTACCCAAGCTGCGAA-1,GARQ,D5,0,40,38,14,0.16322255,gdT cells
CTACCCATCCGCAGTG-1,GARQ,D5,0,40,38,23,0.17968011,CD4 naive I
CTACGTCCATGCTGGC-1,GARQ,D5,0,40,38,23,0.04058504,CD4 naive I
CTAGAGTAGCCTATGT-1,GARQ,D5,0,40,38,25,0.10583162,CD4 memory
CTAGAGTAGTGGTAAT-1,GARQ,D5,0,40,38,38,0.22990185,Non classical monocytes
CTAGAGTGTGCCTGCA-1,GARQ,D5,0,40,38,14,0.0473001,CD8 effector
CTAGAGTTCGTTTATC-1,GARQ,D5,0,40,38,7,0.045873404,CD56dim CD16bright NK
CTAGAGTTCTTCTGGC-1,GARQ,D5,0,40,38,32,0.005297184,CD4 memory
CTAGCCTAGAGGTAGA-1,GARQ,D5,0,40,38,31,0.08414364,CD56dim CD16bright NK
CTAGCCTAGGCTAGCA-1,GARQ,D5,0,40,38,25,0.009545922,CD4 memory
CTAGCCTAGTCCTCCT-1,GARQ,D5,0,40,38,38,0.3045364,Non classical monocytes
CTAGCCTCATCGATGT-1,GARQ,D5,0,40,38,14,0.082957506,CD8 effector
CTAGCCTGTGATGTCT-1,GARQ,D5,0,40,38,29,0.013038158,CD8 memory
CTAGCCTTCTCTGAGA-1,GARQ,D5,0,40,38,38,0.1723504,Classical monocytes
CTAGTGAAGACAAGCC-1,GARQ,D5,0,40,38,29,0.009010911,CD4 naive II
CTAGTGATCTCTAAGG-1,GARQ,D5,0,40,38,21,0.024538517,CD8 effector
CTCACACAGCTAACTC-1,GARQ,D5,0,40,38,13,0.22364163,Naive B
CTCACACAGGCATGTG-1,GARQ,D5,0,40,38,38,0.3487923,Platelet-bound monocytes
CTCACACGTTGGGACA-1,GARQ,D5,0,40,38,32,0.005040288,CD4 memory
CTCACACTCGTCCAGG-1,GARQ,D5,0,40,38,38,0.29776186,Non classical monocytes
CTCAGAAAGAGTGAGA-1,GARQ,D5,0,40,38,38,0.20600235,conventional DC
CTCAGAAAGGATGGTC-1,GARQ,D5,0,40,38,38,0.23921597,Neutrophils
CTCAGAACATTTGCTT-1,GARQ,D5,0,40,38,34,0.02516079,CD4 naive II
CTCAGAATCAACCAAC-1,GARQ,D5,0,40,38,14,0.18219674,CD8 effector
CTCATTAAGTCAAGGC-1,GARQ,D5,0,40,38,8,0.057332754,CD56dim CD16bright NK
CTCATTACACATTCGA-1,GARQ,D5,0,40,38,8,0.018445969,CD56dim CD16bright NK
CTCATTACATATGGTC-1,GARQ,D5,0,40,38,38,0.15699327,Non classical monocytes
CTCATTATCACAATGC-1,GARQ,D5,0,40,38,0,0.12739873,gdT cells
CTCATTATCAGCACAT-1,GARQ,D5,0,40,38,13,0.06927669,T-NK-B cell doublets
CTCATTATCTCTTATG-1,GARQ,D5,0,40,38,32,0.05596721,CD4 memory
CTCCTAGAGACTAGGC-1,GARQ,D5,0,40,38,8,0.013037562,CD56dim CD16bright NK
CTCCTAGAGACTCGGA-1,GARQ,D5,0,40,38,13,0.1273185,Naive B
CTCCTAGCATAAAGGT-1,GARQ,D5,0,40,38,38,0.34191024,Classical monocytes
CTCCTAGGTACTCAAC-1,GARQ,D5,0,40,38,23,0.03565252,CD4 naive II
CTCCTAGGTCCAGTAT-1,GARQ,D5,0,40,38,8,0.10775578,CD56dim CD16bright NK
CTCCTAGGTTGATTCG-1,GARQ,D5,0,40,38,38,0.30266643,Classical monocytes
CTCGAAACAAGCCGTC-1,GARQ,D5,0,40,38,25,0.021174192,CD8 memory
CTCGAAACAGCGAACA-1,GARQ,D5,0,40,38,11,0.008723497,CD4 naive I
CTCGAAAGTCGGCACT-1,GARQ,D5,0,40,38,8,0.15441322,CD56dim CD16bright NK
CTCGAAAGTTCATGGT-1,GARQ,D5,0,40,38,8,0.06295824,CD56dim CD16bright NK
CTCGAGGCAGGTTTCA-1,GARQ,D5,0,40,38,38,0.006140411,Classical monocytes
CTCGAGGCATACAGCT-1,GARQ,D5,0,40,38,30,0.023783028,CD8 effector
CTCGAGGGTATGGTTC-1,GARQ,D5,0,40,38,30,0.022293806,CD56dim CD16bright NK
CTCGAGGGTCTGGAGA-1,GARQ,D5,0,40,38,38,0.19402033,Classical monocytes
CTCGGAGAGAGGACGG-1,GARQ,D5,0,40,38,30,0.043496728,NK-T doublets
CTCGGAGAGGAGCGTT-1,GARQ,D5,0,40,38,23,0.03048408,CD4 memory
CTCGGAGAGGTAGCTG-1,GARQ,D5,0,40,38,38,0.42119253,Platelet-bound monocytes
CTCGGAGCACATCTTT-1,GARQ,D5,0,40,38,13,0.07509875,Naive B
CTCGGAGCAGCCTTGG-1,GARQ,D5,0,40,38,8,0.17782724,CD56dim CD16bright NK
CTCGGAGTCAATCTCT-1,GARQ,D5,0,40,38,8,0.26656723,CD56dim CD16bright NK
CTCGGGAGTAGAAAGG-1,GARQ,D5,0,40,38,24,0.026186228,MAIT-NKT cells
CTCGTACCAGACGCCT-1,GARQ,D5,0,40,38,32,0.035342395,CD4 naive I
CTCGTACGTGGTGTAG-1,GARQ,D5,0,40,38,13,0.1362052,Memory B
CTCGTACTCACTTATC-1,GARQ,D5,0,40,38,8,0.036305666,CD56bright CD16dim NK
CTCGTACTCTAACTGG-1,GARQ,D5,0,40,38,8,0.09671211,CD56dim CD16bright NK
CTCGTCAAGCGACGTA-1,GARQ,D5,0,40,38,29,0.086377144,CD8 memory
CTCGTCACACATCTTT-1,GARQ,D5,0,40,38,33,0.1239506,CD8 memory
CTCGTCAGTCTCGTTC-1,GARQ,D5,0,40,38,8,0.17707086,CD56dim CD16bright NK
CTCTAATAGGGTATCG-1,GARQ,D5,0,40,38,32,0.010582924,CD8 memory
CTCTAATAGGTGCACA-1,GARQ,D5,0,40,38,8,0.11444187,CD56dim CD16bright NK
CTCTAATCATGTCCTC-1,GARQ,D5,0,40,38,32,0.080425024,Platelet-T cell doublets
CTCTAATGTTGATTGC-1,GARQ,D5,0,40,38,38,0.17978036,Non classical monocytes
CTCTACGAGCCAGAAC-1,GARQ,D5,0,40,38,38,0.33132756,Classical monocytes
CTCTACGAGTAATCCC-1,GARQ,D5,0,40,38,29,0.008942127,CD8 memory
CTCTACGAGTACGCGA-1,GARQ,D5,0,40,38,33,0.022339463,MAIT-NKT cells
CTCTACGGTAATCACC-1,GARQ,D5,0,40,38,23,0.020139098,CD8 naive
CTCTACGGTGACTACT-1,GARQ,D5,0,40,38,33,0.008242726,CD8 effector
CTCTACGTCACGCGGT-1,GARQ,D5,0,40,38,23,0.017375946,gdT cells
CTCTGGTAGCACAGGT-1,GARQ,D5,0,40,38,19,0.024932504,gdT cells
CTCTGGTAGGCGATAC-1,GARQ,D5,0,40,38,23,0.08917463,CD4 naive II
CTGAAACAGATGGCGT-1,GARQ,D5,0,40,38,23,0.041131258,gdT cells
CTGAAACAGTAGGCCA-1,GARQ,D5,0,40,38,8,0.043052197,CD56dim CD16bright NK
CTGAAACCATCCCATC-1,GARQ,D5,0,40,38,8,0.08740044,CD56dim CD16bright NK
CTGAAACGTTCAGACT-1,GARQ,D5,0,40,38,8,0.103275895,CD56dim CD16bright NK
CTGAAACTCGGCGGTT-1,GARQ,D5,0,40,38,13,0.23196065,Memory B
CTGAAACTCTGGTGTA-1,GARQ,D5,0,40,38,8,0.1388489,CD56dim CD16bright NK
CTGAAGTAGTACTTGC-1,GARQ,D5,0,40,38,13,0.11741698,Memory B
CTGAAGTCATCGTCGG-1,GARQ,D5,0,40,38,8,0.083916426,CD56dim CD16bright NK
CTGAAGTGTCTGGAGA-1,GARQ,D5,0,40,38,38,0.0843243,Non classical monocytes
CTGAAGTTCAATCACG-1,GARQ,D5,0,40,38,8,0.036233783,CD56dim CD16bright NK
CTGAAGTTCCACGAAT-1,GARQ,D5,0,40,38,13,0.2923814,Memory B
CTGAAGTTCTAGAGTC-1,GARQ,D5,0,40,38,11,0.115713656,Classical monocytes
CTGATAGCACCTATCC-1,GARQ,D5,0,40,38,17,0.0034143925,CD56dim CD16bright NK
CTGATAGCACGTTGGC-1,GARQ,D5,0,40,38,8,0.10087633,CD56dim CD16bright NK
CTGATAGCATCGACGC-1,GARQ,D5,0,40,38,38,0.23082685,Non classical monocytes
CTGATAGTCCTCATTA-1,GARQ,D5,0,40,38,32,0.10088158,CD4 memory
CTGATAGTCCTGCAGG-1,GARQ,D5,0,40,38,8,0.06352711,CD56dim CD16bright NK
CTGATCCCAGCCTTGG-1,GARQ,D5,0,40,38,30,0.03379619,NK-T doublets
CTGATCCCAGCTGTTA-1,GARQ,D5,0,40,38,13,0.09290218,T-NK-B cell doublets
CTGATCCTCCCATTTA-1,GARQ,D5,0,40,38,16,0.14432001,CD4 memory
CTGATCCTCGGAGGTA-1,GARQ,D5,0,40,38,11,0.010946274,CD4 naive I
CTGCCTAAGGCTAGGT-1,GARQ,D5,0,40,38,38,0.24643493,Classical monocytes
CTGCCTACACAACTGT-1,GARQ,D5,0,40,38,23,0.06908512,CD4 naive II
CTGCCTACAGCGTTCG-1,GARQ,D5,0,40,38,8,0.100862145,CD56dim CD16bright NK
CTGCCTATCATGTAGC-1,GARQ,D5,0,40,38,36,0.0015435219,CD4 memory
CTGCCTATCTGACCTC-1,GARQ,D5,0,40,38,5,0.28966844,Erythroid 
CTGCGGACACCGAATT-1,GARQ,D5,0,40,38,13,0.10597557,plasmacytoid DC
CTGCGGAGTGATAAGT-1,GARQ,D5,0,40,38,13,0.0808059,T-NK-B cell doublets
CTGCGGAGTTCGTGAT-1,GARQ,D5,0,40,38,17,0.031470537,CD56dim CD16bright NK
CTGCGGATCATGCTCC-1,GARQ,D5,0,40,38,0,0.0007671118,MAIT-NKT cells
CTGCTGTGTAGAGTGC-1,GARQ,D5,0,40,38,13,0.05482602,T-NK-B cell doublets
CTGCTGTTCATCGGAT-1,GARQ,D5,0,40,38,38,0.4329394,Non classical monocytes
CTGGTCTCAAGTCTAC-1,GARQ,D5,0,40,38,35,0.06245303,CD4 naive I
CTGGTCTGTTCCATGA-1,GARQ,D5,0,40,38,38,0.12205398,Classical monocytes
CTGTGCTAGAGCCTAG-1,GARQ,D5,0,40,38,14,0.030526638,CD8 effector
CTGTGCTAGCGAGAAA-1,GARQ,D5,0,40,38,29,0.023481667,CD4 memory
CTGTGCTAGTGCGATG-1,GARQ,D5,0,40,38,25,0.057574987,CD8 naive
CTGTGCTAGTTGTAGA-1,GARQ,D5,0,40,38,13,0.2329781,Naive B
CTGTGCTCACGTTGGC-1,GARQ,D5,0,40,38,12,0.023571253,gdT cells
CTGTGCTGTACAGTTC-1,GARQ,D5,0,40,38,25,0.041499138,CD8 naive
CTGTGCTGTACTTAGC-1,GARQ,D5,0,40,38,33,0.14239454,CD8 memory
CTGTGCTGTGAGGGTT-1,GARQ,D5,0,40,38,38,0.14838403,Classical monocytes
CTGTGCTGTGGTTTCA-1,GARQ,D5,0,40,38,13,0.015776873,T-NK-B cell doublets
CTGTGCTTCCCTTGTG-1,GARQ,D5,0,40,38,8,0.01020813,NK-T doublets
CTGTTTAAGAAGAAGC-1,GARQ,D5,0,40,38,8,0.06329203,CD56dim CD16bright NK
CTGTTTAAGAGACTTA-1,GARQ,D5,0,40,38,32,0.004020214,CD4 memory
CTGTTTAAGATCTGCT-1,GARQ,D5,0,40,38,0,0.1411922,gdT cells
CTGTTTACAATCCAAC-1,GARQ,D5,0,40,38,14,0.010415077,CD8 effector
CTGTTTACAGCAGTTT-1,GARQ,D5,0,40,38,30,0.09526956,Proliferating T and NK cell
CTTAACTAGCGATGAC-1,GARQ,D5,0,40,38,8,0.123576164,CD56dim CD16bright NK
CTTAACTAGTTTCCTT-1,GARQ,D5,0,40,38,8,0.024485111,CD56dim CD16bright NK
CTTAACTCAAAGCGGT-1,GARQ,D5,0,40,38,8,0.08185923,CD56dim CD16bright NK
CTTAACTCAGTATAAG-1,GARQ,D5,0,40,38,0,0.16520357,gdT cells
CTTAACTGTCATCGGC-1,GARQ,D5,0,40,38,25,0.09322417,CD4 naive I
CTTAACTTCAAGGCTT-1,GARQ,D5,0,40,38,32,0.0048029423,CD4 memory
CTTAACTTCCAGAAGG-1,GARQ,D5,0,40,38,23,0.043948174,CD4 naive I
CTTAACTTCCATTCTA-1,GARQ,D5,0,40,38,13,0.16264033,Memory B
CTTACCGGTAGGGACT-1,GARQ,D5,0,40,38,18,0.03998089,CD56dim CD16bright NK
CTTACCGGTGGCAAAC-1,GARQ,D5,0,40,38,13,0.21057177,Naive B
CTTACCGGTTTCCACC-1,GARQ,D5,0,40,38,38,0.26703215,Platelet-bound monocytes
CTTACCGTCAACGGGA-1,GARQ,D5,0,40,38,7,0.02537322,CD56dim CD16bright NK
CTTACCGTCAGAAATG-1,GARQ,D5,0,40,38,14,0.2547549,gdT cells
CTTAGGAAGCGTCTAT-1,GARQ,D5,0,40,38,13,0.074724436,Naive B
CTTAGGAAGTGTCCCG-1,GARQ,D5,0,40,38,8,0.21323478,CD56dim CD16bright NK
CTTAGGACAATGAATG-1,GARQ,D5,0,40,38,7,0.08778864,CD56dim CD16bright NK
CTTAGGACACCCATTC-1,GARQ,D5,0,40,38,8,0.058414936,CD56dim CD16bright NK
CTTAGGATCCTAGAAC-1,GARQ,D5,0,40,38,21,0.09855187,CD8 effector
CTTAGGATCGCCTGTT-1,GARQ,D5,0,40,38,38,0.38843703,Classical monocytes
CTTCTCTAGATGTGGC-1,GARQ,D5,0,40,38,8,0.08322561,CD56dim CD16bright NK
CTTCTCTAGTTAGGTA-1,GARQ,D5,0,40,38,13,0.18520212,Memory B
CTTCTCTGTAGCTAAA-1,GARQ,D5,0,40,38,13,0.2454226,Memory B
CTTCTCTTCATAACCG-1,GARQ,D5,0,40,38,8,0.030712605,NK-T doublets
CTTGGCTAGGAATCGC-1,GARQ,D5,0,40,38,35,0.006762266,MAIT-NKT cells
CTTGGCTAGGTTACCT-1,GARQ,D5,0,40,38,13,0.34714818,Naive B
CTTGGCTGTGCGAAAC-1,GARQ,D5,0,40,38,38,0.31206667,Non classical monocytes
CTTGGCTTCGGACAAG-1,GARQ,D5,0,40,38,23,0.06477475,CD4 naive II
CTTTGCGAGGAGTTGC-1,GARQ,D5,0,40,38,38,0.37873805,Non classical monocytes
CTTTGCGAGGCCGAAT-1,GARQ,D5,0,40,38,8,0.19446349,CD56dim CD16bright NK
CTTTGCGTCCGAATGT-1,GARQ,D5,0,40,38,13,0.04011941,Naive B
CTTTGCGTCCTTGGTC-1,GARQ,D5,0,40,38,38,0.35727066,Non classical monocytes
CTTTGCGTCTCGTATT-1,GARQ,D5,0,40,38,38,0.3248223,Non classical monocytes
GAAACTCAGATGCCAG-1,GARQ,D5,0,40,38,13,0.044813633,T-NK-B cell doublets
GAAACTCCAAAGGAAG-1,GARQ,D5,0,40,38,13,0.16085887,Naive B
GAAACTCCAAGGTGTG-1,GARQ,D5,0,40,38,4,0.07056105,CD8 memory
GAAACTCCAGTACACT-1,GARQ,D5,0,40,38,0,0.13360834,gdT cells
GAAACTCGTTTACTCT-1,GARQ,D5,0,40,38,8,0.017408729,CD56bright CD16dim NK
GAAACTCTCCAATGGT-1,GARQ,D5,0,40,38,0,0.079975724,gdT cells
GAAACTCTCCGAACGC-1,GARQ,D5,0,40,38,13,0.4920683,Naive B
GAAACTCTCTCATTCA-1,GARQ,D5,0,40,38,38,0.25499678,conventional DC
GAAATGAAGGAATGGA-1,GARQ,D5,0,40,38,8,0.1516056,CD56dim CD16bright NK
GAAATGAGTATGGTTC-1,GARQ,D5,0,40,38,17,0.020769238,CD56bright CD16dim NK
GAAATGAGTCCTAGCG-1,GARQ,D5,0,40,38,38,0.1724211,Classical monocytes
GAACATCAGCGCCTCA-1,GARQ,D5,0,40,38,29,0.037447453,CD4 naive I
GAACATCCAAGCGCTC-1,GARQ,D5,0,40,38,38,0.23540187,Classical monocytes
GAACATCCATAGTAAG-1,GARQ,D5,0,40,38,24,0.094821095,MAIT-NKT cells
GAACATCGTATCTGCA-1,GARQ,D5,0,40,38,38,0.3604473,Classical monocytes
GAACATCGTCCAACTA-1,GARQ,D5,0,40,38,8,0.07709026,CD56dim CD16bright NK
GAACATCGTCGCCATG-1,GARQ,D5,0,40,38,32,0.058470964,CD4 memory
GAACCTATCACCCTCA-1,GARQ,D5,0,40,38,13,0.13998628,Naive B
GAACCTATCGGAATCT-1,GARQ,D5,0,40,38,38,0.2698226,Platelet-bound monocytes
GAACGGAAGAGATGAG-1,GARQ,D5,0,40,38,37,0.2049542,plasmacytoid DC
GAACGGACAGCCTTTC-1,GARQ,D5,0,40,38,23,0.05315453,CD4 naive I
GAACGGAGTAAGGGCT-1,GARQ,D5,0,40,38,38,0.22394192,Non classical monocytes
GAACGGAGTGTGACCC-1,GARQ,D5,0,40,38,38,0.45575202,Non classical monocytes
GAACGGATCGTTGCCT-1,GARQ,D5,0,40,38,25,0.06668615,CD8 memory
GAAGCAGAGGCATGTG-1,GARQ,D5,0,40,38,0,0.14005911,gdT cells
GAAGCAGCAATCGAAA-1,GARQ,D5,0,40,38,35,0.0048207045,CD4 naive II
GAAGCAGGTAGGCATG-1,GARQ,D5,0,40,38,23,0.034555912,CD8 naive
GAAGCAGGTTAGGGTG-1,GARQ,D5,0,40,38,38,0.12989742,Classical monocytes
GAATAAGAGGTACTCT-1,GARQ,D5,0,40,38,13,0.18933249,Memory B
GAATAAGAGTGTCCAT-1,GARQ,D5,0,40,38,21,0.08716822,CD8 effector
GAATGAAAGCGTGAGT-1,GARQ,D5,0,40,38,14,0.056214333,CD56bright CD16dim NK
GAATGAACAAATACAG-1,GARQ,D5,0,40,38,8,0.090908766,CD56bright CD16dim NK
GAATGAACACCATCCT-1,GARQ,D5,0,40,38,8,0.08527541,CD56dim CD16bright NK
GAATGAACACGCCAGT-1,GARQ,D5,0,40,38,21,0.009032726,CD8 effector
GAATGAACACGGCTAC-1,GARQ,D5,0,40,38,28,0.047499895,CD4 memory
GAATGAAGTCTCCCTA-1,GARQ,D5,0,40,38,35,0.014882684,CD4 memory
GAATGAATCAACGCTA-1,GARQ,D5,0,40,38,0,0.09097028,CD8 effector
GACACGCAGACACTAA-1,GARQ,D5,0,40,38,8,0.16185248,CD56dim CD16bright NK
GACACGCAGGTGCTAG-1,GARQ,D5,0,40,38,8,0.066316485,CD56dim CD16bright NK
GACACGCAGTCCATAC-1,GARQ,D5,0,40,38,38,0.08052999,Classical monocytes
GACACGCCAAGAAAGG-1,GARQ,D5,0,40,38,14,0.12749565,CD8 memory
GACACGCGTACGCTGC-1,GARQ,D5,0,40,38,38,0.2820624,Classical monocytes
GACACGCGTAGAAGGA-1,GARQ,D5,0,40,38,0,0.04536414,MAIT-NKT cells
GACACGCTCTGCTGTC-1,GARQ,D5,0,40,38,38,0.10241687,NK-monocyte doublets
GACAGAGCATGTAAGA-1,GARQ,D5,0,40,38,38,0.43311155,Classical monocytes
GACAGAGGTAAAGGAG-1,GARQ,D5,0,40,38,33,0.018890142,MAIT-NKT cells
GACAGAGGTCAAAGAT-1,GARQ,D5,0,40,38,29,0.039535046,CD4 naive II
GACAGAGGTTATTCTC-1,GARQ,D5,0,40,38,38,0.25166345,Neutrophils
GACAGAGTCACCGTAA-1,GARQ,D5,0,40,38,21,0.12888944,CD8 effector
GACCAATAGAATTGTG-1,GARQ,D5,0,40,38,33,0.06477749,MAIT-NKT cells
GACCAATAGCGGCTTC-1,GARQ,D5,0,40,38,0,0.14319217,gdT cells
GACCAATAGGCAGGTT-1,GARQ,D5,0,40,38,12,0.005804181,CD56dim CD16bright NK
GACCAATCAGTGACAG-1,GARQ,D5,0,40,38,0,0.027120829,gdT cells
GACCAATGTACCCAAT-1,GARQ,D5,0,40,38,23,0.036257267,CD8 naive
GACCAATTCCCTTGTG-1,GARQ,D5,0,40,38,21,0.085629225,gdT cells
GACCAATTCTGTTGAG-1,GARQ,D5,0,40,38,38,0.2351234,Classical monocytes
GACCTGGAGACTTTCG-1,GARQ,D5,0,40,38,38,0.24310035,conventional DC
GACCTGGGTCGAATCT-1,GARQ,D5,0,40,38,13,0.12149382,T-NK-B cell doublets
GACCTGGGTCGCCATG-1,GARQ,D5,0,40,38,8,0.13020468,CD56dim CD16bright NK
GACCTGGGTCTAGGTT-1,GARQ,D5,0,40,38,8,0.2189753,CD56dim CD16bright NK
GACCTGGTCATAACCG-1,GARQ,D5,0,40,38,8,0.103505135,CD56dim CD16bright NK
GACGCGTGTGGCTCCA-1,GARQ,D5,0,40,38,8,0.23692536,CD56dim CD16bright NK
GACGCGTGTTACCAGT-1,GARQ,D5,0,40,38,8,0.10248113,CD8 effector
GACGCGTGTTGGGACA-1,GARQ,D5,0,40,38,38,0.3126073,Platelet-bound monocytes
GACGCGTTCGATCCCT-1,GARQ,D5,0,40,38,38,0.433223,Classical monocytes
GACGGCTAGAAACCTA-1,GARQ,D5,0,40,38,8,0.075161815,NK-T doublets
GACGGCTTCGGTTAAC-1,GARQ,D5,0,40,38,29,0.016372204,CD4 memory
GACGGCTTCTTGTTTG-1,GARQ,D5,0,40,38,33,0.08658242,MAIT-NKT cells
GACGGCTTCTTTCCTC-1,GARQ,D5,0,40,38,37,0.28647894,plasmacytoid DC
GACGTGCGTAGAGGAA-1,GARQ,D5,0,40,38,23,0.075383425,CD8 naive
GACGTGCGTTAGAACA-1,GARQ,D5,0,40,38,13,0.23302066,Memory B
GACGTTAAGCTGCCCA-1,GARQ,D5,0,40,38,38,0.34448373,Classical monocytes
GACGTTACACCAGCAC-1,GARQ,D5,0,40,38,38,0.16086411,Classical monocytes
GACGTTACATAGACTC-1,GARQ,D5,0,40,38,14,0.0014159679,gdT cells
GACGTTACATGTAGTC-1,GARQ,D5,0,40,38,8,0.26787102,CD56dim CD16bright NK
GACGTTATCGACAGCC-1,GARQ,D5,0,40,38,38,0.2758435,Classical monocytes
GACTAACTCAACGGCC-1,GARQ,D5,0,40,38,23,0.065733194,CD4 naive I
GACTACAAGGCTCATT-1,GARQ,D5,0,40,38,23,0.031362534,CD8 memory
GACTACAGTAGCTTGT-1,GARQ,D5,0,40,38,35,0.13328981,CD8 naive
GACTACAGTTTGCATG-1,GARQ,D5,0,40,38,38,0.23792279,Non classical monocytes
GACTACATCAACGCTA-1,GARQ,D5,0,40,38,0,0.11337721,gdT cells
GACTGCGCACACTGCG-1,GARQ,D5,0,40,38,9,0.08412635,CD56dim CD16bright NK
GACTGCGGTCTAACGT-1,GARQ,D5,0,40,38,8,0.08341384,CD56dim CD16bright NK
GACTGCGGTGTGACCC-1,GARQ,D5,0,40,38,38,0.17117214,Neutrophils
GACTGCGTCCCTCAGT-1,GARQ,D5,0,40,38,8,0.03386998,CD56dim CD16bright NK
GAGCAGACACCAGATT-1,GARQ,D5,0,40,38,8,0.13402891,CD56dim CD16bright NK
GAGCAGAGTTTGTTGG-1,GARQ,D5,0,40,38,38,0.1526522,Neutrophils
GAGCAGATCATGGTCA-1,GARQ,D5,0,40,38,25,0.02888298,CD4 memory
GAGCAGATCCAAAGTC-1,GARQ,D5,0,40,38,25,0.013333082,CD4 naive I
GAGGTGAAGATGGCGT-1,GARQ,D5,0,40,38,24,0.024720669,MAIT-NKT cells
GAGGTGACAAGGACTG-1,GARQ,D5,0,40,38,38,0.24609542,conventional DC
GAGGTGACAGCCAGAA-1,GARQ,D5,0,40,38,13,0.11363053,Naive B
GAGGTGACATGTCGAT-1,GARQ,D5,0,40,38,8,0.1537584,CD56dim CD16bright NK
GAGGTGAGTGGTACAG-1,GARQ,D5,0,40,38,29,0.011549592,CD4 naive II
GAGGTGATCACGAAGG-1,GARQ,D5,0,40,38,8,0.05182004,CD56dim CD16bright NK
GAGTCCGTCCGCAAGC-1,GARQ,D5,0,40,38,24,0.010352373,MAIT-NKT cells
GAGTCCGTCCGTAGTA-1,GARQ,D5,0,40,38,29,0.024304986,CD4 naive I
GAGTCCGTCGTCACGG-1,GARQ,D5,0,40,38,13,0.19168031,Naive B
GAGTCCGTCTGACCTC-1,GARQ,D5,0,40,38,23,0.056097865,CD8 naive
GATCAGTAGATTACCC-1,GARQ,D5,0,40,38,32,0.017706275,CD4 memory
GATCAGTGTTGTCTTT-1,GARQ,D5,0,40,38,38,0.2147088,Non classical monocytes
GATCAGTTCCGAAGAG-1,GARQ,D5,0,40,38,13,0.071128726,T-NK-B cell doublets
GATCGATAGCTAAACA-1,GARQ,D5,0,40,38,23,0.0505476,CD4 naive I
GATCGATCAAAGGTGC-1,GARQ,D5,0,40,38,38,0.29354215,Platelet-bound monocytes
GATCGATGTGCCTTGG-1,GARQ,D5,0,40,38,29,0.026718855,CD4 naive I
GATCGCGAGTCAAGGC-1,GARQ,D5,0,40,38,8,0.07639861,gdT cells
GATCGCGGTGCGAAAC-1,GARQ,D5,0,40,38,38,0.27006364,Classical monocytes
GATCGCGGTTCTGGTA-1,GARQ,D5,0,40,38,17,0.014670491,CD56dim CD16bright NK
GATCGCGTCTGCTGTC-1,GARQ,D5,0,40,38,29,0.029284298,CD4 memory
GATCGTAAGGCTATCT-1,GARQ,D5,0,40,38,29,0.05747187,CD4 memory
GATCGTAAGTGGAGTC-1,GARQ,D5,0,40,38,33,0.0047007203,CD8 memory
GATCGTAGTCAGCTAT-1,GARQ,D5,0,40,38,25,0.0093615055,CD4 memory
GATCGTATCACAGGCC-1,GARQ,D5,0,40,38,29,0.013439536,CD4 naive I
GATCGTATCGTCACGG-1,GARQ,D5,0,40,38,17,0.0072062016,CD56dim CD16bright NK
GATCTAGAGTCGAGTG-1,GARQ,D5,0,40,38,16,0.12685454,CD4 naive I
GATCTAGAGTGCCATT-1,GARQ,D5,0,40,38,10,0.03188044,Non classical monocytes
GATCTAGCAGATGAGC-1,GARQ,D5,0,40,38,23,0.105650544,CD4 naive II
GATCTAGGTACGCTGC-1,GARQ,D5,0,40,38,7,0.06452823,CD56dim CD16bright NK
GATCTAGTCGCTGATA-1,GARQ,D5,0,40,38,25,0.09038615,CD4 memory
GATGAAAAGCACACAG-1,GARQ,D5,0,40,38,8,0.08864689,CD56dim CD16bright NK
GATGAAAAGTTTCCTT-1,GARQ,D5,0,40,38,13,0.1503582,Memory B
GATGAAACAGCTGTAT-1,GARQ,D5,0,40,38,28,0.013650417,CD8 effector
GATGAAAGTCCGCTGA-1,GARQ,D5,0,40,38,8,0.10327327,CD56dim CD16bright NK
GATGAAATCCGTTGCT-1,GARQ,D5,0,40,38,9,0.013915181,CD56dim CD16bright NK
GATGAAATCCTTGCCA-1,GARQ,D5,0,40,38,38,0.26164192,Classical monocytes
GATGAAATCGTTTGCC-1,GARQ,D5,0,40,38,38,0.24382812,Non classical monocytes
GATGAGGAGGTAGCCA-1,GARQ,D5,0,40,38,23,0.05294597,CD4 naive I
GATGAGGCAAGTTGTC-1,GARQ,D5,0,40,38,8,0.074437976,CD56dim CD16bright NK
GATGAGGGTAAATACG-1,GARQ,D5,0,40,38,8,0.003015995,CD56bright CD16dim NK
GATGAGGGTGATGTCT-1,GARQ,D5,0,40,38,38,0.38847494,Classical monocytes
GATGAGGTCAGTGTTG-1,GARQ,D5,0,40,38,25,0.047984242,CD4 memory
GATGCTAAGAAAGTGG-1,GARQ,D5,0,40,38,8,0.15919304,CD56dim CD16bright NK
GATGCTAAGACTGGGT-1,GARQ,D5,0,40,38,32,0.0919168,CD4 memory
GATGCTAAGTTTAGGA-1,GARQ,D5,0,40,38,25,0.0072983503,CD8 naive
GATGCTACATGCCACG-1,GARQ,D5,0,40,38,25,0.010203123,CD4 memory
GATGCTATCACATAGC-1,GARQ,D5,0,40,38,38,0.35192108,Classical monocytes
GATGCTATCAGCACAT-1,GARQ,D5,0,40,38,29,0.026725054,CD4 memory
GATTCAGAGGAGTTGC-1,GARQ,D5,0,40,38,23,0.0052444935,CD4 naive II
GATTCAGCATTTCACT-1,GARQ,D5,0,40,38,4,0.0935688,MAIT-NKT cells
GATTCAGGTAGCGTGA-1,GARQ,D5,0,40,38,23,0.041214824,CD8 memory
GATTCAGTCTGCGGCA-1,GARQ,D5,0,40,38,33,0.061896563,MAIT-NKT cells
GCAAACTAGACTGTAA-1,GARQ,D5,0,40,38,8,0.1230979,NK-T doublets
GCAAACTAGGGTCTCC-1,GARQ,D5,0,40,38,38,0.42731118,Classical monocytes
GCAAACTTCAAAGTAG-1,GARQ,D5,0,40,38,23,0.009792864,CD4 naive II
GCAAACTTCATGCAAC-1,GARQ,D5,0,40,38,8,0.16671205,CD56dim CD16bright NK
GCACATACAGCCACCA-1,GARQ,D5,0,40,38,8,0.08585751,CD56bright CD16dim NK
GCACATAGTTACCGAT-1,GARQ,D5,0,40,38,32,0.0021541119,CD4 naive I
GCACATATCCAGATCA-1,GARQ,D5,0,40,38,32,0.019428015,CD4 memory
GCAGCCAAGAGTTGGC-1,GARQ,D5,0,40,38,38,0.53307927,Classical monocytes
GCAGCCACACGGACAA-1,GARQ,D5,0,40,38,21,0.00614202,CD8 effector
GCAGCCACAGCTGCTG-1,GARQ,D5,0,40,38,8,0.04424131,CD56dim CD16bright NK
GCAGCCAGTCGAGTTT-1,GARQ,D5,0,40,38,8,0.1714263,CD56dim CD16bright NK
GCAGCCAGTCTTCTCG-1,GARQ,D5,0,40,38,29,0.08694589,CD4 naive I
GCAGTTAAGCCAGAAC-1,GARQ,D5,0,40,38,12,0.038431168,NK-T doublets
GCAGTTAAGTTGAGTA-1,GARQ,D5,0,40,38,29,0.0007134676,CD4 and CD8 activated memory
GCAGTTACAAGCCATT-1,GARQ,D5,0,40,38,38,0.28015018,Classical monocytes
GCAGTTAGTAAGGGAA-1,GARQ,D5,0,40,38,23,0.060515046,CD8 naive
GCAGTTAGTCATATGC-1,GARQ,D5,0,40,38,9,0.027219415,CD56dim CD16bright NK
GCATACACATCGATTG-1,GARQ,D5,0,40,38,38,0.21097535,Classical monocytes
GCATGATCAAATCCGT-1,GARQ,D5,0,40,38,23,0.11858606,CD4 naive I
GCATGATCACATCCAA-1,GARQ,D5,0,40,38,38,0.26340604,Neutrophils
GCATGATCAGGCGATA-1,GARQ,D5,0,40,38,31,0.042804003,CD56dim CD16bright NK
GCATGATCATGCCACG-1,GARQ,D5,0,40,38,31,0.04436612,CD56dim CD16bright NK
GCATGATGTAAACCTC-1,GARQ,D5,0,40,38,38,0.35750282,Platelet-bound monocytes
GCATGATGTAGGACAC-1,GARQ,D5,0,40,38,8,0.068647146,NK-T doublets
GCATGATGTCGGGTCT-1,GARQ,D5,0,40,38,8,0.07241368,CD56dim CD16bright NK
GCATGATGTCTAGGTT-1,GARQ,D5,0,40,38,8,0.19756675,CD56dim CD16bright NK
GCATGCGGTGGTACAG-1,GARQ,D5,0,40,38,9,0.21645188,CD56dim CD16bright NK
GCATGCGTCCAAACTG-1,GARQ,D5,0,40,38,23,0.006165743,CD4 naive I
GCATGTAAGTTGTAGA-1,GARQ,D5,0,40,38,38,0.6205629,Non classical monocytes
GCATGTAGTAAGAGAG-1,GARQ,D5,0,40,38,14,0.061314106,CD8 effector
GCCAAATAGATCCTGT-1,GARQ,D5,0,40,38,23,0.01168406,CD4 naive I
GCCAAATAGTACACCT-1,GARQ,D5,0,40,38,38,0.109146714,Classical monocytes
GCCAAATCAACGATCT-1,GARQ,D5,0,40,38,30,0.022260785,NK-T doublets
GCCAAATCATCACCCT-1,GARQ,D5,0,40,38,29,0.0060076714,CD4 naive I
GCCAAATGTCTTGATG-1,GARQ,D5,0,40,38,38,0.32014608,Non classical monocytes
GCCAAATTCCACGACG-1,GARQ,D5,0,40,38,14,0.013968587,CD8 effector
GCCAAATTCGGATGGA-1,GARQ,D5,0,40,38,32,0.07021892,CD4 memory
GCCAAATTCTCAAACG-1,GARQ,D5,0,40,38,25,0.025313854,CD4 memory
GCCTCTAAGATCTGCT-1,GARQ,D5,0,40,38,28,0.080084324,NK-T doublets
GCCTCTACAAGGGTCA-1,GARQ,D5,0,40,38,13,0.16490364,Naive B
GCCTCTACATGTCTCC-1,GARQ,D5,0,40,38,8,0.11792338,CD56dim CD16bright NK
GCCTCTAGTCATCCCT-1,GARQ,D5,0,40,38,38,0.21709138,Classical monocytes
GCCTCTATCTCAAACG-1,GARQ,D5,0,40,38,35,0.03140366,CD4 naive II
GCCTCTATCTTCGAGA-1,GARQ,D5,0,40,38,8,0.1759212,CD56dim CD16bright NK
GCGACCAAGTGCCAGA-1,GARQ,D5,0,40,38,23,0.13751173,CD4 naive I
GCGACCACACGCGAAA-1,GARQ,D5,0,40,38,33,0.005649805,CD8 effector
GCGACCACAGTCAGAG-1,GARQ,D5,0,40,38,38,0.37421286,Non classical monocytes
GCGACCATCTGTTTGT-1,GARQ,D5,0,40,38,8,0.163499,CD56dim CD16bright NK
GCGAGAAAGGGTCGAT-1,GARQ,D5,0,40,38,25,0.0047878027,CD4 memory
GCGAGAAAGTAGGTGC-1,GARQ,D5,0,40,38,29,0.044281244,CD4 memory
GCGAGAATCACGACTA-1,GARQ,D5,0,40,38,38,0.2065059,Classical monocytes
GCGAGAATCGGGAGTA-1,GARQ,D5,0,40,38,8,0.13600993,CD56dim CD16bright NK
GCGCAACCAGTTTACG-1,GARQ,D5,0,40,38,8,0.1540941,CD56dim CD16bright NK
GCGCAACTCCGTCAAA-1,GARQ,D5,0,40,38,38,0.22865248,Neutrophils
GCGCAGTAGTTCCACA-1,GARQ,D5,0,40,38,38,0.13907659,Classical monocytes
GCGCAGTAGTTTGCGT-1,GARQ,D5,0,40,38,38,0.06477064,Non classical monocytes
GCGCAGTGTTCAGCGC-1,GARQ,D5,0,40,38,23,0.06925523,CD4 naive I
GCGCAGTTCCTCCTAG-1,GARQ,D5,0,40,38,38,0.2757383,Non classical monocytes
GCGCCAAAGACACGAC-1,GARQ,D5,0,40,38,13,0.31298876,Naive B
GCGCCAACAGCATACT-1,GARQ,D5,0,40,38,4,0.028467298,MAIT-NKT cells
GCGCCAACAGGAACGT-1,GARQ,D5,0,40,38,13,0.24189448,Naive B
GCGCCAAGTATTAGCC-1,GARQ,D5,0,40,38,8,0.045503497,CD56dim CD16bright NK
GCGCCAAGTCAAGCGA-1,GARQ,D5,0,40,38,8,0.09975147,CD56dim CD16bright NK
GCGCGATAGGAGTTGC-1,GARQ,D5,0,40,38,25,0.07751262,CD4 memory
GCGCGATAGGATGGTC-1,GARQ,D5,0,40,38,8,0.14187479,CD56dim CD16bright NK
GCGCGATCAGTACACT-1,GARQ,D5,0,40,38,23,0.03275466,CD8 memory
GCGCGATGTAAACACA-1,GARQ,D5,0,40,38,35,0.0056499243,CD4 memory
GCGGGTTAGACGACGT-1,GARQ,D5,0,40,38,23,0.1342802,CD8 naive
GCGGGTTAGAGGTTAT-1,GARQ,D5,0,40,38,29,0.026714861,CD4 memory
GCTCCTAAGCTGAAAT-1,GARQ,D5,0,40,38,23,0.04184246,CD4 naive I
GCTCCTACACGAGGTA-1,GARQ,D5,0,40,38,38,0.19010389,Classical monocytes
GCTCCTACAGTGACAG-1,GARQ,D5,0,40,38,13,0.24739385,Memory B
GCTCCTAGTTCAGTAC-1,GARQ,D5,0,40,38,38,0.32600528,Classical monocytes
GCTCCTATCAGTTGAC-1,GARQ,D5,0,40,38,31,0.043391466,CD8 effector
GCTCCTATCGATCCCT-1,GARQ,D5,0,40,38,38,0.1749636,T-NK-B cell doublets
GCTCCTATCGGAAATA-1,GARQ,D5,0,40,38,13,0.24439001,Naive B
GCTCCTATCTCTTGAT-1,GARQ,D5,0,40,38,8,0.20131707,CD56dim CD16bright NK
GCTCTGTAGATCCTGT-1,GARQ,D5,0,40,38,8,0.13532615,CD56dim CD16bright NK
GCTCTGTAGGTCATCT-1,GARQ,D5,0,40,38,8,0.03011012,NK-T doublets
GCTCTGTCATGAAGTA-1,GARQ,D5,0,40,38,10,0.06316173,Non classical monocytes
GCTCTGTGTACTCGCG-1,GARQ,D5,0,40,38,0,0.07130206,CD8 effector
GCTCTGTTCCAACCAA-1,GARQ,D5,0,40,38,8,0.1425103,CD56dim CD16bright NK
GCTCTGTTCTGCTGCT-1,GARQ,D5,0,40,38,37,0.020990968,Classical monocytes
GCTGCAGGTGGGTATG-1,GARQ,D5,0,40,38,8,0.19328642,CD56dim CD16bright NK
GCTGCAGGTTATCGGT-1,GARQ,D5,0,40,38,8,0.1823833,CD56dim CD16bright NK
GCTGCAGGTTCTCATT-1,GARQ,D5,0,40,38,0,0.017237782,MAIT-NKT cells
GCTGCGAAGCGATCCC-1,GARQ,D5,0,40,38,23,0.012778163,CD4 naive I
GCTGCGACAAACCTAC-1,GARQ,D5,0,40,38,13,0.24038172,Naive B
GCTGCGACATCACCCT-1,GARQ,D5,0,40,38,35,0.024087787,CD4 naive I
GCTGCGAGTCAAAGAT-1,GARQ,D5,0,40,38,8,0.21660757,CD56dim CD16bright NK
GCTGCGAGTTGATTGC-1,GARQ,D5,0,40,38,29,0.029810667,CD4 memory
GCTGCTTAGAGCAATT-1,GARQ,D5,0,40,38,13,0.31958997,Naive B
GCTGCTTAGCAGCCTC-1,GARQ,D5,0,40,38,18,0.03067267,gdT cells
GCTGCTTGTGGTACAG-1,GARQ,D5,0,40,38,8,0.040317535,CD56dim CD16bright NK
GCTGCTTTCTGGCGAC-1,GARQ,D5,0,40,38,1,0.016508222,CD56dim CD16bright NK
GCTGCTTTCTTGTTTG-1,GARQ,D5,0,40,38,8,0.087252855,CD56dim CD16bright NK
GCTGGGTAGGGCATGT-1,GARQ,D5,0,40,38,8,0.1254226,CD56dim CD16bright NK
GCTGGGTCAGATTGCT-1,GARQ,D5,0,40,38,23,0.056472838,CD4 memory
GCTGGGTGTCTTGCGG-1,GARQ,D5,0,40,38,8,0.04202509,CD56dim CD16bright NK
GCTGGGTGTTTCCACC-1,GARQ,D5,0,40,38,29,0.04176396,CD4 memory
GCTGGGTTCGCCAGCA-1,GARQ,D5,0,40,38,8,0.1812923,CD56dim CD16bright NK
GCTTCCACACGGCCAT-1,GARQ,D5,0,40,38,8,0.106481194,CD56dim CD16bright NK
GCTTGAACAGATAATG-1,GARQ,D5,0,40,38,25,0.11937249,CD4 memory
GCTTGAAGTATTCTCT-1,GARQ,D5,0,40,38,32,0.02948457,CD4 memory
GCTTGAAGTTCTGAAC-1,GARQ,D5,0,40,38,23,0.06709516,MAIT-NKT cells
GCTTGAATCCCACTTG-1,GARQ,D5,0,40,38,35,0.083714485,CD8 memory
GCTTGAATCTCGCTTG-1,GARQ,D5,0,40,38,13,0.13394284,Naive B
GGAAAGCAGCGATTCT-1,GARQ,D5,0,40,38,8,0.108285785,CD56dim CD16bright NK
GGAAAGCGTAAGTAGT-1,GARQ,D5,0,40,38,25,0.001853764,CD4 memory
GGAAAGCTCATGTGGT-1,GARQ,D5,0,40,38,23,0.015690446,CD4 naive I
GGAACTTAGCCACTAT-1,GARQ,D5,0,40,38,0,0.006364107,gdT cells
GGAACTTGTGCTAGCC-1,GARQ,D5,0,40,38,38,0.24550569,Neutrophils
GGAACTTGTGGAAAGA-1,GARQ,D5,0,40,38,35,0.017557502,CD4 naive I
GGAACTTTCACAACGT-1,GARQ,D5,0,40,38,38,0.20205581,Classical monocytes
GGAACTTTCTGTACGA-1,GARQ,D5,0,40,38,23,0.030840516,CD8 naive
GGAATAACACAACGTT-1,GARQ,D5,0,40,38,14,0.2699443,gdT cells
GGAATAACATGGGAAC-1,GARQ,D5,0,40,38,24,0.07582772,MAIT-NKT cells
GGACAAGCACGGCGTT-1,GARQ,D5,0,40,38,8,0.032098293,CD56dim CD16bright NK
GGACAAGGTACCGTTA-1,GARQ,D5,0,40,38,0,0.023272753,gdT cells
GGACAAGGTAGTACCT-1,GARQ,D5,0,40,38,13,0.03959155,T-NK-B cell doublets
GGACAAGGTGACGGTA-1,GARQ,D5,0,40,38,30,0.070043564,gdT cells
GGACAGAGTACAAGTA-1,GARQ,D5,0,40,38,38,0.12420809,Non classical monocytes
GGACAGATCGGTCCGA-1,GARQ,D5,0,40,38,38,0.26147866,Non classical monocytes
GGACATTAGCGCCTTG-1,GARQ,D5,0,40,38,38,0.33131963,Non classical monocytes
GGACATTAGGACTGGT-1,GARQ,D5,0,40,38,21,0.009920716,CD8 effector
GGACATTAGTTCGATC-1,GARQ,D5,0,40,38,31,0.12306535,CD56dim CD16bright NK
GGACATTCAAGTTAAG-1,GARQ,D5,0,40,38,8,0.07221854,CD56dim CD16bright NK
GGACATTCAGTTAACC-1,GARQ,D5,0,40,38,38,0.32046568,Non classical monocytes
GGACATTGTATTAGCC-1,GARQ,D5,0,40,38,9,0.069172144,CD56dim CD16bright NK
GGACATTGTCCAAGTT-1,GARQ,D5,0,40,38,0,0.013197184,gdT cells
GGACATTGTTACAGAA-1,GARQ,D5,0,40,38,8,0.16964853,CD56dim CD16bright NK
GGACATTTCCTGCTTG-1,GARQ,D5,0,40,38,18,0.09444654,CD56dim CD16bright NK
GGACGTCAGACCTAGG-1,GARQ,D5,0,40,38,8,0.1466974,CD56dim CD16bright NK
GGACGTCAGTGCAAGC-1,GARQ,D5,0,40,38,13,0.19181466,Naive B
GGACGTCCATGCCTAA-1,GARQ,D5,0,40,38,32,0.03424704,CD4 memory
GGACGTCTCTGATACG-1,GARQ,D5,0,40,38,23,0.039563894,CD4 naive I
GGAGCAAAGATCTGCT-1,GARQ,D5,0,40,38,24,0.26109886,MAIT-NKT cells
GGAGCAAAGTCCGTAT-1,GARQ,D5,0,40,38,38,0.3253349,Classical monocytes
GGAGCAACACAGTCGC-1,GARQ,D5,0,40,38,0,0.06942773,gdT cells
GGAGCAAGTAATCGTC-1,GARQ,D5,0,40,38,29,0.026196718,CD4 and CD8 activated memory
GGAGCAAGTAGCTAAA-1,GARQ,D5,0,40,38,38,0.28661716,Non classical monocytes
GGAGCAATCAGTTCGA-1,GARQ,D5,0,40,38,21,0.04659164,NK-T doublets
GGAGCAATCCCACTTG-1,GARQ,D5,0,40,38,23,0.16553438,CD4 naive I
GGATGTTAGCGATAGC-1,GARQ,D5,0,40,38,24,0.04418373,MAIT-NKT cells
GGATGTTTCTGGTTCC-1,GARQ,D5,0,40,38,31,0.013863802,CD56bright CD16dim NK
GGATTACTCACCAGGC-1,GARQ,D5,0,40,38,21,0.09600276,CD8 memory
GGATTACTCTACGAGT-1,GARQ,D5,0,40,38,8,0.1525091,CD56dim CD16bright NK
GGCAATTAGAGGTAGA-1,GARQ,D5,0,40,38,13,0.20078957,Naive B
GGCAATTAGTTCGCAT-1,GARQ,D5,0,40,38,35,0.035308838,CD4 naive I
GGCAATTGTATTCGTG-1,GARQ,D5,0,40,38,8,0.19784617,CD56dim CD16bright NK
GGCAATTGTCATCGGC-1,GARQ,D5,0,40,38,13,0.36120963,Memory B
GGCAATTTCAAACCAC-1,GARQ,D5,0,40,38,29,0.0026750565,CD4 memory
GGCAATTTCCTAAGTG-1,GARQ,D5,0,40,38,8,0.19883716,CD56dim CD16bright NK
GGCCGATAGGTGCACA-1,GARQ,D5,0,40,38,18,0.10638589,CD56bright CD16dim NK
GGCCGATCAAGGCTCC-1,GARQ,D5,0,40,38,7,0.011771202,CD56dim CD16bright NK
GGCCGATTCAGCTGGC-1,GARQ,D5,0,40,38,23,0.0015254021,CD8 naive
GGCGACTAGACCTTTG-1,GARQ,D5,0,40,38,22,0.051150322,CD8 memory
GGCGACTAGCACAGGT-1,GARQ,D5,0,40,38,21,0.013586521,CD8 effector
GGCGACTAGTGCTGCC-1,GARQ,D5,0,40,38,8,0.10455942,CD56dim CD16bright NK
GGCGACTGTTCAACCA-1,GARQ,D5,0,40,38,38,0.18795568,Classical monocytes
GGCGACTTCTCACATT-1,GARQ,D5,0,40,38,29,0.0026199818,CD8 naive
GGCGTGTAGGCGACAT-1,GARQ,D5,0,40,38,8,0.036009967,Proliferating T and NK cell
GGCGTGTCAAAGGCGT-1,GARQ,D5,0,40,38,4,0.00028979778,MAIT-NKT cells
GGCGTGTGTCCATCCT-1,GARQ,D5,0,40,38,13,0.035750747,Memory B
GGCTCGAAGATATACG-1,GARQ,D5,0,40,38,38,0.29732615,Non classical monocytes
GGCTCGAAGGCGACAT-1,GARQ,D5,0,40,38,21,0.075573206,CD8 effector
GGCTCGATCCTCTAGC-1,GARQ,D5,0,40,38,19,0.13084364,Naive B
GGCTGGTAGATCGATA-1,GARQ,D5,0,40,38,25,0.0035978556,CD4 memory
GGCTGGTAGGTGTGGT-1,GARQ,D5,0,40,38,21,0.023356676,CD56dim CD16bright NK
GGCTGGTCACACGCTG-1,GARQ,D5,0,40,38,33,0.13497555,MAIT-NKT cells
GGCTGGTGTACCTACA-1,GARQ,D5,0,40,38,5,0.25448304,Erythroid 
GGGAATGAGCGTGTCC-1,GARQ,D5,0,40,38,13,0.14456594,Memory B
GGGAATGAGCGTTGCC-1,GARQ,D5,0,40,38,38,0.28951508,Non classical monocytes
GGGAATGAGTTAGGTA-1,GARQ,D5,0,40,38,13,0.19067311,Naive B
GGGAATGGTAGCGTAG-1,GARQ,D5,0,40,38,33,0.01606083,CD8 memory
GGGAATGGTCGGGTCT-1,GARQ,D5,0,40,38,23,0.019085884,CD8 memory
GGGAATGTCACGGTTA-1,GARQ,D5,0,40,38,38,0.14797205,Non classical monocytes
GGGAATGTCCTGCAGG-1,GARQ,D5,0,40,38,38,0.24730241,Neutrophils
GGGACCTCAGTGGGAT-1,GARQ,D5,0,40,38,23,0.092445254,CD4 naive I
GGGACCTGTCATCGGC-1,GARQ,D5,0,40,38,6,0.15058035,Platelets
GGGACCTGTGCACGAA-1,GARQ,D5,0,40,38,36,0.04493463,CD4 naive I
GGGACCTGTTGCGCAC-1,GARQ,D5,0,40,38,38,0.12686402,conventional DC
GGGAGATAGCAGACTG-1,GARQ,D5,0,40,38,8,0.025473356,CD56dim CD16bright NK
GGGAGATAGCGAGAAA-1,GARQ,D5,0,40,38,8,0.006134391,CD56dim CD16bright NK
GGGAGATCAAACCCAT-1,GARQ,D5,0,40,38,23,0.17594814,CD4 naive I
GGGAGATCACCGATAT-1,GARQ,D5,0,40,38,8,0.097404,CD56bright CD16dim NK
GGGAGATCATAACCTG-1,GARQ,D5,0,40,38,8,0.17663634,CD56dim CD16bright NK
GGGATGAAGCTGTTCA-1,GARQ,D5,0,40,38,8,0.0969193,CD56dim CD16bright NK
GGGATGACAAAGCAAT-1,GARQ,D5,0,40,38,38,0.30407387,Non classical monocytes
GGGATGACAGACGCAA-1,GARQ,D5,0,40,38,8,0.067012906,CD56dim CD16bright NK
GGGATGAGTCTCTTAT-1,GARQ,D5,0,40,38,1,0.0115305185,CD56dim CD16bright NK
GGGATGATCATAACCG-1,GARQ,D5,0,40,38,13,0.09050882,Naive B
GGGATGATCCGCATAA-1,GARQ,D5,0,40,38,14,0.46108413,CD8 effector
GGGCACTAGACTAAGT-1,GARQ,D5,0,40,38,32,0.011926293,CD4 naive I
GGGCACTAGTGGTAAT-1,GARQ,D5,0,40,38,8,0.23782778,NK-T doublets
GGGCACTGTCAATGTC-1,GARQ,D5,0,40,38,25,0.18393433,CD4 memory
GGGCACTGTCTTGTCC-1,GARQ,D5,0,40,38,0,0.17771184,gdT cells
GGGCACTGTTCGGGCT-1,GARQ,D5,0,40,38,13,0.0402205,T-NK-B cell doublets
GGGCACTTCCTTCAAT-1,GARQ,D5,0,40,38,13,0.15491879,Memory B
GGGCATCTCGCAGGCT-1,GARQ,D5,0,40,38,4,0.018550038,MAIT-NKT cells
GGGCATCTCGTCGTTC-1,GARQ,D5,0,40,38,32,0.012508631,CD4 memory
GGGCATCTCTGAGTGT-1,GARQ,D5,0,40,38,1,0.014750004,CD8 effector
GGGTCTGAGATATACG-1,GARQ,D5,0,40,38,13,0.21981192,Naive B
GGGTCTGAGGCAATTA-1,GARQ,D5,0,40,38,38,0.29173738,Non classical monocytes
GGGTCTGCAGCGTTCG-1,GARQ,D5,0,40,38,12,0.04330635,CD56dim CD16bright NK
GGGTCTGCATATACCG-1,GARQ,D5,0,40,38,38,0.19608921,Non classical monocytes
GGGTCTGGTAAGTTCC-1,GARQ,D5,0,40,38,14,0.092987776,CD8 memory
GGGTCTGTCGCATGGC-1,GARQ,D5,0,40,38,21,0.09756887,CD8 effector
GGGTTGCAGGATATAC-1,GARQ,D5,0,40,38,38,0.3073064,Classical monocytes
GGGTTGCCACATTCGA-1,GARQ,D5,0,40,38,5,0.22094512,Erythroid 
GGGTTGCGTAGCACGA-1,GARQ,D5,0,40,38,25,0.0901736,CD4 memory
GGGTTGCTCCAAAGTC-1,GARQ,D5,0,40,38,25,0.14063835,CD8 naive
GGTATTGAGGAGCGTT-1,GARQ,D5,0,40,38,8,0.13358271,CD56dim CD16bright NK
GGTATTGCAGGTGGAT-1,GARQ,D5,0,40,38,38,0.17965537,Non classical monocytes
GGTATTGGTATCGCAT-1,GARQ,D5,0,40,38,38,0.17613375,Platelet-bound monocytes
GGTATTGGTTCCTCCA-1,GARQ,D5,0,40,38,23,0.05058956,CD4 naive I
GGTATTGGTTGGTGGA-1,GARQ,D5,0,40,38,23,0.12763345,CD4 naive I
GGTATTGTCTAACTCT-1,GARQ,D5,0,40,38,38,0.2746203,Non classical monocytes
GGTGAAGAGTGGAGAA-1,GARQ,D5,0,40,38,38,0.1438452,Classical monocytes
GGTGAAGCATGCAATC-1,GARQ,D5,0,40,38,6,0.22475785,Platelets
GGTGAAGTCACGATGT-1,GARQ,D5,0,40,38,8,0.26523352,CD56dim CD16bright NK
GGTGAAGTCGCCAAAT-1,GARQ,D5,0,40,38,21,0.0075645447,CD56dim CD16bright NK
GGTGCGTAGGGCTTCC-1,GARQ,D5,0,40,38,8,0.024195433,CD56dim CD16bright NK
GGTGCGTCACTTAAGC-1,GARQ,D5,0,40,38,23,0.024405718,CD8 naive
GGTGCGTGTCGGCATC-1,GARQ,D5,0,40,38,23,0.050150156,CD8 memory
GGTGCGTGTGAAAGAG-1,GARQ,D5,0,40,38,8,0.17394698,CD56dim CD16bright NK
GGTGCGTGTTATGTGC-1,GARQ,D5,0,40,38,8,0.29213572,CD56dim CD16bright NK
GGTGTTAAGTGTTGAA-1,GARQ,D5,0,40,38,33,0.06757152,MAIT-NKT cells
GGTGTTACACAGGAGT-1,GARQ,D5,0,40,38,37,0.15250963,plasmacytoid DC
GGTGTTAGTTTGTGTG-1,GARQ,D5,0,40,38,23,0.1630559,CD4 naive I
GGTGTTATCATCGATG-1,GARQ,D5,0,40,38,23,0.04413557,CD4 naive II
GGTGTTATCCGAATGT-1,GARQ,D5,0,40,38,1,0.06437349,CD8 effector
GTAACGTGTCGATTGT-1,GARQ,D5,0,40,38,38,0.20780301,Classical monocytes
GTAACGTTCTTGGGTA-1,GARQ,D5,0,40,38,24,0.00805068,MAIT-NKT cells
GTAACTGAGTCGTACT-1,GARQ,D5,0,40,38,0,0.054844975,gdT cells
GTAACTGCAATAAGCA-1,GARQ,D5,0,40,38,21,0.07025957,CD8 memory
GTAACTGCACGTTGGC-1,GARQ,D5,0,40,38,8,0.103744626,CD56dim CD16bright NK
GTAACTGCAGACTCGC-1,GARQ,D5,0,40,38,23,0.013177037,CD8 naive
GTAACTGGTCGATTGT-1,GARQ,D5,0,40,38,30,0.00073206425,CD8 effector
GTACGTAAGGCTACGA-1,GARQ,D5,0,40,38,23,0.08863664,CD4 naive I
GTACGTACACCACGTG-1,GARQ,D5,0,40,38,13,0.032724977,Naive B
GTACGTAGTCGGCATC-1,GARQ,D5,0,40,38,29,0.009335041,CD4 memory
GTACGTATCTGTCTAT-1,GARQ,D5,0,40,38,38,0.18888265,Classical monocytes
GTACTCCAGTGCTGCC-1,GARQ,D5,0,40,38,32,0.070985794,CD4 memory
GTACTCCAGTGGTAGC-1,GARQ,D5,0,40,38,8,0.21673822,CD56dim CD16bright NK
GTACTCCCAGCTGTGC-1,GARQ,D5,0,40,38,35,0.03591299,CD8 naive
GTACTCCCATTCACTT-1,GARQ,D5,0,40,38,38,0.22308779,conventional DC
GTACTCCGTTGGTGGA-1,GARQ,D5,0,40,38,23,0.04000652,CD8 naive
GTACTCCTCATAACCG-1,GARQ,D5,0,40,38,12,0.09803152,CD56dim CD16bright NK
GTACTCCTCTTGCCGT-1,GARQ,D5,0,40,38,14,0.40587497,CD8 effector
GTACTTTCACAAGACG-1,GARQ,D5,0,40,38,5,0.23372638,CD4 memory
GTACTTTCACAGGTTT-1,GARQ,D5,0,40,38,23,0.026635766,CD4 naive II
GTACTTTTCTGACCTC-1,GARQ,D5,0,40,38,21,0.036064744,gdT cells
GTAGGCCAGAATCTCC-1,GARQ,D5,0,40,38,38,0.26677328,Non classical monocytes
GTAGGCCCACAACGCC-1,GARQ,D5,0,40,38,8,0.06452048,CD56dim CD16bright NK
GTAGGCCCAGGCTCAC-1,GARQ,D5,0,40,38,0,0.07097411,gdT cells
GTAGGCCGTCCTCCAT-1,GARQ,D5,0,40,38,38,0.16147244,Classical monocytes
GTAGGCCGTGCCTGTG-1,GARQ,D5,0,40,38,21,0.026929855,CD56bright CD16dim NK
GTAGGCCGTTGTCGCG-1,GARQ,D5,0,40,38,38,0.27057475,Platelet-bound monocytes
GTAGTCAAGAAGAAGC-1,GARQ,D5,0,40,38,38,0.1723674,Non classical monocytes
GTAGTCACAAACGCGA-1,GARQ,D5,0,40,38,8,0.11327469,CD56dim CD16bright NK
GTAGTCAGTAAGTGTA-1,GARQ,D5,0,40,38,38,0.29031563,Platelet-bound monocytes
GTAGTCAGTCCGTTAA-1,GARQ,D5,0,40,38,8,0.24115527,CD56dim CD16bright NK
GTAGTCAGTGGGTATG-1,GARQ,D5,0,40,38,32,0.01587534,CD4 memory
GTAGTCATCGGCTTGG-1,GARQ,D5,0,40,38,23,0.009269834,CD4 naive I
GTATCTTAGACGCTTT-1,GARQ,D5,0,40,38,9,0.008856595,CD56dim CD16bright NK
GTATCTTAGGGCATGT-1,GARQ,D5,0,40,38,23,0.10254812,CD4 naive I
GTATCTTGTCGAGATG-1,GARQ,D5,0,40,38,30,0.0007777214,CD8 effector
GTATTCTGTGCCTTGG-1,GARQ,D5,0,40,38,23,0.060589075,CD4 naive I
GTCAAGTAGTTACGGG-1,GARQ,D5,0,40,38,38,0.47206116,Classical monocytes
GTCAAGTCACCAGGTC-1,GARQ,D5,0,40,38,38,0.36982226,Classical monocytes
GTCAAGTCATTGAGCT-1,GARQ,D5,0,40,38,29,0.13113916,CD4 naive I
GTCACAAAGCATGGCA-1,GARQ,D5,0,40,38,17,0.009227037,CD56bright CD16dim NK
GTCACAACATTGGGCC-1,GARQ,D5,0,40,38,13,0.17982781,Naive B
GTCACAAGTACCGTTA-1,GARQ,D5,0,40,38,33,0.022748709,MAIT-NKT cells
GTCACAAGTGACCAAG-1,GARQ,D5,0,40,38,8,0.14874458,CD56dim CD16bright NK
GTCACGGCAAATACAG-1,GARQ,D5,0,40,38,8,0.00293684,CD56dim CD16bright NK
GTCACGGCAAGAAAGG-1,GARQ,D5,0,40,38,23,0.02223277,CD4 naive I
GTCACGGCAATCCAAC-1,GARQ,D5,0,40,38,21,0.1849953,CD8 effector
GTCACGGCATTCCTCG-1,GARQ,D5,0,40,38,35,0.0093438625,CD4 naive I
GTCACGGGTACAGTTC-1,GARQ,D5,0,40,38,33,0.074766695,MAIT-NKT cells
GTCACGGGTCTGCAAT-1,GARQ,D5,0,40,38,0,0.068139076,MAIT-NKT cells
GTCACGGGTGAGGCTA-1,GARQ,D5,0,40,38,8,0.17331171,CD56dim CD16bright NK
GTCACGGTCCGCGTTT-1,GARQ,D5,0,40,38,38,0.20384264,Classical monocytes
GTCATTTAGCAGGTCA-1,GARQ,D5,0,40,38,17,0.020285368,CD56dim CD16bright NK
GTCATTTCAAGTCTGT-1,GARQ,D5,0,40,38,38,0.19419628,Neutrophils
GTCATTTGTCAGAGGT-1,GARQ,D5,0,40,38,38,0.005544722,Non classical monocytes
GTCCTCAAGATGTCGG-1,GARQ,D5,0,40,38,14,0.15888989,MAIT-NKT cells
GTCCTCAAGTTAGCGG-1,GARQ,D5,0,40,38,23,0.03385961,CD4 naive I
GTCCTCAGTCATGCCG-1,GARQ,D5,0,40,38,38,0.18290514,Classical monocytes
GTCCTCATCAAGGTAA-1,GARQ,D5,0,40,38,28,0.07871902,CD8 memory
GTCGGGTCAACTGCGC-1,GARQ,D5,0,40,38,13,0.29844332,Naive B
GTCGGGTGTTTCGCTC-1,GARQ,D5,0,40,38,38,0.109039545,Classical monocytes
GTCGTAAAGCGACGTA-1,GARQ,D5,0,40,38,8,0.0028879642,CD56bright CD16dim NK
GTCGTAAAGGTGCAAC-1,GARQ,D5,0,40,38,35,0.057527065,CD4 naive I
GTCGTAACACAGGAGT-1,GARQ,D5,0,40,38,8,0.076992035,CD56dim CD16bright NK
GTCGTAAGTCGCTTCT-1,GARQ,D5,0,40,38,13,0.016448021,T-NK-B cell doublets
GTCGTAATCGTTGACA-1,GARQ,D5,0,40,38,38,0.37007487,Classical monocytes
GTCTCGTAGTTAACGA-1,GARQ,D5,0,40,38,32,0.010879993,CD4 naive II
GTCTCGTCAGCTGGCT-1,GARQ,D5,0,40,38,23,0.0760963,CD8 naive
GTCTTCGAGGCGTACA-1,GARQ,D5,0,40,38,8,0.11511278,CD56dim CD16bright NK
GTCTTCGCACGAAGCA-1,GARQ,D5,0,40,38,38,0.33435613,Non classical monocytes
GTCTTCGTCGAATCCA-1,GARQ,D5,0,40,38,19,0.005590081,T-NK-B cell doublets
GTCTTCGTCGAATGCT-1,GARQ,D5,0,40,38,38,0.3993476,Classical monocytes
GTGAAGGCACAAGACG-1,GARQ,D5,0,40,38,38,0.10766488,Non classical monocytes
GTGAAGGGTTGCCTCT-1,GARQ,D5,0,40,38,0,0.20223558,gdT cells
GTGCAGCAGCAGGTCA-1,GARQ,D5,0,40,38,25,0.061992407,CD4 naive I
GTGCAGCAGTGCCATT-1,GARQ,D5,0,40,38,8,0.044280767,CD56dim CD16bright NK
GTGCAGCCACTGCCAG-1,GARQ,D5,0,40,38,38,0.10391033,Classical monocytes
GTGCAGCGTCTCTTTA-1,GARQ,D5,0,40,38,25,0.08583295,CD4 memory
GTGCAGCGTTCTGAAC-1,GARQ,D5,0,40,38,38,0.1206224,Classical monocytes
GTGCAGCGTTTGTTGG-1,GARQ,D5,0,40,38,23,0.04395485,CD4 naive I
GTGCATAAGGGTCTCC-1,GARQ,D5,0,40,38,8,0.07845378,CD56dim CD16bright NK
GTGCATAGTGTATGGG-1,GARQ,D5,0,40,38,25,0.049301386,Regulatory T cells
GTGCATATCAAAGACA-1,GARQ,D5,0,40,38,13,0.1724751,Naive B
GTGCATATCAGTCAGT-1,GARQ,D5,0,40,38,25,0.04673302,CD8 naive
GTGCATATCATCGCTC-1,GARQ,D5,0,40,38,13,0.20629722,Non classical monocytes
GTGCATATCTCACATT-1,GARQ,D5,0,40,38,23,0.012499452,CD4 naive II
GTGCGGTCAAGTAGTA-1,GARQ,D5,0,40,38,23,0.05593598,CD8 memory
GTGCGGTCACCGAATT-1,GARQ,D5,0,40,38,21,0.04360962,gdT cells
GTGCGGTCATATACCG-1,GARQ,D5,0,40,38,25,0.0011482239,CD4 memory
GTGCGGTGTACGACCC-1,GARQ,D5,0,40,38,13,0.16451871,Naive B
GTGCGGTTCAGGCAAG-1,GARQ,D5,0,40,38,35,0.08488405,CD4 naive I
GTGCGGTTCGCGTAGC-1,GARQ,D5,0,40,38,38,0.57629013,Non classical monocytes
GTGCGGTTCTACTTAC-1,GARQ,D5,0,40,38,23,0.052350044,CD4 memory
GTGCTTCGTCCGAATT-1,GARQ,D5,0,40,38,8,0.00055861473,CD56dim CD16bright NK
GTGCTTCTCTCCGGTT-1,GARQ,D5,0,40,38,6,0.18565202,Platelets
GTGGGTCAGGTGCTAG-1,GARQ,D5,0,40,38,29,0.03712535,Regulatory T cells
GTGGGTCAGTACGACG-1,GARQ,D5,0,40,38,22,0.12230039,CD8 naive
GTGGGTCCACGCATCG-1,GARQ,D5,0,40,38,37,0.12529159,plasmacytoid DC
GTGGGTCTCTTCGAGA-1,GARQ,D5,0,40,38,38,0.22771186,conventional DC
GTGTGCGGTGACGCCT-1,GARQ,D5,0,40,38,23,0.033001542,CD4 naive I
GTGTGCGTCACATAGC-1,GARQ,D5,0,40,38,14,0.039919734,CD8 effector
GTGTGCGTCCAGTAGT-1,GARQ,D5,0,40,38,14,0.007575631,CD8 effector
GTGTTAGAGTGCGATG-1,GARQ,D5,0,40,38,38,0.42963803,Classical monocytes
GTGTTAGTCCTGCAGG-1,GARQ,D5,0,40,38,8,0.05345738,CD56dim CD16bright NK
GTGTTAGTCTCCCTGA-1,GARQ,D5,0,40,38,13,0.19006896,Memory B
GTGTTAGTCTGCGACG-1,GARQ,D5,0,40,38,38,0.33003235,Classical monocytes
GTTAAGCAGCGATTCT-1,GARQ,D5,0,40,38,38,0.57047284,Non classical monocytes
GTTAAGCCAGACGCCT-1,GARQ,D5,0,40,38,0,0.0996182,gdT cells
GTTAAGCTCATGCATG-1,GARQ,D5,0,40,38,8,0.093251705,CD56dim CD16bright NK
GTTAAGCTCCTCGCAT-1,GARQ,D5,0,40,38,13,0.17771888,Naive B
GTTACAGAGAGCTGCA-1,GARQ,D5,0,40,38,8,0.017885804,CD56dim CD16bright NK
GTTACAGAGAGGGATA-1,GARQ,D5,0,40,38,8,0.12068188,CD56dim CD16bright NK
GTTACAGAGGATGGAA-1,GARQ,D5,0,40,38,8,0.091341734,CD56dim CD16bright NK
GTTACAGCACATCCAA-1,GARQ,D5,0,40,38,38,0.30617082,conventional DC
GTTACAGCATATGAGA-1,GARQ,D5,0,40,38,8,0.078838825,CD56dim CD16bright NK
GTTACAGGTCCTCTTG-1,GARQ,D5,0,40,38,14,0.019809902,gdT cells
GTTACAGGTTCTGAAC-1,GARQ,D5,0,40,38,8,0.105465055,CD56dim CD16bright NK
GTTCATTAGAAAGTGG-1,GARQ,D5,0,40,38,23,0.081653595,CD4 naive II
GTTCATTAGACAGGCT-1,GARQ,D5,0,40,38,8,0.05886507,CD56dim CD16bright NK
GTTCATTAGTATTGGA-1,GARQ,D5,0,40,38,8,0.2812984,CD56dim CD16bright NK
GTTCATTCACAGACAG-1,GARQ,D5,0,40,38,6,0.2987836,Platelets
GTTCATTCACAGAGGT-1,GARQ,D5,0,40,38,21,0.11531341,CD8 effector
GTTCATTCATTAACCG-1,GARQ,D5,0,40,38,8,0.0057902336,CD56dim CD16bright NK
GTTCATTTCACTATTC-1,GARQ,D5,0,40,38,8,0.16980588,MAIT-NKT cells
GTTCGGGAGAGGTAGA-1,GARQ,D5,0,40,38,29,0.015058279,CD4 naive I
GTTCGGGCAAACAACA-1,GARQ,D5,0,40,38,38,0.21038866,Neutrophils
GTTCGGGCAAATTGCC-1,GARQ,D5,0,40,38,14,0.036804497,CD56dim CD16bright NK
GTTCGGGTCATGCAAC-1,GARQ,D5,0,40,38,14,0.08805376,gdT cells
GTTCTCGAGTCCGTAT-1,GARQ,D5,0,40,38,25,0.01596421,CD4 naive I
GTTCTCGAGTGGAGTC-1,GARQ,D5,0,40,38,23,0.11985302,CD4 naive I
GTTCTCGAGTGGGATC-1,GARQ,D5,0,40,38,7,0.1435293,CD56dim CD16bright NK
GTTCTCGCACCAACCG-1,GARQ,D5,0,40,38,38,0.33144653,Classical monocytes
GTTCTCGCATCAGTCA-1,GARQ,D5,0,40,38,38,0.1350087,Classical monocytes
GTTCTCGTCAACGGGA-1,GARQ,D5,0,40,38,38,0.37721467,Non classical monocytes
GTTCTCGTCGAATGGG-1,GARQ,D5,0,40,38,38,0.424865,Classical monocytes
GTTCTCGTCGCTTGTC-1,GARQ,D5,0,40,38,23,0.08529508,CD8 naive
GTTTCTAGTGAGGGTT-1,GARQ,D5,0,40,38,25,0.035437107,CD8 memory
GTTTCTATCACCATAG-1,GARQ,D5,0,40,38,0,0.010974526,gdT cells
GTTTCTATCATTATCC-1,GARQ,D5,0,40,38,38,0.3239962,Classical monocytes
GTTTCTATCTCGATGA-1,GARQ,D5,0,40,38,8,0.19092083,CD56dim CD16bright NK
TAAACCGCACATCCAA-1,GARQ,D5,0,40,38,8,0.027888536,CD56dim CD16bright NK
TAAACCGTCACAACGT-1,GARQ,D5,0,40,38,28,0.14245558,MAIT-NKT cells
TAAACCGTCATAACCG-1,GARQ,D5,0,40,38,24,0.052948475,MAIT-NKT cells
TAAACCGTCGATGAGG-1,GARQ,D5,0,40,38,17,0.014603734,CD56dim CD16bright NK
TAAGAGACATTTGCTT-1,GARQ,D5,0,40,38,21,0.09892255,CD56dim CD16bright NK
TAAGAGAGTCAGAATA-1,GARQ,D5,0,40,38,35,0.0478189,MAIT-NKT cells
TAAGCGTAGAGCCTAG-1,GARQ,D5,0,40,38,25,0.0010143518,CD8 memory
TAAGCGTGTCTTCGTC-1,GARQ,D5,0,40,38,38,0.26280165,Neutrophils
TAAGCGTGTTCCACGG-1,GARQ,D5,0,40,38,19,0.013446927,T-NK-B cell doublets
TAAGCGTTCTCTGTCG-1,GARQ,D5,0,40,38,32,0.037813663,CD4 memory
TAAGCGTTCTGGTGTA-1,GARQ,D5,0,40,38,38,0.2602905,Platelet-bound monocytes
TAAGTGCAGAGTTGGC-1,GARQ,D5,0,40,38,38,0.5890713,Classical monocytes
TAAGTGCTCGACGGAA-1,GARQ,D5,0,40,38,9,0.12861687,CD56dim CD16bright NK
TAAGTGCTCGCTTAGA-1,GARQ,D5,0,40,38,38,0.3030975,Classical monocytes
TACACGAGTTAAGATG-1,GARQ,D5,0,40,38,0,0.0857687,CD8 effector
TACAGTGAGACTTGAA-1,GARQ,D5,0,40,38,25,0.061116815,CD8 naive
TACAGTGCAGGCGATA-1,GARQ,D5,0,40,38,13,0.2696886,Naive B
TACAGTGTCAACGGCC-1,GARQ,D5,0,40,38,38,0.19236952,conventional DC
TACCTATTCAAACCGT-1,GARQ,D5,0,40,38,8,0.08763075,CD56dim CD16bright NK
TACCTATTCTCGTTTA-1,GARQ,D5,0,40,38,38,0.1771239,Non classical monocytes
TACCTTAAGATAGCAT-1,GARQ,D5,0,40,38,25,0.0049239397,CD4 memory
TACCTTAAGCACGCCT-1,GARQ,D5,0,40,38,38,0.3084327,Classical monocytes
TACCTTACAGATCCAT-1,GARQ,D5,0,40,38,34,0.054887116,CD4 naive II
TACCTTAGTATGAATG-1,GARQ,D5,0,40,38,23,0.17653131,CD4 naive II
TACGGATCAGATCCAT-1,GARQ,D5,0,40,38,13,0.012341976,T-NK-B cell doublets
TACGGATTCCTTAATC-1,GARQ,D5,0,40,38,0,0.048995733,gdT cells
TACGGGCAGAGCTGCA-1,GARQ,D5,0,40,38,14,0.090625286,gdT cells
TACGGGCAGCTAAACA-1,GARQ,D5,0,40,38,38,0.36411834,Classical monocytes
TACGGGCCAATGGATA-1,GARQ,D5,0,40,38,35,0.028062224,CD8 memory
TACGGGCCACTATCTT-1,GARQ,D5,0,40,38,13,0.20052171,Naive B
TACGGGCGTTCGTCTC-1,GARQ,D5,0,40,38,35,0.000644207,CD4 naive I
TACGGGCTCAGCGATT-1,GARQ,D5,0,40,38,38,0.40455437,Non classical monocytes
TACGGGCTCGTCCAGG-1,GARQ,D5,0,40,38,32,0.0050592422,CD4 naive I
TACGGTAAGGGTCTCC-1,GARQ,D5,0,40,38,23,0.0026386976,CD8 memory
TACGGTACACCAGGTC-1,GARQ,D5,0,40,38,38,0.22175992,T-NK-B cell doublets
TACGGTATCGCAAACT-1,GARQ,D5,0,40,38,33,0.024397373,MAIT-NKT cells
TACGGTATCGTCTGAA-1,GARQ,D5,0,40,38,32,0.08826959,CD4 memory
TACTCATAGAGAACAG-1,GARQ,D5,0,40,38,0,0.08670938,gdT cells
TACTCATAGGAGCGAG-1,GARQ,D5,0,40,38,23,0.089546084,CD4 naive I
TACTCATGTTACAGAA-1,GARQ,D5,0,40,38,32,0.02396524,CD4 memory
TACTCGCAGCTAGCCC-1,GARQ,D5,0,40,38,4,0.07986021,MAIT-NKT cells
TACTCGCAGTGCCATT-1,GARQ,D5,0,40,38,13,0.21486902,Naive B
TACTCGCCAAATCCGT-1,GARQ,D5,0,40,38,12,0.025416374,NK-T doublets
TACTCGCCAATCCAAC-1,GARQ,D5,0,40,38,13,0.10290599,T-NK-B cell doublets
TACTCGCCACAAGACG-1,GARQ,D5,0,40,38,23,0.115650535,CD8 memory
TACTCGCCAGCAGTTT-1,GARQ,D5,0,40,38,8,0.08005333,CD56dim CD16bright NK
TACTCGCGTCAATACC-1,GARQ,D5,0,40,38,8,0.026020527,CD56dim CD16bright NK
TACTCGCTCTTATCTG-1,GARQ,D5,0,40,38,8,0.01469779,CD56dim CD16bright NK
TACTTACAGATCTGAA-1,GARQ,D5,0,40,38,9,0.006774664,CD8 effector
TACTTACAGTCAAGGC-1,GARQ,D5,0,40,38,21,0.08808577,CD8 effector
TACTTACCAAGAGTCG-1,GARQ,D5,0,40,38,14,0.06583023,gdT cells
TACTTACCAGCCTTTC-1,GARQ,D5,0,40,38,38,0.2678994,Classical monocytes
TACTTACGTGGGTATG-1,GARQ,D5,0,40,38,38,0.37503695,Classical monocytes
TACTTACTCGTTGCCT-1,GARQ,D5,0,40,38,8,0.09245908,CD56dim CD16bright NK
TACTTACTCTGGCGTG-1,GARQ,D5,0,40,38,25,0.043047667,Regulatory T cells
TACTTACTCTGTTTGT-1,GARQ,D5,0,40,38,37,0.24244457,plasmacytoid DC
TACTTGTAGACTCGGA-1,GARQ,D5,0,40,38,30,0.05404234,CD8 effector
TACTTGTAGAGCCTAG-1,GARQ,D5,0,40,38,8,0.059423327,CD56dim CD16bright NK
TACTTGTAGCCAACAG-1,GARQ,D5,0,40,38,38,0.15585482,conventional DC
TACTTGTAGCTGTTCA-1,GARQ,D5,0,40,38,38,0.28447175,Classical monocytes
TACTTGTTCTGGCGAC-1,GARQ,D5,0,40,38,0,0.0939126,CD8 effector
TACTTGTTCTTCATGT-1,GARQ,D5,0,40,38,13,0.15249693,T-NK-B cell doublets
TACTTGTTCTTCGAGA-1,GARQ,D5,0,40,38,21,0.032744646,CD8 effector
TAGACCAAGCGATCCC-1,GARQ,D5,0,40,38,35,0.050243974,CD4 and CD8 activated memory
TAGACCAGTGCGAAAC-1,GARQ,D5,0,40,38,8,0.18721902,Proliferating T and NK cell
TAGACCATCCGGCACA-1,GARQ,D5,0,40,38,25,0.06158912,CD4 memory
TAGACCATCTACCTGC-1,GARQ,D5,0,40,38,13,0.25448978,Naive B
TAGAGCTCAAATACAG-1,GARQ,D5,0,40,38,8,0.027494073,CD8 memory
TAGAGCTGTAGCGTAG-1,GARQ,D5,0,40,38,25,0.04731202,CD4 memory
TAGAGCTGTGTGAATA-1,GARQ,D5,0,40,38,38,0.39761108,Non classical monocytes
TAGAGCTGTTCCCGAG-1,GARQ,D5,0,40,38,25,0.011261463,CD4 memory
TAGAGCTTCATTGCCC-1,GARQ,D5,0,40,38,8,0.115774155,CD56dim CD16bright NK
TAGAGCTTCCAAGCCG-1,GARQ,D5,0,40,38,13,0.30532074,Naive B
TAGAGCTTCCCGACTT-1,GARQ,D5,0,40,38,4,0.11311412,MAIT-NKT cells
TAGAGCTTCTCTGTCG-1,GARQ,D5,0,40,38,0,0.08511317,gdT cells
TAGAGCTTCTTGAGAC-1,GARQ,D5,0,40,38,13,0.14719987,Naive B
TAGCCGGAGCCGTCGT-1,GARQ,D5,0,40,38,8,0.12964809,CD56dim CD16bright NK
TAGCCGGCATCACCCT-1,GARQ,D5,0,40,38,8,0.058184147,CD56dim CD16bright NK
TAGCCGGGTCAGAAGC-1,GARQ,D5,0,40,38,38,0.1267404,Classical monocytes
TAGCCGGTCCGTAGTA-1,GARQ,D5,0,40,38,13,0.108492136,Naive B
TAGGCATAGCGTCTAT-1,GARQ,D5,0,40,38,7,0.38353872,CD56dim CD16bright NK
TAGGCATAGGATTCGG-1,GARQ,D5,0,40,38,7,0.017704368,CD56dim CD16bright NK
TAGGCATCACTCAGGC-1,GARQ,D5,0,40,38,32,0.00061523914,CD8 memory
TAGGCATCAGGCAGTA-1,GARQ,D5,0,40,38,13,0.10511589,Naive B
TAGGCATCAGTGGAGT-1,GARQ,D5,0,40,38,38,0.20210022,Platelet-bound monocytes
TAGGCATGTTGGAGGT-1,GARQ,D5,0,40,38,14,0.058369517,gdT cells
TAGTGGTGTACCATCA-1,GARQ,D5,0,40,38,8,0.09867656,CD56dim CD16bright NK
TAGTGGTGTACTTGAC-1,GARQ,D5,0,40,38,8,0.1582222,CD56dim CD16bright NK
TAGTGGTTCTCCCTGA-1,GARQ,D5,0,40,38,8,0.048855305,CD56dim CD16bright NK
TATCAGGAGCTGTTCA-1,GARQ,D5,0,40,38,13,0.1947285,Memory B
TATCAGGAGGCCCTCA-1,GARQ,D5,0,40,38,38,0.23464477,Classical monocytes
TATCAGGAGGGATGGG-1,GARQ,D5,0,40,38,38,0.21911705,conventional DC
TATCAGGAGTGGTAAT-1,GARQ,D5,0,40,38,14,0.041063905,gdT cells
TATCAGGCATGGGAAC-1,GARQ,D5,0,40,38,8,0.02685678,CD56dim CD16bright NK
TATCAGGGTAAAGTCA-1,GARQ,D5,0,40,38,13,0.14118671,Naive B
TATCAGGGTTTGTGTG-1,GARQ,D5,0,40,38,13,0.24374807,T-NK-B cell doublets
TATCAGGTCACATAGC-1,GARQ,D5,0,40,38,13,0.1350193,T-NK-B cell doublets
TATCAGGTCAGAGCTT-1,GARQ,D5,0,40,38,0,0.029039621,gdT cells
TATCTCAAGGATGGAA-1,GARQ,D5,0,40,38,23,0.011451602,CD4 naive I
TATCTCAAGGCAAAGA-1,GARQ,D5,0,40,38,23,0.08182907,CD8 naive
TATCTCACAACACCCG-1,GARQ,D5,0,40,38,23,0.057746172,CD8 naive
TATCTCAGTTCGTCTC-1,GARQ,D5,0,40,38,23,0.017778158,CD4 memory
TATCTCATCGTGTAGT-1,GARQ,D5,0,40,38,38,0.22475356,Classical monocytes
TATCTCATCTCGCATC-1,GARQ,D5,0,40,38,25,0.03940469,CD4 naive I
TATGCCCAGCCAGGAT-1,GARQ,D5,0,40,38,38,0.23882079,Platelet-bound monocytes
TATGCCCCAAATCCGT-1,GARQ,D5,0,40,38,36,0.027669787,CD4 naive I
TATGCCCGTAGGACAC-1,GARQ,D5,0,40,38,32,0.012467861,CD4 memory
TATGCCCTCACTCTTA-1,GARQ,D5,0,40,38,38,0.32991928,Classical monocytes
TATTACCAGATCGGGT-1,GARQ,D5,0,40,38,25,0.056133986,CD4 memory
TATTACCGTAATCACC-1,GARQ,D5,0,40,38,24,0.104634404,MAIT-NKT cells
TATTACCGTGACTCAT-1,GARQ,D5,0,40,38,29,0.011328459,CD8 naive
TCAACGACATCAGTCA-1,GARQ,D5,0,40,38,14,0.0006456375,MAIT-NKT cells
TCAACGACATGGTCTA-1,GARQ,D5,0,40,38,8,0.07396662,CD56dim CD16bright NK
TCAACGATCTTGTACT-1,GARQ,D5,0,40,38,25,0.1168766,CD4 memory
TCAATCTAGAAAGTGG-1,GARQ,D5,0,40,38,13,0.17229617,Naive B
TCAATCTAGCAAATCA-1,GARQ,D5,0,40,38,24,0.08413553,MAIT-NKT cells
TCAATCTAGTCGATAA-1,GARQ,D5,0,40,38,28,0.058975816,CD4 naive II
TCAATCTCATACTACG-1,GARQ,D5,0,40,38,25,0.05020511,Regulatory T cells
TCACAAGAGAAGGACA-1,GARQ,D5,0,40,38,12,0.017976522,CD56dim CD16bright NK
TCACAAGAGTGCCATT-1,GARQ,D5,0,40,38,29,0.03881526,CD4 naive I
TCACAAGCAGCTTAAC-1,GARQ,D5,0,40,38,8,0.08562744,CD56dim CD16bright NK
TCACAAGGTTTCCACC-1,GARQ,D5,0,40,38,8,0.00783968,CD8 effector
TCACGAAAGTGAACAT-1,GARQ,D5,0,40,38,4,0.016100883,CD8 memory
TCACGAACACTTCTGC-1,GARQ,D5,0,40,38,25,0.020483136,CD8 naive
TCACGAACAGGCTGAA-1,GARQ,D5,0,40,38,8,0.14413941,CD56dim CD16bright NK
TCAGATGGTGTTGAGG-1,GARQ,D5,0,40,38,29,0.0792079,CD4 naive I
TCAGCAAGTAGCGCTC-1,GARQ,D5,0,40,38,8,0.051520467,CD56dim CD16bright NK
TCAGCAATCGATGAGG-1,GARQ,D5,0,40,38,29,0.008174181,CD4 naive I
TCAGCTCAGGCAGGTT-1,GARQ,D5,0,40,38,32,0.030934095,CD4 naive I
TCAGGATGTGTGCCTG-1,GARQ,D5,0,40,38,24,0.17116797,MAIT-NKT cells
TCAGGATGTGTTCTTT-1,GARQ,D5,0,40,38,32,0.01709032,CD4 memory
TCAGGTACATGGTCTA-1,GARQ,D5,0,40,38,35,0.048552513,CD4 naive I
TCAGGTAGTCTCACCT-1,GARQ,D5,0,40,38,0,0.056167483,gdT cells
TCAGGTAGTTACGCGC-1,GARQ,D5,0,40,38,23,0.021508098,CD4 memory
TCAGGTATCTCTGCTG-1,GARQ,D5,0,40,38,25,0.09693658,CD4 naive I
TCAGGTATCTGATTCT-1,GARQ,D5,0,40,38,13,0.17074656,Memory B
TCATTACAGCTCAACT-1,GARQ,D5,0,40,38,8,0.27398825,CD56dim CD16bright NK
TCATTACCAGTGAGTG-1,GARQ,D5,0,40,38,29,0.062051773,CD4 memory
TCATTACGTAAACACA-1,GARQ,D5,0,40,38,33,0.0016278028,MAIT-NKT cells
TCATTACTCTATCCTA-1,GARQ,D5,0,40,38,38,0.093857706,Classical monocytes
TCATTTGGTCTCACCT-1,GARQ,D5,0,40,38,38,0.21769583,Neutrophils
TCATTTGTCAGAAATG-1,GARQ,D5,0,40,38,38,0.2741077,Platelet-bound monocytes
TCATTTGTCGATAGAA-1,GARQ,D5,0,40,38,10,0.13412082,Classical monocytes
TCATTTGTCGTAGATC-1,GARQ,D5,0,40,38,38,0.11839771,T-NK-B cell doublets
TCATTTGTCGTGGACC-1,GARQ,D5,0,40,38,23,0.05282712,CD4 naive I
TCCACACAGATCTGAA-1,GARQ,D5,0,40,38,38,0.27262652,Classical monocytes
TCCACACAGCTATGCT-1,GARQ,D5,0,40,38,8,0.019769192,CD56dim CD16bright NK
TCCACACCACTAGTAC-1,GARQ,D5,0,40,38,10,0.06845224,Non classical monocytes
TCCACACGTCTCTCTG-1,GARQ,D5,0,40,38,8,0.028028727,CD56dim CD16bright NK
TCCACACTCACTATTC-1,GARQ,D5,0,40,38,28,0.00024998188,CD4 and CD8 activated memory
TCCACACTCTCTTATG-1,GARQ,D5,0,40,38,8,0.1569078,CD56dim CD16bright NK
TCCACACTCTTACCGC-1,GARQ,D5,0,40,38,0,0.062081337,gdT cells
TCCCGATAGCGATTCT-1,GARQ,D5,0,40,38,8,0.15177643,CD56dim CD16bright NK
TCCCGATGTAAGTTCC-1,GARQ,D5,0,40,38,8,0.19163132,CD56dim CD16bright NK
TCCCGATTCGGATGTT-1,GARQ,D5,0,40,38,38,0.21460044,CD4 and CD8 activated memory
TCGAGGCCAAGGTTCT-1,GARQ,D5,0,40,38,38,0.10092163,Classical monocytes
TCGAGGCTCTGTTGAG-1,GARQ,D5,0,40,38,19,0.03464055,T-NK-B cell doublets
TCGCGAGCATCCGCGA-1,GARQ,D5,0,40,38,38,0.2881236,Classical monocytes
TCGCGAGGTAAGTGGC-1,GARQ,D5,0,40,38,25,0.028015137,CD8 naive
TCGCGAGGTCCGTCAG-1,GARQ,D5,0,40,38,13,0.04707408,T-NK-B cell doublets
TCGCGAGGTTCATGGT-1,GARQ,D5,0,40,38,38,0.2735325,Neutrophils
TCGCGTTAGTACGTAA-1,GARQ,D5,0,40,38,23,0.017170131,CD4 naive I
TCGCGTTAGTGGTCCC-1,GARQ,D5,0,40,38,38,0.33738935,Classical monocytes
TCGCGTTAGTGTACCT-1,GARQ,D5,0,40,38,8,0.164163,CD56dim CD16bright NK
TCGCGTTCAAGTTCTG-1,GARQ,D5,0,40,38,8,0.49918222,CD56dim CD16bright NK
TCGCGTTCAGGGAGAG-1,GARQ,D5,0,40,38,8,0.027804375,CD56dim CD16bright NK
TCGGGACCAAGTTGTC-1,GARQ,D5,0,40,38,8,0.25363183,CD56dim CD16bright NK
TCGGGACGTGCAGACA-1,GARQ,D5,0,40,38,13,0.24456847,Naive B
TCGGGACGTGGGTCAA-1,GARQ,D5,0,40,38,8,0.26800632,CD56dim CD16bright NK
TCGGGACGTGTGACGA-1,GARQ,D5,0,40,38,25,0.16075385,CD8 memory
TCGGGACGTTTCCACC-1,GARQ,D5,0,40,38,23,0.05087471,CD4 naive I
TCGGGACTCGCTTGTC-1,GARQ,D5,0,40,38,38,0.29448247,conventional DC
TCGGTAAAGGGTGTGT-1,GARQ,D5,0,40,38,1,0.0055832863,CD8 effector
TCGGTAAAGTACGTTC-1,GARQ,D5,0,40,38,38,0.12784588,Neutrophils
TCGGTAACAATGTAAG-1,GARQ,D5,0,40,38,35,0.015264273,CD4 naive I
TCGGTAACATGGTAGG-1,GARQ,D5,0,40,38,24,0.040926576,MAIT-NKT cells
TCGGTAAGTAAGGGCT-1,GARQ,D5,0,40,38,32,0.019831657,CD8 naive
TCGGTAAGTCGTGGCT-1,GARQ,D5,0,40,38,8,0.061112046,CD56dim CD16bright NK
TCGGTAAGTCTTGTCC-1,GARQ,D5,0,40,38,8,0.15274167,CD56dim CD16bright NK
TCGGTAAGTTGCGTTA-1,GARQ,D5,0,40,38,38,0.1561467,Non classical monocytes
TCGGTAATCCCTTGCA-1,GARQ,D5,0,40,38,38,0.3737365,Neutrophils
TCGGTAATCTGGCGTG-1,GARQ,D5,0,40,38,35,0.01021409,CD8 naive
TCGTACCCACGTCTCT-1,GARQ,D5,0,40,38,14,0.08882141,gdT cells
TCGTACCCAGTATCTG-1,GARQ,D5,0,40,38,35,0.027083397,CD8 naive
TCGTACCGTCGCGGTT-1,GARQ,D5,0,40,38,29,0.005120456,CD4 memory
TCGTAGAAGAGCTGCA-1,GARQ,D5,0,40,38,28,0.0012722015,CD4 memory
TCGTAGAAGTTACCCA-1,GARQ,D5,0,40,38,38,0.04090029,Non classical monocytes
TCGTAGACACACCGAC-1,GARQ,D5,0,40,38,21,0.034821868,gdT cells
TCGTAGACATGAGCGA-1,GARQ,D5,0,40,38,29,0.05414474,CD4 memory
TCGTAGAGTCAGTGGA-1,GARQ,D5,0,40,38,8,0.18086386,CD56dim CD16bright NK
TCGTAGATCAGTACGT-1,GARQ,D5,0,40,38,8,0.028753877,NK-T doublets
TCGTAGATCGGGAGTA-1,GARQ,D5,0,40,38,32,0.008713484,CD4 memory
TCTATTGAGAAAGTGG-1,GARQ,D5,0,40,38,38,0.13545692,Non classical monocytes
TCTATTGAGGTTACCT-1,GARQ,D5,0,40,38,38,0.30192053,Platelet-bound monocytes
TCTATTGAGTACGCGA-1,GARQ,D5,0,40,38,25,0.014797449,CD4 memory
TCTATTGCAATCCAAC-1,GARQ,D5,0,40,38,21,0.07142222,CD8 effector
TCTATTGCACATTTCT-1,GARQ,D5,0,40,38,13,0.08591473,Memory B
TCTATTGTCTGCGGCA-1,GARQ,D5,0,40,38,32,0.019586682,CD4 memory
TCTCATAGTGATGTCT-1,GARQ,D5,0,40,38,8,0.026858807,CD56dim CD16bright NK
TCTCTAACAGATAATG-1,GARQ,D5,0,40,38,8,0.002513826,CD8 effector
TCTCTAAGTACCATCA-1,GARQ,D5,0,40,38,8,0.12434268,CD56dim CD16bright NK
TCTCTAAGTGTGCGTC-1,GARQ,D5,0,40,38,13,0.08280063,Naive B
TCTCTAAGTTCCACTC-1,GARQ,D5,0,40,38,8,0.09537327,CD56dim CD16bright NK
TCTCTAATCACCGTAA-1,GARQ,D5,0,40,38,23,0.07193267,Regulatory T cells
TCTCTAATCCTTTCTC-1,GARQ,D5,0,40,38,31,0.025826931,CD56bright CD16dim NK
TCTGAGAAGTGTCTCA-1,GARQ,D5,0,40,38,1,0.0031095743,CD56dim CD16bright NK
TCTGAGAGTAGCCTCG-1,GARQ,D5,0,40,38,13,0.23006952,Naive B
TCTGGAAAGAAACGAG-1,GARQ,D5,0,40,38,8,0.02126968,CD56dim CD16bright NK
TCTGGAACACGACGAA-1,GARQ,D5,0,40,38,25,0.08541763,CD4 memory
TCTGGAAGTACCTACA-1,GARQ,D5,0,40,38,25,0.013094783,CD4 memory
TCTGGAATCGAACTGT-1,GARQ,D5,0,40,38,13,0.26171386,Naive B
TCTTCGGAGGTAAACT-1,GARQ,D5,0,40,38,25,0.05375278,CD8 memory
TCTTCGGCACGTCAGC-1,GARQ,D5,0,40,38,21,0.014445424,gdT cells
TCTTCGGCACTGAAGG-1,GARQ,D5,0,40,38,23,0.037485838,CD4 naive I
TCTTCGGGTGACGCCT-1,GARQ,D5,0,40,38,23,0.0013930798,CD4 naive I
TCTTTCCCAATAGAGT-1,GARQ,D5,0,40,38,38,0.217475,Platelet-bound monocytes
TCTTTCCCACAAGCCC-1,GARQ,D5,0,40,38,13,0.3958376,conventional DC
TCTTTCCCACCCATTC-1,GARQ,D5,0,40,38,23,0.043593407,CD4 naive I
TCTTTCCTCACCCTCA-1,GARQ,D5,0,40,38,4,0.11099887,CD8 memory
TGAAAGAAGAAACGCC-1,GARQ,D5,0,40,38,13,0.067130744,Plasma cells
TGAAAGACATGCATGT-1,GARQ,D5,0,40,38,38,0.21583009,Classical monocytes
TGAAAGAGTCACCCAG-1,GARQ,D5,0,40,38,25,0.006837368,CD8 memory
TGACAACAGTGGGCTA-1,GARQ,D5,0,40,38,29,0.0124076605,CD4 memory
TGACAACCAACAACCT-1,GARQ,D5,0,40,38,8,0.0523597,CD56dim CD16bright NK
TGACAACGTACAGTGG-1,GARQ,D5,0,40,38,25,0.046175957,CD8 naive
TGACAACGTCTGGAGA-1,GARQ,D5,0,40,38,30,0.0035430193,gdT cells
TGACGGCAGATCCGAG-1,GARQ,D5,0,40,38,30,0.011238098,Neutrophils
TGACGGCCATATACGC-1,GARQ,D5,0,40,38,8,0.11273384,CD56dim CD16bright NK
TGACGGCCATGAGCGA-1,GARQ,D5,0,40,38,25,0.05110264,CD4 memory
TGACGGCGTGAGTGAC-1,GARQ,D5,0,40,38,28,0.09721315,CD8 memory
TGACGGCTCCACGACG-1,GARQ,D5,0,40,38,35,0.047807217,CD8 naive
TGACTAGAGAACAATC-1,GARQ,D5,0,40,38,6,0.21823722,Platelets
TGACTAGAGAAGGGTA-1,GARQ,D5,0,40,38,23,0.0054655075,CD8 naive
TGACTAGGTTCAGGCC-1,GARQ,D5,0,40,38,38,0.33845508,Classical monocytes
TGACTAGTCTGCCCTA-1,GARQ,D5,0,40,38,8,0.008092999,CD56bright CD16dim NK
TGACTTTAGAAGGTGA-1,GARQ,D5,0,40,38,1,0.0023653507,CD8 effector
TGACTTTAGCTGCGAA-1,GARQ,D5,0,40,38,8,0.04563439,CD56dim CD16bright NK
TGACTTTAGGACTGGT-1,GARQ,D5,0,40,38,23,0.022674322,CD4 memory
TGACTTTCAATCCAAC-1,GARQ,D5,0,40,38,9,0.019090414,CD8 effector
TGACTTTCACGAAAGC-1,GARQ,D5,0,40,38,38,0.34281325,Classical monocytes
TGACTTTCAGACTCGC-1,GARQ,D5,0,40,38,8,0.05263233,CD56dim CD16bright NK
TGACTTTTCAATACCG-1,GARQ,D5,0,40,38,8,0.025884748,CD56dim CD16bright NK
TGACTTTTCTAACTTC-1,GARQ,D5,0,40,38,9,0.062491894,CD56bright CD16dim NK
TGACTTTTCTGGGCCA-1,GARQ,D5,0,40,38,38,0.7004087,Non classical monocytes
TGAGAGGAGAATTCCC-1,GARQ,D5,0,40,38,25,0.062484384,CD4 memory
TGAGAGGCAGTACACT-1,GARQ,D5,0,40,38,21,0.05643046,CD56dim CD16bright NK
TGAGAGGGTAGCAAAT-1,GARQ,D5,0,40,38,23,0.008021474,CD4 naive I
TGAGAGGGTGCTGTAT-1,GARQ,D5,0,40,38,23,0.07130396,CD4 naive I
TGAGAGGTCACCACCT-1,GARQ,D5,0,40,38,21,0.024053276,CD8 effector
TGAGAGGTCTTATCTG-1,GARQ,D5,0,40,38,30,0.01022464,CD56dim CD16bright NK
TGAGCATCAATCTACG-1,GARQ,D5,0,40,38,38,0.20841861,Classical monocytes
TGAGCATGTACAGTGG-1,GARQ,D5,0,40,38,38,1.1539288,Classical monocytes
TGAGCATTCTACTATC-1,GARQ,D5,0,40,38,38,0.2819534,Neutrophils
TGAGCCGAGCTAGTCT-1,GARQ,D5,0,40,38,4,0.29090428,MAIT-NKT cells
TGAGCCGAGGGTATCG-1,GARQ,D5,0,40,38,7,0.023430824,CD56dim CD16bright NK
TGAGCCGAGTCGCCGT-1,GARQ,D5,0,40,38,8,0.006993115,CD56dim CD16bright NK
TGAGCCGCACAGTCGC-1,GARQ,D5,0,40,38,30,0.1297195,NK-T doublets
TGAGCCGCACGTGAGA-1,GARQ,D5,0,40,38,8,0.07234216,CD56dim CD16bright NK
TGAGCCGCACTTAACG-1,GARQ,D5,0,40,38,13,0.10667086,Naive B
TGAGCCGGTCGAGTTT-1,GARQ,D5,0,40,38,9,0.032377005,CD56dim CD16bright NK
TGAGCCGTCTTCATGT-1,GARQ,D5,0,40,38,13,0.27106595,Naive B
TGAGGGAAGGCATGTG-1,GARQ,D5,0,40,38,32,0.008287668,CD4 naive I
TGAGGGAGTCAGAATA-1,GARQ,D5,0,40,38,38,0.41083002,Non classical monocytes
TGATTTCAGAACAATC-1,GARQ,D5,0,40,38,24,0.0263201,MAIT-NKT cells
TGATTTCAGTAACCCT-1,GARQ,D5,0,40,38,38,0.30263877,Classical monocytes
TGATTTCCAGGCTCAC-1,GARQ,D5,0,40,38,38,0.07407081,Classical monocytes
TGATTTCCATTACCTT-1,GARQ,D5,0,40,38,8,0.114103794,CD56dim CD16bright NK
TGATTTCGTGAACCTT-1,GARQ,D5,0,40,38,38,0.18957317,Classical monocytes
TGATTTCGTTTGTGTG-1,GARQ,D5,0,40,38,32,0.010954976,CD4 memory
TGCACCTCAAACCCAT-1,GARQ,D5,0,40,38,12,0.000108242035,CD56bright CD16dim NK
TGCACCTGTAACGCGA-1,GARQ,D5,0,40,38,9,0.010139704,CD56dim CD16bright NK
TGCACCTGTTCACGGC-1,GARQ,D5,0,40,38,38,0.32222712,Platelet-bound monocytes
TGCACCTTCAGCGACC-1,GARQ,D5,0,40,38,16,0.030708313,CD4 memory
TGCCAAAAGCCATCGC-1,GARQ,D5,0,40,38,38,0.13328868,Classical monocytes
TGCCAAAAGGAGCGAG-1,GARQ,D5,0,40,38,29,0.027761221,CD4 naive I
TGCCAAAGTCGGCTCA-1,GARQ,D5,0,40,38,1,0.0031107664,CD56dim CD16bright NK
TGCCCATCAACACGCC-1,GARQ,D5,0,40,38,38,0.24841392,T-NK-B cell doublets
TGCCCATTCCTTTCTC-1,GARQ,D5,0,40,38,17,0.0251199,CD56dim CD16bright NK
TGCCCATTCGTATCAG-1,GARQ,D5,0,40,38,25,0.09722257,CD4 memory
TGCCCATTCTTTAGGG-1,GARQ,D5,0,40,38,30,0.0025827885,CD56dim CD16bright NK
TGCCCTAAGCGATCCC-1,GARQ,D5,0,40,38,8,0.035526156,CD56dim CD16bright NK
TGCCCTAAGCGCCTCA-1,GARQ,D5,0,40,38,14,0.0029096603,gdT cells
TGCCCTACAAACCTAC-1,GARQ,D5,0,40,38,23,0.054232955,CD8 memory
TGCCCTACAAAGAATC-1,GARQ,D5,0,40,38,25,0.002174139,CD4 naive II
TGCCCTACAGCTCGAC-1,GARQ,D5,0,40,38,23,0.054285526,CD4 naive II
TGCCCTAGTGCGAAAC-1,GARQ,D5,0,40,38,38,0.3220235,Non classical monocytes
TGCGCAGAGATCCTGT-1,GARQ,D5,0,40,38,9,0.021449447,CD56bright CD16dim NK
TGCGCAGAGTACTTGC-1,GARQ,D5,0,40,38,30,0.052354574,CD8 effector
TGCGCAGCAAGCCGCT-1,GARQ,D5,0,40,38,14,0.035475016,gdT cells
TGCGCAGGTGGGTATG-1,GARQ,D5,0,40,38,8,0.013740957,CD56dim CD16bright NK
TGCGGGTTCATGTGGT-1,GARQ,D5,0,40,38,21,0.06684899,gdT cells
TGCGTGGAGCCACGTC-1,GARQ,D5,0,40,38,30,0.0040706396,CD8 effector
TGCGTGGCAAGACACG-1,GARQ,D5,0,40,38,32,0.0045188665,CD4 memory
TGCGTGGCAAGCCATT-1,GARQ,D5,0,40,38,13,0.060827732,T-NK-B cell doublets
TGCGTGGCAATGGATA-1,GARQ,D5,0,40,38,8,0.16080952,CD56dim CD16bright NK
TGCGTGGCACCAGCAC-1,GARQ,D5,0,40,38,8,0.0009816885,CD56dim CD16bright NK
TGCGTGGGTTCCACGG-1,GARQ,D5,0,40,38,8,0.034445524,CD56dim CD16bright NK
TGCTACCAGCCACGCT-1,GARQ,D5,0,40,38,8,0.103562236,CD56dim CD16bright NK
TGCTACCCAGTATCTG-1,GARQ,D5,0,40,38,30,0.026321411,CD8 effector
TGCTACCGTGAAGGCT-1,GARQ,D5,0,40,38,32,0.09905654,CD4 memory
TGCTGCTGTCGTCTTC-1,GARQ,D5,0,40,38,38,0.20957184,Platelet-bound monocytes
TGCTGCTGTTCCATGA-1,GARQ,D5,0,40,38,8,0.09593189,CD56dim CD16bright NK
TGCTGCTTCAAGCCTA-1,GARQ,D5,0,40,38,13,0.24858785,Memory B
TGCTGCTTCTCAACTT-1,GARQ,D5,0,40,38,29,0.016838789,CD4 naive I
TGGACGCCATGCCCGA-1,GARQ,D5,0,40,38,25,0.0023257732,CD4 memory
TGGACGCGTAGCCTCG-1,GARQ,D5,0,40,38,8,0.17781055,CD56dim CD16bright NK
TGGACGCGTAGGAGTC-1,GARQ,D5,0,40,38,38,0.423262,Non classical monocytes
TGGCCAGAGATATGGT-1,GARQ,D5,0,40,38,25,0.070694685,CD4 memory
TGGCCAGAGGACAGCT-1,GARQ,D5,0,40,38,25,0.024373174,CD4 naive II
TGGCCAGCAGTATCTG-1,GARQ,D5,0,40,38,36,0.012902379,CD4 naive I
TGGCCAGGTCAGAGGT-1,GARQ,D5,0,40,38,25,0.05044341,CD4 memory
TGGCCAGGTCGGATCC-1,GARQ,D5,0,40,38,38,0.35427612,Neutrophils
TGGCGCAAGGTGCTTT-1,GARQ,D5,0,40,38,8,0.080895424,CD56dim CD16bright NK
TGGCGCAAGTGGCACA-1,GARQ,D5,0,40,38,38,0.32832336,Classical monocytes
TGGCGCACACTATCTT-1,GARQ,D5,0,40,38,38,0.12351793,Classical monocytes
TGGCGCATCAGTCCCT-1,GARQ,D5,0,40,38,38,0.32018077,Classical monocytes
TGGCGCATCAGTTGAC-1,GARQ,D5,0,40,38,13,0.25618792,Naive B
TGGCGCATCCCTAACC-1,GARQ,D5,0,40,38,0,0.11280012,gdT cells
TGGCTGGAGCGCTTAT-1,GARQ,D5,0,40,38,23,0.013604879,CD4 memory
TGGCTGGAGTTAAGTG-1,GARQ,D5,0,40,38,38,0.230816,Classical monocytes
TGGCTGGCACATTTCT-1,GARQ,D5,0,40,38,38,0.6314757,Non classical monocytes
TGGCTGGCACGACTCG-1,GARQ,D5,0,40,38,0,0.084157705,gdT cells
TGGCTGGCAGTTCCCT-1,GARQ,D5,0,40,38,38,0.25533068,Neutrophils
TGGCTGGGTACAAGTA-1,GARQ,D5,0,40,38,5,0.30238026,Erythroid 
TGGGAAGCAAATCCGT-1,GARQ,D5,0,40,38,8,0.069444776,CD56dim CD16bright NK
TGGGAAGCATGAGCGA-1,GARQ,D5,0,40,38,0,0.13619995,gdT cells
TGGGAAGGTAGCGCTC-1,GARQ,D5,0,40,38,23,0.101744294,CD4 naive I
TGGGAAGTCAGCGACC-1,GARQ,D5,0,40,38,8,0.06772387,CD56dim CD16bright NK
TGGGAAGTCCCTAATT-1,GARQ,D5,0,40,38,14,0.04838848,CD8 effector
TGGGAAGTCTACCAGA-1,GARQ,D5,0,40,38,8,0.010178924,CD56dim CD16bright NK
TGGGAAGTCTTCCTTC-1,GARQ,D5,0,40,38,5,0.19290525,Erythroid 
TGGGCGTAGTGTCTCA-1,GARQ,D5,0,40,38,13,0.14872086,Memory B
TGGGCGTCACGTCTCT-1,GARQ,D5,0,40,38,23,0.064869046,CD4 naive I
TGGGCGTCACGTGAGA-1,GARQ,D5,0,40,38,31,0.0219239,CD56dim CD16bright NK
TGGGCGTCACTAGTAC-1,GARQ,D5,0,40,38,33,0.02240771,CD8 effector
TGGGCGTGTCTCCATC-1,GARQ,D5,0,40,38,39,0.04014027,T-NK-B cell doublets
TGGGCGTTCACATAGC-1,GARQ,D5,0,40,38,8,0.079989314,CD56dim CD16bright NK
TGGGCGTTCTCTGCTG-1,GARQ,D5,0,40,38,8,0.13119149,CD56dim CD16bright NK
TGGTTAGTCTCGCTTG-1,GARQ,D5,0,40,38,30,0.12628412,CD56bright CD16dim NK
TGGTTCCAGACTTTCG-1,GARQ,D5,0,40,38,8,0.006371498,CD56dim CD16bright NK
TGGTTCCCAAACAACA-1,GARQ,D5,0,40,38,35,0.0073746443,CD4 naive I
TGGTTCCCAGTAACGG-1,GARQ,D5,0,40,38,33,0.016639352,CD8 effector
TGGTTCCGTCTAGTCA-1,GARQ,D5,0,40,38,30,0.043587446,plasmacytoid DC
TGTATTCAGCGTTGCC-1,GARQ,D5,0,40,38,25,0.03832531,CD4 memory
TGTATTCTCTAGCACA-1,GARQ,D5,0,40,38,8,0.047274232,CD56dim CD16bright NK
TGTGGTAAGTATTGGA-1,GARQ,D5,0,40,38,38,0.3789364,Classical monocytes
TGTGGTACAATGGACG-1,GARQ,D5,0,40,38,23,0.05128336,CD4 memory
TGTGGTAGTCCGAGTC-1,GARQ,D5,0,40,38,13,0.28340578,Naive B
TGTGTTTGTACATCCA-1,GARQ,D5,0,40,38,8,0.15315461,CD56dim CD16bright NK
TGTGTTTGTTCGTTGA-1,GARQ,D5,0,40,38,13,0.19876218,Naive B
TGTGTTTGTTGTGGAG-1,GARQ,D5,0,40,38,21,0.06052339,CD56dim CD16bright NK
TGTGTTTTCCGAACGC-1,GARQ,D5,0,40,38,8,0.028218687,NK-T doublets
TGTTCCGAGTCGTTTG-1,GARQ,D5,0,40,38,1,0.06531501,CD56dim CD16bright NK
TGTTCCGCACTATCTT-1,GARQ,D5,0,40,38,38,0.23257852,Classical monocytes
TGTTCCGCAGCCAGAA-1,GARQ,D5,0,40,38,38,0.39646953,Classical monocytes
TGTTCCGGTCAAGCGA-1,GARQ,D5,0,40,38,8,0.07484162,CD56bright CD16dim NK
TGTTCCGTCATTGCGA-1,GARQ,D5,0,40,38,38,0.26266003,Classical monocytes
TTAACTCAGACAGGCT-1,GARQ,D5,0,40,38,23,0.04373169,CD4 naive I
TTAACTCGTTGCCTCT-1,GARQ,D5,0,40,38,38,0.2637323,Classical monocytes
TTAGGACAGGTGCTAG-1,GARQ,D5,0,40,38,13,0.16225708,Naive B
TTAGGACCATGGATGG-1,GARQ,D5,0,40,38,8,0.16457331,CD56dim CD16bright NK
TTAGGACCATGTAGTC-1,GARQ,D5,0,40,38,8,0.25229168,CD56dim CD16bright NK
TTAGGACGTGCAACGA-1,GARQ,D5,0,40,38,13,0.22143674,Naive B
TTAGGACTCAGGCCCA-1,GARQ,D5,0,40,38,32,0.03148043,CD4 memory
TTAGGACTCCTAAGTG-1,GARQ,D5,0,40,38,38,0.38865483,Non classical monocytes
TTAGGACTCCTAGTGA-1,GARQ,D5,0,40,38,13,0.15943694,Naive B
TTAGGACTCGGCGCTA-1,GARQ,D5,0,40,38,37,0.031155646,Neutrophils
TTAGGACTCTGCGGCA-1,GARQ,D5,0,40,38,14,0.011557817,CD8 effector
TTAGGCAAGCAAATCA-1,GARQ,D5,0,40,38,38,0.09441209,T-NK-B cell doublets
TTAGGCAAGCGTTCCG-1,GARQ,D5,0,40,38,38,0.5289668,Non classical monocytes
TTAGGCAAGGACGAAA-1,GARQ,D5,0,40,38,38,0.32357395,Classical monocytes
TTAGGCACATGCCCGA-1,GARQ,D5,0,40,38,38,0.36691678,Non classical monocytes
TTAGGCAGTCGTTGTA-1,GARQ,D5,0,40,38,38,0.31894124,Non classical monocytes
TTAGGCATCCTTCAAT-1,GARQ,D5,0,40,38,38,0.13172448,Classical monocytes
TTAGGCATCGGCGCTA-1,GARQ,D5,0,40,38,38,0.13837874,Classical monocytes
TTAGTTCAGACAGAGA-1,GARQ,D5,0,40,38,38,0.30117905,Classical monocytes
TTAGTTCAGGTTCCTA-1,GARQ,D5,0,40,38,33,0.0034515858,gdT cells
TTAGTTCCATGGATGG-1,GARQ,D5,0,40,38,8,0.19421387,CD56dim CD16bright NK
TTAGTTCGTAATTGGA-1,GARQ,D5,0,40,38,30,0.093007624,conventional DC
TTAGTTCGTCAGATAA-1,GARQ,D5,0,40,38,14,0.025876999,CD8 effector
TTAGTTCGTGCGGTAA-1,GARQ,D5,0,40,38,35,0.027348757,CD8 memory
TTATGCTAGCTTCGCG-1,GARQ,D5,0,40,38,25,0.042370677,CD4 memory
TTATGCTCAAGCTGTT-1,GARQ,D5,0,40,38,21,0.023742199,gdT cells
TTATGCTCAGCATGAG-1,GARQ,D5,0,40,38,8,0.13909376,CD56dim CD16bright NK
TTATGCTCAGCCTTTC-1,GARQ,D5,0,40,38,25,0.062686086,CD4 memory
TTATGCTGTATCGCAT-1,GARQ,D5,0,40,38,8,0.1873362,CD56dim CD16bright NK
TTATGCTGTCAAAGCG-1,GARQ,D5,0,40,38,17,0.022930622,CD56dim CD16bright NK
TTATGCTGTGTAATGA-1,GARQ,D5,0,40,38,33,0.0029051304,MAIT-NKT cells
TTATGCTGTTCACCTC-1,GARQ,D5,0,40,38,38,0.17373115,Neutrophils
TTATGCTTCGCTTGTC-1,GARQ,D5,0,40,38,38,0.25585306,Classical monocytes
TTCCCAGCAAGCGATG-1,GARQ,D5,0,40,38,13,0.17552984,Naive B
TTCCCAGGTTCGGGCT-1,GARQ,D5,0,40,38,21,0.08728516,CD8 memory
TTCCCAGTCTGTACGA-1,GARQ,D5,0,40,38,14,0.07232237,CD8 effector
TTCGAAGAGTAACCCT-1,GARQ,D5,0,40,38,14,0.20136666,CD8 effector
TTCGAAGTCCAGGGCT-1,GARQ,D5,0,40,38,13,0.10992885,Naive B
TTCGAAGTCTGCCAGG-1,GARQ,D5,0,40,38,12,0.0520308,CD56dim CD16bright NK
TTCGGTCCAGTAACGG-1,GARQ,D5,0,40,38,7,0.069720864,CD56dim CD16bright NK
TTCGGTCGTGAGCGAT-1,GARQ,D5,0,40,38,21,0.07379711,CD8 effector
TTCGGTCTCAGCTCTC-1,GARQ,D5,0,40,38,8,0.18125737,CD56dim CD16bright NK
TTCGGTCTCCTCATTA-1,GARQ,D5,0,40,38,32,0.024186373,CD4 memory
TTCGGTCTCGACCAGC-1,GARQ,D5,0,40,38,23,0.06637144,CD4 naive I
TTCTACAAGGGCTCTC-1,GARQ,D5,0,40,38,8,0.05621147,CD8 effector
TTCTACAAGGTGTTAA-1,GARQ,D5,0,40,38,35,0.042103708,CD4 memory
TTCTACAAGTACGATA-1,GARQ,D5,0,40,38,37,0.06217283,NK-monocyte doublets
TTCTACAGTGTGGCTC-1,GARQ,D5,0,40,38,8,0.11332798,CD56dim CD16bright NK
TTCTACAGTTCGCGAC-1,GARQ,D5,0,40,38,21,0.09774494,CD8 effector
TTCTACATCAACACCA-1,GARQ,D5,0,40,38,23,0.12233567,CD4 naive II
TTCTACATCCTGTACC-1,GARQ,D5,0,40,38,13,0.151515,Naive B
TTCTCAAAGCCAACAG-1,GARQ,D5,0,40,38,38,0.5739503,Classical monocytes
TTCTCAAAGGTGACCA-1,GARQ,D5,0,40,38,38,0.29487842,Platelet-bound monocytes
TTCTCAACATCGGTTA-1,GARQ,D5,0,40,38,24,0.06583476,MAIT-NKT cells
TTCTCAAGTACGCACC-1,GARQ,D5,0,40,38,23,0.024202824,CD4 memory
TTCTCAATCCAGGGCT-1,GARQ,D5,0,40,38,32,0.0099692345,CD4 memory
TTCTCAATCGAACGGA-1,GARQ,D5,0,40,38,38,0.35682702,Non classical monocytes
TTCTCCTTCATGTCCC-1,GARQ,D5,0,40,38,15,0.034017444,CD8 effector
TTCTCCTTCTACCAGA-1,GARQ,D5,0,40,38,25,0.032822967,CD4 memory
TTCTTAGCAGAGTGTG-1,GARQ,D5,0,40,38,25,0.025920868,CD4 memory
TTCTTAGCAGGGTTAG-1,GARQ,D5,0,40,38,38,0.16165042,Classical monocytes
TTCTTAGTCACCACCT-1,GARQ,D5,0,40,38,7,0.023632646,CD56dim CD16bright NK
TTGAACGCACCGGAAA-1,GARQ,D5,0,40,38,21,0.05205512,CD8 effector
TTGAACGGTTGAGGTG-1,GARQ,D5,0,40,38,38,0.41889393,Classical monocytes
TTGAACGTCATGCATG-1,GARQ,D5,0,40,38,8,0.19557428,CD56dim CD16bright NK
TTGACTTAGTTGAGTA-1,GARQ,D5,0,40,38,38,0.08783716,NK-monocyte doublets
TTGACTTCACACATGT-1,GARQ,D5,0,40,38,14,0.12694764,gdT cells
TTGACTTCATATGAGA-1,GARQ,D5,0,40,38,38,0.18818331,conventional DC
TTGCCGTCACAGACTT-1,GARQ,D5,0,40,38,30,0.011599779,NK-T doublets
TTGCCGTGTCTTGCGG-1,GARQ,D5,0,40,38,28,0.0572232,CD8 memory
TTGCGTCAGACGCACA-1,GARQ,D5,0,40,38,12,0.040671706,CD56bright CD16dim NK
TTGCGTCAGTGATCGG-1,GARQ,D5,0,40,38,8,0.007825851,NK-T doublets
TTGCGTCCAACGATCT-1,GARQ,D5,0,40,38,38,0.024656475,NK-monocyte doublets
TTGGAACGTGCGATAG-1,GARQ,D5,0,40,38,8,0.15473664,CD56dim CD16bright NK
TTGGCAAAGAGTAATC-1,GARQ,D5,0,40,38,29,0.06059122,Regulatory T cells
TTGGCAATCGAATGGG-1,GARQ,D5,0,40,38,35,0.042921543,CD4 memory
TTGTAGGAGAGGTACC-1,GARQ,D5,0,40,38,23,0.10575497,CD4 naive I
TTGTAGGGTGCCTGCA-1,GARQ,D5,0,40,38,33,0.04148519,MAIT-NKT cells
TTGTAGGTCACATAGC-1,GARQ,D5,0,40,38,38,0.20430756,Neutrophils
TTGTAGGTCAGTACGT-1,GARQ,D5,0,40,38,8,0.10335088,CD56dim CD16bright NK
TTGTAGGTCGCTTGTC-1,GARQ,D5,0,40,38,8,0.10026026,CD56dim CD16bright NK
TTTACTGAGATTACCC-1,GARQ,D5,0,40,38,23,0.098611236,CD8 memory
TTTACTGAGTCTCAAC-1,GARQ,D5,0,40,38,0,0.0017231703,gdT cells
TTTACTGCATGGTCAT-1,GARQ,D5,0,40,38,33,0.011669278,MAIT-NKT cells
TTTACTGGTATAGGGC-1,GARQ,D5,0,40,38,8,0.06987071,CD56dim CD16bright NK
TTTATGCTCAGGTAAA-1,GARQ,D5,0,40,38,33,0.088552356,MAIT-NKT cells
TTTATGCTCGATCCCT-1,GARQ,D5,0,40,38,8,0.03998053,CD56dim CD16bright NK
TTTCCTCCAGATTGCT-1,GARQ,D5,0,40,38,38,0.2971238,Neutrophils
TTTCCTCGTACTCTCC-1,GARQ,D5,0,40,38,2,0.040418148,CD56dim CD16bright NK
TTTCCTCGTGAAAGAG-1,GARQ,D5,0,40,38,9,0.013676167,CD56dim CD16bright NK
TTTGCGCCAACTGCGC-1,GARQ,D5,0,40,38,13,0.121673346,T-NK-B cell doublets
TTTGCGCCACCTTGTC-1,GARQ,D5,0,40,38,36,0.00076687336,CD4 naive I
TTTGCGCCAGTGACAG-1,GARQ,D5,0,40,38,8,0.14020371,CD56dim CD16bright NK
TTTGGTTAGACAGGCT-1,GARQ,D5,0,40,38,32,0.056608558,CD4 memory
TTTGGTTAGCGAAGGG-1,GARQ,D5,0,40,38,0,0.081523895,gdT cells
TTTGGTTCATCCAACA-1,GARQ,D5,0,40,38,29,0.035240173,CD4 naive II
TTTGGTTTCATCGATG-1,GARQ,D5,0,40,38,6,0.12383813,Platelets
TTTGGTTTCCACGACG-1,GARQ,D5,0,40,38,38,0.32221007,Classical monocytes
TTTGGTTTCTATCCTA-1,GARQ,D5,0,40,38,23,0.077050686,CD4 naive II
TTTGTCACACCATCCT-1,GARQ,D5,0,40,38,38,0.36416113,Classical monocytes
TTTGTCACATTTCACT-1,GARQ,D5,0,40,38,23,0.05041516,CD4 naive II
TTTGTCATCCTCGCAT-1,GARQ,D5,0,40,38,38,0.17413175,Neutrophils
TTTGTCATCTCTAGGA-1,GARQ,D5,0,40,38,38,0.21074986,Neutrophils
