cell_id,method,dataset,seed,requested_K,realized_K,metacell_id,delta_confidence,cell_type
AGGCCCAGTGTCCAAA-6,GARQ,D18,1,40,40,26,0.044671714,Mono.CD14
GGATAACCATAAGTCT-6,GARQ,D18,1,40,40,5,0.0044867992,T.CD4.Memory
GCCACACAGCATGTTA-6,GARQ,D18,1,40,40,26,0.035644352,Mono.CD14
TGGTCCTTCCACCCTG-6,GARQ,D18,1,40,40,26,0.071290374,Mono.CD14
GCACTAAGTACTGAAT-6,GARQ,D18,1,40,40,31,0.0056928396,B.Naive
GTGCTTCTCCCTCTAA-6,GARQ,D18,1,40,40,38,0.07443893,T.CD4.Memory
GCTAGCGGTTGTGATG-6,GARQ,D18,1,40,40,4,0.08762097,T.CD8.Effector
TGGCCAATCACAAGCT-6,GARQ,D18,1,40,40,26,0.08677912,Mono.CD14
TGTGGCTCACATGCTA-6,GARQ,D18,1,40,40,26,0.06615317,Mono.CD14
TATGGTCAGCTCCCTG-6,GARQ,D18,1,40,40,11,0.0855242,B.Naive
GTAGGAGGTTAGCAGC-6,GARQ,D18,1,40,40,26,0.01177597,Mono.CD14
TCTTAGTTCATGAAGG-6,GARQ,D18,1,40,40,37,0.0881207,T.CD4.Memory
CCGCTTAGTAGCAGCT-6,GARQ,D18,1,40,40,26,0.103144646,Mono.CD14
GTCCAGGGTTCACCCA-6,GARQ,D18,1,40,40,26,0.055573583,Mono.CD14
TGAGGGAGTTACCGGG-6,GARQ,D18,1,40,40,26,0.112300515,Mono.CD14
AAGAATCAGGTCCACA-6,GARQ,D18,1,40,40,19,0.017209053,Platelets
GTACTTCGTCATTACC-6,GARQ,D18,1,40,40,26,0.1490109,Mono.CD14
ATGGCTAGTTTGCAGA-6,GARQ,D18,1,40,40,26,0.22816575,Mono.CD14
CATTCCTCACTCAACA-6,GARQ,D18,1,40,40,19,0.0009651184,B.Naive
AAACCGAAGTTTGCGG-6,GARQ,D18,1,40,40,11,0.024385095,B.Naive
AGGTTTGGTAACTACG-6,GARQ,D18,1,40,40,2,0.030189872,Mono.CD14
TAGTGGCGTGTTTGAG-6,GARQ,D18,1,40,40,4,0.018737435,T.CD8.Effector
GCTGCACAGGTCGATT-6,GARQ,D18,1,40,40,38,0.03662491,T.CD8.Effector
CCGCTAGCATAAACCT-6,GARQ,D18,1,40,40,26,0.120168686,Mono.CD14
TTTGTGAAGGTCCACA-6,GARQ,D18,1,40,40,8,0.008741379,T.CD4.Naive
GAGCGGTCAATTGACT-6,GARQ,D18,1,40,40,26,0.035612226,Mono.CD14
CGGATTAGTGGATTCA-6,GARQ,D18,1,40,40,4,0.06178665,T.CD4.Memory
GCAGGAAGTTCAAGAT-6,GARQ,D18,1,40,40,32,0.01844263,T.CD8.Effector
GGAGCATAGGTACCGC-6,GARQ,D18,1,40,40,26,0.0539093,Mono.CD14
CATCCTGGTTTCGCGC-6,GARQ,D18,1,40,40,35,0.036656857,B.Naive
AAGCCACGTTAGCAGC-6,GARQ,D18,1,40,40,35,0.04536879,B.Naive
GCGATATTCAGTGAAG-6,GARQ,D18,1,40,40,19,0.019026995,B.Naive
TGTGGAGCAACACCTA-6,GARQ,D18,1,40,40,26,0.22938442,Mono.CD14
GGTCCGTAGTAAGGGC-6,GARQ,D18,1,40,40,11,0.008178949,B.Naive
CTTTGGGAGGCTAATC-6,GARQ,D18,1,40,40,19,0.027969003,B.Naive
CCTATTTAGTTTGAGC-6,GARQ,D18,1,40,40,26,0.06251025,Mono.CD14
AGTAGGATCAACAAGG-6,GARQ,D18,1,40,40,31,0.009489775,B.Naive
GGGCATTGTGCGCATG-6,GARQ,D18,1,40,40,26,0.017501235,Mono.CD14
TTGCGTCTCAGGAACA-6,GARQ,D18,1,40,40,31,0.003053546,B.Naive
TGAGCTTAGCAAACCT-6,GARQ,D18,1,40,40,19,0.01604712,B.Naive
CTGCTATGTACGGTAC-6,GARQ,D18,1,40,40,38,0.15496433,T.CD4.Memory
CGTATTGCATGAGTTT-6,GARQ,D18,1,40,40,2,0.035095572,Mono.CD14
TCAAGACTCTAGCGAT-6,GARQ,D18,1,40,40,26,0.09304106,Mono.CD14
AGGCTAAAGGACTAAG-6,GARQ,D18,1,40,40,26,0.10146952,Mono.CD14
TGCAGGCTCCCTCAAC-6,GARQ,D18,1,40,40,38,0.06620383,T.CD8.Effector
TTGTCCCAGAGGAGTC-6,GARQ,D18,1,40,40,35,0.059173822,B.Naive
CATAGTCAGGGTGAAC-6,GARQ,D18,1,40,40,19,0.004065037,B.Naive
AGGTCATTCAATGTCA-6,GARQ,D18,1,40,40,26,0.045351148,Mono.CD14
GATAATCGTTACAAAC-6,GARQ,D18,1,40,40,4,0.09038043,T.CD4.Naive
AAGCTATGTCTTGCAT-6,GARQ,D18,1,40,40,19,0.027312517,B.Naive
CGTAGCGGTGTGAGAG-6,GARQ,D18,1,40,40,3,0.10210776,NK
ACACGGACAATAAGCA-6,GARQ,D18,1,40,40,26,0.16886652,Mono.CD14
ATCCTTAGTTAGAGCC-6,GARQ,D18,1,40,40,35,0.01403296,B.Naive
CGAGTCGGTTTAAAGC-6,GARQ,D18,1,40,40,31,0.012320399,B.Naive
AAGACATAGCTACTGG-6,GARQ,D18,1,40,40,19,0.04739976,B.Naive
GCATGAAAGCCAGTAT-6,GARQ,D18,1,40,40,38,0.04317665,T.CD4.Memory
TGCTAGCCAATACTGT-6,GARQ,D18,1,40,40,35,0.010384083,B.Naive
GAGTAATAGAGAGCCG-6,GARQ,D18,1,40,40,26,0.037071705,Mono.CD14
GGACCTCAGTTAGGCT-6,GARQ,D18,1,40,40,26,0.024570942,Mono.CD14
CATAGGTTCCTGAGTG-6,GARQ,D18,1,40,40,19,0.027464032,B.Naive
CAATAGCTCCAGGTTG-6,GARQ,D18,1,40,40,26,0.072456,Mono.CD14
ACTAACCAGCTGGACC-6,GARQ,D18,1,40,40,11,0.006417513,B.Naive
ACTCCTCAGGTGAAGC-6,GARQ,D18,1,40,40,31,0.01110065,B.Naive
GTTGCGGGTAACCTAG-6,GARQ,D18,1,40,40,35,0.04001856,B.Naive
GTCCTCCCAGGCTTGT-6,GARQ,D18,1,40,40,35,0.06470013,B.Naive
GCACTAAGTGCTTTAC-6,GARQ,D18,1,40,40,26,0.19093311,Mono.CD14
TTGGGCGGTTGGCCGA-6,GARQ,D18,1,40,40,26,0.10347068,Mono.CD14
GCTTTATTCCGTAAAC-6,GARQ,D18,1,40,40,2,0.00061774254,Mono.CD14
TTTAGGATCCCGAAGC-6,GARQ,D18,1,40,40,26,0.21493137,Mono.CD14
AATTCGTCATTCAGCA-6,GARQ,D18,1,40,40,26,0.12784255,Mono.CD14
CTATTGAAGGCTAGAA-6,GARQ,D18,1,40,40,35,0.042693615,B.Naive
ATAGATGCAAAGCTCC-6,GARQ,D18,1,40,40,19,0.0036132336,B.Naive
GCGCGATTCCATAATG-6,GARQ,D18,1,40,40,26,0.05497694,Mono.CD14
TTAGTCAAGCCAGTAT-6,GARQ,D18,1,40,40,19,0.040640116,B.Naive
ATTCCTCCAGCAAGGC-6,GARQ,D18,1,40,40,4,0.06432688,T.CD4.Naive
AAGCGCTGTTTAGTCC-6,GARQ,D18,1,40,40,5,0.16026282,NK
GGTTACTAGCACGTTG-6,GARQ,D18,1,40,40,4,0.16106308,T.CD4.Naive
TCAGCGATCATTACGA-6,GARQ,D18,1,40,40,26,0.12688112,Mono.CD14
TTAAGTGTCGTTAACA-6,GARQ,D18,1,40,40,26,0.19660568,Mono.CD14
TACGCACCACTTAACG-6,GARQ,D18,1,40,40,26,0.32463837,Mono.CD14
ACACCTTGTGGACCTG-6,GARQ,D18,1,40,40,3,0.23495162,NK
GGTTGGTGTGCTCCAC-6,GARQ,D18,1,40,40,26,0.04944527,Mono.CD14
TACCAGGTCATGCTCC-6,GARQ,D18,1,40,40,26,0.13509393,Mono.CD14
CTCCCTGAGAGCCGCT-6,GARQ,D18,1,40,40,26,0.12667125,Mono.CD16
GCTTATCGTTGCGGAT-6,GARQ,D18,1,40,40,32,0.03397584,T.CD8.Effector
AGCAATTGTCCGTAGG-6,GARQ,D18,1,40,40,26,0.027760744,Mono.CD14
TAATCACCAGAAACGT-6,GARQ,D18,1,40,40,26,0.124150515,Mono.CD14
TAGCATATCGCACAAT-6,GARQ,D18,1,40,40,26,0.13402414,Mono.CD14
ACAGTATGTTGTCATC-6,GARQ,D18,1,40,40,38,0.12430185,T.CD8.Effector
TACTGCACATTGTGTG-6,GARQ,D18,1,40,40,26,0.10094273,Mono.CD14
GCGATTTAGTTGGGCC-6,GARQ,D18,1,40,40,24,0.045132816,T.CD4.Naive
CAACCCGCACCTATAG-6,GARQ,D18,1,40,40,19,0.0049614906,B.Naive
TGCTTGCTCCACCCTG-6,GARQ,D18,1,40,40,31,0.013258696,B.Naive
GGACGGATCACCGGTA-6,GARQ,D18,1,40,40,26,0.04953909,Mono.CD14
GTGCTCCGTATACTGG-6,GARQ,D18,1,40,40,17,0.12552226,T.CD4.Memory
TCTAGCACATCCCTCA-6,GARQ,D18,1,40,40,35,0.040831566,B.Naive
GGGCGAATCAGCAAAG-6,GARQ,D18,1,40,40,19,0.02882719,B.Naive
ATTCAACCATGCTATG-6,GARQ,D18,1,40,40,26,0.15469241,Mono.CD14
GTCATCCTCGTTTCGC-6,GARQ,D18,1,40,40,34,0.0031923652,T.CD4.Memory
GCAACAGCATGTCAGC-6,GARQ,D18,1,40,40,20,0.030849159,T.CD8.Effector
CAACAATGTAGGATTT-6,GARQ,D18,1,40,40,35,0.013905406,T.CD4.Memory
AGGATGCAGGAGCAAC-6,GARQ,D18,1,40,40,26,0.047922373,Mono.CD14
ACGGTTTAGAAGCTAG-6,GARQ,D18,1,40,40,7,0.0045138597,T.CD4.Memory
ACCTAAATCCACCTGT-6,GARQ,D18,1,40,40,11,0.031514168,B.Naive
GGCGCTAGTGGAAGGC-6,GARQ,D18,1,40,40,2,0.017509818,Mono.CD14
GCTGTACCAGTACCGT-6,GARQ,D18,1,40,40,39,0.00722456,T.CD4.Memory
ATTGCACAGCTTCTCA-6,GARQ,D18,1,40,40,11,0.006014347,B.Naive
GAGGTGAGTACCGGAT-6,GARQ,D18,1,40,40,19,0.057206154,B.Naive
ACGAACAAGCCGCAAC-6,GARQ,D18,1,40,40,22,0.033660352,T.CD4.Memory
TGAGGGAGTTTACCGT-6,GARQ,D18,1,40,40,35,0.003462553,B.Naive
GGACGAAGTTATCCGT-6,GARQ,D18,1,40,40,19,0.017683983,B.Naive
CGGTTTCTCATTTGTC-6,GARQ,D18,1,40,40,7,0.00111413,T.CD8.Effector
GTACTAATCGTTATAG-6,GARQ,D18,1,40,40,35,0.050211668,B.Naive
TAGCGGCTCAACAAGG-6,GARQ,D18,1,40,40,3,0.14013267,NK
TAGCGGACATATAACC-6,GARQ,D18,1,40,40,31,0.0045369864,B.Naive
GCATCCTTCTTGTTCG-6,GARQ,D18,1,40,40,39,0.010563254,T.CD8.Effector
GCTCTGTTCAAACTCA-6,GARQ,D18,1,40,40,27,0.041500032,T.CD4.Memory
CGGCAATGTGTGAGGA-6,GARQ,D18,1,40,40,35,0.036122322,B.Naive
AGCTACGTCGATTTGA-6,GARQ,D18,1,40,40,37,0.025429487,T.CD4.Memory
GCCCAAATCCGCAAGC-6,GARQ,D18,1,40,40,35,0.062577486,B.Naive
ACAGGCTGTTTAACCC-6,GARQ,D18,1,40,40,22,0.03236091,T.CD4.Memory
CGTTAGGTCACACAGT-6,GARQ,D18,1,40,40,19,0.014711976,B.Naive
AGAGGAACACTAAATC-6,GARQ,D18,1,40,40,4,0.029123902,T.CD4.Naive
TGGCCTTTCGTTTCTG-6,GARQ,D18,1,40,40,24,0.0661149,T.CD4.Naive
GGAACTAAGCTAATTG-6,GARQ,D18,1,40,40,19,0.05300331,B.Naive
CTCATTGTCTGTGCAG-6,GARQ,D18,1,40,40,26,0.045253396,Mono.CD14
CAATGTGGTTGTTGTC-6,GARQ,D18,1,40,40,26,0.15640664,Mono.CD14
CGAATCTAGTAAAGGT-6,GARQ,D18,1,40,40,9,0.13814497,T.CD8.Naive
AATGAAGGTACCTTAC-6,GARQ,D18,1,40,40,31,0.007424116,B.Naive
ACCGGTTCAACTAGAA-6,GARQ,D18,1,40,40,2,0.07998526,Mono.CD14
CCAAACCCAACACTTG-6,GARQ,D18,1,40,40,35,0.06090331,B.Naive
AAACCGCGTCACGAAC-6,GARQ,D18,1,40,40,35,0.07782328,B.Naive
GGAACCTGTTCATTTG-6,GARQ,D18,1,40,40,9,0.0010848045,T.CD4.Memory
GGCTGAGAGACACCGC-6,GARQ,D18,1,40,40,37,0.091564655,T.CD4.Memory
CTTAAGGGTACTTCAC-6,GARQ,D18,1,40,40,31,0.016659379,B.Naive
CTTAATGAGCTAATCA-6,GARQ,D18,1,40,40,2,0.01614976,Mono.CD14
CTACAACAGCTGTAAC-6,GARQ,D18,1,40,40,14,0.038657427,T.CD8.Naive
GGCCAACTCACCATTT-6,GARQ,D18,1,40,40,37,0.09035796,T.CD4.Memory
TGACCTTGTCCTCCAA-6,GARQ,D18,1,40,40,31,0.004642606,B.Naive
GCAAACAAGGAAGTAT-6,GARQ,D18,1,40,40,35,0.0037730932,B.Naive
TAGGGTTTCGTTAGCG-6,GARQ,D18,1,40,40,26,0.08197963,Mono.CD14
ATATGTCCACCACAAC-6,GARQ,D18,1,40,40,26,0.19841552,Mono.CD14
CTAATCTTCATGGTGT-6,GARQ,D18,1,40,40,21,0.06262976,T.CD8.Effector
AGCTTAATCACTTTAC-6,GARQ,D18,1,40,40,2,0.07439566,Mono.CD14
TCCCTCACACATGCTA-6,GARQ,D18,1,40,40,35,0.040581703,B.Naive
GGCGTTATCTCAATTC-6,GARQ,D18,1,40,40,5,0.15400237,NK
GCGGTTGGTTAGTACG-6,GARQ,D18,1,40,40,35,0.01023531,B.Naive
CGAATCTAGTCAGTAC-6,GARQ,D18,1,40,40,7,0.033616543,T.CD4.Memory
CCCTCATAGCAATAGG-6,GARQ,D18,1,40,40,19,0.014380693,B.Naive
CGGGTCTAGGGCTTTG-6,GARQ,D18,1,40,40,4,0.1387195,T.CD4.Memory
TATAACCCAACATAAG-6,GARQ,D18,1,40,40,10,0.08447319,NK
CATAGCTAGCTCCCTG-6,GARQ,D18,1,40,40,26,0.10617244,Mono.CD14
GAACACAAGGAAGCAC-6,GARQ,D18,1,40,40,19,0.0060310364,B.Naive
CCGTGCTGTATTGGAT-6,GARQ,D18,1,40,40,35,0.055078983,B.Naive
TCCATCATCTAATCCT-6,GARQ,D18,1,40,40,15,0.08365023,T.CD8.Naive
AAGTGAAGTTCAAGAT-6,GARQ,D18,1,40,40,26,0.07292473,Mono.CD14
TTTCCACCAGGGAGCT-6,GARQ,D18,1,40,40,5,0.32190633,NK
TGCTATGCACGAATCC-6,GARQ,D18,1,40,40,37,0.011789441,T.CD4.Memory
CAGCATGTCCTAACGG-6,GARQ,D18,1,40,40,7,0.035855412,T.CD8.Effector
CAAAGTGAGCGATACT-6,GARQ,D18,1,40,40,3,0.17313659,NK
CGAAGCCTCCCATAAA-6,GARQ,D18,1,40,40,38,0.020594478,T.CD4.Memory
TTAGGCGTCTGTAATG-6,GARQ,D18,1,40,40,26,0.094397545,Mono.CD14
GTGCCTTTCGCAACAT-6,GARQ,D18,1,40,40,23,0.008414507,T.CD8.Effector
TGTTCATTCGCTAGAT-6,GARQ,D18,1,40,40,39,0.05017233,T.CD4.Memory
ACAGTATGTAAGCTCA-6,GARQ,D18,1,40,40,35,0.030869126,B.Naive
CGGACCTAGTAAGAAC-6,GARQ,D18,1,40,40,37,0.12296224,T.CD4.Memory
TCCAGGTCAATGCCCG-6,GARQ,D18,1,40,40,35,0.011789322,B.Naive
ATGGCCCAGCCTGATG-6,GARQ,D18,1,40,40,35,0.031163454,B.Naive
CTGGACCAGATTGAGG-6,GARQ,D18,1,40,40,26,0.008429885,Mono.CD14
CGGGCTTAGCCTGTGA-6,GARQ,D18,1,40,40,12,0.03125578,T.CD4.Naive
AAGCTATGTTTAACCC-6,GARQ,D18,1,40,40,35,0.019824386,B.Naive
CAATGTCAGTTGGGCC-6,GARQ,D18,1,40,40,26,0.13528419,Mono.CD14
GCCCAAATCCTTCTAG-6,GARQ,D18,1,40,40,39,0.0072099566,T.CD4.Memory
ACCTGGATCAGCAAGA-6,GARQ,D18,1,40,40,26,0.07610738,Mono.CD14
GATAAAGGTTTGTGGA-6,GARQ,D18,1,40,40,29,0.075607955,T.CD4.Memory
GTAGCCATCAAGTGTC-6,GARQ,D18,1,40,40,35,0.05352199,B.Naive
GTTTGTCGTTTGCTGT-6,GARQ,D18,1,40,40,1,0.041076303,T.CD4.Naive
CAAATCATCACTTCAT-6,GARQ,D18,1,40,40,9,0.016009212,T.CD4.Naive
CTTCATCCATCGCTCC-6,GARQ,D18,1,40,40,15,0.01918304,T.CD4.Naive
ATTATGGTCGTTACAA-6,GARQ,D18,1,40,40,16,0.018688738,T.CD4.Naive
AAGAATCAGGCAACAA-6,GARQ,D18,1,40,40,4,0.08244288,T.CD4.Naive
CCAGGATGTGTCCAGG-6,GARQ,D18,1,40,40,9,0.0053701997,T.CD4.Naive
TAGCTTGCATTAGGTT-6,GARQ,D18,1,40,40,10,0.014728069,NK
TTCATCCCATTGTGCA-6,GARQ,D18,1,40,40,24,0.016034484,T.CD4.Naive
ATCCACCTCCCGAAGC-6,GARQ,D18,1,40,40,26,0.07550597,Mono.CD14
GGTTAATGTCATTGTC-6,GARQ,D18,1,40,40,19,0.01913762,B.Naive
ATGGCCGGTTGAGCCG-6,GARQ,D18,1,40,40,14,0.06984341,T.CD8.Naive
TAGCCTTGTTCGCTCA-6,GARQ,D18,1,40,40,31,0.03217864,B.Naive
ACATCAATCTCGCCTG-6,GARQ,D18,1,40,40,1,0.0317232,T.CD8.Naive
ACAACACTCTTGGATA-6,GARQ,D18,1,40,40,26,0.12647176,Mono.CD14
TCGTGCTTCACTAAGC-6,GARQ,D18,1,40,40,18,0.08411741,T.CD4.Memory
ACGCAAGCACAATGTT-6,GARQ,D18,1,40,40,35,0.037369132,B.Naive
CGTTATCGTACCCACC-6,GARQ,D18,1,40,40,26,0.1399889,Mono.CD14
GTGCGCAGTTAGAGCC-6,GARQ,D18,1,40,40,9,0.038355887,T.CD4.Memory
TTGGGCCAGCCGCTAA-6,GARQ,D18,1,40,40,35,0.010920763,B.Naive
GAGCTTAGTTCAAGAT-6,GARQ,D18,1,40,40,7,0.09126443,T.CD8.Effector
TCAAGACTCGGGACCT-6,GARQ,D18,1,40,40,7,0.057228684,T.CD8.Effector
GCAGGACCATCCTGAA-6,GARQ,D18,1,40,40,35,0.023221612,B.Naive
AATGGCGCACAGGATG-6,GARQ,D18,1,40,40,35,0.027376771,B.Naive
TACCTCATCTAGCGTG-6,GARQ,D18,1,40,40,5,0.35290706,NK
CTTTAGTTCCCTCAAC-6,GARQ,D18,1,40,40,2,0.0070841312,Mono.CD14
TGAAGTGAGTCAATTG-6,GARQ,D18,1,40,40,38,0.024710417,T.CD4.Memory
CCTAATCGTAAATTGC-6,GARQ,D18,1,40,40,5,0.6216202,NK
CTACCTCAGGAACGGT-6,GARQ,D18,1,40,40,11,0.03548765,B.Naive
GATTACGGTAAAGCGG-6,GARQ,D18,1,40,40,2,0.035350204,Mono.CD14
GATCGATTCACGCGGT-6,GARQ,D18,1,40,40,5,0.14600831,NK
TTAGGCCCAGCAAATA-6,GARQ,D18,1,40,40,9,0.029333174,T.CD4.Memory
AATAGAGGTTCCATTA-6,GARQ,D18,1,40,40,35,0.0014793873,B.Naive
TAATGCATCCATCAGG-6,GARQ,D18,1,40,40,38,0.019414783,T.CD4.Memory
AAGCTCCCATATAACC-6,GARQ,D18,1,40,40,37,0.0069611073,T.CD8.Effector
CGTACGGGTTACTAGG-6,GARQ,D18,1,40,40,10,0.028144956,NK
CGTTATCGTCGTTATC-6,GARQ,D18,1,40,40,35,0.06889224,B.Naive
AATCCTAAGGCGCATC-6,GARQ,D18,1,40,40,16,0.007833481,T.CD4.Memory
TGTATCCGTGTGCAAC-6,GARQ,D18,1,40,40,28,0.040022135,T.CD4.Naive
CAGCTCAAGGTCATTA-6,GARQ,D18,1,40,40,26,0.20504999,Mono.CD14
GTTTCCTCATCGCTTT-6,GARQ,D18,1,40,40,38,0.030655384,T.CD4.Memory
CATCACACACAAAGAC-6,GARQ,D18,1,40,40,35,0.083838105,B.Naive
AGTGTTTCAAACGGGC-6,GARQ,D18,1,40,40,9,0.08422327,T.CD4.Naive
GCTAGCCAGGCTTAGT-6,GARQ,D18,1,40,40,37,0.04134059,T.CD4.Memory
ATGAGCCGTTAGAGGG-6,GARQ,D18,1,40,40,19,0.034661055,B.Naive
GCGAAGTAGCTATTAG-6,GARQ,D18,1,40,40,35,0.07195616,B.Naive
GCAATAGAGGAGGCAT-6,GARQ,D18,1,40,40,32,0.050096393,T.CD8.Naive
CGGTTATAGCTTTGGG-6,GARQ,D18,1,40,40,35,0.055281162,B.Naive
TTGGAGGCACAATGCC-6,GARQ,D18,1,40,40,35,0.051210523,B.Naive
AGTCTTGCAATACTGT-6,GARQ,D18,1,40,40,8,0.012672663,T.CD8.Naive
TGCTCAACATAGCTGC-6,GARQ,D18,1,40,40,27,0.029040933,T.CD4.Memory
AAATCCGGTGAGCACT-6,GARQ,D18,1,40,40,34,0.08044219,T.CD4.Memory
TTGGCTACATAGACCC-6,GARQ,D18,1,40,40,38,0.04619801,T.CD8.Effector
GCGTGCTAGGACACTT-6,GARQ,D18,1,40,40,27,0.16235602,T.CD4.Memory
TCTAACCGTAAAGCAA-6,GARQ,D18,1,40,40,31,0.040865898,B.Naive
AGAATCTGTACCGGAT-6,GARQ,D18,1,40,40,2,0.17489648,Mono.CD14
ATGGTGCGTCAATAGT-6,GARQ,D18,1,40,40,20,0.036606073,T.CD8.Effector
AGATGCTTCCGTTAAA-6,GARQ,D18,1,40,40,35,0.008536816,B.Naive
TGGACAAAGGGATGAC-6,GARQ,D18,1,40,40,5,0.3339455,NK
ACCGAAGCACGGTTTA-6,GARQ,D18,1,40,40,37,0.13990855,T.CD4.Naive
AATTTGGTCTACTAAG-6,GARQ,D18,1,40,40,26,0.08245802,Mono.CD14
CCGCAAATCACAGACT-6,GARQ,D18,1,40,40,26,0.05302906,Mono.CD14
AACGCCCAGCAGGCCT-6,GARQ,D18,1,40,40,7,0.0811553,T.CD8.Effector
ATCGGCCAGAAGGTGC-6,GARQ,D18,1,40,40,5,0.23107314,NK
CAGGTTAGTAAGGTTT-6,GARQ,D18,1,40,40,26,0.11286044,Mono.CD14
GTAGCGCTCGTTATCT-6,GARQ,D18,1,40,40,31,0.03954661,B.Naive
GTTCACCTCATTGCGG-6,GARQ,D18,1,40,40,9,0.05136192,T.CD4.Naive
GTTCACCTCCCGTTTA-6,GARQ,D18,1,40,40,5,0.27379704,NK
TGTTAGCAGGATCCGC-6,GARQ,D18,1,40,40,35,0.03188193,B.Naive
GTGCTCAAGGAGGCAT-6,GARQ,D18,1,40,40,38,0.11201739,T.CD8.Effector
CTATGGCCACACCAAC-6,GARQ,D18,1,40,40,35,0.0026416779,B.Naive
GAAAGGCTCGTGCTAG-6,GARQ,D18,1,40,40,28,0.018661976,T.CD4.Naive
CAGGACCTCATGGCTG-6,GARQ,D18,1,40,40,5,0.019965887,NK
AAGCGCTGTTGCGTAA-6,GARQ,D18,1,40,40,31,0.0061553717,B.Naive
TTCCCGCCATGCAACC-6,GARQ,D18,1,40,40,27,0.010831475,T.CD4.Memory
ACTTAGGGTTGGCGTG-6,GARQ,D18,1,40,40,8,0.083752215,T.CD4.Naive
CTGCTCCCACATAGCC-6,GARQ,D18,1,40,40,5,0.24678504,NK
CATGGCGGTCATAACG-6,GARQ,D18,1,40,40,24,0.032700717,T.CD4.Naive
CTCGCTAGTTAAGGTT-6,GARQ,D18,1,40,40,37,0.023909211,T.CD8.Naive
TCTCAATTCATGGTGT-6,GARQ,D18,1,40,40,27,0.07851839,T.CD4.Memory
CAGTACCCATAGTCAT-6,GARQ,D18,1,40,40,7,0.06260574,T.CD8.Effector
CCGCTAAAGCTTTGGG-6,GARQ,D18,1,40,40,3,0.02390182,NK
GAGGCCTTCGAAGTGA-6,GARQ,D18,1,40,40,38,0.107140064,T.CD4.Memory
GGAAGCTAGGGTTAGA-6,GARQ,D18,1,40,40,7,0.08038199,T.CD8.Effector
TATCGCGAGAGGAGGA-6,GARQ,D18,1,40,40,5,0.15519524,NK
GGGTTTCCAGTAAAGC-6,GARQ,D18,1,40,40,9,0.012797594,T.CD4.Memory
GCTAAGAAGCCGCTTT-6,GARQ,D18,1,40,40,38,0.16214633,T.CD4.Memory
AGGAGCTAGGGATGCG-6,GARQ,D18,1,40,40,15,0.09292787,T.CD4.Naive
GTTACAGGTTGTTCAC-6,GARQ,D18,1,40,40,26,0.07018602,Mono.CD14
TGCGGTTCATGTCAAT-6,GARQ,D18,1,40,40,37,0.048175573,T.CD4.Memory
ATGACCAGTGAGAAAC-6,GARQ,D18,1,40,40,11,0.034066796,B.Naive
GTCTAACAGTTATTCC-6,GARQ,D18,1,40,40,5,0.22126758,NK
AACCTCCTCTAACCAA-6,GARQ,D18,1,40,40,5,0.22655231,NK
AGCTAACTCTTGGACG-6,GARQ,D18,1,40,40,23,0.007215798,T.CD4.Memory
GCCCGTTGTCATCAAG-6,GARQ,D18,1,40,40,7,0.004675269,T.CD8.Effector
GATTATGTCGCTAGCA-6,GARQ,D18,1,40,40,23,0.01886338,T.CD4.Memory
ACGCCACAGCTAAGTC-6,GARQ,D18,1,40,40,38,0.05117762,T.CD4.Memory
CAATGCCCAGTTTACG-6,GARQ,D18,1,40,40,25,0.046664715,T.CD4.Naive
CAAAGGATCCATAATG-6,GARQ,D18,1,40,40,27,0.008603215,T.CD4.Memory
CTTTAGTTCCACCCTG-6,GARQ,D18,1,40,40,7,0.024434805,T.CD8.Effector
GGCGGTAAGTCTGGGC-6,GARQ,D18,1,40,40,31,0.0035408735,B.Naive
ACCAAACTCTGCAAAC-6,GARQ,D18,1,40,40,27,0.008260608,T.CD4.Naive
CTAGTTGCATCTTGAG-6,GARQ,D18,1,40,40,7,0.18876123,T.CD4.Memory
CGTCATTGTTGTGACA-6,GARQ,D18,1,40,40,10,0.021239698,T.CD8.Effector
CAATAGCTCGGCCATA-6,GARQ,D18,1,40,40,5,0.31778204,NK
ACTTGTCGTTAGACCA-6,GARQ,D18,1,40,40,9,0.08964813,T.CD4.Naive
TATCACGCAAAGCTAA-6,GARQ,D18,1,40,40,9,0.0027284622,T.CD4.Naive
GCGGAACCACCCTCAC-6,GARQ,D18,1,40,40,27,0.11333513,T.CD4.Memory
AGTAACGAGACAACAG-6,GARQ,D18,1,40,40,20,0.031807065,T.CD8.Effector
CAACCCGCAGCCTAAC-6,GARQ,D18,1,40,40,7,0.09284067,T.CD4.Memory
ACTCACCTCGAGCAAA-6,GARQ,D18,1,40,40,38,0.032401085,T.CD4.Memory
GTGTTACAGGCATGAA-6,GARQ,D18,1,40,40,28,0.013151169,T.CD4.Naive
GCTATAGGTCACACCC-6,GARQ,D18,1,40,40,5,0.19261068,NK
CTAGTGAGTCATAACG-6,GARQ,D18,1,40,40,9,0.039684653,T.CD4.Naive
AAGGATCCAGCTCAAC-6,GARQ,D18,1,40,40,38,0.0792892,T.CD8.Effector
GGTGAGTAGTGAGGTA-6,GARQ,D18,1,40,40,18,0.024393082,T.CD8.Naive
GTTTCAGCAGGCATCT-6,GARQ,D18,1,40,40,37,0.16300476,T.CD4.Memory
TTGTTGTTCAAACACC-6,GARQ,D18,1,40,40,1,0.10392982,T.CD8.Effector
AAGCTAGAGTTGGCCA-6,GARQ,D18,1,40,40,11,0.02246046,B.Naive
TCCTCACAGGACAACA-6,GARQ,D18,1,40,40,27,0.055701613,T.CD4.Memory
ATGACTCAGTAACTCA-6,GARQ,D18,1,40,40,5,0.034231246,NK
TCATTACTCGTTCACC-6,GARQ,D18,1,40,40,9,0.05789423,T.CD4.Naive
GGCCAACTCATCCTCA-6,GARQ,D18,1,40,40,9,0.14124441,T.CD4.Naive
AATTGTGTCCCGTTTA-6,GARQ,D18,1,40,40,28,0.084383845,T.CD4.Memory
TGCGCGAGTAACGAGG-6,GARQ,D18,1,40,40,31,0.005167961,B.Naive
CGCAATGTCCTTTACG-6,GARQ,D18,1,40,40,7,0.10887003,T.CD8.Effector
CATAATCCATCCTGAA-6,GARQ,D18,1,40,40,1,0.036055684,T.CD4.Naive
TGGTTGAGTGGACCTG-6,GARQ,D18,1,40,40,9,0.01772058,T.CD4.Naive
AAGTTACGTTGCTGGG-6,GARQ,D18,1,40,40,37,0.03906858,T.CD4.Memory
TTCGCAACAAACTAAG-6,GARQ,D18,1,40,40,2,0.0155489445,Mono.CD14
GGTGTTGTCCTTCGTA-6,GARQ,D18,1,40,40,9,0.105825186,T.CD4.Naive
AAGCTAGAGCCTGTTC-6,GARQ,D18,1,40,40,5,0.18028808,NK
TCTCACCAGGAGTCGG-6,GARQ,D18,1,40,40,38,0.0534966,T.CD4.Memory
CTAGGACGTCATTACC-6,GARQ,D18,1,40,40,19,0.03389764,B.Naive
CCAACATAGGAGTCGG-6,GARQ,D18,1,40,40,27,0.026101708,T.CD4.Memory
AGTGAACCATAAAGCA-6,GARQ,D18,1,40,40,5,0.49076414,NK
GACCTAGTCGGTAACT-6,GARQ,D18,1,40,40,4,0.44882452,T.CD4.Memory
AATTTGGTCTAAATCG-6,GARQ,D18,1,40,40,20,0.012316942,T.CD4.Memory
AGCGGACCACAACAGG-6,GARQ,D18,1,40,40,39,0.012863994,T.CD8.Effector
ACGACAAAGCGGATAA-6,GARQ,D18,1,40,40,7,0.042762518,T.CD8.Effector
TTGAGCTAGTGTGATC-6,GARQ,D18,1,40,40,7,0.022699714,T.CD8.Effector
GATTAGTGTGAAGCCT-6,GARQ,D18,1,40,40,5,0.17194802,NK
CCAGCTAAGTTTCCGC-6,GARQ,D18,1,40,40,9,0.039194226,T.CD4.Naive
GGATATTGTGGTGAGA-6,GARQ,D18,1,40,40,14,0.01845944,T.CD4.Naive
GTCTTTAGTTACATCC-6,GARQ,D18,1,40,40,9,0.09169304,T.CD4.Naive
CCATCACTCCGCAACA-6,GARQ,D18,1,40,40,9,0.032982588,T.CD4.Naive
GATGCAGCAGGGAGCT-6,GARQ,D18,1,40,40,9,0.092665374,T.CD4.Naive
GAAGGCCCAGTTTGTG-6,GARQ,D18,1,40,40,20,0.013043821,T.CD8.Effector
TCCTGTTCACATGCTA-6,GARQ,D18,1,40,40,9,0.08216846,T.CD8.Naive
AAGGTATAGTTAGCCG-6,GARQ,D18,1,40,40,27,0.052491665,T.CD8.Naive
GGTTGGTGTATTCGTC-6,GARQ,D18,1,40,40,5,0.06300086,NK
GGAGTGAGTAATCGGC-6,GARQ,D18,1,40,40,9,0.14218438,T.CD4.Memory
GTCCTCCCAATCTCTC-6,GARQ,D18,1,40,40,9,0.17629719,T.CD4.Naive
CTGGTCAAGTCATTTC-6,GARQ,D18,1,40,40,28,0.09821355,T.CD4.Memory
GCTGTGCAGCGGATAA-6,GARQ,D18,1,40,40,24,0.018336773,T.CD4.Naive
CTAATTGAGGACAACA-6,GARQ,D18,1,40,40,15,0.0011661053,T.CD4.Naive
AAGCTTGGTTGCAGTA-6,GARQ,D18,1,40,40,26,0.02814591,Mono.CD14
TGGCTTTGTTAGGCTA-6,GARQ,D18,1,40,40,26,0.16158378,Mono.CD14
GTGCGCAGTGAAGCCT-6,GARQ,D18,1,40,40,5,0.42266488,NK
CGTTATTTCGGTACGC-6,GARQ,D18,1,40,40,7,0.045607507,T.CD4.Memory
ATATGGTGTGTGAGGA-6,GARQ,D18,1,40,40,18,0.0703907,T.CD4.Naive
AAGCCTTAGGAGGTTA-6,GARQ,D18,1,40,40,9,0.112270474,T.CD8.Naive
AAGCGAATCCTAGTTT-6,GARQ,D18,1,40,40,20,0.026032686,T.CD4.Memory
GCATATATCGATCAGT-6,GARQ,D18,1,40,40,37,0.003605485,T.CD4.Memory
CAGCATTAGGGCTTAT-6,GARQ,D18,1,40,40,18,0.12012744,T.CD4.Naive
TCTTAGTTCCAAGTTA-6,GARQ,D18,1,40,40,36,0.02191019,T.CD8.Naive
TTGGGCCAGGCGCTAC-6,GARQ,D18,1,40,40,37,0.041505933,T.CD4.Memory
TCCGGAATCAGCAAAG-6,GARQ,D18,1,40,40,9,0.042262256,T.CD4.Naive
CCTGGATCATCAATCG-6,GARQ,D18,1,40,40,24,0.10346568,T.CD4.Naive
GAGCCACTCCGGCTAA-6,GARQ,D18,1,40,40,5,0.34463644,NK
GCAGCAACAAGCGATG-6,GARQ,D18,1,40,40,9,0.012177229,T.CD4.Naive
GGTTCTTGTGTAACCA-6,GARQ,D18,1,40,40,9,0.071407676,T.CD4.Naive
CGTCAATAGTTGTCAA-6,GARQ,D18,1,40,40,18,0.013423204,T.CD4.Naive
CGTAACCCACCTAAGC-6,GARQ,D18,1,40,40,5,0.41256487,NK
AGCGGACCAGCAACCT-6,GARQ,D18,1,40,40,5,0.616899,NK
ATATGTCCAACACCTA-6,GARQ,D18,1,40,40,18,0.116616726,T.CD4.Naive
GAGTAATAGCTATGAC-6,GARQ,D18,1,40,40,9,0.12170291,T.CD4.Naive
TAGCATATCATTGCAA-6,GARQ,D18,1,40,40,18,0.0022118092,T.CD4.Naive
TCATTGCGTACTTCAC-6,GARQ,D18,1,40,40,28,0.052761495,T.CD4.Naive
AGTGAGTCACCAAAGG-6,GARQ,D18,1,40,40,37,0.100878716,T.CD4.Naive
TGGATTCAGGAGCATA-6,GARQ,D18,1,40,40,38,0.056437016,T.CD8.Effector
ACAGCGCTCCCGTTAC-6,GARQ,D18,1,40,40,5,0.033581793,NK
TGACTCCTCCTTAGTT-6,GARQ,D18,1,40,40,9,0.005861044,T.CD4.Naive
GAGTTACTCAAGTGAG-6,GARQ,D18,1,40,40,21,0.034267962,T.CD4.Memory
TAGTGAGAGGGTCTAT-6,GARQ,D18,1,40,40,9,0.08461028,T.CD4.Memory
GGGTGAAGTGCACGCA-6,GARQ,D18,1,40,40,8,0.11226046,T.CD8.Naive
AAGCTTGGTTAGCCAA-6,GARQ,D18,1,40,40,34,0.0495584,T.CD4.Naive
AGTGAACCATTAAGTC-6,GARQ,D18,1,40,40,28,0.07791895,T.CD4.Naive
GTTCATTTCCCTCACG-6,GARQ,D18,1,40,40,18,0.024170399,T.CD8.Naive
ACAACATGTTGTTGGA-6,GARQ,D18,1,40,40,5,0.20157993,NK
CGTGAGGAGGCATTGT-6,GARQ,D18,1,40,40,36,0.008903027,T.CD4.Naive
AGGTCAAAGGGACCTC-6,GARQ,D18,1,40,40,9,0.013985753,T.CD4.Naive
TGTTAGCAGTCAGTAC-6,GARQ,D18,1,40,40,17,0.03997606,T.CD4.Naive
GCTTTATTCCATCAGG-6,GARQ,D18,1,40,40,21,0.052937627,T.CD4.Memory
TCATACTTCGGTTAGT-6,GARQ,D18,1,40,40,37,0.0806458,T.CD4.Memory
TTAGTCAAGAAGCTAG-6,GARQ,D18,1,40,40,9,0.07729596,T.CD4.Memory
AGCGGATAGCAAGGAC-6,GARQ,D18,1,40,40,28,0.048529327,T.CD4.Memory
TTTGTCTAGTCATTGA-6,GARQ,D18,1,40,40,38,0.03305304,T.CD8.Effector
TGTTGCACACGAATCC-6,GARQ,D18,1,40,40,9,0.019718766,T.CD4.Naive
TGTTAGCAGTGAGGTA-6,GARQ,D18,1,40,40,22,0.059588015,T.CD4.Memory
AGTTGGCGTTCCTCCT-6,GARQ,D18,1,40,40,21,0.030515313,T.CD8.Effector
ACACCTTGTGTTAAAC-6,GARQ,D18,1,40,40,28,0.020767808,T.CD4.Naive
AAAGCCGCACTAGGTC-6,GARQ,D18,1,40,40,9,0.011402249,T.CD4.Naive
TGTATCGCAAACTCAT-6,GARQ,D18,1,40,40,9,0.07520568,T.CD4.Naive
AGCCAGTGTAGCTAAT-6,GARQ,D18,1,40,40,2,0.03999996,Mono.CD14
GTGAACAAGAACAAGT-6,GARQ,D18,1,40,40,19,0.014455318,B.Naive
ACTTACTTCCGCCTAT-6,GARQ,D18,1,40,40,21,0.017652392,T.CD8.Naive
GGTGTCCAGCTGGCTA-6,GARQ,D18,1,40,40,37,0.07149702,T.CD4.Naive
AGTTGGCGTATACTGG-6,GARQ,D18,1,40,40,24,0.018033624,T.CD8.Naive
TTTCTCACAAACTAAG-6,GARQ,D18,1,40,40,22,0.0793705,T.CD4.Memory
CTCATTGTCGATATTG-6,GARQ,D18,1,40,40,12,0.17067313,T.CD4.Memory
GGACTAAAGCGATAGA-6,GARQ,D18,1,40,40,9,0.11196494,T.CD4.Memory
TAGGTTGGTGAAGCCT-6,GARQ,D18,1,40,40,9,0.12709856,T.CD4.Memory
CCTGTTGGTAATAGCT-6,GARQ,D18,1,40,40,35,0.04152155,B.Naive
GCAGGAAGTCATAGAT-6,GARQ,D18,1,40,40,38,0.018484771,T.CD4.Memory
AGAAGGTGTGGAAACG-6,GARQ,D18,1,40,40,19,0.03706503,B.Naive
CTCATGACAAGTGTTT-6,GARQ,D18,1,40,40,28,0.028774858,T.CD4.Memory
ATCACACAGGAGGGTT-6,GARQ,D18,1,40,40,15,0.016588688,T.CD4.Naive
TGATTCAAGAGGAGGA-6,GARQ,D18,1,40,40,37,0.012518883,T.CD4.Memory
AGGCAATCATTCCTCG-6,GARQ,D18,1,40,40,35,0.011220217,B.Naive
TGTCAGTAGACAACGA-6,GARQ,D18,1,40,40,5,0.28392148,NK
TCAGCCTTCGGCTATG-6,GARQ,D18,1,40,40,9,0.0069835186,T.CD4.Naive
ATGGCTTAGCCACAAT-6,GARQ,D18,1,40,40,34,0.03284228,T.CD4.Naive
ACCATAATCGCTATAA-6,GARQ,D18,1,40,40,18,0.0833081,T.CD8.Naive
TGTGAAACACGTAATT-6,GARQ,D18,1,40,40,14,0.013648391,T.CD4.Naive
AGCCTAAGTTTACTTG-6,GARQ,D18,1,40,40,38,0.07443631,T.CD8.Effector
ATGGCTGTCCAACTGG-6,GARQ,D18,1,40,40,9,0.0485245,T.CD4.Naive
CTTAACAAGCTATGAC-6,GARQ,D18,1,40,40,9,0.029119492,T.CD4.Naive
GCTAACAGTCATAACG-6,GARQ,D18,1,40,40,9,0.0032887459,T.CD4.Naive
CTAGCGGGTTCGGTAA-6,GARQ,D18,1,40,40,5,0.18253148,NK
GCTAGCTCATGTGGGA-6,GARQ,D18,1,40,40,9,0.04719144,T.CD4.Naive
GGCTAGACACATTAAC-6,GARQ,D18,1,40,40,21,0.044217944,T.CD4.Naive
CTCATCATCAATCTAG-6,GARQ,D18,1,40,40,9,0.058748126,T.CD8.Naive
GGCAAGCCAGGCTACT-6,GARQ,D18,1,40,40,27,0.06990838,T.CD4.Naive
TACCAAATCGCGCTAA-6,GARQ,D18,1,40,40,5,0.035892725,NK
TTTACGCGTCATAGAT-6,GARQ,D18,1,40,40,9,0.03531277,T.CD4.Naive
GGCATTAGTGCTTTAC-6,GARQ,D18,1,40,40,14,0.017001152,T.CD8.Naive
TTCAGTTTCGATTCTT-6,GARQ,D18,1,40,40,27,0.024491787,T.CD4.Memory
GATGACTTCCAGGTTG-6,GARQ,D18,1,40,40,20,0.00032913685,T.CD8.Naive
TGAAGTGAGTTGTCAA-6,GARQ,D18,1,40,40,37,0.06630707,T.CD4.Naive
AAGACATAGCCTGATG-6,GARQ,D18,1,40,40,37,0.06979418,T.CD4.Memory
TTACAGCAGGTTAGCT-6,GARQ,D18,1,40,40,5,0.15914345,T.CD8.Effector
GCTGTGATCCTTAATC-6,GARQ,D18,1,40,40,32,0.018397689,T.CD4.Memory
GTATTGATCAAGGACA-6,GARQ,D18,1,40,40,7,0.39665842,T.CD8.Effector
GTGCACGGTCCAAGAC-6,GARQ,D18,1,40,40,5,0.17236817,NK
ATGAGCCGTCATAGAT-6,GARQ,D18,1,40,40,8,0.022708774,T.CD4.Naive
GGGCTAACACTAAATC-6,GARQ,D18,1,40,40,9,0.1096884,T.CD4.Naive
ATGCCTGAGGCGGATG-6,GARQ,D18,1,40,40,37,0.11781299,T.CD4.Memory
TACCTTAGTTCCGCAC-6,GARQ,D18,1,40,40,18,0.02362305,T.CD4.Naive
GTTGCATAGAGAAGGG-6,GARQ,D18,1,40,40,14,0.024298668,T.CD8.Naive
CGCATTACACAGGATG-6,GARQ,D18,1,40,40,9,0.16485488,T.CD4.Naive
GCGGAACCACAAACTT-6,GARQ,D18,1,40,40,9,0.08270627,T.CD4.Memory
GCTGGATGTTCACCCA-6,GARQ,D18,1,40,40,35,0.05068493,B.Naive
TCCACAACAAGGACCA-6,GARQ,D18,1,40,40,37,0.072609305,T.CD8.Effector
AGGCCCAGTTCTTTAG-6,GARQ,D18,1,40,40,29,0.0020229816,T.CD8.Naive
CGCTATGAGTTACCGG-6,GARQ,D18,1,40,40,37,0.012477577,T.CD4.Memory
TGGCCATCAACCCTCC-6,GARQ,D18,1,40,40,28,0.0839414,T.CD4.Naive
TAGGCTGTCATCCTCA-6,GARQ,D18,1,40,40,36,0.012497902,T.CD4.Naive
TAGCATATCCTAATTC-6,GARQ,D18,1,40,40,24,0.050327897,T.CD4.Naive
TTTGTGTTCGTCCTTA-6,GARQ,D18,1,40,40,18,0.08369374,T.CD4.Naive
TTGTGTGCATGACTAT-6,GARQ,D18,1,40,40,9,0.059841037,T.CD4.Naive
GCAGGTTGTCTAACCT-6,GARQ,D18,1,40,40,37,0.0747478,T.CD4.Memory
GGCAAATCAAAGCGGC-6,GARQ,D18,1,40,40,28,0.026831865,T.CD8.Naive
GGACATAAGACTATTG-6,GARQ,D18,1,40,40,9,0.11590302,T.CD4.Naive
GCAGGTGAGGTCCTGA-6,GARQ,D18,1,40,40,37,0.0048422813,T.CD4.Naive
GGACGGATCTTGAGGT-6,GARQ,D18,1,40,40,7,0.03636539,T.CD8.Effector
AGACAATAGGCAGGTG-6,GARQ,D18,1,40,40,14,0.09344685,T.CD4.Naive
GGCTATTAGACAAACG-6,GARQ,D18,1,40,40,28,0.06818092,T.CD4.Memory
ATCATCAAGTGAGGGT-6,GARQ,D18,1,40,40,5,0.30970633,NK
TTACCGTGTCTTGCTG-6,GARQ,D18,1,40,40,26,0.11159122,Mono.CD14
AGGCAGGTCTGCAAGT-6,GARQ,D18,1,40,40,9,0.15413463,T.CD4.Memory
TGATTCAAGTCAGGCC-6,GARQ,D18,1,40,40,9,0.070503116,T.CD4.Memory
TCAAGGAAGCTTTGGG-6,GARQ,D18,1,40,40,18,0.028254211,T.CD4.Naive
TAGAGCCGTTACAACG-6,GARQ,D18,1,40,40,9,0.04078448,T.CD4.Naive
AAAGCCGCAGCTTAAT-6,GARQ,D18,1,40,40,9,0.05196452,T.CD8.Effector
CAGCATGTCCTAGTCC-6,GARQ,D18,1,40,40,20,0.041128755,T.CD4.Memory
AGCTTTAAGCACCACA-6,GARQ,D18,1,40,40,38,0.10096407,T.CD8.Effector
CTTCAATTCCTCATCA-6,GARQ,D18,1,40,40,9,0.0103286505,T.CD4.Naive
ATTGGCTAGATTCCTT-6,GARQ,D18,1,40,40,19,0.012352347,B.Naive
GAAGTGATCCTGGTCT-6,GARQ,D18,1,40,40,9,0.21182251,T.CD4.Naive
TTCCACGGTGTTTGTC-6,GARQ,D18,1,40,40,9,0.11314857,T.CD4.Naive
AAAGGAGCACCTCGCT-6,GARQ,D18,1,40,40,22,0.018949687,T.CD4.Memory
AGCGCCTAGCCTGTGA-6,GARQ,D18,1,40,40,9,0.07662892,T.CD4.Naive
GCATATATCTTAAGTG-6,GARQ,D18,1,40,40,16,0.10882747,T.CD4.Memory
CCTATTGTCATGAGCT-6,GARQ,D18,1,40,40,37,0.017095447,T.CD4.Memory
TCGTAATCAGCGCTTG-6,GARQ,D18,1,40,40,7,0.0076088905,T.CD8.Effector
AACAGATAGCCGCAGT-6,GARQ,D18,1,40,40,5,0.3965329,NK
AGCTAAACACGGTTTA-6,GARQ,D18,1,40,40,18,0.025712252,T.CD8.Naive
CTAGGACGTCCTTTAA-6,GARQ,D18,1,40,40,9,0.025059342,T.CD4.Naive
TTAGCAATCCTTAAGA-6,GARQ,D18,1,40,40,9,0.0053374767,T.CD4.Naive
AGAAAGGCACTTAACG-6,GARQ,D18,1,40,40,9,0.32746553,T.CD4.Naive
TACCAAATCCACCTTA-6,GARQ,D18,1,40,40,37,0.043904185,T.CD4.Memory
CAAACCGTCTGTAAGC-6,GARQ,D18,1,40,40,22,0.06723046,T.CD4.Memory
ATCGAGGCATAGCTTG-6,GARQ,D18,1,40,40,9,0.029824376,T.CD4.Naive
GCTTAAATCCAAATCA-6,GARQ,D18,1,40,40,16,0.08104384,T.CD4.Memory
GGGAGTAGTTCAAGCA-6,GARQ,D18,1,40,40,9,0.036090016,T.CD4.Naive
GACACCGGTATTGTCC-6,GARQ,D18,1,40,40,35,0.020577192,B.Naive
TGAAACTGTTCACCCA-6,GARQ,D18,1,40,40,37,0.28151536,T.CD4.Memory
GCCTATTGTCGCAAAC-6,GARQ,D18,1,40,40,23,0.016198337,T.CD4.Memory
CAAACCGTCCGTTAAA-6,GARQ,D18,1,40,40,28,0.016255498,T.CD4.Naive
CAATGTGGTGTTTGTC-6,GARQ,D18,1,40,40,37,0.05822873,T.CD4.Memory
GACCTTTGTTTAGCTC-6,GARQ,D18,1,40,40,9,0.1153028,T.CD4.Naive
GGGTCAACACGCAACT-6,GARQ,D18,1,40,40,18,0.040979445,T.CD4.Naive
ACCCTGTTCTGTAAGC-6,GARQ,D18,1,40,40,38,0.09372342,T.CD4.Memory
AAGCGTTTCTGGCTTC-6,GARQ,D18,1,40,40,37,0.027433991,T.CD4.Naive
CCGTGCTGTGCAATAT-6,GARQ,D18,1,40,40,9,0.038862348,T.CD8.Naive
GTTACCTGTCCGCTGT-6,GARQ,D18,1,40,40,18,0.0073586702,T.CD4.Naive
CTTAGGAGTTTACTTG-6,GARQ,D18,1,40,40,9,0.06240928,T.CD4.Memory
AACCGGCTCATTTGCT-6,GARQ,D18,1,40,40,9,0.07186997,T.CD4.Naive
CCTACTGGTCATTAGG-6,GARQ,D18,1,40,40,19,0.041011214,B.Naive
TCAAGTATCATAGCCG-6,GARQ,D18,1,40,40,20,0.0056575537,T.CD8.Effector
ATAGGTACATGAGTTT-6,GARQ,D18,1,40,40,9,0.027923703,T.CD4.Memory
ATTGTGATCAGCCAAT-6,GARQ,D18,1,40,40,34,0.10368335,T.CD4.Memory
GATTCCTGTTTGCAGA-6,GARQ,D18,1,40,40,9,0.02390039,T.CD4.Naive
GGTTAGCGTGCTTAGA-6,GARQ,D18,1,40,40,18,0.04695916,T.CD4.Naive
GGAACAATCCTTGCAC-6,GARQ,D18,1,40,40,37,0.060943365,T.CD4.Memory
CGCAATTAGTGGACAA-6,GARQ,D18,1,40,40,18,0.027198076,T.CD4.Naive
CAAGAACCATAGCGGA-6,GARQ,D18,1,40,40,32,0.06341076,T.CD8.Effector
GGTCCATCACCTATAG-6,GARQ,D18,1,40,40,25,0.048530698,T.CD4.Naive
AGTTGGCGTATTGGTG-6,GARQ,D18,1,40,40,39,0.024908066,T.CD4.Memory
TCTTAGCGTTACCTGT-6,GARQ,D18,1,40,40,2,0.0069019794,Mono.CD14
ACGAATCTCCGTTATT-6,GARQ,D18,1,40,40,9,0.16211796,T.CD8.Naive
TGTGTTAAGAATGACG-6,GARQ,D18,1,40,40,37,0.028771162,T.CD4.Memory
CTATGATCATCAATCG-6,GARQ,D18,1,40,40,9,0.045986533,T.CD4.Memory
ACCGGTTCAAGCCACT-6,GARQ,D18,1,40,40,9,0.023719788,T.CD4.Memory
TTGTCCATCAAGACTC-6,GARQ,D18,1,40,40,24,0.05432594,T.CD4.Naive
TATCACAAGTCTGGGC-6,GARQ,D18,1,40,40,18,0.04014945,T.CD4.Naive
AAGGATCCACCTACGG-6,GARQ,D18,1,40,40,18,0.03009379,T.CD4.Naive
GAGGAGGCAAGGTCGA-6,GARQ,D18,1,40,40,18,0.0074341297,T.CD8.Naive
GTGAGGAGTTAGACCA-6,GARQ,D18,1,40,40,9,0.042175055,T.CD4.Memory
TCCGGTTTCATGACCG-6,GARQ,D18,1,40,40,7,0.1681931,T.CD8.Effector
TAATGGACATTATGAC-6,GARQ,D18,1,40,40,14,0.07729626,T.CD4.Naive
GTTACAGGTTGTGACA-6,GARQ,D18,1,40,40,29,0.009960175,T.CD4.Memory
CTGCTATGTGTTCCCA-6,GARQ,D18,1,40,40,5,0.072592735,T.CD8.Effector
CGGACAACACGTTACA-6,GARQ,D18,1,40,40,18,0.09057754,T.CD8.Naive
TTAATCGAGCGCTAAT-6,GARQ,D18,1,40,40,2,0.04002011,Mono.CD14
CTTCAAGCATGTCGCG-6,GARQ,D18,1,40,40,28,0.025751352,T.CD4.Naive
TTGTGCCTCATGTTTC-6,GARQ,D18,1,40,40,35,0.00316751,B.Naive
TTTACGCGTTAGGATT-6,GARQ,D18,1,40,40,9,0.021155238,T.CD4.Naive
TCAAGCTAGCCAGGTC-6,GARQ,D18,1,40,40,5,0.13845336,NK
AAAGCAAGTCACGAAC-6,GARQ,D18,1,40,40,9,0.010077357,T.CD4.Memory
TACGTTAAGGCTATGT-6,GARQ,D18,1,40,40,9,0.030302048,T.CD4.Naive
ATATGCTCAGGACACA-6,GARQ,D18,1,40,40,7,0.11493027,T.CD4.Memory
GTGCTGATCTTGCATT-6,GARQ,D18,1,40,40,9,0.27888536,T.CD4.Naive
AGGTTTATCCCTGACT-6,GARQ,D18,1,40,40,20,0.020190954,T.CD8.Effector
CGAAGGCCAGGATTAA-6,GARQ,D18,1,40,40,24,0.013826132,T.CD4.Naive
ACCCGTAAGGAGTAAT-6,GARQ,D18,1,40,40,18,0.026682138,T.CD4.Naive
ATCCTCATCTTAGGAC-6,GARQ,D18,1,40,40,9,0.00911665,T.CD4.Memory
TCGTTAAAGGGTCCAC-6,GARQ,D18,1,40,40,28,0.018325567,T.CD8.Naive
TAGTAGGAGCCAGGTC-6,GARQ,D18,1,40,40,7,0.17226994,T.CD8.Effector
TATTTGCTCGAGGTGG-6,GARQ,D18,1,40,40,18,0.027207136,T.CD4.Naive
TGCGATTAGGGTGAGT-6,GARQ,D18,1,40,40,32,0.023107886,T.CD4.Memory
ATCCTCATCTTAATGG-6,GARQ,D18,1,40,40,9,0.1278131,T.CD4.Naive
GCAATATGTCGCAAAC-6,GARQ,D18,1,40,40,32,0.0051596165,T.CD8.Effector
CACAATATCGATTATG-4,GARQ,D18,1,40,40,26,0.036085367,Mono.CD14
CCTACTGGTTTCAGGA-4,GARQ,D18,1,40,40,26,0.0989486,Mono.CD14
TAGTAAGCATAGCAGG-4,GARQ,D18,1,40,40,26,0.16805017,Mono.CD16
TAGCATATCTTTGAGA-4,GARQ,D18,1,40,40,26,0.10816115,DC.Myeloid
CACTAAGGTGACATAT-4,GARQ,D18,1,40,40,26,0.028776288,Mono.CD14
GGTTAATGTTGAGGTC-4,GARQ,D18,1,40,40,37,0.0038104057,T.CD8.Effector
GCAGGATAGCAAGATG-4,GARQ,D18,1,40,40,11,0.032566786,B.Naive
TATGACTCAGTTTGGC-4,GARQ,D18,1,40,40,27,0.058562756,T.CD8.Naive
GTATTCAAGGAGCAAC-4,GARQ,D18,1,40,40,4,0.049792647,T.CD8.Effector
GAACACAAGTCATGCG-4,GARQ,D18,1,40,40,38,0.15265703,T.CD8.Effector
GTGTCCAAGTTAGAGG-4,GARQ,D18,1,40,40,26,0.14208686,Mono.CD14
ACGAATCTCTTTGTAC-4,GARQ,D18,1,40,40,26,0.025750875,Mono.CD14
CATAGACTCCGTCCAT-4,GARQ,D18,1,40,40,26,0.022256851,Mono.CD14
TGGGCCTAGTAACGAG-4,GARQ,D18,1,40,40,26,0.103667736,Mono.CD14
GGTCATTAGATTGAGG-4,GARQ,D18,1,40,40,2,0.022574663,Mono.CD14
TCGCGAGGTTTGAGGC-4,GARQ,D18,1,40,40,26,0.06876385,Mono.CD14
ACTTGCACACCAAAGG-4,GARQ,D18,1,40,40,30,0.0053910017,T.CD8.Effector
GTCTTTGTCATTTGCT-4,GARQ,D18,1,40,40,19,1.9669533e-05,B.Naive
TGTTGCACAAATACCT-4,GARQ,D18,1,40,40,13,0.069262266,NK
TATGGGCGTTGTTGTC-4,GARQ,D18,1,40,40,4,0.025698304,T.CD4.Memory
TTAGCGGTCGGCCAGT-4,GARQ,D18,1,40,40,4,0.128021,T.CD4.Naive
CGAAATGAGGCTAGAA-4,GARQ,D18,1,40,40,26,0.122609854,Platelets
TTTGGTAAGCATGACT-4,GARQ,D18,1,40,40,4,0.066140056,T.CD4.Memory
GCTGTACCAGGACCAA-4,GARQ,D18,1,40,40,33,0.033923626,B.Naive
TCTCAAGCAGTATGTT-4,GARQ,D18,1,40,40,19,0.009554863,B.Naive
CCCGTAAAGGGTCTAT-4,GARQ,D18,1,40,40,2,0.011822581,Mono.CD14
CAGCTCAAGCGAAGTA-4,GARQ,D18,1,40,40,4,0.12672794,T.CD4.Memory
TACGTAATCATCCTGC-4,GARQ,D18,1,40,40,19,0.064130664,B.Naive
CGACCTGCATGCAACC-4,GARQ,D18,1,40,40,2,0.0026453733,T.CD4.Memory
CAATGAACAGCTTACA-4,GARQ,D18,1,40,40,21,0.11921966,T.CD4.Memory
TGCTTCATCCCTCTAA-4,GARQ,D18,1,40,40,26,0.30831933,Mono.CD14
ACCTTGCTCGGTTAGT-4,GARQ,D18,1,40,40,38,0.011086345,T.CD4.Memory
ATGTAACGTGATGATT-4,GARQ,D18,1,40,40,2,0.040426373,Mono.CD14
CCTATAGCAGTAAGTA-4,GARQ,D18,1,40,40,35,0.033043146,B.Naive
CATTATCTCCCTCACG-4,GARQ,D18,1,40,40,19,0.043298364,B.Naive
TGTTGTAAGTACCGCA-4,GARQ,D18,1,40,40,31,0.037705183,B.Naive
AACGGTAAGGCAATAG-4,GARQ,D18,1,40,40,31,0.019967318,B.Naive
AAGAATCAGTTCCTCA-4,GARQ,D18,1,40,40,26,0.19581568,Mono.CD14
TAGGTGCGTTTGGGTA-4,GARQ,D18,1,40,40,35,0.012024164,B.Naive
TTTAAGGTCATGCTCC-4,GARQ,D18,1,40,40,26,0.18178672,Mono.CD14
AGGTATTGTTACAAAC-4,GARQ,D18,1,40,40,19,0.048364043,B.Naive
TGTTCCTCATGCTCCC-4,GARQ,D18,1,40,40,31,0.019592047,B.Naive
TCTCAATTCAATGACC-4,GARQ,D18,1,40,40,26,0.12095022,Mono.CD14
AATGCAACACCGGCTA-4,GARQ,D18,1,40,40,31,0.0064641237,B.Naive
AGGCTAAAGCTGCACA-4,GARQ,D18,1,40,40,26,0.22421551,Mono.CD14
ACAGGATCAGCACGAA-4,GARQ,D18,1,40,40,35,0.0124230385,B.Naive
AGGTTACTCGCTAAAC-4,GARQ,D18,1,40,40,2,0.018326283,Mono.CD14
AATCCGTAGTTCCTGC-4,GARQ,D18,1,40,40,26,0.07970214,Mono.CD14
GGTTACCCAACACCTA-4,GARQ,D18,1,40,40,26,0.032556534,Mono.CD14
GTCTTTGTCCCTCAGT-4,GARQ,D18,1,40,40,19,0.0067800283,B.Naive
CTTGAATCAATCCCTT-4,GARQ,D18,1,40,40,19,0.037307024,B.Naive
ACTTCGCTCCCGCCTA-4,GARQ,D18,1,40,40,26,0.06744194,Mono.CD14
CTAATAGTCTTGGACG-4,GARQ,D18,1,40,40,31,0.012703657,B.Naive
TGGCGGTTCTATTGTC-4,GARQ,D18,1,40,40,35,0.029949188,B.Naive
GAGTGAGGTTTACGTC-4,GARQ,D18,1,40,40,35,0.0069520473,B.Naive
CGCCTGTGTAATCGCA-4,GARQ,D18,1,40,40,26,0.037949443,Mono.CD14
ATTAGGTGTTATGTGG-4,GARQ,D18,1,40,40,8,0.026308775,T.CD4.Naive
TTCAGGTAGTCTCACC-4,GARQ,D18,1,40,40,26,0.09546256,Mono.CD14
GATGACTTCCCTCAAC-4,GARQ,D18,1,40,40,26,0.017008781,Mono.CD14
CGCCTCATCCAAATCA-4,GARQ,D18,1,40,40,26,0.035344005,Mono.CD14
CAGCAAGCATAAACCT-4,GARQ,D18,1,40,40,11,0.032792807,B.Naive
CCAACCCGTACGCGCA-4,GARQ,D18,1,40,40,28,0.027600765,T.CD4.Naive
GCTGAGGAGGGACCTC-4,GARQ,D18,1,40,40,31,0.0013818741,B.Naive
TCACGGATCGATATTG-4,GARQ,D18,1,40,40,26,0.2361927,Mono.CD14
CCTCCTCTCCTACCTA-4,GARQ,D18,1,40,40,26,0.14810681,Mono.CD14
AGGGCCTTCCACCTGT-4,GARQ,D18,1,40,40,26,0.02235353,Mono.CD14
ATGACGAAGGGCCATC-4,GARQ,D18,1,40,40,11,0.07038295,B.Naive
ACGAGTAAGACAGGCG-4,GARQ,D18,1,40,40,27,0.007178247,T.CD4.Memory
CCTATATTCTACTAAG-4,GARQ,D18,1,40,40,2,0.028963566,Mono.CD14
CGAACCGGTGTGTGGT-4,GARQ,D18,1,40,40,26,0.0051398277,Mono.CD14
AAACCAACAACAACAA-4,GARQ,D18,1,40,40,26,0.025884151,Mono.CD14
CTCATGACATCAGCAC-4,GARQ,D18,1,40,40,26,0.056223154,Mono.CD14
GTAGCGCTCAGCATTA-4,GARQ,D18,1,40,40,19,0.0066149235,B.Naive
ATGAAGTAGTTTGGGT-4,GARQ,D18,1,40,40,23,0.08870816,T.CD4.Naive
GTGTCCAAGGACTTAC-4,GARQ,D18,1,40,40,2,0.01611185,Mono.CD14
GAAGTATAGGGCTTAT-4,GARQ,D18,1,40,40,35,0.029061079,B.Naive
TGGTCAGTCGGTCAGC-4,GARQ,D18,1,40,40,26,0.1476798,Mono.CD14
CGAAGCGAGCTATATG-4,GARQ,D18,1,40,40,36,0.040030003,T.CD4.Naive
AATTGACGTGGAGCAA-4,GARQ,D18,1,40,40,35,0.0074899197,B.Naive
CAATCCCTCAAACCGT-4,GARQ,D18,1,40,40,26,0.122569084,Mono.CD14
TATTAGCCAGAGAGCC-4,GARQ,D18,1,40,40,35,0.01820302,B.Naive
AGCGCCTAGCTGTCAG-4,GARQ,D18,1,40,40,35,0.03991449,B.Naive
AAAGCGGGTGAGCAAG-4,GARQ,D18,1,40,40,35,0.039253354,B.Naive
ATAGCATGTCCAAGAC-4,GARQ,D18,1,40,40,11,0.0028797388,B.Naive
CTGAAACTCAGCATTA-4,GARQ,D18,1,40,40,35,0.009226918,B.Naive
TCACGGATCAAACCGT-4,GARQ,D18,1,40,40,19,0.044080496,B.Naive
GTGCTGATCTAAGTGC-4,GARQ,D18,1,40,40,26,0.07791376,Mono.CD14
CGAGGAAGTATTCGTC-4,GARQ,D18,1,40,40,11,0.0033693314,B.Naive
CTCACAACAATCCCTT-4,GARQ,D18,1,40,40,4,0.06980419,T.CD8.Effector
GTTGCTGAGGAGCACG-4,GARQ,D18,1,40,40,35,0.03757119,B.Naive
TTTGACTTCTAATCTC-4,GARQ,D18,1,40,40,19,0.015957117,B.Naive
CCATAATCACAACCTA-4,GARQ,D18,1,40,40,35,0.0019249916,B.Naive
GCCTTACTCGCTAGTG-4,GARQ,D18,1,40,40,11,0.0076327324,B.Naive
GCCTTAGAGCATCCAG-4,GARQ,D18,1,40,40,38,0.009149671,T.CD4.Memory
AATTGTGTCTGGCAAT-4,GARQ,D18,1,40,40,35,0.06130469,B.Naive
GTTTGCTGTCGCAATA-4,GARQ,D18,1,40,40,11,0.054191828,B.Activated
ACTCGCGCACAAAGAC-4,GARQ,D18,1,40,40,7,0.04080546,T.CD8.Effector
GGATATTGTGCAATGC-4,GARQ,D18,1,40,40,8,0.06756568,T.CD4.Naive
AGCTTTAAGCTATTGA-4,GARQ,D18,1,40,40,26,0.16302061,Mono.CD14
CCTCCTCTCGCCTAAG-4,GARQ,D18,1,40,40,4,0.0011417866,T.CD8.Effector
CGCTGTGCAGCTTAGC-4,GARQ,D18,1,40,40,14,0.009568453,T.CD4.Memory
GTTCCTTCAAGGTGGC-4,GARQ,D18,1,40,40,4,0.006163001,T.CD4.Naive
CGCTACTTCTCGCCTG-4,GARQ,D18,1,40,40,26,0.05327773,Mono.CD14
GATTCGCCATCAATCG-4,GARQ,D18,1,40,40,2,0.11974466,Mono.CD14
TCAAACCAGCGGGCAA-4,GARQ,D18,1,40,40,9,0.0236364,T.CD4.Naive
TGTGTTAAGTAACCCG-4,GARQ,D18,1,40,40,28,0.100306034,T.CD4.Naive
AGGTTGCGTACTTAGG-4,GARQ,D18,1,40,40,4,0.050124943,T.CD8.Effector
ATTTGCAAGCTTTGTT-4,GARQ,D18,1,40,40,26,0.26776278,Mono.CD14
GGTAAGGGTTTAGCTC-4,GARQ,D18,1,40,40,2,0.07834327,Mono.CD14
ATCATCAAGCAGGTGG-4,GARQ,D18,1,40,40,38,0.010665238,T.CD4.Memory
TATTGACCAATAATGG-4,GARQ,D18,1,40,40,26,0.24647927,Mono.CD14
GTACAATGTGGCTTCC-4,GARQ,D18,1,40,40,35,0.074266315,B.Naive
TGACTTCGTCATAAGT-4,GARQ,D18,1,40,40,38,0.112923265,T.CD8.Effector
TTCTTAGGTGAACAAA-4,GARQ,D18,1,40,40,11,0.0024104118,B.Naive
CTTAGGAGTTTATCTG-4,GARQ,D18,1,40,40,0,0.0023800135,Platelets
CTCTTGATCAATGACC-4,GARQ,D18,1,40,40,35,0.08171666,B.Naive
TACGGTTAGTCATGCG-4,GARQ,D18,1,40,40,4,0.20445299,T.CD4.Memory
CAATGCCCAGGACCTT-4,GARQ,D18,1,40,40,30,0.03645885,T.CD4.Memory
TTTCTCACAAGGTCGA-4,GARQ,D18,1,40,40,2,0.17325866,Mono.CD14
ATATAGGCAAGGCCAA-4,GARQ,D18,1,40,40,26,0.1339227,Mono.CD14
ATTGGCTAGATAGACG-4,GARQ,D18,1,40,40,21,0.003831029,T.CD4.Memory
TAACAAGCACCAGGTT-4,GARQ,D18,1,40,40,7,0.11061072,T.CD8.Effector
GATAACGAGGATTGCT-4,GARQ,D18,1,40,40,19,0.016436815,B.Naive
GACACCGGTAACGTGC-4,GARQ,D18,1,40,40,2,0.04395449,Mono.CD14
ATTCACTTCTCCATAT-4,GARQ,D18,1,40,40,35,0.024243832,B.Naive
GAGTCAAAGCTATTGA-4,GARQ,D18,1,40,40,35,0.033819795,B.Naive
GTAAGGTCATTAGGTT-4,GARQ,D18,1,40,40,35,0.010718584,B.Naive
TTTGACTTCTGTGCAG-4,GARQ,D18,1,40,40,38,0.0071900487,T.CD4.Memory
GCGGGTTTCCACCCTG-4,GARQ,D18,1,40,40,2,0.049119234,Mono.CD14
GCCAACATCTACTAAG-4,GARQ,D18,1,40,40,35,0.03324175,B.Naive
TTAACCAAGCCTAACG-4,GARQ,D18,1,40,40,35,0.003860712,B.Naive
AACCTCCTCTTAGTGA-4,GARQ,D18,1,40,40,38,0.12822151,T.CD8.Effector
AACGCCCAGGAGGACT-4,GARQ,D18,1,40,40,19,0.039253473,B.Naive
CGGTAACGTTAGTTGG-4,GARQ,D18,1,40,40,3,0.07989448,NK
CGTAATGGTAGTTGGC-4,GARQ,D18,1,40,40,26,0.021588326,Platelets
GGATGGCCACCTGCTC-4,GARQ,D18,1,40,40,21,0.015272677,T.CD8.Naive
GAGTCATTCGGCTAGC-4,GARQ,D18,1,40,40,28,1.2397766e-05,T.CD4.Naive
CTACTAAAGATAAAGC-4,GARQ,D18,1,40,40,19,0.02025187,B.Naive
AGGAGCTAGTTTAACG-4,GARQ,D18,1,40,40,34,0.047667384,T.CD4.Memory
ACGCACGGTTAGTTGG-4,GARQ,D18,1,40,40,35,0.036099076,B.Naive
CATAGGCGTGCATTAG-4,GARQ,D18,1,40,40,11,0.010709524,B.Naive
GTATTGCAGCCTGATG-4,GARQ,D18,1,40,40,26,0.011729717,Mono.CD14
AAACGGATCTGTTCAT-4,GARQ,D18,1,40,40,9,0.059645653,T.CD4.Memory
ACTTCGCTCGTTTCCA-4,GARQ,D18,1,40,40,4,0.03786373,T.CD4.Memory
AGTGGACAGTGTTGCG-4,GARQ,D18,1,40,40,9,0.06747675,T.CD4.Naive
TATAACCCAGTAATAG-4,GARQ,D18,1,40,40,3,0.16296345,NK
TGGTTGAGTTAAGCGC-4,GARQ,D18,1,40,40,2,0.047130585,Mono.CD14
ATCCGTGAGGCGTAAA-4,GARQ,D18,1,40,40,35,0.026892185,B.Naive
TTGGATCAGTCATTAG-4,GARQ,D18,1,40,40,38,0.012205243,T.CD4.Memory
TTAAGTGTCTTAGTGA-4,GARQ,D18,1,40,40,2,0.017123222,Mono.CD14
TGCTCACTCGAGGTGG-4,GARQ,D18,1,40,40,8,0.022806644,T.CD4.Naive
GTTACAGGTTTGACCT-4,GARQ,D18,1,40,40,2,0.025442362,Mono.CD14
ACTTAGGGTTGGCCGA-4,GARQ,D18,1,40,40,26,0.05586171,Mono.CD14
ACCCAACCAATCTCTC-4,GARQ,D18,1,40,40,26,0.13409317,Mono.CD14
ATGTAACGTTACCTGT-4,GARQ,D18,1,40,40,19,0.09816921,B.Naive
ACACGGACAGAGAGCC-4,GARQ,D18,1,40,40,39,0.021432698,T.CD4.Memory
AGTGCACGTGAATCGC-4,GARQ,D18,1,40,40,19,0.1206125,B.Naive
GCGGTTATCCGTTAAA-4,GARQ,D18,1,40,40,9,0.09261048,T.CD4.Naive
GCCTGCTGTCTTGCAT-4,GARQ,D18,1,40,40,5,0.083098054,NK
GTTTAACCATGCAACC-4,GARQ,D18,1,40,40,2,0.024608374,Mono.CD14
AAGAATCAGAGGAAGG-4,GARQ,D18,1,40,40,35,0.010158777,B.Naive
CGGGTCTAGGACACTT-4,GARQ,D18,1,40,40,27,0.047252893,T.CD8.Effector
TCCATAAAGTGCTGTG-4,GARQ,D18,1,40,40,2,0.045721054,Mono.CD14
AGTCCTGAGTGACCTG-4,GARQ,D18,1,40,40,35,0.026629329,B.Naive
CCTATTGTCCCTCGCA-4,GARQ,D18,1,40,40,20,0.03295821,T.CD8.Effector
AACGGTAAGCGATAGA-4,GARQ,D18,1,40,40,26,0.03179574,Mono.CD14
AAGCGGGTCTAAGTGC-4,GARQ,D18,1,40,40,7,0.0792377,T.CD8.Effector
CTAGTCGAGATAAAGC-4,GARQ,D18,1,40,40,35,0.02323842,B.Naive
ATCACCCTCGAGCTAT-4,GARQ,D18,1,40,40,6,0.023478866,T.CD8.Effector
CTGGCTAAGACAGGTA-4,GARQ,D18,1,40,40,34,0.00845927,T.CD4.Naive
GCTCAACCAGGATAAC-4,GARQ,D18,1,40,40,19,0.043566704,B.Naive
ATGCCTGAGCGAGCGA-4,GARQ,D18,1,40,40,24,0.049492836,T.CD4.Memory
ATGTCATCACTGGCTG-4,GARQ,D18,1,40,40,38,0.01398468,T.CD8.Effector
AAGCAAGTCTGCAACG-4,GARQ,D18,1,40,40,31,0.0038992167,B.Naive
TCAAGGTTCAAACCGT-4,GARQ,D18,1,40,40,35,0.023892283,B.Naive
AGTAGCTTCGCAAACT-4,GARQ,D18,1,40,40,19,0.0209409,B.Naive
CGAGGAAGTTCCGGGA-4,GARQ,D18,1,40,40,27,0.047976613,T.CD4.Memory
GTAAGCTTCCTCAGCT-4,GARQ,D18,1,40,40,17,0.038737774,T.CD4.Naive
AGTAATCGTTCGGTAA-4,GARQ,D18,1,40,40,7,0.06874907,T.CD4.Memory
TCGTTAAAGGCCTGGT-4,GARQ,D18,1,40,40,38,0.016236067,T.CD8.Effector
TTGTTGTTCCACCTTA-4,GARQ,D18,1,40,40,4,0.062278748,T.CD4.Naive
ACTCACTGTGCTGGTG-4,GARQ,D18,1,40,40,11,0.05813384,B.Naive
GCTTACCTCACGCATG-4,GARQ,D18,1,40,40,14,0.008690357,T.CD4.Naive
AACATAGCAGTTGCGT-4,GARQ,D18,1,40,40,39,0.019528866,T.CD4.Memory
CTGACATAGCTCCCTG-4,GARQ,D18,1,40,40,31,0.021385908,B.Naive
ACCTGGATCGAAGCGG-4,GARQ,D18,1,40,40,11,0.05469346,B.Naive
GCATATATCACACAGT-4,GARQ,D18,1,40,40,22,0.09840387,T.CD4.Naive
GCAGCAACATTGGGAG-4,GARQ,D18,1,40,40,20,0.054522157,T.CD8.Effector
GGGTCAACAGTTTGGC-4,GARQ,D18,1,40,40,5,0.052776515,NK
GTTACGTAGGACAATG-4,GARQ,D18,1,40,40,16,0.14481044,T.CD4.Memory
CACCTGTTCATGCTAA-4,GARQ,D18,1,40,40,18,0.037082314,T.CD4.Naive
TGCTGGATCATCACTT-4,GARQ,D18,1,40,40,15,0.035583735,T.CD4.Naive
TTTCACCCACTCAACA-4,GARQ,D18,1,40,40,28,0.022795439,T.CD4.Naive
CCGGTAGGTGCTGTAA-4,GARQ,D18,1,40,40,3,0.10386181,NK
GATTGCGTCAGCTAAC-4,GARQ,D18,1,40,40,17,0.00700891,T.CD4.Memory
TTTACGAAGGATAAAC-4,GARQ,D18,1,40,40,39,0.016047955,T.CD4.Memory
GCTGCACAGCTGTCAG-4,GARQ,D18,1,40,40,27,0.075837374,T.CD4.Memory
GTGGTTAGTGATGGCT-4,GARQ,D18,1,40,40,9,0.05789423,T.CD8.Naive
TTGTCCATCGATCAGT-4,GARQ,D18,1,40,40,7,0.169276,T.CD8.Effector
ACTCACCTCCAGGGAG-4,GARQ,D18,1,40,40,9,0.09815955,T.CD4.Naive
ATACCTGCACCTGTAA-4,GARQ,D18,1,40,40,27,0.08666903,T.CD4.Memory
ACCTCACTCGTTATCT-4,GARQ,D18,1,40,40,26,0.004823208,Mono.CD14
GATTACTCATTGCGTA-4,GARQ,D18,1,40,40,32,0.022612095,T.CD8.Effector
GCCTGACAGGCTTAGT-4,GARQ,D18,1,40,40,5,0.099227846,NK
AGTGGACAGCGCTAAT-4,GARQ,D18,1,40,40,3,0.01856935,NK
TTGCGAGTCCTTAATC-4,GARQ,D18,1,40,40,37,0.0626502,T.CD4.Memory
ATGTTGTCATGAGTTT-4,GARQ,D18,1,40,40,9,0.08973837,T.CD4.Naive
TTAGGCGTCGATTATG-4,GARQ,D18,1,40,40,3,0.037129104,NK
CCAGGATGTGGTTCTT-4,GARQ,D18,1,40,40,32,0.06148708,T.CD8.Effector
AAGCGTTTCGATTATG-4,GARQ,D18,1,40,40,9,0.065773845,T.CD8.Naive
CCTGTTGGTGGATGTC-4,GARQ,D18,1,40,40,38,0.48988956,T.CD8.Effector
CGCAATCCAGTATGTT-4,GARQ,D18,1,40,40,35,0.047747135,B.Naive
TATCACAAGCATTAGC-4,GARQ,D18,1,40,40,36,0.029865265,T.CD8.Naive
TGTTGTAAGTTCCCAC-4,GARQ,D18,1,40,40,38,0.0039288998,T.CD8.Effector
GTTTACCGTCAACAAT-4,GARQ,D18,1,40,40,9,0.107403755,T.CD4.Naive
ATGGCTGTCGCTATAA-4,GARQ,D18,1,40,40,9,0.0436728,T.CD8.Naive
GACTTAGGTCATTACC-4,GARQ,D18,1,40,40,16,0.14320481,T.CD4.Memory
TTCAGGTAGGAGCACG-4,GARQ,D18,1,40,40,39,0.010278344,T.CD4.Memory
GCCTCAAAGCTAATTG-4,GARQ,D18,1,40,40,19,0.010686159,B.Naive
TGAAACTGTCACAAAT-4,GARQ,D18,1,40,40,7,0.122555256,T.CD8.Effector
CATAATGTCGACAAAG-4,GARQ,D18,1,40,40,9,0.07521939,T.CD4.Memory
TCCATAAAGCGAAGTA-4,GARQ,D18,1,40,40,14,0.06403351,T.CD8.Naive
GCACGGTTCAGTGAAG-4,GARQ,D18,1,40,40,27,0.009306669,T.CD4.Memory
ATGCGATTCACGAATC-4,GARQ,D18,1,40,40,7,0.19150496,T.CD8.Effector
CTGTATTTCTGTAAGC-4,GARQ,D18,1,40,40,24,0.02472663,T.CD8.Naive
CTATGACAGGTGTTAC-4,GARQ,D18,1,40,40,24,0.03374654,T.CD8.Naive
AACAAAGGTAGTAAGA-4,GARQ,D18,1,40,40,27,0.0087611675,T.CD4.Memory
GCTGACCAGTAACCAC-4,GARQ,D18,1,40,40,31,0.02412033,B.Naive
CTGGATGTCGGTTTCC-4,GARQ,D18,1,40,40,27,0.048748612,T.CD4.Memory
CTTACTAGTCTAACCT-4,GARQ,D18,1,40,40,9,0.035101652,T.CD4.Naive
CTTGCGCGTTGCGCGA-4,GARQ,D18,1,40,40,5,0.07047689,NK
AATGCAACAGGTTACC-4,GARQ,D18,1,40,40,38,0.051817894,T.CD4.Memory
GTAGCGCTCGATAACC-4,GARQ,D18,1,40,40,37,0.007843494,T.CD4.Memory
AAGGATCCACGAACAG-4,GARQ,D18,1,40,40,38,0.12769616,T.CD4.Memory
CGTAACCCAAGGTATA-4,GARQ,D18,1,40,40,37,0.038799405,T.CD4.Memory
AAGCTAGAGTGAGGGT-4,GARQ,D18,1,40,40,22,0.0008534193,T.CD4.Memory
AAGCGAGGTACCGTAA-4,GARQ,D18,1,40,40,26,0.107088566,Mono.CD14
CGGTTTCTCGTTATAG-4,GARQ,D18,1,40,40,35,0.034544587,B.Naive
CGCACACAGGCATTGT-4,GARQ,D18,1,40,40,6,0.043882728,T.CD8.Naive
GGGCCTAGTGATTTGG-4,GARQ,D18,1,40,40,11,0.041425586,B.Naive
CTGAAACTCCATCAGG-4,GARQ,D18,1,40,40,37,0.014720082,T.CD4.Naive
AAAGGAGCAAGTGAAC-4,GARQ,D18,1,40,40,7,0.099708974,T.CD8.Effector
ACTAATCCACATACTG-4,GARQ,D18,1,40,40,31,0.02579987,B.Naive
TACGGATTCCGGAACC-4,GARQ,D18,1,40,40,38,0.01597178,T.CD4.Memory
CCGCAAGGTCAACAAT-4,GARQ,D18,1,40,40,39,0.05931723,T.CD4.Memory
GGTGATTTCCAGGTTG-4,GARQ,D18,1,40,40,8,0.05061984,T.CD4.Naive
TCAAGACTCGGTACGC-4,GARQ,D18,1,40,40,9,0.09393728,T.CD4.Naive
ACGATTCAGGTAAGGC-4,GARQ,D18,1,40,40,18,0.01474309,T.CD4.Naive
CAATCCTGTGAGACTC-4,GARQ,D18,1,40,40,9,0.051667333,T.CD4.Naive
AATGTCATCGGTACGC-4,GARQ,D18,1,40,40,39,0.09885478,T.CD4.Memory
GTTACTAAGGCGCTTA-4,GARQ,D18,1,40,40,20,0.08953428,T.CD8.Effector
TCCGGTAAGCTTATGA-4,GARQ,D18,1,40,40,37,0.042455256,T.CD4.Naive
CATTGTGCATTGCGGT-4,GARQ,D18,1,40,40,24,0.04435277,T.CD4.Naive
TGGATTGGTTGCAATG-4,GARQ,D18,1,40,40,9,0.18608975,T.CD4.Naive
GTTGCGGGTTAACACG-4,GARQ,D18,1,40,40,7,0.009196579,T.CD8.Effector
ATGGTGCGTGGGAACA-4,GARQ,D18,1,40,40,5,0.3014425,NK
CCTGAGTCACAGACTC-4,GARQ,D18,1,40,40,19,0.0048234463,B.Naive
TTGTTGCGTTACAACG-4,GARQ,D18,1,40,40,14,0.022401035,T.CD8.Naive
GTGTTCCTCATAACCA-4,GARQ,D18,1,40,40,31,0.005716443,B.Naive
CTTTAGGCAGCAATAA-4,GARQ,D18,1,40,40,24,0.070524216,T.CD4.Naive
GGTACTTAGCCAGGTC-4,GARQ,D18,1,40,40,28,0.098207295,T.CD4.Naive
AATCCCTGTATTACCC-4,GARQ,D18,1,40,40,18,0.052448034,T.CD4.Naive
GAGTTACTCCAATAGC-4,GARQ,D18,1,40,40,16,0.11305624,T.CD4.Memory
CCTAATCGTAGTTAAC-4,GARQ,D18,1,40,40,37,0.045761764,T.CD4.Naive
CGCGGATTCAAGCCTG-4,GARQ,D18,1,40,40,18,0.114971936,T.CD4.Naive
GCAAGTCGTAAACAAG-4,GARQ,D18,1,40,40,4,0.18199241,T.CD4.Memory
GCAAACTTCCTCATCA-4,GARQ,D18,1,40,40,37,0.04832077,T.CD4.Memory
GCCTTAACAACACTTG-4,GARQ,D18,1,40,40,35,0.013545752,B.Naive
TGAGAACCAATAGCAA-4,GARQ,D18,1,40,40,4,0.05738032,T.CD4.Naive
TGTGAAACAGTAATAG-4,GARQ,D18,1,40,40,35,0.0045312643,B.Naive
GGATAACCATTGTCAG-4,GARQ,D18,1,40,40,5,0.25159776,NK
CGCTGTGCAGGGAGCT-4,GARQ,D18,1,40,40,37,0.1682303,T.CD4.Memory
TCCATATTCCCTCTAA-4,GARQ,D18,1,40,40,37,0.045854807,T.CD4.Memory
CAGGACCTCCATCAGG-4,GARQ,D18,1,40,40,37,0.021058798,T.CD4.Memory
CCTTAGTGTGATTACG-4,GARQ,D18,1,40,40,34,0.03765428,T.CD4.Naive
CGTGCTGCAGTCTAGC-4,GARQ,D18,1,40,40,37,0.031274438,T.CD4.Naive
TGCAGGCTCACCATTT-4,GARQ,D18,1,40,40,9,0.017332435,T.CD4.Memory
TGGATTCAGGAGGCAT-4,GARQ,D18,1,40,40,32,0.059281707,T.CD4.Memory
GCCTTACTCGACCTGA-4,GARQ,D18,1,40,40,36,0.0785681,T.CD4.Naive
TCCCGTTAGAACCTAC-4,GARQ,D18,1,40,40,8,0.0018766522,T.CD4.Naive
TTATGACCACTGGCTG-4,GARQ,D18,1,40,40,23,0.11287832,T.CD4.Naive
CGCCAAATCTTGGACG-4,GARQ,D18,1,40,40,25,0.018596172,T.CD4.Memory
TCCTTTACAGCATGTC-4,GARQ,D18,1,40,40,7,0.05965662,T.CD8.Effector
AAACCGAAGGCGCATC-4,GARQ,D18,1,40,40,23,0.0033568144,T.CD4.Memory
ACAACAGAGGCATTGT-4,GARQ,D18,1,40,40,9,0.0036166906,T.CD4.Memory
TGCGCGAGTCATGCAA-4,GARQ,D18,1,40,40,9,0.0798285,T.CD8.Naive
AAACGCGCACAAAGAC-4,GARQ,D18,1,40,40,5,0.11316693,NK
AAGCATGAGTTATCCT-4,GARQ,D18,1,40,40,18,0.12860692,T.CD4.Naive
CGATCCTTCAGCTAAC-4,GARQ,D18,1,40,40,28,0.09337497,T.CD4.Naive
GTTTCCTCAATCATGT-4,GARQ,D18,1,40,40,16,0.022506595,T.CD4.Memory
GGAATCTTCATTACTC-4,GARQ,D18,1,40,40,38,0.049889207,T.CD4.Memory
ATTACGTCAGGCTTGT-4,GARQ,D18,1,40,40,38,0.2305355,T.CD4.Memory
GTACTTAAGAATCGCT-4,GARQ,D18,1,40,40,7,0.25707114,T.CD8.Effector
TTGGATTCACCAGCAT-4,GARQ,D18,1,40,40,35,0.011095047,B.Naive
ACCACATAGCTTACTT-4,GARQ,D18,1,40,40,34,0.07873857,T.CD4.Memory
GAGCATGCAGGCTAAG-4,GARQ,D18,1,40,40,35,0.03400278,B.Naive
GCAGGATAGAGGAGGA-4,GARQ,D18,1,40,40,23,0.027982354,T.CD4.Memory
AGGTTAGAGTTCCCGT-4,GARQ,D18,1,40,40,37,0.043776393,T.CD4.Memory
GTTACGTAGCATTTCT-4,GARQ,D18,1,40,40,34,0.00191015,T.CD4.Naive
CACAATATCGGCTAGC-4,GARQ,D18,1,40,40,9,0.002119124,T.CD4.Memory
TGGCCATCAGAAATTG-4,GARQ,D18,1,40,40,9,0.0063075423,T.CD8.Naive
CTTTAGTTCGATTTGA-4,GARQ,D18,1,40,40,5,0.122970164,NK
TTGTGAGGTTGCATCT-4,GARQ,D18,1,40,40,18,0.10408974,T.CD4.Naive
GGCTAGACACGTAATT-4,GARQ,D18,1,40,40,24,0.0314672,T.CD4.Naive
GTCCAAGTCGAGGAGT-4,GARQ,D18,1,40,40,7,0.0932405,T.CD8.Effector
GCTTTACGTCAAGTAT-4,GARQ,D18,1,40,40,9,0.021304369,T.CD4.Naive
GGTTACTAGGCGAATA-4,GARQ,D18,1,40,40,14,0.021498203,T.CD4.Naive
GAGTAACCAGGCATCT-4,GARQ,D18,1,40,40,18,0.028520226,T.CD4.Naive
CCTGACTTCACAGGAA-4,GARQ,D18,1,40,40,28,0.02948916,T.CD4.Naive
TCTAGCACACAACAAA-4,GARQ,D18,1,40,40,18,0.017901063,T.CD4.Naive
TACGTAATCGGTTACG-4,GARQ,D18,1,40,40,37,0.030151486,T.CD4.Memory
ACTAAAGCAAGTAAGC-4,GARQ,D18,1,40,40,8,0.06157303,T.CD4.Memory
TGTCAGTAGCCTCTGT-4,GARQ,D18,1,40,40,38,0.070387244,T.CD4.Memory
GATTAGTGTTACAAAC-4,GARQ,D18,1,40,40,9,0.00050497055,T.CD4.Naive
GTGTTCCTCATGGCCA-4,GARQ,D18,1,40,40,22,0.068942726,T.CD4.Naive
CCGACAGGTTTGTGGA-4,GARQ,D18,1,40,40,14,0.04179585,T.CD4.Naive
AGTGATGAGTAACGAG-4,GARQ,D18,1,40,40,35,0.059445858,B.Naive
GCTGACCAGGTCCTGA-4,GARQ,D18,1,40,40,7,0.12400806,T.CD4.Memory
TATAGCCAGTGGCGGA-4,GARQ,D18,1,40,40,37,0.08708477,T.CD4.Memory
AGGTTAACAATCGCAC-4,GARQ,D18,1,40,40,24,0.053151727,T.CD4.Naive
TGTATCGCATTAAGCT-4,GARQ,D18,1,40,40,9,0.021885753,T.CD4.Naive
CCTAATAAGGCTGTGC-4,GARQ,D18,1,40,40,37,0.13108373,T.CD4.Memory
AATTGTGTCTAATTGG-4,GARQ,D18,1,40,40,14,0.081774294,T.CD4.Naive
ACTTACTTCATCCTAT-4,GARQ,D18,1,40,40,7,0.0240376,T.CD8.Effector
CATCCCAGTCCGTAGG-4,GARQ,D18,1,40,40,9,0.08400023,T.CD4.Naive
TGTTGTGCAATTGACT-4,GARQ,D18,1,40,40,5,0.08010435,NK
TTCAGTTTCCAAGTTA-4,GARQ,D18,1,40,40,20,0.042088985,T.CD8.Effector
ACGACTTAGTCATCCC-4,GARQ,D18,1,40,40,9,0.110147715,T.CD4.Naive
CACTTAAAGGGTTATC-4,GARQ,D18,1,40,40,28,0.11834121,T.CD4.Naive
TGGAACAAGCACAGCC-4,GARQ,D18,1,40,40,35,0.082500935,B.Naive
GCAGGATAGATTCCTT-4,GARQ,D18,1,40,40,32,0.052553296,T.CD8.Effector
CCGCTAAAGGCGAATA-4,GARQ,D18,1,40,40,11,0.012689948,B.Naive
GGTTATGGTAGACAAA-4,GARQ,D18,1,40,40,20,0.07955986,NK
GATTAAGCAAGTAAGC-4,GARQ,D18,1,40,40,5,0.16801304,NK
TGCAAGCGTTACTTGC-4,GARQ,D18,1,40,40,26,0.19256616,Mono.CD14
ACCTAAATCACTAGGT-4,GARQ,D18,1,40,40,39,0.075098515,T.CD8.Effector
ACACAATGTACTTCAC-4,GARQ,D18,1,40,40,9,0.04398787,T.CD8.Naive
TAGCGCGGTCTAACAG-4,GARQ,D18,1,40,40,20,0.036322594,T.CD4.Memory
TCCATAAAGCTGGAAA-4,GARQ,D18,1,40,40,38,0.03564632,T.CD8.Effector
GTTGGAGCATGGTTAT-4,GARQ,D18,1,40,40,5,0.62285316,T.CD8.Effector
ACCTAAGGTTTGGCTT-4,GARQ,D18,1,40,40,22,0.009004056,T.CD4.Memory
CTATAACCAGCAATAA-4,GARQ,D18,1,40,40,14,0.02278459,T.CD4.Naive
ACCTACCTCTTAGGGT-4,GARQ,D18,1,40,40,9,0.03323531,T.CD4.Naive
ACATTGCAGGTTAGAG-4,GARQ,D18,1,40,40,9,0.019613564,T.CD4.Naive
GTGATCAGTCGACTAA-4,GARQ,D18,1,40,40,9,0.008588791,T.CD4.Naive
TGTTGCACAGGTTATT-4,GARQ,D18,1,40,40,9,0.041835666,T.CD4.Naive
AGGTTTGGTTAATGCG-4,GARQ,D18,1,40,40,18,0.0724324,T.CD4.Naive
AGGAGCTAGTCTCACC-4,GARQ,D18,1,40,40,27,0.026510239,T.CD4.Naive
TTGGAGGCAATATACC-4,GARQ,D18,1,40,40,38,0.031125069,T.CD4.Memory
CTTAAGATCCACCTTA-4,GARQ,D18,1,40,40,38,0.021025836,T.CD8.Effector
ACCAGGACACCTCAGG-4,GARQ,D18,1,40,40,28,0.06885368,T.CD4.Naive
CTAAGGTTCATGTTTC-4,GARQ,D18,1,40,40,5,0.017883122,T.CD8.Effector
GCTAGTGTCAAGCTAC-4,GARQ,D18,1,40,40,39,0.0349679,T.CD4.Memory
CTCTTGATCTACCTGC-4,GARQ,D18,1,40,40,22,0.045533776,T.CD4.Memory
TCCAGGTCAATAGTCT-4,GARQ,D18,1,40,40,20,0.033708096,T.CD8.Effector
CCAAACCCAGCACGTT-4,GARQ,D18,1,40,40,7,0.059506297,T.CD8.Effector
GAACCTTAGGAGGTTA-4,GARQ,D18,1,40,40,37,0.11127758,T.CD4.Memory
AGCTAGTTCAGGAACA-4,GARQ,D18,1,40,40,16,0.0012235045,T.CD4.Memory
AAGTCTATCAAACCGT-4,GARQ,D18,1,40,40,37,0.12329197,T.CD8.Effector
ATTGCACAGCGAGCGA-4,GARQ,D18,1,40,40,37,0.03578663,T.CD4.Naive
GACGCCTAGTTTGGGT-4,GARQ,D18,1,40,40,31,0.00031089783,B.Naive
AAGTAGCCAGGTCCTG-4,GARQ,D18,1,40,40,37,0.0016262531,T.CD4.Memory
AAACGTACAATATAGG-4,GARQ,D18,1,40,40,9,0.29641533,T.CD4.Naive
ACCTCACTCAATGTCA-4,GARQ,D18,1,40,40,28,0.06572151,T.CD4.Memory
AGAATCGAGTCTGGGC-4,GARQ,D18,1,40,40,19,0.006469846,B.Naive
GAGTCATTCCGGGACT-4,GARQ,D18,1,40,40,20,0.07319772,T.CD8.Naive
CTAAGGTTCAAACACC-4,GARQ,D18,1,40,40,32,0.0644269,T.CD8.Effector
GGTGTTGTCCTAATTC-4,GARQ,D18,1,40,40,7,0.10213196,T.CD4.Memory
TCTCAATTCTGCAACG-4,GARQ,D18,1,40,40,25,0.006472707,T.CD4.Naive
TACCCGGCAACTGGCT-4,GARQ,D18,1,40,40,9,0.0342654,T.CD4.Naive
CGATCCTTCACGAATC-4,GARQ,D18,1,40,40,21,0.006670952,T.CD8.Effector
GGCGCTAGTACTTCAC-4,GARQ,D18,1,40,40,39,0.038027525,T.CD4.Memory
CGAAGGCCAAGCCACT-4,GARQ,D18,1,40,40,24,0.008458018,T.CD8.Naive
AAGGTGCAGCTATTAG-4,GARQ,D18,1,40,40,9,0.017466724,T.CD8.Naive
ACATTAGTCCGGGACT-4,GARQ,D18,1,40,40,37,0.023096085,T.CD8.Naive
CGGCAATGTGGGTACT-4,GARQ,D18,1,40,40,37,0.026842773,T.CD4.Memory
ACCTCACTCCTCAGTC-4,GARQ,D18,1,40,40,24,0.0019956827,T.CD4.Naive
CAGGTTTAGTCACCAG-4,GARQ,D18,1,40,40,37,0.012821555,T.CD4.Naive
TCGTTTCCAACTGGGA-4,GARQ,D18,1,40,40,24,0.14141595,T.CD8.Naive
GGCATGGAGGGACGCA-4,GARQ,D18,1,40,40,7,0.044489026,T.CD8.Effector
TGACTTAAGGATCCGC-4,GARQ,D18,1,40,40,9,0.0017937422,T.CD4.Naive
ACTTAGGGTAAGGTTT-4,GARQ,D18,1,40,40,38,0.044637978,T.CD4.Memory
TAGGAACCAAGTGTTT-4,GARQ,D18,1,40,40,27,0.017992437,T.CD8.Naive
GGGCCTAGTTATTGCC-4,GARQ,D18,1,40,40,35,0.062196016,B.Naive
CTTCTCAAGGCGGGTA-4,GARQ,D18,1,40,40,24,0.005943835,T.CD4.Naive
GGTTTCCTCGCTATAA-4,GARQ,D18,1,40,40,22,0.030629098,T.CD4.Naive
CGCTAATAGCTCCCTG-4,GARQ,D18,1,40,40,37,0.13937092,T.CD4.Memory
CTACCGGCAGGTTCAC-4,GARQ,D18,1,40,40,9,0.048895597,T.CD4.Naive
ACGACTTAGCTGAGGG-4,GARQ,D18,1,40,40,37,0.0613178,T.CD4.Memory
AGTTTGCAGGGCCACT-4,GARQ,D18,1,40,40,37,0.09871644,T.CD8.Effector
GGCGGTTTCCTCACAC-4,GARQ,D18,1,40,40,18,0.030843735,T.CD4.Naive
GTGAACAAGGCTGTCA-4,GARQ,D18,1,40,40,7,0.00632143,T.CD4.Memory
TATGGGCGTAATCGCA-4,GARQ,D18,1,40,40,39,0.011920691,T.CD8.Effector
TACATCAAGCGCTCAA-4,GARQ,D18,1,40,40,9,0.048549056,T.CD4.Naive
TCGCGCACATGCTTAG-4,GARQ,D18,1,40,40,8,0.044906855,T.CD4.Naive
TCAGTAGGTGCAACTA-4,GARQ,D18,1,40,40,18,0.07114267,T.CD8.Naive
CCTGTAACAGTAAGTA-4,GARQ,D18,1,40,40,35,0.017122507,B.Naive
GCCTGACAGCACAGGG-4,GARQ,D18,1,40,40,9,0.1810813,T.CD4.Memory
CTTATGTTCCTTCGTA-4,GARQ,D18,1,40,40,9,0.08769822,T.CD4.Naive
TAGACCAGTACGATTG-4,GARQ,D18,1,40,40,35,0.03268504,B.Naive
ACCCGGTAGCGCCTTT-4,GARQ,D18,1,40,40,9,0.048059702,T.CD4.Memory
CAATGAACAAGTTATC-4,GARQ,D18,1,40,40,8,0.019621313,T.CD4.Naive
TGTAAAGCAGGCGAGT-4,GARQ,D18,1,40,40,37,0.028741598,T.CD4.Memory
CTAGTAGGTTGAAGCC-4,GARQ,D18,1,40,40,28,0.08448726,T.CD4.Naive
CGGTTATAGTGAGCAA-4,GARQ,D18,1,40,40,9,0.021871328,T.CD4.Memory
GGGAATATCGCCTGTT-4,GARQ,D18,1,40,40,7,0.03449893,T.CD8.Effector
CGTTAACAGACAACAG-4,GARQ,D18,1,40,40,7,0.06928122,T.CD8.Effector
GGCAATCGTTAGGTGC-4,GARQ,D18,1,40,40,14,0.007011652,T.CD4.Naive
CTGCTATGTCTTTGAC-4,GARQ,D18,1,40,40,38,0.0040602684,T.CD4.Memory
ACAACACTCCAGGAAA-4,GARQ,D18,1,40,40,28,0.097058654,T.CD4.Naive
GAAGTGATCGCCTGTT-4,GARQ,D18,1,40,40,9,0.01588893,T.CD4.Naive
TGCGCAGGTAAGCTCA-4,GARQ,D18,1,40,40,37,0.011335731,T.CD4.Memory
TCGCCCATCAATTGGC-4,GARQ,D18,1,40,40,9,0.21128201,T.CD4.Naive
CCTGTATGTCAACAAT-4,GARQ,D18,1,40,40,18,0.07324326,T.CD4.Naive
GAAGCCTGTATTCGTC-4,GARQ,D18,1,40,40,9,0.011416078,T.CD4.Naive
CCATCATGTTGTCATC-4,GARQ,D18,1,40,40,14,0.013428628,T.CD4.Memory
AGACTATGTCAAAGAA-4,GARQ,D18,1,40,40,35,0.020109773,B.Naive
TCCAGGTCAGGGAGCT-4,GARQ,D18,1,40,40,9,0.052955985,T.CD4.Naive
GCCTTAGAGGTTTGCG-4,GARQ,D18,1,40,40,18,0.028028488,T.CD8.Naive
AGTAACCTCGATTCTT-4,GARQ,D18,1,40,40,18,0.10268891,T.CD8.Naive
TTTACGAAGACAACAG-4,GARQ,D18,1,40,40,27,0.055110514,T.CD4.Naive
TTAGCTGCAGCTTAAT-4,GARQ,D18,1,40,40,18,0.08719331,T.CD8.Naive
GGGATTAAGGTCAAAG-4,GARQ,D18,1,40,40,9,0.037050724,T.CD4.Naive
TTGGATCAGTTAACCA-4,GARQ,D18,1,40,40,39,0.017841578,T.CD8.Effector
GTTACGCCACCCTCAC-4,GARQ,D18,1,40,40,18,0.042122543,T.CD4.Memory
AGTTGTCAGTCACCTC-4,GARQ,D18,1,40,40,9,0.04552257,T.CD4.Naive
GAAGGCTAGCGGCTGT-4,GARQ,D18,1,40,40,20,0.061638057,T.CD4.Memory
GTGAGGAGTCTATCGT-4,GARQ,D18,1,40,40,9,0.1358015,T.CD4.Naive
GAACCAAAGACAGGTA-4,GARQ,D18,1,40,40,24,0.08760381,T.CD4.Naive
ACGGTTTAGAACCTAC-4,GARQ,D18,1,40,40,18,0.008594096,T.CD4.Naive
ATGATGGAGGCGAATA-4,GARQ,D18,1,40,40,27,0.046857,T.CD4.Memory
TGCTCACTCGTGCTAG-4,GARQ,D18,1,40,40,9,0.04871142,T.CD4.Naive
ACAGGATCAATAGCCC-4,GARQ,D18,1,40,40,25,0.050009012,T.CD4.Naive
GAATTTGTCAAATCGC-4,GARQ,D18,1,40,40,9,0.02501905,T.CD8.Effector
TCTAACCGTGTAACCA-4,GARQ,D18,1,40,40,37,0.018784583,T.CD4.Memory
AGTACGCGTGTAACCA-4,GARQ,D18,1,40,40,37,0.001589179,T.CD4.Memory
GATTATGTCGAAGTAG-4,GARQ,D18,1,40,40,7,0.0007787943,T.CD4.Memory
GTTGCGGGTCGTTACT-4,GARQ,D18,1,40,40,14,0.022335887,T.CD8.Naive
GTGCTGGGTGGTGAGA-4,GARQ,D18,1,40,40,37,0.02208221,T.CD8.Effector
CGCTTAACAAGGTCCT-4,GARQ,D18,1,40,40,32,0.050637603,T.CD4.Memory
ACTTATCTCACTCGCT-4,GARQ,D18,1,40,40,28,0.04268408,T.CD4.Naive
GGATTATGTGTTGTAG-4,GARQ,D18,1,40,40,28,0.0010715723,T.CD4.Memory
TTCAGGTAGGAACCGG-4,GARQ,D18,1,40,40,14,0.006952524,T.CD4.Memory
TCTAGCACACATTGCA-4,GARQ,D18,1,40,40,34,0.061238885,T.CD4.Memory
CGGGTCTAGTAGCCAT-4,GARQ,D18,1,40,40,9,0.027965069,T.CD4.Naive
AGTTTGATCGTTAAGC-4,GARQ,D18,1,40,40,7,0.07798928,T.CD8.Effector
GGCTTCAAGGCCAATT-4,GARQ,D18,1,40,40,37,0.057549953,T.CD4.Memory
TGATTAGTCAGCCAAT-4,GARQ,D18,1,40,40,5,0.325037,NK
GTCCAAGTCCCTGGTT-4,GARQ,D18,1,40,40,24,0.02330947,T.CD4.Naive
ACCAGGACATCAATCG-4,GARQ,D18,1,40,40,9,0.10865563,T.CD8.Naive
GCTCCTTAGCTCCTTA-4,GARQ,D18,1,40,40,37,0.014402926,T.CD4.Naive
GCTCACAAGGAGGACT-4,GARQ,D18,1,40,40,9,0.01036787,T.CD4.Memory
TCATCCATCTAACTGA-4,GARQ,D18,1,40,40,31,0.003768921,B.Naive
TCCTGTTCATTATGAC-4,GARQ,D18,1,40,40,25,0.051509082,T.CD4.Naive
CCTGTATGTTTACGTC-4,GARQ,D18,1,40,40,15,0.20850778,T.CD4.Naive
TAACCTAAGAGCCGGA-4,GARQ,D18,1,40,40,31,0.001956582,B.Naive
GTTGGCGGTAGCTAAT-4,GARQ,D18,1,40,40,9,0.016644955,T.CD4.Naive
CTAATGTCACGTAAGG-4,GARQ,D18,1,40,40,9,0.011320174,T.CD4.Naive
GGTGATTTCGCTAGTG-4,GARQ,D18,1,40,40,37,0.12213361,T.CD4.Memory
CCGTTATGTCATTGAG-4,GARQ,D18,1,40,40,9,0.01964879,T.CD4.Memory
ATTATGGTCTTGAGGT-4,GARQ,D18,1,40,40,9,0.013808012,T.CD4.Naive
GCATCCTTCGAGGAAC-4,GARQ,D18,1,40,40,8,0.006590843,T.CD4.Memory
TATCCGGAGGCTGTGC-4,GARQ,D18,1,40,40,9,0.0060482025,T.CD4.Memory
CCCAAACCACCATATG-4,GARQ,D18,1,40,40,9,0.025718689,T.CD4.Naive
ATGCATTCAGAAATGC-4,GARQ,D18,1,40,40,37,0.00617218,T.CD8.Effector
TTTGAGTCAAACATAG-4,GARQ,D18,1,40,40,35,0.0004056692,B.Naive
TCTACCTCAGCACCAT-4,GARQ,D18,1,40,40,34,0.019476175,T.CD4.Naive
AGATGCTTCTTAAGTG-4,GARQ,D18,1,40,40,12,0.07450104,T.CD4.Naive
CTGAAACTCCGGAACC-4,GARQ,D18,1,40,40,12,0.032889485,T.CD4.Memory
CTCATGCTCGAAGCGG-4,GARQ,D18,1,40,40,37,0.05367422,T.CD4.Memory
AGCTTCCTCAATACGC-4,GARQ,D18,1,40,40,7,0.008441925,T.CD8.Effector
ACTTGAATCTTGACCC-4,GARQ,D18,1,40,40,9,0.12718654,T.CD4.Naive
TTCCTTGAGTCAATTG-4,GARQ,D18,1,40,40,9,0.02931714,T.CD4.Memory
GCAATCTAGCTCGCTT-4,GARQ,D18,1,40,40,5,0.109556556,NK
TGTGAAACAGCCGCTA-4,GARQ,D18,1,40,40,37,0.029503465,T.CD4.Memory
GTACACCCACCACAAC-4,GARQ,D18,1,40,40,9,0.008877039,T.CD4.Memory
CTCCCTGAGGAGTCTT-4,GARQ,D18,1,40,40,9,0.12521613,T.CD4.Naive
ACTAACGGTCCTTAGT-4,GARQ,D18,1,40,40,23,0.018157542,T.CD4.Memory
TTCCTTGAGGCTAAGA-4,GARQ,D18,1,40,40,9,0.06258392,T.CD4.Naive
GATGCGACAAGGTATA-4,GARQ,D18,1,40,40,35,0.037864923,B.Naive
CTATGACAGGCTTAAC-4,GARQ,D18,1,40,40,35,0.0036171675,B.Naive
GTATTGATCTGGCTTC-4,GARQ,D18,1,40,40,16,0.0757575,T.CD4.Memory
CCTAAATCACAAACTT-4,GARQ,D18,1,40,40,18,0.026485264,T.CD8.Naive
CAAGGGAGTAATTAGC-4,GARQ,D18,1,40,40,37,0.014087558,T.CD4.Memory
GAAGGCTAGCTTAGCG-4,GARQ,D18,1,40,40,7,0.100863576,T.CD8.Effector
ACGCTTGAGGCTAATC-4,GARQ,D18,1,40,40,9,0.0479095,T.CD4.Naive
AGGGCCTTCAAGTGTC-4,GARQ,D18,1,40,40,37,0.091108024,T.CD8.Naive
CTTAGTTTCTCCATGC-4,GARQ,D18,1,40,40,22,0.119704306,T.CD4.Memory
GTACAATGTGTTAGCA-4,GARQ,D18,1,40,40,7,0.020916343,T.CD8.Effector
CAAACCGTCTTCAATC-4,GARQ,D18,1,40,40,7,0.07578361,T.CD8.Effector
CACTTAAAGAGGAGGA-4,GARQ,D18,1,40,40,9,0.037828326,T.CD4.Naive
AACTAGTGTTTACGTC-4,GARQ,D18,1,40,40,9,0.07208288,T.CD4.Naive
CTCACACTCTGGTCCT-4,GARQ,D18,1,40,40,25,0.022594333,T.CD8.Naive
CCATTATTCCTAACGG-4,GARQ,D18,1,40,40,35,0.012898684,B.Naive
CAAACGCGTGGATTAT-4,GARQ,D18,1,40,40,9,0.047281265,T.CD8.Naive
ATGGCCCAGTTGCCTC-4,GARQ,D18,1,40,40,9,0.10678768,T.CD4.Naive
GGTTATGGTGTGCAAC-4,GARQ,D18,1,40,40,18,0.013516903,T.CD4.Memory
ACCTTGCTCTGCAACG-4,GARQ,D18,1,40,40,37,0.04062438,T.CD4.Naive
GGGCAATAGGCTACAT-4,GARQ,D18,1,40,40,37,0.024903953,T.CD4.Memory
CTAATAGTCAACCAAC-4,GARQ,D18,1,40,40,32,0.036178827,T.CD4.Memory
GTTACGTAGGGTGAGT-4,GARQ,D18,1,40,40,14,0.0017908812,T.CD4.Naive
CTTTAGTTCAAGACTC-4,GARQ,D18,1,40,40,9,0.0702765,T.CD4.Memory
TTCTTAGGTTGACTTC-4,GARQ,D18,1,40,40,20,0.011744201,T.CD4.Memory
GAGCTTGTCAATGAGG-4,GARQ,D18,1,40,40,9,0.09867048,T.CD4.Memory
TCCTAGTGTTTGGTTC-5,GARQ,D18,1,40,40,4,0.23882985,T.CD4.Memory
TAGCATATCACTCAAA-5,GARQ,D18,1,40,40,11,0.09940505,B.Naive
GTGTTCCTCTGCAAAC-5,GARQ,D18,1,40,40,26,0.20096475,Mono.CD14
ATGGACAAGAATCGCT-5,GARQ,D18,1,40,40,38,0.08347809,T.CD8.Effector
ACTTAGGGTTGAGGTC-5,GARQ,D18,1,40,40,9,0.07019448,T.CD4.Naive
GTACTTCGTTACTTCA-5,GARQ,D18,1,40,40,11,0.006470561,B.Naive
GGTCCTGCACAACAAA-5,GARQ,D18,1,40,40,26,0.20540428,Mono.CD14
GCTGTACCATTAGGTT-5,GARQ,D18,1,40,40,35,0.000967741,B.Naive
AGACACGCATTATGGT-5,GARQ,D18,1,40,40,26,0.25795126,Mono.CD14
CGTACGGGTTTAGTCC-5,GARQ,D18,1,40,40,11,0.013258219,B.Naive
TCCATAAAGCGAGCGA-5,GARQ,D18,1,40,40,19,0.028178096,B.Naive
TTTCATCAGCTTGCTC-5,GARQ,D18,1,40,40,26,0.14287317,Mono.CD14
CAACTAGGTTAATGAC-5,GARQ,D18,1,40,40,35,0.10103655,B.Naive
GGATATTGTGGAAGGC-5,GARQ,D18,1,40,40,4,0.11457038,T.CD4.Naive
GTCGCAATCATGGTTA-5,GARQ,D18,1,40,40,38,0.23875058,T.CD4.Memory
GCTTTACGTTGTGACA-5,GARQ,D18,1,40,40,26,0.19304985,DC.Myeloid
ATGCGATTCTGGCAAT-5,GARQ,D18,1,40,40,26,0.107522845,Mono.CD14
ACCTTGCTCTTAGGGT-5,GARQ,D18,1,40,40,38,0.18308854,T.CD8.Effector
GGCAGGATCCGCACAA-5,GARQ,D18,1,40,40,17,0.15321434,T.CD8.Naive
ACACGGACACAGCCTG-5,GARQ,D18,1,40,40,38,0.06869197,T.CD4.Memory
ATTAGCTCACAATGTT-5,GARQ,D18,1,40,40,2,0.008090258,Mono.CD14
CTCGTTATCGTACCGA-5,GARQ,D18,1,40,40,35,0.029655457,B.Naive
TCTATGTTCGGTTTGG-5,GARQ,D18,1,40,40,26,0.17580366,Mono.CD14
CTATAACCAATTGAAG-5,GARQ,D18,1,40,40,26,0.18860197,Mono.CD14
TTCAGTTTCATGAGCT-5,GARQ,D18,1,40,40,31,0.01428175,B.Naive
GCCTTTGGTTAACGGC-5,GARQ,D18,1,40,40,11,0.086042285,B.Naive
GCAATATGTTTATCTG-5,GARQ,D18,1,40,40,26,0.15945566,Mono.CD14
ATTGGCTAGAGAGGAG-5,GARQ,D18,1,40,40,26,0.121175766,Mono.CD14
CGCATATAGCGAGTAA-5,GARQ,D18,1,40,40,26,0.14277816,Mono.CD14
GGGTTTCCACAGCCAT-5,GARQ,D18,1,40,40,26,0.16467571,Mono.CD14
CGATGTCCAATGAGGT-5,GARQ,D18,1,40,40,26,0.1090219,Mono.CD14
TTTAGCTTCGGCCATA-5,GARQ,D18,1,40,40,11,0.056242704,B.Naive
CGCTTCTAGGAACGCG-5,GARQ,D18,1,40,40,26,0.12710953,Mono.CD14
AATCAGGAGCTGTAAC-5,GARQ,D18,1,40,40,26,0.14355624,Mono.CD14
GTGATCAGTTCCAGGG-5,GARQ,D18,1,40,40,26,0.07288933,Mono.CD14
GGTAAGGGTTTGACCT-5,GARQ,D18,1,40,40,26,0.1319542,Mono.CD14
GGTTCTTGTCACCAAA-5,GARQ,D18,1,40,40,26,0.12615228,Mono.CD14
GGACCGAAGGTCCTAG-5,GARQ,D18,1,40,40,38,0.09614313,T.CD4.Memory
AGCAATTGTCACGAAC-5,GARQ,D18,1,40,40,38,0.14384127,T.CD8.Effector
CCTGGATCACTTCATC-5,GARQ,D18,1,40,40,26,0.092089415,Mono.CD14
TCTAACCGTAGTTGGC-5,GARQ,D18,1,40,40,35,0.04742253,B.Naive
CTAGCTGAGGAGGGTT-5,GARQ,D18,1,40,40,26,0.03438437,Mono.CD14
GCGTTTCTCCGCCTCA-5,GARQ,D18,1,40,40,11,0.059624076,B.Naive
GAGGAGGCAGCAAGAT-5,GARQ,D18,1,40,40,26,0.17243707,Mono.CD14
TTTCCTGAGACAGGTA-5,GARQ,D18,1,40,40,26,0.16385353,Mono.CD14
ACGCCTAAGTTCCTCA-5,GARQ,D18,1,40,40,35,0.026606679,B.Naive
GTGCGGTTCACAGCGC-5,GARQ,D18,1,40,40,19,0.028650045,B.Naive
CAAGTGAAGCGGGCAA-5,GARQ,D18,1,40,40,35,0.00542295,B.Naive
TACGCTTGTGAGCGAA-5,GARQ,D18,1,40,40,4,0.22113049,T.CD4.Memory
CTAGATTCAAATGCCC-5,GARQ,D18,1,40,40,26,0.106135845,Mono.CD14
CAAACCGTCAGCCAAT-5,GARQ,D18,1,40,40,11,0.035882473,B.Naive
GACACCGGTGTGCACG-5,GARQ,D18,1,40,40,31,0.010520935,B.Naive
ACCACATAGCTAAAGG-5,GARQ,D18,1,40,40,26,0.13205564,Mono.CD14
AGTCAATGTAACCAGC-5,GARQ,D18,1,40,40,26,0.15856731,Mono.CD14
GATCAGGCAACCTAAT-5,GARQ,D18,1,40,40,35,0.0067853928,B.Naive
AGCTAAACACTGACCG-5,GARQ,D18,1,40,40,26,0.12343562,Mono.CD14
CTTAGGAGTATTGGAT-5,GARQ,D18,1,40,40,26,0.3294449,Mono.CD14
CGAACCGGTTGGATAT-5,GARQ,D18,1,40,40,26,0.08105314,Mono.CD14
TATCGCACAGCTTAAT-5,GARQ,D18,1,40,40,33,0.026894331,B.Naive
AGTTGTCAGAATCTCA-5,GARQ,D18,1,40,40,35,0.013630867,B.Naive
TTGCATTTCACAGCGC-5,GARQ,D18,1,40,40,26,0.15976703,Mono.CD14
CTACCTCAGACAACAG-5,GARQ,D18,1,40,40,35,0.022378564,B.Naive
GGCTCAATCATAGCCG-5,GARQ,D18,1,40,40,26,0.041427255,Mono.CD14
AATTGGGAGCGAGTAA-5,GARQ,D18,1,40,40,26,0.060944676,Mono.CD14
GTAGGTGCAGTAGGAT-5,GARQ,D18,1,40,40,26,0.09786689,Mono.CD14
AGTAAACAGTTAGGCT-5,GARQ,D18,1,40,40,4,0.13519979,T.CD4.Memory
CCTCAGTTCTTCAATC-5,GARQ,D18,1,40,40,38,0.096506596,T.CD4.Memory
CGAAATGAGCGCTCAA-5,GARQ,D18,1,40,40,38,0.109413505,T.CD4.Memory
CGGAGTCTCAGGAACA-5,GARQ,D18,1,40,40,35,0.007126093,B.Naive
TAGCAGGCACAAAGCG-5,GARQ,D18,1,40,40,26,0.25861907,Mono.CD14
ACACTAGGTATTCGCT-5,GARQ,D18,1,40,40,35,0.014015913,B.Naive
AAGAACAGTTCACCAT-5,GARQ,D18,1,40,40,35,0.07464862,B.Naive
ATCCCGCGTTTAAAGC-5,GARQ,D18,1,40,40,26,0.04920292,Mono.CD14
CTCTAAGCAAACTGTT-5,GARQ,D18,1,40,40,26,0.23019826,Mono.CD16
ACCCGTAAGGCATTGT-5,GARQ,D18,1,40,40,19,0.00042665005,B.Naive
CCTTAACGTTAACAGT-5,GARQ,D18,1,40,40,26,0.25845623,Mono.CD14
GGAACGGTCTTCAATC-5,GARQ,D18,1,40,40,30,0.012053013,T.CD8.Effector
TAGTTGTCATTGCGAC-5,GARQ,D18,1,40,40,35,0.019143581,B.Naive
GGCAGGATCGGTAACT-5,GARQ,D18,1,40,40,26,0.17171621,Mono.CD14
GCAGGACCAGGCTGTT-5,GARQ,D18,1,40,40,26,0.062158108,Mono.CD14
CTTGAACAGGTGTTAC-5,GARQ,D18,1,40,40,26,0.37010717,Mono.CD14
CTATGGCCAAATTCGT-5,GARQ,D18,1,40,40,4,0.07574713,T.CD4.Memory
AGATGCTTCAAGCTTA-5,GARQ,D18,1,40,40,26,0.023877025,Mono.CD14
TCATTTGGTGGGTACT-5,GARQ,D18,1,40,40,4,0.1158303,T.CD4.Naive
GAAACTGAGCCTGACA-5,GARQ,D18,1,40,40,26,0.05495739,Mono.CD14
GCAAGTGCAGGCCATT-5,GARQ,D18,1,40,40,35,0.036006212,B.Activated
ACCCGGTAGTCATTAG-5,GARQ,D18,1,40,40,26,0.011348009,Mono.CD14
TGTTATGAGGTGAAGC-5,GARQ,D18,1,40,40,19,0.034565806,B.Naive
TGTGGCGGTCGCAAAC-5,GARQ,D18,1,40,40,2,0.12009561,Mono.CD14
AAACCGCGTACTGATG-5,GARQ,D18,1,40,40,35,0.052955627,B.Naive
TTTGCGGAGTTCCCAC-5,GARQ,D18,1,40,40,26,0.17244422,Mono.CD14
ATAGGTACAGGAACCA-5,GARQ,D18,1,40,40,26,0.14444625,Mono.CD14
CGGCCATAGTCCTGAG-5,GARQ,D18,1,40,40,3,0.11411631,NK
AGCATTTCAGGAAGCC-5,GARQ,D18,1,40,40,34,0.029352784,T.CD8.Naive
GTGAATCTCGCTAAGT-5,GARQ,D18,1,40,40,11,0.034361243,B.Naive
TATATCCTCCCTCTAA-5,GARQ,D18,1,40,40,26,0.2376523,Mono.CD14
AGTGAACCAATGAAGC-5,GARQ,D18,1,40,40,26,0.15243828,Mono.CD14
GAGATAAGTTAACAGT-5,GARQ,D18,1,40,40,13,0.034067035,NK
GCAATGAAGCGAGTAA-5,GARQ,D18,1,40,40,26,0.117926955,Mono.CD14
TCAGGTTAGGAACCAA-5,GARQ,D18,1,40,40,35,0.021572828,B.Naive
AGTCGCATCCTAATAG-5,GARQ,D18,1,40,40,26,0.27082396,Mono.CD14
AAAGGACGTCAATACG-5,GARQ,D18,1,40,40,35,0.048318744,B.Naive
AACCTTAAGACTTATG-5,GARQ,D18,1,40,40,35,0.023837566,B.Naive
GGTCTTTGTCGTAATG-5,GARQ,D18,1,40,40,33,0.11219752,B.Naive
AGCATTTCATCCATCT-5,GARQ,D18,1,40,40,23,0.032375574,T.CD4.Memory
GCTGCACAGTCAATCA-5,GARQ,D18,1,40,40,11,0.009336233,B.Naive
AGTGCCGGTAACGGGA-5,GARQ,D18,1,40,40,38,0.061668098,T.CD4.Memory
TCCACAACATTGTGAT-5,GARQ,D18,1,40,40,26,0.022990346,Mono.CD14
TCTAACCGTCAAACTG-5,GARQ,D18,1,40,40,2,0.000636816,Mono.CD14
CAGCAAGCATTGTCCT-5,GARQ,D18,1,40,40,19,0.014684439,B.Naive
GAGTTGCGTTACATCC-5,GARQ,D18,1,40,40,11,0.048597693,B.Naive
CGACAAGCAGCACGAA-5,GARQ,D18,1,40,40,11,0.112436056,B.Naive
GCTAGCGGTAAGCACC-5,GARQ,D18,1,40,40,35,0.071245074,B.Naive
TGACCAAGTACAATGT-5,GARQ,D18,1,40,40,35,0.05510497,B.Naive
TGCGATTAGCTGGACC-5,GARQ,D18,1,40,40,11,0.04862809,B.Naive
CTCGCTCCACGCAACT-5,GARQ,D18,1,40,40,35,0.056820393,B.Naive
GAACCGCTCCCGTTAC-5,GARQ,D18,1,40,40,19,0.03603697,B.Naive
GTGCTTCTCCTGATGG-5,GARQ,D18,1,40,40,26,0.15506458,Mono.CD14
CTTGACGAGATAACCC-5,GARQ,D18,1,40,40,26,0.029741287,Mono.CD14
GCCATTACAGAAATTG-5,GARQ,D18,1,40,40,35,0.0062212944,B.Naive
AAACCGCGTATTGCAG-5,GARQ,D18,1,40,40,11,0.02605784,B.Naive
ATGACTCAGGTGAAAT-5,GARQ,D18,1,40,40,26,0.034307837,Mono.CD14
GCAGGAAGTCCCGGAA-5,GARQ,D18,1,40,40,26,0.14871037,Mono.CD14
TAGGTTATCTAGCTTT-5,GARQ,D18,1,40,40,35,0.051145077,B.Naive
CAGCAAGCACGGTTTA-5,GARQ,D18,1,40,40,26,0.2864424,Mono.CD14
ATAACGACAAGGTGCA-5,GARQ,D18,1,40,40,35,0.012110829,B.Naive
TTCTTAGGTTCGCGCT-5,GARQ,D18,1,40,40,4,0.11549711,T.CD8.Naive
GTTTGTAAGCGCTCAA-5,GARQ,D18,1,40,40,26,0.0648824,Mono.CD14
TCGTTAGCAATTAGCT-5,GARQ,D18,1,40,40,32,0.0041148067,T.CD8.Effector
GATAAGCCAATAATGG-5,GARQ,D18,1,40,40,26,0.012556195,Mono.CD14
AGTAGGATCCTACCTA-5,GARQ,D18,1,40,40,15,0.014312863,T.CD4.Naive
TTCGTGCTCAGCTAAC-5,GARQ,D18,1,40,40,19,0.008877754,B.Naive
CGGGCTTAGCGCAATT-5,GARQ,D18,1,40,40,11,0.05594504,B.Naive
TAGTTTGAGGCATTAC-5,GARQ,D18,1,40,40,26,0.061027527,Mono.CD14
CCCGCTTCAAATTGCT-5,GARQ,D18,1,40,40,19,0.0076738596,B.Naive
TCGGTAAGTTCATCTA-5,GARQ,D18,1,40,40,2,0.077462554,Mono.CD14
CGCACACAGTCATGCG-5,GARQ,D18,1,40,40,28,0.068461895,T.CD8.Effector
AGCGCTCAGAGGAGTC-5,GARQ,D18,1,40,40,35,0.07038808,B.Naive
TCATGAGGTAGGTTTG-5,GARQ,D18,1,40,40,19,0.029866457,B.Naive
CGAAGAATCCTTAGGG-5,GARQ,D18,1,40,40,26,0.035945415,Mono.CD14
ATGAATGCAATTAACC-5,GARQ,D18,1,40,40,27,0.03756547,T.CD4.Memory
AGGATGCAGATGGACA-5,GARQ,D18,1,40,40,19,0.073118806,B.Naive
CACAGGGAGACAAACG-5,GARQ,D18,1,40,40,7,0.027619243,T.CD8.Effector
TTGGAGGCAACTAACT-5,GARQ,D18,1,40,40,26,0.19178891,Mono.CD14
AGTAATCGTTTCCTCC-5,GARQ,D18,1,40,40,35,0.11333275,B.Naive
AGTGCCGGTGCATTTC-5,GARQ,D18,1,40,40,35,0.07882762,B.Naive
TACGTAATCACACAGT-5,GARQ,D18,1,40,40,38,0.05200267,T.CD4.Memory
GGAACCTGTAGTTGGC-5,GARQ,D18,1,40,40,38,0.14705145,T.CD4.Memory
AAGGATGTCCGCATGA-5,GARQ,D18,1,40,40,11,0.033939123,B.Naive
TAGCATATCCTAAGGT-5,GARQ,D18,1,40,40,37,0.15550065,T.CD4.Memory
GGCGGTAAGCTCCCTG-5,GARQ,D18,1,40,40,38,0.07787728,T.CD8.Effector
GCTTAACAGTGTTGTA-5,GARQ,D18,1,40,40,26,0.08436394,Mono.CD14
GAGGAGGCAACTAGGG-5,GARQ,D18,1,40,40,6,0.0067489147,T.CD8.Effector
GCAGCAACACTTAACG-5,GARQ,D18,1,40,40,35,0.031144857,B.Naive
CGTGTTACATAGTCAT-5,GARQ,D18,1,40,40,26,0.11572218,Mono.CD16
TTCCCGCCAGTAGGAT-5,GARQ,D18,1,40,40,3,0.02476561,NK
GGTATTTCAGTCTATG-5,GARQ,D18,1,40,40,38,0.06357622,T.CD8.Effector
AGCATCCCAGGACCAA-5,GARQ,D18,1,40,40,35,0.05137503,B.Naive
AGCTGCTCACGTAATT-5,GARQ,D18,1,40,40,38,0.10022533,T.CD8.Effector
GCAAACAAGTAAACCC-5,GARQ,D18,1,40,40,5,0.06774062,NK
GGCTCACAGCCACATG-5,GARQ,D18,1,40,40,31,0.00039887428,B.Naive
GCAAACTTCGTACCGA-5,GARQ,D18,1,40,40,26,0.028677464,Mono.CD14
GTGCTTCTCCAGGGAG-5,GARQ,D18,1,40,40,39,0.017313123,T.CD4.Memory
GGTGTCCAGTTGCCTC-5,GARQ,D18,1,40,40,26,0.031530738,Mono.CD14
GCCAGGAAGGGCTAAA-5,GARQ,D18,1,40,40,27,0.0104570985,T.CD4.Memory
ACCCAGGGTACCGGAT-5,GARQ,D18,1,40,40,35,0.021029472,B.Naive
GAAGTATAGTCAATCA-5,GARQ,D18,1,40,40,35,0.038243532,B.Naive
CCTAAAGGTCTAACAG-5,GARQ,D18,1,40,40,26,0.15154147,Mono.CD14
AGGCGGATCAAGTGTC-5,GARQ,D18,1,40,40,37,0.01609838,T.CD4.Memory
CTCGCTCCATGTTGTG-5,GARQ,D18,1,40,40,39,0.03885448,T.CD4.Memory
ATGCAGGCACGGTACT-5,GARQ,D18,1,40,40,39,0.037000418,T.CD4.Memory
AAGGTGCAGTTATGGC-5,GARQ,D18,1,40,40,19,0.016809702,B.Naive
CGAGGCAAGCAATAGG-5,GARQ,D18,1,40,40,38,0.13079977,T.CD8.Effector
GCGAAGTAGCTTAACA-5,GARQ,D18,1,40,40,38,0.030649781,T.CD4.Memory
CAGCATGTCCGTTAAA-5,GARQ,D18,1,40,40,18,0.05134189,T.CD4.Memory
AACCTTAAGGCTAGAA-5,GARQ,D18,1,40,40,39,0.058877468,T.CD4.Memory
GATTACTCATAAGTTC-5,GARQ,D18,1,40,40,22,0.028255343,T.CD4.Naive
GTGCTCAAGCTTAACA-5,GARQ,D18,1,40,40,26,0.38803077,Mono.CD14
CCACAGGGTCCTTTAA-5,GARQ,D18,1,40,40,37,0.059106708,T.CD4.Memory
GGAGTGAGTGGGTGAA-5,GARQ,D18,1,40,40,9,0.03212154,T.CD4.Memory
CTCTGTTCAGATTCAT-5,GARQ,D18,1,40,40,7,0.06990409,T.CD4.Memory
GCAATATGTAAGGTTT-5,GARQ,D18,1,40,40,11,0.015039206,B.Naive
GTACTTAAGTTTCCGC-5,GARQ,D18,1,40,40,31,0.037768364,B.Naive
TAGGCTAGTCGACTAA-5,GARQ,D18,1,40,40,35,0.06544113,B.Naive
AAGGTGCAGCATGACT-5,GARQ,D18,1,40,40,38,0.11862099,T.CD4.Memory
GCGTGCTAGTCACTAA-5,GARQ,D18,1,40,40,37,0.048860192,T.CD4.Memory
CCTCAGTTCACAGCGC-5,GARQ,D18,1,40,40,37,0.042738914,T.CD8.Naive
CTGACCAAGCTCGCTT-5,GARQ,D18,1,40,40,38,0.012087524,T.CD8.Effector
CCCGCTTCACAATACT-5,GARQ,D18,1,40,40,37,0.011931598,T.CD4.Memory
GGCCTTAAGAGGATAT-5,GARQ,D18,1,40,40,9,0.014717102,T.CD4.Naive
CCTTATGTCGTTAACA-5,GARQ,D18,1,40,40,9,0.028490782,T.CD4.Naive
ATCAATCCACCGTTCC-5,GARQ,D18,1,40,40,26,0.12761867,Mono.CD14
GACATAGAGCAAGGTA-5,GARQ,D18,1,40,40,35,0.069720864,B.Naive
ATTAGCTCACAATGCC-5,GARQ,D18,1,40,40,7,0.052361965,T.CD8.Effector
GTTCACCTCAGGATGA-5,GARQ,D18,1,40,40,37,0.00011563301,T.CD4.Naive
TAGTAGGAGTTGTCCC-5,GARQ,D18,1,40,40,5,0.17124629,NK
CCCAAATAGCGATAGA-5,GARQ,D18,1,40,40,37,0.0048069954,T.CD4.Memory
CGAGCGAAGTGAGCGG-5,GARQ,D18,1,40,40,37,0.00069499016,T.CD4.Naive
TATCACGCATCACTTC-5,GARQ,D18,1,40,40,37,0.0030839443,T.CD4.Memory
CAACTAATCCTAATAG-5,GARQ,D18,1,40,40,32,0.015902758,T.CD8.Effector
GTTCTCATCATTAGGC-5,GARQ,D18,1,40,40,7,0.08530569,T.CD8.Effector
TCTTGACGTGATTTGG-5,GARQ,D18,1,40,40,21,0.062636614,T.CD8.Effector
TTGGCTACAGTTTACG-5,GARQ,D18,1,40,40,26,0.22475863,Mono.CD14
GCTCTGTTCCGGGACT-5,GARQ,D18,1,40,40,37,0.0113710165,T.CD4.Memory
TAAAGCCTCTAACTGA-5,GARQ,D18,1,40,40,35,0.028792739,B.Naive
TTTCACCCAGGCCAAA-5,GARQ,D18,1,40,40,37,0.05589938,T.CD4.Naive
TATCACGCATTATGAC-5,GARQ,D18,1,40,40,23,0.018510759,T.CD4.Memory
CTTGTCCAGTTATGGC-5,GARQ,D18,1,40,40,35,0.11066437,B.Naive
GTTGTGAGTAATGGCC-5,GARQ,D18,1,40,40,38,0.119003296,T.CD8.Effector
GGCTGGTTCCTCACTA-5,GARQ,D18,1,40,40,37,0.030149221,T.CD4.Memory
ACTAACGGTCGCGCAA-5,GARQ,D18,1,40,40,8,0.057787836,T.CD4.Naive
GCAGGAAGTTTAGCGA-5,GARQ,D18,1,40,40,4,0.13894159,T.CD4.Memory
CCTAGTTGTACTTCAC-5,GARQ,D18,1,40,40,35,0.033834696,B.Naive
TAGCGGCTCTAACTGA-5,GARQ,D18,1,40,40,26,0.043889046,Mono.CD14
CAAGGCCTCTGTAAGC-5,GARQ,D18,1,40,40,37,0.053319216,T.CD4.Memory
CCTCAAACACAAACTT-5,GARQ,D18,1,40,40,24,0.110886514,T.CD4.Naive
GTTACTCGTTCCTCCT-5,GARQ,D18,1,40,40,37,0.11257553,T.CD4.Memory
TCACCTCAGTGAGCGG-5,GARQ,D18,1,40,40,8,0.019830465,T.CD4.Naive
AAAGGTTAGAACCTAC-5,GARQ,D18,1,40,40,38,0.013678312,T.CD8.Effector
CATAATGTCACTTTAC-5,GARQ,D18,1,40,40,38,0.21436036,T.CD8.Effector
CTGTGTGAGTTTGAGC-5,GARQ,D18,1,40,40,13,0.118088126,NK
CTTTGGTGTACGTTTC-5,GARQ,D18,1,40,40,28,0.0012352467,T.CD4.Naive
GGGCATGAGGAGGGTT-5,GARQ,D18,1,40,40,27,0.008186221,T.CD4.Memory
ACCCAGGGTGAATCGC-5,GARQ,D18,1,40,40,31,0.058392644,B.Naive
AGCGCTCAGGCCATCA-5,GARQ,D18,1,40,40,38,0.21057749,T.CD4.Memory
GCTAACAGTTTCCGGC-5,GARQ,D18,1,40,40,36,0.13298833,T.CD4.Naive
CTTTATGGTTGGCGTG-5,GARQ,D18,1,40,40,7,0.19127417,T.CD8.Effector
TTAATCGAGGCGGGTA-5,GARQ,D18,1,40,40,7,0.16066194,T.CD8.Effector
GGTTAGCGTCCGCTGT-5,GARQ,D18,1,40,40,20,0.11109012,T.CD8.Effector
GGATTGCGTTACAAAC-5,GARQ,D18,1,40,40,26,0.21017015,Mono.CD14
GCAATGTTCGTTAAGC-5,GARQ,D18,1,40,40,39,0.16967583,T.CD4.Memory
CTTACTAGTATTGGAT-5,GARQ,D18,1,40,40,38,0.075549304,T.CD4.Memory
AAATCCGGTAATAGCT-5,GARQ,D18,1,40,40,28,0.038241982,T.CD4.Naive
GCCTCAAAGTTCCTCA-5,GARQ,D18,1,40,40,7,0.09668279,T.CD8.Effector
CTGAAACTCTTGAGCG-5,GARQ,D18,1,40,40,15,0.06651455,T.CD4.Naive
CCAGCTAAGTTATTCC-5,GARQ,D18,1,40,40,39,0.044160604,T.CD8.Naive
TACTAAGTCGTTTCTG-5,GARQ,D18,1,40,40,34,0.038256884,T.CD4.Memory
AGGACTAAGGCTACTG-5,GARQ,D18,1,40,40,37,0.13434625,T.CD4.Naive
CAACCCTTCATGTTTC-5,GARQ,D18,1,40,40,28,0.008300066,T.CD4.Memory
CGCTAATAGGCTATGT-5,GARQ,D18,1,40,40,37,0.0049306154,T.CD4.Memory
ACTTGAATCATGCATA-5,GARQ,D18,1,40,40,25,0.02000469,T.CD8.Naive
TGCACCTTCCCTCATA-5,GARQ,D18,1,40,40,38,0.2679026,T.CD8.Effector
AGTTATGTCTTGTTCG-5,GARQ,D18,1,40,40,35,0.0053071976,B.Naive
GCGCTTGCACAACCTA-5,GARQ,D18,1,40,40,37,0.045934558,T.CD4.Naive
GTTAATGTCCTTAAGA-5,GARQ,D18,1,40,40,5,0.1284517,T.CD8.Effector
CATCAATCATTAAACC-5,GARQ,D18,1,40,40,7,0.087403536,T.CD8.Effector
GCTAAGAAGGCCTAAT-5,GARQ,D18,1,40,40,8,0.053889275,NK
GGTTAATGTGCATTAG-5,GARQ,D18,1,40,40,19,0.053862333,B.Naive
TTTAGGATCACCTGTC-5,GARQ,D18,1,40,40,35,0.0501163,B.Naive
CATTCCTCACAACAGG-5,GARQ,D18,1,40,40,17,0.3338735,T.CD4.Naive
ACCAATATCATGGTGT-5,GARQ,D18,1,40,40,37,0.0039441586,T.CD4.Memory
CGTCCTAGTGCGCATG-5,GARQ,D18,1,40,40,9,0.012053728,T.CD4.Naive
GTCGGTTCAAACCTTG-5,GARQ,D18,1,40,40,18,0.01203692,T.CD4.Naive
TACGCTTGTACAATGT-5,GARQ,D18,1,40,40,39,0.019936442,T.CD8.Effector
TTTCTCACAATGAATG-5,GARQ,D18,1,40,40,32,0.020838976,T.CD4.Memory
CTAGTAGGTTAAATGC-5,GARQ,D18,1,40,40,37,0.046806812,T.CD4.Memory
ATGATGGAGGCTACTG-5,GARQ,D18,1,40,40,38,0.017146826,T.CD4.Memory
AGTTACATCTAACTGA-5,GARQ,D18,1,40,40,11,0.08048475,T.CD4.Memory
CCTTCGTAGGAGGGTT-5,GARQ,D18,1,40,40,32,0.027712345,T.CD4.Memory
TTTCTTGCAAAGCGGC-5,GARQ,D18,1,40,40,5,0.2476201,NK
CGCACCACAATAATCC-5,GARQ,D18,1,40,40,20,0.0084994435,NK
CGTAACTAGCCTAACG-5,GARQ,D18,1,40,40,9,0.02919197,T.CD8.Naive
ATGGCCGGTGCGCGTA-5,GARQ,D18,1,40,40,4,0.04640019,T.CD4.Memory
GTTTGTAAGGTCAAAG-5,GARQ,D18,1,40,40,13,0.02593255,NK
AAGCTTGGTCTATCGT-5,GARQ,D18,1,40,40,18,0.007921994,T.CD4.Naive
ATATGTCCACCTGCTC-5,GARQ,D18,1,40,40,38,0.06880307,T.CD4.Memory
GTTACTAAGATAAAGC-5,GARQ,D18,1,40,40,37,0.06658232,T.CD8.Effector
TATGTGATCCCTCATA-5,GARQ,D18,1,40,40,37,0.00041997433,T.CD4.Naive
TTGTTGCGTTACCTGT-5,GARQ,D18,1,40,40,9,0.035178244,T.CD4.Memory
CAAAGTGAGTAGCTTA-5,GARQ,D18,1,40,40,9,0.19681406,T.CD8.Naive
GCACATTAGCCATCAG-5,GARQ,D18,1,40,40,18,0.030872643,T.CD4.Naive
GGTTACCCACAATTAC-5,GARQ,D18,1,40,40,9,0.03337872,T.CD4.Naive
CGTTAGGTCTCCATAT-5,GARQ,D18,1,40,40,18,0.029274285,T.CD4.Naive
TGCACCTTCGAGGTGG-5,GARQ,D18,1,40,40,27,0.0028868914,T.CD4.Memory
CGATCCTTCAGGGCCT-5,GARQ,D18,1,40,40,38,0.14939225,T.CD4.Memory
CTGTTTAGTCGCGCAA-5,GARQ,D18,1,40,40,35,0.025180817,B.Naive
GAGTAATAGTTATGTG-5,GARQ,D18,1,40,40,38,0.022256017,T.CD4.Memory
GGACATAAGGAACCGG-5,GARQ,D18,1,40,40,5,0.054958045,NK
TCCATTGTCCTAGTAA-5,GARQ,D18,1,40,40,37,0.06291461,T.CD4.Memory
TGGCCTGCACAATGCC-5,GARQ,D18,1,40,40,36,0.041522026,T.CD4.Memory
CCCTAATGTGGTTCTT-5,GARQ,D18,1,40,40,37,0.15507603,T.CD4.Memory
TCGATTAAGAGGAGTC-5,GARQ,D18,1,40,40,29,0.04725969,T.CD4.Naive
AGGTCATTCATGAGCT-5,GARQ,D18,1,40,40,18,0.08875865,T.CD8.Effector
GGACAGCCAATCTCTC-5,GARQ,D18,1,40,40,9,0.13210094,T.CD4.Memory
TTTACGCGTTTGTGGA-5,GARQ,D18,1,40,40,9,0.051119924,T.CD8.Naive
CCGCAAATCGCTTGCT-5,GARQ,D18,1,40,40,4,0.02607572,T.CD4.Memory
GCCCGTTGTTACTTCA-5,GARQ,D18,1,40,40,27,0.027887583,T.CD8.Effector
AGTAAACAGGAACGGT-5,GARQ,D18,1,40,40,32,0.30367446,T.CD4.Memory
AGAAGGTGTCATTACC-5,GARQ,D18,1,40,40,37,0.05305642,T.CD4.Memory
CGGGACAAGTTGCCTC-5,GARQ,D18,1,40,40,26,0.036239862,Mono.CD14
GCAGGAAGTACTGATG-5,GARQ,D18,1,40,40,29,0.023110509,T.CD4.Naive
CGTAGCGGTTGTTGGA-5,GARQ,D18,1,40,40,24,0.005904436,T.CD4.Naive
GAACTTATCTATCGCC-5,GARQ,D18,1,40,40,39,0.054151535,T.CD4.Memory
CAGATTCAGTGCTGTG-5,GARQ,D18,1,40,40,14,0.029693723,T.CD4.Naive
CAAGCTAGTAGTTGGC-5,GARQ,D18,1,40,40,9,0.0052895546,T.CD8.Naive
AGAACCAAGGAACACA-5,GARQ,D18,1,40,40,5,0.11269152,NK
CTGCTATGTGAGAAAC-5,GARQ,D18,1,40,40,5,0.24684954,NK
GAGGTGAGTTTCCGGC-5,GARQ,D18,1,40,40,8,0.0061505437,T.CD4.Memory
TGGTTCCTCCGGGACT-5,GARQ,D18,1,40,40,24,0.011957169,T.CD4.Memory
TGATCACAGACACCGC-5,GARQ,D18,1,40,40,18,0.034457564,T.CD4.Naive
GCTAGTGTCTGTTCAT-5,GARQ,D18,1,40,40,37,0.04613459,T.CD4.Naive
GCCTGAGGTACTGAAT-5,GARQ,D18,1,40,40,19,0.010082722,B.Naive
GGTATGTTCTGGTCCT-5,GARQ,D18,1,40,40,26,0.1142174,Mono.CD14
ATGGCTTAGCAGGTGG-5,GARQ,D18,1,40,40,37,0.12857509,T.CD8.Effector
TGTCAATCAGGGAGGA-5,GARQ,D18,1,40,40,37,0.09972215,T.CD4.Memory
GCTGAGGAGGGACGCA-5,GARQ,D18,1,40,40,9,0.07106638,T.CD4.Naive
GCAGCTATCCCTCACG-5,GARQ,D18,1,40,40,20,0.022200704,T.CD8.Effector
TATGACTCACAACCTA-5,GARQ,D18,1,40,40,20,0.0264647,T.CD8.Effector
CCACAATAGGAGGACT-5,GARQ,D18,1,40,40,9,0.08155084,T.CD4.Naive
ATGCCTGAGTCAGTAC-5,GARQ,D18,1,40,40,35,0.023708582,B.Naive
GAGAAACGTGTTTGCT-5,GARQ,D18,1,40,40,37,0.0010824203,T.CD4.Memory
GCACGGTTCACCGGTA-5,GARQ,D18,1,40,40,37,0.07401848,T.CD4.Naive
ATCCCGCGTTGTGACA-5,GARQ,D18,1,40,40,9,0.0027278662,T.CD4.Naive
TCATTGTTCTCACACC-5,GARQ,D18,1,40,40,9,0.08937025,T.CD8.Naive
CGAAGCCTCGGTTTCC-5,GARQ,D18,1,40,40,9,0.12017405,T.CD4.Naive
GTTGCGGGTGATGATT-5,GARQ,D18,1,40,40,5,0.19353467,NK
GCAATGTTCTCACAAA-5,GARQ,D18,1,40,40,35,0.032621145,B.Naive
TACTGAGGTATACTGG-5,GARQ,D18,1,40,40,9,0.035125375,T.CD4.Naive
CTTTGTCCACAATTAC-5,GARQ,D18,1,40,40,9,0.04907751,T.CD4.Naive
CGAAGCCTCATTGACA-5,GARQ,D18,1,40,40,38,0.042526007,T.CD4.Memory
TCTAGCCTCCCATAAA-5,GARQ,D18,1,40,40,18,0.043548465,T.CD4.Naive
GAGCAAATCACGCGGT-5,GARQ,D18,1,40,40,28,0.040521562,T.CD4.Naive
GAGGCTACAACTGGCT-5,GARQ,D18,1,40,40,18,0.02979219,T.CD4.Naive
CGAAATGAGTGAGGTA-5,GARQ,D18,1,40,40,18,0.15867507,T.CD8.Naive
CTTGTTCCAGCCAGAA-5,GARQ,D18,1,40,40,34,0.013582587,T.CD4.Naive
GCTTATCGTACTGAAT-5,GARQ,D18,1,40,40,5,0.09499991,T.CD8.Effector
AGTACGCGTGATTTGG-5,GARQ,D18,1,40,40,32,0.02698052,T.CD8.Effector
CACATTAAGAAAGCAT-5,GARQ,D18,1,40,40,9,0.089416504,T.CD4.Naive
ATGTTGTCATCTAGCA-5,GARQ,D18,1,40,40,37,0.0029745102,T.CD8.Naive
CGGACAACACCTGCCT-5,GARQ,D18,1,40,40,9,0.14628887,T.CD4.Naive
GTTTATCTCAAGTGAG-5,GARQ,D18,1,40,40,26,0.21114635,Mono.CD14
GCCAGGAAGCTCCTAC-5,GARQ,D18,1,40,40,7,0.16090512,T.CD8.Effector
CTTATGTTCCATTACT-5,GARQ,D18,1,40,40,9,0.031790495,T.CD4.Memory
ACGCTTGAGGGCCATC-5,GARQ,D18,1,40,40,37,0.017802835,T.CD4.Naive
TATCCAGCACTTAGGC-5,GARQ,D18,1,40,40,18,0.004263878,T.CD4.Memory
ACCGCAATCGTTATCT-5,GARQ,D18,1,40,40,35,0.008263111,B.Naive
CTCCTCACATTGTTGG-5,GARQ,D18,1,40,40,27,0.0014349222,T.CD4.Naive
CACATACAGCTAATCA-5,GARQ,D18,1,40,40,37,0.024096727,T.CD4.Memory
GGCTGGTTCGCACACA-5,GARQ,D18,1,40,40,18,0.11563313,T.CD4.Memory
ATTCAACCAGCAAGTG-5,GARQ,D18,1,40,40,38,0.0008249283,T.CD4.Memory
ACTAATCCAAGCTACC-5,GARQ,D18,1,40,40,7,0.048564672,T.CD8.Effector
GGCTCAATCACGTTAA-5,GARQ,D18,1,40,40,9,0.21989393,T.CD4.Naive
CACCAACCAGTCTAAT-5,GARQ,D18,1,40,40,9,0.0030560493,T.CD4.Naive
ACGTCCTTCGGGCCAT-5,GARQ,D18,1,40,40,9,0.012532413,T.CD8.Effector
GATTATGTCATCCACC-5,GARQ,D18,1,40,40,37,0.077531576,T.CD4.Naive
CGTTAGTAGGGCTTAT-5,GARQ,D18,1,40,40,38,0.04875666,T.CD4.Memory
CCTCCTGAGACAGGTA-5,GARQ,D18,1,40,40,18,0.023651838,T.CD4.Naive
ACAGGATCAATGAGGT-5,GARQ,D18,1,40,40,8,0.009461522,T.CD8.Effector
TAATGGTGTCCCGAAG-5,GARQ,D18,1,40,40,9,0.2882073,T.CD4.Naive
GGCATGGAGGTCATTA-5,GARQ,D18,1,40,40,9,0.018866539,T.CD8.Naive
ATGATGACAATCTCTC-5,GARQ,D18,1,40,40,5,0.032596827,NK
CCGCTTAGTTCGGGAT-5,GARQ,D18,1,40,40,11,0.007852793,B.Naive
GGCCTCTGTTTCCACG-5,GARQ,D18,1,40,40,35,0.011770964,B.Naive
CTCACAACAGGAAGCC-5,GARQ,D18,1,40,40,14,0.01486218,T.CD4.Naive
GACTTGGTCACTAAGC-5,GARQ,D18,1,40,40,38,0.09291363,T.CD8.Effector
GCTGACATCATTCATC-5,GARQ,D18,1,40,40,19,0.020097971,B.Naive
GTGTGCGGTAACAGGG-5,GARQ,D18,1,40,40,15,0.053564668,T.CD4.Memory
CTTGGACCAGTACCGT-5,GARQ,D18,1,40,40,26,0.13609219,Mono.CD14
GATTGTTCAACCCTCC-5,GARQ,D18,1,40,40,9,0.06281185,T.CD4.Naive
AGCTACTAGACCATAC-5,GARQ,D18,1,40,40,25,0.030180156,T.CD4.Naive
AAGTGAAGTTGGTTAG-5,GARQ,D18,1,40,40,14,0.0015372038,T.CD4.Naive
AAAGCACCATGTGGGA-5,GARQ,D18,1,40,40,37,0.08101618,T.CD4.Memory
AACCGGCTCTTGTCTG-5,GARQ,D18,1,40,40,37,0.08117068,T.CD4.Naive
GGTCCTGCACTTAACG-5,GARQ,D18,1,40,40,38,0.23253727,T.CD8.Effector
CAGCTCAAGTTAGTGC-5,GARQ,D18,1,40,40,7,0.015732348,T.CD8.Effector
ATCACTAAGCATTTCT-5,GARQ,D18,1,40,40,9,0.055793285,T.CD4.Naive
AATTTCCTCCAGCACA-5,GARQ,D18,1,40,40,4,0.08808994,T.CD4.Naive
GTGGACACAAACCCTA-5,GARQ,D18,1,40,40,18,0.1373012,T.CD4.Memory
GACATAGAGCACTAAC-5,GARQ,D18,1,40,40,38,0.021909952,T.CD8.Effector
GTGTTACAGCAGGCCT-5,GARQ,D18,1,40,40,27,0.007103324,T.CD4.Memory
GGTTTCCTCCAAGTTA-5,GARQ,D18,1,40,40,29,0.0851711,T.CD8.Naive
GCAGGTTGTCCTTAGT-5,GARQ,D18,1,40,40,8,0.0075615644,T.CD8.Naive
GTCAGGCTCCTGATTT-5,GARQ,D18,1,40,40,18,0.060104847,T.CD8.Naive
TTGCTTTAGCGAGCGA-5,GARQ,D18,1,40,40,37,0.11402124,T.CD4.Memory
GTTGTGAGTGTGAGAG-5,GARQ,D18,1,40,40,39,0.04806757,T.CD8.Effector
CTAATCCGTAAGGTTT-5,GARQ,D18,1,40,40,9,0.061622143,T.CD4.Naive
TGTGGCGGTGTTGTAG-5,GARQ,D18,1,40,40,18,0.04264319,T.CD4.Naive
GGTAACTTCGCTAGTG-5,GARQ,D18,1,40,40,32,0.07936144,T.CD8.Effector
TTCAGTTTCATTGCGG-5,GARQ,D18,1,40,40,9,0.0845058,T.CD4.Naive
GGTGAGGTCGCTAAGT-5,GARQ,D18,1,40,40,9,0.072437525,T.CD4.Memory
ACTTCGCTCATTGTTC-5,GARQ,D18,1,40,40,18,0.018953562,T.CD8.Naive
TATAGCCAGCAGCTAT-5,GARQ,D18,1,40,40,37,5.6147575e-05,T.CD4.Naive
AGAAACCCACTGGCTG-5,GARQ,D18,1,40,40,9,0.0051026344,T.CD4.Naive
TGTGGAGCACCATATG-5,GARQ,D18,1,40,40,18,0.033421755,T.CD4.Naive
CGTTAAATCGATTATG-5,GARQ,D18,1,40,40,20,0.030756354,T.CD8.Effector
GGGCATGAGCAGCTCA-5,GARQ,D18,1,40,40,26,0.060543418,Mono.CD14
AGGTCTTAGCTGGAAA-5,GARQ,D18,1,40,40,32,0.011282921,T.CD8.Effector
GGCCATCAGGCGTAAA-5,GARQ,D18,1,40,40,39,0.014863849,T.CD8.Effector
GCAGGCTTCAGGCCTA-5,GARQ,D18,1,40,40,37,0.01482439,T.CD4.Memory
TTGCTCTCAACCTGGT-5,GARQ,D18,1,40,40,9,0.078748345,T.CD4.Naive
CGGTTTCTCATTAGTG-5,GARQ,D18,1,40,40,4,0.117293,T.CD4.Naive
ACATCATCAATAGTCT-5,GARQ,D18,1,40,40,39,0.08372617,T.CD8.Effector
CAGCCAATCTAAGTCA-5,GARQ,D18,1,40,40,18,0.06121397,T.CD8.Naive
GACCTGATCTGCAAGT-5,GARQ,D18,1,40,40,9,0.023002028,T.CD4.Naive
CGCAATTAGAACCTAC-5,GARQ,D18,1,40,40,9,0.13568497,T.CD4.Naive
CTCATTGTCCCGTTAC-5,GARQ,D18,1,40,40,28,0.0013424158,T.CD4.Naive
GTCTAGCCACAATACT-5,GARQ,D18,1,40,40,9,0.05400276,T.CD4.Naive
TCATTGCGTGCTAGCG-5,GARQ,D18,1,40,40,8,0.052136898,T.CD4.Naive
GCTGCATCAGGCCATT-5,GARQ,D18,1,40,40,18,0.012167454,T.CD4.Naive
ACTTACAAGCATTTCT-5,GARQ,D18,1,40,40,7,0.06256628,T.CD8.Effector
GCTAGTGTCAAGCGCC-5,GARQ,D18,1,40,40,8,0.004107535,T.CD8.Naive
CTTCAGGAGTTGTCAA-5,GARQ,D18,1,40,40,9,0.075036466,T.CD4.Memory
AGGATGTCACTAAATC-5,GARQ,D18,1,40,40,18,0.037656307,T.CD4.Memory
TGGTAAACAGGCATCT-5,GARQ,D18,1,40,40,18,0.3076334,T.CD8.Naive
CGTGCTGCAATTAGGA-5,GARQ,D18,1,40,40,37,0.1444664,T.CD4.Memory
TTAGGAACAAGCTAAA-5,GARQ,D18,1,40,40,37,0.082564116,T.CD4.Memory
CCTCCTGAGTAGAGGC-5,GARQ,D18,1,40,40,5,0.326712,NK
CGAGGCAAGTTGGATC-5,GARQ,D18,1,40,40,9,0.0030442476,T.CD4.Memory
GGTTGCGGTATTTGGG-5,GARQ,D18,1,40,40,18,0.0028225183,T.CD4.Naive
AGGATATAGACAGGTA-5,GARQ,D18,1,40,40,7,0.042846143,T.CD8.Effector
ACATTGCAGCACAGCC-5,GARQ,D18,1,40,40,5,0.0782733,NK
TCTTGACGTTAAATGC-5,GARQ,D18,1,40,40,18,0.1304965,T.CD4.Naive
GGTTGAGCACGTAATT-5,GARQ,D18,1,40,40,37,0.016402006,T.CD4.Naive
AATGCATGTCACTCGC-5,GARQ,D18,1,40,40,9,0.094358444,T.CD4.Naive
AATGCATGTTGCACGG-5,GARQ,D18,1,40,40,9,0.16700405,T.CD4.Naive
TAGTGAGAGCCGGTAC-5,GARQ,D18,1,40,40,18,0.13974595,T.CD4.Naive
TACGGTTAGTTTCCTG-5,GARQ,D18,1,40,40,14,0.02115798,T.CD4.Naive
ATGCATTCATAAAGCA-5,GARQ,D18,1,40,40,37,0.037418723,T.CD4.Naive
CGGCAATGTTGTTGGA-5,GARQ,D18,1,40,40,37,0.09207749,T.CD4.Naive
TAGCATATCACTCGCT-5,GARQ,D18,1,40,40,9,0.0043052435,T.CD8.Naive
TTCTTAGGTGGGTGAA-5,GARQ,D18,1,40,40,37,0.004750371,T.CD4.Memory
TTATTGCTCAACAAGG-5,GARQ,D18,1,40,40,9,0.07003498,T.CD4.Naive
GCAGGTTGTAGCTGCG-5,GARQ,D18,1,40,40,11,0.031318784,B.Naive
CGTGACATCATTTGCT-5,GARQ,D18,1,40,40,18,0.117670774,T.CD8.Naive
TGCATTAAGCTCCTTA-5,GARQ,D18,1,40,40,39,0.039607525,T.CD4.Memory
AGCTGCTCAAGGGTTG-5,GARQ,D18,1,40,40,9,0.0055754185,T.CD4.Memory
CCCAACCGTATTGTGG-5,GARQ,D18,1,40,40,34,0.10836244,T.CD4.Naive
GTCTTGCTCTTCAATC-5,GARQ,D18,1,40,40,37,0.02391529,T.CD8.Naive
AGGATATAGCCGCAAC-5,GARQ,D18,1,40,40,18,0.017751813,T.CD4.Naive
AAGGATGTCAATGAGG-5,GARQ,D18,1,40,40,37,0.14382952,T.CD4.Memory
CGATTCCTCTAACTGA-5,GARQ,D18,1,40,40,35,0.016430736,B.Naive
CGGGTCTAGGGTCCAC-5,GARQ,D18,1,40,40,18,0.20671535,T.CD4.Naive
GAGAAACGTTGGATAT-5,GARQ,D18,1,40,40,28,0.052948833,T.CD4.Memory
CGTCAATAGTGTGATC-5,GARQ,D18,1,40,40,37,0.04512787,T.CD4.Memory
GACATAGAGGCATGTT-5,GARQ,D18,1,40,40,32,0.04724437,T.CD4.Memory
GGTAACTTCAGGATGA-5,GARQ,D18,1,40,40,24,0.0704304,T.CD4.Naive
CCATATTTCATGGTTA-5,GARQ,D18,1,40,40,5,0.0881443,NK
ATGAAGCCATGAGTTT-5,GARQ,D18,1,40,40,9,0.0995903,T.CD4.Naive
CCGCACACAGACAAAC-5,GARQ,D18,1,40,40,7,0.012837291,T.CD8.Effector
TCGGTTTGTGACCTGG-5,GARQ,D18,1,40,40,13,0.098847836,NK
GCCTATTGTAAAGCAA-5,GARQ,D18,1,40,40,39,0.06141758,T.CD4.Memory
CGATCCTTCATGAGCT-5,GARQ,D18,1,40,40,9,0.017369032,T.CD4.Naive
CTAATGTCATAATCGT-5,GARQ,D18,1,40,40,18,0.025339603,T.CD4.Memory
CACAATATCGAGCAAA-5,GARQ,D18,1,40,40,18,0.09512079,T.CD4.Naive
GCTTTCATCTCCATAT-5,GARQ,D18,1,40,40,23,0.0005197525,T.CD4.Memory
CTAATCTTCGCTATAA-5,GARQ,D18,1,40,40,18,0.038608253,T.CD4.Naive
CCCTGGACAACCCTCC-5,GARQ,D18,1,40,40,7,0.010236502,T.CD8.Effector
AGATGCTTCCTTGCGT-5,GARQ,D18,1,40,40,37,0.0022928715,T.CD4.Naive
CTTCACTCAATTAGCT-5,GARQ,D18,1,40,40,9,0.06559014,T.CD4.Naive
GGTTCCCGTTAGCTGA-5,GARQ,D18,1,40,40,37,0.042420983,T.CD4.Memory
CCGTTGCGTTTCCGGC-5,GARQ,D18,1,40,40,9,0.08437097,T.CD4.Memory
GCCTTTGGTAACGAGG-5,GARQ,D18,1,40,40,9,0.031317353,T.CD4.Naive
GGTCTTGAGCACGATT-5,GARQ,D18,1,40,40,18,0.055412292,T.CD8.Naive
CCACTTGGTCTAACCT-5,GARQ,D18,1,40,40,37,0.015922546,T.CD8.Naive
GTATTGTCAATCATGT-5,GARQ,D18,1,40,40,9,0.01381743,T.CD4.Memory
AACCTTGCAAGTGTCC-5,GARQ,D18,1,40,40,7,0.044419408,T.CD4.Memory
TAGCCTCTCTCAATAG-5,GARQ,D18,1,40,40,9,0.03319478,T.CD4.Naive
ACAGGCTGTCGCGCAA-5,GARQ,D18,1,40,40,32,0.02390784,T.CD8.Effector
GCAATGAAGGGTGAGT-5,GARQ,D18,1,40,40,5,0.36551714,NK
GTAAAGCCACCGGTAT-5,GARQ,D18,1,40,40,9,0.08161414,T.CD4.Naive
CGCTTGCGTGCGCATG-5,GARQ,D18,1,40,40,9,0.054757833,T.CD4.Memory
CGTGAGGAGTAAGGGC-5,GARQ,D18,1,40,40,18,0.0068916082,T.CD4.Naive
CCACAGGGTCACGGAT-5,GARQ,D18,1,40,40,37,0.116238356,T.CD4.Naive
CTGCTATGTAGCTAAT-5,GARQ,D18,1,40,40,39,0.02980578,T.CD4.Naive
TGCACACCAAAGCTCC-5,GARQ,D18,1,40,40,35,0.030663133,B.Activated
TGGACAAAGTCTGGGC-5,GARQ,D18,1,40,40,28,0.005841136,T.CD4.Naive
AAGTGCAAGTCCTTTG-5,GARQ,D18,1,40,40,18,0.105792046,T.CD4.Naive
CAATCCCTCACCATTT-5,GARQ,D18,1,40,40,27,0.04176408,T.CD4.Memory
CTATAACCATGACTAT-5,GARQ,D18,1,40,40,32,0.035998225,T.CD8.Effector
CAATAGCTCCCTGTTA-5,GARQ,D18,1,40,40,9,0.10766971,T.CD8.Naive
GTTGCGGGTTCCTCCT-5,GARQ,D18,1,40,40,35,0.047095895,B.Naive
AATCCTAAGACAAAGT-5,GARQ,D18,1,40,40,7,0.06555283,T.CD8.Effector
GATAACGAGAGCCGGA-5,GARQ,D18,1,40,40,35,0.0586226,B.Activated
TTAGCCTGTAGCCTCC-5,GARQ,D18,1,40,40,18,0.0044915676,T.CD4.Memory
TATGCATCAAGGTGGC-5,GARQ,D18,1,40,40,9,0.013086915,T.CD4.Naive
ACACTTAAGTCATTGA-5,GARQ,D18,1,40,40,24,0.021095395,T.CD8.Naive
CCTTGCGTCTACTAAG-5,GARQ,D18,1,40,40,37,0.0070803165,T.CD8.Naive
CTGCTCCCACCTCGCT-5,GARQ,D18,1,40,40,18,0.035025,T.CD4.Naive
TCGCGAGGTACGATTG-5,GARQ,D18,1,40,40,35,0.001322031,B.Naive
GGTGAGGTCAATTACG-5,GARQ,D18,1,40,40,9,0.0045164824,T.CD8.Effector
TGGATTCAGCCTCTGT-5,GARQ,D18,1,40,40,5,0.13666397,NK
GTGGACACATTGCGAC-5,GARQ,D18,1,40,40,39,0.06296861,T.CD4.Memory
TATTAGGTCCCTGACT-5,GARQ,D18,1,40,40,37,0.040430307,T.CD4.Memory
ACGGGAAGTCGTTATC-5,GARQ,D18,1,40,40,5,0.059435904,NK
ATTCACTTCCTAGTCC-5,GARQ,D18,1,40,40,37,0.0351063,T.CD4.Naive
GAAACTGAGCACAGAA-5,GARQ,D18,1,40,40,37,0.0241431,T.CD4.Memory
GGACGGATCTCACACC-5,GARQ,D18,1,40,40,32,0.09014583,T.CD8.Effector
TGGTTCTGTTGAATCG-5,GARQ,D18,1,40,40,39,0.008399725,T.CD4.Memory
AGGAACCAGTATGTGC-5,GARQ,D18,1,40,40,37,0.19355154,T.CD4.Memory
GCAGGACCAGCCTTGG-5,GARQ,D18,1,40,40,35,0.007037401,B.Naive
ACCGCAATCGGCTATG-5,GARQ,D18,1,40,40,18,0.046628714,T.CD4.Memory
GAAGCCTGTGCATCGG-3,GARQ,D18,1,40,40,26,0.18271661,Mono.CD14
CAAACTGGTCCTAAGA-3,GARQ,D18,1,40,40,26,0.025738835,Mono.CD14
TGGACGGAGTTCCCAC-3,GARQ,D18,1,40,40,38,0.011184931,T.CD8.Effector
CTTTGAGCAATGAGGT-3,GARQ,D18,1,40,40,37,0.19067907,NK
CGTGTGTCATGTCGCG-3,GARQ,D18,1,40,40,26,0.09825122,Mono.CD14
AAAGCCGCAGTTTACG-3,GARQ,D18,1,40,40,3,0.08566117,Platelets
GCCAATAGTTGGTGAC-3,GARQ,D18,1,40,40,26,0.19330722,Mono.CD14
AAACAGCCAGCAACCT-3,GARQ,D18,1,40,40,26,0.07625532,Mono.CD14
CTTCTAAGTCGAAGTC-3,GARQ,D18,1,40,40,35,0.008717537,B.Naive
GTATGTTCACCAGGTT-3,GARQ,D18,1,40,40,11,0.0019361973,B.Naive
AATTGACGTGGGTACT-3,GARQ,D18,1,40,40,6,0.012245595,T.CD8.Effector
AGTTACTCACCTGCTC-3,GARQ,D18,1,40,40,11,0.037332654,B.Naive
TTTGTGAAGGACCTTG-3,GARQ,D18,1,40,40,19,0.024150014,B.Naive
CTTCTCAAGGGTTAGA-3,GARQ,D18,1,40,40,26,0.23499131,Mono.CD14
TAACCTAAGGGTCTAT-3,GARQ,D18,1,40,40,2,0.06438303,Mono.CD14
TATCACAAGGTACCGC-3,GARQ,D18,1,40,40,26,0.18636978,Mono.CD14
CAAACAACACCTGCTC-3,GARQ,D18,1,40,40,26,0.024351954,Mono.CD14
GGAACCTGTTAGCCAA-3,GARQ,D18,1,40,40,32,0.008743882,T.CD8.Effector
TGACTTAAGGTTACGT-3,GARQ,D18,1,40,40,26,0.06995058,Mono.CD14
AGGATATAGTTGTCCC-3,GARQ,D18,1,40,40,26,0.12815261,Mono.CD14
GAGCGGTCAGAAATGC-3,GARQ,D18,1,40,40,26,0.20185494,Mono.CD14
ACTCGCTTCTTTGACT-3,GARQ,D18,1,40,40,3,0.013560414,NK
GGAGCGATCTTGTTCG-3,GARQ,D18,1,40,40,26,0.14180589,Mono.CD14
GGGTCAACAATGAGGT-3,GARQ,D18,1,40,40,11,0.03583193,B.Naive
TACGGTTAGAAGCTAG-3,GARQ,D18,1,40,40,26,0.04944086,Mono.CD14
AAGAATCAGGAACGGT-3,GARQ,D18,1,40,40,26,0.120001554,Mono.CD14
ACGGGAAGTCCTTTAA-3,GARQ,D18,1,40,40,26,0.050146222,Mono.CD14
GCTATTGCAGAGGGAG-3,GARQ,D18,1,40,40,26,0.0333786,Mono.CD14
CCAGACTCAATCATGT-3,GARQ,D18,1,40,40,11,0.01976645,B.Naive
CCATAGCCAACTAGCC-3,GARQ,D18,1,40,40,26,0.0772984,Mono.CD14
TACTTCGTCAAACTCA-3,GARQ,D18,1,40,40,5,0.009614587,NK
TCAGGTTAGAGGAAGG-3,GARQ,D18,1,40,40,4,0.07107592,T.CD4.Memory
AGTAACACATGTTTGG-3,GARQ,D18,1,40,40,26,0.053219795,Mono.CD14
GACTAATGTTTCCTCC-3,GARQ,D18,1,40,40,35,0.044097304,B.Naive
AGTCCTTGTTGAAGCC-3,GARQ,D18,1,40,40,4,0.027804315,T.CD8.Effector
CGCGGATTCTGCAAGT-3,GARQ,D18,1,40,40,26,0.15922189,Mono.CD14
TGCATCCTCAAACCGT-3,GARQ,D18,1,40,40,26,0.15563023,Mono.CD14
TAAGCCTAGTGAGGGT-3,GARQ,D18,1,40,40,11,0.056397676,B.Naive
TGGTTCTGTTGTGATG-3,GARQ,D18,1,40,40,26,0.15575778,Mono.CD14
ACGCACGGTTTGGCTT-3,GARQ,D18,1,40,40,26,0.108475804,Mono.CD14
CTTGCTCAGTACTGGT-3,GARQ,D18,1,40,40,26,0.08087623,Mono.CD14
CTACTTAGTTCGCGCT-3,GARQ,D18,1,40,40,19,0.026252031,B.Naive
TTAGGAACAGGAACCA-3,GARQ,D18,1,40,40,26,0.040090084,Mono.CD14
CTATGTTTCCTCATCA-3,GARQ,D18,1,40,40,24,0.023292184,T.CD8.Naive
ATACCTGCATTGGGAG-3,GARQ,D18,1,40,40,35,0.027264476,B.Naive
ATGCATTCATGCAACC-3,GARQ,D18,1,40,40,38,0.072217345,T.CD4.Naive
CTAGTCGAGACTTACA-3,GARQ,D18,1,40,40,31,0.01318419,B.Naive
GCTGTGATCTTGAGGT-3,GARQ,D18,1,40,40,2,0.07702327,Mono.CD14
ACTCGCGCAACCGCCA-3,GARQ,D18,1,40,40,19,0.021521807,B.Naive
GGGTTATTCTGGCATG-3,GARQ,D18,1,40,40,26,0.056173563,Mono.CD14
ACTCACCTCAGCAAGA-3,GARQ,D18,1,40,40,26,0.017699003,Mono.CD14
GCTGCAATCAATGTGC-3,GARQ,D18,1,40,40,26,0.1658876,Mono.CD14
ATATGCTCATTTAAGC-3,GARQ,D18,1,40,40,26,0.10166526,Mono.CD14
GCTTGTTGTTATCGAG-3,GARQ,D18,1,40,40,26,0.080997705,Mono.CD14
GAAACCCGTTTGGCTT-3,GARQ,D18,1,40,40,35,0.026925325,B.Naive
CCTTAACGTTAGAGCC-3,GARQ,D18,1,40,40,22,0.04336536,T.CD4.Naive
GCTTACCTCTGTAAGC-3,GARQ,D18,1,40,40,26,0.17664528,Mono.CD14
CTTCGCGTCCGGGACT-3,GARQ,D18,1,40,40,35,0.048761845,B.Naive
TTCAGCACATGGAGGC-3,GARQ,D18,1,40,40,26,0.01900661,Mono.CD14
TACCTCATCCCTCAAC-3,GARQ,D18,1,40,40,35,0.026153445,B.Naive
AATTACCCATTTGCTC-3,GARQ,D18,1,40,40,11,0.06142044,B.Naive
CAGCTAAGTTAAATGC-3,GARQ,D18,1,40,40,26,0.044399023,Mono.CD14
GAAGCTAAGTAGGATG-3,GARQ,D18,1,40,40,4,0.004436493,T.CD4.Memory
AACCTAATCATAACCA-3,GARQ,D18,1,40,40,26,0.0933938,Mono.CD14
ACAACACTCTCACTAT-3,GARQ,D18,1,40,40,35,0.01748252,B.Naive
TTGCTCTCATTGACAT-3,GARQ,D18,1,40,40,11,0.03623128,B.Naive
ATTTGCGCAGGCATGA-3,GARQ,D18,1,40,40,26,0.093634486,Mono.CD14
TGTTGCACACTAGGTC-3,GARQ,D18,1,40,40,2,0.03763008,Mono.CD14
AACATAGCAAGGTGGC-3,GARQ,D18,1,40,40,26,0.13932419,Mono.CD14
CGAATATGTCCGGTTC-3,GARQ,D18,1,40,40,35,0.08590162,B.Naive
TCATTGTTCGAAGTAG-3,GARQ,D18,1,40,40,4,0.25767446,T.CD4.Naive
ACAAAGGTCATTGCGG-3,GARQ,D18,1,40,40,26,0.026765943,Mono.CD14
CTTGGACCATAGACTT-3,GARQ,D18,1,40,40,26,0.18195343,Mono.CD14
TTGTCCCAGGTCCAAT-3,GARQ,D18,1,40,40,35,0.026558876,B.Naive
ATCAATCCAAGGATTA-3,GARQ,D18,1,40,40,26,0.28041768,Mono.CD14
TTCATTCAGCATCCAG-3,GARQ,D18,1,40,40,26,0.060444474,Mono.CD14
GTTAGACTCACTTCAT-3,GARQ,D18,1,40,40,38,0.036787152,T.CD8.Effector
CAAAGTGAGTAATCCA-3,GARQ,D18,1,40,40,4,0.18976295,T.CD4.Memory
GTGAATCTCCAAATCA-3,GARQ,D18,1,40,40,15,0.01668787,T.CD4.Naive
TTAATCGAGGTAAGCA-3,GARQ,D18,1,40,40,26,0.10118294,Mono.CD14
TCTACCTCACAAAGCG-3,GARQ,D18,1,40,40,35,0.051517606,B.Naive
GGCCATCAGGGCCACT-3,GARQ,D18,1,40,40,19,0.037080765,B.Naive
GTTCATTTCATCACTT-3,GARQ,D18,1,40,40,2,0.040478945,Mono.CD14
GGCTCACAGTAACCCG-3,GARQ,D18,1,40,40,26,0.10025692,Mono.CD14
GGATGAATCGATTTGA-3,GARQ,D18,1,40,40,31,0.0054370165,B.Naive
CTCGCTCCAACTGGGA-3,GARQ,D18,1,40,40,26,0.22712743,Mono.CD14
GATGCATTCTTAAGTG-3,GARQ,D18,1,40,40,19,0.009863853,B.Naive
CTAGATTCAAGTTATC-3,GARQ,D18,1,40,40,35,0.027301073,B.Naive
TAGGGTTTCTGTTCAT-3,GARQ,D18,1,40,40,3,0.18525606,NK
AATTGTGTCATTACAG-3,GARQ,D18,1,40,40,26,0.05402422,Mono.CD14
CTTGACGAGCGCATTG-3,GARQ,D18,1,40,40,19,0.021505713,B.Naive
GACTATTCATACTCCT-3,GARQ,D18,1,40,40,11,0.1003747,B.Naive
GCCACAATCATTATGG-3,GARQ,D18,1,40,40,19,0.018220782,B.Naive
CTCGCTAGTGATGATT-3,GARQ,D18,1,40,40,11,0.023595214,B.Naive
GACAATACATTATGAC-3,GARQ,D18,1,40,40,19,0.05478692,B.Naive
GTTCACCTCATCCACC-3,GARQ,D18,1,40,40,7,0.020809174,NK
TTTGTCCCAAGGTGCA-3,GARQ,D18,1,40,40,35,0.08640623,B.Naive
GACATTATCCCGCATT-3,GARQ,D18,1,40,40,26,0.05751908,Mono.CD14
GCCCAAATCCCGTTGT-3,GARQ,D18,1,40,40,35,0.09870458,B.Naive
TCATCCATCCTAAATG-3,GARQ,D18,1,40,40,38,0.04048872,T.CD8.Effector
TTGACTAAGTCATCCC-3,GARQ,D18,1,40,40,19,0.04016006,B.Naive
ACATTAGTCGTTTCCA-3,GARQ,D18,1,40,40,26,0.014768243,Mono.CD14
GGTACTTAGTAAACCC-3,GARQ,D18,1,40,40,2,0.059877396,Mono.CD14
AATCATGTCATTGCAA-3,GARQ,D18,1,40,40,11,0.07720649,B.Naive
TACTCAAAGGCCTTAG-3,GARQ,D18,1,40,40,2,0.007842541,Mono.CD14
GGTTACCCAAGCCACT-3,GARQ,D18,1,40,40,19,0.075320244,B.Naive
CATAGCTAGCTGTACG-3,GARQ,D18,1,40,40,11,0.040751338,B.Naive
GATGCAGCAGCATTAT-3,GARQ,D18,1,40,40,7,0.12156117,T.CD8.Effector
GCTGCAATCTTGGACG-3,GARQ,D18,1,40,40,19,0.03322649,B.Naive
TGTTATGAGTAGCGGG-3,GARQ,D18,1,40,40,2,0.05323875,Mono.CD14
TGAGGTGCAACGTGCT-3,GARQ,D18,1,40,40,35,0.06101513,B.Naive
CGTCCTAGTGGCTTCC-3,GARQ,D18,1,40,40,19,0.02463746,B.Naive
GACCGTTCAGTTGCGT-3,GARQ,D18,1,40,40,31,0.0035185814,B.Naive
CCTCCTCTCAAACTCA-3,GARQ,D18,1,40,40,26,0.060506225,Mono.CD14
GTGCCTTTCCGCCTAT-3,GARQ,D18,1,40,40,26,0.073458076,Mono.CD14
GCTATAGGTTGGCCGA-3,GARQ,D18,1,40,40,9,0.105574846,T.CD4.Naive
AAGGTCAAGATTGAGG-3,GARQ,D18,1,40,40,19,0.014849544,B.Naive
GGTCAATTCAGGAAGC-3,GARQ,D18,1,40,40,38,0.15637684,T.CD4.Memory
AAGCTTGGTTGAGGTC-3,GARQ,D18,1,40,40,38,0.1536963,T.CD8.Effector
GAGGTGAGTAGTTGGC-3,GARQ,D18,1,40,40,28,0.011023104,T.CD4.Memory
TCATACTTCAAACTCA-3,GARQ,D18,1,40,40,11,0.0042586327,B.Naive
CCATAAGGTAATAGCT-3,GARQ,D18,1,40,40,38,0.0054104924,T.CD8.Effector
GAGGAGGCAATTTAGC-3,GARQ,D18,1,40,40,6,0.09591186,T.CD8.Effector
CATTATCTCAATGTGC-3,GARQ,D18,1,40,40,11,0.0390954,B.Naive
ATAAGCCTCTATGACA-3,GARQ,D18,1,40,40,11,0.0005007982,B.Naive
ACCAGGACAGGTATTT-3,GARQ,D18,1,40,40,35,0.060760736,B.Naive
GTTGTGAGTGCGCATG-3,GARQ,D18,1,40,40,26,0.21963716,Mono.CD16
AATCTTGAGGTGTTAC-3,GARQ,D18,1,40,40,38,0.023361444,T.CD4.Memory
ATCCTTAGTTAGAGCC-3,GARQ,D18,1,40,40,35,0.02500856,B.Naive
ATTCACTTCAAGGACA-3,GARQ,D18,1,40,40,11,0.01736641,B.Naive
CTAGATTCAACGTGCT-3,GARQ,D18,1,40,40,26,0.034730673,Mono.CD14
GTGTCCAAGTTATGTG-3,GARQ,D18,1,40,40,35,0.051279902,B.Naive
ATGATGGAGCCTGATG-3,GARQ,D18,1,40,40,19,0.12117946,B.Naive
TTGACGTAGTCTATGA-3,GARQ,D18,1,40,40,26,0.103659034,Mono.CD14
TCTACCTCAGGCTAGA-3,GARQ,D18,1,40,40,26,0.024759173,Mono.CD14
ATAGATGCACCAAAGG-3,GARQ,D18,1,40,40,19,0.050656796,B.Naive
AAACCGAAGTAAGAAC-3,GARQ,D18,1,40,40,4,0.15643239,T.CD4.Memory
TTACCGTGTTTACGTC-3,GARQ,D18,1,40,40,35,0.03151381,B.Naive
TTGATGTCATTCCTGT-3,GARQ,D18,1,40,40,3,0.2201885,NK
TACCAAATCGCTAGAT-3,GARQ,D18,1,40,40,38,0.048271656,T.CD4.Memory
CGGTTTGAGCTAATTG-3,GARQ,D18,1,40,40,26,0.0035963058,Mono.CD14
GCTGCAATCGTTCACC-3,GARQ,D18,1,40,40,39,0.03271985,T.CD8.Effector
AAAGGACGTCGAAGTC-3,GARQ,D18,1,40,40,26,0.023968458,Mono.CD14
CATTATGAGGCTGTCA-3,GARQ,D18,1,40,40,35,0.044365168,B.Naive
TAGGAGGGTAGGTTAT-3,GARQ,D18,1,40,40,7,0.059087098,T.CD8.Effector
ATGGTTATCTAATCAG-3,GARQ,D18,1,40,40,4,0.14128208,T.CD8.Naive
ACGCCTAAGCGATACT-3,GARQ,D18,1,40,40,5,0.091058016,NK
TAATGGTGTACCGTTT-3,GARQ,D18,1,40,40,27,0.09671074,T.CD4.Memory
TGTCAATCACATACTG-3,GARQ,D18,1,40,40,35,0.009818554,B.Naive
TTTAACGAGTGAGCGG-3,GARQ,D18,1,40,40,30,0.34928972,T.CD4.Memory
CGACAAGCACCAGGTT-3,GARQ,D18,1,40,40,37,0.052027106,T.CD4.Naive
GCTGCACAGTCAGGCC-3,GARQ,D18,1,40,40,8,0.0019823909,NK
TGTAAAGCAAGTCGCT-3,GARQ,D18,1,40,40,30,0.13221037,T.CD8.Effector
TTGCTTAGTTGTTGTC-3,GARQ,D18,1,40,40,8,0.10139692,T.CD4.Naive
GCCTTTATCGGCCATA-3,GARQ,D18,1,40,40,35,0.022627473,B.Naive
TAGGTGCGTGCTAGCG-3,GARQ,D18,1,40,40,38,0.1769104,T.CD4.Memory
GATTAGTGTCTCACTG-3,GARQ,D18,1,40,40,26,0.18556488,Mono.CD16
TGTGGCCAGGCTGGCT-3,GARQ,D18,1,40,40,35,0.0059387684,B.Naive
GTCTTGCTCATGACCG-3,GARQ,D18,1,40,40,35,0.013422728,B.Naive
AGCATCCCAAGGGTTG-3,GARQ,D18,1,40,40,38,0.032561004,T.CD4.Memory
GTACTAATCAATCATG-3,GARQ,D18,1,40,40,19,0.091113806,B.Naive
GGAATCTTCCAAACAC-3,GARQ,D18,1,40,40,26,0.085283756,Mono.CD14
GCATGAGCAATAAGCA-3,GARQ,D18,1,40,40,3,0.14351106,NK
AGACAATAGCATCCAG-3,GARQ,D18,1,40,40,24,0.024598897,T.CD4.Memory
ACGCCTTTCTTAGGGT-3,GARQ,D18,1,40,40,26,0.12949204,Mono.CD14
ATATGCATCCTGATTT-3,GARQ,D18,1,40,40,19,0.0032689571,B.Naive
CCTATAGCACAACAGG-3,GARQ,D18,1,40,40,9,0.04303813,T.CD4.Naive
GAACACAAGACAACAG-3,GARQ,D18,1,40,40,35,0.02692175,B.Naive
TTTCAGTTCACAAGCT-3,GARQ,D18,1,40,40,39,0.028324187,T.CD4.Memory
GTCATGAGTCGACTCC-3,GARQ,D18,1,40,40,31,0.07159543,B.Naive
CCAGCTAAGTTTGAGC-3,GARQ,D18,1,40,40,35,0.041787386,B.Naive
AAGGATCCATCAGCAC-3,GARQ,D18,1,40,40,19,0.0024638176,B.Naive
TATTTGCTCGTGCTAG-3,GARQ,D18,1,40,40,37,0.044858336,T.CD8.Naive
CGTTAAATCGGTTTCC-3,GARQ,D18,1,40,40,7,0.16768634,T.CD8.Effector
AGCAATTGTGAGACTC-3,GARQ,D18,1,40,40,6,0.0084763765,T.CD8.Naive
GAGGCCTTCGTTTCGC-3,GARQ,D18,1,40,40,14,0.10763216,T.CD4.Naive
ACTTAGTCATAATCAC-3,GARQ,D18,1,40,40,15,0.004841447,T.CD4.Naive
TGATGAACAAGGCCAA-3,GARQ,D18,1,40,40,9,0.03309512,T.CD8.Naive
AGGTTGCGTCTCAGCC-3,GARQ,D18,1,40,40,26,0.12295914,Mono.CD14
CAAACAACAGCTACGT-3,GARQ,D18,1,40,40,26,0.00039076805,Mono.CD14
ACGACAAAGTCAGTAC-3,GARQ,D18,1,40,40,18,0.025962055,T.CD4.Naive
ATAGGTACAGGCAAGC-3,GARQ,D18,1,40,40,39,0.03346932,T.CD4.Memory
ATTCATGAGCACTAAC-3,GARQ,D18,1,40,40,26,0.057923794,Mono.CD14
CGCATGATCGATCAGT-3,GARQ,D18,1,40,40,34,0.0021387935,T.CD8.Naive
GGTTATGGTTTGAGGC-3,GARQ,D18,1,40,40,34,0.005746901,T.CD4.Memory
ACCCTGTTCACTTTAC-3,GARQ,D18,1,40,40,7,0.1429125,T.CD8.Effector
GGAGCAAGTCAAAGAA-3,GARQ,D18,1,40,40,3,0.0842787,NK
ACCCTGTTCCAGGTTG-3,GARQ,D18,1,40,40,12,0.024865389,T.CD4.Naive
AATTGGGAGACACTTA-3,GARQ,D18,1,40,40,36,0.032408595,T.CD4.Memory
TTGAGCTAGTCATTTC-3,GARQ,D18,1,40,40,33,0.054074645,B.Naive
ATGTCAATCCTGGTGA-3,GARQ,D18,1,40,40,39,0.12838554,T.CD4.Memory
ATATGCATCCGTGACA-3,GARQ,D18,1,40,40,38,0.005199313,T.CD4.Memory
GCTAGTGTCACGCGGT-3,GARQ,D18,1,40,40,37,0.02238357,T.CD4.Naive
TTTCTTGCAAACTAAG-3,GARQ,D18,1,40,40,38,0.036193132,T.CD4.Memory
TGCATTAAGTCACCAG-3,GARQ,D18,1,40,40,37,6.1273575e-05,T.CD4.Memory
AAACCAACATGAGCAG-3,GARQ,D18,1,40,40,9,0.05662918,T.CD4.Naive
GACCGAACATCAGTAT-3,GARQ,D18,1,40,40,35,0.02412045,B.Naive
AATGCATGTAGGTTTG-3,GARQ,D18,1,40,40,34,0.010200977,T.CD4.Naive
ACGGGAAGTGAGCGAA-3,GARQ,D18,1,40,40,5,0.016402006,NK
TCCATGCTCCTGATTT-3,GARQ,D18,1,40,40,38,0.019791126,T.CD8.Effector
ATTCATGAGATAAAGC-3,GARQ,D18,1,40,40,38,0.07098377,T.CD8.Effector
CGTTTCTCATCCCGCT-3,GARQ,D18,1,40,40,5,0.021891832,NK
GCGATATTCTGTTGCC-3,GARQ,D18,1,40,40,4,0.055258155,T.CD4.Naive
TCTCACCAGCATGTTA-3,GARQ,D18,1,40,40,38,0.08639276,T.CD8.Effector
ACGCTTGAGTGAGAGC-3,GARQ,D18,1,40,40,38,0.18596101,T.CD8.Effector
CAACCCGCAAGTTATC-3,GARQ,D18,1,40,40,38,0.055723548,T.CD8.Effector
GTTTGTTTCCAGCACA-3,GARQ,D18,1,40,40,26,0.0049618483,Mono.CD14
GGCCATCAGCGGATTT-3,GARQ,D18,1,40,40,38,0.021919847,T.CD4.Memory
TGTGTGAGTTTGCGCC-3,GARQ,D18,1,40,40,35,0.0073661804,B.Naive
TTGCATTTCTATTGTC-3,GARQ,D18,1,40,40,8,0.070567966,T.CD8.Naive
AGAATCGAGCAGCTCA-3,GARQ,D18,1,40,40,7,0.14483964,T.CD8.Effector
GTATTGTCAGGTTCAC-3,GARQ,D18,1,40,40,37,0.009604931,T.CD4.Memory
TGCGCAGGTCATTACC-3,GARQ,D18,1,40,40,15,0.014370561,T.CD4.Naive
CTATTCAGTGGGAACA-3,GARQ,D18,1,40,40,36,0.39290667,T.CD4.Naive
ACCAATATCCTCCCTC-3,GARQ,D18,1,40,40,26,0.07035005,Mono.CD14
CCGTTATGTTATCGAG-3,GARQ,D18,1,40,40,21,0.05221653,T.CD8.Effector
GGGTCACTCCCGCAAA-3,GARQ,D18,1,40,40,38,0.09893203,T.CD4.Memory
TGTGCGGGTTCGGTAA-3,GARQ,D18,1,40,40,9,0.02352035,T.CD8.Naive
CGGTGAGAGTTAGCCG-3,GARQ,D18,1,40,40,19,0.00807488,B.Naive
GGTATGTTCCTGAGTG-3,GARQ,D18,1,40,40,26,0.21509063,Mono.CD14
CTCACACTCTACCTGC-3,GARQ,D18,1,40,40,9,0.10256183,T.CD4.Naive
TTAGGAACAGGTTAAA-3,GARQ,D18,1,40,40,3,0.13268685,NK
AGATGCTTCATGGTTA-3,GARQ,D18,1,40,40,7,0.09350729,T.CD8.Effector
GGGTTTGTCCTAACGG-3,GARQ,D18,1,40,40,19,0.04309988,B.Naive
TGTTACTTCGCACAAT-3,GARQ,D18,1,40,40,3,0.053936124,NK
GTCATCACACCCACCT-3,GARQ,D18,1,40,40,29,0.037338138,T.CD8.Naive
CATCCCAGTGCGCGTA-3,GARQ,D18,1,40,40,38,0.0076443553,T.CD4.Memory
ACACTAGGTGATTACG-3,GARQ,D18,1,40,40,7,0.02958113,T.CD4.Memory
GGCTTCAAGTAAGGGC-3,GARQ,D18,1,40,40,18,0.05819857,T.CD4.Naive
CCTGTATGTCTTTATG-3,GARQ,D18,1,40,40,38,0.020502329,T.CD4.Memory
CGGTTATAGGTGTTAC-3,GARQ,D18,1,40,40,39,0.033415794,T.CD4.Memory
CAGGTGGAGGATCCGC-3,GARQ,D18,1,40,40,2,0.02730596,Mono.CD14
ACATCAATCAGGAAGC-3,GARQ,D18,1,40,40,34,0.13223672,T.CD4.Naive
TGAGGGAGTTACATCC-3,GARQ,D18,1,40,40,38,0.06364089,T.CD4.Memory
GGCGCTAGTGCTGTAA-3,GARQ,D18,1,40,40,9,0.011119127,T.CD4.Memory
GTGCAAGCATAGCGAG-3,GARQ,D18,1,40,40,35,0.026513815,B.Naive
AGGTGAGGTCATGAGC-3,GARQ,D18,1,40,40,18,0.01723826,T.CD4.Naive
GGTGAGCCAACCCTAA-3,GARQ,D18,1,40,40,35,0.04282427,B.Naive
AGTAATGCATTAAGCT-3,GARQ,D18,1,40,40,22,0.02702117,T.CD4.Memory
CTAGTGAGTCATTAGG-3,GARQ,D18,1,40,40,35,0.03294885,B.Naive
GTGCTCAAGCAAGGGT-3,GARQ,D18,1,40,40,36,0.016301513,T.CD4.Memory
TAAGGACCAAGGTATA-3,GARQ,D18,1,40,40,16,0.07977009,T.CD4.Memory
GAGCTTAGTCATCAAG-3,GARQ,D18,1,40,40,27,0.018537283,T.CD4.Memory
GGCCTTAAGTGAAGTG-3,GARQ,D18,1,40,40,18,0.029160261,T.CD4.Memory
TCTAACCGTGTGTCCC-3,GARQ,D18,1,40,40,37,0.01742798,T.CD4.Naive
AACCTCCTCCTCCCTC-3,GARQ,D18,1,40,40,31,0.011967659,B.Naive
CAATCCCTCACTCAAA-3,GARQ,D18,1,40,40,7,0.19723618,T.CD8.Effector
CTAGGACGTAATAGCT-3,GARQ,D18,1,40,40,4,0.025482416,T.CD4.Memory
CCCTGGACAAGCTAAA-3,GARQ,D18,1,40,40,7,0.05515927,T.CD8.Effector
TGAAGGATCTAAGTCA-3,GARQ,D18,1,40,40,32,0.07715887,T.CD4.Memory
TAACAAGCATGAGTTT-3,GARQ,D18,1,40,40,22,0.07134032,T.CD4.Naive
GGGCGAATCCCTCAGT-3,GARQ,D18,1,40,40,27,0.0519439,T.CD4.Memory
CACCTCAGTCTTACTA-3,GARQ,D18,1,40,40,7,0.17389143,T.CD8.Effector
GTTCTTGTCGATTTGA-3,GARQ,D18,1,40,40,4,0.06821132,T.CD4.Naive
GGCGATACATTGTTGG-3,GARQ,D18,1,40,40,24,0.030912638,T.CD4.Naive
CAGGTGGAGGGACGCA-3,GARQ,D18,1,40,40,7,0.07147509,T.CD8.Effector
TAGGTTATCTACCTGC-3,GARQ,D18,1,40,40,7,0.17307258,T.CD8.Effector
GGCTATGTCTCCATGC-3,GARQ,D18,1,40,40,8,0.044992566,T.CD4.Naive
GGCGGTAAGACTATTG-3,GARQ,D18,1,40,40,36,0.03547895,T.CD4.Naive
CCTTGTTCACAGGAAT-3,GARQ,D18,1,40,40,27,0.03700471,T.CD4.Memory
ACCTAAATCCTCAGTC-3,GARQ,D18,1,40,40,9,0.032990217,T.CD4.Naive
GCAACAGCAGTTAGCC-3,GARQ,D18,1,40,40,25,0.006058514,T.CD4.Naive
ACGGGAAGTGCTTTAC-3,GARQ,D18,1,40,40,5,0.051156044,NK
TAGGCTAGTCTCAGCC-3,GARQ,D18,1,40,40,27,0.022892952,T.CD4.Memory
TTCAGCACAGGAATCG-3,GARQ,D18,1,40,40,5,0.025482833,NK
CATTCATTCATGTTTC-3,GARQ,D18,1,40,40,29,0.019536734,T.CD8.Naive
AGCAAATAGACTATTG-3,GARQ,D18,1,40,40,27,0.015589356,T.CD4.Naive
TTGAGCTAGTTTGCGG-3,GARQ,D18,1,40,40,9,0.06994176,T.CD4.Naive
ACTAATCCATATAACC-3,GARQ,D18,1,40,40,18,0.046925783,T.CD4.Naive
CAGGCTGGTACCAGGT-3,GARQ,D18,1,40,40,37,0.10376954,T.CD4.Memory
GCTTTGTGTATACTGG-3,GARQ,D18,1,40,40,22,0.015004635,T.CD4.Memory
ATATAGGCAAATACCT-3,GARQ,D18,1,40,40,5,0.32584178,NK
TACCTGCTCCGTCCAT-3,GARQ,D18,1,40,40,27,0.0053625107,T.CD8.Naive
CTAGGCGGTAGCTGCG-3,GARQ,D18,1,40,40,23,0.027686715,T.CD4.Memory
TACGCACCATCCCGCT-3,GARQ,D18,1,40,40,20,0.06050849,T.CD8.Effector
TAGGGTTTCAGCACCA-3,GARQ,D18,1,40,40,19,0.072990656,B.Naive
CCATCACTCGATATTG-3,GARQ,D18,1,40,40,34,0.070923686,T.CD4.Memory
CCACAATAGTGATTCA-3,GARQ,D18,1,40,40,1,0.032975376,T.CD4.Naive
GGAACCTGTAAAGCAA-3,GARQ,D18,1,40,40,9,0.17068887,T.CD4.Naive
TCCATTGTCCGCAACA-3,GARQ,D18,1,40,40,34,0.08420336,T.CD4.Memory
GACCTAGTCCCGTTTA-3,GARQ,D18,1,40,40,34,0.06663108,T.CD8.Naive
GTTAAGCTCCTGATTT-3,GARQ,D18,1,40,40,37,0.04500413,T.CD8.Naive
TGTCATAAGGGTCCAC-3,GARQ,D18,1,40,40,38,0.050943375,T.CD4.Memory
TTATTGCTCCTAAGGT-3,GARQ,D18,1,40,40,9,0.019674301,T.CD4.Memory
CCCTTAATCCTCGATC-3,GARQ,D18,1,40,40,34,0.060621202,T.CD4.Naive
TCAGTGAGTTTATGGG-3,GARQ,D18,1,40,40,9,0.21648693,T.CD4.Memory
CAGGATGCAATCCTGA-3,GARQ,D18,1,40,40,29,0.028030872,T.CD8.Naive
GTTGCGGGTGAGCGAA-3,GARQ,D18,1,40,40,9,0.09111476,T.CD4.Naive
AGTAGGATCTAAGTGC-3,GARQ,D18,1,40,40,37,0.014947414,T.CD4.Naive
GGTCAGGAGGTGAAAT-3,GARQ,D18,1,40,40,37,0.008624792,T.CD4.Naive
AGTGCACGTGTGCAAC-3,GARQ,D18,1,40,40,37,0.035089135,T.CD8.Effector
TCGTTACGTTACTAGG-3,GARQ,D18,1,40,40,8,0.036435306,T.CD4.Naive
ACTGAAACATTATGCG-3,GARQ,D18,1,40,40,38,0.10856056,T.CD8.Effector
AGGTTTATCCAGGGAG-3,GARQ,D18,1,40,40,9,0.09794879,T.CD4.Memory
CTGGTTACAGCAAATA-3,GARQ,D18,1,40,40,37,0.050947547,T.CD4.Memory
GCTATAGGTGCTCACC-3,GARQ,D18,1,40,40,7,0.025268555,T.CD4.Memory
CACCAACCAATGAATG-3,GARQ,D18,1,40,40,9,0.17289853,T.CD4.Naive
GATTGATGTCCGGTTC-3,GARQ,D18,1,40,40,3,0.16331387,NK
CTCGACAAGTATTGTG-3,GARQ,D18,1,40,40,24,0.13056177,T.CD4.Naive
CCATAAATCCTGGCTT-3,GARQ,D18,1,40,40,13,0.048470438,NK
GCTTTACGTGATCAGC-3,GARQ,D18,1,40,40,14,0.022178411,T.CD4.Naive
TCCATTGTCGCTCCAT-3,GARQ,D18,1,40,40,1,0.0690071,T.CD4.Memory
GCGCTTAAGGACGTAA-3,GARQ,D18,1,40,40,6,0.104109645,T.CD8.Effector
TGGCCAATCCAACTGG-3,GARQ,D18,1,40,40,2,0.056970835,Mono.CD14
CAAGGTAAGCTCGCTT-3,GARQ,D18,1,40,40,2,0.076232195,Mono.CD14
CAGCCTTTCACGTTAA-3,GARQ,D18,1,40,40,9,0.02914071,T.CD4.Naive
GATTCGCCAGCCAGAA-3,GARQ,D18,1,40,40,37,0.005669832,T.CD4.Naive
AGGTTTGGTTGGATCA-3,GARQ,D18,1,40,40,28,0.0059087276,T.CD4.Memory
CTTTGAGCAATGCCTA-3,GARQ,D18,1,40,40,17,0.050893962,T.CD4.Naive
TTAAGTGTCACGTTAA-3,GARQ,D18,1,40,40,9,0.021425366,T.CD4.Naive
ACCAAGCGTGGTTCTT-3,GARQ,D18,1,40,40,8,0.07306284,T.CD4.Naive
AAACCGAAGGCTAAGA-3,GARQ,D18,1,40,40,23,0.089449346,T.CD4.Memory
GAGTTGCGTTTATTCG-3,GARQ,D18,1,40,40,9,0.032429576,T.CD4.Memory
GCCTTTATCATGACCG-3,GARQ,D18,1,40,40,9,0.013831377,T.CD8.Naive
AATTAGGCAAGTTATC-3,GARQ,D18,1,40,40,18,0.018413305,T.CD4.Memory
TGAAGCAAGGCATTAC-3,GARQ,D18,1,40,40,27,0.08254981,T.CD4.Memory
GATTCATCACCATATG-3,GARQ,D18,1,40,40,7,0.02174735,T.CD8.Effector
CTAGTAATCTCCATGC-3,GARQ,D18,1,40,40,24,0.11539924,T.CD4.Naive
TCCTTTACAGTACCGT-3,GARQ,D18,1,40,40,18,0.0037644506,T.CD4.Memory
TTTGCATTCTATGACA-3,GARQ,D18,1,40,40,5,0.15420693,NK
TGACCTTGTTAAGCGC-3,GARQ,D18,1,40,40,36,0.0066310167,T.CD4.Naive
AGTAAACAGGCTCATG-3,GARQ,D18,1,40,40,5,0.029179692,NK
TCCTCACAGCCTGACA-3,GARQ,D18,1,40,40,27,0.03096354,T.CD4.Memory
GCAGGAAGTGTTAAAC-3,GARQ,D18,1,40,40,9,0.09136343,T.CD8.Naive
GAGGTGAGTTTGGGCG-3,GARQ,D18,1,40,40,37,0.05263257,T.CD4.Naive
GATGACTTCCTTAAGA-3,GARQ,D18,1,40,40,20,0.015775084,T.CD4.Memory
TTAGGCCCACGTTACA-3,GARQ,D18,1,40,40,9,0.040382624,T.CD4.Naive
CCGCTAAAGTCCTTCA-3,GARQ,D18,1,40,40,13,0.08482993,NK
TTCTTAGGTTCCATTA-3,GARQ,D18,1,40,40,22,0.012432933,T.CD4.Naive
TTGTGAGGTCAAAGGG-3,GARQ,D18,1,40,40,5,0.23738796,NK
TGATCAGGTTTACTTG-3,GARQ,D18,1,40,40,15,0.020691037,T.CD4.Naive
CCCAGCACAGCTTAGC-3,GARQ,D18,1,40,40,21,0.012024283,T.CD8.Effector
TGCATGAGTAGACAAA-3,GARQ,D18,1,40,40,9,0.092615604,T.CD4.Naive
AGGCCCAGTGCATTTC-3,GARQ,D18,1,40,40,37,0.00024086237,T.CD4.Naive
ACTCCTCAGTTGTCTT-3,GARQ,D18,1,40,40,5,0.050595105,NK
GGACTAAAGGTTAGAG-3,GARQ,D18,1,40,40,32,0.06571698,T.CD8.Effector
ATGTGAGAGCTATTGA-3,GARQ,D18,1,40,40,14,0.14671671,T.CD8.Naive
GCTAAGCGTTGCCTCA-3,GARQ,D18,1,40,40,29,0.014412284,T.CD4.Memory
CACCTGTTCCTCACAC-3,GARQ,D18,1,40,40,20,0.08580327,T.CD4.Memory
AATCCGTAGGACAACA-3,GARQ,D18,1,40,40,37,0.03497404,T.CD4.Naive
TGCGATTAGTGCTGTG-3,GARQ,D18,1,40,40,9,0.22220445,T.CD8.Naive
GGTCCATCAATGCCCG-3,GARQ,D18,1,40,40,32,0.01993668,T.CD4.Memory
CACTGACCAATTGACT-3,GARQ,D18,1,40,40,9,0.08406901,T.CD4.Naive
GAACGAATCCAAACAC-3,GARQ,D18,1,40,40,28,0.09887266,T.CD4.Naive
ATCCACCTCCTAGTAA-3,GARQ,D18,1,40,40,32,0.02045393,T.CD8.Effector
GGCGGTAAGCACTTGG-3,GARQ,D18,1,40,40,37,0.10409045,T.CD4.Memory
TGTTAGCAGACACTTA-3,GARQ,D18,1,40,40,9,0.03789723,T.CD8.Naive
CAAGTATGTGTAACCA-3,GARQ,D18,1,40,40,9,0.13564801,T.CD4.Naive
ATATGCTCACTAAGTT-3,GARQ,D18,1,40,40,9,0.020802855,T.CD4.Naive
TGTGGAGCAGACAAAC-3,GARQ,D18,1,40,40,28,0.05057162,T.CD4.Memory
GGAGGTTAGGCGCTTA-3,GARQ,D18,1,40,40,22,0.07750082,T.CD4.Naive
GGCTATGTCATAACTG-3,GARQ,D18,1,40,40,9,0.065731764,T.CD4.Naive
TGCGGTTCACATTAAC-3,GARQ,D18,1,40,40,25,0.1283639,T.CD4.Memory
AGGACTAAGATGCCTG-3,GARQ,D18,1,40,40,5,0.25356907,NK
TTTGTGGCAAATATCC-3,GARQ,D18,1,40,40,35,0.0073928833,B.Naive
ATGATGGAGACTCGCA-3,GARQ,D18,1,40,40,22,0.11134052,T.CD4.Naive
GTGCTTCTCGGTTTGG-3,GARQ,D18,1,40,40,7,0.041462302,T.CD8.Effector
GGTTCCCGTTATGTGG-3,GARQ,D18,1,40,40,18,0.1139791,T.CD4.Naive
TGTTGGCCATCACTTC-3,GARQ,D18,1,40,40,11,0.022897243,B.Naive
TTAGCGGTCTAGCGTG-3,GARQ,D18,1,40,40,5,0.142102,NK
TACGTAATCTAGCGTG-3,GARQ,D18,1,40,40,27,0.081787825,T.CD4.Naive
GCAGGCAAGTAAGGGC-3,GARQ,D18,1,40,40,28,0.04224348,T.CD4.Memory
AGGGCCTTCATCCTAT-3,GARQ,D18,1,40,40,24,0.061418653,T.CD4.Naive
GTTCTCATCCTCATCA-3,GARQ,D18,1,40,40,37,0.002525568,T.CD4.Memory
TGGCTAAGTGATGAGG-3,GARQ,D18,1,40,40,34,0.022377193,T.CD4.Naive
AATCCTAAGTTAGCCG-3,GARQ,D18,1,40,40,24,0.024743438,T.CD4.Naive
AACATCATCCGTAAAC-3,GARQ,D18,1,40,40,9,0.26168704,T.CD4.Memory
TCGTTACGTAGTTAAC-3,GARQ,D18,1,40,40,9,0.08519852,T.CD8.Naive
TCTGGCTTCCTAAGTA-3,GARQ,D18,1,40,40,7,0.14759934,T.CD8.Effector
GCTAGTGTCGTTTCGC-3,GARQ,D18,1,40,40,37,0.12939346,T.CD4.Naive
ACCTTGCTCCTTCGTA-3,GARQ,D18,1,40,40,9,0.035048246,T.CD4.Naive
CGTAGCGGTCCTTAGT-3,GARQ,D18,1,40,40,23,0.008668244,T.CD4.Memory
TCAAGCTAGGTCGAGG-3,GARQ,D18,1,40,40,23,0.020262718,T.CD8.Naive
GAAGCCTGTTATCGAG-3,GARQ,D18,1,40,40,38,0.026767373,T.CD8.Naive
AAACAGCCAATTAAGG-3,GARQ,D18,1,40,40,25,0.012919307,T.CD4.Memory
CTAGTTGCAAGCCACT-3,GARQ,D18,1,40,40,18,0.11225748,T.CD4.Memory
TTTCATCAGCGCTAAT-3,GARQ,D18,1,40,40,11,0.028817892,B.Naive
CAGTACCCAATCCTAG-3,GARQ,D18,1,40,40,9,0.10027933,T.CD8.Naive
CCCGCAACAATGCCCG-3,GARQ,D18,1,40,40,36,0.16195393,T.CD4.Naive
GTAGTTATCATTCATC-3,GARQ,D18,1,40,40,25,0.054249287,T.CD4.Naive
TCGTGCTTCCATTACT-3,GARQ,D18,1,40,40,26,0.08772588,Mono.CD14
GCTTCGCGTTTGCAGA-3,GARQ,D18,1,40,40,39,0.050107837,T.CD4.Memory
GTTACCTGTAGCCATA-3,GARQ,D18,1,40,40,7,0.046243608,T.CD8.Effector
CTATGGCCAGTAAAGC-3,GARQ,D18,1,40,40,9,0.014277577,T.CD4.Naive
CGAGTCGGTCAATAGT-3,GARQ,D18,1,40,40,6,0.004791558,T.CD8.Effector
ATGCTTAAGTCATTGA-3,GARQ,D18,1,40,40,13,0.04741144,NK
GGGCATGAGATGGAGC-3,GARQ,D18,1,40,40,8,0.01822102,T.CD8.Naive
CTAGTTGCAGTTTGTG-3,GARQ,D18,1,40,40,37,0.025007725,T.CD8.Effector
AGCGTGCTCTTTAAGG-3,GARQ,D18,1,40,40,18,0.028439045,T.CD4.Naive
CTGGTAAGTCATTGTC-3,GARQ,D18,1,40,40,24,0.020648718,T.CD4.Naive
AACAGCAAGGACAATG-3,GARQ,D18,1,40,40,5,0.089787245,NK
AACCTCCTCGTAACGT-3,GARQ,D18,1,40,40,9,0.057921886,T.CD4.Naive
AATTGCTCAGTTGCGT-3,GARQ,D18,1,40,40,9,0.024759531,T.CD4.Naive
CGATTTGCAGAATGAC-3,GARQ,D18,1,40,40,9,0.004975438,T.CD4.Naive
GAGCCTTCAGAAACGT-3,GARQ,D18,1,40,40,5,0.18026161,NK
GGCTGGTTCCCGCATT-3,GARQ,D18,1,40,40,37,0.04606688,T.CD4.Memory
CGTGGTTCATTAAGTC-3,GARQ,D18,1,40,40,18,0.010578871,T.CD4.Memory
TTCTTAGGTACCAGGT-3,GARQ,D18,1,40,40,37,0.079797745,T.CD4.Memory
CCAGTTTGTTTACCGT-3,GARQ,D18,1,40,40,27,0.0068216324,T.CD8.Naive
ATCACACAGCCATCAG-3,GARQ,D18,1,40,40,37,0.016447425,T.CD8.Naive
GCACGCTAGGTATTGC-3,GARQ,D18,1,40,40,16,0.04734564,T.CD4.Memory
CGTGTGTCACTTACAG-3,GARQ,D18,1,40,40,13,0.04473555,NK
GCATATATCACAGCCA-3,GARQ,D18,1,40,40,37,0.0072875023,T.CD4.Memory
GGTAGGAGTTACTAGG-3,GARQ,D18,1,40,40,18,0.01107645,T.CD4.Naive
GAGTAATAGCTATTGA-3,GARQ,D18,1,40,40,5,0.28359175,NK
TTGTCCCAGGTTACGT-3,GARQ,D18,1,40,40,19,0.0024263859,B.Naive
TTAGGCTAGGTGAAGC-3,GARQ,D18,1,40,40,37,0.055431247,T.CD4.Memory
GACGCCTAGCCTGACA-3,GARQ,D18,1,40,40,9,0.004793167,T.CD4.Naive
GATTACGGTTCAAGAT-3,GARQ,D18,1,40,40,22,0.022649884,T.CD4.Naive
TTGGCTACAAGCCACT-3,GARQ,D18,1,40,40,9,0.000106453896,T.CD4.Naive
CCCTGGACAATTGAGA-3,GARQ,D18,1,40,40,18,0.03538847,T.CD4.Naive
GGTTCTTGTCGTAATG-3,GARQ,D18,1,40,40,18,0.0013914108,T.CD8.Naive
GTTCACCTCCGCTAGA-3,GARQ,D18,1,40,40,37,0.029057503,T.CD8.Effector
ACCACACCATCGTTCT-3,GARQ,D18,1,40,40,15,0.010846615,T.CD4.Memory
GTGCACGGTCGCATAA-3,GARQ,D18,1,40,40,39,0.008992016,T.CD4.Memory
GTTACAGGTCTTTATG-3,GARQ,D18,1,40,40,26,0.22174835,Mono.CD14
GGCTGGTTCCTCATCA-3,GARQ,D18,1,40,40,9,0.107759714,T.CD4.Memory
GAACTTATCGACAAAG-3,GARQ,D18,1,40,40,13,0.033307076,NK
GTACCGGGTATGGTGC-3,GARQ,D18,1,40,40,38,0.029943705,T.CD4.Memory
CGCCTCATCATTGCAA-3,GARQ,D18,1,40,40,27,0.09629744,T.CD4.Memory
AAACGTACAAAGCGGC-3,GARQ,D18,1,40,40,27,0.060473025,T.CD4.Memory
TTGAGGCGTAGCCTCC-3,GARQ,D18,1,40,40,38,0.04557085,T.CD8.Effector
ATCTATGAGGTCCTGA-3,GARQ,D18,1,40,40,7,0.014281988,T.CD8.Effector
TGGACTAGTGTTTGAG-3,GARQ,D18,1,40,40,14,0.0004671812,T.CD8.Effector
AGTGAGTCAAGCTTTG-3,GARQ,D18,1,40,40,37,0.016015291,T.CD4.Memory
GTAGGAGGTAATAGCT-3,GARQ,D18,1,40,40,9,0.04532945,T.CD4.Naive
CTCATCATCATTTGCT-3,GARQ,D18,1,40,40,37,0.047991276,T.CD4.Naive
AAAGCTTGTGAGAAAC-3,GARQ,D18,1,40,40,20,0.0049176216,T.CD8.Effector
TCCTCACAGCTTTGGG-3,GARQ,D18,1,40,40,12,0.005456507,T.CD4.Memory
CTAGCGGGTAAGCTTG-3,GARQ,D18,1,40,40,37,0.024072409,T.CD4.Naive
CAAACGCGTTTGGGCG-3,GARQ,D18,1,40,40,36,0.11931956,T.CD4.Memory
GTACCGGGTCAAAGGG-3,GARQ,D18,1,40,40,9,0.011816025,T.CD4.Naive
GCGATTAGTATTCGCT-3,GARQ,D18,1,40,40,9,0.0058276653,T.CD4.Memory
CGATTCCTCTAAGGTC-3,GARQ,D18,1,40,40,7,0.080002785,T.CD8.Effector
CCGTTAACACAGCCTG-3,GARQ,D18,1,40,40,9,0.039384365,T.CD8.Naive
CTAGGCGGTCTCAGCC-3,GARQ,D18,1,40,40,9,0.041743755,T.CD4.Naive
TAGCCTCTCGGGACCT-3,GARQ,D18,1,40,40,5,0.258789,NK
TACGCACCAACTGGGA-3,GARQ,D18,1,40,40,27,0.008660436,T.CD4.Memory
CTTATTGGTCTTGCAT-3,GARQ,D18,1,40,40,9,0.047240853,T.CD4.Memory
CTCATGCTCCGTCCAT-3,GARQ,D18,1,40,40,27,0.006345868,T.CD4.Memory
TGGAACAAGTCTTGAA-3,GARQ,D18,1,40,40,37,0.007011771,T.CD4.Memory
CCATAGCCATTAGGTT-3,GARQ,D18,1,40,40,14,0.00018048286,T.CD8.Naive
GTTACTAAGGGTTATC-3,GARQ,D18,1,40,40,25,0.025290668,T.CD4.Memory
ATGTAAGCACTAGGTC-3,GARQ,D18,1,40,40,9,0.477942,T.CD4.Naive
AGATGCTTCAGCAAGA-3,GARQ,D18,1,40,40,27,0.040391445,T.CD4.Memory
GTGGCTTCATTAAAGG-3,GARQ,D18,1,40,40,9,0.06470847,T.CD4.Naive
AGTTACTCATTAAGTC-3,GARQ,D18,1,40,40,5,0.055684507,NK
ACCCTCCCAGCCAGTT-3,GARQ,D18,1,40,40,7,0.1437943,T.CD8.Effector
CGGGACAAGCGTGCGT-3,GARQ,D18,1,40,40,37,0.09714389,T.CD4.Memory
CGTTTGGAGTCAGGCC-3,GARQ,D18,1,40,40,39,0.012600064,T.CD4.Memory
GGCTATGTCAATACGC-3,GARQ,D18,1,40,40,9,0.13162696,T.CD4.Naive
TATTTGGAGTGAGGTA-3,GARQ,D18,1,40,40,37,0.03445363,T.CD4.Naive
CGTCATTGTGTTAAAC-3,GARQ,D18,1,40,40,35,0.04213035,B.Naive
ACAGGAATCGTTCACC-3,GARQ,D18,1,40,40,14,0.0039197206,T.CD4.Memory
GGTTAATGTTTGCAGA-3,GARQ,D18,1,40,40,32,0.0014045238,T.CD8.Effector
GAACCTGTCATGGCCA-3,GARQ,D18,1,40,40,37,0.023614883,T.CD8.Effector
ATATGCTCAGGCCTTG-3,GARQ,D18,1,40,40,9,0.008465052,T.CD4.Memory
TCATTACTCTCAATGA-3,GARQ,D18,1,40,40,7,0.19646025,T.CD8.Effector
GCTAACAGTCAGGAAG-3,GARQ,D18,1,40,40,7,0.009883523,T.CD4.Memory
TGCACTTGTTCCGCAC-3,GARQ,D18,1,40,40,18,0.032289267,T.CD4.Memory
GGCCGTTAGGATAAAC-3,GARQ,D18,1,40,40,9,0.03580141,T.CD4.Memory
AGTCTTGCAGCACCAT-3,GARQ,D18,1,40,40,18,0.08688283,T.CD4.Naive
CAGCTAAGTTCCATTA-3,GARQ,D18,1,40,40,9,0.18018281,T.CD4.Naive
CTTCATCCAGGCATGA-3,GARQ,D18,1,40,40,37,0.09249067,T.CD4.Memory
TGTCAATCATTCCTGT-3,GARQ,D18,1,40,40,2,0.06079316,Mono.CD14
ATCCACCTCAGGCTAT-3,GARQ,D18,1,40,40,31,0.10115051,B.Naive
CAAGTAACATGTCGCG-3,GARQ,D18,1,40,40,37,0.103149176,T.CD4.Memory
GAAGGATGTCACGGAT-3,GARQ,D18,1,40,40,29,0.0065894127,T.CD8.Naive
ACAAACTGTCAACAAT-3,GARQ,D18,1,40,40,9,0.17574215,T.CD4.Naive
CGCAAATTCCTTAATC-3,GARQ,D18,1,40,40,5,0.029198945,T.CD8.Effector
TGCTGGATCTTACTCG-3,GARQ,D18,1,40,40,37,0.02159822,T.CD4.Memory
TCGCCCATCCGTTATT-3,GARQ,D18,1,40,40,16,0.18116677,T.CD4.Memory
CTATGACAGCCGCTAA-3,GARQ,D18,1,40,40,27,0.033178866,T.CD4.Memory
CTCATGCTCGACCTGA-3,GARQ,D18,1,40,40,35,0.063877344,B.Naive
TTAACCAAGTGGACAA-3,GARQ,D18,1,40,40,9,0.0034376383,T.CD4.Memory
GGTCAAGCAGCTAATT-3,GARQ,D18,1,40,40,5,0.22695291,NK
