cell_id,method,dataset,seed,requested_K,realized_K,metacell_id,delta_confidence,cell_type
CTAATGTCATTGTTGG-14-s4d8,GARQ,D11,3,40,40,0,0.017211497,CD8+ T
GATTTGCAGTTGCGTG-14-s4d8,GARQ,D11,3,40,40,5,0.004098296,NK
GAGTATCTCCGGTTAG-14-s4d8,GARQ,D11,3,40,40,31,0.028359592,Lymph prog
CAATCGCCATAGCAGG-14-s4d8,GARQ,D11,3,40,40,0,0.028940916,CD4+ T activated
CCGCACACATTTGCTC-14-s4d8,GARQ,D11,3,40,40,19,0.031627655,CD4+ T activated
GAGAGGCGTCATTGTC-14-s4d8,GARQ,D11,3,40,40,1,0.17343482,Proerythroblast
TGCTTTAGTTCACCCA-14-s4d8,GARQ,D11,3,40,40,5,0.05545962,CD8+ T
ATGTTGTCATTATCCC-14-s4d8,GARQ,D11,3,40,40,21,0.052441895,CD8+ T
GAAGTAAGTAATGACT-14-s4d8,GARQ,D11,3,40,40,19,0.047665715,CD8+ T
ATAGCATGTCTAACAG-14-s4d8,GARQ,D11,3,40,40,34,0.026864886,Naive CD20+ B
TTGTTTGGTTGGATAT-14-s4d8,GARQ,D11,3,40,40,31,0.23157233,CD4+ T naive
TAAAGCCTCTCAATTC-14-s4d8,GARQ,D11,3,40,40,5,0.029178023,CD8+ T
TGAAGGATCGTTACTT-14-s4d8,GARQ,D11,3,40,40,19,0.01485014,CD8+ T
TGTTGTGCACCAGCAT-14-s4d8,GARQ,D11,3,40,40,1,0.33752686,Proerythroblast
AGCAGGTAGTGGCGGA-14-s4d8,GARQ,D11,3,40,40,7,0.073695004,CD8+ T
CGCTTACTCAATTACG-14-s4d8,GARQ,D11,3,40,40,0,0.009953201,CD8+ T
TTGTCCATCGCTAGAT-14-s4d8,GARQ,D11,3,40,40,22,0.030002117,NK
GGTCAATTCACTCAAA-14-s4d8,GARQ,D11,3,40,40,8,0.035570145,CD8+ T
TCAGCAAGTCATAAGT-14-s4d8,GARQ,D11,3,40,40,1,0.012524724,Proerythroblast
TCTTGTCCAGTTAGCC-14-s4d8,GARQ,D11,3,40,40,31,0.2224561,Lymph prog
TGCTCCGTCCCTCTAA-14-s4d8,GARQ,D11,3,40,40,29,0.053115726,CD8+ T
CATTCCTCAGGACCAA-14-s4d8,GARQ,D11,3,40,40,6,0.06884456,CD8+ T
GCAAACTTCTTAAGTG-14-s4d8,GARQ,D11,3,40,40,21,0.19256997,NK
ATGGCTAGTCATTGTC-14-s4d8,GARQ,D11,3,40,40,35,0.08564234,CD8+ T
TTCCCACAGAGGCTAA-14-s4d8,GARQ,D11,3,40,40,31,0.38911772,HSC
GGTTTCCTCATAGACC-14-s4d8,GARQ,D11,3,40,40,36,0.09487867,CD8+ T
GCGTTTCTCTCAATTC-14-s4d8,GARQ,D11,3,40,40,5,0.07852888,CD8+ T
AGAAACTAGTGAGGTA-14-s4d8,GARQ,D11,3,40,40,35,0.03246659,CD4+ T activated
TTGGCTGAGTTGTCCC-14-s4d8,GARQ,D11,3,40,40,5,0.016113281,CD8+ T
CATAGACTCCTTCAAT-14-s4d8,GARQ,D11,3,40,40,3,0.18686473,B1 B
TGACTTCGTTTAACGG-14-s4d8,GARQ,D11,3,40,40,0,0.017935395,CD8+ T
GCTTGACCAAGTGAAC-14-s4d8,GARQ,D11,3,40,40,36,0.056088448,CD8+ T
CGGTGAACATGAGTTT-14-s4d8,GARQ,D11,3,40,40,33,0.04300475,CD8+ T
GAGTTACTCGCTATAA-14-s4d8,GARQ,D11,3,40,40,5,0.031318426,CD8+ T
GATTGTTCAGCAAATA-14-s4d8,GARQ,D11,3,40,40,21,0.0915755,CD8+ T
TCATGAGGTGAGCAAG-14-s4d8,GARQ,D11,3,40,40,1,0.17792666,Proerythroblast
GCTTAACAGATAGACG-14-s4d8,GARQ,D11,3,40,40,5,0.13592696,CD8+ T
ACAGGATCACAACCTA-14-s4d8,GARQ,D11,3,40,40,21,0.20877957,CD8+ T
ACCTAAATCAATCTCT-14-s4d8,GARQ,D11,3,40,40,5,0.012264013,CD4+ T activated
GACCTCAAGCTGTAAC-14-s4d8,GARQ,D11,3,40,40,10,0.29854965,cDC2
ACTTGAATCGTTATCT-14-s4d8,GARQ,D11,3,40,40,35,0.12567675,CD4+ T activated
TCAAACCAGAAAGCAT-14-s4d8,GARQ,D11,3,40,40,1,0.09089881,Proerythroblast
TGCGATTAGGTCCTGA-14-s4d8,GARQ,D11,3,40,40,5,0.05663848,CD8+ T
TCTGGCTTCCCTGTTA-14-s4d8,GARQ,D11,3,40,40,11,0.0935173,Naive CD20+ B
TTGCCCGTCATAATCG-14-s4d8,GARQ,D11,3,40,40,31,0.05517435,G/M prog
TCGTTACGTCGTTACT-14-s4d8,GARQ,D11,3,40,40,30,0.0073919296,CD8+ T
TCCGGAATCCAAATCA-14-s4d8,GARQ,D11,3,40,40,28,0.021012783,Proerythroblast
CTATGATCAACATAAG-14-s4d8,GARQ,D11,3,40,40,19,0.021778464,CD8+ T
AGTGGACAGAAGCTAG-14-s4d8,GARQ,D11,3,40,40,24,0.10143322,cDC2
AGTGCACGTACTTAGG-14-s4d8,GARQ,D11,3,40,40,3,0.102812946,Transitional B
ATGGACAAGCTTAACA-14-s4d8,GARQ,D11,3,40,40,5,0.05946207,CD8+ T
TTTGTCCCAAGGATTA-14-s4d8,GARQ,D11,3,40,40,7,0.0045264363,CD8+ T
TGCTATGCAGGTTAAA-14-s4d8,GARQ,D11,3,40,40,18,0.045986176,cDC2
TAACCAGGTATTTGGG-14-s4d8,GARQ,D11,3,40,40,0,0.0012978315,CD8+ T
TCTTTGTAGGTGCTGC-14-s4d8,GARQ,D11,3,40,40,31,0.08850646,Naive CD20+ B
TGTAATGTCAGTATTG-14-s4d8,GARQ,D11,3,40,40,16,0.023636758,Transitional B
GATTACTCAGCACCAT-14-s4d8,GARQ,D11,3,40,40,0,0.009014964,CD4+ T activated
CGAAGGCCAGGATGGC-14-s4d8,GARQ,D11,3,40,40,16,0.009584665,Naive CD20+ B
CTTGTCCAGTTTGGTA-14-s4d8,GARQ,D11,3,40,40,35,0.14701581,CD4+ T activated
ACCTCACTCGCTAAGT-14-s4d8,GARQ,D11,3,40,40,31,0.061053038,Transitional B
TATGGGCGTTTGAGGC-14-s4d8,GARQ,D11,3,40,40,5,0.009139776,CD8+ T
GCTCACAAGTATTGCA-14-s4d8,GARQ,D11,3,40,40,1,0.50955725,Proerythroblast
CGCACCACACCGTTCC-14-s4d8,GARQ,D11,3,40,40,5,0.07716489,CD8+ T
AGAGGAACATATTGAC-14-s4d8,GARQ,D11,3,40,40,29,0.064644456,CD4+ T naive
GATAATCGTTGTAACG-14-s4d8,GARQ,D11,3,40,40,19,0.005541086,CD8+ T
CTCATTAGTAATCACG-14-s4d8,GARQ,D11,3,40,40,1,0.2922951,Erythroblast
ACTTGCACATTCAGCA-14-s4d8,GARQ,D11,3,40,40,31,0.2657615,Naive CD20+ B
CATCGCTTCAATGAGG-14-s4d8,GARQ,D11,3,40,40,19,0.044611454,CD8+ T
GTCCATTGTAACCACA-14-s4d8,GARQ,D11,3,40,40,1,0.09311518,Proerythroblast
TACCGTTGTTGCGGAT-14-s4d8,GARQ,D11,3,40,40,16,0.07607806,Lymph prog
CGTAGTTAGGTCCACA-14-s4d8,GARQ,D11,3,40,40,35,0.12580502,CD4+ T activated
AATATCCCAATGCGCT-14-s4d8,GARQ,D11,3,40,40,9,0.12259358,Transitional B
CCTAAAGGTCACCAAA-14-s4d8,GARQ,D11,3,40,40,5,0.015409708,NK
GCTGGATGTTACGCGG-14-s4d8,GARQ,D11,3,40,40,21,0.02337575,CD8+ T
CCTAAAGGTTAATGAC-14-s4d8,GARQ,D11,3,40,40,35,0.053601265,CD8+ T
ACTGAAACAATCGCAC-14-s4d8,GARQ,D11,3,40,40,1,0.06875551,Proerythroblast
TTTGTGTTCCCTCATA-14-s4d8,GARQ,D11,3,40,40,10,0.22604725,CD8+ T
CAGCCAATCCTGAATA-14-s4d8,GARQ,D11,3,40,40,0,0.01838398,CD4+ T naive
AATCAGGAGCCTGACA-14-s4d8,GARQ,D11,3,40,40,31,0.2557696,pDC
GGGCATTGTGGAAGGC-14-s4d8,GARQ,D11,3,40,40,31,0.1957897,cDC2
ACGACAAAGGCCATCA-14-s4d8,GARQ,D11,3,40,40,21,0.0029258728,CD8+ T
GGTTGCATCCCGCATT-14-s4d8,GARQ,D11,3,40,40,10,0.002350688,Naive CD20+ B
GAACCTGTCCCGAAGC-14-s4d8,GARQ,D11,3,40,40,31,0.10220039,CD14+ Mono
AGCAACAAGCTTATGA-14-s4d8,GARQ,D11,3,40,40,35,0.0054412484,CD4+ T activated
GTATCGCCAGTTATGT-14-s4d8,GARQ,D11,3,40,40,31,0.007007718,Naive CD20+ B
ATTAACCCAGGGAGCT-14-s4d8,GARQ,D11,3,40,40,1,0.17540473,MK/E prog
AGCATCCCATGAGCAG-14-s4d8,GARQ,D11,3,40,40,1,0.2822901,Proerythroblast
AAGCCTTAGTGATTCA-14-s4d8,GARQ,D11,3,40,40,1,0.17567122,Erythroblast
TTAAGTGTCACTAATG-14-s4d8,GARQ,D11,3,40,40,5,0.061474442,NK
CTTGCATGTCACCTAT-14-s4d8,GARQ,D11,3,40,40,23,0.07079625,NK
AGTTTGCAGTTGGCCA-14-s4d8,GARQ,D11,3,40,40,1,0.31523067,Proerythroblast
GCGGATACAGGCTAGA-14-s4d8,GARQ,D11,3,40,40,3,0.14282143,B1 B
GTCAGGCTCCTAATAG-14-s4d8,GARQ,D11,3,40,40,35,0.12103701,CD4+ T activated
TGGACTAGTCATAAGT-14-s4d8,GARQ,D11,3,40,40,21,0.112899065,CD8+ T
CTGGACCAGTTAGACC-14-s4d8,GARQ,D11,3,40,40,12,0.02807647,Transitional B
AAAGGACGTTAATGCG-14-s4d8,GARQ,D11,3,40,40,10,0.18189049,CD14+ Mono
GGCTAGACAAGCTAAA-14-s4d8,GARQ,D11,3,40,40,31,0.35500658,cDC2
ACTATGTCAATTGAAG-14-s4d8,GARQ,D11,3,40,40,35,0.051638484,CD8+ T
AGCTTGGTCATCACTT-14-s4d8,GARQ,D11,3,40,40,30,0.0115766525,CD4+ T naive
TGGCCTGCAATAACGA-14-s4d8,GARQ,D11,3,40,40,21,0.00011563301,NK
CTTCGCGTCAAGTGAG-14-s4d8,GARQ,D11,3,40,40,1,0.4530815,Proerythroblast
AATTGCCAGCATTTCT-14-s4d8,GARQ,D11,3,40,40,35,0.066033125,CD8+ T
GCGGGTTTCTTGCAGG-14-s4d8,GARQ,D11,3,40,40,1,0.07599434,Proerythroblast
AATCTTGAGCACTAGT-14-s4d8,GARQ,D11,3,40,40,35,0.074952245,CD8+ T
ACTTGCACATTATGAC-14-s4d8,GARQ,D11,3,40,40,21,0.26536942,CD8+ T
CCATAAGGTCTATCGT-14-s4d8,GARQ,D11,3,40,40,21,0.11364031,CD8+ T
TTTGTCTAGACAAGTG-14-s4d8,GARQ,D11,3,40,40,19,0.027124047,CD8+ T
GCTAAGAAGTTATGTG-14-s4d8,GARQ,D11,3,40,40,21,0.065264344,NK
ACTTGTCGTCCACAAA-14-s4d8,GARQ,D11,3,40,40,0,0.029961288,CD8+ T
GGCAAATCATTAGCGC-14-s4d8,GARQ,D11,3,40,40,16,0.04637724,Naive CD20+ B
AGGGCCTTCTTTGTAC-14-s4d8,GARQ,D11,3,40,40,23,0.014508486,CD8+ T
TATTTGGAGAGAAGGG-14-s4d8,GARQ,D11,3,40,40,0,0.052061677,CD8+ T
GCTAACAGTGCAATGC-14-s4d8,GARQ,D11,3,40,40,19,0.006459594,CD8+ T
TGCATTAAGTATTGTG-14-s4d8,GARQ,D11,3,40,40,35,0.037885547,CD8+ T
CGACTAAGTCAATGTG-14-s4d8,GARQ,D11,3,40,40,31,0.18897057,Transitional B
TTTGCGGAGGATTTGC-14-s4d8,GARQ,D11,3,40,40,33,0.099494874,CD8+ T
CATTGTAAGGTACCGC-14-s4d8,GARQ,D11,3,40,40,35,0.028932095,CD8+ T
ACTTAGTCAACTAGAA-14-s4d8,GARQ,D11,3,40,40,31,0.40779972,CD14+ Mono
CAAACCGTCTAACCAA-14-s4d8,GARQ,D11,3,40,40,31,0.115193844,CD14+ Mono
TCTATGTTCGCTCCAT-14-s4d8,GARQ,D11,3,40,40,5,0.26916432,CD8+ T
CTATGATCACCAGGTT-14-s4d8,GARQ,D11,3,40,40,31,0.23604095,CD14+ Mono
ACCTGGTCAAGGTGGC-14-s4d8,GARQ,D11,3,40,40,31,0.012999535,HSC
GTGTCCAAGCTGCACA-14-s4d8,GARQ,D11,3,40,40,28,0.10827005,Proerythroblast
TTGCAATCAACTGGGA-14-s4d8,GARQ,D11,3,40,40,22,0.026611567,CD8+ T
CTAAAGCTCTCACTCA-14-s4d8,GARQ,D11,3,40,40,1,0.59026635,Erythroblast
CCTGATGAGCTTGCTC-14-s4d8,GARQ,D11,3,40,40,31,0.38336754,G/M prog
AAAGCAAGTGTTGCTT-14-s4d8,GARQ,D11,3,40,40,16,0.042616606,MK/E prog
GAACCAAAGCAGCTCA-14-s4d8,GARQ,D11,3,40,40,30,0.025734782,CD8+ T
AACATCATCGTTATAG-14-s4d8,GARQ,D11,3,40,40,5,0.13258016,CD8+ T
TTGCTCTCAGCAACCT-14-s4d8,GARQ,D11,3,40,40,31,0.022588491,Naive CD20+ B
CTTCAAGCAGGCATGA-14-s4d8,GARQ,D11,3,40,40,1,0.016822755,MK/E prog
ATTTGCGCACATGCTA-14-s4d8,GARQ,D11,3,40,40,31,0.5006045,CD16+ Mono
GGCCTAATCCGCCTAT-14-s4d8,GARQ,D11,3,40,40,19,0.00835824,CD8+ T
GGCTCAATCCAGGGAG-14-s4d8,GARQ,D11,3,40,40,31,0.06424701,B1 B
ATGTCCACACCAACCG-14-s4d8,GARQ,D11,3,40,40,21,0.060143948,CD8+ T
TCAGCCTTCATGGTTA-14-s4d8,GARQ,D11,3,40,40,10,0.07001519,G/M prog
TCCATCATCATTAGCA-14-s4d8,GARQ,D11,3,40,40,35,0.0680449,CD8+ T
TTGGTGAGTGGATTGC-14-s4d8,GARQ,D11,3,40,40,31,0.05803448,CD14+ Mono
GCGTGCTAGTAAGTCC-14-s4d8,GARQ,D11,3,40,40,21,0.14754248,CD8+ T
ATCAATCCAATATAGG-14-s4d8,GARQ,D11,3,40,40,3,0.10506445,Transitional B
TGTGGCGGTGCATTAG-14-s4d8,GARQ,D11,3,40,40,5,0.03802371,CD8+ T
GCATTAGGTACTTCAC-14-s4d8,GARQ,D11,3,40,40,21,0.14418507,CD8+ T
ATGCTTAAGCATGAAG-14-s4d8,GARQ,D11,3,40,40,35,0.034297228,CD4+ T naive
TTCTTAGGTCATTAGG-14-s4d8,GARQ,D11,3,40,40,21,0.116989255,CD8+ T
GGTTGCATCACAAGCT-14-s4d8,GARQ,D11,3,40,40,8,0.012095809,Naive CD20+ B
AAGGATCCACAAAGGT-14-s4d8,GARQ,D11,3,40,40,3,0.026228547,Naive CD20+ B
GAAGGATGTATTGGTG-14-s4d8,GARQ,D11,3,40,40,6,0.021549463,CD8+ T
TGACCTTGTACGATTG-14-s4d8,GARQ,D11,3,40,40,20,0.066717446,Erythroblast
CCAGCTAAGTCATTTC-14-s4d8,GARQ,D11,3,40,40,5,0.016804457,CD8+ T
CATGCAAGTGCTGTAA-14-s4d8,GARQ,D11,3,40,40,2,0.10618639,Naive CD20+ B
AGCGATTTCACCAATA-14-s4d8,GARQ,D11,3,40,40,5,0.017548442,CD8+ T
CTTAGTTTCGTCAAGT-14-s4d8,GARQ,D11,3,40,40,3,0.087340176,B1 B
TCTCGCCCAAATTGCT-14-s4d8,GARQ,D11,3,40,40,5,0.037233114,CD8+ T
TAGCAGGCAATTTGGT-14-s4d8,GARQ,D11,3,40,40,1,0.1556384,Proerythroblast
GCAATGAAGCCAGTAT-14-s4d8,GARQ,D11,3,40,40,10,0.14139342,CD16+ Mono
TAAAGCCTCTTTGACT-14-s4d8,GARQ,D11,3,40,40,21,0.040317774,CD8+ T
TTGCAACAGCCGCTAA-14-s4d8,GARQ,D11,3,40,40,23,0.10790455,CD8+ T
GTATTGTCAGGAAGCC-14-s4d8,GARQ,D11,3,40,40,19,0.015074134,CD8+ T
CGAAGCGAGCGGCTGT-14-s4d8,GARQ,D11,3,40,40,31,0.16552913,MK/E prog
AGCCTCCGTTGTGACA-14-s4d8,GARQ,D11,3,40,40,6,0.0723654,CD8+ T
CTCGACAAGCCGGTAC-14-s4d8,GARQ,D11,3,40,40,16,0.03937471,Proerythroblast
TGAGGTGCATAGACTT-14-s4d8,GARQ,D11,3,40,40,3,0.2505733,Lymph prog
TTACCGTGTCATTGTC-14-s4d8,GARQ,D11,3,40,40,1,0.4644912,Erythroblast
ATTGCACAGCTATGAC-14-s4d8,GARQ,D11,3,40,40,19,0.029496312,CD8+ T
TTGTTCCCACCGGTAT-14-s4d8,GARQ,D11,3,40,40,3,0.11213827,Naive CD20+ B
CTGCAATAGGACCTCA-14-s4d8,GARQ,D11,3,40,40,23,0.0032103062,CD4+ T activated
CAGCTCAAGGGATGAC-14-s4d8,GARQ,D11,3,40,40,16,0.0920673,Lymph prog
ATCCACCTCGGCTATG-14-s4d8,GARQ,D11,3,40,40,31,0.0046721697,CD14+ Mono
TATTGACCACTGGCCA-14-s4d8,GARQ,D11,3,40,40,21,0.102463245,CD8+ T
GGCCGTTAGCGGATAA-14-s4d8,GARQ,D11,3,40,40,31,0.4416014,Lymph prog
CGCATTTGTTGTTCAC-14-s4d8,GARQ,D11,3,40,40,21,0.15484655,CD8+ T
AAATGCCTCAGCAAGA-14-s4d8,GARQ,D11,3,40,40,21,0.02105701,CD8+ T
TTGCAGCCATAATTGC-14-s4d8,GARQ,D11,3,40,40,1,0.3302158,Proerythroblast
TAAGCTGGTGGTGAGA-14-s4d8,GARQ,D11,3,40,40,36,0.010915518,CD8+ T
AGGATGCAGGTTTACA-14-s4d8,GARQ,D11,3,40,40,5,0.046971083,CD8+ T
TGCAATATCTTCAATC-14-s4d8,GARQ,D11,3,40,40,3,0.2938068,Naive CD20+ B
CTAGTGAGTGATCATG-14-s4d8,GARQ,D11,3,40,40,31,0.02664578,MK/E prog
CGCCTCATCTAACCAA-14-s4d8,GARQ,D11,3,40,40,31,0.08026862,CD14+ Mono
TGGTTCTGTAGGTTTG-14-s4d8,GARQ,D11,3,40,40,21,0.14068007,CD8+ T
AATCTTGAGGAGTAAT-14-s4d8,GARQ,D11,3,40,40,31,0.038468838,Naive CD20+ B
AATGCAACACAGGATG-14-s4d8,GARQ,D11,3,40,40,3,0.18428814,CD4+ T naive
TCATTGCGTAAGCTCA-14-s4d8,GARQ,D11,3,40,40,3,0.14782941,B1 B
GTGCATTAGTGACCTG-14-s4d8,GARQ,D11,3,40,40,0,0.017930746,CD4+ T naive
GCCACTAAGCGGATTT-14-s4d8,GARQ,D11,3,40,40,7,0.032308817,CD8+ T
CAAAGCGCATGAAATG-14-s4d8,GARQ,D11,3,40,40,22,0.010582209,CD4+ T activated
GGTTGCATCATCCACC-14-s4d8,GARQ,D11,3,40,40,0,0.098599195,CD8+ T
TCCAGGATCGTAACGT-14-s4d8,GARQ,D11,3,40,40,1,0.18625367,Proerythroblast
GCCAGGTTCGCAACAT-14-s4d8,GARQ,D11,3,40,40,16,0.024796486,Naive CD20+ B
TGCTAACAGTGAGGTA-14-s4d8,GARQ,D11,3,40,40,5,0.039931297,CD8+ T
GGATTATGTAGGTTAT-14-s4d8,GARQ,D11,3,40,40,21,0.022293687,CD8+ T
CTGCTATGTTGTTGTC-14-s4d8,GARQ,D11,3,40,40,33,0.004869938,CD4+ T activated
CAATGTGGTCATGCAA-14-s4d8,GARQ,D11,3,40,40,23,0.014447093,CD8+ T
GATGCGACACCAGCAT-14-s4d8,GARQ,D11,3,40,40,5,0.023271918,CD8+ T
GAGCTTGTCTTGACCC-14-s4d8,GARQ,D11,3,40,40,5,0.016054988,CD8+ T
ACTTGCACATCTTGAG-14-s4d8,GARQ,D11,3,40,40,0,0.13672185,CD8+ T
TTAGGCTAGGACTAAG-14-s4d8,GARQ,D11,3,40,40,1,0.35344154,Proerythroblast
GCCTACTTCTTGTCCA-14-s4d8,GARQ,D11,3,40,40,0,0.11944842,CD8+ T
TCTTTGTAGGCTAGAA-14-s4d8,GARQ,D11,3,40,40,3,0.43707478,Naive CD20+ B
ACACTTAAGCGGTTAT-14-s4d8,GARQ,D11,3,40,40,3,0.1625256,Transitional B
AACGACAAGTGTTGCG-14-s4d8,GARQ,D11,3,40,40,0,0.13149786,CD4+ T activated
AAACCGCGTACTTAGG-14-s4d8,GARQ,D11,3,40,40,1,0.1660355,Proerythroblast
GTTGTGAGTGTCCAAA-14-s4d8,GARQ,D11,3,40,40,3,0.17526406,Naive CD20+ B
CGCTTACTCGGCCAGT-14-s4d8,GARQ,D11,3,40,40,20,0.1369583,Erythroblast
CAATCCTGTTAGGTTG-14-s4d8,GARQ,D11,3,40,40,1,0.31353366,Normoblast
AACTAGTGTTTCCGGC-14-s4d8,GARQ,D11,3,40,40,16,0.093503,B1 B
GTATTCAAGGTCCAAT-14-s4d8,GARQ,D11,3,40,40,23,0.17989135,CD8+ T
CAAACAACAGGCCTTG-14-s4d8,GARQ,D11,3,40,40,22,0.13025868,CD8+ T
AGTAACCTCCTAGTAA-14-s4d8,GARQ,D11,3,40,40,5,0.15453076,CD8+ T
CTGTAACAGACCATAC-14-s4d8,GARQ,D11,3,40,40,33,0.0447433,CD8+ T
GCAATGTTCATGCTAA-14-s4d8,GARQ,D11,3,40,40,35,0.010020733,CD8+ T
CGTGTGTCAACCTAAT-14-s4d8,GARQ,D11,3,40,40,12,0.06068024,Lymph prog
CTAGTAATCTGCAACG-14-s4d8,GARQ,D11,3,40,40,36,0.071870446,CD4+ T activated
CTGTTAAAGAGCCGGA-14-s4d8,GARQ,D11,3,40,40,3,0.07940531,Transitional B
AGGTATTGTTGCTGGG-14-s4d8,GARQ,D11,3,40,40,31,0.064618826,Transitional B
TCATTGTTCCTTAAGA-14-s4d8,GARQ,D11,3,40,40,35,0.09896803,CD8+ T
TTGCAGCCACACAATT-14-s4d8,GARQ,D11,3,40,40,31,0.07441938,Transitional B
ACCAGCTCACACAATT-14-s4d8,GARQ,D11,3,40,40,33,0.07323158,NK
GCTCGATCATTGCGGT-14-s4d8,GARQ,D11,3,40,40,10,0.18142152,CD14+ Mono
TAAGGCTTCTTACTCG-14-s4d8,GARQ,D11,3,40,40,35,0.0376575,CD8+ T
ACCCGCTGTTTGGGTA-14-s4d8,GARQ,D11,3,40,40,5,0.0134691,CD8+ T
ACTCCTCAGAGGAGGA-14-s4d8,GARQ,D11,3,40,40,31,0.053430676,G/M prog
TAAGCCTAGTGAGCGG-14-s4d8,GARQ,D11,3,40,40,31,0.0772658,Naive CD20+ B
CAAGTGAAGGCCATCA-14-s4d8,GARQ,D11,3,40,40,19,0.013096929,CD8+ T
CCTATATTCATCAGTA-14-s4d8,GARQ,D11,3,40,40,31,0.023377419,Lymph prog
CAATGCCCAGCCGCTA-14-s4d8,GARQ,D11,3,40,40,8,0.15230852,Naive CD20+ B
TTGACGTAGCGGTTAT-14-s4d8,GARQ,D11,3,40,40,1,0.2616521,Proerythroblast
CTACCTCAGGTCCAAT-14-s4d8,GARQ,D11,3,40,40,5,0.03233838,CD8+ T
CTTGCTCAGGTCCGTA-14-s4d8,GARQ,D11,3,40,40,33,0.03459823,NK
TATTCGTTCCGCCTAT-14-s4d8,GARQ,D11,3,40,40,23,0.017545998,NK
TTCAGTTTCATGAGCT-14-s4d8,GARQ,D11,3,40,40,31,0.2172041,B1 B
ACTTCGCTCTGTTCAT-14-s4d8,GARQ,D11,3,40,40,33,0.0031189919,CD8+ T
GCTTGTTGTGGTTATG-14-s4d8,GARQ,D11,3,40,40,35,0.10728049,CD4+ T activated
TGTCCTTCATAGCGAG-14-s4d8,GARQ,D11,3,40,40,10,0.053976834,cDC2
ACCAATATCCTTGTTG-14-s4d8,GARQ,D11,3,40,40,1,0.09777498,Proerythroblast
TTGCTTTAGGCTCATG-14-s4d8,GARQ,D11,3,40,40,29,0.10799909,CD8+ T
AGTAACCTCGATTTGA-14-s4d8,GARQ,D11,3,40,40,5,0.017641068,CD8+ T
GACAATACACAATTAC-14-s4d8,GARQ,D11,3,40,40,21,0.034499466,NK
CATATCGCAGCTTACA-14-s4d8,GARQ,D11,3,40,40,31,0.18587768,Transitional B
CGGCCATAGCTGAGGG-14-s4d8,GARQ,D11,3,40,40,38,0.040729165,CD8+ T
CAACCCTTCGTTAGCG-14-s4d8,GARQ,D11,3,40,40,31,0.08025479,CD14+ Mono
CGTAACTAGTATCGCG-14-s4d8,GARQ,D11,3,40,40,31,0.27072072,B1 B
ACCACATAGCGCAATT-14-s4d8,GARQ,D11,3,40,40,0,0.02531135,CD8+ T
AGAACCAAGAGAGGAG-14-s4d8,GARQ,D11,3,40,40,31,0.4601637,Transitional B
GAGAGGCGTTTACCGT-14-s4d8,GARQ,D11,3,40,40,31,0.012959838,CD14+ Mono
AAAGGTTAGGCCCAGT-14-s4d8,GARQ,D11,3,40,40,31,0.065038204,CD14+ Mono
TTGACTAAGAGGAGGA-14-s4d8,GARQ,D11,3,40,40,35,0.111598015,CD8+ T
AGCTATATCGTTATAG-14-s4d8,GARQ,D11,3,40,40,35,0.14327657,CD4+ T activated
ATCCAACAGGTTTGAC-14-s4d8,GARQ,D11,3,40,40,5,0.08987486,CD8+ T
CATTGTGCAACAGGTG-14-s4d8,GARQ,D11,3,40,40,21,0.12113881,CD8+ T
TTGCATTTCTGCAAAC-14-s4d8,GARQ,D11,3,40,40,8,0.06251919,CD8+ T
GTTGCGGGTCTTTGAC-14-s4d8,GARQ,D11,3,40,40,31,0.021839619,Lymph prog
CGCTTCTAGGTCGATT-14-s4d8,GARQ,D11,3,40,40,8,0.023058772,CD8+ T
TTTACGCGTAATGGCC-14-s4d8,GARQ,D11,3,40,40,21,0.13582551,NK
GGCATTAGTTGCACGG-14-s4d8,GARQ,D11,3,40,40,5,0.016664743,CD4+ T activated
ACAACAGAGTTGCGTG-14-s4d8,GARQ,D11,3,40,40,35,0.03820038,CD8+ T
GCAACAGCATTGTCAG-14-s4d8,GARQ,D11,3,40,40,3,0.35033965,Naive CD20+ B
GGATATTGTACTGATG-14-s4d8,GARQ,D11,3,40,40,21,0.056200385,NK
TGTCCTTCATAATCGT-14-s4d8,GARQ,D11,3,40,40,5,0.0052820444,CD8+ T
TTCTTAGGTTCCTGTG-14-s4d8,GARQ,D11,3,40,40,35,0.08874416,CD8+ T
TCAATCGCACCTATAG-14-s4d8,GARQ,D11,3,40,40,31,0.444008,CD16+ Mono
CAATCCTGTACGTTTC-14-s4d8,GARQ,D11,3,40,40,35,0.17358494,CD4+ T activated
TATGCATCAAATATCC-14-s4d8,GARQ,D11,3,40,40,20,0.10546982,Normoblast
AATCAGGAGCTTTGGG-14-s4d8,GARQ,D11,3,40,40,19,0.16338503,CD8+ T
CAGATTCAGATGGACA-14-s4d8,GARQ,D11,3,40,40,5,0.052942097,CD8+ T
TCGTTAGCATGGAGGC-14-s4d8,GARQ,D11,3,40,40,1,0.33471534,Proerythroblast
GACTTAGGTGTCCTGC-14-s4d8,GARQ,D11,3,40,40,5,0.06684494,CD8+ T
CAAGGTAAGTTAGCCG-14-s4d8,GARQ,D11,3,40,40,21,0.10797155,CD8+ T
GCGGGTTTCCCTCATA-14-s4d8,GARQ,D11,3,40,40,31,0.13699186,Transitional B
ACTTGCACACAGGAAT-14-s4d8,GARQ,D11,3,40,40,3,0.55515885,Naive CD20+ B
CCAGCCTGTGTTGCAA-14-s4d8,GARQ,D11,3,40,40,39,0.013207316,Lymph prog
GGCGATACAGTAATAG-14-s4d8,GARQ,D11,3,40,40,5,0.024464369,CD8+ T
TTACAGCAGTTAGAGG-14-s4d8,GARQ,D11,3,40,40,31,0.06193638,Transitional B
CAAGCTAGTGCATTTC-14-s4d8,GARQ,D11,3,40,40,21,0.12639058,NK
GTCATCACAAAGCTCC-14-s4d8,GARQ,D11,3,40,40,35,0.16435051,CD8+ T
GCAATGAAGACAAACG-14-s4d8,GARQ,D11,3,40,40,0,0.045173883,CD8+ T
CTTGCTCAGGCGGGTA-14-s4d8,GARQ,D11,3,40,40,33,0.013391733,CD8+ T
ACCATTAAGCTGGCTA-14-s4d8,GARQ,D11,3,40,40,16,0.012012243,Lymph prog
ATCCACCTCCCATAGG-14-s4d8,GARQ,D11,3,40,40,6,0.10551596,CD4+ T activated
TCTCGCCCATTAAACC-14-s4d8,GARQ,D11,3,40,40,21,0.036824346,CD8+ T
GGTTATATCTTAGTGA-14-s4d8,GARQ,D11,3,40,40,21,0.0676496,CD8+ T
CCACATTGTAAGGTTT-14-s4d8,GARQ,D11,3,40,40,33,0.020232677,CD8+ T
AGGTCATTCGCTAAAC-14-s4d8,GARQ,D11,3,40,40,6,0.08338106,CD8+ T
AATCCGTAGCCGCTAA-14-s4d8,GARQ,D11,3,40,40,1,0.33546,Proerythroblast
GAACCTGTCATTGACA-14-s4d8,GARQ,D11,3,40,40,1,0.38148057,Proerythroblast
TATCACAAGTCAATCA-14-s4d8,GARQ,D11,3,40,40,20,0.074582994,Normoblast
CCCAGTTTCTTGATGA-14-s4d8,GARQ,D11,3,40,40,29,0.04902184,CD8+ T
CTATTACTCCGGCTAA-14-s4d8,GARQ,D11,3,40,40,3,0.2060318,Naive CD20+ B
TTTAAGCCATGAAGTA-14-s4d8,GARQ,D11,3,40,40,1,0.017574131,Proerythroblast
TAGGTGCGTACCAGGT-14-s4d8,GARQ,D11,3,40,40,1,0.24151778,Proerythroblast
ACCAATATCGTTATAG-14-s4d8,GARQ,D11,3,40,40,33,0.025529385,CD8+ T
GATTATGTCCCGAACA-14-s4d8,GARQ,D11,3,40,40,5,0.005262375,CD8+ T
CTATGGCCATCTAGCA-14-s4d8,GARQ,D11,3,40,40,1,0.50947976,Erythroblast
TGTCATAAGCTATTAG-14-s4d8,GARQ,D11,3,40,40,31,0.024707913,Naive CD20+ B
CGGACAACACTTACAG-14-s4d8,GARQ,D11,3,40,40,3,0.26458097,Naive CD20+ B
GTACAATGTCTTGCTG-14-s4d8,GARQ,D11,3,40,40,19,0.05440879,NK
ATGTAAGCAGCAAATA-14-s4d8,GARQ,D11,3,40,40,31,0.10004687,Transitional B
TTGGCTTGTTAAGCGC-14-s4d8,GARQ,D11,3,40,40,35,0.11943102,CD8+ T
TAATGCATCATCACTT-14-s4d8,GARQ,D11,3,40,40,35,0.030313313,CD4+ T naive
GAAGGCTAGGTAACGA-14-s4d8,GARQ,D11,3,40,40,0,0.017895818,CD8+ T
GCATGAGCAAGCTAAA-14-s4d8,GARQ,D11,3,40,40,35,0.013748407,CD4+ T activated
CCCTTAATCGTTAGTA-14-s4d8,GARQ,D11,3,40,40,33,0.002920866,CD8+ T
CCAAGTTAGGCCTTAG-14-s4d8,GARQ,D11,3,40,40,5,0.0250777,CD8+ T
ATGATGGAGTATCGCG-14-s4d8,GARQ,D11,3,40,40,1,0.07033306,Proerythroblast
TAGCTTGCACAAAGAC-14-s4d8,GARQ,D11,3,40,40,7,0.012938023,CD8+ T
AACCGCTCAGCAAGTG-14-s4d8,GARQ,D11,3,40,40,1,0.078350484,Proerythroblast
CCAGCTGCAAATGCCC-14-s4d8,GARQ,D11,3,40,40,0,0.014672399,CD8+ T
AGTACGCGTTAGGATT-14-s4d8,GARQ,D11,3,40,40,1,0.25401258,Proerythroblast
GACACCGGTAGGTTAT-14-s4d8,GARQ,D11,3,40,40,31,0.026263952,Naive CD20+ B
GGGAGTAGTAGGTGTC-14-s4d8,GARQ,D11,3,40,40,35,0.20404243,CD4+ T activated
TCATAACCAGCATGTC-14-s4d8,GARQ,D11,3,40,40,1,0.23929399,Normoblast
CAAGCTAGTGAGGTGA-14-s4d8,GARQ,D11,3,40,40,21,0.09068847,CD8+ T
AGGTTTATCGTTAAGC-14-s4d8,GARQ,D11,3,40,40,14,0.103033245,Naive CD20+ B
AAACAGCCATGTTTGG-14-s4d8,GARQ,D11,3,40,40,35,0.057079792,CD8+ T
AGTTGCGTCCGCAAGC-14-s4d8,GARQ,D11,3,40,40,21,0.10160613,CD8+ T
GACGCAACAACTGGCT-14-s4d8,GARQ,D11,3,40,40,27,0.01922667,Proerythroblast
GAGATAAGTTGTAAAC-14-s4d8,GARQ,D11,3,40,40,35,0.029219508,CD8+ T
TTGTGTGCATTCAGCA-14-s4d8,GARQ,D11,3,40,40,10,0.07718897,CD14+ Mono
AACCTTAAGAATCTCA-14-s4d8,GARQ,D11,3,40,40,31,0.10667169,CD14+ Mono
GGTCAAGCAAGCTAAA-14-s4d8,GARQ,D11,3,40,40,31,0.15471792,CD14+ Mono
CTGTGTGAGTGTTGCG-14-s4d8,GARQ,D11,3,40,40,13,0.079847455,Transitional B
AGCTAACTCCCATAAA-14-s4d8,GARQ,D11,3,40,40,5,0.021052599,CD8+ T
ACCGAAGCAGCCAGAA-14-s4d8,GARQ,D11,3,40,40,3,0.04075384,Lymph prog
TCCATTGTCCCTCAAC-14-s4d8,GARQ,D11,3,40,40,21,0.2485382,CD8+ T
TGTTACTTCCGCACAA-14-s4d8,GARQ,D11,3,40,40,1,0.10056782,Proerythroblast
CCACATTGTTTCAGGA-14-s4d8,GARQ,D11,3,40,40,9,0.13039947,Transitional B
CAAGTATGTGAAGCCT-14-s4d8,GARQ,D11,3,40,40,31,0.024784744,Naive CD20+ B
CATAATGTCTTAGTCT-14-s4d8,GARQ,D11,3,40,40,31,0.08410263,Naive CD20+ B
TACTAAGTCCTTGAGG-14-s4d8,GARQ,D11,3,40,40,5,0.037546873,CD8+ T
TTGTAAGTCACTAGGT-14-s4d8,GARQ,D11,3,40,40,33,0.0071675777,CD4+ T activated
ACAGGTAAGGCTGTCA-14-s4d8,GARQ,D11,3,40,40,21,0.06764448,CD8+ T
AAGGTGCAGTCTCACC-14-s4d8,GARQ,D11,3,40,40,5,0.048698664,CD8+ T
ACTTGAATCATCACTT-14-s4d8,GARQ,D11,3,40,40,1,0.18197125,Normoblast
CTGCTATGTGAATCGC-14-s4d8,GARQ,D11,3,40,40,21,0.15261364,CD8+ T
ACGAAGTCATCACAGC-14-s4d8,GARQ,D11,3,40,40,12,0.036053896,Naive CD20+ B
TCGTTAGCATCTAGCA-14-s4d8,GARQ,D11,3,40,40,21,0.04920554,CD8+ T
ACACTTGCAATGAAGC-14-s4d8,GARQ,D11,3,40,40,31,0.015856028,Naive CD20+ B
CAGGGCTTCATAACTG-14-s4d8,GARQ,D11,3,40,40,10,0.057902753,CD14+ Mono
ATCCTGACACTAGGTC-14-s4d8,GARQ,D11,3,40,40,21,0.07978892,CD8+ T
TACAACATCATGTGGT-14-s4d8,GARQ,D11,3,40,40,1,0.00057917833,Proerythroblast
ATAGGTACATTGTGCA-14-s4d8,GARQ,D11,3,40,40,35,0.08391404,CD8+ T
TCACGGATCACGAATC-14-s4d8,GARQ,D11,3,40,40,6,0.0052890778,CD8+ T
CGTTGCAAGTTGGATC-14-s4d8,GARQ,D11,3,40,40,31,0.2675321,CD16+ Mono
CCAACCAAGTGAAGTG-14-s4d8,GARQ,D11,3,40,40,23,0.029004097,CD8+ T
TGAGTGAAGGCGCTAC-14-s4d8,GARQ,D11,3,40,40,31,0.3918252,cDC2
TATGGCCCAATGCGCT-14-s4d8,GARQ,D11,3,40,40,16,0.02341652,Naive CD20+ B
AGCCTGGGTAATCACG-14-s4d8,GARQ,D11,3,40,40,31,0.2451123,HSC
ATTGCAGGTATTGAGT-14-s4d8,GARQ,D11,3,40,40,37,0.009648502,Proerythroblast
GTATTGCAGGTAAGGC-14-s4d8,GARQ,D11,3,40,40,1,0.12376493,Proerythroblast
TTATGACCATGTGGGA-14-s4d8,GARQ,D11,3,40,40,1,0.23387283,Erythroblast
CGGACAACAGATTCAT-14-s4d8,GARQ,D11,3,40,40,3,0.07690549,Transitional B
CATTCCTCATAATCAC-14-s4d8,GARQ,D11,3,40,40,35,0.02739644,CD4+ T activated
GGCTCACAGATTCCTT-14-s4d8,GARQ,D11,3,40,40,5,0.047098637,CD8+ T
TTGACTAAGGGTGAAC-14-s4d8,GARQ,D11,3,40,40,35,0.068122745,CD8+ T
ATCAGGTTCTGGCAAT-14-s4d8,GARQ,D11,3,40,40,36,0.065193534,CD8+ T
CTCCGGACACCTGGTG-14-s4d8,GARQ,D11,3,40,40,12,0.059630036,Naive CD20+ B
ATCCTTAGTCAGGCAT-14-s4d8,GARQ,D11,3,40,40,1,0.40026027,Proerythroblast
GGTACCGGTCATTAGG-14-s4d8,GARQ,D11,3,40,40,38,0.0050531626,CD8+ T
ACTCACCTCAACCAAC-14-s4d8,GARQ,D11,3,40,40,0,0.0869813,CD8+ T
CATAGACTCAGGCTAT-14-s4d8,GARQ,D11,3,40,40,0,0.033167124,CD8+ T
AAACCGCGTTATCCTA-14-s4d8,GARQ,D11,3,40,40,31,0.18244672,cDC2
TCAAGTATCCTAGTCC-14-s4d8,GARQ,D11,3,40,40,0,0.20026124,CD8+ T
ACTAACGGTGTTGTGA-14-s4d8,GARQ,D11,3,40,40,31,0.20410442,CD14+ Mono
TCCATATTCTGGCAAT-14-s4d8,GARQ,D11,3,40,40,1,0.049216807,Proerythroblast
TTTACGAAGCATGAAG-14-s4d8,GARQ,D11,3,40,40,5,0.07270932,CD8+ T
ATGAAGCCAGTAATAG-14-s4d8,GARQ,D11,3,40,40,1,0.045119762,Proerythroblast
CATCATGCAGATAGAC-14-s4d8,GARQ,D11,3,40,40,21,0.0024428368,CD8+ T
TTGGAGGCAGTAAAGC-14-s4d8,GARQ,D11,3,40,40,21,0.005536437,CD8+ T
TTTACGCGTAACGAGG-14-s4d8,GARQ,D11,3,40,40,37,0.0334903,MK/E prog
AGAAAGGCAGTAAGTA-14-s4d8,GARQ,D11,3,40,40,1,0.36120892,Proerythroblast
GTCCATTGTGACCTGG-14-s4d8,GARQ,D11,3,40,40,35,0.084536076,CD8+ T
CGCATTACATTGTCCT-14-s4d8,GARQ,D11,3,40,40,12,0.065895736,Lymph prog
GATAATCGTTTCCTCC-14-s4d8,GARQ,D11,3,40,40,3,0.15032482,Lymph prog
GTCTAACAGCATGAAG-14-s4d8,GARQ,D11,3,40,40,5,0.06509358,CD8+ T
GTAGGCGAGGCCTGGT-14-s4d8,GARQ,D11,3,40,40,32,0.0050880313,CD8+ T
CGCAATCCAGTTAGCC-14-s4d8,GARQ,D11,3,40,40,35,0.029607654,CD4+ T naive
TACCGAAGTTGGATCA-14-s4d8,GARQ,D11,3,40,40,9,0.050917566,Naive CD20+ B
CCAGACTCATAGTCAT-14-s4d8,GARQ,D11,3,40,40,1,0.21254635,Erythroblast
CACTTTGTCATCCTGC-14-s4d8,GARQ,D11,3,40,40,21,0.05959487,CD8+ T
GCGCTTGCACAATTAC-14-s4d8,GARQ,D11,3,40,40,16,0.058719516,Transitional B
GAGGTTAAGCATGGTT-14-s4d8,GARQ,D11,3,40,40,21,0.020312548,CD8+ T
CCCAGCACAGGCTAAG-14-s4d8,GARQ,D11,3,40,40,5,0.074824154,CD8+ T
CACCAACCAAAGGTAC-14-s4d8,GARQ,D11,3,40,40,3,0.15668279,Transitional B
GCATCCTTCTTGCAAA-14-s4d8,GARQ,D11,3,40,40,10,0.077625036,CD14+ Mono
GCTCTGTTCCTGAATA-14-s4d8,GARQ,D11,3,40,40,10,0.112202406,CD14+ Mono
CCTAAAGGTTGTAAAC-14-s4d8,GARQ,D11,3,40,40,36,0.046072364,CD8+ T
GTTCATTTCGCCTGTT-14-s4d8,GARQ,D11,3,40,40,22,0.01872921,CD8+ T
GCAGCTATCTTGCAAA-14-s4d8,GARQ,D11,3,40,40,37,0.050762773,CD4+ T activated
GACTATTCATAGGCGA-14-s4d8,GARQ,D11,3,40,40,31,0.06021297,CD14+ Mono
GCGAAGTAGAGAGCCG-14-s4d8,GARQ,D11,3,40,40,36,0.008765101,CD8+ T
ACATTAGTCTTGCAAA-14-s4d8,GARQ,D11,3,40,40,39,0.06835079,cDC2
TTGCACACATAATCCG-14-s4d8,GARQ,D11,3,40,40,31,0.3629247,CD14+ Mono
CAAGTAACAACCCTAA-14-s4d8,GARQ,D11,3,40,40,9,0.007404119,Transitional B
GCTGCATCAACTGGGA-14-s4d8,GARQ,D11,3,40,40,21,0.08619583,CD8+ T
GATTGGCGTTAGGCGT-14-s4d8,GARQ,D11,3,40,40,3,0.10476786,Naive CD20+ B
CCAGCTAAGAACAAGT-14-s4d8,GARQ,D11,3,40,40,3,0.24829382,Naive CD20+ B
AGCAATTGTATTGTCC-14-s4d8,GARQ,D11,3,40,40,3,0.14593315,B1 B
CACATACAGGGTTATC-14-s4d8,GARQ,D11,3,40,40,33,0.025958538,CD8+ T
GAGCCTTCAAAGCTAA-14-s4d8,GARQ,D11,3,40,40,5,0.10396922,CD8+ T
CAGGTTTAGTAGGATG-14-s4d8,GARQ,D11,3,40,40,35,0.02355361,CD8+ T
AGACACGCAAGGATTA-14-s4d8,GARQ,D11,3,40,40,21,0.006775379,CD8+ T
CGTGACATCACTAGGT-14-s4d8,GARQ,D11,3,40,40,21,0.113753915,CD8+ T
TCTGTGACACCGTTCC-14-s4d8,GARQ,D11,3,40,40,31,0.063421726,Lymph prog
TCTTGACGTTGACTTC-14-s4d8,GARQ,D11,3,40,40,5,0.19079506,CD8+ T
CAATGAACATTCAGCA-14-s4d8,GARQ,D11,3,40,40,21,0.16002238,CD4+ T activated
TACGGTTAGTTATTCC-14-s4d8,GARQ,D11,3,40,40,21,0.055681705,CD8+ T
TTGTTTGGTTAGCATG-14-s4d8,GARQ,D11,3,40,40,11,0.03565657,Naive CD20+ B
GATAGACCACATGCTA-14-s4d8,GARQ,D11,3,40,40,5,0.1919787,CD8+ T
TGCTTCCAGGCAAGTA-14-s4d8,GARQ,D11,3,40,40,21,0.0056610107,CD8+ T
GAAGTAAGTCAATACG-14-s4d8,GARQ,D11,3,40,40,1,0.066493124,Proerythroblast
CGAGCTGGTGATGGCT-14-s4d8,GARQ,D11,3,40,40,22,0.16258532,CD4+ T activated
TGTATCGCAGTAAAGC-14-s4d8,GARQ,D11,3,40,40,35,0.17508006,CD4+ T activated
TTTCTTGCATCATGTG-14-s4d8,GARQ,D11,3,40,40,1,0.26290298,Erythroblast
CTTAAGATCACTAAGC-14-s4d8,GARQ,D11,3,40,40,16,0.04448679,Lymph prog
ACAACACTCTGCAAGT-14-s4d8,GARQ,D11,3,40,40,0,0.10204172,CD8+ T
TGACTCCTCGTAATCA-14-s4d8,GARQ,D11,3,40,40,31,0.22120267,Naive CD20+ B
TTCACTGTCTTGCAGG-14-s4d8,GARQ,D11,3,40,40,29,0.076660514,CD8+ T
GATCAGTTCCGGAACC-14-s4d8,GARQ,D11,3,40,40,0,0.016951561,CD8+ T
CCACAATAGGATGATG-14-s4d8,GARQ,D11,3,40,40,6,0.08803898,CD8+ T
CCTGTATGTAATGGAA-14-s4d8,GARQ,D11,3,40,40,0,0.00939405,CD8+ T
GGAGTGAGTACCGTTT-14-s4d8,GARQ,D11,3,40,40,5,0.06397605,CD8+ T
TACAATGTCACGCATG-14-s4d8,GARQ,D11,3,40,40,35,0.056952953,CD4+ T naive
TGTGTGAGTTGTTGTC-14-s4d8,GARQ,D11,3,40,40,1,0.34119242,Proerythroblast
GTTTCTAGTGTCACGG-14-s4d8,GARQ,D11,3,40,40,0,0.0211128,NK
ACGTTACAGGACACTT-14-s4d8,GARQ,D11,3,40,40,1,0.014253616,Proerythroblast
TCCTTCAAGAACCTAC-14-s4d8,GARQ,D11,3,40,40,1,0.20140368,Proerythroblast
TTGGATATCATTGACA-14-s4d8,GARQ,D11,3,40,40,31,0.3427075,G/M prog
TTCATCCCAAGCTTAT-14-s4d8,GARQ,D11,3,40,40,31,0.10004926,G/M prog
CCCTGTTAGTCACCAG-14-s4d8,GARQ,D11,3,40,40,28,0.054110408,Proerythroblast
TAGCTAATCCTTAAGA-14-s4d8,GARQ,D11,3,40,40,36,0.03961259,CD8+ T
ACTTCGCTCATTGTCT-14-s4d8,GARQ,D11,3,40,40,21,0.11363912,CD8+ T
ATGAATGCAGTCTAGC-14-s4d8,GARQ,D11,3,40,40,31,0.14973593,Naive CD20+ B
CAACAGGCATAGCAGG-14-s4d8,GARQ,D11,3,40,40,31,0.21562672,Naive CD20+ B
TCAGTAATCAAAGGCA-14-s4d8,GARQ,D11,3,40,40,6,0.05761826,CD8+ T
CAGGCTGGTGGTTAGC-14-s4d8,GARQ,D11,3,40,40,9,0.043704867,Transitional B
TTCCTTCTCTTACTCG-14-s4d8,GARQ,D11,3,40,40,35,0.0776248,CD8+ T
ATAAGCCTCACAAGCT-14-s4d8,GARQ,D11,3,40,40,3,0.42468107,Naive CD20+ B
GCTGTGATCAATGTCA-14-s4d8,GARQ,D11,3,40,40,5,0.12788808,CD8+ T
ACCAGGCTCCAGGTTG-14-s4d8,GARQ,D11,3,40,40,1,0.18955195,Proerythroblast
CCTGTAACAGCAACCT-14-s4d8,GARQ,D11,3,40,40,31,0.08805776,Lymph prog
ATTGTCCGTTAGTACG-14-s4d8,GARQ,D11,3,40,40,35,0.062021136,CD4+ T activated
ACAGGTAAGGTATTGC-14-s4d8,GARQ,D11,3,40,40,21,0.059345484,CD8+ T
CAGGTCCAGATGGAGC-14-s4d8,GARQ,D11,3,40,40,35,0.037135363,CD8+ T
CGAGCTGGTTAACGGC-14-s4d8,GARQ,D11,3,40,40,6,0.092469215,NK
AATAACCGTTTGCAGA-14-s4d8,GARQ,D11,3,40,40,10,0.26994145,CD14+ Mono
TAGGAGTCACCCTCAC-14-s4d8,GARQ,D11,3,40,40,31,0.0686968,CD14+ Mono
CATTCCTCATCCATCT-14-s4d8,GARQ,D11,3,40,40,31,0.014724493,Transitional B
AACAGATAGTTAGACC-14-s4d8,GARQ,D11,3,40,40,31,0.204983,CD14+ Mono
AAACCAACAGACAAAC-14-s4d8,GARQ,D11,3,40,40,27,0.09563309,MK/E prog
ATGGCTAGTTGCGGAT-14-s4d8,GARQ,D11,3,40,40,21,0.028484344,CD8+ T
CAAGGTAAGGTGAGAC-14-s4d8,GARQ,D11,3,40,40,31,0.12803137,Lymph prog
CTATTCAGTAATCCCT-14-s4d8,GARQ,D11,3,40,40,21,0.031445026,CD8+ T
TAAGGCTTCATTAGCA-14-s4d8,GARQ,D11,3,40,40,31,0.13009542,Naive CD20+ B
GCAGCCAGTTGGTTGA-14-s4d8,GARQ,D11,3,40,40,35,0.025235415,CD4+ T activated
CCGTTAACAATTGACT-14-s4d8,GARQ,D11,3,40,40,36,0.07636726,CD8+ T
TGAACAACACAACCTA-14-s4d8,GARQ,D11,3,40,40,31,0.11251736,cDC2
CAGTACCCACAATACT-14-s4d8,GARQ,D11,3,40,40,8,0.24216664,CD4+ T activated
TACCGAAGTTGCCTCA-14-s4d8,GARQ,D11,3,40,40,10,0.17916787,CD14+ Mono
GAGTTGCGTGTGAGGA-14-s4d8,GARQ,D11,3,40,40,21,0.0030198097,CD8+ T
TCCATATTCGCGACAC-14-s4d8,GARQ,D11,3,40,40,3,0.05329442,Transitional B
AGTAAACAGCACAGGG-14-s4d8,GARQ,D11,3,40,40,3,0.10225564,Transitional B
CCTCCTCTCCCTTGCG-14-s4d8,GARQ,D11,3,40,40,22,0.060919344,CD8+ T
GTAGCTGTCCAAACAC-14-s4d8,GARQ,D11,3,40,40,3,0.032720327,Transitional B
TGCATTAAGTTGCGTG-14-s4d8,GARQ,D11,3,40,40,15,0.019112796,B1 B
CTTATTGGTTGCCTCA-14-s4d8,GARQ,D11,3,40,40,35,0.03435731,CD8+ T
ATCAGGTTCATTACGA-14-s4d8,GARQ,D11,3,40,40,35,0.02617693,CD4+ T naive
ACTAAAGCATGAGCAG-14-s4d8,GARQ,D11,3,40,40,23,0.030478954,CD8+ T
CCTGCTCCAGGCCTTG-14-s4d8,GARQ,D11,3,40,40,31,0.35451972,Naive CD20+ B
GCAATGTTCGTTATAG-14-s4d8,GARQ,D11,3,40,40,0,0.0027675629,CD8+ T
ACATTGCAGCCAAATC-14-s4d8,GARQ,D11,3,40,40,5,0.06917429,NK
CCTAATAAGCAACATC-14-s4d8,GARQ,D11,3,40,40,33,0.02103591,Plasma cell
TTACAGCAGCCTTAAA-14-s4d8,GARQ,D11,3,40,40,31,0.42558497,CD14+ Mono
TCGCGCACAATCCTGA-14-s4d8,GARQ,D11,3,40,40,3,0.03904164,Naive CD20+ B
ACCCGTAAGTTAGGCT-14-s4d8,GARQ,D11,3,40,40,35,0.02747035,CD8+ T
TTAGCAGGTCGCAATA-14-s4d8,GARQ,D11,3,40,40,3,0.23685467,Naive CD20+ B
AGTGAACCACTAGGTC-14-s4d8,GARQ,D11,3,40,40,3,0.0650723,Naive CD20+ B
GTGGACACAAACTAAG-14-s4d8,GARQ,D11,3,40,40,32,0.01445657,Proerythroblast
TCAAGGAAGGTCCTAG-14-s4d8,GARQ,D11,3,40,40,21,0.13422948,NK
ACTAGGCGTTAGCGTA-14-s4d8,GARQ,D11,3,40,40,17,0.061107814,Naive CD20+ B
GTACTGGTCCGCTAGA-14-s4d8,GARQ,D11,3,40,40,1,0.3692606,Proerythroblast
TGGTTCCTCATTTGCT-14-s4d8,GARQ,D11,3,40,40,21,0.06317556,CD8+ T
GGTCCATCAGCACGTT-14-s4d8,GARQ,D11,3,40,40,21,0.07057333,CD8+ T
GATGCATTCAGCATTA-14-s4d8,GARQ,D11,3,40,40,35,0.05268389,CD4+ T activated
ATCTATGAGTTAGCTA-14-s4d8,GARQ,D11,3,40,40,9,0.18102309,Transitional B
TAACAAGCATAGTCAT-14-s4d8,GARQ,D11,3,40,40,0,0.0062045455,CD8+ T
ACAGGTAAGCTATTAG-14-s4d8,GARQ,D11,3,40,40,12,0.019879907,B1 B
ACAACAACAGCAAGAT-14-s4d8,GARQ,D11,3,40,40,1,0.35661328,Proerythroblast
CACGCAATCCTCCATA-14-s4d8,GARQ,D11,3,40,40,3,0.18410999,Lymph prog
CAAGGTTTCTCACTCA-14-s4d8,GARQ,D11,3,40,40,5,0.012235522,CD8+ T
CGTGCACAGACAGGCG-14-s4d8,GARQ,D11,3,40,40,35,0.068917274,CD8+ T
GAGGGAGCAGTCTATG-14-s4d8,GARQ,D11,3,40,40,3,0.12129873,Transitional B
TTGATGTCATTGCGGT-14-s4d8,GARQ,D11,3,40,40,21,0.025755882,CD4+ T activated
GGTGTCCAGCTCCTAC-14-s4d8,GARQ,D11,3,40,40,22,0.023392975,CD8+ T
CACTTAAAGGTTTACA-14-s4d8,GARQ,D11,3,40,40,31,0.1488756,Transitional B
AGTTATGTCAGGTTTA-14-s4d8,GARQ,D11,3,40,40,32,0.008191526,CD8+ T
AATCCCTGTACCCACC-14-s4d8,GARQ,D11,3,40,40,19,0.036153436,CD8+ T
GGGAATATCTACCTGC-14-s4d8,GARQ,D11,3,40,40,21,0.13910854,CD8+ T
CCCTCAGTCACAGACT-14-s4d8,GARQ,D11,3,40,40,36,0.0012705326,CD8+ T
GCCACAATCTGGCAAT-14-s4d8,GARQ,D11,3,40,40,31,0.48573923,G/M prog
TATGGCCCATAGACCC-14-s4d8,GARQ,D11,3,40,40,35,0.06192541,CD4+ T activated
CATAACGGTCAGGAAG-14-s4d8,GARQ,D11,3,40,40,8,0.15020454,CD8+ T
AAAGGAGCATGGTTAT-14-s4d8,GARQ,D11,3,40,40,22,0.00718534,CD4+ T activated
CGGAGTCTCTTTGACT-14-s4d8,GARQ,D11,3,40,40,36,0.06117773,CD4+ T naive
GAGTTTGGTGCAATGC-14-s4d8,GARQ,D11,3,40,40,35,0.05595553,CD4+ T activated
GATTGCGTCATTCATC-14-s4d8,GARQ,D11,3,40,40,5,0.075773,CD8+ T
GGACCTCAGATAAAGC-14-s4d8,GARQ,D11,3,40,40,35,0.1590066,Plasma cell
TCAGGAGCAACTAGAA-14-s4d8,GARQ,D11,3,40,40,33,0.0020302534,CD8+ T
AGCTAAACATCAGTAT-14-s4d8,GARQ,D11,3,40,40,35,0.16696858,CD8+ T
TGCTCAACAGGAACCA-14-s4d8,GARQ,D11,3,40,40,31,0.030907393,Naive CD20+ B
TCTAGCCTCTAAGTCA-14-s4d8,GARQ,D11,3,40,40,31,0.014101744,Naive CD20+ B
ATTTAGCCAAACAACA-14-s4d8,GARQ,D11,3,40,40,3,0.00825119,Naive CD20+ B
AGAGGATGTTTACGTC-14-s4d8,GARQ,D11,3,40,40,31,0.013141036,Lymph prog
TGGGCATGTTAACGAT-14-s4d8,GARQ,D11,3,40,40,5,0.026125789,CD8+ T
AGTCGCATCAATCATG-14-s4d8,GARQ,D11,3,40,40,1,0.54553294,Proerythroblast
ACCAGCTCAGCACCAT-14-s4d8,GARQ,D11,3,40,40,1,0.2241961,Proerythroblast
TCTTCAAGTCAATAGT-14-s4d8,GARQ,D11,3,40,40,12,0.15144974,Naive CD20+ B
CAGGACACATCTAGCA-14-s4d8,GARQ,D11,3,40,40,10,0.1039924,pDC
GCGAAGTAGGCATGTT-14-s4d8,GARQ,D11,3,40,40,33,0.021434665,CD8+ T
ATTGCACAGAAGCTAG-14-s4d8,GARQ,D11,3,40,40,1,0.3178337,Proerythroblast
TACGTTAAGTAACCCG-14-s4d8,GARQ,D11,3,40,40,35,0.10779977,CD4+ T naive
ACAAAGGTCTCCATAT-14-s4d8,GARQ,D11,3,40,40,9,0.002202928,B1 B
GAGGAGGCAATTTAGC-14-s4d8,GARQ,D11,3,40,40,21,0.09425366,CD8+ T
GCTATCCTCTAAGTCA-14-s4d8,GARQ,D11,3,40,40,0,0.03260708,CD8+ T
CCATAATCATCATGGC-14-s4d8,GARQ,D11,3,40,40,23,0.022374392,CD8+ T
CTAACCACAAGTCGCT-14-s4d8,GARQ,D11,3,40,40,13,0.07203162,B1 B
GTATGTTCATAGTCAT-14-s4d8,GARQ,D11,3,40,40,31,0.092505455,Naive CD20+ B
CTAAATGTCCTCATCA-14-s4d8,GARQ,D11,3,40,40,31,0.1955747,Naive CD20+ B
CCGCACACAAAGCTCC-14-s4d8,GARQ,D11,3,40,40,33,0.022246063,Lymph prog
GCAAGTGCATCCTGAA-14-s4d8,GARQ,D11,3,40,40,20,0.13649559,Erythroblast
GTTACGTAGCCACATG-14-s4d8,GARQ,D11,3,40,40,5,0.0032926202,CD8+ T
GTTCCTGGTCCAAATG-14-s4d8,GARQ,D11,3,40,40,36,0.118018985,CD8+ T
ACCCTCCCACAAAGCG-14-s4d8,GARQ,D11,3,40,40,30,0.028588295,CD4+ T activated
TATGACTCACCTGCCT-14-s4d8,GARQ,D11,3,40,40,10,0.06341791,G/M prog
GATGAGGGTTCACCAT-14-s4d8,GARQ,D11,3,40,40,38,0.00015878677,CD8+ T
AAGTAGCCAACAACAA-14-s4d8,GARQ,D11,3,40,40,31,0.267415,HSC
TTGGAGGCACTTACAG-14-s4d8,GARQ,D11,3,40,40,19,0.2553516,CD8+ T
CAAGGTTTCGCTTGCT-14-s4d8,GARQ,D11,3,40,40,39,0.050318897,cDC2
CATAGACTCCATCAGG-14-s4d8,GARQ,D11,3,40,40,21,0.049570322,CD4+ T activated
GCTATCCTCGATAACC-14-s4d8,GARQ,D11,3,40,40,1,0.049264908,Proerythroblast
ACTCAGTAGTAGGCGG-14-s4d8,GARQ,D11,3,40,40,31,0.07562637,Transitional B
TTATTGCTCGAGCAAA-14-s4d8,GARQ,D11,3,40,40,1,0.2752788,Erythroblast
TTAGCGGTCCCGAAGC-14-s4d8,GARQ,D11,3,40,40,31,0.28570867,CD16+ Mono
AGTCCTGAGGCTAAGA-14-s4d8,GARQ,D11,3,40,40,28,0.13706541,Proerythroblast
AAGCTTGGTATTGCAG-14-s4d8,GARQ,D11,3,40,40,1,0.05980587,Proerythroblast
TCGCTAACACAATACT-14-s4d8,GARQ,D11,3,40,40,21,0.066037536,NK
TGGACAAAGGGCCATC-14-s4d8,GARQ,D11,3,40,40,31,0.342834,cDC2
AATCTCAAGACAACGA-14-s4d8,GARQ,D11,3,40,40,31,0.3277247,CD14+ Mono
TGGTGATTCATTATGG-14-s4d8,GARQ,D11,3,40,40,1,0.17521268,Normoblast
CCACACAAGAAAGGAA-14-s4d8,GARQ,D11,3,40,40,10,0.027860641,CD14+ Mono
GTAAGCAAGCTTATGA-14-s4d8,GARQ,D11,3,40,40,3,0.15239775,Naive CD20+ B
CACGCAATCACCAATA-14-s4d8,GARQ,D11,3,40,40,31,0.32723582,CD16+ Mono
CCTGAATAGTACCGCA-14-s4d8,GARQ,D11,3,40,40,21,0.034860373,CD8+ T
TGTAAGTGTAGCCATA-14-s4d8,GARQ,D11,3,40,40,5,0.0023237467,CD8+ T
CTCTAGCTCAGGATGA-14-s4d8,GARQ,D11,3,40,40,5,0.023059368,CD8+ T
GACTAATGTTTAACGG-14-s4d8,GARQ,D11,3,40,40,5,0.11613464,CD8+ T
GTGAACAAGCTGAGGG-14-s4d8,GARQ,D11,3,40,40,21,0.12590027,CD8+ T
TTGATGTCAATCTCTC-14-s4d8,GARQ,D11,3,40,40,28,0.047949374,Proerythroblast
GTTAATGTCGTCAAGT-14-s4d8,GARQ,D11,3,40,40,21,0.10725522,CD8+ T
TTTAAGGTCCTCATGC-14-s4d8,GARQ,D11,3,40,40,6,0.0051527023,CD8+ T
GATGACTTCTGGCATG-14-s4d8,GARQ,D11,3,40,40,0,0.034662724,CD8+ T
GTATTCAAGTTCCTGC-14-s4d8,GARQ,D11,3,40,40,31,0.020692825,Naive CD20+ B
GAGTTGCGTGTTAAAC-14-s4d8,GARQ,D11,3,40,40,16,0.14416146,Lymph prog
GAACGAATCAGGTCCA-14-s4d8,GARQ,D11,3,40,40,24,0.049900383,Lymph prog
TATGTGATCAAGGACA-14-s4d8,GARQ,D11,3,40,40,21,0.011018872,CD8+ T
CACTGACCAATTTGGT-14-s4d8,GARQ,D11,3,40,40,0,0.113872886,CD8+ T
TAGGCTTAGGCTAAGA-14-s4d8,GARQ,D11,3,40,40,21,0.21007705,CD8+ T
TGAGCTTAGGATCACT-14-s4d8,GARQ,D11,3,40,40,1,0.3529663,Erythroblast
TGATCGAGTGCACGCA-14-s4d8,GARQ,D11,3,40,40,35,0.077763975,CD4+ T activated
AATGCAACATCAGCAC-14-s4d8,GARQ,D11,3,40,40,19,0.10828918,NK
GATGCAGCAGAAACGT-14-s4d8,GARQ,D11,3,40,40,31,0.099713326,B1 B
TTTGTTGGTGCCTCAC-14-s4d8,GARQ,D11,3,40,40,30,0.085900426,CD4+ T naive
CGCTGTGCACTGACCG-14-s4d8,GARQ,D11,3,40,40,10,0.07014179,CD14+ Mono
TGTGTGAGTCAACAAT-14-s4d8,GARQ,D11,3,40,40,1,0.38732195,Proerythroblast
AGTCGCATCCTCAGCT-14-s4d8,GARQ,D11,3,40,40,21,0.015416443,CD8+ T
CAAGGCCTCCTAATTC-14-s4d8,GARQ,D11,3,40,40,10,0.021530509,CD14+ Mono
GTGATCAGTCTAACAG-14-s4d8,GARQ,D11,3,40,40,33,0.0036299229,CD8+ T
CTAGCTGAGAATGACG-14-s4d8,GARQ,D11,3,40,40,31,0.09669846,CD16+ Mono
AGCATTTCACCTGCCT-14-s4d8,GARQ,D11,3,40,40,3,0.0599643,Transitional B
GCAATCTAGCTGTAAC-14-s4d8,GARQ,D11,3,40,40,35,0.005881071,CD4+ T activated
TCCTTGCAGAACCTGT-14-s4d8,GARQ,D11,3,40,40,1,0.007195294,Proerythroblast
GAACTTATCATCGTTT-14-s4d8,GARQ,D11,3,40,40,3,0.13367152,Naive CD20+ B
GAGGCTACAGCTAATT-14-s4d8,GARQ,D11,3,40,40,0,0.022203445,B1 B
AATTGACGTTTACCGT-14-s4d8,GARQ,D11,3,40,40,21,0.10267413,CD8+ T
TTCGTGCTCATGCTAA-14-s4d8,GARQ,D11,3,40,40,29,0.010638893,CD4+ T activated
CCTTACTCAGGCTTGT-14-s4d8,GARQ,D11,3,40,40,31,0.09772825,Lymph prog
TAAGCTATCTGCAAAC-14-s4d8,GARQ,D11,3,40,40,35,0.060613632,CD8+ T
ATGTTTGAGTTGCGTG-14-s4d8,GARQ,D11,3,40,40,1,0.17823255,Proerythroblast
GCGGATACACAAGCCT-14-s4d8,GARQ,D11,3,40,40,19,0.0112223625,CD8+ T
CATAATCCAAACCCTA-14-s4d8,GARQ,D11,3,40,40,35,0.1285398,CD4+ T naive
CCCTCATAGCAGGTGG-14-s4d8,GARQ,D11,3,40,40,26,0.101593256,NK
CGAAGTAAGCGATAGA-14-s4d8,GARQ,D11,3,40,40,10,0.10491866,cDC2
TTCACTGTCGGCCATA-14-s4d8,GARQ,D11,3,40,40,16,0.0032923222,B1 B
CATAATCCAACAGCCT-14-s4d8,GARQ,D11,3,40,40,3,0.22085238,Transitional B
AAAGGAGCAAGTTATC-14-s4d8,GARQ,D11,3,40,40,21,0.09519446,CD8+ T
ACCTTGCTCAAGCGCC-14-s4d8,GARQ,D11,3,40,40,21,0.04277897,CD8+ T
AGTCCTTGTTTGAGCA-14-s4d8,GARQ,D11,3,40,40,5,0.09658861,CD8+ T
AGTAATCGTTTGGCGG-14-s4d8,GARQ,D11,3,40,40,5,0.054231167,CD8+ T
ATCGCTTGTAATCACG-14-s4d8,GARQ,D11,3,40,40,20,0.10267544,Normoblast
GTAAAGCCACCGTTCC-14-s4d8,GARQ,D11,3,40,40,0,0.06647098,CD4+ T activated
ACTTATGAGTTGTCTT-14-s4d8,GARQ,D11,3,40,40,35,0.045401096,CD4+ T naive
GTGAACAAGGTATTGC-14-s4d8,GARQ,D11,3,40,40,16,0.024487555,B1 B
TTGGGCGGTTTCCGGC-14-s4d8,GARQ,D11,3,40,40,3,0.01629603,Naive CD20+ B
CTCTAAGCAACTAGCC-14-s4d8,GARQ,D11,3,40,40,22,0.011523187,CD8+ T
ACCTAAATCATGGTTA-14-s4d8,GARQ,D11,3,40,40,3,0.02305311,Transitional B
TCCTTCAAGGACGTAA-14-s4d8,GARQ,D11,3,40,40,9,0.010970771,B1 B
TTTCCACCATTAGCGC-14-s4d8,GARQ,D11,3,40,40,23,0.079526186,NK
TTCCTCAAGTGATTCA-14-s4d8,GARQ,D11,3,40,40,21,0.1143136,CD8+ T
TGCACTTGTAGCTAAT-14-s4d8,GARQ,D11,3,40,40,35,0.042356253,CD8+ T
CCTGTTGGTGTTTGAG-14-s4d8,GARQ,D11,3,40,40,31,0.051567435,Naive CD20+ B
TACTGGCCATCAATCG-14-s4d8,GARQ,D11,3,40,40,21,0.000800848,CD8+ T
GTTCTTGTCATGCTAA-14-s4d8,GARQ,D11,3,40,40,21,0.090649724,CD8+ T
CCATCATGTTAAGTGT-14-s4d8,GARQ,D11,3,40,40,19,0.017592192,NK
TGATCACAGGTAGCTT-14-s4d8,GARQ,D11,3,40,40,31,0.048362672,Naive CD20+ B
GGATTTATCGTTTCCA-14-s4d8,GARQ,D11,3,40,40,35,0.016067505,CD4+ T activated
ATTACCCGTGAGCACT-14-s4d8,GARQ,D11,3,40,40,31,0.10480356,CD16+ Mono
GTAGGAGGTGAGCGAA-14-s4d8,GARQ,D11,3,40,40,7,0.026009321,CD4+ T activated
CGTTGCAAGCCTCTGT-14-s4d8,GARQ,D11,3,40,40,31,0.09592354,cDC2
AACTTAGTCAGCAAGA-14-s4d8,GARQ,D11,3,40,40,13,0.0272533,Naive CD20+ B
CCACACAAGCAACATC-14-s4d8,GARQ,D11,3,40,40,21,0.11231434,CD8+ T
CTATGATCAAGTGTTT-14-s4d8,GARQ,D11,3,40,40,6,0.06316227,CD4+ T naive
TCCTCACAGTTTCCTG-14-s4d8,GARQ,D11,3,40,40,21,0.045636535,CD8+ T
CATTATCTCGTACCGA-14-s4d8,GARQ,D11,3,40,40,5,0.12300205,CD4+ T activated
TAGTTGTCACTTAACG-14-s4d8,GARQ,D11,3,40,40,21,0.034949362,CD8+ T
AACTGTTCACCTGCCT-14-s4d8,GARQ,D11,3,40,40,21,0.118695736,CD8+ T
CTCCTCACAGTGAACG-14-s4d8,GARQ,D11,3,40,40,35,0.06356108,CD8+ T
GTCTAACAGGTCAAAG-14-s4d8,GARQ,D11,3,40,40,21,0.028259754,CD8+ T
GGAACCACAAAGGCCA-14-s4d8,GARQ,D11,3,40,40,22,0.13534677,CD8+ T
GCGAGTGAGGCGAAAC-14-s4d8,GARQ,D11,3,40,40,10,0.0045011044,CD14+ Mono
TTGCTTTAGGTCGAGG-14-s4d8,GARQ,D11,3,40,40,1,0.09313929,Proerythroblast
TCAATCGCACCAAAGG-14-s4d8,GARQ,D11,3,40,40,28,0.0697394,NK
TTGCAACAGACTATTG-14-s4d8,GARQ,D11,3,40,40,1,0.5322683,Proerythroblast
AGGGTTGCACAACAGG-14-s4d8,GARQ,D11,3,40,40,21,0.008915544,CD8+ T
TTGTTCCCACAGAAAC-14-s4d8,GARQ,D11,3,40,40,21,0.025985003,CD8+ T
CTCCAAACACCTGTAA-14-s4d8,GARQ,D11,3,40,40,36,0.19051337,CD8+ T
CAATCCTGTTAGAGCC-14-s4d8,GARQ,D11,3,40,40,22,0.015235424,CD8+ T
AGGATCCGTCATTACC-14-s4d8,GARQ,D11,3,40,40,3,0.06297231,Naive CD20+ B
ACCTTCATCAAACTCA-14-s4d8,GARQ,D11,3,40,40,19,0.014272571,CD8+ T
TACTGCACATTGTGAT-14-s4d8,GARQ,D11,3,40,40,21,0.07796931,CD8+ T
CTACCTCAGCTGTAAC-14-s4d8,GARQ,D11,3,40,40,10,0.15899074,CD14+ Mono
GTCATCACAATTATGC-14-s4d8,GARQ,D11,3,40,40,36,0.032678485,CD8+ T
GCTATTGCATTCAGCA-14-s4d8,GARQ,D11,3,40,40,0,0.00763309,CD8+ T
TCTCAAGCAATATAGG-14-s4d8,GARQ,D11,3,40,40,21,0.0504148,CD8+ T
AGCTACGTCCTCCTAA-14-s4d8,GARQ,D11,3,40,40,31,0.093333006,CD14+ Mono
ACCCGGTAGGGATGCG-14-s4d8,GARQ,D11,3,40,40,5,0.13333178,CD8+ T
AGAGATTAGCACGATT-14-s4d8,GARQ,D11,3,40,40,8,0.002149403,CD8+ T
AAGCTATGTTAATGCG-14-s4d8,GARQ,D11,3,40,40,5,0.031521797,NK
GCCTTAGAGTCAGGCC-14-s4d8,GARQ,D11,3,40,40,31,0.14041507,Naive CD20+ B
GCTTACCTCTCATCAT-14-s4d8,GARQ,D11,3,40,40,31,0.28928924,cDC2
TGTTGTTTCAAACCGT-14-s4d8,GARQ,D11,3,40,40,31,0.14138311,Naive CD20+ B
CGCTTCTAGCTCAAAC-14-s4d8,GARQ,D11,3,40,40,5,0.09358692,CD8+ T
TGGTAAACAACTAGGG-14-s4d8,GARQ,D11,3,40,40,21,0.081097364,CD8+ T
GCCTCCATCTTTGTAC-14-s4d8,GARQ,D11,3,40,40,31,0.12948501,cDC2
TCCGCCATCTTGTCCA-14-s4d8,GARQ,D11,3,40,40,31,0.07292879,Naive CD20+ B
AAGCCACGTGACATAT-14-s4d8,GARQ,D11,3,40,40,31,0.38631725,CD16+ Mono
AGCTATATCTTAGCCC-14-s4d8,GARQ,D11,3,40,40,35,0.021082282,CD8+ T
GCATCCTTCGTTTCGC-14-s4d8,GARQ,D11,3,40,40,31,0.1448828,B1 B
CGGCTAATCCTCAGCT-14-s4d8,GARQ,D11,3,40,40,1,0.3550459,Proerythroblast
AGCTTAATCCCGTTTA-14-s4d8,GARQ,D11,3,40,40,3,0.26704967,Naive CD20+ B
CCTAATCGTCATCCTG-14-s4d8,GARQ,D11,3,40,40,31,0.26363635,CD14+ Mono
GGACTAAAGCAGGTTT-14-s4d8,GARQ,D11,3,40,40,31,0.31610107,CD16+ Mono
TGTTGGCCAGCACCAT-14-s4d8,GARQ,D11,3,40,40,0,0.008391142,CD8+ T
TTGTGTGCAATTGACT-14-s4d8,GARQ,D11,3,40,40,35,0.1245327,CD4+ T activated
ATGGTTATCTTAGGGT-14-s4d8,GARQ,D11,3,40,40,31,0.022906184,Naive CD20+ B
GACACCGGTCCTAATC-14-s4d8,GARQ,D11,3,40,40,1,0.61588705,Proerythroblast
CGGTGAACAAAGCTCC-14-s4d8,GARQ,D11,3,40,40,21,0.13437426,CD8+ T
GGATGTAAGGTAACGA-14-s4d8,GARQ,D11,3,40,40,5,0.029035807,CD8+ T
ATGTTCAAGAAACTGG-14-s4d8,GARQ,D11,3,40,40,10,0.07982814,CD14+ Mono
CAATCGCCAACCTAAT-14-s4d8,GARQ,D11,3,40,40,9,0.09485537,Transitional B
GAGTTTGGTTACTTGC-14-s4d8,GARQ,D11,3,40,40,21,0.13938189,CD8+ T
TTGGAGGCAGTAATAG-14-s4d8,GARQ,D11,3,40,40,16,0.024205983,Plasma cell
GGTTAGCGTATTGGTG-14-s4d8,GARQ,D11,3,40,40,36,0.041332066,CD8+ T
AGCTTCCTCATGTCAA-14-s4d8,GARQ,D11,3,40,40,19,0.07987571,CD8+ T
CTTAGGAGTACCGTTT-14-s4d8,GARQ,D11,3,40,40,3,0.12045741,B1 B
GCTCACAAGGAGGCAT-14-s4d8,GARQ,D11,3,40,40,1,0.3177628,Proerythroblast
CATGCAAGTGAATCGC-14-s4d8,GARQ,D11,3,40,40,35,0.054787755,CD8+ T
ACTATGTCACAATGCC-14-s4d8,GARQ,D11,3,40,40,31,0.04358071,Naive CD20+ B
GGCTGTCAGGTCAAAG-14-s4d8,GARQ,D11,3,40,40,3,0.0707947,Lymph prog
ATTGACTCAGTAGCCT-14-s4d8,GARQ,D11,3,40,40,35,0.30290437,CD8+ T
GGGTGAAGTTCGCGCT-14-s4d8,GARQ,D11,3,40,40,0,0.027142584,CD8+ T
ACGTCCAAGAACAAGT-14-s4d8,GARQ,D11,3,40,40,10,0.085467935,CD14+ Mono
ATGGTGCGTATCTGGA-14-s4d8,GARQ,D11,3,40,40,3,0.43717468,B1 B
CAAACATGTATACTGG-14-s4d8,GARQ,D11,3,40,40,1,0.19963568,Normoblast
CAATAAGCAACACCTA-14-s4d8,GARQ,D11,3,40,40,3,0.12975037,Naive CD20+ B
AATGAAGGTGGTTATG-14-s4d8,GARQ,D11,3,40,40,31,0.16605836,Naive CD20+ B
TCATCCATCCGGGACT-14-s4d8,GARQ,D11,3,40,40,5,0.0006350279,CD8+ T
GATAAAGGTTGTTCAC-14-s4d8,GARQ,D11,3,40,40,19,0.043215513,CD8+ T
TTTGCGGAGGCATTAC-14-s4d8,GARQ,D11,3,40,40,6,0.053996265,CD8+ T
GAAGCTAAGTTGTCAA-14-s4d8,GARQ,D11,3,40,40,1,0.23173279,Proerythroblast
AGAAACCCAGTCTATG-14-s4d8,GARQ,D11,3,40,40,35,0.104809046,CD4+ T naive
TGTCCTTCACAGAACG-14-s4d8,GARQ,D11,3,40,40,7,0.124765456,NK
CTCTCACAGGCCGGAA-14-s4d8,GARQ,D11,3,40,40,35,0.008752465,CD8+ T
GCTTTATTCTCCATGC-14-s4d8,GARQ,D11,3,40,40,21,0.05378115,CD8+ T
GTGCGCAGTTTGTGGA-14-s4d8,GARQ,D11,3,40,40,1,0.09421456,Proerythroblast
CCTAAATCAAATTCGT-14-s4d8,GARQ,D11,3,40,40,0,0.00087451935,CD8+ T
TGGGCATGTACGGTAC-14-s4d8,GARQ,D11,3,40,40,21,0.16329479,CD8+ T
CATAGGTTCATGCATA-14-s4d8,GARQ,D11,3,40,40,33,0.009968042,CD8+ T
TCCAGGTCACGTAATT-14-s4d8,GARQ,D11,3,40,40,5,0.22834373,CD8+ T
ACAGGATCATTGGGAG-14-s4d8,GARQ,D11,3,40,40,36,0.116693616,CD8+ T
AGGATATAGGCTGTGC-14-s4d8,GARQ,D11,3,40,40,5,0.009022951,CD4+ T naive
TAGGAGTCAGCATTAT-14-s4d8,GARQ,D11,3,40,40,5,0.037352562,CD8+ T
GGTACTTAGGCGGGTA-14-s4d8,GARQ,D11,3,40,40,23,0.1394465,NK
CATCCCAGTTGTGACA-14-s4d8,GARQ,D11,3,40,40,1,0.41914403,Proerythroblast
AGTGAACCACTAGCGT-14-s4d8,GARQ,D11,3,40,40,21,0.022574186,CD8+ T
GAAGGAACAGGTATTT-14-s4d8,GARQ,D11,3,40,40,0,0.034681916,CD4+ T activated
GTCTATCGTTTAAAGC-14-s4d8,GARQ,D11,3,40,40,31,0.03566444,B1 B
ACCACACCAGTCTATG-14-s4d8,GARQ,D11,3,40,40,21,0.016230583,CD8+ T
ACGCACGGTGATCAGC-14-s4d8,GARQ,D11,3,40,40,1,0.204914,Proerythroblast
AGCCAGTGTCTCACTG-14-s4d8,GARQ,D11,3,40,40,29,0.0005720854,CD8+ T
TCCAGGTCAGGCATGA-14-s4d8,GARQ,D11,3,40,40,21,0.0052866936,CD8+ T
TGACCAAGTTAGCTGA-14-s4d8,GARQ,D11,3,40,40,21,0.13034773,CD8+ T
CATGGATTCAGGTCCA-14-s4d8,GARQ,D11,3,40,40,5,0.09020269,CD8+ T
AACGGTAAGAGGCTAA-14-s4d8,GARQ,D11,3,40,40,5,0.12259877,NK
TGTTGCACATTTGCTC-14-s4d8,GARQ,D11,3,40,40,21,0.090355396,CD4+ T activated
CGCAATCCATTAGGCC-14-s4d8,GARQ,D11,3,40,40,21,0.017838478,NK
GTTTGCTGTGGATTGC-14-s4d8,GARQ,D11,3,40,40,20,0.057925582,Erythroblast
AGAGAAGCATCCCTCA-14-s4d8,GARQ,D11,3,40,40,1,0.09512335,Proerythroblast
GAGGCAAGTCACCAAA-14-s4d8,GARQ,D11,3,40,40,5,0.040047407,CD8+ T
AACAAAGGTTCGGTAA-14-s4d8,GARQ,D11,3,40,40,35,0.044098854,CD4+ T naive
TCTTTGTAGCCATCAG-14-s4d8,GARQ,D11,3,40,40,19,0.084326506,CD8+ T
TTGCTTTAGCTACTGG-14-s4d8,GARQ,D11,3,40,40,19,0.096894264,NK
AGTAACCTCCATAAGC-14-s4d8,GARQ,D11,3,40,40,10,0.09447205,HSC
TCATACTTCATTAGGC-14-s4d8,GARQ,D11,3,40,40,21,0.020609617,CD8+ T
CAAGTGAAGGTGAAGC-14-s4d8,GARQ,D11,3,40,40,5,0.09773511,CD8+ T
TCAGTAGGTCACGAAC-14-s4d8,GARQ,D11,3,40,40,31,0.07932407,MK/E prog
AGGGCCTTCTTGAGGT-14-s4d8,GARQ,D11,3,40,40,35,0.12744665,CD4+ T activated
AGCGTGCTCTTAGCGG-14-s4d8,GARQ,D11,3,40,40,10,0.30826724,cDC2
ATAGATGCACGGTTTA-14-s4d8,GARQ,D11,3,40,40,21,0.03842926,CD8+ T
CTAACCCTCTTAGGGT-14-s4d8,GARQ,D11,3,40,40,31,0.11926901,CD14+ Mono
GTGGCTTCACAATTAC-14-s4d8,GARQ,D11,3,40,40,1,0.041756034,MK/E prog
GGTATTTCAAGCGATG-14-s4d8,GARQ,D11,3,40,40,0,0.0012511611,CD4+ T activated
CTAATGTCAACACCTA-14-s4d8,GARQ,D11,3,40,40,21,0.085323215,CD8+ T
ACGTTACAGTGTGATC-14-s4d8,GARQ,D11,3,40,40,31,0.054875135,CD14+ Mono
CAATGCCCATACCCGG-14-s4d8,GARQ,D11,3,40,40,23,0.056977868,CD4+ T naive
TGGCCTTTCGATTTGA-14-s4d8,GARQ,D11,3,40,40,1,0.06735897,Proerythroblast
GGGCTAACACAGAAAC-14-s4d8,GARQ,D11,3,40,40,23,0.04559505,CD4+ T activated
TAGTAGGAGCCTGTGA-14-s4d8,GARQ,D11,3,40,40,18,0.11147505,Naive CD20+ B
CCAGTTTGTTGAAGCC-14-s4d8,GARQ,D11,3,40,40,33,0.09877944,CD8+ T
TTTGTCCCATTGTCAG-14-s4d8,GARQ,D11,3,40,40,4,0.0030106306,CD8+ T
TCATACTTCAGGTCCA-14-s4d8,GARQ,D11,3,40,40,29,0.09004754,CD4+ T naive
ACTTGTAAGTTAGTTG-14-s4d8,GARQ,D11,3,40,40,31,0.30603802,CD8+ T
GGTCCATCACAAGCCT-14-s4d8,GARQ,D11,3,40,40,10,0.19763196,CD14+ Mono
GCAATGAAGTTACCGG-14-s4d8,GARQ,D11,3,40,40,31,0.38386112,CD14+ Mono
GATGGCTGTCAAAGGG-14-s4d8,GARQ,D11,3,40,40,21,0.07015574,CD8+ T
CGATCCTTCGAGCAAA-14-s4d8,GARQ,D11,3,40,40,22,0.013625383,CD4+ T naive
GAAAGGCTCATTTGCT-14-s4d8,GARQ,D11,3,40,40,36,0.17119122,CD8+ T
GGTTATGGTGGAGCAA-14-s4d8,GARQ,D11,3,40,40,9,0.2232588,Transitional B
AGTAACACATAAGTTC-14-s4d8,GARQ,D11,3,40,40,30,0.039474785,CD4+ T naive
CATGCATAGTTATGGC-14-s4d8,GARQ,D11,3,40,40,33,0.09965885,NK
ATGGCTAGTTAATGCG-14-s4d8,GARQ,D11,3,40,40,31,0.22381616,Naive CD20+ B
CAAAGCGCAGCCGCTA-14-s4d8,GARQ,D11,3,40,40,5,0.014656663,CD8+ T
CTTCACTCATTAAAGG-14-s4d8,GARQ,D11,3,40,40,1,0.01229924,Proerythroblast
AAACATGCAATTAACC-14-s4d8,GARQ,D11,3,40,40,0,0.02730751,CD8+ T
CATTATGAGCACAGAA-14-s4d8,GARQ,D11,3,40,40,35,0.19344354,CD8+ T
CTTGAACAGTTAGCCG-14-s4d8,GARQ,D11,3,40,40,1,0.21621084,Erythroblast
TGTTAGCAGTCAGTAC-14-s4d8,GARQ,D11,3,40,40,10,0.022313535,Naive CD20+ B
TCCATAAAGGACAACA-14-s4d8,GARQ,D11,3,40,40,29,0.010754347,CD8+ T
TTTAGGATCTAACTGA-14-s4d8,GARQ,D11,3,40,40,21,0.03917253,CD8+ T
GTTCCTTCAATGAGGT-14-s4d8,GARQ,D11,3,40,40,1,0.32785094,Proerythroblast
TGCATTAAGGAACACA-14-s4d8,GARQ,D11,3,40,40,3,0.005186677,Transitional B
TGTTATGAGTCATTTC-14-s4d8,GARQ,D11,3,40,40,19,0.044736624,CD8+ T
GCTAGTGTCCCTGACT-14-s4d8,GARQ,D11,3,40,40,21,0.07164645,CD8+ T
AGCTAAACATTGACAT-14-s4d8,GARQ,D11,3,40,40,7,0.0102911,CD8+ T
CCCTCAGTCTAACTGA-14-s4d8,GARQ,D11,3,40,40,1,0.047527134,Proerythroblast
TCTAAGGGTCCCGGAA-14-s4d8,GARQ,D11,3,40,40,1,0.50020957,Erythroblast
CCGCAAGGTGGTTATG-14-s4d8,GARQ,D11,3,40,40,31,0.07267308,B1 B
CAAACACTCCGCCTCA-14-s4d8,GARQ,D11,3,40,40,15,0.057052642,HSC
GGGCCTAGTTAGACCA-14-s4d8,GARQ,D11,3,40,40,31,0.023853421,B1 B
GTCATCCTCTTAGCCC-14-s4d8,GARQ,D11,3,40,40,35,0.09934473,CD4+ T activated
TCGCGAGGTTCCGGCT-14-s4d8,GARQ,D11,3,40,40,35,0.034758568,CD8+ T
AGAGGAACACAACAGG-14-s4d8,GARQ,D11,3,40,40,0,0.022412658,CD8+ T
CTAACCACATCCAGGT-14-s4d8,GARQ,D11,3,40,40,23,0.0140070915,NK
GCGCAAACACAAGCCT-14-s4d8,GARQ,D11,3,40,40,35,0.07266772,CD4+ T activated
AGGCAATCAACACTTG-14-s4d8,GARQ,D11,3,40,40,35,0.018703818,CD8+ T
GTGTGCGGTTCCGGGA-14-s4d8,GARQ,D11,3,40,40,37,0.012675285,Proerythroblast
GCCTACTTCGCTCCAT-14-s4d8,GARQ,D11,3,40,40,33,0.058660388,CD8+ T
TTGTCCATCTAACCAA-14-s4d8,GARQ,D11,3,40,40,21,0.010302603,CD4+ T naive
TCTAAGGGTAATCGTG-14-s4d8,GARQ,D11,3,40,40,21,0.0023777485,CD8+ T
GATTCATCATCCAGGT-14-s4d8,GARQ,D11,3,40,40,5,0.0090909,CD8+ T
TGTAAAGCAGTTGCGT-14-s4d8,GARQ,D11,3,40,40,35,0.034660578,CD8+ T
ATGGCCGGTTGACTTC-14-s4d8,GARQ,D11,3,40,40,1,0.05522561,Proerythroblast
CGCTTCTAGCACTAGT-14-s4d8,GARQ,D11,3,40,40,10,0.016908169,CD14+ Mono
CATTATGAGGATCACT-14-s4d8,GARQ,D11,3,40,40,2,0.0073041916,CD8+ T
AAAGGCTCAGCAACCT-14-s4d8,GARQ,D11,3,40,40,35,0.01932156,CD4+ T activated
CCTTACTCAAACCTAT-14-s4d8,GARQ,D11,3,40,40,31,0.14752346,cDC2
AACGCCCAGGAGTCGG-14-s4d8,GARQ,D11,3,40,40,37,0.0021829605,Proerythroblast
AGCGCCTAGCCACAAT-14-s4d8,GARQ,D11,3,40,40,21,0.069318414,CD8+ T
CGTATTGCATTGTGGC-14-s4d8,GARQ,D11,3,40,40,1,0.22454667,Proerythroblast
ACGAATCTCACAGACT-14-s4d8,GARQ,D11,3,40,40,4,0.013254046,CD8+ T
GCGGATACAAGCTTAT-14-s4d8,GARQ,D11,3,40,40,3,0.16108978,Transitional B
ATCCATAAGGCTCATG-14-s4d8,GARQ,D11,3,40,40,0,0.03679931,CD4+ T activated
CGTTTCTCAACAGGTG-14-s4d8,GARQ,D11,3,40,40,1,0.28793383,Proerythroblast
ATGCAAACATTGTCAG-14-s4d8,GARQ,D11,3,40,40,7,0.02633369,CD8+ T
CTAGCGGGTAATAACC-14-s4d8,GARQ,D11,3,40,40,35,0.03340274,CD4+ T activated
CTTCACTCACATACTG-14-s4d8,GARQ,D11,3,40,40,3,0.29422045,Naive CD20+ B
GATAAGCCAGTCTATG-14-s4d8,GARQ,D11,3,40,40,0,0.020503283,CD8+ T
CCACTTGGTATCTGGA-14-s4d8,GARQ,D11,3,40,40,5,0.1528598,CD8+ T
GACCTGATCTACTAAG-14-s4d8,GARQ,D11,3,40,40,12,0.023591697,Transitional B
TAAACAGCATAATCGT-14-s4d8,GARQ,D11,3,40,40,5,0.04391122,CD8+ T
GGATAACCATAGCTTG-14-s4d8,GARQ,D11,3,40,40,21,0.092713475,CD8+ T
CCTTCAATCGAGGAAC-14-s4d8,GARQ,D11,3,40,40,39,0.046746492,Naive CD20+ B
CTTATTGGTGCATCGG-14-s4d8,GARQ,D11,3,40,40,36,0.09564948,CD8+ T
GCACTTACATTAAAGG-14-s4d8,GARQ,D11,3,40,40,21,0.034985185,CD8+ T
ACCCGTAAGGAACCAA-14-s4d8,GARQ,D11,3,40,40,10,0.29087508,CD14+ Mono
TAATCCGCACAATACT-14-s4d8,GARQ,D11,3,40,40,5,0.018355131,CD8+ T
CTAGTTGCATTATGAC-14-s4d8,GARQ,D11,3,40,40,1,0.0049260855,Erythroblast
AGGAACGGTGGTTATG-14-s4d8,GARQ,D11,3,40,40,35,0.0017299652,CD4+ T activated
CATCCTGGTTTGCAGA-14-s4d8,GARQ,D11,3,40,40,35,0.004583478,CD4+ T activated
GGTTTAATCGCTCCAT-14-s4d8,GARQ,D11,3,40,40,3,0.13451588,Naive CD20+ B
TGGTTCCTCGTCAAGT-14-s4d8,GARQ,D11,3,40,40,21,0.037656486,CD8+ T
GCGAAGTAGACAAACG-14-s4d8,GARQ,D11,3,40,40,0,0.1389457,CD8+ T
TTGGCTGAGTCAGGCC-14-s4d8,GARQ,D11,3,40,40,5,0.038967133,CD8+ T
GATCAGTTCTGGCAAT-14-s4d8,GARQ,D11,3,40,40,21,0.037773013,CD8+ T
GATGCATTCAGGAACA-14-s4d8,GARQ,D11,3,40,40,21,0.01800847,CD8+ T
TCAGGAGCACCTATAG-14-s4d8,GARQ,D11,3,40,40,21,0.0446949,CD8+ T
TGCAATATCAGTGAAG-14-s4d8,GARQ,D11,3,40,40,21,0.14870572,CD8+ T
TTGTTTGGTTTACGTC-14-s4d8,GARQ,D11,3,40,40,5,0.10049218,CD4+ T activated
ACGTCAAGTTTATTCG-14-s4d8,GARQ,D11,3,40,40,35,0.04857862,CD4+ T naive
GGTCAAGCAATGCCCG-14-s4d8,GARQ,D11,3,40,40,19,0.04362154,CD8+ T
TCCGCCATCATTGTTC-14-s4d8,GARQ,D11,3,40,40,35,0.04862517,CD8+ T
TTGCTTTAGGAAGTAT-14-s4d8,GARQ,D11,3,40,40,31,0.018519282,cDC2
TTCCTCAAGACAAAGT-14-s4d8,GARQ,D11,3,40,40,21,0.012514472,CD8+ T
CCGCAAGGTTACAAAC-14-s4d8,GARQ,D11,3,40,40,22,0.069117665,NK
ACTCACTGTAGACAAA-14-s4d8,GARQ,D11,3,40,40,21,0.100450516,CD4+ T naive
GAGTAATAGGCTGTCA-14-s4d8,GARQ,D11,3,40,40,5,0.03831625,CD8+ T
CGCATTACAAAGGCCA-14-s4d8,GARQ,D11,3,40,40,1,0.4461162,Proerythroblast
CCTACTTCACTTAGGC-14-s4d8,GARQ,D11,3,40,40,10,0.14740491,CD14+ Mono
TTGTAAGTCCCTGGAA-14-s4d8,GARQ,D11,3,40,40,5,0.13407254,CD8+ T
GTTACCTGTGCTCCGT-14-s4d8,GARQ,D11,3,40,40,0,0.056043625,CD8+ T
AGAAACCCATCCAGGT-14-s4d8,GARQ,D11,3,40,40,33,0.009500444,CD4+ T naive
CCAAACCCACCGGTAT-14-s4d8,GARQ,D11,3,40,40,35,0.06380063,CD8+ T
CGTGAGGAGTTATCCT-14-s4d8,GARQ,D11,3,40,40,31,0.034247696,B1 B
GCCTACTTCTAATCCT-14-s4d8,GARQ,D11,3,40,40,35,0.096093655,CD8+ T
ACGACAAAGCCTAACG-14-s4d8,GARQ,D11,3,40,40,16,0.05651927,Transitional B
CAACCCTTCCTAAGGT-14-s4d8,GARQ,D11,3,40,40,21,0.012220025,CD8+ T
GATGCATTCCATCAGG-14-s4d8,GARQ,D11,3,40,40,5,0.016594231,CD8+ T
GCTCATTGTTACTTGC-14-s4d8,GARQ,D11,3,40,40,1,0.38323766,Erythroblast
GCAGGCAAGAAAGGAA-14-s4d8,GARQ,D11,3,40,40,5,0.009292603,CD8+ T
AATGAAGGTCAGGCCA-14-s4d8,GARQ,D11,3,40,40,36,0.041206956,CD8+ T
CACTGACCACTAAGTT-14-s4d8,GARQ,D11,3,40,40,1,0.08286995,Erythroblast
CGATTCCTCGATCAGT-14-s4d8,GARQ,D11,3,40,40,0,0.045694113,CD8+ T
GCTCGATCAATAACCT-14-s4d8,GARQ,D11,3,40,40,21,0.054124475,CD8+ T
TGTAAGCTCCATAAGC-14-s4d8,GARQ,D11,3,40,40,31,0.10427874,Lymph prog
GGTTTAATCGCTCACT-14-s4d8,GARQ,D11,3,40,40,31,0.09294319,G/M prog
CCCTCACCAAGGTCCT-14-s4d8,GARQ,D11,3,40,40,1,0.2855426,Proerythroblast
AACAGGATCGGCTATG-14-s4d8,GARQ,D11,3,40,40,21,0.13942742,CD8+ T
CAGGAAGGTGCTGTAA-14-s4d8,GARQ,D11,3,40,40,3,0.12646914,Transitional B
GAGTGATCACGAATTT-14-s4d8,GARQ,D11,3,40,40,21,0.116191864,CD8+ T
TCCATAAAGGTCCGTA-14-s4d8,GARQ,D11,3,40,40,1,0.34364367,Proerythroblast
TGTGGCTCAAACGCGA-14-s4d8,GARQ,D11,3,40,40,1,0.07620978,Proerythroblast
GATCGCTCAACTAGGG-14-s4d8,GARQ,D11,3,40,40,17,0.011259198,Lymph prog
AATTGCTCACACCAAC-14-s4d8,GARQ,D11,3,40,40,5,0.037905097,CD8+ T
TTAACCAAGCCTTAAA-14-s4d8,GARQ,D11,3,40,40,10,0.16230106,CD14+ Mono
CTATGGCCAAACCCTA-14-s4d8,GARQ,D11,3,40,40,35,0.09556937,CD4+ T activated
GCCTGACAGGTTTACA-14-s4d8,GARQ,D11,3,40,40,0,0.04437828,CD8+ T
TTGAGCTAGCGGTTAT-14-s4d8,GARQ,D11,3,40,40,1,0.13871151,Erythroblast
CTGCTCCCATATAACC-14-s4d8,GARQ,D11,3,40,40,3,0.01326561,Transitional B
ACAACAGAGGAGGACT-14-s4d8,GARQ,D11,3,40,40,5,0.011787176,CD8+ T
GAGTTTGGTTTGACCT-14-s4d8,GARQ,D11,3,40,40,36,0.034822583,NK
GTGTAACTCAGCAAAG-14-s4d8,GARQ,D11,3,40,40,19,0.0074168444,CD8+ T
TCCACAACAGAAATGC-14-s4d8,GARQ,D11,3,40,40,10,0.09942901,cDC2
CAGCATGTCTCAATAG-14-s4d8,GARQ,D11,3,40,40,0,0.075188875,CD8+ T
TGTGGCTCAAAGCTCC-14-s4d8,GARQ,D11,3,40,40,13,0.026706755,B1 B
GGTCGGTTCGTTCACC-14-s4d8,GARQ,D11,3,40,40,19,0.07305807,CD4+ T naive
TCAAGGAAGTACCGCA-14-s4d8,GARQ,D11,3,40,40,19,0.074335575,CD8+ T
TGAGTGAAGCCGCAAC-14-s4d8,GARQ,D11,3,40,40,3,0.06890118,Naive CD20+ B
GAGGCAAGTACCGTTT-14-s4d8,GARQ,D11,3,40,40,8,0.0648222,CD4+ T activated
ACCACACCAGAACCGA-14-s4d8,GARQ,D11,3,40,40,31,0.03502953,Transitional B
TTGGATTCAGGACCTT-14-s4d8,GARQ,D11,3,40,40,31,0.3483801,Lymph prog
GTGCACGGTTTGTGGA-14-s4d8,GARQ,D11,3,40,40,31,0.56835735,G/M prog
TACTTGTTCATTACAG-14-s4d8,GARQ,D11,3,40,40,3,0.061201334,Transitional B
TGAGGCACATGAAATG-14-s4d8,GARQ,D11,3,40,40,31,0.01226905,B1 B
AGCTTCCTCATGACCG-14-s4d8,GARQ,D11,3,40,40,13,0.035013914,Naive CD20+ B
TTTAGCTTCAAAGGCA-14-s4d8,GARQ,D11,3,40,40,35,0.05725503,CD8+ T
CACATACAGGATAAAC-14-s4d8,GARQ,D11,3,40,40,0,0.10114235,NK
AACAAGCCACAATGTT-14-s4d8,GARQ,D11,3,40,40,8,0.036543608,CD4+ T activated
GTTTGTAAGCTTATGA-14-s4d8,GARQ,D11,3,40,40,1,0.14785588,Erythroblast
CTTTGGGAGAAGGTGC-14-s4d8,GARQ,D11,3,40,40,12,0.14906034,Plasma cell
TACAAGCTCGAGCTAT-14-s4d8,GARQ,D11,3,40,40,3,0.014847994,Lymph prog
TAGGAACCAATTATGC-14-s4d8,GARQ,D11,3,40,40,19,0.05004102,CD8+ T
GTGAGGAGTTGCTGGG-14-s4d8,GARQ,D11,3,40,40,21,0.020738602,CD4+ T activated
CTCCGTCCAATTGAAG-14-s4d8,GARQ,D11,3,40,40,10,0.09588456,cDC2
TGCTTCATCTGTGAGT-14-s4d8,GARQ,D11,3,40,40,35,0.11999571,CD4+ T activated
GAAACTGAGTTCCTGC-14-s4d8,GARQ,D11,3,40,40,8,0.029468536,CD4+ T activated
CGCACAATCGACCTGA-14-s4d8,GARQ,D11,3,40,40,5,0.06928587,CD8+ T
TCCAGGTCAATGCGCT-14-s4d8,GARQ,D11,3,40,40,35,0.15109724,CD4+ T activated
GGATACTTCAATCATG-14-s4d8,GARQ,D11,3,40,40,35,0.04459405,CD8+ T
TAGCCGGGTCCTAACT-14-s4d8,GARQ,D11,3,40,40,22,0.09492195,CD8+ T
TCATTGTTCCCTTGCG-14-s4d8,GARQ,D11,3,40,40,5,0.04206395,CD8+ T
GTTGGCCAGGCGGATG-14-s4d8,GARQ,D11,3,40,40,33,0.020260751,CD8+ T
GGCGATACACCTATAG-14-s4d8,GARQ,D11,3,40,40,27,0.058855116,MK/E prog
TCTGTGACAGAATGAC-14-s4d8,GARQ,D11,3,40,40,1,0.1836409,Normoblast
CCTGATGAGCCGCTTT-14-s4d8,GARQ,D11,3,40,40,1,0.4628805,Proerythroblast
ACGAATCTCTGTAATG-14-s4d8,GARQ,D11,3,40,40,0,0.10188639,CD8+ T
GTTAGACTCTTGAGGT-14-s4d8,GARQ,D11,3,40,40,33,0.034050107,CD8+ T
AACCGGCTCAGTATTG-14-s4d8,GARQ,D11,3,40,40,28,0.22907001,Proerythroblast
TACGTTAAGTTAACCA-14-s4d8,GARQ,D11,3,40,40,10,0.08729398,CD14+ Mono
ACACTAATCCCGCAAA-14-s4d8,GARQ,D11,3,40,40,1,0.33909893,Proerythroblast
TCATGCCTCTAATTGG-14-s4d8,GARQ,D11,3,40,40,23,0.13404822,NK
GGTCTTTGTGCTTAGA-14-s4d8,GARQ,D11,3,40,40,1,0.15776843,Proerythroblast
CAGGTTAGTCCTCCAA-14-s4d8,GARQ,D11,3,40,40,10,0.05564934,G/M prog
GAGTTGCGTCATCATC-14-s4d8,GARQ,D11,3,40,40,1,0.5337279,Erythroblast
TTTAACCTCCGGGACT-14-s4d8,GARQ,D11,3,40,40,31,0.56472325,CD14+ Mono
TGATTAGTCTCGCCTG-14-s4d8,GARQ,D11,3,40,40,5,0.018118858,CD8+ T
GCCTTTGGTTCATTTG-14-s4d8,GARQ,D11,3,40,40,31,0.11596918,Lymph prog
GTCTATGCACAGAAAC-14-s4d8,GARQ,D11,3,40,40,21,0.12859833,CD8+ T
CCTTGTTCACTAGCGT-14-s4d8,GARQ,D11,3,40,40,1,0.24236548,Proerythroblast
CTAACCACACTGACTA-14-s4d8,GARQ,D11,3,40,40,0,0.011502862,CD8+ T
CGTTTCTCAGCAACCT-14-s4d8,GARQ,D11,3,40,40,31,0.16939783,CD14+ Mono
CTCGCTCCACGTTACA-14-s4d8,GARQ,D11,3,40,40,3,0.14974105,Transitional B
ATGTTCAAGGTCTTGG-14-s4d8,GARQ,D11,3,40,40,21,0.032897353,CD8+ T
CTTTCTTGTTGGTGAC-14-s4d8,GARQ,D11,3,40,40,35,0.020564914,CD4+ T activated
GGCTGGTTCCAATTAG-14-s4d8,GARQ,D11,3,40,40,1,0.5456263,Erythroblast
GTCAAACTCCAATTAG-14-s4d8,GARQ,D11,3,40,40,31,0.07399881,Transitional B
TCCAGCAAGGTCCAAT-14-s4d8,GARQ,D11,3,40,40,5,0.0065563917,CD8+ T
AATCATCCAGAATGAC-14-s4d8,GARQ,D11,3,40,40,31,0.08016968,Transitional B
AACCTTGCACTGGCCA-14-s4d8,GARQ,D11,3,40,40,12,0.2054311,Transitional B
GATTATGTCAAGTGAG-14-s4d8,GARQ,D11,3,40,40,5,0.0010948181,CD8+ T
AGGTTTGGTCGCAATA-14-s4d8,GARQ,D11,3,40,40,3,0.050286293,Transitional B
TTCCTCAAGGCTAGAA-14-s4d8,GARQ,D11,3,40,40,7,0.049025953,CD8+ T
CAGGAAGGTAGGTGTC-14-s4d8,GARQ,D11,3,40,40,4,0.083595514,CD8+ T
CGTACGGGTTCACTGT-14-s4d8,GARQ,D11,3,40,40,3,0.106080055,Transitional B
TCGATTAAGGCATGTT-14-s4d8,GARQ,D11,3,40,40,37,0.0032738447,Proerythroblast
TAATGGTGTTGGATAT-14-s4d8,GARQ,D11,3,40,40,12,0.07557523,Naive CD20+ B
AGCGGATAGGTTAGCT-14-s4d8,GARQ,D11,3,40,40,0,0.122582436,CD8+ T
GCGATTAGTGTTGTAG-14-s4d8,GARQ,D11,3,40,40,21,0.08984065,CD8+ T
TTTGACTTCACGCGGT-14-s4d8,GARQ,D11,3,40,40,10,0.030008316,cDC2
GGCCTTAAGTTTGTCT-14-s4d8,GARQ,D11,3,40,40,21,0.030380964,CD8+ T
AGAATCGAGCATTAGC-14-s4d8,GARQ,D11,3,40,40,0,0.08305365,CD8+ T
CATGCATAGCTCCTTA-14-s4d8,GARQ,D11,3,40,40,23,0.14184952,NK
TCGTTAGCAATAATCC-14-s4d8,GARQ,D11,3,40,40,1,0.23033607,Proerythroblast
GTTCACCTCACTCAAA-14-s4d8,GARQ,D11,3,40,40,0,0.124108374,NK
GGGTTTGTCCACCTGT-14-s4d8,GARQ,D11,3,40,40,1,0.38368696,Proerythroblast
GGCTAGACAGAGGCTA-14-s4d8,GARQ,D11,3,40,40,21,0.099108696,CD8+ T
GATCAGTTCGAGCTAT-14-s4d8,GARQ,D11,3,40,40,31,0.08442044,CD14+ Mono
CTAGCGGGTCCCGGAA-14-s4d8,GARQ,D11,3,40,40,25,0.022013366,Lymph prog
CTCATCATCATCAGTA-14-s4d8,GARQ,D11,3,40,40,35,0.18159175,CD4+ T activated
ACTAAAGCACAGCCAT-14-s4d8,GARQ,D11,3,40,40,10,0.0698967,Naive CD20+ B
ATATGTCCAACTCGCG-14-s4d8,GARQ,D11,3,40,40,35,0.07217872,CD4+ T naive
TTCGTTAGTTGGTGAC-14-s4d8,GARQ,D11,3,40,40,0,0.08696377,CD4+ T activated
ACTTGCACAGCTTAGC-14-s4d8,GARQ,D11,3,40,40,0,0.0020895004,CD8+ T
CGTTAGGTCGCAAACT-14-s4d8,GARQ,D11,3,40,40,6,0.013072908,CD8+ T
CACATACAGCGAGTAA-14-s4d8,GARQ,D11,3,40,40,10,0.21755108,cDC2
TTAGACTCATCCATCT-14-s4d8,GARQ,D11,3,40,40,21,0.029401064,CD8+ T
CGAACCGGTGTTTGAG-14-s4d8,GARQ,D11,3,40,40,3,0.1184929,Lymph prog
CTTCAATTCACCAATA-14-s4d8,GARQ,D11,3,40,40,3,0.42020583,Naive CD20+ B
CTATGGCCACTGGCTG-14-s4d8,GARQ,D11,3,40,40,33,0.06882894,CD8+ T
AGACAATAGTTATCCT-14-s4d8,GARQ,D11,3,40,40,21,0.056889534,CD8+ T
AAGCATGAGATTCCTT-14-s4d8,GARQ,D11,3,40,40,31,0.24720347,cDC2
TGTTACTTCCACCTGT-14-s4d8,GARQ,D11,3,40,40,21,0.05011654,CD8+ T
TATAGCTCAGATTCAT-14-s4d8,GARQ,D11,3,40,40,21,0.10175717,NK
CTCTAAGCAATTGACT-14-s4d8,GARQ,D11,3,40,40,35,0.013471246,CD4+ T naive
CTGGACCAGTTAGCCG-14-s4d8,GARQ,D11,3,40,40,31,0.016904294,Lymph prog
CTCCGGACAAGGAATC-14-s4d8,GARQ,D11,3,40,40,31,0.073385656,Naive CD20+ B
ATTCATGAGCGCTAAT-14-s4d8,GARQ,D11,3,40,40,19,0.042547464,CD8+ T
AATCCTAAGCAGGCCT-14-s4d8,GARQ,D11,3,40,40,9,0.04349464,Naive CD20+ B
GATGCAGCAACCTGGT-14-s4d8,GARQ,D11,3,40,40,31,0.10196474,B1 B
TGCATCCTCGCAACAT-14-s4d8,GARQ,D11,3,40,40,31,0.08478236,CD14+ Mono
ATATAGGCAACACCTA-14-s4d8,GARQ,D11,3,40,40,3,0.19194704,Plasma cell
CCACACAAGTGAACGA-14-s4d8,GARQ,D11,3,40,40,35,0.007979393,CD4+ T activated
CTGGTTACAAACAACA-14-s4d8,GARQ,D11,3,40,40,0,0.0073144436,CD8+ T
CTGTAACAGGTCGATT-14-s4d8,GARQ,D11,3,40,40,1,0.08304477,Erythroblast
TGCCTGTTCCCTCATA-14-s4d8,GARQ,D11,3,40,40,9,0.011926472,Naive CD20+ B
GTTAAGCTCCTAAGGT-14-s4d8,GARQ,D11,3,40,40,21,0.07069683,CD8+ T
TAAGTAGCACCGTTCC-14-s4d8,GARQ,D11,3,40,40,16,0.074771106,Transitional B
AGTAGCTTCAGGCTAT-14-s4d8,GARQ,D11,3,40,40,36,0.05012685,CD8+ T
CAAGGTTTCACGCATG-14-s4d8,GARQ,D11,3,40,40,3,0.08451587,Naive CD20+ B
GGATGAATCTAGCGAT-14-s4d8,GARQ,D11,3,40,40,28,0.01657772,Proerythroblast
TGAGGGCCACCTCACC-14-s4d8,GARQ,D11,3,40,40,3,0.14231253,Lymph prog
GAAACCCGTTTCGCGC-14-s4d8,GARQ,D11,3,40,40,22,0.045822024,CD4+ T activated
AATAGAGGTGTCACGG-14-s4d8,GARQ,D11,3,40,40,1,0.63059783,Erythroblast
GTAAGCTTCTAAGTCA-14-s4d8,GARQ,D11,3,40,40,31,0.03424394,Naive CD20+ B
ACCAAGCGTCAGGCAT-14-s4d8,GARQ,D11,3,40,40,36,0.0002412796,NK
AAGAATCAGTAACCAC-14-s4d8,GARQ,D11,3,40,40,8,0.05595088,CD8+ T
TCAAGACTCCAATAGC-14-s4d8,GARQ,D11,3,40,40,31,0.13096619,CD14+ Mono
CCTTCGTAGCGAAGTA-14-s4d8,GARQ,D11,3,40,40,5,0.00069975853,CD8+ T
CTAATAGTCAACAAGG-14-s4d8,GARQ,D11,3,40,40,35,0.11455083,CD4+ T activated
TTCAGTTTCACCGGTA-14-s4d8,GARQ,D11,3,40,40,3,0.12110329,Transitional B
AGTAATCGTTGTCATC-14-s4d8,GARQ,D11,3,40,40,31,0.022673368,CD14+ Mono
CGCAATCCAATAACCT-14-s4d8,GARQ,D11,3,40,40,5,0.030305624,CD8+ T
AAGGCCCTCGGTACGC-14-s4d8,GARQ,D11,3,40,40,3,0.023692667,Transitional B
TTGCACACAAAGCTCC-14-s4d8,GARQ,D11,3,40,40,10,0.04685974,CD14+ Mono
ATGCGATTCGTTCACC-14-s4d8,GARQ,D11,3,40,40,36,0.08432853,CD8+ T
TCTTGTCCAGGCCAAA-14-s4d8,GARQ,D11,3,40,40,21,0.02056539,CD8+ T
CTGGCTAAGTTAGACC-14-s4d8,GARQ,D11,3,40,40,29,0.0029699802,CD8+ T
CAGAACCGTCCTAATC-14-s4d8,GARQ,D11,3,40,40,3,0.050941706,B1 B
CGCGATTCAAGGTATA-14-s4d8,GARQ,D11,3,40,40,5,0.017789543,NK
GGTGAGTAGTCAGGCC-14-s4d8,GARQ,D11,3,40,40,22,0.022024393,CD4+ T activated
GGGCATGAGGCAATAG-14-s4d8,GARQ,D11,3,40,40,9,0.070961714,Transitional B
TGAACAACATCCTGAA-14-s4d8,GARQ,D11,3,40,40,31,0.21796376,Transitional B
TGCTTCCAGTCACTAA-14-s4d8,GARQ,D11,3,40,40,33,0.020002723,CD8+ T
TAGGCTGTCCGCAACA-14-s4d8,GARQ,D11,3,40,40,35,0.024927855,CD8+ T
CTCTGTTCAAAGCTCC-14-s4d8,GARQ,D11,3,40,40,21,0.17213821,CD8+ T
GTACTAATCGCCTAAG-14-s4d8,GARQ,D11,3,40,40,1,0.30366683,Normoblast
ACACCTTGTGTCACGG-14-s4d8,GARQ,D11,3,40,40,5,0.021248817,CD4+ T activated
TTTCTTGCATCCATCT-14-s4d8,GARQ,D11,3,40,40,35,0.054358244,CD8+ T
TAATGGACATTAGGTT-14-s4d8,GARQ,D11,3,40,40,31,0.19146723,B1 B
GCCTACTTCGGTAACT-14-s4d8,GARQ,D11,3,40,40,3,0.15062606,Naive CD20+ B
CCAGCTGCACAAAGAC-14-s4d8,GARQ,D11,3,40,40,5,0.03752494,CD8+ T
CTCTCACAGCACTAGT-14-s4d8,GARQ,D11,3,40,40,35,0.094699144,CD8+ T
ACCTGGTCACCTAATG-14-s4d8,GARQ,D11,3,40,40,0,0.15759325,CD8+ T
GTTAACCAGCTCAATA-14-s4d8,GARQ,D11,3,40,40,33,0.032452404,CD8+ T
CTTGTTCCAATCCTAG-14-s4d8,GARQ,D11,3,40,40,21,0.029123783,CD8+ T
GGGTCAACAAGTCGCT-14-s4d8,GARQ,D11,3,40,40,29,0.097042084,CD4+ T naive
CATCAGCCAGTCTAAT-14-s4d8,GARQ,D11,3,40,40,21,0.018159747,NK
TTGCATTTCGATTTGA-14-s4d8,GARQ,D11,3,40,40,3,0.15074122,Plasma cell
ATGACCAGTAGGATTT-14-s4d8,GARQ,D11,3,40,40,1,0.41129047,Erythroblast
TACCTGCTCCTTGCGT-14-s4d8,GARQ,D11,3,40,40,1,0.036828637,Normoblast
AGCTCATAGCATGTCG-14-s4d8,GARQ,D11,3,40,40,21,0.16272187,CD8+ T
CCCGCTTCAACACCTA-14-s4d8,GARQ,D11,3,40,40,3,0.14826834,Transitional B
GTTAATGTCCAACTGG-14-s4d8,GARQ,D11,3,40,40,1,0.1798231,Proerythroblast
TTTCGTCCAGTAGGAT-14-s4d8,GARQ,D11,3,40,40,19,0.0663718,CD8+ T
GTGCTTCTCTAATTGG-14-s4d8,GARQ,D11,3,40,40,21,0.09252691,CD8+ T
TAGCTTAAGGAACCGG-14-s4d8,GARQ,D11,3,40,40,1,0.27051336,Erythroblast
TCAACAATCATGTGGT-14-s4d8,GARQ,D11,3,40,40,39,0.0238446,Naive CD20+ B
GCGGTTATCTCGACCT-14-s4d8,GARQ,D11,3,40,40,9,0.061284184,Transitional B
GAACCAGCAGCACGAA-14-s4d8,GARQ,D11,3,40,40,3,0.014382064,Naive CD20+ B
GTCTAGCCAATTGACT-14-s4d8,GARQ,D11,3,40,40,21,0.08468354,CD8+ T
CGAAGGCCATTGCGTA-14-s4d8,GARQ,D11,3,40,40,10,0.24833822,CD14+ Mono
GTCCTAGAGGCGTAAA-14-s4d8,GARQ,D11,3,40,40,35,0.002933979,CD8+ T
GAGCAAATCTAATCCT-14-s4d8,GARQ,D11,3,40,40,35,0.014945507,CD8+ T
TTTCCGGGTCACACCC-14-s4d8,GARQ,D11,3,40,40,3,0.08471233,Naive CD20+ B
CACCTCAGTTGACTTC-14-s4d8,GARQ,D11,3,40,40,21,0.1349492,CD8+ T
TGCAATATCCATTACT-14-s4d8,GARQ,D11,3,40,40,28,0.027878344,Proerythroblast
TTGGATATCTTTAAGG-14-s4d8,GARQ,D11,3,40,40,1,0.1699583,Erythroblast
CTTCATCCATGGTTAT-14-s4d8,GARQ,D11,3,40,40,15,0.15348923,HSC
AAGCTATGTGCGCGTA-14-s4d8,GARQ,D11,3,40,40,1,0.29167128,Proerythroblast
GAACTTATCCATTACT-14-s4d8,GARQ,D11,3,40,40,0,0.009157777,CD8+ T
ACATTGCAGAATCTCA-14-s4d8,GARQ,D11,3,40,40,35,0.0044908524,CD8+ T
GCGGTTGGTTCACTGT-14-s4d8,GARQ,D11,3,40,40,31,0.24608177,CD14+ Mono
TGATTGCAGTGCTGTG-14-s4d8,GARQ,D11,3,40,40,3,0.018159986,B1 B
TGCTCCGTCAAACCGT-14-s4d8,GARQ,D11,3,40,40,1,0.46142733,Erythroblast
CTACTTAGTGAAACAA-14-s4d8,GARQ,D11,3,40,40,1,0.09852433,Proerythroblast
TTTAACGAGCTCAAAC-14-s4d8,GARQ,D11,3,40,40,35,0.07045245,CD4+ T activated
AGCTACTAGATTCCTT-14-s4d8,GARQ,D11,3,40,40,31,0.09568566,Lymph prog
AGTCCTGAGTTATCTC-14-s4d8,GARQ,D11,3,40,40,3,0.15067077,Naive CD20+ B
CACCGGTAGGGTCTAT-14-s4d8,GARQ,D11,3,40,40,1,0.31248647,Proerythroblast
CTAAGTCAGGTCCTGA-14-s4d8,GARQ,D11,3,40,40,1,0.123385906,Normoblast
GTTCCTTCATTGGGAG-14-s4d8,GARQ,D11,3,40,40,21,0.053567648,CD8+ T
ACATAGCTCTTAATGG-14-s4d8,GARQ,D11,3,40,40,35,0.040994525,CD8+ T
ACTCCTCAGATAACCC-14-s4d8,GARQ,D11,3,40,40,35,0.07910013,CD4+ T activated
CTGATCACAAGGACCA-14-s4d8,GARQ,D11,3,40,40,10,0.033216298,Naive CD20+ B
GCACGCTAGCCTGTGA-14-s4d8,GARQ,D11,3,40,40,1,0.40980172,Erythroblast
CTAACCACACAGAAAC-14-s4d8,GARQ,D11,3,40,40,9,0.1350463,Naive CD20+ B
TCGACAAGTCAATACG-14-s4d8,GARQ,D11,3,40,40,21,0.1570822,CD8+ T
AGTAACCTCCTCACTA-14-s4d8,GARQ,D11,3,40,40,35,0.06075883,CD8+ T
GCAATGAAGGTCCACA-14-s4d8,GARQ,D11,3,40,40,31,0.19899988,HSC
GGAGGTTAGAGGATAT-14-s4d8,GARQ,D11,3,40,40,35,0.08388096,CD4+ T activated
TAGGGTTTCTGTTCAT-14-s4d8,GARQ,D11,3,40,40,3,0.21208417,Naive CD20+ B
GGGTTACGTGCAATGC-14-s4d8,GARQ,D11,3,40,40,3,0.08429527,B1 B
GGCATTAGTGCACGCA-14-s4d8,GARQ,D11,3,40,40,31,0.04106319,CD14+ Mono
TCTCAATTCGAGGTGG-14-s4d8,GARQ,D11,3,40,40,31,0.2133168,Naive CD20+ B
CTTACCTCATGAATCT-14-s4d8,GARQ,D11,3,40,40,20,0.18594974,Erythroblast
GATTCGCCACTGGCCA-14-s4d8,GARQ,D11,3,40,40,31,0.09828019,Naive CD20+ B
GGTCCTGCAATCCTGA-14-s4d8,GARQ,D11,3,40,40,16,0.054451585,B1 B
TTGTTGTTCGAAGTGA-14-s4d8,GARQ,D11,3,40,40,21,0.11111736,CD8+ T
CATTCATTCATTCATC-14-s4d8,GARQ,D11,3,40,40,37,0.03546834,MK/E prog
TGAGGTGCAATCCTGA-14-s4d8,GARQ,D11,3,40,40,1,0.16300797,Proerythroblast
GCAACAGCACAGGGAC-14-s4d8,GARQ,D11,3,40,40,10,0.089668274,CD14+ Mono
TGGCCATCACATAGCC-14-s4d8,GARQ,D11,3,40,40,33,0.06130004,CD4+ T activated
CCTCAGTTCGATTTGA-14-s4d8,GARQ,D11,3,40,40,36,0.05461973,CD4+ T naive
TGCGGTTCACAGGATG-14-s4d8,GARQ,D11,3,40,40,31,0.19824731,Transitional B
TAAACAGCAAGGCCAA-14-s4d8,GARQ,D11,3,40,40,32,0.086566865,CD8+ T
CTGATCACACATAACT-14-s4d8,GARQ,D11,3,40,40,24,0.088387966,MK/E prog
TCTAAGGGTTATGTGG-14-s4d8,GARQ,D11,3,40,40,35,0.2764318,CD8+ T
ATATAGGCATGGAGGC-14-s4d8,GARQ,D11,3,40,40,22,0.14480323,CD8+ T
TTCGTTAGTAACGTGC-14-s4d8,GARQ,D11,3,40,40,3,0.0012575984,Transitional B
CATAGGCGTTCCGGGA-14-s4d8,GARQ,D11,3,40,40,2,0.08451915,CD8+ T
AACAGGATCATGTTTC-14-s4d8,GARQ,D11,3,40,40,31,0.020953178,Naive CD20+ B
TCAGGAGCAGTTTGGC-14-s4d8,GARQ,D11,3,40,40,5,0.057736278,CD8+ T
CCGTTAACAATGCCTA-14-s4d8,GARQ,D11,3,40,40,21,0.022894263,CD8+ T
GCCAATAGTATTGGTG-14-s4d8,GARQ,D11,3,40,40,20,0.098796844,Normoblast
TAACCGGTCTCCTCAA-14-s4d8,GARQ,D11,3,40,40,3,0.05498898,CD4+ T activated
GTGTGCGGTCTAACCT-14-s4d8,GARQ,D11,3,40,40,21,0.031063318,CD8+ T
GTTCACCTCGGTTTCC-14-s4d8,GARQ,D11,3,40,40,5,0.0075398088,NK
AAGCGAATCCCTCTAA-14-s4d8,GARQ,D11,3,40,40,33,0.116063416,CD4+ T naive
GTGTTACAGCTGGAAA-14-s4d8,GARQ,D11,3,40,40,6,0.007793188,CD4+ T activated
CGATTGAGTTGAGGTC-14-s4d8,GARQ,D11,3,40,40,35,0.12560523,CD4+ T activated
GGTCCTGCAGTTTACG-14-s4d8,GARQ,D11,3,40,40,21,0.108398676,CD8+ T
AGTGCGGAGGCTAAGA-14-s4d8,GARQ,D11,3,40,40,1,0.43598652,Proerythroblast
CATCATGCAAGCTAAA-14-s4d8,GARQ,D11,3,40,40,5,0.083939314,CD8+ T
CAAGGGAGTAACGAGG-14-s4d8,GARQ,D11,3,40,40,10,0.25757444,CD14+ Mono
ACGAATCTCCCTGATC-14-s4d8,GARQ,D11,3,40,40,36,0.0077335835,CD8+ T
GAAGGCTAGTTTCCTG-14-s4d8,GARQ,D11,3,40,40,1,0.061376154,Erythroblast
CGGCTCACATATAACC-14-s4d8,GARQ,D11,3,40,40,39,0.036111653,Naive CD20+ B
GCAAGCCTCGTTAAGC-14-s4d8,GARQ,D11,3,40,40,35,0.016075134,CD4+ T naive
CAGGGTGAGTTTGGGT-14-s4d8,GARQ,D11,3,40,40,37,0.019057274,Proerythroblast
GAGGCTACATTGTCAG-14-s4d8,GARQ,D11,3,40,40,31,0.11929917,CD14+ Mono
GCTATCCTCGTTAACA-14-s4d8,GARQ,D11,3,40,40,1,0.19354713,Erythroblast
TAGGCTAGTTAACAGT-14-s4d8,GARQ,D11,3,40,40,21,0.026360989,CD8+ T
AAGTTACGTGCTGTAA-14-s4d8,GARQ,D11,3,40,40,36,0.0036884546,CD8+ T
AGGTTAACAATACTGT-14-s4d8,GARQ,D11,3,40,40,31,0.21567583,B1 B
CCTAGTTGTTTGAGGC-14-s4d8,GARQ,D11,3,40,40,31,0.006474912,Transitional B
GAGCTAGCATTGTTGG-14-s4d8,GARQ,D11,3,40,40,21,0.01435101,CD8+ T
GTAGGCGAGCATGCAT-14-s4d8,GARQ,D11,3,40,40,3,0.080103636,Transitional B
GTCCAGGGTATTGGTG-14-s4d8,GARQ,D11,3,40,40,21,0.090979695,CD8+ T
GCTGAGGAGTGGACAA-14-s4d8,GARQ,D11,3,40,40,21,0.19157934,CD8+ T
CTCACTCAGCCGCAGT-14-s4d8,GARQ,D11,3,40,40,5,0.03406918,CD8+ T
AATATCCCAGTATGTT-14-s4d8,GARQ,D11,3,40,40,31,0.36614037,HSC
CTGCTATGTTCAAGCA-14-s4d8,GARQ,D11,3,40,40,31,0.035385847,Naive CD20+ B
CGCAATTAGGGTTATC-14-s4d8,GARQ,D11,3,40,40,6,0.06435299,NK
GGCTCACAGGCTACAT-14-s4d8,GARQ,D11,3,40,40,35,0.2297616,CD8+ T
TATAGCCAGCCAAATC-14-s4d8,GARQ,D11,3,40,40,5,0.011955857,CD8+ T
CGTAATGGTTACGCGG-14-s4d8,GARQ,D11,3,40,40,10,0.081807375,CD14+ Mono
CCCTCATAGCGAAGTA-14-s4d8,GARQ,D11,3,40,40,22,0.09539533,CD4+ T activated
CGCATATAGGCTGTGC-14-s4d8,GARQ,D11,3,40,40,19,0.012782097,CD8+ T
TCCATCATCTTAGCGG-14-s4d8,GARQ,D11,3,40,40,1,0.4243849,Erythroblast
TTTAGCAAGTCAATTG-14-s4d8,GARQ,D11,3,40,40,31,0.12484139,Transitional B
TTGGATATCCAAGTTA-14-s4d8,GARQ,D11,3,40,40,9,0.010922551,Transitional B
ACAGGTAAGCCATCAG-14-s4d8,GARQ,D11,3,40,40,21,0.1694367,NK
GTGTAACTCGAAGTGA-14-s4d8,GARQ,D11,3,40,40,1,0.70780396,Erythroblast
GGCGCTAGTCGCAATA-14-s4d8,GARQ,D11,3,40,40,3,0.09253681,Transitional B
CAATGAACAACAGCCT-14-s4d8,GARQ,D11,3,40,40,21,0.05946231,CD8+ T
ATTAGCTCACTTACAG-14-s4d8,GARQ,D11,3,40,40,8,0.09086776,NK
TTGTCCGGTCACGAAC-14-s4d8,GARQ,D11,3,40,40,31,0.023473382,Naive CD20+ B
CCCAAATAGAAAGCAT-14-s4d8,GARQ,D11,3,40,40,0,0.009871244,CD4+ T naive
GCCAATAGTTAAGGTT-14-s4d8,GARQ,D11,3,40,40,35,0.056518197,CD8+ T
TCAGTAGGTAGTTGGC-14-s4d8,GARQ,D11,3,40,40,16,0.05235088,Transitional B
ACTGAAACAATCCTAG-14-s4d8,GARQ,D11,3,40,40,3,0.07090199,Naive CD20+ B
GTGCTCAAGCATGACT-14-s4d8,GARQ,D11,3,40,40,31,0.09181732,Transitional B
GTTTGTTTCTTTAAGG-14-s4d8,GARQ,D11,3,40,40,30,0.052965164,CD8+ T
TCCCGGACAGTTTCTC-14-s4d8,GARQ,D11,3,40,40,10,0.08876896,cDC2
TCCTGGTTCCGCAAAT-14-s4d8,GARQ,D11,3,40,40,35,0.0466097,CD8+ T
GAGCAAGGTACTTAGG-14-s4d8,GARQ,D11,3,40,40,21,0.07315302,NK
GGTTATATCTGCAACG-14-s4d8,GARQ,D11,3,40,40,31,0.13273692,Lymph prog
AGTTATGTCCTGAATA-14-s4d8,GARQ,D11,3,40,40,5,0.077156186,CD8+ T
GAGTGTTTCCTACCTA-14-s4d8,GARQ,D11,3,40,40,21,0.011536717,CD8+ T
TGGCGGTTCCTGATTT-14-s4d8,GARQ,D11,3,40,40,31,0.027358651,Lymph prog
ACTAATCCAAGGTGCA-14-s4d8,GARQ,D11,3,40,40,33,0.08524668,CD8+ T
ATATGGTGTTAACGAT-14-s4d8,GARQ,D11,3,40,40,9,0.0640592,Naive CD20+ B
CGAACAAAGTTCCTGC-14-s4d8,GARQ,D11,3,40,40,21,0.043312192,CD4+ T naive
TTAGACTCATTAGGCC-14-s4d8,GARQ,D11,3,40,40,35,0.0005532503,NK
TCGCATTGTGAGACTC-14-s4d8,GARQ,D11,3,40,40,31,0.22675407,B1 B
GGAAGTATCTCCTCAA-14-s4d8,GARQ,D11,3,40,40,3,0.26302463,Transitional B
AGTAGCTTCTCCATAT-14-s4d8,GARQ,D11,3,40,40,31,0.1450758,Transitional B
AAGCGAATCGATTATG-14-s4d8,GARQ,D11,3,40,40,31,0.054172575,CD16+ Mono
GAGTAATAGTAGCTTA-14-s4d8,GARQ,D11,3,40,40,35,0.025247693,CD8+ T
CCGATGCAGCCAAATC-14-s4d8,GARQ,D11,3,40,40,10,0.22412348,CD14+ Mono
TATCGCGAGGACACTT-14-s4d8,GARQ,D11,3,40,40,0,0.04327655,CD8+ T
TGATCACAGGACCTCA-14-s4d8,GARQ,D11,3,40,40,0,0.083131194,CD8+ T
TCGCGCACAGTAAGTA-14-s4d8,GARQ,D11,3,40,40,5,0.051637053,CD8+ T
GGAACCTGTTGTTGTC-14-s4d8,GARQ,D11,3,40,40,21,0.1138711,CD8+ T
TCCATCATCATCCACC-14-s4d8,GARQ,D11,3,40,40,3,0.06616986,Lymph prog
CTTCATCCAGGTTATT-14-s4d8,GARQ,D11,3,40,40,21,0.103655815,CD8+ T
TTGCGAGTCGCTAAAC-14-s4d8,GARQ,D11,3,40,40,21,0.025078654,NK
TCATCCATCCAGCACA-14-s4d8,GARQ,D11,3,40,40,21,0.07134771,CD8+ T
TAGGCTAGTAGGTTAT-14-s4d8,GARQ,D11,3,40,40,5,0.031122804,CD8+ T
TTGGATTCAGGAACAT-14-s4d8,GARQ,D11,3,40,40,31,0.32826638,CD16+ Mono
CGCTCCATCACGCATG-14-s4d8,GARQ,D11,3,40,40,3,0.08968103,B1 B
CGCAATGTCGATAACC-14-s4d8,GARQ,D11,3,40,40,3,0.061052203,B1 B
CTCGCTAGTTAGGCGT-14-s4d8,GARQ,D11,3,40,40,5,0.012791395,NK
GACCTCAAGCTAAGTC-14-s4d8,GARQ,D11,3,40,40,31,0.19308543,CD14+ Mono
CCTAATAAGGGACCTC-14-s4d8,GARQ,D11,3,40,40,0,0.05875981,CD8+ T
TGGGCATGTAGTAAGA-14-s4d8,GARQ,D11,3,40,40,5,0.017808199,CD8+ T
GACTTGGTCGCAACAT-14-s4d8,GARQ,D11,3,40,40,33,0.018157363,CD8+ T
AATCATCCAGAGAGCC-14-s4d8,GARQ,D11,3,40,40,1,0.27510738,Proerythroblast
TGCTTGCTCCTAAGTA-14-s4d8,GARQ,D11,3,40,40,16,0.008043408,Naive CD20+ B
GGGTCACTCCAGGTCA-14-s4d8,GARQ,D11,3,40,40,1,0.41903424,Proerythroblast
GGACATAAGGTCCACA-14-s4d8,GARQ,D11,3,40,40,24,0.0109348595,MK/E prog
CTACCTCAGATTCCTT-14-s4d8,GARQ,D11,3,40,40,23,0.053260207,CD8+ T
TACGTACAGTTCCTGC-14-s4d8,GARQ,D11,3,40,40,0,0.06535995,CD4+ T activated
GCGGATACATGGTTAT-14-s4d8,GARQ,D11,3,40,40,35,0.08839309,CD4+ T activated
GCTTTGTGTCTAACCT-14-s4d8,GARQ,D11,3,40,40,35,0.05938506,CD8+ T
GTAAGCGCAGATTCAT-14-s4d8,GARQ,D11,3,40,40,35,0.1701194,CD4+ T naive
AATGGCGCAGCCTAAC-14-s4d8,GARQ,D11,3,40,40,19,0.022405505,CD8+ T
ACGGGAAGTAAAGCAA-14-s4d8,GARQ,D11,3,40,40,10,0.27466774,CD14+ Mono
TTTAGCTTCACGCGGT-14-s4d8,GARQ,D11,3,40,40,3,0.023940742,B1 B
AGCCTCCGTAGTAAGA-14-s4d8,GARQ,D11,3,40,40,5,0.094839334,CD8+ T
GCTAAGAAGAAGGTGC-14-s4d8,GARQ,D11,3,40,40,35,0.040261507,CD8+ T
GATCAGGCAATTTGGT-14-s4d8,GARQ,D11,3,40,40,12,0.043516517,B1 B
ATGTAACGTAGTTGGC-14-s4d8,GARQ,D11,3,40,40,22,0.006409526,B1 B
CTCCAAACAACTAGGG-14-s4d8,GARQ,D11,3,40,40,21,0.06961405,CD8+ T
GCTCGATCAAACCTTG-14-s4d8,GARQ,D11,3,40,40,1,0.11139637,Proerythroblast
TCTTAGTTCCATCAGG-14-s4d8,GARQ,D11,3,40,40,10,0.18574858,CD14+ Mono
AGGCAGGTCTAATCCT-14-s4d8,GARQ,D11,3,40,40,33,0.06180334,CD8+ T
TATGGTCAGCGAGGTG-14-s4d8,GARQ,D11,3,40,40,19,0.03768134,CD8+ T
AGAATCTGTTGTCCAT-14-s4d8,GARQ,D11,3,40,40,1,0.0021204948,Proerythroblast
GCCAACATCATGCTCC-14-s4d8,GARQ,D11,3,40,40,31,0.3726545,MK/E prog
CATTTGTTCGTTATAG-14-s4d8,GARQ,D11,3,40,40,19,0.027864695,CD8+ T
AGACCCGGTTTGTTGC-14-s4d8,GARQ,D11,3,40,40,19,0.0058523417,CD4+ T activated
GCGCAAACATCCTAGA-14-s4d8,GARQ,D11,3,40,40,23,0.043578386,Plasma cell
AGTCGCATCACCAATA-14-s4d8,GARQ,D11,3,40,40,35,0.08058429,CD4+ T activated
CCTAATCGTCATGCAA-14-s4d8,GARQ,D11,3,40,40,10,0.09917927,HSC
CGCAATGTCACTCGCT-14-s4d8,GARQ,D11,3,40,40,28,0.0028797388,Proerythroblast
ACACCTTGTATGTGGC-14-s4d8,GARQ,D11,3,40,40,33,0.038327098,CD8+ T
AGCTAAACAGCGCTTG-14-s4d8,GARQ,D11,3,40,40,19,0.05666232,CD8+ T
ATAGGTACACAAAGGT-14-s4d8,GARQ,D11,3,40,40,35,0.061156034,CD8+ T
CTGCTCCCAAAGCTCC-14-s4d8,GARQ,D11,3,40,40,3,0.0690794,Lymph prog
CTGCAATAGCATGGTT-14-s4d8,GARQ,D11,3,40,40,31,0.05216849,Transitional B
TTCATCCCAAGCGATG-14-s4d8,GARQ,D11,3,40,40,19,0.13634193,CD8+ T
AAGGAAGCATAGACCC-14-s4d8,GARQ,D11,3,40,40,1,0.28179246,Normoblast
GTGTAACTCTCGACCT-14-s4d8,GARQ,D11,3,40,40,31,0.019100904,Lymph prog
ACAGGAATCTTAGCCC-14-s4d8,GARQ,D11,3,40,40,31,0.051475048,Naive CD20+ B
GTTTGTCGTTCCTGTG-14-s4d8,GARQ,D11,3,40,40,5,0.10505903,CD8+ T
TGAGGCACAGCATTAT-14-s4d8,GARQ,D11,3,40,40,33,0.0041509867,CD8+ T
GGTAGGAGTGGACCTG-14-s4d8,GARQ,D11,3,40,40,31,0.005586028,Transitional B
AGCTAGTTCGTCCTTA-14-s4d8,GARQ,D11,3,40,40,0,0.035677552,CD4+ T activated
CAATGTGGTATACTGG-14-s4d8,GARQ,D11,3,40,40,1,0.32556403,Proerythroblast
GGTTACCCAGTCTAGC-14-s4d8,GARQ,D11,3,40,40,22,0.0587703,CD4+ T naive
GCGAAGCCAGGACCAA-14-s4d8,GARQ,D11,3,40,40,31,0.06228733,Transitional B
AGGAAACGTTAACGAT-14-s4d8,GARQ,D11,3,40,40,31,0.15059042,Naive CD20+ B
CTGTAACAGTAGGCGG-14-s4d8,GARQ,D11,3,40,40,29,0.051405787,CD8+ T
GCCTATTGTGACCTGG-14-s4d8,GARQ,D11,3,40,40,31,0.17698455,Transitional B
ACTGAATGTTGCCTCA-14-s4d8,GARQ,D11,3,40,40,19,0.0352993,CD8+ T
GTTGGAGCAAAGGTAC-14-s4d8,GARQ,D11,3,40,40,3,0.14727753,B1 B
GCGCGATTCTTAGCCC-14-s4d8,GARQ,D11,3,40,40,3,0.4028803,Naive CD20+ B
TCCTCTAAGCATCCAG-14-s4d8,GARQ,D11,3,40,40,3,0.047080874,Naive CD20+ B
GAGAACCAGGATCCGC-14-s4d8,GARQ,D11,3,40,40,31,0.3675599,CD14+ Mono
CGAAATGAGTCCTGAG-14-s4d8,GARQ,D11,3,40,40,3,0.32648182,Naive CD20+ B
AACAGCAAGTAACCCG-14-s4d8,GARQ,D11,3,40,40,38,0.089826465,CD8+ T
GATGCTTAGGAACGCG-14-s4d8,GARQ,D11,3,40,40,9,0.10701552,MK/E prog
AGAATCGAGGGACGCA-14-s4d8,GARQ,D11,3,40,40,31,0.08299065,Naive CD20+ B
GATAGACCACGTTACA-14-s4d8,GARQ,D11,3,40,40,21,0.056931853,CD8+ T
GCCCAAATCATGAAGG-14-s4d8,GARQ,D11,3,40,40,1,0.16929662,Proerythroblast
ACCATTAAGAATCTCA-14-s4d8,GARQ,D11,3,40,40,9,0.09901804,NK
GCTGACCAGCAGGCCT-14-s4d8,GARQ,D11,3,40,40,5,0.05904126,CD8+ T
CAAGGTTTCCTAGTCC-14-s4d8,GARQ,D11,3,40,40,35,0.04628694,CD8+ T
TCGGTAAGTTGGTTCT-14-s4d8,GARQ,D11,3,40,40,17,0.10711634,Naive CD20+ B
TAACCAGGTAAGCTTG-14-s4d8,GARQ,D11,3,40,40,21,0.05798006,CD8+ T
GGAACCACACCTAATG-14-s4d8,GARQ,D11,3,40,40,21,0.18060923,CD8+ T
AGCCTAAGTGCTTTAC-14-s4d8,GARQ,D11,3,40,40,33,0.026919007,CD8+ T
GTTAACGGTACCGAAC-14-s4d8,GARQ,D11,3,40,40,31,0.27494216,B1 B
CCCTAATGTGGGAACA-14-s4d8,GARQ,D11,3,40,40,31,0.084438145,Transitional B
CTCCGTCCACCTCACC-14-s4d8,GARQ,D11,3,40,40,16,0.050789237,Naive CD20+ B
TTTGTGTTCGCACACA-14-s4d8,GARQ,D11,3,40,40,10,0.03593409,Transitional B
GGCTATGTCCTCACTA-14-s4d8,GARQ,D11,3,40,40,21,0.020660639,CD8+ T
CTCGCTCCAGCACGAA-14-s4d8,GARQ,D11,3,40,40,31,0.09112418,Naive CD20+ B
GTCGCAATCTTGATGA-14-s4d8,GARQ,D11,3,40,40,31,0.028648734,Naive CD20+ B
CAAACAACAATGCGCT-14-s4d8,GARQ,D11,3,40,40,1,0.5152195,Proerythroblast
CATGCATAGCATTAGC-14-s4d8,GARQ,D11,3,40,40,5,0.00059711933,CD8+ T
CTGTAACAGGCCATCA-14-s4d8,GARQ,D11,3,40,40,19,0.08301902,CD8+ T
CGATTATCAAACCTAT-14-s4d8,GARQ,D11,3,40,40,35,0.04931891,CD8+ T
CCTAATCGTACCGAAC-14-s4d8,GARQ,D11,3,40,40,33,0.084201336,B1 B
AATACCGGTTGCCTCA-14-s4d8,GARQ,D11,3,40,40,10,0.16827935,CD16+ Mono
TCCTTTACAAGTGTCC-14-s4d8,GARQ,D11,3,40,40,5,0.021456718,CD8+ T
CTCCAACTCAGCCAAT-14-s4d8,GARQ,D11,3,40,40,21,0.0035327673,CD8+ T
GTAGGAGGTGCCGCAA-14-s4d8,GARQ,D11,3,40,40,33,0.032384634,B1 B
GTCATCACAATCGCAC-14-s4d8,GARQ,D11,3,40,40,31,0.12972075,Lymph prog
TGAGCAAAGCTCCTTA-14-s4d8,GARQ,D11,3,40,40,19,0.058183312,CD8+ T
CAGAATCTCACGAATC-14-s4d8,GARQ,D11,3,40,40,21,0.1058079,CD8+ T
GGGTCAACATTAAGTC-14-s4d8,GARQ,D11,3,40,40,22,0.07803869,CD4+ T activated
GAGCCTTCACTTAGGC-14-s4d8,GARQ,D11,3,40,40,21,0.0003106594,CD8+ T
CCGCACACAGCTACGT-14-s4d8,GARQ,D11,3,40,40,3,0.17973477,B1 B
AACTGTTCATAATCCG-14-s4d8,GARQ,D11,3,40,40,35,0.06432986,CD8+ T
CGATTATCAACCTAAT-14-s4d8,GARQ,D11,3,40,40,13,0.07182741,Lymph prog
AGCTAACTCTCAATAG-14-s4d8,GARQ,D11,3,40,40,35,0.014338195,CD8+ T
GGTTAATGTAATAGCT-14-s4d8,GARQ,D11,3,40,40,8,0.0048810244,CD4+ T activated
AGTAACCTCCCTGATC-14-s4d8,GARQ,D11,3,40,40,10,0.22601569,CD14+ Mono
TAAGGCTTCGCTATAA-14-s4d8,GARQ,D11,3,40,40,36,0.039052248,CD8+ T
TTCCTTCTCAAGCTAC-14-s4d8,GARQ,D11,3,40,40,35,0.07755554,CD8+ T
ATTGCTCGTGAGACTC-14-s4d8,GARQ,D11,3,40,40,31,0.45987213,CD8+ T
GCCTTAACAATAGCCC-14-s4d8,GARQ,D11,3,40,40,35,0.17259979,CD4+ T activated
GTCATTAAGGCTATGT-14-s4d8,GARQ,D11,3,40,40,21,0.16883373,CD8+ T
GTCTATCGTTACATCC-14-s4d8,GARQ,D11,3,40,40,35,0.018592715,CD4+ T activated
CCTGTAACAGGAAGCC-14-s4d8,GARQ,D11,3,40,40,19,0.1296823,CD8+ T
GTTTCTAGTTCATTTG-14-s4d8,GARQ,D11,3,40,40,3,0.0632824,Naive CD20+ B
CTAGTAGGTGTCCTGC-14-s4d8,GARQ,D11,3,40,40,35,0.14642942,CD4+ T activated
GTTACGCCAGTAGGTG-14-s4d8,GARQ,D11,3,40,40,9,0.08464074,B1 B
ACCACATAGCTAATTG-14-s4d8,GARQ,D11,3,40,40,21,0.13445163,CD4+ T activated
CTCTAAGCACAACAAA-14-s4d8,GARQ,D11,3,40,40,0,0.004317522,CD8+ T
AGGTCATTCCCGCCTA-14-s4d8,GARQ,D11,3,40,40,31,0.34886408,cDC2
GCTAAGAAGAGGAAGG-14-s4d8,GARQ,D11,3,40,40,35,0.018107533,CD4+ T activated
GTCTAATCACCTGTAA-14-s4d8,GARQ,D11,3,40,40,31,0.033388138,cDC2
GCTTGTTGTCACGGAT-14-s4d8,GARQ,D11,3,40,40,3,0.21532726,Transitional B
TTTGTTGGTGGACCTG-14-s4d8,GARQ,D11,3,40,40,3,0.21833277,B1 B
CCAACCCGTTGTAACG-14-s4d8,GARQ,D11,3,40,40,6,0.025747716,CD8+ T
ACTTGTAAGGACAACA-14-s4d8,GARQ,D11,3,40,40,35,0.098327756,CD4+ T activated
CTTACCTCAATAGTCT-14-s4d8,GARQ,D11,3,40,40,35,0.060985684,CD8+ T
GAGGCCTTCACATTGA-14-s4d8,GARQ,D11,3,40,40,8,0.00685668,CD8+ T
GTTACTAAGGGATGAC-14-s4d8,GARQ,D11,3,40,40,6,0.0039299726,CD4+ T activated
GGACATAAGTGTTGCG-14-s4d8,GARQ,D11,3,40,40,31,0.13015771,Transitional B
GAGCTTAGTAAGTCGC-14-s4d8,GARQ,D11,3,40,40,16,0.0061805844,Transitional B
AGGACTAAGATGGAGC-14-s4d8,GARQ,D11,3,40,40,31,0.0004863739,CD14+ Mono
CGGTTCCGTTCACCCA-14-s4d8,GARQ,D11,3,40,40,31,0.119948626,Transitional B
CGAAGCCTCCTGCGAA-14-s4d8,GARQ,D11,3,40,40,23,0.073904276,CD8+ T
CTACTTAGTTACAAAC-14-s4d8,GARQ,D11,3,40,40,21,0.093814015,CD8+ T
TCACATAAGAACCTGT-14-s4d8,GARQ,D11,3,40,40,35,0.115002036,CD4+ T activated
TGAGTTTCATTAGGTT-14-s4d8,GARQ,D11,3,40,40,23,0.10897231,CD8+ T
CTTATGTTCCGTTAAA-14-s4d8,GARQ,D11,3,40,40,35,0.05910337,CD8+ T
TGCGCAGGTAATAACC-14-s4d8,GARQ,D11,3,40,40,21,0.09436667,CD8+ T
TTATAGCCACATTGCA-14-s4d8,GARQ,D11,3,40,40,23,0.0045268536,CD8+ T
TTGTCCGGTAGCTAAT-14-s4d8,GARQ,D11,3,40,40,23,0.011980891,CD8+ T
ATATGGTGTTAGCAGC-14-s4d8,GARQ,D11,3,40,40,21,0.014019012,CD4+ T activated
CTTTCTTGTCGCGCAA-14-s4d8,GARQ,D11,3,40,40,7,0.02511102,NK
GTGTGCGGTGAGCAAG-14-s4d8,GARQ,D11,3,40,40,31,0.17754984,CD14+ Mono
ATAGATGCAATATACC-14-s4d8,GARQ,D11,3,40,40,21,0.067110896,CD8+ T
CATAACGGTGTTCCCA-14-s4d8,GARQ,D11,3,40,40,17,0.058183044,B1 B
CGTCAATAGATGGACA-14-s4d8,GARQ,D11,3,40,40,12,0.09797007,Naive CD20+ B
ATGACAACACAAACTT-14-s4d8,GARQ,D11,3,40,40,24,0.043795645,HSC
TTGTGAGGTCAAGTAT-14-s4d8,GARQ,D11,3,40,40,6,0.06799662,CD4+ T activated
GTGCCTTTCCCGCAAA-14-s4d8,GARQ,D11,3,40,40,1,0.09270024,Proerythroblast
AGGACTAAGAAGCTAG-14-s4d8,GARQ,D11,3,40,40,21,0.19034863,CD8+ T
GAACCGCTCCGTGACA-14-s4d8,GARQ,D11,3,40,40,21,0.0065550804,CD8+ T
TGCTTAAAGACAACAG-14-s4d8,GARQ,D11,3,40,40,16,0.040191293,Naive CD20+ B
AGCCTGGGTAAACAAG-14-s4d8,GARQ,D11,3,40,40,22,0.08331317,CD8+ T
TAAACAGCACCTGCCT-14-s4d8,GARQ,D11,3,40,40,1,0.061011374,Proerythroblast
AGTCCTTGTAACTACG-14-s4d8,GARQ,D11,3,40,40,31,0.14127207,cDC2
ATCAATCCATAGCAGG-14-s4d8,GARQ,D11,3,40,40,8,0.08798003,CD8+ T
GTACTTAAGGTTAGCT-14-s4d8,GARQ,D11,3,40,40,1,0.045871854,MK/E prog
CTTAGTTTCACGAATC-14-s4d8,GARQ,D11,3,40,40,0,0.07016015,CD8+ T
TCATTGTTCTTGCAGG-14-s4d8,GARQ,D11,3,40,40,21,0.153054,CD8+ T
CCGATGCAGGTAAGCA-14-s4d8,GARQ,D11,3,40,40,9,0.046834648,Lymph prog
CTTAGGAGTTAGAGCC-14-s4d8,GARQ,D11,3,40,40,29,0.093969464,CD4+ T activated
GTTGGAGCATTGTCAG-14-s4d8,GARQ,D11,3,40,40,3,0.11574268,Lymph prog
CTTGCATGTCATAGAT-14-s4d8,GARQ,D11,3,40,40,31,0.07296252,Transitional B
TGTAAGTGTTGGCGTG-14-s4d8,GARQ,D11,3,40,40,10,0.120149136,CD14+ Mono
GCCTCAAAGACTCGCA-14-s4d8,GARQ,D11,3,40,40,3,0.14508837,Naive CD20+ B
CGATATTCAGGAACAT-14-s4d8,GARQ,D11,3,40,40,0,0.09672636,CD8+ T
ACCAGGCTCGGTACGC-14-s4d8,GARQ,D11,3,40,40,3,0.002285242,CD4+ T activated
GCATATATCCTAAGTA-14-s4d8,GARQ,D11,3,40,40,5,0.026892304,CD8+ T
AGCGGATAGGTAACGA-14-s4d8,GARQ,D11,3,40,40,22,0.0021054745,CD8+ T
CGCTACTTCAGTTCCC-14-s4d8,GARQ,D11,3,40,40,1,0.2940383,Proerythroblast
CGCTCAGCAGGCCAAA-14-s4d8,GARQ,D11,3,40,40,29,0.009921908,CD8+ T
TTCGGTACACGGTACT-14-s4d8,GARQ,D11,3,40,40,35,0.05540359,CD4+ T activated
GCCTGCTGTGGTTCTT-14-s4d8,GARQ,D11,3,40,40,6,0.034708798,CD8+ T
AACGCCCAGGTGCTGC-14-s4d8,GARQ,D11,3,40,40,1,0.11507875,Proerythroblast
GTGGACACAAGGGTTG-14-s4d8,GARQ,D11,3,40,40,5,0.030380249,CD8+ T
TCTAGCACATTATGCG-14-s4d8,GARQ,D11,3,40,40,9,0.10156977,Naive CD20+ B
TACTCAAAGGATTGAG-14-s4d8,GARQ,D11,3,40,40,6,0.10481238,CD8+ T
TCCTTAGTCCTGGTGA-14-s4d8,GARQ,D11,3,40,40,1,0.14790517,Proerythroblast
AAATGCCTCATTAGGC-14-s4d8,GARQ,D11,3,40,40,23,0.109597564,CD8+ T
ACCAGCTCATCATGTG-14-s4d8,GARQ,D11,3,40,40,35,0.051333785,CD4+ T activated
TGGCCTTTCCCTGGTT-14-s4d8,GARQ,D11,3,40,40,1,0.21354103,Proerythroblast
AAAGCTTGTTGCAATG-14-s4d8,GARQ,D11,3,40,40,33,0.09146994,CD8+ T
AGGGCTACACAATGCC-14-s4d8,GARQ,D11,3,40,40,0,0.026588082,CD4+ T activated
GTTACAGGTTAGCAGC-14-s4d8,GARQ,D11,3,40,40,10,0.12826806,cDC2
TTGTGCCTCTGCAAAC-14-s4d8,GARQ,D11,3,40,40,5,0.056452274,CD8+ T
GGACAGCCACCAACCG-14-s4d8,GARQ,D11,3,40,40,31,0.27326673,cDC2
CAAATCATCATGCTCC-14-s4d8,GARQ,D11,3,40,40,16,0.01132226,Lymph prog
TTAACCAAGCCTAATA-14-s4d8,GARQ,D11,3,40,40,21,0.16415656,CD8+ T
ACCCGGTAGCATTATG-14-s4d8,GARQ,D11,3,40,40,19,0.060830474,CD8+ T
GGTGTCCAGGTATTGC-14-s4d8,GARQ,D11,3,40,40,1,0.197703,Proerythroblast
ACTAACTCAATAATGG-14-s4d8,GARQ,D11,3,40,40,31,0.1887753,CD14+ Mono
GTTAAACGTGCATTAG-14-s4d8,GARQ,D11,3,40,40,3,0.043233395,B1 B
GTATTGTCAATCCCTT-14-s4d8,GARQ,D11,3,40,40,21,0.05794239,NK
TTAGCTGCACGGTTTA-14-s4d8,GARQ,D11,3,40,40,21,0.032947063,CD8+ T
TTATCCTAGATGGAGC-14-s4d8,GARQ,D11,3,40,40,21,0.0074107647,CD8+ T
TGCGGTTCATGAGTTT-14-s4d8,GARQ,D11,3,40,40,21,0.08297962,CD8+ T
TTGAGCTAGGCTCATG-14-s4d8,GARQ,D11,3,40,40,35,0.0069816113,CD8+ T
ATTGCGCCAGTCTATG-14-s4d8,GARQ,D11,3,40,40,27,0.057149947,MK/E prog
CCAGGATGTAACAGGG-14-s4d8,GARQ,D11,3,40,40,1,0.37999773,Proerythroblast
CTTATTGGTTTGTGGA-14-s4d8,GARQ,D11,3,40,40,10,0.09605694,CD14+ Mono
AACCGGCTCATTGTTC-14-s4d8,GARQ,D11,3,40,40,31,0.055067897,CD14+ Mono
ATTCCTAGTTGGCCGA-14-s4d8,GARQ,D11,3,40,40,31,0.004137516,Transitional B
CTAACCCTCTTAGCGG-14-s4d8,GARQ,D11,3,40,40,21,0.04092264,CD8+ T
TTAGCTGCACCTGCCT-14-s4d8,GARQ,D11,3,40,40,8,0.020515323,CD4+ T naive
TGACCAAGTTGCGGAT-14-s4d8,GARQ,D11,3,40,40,35,0.0879907,CD4+ T activated
CCTCAATGTTGTAACG-14-s4d8,GARQ,D11,3,40,40,39,0.030483663,Naive CD20+ B
CGAAGAATCATTAGCA-14-s4d8,GARQ,D11,3,40,40,9,0.11501992,Transitional B
TCGTGCTTCACGTTAA-14-s4d8,GARQ,D11,3,40,40,21,0.18580914,CD8+ T
GACCTTTGTAATTAGC-14-s4d8,GARQ,D11,3,40,40,4,0.06828654,MK/E prog
TCCGGAATCATCCTAT-14-s4d8,GARQ,D11,3,40,40,1,0.4553113,Proerythroblast
AACAGCAAGTTATGGC-14-s4d8,GARQ,D11,3,40,40,31,0.10715425,CD16+ Mono
CAAACGCGTGATGATT-14-s4d8,GARQ,D11,3,40,40,0,0.0155107975,CD8+ T
TGGACGGAGGGATTAG-14-s4d8,GARQ,D11,3,40,40,21,0.011175871,CD8+ T
AGAATCGAGTAAGTCC-14-s4d8,GARQ,D11,3,40,40,33,0.041736305,Proerythroblast
AAGCTCCCATTGTGGC-14-s4d8,GARQ,D11,3,40,40,1,0.33740222,Proerythroblast
TCAAGGAAGGTGAGAC-14-s4d8,GARQ,D11,3,40,40,31,0.12896264,CD14+ Mono
TGTATCGCATAACGGG-14-s4d8,GARQ,D11,3,40,40,22,0.055290937,CD4+ T naive
GTAGGATCAACCGCCA-14-s4d8,GARQ,D11,3,40,40,0,0.013941646,CD8+ T
CTATTCAGTGAACAAA-14-s4d8,GARQ,D11,3,40,40,35,0.037734985,CD8+ T
CAACTAATCGGCCAGT-14-s4d8,GARQ,D11,3,40,40,1,0.36868775,Proerythroblast
GGAACCTGTTGCACAA-14-s4d8,GARQ,D11,3,40,40,19,0.053059816,CD8+ T
GCTTAGTAGTTAGCCG-14-s4d8,GARQ,D11,3,40,40,31,0.022462606,Transitional B
GAGGTTAAGTGGCGGA-14-s4d8,GARQ,D11,3,40,40,35,0.016699433,CD4+ T activated
GGAGGTTAGCTATATG-14-s4d8,GARQ,D11,3,40,40,5,0.089980364,CD8+ T
GCATTGCCAGCAAGTG-14-s4d8,GARQ,D11,3,40,40,21,0.15211344,CD8+ T
GCTCCTTAGCGATAAG-14-s4d8,GARQ,D11,3,40,40,10,0.14185321,CD14+ Mono
CCAGACTCACACAATT-14-s4d8,GARQ,D11,3,40,40,35,0.0066874027,CD8+ T
CTACTTAGTTACGCAA-14-s4d8,GARQ,D11,3,40,40,0,0.06006825,CD8+ T
ATGTTTGAGTGGACAA-14-s4d8,GARQ,D11,3,40,40,21,0.10300255,CD8+ T
TTTCTTGCACGTGCTG-14-s4d8,GARQ,D11,3,40,40,5,0.10578847,CD8+ T
GTTAACGGTTGCACAA-14-s4d8,GARQ,D11,3,40,40,9,0.22323608,Transitional B
CAAAGCGCAAGCCAGA-14-s4d8,GARQ,D11,3,40,40,21,0.0852921,CD8+ T
CATGCGGGTTACAACG-14-s4d8,GARQ,D11,3,40,40,21,0.068828225,CD8+ T
AAGGATGTCCAAGTGT-14-s4d8,GARQ,D11,3,40,40,0,0.026982307,CD8+ T
GAAGCCTGTAGGTTAT-14-s4d8,GARQ,D11,3,40,40,21,0.10606861,CD8+ T
ACCTTCCAGCATTATG-14-s4d8,GARQ,D11,3,40,40,21,0.042520046,CD8+ T
TTGTCCCAGGAGCAAC-14-s4d8,GARQ,D11,3,40,40,21,0.012012243,CD8+ T
GCTTAAATCCGCAAGC-14-s4d8,GARQ,D11,3,40,40,36,0.0051241517,CD8+ T
TTTAAGCCACCACAAC-14-s4d8,GARQ,D11,3,40,40,31,0.01649803,CD16+ Mono
GCGCAAACAGCTTACA-14-s4d8,GARQ,D11,3,40,40,31,0.14617503,Transitional B
GCCAATAGTCTTGCAT-14-s4d8,GARQ,D11,3,40,40,0,0.07052469,CD8+ T
GTACTTAAGCCACATG-14-s4d8,GARQ,D11,3,40,40,1,0.020726144,Proerythroblast
GTACTTAAGCTTTGGG-14-s4d8,GARQ,D11,3,40,40,23,0.017469049,CD4+ T activated
GCTCTGTTCTTGAGGT-14-s4d8,GARQ,D11,3,40,40,36,0.025670767,CD4+ T activated
ACAGGATCAGGACACA-14-s4d8,GARQ,D11,3,40,40,21,0.032015562,CD8+ T
TCTGGCTTCAGGCCTA-14-s4d8,GARQ,D11,3,40,40,31,0.28089452,MK/E prog
ACAACAGAGTTAGCCG-14-s4d8,GARQ,D11,3,40,40,31,0.15180635,Transitional B
TCTATGTTCTTGTCCA-14-s4d8,GARQ,D11,3,40,40,31,0.61513424,G/M prog
AAAGCAAGTGGTTAGC-14-s4d8,GARQ,D11,3,40,40,1,0.17054307,Proerythroblast
AGAAGGTGTAAAGCAA-14-s4d8,GARQ,D11,3,40,40,1,0.20228887,Proerythroblast
CGATTCCTCGATTTGA-14-s4d8,GARQ,D11,3,40,40,1,0.18845052,Erythroblast
AGAGATTAGTTAGACC-14-s4d8,GARQ,D11,3,40,40,23,0.011084855,CD8+ T
GTTCGCGCAAGGTGCA-14-s4d8,GARQ,D11,3,40,40,20,0.15594536,Proerythroblast
TGAAGGATCTTAGCGG-14-s4d8,GARQ,D11,3,40,40,0,0.0033456087,CD8+ T
TTTAACGAGCCTGAGC-14-s4d8,GARQ,D11,3,40,40,5,0.017858863,CD8+ T
GCTATAGGTTTGGGCG-14-s4d8,GARQ,D11,3,40,40,31,0.07413596,CD14+ Mono
CGCATGATCATCCTCA-14-s4d8,GARQ,D11,3,40,40,36,0.009053707,CD8+ T
AATCCATCAGGACCTT-14-s4d8,GARQ,D11,3,40,40,8,0.15011871,CD4+ T naive
CGTTGCAAGCTGAGGG-14-s4d8,GARQ,D11,3,40,40,33,0.010280132,CD8+ T
TTCAGCACACAAACTT-14-s4d8,GARQ,D11,3,40,40,0,0.041827798,CD4+ T activated
TCTGTGACATAATCGT-14-s4d8,GARQ,D11,3,40,40,29,0.027669191,CD4+ T activated
TTGGGCGGTGCTCACC-14-s4d8,GARQ,D11,3,40,40,3,0.027396202,B1 B
CAGCCAATCTTACTCG-14-s4d8,GARQ,D11,3,40,40,5,0.06767511,CD8+ T
GAGCTGCTCGGTACGC-14-s4d8,GARQ,D11,3,40,40,5,0.035401583,CD8+ T
TGAGGCACAATTAGGA-14-s4d8,GARQ,D11,3,40,40,31,0.19793689,B1 B
ATGTTGTCATGAGCAG-14-s4d8,GARQ,D11,3,40,40,5,0.04109156,CD8+ T
GTTCTTAGTTAGACCA-14-s4d8,GARQ,D11,3,40,40,3,0.13470471,Transitional B
TTTCCACCACTTAGGC-14-s4d8,GARQ,D11,3,40,40,9,0.01009357,Naive CD20+ B
CTCATCATCGATAACC-14-s4d8,GARQ,D11,3,40,40,1,0.2245262,Proerythroblast
GAACCAAAGGTCTTGG-14-s4d8,GARQ,D11,3,40,40,10,0.2328974,CD14+ Mono
CCAACCCGTTCACCAT-14-s4d8,GARQ,D11,3,40,40,1,0.48188162,Proerythroblast
GGTACAAAGGTGCGGA-14-s4d8,GARQ,D11,3,40,40,5,0.047880888,CD8+ T
GGATTATGTAAAGCGG-14-s4d8,GARQ,D11,3,40,40,21,0.027323008,CD8+ T
TGGTCAAGTAAAGCGG-14-s4d8,GARQ,D11,3,40,40,35,0.08368993,CD4+ T activated
AGCACTAGTAAGCACC-14-s4d8,GARQ,D11,3,40,40,28,0.035732865,Proerythroblast
AATCATGTCATTGTTC-14-s4d8,GARQ,D11,3,40,40,0,0.009588599,NK
GCTAACCCATAATGTC-14-s4d8,GARQ,D11,3,40,40,5,0.10636115,CD8+ T
CCACTTGGTTCAAGCA-14-s4d8,GARQ,D11,3,40,40,0,0.069111586,CD8+ T
TTTGTGAAGCTATTAG-14-s4d8,GARQ,D11,3,40,40,10,0.010050535,CD16+ Mono
ACAAAGGTCAGGAAGC-14-s4d8,GARQ,D11,3,40,40,35,0.046905518,CD8+ T
TCCCGTTAGCATGACT-14-s4d8,GARQ,D11,3,40,40,31,0.032013178,Transitional B
GGCTATTAGACTATTG-14-s4d8,GARQ,D11,3,40,40,21,0.029197335,CD8+ T
CTAGGACGTTTACCGT-14-s4d8,GARQ,D11,3,40,40,0,0.03672129,CD8+ T
CACATTAAGGTATTGC-14-s4d8,GARQ,D11,3,40,40,1,0.0768038,Proerythroblast
ACGTCCAAGTGACCTG-14-s4d8,GARQ,D11,3,40,40,1,0.21801722,Proerythroblast
CGATTATCACGCAACT-14-s4d8,GARQ,D11,3,40,40,10,0.11677253,CD14+ Mono
AAACCGGCAAGGTGGC-14-s4d8,GARQ,D11,3,40,40,21,0.04188478,CD8+ T
CGGATTAGTAAAGCGG-14-s4d8,GARQ,D11,3,40,40,21,0.0635913,CD8+ T
TATGGCCCACAACAGG-14-s4d8,GARQ,D11,3,40,40,31,0.09793949,B1 B
GTCATGAGTTAACGAT-14-s4d8,GARQ,D11,3,40,40,0,0.026923299,CD8+ T
CGTTGCAAGCTCCTTA-14-s4d8,GARQ,D11,3,40,40,19,0.031805992,NK
AATCCATCATTAGGTT-14-s4d8,GARQ,D11,3,40,40,5,0.0065615177,CD8+ T
GCCAGGTTCTAACCTT-14-s4d8,GARQ,D11,3,40,40,21,0.08958435,CD4+ T activated
ACGGGAAGTTAATGAC-14-s4d8,GARQ,D11,3,40,40,21,0.06415558,CD8+ T
TTTCCACCAATTGACT-14-s4d8,GARQ,D11,3,40,40,21,0.037903786,CD8+ T
AGGTTAACATTGCGTA-14-s4d8,GARQ,D11,3,40,40,1,0.20426211,Proerythroblast
TGCACCTTCGATTCTT-14-s4d8,GARQ,D11,3,40,40,21,0.026405215,CD8+ T
TTTGCGGAGGCGCTAC-14-s4d8,GARQ,D11,3,40,40,21,0.013089776,CD8+ T
TTTGTGTTCATCCTGC-14-s4d8,GARQ,D11,3,40,40,1,0.1517204,Proerythroblast
GGATTTATCAGTGAAG-14-s4d8,GARQ,D11,3,40,40,19,0.032728553,CD4+ T activated
GAGTTACTCCCGCATT-14-s4d8,GARQ,D11,3,40,40,31,0.32373714,CD14+ Mono
CGGGTATGTTACTTGC-14-s4d8,GARQ,D11,3,40,40,31,0.015604138,Lymph prog
CATTATGAGGACAATG-14-s4d8,GARQ,D11,3,40,40,8,0.057558417,CD8+ T
CGATTATCATATAACC-14-s4d8,GARQ,D11,3,40,40,39,0.100192964,B1 B
TTTCGTCCATAAGCAA-14-s4d8,GARQ,D11,3,40,40,19,0.15425444,CD8+ T
AAAGCCGCACAACCTA-14-s4d8,GARQ,D11,3,40,40,16,0.14546275,Lymph prog
CATTGTGCAGGCCAAA-14-s4d8,GARQ,D11,3,40,40,21,0.010395646,CD4+ T naive
CAATCTAAGGAGGCAT-14-s4d8,GARQ,D11,3,40,40,0,0.09601319,CD8+ T
CAATCTAAGATAAAGC-14-s4d8,GARQ,D11,3,40,40,3,0.25135225,Transitional B
GCAATGAAGTTATGTG-14-s4d8,GARQ,D11,3,40,40,3,0.18368721,Naive CD20+ B
TTGTCCCAGCTCCTAC-14-s4d8,GARQ,D11,3,40,40,31,0.017009676,Lymph prog
CGCCTGTGTTTGGCTT-14-s4d8,GARQ,D11,3,40,40,1,0.50551575,Proerythroblast
TATTAGGTCTCACTAT-14-s4d8,GARQ,D11,3,40,40,3,0.17886686,Naive CD20+ B
GTGGTTAGTCATGAGC-14-s4d8,GARQ,D11,3,40,40,10,0.0413903,CD14+ Mono
TTTCAGTTCCCTCAGT-14-s4d8,GARQ,D11,3,40,40,3,0.041933984,Lymph prog
CGCAATTAGCATGAAG-14-s4d8,GARQ,D11,3,40,40,3,0.057289183,Naive CD20+ B
GCGCAATGTTAACAGT-14-s4d8,GARQ,D11,3,40,40,0,0.11644101,CD4+ T naive
CCATAAGGTGTTTGCT-14-s4d8,GARQ,D11,3,40,40,5,0.013029695,CD8+ T
TATAGCCAGTTATTCC-14-s4d8,GARQ,D11,3,40,40,31,0.12318933,Naive CD20+ B
CACTAAGGTCACAGAC-14-s4d8,GARQ,D11,3,40,40,6,0.06583595,CD8+ T
CTGAAACTCCTCCCTC-14-s4d8,GARQ,D11,3,40,40,21,0.10466468,CD8+ T
TTGACGTAGCTCCCTG-14-s4d8,GARQ,D11,3,40,40,5,0.07635903,CD8+ T
TTGGATATCTCCTCTT-14-s4d8,GARQ,D11,3,40,40,10,0.18600893,CD14+ Mono
TTTCACCCATAAGCAA-14-s4d8,GARQ,D11,3,40,40,31,0.2349757,Transitional B
GGAGCAAGTTATAGCG-14-s4d8,GARQ,D11,3,40,40,33,0.053090334,CD8+ T
AGTCAATGTATTGAGT-14-s4d8,GARQ,D11,3,40,40,9,0.33721894,Lymph prog
TATTTGGAGTCTGGGC-14-s4d8,GARQ,D11,3,40,40,0,0.04653108,CD8+ T
AGTGCACGTGCTGTAA-14-s4d8,GARQ,D11,3,40,40,12,0.043457627,Transitional B
CCTAAATCAGAGAGCC-14-s4d8,GARQ,D11,3,40,40,32,0.009133279,CD8+ T
TTTACGCGTTCTTTAG-14-s4d8,GARQ,D11,3,40,40,21,0.110016465,CD8+ T
GCGGGTTTCCGCAAAT-14-s4d8,GARQ,D11,3,40,40,39,0.019941896,Naive CD20+ B
TTGGATTCATAATTGC-14-s4d8,GARQ,D11,3,40,40,21,0.011985421,CD8+ T
AAGCCTTAGGTGCTGC-14-s4d8,GARQ,D11,3,40,40,10,0.16235739,CD14+ Mono
TGATGAACATTCCTCG-14-s4d8,GARQ,D11,3,40,40,27,0.0447433,MK/E prog
ATTCCTAGTAGTAAGA-14-s4d8,GARQ,D11,3,40,40,3,0.084854245,Naive CD20+ B
AGTTGTCAGTTCCCGT-14-s4d8,GARQ,D11,3,40,40,5,0.05398953,NK
GACCGTTCAGGCTAAG-14-s4d8,GARQ,D11,3,40,40,5,0.034564614,CD8+ T
AAGTTAGCACTAAATC-14-s4d8,GARQ,D11,3,40,40,5,0.030698895,CD4+ T activated
AATTAGGCACTGGCTG-14-s4d8,GARQ,D11,3,40,40,38,0.017353296,CD8+ T
CTGTATTTCGAAGTGA-14-s4d8,GARQ,D11,3,40,40,19,0.01833415,CD8+ T
TATCGCACATAGACCC-14-s4d8,GARQ,D11,3,40,40,31,0.35609078,Transitional B
GTACCGGGTACCGGAT-14-s4d8,GARQ,D11,3,40,40,1,0.49567533,Proerythroblast
TTTGACCGTTAGCAGC-14-s4d8,GARQ,D11,3,40,40,5,0.045526624,CD8+ T
AAATCCGGTAACCTAG-14-s4d8,GARQ,D11,3,40,40,21,0.042865157,CD8+ T
ATCTATGAGGTAAGCA-14-s4d8,GARQ,D11,3,40,40,21,0.066661954,CD8+ T
TGAACAACAGTTAAAG-14-s4d8,GARQ,D11,3,40,40,10,0.020315051,cDC2
GATCAGGCAATAACCT-14-s4d8,GARQ,D11,3,40,40,37,0.21032417,NK
ATTTAGCCACAATACT-14-s4d8,GARQ,D11,3,40,40,21,0.092366934,CD8+ T
AAACGCGCATGGCCTG-14-s4d8,GARQ,D11,3,40,40,31,0.41268373,MK/E prog
GCCAATTAGAGAGGCT-14-s4d8,GARQ,D11,3,40,40,5,0.085107446,NK
GATTAAGCAGGATAAC-14-s4d8,GARQ,D11,3,40,40,7,0.05670035,CD4+ T activated
GCCACACAGTAATCCA-14-s4d8,GARQ,D11,3,40,40,36,0.21884847,CD8+ T
CCTGATGAGGCGCACT-14-s4d8,GARQ,D11,3,40,40,3,0.11410242,Lymph prog
AGGGTTGCACAGACTC-14-s4d8,GARQ,D11,3,40,40,23,0.025323033,NK
CTAATGTCAATGAATG-14-s4d8,GARQ,D11,3,40,40,31,0.26484334,Transitional B
TCCATATTCGTTATCT-14-s4d8,GARQ,D11,3,40,40,1,0.41804522,Erythroblast
AGCTTCCTCATTTGCT-14-s4d8,GARQ,D11,3,40,40,31,0.13083184,Transitional B
CTAGCGGGTAAGGTTT-14-s4d8,GARQ,D11,3,40,40,21,0.09753132,CD8+ T
TCACGGATCTTGCAAA-14-s4d8,GARQ,D11,3,40,40,19,0.20048153,CD8+ T
AGCTTTAAGTTGGGCC-14-s4d8,GARQ,D11,3,40,40,10,0.1971947,CD14+ Mono
CCTACTGGTTGAATCG-14-s4d8,GARQ,D11,3,40,40,10,0.15862125,cDC2
GGCAGGATCCGGTTAG-14-s4d8,GARQ,D11,3,40,40,5,0.03541243,CD8+ T
ATTGCGCCACCTATAG-14-s4d8,GARQ,D11,3,40,40,1,0.22395304,Proerythroblast
TGCAATATCCTCACAC-14-s4d8,GARQ,D11,3,40,40,31,0.008269608,Transitional B
GACACCGGTTGCACAA-14-s4d8,GARQ,D11,3,40,40,1,0.4586966,Proerythroblast
GAACCTTAGTCAGGCC-14-s4d8,GARQ,D11,3,40,40,21,0.0016709566,CD8+ T
TCAGGTCCATTTAAGC-14-s4d8,GARQ,D11,3,40,40,1,0.14570051,Proerythroblast
TGTGTTAAGACTCGCA-14-s4d8,GARQ,D11,3,40,40,21,0.10445988,CD8+ T
GATTACGGTTAGTACG-14-s4d8,GARQ,D11,3,40,40,6,0.017822564,CD8+ T
GCCAGGAAGGCTACAT-14-s4d8,GARQ,D11,3,40,40,28,0.03871095,Proerythroblast
CCTGTAACACCACAAC-14-s4d8,GARQ,D11,3,40,40,19,0.0057160854,CD8+ T
GCCAATTAGCTAAGTC-14-s4d8,GARQ,D11,3,40,40,33,0.028567314,CD4+ T activated
ATTACGTCAAGGACCA-14-s4d8,GARQ,D11,3,40,40,31,0.27606016,HSC
GCTATAGGTCCACAAA-14-s4d8,GARQ,D11,3,40,40,21,0.08961177,NK
ATTATGGTCTGTTGCC-14-s4d8,GARQ,D11,3,40,40,5,0.014562845,CD8+ T
AAAGGAGCATAGCTGC-14-s4d8,GARQ,D11,3,40,40,31,0.0549556,Naive CD20+ B
AGTCCTGAGGACCTGC-14-s4d8,GARQ,D11,3,40,40,21,0.0068110228,CD8+ T
TGCTCCGTCCGGTTAG-14-s4d8,GARQ,D11,3,40,40,21,0.10181236,CD8+ T
GCTGTAAGTTGCCTCA-14-s4d8,GARQ,D11,3,40,40,1,0.10638088,Proerythroblast
TAGACCAGTTCCGGCT-14-s4d8,GARQ,D11,3,40,40,10,0.10441029,CD14+ Mono
TGGACAAAGGGATGCG-14-s4d8,GARQ,D11,3,40,40,6,0.05090809,CD4+ T activated
ACCTACCTCATGAAGG-14-s4d8,GARQ,D11,3,40,40,35,0.098991394,CD8+ T
AACAGATAGCACAGGG-14-s4d8,GARQ,D11,3,40,40,31,0.15598035,CD14+ Mono
TGCCGGTAGTGACCTG-14-s4d8,GARQ,D11,3,40,40,31,0.050010026,Naive CD20+ B
TCCTCACAGCAAACCT-14-s4d8,GARQ,D11,3,40,40,31,0.06869513,CD14+ Mono
GCTAGCTCAATCCTAG-14-s4d8,GARQ,D11,3,40,40,1,0.18210638,Proerythroblast
GGCCATCAGCGATAAG-14-s4d8,GARQ,D11,3,40,40,21,0.025760174,CD8+ T
AGCTACGTCCATTACT-14-s4d8,GARQ,D11,3,40,40,5,0.0616498,CD8+ T
TTTCATCAGTTTCCGC-14-s4d8,GARQ,D11,3,40,40,3,0.08843565,B1 B
CGTGCACAGGCCTTAG-14-s4d8,GARQ,D11,3,40,40,19,0.04104352,CD8+ T
CAATCCTGTGACATGC-14-s4d8,GARQ,D11,3,40,40,38,0.018116951,CD8+ T
GGATTATGTGATCATG-14-s4d8,GARQ,D11,3,40,40,31,0.016117334,Naive CD20+ B
CTCTATGTCGCACACA-14-s4d8,GARQ,D11,3,40,40,0,0.06773734,CD8+ T
GCTCATTGTTGTTCAC-14-s4d8,GARQ,D11,3,40,40,20,0.20784426,Erythroblast
GGAATCTTCTAAGTCA-14-s4d8,GARQ,D11,3,40,40,3,0.17693257,Naive CD20+ B
ACTATGTCAGGCTGTT-14-s4d8,GARQ,D11,3,40,40,35,0.094970465,CD8+ T
GGGCTAACACTCGCTC-14-s4d8,GARQ,D11,3,40,40,21,0.14215147,CD4+ T activated
CCAACCCGTAGGTTAT-14-s4d8,GARQ,D11,3,40,40,19,0.03644085,CD8+ T
ACTCGCTTCATAATCG-14-s4d8,GARQ,D11,3,40,40,31,0.0193789,Naive CD20+ B
GATCCGTCAAGACTCC-14-s4d8,GARQ,D11,3,40,40,33,0.00902915,CD8+ T
GAACCAGCAAGCTAAA-14-s4d8,GARQ,D11,3,40,40,37,0.034650207,Proerythroblast
AGAGATTAGCTAATCA-14-s4d8,GARQ,D11,3,40,40,29,0.04314089,CD8+ T
GGTGAGGTCGACCTGA-14-s4d8,GARQ,D11,3,40,40,21,0.070180774,CD8+ T
CTCGCTCCAGCAACAG-14-s4d8,GARQ,D11,3,40,40,3,0.08723128,Naive CD20+ B
CAGTACCCAGATAGAC-14-s4d8,GARQ,D11,3,40,40,0,0.06075144,CD8+ T
TACGTACAGGCTGGCT-14-s4d8,GARQ,D11,3,40,40,31,0.04565513,Transitional B
AAGCGTTTCCACCTTA-14-s4d8,GARQ,D11,3,40,40,21,0.056142926,CD8+ T
CCAAGGCTCTTTGACT-14-s4d8,GARQ,D11,3,40,40,35,0.17248893,CD4+ T naive
CCCAATTGTCTCAGCC-14-s4d8,GARQ,D11,3,40,40,28,0.052809477,Proerythroblast
AAAGCCGCAAGGACCA-14-s4d8,GARQ,D11,3,40,40,0,0.088368654,CD8+ T
AGCTTAATCCGCCAAA-14-s4d8,GARQ,D11,3,40,40,26,0.052746534,CD8+ T
ATGGCCCAGGACCTTG-14-s4d8,GARQ,D11,3,40,40,31,0.08931035,B1 B
CGTCAATAGTGGACAA-14-s4d8,GARQ,D11,3,40,40,13,0.10888314,Lymph prog
CGCATATAGGCTAATC-14-s4d8,GARQ,D11,3,40,40,21,0.11632085,CD8+ T
GACTAATGTAAAGCGG-14-s4d8,GARQ,D11,3,40,40,21,0.11268377,NK
ACTTACTTCCATCAGG-14-s4d8,GARQ,D11,3,40,40,1,0.29614222,Erythroblast
AGCAGGTAGCGCTCAA-14-s4d8,GARQ,D11,3,40,40,31,0.10250008,Lymph prog
CTATGAGGTTCATTTG-14-s4d8,GARQ,D11,3,40,40,8,0.022344708,CD8+ T
TGGAACAAGGGACGCA-14-s4d8,GARQ,D11,3,40,40,3,0.012392759,Transitional B
GAGATAAGTCATTAGG-14-s4d8,GARQ,D11,3,40,40,21,0.17215419,CD8+ T
CCAACCAAGTTAGAGG-14-s4d8,GARQ,D11,3,40,40,16,0.010816693,Transitional B
TACCTCATCAGCAAAG-14-s4d8,GARQ,D11,3,40,40,19,0.17795634,CD8+ T
CCTAATAAGCCTGAGC-14-s4d8,GARQ,D11,3,40,40,31,0.12501603,cDC2
AGTTACATCTAAGTGC-14-s4d8,GARQ,D11,3,40,40,21,0.03929186,NK
GGACCGAAGGTAAGCA-14-s4d8,GARQ,D11,3,40,40,5,0.0074352026,CD8+ T
CCAACCCGTTAACACG-14-s4d8,GARQ,D11,3,40,40,21,0.19514847,CD8+ T
GAGCTAGCATTGTGCA-14-s4d8,GARQ,D11,3,40,40,31,0.10696483,CD14+ Mono
TAAGGCTTCTGGTCCT-14-s4d8,GARQ,D11,3,40,40,5,0.00028514862,CD8+ T
ACTATGTCATCACAGC-14-s4d8,GARQ,D11,3,40,40,35,0.06343353,CD8+ T
ACTTGAATCCAATAGC-14-s4d8,GARQ,D11,3,40,40,21,0.1730187,CD8+ T
AATTGTGTCACGAATC-14-s4d8,GARQ,D11,3,40,40,1,0.2151978,Normoblast
CCACTTGGTTTGAGGC-14-s4d8,GARQ,D11,3,40,40,31,0.01833564,CD16+ Mono
GTGTGCGGTTGTGATG-14-s4d8,GARQ,D11,3,40,40,36,0.08039099,CD4+ T activated
GTTTGTCGTCAAAGGG-14-s4d8,GARQ,D11,3,40,40,31,0.0013210177,Lymph prog
CCAATATCATTAAACC-14-s4d8,GARQ,D11,3,40,40,9,0.1829812,Naive CD20+ B
GCTTTATTCAAATCGC-14-s4d8,GARQ,D11,3,40,40,31,0.080120385,B1 B
GGGTCACTCCAGCACA-14-s4d8,GARQ,D11,3,40,40,31,0.14171994,Lymph prog
ACAACAACAGAGGGAG-14-s4d8,GARQ,D11,3,40,40,31,0.14095336,Lymph prog
CAACAATGTTTATTCG-14-s4d8,GARQ,D11,3,40,40,35,0.2488544,CD4+ T naive
TGGTTAATCAGGTTTA-14-s4d8,GARQ,D11,3,40,40,36,0.01592058,CD8+ T
TCATGAGGTTGGATAT-14-s4d8,GARQ,D11,3,40,40,6,0.008934617,NK
CCAAGTTAGTTAGACC-14-s4d8,GARQ,D11,3,40,40,1,0.17612332,MK/E prog
CTCGCTCCAGTAGCCT-14-s4d8,GARQ,D11,3,40,40,19,0.010694861,CD8+ T
CAATGCCCATGTTGCA-14-s4d8,GARQ,D11,3,40,40,21,0.01708579,CD8+ T
GCCTACTTCGAAGTAG-14-s4d8,GARQ,D11,3,40,40,8,0.11461842,CD8+ T
CATGCGCAGAGGGACT-14-s4d8,GARQ,D11,3,40,40,3,0.2552178,Lymph prog
AAGCCACGTAGGATCC-14-s4d8,GARQ,D11,3,40,40,3,0.3666321,Transitional B
GCAATAGAGTTGTCAA-14-s4d8,GARQ,D11,3,40,40,3,0.27715898,Transitional B
AAACATGCAGTCTAAT-14-s4d8,GARQ,D11,3,40,40,0,0.13805926,CD8+ T
ACTAAAGCAATAGCCC-14-s4d8,GARQ,D11,3,40,40,9,0.04525101,Naive CD20+ B
TCATTGTTCCGTTAAA-14-s4d8,GARQ,D11,3,40,40,35,0.08313489,CD8+ T
GAATTTGTCTATTGTC-14-s4d8,GARQ,D11,3,40,40,10,0.1726582,CD16+ Mono
GACTAATGTTAGAGCC-14-s4d8,GARQ,D11,3,40,40,19,0.19808722,CD8+ T
GATAAGCCAACCTGGT-14-s4d8,GARQ,D11,3,40,40,9,0.0065660477,Naive CD20+ B
AATTGTGTCCAGGTCA-14-s4d8,GARQ,D11,3,40,40,19,0.21283269,CD8+ T
GTAAGGTCAAGCTTTG-14-s4d8,GARQ,D11,3,40,40,10,0.017718911,CD14+ Mono
AACCTTAAGGTGAAGC-14-s4d8,GARQ,D11,3,40,40,31,0.043954015,B1 B
ACAGGAATCATGCTTT-14-s4d8,GARQ,D11,3,40,40,31,0.1019007,Naive CD20+ B
GCAATCTAGGCGCTAC-14-s4d8,GARQ,D11,3,40,40,31,0.029403508,Transitional B
CATAATGTCGGTTCCT-14-s4d8,GARQ,D11,3,40,40,21,0.033547282,CD8+ T
ATATAGGCAGTAAAGC-14-s4d8,GARQ,D11,3,40,40,31,0.07445943,Transitional B
ATATGCATCCAAGTTA-14-s4d8,GARQ,D11,3,40,40,3,0.19560665,Naive CD20+ B
TGAGAACCAAGCCACT-14-s4d8,GARQ,D11,3,40,40,9,0.105112314,NK
AATCAGGAGGACTTAC-14-s4d8,GARQ,D11,3,40,40,31,0.116487265,Transitional B
TAAGGACCAACTAGCC-14-s4d8,GARQ,D11,3,40,40,7,0.013716698,NK
CGTGCACAGTAGGATG-14-s4d8,GARQ,D11,3,40,40,31,0.12729895,pDC
GAACACAAGGACTTAC-14-s4d8,GARQ,D11,3,40,40,5,0.12761736,NK
GATAAGCCAACGTGCT-14-s4d8,GARQ,D11,3,40,40,5,0.07530141,CD8+ T
AGGTTTGGTGATTTGG-14-s4d8,GARQ,D11,3,40,40,31,0.05439067,CD14+ Mono
AGGGCCTTCGGGACCT-14-s4d8,GARQ,D11,3,40,40,22,0.030684054,CD4+ T activated
GGTTGGTGTCAATGTG-14-s4d8,GARQ,D11,3,40,40,3,0.055485606,Lymph prog
TTAGGAACAAATTCGT-14-s4d8,GARQ,D11,3,40,40,21,0.038064003,CD8+ T
CGGACAACATGTTGTG-14-s4d8,GARQ,D11,3,40,40,22,0.026549041,NK
CTCAATAAGGCATTAC-14-s4d8,GARQ,D11,3,40,40,22,0.006952524,CD8+ T
CCTTCGTAGCATGGTT-14-s4d8,GARQ,D11,3,40,40,21,0.06111306,CD8+ T
GGAACAATCGCATTAA-14-s4d8,GARQ,D11,3,40,40,35,0.008826733,CD8+ T
TTGGATATCCACCCTG-14-s4d8,GARQ,D11,3,40,40,0,0.08315623,CD8+ T
CAATAAGCAGTTTCTC-14-s4d8,GARQ,D11,3,40,40,35,0.07877529,CD4+ T activated
TTGTGAGGTAGCTGCG-14-s4d8,GARQ,D11,3,40,40,35,0.023386955,CD8+ T
ATGTTTGAGGGTCCAC-14-s4d8,GARQ,D11,3,40,40,3,0.07985306,Lymph prog
TCAGGTCCAAGCTTAT-14-s4d8,GARQ,D11,3,40,40,5,0.006728649,CD8+ T
AAGGTCAAGCACCACA-14-s4d8,GARQ,D11,3,40,40,31,0.0979054,cDC2
CATTATGAGGAGGGTT-14-s4d8,GARQ,D11,3,40,40,21,0.034754276,CD8+ T
TATTACCTCTCGACCT-14-s4d8,GARQ,D11,3,40,40,1,0.322693,Erythroblast
TGTCAGTAGGTGAAAT-14-s4d8,GARQ,D11,3,40,40,31,0.044431448,Naive CD20+ B
AGTCTTGCAGGCCAAA-14-s4d8,GARQ,D11,3,40,40,0,0.018776357,CD4+ T activated
TTTGGCTGTGACATAT-14-s4d8,GARQ,D11,3,40,40,35,0.035508156,CD4+ T naive
TAAAGCCTCATAAGCC-14-s4d8,GARQ,D11,3,40,40,35,0.05066538,CD8+ T
AACTCACAGGCATTGT-14-s4d8,GARQ,D11,3,40,40,21,0.11562538,CD8+ T
CAGTACCCACAAACTT-14-s4d8,GARQ,D11,3,40,40,5,0.013332605,CD8+ T
TCATTGTTCCGTAAAC-14-s4d8,GARQ,D11,3,40,40,21,0.047616124,CD8+ T
GGGAATATCACATTGA-14-s4d8,GARQ,D11,3,40,40,10,0.0335356,CD14+ Mono
CAATGTCAGCGCAATT-14-s4d8,GARQ,D11,3,40,40,21,0.04174614,NK
GTTAAACGTAGCCTAA-14-s4d8,GARQ,D11,3,40,40,21,0.16263783,CD8+ T
AAGTGCAAGGATTTGC-14-s4d8,GARQ,D11,3,40,40,5,0.027140617,CD4+ T activated
GGGCTAACATTGTTGG-14-s4d8,GARQ,D11,3,40,40,21,0.16022909,CD8+ T
TACTGGCCATGGAGGC-14-s4d8,GARQ,D11,3,40,40,3,0.08917308,Naive CD20+ B
AGGCTAGCAAGGTAAC-14-s4d8,GARQ,D11,3,40,40,5,0.11646843,CD8+ T
GCCGTGAGTTGCGCGA-14-s4d8,GARQ,D11,3,40,40,21,0.1618588,CD8+ T
CAAGGGAGTGTGTGGT-14-s4d8,GARQ,D11,3,40,40,21,0.29006386,CD8+ T
TATTAGGTCAAACCGT-14-s4d8,GARQ,D11,3,40,40,31,0.0071944,Naive CD20+ B
TTTAACCTCTAATTGG-14-s4d8,GARQ,D11,3,40,40,31,0.25652218,Naive CD20+ B
CGCACACAGCGCCTTT-14-s4d8,GARQ,D11,3,40,40,1,0.34626633,Erythroblast
TACCAAATCCTAGTTT-14-s4d8,GARQ,D11,3,40,40,21,0.11450553,CD8+ T
TTTATGGAGGCTAATC-14-s4d8,GARQ,D11,3,40,40,35,0.08398914,CD4+ T naive
ACCAAACTCTACTAAG-14-s4d8,GARQ,D11,3,40,40,5,0.020665169,CD8+ T
GCCTCGACAGTAGCCT-14-s4d8,GARQ,D11,3,40,40,31,0.11484003,Transitional B
TAGTACGGTGCGCAAT-14-s4d8,GARQ,D11,3,40,40,21,0.06809831,CD4+ T activated
GTCTAATCACCGGCTA-14-s4d8,GARQ,D11,3,40,40,5,0.05300498,CD8+ T
AACAGGATCTGTGCCT-14-s4d8,GARQ,D11,3,40,40,31,0.04041624,B1 B
CGAGGAAGTTAATGCG-14-s4d8,GARQ,D11,3,40,40,29,0.016402721,CD8+ T
CGCGGATTCTTGACCC-14-s4d8,GARQ,D11,3,40,40,9,0.030336738,CD8+ T
AGGCAGGTCCCTCGCA-14-s4d8,GARQ,D11,3,40,40,21,0.111407995,NK
CTAAAGCTCCAGGTTG-14-s4d8,GARQ,D11,3,40,40,5,0.025561094,CD8+ T
CTAGCGGGTAAGCTCA-14-s4d8,GARQ,D11,3,40,40,8,0.033420384,NK
AGCACTAGTTTAACCC-14-s4d8,GARQ,D11,3,40,40,31,0.12955838,Naive CD20+ B
CAAACGCGTTTGAGCA-14-s4d8,GARQ,D11,3,40,40,23,0.012433052,CD8+ T
CAATATGTCGTTTCGC-14-s4d8,GARQ,D11,3,40,40,19,0.1602419,CD8+ T
TGCTTCATCTTGTTCG-14-s4d8,GARQ,D11,3,40,40,19,0.066539645,CD8+ T
ACTTGAATCGATATTG-14-s4d8,GARQ,D11,3,40,40,1,0.081778556,MK/E prog
GCCTCAAAGTAGCGGG-14-s4d8,GARQ,D11,3,40,40,21,0.068285584,CD8+ T
ATGTTTGAGTATGTGC-14-s4d8,GARQ,D11,3,40,40,9,0.089957,CD8+ T
TGTCCTGGTGCTTTAC-14-s4d8,GARQ,D11,3,40,40,21,0.06398344,NK
TCGATTAAGCCTAACG-14-s4d8,GARQ,D11,3,40,40,35,0.08920634,CD4+ T activated
ACATTAGTCTAGCGTG-14-s4d8,GARQ,D11,3,40,40,1,0.25645012,Normoblast
CCAGACTCAAACTGTT-14-s4d8,GARQ,D11,3,40,40,16,0.020456553,Lymph prog
AGGTGAGGTAGGTTGC-14-s4d8,GARQ,D11,3,40,40,35,0.05689615,NK
CATCGCTTCATGACCG-14-s4d8,GARQ,D11,3,40,40,21,0.107782125,CD4+ T activated
ATTGACTCAAGGTAAC-14-s4d8,GARQ,D11,3,40,40,31,0.05407667,CD14+ Mono
GGTCAGGAGGCAATAG-14-s4d8,GARQ,D11,3,40,40,1,0.37279522,Proerythroblast
TGTGCGCAGCAAACCT-14-s4d8,GARQ,D11,3,40,40,31,0.030279785,B1 B
TATTGACCAGGTTAAA-14-s4d8,GARQ,D11,3,40,40,3,0.0030846596,B1 B
GATTCAATCAGTTCCC-14-s4d8,GARQ,D11,3,40,40,31,0.091436744,CD14+ Mono
TAGGCTAGTTACAAAC-14-s4d8,GARQ,D11,3,40,40,3,0.08301234,Transitional B
TGTCCTTCATCAGTAT-14-s4d8,GARQ,D11,3,40,40,5,0.02568674,CD8+ T
ATTGAAGCAATCCTGA-14-s4d8,GARQ,D11,3,40,40,21,0.031808138,CD8+ T
CGCACCACATGGTTAT-14-s4d8,GARQ,D11,3,40,40,0,0.043471575,CD8+ T
CTCATTTAGGCAGGTG-14-s4d8,GARQ,D11,3,40,40,0,0.010882854,CD8+ T
GATTACGGTATTGAGT-14-s4d8,GARQ,D11,3,40,40,10,0.056866884,CD14+ Mono
GATGGCTGTAACCACA-14-s4d8,GARQ,D11,3,40,40,36,0.017745018,CD4+ T activated
CTTGCTCAGGAACCGG-14-s4d8,GARQ,D11,3,40,40,10,0.0100547075,G/M prog
ACCCAACCACACCAAC-14-s4d8,GARQ,D11,3,40,40,21,0.053047895,CD4+ T activated
AGCTTAATCACCAATA-14-s4d8,GARQ,D11,3,40,40,10,0.041750073,CD14+ Mono
GCAATGAAGGAAGTAT-14-s4d8,GARQ,D11,3,40,40,31,0.03292483,Transitional B
GGAGCATAGCCTCTCG-14-s4d8,GARQ,D11,3,40,40,3,0.004803598,Naive CD20+ B
GGGAGTAGTTGTGACA-14-s4d8,GARQ,D11,3,40,40,7,0.009955883,CD8+ T
ATGACTCAGGACCTCA-14-s4d8,GARQ,D11,3,40,40,21,0.0698359,CD8+ T
CCCGCAACAAGGATTA-14-s4d8,GARQ,D11,3,40,40,21,0.0167768,CD8+ T
TCATAACCAGTTTCTC-14-s4d8,GARQ,D11,3,40,40,21,0.033758163,CD8+ T
TTGTTGCGTTTGCGAA-14-s4d8,GARQ,D11,3,40,40,21,0.12451875,CD8+ T
AAGCGAATCGTTTCCA-14-s4d8,GARQ,D11,3,40,40,1,0.30322665,Proerythroblast
CACGCAATCATTAGCA-14-s4d8,GARQ,D11,3,40,40,35,0.051970243,CD8+ T
GGGTCAACACATGCTA-14-s4d8,GARQ,D11,3,40,40,1,0.25387627,Proerythroblast
ATTAGTCCATAATTGC-14-s4d8,GARQ,D11,3,40,40,26,0.018207967,CD8+ T
GTAGTTATCGTGCTAG-14-s4d8,GARQ,D11,3,40,40,1,0.065236926,Proerythroblast
TGGCCTTTCGGGACTC-14-s4d8,GARQ,D11,3,40,40,21,0.068382025,CD8+ T
CGCTAACCATTGCGAC-14-s4d8,GARQ,D11,3,40,40,35,0.033076286,CD8+ T
TGAGTGAAGGACCAGG-14-s4d8,GARQ,D11,3,40,40,5,0.029963255,CD8+ T
GATTCAATCCTCAGCT-14-s4d8,GARQ,D11,3,40,40,21,0.002816558,CD8+ T
AGAAGGTGTGCGCGTA-14-s4d8,GARQ,D11,3,40,40,21,0.012443781,CD8+ T
GAGGTTAAGGTGAAAT-14-s4d8,GARQ,D11,3,40,40,21,0.06905198,CD8+ T
GCTGCATCATAAGCAA-14-s4d8,GARQ,D11,3,40,40,19,0.026801944,CD8+ T
AGTTGTCAGCGATAAG-14-s4d8,GARQ,D11,3,40,40,21,0.11078787,CD8+ T
TGATTCAAGATGGACA-14-s4d8,GARQ,D11,3,40,40,31,0.27199286,MK/E prog
GCGCTAGGTCAAGTAT-14-s4d8,GARQ,D11,3,40,40,21,0.048772454,CD8+ T
TATGGCCCACAAGCCT-14-s4d8,GARQ,D11,3,40,40,0,0.0587759,CD8+ T
ATTTAGCCAACTCGCG-14-s4d8,GARQ,D11,3,40,40,35,0.006108105,CD4+ T activated
TTGGCTGAGGCATGTT-14-s4d8,GARQ,D11,3,40,40,5,0.021987915,CD8+ T
GCCATTACACATTGCA-14-s4d8,GARQ,D11,3,40,40,31,0.14211738,Transitional B
AGTGCGGAGGGACGCA-14-s4d8,GARQ,D11,3,40,40,10,0.114272356,CD14+ Mono
CGTCAATAGCTGGAAA-14-s4d8,GARQ,D11,3,40,40,21,0.016236663,CD4+ T activated
TCCTCTAAGCATTATG-14-s4d8,GARQ,D11,3,40,40,21,0.003485322,CD8+ T
TGGCGGTTCCGGAACC-14-s4d8,GARQ,D11,3,40,40,21,0.027312994,CD8+ T
AGTGATGAGCATGTTA-14-s4d8,GARQ,D11,3,40,40,31,0.08821517,CD14+ Mono
CCAGACTCAAGTCGCT-14-s4d8,GARQ,D11,3,40,40,9,0.14882314,Naive CD20+ B
CTAATGTCATGGTTAT-14-s4d8,GARQ,D11,3,40,40,31,0.18830138,B1 B
GTTCACCTCCGGCTAA-14-s4d8,GARQ,D11,3,40,40,10,0.05568528,CD14+ Mono
GCTCTGTTCTTGTCCA-14-s4d8,GARQ,D11,3,40,40,3,0.13387477,Naive CD20+ B
GATTGGCGTTAGCCAA-14-s4d8,GARQ,D11,3,40,40,36,0.01847601,CD4+ T activated
CCCTCATAGCCTGAGC-14-s4d8,GARQ,D11,3,40,40,3,0.008923292,Naive CD20+ B
CTCCGGACACTATGGC-14-s4d8,GARQ,D11,3,40,40,16,0.0076625943,B1 B
ACCAATATCTTCAATC-14-s4d8,GARQ,D11,3,40,40,1,0.22090101,Proerythroblast
TCCATAAAGTTGGGCC-14-s4d8,GARQ,D11,3,40,40,22,0.09420729,CD4+ T activated
TACGTTAAGTTATGGC-14-s4d8,GARQ,D11,3,40,40,21,0.17251801,CD8+ T
AGGATGTCACTCGCTC-14-s4d8,GARQ,D11,3,40,40,21,0.077267885,CD8+ T
CGTAATGGTTGGCCGA-14-s4d8,GARQ,D11,3,40,40,29,0.069070935,CD8+ T
AATCAGGAGGTTACGT-14-s4d8,GARQ,D11,3,40,40,36,0.012205839,CD8+ T
TCCATTGTCATCCTCA-14-s4d8,GARQ,D11,3,40,40,21,0.09454346,CD8+ T
TAGTAGGAGCGCAATT-14-s4d8,GARQ,D11,3,40,40,5,0.005403161,CD8+ T
TGAGGGAGTGCTCACC-14-s4d8,GARQ,D11,3,40,40,35,0.104023814,CD4+ T activated
AGTATAGCACCATATG-14-s4d8,GARQ,D11,3,40,40,21,0.0017671585,CD8+ T
GCCGTGAGTGCCGCAA-14-s4d8,GARQ,D11,3,40,40,3,0.21996081,Naive CD20+ B
TATGACTCATGGTTAT-14-s4d8,GARQ,D11,3,40,40,3,0.1662355,Transitional B
GCTGTGATCGTTTCGC-14-s4d8,GARQ,D11,3,40,40,33,0.0010416508,CD8+ T
GAAAGCCAGCTGTACG-14-s4d8,GARQ,D11,3,40,40,5,0.055121183,CD8+ T
TATGAAGCAGTAGCCT-14-s4d8,GARQ,D11,3,40,40,19,0.038329363,NK
TCGACAAGTTCACCCA-14-s4d8,GARQ,D11,3,40,40,5,0.19412947,CD8+ T
AACTGTTCAAACTCAT-14-s4d8,GARQ,D11,3,40,40,21,0.083247185,CD8+ T
CTATGGCCATAGCGGA-14-s4d8,GARQ,D11,3,40,40,10,0.10825342,cDC2
TTAGCGGTCATAACGC-14-s4d8,GARQ,D11,3,40,40,31,0.102960765,Lymph prog
CCTTCAATCAAAGGCA-14-s4d8,GARQ,D11,3,40,40,21,0.0020939112,CD4+ T activated
CTGGATGTCATTGTTC-14-s4d8,GARQ,D11,3,40,40,16,0.11746931,Naive CD20+ B
TTGGGCCAGGACACTT-14-s4d8,GARQ,D11,3,40,40,38,0.058544993,CD8+ T
TCGTTAAAGCCTGTGA-14-s4d8,GARQ,D11,3,40,40,31,0.053628445,G/M prog
CTTAAGGGTAAGTCGC-14-s4d8,GARQ,D11,3,40,40,5,0.013640404,CD8+ T
CAGGGCTTCTGTTCAT-14-s4d8,GARQ,D11,3,40,40,0,0.01817131,CD8+ T
CCAACCCGTCATAACG-14-s4d8,GARQ,D11,3,40,40,1,0.17223492,Proerythroblast
TCTATGTTCTGCAACG-14-s4d8,GARQ,D11,3,40,40,31,0.07424402,CD14+ Mono
ACCGAAGCAGGCGATA-14-s4d8,GARQ,D11,3,40,40,35,0.038253844,CD4+ T naive
TTCCTTGAGATTCCTT-14-s4d8,GARQ,D11,3,40,40,1,0.04886031,Proerythroblast
CTTGCTCAGCAGCTAT-14-s4d8,GARQ,D11,3,40,40,18,0.017993212,B1 B
ATTACTGAGAATGACG-14-s4d8,GARQ,D11,3,40,40,23,0.05939746,CD8+ T
TTGTGCCTCCTTAGGG-14-s4d8,GARQ,D11,3,40,40,9,0.008244514,B1 B
GTGCATTAGTGAGGTA-14-s4d8,GARQ,D11,3,40,40,23,0.008085728,CD8+ T
GCTGCATCATGACTAT-14-s4d8,GARQ,D11,3,40,40,10,0.18857324,cDC2
AGTTATGTCATCCTCA-14-s4d8,GARQ,D11,3,40,40,1,0.2411072,MK/E prog
TCACCGGCATTTAAGC-14-s4d8,GARQ,D11,3,40,40,31,0.20183074,CD14+ Mono
TTCATTCAGGGATGAC-14-s4d8,GARQ,D11,3,40,40,3,0.11135596,Naive CD20+ B
CTGGTTACACAGCCTG-14-s4d8,GARQ,D11,3,40,40,10,0.25966287,CD14+ Mono
ACGAACAAGGCTAGAA-14-s4d8,GARQ,D11,3,40,40,21,0.07058966,CD8+ T
TAGGCTTAGCGATAAG-14-s4d8,GARQ,D11,3,40,40,31,0.012699127,cDC2
GGTTTGTAGCATGGTT-14-s4d8,GARQ,D11,3,40,40,8,0.035072327,CD8+ T
ATGTTTGAGGCTAAGA-14-s4d8,GARQ,D11,3,40,40,21,0.08173764,CD8+ T
GGGATTAAGCCTGGTA-14-s4d8,GARQ,D11,3,40,40,31,0.017763078,Lymph prog
AACTTAGTCTGCAACG-14-s4d8,GARQ,D11,3,40,40,22,0.015683174,CD8+ T
TCATTACTCTATCGCC-14-s4d8,GARQ,D11,3,40,40,23,0.0050401688,CD8+ T
ACACGGACAGGCTAAG-14-s4d8,GARQ,D11,3,40,40,35,0.1425606,CD4+ T naive
TACGCACCACTTACAG-14-s4d8,GARQ,D11,3,40,40,35,0.11569476,CD4+ T activated
ACCAAACTCAGCACCA-14-s4d8,GARQ,D11,3,40,40,1,0.11210361,MK/E prog
TTGTGCGAGGTCGAGG-14-s4d8,GARQ,D11,3,40,40,31,0.002737999,CD14+ Mono
TGCTCCGTCATGCAAC-14-s4d8,GARQ,D11,3,40,40,30,0.12477034,CD8+ T
CTCTATGTCTGGCATG-14-s4d8,GARQ,D11,3,40,40,5,0.24558318,NK
CAATAGCTCGCAACAT-14-s4d8,GARQ,D11,3,40,40,21,0.09369469,CD8+ T
CGCACACAGGAGGACT-14-s4d8,GARQ,D11,3,40,40,5,0.062305927,CD8+ T
CAAGGCTGTCACGGAT-14-s4d8,GARQ,D11,3,40,40,0,0.02541399,CD8+ T
AGCTGCTCAAGGCCAA-14-s4d8,GARQ,D11,3,40,40,21,0.075458646,CD8+ T
AACCTTAAGGCTGTCA-14-s4d8,GARQ,D11,3,40,40,21,0.12178099,CD8+ T
AACAAAGGTCACAAAT-14-s4d8,GARQ,D11,3,40,40,21,0.17925262,CD8+ T
GGCCTTCGTTTGGCTT-14-s4d8,GARQ,D11,3,40,40,6,0.008839846,CD8+ T
TCTCACCAGGGTTAGA-14-s4d8,GARQ,D11,3,40,40,31,0.084311485,CD14+ Mono
GTCGAGGAGCTGCACA-14-s4d8,GARQ,D11,3,40,40,31,0.25399953,CD16+ Mono
ACGAACAAGAACAAGT-14-s4d8,GARQ,D11,3,40,40,21,0.07500613,CD8+ T
TTAACTGAGTTATGGC-14-s4d8,GARQ,D11,3,40,40,21,0.08311832,NK
GCCTGACAGCCTGTTC-14-s4d8,GARQ,D11,3,40,40,10,0.10334957,cDC2
ATTGGTTCATCCATCT-14-s4d8,GARQ,D11,3,40,40,35,0.05976057,CD4+ T naive
AGAATCTGTTGGTTAG-14-s4d8,GARQ,D11,3,40,40,31,0.0790143,CD14+ Mono
TCGTTATTCATAGACC-14-s4d8,GARQ,D11,3,40,40,16,0.0076174736,B1 B
ATTGAAGCAACTGGGA-14-s4d8,GARQ,D11,3,40,40,10,0.0711728,HSC
CGCATGATCATGAAGG-14-s4d8,GARQ,D11,3,40,40,21,0.0932194,CD8+ T
TATTTGGAGGTTAGAG-14-s4d8,GARQ,D11,3,40,40,19,0.15059829,CD8+ T
CGTAATGGTTCGGTAA-14-s4d8,GARQ,D11,3,40,40,21,0.02813214,NK
CGTGTTACACAAACTT-14-s4d8,GARQ,D11,3,40,40,0,0.064139605,CD8+ T
CGTCCTAGTTCGCTCA-14-s4d8,GARQ,D11,3,40,40,10,0.14534229,CD14+ Mono
TACGGTTAGCATGCAT-14-s4d8,GARQ,D11,3,40,40,5,0.12694132,NK
CCTAAGGTCCTCCTAA-14-s4d8,GARQ,D11,3,40,40,1,0.19116756,Proerythroblast
TCTCCTCGTGTTGTAG-14-s4d8,GARQ,D11,3,40,40,1,0.250071,Erythroblast
TCTTCAAGTTGGTGAC-14-s4d8,GARQ,D11,3,40,40,3,0.2322442,Naive CD20+ B
ACAACATGTGAGGTGA-14-s4d8,GARQ,D11,3,40,40,31,0.1986149,Lymph prog
CTCGACAAGGCAAGTA-14-s4d8,GARQ,D11,3,40,40,1,0.019076228,Normoblast
CTCTTGATCTCACTAT-14-s4d8,GARQ,D11,3,40,40,35,0.21861577,CD8+ T
AAGGTATAGGTCCACA-14-s4d8,GARQ,D11,3,40,40,21,0.10586274,CD8+ T
TGGTTCCTCCTCCATA-14-s4d8,GARQ,D11,3,40,40,21,0.054975867,CD4+ T activated
GATAATCGTCAATACG-14-s4d8,GARQ,D11,3,40,40,31,0.03652066,Naive CD20+ B
AATGTCATCGTGCTTC-14-s4d8,GARQ,D11,3,40,40,35,0.046762943,CD8+ T
ATGACCAGTACCCACC-14-s4d8,GARQ,D11,3,40,40,31,0.05534649,B1 B
AACTACTCAGATTCAT-14-s4d8,GARQ,D11,3,40,40,3,0.017434835,cDC2
ATGTAACGTCCTTAGT-14-s4d8,GARQ,D11,3,40,40,31,0.52248824,cDC2
CTCATGACAGATTCAT-14-s4d8,GARQ,D11,3,40,40,31,0.2728294,HSC
TACCTGCTCCTCCCTC-14-s4d8,GARQ,D11,3,40,40,19,0.06397414,CD8+ T
GCAAACTTCCGTGACA-14-s4d8,GARQ,D11,3,40,40,35,0.0050754547,CD8+ T
CATCCTCAGCAACATC-14-s4d8,GARQ,D11,3,40,40,3,0.6032891,Naive CD20+ B
GGTCCTGCAAGCTACC-14-s4d8,GARQ,D11,3,40,40,35,0.107026815,CD4+ T activated
AGTTACTCACAACAAA-14-s4d8,GARQ,D11,3,40,40,1,0.44167072,Erythroblast
GTTTCCTCATATTGAC-14-s4d8,GARQ,D11,3,40,40,19,0.081526995,CD8+ T
TTCCTTCTCATAACGC-14-s4d8,GARQ,D11,3,40,40,1,0.21971768,Proerythroblast
ACTTACTTCCTAAGGT-14-s4d8,GARQ,D11,3,40,40,21,0.12751997,CD8+ T
TGCACCTTCCTGAATA-14-s4d8,GARQ,D11,3,40,40,5,0.101355076,CD8+ T
TTAATCGAGACAAAGT-14-s4d8,GARQ,D11,3,40,40,5,0.018368006,CD8+ T
GAGTTGCGTTGCATCT-14-s4d8,GARQ,D11,3,40,40,27,0.072386354,MK/E prog
GACCTTTGTTGTTGCT-14-s4d8,GARQ,D11,3,40,40,5,0.07489443,CD8+ T
TTATGCGCAAGGCCAA-14-s4d8,GARQ,D11,3,40,40,31,0.15273798,Transitional B
GCTCACAAGGTTACGT-14-s4d8,GARQ,D11,3,40,40,19,0.009526491,CD8+ T
CCAACCAAGGGTGAAC-14-s4d8,GARQ,D11,3,40,40,35,0.11156422,CD4+ T activated
CAAGTTATCGTGCTAG-14-s4d8,GARQ,D11,3,40,40,3,0.2778579,Naive CD20+ B
GGTGATTTCCTAATAG-14-s4d8,GARQ,D11,3,40,40,21,0.088920355,CD8+ T
GGTCGGTTCACTTTAC-14-s4d8,GARQ,D11,3,40,40,16,6.121397e-05,Lymph prog
ATTCATGAGGTCTTGG-14-s4d8,GARQ,D11,3,40,40,5,0.021740615,CD8+ T
AGCTATATCCCTGTTA-14-s4d8,GARQ,D11,3,40,40,35,0.06330848,CD8+ T
CGTATTGCACACCAAC-14-s4d8,GARQ,D11,3,40,40,1,0.31924608,Proerythroblast
CTTTGTCCAAACATAG-14-s4d8,GARQ,D11,3,40,40,3,0.14283037,B1 B
TGCGCGAGTATTCGCT-14-s4d8,GARQ,D11,3,40,40,21,0.046450973,CD8+ T
CTGTATTTCATTTGTC-14-s4d8,GARQ,D11,3,40,40,1,0.3359195,Normoblast
TAGCCTGAGGCAGGTG-14-s4d8,GARQ,D11,3,40,40,6,0.014228523,CD4+ T naive
CTTAAGGGTCGACTCC-14-s4d8,GARQ,D11,3,40,40,31,0.05935335,CD14+ Mono
TTGTTCCCACATAACT-14-s4d8,GARQ,D11,3,40,40,10,0.122979105,Naive CD20+ B
TCAAGGTTCGGCCAGT-14-s4d8,GARQ,D11,3,40,40,10,0.20913279,CD14+ Mono
ATGAAGTAGTCAATTG-14-s4d8,GARQ,D11,3,40,40,6,0.06054312,CD8+ T
CACCGGTAGGAACCGG-14-s4d8,GARQ,D11,3,40,40,5,0.10152882,CD4+ T activated
TGTGTGAGTTAGTACG-14-s4d8,GARQ,D11,3,40,40,3,0.003430128,Transitional B
GCTGGTTCATGTCGCG-14-s4d8,GARQ,D11,3,40,40,21,0.121763706,CD8+ T
TTCCCACAGGAACCAA-14-s4d8,GARQ,D11,3,40,40,19,0.11592007,CD8+ T
CTTAGGAGTTGGTTCT-14-s4d8,GARQ,D11,3,40,40,5,0.051731706,CD8+ T
TCGTCAACAGTCTATG-14-s4d8,GARQ,D11,3,40,40,10,0.08787322,CD16+ Mono
TGTAAAGCAGGTATTT-14-s4d8,GARQ,D11,3,40,40,31,0.139377,Transitional B
GCAATCTAGTAACCCG-14-s4d8,GARQ,D11,3,40,40,5,0.024620295,NK
GCTAAGAAGGTCCACA-14-s4d8,GARQ,D11,3,40,40,31,0.46421587,cDC2
GGCCTCTGTTACGCGG-14-s4d8,GARQ,D11,3,40,40,36,0.0055191517,CD8+ T
ACGTCCAAGGGACCTC-14-s4d8,GARQ,D11,3,40,40,29,0.0050573945,CD8+ T
GTTAAGTGTGAGGTAG-14-s4d8,GARQ,D11,3,40,40,33,0.02905655,CD8+ T
TCCAGGTCAATAGTCT-14-s4d8,GARQ,D11,3,40,40,5,0.14721847,CD8+ T
CAAACAACACTTCACT-14-s4d8,GARQ,D11,3,40,40,31,0.0076565146,cDC2
CGAATATGTAACTACG-14-s4d8,GARQ,D11,3,40,40,35,0.0011005402,CD8+ T
AGCTACGTCCTAAGTA-14-s4d8,GARQ,D11,3,40,40,5,0.08864832,CD8+ T
GACTCACCATTGCGAC-14-s4d8,GARQ,D11,3,40,40,6,0.0058556795,NK
GGCTTCAAGTCACGAT-14-s4d8,GARQ,D11,3,40,40,35,0.14725327,CD8+ T
TTACGTTTCCCTGACT-14-s4d8,GARQ,D11,3,40,40,31,0.10133135,B1 B
CCAGGATGTCATTGAG-14-s4d8,GARQ,D11,3,40,40,5,0.018919945,CD8+ T
CTGGACCAGTTAGTGC-14-s4d8,GARQ,D11,3,40,40,31,0.028798759,Transitional B
GTGCTTACACAACCTA-14-s4d8,GARQ,D11,3,40,40,3,0.1370852,Naive CD20+ B
CATTCATTCGTTTCCA-14-s4d8,GARQ,D11,3,40,40,31,0.008923054,Naive CD20+ B
TGCTTGTGTATACTGG-14-s4d8,GARQ,D11,3,40,40,19,0.07665193,CD8+ T
TGTGGCCAGCAAACCT-14-s4d8,GARQ,D11,3,40,40,21,0.13198268,CD8+ T
CCTTCAGGTACAAAGA-14-s4d8,GARQ,D11,3,40,40,19,0.23029852,CD8+ T
TCCGGTAAGTAGCCAT-14-s4d8,GARQ,D11,3,40,40,19,0.10372913,CD8+ T
GGAACTAAGGAGCATA-14-s4d8,GARQ,D11,3,40,40,21,0.0095489025,CD8+ T
GACCTAAGTTCAAGCA-14-s4d8,GARQ,D11,3,40,40,31,0.14393401,MK/E prog
TTCGCAACATTAAGTC-14-s4d8,GARQ,D11,3,40,40,0,0.05268812,CD8+ T
AGTTGCAGTTATCCGT-14-s4d8,GARQ,D11,3,40,40,31,0.12959963,Transitional B
GTGCGCAGTTAAGCCA-14-s4d8,GARQ,D11,3,40,40,1,0.27908164,Erythroblast
CGACCTGCAGCAAGTG-14-s4d8,GARQ,D11,3,40,40,35,0.046289027,CD4+ T activated
ATTATCCTCCAGGTTG-14-s4d8,GARQ,D11,3,40,40,31,0.103954315,Transitional B
GTGGTTAGTAATGACT-14-s4d8,GARQ,D11,3,40,40,5,0.040768385,NK
ATTACTGAGCCTGTTC-14-s4d8,GARQ,D11,3,40,40,21,0.0076669455,CD4+ T activated
CCCTGTTAGTTTAACG-14-s4d8,GARQ,D11,3,40,40,35,0.17243087,CD4+ T activated
TCTTTGTAGCTATGAC-14-s4d8,GARQ,D11,3,40,40,22,0.04401815,CD8+ T
AACATAGCACAACAAA-14-s4d8,GARQ,D11,3,40,40,23,0.08877754,CD4+ T activated
CCTTTAGTCAGTGAAG-14-s4d8,GARQ,D11,3,40,40,1,0.12484324,Proerythroblast
CGGATTAGTTTGCGCC-14-s4d8,GARQ,D11,3,40,40,35,0.01038754,CD4+ T naive
GGTGAGCCACGGTACT-14-s4d8,GARQ,D11,3,40,40,31,0.32574832,MK/E prog
CATTATGAGTTACCGG-14-s4d8,GARQ,D11,3,40,40,21,0.06979048,CD4+ T activated
ATCAATCCAGAGAGCC-14-s4d8,GARQ,D11,3,40,40,0,0.041348457,CD8+ T
CTCATCATCAATACGC-14-s4d8,GARQ,D11,3,40,40,19,0.007992506,NK
TCATTGTTCGTTATCT-14-s4d8,GARQ,D11,3,40,40,31,0.07365811,Transitional B
TCCTGGTTCATAAGCC-14-s4d8,GARQ,D11,3,40,40,35,0.012986541,CD4+ T naive
CAATGACTCATTTAGG-14-s4d8,GARQ,D11,3,40,40,1,0.17983675,Proerythroblast
TCCCTGGTCCAAATCA-14-s4d8,GARQ,D11,3,40,40,3,0.23707056,B1 B
GGTTTCCTCCTCAGTC-14-s4d8,GARQ,D11,3,40,40,18,0.0049362183,B1 B
AGGAACCAGTTTCCGC-14-s4d8,GARQ,D11,3,40,40,31,0.0583601,Naive CD20+ B
TTAGCTGCAGACAAAC-14-s4d8,GARQ,D11,3,40,40,21,0.019850135,NK
TTAACTGAGTTAGTTG-14-s4d8,GARQ,D11,3,40,40,5,0.035562515,CD8+ T
TCCGGAATCAACCAAC-14-s4d8,GARQ,D11,3,40,40,11,0.09797883,NK
TGCATTAAGCATGGTT-14-s4d8,GARQ,D11,3,40,40,31,0.09808493,CD14+ Mono
TTACACCGTTTGCTGT-14-s4d8,GARQ,D11,3,40,40,21,0.030519068,CD8+ T
TACAAGCTCCTTGAGG-14-s4d8,GARQ,D11,3,40,40,1,0.108936965,Proerythroblast
GGTTGCTCATCCTGAA-14-s4d8,GARQ,D11,3,40,40,1,0.19886345,Proerythroblast
ACTCACCTCTTGACCC-14-s4d8,GARQ,D11,3,40,40,35,0.06534004,CD8+ T
ACCAAACTCCCGAAGC-14-s4d8,GARQ,D11,3,40,40,21,0.03859842,CD4+ T activated
GATAAGCCATAGTCAT-14-s4d8,GARQ,D11,3,40,40,34,0.042895555,Normoblast
AGCCAGTGTCCTTAGT-14-s4d8,GARQ,D11,3,40,40,1,0.3680567,Proerythroblast
ATGACTCAGAGGATAT-14-s4d8,GARQ,D11,3,40,40,1,0.56935906,Erythroblast
GTATCGCCACTAGGTC-14-s4d8,GARQ,D11,3,40,40,31,0.24196917,MK/E prog
ACCATAATCTAAGTCA-14-s4d8,GARQ,D11,3,40,40,21,0.22109246,CD8+ T
TAGCTAGGTTAGGTTG-14-s4d8,GARQ,D11,3,40,40,5,0.03767836,CD8+ T
AAACGCGCAAGTCGCT-14-s4d8,GARQ,D11,3,40,40,4,0.015354991,Plasma cell
GGCCTCTGTGTCACGG-14-s4d8,GARQ,D11,3,40,40,35,0.11701143,CD8+ T
CAGGCTATCGTTCACC-14-s4d8,GARQ,D11,3,40,40,21,0.031748176,CD4+ T activated
CATTGTGCACCCTCAC-14-s4d8,GARQ,D11,3,40,40,12,0.0010874271,Transitional B
GTGCCTTTCCAGGTTG-14-s4d8,GARQ,D11,3,40,40,21,0.14755827,CD8+ T
GCACTTACAGGACCAA-14-s4d8,GARQ,D11,3,40,40,22,0.038216352,CD4+ T naive
GCAGCAACACCGGTAT-14-s4d8,GARQ,D11,3,40,40,35,0.010316014,CD8+ T
GGTGAGTAGCTCATAA-14-s4d8,GARQ,D11,3,40,40,16,0.01166141,Naive CD20+ B
GAGCGGTCACAATACT-14-s4d8,GARQ,D11,3,40,40,3,0.10647488,Naive CD20+ B
AAAGCAAGTGTCCTGC-14-s4d8,GARQ,D11,3,40,40,1,0.14898825,Proerythroblast
AATTGTGTCATCCTGC-14-s4d8,GARQ,D11,3,40,40,21,0.16559756,CD8+ T
GAGTAACCAATAATGG-14-s4d8,GARQ,D11,3,40,40,21,0.12866783,CD8+ T
CCCAGTTTCCCTGGTT-14-s4d8,GARQ,D11,3,40,40,23,0.18752027,NK
ATATGTCCAGCCGCTA-14-s4d8,GARQ,D11,3,40,40,0,0.018109083,CD8+ T
AACAGGATCCTGGCTT-14-s4d8,GARQ,D11,3,40,40,0,0.17176151,CD8+ T
GTCGAGGAGGGACGCA-14-s4d8,GARQ,D11,3,40,40,21,0.010783672,CD8+ T
ACAGGTAAGGCGAAAC-14-s4d8,GARQ,D11,3,40,40,35,0.065500975,CD8+ T
ACTGAAACAGTTAGCC-14-s4d8,GARQ,D11,3,40,40,21,0.13695669,CD8+ T
ACTTAGGGTTAGGATT-14-s4d8,GARQ,D11,3,40,40,17,0.04076004,Transitional B
GAGGCAAGTCCGTAGG-14-s4d8,GARQ,D11,3,40,40,28,0.005962014,Proerythroblast
GCTATAGGTATTCGTC-14-s4d8,GARQ,D11,3,40,40,35,0.039969802,CD8+ T
CGGGCTTAGTACTGGT-14-s4d8,GARQ,D11,3,40,40,3,0.09036803,Lymph prog
ACACAATGTAAGCTCA-14-s4d8,GARQ,D11,3,40,40,9,0.018420964,Naive CD20+ B
CAGGACACAGAACCGA-14-s4d8,GARQ,D11,3,40,40,19,0.15208471,CD8+ T
GCTAAGAAGCAACATC-14-s4d8,GARQ,D11,3,40,40,31,0.21768126,MK/E prog
AGGTTTATCTGGTCCT-14-s4d8,GARQ,D11,3,40,40,1,0.21980274,Proerythroblast
TGGACCGGTTCTTTAG-14-s4d8,GARQ,D11,3,40,40,19,0.021040559,CD8+ T
GCTCGATCATTATGGT-14-s4d8,GARQ,D11,3,40,40,9,0.12295383,Naive CD20+ B
CTCCGTCCATACCCGG-14-s4d8,GARQ,D11,3,40,40,23,0.015194178,CD8+ T
GCCAACATCATTTGCT-14-s4d8,GARQ,D11,3,40,40,35,0.123198986,CD4+ T activated
TTTACGAAGTAAGTCC-14-s4d8,GARQ,D11,3,40,40,35,0.12377095,CD4+ T naive
TCCATAAAGACCATAC-14-s4d8,GARQ,D11,3,40,40,5,0.08136535,NK
CTATTGAAGGCCGGAA-14-s4d8,GARQ,D11,3,40,40,3,0.1543693,B1 B
TCAAGACTCAGCACCA-14-s4d8,GARQ,D11,3,40,40,19,0.026836157,CD8+ T
TTAGTCAAGTTTGAGC-14-s4d8,GARQ,D11,3,40,40,19,0.12757635,CD8+ T
GCTCCTTAGGGATGAC-14-s4d8,GARQ,D11,3,40,40,21,0.068403244,CD8+ T
TGGTTGAGTTCAAGCA-14-s4d8,GARQ,D11,3,40,40,31,0.31267822,Naive CD20+ B
TACTTCGTCAAGCCTG-14-s4d8,GARQ,D11,3,40,40,1,0.14205629,MK/E prog
AGAACCGCACGTGCTG-14-s4d8,GARQ,D11,3,40,40,35,0.09186399,CD4+ T activated
GCACGAACAGCACCAT-14-s4d8,GARQ,D11,3,40,40,16,0.037119985,Lymph prog
CTTGGACCATCCTAGA-14-s4d8,GARQ,D11,3,40,40,21,0.03796041,CD8+ T
TAATCACCACTTAACG-14-s4d8,GARQ,D11,3,40,40,21,0.09249067,CD8+ T
TCGTTAAAGAGCCGGA-14-s4d8,GARQ,D11,3,40,40,1,0.27241802,MK/E prog
TCATTGTTCAAGTGAG-14-s4d8,GARQ,D11,3,40,40,33,0.033189535,CD8+ T
AGAGGAACATGAAATG-14-s4d8,GARQ,D11,3,40,40,21,0.11911821,CD8+ T
CCAGGAACACACAATT-14-s4d8,GARQ,D11,3,40,40,6,0.31301653,CD8+ T
GGGCATTGTTCACCAT-14-s4d8,GARQ,D11,3,40,40,35,0.06234634,CD8+ T
TTCCCACAGGCCATCA-14-s4d8,GARQ,D11,3,40,40,35,0.017234564,CD4+ T naive
CAGATTCAGGACCTCA-14-s4d8,GARQ,D11,3,40,40,21,0.09278035,CD8+ T
AATGCATGTCACAAAT-14-s4d8,GARQ,D11,3,40,40,5,0.011160374,CD8+ T
ACTTAGGGTCCTCCAA-14-s4d8,GARQ,D11,3,40,40,21,0.06974864,CD8+ T
TGGTTAATCAATCATG-14-s4d8,GARQ,D11,3,40,40,33,0.079990864,CD8+ T
GAGGACTAGCTGGCTA-14-s4d8,GARQ,D11,3,40,40,35,0.0021766424,CD8+ T
CCGTTTGGTGTCCAGG-14-s4d8,GARQ,D11,3,40,40,10,0.29079437,CD14+ Mono
ATTGCGCCACAGGGAC-14-s4d8,GARQ,D11,3,40,40,35,0.027833939,CD8+ T
ACTAAAGCATTTAAGC-14-s4d8,GARQ,D11,3,40,40,35,0.20998454,CD8+ T
TGACTTCGTGTGAGAG-14-s4d8,GARQ,D11,3,40,40,22,0.071032286,CD4+ T activated
GCATCCTTCCGTGACA-14-s4d8,GARQ,D11,3,40,40,8,0.04079497,CD4+ T naive
TGCTGGATCTCATCAT-14-s4d8,GARQ,D11,3,40,40,31,0.008731127,HSC
TTTAAGGTCTAAGTGC-14-s4d8,GARQ,D11,3,40,40,3,0.018717885,Lymph prog
GGTTATATCACTTTAC-14-s4d8,GARQ,D11,3,40,40,1,0.10926163,Normoblast
CAAGTGAAGCAAGGTA-14-s4d8,GARQ,D11,3,40,40,16,0.056296945,Naive CD20+ B
CAATCTAAGGCATGAA-14-s4d8,GARQ,D11,3,40,40,0,0.00042676926,CD8+ T
TAAGGACCACACAATT-14-s4d8,GARQ,D11,3,40,40,10,0.23141068,CD14+ Mono
TTGACTAAGATGCCTG-14-s4d8,GARQ,D11,3,40,40,5,0.04404664,NK
CCGGTAGGTTGTTGCT-14-s4d8,GARQ,D11,3,40,40,1,0.36342573,Proerythroblast
CCGGTTAAGCTAGAAG-14-s4d8,GARQ,D11,3,40,40,5,0.03450632,CD8+ T
ATCTTTGGTATTGCAG-14-s4d8,GARQ,D11,3,40,40,31,0.1531223,Transitional B
GTACTAATCCTAGTAA-14-s4d8,GARQ,D11,3,40,40,21,0.012747169,CD8+ T
TCCAGGTCAGCAAGAT-14-s4d8,GARQ,D11,3,40,40,3,0.25118762,Lymph prog
CCTCAATGTAGCCATA-14-s4d8,GARQ,D11,3,40,40,21,0.14493442,CD8+ T
GATTTGCAGTAATCCA-14-s4d8,GARQ,D11,3,40,40,19,0.017339706,CD8+ T
GCAATATGTGGGTGAA-14-s4d8,GARQ,D11,3,40,40,16,0.026191711,Transitional B
GGTGCTGGTTTCGCGC-14-s4d8,GARQ,D11,3,40,40,10,0.07396996,CD14+ Mono
TGCTAGCCAGCTCATA-14-s4d8,GARQ,D11,3,40,40,35,0.0060755014,CD4+ T naive
GATTCAATCGATTTAG-14-s4d8,GARQ,D11,3,40,40,21,0.07409358,CD8+ T
AAGGTCAAGCATGGTT-14-s4d8,GARQ,D11,3,40,40,31,0.055485606,Transitional B
TTCCTTCTCTTAGCCC-14-s4d8,GARQ,D11,3,40,40,21,0.0015155077,CD8+ T
GATCAAGAGGTTAGAG-14-s4d8,GARQ,D11,3,40,40,30,0.015035629,CD8+ T
CTAAGTCAGGGCTAAA-14-s4d8,GARQ,D11,3,40,40,31,0.089925945,CD16+ Mono
GTCTAATCAAGTAAGC-14-s4d8,GARQ,D11,3,40,40,1,0.28625143,Proerythroblast
ACGCCACAGAACCTGT-14-s4d8,GARQ,D11,3,40,40,19,0.021459103,CD8+ T
CTTACCGGTAGACAAA-14-s4d8,GARQ,D11,3,40,40,5,0.14088333,NK
ATCCTCATCGATATTG-14-s4d8,GARQ,D11,3,40,40,1,0.24423212,Proerythroblast
TGCGGTTCAGCTTACA-14-s4d8,GARQ,D11,3,40,40,34,0.011372685,Normoblast
CGAATATGTTTGCGCC-14-s4d8,GARQ,D11,3,40,40,3,0.18243313,Naive CD20+ B
GAGGTAGGTGAAGCCT-14-s4d8,GARQ,D11,3,40,40,35,0.08705008,CD4+ T activated
ATTATGGTCGTTATAG-14-s4d8,GARQ,D11,3,40,40,22,0.05947876,CD4+ T activated
CATCCTCAGAGGAAGG-14-s4d8,GARQ,D11,3,40,40,21,0.07685292,CD8+ T
TATCCGGAGGCTGTCA-14-s4d8,GARQ,D11,3,40,40,1,0.41277397,Proerythroblast
GGCATTGTCTTAGGGT-14-s4d8,GARQ,D11,3,40,40,19,0.11711037,CD8+ T
GAGCCTTCAGCATTAT-14-s4d8,GARQ,D11,3,40,40,5,0.007724285,CD8+ T
GTTCATTTCGCTCCAT-14-s4d8,GARQ,D11,3,40,40,29,0.07877332,CD4+ T naive
AAACGTACATCAGCAC-14-s4d8,GARQ,D11,3,40,40,19,0.32142246,CD8+ T
GCTTACCTCAGCCAAT-14-s4d8,GARQ,D11,3,40,40,9,0.12540078,Naive CD20+ B
TTGTCCCAGGGTCTAT-14-s4d8,GARQ,D11,3,40,40,16,0.010451019,Naive CD20+ B
GAAGCCTGTTTGGGTA-14-s4d8,GARQ,D11,3,40,40,29,0.049142838,CD4+ T activated
