cell_id,method,dataset,seed,requested_K,realized_K,metacell_id,delta_confidence,cell_type
CTAATGTCATTGTTGG-14-s4d8,GARQ,D11,4,40,35,4,0.058421552,CD8+ T
GATTTGCAGTTGCGTG-14-s4d8,GARQ,D11,4,40,35,27,0.17780119,NK
GAGTATCTCCGGTTAG-14-s4d8,GARQ,D11,4,40,35,0,0.12100768,Lymph prog
CAATCGCCATAGCAGG-14-s4d8,GARQ,D11,4,40,35,4,0.026922584,CD4+ T activated
CCGCACACATTTGCTC-14-s4d8,GARQ,D11,4,40,35,13,0.060818017,CD4+ T activated
GAGAGGCGTCATTGTC-14-s4d8,GARQ,D11,4,40,35,0,0.26037973,Proerythroblast
TGCTTTAGTTCACCCA-14-s4d8,GARQ,D11,4,40,35,7,0.048751295,CD8+ T
ATGTTGTCATTATCCC-14-s4d8,GARQ,D11,4,40,35,35,0.21773839,CD8+ T
GAAGTAAGTAATGACT-14-s4d8,GARQ,D11,4,40,35,38,0.15485328,CD8+ T
ATAGCATGTCTAACAG-14-s4d8,GARQ,D11,4,40,35,15,0.001011014,Naive CD20+ B
TTGTTTGGTTGGATAT-14-s4d8,GARQ,D11,4,40,35,23,0.058048874,CD4+ T naive
TAAAGCCTCTCAATTC-14-s4d8,GARQ,D11,4,40,35,22,0.260625,CD8+ T
TGAAGGATCGTTACTT-14-s4d8,GARQ,D11,4,40,35,27,0.084044814,CD8+ T
TGTTGTGCACCAGCAT-14-s4d8,GARQ,D11,4,40,35,0,0.06412101,Proerythroblast
AGCAGGTAGTGGCGGA-14-s4d8,GARQ,D11,4,40,35,27,0.097913265,CD8+ T
CGCTTACTCAATTACG-14-s4d8,GARQ,D11,4,40,35,4,0.0046744347,CD8+ T
TTGTCCATCGCTAGAT-14-s4d8,GARQ,D11,4,40,35,35,0.021918327,NK
GGTCAATTCACTCAAA-14-s4d8,GARQ,D11,4,40,35,22,0.18148088,CD8+ T
TCAGCAAGTCATAAGT-14-s4d8,GARQ,D11,4,40,35,0,0.00065514445,Proerythroblast
TCTTGTCCAGTTAGCC-14-s4d8,GARQ,D11,4,40,35,8,0.31886277,Lymph prog
TGCTCCGTCCCTCTAA-14-s4d8,GARQ,D11,4,40,35,38,0.22047698,CD8+ T
CATTCCTCAGGACCAA-14-s4d8,GARQ,D11,4,40,35,7,0.027160764,CD8+ T
GCAAACTTCTTAAGTG-14-s4d8,GARQ,D11,4,40,35,4,0.22571725,NK
ATGGCTAGTCATTGTC-14-s4d8,GARQ,D11,4,40,35,4,0.023045301,CD8+ T
TTCCCACAGAGGCTAA-14-s4d8,GARQ,D11,4,40,35,17,0.07420924,HSC
GGTTTCCTCATAGACC-14-s4d8,GARQ,D11,4,40,35,22,0.07615745,CD8+ T
GCGTTTCTCTCAATTC-14-s4d8,GARQ,D11,4,40,35,22,0.2822205,CD8+ T
AGAAACTAGTGAGGTA-14-s4d8,GARQ,D11,4,40,35,4,0.009382725,CD4+ T activated
TTGGCTGAGTTGTCCC-14-s4d8,GARQ,D11,4,40,35,27,0.023640811,CD8+ T
CATAGACTCCTTCAAT-14-s4d8,GARQ,D11,4,40,35,22,0.090932965,B1 B
TGACTTCGTTTAACGG-14-s4d8,GARQ,D11,4,40,35,4,0.018515944,CD8+ T
GCTTGACCAAGTGAAC-14-s4d8,GARQ,D11,4,40,35,27,0.03615433,CD8+ T
CGGTGAACATGAGTTT-14-s4d8,GARQ,D11,4,40,35,4,0.09002036,CD8+ T
GAGTTACTCGCTATAA-14-s4d8,GARQ,D11,4,40,35,7,0.06099987,CD8+ T
GATTGTTCAGCAAATA-14-s4d8,GARQ,D11,4,40,35,4,0.15265787,CD8+ T
TCATGAGGTGAGCAAG-14-s4d8,GARQ,D11,4,40,35,0,0.11445105,Proerythroblast
GCTTAACAGATAGACG-14-s4d8,GARQ,D11,4,40,35,2,0.007294774,CD8+ T
ACAGGATCACAACCTA-14-s4d8,GARQ,D11,4,40,35,4,0.1573672,CD8+ T
ACCTAAATCAATCTCT-14-s4d8,GARQ,D11,4,40,35,22,0.09656179,CD4+ T activated
GACCTCAAGCTGTAAC-14-s4d8,GARQ,D11,4,40,35,16,0.086838365,cDC2
ACTTGAATCGTTATCT-14-s4d8,GARQ,D11,4,40,35,4,0.057491064,CD4+ T activated
TCAAACCAGAAAGCAT-14-s4d8,GARQ,D11,4,40,35,0,0.20741272,Proerythroblast
TGCGATTAGGTCCTGA-14-s4d8,GARQ,D11,4,40,35,22,0.0605309,CD8+ T
TCTGGCTTCCCTGTTA-14-s4d8,GARQ,D11,4,40,35,4,0.18048632,Naive CD20+ B
TTGCCCGTCATAATCG-14-s4d8,GARQ,D11,4,40,35,16,0.019138932,G/M prog
TCGTTACGTCGTTACT-14-s4d8,GARQ,D11,4,40,35,4,0.085994005,CD8+ T
TCCGGAATCCAAATCA-14-s4d8,GARQ,D11,4,40,35,0,0.05546397,Proerythroblast
CTATGATCAACATAAG-14-s4d8,GARQ,D11,4,40,35,22,0.004728377,CD8+ T
AGTGGACAGAAGCTAG-14-s4d8,GARQ,D11,4,40,35,16,0.033233225,cDC2
AGTGCACGTACTTAGG-14-s4d8,GARQ,D11,4,40,35,37,0.028739959,Transitional B
ATGGACAAGCTTAACA-14-s4d8,GARQ,D11,4,40,35,35,0.09400016,CD8+ T
TTTGTCCCAAGGATTA-14-s4d8,GARQ,D11,4,40,35,4,0.13921195,CD8+ T
TGCTATGCAGGTTAAA-14-s4d8,GARQ,D11,4,40,35,18,0.099250585,cDC2
TAACCAGGTATTTGGG-14-s4d8,GARQ,D11,4,40,35,22,0.15544152,CD8+ T
TCTTTGTAGGTGCTGC-14-s4d8,GARQ,D11,4,40,35,8,0.19595474,Naive CD20+ B
TGTAATGTCAGTATTG-14-s4d8,GARQ,D11,4,40,35,17,0.01809144,Transitional B
GATTACTCAGCACCAT-14-s4d8,GARQ,D11,4,40,35,4,0.065196455,CD4+ T activated
CGAAGGCCAGGATGGC-14-s4d8,GARQ,D11,4,40,35,1,0.084270805,Naive CD20+ B
CTTGTCCAGTTTGGTA-14-s4d8,GARQ,D11,4,40,35,4,0.06874764,CD4+ T activated
ACCTCACTCGCTAAGT-14-s4d8,GARQ,D11,4,40,35,4,0.023841202,Transitional B
TATGGGCGTTTGAGGC-14-s4d8,GARQ,D11,4,40,35,7,0.037683606,CD8+ T
GCTCACAAGTATTGCA-14-s4d8,GARQ,D11,4,40,35,0,0.14544863,Proerythroblast
CGCACCACACCGTTCC-14-s4d8,GARQ,D11,4,40,35,35,0.0362581,CD8+ T
AGAGGAACATATTGAC-14-s4d8,GARQ,D11,4,40,35,22,0.18932742,CD4+ T naive
GATAATCGTTGTAACG-14-s4d8,GARQ,D11,4,40,35,7,0.03660345,CD8+ T
CTCATTAGTAATCACG-14-s4d8,GARQ,D11,4,40,35,0,0.11822641,Erythroblast
ACTTGCACATTCAGCA-14-s4d8,GARQ,D11,4,40,35,8,0.14756098,Naive CD20+ B
CATCGCTTCAATGAGG-14-s4d8,GARQ,D11,4,40,35,11,0.056013167,CD8+ T
GTCCATTGTAACCACA-14-s4d8,GARQ,D11,4,40,35,0,0.011640489,Proerythroblast
TACCGTTGTTGCGGAT-14-s4d8,GARQ,D11,4,40,35,17,0.034319878,Lymph prog
CGTAGTTAGGTCCACA-14-s4d8,GARQ,D11,4,40,35,22,0.015833735,CD4+ T activated
AATATCCCAATGCGCT-14-s4d8,GARQ,D11,4,40,35,17,0.007799506,Transitional B
CCTAAAGGTCACCAAA-14-s4d8,GARQ,D11,4,40,35,7,0.09933227,NK
GCTGGATGTTACGCGG-14-s4d8,GARQ,D11,4,40,35,22,0.12160784,CD8+ T
CCTAAAGGTTAATGAC-14-s4d8,GARQ,D11,4,40,35,4,0.19762838,CD8+ T
ACTGAAACAATCGCAC-14-s4d8,GARQ,D11,4,40,35,0,0.0895797,Proerythroblast
TTTGTGTTCCCTCATA-14-s4d8,GARQ,D11,4,40,35,22,0.07602823,CD8+ T
CAGCCAATCCTGAATA-14-s4d8,GARQ,D11,4,40,35,4,0.017937303,CD4+ T naive
AATCAGGAGCCTGACA-14-s4d8,GARQ,D11,4,40,35,17,0.07668817,pDC
GGGCATTGTGGAAGGC-14-s4d8,GARQ,D11,4,40,35,25,0.09832695,cDC2
ACGACAAAGGCCATCA-14-s4d8,GARQ,D11,4,40,35,7,0.044460893,CD8+ T
GGTTGCATCCCGCATT-14-s4d8,GARQ,D11,4,40,35,8,0.04959339,Naive CD20+ B
GAACCTGTCCCGAAGC-14-s4d8,GARQ,D11,4,40,35,23,0.0053643584,CD14+ Mono
AGCAACAAGCTTATGA-14-s4d8,GARQ,D11,4,40,35,4,0.0072031617,CD4+ T activated
GTATCGCCAGTTATGT-14-s4d8,GARQ,D11,4,40,35,4,0.05709809,Naive CD20+ B
ATTAACCCAGGGAGCT-14-s4d8,GARQ,D11,4,40,35,0,0.39916295,MK/E prog
AGCATCCCATGAGCAG-14-s4d8,GARQ,D11,4,40,35,0,0.03582585,Proerythroblast
AAGCCTTAGTGATTCA-14-s4d8,GARQ,D11,4,40,35,0,0.30043238,Erythroblast
TTAAGTGTCACTAATG-14-s4d8,GARQ,D11,4,40,35,27,0.0065683722,NK
CTTGCATGTCACCTAT-14-s4d8,GARQ,D11,4,40,35,35,0.062403202,NK
AGTTTGCAGTTGGCCA-14-s4d8,GARQ,D11,4,40,35,0,0.1953572,Proerythroblast
GCGGATACAGGCTAGA-14-s4d8,GARQ,D11,4,40,35,4,0.010906637,B1 B
GTCAGGCTCCTAATAG-14-s4d8,GARQ,D11,4,40,35,4,0.16190779,CD4+ T activated
TGGACTAGTCATAAGT-14-s4d8,GARQ,D11,4,40,35,20,0.07307881,CD8+ T
CTGGACCAGTTAGACC-14-s4d8,GARQ,D11,4,40,35,9,0.00744012,Transitional B
AAAGGACGTTAATGCG-14-s4d8,GARQ,D11,4,40,35,16,0.10550964,CD14+ Mono
GGCTAGACAAGCTAAA-14-s4d8,GARQ,D11,4,40,35,23,0.19490892,cDC2
ACTATGTCAATTGAAG-14-s4d8,GARQ,D11,4,40,35,27,0.010940671,CD8+ T
AGCTTGGTCATCACTT-14-s4d8,GARQ,D11,4,40,35,4,0.073266566,CD4+ T naive
TGGCCTGCAATAACGA-14-s4d8,GARQ,D11,4,40,35,4,0.0016690493,NK
CTTCGCGTCAAGTGAG-14-s4d8,GARQ,D11,4,40,35,0,0.32998115,Proerythroblast
AATTGCCAGCATTTCT-14-s4d8,GARQ,D11,4,40,35,4,0.078369856,CD8+ T
GCGGGTTTCTTGCAGG-14-s4d8,GARQ,D11,4,40,35,0,8.285046e-06,Proerythroblast
AATCTTGAGCACTAGT-14-s4d8,GARQ,D11,4,40,35,35,0.0803504,CD8+ T
ACTTGCACATTATGAC-14-s4d8,GARQ,D11,4,40,35,27,0.046059906,CD8+ T
CCATAAGGTCTATCGT-14-s4d8,GARQ,D11,4,40,35,4,0.14357114,CD8+ T
TTTGTCTAGACAAGTG-14-s4d8,GARQ,D11,4,40,35,22,0.13757205,CD8+ T
GCTAAGAAGTTATGTG-14-s4d8,GARQ,D11,4,40,35,27,0.043200076,NK
ACTTGTCGTCCACAAA-14-s4d8,GARQ,D11,4,40,35,7,0.06360519,CD8+ T
GGCAAATCATTAGCGC-14-s4d8,GARQ,D11,4,40,35,4,0.023785532,Naive CD20+ B
AGGGCCTTCTTTGTAC-14-s4d8,GARQ,D11,4,40,35,4,0.17936033,CD8+ T
TATTTGGAGAGAAGGG-14-s4d8,GARQ,D11,4,40,35,27,0.004764557,CD8+ T
GCTAACAGTGCAATGC-14-s4d8,GARQ,D11,4,40,35,22,0.085430026,CD8+ T
TGCATTAAGTATTGTG-14-s4d8,GARQ,D11,4,40,35,4,0.19464713,CD8+ T
CGACTAAGTCAATGTG-14-s4d8,GARQ,D11,4,40,35,8,0.1565777,Transitional B
TTTGCGGAGGATTTGC-14-s4d8,GARQ,D11,4,40,35,4,0.11738342,CD8+ T
CATTGTAAGGTACCGC-14-s4d8,GARQ,D11,4,40,35,22,0.09779799,CD8+ T
ACTTAGTCAACTAGAA-14-s4d8,GARQ,D11,4,40,35,12,0.08892685,CD14+ Mono
CAAACCGTCTAACCAA-14-s4d8,GARQ,D11,4,40,35,16,0.045539975,CD14+ Mono
TCTATGTTCGCTCCAT-14-s4d8,GARQ,D11,4,40,35,22,0.12653601,CD8+ T
CTATGATCACCAGGTT-14-s4d8,GARQ,D11,4,40,35,23,0.07642496,CD14+ Mono
ACCTGGTCAAGGTGGC-14-s4d8,GARQ,D11,4,40,35,0,0.21968472,HSC
GTGTCCAAGCTGCACA-14-s4d8,GARQ,D11,4,40,35,0,0.07785225,Proerythroblast
TTGCAATCAACTGGGA-14-s4d8,GARQ,D11,4,40,35,33,0.051408708,CD8+ T
CTAAAGCTCTCACTCA-14-s4d8,GARQ,D11,4,40,35,0,0.2965306,Erythroblast
CCTGATGAGCTTGCTC-14-s4d8,GARQ,D11,4,40,35,23,0.13301468,G/M prog
AAAGCAAGTGTTGCTT-14-s4d8,GARQ,D11,4,40,35,0,0.3159879,MK/E prog
GAACCAAAGCAGCTCA-14-s4d8,GARQ,D11,4,40,35,4,0.1508193,CD8+ T
AACATCATCGTTATAG-14-s4d8,GARQ,D11,4,40,35,22,0.058813393,CD8+ T
TTGCTCTCAGCAACCT-14-s4d8,GARQ,D11,4,40,35,6,0.054234594,Naive CD20+ B
CTTCAAGCAGGCATGA-14-s4d8,GARQ,D11,4,40,35,0,0.29315305,MK/E prog
ATTTGCGCACATGCTA-14-s4d8,GARQ,D11,4,40,35,16,0.036688805,CD16+ Mono
GGCCTAATCCGCCTAT-14-s4d8,GARQ,D11,4,40,35,39,0.071276605,CD8+ T
GGCTCAATCCAGGGAG-14-s4d8,GARQ,D11,4,40,35,35,0.03569144,B1 B
ATGTCCACACCAACCG-14-s4d8,GARQ,D11,4,40,35,22,0.09988737,CD8+ T
TCAGCCTTCATGGTTA-14-s4d8,GARQ,D11,4,40,35,0,0.057993293,G/M prog
TCCATCATCATTAGCA-14-s4d8,GARQ,D11,4,40,35,4,0.12653226,CD8+ T
TTGGTGAGTGGATTGC-14-s4d8,GARQ,D11,4,40,35,23,0.025862336,CD14+ Mono
GCGTGCTAGTAAGTCC-14-s4d8,GARQ,D11,4,40,35,4,0.02373612,CD8+ T
ATCAATCCAATATAGG-14-s4d8,GARQ,D11,4,40,35,8,0.0075604916,Transitional B
TGTGGCGGTGCATTAG-14-s4d8,GARQ,D11,4,40,35,22,0.011659384,CD8+ T
GCATTAGGTACTTCAC-14-s4d8,GARQ,D11,4,40,35,4,0.014161348,CD8+ T
ATGCTTAAGCATGAAG-14-s4d8,GARQ,D11,4,40,35,13,0.08120638,CD4+ T naive
TTCTTAGGTCATTAGG-14-s4d8,GARQ,D11,4,40,35,20,0.058237433,CD8+ T
GGTTGCATCACAAGCT-14-s4d8,GARQ,D11,4,40,35,5,0.017441988,Naive CD20+ B
AAGGATCCACAAAGGT-14-s4d8,GARQ,D11,4,40,35,8,0.11273342,Naive CD20+ B
GAAGGATGTATTGGTG-14-s4d8,GARQ,D11,4,40,35,27,0.014258325,CD8+ T
TGACCTTGTACGATTG-14-s4d8,GARQ,D11,4,40,35,4,0.09242308,Erythroblast
CCAGCTAAGTCATTTC-14-s4d8,GARQ,D11,4,40,35,22,0.011383235,CD8+ T
CATGCAAGTGCTGTAA-14-s4d8,GARQ,D11,4,40,35,14,0.06799173,Naive CD20+ B
AGCGATTTCACCAATA-14-s4d8,GARQ,D11,4,40,35,22,0.18096876,CD8+ T
CTTAGTTTCGTCAAGT-14-s4d8,GARQ,D11,4,40,35,4,0.009848654,B1 B
TCTCGCCCAAATTGCT-14-s4d8,GARQ,D11,4,40,35,35,0.21302813,CD8+ T
TAGCAGGCAATTTGGT-14-s4d8,GARQ,D11,4,40,35,0,0.30101293,Proerythroblast
GCAATGAAGCCAGTAT-14-s4d8,GARQ,D11,4,40,35,23,0.038520038,CD16+ Mono
TAAAGCCTCTTTGACT-14-s4d8,GARQ,D11,4,40,35,22,0.036153436,CD8+ T
TTGCAACAGCCGCTAA-14-s4d8,GARQ,D11,4,40,35,4,0.070064604,CD8+ T
GTATTGTCAGGAAGCC-14-s4d8,GARQ,D11,4,40,35,27,0.06126994,CD8+ T
CGAAGCGAGCGGCTGT-14-s4d8,GARQ,D11,4,40,35,0,0.0753814,MK/E prog
AGCCTCCGTTGTGACA-14-s4d8,GARQ,D11,4,40,35,11,0.0017094612,CD8+ T
CTCGACAAGCCGGTAC-14-s4d8,GARQ,D11,4,40,35,25,0.056256175,Proerythroblast
TGAGGTGCATAGACTT-14-s4d8,GARQ,D11,4,40,35,33,0.06896117,Lymph prog
TTACCGTGTCATTGTC-14-s4d8,GARQ,D11,4,40,35,0,0.29999578,Erythroblast
ATTGCACAGCTATGAC-14-s4d8,GARQ,D11,4,40,35,22,0.02500248,CD8+ T
TTGTTCCCACCGGTAT-14-s4d8,GARQ,D11,4,40,35,8,0.029447675,Naive CD20+ B
CTGCAATAGGACCTCA-14-s4d8,GARQ,D11,4,40,35,27,0.15208709,CD4+ T activated
CAGCTCAAGGGATGAC-14-s4d8,GARQ,D11,4,40,35,0,0.083835244,Lymph prog
ATCCACCTCGGCTATG-14-s4d8,GARQ,D11,4,40,35,23,0.017245114,CD14+ Mono
TATTGACCACTGGCCA-14-s4d8,GARQ,D11,4,40,35,4,0.07781625,CD8+ T
GGCCGTTAGCGGATAA-14-s4d8,GARQ,D11,4,40,35,25,0.06263286,Lymph prog
CGCATTTGTTGTTCAC-14-s4d8,GARQ,D11,4,40,35,11,0.0007916689,CD8+ T
AAATGCCTCAGCAAGA-14-s4d8,GARQ,D11,4,40,35,27,0.2359348,CD8+ T
TTGCAGCCATAATTGC-14-s4d8,GARQ,D11,4,40,35,0,0.29591477,Proerythroblast
TAAGCTGGTGGTGAGA-14-s4d8,GARQ,D11,4,40,35,12,0.059497893,CD8+ T
AGGATGCAGGTTTACA-14-s4d8,GARQ,D11,4,40,35,7,0.1072948,CD8+ T
TGCAATATCTTCAATC-14-s4d8,GARQ,D11,4,40,35,8,0.08427954,Naive CD20+ B
CTAGTGAGTGATCATG-14-s4d8,GARQ,D11,4,40,35,0,0.18490261,MK/E prog
CGCCTCATCTAACCAA-14-s4d8,GARQ,D11,4,40,35,23,0.16958767,CD14+ Mono
TGGTTCTGTAGGTTTG-14-s4d8,GARQ,D11,4,40,35,4,0.057305098,CD8+ T
AATCTTGAGGAGTAAT-14-s4d8,GARQ,D11,4,40,35,8,0.31266588,Naive CD20+ B
AATGCAACACAGGATG-14-s4d8,GARQ,D11,4,40,35,22,0.20797282,CD4+ T naive
TCATTGCGTAAGCTCA-14-s4d8,GARQ,D11,4,40,35,8,0.07978037,B1 B
GTGCATTAGTGACCTG-14-s4d8,GARQ,D11,4,40,35,4,0.48585105,CD4+ T naive
GCCACTAAGCGGATTT-14-s4d8,GARQ,D11,4,40,35,35,0.10684401,CD8+ T
CAAAGCGCATGAAATG-14-s4d8,GARQ,D11,4,40,35,4,0.006549537,CD4+ T activated
GGTTGCATCATCCACC-14-s4d8,GARQ,D11,4,40,35,4,0.038910985,CD8+ T
TCCAGGATCGTAACGT-14-s4d8,GARQ,D11,4,40,35,0,0.0733397,Proerythroblast
GCCAGGTTCGCAACAT-14-s4d8,GARQ,D11,4,40,35,4,0.103085876,Naive CD20+ B
TGCTAACAGTGAGGTA-14-s4d8,GARQ,D11,4,40,35,35,0.121022224,CD8+ T
GGATTATGTAGGTTAT-14-s4d8,GARQ,D11,4,40,35,4,0.20734072,CD8+ T
CTGCTATGTTGTTGTC-14-s4d8,GARQ,D11,4,40,35,4,0.10755241,CD4+ T activated
CAATGTGGTCATGCAA-14-s4d8,GARQ,D11,4,40,35,22,0.09914029,CD8+ T
GATGCGACACCAGCAT-14-s4d8,GARQ,D11,4,40,35,27,0.021322668,CD8+ T
GAGCTTGTCTTGACCC-14-s4d8,GARQ,D11,4,40,35,22,0.1061371,CD8+ T
ACTTGCACATCTTGAG-14-s4d8,GARQ,D11,4,40,35,22,0.15213478,CD8+ T
TTAGGCTAGGACTAAG-14-s4d8,GARQ,D11,4,40,35,0,0.17083251,Proerythroblast
GCCTACTTCTTGTCCA-14-s4d8,GARQ,D11,4,40,35,4,0.16607267,CD8+ T
TCTTTGTAGGCTAGAA-14-s4d8,GARQ,D11,4,40,35,8,0.34700215,Naive CD20+ B
ACACTTAAGCGGTTAT-14-s4d8,GARQ,D11,4,40,35,17,0.033373713,Transitional B
AACGACAAGTGTTGCG-14-s4d8,GARQ,D11,4,40,35,22,0.17958689,CD4+ T activated
AAACCGCGTACTTAGG-14-s4d8,GARQ,D11,4,40,35,0,0.08971548,Proerythroblast
GTTGTGAGTGTCCAAA-14-s4d8,GARQ,D11,4,40,35,8,0.063884616,Naive CD20+ B
CGCTTACTCGGCCAGT-14-s4d8,GARQ,D11,4,40,35,0,0.18640763,Erythroblast
CAATCCTGTTAGGTTG-14-s4d8,GARQ,D11,4,40,35,0,0.0855189,Normoblast
AACTAGTGTTTCCGGC-14-s4d8,GARQ,D11,4,40,35,22,0.054369926,B1 B
GTATTCAAGGTCCAAT-14-s4d8,GARQ,D11,4,40,35,22,0.012859046,CD8+ T
CAAACAACAGGCCTTG-14-s4d8,GARQ,D11,4,40,35,35,0.031056672,CD8+ T
AGTAACCTCCTAGTAA-14-s4d8,GARQ,D11,4,40,35,4,0.08761102,CD8+ T
CTGTAACAGACCATAC-14-s4d8,GARQ,D11,4,40,35,4,0.017415047,CD8+ T
GCAATGTTCATGCTAA-14-s4d8,GARQ,D11,4,40,35,22,0.1724062,CD8+ T
CGTGTGTCAACCTAAT-14-s4d8,GARQ,D11,4,40,35,8,0.1267319,Lymph prog
CTAGTAATCTGCAACG-14-s4d8,GARQ,D11,4,40,35,22,0.08931631,CD4+ T activated
CTGTTAAAGAGCCGGA-14-s4d8,GARQ,D11,4,40,35,22,0.010830343,Transitional B
AGGTATTGTTGCTGGG-14-s4d8,GARQ,D11,4,40,35,8,0.04823029,Transitional B
TCATTGTTCCTTAAGA-14-s4d8,GARQ,D11,4,40,35,22,0.11412519,CD8+ T
TTGCAGCCACACAATT-14-s4d8,GARQ,D11,4,40,35,8,0.16996598,Transitional B
ACCAGCTCACACAATT-14-s4d8,GARQ,D11,4,40,35,4,0.03809738,NK
GCTCGATCATTGCGGT-14-s4d8,GARQ,D11,4,40,35,16,0.020045817,CD14+ Mono
TAAGGCTTCTTACTCG-14-s4d8,GARQ,D11,4,40,35,4,0.08704138,CD8+ T
ACCCGCTGTTTGGGTA-14-s4d8,GARQ,D11,4,40,35,11,0.0807448,CD8+ T
ACTCCTCAGAGGAGGA-14-s4d8,GARQ,D11,4,40,35,34,0.016914546,G/M prog
TAAGCCTAGTGAGCGG-14-s4d8,GARQ,D11,4,40,35,8,0.17687798,Naive CD20+ B
CAAGTGAAGGCCATCA-14-s4d8,GARQ,D11,4,40,35,35,0.05663961,CD8+ T
CCTATATTCATCAGTA-14-s4d8,GARQ,D11,4,40,35,4,0.051735193,Lymph prog
CAATGCCCAGCCGCTA-14-s4d8,GARQ,D11,4,40,35,8,0.14973843,Naive CD20+ B
TTGACGTAGCGGTTAT-14-s4d8,GARQ,D11,4,40,35,0,0.1674869,Proerythroblast
CTACCTCAGGTCCAAT-14-s4d8,GARQ,D11,4,40,35,35,0.07314628,CD8+ T
CTTGCTCAGGTCCGTA-14-s4d8,GARQ,D11,4,40,35,4,0.16006625,NK
TATTCGTTCCGCCTAT-14-s4d8,GARQ,D11,4,40,35,27,0.010848194,NK
TTCAGTTTCATGAGCT-14-s4d8,GARQ,D11,4,40,35,14,0.09739214,B1 B
ACTTCGCTCTGTTCAT-14-s4d8,GARQ,D11,4,40,35,4,0.083007485,CD8+ T
GCTTGTTGTGGTTATG-14-s4d8,GARQ,D11,4,40,35,4,0.10079175,CD4+ T activated
TGTCCTTCATAGCGAG-14-s4d8,GARQ,D11,4,40,35,23,0.12308791,cDC2
ACCAATATCCTTGTTG-14-s4d8,GARQ,D11,4,40,35,0,0.24437594,Proerythroblast
TTGCTTTAGGCTCATG-14-s4d8,GARQ,D11,4,40,35,22,0.24261785,CD8+ T
AGTAACCTCGATTTGA-14-s4d8,GARQ,D11,4,40,35,35,0.16634858,CD8+ T
GACAATACACAATTAC-14-s4d8,GARQ,D11,4,40,35,27,0.06726378,NK
CATATCGCAGCTTACA-14-s4d8,GARQ,D11,4,40,35,17,0.038647115,Transitional B
CGGCCATAGCTGAGGG-14-s4d8,GARQ,D11,4,40,35,22,0.10073769,CD8+ T
CAACCCTTCGTTAGCG-14-s4d8,GARQ,D11,4,40,35,34,0.048232436,CD14+ Mono
CGTAACTAGTATCGCG-14-s4d8,GARQ,D11,4,40,35,8,0.14115405,B1 B
ACCACATAGCGCAATT-14-s4d8,GARQ,D11,4,40,35,4,0.101172864,CD8+ T
AGAACCAAGAGAGGAG-14-s4d8,GARQ,D11,4,40,35,18,0.020605922,Transitional B
GAGAGGCGTTTACCGT-14-s4d8,GARQ,D11,4,40,35,23,0.010507405,CD14+ Mono
AAAGGTTAGGCCCAGT-14-s4d8,GARQ,D11,4,40,35,16,0.046803355,CD14+ Mono
TTGACTAAGAGGAGGA-14-s4d8,GARQ,D11,4,40,35,22,0.16343051,CD8+ T
AGCTATATCGTTATAG-14-s4d8,GARQ,D11,4,40,35,4,0.035104275,CD4+ T activated
ATCCAACAGGTTTGAC-14-s4d8,GARQ,D11,4,40,35,22,0.05211562,CD8+ T
CATTGTGCAACAGGTG-14-s4d8,GARQ,D11,4,40,35,35,0.14261246,CD8+ T
TTGCATTTCTGCAAAC-14-s4d8,GARQ,D11,4,40,35,4,0.073278725,CD8+ T
GTTGCGGGTCTTTGAC-14-s4d8,GARQ,D11,4,40,35,8,0.04501158,Lymph prog
CGCTTCTAGGTCGATT-14-s4d8,GARQ,D11,4,40,35,24,0.037418157,CD8+ T
TTTACGCGTAATGGCC-14-s4d8,GARQ,D11,4,40,35,27,0.025999486,NK
GGCATTAGTTGCACGG-14-s4d8,GARQ,D11,4,40,35,6,0.0069610476,CD4+ T activated
ACAACAGAGTTGCGTG-14-s4d8,GARQ,D11,4,40,35,22,0.11023438,CD8+ T
GCAACAGCATTGTCAG-14-s4d8,GARQ,D11,4,40,35,4,0.12511173,Naive CD20+ B
GGATATTGTACTGATG-14-s4d8,GARQ,D11,4,40,35,35,0.066194534,NK
TGTCCTTCATAATCGT-14-s4d8,GARQ,D11,4,40,35,35,0.15758294,CD8+ T
TTCTTAGGTTCCTGTG-14-s4d8,GARQ,D11,4,40,35,22,0.10836244,CD8+ T
TCAATCGCACCTATAG-14-s4d8,GARQ,D11,4,40,35,23,0.085366726,CD16+ Mono
CAATCCTGTACGTTTC-14-s4d8,GARQ,D11,4,40,35,4,0.052984357,CD4+ T activated
TATGCATCAAATATCC-14-s4d8,GARQ,D11,4,40,35,0,0.008552372,Normoblast
AATCAGGAGCTTTGGG-14-s4d8,GARQ,D11,4,40,35,22,0.05693859,CD8+ T
CAGATTCAGATGGACA-14-s4d8,GARQ,D11,4,40,35,22,0.07270515,CD8+ T
TCGTTAGCATGGAGGC-14-s4d8,GARQ,D11,4,40,35,0,0.20024657,Proerythroblast
GACTTAGGTGTCCTGC-14-s4d8,GARQ,D11,4,40,35,22,0.016136348,CD8+ T
CAAGGTAAGTTAGCCG-14-s4d8,GARQ,D11,4,40,35,35,0.30215746,CD8+ T
GCGGGTTTCCCTCATA-14-s4d8,GARQ,D11,4,40,35,2,0.016158849,Transitional B
ACTTGCACACAGGAAT-14-s4d8,GARQ,D11,4,40,35,4,0.005551636,Naive CD20+ B
CCAGCCTGTGTTGCAA-14-s4d8,GARQ,D11,4,40,35,25,0.0060040355,Lymph prog
GGCGATACAGTAATAG-14-s4d8,GARQ,D11,4,40,35,35,0.044368446,CD8+ T
TTACAGCAGTTAGAGG-14-s4d8,GARQ,D11,4,40,35,18,0.026116997,Transitional B
CAAGCTAGTGCATTTC-14-s4d8,GARQ,D11,4,40,35,22,0.048787057,NK
GTCATCACAAAGCTCC-14-s4d8,GARQ,D11,4,40,35,4,0.10005367,CD8+ T
GCAATGAAGACAAACG-14-s4d8,GARQ,D11,4,40,35,22,0.0513196,CD8+ T
CTTGCTCAGGCGGGTA-14-s4d8,GARQ,D11,4,40,35,35,0.047707498,CD8+ T
ACCATTAAGCTGGCTA-14-s4d8,GARQ,D11,4,40,35,8,0.0014449358,Lymph prog
ATCCACCTCCCATAGG-14-s4d8,GARQ,D11,4,40,35,27,0.05914688,CD4+ T activated
TCTCGCCCATTAAACC-14-s4d8,GARQ,D11,4,40,35,22,0.032125473,CD8+ T
GGTTATATCTTAGTGA-14-s4d8,GARQ,D11,4,40,35,4,0.111990094,CD8+ T
CCACATTGTAAGGTTT-14-s4d8,GARQ,D11,4,40,35,22,0.046362996,CD8+ T
AGGTCATTCGCTAAAC-14-s4d8,GARQ,D11,4,40,35,22,0.18675113,CD8+ T
AATCCGTAGCCGCTAA-14-s4d8,GARQ,D11,4,40,35,34,0.08175826,Proerythroblast
GAACCTGTCATTGACA-14-s4d8,GARQ,D11,4,40,35,0,0.2567356,Proerythroblast
TATCACAAGTCAATCA-14-s4d8,GARQ,D11,4,40,35,4,0.06480181,Normoblast
CCCAGTTTCTTGATGA-14-s4d8,GARQ,D11,4,40,35,22,0.18905413,CD8+ T
CTATTACTCCGGCTAA-14-s4d8,GARQ,D11,4,40,35,14,0.06577644,Naive CD20+ B
TTTAAGCCATGAAGTA-14-s4d8,GARQ,D11,4,40,35,0,0.2372433,Proerythroblast
TAGGTGCGTACCAGGT-14-s4d8,GARQ,D11,4,40,35,0,0.24450362,Proerythroblast
ACCAATATCGTTATAG-14-s4d8,GARQ,D11,4,40,35,4,0.04216069,CD8+ T
GATTATGTCCCGAACA-14-s4d8,GARQ,D11,4,40,35,22,0.057457447,CD8+ T
CTATGGCCATCTAGCA-14-s4d8,GARQ,D11,4,40,35,0,0.1404264,Erythroblast
TGTCATAAGCTATTAG-14-s4d8,GARQ,D11,4,40,35,8,0.2115323,Naive CD20+ B
CGGACAACACTTACAG-14-s4d8,GARQ,D11,4,40,35,22,0.044659257,Naive CD20+ B
GTACAATGTCTTGCTG-14-s4d8,GARQ,D11,4,40,35,35,0.11312562,NK
ATGTAAGCAGCAAATA-14-s4d8,GARQ,D11,4,40,35,8,0.026159286,Transitional B
TTGGCTTGTTAAGCGC-14-s4d8,GARQ,D11,4,40,35,4,0.017003238,CD8+ T
TAATGCATCATCACTT-14-s4d8,GARQ,D11,4,40,35,4,0.10337573,CD4+ T naive
GAAGGCTAGGTAACGA-14-s4d8,GARQ,D11,4,40,35,27,0.037468314,CD8+ T
GCATGAGCAAGCTAAA-14-s4d8,GARQ,D11,4,40,35,4,0.09087628,CD4+ T activated
CCCTTAATCGTTAGTA-14-s4d8,GARQ,D11,4,40,35,4,0.31094575,CD8+ T
CCAAGTTAGGCCTTAG-14-s4d8,GARQ,D11,4,40,35,35,0.0955708,CD8+ T
ATGATGGAGTATCGCG-14-s4d8,GARQ,D11,4,40,35,34,0.017307878,Proerythroblast
TAGCTTGCACAAAGAC-14-s4d8,GARQ,D11,4,40,35,27,0.037090003,CD8+ T
AACCGCTCAGCAAGTG-14-s4d8,GARQ,D11,4,40,35,0,0.17164525,Proerythroblast
CCAGCTGCAAATGCCC-14-s4d8,GARQ,D11,4,40,35,22,0.09103495,CD8+ T
AGTACGCGTTAGGATT-14-s4d8,GARQ,D11,4,40,35,0,0.091513634,Proerythroblast
GACACCGGTAGGTTAT-14-s4d8,GARQ,D11,4,40,35,8,0.0543783,Naive CD20+ B
GGGAGTAGTAGGTGTC-14-s4d8,GARQ,D11,4,40,35,4,0.100597024,CD4+ T activated
TCATAACCAGCATGTC-14-s4d8,GARQ,D11,4,40,35,0,0.25973842,Normoblast
CAAGCTAGTGAGGTGA-14-s4d8,GARQ,D11,4,40,35,22,0.14691615,CD8+ T
AGGTTTATCGTTAAGC-14-s4d8,GARQ,D11,4,40,35,1,0.047433496,Naive CD20+ B
AAACAGCCATGTTTGG-14-s4d8,GARQ,D11,4,40,35,22,0.10938066,CD8+ T
AGTTGCGTCCGCAAGC-14-s4d8,GARQ,D11,4,40,35,22,0.12142444,CD8+ T
GACGCAACAACTGGCT-14-s4d8,GARQ,D11,4,40,35,0,0.23553514,Proerythroblast
GAGATAAGTTGTAAAC-14-s4d8,GARQ,D11,4,40,35,4,0.005137384,CD8+ T
TTGTGTGCATTCAGCA-14-s4d8,GARQ,D11,4,40,35,23,0.012107134,CD14+ Mono
AACCTTAAGAATCTCA-14-s4d8,GARQ,D11,4,40,35,16,0.09007859,CD14+ Mono
GGTCAAGCAAGCTAAA-14-s4d8,GARQ,D11,4,40,35,23,0.013670087,CD14+ Mono
CTGTGTGAGTGTTGCG-14-s4d8,GARQ,D11,4,40,35,8,0.2546111,Transitional B
AGCTAACTCCCATAAA-14-s4d8,GARQ,D11,4,40,35,35,0.024843454,CD8+ T
ACCGAAGCAGCCAGAA-14-s4d8,GARQ,D11,4,40,35,0,0.045636833,Lymph prog
TCCATTGTCCCTCAAC-14-s4d8,GARQ,D11,4,40,35,4,0.060917318,CD8+ T
TGTTACTTCCGCACAA-14-s4d8,GARQ,D11,4,40,35,0,0.2093159,Proerythroblast
CCACATTGTTTCAGGA-14-s4d8,GARQ,D11,4,40,35,18,0.003038168,Transitional B
CAAGTATGTGAAGCCT-14-s4d8,GARQ,D11,4,40,35,22,0.111854196,Naive CD20+ B
CATAATGTCTTAGTCT-14-s4d8,GARQ,D11,4,40,35,8,0.23531187,Naive CD20+ B
TACTAAGTCCTTGAGG-14-s4d8,GARQ,D11,4,40,35,7,0.015656829,CD8+ T
TTGTAAGTCACTAGGT-14-s4d8,GARQ,D11,4,40,35,27,0.018757641,CD4+ T activated
ACAGGTAAGGCTGTCA-14-s4d8,GARQ,D11,4,40,35,27,0.09889394,CD8+ T
AAGGTGCAGTCTCACC-14-s4d8,GARQ,D11,4,40,35,22,0.1398443,CD8+ T
ACTTGAATCATCACTT-14-s4d8,GARQ,D11,4,40,35,0,0.23510492,Normoblast
CTGCTATGTGAATCGC-14-s4d8,GARQ,D11,4,40,35,22,0.16642821,CD8+ T
ACGAAGTCATCACAGC-14-s4d8,GARQ,D11,4,40,35,8,0.114907265,Naive CD20+ B
TCGTTAGCATCTAGCA-14-s4d8,GARQ,D11,4,40,35,4,0.16302598,CD8+ T
ACACTTGCAATGAAGC-14-s4d8,GARQ,D11,4,40,35,8,0.26482987,Naive CD20+ B
CAGGGCTTCATAACTG-14-s4d8,GARQ,D11,4,40,35,16,0.09035814,CD14+ Mono
ATCCTGACACTAGGTC-14-s4d8,GARQ,D11,4,40,35,4,0.31477273,CD8+ T
TACAACATCATGTGGT-14-s4d8,GARQ,D11,4,40,35,0,0.20090544,Proerythroblast
ATAGGTACATTGTGCA-14-s4d8,GARQ,D11,4,40,35,22,0.069464326,CD8+ T
TCACGGATCACGAATC-14-s4d8,GARQ,D11,4,40,35,22,0.21184099,CD8+ T
CGTTGCAAGTTGGATC-14-s4d8,GARQ,D11,4,40,35,23,0.09869903,CD16+ Mono
CCAACCAAGTGAAGTG-14-s4d8,GARQ,D11,4,40,35,27,0.028460741,CD8+ T
TGAGTGAAGGCGCTAC-14-s4d8,GARQ,D11,4,40,35,25,0.021419704,cDC2
TATGGCCCAATGCGCT-14-s4d8,GARQ,D11,4,40,35,8,0.22327203,Naive CD20+ B
AGCCTGGGTAATCACG-14-s4d8,GARQ,D11,4,40,35,0,0.1930942,HSC
ATTGCAGGTATTGAGT-14-s4d8,GARQ,D11,4,40,35,0,0.2101838,Proerythroblast
GTATTGCAGGTAAGGC-14-s4d8,GARQ,D11,4,40,35,0,0.33537138,Proerythroblast
TTATGACCATGTGGGA-14-s4d8,GARQ,D11,4,40,35,0,0.044754058,Erythroblast
CGGACAACAGATTCAT-14-s4d8,GARQ,D11,4,40,35,9,0.043682396,Transitional B
CATTCCTCATAATCAC-14-s4d8,GARQ,D11,4,40,35,4,0.09630233,CD4+ T activated
GGCTCACAGATTCCTT-14-s4d8,GARQ,D11,4,40,35,27,0.038395464,CD8+ T
TTGACTAAGGGTGAAC-14-s4d8,GARQ,D11,4,40,35,22,0.16191757,CD8+ T
ATCAGGTTCTGGCAAT-14-s4d8,GARQ,D11,4,40,35,22,0.06908029,CD8+ T
CTCCGGACACCTGGTG-14-s4d8,GARQ,D11,4,40,35,8,0.09573376,Naive CD20+ B
ATCCTTAGTCAGGCAT-14-s4d8,GARQ,D11,4,40,35,0,0.54811764,Proerythroblast
GGTACCGGTCATTAGG-14-s4d8,GARQ,D11,4,40,35,22,0.027947187,CD8+ T
ACTCACCTCAACCAAC-14-s4d8,GARQ,D11,4,40,35,4,0.30118257,CD8+ T
CATAGACTCAGGCTAT-14-s4d8,GARQ,D11,4,40,35,22,0.0324865,CD8+ T
AAACCGCGTTATCCTA-14-s4d8,GARQ,D11,4,40,35,12,0.109873325,cDC2
TCAAGTATCCTAGTCC-14-s4d8,GARQ,D11,4,40,35,22,0.011463106,CD8+ T
ACTAACGGTGTTGTGA-14-s4d8,GARQ,D11,4,40,35,16,0.22520041,CD14+ Mono
TCCATATTCTGGCAAT-14-s4d8,GARQ,D11,4,40,35,0,0.22507918,Proerythroblast
TTTACGAAGCATGAAG-14-s4d8,GARQ,D11,4,40,35,22,0.049636424,CD8+ T
ATGAAGCCAGTAATAG-14-s4d8,GARQ,D11,4,40,35,0,0.16177878,Proerythroblast
CATCATGCAGATAGAC-14-s4d8,GARQ,D11,4,40,35,38,0.1923784,CD8+ T
TTGGAGGCAGTAAAGC-14-s4d8,GARQ,D11,4,40,35,22,0.14973867,CD8+ T
TTTACGCGTAACGAGG-14-s4d8,GARQ,D11,4,40,35,0,0.45000952,MK/E prog
AGAAAGGCAGTAAGTA-14-s4d8,GARQ,D11,4,40,35,0,0.12724376,Proerythroblast
GTCCATTGTGACCTGG-14-s4d8,GARQ,D11,4,40,35,4,0.030246377,CD8+ T
CGCATTACATTGTCCT-14-s4d8,GARQ,D11,4,40,35,18,0.006320238,Lymph prog
GATAATCGTTTCCTCC-14-s4d8,GARQ,D11,4,40,35,4,0.12142965,Lymph prog
GTCTAACAGCATGAAG-14-s4d8,GARQ,D11,4,40,35,35,0.015970528,CD8+ T
GTAGGCGAGGCCTGGT-14-s4d8,GARQ,D11,4,40,35,7,0.33287233,CD8+ T
CGCAATCCAGTTAGCC-14-s4d8,GARQ,D11,4,40,35,4,0.045064986,CD4+ T naive
TACCGAAGTTGGATCA-14-s4d8,GARQ,D11,4,40,35,8,0.0447132,Naive CD20+ B
CCAGACTCATAGTCAT-14-s4d8,GARQ,D11,4,40,35,0,0.23384148,Erythroblast
CACTTTGTCATCCTGC-14-s4d8,GARQ,D11,4,40,35,4,0.08040118,CD8+ T
GCGCTTGCACAATTAC-14-s4d8,GARQ,D11,4,40,35,22,0.0652802,Transitional B
GAGGTTAAGCATGGTT-14-s4d8,GARQ,D11,4,40,35,2,0.27111897,CD8+ T
CCCAGCACAGGCTAAG-14-s4d8,GARQ,D11,4,40,35,4,0.07089925,CD8+ T
CACCAACCAAAGGTAC-14-s4d8,GARQ,D11,4,40,35,8,0.11753583,Transitional B
GCATCCTTCTTGCAAA-14-s4d8,GARQ,D11,4,40,35,16,0.19484222,CD14+ Mono
GCTCTGTTCCTGAATA-14-s4d8,GARQ,D11,4,40,35,16,0.10056436,CD14+ Mono
CCTAAAGGTTGTAAAC-14-s4d8,GARQ,D11,4,40,35,22,0.08281064,CD8+ T
GTTCATTTCGCCTGTT-14-s4d8,GARQ,D11,4,40,35,22,0.15469599,CD8+ T
GCAGCTATCTTGCAAA-14-s4d8,GARQ,D11,4,40,35,7,0.022727191,CD4+ T activated
GACTATTCATAGGCGA-14-s4d8,GARQ,D11,4,40,35,16,0.14132786,CD14+ Mono
GCGAAGTAGAGAGCCG-14-s4d8,GARQ,D11,4,40,35,35,0.009218216,CD8+ T
ACATTAGTCTTGCAAA-14-s4d8,GARQ,D11,4,40,35,16,0.006349623,cDC2
TTGCACACATAATCCG-14-s4d8,GARQ,D11,4,40,35,12,0.03818041,CD14+ Mono
CAAGTAACAACCCTAA-14-s4d8,GARQ,D11,4,40,35,8,0.054590493,Transitional B
GCTGCATCAACTGGGA-14-s4d8,GARQ,D11,4,40,35,22,0.1663788,CD8+ T
GATTGGCGTTAGGCGT-14-s4d8,GARQ,D11,4,40,35,8,0.03502226,Naive CD20+ B
CCAGCTAAGAACAAGT-14-s4d8,GARQ,D11,4,40,35,27,0.020859718,Naive CD20+ B
AGCAATTGTATTGTCC-14-s4d8,GARQ,D11,4,40,35,4,0.060076535,B1 B
CACATACAGGGTTATC-14-s4d8,GARQ,D11,4,40,35,4,0.31269908,CD8+ T
GAGCCTTCAAAGCTAA-14-s4d8,GARQ,D11,4,40,35,27,0.10816255,CD8+ T
CAGGTTTAGTAGGATG-14-s4d8,GARQ,D11,4,40,35,22,0.006997347,CD8+ T
AGACACGCAAGGATTA-14-s4d8,GARQ,D11,4,40,35,22,0.06822997,CD8+ T
CGTGACATCACTAGGT-14-s4d8,GARQ,D11,4,40,35,22,0.11188105,CD8+ T
TCTGTGACACCGTTCC-14-s4d8,GARQ,D11,4,40,35,18,0.015175402,Lymph prog
TCTTGACGTTGACTTC-14-s4d8,GARQ,D11,4,40,35,22,0.22511917,CD8+ T
CAATGAACATTCAGCA-14-s4d8,GARQ,D11,4,40,35,4,0.035336375,CD4+ T activated
TACGGTTAGTTATTCC-14-s4d8,GARQ,D11,4,40,35,22,0.18675989,CD8+ T
TTGTTTGGTTAGCATG-14-s4d8,GARQ,D11,4,40,35,8,0.19775921,Naive CD20+ B
GATAGACCACATGCTA-14-s4d8,GARQ,D11,4,40,35,7,0.27835882,CD8+ T
TGCTTCCAGGCAAGTA-14-s4d8,GARQ,D11,4,40,35,20,0.010369301,CD8+ T
GAAGTAAGTCAATACG-14-s4d8,GARQ,D11,4,40,35,0,0.29670846,Proerythroblast
CGAGCTGGTGATGGCT-14-s4d8,GARQ,D11,4,40,35,4,0.036478907,CD4+ T activated
TGTATCGCAGTAAAGC-14-s4d8,GARQ,D11,4,40,35,35,0.083607495,CD4+ T activated
TTTCTTGCATCATGTG-14-s4d8,GARQ,D11,4,40,35,0,0.1794712,Erythroblast
CTTAAGATCACTAAGC-14-s4d8,GARQ,D11,4,40,35,18,0.059828103,Lymph prog
ACAACACTCTGCAAGT-14-s4d8,GARQ,D11,4,40,35,27,0.0024975538,CD8+ T
TGACTCCTCGTAATCA-14-s4d8,GARQ,D11,4,40,35,8,0.08512318,Naive CD20+ B
TTCACTGTCTTGCAGG-14-s4d8,GARQ,D11,4,40,35,27,0.06623942,CD8+ T
GATCAGTTCCGGAACC-14-s4d8,GARQ,D11,4,40,35,4,0.015004158,CD8+ T
CCACAATAGGATGATG-14-s4d8,GARQ,D11,4,40,35,27,0.12398589,CD8+ T
CCTGTATGTAATGGAA-14-s4d8,GARQ,D11,4,40,35,4,0.10392928,CD8+ T
GGAGTGAGTACCGTTT-14-s4d8,GARQ,D11,4,40,35,22,0.4251622,CD8+ T
TACAATGTCACGCATG-14-s4d8,GARQ,D11,4,40,35,4,0.106747866,CD4+ T naive
TGTGTGAGTTGTTGTC-14-s4d8,GARQ,D11,4,40,35,0,0.2574492,Proerythroblast
GTTTCTAGTGTCACGG-14-s4d8,GARQ,D11,4,40,35,39,0.0016649365,NK
ACGTTACAGGACACTT-14-s4d8,GARQ,D11,4,40,35,0,0.21418405,Proerythroblast
TCCTTCAAGAACCTAC-14-s4d8,GARQ,D11,4,40,35,0,0.2920426,Proerythroblast
TTGGATATCATTGACA-14-s4d8,GARQ,D11,4,40,35,16,0.07793358,G/M prog
TTCATCCCAAGCTTAT-14-s4d8,GARQ,D11,4,40,35,23,0.28898036,G/M prog
CCCTGTTAGTCACCAG-14-s4d8,GARQ,D11,4,40,35,0,0.07668817,Proerythroblast
TAGCTAATCCTTAAGA-14-s4d8,GARQ,D11,4,40,35,27,0.014399111,CD8+ T
ACTTCGCTCATTGTCT-14-s4d8,GARQ,D11,4,40,35,22,0.029197097,CD8+ T
ATGAATGCAGTCTAGC-14-s4d8,GARQ,D11,4,40,35,8,0.030621469,Naive CD20+ B
CAACAGGCATAGCAGG-14-s4d8,GARQ,D11,4,40,35,5,0.0057299137,Naive CD20+ B
TCAGTAATCAAAGGCA-14-s4d8,GARQ,D11,4,40,35,35,0.06485063,CD8+ T
CAGGCTGGTGGTTAGC-14-s4d8,GARQ,D11,4,40,35,6,0.045116484,Transitional B
TTCCTTCTCTTACTCG-14-s4d8,GARQ,D11,4,40,35,22,0.07473624,CD8+ T
ATAAGCCTCACAAGCT-14-s4d8,GARQ,D11,4,40,35,18,0.0057967007,Naive CD20+ B
GCTGTGATCAATGTCA-14-s4d8,GARQ,D11,4,40,35,22,0.082552016,CD8+ T
ACCAGGCTCCAGGTTG-14-s4d8,GARQ,D11,4,40,35,4,0.033235937,Proerythroblast
CCTGTAACAGCAACCT-14-s4d8,GARQ,D11,4,40,35,17,0.07769394,Lymph prog
ATTGTCCGTTAGTACG-14-s4d8,GARQ,D11,4,40,35,4,0.17871833,CD4+ T activated
ACAGGTAAGGTATTGC-14-s4d8,GARQ,D11,4,40,35,27,0.04357809,CD8+ T
CAGGTCCAGATGGAGC-14-s4d8,GARQ,D11,4,40,35,4,0.12776047,CD8+ T
CGAGCTGGTTAACGGC-14-s4d8,GARQ,D11,4,40,35,35,0.40950334,NK
AATAACCGTTTGCAGA-14-s4d8,GARQ,D11,4,40,35,16,0.023177803,CD14+ Mono
TAGGAGTCACCCTCAC-14-s4d8,GARQ,D11,4,40,35,16,0.1849603,CD14+ Mono
CATTCCTCATCCATCT-14-s4d8,GARQ,D11,4,40,35,8,0.24796247,Transitional B
AACAGATAGTTAGACC-14-s4d8,GARQ,D11,4,40,35,16,0.11463654,CD14+ Mono
AAACCAACAGACAAAC-14-s4d8,GARQ,D11,4,40,35,0,0.4660967,MK/E prog
ATGGCTAGTTGCGGAT-14-s4d8,GARQ,D11,4,40,35,22,0.038974464,CD8+ T
CAAGGTAAGGTGAGAC-14-s4d8,GARQ,D11,4,40,35,14,0.05871409,Lymph prog
CTATTCAGTAATCCCT-14-s4d8,GARQ,D11,4,40,35,4,0.06127858,CD8+ T
TAAGGCTTCATTAGCA-14-s4d8,GARQ,D11,4,40,35,18,0.0081169605,Naive CD20+ B
GCAGCCAGTTGGTTGA-14-s4d8,GARQ,D11,4,40,35,27,0.09539485,CD4+ T activated
CCGTTAACAATTGACT-14-s4d8,GARQ,D11,4,40,35,22,0.10769236,CD8+ T
TGAACAACACAACCTA-14-s4d8,GARQ,D11,4,40,35,23,0.09089762,cDC2
CAGTACCCACAATACT-14-s4d8,GARQ,D11,4,40,35,4,0.15008456,CD4+ T activated
TACCGAAGTTGCCTCA-14-s4d8,GARQ,D11,4,40,35,23,0.0427742,CD14+ Mono
GAGTTGCGTGTGAGGA-14-s4d8,GARQ,D11,4,40,35,4,0.19504237,CD8+ T
TCCATATTCGCGACAC-14-s4d8,GARQ,D11,4,40,35,14,0.086863935,Transitional B
AGTAAACAGCACAGGG-14-s4d8,GARQ,D11,4,40,35,8,0.2162981,Transitional B
CCTCCTCTCCCTTGCG-14-s4d8,GARQ,D11,4,40,35,35,0.074115336,CD8+ T
GTAGCTGTCCAAACAC-14-s4d8,GARQ,D11,4,40,35,8,0.07730913,Transitional B
TGCATTAAGTTGCGTG-14-s4d8,GARQ,D11,4,40,35,27,0.11098555,B1 B
CTTATTGGTTGCCTCA-14-s4d8,GARQ,D11,4,40,35,22,0.050179064,CD8+ T
ATCAGGTTCATTACGA-14-s4d8,GARQ,D11,4,40,35,4,0.058162004,CD4+ T naive
ACTAAAGCATGAGCAG-14-s4d8,GARQ,D11,4,40,35,4,0.185812,CD8+ T
CCTGCTCCAGGCCTTG-14-s4d8,GARQ,D11,4,40,35,8,0.18673497,Naive CD20+ B
GCAATGTTCGTTATAG-14-s4d8,GARQ,D11,4,40,35,4,0.0021731853,CD8+ T
ACATTGCAGCCAAATC-14-s4d8,GARQ,D11,4,40,35,7,0.020896047,NK
CCTAATAAGCAACATC-14-s4d8,GARQ,D11,4,40,35,4,0.20864338,Plasma cell
TTACAGCAGCCTTAAA-14-s4d8,GARQ,D11,4,40,35,23,0.070661426,CD14+ Mono
TCGCGCACAATCCTGA-14-s4d8,GARQ,D11,4,40,35,4,0.0878827,Naive CD20+ B
ACCCGTAAGTTAGGCT-14-s4d8,GARQ,D11,4,40,35,4,0.33834267,CD8+ T
TTAGCAGGTCGCAATA-14-s4d8,GARQ,D11,4,40,35,35,0.0076990724,Naive CD20+ B
AGTGAACCACTAGGTC-14-s4d8,GARQ,D11,4,40,35,1,0.10119912,Naive CD20+ B
GTGGACACAAACTAAG-14-s4d8,GARQ,D11,4,40,35,0,0.26243514,Proerythroblast
TCAAGGAAGGTCCTAG-14-s4d8,GARQ,D11,4,40,35,4,0.1778855,NK
ACTAGGCGTTAGCGTA-14-s4d8,GARQ,D11,4,40,35,22,0.030259907,Naive CD20+ B
GTACTGGTCCGCTAGA-14-s4d8,GARQ,D11,4,40,35,0,0.44896334,Proerythroblast
TGGTTCCTCATTTGCT-14-s4d8,GARQ,D11,4,40,35,22,0.044588625,CD8+ T
GGTCCATCAGCACGTT-14-s4d8,GARQ,D11,4,40,35,22,0.024803698,CD8+ T
GATGCATTCAGCATTA-14-s4d8,GARQ,D11,4,40,35,4,0.07373834,CD4+ T activated
ATCTATGAGTTAGCTA-14-s4d8,GARQ,D11,4,40,35,18,0.032551408,Transitional B
TAACAAGCATAGTCAT-14-s4d8,GARQ,D11,4,40,35,22,0.045529246,CD8+ T
ACAGGTAAGCTATTAG-14-s4d8,GARQ,D11,4,40,35,2,0.13608292,B1 B
ACAACAACAGCAAGAT-14-s4d8,GARQ,D11,4,40,35,0,0.488765,Proerythroblast
CACGCAATCCTCCATA-14-s4d8,GARQ,D11,4,40,35,9,0.009686083,Lymph prog
CAAGGTTTCTCACTCA-14-s4d8,GARQ,D11,4,40,35,22,0.2824771,CD8+ T
CGTGCACAGACAGGCG-14-s4d8,GARQ,D11,4,40,35,4,0.10834378,CD8+ T
GAGGGAGCAGTCTATG-14-s4d8,GARQ,D11,4,40,35,9,0.09447363,Transitional B
TTGATGTCATTGCGGT-14-s4d8,GARQ,D11,4,40,35,4,0.034840822,CD4+ T activated
GGTGTCCAGCTCCTAC-14-s4d8,GARQ,D11,4,40,35,22,0.040692747,CD8+ T
CACTTAAAGGTTTACA-14-s4d8,GARQ,D11,4,40,35,8,0.04686019,Transitional B
AGTTATGTCAGGTTTA-14-s4d8,GARQ,D11,4,40,35,35,0.059123755,CD8+ T
AATCCCTGTACCCACC-14-s4d8,GARQ,D11,4,40,35,22,0.062284946,CD8+ T
GGGAATATCTACCTGC-14-s4d8,GARQ,D11,4,40,35,4,0.035170972,CD8+ T
CCCTCAGTCACAGACT-14-s4d8,GARQ,D11,4,40,35,27,0.06866121,CD8+ T
GCCACAATCTGGCAAT-14-s4d8,GARQ,D11,4,40,35,23,0.16109145,G/M prog
TATGGCCCATAGACCC-14-s4d8,GARQ,D11,4,40,35,22,0.11457169,CD4+ T activated
CATAACGGTCAGGAAG-14-s4d8,GARQ,D11,4,40,35,22,0.13602209,CD8+ T
AAAGGAGCATGGTTAT-14-s4d8,GARQ,D11,4,40,35,22,0.3211696,CD4+ T activated
CGGAGTCTCTTTGACT-14-s4d8,GARQ,D11,4,40,35,15,0.06767756,CD4+ T naive
GAGTTTGGTGCAATGC-14-s4d8,GARQ,D11,4,40,35,4,0.07844299,CD4+ T activated
GATTGCGTCATTCATC-14-s4d8,GARQ,D11,4,40,35,27,0.012394667,CD8+ T
GGACCTCAGATAAAGC-14-s4d8,GARQ,D11,4,40,35,4,0.046693623,Plasma cell
TCAGGAGCAACTAGAA-14-s4d8,GARQ,D11,4,40,35,4,0.0006995201,CD8+ T
AGCTAAACATCAGTAT-14-s4d8,GARQ,D11,4,40,35,4,0.19732499,CD8+ T
TGCTCAACAGGAACCA-14-s4d8,GARQ,D11,4,40,35,2,0.06957713,Naive CD20+ B
TCTAGCCTCTAAGTCA-14-s4d8,GARQ,D11,4,40,35,8,0.037193,Naive CD20+ B
ATTTAGCCAAACAACA-14-s4d8,GARQ,D11,4,40,35,4,0.014381707,Naive CD20+ B
AGAGGATGTTTACGTC-14-s4d8,GARQ,D11,4,40,35,17,0.06974289,Lymph prog
TGGGCATGTTAACGAT-14-s4d8,GARQ,D11,4,40,35,22,0.04532844,CD8+ T
AGTCGCATCAATCATG-14-s4d8,GARQ,D11,4,40,35,0,0.34080184,Proerythroblast
ACCAGCTCAGCACCAT-14-s4d8,GARQ,D11,4,40,35,0,0.07964367,Proerythroblast
TCTTCAAGTCAATAGT-14-s4d8,GARQ,D11,4,40,35,8,0.1785667,Naive CD20+ B
CAGGACACATCTAGCA-14-s4d8,GARQ,D11,4,40,35,16,0.017783642,pDC
GCGAAGTAGGCATGTT-14-s4d8,GARQ,D11,4,40,35,13,0.0020526648,CD8+ T
ATTGCACAGAAGCTAG-14-s4d8,GARQ,D11,4,40,35,0,0.065642595,Proerythroblast
TACGTTAAGTAACCCG-14-s4d8,GARQ,D11,4,40,35,4,0.09391761,CD4+ T naive
ACAAAGGTCTCCATAT-14-s4d8,GARQ,D11,4,40,35,6,0.11359656,B1 B
GAGGAGGCAATTTAGC-14-s4d8,GARQ,D11,4,40,35,4,0.1761592,CD8+ T
GCTATCCTCTAAGTCA-14-s4d8,GARQ,D11,4,40,35,4,0.63245475,CD8+ T
CCATAATCATCATGGC-14-s4d8,GARQ,D11,4,40,35,4,0.03207624,CD8+ T
CTAACCACAAGTCGCT-14-s4d8,GARQ,D11,4,40,35,2,0.04485309,B1 B
GTATGTTCATAGTCAT-14-s4d8,GARQ,D11,4,40,35,8,0.060848117,Naive CD20+ B
CTAAATGTCCTCATCA-14-s4d8,GARQ,D11,4,40,35,1,0.023573935,Naive CD20+ B
CCGCACACAAAGCTCC-14-s4d8,GARQ,D11,4,40,35,6,0.0027221441,Lymph prog
GCAAGTGCATCCTGAA-14-s4d8,GARQ,D11,4,40,35,4,0.08244726,Erythroblast
GTTACGTAGCCACATG-14-s4d8,GARQ,D11,4,40,35,35,0.06463206,CD8+ T
GTTCCTGGTCCAAATG-14-s4d8,GARQ,D11,4,40,35,27,0.083200455,CD8+ T
ACCCTCCCACAAAGCG-14-s4d8,GARQ,D11,4,40,35,4,0.49353504,CD4+ T activated
TATGACTCACCTGCCT-14-s4d8,GARQ,D11,4,40,35,16,0.06319499,G/M prog
GATGAGGGTTCACCAT-14-s4d8,GARQ,D11,4,40,35,22,0.14437199,CD8+ T
AAGTAGCCAACAACAA-14-s4d8,GARQ,D11,4,40,35,0,0.17553073,HSC
TTGGAGGCACTTACAG-14-s4d8,GARQ,D11,4,40,35,2,0.03699857,CD8+ T
CAAGGTTTCGCTTGCT-14-s4d8,GARQ,D11,4,40,35,23,0.041815996,cDC2
CATAGACTCCATCAGG-14-s4d8,GARQ,D11,4,40,35,4,0.056077838,CD4+ T activated
GCTATCCTCGATAACC-14-s4d8,GARQ,D11,4,40,35,0,0.1700843,Proerythroblast
ACTCAGTAGTAGGCGG-14-s4d8,GARQ,D11,4,40,35,17,0.0028108954,Transitional B
TTATTGCTCGAGCAAA-14-s4d8,GARQ,D11,4,40,35,0,0.45383435,Erythroblast
TTAGCGGTCCCGAAGC-14-s4d8,GARQ,D11,4,40,35,23,0.06877899,CD16+ Mono
AGTCCTGAGGCTAAGA-14-s4d8,GARQ,D11,4,40,35,0,0.14025891,Proerythroblast
AAGCTTGGTATTGCAG-14-s4d8,GARQ,D11,4,40,35,0,0.21936232,Proerythroblast
TCGCTAACACAATACT-14-s4d8,GARQ,D11,4,40,35,5,0.056542754,NK
TGGACAAAGGGCCATC-14-s4d8,GARQ,D11,4,40,35,23,0.06381869,cDC2
AATCTCAAGACAACGA-14-s4d8,GARQ,D11,4,40,35,16,0.14368343,CD14+ Mono
TGGTGATTCATTATGG-14-s4d8,GARQ,D11,4,40,35,0,0.14680755,Normoblast
CCACACAAGAAAGGAA-14-s4d8,GARQ,D11,4,40,35,16,0.053222,CD14+ Mono
GTAAGCAAGCTTATGA-14-s4d8,GARQ,D11,4,40,35,22,0.0086658,Naive CD20+ B
CACGCAATCACCAATA-14-s4d8,GARQ,D11,4,40,35,23,0.0236364,CD16+ Mono
CCTGAATAGTACCGCA-14-s4d8,GARQ,D11,4,40,35,4,0.11387974,CD8+ T
TGTAAGTGTAGCCATA-14-s4d8,GARQ,D11,4,40,35,7,0.11719835,CD8+ T
CTCTAGCTCAGGATGA-14-s4d8,GARQ,D11,4,40,35,22,0.124572694,CD8+ T
GACTAATGTTTAACGG-14-s4d8,GARQ,D11,4,40,35,22,0.13618731,CD8+ T
GTGAACAAGCTGAGGG-14-s4d8,GARQ,D11,4,40,35,35,0.21972477,CD8+ T
TTGATGTCAATCTCTC-14-s4d8,GARQ,D11,4,40,35,0,0.14069211,Proerythroblast
GTTAATGTCGTCAAGT-14-s4d8,GARQ,D11,4,40,35,27,0.118074775,CD8+ T
TTTAAGGTCCTCATGC-14-s4d8,GARQ,D11,4,40,35,22,0.22928822,CD8+ T
GATGACTTCTGGCATG-14-s4d8,GARQ,D11,4,40,35,4,0.14601928,CD8+ T
GTATTCAAGTTCCTGC-14-s4d8,GARQ,D11,4,40,35,2,0.10652608,Naive CD20+ B
GAGTTGCGTGTTAAAC-14-s4d8,GARQ,D11,4,40,35,18,0.029357642,Lymph prog
GAACGAATCAGGTCCA-14-s4d8,GARQ,D11,4,40,35,9,0.06127608,Lymph prog
TATGTGATCAAGGACA-14-s4d8,GARQ,D11,4,40,35,22,0.0240888,CD8+ T
CACTGACCAATTTGGT-14-s4d8,GARQ,D11,4,40,35,22,0.08361393,CD8+ T
TAGGCTTAGGCTAAGA-14-s4d8,GARQ,D11,4,40,35,27,0.007480681,CD8+ T
TGAGCTTAGGATCACT-14-s4d8,GARQ,D11,4,40,35,0,0.22978824,Erythroblast
TGATCGAGTGCACGCA-14-s4d8,GARQ,D11,4,40,35,4,0.037575662,CD4+ T activated
AATGCAACATCAGCAC-14-s4d8,GARQ,D11,4,40,35,27,0.0017431378,NK
GATGCAGCAGAAACGT-14-s4d8,GARQ,D11,4,40,35,1,0.058609426,B1 B
TTTGTTGGTGCCTCAC-14-s4d8,GARQ,D11,4,40,35,4,0.1543665,CD4+ T naive
CGCTGTGCACTGACCG-14-s4d8,GARQ,D11,4,40,35,16,0.14034635,CD14+ Mono
TGTGTGAGTCAACAAT-14-s4d8,GARQ,D11,4,40,35,0,0.22574893,Proerythroblast
AGTCGCATCCTCAGCT-14-s4d8,GARQ,D11,4,40,35,35,0.21568859,CD8+ T
CAAGGCCTCCTAATTC-14-s4d8,GARQ,D11,4,40,35,23,0.002353847,CD14+ Mono
GTGATCAGTCTAACAG-14-s4d8,GARQ,D11,4,40,35,4,0.0077415705,CD8+ T
CTAGCTGAGAATGACG-14-s4d8,GARQ,D11,4,40,35,23,0.012914777,CD16+ Mono
AGCATTTCACCTGCCT-14-s4d8,GARQ,D11,4,40,35,8,0.17950785,Transitional B
GCAATCTAGCTGTAAC-14-s4d8,GARQ,D11,4,40,35,4,0.097265124,CD4+ T activated
TCCTTGCAGAACCTGT-14-s4d8,GARQ,D11,4,40,35,0,0.12386131,Proerythroblast
GAACTTATCATCGTTT-14-s4d8,GARQ,D11,4,40,35,4,0.0034174323,Naive CD20+ B
GAGGCTACAGCTAATT-14-s4d8,GARQ,D11,4,40,35,22,0.054296732,B1 B
AATTGACGTTTACCGT-14-s4d8,GARQ,D11,4,40,35,35,0.25302017,CD8+ T
TTCGTGCTCATGCTAA-14-s4d8,GARQ,D11,4,40,35,22,0.0457685,CD4+ T activated
CCTTACTCAGGCTTGT-14-s4d8,GARQ,D11,4,40,35,0,0.1100395,Lymph prog
TAAGCTATCTGCAAAC-14-s4d8,GARQ,D11,4,40,35,4,0.05126232,CD8+ T
ATGTTTGAGTTGCGTG-14-s4d8,GARQ,D11,4,40,35,0,0.17285606,Proerythroblast
GCGGATACACAAGCCT-14-s4d8,GARQ,D11,4,40,35,22,0.101041555,CD8+ T
CATAATCCAAACCCTA-14-s4d8,GARQ,D11,4,40,35,8,0.034089565,CD4+ T naive
CCCTCATAGCAGGTGG-14-s4d8,GARQ,D11,4,40,35,33,0.0018431544,NK
CGAAGTAAGCGATAGA-14-s4d8,GARQ,D11,4,40,35,23,0.17886275,cDC2
TTCACTGTCGGCCATA-14-s4d8,GARQ,D11,4,40,35,22,0.12041581,B1 B
CATAATCCAACAGCCT-14-s4d8,GARQ,D11,4,40,35,8,0.06397414,Transitional B
AAAGGAGCAAGTTATC-14-s4d8,GARQ,D11,4,40,35,27,0.078122616,CD8+ T
ACCTTGCTCAAGCGCC-14-s4d8,GARQ,D11,4,40,35,27,0.041998863,CD8+ T
AGTCCTTGTTTGAGCA-14-s4d8,GARQ,D11,4,40,35,22,0.16303921,CD8+ T
AGTAATCGTTTGGCGG-14-s4d8,GARQ,D11,4,40,35,27,0.07321477,CD8+ T
ATCGCTTGTAATCACG-14-s4d8,GARQ,D11,4,40,35,4,0.13584304,Normoblast
GTAAAGCCACCGTTCC-14-s4d8,GARQ,D11,4,40,35,27,0.1091795,CD4+ T activated
ACTTATGAGTTGTCTT-14-s4d8,GARQ,D11,4,40,35,27,0.031104624,CD4+ T naive
GTGAACAAGGTATTGC-14-s4d8,GARQ,D11,4,40,35,8,0.32692194,B1 B
TTGGGCGGTTTCCGGC-14-s4d8,GARQ,D11,4,40,35,8,0.117376566,Naive CD20+ B
CTCTAAGCAACTAGCC-14-s4d8,GARQ,D11,4,40,35,22,0.032105684,CD8+ T
ACCTAAATCATGGTTA-14-s4d8,GARQ,D11,4,40,35,22,0.026550293,Transitional B
TCCTTCAAGGACGTAA-14-s4d8,GARQ,D11,4,40,35,8,0.15844288,B1 B
TTTCCACCATTAGCGC-14-s4d8,GARQ,D11,4,40,35,27,0.18426037,NK
TTCCTCAAGTGATTCA-14-s4d8,GARQ,D11,4,40,35,27,0.22330183,CD8+ T
TGCACTTGTAGCTAAT-14-s4d8,GARQ,D11,4,40,35,4,0.08477211,CD8+ T
CCTGTTGGTGTTTGAG-14-s4d8,GARQ,D11,4,40,35,8,0.0661788,Naive CD20+ B
TACTGGCCATCAATCG-14-s4d8,GARQ,D11,4,40,35,27,0.1186893,CD8+ T
GTTCTTGTCATGCTAA-14-s4d8,GARQ,D11,4,40,35,27,0.026771784,CD8+ T
CCATCATGTTAAGTGT-14-s4d8,GARQ,D11,4,40,35,7,0.05669287,NK
TGATCACAGGTAGCTT-14-s4d8,GARQ,D11,4,40,35,22,0.04661882,Naive CD20+ B
GGATTTATCGTTTCCA-14-s4d8,GARQ,D11,4,40,35,22,0.03343764,CD4+ T activated
ATTACCCGTGAGCACT-14-s4d8,GARQ,D11,4,40,35,31,0.107854426,CD16+ Mono
GTAGGAGGTGAGCGAA-14-s4d8,GARQ,D11,4,40,35,27,0.003416121,CD4+ T activated
CGTTGCAAGCCTCTGT-14-s4d8,GARQ,D11,4,40,35,31,0.019697696,cDC2
AACTTAGTCAGCAAGA-14-s4d8,GARQ,D11,4,40,35,8,0.21822804,Naive CD20+ B
CCACACAAGCAACATC-14-s4d8,GARQ,D11,4,40,35,27,0.007962644,CD8+ T
CTATGATCAAGTGTTT-14-s4d8,GARQ,D11,4,40,35,22,0.094696075,CD4+ T naive
TCCTCACAGTTTCCTG-14-s4d8,GARQ,D11,4,40,35,22,0.052634954,CD8+ T
CATTATCTCGTACCGA-14-s4d8,GARQ,D11,4,40,35,5,0.02627927,CD4+ T activated
TAGTTGTCACTTAACG-14-s4d8,GARQ,D11,4,40,35,4,0.0028916597,CD8+ T
AACTGTTCACCTGCCT-14-s4d8,GARQ,D11,4,40,35,22,0.03587061,CD8+ T
CTCCTCACAGTGAACG-14-s4d8,GARQ,D11,4,40,35,4,0.031363606,CD8+ T
GTCTAACAGGTCAAAG-14-s4d8,GARQ,D11,4,40,35,4,0.2833612,CD8+ T
GGAACCACAAAGGCCA-14-s4d8,GARQ,D11,4,40,35,27,0.12735045,CD8+ T
GCGAGTGAGGCGAAAC-14-s4d8,GARQ,D11,4,40,35,23,0.07565212,CD14+ Mono
TTGCTTTAGGTCGAGG-14-s4d8,GARQ,D11,4,40,35,0,0.39092547,Proerythroblast
TCAATCGCACCAAAGG-14-s4d8,GARQ,D11,4,40,35,35,0.15805244,NK
TTGCAACAGACTATTG-14-s4d8,GARQ,D11,4,40,35,0,0.120426774,Proerythroblast
AGGGTTGCACAACAGG-14-s4d8,GARQ,D11,4,40,35,27,0.035746515,CD8+ T
TTGTTCCCACAGAAAC-14-s4d8,GARQ,D11,4,40,35,27,0.10004836,CD8+ T
CTCCAAACACCTGTAA-14-s4d8,GARQ,D11,4,40,35,35,0.09650326,CD8+ T
CAATCCTGTTAGAGCC-14-s4d8,GARQ,D11,4,40,35,4,0.06691778,CD8+ T
AGGATCCGTCATTACC-14-s4d8,GARQ,D11,4,40,35,8,0.122112334,Naive CD20+ B
ACCTTCATCAAACTCA-14-s4d8,GARQ,D11,4,40,35,7,0.082499444,CD8+ T
TACTGCACATTGTGAT-14-s4d8,GARQ,D11,4,40,35,22,0.004678011,CD8+ T
CTACCTCAGCTGTAAC-14-s4d8,GARQ,D11,4,40,35,16,0.033480853,CD14+ Mono
GTCATCACAATTATGC-14-s4d8,GARQ,D11,4,40,35,27,0.08551544,CD8+ T
GCTATTGCATTCAGCA-14-s4d8,GARQ,D11,4,40,35,35,0.006629914,CD8+ T
TCTCAAGCAATATAGG-14-s4d8,GARQ,D11,4,40,35,4,0.08052969,CD8+ T
AGCTACGTCCTCCTAA-14-s4d8,GARQ,D11,4,40,35,16,0.0808782,CD14+ Mono
ACCCGGTAGGGATGCG-14-s4d8,GARQ,D11,4,40,35,27,0.018115878,CD8+ T
AGAGATTAGCACGATT-14-s4d8,GARQ,D11,4,40,35,22,0.032827973,CD8+ T
AAGCTATGTTAATGCG-14-s4d8,GARQ,D11,4,40,35,27,0.22048897,NK
GCCTTAGAGTCAGGCC-14-s4d8,GARQ,D11,4,40,35,8,0.12833762,Naive CD20+ B
GCTTACCTCTCATCAT-14-s4d8,GARQ,D11,4,40,35,16,0.022115082,cDC2
TGTTGTTTCAAACCGT-14-s4d8,GARQ,D11,4,40,35,8,0.08628762,Naive CD20+ B
CGCTTCTAGCTCAAAC-14-s4d8,GARQ,D11,4,40,35,22,0.00043797493,CD8+ T
TGGTAAACAACTAGGG-14-s4d8,GARQ,D11,4,40,35,4,0.23466635,CD8+ T
GCCTCCATCTTTGTAC-14-s4d8,GARQ,D11,4,40,35,23,0.11344269,cDC2
TCCGCCATCTTGTCCA-14-s4d8,GARQ,D11,4,40,35,8,0.28444725,Naive CD20+ B
AAGCCACGTGACATAT-14-s4d8,GARQ,D11,4,40,35,23,0.08740336,CD16+ Mono
AGCTATATCTTAGCCC-14-s4d8,GARQ,D11,4,40,35,4,0.05580449,CD8+ T
GCATCCTTCGTTTCGC-14-s4d8,GARQ,D11,4,40,35,8,0.012183249,B1 B
CGGCTAATCCTCAGCT-14-s4d8,GARQ,D11,4,40,35,0,0.18989438,Proerythroblast
AGCTTAATCCCGTTTA-14-s4d8,GARQ,D11,4,40,35,4,0.112160265,Naive CD20+ B
CCTAATCGTCATCCTG-14-s4d8,GARQ,D11,4,40,35,16,0.09572339,CD14+ Mono
GGACTAAAGCAGGTTT-14-s4d8,GARQ,D11,4,40,35,16,0.0025202632,CD16+ Mono
TGTTGGCCAGCACCAT-14-s4d8,GARQ,D11,4,40,35,4,0.50128424,CD8+ T
TTGTGTGCAATTGACT-14-s4d8,GARQ,D11,4,40,35,4,0.16479826,CD4+ T activated
ATGGTTATCTTAGGGT-14-s4d8,GARQ,D11,4,40,35,2,0.2611635,Naive CD20+ B
GACACCGGTCCTAATC-14-s4d8,GARQ,D11,4,40,35,0,0.25338018,Proerythroblast
CGGTGAACAAAGCTCC-14-s4d8,GARQ,D11,4,40,35,4,0.09310585,CD8+ T
GGATGTAAGGTAACGA-14-s4d8,GARQ,D11,4,40,35,27,0.018043637,CD8+ T
ATGTTCAAGAAACTGG-14-s4d8,GARQ,D11,4,40,35,16,0.05240923,CD14+ Mono
CAATCGCCAACCTAAT-14-s4d8,GARQ,D11,4,40,35,8,0.28799057,Transitional B
GAGTTTGGTTACTTGC-14-s4d8,GARQ,D11,4,40,35,7,0.011914104,CD8+ T
TTGGAGGCAGTAATAG-14-s4d8,GARQ,D11,4,40,35,32,0.000805825,Plasma cell
GGTTAGCGTATTGGTG-14-s4d8,GARQ,D11,4,40,35,35,0.021879435,CD8+ T
AGCTTCCTCATGTCAA-14-s4d8,GARQ,D11,4,40,35,11,0.040496945,CD8+ T
CTTAGGAGTACCGTTT-14-s4d8,GARQ,D11,4,40,35,1,0.077986896,B1 B
GCTCACAAGGAGGCAT-14-s4d8,GARQ,D11,4,40,35,0,0.20231867,Proerythroblast
CATGCAAGTGAATCGC-14-s4d8,GARQ,D11,4,40,35,22,0.2945962,CD8+ T
ACTATGTCACAATGCC-14-s4d8,GARQ,D11,4,40,35,8,0.21471065,Naive CD20+ B
GGCTGTCAGGTCAAAG-14-s4d8,GARQ,D11,4,40,35,9,0.11992177,Lymph prog
ATTGACTCAGTAGCCT-14-s4d8,GARQ,D11,4,40,35,4,0.18559825,CD8+ T
GGGTGAAGTTCGCGCT-14-s4d8,GARQ,D11,4,40,35,4,0.20181584,CD8+ T
ACGTCCAAGAACAAGT-14-s4d8,GARQ,D11,4,40,35,16,0.013236761,CD14+ Mono
ATGGTGCGTATCTGGA-14-s4d8,GARQ,D11,4,40,35,22,0.02304995,B1 B
CAAACATGTATACTGG-14-s4d8,GARQ,D11,4,40,35,0,0.15158957,Normoblast
CAATAAGCAACACCTA-14-s4d8,GARQ,D11,4,40,35,8,0.09938091,Naive CD20+ B
AATGAAGGTGGTTATG-14-s4d8,GARQ,D11,4,40,35,8,0.36806017,Naive CD20+ B
TCATCCATCCGGGACT-14-s4d8,GARQ,D11,4,40,35,22,0.012620449,CD8+ T
GATAAAGGTTGTTCAC-14-s4d8,GARQ,D11,4,40,35,22,0.00487715,CD8+ T
TTTGCGGAGGCATTAC-14-s4d8,GARQ,D11,4,40,35,33,0.0054160953,CD8+ T
GAAGCTAAGTTGTCAA-14-s4d8,GARQ,D11,4,40,35,0,0.18774182,Proerythroblast
AGAAACCCAGTCTATG-14-s4d8,GARQ,D11,4,40,35,4,0.087671995,CD4+ T naive
TGTCCTTCACAGAACG-14-s4d8,GARQ,D11,4,40,35,4,0.11778581,NK
CTCTCACAGGCCGGAA-14-s4d8,GARQ,D11,4,40,35,4,0.12976742,CD8+ T
GCTTTATTCTCCATGC-14-s4d8,GARQ,D11,4,40,35,27,0.044113517,CD8+ T
GTGCGCAGTTTGTGGA-14-s4d8,GARQ,D11,4,40,35,0,0.16036874,Proerythroblast
CCTAAATCAAATTCGT-14-s4d8,GARQ,D11,4,40,35,4,0.018939257,CD8+ T
TGGGCATGTACGGTAC-14-s4d8,GARQ,D11,4,40,35,27,0.007983685,CD8+ T
CATAGGTTCATGCATA-14-s4d8,GARQ,D11,4,40,35,4,0.1053102,CD8+ T
TCCAGGTCACGTAATT-14-s4d8,GARQ,D11,4,40,35,22,0.20217574,CD8+ T
ACAGGATCATTGGGAG-14-s4d8,GARQ,D11,4,40,35,27,0.01902783,CD8+ T
AGGATATAGGCTGTGC-14-s4d8,GARQ,D11,4,40,35,35,0.019185424,CD4+ T naive
TAGGAGTCAGCATTAT-14-s4d8,GARQ,D11,4,40,35,27,0.016486049,CD8+ T
GGTACTTAGGCGGGTA-14-s4d8,GARQ,D11,4,40,35,7,0.0048862696,NK
CATCCCAGTTGTGACA-14-s4d8,GARQ,D11,4,40,35,0,0.1402176,Proerythroblast
AGTGAACCACTAGCGT-14-s4d8,GARQ,D11,4,40,35,7,0.025034904,CD8+ T
GAAGGAACAGGTATTT-14-s4d8,GARQ,D11,4,40,35,4,0.2407139,CD4+ T activated
GTCTATCGTTTAAAGC-14-s4d8,GARQ,D11,4,40,35,8,0.10157788,B1 B
ACCACACCAGTCTATG-14-s4d8,GARQ,D11,4,40,35,27,0.044885516,CD8+ T
ACGCACGGTGATCAGC-14-s4d8,GARQ,D11,4,40,35,0,0.14617741,Proerythroblast
AGCCAGTGTCTCACTG-14-s4d8,GARQ,D11,4,40,35,13,0.054711282,CD8+ T
TCCAGGTCAGGCATGA-14-s4d8,GARQ,D11,4,40,35,22,0.110651195,CD8+ T
TGACCAAGTTAGCTGA-14-s4d8,GARQ,D11,4,40,35,4,0.16075891,CD8+ T
CATGGATTCAGGTCCA-14-s4d8,GARQ,D11,4,40,35,35,0.0733732,CD8+ T
AACGGTAAGAGGCTAA-14-s4d8,GARQ,D11,4,40,35,27,0.052450538,NK
TGTTGCACATTTGCTC-14-s4d8,GARQ,D11,4,40,35,22,0.13199854,CD4+ T activated
CGCAATCCATTAGGCC-14-s4d8,GARQ,D11,4,40,35,27,0.17374575,NK
GTTTGCTGTGGATTGC-14-s4d8,GARQ,D11,4,40,35,4,0.049550593,Erythroblast
AGAGAAGCATCCCTCA-14-s4d8,GARQ,D11,4,40,35,0,0.28170854,Proerythroblast
GAGGCAAGTCACCAAA-14-s4d8,GARQ,D11,4,40,35,27,0.11431825,CD8+ T
AACAAAGGTTCGGTAA-14-s4d8,GARQ,D11,4,40,35,13,0.07018846,CD4+ T naive
TCTTTGTAGCCATCAG-14-s4d8,GARQ,D11,4,40,35,22,0.114914775,CD8+ T
TTGCTTTAGCTACTGG-14-s4d8,GARQ,D11,4,40,35,7,0.079642594,NK
AGTAACCTCCATAAGC-14-s4d8,GARQ,D11,4,40,35,23,0.0051063895,HSC
TCATACTTCATTAGGC-14-s4d8,GARQ,D11,4,40,35,22,0.024566412,CD8+ T
CAAGTGAAGGTGAAGC-14-s4d8,GARQ,D11,4,40,35,16,0.065297455,CD8+ T
TCAGTAGGTCACGAAC-14-s4d8,GARQ,D11,4,40,35,34,0.14659777,MK/E prog
AGGGCCTTCTTGAGGT-14-s4d8,GARQ,D11,4,40,35,27,0.11083621,CD4+ T activated
AGCGTGCTCTTAGCGG-14-s4d8,GARQ,D11,4,40,35,23,0.019880056,cDC2
ATAGATGCACGGTTTA-14-s4d8,GARQ,D11,4,40,35,35,0.01704967,CD8+ T
CTAACCCTCTTAGGGT-14-s4d8,GARQ,D11,4,40,35,31,0.07461184,CD14+ Mono
GTGGCTTCACAATTAC-14-s4d8,GARQ,D11,4,40,35,0,0.28188396,MK/E prog
GGTATTTCAAGCGATG-14-s4d8,GARQ,D11,4,40,35,4,0.21573776,CD4+ T activated
CTAATGTCAACACCTA-14-s4d8,GARQ,D11,4,40,35,27,0.025086403,CD8+ T
ACGTTACAGTGTGATC-14-s4d8,GARQ,D11,4,40,35,16,0.013928533,CD14+ Mono
CAATGCCCATACCCGG-14-s4d8,GARQ,D11,4,40,35,4,0.101807475,CD4+ T naive
TGGCCTTTCGATTTGA-14-s4d8,GARQ,D11,4,40,35,0,0.2821586,Proerythroblast
GGGCTAACACAGAAAC-14-s4d8,GARQ,D11,4,40,35,4,0.035776198,CD4+ T activated
TAGTAGGAGCCTGTGA-14-s4d8,GARQ,D11,4,40,35,4,0.013696969,Naive CD20+ B
CCAGTTTGTTGAAGCC-14-s4d8,GARQ,D11,4,40,35,33,0.0066463947,CD8+ T
TTTGTCCCATTGTCAG-14-s4d8,GARQ,D11,4,40,35,4,0.3170128,CD8+ T
TCATACTTCAGGTCCA-14-s4d8,GARQ,D11,4,40,35,4,0.003432393,CD4+ T naive
ACTTGTAAGTTAGTTG-14-s4d8,GARQ,D11,4,40,35,23,0.124534905,CD8+ T
GGTCCATCACAAGCCT-14-s4d8,GARQ,D11,4,40,35,16,0.11783704,CD14+ Mono
GCAATGAAGTTACCGG-14-s4d8,GARQ,D11,4,40,35,16,0.049416542,CD14+ Mono
GATGGCTGTCAAAGGG-14-s4d8,GARQ,D11,4,40,35,22,0.06779528,CD8+ T
CGATCCTTCGAGCAAA-14-s4d8,GARQ,D11,4,40,35,22,0.013864815,CD4+ T naive
GAAAGGCTCATTTGCT-14-s4d8,GARQ,D11,4,40,35,27,0.11466414,CD8+ T
GGTTATGGTGGAGCAA-14-s4d8,GARQ,D11,4,40,35,2,0.07766959,Transitional B
AGTAACACATAAGTTC-14-s4d8,GARQ,D11,4,40,35,4,0.101181865,CD4+ T naive
CATGCATAGTTATGGC-14-s4d8,GARQ,D11,4,40,35,27,0.11645877,NK
ATGGCTAGTTAATGCG-14-s4d8,GARQ,D11,4,40,35,8,0.34429574,Naive CD20+ B
CAAAGCGCAGCCGCTA-14-s4d8,GARQ,D11,4,40,35,27,0.17937768,CD8+ T
CTTCACTCATTAAAGG-14-s4d8,GARQ,D11,4,40,35,0,0.26318932,Proerythroblast
AAACATGCAATTAACC-14-s4d8,GARQ,D11,4,40,35,22,0.18588817,CD8+ T
CATTATGAGCACAGAA-14-s4d8,GARQ,D11,4,40,35,22,0.09561163,CD8+ T
CTTGAACAGTTAGCCG-14-s4d8,GARQ,D11,4,40,35,0,0.1674149,Erythroblast
TGTTAGCAGTCAGTAC-14-s4d8,GARQ,D11,4,40,35,8,0.22520137,Naive CD20+ B
TCCATAAAGGACAACA-14-s4d8,GARQ,D11,4,40,35,4,0.018350244,CD8+ T
TTTAGGATCTAACTGA-14-s4d8,GARQ,D11,4,40,35,35,0.020744503,CD8+ T
GTTCCTTCAATGAGGT-14-s4d8,GARQ,D11,4,40,35,0,0.39740682,Proerythroblast
TGCATTAAGGAACACA-14-s4d8,GARQ,D11,4,40,35,9,0.05042708,Transitional B
TGTTATGAGTCATTTC-14-s4d8,GARQ,D11,4,40,35,27,0.0073018074,CD8+ T
GCTAGTGTCCCTGACT-14-s4d8,GARQ,D11,4,40,35,27,0.07250017,CD8+ T
AGCTAAACATTGACAT-14-s4d8,GARQ,D11,4,40,35,35,0.067305446,CD8+ T
CCCTCAGTCTAACTGA-14-s4d8,GARQ,D11,4,40,35,0,0.17256469,Proerythroblast
TCTAAGGGTCCCGGAA-14-s4d8,GARQ,D11,4,40,35,0,0.31565005,Erythroblast
CCGCAAGGTGGTTATG-14-s4d8,GARQ,D11,4,40,35,1,0.011185765,B1 B
CAAACACTCCGCCTCA-14-s4d8,GARQ,D11,4,40,35,34,0.0065384507,HSC
GGGCCTAGTTAGACCA-14-s4d8,GARQ,D11,4,40,35,8,0.042672515,B1 B
GTCATCCTCTTAGCCC-14-s4d8,GARQ,D11,4,40,35,27,0.07387769,CD4+ T activated
TCGCGAGGTTCCGGCT-14-s4d8,GARQ,D11,4,40,35,27,0.032042384,CD8+ T
AGAGGAACACAACAGG-14-s4d8,GARQ,D11,4,40,35,27,0.08978391,CD8+ T
CTAACCACATCCAGGT-14-s4d8,GARQ,D11,4,40,35,22,0.027169645,NK
GCGCAAACACAAGCCT-14-s4d8,GARQ,D11,4,40,35,22,0.018799186,CD4+ T activated
AGGCAATCAACACTTG-14-s4d8,GARQ,D11,4,40,35,27,0.18269974,CD8+ T
GTGTGCGGTTCCGGGA-14-s4d8,GARQ,D11,4,40,35,4,0.021477401,Proerythroblast
GCCTACTTCGCTCCAT-14-s4d8,GARQ,D11,4,40,35,35,0.045685828,CD8+ T
TTGTCCATCTAACCAA-14-s4d8,GARQ,D11,4,40,35,13,0.031016827,CD4+ T naive
TCTAAGGGTAATCGTG-14-s4d8,GARQ,D11,4,40,35,22,0.11667538,CD8+ T
GATTCATCATCCAGGT-14-s4d8,GARQ,D11,4,40,35,34,0.02941367,CD8+ T
TGTAAAGCAGTTGCGT-14-s4d8,GARQ,D11,4,40,35,22,0.14739388,CD8+ T
ATGGCCGGTTGACTTC-14-s4d8,GARQ,D11,4,40,35,0,0.08263856,Proerythroblast
CGCTTCTAGCACTAGT-14-s4d8,GARQ,D11,4,40,35,16,0.10697389,CD14+ Mono
CATTATGAGGATCACT-14-s4d8,GARQ,D11,4,40,35,22,0.119926035,CD8+ T
AAAGGCTCAGCAACCT-14-s4d8,GARQ,D11,4,40,35,4,0.10519934,CD4+ T activated
CCTTACTCAAACCTAT-14-s4d8,GARQ,D11,4,40,35,23,0.21201316,cDC2
AACGCCCAGGAGTCGG-14-s4d8,GARQ,D11,4,40,35,0,0.18920034,Proerythroblast
AGCGCCTAGCCACAAT-14-s4d8,GARQ,D11,4,40,35,22,0.121732235,CD8+ T
CGTATTGCATTGTGGC-14-s4d8,GARQ,D11,4,40,35,0,0.14992708,Proerythroblast
ACGAATCTCACAGACT-14-s4d8,GARQ,D11,4,40,35,4,0.12091637,CD8+ T
GCGGATACAAGCTTAT-14-s4d8,GARQ,D11,4,40,35,8,0.021872938,Transitional B
ATCCATAAGGCTCATG-14-s4d8,GARQ,D11,4,40,35,4,0.14529061,CD4+ T activated
CGTTTCTCAACAGGTG-14-s4d8,GARQ,D11,4,40,35,0,0.3416201,Proerythroblast
ATGCAAACATTGTCAG-14-s4d8,GARQ,D11,4,40,35,22,0.09490299,CD8+ T
CTAGCGGGTAATAACC-14-s4d8,GARQ,D11,4,40,35,13,0.055626214,CD4+ T activated
CTTCACTCACATACTG-14-s4d8,GARQ,D11,4,40,35,8,0.08125377,Naive CD20+ B
GATAAGCCAGTCTATG-14-s4d8,GARQ,D11,4,40,35,22,0.026133955,CD8+ T
CCACTTGGTATCTGGA-14-s4d8,GARQ,D11,4,40,35,22,0.028810084,CD8+ T
GACCTGATCTACTAAG-14-s4d8,GARQ,D11,4,40,35,2,0.10147023,Transitional B
TAAACAGCATAATCGT-14-s4d8,GARQ,D11,4,40,35,35,0.11740804,CD8+ T
GGATAACCATAGCTTG-14-s4d8,GARQ,D11,4,40,35,22,0.117337584,CD8+ T
CCTTCAATCGAGGAAC-14-s4d8,GARQ,D11,4,40,35,8,0.043139905,Naive CD20+ B
CTTATTGGTGCATCGG-14-s4d8,GARQ,D11,4,40,35,7,0.023237467,CD8+ T
GCACTTACATTAAAGG-14-s4d8,GARQ,D11,4,40,35,27,0.010877311,CD8+ T
ACCCGTAAGGAACCAA-14-s4d8,GARQ,D11,4,40,35,16,0.18845588,CD14+ Mono
TAATCCGCACAATACT-14-s4d8,GARQ,D11,4,40,35,7,0.035177767,CD8+ T
CTAGTTGCATTATGAC-14-s4d8,GARQ,D11,4,40,35,0,0.24637735,Erythroblast
AGGAACGGTGGTTATG-14-s4d8,GARQ,D11,4,40,35,13,0.016349316,CD4+ T activated
CATCCTGGTTTGCAGA-14-s4d8,GARQ,D11,4,40,35,4,0.097052395,CD4+ T activated
GGTTTAATCGCTCCAT-14-s4d8,GARQ,D11,4,40,35,22,0.05120182,Naive CD20+ B
TGGTTCCTCGTCAAGT-14-s4d8,GARQ,D11,4,40,35,22,0.13509893,CD8+ T
GCGAAGTAGACAAACG-14-s4d8,GARQ,D11,4,40,35,4,0.2094006,CD8+ T
TTGGCTGAGTCAGGCC-14-s4d8,GARQ,D11,4,40,35,4,0.10821414,CD8+ T
GATCAGTTCTGGCAAT-14-s4d8,GARQ,D11,4,40,35,27,0.11013627,CD8+ T
GATGCATTCAGGAACA-14-s4d8,GARQ,D11,4,40,35,7,0.12122828,CD8+ T
TCAGGAGCACCTATAG-14-s4d8,GARQ,D11,4,40,35,4,0.25361782,CD8+ T
TGCAATATCAGTGAAG-14-s4d8,GARQ,D11,4,40,35,4,0.17340887,CD8+ T
TTGTTTGGTTTACGTC-14-s4d8,GARQ,D11,4,40,35,24,0.08149794,CD4+ T activated
ACGTCAAGTTTATTCG-14-s4d8,GARQ,D11,4,40,35,4,0.025219202,CD4+ T naive
GGTCAAGCAATGCCCG-14-s4d8,GARQ,D11,4,40,35,35,0.03133598,CD8+ T
TCCGCCATCATTGTTC-14-s4d8,GARQ,D11,4,40,35,13,0.06316948,CD8+ T
TTGCTTTAGGAAGTAT-14-s4d8,GARQ,D11,4,40,35,16,0.073994994,cDC2
TTCCTCAAGACAAAGT-14-s4d8,GARQ,D11,4,40,35,22,0.06802583,CD8+ T
CCGCAAGGTTACAAAC-14-s4d8,GARQ,D11,4,40,35,35,0.026460946,NK
ACTCACTGTAGACAAA-14-s4d8,GARQ,D11,4,40,35,4,0.20286846,CD4+ T naive
GAGTAATAGGCTGTCA-14-s4d8,GARQ,D11,4,40,35,22,0.10336399,CD8+ T
CGCATTACAAAGGCCA-14-s4d8,GARQ,D11,4,40,35,0,0.1464144,Proerythroblast
CCTACTTCACTTAGGC-14-s4d8,GARQ,D11,4,40,35,16,0.16535139,CD14+ Mono
TTGTAAGTCCCTGGAA-14-s4d8,GARQ,D11,4,40,35,22,0.025042832,CD8+ T
GTTACCTGTGCTCCGT-14-s4d8,GARQ,D11,4,40,35,22,0.149584,CD8+ T
AGAAACCCATCCAGGT-14-s4d8,GARQ,D11,4,40,35,13,0.079542816,CD4+ T naive
CCAAACCCACCGGTAT-14-s4d8,GARQ,D11,4,40,35,22,0.081517935,CD8+ T
CGTGAGGAGTTATCCT-14-s4d8,GARQ,D11,4,40,35,8,0.20461541,B1 B
GCCTACTTCTAATCCT-14-s4d8,GARQ,D11,4,40,35,5,0.005327791,CD8+ T
ACGACAAAGCCTAACG-14-s4d8,GARQ,D11,4,40,35,9,0.105890274,Transitional B
CAACCCTTCCTAAGGT-14-s4d8,GARQ,D11,4,40,35,4,0.1647948,CD8+ T
GATGCATTCCATCAGG-14-s4d8,GARQ,D11,4,40,35,27,0.055407166,CD8+ T
GCTCATTGTTACTTGC-14-s4d8,GARQ,D11,4,40,35,0,0.389823,Erythroblast
GCAGGCAAGAAAGGAA-14-s4d8,GARQ,D11,4,40,35,27,0.101353824,CD8+ T
AATGAAGGTCAGGCCA-14-s4d8,GARQ,D11,4,40,35,27,0.0140346885,CD8+ T
CACTGACCACTAAGTT-14-s4d8,GARQ,D11,4,40,35,0,0.48998976,Erythroblast
CGATTCCTCGATCAGT-14-s4d8,GARQ,D11,4,40,35,22,0.044882774,CD8+ T
GCTCGATCAATAACCT-14-s4d8,GARQ,D11,4,40,35,4,0.08240014,CD8+ T
TGTAAGCTCCATAAGC-14-s4d8,GARQ,D11,4,40,35,18,0.17077869,Lymph prog
GGTTTAATCGCTCACT-14-s4d8,GARQ,D11,4,40,35,16,0.09855735,G/M prog
CCCTCACCAAGGTCCT-14-s4d8,GARQ,D11,4,40,35,0,0.112009704,Proerythroblast
AACAGGATCGGCTATG-14-s4d8,GARQ,D11,4,40,35,35,0.012740016,CD8+ T
CAGGAAGGTGCTGTAA-14-s4d8,GARQ,D11,4,40,35,9,0.04148361,Transitional B
GAGTGATCACGAATTT-14-s4d8,GARQ,D11,4,40,35,4,0.027846932,CD8+ T
TCCATAAAGGTCCGTA-14-s4d8,GARQ,D11,4,40,35,0,0.26388836,Proerythroblast
TGTGGCTCAAACGCGA-14-s4d8,GARQ,D11,4,40,35,0,0.11607981,Proerythroblast
GATCGCTCAACTAGGG-14-s4d8,GARQ,D11,4,40,35,9,0.062826365,Lymph prog
AATTGCTCACACCAAC-14-s4d8,GARQ,D11,4,40,35,35,0.008871198,CD8+ T
TTAACCAAGCCTTAAA-14-s4d8,GARQ,D11,4,40,35,16,0.081823826,CD14+ Mono
CTATGGCCAAACCCTA-14-s4d8,GARQ,D11,4,40,35,4,0.26964098,CD4+ T activated
GCCTGACAGGTTTACA-14-s4d8,GARQ,D11,4,40,35,27,0.032004178,CD8+ T
TTGAGCTAGCGGTTAT-14-s4d8,GARQ,D11,4,40,35,0,0.29837662,Erythroblast
CTGCTCCCATATAACC-14-s4d8,GARQ,D11,4,40,35,8,0.20246816,Transitional B
ACAACAGAGGAGGACT-14-s4d8,GARQ,D11,4,40,35,22,0.011541486,CD8+ T
GAGTTTGGTTTGACCT-14-s4d8,GARQ,D11,4,40,35,27,0.03402394,NK
GTGTAACTCAGCAAAG-14-s4d8,GARQ,D11,4,40,35,22,0.09459102,CD8+ T
TCCACAACAGAAATGC-14-s4d8,GARQ,D11,4,40,35,22,0.030396074,cDC2
CAGCATGTCTCAATAG-14-s4d8,GARQ,D11,4,40,35,4,0.04860878,CD8+ T
TGTGGCTCAAAGCTCC-14-s4d8,GARQ,D11,4,40,35,15,0.06304589,B1 B
GGTCGGTTCGTTCACC-14-s4d8,GARQ,D11,4,40,35,15,0.05167246,CD4+ T naive
TCAAGGAAGTACCGCA-14-s4d8,GARQ,D11,4,40,35,27,0.21828103,CD8+ T
TGAGTGAAGCCGCAAC-14-s4d8,GARQ,D11,4,40,35,1,0.03341955,Naive CD20+ B
GAGGCAAGTACCGTTT-14-s4d8,GARQ,D11,4,40,35,22,0.11684418,CD4+ T activated
ACCACACCAGAACCGA-14-s4d8,GARQ,D11,4,40,35,18,0.17301911,Transitional B
TTGGATTCAGGACCTT-14-s4d8,GARQ,D11,4,40,35,17,0.057463408,Lymph prog
GTGCACGGTTTGTGGA-14-s4d8,GARQ,D11,4,40,35,14,0.03793764,G/M prog
TACTTGTTCATTACAG-14-s4d8,GARQ,D11,4,40,35,9,0.099134326,Transitional B
TGAGGCACATGAAATG-14-s4d8,GARQ,D11,4,40,35,8,0.14252168,B1 B
AGCTTCCTCATGACCG-14-s4d8,GARQ,D11,4,40,35,8,0.24940854,Naive CD20+ B
TTTAGCTTCAAAGGCA-14-s4d8,GARQ,D11,4,40,35,13,0.08285493,CD8+ T
CACATACAGGATAAAC-14-s4d8,GARQ,D11,4,40,35,22,0.04152578,NK
AACAAGCCACAATGTT-14-s4d8,GARQ,D11,4,40,35,5,0.033890963,CD4+ T activated
GTTTGTAAGCTTATGA-14-s4d8,GARQ,D11,4,40,35,0,0.6612724,Erythroblast
CTTTGGGAGAAGGTGC-14-s4d8,GARQ,D11,4,40,35,15,0.07515442,Plasma cell
TACAAGCTCGAGCTAT-14-s4d8,GARQ,D11,4,40,35,17,0.110525966,Lymph prog
TAGGAACCAATTATGC-14-s4d8,GARQ,D11,4,40,35,7,0.03758824,CD8+ T
GTGAGGAGTTGCTGGG-14-s4d8,GARQ,D11,4,40,35,22,0.235816,CD4+ T activated
CTCCGTCCAATTGAAG-14-s4d8,GARQ,D11,4,40,35,16,0.07090032,cDC2
TGCTTCATCTGTGAGT-14-s4d8,GARQ,D11,4,40,35,22,0.12510365,CD4+ T activated
GAAACTGAGTTCCTGC-14-s4d8,GARQ,D11,4,40,35,4,0.08789474,CD4+ T activated
CGCACAATCGACCTGA-14-s4d8,GARQ,D11,4,40,35,27,0.042465687,CD8+ T
TCCAGGTCAATGCGCT-14-s4d8,GARQ,D11,4,40,35,4,0.03660178,CD4+ T activated
GGATACTTCAATCATG-14-s4d8,GARQ,D11,4,40,35,4,0.06086731,CD8+ T
TAGCCGGGTCCTAACT-14-s4d8,GARQ,D11,4,40,35,27,0.11728257,CD8+ T
TCATTGTTCCCTTGCG-14-s4d8,GARQ,D11,4,40,35,22,0.0036566854,CD8+ T
GTTGGCCAGGCGGATG-14-s4d8,GARQ,D11,4,40,35,22,0.0939517,CD8+ T
GGCGATACACCTATAG-14-s4d8,GARQ,D11,4,40,35,0,0.4121284,MK/E prog
TCTGTGACAGAATGAC-14-s4d8,GARQ,D11,4,40,35,0,0.25622296,Normoblast
CCTGATGAGCCGCTTT-14-s4d8,GARQ,D11,4,40,35,0,0.20998722,Proerythroblast
ACGAATCTCTGTAATG-14-s4d8,GARQ,D11,4,40,35,4,0.19508809,CD8+ T
GTTAGACTCTTGAGGT-14-s4d8,GARQ,D11,4,40,35,35,0.09601039,CD8+ T
AACCGGCTCAGTATTG-14-s4d8,GARQ,D11,4,40,35,0,0.13000369,Proerythroblast
TACGTTAAGTTAACCA-14-s4d8,GARQ,D11,4,40,35,16,0.09818649,CD14+ Mono
ACACTAATCCCGCAAA-14-s4d8,GARQ,D11,4,40,35,0,0.20464355,Proerythroblast
TCATGCCTCTAATTGG-14-s4d8,GARQ,D11,4,40,35,22,0.0045855045,NK
GGTCTTTGTGCTTAGA-14-s4d8,GARQ,D11,4,40,35,0,0.025006056,Proerythroblast
CAGGTTAGTCCTCCAA-14-s4d8,GARQ,D11,4,40,35,16,0.06547284,G/M prog
GAGTTGCGTCATCATC-14-s4d8,GARQ,D11,4,40,35,0,0.24135977,Erythroblast
TTTAACCTCCGGGACT-14-s4d8,GARQ,D11,4,40,35,16,0.07711166,CD14+ Mono
TGATTAGTCTCGCCTG-14-s4d8,GARQ,D11,4,40,35,27,0.0031135082,CD8+ T
GCCTTTGGTTCATTTG-14-s4d8,GARQ,D11,4,40,35,32,0.04736799,Lymph prog
GTCTATGCACAGAAAC-14-s4d8,GARQ,D11,4,40,35,22,0.1073603,CD8+ T
CCTTGTTCACTAGCGT-14-s4d8,GARQ,D11,4,40,35,0,0.30233335,Proerythroblast
CTAACCACACTGACTA-14-s4d8,GARQ,D11,4,40,35,4,0.077824116,CD8+ T
CGTTTCTCAGCAACCT-14-s4d8,GARQ,D11,4,40,35,16,0.16850638,CD14+ Mono
CTCGCTCCACGTTACA-14-s4d8,GARQ,D11,4,40,35,9,0.023254752,Transitional B
ATGTTCAAGGTCTTGG-14-s4d8,GARQ,D11,4,40,35,22,0.03983897,CD8+ T
CTTTCTTGTTGGTGAC-14-s4d8,GARQ,D11,4,40,35,4,0.30105388,CD4+ T activated
GGCTGGTTCCAATTAG-14-s4d8,GARQ,D11,4,40,35,0,0.34495425,Erythroblast
GTCAAACTCCAATTAG-14-s4d8,GARQ,D11,4,40,35,18,0.007332325,Transitional B
TCCAGCAAGGTCCAAT-14-s4d8,GARQ,D11,4,40,35,4,0.013525307,CD8+ T
AATCATCCAGAATGAC-14-s4d8,GARQ,D11,4,40,35,8,0.12013692,Transitional B
AACCTTGCACTGGCCA-14-s4d8,GARQ,D11,4,40,35,17,0.13277555,Transitional B
GATTATGTCAAGTGAG-14-s4d8,GARQ,D11,4,40,35,7,0.08421743,CD8+ T
AGGTTTGGTCGCAATA-14-s4d8,GARQ,D11,4,40,35,8,0.3403507,Transitional B
TTCCTCAAGGCTAGAA-14-s4d8,GARQ,D11,4,40,35,4,0.024300516,CD8+ T
CAGGAAGGTAGGTGTC-14-s4d8,GARQ,D11,4,40,35,4,0.5099309,CD8+ T
CGTACGGGTTCACTGT-14-s4d8,GARQ,D11,4,40,35,15,0.00575459,Transitional B
TCGATTAAGGCATGTT-14-s4d8,GARQ,D11,4,40,35,0,0.34657967,Proerythroblast
TAATGGTGTTGGATAT-14-s4d8,GARQ,D11,4,40,35,8,0.107071996,Naive CD20+ B
AGCGGATAGGTTAGCT-14-s4d8,GARQ,D11,4,40,35,4,0.25426102,CD8+ T
GCGATTAGTGTTGTAG-14-s4d8,GARQ,D11,4,40,35,13,0.031013787,CD8+ T
TTTGACTTCACGCGGT-14-s4d8,GARQ,D11,4,40,35,16,0.091047764,cDC2
GGCCTTAAGTTTGTCT-14-s4d8,GARQ,D11,4,40,35,27,0.02815485,CD8+ T
AGAATCGAGCATTAGC-14-s4d8,GARQ,D11,4,40,35,4,0.24361515,CD8+ T
CATGCATAGCTCCTTA-14-s4d8,GARQ,D11,4,40,35,27,0.056494117,NK
TCGTTAGCAATAATCC-14-s4d8,GARQ,D11,4,40,35,0,0.2305457,Proerythroblast
GTTCACCTCACTCAAA-14-s4d8,GARQ,D11,4,40,35,4,0.04412484,NK
GGGTTTGTCCACCTGT-14-s4d8,GARQ,D11,4,40,35,0,0.06973028,Proerythroblast
GGCTAGACAGAGGCTA-14-s4d8,GARQ,D11,4,40,35,35,0.082574844,CD8+ T
GATCAGTTCGAGCTAT-14-s4d8,GARQ,D11,4,40,35,16,0.14965546,CD14+ Mono
CTAGCGGGTCCCGGAA-14-s4d8,GARQ,D11,4,40,35,2,0.038178682,Lymph prog
CTCATCATCATCAGTA-14-s4d8,GARQ,D11,4,40,35,22,0.021504343,CD4+ T activated
ACTAAAGCACAGCCAT-14-s4d8,GARQ,D11,4,40,35,8,0.22642353,Naive CD20+ B
ATATGTCCAACTCGCG-14-s4d8,GARQ,D11,4,40,35,33,0.029388964,CD4+ T naive
TTCGTTAGTTGGTGAC-14-s4d8,GARQ,D11,4,40,35,4,0.13297582,CD4+ T activated
ACTTGCACAGCTTAGC-14-s4d8,GARQ,D11,4,40,35,27,0.031775355,CD8+ T
CGTTAGGTCGCAAACT-14-s4d8,GARQ,D11,4,40,35,35,0.008321285,CD8+ T
CACATACAGCGAGTAA-14-s4d8,GARQ,D11,4,40,35,16,0.05953169,cDC2
TTAGACTCATCCATCT-14-s4d8,GARQ,D11,4,40,35,35,0.07124102,CD8+ T
CGAACCGGTGTTTGAG-14-s4d8,GARQ,D11,4,40,35,8,0.025467396,Lymph prog
CTTCAATTCACCAATA-14-s4d8,GARQ,D11,4,40,35,8,0.100094795,Naive CD20+ B
CTATGGCCACTGGCTG-14-s4d8,GARQ,D11,4,40,35,11,0.011431217,CD8+ T
AGACAATAGTTATCCT-14-s4d8,GARQ,D11,4,40,35,22,0.19926822,CD8+ T
AAGCATGAGATTCCTT-14-s4d8,GARQ,D11,4,40,35,23,0.26089078,cDC2
TGTTACTTCCACCTGT-14-s4d8,GARQ,D11,4,40,35,22,0.11011964,CD8+ T
TATAGCTCAGATTCAT-14-s4d8,GARQ,D11,4,40,35,4,0.1935122,NK
CTCTAAGCAATTGACT-14-s4d8,GARQ,D11,4,40,35,22,0.01052171,CD4+ T naive
CTGGACCAGTTAGCCG-14-s4d8,GARQ,D11,4,40,35,2,0.115237415,Lymph prog
CTCCGGACAAGGAATC-14-s4d8,GARQ,D11,4,40,35,8,0.005304277,Naive CD20+ B
ATTCATGAGCGCTAAT-14-s4d8,GARQ,D11,4,40,35,22,0.23836309,CD8+ T
AATCCTAAGCAGGCCT-14-s4d8,GARQ,D11,4,40,35,8,0.16405547,Naive CD20+ B
GATGCAGCAACCTGGT-14-s4d8,GARQ,D11,4,40,35,8,0.08543104,B1 B
TGCATCCTCGCAACAT-14-s4d8,GARQ,D11,4,40,35,16,0.09161627,CD14+ Mono
ATATAGGCAACACCTA-14-s4d8,GARQ,D11,4,40,35,1,0.06573945,Plasma cell
CCACACAAGTGAACGA-14-s4d8,GARQ,D11,4,40,35,4,0.10780525,CD4+ T activated
CTGGTTACAAACAACA-14-s4d8,GARQ,D11,4,40,35,27,0.08241743,CD8+ T
CTGTAACAGGTCGATT-14-s4d8,GARQ,D11,4,40,35,0,0.39278626,Erythroblast
TGCCTGTTCCCTCATA-14-s4d8,GARQ,D11,4,40,35,8,0.048956454,Naive CD20+ B
GTTAAGCTCCTAAGGT-14-s4d8,GARQ,D11,4,40,35,22,0.14284754,CD8+ T
TAAGTAGCACCGTTCC-14-s4d8,GARQ,D11,4,40,35,17,0.101350814,Transitional B
AGTAGCTTCAGGCTAT-14-s4d8,GARQ,D11,4,40,35,35,0.03285998,CD8+ T
CAAGGTTTCACGCATG-14-s4d8,GARQ,D11,4,40,35,4,0.07362878,Naive CD20+ B
GGATGAATCTAGCGAT-14-s4d8,GARQ,D11,4,40,35,0,0.17746764,Proerythroblast
TGAGGGCCACCTCACC-14-s4d8,GARQ,D11,4,40,35,9,0.21229291,Lymph prog
GAAACCCGTTTCGCGC-14-s4d8,GARQ,D11,4,40,35,39,0.06538513,CD4+ T activated
AATAGAGGTGTCACGG-14-s4d8,GARQ,D11,4,40,35,0,0.45512497,Erythroblast
GTAAGCTTCTAAGTCA-14-s4d8,GARQ,D11,4,40,35,8,0.21150601,Naive CD20+ B
ACCAAGCGTCAGGCAT-14-s4d8,GARQ,D11,4,40,35,35,0.09012681,NK
AAGAATCAGTAACCAC-14-s4d8,GARQ,D11,4,40,35,22,0.1563443,CD8+ T
TCAAGACTCCAATAGC-14-s4d8,GARQ,D11,4,40,35,16,0.0135807395,CD14+ Mono
CCTTCGTAGCGAAGTA-14-s4d8,GARQ,D11,4,40,35,22,0.08072817,CD8+ T
CTAATAGTCAACAAGG-14-s4d8,GARQ,D11,4,40,35,4,0.18451214,CD4+ T activated
TTCAGTTTCACCGGTA-14-s4d8,GARQ,D11,4,40,35,8,0.011672795,Transitional B
AGTAATCGTTGTCATC-14-s4d8,GARQ,D11,4,40,35,16,0.12690628,CD14+ Mono
CGCAATCCAATAACCT-14-s4d8,GARQ,D11,4,40,35,22,0.061272442,CD8+ T
AAGGCCCTCGGTACGC-14-s4d8,GARQ,D11,4,40,35,8,0.28888232,Transitional B
TTGCACACAAAGCTCC-14-s4d8,GARQ,D11,4,40,35,34,0.051715493,CD14+ Mono
ATGCGATTCGTTCACC-14-s4d8,GARQ,D11,4,40,35,22,0.19644374,CD8+ T
TCTTGTCCAGGCCAAA-14-s4d8,GARQ,D11,4,40,35,22,0.11291766,CD8+ T
CTGGCTAAGTTAGACC-14-s4d8,GARQ,D11,4,40,35,35,0.028314829,CD8+ T
CAGAACCGTCCTAATC-14-s4d8,GARQ,D11,4,40,35,1,0.05091396,B1 B
CGCGATTCAAGGTATA-14-s4d8,GARQ,D11,4,40,35,35,0.08427042,NK
GGTGAGTAGTCAGGCC-14-s4d8,GARQ,D11,4,40,35,22,0.022383094,CD4+ T activated
GGGCATGAGGCAATAG-14-s4d8,GARQ,D11,4,40,35,17,0.07160711,Transitional B
TGAACAACATCCTGAA-14-s4d8,GARQ,D11,4,40,35,8,0.09233269,Transitional B
TGCTTCCAGTCACTAA-14-s4d8,GARQ,D11,4,40,35,4,0.1294331,CD8+ T
TAGGCTGTCCGCAACA-14-s4d8,GARQ,D11,4,40,35,15,0.021569192,CD8+ T
CTCTGTTCAAAGCTCC-14-s4d8,GARQ,D11,4,40,35,4,0.05537325,CD8+ T
GTACTAATCGCCTAAG-14-s4d8,GARQ,D11,4,40,35,34,0.028790474,Normoblast
ACACCTTGTGTCACGG-14-s4d8,GARQ,D11,4,40,35,6,0.21587014,CD4+ T activated
TTTCTTGCATCCATCT-14-s4d8,GARQ,D11,4,40,35,4,0.10204697,CD8+ T
TAATGGACATTAGGTT-14-s4d8,GARQ,D11,4,40,35,8,0.13147116,B1 B
GCCTACTTCGGTAACT-14-s4d8,GARQ,D11,4,40,35,4,0.014718771,Naive CD20+ B
CCAGCTGCACAAAGAC-14-s4d8,GARQ,D11,4,40,35,27,0.15567565,CD8+ T
CTCTCACAGCACTAGT-14-s4d8,GARQ,D11,4,40,35,4,0.14801598,CD8+ T
ACCTGGTCACCTAATG-14-s4d8,GARQ,D11,4,40,35,4,0.1581924,CD8+ T
GTTAACCAGCTCAATA-14-s4d8,GARQ,D11,4,40,35,22,0.050958574,CD8+ T
CTTGTTCCAATCCTAG-14-s4d8,GARQ,D11,4,40,35,22,0.014697731,CD8+ T
GGGTCAACAAGTCGCT-14-s4d8,GARQ,D11,4,40,35,33,0.08370462,CD4+ T naive
CATCAGCCAGTCTAAT-14-s4d8,GARQ,D11,4,40,35,7,0.008864641,NK
TTGCATTTCGATTTGA-14-s4d8,GARQ,D11,4,40,35,9,0.069682,Plasma cell
ATGACCAGTAGGATTT-14-s4d8,GARQ,D11,4,40,35,0,0.26637435,Erythroblast
TACCTGCTCCTTGCGT-14-s4d8,GARQ,D11,4,40,35,0,0.15268409,Normoblast
AGCTCATAGCATGTCG-14-s4d8,GARQ,D11,4,40,35,35,0.025694847,CD8+ T
CCCGCTTCAACACCTA-14-s4d8,GARQ,D11,4,40,35,18,0.044893146,Transitional B
GTTAATGTCCAACTGG-14-s4d8,GARQ,D11,4,40,35,0,0.31566107,Proerythroblast
TTTCGTCCAGTAGGAT-14-s4d8,GARQ,D11,4,40,35,22,0.05560875,CD8+ T
GTGCTTCTCTAATTGG-14-s4d8,GARQ,D11,4,40,35,4,0.090433955,CD8+ T
TAGCTTAAGGAACCGG-14-s4d8,GARQ,D11,4,40,35,0,0.29565838,Erythroblast
TCAACAATCATGTGGT-14-s4d8,GARQ,D11,4,40,35,8,0.30481702,Naive CD20+ B
GCGGTTATCTCGACCT-14-s4d8,GARQ,D11,4,40,35,8,0.07793689,Transitional B
GAACCAGCAGCACGAA-14-s4d8,GARQ,D11,4,40,35,4,0.10908258,Naive CD20+ B
GTCTAGCCAATTGACT-14-s4d8,GARQ,D11,4,40,35,4,0.14696062,CD8+ T
CGAAGGCCATTGCGTA-14-s4d8,GARQ,D11,4,40,35,16,0.07850695,CD14+ Mono
GTCCTAGAGGCGTAAA-14-s4d8,GARQ,D11,4,40,35,27,0.0529176,CD8+ T
GAGCAAATCTAATCCT-14-s4d8,GARQ,D11,4,40,35,22,0.023440361,CD8+ T
TTTCCGGGTCACACCC-14-s4d8,GARQ,D11,4,40,35,22,0.043909907,Naive CD20+ B
CACCTCAGTTGACTTC-14-s4d8,GARQ,D11,4,40,35,4,0.09707117,CD8+ T
TGCAATATCCATTACT-14-s4d8,GARQ,D11,4,40,35,0,0.17975384,Proerythroblast
TTGGATATCTTTAAGG-14-s4d8,GARQ,D11,4,40,35,0,0.3186025,Erythroblast
CTTCATCCATGGTTAT-14-s4d8,GARQ,D11,4,40,35,36,0.05976242,HSC
AAGCTATGTGCGCGTA-14-s4d8,GARQ,D11,4,40,35,0,0.23804748,Proerythroblast
GAACTTATCCATTACT-14-s4d8,GARQ,D11,4,40,35,4,0.07304096,CD8+ T
ACATTGCAGAATCTCA-14-s4d8,GARQ,D11,4,40,35,27,0.106840014,CD8+ T
GCGGTTGGTTCACTGT-14-s4d8,GARQ,D11,4,40,35,18,0.21934628,CD14+ Mono
TGATTGCAGTGCTGTG-14-s4d8,GARQ,D11,4,40,35,4,0.14129335,B1 B
TGCTCCGTCAAACCGT-14-s4d8,GARQ,D11,4,40,35,0,0.30922222,Erythroblast
CTACTTAGTGAAACAA-14-s4d8,GARQ,D11,4,40,35,0,0.32486314,Proerythroblast
TTTAACGAGCTCAAAC-14-s4d8,GARQ,D11,4,40,35,4,0.03551382,CD4+ T activated
AGCTACTAGATTCCTT-14-s4d8,GARQ,D11,4,40,35,8,0.09169108,Lymph prog
AGTCCTGAGTTATCTC-14-s4d8,GARQ,D11,4,40,35,8,0.032482326,Naive CD20+ B
CACCGGTAGGGTCTAT-14-s4d8,GARQ,D11,4,40,35,0,0.13828051,Proerythroblast
CTAAGTCAGGTCCTGA-14-s4d8,GARQ,D11,4,40,35,0,0.27335405,Normoblast
GTTCCTTCATTGGGAG-14-s4d8,GARQ,D11,4,40,35,35,0.06321865,CD8+ T
ACATAGCTCTTAATGG-14-s4d8,GARQ,D11,4,40,35,22,0.0591048,CD8+ T
ACTCCTCAGATAACCC-14-s4d8,GARQ,D11,4,40,35,4,0.071558416,CD4+ T activated
CTGATCACAAGGACCA-14-s4d8,GARQ,D11,4,40,35,18,0.06813398,Naive CD20+ B
GCACGCTAGCCTGTGA-14-s4d8,GARQ,D11,4,40,35,0,0.13047636,Erythroblast
CTAACCACACAGAAAC-14-s4d8,GARQ,D11,4,40,35,8,0.33358872,Naive CD20+ B
TCGACAAGTCAATACG-14-s4d8,GARQ,D11,4,40,35,4,0.019469261,CD8+ T
AGTAACCTCCTCACTA-14-s4d8,GARQ,D11,4,40,35,4,0.12235963,CD8+ T
GCAATGAAGGTCCACA-14-s4d8,GARQ,D11,4,40,35,0,0.07874364,HSC
GGAGGTTAGAGGATAT-14-s4d8,GARQ,D11,4,40,35,22,0.10446763,CD4+ T activated
TAGGGTTTCTGTTCAT-14-s4d8,GARQ,D11,4,40,35,8,0.25016314,Naive CD20+ B
GGGTTACGTGCAATGC-14-s4d8,GARQ,D11,4,40,35,27,0.1295614,B1 B
GGCATTAGTGCACGCA-14-s4d8,GARQ,D11,4,40,35,16,0.06537011,CD14+ Mono
TCTCAATTCGAGGTGG-14-s4d8,GARQ,D11,4,40,35,8,0.1568178,Naive CD20+ B
CTTACCTCATGAATCT-14-s4d8,GARQ,D11,4,40,35,4,0.11625779,Erythroblast
GATTCGCCACTGGCCA-14-s4d8,GARQ,D11,4,40,35,8,0.04398942,Naive CD20+ B
GGTCCTGCAATCCTGA-14-s4d8,GARQ,D11,4,40,35,18,0.02830413,B1 B
TTGTTGTTCGAAGTGA-14-s4d8,GARQ,D11,4,40,35,7,0.023173392,CD8+ T
CATTCATTCATTCATC-14-s4d8,GARQ,D11,4,40,35,0,0.34221685,MK/E prog
TGAGGTGCAATCCTGA-14-s4d8,GARQ,D11,4,40,35,0,0.48206288,Proerythroblast
GCAACAGCACAGGGAC-14-s4d8,GARQ,D11,4,40,35,16,0.035542846,CD14+ Mono
TGGCCATCACATAGCC-14-s4d8,GARQ,D11,4,40,35,35,0.18810803,CD4+ T activated
CCTCAGTTCGATTTGA-14-s4d8,GARQ,D11,4,40,35,27,0.024786532,CD4+ T naive
TGCGGTTCACAGGATG-14-s4d8,GARQ,D11,4,40,35,9,0.10046244,Transitional B
TAAACAGCAAGGCCAA-14-s4d8,GARQ,D11,4,40,35,7,0.09147102,CD8+ T
CTGATCACACATAACT-14-s4d8,GARQ,D11,4,40,35,0,0.04399547,MK/E prog
TCTAAGGGTTATGTGG-14-s4d8,GARQ,D11,4,40,35,22,0.11601764,CD8+ T
ATATAGGCATGGAGGC-14-s4d8,GARQ,D11,4,40,35,22,0.18460464,CD8+ T
TTCGTTAGTAACGTGC-14-s4d8,GARQ,D11,4,40,35,8,0.03053534,Transitional B
CATAGGCGTTCCGGGA-14-s4d8,GARQ,D11,4,40,35,27,0.024130285,CD8+ T
AACAGGATCATGTTTC-14-s4d8,GARQ,D11,4,40,35,8,0.15088052,Naive CD20+ B
TCAGGAGCAGTTTGGC-14-s4d8,GARQ,D11,4,40,35,35,0.053774387,CD8+ T
CCGTTAACAATGCCTA-14-s4d8,GARQ,D11,4,40,35,4,0.05160302,CD8+ T
GCCAATAGTATTGGTG-14-s4d8,GARQ,D11,4,40,35,4,0.15922225,Normoblast
TAACCGGTCTCCTCAA-14-s4d8,GARQ,D11,4,40,35,4,0.0025197268,CD4+ T activated
GTGTGCGGTCTAACCT-14-s4d8,GARQ,D11,4,40,35,22,0.06987709,CD8+ T
GTTCACCTCGGTTTCC-14-s4d8,GARQ,D11,4,40,35,35,0.033741534,NK
AAGCGAATCCCTCTAA-14-s4d8,GARQ,D11,4,40,35,22,0.1367108,CD4+ T naive
GTGTTACAGCTGGAAA-14-s4d8,GARQ,D11,4,40,35,7,0.0601992,CD4+ T activated
CGATTGAGTTGAGGTC-14-s4d8,GARQ,D11,4,40,35,4,0.10210657,CD4+ T activated
GGTCCTGCAGTTTACG-14-s4d8,GARQ,D11,4,40,35,22,0.07047778,CD8+ T
AGTGCGGAGGCTAAGA-14-s4d8,GARQ,D11,4,40,35,0,0.20872575,Proerythroblast
CATCATGCAAGCTAAA-14-s4d8,GARQ,D11,4,40,35,22,0.101941824,CD8+ T
CAAGGGAGTAACGAGG-14-s4d8,GARQ,D11,4,40,35,16,0.07833439,CD14+ Mono
ACGAATCTCCCTGATC-14-s4d8,GARQ,D11,4,40,35,7,0.02712679,CD8+ T
GAAGGCTAGTTTCCTG-14-s4d8,GARQ,D11,4,40,35,4,0.041416228,Erythroblast
CGGCTCACATATAACC-14-s4d8,GARQ,D11,4,40,35,22,5.313754e-05,Naive CD20+ B
GCAAGCCTCGTTAAGC-14-s4d8,GARQ,D11,4,40,35,22,0.19050646,CD4+ T naive
CAGGGTGAGTTTGGGT-14-s4d8,GARQ,D11,4,40,35,0,0.20553839,Proerythroblast
GAGGCTACATTGTCAG-14-s4d8,GARQ,D11,4,40,35,16,0.16106457,CD14+ Mono
GCTATCCTCGTTAACA-14-s4d8,GARQ,D11,4,40,35,0,0.1927445,Erythroblast
TAGGCTAGTTAACAGT-14-s4d8,GARQ,D11,4,40,35,4,0.078359544,CD8+ T
AAGTTACGTGCTGTAA-14-s4d8,GARQ,D11,4,40,35,35,0.10308716,CD8+ T
AGGTTAACAATACTGT-14-s4d8,GARQ,D11,4,40,35,35,0.032848448,B1 B
CCTAGTTGTTTGAGGC-14-s4d8,GARQ,D11,4,40,35,6,0.0064560175,Transitional B
GAGCTAGCATTGTTGG-14-s4d8,GARQ,D11,4,40,35,22,0.2308973,CD8+ T
GTAGGCGAGCATGCAT-14-s4d8,GARQ,D11,4,40,35,8,0.23440635,Transitional B
GTCCAGGGTATTGGTG-14-s4d8,GARQ,D11,4,40,35,35,0.18257707,CD8+ T
GCTGAGGAGTGGACAA-14-s4d8,GARQ,D11,4,40,35,27,0.022886157,CD8+ T
CTCACTCAGCCGCAGT-14-s4d8,GARQ,D11,4,40,35,22,0.0075645447,CD8+ T
AATATCCCAGTATGTT-14-s4d8,GARQ,D11,4,40,35,8,0.14801732,HSC
CTGCTATGTTCAAGCA-14-s4d8,GARQ,D11,4,40,35,8,0.20820355,Naive CD20+ B
CGCAATTAGGGTTATC-14-s4d8,GARQ,D11,4,40,35,35,0.21275765,NK
GGCTCACAGGCTACAT-14-s4d8,GARQ,D11,4,40,35,22,0.016614735,CD8+ T
TATAGCCAGCCAAATC-14-s4d8,GARQ,D11,4,40,35,22,0.05000031,CD8+ T
CGTAATGGTTACGCGG-14-s4d8,GARQ,D11,4,40,35,16,0.022916198,CD14+ Mono
CCCTCATAGCGAAGTA-14-s4d8,GARQ,D11,4,40,35,22,0.04914403,CD4+ T activated
CGCATATAGGCTGTGC-14-s4d8,GARQ,D11,4,40,35,7,0.026135385,CD8+ T
TCCATCATCTTAGCGG-14-s4d8,GARQ,D11,4,40,35,0,0.17863232,Erythroblast
TTTAGCAAGTCAATTG-14-s4d8,GARQ,D11,4,40,35,8,0.21004796,Transitional B
TTGGATATCCAAGTTA-14-s4d8,GARQ,D11,4,40,35,9,0.062152088,Transitional B
ACAGGTAAGCCATCAG-14-s4d8,GARQ,D11,4,40,35,4,0.2330063,NK
GTGTAACTCGAAGTGA-14-s4d8,GARQ,D11,4,40,35,0,0.2638452,Erythroblast
GGCGCTAGTCGCAATA-14-s4d8,GARQ,D11,4,40,35,8,0.05637753,Transitional B
CAATGAACAACAGCCT-14-s4d8,GARQ,D11,4,40,35,22,0.1290946,CD8+ T
ATTAGCTCACTTACAG-14-s4d8,GARQ,D11,4,40,35,27,0.11980593,NK
TTGTCCGGTCACGAAC-14-s4d8,GARQ,D11,4,40,35,8,0.117774844,Naive CD20+ B
CCCAAATAGAAAGCAT-14-s4d8,GARQ,D11,4,40,35,7,0.0032707155,CD4+ T naive
GCCAATAGTTAAGGTT-14-s4d8,GARQ,D11,4,40,35,22,0.064459324,CD8+ T
TCAGTAGGTAGTTGGC-14-s4d8,GARQ,D11,4,40,35,9,0.07255754,Transitional B
ACTGAAACAATCCTAG-14-s4d8,GARQ,D11,4,40,35,8,0.0970673,Naive CD20+ B
GTGCTCAAGCATGACT-14-s4d8,GARQ,D11,4,40,35,1,0.20175928,Transitional B
GTTTGTTTCTTTAAGG-14-s4d8,GARQ,D11,4,40,35,4,0.17460984,CD8+ T
TCCCGGACAGTTTCTC-14-s4d8,GARQ,D11,4,40,35,16,0.1276483,cDC2
TCCTGGTTCCGCAAAT-14-s4d8,GARQ,D11,4,40,35,22,0.12337375,CD8+ T
GAGCAAGGTACTTAGG-14-s4d8,GARQ,D11,4,40,35,22,0.21929389,NK
GGTTATATCTGCAACG-14-s4d8,GARQ,D11,4,40,35,18,0.09415722,Lymph prog
AGTTATGTCCTGAATA-14-s4d8,GARQ,D11,4,40,35,22,0.008939773,CD8+ T
GAGTGTTTCCTACCTA-14-s4d8,GARQ,D11,4,40,35,22,0.036633372,CD8+ T
TGGCGGTTCCTGATTT-14-s4d8,GARQ,D11,4,40,35,22,0.113354504,Lymph prog
ACTAATCCAAGGTGCA-14-s4d8,GARQ,D11,4,40,35,4,0.23311007,CD8+ T
ATATGGTGTTAACGAT-14-s4d8,GARQ,D11,4,40,35,15,0.13944519,Naive CD20+ B
CGAACAAAGTTCCTGC-14-s4d8,GARQ,D11,4,40,35,22,0.1077463,CD4+ T naive
TTAGACTCATTAGGCC-14-s4d8,GARQ,D11,4,40,35,4,0.07599914,NK
TCGCATTGTGAGACTC-14-s4d8,GARQ,D11,4,40,35,1,0.06995264,B1 B
GGAAGTATCTCCTCAA-14-s4d8,GARQ,D11,4,40,35,8,0.3779425,Transitional B
AGTAGCTTCTCCATAT-14-s4d8,GARQ,D11,4,40,35,8,0.092559785,Transitional B
AAGCGAATCGATTATG-14-s4d8,GARQ,D11,4,40,35,16,0.17830664,CD16+ Mono
GAGTAATAGTAGCTTA-14-s4d8,GARQ,D11,4,40,35,22,0.020610392,CD8+ T
CCGATGCAGCCAAATC-14-s4d8,GARQ,D11,4,40,35,16,0.11772609,CD14+ Mono
TATCGCGAGGACACTT-14-s4d8,GARQ,D11,4,40,35,4,0.30474472,CD8+ T
TGATCACAGGACCTCA-14-s4d8,GARQ,D11,4,40,35,4,0.11180401,CD8+ T
TCGCGCACAGTAAGTA-14-s4d8,GARQ,D11,4,40,35,7,0.051245987,CD8+ T
GGAACCTGTTGTTGTC-14-s4d8,GARQ,D11,4,40,35,4,0.06539738,CD8+ T
TCCATCATCATCCACC-14-s4d8,GARQ,D11,4,40,35,9,0.19855148,Lymph prog
CTTCATCCAGGTTATT-14-s4d8,GARQ,D11,4,40,35,27,0.02040571,CD8+ T
TTGCGAGTCGCTAAAC-14-s4d8,GARQ,D11,4,40,35,7,0.00096055865,NK
TCATCCATCCAGCACA-14-s4d8,GARQ,D11,4,40,35,27,0.09729171,CD8+ T
TAGGCTAGTAGGTTAT-14-s4d8,GARQ,D11,4,40,35,7,0.02499789,CD8+ T
TTGGATTCAGGAACAT-14-s4d8,GARQ,D11,4,40,35,23,0.00990206,CD16+ Mono
CGCTCCATCACGCATG-14-s4d8,GARQ,D11,4,40,35,22,0.04903111,B1 B
CGCAATGTCGATAACC-14-s4d8,GARQ,D11,4,40,35,22,0.051947474,B1 B
CTCGCTAGTTAGGCGT-14-s4d8,GARQ,D11,4,40,35,11,0.042183936,NK
GACCTCAAGCTAAGTC-14-s4d8,GARQ,D11,4,40,35,16,0.053675413,CD14+ Mono
CCTAATAAGGGACCTC-14-s4d8,GARQ,D11,4,40,35,4,0.22597563,CD8+ T
TGGGCATGTAGTAAGA-14-s4d8,GARQ,D11,4,40,35,22,0.2508312,CD8+ T
GACTTGGTCGCAACAT-14-s4d8,GARQ,D11,4,40,35,22,0.012982011,CD8+ T
AATCATCCAGAGAGCC-14-s4d8,GARQ,D11,4,40,35,0,0.3154046,Proerythroblast
TGCTTGCTCCTAAGTA-14-s4d8,GARQ,D11,4,40,35,22,0.14170343,Naive CD20+ B
GGGTCACTCCAGGTCA-14-s4d8,GARQ,D11,4,40,35,0,0.16992867,Proerythroblast
GGACATAAGGTCCACA-14-s4d8,GARQ,D11,4,40,35,36,0.105769694,MK/E prog
CTACCTCAGATTCCTT-14-s4d8,GARQ,D11,4,40,35,4,0.1393882,CD8+ T
TACGTACAGTTCCTGC-14-s4d8,GARQ,D11,4,40,35,4,0.10992038,CD4+ T activated
GCGGATACATGGTTAT-14-s4d8,GARQ,D11,4,40,35,4,0.10660756,CD4+ T activated
GCTTTGTGTCTAACCT-14-s4d8,GARQ,D11,4,40,35,39,0.03632593,CD8+ T
GTAAGCGCAGATTCAT-14-s4d8,GARQ,D11,4,40,35,4,0.14733571,CD4+ T naive
AATGGCGCAGCCTAAC-14-s4d8,GARQ,D11,4,40,35,22,0.21280152,CD8+ T
ACGGGAAGTAAAGCAA-14-s4d8,GARQ,D11,4,40,35,16,0.3117102,CD14+ Mono
TTTAGCTTCACGCGGT-14-s4d8,GARQ,D11,4,40,35,8,0.1688056,B1 B
AGCCTCCGTAGTAAGA-14-s4d8,GARQ,D11,4,40,35,7,0.076092124,CD8+ T
GCTAAGAAGAAGGTGC-14-s4d8,GARQ,D11,4,40,35,4,0.24631757,CD8+ T
GATCAGGCAATTTGGT-14-s4d8,GARQ,D11,4,40,35,22,0.030999064,B1 B
ATGTAACGTAGTTGGC-14-s4d8,GARQ,D11,4,40,35,8,0.11228019,B1 B
CTCCAAACAACTAGGG-14-s4d8,GARQ,D11,4,40,35,38,0.09032825,CD8+ T
GCTCGATCAAACCTTG-14-s4d8,GARQ,D11,4,40,35,0,0.5023354,Proerythroblast
TCTTAGTTCCATCAGG-14-s4d8,GARQ,D11,4,40,35,23,0.056567073,CD14+ Mono
AGGCAGGTCTAATCCT-14-s4d8,GARQ,D11,4,40,35,4,0.16876805,CD8+ T
TATGGTCAGCGAGGTG-14-s4d8,GARQ,D11,4,40,35,22,0.21541923,CD8+ T
AGAATCTGTTGTCCAT-14-s4d8,GARQ,D11,4,40,35,0,0.15855962,Proerythroblast
GCCAACATCATGCTCC-14-s4d8,GARQ,D11,4,40,35,0,0.10179955,MK/E prog
CATTTGTTCGTTATAG-14-s4d8,GARQ,D11,4,40,35,22,0.16798186,CD8+ T
AGACCCGGTTTGTTGC-14-s4d8,GARQ,D11,4,40,35,7,0.051732898,CD4+ T activated
GCGCAAACATCCTAGA-14-s4d8,GARQ,D11,4,40,35,22,0.06095475,Plasma cell
AGTCGCATCACCAATA-14-s4d8,GARQ,D11,4,40,35,22,0.004750371,CD4+ T activated
CCTAATCGTCATGCAA-14-s4d8,GARQ,D11,4,40,35,0,0.18308121,HSC
CGCAATGTCACTCGCT-14-s4d8,GARQ,D11,4,40,35,0,0.11157906,Proerythroblast
ACACCTTGTATGTGGC-14-s4d8,GARQ,D11,4,40,35,4,0.107753634,CD8+ T
AGCTAAACAGCGCTTG-14-s4d8,GARQ,D11,4,40,35,35,0.027917802,CD8+ T
ATAGGTACACAAAGGT-14-s4d8,GARQ,D11,4,40,35,4,0.015101731,CD8+ T
CTGCTCCCAAAGCTCC-14-s4d8,GARQ,D11,4,40,35,9,0.01783508,Lymph prog
CTGCAATAGCATGGTT-14-s4d8,GARQ,D11,4,40,35,17,0.0010935068,Transitional B
TTCATCCCAAGCGATG-14-s4d8,GARQ,D11,4,40,35,22,0.05194086,CD8+ T
AAGGAAGCATAGACCC-14-s4d8,GARQ,D11,4,40,35,0,0.18291032,Normoblast
GTGTAACTCTCGACCT-14-s4d8,GARQ,D11,4,40,35,17,0.056215703,Lymph prog
ACAGGAATCTTAGCCC-14-s4d8,GARQ,D11,4,40,35,5,0.009694248,Naive CD20+ B
GTTTGTCGTTCCTGTG-14-s4d8,GARQ,D11,4,40,35,22,0.14156806,CD8+ T
TGAGGCACAGCATTAT-14-s4d8,GARQ,D11,4,40,35,4,0.09703249,CD8+ T
GGTAGGAGTGGACCTG-14-s4d8,GARQ,D11,4,40,35,9,0.021568984,Transitional B
AGCTAGTTCGTCCTTA-14-s4d8,GARQ,D11,4,40,35,4,0.06306112,CD4+ T activated
CAATGTGGTATACTGG-14-s4d8,GARQ,D11,4,40,35,0,0.23923928,Proerythroblast
GGTTACCCAGTCTAGC-14-s4d8,GARQ,D11,4,40,35,22,0.025198042,CD4+ T naive
GCGAAGCCAGGACCAA-14-s4d8,GARQ,D11,4,40,35,9,0.06635761,Transitional B
AGGAAACGTTAACGAT-14-s4d8,GARQ,D11,4,40,35,8,0.02485925,Naive CD20+ B
CTGTAACAGTAGGCGG-14-s4d8,GARQ,D11,4,40,35,35,0.06520313,CD8+ T
GCCTATTGTGACCTGG-14-s4d8,GARQ,D11,4,40,35,8,0.10764134,Transitional B
ACTGAATGTTGCCTCA-14-s4d8,GARQ,D11,4,40,35,22,0.113559365,CD8+ T
GTTGGAGCAAAGGTAC-14-s4d8,GARQ,D11,4,40,35,4,0.2586472,B1 B
GCGCGATTCTTAGCCC-14-s4d8,GARQ,D11,4,40,35,22,0.05517721,Naive CD20+ B
TCCTCTAAGCATCCAG-14-s4d8,GARQ,D11,4,40,35,8,0.3179329,Naive CD20+ B
GAGAACCAGGATCCGC-14-s4d8,GARQ,D11,4,40,35,23,0.02176392,CD14+ Mono
CGAAATGAGTCCTGAG-14-s4d8,GARQ,D11,4,40,35,22,0.018443465,Naive CD20+ B
AACAGCAAGTAACCCG-14-s4d8,GARQ,D11,4,40,35,35,0.038723648,CD8+ T
GATGCTTAGGAACGCG-14-s4d8,GARQ,D11,4,40,35,0,0.33351147,MK/E prog
AGAATCGAGGGACGCA-14-s4d8,GARQ,D11,4,40,35,8,0.047478437,Naive CD20+ B
GATAGACCACGTTACA-14-s4d8,GARQ,D11,4,40,35,4,0.07376009,CD8+ T
GCCCAAATCATGAAGG-14-s4d8,GARQ,D11,4,40,35,0,0.2585925,Proerythroblast
ACCATTAAGAATCTCA-14-s4d8,GARQ,D11,4,40,35,7,0.0816319,NK
GCTGACCAGCAGGCCT-14-s4d8,GARQ,D11,4,40,35,35,0.030989707,CD8+ T
CAAGGTTTCCTAGTCC-14-s4d8,GARQ,D11,4,40,35,4,0.03082943,CD8+ T
TCGGTAAGTTGGTTCT-14-s4d8,GARQ,D11,4,40,35,8,0.21870026,Naive CD20+ B
TAACCAGGTAAGCTTG-14-s4d8,GARQ,D11,4,40,35,22,0.17077601,CD8+ T
GGAACCACACCTAATG-14-s4d8,GARQ,D11,4,40,35,35,0.069214225,CD8+ T
AGCCTAAGTGCTTTAC-14-s4d8,GARQ,D11,4,40,35,4,0.10977727,CD8+ T
GTTAACGGTACCGAAC-14-s4d8,GARQ,D11,4,40,35,22,0.056008816,B1 B
CCCTAATGTGGGAACA-14-s4d8,GARQ,D11,4,40,35,17,0.1319201,Transitional B
CTCCGTCCACCTCACC-14-s4d8,GARQ,D11,4,40,35,4,0.12342852,Naive CD20+ B
TTTGTGTTCGCACACA-14-s4d8,GARQ,D11,4,40,35,9,0.08460876,Transitional B
GGCTATGTCCTCACTA-14-s4d8,GARQ,D11,4,40,35,38,0.014655292,CD8+ T
CTCGCTCCAGCACGAA-14-s4d8,GARQ,D11,4,40,35,14,0.051070184,Naive CD20+ B
GTCGCAATCTTGATGA-14-s4d8,GARQ,D11,4,40,35,8,0.2991733,Naive CD20+ B
CAAACAACAATGCGCT-14-s4d8,GARQ,D11,4,40,35,0,0.104910016,Proerythroblast
CATGCATAGCATTAGC-14-s4d8,GARQ,D11,4,40,35,7,0.031227112,CD8+ T
CTGTAACAGGCCATCA-14-s4d8,GARQ,D11,4,40,35,35,0.043275356,CD8+ T
CGATTATCAAACCTAT-14-s4d8,GARQ,D11,4,40,35,35,0.102720976,CD8+ T
CCTAATCGTACCGAAC-14-s4d8,GARQ,D11,4,40,35,27,0.07580674,B1 B
AATACCGGTTGCCTCA-14-s4d8,GARQ,D11,4,40,35,7,0.09086797,CD16+ Mono
TCCTTTACAAGTGTCC-14-s4d8,GARQ,D11,4,40,35,22,0.049859047,CD8+ T
CTCCAACTCAGCCAAT-14-s4d8,GARQ,D11,4,40,35,22,0.08924365,CD8+ T
GTAGGAGGTGCCGCAA-14-s4d8,GARQ,D11,4,40,35,22,0.06808752,B1 B
GTCATCACAATCGCAC-14-s4d8,GARQ,D11,4,40,35,17,0.09572071,Lymph prog
TGAGCAAAGCTCCTTA-14-s4d8,GARQ,D11,4,40,35,7,0.01352793,CD8+ T
CAGAATCTCACGAATC-14-s4d8,GARQ,D11,4,40,35,4,0.23601043,CD8+ T
GGGTCAACATTAAGTC-14-s4d8,GARQ,D11,4,40,35,22,0.03707707,CD4+ T activated
GAGCCTTCACTTAGGC-14-s4d8,GARQ,D11,4,40,35,22,0.093331575,CD8+ T
CCGCACACAGCTACGT-14-s4d8,GARQ,D11,4,40,35,8,0.24695903,B1 B
AACTGTTCATAATCCG-14-s4d8,GARQ,D11,4,40,35,4,0.1822977,CD8+ T
CGATTATCAACCTAAT-14-s4d8,GARQ,D11,4,40,35,17,0.14402947,Lymph prog
AGCTAACTCTCAATAG-14-s4d8,GARQ,D11,4,40,35,4,0.21172512,CD8+ T
GGTTAATGTAATAGCT-14-s4d8,GARQ,D11,4,40,35,4,0.13959807,CD4+ T activated
AGTAACCTCCCTGATC-14-s4d8,GARQ,D11,4,40,35,16,0.09561455,CD14+ Mono
TAAGGCTTCGCTATAA-14-s4d8,GARQ,D11,4,40,35,22,0.14539567,CD8+ T
TTCCTTCTCAAGCTAC-14-s4d8,GARQ,D11,4,40,35,4,0.34424424,CD8+ T
ATTGCTCGTGAGACTC-14-s4d8,GARQ,D11,4,40,35,4,0.034897864,CD8+ T
GCCTTAACAATAGCCC-14-s4d8,GARQ,D11,4,40,35,4,0.025782645,CD4+ T activated
GTCATTAAGGCTATGT-14-s4d8,GARQ,D11,4,40,35,27,0.025411963,CD8+ T
GTCTATCGTTACATCC-14-s4d8,GARQ,D11,4,40,35,4,0.020307481,CD4+ T activated
CCTGTAACAGGAAGCC-14-s4d8,GARQ,D11,4,40,35,22,0.27448732,CD8+ T
GTTTCTAGTTCATTTG-14-s4d8,GARQ,D11,4,40,35,8,0.060259223,Naive CD20+ B
CTAGTAGGTGTCCTGC-14-s4d8,GARQ,D11,4,40,35,22,0.0898633,CD4+ T activated
GTTACGCCAGTAGGTG-14-s4d8,GARQ,D11,4,40,35,8,0.16517138,B1 B
ACCACATAGCTAATTG-14-s4d8,GARQ,D11,4,40,35,22,0.18281174,CD4+ T activated
CTCTAAGCACAACAAA-14-s4d8,GARQ,D11,4,40,35,22,0.057534933,CD8+ T
AGGTCATTCCCGCCTA-14-s4d8,GARQ,D11,4,40,35,16,0.11348653,cDC2
GCTAAGAAGAGGAAGG-14-s4d8,GARQ,D11,4,40,35,4,0.1773107,CD4+ T activated
GTCTAATCACCTGTAA-14-s4d8,GARQ,D11,4,40,35,23,0.06448382,cDC2
GCTTGTTGTCACGGAT-14-s4d8,GARQ,D11,4,40,35,5,0.12665021,Transitional B
TTTGTTGGTGGACCTG-14-s4d8,GARQ,D11,4,40,35,8,0.103262424,B1 B
CCAACCCGTTGTAACG-14-s4d8,GARQ,D11,4,40,35,22,0.03961265,CD8+ T
ACTTGTAAGGACAACA-14-s4d8,GARQ,D11,4,40,35,22,0.030775607,CD4+ T activated
CTTACCTCAATAGTCT-14-s4d8,GARQ,D11,4,40,35,4,0.30033076,CD8+ T
GAGGCCTTCACATTGA-14-s4d8,GARQ,D11,4,40,35,4,0.24505258,CD8+ T
GTTACTAAGGGATGAC-14-s4d8,GARQ,D11,4,40,35,7,0.04388076,CD4+ T activated
GGACATAAGTGTTGCG-14-s4d8,GARQ,D11,4,40,35,8,0.32912594,Transitional B
GAGCTTAGTAAGTCGC-14-s4d8,GARQ,D11,4,40,35,8,0.19268692,Transitional B
AGGACTAAGATGGAGC-14-s4d8,GARQ,D11,4,40,35,16,0.13954902,CD14+ Mono
CGGTTCCGTTCACCCA-14-s4d8,GARQ,D11,4,40,35,8,0.14257091,Transitional B
CGAAGCCTCCTGCGAA-14-s4d8,GARQ,D11,4,40,35,4,0.01000452,CD8+ T
CTACTTAGTTACAAAC-14-s4d8,GARQ,D11,4,40,35,4,0.0022794008,CD8+ T
TCACATAAGAACCTGT-14-s4d8,GARQ,D11,4,40,35,4,0.12496829,CD4+ T activated
TGAGTTTCATTAGGTT-14-s4d8,GARQ,D11,4,40,35,22,0.00056505203,CD8+ T
CTTATGTTCCGTTAAA-14-s4d8,GARQ,D11,4,40,35,4,0.012793303,CD8+ T
TGCGCAGGTAATAACC-14-s4d8,GARQ,D11,4,40,35,35,0.094338536,CD8+ T
TTATAGCCACATTGCA-14-s4d8,GARQ,D11,4,40,35,4,0.07718766,CD8+ T
TTGTCCGGTAGCTAAT-14-s4d8,GARQ,D11,4,40,35,22,0.05512601,CD8+ T
ATATGGTGTTAGCAGC-14-s4d8,GARQ,D11,4,40,35,22,0.06254268,CD4+ T activated
CTTTCTTGTCGCGCAA-14-s4d8,GARQ,D11,4,40,35,7,0.2047053,NK
GTGTGCGGTGAGCAAG-14-s4d8,GARQ,D11,4,40,35,23,0.124286115,CD14+ Mono
ATAGATGCAATATACC-14-s4d8,GARQ,D11,4,40,35,35,0.025930315,CD8+ T
CATAACGGTGTTCCCA-14-s4d8,GARQ,D11,4,40,35,8,0.15881455,B1 B
CGTCAATAGATGGACA-14-s4d8,GARQ,D11,4,40,35,4,0.033121675,Naive CD20+ B
ATGACAACACAAACTT-14-s4d8,GARQ,D11,4,40,35,17,0.06329,HSC
TTGTGAGGTCAAGTAT-14-s4d8,GARQ,D11,4,40,35,22,0.06437594,CD4+ T activated
GTGCCTTTCCCGCAAA-14-s4d8,GARQ,D11,4,40,35,0,0.023498893,Proerythroblast
AGGACTAAGAAGCTAG-14-s4d8,GARQ,D11,4,40,35,22,0.2960446,CD8+ T
GAACCGCTCCGTGACA-14-s4d8,GARQ,D11,4,40,35,33,0.029254496,CD8+ T
TGCTTAAAGACAACAG-14-s4d8,GARQ,D11,4,40,35,5,0.020643711,Naive CD20+ B
AGCCTGGGTAAACAAG-14-s4d8,GARQ,D11,4,40,35,4,0.029749453,CD8+ T
TAAACAGCACCTGCCT-14-s4d8,GARQ,D11,4,40,35,4,0.3265856,Proerythroblast
AGTCCTTGTAACTACG-14-s4d8,GARQ,D11,4,40,35,23,0.1271236,cDC2
ATCAATCCATAGCAGG-14-s4d8,GARQ,D11,4,40,35,4,0.08829838,CD8+ T
GTACTTAAGGTTAGCT-14-s4d8,GARQ,D11,4,40,35,0,0.48283923,MK/E prog
CTTAGTTTCACGAATC-14-s4d8,GARQ,D11,4,40,35,4,0.2762339,CD8+ T
TCATTGTTCTTGCAGG-14-s4d8,GARQ,D11,4,40,35,4,0.08203119,CD8+ T
CCGATGCAGGTAAGCA-14-s4d8,GARQ,D11,4,40,35,14,0.09261486,Lymph prog
CTTAGGAGTTAGAGCC-14-s4d8,GARQ,D11,4,40,35,22,0.039572775,CD4+ T activated
GTTGGAGCATTGTCAG-14-s4d8,GARQ,D11,4,40,35,17,0.041912675,Lymph prog
CTTGCATGTCATAGAT-14-s4d8,GARQ,D11,4,40,35,9,0.016633391,Transitional B
TGTAAGTGTTGGCGTG-14-s4d8,GARQ,D11,4,40,35,16,0.09924328,CD14+ Mono
GCCTCAAAGACTCGCA-14-s4d8,GARQ,D11,4,40,35,22,0.03884095,Naive CD20+ B
CGATATTCAGGAACAT-14-s4d8,GARQ,D11,4,40,35,4,0.19034898,CD8+ T
ACCAGGCTCGGTACGC-14-s4d8,GARQ,D11,4,40,35,35,0.072840095,CD4+ T activated
GCATATATCCTAAGTA-14-s4d8,GARQ,D11,4,40,35,22,0.042830825,CD8+ T
AGCGGATAGGTAACGA-14-s4d8,GARQ,D11,4,40,35,22,0.022090316,CD8+ T
CGCTACTTCAGTTCCC-14-s4d8,GARQ,D11,4,40,35,0,0.34942216,Proerythroblast
CGCTCAGCAGGCCAAA-14-s4d8,GARQ,D11,4,40,35,27,0.05938232,CD8+ T
TTCGGTACACGGTACT-14-s4d8,GARQ,D11,4,40,35,22,0.07804701,CD4+ T activated
GCCTGCTGTGGTTCTT-14-s4d8,GARQ,D11,4,40,35,7,0.04446745,CD8+ T
AACGCCCAGGTGCTGC-14-s4d8,GARQ,D11,4,40,35,0,0.0940302,Proerythroblast
GTGGACACAAGGGTTG-14-s4d8,GARQ,D11,4,40,35,27,0.070444286,CD8+ T
TCTAGCACATTATGCG-14-s4d8,GARQ,D11,4,40,35,8,0.058723807,Naive CD20+ B
TACTCAAAGGATTGAG-14-s4d8,GARQ,D11,4,40,35,27,0.056117713,CD8+ T
TCCTTAGTCCTGGTGA-14-s4d8,GARQ,D11,4,40,35,0,0.198978,Proerythroblast
AAATGCCTCATTAGGC-14-s4d8,GARQ,D11,4,40,35,4,0.14283192,CD8+ T
ACCAGCTCATCATGTG-14-s4d8,GARQ,D11,4,40,35,4,0.058972597,CD4+ T activated
TGGCCTTTCCCTGGTT-14-s4d8,GARQ,D11,4,40,35,4,0.11925578,Proerythroblast
AAAGCTTGTTGCAATG-14-s4d8,GARQ,D11,4,40,35,4,0.21767598,CD8+ T
AGGGCTACACAATGCC-14-s4d8,GARQ,D11,4,40,35,4,0.10106292,CD4+ T activated
GTTACAGGTTAGCAGC-14-s4d8,GARQ,D11,4,40,35,7,0.04117325,cDC2
TTGTGCCTCTGCAAAC-14-s4d8,GARQ,D11,4,40,35,33,0.024962842,CD8+ T
GGACAGCCACCAACCG-14-s4d8,GARQ,D11,4,40,35,16,0.053777993,cDC2
CAAATCATCATGCTCC-14-s4d8,GARQ,D11,4,40,35,17,0.0791263,Lymph prog
TTAACCAAGCCTAATA-14-s4d8,GARQ,D11,4,40,35,4,0.2730568,CD8+ T
ACCCGGTAGCATTATG-14-s4d8,GARQ,D11,4,40,35,7,0.12696826,CD8+ T
GGTGTCCAGGTATTGC-14-s4d8,GARQ,D11,4,40,35,0,0.20517421,Proerythroblast
ACTAACTCAATAATGG-14-s4d8,GARQ,D11,4,40,35,16,0.08212209,CD14+ Mono
GTTAAACGTGCATTAG-14-s4d8,GARQ,D11,4,40,35,8,0.061355293,B1 B
GTATTGTCAATCCCTT-14-s4d8,GARQ,D11,4,40,35,27,0.0023972094,NK
TTAGCTGCACGGTTTA-14-s4d8,GARQ,D11,4,40,35,22,0.2708987,CD8+ T
TTATCCTAGATGGAGC-14-s4d8,GARQ,D11,4,40,35,22,0.07596016,CD8+ T
TGCGGTTCATGAGTTT-14-s4d8,GARQ,D11,4,40,35,27,0.077792406,CD8+ T
TTGAGCTAGGCTCATG-14-s4d8,GARQ,D11,4,40,35,20,0.024363637,CD8+ T
ATTGCGCCAGTCTATG-14-s4d8,GARQ,D11,4,40,35,0,0.19766486,MK/E prog
CCAGGATGTAACAGGG-14-s4d8,GARQ,D11,4,40,35,0,0.3410939,Proerythroblast
CTTATTGGTTTGTGGA-14-s4d8,GARQ,D11,4,40,35,16,0.058208823,CD14+ Mono
AACCGGCTCATTGTTC-14-s4d8,GARQ,D11,4,40,35,16,0.09039819,CD14+ Mono
ATTCCTAGTTGGCCGA-14-s4d8,GARQ,D11,4,40,35,8,0.18061537,Transitional B
CTAACCCTCTTAGCGG-14-s4d8,GARQ,D11,4,40,35,16,0.079285204,CD8+ T
TTAGCTGCACCTGCCT-14-s4d8,GARQ,D11,4,40,35,4,0.23666948,CD4+ T naive
TGACCAAGTTGCGGAT-14-s4d8,GARQ,D11,4,40,35,4,0.10061771,CD4+ T activated
CCTCAATGTTGTAACG-14-s4d8,GARQ,D11,4,40,35,8,0.24877882,Naive CD20+ B
CGAAGAATCATTAGCA-14-s4d8,GARQ,D11,4,40,35,1,0.023804754,Transitional B
TCGTGCTTCACGTTAA-14-s4d8,GARQ,D11,4,40,35,22,0.12919575,CD8+ T
GACCTTTGTAATTAGC-14-s4d8,GARQ,D11,4,40,35,0,0.08409616,MK/E prog
TCCGGAATCATCCTAT-14-s4d8,GARQ,D11,4,40,35,0,0.3736937,Proerythroblast
AACAGCAAGTTATGGC-14-s4d8,GARQ,D11,4,40,35,12,0.11709142,CD16+ Mono
CAAACGCGTGATGATT-14-s4d8,GARQ,D11,4,40,35,22,0.015685678,CD8+ T
TGGACGGAGGGATTAG-14-s4d8,GARQ,D11,4,40,35,27,0.008660555,CD8+ T
AGAATCGAGTAAGTCC-14-s4d8,GARQ,D11,4,40,35,0,0.0946905,Proerythroblast
AAGCTCCCATTGTGGC-14-s4d8,GARQ,D11,4,40,35,0,0.39101982,Proerythroblast
TCAAGGAAGGTGAGAC-14-s4d8,GARQ,D11,4,40,35,31,0.017591506,CD14+ Mono
TGTATCGCATAACGGG-14-s4d8,GARQ,D11,4,40,35,22,0.104783535,CD4+ T naive
GTAGGATCAACCGCCA-14-s4d8,GARQ,D11,4,40,35,27,0.0104576945,CD8+ T
CTATTCAGTGAACAAA-14-s4d8,GARQ,D11,4,40,35,27,0.051238447,CD8+ T
CAACTAATCGGCCAGT-14-s4d8,GARQ,D11,4,40,35,0,0.12281847,Proerythroblast
GGAACCTGTTGCACAA-14-s4d8,GARQ,D11,4,40,35,35,0.10536808,CD8+ T
GCTTAGTAGTTAGCCG-14-s4d8,GARQ,D11,4,40,35,8,0.26134717,Transitional B
GAGGTTAAGTGGCGGA-14-s4d8,GARQ,D11,4,40,35,35,0.04293114,CD4+ T activated
GGAGGTTAGCTATATG-14-s4d8,GARQ,D11,4,40,35,27,0.0005480051,CD8+ T
GCATTGCCAGCAAGTG-14-s4d8,GARQ,D11,4,40,35,22,0.07732487,CD8+ T
GCTCCTTAGCGATAAG-14-s4d8,GARQ,D11,4,40,35,23,0.01591158,CD14+ Mono
CCAGACTCACACAATT-14-s4d8,GARQ,D11,4,40,35,22,0.09518528,CD8+ T
CTACTTAGTTACGCAA-14-s4d8,GARQ,D11,4,40,35,4,0.089085996,CD8+ T
ATGTTTGAGTGGACAA-14-s4d8,GARQ,D11,4,40,35,22,0.03998387,CD8+ T
TTTCTTGCACGTGCTG-14-s4d8,GARQ,D11,4,40,35,22,0.015268981,CD8+ T
GTTAACGGTTGCACAA-14-s4d8,GARQ,D11,4,40,35,8,0.073859096,Transitional B
CAAAGCGCAAGCCAGA-14-s4d8,GARQ,D11,4,40,35,4,0.07964653,CD8+ T
CATGCGGGTTACAACG-14-s4d8,GARQ,D11,4,40,35,27,0.04483819,CD8+ T
AAGGATGTCCAAGTGT-14-s4d8,GARQ,D11,4,40,35,35,0.2464521,CD8+ T
GAAGCCTGTAGGTTAT-14-s4d8,GARQ,D11,4,40,35,35,0.013071358,CD8+ T
ACCTTCCAGCATTATG-14-s4d8,GARQ,D11,4,40,35,27,0.10429102,CD8+ T
TTGTCCCAGGAGCAAC-14-s4d8,GARQ,D11,4,40,35,22,0.106331944,CD8+ T
GCTTAAATCCGCAAGC-14-s4d8,GARQ,D11,4,40,35,22,0.01325044,CD8+ T
TTTAAGCCACCACAAC-14-s4d8,GARQ,D11,4,40,35,23,0.01861602,CD16+ Mono
GCGCAAACAGCTTACA-14-s4d8,GARQ,D11,4,40,35,18,0.099369526,Transitional B
GCCAATAGTCTTGCAT-14-s4d8,GARQ,D11,4,40,35,4,0.33699298,CD8+ T
GTACTTAAGCCACATG-14-s4d8,GARQ,D11,4,40,35,4,0.113550484,Proerythroblast
GTACTTAAGCTTTGGG-14-s4d8,GARQ,D11,4,40,35,22,0.122041285,CD4+ T activated
GCTCTGTTCTTGAGGT-14-s4d8,GARQ,D11,4,40,35,22,0.11793631,CD4+ T activated
ACAGGATCAGGACACA-14-s4d8,GARQ,D11,4,40,35,22,0.0065174103,CD8+ T
TCTGGCTTCAGGCCTA-14-s4d8,GARQ,D11,4,40,35,18,0.012996018,MK/E prog
ACAACAGAGTTAGCCG-14-s4d8,GARQ,D11,4,40,35,8,0.41244125,Transitional B
TCTATGTTCTTGTCCA-14-s4d8,GARQ,D11,4,40,35,23,0.17341924,G/M prog
AAAGCAAGTGGTTAGC-14-s4d8,GARQ,D11,4,40,35,0,0.21004605,Proerythroblast
AGAAGGTGTAAAGCAA-14-s4d8,GARQ,D11,4,40,35,0,0.15588814,Proerythroblast
CGATTCCTCGATTTGA-14-s4d8,GARQ,D11,4,40,35,0,0.097260356,Erythroblast
AGAGATTAGTTAGACC-14-s4d8,GARQ,D11,4,40,35,35,0.046788156,CD8+ T
GTTCGCGCAAGGTGCA-14-s4d8,GARQ,D11,4,40,35,4,0.05361274,Proerythroblast
TGAAGGATCTTAGCGG-14-s4d8,GARQ,D11,4,40,35,4,0.018235743,CD8+ T
TTTAACGAGCCTGAGC-14-s4d8,GARQ,D11,4,40,35,22,0.22861975,CD8+ T
GCTATAGGTTTGGGCG-14-s4d8,GARQ,D11,4,40,35,16,0.19336474,CD14+ Mono
CGCATGATCATCCTCA-14-s4d8,GARQ,D11,4,40,35,27,0.06538725,CD8+ T
AATCCATCAGGACCTT-14-s4d8,GARQ,D11,4,40,35,4,0.07835591,CD4+ T naive
CGTTGCAAGCTGAGGG-14-s4d8,GARQ,D11,4,40,35,4,0.06765628,CD8+ T
TTCAGCACACAAACTT-14-s4d8,GARQ,D11,4,40,35,4,0.0071216226,CD4+ T activated
TCTGTGACATAATCGT-14-s4d8,GARQ,D11,4,40,35,38,0.072202265,CD4+ T activated
TTGGGCGGTGCTCACC-14-s4d8,GARQ,D11,4,40,35,22,0.11071563,B1 B
CAGCCAATCTTACTCG-14-s4d8,GARQ,D11,4,40,35,7,0.15130866,CD8+ T
GAGCTGCTCGGTACGC-14-s4d8,GARQ,D11,4,40,35,22,0.11944044,CD8+ T
TGAGGCACAATTAGGA-14-s4d8,GARQ,D11,4,40,35,8,0.26868194,B1 B
ATGTTGTCATGAGCAG-14-s4d8,GARQ,D11,4,40,35,35,0.22451419,CD8+ T
GTTCTTAGTTAGACCA-14-s4d8,GARQ,D11,4,40,35,9,0.02896905,Transitional B
TTTCCACCACTTAGGC-14-s4d8,GARQ,D11,4,40,35,8,0.29638946,Naive CD20+ B
CTCATCATCGATAACC-14-s4d8,GARQ,D11,4,40,35,0,0.19104958,Proerythroblast
GAACCAAAGGTCTTGG-14-s4d8,GARQ,D11,4,40,35,23,0.0016518831,CD14+ Mono
CCAACCCGTTCACCAT-14-s4d8,GARQ,D11,4,40,35,0,0.24045002,Proerythroblast
GGTACAAAGGTGCGGA-14-s4d8,GARQ,D11,4,40,35,27,0.030752242,CD8+ T
GGATTATGTAAAGCGG-14-s4d8,GARQ,D11,4,40,35,22,0.031958222,CD8+ T
TGGTCAAGTAAAGCGG-14-s4d8,GARQ,D11,4,40,35,4,0.04413843,CD4+ T activated
AGCACTAGTAAGCACC-14-s4d8,GARQ,D11,4,40,35,0,0.27120084,Proerythroblast
AATCATGTCATTGTTC-14-s4d8,GARQ,D11,4,40,35,35,0.09152919,NK
GCTAACCCATAATGTC-14-s4d8,GARQ,D11,4,40,35,7,0.025931537,CD8+ T
CCACTTGGTTCAAGCA-14-s4d8,GARQ,D11,4,40,35,4,0.033492327,CD8+ T
TTTGTGAAGCTATTAG-14-s4d8,GARQ,D11,4,40,35,23,0.024912745,CD16+ Mono
ACAAAGGTCAGGAAGC-14-s4d8,GARQ,D11,4,40,35,33,0.04551387,CD8+ T
TCCCGTTAGCATGACT-14-s4d8,GARQ,D11,4,40,35,17,0.28020364,Transitional B
GGCTATTAGACTATTG-14-s4d8,GARQ,D11,4,40,35,35,0.04797685,CD8+ T
CTAGGACGTTTACCGT-14-s4d8,GARQ,D11,4,40,35,22,0.09570861,CD8+ T
CACATTAAGGTATTGC-14-s4d8,GARQ,D11,4,40,35,0,0.23004097,Proerythroblast
ACGTCCAAGTGACCTG-14-s4d8,GARQ,D11,4,40,35,0,0.20082104,Proerythroblast
CGATTATCACGCAACT-14-s4d8,GARQ,D11,4,40,35,16,0.044895887,CD14+ Mono
AAACCGGCAAGGTGGC-14-s4d8,GARQ,D11,4,40,35,22,0.2810192,CD8+ T
CGGATTAGTAAAGCGG-14-s4d8,GARQ,D11,4,40,35,35,0.04214561,CD8+ T
TATGGCCCACAACAGG-14-s4d8,GARQ,D11,4,40,35,22,0.028204203,B1 B
GTCATGAGTTAACGAT-14-s4d8,GARQ,D11,4,40,35,4,0.017115831,CD8+ T
CGTTGCAAGCTCCTTA-14-s4d8,GARQ,D11,4,40,35,11,0.013366789,NK
AATCCATCATTAGGTT-14-s4d8,GARQ,D11,4,40,35,35,0.072214544,CD8+ T
GCCAGGTTCTAACCTT-14-s4d8,GARQ,D11,4,40,35,27,0.073066354,CD4+ T activated
ACGGGAAGTTAATGAC-14-s4d8,GARQ,D11,4,40,35,35,0.23580813,CD8+ T
TTTCCACCAATTGACT-14-s4d8,GARQ,D11,4,40,35,35,0.12600756,CD8+ T
AGGTTAACATTGCGTA-14-s4d8,GARQ,D11,4,40,35,0,0.34778285,Proerythroblast
TGCACCTTCGATTCTT-14-s4d8,GARQ,D11,4,40,35,4,0.184268,CD8+ T
TTTGCGGAGGCGCTAC-14-s4d8,GARQ,D11,4,40,35,22,0.014324725,CD8+ T
TTTGTGTTCATCCTGC-14-s4d8,GARQ,D11,4,40,35,0,0.13341168,Proerythroblast
GGATTTATCAGTGAAG-14-s4d8,GARQ,D11,4,40,35,22,0.17142063,CD4+ T activated
GAGTTACTCCCGCATT-14-s4d8,GARQ,D11,4,40,35,23,0.007884979,CD14+ Mono
CGGGTATGTTACTTGC-14-s4d8,GARQ,D11,4,40,35,8,0.13638294,Lymph prog
CATTATGAGGACAATG-14-s4d8,GARQ,D11,4,40,35,4,0.15258276,CD8+ T
CGATTATCATATAACC-14-s4d8,GARQ,D11,4,40,35,4,0.028869897,B1 B
TTTCGTCCATAAGCAA-14-s4d8,GARQ,D11,4,40,35,22,0.19316828,CD8+ T
AAAGCCGCACAACCTA-14-s4d8,GARQ,D11,4,40,35,8,0.43050623,Lymph prog
CATTGTGCAGGCCAAA-14-s4d8,GARQ,D11,4,40,35,4,0.1846481,CD4+ T naive
CAATCTAAGGAGGCAT-14-s4d8,GARQ,D11,4,40,35,4,0.077943206,CD8+ T
CAATCTAAGATAAAGC-14-s4d8,GARQ,D11,4,40,35,9,0.12809628,Transitional B
GCAATGAAGTTATGTG-14-s4d8,GARQ,D11,4,40,35,8,0.048973203,Naive CD20+ B
TTGTCCCAGCTCCTAC-14-s4d8,GARQ,D11,4,40,35,8,0.11157325,Lymph prog
CGCCTGTGTTTGGCTT-14-s4d8,GARQ,D11,4,40,35,0,0.19081748,Proerythroblast
TATTAGGTCTCACTAT-14-s4d8,GARQ,D11,4,40,35,8,0.23610795,Naive CD20+ B
GTGGTTAGTCATGAGC-14-s4d8,GARQ,D11,4,40,35,16,0.054810822,CD14+ Mono
TTTCAGTTCCCTCAGT-14-s4d8,GARQ,D11,4,40,35,35,0.22882342,Lymph prog
CGCAATTAGCATGAAG-14-s4d8,GARQ,D11,4,40,35,4,0.058216393,Naive CD20+ B
GCGCAATGTTAACAGT-14-s4d8,GARQ,D11,4,40,35,4,0.17095995,CD4+ T naive
CCATAAGGTGTTTGCT-14-s4d8,GARQ,D11,4,40,35,35,0.03269446,CD8+ T
TATAGCCAGTTATTCC-14-s4d8,GARQ,D11,4,40,35,22,0.038043857,Naive CD20+ B
CACTAAGGTCACAGAC-14-s4d8,GARQ,D11,4,40,35,7,0.023590952,CD8+ T
CTGAAACTCCTCCCTC-14-s4d8,GARQ,D11,4,40,35,27,0.14450657,CD8+ T
TTGACGTAGCTCCCTG-14-s4d8,GARQ,D11,4,40,35,22,0.20069617,CD8+ T
TTGGATATCTCCTCTT-14-s4d8,GARQ,D11,4,40,35,16,0.047944307,CD14+ Mono
TTTCACCCATAAGCAA-14-s4d8,GARQ,D11,4,40,35,2,0.017564774,Transitional B
GGAGCAAGTTATAGCG-14-s4d8,GARQ,D11,4,40,35,22,0.0062408447,CD8+ T
AGTCAATGTATTGAGT-14-s4d8,GARQ,D11,4,40,35,17,0.09648678,Lymph prog
TATTTGGAGTCTGGGC-14-s4d8,GARQ,D11,4,40,35,22,0.11006987,CD8+ T
AGTGCACGTGCTGTAA-14-s4d8,GARQ,D11,4,40,35,8,0.2605524,Transitional B
CCTAAATCAGAGAGCC-14-s4d8,GARQ,D11,4,40,35,4,0.07231152,CD8+ T
TTTACGCGTTCTTTAG-14-s4d8,GARQ,D11,4,40,35,22,0.08583534,CD8+ T
GCGGGTTTCCGCAAAT-14-s4d8,GARQ,D11,4,40,35,1,0.071569026,Naive CD20+ B
TTGGATTCATAATTGC-14-s4d8,GARQ,D11,4,40,35,27,0.13588172,CD8+ T
AAGCCTTAGGTGCTGC-14-s4d8,GARQ,D11,4,40,35,34,0.012520254,CD14+ Mono
TGATGAACATTCCTCG-14-s4d8,GARQ,D11,4,40,35,0,0.50092626,MK/E prog
ATTCCTAGTAGTAAGA-14-s4d8,GARQ,D11,4,40,35,35,0.12763882,Naive CD20+ B
AGTTGTCAGTTCCCGT-14-s4d8,GARQ,D11,4,40,35,22,0.051140428,NK
GACCGTTCAGGCTAAG-14-s4d8,GARQ,D11,4,40,35,22,0.055726767,CD8+ T
AAGTTAGCACTAAATC-14-s4d8,GARQ,D11,4,40,35,38,0.114513695,CD4+ T activated
AATTAGGCACTGGCTG-14-s4d8,GARQ,D11,4,40,35,4,0.18741149,CD8+ T
CTGTATTTCGAAGTGA-14-s4d8,GARQ,D11,4,40,35,7,0.01619029,CD8+ T
TATCGCACATAGACCC-14-s4d8,GARQ,D11,4,40,35,6,0.039676845,Transitional B
GTACCGGGTACCGGAT-14-s4d8,GARQ,D11,4,40,35,0,0.07634044,Proerythroblast
TTTGACCGTTAGCAGC-14-s4d8,GARQ,D11,4,40,35,28,0.008648038,CD8+ T
AAATCCGGTAACCTAG-14-s4d8,GARQ,D11,4,40,35,22,0.29178703,CD8+ T
ATCTATGAGGTAAGCA-14-s4d8,GARQ,D11,4,40,35,27,0.084097326,CD8+ T
TGAACAACAGTTAAAG-14-s4d8,GARQ,D11,4,40,35,34,0.025872707,cDC2
GATCAGGCAATAACCT-14-s4d8,GARQ,D11,4,40,35,35,0.16460782,NK
ATTTAGCCACAATACT-14-s4d8,GARQ,D11,4,40,35,4,0.23795545,CD8+ T
AAACGCGCATGGCCTG-14-s4d8,GARQ,D11,4,40,35,0,0.2174305,MK/E prog
GCCAATTAGAGAGGCT-14-s4d8,GARQ,D11,4,40,35,35,0.0036124587,NK
GATTAAGCAGGATAAC-14-s4d8,GARQ,D11,4,40,35,33,0.06770408,CD4+ T activated
GCCACACAGTAATCCA-14-s4d8,GARQ,D11,4,40,35,27,0.033029437,CD8+ T
CCTGATGAGGCGCACT-14-s4d8,GARQ,D11,4,40,35,17,0.03899309,Lymph prog
AGGGTTGCACAGACTC-14-s4d8,GARQ,D11,4,40,35,7,0.029626846,NK
CTAATGTCAATGAATG-14-s4d8,GARQ,D11,4,40,35,8,0.10400146,Transitional B
TCCATATTCGTTATCT-14-s4d8,GARQ,D11,4,40,35,0,0.25036362,Erythroblast
AGCTTCCTCATTTGCT-14-s4d8,GARQ,D11,4,40,35,8,0.16856796,Transitional B
CTAGCGGGTAAGGTTT-14-s4d8,GARQ,D11,4,40,35,4,0.23374581,CD8+ T
TCACGGATCTTGCAAA-14-s4d8,GARQ,D11,4,40,35,27,0.03349787,CD8+ T
AGCTTTAAGTTGGGCC-14-s4d8,GARQ,D11,4,40,35,23,0.06513965,CD14+ Mono
CCTACTGGTTGAATCG-14-s4d8,GARQ,D11,4,40,35,34,0.030529588,cDC2
GGCAGGATCCGGTTAG-14-s4d8,GARQ,D11,4,40,35,4,0.06907761,CD8+ T
ATTGCGCCACCTATAG-14-s4d8,GARQ,D11,4,40,35,0,0.19388777,Proerythroblast
TGCAATATCCTCACAC-14-s4d8,GARQ,D11,4,40,35,6,0.06310493,Transitional B
GACACCGGTTGCACAA-14-s4d8,GARQ,D11,4,40,35,0,0.19952053,Proerythroblast
GAACCTTAGTCAGGCC-14-s4d8,GARQ,D11,4,40,35,22,0.036367536,CD8+ T
TCAGGTCCATTTAAGC-14-s4d8,GARQ,D11,4,40,35,0,0.048164487,Proerythroblast
TGTGTTAAGACTCGCA-14-s4d8,GARQ,D11,4,40,35,35,0.24797261,CD8+ T
GATTACGGTTAGTACG-14-s4d8,GARQ,D11,4,40,35,22,0.13455892,CD8+ T
GCCAGGAAGGCTACAT-14-s4d8,GARQ,D11,4,40,35,4,0.06158966,Proerythroblast
CCTGTAACACCACAAC-14-s4d8,GARQ,D11,4,40,35,22,0.07479459,CD8+ T
GCCAATTAGCTAAGTC-14-s4d8,GARQ,D11,4,40,35,4,0.21512437,CD4+ T activated
ATTACGTCAAGGACCA-14-s4d8,GARQ,D11,4,40,35,0,0.1427131,HSC
GCTATAGGTCCACAAA-14-s4d8,GARQ,D11,4,40,35,4,0.065671325,NK
ATTATGGTCTGTTGCC-14-s4d8,GARQ,D11,4,40,35,22,0.078851104,CD8+ T
AAAGGAGCATAGCTGC-14-s4d8,GARQ,D11,4,40,35,12,0.024468035,Naive CD20+ B
AGTCCTGAGGACCTGC-14-s4d8,GARQ,D11,4,40,35,22,0.03204149,CD8+ T
TGCTCCGTCCGGTTAG-14-s4d8,GARQ,D11,4,40,35,35,0.031540334,CD8+ T
GCTGTAAGTTGCCTCA-14-s4d8,GARQ,D11,4,40,35,0,0.4111498,Proerythroblast
TAGACCAGTTCCGGCT-14-s4d8,GARQ,D11,4,40,35,36,0.08968538,CD14+ Mono
TGGACAAAGGGATGCG-14-s4d8,GARQ,D11,4,40,35,22,0.08780837,CD4+ T activated
ACCTACCTCATGAAGG-14-s4d8,GARQ,D11,4,40,35,27,0.28627813,CD8+ T
AACAGATAGCACAGGG-14-s4d8,GARQ,D11,4,40,35,23,0.049868762,CD14+ Mono
TGCCGGTAGTGACCTG-14-s4d8,GARQ,D11,4,40,35,8,0.27465636,Naive CD20+ B
TCCTCACAGCAAACCT-14-s4d8,GARQ,D11,4,40,35,16,0.09082818,CD14+ Mono
GCTAGCTCAATCCTAG-14-s4d8,GARQ,D11,4,40,35,0,0.2847095,Proerythroblast
GGCCATCAGCGATAAG-14-s4d8,GARQ,D11,4,40,35,35,0.08386564,CD8+ T
AGCTACGTCCATTACT-14-s4d8,GARQ,D11,4,40,35,22,0.061854005,CD8+ T
TTTCATCAGTTTCCGC-14-s4d8,GARQ,D11,4,40,35,8,0.11174762,B1 B
CGTGCACAGGCCTTAG-14-s4d8,GARQ,D11,4,40,35,22,0.020817041,CD8+ T
CAATCCTGTGACATGC-14-s4d8,GARQ,D11,4,40,35,27,0.10272783,CD8+ T
GGATTATGTGATCATG-14-s4d8,GARQ,D11,4,40,35,4,0.031122237,Naive CD20+ B
CTCTATGTCGCACACA-14-s4d8,GARQ,D11,4,40,35,4,0.17847437,CD8+ T
GCTCATTGTTGTTCAC-14-s4d8,GARQ,D11,4,40,35,4,0.3257035,Erythroblast
GGAATCTTCTAAGTCA-14-s4d8,GARQ,D11,4,40,35,8,0.2858069,Naive CD20+ B
ACTATGTCAGGCTGTT-14-s4d8,GARQ,D11,4,40,35,4,0.085217774,CD8+ T
GGGCTAACACTCGCTC-14-s4d8,GARQ,D11,4,40,35,22,0.0703398,CD4+ T activated
CCAACCCGTAGGTTAT-14-s4d8,GARQ,D11,4,40,35,22,0.09283167,CD8+ T
ACTCGCTTCATAATCG-14-s4d8,GARQ,D11,4,40,35,8,0.00699687,Naive CD20+ B
GATCCGTCAAGACTCC-14-s4d8,GARQ,D11,4,40,35,35,0.07707465,CD8+ T
GAACCAGCAAGCTAAA-14-s4d8,GARQ,D11,4,40,35,0,0.17208743,Proerythroblast
AGAGATTAGCTAATCA-14-s4d8,GARQ,D11,4,40,35,22,0.17544723,CD8+ T
GGTGAGGTCGACCTGA-14-s4d8,GARQ,D11,4,40,35,4,0.07773101,CD8+ T
CTCGCTCCAGCAACAG-14-s4d8,GARQ,D11,4,40,35,8,0.25675687,Naive CD20+ B
CAGTACCCAGATAGAC-14-s4d8,GARQ,D11,4,40,35,4,0.16342413,CD8+ T
TACGTACAGGCTGGCT-14-s4d8,GARQ,D11,4,40,35,9,0.045046866,Transitional B
AAGCGTTTCCACCTTA-14-s4d8,GARQ,D11,4,40,35,27,0.026813328,CD8+ T
CCAAGGCTCTTTGACT-14-s4d8,GARQ,D11,4,40,35,4,0.057742476,CD4+ T naive
CCCAATTGTCTCAGCC-14-s4d8,GARQ,D11,4,40,35,0,0.13822734,Proerythroblast
AAAGCCGCAAGGACCA-14-s4d8,GARQ,D11,4,40,35,4,0.07426828,CD8+ T
AGCTTAATCCGCCAAA-14-s4d8,GARQ,D11,4,40,35,22,0.036667347,CD8+ T
ATGGCCCAGGACCTTG-14-s4d8,GARQ,D11,4,40,35,22,0.03190562,B1 B
CGTCAATAGTGGACAA-14-s4d8,GARQ,D11,4,40,35,17,0.029905915,Lymph prog
CGCATATAGGCTAATC-14-s4d8,GARQ,D11,4,40,35,22,0.153422,CD8+ T
GACTAATGTAAAGCGG-14-s4d8,GARQ,D11,4,40,35,35,0.11620331,NK
ACTTACTTCCATCAGG-14-s4d8,GARQ,D11,4,40,35,0,0.10569602,Erythroblast
AGCAGGTAGCGCTCAA-14-s4d8,GARQ,D11,4,40,35,22,0.07899791,Lymph prog
CTATGAGGTTCATTTG-14-s4d8,GARQ,D11,4,40,35,27,0.09348953,CD8+ T
TGGAACAAGGGACGCA-14-s4d8,GARQ,D11,4,40,35,8,0.46982294,Transitional B
GAGATAAGTCATTAGG-14-s4d8,GARQ,D11,4,40,35,22,0.041674137,CD8+ T
CCAACCAAGTTAGAGG-14-s4d8,GARQ,D11,4,40,35,2,0.013367593,Transitional B
TACCTCATCAGCAAAG-14-s4d8,GARQ,D11,4,40,35,27,0.017106414,CD8+ T
CCTAATAAGCCTGAGC-14-s4d8,GARQ,D11,4,40,35,23,0.035286367,cDC2
AGTTACATCTAAGTGC-14-s4d8,GARQ,D11,4,40,35,27,0.05204183,NK
GGACCGAAGGTAAGCA-14-s4d8,GARQ,D11,4,40,35,22,0.06320593,CD8+ T
CCAACCCGTTAACACG-14-s4d8,GARQ,D11,4,40,35,22,0.11816418,CD8+ T
GAGCTAGCATTGTGCA-14-s4d8,GARQ,D11,4,40,35,16,0.06529796,CD14+ Mono
TAAGGCTTCTGGTCCT-14-s4d8,GARQ,D11,4,40,35,7,0.071640015,CD8+ T
ACTATGTCATCACAGC-14-s4d8,GARQ,D11,4,40,35,22,0.23284876,CD8+ T
ACTTGAATCCAATAGC-14-s4d8,GARQ,D11,4,40,35,22,0.1080513,CD8+ T
AATTGTGTCACGAATC-14-s4d8,GARQ,D11,4,40,35,4,0.090771794,Normoblast
CCACTTGGTTTGAGGC-14-s4d8,GARQ,D11,4,40,35,12,0.1336723,CD16+ Mono
GTGTGCGGTTGTGATG-14-s4d8,GARQ,D11,4,40,35,7,0.008204043,CD4+ T activated
GTTTGTCGTCAAAGGG-14-s4d8,GARQ,D11,4,40,35,17,0.014854193,Lymph prog
CCAATATCATTAAACC-14-s4d8,GARQ,D11,4,40,35,8,0.14407426,Naive CD20+ B
GCTTTATTCAAATCGC-14-s4d8,GARQ,D11,4,40,35,18,0.13390714,B1 B
GGGTCACTCCAGCACA-14-s4d8,GARQ,D11,4,40,35,0,0.0028965771,Lymph prog
ACAACAACAGAGGGAG-14-s4d8,GARQ,D11,4,40,35,0,0.1998888,Lymph prog
CAACAATGTTTATTCG-14-s4d8,GARQ,D11,4,40,35,20,0.045772642,CD4+ T naive
TGGTTAATCAGGTTTA-14-s4d8,GARQ,D11,4,40,35,7,0.08292478,CD8+ T
TCATGAGGTTGGATAT-14-s4d8,GARQ,D11,4,40,35,4,0.022379637,NK
CCAAGTTAGTTAGACC-14-s4d8,GARQ,D11,4,40,35,0,0.36410224,MK/E prog
CTCGCTCCAGTAGCCT-14-s4d8,GARQ,D11,4,40,35,27,0.07216728,CD8+ T
CAATGCCCATGTTGCA-14-s4d8,GARQ,D11,4,40,35,22,0.0694232,CD8+ T
GCCTACTTCGAAGTAG-14-s4d8,GARQ,D11,4,40,35,4,0.1556015,CD8+ T
CATGCGCAGAGGGACT-14-s4d8,GARQ,D11,4,40,35,4,0.12916768,Lymph prog
AAGCCACGTAGGATCC-14-s4d8,GARQ,D11,4,40,35,9,0.02730608,Transitional B
GCAATAGAGTTGTCAA-14-s4d8,GARQ,D11,4,40,35,9,0.10581648,Transitional B
AAACATGCAGTCTAAT-14-s4d8,GARQ,D11,4,40,35,4,0.090857446,CD8+ T
ACTAAAGCAATAGCCC-14-s4d8,GARQ,D11,4,40,35,8,0.119280696,Naive CD20+ B
TCATTGTTCCGTTAAA-14-s4d8,GARQ,D11,4,40,35,27,0.0037114024,CD8+ T
GAATTTGTCTATTGTC-14-s4d8,GARQ,D11,4,40,35,16,0.039691687,CD16+ Mono
GACTAATGTTAGAGCC-14-s4d8,GARQ,D11,4,40,35,27,0.14494526,CD8+ T
GATAAGCCAACCTGGT-14-s4d8,GARQ,D11,4,40,35,8,0.3136026,Naive CD20+ B
AATTGTGTCCAGGTCA-14-s4d8,GARQ,D11,4,40,35,22,0.02762878,CD8+ T
GTAAGGTCAAGCTTTG-14-s4d8,GARQ,D11,4,40,35,23,0.0035347044,CD14+ Mono
AACCTTAAGGTGAAGC-14-s4d8,GARQ,D11,4,40,35,22,0.02878496,B1 B
ACAGGAATCATGCTTT-14-s4d8,GARQ,D11,4,40,35,8,0.4611581,Naive CD20+ B
GCAATCTAGGCGCTAC-14-s4d8,GARQ,D11,4,40,35,8,0.03785163,Transitional B
CATAATGTCGGTTCCT-14-s4d8,GARQ,D11,4,40,35,27,0.096021056,CD8+ T
ATATAGGCAGTAAAGC-14-s4d8,GARQ,D11,4,40,35,18,0.07002324,Transitional B
ATATGCATCCAAGTTA-14-s4d8,GARQ,D11,4,40,35,4,0.013233781,Naive CD20+ B
TGAGAACCAAGCCACT-14-s4d8,GARQ,D11,4,40,35,7,0.02059114,NK
AATCAGGAGGACTTAC-14-s4d8,GARQ,D11,4,40,35,2,0.047734857,Transitional B
TAAGGACCAACTAGCC-14-s4d8,GARQ,D11,4,40,35,4,0.0025641918,NK
CGTGCACAGTAGGATG-14-s4d8,GARQ,D11,4,40,35,22,0.177158,pDC
GAACACAAGGACTTAC-14-s4d8,GARQ,D11,4,40,35,2,0.08627713,NK
GATAAGCCAACGTGCT-14-s4d8,GARQ,D11,4,40,35,22,0.24651909,CD8+ T
AGGTTTGGTGATTTGG-14-s4d8,GARQ,D11,4,40,35,16,0.1603105,CD14+ Mono
AGGGCCTTCGGGACCT-14-s4d8,GARQ,D11,4,40,35,22,0.22847205,CD4+ T activated
GGTTGGTGTCAATGTG-14-s4d8,GARQ,D11,4,40,35,8,0.104421854,Lymph prog
TTAGGAACAAATTCGT-14-s4d8,GARQ,D11,4,40,35,35,0.08836931,CD8+ T
CGGACAACATGTTGTG-14-s4d8,GARQ,D11,4,40,35,11,0.05279064,NK
CTCAATAAGGCATTAC-14-s4d8,GARQ,D11,4,40,35,4,0.006359935,CD8+ T
CCTTCGTAGCATGGTT-14-s4d8,GARQ,D11,4,40,35,4,0.05077845,CD8+ T
GGAACAATCGCATTAA-14-s4d8,GARQ,D11,4,40,35,4,0.06449306,CD8+ T
TTGGATATCCACCCTG-14-s4d8,GARQ,D11,4,40,35,22,0.0141927,CD8+ T
CAATAAGCAGTTTCTC-14-s4d8,GARQ,D11,4,40,35,22,0.21880567,CD4+ T activated
TTGTGAGGTAGCTGCG-14-s4d8,GARQ,D11,4,40,35,22,0.18393505,CD8+ T
ATGTTTGAGGGTCCAC-14-s4d8,GARQ,D11,4,40,35,4,0.0043880343,Lymph prog
TCAGGTCCAAGCTTAT-14-s4d8,GARQ,D11,4,40,35,22,0.12032664,CD8+ T
AAGGTCAAGCACCACA-14-s4d8,GARQ,D11,4,40,35,18,0.039476603,cDC2
CATTATGAGGAGGGTT-14-s4d8,GARQ,D11,4,40,35,22,0.056998372,CD8+ T
TATTACCTCTCGACCT-14-s4d8,GARQ,D11,4,40,35,0,0.312033,Erythroblast
TGTCAGTAGGTGAAAT-14-s4d8,GARQ,D11,4,40,35,35,0.050462604,Naive CD20+ B
AGTCTTGCAGGCCAAA-14-s4d8,GARQ,D11,4,40,35,35,0.08537638,CD4+ T activated
TTTGGCTGTGACATAT-14-s4d8,GARQ,D11,4,40,35,13,0.036848426,CD4+ T naive
TAAAGCCTCATAAGCC-14-s4d8,GARQ,D11,4,40,35,4,0.11173409,CD8+ T
AACTCACAGGCATTGT-14-s4d8,GARQ,D11,4,40,35,22,0.07395506,CD8+ T
CAGTACCCACAAACTT-14-s4d8,GARQ,D11,4,40,35,35,0.0022858381,CD8+ T
TCATTGTTCCGTAAAC-14-s4d8,GARQ,D11,4,40,35,27,0.08023745,CD8+ T
GGGAATATCACATTGA-14-s4d8,GARQ,D11,4,40,35,16,0.048450947,CD14+ Mono
CAATGTCAGCGCAATT-14-s4d8,GARQ,D11,4,40,35,22,0.064570725,NK
GTTAAACGTAGCCTAA-14-s4d8,GARQ,D11,4,40,35,27,0.24179387,CD8+ T
AAGTGCAAGGATTTGC-14-s4d8,GARQ,D11,4,40,35,22,0.13660914,CD4+ T activated
GGGCTAACATTGTTGG-14-s4d8,GARQ,D11,4,40,35,27,0.053022802,CD8+ T
TACTGGCCATGGAGGC-14-s4d8,GARQ,D11,4,40,35,8,0.1073212,Naive CD20+ B
AGGCTAGCAAGGTAAC-14-s4d8,GARQ,D11,4,40,35,27,0.14562547,CD8+ T
GCCGTGAGTTGCGCGA-14-s4d8,GARQ,D11,4,40,35,27,0.018218756,CD8+ T
CAAGGGAGTGTGTGGT-14-s4d8,GARQ,D11,4,40,35,4,0.035112083,CD8+ T
TATTAGGTCAAACCGT-14-s4d8,GARQ,D11,4,40,35,8,0.21321106,Naive CD20+ B
TTTAACCTCTAATTGG-14-s4d8,GARQ,D11,4,40,35,8,0.18374223,Naive CD20+ B
CGCACACAGCGCCTTT-14-s4d8,GARQ,D11,4,40,35,0,0.27752614,Erythroblast
TACCAAATCCTAGTTT-14-s4d8,GARQ,D11,4,40,35,22,0.23028994,CD8+ T
TTTATGGAGGCTAATC-14-s4d8,GARQ,D11,4,40,35,22,0.07626307,CD4+ T naive
ACCAAACTCTACTAAG-14-s4d8,GARQ,D11,4,40,35,39,0.028232634,CD8+ T
GCCTCGACAGTAGCCT-14-s4d8,GARQ,D11,4,40,35,17,0.03462571,Transitional B
TAGTACGGTGCGCAAT-14-s4d8,GARQ,D11,4,40,35,4,0.1056183,CD4+ T activated
GTCTAATCACCGGCTA-14-s4d8,GARQ,D11,4,40,35,27,0.03299606,CD8+ T
AACAGGATCTGTGCCT-14-s4d8,GARQ,D11,4,40,35,8,0.054475546,B1 B
CGAGGAAGTTAATGCG-14-s4d8,GARQ,D11,4,40,35,22,0.09314257,CD8+ T
CGCGGATTCTTGACCC-14-s4d8,GARQ,D11,4,40,35,33,0.012639523,CD8+ T
AGGCAGGTCCCTCGCA-14-s4d8,GARQ,D11,4,40,35,22,0.015784323,NK
CTAAAGCTCCAGGTTG-14-s4d8,GARQ,D11,4,40,35,15,0.002989769,CD8+ T
CTAGCGGGTAAGCTCA-14-s4d8,GARQ,D11,4,40,35,35,0.20624763,NK
AGCACTAGTTTAACCC-14-s4d8,GARQ,D11,4,40,35,8,0.07332304,Naive CD20+ B
CAAACGCGTTTGAGCA-14-s4d8,GARQ,D11,4,40,35,4,0.09182036,CD8+ T
CAATATGTCGTTTCGC-14-s4d8,GARQ,D11,4,40,35,7,0.054401755,CD8+ T
TGCTTCATCTTGTTCG-14-s4d8,GARQ,D11,4,40,35,22,0.013152659,CD8+ T
ACTTGAATCGATATTG-14-s4d8,GARQ,D11,4,40,35,0,0.3072182,MK/E prog
GCCTCAAAGTAGCGGG-14-s4d8,GARQ,D11,4,40,35,35,0.05006063,CD8+ T
ATGTTTGAGTATGTGC-14-s4d8,GARQ,D11,4,40,35,22,0.07016128,CD8+ T
TGTCCTGGTGCTTTAC-14-s4d8,GARQ,D11,4,40,35,4,0.1542216,NK
TCGATTAAGCCTAACG-14-s4d8,GARQ,D11,4,40,35,27,0.06806809,CD4+ T activated
ACATTAGTCTAGCGTG-14-s4d8,GARQ,D11,4,40,35,0,0.1490609,Normoblast
CCAGACTCAAACTGTT-14-s4d8,GARQ,D11,4,40,35,9,0.10009241,Lymph prog
AGGTGAGGTAGGTTGC-14-s4d8,GARQ,D11,4,40,35,11,0.058163047,NK
CATCGCTTCATGACCG-14-s4d8,GARQ,D11,4,40,35,4,0.045521617,CD4+ T activated
ATTGACTCAAGGTAAC-14-s4d8,GARQ,D11,4,40,35,16,0.11565587,CD14+ Mono
GGTCAGGAGGCAATAG-14-s4d8,GARQ,D11,4,40,35,34,0.002981484,Proerythroblast
TGTGCGCAGCAAACCT-14-s4d8,GARQ,D11,4,40,35,8,0.109262764,B1 B
TATTGACCAGGTTAAA-14-s4d8,GARQ,D11,4,40,35,1,0.059394717,B1 B
GATTCAATCAGTTCCC-14-s4d8,GARQ,D11,4,40,35,16,0.06476301,CD14+ Mono
TAGGCTAGTTACAAAC-14-s4d8,GARQ,D11,4,40,35,1,0.06534392,Transitional B
TGTCCTTCATCAGTAT-14-s4d8,GARQ,D11,4,40,35,22,0.11037964,CD8+ T
ATTGAAGCAATCCTGA-14-s4d8,GARQ,D11,4,40,35,27,0.08373147,CD8+ T
CGCACCACATGGTTAT-14-s4d8,GARQ,D11,4,40,35,4,0.25050604,CD8+ T
CTCATTTAGGCAGGTG-14-s4d8,GARQ,D11,4,40,35,4,0.17218477,CD8+ T
GATTACGGTATTGAGT-14-s4d8,GARQ,D11,4,40,35,23,0.005153656,CD14+ Mono
GATGGCTGTAACCACA-14-s4d8,GARQ,D11,4,40,35,22,0.1763702,CD4+ T activated
CTTGCTCAGGAACCGG-14-s4d8,GARQ,D11,4,40,35,16,0.04667613,G/M prog
ACCCAACCACACCAAC-14-s4d8,GARQ,D11,4,40,35,22,0.118348,CD4+ T activated
AGCTTAATCACCAATA-14-s4d8,GARQ,D11,4,40,35,23,0.0059144497,CD14+ Mono
GCAATGAAGGAAGTAT-14-s4d8,GARQ,D11,4,40,35,8,0.025084287,Transitional B
GGAGCATAGCCTCTCG-14-s4d8,GARQ,D11,4,40,35,8,0.10295528,Naive CD20+ B
GGGAGTAGTTGTGACA-14-s4d8,GARQ,D11,4,40,35,38,0.047272682,CD8+ T
ATGACTCAGGACCTCA-14-s4d8,GARQ,D11,4,40,35,4,0.15888005,CD8+ T
CCCGCAACAAGGATTA-14-s4d8,GARQ,D11,4,40,35,22,0.036690295,CD8+ T
TCATAACCAGTTTCTC-14-s4d8,GARQ,D11,4,40,35,12,0.050664604,CD8+ T
TTGTTGCGTTTGCGAA-14-s4d8,GARQ,D11,4,40,35,22,0.033079684,CD8+ T
AAGCGAATCGTTTCCA-14-s4d8,GARQ,D11,4,40,35,0,0.05527228,Proerythroblast
CACGCAATCATTAGCA-14-s4d8,GARQ,D11,4,40,35,4,0.21345568,CD8+ T
GGGTCAACACATGCTA-14-s4d8,GARQ,D11,4,40,35,0,0.08336407,Proerythroblast
ATTAGTCCATAATTGC-14-s4d8,GARQ,D11,4,40,35,4,0.05183953,CD8+ T
GTAGTTATCGTGCTAG-14-s4d8,GARQ,D11,4,40,35,0,0.2800578,Proerythroblast
TGGCCTTTCGGGACTC-14-s4d8,GARQ,D11,4,40,35,30,0.020538658,CD8+ T
CGCTAACCATTGCGAC-14-s4d8,GARQ,D11,4,40,35,27,0.08888167,CD8+ T
TGAGTGAAGGACCAGG-14-s4d8,GARQ,D11,4,40,35,7,0.0018198192,CD8+ T
GATTCAATCCTCAGCT-14-s4d8,GARQ,D11,4,40,35,22,0.1803528,CD8+ T
AGAAGGTGTGCGCGTA-14-s4d8,GARQ,D11,4,40,35,4,0.21424723,CD8+ T
GAGGTTAAGGTGAAAT-14-s4d8,GARQ,D11,4,40,35,4,0.12726283,CD8+ T
GCTGCATCATAAGCAA-14-s4d8,GARQ,D11,4,40,35,11,0.074711084,CD8+ T
AGTTGTCAGCGATAAG-14-s4d8,GARQ,D11,4,40,35,4,0.1631738,CD8+ T
TGATTCAAGATGGACA-14-s4d8,GARQ,D11,4,40,35,0,0.26899564,MK/E prog
GCGCTAGGTCAAGTAT-14-s4d8,GARQ,D11,4,40,35,27,0.022889555,CD8+ T
TATGGCCCACAAGCCT-14-s4d8,GARQ,D11,4,40,35,22,0.011580676,CD8+ T
ATTTAGCCAACTCGCG-14-s4d8,GARQ,D11,4,40,35,38,0.02055633,CD4+ T activated
TTGGCTGAGGCATGTT-14-s4d8,GARQ,D11,4,40,35,35,0.07304978,CD8+ T
GCCATTACACATTGCA-14-s4d8,GARQ,D11,4,40,35,5,0.06359136,Transitional B
AGTGCGGAGGGACGCA-14-s4d8,GARQ,D11,4,40,35,16,0.12450433,CD14+ Mono
CGTCAATAGCTGGAAA-14-s4d8,GARQ,D11,4,40,35,4,0.17296016,CD4+ T activated
TCCTCTAAGCATTATG-14-s4d8,GARQ,D11,4,40,35,4,0.022495955,CD8+ T
TGGCGGTTCCGGAACC-14-s4d8,GARQ,D11,4,40,35,4,0.14151686,CD8+ T
AGTGATGAGCATGTTA-14-s4d8,GARQ,D11,4,40,35,23,0.024651527,CD14+ Mono
CCAGACTCAAGTCGCT-14-s4d8,GARQ,D11,4,40,35,8,0.12710929,Naive CD20+ B
CTAATGTCATGGTTAT-14-s4d8,GARQ,D11,4,40,35,8,0.38643748,B1 B
GTTCACCTCCGGCTAA-14-s4d8,GARQ,D11,4,40,35,16,0.055286765,CD14+ Mono
GCTCTGTTCTTGTCCA-14-s4d8,GARQ,D11,4,40,35,8,0.10795927,Naive CD20+ B
GATTGGCGTTAGCCAA-14-s4d8,GARQ,D11,4,40,35,7,0.046568155,CD4+ T activated
CCCTCATAGCCTGAGC-14-s4d8,GARQ,D11,4,40,35,8,0.062034667,Naive CD20+ B
CTCCGGACACTATGGC-14-s4d8,GARQ,D11,4,40,35,8,0.0047584176,B1 B
ACCAATATCTTCAATC-14-s4d8,GARQ,D11,4,40,35,0,0.1631136,Proerythroblast
TCCATAAAGTTGGGCC-14-s4d8,GARQ,D11,4,40,35,4,0.16056544,CD4+ T activated
TACGTTAAGTTATGGC-14-s4d8,GARQ,D11,4,40,35,4,0.005678594,CD8+ T
AGGATGTCACTCGCTC-14-s4d8,GARQ,D11,4,40,35,27,0.057160914,CD8+ T
CGTAATGGTTGGCCGA-14-s4d8,GARQ,D11,4,40,35,35,0.0050359964,CD8+ T
AATCAGGAGGTTACGT-14-s4d8,GARQ,D11,4,40,35,22,0.04810095,CD8+ T
TCCATTGTCATCCTCA-14-s4d8,GARQ,D11,4,40,35,4,0.11190903,CD8+ T
TAGTAGGAGCGCAATT-14-s4d8,GARQ,D11,4,40,35,27,0.026663959,CD8+ T
TGAGGGAGTGCTCACC-14-s4d8,GARQ,D11,4,40,35,22,0.2613322,CD4+ T activated
AGTATAGCACCATATG-14-s4d8,GARQ,D11,4,40,35,35,0.009737611,CD8+ T
GCCGTGAGTGCCGCAA-14-s4d8,GARQ,D11,4,40,35,8,0.057996154,Naive CD20+ B
TATGACTCATGGTTAT-14-s4d8,GARQ,D11,4,40,35,9,0.00660187,Transitional B
GCTGTGATCGTTTCGC-14-s4d8,GARQ,D11,4,40,35,35,0.047409892,CD8+ T
GAAAGCCAGCTGTACG-14-s4d8,GARQ,D11,4,40,35,22,0.10535294,CD8+ T
TATGAAGCAGTAGCCT-14-s4d8,GARQ,D11,4,40,35,35,0.10350838,NK
TCGACAAGTTCACCCA-14-s4d8,GARQ,D11,4,40,35,22,0.058449328,CD8+ T
AACTGTTCAAACTCAT-14-s4d8,GARQ,D11,4,40,35,27,0.1493541,CD8+ T
CTATGGCCATAGCGGA-14-s4d8,GARQ,D11,4,40,35,16,0.052600324,cDC2
TTAGCGGTCATAACGC-14-s4d8,GARQ,D11,4,40,35,4,0.056128144,Lymph prog
CCTTCAATCAAAGGCA-14-s4d8,GARQ,D11,4,40,35,4,0.022604883,CD4+ T activated
CTGGATGTCATTGTTC-14-s4d8,GARQ,D11,4,40,35,5,0.017307937,Naive CD20+ B
TTGGGCCAGGACACTT-14-s4d8,GARQ,D11,4,40,35,22,0.16757154,CD8+ T
TCGTTAAAGCCTGTGA-14-s4d8,GARQ,D11,4,40,35,23,0.11739963,G/M prog
CTTAAGGGTAAGTCGC-14-s4d8,GARQ,D11,4,40,35,27,0.020532489,CD8+ T
CAGGGCTTCTGTTCAT-14-s4d8,GARQ,D11,4,40,35,4,0.29560137,CD8+ T
CCAACCCGTCATAACG-14-s4d8,GARQ,D11,4,40,35,0,0.20097113,Proerythroblast
TCTATGTTCTGCAACG-14-s4d8,GARQ,D11,4,40,35,23,0.20606148,CD14+ Mono
ACCGAAGCAGGCGATA-14-s4d8,GARQ,D11,4,40,35,4,0.06465244,CD4+ T naive
TTCCTTGAGATTCCTT-14-s4d8,GARQ,D11,4,40,35,0,0.29668772,Proerythroblast
CTTGCTCAGCAGCTAT-14-s4d8,GARQ,D11,4,40,35,4,0.11807853,B1 B
ATTACTGAGAATGACG-14-s4d8,GARQ,D11,4,40,35,4,0.19890714,CD8+ T
TTGTGCCTCCTTAGGG-14-s4d8,GARQ,D11,4,40,35,27,0.10073611,B1 B
GTGCATTAGTGAGGTA-14-s4d8,GARQ,D11,4,40,35,22,0.19200581,CD8+ T
GCTGCATCATGACTAT-14-s4d8,GARQ,D11,4,40,35,21,0.02088362,cDC2
AGTTATGTCATCCTCA-14-s4d8,GARQ,D11,4,40,35,0,0.16864944,MK/E prog
TCACCGGCATTTAAGC-14-s4d8,GARQ,D11,4,40,35,16,0.034276664,CD14+ Mono
TTCATTCAGGGATGAC-14-s4d8,GARQ,D11,4,40,35,8,0.36790347,Naive CD20+ B
CTGGTTACACAGCCTG-14-s4d8,GARQ,D11,4,40,35,16,0.0686636,CD14+ Mono
ACGAACAAGGCTAGAA-14-s4d8,GARQ,D11,4,40,35,4,0.0873341,CD8+ T
TAGGCTTAGCGATAAG-14-s4d8,GARQ,D11,4,40,35,25,0.0032808185,cDC2
GGTTTGTAGCATGGTT-14-s4d8,GARQ,D11,4,40,35,4,0.11882371,CD8+ T
ATGTTTGAGGCTAAGA-14-s4d8,GARQ,D11,4,40,35,27,0.030448377,CD8+ T
GGGATTAAGCCTGGTA-14-s4d8,GARQ,D11,4,40,35,8,0.036353707,Lymph prog
AACTTAGTCTGCAACG-14-s4d8,GARQ,D11,4,40,35,4,0.16904312,CD8+ T
TCATTACTCTATCGCC-14-s4d8,GARQ,D11,4,40,35,38,0.11182535,CD8+ T
ACACGGACAGGCTAAG-14-s4d8,GARQ,D11,4,40,35,22,0.09612036,CD4+ T naive
TACGCACCACTTACAG-14-s4d8,GARQ,D11,4,40,35,22,0.0194152,CD4+ T activated
ACCAAACTCAGCACCA-14-s4d8,GARQ,D11,4,40,35,0,0.26246503,MK/E prog
TTGTGCGAGGTCGAGG-14-s4d8,GARQ,D11,4,40,35,16,0.008408487,CD14+ Mono
TGCTCCGTCATGCAAC-14-s4d8,GARQ,D11,4,40,35,22,0.026694238,CD8+ T
CTCTATGTCTGGCATG-14-s4d8,GARQ,D11,4,40,35,22,0.066215634,NK
CAATAGCTCGCAACAT-14-s4d8,GARQ,D11,4,40,35,22,0.08210719,CD8+ T
CGCACACAGGAGGACT-14-s4d8,GARQ,D11,4,40,35,22,0.06696421,CD8+ T
CAAGGCTGTCACGGAT-14-s4d8,GARQ,D11,4,40,35,4,0.14142632,CD8+ T
AGCTGCTCAAGGCCAA-14-s4d8,GARQ,D11,4,40,35,7,0.0030946732,CD8+ T
AACCTTAAGGCTGTCA-14-s4d8,GARQ,D11,4,40,35,27,0.02831781,CD8+ T
AACAAAGGTCACAAAT-14-s4d8,GARQ,D11,4,40,35,4,0.08042163,CD8+ T
GGCCTTCGTTTGGCTT-14-s4d8,GARQ,D11,4,40,35,27,0.009487569,CD8+ T
TCTCACCAGGGTTAGA-14-s4d8,GARQ,D11,4,40,35,4,0.08517903,CD14+ Mono
GTCGAGGAGCTGCACA-14-s4d8,GARQ,D11,4,40,35,16,0.0223881,CD16+ Mono
ACGAACAAGAACAAGT-14-s4d8,GARQ,D11,4,40,35,22,0.12980068,CD8+ T
TTAACTGAGTTATGGC-14-s4d8,GARQ,D11,4,40,35,11,0.03094387,NK
GCCTGACAGCCTGTTC-14-s4d8,GARQ,D11,4,40,35,0,0.07247648,cDC2
ATTGGTTCATCCATCT-14-s4d8,GARQ,D11,4,40,35,24,0.036920786,CD4+ T naive
AGAATCTGTTGGTTAG-14-s4d8,GARQ,D11,4,40,35,16,0.05699402,CD14+ Mono
TCGTTATTCATAGACC-14-s4d8,GARQ,D11,4,40,35,4,0.033798933,B1 B
ATTGAAGCAACTGGGA-14-s4d8,GARQ,D11,4,40,35,0,0.06718379,HSC
CGCATGATCATGAAGG-14-s4d8,GARQ,D11,4,40,35,4,0.15652615,CD8+ T
TATTTGGAGGTTAGAG-14-s4d8,GARQ,D11,4,40,35,35,0.11956382,CD8+ T
CGTAATGGTTCGGTAA-14-s4d8,GARQ,D11,4,40,35,27,0.12476626,NK
CGTGTTACACAAACTT-14-s4d8,GARQ,D11,4,40,35,22,0.023161113,CD8+ T
CGTCCTAGTTCGCTCA-14-s4d8,GARQ,D11,4,40,35,23,0.092642665,CD14+ Mono
TACGGTTAGCATGCAT-14-s4d8,GARQ,D11,4,40,35,27,0.0532943,NK
CCTAAGGTCCTCCTAA-14-s4d8,GARQ,D11,4,40,35,0,0.05165842,Proerythroblast
TCTCCTCGTGTTGTAG-14-s4d8,GARQ,D11,4,40,35,0,0.12945247,Erythroblast
TCTTCAAGTTGGTGAC-14-s4d8,GARQ,D11,4,40,35,8,0.16943556,Naive CD20+ B
ACAACATGTGAGGTGA-14-s4d8,GARQ,D11,4,40,35,8,0.09864962,Lymph prog
CTCGACAAGGCAAGTA-14-s4d8,GARQ,D11,4,40,35,0,0.17453837,Normoblast
CTCTTGATCTCACTAT-14-s4d8,GARQ,D11,4,40,35,4,0.4165368,CD8+ T
AAGGTATAGGTCCACA-14-s4d8,GARQ,D11,4,40,35,35,0.07297665,CD8+ T
TGGTTCCTCCTCCATA-14-s4d8,GARQ,D11,4,40,35,4,0.02475202,CD4+ T activated
GATAATCGTCAATACG-14-s4d8,GARQ,D11,4,40,35,8,0.15672183,Naive CD20+ B
AATGTCATCGTGCTTC-14-s4d8,GARQ,D11,4,40,35,22,0.10255551,CD8+ T
ATGACCAGTACCCACC-14-s4d8,GARQ,D11,4,40,35,35,0.11468062,B1 B
AACTACTCAGATTCAT-14-s4d8,GARQ,D11,4,40,35,9,0.02200225,cDC2
ATGTAACGTCCTTAGT-14-s4d8,GARQ,D11,4,40,35,14,0.022986919,cDC2
CTCATGACAGATTCAT-14-s4d8,GARQ,D11,4,40,35,0,0.29500073,HSC
TACCTGCTCCTCCCTC-14-s4d8,GARQ,D11,4,40,35,35,0.010399342,CD8+ T
GCAAACTTCCGTGACA-14-s4d8,GARQ,D11,4,40,35,4,0.17435086,CD8+ T
CATCCTCAGCAACATC-14-s4d8,GARQ,D11,4,40,35,8,0.31285,Naive CD20+ B
GGTCCTGCAAGCTACC-14-s4d8,GARQ,D11,4,40,35,22,0.20916402,CD4+ T activated
AGTTACTCACAACAAA-14-s4d8,GARQ,D11,4,40,35,0,0.55645114,Erythroblast
GTTTCCTCATATTGAC-14-s4d8,GARQ,D11,4,40,35,27,0.101183,CD8+ T
TTCCTTCTCATAACGC-14-s4d8,GARQ,D11,4,40,35,0,0.2916656,Proerythroblast
ACTTACTTCCTAAGGT-14-s4d8,GARQ,D11,4,40,35,4,0.15185595,CD8+ T
TGCACCTTCCTGAATA-14-s4d8,GARQ,D11,4,40,35,22,0.07117689,CD8+ T
TTAATCGAGACAAAGT-14-s4d8,GARQ,D11,4,40,35,35,0.102044284,CD8+ T
GAGTTGCGTTGCATCT-14-s4d8,GARQ,D11,4,40,35,25,0.061009645,MK/E prog
GACCTTTGTTGTTGCT-14-s4d8,GARQ,D11,4,40,35,35,0.017443836,CD8+ T
TTATGCGCAAGGCCAA-14-s4d8,GARQ,D11,4,40,35,8,0.00566417,Transitional B
GCTCACAAGGTTACGT-14-s4d8,GARQ,D11,4,40,35,20,0.015596926,CD8+ T
CCAACCAAGGGTGAAC-14-s4d8,GARQ,D11,4,40,35,22,0.12698537,CD4+ T activated
CAAGTTATCGTGCTAG-14-s4d8,GARQ,D11,4,40,35,8,0.1493904,Naive CD20+ B
GGTGATTTCCTAATAG-14-s4d8,GARQ,D11,4,40,35,35,0.10183811,CD8+ T
GGTCGGTTCACTTTAC-14-s4d8,GARQ,D11,4,40,35,9,0.007576227,Lymph prog
ATTCATGAGGTCTTGG-14-s4d8,GARQ,D11,4,40,35,22,0.14797506,CD8+ T
AGCTATATCCCTGTTA-14-s4d8,GARQ,D11,4,40,35,22,0.14518487,CD8+ T
CGTATTGCACACCAAC-14-s4d8,GARQ,D11,4,40,35,0,0.25488257,Proerythroblast
CTTTGTCCAAACATAG-14-s4d8,GARQ,D11,4,40,35,8,0.06201935,B1 B
TGCGCGAGTATTCGCT-14-s4d8,GARQ,D11,4,40,35,7,0.090447485,CD8+ T
CTGTATTTCATTTGTC-14-s4d8,GARQ,D11,4,40,35,0,0.20081878,Normoblast
TAGCCTGAGGCAGGTG-14-s4d8,GARQ,D11,4,40,35,22,0.0250175,CD4+ T naive
CTTAAGGGTCGACTCC-14-s4d8,GARQ,D11,4,40,35,23,0.09761512,CD14+ Mono
TTGTTCCCACATAACT-14-s4d8,GARQ,D11,4,40,35,8,0.05143094,Naive CD20+ B
TCAAGGTTCGGCCAGT-14-s4d8,GARQ,D11,4,40,35,16,0.026291728,CD14+ Mono
ATGAAGTAGTCAATTG-14-s4d8,GARQ,D11,4,40,35,35,0.048463583,CD8+ T
CACCGGTAGGAACCGG-14-s4d8,GARQ,D11,4,40,35,2,0.01134938,CD4+ T activated
TGTGTGAGTTAGTACG-14-s4d8,GARQ,D11,4,40,35,8,0.0808332,Transitional B
GCTGGTTCATGTCGCG-14-s4d8,GARQ,D11,4,40,35,4,0.08941746,CD8+ T
TTCCCACAGGAACCAA-14-s4d8,GARQ,D11,4,40,35,35,0.011723578,CD8+ T
CTTAGGAGTTGGTTCT-14-s4d8,GARQ,D11,4,40,35,7,0.02884671,CD8+ T
TCGTCAACAGTCTATG-14-s4d8,GARQ,D11,4,40,35,23,0.029643655,CD16+ Mono
TGTAAAGCAGGTATTT-14-s4d8,GARQ,D11,4,40,35,8,0.18281281,Transitional B
GCAATCTAGTAACCCG-14-s4d8,GARQ,D11,4,40,35,35,0.13449389,NK
GCTAAGAAGGTCCACA-14-s4d8,GARQ,D11,4,40,35,14,0.049283892,cDC2
GGCCTCTGTTACGCGG-14-s4d8,GARQ,D11,4,40,35,22,0.33733377,CD8+ T
ACGTCCAAGGGACCTC-14-s4d8,GARQ,D11,4,40,35,7,0.030948222,CD8+ T
GTTAAGTGTGAGGTAG-14-s4d8,GARQ,D11,4,40,35,4,0.19728917,CD8+ T
TCCAGGTCAATAGTCT-14-s4d8,GARQ,D11,4,40,35,7,0.10330492,CD8+ T
CAAACAACACTTCACT-14-s4d8,GARQ,D11,4,40,35,16,0.016457438,cDC2
CGAATATGTAACTACG-14-s4d8,GARQ,D11,4,40,35,22,0.11246568,CD8+ T
AGCTACGTCCTAAGTA-14-s4d8,GARQ,D11,4,40,35,22,0.001761198,CD8+ T
GACTCACCATTGCGAC-14-s4d8,GARQ,D11,4,40,35,11,0.03598842,NK
GGCTTCAAGTCACGAT-14-s4d8,GARQ,D11,4,40,35,5,0.015339613,CD8+ T
TTACGTTTCCCTGACT-14-s4d8,GARQ,D11,4,40,35,16,0.04588777,B1 B
CCAGGATGTCATTGAG-14-s4d8,GARQ,D11,4,40,35,22,0.42260277,CD8+ T
CTGGACCAGTTAGTGC-14-s4d8,GARQ,D11,4,40,35,8,0.12767363,Transitional B
GTGCTTACACAACCTA-14-s4d8,GARQ,D11,4,40,35,35,0.0035705566,Naive CD20+ B
CATTCATTCGTTTCCA-14-s4d8,GARQ,D11,4,40,35,5,0.048411608,Naive CD20+ B
TGCTTGTGTATACTGG-14-s4d8,GARQ,D11,4,40,35,22,0.17943352,CD8+ T
TGTGGCCAGCAAACCT-14-s4d8,GARQ,D11,4,40,35,27,0.18882257,CD8+ T
CCTTCAGGTACAAAGA-14-s4d8,GARQ,D11,4,40,35,35,0.07354081,CD8+ T
TCCGGTAAGTAGCCAT-14-s4d8,GARQ,D11,4,40,35,27,0.06477636,CD8+ T
GGAACTAAGGAGCATA-14-s4d8,GARQ,D11,4,40,35,35,0.119276226,CD8+ T
GACCTAAGTTCAAGCA-14-s4d8,GARQ,D11,4,40,35,0,0.3295852,MK/E prog
TTCGCAACATTAAGTC-14-s4d8,GARQ,D11,4,40,35,4,0.14371264,CD8+ T
AGTTGCAGTTATCCGT-14-s4d8,GARQ,D11,4,40,35,8,0.09102392,Transitional B
GTGCGCAGTTAAGCCA-14-s4d8,GARQ,D11,4,40,35,0,0.4353596,Erythroblast
CGACCTGCAGCAAGTG-14-s4d8,GARQ,D11,4,40,35,35,0.01391238,CD4+ T activated
ATTATCCTCCAGGTTG-14-s4d8,GARQ,D11,4,40,35,8,0.1433351,Transitional B
GTGGTTAGTAATGACT-14-s4d8,GARQ,D11,4,40,35,7,0.019246697,NK
ATTACTGAGCCTGTTC-14-s4d8,GARQ,D11,4,40,35,4,0.27675533,CD4+ T activated
CCCTGTTAGTTTAACG-14-s4d8,GARQ,D11,4,40,35,4,0.047581792,CD4+ T activated
TCTTTGTAGCTATGAC-14-s4d8,GARQ,D11,4,40,35,35,0.0029586554,CD8+ T
AACATAGCACAACAAA-14-s4d8,GARQ,D11,4,40,35,4,0.08824581,CD4+ T activated
CCTTTAGTCAGTGAAG-14-s4d8,GARQ,D11,4,40,35,4,0.16682214,Proerythroblast
CGGATTAGTTTGCGCC-14-s4d8,GARQ,D11,4,40,35,22,0.14174718,CD4+ T naive
GGTGAGCCACGGTACT-14-s4d8,GARQ,D11,4,40,35,0,0.38185394,MK/E prog
CATTATGAGTTACCGG-14-s4d8,GARQ,D11,4,40,35,27,0.0030635,CD4+ T activated
ATCAATCCAGAGAGCC-14-s4d8,GARQ,D11,4,40,35,35,0.06611526,CD8+ T
CTCATCATCAATACGC-14-s4d8,GARQ,D11,4,40,35,7,0.0064600706,NK
TCATTGTTCGTTATCT-14-s4d8,GARQ,D11,4,40,35,8,0.08904141,Transitional B
TCCTGGTTCATAAGCC-14-s4d8,GARQ,D11,4,40,35,22,0.14963633,CD4+ T naive
CAATGACTCATTTAGG-14-s4d8,GARQ,D11,4,40,35,0,0.40193444,Proerythroblast
TCCCTGGTCCAAATCA-14-s4d8,GARQ,D11,4,40,35,4,0.22932196,B1 B
GGTTTCCTCCTCAGTC-14-s4d8,GARQ,D11,4,40,35,18,0.035209298,B1 B
AGGAACCAGTTTCCGC-14-s4d8,GARQ,D11,4,40,35,8,0.19368088,Naive CD20+ B
TTAGCTGCAGACAAAC-14-s4d8,GARQ,D11,4,40,35,4,0.027192473,NK
TTAACTGAGTTAGTTG-14-s4d8,GARQ,D11,4,40,35,27,0.14751804,CD8+ T
TCCGGAATCAACCAAC-14-s4d8,GARQ,D11,4,40,35,22,0.071543515,NK
TGCATTAAGCATGGTT-14-s4d8,GARQ,D11,4,40,35,23,0.007788062,CD14+ Mono
TTACACCGTTTGCTGT-14-s4d8,GARQ,D11,4,40,35,13,0.011969924,CD8+ T
TACAAGCTCCTTGAGG-14-s4d8,GARQ,D11,4,40,35,0,0.31846368,Proerythroblast
GGTTGCTCATCCTGAA-14-s4d8,GARQ,D11,4,40,35,0,0.14752501,Proerythroblast
ACTCACCTCTTGACCC-14-s4d8,GARQ,D11,4,40,35,4,0.28634584,CD8+ T
ACCAAACTCCCGAAGC-14-s4d8,GARQ,D11,4,40,35,15,0.017246068,CD4+ T activated
GATAAGCCATAGTCAT-14-s4d8,GARQ,D11,4,40,35,0,0.16162074,Normoblast
AGCCAGTGTCCTTAGT-14-s4d8,GARQ,D11,4,40,35,0,0.13214195,Proerythroblast
ATGACTCAGAGGATAT-14-s4d8,GARQ,D11,4,40,35,0,0.40757775,Erythroblast
GTATCGCCACTAGGTC-14-s4d8,GARQ,D11,4,40,35,0,0.16195554,MK/E prog
ACCATAATCTAAGTCA-14-s4d8,GARQ,D11,4,40,35,4,0.41071367,CD8+ T
TAGCTAGGTTAGGTTG-14-s4d8,GARQ,D11,4,40,35,35,0.046975613,CD8+ T
AAACGCGCAAGTCGCT-14-s4d8,GARQ,D11,4,40,35,22,0.18126929,Plasma cell
GGCCTCTGTGTCACGG-14-s4d8,GARQ,D11,4,40,35,4,0.34013337,CD8+ T
CAGGCTATCGTTCACC-14-s4d8,GARQ,D11,4,40,35,22,0.009946525,CD4+ T activated
CATTGTGCACCCTCAC-14-s4d8,GARQ,D11,4,40,35,6,0.013085425,Transitional B
GTGCCTTTCCAGGTTG-14-s4d8,GARQ,D11,4,40,35,22,0.20151469,CD8+ T
GCACTTACAGGACCAA-14-s4d8,GARQ,D11,4,40,35,22,0.030572593,CD4+ T naive
GCAGCAACACCGGTAT-14-s4d8,GARQ,D11,4,40,35,35,0.096657515,CD8+ T
GGTGAGTAGCTCATAA-14-s4d8,GARQ,D11,4,40,35,8,0.030016243,Naive CD20+ B
GAGCGGTCACAATACT-14-s4d8,GARQ,D11,4,40,35,8,0.055555224,Naive CD20+ B
AAAGCAAGTGTCCTGC-14-s4d8,GARQ,D11,4,40,35,0,0.31071576,Proerythroblast
AATTGTGTCATCCTGC-14-s4d8,GARQ,D11,4,40,35,22,0.07136649,CD8+ T
GAGTAACCAATAATGG-14-s4d8,GARQ,D11,4,40,35,4,0.25303113,CD8+ T
CCCAGTTTCCCTGGTT-14-s4d8,GARQ,D11,4,40,35,2,0.049949944,NK
ATATGTCCAGCCGCTA-14-s4d8,GARQ,D11,4,40,35,4,0.46588933,CD8+ T
AACAGGATCCTGGCTT-14-s4d8,GARQ,D11,4,40,35,22,0.076423824,CD8+ T
GTCGAGGAGGGACGCA-14-s4d8,GARQ,D11,4,40,35,27,0.08849919,CD8+ T
ACAGGTAAGGCGAAAC-14-s4d8,GARQ,D11,4,40,35,4,0.19282591,CD8+ T
ACTGAAACAGTTAGCC-14-s4d8,GARQ,D11,4,40,35,27,0.20977312,CD8+ T
ACTTAGGGTTAGGATT-14-s4d8,GARQ,D11,4,40,35,4,0.0433861,Transitional B
GAGGCAAGTCCGTAGG-14-s4d8,GARQ,D11,4,40,35,0,0.08890432,Proerythroblast
GCTATAGGTATTCGTC-14-s4d8,GARQ,D11,4,40,35,4,0.18019968,CD8+ T
CGGGCTTAGTACTGGT-14-s4d8,GARQ,D11,4,40,35,14,0.0010228753,Lymph prog
ACACAATGTAAGCTCA-14-s4d8,GARQ,D11,4,40,35,8,0.20295942,Naive CD20+ B
CAGGACACAGAACCGA-14-s4d8,GARQ,D11,4,40,35,22,0.14582163,CD8+ T
GCTAAGAAGCAACATC-14-s4d8,GARQ,D11,4,40,35,0,0.11972016,MK/E prog
AGGTTTATCTGGTCCT-14-s4d8,GARQ,D11,4,40,35,0,0.25735778,Proerythroblast
TGGACCGGTTCTTTAG-14-s4d8,GARQ,D11,4,40,35,4,0.033783317,CD8+ T
GCTCGATCATTATGGT-14-s4d8,GARQ,D11,4,40,35,22,0.06253001,Naive CD20+ B
CTCCGTCCATACCCGG-14-s4d8,GARQ,D11,4,40,35,4,0.53724456,CD8+ T
GCCAACATCATTTGCT-14-s4d8,GARQ,D11,4,40,35,4,0.1296838,CD4+ T activated
TTTACGAAGTAAGTCC-14-s4d8,GARQ,D11,4,40,35,35,0.062170267,CD4+ T naive
TCCATAAAGACCATAC-14-s4d8,GARQ,D11,4,40,35,7,0.08920246,NK
CTATTGAAGGCCGGAA-14-s4d8,GARQ,D11,4,40,35,22,0.034799993,B1 B
TCAAGACTCAGCACCA-14-s4d8,GARQ,D11,4,40,35,27,0.1565333,CD8+ T
TTAGTCAAGTTTGAGC-14-s4d8,GARQ,D11,4,40,35,22,0.019635499,CD8+ T
GCTCCTTAGGGATGAC-14-s4d8,GARQ,D11,4,40,35,4,0.28290522,CD8+ T
TGGTTGAGTTCAAGCA-14-s4d8,GARQ,D11,4,40,35,15,0.09426427,Naive CD20+ B
TACTTCGTCAAGCCTG-14-s4d8,GARQ,D11,4,40,35,0,0.31801504,MK/E prog
AGAACCGCACGTGCTG-14-s4d8,GARQ,D11,4,40,35,22,0.12165624,CD4+ T activated
GCACGAACAGCACCAT-14-s4d8,GARQ,D11,4,40,35,9,0.108272314,Lymph prog
CTTGGACCATCCTAGA-14-s4d8,GARQ,D11,4,40,35,35,0.17892551,CD8+ T
TAATCACCACTTAACG-14-s4d8,GARQ,D11,4,40,35,22,0.010148287,CD8+ T
TCGTTAAAGAGCCGGA-14-s4d8,GARQ,D11,4,40,35,0,0.28474605,MK/E prog
TCATTGTTCAAGTGAG-14-s4d8,GARQ,D11,4,40,35,35,0.0070101023,CD8+ T
AGAGGAACATGAAATG-14-s4d8,GARQ,D11,4,40,35,4,0.065615356,CD8+ T
CCAGGAACACACAATT-14-s4d8,GARQ,D11,4,40,35,27,0.12085056,CD8+ T
GGGCATTGTTCACCAT-14-s4d8,GARQ,D11,4,40,35,22,0.09970912,CD8+ T
TTCCCACAGGCCATCA-14-s4d8,GARQ,D11,4,40,35,22,0.015366495,CD4+ T naive
CAGATTCAGGACCTCA-14-s4d8,GARQ,D11,4,40,35,22,0.029924512,CD8+ T
AATGCATGTCACAAAT-14-s4d8,GARQ,D11,4,40,35,27,0.0973438,CD8+ T
ACTTAGGGTCCTCCAA-14-s4d8,GARQ,D11,4,40,35,35,0.027481616,CD8+ T
TGGTTAATCAATCATG-14-s4d8,GARQ,D11,4,40,35,27,0.061860383,CD8+ T
GAGGACTAGCTGGCTA-14-s4d8,GARQ,D11,4,40,35,4,0.12286514,CD8+ T
CCGTTTGGTGTCCAGG-14-s4d8,GARQ,D11,4,40,35,16,0.0071187317,CD14+ Mono
ATTGCGCCACAGGGAC-14-s4d8,GARQ,D11,4,40,35,4,0.04059559,CD8+ T
ACTAAAGCATTTAAGC-14-s4d8,GARQ,D11,4,40,35,22,0.03833443,CD8+ T
TGACTTCGTGTGAGAG-14-s4d8,GARQ,D11,4,40,35,4,0.28174222,CD4+ T activated
GCATCCTTCCGTGACA-14-s4d8,GARQ,D11,4,40,35,4,0.07901943,CD4+ T naive
TGCTGGATCTCATCAT-14-s4d8,GARQ,D11,4,40,35,34,0.095932245,HSC
TTTAAGGTCTAAGTGC-14-s4d8,GARQ,D11,4,40,35,8,0.026917994,Lymph prog
GGTTATATCACTTTAC-14-s4d8,GARQ,D11,4,40,35,0,0.14542097,Normoblast
CAAGTGAAGCAAGGTA-14-s4d8,GARQ,D11,4,40,35,8,0.103134036,Naive CD20+ B
CAATCTAAGGCATGAA-14-s4d8,GARQ,D11,4,40,35,4,0.12454623,CD8+ T
TAAGGACCACACAATT-14-s4d8,GARQ,D11,4,40,35,16,0.09429902,CD14+ Mono
TTGACTAAGATGCCTG-14-s4d8,GARQ,D11,4,40,35,7,0.35173184,NK
CCGGTAGGTTGTTGCT-14-s4d8,GARQ,D11,4,40,35,0,0.20414293,Proerythroblast
CCGGTTAAGCTAGAAG-14-s4d8,GARQ,D11,4,40,35,22,0.046583652,CD8+ T
ATCTTTGGTATTGCAG-14-s4d8,GARQ,D11,4,40,35,8,0.11479622,Transitional B
GTACTAATCCTAGTAA-14-s4d8,GARQ,D11,4,40,35,22,0.011155367,CD8+ T
TCCAGGTCAGCAAGAT-14-s4d8,GARQ,D11,4,40,35,18,0.15937608,Lymph prog
CCTCAATGTAGCCATA-14-s4d8,GARQ,D11,4,40,35,4,0.06169486,CD8+ T
GATTTGCAGTAATCCA-14-s4d8,GARQ,D11,4,40,35,27,0.010415137,CD8+ T
GCAATATGTGGGTGAA-14-s4d8,GARQ,D11,4,40,35,8,0.119410485,Transitional B
GGTGCTGGTTTCGCGC-14-s4d8,GARQ,D11,4,40,35,11,0.12508732,CD14+ Mono
TGCTAGCCAGCTCATA-14-s4d8,GARQ,D11,4,40,35,22,0.19465017,CD4+ T naive
GATTCAATCGATTTAG-14-s4d8,GARQ,D11,4,40,35,4,0.072283804,CD8+ T
AAGGTCAAGCATGGTT-14-s4d8,GARQ,D11,4,40,35,8,0.052390516,Transitional B
TTCCTTCTCTTAGCCC-14-s4d8,GARQ,D11,4,40,35,27,0.018379092,CD8+ T
GATCAAGAGGTTAGAG-14-s4d8,GARQ,D11,4,40,35,22,0.12823993,CD8+ T
CTAAGTCAGGGCTAAA-14-s4d8,GARQ,D11,4,40,35,16,0.015758514,CD16+ Mono
GTCTAATCAAGTAAGC-14-s4d8,GARQ,D11,4,40,35,0,0.022065997,Proerythroblast
ACGCCACAGAACCTGT-14-s4d8,GARQ,D11,4,40,35,7,0.21079403,CD8+ T
CTTACCGGTAGACAAA-14-s4d8,GARQ,D11,4,40,35,38,0.061053246,NK
ATCCTCATCGATATTG-14-s4d8,GARQ,D11,4,40,35,0,0.12940013,Proerythroblast
TGCGGTTCAGCTTACA-14-s4d8,GARQ,D11,4,40,35,0,0.030337334,Normoblast
CGAATATGTTTGCGCC-14-s4d8,GARQ,D11,4,40,35,8,0.120765984,Naive CD20+ B
GAGGTAGGTGAAGCCT-14-s4d8,GARQ,D11,4,40,35,27,0.024867356,CD4+ T activated
ATTATGGTCGTTATAG-14-s4d8,GARQ,D11,4,40,35,22,0.022390962,CD4+ T activated
CATCCTCAGAGGAAGG-14-s4d8,GARQ,D11,4,40,35,22,0.04071766,CD8+ T
TATCCGGAGGCTGTCA-14-s4d8,GARQ,D11,4,40,35,0,0.37943947,Proerythroblast
GGCATTGTCTTAGGGT-14-s4d8,GARQ,D11,4,40,35,7,0.21735299,CD8+ T
GAGCCTTCAGCATTAT-14-s4d8,GARQ,D11,4,40,35,27,0.10042131,CD8+ T
GTTCATTTCGCTCCAT-14-s4d8,GARQ,D11,4,40,35,13,0.013714969,CD4+ T naive
AAACGTACATCAGCAC-14-s4d8,GARQ,D11,4,40,35,7,0.2901941,CD8+ T
GCTTACCTCAGCCAAT-14-s4d8,GARQ,D11,4,40,35,8,0.1835661,Naive CD20+ B
TTGTCCCAGGGTCTAT-14-s4d8,GARQ,D11,4,40,35,22,0.07907367,Naive CD20+ B
GAAGCCTGTTTGGGTA-14-s4d8,GARQ,D11,4,40,35,22,0.06981641,CD4+ T activated
