cell_id,method,dataset,seed,requested_K,realized_K,metacell_id,delta_confidence,cell_type
CTCATCATCAGCCAAT-6,GARQ,D18,3,40,39,5,0.025253892,T.CD8.Effector
GTTCACCTCTACCTGC-6,GARQ,D18,3,40,39,17,0.059950233,B.Naive
TTGGCTACAGTTTACG-6,GARQ,D18,3,40,39,30,0.09892881,Mono.CD14
GTACAATGTTAGTGAT-6,GARQ,D18,3,40,39,17,0.056202054,B.Naive
GTGCTTCTCCCTCTAA-6,GARQ,D18,3,40,39,7,0.036860168,T.CD4.Memory
GGGTATTTCCTCAGCT-6,GARQ,D18,3,40,39,32,0.057421207,T.CD4.Memory
TGAGCACGTCAAAGGG-6,GARQ,D18,3,40,39,17,0.09967077,B.Naive
GTAGGAGGTTAGCAGC-6,GARQ,D18,3,40,39,30,0.023529291,Mono.CD14
GCGATTAGTAGCTAGC-6,GARQ,D18,3,40,39,30,0.08961463,Mono.CD14
TTAGGAACAGTAAAGC-6,GARQ,D18,3,40,39,22,0.038613796,Mono.CD14
CACAAGCGTTCGCGCT-6,GARQ,D18,3,40,39,7,0.055294156,T.CD4.Naive
GGTCCTGCACGTTACA-6,GARQ,D18,3,40,39,30,0.053151965,Mono.CD14
AAGCTTGGTTAACAGT-6,GARQ,D18,3,40,39,36,0.005302191,B.Naive
TGTTCCTCAGGTTCAC-6,GARQ,D18,3,40,39,30,0.058909535,Mono.CD14
CGCTTACTCCCTCACG-6,GARQ,D18,3,40,39,22,0.0029979944,Mono.CD14
TAGGCTGTCCAGGGAG-6,GARQ,D18,3,40,39,30,0.04325652,Mono.CD16
GTTTCTAGTATTTGGG-6,GARQ,D18,3,40,39,39,0.16755515,T.CD4.Naive
CTCTATGTCGGGACCT-6,GARQ,D18,3,40,39,17,0.07200658,B.Naive
GGTGATTTCGGGCCAT-6,GARQ,D18,3,40,39,30,0.06861496,Mono.CD14
CATTCCTCACTCAACA-6,GARQ,D18,3,40,39,17,0.13442373,B.Naive
CAACCCTTCCGGTATG-6,GARQ,D18,3,40,39,32,0.017919779,T.CD8.Effector
ATGCCTGAGTAGCTTA-6,GARQ,D18,3,40,39,17,0.022183776,B.Naive
AATCTCAAGGGACGCA-6,GARQ,D18,3,40,39,39,0.056540728,T.CD8.Naive
CGATTTGCAGTTTGGC-6,GARQ,D18,3,40,39,30,0.04659176,Mono.CD14
TCCTTAGTCGTGCTTC-6,GARQ,D18,3,40,39,36,9.095669e-05,B.Naive
GGTACCGGTTTGCTGT-6,GARQ,D18,3,40,39,35,0.0400455,T.CD4.Memory
TCGTTATTCCCTCAAC-6,GARQ,D18,3,40,39,30,0.06850922,Mono.CD14
CGCTAATAGTGAACGA-6,GARQ,D18,3,40,39,17,0.20641708,B.Naive
ACTTGCACAAATATCC-6,GARQ,D18,3,40,39,30,0.077558994,Mono.CD14
ACGCTTGAGTTAGACC-6,GARQ,D18,3,40,39,22,0.011339068,Mono.CD14
ATCAAGCTCGGTACGC-6,GARQ,D18,3,40,39,30,0.08708787,Mono.CD14
TACTTGTTCCGTCCAT-6,GARQ,D18,3,40,39,30,0.04092467,Mono.CD14
TGGCTTTGTTGGCGTG-6,GARQ,D18,3,40,39,10,0.030265093,T.CD4.Memory
GTTAACCAGGGTGAAC-6,GARQ,D18,3,40,39,30,0.056951284,Mono.CD14
GAAACTGAGAGGAGGA-6,GARQ,D18,3,40,39,30,0.02244842,Mono.CD14
GATGCTTAGCACGATT-6,GARQ,D18,3,40,39,37,0.027563453,T.CD8.Effector
TGGGCCTAGGGCTAAA-6,GARQ,D18,3,40,39,17,0.161919,B.Naive
AATGTCATCCTAAGTA-6,GARQ,D18,3,40,39,30,0.10878992,Mono.CD14
CGTAGTTAGTGTTGTA-6,GARQ,D18,3,40,39,17,0.08879244,B.Naive
CGGCCATAGCATTATG-6,GARQ,D18,3,40,39,17,0.08479762,B.Naive
GTCCTCCCAAACTAAG-6,GARQ,D18,3,40,39,17,0.030641913,B.Naive
ACAGGTAAGCTCCCTG-6,GARQ,D18,3,40,39,37,0.012361765,T.CD4.Memory
ATGGCTGTCAGCCAAT-6,GARQ,D18,3,40,39,17,0.019021392,B.Naive
ATCGAGGCATTCAGCA-6,GARQ,D18,3,40,39,30,0.07308388,Mono.CD14
CCGCTAAAGGGACGCA-6,GARQ,D18,3,40,39,30,0.07060957,Mono.CD14
GTTTGTTTCATGTGGT-6,GARQ,D18,3,40,39,30,0.060159087,Mono.CD14
ACCCGTAAGGCTACTG-6,GARQ,D18,3,40,39,22,0.00262928,Mono.CD14
TTGCATTTCAGCCAAT-6,GARQ,D18,3,40,39,22,0.002282381,Mono.CD16
ACTTATGAGCCGCAAC-6,GARQ,D18,3,40,39,30,0.096161485,Mono.CD14
CCATTGTGTTCTTTAG-6,GARQ,D18,3,40,39,30,0.11011243,Mono.CD14
GCTAGCCAGGGTTATC-6,GARQ,D18,3,40,39,30,0.1563685,Mono.CD14
AGCACAGCATGAATCT-6,GARQ,D18,3,40,39,30,0.044192195,Mono.CD14
GGCATTGTCGAAGTAG-6,GARQ,D18,3,40,39,30,0.1494345,T.CD4.Memory
TTGCCCGTCCTCCATA-6,GARQ,D18,3,40,39,30,0.14927709,Mono.CD14
GTGCTCCGTGAGGTGA-6,GARQ,D18,3,40,39,30,0.051946044,Mono.CD14
CTTACCTCACCTGTAA-6,GARQ,D18,3,40,39,16,0.008162022,T.CD4.Memory
GCATGAAAGCCAGTAT-6,GARQ,D18,3,40,39,10,0.0071664453,T.CD4.Memory
TGTTCATTCTCACACC-6,GARQ,D18,3,40,39,17,0.07670593,B.Naive
GTCCATTGTAGCAGCT-6,GARQ,D18,3,40,39,17,0.045927048,B.Naive
GATGGCTGTCAGGAAG-6,GARQ,D18,3,40,39,30,0.09092319,Mono.CD14
AACAGCAAGAGAAGGG-6,GARQ,D18,3,40,39,17,0.034378767,B.Naive
GGTTAGCGTCTTACTA-6,GARQ,D18,3,40,39,22,0.014880896,Mono.CD14
TGTAAGCTCTAAGTGC-6,GARQ,D18,3,40,39,17,0.17178738,B.Naive
ACGCAAGCAGCATGAG-6,GARQ,D18,3,40,39,7,0.042473555,T.CD8.Naive
GTTGCGGGTAACCTAG-6,GARQ,D18,3,40,39,17,0.07321954,B.Naive
GCCTGAGGTGTTGTGA-6,GARQ,D18,3,40,39,17,0.056752086,B.Naive
TGGACAAAGGAACCGG-6,GARQ,D18,3,40,39,30,0.08197999,Mono.CD14
GATTCAATCATGCAAC-6,GARQ,D18,3,40,39,17,0.14578843,B.Naive
AATGGCGCACTTCACT-6,GARQ,D18,3,40,39,30,0.1406672,Mono.CD14
AGCGGACCATTGTGAT-6,GARQ,D18,3,40,39,17,0.023522973,B.Naive
CGAAGCGAGGGATGAC-6,GARQ,D18,3,40,39,32,0.17904961,T.CD8.Effector
GACCGAACAGGGAGCT-6,GARQ,D18,3,40,39,17,0.24165821,B.Naive
CTTTATGGTTAGCGTA-6,GARQ,D18,3,40,39,33,0.029367566,T.CD4.Memory
ACGCTTGAGAAAGCAT-6,GARQ,D18,3,40,39,19,0.009793282,T.CD4.Naive
CTAACCCTCCACCCTG-6,GARQ,D18,3,40,39,30,0.024059892,Mono.CD14
GCCAATTAGCTAAGTC-6,GARQ,D18,3,40,39,30,0.06815386,Mono.CD14
GACTTAGGTAGTTAAC-6,GARQ,D18,3,40,39,22,0.024463475,Mono.CD14
GGAAGTATCACGCCAA-6,GARQ,D18,3,40,39,17,0.03620565,B.Naive
CAAGCTAGTTAAGGTT-6,GARQ,D18,3,40,39,16,0.077417016,T.CD4.Memory
AGTGCACGTTAGCAGC-6,GARQ,D18,3,40,39,30,0.090275764,Mono.CD14
AGCCTAAGTTAGAGGG-6,GARQ,D18,3,40,39,30,0.11557102,Mono.CD14
AGCAATTGTCCGTAGG-6,GARQ,D18,3,40,39,30,0.13083577,Mono.CD14
GTGCGGTTCTTGCATT-6,GARQ,D18,3,40,39,30,0.024013758,Mono.CD14
CCTACTTCATGAATCT-6,GARQ,D18,3,40,39,17,0.1348033,B.Naive
ACCGAAGCAGGAACTG-6,GARQ,D18,3,40,39,17,0.13249874,B.Naive
CGCCTCATCGCGACAC-6,GARQ,D18,3,40,39,17,0.08220351,B.Naive
CTATGACAGTCACTAA-6,GARQ,D18,3,40,39,30,0.14977384,Mono.CD14
GTAGCTGTCTACCTAT-6,GARQ,D18,3,40,39,17,0.21140957,B.Naive
CAAGGGAGTGTTGTGA-6,GARQ,D18,3,40,39,22,0.06188619,Platelets
GGTACTTAGCTGTCAG-6,GARQ,D18,3,40,39,30,0.02139926,Mono.CD14
AGTAAGTAGTATCGCG-6,GARQ,D18,3,40,39,30,0.047621608,Mono.CD14
TATCCAGCAAGGTCGA-6,GARQ,D18,3,40,39,17,0.0552392,B.Naive
TGCTTGTGTGATCATG-6,GARQ,D18,3,40,39,22,0.037372112,Mono.CD14
CGAATATGTAACAGGG-6,GARQ,D18,3,40,39,22,0.027579188,Mono.CD14
GCAACAGCATGTCAGC-6,GARQ,D18,3,40,39,10,0.1560843,T.CD8.Effector
GCGGAACCAAGGTAAC-6,GARQ,D18,3,40,39,17,0.07501674,B.Naive
GTTAATGTCAATTACG-6,GARQ,D18,3,40,39,17,0.09445834,B.Naive
TCCTTGCAGGGCCACT-6,GARQ,D18,3,40,39,17,0.18265724,B.Naive
ACGTTGTAGGCGCATC-6,GARQ,D18,3,40,39,26,0.009425998,T.CD4.Memory
GAAGGCTAGTTACCGG-6,GARQ,D18,3,40,39,36,0.004983783,B.Naive
GTCGAAGCAAAGCGGC-6,GARQ,D18,3,40,39,30,0.12742352,Mono.CD14
GGTACTTAGGGTTAGA-6,GARQ,D18,3,40,39,17,0.103040695,B.Naive
TCAAGGTTCTCACATT-6,GARQ,D18,3,40,39,32,0.22071314,T.CD8.Effector
ACTTACTTCCAGCACA-6,GARQ,D18,3,40,39,39,0.13242543,T.CD8.Effector
AGGTTAGAGAGGAGTC-6,GARQ,D18,3,40,39,32,0.16587794,T.CD8.Effector
TAGCGGCTCAACAAGG-6,GARQ,D18,3,40,39,29,0.06865877,NK
CGTTAGTAGTTATCTC-6,GARQ,D18,3,40,39,17,0.013692141,B.Naive
GTTTGTCGTGCACGCA-6,GARQ,D18,3,40,39,17,0.044873238,B.Naive
AGCACTTAGTTGGGCC-6,GARQ,D18,3,40,39,36,0.02170813,B.Naive
CTGTAACAGGGCTAAA-6,GARQ,D18,3,40,39,22,0.017831802,Mono.CD14
TGGCGGTTCTTGGACG-6,GARQ,D18,3,40,39,17,0.18811226,B.Naive
GCTCTGTTCAAACTCA-6,GARQ,D18,3,40,39,5,0.056807935,T.CD4.Memory
CAAACCGTCTAGCGAT-6,GARQ,D18,3,40,39,30,0.060195446,Mono.CD14
GCAGCCAGTACGCGCA-6,GARQ,D18,3,40,39,22,0.06702709,Mono.CD16
GCATTAGGTGCTGGTG-6,GARQ,D18,3,40,39,16,0.05822432,T.CD4.Memory
CGGATAAAGTCTCACC-6,GARQ,D18,3,40,39,39,0.024505854,T.CD8.Naive
TGATCAATCTTGTCTG-6,GARQ,D18,3,40,39,36,0.04173398,B.Naive
ATCGCTTGTTTCGCGC-6,GARQ,D18,3,40,39,30,0.13350534,Mono.CD14
AGCACTAGTTGTTGTC-6,GARQ,D18,3,40,39,17,0.007445812,B.Naive
CTGGTTACATGCATAT-6,GARQ,D18,3,40,39,17,0.13132155,B.Naive
CCTCAGTTCAATCTCT-6,GARQ,D18,3,40,39,17,0.1893909,B.Naive
TGGTTCTGTTCTTTAG-6,GARQ,D18,3,40,39,30,0.13886702,Mono.CD14
CCGCTAGCAGCATGTC-6,GARQ,D18,3,40,39,17,0.20509529,B.Naive
GGCATGGAGGCCATCA-6,GARQ,D18,3,40,39,19,0.020498753,T.CD4.Naive
GAAGGCTAGCTGGACC-6,GARQ,D18,3,40,39,17,0.1496985,B.Naive
CTAGATTCAGCAACAG-6,GARQ,D18,3,40,39,36,0.045797944,B.Naive
CATAGGCGTTAGAGGG-6,GARQ,D18,3,40,39,30,0.102987885,Mono.CD14
TTAGACTCAGTTAAAG-6,GARQ,D18,3,40,39,16,0.009386301,T.CD4.Memory
CACTTTGTCACTCAAA-6,GARQ,D18,3,40,39,32,0.006594062,T.CD8.Effector
CGTGCACAGGCCCAGT-6,GARQ,D18,3,40,39,32,0.025967598,T.CD4.Memory
CTCATGCTCATTGTTC-6,GARQ,D18,3,40,39,30,0.07455301,Mono.CD14
TCCTCTAAGCAGGTTT-6,GARQ,D18,3,40,39,22,0.03852129,Mono.CD14
TAGGGTTTCATTGTTC-6,GARQ,D18,3,40,39,5,0.110584974,T.CD8.Effector
TGGCTTTGTTCATCTA-6,GARQ,D18,3,40,39,30,0.110263824,Mono.CD14
CCAAACCCATAGCGAG-6,GARQ,D18,3,40,39,22,0.0066263676,Mono.CD14
GGGTTATTCTATTGTC-6,GARQ,D18,3,40,39,7,0.06970453,T.CD4.Memory
TAGGGTTTCGTTAGCG-6,GARQ,D18,3,40,39,30,0.15033531,Mono.CD14
AACAAGCCATGGAGGC-6,GARQ,D18,3,40,39,21,0.059776008,T.CD4.Naive
TCCTTGCAGGATGATG-6,GARQ,D18,3,40,39,29,0.026361585,NK
GCCTCAAAGGACGTAA-6,GARQ,D18,3,40,39,17,0.08931911,B.Naive
GGGCATGAGGTCAAAG-6,GARQ,D18,3,40,39,17,0.0102978945,B.Naive
CTCCCTGAGTTTGCGG-6,GARQ,D18,3,40,39,17,0.072413445,B.Naive
GCCTGACAGGACTTAC-6,GARQ,D18,3,40,39,19,0.023151278,T.CD4.Memory
GCGGTTGGTTAGTACG-6,GARQ,D18,3,40,39,17,0.06345034,B.Naive
AGTGGACAGTGCTGTG-6,GARQ,D18,3,40,39,5,0.07742584,T.CD8.Effector
CATTCCTCAAGTAAGC-6,GARQ,D18,3,40,39,30,0.053638697,Mono.CD14
ACCTCACTCGCAACAT-6,GARQ,D18,3,40,39,17,0.0030077696,B.Naive
GATTGATGTAAAGCGG-6,GARQ,D18,3,40,39,29,0.08107662,NK
CAATGCCCATAATGAG-6,GARQ,D18,3,40,39,32,0.19897401,T.CD8.Effector
AAGCCTCCAGTTTGTG-6,GARQ,D18,3,40,39,32,0.14459848,T.CD8.Effector
TATAACCCAACATAAG-6,GARQ,D18,3,40,39,6,0.086214304,NK
GAACACAAGGAAGCAC-6,GARQ,D18,3,40,39,17,0.18040681,B.Naive
TCTCAATTCACCTGCT-6,GARQ,D18,3,40,39,22,0.16434121,Mono.CD14
TTTCCACCAGGGAGCT-6,GARQ,D18,3,40,39,23,0.04442644,NK
GCTTAACAGTTTAACG-6,GARQ,D18,3,40,39,30,0.01650083,Mono.CD14
ACACCTTGTGAGGTGA-6,GARQ,D18,3,40,39,17,0.040498376,B.Naive
TGTCCTTCAATTGCGC-6,GARQ,D18,3,40,39,36,0.072368145,B.Naive
TTAGCTGCAGACAAAC-6,GARQ,D18,3,40,39,10,0.024614215,T.CD4.Naive
AGACACGCATGTTTGG-6,GARQ,D18,3,40,39,32,0.0382002,T.CD8.Effector
AGTTGGCGTTTGGCGG-6,GARQ,D18,3,40,39,30,0.16330528,Mono.CD14
CACAATATCTGCAACG-6,GARQ,D18,3,40,39,32,0.13224816,T.CD8.Effector
GGCGCTAGTCAAAGGG-6,GARQ,D18,3,40,39,17,0.12845004,B.Naive
TCACTGACAGGTTATT-6,GARQ,D18,3,40,39,36,0.015009999,B.Naive
GGTATTTCAATTGAGA-6,GARQ,D18,3,40,39,39,0.016945958,T.CD4.Memory
ACTTGTAAGGAAACTG-6,GARQ,D18,3,40,39,32,0.011224985,T.CD4.Memory
GTTAAACGTGATTACG-6,GARQ,D18,3,40,39,17,0.022880912,B.Naive
ACTAATCCATGCATAT-6,GARQ,D18,3,40,39,36,0.008965492,B.Naive
ACGAAGTCATAGACCC-6,GARQ,D18,3,40,39,17,0.10890567,B.Naive
CAAACAACATAATCGT-6,GARQ,D18,3,40,39,39,0.16262197,T.CD4.Memory
GGTTCTTGTTATCGAG-6,GARQ,D18,3,40,39,32,0.012453735,T.CD8.Effector
CAAATCATCACTTCAT-6,GARQ,D18,3,40,39,11,0.046275377,T.CD4.Naive
GGAACCTGTCGTTATC-6,GARQ,D18,3,40,39,30,0.05112195,Mono.CD14
CACAGGCTCCTAGTCC-6,GARQ,D18,3,40,39,32,0.029319644,T.CD8.Effector
AATTACCCATTGTGTG-6,GARQ,D18,3,40,39,5,0.05494082,T.CD8.Effector
AAACCGGCATTCCTGT-6,GARQ,D18,3,40,39,17,0.073693514,B.Naive
GGCGTTATCATCCTGC-6,GARQ,D18,3,40,39,16,0.0052877665,T.CD4.Memory
AATTGACGTCGAAGTC-6,GARQ,D18,3,40,39,17,0.0075662136,B.Naive
TAGCCTTGTTCGCTCA-6,GARQ,D18,3,40,39,17,0.0017716885,B.Naive
ACAACACTCTTGGATA-6,GARQ,D18,3,40,39,30,0.065770745,Mono.CD14
GGCTATGTCTATTGTC-6,GARQ,D18,3,40,39,17,0.061953068,B.Naive
CTAGTAATCCAGGTCA-6,GARQ,D18,3,40,39,17,0.13436985,B.Naive
TCCGGTTTCAAAGGCA-6,GARQ,D18,3,40,39,5,0.014922261,T.CD4.Memory
GGTACAAAGCTCGCTT-6,GARQ,D18,3,40,39,32,0.08956218,T.CD4.Memory
ACTTTGTTCAAGCGCC-6,GARQ,D18,3,40,39,39,0.03547728,T.CD4.Memory
AAAGCCCGTTATAGCG-6,GARQ,D18,3,40,39,30,0.024208546,Mono.CD14
ACCTCACTCCTCAGCT-6,GARQ,D18,3,40,39,5,0.046051264,T.CD8.Effector
CAGCCTAAGCACAGCC-6,GARQ,D18,3,40,39,30,0.055624366,Mono.CD14
CATAATGTCATGCTCC-6,GARQ,D18,3,40,39,32,0.031996727,T.CD8.Effector
GTTCTTAGTTTGAGCA-6,GARQ,D18,3,40,39,17,0.1099782,B.Naive
GGTGAGTAGGACTTAC-6,GARQ,D18,3,40,39,17,0.018605351,B.Naive
GCACATTAGTCGCTAG-6,GARQ,D18,3,40,39,5,0.074962735,T.CD8.Effector
GGAACCTGTGCTCCAC-6,GARQ,D18,3,40,39,39,0.116767764,T.CD4.Memory
GGAATCTTCATGCTCC-6,GARQ,D18,3,40,39,39,0.009773493,T.CD4.Memory
GAGCATGCATGAGTTT-6,GARQ,D18,3,40,39,29,0.06694728,NK
AAGCCTTAGGCTGGCT-6,GARQ,D18,3,40,39,29,0.052072644,NK
ATGGCTGTCACAGGAA-6,GARQ,D18,3,40,39,39,0.02993083,T.CD4.Memory
TACCTCATCTAGCGTG-6,GARQ,D18,3,40,39,29,0.033928156,NK
CCTAATCGTAAATTGC-6,GARQ,D18,3,40,39,29,0.16032028,NK
ACCAAACTCTTGATGA-6,GARQ,D18,3,40,39,25,0.120975375,T.CD4.Memory
CCTACTGGTTATTGCC-6,GARQ,D18,3,40,39,22,0.06825727,Mono.CD14
CGCTAATAGGTGCTGC-6,GARQ,D18,3,40,39,10,0.0034689307,T.CD4.Memory
GCGCTTGCAAGCTACC-6,GARQ,D18,3,40,39,29,0.1320008,NK
CAGGCTATCGAAGCGG-6,GARQ,D18,3,40,39,30,0.047456026,Mono.CD14
GTTTGTAAGGTGAAAT-6,GARQ,D18,3,40,39,39,0.08406258,T.CD4.Naive
GTGTTACAGGCGCATC-6,GARQ,D18,3,40,39,29,0.09377527,NK
CAGCCTAAGGCTGTCA-6,GARQ,D18,3,40,39,39,0.12245965,T.CD8.Naive
GCAACAGCACCTATAG-6,GARQ,D18,3,40,39,32,0.13669169,T.CD8.Effector
CTGGTTTGTTCCGGCT-6,GARQ,D18,3,40,39,5,0.04181719,T.CD4.Memory
CGCTTGCGTTACTTCA-6,GARQ,D18,3,40,39,32,0.05667591,T.CD8.Effector
GACAATACATCCTGAA-6,GARQ,D18,3,40,39,30,0.0033236742,T.CD4.Memory
ATCCCGCGTGAAACAA-6,GARQ,D18,3,40,39,36,0.032568693,B.Naive
TATTGACCATGTTGGC-6,GARQ,D18,3,40,39,10,0.01023066,T.CD8.Effector
GGTCGGTTCCTAGTCC-6,GARQ,D18,3,40,39,29,0.01463151,NK
GCCATGATCGTGCCTT-6,GARQ,D18,3,40,39,8,0.018910646,T.CD8.Effector
CGAAGCGAGCGAAGTA-6,GARQ,D18,3,40,39,29,0.046271205,NK
TTGGAGGCACAATGCC-6,GARQ,D18,3,40,39,17,0.094944715,B.Naive
AGTCTTGCAATACTGT-6,GARQ,D18,3,40,39,21,0.03122449,T.CD8.Naive
AAATCCGGTGAGCACT-6,GARQ,D18,3,40,39,5,0.016490936,T.CD4.Memory
TGATCACAGCACCACA-6,GARQ,D18,3,40,39,19,0.040962696,T.CD4.Memory
CGTAGCGGTGCGCATG-6,GARQ,D18,3,40,39,36,0.039386988,B.Naive
TTAGGCCCAGGGAGCT-6,GARQ,D18,3,40,39,16,0.03786671,T.DoubleNegative
CTTCTCAAGGTTAGAG-6,GARQ,D18,3,40,39,17,0.059095144,B.Naive
CGTTTCTCACAATGCC-6,GARQ,D18,3,40,39,17,0.022513628,B.Naive
ATGTCATCACTTCATC-6,GARQ,D18,3,40,39,17,0.025382876,B.Naive
AATTCGTCATCTTGAG-6,GARQ,D18,3,40,39,32,0.0438478,T.CD8.Effector
AGAATCTGTACCGGAT-6,GARQ,D18,3,40,39,30,0.10583043,Mono.CD14
CCATAAGGTTCACCCA-6,GARQ,D18,3,40,39,17,0.078139424,B.Naive
GCTAGTGTCGCATTAA-6,GARQ,D18,3,40,39,19,0.06347096,T.CD8.Effector
ATCGGCCAGAAGGTGC-6,GARQ,D18,3,40,39,23,0.019217968,NK
AAGGTGCAGGAGTCTT-6,GARQ,D18,3,40,39,33,0.13362384,T.CD4.Memory
AGTCAGGCACTTAGGC-6,GARQ,D18,3,40,39,5,0.0799253,T.CD4.Memory
GGTTTCTGTTGGGTTA-6,GARQ,D18,3,40,39,17,0.15151405,B.Naive
GCATGAGCATGTTGGC-6,GARQ,D18,3,40,39,17,0.12934995,B.Naive
GTCATCACAGCTACGT-6,GARQ,D18,3,40,39,10,0.020459771,T.CD4.Memory
GTTTAGCAGATTGAGG-6,GARQ,D18,3,40,39,19,0.02494812,T.CD4.Naive
TATAACCCATTAAGCT-6,GARQ,D18,3,40,39,35,0.024997294,T.CD8.Effector
CTAACCTGTTTAAAGC-6,GARQ,D18,3,40,39,33,0.05475205,T.CD4.Naive
AAAGGAGCATTGACAT-6,GARQ,D18,3,40,39,17,0.09334624,B.Naive
AGGTCATTCGGTTTCC-6,GARQ,D18,3,40,39,5,0.07627058,T.CD4.Memory
GTGCTCAAGGAGGCAT-6,GARQ,D18,3,40,39,10,0.15775323,T.CD8.Effector
TCGGTTTGTCGCAAAC-6,GARQ,D18,3,40,39,6,0.0557096,T.CD8.Effector
CGTTTGGAGCTTCCCG-6,GARQ,D18,3,40,39,19,0.058143973,T.CD4.Naive
ATTGTGATCTATCGCC-6,GARQ,D18,3,40,39,19,0.039749146,T.CD8.Naive
CTATGGCCACACCAAC-6,GARQ,D18,3,40,39,36,0.09409225,B.Naive
CTGGCTAAGATAGACG-6,GARQ,D18,3,40,39,28,0.07617056,NK
GCCAGGTTCCGCACAA-6,GARQ,D18,3,40,39,32,0.19476807,T.CD8.Effector
GTAATAGCATCCCGCT-6,GARQ,D18,3,40,39,32,0.12813926,T.CD8.Effector
CATAGGTTCATTATGG-6,GARQ,D18,3,40,39,39,0.032246828,T.CD4.Naive
ACAGCGCTCAGGTCCA-6,GARQ,D18,3,40,39,29,0.037177086,T.CD8.Effector
ACGAGTAAGCACAGAA-6,GARQ,D18,3,40,39,19,0.13465905,T.CD4.Naive
TGGTGATTCAAACCGT-6,GARQ,D18,3,40,39,16,0.0024356842,T.CD8.Effector
TCTCACCAGTCACTCC-6,GARQ,D18,3,40,39,17,0.075357914,B.Naive
GTTAACGGTAGCTAAT-6,GARQ,D18,3,40,39,17,0.06508803,B.Naive
GGTCTTGAGCGATACT-6,GARQ,D18,3,40,39,33,0.020050406,T.CD4.Memory
ATTACTGAGGACCGCT-6,GARQ,D18,3,40,39,10,0.008528471,T.CD4.Memory
ACACTAATCTTAGGAC-6,GARQ,D18,3,40,39,19,0.0041092634,T.CD4.Naive
TATGGTCAGGAGGACT-6,GARQ,D18,3,40,39,17,0.13090324,B.Naive
GATTCATCACAGAACG-6,GARQ,D18,3,40,39,17,0.009652734,B.Naive
ACAGGATCACTTACAG-6,GARQ,D18,3,40,39,32,0.1468153,T.CD8.Effector
TTGGCGGGTTGCTTCG-6,GARQ,D18,3,40,39,29,0.2027722,NK
CCAGTTTGTAGACAAA-6,GARQ,D18,3,40,39,5,0.1284101,T.CD8.Effector
CTTAGGAGTAATTAGC-6,GARQ,D18,3,40,39,33,0.1089282,T.CD4.Memory
TGCACCTTCACGTTAA-6,GARQ,D18,3,40,39,39,0.10396409,T.DoubleNegative
GTTCACCTCCCAGTAG-6,GARQ,D18,3,40,39,32,0.03431678,T.CD4.Memory
GATTAGCTCATGTGGT-6,GARQ,D18,3,40,39,36,0.02329135,B.Naive
CATCAGCCAGCACGAA-6,GARQ,D18,3,40,39,17,0.03566873,B.Naive
ACCGAAGCAGTTTCTC-6,GARQ,D18,3,40,39,8,0.04666066,T.CD8.Effector
TAGTGTGGTACTGATG-6,GARQ,D18,3,40,39,29,0.0279876,NK
TTAAAGGCAACCCTCC-6,GARQ,D18,3,40,39,17,0.10148895,B.Naive
GTTAAGTGTAAGCTCA-6,GARQ,D18,3,40,39,19,0.019285917,T.CD8.Naive
CTTCTAAGTCACAGCG-6,GARQ,D18,3,40,39,32,0.23639345,T.CD8.Effector
AGAATCTGTTGCCTCA-6,GARQ,D18,3,40,39,17,0.05154383,B.Naive
AACCTCCTCTAACCAA-6,GARQ,D18,3,40,39,29,0.06881493,NK
CTCCGGACAAAGCGGC-6,GARQ,D18,3,40,39,33,0.00087058544,T.CD8.Naive
TGATCACAGAATCGCT-6,GARQ,D18,3,40,39,10,0.022756338,T.CD8.Effector
GTGCGCAGTCCGGTTC-6,GARQ,D18,3,40,39,39,0.03608358,T.CD4.Memory
ATGGCCCAGTGAGAGC-6,GARQ,D18,3,40,39,5,0.030795932,T.CD4.Memory
GATTGATGTACCAGGT-6,GARQ,D18,3,40,39,39,0.1336596,T.CD8.Naive
TTTGTGGCATAAGGAC-6,GARQ,D18,3,40,39,32,0.0567469,T.CD8.Effector
ATGGCTAGTTAGGACC-6,GARQ,D18,3,40,39,32,0.04483843,T.CD8.Effector
GCTGCAATCAATGTCA-6,GARQ,D18,3,40,39,17,0.13261032,B.Naive
CTTGTTCCATTGTCCT-6,GARQ,D18,3,40,39,19,0.025390863,T.CD4.Memory
GATTATGTCGCTAGCA-6,GARQ,D18,3,40,39,19,0.04258752,T.CD4.Memory
GCAATCTAGTGGCGGA-6,GARQ,D18,3,40,39,19,0.030568242,T.CD4.Memory
TGGCCATCACTTAACG-6,GARQ,D18,3,40,39,33,0.0572505,T.CD4.Memory
ACCTTCCAGGCCAATT-6,GARQ,D18,3,40,39,7,0.06442046,T.CD4.Naive
AGCTAGTTCTAGCTAA-6,GARQ,D18,3,40,39,39,0.04433471,T.CD4.Memory
TGAGTGAAGTTTGAGC-6,GARQ,D18,3,40,39,25,0.00937748,T.CD4.Naive
ATGTTCAAGCACTAAC-6,GARQ,D18,3,40,39,32,0.15080822,T.CD8.Effector
TTCAGTTTCTTTAAGG-6,GARQ,D18,3,40,39,35,0.002336502,T.CD8.Effector
TGGGCCTAGTATCGCG-6,GARQ,D18,3,40,39,29,0.018149853,T.CD8.Effector
AATCCTAAGTGATTCA-6,GARQ,D18,3,40,39,7,0.073146224,T.CD4.Naive
TGAAGGATCAGAAACG-6,GARQ,D18,3,40,39,33,0.025479317,T.CD8.Naive
TCAAGACTCATGTGGT-6,GARQ,D18,3,40,39,29,0.03259957,NK
CACAGGCTCAGTTCCC-6,GARQ,D18,3,40,39,2,0.0019061565,T.CD4.Memory
TCCTCAATCCGGTTGA-6,GARQ,D18,3,40,39,16,0.09693205,T.CD4.Memory
GCTTACCTCTTGCTAT-6,GARQ,D18,3,40,39,30,0.072981596,Mono.CD14
TACCGCAAGTGAACCT-6,GARQ,D18,3,40,39,17,0.020640016,B.Naive
ATCTTTGGTTTGCGCC-6,GARQ,D18,3,40,39,30,0.06294018,Mono.CD14
GCGGAACCACCCTCAC-6,GARQ,D18,3,40,39,10,0.005972147,T.CD4.Memory
GCCTATTGTGTGTCCC-6,GARQ,D18,3,40,39,6,0.0040146112,T.CD8.Effector
CTCCGGACAGTCTAAT-6,GARQ,D18,3,40,39,39,0.18969274,T.CD4.Naive
CAACCCGCAGCCTAAC-6,GARQ,D18,3,40,39,39,0.0015056133,T.CD4.Memory
GTGTTACAGGCATGAA-6,GARQ,D18,3,40,39,39,0.13047385,T.CD4.Naive
CTTTGGGAGAGGGACT-6,GARQ,D18,3,40,39,29,0.07691401,NK
ATGCCTGAGGATTGAG-6,GARQ,D18,3,40,39,29,0.058270097,NK
AGTGAACCACCTATAG-6,GARQ,D18,3,40,39,7,0.05631447,T.CD8.Naive
CTAGTGAGTCATAACG-6,GARQ,D18,3,40,39,19,0.14467716,T.CD4.Naive
TGAGTGAAGTTAACCA-6,GARQ,D18,3,40,39,7,0.021708906,T.CD8.Naive
CGTCATTGTCCTCCAA-6,GARQ,D18,3,40,39,36,0.014928579,B.Naive
TCACATAAGTGAAGTG-6,GARQ,D18,3,40,39,23,0.017457962,NK
AAGCTATGTCATTACC-6,GARQ,D18,3,40,39,10,0.039016128,T.CD4.Memory
AACCTAATCGAAGTGA-6,GARQ,D18,3,40,39,21,0.09740317,T.CD4.Memory
GTACTTAAGGACAACA-6,GARQ,D18,3,40,39,22,0.059984207,Mono.CD14
CTTAATGAGTGACCTG-6,GARQ,D18,3,40,39,10,0.038457632,T.CD8.Effector
GTATTGCAGGCGGATG-6,GARQ,D18,3,40,39,5,0.04148662,T.CD4.Memory
CTTCACTCACCGGTAT-6,GARQ,D18,3,40,39,5,0.08300638,T.CD4.Memory
GTGCTTCTCTAAGGTC-6,GARQ,D18,3,40,39,5,0.016768694,T.CD4.Memory
GTACACCCATTGCGAC-6,GARQ,D18,3,40,39,22,0.020706415,Mono.CD14
TTTCTCACACAACAGG-6,GARQ,D18,3,40,39,39,0.1632905,T.CD8.Naive
CGTTAACAGGACTTAC-6,GARQ,D18,3,40,39,19,0.19294786,T.CD4.Naive
GGACAGCCAGCTTAGC-6,GARQ,D18,3,40,39,12,0.035838306,T.CD4.Naive
CCGTTATGTGTCCTGC-6,GARQ,D18,3,40,39,39,0.06640875,T.CD4.Memory
GTAAGCAAGCATGACT-6,GARQ,D18,3,40,39,32,0.07144296,T.CD4.Memory
GTTCATTTCAAATCGC-6,GARQ,D18,3,40,39,39,0.028971195,T.CD4.Naive
TATGAAGCAGGCTGTT-6,GARQ,D18,3,40,39,39,0.061704636,T.CD4.Naive
CCAGACTCAAGATTCT-6,GARQ,D18,3,40,39,10,0.0663504,T.CD4.Naive
AGTCGCATCGGTACGC-6,GARQ,D18,3,40,39,19,0.050956964,T.CD4.Memory
GAGCTGCTCGCAATCG-6,GARQ,D18,3,40,39,13,0.019553065,T.CD4.Naive
CGCACACAGGCGAAAC-6,GARQ,D18,3,40,39,35,0.004318714,T.CD8.Naive
GGAGTGAGTCAATGTG-6,GARQ,D18,3,40,39,29,0.018109083,NK
ACACTTAAGGAGGTTA-6,GARQ,D18,3,40,39,21,0.07093382,T.CD4.Naive
CCACTTGGTTAGCAGC-6,GARQ,D18,3,40,39,23,0.008197904,NK
CTAGGACGTCATTACC-6,GARQ,D18,3,40,39,17,0.05769348,B.Naive
GTGTCCAAGGACACTT-6,GARQ,D18,3,40,39,21,0.029251814,T.CD4.Naive
ATGCAGGCATTGTCAG-6,GARQ,D18,3,40,39,19,0.031758547,T.CD4.Naive
TGTTGCACAATATACC-6,GARQ,D18,3,40,39,5,0.13286841,T.CD4.Memory
CCAGGAACATAATTGC-6,GARQ,D18,3,40,39,17,0.071932554,B.Naive
ATTCAACCAGCTTAAT-6,GARQ,D18,3,40,39,19,0.070400834,T.CD4.Naive
CCTGAGTCAAACGCGA-6,GARQ,D18,3,40,39,7,0.036557555,T.CD4.Naive
GTTACCTGTGCTCCGT-6,GARQ,D18,3,40,39,17,0.010824323,B.Naive
GGCGGTAAGGATGATG-6,GARQ,D18,3,40,39,39,0.04447043,T.CD4.Naive
GGTTTGTAGGCCTAAT-6,GARQ,D18,3,40,39,32,0.0046907663,T.CD4.Memory
TGACTTAAGCATGAAG-6,GARQ,D18,3,40,39,5,0.044428706,T.CD8.Effector
AACAGATAGGACGTAA-6,GARQ,D18,3,40,39,10,0.01528132,T.CD4.Memory
TTGCAGCCAGCTTAAT-6,GARQ,D18,3,40,39,19,0.041179657,T.CD4.Naive
CTTGCAACATGCTTAG-6,GARQ,D18,3,40,39,19,0.06335926,T.CD4.Naive
ACCTTGCTCAGGAACA-6,GARQ,D18,3,40,39,39,0.031957746,T.CD4.Naive
ACGGTACGTTAGGATT-6,GARQ,D18,3,40,39,33,0.036148548,T.CD4.Naive
ACCTAAGGTTGCGGAT-6,GARQ,D18,3,40,39,25,0.03517282,T.CD4.Naive
TCAGGAGCAGCCAGTT-6,GARQ,D18,3,40,39,19,0.05529523,T.CD4.Naive
AGCCTCCGTCACAGAC-6,GARQ,D18,3,40,39,33,0.057922482,T.CD4.Naive
GCTAGCTCAGGCTTGT-6,GARQ,D18,3,40,39,33,0.03348863,T.CD4.Memory
TGGTTCTGTTCGCGCT-6,GARQ,D18,3,40,39,39,0.02844131,T.CD4.Naive
AAGTTTGTCCCTCGCA-6,GARQ,D18,3,40,39,19,0.15452194,T.CD4.Memory
GCGAAGTAGAATGACG-6,GARQ,D18,3,40,39,5,0.011111617,T.CD4.Memory
TCAAGGTTCCATAAGC-6,GARQ,D18,3,40,39,33,0.035771012,T.CD4.Memory
TTTAACGAGGCGGATG-6,GARQ,D18,3,40,39,32,0.002393484,T.CD8.Effector
GACTTAGGTAAGCACC-6,GARQ,D18,3,40,39,10,0.05927372,T.CD8.Effector
ACGGTACGTGTGTCCC-6,GARQ,D18,3,40,39,26,0.011146724,T.CD4.Memory
TGGCCATCATGCTCCC-6,GARQ,D18,3,40,39,17,0.0514673,B.Naive
ATCCGTGAGCTTCTCA-6,GARQ,D18,3,40,39,5,0.04427457,T.CD8.Effector
TGAGGCACAGAGGCTA-6,GARQ,D18,3,40,39,5,0.036471188,T.CD4.Memory
GGTAACTTCGCCTGTT-6,GARQ,D18,3,40,39,39,0.021500707,T.CD4.Memory
GTTACTAAGTTTGTCT-6,GARQ,D18,3,40,39,17,0.052978396,B.Naive
CGTTGCGCATAAACCT-6,GARQ,D18,3,40,39,16,0.012232065,T.CD4.Memory
GATTCAATCATTACGA-6,GARQ,D18,3,40,39,19,0.028395534,T.CD4.Naive
CTGTTCATCGCCTAAG-6,GARQ,D18,3,40,39,21,0.008524895,T.CD8.Naive
CAAGACAAGAACCTGT-6,GARQ,D18,3,40,39,32,0.0057715178,T.CD8.Effector
GTCCGTAAGCTTTGGG-6,GARQ,D18,3,40,39,21,0.037516356,T.CD4.Naive
CTTGCATGTTGCTGGG-6,GARQ,D18,3,40,39,33,0.03757763,T.CD4.Naive
AATTTGGTCTGCAAGT-6,GARQ,D18,3,40,39,39,0.02161336,T.CD4.Naive
ATCGCCCGTTGAGGTC-6,GARQ,D18,3,40,39,35,0.005895853,T.CD4.Memory
TAGTGGCGTCATGCAA-6,GARQ,D18,3,40,39,19,0.06980753,T.CD8.Effector
TCCAGGATCCGCACAA-6,GARQ,D18,3,40,39,19,0.02464211,T.CD4.Naive
TGACTTCGTTTGGTTC-6,GARQ,D18,3,40,39,28,0.012070417,T.CD4.Memory
GATTACTCAACCTGGT-6,GARQ,D18,3,40,39,29,0.12922871,NK
TTCAGTTTCGTTTCCA-6,GARQ,D18,3,40,39,29,0.05932343,NK
GGTCCGTAGTGAGGGT-6,GARQ,D18,3,40,39,33,0.11158621,T.CD4.Memory
ACCCAGGGTCAAAGAA-6,GARQ,D18,3,40,39,5,0.0024375916,NK
GCTAACAGTAAGCACC-6,GARQ,D18,3,40,39,33,0.051851273,T.CD4.Naive
GGTAGGAGTGCTCCGT-6,GARQ,D18,3,40,39,7,0.03210175,T.CD4.Naive
AAGGTATAGGAGCAAC-6,GARQ,D18,3,40,39,5,0.04948914,T.CD8.Effector
GGCTATTAGGTGTCCA-6,GARQ,D18,3,40,39,39,0.045031846,T.CD4.Naive
ATGCCTGAGGGCCATC-6,GARQ,D18,3,40,39,16,0.0035738945,T.CD4.Memory
ACGTCCTTCAGGGCCT-6,GARQ,D18,3,40,39,21,0.020364285,T.CD4.Naive
AGTGCGGAGCTCAATA-6,GARQ,D18,3,40,39,25,0.02063948,T.CD4.Naive
CCGTTAACACAGGGAC-6,GARQ,D18,3,40,39,21,0.07475722,T.CD4.Naive
CTAGCTGAGATGGAGC-6,GARQ,D18,3,40,39,23,0.05546117,NK
GGTAACTTCGACCTGA-6,GARQ,D18,3,40,39,19,0.07092404,T.CD4.Memory
AAGCTTGGTTAGCCAA-6,GARQ,D18,3,40,39,12,0.024250567,T.CD4.Naive
GCTGACCAGGAATAAC-6,GARQ,D18,3,40,39,19,0.055594325,T.CD4.Naive
TACTTGTTCTTTGTAC-6,GARQ,D18,3,40,39,33,0.023121595,T.CD4.Memory
CCAAACTAGCGAGCGA-6,GARQ,D18,3,40,39,19,0.014091015,T.CD4.Naive
GTAGTTATCCAAATCA-6,GARQ,D18,3,40,39,25,0.05627203,T.CD4.Naive
TAGGAGGGTTGCGGAT-6,GARQ,D18,3,40,39,35,0.007842064,T.CD4.Memory
ATTGTGATCCGGGACT-6,GARQ,D18,3,40,39,39,0.033970237,T.CD4.Memory
GTTTAGCAGGCAATAG-6,GARQ,D18,3,40,39,33,0.006934941,T.CD4.Memory
TCAGTAGGTCCTAGTT-6,GARQ,D18,3,40,39,5,0.047061563,T.CD4.Memory
CTCACTCAGGGACGCA-6,GARQ,D18,3,40,39,19,0.047210693,T.CD4.Memory
CCTGCTCCATAATGTC-6,GARQ,D18,3,40,39,25,0.08134508,T.CD4.Naive
CATCCCAGTTGTTGGA-6,GARQ,D18,3,40,39,33,0.073171735,T.CD8.Naive
AAAGCAAGTCAAAGAA-6,GARQ,D18,3,40,39,2,0.010320127,T.CD4.Naive
ACACTAATCCTAAATG-6,GARQ,D18,3,40,39,19,0.08595824,T.CD4.Memory
TTGTCCATCCGCCTCA-6,GARQ,D18,3,40,39,39,0.022014856,T.CD8.Naive
ATCGCCCGTAAGCTTG-6,GARQ,D18,3,40,39,33,0.03279543,T.CD4.Naive
GTCTTTAGTTGGTTGA-6,GARQ,D18,3,40,39,17,0.020258188,B.Naive
GTAGCGCTCGGTTTGG-6,GARQ,D18,3,40,39,33,0.033336997,T.CD4.Naive
TCTTAGTTCGGCCATA-6,GARQ,D18,3,40,39,5,0.015980959,T.CD4.Memory
ACTTGTAAGTTGGCCA-6,GARQ,D18,3,40,39,33,0.028681397,T.CD4.Memory
AGCCGCTAGAATCGCT-6,GARQ,D18,3,40,39,29,0.06623721,NK
GCTAGCCAGCACCACA-6,GARQ,D18,3,40,39,10,0.0039606094,T.CD4.Memory
GCTTGTTGTCGAAGTC-6,GARQ,D18,3,40,39,5,0.09438622,T.CD4.Memory
TAAGCCTAGAGAAGGG-6,GARQ,D18,3,40,39,33,0.05856484,T.CD4.Memory
CTCTAGCTCTTAGCCC-6,GARQ,D18,3,40,39,25,0.05298257,T.CD4.Naive
AGCTACTAGGTTTGAC-6,GARQ,D18,3,40,39,39,0.121754944,T.CD4.Naive
CAGTATGGTCAATGTG-6,GARQ,D18,3,40,39,19,0.06295657,T.CD4.Naive
GACACCGGTGGGAACA-6,GARQ,D18,3,40,39,39,0.07972026,T.CD4.Memory
CATAGCTAGTTTGGTA-6,GARQ,D18,3,40,39,22,0.0020711422,T.CD4.Memory
CCGACAGGTAGGATTT-6,GARQ,D18,3,40,39,5,0.058293343,T.CD4.Memory
ACTATGTCATTGTGCA-6,GARQ,D18,3,40,39,15,0.02512449,T.CD4.Naive
CGTAACTAGGGATGCG-6,GARQ,D18,3,40,39,21,0.09714782,T.CD4.Memory
ACCGAAGCATCGCTTT-6,GARQ,D18,3,40,39,39,0.0052548647,T.CD4.Memory
AATGTCCAGGACCGCT-6,GARQ,D18,3,40,39,5,0.00023555756,T.CD8.Effector
TCTAGCCTCCGCCTCA-6,GARQ,D18,3,40,39,17,0.057252407,B.Naive
TCTTAGCGTTTGCAGA-6,GARQ,D18,3,40,39,33,0.06983745,T.CD4.Memory
CTTGAATCAAGTGTTT-6,GARQ,D18,3,40,39,19,0.05226606,T.CD4.Memory
TTCAGCACAAGCGATG-6,GARQ,D18,3,40,39,19,0.049766302,T.CD4.Memory
CCTTCAATCCTGTTCA-6,GARQ,D18,3,40,39,39,0.094625115,T.CD4.Memory
GAGTTTGGTAACAGGG-6,GARQ,D18,3,40,39,5,0.078805566,T.CD8.Effector
ATGGTCTAGAGAGGCT-6,GARQ,D18,3,40,39,21,0.05874306,T.CD8.Naive
TCCTAGTGTGGGTGAA-6,GARQ,D18,3,40,39,10,0.09140968,T.CD4.Memory
AGGATGCAGTAGCTTA-6,GARQ,D18,3,40,39,33,0.058029175,T.CD4.Naive
ACCTAAGGTGGGTGAA-6,GARQ,D18,3,40,39,23,0.014704943,NK
ACGAATCTCCCGAACA-6,GARQ,D18,3,40,39,5,0.0006594658,T.CD8.Effector
TTATAGCCAGTGAACG-6,GARQ,D18,3,40,39,39,0.07801163,T.CD4.Memory
GGGATTAAGGAACCAA-6,GARQ,D18,3,40,39,25,0.04009223,T.CD4.Naive
TAGCCTCTCATGTTTC-6,GARQ,D18,3,40,39,19,0.027000666,T.CD8.Naive
CCTCAATGTGGTTATG-6,GARQ,D18,3,40,39,33,0.055695772,T.CD4.Naive
GGTTACCCAAGCTAAA-6,GARQ,D18,3,40,39,19,0.011231661,T.CD4.Naive
GTGCAAGCATTGTCCT-6,GARQ,D18,3,40,39,25,0.017404795,T.CD4.Memory
TCATACTTCGGTCATG-6,GARQ,D18,3,40,39,27,0.24424434,T.CD8.Effector
GCACGAACAACAGCCT-6,GARQ,D18,3,40,39,33,0.028785467,T.CD4.Memory
GACGTAAAGTTGTCTT-6,GARQ,D18,3,40,39,10,0.039001822,T.CD8.Effector
CTATGACAGCAAGGTA-6,GARQ,D18,3,40,39,33,0.07328391,T.CD4.Memory
TCTTGACGTAATGGAA-6,GARQ,D18,3,40,39,10,0.0733189,T.CD4.Memory
GACACCGGTGTGAGGA-6,GARQ,D18,3,40,39,29,0.1729365,NK
CATTCATTCGAAGTGA-6,GARQ,D18,3,40,39,19,0.0060606003,T.CD4.Memory
TGCTTGTGTTGTAACG-6,GARQ,D18,3,40,39,19,0.13674021,T.CD4.Memory
TGCGCAGGTAACTACG-6,GARQ,D18,3,40,39,19,0.012304783,T.CD4.Naive
TGAAGTGAGTTGTCAA-6,GARQ,D18,3,40,39,39,0.076566696,T.CD4.Naive
TTACAGCAGGTTAGCT-6,GARQ,D18,3,40,39,23,0.000238657,T.CD8.Effector
CAAGGTAAGATAAAGC-6,GARQ,D18,3,40,39,5,0.06479812,T.CD8.Naive
CTCATGCTCTAACCAA-6,GARQ,D18,3,40,39,36,0.027871132,B.Naive
AACAAAGGTCATGCAA-6,GARQ,D18,3,40,39,19,0.06792772,T.CD4.Memory
AAGACCAAGTAAAGGT-6,GARQ,D18,3,40,39,21,0.13210809,T.CD8.Naive
GTCTAGCCAAGGCCAA-6,GARQ,D18,3,40,39,19,0.021787822,T.CD4.Memory
ATTAACCCACCTAATG-6,GARQ,D18,3,40,39,33,0.025471687,T.CD4.Memory
GTAGGATCACCTGTAA-6,GARQ,D18,3,40,39,10,0.04455936,T.CD8.Effector
CGTAGTTAGCTACTGG-6,GARQ,D18,3,40,39,25,0.007421255,T.CD4.Naive
ATGCCTGAGTTATCTC-6,GARQ,D18,3,40,39,26,0.004163265,T.CD8.Naive
GGTAAGGGTGGATTAT-6,GARQ,D18,3,40,39,35,0.023893952,T.DoubleNegative
GGCTCAATCCTCATCA-6,GARQ,D18,3,40,39,39,0.031003833,T.CD4.Naive
TAGCATATCCTAATTC-6,GARQ,D18,3,40,39,25,0.06023562,T.CD4.Naive
TGGGCATGTCAGGCCA-6,GARQ,D18,3,40,39,17,0.05903387,B.Naive
CCTACTGGTACTTAGG-6,GARQ,D18,3,40,39,39,0.018684328,T.CD4.Naive
GCAGGATAGGTCCTGA-6,GARQ,D18,3,40,39,18,0.014878035,T.CD8.Naive
TTAGGCTAGGTCAAAG-6,GARQ,D18,3,40,39,21,0.03968644,T.CD8.Naive
GTCCGTAAGTAACGGA-6,GARQ,D18,3,40,39,39,0.0013082623,T.CD4.Naive
TATGACTCAGTAAAGC-6,GARQ,D18,3,40,39,35,0.035164118,T.CD8.Effector
TTACCGTGTCTTGCTG-6,GARQ,D18,3,40,39,22,0.017736793,Mono.CD14
GCAATGAAGTTTGTCT-6,GARQ,D18,3,40,39,21,0.03180647,T.CD8.Naive
TGATTCAAGTCAGGCC-6,GARQ,D18,3,40,39,21,0.09805107,T.CD4.Memory
GCGGGTTTCATAGCCG-6,GARQ,D18,3,40,39,33,0.0051333904,T.CD4.Naive
CAAGACAAGCTTATGA-6,GARQ,D18,3,40,39,33,2.9206276e-06,T.CD4.Naive
CATAATCCAAGGGTTG-6,GARQ,D18,3,40,39,19,0.021868944,T.CD4.Memory
TCCTCAATCCGCCAAA-6,GARQ,D18,3,40,39,19,0.078357995,T.CD4.Memory
GAAGGCCCACAGGGAC-6,GARQ,D18,3,40,39,8,0.025921464,T.CD4.Memory
GGTTAGCGTCAAAGAA-6,GARQ,D18,3,40,39,13,0.00036096573,T.CD4.Naive
TATAGCCAGTATGTGC-6,GARQ,D18,3,40,39,29,0.033103347,NK
TCAGTGAGTCGTTATC-6,GARQ,D18,3,40,39,29,0.037355542,NK
TCCTCAATCCTAGTCC-6,GARQ,D18,3,40,39,21,0.028470874,T.CD4.Naive
CTATTGAAGTTGCGTG-6,GARQ,D18,3,40,39,25,0.0640285,T.CD4.Naive
GCTGTAAGTCTATCGT-6,GARQ,D18,3,40,39,39,0.18281722,T.CD4.Naive
ATTACCCGTGATTACG-6,GARQ,D18,3,40,39,21,0.02972114,T.CD8.Naive
CATTCATTCGCTTCTA-6,GARQ,D18,3,40,39,39,0.009830475,T.CD4.Naive
GCATATATCTTAAGTG-6,GARQ,D18,3,40,39,31,0.026961505,T.CD4.Memory
AGTCCTTGTTGAGGTC-6,GARQ,D18,3,40,39,19,0.07843661,T.CD4.Memory
TGTTCATTCGCTTCTA-6,GARQ,D18,3,40,39,19,0.023553133,T.CD4.Memory
AGGTATTGTAGCAGCT-6,GARQ,D18,3,40,39,19,0.009455323,T.CD4.Naive
GAGTCATTCCTGGTCT-6,GARQ,D18,3,40,39,21,0.021011353,T.CD8.Naive
AGCCTAAGTACGATTG-6,GARQ,D18,3,40,39,22,7.224083e-05,DC.Myeloid
TTAACCAAGGTCGATT-6,GARQ,D18,3,40,39,39,0.04729247,T.CD4.Naive
ATCGCTTGTACCGTTT-6,GARQ,D18,3,40,39,10,0.03937304,T.CD4.Memory
TAGTGAGAGTTATCTC-6,GARQ,D18,3,40,39,10,0.034289837,T.CD4.Memory
GTGTAACTCATTGACA-6,GARQ,D18,3,40,39,25,0.007167101,T.CD4.Naive
ATCGAGGCATAGCTTG-6,GARQ,D18,3,40,39,21,0.10482383,T.CD4.Naive
GCTAGTGTCATTTAGG-6,GARQ,D18,3,40,39,23,0.013958812,T.CD8.Effector
CATTATGAGTCTCACC-6,GARQ,D18,3,40,39,30,0.03913212,Mono.CD14
GTTGGCCAGCGGTTAT-6,GARQ,D18,3,40,39,25,0.1048187,T.CD4.Naive
GACACCGGTATTGTCC-6,GARQ,D18,3,40,39,17,0.064887166,B.Naive
TGGTGCATCTCGCCTG-6,GARQ,D18,3,40,39,25,0.026984692,T.CD4.Naive
GCCCATAAGTGCTGTG-6,GARQ,D18,3,40,39,32,0.011369705,T.CD8.Effector
GGTATTGGTAGGTTGC-6,GARQ,D18,3,40,39,13,0.012020588,T.CD4.Memory
GACATAGAGGGCTTTG-6,GARQ,D18,3,40,39,39,0.068300486,T.CD4.Naive
ATAACGACAAGCTACC-6,GARQ,D18,3,40,39,33,0.02401656,T.CD4.Memory
GTTACCTGTCCGCTGT-6,GARQ,D18,3,40,39,39,0.0634892,T.CD4.Naive
ATTCATGAGCTAGAAG-6,GARQ,D18,3,40,39,39,0.057649374,T.CD8.Effector
TTTGGCTGTCCTCCAA-6,GARQ,D18,3,40,39,39,0.020095408,T.CD4.Memory
CAAACCGTCCCATAAA-6,GARQ,D18,3,40,39,31,0.017589927,T.CD4.Memory
GTTTCTAGTTACAACG-6,GARQ,D18,3,40,39,21,0.019531727,T.CD4.Naive
TAGCCTTGTGCATTTC-6,GARQ,D18,3,40,39,19,0.016425252,T.CD4.Naive
TTTGTCCCAGGCTAAG-6,GARQ,D18,3,40,39,29,0.06477085,NK
CTCTATGTCGGGACTC-6,GARQ,D18,3,40,39,5,0.00082051754,T.CD4.Memory
AAGCGGGTCACACAGT-6,GARQ,D18,3,40,39,21,0.017263412,T.CD4.Naive
ATGATGGAGTTGGATC-6,GARQ,D18,3,40,39,17,0.04592192,B.Naive
GACTTGGTCGTCAAGT-6,GARQ,D18,3,40,39,35,0.007874012,T.CD8.Naive
CGGTTATAGGCTAAGA-6,GARQ,D18,3,40,39,10,0.013852954,T.CD4.Memory
AGCGCCTAGGATTTGC-6,GARQ,D18,3,40,39,5,0.015137315,T.CD8.Effector
GCCATGATCAGTATTG-6,GARQ,D18,3,40,39,21,0.024272442,T.CD4.Memory
TCGTTAAAGGAAACTG-6,GARQ,D18,3,40,39,5,0.007760644,T.CD8.Effector
TTAATCGAGCGCTAAT-6,GARQ,D18,3,40,39,30,0.06532931,Mono.CD14
GCGATTAGTGTTTGTC-6,GARQ,D18,3,40,39,25,0.10920966,T.CD4.Naive
TGTGATCAGGACCAGG-6,GARQ,D18,3,40,39,5,0.1324017,T.CD8.Effector
GTGTGTTAGTTGGATC-6,GARQ,D18,3,40,39,26,0.029403687,T.CD4.Memory
ACTAACTCAATAACGA-6,GARQ,D18,3,40,39,19,0.11021161,T.CD4.Memory
TCATGTTTCGCAACAT-6,GARQ,D18,3,40,39,19,0.07622838,T.CD4.Memory
CGAAGGCCAGGATTAA-6,GARQ,D18,3,40,39,25,0.07303929,T.CD4.Naive
CGAACCGGTTTGGCGG-6,GARQ,D18,3,40,39,13,0.05381584,T.CD4.Memory
TCAGGTTAGCAGCTAT-6,GARQ,D18,3,40,39,5,0.005767107,T.CD8.Effector
CAAACACTCGAAGTGA-6,GARQ,D18,3,40,39,18,0.0010852814,T.CD4.Memory
TTTCACCCAGGCATCT-6,GARQ,D18,3,40,39,35,0.071445584,T.CD4.Memory
GGCAATCGTTAGTACG-6,GARQ,D18,3,40,39,33,0.058037877,T.CD4.Naive
GCAAGCCTCATTAGGC-6,GARQ,D18,3,40,39,33,0.10923219,T.CD4.Memory
TGCGATTAGTAACTCA-6,GARQ,D18,3,40,39,33,0.013499975,T.CD4.Memory
GATCGCTCATAGCGGA-6,GARQ,D18,3,40,39,21,0.034710407,T.CD4.Memory
GTTCTCATCGATTATG-4,GARQ,D18,3,40,39,17,0.12651944,B.Naive
GGTTAATGTTGAGGTC-4,GARQ,D18,3,40,39,35,0.015398145,T.CD8.Effector
TGGCTATAGCCTAACG-4,GARQ,D18,3,40,39,37,0.14035702,T.CD8.Effector
CTGCTCCCAGCTCAAC-4,GARQ,D18,3,40,39,30,0.041890383,Mono.CD14
AGCTTAATCTGTGAGT-4,GARQ,D18,3,40,39,14,0.023744345,T.CD4.Memory
CAGTATGGTACCGTTT-4,GARQ,D18,3,40,39,30,0.026412606,Mono.CD14
ACGTCCTTCAAACTCA-4,GARQ,D18,3,40,39,29,0.06419781,NK
GCATTAGGTTTATGGG-4,GARQ,D18,3,40,39,30,0.054101944,Mono.CD14
CCGACAGGTACTGAAT-4,GARQ,D18,3,40,39,17,0.00037920475,B.Naive
TCAGGAGCAGTAGGAT-4,GARQ,D18,3,40,39,17,0.01742196,B.Naive
ATAACGACAGGTCCTG-4,GARQ,D18,3,40,39,17,0.085912704,B.Naive
GGAGCGATCACGCCAA-4,GARQ,D18,3,40,39,30,0.10027969,Mono.CD14
TTGTGAGGTAACGGGA-4,GARQ,D18,3,40,39,30,0.039825678,Mono.CD14
AGGTTTATCAAGTGAG-4,GARQ,D18,3,40,39,22,0.02818346,Mono.CD14
TCGGTTACATAGCTGC-4,GARQ,D18,3,40,39,30,0.06891227,Mono.CD14
CCTCAAACAATAGCCC-4,GARQ,D18,3,40,39,36,0.00445354,B.Naive
GTTTACCGTCCTAATC-4,GARQ,D18,3,40,39,39,0.25722766,T.CD4.Memory
AGTTATGTCGGTCAAT-4,GARQ,D18,3,40,39,30,0.05604291,Mono.CD14
ATTTAGGTCCCTTGCG-4,GARQ,D18,3,40,39,17,0.18232214,B.Naive
CGTGCTTTCATTGTTC-4,GARQ,D18,3,40,39,17,0.013808489,B.Naive
AATTCGTCAGGTATTT-4,GARQ,D18,3,40,39,39,0.015964687,T.CD4.Memory
GACCGTTCACCTGGTG-4,GARQ,D18,3,40,39,22,0.012939334,Mono.CD14
CAAGTAACAGAAATTG-4,GARQ,D18,3,40,39,30,0.09364843,Mono.CD14
TAAGCCTAGTATCGCG-4,GARQ,D18,3,40,39,30,0.08962166,Mono.CD14
CGTTAGGTCAACAAGG-4,GARQ,D18,3,40,39,30,0.047299147,Mono.CD14
CCAGGATGTATTACCC-4,GARQ,D18,3,40,39,17,0.18879473,B.Naive
TCATACTTCACAGCCA-4,GARQ,D18,3,40,39,17,0.16772842,B.Naive
GTCGCAATCAGGTCCA-4,GARQ,D18,3,40,39,33,0.0375309,T.CD4.Naive
TAATTGCCAGGATGGC-4,GARQ,D18,3,40,39,17,0.09990072,B.Naive
AGTCAGGCATAGCGGA-4,GARQ,D18,3,40,39,17,0.035883546,B.Naive
CCTTAACGTTTAAAGC-4,GARQ,D18,3,40,39,17,0.008959532,B.Naive
TTGGGTTAGCCTGTTC-4,GARQ,D18,3,40,39,30,0.076476336,Mono.CD14
AGATGAAGTGATCATG-4,GARQ,D18,3,40,39,22,0.029582977,Mono.CD14
TCGTCAACAGCCGCTA-4,GARQ,D18,3,40,39,32,0.0012284517,T.CD4.Memory
CAGCCAATCCGCATGA-4,GARQ,D18,3,40,39,28,0.038231492,NK
GGCGGTAAGGTAAGGC-4,GARQ,D18,3,40,39,17,0.046907306,B.Naive
ACATAGCTCACATTGA-4,GARQ,D18,3,40,39,30,0.047581792,Mono.CD14
CGTTAAATCCTAATTC-4,GARQ,D18,3,40,39,30,0.07108164,Mono.CD14
ACACTAATCCGGTTAG-4,GARQ,D18,3,40,39,17,0.12943387,B.Naive
CATAGGCGTTAGAGGG-4,GARQ,D18,3,40,39,22,0.01183176,Mono.CD14
ACCTTGCTCGGTTAGT-4,GARQ,D18,3,40,39,39,0.037973046,T.CD4.Memory
TGTAACTCAAGGTGGC-4,GARQ,D18,3,40,39,30,0.05454588,Mono.CD14
GCCCATAAGCACAGCC-4,GARQ,D18,3,40,39,10,0.086354434,T.CD4.Memory
GTTCCCAGTTTAAAGC-4,GARQ,D18,3,40,39,29,0.09420985,NK
AGTCGCATCTTGAGGT-4,GARQ,D18,3,40,39,22,0.13145506,Mono.CD16
TCTGTGACACTTCACT-4,GARQ,D18,3,40,39,30,0.034351587,Mono.CD14
CTAACCTGTTTCAGGA-4,GARQ,D18,3,40,39,30,0.06266844,Mono.CD14
AAACGCGCAATTTAGC-4,GARQ,D18,3,40,39,17,0.02821958,B.Naive
TAGGTGCGTTTGGGTA-4,GARQ,D18,3,40,39,17,0.07187486,B.Naive
TAACAAGCAATTAAGG-4,GARQ,D18,3,40,39,30,0.002384901,Mono.CD14
TGTAATGTCTTGGATA-4,GARQ,D18,3,40,39,17,0.024458885,B.Naive
CGAAGGCCAAGTGTTT-4,GARQ,D18,3,40,39,32,0.0982672,T.CD8.Effector
CTCACAACAAGGTCCT-4,GARQ,D18,3,40,39,30,0.101239204,Mono.CD14
TGTGATCAGGTCCACA-4,GARQ,D18,3,40,39,17,0.033423305,B.Naive
TTGTCCCAGTTGGGCC-4,GARQ,D18,3,40,39,22,0.007766962,Mono.CD14
TCTCACCAGTCACTAA-4,GARQ,D18,3,40,39,32,0.11319131,T.CD8.Effector
TATCGCGAGCTTAGTA-4,GARQ,D18,3,40,39,30,0.042725563,Mono.CD14
TCGCATTGTTGAAGCC-4,GARQ,D18,3,40,39,22,0.024330378,Mono.CD14
CATTATGAGGTTTGAC-4,GARQ,D18,3,40,39,30,0.0777905,Mono.CD14
GTGCGGTTCCGGTTGA-4,GARQ,D18,3,40,39,17,0.08637726,B.Naive
TTGCTTAGTTGGCGTG-4,GARQ,D18,3,40,39,17,0.13993311,B.Naive
GGAACTAAGGATCACT-4,GARQ,D18,3,40,39,32,0.07147443,T.CD8.Effector
TGCCTGTTCTCCATGC-4,GARQ,D18,3,40,39,17,0.03040409,B.Naive
AGCGCTCAGTAACGGA-4,GARQ,D18,3,40,39,17,0.017743707,B.Naive
AAACGCGCAGCAGGTA-4,GARQ,D18,3,40,39,17,0.01940465,B.Naive
CCAGTTTGTACCGAAC-4,GARQ,D18,3,40,39,30,0.026718318,Mono.CD14
CTACAACAGTAAGTGG-4,GARQ,D18,3,40,39,29,0.1211167,NK
GATAACGAGGCCTTAG-4,GARQ,D18,3,40,39,17,0.1050272,B.Naive
TACTGACAGCACGATT-4,GARQ,D18,3,40,39,30,0.056761146,Mono.CD14
CTAACCTGTGAGCAAG-4,GARQ,D18,3,40,39,36,0.05847442,B.Naive
ACGTACCCAGCAAGGC-4,GARQ,D18,3,40,39,39,0.15027618,T.CD8.Naive
CGAACCGGTGTGTGGT-4,GARQ,D18,3,40,39,30,0.029063463,Mono.CD14
TTCAGGTAGAACAAGT-4,GARQ,D18,3,40,39,30,0.024822474,Mono.CD14
GGTCCGTAGTCAGTAC-4,GARQ,D18,3,40,39,17,0.17969179,B.Naive
CGGATTAGTGAGCACT-4,GARQ,D18,3,40,39,39,0.04603547,T.CD4.Memory
GCTGGATGTTGGTTAG-4,GARQ,D18,3,40,39,7,0.010311365,T.CD4.Naive
TGTTACTTCGAAGCGG-4,GARQ,D18,3,40,39,30,0.018260598,Mono.CD14
TCAGGTTAGGATTTGC-4,GARQ,D18,3,40,39,30,0.08909845,Mono.CD14
TGTCATAAGTTAGCTA-4,GARQ,D18,3,40,39,17,0.1333282,B.Naive
GTACGTAGTTTGGGCG-4,GARQ,D18,3,40,39,30,0.08929217,Mono.CD14
GCATATATCTTGAGCG-4,GARQ,D18,3,40,39,36,0.009954572,B.Naive
GCTTACCTCATAGACC-4,GARQ,D18,3,40,39,35,0.08040184,T.CD8.Naive
ATTCCTCCACTTACAG-4,GARQ,D18,3,40,39,22,0.031662196,Platelets
TTACGTTTCCTAGTAA-4,GARQ,D18,3,40,39,37,0.003886819,T.CD8.Naive
GGATTCAGTTAGAGGG-4,GARQ,D18,3,40,39,30,0.032141805,Mono.CD14
AGCAACAAGCCGCAGT-4,GARQ,D18,3,40,39,29,0.037022173,NK
CCAAACTAGGAGTCTT-4,GARQ,D18,3,40,39,6,0.0377537,T.CD8.Effector
ACGTTGTAGCCATCAG-4,GARQ,D18,3,40,39,30,0.09625006,Mono.CD14
TATCACGCACCTACTT-4,GARQ,D18,3,40,39,22,0.045838118,Mono.CD14
GTTTCAGCAGGCTAGA-4,GARQ,D18,3,40,39,30,0.1013,Mono.CD14
CACGCAATCCTAAATG-4,GARQ,D18,3,40,39,32,0.08372581,T.CD8.Effector
CACCGGTAGTAACTCA-4,GARQ,D18,3,40,39,30,0.109926224,Mono.CD14
AATTTCCTCGGTTCCT-4,GARQ,D18,3,40,39,17,0.011757255,B.Naive
TCAGTAATCGTTTCTG-4,GARQ,D18,3,40,39,5,0.029045403,T.CD8.Effector
GCAGGTGAGCAACATC-4,GARQ,D18,3,40,39,17,0.07258344,B.Naive
AGCACAGCACCTCGCT-4,GARQ,D18,3,40,39,30,0.014021635,Mono.CD16
CACTGACCAATCTCTC-4,GARQ,D18,3,40,39,17,0.059735775,B.Naive
GAGTTGCGTGGCTTCC-4,GARQ,D18,3,40,39,19,0.0033102036,T.CD4.Memory
TTGTCAAAGTAACCCG-4,GARQ,D18,3,40,39,17,0.16300488,B.Naive
CAGAACCGTTGCAATG-4,GARQ,D18,3,40,39,17,0.12744808,B.Naive
GTCAAACTCGCTAGCA-4,GARQ,D18,3,40,39,17,0.26282454,B.Naive
GGCGGTAAGGCGTAAA-4,GARQ,D18,3,40,39,17,0.13229156,B.Naive
CCTCCTCTCGCCTAAG-4,GARQ,D18,3,40,39,5,0.054536283,T.CD8.Effector
ATGCAAACACGTTACA-4,GARQ,D18,3,40,39,30,0.059228897,Mono.CD14
CCATTGTGTCATCATC-4,GARQ,D18,3,40,39,36,0.0315845,B.Naive
GCTTTATTCCTGCGAA-4,GARQ,D18,3,40,39,17,0.027726531,B.Naive
TTGCAGCCAGGCTTGT-4,GARQ,D18,3,40,39,39,0.090191126,T.CD4.Naive
ACTAAAGCAGCTCAAC-4,GARQ,D18,3,40,39,19,0.05408883,T.CD4.Naive
GCTAAGCGTTATAGCG-4,GARQ,D18,3,40,39,30,0.03455758,Mono.CD14
CAGCTCAAGCATGTCG-4,GARQ,D18,3,40,39,19,0.008169413,T.CD4.Naive
CGCTACTTCTCGCCTG-4,GARQ,D18,3,40,39,30,0.03014183,Mono.CD14
GGTATTGGTTCACCAT-4,GARQ,D18,3,40,39,26,0.009373903,T.CD8.Effector
CCCGTAAAGTAGAGGC-4,GARQ,D18,3,40,39,17,0.07227588,B.Naive
CTATTGAAGTCAGTAC-4,GARQ,D18,3,40,39,17,0.047497034,B.Naive
CCAATATCAACCTGGT-4,GARQ,D18,3,40,39,17,0.04591286,B.Naive
CTTGTCCAGGTTTGCG-4,GARQ,D18,3,40,39,39,0.00322479,T.CD8.Effector
TAATGCATCCCGCCTA-4,GARQ,D18,3,40,39,5,0.052962422,NK
GCCAACATCTCCTCTT-4,GARQ,D18,3,40,39,17,0.06527996,B.Naive
AGCACAGCAAGGATTA-4,GARQ,D18,3,40,39,30,0.20987868,Mono.CD14
GCGATTTAGGCAATAG-4,GARQ,D18,3,40,39,17,0.1659019,B.Naive
TCTCCTCGTGGACCTG-4,GARQ,D18,3,40,39,29,0.07144332,NK
CGCGGATTCGCTCCAT-4,GARQ,D18,3,40,39,17,0.025179029,B.Naive
CTTCACTCAATACTGT-4,GARQ,D18,3,40,39,32,0.06689429,T.CD8.Effector
GTCCTCAGTCCGCTGT-4,GARQ,D18,3,40,39,17,0.090975285,B.Naive
AATTTCCTCCGGTTAG-4,GARQ,D18,3,40,39,7,0.115799665,T.CD4.Naive
AGTAGGATCCAGCACA-4,GARQ,D18,3,40,39,11,0.023069978,T.CD4.Memory
TTGTCAAAGGCAATAG-4,GARQ,D18,3,40,39,17,0.009166241,B.Naive
TAACAAGCACATTGCA-4,GARQ,D18,3,40,39,22,0.0010370016,Mono.CD14
ATTATGGTCAGGGCCT-4,GARQ,D18,3,40,39,29,0.14755344,NK
CTAGCTGAGCAAGGTA-4,GARQ,D18,3,40,39,17,0.063179016,B.Activated
TCCTTTACAATTGAAG-4,GARQ,D18,3,40,39,17,0.09866798,B.Naive
ACTATGTCAATCGCAC-4,GARQ,D18,3,40,39,17,0.2123506,B.Naive
AAGCCTGTCTTAGGGT-4,GARQ,D18,3,40,39,29,0.081934094,NK
CGGACAACATTGTGGC-4,GARQ,D18,3,40,39,17,0.25970125,B.Naive
AAGCTAGAGGACAATG-4,GARQ,D18,3,40,39,30,0.0110452175,Mono.CD14
GTAAGGTCATTAGGTT-4,GARQ,D18,3,40,39,36,0.032437444,B.Naive
GCAATGTTCCGCATGA-4,GARQ,D18,3,40,39,19,0.010574222,T.CD4.Naive
TTAACCAAGCCTAACG-4,GARQ,D18,3,40,39,17,0.08249235,B.Naive
GTCATCCTCTTAGCCC-4,GARQ,D18,3,40,39,36,0.033548474,B.Naive
ACGAACAAGGACGTAA-4,GARQ,D18,3,40,39,32,0.023782253,T.CD8.Effector
GCCATTACAGCCTAAC-4,GARQ,D18,3,40,39,17,0.037442684,B.Naive
CGGACCTAGGTAGCTT-4,GARQ,D18,3,40,39,7,0.1442275,T.CD4.Naive
CTCCTCACAAGCGAGC-4,GARQ,D18,3,40,39,36,0.06946659,B.Naive
CCTAAGTAGCCGCAGT-4,GARQ,D18,3,40,39,32,0.01743579,T.CD8.Effector
GAGCTAGCAAGGTCGA-4,GARQ,D18,3,40,39,22,0.022341251,Mono.CD14
GCGCAATGTTTCCTCC-4,GARQ,D18,3,40,39,7,0.031472802,T.CD4.Naive
CGTATTGCAGGTATTT-4,GARQ,D18,3,40,39,32,0.13052559,T.CD8.Effector
TGGTCAAGTTGTTGTC-4,GARQ,D18,3,40,39,39,0.055024028,T.CD4.Naive
AACTGTTCAGCACGAA-4,GARQ,D18,3,40,39,30,0.10162711,Mono.CD14
CTCGACAAGGGATGCG-4,GARQ,D18,3,40,39,17,0.061828375,B.Naive
GAGGCCTTCCCGCAAA-4,GARQ,D18,3,40,39,33,0.0017089844,T.CD4.Memory
GTCCATTGTTGCATCT-4,GARQ,D18,3,40,39,22,0.032498837,Mono.CD14
CACCTGTTCACTAATG-4,GARQ,D18,3,40,39,39,0.019174576,T.CD4.Memory
TGGAACAAGGCGCATC-4,GARQ,D18,3,40,39,2,0.025865674,T.CD4.Naive
TCCTTAGTCACCAATA-4,GARQ,D18,3,40,39,17,0.12504381,B.Naive
TTCAGTTTCTTGTCCA-4,GARQ,D18,3,40,39,17,0.012762785,B.Naive
TTAAGGTGTCATAGAT-4,GARQ,D18,3,40,39,5,0.06504488,T.CD4.Memory
CATCGCTTCGGTTTCC-4,GARQ,D18,3,40,39,5,0.019156218,T.CD8.Effector
GGCTCACAGGATCCGC-4,GARQ,D18,3,40,39,17,0.11722684,B.Naive
GATAACGAGGCCTGGT-4,GARQ,D18,3,40,39,17,0.16638279,B.Naive
CTACTAAAGTAGCTTA-4,GARQ,D18,3,40,39,17,0.038995862,B.Naive
TCCTCTAAGACAAGTG-4,GARQ,D18,3,40,39,7,0.016923308,T.CD4.Memory
TGAAGGATCTCACTAT-4,GARQ,D18,3,40,39,12,0.03326249,T.CD4.Naive
GAGTTACTCAGGAAGC-4,GARQ,D18,3,40,39,17,0.11095619,B.Naive
CCAGCTGCAATAGTCT-4,GARQ,D18,3,40,39,39,0.095838964,T.CD4.Naive
ATGCATTCAAGGTCCT-4,GARQ,D18,3,40,39,19,0.085678816,T.CD8.Naive
TTTGCATTCCTCGATC-4,GARQ,D18,3,40,39,29,0.08505887,NK
TCGTTAGCACCTGTAA-4,GARQ,D18,3,40,39,30,0.027186751,Mono.CD14
GCCTAATAGGGTCTAT-4,GARQ,D18,3,40,39,17,0.0055054426,B.Naive
GCGGTTATCCGTTAAA-4,GARQ,D18,3,40,39,19,0.12691867,T.CD4.Naive
GCGGGTTTCACGCCAA-4,GARQ,D18,3,40,39,17,0.011177778,B.Naive
CACATAATCACAGGAA-4,GARQ,D18,3,40,39,30,0.020820975,Mono.CD14
GAGTGATCATCCCTCA-4,GARQ,D18,3,40,39,7,0.033718944,T.CD8.Naive
GTTAGGCGTTCCATTA-4,GARQ,D18,3,40,39,22,0.028850317,Mono.CD14
AGAGGAACACAAACTT-4,GARQ,D18,3,40,39,16,0.08869004,T.CD4.Memory
CAGGGCTTCCGCAAAT-4,GARQ,D18,3,40,39,5,0.023455441,T.CD8.Effector
CTCTTGATCCAAGTGT-4,GARQ,D18,3,40,39,36,0.02280569,B.Naive
AAAGCAAGTACCAGGT-4,GARQ,D18,3,40,39,39,0.016764045,T.CD8.Naive
AATCCCTGTCTAACCT-4,GARQ,D18,3,40,39,36,0.016282797,B.Naive
ATGTTTGAGGCTAAGA-4,GARQ,D18,3,40,39,10,0.047100306,T.CD8.Effector
GTACCTTGTGACATAT-4,GARQ,D18,3,40,39,17,0.086645246,B.Naive
GTCAGGCTCCGTAAAC-4,GARQ,D18,3,40,39,17,0.079844,B.Naive
TAGGGTTTCTTGCTAT-4,GARQ,D18,3,40,39,7,0.030413032,T.CD4.Naive
TTAGGCCCACATAGCC-4,GARQ,D18,3,40,39,5,0.109773636,T.CD8.Effector
TAGTGGCGTATTTGCC-4,GARQ,D18,3,40,39,36,0.0038856268,B.Activated
GTTTGTAAGACAAACG-4,GARQ,D18,3,40,39,32,0.016070604,T.CD4.Memory
TTGTGCCTCAGCCAAT-4,GARQ,D18,3,40,39,32,0.14039648,T.CD8.Effector
AAGGATCCACAACAAA-4,GARQ,D18,3,40,39,5,0.005332947,T.CD8.Effector
CAGCATGTCGGTCAAT-4,GARQ,D18,3,40,39,7,0.044450045,T.CD4.Memory
TCGTTATTCACAAGCT-4,GARQ,D18,3,40,39,5,0.01940614,T.CD4.Memory
GGACATAAGTAGCTTA-4,GARQ,D18,3,40,39,17,0.05185449,B.Naive
CCGTGCTGTGCCTCAC-4,GARQ,D18,3,40,39,17,0.016683102,B.Naive
CGAGGAAGTTCCGGGA-4,GARQ,D18,3,40,39,16,0.008102536,T.CD4.Memory
GATGGACAGGTTTACA-4,GARQ,D18,3,40,39,35,0.00689137,T.CD8.Effector
GCCTGCTGTGAGCGAA-4,GARQ,D18,3,40,39,37,0.0067300797,T.CD4.Naive
GTGCGGTTCGGCTATG-4,GARQ,D18,3,40,39,32,0.078177094,T.CD4.Memory
AGTAATCGTTCGGTAA-4,GARQ,D18,3,40,39,32,0.047014117,T.CD4.Memory
GTTGGCCAGGAAGCTA-4,GARQ,D18,3,40,39,7,0.026554585,T.CD4.Memory
GCTATCCTCGGGACTC-4,GARQ,D18,3,40,39,19,0.04962969,T.CD4.Memory
GGCTTCAAGGACCTTG-4,GARQ,D18,3,40,39,17,0.066927195,B.Naive
ATGGCCGGTTAGGCGT-4,GARQ,D18,3,40,39,5,0.12999082,T.CD8.Effector
TAGCGGCTCCCTCATA-4,GARQ,D18,3,40,39,1,0.011051536,T.CD4.Memory
CACAATATCACCGGTA-4,GARQ,D18,3,40,39,32,0.019766808,T.CD4.Memory
TCGTGCTTCGCTAGTG-4,GARQ,D18,3,40,39,36,0.03536558,B.Naive
AGAACCGCACCTACGG-4,GARQ,D18,3,40,39,17,0.08302808,B.Naive
GGTTGCTCAGGTTTGC-4,GARQ,D18,3,40,39,19,0.0487175,T.CD4.Memory
GGATACTTCATGCGTG-4,GARQ,D18,3,40,39,16,0.015710771,T.CD4.Memory
GGCCTTAAGGTGCGGA-4,GARQ,D18,3,40,39,29,0.105036736,NK
AGGATGTCAGCAAGGC-4,GARQ,D18,3,40,39,10,0.16223156,T.CD4.Memory
TATTGACCATAAGTTC-4,GARQ,D18,3,40,39,16,0.041197658,T.CD4.Memory
CTTACCGGTGGTTCTT-4,GARQ,D18,3,40,39,17,0.15394199,B.Naive
TGATGAACACAACAGG-4,GARQ,D18,3,40,39,7,0.018444777,T.CD8.Naive
GAGTTACTCATTACTC-4,GARQ,D18,3,40,39,19,0.108299494,T.CD4.Naive
AAGCCTTAGGTAGCTT-4,GARQ,D18,3,40,39,29,0.059129238,NK
ATTAACCCAACTGGCT-4,GARQ,D18,3,40,39,10,0.031141877,T.CD4.Memory
TGACTCCTCATAATCG-4,GARQ,D18,3,40,39,22,0.16576338,Mono.CD16
CAAGGCTGTCATGAGC-4,GARQ,D18,3,40,39,18,0.043526888,T.CD4.Naive
GAGGTTAAGGTTTACA-4,GARQ,D18,3,40,39,39,0.0454818,T.CD4.Memory
GAAGCCTGTGCAACTA-4,GARQ,D18,3,40,39,5,0.005996108,T.CD4.Memory
ATACCTGCACCTGTAA-4,GARQ,D18,3,40,39,18,0.009056687,T.CD4.Memory
CATCACACATCAATCG-4,GARQ,D18,3,40,39,17,0.033866763,B.Naive
CTTATGTTCATTTGCT-4,GARQ,D18,3,40,39,10,0.20504868,T.CD4.Memory
GACCTGATCCGCACAA-4,GARQ,D18,3,40,39,19,0.022432208,T.CD4.Naive
GGTTATATCGGCTAGC-4,GARQ,D18,3,40,39,16,0.002346754,T.CD8.Effector
GGTTAATGTTTAGCGA-4,GARQ,D18,3,40,39,36,0.012043238,B.Naive
AATTAGGCAGGCTAAG-4,GARQ,D18,3,40,39,17,0.13057804,B.Naive
TACCTTTAGGGCTTAT-4,GARQ,D18,3,40,39,16,0.02598995,T.CD4.Memory
TTTAACGAGTAACCCG-4,GARQ,D18,3,40,39,39,0.013708472,T.CD4.Naive
CTTAGGAGTCCGTAGG-4,GARQ,D18,3,40,39,33,0.10281134,T.CD4.Memory
TAGTGGCGTACAATGT-4,GARQ,D18,3,40,39,19,0.022893846,T.CD4.Naive
CAATCCTGTTATCGAG-4,GARQ,D18,3,40,39,19,0.051044226,T.CD4.Memory
CGGAATCGTCAGGAAG-4,GARQ,D18,3,40,39,25,0.057407856,T.CD4.Naive
GTCTTTAGTTAGACCA-4,GARQ,D18,3,40,39,36,0.050459504,B.Naive
GCTTTACGTTAGCAGC-4,GARQ,D18,3,40,39,17,0.08935523,B.Naive
GCCTCAAAGCTAATTG-4,GARQ,D18,3,40,39,17,0.022734642,B.Naive
TTGGTGAGTTACTTGC-4,GARQ,D18,3,40,39,20,0.17609632,T.CD4.Naive
TGTAATGTCGGGACCT-4,GARQ,D18,3,40,39,39,0.029756665,T.CD8.Naive
CAGGACACATTAAAGG-4,GARQ,D18,3,40,39,17,0.08222079,B.Naive
GGGTTATTCTTAGTCT-4,GARQ,D18,3,40,39,32,0.021577835,T.CD8.Effector
CTTACTAGTCTAACCT-4,GARQ,D18,3,40,39,21,0.03738922,T.CD4.Naive
CTTGAACAGGAACGCG-4,GARQ,D18,3,40,39,29,0.058034778,NK
TCCAGGTCATGAAGTA-4,GARQ,D18,3,40,39,17,0.12722409,B.Naive
TCATTGCGTGGTTAGC-4,GARQ,D18,3,40,39,39,0.054751754,T.CD4.Memory
ACTTATCTCACGAATC-4,GARQ,D18,3,40,39,33,0.01880455,T.CD4.Memory
CGAGGTGAGTCGCTAG-4,GARQ,D18,3,40,39,19,0.07339716,T.CD4.Memory
TCCTTGCAGCGCCTAA-4,GARQ,D18,3,40,39,6,0.02043736,T.CD8.Effector
ACCCAACCAGCATGTC-4,GARQ,D18,3,40,39,5,0.121165514,T.CD4.Memory
TCAAGAACAGGATTAA-4,GARQ,D18,3,40,39,22,0.0050156116,Mono.CD14
TTGAGGCGTAACCACA-4,GARQ,D18,3,40,39,7,0.12607789,T.CD8.Naive
GTCGAGGAGGCATTAC-4,GARQ,D18,3,40,39,17,0.06488037,B.Naive
AGTTTGATCCTAAGAC-4,GARQ,D18,3,40,39,5,0.034491062,T.CD4.Naive
GGTTAATGTATCTGGA-4,GARQ,D18,3,40,39,33,0.00657773,T.CD8.Effector
AATTTGCCAATTGAAG-4,GARQ,D18,3,40,39,29,0.03439808,NK
GTCCATTGTGAGGTGA-4,GARQ,D18,3,40,39,21,0.0013327599,T.CD4.Naive
TTTGTCTAGCGGTTAT-4,GARQ,D18,3,40,39,16,0.009955049,T.CD4.Memory
GAAGGATGTTTACTTG-4,GARQ,D18,3,40,39,33,0.032474995,T.CD4.Memory
AACGCTAGTTTAAAGC-4,GARQ,D18,3,40,39,19,0.024573326,T.CD4.Naive
GGCCGTTAGCAAACCT-4,GARQ,D18,3,40,39,6,0.10756385,T.CD8.Effector
GGGTTATTCACATTGA-4,GARQ,D18,3,40,39,5,0.054890513,T.CD8.Effector
CTGACATAGGGATGCG-4,GARQ,D18,3,40,39,35,0.030979872,T.CD8.Effector
TCAAACCAGCCGCAGT-4,GARQ,D18,3,40,39,7,0.11888468,T.CD4.Memory
GATTGGTTCTCTAGCC-4,GARQ,D18,3,40,39,17,0.076695085,B.Naive
AGAAACCCATAAACCT-4,GARQ,D18,3,40,39,27,0.026542425,T.CD4.Memory
TTTAAGGTCCCGCAAA-4,GARQ,D18,3,40,39,19,0.10721278,T.CD4.Naive
GGTATTTCAAACTCAT-4,GARQ,D18,3,40,39,5,0.03100121,T.CD8.Effector
GTGCTTCTCGCACAAT-4,GARQ,D18,3,40,39,5,0.010248601,Platelets
TTGACGTAGACAGGCG-4,GARQ,D18,3,40,39,5,0.051725626,T.CD8.Effector
CGGTTATAGCTCCTTA-4,GARQ,D18,3,40,39,5,0.064110994,T.CD4.Memory
CCCAACCGTAGTAAGA-4,GARQ,D18,3,40,39,5,0.06402254,T.CD8.Effector
GGATATTGTGCTAGCG-4,GARQ,D18,3,40,39,35,0.028523445,T.CD4.Memory
CATGAGGCACAGGAAT-4,GARQ,D18,3,40,39,33,0.024505854,T.CD4.Naive
GTGTGTTAGTTCCTGC-4,GARQ,D18,3,40,39,19,0.02062434,T.CD4.Memory
GATTTGCAGTCACGAT-4,GARQ,D18,3,40,39,29,0.055758,NK
GAAGGATGTGCAACTA-4,GARQ,D18,3,40,39,5,0.054662347,T.CD8.Effector
CAGCATGTCATTATGG-4,GARQ,D18,3,40,39,33,0.077234864,T.CD4.Memory
GTTACGTAGGGTGGAT-4,GARQ,D18,3,40,39,17,0.055972338,B.Naive
GGTTTCCTCTCGCCCA-4,GARQ,D18,3,40,39,33,0.068415165,T.CD4.Memory
TATCGCACAGGCCTTG-4,GARQ,D18,3,40,39,29,0.101480246,NK
CCAAACTAGGGTGAGT-4,GARQ,D18,3,40,39,17,0.13067186,B.Naive
ACCACATAGACAGGTA-4,GARQ,D18,3,40,39,1,0.02196014,T.CD4.Memory
GCAAACTTCCTCATCA-4,GARQ,D18,3,40,39,5,0.032734394,T.CD4.Memory
AAGCTCCCAATGAAGC-4,GARQ,D18,3,40,39,39,0.07924652,T.CD4.Naive
TGGTGCATCCATAAGC-4,GARQ,D18,3,40,39,25,0.010546565,T.CD4.Naive
CTCTATGTCACGAATC-4,GARQ,D18,3,40,39,19,0.032293677,T.CD4.Naive
TTTATGGAGTAACCAC-4,GARQ,D18,3,40,39,23,0.027129412,NK
CTAGCGGGTGCCTCAC-4,GARQ,D18,3,40,39,39,0.036472797,T.CD4.Naive
TGTGAAACAGTAATAG-4,GARQ,D18,3,40,39,17,0.018192291,B.Naive
CATTTGTTCGGTTTCC-4,GARQ,D18,3,40,39,19,0.102516174,T.CD4.Memory
CACAGGGAGGAGTCTT-4,GARQ,D18,3,40,39,32,0.04908991,T.CD8.Effector
CGCTGTGCAGGGAGCT-4,GARQ,D18,3,40,39,39,0.002830863,T.CD4.Memory
AACTAGCTCGAGGAGT-4,GARQ,D18,3,40,39,35,0.027427912,T.CD8.Naive
CGTGCTGCAGTCTAGC-4,GARQ,D18,3,40,39,39,0.031666636,T.CD4.Naive
ACTAACGGTTGTTGTC-4,GARQ,D18,3,40,39,22,0.11436093,Mono.CD16
CCAGTTTGTGGATTCA-4,GARQ,D18,3,40,39,36,0.0050284863,B.Activated
GCAAACAAGGTGCTGC-4,GARQ,D18,3,40,39,35,0.03199148,T.CD4.Naive
TGGAACAAGAGCCGCT-4,GARQ,D18,3,40,39,39,0.06124544,T.CD8.Naive
TTCTTAGGTTAGGACC-4,GARQ,D18,3,40,39,29,0.09202075,NK
CGCATTACACAGGGAC-4,GARQ,D18,3,40,39,29,0.10348153,NK
GATCGCTCACAAGCCT-4,GARQ,D18,3,40,39,39,0.00033199787,T.CD4.Memory
AAGTAGCCAGAACCGA-4,GARQ,D18,3,40,39,29,0.20073146,T.CD8.Effector
CGATCCTTCAGCTAAC-4,GARQ,D18,3,40,39,13,0.012587845,T.CD4.Naive
TATGTGATCCGTTAAA-4,GARQ,D18,3,40,39,19,0.071042776,T.CD4.Memory
CGTTAACAGGAACACA-4,GARQ,D18,3,40,39,19,0.08810675,T.CD4.Naive
GAGTTACTCTATTGTC-4,GARQ,D18,3,40,39,33,0.043174982,T.CD4.Memory
AATGAAGGTCTAACAG-4,GARQ,D18,3,40,39,23,0.01778984,NK
AGTTACTCACCAACCG-4,GARQ,D18,3,40,39,16,0.07327449,T.CD4.Memory
GATTGCAGTAGCTGCG-4,GARQ,D18,3,40,39,5,0.0537616,T.CD8.Effector
ATGACTCAGAATCTCA-4,GARQ,D18,3,40,39,5,0.011903524,T.CD4.Memory
GGACATAAGCGCATTG-4,GARQ,D18,3,40,39,4,0.0015223026,T.CD4.Naive
TGGCCTTTCACATTGA-4,GARQ,D18,3,40,39,18,0.002163887,T.CD4.Memory
ATGCAAACAACCCTAA-4,GARQ,D18,3,40,39,19,0.020716846,T.CD4.Memory
GTTACTCGTTAGGTTG-4,GARQ,D18,3,40,39,29,0.16357994,NK
TCCGCCATCGTAACGT-4,GARQ,D18,3,40,39,5,0.13349652,T.CD8.Effector
GGTCATTAGTTAGAGG-4,GARQ,D18,3,40,39,5,0.001919508,T.CD8.Effector
TGCTTCCAGCTTTGGG-4,GARQ,D18,3,40,39,39,0.03337872,T.CD4.Memory
TATTTGCTCTTGGACG-4,GARQ,D18,3,40,39,16,0.0012387037,T.CD4.Memory
TGAGGGAGTGTGTGGT-4,GARQ,D18,3,40,39,19,0.060712576,T.CD4.Memory
TAAGGACCAACCCTCC-4,GARQ,D18,3,40,39,17,0.17370832,B.Naive
CCTGACTTCACAGGAA-4,GARQ,D18,3,40,39,19,0.08210838,T.CD4.Naive
CCGTTAACAAATTCGT-4,GARQ,D18,3,40,39,18,0.020799994,T.CD4.Memory
ATCATCAAGTTTCCTG-4,GARQ,D18,3,40,39,33,0.008332849,T.CD4.Memory
TCGACAAGTAGACAAA-4,GARQ,D18,3,40,39,39,0.009993315,T.CD4.Naive
CTAGTCGAGGTAAGGC-4,GARQ,D18,3,40,39,5,0.026347637,T.CD4.Memory
TTGTGAGGTCGCAATA-4,GARQ,D18,3,40,39,30,0.04341173,Mono.CD14
TACGTTAAGTAACGAG-4,GARQ,D18,3,40,39,39,0.101985455,T.CD4.Naive
TTTCATCAGGGATGAC-4,GARQ,D18,3,40,39,39,0.012549639,T.CD4.Memory
CGAGTCGGTATTGTGG-4,GARQ,D18,3,40,39,19,0.06312728,T.CD4.Naive
TTGATGTCATCAGCAC-4,GARQ,D18,3,40,39,39,0.038876534,T.CD8.Naive
CGAGCGAAGACTATTG-4,GARQ,D18,3,40,39,39,0.011407971,T.CD4.Naive
CTGGCTAAGCAGGTGG-4,GARQ,D18,3,40,39,39,0.07808304,T.CD4.Memory
CTCATTGTCTCAATAG-4,GARQ,D18,3,40,39,29,0.12380552,NK
CCGACAGGTTTGTGGA-4,GARQ,D18,3,40,39,19,0.0008075237,T.CD4.Naive
AATTTGCCACTCGCTC-4,GARQ,D18,3,40,39,29,0.110563576,NK
AGCTTTAAGCACGATT-4,GARQ,D18,3,40,39,39,0.052435517,T.CD4.Memory
CGCACAATCGATAACC-4,GARQ,D18,3,40,39,39,0.10672915,T.CD4.Naive
CTCATTTAGGTAGCTT-4,GARQ,D18,3,40,39,25,0.027917027,T.CD4.Naive
GTTAATGTCATTGTTC-4,GARQ,D18,3,40,39,36,0.048398614,B.Naive
TTGGGCCAGGATCCGC-4,GARQ,D18,3,40,39,25,0.059642434,T.CD4.Naive
TTAAGGACAGTTATCG-4,GARQ,D18,3,40,39,5,0.0118511915,T.CD8.Effector
GCTAACAGTTACGCGG-4,GARQ,D18,3,40,39,17,0.05125022,B.Naive
GCCTTGCGTTCATCTA-4,GARQ,D18,3,40,39,5,0.04931009,T.CD4.Memory
TGGACCGGTGCTAGCG-4,GARQ,D18,3,40,39,21,0.04206741,T.CD8.Naive
GTTAAGTGTGATGATT-4,GARQ,D18,3,40,39,25,0.041882277,T.CD4.Naive
TTGTTCCCATGGCCCA-4,GARQ,D18,3,40,39,33,0.013064861,T.CD4.Naive
TCCTAGTGTGCTAGAC-4,GARQ,D18,3,40,39,10,0.011518538,T.CD4.Naive
GTTTACCGTCATGAGC-4,GARQ,D18,3,40,39,33,0.017499447,T.CD4.Naive
CCATAGCCACACCAAC-4,GARQ,D18,3,40,39,7,0.081437945,T.CD8.Naive
CTGGTAAGTAATGACT-4,GARQ,D18,3,40,39,35,0.030355334,T.CD4.Naive
AAGGATTAGCTTCCCG-4,GARQ,D18,3,40,39,23,0.01847434,NK
TACAACATCAAGCGCC-4,GARQ,D18,3,40,39,5,0.004900396,T.CD8.Naive
GGTACCGGTATTTGGG-4,GARQ,D18,3,40,39,19,0.01560998,T.CD4.Naive
AAACCGCGTCATGAGC-4,GARQ,D18,3,40,39,21,0.039847374,T.CD4.Naive
CCTGTTGGTACCTTAC-4,GARQ,D18,3,40,39,5,0.02117598,T.CD8.Effector
AATTGCCAGGCATGTT-4,GARQ,D18,3,40,39,19,0.012530923,T.CD4.Naive
AGCCTCCGTTAGTGAT-4,GARQ,D18,3,40,39,39,0.014110684,T.CD4.Naive
AACCTCCTCCAGGTTG-4,GARQ,D18,3,40,39,32,0.00029730797,T.CD8.Effector
CGAGGTGAGGCCTTAG-4,GARQ,D18,3,40,39,13,0.034380794,T.CD4.Memory
AGGAGCTAGTCTCACC-4,GARQ,D18,3,40,39,2,0.0667392,T.CD4.Naive
GCTAGCGGTCATGCCC-4,GARQ,D18,3,40,39,39,0.057813704,T.CD4.Naive
TCCAGCAAGGCGGATG-4,GARQ,D18,3,40,39,16,0.07108235,T.CD8.Effector
ATGTGAGAGACTTATG-4,GARQ,D18,3,40,39,25,0.06417644,T.CD8.Naive
AACCTTGCAAGATTCT-4,GARQ,D18,3,40,39,5,0.013626814,T.CD8.Effector
TGGCTATAGGAGCATA-4,GARQ,D18,3,40,39,21,0.0089885,T.CD4.Naive
CTCAGGATCCCTGGTT-4,GARQ,D18,3,40,39,39,0.013932705,T.CD8.Naive
AGCTAGTTCAGGAACA-4,GARQ,D18,3,40,39,5,0.07710719,T.CD4.Memory
GCCTTAACAATGCCCG-4,GARQ,D18,3,40,39,32,0.13988018,T.CD8.Effector
GGAACAATCCCTGATC-4,GARQ,D18,3,40,39,19,0.08932781,T.CD4.Memory
TCTAGCCTCGGTACGC-4,GARQ,D18,3,40,39,19,0.1156435,T.CD4.Naive
GCAAGTCGTTAATGAC-4,GARQ,D18,3,40,39,5,0.022211552,T.CD8.Effector
GTTGTTGCATTGTGAT-4,GARQ,D18,3,40,39,33,0.07187724,T.CD4.Naive
CAATGTCAGTTGCGTG-4,GARQ,D18,3,40,39,30,0.14251804,Mono.CD14
TAAGCCAGTGTTTCAC-4,GARQ,D18,3,40,39,5,0.083593845,T.CD4.Memory
CTTTGGGAGAGAGCCG-4,GARQ,D18,3,40,39,18,0.03832358,T.CD8.Naive
AGGCTAAAGGGCCATC-4,GARQ,D18,3,40,39,21,0.06768811,T.CD4.Naive
TGCAATATCCTTAATC-4,GARQ,D18,3,40,39,33,0.062231064,T.CD4.Naive
ATATGCTCAGGCCATT-4,GARQ,D18,3,40,39,29,0.06991315,NK
CGGTTGGGTTGGTTCT-4,GARQ,D18,3,40,39,18,0.027505696,T.CD8.Naive
ATGAAGTAGCATCCAG-4,GARQ,D18,3,40,39,10,0.0073304176,T.CD4.Naive
AGCGTGCTCGTGCCTT-4,GARQ,D18,3,40,39,29,0.0026801825,NK
ATGACAACAGATAGAC-4,GARQ,D18,3,40,39,19,0.018975735,T.CD8.Effector
CCATCATGTTTGGTTC-4,GARQ,D18,3,40,39,35,0.039577603,T.CD4.Memory
TCGCATTGTTAGGACC-4,GARQ,D18,3,40,39,5,0.0019329786,T.CD4.Memory
GACCTGATCTTTGACT-4,GARQ,D18,3,40,39,13,0.031229496,T.CD4.Naive
AGTAATGCAAACCTAT-4,GARQ,D18,3,40,39,25,0.055414677,T.CD4.Naive
ACGAATCTCGATTCTT-4,GARQ,D18,3,40,39,17,0.14728177,B.Naive
ACTAAAGCAATGAAGC-4,GARQ,D18,3,40,39,21,0.078205585,T.CD4.Memory
CGGTAACGTTGTTGCT-4,GARQ,D18,3,40,39,29,0.0043513775,NK
CGGCAATGTTGCACAA-4,GARQ,D18,3,40,39,21,0.05838871,T.CD4.Naive
AATCGCCCATTTAAGC-4,GARQ,D18,3,40,39,33,0.14199579,T.CD4.Naive
CGCAATAGTGCATTTC-4,GARQ,D18,3,40,39,19,0.010644674,T.CD4.Naive
CCGTTACTCGGTTTCC-4,GARQ,D18,3,40,39,25,0.16235375,T.CD4.Naive
TCCATGCTCTATCGCC-4,GARQ,D18,3,40,39,5,0.020274282,T.CD4.Memory
GACTAATGTGGCTTCC-4,GARQ,D18,3,40,39,33,0.029447436,T.CD4.Naive
TCCTGGTTCGGCCAGT-4,GARQ,D18,3,40,39,5,0.030335903,NK
TAGGAGGGTCAAGTAT-4,GARQ,D18,3,40,39,29,0.08466804,NK
CTTCTCAAGGCGGGTA-4,GARQ,D18,3,40,39,25,0.07377732,T.CD4.Naive
TCGTTTCCAGGCATCT-4,GARQ,D18,3,40,39,33,0.051924765,T.CD4.Memory
TACGGATTCTAACCTT-4,GARQ,D18,3,40,39,21,0.025561452,T.CD4.Memory
TCCTGTTCATGCTCCC-4,GARQ,D18,3,40,39,32,0.13240123,T.CD8.Effector
ATCACAATCCGCAACA-4,GARQ,D18,3,40,39,21,0.013084412,T.CD8.Naive
CTAATCCGTATTTGGG-4,GARQ,D18,3,40,39,33,0.054677606,T.CD8.Naive
TCTCAAGCAGTTAAAG-4,GARQ,D18,3,40,39,21,0.010294259,T.CD8.Naive
AAGACCAAGGGTGGAT-4,GARQ,D18,3,40,39,25,0.042944193,T.CD8.Naive
AGGGCCTTCATGGTGT-4,GARQ,D18,3,40,39,33,0.016983151,T.CD4.Memory
CGAATCTAGCGAGTAA-4,GARQ,D18,3,40,39,32,0.0007864237,T.CD8.Effector
CGGCCATAGCAAGGTA-4,GARQ,D18,3,40,39,33,0.09315455,T.CD4.Memory
GGCTATTAGGAAGCTA-4,GARQ,D18,3,40,39,38,0.006708741,T.CD4.Memory
TATAGCCAGTGACCTG-4,GARQ,D18,3,40,39,21,0.05714774,T.CD4.Memory
TGTGCGCAGTAACGAG-4,GARQ,D18,3,40,39,19,0.059256196,T.CD4.Memory
GCTGTAAGTTTGCTGT-4,GARQ,D18,3,40,39,25,0.055813074,T.CD4.Memory
ATGATGGAGACAGGCG-4,GARQ,D18,3,40,39,5,0.013302684,T.CD4.Memory
CTTAAGATCGGTTCCT-4,GARQ,D18,3,40,39,33,0.059511423,T.CD4.Naive
CTTTCTTGTTAACAGT-4,GARQ,D18,3,40,39,25,0.03217578,T.CD4.Naive
GGGAATATCGCCTGTT-4,GARQ,D18,3,40,39,5,0.0064276457,T.CD8.Effector
GACTTACAGGCTACTG-4,GARQ,D18,3,40,39,21,0.04378581,T.CD8.Naive
TCATTGTTCGGTACGC-4,GARQ,D18,3,40,39,31,0.02100277,T.CD8.Effector
TCTACTAGTCCGGTTC-4,GARQ,D18,3,40,39,17,0.2410233,B.Naive
ATTGCAGGTTCTTTAG-4,GARQ,D18,3,40,39,13,0.010001302,T.CD4.Memory
GATTGGTTCGTGCCTT-4,GARQ,D18,3,40,39,21,0.04689884,T.CD4.Naive
TCGCCCATCGGCCAGT-4,GARQ,D18,3,40,39,22,0.020223856,Mono.CD14
CTATGATCAGCAACAG-4,GARQ,D18,3,40,39,21,0.056916714,T.CD4.Memory
TCCTAGTGTCATAACG-4,GARQ,D18,3,40,39,39,0.010978818,T.CD4.Memory
CGATTCCTCCCTCGCA-4,GARQ,D18,3,40,39,33,0.009701967,T.CD4.Naive
TTTGTGAAGTTTCCGC-4,GARQ,D18,3,40,39,19,0.060566068,T.CD4.Naive
TCCGGTTTCTCACTCA-4,GARQ,D18,3,40,39,21,0.056028605,T.CD4.Naive
TGGGCCTAGCACTTGG-4,GARQ,D18,3,40,39,19,0.008549988,T.CD4.Memory
GGTCAATTCAATCTAG-4,GARQ,D18,3,40,39,33,0.005224347,T.CD4.Naive
GTGAGCGAGTGCTGTG-4,GARQ,D18,3,40,39,23,0.034057736,NK
ATTTGTGAGAAACTGG-4,GARQ,D18,3,40,39,25,0.12926209,T.CD4.Naive
TTGACATCATTATGCG-4,GARQ,D18,3,40,39,21,0.095607996,T.CD4.Naive
AAATCCGGTACTTAGG-4,GARQ,D18,3,40,39,33,0.020718098,T.CD4.Naive
CGATTGAGTTACCTGT-4,GARQ,D18,3,40,39,32,0.033928037,T.CD8.Effector
ATCGAGGCAAATACCT-4,GARQ,D18,3,40,39,21,0.043366075,T.CD4.Naive
ATCACTAAGTGAACGA-4,GARQ,D18,3,40,39,39,0.12103033,T.CD8.Naive
ACGGTACGTCGTTACT-4,GARQ,D18,3,40,39,29,0.08698094,NK
CTAAGTCAGCGATAAG-4,GARQ,D18,3,40,39,19,0.06146705,T.CD8.Naive
CTGACATAGGCCCAGT-4,GARQ,D18,3,40,39,10,0.10039067,T.CD8.Effector
GGAGGTTAGCGCCTTT-4,GARQ,D18,3,40,39,33,0.07143164,T.CD4.Memory
GTTACGCCACCCTCAC-4,GARQ,D18,3,40,39,25,0.042950988,T.CD4.Memory
GTGAATCTCCACCTGT-4,GARQ,D18,3,40,39,21,0.026391685,T.CD4.Naive
CAAGGGAGTTACTTCA-4,GARQ,D18,3,40,39,39,0.045010924,T.CD4.Naive
TTTCATCAGCCGCAGT-4,GARQ,D18,3,40,39,10,0.030772686,T.CD8.Effector
ATTTAGCCACCACAAC-4,GARQ,D18,3,40,39,19,0.09746897,T.CD4.Memory
CAAACATGTAGCCTCC-4,GARQ,D18,3,40,39,21,0.024699688,T.CD4.Memory
GTGCTTCTCGATATTG-4,GARQ,D18,3,40,39,8,0.0016512871,T.CD4.Memory
TCCATATTCCACCTTA-4,GARQ,D18,3,40,39,29,0.043839693,T.CD8.Effector
GGATTATGTTGCCTCA-4,GARQ,D18,3,40,39,17,0.06959438,B.Naive
TCTAACCGTGTAACCA-4,GARQ,D18,3,40,39,32,0.02526629,T.CD4.Memory
GCTTTATTCCAGGTTG-4,GARQ,D18,3,40,39,29,0.10712987,T.CD8.Effector
AAAGGTTAGGAGTCGG-4,GARQ,D18,3,40,39,33,0.021355987,T.CD4.Memory
GGATTATGTGTTGTAG-4,GARQ,D18,3,40,39,25,0.0019737482,T.CD4.Memory
TAAGCTATCCTGGCTT-4,GARQ,D18,3,40,39,36,0.09412694,B.Naive
TGGAACAAGTGAACCT-4,GARQ,D18,3,40,39,25,0.018277645,T.CD4.Memory
AACCCGCAGCCGCTTT-4,GARQ,D18,3,40,39,25,0.02166748,T.CD4.Memory
CATAGCTAGTAAACCC-4,GARQ,D18,3,40,39,13,0.003015995,T.CD4.Naive
ACAGGCTGTACCCACC-4,GARQ,D18,3,40,39,22,0.028136253,Mono.CD16
TACTTCGTCTACCTCA-4,GARQ,D18,3,40,39,21,0.01432538,T.CD4.Memory
TGTGGCCAGCATGGTT-4,GARQ,D18,3,40,39,33,0.022590637,T.CD4.Naive
GCTCACAAGGAGGACT-4,GARQ,D18,3,40,39,33,0.010330081,T.CD4.Memory
CGGTTTCTCGTAATCA-4,GARQ,D18,3,40,39,21,0.009491444,T.CD8.Naive
AAGACCAAGTGGACAA-4,GARQ,D18,3,40,39,33,0.09878218,T.CD4.Naive
ATGTTTGAGGTCGATT-4,GARQ,D18,3,40,39,18,0.040851057,T.CD4.Memory
GTTGGCGGTAGCTAAT-4,GARQ,D18,3,40,39,39,0.07883227,T.CD4.Naive
AGGATCCGTGAGCACT-4,GARQ,D18,3,40,39,25,0.07060075,T.CD4.Naive
GACCTAGTCCTTGCAC-4,GARQ,D18,3,40,39,35,0.04049194,T.CD8.Naive
GATTATGTCGGTTAGT-4,GARQ,D18,3,40,39,25,0.04472959,T.CD4.Naive
TGTCCTTCAAGTGTCC-4,GARQ,D18,3,40,39,29,0.024497151,T.CD8.Effector
AGTAAGTAGCGGTTAT-4,GARQ,D18,3,40,39,29,0.112935305,NK
GAAGGAACAATTAACC-4,GARQ,D18,3,40,39,21,0.040238857,T.CD4.Memory
AGCAAGGGTGCGCAAT-4,GARQ,D18,3,40,39,39,0.061356425,T.CD8.Effector
TCTATGTTCCTGCGAA-4,GARQ,D18,3,40,39,35,0.011535764,T.CD4.Naive
ACGAGTAAGTATTGTG-4,GARQ,D18,3,40,39,16,0.06805587,T.CD4.Memory
CAACTAATCATGGCCA-4,GARQ,D18,3,40,39,19,0.001844883,T.CD4.Memory
ATCGAGGCAGGTTACC-4,GARQ,D18,3,40,39,21,0.07148147,T.CD4.Naive
TGGCCAATCCTGATGG-4,GARQ,D18,3,40,39,21,0.010961056,T.CD8.Naive
TCAGTGAGTTTCGCCA-4,GARQ,D18,3,40,39,39,0.03640926,T.CD4.Memory
GAGGTACAGGTTTACA-4,GARQ,D18,3,40,39,35,0.028052568,T.CD4.Naive
CAGGGTGAGTATTGGC-4,GARQ,D18,3,40,39,8,0.021187186,T.CD8.Effector
TCTCAAGCAGTAGGTG-4,GARQ,D18,3,40,39,25,0.054993153,T.CD4.Naive
CGCCAAATCCATAAGC-4,GARQ,D18,3,40,39,39,0.087491274,T.CD4.Memory
AGCTTCCTCAATACGC-4,GARQ,D18,3,40,39,5,0.03468752,T.CD8.Effector
ACCTAAGGTCGTTACT-4,GARQ,D18,3,40,39,19,0.03488183,T.CD4.Memory
TAAGGACCACACCAAC-4,GARQ,D18,3,40,39,33,0.110366106,T.CD4.Memory
TGTGAAACAGCCGCTA-4,GARQ,D18,3,40,39,25,0.06448686,T.CD4.Memory
CTTTGAGCAGCAAATA-4,GARQ,D18,3,40,39,33,0.037454605,T.CD4.Naive
CTATGGCCAGCGCTTG-4,GARQ,D18,3,40,39,33,0.12966442,T.CD4.Naive
AAAGCCGCAATTGACT-4,GARQ,D18,3,40,39,21,0.0650959,T.CD4.Naive
TTGCAAGGTGGACCTG-4,GARQ,D18,3,40,39,5,0.036785603,T.CD4.Memory
GCAAACTTCATAACGC-4,GARQ,D18,3,40,39,5,0.0640291,T.CD4.Memory
AGTTTGCAGTCATTGA-4,GARQ,D18,3,40,39,30,0.1930846,Mono.CD14
AGCATTTCAAGGAATC-4,GARQ,D18,3,40,39,19,0.041265488,T.CD8.Naive
GTTTGTCGTCAAAGAA-4,GARQ,D18,3,40,39,33,0.08199227,T.CD4.Memory
CAAGGGAGTAATTAGC-4,GARQ,D18,3,40,39,28,0.0007315874,T.CD4.Memory
CGGCAATGTTGGTGAC-4,GARQ,D18,3,40,39,23,0.050651193,T.CD8.Effector
CATCCTGGTAATCGCA-4,GARQ,D18,3,40,39,8,0.026295304,T.CD4.Memory
TTTAGCAAGGCTACTG-4,GARQ,D18,3,40,39,25,0.08597994,T.CD4.Memory
TATTACCTCGAAGCGG-4,GARQ,D18,3,40,39,17,0.054524183,B.Naive
TTGACTAAGCATGTTA-4,GARQ,D18,3,40,39,25,0.055770874,T.CD4.Naive
AGGTTTGGTTCCTGAT-4,GARQ,D18,3,40,39,5,0.123606324,T.CD8.Effector
GAGGTACAGGCAGGTG-4,GARQ,D18,3,40,39,33,0.08791137,T.CD4.Memory
CTTAGTTTCTCCATGC-4,GARQ,D18,3,40,39,19,0.16686952,T.CD4.Memory
CACATAATCCCTCGCA-4,GARQ,D18,3,40,39,21,0.059096575,T.CD4.Memory
CTCGCTAGTAAGCACC-4,GARQ,D18,3,40,39,25,0.046144724,T.CD4.Naive
GAGGAGGCATAGCGAG-4,GARQ,D18,3,40,39,23,0.1706301,NK
TCAAGACTCAGTTCCC-4,GARQ,D18,3,40,39,25,0.037233114,T.CD4.Naive
TCATGTTTCTAATCCT-4,GARQ,D18,3,40,39,25,0.03543806,T.CD4.Naive
CGTTATTTCATGCTAA-4,GARQ,D18,3,40,39,21,0.0052068233,T.CD8.Naive
GGATTTATCCTAAGGT-4,GARQ,D18,3,40,39,32,0.054139137,T.CD8.Effector
AAATGCCTCAATGACC-4,GARQ,D18,3,40,39,19,0.052541733,T.CD4.Memory
AAAGCGGGTCATTAGG-4,GARQ,D18,3,40,39,17,0.05633378,B.Naive
AACGCTAGTTGCCTCA-4,GARQ,D18,3,40,39,5,0.120093584,T.CD8.Effector
CTAGTTGCACTTAGGC-4,GARQ,D18,3,40,39,29,0.11710769,NK
GTCATTAAGCGCTAAT-4,GARQ,D18,3,40,39,23,0.013082266,NK
CTATGATCACGTGCTG-4,GARQ,D18,3,40,39,33,0.04207039,T.CD4.Naive
GCGGTTATCGGTAACT-4,GARQ,D18,3,40,39,18,0.058808208,T.CD8.Naive
GGTGTTGTCAAGACTC-4,GARQ,D18,3,40,39,5,0.14160156,T.CD8.Effector
TCTAGCCTCCCGCAAA-5,GARQ,D18,3,40,39,30,0.1382103,Mono.CD14
AGTGCGGAGTTTAACG-5,GARQ,D18,3,40,39,5,0.02634424,T.CD4.Memory
TCCTAGTGTTTGGTTC-5,GARQ,D18,3,40,39,37,0.24307531,T.CD4.Memory
CGAATATGTGCGCAAT-5,GARQ,D18,3,40,39,30,0.019876003,Mono.CD14
AATATCCCAAGGTGGC-5,GARQ,D18,3,40,39,17,0.2540161,B.Naive
GGCTGTCAGTCCTTCA-5,GARQ,D18,3,40,39,16,0.020817637,T.CD4.Memory
ATTACGTCACCTAAGC-5,GARQ,D18,3,40,39,30,0.01941812,Mono.CD14
GTACTTCGTTACTTCA-5,GARQ,D18,3,40,39,36,0.02053392,B.Naive
TATCGCGAGCTGGACC-5,GARQ,D18,3,40,39,16,0.04735136,T.CD4.Memory
AATCTCAAGCCTGACA-5,GARQ,D18,3,40,39,17,0.19099951,B.Naive
GAAAGCCAGCACTAGT-5,GARQ,D18,3,40,39,29,0.07025993,NK
CCTGCTCCAATTGCGC-5,GARQ,D18,3,40,39,17,0.066057324,B.Naive
TGGTCCTTCTTAGTGA-5,GARQ,D18,3,40,39,22,0.06862819,Mono.CD16
TGATCAGGTAGGTTTG-5,GARQ,D18,3,40,39,30,0.00085639954,Mono.CD14
CGTCATTGTCATAACG-5,GARQ,D18,3,40,39,22,0.066797495,Mono.CD14
CAGGGCTTCGCACAAT-5,GARQ,D18,3,40,39,17,0.13835025,B.Naive
AACCTTAAGGAACGCG-5,GARQ,D18,3,40,39,30,0.032324195,Mono.CD14
ATTAGGTGTGACCTGG-5,GARQ,D18,3,40,39,17,0.18777895,B.Naive
ACGAGTAAGGATTTGC-5,GARQ,D18,3,40,39,37,0.031873465,T.CD8.Naive
TCATGAGGTTAGCCAA-5,GARQ,D18,3,40,39,17,0.19561481,B.Naive
AAGCCTGTCGATTTGA-5,GARQ,D18,3,40,39,17,0.23234391,B.Naive
GGCATTGTCATGTTTC-5,GARQ,D18,3,40,39,30,0.031660914,Mono.CD14
GTCTTTGTCCAAGTGT-5,GARQ,D18,3,40,39,17,0.1925137,B.Naive
CAAAGCGCATAGCGAG-5,GARQ,D18,3,40,39,16,0.0007658005,T.CD4.Memory
ACACGGACACAGCCTG-5,GARQ,D18,3,40,39,16,0.0394845,T.CD4.Memory
GTTCTTGTCACTCAAA-5,GARQ,D18,3,40,39,30,0.12740761,Mono.CD14
TTCATCCCAACCTAAT-5,GARQ,D18,3,40,39,22,0.014480352,Mono.CD14
AGTTATGTCGTCAAGT-5,GARQ,D18,3,40,39,30,0.0013892651,Mono.CD14
TTGTGAGGTGGATTAT-5,GARQ,D18,3,40,39,30,0.03556633,Mono.CD14
CTACTTAGTTGTTGGA-5,GARQ,D18,3,40,39,39,0.17827207,T.CD8.Naive
GTCGCAATCCACCTTA-5,GARQ,D18,3,40,39,17,0.014913082,B.Naive
CGAATCTAGCACAGGG-5,GARQ,D18,3,40,39,17,0.095023274,B.Naive
GCCTGAGGTATTCGTC-5,GARQ,D18,3,40,39,36,0.011799097,B.Naive
AATCGCCCAGAGGGAG-5,GARQ,D18,3,40,39,30,0.11637831,Mono.CD14
TTTAAGGTCCTGAGTG-5,GARQ,D18,3,40,39,30,0.12802172,Mono.CD14
CTCCCTGAGGTTAGCT-5,GARQ,D18,3,40,39,22,0.06478965,DC.Myeloid
GACGTAAAGTGAGAGC-5,GARQ,D18,3,40,39,17,0.12470007,B.Naive
GTACAATGTGCTCCGT-5,GARQ,D18,3,40,39,17,0.15037096,B.Naive
TGTATCCGTGCTCACC-5,GARQ,D18,3,40,39,17,0.16588259,B.Naive
TACCGCAAGTAACCCG-5,GARQ,D18,3,40,39,17,0.015166163,B.Naive
CTTCATCCATCAATCG-5,GARQ,D18,3,40,39,36,0.0023870468,B.Naive
AGGTTAACAATTAACC-5,GARQ,D18,3,40,39,17,0.06973982,B.Naive
ACTAAAGCAATCGCAC-5,GARQ,D18,3,40,39,37,0.13414133,T.CD8.Naive
AGCAATTGTCACGAAC-5,GARQ,D18,3,40,39,32,0.0023803115,T.CD8.Effector
GTGTCCAAGTGAGGGT-5,GARQ,D18,3,40,39,17,0.052147985,B.Naive
GCAATCTAGGTAAGGC-5,GARQ,D18,3,40,39,36,0.07693815,B.Naive
TACGTTAAGCATGTCG-5,GARQ,D18,3,40,39,39,0.038256407,T.CD4.Naive
CCAGACTCAGGAACAT-5,GARQ,D18,3,40,39,22,0.008839607,Mono.CD14
TTTGACTTCGACAAAG-5,GARQ,D18,3,40,39,17,0.010348558,B.Naive
TCCTTGCAGGTGCTGC-5,GARQ,D18,3,40,39,30,0.09236264,Mono.CD14
CAGGTGGAGTGAGGGT-5,GARQ,D18,3,40,39,39,0.007820964,T.CD8.Effector
GCCTTAGAGGCGGGTA-5,GARQ,D18,3,40,39,17,0.06845617,B.Naive
ATGATGGAGTTAGTTG-5,GARQ,D18,3,40,39,30,0.020758629,Mono.CD14
CCCTCATAGGTAACGA-5,GARQ,D18,3,40,39,17,0.23611164,B.Naive
CCCAGCACATTGACAT-5,GARQ,D18,3,40,39,17,0.16238916,B.Naive
AAGTGAAGTTAACACG-5,GARQ,D18,3,40,39,22,0.06861591,Mono.CD14
CAAGTAACAGTAAAGC-5,GARQ,D18,3,40,39,22,0.06770527,Mono.CD14
CCGCAAATCCTTCGTA-5,GARQ,D18,3,40,39,17,0.049220443,B.Naive
AGTGAGTCATGAAATG-5,GARQ,D18,3,40,39,22,0.01750648,Mono.CD14
CAACAATGTGATTACG-5,GARQ,D18,3,40,39,22,0.065003276,Mono.CD14
ATACCTGCAGAATGAC-5,GARQ,D18,3,40,39,30,0.06098032,Mono.CD14
CAGCTAAGTACCGAAC-5,GARQ,D18,3,40,39,30,0.025718093,Mono.CD14
GTTACGCCACCTGTAA-5,GARQ,D18,3,40,39,30,0.020410776,Mono.CD14
GTGCTTACAAGCGAGC-5,GARQ,D18,3,40,39,22,0.0389719,Mono.CD14
GAAGTAAGTAACGTGC-5,GARQ,D18,3,40,39,17,0.06352198,B.Naive
AGTAAACAGTTAGGCT-5,GARQ,D18,3,40,39,39,0.12630165,T.CD4.Memory
CGGAGTCTCAGGAACA-5,GARQ,D18,3,40,39,17,0.031105518,B.Naive
ATGAGCCGTGCAACTA-5,GARQ,D18,3,40,39,17,0.100604534,B.Naive
TTTCAGTTCTCAATAG-5,GARQ,D18,3,40,39,7,0.036616683,T.CD4.Naive
CGCACCACATAGCTTG-5,GARQ,D18,3,40,39,17,0.08076811,B.Naive
TATCACAAGACAGGTA-5,GARQ,D18,3,40,39,22,0.19073737,Mono.CD16
TAACCAGGTTAACGGC-5,GARQ,D18,3,40,39,32,0.22058201,T.CD8.Effector
CTTTGTCCACTCAACA-5,GARQ,D18,3,40,39,36,0.097862005,B.Naive
ATCAGGTTCACATTGA-5,GARQ,D18,3,40,39,30,0.043448806,Mono.CD14
ACGAACAAGTTTGAGC-5,GARQ,D18,3,40,39,30,0.12659228,Mono.CD14
TACTTGTTCACACAGT-5,GARQ,D18,3,40,39,37,0.15646094,T.CD4.Memory
TTCCTCAAGGCTACTG-5,GARQ,D18,3,40,39,37,0.078835726,T.CD8.Naive
CGCTTACTCCTAATAG-5,GARQ,D18,3,40,39,36,0.016602516,B.Naive
TTGTTGCGTTACGCAA-5,GARQ,D18,3,40,39,5,0.043263674,T.CD8.Effector
AGGTTACTCCGGTTAG-5,GARQ,D18,3,40,39,22,0.1457901,Mono.CD16
TACGCACCAAGATTCT-5,GARQ,D18,3,40,39,22,0.062335968,Mono.CD14
GCGCTTAAGCATCCAG-5,GARQ,D18,3,40,39,30,0.08109021,Mono.CD14
AGTGAACCAATGAAGC-5,GARQ,D18,3,40,39,30,0.0862546,Mono.CD14
CACTTTGTCTCACACC-5,GARQ,D18,3,40,39,30,0.00864768,Mono.CD14
ATTGAAGCAAGTAAGC-5,GARQ,D18,3,40,39,19,0.005914688,T.CD4.Naive
CCGTTGCGTACCAGGT-5,GARQ,D18,3,40,39,17,0.017088413,B.Naive
ATGAAGCCATCACAGC-5,GARQ,D18,3,40,39,17,0.13078403,B.Naive
CCTTAGTGTTCCGCAC-5,GARQ,D18,3,40,39,30,0.08537221,Mono.CD14
TTTGGTGCATCCGTAA-5,GARQ,D18,3,40,39,36,0.012735486,B.Naive
TATCGCACATATAACC-5,GARQ,D18,3,40,39,36,0.033656597,B.Naive
ACGCCTTTCACACAGT-5,GARQ,D18,3,40,39,17,0.07565045,B.Naive
GATGACTTCTTGAGCG-5,GARQ,D18,3,40,39,39,0.06237173,T.CD4.Memory
TACCGCAAGCTTACTT-5,GARQ,D18,3,40,39,17,0.008275032,B.Naive
AGCTTTAAGTTGGGCC-5,GARQ,D18,3,40,39,30,0.05631137,Mono.CD14
ACTCAGTAGGACCTTG-5,GARQ,D18,3,40,39,17,0.04992056,B.Naive
GTCATCACAGTAAAGC-5,GARQ,D18,3,40,39,36,0.016881585,B.Naive
CAAGGGAGTACGCGCA-5,GARQ,D18,3,40,39,17,0.040536284,B.Naive
CGGTTGGGTCCTTCAG-5,GARQ,D18,3,40,39,22,0.096313,Mono.CD14
TACGGTTAGTCTCACC-5,GARQ,D18,3,40,39,17,0.033432603,B.Naive
GTCATGCCATGCAACC-5,GARQ,D18,3,40,39,36,0.031383753,B.Naive
TTGTCCGGTAACCAGC-5,GARQ,D18,3,40,39,22,0.16307878,Mono.CD16
CGTTTGGAGGCCCAGT-5,GARQ,D18,3,40,39,19,0.093556285,T.CD4.Memory
ATGGTGCGTCTTACTA-5,GARQ,D18,3,40,39,29,0.1463983,NK
TAGTGGCGTGGTTCTT-5,GARQ,D18,3,40,39,17,0.025425553,B.Naive
GGCAGGATCTAACCTT-5,GARQ,D18,3,40,39,17,0.06111425,B.Naive
GGCCATCAGCTATTAG-5,GARQ,D18,3,40,39,30,0.067426324,Mono.CD14
GTGCGGTTCGGCCATA-5,GARQ,D18,3,40,39,22,0.044367433,Mono.CD14
GGACAGCCATCTTGAG-5,GARQ,D18,3,40,39,17,0.14161372,B.Naive
GCCACACAGGGCTTTG-5,GARQ,D18,3,40,39,22,0.09340286,Mono.CD14
CTTCGCGTCTTAGGGT-5,GARQ,D18,3,40,39,39,0.09246421,T.CD4.Naive
CAACAATGTTGCTGGG-5,GARQ,D18,3,40,39,17,0.14653397,B.Naive
TTCGGTACATTATGCG-5,GARQ,D18,3,40,39,10,0.062303424,T.CD8.Effector
TGAGCCGGTTAGCATG-5,GARQ,D18,3,40,39,16,0.058030486,T.CD4.Naive
ATTCACTTCACTAATG-5,GARQ,D18,3,40,39,17,0.07177687,B.Naive
GGTGAGCCAATGAAGC-5,GARQ,D18,3,40,39,30,0.07751715,Mono.CD14
GAACGAATCAAGCTTA-5,GARQ,D18,3,40,39,5,0.03929341,T.CD4.Memory
CTTACTAGTTTCAGGA-5,GARQ,D18,3,40,39,29,0.096912265,NK
CATATCGCAGCATGGA-5,GARQ,D18,3,40,39,30,0.008149862,Mono.CD14
CTGCTATGTGGGTGAA-5,GARQ,D18,3,40,39,32,4.9352646e-05,T.CD4.Memory
ACCGGCTAGGAGGACT-5,GARQ,D18,3,40,39,36,0.06640768,B.Naive
TTGGGCGGTTCAAGCA-5,GARQ,D18,3,40,39,5,0.005994916,T.CD4.Memory
GGTCAATTCCCGCAAA-5,GARQ,D18,3,40,39,22,0.14378929,Mono.CD16
AATTGGGAGGTCAAAG-5,GARQ,D18,3,40,39,39,0.008777976,T.CD4.Naive
GTCTATGCACCCACAG-5,GARQ,D18,3,40,39,25,0.0060711503,T.CD4.Naive
GTCTAACAGCTTATGA-5,GARQ,D18,3,40,39,39,0.10707247,T.CD4.Naive
CGCTTACTCCTGGTGA-5,GARQ,D18,3,40,39,17,0.10800409,B.Naive
TTGTTCCCAGTTAGCC-5,GARQ,D18,3,40,39,17,0.05574143,B.Naive
AGGTCAAAGCCTGAGC-5,GARQ,D18,3,40,39,30,0.06589794,Mono.CD14
GTATTGCAGTACCGCA-5,GARQ,D18,3,40,39,29,0.12135112,NK
AGTGCCGGTGCATTTC-5,GARQ,D18,3,40,39,17,0.045783043,B.Naive
TAATCACCAGCAAATA-5,GARQ,D18,3,40,39,17,0.10274601,B.Naive
GAGGAGGCAACTAGGG-5,GARQ,D18,3,40,39,18,0.010325551,T.CD8.Effector
CTCTATGTCTTGCAGG-5,GARQ,D18,3,40,39,32,0.025446892,T.CD4.Memory
GGTCCGTAGACTTACA-5,GARQ,D18,3,40,39,5,0.098924756,T.CD4.Memory
CAACCCGCATAGCAGG-5,GARQ,D18,3,40,39,17,0.03596139,B.Naive
GGCATGGAGGTAGCTT-5,GARQ,D18,3,40,39,8,0.022845268,Mono.CD14
CAAGGGAGTGTCCAAA-5,GARQ,D18,3,40,39,22,0.036240816,Mono.CD14
ACGTCCAAGGTGAGAC-5,GARQ,D18,3,40,39,17,0.18146503,B.Naive
AGCATCCCAGGACCAA-5,GARQ,D18,3,40,39,17,0.0606606,B.Naive
TCCCGTTAGACAACAG-5,GARQ,D18,3,40,39,5,0.015310764,T.CD4.Memory
TGAGGGAGTCGTAATG-5,GARQ,D18,3,40,39,17,0.0035614967,B.Naive
AGGTTAGAGATGCCTG-5,GARQ,D18,3,40,39,17,0.081089854,B.Naive
GGTCGGTTCCGTTAAA-5,GARQ,D18,3,40,39,13,0.007244408,T.CD4.Naive
TGTTACTTCTGGTCCT-5,GARQ,D18,3,40,39,5,0.005226016,T.CD4.Memory
ACACAATGTTTCAGGA-5,GARQ,D18,3,40,39,36,0.051888943,B.Naive
GGTTAATGTAGGATCC-5,GARQ,D18,3,40,39,39,0.03770733,T.CD8.Naive
CTAGTTGCAGAAATTG-5,GARQ,D18,3,40,39,16,0.07915652,T.CD4.Memory
ATAGGTACAGCACGTT-5,GARQ,D18,3,40,39,39,0.041342735,T.CD4.Naive
TACCCGGCAAGGATTA-5,GARQ,D18,3,40,39,22,0.12716317,Mono.CD14
AACCTTGCATAGCTGC-5,GARQ,D18,3,40,39,36,0.06246662,B.Naive
TAGCGGACACCTAAGC-5,GARQ,D18,3,40,39,17,0.13211143,B.Naive
GAAGTATAGTCATTAG-5,GARQ,D18,3,40,39,17,0.061384797,B.Naive
ACAGGCTGTAAGCTTG-5,GARQ,D18,3,40,39,33,0.0032445192,T.CD4.Memory
TCAACAATCATGCTAA-5,GARQ,D18,3,40,39,32,0.29811406,T.CD8.Effector
AGTAACGAGTTGGATC-5,GARQ,D18,3,40,39,30,0.030510902,Mono.CD14
TAGCCTCTCACGTTAA-5,GARQ,D18,3,40,39,32,0.15990543,T.CD8.Effector
CAGCATGTCCGTTAAA-5,GARQ,D18,3,40,39,39,0.114328146,T.CD4.Memory
GCACATTAGCTTTGGG-5,GARQ,D18,3,40,39,39,0.027957201,T.CD4.Naive
TTTCTCACACTTAACG-5,GARQ,D18,3,40,39,39,0.10758829,T.CD4.Naive
GTGCTCAAGCTTAACA-5,GARQ,D18,3,40,39,22,0.045176268,Mono.CD14
TGCTAGCCATCACAGC-5,GARQ,D18,3,40,39,17,0.09677458,B.Naive
ATCCGTGAGAGAGCCG-5,GARQ,D18,3,40,39,17,0.02660352,B.Naive
GCACTTACATGCATAT-5,GARQ,D18,3,40,39,39,0.17093682,T.CD4.Memory
CAAGTATGTACAAAGA-5,GARQ,D18,3,40,39,32,0.08611584,T.CD8.Effector
GTAAGGTCATTGTCAG-5,GARQ,D18,3,40,39,29,0.18101746,NK
CCTCCTGAGTCATCCC-5,GARQ,D18,3,40,39,39,0.124275565,T.CD4.Naive
ACCAAACTCGTGCCTT-5,GARQ,D18,3,40,39,33,0.013803363,T.CD4.Memory
TTCTTAGGTTTGGGCG-5,GARQ,D18,3,40,39,17,0.0758909,B.Naive
TATGAAGCAGTTTGGC-5,GARQ,D18,3,40,39,35,0.045259953,T.CD4.Naive
GGTAACTTCGGTTAGT-5,GARQ,D18,3,40,39,16,0.019922256,T.CD4.Memory
CCTCAGTTCACAGCGC-5,GARQ,D18,3,40,39,21,0.020140648,T.CD8.Naive
ACGTCCTTCACTAATG-5,GARQ,D18,3,40,39,5,0.007135868,T.CD8.Effector
CGCAATTAGGTCAAAG-5,GARQ,D18,3,40,39,29,0.09630972,NK
AAGCGCTGTACCGTTT-5,GARQ,D18,3,40,39,17,0.0810405,B.Naive
TGAGCTTAGGTTTGAC-5,GARQ,D18,3,40,39,39,0.037712574,T.CD4.Naive
ACCAAGCGTTCGCGCT-5,GARQ,D18,3,40,39,7,0.015826344,T.CD4.Naive
CGAGGTGAGTGAACCT-5,GARQ,D18,3,40,39,39,0.008571386,T.CD4.Memory
GTGTGCGGTTGTTCAC-5,GARQ,D18,3,40,39,33,0.15913045,T.CD4.Naive
AATTGCTCAACAGGTG-5,GARQ,D18,3,40,39,17,0.17916858,B.Naive
GCAAACCGTACTTAGG-5,GARQ,D18,3,40,39,19,0.074870944,T.CD4.Memory
CTACAACAGAGGGACT-5,GARQ,D18,3,40,39,17,0.124828935,B.Naive
GAAGTCAAGGACAACA-5,GARQ,D18,3,40,39,23,0.011644244,NK
TGCAATATCAGGTCCA-5,GARQ,D18,3,40,39,30,0.033219576,Mono.CD14
ATTCACTTCAATGTCA-5,GARQ,D18,3,40,39,17,0.014267683,B.Naive
CTGCTACTCCTTTACG-5,GARQ,D18,3,40,39,17,0.07123411,B.Naive
GCATATATCATTGCGG-5,GARQ,D18,3,40,39,39,0.032256305,T.CD4.Naive
CATGCAAGTTTGCGAA-5,GARQ,D18,3,40,39,39,0.13538933,T.CD4.Naive
GTTCTCATCATTAGGC-5,GARQ,D18,3,40,39,6,0.01615876,T.CD8.Effector
ATCCATAAGCGATAAG-5,GARQ,D18,3,40,39,19,0.057385027,T.CD4.Naive
GTGTTCCTCAGGCTAT-5,GARQ,D18,3,40,39,17,0.006205082,B.Naive
TCACCTCAGTAAGGGC-5,GARQ,D18,3,40,39,32,0.11032748,T.CD4.Memory
CACTTAAAGGACCTGC-5,GARQ,D18,3,40,39,17,0.17960358,B.Naive
AGTGATGAGTTGCCTC-5,GARQ,D18,3,40,39,39,0.029451609,T.CD4.Naive
GCTGTACCAACCGCCA-5,GARQ,D18,3,40,39,32,0.070082664,T.CD8.Effector
TTAGGATGTCCAAGAC-5,GARQ,D18,3,40,39,29,0.05892694,NK
TGCTTGTGTAGCCATA-5,GARQ,D18,3,40,39,32,0.083192706,T.CD8.Effector
CGTTTGGAGGGCTAAA-5,GARQ,D18,3,40,39,5,0.08346605,T.CD4.Memory
CAAGTAACAAGCTAAA-5,GARQ,D18,3,40,39,19,0.038211584,T.CD4.Naive
GAGGTGAGTAGCCATA-5,GARQ,D18,3,40,39,19,0.09710586,T.CD4.Memory
TCACATAAGGATAAAC-5,GARQ,D18,3,40,39,10,0.0612154,T.CD8.Effector
AGGCTAGCACCTAATG-5,GARQ,D18,3,40,39,5,0.10743356,T.CD8.Effector
GCAATGTTCGTTAAGC-5,GARQ,D18,3,40,39,10,0.0029609203,T.CD4.Memory
CACCAACCACAATTAC-5,GARQ,D18,3,40,39,39,0.03604865,T.CD4.Naive
GTATGTGGTGGTTATG-5,GARQ,D18,3,40,39,6,0.01770556,T.CD8.Effector
CAGGCTATCGCTCACT-5,GARQ,D18,3,40,39,16,0.084599376,T.CD8.Effector
AAGTGAAGTCATTGTC-5,GARQ,D18,3,40,39,5,0.0030946732,T.CD4.Memory
TTCCTTCTCCCTCGCA-5,GARQ,D18,3,40,39,5,0.110527396,T.CD8.Effector
CGCTACTTCTTAGTGA-5,GARQ,D18,3,40,39,32,0.05494392,T.CD8.Effector
ATATGGTGTTTATTCG-5,GARQ,D18,3,40,39,19,0.0769099,T.CD4.Memory
AACAAGCCAGAGGGAG-5,GARQ,D18,3,40,39,5,0.090117514,T.CD4.Memory
TTGTCCCAGTTAGTGC-5,GARQ,D18,3,40,39,39,0.07917607,T.CD4.Naive
TTAACCAAGCCTGTGA-5,GARQ,D18,3,40,39,5,0.034661293,T.CD8.Effector
GGCTTAAGTCATTAGG-5,GARQ,D18,3,40,39,28,0.035606086,T.CD8.Effector
TGTGGAGCAGAAACGT-5,GARQ,D18,3,40,39,39,0.086903095,T.CD4.Naive
GATAAGCCAGTTATCG-5,GARQ,D18,3,40,39,5,0.07464647,T.CD4.Memory
GGGAATATCGATCAGT-5,GARQ,D18,3,40,39,17,0.021752238,B.Naive
GCGCTTGCACAACCTA-5,GARQ,D18,3,40,39,33,0.086109936,T.CD4.Naive
TCCACAACAGGTATTT-5,GARQ,D18,3,40,39,17,0.12040305,B.Naive
CAACCCTTCATTCATC-5,GARQ,D18,3,40,39,33,0.016506433,T.CD4.Memory
AGCAGGTAGTTAGAGG-5,GARQ,D18,3,40,39,33,0.06942189,T.CD4.Memory
TCTCAAGCAGTGAACG-5,GARQ,D18,3,40,39,5,0.0007805824,T.CD4.Memory
CTTCAATTCTTACTCG-5,GARQ,D18,3,40,39,10,0.030282736,T.CD4.Naive
CGACCTGCACTTCATC-5,GARQ,D18,3,40,39,39,0.07429588,T.CD8.Naive
GTATTGCAGTAGCGCC-5,GARQ,D18,3,40,39,33,0.06729519,T.CD4.Memory
GCAAGTCGTTGACTTC-5,GARQ,D18,3,40,39,5,0.05861187,T.CD8.Effector
TTGTCCGGTTAAGGCC-5,GARQ,D18,3,40,39,17,0.057513356,B.Naive
TGGCCTTTCGTACCGA-5,GARQ,D18,3,40,39,5,0.07103121,T.CD4.Memory
TCAGGTCCACATAACT-5,GARQ,D18,3,40,39,29,0.21584511,NK
TGTTAGCAGTTACCGG-5,GARQ,D18,3,40,39,21,0.03481841,T.CD4.Memory
GACCTGATCACGCCAA-5,GARQ,D18,3,40,39,33,0.044293582,T.CD4.Memory
CCTTCAATCCTAAATG-5,GARQ,D18,3,40,39,33,0.019899368,T.CD8.Effector
GAGCAAATCCCAGTAG-5,GARQ,D18,3,40,39,39,0.1865983,T.CD4.Naive
GTGCGCAGTCATTAGG-5,GARQ,D18,3,40,39,5,0.06453562,T.CD4.Memory
CGCGATTCATGTTGTG-5,GARQ,D18,3,40,39,10,0.039697886,T.CD8.Effector
GGGCAATAGAATCGCT-5,GARQ,D18,3,40,39,32,0.36189032,T.CD8.Effector
AGATGCTTCATTGTCT-5,GARQ,D18,3,40,39,19,0.093366325,T.CD4.Naive
TTGCTTTAGCTTGCTC-5,GARQ,D18,3,40,39,17,0.02936232,B.Naive
AGGTTTATCTTAAGTG-5,GARQ,D18,3,40,39,24,0.22920108,T.CD8.Naive
GGTTATGGTTACTTGC-5,GARQ,D18,3,40,39,10,0.0064834356,T.CD8.Effector
CATTTGTTCACACAGT-5,GARQ,D18,3,40,39,19,0.1216079,T.CD4.Naive
CAAGGTTTCTAAATCG-5,GARQ,D18,3,40,39,32,0.084430456,T.CD8.Effector
TCAAGTATCAGGGCCT-5,GARQ,D18,3,40,39,5,0.1439094,T.CD4.Memory
GATGGCTGTTCAAGCA-5,GARQ,D18,3,40,39,33,0.029206514,T.CD8.Naive
CTCTGTTCAGGTTAAA-5,GARQ,D18,3,40,39,39,0.02964425,T.CD4.Naive
CCTTATGTCCTGCGAA-5,GARQ,D18,3,40,39,17,0.012359142,B.Naive
GTTACTAAGATAAAGC-5,GARQ,D18,3,40,39,39,0.011970162,T.CD8.Effector
TATGTGATCCCTCATA-5,GARQ,D18,3,40,39,39,0.11426592,T.CD4.Naive
TGTGGCCAGCAGCTCA-5,GARQ,D18,3,40,39,39,0.0695405,T.CD4.Memory
GTGCACGGTCTTACTA-5,GARQ,D18,3,40,39,37,0.14676505,T.CD8.Naive
CGTGCTGCATGAAGTA-5,GARQ,D18,3,40,39,22,0.008794785,Mono.CD14
CAATCCCTCATTTGTC-5,GARQ,D18,3,40,39,5,0.021605015,T.CD8.Effector
CAGGACACACCTATAG-5,GARQ,D18,3,40,39,18,0.021990538,T.CD4.Memory
AATCCGTAGCATGAAG-5,GARQ,D18,3,40,39,13,0.029105186,T.CD4.Naive
GATAAAGGTTTCAGGA-5,GARQ,D18,3,40,39,14,0.043054104,T.CD4.Naive
TTGGATTCATTAAACC-5,GARQ,D18,3,40,39,19,0.003060758,T.CD8.Effector
CGCTTAACAGGTCCTG-5,GARQ,D18,3,40,39,32,0.13563597,T.CD8.Effector
GTACCGGGTTTGTGGA-5,GARQ,D18,3,40,39,19,0.04234326,T.CD4.Memory
AGTAATGCAATAAGCA-5,GARQ,D18,3,40,39,17,3.8266182e-05,B.Naive
GCCTATTGTACAAAGA-5,GARQ,D18,3,40,39,25,0.013543367,T.CD4.Naive
ATTACCCGTGAATCGC-5,GARQ,D18,3,40,39,21,0.07551825,T.CD4.Naive
TGAGCCGGTCGTAAAT-5,GARQ,D18,3,40,39,37,0.2154721,T.CD4.Memory
GCTGTGCAGAATGACG-5,GARQ,D18,3,40,39,32,0.1198293,T.CD4.Memory
GAGTGTTTCGCTAGTG-5,GARQ,D18,3,40,39,5,0.054215193,T.CD8.Effector
AGGATATAGTGTTGCG-5,GARQ,D18,3,40,39,5,0.028104186,T.CD8.Effector
GCTTGTTGTCACTCGC-5,GARQ,D18,3,40,39,22,0.07404351,Mono.CD14
TATTAGGTCCTCATCA-5,GARQ,D18,3,40,39,23,0.025610805,NK
TCGGTAAGTCAGGAAG-5,GARQ,D18,3,40,39,21,0.03450191,T.CD4.Naive
CAGTATGGTAACGTGC-5,GARQ,D18,3,40,39,39,0.035299897,T.CD4.Memory
CCAGGAACACCTAATG-5,GARQ,D18,3,40,39,29,0.12594342,NK
TCCTTAGTCCCTCATA-5,GARQ,D18,3,40,39,33,0.0027432442,T.CD4.Memory
TCTTTGTAGTTTGGGT-5,GARQ,D18,3,40,39,33,0.011263609,T.CD4.Memory
ATGACTCAGCTTAGCG-5,GARQ,D18,3,40,39,32,0.014003754,NK
AAGCATGAGGACACTT-5,GARQ,D18,3,40,39,25,0.003694892,T.CD4.Memory
GCCTGAGGTAGTTAAC-5,GARQ,D18,3,40,39,10,0.059265852,T.CD4.Naive
TGCTTAAAGCACCACA-5,GARQ,D18,3,40,39,16,0.031116486,T.CD4.Memory
GGTCTTGAGGCGAATA-5,GARQ,D18,3,40,39,21,0.049687505,T.CD8.Naive
TTAAGGACACAAGCCT-5,GARQ,D18,3,40,39,16,0.08491862,T.CD4.Memory
AATATCCCATTCAGCA-5,GARQ,D18,3,40,39,25,0.0021748543,T.CD4.Naive
TTCCACGGTCATAACG-5,GARQ,D18,3,40,39,5,0.13865304,T.CD4.Memory
TTGTCCATCACCTGTC-5,GARQ,D18,3,40,39,5,0.018953681,T.CD8.Effector
ATCCCGCGTTGTGACA-5,GARQ,D18,3,40,39,19,0.09757352,T.CD4.Naive
GAAAGCCAGTGAACCT-5,GARQ,D18,3,40,39,17,0.26855445,B.Naive
TCTACCTCACAACCTA-5,GARQ,D18,3,40,39,33,0.020572424,T.CD4.Naive
GCAGCAACAGGATGGC-5,GARQ,D18,3,40,39,39,0.031033278,T.CD4.Memory
AGCCGGTTCATAACCA-5,GARQ,D18,3,40,39,32,0.012267947,T.CD8.Effector
AGCGCTCAGCGCTCAA-5,GARQ,D18,3,40,39,22,0.16824508,Mono.CD14
ATTCCTCCAAGTAAGC-5,GARQ,D18,3,40,39,5,0.12634051,T.CD4.Memory
GCAATGTTCTCACAAA-5,GARQ,D18,3,40,39,17,0.19774485,B.Naive
CCCGTAAAGTCCTGAG-5,GARQ,D18,3,40,39,10,0.0650363,T.CD4.Naive
AGTATAGCAGTAAAGC-5,GARQ,D18,3,40,39,2,0.0021859407,T.CD8.Naive
CTCTATGTCGGCTAGC-5,GARQ,D18,3,40,39,19,0.017741084,T.CD4.Naive
TGGTTAATCCTAAGAC-5,GARQ,D18,3,40,39,32,0.0023038387,T.CD8.Effector
CCGCAAATCACAGACT-5,GARQ,D18,3,40,39,19,0.01368022,T.CD4.Naive
TCTAGCCTCCCATAAA-5,GARQ,D18,3,40,39,39,0.016088843,T.CD4.Naive
GGGTTACGTTAGGCGT-5,GARQ,D18,3,40,39,19,0.0054192543,T.CD8.Effector
TGTTGGCCATAAGGAC-5,GARQ,D18,3,40,39,13,0.09568894,T.CD4.Memory
ATGTAAGCATTAAGCT-5,GARQ,D18,3,40,39,5,0.07241058,T.CD8.Effector
CATGAGGCACAATGTT-5,GARQ,D18,3,40,39,33,0.05402708,T.CD4.Naive
GTGCTGATCACTAAGC-5,GARQ,D18,3,40,39,33,0.033649802,T.CD4.Naive
TAGGCTAGTTTGGTTC-5,GARQ,D18,3,40,39,33,0.022227407,T.CD4.Memory
CCACATTGTGAGCGAA-5,GARQ,D18,3,40,39,22,0.08514047,Mono.CD14
TCCTTAGTCTTGAGGT-5,GARQ,D18,3,40,39,13,0.028411627,T.CD4.Naive
GGTAAGGGTAACGTGC-5,GARQ,D18,3,40,39,33,0.016615868,T.CD4.Naive
ACGACAAAGGTATTGC-5,GARQ,D18,3,40,39,29,0.03936541,NK
TCTAGCCTCATCAGTA-5,GARQ,D18,3,40,39,25,0.0024929047,T.CD4.Naive
GTTTCTAGTAATCGGC-5,GARQ,D18,3,40,39,10,0.15900171,T.CD4.Memory
CTAATTGAGCAGGTTT-5,GARQ,D18,3,40,39,5,0.07559919,T.CD8.Effector
TGATGAACAATAATCC-5,GARQ,D18,3,40,39,33,0.022283196,T.CD4.Memory
GGTACCGGTGGAAACG-5,GARQ,D18,3,40,39,39,0.11917794,T.CD8.Naive
ATTAGCTCAGTTTCTC-5,GARQ,D18,3,40,39,19,0.017067075,T.CD4.Naive
ATGCGATTCCTAACGG-5,GARQ,D18,3,40,39,16,0.024300337,T.CD4.Memory
GCCTTAGAGCAAGGTA-5,GARQ,D18,3,40,39,8,0.00032389164,T.CD4.Memory
AGTTACATCCTCACTA-5,GARQ,D18,3,40,39,19,0.105398536,T.CD4.Naive
AGTCCTTGTCGCATAA-5,GARQ,D18,3,40,39,17,0.07544851,B.Naive
GGGTATTTCGTTTCCA-5,GARQ,D18,3,40,39,33,0.043480515,T.CD4.Naive
CGCTCAGCAGCCTAAC-5,GARQ,D18,3,40,39,19,0.075532675,T.CD4.Naive
AACGCTAGTTAGACCA-5,GARQ,D18,3,40,39,39,0.061586022,T.CD8.Naive
GATTGCAGTCAAGACC-5,GARQ,D18,3,40,39,33,0.02585411,T.CD4.Memory
GCACTAAGTAGTCAAT-5,GARQ,D18,3,40,39,39,0.028187513,T.CD8.Naive
TCCATGCTCTGTGCCT-5,GARQ,D18,3,40,39,25,0.05239415,T.CD4.Naive
GTCTAATCAAGTAAGC-5,GARQ,D18,3,40,39,33,0.08769035,T.CD4.Memory
GCCTTAGAGTTAGAGG-5,GARQ,D18,3,40,39,5,0.061752796,T.CD8.Effector
ACTTGTAAGGGCTAAA-5,GARQ,D18,3,40,39,7,0.012814939,T.CD4.Naive
CGTATTGCACAGCCAT-5,GARQ,D18,3,40,39,5,0.043325424,T.CD4.Memory
ACGAGTAAGACTAAGG-5,GARQ,D18,3,40,39,33,0.056681395,T.CD4.Memory
GCCTTTATCTTAGTGA-5,GARQ,D18,3,40,39,21,0.06960368,T.CD4.Naive
TCCATGCTCCTAATGA-5,GARQ,D18,3,40,39,19,0.036691308,T.CD4.Naive
GAAAGGCTCATTGTTC-5,GARQ,D18,3,40,39,5,0.11680412,T.CD8.Effector
TCGCATTGTCTTGCTG-5,GARQ,D18,3,40,39,36,0.029583931,B.Naive
GCCTCAAAGATAAAGC-5,GARQ,D18,3,40,39,10,0.05987096,T.CD4.Naive
ACGACTTAGTTATTCC-5,GARQ,D18,3,40,39,21,0.2843027,T.CD4.Naive
TGCTTCATCCTAAGTA-5,GARQ,D18,3,40,39,39,0.02977246,T.CD4.Naive
AGACCCGGTTGGCGTG-5,GARQ,D18,3,40,39,21,0.088231206,T.CD4.Naive
TCAAGACTCGGGACTC-5,GARQ,D18,3,40,39,19,0.017681003,T.CD4.Memory
GCACGCTAGCTATGAC-5,GARQ,D18,3,40,39,5,0.061650753,T.CD8.Effector
ACCTTGCTCCCGTTAC-5,GARQ,D18,3,40,39,10,0.010504484,T.CD4.Memory
GGTTATGGTTATAGCG-5,GARQ,D18,3,40,39,16,0.01699531,T.CD4.Memory
TCTACTAGTTTGTCTA-5,GARQ,D18,3,40,39,22,0.023697853,Mono.CD14
CACATAATCCTGATGG-5,GARQ,D18,3,40,39,5,0.1411395,T.CD4.Memory
AATTACCCAATTGACT-5,GARQ,D18,3,40,39,5,0.0080809,T.CD4.Memory
CCCGCTTCAAACATAG-5,GARQ,D18,3,40,39,36,0.00930357,B.Naive
CTTGGACCAGTACCGT-5,GARQ,D18,3,40,39,30,0.05884099,Mono.CD14
ACTCCTCAGCGAGGTG-5,GARQ,D18,3,40,39,21,0.027779937,T.CD4.Naive
ATTGGCTAGCCTGTGA-5,GARQ,D18,3,40,39,33,0.001296401,T.CD8.Effector
AAGCCTGTCCTCGATC-5,GARQ,D18,3,40,39,39,0.008271158,T.CD4.Naive
TGGGCCTAGTTGGGCC-5,GARQ,D18,3,40,39,25,0.0030112267,T.CD8.Naive
TAGAGCCGTAATCGCA-5,GARQ,D18,3,40,39,33,0.002428174,T.CD4.Memory
GTCTTTAGTCAAGACC-5,GARQ,D18,3,40,39,36,0.009435415,B.Naive
CCTTCGGTCGGTTTCC-5,GARQ,D18,3,40,39,13,0.07897949,T.CD4.Memory
CAGCTCAAGTTAGTGC-5,GARQ,D18,3,40,39,1,0.05406016,T.CD8.Effector
ATCACTAAGCATTTCT-5,GARQ,D18,3,40,39,21,0.04965669,T.CD4.Naive
GGCTATGTCCTAACGG-5,GARQ,D18,3,40,39,5,0.0026562214,Platelets
GACTTAGGTTTGAGCA-5,GARQ,D18,3,40,39,25,0.068214774,T.CD4.Naive
TAAGCTGGTGCACGCA-5,GARQ,D18,3,40,39,10,0.0062371492,T.CD4.Memory
GAAGTGATCGCGCTAA-5,GARQ,D18,3,40,39,33,0.09983277,T.CD4.Naive
CACTAGCCACAGCCTG-5,GARQ,D18,3,40,39,5,0.11406982,T.CD4.Memory
CACCTGTTCATTGTTC-5,GARQ,D18,3,40,39,21,0.04473102,T.CD8.Effector
TAGCCGGGTGCTCACC-5,GARQ,D18,3,40,39,10,0.07339251,T.CD8.Effector
CCGTTAACATCCTAGA-5,GARQ,D18,3,40,39,39,0.03362167,T.CD4.Memory
CTCGTTATCTATCGCC-5,GARQ,D18,3,40,39,5,0.11306882,T.CD8.Effector
TTCGTTAGTCCTTCAG-5,GARQ,D18,3,40,39,25,0.021645665,T.CD4.Naive
TATTGACCAGATAGAC-5,GARQ,D18,3,40,39,33,0.037823856,T.CD4.Memory
CTTCATCCACGTTACA-5,GARQ,D18,3,40,39,39,0.026040554,T.CD4.Naive
CTAGTCGAGGACCTCA-5,GARQ,D18,3,40,39,39,0.010577321,T.CD4.Naive
TCCAGCAAGCCAAATC-5,GARQ,D18,3,40,39,21,0.0012766123,T.CD4.Naive
CACGCAATCCAGCACA-5,GARQ,D18,3,40,39,39,0.028003097,T.CD4.Naive
TGTGGAGCATCAGCAC-5,GARQ,D18,3,40,39,16,0.06453407,T.CD4.Memory
CCCTTAATCGGCCATA-5,GARQ,D18,3,40,39,5,0.06877136,T.CD8.Effector
GCACCTAAGTTATCCT-5,GARQ,D18,3,40,39,1,0.0047266483,T.CD4.Memory
AGGTCTTAGCTGGAAA-5,GARQ,D18,3,40,39,32,0.14952278,T.CD8.Effector
GCAGGCTTCAGGCCTA-5,GARQ,D18,3,40,39,33,0.017032325,T.CD4.Memory
ACAGGCTGTTGAGGTC-5,GARQ,D18,3,40,39,10,0.02156353,T.CD4.Naive
ATGTGAGAGAAACTGG-5,GARQ,D18,3,40,39,5,0.016874492,T.CD4.Memory
AAGGCCCTCCTAATTC-5,GARQ,D18,3,40,39,39,0.031677485,T.CD4.Naive
GAACGAATCCTAGTCC-5,GARQ,D18,3,40,39,33,0.032280564,T.CD4.Naive
CTCTATGTCCAAACAC-5,GARQ,D18,3,40,39,33,0.05646789,T.CD4.Naive
GTTTACCGTGTTAAAC-5,GARQ,D18,3,40,39,33,0.046423018,T.CD4.Naive
AGTTGCGTCATTACAG-5,GARQ,D18,3,40,39,5,0.032336473,T.CD4.Memory
AACTCACAGGAGGCAT-5,GARQ,D18,3,40,39,33,0.0033506155,T.CD4.Naive
GAGCAAGGTGCTCCAC-5,GARQ,D18,3,40,39,33,0.085784435,T.CD4.Naive
CGAAGAATCGAGGAGT-5,GARQ,D18,3,40,39,39,0.029428244,T.CD4.Naive
CTGTTGGAGGCTCATG-5,GARQ,D18,3,40,39,22,0.15171313,Mono.CD16
GCCTATTGTCATGCCC-5,GARQ,D18,3,40,39,39,0.026715279,T.CD4.Naive
AATTGTGTCATGCTAA-5,GARQ,D18,3,40,39,35,0.03524065,T.CD4.Naive
CGCTAATAGAGGATAT-5,GARQ,D18,3,40,39,21,0.036823153,T.CD4.Naive
GCGATTAGTCGTTATC-5,GARQ,D18,3,40,39,30,0.010834098,Mono.CD14
TACCAAATCTATGACA-5,GARQ,D18,3,40,39,3,0.4337089,T.CD8.Effector
GATTGATGTGCAACTA-5,GARQ,D18,3,40,39,39,0.016794145,T.CD4.Naive
AGTTACATCATGTCAA-5,GARQ,D18,3,40,39,30,0.15748441,T.CD4.Memory
CGCAAATTCCTGCGAA-5,GARQ,D18,3,40,39,39,0.025538683,T.CD4.Memory
CGAAGTAAGTAAAGGT-5,GARQ,D18,3,40,39,25,0.014608979,T.CD4.Naive
CAAGTAACAAACCCTA-5,GARQ,D18,3,40,39,5,0.012499094,NK
AGGAAACGTAGTAAGA-5,GARQ,D18,3,40,39,5,0.009955347,T.CD4.Memory
AATCCATCATCCATCT-5,GARQ,D18,3,40,39,29,0.012457371,T.CD8.Effector
TAGTTGTCACCCACAG-5,GARQ,D18,3,40,39,19,0.008360028,T.CD4.Memory
GTTAAACGTTGGTTGA-5,GARQ,D18,3,40,39,19,0.0015873909,T.CD4.Memory
ACCTTGTGTAGGATCC-5,GARQ,D18,3,40,39,21,0.12619019,T.CD8.Naive
GGGAATATCGGGCCAT-5,GARQ,D18,3,40,39,25,0.054381132,T.CD4.Naive
CATCATAAGATTGAGG-5,GARQ,D18,3,40,39,25,0.010971189,T.CD8.Naive
GAGGGAGCAATTATGC-5,GARQ,D18,3,40,39,33,0.0034890175,T.CD4.Naive
CCTTGTTCAACAGCCT-5,GARQ,D18,3,40,39,11,0.030575097,T.CD4.Memory
TTGGATTCAGCAACCT-5,GARQ,D18,3,40,39,5,0.033936143,T.CD4.Memory
CACTAAGGTAGGATTT-5,GARQ,D18,3,40,39,33,0.010783613,T.CD4.Memory
CGAAGCCTCCTTGAGG-5,GARQ,D18,3,40,39,33,0.022210002,T.CD4.Memory
TCCATGCTCCCGCAAA-5,GARQ,D18,3,40,39,33,0.0823369,T.CD8.Naive
TGATTAGTCTCACATT-5,GARQ,D18,3,40,39,21,0.04112649,T.CD4.Memory
AGTAGGATCTTGGACG-5,GARQ,D18,3,40,39,33,0.0030590296,T.CD4.Memory
TAGCCGGGTTATAGCG-5,GARQ,D18,3,40,39,21,0.13949096,T.CD4.Naive
AGGTAACCATTATGGT-5,GARQ,D18,3,40,39,5,0.1212883,T.CD8.Effector
CGCTCCATCGATTTGA-5,GARQ,D18,3,40,39,39,0.048005104,T.CD4.Naive
TTGCAATCAGTTAAAG-5,GARQ,D18,3,40,39,16,0.017559767,T.CD8.Effector
AGTCGCATCAATTGGC-5,GARQ,D18,3,40,39,33,0.028413177,T.CD4.Naive
AAGGAAGCAGGCATCT-5,GARQ,D18,3,40,39,30,0.17850184,Mono.CD14
CTAATGTCATAATCGT-5,GARQ,D18,3,40,39,21,0.012396693,T.CD4.Memory
TGGTCAGTCATTGCGG-5,GARQ,D18,3,40,39,33,0.055774927,T.CD4.Memory
GCCCATAAGCTTAGTA-5,GARQ,D18,3,40,39,21,0.10758549,T.CD4.Naive
TACGCACCAAGGACCA-5,GARQ,D18,3,40,39,29,0.10371709,NK
CGTTAGTAGTTGTCCC-5,GARQ,D18,3,40,39,5,0.02515322,NK
AGTCAATGTGCACGCA-5,GARQ,D18,3,40,39,39,0.031511784,T.CD4.Memory
GATAGACCATAGGCGA-5,GARQ,D18,3,40,39,17,0.07393384,B.Naive
GAAGTCAAGTTAGTGC-5,GARQ,D18,3,40,39,21,0.0038436651,T.CD8.Naive
AGCCTAGTCACAGCGC-5,GARQ,D18,3,40,39,21,0.14579344,T.CD4.Naive
TCACGGATCCCTCAAC-5,GARQ,D18,3,40,39,25,0.1607951,T.CD4.Naive
GATAGACCAGAAATTG-5,GARQ,D18,3,40,39,19,0.01260674,T.CD8.Naive
GTACTTCGTCGACTCC-5,GARQ,D18,3,40,39,39,0.019990563,T.CD4.Naive
CGTTATTTCTCAATGA-5,GARQ,D18,3,40,39,5,0.02501607,T.CD4.Naive
CCTTCAATCTTGCATT-5,GARQ,D18,3,40,39,5,0.18742871,T.CD4.Memory
GTCCAGGGTGCTAGAC-5,GARQ,D18,3,40,39,19,0.025693893,T.CD4.Naive
GATCGAGCAGGCAAGC-5,GARQ,D18,3,40,39,33,0.048743606,T.CD4.Memory
TACTAAGTCTTAGTGA-5,GARQ,D18,3,40,39,25,0.011873126,T.CD4.Naive
ACAGCGCTCTTGCAAA-5,GARQ,D18,3,40,39,25,0.007219672,T.CD4.Naive
GCCATTACATTAGCCA-5,GARQ,D18,3,40,39,33,0.019933105,T.CD4.Naive
CTTTGGTGTGCCTCAC-5,GARQ,D18,3,40,39,23,0.06930983,NK
GCCACACAGTCACGAT-5,GARQ,D18,3,40,39,21,0.028662682,T.CD4.Naive
GGTGATTTCATTTAGG-5,GARQ,D18,3,40,39,33,0.06561613,T.CD4.Naive
CGCATGATCTTTGACT-5,GARQ,D18,3,40,39,13,0.003954649,T.CD4.Naive
CATAACGGTTTCGCCA-5,GARQ,D18,3,40,39,30,0.0070244074,Mono.CD14
CAATAGCTCCCTGTTA-5,GARQ,D18,3,40,39,21,0.1815511,T.CD8.Naive
GTTGCGGGTTCCTCCT-5,GARQ,D18,3,40,39,17,0.033356905,B.Naive
GAGTATCTCAATCTAG-5,GARQ,D18,3,40,39,29,0.15415102,NK
GGATGAATCTTAATGG-5,GARQ,D18,3,40,39,19,0.049110174,T.CD4.Naive
CTGGTTACATAGTCAT-5,GARQ,D18,3,40,39,29,0.032397866,T.CD8.Effector
TCGCGAGGTACGATTG-5,GARQ,D18,3,40,39,17,0.026461363,B.Naive
ATATGGTGTAATGGAA-5,GARQ,D18,3,40,39,5,0.021712303,T.CD8.Effector
TATCACAAGATTCCTT-5,GARQ,D18,3,40,39,30,0.04682243,Mono.CD14
AGCATCCCAACCCTAA-5,GARQ,D18,3,40,39,18,0.01859802,T.CD8.Naive
CAGCCTAAGCTCAATA-5,GARQ,D18,3,40,39,21,0.055865288,T.CD8.Naive
CGATTATCAGCCTTGG-5,GARQ,D18,3,40,39,17,0.10333502,B.Naive
CTTGCGCGTTAAGCGC-5,GARQ,D18,3,40,39,25,0.0077705383,T.CD8.Naive
TAAGTAGCATTAGCCA-5,GARQ,D18,3,40,39,8,0.02046144,T.CD4.Memory
GGTAAACCAACCTGGT-5,GARQ,D18,3,40,39,18,0.04578471,T.CD8.Effector
GGACGGATCTCACACC-5,GARQ,D18,3,40,39,5,0.102109194,T.CD8.Effector
CCTTCGGTCATTGACA-5,GARQ,D18,3,40,39,19,0.0054194927,T.CD4.Naive
GCCTATTGTTACATCC-5,GARQ,D18,3,40,39,19,0.012381911,T.CD4.Naive
ATCGCTTGTCGTTATC-5,GARQ,D18,3,40,39,33,0.14869034,T.CD4.Memory
GCAAGTCGTGATGAGG-3,GARQ,D18,3,40,39,38,0.008481562,Platelets
TGCTTGCTCGCTCACT-3,GARQ,D18,3,40,39,36,0.024297357,B.Naive
GCCAATTAGGGTCTAT-3,GARQ,D18,3,40,39,22,0.063138604,Mono.CD14
CCAATATCATATTGAC-3,GARQ,D18,3,40,39,17,0.15549594,B.Naive
GTTGGCGGTTTGTCTA-3,GARQ,D18,3,40,39,30,0.07420373,Mono.CD14
GCATCCTTCCGCCTCA-3,GARQ,D18,3,40,39,30,0.11246419,Mono.CD14
CTTCTAAGTCGAAGTC-3,GARQ,D18,3,40,39,17,0.17238092,B.Naive
TACCTTTAGTTAGCCG-3,GARQ,D18,3,40,39,37,0.07473898,T.CD4.Naive
ATGCAAACAGCAACAG-3,GARQ,D18,3,40,39,32,0.29225183,T.CD8.Effector
AATTGACGTGGGTACT-3,GARQ,D18,3,40,39,5,0.031437635,T.CD8.Effector
GTTTGTAAGAGGAGGA-3,GARQ,D18,3,40,39,5,0.0024514198,T.CD4.Memory
ACAGCCGGTCCTCCAA-3,GARQ,D18,3,40,39,17,0.22593224,B.Naive
GGCTATTAGGTCCGTA-3,GARQ,D18,3,40,39,5,0.0151747465,T.CD4.Memory
CTTGTCCAGCTGGACC-3,GARQ,D18,3,40,39,30,0.11614776,Mono.CD14
CAAACAACACCTGCTC-3,GARQ,D18,3,40,39,22,0.032429457,Mono.CD14
CCTTACTCAGCATGAG-3,GARQ,D18,3,40,39,17,0.18857229,B.Naive
TCTCAAGCAAGGGTTG-3,GARQ,D18,3,40,39,30,0.08225894,Mono.CD14
TGTCAATCAGGACCTT-3,GARQ,D18,3,40,39,36,0.04681027,B.Naive
GGGATTAAGGAACGGT-3,GARQ,D18,3,40,39,22,0.023593664,Mono.CD14
TGCAATATCCTTAGTT-3,GARQ,D18,3,40,39,17,0.27541804,B.Naive
CAGGGCTTCGAGGAGT-3,GARQ,D18,3,40,39,17,0.20440674,B.Naive
CGCACAATCACAAGCT-3,GARQ,D18,3,40,39,30,0.015993953,Mono.CD14
GTCTAATCACTGGCTG-3,GARQ,D18,3,40,39,30,0.05831659,Mono.CD14
AAGCTTGGTGGAGCAA-3,GARQ,D18,3,40,39,17,0.06947875,B.Naive
TGTTGTAAGCGAAGTA-3,GARQ,D18,3,40,39,22,0.028848529,Mono.CD14
GGAGCGATCTTGTTCG-3,GARQ,D18,3,40,39,30,0.048960686,Mono.CD14
GTTCACCTCCGGTTGA-3,GARQ,D18,3,40,39,39,0.09676045,T.CD4.Naive
AGGTCATTCGAGCTAT-3,GARQ,D18,3,40,39,30,0.03619325,Mono.CD14
GTGCTCCGTGGTTATG-3,GARQ,D18,3,40,39,22,0.003296256,Mono.CD14
TAGCGGACAATTGAGA-3,GARQ,D18,3,40,39,17,0.14427042,B.Naive
TCAGGTTAGAGGAAGG-3,GARQ,D18,3,40,39,37,0.007891893,T.CD4.Memory
TGCACTTGTTACCTGT-3,GARQ,D18,3,40,39,37,0.10258794,T.CD4.Naive
CGTGAGGAGCTATGAC-3,GARQ,D18,3,40,39,30,0.09037173,Mono.CD14
AGTAACACATGTTTGG-3,GARQ,D18,3,40,39,30,0.05166793,Mono.CD14
GGTCATTAGAGGAAGG-3,GARQ,D18,3,40,39,30,0.012393713,Mono.CD14
TAAGGCTTCACTAAGC-3,GARQ,D18,3,40,39,22,0.0015404224,Mono.CD14
ACATCATCATTAAGTC-3,GARQ,D18,3,40,39,17,0.1080873,B.Naive
TTTACGCGTCATTGAG-3,GARQ,D18,3,40,39,22,0.009468913,Mono.CD14
CCAACATAGTCCTGAG-3,GARQ,D18,3,40,39,17,0.08076191,B.Naive
GATTAGCTCCCTTGCG-3,GARQ,D18,3,40,39,30,0.16641164,Mono.CD14
CATAACGGTTGGCCGA-3,GARQ,D18,3,40,39,17,0.034756184,B.Naive
ATTTGCAAGGACAACA-3,GARQ,D18,3,40,39,30,0.049334884,Mono.CD14
CAAACGCGTTTATTCG-3,GARQ,D18,3,40,39,30,0.04819596,Mono.CD14
GCATGAGCAGGTTATT-3,GARQ,D18,3,40,39,5,0.002094388,T.CD8.Effector
TGGCCTTTCGCAAACT-3,GARQ,D18,3,40,39,30,0.023860335,Mono.CD14
CTATGACAGGCAAGTA-3,GARQ,D18,3,40,39,30,0.05075133,Mono.CD14
TACCCGGCACTAGGTC-3,GARQ,D18,3,40,39,17,0.086842895,B.Naive
TCTCACCAGGACCTGC-3,GARQ,D18,3,40,39,30,0.020660281,Mono.CD14
AGTGATGAGGTCCGTA-3,GARQ,D18,3,40,39,22,0.018845677,Mono.CD14
GACTTAGGTGTTTCAC-3,GARQ,D18,3,40,39,17,0.18373942,B.Naive
GTATTCAAGCTGAGGG-3,GARQ,D18,3,40,39,22,0.039465904,Mono.CD14
AAGTTTGTCCAAGTTA-3,GARQ,D18,3,40,39,17,0.038693905,B.Naive
CGAAGAATCTCCATGC-3,GARQ,D18,3,40,39,30,0.02991414,Mono.CD14
AAACAGCCAGTATGTT-3,GARQ,D18,3,40,39,17,0.15503478,B.Naive
ATCCCGCGTAGTTGGC-3,GARQ,D18,3,40,39,17,0.0748806,B.Naive
AGTACGCGTGCTCCGT-3,GARQ,D18,3,40,39,17,0.065130234,B.Naive
AAAGGCTCATCTTGAG-3,GARQ,D18,3,40,39,22,0.10316861,Mono.CD14
CATAAGCTCGGTTCCT-3,GARQ,D18,3,40,39,10,0.016466081,T.CD4.Memory
GATCAAGAGCATGACT-3,GARQ,D18,3,40,39,22,0.030615926,Mono.CD14
GGTGTTGTCTTAATGG-3,GARQ,D18,3,40,39,30,0.11145365,Mono.CD14
CAAGGCTGTAAGCTTG-3,GARQ,D18,3,40,39,17,0.07518196,B.Naive
AGTTGCGTCCACCTGT-3,GARQ,D18,3,40,39,30,0.0464952,Mono.CD14
GTATCGCCAGTTTGGC-3,GARQ,D18,3,40,39,17,0.008072853,B.Naive
TACCTTTAGCCTTAAA-3,GARQ,D18,3,40,39,30,0.061704636,Mono.CD14
TCCGCCATCTTAATGG-3,GARQ,D18,3,40,39,17,0.11707902,B.Naive
TGTGATCAGCGATAGA-3,GARQ,D18,3,40,39,30,0.01857841,Mono.CD14
TCATGAGGTTGTGATG-3,GARQ,D18,3,40,39,17,0.1804905,B.Naive
GCGGGTTTCGCTAGAT-3,GARQ,D18,3,40,39,22,0.013426065,Mono.CD14
GCTGTGATCCATAATG-3,GARQ,D18,3,40,39,30,0.014638901,Mono.CD14
AAGCCTGTCTAAATCG-3,GARQ,D18,3,40,39,17,0.026978612,B.Naive
GCTCTGTTCGTGCTTC-3,GARQ,D18,3,40,39,39,0.0305866,T.CD4.Naive
GGTACTAGTCATAGAT-3,GARQ,D18,3,40,39,17,0.22003174,B.Naive
AAAGGTTAGACTATTG-3,GARQ,D18,3,40,39,17,0.06965542,B.Naive
AGCTGCTCATGAATCT-3,GARQ,D18,3,40,39,4,0.030647755,T.CD4.Memory
GAGGTTAAGCTTCCCG-3,GARQ,D18,3,40,39,36,0.04497099,B.Naive
TGATCAATCCTTGCGT-3,GARQ,D18,3,40,39,39,0.02736187,T.CD4.Naive
AAACGTACATGGCCTG-3,GARQ,D18,3,40,39,17,0.0670985,B.Naive
CCGATGCAGCTGGCTA-3,GARQ,D18,3,40,39,30,0.19594407,Mono.CD14
CTCCTCACAAGATTCT-3,GARQ,D18,3,40,39,26,0.0069328547,T.CD4.Memory
TCAGGTTAGCTTACTT-3,GARQ,D18,3,40,39,7,0.0063296556,T.CD4.Naive
TATTAGGTCAGCTAAC-3,GARQ,D18,3,40,39,10,0.029270649,T.CD4.Memory
AGGTTTATCCTGGTCT-3,GARQ,D18,3,40,39,17,0.081449986,B.Naive
GGTTAATGTTCCGGGA-3,GARQ,D18,3,40,39,17,0.17995787,B.Naive
GATGCATTCTTAAGTG-3,GARQ,D18,3,40,39,17,0.09234285,B.Naive
AGACAATAGCCGCAAC-3,GARQ,D18,3,40,39,36,0.043756723,B.Naive
CACTAAGGTAGTTGGC-3,GARQ,D18,3,40,39,39,0.12748432,T.CD8.Effector
TGAGAACCAGGTTCAC-3,GARQ,D18,3,40,39,30,0.068743706,Mono.CD14
ATTGTGATCGTAATCA-3,GARQ,D18,3,40,39,22,0.0059275627,Mono.CD14
ATTAGGTGTATTGCAG-3,GARQ,D18,3,40,39,17,0.11580467,B.Naive
ATATGCTCATAAAGCA-3,GARQ,D18,3,40,39,5,0.029386282,T.CD8.Effector
TTTAACCTCGCTAAGT-3,GARQ,D18,3,40,39,17,0.06420255,B.Naive
AATCATGTCATTGCAA-3,GARQ,D18,3,40,39,17,0.2288723,B.Naive
AAGGCCCTCGCTAGCA-3,GARQ,D18,3,40,39,19,0.042509794,T.CD8.Naive
GACCTCAAGTATGTGC-3,GARQ,D18,3,40,39,30,0.17249405,Mono.CD14
GAGCCTTCATCTTGAG-3,GARQ,D18,3,40,39,32,0.04646957,T.CD4.Memory
TCTCCTCGTCAAGACC-3,GARQ,D18,3,40,39,22,0.10293937,Mono.CD14
GATTGATGTGCTAGAC-3,GARQ,D18,3,40,39,17,0.0903461,B.Naive
AGTCAATGTGTGAGGA-3,GARQ,D18,3,40,39,30,0.11481762,Mono.CD14
GGCCTCTGTTAGGCGT-3,GARQ,D18,3,40,39,17,0.06532276,B.Naive
GACCTTTGTTCGCTTG-3,GARQ,D18,3,40,39,21,0.04076314,T.CD8.Naive
GTCAATATCATGTTTC-3,GARQ,D18,3,40,39,5,0.0400151,T.CD8.Effector
GATTCAATCGGCTAGC-3,GARQ,D18,3,40,39,17,0.031563163,B.Naive
AAGGTCAAGATTGAGG-3,GARQ,D18,3,40,39,17,0.018088102,B.Naive
GCCTTTGGTGCATTTC-3,GARQ,D18,3,40,39,30,0.076705456,Mono.CD14
TATGCATCATAAGCAA-3,GARQ,D18,3,40,39,30,0.018556714,Mono.CD14
GGGCATGAGACAACAG-3,GARQ,D18,3,40,39,17,0.06934118,B.Naive
AAGCTTGGTTGAGGTC-3,GARQ,D18,3,40,39,28,0.03589797,T.CD8.Effector
CGCTAATAGGGTTATC-3,GARQ,D18,3,40,39,29,0.1669631,NK
TAAGGCTTCCTGGTGA-3,GARQ,D18,3,40,39,30,0.108082294,Mono.CD14
GCGGGTTTCATGGCTG-3,GARQ,D18,3,40,39,22,0.023118496,Mono.CD14
TGGCCTGCATCCCTCA-3,GARQ,D18,3,40,39,37,0.21253556,T.CD4.Memory
GGTCAATTCTTGAGCG-3,GARQ,D18,3,40,39,32,0.19147933,T.CD8.Effector
CTTACCTCAAGCCACT-3,GARQ,D18,3,40,39,16,0.21347594,T.CD4.Memory
CAACTAATCGTGCTTC-3,GARQ,D18,3,40,39,17,0.24277866,B.Naive
TCCTCACAGGCGTAAA-3,GARQ,D18,3,40,39,39,0.056503654,T.CD8.Naive
CGAGCGAAGAGCCGCT-3,GARQ,D18,3,40,39,30,0.022103667,Mono.CD14
ATGAGCCGTCAAAGAA-3,GARQ,D18,3,40,39,17,0.061998725,B.Naive
AGTTTGCAGGGTGGAT-3,GARQ,D18,3,40,39,17,0.1484344,B.Naive
GCTCTGGCACAAACTT-3,GARQ,D18,3,40,39,16,0.03370881,T.CD4.Memory
GAAGGCTAGGAGGTTA-3,GARQ,D18,3,40,39,7,0.04532504,T.CD4.Naive
ATAGATGCAATTAACC-3,GARQ,D18,3,40,39,30,0.065998256,Mono.CD14
CTTACCGGTAGGTGTC-3,GARQ,D18,3,40,39,5,0.025253475,T.CD4.Memory
ATTGTGATCCTTCTAG-3,GARQ,D18,3,40,39,17,0.37685728,B.Naive
TCATTGTTCCTTAGGG-3,GARQ,D18,3,40,39,36,0.014303923,B.Naive
GCCACTAAGGGTTAGA-3,GARQ,D18,3,40,39,32,0.057258606,T.CD4.Memory
TCTAAGGGTTTGAGGC-3,GARQ,D18,3,40,39,22,0.12067306,Mono.CD14
ATGGTGCGTTTGAGGC-3,GARQ,D18,3,40,39,29,0.0061415434,NK
CAGCCTAAGTATTGGC-3,GARQ,D18,3,40,39,23,7.736683e-05,NK
AAACGCGCAAGGACCA-3,GARQ,D18,3,40,39,36,0.007436633,B.Naive
CCGCAAATCCTGTTCA-3,GARQ,D18,3,40,39,36,0.00650692,B.Naive
CGACAAGCACCAGGTT-3,GARQ,D18,3,40,39,39,0.028800368,T.CD4.Naive
CATTATGAGCACGATT-3,GARQ,D18,3,40,39,19,0.015654445,T.CD4.Naive
AGGTCATTCCACCCTG-3,GARQ,D18,3,40,39,17,0.15069985,B.Naive
TCCTGTTCACCAGGTT-3,GARQ,D18,3,40,39,7,0.062561214,T.CD8.Naive
GAGGTAGGTACTTAGG-3,GARQ,D18,3,40,39,5,0.07489848,T.CD4.Memory
AAGCATGAGTACCGCA-3,GARQ,D18,3,40,39,5,0.007851958,T.CD4.Memory
TGTGGCCAGGCTGGCT-3,GARQ,D18,3,40,39,17,0.10159135,B.Naive
ACAGGATCAAGGAATC-3,GARQ,D18,3,40,39,39,0.18752885,T.CD8.Naive
GTAAGCGCACATTGCA-3,GARQ,D18,3,40,39,36,0.04540682,B.Naive
GTAGTTTCAATTGAAG-3,GARQ,D18,3,40,39,29,0.14749849,NK
CGTTTGGAGGGTGAAC-3,GARQ,D18,3,40,39,35,0.051181555,T.CD4.Naive
GCATGAGCAATAAGCA-3,GARQ,D18,3,40,39,29,0.12132788,NK
AGACAATAGCATCCAG-3,GARQ,D18,3,40,39,39,0.057554364,T.CD4.Memory
ACGCCTTTCTTAGGGT-3,GARQ,D18,3,40,39,30,0.076750755,Mono.CD14
GCTGTACCATGAATCT-3,GARQ,D18,3,40,39,5,0.09397161,T.CD4.Memory
GCGGAACCAGGCATGA-3,GARQ,D18,3,40,39,39,0.069334626,T.CD8.Effector
AGTGCGGAGACAGGTA-3,GARQ,D18,3,40,39,39,0.009100914,T.CD8.Effector
TGTTGTTTCGCTAAAC-3,GARQ,D18,3,40,39,17,0.09084928,B.Naive
TGCTGGATCGAGCAAA-3,GARQ,D18,3,40,39,32,0.07723296,T.CD8.Effector
GACCTAAGTCAAACTG-3,GARQ,D18,3,40,39,5,0.029198647,T.CD4.Memory
CGGAGCAAGACTCGCA-3,GARQ,D18,3,40,39,19,0.01693368,T.CD4.Memory
AGCAATTGTGAGACTC-3,GARQ,D18,3,40,39,35,0.048609734,T.CD8.Naive
CCTATTTAGCGCATTG-3,GARQ,D18,3,40,39,37,0.1398865,T.CD4.Naive
CCTTCAGGTGGTTCTT-3,GARQ,D18,3,40,39,39,0.03682089,T.CD8.Naive
TGACTTAAGGAAGTAT-3,GARQ,D18,3,40,39,32,0.09422171,T.CD8.Effector
CGCTAATAGGAAGCAC-3,GARQ,D18,3,40,39,19,0.026352406,T.CD4.Memory
GGAACAATCCGGTATG-3,GARQ,D18,3,40,39,16,0.15709794,T.CD4.Memory
GGATTTATCCGCTAGA-3,GARQ,D18,3,40,39,39,0.019199848,T.CD4.Naive
CAAACAACAGCTACGT-3,GARQ,D18,3,40,39,30,0.03096342,Mono.CD14
AGTCCTTGTGTAATAC-3,GARQ,D18,3,40,39,32,0.12809098,T.CD8.Effector
TTGTAAGTCAACCAAC-3,GARQ,D18,3,40,39,39,0.0032717586,T.CD4.Naive
CCGTTGCGTTAGCTGA-3,GARQ,D18,3,40,39,32,0.03278601,T.CD8.Effector
AGTCTTGCAACACCTA-3,GARQ,D18,3,40,39,19,0.017991722,T.CD4.Memory
TTAGGCTAGAAACTGG-3,GARQ,D18,3,40,39,32,0.11221504,T.CD8.Effector
CGCATGATCGATCAGT-3,GARQ,D18,3,40,39,39,0.10508299,T.CD8.Naive
CTATGGCCAATCGCAC-3,GARQ,D18,3,40,39,39,0.14885688,T.CD4.Naive
GCTAACAGTCCTTCTC-3,GARQ,D18,3,40,39,16,0.10724187,T.CD4.Memory
GGTAAACCACACCAAC-3,GARQ,D18,3,40,39,17,0.14826727,B.Naive
CTAACCTGTTGGGTTA-3,GARQ,D18,3,40,39,30,0.062403202,Mono.CD14
TTAGCGGTCGATAACC-3,GARQ,D18,3,40,39,17,0.020179033,B.Activated
AAACCAACATGAGCAG-3,GARQ,D18,3,40,39,21,0.044417977,T.CD4.Naive
ACCAATATCATTAGCA-3,GARQ,D18,3,40,39,16,0.03905964,T.CD4.Memory
GAGAAACGTATTCGCT-3,GARQ,D18,3,40,39,30,0.03529489,Mono.CD14
GTAATAGCATCCATCT-3,GARQ,D18,3,40,39,19,0.0021566153,T.CD4.Naive
TAACAAGCATAAGCAA-3,GARQ,D18,3,40,39,30,0.14105988,Mono.CD14
AAGCGAGGTTGGATAT-3,GARQ,D18,3,40,39,16,0.12582636,T.CD8.Effector
GGCAGGATCCGTCCAT-3,GARQ,D18,3,40,39,32,0.066687346,T.CD4.Memory
TAGCTTAAGTGAAGTG-3,GARQ,D18,3,40,39,39,0.09732854,T.CD8.Effector
CGTAGCGGTGCAACTA-3,GARQ,D18,3,40,39,17,0.08484256,B.Naive
AGCTCATAGTGTTGCG-3,GARQ,D18,3,40,39,8,0.0025286674,Mono.CD14
ACAACACTCGATATTG-3,GARQ,D18,3,40,39,10,0.08578718,T.CD8.Effector
TTAAGGTGTTCCTCCT-3,GARQ,D18,3,40,39,30,0.035422087,Mono.CD14
TAAGCCTAGTAGAGGC-3,GARQ,D18,3,40,39,17,0.12666857,B.Naive
ATTTGTGAGCCGCTTT-3,GARQ,D18,3,40,39,5,0.016010761,T.CD8.Effector
CCTATTTAGGAGCACG-3,GARQ,D18,3,40,39,32,0.01323998,T.CD8.Effector
CATGCGGGTAAGCTCA-3,GARQ,D18,3,40,39,33,0.07826829,T.CD4.Memory
CAACCCTTCATTACAG-3,GARQ,D18,3,40,39,5,0.051166534,T.CD8.Effector
TACTTGTTCGGTTTGG-3,GARQ,D18,3,40,39,33,0.056540966,T.CD4.Memory
ATCTATGAGATAGACG-3,GARQ,D18,3,40,39,17,0.09440613,B.Naive
TGTTGTGCAGTAAAGC-3,GARQ,D18,3,40,39,33,0.07348049,T.CD4.Memory
TCTAGCGAGCTTAACA-3,GARQ,D18,3,40,39,19,0.07592785,T.CD4.Naive
CGTAGTTAGGACACTT-3,GARQ,D18,3,40,39,19,0.002665937,T.CD4.Naive
AGCCTGGGTCATCAAG-3,GARQ,D18,3,40,39,16,0.015732884,T.CD8.Effector
GCTCACAAGCTAAAGG-3,GARQ,D18,3,40,39,30,0.024938941,Mono.CD14
TAAGGACCATCCCTCA-3,GARQ,D18,3,40,39,39,0.029333234,T.CD8.Effector
GGCGATACAGGCTTCG-3,GARQ,D18,3,40,39,29,0.0623101,NK
TGATCACAGGATCACT-3,GARQ,D18,3,40,39,10,0.03992635,T.CD4.Naive
CAAACAACAGGATAAC-3,GARQ,D18,3,40,39,17,0.07926273,B.Naive
CAAGACAAGGTGCTGC-3,GARQ,D18,3,40,39,29,0.12216115,NK
ATGAAGTAGCACGATT-3,GARQ,D18,3,40,39,32,0.016435862,T.CD4.Memory
CCACTTGGTGCGCGTA-3,GARQ,D18,3,40,39,30,0.11217141,Mono.CD14
TGAACAACATAGTCAT-3,GARQ,D18,3,40,39,19,0.016647696,T.CD4.Memory
GTGCTGGGTAACCACA-3,GARQ,D18,3,40,39,36,0.0091894865,B.Naive
TGCGCAGGTCATTACC-3,GARQ,D18,3,40,39,35,0.16633248,T.CD4.Naive
GCGAGTGAGGGACCTC-3,GARQ,D18,3,40,39,17,0.18651748,B.Naive
GCTTAACAGTACTGGT-3,GARQ,D18,3,40,39,29,0.09435606,NK
GGTTTAATCACAAGCT-3,GARQ,D18,3,40,39,29,0.06991649,NK
GGTAACTTCCCGAACA-3,GARQ,D18,3,40,39,39,0.0143328905,T.CD4.Naive
GAGTGTTTCCCTGGTT-3,GARQ,D18,3,40,39,39,0.027386785,T.CD4.Naive
CGCTCCATCGTTAGTA-3,GARQ,D18,3,40,39,39,0.12008476,T.CD4.Memory
TGAGGAGGTCGCAAAC-3,GARQ,D18,3,40,39,5,0.010884881,T.CD4.Memory
CCAGGAACACCTCGCT-3,GARQ,D18,3,40,39,35,0.092837095,T.CD4.Naive
GGGTGTTGTGCATTTC-3,GARQ,D18,3,40,39,29,0.027510643,NK
GCTGCATCACTATGGC-3,GARQ,D18,3,40,39,19,0.013967395,T.CD4.Memory
ACCTGGTCATCCCTCA-3,GARQ,D18,3,40,39,2,0.018099785,T.CD4.Naive
TTTATGGAGTAGCTTA-3,GARQ,D18,3,40,39,39,0.073381305,T.CD4.Memory
AGTAAACAGGTCGATT-3,GARQ,D18,3,40,39,10,0.058813095,T.CD4.Memory
CTTTGAGCAGCTAACC-3,GARQ,D18,3,40,39,39,0.10949165,T.CD4.Naive
ATTTAGCCAGTTATCG-3,GARQ,D18,3,40,39,16,0.08627486,T.CD4.Memory
GTTTAACCACAGACTC-3,GARQ,D18,3,40,39,5,0.0014280081,T.CD4.Memory
TTAGGAACAGGTTAAA-3,GARQ,D18,3,40,39,29,0.16225553,NK
AGATGCTTCATGGTTA-3,GARQ,D18,3,40,39,5,0.037724257,T.CD8.Effector
GGTACTAGTTAGACCA-3,GARQ,D18,3,40,39,33,0.021659732,T.CD4.Naive
GGACGGATCATCCTGC-3,GARQ,D18,3,40,39,39,0.050364375,T.CD4.Naive
GTATTGCAGTTATTCC-3,GARQ,D18,3,40,39,39,0.016157508,T.CD4.Memory
CGGGTATGTGTTCCCA-3,GARQ,D18,3,40,39,19,0.019827127,T.CD4.Memory
TACTCGCTCAGGATGA-3,GARQ,D18,3,40,39,33,0.013338447,T.CD4.Memory
ACCCAGGGTTTCGCCA-3,GARQ,D18,3,40,39,29,0.119650245,NK
CTAGGACGTAATGACT-3,GARQ,D18,3,40,39,13,0.023864985,T.CD4.Memory
TCAAGCTAGTTCCTGC-3,GARQ,D18,3,40,39,2,0.0070971847,T.CD4.Naive
ACTCAGTAGGCGCATC-3,GARQ,D18,3,40,39,1,0.038466036,T.CD8.Effector
AGGAACCAGATGCCTG-3,GARQ,D18,3,40,39,16,0.09001541,T.CD4.Memory
CTTGCGCGTTAGGTGC-3,GARQ,D18,3,40,39,21,0.016160727,T.CD4.Naive
GCTAACCCAATAACCT-3,GARQ,D18,3,40,39,32,0.118122935,T.CD8.Effector
GCTATTGCACAATGTT-3,GARQ,D18,3,40,39,36,0.08167207,B.Naive
CAGGCTATCACTTCAT-3,GARQ,D18,3,40,39,16,0.008727312,T.CD4.Memory
CACTAAGGTCAACAAT-3,GARQ,D18,3,40,39,14,0.002334714,T.CD4.Naive
AACTCACAGGTGCTGC-3,GARQ,D18,3,40,39,19,0.015634298,T.CD4.Memory
TGGTTAATCATTACTC-3,GARQ,D18,3,40,39,30,0.0374645,Mono.CD14
ATTTAGCCATTGTGAT-3,GARQ,D18,3,40,39,19,0.010954976,T.CD4.Naive
TTGTGAGGTCGACTAA-3,GARQ,D18,3,40,39,35,0.017907381,T.CD4.Memory
TACGGTTAGGACAATG-3,GARQ,D18,3,40,39,5,0.070905566,T.CD4.Memory
TTCCTTCTCTATGACA-3,GARQ,D18,3,40,39,29,0.05268848,NK
CGTTATCGTTAAGCCA-3,GARQ,D18,3,40,39,13,0.030211568,T.CD4.Memory
AATCCGTAGAAGGTGC-3,GARQ,D18,3,40,39,32,0.00020444393,T.CD4.Memory
GAGCTTAGTCATCAAG-3,GARQ,D18,3,40,39,19,0.028572202,T.CD4.Memory
TCCCGGACAAAGCGGC-3,GARQ,D18,3,40,39,32,0.10626495,T.CD8.Effector
TGGAACAAGGCCATCA-3,GARQ,D18,3,40,39,5,0.068879366,T.CD8.Effector
TCCTCTAAGGATTTGC-3,GARQ,D18,3,40,39,39,0.07382548,T.CD4.Memory
ACACAATGTTAAGCCA-3,GARQ,D18,3,40,39,37,0.14940512,T.CD8.Naive
TTATAGCCATATAACC-3,GARQ,D18,3,40,39,5,0.038540125,T.CD4.Memory
TGCTAACAGTGACCTG-3,GARQ,D18,3,40,39,5,0.15300131,T.CD4.Memory
GTCCGTAAGACAGGTA-3,GARQ,D18,3,40,39,10,0.03467083,T.CD4.Memory
GCCTGAGGTATTGGTG-3,GARQ,D18,3,40,39,17,0.08033991,B.Naive
ACAGTATGTTGAGGTC-3,GARQ,D18,3,40,39,29,0.04681909,NK
TCTACCTCATGTTGGC-3,GARQ,D18,3,40,39,1,0.015635848,T.CD4.Memory
GGGCGAATCCCTCAGT-3,GARQ,D18,3,40,39,5,0.066628456,T.CD4.Memory
AGCAATACAACTAGGG-3,GARQ,D18,3,40,39,2,0.025643468,T.CD4.Naive
TAGTGAGAGGCGCACT-3,GARQ,D18,3,40,39,6,0.07077706,T.CD8.Effector
GTGCTCAAGAGGATAT-3,GARQ,D18,3,40,39,39,0.057219684,T.CD4.Naive
AGTCCTTGTCAAAGAA-3,GARQ,D18,3,40,39,39,0.072878,T.CD4.Memory
CCAATATCAGGATAAC-3,GARQ,D18,3,40,39,36,0.0040364265,B.Naive
GAGGTAGGTAATGACT-3,GARQ,D18,3,40,39,39,0.020859957,T.CD8.Naive
GATTCGCCAGTAAGTA-3,GARQ,D18,3,40,39,5,0.006926298,T.CD4.Memory
GCACTAAGTGCTCACC-3,GARQ,D18,3,40,39,17,0.018761992,B.Naive
CAGTATGGTGCACGCA-3,GARQ,D18,3,40,39,39,0.046519518,T.CD4.Naive
GTTGCATAGTCACTCC-3,GARQ,D18,3,40,39,23,0.11445999,NK
TAGGTTATCTACCTGC-3,GARQ,D18,3,40,39,32,0.14997637,T.CD8.Effector
GCTTTGTGTAGTTAAC-3,GARQ,D18,3,40,39,39,0.083792806,T.CD4.Naive
TGCTTCCAGCGAGCGA-3,GARQ,D18,3,40,39,33,0.008164823,T.CD4.Naive
AATCCTAAGAAAGCAT-3,GARQ,D18,3,40,39,33,0.006008506,T.CD4.Memory
ATTTAGCCACTAAGTT-3,GARQ,D18,3,40,39,39,0.030683875,T.CD4.Naive
CTAACCTGTTCATTTG-3,GARQ,D18,3,40,39,10,0.010702133,T.CD4.Naive
GTGCCTTTCTTTGTAC-3,GARQ,D18,3,40,39,33,0.009138346,T.CD4.Naive
ATGACGAAGTCAGTAC-3,GARQ,D18,3,40,39,14,0.002909422,T.CD4.Naive
GAGCTGCTCTTAGGAC-3,GARQ,D18,3,40,39,30,0.029357195,Mono.CD14
ATTTGCGCAAACTAAG-3,GARQ,D18,3,40,39,21,0.0053138733,T.CD4.Naive
GATAGACCATGGAGGC-3,GARQ,D18,3,40,39,30,0.069558024,Mono.CD14
TAAGTAGCACTTCACT-3,GARQ,D18,3,40,39,39,0.10159737,T.CD4.Memory
CGTATTGCACGTGCTG-3,GARQ,D18,3,40,39,5,0.09516096,T.CD4.Memory
GTAATAGCACGAATTT-3,GARQ,D18,3,40,39,19,0.013292313,T.CD8.Naive
ATTAGTCCACAAAGCG-3,GARQ,D18,3,40,39,19,0.22613263,T.CD4.Naive
CGCATGATCACTTTAC-3,GARQ,D18,3,40,39,29,0.15306759,NK
CCTTGTTCAATTGAGA-3,GARQ,D18,3,40,39,21,0.05361724,T.CD8.Naive
TATGCATCAATCCCTT-3,GARQ,D18,3,40,39,5,0.04958415,T.CD4.Memory
TAGTGGCGTAAAGCGG-3,GARQ,D18,3,40,39,10,0.035251975,T.CD4.Memory
GGCATTAGTTTGGTTC-3,GARQ,D18,3,40,39,23,0.0505116,NK
AGTGATGAGCTGAGGG-3,GARQ,D18,3,40,39,10,0.025662422,T.CD4.Naive
TCGTTAGCAGCTCATA-3,GARQ,D18,3,40,39,21,0.01722306,T.CD8.Naive
GACCTAGTCGAAGTAG-3,GARQ,D18,3,40,39,33,0.008692026,T.CD4.Memory
GCTCAACCAATACTGT-3,GARQ,D18,3,40,39,39,0.15487021,T.CD8.Naive
TTGCAGCCAAACAACA-3,GARQ,D18,3,40,39,39,0.027107,T.CD8.Naive
AGTAACACAAAGGCCA-3,GARQ,D18,3,40,39,6,0.017518044,T.CD4.Memory
TGAGAACCAATCCTAG-3,GARQ,D18,3,40,39,17,0.06080115,B.Naive
TAGGCTGTCTGTGCAG-3,GARQ,D18,3,40,39,39,0.15631533,T.CD4.Naive
GGGATTAAGAGAGGCT-3,GARQ,D18,3,40,39,19,0.03688848,T.CD4.Memory
CGCGATTCATAAGTTC-3,GARQ,D18,3,40,39,19,0.015427887,T.CD4.Memory
TTTGCATTCATAACGC-3,GARQ,D18,3,40,39,17,0.07750857,B.Naive
TTCAGCACAACAGCCT-3,GARQ,D18,3,40,39,5,0.01743853,T.CD4.Memory
TACCTGCTCGAGGAAC-3,GARQ,D18,3,40,39,32,0.031143665,T.CD8.Effector
AGTTTGCAGCAGGTTT-3,GARQ,D18,3,40,39,25,0.05901313,T.CD4.Naive
CCTATTTAGTAGCGCC-3,GARQ,D18,3,40,39,5,0.021327019,T.CD8.Effector
GTTAAGCTCCTGATTT-3,GARQ,D18,3,40,39,25,0.055686712,T.CD8.Naive
GTCCTCAGTTTGGGCG-3,GARQ,D18,3,40,39,32,0.00036358833,T.CD8.Effector
TAGGTGCGTATTGTGG-3,GARQ,D18,3,40,39,19,0.10458064,T.CD4.Naive
ACTTACAAGCAATAGG-3,GARQ,D18,3,40,39,23,0.030934751,NK
CTCATGCTCCTAAGGT-3,GARQ,D18,3,40,39,17,0.08263898,B.Naive
CAGCATGTCGTTATCT-3,GARQ,D18,3,40,39,16,0.07839918,T.CD4.Memory
CCGGTTAAGGTCCAAT-3,GARQ,D18,3,40,39,18,0.033507466,T.CD8.Effector
TTGCAACAGGATTTGC-3,GARQ,D18,3,40,39,33,0.13747537,T.CD4.Memory
CACCTGTTCGACAAAG-3,GARQ,D18,3,40,39,19,0.02684319,T.CD4.Memory
TGCGGTTCACACTAAT-3,GARQ,D18,3,40,39,33,0.03761947,T.CD4.Memory
CTTCTAAGTTGGTTAG-3,GARQ,D18,3,40,39,29,0.0467422,NK
CGGTTATAGTCACTAA-3,GARQ,D18,3,40,39,33,0.037400782,T.CD8.Effector
GTGTCCAAGGTTACAC-3,GARQ,D18,3,40,39,32,0.21294594,T.CD8.Effector
TCGTAATCACGTTACA-3,GARQ,D18,3,40,39,19,0.03526163,T.CD4.Memory
GACCTGATCTTGACCC-3,GARQ,D18,3,40,39,23,0.24977398,NK
TTACCTGTCCTCATCA-3,GARQ,D18,3,40,39,33,0.17287004,T.CD4.Naive
CGGTGAGAGTAACCAC-3,GARQ,D18,3,40,39,5,0.06273401,T.CD8.Effector
TCCAGGTCAGGATTAA-3,GARQ,D18,3,40,39,19,0.04037839,T.CD4.Naive
CTCCAAACAATGCGCT-3,GARQ,D18,3,40,39,7,0.004740596,T.CD4.Memory
GAGTAATAGTATTGGC-3,GARQ,D18,3,40,39,29,0.032606483,NK
TTGTCAAAGATGCCTG-3,GARQ,D18,3,40,39,19,0.09289968,T.CD4.Naive
TTGTGCCTCCAACTGG-3,GARQ,D18,3,40,39,17,0.14013004,B.Naive
TGAGGGAGTTCCGGCT-3,GARQ,D18,3,40,39,25,0.038569212,T.CD4.Memory
GGTTTAATCGTCATTT-3,GARQ,D18,3,40,39,30,0.043888807,Mono.CD14
CATTATGAGCTGAGGG-3,GARQ,D18,3,40,39,39,0.031147718,T.CD8.Naive
CCCTGGACACGAATCC-3,GARQ,D18,3,40,39,29,0.09126735,NK
AATCCATCAGTAGCCT-3,GARQ,D18,3,40,39,33,0.055250406,T.CD4.Naive
GAGTTGCGTTTATTCG-3,GARQ,D18,3,40,39,35,0.015440345,T.CD4.Memory
TTTAAGGTCTCTAGCC-3,GARQ,D18,3,40,39,25,0.03058827,T.CD4.Memory
TGCTTCATCTCACTAT-3,GARQ,D18,3,40,39,21,0.093449235,T.CD8.Naive
GAGCTGCTCGGGACCT-3,GARQ,D18,3,40,39,32,0.071662426,T.CD4.Memory
CTAGTAATCTCCATGC-3,GARQ,D18,3,40,39,19,0.0797779,T.CD4.Naive
ACGGTTTAGCCTGTTC-3,GARQ,D18,3,40,39,16,0.06081736,T.CD4.Memory
GTCAGGCTCTCCTCTT-3,GARQ,D18,3,40,39,33,0.054144144,T.CD4.Memory
TCCTTCAAGGCATGAA-3,GARQ,D18,3,40,39,2,0.008322358,T.CD4.Naive
GAAAGCCAGCGCTCAA-3,GARQ,D18,3,40,39,33,0.09424037,T.CD4.Memory
GTGGCTTCACACTAAT-3,GARQ,D18,3,40,39,33,0.008894682,T.CD4.Naive
ACCCGGTAGTTGTCAA-3,GARQ,D18,3,40,39,19,0.0046055317,T.CD8.Naive
CCCAGCACAGTAGCCT-3,GARQ,D18,3,40,39,39,0.038744092,T.CD8.Naive
TAATGGTGTTTAGTCC-3,GARQ,D18,3,40,39,33,0.07645506,T.CD4.Naive
ACGGTTAGTGGGTGAA-3,GARQ,D18,3,40,39,33,0.089782715,T.CD4.Naive
ATTATCCTCATGAAGG-3,GARQ,D18,3,40,39,23,0.01031661,NK
GCGGATACAGGATTAA-3,GARQ,D18,3,40,39,17,0.15328026,B.Naive
AGACACGCATAGCAGG-3,GARQ,D18,3,40,39,36,0.1308763,B.Naive
GTAGGAGGTTCAAGAT-3,GARQ,D18,3,40,39,33,0.045235276,T.CD4.Naive
GAGGTAGGTGATGAAA-3,GARQ,D18,3,40,39,39,0.052086115,T.CD4.Memory
TGAAACTGTTCGCTCA-3,GARQ,D18,3,40,39,21,0.026879013,T.CD4.Naive
ATCCATAAGTCATTAG-3,GARQ,D18,3,40,39,1,0.028096557,T.CD4.Memory
TAACAAGCAGGAATCG-3,GARQ,D18,3,40,39,33,0.08948755,T.CD4.Memory
TTCTTAGGTTCCATTA-3,GARQ,D18,3,40,39,39,0.077525735,T.CD4.Naive
TGTTCATTCGTTTCTG-3,GARQ,D18,3,40,39,5,0.005273938,T.CD4.Memory
GTTTGTCGTAACAGGG-3,GARQ,D18,3,40,39,17,0.09600484,B.Naive
TGCTCAACAACAGGAT-3,GARQ,D18,3,40,39,33,0.060469866,T.CD4.Naive
CTGGTCAAGCCAGTAT-3,GARQ,D18,3,40,39,33,0.020811915,T.CD4.Naive
CTATGAGGTCCGCTGT-3,GARQ,D18,3,40,39,5,0.0021294355,T.CD4.Memory
GTTCCCAGTGGATTCA-3,GARQ,D18,3,40,39,25,0.08121705,T.CD4.Memory
TGGTTCTGTTTAACGG-3,GARQ,D18,3,40,39,33,0.03144598,T.CD4.Naive
GAGGCAAGTTGCGTAA-3,GARQ,D18,3,40,39,22,0.0009266138,Mono.CD14
ACCTAAATCGCAACAT-3,GARQ,D18,3,40,39,33,0.035051703,T.CD4.Memory
CCTTCAATCAATGACC-3,GARQ,D18,3,40,39,35,0.022722721,T.CD4.Memory
GGTAACTTCCTAATAG-3,GARQ,D18,3,40,39,16,0.05073446,T.CD4.Naive
GGTGATTTCTGGCTTC-3,GARQ,D18,3,40,39,25,0.018199265,T.CD4.Naive
ATATGTCCATTGCGAC-3,GARQ,D18,3,40,39,32,0.0042318106,T.CD8.Effector
TACCTGCTCCAACTGG-3,GARQ,D18,3,40,39,5,0.018300772,T.CD8.Effector
GTGAACAAGACCATAC-3,GARQ,D18,3,40,39,35,0.025669217,T.CD8.Effector
ATATGCTCACTAAGTT-3,GARQ,D18,3,40,39,19,0.12264347,T.CD4.Naive
AGCTTAATCCTCATGC-3,GARQ,D18,3,40,39,13,0.08064854,T.CD4.Memory
GCAGCTATCCTCACTA-3,GARQ,D18,3,40,39,19,0.04625535,T.CD4.Memory
GAGGCCTTCGTCCTTA-3,GARQ,D18,3,40,39,39,0.028283358,T.CD4.Memory
TGAGCAAAGCACAGAA-3,GARQ,D18,3,40,39,32,0.06766164,T.CD8.Effector
CAATGAACAACCCTCC-3,GARQ,D18,3,40,39,32,0.009405971,T.CD4.Memory
TTACACCGTATGGTGC-3,GARQ,D18,3,40,39,35,0.11327231,T.CD8.Naive
GGTTCCCGTTATGTGG-3,GARQ,D18,3,40,39,2,0.04718876,T.CD4.Naive
TTTGACCGTCCTAAGA-3,GARQ,D18,3,40,39,32,0.054313898,T.CD8.Effector
TCACTGACAAACCCTA-3,GARQ,D18,3,40,39,19,0.016017675,T.CD4.Memory
CCATAAATCCCGAACA-3,GARQ,D18,3,40,39,19,0.041351557,T.CD4.Memory
TAATCACCATTTGCTC-3,GARQ,D18,3,40,39,35,0.038187087,T.CD8.Naive
GCGAAGTAGTGGACAA-3,GARQ,D18,3,40,39,39,0.0008472204,T.CD8.Effector
CGCTAACCATGCTATG-3,GARQ,D18,3,40,39,10,0.034290254,T.CD4.Memory
ATCACCCTCTTGGACG-3,GARQ,D18,3,40,39,39,0.005700648,T.CD4.Naive
CTCATCATCCTTCTAG-3,GARQ,D18,3,40,39,5,0.072327375,T.CD4.Memory
CAATATGTCATAGCCG-3,GARQ,D18,3,40,39,8,0.015681267,T.CD4.Memory
CACATAATCAATTACG-3,GARQ,D18,3,40,39,22,0.041136622,Mono.CD14
CAGGGCTTCTGGCTTC-3,GARQ,D18,3,40,39,22,0.102383256,DC.Myeloid
GGAACAATCAGGCTAT-3,GARQ,D18,3,40,39,39,0.08897853,T.CD4.Naive
GCTAGTGTCGTTTCGC-3,GARQ,D18,3,40,39,0,0.00021147728,T.CD4.Naive
GGTTACCCAGGGAGCT-3,GARQ,D18,3,40,39,28,0.016517699,NK
TAAAGCCTCGCTTGCT-3,GARQ,D18,3,40,39,16,0.032779098,T.CD8.Effector
TATGGCCCACCTAAGC-3,GARQ,D18,3,40,39,33,0.07108772,T.CD4.Memory
GTTGGCGGTTGTGATG-3,GARQ,D18,3,40,39,33,0.02206719,T.CD4.Naive
TGAACAACACCGGCTA-3,GARQ,D18,3,40,39,19,0.016527414,T.CD4.Naive
TTGCAAGGTACTGAAT-3,GARQ,D18,3,40,39,25,0.021251738,T.CD8.Naive
CATTCATTCTTGGATA-3,GARQ,D18,3,40,39,5,0.0696491,T.CD4.Memory
AGATGCTTCTTACTCG-3,GARQ,D18,3,40,39,32,0.052903295,T.CD4.Memory
GCAATGTTCCGTCCAT-3,GARQ,D18,3,40,39,19,0.005135417,T.CD4.Naive
ACTTGTAAGTTAGCTA-3,GARQ,D18,3,40,39,21,0.013397574,T.CD8.Naive
TAAGTAGCAGCAAGGC-3,GARQ,D18,3,40,39,33,0.0040477514,T.CD4.Memory
CAATATGTCATGTTTC-3,GARQ,D18,3,40,39,33,0.012028933,T.CD4.Naive
TGTTGTGCAATTGAGA-3,GARQ,D18,3,40,39,21,0.0035794973,T.CD4.Naive
CTTGTCCAGCTGAGGG-3,GARQ,D18,3,40,39,19,0.07950592,T.CD4.Memory
TCCTCTAAGTTGGGCC-3,GARQ,D18,3,40,39,39,0.012610912,T.CD4.Naive
GTAGTTATCATTCATC-3,GARQ,D18,3,40,39,10,0.024522245,T.CD4.Naive
GAGCTAGCATGGCCCA-3,GARQ,D18,3,40,39,5,0.016323447,T.CD4.Memory
GATCACTAGTCTGGGC-3,GARQ,D18,3,40,39,5,0.07833564,T.CD8.Effector
GTTACCTGTAGCCATA-3,GARQ,D18,3,40,39,32,0.08772516,T.CD8.Effector
GTGTTACAGTGGCGGA-3,GARQ,D18,3,40,39,34,0.2215296,T.CD4.Naive
ACATTGCAGCCTGACA-3,GARQ,D18,3,40,39,19,0.024819374,T.CD4.Naive
CATTCATTCGGGACTC-3,GARQ,D18,3,40,39,21,0.109072685,T.CD4.Memory
GGCGATACATAGCAGG-3,GARQ,D18,3,40,39,33,0.014640331,T.CD4.Naive
ATTCAACCAATGCCTA-3,GARQ,D18,3,40,39,23,0.081787944,NK
AGTTTGATCATTATGG-3,GARQ,D18,3,40,39,33,0.1013906,T.CD4.Memory
AGTGAACCATGTGGGA-3,GARQ,D18,3,40,39,5,0.25894403,T.CD8.Effector
CTAAGGTTCGAAGCGG-3,GARQ,D18,3,40,39,21,0.047389388,T.CD4.Memory
GCAGGTTGTTAGACCA-3,GARQ,D18,3,40,39,29,0.017097354,NK
CGTATTGCACGAACAG-3,GARQ,D18,3,40,39,19,0.0009418726,T.CD4.Memory
GCGATTTAGGTGAGAC-3,GARQ,D18,3,40,39,33,0.051629066,T.CD4.Naive
AAACCGGCATTGCAGC-3,GARQ,D18,3,40,39,21,0.06182742,T.CD4.Naive
TGTGATCAGCGATACT-3,GARQ,D18,3,40,39,33,0.0021703243,T.CD4.Naive
GGAACTAAGTTCCCAC-3,GARQ,D18,3,40,39,19,0.0882256,T.CD4.Memory
CGTGGTTCATTAAGTC-3,GARQ,D18,3,40,39,19,0.094726205,T.CD4.Memory
TTCTTAGGTACCAGGT-3,GARQ,D18,3,40,39,39,0.10124016,T.CD4.Memory
TGTTTGTTCATTGCGG-3,GARQ,D18,3,40,39,5,0.08132696,T.CD8.Effector
TCGGTTACACTAAGTT-3,GARQ,D18,3,40,39,39,0.027026772,T.CD4.Memory
AAACATGCAATCGCAC-3,GARQ,D18,3,40,39,33,0.014822841,T.CD4.Memory
AGCCTCCGTAATCGCA-3,GARQ,D18,3,40,39,19,0.016600132,T.CD4.Naive
ACAACAACAGCTAACC-3,GARQ,D18,3,40,39,16,0.019512177,T.CD4.Memory
AGCTGCTCAATTATGC-3,GARQ,D18,3,40,39,5,0.016105652,T.CD4.Memory
GTTTCCTCAGAACCGA-3,GARQ,D18,3,40,39,35,0.00041419268,T.CD8.Effector
AATTGGGAGTCCTTTG-3,GARQ,D18,3,40,39,39,0.01592648,T.CD8.Naive
GGTGCTGGTTATGTGG-3,GARQ,D18,3,40,39,39,0.07059431,T.CD8.Naive
CCCGTTGTCAGCCAAT-3,GARQ,D18,3,40,39,21,0.123609066,T.CD8.Naive
GATTACTCAGAGGGAG-3,GARQ,D18,3,40,39,21,0.008428693,T.CD4.Naive
TGCTTTAGTCCTTCTC-3,GARQ,D18,3,40,39,25,0.0137934685,T.CD4.Naive
TCAAGGTTCATTGACA-3,GARQ,D18,3,40,39,10,0.03443575,T.CD4.Memory
ACGCAAGCAGCCTAAC-3,GARQ,D18,3,40,39,33,0.010586262,T.CD4.Naive
ACAGTATGTCTAGCTT-3,GARQ,D18,3,40,39,22,0.077019215,Mono.CD14
AGTAGGATCATAACGC-3,GARQ,D18,3,40,39,16,0.08007467,T.CD4.Memory
GTTACAGGTCTTTATG-3,GARQ,D18,3,40,39,30,0.082438946,Mono.CD14
TCCGGTAAGGGTCTAT-3,GARQ,D18,3,40,39,19,0.0043382645,T.CD4.Naive
GCTTAAATCCCGAAGC-3,GARQ,D18,3,40,39,19,0.07052338,T.CD4.Naive
AAAGGTTAGCTTCCCG-3,GARQ,D18,3,40,39,5,0.05221635,T.CD4.Naive
CCTGATGAGCCAGTAT-3,GARQ,D18,3,40,39,21,0.12578952,T.CD8.Naive
TCCTTCAAGGGACCTC-3,GARQ,D18,3,40,39,19,0.10503465,T.CD4.Naive
CTGACCAAGCTCAATA-3,GARQ,D18,3,40,39,33,0.093106866,T.CD4.Memory
GGTATTTCAAGGTGGC-3,GARQ,D18,3,40,39,19,0.06427461,T.CD4.Memory
TAATCACCACATTGCA-3,GARQ,D18,3,40,39,21,0.046199083,T.CD4.Naive
TTGTCCCAGGAGCATA-3,GARQ,D18,3,40,39,19,0.0044691563,T.CD4.Memory
ACTAGGCGTGAGGTAG-3,GARQ,D18,3,40,39,25,0.0545156,T.CD4.Naive
TATTAGCCATGTTTGG-3,GARQ,D18,3,40,39,19,0.114982486,T.CD4.Naive
TACTAAGTCGAGCAAA-3,GARQ,D18,3,40,39,25,0.029240727,T.CD8.Naive
CAAACATGTACAAAGA-3,GARQ,D18,3,40,39,5,0.06863916,NK
AGGCGGATCTTTGAGA-3,GARQ,D18,3,40,39,5,0.11812687,T.CD4.Memory
CGAAGGCCAGAATGAC-3,GARQ,D18,3,40,39,33,0.22782397,T.CD4.Memory
AGACTATGTTGCACAA-3,GARQ,D18,3,40,39,39,0.037538648,T.CD4.Memory
GGCGGTAAGCTATTAG-3,GARQ,D18,3,40,39,33,0.008843482,T.CD4.Naive
GTAGTTTCATTGTGAT-3,GARQ,D18,3,40,39,10,0.002441883,T.CD4.Naive
CGACAAGCACTATGGC-3,GARQ,D18,3,40,39,5,0.041453958,T.CD4.Memory
TGGCTAAGTGTCCAGG-3,GARQ,D18,3,40,39,21,0.06561607,T.CD8.Naive
GCTCACAAGAGCCGGA-3,GARQ,D18,3,40,39,21,0.12383032,T.CD4.Naive
CTCATGCTCCGTCCAT-3,GARQ,D18,3,40,39,19,0.00087428093,T.CD4.Memory
GTACTAGGTCGCATAA-3,GARQ,D18,3,40,39,25,0.12863159,T.CD4.Naive
CCACAGGGTCGAAGTC-3,GARQ,D18,3,40,39,25,0.067331314,T.CD4.Naive
TCCATATTCTCAATGA-3,GARQ,D18,3,40,39,21,0.21393192,T.CD4.Naive
ATGTCAATCTTGAGGT-3,GARQ,D18,3,40,39,39,0.08685118,T.CD8.Naive
GGTTCTTGTTAGTACG-3,GARQ,D18,3,40,39,33,0.11033678,T.CD4.Naive
GTGAGGAGTCATGCAA-3,GARQ,D18,3,40,39,39,0.03253126,T.CD4.Naive
GCCTTAACAATTGAGA-3,GARQ,D18,3,40,39,8,0.020613074,T.CD4.Memory
GGATTGCGTATTTGCC-3,GARQ,D18,3,40,39,17,0.11511791,B.Naive
CTTAACAAGCGCATTG-3,GARQ,D18,3,40,39,25,0.050680637,T.CD4.Naive
ATGTAAGCACTAGGTC-3,GARQ,D18,3,40,39,33,0.09704542,T.CD4.Naive
AGATGCTTCAGCAAGA-3,GARQ,D18,3,40,39,16,0.02281332,T.CD4.Memory
CTTAAGGGTTAGTACG-3,GARQ,D18,3,40,39,23,0.16684246,NK
TGTTGGCCAAAGCTAA-3,GARQ,D18,3,40,39,5,0.054287553,T.CD8.Effector
ACCCTCCCAGTAATAG-3,GARQ,D18,3,40,39,35,0.0068126917,T.CD8.Naive
CTAATCTTCATAGCCG-3,GARQ,D18,3,40,39,21,0.054129362,T.CD4.Naive
CGTTTGGAGTCAGGCC-3,GARQ,D18,3,40,39,18,0.0030174255,T.CD4.Memory
GTTTAGCAGCGCCTTT-3,GARQ,D18,3,40,39,35,0.088695884,T.CD4.Memory
GGTGCTTCACAAAGCG-3,GARQ,D18,3,40,39,19,0.16072416,T.CD8.Effector
GATAAAGGTCTTGCAT-3,GARQ,D18,3,40,39,18,0.03171003,T.CD8.Naive
CACATAATCTGTGCAG-3,GARQ,D18,3,40,39,33,0.013000011,T.CD4.Naive
CGGCAATGTTTATCTG-3,GARQ,D18,3,40,39,19,0.025508583,T.CD4.Naive
ACCTAAATCAATTGGC-3,GARQ,D18,3,40,39,5,0.1249516,T.CD8.Effector
GCTAACAGTAAGTCGC-3,GARQ,D18,3,40,39,33,0.049909294,T.CD4.Memory
ATCCCGCGTGAACAAA-3,GARQ,D18,3,40,39,33,0.056806922,T.CD4.Memory
GTTCCTGGTCAAAGAA-3,GARQ,D18,3,40,39,23,0.027366757,NK
ATCCACCTCAGGCTAT-3,GARQ,D18,3,40,39,36,0.0012278557,B.Naive
GAAGGATGTCACGGAT-3,GARQ,D18,3,40,39,21,0.084112406,T.CD8.Naive
AACCTAATCACTCGCT-3,GARQ,D18,3,40,39,30,0.08340728,Mono.CD14
ACCATTAAGGCAACAA-3,GARQ,D18,3,40,39,33,0.020919561,T.CD4.Memory
CCCATAACATAGCTTG-3,GARQ,D18,3,40,39,17,0.10645223,B.Naive
GGCATTGTCCTTCAAT-3,GARQ,D18,3,40,39,17,0.16232944,B.Naive
