cell_id,method,dataset,seed,requested_K,realized_K,metacell_id,delta_confidence,cell_type
AAACCTGAGGATTCGG-1,GARQ,D5,1,40,39,6,0.00927639,CD4 naive I
AAACCTGCAATGCCAT-1,GARQ,D5,1,40,39,7,0.06146264,CD56dim CD16bright NK
AAACCTGCATATGAGA-1,GARQ,D5,1,40,39,16,0.11190307,NK-monocyte doublets
AAACCTGCATGCATGT-1,GARQ,D5,1,40,39,34,0.09928429,CD4 naive II
AAACCTGGTGTGTGCC-1,GARQ,D5,1,40,39,17,0.073516846,CD4 memory
AAACCTGTCAATCTCT-1,GARQ,D5,1,40,39,7,0.017234445,CD56bright CD16dim NK
AAACGGGAGATCACGG-1,GARQ,D5,1,40,39,7,0.010037422,CD56dim CD16bright NK
AAACGGGCAAGACACG-1,GARQ,D5,1,40,39,5,0.08068943,CD8 memory
AAACGGGCACCGAATT-1,GARQ,D5,1,40,39,16,0.0929476,NK-monocyte doublets
AAACGGGGTAGTGAAT-1,GARQ,D5,1,40,39,28,0.02321577,CD8 effector
AAACGGGGTCTAAACC-1,GARQ,D5,1,40,39,35,0.054791927,CD56dim CD16bright NK
AAACGGGGTCTCTCTG-1,GARQ,D5,1,40,39,7,0.052658677,CD56dim CD16bright NK
AAACGGGTCGGGAGTA-1,GARQ,D5,1,40,39,16,0.034210086,Classical monocytes
AAACGGGTCTGGGCCA-1,GARQ,D5,1,40,39,7,0.14333677,CD56dim CD16bright NK
AAAGATGCAGCAGTTT-1,GARQ,D5,1,40,39,26,0.04038155,Memory B
AAAGATGGTCAACATC-1,GARQ,D5,1,40,39,11,0.030489922,gdT cells
AAAGATGGTTCCATGA-1,GARQ,D5,1,40,39,15,0.009543657,CD8 effector
AAAGCAAAGGTTACCT-1,GARQ,D5,1,40,39,29,0.09557605,NK-T doublets
AAAGCAACAGTGAGTG-1,GARQ,D5,1,40,39,17,0.0030932426,CD4 memory
AAAGCAACAGTTAACC-1,GARQ,D5,1,40,39,16,0.15449357,conventional DC
AAAGCAACATATACGC-1,GARQ,D5,1,40,39,7,0.11702204,CD56dim CD16bright NK
AAAGCAACATTGGCGC-1,GARQ,D5,1,40,39,20,0.0077853203,NK-T doublets
AAAGCAAGTTAGATGA-1,GARQ,D5,1,40,39,34,0.023885965,CD8 naive
AAAGCAAGTTATGTGC-1,GARQ,D5,1,40,39,0,0.04985857,CD8 memory
AAAGCAATCGGAGCAA-1,GARQ,D5,1,40,39,4,0.057192564,CD56dim CD16bright NK
AAAGCAATCTTGTTTG-1,GARQ,D5,1,40,39,34,0.01999402,CD8 naive
AAAGTAGAGTGAAGAG-1,GARQ,D5,1,40,39,6,0.028904676,CD4 naive I
AAAGTAGCACTTAACG-1,GARQ,D5,1,40,39,4,0.013414383,CD56dim CD16bright NK
AAAGTAGGTCCCTACT-1,GARQ,D5,1,40,39,13,0.036687374,CD4 memory
AAAGTAGGTTGCGCAC-1,GARQ,D5,1,40,39,34,0.028296113,CD8 memory
AAAGTAGTCGATAGAA-1,GARQ,D5,1,40,39,34,0.0862726,CD4 naive II
AAAGTAGTCGGTCTAA-1,GARQ,D5,1,40,39,32,0.035957932,CD8 effector
AAATGCCAGGAGTTGC-1,GARQ,D5,1,40,39,34,0.004829645,CD8 naive
AAATGCCAGTGTCCCG-1,GARQ,D5,1,40,39,17,0.0028162003,CD4 memory
AAATGCCTCCGATATG-1,GARQ,D5,1,40,39,29,0.046893835,gdT cells
AAATGCCTCGTGACAT-1,GARQ,D5,1,40,39,4,0.08715558,CD56dim CD16bright NK
AAATGCCTCTTAGCCC-1,GARQ,D5,1,40,39,34,0.05158019,CD4 naive I
AACACGTAGCGTGTCC-1,GARQ,D5,1,40,39,34,0.004582405,CD4 naive I
AACACGTAGCTAACAA-1,GARQ,D5,1,40,39,7,0.103114486,CD56dim CD16bright NK
AACACGTAGGCTAGAC-1,GARQ,D5,1,40,39,35,0.13959682,CD56dim CD16bright NK
AACACGTAGTAGCGGT-1,GARQ,D5,1,40,39,16,0.1560092,Platelet-bound monocytes
AACACGTCACCGTTGG-1,GARQ,D5,1,40,39,1,0.038949966,CD56dim CD16bright NK
AACACGTCAGACGTAG-1,GARQ,D5,1,40,39,1,0.01679933,CD56dim CD16bright NK
AACACGTCATTAACCG-1,GARQ,D5,1,40,39,16,0.12991214,Platelet-bound monocytes
AACACGTGTACCCAAT-1,GARQ,D5,1,40,39,0,0.036195993,CD8 memory
AACCATGAGAGGTAGA-1,GARQ,D5,1,40,39,34,0.07964146,CD4 naive II
AACCATGAGGCCATAG-1,GARQ,D5,1,40,39,7,0.054519534,CD56dim CD16bright NK
AACCATGAGTGGGCTA-1,GARQ,D5,1,40,39,7,0.02841568,CD56dim CD16bright NK
AACCATGGTACAGCAG-1,GARQ,D5,1,40,39,4,0.008455753,CD56dim CD16bright NK
AACCGCGAGTGGGCTA-1,GARQ,D5,1,40,39,7,0.07683563,CD56dim CD16bright NK
AACCGCGCAATAGAGT-1,GARQ,D5,1,40,39,4,0.007118225,CD56dim CD16bright NK
AACCGCGCAGACAAGC-1,GARQ,D5,1,40,39,5,0.053340673,CD8 memory
AACCGCGGTCTCACCT-1,GARQ,D5,1,40,39,32,0.045666337,CD8 naive
AACCGCGTCCGTAGGC-1,GARQ,D5,1,40,39,5,0.01775217,gdT cells
AACGTTGAGCGTGAAC-1,GARQ,D5,1,40,39,2,0.012129784,CD56dim CD16bright NK
AACGTTGCAGGGATTG-1,GARQ,D5,1,40,39,34,0.033537507,CD4 naive I
AACGTTGTCTGCAAGT-1,GARQ,D5,1,40,39,1,0.10906732,CD8 effector
AACTCAGGTTAAGACA-1,GARQ,D5,1,40,39,34,0.05496192,CD8 naive
AACTCAGTCAACGGGA-1,GARQ,D5,1,40,39,24,0.04344237,T-NK-B cell doublets
AACTCAGTCTAGAGTC-1,GARQ,D5,1,40,39,16,0.15445828,Classical monocytes
AACTCCCAGAACTGTA-1,GARQ,D5,1,40,39,24,0.49186015,Naive B
AACTCCCAGTGTGGCA-1,GARQ,D5,1,40,39,13,0.020935655,CD4 memory
AACTCCCCAGGTTTCA-1,GARQ,D5,1,40,39,32,0.03289199,CD8 naive
AACTCCCCATCCGCGA-1,GARQ,D5,1,40,39,37,0.009443045,NK-T doublets
AACTCTTAGCATGGCA-1,GARQ,D5,1,40,39,4,0.058545828,CD56dim CD16bright NK
AACTCTTAGCGCCTCA-1,GARQ,D5,1,40,39,34,0.08858621,CD4 memory
AACTCTTCAAACAACA-1,GARQ,D5,1,40,39,16,0.1686287,Classical monocytes
AACTCTTCACATTTCT-1,GARQ,D5,1,40,39,13,0.014947534,CD4 memory
AACTGGTCACCACCAG-1,GARQ,D5,1,40,39,34,0.05613637,CD4 naive I
AACTGGTCACGACGAA-1,GARQ,D5,1,40,39,5,0.079068184,CD8 memory
AACTGGTGTCGAAAGC-1,GARQ,D5,1,40,39,34,0.03689933,CD4 naive II
AACTGGTTCGCGGATC-1,GARQ,D5,1,40,39,34,0.08050752,CD4 naive I
AACTTTCAGGGCATGT-1,GARQ,D5,1,40,39,24,0.46897393,Naive B
AACTTTCCAAACTGCT-1,GARQ,D5,1,40,39,4,0.07438779,CD56dim CD16bright NK
AACTTTCGTGGCGAAT-1,GARQ,D5,1,40,39,4,0.03031385,CD56dim CD16bright NK
AACTTTCTCATCACCC-1,GARQ,D5,1,40,39,7,0.0053737164,CD56dim CD16bright NK
AAGACCTAGCAGCCTC-1,GARQ,D5,1,40,39,24,0.13374996,T-NK-B cell doublets
AAGACCTAGTACATGA-1,GARQ,D5,1,40,39,24,0.08720374,T-NK-B cell doublets
AAGACCTCAGTGGAGT-1,GARQ,D5,1,40,39,6,0.0031414032,CD4 naive I
AAGCCGCAGCCAGTTT-1,GARQ,D5,1,40,39,35,0.0942297,CD8 effector
AAGCCGCGTAAGTGGC-1,GARQ,D5,1,40,39,16,0.21826887,Classical monocytes
AAGCCGCGTCACTTCC-1,GARQ,D5,1,40,39,38,0.008579731,CD56dim CD16bright NK
AAGGAGCGTCCGAGTC-1,GARQ,D5,1,40,39,34,0.018079877,CD4 memory
AAGGAGCGTTAGTGGG-1,GARQ,D5,1,40,39,39,0.07058817,Neutrophils
AAGGCAGTCGGCTTGG-1,GARQ,D5,1,40,39,7,0.12953281,CD56dim CD16bright NK
AAGGCAGTCTCAAACG-1,GARQ,D5,1,40,39,16,0.27187943,Classical monocytes
AAGGTTCCAAAGGCGT-1,GARQ,D5,1,40,39,34,0.053906918,CD8 naive
AAGGTTCTCGGCGCTA-1,GARQ,D5,1,40,39,16,0.15217769,Classical monocytes
AAGTCTGAGATATGCA-1,GARQ,D5,1,40,39,4,0.027870178,CD56dim CD16bright NK
AAGTCTGCAAGGGTCA-1,GARQ,D5,1,40,39,32,0.015822172,CD4 memory
AAGTCTGGTGCTAGCC-1,GARQ,D5,1,40,39,7,0.012215972,CD56dim CD16bright NK
AATCCAGAGTGCTGCC-1,GARQ,D5,1,40,39,16,0.15583909,Classical monocytes
AATCCAGCAACGATGG-1,GARQ,D5,1,40,39,7,0.06371391,CD56dim CD16bright NK
AATCCAGGTAACGTTC-1,GARQ,D5,1,40,39,32,0.025382996,CD4 memory
AATCCAGGTGGTCTCG-1,GARQ,D5,1,40,39,13,0.00836277,CD4 naive I
AATCCAGGTTGGTGGA-1,GARQ,D5,1,40,39,34,0.029978395,CD4 naive I
AATCCAGTCAGGTTCA-1,GARQ,D5,1,40,39,34,0.03438878,CD4 naive I
AATCGGTAGGCAATTA-1,GARQ,D5,1,40,39,8,0.0004121065,CD8 memory
AATCGGTCAAGCCATT-1,GARQ,D5,1,40,39,9,0.006793022,CD8 effector
AATCGGTCATAAAGGT-1,GARQ,D5,1,40,39,34,0.0077955723,CD4 memory
AATCGGTGTGGCAAAC-1,GARQ,D5,1,40,39,7,0.057153225,CD56dim CD16bright NK
ACACCAAAGTGTTGAA-1,GARQ,D5,1,40,39,16,0.16350543,Classical monocytes
ACACCAATCCAGTATG-1,GARQ,D5,1,40,39,34,0.01741767,CD4 memory
ACACCAATCTCGATGA-1,GARQ,D5,1,40,39,5,0.10983372,MAIT-NKT cells
ACACCCTGTCCGCTGA-1,GARQ,D5,1,40,39,16,0.18472028,plasmacytoid DC
ACACCCTTCATTATCC-1,GARQ,D5,1,40,39,35,0.05616665,CD8 effector
ACACCCTTCGCGTAGC-1,GARQ,D5,1,40,39,34,0.078383684,CD8 naive
ACACCCTTCGGTCTAA-1,GARQ,D5,1,40,39,35,0.07160753,gdT cells
ACACCCTTCTTCTGGC-1,GARQ,D5,1,40,39,34,0.0022656918,CD8 naive
ACACCGGCAGATTGCT-1,GARQ,D5,1,40,39,35,0.10788441,gdT cells
ACACCGGTCCTGCCAT-1,GARQ,D5,1,40,39,7,0.058392167,CD56dim CD16bright NK
ACACCGGTCTTGTCAT-1,GARQ,D5,1,40,39,16,0.17366505,Classical monocytes
ACACTGAAGACGCACA-1,GARQ,D5,1,40,39,4,0.012372255,gdT cells
ACACTGACAGGTCTCG-1,GARQ,D5,1,40,39,13,0.0020942688,CD4 memory
ACACTGATCCATGAGT-1,GARQ,D5,1,40,39,24,0.14323664,Naive B
ACACTGATCTATGTGG-1,GARQ,D5,1,40,39,34,0.016392946,CD4 naive II
ACACTGATCTCCCTGA-1,GARQ,D5,1,40,39,4,0.028406382,CD56dim CD16bright NK
ACAGCCGAGCAGCCTC-1,GARQ,D5,1,40,39,4,0.012360454,CD56dim CD16bright NK
ACAGCCGAGGCTCATT-1,GARQ,D5,1,40,39,16,0.1035496,Platelet-bound monocytes
ACAGCCGCACGAAACG-1,GARQ,D5,1,40,39,34,0.042710543,CD8 naive
ACAGCCGCACGTCTCT-1,GARQ,D5,1,40,39,34,0.092944264,CD4 memory
ACAGCCGCATCCCACT-1,GARQ,D5,1,40,39,16,0.045916796,Classical monocytes
ACAGCCGGTCATATGC-1,GARQ,D5,1,40,39,34,0.007576227,CD4 naive I
ACAGCCGTCAAGGCTT-1,GARQ,D5,1,40,39,34,0.091509104,CD4 memory
ACAGCCGTCTCTGCTG-1,GARQ,D5,1,40,39,39,0.057439715,Platelet-T cell doublets
ACAGCTAGTCCGAATT-1,GARQ,D5,1,40,39,4,0.010731816,CD56dim CD16bright NK
ACAGCTATCGCTTGTC-1,GARQ,D5,1,40,39,24,0.38548088,Naive B
ACATACGAGCAATATG-1,GARQ,D5,1,40,39,7,0.08095765,CD56dim CD16bright NK
ACATACGAGGGAGTAA-1,GARQ,D5,1,40,39,5,0.010062695,CD8 memory
ACATACGAGTACGACG-1,GARQ,D5,1,40,39,34,0.060892463,CD4 naive I
ACATACGGTGTGCCTG-1,GARQ,D5,1,40,39,34,0.032108784,CD8 naive
ACATACGTCTCCCTGA-1,GARQ,D5,1,40,39,5,0.04643607,MAIT-NKT cells
ACATCAGCACAACGTT-1,GARQ,D5,1,40,39,7,0.093300104,CD56dim CD16bright NK
ACATCAGGTCTTTCAT-1,GARQ,D5,1,40,39,16,0.18424797,Neutrophils
ACATCAGGTGATGTGG-1,GARQ,D5,1,40,39,16,0.10758424,Non classical monocytes
ACATCAGGTGCTTCTC-1,GARQ,D5,1,40,39,16,0.17108536,Classical monocytes
ACATCAGTCCAGGGCT-1,GARQ,D5,1,40,39,16,0.08256054,Classical monocytes
ACATCAGTCTGCCCTA-1,GARQ,D5,1,40,39,24,0.25802875,Naive B
ACATGGTCATATACCG-1,GARQ,D5,1,40,39,34,0.06291759,CD4 memory
ACATGGTGTACATCCA-1,GARQ,D5,1,40,39,21,0.015644133,CD8 effector
ACATGGTTCCACGACG-1,GARQ,D5,1,40,39,32,0.016330004,CD8 naive
ACATGGTTCGTAGGAG-1,GARQ,D5,1,40,39,26,0.18043256,Memory B
ACCAGTAAGAGTTGGC-1,GARQ,D5,1,40,39,25,0.003056407,CD56dim CD16bright NK
ACCAGTAAGCACCGCT-1,GARQ,D5,1,40,39,10,0.035513997,gdT cells
ACCAGTAAGCCACCTG-1,GARQ,D5,1,40,39,7,0.001126647,CD56dim CD16bright NK
ACCAGTAAGTACCGGA-1,GARQ,D5,1,40,39,32,0.018418789,CD4 and CD8 activated memory
ACCAGTACATCACCCT-1,GARQ,D5,1,40,39,16,0.112000704,Classical monocytes
ACCAGTAGTACTTCTT-1,GARQ,D5,1,40,39,16,0.1205945,NK-monocyte doublets
ACCAGTAGTGCATCTA-1,GARQ,D5,1,40,39,6,0.032444477,CD4 and CD8 activated memory
ACCAGTAGTTACCAGT-1,GARQ,D5,1,40,39,16,0.17367303,Classical monocytes
ACCAGTATCACTTATC-1,GARQ,D5,1,40,39,24,0.042326093,plasmacytoid DC
ACCAGTATCATAAAGG-1,GARQ,D5,1,40,39,4,0.003224492,CD56dim CD16bright NK
ACCCACTAGCAACGGT-1,GARQ,D5,1,40,39,26,0.14004922,Memory B
ACCCACTCAGTCAGCC-1,GARQ,D5,1,40,39,39,0.015198231,Classical monocytes
ACCCACTTCGTTACAG-1,GARQ,D5,1,40,39,16,0.18696713,Classical monocytes
ACCGTAAAGCCAGGAT-1,GARQ,D5,1,40,39,32,0.02420044,CD8 naive
ACCGTAAAGCTAAACA-1,GARQ,D5,1,40,39,13,0.022285461,CD4 memory
ACCGTAACACTCAGGC-1,GARQ,D5,1,40,39,32,0.00027787685,CD4 memory
ACCGTAACATTAGGCT-1,GARQ,D5,1,40,39,38,0.0030646324,CD56dim CD16bright NK
ACCGTAAGTAGTAGTA-1,GARQ,D5,1,40,39,4,0.04161048,CD56dim CD16bright NK
ACCGTAAGTTACGCGC-1,GARQ,D5,1,40,39,4,0.06039095,CD56dim CD16bright NK
ACCGTAAGTTCCACAA-1,GARQ,D5,1,40,39,13,0.013866901,CD8 memory
ACCTTTAAGAAGCCCA-1,GARQ,D5,1,40,39,34,0.13065672,CD4 naive I
ACCTTTAGTAGGAGTC-1,GARQ,D5,1,40,39,16,0.22045755,Classical monocytes
ACCTTTAGTGATGTCT-1,GARQ,D5,1,40,39,35,0.08353305,gdT cells
ACCTTTAGTTGATTCG-1,GARQ,D5,1,40,39,8,0.020340085,CD4 naive I
ACGAGCCAGTGAACGC-1,GARQ,D5,1,40,39,17,0.031435013,CD4 memory
ACGAGCCAGTGTACCT-1,GARQ,D5,1,40,39,32,0.025558114,CD8 naive
ACGAGCCCAAGGACTG-1,GARQ,D5,1,40,39,35,0.06767106,gdT cells
ACGAGCCGTATTAGCC-1,GARQ,D5,1,40,39,16,0.18658018,Classical monocytes
ACGAGCCGTCGGCACT-1,GARQ,D5,1,40,39,34,0.1426177,CD4 naive I
ACGAGCCGTCTGCAAT-1,GARQ,D5,1,40,39,16,0.12886,Neutrophils
ACGAGCCTCTGGCGAC-1,GARQ,D5,1,40,39,6,0.053435564,CD4 naive I
ACGAGCCTCTTCAACT-1,GARQ,D5,1,40,39,13,0.019077063,CD4 memory
ACGAGGAGTAAGTTCC-1,GARQ,D5,1,40,39,37,0.06015396,gdT cells
ACGAGGAGTCCATCCT-1,GARQ,D5,1,40,39,24,0.09706259,Memory B
ACGAGGAGTCGGATCC-1,GARQ,D5,1,40,39,34,0.037646055,CD4 naive I
ACGAGGAGTGATGATA-1,GARQ,D5,1,40,39,21,0.06056869,NK-T doublets
ACGATACAGTCATGCT-1,GARQ,D5,1,40,39,34,0.12670994,CD4 naive II
ACGATACCATGTCCTC-1,GARQ,D5,1,40,39,34,0.04477167,CD4 naive I
ACGATACGTAATCGTC-1,GARQ,D5,1,40,39,33,0.069126606,CD8 memory
ACGATACTCAGATAAG-1,GARQ,D5,1,40,39,13,0.00095546246,CD4 naive II
ACGATGTAGCGATATA-1,GARQ,D5,1,40,39,24,0.17959738,Naive B
ACGATGTAGTCAATAG-1,GARQ,D5,1,40,39,24,0.31976283,Memory B
ACGATGTAGTGAACAT-1,GARQ,D5,1,40,39,4,0.014154792,CD56bright CD16dim NK
ACGCAGCTCCTCAATT-1,GARQ,D5,1,40,39,4,0.009926081,CD56dim CD16bright NK
ACGCCAGAGCCACCTG-1,GARQ,D5,1,40,39,35,0.009359837,CD8 effector
ACGCCAGAGCGAGAAA-1,GARQ,D5,1,40,39,24,0.38598716,Memory B
ACGCCAGAGCGTCAAG-1,GARQ,D5,1,40,39,16,0.16545129,Neutrophils
ACGCCAGGTCTCCATC-1,GARQ,D5,1,40,39,1,0.015611529,CD56dim CD16bright NK
ACGCCGAAGATGTTAG-1,GARQ,D5,1,40,39,34,0.0420568,Regulatory T cells
ACGCCGACACCTATCC-1,GARQ,D5,1,40,39,5,0.029448986,CD8 memory
ACGCCGACACCTGGTG-1,GARQ,D5,1,40,39,5,0.016031504,CD4 memory
ACGCCGAGTCAACTGT-1,GARQ,D5,1,40,39,34,0.024668455,CD8 naive
ACGCCGAGTTACGTCA-1,GARQ,D5,1,40,39,32,0.017996669,CD4 naive I
ACGCCGAGTTCAGGCC-1,GARQ,D5,1,40,39,39,0.008935928,Classical monocytes
ACGCCGATCCTGCTTG-1,GARQ,D5,1,40,39,10,0.052782655,CD8 effector
ACGGAGACACAGGCCT-1,GARQ,D5,1,40,39,34,0.091333866,CD8 naive
ACGGAGATCAGTCAGT-1,GARQ,D5,1,40,39,29,0.023775578,CD8 effector
ACGGAGATCATAGCAC-1,GARQ,D5,1,40,39,32,0.009955764,CD8 naive
ACGGAGATCTTAGCCC-1,GARQ,D5,1,40,39,39,0.069800854,Classical monocytes
ACGGAGATCTTGTCAT-1,GARQ,D5,1,40,39,16,0.16368997,Classical monocytes
ACGGCCAAGCGAAGGG-1,GARQ,D5,1,40,39,18,0.14340699,CD8 memory
ACGGCCAAGGATTCGG-1,GARQ,D5,1,40,39,2,0.035431147,CD56dim CD16bright NK
ACGGCCAAGGCATTGG-1,GARQ,D5,1,40,39,4,0.05754912,CD56dim CD16bright NK
ACGGCCAGTAGGACAC-1,GARQ,D5,1,40,39,17,0.012922287,CD4 memory
ACGGCCAGTTGGGACA-1,GARQ,D5,1,40,39,2,0.028846025,CD56dim CD16bright NK
ACGGCCATCCTAAGTG-1,GARQ,D5,1,40,39,5,0.01139164,MAIT-NKT cells
ACGGGCTAGATCACGG-1,GARQ,D5,1,40,39,34,0.04139781,CD4 naive I
ACGGGCTAGGAACTGC-1,GARQ,D5,1,40,39,2,0.020946503,NK-monocyte doublets
ACGGGCTTCATGTCCC-1,GARQ,D5,1,40,39,4,0.12162852,CD56dim CD16bright NK
ACGGGCTTCTTTACAC-1,GARQ,D5,1,40,39,5,0.061334968,Regulatory T cells
ACGGGTCAGCCACTAT-1,GARQ,D5,1,40,39,21,0.019750595,CD8 effector
ACGGGTCAGCTAACAA-1,GARQ,D5,1,40,39,24,0.3174796,Naive B
ACGGGTCCAGCTGCAC-1,GARQ,D5,1,40,39,1,0.007935166,CD56dim CD16bright NK
ACGGGTCCAGGATTGG-1,GARQ,D5,1,40,39,38,0.043462515,NK-T doublets
ACGGGTCGTTTGTGTG-1,GARQ,D5,1,40,39,24,0.12406647,Naive B
ACGTCAACAACTTGAC-1,GARQ,D5,1,40,39,5,0.03616011,CD4 memory
ACGTCAATCCTGCCAT-1,GARQ,D5,1,40,39,16,0.122032166,Classical monocytes
ACTATCTCAACTTGAC-1,GARQ,D5,1,40,39,16,0.10968512,Platelets
ACTATCTCAGACGCTC-1,GARQ,D5,1,40,39,16,0.14831758,Neutrophils
ACTATCTGTACTCAAC-1,GARQ,D5,1,40,39,5,0.104476094,MAIT-NKT cells
ACTATCTGTCATCCCT-1,GARQ,D5,1,40,39,16,0.033892334,Classical monocytes
ACTATCTGTCTAGTCA-1,GARQ,D5,1,40,39,35,0.013091803,gdT cells
ACTATCTGTGGTACAG-1,GARQ,D5,1,40,39,7,0.033099413,CD56dim CD16bright NK
ACTATCTGTTGTCTTT-1,GARQ,D5,1,40,39,16,0.18656385,Classical monocytes
ACTATCTGTTGTTTGG-1,GARQ,D5,1,40,39,16,0.15144587,Classical monocytes
ACTATCTTCCCTAACC-1,GARQ,D5,1,40,39,16,0.08827436,Classical monocytes
ACTGAACCACCTATCC-1,GARQ,D5,1,40,39,34,0.08541608,CD4 memory
ACTGAACGTTCCACAA-1,GARQ,D5,1,40,39,5,0.060970306,CD4 memory
ACTGATGCACGTCAGC-1,GARQ,D5,1,40,39,34,0.042646527,CD4 naive I
ACTGATGCAGGCAGTA-1,GARQ,D5,1,40,39,5,0.096150875,CD8 memory
ACTGATGTCGATCCCT-1,GARQ,D5,1,40,39,13,0.037503004,CD4 memory
ACTGATGTCTTGCATT-1,GARQ,D5,1,40,39,8,0.013138771,NK-T doublets
ACTGCTCCAGACAAAT-1,GARQ,D5,1,40,39,34,0.048398495,CD8 naive
ACTGCTCGTAGCGTCC-1,GARQ,D5,1,40,39,24,0.16360283,Naive B
ACTGCTCGTGATGTGG-1,GARQ,D5,1,40,39,24,0.24395537,Memory B
ACTGCTCTCTACTCAT-1,GARQ,D5,1,40,39,34,0.12250304,CD4 memory
ACTGTCCCAGCGTTCG-1,GARQ,D5,1,40,39,34,0.012614369,CD4 naive I
ACTGTCCCATGTTGAC-1,GARQ,D5,1,40,39,16,0.06699109,Neutrophils
ACTGTCCGTGTAAGTA-1,GARQ,D5,1,40,39,5,0.080548644,MAIT-NKT cells
ACTTACTAGCGCCTCA-1,GARQ,D5,1,40,39,5,0.026885867,gdT cells
ACTTACTTCGTCACGG-1,GARQ,D5,1,40,39,7,0.09653664,CD56dim CD16bright NK
ACTTGTTAGCCCTAAT-1,GARQ,D5,1,40,39,13,0.03045845,CD4 memory
ACTTGTTTCTAAGCCA-1,GARQ,D5,1,40,39,24,0.013931751,Memory B
ACTTTCAAGCAGCCTC-1,GARQ,D5,1,40,39,26,0.27097714,T-NK-B cell doublets
ACTTTCACAAGAAAGG-1,GARQ,D5,1,40,39,16,0.0028045774,Platelets
ACTTTCACAAGCCGCT-1,GARQ,D5,1,40,39,16,0.13303983,Classical monocytes
ACTTTCAGTCAATACC-1,GARQ,D5,1,40,39,4,0.016093493,CD56dim CD16bright NK
ACTTTCAGTCTAAACC-1,GARQ,D5,1,40,39,34,0.012066603,T-NK-B cell doublets
ACTTTCAGTTAGATGA-1,GARQ,D5,1,40,39,32,0.0013920069,CD8 naive
ACTTTCATCAGGTAAA-1,GARQ,D5,1,40,39,5,0.036087036,CD8 effector
ACTTTCATCGTTACAG-1,GARQ,D5,1,40,39,5,0.06275272,CD8 memory
AGAATAGAGATCGATA-1,GARQ,D5,1,40,39,10,0.124876976,gdT cells
AGAATAGGTGCGCTTG-1,GARQ,D5,1,40,39,24,0.10139704,Naive B
AGACGTTGTGTGACGA-1,GARQ,D5,1,40,39,35,0.032734573,CD8 effector
AGACGTTGTGTTAAGA-1,GARQ,D5,1,40,39,4,0.022006512,CD56dim CD16bright NK
AGACGTTTCAACGGGA-1,GARQ,D5,1,40,39,16,0.26995873,Classical monocytes
AGACGTTTCTCAAGTG-1,GARQ,D5,1,40,39,37,0.060828924,CD8 effector
AGAGCGACAAAGCAAT-1,GARQ,D5,1,40,39,7,0.030568123,CD56dim CD16bright NK
AGAGCGACACATCCGG-1,GARQ,D5,1,40,39,34,0.0688113,CD4 naive I
AGAGCGAGTGGTCTCG-1,GARQ,D5,1,40,39,34,0.056104302,CD4 memory
AGAGCGAGTGTTCGAT-1,GARQ,D5,1,40,39,4,0.06892884,CD56bright CD16dim NK
AGAGCGAGTTGATTCG-1,GARQ,D5,1,40,39,34,0.031663895,CD4 memory
AGAGCTTGTATGAATG-1,GARQ,D5,1,40,39,6,0.029530764,CD4 naive I
AGAGTGGCATTCCTGC-1,GARQ,D5,1,40,39,34,0.008681297,CD4 memory
AGATCTGAGCTGCAAG-1,GARQ,D5,1,40,39,24,0.24877322,Memory B
AGATCTGAGTACGCGA-1,GARQ,D5,1,40,39,2,0.083456874,CD56dim CD16bright NK
AGATCTGAGTCGATAA-1,GARQ,D5,1,40,39,29,0.053509593,CD8 memory
AGATTGCCAAACTGCT-1,GARQ,D5,1,40,39,7,0.101781726,CD56dim CD16bright NK
AGATTGCCAAGCGATG-1,GARQ,D5,1,40,39,16,0.16683424,Classical monocytes
AGATTGCGTACGCTGC-1,GARQ,D5,1,40,39,7,0.15187454,CD56dim CD16bright NK
AGATTGCTCACTTATC-1,GARQ,D5,1,40,39,17,0.017837405,CD4 memory
AGATTGCTCCACTCCA-1,GARQ,D5,1,40,39,15,0.029433966,gdT cells
AGATTGCTCTGGCGTG-1,GARQ,D5,1,40,39,34,0.00635612,CD4 memory
AGCAGCCCATACAGCT-1,GARQ,D5,1,40,39,13,0.0007671118,CD4 memory
AGCAGCCTCATATCGG-1,GARQ,D5,1,40,39,7,0.090159655,CD56dim CD16bright NK
AGCATACAGCGCTCCA-1,GARQ,D5,1,40,39,32,0.011005163,CD4 naive I
AGCATACCAATGCCAT-1,GARQ,D5,1,40,39,17,0.0033960342,gdT cells
AGCATACCACATTAGC-1,GARQ,D5,1,40,39,7,0.03397143,CD56dim CD16bright NK
AGCATACCAGACGCAA-1,GARQ,D5,1,40,39,34,0.020448685,CD8 naive
AGCATACCAGATCCAT-1,GARQ,D5,1,40,39,7,0.097010374,CD56dim CD16bright NK
AGCATACGTAAACACA-1,GARQ,D5,1,40,39,16,0.14409804,Classical monocytes
AGCATACGTACATCCA-1,GARQ,D5,1,40,39,32,0.008580923,CD8 naive
AGCATACGTCCCTACT-1,GARQ,D5,1,40,39,32,0.02893138,CD8 naive
AGCATACGTTCCACGG-1,GARQ,D5,1,40,39,13,0.0186553,Regulatory T cells
AGCATACTCATCATTC-1,GARQ,D5,1,40,39,24,0.0069328547,Naive B
AGCCTAACAAACAACA-1,GARQ,D5,1,40,39,24,0.03338456,Naive B
AGCCTAACATGCCTTC-1,GARQ,D5,1,40,39,5,0.064195275,CD8 memory
AGCCTAACATGTCGAT-1,GARQ,D5,1,40,39,13,0.0030822754,CD4 memory
AGCGGTCAGTGTCCAT-1,GARQ,D5,1,40,39,4,0.017273903,CD56dim CD16bright NK
AGCGGTCCAAAGTCAA-1,GARQ,D5,1,40,39,26,0.005006075,Naive B
AGCGGTCCAAGACACG-1,GARQ,D5,1,40,39,16,0.16544163,Classical monocytes
AGCGGTCTCAAACCAC-1,GARQ,D5,1,40,39,4,0.0316391,CD56dim CD16bright NK
AGCGGTCTCGTGACAT-1,GARQ,D5,1,40,39,5,0.08649397,MAIT-NKT cells
AGCGGTCTCTTGACGA-1,GARQ,D5,1,40,39,3,0.017618448,Erythroid 
AGCGTATAGACTTTCG-1,GARQ,D5,1,40,39,24,0.22384322,Memory B
AGCGTATCACGGCGTT-1,GARQ,D5,1,40,39,26,0.07322204,T-NK-B cell doublets
AGCGTATTCATTGCCC-1,GARQ,D5,1,40,39,16,0.11135173,Classical monocytes
AGCGTCGGTATATCCG-1,GARQ,D5,1,40,39,4,0.025904894,CD56dim CD16bright NK
AGCGTCGGTCACTTCC-1,GARQ,D5,1,40,39,34,0.1358602,T-NK-B cell doublets
AGCGTCGGTGTCCTCT-1,GARQ,D5,1,40,39,16,0.06924105,Neutrophils
AGCTCCTCAGAAGCAC-1,GARQ,D5,1,40,39,34,0.019261003,CD4 naive I
AGCTCCTGTCAGAATA-1,GARQ,D5,1,40,39,4,0.052221894,CD56dim CD16bright NK
AGCTCCTTCGGCGGTT-1,GARQ,D5,1,40,39,7,0.13058984,MAIT-NKT cells
AGCTCCTTCTCCGGTT-1,GARQ,D5,1,40,39,13,0.03425312,CD4 memory
AGCTCTCAGATCGATA-1,GARQ,D5,1,40,39,4,0.008865118,CD56dim CD16bright NK
AGCTCTCGTCTAGGTT-1,GARQ,D5,1,40,39,13,0.020884067,Erythroid 
AGCTCTCGTTATCCGA-1,GARQ,D5,1,40,39,6,0.053602934,CD4 naive I
AGCTTGAAGCTGTCTA-1,GARQ,D5,1,40,39,5,0.09739542,MAIT-NKT cells
AGCTTGACAGGCTCAC-1,GARQ,D5,1,40,39,6,0.03964162,CD8 naive
AGCTTGAGTCCGAATT-1,GARQ,D5,1,40,39,14,0.02564323,CD4 memory
AGCTTGAGTGTTTGTG-1,GARQ,D5,1,40,39,4,0.084795475,CD56dim CD16bright NK
AGGCCACCAAGTTAAG-1,GARQ,D5,1,40,39,1,0.09185696,CD56dim CD16bright NK
AGGCCACGTAATTGGA-1,GARQ,D5,1,40,39,21,0.07458091,CD8 effector
AGGCCGTAGCGGATCA-1,GARQ,D5,1,40,39,34,0.018653154,CD4 naive I
AGGCCGTCACCAGCAC-1,GARQ,D5,1,40,39,5,0.18581724,MAIT-NKT cells
AGGGAGTAGACTAGAT-1,GARQ,D5,1,40,39,34,0.12384081,CD8 naive
AGGGAGTCAGGACCCT-1,GARQ,D5,1,40,39,32,0.07662809,CD4 naive I
AGGGAGTGTAGCGTGA-1,GARQ,D5,1,40,39,34,0.09743464,T-NK-B cell doublets
AGGGAGTGTCGTGGCT-1,GARQ,D5,1,40,39,24,0.19840187,Naive B
AGGGATGAGATCCCAT-1,GARQ,D5,1,40,39,4,0.040470243,Proliferating T and NK cell
AGGGATGAGTTTAGGA-1,GARQ,D5,1,40,39,4,0.011699796,CD56dim CD16bright NK
AGGGATGCAGTTCATG-1,GARQ,D5,1,40,39,16,0.4673791,Classical monocytes
AGGGATGCATGCCACG-1,GARQ,D5,1,40,39,7,0.11018026,CD56dim CD16bright NK
AGGGATGGTAAATGAC-1,GARQ,D5,1,40,39,4,0.07819641,CD56dim CD16bright NK
AGGGATGTCCTAGTGA-1,GARQ,D5,1,40,39,34,0.05904746,CD4 memory
AGGGTGAAGATGTAAC-1,GARQ,D5,1,40,39,16,0.06584847,Classical monocytes
AGGGTGACAATGTTGC-1,GARQ,D5,1,40,39,4,0.0014292002,CD56dim CD16bright NK
AGGGTGATCAGGTAAA-1,GARQ,D5,1,40,39,4,0.0549531,CD56dim CD16bright NK
AGGTCATCAATTGCTG-1,GARQ,D5,1,40,39,34,0.1061337,CD4 naive I
AGGTCATCATCCTTGC-1,GARQ,D5,1,40,39,34,0.12596107,CD8 naive
AGGTCCGCAAAGGAAG-1,GARQ,D5,1,40,39,0,0.0060563087,gdT cells
AGGTCCGGTAGGCATG-1,GARQ,D5,1,40,39,21,0.03149557,gdT cells
AGTAGTCAGTGAACAT-1,GARQ,D5,1,40,39,16,0.14641821,Non classical monocytes
AGTAGTCCACCAGATT-1,GARQ,D5,1,40,39,5,0.062407136,MAIT-NKT cells
AGTAGTCGTCTAAACC-1,GARQ,D5,1,40,39,5,0.04693532,MAIT-NKT cells
AGTCTTTAGATATGCA-1,GARQ,D5,1,40,39,34,0.09241855,CD4 naive II
AGTCTTTGTATAGGTA-1,GARQ,D5,1,40,39,1,0.026767373,gdT cells
AGTCTTTGTTACCGAT-1,GARQ,D5,1,40,39,35,0.10537213,CD56dim CD16bright NK
AGTCTTTGTTGGGACA-1,GARQ,D5,1,40,39,16,0.20538664,conventional DC
AGTCTTTTCTTGCATT-1,GARQ,D5,1,40,39,32,0.03369546,CD4 memory
AGTGAGGAGGCTAGCA-1,GARQ,D5,1,40,39,6,0.09950602,CD4 naive I
AGTGAGGCACCACCAG-1,GARQ,D5,1,40,39,18,0.0074396133,CD8 memory
AGTGAGGGTAGCGCTC-1,GARQ,D5,1,40,39,21,0.0043115616,NK-T doublets
AGTGAGGTCTCCCTGA-1,GARQ,D5,1,40,39,34,0.09989798,CD4 naive I
AGTGGGAGTAACGCGA-1,GARQ,D5,1,40,39,16,0.090192914,Classical monocytes
AGTGTCAAGGTGGGTT-1,GARQ,D5,1,40,39,16,0.15139222,Classical monocytes
AGTGTCAGTGGTAACG-1,GARQ,D5,1,40,39,5,0.026119351,MAIT-NKT cells
AGTGTCATCCCATTAT-1,GARQ,D5,1,40,39,5,0.08184528,MAIT-NKT cells
AGTTGGTGTTGTCTTT-1,GARQ,D5,1,40,39,38,0.023301482,CD56dim CD16bright NK
ATAACGCAGAGCCCAA-1,GARQ,D5,1,40,39,16,0.16204262,Classical monocytes
ATAACGCAGGTGCACA-1,GARQ,D5,1,40,39,24,0.1643343,Naive B
ATAACGCAGTGTACTC-1,GARQ,D5,1,40,39,5,0.023902774,MAIT-NKT cells
ATAACGCCAATTGCTG-1,GARQ,D5,1,40,39,16,0.127581,Classical monocytes
ATAACGCGTGCTTCTC-1,GARQ,D5,1,40,39,6,0.026146173,CD4 naive I
ATAACGCTCCTGCCAT-1,GARQ,D5,1,40,39,2,0.014890552,CD56dim CD16bright NK
ATAAGAGAGCGATGAC-1,GARQ,D5,1,40,39,16,0.003770113,T-NK-B cell doublets
ATAAGAGCACCTGGTG-1,GARQ,D5,1,40,39,4,0.019756794,CD56dim CD16bright NK
ATAAGAGCATGCGCAC-1,GARQ,D5,1,40,39,35,0.0061359406,CD8 effector
ATAGACCTCAGTCCCT-1,GARQ,D5,1,40,39,34,0.061047077,CD4 naive I
ATAGACCTCCCATTTA-1,GARQ,D5,1,40,39,33,0.0113863945,CD8 memory
ATCACGAAGTGCGATG-1,GARQ,D5,1,40,39,7,0.019678354,CD56dim CD16bright NK
ATCACGAGTACTTGAC-1,GARQ,D5,1,40,39,1,0.0018982887,CD56bright CD16dim NK
ATCATCTAGCCACGCT-1,GARQ,D5,1,40,39,34,0.022321582,CD4 naive I
ATCATCTCAAACGTGG-1,GARQ,D5,1,40,39,7,0.077112794,CD56dim CD16bright NK
ATCATCTGTTTCGCTC-1,GARQ,D5,1,40,39,17,0.025620103,CD4 memory
ATCATCTTCAGCCTAA-1,GARQ,D5,1,40,39,16,0.096879125,Neutrophils
ATCATCTTCCAATGGT-1,GARQ,D5,1,40,39,38,0.019989729,CD56dim CD16bright NK
ATCATGGCACGACTCG-1,GARQ,D5,1,40,39,16,0.11916304,Neutrophils
ATCATGGCAGCGATCC-1,GARQ,D5,1,40,39,7,0.109046936,CD56dim CD16bright NK
ATCATGGCATGAAGTA-1,GARQ,D5,1,40,39,7,0.021997094,CD56dim CD16bright NK
ATCATGGTCACTCTTA-1,GARQ,D5,1,40,39,16,0.14608777,Classical monocytes
ATCCACCGTTTGGCGC-1,GARQ,D5,1,40,39,34,0.018960953,CD4 memory
ATCCGAAAGGCCGAAT-1,GARQ,D5,1,40,39,5,0.022953749,gdT cells
ATCCGAACATGCAACT-1,GARQ,D5,1,40,39,16,0.13444138,NK-monocyte doublets
ATCCGAATCGAGGTAG-1,GARQ,D5,1,40,39,32,0.02093923,CD8 memory
ATCCGAATCGATCCCT-1,GARQ,D5,1,40,39,34,0.08830547,CD4 naive I
ATCGAGTAGCTAGTTC-1,GARQ,D5,1,40,39,7,0.037422776,CD56dim CD16bright NK
ATCGAGTCAGACAAGC-1,GARQ,D5,1,40,39,24,0.11206365,Plasma cells
ATCGAGTGTGCATCTA-1,GARQ,D5,1,40,39,5,0.12301111,MAIT-NKT cells
ATCGAGTTCGCCAAAT-1,GARQ,D5,1,40,39,32,0.0723964,CD8 naive
ATCTACTAGCTTATCG-1,GARQ,D5,1,40,39,25,0.037970424,CD56dim CD16bright NK
ATCTACTAGGAATCGC-1,GARQ,D5,1,40,39,33,0.013277411,gdT cells
ATCTACTAGGTGGGTT-1,GARQ,D5,1,40,39,7,0.0472852,CD56dim CD16bright NK
ATCTACTCAATAGCAA-1,GARQ,D5,1,40,39,5,0.00048553944,CD4 memory
ATCTACTCACCGAAAG-1,GARQ,D5,1,40,39,7,0.15917504,CD56dim CD16bright NK
ATCTACTGTCTCTCGT-1,GARQ,D5,1,40,39,7,0.09915066,CD56dim CD16bright NK
ATCTACTGTGAACCTT-1,GARQ,D5,1,40,39,16,0.057682514,Classical monocytes
ATCTGCCAGACAATAC-1,GARQ,D5,1,40,39,16,0.1617558,Platelet-bound monocytes
ATCTGCCAGACCCACC-1,GARQ,D5,1,40,39,34,0.05801606,CD8 naive
ATCTGCCCACACTGCG-1,GARQ,D5,1,40,39,34,0.064214826,CD4 naive I
ATCTGCCGTAGCGATG-1,GARQ,D5,1,40,39,34,0.05455208,CD4 memory
ATCTGCCTCAAACCGT-1,GARQ,D5,1,40,39,13,0.030582666,CD4 naive I
ATGAGGGAGTGTACTC-1,GARQ,D5,1,40,39,7,0.025835633,CD56dim CD16bright NK
ATGAGGGAGTTTGCGT-1,GARQ,D5,1,40,39,34,0.022689342,CD4 naive I
ATGAGGGCAGCGTAAG-1,GARQ,D5,1,40,39,7,0.02052927,CD56dim CD16bright NK
ATGCGATCACATTAGC-1,GARQ,D5,1,40,39,13,0.0034401417,CD8 memory
ATGCGATTCCGCAAGC-1,GARQ,D5,1,40,39,34,0.010508537,CD4 memory
ATGGGAGAGCTACCTA-1,GARQ,D5,1,40,39,16,0.18488705,Classical monocytes
ATGGGAGAGGCACATG-1,GARQ,D5,1,40,39,29,0.0014265776,CD8 effector
ATGGGAGCACATCCAA-1,GARQ,D5,1,40,39,16,0.21417904,Classical monocytes
ATGGGAGCAGATGGGT-1,GARQ,D5,1,40,39,16,0.011724949,Neutrophils
ATGGGAGTCATCGCTC-1,GARQ,D5,1,40,39,6,0.032278657,CD4 naive I
ATGGGAGTCCTCTAGC-1,GARQ,D5,1,40,39,24,0.21080065,Naive B
ATGTGTGAGATGCGAC-1,GARQ,D5,1,40,39,7,0.10768533,CD56dim CD16bright NK
ATGTGTGAGATGTCGG-1,GARQ,D5,1,40,39,34,0.0020120144,CD4 naive I
ATGTGTGAGCTCTCGG-1,GARQ,D5,1,40,39,4,0.02215743,CD56dim CD16bright NK
ATGTGTGAGGAATGGA-1,GARQ,D5,1,40,39,5,0.019313812,Proliferating T and NK cell
ATGTGTGGTCATGCAT-1,GARQ,D5,1,40,39,7,0.004185915,CD56dim CD16bright NK
ATGTGTGGTCTCTCTG-1,GARQ,D5,1,40,39,30,0.012956858,CD56dim CD16bright NK
ATTACTCAGCGTCAAG-1,GARQ,D5,1,40,39,24,0.23542535,Naive B
ATTACTCAGCTCCTTC-1,GARQ,D5,1,40,39,4,0.0111557245,CD56dim CD16bright NK
ATTACTCCACAGGAGT-1,GARQ,D5,1,40,39,24,0.44372785,Naive B
ATTACTCCATTGGGCC-1,GARQ,D5,1,40,39,7,0.11599088,CD56bright CD16dim NK
ATTACTCGTAACGTTC-1,GARQ,D5,1,40,39,29,0.031761527,NK-T doublets
ATTACTCGTTTGACTG-1,GARQ,D5,1,40,39,16,0.09205794,Neutrophils
ATTACTCTCATGTAGC-1,GARQ,D5,1,40,39,5,0.27656937,MAIT-NKT cells
ATTATCCTCCACGAAT-1,GARQ,D5,1,40,39,13,0.018694878,CD4 memory
ATTCTACAGGATGTAT-1,GARQ,D5,1,40,39,34,0.03305602,CD4 naive II
ATTCTACCATAGTAAG-1,GARQ,D5,1,40,39,37,0.023903131,NK-T doublets
ATTCTACGTATGGTTC-1,GARQ,D5,1,40,39,7,0.11397624,CD56dim CD16bright NK
ATTCTACGTTGCGTTA-1,GARQ,D5,1,40,39,34,0.006463766,CD8 naive
ATTCTACTCGGAGGTA-1,GARQ,D5,1,40,39,35,0.07109308,CD8 effector
ATTCTACTCTGTCTAT-1,GARQ,D5,1,40,39,6,0.004355192,CD4 naive II
ATTGGACAGGTAGCTG-1,GARQ,D5,1,40,39,34,0.015033245,CD4 memory
ATTGGACCAATCGGTT-1,GARQ,D5,1,40,39,25,0.0025720596,CD56dim CD16bright NK
ATTGGACCACAGACTT-1,GARQ,D5,1,40,39,13,0.0010484457,CD8 naive
ATTGGACTCCCTCTTT-1,GARQ,D5,1,40,39,16,0.08649528,Classical monocytes
ATTGGTGAGATACACA-1,GARQ,D5,1,40,39,36,0.08779836,CD56bright CD16dim NK
ATTGGTGGTCCATGAT-1,GARQ,D5,1,40,39,17,0.05966842,CD4 memory
ATTTCTGAGAACAACT-1,GARQ,D5,1,40,39,3,0.014288545,CD8 memory
ATTTCTGAGTACGACG-1,GARQ,D5,1,40,39,7,0.03763151,CD56dim CD16bright NK
ATTTCTGGTGACAAAT-1,GARQ,D5,1,40,39,1,0.00015497208,CD56dim CD16bright NK
ATTTCTGGTGATGATA-1,GARQ,D5,1,40,39,4,0.06671953,CD56dim CD16bright NK
ATTTCTGGTTAAGTAG-1,GARQ,D5,1,40,39,6,0.028173685,CD4 naive I
ATTTCTGTCCGATATG-1,GARQ,D5,1,40,39,34,0.061579466,CD8 naive
ATTTCTGTCGAGAACG-1,GARQ,D5,1,40,39,4,0.045539618,CD56dim CD16bright NK
ATTTCTGTCTGCGGCA-1,GARQ,D5,1,40,39,34,0.0025131702,CD4 naive I
CAACCAACACATCCAA-1,GARQ,D5,1,40,39,16,0.07251847,Classical monocytes
CAACCAACAGACGCCT-1,GARQ,D5,1,40,39,16,0.15013695,Classical monocytes
CAACCAAGTACACCGC-1,GARQ,D5,1,40,39,4,0.0320915,CD56dim CD16bright NK
CAACCAAGTAGCGTGA-1,GARQ,D5,1,40,39,10,0.086814284,CD8 effector
CAACCAAGTAGGGACT-1,GARQ,D5,1,40,39,16,0.24446774,Classical monocytes
CAACCAATCATATCGG-1,GARQ,D5,1,40,39,21,0.01655507,gdT cells
CAACCTCGTCTAGGTT-1,GARQ,D5,1,40,39,32,0.05978322,CD4 memory
CAACTAGCACGGTTTA-1,GARQ,D5,1,40,39,38,0.01855731,CD56dim CD16bright NK
CAACTAGCATTAGCCA-1,GARQ,D5,1,40,39,13,0.038344264,CD4 memory
CAACTAGGTTCAGTAC-1,GARQ,D5,1,40,39,16,0.14452958,T-NK-B cell doublets
CAAGAAAAGGCCGAAT-1,GARQ,D5,1,40,39,13,0.029617071,CD4 memory
CAAGAAACACATGTGT-1,GARQ,D5,1,40,39,16,0.18441296,Classical monocytes
CAAGAAACAGTACACT-1,GARQ,D5,1,40,39,16,0.0906868,Neutrophils
CAAGAAAGTGTGTGCC-1,GARQ,D5,1,40,39,16,0.11612129,NK-monocyte doublets
CAAGAAATCGCGATCG-1,GARQ,D5,1,40,39,34,0.027913809,CD4 memory
CAAGAAATCTGTACGA-1,GARQ,D5,1,40,39,32,0.036554933,CD8 naive
CAAGATCAGACTAAGT-1,GARQ,D5,1,40,39,39,0.07813096,Platelets
CAAGATCCATATACCG-1,GARQ,D5,1,40,39,34,0.0491302,CD4 naive I
CAAGATCTCTGGCGAC-1,GARQ,D5,1,40,39,24,0.023961902,T-NK-B cell doublets
CAAGGCCCACAAGTAA-1,GARQ,D5,1,40,39,7,0.009740114,CD8 effector
CAAGTTGCATAAAGGT-1,GARQ,D5,1,40,39,24,0.3081193,Naive B
CAAGTTGCATACAGCT-1,GARQ,D5,1,40,39,17,0.023753643,CD4 memory
CAAGTTGCATCACCCT-1,GARQ,D5,1,40,39,4,0.030337572,CD56dim CD16bright NK
CAAGTTGGTACGACCC-1,GARQ,D5,1,40,39,34,0.10627246,CD8 naive
CAAGTTGTCTTCCTTC-1,GARQ,D5,1,40,39,33,0.0301224,CD8 effector
CACAAACAGACAGGCT-1,GARQ,D5,1,40,39,4,0.007739067,CD56bright CD16dim NK
CACAAACGTAGCTTGT-1,GARQ,D5,1,40,39,24,0.25504112,Naive B
CACAAACTCGGCTACG-1,GARQ,D5,1,40,39,7,0.10520339,CD56dim CD16bright NK
CACACAACACAGATTC-1,GARQ,D5,1,40,39,4,0.092452765,CD56dim CD16bright NK
CACACAAGTAAACCTC-1,GARQ,D5,1,40,39,16,0.15903795,Classical monocytes
CACACAAGTCCGTTAA-1,GARQ,D5,1,40,39,32,0.018300414,CD8 naive
CACACAATCAGTTCGA-1,GARQ,D5,1,40,39,4,0.031982064,CD56dim CD16bright NK
CACACAATCATAGCAC-1,GARQ,D5,1,40,39,7,0.054963112,CD56dim CD16bright NK
CACACAATCCCGGATG-1,GARQ,D5,1,40,39,5,0.30526495,MAIT-NKT cells
CACACCTAGTTGTAGA-1,GARQ,D5,1,40,39,6,0.004443407,CD4 naive I
CACACCTGTCCCTACT-1,GARQ,D5,1,40,39,5,0.06620312,CD8 memory
CACACTCAGAGTCGGT-1,GARQ,D5,1,40,39,34,0.022780418,CD4 naive I
CACACTCCATACGCCG-1,GARQ,D5,1,40,39,16,0.15006363,Classical monocytes
CACACTCGTGTTTGGT-1,GARQ,D5,1,40,39,34,0.02383852,CD8 naive
CACACTCTCTACCAGA-1,GARQ,D5,1,40,39,13,0.034693718,CD4 memory
CACACTCTCTTGAGGT-1,GARQ,D5,1,40,39,32,0.066055655,CD8 naive
CACAGGCAGAGCCTAG-1,GARQ,D5,1,40,39,16,0.08604169,Classical monocytes
CACAGGCAGCTGCCCA-1,GARQ,D5,1,40,39,5,0.06306422,MAIT-NKT cells
CACAGGCCAGCTTCGG-1,GARQ,D5,1,40,39,4,0.064074874,CD56dim CD16bright NK
CACAGGCCATAGAAAC-1,GARQ,D5,1,40,39,5,0.12193692,CD4 memory
CACAGTAAGCGTAGTG-1,GARQ,D5,1,40,39,16,0.15039182,Classical monocytes
CACAGTACACAGACAG-1,GARQ,D5,1,40,39,34,0.0014379025,CD4 naive I
CACAGTAGTCGAGATG-1,GARQ,D5,1,40,39,34,0.022405148,CD8 naive
CACATAGCATGTCGAT-1,GARQ,D5,1,40,39,0,0.064285874,CD8 memory
CACATTTAGCACCGCT-1,GARQ,D5,1,40,39,7,0.12889993,CD56bright CD16dim NK
CACATTTAGCCAGGAT-1,GARQ,D5,1,40,39,21,0.02179718,gdT cells
CACATTTCAATCCAAC-1,GARQ,D5,1,40,39,26,0.0075796843,plasmacytoid DC
CACCACTAGTACGCGA-1,GARQ,D5,1,40,39,24,0.16646421,Naive B
CACCACTCATCCCACT-1,GARQ,D5,1,40,39,34,0.0058470964,CD4 naive I
CACCAGGCACTGTCGG-1,GARQ,D5,1,40,39,5,0.11228955,MAIT-NKT cells
CACCAGGCAGGGTATG-1,GARQ,D5,1,40,39,16,0.1969651,Classical monocytes
CACCAGGGTATAGGGC-1,GARQ,D5,1,40,39,24,0.46127915,Naive B
CACCAGGGTCAGGACA-1,GARQ,D5,1,40,39,23,0.021065712,MAIT-NKT cells
CACCTTGAGGTGCAAC-1,GARQ,D5,1,40,39,1,0.026236296,CD56dim CD16bright NK
CACCTTGGTGAAAGAG-1,GARQ,D5,1,40,39,5,0.0074691772,MAIT-NKT cells
CACCTTGGTGTTTGTG-1,GARQ,D5,1,40,39,4,0.022467852,CD56dim CD16bright NK
CACCTTGGTTATTCTC-1,GARQ,D5,1,40,39,1,0.027224064,CD56dim CD16bright NK
CACTCCAAGCTAACTC-1,GARQ,D5,1,40,39,34,0.055258036,CD4 memory
CACTCCACATACAGCT-1,GARQ,D5,1,40,39,24,0.049605846,T-NK-B cell doublets
CACTCCAGTTGGGACA-1,GARQ,D5,1,40,39,7,0.02385211,CD56dim CD16bright NK
CAGAATCAGTACACCT-1,GARQ,D5,1,40,39,34,0.06644571,CD8 naive
CAGAATCAGTCTTGCA-1,GARQ,D5,1,40,39,16,0.14371586,Classical monocytes
CAGAATCGTCGGCATC-1,GARQ,D5,1,40,39,16,0.23220825,Neutrophils
CAGAATCGTTGTGGCC-1,GARQ,D5,1,40,39,34,0.0022640228,CD8 memory
CAGAATCTCTAACTTC-1,GARQ,D5,1,40,39,24,0.120064855,T-NK-B cell doublets
CAGAGAGCATACAGCT-1,GARQ,D5,1,40,39,16,0.12563539,NK-monocyte doublets
CAGAGAGTCCTTTCTC-1,GARQ,D5,1,40,39,26,0.07673192,Naive B
CAGATCACAAACAACA-1,GARQ,D5,1,40,39,5,0.086108804,MAIT-NKT cells
CAGATCAGTTAAAGAC-1,GARQ,D5,1,40,39,6,0.027917862,CD4 memory
CAGATCATCCAGATCA-1,GARQ,D5,1,40,39,16,0.31083107,Classical monocytes
CAGATCATCGTTGCCT-1,GARQ,D5,1,40,39,7,0.047640562,CD56dim CD16bright NK
CAGCAGCCAGGATTGG-1,GARQ,D5,1,40,39,26,0.013233304,T-NK-B cell doublets
CAGCAGCTCCTAGGGC-1,GARQ,D5,1,40,39,7,0.020940185,CD56dim CD16bright NK
CAGCAGCTCTAGCACA-1,GARQ,D5,1,40,39,4,0.15589333,CD56dim CD16bright NK
CAGCATAAGACAGAGA-1,GARQ,D5,1,40,39,35,0.0027740002,CD8 effector
CAGCATAAGACTACAA-1,GARQ,D5,1,40,39,30,0.015484571,CD56dim CD16bright NK
CAGCATAAGGATGGAA-1,GARQ,D5,1,40,39,7,0.011410594,CD56dim CD16bright NK
CAGCATACAATAGAGT-1,GARQ,D5,1,40,39,16,0.16490781,Classical monocytes
CAGCCGAAGAATGTTG-1,GARQ,D5,1,40,39,32,0.0017802715,CD4 memory
CAGCCGACACGAAACG-1,GARQ,D5,1,40,39,16,0.23355222,Classical monocytes
CAGCCGAGTGCAACTT-1,GARQ,D5,1,40,39,17,0.004768491,CD4 memory
CAGCGACAGCGTGTCC-1,GARQ,D5,1,40,39,16,0.18641496,Classical monocytes
CAGCGACAGTGGTAGC-1,GARQ,D5,1,40,39,7,0.11478591,CD56dim CD16bright NK
CAGCGACCATTGGGCC-1,GARQ,D5,1,40,39,21,0.12367749,NK-T doublets
CAGCGACGTCAAGCGA-1,GARQ,D5,1,40,39,26,0.007932425,Memory B
CAGCGACTCTCGCTTG-1,GARQ,D5,1,40,39,34,0.12763083,CD4 naive I
CAGCTAAAGTACGTAA-1,GARQ,D5,1,40,39,35,0.058822513,CD8 effector
CAGCTAAGTATTACCG-1,GARQ,D5,1,40,39,34,0.025050402,CD4 memory
CAGCTGGAGTTATCGC-1,GARQ,D5,1,40,39,32,0.0085885525,CD4 memory
CAGCTGGCATAAAGGT-1,GARQ,D5,1,40,39,13,0.0516541,CD4 memory
CAGCTGGCATTGGGCC-1,GARQ,D5,1,40,39,32,0.027490139,CD4 memory
CAGCTGGGTTACGTCA-1,GARQ,D5,1,40,39,17,0.0012485981,CD4 memory
CAGCTGGGTTGGTGGA-1,GARQ,D5,1,40,39,16,0.17590022,Classical monocytes
CAGCTGGTCGCCCTTA-1,GARQ,D5,1,40,39,16,0.10093713,Classical monocytes
CAGGTGCCAAGGTTTC-1,GARQ,D5,1,40,39,39,0.06834465,Platelet-bound monocytes
CAGGTGCCAGGATTGG-1,GARQ,D5,1,40,39,7,0.09100211,CD56dim CD16bright NK
CAGGTGCCATGGATGG-1,GARQ,D5,1,40,39,34,0.00331223,CD4 memory
CAGGTGCGTGAAAGAG-1,GARQ,D5,1,40,39,5,0.099274755,MAIT-NKT cells
CAGGTGCGTTACGTCA-1,GARQ,D5,1,40,39,4,0.06598103,CD56dim CD16bright NK
CAGGTGCTCTCTGCTG-1,GARQ,D5,1,40,39,32,0.007891417,CD4 naive II
CAGTAACCATGCCTTC-1,GARQ,D5,1,40,39,7,0.38736796,CD56dim CD16bright NK
CAGTAACGTTGGTGGA-1,GARQ,D5,1,40,39,33,0.007972598,gdT cells
CAGTAACTCAACACTG-1,GARQ,D5,1,40,39,16,0.1259898,Classical monocytes
CATATGGAGTTCGCAT-1,GARQ,D5,1,40,39,16,0.011482239,Non classical monocytes
CATATGGTCACAAACC-1,GARQ,D5,1,40,39,5,0.1149199,MAIT-NKT cells
CATATGGTCAGAGGTG-1,GARQ,D5,1,40,39,26,0.07019472,T-NK-B cell doublets
CATATTCCAATTGCTG-1,GARQ,D5,1,40,39,5,0.051542044,CD8 memory
CATATTCCAGGACCCT-1,GARQ,D5,1,40,39,13,0.0070506334,CD4 memory
CATATTCTCCATGAAC-1,GARQ,D5,1,40,39,7,0.11421025,CD56dim CD16bright NK
CATATTCTCTAACTCT-1,GARQ,D5,1,40,39,16,0.120535254,Classical monocytes
CATCAAGAGGAACTGC-1,GARQ,D5,1,40,39,32,0.01165545,CD4 memory
CATCAAGCATGGGACA-1,GARQ,D5,1,40,39,34,0.06091714,CD4 naive I
CATCAAGGTATATGAG-1,GARQ,D5,1,40,39,32,0.0074050426,CD4 memory
CATCAAGGTGGACGAT-1,GARQ,D5,1,40,39,4,0.049777508,CD56dim CD16bright NK
CATCAAGTCCTTGACC-1,GARQ,D5,1,40,39,16,0.33103538,conventional DC
CATCAAGTCTTCGAGA-1,GARQ,D5,1,40,39,34,0.06404257,CD4 naive I
CATCAGAAGACCACGA-1,GARQ,D5,1,40,39,29,0.02056408,CD8 effector
CATCCACCAAGCGTAG-1,GARQ,D5,1,40,39,5,0.1647011,CD8 memory
CATCCACCATGCAATC-1,GARQ,D5,1,40,39,34,0.037272215,CD4 naive I
CATCCACGTTCGTCTC-1,GARQ,D5,1,40,39,16,0.19391418,Classical monocytes
CATCCACTCAAGGTAA-1,GARQ,D5,1,40,39,13,0.005789757,CD8 naive
CATCCACTCACATACG-1,GARQ,D5,1,40,39,16,0.14477491,Classical monocytes
CATCGAACAATGCCAT-1,GARQ,D5,1,40,39,37,0.061115503,gdT cells
CATCGAACAGCGTAAG-1,GARQ,D5,1,40,39,17,0.044298172,CD4 memory
CATCGGGCACTACAGT-1,GARQ,D5,1,40,39,5,0.020637393,CD8 effector
CATCGGGGTACAGCAG-1,GARQ,D5,1,40,39,34,0.016582489,CD4 naive I
CATCGGGGTCTCTCTG-1,GARQ,D5,1,40,39,4,0.057475805,CD56dim CD16bright NK
CATCGGGTCCAAGTAC-1,GARQ,D5,1,40,39,5,0.090958476,MAIT-NKT cells
CATCGGGTCCATGCTC-1,GARQ,D5,1,40,39,16,0.16822278,Classical monocytes
CATGACAAGTACGTTC-1,GARQ,D5,1,40,39,5,0.050671577,CD4 memory
CATGACAAGTATGACA-1,GARQ,D5,1,40,39,5,0.267267,MAIT-NKT cells
CATGACAGTGGTGTAG-1,GARQ,D5,1,40,39,4,0.044023752,CD56bright CD16dim NK
CATGACAGTTGGACCC-1,GARQ,D5,1,40,39,13,0.01608944,CD4 memory
CATGACATCCCTAACC-1,GARQ,D5,1,40,39,10,0.08402896,gdT cells
CATGACATCGGCTTGG-1,GARQ,D5,1,40,39,24,0.64129317,Naive B
CATGCCTCACGAAATA-1,GARQ,D5,1,40,39,13,0.0423913,CD4 memory
CATGCCTCACTAAGTC-1,GARQ,D5,1,40,39,4,0.050889015,CD56dim CD16bright NK
CATGCCTGTCGCTTTC-1,GARQ,D5,1,40,39,4,0.014041662,CD56dim CD16bright NK
CATGCCTGTGAAGGCT-1,GARQ,D5,1,40,39,32,0.08413947,CD8 memory
CATGCCTGTGTCGCTG-1,GARQ,D5,1,40,39,17,0.029720306,CD4 memory
CATGCCTGTTTCCACC-1,GARQ,D5,1,40,39,5,0.043586493,MAIT-NKT cells
CATGCCTTCAACGAAA-1,GARQ,D5,1,40,39,26,0.43420947,plasmacytoid DC
CATGGCGAGATGGCGT-1,GARQ,D5,1,40,39,16,0.15422559,Neutrophils
CATGGCGAGGGCTCTC-1,GARQ,D5,1,40,39,24,0.26781535,Memory B
CATGGCGCAAGGTTTC-1,GARQ,D5,1,40,39,7,0.16616714,CD56dim CD16bright NK
CATGGCGCACATCTTT-1,GARQ,D5,1,40,39,36,0.112481594,CD56dim CD16bright NK
CATGGCGCAGTCACTA-1,GARQ,D5,1,40,39,7,0.0032362938,CD56dim CD16bright NK
CATTATCAGCAGGTCA-1,GARQ,D5,1,40,39,17,0.03951311,CD8 naive
CATTATCCACGAAAGC-1,GARQ,D5,1,40,39,7,0.02866292,CD56dim CD16bright NK
CATTATCCACTTAAGC-1,GARQ,D5,1,40,39,35,0.0012623072,gdT cells
CATTCGCCAGTAAGAT-1,GARQ,D5,1,40,39,5,0.035057545,CD8 effector
CATTCGCCATTGGCGC-1,GARQ,D5,1,40,39,7,0.008627892,gdT cells
CATTCGCTCACCGTAA-1,GARQ,D5,1,40,39,35,0.002123952,CD8 effector
CCAATCCAGTACGTTC-1,GARQ,D5,1,40,39,7,0.0024051666,CD56dim CD16bright NK
CCAATCCAGTGGTAGC-1,GARQ,D5,1,40,39,34,0.07165074,CD4 naive I
CCAATCCCAATGGTCT-1,GARQ,D5,1,40,39,34,0.0021789074,CD4 naive II
CCAATCCTCTTGAGAC-1,GARQ,D5,1,40,39,16,0.25991917,Classical monocytes
CCACCTACATGCCACG-1,GARQ,D5,1,40,39,7,0.17903161,CD56dim CD16bright NK
CCACCTACATTGCGGC-1,GARQ,D5,1,40,39,7,0.051573277,CD56dim CD16bright NK
CCACGGATCACTTATC-1,GARQ,D5,1,40,39,16,0.13483536,Platelet-bound monocytes
CCACTACAGTCAATAG-1,GARQ,D5,1,40,39,24,0.35019958,Naive B
CCACTACTCTTCGGTC-1,GARQ,D5,1,40,39,38,0.0078549385,CD56dim CD16bright NK
CCACTACTCTTTAGGG-1,GARQ,D5,1,40,39,21,0.009263873,CD8 effector
CCAGCGAAGAGGTACC-1,GARQ,D5,1,40,39,32,0.03504455,CD8 naive
CCAGCGACAATGGACG-1,GARQ,D5,1,40,39,33,0.0111444,MAIT-NKT cells
CCAGCGACAGGAACGT-1,GARQ,D5,1,40,39,24,0.21361637,Memory B
CCAGCGACATCCGGGT-1,GARQ,D5,1,40,39,16,0.10697949,NK-monocyte doublets
CCAGCGAGTGTATGGG-1,GARQ,D5,1,40,39,4,0.04908955,CD56dim CD16bright NK
CCAGCGAGTTAGAACA-1,GARQ,D5,1,40,39,16,0.29505944,Platelet-bound monocytes
CCATGTCAGCTTTGGT-1,GARQ,D5,1,40,39,26,0.024317265,Naive B
CCATGTCGTCTTGATG-1,GARQ,D5,1,40,39,4,0.08055377,CD56dim CD16bright NK
CCATGTCGTGGCAAAC-1,GARQ,D5,1,40,39,5,0.1305908,CD8 memory
CCATGTCTCCGGCACA-1,GARQ,D5,1,40,39,17,0.02236402,CD4 memory
CCATTCGCACCCAGTG-1,GARQ,D5,1,40,39,5,0.02957511,MAIT-NKT cells
CCATTCGCACCCATGG-1,GARQ,D5,1,40,39,7,0.044718385,CD56dim CD16bright NK
CCATTCGCATTGGGCC-1,GARQ,D5,1,40,39,34,0.1404109,CD4 naive I
CCCAATCCAGCGTAAG-1,GARQ,D5,1,40,39,7,0.09238744,CD56dim CD16bright NK
CCCAATCGTCTCCCTA-1,GARQ,D5,1,40,39,24,0.19112384,Memory B
CCCAATCTCTTCTGGC-1,GARQ,D5,1,40,39,16,0.094920754,Classical monocytes
CCCAGTTCAAGCTGGA-1,GARQ,D5,1,40,39,24,0.21248043,Naive B
CCCAGTTCACCCATGG-1,GARQ,D5,1,40,39,26,0.008138776,plasmacytoid DC
CCCAGTTCATCCGTGG-1,GARQ,D5,1,40,39,34,0.04238689,CD4 naive I
CCCAGTTGTGTTCTTT-1,GARQ,D5,1,40,39,37,0.0503397,gdT cells
CCCAGTTTCCGCGTTT-1,GARQ,D5,1,40,39,16,0.14010477,Neutrophils
CCCTCCTAGGAGTACC-1,GARQ,D5,1,40,39,17,0.040989876,CD4 memory
CCCTCCTCACTCTGTC-1,GARQ,D5,1,40,39,7,0.106318,CD56dim CD16bright NK
CCCTCCTGTAGCTTGT-1,GARQ,D5,1,40,39,4,0.03733337,Proliferating T and NK cell
CCCTCCTGTGACAAAT-1,GARQ,D5,1,40,39,34,0.03381288,CD4 naive II
CCCTCCTTCCACGTTC-1,GARQ,D5,1,40,39,24,0.15481901,Naive B
CCCTCCTTCGGTGTCG-1,GARQ,D5,1,40,39,32,0.05175042,CD4 naive II
CCGGGATAGCCAGTAG-1,GARQ,D5,1,40,39,6,0.020742893,CD8 naive
CCGGGATAGCTCAACT-1,GARQ,D5,1,40,39,5,0.0057062507,MAIT-NKT cells
CCGGGATAGTAGATGT-1,GARQ,D5,1,40,39,28,0.0045160055,gdT cells
CCGGGATCATACTCTT-1,GARQ,D5,1,40,39,5,0.014971137,CD4 memory
CCGGGATGTACCGTAT-1,GARQ,D5,1,40,39,16,0.09555435,Classical monocytes
CCGGGATTCATTTGGG-1,GARQ,D5,1,40,39,24,0.061329365,Memory B
CCGGGATTCGTACCGG-1,GARQ,D5,1,40,39,16,0.11628115,Classical monocytes
CCGGTAGAGGAGTTTA-1,GARQ,D5,1,40,39,16,0.110921144,Non classical monocytes
CCGGTAGTCAACACTG-1,GARQ,D5,1,40,39,16,0.16608274,Classical monocytes
CCGGTAGTCATACGGT-1,GARQ,D5,1,40,39,6,0.012130976,CD8 naive
CCGTACTAGCCACTAT-1,GARQ,D5,1,40,39,13,0.0037767887,CD8 naive
CCGTACTCAATGCCAT-1,GARQ,D5,1,40,39,32,0.0646956,CD8 naive
CCGTACTCACTGTCGG-1,GARQ,D5,1,40,39,24,0.4993589,Naive B
CCGTACTTCAAACCGT-1,GARQ,D5,1,40,39,16,0.15424454,Neutrophils
CCGTGGACAAGGTTCT-1,GARQ,D5,1,40,39,13,0.1016314,CD8 memory
CCGTGGACACATTAGC-1,GARQ,D5,1,40,39,4,0.045723915,CD56dim CD16bright NK
CCGTGGACAGCCTATA-1,GARQ,D5,1,40,39,34,0.0011751652,CD8 naive
CCGTTCAGTACAGTGG-1,GARQ,D5,1,40,39,34,0.12435603,CD4 naive II
CCGTTCAGTAGGAGTC-1,GARQ,D5,1,40,39,6,0.011759341,Erythroid 
CCGTTCAGTGAGTATA-1,GARQ,D5,1,40,39,7,0.079824924,CD56dim CD16bright NK
CCGTTCAGTTAAAGAC-1,GARQ,D5,1,40,39,17,0.023596048,CD4 memory
CCGTTCATCGGAGGTA-1,GARQ,D5,1,40,39,0,0.055019975,CD8 memory
CCTAAAGCAGGGTTAG-1,GARQ,D5,1,40,39,1,0.016134858,CD8 effector
CCTAAAGGTCAGAAGC-1,GARQ,D5,1,40,39,16,0.2053492,Classical monocytes
CCTAAAGGTCTAGCCG-1,GARQ,D5,1,40,39,26,0.24829847,Memory B
CCTAAAGGTTTGTTTC-1,GARQ,D5,1,40,39,34,0.10694063,CD4 naive II
CCTAAAGTCACTATTC-1,GARQ,D5,1,40,39,4,0.03863144,CD56dim CD16bright NK
CCTAAAGTCGGCGCTA-1,GARQ,D5,1,40,39,7,0.031397104,CD56dim CD16bright NK
CCTAAAGTCTCGTTTA-1,GARQ,D5,1,40,39,16,0.13771117,Non classical monocytes
CCTACACAGTGTCCAT-1,GARQ,D5,1,40,39,24,0.3128649,Memory B
CCTACACTCAGCACAT-1,GARQ,D5,1,40,39,7,0.011663556,CD56dim CD16bright NK
CCTACCACACGTGAGA-1,GARQ,D5,1,40,39,4,0.06162429,CD56dim CD16bright NK
CCTACCACACTGTCGG-1,GARQ,D5,1,40,39,16,0.2048769,Platelet-bound monocytes
CCTACCACAGGTGGAT-1,GARQ,D5,1,40,39,35,0.10267913,gdT cells
CCTACCACATATGAGA-1,GARQ,D5,1,40,39,24,0.2414285,Naive B
CCTACCAGTATTCTCT-1,GARQ,D5,1,40,39,5,0.054276466,MAIT-NKT cells
CCTAGCTGTGTTGAGG-1,GARQ,D5,1,40,39,37,0.050034523,CD8 memory
CCTAGCTTCCGTACAA-1,GARQ,D5,1,40,39,9,0.010674477,CD56bright CD16dim NK
CCTAGCTTCGGCGCAT-1,GARQ,D5,1,40,39,5,0.045411468,CD8 memory
CCTAGCTTCGTATCAG-1,GARQ,D5,1,40,39,7,0.036557198,CD56dim CD16bright NK
CCTAGCTTCTTGAGGT-1,GARQ,D5,1,40,39,16,0.21963406,Platelet-bound monocytes
CCTATTATCATATCGG-1,GARQ,D5,1,40,39,37,0.012084246,CD8 effector
CCTATTATCATCGCTC-1,GARQ,D5,1,40,39,5,0.16345406,MAIT-NKT cells
CCTATTATCTCGAGTA-1,GARQ,D5,1,40,39,34,0.029326081,CD8 memory
CCTCAGTCAGACTCGC-1,GARQ,D5,1,40,39,24,0.034106255,Naive B
CCTCAGTCATGAGCGA-1,GARQ,D5,1,40,39,37,0.009134412,CD8 effector
CCTCAGTGTCAGGACA-1,GARQ,D5,1,40,39,5,0.13891017,MAIT-NKT cells
CCTCAGTGTCGCATAT-1,GARQ,D5,1,40,39,30,0.032383084,CD56dim CD16bright NK
CCTCTGAAGGCCCTCA-1,GARQ,D5,1,40,39,26,0.11947453,plasmacytoid DC
CCTCTGAGTTATCGGT-1,GARQ,D5,1,40,39,34,0.0105211735,CD4 memory
CCTCTGAGTTTCGCTC-1,GARQ,D5,1,40,39,16,0.21834874,Classical monocytes
CCTCTGATCAGGTTCA-1,GARQ,D5,1,40,39,16,0.2522416,Classical monocytes
CCTTACGAGCGTAATA-1,GARQ,D5,1,40,39,35,0.0688256,CD8 effector
CCTTACGCAGACGCAA-1,GARQ,D5,1,40,39,16,0.20424211,Classical monocytes
CCTTACGGTACGACCC-1,GARQ,D5,1,40,39,4,0.044421673,CD56dim CD16bright NK
CCTTACGGTCCAACTA-1,GARQ,D5,1,40,39,6,0.03319502,CD4 memory
CCTTACGTCATAACCG-1,GARQ,D5,1,40,39,16,0.071894884,Classical monocytes
CCTTACGTCCGATATG-1,GARQ,D5,1,40,39,4,0.010287762,CD56dim CD16bright NK
CCTTCCCCACAACTGT-1,GARQ,D5,1,40,39,4,0.01991725,CD56dim CD16bright NK
CCTTCCCGTTTGACAC-1,GARQ,D5,1,40,39,16,0.09031391,NK-monocyte doublets
CCTTCCCTCTGGAGCC-1,GARQ,D5,1,40,39,29,0.015856266,gdT cells
CCTTCGACAATCGAAA-1,GARQ,D5,1,40,39,24,0.0052363276,Plasma cells
CCTTCGACAATCTACG-1,GARQ,D5,1,40,39,18,0.07458365,NK-T doublets
CCTTCGAGTAATCACC-1,GARQ,D5,1,40,39,24,0.33718055,Naive B
CCTTCGATCGACCAGC-1,GARQ,D5,1,40,39,34,0.009975672,CD4 naive I
CCTTTCTCAATGGACG-1,GARQ,D5,1,40,39,5,0.050474882,gdT cells
CCTTTCTCACAGGAGT-1,GARQ,D5,1,40,39,34,0.00532341,CD4 naive II
CCTTTCTCATTGCGGC-1,GARQ,D5,1,40,39,13,0.014067531,CD4 memory
CCTTTCTTCACCACCT-1,GARQ,D5,1,40,39,38,0.016546965,CD56dim CD16bright NK
CGAACATAGGACACCA-1,GARQ,D5,1,40,39,32,0.056849957,CD8 memory
CGAACATAGGGTATCG-1,GARQ,D5,1,40,39,24,0.16466355,Memory B
CGAACATCATACAGCT-1,GARQ,D5,1,40,39,4,0.04436946,CD56dim CD16bright NK
CGAACATCATTCCTGC-1,GARQ,D5,1,40,39,24,0.25220108,Naive B
CGAACATGTCTGATCA-1,GARQ,D5,1,40,39,4,0.20526743,CD56dim CD16bright NK
CGAACATTCCGCAGTG-1,GARQ,D5,1,40,39,5,0.13691437,MAIT-NKT cells
CGAATGTGTTCGTCTC-1,GARQ,D5,1,40,39,24,0.12539756,Naive B
CGAATGTTCGATGAGG-1,GARQ,D5,1,40,39,13,0.016412377,CD4 memory
CGACCTTAGAATTGTG-1,GARQ,D5,1,40,39,16,0.05482316,Regulatory T cells
CGACCTTAGCACAGGT-1,GARQ,D5,1,40,39,24,0.075205564,Memory B
CGACCTTCAAGACGTG-1,GARQ,D5,1,40,39,34,0.057507634,CD8 naive
CGACCTTCAGGTGCCT-1,GARQ,D5,1,40,39,7,0.031757593,CD56dim CD16bright NK
CGACCTTTCTGCGTAA-1,GARQ,D5,1,40,39,7,0.08726132,CD56dim CD16bright NK
CGACCTTTCTGTCTCG-1,GARQ,D5,1,40,39,24,0.06845462,Memory B
CGACTTCAGCGTCTAT-1,GARQ,D5,1,40,39,34,0.032712102,CD4 naive I
CGACTTCCACCAGATT-1,GARQ,D5,1,40,39,16,0.4112239,Platelet-bound monocytes
CGAGAAGGTGGTAACG-1,GARQ,D5,1,40,39,7,0.10327494,CD56bright CD16dim NK
CGAGAAGTCATTCACT-1,GARQ,D5,1,40,39,7,0.036513448,CD56dim CD16bright NK
CGAGAAGTCGTCTGCT-1,GARQ,D5,1,40,39,2,0.027192593,Proliferating T and NK cell
CGAGCACCACGGTAGA-1,GARQ,D5,1,40,39,2,0.01698947,CD56dim CD16bright NK
CGAGCACGTACTCGCG-1,GARQ,D5,1,40,39,24,0.063132286,Naive B
CGAGCACGTCATCGGC-1,GARQ,D5,1,40,39,16,0.107820034,Classical monocytes
CGAGCACGTCCGAATT-1,GARQ,D5,1,40,39,4,0.057959437,CD56dim CD16bright NK
CGAGCCAAGCTGAACG-1,GARQ,D5,1,40,39,5,0.12755477,CD8 memory
CGAGCCACACTGTTAG-1,GARQ,D5,1,40,39,5,0.079758644,gdT cells
CGAGCCACATAACCTG-1,GARQ,D5,1,40,39,33,0.05230534,CD8 memory
CGAGCCAGTCTCATCC-1,GARQ,D5,1,40,39,35,0.015650868,CD8 effector
CGAGCCATCACCACCT-1,GARQ,D5,1,40,39,4,0.05303812,CD56dim CD16bright NK
CGAGCCATCCTATGTT-1,GARQ,D5,1,40,39,26,0.18313873,Memory B
CGAGCCATCTATGTGG-1,GARQ,D5,1,40,39,6,0.019222021,CD4 naive I
CGAGCCATCTTTAGTC-1,GARQ,D5,1,40,39,1,0.0121952295,CD56dim CD16bright NK
CGATCGGAGTACGACG-1,GARQ,D5,1,40,39,16,0.24424934,Classical monocytes
CGATCGGCACACGCTG-1,GARQ,D5,1,40,39,10,0.09632969,CD8 effector
CGATCGGCATATACGC-1,GARQ,D5,1,40,39,14,0.028758049,Regulatory T cells
CGATCGGGTCCGTTAA-1,GARQ,D5,1,40,39,4,0.021968484,CD56dim CD16bright NK
CGATGGCGTCGACTAT-1,GARQ,D5,1,40,39,16,0.049019694,Classical monocytes
CGATGTAAGTAGCGGT-1,GARQ,D5,1,40,39,16,0.17037225,Classical monocytes
CGATGTACATCCTAGA-1,GARQ,D5,1,40,39,24,0.25658607,Naive B
CGATGTATCCGGGTGT-1,GARQ,D5,1,40,39,24,0.08146155,T-NK-B cell doublets
CGATTGACACTGTTAG-1,GARQ,D5,1,40,39,16,0.18939877,Neutrophils
CGATTGATCCTATTCA-1,GARQ,D5,1,40,39,5,0.04534626,CD4 memory
CGCCAAGAGGACGAAA-1,GARQ,D5,1,40,39,4,0.058073282,CD56dim CD16bright NK
CGCCAAGGTGCGGTAA-1,GARQ,D5,1,40,39,34,0.09839845,CD4 naive II
CGCCAAGGTTATGCGT-1,GARQ,D5,1,40,39,29,0.0029375553,NK-T doublets
CGCGGTAGTATTAGCC-1,GARQ,D5,1,40,39,4,0.053007722,CD56dim CD16bright NK
CGCGGTAGTTCAGCGC-1,GARQ,D5,1,40,39,16,0.08881247,Classical monocytes
CGCGGTATCACCCTCA-1,GARQ,D5,1,40,39,4,0.025997877,CD56dim CD16bright NK
CGCGGTATCATGTAGC-1,GARQ,D5,1,40,39,34,0.01027894,CD4 naive I
CGCGTTTAGAACAATC-1,GARQ,D5,1,40,39,11,0.1117897,gdT cells
CGCGTTTAGGTGTTAA-1,GARQ,D5,1,40,39,16,0.14309907,Classical monocytes
CGCGTTTCAAGGCTCC-1,GARQ,D5,1,40,39,26,0.043401897,Plasma cells
CGCGTTTGTAGCCTCG-1,GARQ,D5,1,40,39,29,0.02509427,Platelet-T cell doublets
CGCTATCCAAAGGAAG-1,GARQ,D5,1,40,39,25,0.018451571,CD56dim CD16bright NK
CGCTATCTCGCGTAGC-1,GARQ,D5,1,40,39,39,0.06375772,Platelets
CGCTATCTCGTTTGCC-1,GARQ,D5,1,40,39,26,0.09707904,Naive B
CGCTGGAAGTCGATAA-1,GARQ,D5,1,40,39,9,0.0042928457,gdT cells
CGCTGGACAACACGCC-1,GARQ,D5,1,40,39,13,0.0041764975,CD4 memory
CGCTGGAGTACATCCA-1,GARQ,D5,1,40,39,16,0.35616112,Classical monocytes
CGCTGGAGTGACGCCT-1,GARQ,D5,1,40,39,1,0.03747666,CD56dim CD16bright NK
CGCTGGAGTTACGACT-1,GARQ,D5,1,40,39,4,0.120862484,CD56dim CD16bright NK
CGCTGGATCCCTCTTT-1,GARQ,D5,1,40,39,16,0.014894605,Neutrophils
CGCTTCAAGACTTTCG-1,GARQ,D5,1,40,39,5,0.03508842,CD8 memory
CGCTTCACATATGGTC-1,GARQ,D5,1,40,39,4,0.035769224,CD56bright CD16dim NK
CGCTTCAGTCATATCG-1,GARQ,D5,1,40,39,16,0.24091768,Classical monocytes
CGCTTCATCTGAAAGA-1,GARQ,D5,1,40,39,13,0.004014492,CD8 memory
CGGACACAGCCAGTAG-1,GARQ,D5,1,40,39,34,0.09027624,Regulatory T cells
CGGACACGTAAGCACG-1,GARQ,D5,1,40,39,34,0.018402696,CD4 memory
CGGACACGTTAGATGA-1,GARQ,D5,1,40,39,16,0.122755885,Platelet-bound monocytes
CGGACACTCAACACAC-1,GARQ,D5,1,40,39,34,0.034060955,CD8 naive
CGGACACTCTGACCTC-1,GARQ,D5,1,40,39,16,0.12666047,NK-monocyte doublets
CGGACGTCATGATCCA-1,GARQ,D5,1,40,39,5,0.3201921,MAIT-NKT cells
CGGACGTGTTACGTCA-1,GARQ,D5,1,40,39,24,0.10794437,Naive B
CGGACTGCAATCTGCA-1,GARQ,D5,1,40,39,5,0.09962344,CD8 memory
CGGACTGGTTGGTAAA-1,GARQ,D5,1,40,39,29,0.01638043,CD8 memory
CGGAGCTCAAAGGTGC-1,GARQ,D5,1,40,39,30,0.16718352,CD56dim CD16bright NK
CGGAGCTCACCAGGCT-1,GARQ,D5,1,40,39,34,0.059471488,CD8 naive
CGGAGCTCACGAAAGC-1,GARQ,D5,1,40,39,29,0.052019358,gdT cells
CGGAGCTCAGCCTGTG-1,GARQ,D5,1,40,39,38,0.03990364,CD56dim CD16bright NK
CGGAGCTGTCGACTAT-1,GARQ,D5,1,40,39,20,0.010290742,CD8 effector
CGGAGCTGTCGTCTTC-1,GARQ,D5,1,40,39,8,0.015245438,CD8 memory
CGGAGCTTCAGCTCTC-1,GARQ,D5,1,40,39,4,0.08207464,CD56dim CD16bright NK
CGGAGTCAGTGCAAGC-1,GARQ,D5,1,40,39,13,0.0046895742,Regulatory T cells
CGGAGTCCACTTAACG-1,GARQ,D5,1,40,39,34,0.114216805,CD8 naive
CGGAGTCCATCTATGG-1,GARQ,D5,1,40,39,4,0.13548374,CD56dim CD16bright NK
CGGAGTCGTATGAATG-1,GARQ,D5,1,40,39,6,0.015825987,CD4 naive I
CGGCTAGCACTAAGTC-1,GARQ,D5,1,40,39,4,0.017120719,CD56dim CD16bright NK
CGGCTAGGTACGAAAT-1,GARQ,D5,1,40,39,34,0.023240447,CD4 memory
CGGCTAGTCAGTTGAC-1,GARQ,D5,1,40,39,5,0.08277273,CD8 memory
CGGGTCAAGCCGTCGT-1,GARQ,D5,1,40,39,16,0.11882663,Classical monocytes
CGGGTCAAGGGATACC-1,GARQ,D5,1,40,39,21,0.06456947,CD56dim CD16bright NK
CGGGTCAAGGGTCGAT-1,GARQ,D5,1,40,39,16,0.18395042,Neutrophils
CGGGTCACATTTGCTT-1,GARQ,D5,1,40,39,35,0.04102683,gdT cells
CGGGTCAGTGTAACGG-1,GARQ,D5,1,40,39,24,0.46141315,Naive B
CGGGTCATCCATTCTA-1,GARQ,D5,1,40,39,1,0.0074505806,CD8 effector
CGGGTCATCCCGACTT-1,GARQ,D5,1,40,39,4,0.024107337,CD56dim CD16bright NK
CGGGTCATCGAACGGA-1,GARQ,D5,1,40,39,16,0.23789763,Classical monocytes
CGGTTAAAGGATGTAT-1,GARQ,D5,1,40,39,24,0.13612711,Naive B
CGGTTAACACAGAGGT-1,GARQ,D5,1,40,39,18,0.01182425,NK-T doublets
CGGTTAACACGTCAGC-1,GARQ,D5,1,40,39,4,0.006646037,CD56dim CD16bright NK
CGGTTAACATGTCCTC-1,GARQ,D5,1,40,39,7,0.07300043,CD56dim CD16bright NK
CGGTTAATCGGTGTTA-1,GARQ,D5,1,40,39,34,0.047731757,CD4 naive I
CGTAGCGGTCCGTGAC-1,GARQ,D5,1,40,39,16,0.079777956,Classical monocytes
CGTAGGCAGCGTAGTG-1,GARQ,D5,1,40,39,16,0.17166781,Classical monocytes
CGTAGGCGTGAGTATA-1,GARQ,D5,1,40,39,32,0.025482416,CD4 memory
CGTAGGCGTTCCCTTG-1,GARQ,D5,1,40,39,24,0.55132973,Naive B
CGTCACTAGCCACGTC-1,GARQ,D5,1,40,39,24,0.21276069,Naive B
CGTCACTAGCCCAATT-1,GARQ,D5,1,40,39,21,0.042187452,CD8 effector
CGTCACTTCTAACGGT-1,GARQ,D5,1,40,39,30,0.037919164,CD56dim CD16bright NK
CGTCAGGGTGATGATA-1,GARQ,D5,1,40,39,34,0.01863861,CD8 naive
CGTCCATAGTACGTAA-1,GARQ,D5,1,40,39,24,0.27559698,Naive B
CGTCCATCAAATCCGT-1,GARQ,D5,1,40,39,24,0.23764992,Naive B
CGTCCATGTAGCGATG-1,GARQ,D5,1,40,39,0,0.03140533,CD8 memory
CGTCCATGTAGCGCAA-1,GARQ,D5,1,40,39,16,0.12496233,Neutrophils
CGTCCATTCACCCTCA-1,GARQ,D5,1,40,39,17,0.009507537,CD4 memory
CGTCCATTCTTGCCGT-1,GARQ,D5,1,40,39,2,0.04370892,CD56dim CD16bright NK
CGTCTACAGACTAGAT-1,GARQ,D5,1,40,39,16,0.102017045,Platelet-bound monocytes
CGTCTACCACCAGGCT-1,GARQ,D5,1,40,39,6,0.018245578,CD4 naive I
CGTCTACCATCGGTTA-1,GARQ,D5,1,40,39,24,0.19338822,Memory B
CGTCTACGTACATCCA-1,GARQ,D5,1,40,39,24,0.2917028,Naive B
CGTCTACGTACGAAAT-1,GARQ,D5,1,40,39,32,0.071360946,CD8 memory
CGTCTACGTATCTGCA-1,GARQ,D5,1,40,39,35,0.015885592,CD56dim CD16bright NK
CGTCTACGTCTAGCGC-1,GARQ,D5,1,40,39,4,0.025635958,CD56dim CD16bright NK
CGTGAGCAGGCCGAAT-1,GARQ,D5,1,40,39,5,0.06757116,CD8 memory
CGTGAGCCAGATTGCT-1,GARQ,D5,1,40,39,34,0.07475233,CD4 naive I
CGTGAGCGTAGCAAAT-1,GARQ,D5,1,40,39,5,0.043628097,MAIT-NKT cells
CGTGAGCGTCTTGTCC-1,GARQ,D5,1,40,39,7,0.033921123,Proliferating T and NK cell
CGTGAGCTCCCAGGTG-1,GARQ,D5,1,40,39,16,0.24717951,Classical monocytes
CGTGTAACACATAACC-1,GARQ,D5,1,40,39,38,4.4584274e-05,CD56bright CD16dim NK
CGTGTAATCTGCTGTC-1,GARQ,D5,1,40,39,16,0.13512397,Neutrophils
CGTTAGACACAGATTC-1,GARQ,D5,1,40,39,34,0.0810473,CD8 naive
CGTTAGACACCTCGTT-1,GARQ,D5,1,40,39,34,0.029172659,CD4 memory
CGTTAGACATCACGAT-1,GARQ,D5,1,40,39,24,0.24290216,Naive B
CGTTAGAGTCGCGGTT-1,GARQ,D5,1,40,39,24,0.10586953,T-NK-B cell doublets
CGTTAGAGTCTCTCTG-1,GARQ,D5,1,40,39,16,0.22210765,Classical monocytes
CGTTAGATCACAGTAC-1,GARQ,D5,1,40,39,1,0.027641296,CD56dim CD16bright NK
CGTTAGATCCAAACTG-1,GARQ,D5,1,40,39,10,0.04803753,CD8 effector
CGTTAGATCGAGCCCA-1,GARQ,D5,1,40,39,38,0.034436226,CD56dim CD16bright NK
CGTTCTGGTGCCTTGG-1,GARQ,D5,1,40,39,16,0.10371435,NK-monocyte doublets
CGTTCTGTCAACACGT-1,GARQ,D5,1,40,39,16,0.16981709,Classical monocytes
CGTTCTGTCAATACCG-1,GARQ,D5,1,40,39,34,0.040427566,CD4 naive I
CGTTGGGAGTTGAGAT-1,GARQ,D5,1,40,39,2,0.010243416,CD56bright CD16dim NK
CGTTGGGCACCCATTC-1,GARQ,D5,1,40,39,2,0.0004594326,CD56dim CD16bright NK
CGTTGGGTCACTATTC-1,GARQ,D5,1,40,39,16,0.1525333,Neutrophils
CGTTGGGTCATTGCGA-1,GARQ,D5,1,40,39,7,0.09407365,CD56dim CD16bright NK
CGTTGGGTCCGTTGTC-1,GARQ,D5,1,40,39,13,0.022678614,CD4 memory
CGTTGGGTCCTAAGTG-1,GARQ,D5,1,40,39,24,0.14089108,Naive B
CGTTGGGTCGAGCCCA-1,GARQ,D5,1,40,39,16,0.14241743,Classical monocytes
CTAACTTAGATCACGG-1,GARQ,D5,1,40,39,26,0.026243448,T-NK-B cell doublets
CTAACTTAGTAATCCC-1,GARQ,D5,1,40,39,7,0.2098422,CD56dim CD16bright NK
CTAAGACAGAAGGGTA-1,GARQ,D5,1,40,39,4,0.022415161,CD56dim CD16bright NK
CTAAGACAGACAAAGG-1,GARQ,D5,1,40,39,12,0.07016492,MAIT-NKT cells
CTAAGACAGTTGTCGT-1,GARQ,D5,1,40,39,34,0.0015182495,CD4 naive I
CTAAGACGTATAGGTA-1,GARQ,D5,1,40,39,24,0.026864529,Naive B
CTAAGACGTTGGGACA-1,GARQ,D5,1,40,39,24,0.24113011,Naive B
CTAAGACTCATTCACT-1,GARQ,D5,1,40,39,5,0.09729564,MAIT-NKT cells
CTAATGGAGACCGGAT-1,GARQ,D5,1,40,39,1,0.038570046,CD56dim CD16bright NK
CTAATGGCAACAACCT-1,GARQ,D5,1,40,39,24,0.22051203,Memory B
CTAATGGCAATCGGTT-1,GARQ,D5,1,40,39,4,0.0035556555,CD56dim CD16bright NK
CTAATGGCACCAGATT-1,GARQ,D5,1,40,39,16,0.2969234,Classical monocytes
CTAATGGCAGGAATCG-1,GARQ,D5,1,40,39,6,0.045956135,CD4 naive I
CTAATGGGTCGACTAT-1,GARQ,D5,1,40,39,26,0.15966725,T-NK-B cell doublets
CTAATGGGTGGTCTCG-1,GARQ,D5,1,40,39,4,0.07689381,CD56dim CD16bright NK
CTAATGGTCCAACCAA-1,GARQ,D5,1,40,39,16,0.09963536,Classical monocytes
CTAATGGTCTAAGCCA-1,GARQ,D5,1,40,39,32,0.02146244,CD4 memory
CTAATGGTCTCTAGGA-1,GARQ,D5,1,40,39,10,0.033182263,NK-T doublets
CTACACCAGTTAACGA-1,GARQ,D5,1,40,39,16,0.10828996,Classical monocytes
CTACACCAGTTTAGGA-1,GARQ,D5,1,40,39,16,0.11709833,Classical monocytes
CTACACCCATACGCCG-1,GARQ,D5,1,40,39,19,0.052256703,gdT cells
CTACACCTCCCTCAGT-1,GARQ,D5,1,40,39,4,0.047144055,CD56dim CD16bright NK
CTACACCTCCGCAAGC-1,GARQ,D5,1,40,39,5,0.028207779,CD4 memory
CTACATTAGCCCAACC-1,GARQ,D5,1,40,39,32,0.073801994,Regulatory T cells
CTACATTAGGGCTTGA-1,GARQ,D5,1,40,39,34,0.07136154,CD4 naive I
CTACATTAGTACATGA-1,GARQ,D5,1,40,39,13,0.0051529408,CD4 naive II
CTACATTAGTCTTGCA-1,GARQ,D5,1,40,39,7,0.16226327,CD56dim CD16bright NK
CTACATTGTACCATCA-1,GARQ,D5,1,40,39,32,0.065562844,CD8 memory
CTACATTGTCCAGTGC-1,GARQ,D5,1,40,39,2,0.018905163,CD56dim CD16bright NK
CTACATTTCATATCGG-1,GARQ,D5,1,40,39,5,0.16222143,MAIT-NKT cells
CTACCCAAGTGGCACA-1,GARQ,D5,1,40,39,5,0.047561646,CD4 and CD8 activated memory
CTACCCACAAGTACCT-1,GARQ,D5,1,40,39,16,0.06285882,Classical monocytes
CTACCCACACAGACAG-1,GARQ,D5,1,40,39,4,0.13962531,CD56dim CD16bright NK
CTACCCAGTGTGTGCC-1,GARQ,D5,1,40,39,16,0.06808472,Classical monocytes
CTACCCATCCGTAGGC-1,GARQ,D5,1,40,39,16,0.12942421,Platelet-bound monocytes
CTACGTCCACCACCAG-1,GARQ,D5,1,40,39,24,0.1735785,Naive B
CTACGTCCAGACGCTC-1,GARQ,D5,1,40,39,32,0.01263833,CD8 naive
CTACGTCCATGCTGGC-1,GARQ,D5,1,40,39,34,0.0031075478,CD4 naive I
CTACGTCTCACGGTTA-1,GARQ,D5,1,40,39,24,0.21106076,T-NK-B cell doublets
CTACGTCTCTTTAGTC-1,GARQ,D5,1,40,39,4,0.13291359,CD56dim CD16bright NK
CTAGAGTAGTAGATGT-1,GARQ,D5,1,40,39,8,0.0053744316,CD8 effector
CTAGAGTCAAATACAG-1,GARQ,D5,1,40,39,4,0.036670566,CD56dim CD16bright NK
CTAGAGTGTCATGCCG-1,GARQ,D5,1,40,39,34,0.05502391,CD4 naive I
CTAGAGTGTGCCTGCA-1,GARQ,D5,1,40,39,7,0.00061917305,CD8 effector
CTAGAGTTCGTTTATC-1,GARQ,D5,1,40,39,7,0.030621767,CD56dim CD16bright NK
CTAGAGTTCTGGCGAC-1,GARQ,D5,1,40,39,34,0.046598434,CD4 naive I
CTAGAGTTCTTCTGGC-1,GARQ,D5,1,40,39,17,0.0009891987,CD4 memory
CTAGCCTAGAGGTAGA-1,GARQ,D5,1,40,39,7,0.08663988,CD56dim CD16bright NK
CTAGCCTAGGCTAGCA-1,GARQ,D5,1,40,39,34,0.0020766258,CD4 memory
CTAGCCTGTGCACCAC-1,GARQ,D5,1,40,39,4,0.0016508102,CD56dim CD16bright NK
CTAGCCTTCGCGTTTC-1,GARQ,D5,1,40,39,13,0.04794377,Platelet-T cell doublets
CTAGTGAAGAGGGCTT-1,GARQ,D5,1,40,39,10,0.0564754,gdT cells
CTAGTGATCCATGCTC-1,GARQ,D5,1,40,39,7,0.01799035,CD56dim CD16bright NK
CTCACACAGACGCTTT-1,GARQ,D5,1,40,39,4,0.052693844,CD56dim CD16bright NK
CTCACACAGGGTTTCT-1,GARQ,D5,1,40,39,32,0.014467835,CD8 naive
CTCACACGTGGGTCAA-1,GARQ,D5,1,40,39,7,0.009697318,CD56dim CD16bright NK
CTCACACGTTGGGACA-1,GARQ,D5,1,40,39,5,0.0025737286,CD4 memory
CTCACACTCGGCGCTA-1,GARQ,D5,1,40,39,34,0.019594789,Platelet-T cell doublets
CTCAGAAGTCCAGTGC-1,GARQ,D5,1,40,39,6,0.06952369,CD4 naive I
CTCAGAATCATGGTCA-1,GARQ,D5,1,40,39,10,0.03615856,gdT cells
CTCATTAAGACGCTTT-1,GARQ,D5,1,40,39,32,0.08542514,CD4 memory
CTCATTAAGATACACA-1,GARQ,D5,1,40,39,24,0.3488413,Naive B
CTCATTAAGGACAGAA-1,GARQ,D5,1,40,39,4,0.03047061,CD56dim CD16bright NK
CTCATTACACATTCGA-1,GARQ,D5,1,40,39,7,0.25801182,CD56dim CD16bright NK
CTCATTAGTTAAGGGC-1,GARQ,D5,1,40,39,16,0.12977505,NK-monocyte doublets
CTCATTATCAACACTG-1,GARQ,D5,1,40,39,16,0.06958568,conventional DC
CTCATTATCAGCACAT-1,GARQ,D5,1,40,39,26,0.05456972,T-NK-B cell doublets
CTCATTATCTCGATGA-1,GARQ,D5,1,40,39,6,0.010687351,Regulatory T cells
CTCCTAGAGACTAGGC-1,GARQ,D5,1,40,39,9,0.012432694,CD56dim CD16bright NK
CTCGAAAAGGGATACC-1,GARQ,D5,1,40,39,32,0.0041179657,CD4 memory
CTCGAAACATGGTTGT-1,GARQ,D5,1,40,39,34,0.017656565,CD4 naive I
CTCGAAAGTCGGCACT-1,GARQ,D5,1,40,39,4,0.113628864,CD56dim CD16bright NK
CTCGAAAGTGACGGTA-1,GARQ,D5,1,40,39,35,0.093519926,CD8 effector
CTCGAAAGTGTAATGA-1,GARQ,D5,1,40,39,16,0.16823936,Classical monocytes
CTCGAGGAGATCCCGC-1,GARQ,D5,1,40,39,13,0.064352036,CD8 memory
CTCGAGGCAGGTTTCA-1,GARQ,D5,1,40,39,16,0.030410051,Classical monocytes
CTCGGAGAGTTCGCAT-1,GARQ,D5,1,40,39,34,0.07077253,T-NK-B cell doublets
CTCGGAGCATCACGAT-1,GARQ,D5,1,40,39,4,0.0089918375,CD56bright CD16dim NK
CTCGGAGGTGAGTATA-1,GARQ,D5,1,40,39,18,0.057316065,NK-T doublets
CTCGGAGGTTAAGAAC-1,GARQ,D5,1,40,39,4,0.039700747,CD56dim CD16bright NK
CTCGGGACAGCTTCGG-1,GARQ,D5,1,40,39,17,0.05374205,CD4 and CD8 activated memory
CTCGGGACATTCACTT-1,GARQ,D5,1,40,39,4,0.05031824,CD56dim CD16bright NK
CTCGTACAGCCACGCT-1,GARQ,D5,1,40,39,35,0.0729143,CD56dim CD16bright NK
CTCGTACCACATCCAA-1,GARQ,D5,1,40,39,16,0.02842307,Classical monocytes
CTCGTACGTCATATCG-1,GARQ,D5,1,40,39,33,0.006664872,CD8 memory
CTCGTACGTCCATCCT-1,GARQ,D5,1,40,39,7,0.11472213,CD56dim CD16bright NK
CTCGTACGTTACCAGT-1,GARQ,D5,1,40,39,34,0.025213957,CD4 naive I
CTCGTACTCTAACTGG-1,GARQ,D5,1,40,39,4,0.024378896,CD56dim CD16bright NK
CTCGTCAAGTTGAGTA-1,GARQ,D5,1,40,39,1,0.020490408,CD56dim CD16bright NK
CTCTAATAGATGTGTA-1,GARQ,D5,1,40,39,7,0.23638535,CD56dim CD16bright NK
CTCTAATAGCTAGGCA-1,GARQ,D5,1,40,39,16,0.12519217,Classical monocytes
CTCTAATCACAGCCCA-1,GARQ,D5,1,40,39,7,0.17566013,CD56dim CD16bright NK
CTCTAATCATAAGACA-1,GARQ,D5,1,40,39,4,0.024645805,CD56dim CD16bright NK
CTCTAATTCCAACCAA-1,GARQ,D5,1,40,39,24,0.2911821,Naive B
CTCTACGAGCCAGAAC-1,GARQ,D5,1,40,39,16,0.15045762,Classical monocytes
CTCTACGAGCGATGAC-1,GARQ,D5,1,40,39,34,0.0021088123,CD4 memory
CTCTACGAGTCAAGGC-1,GARQ,D5,1,40,39,16,0.14128125,Classical monocytes
CTCTACGCAATGTAAG-1,GARQ,D5,1,40,39,5,0.14228582,MAIT-NKT cells
CTCTACGGTATAGGTA-1,GARQ,D5,1,40,39,4,0.17472935,CD56dim CD16bright NK
CTCTACGGTGACTACT-1,GARQ,D5,1,40,39,35,0.043864846,CD8 effector
CTCTACGTCTTTAGGG-1,GARQ,D5,1,40,39,24,0.18639636,Naive B
CTCTGGTAGGCGATAC-1,GARQ,D5,1,40,39,32,0.016245365,CD4 naive II
CTCTGGTCAAGGGTCA-1,GARQ,D5,1,40,39,34,0.011726618,MAIT-NKT cells
CTCTGGTTCATCACCC-1,GARQ,D5,1,40,39,16,0.06194544,Non classical monocytes
CTGAAACAGAACTCGG-1,GARQ,D5,1,40,39,16,0.15694845,Neutrophils
CTGAAACAGTAGGCCA-1,GARQ,D5,1,40,39,7,0.086349964,CD56dim CD16bright NK
CTGAAACCACAGACTT-1,GARQ,D5,1,40,39,16,0.08656335,Platelet-bound monocytes
CTGAAGTCACAGCGTC-1,GARQ,D5,1,40,39,21,0.051009417,CD56bright CD16dim NK
CTGAAGTTCGTGGGAA-1,GARQ,D5,1,40,39,5,0.0118716955,MAIT-NKT cells
CTGATAGAGCTGCCCA-1,GARQ,D5,1,40,39,5,0.006131172,CD8 memory
CTGATAGCACAAGACG-1,GARQ,D5,1,40,39,16,0.11875749,Classical monocytes
CTGATAGGTGAGCGAT-1,GARQ,D5,1,40,39,26,0.12844837,Memory B
CTGATAGTCCTGCAGG-1,GARQ,D5,1,40,39,7,0.1009388,CD56dim CD16bright NK
CTGATCCAGCCCAATT-1,GARQ,D5,1,40,39,29,0.01177156,CD8 effector
CTGATCCCATTTGCTT-1,GARQ,D5,1,40,39,4,0.059047937,CD56dim CD16bright NK
CTGATCCGTCTAAAGA-1,GARQ,D5,1,40,39,16,0.15049493,Platelet-bound monocytes
CTGATCCGTCTGATCA-1,GARQ,D5,1,40,39,4,0.06896484,CD8 effector
CTGATCCTCCCATTTA-1,GARQ,D5,1,40,39,34,0.03295946,CD4 memory
CTGCCTACATACAGCT-1,GARQ,D5,1,40,39,24,0.15016234,T-NK-B cell doublets
CTGCTGTGTAGAGTGC-1,GARQ,D5,1,40,39,26,0.0119770765,T-NK-B cell doublets
CTGGTCTGTGGTCTCG-1,GARQ,D5,1,40,39,4,0.01230371,CD56dim CD16bright NK
CTGTGCTAGACTCGGA-1,GARQ,D5,1,40,39,7,0.1263895,CD56dim CD16bright NK
CTGTGCTAGCGAGAAA-1,GARQ,D5,1,40,39,13,0.037543654,CD4 memory
CTGTGCTAGTTGTAGA-1,GARQ,D5,1,40,39,24,0.1297493,Naive B
CTGTGCTCACGGTGTC-1,GARQ,D5,1,40,39,16,0.08408868,Classical monocytes
CTGTGCTGTCAAAGCG-1,GARQ,D5,1,40,39,4,0.059353232,CD8 effector
CTGTGCTTCAAGGCTT-1,GARQ,D5,1,40,39,24,0.095452905,T-NK-B cell doublets
CTGTTTACACAAGTAA-1,GARQ,D5,1,40,39,7,0.03857088,CD56bright CD16dim NK
CTGTTTACAGCAGTTT-1,GARQ,D5,1,40,39,37,0.01328218,Proliferating T and NK cell
CTGTTTACATCCCATC-1,GARQ,D5,1,40,39,16,0.15925694,Classical monocytes
CTGTTTACATTGCGGC-1,GARQ,D5,1,40,39,7,0.12901497,CD56dim CD16bright NK
CTTAACTAGTTTCCTT-1,GARQ,D5,1,40,39,7,0.052797914,CD56dim CD16bright NK
CTTAACTCATGCAATC-1,GARQ,D5,1,40,39,34,0.07542682,CD4 naive II
CTTAACTGTACCGAGA-1,GARQ,D5,1,40,39,34,0.016451716,CD4 memory
CTTAACTTCAAACCAC-1,GARQ,D5,1,40,39,34,0.04722166,CD4 naive I
CTTAACTTCCATTCTA-1,GARQ,D5,1,40,39,24,0.43653846,Memory B
CTTAACTTCGCGTTTC-1,GARQ,D5,1,40,39,16,0.038065374,Neutrophils
CTTACCGAGCAACGGT-1,GARQ,D5,1,40,39,5,0.00095164776,CD4 memory
CTTACCGGTCATTAGC-1,GARQ,D5,1,40,39,20,0.01920271,gdT cells
CTTAGGAAGTGGGTTG-1,GARQ,D5,1,40,39,4,0.0923059,CD56dim CD16bright NK
CTTAGGACATCGATTG-1,GARQ,D5,1,40,39,38,0.0035179853,CD56dim CD16bright NK
CTTAGGAGTCGGGTCT-1,GARQ,D5,1,40,39,4,0.024785995,CD56dim CD16bright NK
CTTAGGATCACATACG-1,GARQ,D5,1,40,39,5,0.12127495,MAIT-NKT cells
CTTAGGATCATACGGT-1,GARQ,D5,1,40,39,26,0.038009644,T-NK-B cell doublets
CTTCTCTAGTTAGGTA-1,GARQ,D5,1,40,39,24,0.49414372,Memory B
CTTCTCTGTAGCGCAA-1,GARQ,D5,1,40,39,34,0.047650695,CD4 naive II
CTTCTCTGTAGCTAAA-1,GARQ,D5,1,40,39,24,0.14547324,Memory B
CTTCTCTTCATAACCG-1,GARQ,D5,1,40,39,29,0.038662314,NK-T doublets
CTTGGCTAGCCGATTT-1,GARQ,D5,1,40,39,7,0.3030094,CD56dim CD16bright NK
CTTGGCTAGGTTACCT-1,GARQ,D5,1,40,39,24,0.48771262,Naive B
CTTGGCTAGTGTGAAT-1,GARQ,D5,1,40,39,4,0.039550066,CD56dim CD16bright NK
CTTGGCTCAACTTGAC-1,GARQ,D5,1,40,39,4,0.061758995,CD56dim CD16bright NK
CTTGGCTCAGTGAGTG-1,GARQ,D5,1,40,39,11,0.08990526,gdT cells
CTTGGCTTCGGACAAG-1,GARQ,D5,1,40,39,6,0.073023796,CD4 naive II
CTTTGCGAGGCCGAAT-1,GARQ,D5,1,40,39,30,0.022701502,CD56dim CD16bright NK
CTTTGCGCATGATCCA-1,GARQ,D5,1,40,39,13,0.07183945,CD4 memory
CTTTGCGTCATCGGAT-1,GARQ,D5,1,40,39,38,0.0010995865,CD56dim CD16bright NK
CTTTGCGTCTAAGCCA-1,GARQ,D5,1,40,39,36,0.010485172,CD56dim CD16bright NK
GAAACTCAGTTATCGC-1,GARQ,D5,1,40,39,24,0.2780211,Naive B
GAAACTCGTACTCTCC-1,GARQ,D5,1,40,39,16,0.13621104,Classical monocytes
GAAACTCGTTTACTCT-1,GARQ,D5,1,40,39,4,0.071149826,CD56bright CD16dim NK
GAAACTCTCCAATGGT-1,GARQ,D5,1,40,39,37,0.040560722,gdT cells
GAAACTCTCCGAACGC-1,GARQ,D5,1,40,39,24,0.41893768,Naive B
GAAATGAAGATGTGGC-1,GARQ,D5,1,40,39,16,0.23695445,Classical monocytes
GAAATGAAGTCGTTTG-1,GARQ,D5,1,40,39,7,0.16874468,Proliferating T and NK cell
GAAATGAGTATGGTTC-1,GARQ,D5,1,40,39,7,0.013514996,CD56bright CD16dim NK
GAAATGATCGGCGGTT-1,GARQ,D5,1,40,39,16,0.060160875,Classical monocytes
GAACATCAGGCATGTG-1,GARQ,D5,1,40,39,7,0.05407238,CD56dim CD16bright NK
GAACATCCAATCGGTT-1,GARQ,D5,1,40,39,4,0.05613029,CD56dim CD16bright NK
GAACATCGTATCTGCA-1,GARQ,D5,1,40,39,16,0.23852825,Classical monocytes
GAACCTAAGTCTTGCA-1,GARQ,D5,1,40,39,1,0.0054370165,CD56dim CD16bright NK
GAACCTATCACCCTCA-1,GARQ,D5,1,40,39,24,0.46126318,Naive B
GAACCTATCATTTGGG-1,GARQ,D5,1,40,39,4,0.04528725,CD56dim CD16bright NK
GAACCTATCTGTGCAA-1,GARQ,D5,1,40,39,4,0.00016903877,CD56dim CD16bright NK
GAACGGAAGTCCGGTC-1,GARQ,D5,1,40,39,24,0.1829409,Naive B
GAACGGACATAGAAAC-1,GARQ,D5,1,40,39,10,0.0029947758,CD8 effector
GAACGGATCTTGAGAC-1,GARQ,D5,1,40,39,24,0.40171576,Naive B
GAAGCAGAGATAGGAG-1,GARQ,D5,1,40,39,34,0.08540988,CD8 naive
GAAGCAGCACATCTTT-1,GARQ,D5,1,40,39,34,0.082662344,CD4 naive I
GAAGCAGGTCACCCAG-1,GARQ,D5,1,40,39,1,0.06891465,CD56dim CD16bright NK
GAAGCAGGTTAGGGTG-1,GARQ,D5,1,40,39,16,0.2246511,Classical monocytes
GAAGCAGTCAAACGGG-1,GARQ,D5,1,40,39,16,0.171911,Classical monocytes
GAATAAGAGGTACTCT-1,GARQ,D5,1,40,39,24,0.092015505,Memory B
GAATAAGAGTGTCCAT-1,GARQ,D5,1,40,39,21,0.0075941086,CD8 effector
GAATAAGCAGAGCCAA-1,GARQ,D5,1,40,39,0,0.03174734,CD8 memory
GAATAAGCATTATCTC-1,GARQ,D5,1,40,39,4,0.044418216,CD56dim CD16bright NK
GAATAAGCATTGGTAC-1,GARQ,D5,1,40,39,16,0.12465751,NK-monocyte doublets
GAATGAAAGCGTGAGT-1,GARQ,D5,1,40,39,4,0.02349484,CD56bright CD16dim NK
GAATGAAAGGAGTACC-1,GARQ,D5,1,40,39,13,0.004149914,CD4 memory
GAATGAACACACCGCA-1,GARQ,D5,1,40,39,24,0.5504384,Memory B
GACACGCCAAGAAAGG-1,GARQ,D5,1,40,39,5,0.0053846836,CD8 memory
GACACGCCAGATGGGT-1,GARQ,D5,1,40,39,16,0.09540951,Non classical monocytes
GACACGCGTACGCTGC-1,GARQ,D5,1,40,39,16,0.2182132,Classical monocytes
GACACGCGTAGAAGGA-1,GARQ,D5,1,40,39,5,0.08205426,MAIT-NKT cells
GACACGCGTCCGCTGA-1,GARQ,D5,1,40,39,5,0.01705122,MAIT-NKT cells
GACACGCTCAAGGCTT-1,GARQ,D5,1,40,39,5,0.061496735,CD8 memory
GACACGCTCGGACAAG-1,GARQ,D5,1,40,39,4,0.09372556,CD56dim CD16bright NK
GACAGAGGTAAAGGAG-1,GARQ,D5,1,40,39,5,0.055398107,MAIT-NKT cells
GACAGAGTCACCGTAA-1,GARQ,D5,1,40,39,15,0.017715335,CD8 effector
GACAGAGTCGCCGTGA-1,GARQ,D5,1,40,39,16,0.050778866,Classical monocytes
GACAGAGTCGTCCGTT-1,GARQ,D5,1,40,39,34,0.07055354,CD4 memory
GACAGAGTCTGTCTCG-1,GARQ,D5,1,40,39,2,0.035412192,CD56dim CD16bright NK
GACCAATGTACCCAAT-1,GARQ,D5,1,40,39,34,0.066619396,CD8 naive
GACCAATGTGTGTGCC-1,GARQ,D5,1,40,39,24,0.039492726,Naive B
GACCTGGCAATAGAGT-1,GARQ,D5,1,40,39,5,0.08714628,CD4 and CD8 activated memory
GACCTGGCAGGAACGT-1,GARQ,D5,1,40,39,35,0.023430943,CD8 effector
GACCTGGGTGTAAGTA-1,GARQ,D5,1,40,39,35,0.050569177,gdT cells
GACCTGGGTTGAACTC-1,GARQ,D5,1,40,39,26,0.22992003,Memory B
GACGCGTAGTTGAGTA-1,GARQ,D5,1,40,39,35,0.06575233,gdT cells
GACGCGTGTCAACATC-1,GARQ,D5,1,40,39,24,0.16047454,Memory B
GACGCGTTCAGATAAG-1,GARQ,D5,1,40,39,29,0.060657382,CD8 effector
GACGCGTTCGCAAGCC-1,GARQ,D5,1,40,39,4,0.0435431,CD56dim CD16bright NK
GACGGCTCACGCGAAA-1,GARQ,D5,1,40,39,24,0.12775242,Naive B
GACGGCTCATCCCACT-1,GARQ,D5,1,40,39,4,0.08192372,CD56dim CD16bright NK
GACGGCTTCATGCAAC-1,GARQ,D5,1,40,39,34,0.0415653,CD4 naive II
GACGTGCAGGAGTTGC-1,GARQ,D5,1,40,39,5,0.31974292,MAIT-NKT cells
GACGTGCGTGGAAAGA-1,GARQ,D5,1,40,39,13,0.0116961,CD4 naive I
GACGTGCTCAGCTCTC-1,GARQ,D5,1,40,39,38,0.08317089,CD56bright CD16dim NK
GACGTGCTCCAGTATG-1,GARQ,D5,1,40,39,16,0.17285931,Classical monocytes
GACGTGCTCCGCGTTT-1,GARQ,D5,1,40,39,35,0.046458483,gdT cells
GACGTTAAGTTCGCAT-1,GARQ,D5,1,40,39,4,0.10890746,CD56dim CD16bright NK
GACTAACAGCGCTCCA-1,GARQ,D5,1,40,39,17,0.03494203,CD4 memory
GACTAACAGCTAGTTC-1,GARQ,D5,1,40,39,4,0.027576685,CD56dim CD16bright NK
GACTAACTCTGACCTC-1,GARQ,D5,1,40,39,0,0.037520528,CD8 memory
GACTACAAGCTCTCGG-1,GARQ,D5,1,40,39,7,0.2031362,CD56dim CD16bright NK
GACTACACAAGCGCTC-1,GARQ,D5,1,40,39,5,0.13170981,MAIT-NKT cells
GACTACAGTAAGCACG-1,GARQ,D5,1,40,39,5,0.057412863,CD4 memory
GACTACAGTACCTACA-1,GARQ,D5,1,40,39,16,0.18879437,Classical monocytes
GACTACAGTCTCTTAT-1,GARQ,D5,1,40,39,24,0.20838392,T-NK-B cell doublets
GACTACATCAACGCTA-1,GARQ,D5,1,40,39,37,0.08827782,gdT cells
GACTGCGCAATCTGCA-1,GARQ,D5,1,40,39,7,0.013625383,CD56dim CD16bright NK
GACTGCGGTCTAACGT-1,GARQ,D5,1,40,39,4,0.03187442,CD56dim CD16bright NK
GACTGCGTCATCGGAT-1,GARQ,D5,1,40,39,34,0.041030526,CD4 naive I
GACTGCGTCGTTACGA-1,GARQ,D5,1,40,39,34,0.02130127,CD8 naive
GAGCAGAGTTTGTTGG-1,GARQ,D5,1,40,39,16,0.08139813,Neutrophils
GAGCAGATCCAAAGTC-1,GARQ,D5,1,40,39,34,0.073508024,CD4 naive I
GAGGTGAAGATGGCGT-1,GARQ,D5,1,40,39,0,0.0001449585,MAIT-NKT cells
GAGGTGAAGCCCAACC-1,GARQ,D5,1,40,39,7,0.05816996,CD56dim CD16bright NK
GAGGTGAAGGTGGGTT-1,GARQ,D5,1,40,39,10,0.0027776957,CD8 effector
GAGGTGACAATGAATG-1,GARQ,D5,1,40,39,38,0.0002770424,CD56dim CD16bright NK
GAGGTGACACCGGAAA-1,GARQ,D5,1,40,39,0,0.02528572,CD8 memory
GAGGTGACAGCCAGAA-1,GARQ,D5,1,40,39,24,0.020954013,Naive B
GAGGTGACATGTCGAT-1,GARQ,D5,1,40,39,7,0.063426495,CD56dim CD16bright NK
GAGGTGAGTCCTCCAT-1,GARQ,D5,1,40,39,32,0.016396523,CD4 naive II
GAGGTGATCTATCGCC-1,GARQ,D5,1,40,39,5,0.0045958757,CD8 memory
GAGTCCGCAAGCCGCT-1,GARQ,D5,1,40,39,34,0.010474443,CD4 naive I
GAGTCCGTCACTCTTA-1,GARQ,D5,1,40,39,4,0.14507484,CD56dim CD16bright NK
GAGTCCGTCCGTAGTA-1,GARQ,D5,1,40,39,34,0.0055724382,CD4 naive I
GAGTCCGTCGTCACGG-1,GARQ,D5,1,40,39,24,0.5244032,Naive B
GATCAGTAGGACCACA-1,GARQ,D5,1,40,39,4,0.054665923,CD56bright CD16dim NK
GATCAGTGTAAGTGTA-1,GARQ,D5,1,40,39,28,0.02068746,CD8 memory
GATCGATCACAAGACG-1,GARQ,D5,1,40,39,7,0.04598224,CD56dim CD16bright NK
GATCGATGTACCGTAT-1,GARQ,D5,1,40,39,4,0.027408838,CD56dim CD16bright NK
GATCGCGAGTCAAGGC-1,GARQ,D5,1,40,39,4,0.023198247,gdT cells
GATCGCGGTTCTGGTA-1,GARQ,D5,1,40,39,38,0.0074180365,CD56dim CD16bright NK
GATCGCGTCTGCTGTC-1,GARQ,D5,1,40,39,13,0.0371722,CD4 memory
GATCGTAAGGCAGTCA-1,GARQ,D5,1,40,39,6,0.019321203,CD4 naive I
GATCGTAAGGCTATCT-1,GARQ,D5,1,40,39,13,0.0004401207,CD4 memory
GATCGTACAGATCGGA-1,GARQ,D5,1,40,39,16,0.15208662,Classical monocytes
GATCTAGAGCAGATCG-1,GARQ,D5,1,40,39,34,0.07458997,CD4 memory
GATCTAGGTGGTTTCA-1,GARQ,D5,1,40,39,5,0.099175096,MAIT-NKT cells
GATCTAGGTGTTGGGA-1,GARQ,D5,1,40,39,16,0.12485671,Classical monocytes
GATCTAGTCGGATGGA-1,GARQ,D5,1,40,39,34,0.027700067,CD4 naive II
GATCTAGTCTGCGGCA-1,GARQ,D5,1,40,39,24,0.09715867,Memory B
GATGAAAAGCGATAGC-1,GARQ,D5,1,40,39,5,0.12673068,gdT cells
GATGAAAAGTCCTCCT-1,GARQ,D5,1,40,39,24,0.31072116,Naive B
GATGAAAGTAGGGACT-1,GARQ,D5,1,40,39,17,0.05992675,CD4 memory
GATGAAAGTCCAAGTT-1,GARQ,D5,1,40,39,16,0.45947504,Classical monocytes
GATGAAAGTTAAAGAC-1,GARQ,D5,1,40,39,13,0.0029091835,CD4 memory
GATGAGGAGATGTCGG-1,GARQ,D5,1,40,39,0,0.018710852,CD8 memory
GATGAGGCAACACCTA-1,GARQ,D5,1,40,39,16,0.09026897,Neutrophils
GATGAGGCACGTCAGC-1,GARQ,D5,1,40,39,16,0.12215376,Platelet-bound monocytes
GATGAGGGTCGCATAT-1,GARQ,D5,1,40,39,4,0.028017044,CD56dim CD16bright NK
GATGAGGGTGATGTCT-1,GARQ,D5,1,40,39,16,0.19654131,Classical monocytes
GATGAGGGTTCCCGAG-1,GARQ,D5,1,40,39,7,0.08761001,CD56dim CD16bright NK
GATGAGGTCCGAATGT-1,GARQ,D5,1,40,39,16,0.16136181,Classical monocytes
GATGCTAAGTTTAGGA-1,GARQ,D5,1,40,39,34,0.0059347153,CD8 naive
GATGCTACATCCCATC-1,GARQ,D5,1,40,39,26,0.07786083,Classical monocytes
GATTCAGAGGAGTTGC-1,GARQ,D5,1,40,39,34,0.10615206,CD4 naive II
GATTCAGAGGTGACCA-1,GARQ,D5,1,40,39,1,0.08059013,CD56dim CD16bright NK
GATTCAGCATTTCACT-1,GARQ,D5,1,40,39,5,0.13453627,MAIT-NKT cells
GATTCAGGTACAGACG-1,GARQ,D5,1,40,39,4,0.087648034,CD56bright CD16dim NK
GATTCAGGTCCGAAGA-1,GARQ,D5,1,40,39,16,0.11355543,Platelet-bound monocytes
GCAAACTAGCTATGCT-1,GARQ,D5,1,40,39,5,0.13438034,MAIT-NKT cells
GCAAACTAGGTAGCTG-1,GARQ,D5,1,40,39,2,0.03608048,CD56dim CD16bright NK
GCAAACTCAATCAGAA-1,GARQ,D5,1,40,39,32,0.066812515,CD4 memory
GCAAACTCAGAGCCAA-1,GARQ,D5,1,40,39,16,0.35161614,conventional DC
GCAAACTTCAAAGTAG-1,GARQ,D5,1,40,39,34,0.012393355,CD4 naive II
GCAAACTTCAAGCCTA-1,GARQ,D5,1,40,39,29,0.018261552,NK-T doublets
GCAATCAGTAGGGTAC-1,GARQ,D5,1,40,39,16,0.18117273,Classical monocytes
GCAATCAGTGAGTATA-1,GARQ,D5,1,40,39,32,0.004930496,CD4 memory
GCAATCATCTCGGACG-1,GARQ,D5,1,40,39,4,0.07622886,CD56dim CD16bright NK
GCACATAAGTATCGAA-1,GARQ,D5,1,40,39,18,0.02444899,CD8 effector
GCACATACAATCCAAC-1,GARQ,D5,1,40,39,16,0.080263376,NK-monocyte doublets
GCACATATCCAGATCA-1,GARQ,D5,1,40,39,17,0.005866766,CD4 memory
GCACTCTAGAATGTTG-1,GARQ,D5,1,40,39,35,0.06704223,CD8 effector
GCACTCTAGGCTCTTA-1,GARQ,D5,1,40,39,34,0.031109452,CD8 naive
GCACTCTCAATTGCTG-1,GARQ,D5,1,40,39,35,0.067780375,CD56dim CD16bright NK
GCACTCTCACATGTGT-1,GARQ,D5,1,40,39,24,0.07171488,Naive B
GCACTCTCATAGACTC-1,GARQ,D5,1,40,39,7,0.040272832,MAIT-NKT cells
GCACTCTTCGGTTCGG-1,GARQ,D5,1,40,39,16,0.14045131,Classical monocytes
GCAGCCAAGACACTAA-1,GARQ,D5,1,40,39,34,0.03981805,T-NK-B cell doublets
GCAGCCAGTCGAGTTT-1,GARQ,D5,1,40,39,38,0.0051397085,CD56dim CD16bright NK
GCAGCCAGTTGTACAC-1,GARQ,D5,1,40,39,16,0.09092355,Classical monocytes
GCAGCCATCCCTCAGT-1,GARQ,D5,1,40,39,16,0.16876435,Platelet-bound monocytes
GCAGTTACAGGACGTA-1,GARQ,D5,1,40,39,29,0.032128215,CD8 effector
GCAGTTACATCTGGTA-1,GARQ,D5,1,40,39,26,0.19998252,Memory B
GCAGTTACATTGGGCC-1,GARQ,D5,1,40,39,0,0.04504323,CD8 memory
GCAGTTAGTCATATGC-1,GARQ,D5,1,40,39,7,0.09701753,CD56dim CD16bright NK
GCAGTTATCATTGCGA-1,GARQ,D5,1,40,39,4,0.08838439,CD56dim CD16bright NK
GCAGTTATCCGCATAA-1,GARQ,D5,1,40,39,24,0.09372294,Naive B
GCAGTTATCGCAGGCT-1,GARQ,D5,1,40,39,34,0.055720806,CD4 naive I
GCATACATCGTCCAGG-1,GARQ,D5,1,40,39,16,0.38747048,Classical monocytes
GCATGATCACATCCAA-1,GARQ,D5,1,40,39,16,0.1835171,Neutrophils
GCATGATCAGGCGATA-1,GARQ,D5,1,40,39,38,0.011294842,CD56dim CD16bright NK
GCATGATGTAAACCTC-1,GARQ,D5,1,40,39,16,0.21191263,Platelet-bound monocytes
GCATGATGTATAATGG-1,GARQ,D5,1,40,39,24,0.20084083,Naive B
GCATGATGTGATAAAC-1,GARQ,D5,1,40,39,34,0.028099418,CD8 naive
GCATGATGTTACTGAC-1,GARQ,D5,1,40,39,24,0.31272376,Naive B
GCATGCGAGACAGAGA-1,GARQ,D5,1,40,39,5,0.043712616,CD8 effector
GCATGCGAGAGTGAGA-1,GARQ,D5,1,40,39,7,0.16531444,CD56dim CD16bright NK
GCATGCGCACCGCTAG-1,GARQ,D5,1,40,39,16,0.113024235,Non classical monocytes
GCATGCGCACGAGAGT-1,GARQ,D5,1,40,39,16,0.20331621,Classical monocytes
GCATGCGCAGTTTACG-1,GARQ,D5,1,40,39,4,0.042055845,CD56dim CD16bright NK
GCATGTACAAGCGTAG-1,GARQ,D5,1,40,39,16,0.15483224,Neutrophils
GCCAAATAGATCCTGT-1,GARQ,D5,1,40,39,34,0.035313606,CD4 naive I
GCCAAATCACCTCGTT-1,GARQ,D5,1,40,39,34,0.003895998,CD4 memory
GCCAAATCATCTACGA-1,GARQ,D5,1,40,39,34,0.01743126,CD4 naive I
GCCTCTAAGAGTCGGT-1,GARQ,D5,1,40,39,35,0.0004172325,CD8 effector
GCCTCTAAGCCCAATT-1,GARQ,D5,1,40,39,16,0.32710266,Classical monocytes
GCCTCTAAGTCCGGTC-1,GARQ,D5,1,40,39,24,0.21726274,Naive B
GCCTCTAAGTTTCCTT-1,GARQ,D5,1,40,39,1,0.002524972,CD56dim CD16bright NK
GCCTCTACACACTGCG-1,GARQ,D5,1,40,39,24,0.15342212,Naive B
GCCTCTAGTCATCCCT-1,GARQ,D5,1,40,39,16,0.15517437,Classical monocytes
GCCTCTAGTCTTCTCG-1,GARQ,D5,1,40,39,7,0.015363812,CD56dim CD16bright NK
GCCTCTATCTCAAACG-1,GARQ,D5,1,40,39,34,0.029102445,CD4 naive II
GCGACCAAGCCTATGT-1,GARQ,D5,1,40,39,4,0.105545044,CD56dim CD16bright NK
GCGACCAGTATAGTAG-1,GARQ,D5,1,40,39,16,0.09876001,T-NK-B cell doublets
GCGACCATCTGCAGTA-1,GARQ,D5,1,40,39,18,0.010950208,NK-T doublets
GCGAGAAAGCTAGTGG-1,GARQ,D5,1,40,39,24,0.27763915,Memory B
GCGAGAACAGCGTAAG-1,GARQ,D5,1,40,39,16,0.11378515,NK-monocyte doublets
GCGAGAACATCTCGCT-1,GARQ,D5,1,40,39,5,0.017486453,gdT cells
GCGCAACCAGCCTTGG-1,GARQ,D5,1,40,39,16,0.18477297,Classical monocytes
GCGCAACTCAGGTAAA-1,GARQ,D5,1,40,39,5,0.093960166,MAIT-NKT cells
GCGCAACTCAGTTGAC-1,GARQ,D5,1,40,39,34,0.04495573,CD4 naive I
GCGCAACTCTCCCTGA-1,GARQ,D5,1,40,39,16,0.12267828,Classical monocytes
GCGCAGTAGAGTGACC-1,GARQ,D5,1,40,39,5,0.008523226,CD4 memory
GCGCAGTAGATGTTAG-1,GARQ,D5,1,40,39,24,0.1585452,Naive B
GCGCAGTAGTTCCACA-1,GARQ,D5,1,40,39,16,0.18056881,Classical monocytes
GCGCAGTGTAGCGTCC-1,GARQ,D5,1,40,39,34,0.046809554,CD4 memory
GCGCAGTTCTGCGTAA-1,GARQ,D5,1,40,39,13,0.018371582,Erythroid 
GCGCCAAAGCGATATA-1,GARQ,D5,1,40,39,34,0.0664649,T-NK-B cell doublets
GCGCCAACAGGAACGT-1,GARQ,D5,1,40,39,24,0.047305703,Naive B
GCGCCAAGTCTACCTC-1,GARQ,D5,1,40,39,5,0.11000192,MAIT-NKT cells
GCGCCAAGTCTTCTCG-1,GARQ,D5,1,40,39,15,0.025870085,gdT cells
GCGCCAAGTGGCTCCA-1,GARQ,D5,1,40,39,4,0.06006527,CD56dim CD16bright NK
GCGCCAATCTGGTTCC-1,GARQ,D5,1,40,39,9,0.044657946,CD8 memory
GCGCGATAGGAGTTGC-1,GARQ,D5,1,40,39,17,0.0008920431,CD4 memory
GCGCGATCACAGAGGT-1,GARQ,D5,1,40,39,26,0.25014085,T-NK-B cell doublets
GCGCGATTCAGAGCTT-1,GARQ,D5,1,40,39,24,0.026990652,Memory B
GCGGGTTAGAATCTCC-1,GARQ,D5,1,40,39,16,0.19200945,Neutrophils
GCGGGTTCATGGGACA-1,GARQ,D5,1,40,39,16,0.12671793,Platelet-bound monocytes
GCGGGTTGTCGAATCT-1,GARQ,D5,1,40,39,5,0.07809067,MAIT-NKT cells
GCGGGTTGTGCCTGTG-1,GARQ,D5,1,40,39,17,0.052668095,CD4 memory
GCGGGTTGTTACAGAA-1,GARQ,D5,1,40,39,16,0.2017641,Classical monocytes
GCGGGTTTCCAAATGC-1,GARQ,D5,1,40,39,7,0.2857709,CD56dim CD16bright NK
GCGGGTTTCTGATACG-1,GARQ,D5,1,40,39,5,0.09130752,MAIT-NKT cells
GCTCCTAAGGATGGAA-1,GARQ,D5,1,40,39,34,0.15278232,T-NK-B cell doublets
GCTCCTACACGCATCG-1,GARQ,D5,1,40,39,32,0.009073138,CD8 naive
GCTCCTAGTCTGCAAT-1,GARQ,D5,1,40,39,13,0.036510944,CD4 memory
GCTCCTATCGGAAATA-1,GARQ,D5,1,40,39,24,0.10097575,Naive B
GCTCTGTAGGTCATCT-1,GARQ,D5,1,40,39,29,0.01467371,NK-T doublets
GCTCTGTCATGTAGTC-1,GARQ,D5,1,40,39,8,0.005030632,CD4 naive II
GCTCTGTGTACTCGCG-1,GARQ,D5,1,40,39,23,0.04614067,CD8 effector
GCTCTGTGTCACAAGG-1,GARQ,D5,1,40,39,5,0.02020979,MAIT-NKT cells
GCTCTGTTCTTTAGGG-1,GARQ,D5,1,40,39,16,0.20705724,Classical monocytes
GCTGCAGAGGCATTGG-1,GARQ,D5,1,40,39,24,0.19158292,Naive B
GCTGCAGCAAGAGTCG-1,GARQ,D5,1,40,39,34,0.08963132,CD4 naive I
GCTGCAGCATACTACG-1,GARQ,D5,1,40,39,32,0.007867813,CD4 memory
GCTGCAGGTGGGTATG-1,GARQ,D5,1,40,39,4,0.06861019,CD56dim CD16bright NK
GCTGCAGGTTATCGGT-1,GARQ,D5,1,40,39,25,0.0021030903,CD56dim CD16bright NK
GCTGCAGGTTCTCATT-1,GARQ,D5,1,40,39,17,0.06066239,MAIT-NKT cells
GCTGCAGTCAGCTCGG-1,GARQ,D5,1,40,39,34,0.013004303,CD4 memory
GCTGCAGTCCCAAGTA-1,GARQ,D5,1,40,39,4,0.038894534,CD56dim CD16bright NK
GCTGCGAAGCGATCCC-1,GARQ,D5,1,40,39,6,0.007559538,CD4 naive I
GCTGCGAAGGCTCTTA-1,GARQ,D5,1,40,39,16,0.12628865,Neutrophils
GCTGCGACAAGGTTCT-1,GARQ,D5,1,40,39,16,0.15429628,Neutrophils
GCTGCGATCATACGGT-1,GARQ,D5,1,40,39,17,0.0073479414,Regulatory T cells
GCTGCGATCTTTAGTC-1,GARQ,D5,1,40,39,34,0.038004637,CD4 naive I
GCTGCTTAGGATCGCA-1,GARQ,D5,1,40,39,26,0.08456457,Memory B
GCTGCTTCAAGTTGTC-1,GARQ,D5,1,40,39,2,0.045059323,CD56dim CD16bright NK
GCTGCTTCACATTAGC-1,GARQ,D5,1,40,39,34,0.012703538,CD4 naive I
GCTGCTTCAGCGAACA-1,GARQ,D5,1,40,39,13,0.043938637,CD4 memory
GCTGCTTGTACCGCTG-1,GARQ,D5,1,40,39,5,0.021996737,CD8 memory
GCTGCTTGTAGCGCAA-1,GARQ,D5,1,40,39,6,0.019129515,CD8 naive
GCTGCTTTCTTCGGTC-1,GARQ,D5,1,40,39,17,0.008618593,CD4 memory
GCTGCTTTCTTGTCAT-1,GARQ,D5,1,40,39,24,0.05755186,Memory B
GCTGGGTAGGATGGTC-1,GARQ,D5,1,40,39,0,0.030613303,CD8 memory
GCTGGGTAGGTGTTAA-1,GARQ,D5,1,40,39,16,0.28013206,conventional DC
GCTGGGTAGTGTACCT-1,GARQ,D5,1,40,39,34,0.027312398,CD4 naive II
GCTGGGTCAAGCCTAT-1,GARQ,D5,1,40,39,5,0.039396644,MAIT-NKT cells
GCTGGGTGTTTCCACC-1,GARQ,D5,1,40,39,17,0.03931558,CD4 memory
GCTGGGTTCTGCTTGC-1,GARQ,D5,1,40,39,0,0.0022556782,MAIT-NKT cells
GCTTCCACAAAGTGCG-1,GARQ,D5,1,40,39,17,0.07952583,CD4 memory
GCTTCCACACGGCCAT-1,GARQ,D5,1,40,39,1,0.005272627,CD56dim CD16bright NK
GCTTCCAGTCAGAATA-1,GARQ,D5,1,40,39,26,0.067430615,Memory B
GCTTGAACAGTTTACG-1,GARQ,D5,1,40,39,34,0.026099682,CD8 naive
GCTTGAAGTTTGTTTC-1,GARQ,D5,1,40,39,33,0.046490252,CD8 memory
GCTTGAATCATGCAAC-1,GARQ,D5,1,40,39,4,0.11011863,CD56dim CD16bright NK
GGAAAGCAGCGCTCCA-1,GARQ,D5,1,40,39,21,0.047005653,CD8 effector
GGAAAGCTCGAATGCT-1,GARQ,D5,1,40,39,7,0.21885765,CD56dim CD16bright NK
GGAACTTAGCCACCTG-1,GARQ,D5,1,40,39,35,0.018654585,CD56dim CD16bright NK
GGAACTTCACAGTCGC-1,GARQ,D5,1,40,39,7,0.15222168,CD56dim CD16bright NK
GGAACTTGTAGGAGTC-1,GARQ,D5,1,40,39,0,0.009009361,CD8 memory
GGAACTTGTGGAAAGA-1,GARQ,D5,1,40,39,13,0.0050623417,CD4 naive I
GGAACTTTCGCTGATA-1,GARQ,D5,1,40,39,4,0.009919286,CD56dim CD16bright NK
GGAACTTTCTGTACGA-1,GARQ,D5,1,40,39,34,0.015337944,CD8 naive
GGAATAACATGGGAAC-1,GARQ,D5,1,40,39,23,0.009318113,MAIT-NKT cells
GGAATAAGTCTGCGGT-1,GARQ,D5,1,40,39,24,0.3583914,Naive B
GGAATAATCTGTTGAG-1,GARQ,D5,1,40,39,35,0.027857661,gdT cells
GGACAAGCACGGCGTT-1,GARQ,D5,1,40,39,7,0.10171032,CD56dim CD16bright NK
GGACAAGGTACCGTTA-1,GARQ,D5,1,40,39,10,0.01954627,gdT cells
GGACAAGTCAACCAAC-1,GARQ,D5,1,40,39,5,0.070766926,MAIT-NKT cells
GGACAAGTCCAAACAC-1,GARQ,D5,1,40,39,16,0.13875079,Classical monocytes
GGACAGAAGCCCTAAT-1,GARQ,D5,1,40,39,6,0.03222525,Platelet-T cell doublets
GGACAGACAATAAGCA-1,GARQ,D5,1,40,39,4,0.08946562,CD56dim CD16bright NK
GGACAGATCCAGTAGT-1,GARQ,D5,1,40,39,32,0.016572714,MAIT-NKT cells
GGACATTAGGACTGGT-1,GARQ,D5,1,40,39,4,0.061721206,CD8 effector
GGACATTAGTACGATA-1,GARQ,D5,1,40,39,26,0.19383824,Memory B
GGACATTCAGCTTAAC-1,GARQ,D5,1,40,39,5,0.01931715,CD4 memory
GGACATTCATCGTCGG-1,GARQ,D5,1,40,39,16,0.18497646,Classical monocytes
GGACATTCATGTAGTC-1,GARQ,D5,1,40,39,4,0.023200154,CD56dim CD16bright NK
GGACATTGTTACAGAA-1,GARQ,D5,1,40,39,7,0.11664164,CD56dim CD16bright NK
GGACGTCCACGAAACG-1,GARQ,D5,1,40,39,0,0.04687667,gdT cells
GGACGTCGTACTCAAC-1,GARQ,D5,1,40,39,15,0.011511445,NK-T doublets
GGACGTCGTAGGCTGA-1,GARQ,D5,1,40,39,32,0.010245919,CD4 and CD8 activated memory
GGACGTCTCAGAAATG-1,GARQ,D5,1,40,39,5,0.011481404,CD8 memory
GGAGCAAAGATCTGCT-1,GARQ,D5,1,40,39,5,0.02577269,MAIT-NKT cells
GGAGCAACACGAAACG-1,GARQ,D5,1,40,39,26,0.22905433,Naive B
GGAGCAACAGACGCTC-1,GARQ,D5,1,40,39,10,0.012209892,CD8 effector
GGAGCAATCCCATTTA-1,GARQ,D5,1,40,39,7,0.23862374,CD56dim CD16bright NK
GGAGCAATCCCTCAGT-1,GARQ,D5,1,40,39,34,0.043948293,CD4 naive I
GGATGTTAGCCATCGC-1,GARQ,D5,1,40,39,16,0.25489497,Classical monocytes
GGATGTTAGCGATAGC-1,GARQ,D5,1,40,39,5,0.15262103,MAIT-NKT cells
GGATGTTCACATGACT-1,GARQ,D5,1,40,39,2,0.042904437,CD8 effector
GGATGTTTCGAATGGG-1,GARQ,D5,1,40,39,4,0.09263718,CD56dim CD16bright NK
GGATTACAGATGCGAC-1,GARQ,D5,1,40,39,4,0.03553605,CD56bright CD16dim NK
GGATTACGTAGAAAGG-1,GARQ,D5,1,40,39,1,0.005578637,CD56dim CD16bright NK
GGATTACGTCCAGTTA-1,GARQ,D5,1,40,39,16,0.2623657,plasmacytoid DC
GGATTACTCAGCTCGG-1,GARQ,D5,1,40,39,26,0.079371214,Naive B
GGATTACTCTACGAGT-1,GARQ,D5,1,40,39,7,0.028237939,CD56dim CD16bright NK
GGCAATTAGTTCGCAT-1,GARQ,D5,1,40,39,34,0.14159572,CD4 naive I
GGCAATTGTTACCGAT-1,GARQ,D5,1,40,39,16,0.115009785,Classical monocytes
GGCCGATAGCTAGGCA-1,GARQ,D5,1,40,39,24,0.37364984,Naive B
GGCCGATCAAGGCTCC-1,GARQ,D5,1,40,39,7,0.07805288,CD56dim CD16bright NK
GGCCGATCAATGACCT-1,GARQ,D5,1,40,39,34,0.057556152,CD4 naive I
GGCCGATTCGCCATAA-1,GARQ,D5,1,40,39,4,0.015238762,gdT cells
GGCGACTAGACCTTTG-1,GARQ,D5,1,40,39,32,0.06071496,CD8 memory
GGCGACTAGCACAGGT-1,GARQ,D5,1,40,39,35,0.091073036,CD8 effector
GGCGACTAGGCATGTG-1,GARQ,D5,1,40,39,0,0.0333879,NK-T doublets
GGCGACTCAATTCCTT-1,GARQ,D5,1,40,39,16,0.14276648,NK-monocyte doublets
GGCGACTCAGTAGAGC-1,GARQ,D5,1,40,39,16,0.13867247,Classical monocytes
GGCGACTGTAGCTTGT-1,GARQ,D5,1,40,39,2,0.07257235,CD56dim CD16bright NK
GGCGACTTCTACTTAC-1,GARQ,D5,1,40,39,5,0.0049461126,CD4 memory
GGCGTGTAGGCGACAT-1,GARQ,D5,1,40,39,4,0.020341873,Proliferating T and NK cell
GGCGTGTCAAACCTAC-1,GARQ,D5,1,40,39,7,0.08027482,CD56bright CD16dim NK
GGCGTGTTCAGATAAG-1,GARQ,D5,1,40,39,4,0.017359257,CD56dim CD16bright NK
GGCGTGTTCCTTGGTC-1,GARQ,D5,1,40,39,34,0.05598402,CD4 memory
GGCGTGTTCTATCCCG-1,GARQ,D5,1,40,39,16,0.1866107,Classical monocytes
GGCTCGAAGCGTCAAG-1,GARQ,D5,1,40,39,4,0.06435251,CD56dim CD16bright NK
GGCTCGACAAGTTAAG-1,GARQ,D5,1,40,39,34,0.060617447,CD4 naive I
GGCTCGACATGCTGGC-1,GARQ,D5,1,40,39,32,0.008326411,CD8 naive
GGCTGGTAGCCGTCGT-1,GARQ,D5,1,40,39,10,0.047792375,CD8 effector
GGCTGGTCAATCTACG-1,GARQ,D5,1,40,39,17,0.042961955,CD4 memory
GGCTGGTCACGCGAAA-1,GARQ,D5,1,40,39,5,0.055543542,MAIT-NKT cells
GGCTGGTGTATAAACG-1,GARQ,D5,1,40,39,4,0.06168735,CD56dim CD16bright NK
GGCTGGTGTCAGAAGC-1,GARQ,D5,1,40,39,6,0.0650332,CD4 naive I
GGCTGGTGTGTTCGAT-1,GARQ,D5,1,40,39,17,0.10915017,CD4 memory
GGGAATGAGTTGTCGT-1,GARQ,D5,1,40,39,32,0.027285576,CD4 memory
GGGAATGCAATGAAAC-1,GARQ,D5,1,40,39,4,0.028661013,CD56dim CD16bright NK
GGGAATGGTAGCGTAG-1,GARQ,D5,1,40,39,5,0.08329868,CD8 memory
GGGAATGGTGCTAGCC-1,GARQ,D5,1,40,39,4,0.048059225,CD56dim CD16bright NK
GGGAATGGTTGCGTTA-1,GARQ,D5,1,40,39,24,0.083198786,Naive B
GGGACCTAGATCGATA-1,GARQ,D5,1,40,39,5,0.107369184,MAIT-NKT cells
GGGACCTAGCTAACAA-1,GARQ,D5,1,40,39,35,0.01090014,CD8 effector
GGGACCTAGCTAAGAT-1,GARQ,D5,1,40,39,24,0.0043268204,Naive B
GGGACCTAGCTAGTTC-1,GARQ,D5,1,40,39,4,0.05532658,CD56dim CD16bright NK
GGGACCTGTAATAGCA-1,GARQ,D5,1,40,39,24,0.4788425,Naive B
GGGACCTGTCATCGGC-1,GARQ,D5,1,40,39,16,0.01728031,Platelets
GGGACCTTCAAGAAGT-1,GARQ,D5,1,40,39,17,0.032170534,CD4 memory
GGGAGATAGACTGTAA-1,GARQ,D5,1,40,39,4,0.040178895,CD56dim CD16bright NK
GGGAGATAGTAGCGGT-1,GARQ,D5,1,40,39,28,0.04255879,CD8 effector
GGGAGATAGTTACGGG-1,GARQ,D5,1,40,39,16,0.11280465,Classical monocytes
GGGAGATCAATAAGCA-1,GARQ,D5,1,40,39,15,0.053126097,CD8 effector
GGGAGATCACCGATAT-1,GARQ,D5,1,40,39,4,0.0026961565,CD56bright CD16dim NK
GGGAGATCAGCTATTG-1,GARQ,D5,1,40,39,4,0.007826924,CD56dim CD16bright NK
GGGATGAAGTGATCGG-1,GARQ,D5,1,40,39,7,0.038339138,CD56dim CD16bright NK
GGGATGACACGACTCG-1,GARQ,D5,1,40,39,24,0.31634784,Naive B
GGGATGAGTAAAGTCA-1,GARQ,D5,1,40,39,4,0.073170185,CD56dim CD16bright NK
GGGATGAGTCTTGTCC-1,GARQ,D5,1,40,39,17,0.056635857,CD4 memory
GGGATGATCCGCATAA-1,GARQ,D5,1,40,39,1,0.011986971,CD8 effector
GGGCACTAGACTAAGT-1,GARQ,D5,1,40,39,6,0.02128315,CD4 naive I
GGGCACTAGTATCTCG-1,GARQ,D5,1,40,39,7,0.055343032,CD56dim CD16bright NK
GGGCACTTCCTTCAAT-1,GARQ,D5,1,40,39,24,0.12257326,Memory B
GGGCACTTCGATAGAA-1,GARQ,D5,1,40,39,34,0.01481092,CD8 naive
GGGCATCAGCGTCTAT-1,GARQ,D5,1,40,39,24,0.20322919,Naive B
GGGCATCAGGACGAAA-1,GARQ,D5,1,40,39,16,0.16371346,Classical monocytes
GGGCATCAGTATTGGA-1,GARQ,D5,1,40,39,4,0.0010582209,CD56dim CD16bright NK
GGGCATCCAAGAGGCT-1,GARQ,D5,1,40,39,1,0.06496906,CD56dim CD16bright NK
GGGCATCCACTCGACG-1,GARQ,D5,1,40,39,16,0.28600907,Classical monocytes
GGGCATCGTGTGGTTT-1,GARQ,D5,1,40,39,16,0.26356804,Classical monocytes
GGGCATCTCGCAGGCT-1,GARQ,D5,1,40,39,5,0.05297947,MAIT-NKT cells
GGGCATCTCTGAGTGT-1,GARQ,D5,1,40,39,29,0.022640944,CD8 effector
GGGTCTGAGATATACG-1,GARQ,D5,1,40,39,24,0.29245007,Naive B
GGGTCTGAGGCATGTG-1,GARQ,D5,1,40,39,21,0.07382333,NK-T doublets
GGGTCTGAGGCTCATT-1,GARQ,D5,1,40,39,4,0.03357148,CD56dim CD16bright NK
GGGTCTGCAGCCTGTG-1,GARQ,D5,1,40,39,8,0.07874727,CD4 naive II
GGGTCTGCATAGTAAG-1,GARQ,D5,1,40,39,34,0.09580207,CD4 naive I
GGGTTGCAGACTCGGA-1,GARQ,D5,1,40,39,24,0.293689,Naive B
GGGTTGCCACAGACTT-1,GARQ,D5,1,40,39,21,0.00031888485,gdT cells
GGGTTGCCACATTCGA-1,GARQ,D5,1,40,39,31,0.03589046,Erythroid 
GGGTTGCCAGTTAACC-1,GARQ,D5,1,40,39,24,0.12196541,Naive B
GGGTTGCGTAGCACGA-1,GARQ,D5,1,40,39,17,0.024752736,CD4 memory
GGGTTGCTCAAACCAC-1,GARQ,D5,1,40,39,5,0.016290188,CD8 memory
GGGTTGCTCCAAAGTC-1,GARQ,D5,1,40,39,34,0.0043604374,CD8 naive
GGTATTGAGGAGCGTT-1,GARQ,D5,1,40,39,4,0.06080675,CD56dim CD16bright NK
GGTATTGAGGCATGTG-1,GARQ,D5,1,40,39,24,0.39599752,Memory B
GGTATTGCAGAGTGTG-1,GARQ,D5,1,40,39,16,0.17743504,Classical monocytes
GGTATTGCATCGATGT-1,GARQ,D5,1,40,39,16,0.22657847,Classical monocytes
GGTATTGCATCGTCGG-1,GARQ,D5,1,40,39,39,0.08034766,Platelet-bound monocytes
GGTATTGTCGTACGGC-1,GARQ,D5,1,40,39,16,0.18465126,Neutrophils
GGTATTGTCGTCTGCT-1,GARQ,D5,1,40,39,34,0.021914244,CD4 memory
GGTGAAGCACGAGAGT-1,GARQ,D5,1,40,39,5,0.046467304,MAIT-NKT cells
GGTGAAGCATGCAATC-1,GARQ,D5,1,40,39,39,0.04531187,Platelets
GGTGAAGGTGTTCTTT-1,GARQ,D5,1,40,39,7,0.08255184,CD8 effector
GGTGCGTCAAGTCTGT-1,GARQ,D5,1,40,39,13,0.023480177,CD4 memory
GGTGCGTCATCCTAGA-1,GARQ,D5,1,40,39,4,0.06686497,CD56dim CD16bright NK
GGTGCGTGTGCGATAG-1,GARQ,D5,1,40,39,6,0.023920298,CD4 naive I
GGTGCGTTCGCCGTGA-1,GARQ,D5,1,40,39,17,0.06135738,CD4 memory
GGTGTTAAGTCATCCA-1,GARQ,D5,1,40,39,21,0.042514086,CD56dim CD16bright NK
GGTGTTACAGACGCTC-1,GARQ,D5,1,40,39,24,0.13010764,Naive B
GGTGTTACAGTGGGAT-1,GARQ,D5,1,40,39,24,0.15654874,T-NK-B cell doublets
GGTGTTAGTCGAGATG-1,GARQ,D5,1,40,39,16,0.23604435,Neutrophils
GGTGTTATCTCCAACC-1,GARQ,D5,1,40,39,10,0.04711628,NK-T doublets
GTAACGTAGCGTAATA-1,GARQ,D5,1,40,39,4,0.072514534,CD56dim CD16bright NK
GTAACGTCACCAGGTC-1,GARQ,D5,1,40,39,34,0.095418096,CD4 naive I
GTAACGTGTGTATGGG-1,GARQ,D5,1,40,39,5,0.113755226,MAIT-NKT cells
GTAACGTGTTTACTCT-1,GARQ,D5,1,40,39,34,0.006182432,CD8 naive
GTAACGTTCAAGAAGT-1,GARQ,D5,1,40,39,7,0.06072843,CD56dim CD16bright NK
GTAACGTTCTGTCCGT-1,GARQ,D5,1,40,39,4,0.05208087,CD56dim CD16bright NK
GTAACTGAGGCAAAGA-1,GARQ,D5,1,40,39,5,0.10440493,MAIT-NKT cells
GTAACTGGTGCATCTA-1,GARQ,D5,1,40,39,38,0.03824842,NK-T doublets
GTAACTGTCAACGGGA-1,GARQ,D5,1,40,39,4,0.0862329,CD56dim CD16bright NK
GTAACTGTCGGTCTAA-1,GARQ,D5,1,40,39,7,0.06163013,CD56dim CD16bright NK
GTACGTAAGTGTTTGC-1,GARQ,D5,1,40,39,38,0.06639755,NK-T doublets
GTACGTACATTGGTAC-1,GARQ,D5,1,40,39,28,0.020388007,CD8 effector
GTACGTAGTCGGCATC-1,GARQ,D5,1,40,39,17,0.03857696,CD4 memory
GTACGTAGTGATGATA-1,GARQ,D5,1,40,39,24,0.30533934,Naive B
GTACGTAGTTATCACG-1,GARQ,D5,1,40,39,2,0.00016832352,CD56dim CD16bright NK
GTACGTATCAACTCTT-1,GARQ,D5,1,40,39,24,0.3239932,Naive B
GTACGTATCTGTCTAT-1,GARQ,D5,1,40,39,16,0.143049,Classical monocytes
GTACTCCAGACAAGCC-1,GARQ,D5,1,40,39,6,0.022099614,CD4 naive I
GTACTCCAGCGTGAAC-1,GARQ,D5,1,40,39,16,0.1872865,Neutrophils
GTACTCCAGTCCCACG-1,GARQ,D5,1,40,39,1,0.12663805,NK-T doublets
GTACTCCCAGACACTT-1,GARQ,D5,1,40,39,35,0.009416819,CD8 effector
GTACTCCCATTCACTT-1,GARQ,D5,1,40,39,16,0.3624121,conventional DC
GTACTCCGTAGCGCTC-1,GARQ,D5,1,40,39,7,0.008211017,CD56dim CD16bright NK
GTACTCCTCCATTCTA-1,GARQ,D5,1,40,39,23,0.01315999,CD8 memory
GTACTCCTCTAGAGTC-1,GARQ,D5,1,40,39,39,0.079098165,Platelets
GTACTTTAGATATGGT-1,GARQ,D5,1,40,39,4,0.07071948,CD56dim CD16bright NK
GTACTTTAGCAGACTG-1,GARQ,D5,1,40,39,21,0.01682055,gdT cells
GTACTTTCAGACGTAG-1,GARQ,D5,1,40,39,21,0.0034561157,CD8 effector
GTACTTTCATTGTGCA-1,GARQ,D5,1,40,39,7,0.0044107437,CD56dim CD16bright NK
GTACTTTGTCGAGATG-1,GARQ,D5,1,40,39,4,0.09620547,CD56dim CD16bright NK
GTACTTTGTCGCCATG-1,GARQ,D5,1,40,39,16,0.26417232,Classical monocytes
GTACTTTGTCTGCCAG-1,GARQ,D5,1,40,39,16,0.15690768,Classical monocytes
GTACTTTTCCCTAACC-1,GARQ,D5,1,40,39,32,0.01613748,CD4 memory
GTACTTTTCGGCGCTA-1,GARQ,D5,1,40,39,4,0.104992986,CD56dim CD16bright NK
GTACTTTTCTGACCTC-1,GARQ,D5,1,40,39,37,0.0012454987,gdT cells
GTAGGCCCACGAAAGC-1,GARQ,D5,1,40,39,34,0.04439795,CD4 naive I
GTAGGCCGTAGCCTCG-1,GARQ,D5,1,40,39,16,0.2805636,Classical monocytes
GTAGGCCGTTTGGCGC-1,GARQ,D5,1,40,39,16,0.14306104,conventional DC
GTAGGCCTCGGAGCAA-1,GARQ,D5,1,40,39,34,0.048502326,CD8 naive
GTAGTCAAGTCGTACT-1,GARQ,D5,1,40,39,4,0.09085894,CD56dim CD16bright NK
GTAGTCACAAACGCGA-1,GARQ,D5,1,40,39,4,0.0061330795,CD56dim CD16bright NK
GTAGTCAGTACATGTC-1,GARQ,D5,1,40,39,37,0.075489044,CD8 effector
GTAGTCAGTATGAAAC-1,GARQ,D5,1,40,39,29,0.032339096,CD8 effector
GTAGTCATCAGCTGGC-1,GARQ,D5,1,40,39,34,0.034235,CD4 memory
GTAGTCATCGGGAGTA-1,GARQ,D5,1,40,39,34,0.025872946,CD4 naive I
GTAGTCATCGTGACAT-1,GARQ,D5,1,40,39,32,0.0013849735,CD4 memory
GTATCTTGTCGAGATG-1,GARQ,D5,1,40,39,21,0.02894175,CD8 effector
GTATTCTGTACTCGCG-1,GARQ,D5,1,40,39,35,0.12458515,gdT cells
GTATTCTGTGCCTTGG-1,GARQ,D5,1,40,39,6,0.0016717911,CD4 naive I
GTATTCTTCACCCGAG-1,GARQ,D5,1,40,39,7,0.21046448,CD56dim CD16bright NK
GTCAAGTAGCTAGCCC-1,GARQ,D5,1,40,39,4,0.13993263,CD56dim CD16bright NK
GTCAAGTAGGCAAAGA-1,GARQ,D5,1,40,39,34,0.029076934,CD4 naive I
GTCAAGTGTAGAGTGC-1,GARQ,D5,1,40,39,2,0.018970132,CD8 effector
GTCAAGTTCAGTTAGC-1,GARQ,D5,1,40,39,4,0.033883214,CD56dim CD16bright NK
GTCAAGTTCGAGCCCA-1,GARQ,D5,1,40,39,7,0.2429024,CD56dim CD16bright NK
GTCACAAGTTAAGATG-1,GARQ,D5,1,40,39,4,0.31496382,CD56dim CD16bright NK
GTCACAATCATCTGCC-1,GARQ,D5,1,40,39,1,0.06102109,CD56dim CD16bright NK
GTCACGGCAATCCAAC-1,GARQ,D5,1,40,39,7,0.034369826,CD8 effector
GTCACGGCACGGTGTC-1,GARQ,D5,1,40,39,7,0.05468881,CD56dim CD16bright NK
GTCATTTCAAGTCTGT-1,GARQ,D5,1,40,39,16,0.02662623,Neutrophils
GTCATTTGTAAGAGAG-1,GARQ,D5,1,40,39,16,0.21475244,Classical monocytes
GTCATTTTCCAGATCA-1,GARQ,D5,1,40,39,16,0.21415198,Classical monocytes
GTCCTCAAGCTGATAA-1,GARQ,D5,1,40,39,38,0.074828744,NK-T doublets
GTCCTCAAGGGTTTCT-1,GARQ,D5,1,40,39,5,0.009903789,MAIT-NKT cells
GTCCTCAAGTTAGCGG-1,GARQ,D5,1,40,39,32,0.0014810562,CD4 naive I
GTCCTCAGTAACGTTC-1,GARQ,D5,1,40,39,16,0.17094159,NK-monocyte doublets
GTCCTCAGTCTGCCAG-1,GARQ,D5,1,40,39,34,0.16609263,T-NK-B cell doublets
GTCCTCATCCACGTTC-1,GARQ,D5,1,40,39,5,0.06697428,CD8 memory
GTCGGGTCAACTGCGC-1,GARQ,D5,1,40,39,24,0.39877915,Naive B
GTCGGGTGTCAGAAGC-1,GARQ,D5,1,40,39,13,0.016467571,CD4 memory
GTCGGGTGTTTCGCTC-1,GARQ,D5,1,40,39,16,0.24164116,Classical monocytes
GTCGGGTTCCGCATCT-1,GARQ,D5,1,40,39,24,0.17250466,Naive B
GTCGTAACAGCCTTTC-1,GARQ,D5,1,40,39,24,0.10901767,Naive B
GTCGTAAGTAGCCTAT-1,GARQ,D5,1,40,39,16,0.21336079,Classical monocytes
GTCGTAAGTGTTGGGA-1,GARQ,D5,1,40,39,16,0.1719566,Neutrophils
GTCTCGTCACCGGAAA-1,GARQ,D5,1,40,39,5,0.2503991,MAIT-NKT cells
GTCTCGTTCTCTAAGG-1,GARQ,D5,1,40,39,35,0.019981623,gdT cells
GTCTTCGAGGCTCAGA-1,GARQ,D5,1,40,39,1,0.09519756,CD8 effector
GTCTTCGAGGTTCCTA-1,GARQ,D5,1,40,39,6,0.061406136,CD4 naive I
GTCTTCGAGTTTCCTT-1,GARQ,D5,1,40,39,16,0.24152982,Neutrophils
GTCTTCGCAAACAACA-1,GARQ,D5,1,40,39,4,0.021506548,CD56dim CD16bright NK
GTCTTCGGTATATCCG-1,GARQ,D5,1,40,39,7,0.08453739,CD56dim CD16bright NK
GTCTTCGGTCTGCAAT-1,GARQ,D5,1,40,39,15,0.08635211,gdT cells
GTGAAGGAGCTCCTCT-1,GARQ,D5,1,40,39,16,0.07768917,Classical monocytes
GTGAAGGCACTTCTGC-1,GARQ,D5,1,40,39,24,0.34253132,Memory B
GTGAAGGGTATAGTAG-1,GARQ,D5,1,40,39,4,0.050986767,CD56dim CD16bright NK
GTGAAGGTCGTGGACC-1,GARQ,D5,1,40,39,38,0.03014195,CD56bright CD16dim NK
GTGCAGCCAAACTGCT-1,GARQ,D5,1,40,39,7,0.06457496,CD56dim CD16bright NK
GTGCAGCCACAACGTT-1,GARQ,D5,1,40,39,35,0.004216552,CD8 effector
GTGCATAAGAACAACT-1,GARQ,D5,1,40,39,4,0.028441668,CD56dim CD16bright NK
GTGCATACAAGCGCTC-1,GARQ,D5,1,40,39,24,0.14799058,Memory B
GTGCATAGTCCGTTAA-1,GARQ,D5,1,40,39,7,0.020004392,NK-T doublets
GTGCATAGTCCTAGCG-1,GARQ,D5,1,40,39,32,0.019989252,CD8 naive
GTGCATAGTGTATGGG-1,GARQ,D5,1,40,39,32,0.03837061,Regulatory T cells
GTGCATATCCGCGTTT-1,GARQ,D5,1,40,39,10,0.015212774,gdT cells
GTGCGGTAGGATGCGT-1,GARQ,D5,1,40,39,34,0.11100435,CD4 naive I
GTGCGGTAGTACGCCC-1,GARQ,D5,1,40,39,4,0.07825613,CD56dim CD16bright NK
GTGCGGTCACCGAATT-1,GARQ,D5,1,40,39,10,0.0034757257,gdT cells
GTGCGGTCAGCGTCCA-1,GARQ,D5,1,40,39,10,0.008855581,CD8 effector
GTGCGGTCATATACCG-1,GARQ,D5,1,40,39,5,0.032131195,CD4 memory
GTGCGGTGTGCTGTAT-1,GARQ,D5,1,40,39,38,0.04512334,NK-T doublets
GTGGGTCAGGTGCTAG-1,GARQ,D5,1,40,39,13,0.046747565,Regulatory T cells
GTGGGTCTCTTCGAGA-1,GARQ,D5,1,40,39,16,0.19156933,conventional DC
GTGTGCGAGCGATGAC-1,GARQ,D5,1,40,39,34,0.010975838,Regulatory T cells
GTGTGCGGTTCTGGTA-1,GARQ,D5,1,40,39,38,0.10636306,NK-T doublets
GTGTGCGTCACATAGC-1,GARQ,D5,1,40,39,4,0.016668677,CD8 effector
GTGTGCGTCCAGTAGT-1,GARQ,D5,1,40,39,21,0.06354797,CD8 effector
GTGTGCGTCTGGGCCA-1,GARQ,D5,1,40,39,34,0.0063257217,CD4 naive I
GTGTTAGTCTAACTGG-1,GARQ,D5,1,40,39,5,0.015856981,CD8 memory
GTGTTAGTCTGCGACG-1,GARQ,D5,1,40,39,16,0.26677382,Classical monocytes
GTTAAGCAGATGAGAG-1,GARQ,D5,1,40,39,16,0.1212734,Classical monocytes
GTTAAGCAGCGTAATA-1,GARQ,D5,1,40,39,7,0.1255629,CD56dim CD16bright NK
GTTACAGAGTAAGTAC-1,GARQ,D5,1,40,39,4,0.014488459,CD56dim CD16bright NK
GTTACAGAGTGGGTTG-1,GARQ,D5,1,40,39,24,0.46981633,Naive B
GTTACAGCACATCCAA-1,GARQ,D5,1,40,39,16,0.28829134,conventional DC
GTTACAGGTCCTCTTG-1,GARQ,D5,1,40,39,35,0.14125669,gdT cells
GTTACAGGTTCTGAAC-1,GARQ,D5,1,40,39,4,0.018363237,CD56dim CD16bright NK
GTTCATTCACAGACAG-1,GARQ,D5,1,40,39,16,0.10777891,Platelets
GTTCATTCAGTTCATG-1,GARQ,D5,1,40,39,16,0.011050224,Platelets
GTTCATTGTGCGCTTG-1,GARQ,D5,1,40,39,6,0.057876587,CD4 naive I
GTTCATTTCACTATTC-1,GARQ,D5,1,40,39,37,0.021016479,MAIT-NKT cells
GTTCGGGAGAGGTAGA-1,GARQ,D5,1,40,39,13,0.018127441,CD4 naive I
GTTCGGGCAAACAACA-1,GARQ,D5,1,40,39,16,0.22832823,Neutrophils
GTTCGGGCAGGGTTAG-1,GARQ,D5,1,40,39,7,0.04708159,CD56dim CD16bright NK
GTTCTCGAGACTAGGC-1,GARQ,D5,1,40,39,4,0.02840805,CD56dim CD16bright NK
GTTCTCGAGGGTCGAT-1,GARQ,D5,1,40,39,16,0.13113534,Classical monocytes
GTTCTCGAGTTCCACA-1,GARQ,D5,1,40,39,32,0.04063058,CD8 naive
GTTCTCGCAAGTACCT-1,GARQ,D5,1,40,39,34,0.047818184,CD4 naive I
GTTCTCGCATCAGTCA-1,GARQ,D5,1,40,39,16,0.19229817,Classical monocytes
GTTCTCGGTTGCCTCT-1,GARQ,D5,1,40,39,32,0.028853893,CD4 memory
GTTCTCGTCCAAATGC-1,GARQ,D5,1,40,39,7,0.1387639,CD56dim CD16bright NK
GTTCTCGTCGAATGGG-1,GARQ,D5,1,40,39,16,0.33365726,Classical monocytes
GTTCTCGTCGCCATAA-1,GARQ,D5,1,40,39,16,0.061204314,Neutrophils
GTTCTCGTCTTCATGT-1,GARQ,D5,1,40,39,24,0.1985364,Memory B
GTTTCTAAGAACTGTA-1,GARQ,D5,1,40,39,24,0.21050996,Naive B
GTTTCTAGTGTTAAGA-1,GARQ,D5,1,40,39,7,0.08882964,CD56dim CD16bright NK
GTTTCTATCTCGATGA-1,GARQ,D5,1,40,39,4,0.010953665,CD56dim CD16bright NK
TAAACCGCATAGGATA-1,GARQ,D5,1,40,39,4,0.07968223,CD56dim CD16bright NK
TAAACCGTCATATCGG-1,GARQ,D5,1,40,39,13,0.054305315,CD8 naive
TAAGAGACAGGCGATA-1,GARQ,D5,1,40,39,32,0.12760234,CD8 memory
TAAGAGACATTGCGGC-1,GARQ,D5,1,40,39,34,0.095587015,CD4 naive I
TAAGAGAGTAAACACA-1,GARQ,D5,1,40,39,7,0.047375202,CD56dim CD16bright NK
TAAGAGAGTTTCCACC-1,GARQ,D5,1,40,39,7,0.08173144,CD56dim CD16bright NK
TAAGAGATCCCTTGCA-1,GARQ,D5,1,40,39,16,0.20268655,Classical monocytes
TAAGAGATCCGTTGCT-1,GARQ,D5,1,40,39,34,0.066614866,CD4 memory
TAAGCGTGTAACGCGA-1,GARQ,D5,1,40,39,16,0.2151084,Classical monocytes
TAAGCGTTCCTAGAAC-1,GARQ,D5,1,40,39,25,0.011553049,CD56dim CD16bright NK
TAAGCGTTCGCCAAAT-1,GARQ,D5,1,40,39,4,0.040541172,gdT cells
TAAGTGCAGTCAAGCG-1,GARQ,D5,1,40,39,26,0.12817681,T-NK-B cell doublets
TAAGTGCGTACCTACA-1,GARQ,D5,1,40,39,24,0.21892202,Naive B
TAAGTGCTCGCTTAGA-1,GARQ,D5,1,40,39,16,0.09774339,Classical monocytes
TACACGAAGAGTCTGG-1,GARQ,D5,1,40,39,13,0.042541504,CD4 memory
TACACGAAGATCCTGT-1,GARQ,D5,1,40,39,16,0.1762929,Classical monocytes
TACACGACAAGTCTAC-1,GARQ,D5,1,40,39,26,0.07866931,T-NK-B cell doublets
TACACGACATACAGCT-1,GARQ,D5,1,40,39,4,0.067067385,CD56dim CD16bright NK
TACACGAGTTAAGATG-1,GARQ,D5,1,40,39,15,0.064900994,CD8 effector
TACAGTGAGACGCAAC-1,GARQ,D5,1,40,39,16,0.11091173,NK-monocyte doublets
TACAGTGCAAGCGAGT-1,GARQ,D5,1,40,39,34,0.06997919,CD4 naive II
TACAGTGCACCAGCAC-1,GARQ,D5,1,40,39,34,0.034804106,CD4 memory
TACAGTGCACCGCTAG-1,GARQ,D5,1,40,39,6,0.0072191954,CD4 naive I
TACAGTGTCCCACTTG-1,GARQ,D5,1,40,39,34,0.035803795,CD4 naive I
TACCTATAGCATCATC-1,GARQ,D5,1,40,39,24,0.022400856,Naive B
TACCTATCAATAGCAA-1,GARQ,D5,1,40,39,16,0.07828307,Classical monocytes
TACCTTACAGGTCCAC-1,GARQ,D5,1,40,39,34,0.18241644,CD4 memory
TACCTTAGTGTTAAGA-1,GARQ,D5,1,40,39,34,0.060412884,CD4 naive II
TACGGATGTGTGCCTG-1,GARQ,D5,1,40,39,16,0.06377804,NK-monocyte doublets
TACGGATGTTCGTCTC-1,GARQ,D5,1,40,39,0,0.040687323,CD8 memory
TACGGGCCATCGACGC-1,GARQ,D5,1,40,39,24,0.3595364,Naive B
TACGGTACACCAGGTC-1,GARQ,D5,1,40,39,16,0.09924209,T-NK-B cell doublets
TACGGTAGTTGATTCG-1,GARQ,D5,1,40,39,16,0.16036308,Classical monocytes
TACTCATAGAGAACAG-1,GARQ,D5,1,40,39,0,0.037523627,gdT cells
TACTCATAGGAGCGAG-1,GARQ,D5,1,40,39,34,0.021048903,CD4 naive I
TACTCATCAGTTCCCT-1,GARQ,D5,1,40,39,17,0.19200659,CD4 memory
TACTCATCAGTTTACG-1,GARQ,D5,1,40,39,5,0.08771181,gdT cells
TACTCATGTGCAACTT-1,GARQ,D5,1,40,39,34,0.0012151003,CD4 memory
TACTCATTCTGCTTGC-1,GARQ,D5,1,40,39,7,0.048294306,CD56dim CD16bright NK
TACTCATTCTTCATGT-1,GARQ,D5,1,40,39,0,0.00253129,CD8 memory
TACTCGCCAATAACGA-1,GARQ,D5,1,40,39,5,0.1323824,gdT cells
TACTCGCCACGTCTCT-1,GARQ,D5,1,40,39,35,0.024174333,CD8 effector
TACTCGCGTACGAAAT-1,GARQ,D5,1,40,39,4,0.0009448528,CD56dim CD16bright NK
TACTTACAGATCTGAA-1,GARQ,D5,1,40,39,4,0.025654674,CD8 effector
TACTTACGTAGCGTAG-1,GARQ,D5,1,40,39,25,0.0049067736,CD56dim CD16bright NK
TACTTACTCGTTGCCT-1,GARQ,D5,1,40,39,7,0.18479097,CD56dim CD16bright NK
TACTTGTAGACTCGGA-1,GARQ,D5,1,40,39,21,0.030475378,CD8 effector
TACTTGTAGAGCCTAG-1,GARQ,D5,1,40,39,7,0.066776276,CD56dim CD16bright NK
TACTTGTAGCCAACAG-1,GARQ,D5,1,40,39,16,0.2529292,conventional DC
TACTTGTAGCTGTTCA-1,GARQ,D5,1,40,39,16,0.1299628,Classical monocytes
TACTTGTCATGGATGG-1,GARQ,D5,1,40,39,32,0.019433022,CD8 memory
TACTTGTTCCTTCAAT-1,GARQ,D5,1,40,39,24,0.1292631,Plasma cells
TACTTGTTCGTAGATC-1,GARQ,D5,1,40,39,4,0.044012666,CD56dim CD16bright NK
TACTTGTTCTTCATGT-1,GARQ,D5,1,40,39,26,0.3176036,T-NK-B cell doublets
TACTTGTTCTTCGAGA-1,GARQ,D5,1,40,39,23,0.023041785,CD8 effector
TAGACCAAGCGATCCC-1,GARQ,D5,1,40,39,26,0.2805637,CD4 and CD8 activated memory
TAGACCAAGGGCTTCC-1,GARQ,D5,1,40,39,5,0.00736773,CD8 memory
TAGACCAGTTGTGGAG-1,GARQ,D5,1,40,39,16,0.11827099,Neutrophils
TAGACCATCTTTAGGG-1,GARQ,D5,1,40,39,34,0.030077696,CD8 naive
TAGAGCTCACGGTAAG-1,GARQ,D5,1,40,39,16,0.01931858,Non classical monocytes
TAGAGCTCAGACGTAG-1,GARQ,D5,1,40,39,34,0.086684704,CD4 memory
TAGAGCTTCCCGACTT-1,GARQ,D5,1,40,39,5,0.13865829,MAIT-NKT cells
TAGCCGGAGAACAACT-1,GARQ,D5,1,40,39,5,0.024425268,CD4 and CD8 activated memory
TAGCCGGAGCAGATCG-1,GARQ,D5,1,40,39,34,0.1622622,T-NK-B cell doublets
TAGCCGGAGCCACCTG-1,GARQ,D5,1,40,39,16,0.24454033,Classical monocytes
TAGCCGGAGGCTAGAC-1,GARQ,D5,1,40,39,5,0.16073859,MAIT-NKT cells
TAGCCGGCAACTGCGC-1,GARQ,D5,1,40,39,26,0.13070226,T-NK-B cell doublets
TAGCCGGCACGAAGCA-1,GARQ,D5,1,40,39,39,0.0065458417,Platelets
TAGCCGGCATCACCCT-1,GARQ,D5,1,40,39,7,0.096288204,CD56dim CD16bright NK
TAGCCGGGTATATGAG-1,GARQ,D5,1,40,39,34,0.022401094,CD4 memory
TAGCCGGGTCAGATAA-1,GARQ,D5,1,40,39,24,0.35587955,Naive B
TAGCCGGGTGTTTGTG-1,GARQ,D5,1,40,39,4,0.07866073,CD56dim CD16bright NK
TAGGCATAGACAGAGA-1,GARQ,D5,1,40,39,1,0.0109478235,CD56dim CD16bright NK
TAGGCATAGTCCTCCT-1,GARQ,D5,1,40,39,4,0.014440656,CD56dim CD16bright NK
TAGGCATCAGTGGAGT-1,GARQ,D5,1,40,39,16,0.028746247,Platelet-bound monocytes
TAGGCATGTGATGCCC-1,GARQ,D5,1,40,39,16,0.14128804,Classical monocytes
TAGGCATTCGAATGGG-1,GARQ,D5,1,40,39,4,0.08881509,CD56dim CD16bright NK
TAGTGGTGTACTTGAC-1,GARQ,D5,1,40,39,4,0.032693386,CD56dim CD16bright NK
TAGTGGTGTGTAAGTA-1,GARQ,D5,1,40,39,24,0.35599667,Naive B
TAGTGGTGTGTATGGG-1,GARQ,D5,1,40,39,38,0.023455024,CD8 effector
TAGTTGGAGCTAGTTC-1,GARQ,D5,1,40,39,35,0.11118555,CD8 effector
TATCAGGAGACCACGA-1,GARQ,D5,1,40,39,16,0.28675246,Neutrophils
TATCAGGAGTTCGCAT-1,GARQ,D5,1,40,39,34,0.04379344,CD8 naive
TATCAGGTCACATAGC-1,GARQ,D5,1,40,39,26,0.10078013,T-NK-B cell doublets
TATCAGGTCAGAGCTT-1,GARQ,D5,1,40,39,37,0.043117166,gdT cells
TATCAGGTCTTGCCGT-1,GARQ,D5,1,40,39,4,0.015032291,CD56bright CD16dim NK
TATCTCAAGGCAAAGA-1,GARQ,D5,1,40,39,32,0.036549807,CD8 naive
TATCTCACACTTAACG-1,GARQ,D5,1,40,39,16,0.06838894,Platelet-bound monocytes
TATCTCATCGTGTAGT-1,GARQ,D5,1,40,39,16,0.13233769,Classical monocytes
TATGCCCAGCCAGGAT-1,GARQ,D5,1,40,39,16,0.07731879,Platelet-bound monocytes
TATGCCCGTCACTTCC-1,GARQ,D5,1,40,39,24,0.02642417,Naive B
TATGCCCGTTCATGGT-1,GARQ,D5,1,40,39,1,0.0068044662,CD56dim CD16bright NK
TATGCCCTCACTCTTA-1,GARQ,D5,1,40,39,16,0.17337108,Classical monocytes
TATTACCGTGGTCTCG-1,GARQ,D5,1,40,39,5,0.111319065,MAIT-NKT cells
TCAACGACATGGTCTA-1,GARQ,D5,1,40,39,7,0.13233161,CD56dim CD16bright NK
TCAATCTAGATATGCA-1,GARQ,D5,1,40,39,16,0.10786867,Classical monocytes
TCAATCTAGTGACATA-1,GARQ,D5,1,40,39,7,0.103292465,gdT cells
TCAATCTCAGCCTTTC-1,GARQ,D5,1,40,39,35,0.11749077,gdT cells
TCAATCTGTCTTGCGG-1,GARQ,D5,1,40,39,7,0.10370445,CD56dim CD16bright NK
TCACAAGAGTGCCATT-1,GARQ,D5,1,40,39,34,0.0455842,CD4 naive I
TCACAAGGTTTCCACC-1,GARQ,D5,1,40,39,35,0.0069572926,CD8 effector
TCACGAAAGAGCCCAA-1,GARQ,D5,1,40,39,4,0.07850242,CD56dim CD16bright NK
TCACGAAAGTGAACAT-1,GARQ,D5,1,40,39,32,0.20157075,CD8 memory
TCACGAACACAGACTT-1,GARQ,D5,1,40,39,24,0.12057352,Memory B
TCACGAATCAAGGTAA-1,GARQ,D5,1,40,39,39,0.023548603,Classical monocytes
TCACGAATCGTGACAT-1,GARQ,D5,1,40,39,4,0.022239804,CD56dim CD16bright NK
TCAGATGAGTGCGATG-1,GARQ,D5,1,40,39,35,0.08230758,CD8 effector
TCAGATGGTCTGATTG-1,GARQ,D5,1,40,39,32,0.02617991,CD8 naive
TCAGCAAAGGAACTGC-1,GARQ,D5,1,40,39,4,8.165836e-05,CD56dim CD16bright NK
TCAGCAACAGATCTGT-1,GARQ,D5,1,40,39,7,0.09911132,CD56dim CD16bright NK
TCAGCAAGTAGCCTCG-1,GARQ,D5,1,40,39,34,0.001128912,CD4 naive I
TCAGCAAGTAGCGCTC-1,GARQ,D5,1,40,39,4,0.0021452904,CD56dim CD16bright NK
TCAGCTCTCCTCAATT-1,GARQ,D5,1,40,39,20,0.0012214184,gdT cells
TCAGGATGTAAACACA-1,GARQ,D5,1,40,39,5,0.14341319,MAIT-NKT cells
TCAGGTAAGCGAGAAA-1,GARQ,D5,1,40,39,17,0.02047646,CD4 memory
TCAGGTACATGGTCTA-1,GARQ,D5,1,40,39,34,0.04537177,CD4 naive I
TCAGGTAGTCTCACCT-1,GARQ,D5,1,40,39,11,0.0059417486,gdT cells
TCAGGTAGTCTCCACT-1,GARQ,D5,1,40,39,16,0.19942486,Neutrophils
TCAGGTATCGGCTTGG-1,GARQ,D5,1,40,39,4,0.08292651,CD56dim CD16bright NK
TCATTACCAGGCGATA-1,GARQ,D5,1,40,39,34,0.015469551,CD4 memory
TCATTACCAGTGAGTG-1,GARQ,D5,1,40,39,34,0.034018397,CD4 memory
TCATTACGTAAACACA-1,GARQ,D5,1,40,39,5,0.18535042,MAIT-NKT cells
TCATTACGTCCCTTGT-1,GARQ,D5,1,40,39,5,0.007254839,CD4 memory
TCATTTGAGGTGACCA-1,GARQ,D5,1,40,39,16,0.27214575,Classical monocytes
TCATTTGGTCCCTTGT-1,GARQ,D5,1,40,39,13,0.013735175,CD4 naive I
TCATTTGGTGACTCAT-1,GARQ,D5,1,40,39,34,0.06276965,CD4 memory
TCCACACAGCGTGTCC-1,GARQ,D5,1,40,39,17,0.038042545,CD4 memory
TCCACACAGGGTTCCC-1,GARQ,D5,1,40,39,34,0.054487705,CD4 naive I
TCCACACGTCCGCTGA-1,GARQ,D5,1,40,39,4,0.042775154,CD56dim CD16bright NK
TCCACACTCTCTTATG-1,GARQ,D5,1,40,39,7,0.13692069,CD56dim CD16bright NK
TCCCGATCAGTGGGAT-1,GARQ,D5,1,40,39,34,0.020904303,CD4 naive I
TCCCGATGTCGACTAT-1,GARQ,D5,1,40,39,34,0.0016651154,CD4 naive I
TCCCGATGTTCGAATC-1,GARQ,D5,1,40,39,7,0.0054876804,CD56dim CD16bright NK
TCCCGATTCAGTCAGT-1,GARQ,D5,1,40,39,7,0.012764692,Proliferating T and NK cell
TCCCGATTCCGTCAAA-1,GARQ,D5,1,40,39,7,0.0142480135,CD56dim CD16bright NK
TCCCGATTCTAACGGT-1,GARQ,D5,1,40,39,39,0.014797509,Classical monocytes
TCGAGGCCAAAGGCGT-1,GARQ,D5,1,40,39,24,0.10433662,T-NK-B cell doublets
TCGAGGCCAAGGTTCT-1,GARQ,D5,1,40,39,39,0.051150918,Classical monocytes
TCGAGGCCAATCCAAC-1,GARQ,D5,1,40,39,24,0.051636934,Memory B
TCGAGGCCAGGCAGTA-1,GARQ,D5,1,40,39,4,0.0014896393,gdT cells
TCGAGGCCATCGGACC-1,GARQ,D5,1,40,39,5,0.2864337,MAIT-NKT cells
TCGAGGCTCGTTTGCC-1,GARQ,D5,1,40,39,16,0.12823045,Neutrophils
TCGCGAGAGCCCAACC-1,GARQ,D5,1,40,39,7,0.04944825,CD56dim CD16bright NK
TCGCGAGCATGGATGG-1,GARQ,D5,1,40,39,25,0.00111413,CD56dim CD16bright NK
TCGCGTTAGCAATATG-1,GARQ,D5,1,40,39,32,0.074504614,CD8 memory
TCGCGTTCAAGTTCTG-1,GARQ,D5,1,40,39,4,0.037410736,CD56dim CD16bright NK
TCGCGTTGTAGAAGGA-1,GARQ,D5,1,40,39,16,0.23172688,Classical monocytes
TCGCGTTGTTAAGGGC-1,GARQ,D5,1,40,39,13,0.002478838,CD4 naive I
TCGGGACAGCGATATA-1,GARQ,D5,1,40,39,16,0.14477038,Classical monocytes
TCGGGACAGCGTTGCC-1,GARQ,D5,1,40,39,4,0.051961422,CD56dim CD16bright NK
TCGGTAAAGGGTGTGT-1,GARQ,D5,1,40,39,4,0.09517944,CD8 effector
TCGGTAACAATGTAAG-1,GARQ,D5,1,40,39,34,0.011118174,CD4 naive I
TCGGTAACATGGTAGG-1,GARQ,D5,1,40,39,5,0.1731354,MAIT-NKT cells
TCGGTAATCGTTGACA-1,GARQ,D5,1,40,39,4,0.18790674,CD56dim CD16bright NK
TCGTACCAGAATTGTG-1,GARQ,D5,1,40,39,11,0.02796352,gdT cells
TCGTACCCAATAGCAA-1,GARQ,D5,1,40,39,39,0.025802135,NK-monocyte doublets
TCGTACCGTCGCGGTT-1,GARQ,D5,1,40,39,17,0.10238099,CD4 memory
TCGTACCGTGCACTTA-1,GARQ,D5,1,40,39,35,0.011607766,CD8 effector
TCGTACCTCTCACATT-1,GARQ,D5,1,40,39,0,0.005551338,gdT cells
TCGTAGAAGACAGGCT-1,GARQ,D5,1,40,39,16,0.1254605,NK-monocyte doublets
TCGTAGATCAGTACGT-1,GARQ,D5,1,40,39,38,0.08945775,NK-T doublets
TCTATTGAGGTTACCT-1,GARQ,D5,1,40,39,16,0.17854774,Platelet-bound monocytes
TCTATTGCACTTAACG-1,GARQ,D5,1,40,39,4,0.020361185,CD8 effector
TCTATTGGTGACTACT-1,GARQ,D5,1,40,39,1,0.024491549,CD56dim CD16bright NK
TCTATTGTCGGTCTAA-1,GARQ,D5,1,40,39,32,0.021276236,CD8 naive
TCTATTGTCTGCGGCA-1,GARQ,D5,1,40,39,32,0.001098156,CD4 memory
TCTCATAAGCTAGTGG-1,GARQ,D5,1,40,39,4,0.051231623,CD56dim CD16bright NK
TCTCATATCGCACTCT-1,GARQ,D5,1,40,39,34,0.027584791,CD4 naive I
TCTCTAAAGACGCAAC-1,GARQ,D5,1,40,39,16,0.20665717,Classical monocytes
TCTCTAAAGCGATAGC-1,GARQ,D5,1,40,39,7,0.06788385,CD56dim CD16bright NK
TCTCTAACAAGTCATC-1,GARQ,D5,1,40,39,5,0.032071114,CD8 memory
TCTCTAACAGATAATG-1,GARQ,D5,1,40,39,4,0.028065443,CD8 effector
TCTCTAACATATGGTC-1,GARQ,D5,1,40,39,16,0.12646675,Non classical monocytes
TCTCTAACATCGATTG-1,GARQ,D5,1,40,39,6,0.032535553,CD4 naive I
TCTCTAAGTACCATCA-1,GARQ,D5,1,40,39,2,0.043552518,CD56dim CD16bright NK
TCTCTAAGTTCCACTC-1,GARQ,D5,1,40,39,7,0.056996465,CD56dim CD16bright NK
TCTCTAAGTTTGTGTG-1,GARQ,D5,1,40,39,37,0.01133275,NK-T doublets
TCTGAGACAGCTGGCT-1,GARQ,D5,1,40,39,16,0.062589526,NK-monocyte doublets
TCTGAGACATGCAATC-1,GARQ,D5,1,40,39,16,0.10898638,Neutrophils
TCTGAGAGTACCCAAT-1,GARQ,D5,1,40,39,4,0.060124993,CD56dim CD16bright NK
TCTGAGATCCGCATCT-1,GARQ,D5,1,40,39,16,0.14680278,Classical monocytes
TCTGAGATCCGTAGTA-1,GARQ,D5,1,40,39,16,0.25983,Classical monocytes
TCTGGAACAATTCCTT-1,GARQ,D5,1,40,39,26,0.06806636,Plasma cells
TCTGGAACACGACGAA-1,GARQ,D5,1,40,39,34,0.0022199154,CD4 memory
TCTGGAAGTACCTACA-1,GARQ,D5,1,40,39,17,0.048374534,CD4 memory
TCTGGAAGTCACCTAA-1,GARQ,D5,1,40,39,4,0.024443626,CD56dim CD16bright NK
TCTGGAATCCCTGACT-1,GARQ,D5,1,40,39,4,0.075089216,CD56dim CD16bright NK
TCTGGAATCCGGGTGT-1,GARQ,D5,1,40,39,17,0.0035105944,CD4 memory
TCTGGAATCCTTTCGG-1,GARQ,D5,1,40,39,7,0.040580034,CD56dim CD16bright NK
TCTGGAATCGAACTGT-1,GARQ,D5,1,40,39,24,0.23276329,Naive B
TCTTCGGAGATGCGAC-1,GARQ,D5,1,40,39,34,0.06354034,CD8 naive
TCTTCGGCAATCGAAA-1,GARQ,D5,1,40,39,4,0.036889553,CD56dim CD16bright NK
TCTTCGGTCGTTTGCC-1,GARQ,D5,1,40,39,34,0.018871546,CD4 naive I
TCTTTCCCAATAGCAA-1,GARQ,D5,1,40,39,37,0.023963451,gdT cells
TCTTTCCCAATTGCTG-1,GARQ,D5,1,40,39,16,0.11079562,Classical monocytes
TCTTTCCCAGGCGATA-1,GARQ,D5,1,40,39,7,0.023749113,CD56dim CD16bright NK
TCTTTCCTCGCGGATC-1,GARQ,D5,1,40,39,5,0.15676737,MAIT-NKT cells
TCTTTCCTCTCTGTCG-1,GARQ,D5,1,40,39,34,0.049234867,Regulatory T cells
TGAAAGAAGCCGTCGT-1,GARQ,D5,1,40,39,8,0.02438128,CD4 naive I
TGAAAGAAGTGACATA-1,GARQ,D5,1,40,39,35,0.16578436,gdT cells
TGAAAGACAAGCTGGA-1,GARQ,D5,1,40,39,16,0.138237,Platelet-bound monocytes
TGAAAGACAGAGTGTG-1,GARQ,D5,1,40,39,32,0.03226638,CD8 naive
TGAAAGAGTTCTGTTT-1,GARQ,D5,1,40,39,35,0.07275236,CD8 effector
TGACAACAGTGGGCTA-1,GARQ,D5,1,40,39,34,0.01788044,CD4 memory
TGACAACCAACGCACC-1,GARQ,D5,1,40,39,2,0.062051415,CD56bright CD16dim NK
TGACAACGTCCGAACC-1,GARQ,D5,1,40,39,4,0.03642583,CD56dim CD16bright NK
TGACAACTCAACGGGA-1,GARQ,D5,1,40,39,16,0.13992846,Classical monocytes
TGACGGCAGATCCGAG-1,GARQ,D5,1,40,39,16,0.038889527,Neutrophils
TGACGGCAGCGTGAGT-1,GARQ,D5,1,40,39,24,0.3171754,Naive B
TGACGGCCATATACGC-1,GARQ,D5,1,40,39,4,0.04405904,CD56dim CD16bright NK
TGACGGCCATGAGCGA-1,GARQ,D5,1,40,39,32,0.024595618,CD4 memory
TGACGGCTCCTAGAAC-1,GARQ,D5,1,40,39,15,0.056391716,gdT cells
TGACGGCTCGCGTAGC-1,GARQ,D5,1,40,39,5,0.0995841,CD8 memory
TGACTAGAGGGTATCG-1,GARQ,D5,1,40,39,34,0.024553776,CD4 naive I
TGACTAGTCCCAAGTA-1,GARQ,D5,1,40,39,16,0.16349626,Classical monocytes
TGACTAGTCCGCGTTT-1,GARQ,D5,1,40,39,13,0.020265818,CD4 memory
TGACTAGTCTGCCCTA-1,GARQ,D5,1,40,39,4,0.0057878494,CD56bright CD16dim NK
TGACTTTAGCCCAATT-1,GARQ,D5,1,40,39,24,0.18384373,Naive B
TGACTTTAGTCCATAC-1,GARQ,D5,1,40,39,4,0.01175952,NK-T doublets
TGACTTTCAATCCAAC-1,GARQ,D5,1,40,39,22,0.0126953125,CD8 effector
TGACTTTCACGAAAGC-1,GARQ,D5,1,40,39,16,0.17267442,Classical monocytes
TGACTTTCATATGGTC-1,GARQ,D5,1,40,39,17,0.03952384,CD4 memory
TGACTTTCATGGGACA-1,GARQ,D5,1,40,39,4,0.07985997,CD56dim CD16bright NK
TGACTTTTCAATACCG-1,GARQ,D5,1,40,39,7,0.13520348,CD56dim CD16bright NK
TGAGAGGAGTGTGGCA-1,GARQ,D5,1,40,39,24,0.5239252,Naive B
TGAGAGGGTGCTGTAT-1,GARQ,D5,1,40,39,32,0.00930357,CD4 naive I
TGAGAGGTCTGAGTGT-1,GARQ,D5,1,40,39,32,0.0029574633,CD4 memory
TGAGCATAGTCGCCGT-1,GARQ,D5,1,40,39,4,0.04787779,CD56dim CD16bright NK
TGAGCATCAGACGCCT-1,GARQ,D5,1,40,39,16,0.064893484,Neutrophils
TGAGCATTCCTAGGGC-1,GARQ,D5,1,40,39,32,0.081778765,CD8 memory
TGAGCCGAGCTGATAA-1,GARQ,D5,1,40,39,24,0.38318563,Naive B
TGAGCCGAGGGTATCG-1,GARQ,D5,1,40,39,4,0.07913613,CD56dim CD16bright NK
TGAGCCGCACGTGAGA-1,GARQ,D5,1,40,39,7,0.10177326,CD56dim CD16bright NK
TGAGCCGCAGATGAGC-1,GARQ,D5,1,40,39,16,0.13496864,Neutrophils
TGAGCCGCATATACCG-1,GARQ,D5,1,40,39,15,0.022383094,CD8 memory
TGAGCCGGTGCCTTGG-1,GARQ,D5,1,40,39,26,0.11414158,Naive B
TGAGCCGTCTTCATGT-1,GARQ,D5,1,40,39,24,0.50876665,Naive B
TGAGGGAAGGATCGCA-1,GARQ,D5,1,40,39,35,0.008788228,CD8 effector
TGAGGGACAATGACCT-1,GARQ,D5,1,40,39,16,0.17430949,Classical monocytes
TGAGGGAGTTCGTGAT-1,GARQ,D5,1,40,39,16,0.18674934,Neutrophils
TGATTTCAGAAGGCCT-1,GARQ,D5,1,40,39,4,0.042235255,CD56dim CD16bright NK
TGATTTCAGGGCTCTC-1,GARQ,D5,1,40,39,4,0.005477786,CD8 effector
TGCACCTAGACTAGAT-1,GARQ,D5,1,40,39,7,0.059788704,CD56dim CD16bright NK
TGCACCTAGGGTCTCC-1,GARQ,D5,1,40,39,16,0.21232605,Classical monocytes
TGCACCTGTCAAGCGA-1,GARQ,D5,1,40,39,16,0.15427268,Neutrophils
TGCCAAAAGAGTCGGT-1,GARQ,D5,1,40,39,16,0.15741384,plasmacytoid DC
TGCCAAAAGCCATCGC-1,GARQ,D5,1,40,39,16,0.2525859,Classical monocytes
TGCCAAAAGGAGCGAG-1,GARQ,D5,1,40,39,34,0.021214366,CD4 naive I
TGCCAAACAATCAGAA-1,GARQ,D5,1,40,39,5,0.07446551,CD8 memory
TGCCAAACACGTTGGC-1,GARQ,D5,1,40,39,34,0.03931868,CD4 naive I
TGCCAAATCAAGAAGT-1,GARQ,D5,1,40,39,16,0.14380145,Classical monocytes
TGCCCATAGACTTTCG-1,GARQ,D5,1,40,39,7,0.0080730915,CD56dim CD16bright NK
TGCCCATAGCCACTAT-1,GARQ,D5,1,40,39,4,0.016537309,CD56dim CD16bright NK
TGCCCATGTTCCCGAG-1,GARQ,D5,1,40,39,25,0.033657074,CD56dim CD16bright NK
TGCCCATTCCACGCAG-1,GARQ,D5,1,40,39,4,0.018669248,CD56dim CD16bright NK
TGCCCATTCTTTAGGG-1,GARQ,D5,1,40,39,2,0.013129115,CD56dim CD16bright NK
TGCCCTAAGCGATCCC-1,GARQ,D5,1,40,39,7,0.1152364,CD56dim CD16bright NK
TGCCCTAAGCGCCTCA-1,GARQ,D5,1,40,39,35,0.07344937,gdT cells
TGCCCTAAGGCTCATT-1,GARQ,D5,1,40,39,7,0.039474845,gdT cells
TGCCCTAGTATCAGTC-1,GARQ,D5,1,40,39,7,0.06344962,CD56dim CD16bright NK
TGCCCTATCCAATGGT-1,GARQ,D5,1,40,39,16,0.14955872,Plasma cells
TGCCCTATCTAACGGT-1,GARQ,D5,1,40,39,5,0.14197719,MAIT-NKT cells
TGCGCAGAGTACTTGC-1,GARQ,D5,1,40,39,29,0.004223585,CD8 effector
TGCGCAGAGTTTGCGT-1,GARQ,D5,1,40,39,34,0.09600747,CD4 naive I
TGCGCAGCAATGAATG-1,GARQ,D5,1,40,39,4,0.03229952,CD56dim CD16bright NK
TGCGCAGCACGGATAG-1,GARQ,D5,1,40,39,9,0.14261246,T-NK-B cell doublets
TGCGCAGCATCGATGT-1,GARQ,D5,1,40,39,26,0.20347977,Memory B
TGCGCAGGTCCAACTA-1,GARQ,D5,1,40,39,34,0.12541914,CD4 memory
TGCGCAGGTTGCGCAC-1,GARQ,D5,1,40,39,16,0.04579985,Classical monocytes
TGCGCAGTCAGCACAT-1,GARQ,D5,1,40,39,16,0.072096705,Classical monocytes
TGCGCAGTCGCATGGC-1,GARQ,D5,1,40,39,4,0.06491315,Proliferating T and NK cell
TGCGCAGTCTCGTTTA-1,GARQ,D5,1,40,39,16,0.12594724,T-NK-B cell doublets
TGCGGGTAGAAACGAG-1,GARQ,D5,1,40,39,5,0.02970767,MAIT-NKT cells
TGCGGGTGTAATAGCA-1,GARQ,D5,1,40,39,7,0.0735836,CD56dim CD16bright NK
TGCGTGGAGCCACGTC-1,GARQ,D5,1,40,39,29,0.026509762,CD8 effector
TGCGTGGCAAGCCATT-1,GARQ,D5,1,40,39,26,0.035262585,T-NK-B cell doublets
TGCGTGGCAATGGATA-1,GARQ,D5,1,40,39,7,0.05769515,CD56dim CD16bright NK
TGCGTGGGTTCCACGG-1,GARQ,D5,1,40,39,1,0.008021474,CD56dim CD16bright NK
TGCTACCAGCGTAATA-1,GARQ,D5,1,40,39,37,0.095822334,gdT cells
TGCTACCTCATCTGCC-1,GARQ,D5,1,40,39,5,0.03988874,CD8 memory
TGCTACCTCGTACCGG-1,GARQ,D5,1,40,39,5,0.08119559,CD8 memory
TGCTGCTGTATATCCG-1,GARQ,D5,1,40,39,16,0.12761271,Platelet-bound monocytes
TGCTGCTGTTCCATGA-1,GARQ,D5,1,40,39,7,0.1677419,CD56dim CD16bright NK
TGGACGCAGACAGACC-1,GARQ,D5,1,40,39,38,0.02329886,NK-T doublets
TGGACGCCAGATCCAT-1,GARQ,D5,1,40,39,4,0.009346247,CD56dim CD16bright NK
TGGACGCCAGTCGTGC-1,GARQ,D5,1,40,39,7,0.13120997,CD56dim CD16bright NK
TGGACGCGTGCAGTAG-1,GARQ,D5,1,40,39,7,0.03964269,CD56dim CD16bright NK
TGGCCAGAGACACGAC-1,GARQ,D5,1,40,39,7,0.022727966,CD56dim CD16bright NK
TGGCCAGAGGACAGCT-1,GARQ,D5,1,40,39,34,0.08071804,CD4 naive II
TGGCCAGAGGTGCAAC-1,GARQ,D5,1,40,39,0,0.095143795,MAIT-NKT cells
TGGCCAGGTCGGATCC-1,GARQ,D5,1,40,39,16,0.07462895,Neutrophils
TGGCCAGTCAGTACGT-1,GARQ,D5,1,40,39,20,0.007176876,CD56dim CD16bright NK
TGGCGCAAGTGGCACA-1,GARQ,D5,1,40,39,16,0.14843965,Classical monocytes
TGGCGCACAGCTGTGC-1,GARQ,D5,1,40,39,34,0.08310127,CD4 memory
TGGCGCAGTCTAGAGG-1,GARQ,D5,1,40,39,4,0.017772198,CD56dim CD16bright NK
TGGCGCAGTTAAGTAG-1,GARQ,D5,1,40,39,32,0.005441427,CD4 memory
TGGCGCATCAGCTTAG-1,GARQ,D5,1,40,39,4,0.00032436848,CD56dim CD16bright NK
TGGCGCATCAGTCCCT-1,GARQ,D5,1,40,39,16,0.29553175,Classical monocytes
TGGCGCATCAGTTGAC-1,GARQ,D5,1,40,39,24,0.2914015,Naive B
TGGCTGGAGATGGCGT-1,GARQ,D5,1,40,39,34,0.05302334,CD4 naive II
TGGCTGGAGCGCTTAT-1,GARQ,D5,1,40,39,34,0.0131042,CD4 memory
TGGCTGGCATACGCTA-1,GARQ,D5,1,40,39,16,0.15139127,Classical monocytes
TGGCTGGGTGCAACTT-1,GARQ,D5,1,40,39,16,0.12488663,Classical monocytes
TGGCTGGGTTGTCGCG-1,GARQ,D5,1,40,39,15,0.024232864,CD8 memory
TGGCTGGTCTACTTAC-1,GARQ,D5,1,40,39,2,0.02105999,CD56dim CD16bright NK
TGGGAAGAGATAGGAG-1,GARQ,D5,1,40,39,7,0.038049817,CD56dim CD16bright NK
TGGGAAGAGGATATAC-1,GARQ,D5,1,40,39,7,0.02394855,CD56dim CD16bright NK
TGGGAAGCATCAGTAC-1,GARQ,D5,1,40,39,13,0.025573492,Regulatory T cells
TGGGAAGTCTACCAGA-1,GARQ,D5,1,40,39,7,0.079927325,CD56dim CD16bright NK
TGGGAAGTCTCGCTTG-1,GARQ,D5,1,40,39,4,0.05225277,CD56dim CD16bright NK
TGGGCGTAGCAACGGT-1,GARQ,D5,1,40,39,34,0.007409811,CD8 memory
TGGGCGTAGTGTCTCA-1,GARQ,D5,1,40,39,24,0.26536924,Memory B
TGGGCGTCACGTCTCT-1,GARQ,D5,1,40,39,6,0.016627073,CD4 naive I
TGGGCGTGTCTGGTCG-1,GARQ,D5,1,40,39,5,0.07703233,CD8 memory
TGGGCGTGTGCACCAC-1,GARQ,D5,1,40,39,38,0.008801341,NK-T doublets
TGGGCGTTCAACTCTT-1,GARQ,D5,1,40,39,17,0.10510814,CD4 memory
TGGGCGTTCACATAGC-1,GARQ,D5,1,40,39,7,0.1019671,CD56dim CD16bright NK
TGGGCGTTCCCAAGAT-1,GARQ,D5,1,40,39,37,0.020381331,gdT cells
TGGTTAGAGTCACGCC-1,GARQ,D5,1,40,39,24,0.43145597,Naive B
TGGTTAGAGTGCGATG-1,GARQ,D5,1,40,39,13,0.00022554398,CD8 memory
TGGTTAGCACGGTAGA-1,GARQ,D5,1,40,39,4,0.055587888,CD56dim CD16bright NK
TGGTTAGCACGTCAGC-1,GARQ,D5,1,40,39,32,0.0018999577,CD4 memory
TGGTTAGGTAGGGACT-1,GARQ,D5,1,40,39,16,0.09657228,Classical monocytes
TGGTTAGGTGTGACGA-1,GARQ,D5,1,40,39,4,0.0439173,CD56bright CD16dim NK
TGGTTAGTCAACACCA-1,GARQ,D5,1,40,39,24,0.3321668,Naive B
TGGTTAGTCAGCGATT-1,GARQ,D5,1,40,39,34,0.014018416,CD4 memory
TGTATTCAGTCAATAG-1,GARQ,D5,1,40,39,5,0.055175304,CD8 memory
TGTATTCCACTTACGA-1,GARQ,D5,1,40,39,16,0.22397494,Classical monocytes
TGTATTCGTGGTCCGT-1,GARQ,D5,1,40,39,34,0.0069726706,CD4 naive I
TGTCCCAAGCCACGTC-1,GARQ,D5,1,40,39,7,0.0710361,CD56dim CD16bright NK
TGTCCCATCTTTACGT-1,GARQ,D5,1,40,39,34,0.013204813,CD4 memory
TGTGGTACAATGGACG-1,GARQ,D5,1,40,39,17,0.05431533,CD4 memory
TGTGGTACAGCCTATA-1,GARQ,D5,1,40,39,7,0.034381628,CD56dim CD16bright NK
TGTGGTATCACATACG-1,GARQ,D5,1,40,39,7,0.0015861988,CD56dim CD16bright NK
TGTGGTATCCGAATGT-1,GARQ,D5,1,40,39,17,0.03139174,CD4 memory
TGTGGTATCGTGTAGT-1,GARQ,D5,1,40,39,34,0.100011826,CD4 naive II
TGTGTTTAGATTACCC-1,GARQ,D5,1,40,39,4,0.05898881,CD56dim CD16bright NK
TGTGTTTCAAGCTGGA-1,GARQ,D5,1,40,39,4,0.071698785,CD56dim CD16bright NK
TGTGTTTGTCATTAGC-1,GARQ,D5,1,40,39,34,0.038893938,CD8 naive
TGTGTTTGTCTCCACT-1,GARQ,D5,1,40,39,34,0.10213685,CD4 naive I
TGTGTTTGTCTCTCGT-1,GARQ,D5,1,40,39,17,0.025589943,CD4 memory
TGTGTTTTCTTGTACT-1,GARQ,D5,1,40,39,2,0.048918843,CD56dim CD16bright NK
TGTTCCGAGCCCAACC-1,GARQ,D5,1,40,39,16,0.1643287,Neutrophils
TGTTCCGAGTTACGGG-1,GARQ,D5,1,40,39,4,0.029115677,CD56dim CD16bright NK
TGTTCCGCAGCCAGAA-1,GARQ,D5,1,40,39,16,0.1576786,Classical monocytes
TGTTCCGGTAGCGTCC-1,GARQ,D5,1,40,39,5,0.09774482,MAIT-NKT cells
TGTTCCGTCATTGCGA-1,GARQ,D5,1,40,39,16,0.15938973,Classical monocytes
TTAACTCAGACAGGCT-1,GARQ,D5,1,40,39,34,0.006586671,CD4 naive I
TTAACTCCAAAGTGCG-1,GARQ,D5,1,40,39,15,0.05129969,MAIT-NKT cells
TTAACTCCAAGGTTCT-1,GARQ,D5,1,40,39,33,0.011967182,CD8 memory
TTAACTCGTGTTTGGT-1,GARQ,D5,1,40,39,34,0.07373035,CD4 naive I
TTAACTCTCAGCTTAG-1,GARQ,D5,1,40,39,4,0.06721306,CD56dim CD16bright NK
TTAGGACAGCTGAACG-1,GARQ,D5,1,40,39,17,0.018143177,CD8 memory
TTAGGACAGGTGCTAG-1,GARQ,D5,1,40,39,24,0.06302333,Naive B
TTAGGACAGTACGACG-1,GARQ,D5,1,40,39,16,0.087669134,Neutrophils
TTAGGACCATGGATGG-1,GARQ,D5,1,40,39,4,0.11988115,CD56dim CD16bright NK
TTAGGACCATGTAGTC-1,GARQ,D5,1,40,39,7,0.04733646,CD56dim CD16bright NK
TTAGGACGTTTAAGCC-1,GARQ,D5,1,40,39,24,0.3148135,Naive B
TTAGGACTCACTTACT-1,GARQ,D5,1,40,39,16,0.14769077,Classical monocytes
TTAGGACTCAGGCCCA-1,GARQ,D5,1,40,39,34,0.039660692,CD4 memory
TTAGGCAAGGACGAAA-1,GARQ,D5,1,40,39,16,0.14301896,Classical monocytes
TTAGGCAAGGGTCTCC-1,GARQ,D5,1,40,39,32,0.008469105,CD8 memory
TTAGGCACATGGGACA-1,GARQ,D5,1,40,39,17,0.062375307,CD4 memory
TTAGGCAGTCCCTACT-1,GARQ,D5,1,40,39,16,0.10286951,Classical monocytes
TTAGGCATCTGATACG-1,GARQ,D5,1,40,39,17,0.019523859,CD4 memory
TTAGTTCAGACAGAGA-1,GARQ,D5,1,40,39,16,0.14908683,Classical monocytes
TTAGTTCCAACTGCTA-1,GARQ,D5,1,40,39,16,0.14124846,Classical monocytes
TTAGTTCGTCAGATAA-1,GARQ,D5,1,40,39,4,0.010041118,CD8 effector
TTAGTTCGTTTGACAC-1,GARQ,D5,1,40,39,21,0.07999921,CD8 effector
TTATGCTAGATGTGGC-1,GARQ,D5,1,40,39,5,0.05508375,CD8 memory
TTATGCTAGCTTCGCG-1,GARQ,D5,1,40,39,5,0.008533955,CD4 memory
TTATGCTCAGCCTTTC-1,GARQ,D5,1,40,39,17,0.0017369986,CD4 memory
TTATGCTTCAACTCTT-1,GARQ,D5,1,40,39,1,0.09119308,CD56dim CD16bright NK
TTCCCAGGTTCGGGCT-1,GARQ,D5,1,40,39,0,0.005727768,CD8 memory
TTCCCAGTCTGTACGA-1,GARQ,D5,1,40,39,2,0.008085489,CD8 effector
TTCGAAGAGGAATGGA-1,GARQ,D5,1,40,39,16,0.09164977,Classical monocytes
TTCGAAGGTACGAAAT-1,GARQ,D5,1,40,39,7,0.11631155,CD56dim CD16bright NK
TTCGAAGTCATAAAGG-1,GARQ,D5,1,40,39,37,0.0055440664,gdT cells
TTCGAAGTCGTCGTTC-1,GARQ,D5,1,40,39,38,0.010582089,NK-T doublets
TTCGAAGTCTGCCAGG-1,GARQ,D5,1,40,39,4,0.018393397,CD56dim CD16bright NK
TTCGGTCCATCGGGTC-1,GARQ,D5,1,40,39,24,0.21105814,Naive B
TTCGGTCGTATTACCG-1,GARQ,D5,1,40,39,2,0.035469055,CD56dim CD16bright NK
TTCGGTCGTGAGCGAT-1,GARQ,D5,1,40,39,35,0.04638338,CD8 effector
TTCGGTCGTGCAGTAG-1,GARQ,D5,1,40,39,13,0.018766403,CD4 memory
TTCGGTCTCAGCTCTC-1,GARQ,D5,1,40,39,7,0.17025566,CD56dim CD16bright NK
TTCGGTCTCCTCATTA-1,GARQ,D5,1,40,39,34,0.0039339066,CD4 memory
TTCTACAAGGTGTTAA-1,GARQ,D5,1,40,39,32,2.5391579e-05,CD4 memory
TTCTACAAGTACGATA-1,GARQ,D5,1,40,39,16,0.12058562,NK-monocyte doublets
TTCTACAGTCCAGTTA-1,GARQ,D5,1,40,39,4,0.011093855,CD56dim CD16bright NK
TTCTACAGTCGAAAGC-1,GARQ,D5,1,40,39,24,0.1056993,T-NK-B cell doublets
TTCTACATCAACACCA-1,GARQ,D5,1,40,39,34,0.053712726,CD4 naive II
TTCTCAAAGATCACGG-1,GARQ,D5,1,40,39,4,0.035806537,CD56dim CD16bright NK
TTCTCAAAGCCAACAG-1,GARQ,D5,1,40,39,16,0.2584896,Classical monocytes
TTCTCAAAGCGGCTTC-1,GARQ,D5,1,40,39,4,0.13833499,CD56dim CD16bright NK
TTCTCAAAGCTGGAAC-1,GARQ,D5,1,40,39,29,0.020847201,NK-T doublets
TTCTCAAAGGTGACCA-1,GARQ,D5,1,40,39,16,0.11756146,Platelet-bound monocytes
TTCTCAACACCTATCC-1,GARQ,D5,1,40,39,34,0.015536785,CD4 naive I
TTCTCAACATCGGTTA-1,GARQ,D5,1,40,39,5,0.20053768,MAIT-NKT cells
TTCTCAAGTTGATTCG-1,GARQ,D5,1,40,39,16,0.20302749,Classical monocytes
TTCTCAATCCGCATAA-1,GARQ,D5,1,40,39,4,0.056838036,CD56dim CD16bright NK
TTCTCCTAGAGTACAT-1,GARQ,D5,1,40,39,7,0.09164071,CD56dim CD16bright NK
TTCTCCTAGGTAGCTG-1,GARQ,D5,1,40,39,4,0.072396755,NK-T doublets
TTCTCCTAGTCCATAC-1,GARQ,D5,1,40,39,1,0.00043976307,CD8 effector
TTCTCCTCAGCCACCA-1,GARQ,D5,1,40,39,2,0.011661172,CD56dim CD16bright NK
TTCTCCTGTAGCAAAT-1,GARQ,D5,1,40,39,16,0.16972744,Classical monocytes
TTCTCCTTCTGGCGTG-1,GARQ,D5,1,40,39,7,0.018857837,CD56dim CD16bright NK
TTCTTAGAGGATGTAT-1,GARQ,D5,1,40,39,16,0.117672086,Classical monocytes
TTCTTAGCAATGACCT-1,GARQ,D5,1,40,39,34,0.06115806,CD4 naive I
TTCTTAGCATGCATGT-1,GARQ,D5,1,40,39,5,0.11215258,MAIT-NKT cells
TTGAACGAGGGTATCG-1,GARQ,D5,1,40,39,22,0.06674445,CD8 effector
TTGAACGGTGTATGGG-1,GARQ,D5,1,40,39,24,0.10296655,Memory B
TTGAACGTCCTTTCTC-1,GARQ,D5,1,40,39,34,0.07573736,CD4 naive I
TTGAACGTCTACTTAC-1,GARQ,D5,1,40,39,4,0.0081067085,CD56dim CD16bright NK
TTGACTTAGTTGAGTA-1,GARQ,D5,1,40,39,16,0.11830592,NK-monocyte doublets
TTGACTTGTGCCTTGG-1,GARQ,D5,1,40,39,34,0.09970164,CD8 naive
TTGACTTTCCCATTAT-1,GARQ,D5,1,40,39,16,0.18203688,Classical monocytes
TTGCCGTAGAACAACT-1,GARQ,D5,1,40,39,12,0.041509748,gdT cells
TTGCCGTCACTGTTAG-1,GARQ,D5,1,40,39,4,0.038656473,NK-T doublets
TTGCCGTCATATACCG-1,GARQ,D5,1,40,39,34,0.077512264,CD4 naive I
TTGCCGTGTCTTGCGG-1,GARQ,D5,1,40,39,32,0.02818191,CD8 memory
TTGCCGTGTGGCAAAC-1,GARQ,D5,1,40,39,34,0.011116266,CD4 naive I
TTGCCGTTCACGACTA-1,GARQ,D5,1,40,39,16,0.068092465,NK-monocyte doublets
TTGCGTCAGACGCACA-1,GARQ,D5,1,40,39,38,0.04192877,CD56bright CD16dim NK
TTGCGTCAGCCGGTAA-1,GARQ,D5,1,40,39,16,0.11761236,NK-monocyte doublets
TTGCGTCAGGATGTAT-1,GARQ,D5,1,40,39,4,0.09112358,CD56dim CD16bright NK
TTGCGTCCAATCACAC-1,GARQ,D5,1,40,39,29,0.041264057,gdT cells
TTGCGTCCATCCAACA-1,GARQ,D5,1,40,39,4,0.007005334,CD56dim CD16bright NK
TTGCGTCTCAACCAAC-1,GARQ,D5,1,40,39,5,0.1269058,MAIT-NKT cells
TTGCGTCTCGGAAACG-1,GARQ,D5,1,40,39,16,0.09131658,NK-monocyte doublets
TTGGAACAGCGTTGCC-1,GARQ,D5,1,40,39,17,0.080384254,CD4 memory
TTGGAACAGGTAAACT-1,GARQ,D5,1,40,39,7,0.050052643,CD56dim CD16bright NK
TTGGAACCATGCATGT-1,GARQ,D5,1,40,39,7,0.067483306,CD56dim CD16bright NK
TTGGAACTCGGCGCTA-1,GARQ,D5,1,40,39,24,0.67683053,Naive B
TTGGCAAAGAGTAATC-1,GARQ,D5,1,40,39,13,0.016699135,Regulatory T cells
TTGGCAAGTCTAGCGC-1,GARQ,D5,1,40,39,34,0.053297043,CD4 memory
TTGGCAAGTTTACTCT-1,GARQ,D5,1,40,39,34,0.08646655,CD4 naive I
TTGGCAATCCACTGGG-1,GARQ,D5,1,40,39,7,0.033714533,CD56dim CD16bright NK
TTGGCAATCGCAAACT-1,GARQ,D5,1,40,39,35,0.02985239,CD8 effector
TTGTAGGAGAGGTACC-1,GARQ,D5,1,40,39,34,0.031755686,CD4 naive I
TTGTAGGAGGACCACA-1,GARQ,D5,1,40,39,24,0.19419801,Naive B
TTGTAGGGTATAGGGC-1,GARQ,D5,1,40,39,10,0.026444674,NK-T doublets
TTGTAGGGTGCCTGCA-1,GARQ,D5,1,40,39,5,0.019466877,MAIT-NKT cells
TTTACTGAGTCTCAAC-1,GARQ,D5,1,40,39,35,0.07366705,gdT cells
TTTACTGAGTGGAGAA-1,GARQ,D5,1,40,39,24,0.641626,Naive B
TTTACTGCATGGTCAT-1,GARQ,D5,1,40,39,5,0.10876799,MAIT-NKT cells
TTTACTGTCCTAGGGC-1,GARQ,D5,1,40,39,38,0.022877455,CD56dim CD16bright NK
TTTATGCTCAGCCTAA-1,GARQ,D5,1,40,39,24,0.112683654,Memory B
TTTATGCTCCACTGGG-1,GARQ,D5,1,40,39,4,0.0006016493,CD56dim CD16bright NK
TTTATGCTCCAGATCA-1,GARQ,D5,1,40,39,34,0.018078089,CD4 naive I
TTTCCTCCAGATTGCT-1,GARQ,D5,1,40,39,16,0.2686026,Neutrophils
TTTCCTCCAGGACCCT-1,GARQ,D5,1,40,39,16,0.124988556,Platelet-bound monocytes
TTTCCTCCATTACCTT-1,GARQ,D5,1,40,39,16,0.11349821,Classical monocytes
TTTCCTCGTGAAAGAG-1,GARQ,D5,1,40,39,35,0.024223447,CD56dim CD16bright NK
TTTGCGCAGTCCATAC-1,GARQ,D5,1,40,39,5,0.11123085,MAIT-NKT cells
TTTGCGCAGTTGTCGT-1,GARQ,D5,1,40,39,34,0.0069350004,Erythroid 
TTTGCGCCACCTTGTC-1,GARQ,D5,1,40,39,34,0.033750415,CD4 naive I
TTTGCGCCAGATCCAT-1,GARQ,D5,1,40,39,7,0.031750202,CD56dim CD16bright NK
TTTGCGCGTTCGCGAC-1,GARQ,D5,1,40,39,26,0.09191084,Memory B
TTTGCGCTCATAAAGG-1,GARQ,D5,1,40,39,26,0.3529806,conventional DC
TTTGCGCTCATTGCGA-1,GARQ,D5,1,40,39,6,0.01580584,Erythroid 
TTTGGTTAGCTGCGAA-1,GARQ,D5,1,40,39,35,0.009023428,CD8 effector
TTTGGTTGTGTCTGAT-1,GARQ,D5,1,40,39,4,0.058222294,CD56dim CD16bright NK
TTTGGTTTCATCGATG-1,GARQ,D5,1,40,39,39,0.05070862,Platelets
TTTGGTTTCCCAGGTG-1,GARQ,D5,1,40,39,16,0.08575678,Classical monocytes
TTTGGTTTCTATCCTA-1,GARQ,D5,1,40,39,34,0.110019445,CD4 naive II
TTTGGTTTCTCTAGGA-1,GARQ,D5,1,40,39,5,0.023305893,gdT cells
TTTGTCAAGCTAACTC-1,GARQ,D5,1,40,39,16,0.159819,Classical monocytes
TTTGTCACAAGGTGTG-1,GARQ,D5,1,40,39,34,0.0013918877,CD8 naive
TTTGTCAGTAAGTGTA-1,GARQ,D5,1,40,39,6,0.0009249449,CD8 naive
