cell_id,method,dataset,seed,requested_K,realized_K,metacell_id,delta_confidence,cell_type
AAACCTGAGGATTCGG-1,GARQ,D5,0,40,38,4,0.008937597,CD4 naive I
AAACCTGCACCACGTG-1,GARQ,D5,0,40,38,13,0.047581196,CD8 effector
AAACCTGCACTCGACG-1,GARQ,D5,0,40,38,6,0.1424259,Platelet-bound monocytes
AAACCTGCATAGACTC-1,GARQ,D5,0,40,38,8,0.084546804,gdT cells
AAACCTGCATGCATGT-1,GARQ,D5,0,40,38,14,0.0019513369,CD4 naive II
AAACCTGTCAATCTCT-1,GARQ,D5,0,40,38,5,0.034538984,CD56bright CD16dim NK
AAACGGGCACCTCGTT-1,GARQ,D5,0,40,38,6,0.16724968,Neutrophils
AAACGGGGTGAGGCTA-1,GARQ,D5,0,40,38,6,0.0818851,Non classical monocytes
AAACGGGTCGGGAGTA-1,GARQ,D5,0,40,38,6,0.13241959,Classical monocytes
AAACGGGTCTGATTCT-1,GARQ,D5,0,40,38,36,0.18485773,Naive B
AAAGATGCAGCAGTTT-1,GARQ,D5,0,40,38,3,0.041821003,Memory B
AAAGATGGTGTCTGAT-1,GARQ,D5,0,40,38,13,0.0035208464,CD4 memory
AAAGCAAAGACAGGCT-1,GARQ,D5,0,40,38,6,0.17642224,Non classical monocytes
AAAGCAAAGAGTCTGG-1,GARQ,D5,0,40,38,24,0.08862162,CD4 naive I
AAAGCAACATATACGC-1,GARQ,D5,0,40,38,5,0.07178974,CD56dim CD16bright NK
AAAGCAACATCATCCC-1,GARQ,D5,0,40,38,6,0.1252116,Classical monocytes
AAAGCAAGTTAGATGA-1,GARQ,D5,0,40,38,24,0.07650161,CD8 naive
AAAGTAGAGTGAAGAG-1,GARQ,D5,0,40,38,37,0.0014859438,CD4 naive I
AAAGTAGCACCGAATT-1,GARQ,D5,0,40,38,19,0.022214174,CD56bright CD16dim NK
AAAGTAGCACTTAACG-1,GARQ,D5,0,40,38,19,0.018431902,CD56dim CD16bright NK
AAAGTAGCATAGGATA-1,GARQ,D5,0,40,38,6,0.13303268,Non classical monocytes
AAAGTAGGTACTTGAC-1,GARQ,D5,0,40,38,37,0.008135438,CD4 naive I
AAAGTAGGTGCAACGA-1,GARQ,D5,0,40,38,13,0.018366456,CD8 memory
AAAGTAGGTTACCGAT-1,GARQ,D5,0,40,38,6,0.105404854,Neutrophils
AAAGTAGGTTGCGCAC-1,GARQ,D5,0,40,38,38,0.040679693,CD8 memory
AAATGCCAGAATGTGT-1,GARQ,D5,0,40,38,6,0.18946528,Classical monocytes
AAATGCCAGGAGTTGC-1,GARQ,D5,0,40,38,37,0.006548643,CD8 naive
AAATGCCGTCCAGTAT-1,GARQ,D5,0,40,38,1,0.07514429,CD56dim CD16bright NK
AAATGCCTCCGATATG-1,GARQ,D5,0,40,38,25,0.020733237,gdT cells
AAATGCCTCGTGACAT-1,GARQ,D5,0,40,38,1,0.0035258532,CD56dim CD16bright NK
AACACGTGTCAAAGCG-1,GARQ,D5,0,40,38,1,0.061567187,CD56dim CD16bright NK
AACACGTGTTTAGCTG-1,GARQ,D5,0,40,38,5,0.041506052,CD56dim CD16bright NK
AACCATGAGTGGGCTA-1,GARQ,D5,0,40,38,9,0.062494278,CD56dim CD16bright NK
AACCATGCAGCCAGAA-1,GARQ,D5,0,40,38,19,0.022002816,NK-T doublets
AACCATGGTACAGCAG-1,GARQ,D5,0,40,38,1,0.089538455,CD56dim CD16bright NK
AACCGCGAGTATCTCG-1,GARQ,D5,0,40,38,36,0.11886209,Memory B
AACCGCGAGTGGGCTA-1,GARQ,D5,0,40,38,5,0.104483366,CD56dim CD16bright NK
AACCGCGCAATAGAGT-1,GARQ,D5,0,40,38,1,0.022781134,CD56dim CD16bright NK
AACCGCGGTATATGAG-1,GARQ,D5,0,40,38,6,0.05105114,Classical monocytes
AACCGCGGTTGCGCAC-1,GARQ,D5,0,40,38,6,0.14431763,Non classical monocytes
AACCGCGGTTGTACAC-1,GARQ,D5,0,40,38,1,0.14900422,CD56dim CD16bright NK
AACCGCGGTTTGGCGC-1,GARQ,D5,0,40,38,9,0.086775064,CD56bright CD16dim NK
AACCGCGTCTGCGGCA-1,GARQ,D5,0,40,38,20,0.000106573105,CD4 memory
AACGTTGAGAGTAATC-1,GARQ,D5,0,40,38,13,0.07171726,MAIT-NKT cells
AACGTTGAGCGTGAAC-1,GARQ,D5,0,40,38,1,0.0018253326,CD56dim CD16bright NK
AACGTTGCAATGGTCT-1,GARQ,D5,0,40,38,9,0.027780056,CD56bright CD16dim NK
AACGTTGCACGAGGTA-1,GARQ,D5,0,40,38,6,0.06608689,Non classical monocytes
AACGTTGGTTCCTCCA-1,GARQ,D5,0,40,38,19,0.015978813,CD8 memory
AACGTTGTCTGCAAGT-1,GARQ,D5,0,40,38,19,0.04093647,CD8 effector
AACTCAGAGCTACCTA-1,GARQ,D5,0,40,38,25,0.0028862953,CD56dim CD16bright NK
AACTCAGGTATAATGG-1,GARQ,D5,0,40,38,19,0.040706098,CD56dim CD16bright NK
AACTCAGTCAACGGGA-1,GARQ,D5,0,40,38,30,0.0450083,T-NK-B cell doublets
AACTCAGTCCACGCAG-1,GARQ,D5,0,40,38,13,0.025568545,CD56bright CD16dim NK
AACTCAGTCTAGAGTC-1,GARQ,D5,0,40,38,6,0.09472537,Classical monocytes
AACTCCCAGGTGGGTT-1,GARQ,D5,0,40,38,20,0.0865283,CD4 naive I
AACTCCCCACAGACTT-1,GARQ,D5,0,40,38,19,0.03097105,CD4 memory
AACTCCCGTGGTTTCA-1,GARQ,D5,0,40,38,36,0.2059151,Naive B
AACTCTTAGACTACAA-1,GARQ,D5,0,40,38,24,0.046967983,CD8 naive
AACTCTTAGCATGGCA-1,GARQ,D5,0,40,38,1,0.08251631,CD56dim CD16bright NK
AACTCTTAGTGGACGT-1,GARQ,D5,0,40,38,5,0.12951076,CD8 effector
AACTCTTCAAGCGAGT-1,GARQ,D5,0,40,38,6,0.08497989,Classical monocytes
AACTCTTGTCAGGACA-1,GARQ,D5,0,40,38,8,0.026115775,CD56dim CD16bright NK
AACTCTTTCCGCATCT-1,GARQ,D5,0,40,38,19,0.0446527,CD56bright CD16dim NK
AACTCTTTCTTCGAGA-1,GARQ,D5,0,40,38,20,0.047215104,CD4 memory
AACTGGTCACCACCAG-1,GARQ,D5,0,40,38,20,0.11244893,CD4 naive I
AACTGGTGTACTCTCC-1,GARQ,D5,0,40,38,5,0.024037719,CD56dim CD16bright NK
AACTGGTGTCCGTCAG-1,GARQ,D5,0,40,38,36,0.09813905,Memory B
AACTGGTTCACAGGCC-1,GARQ,D5,0,40,38,13,0.026883721,MAIT-NKT cells
AACTTTCCAGATTGCT-1,GARQ,D5,0,40,38,25,0.09634483,gdT cells
AACTTTCCAGCTGGCT-1,GARQ,D5,0,40,38,20,0.12341875,T-NK-B cell doublets
AACTTTCCATAAGACA-1,GARQ,D5,0,40,38,36,0.03225833,T-NK-B cell doublets
AACTTTCGTATAGGGC-1,GARQ,D5,0,40,38,6,0.1713394,Platelet-bound monocytes
AACTTTCTCATCACCC-1,GARQ,D5,0,40,38,1,0.02102828,CD56dim CD16bright NK
AAGACCTAGGAGTTTA-1,GARQ,D5,0,40,38,25,0.04470408,gdT cells
AAGACCTCACCCATTC-1,GARQ,D5,0,40,38,6,0.27169728,Platelet-bound monocytes
AAGACCTCAGTGGAGT-1,GARQ,D5,0,40,38,37,0.05073607,CD4 naive I
AAGACCTTCAAGAAGT-1,GARQ,D5,0,40,38,6,0.15190458,Platelet-bound monocytes
AAGCCGCAGCCAGTTT-1,GARQ,D5,0,40,38,8,0.07936704,CD8 effector
AAGCCGCCAACGCACC-1,GARQ,D5,0,40,38,19,0.025331497,NK-T doublets
AAGCCGCCAAGCCGCT-1,GARQ,D5,0,40,38,6,0.12870103,conventional DC
AAGCCGCGTCACTTCC-1,GARQ,D5,0,40,38,5,0.058987617,CD56dim CD16bright NK
AAGCCGCTCGAATGGG-1,GARQ,D5,0,40,38,24,0.030524194,CD8 naive
AAGGAGCAGACCTTTG-1,GARQ,D5,0,40,38,24,0.028140783,CD4 naive I
AAGGAGCAGACTTGAA-1,GARQ,D5,0,40,38,5,0.00996393,CD56dim CD16bright NK
AAGGAGCAGGCAGTCA-1,GARQ,D5,0,40,38,5,0.15591812,gdT cells
AAGGAGCCAAGCTGAG-1,GARQ,D5,0,40,38,6,0.034191847,NK-monocyte doublets
AAGGAGCGTCCGAGTC-1,GARQ,D5,0,40,38,32,0.0053795576,CD4 memory
AAGGAGCGTCCTAGCG-1,GARQ,D5,0,40,38,6,0.1489594,Non classical monocytes
AAGGCAGTCACTTATC-1,GARQ,D5,0,40,38,33,0.0064929724,CD4 naive I
AAGGCAGTCGGCTTGG-1,GARQ,D5,0,40,38,5,0.06694734,CD56dim CD16bright NK
AAGGCAGTCGGTGTTA-1,GARQ,D5,0,40,38,11,0.18924248,Erythroid 
AAGGCAGTCGTAGATC-1,GARQ,D5,0,40,38,13,0.14065921,CD8 memory
AAGGCAGTCTCAAACG-1,GARQ,D5,0,40,38,6,0.17120588,Classical monocytes
AAGGTTCAGGCGCTCT-1,GARQ,D5,0,40,38,5,0.0937866,CD56dim CD16bright NK
AAGGTTCGTCCAGTGC-1,GARQ,D5,0,40,38,25,0.02688849,CD8 effector
AAGGTTCGTTACGTCA-1,GARQ,D5,0,40,38,32,0.032109976,MAIT-NKT cells
AAGTCTGAGGGCACTA-1,GARQ,D5,0,40,38,5,0.06388104,CD56dim CD16bright NK
AAGTCTGGTCGACTGC-1,GARQ,D5,0,40,38,6,0.09166813,Classical monocytes
AAGTCTGGTGATAAAC-1,GARQ,D5,0,40,38,6,0.13058078,Classical monocytes
AAGTCTGGTGCTAGCC-1,GARQ,D5,0,40,38,5,0.059720755,CD56dim CD16bright NK
AATCCAGGTAACGTTC-1,GARQ,D5,0,40,38,20,0.03732264,CD4 memory
AATCCAGGTCTGATCA-1,GARQ,D5,0,40,38,7,0.017368197,CD56bright CD16dim NK
AATCCAGGTGAACCTT-1,GARQ,D5,0,40,38,6,0.14551032,Classical monocytes
AATCCAGGTTTGCATG-1,GARQ,D5,0,40,38,36,0.13422161,Naive B
AATCGGTCAAGCCATT-1,GARQ,D5,0,40,38,8,0.12771177,CD8 effector
AATCGGTCACACGCTG-1,GARQ,D5,0,40,38,2,0.0014199018,CD4 and CD8 activated memory
AATCGGTCACGGCTAC-1,GARQ,D5,0,40,38,6,0.09782231,Neutrophils
AATCGGTCATAAAGGT-1,GARQ,D5,0,40,38,20,0.10013986,CD4 memory
AATCGGTGTCCGAGTC-1,GARQ,D5,0,40,38,24,0.057463646,CD4 memory
AATCGGTTCCTATGTT-1,GARQ,D5,0,40,38,6,0.11607611,Classical monocytes
ACACCAAAGTCATCCA-1,GARQ,D5,0,40,38,6,0.10953045,Classical monocytes
ACACCAAAGTGTTGAA-1,GARQ,D5,0,40,38,6,0.074979424,Classical monocytes
ACACCAACAAAGGAAG-1,GARQ,D5,0,40,38,6,0.099580646,Classical monocytes
ACACCAAGTCACCTAA-1,GARQ,D5,0,40,38,8,0.13324142,MAIT-NKT cells
ACACCAAGTCACTGGC-1,GARQ,D5,0,40,38,6,0.11922574,Classical monocytes
ACACCAATCAGGCGAA-1,GARQ,D5,0,40,38,5,0.041947126,CD56dim CD16bright NK
ACACCAATCCAGTATG-1,GARQ,D5,0,40,38,24,0.057012558,CD4 memory
ACACCCTTCATTGCGA-1,GARQ,D5,0,40,38,36,0.16501391,Naive B
ACACCGGAGTCCGGTC-1,GARQ,D5,0,40,38,10,0.09937751,CD4 naive I
ACACCGGCAGATTGCT-1,GARQ,D5,0,40,38,19,0.0013465881,gdT cells
ACACCGGGTACATCCA-1,GARQ,D5,0,40,38,36,0.24300408,Naive B
ACACCGGTCAAACCAC-1,GARQ,D5,0,40,38,6,0.16373444,Neutrophils
ACACCGGTCCGCAAGC-1,GARQ,D5,0,40,38,24,0.023232222,CD4 memory
ACACCGGTCTTGTCAT-1,GARQ,D5,0,40,38,6,0.14611757,Classical monocytes
ACACTGAAGACTTGAA-1,GARQ,D5,0,40,38,5,0.035934806,CD56dim CD16bright NK
ACACTGAGTGTGCGTC-1,GARQ,D5,0,40,38,36,0.009086609,Naive B
ACACTGATCGTACGGC-1,GARQ,D5,0,40,38,36,0.17005306,T-NK-B cell doublets
ACACTGATCTATGTGG-1,GARQ,D5,0,40,38,10,0.05547452,CD4 naive II
ACACTGATCTGATTCT-1,GARQ,D5,0,40,38,25,0.015556216,CD8 memory
ACAGCCGAGGTGCAAC-1,GARQ,D5,0,40,38,6,0.052494645,Platelets
ACAGCCGAGTTTGCGT-1,GARQ,D5,0,40,38,19,0.013762593,CD56dim CD16bright NK
ACAGCCGCATCCCACT-1,GARQ,D5,0,40,38,6,0.2019229,Classical monocytes
ACAGCCGGTATAAACG-1,GARQ,D5,0,40,38,25,0.03753543,gdT cells
ACAGCTAAGGACAGCT-1,GARQ,D5,0,40,38,1,0.004435301,CD56dim CD16bright NK
ACAGCTAGTCCAGTTA-1,GARQ,D5,0,40,38,1,0.04734516,CD56dim CD16bright NK
ACAGCTAGTCTTCGTC-1,GARQ,D5,0,40,38,6,0.11305678,Neutrophils
ACAGCTATCGCTTGTC-1,GARQ,D5,0,40,38,3,0.0025029182,Naive B
ACATACGAGTTCGATC-1,GARQ,D5,0,40,38,36,0.2166847,Naive B
ACATACGCAAGCTGGA-1,GARQ,D5,0,40,38,1,0.0297935,CD56dim CD16bright NK
ACATACGCAATGGTCT-1,GARQ,D5,0,40,38,13,0.01748097,MAIT-NKT cells
ACATACGCATGTCCTC-1,GARQ,D5,0,40,38,5,0.13449144,CD56dim CD16bright NK
ACATACGCATTGGCGC-1,GARQ,D5,0,40,38,18,0.019742966,CD4 and CD8 activated memory
ACATACGGTGTGCCTG-1,GARQ,D5,0,40,38,32,0.0010796785,CD8 naive
ACATACGTCACATGCA-1,GARQ,D5,0,40,38,13,0.032049537,gdT cells
ACATCAGCAACGCACC-1,GARQ,D5,0,40,38,6,0.20693517,Classical monocytes
ACATCAGGTACAGCAG-1,GARQ,D5,0,40,38,20,0.0549227,CD4 naive I
ACATCAGTCGCGGATC-1,GARQ,D5,0,40,38,6,0.3831632,Platelet-bound monocytes
ACATGGTAGAGGGATA-1,GARQ,D5,0,40,38,13,0.011532903,CD8 memory
ACATGGTAGTGTTAGA-1,GARQ,D5,0,40,38,9,0.10350752,CD56bright CD16dim NK
ACATGGTGTCTGCAAT-1,GARQ,D5,0,40,38,24,0.002722621,CD4 memory
ACATGGTTCACGATGT-1,GARQ,D5,0,40,38,37,0.13295698,CD8 naive
ACATGGTTCCACGACG-1,GARQ,D5,0,40,38,37,0.0453403,CD8 naive
ACCAGTAAGAGTTGGC-1,GARQ,D5,0,40,38,1,0.16096592,CD56dim CD16bright NK
ACCAGTAAGCACCGCT-1,GARQ,D5,0,40,38,25,0.055500746,gdT cells
ACCAGTACAGCGAACA-1,GARQ,D5,0,40,38,6,0.056664705,Classical monocytes
ACCAGTAGTACTTCTT-1,GARQ,D5,0,40,38,6,0.14847362,NK-monocyte doublets
ACCAGTAGTTACGACT-1,GARQ,D5,0,40,38,25,0.010654211,gdT cells
ACCAGTAGTTCGCGAC-1,GARQ,D5,0,40,38,36,0.23134816,T-NK-B cell doublets
ACCAGTATCATAAAGG-1,GARQ,D5,0,40,38,5,0.032498002,CD56dim CD16bright NK
ACCAGTATCGCCTGTT-1,GARQ,D5,0,40,38,6,0.0907886,Non classical monocytes
ACCCACTAGCAACGGT-1,GARQ,D5,0,40,38,36,0.1272099,Memory B
ACCCACTCACGCCAGT-1,GARQ,D5,0,40,38,18,0.06986606,CD8 memory
ACCCACTTCCATGCTC-1,GARQ,D5,0,40,38,6,0.14047432,Neutrophils
ACCGTAAAGCCAGGAT-1,GARQ,D5,0,40,38,32,0.03900051,CD8 naive
ACCGTAAAGCGATTCT-1,GARQ,D5,0,40,38,10,0.00034964085,CD8 naive
ACCGTAAGTAGTAGTA-1,GARQ,D5,0,40,38,5,0.07332647,CD56dim CD16bright NK
ACCGTAATCAGGTAAA-1,GARQ,D5,0,40,38,1,0.083886504,CD56dim CD16bright NK
ACCTTTACACATCTTT-1,GARQ,D5,0,40,38,6,0.1336478,NK-monocyte doublets
ACCTTTACACTTACGA-1,GARQ,D5,0,40,38,13,0.001296401,CD8 naive
ACCTTTACAGGCGATA-1,GARQ,D5,0,40,38,6,0.26579833,Classical monocytes
ACCTTTAGTTCGTGAT-1,GARQ,D5,0,40,38,24,0.015101552,CD4 memory
ACGAGCCAGTGAACGC-1,GARQ,D5,0,40,38,24,0.058713436,CD4 memory
ACGAGCCGTCGCGAAA-1,GARQ,D5,0,40,38,37,0.019770622,CD4 memory
ACGAGCCGTCGGCACT-1,GARQ,D5,0,40,38,20,0.03771615,CD4 naive I
ACGAGCCTCTAGCACA-1,GARQ,D5,0,40,38,0,0.042108893,CD8 memory
ACGAGGACAATGAAAC-1,GARQ,D5,0,40,38,5,0.015920877,CD8 effector
ACGAGGACAGGATTGG-1,GARQ,D5,0,40,38,36,0.03109467,Naive B
ACGAGGACATCCTTGC-1,GARQ,D5,0,40,38,1,0.14979053,CD56dim CD16bright NK
ACGAGGACATTGCGGC-1,GARQ,D5,0,40,38,18,0.030156136,gdT cells
ACGAGGAGTAAGTTCC-1,GARQ,D5,0,40,38,25,0.031429052,gdT cells
ACGAGGATCAACGAAA-1,GARQ,D5,0,40,38,24,0.025376797,Regulatory T cells
ACGATACGTAATCGTC-1,GARQ,D5,0,40,38,25,0.00973618,CD8 memory
ACGATACGTGTATGGG-1,GARQ,D5,0,40,38,11,0.25500095,Erythroid 
ACGATACGTTTCGCTC-1,GARQ,D5,0,40,38,20,0.025626421,CD4 naive I
ACGATACTCAGATAAG-1,GARQ,D5,0,40,38,20,0.0059556365,CD4 naive II
ACGATGTAGAGTGAGA-1,GARQ,D5,0,40,38,37,0.050643206,CD8 naive
ACGATGTCAGTCAGAG-1,GARQ,D5,0,40,38,6,0.09139001,Classical monocytes
ACGATGTGTAGGCTGA-1,GARQ,D5,0,40,38,19,0.011867762,gdT cells
ACGCAGCTCGGCGGTT-1,GARQ,D5,0,40,38,37,0.05940646,CD8 memory
ACGCCAGAGCCACCTG-1,GARQ,D5,0,40,38,8,0.11356163,CD8 effector
ACGCCAGAGCGAGAAA-1,GARQ,D5,0,40,38,36,0.28620732,Memory B
ACGCCAGAGTGGTCCC-1,GARQ,D5,0,40,38,18,0.025876284,CD8 memory
ACGCCAGGTCCCGACA-1,GARQ,D5,0,40,38,24,0.10334802,CD4 memory
ACGCCAGTCCCAACGG-1,GARQ,D5,0,40,38,8,0.041947126,NK-T doublets
ACGCCGAAGCCAACAG-1,GARQ,D5,0,40,38,19,0.074514985,gdT cells
ACGCCGAAGTGACTCT-1,GARQ,D5,0,40,38,1,0.07190871,CD56dim CD16bright NK
ACGCCGACAAAGCAAT-1,GARQ,D5,0,40,38,6,0.17794943,Classical monocytes
ACGCCGACACCTGGTG-1,GARQ,D5,0,40,38,24,0.10984111,CD4 memory
ACGCCGAGTGTGAAAT-1,GARQ,D5,0,40,38,6,0.1837225,Classical monocytes
ACGGAGAAGAAACCAT-1,GARQ,D5,0,40,38,6,0.12593257,NK-monocyte doublets
ACGGAGACACCTGGTG-1,GARQ,D5,0,40,38,6,0.12611604,Classical monocytes
ACGGAGATCAGTCAGT-1,GARQ,D5,0,40,38,7,0.028283834,CD8 effector
ACGGCCAAGGCATTGG-1,GARQ,D5,0,40,38,5,0.07155466,CD56dim CD16bright NK
ACGGCCAAGTAACCCT-1,GARQ,D5,0,40,38,37,0.109023094,CD8 naive
ACGGCCACAAGACACG-1,GARQ,D5,0,40,38,10,0.018030822,CD8 naive
ACGGCCACAATCGGTT-1,GARQ,D5,0,40,38,16,0.023659468,NK-monocyte doublets
ACGGCCACAGCCTATA-1,GARQ,D5,0,40,38,1,0.12951219,CD56dim CD16bright NK
ACGGCCAGTGAGTATA-1,GARQ,D5,0,40,38,6,0.066657186,Neutrophils
ACGGGCTAGCGATAGC-1,GARQ,D5,0,40,38,1,0.14265859,CD56dim CD16bright NK
ACGGGCTAGCGTGAGT-1,GARQ,D5,0,40,38,13,0.02471304,gdT cells
ACGGGCTAGGAACTGC-1,GARQ,D5,0,40,38,16,0.1751647,NK-monocyte doublets
ACGGGCTAGTACTTGC-1,GARQ,D5,0,40,38,36,0.030038655,T-NK-B cell doublets
ACGGGCTCATGCTGGC-1,GARQ,D5,0,40,38,6,0.035397172,Non classical monocytes
ACGGGCTTCTTTACAC-1,GARQ,D5,0,40,38,20,0.016156316,Regulatory T cells
ACGGGTCAGAGCTGCA-1,GARQ,D5,0,40,38,6,0.25774467,Neutrophils
ACGGGTCAGCTAACAA-1,GARQ,D5,0,40,38,36,0.042845964,Naive B
ACGGGTCTCAAACCAC-1,GARQ,D5,0,40,38,5,0.025034785,CD56dim CD16bright NK
ACGGGTCTCCCTCTTT-1,GARQ,D5,0,40,38,6,0.14158225,NK-monocyte doublets
ACGTCAAAGACTAAGT-1,GARQ,D5,0,40,38,6,0.014762998,Classical monocytes
ACTATCTAGGGTCTCC-1,GARQ,D5,0,40,38,6,0.06942439,NK-monocyte doublets
ACTATCTTCCCTAACC-1,GARQ,D5,0,40,38,6,0.08957386,Classical monocytes
ACTATCTTCGCGGATC-1,GARQ,D5,0,40,38,5,0.109448195,CD56dim CD16bright NK
ACTGAACCAGCTGCAC-1,GARQ,D5,0,40,38,6,0.12929714,Classical monocytes
ACTGATGAGTCGTACT-1,GARQ,D5,0,40,38,6,0.042889357,Non classical monocytes
ACTGATGCACAGATTC-1,GARQ,D5,0,40,38,5,0.079835415,CD56dim CD16bright NK
ACTGATGCACGTCAGC-1,GARQ,D5,0,40,38,24,0.037005663,CD4 naive I
ACTGATGCAGGCAGTA-1,GARQ,D5,0,40,38,2,0.008720517,CD8 memory
ACTGATGCATGCATGT-1,GARQ,D5,0,40,38,5,0.04634404,CD56dim CD16bright NK
ACTGATGGTTTCGCTC-1,GARQ,D5,0,40,38,19,0.008756995,CD56dim CD16bright NK
ACTGATGTCACATGCA-1,GARQ,D5,0,40,38,27,0.0025968552,CD4 naive I
ACTGATGTCTACCTGC-1,GARQ,D5,0,40,38,13,0.0780381,MAIT-NKT cells
ACTGATGTCTTAGCCC-1,GARQ,D5,0,40,38,6,0.13232946,Classical monocytes
ACTGATGTCTTGCATT-1,GARQ,D5,0,40,38,8,0.0248847,NK-T doublets
ACTGCTCAGTACGTAA-1,GARQ,D5,0,40,38,9,0.04481995,gdT cells
ACTGCTCCAGACAAAT-1,GARQ,D5,0,40,38,37,0.026631713,CD8 naive
ACTGCTCCAGCTGTTA-1,GARQ,D5,0,40,38,16,0.1077103,Non classical monocytes
ACTGCTCTCCAGTATG-1,GARQ,D5,0,40,38,7,0.01018393,NK-T doublets
ACTGTCCCAATGGAAT-1,GARQ,D5,0,40,38,20,0.06257808,CD4 naive I
ACTGTCCGTCTCGTTC-1,GARQ,D5,0,40,38,5,0.011941671,CD56dim CD16bright NK
ACTGTCCGTGTAAGTA-1,GARQ,D5,0,40,38,13,0.060569406,MAIT-NKT cells
ACTGTCCTCCTGCAGG-1,GARQ,D5,0,40,38,36,0.1353581,Naive B
ACTTACTCACAACTGT-1,GARQ,D5,0,40,38,6,0.15279555,Classical monocytes
ACTTACTCAGCTGTGC-1,GARQ,D5,0,40,38,6,0.1746254,Classical monocytes
ACTTGTTAGACGCTTT-1,GARQ,D5,0,40,38,36,0.29330015,Naive B
ACTTGTTCAAGCGATG-1,GARQ,D5,0,40,38,32,0.05180633,CD8 memory
ACTTGTTCAGATCCAT-1,GARQ,D5,0,40,38,7,0.01256156,CD8 effector
ACTTTCAAGCAGACTG-1,GARQ,D5,0,40,38,13,0.00081419945,CD8 naive
ACTTTCAAGCTAGGCA-1,GARQ,D5,0,40,38,6,0.08148122,Classical monocytes
ACTTTCACACTGTCGG-1,GARQ,D5,0,40,38,36,0.08623737,Naive B
ACTTTCAGTAGCACGA-1,GARQ,D5,0,40,38,37,0.12649357,CD8 naive
ACTTTCAGTCAATACC-1,GARQ,D5,0,40,38,5,0.10533464,CD56dim CD16bright NK
ACTTTCAGTTAGATGA-1,GARQ,D5,0,40,38,32,0.0055361986,CD8 naive
AGAATAGGTAAACACA-1,GARQ,D5,0,40,38,36,0.13599175,Naive B
AGAATAGGTAAGGGAA-1,GARQ,D5,0,40,38,5,0.026700974,CD56dim CD16bright NK
AGAATAGGTCTCCCTA-1,GARQ,D5,0,40,38,5,0.051379263,CD56bright CD16dim NK
AGAATAGGTGTCAATC-1,GARQ,D5,0,40,38,1,0.004708171,CD56dim CD16bright NK
AGAATAGTCACTCTTA-1,GARQ,D5,0,40,38,37,0.04317844,CD4 naive I
AGACGTTAGCCACCTG-1,GARQ,D5,0,40,38,8,0.061420202,CD8 effector
AGACGTTCAATACGCT-1,GARQ,D5,0,40,38,20,0.033139944,CD4 naive I
AGACGTTGTGTTAAGA-1,GARQ,D5,0,40,38,5,0.0005698204,CD56dim CD16bright NK
AGACGTTTCAACGGGA-1,GARQ,D5,0,40,38,6,0.09831834,Classical monocytes
AGACGTTTCTACTATC-1,GARQ,D5,0,40,38,6,0.22102678,Classical monocytes
AGAGCGAAGGTGTTAA-1,GARQ,D5,0,40,38,6,0.09343052,Neutrophils
AGAGCGACAGGGAGAG-1,GARQ,D5,0,40,38,20,0.30722046,CD4 memory
AGAGCGAGTATATCCG-1,GARQ,D5,0,40,38,20,0.022266746,CD4 memory
AGAGCGAGTTGATTCG-1,GARQ,D5,0,40,38,24,0.10278988,CD4 memory
AGAGCGATCCGTTGCT-1,GARQ,D5,0,40,38,29,0.0053696632,CD8 naive
AGAGCTTGTATGAATG-1,GARQ,D5,0,40,38,37,0.036221385,CD4 naive I
AGAGCTTTCGGCTTGG-1,GARQ,D5,0,40,38,36,0.11639583,T-NK-B cell doublets
AGAGTGGAGTGAAGAG-1,GARQ,D5,0,40,38,24,0.024814844,CD4 memory
AGAGTGGAGTGATCGG-1,GARQ,D5,0,40,38,39,0.04662758,plasmacytoid DC
AGAGTGGCATTCCTGC-1,GARQ,D5,0,40,38,2,0.07660389,CD4 memory
AGAGTGGTCTTCTGGC-1,GARQ,D5,0,40,38,25,0.004630804,CD8 effector
AGATCTGAGCTGCAAG-1,GARQ,D5,0,40,38,36,0.35300112,Memory B
AGATCTGAGTACGCGA-1,GARQ,D5,0,40,38,5,0.03102994,CD56dim CD16bright NK
AGATCTGAGTCGATAA-1,GARQ,D5,0,40,38,8,0.005057454,CD8 memory
AGATCTGCACCTCGTT-1,GARQ,D5,0,40,38,20,0.0070943832,CD4 naive I
AGATCTGCACGTTGGC-1,GARQ,D5,0,40,38,7,0.07170379,CD8 effector
AGATCTGCAGTATAAG-1,GARQ,D5,0,40,38,37,0.009844303,CD8 naive
AGATTGCAGACAGGCT-1,GARQ,D5,0,40,38,6,0.08975029,Classical monocytes
AGATTGCCAGCTGTTA-1,GARQ,D5,0,40,38,18,0.0073714256,CD4 memory
AGATTGCCATCATCCC-1,GARQ,D5,0,40,38,5,0.11623299,CD56dim CD16bright NK
AGATTGCGTACGCTGC-1,GARQ,D5,0,40,38,5,0.023109198,CD56dim CD16bright NK
AGATTGCTCACTTATC-1,GARQ,D5,0,40,38,32,0.20399642,CD4 memory
AGATTGCTCTGGCGTG-1,GARQ,D5,0,40,38,32,0.035692573,CD4 memory
AGCAGCCCACATCCGG-1,GARQ,D5,0,40,38,24,0.02175033,CD4 memory
AGCAGCCGTGTGAAAT-1,GARQ,D5,0,40,38,19,0.038269162,Regulatory T cells
AGCAGCCTCATATCGG-1,GARQ,D5,0,40,38,1,0.048781574,CD56dim CD16bright NK
AGCATACCAGATCCAT-1,GARQ,D5,0,40,38,1,0.13311934,CD56dim CD16bright NK
AGCATACGTAAACACA-1,GARQ,D5,0,40,38,6,0.16235793,Classical monocytes
AGCATACGTCCCTACT-1,GARQ,D5,0,40,38,37,0.060893536,CD8 naive
AGCATACGTCTCCATC-1,GARQ,D5,0,40,38,0,0.0026737452,CD4 naive I
AGCCTAAAGCTGCCCA-1,GARQ,D5,0,40,38,20,0.035414338,CD4 memory
AGCCTAAAGTGGGATC-1,GARQ,D5,0,40,38,1,0.01928866,CD56dim CD16bright NK
AGCCTAACAGTATGCT-1,GARQ,D5,0,40,38,13,0.10145116,MAIT-NKT cells
AGCCTAACATGTCGAT-1,GARQ,D5,0,40,38,2,0.021493733,CD4 memory
AGCCTAATCGCCAGCA-1,GARQ,D5,0,40,38,6,0.17994034,Platelet-bound monocytes
AGCGGTCAGCACGCCT-1,GARQ,D5,0,40,38,1,0.13227701,CD56dim CD16bright NK
AGCGGTCAGCAGGTCA-1,GARQ,D5,0,40,38,10,0.019607306,CD4 naive I
AGCGGTCAGGTGATAT-1,GARQ,D5,0,40,38,6,0.09669757,Neutrophils
AGCGGTCAGTAGCGGT-1,GARQ,D5,0,40,38,32,0.029929876,CD4 memory
AGCGGTCCAAAGTCAA-1,GARQ,D5,0,40,38,36,0.055702448,Naive B
AGCGGTCCACGAAAGC-1,GARQ,D5,0,40,38,6,0.1792593,T-NK-B cell doublets
AGCGGTCCACTCGACG-1,GARQ,D5,0,40,38,25,0.044439435,CD8 effector
AGCGGTCGTTCGTTGA-1,GARQ,D5,0,40,38,10,0.052066565,CD4 naive I
AGCGGTCGTTTACTCT-1,GARQ,D5,0,40,38,8,0.014632523,CD8 effector
AGCGGTCTCGTGACAT-1,GARQ,D5,0,40,38,13,0.024157286,MAIT-NKT cells
AGCGTATCACACTGCG-1,GARQ,D5,0,40,38,6,0.2765851,Classical monocytes
AGCGTATCATCCTAGA-1,GARQ,D5,0,40,38,24,0.04722464,CD8 naive
AGCGTATTCATTGCCC-1,GARQ,D5,0,40,38,6,0.1406815,Classical monocytes
AGCGTCGGTATATCCG-1,GARQ,D5,0,40,38,1,0.10457206,CD56dim CD16bright NK
AGCGTCGGTCACTTCC-1,GARQ,D5,0,40,38,30,0.010684133,T-NK-B cell doublets
AGCGTCGGTGTCCTCT-1,GARQ,D5,0,40,38,6,0.114997745,Neutrophils
AGCTCCTAGACTGGGT-1,GARQ,D5,0,40,38,6,0.06998587,Classical monocytes
AGCTCCTGTAGGCTGA-1,GARQ,D5,0,40,38,6,0.11263275,T-NK-B cell doublets
AGCTCCTGTCATATCG-1,GARQ,D5,0,40,38,6,0.044780254,Classical monocytes
AGCTCCTTCAAAGACA-1,GARQ,D5,0,40,38,18,0.026758552,CD4 memory
AGCTCTCAGTAGTGCG-1,GARQ,D5,0,40,38,1,0.04026711,CD56dim CD16bright NK
AGCTCTCCACGGTAGA-1,GARQ,D5,0,40,38,5,0.06386566,CD56dim CD16bright NK
AGCTCTCGTACTTGAC-1,GARQ,D5,0,40,38,5,0.065499306,CD56dim CD16bright NK
AGCTCTCGTGGTACAG-1,GARQ,D5,0,40,38,6,0.09893572,Non classical monocytes
AGCTCTCGTTGGACCC-1,GARQ,D5,0,40,38,1,0.1658802,CD56dim CD16bright NK
AGCTTGAAGAGTCGGT-1,GARQ,D5,0,40,38,8,0.07427591,CD8 effector
AGCTTGAGTCAGCTAT-1,GARQ,D5,0,40,38,13,0.015177727,MAIT-NKT cells
AGCTTGATCGCCTGTT-1,GARQ,D5,0,40,38,6,0.17454576,T-NK-B cell doublets
AGGCCACAGCTAGTGG-1,GARQ,D5,0,40,38,1,0.053663254,CD56dim CD16bright NK
AGGCCACAGGGCTTCC-1,GARQ,D5,0,40,38,30,0.09599525,Naive B
AGGCCACCACAACGTT-1,GARQ,D5,0,40,38,16,0.02113533,Classical monocytes
AGGCCACCAGTCTTCC-1,GARQ,D5,0,40,38,19,0.021371484,gdT cells
AGGCCACGTCAATACC-1,GARQ,D5,0,40,38,6,0.15986443,T-NK-B cell doublets
AGGCCACTCATTGCGA-1,GARQ,D5,0,40,38,19,0.021839261,CD8 memory
AGGCCACTCTTGCAAG-1,GARQ,D5,0,40,38,36,0.047253132,Naive B
AGGCCGTAGCGGATCA-1,GARQ,D5,0,40,38,20,0.04353094,CD4 naive I
AGGCCGTGTCTCTCTG-1,GARQ,D5,0,40,38,29,0.016653657,CD4 naive I
AGGCCGTTCCTGTAGA-1,GARQ,D5,0,40,38,5,0.034353018,CD56dim CD16bright NK
AGGGAGTCAAGAAGAG-1,GARQ,D5,0,40,38,39,0.048683763,plasmacytoid DC
AGGGAGTCAGCTCGCA-1,GARQ,D5,0,40,38,25,0.10057914,gdT cells
AGGGAGTCATCATCCC-1,GARQ,D5,0,40,38,16,0.07267815,Platelet-T cell doublets
AGGGAGTGTCATTAGC-1,GARQ,D5,0,40,38,20,0.062096596,CD4 memory
AGGGAGTGTGACGGTA-1,GARQ,D5,0,40,38,16,0.15867674,Non classical monocytes
AGGGAGTTCTGCCCTA-1,GARQ,D5,0,40,38,25,0.013554573,Proliferating T and NK cell
AGGGAGTTCTTGTCAT-1,GARQ,D5,0,40,38,6,0.09924805,Classical monocytes
AGGGATGCACATGACT-1,GARQ,D5,0,40,38,8,0.06537688,NK-T doublets
AGGGATGCAGTTCATG-1,GARQ,D5,0,40,38,6,0.40569544,Classical monocytes
AGGGATGTCCAGATCA-1,GARQ,D5,0,40,38,13,0.059099793,MAIT-NKT cells
AGGGTGACACGCATCG-1,GARQ,D5,0,40,38,20,0.060616016,CD4 memory
AGGGTGAGTGGCCCTA-1,GARQ,D5,0,40,38,36,0.16169918,Memory B
AGGGTGAGTTTAGGAA-1,GARQ,D5,0,40,38,5,0.03570783,CD56dim CD16bright NK
AGGTCATCACACCGCA-1,GARQ,D5,0,40,38,6,0.07232559,Classical monocytes
AGGTCATGTAAGGGAA-1,GARQ,D5,0,40,38,6,0.14149952,Classical monocytes
AGGTCATTCCCTCTTT-1,GARQ,D5,0,40,38,10,0.021461368,Regulatory T cells
AGGTCATTCTTGCATT-1,GARQ,D5,0,40,38,6,0.13200319,Classical monocytes
AGGTCCGAGCCAGAAC-1,GARQ,D5,0,40,38,1,0.15946102,CD56dim CD16bright NK
AGGTCCGGTCCAGTGC-1,GARQ,D5,0,40,38,20,0.15928459,CD4 naive I
AGGTCCGGTTAAAGTG-1,GARQ,D5,0,40,38,8,0.0012623072,MAIT-NKT cells
AGGTCCGTCAACACAC-1,GARQ,D5,0,40,38,26,0.059927583,CD56dim CD16bright NK
AGTAGTCAGAATGTTG-1,GARQ,D5,0,40,38,1,0.06608391,CD56dim CD16bright NK
AGTAGTCGTCTAAACC-1,GARQ,D5,0,40,38,13,0.015701532,MAIT-NKT cells
AGTAGTCGTTCCGTCT-1,GARQ,D5,0,40,38,12,0.002396822,Non classical monocytes
AGTAGTCTCCGCATAA-1,GARQ,D5,0,40,38,10,0.014748573,CD4 naive I
AGTAGTCTCGGCCGAT-1,GARQ,D5,0,40,38,30,0.13154435,Plasma cells
AGTAGTCTCGTGGACC-1,GARQ,D5,0,40,38,13,0.012596965,gdT cells
AGTCTTTCAAAGCGGT-1,GARQ,D5,0,40,38,5,0.017515779,CD56dim CD16bright NK
AGTCTTTGTAAGTGGC-1,GARQ,D5,0,40,38,5,0.16688597,CD56dim CD16bright NK
AGTCTTTTCACTATTC-1,GARQ,D5,0,40,38,6,0.122558594,Classical monocytes
AGTGAGGAGGGAAACA-1,GARQ,D5,0,40,38,37,0.050349236,CD4 memory
AGTGAGGCAAAGTGCG-1,GARQ,D5,0,40,38,32,0.0018799305,CD8 memory
AGTGAGGCAAGTTGTC-1,GARQ,D5,0,40,38,25,0.035399556,CD8 memory
AGTGGGAAGCCCGAAA-1,GARQ,D5,0,40,38,24,0.008144021,CD4 and CD8 activated memory
AGTGGGAGTCGAAAGC-1,GARQ,D5,0,40,38,26,0.027508259,CD56dim CD16bright NK
AGTGGGAGTCTCATCC-1,GARQ,D5,0,40,38,1,0.06707835,CD56dim CD16bright NK
AGTGTCACAGCCTTGG-1,GARQ,D5,0,40,38,20,0.09549415,CD4 naive I
AGTGTCACATAGTAAG-1,GARQ,D5,0,40,38,9,0.0137684345,CD56dim CD16bright NK
AGTGTCAGTGGGTATG-1,GARQ,D5,0,40,38,5,0.029687703,CD56dim CD16bright NK
AGTGTCATCACCCGAG-1,GARQ,D5,0,40,38,1,0.03645742,CD56dim CD16bright NK
AGTGTCATCCCATTAT-1,GARQ,D5,0,40,38,13,0.09897864,MAIT-NKT cells
AGTTGGTAGTACACCT-1,GARQ,D5,0,40,38,6,0.123554826,Non classical monocytes
ATAACGCGTCATACTG-1,GARQ,D5,0,40,38,1,0.03425622,CD56dim CD16bright NK
ATAACGCGTGCTTCTC-1,GARQ,D5,0,40,38,20,0.17716646,CD4 naive I
ATAACGCTCCTAGAAC-1,GARQ,D5,0,40,38,6,0.14915407,Classical monocytes
ATAAGAGAGACTAAGT-1,GARQ,D5,0,40,38,25,0.021345615,CD8 effector
ATAAGAGAGCGATGAC-1,GARQ,D5,0,40,38,6,0.1453048,T-NK-B cell doublets
ATAAGAGGTAAGTTCC-1,GARQ,D5,0,40,38,7,0.0047388077,gdT cells
ATAAGAGGTTCGTTGA-1,GARQ,D5,0,40,38,8,0.0881753,MAIT-NKT cells
ATAAGAGGTTGATTGC-1,GARQ,D5,0,40,38,13,0.12620509,MAIT-NKT cells
ATAAGAGTCTGAGTGT-1,GARQ,D5,0,40,38,13,0.06855416,MAIT-NKT cells
ATAGACCAGACAGGCT-1,GARQ,D5,0,40,38,7,0.10169953,CD8 effector
ATAGACCGTAGAAGGA-1,GARQ,D5,0,40,38,13,0.105875015,MAIT-NKT cells
ATAGACCGTATAGGTA-1,GARQ,D5,0,40,38,26,0.045933843,CD56dim CD16bright NK
ATAGACCGTCTTCGTC-1,GARQ,D5,0,40,38,6,0.051011205,Neutrophils
ATAGACCTCCCATTTA-1,GARQ,D5,0,40,38,18,0.010195971,CD8 memory
ATCACGACATGGTCTA-1,GARQ,D5,0,40,38,24,0.08948827,CD4 memory
ATCACGAGTTGTTTGG-1,GARQ,D5,0,40,38,24,0.12755466,CD4 naive I
ATCACGATCGCCAAAT-1,GARQ,D5,0,40,38,6,0.10676873,Non classical monocytes
ATCATCTAGCTAGGCA-1,GARQ,D5,0,40,38,10,0.0047643185,CD4 naive I
ATCATCTGTTATCACG-1,GARQ,D5,0,40,38,20,0.12010944,Memory B
ATCATCTTCAGCCTAA-1,GARQ,D5,0,40,38,6,0.24562049,Neutrophils
ATCATCTTCCAATGGT-1,GARQ,D5,0,40,38,26,0.06348765,CD56dim CD16bright NK
ATCATGGCACGACTCG-1,GARQ,D5,0,40,38,6,0.08354354,Neutrophils
ATCATGGCACTGCCAG-1,GARQ,D5,0,40,38,10,0.13763392,CD4 naive I
ATCCACCAGATGAGAG-1,GARQ,D5,0,40,38,24,0.011794686,CD4 naive I
ATCCACCAGCACGCCT-1,GARQ,D5,0,40,38,37,0.1723032,CD8 naive
ATCCACCGTTTGTTGG-1,GARQ,D5,0,40,38,1,0.08910167,CD56dim CD16bright NK
ATCCACCTCTGCTGCT-1,GARQ,D5,0,40,38,11,0.30531406,Erythroid 
ATCCGAAAGGCCGAAT-1,GARQ,D5,0,40,38,13,0.021825552,gdT cells
ATCCGAAGTGCGGTAA-1,GARQ,D5,0,40,38,6,0.06955516,plasmacytoid DC
ATCCGAAGTTGTCGCG-1,GARQ,D5,0,40,38,10,0.013395786,CD4 naive I
ATCCGAATCAGCAACT-1,GARQ,D5,0,40,38,7,0.059819937,CD8 effector
ATCCGAATCTGCCCTA-1,GARQ,D5,0,40,38,6,0.184304,Non classical monocytes
ATCGAGTAGAACTCGG-1,GARQ,D5,0,40,38,0,0.015225172,CD4 and CD8 activated memory
ATCGAGTAGCTAGTTC-1,GARQ,D5,0,40,38,1,0.06588662,CD56dim CD16bright NK
ATCGAGTAGTACACCT-1,GARQ,D5,0,40,38,1,0.16783667,CD56dim CD16bright NK
ATCGAGTCAGACAAGC-1,GARQ,D5,0,40,38,30,0.14146513,Plasma cells
ATCGAGTGTGCATCTA-1,GARQ,D5,0,40,38,13,0.024970293,MAIT-NKT cells
ATCGAGTGTGTGGTTT-1,GARQ,D5,0,40,38,20,0.0621109,CD4 and CD8 activated memory
ATCGAGTTCAACGGCC-1,GARQ,D5,0,40,38,6,0.14370275,Non classical monocytes
ATCGAGTTCGCCAAAT-1,GARQ,D5,0,40,38,37,0.012107134,CD8 naive
ATCGAGTTCTCTAAGG-1,GARQ,D5,0,40,38,6,0.276906,Classical monocytes
ATCGAGTTCTTTACAC-1,GARQ,D5,0,40,38,6,0.20255756,Classical monocytes
ATCTACTAGCCGGTAA-1,GARQ,D5,0,40,38,13,0.07546365,MAIT-NKT cells
ATCTACTAGCTTATCG-1,GARQ,D5,0,40,38,1,0.05564761,CD56dim CD16bright NK
ATCTACTAGGTGGGTT-1,GARQ,D5,0,40,38,1,0.002313614,CD56dim CD16bright NK
ATCTGCCTCGGTGTTA-1,GARQ,D5,0,40,38,13,0.04722154,NK-T doublets
ATCTGCCTCGTATCAG-1,GARQ,D5,0,40,38,6,0.15085673,Non classical monocytes
ATCTGCCTCTGCGGCA-1,GARQ,D5,0,40,38,6,0.17058516,Platelet-bound monocytes
ATGAGGGAGTTTGCGT-1,GARQ,D5,0,40,38,20,0.16837257,CD4 naive I
ATGAGGGGTCTAGCCG-1,GARQ,D5,0,40,38,18,0.0045547485,CD8 naive
ATGCGATAGGCATGGT-1,GARQ,D5,0,40,38,19,0.0024169683,CD8 effector
ATGCGATGTCAACTGT-1,GARQ,D5,0,40,38,32,0.05721104,CD8 memory
ATGCGATTCGCGTAGC-1,GARQ,D5,0,40,38,37,0.1379497,CD8 memory
ATGGGAGCAAAGCGGT-1,GARQ,D5,0,40,38,25,0.12595153,gdT cells
ATGGGAGGTCCTCCAT-1,GARQ,D5,0,40,38,6,0.0513798,Neutrophils
ATGTGTGGTCATGCAT-1,GARQ,D5,0,40,38,5,0.11533034,CD56dim CD16bright NK
ATGTGTGGTCGTTGTA-1,GARQ,D5,0,40,38,6,0.13502336,Classical monocytes
ATGTGTGTCTACTTAC-1,GARQ,D5,0,40,38,1,0.02457428,CD56dim CD16bright NK
ATTACTCAGCTAAGAT-1,GARQ,D5,0,40,38,36,0.2268011,Naive B
ATTACTCAGTTAACGA-1,GARQ,D5,0,40,38,37,0.05962932,CD8 naive
ATTACTCTCATGTAGC-1,GARQ,D5,0,40,38,13,0.05910313,MAIT-NKT cells
ATTATCCAGATAGTCA-1,GARQ,D5,0,40,38,36,0.27692628,Naive B
ATTATCCAGGAGTCTG-1,GARQ,D5,0,40,38,8,0.06871271,CD8 effector
ATTATCCCAGTTCCCT-1,GARQ,D5,0,40,38,5,0.0036685467,CD56dim CD16bright NK
ATTATCCGTCCCTTGT-1,GARQ,D5,0,40,38,8,0.13714421,MAIT-NKT cells
ATTCTACAGCGTTTAC-1,GARQ,D5,0,40,38,5,0.08734679,CD56dim CD16bright NK
ATTCTACGTTACGGAG-1,GARQ,D5,0,40,38,2,0.051033854,CD4 naive I
ATTCTACTCGTTGACA-1,GARQ,D5,0,40,38,36,0.2171048,Naive B
ATTGGACAGGTAGCTG-1,GARQ,D5,0,40,38,24,0.065048695,CD4 memory
ATTGGACAGTATTGGA-1,GARQ,D5,0,40,38,24,0.008285046,CD4 memory
ATTGGACCAATCGGTT-1,GARQ,D5,0,40,38,5,0.004981518,CD56dim CD16bright NK
ATTGGACTCTTCGGTC-1,GARQ,D5,0,40,38,6,0.24721837,Classical monocytes
ATTGGTGGTGATAAAC-1,GARQ,D5,0,40,38,6,0.2827847,Classical monocytes
ATTGGTGGTTACGGAG-1,GARQ,D5,0,40,38,19,0.013074398,NK-T doublets
ATTGGTGTCTGCGACG-1,GARQ,D5,0,40,38,6,0.1514939,Classical monocytes
ATTTCTGGTCTAGAGG-1,GARQ,D5,0,40,38,1,0.061656713,CD56dim CD16bright NK
ATTTCTGGTGATGATA-1,GARQ,D5,0,40,38,5,0.062078714,CD56dim CD16bright NK
ATTTCTGTCCACGCAG-1,GARQ,D5,0,40,38,18,0.008541107,CD8 memory
ATTTCTGTCGAGAACG-1,GARQ,D5,0,40,38,1,0.0624609,CD56dim CD16bright NK
ATTTCTGTCGCAGGCT-1,GARQ,D5,0,40,38,36,0.052238107,T-NK-B cell doublets
ATTTCTGTCTGCGGCA-1,GARQ,D5,0,40,38,37,0.03842771,CD4 naive I
CAACCAAAGCTAGTTC-1,GARQ,D5,0,40,38,6,0.13341808,Classical monocytes
CAACCAAAGCTATGCT-1,GARQ,D5,0,40,38,36,0.0868727,Naive B
CAACCAACAACACCCG-1,GARQ,D5,0,40,38,6,0.11221528,Classical monocytes
CAACCAACAGACGTAG-1,GARQ,D5,0,40,38,6,0.13177133,Classical monocytes
CAACCAAGTACACCGC-1,GARQ,D5,0,40,38,5,0.12716603,CD56dim CD16bright NK
CAACCAAGTCGACTAT-1,GARQ,D5,0,40,38,8,0.07637119,gdT cells
CAACCAAGTCTCGTTC-1,GARQ,D5,0,40,38,26,0.006373048,CD56dim CD16bright NK
CAACCTCAGAGCTATA-1,GARQ,D5,0,40,38,5,0.08717263,CD56bright CD16dim NK
CAACTAGAGGCCATAG-1,GARQ,D5,0,40,38,5,0.043081164,CD56dim CD16bright NK
CAACTAGCACTGCCAG-1,GARQ,D5,0,40,38,1,0.059057355,CD56dim CD16bright NK
CAACTAGCATTCACTT-1,GARQ,D5,0,40,38,5,0.11883652,CD56dim CD16bright NK
CAACTAGGTCTCCATC-1,GARQ,D5,0,40,38,8,0.016432345,CD8 effector
CAACTAGGTGCGATAG-1,GARQ,D5,0,40,38,19,0.008368731,CD56dim CD16bright NK
CAACTAGGTTCCCGAG-1,GARQ,D5,0,40,38,37,0.011204004,CD8 naive
CAACTAGTCAGGCAAG-1,GARQ,D5,0,40,38,24,0.04892981,CD4 memory
CAAGAAAAGAAGGTTT-1,GARQ,D5,0,40,38,20,0.019928336,CD4 naive II
CAAGAAAAGCAGGTCA-1,GARQ,D5,0,40,38,13,0.05011213,MAIT-NKT cells
CAAGAAAAGGCCGAAT-1,GARQ,D5,0,40,38,20,0.10145259,CD4 memory
CAAGAAAGTCGAACAG-1,GARQ,D5,0,40,38,25,0.06312513,CD8 effector
CAAGAAAGTTATCCGA-1,GARQ,D5,0,40,38,24,0.00088119507,CD4 naive I
CAAGAAATCGGAGGTA-1,GARQ,D5,0,40,38,1,0.11184192,CD56dim CD16bright NK
CAAGAAATCTGCGACG-1,GARQ,D5,0,40,38,6,0.12273705,Neutrophils
CAAGAAATCTGTACGA-1,GARQ,D5,0,40,38,10,0.0028948784,CD8 naive
CAAGATCAGACTAAGT-1,GARQ,D5,0,40,38,16,0.14667374,Platelets
CAAGATCAGTCTCCTC-1,GARQ,D5,0,40,38,24,0.057854652,CD8 naive
CAAGATCCAAGCCCAC-1,GARQ,D5,0,40,38,11,0.24259663,Erythroid 
CAAGATCCAATAGCGG-1,GARQ,D5,0,40,38,6,0.016195893,Platelets
CAAGATCGTAAGCACG-1,GARQ,D5,0,40,38,19,0.020541191,CD56bright CD16dim NK
CAAGATCGTCCAAGTT-1,GARQ,D5,0,40,38,9,0.005518198,CD56bright CD16dim NK
CAAGATCGTTAAGACA-1,GARQ,D5,0,40,38,20,0.078289986,CD4 naive II
CAAGGCCCACAAGACG-1,GARQ,D5,0,40,38,6,0.07171583,Classical monocytes
CAAGGCCGTGAGTGAC-1,GARQ,D5,0,40,38,30,0.08176613,T-NK-B cell doublets
CAAGGCCTCGACCAGC-1,GARQ,D5,0,40,38,37,0.07927036,CD4 naive I
CAAGTTGCATACAGCT-1,GARQ,D5,0,40,38,20,0.16480708,CD4 memory
CACAAACCACTACAGT-1,GARQ,D5,0,40,38,37,0.048201084,CD8 naive
CACAAACGTAGCTTGT-1,GARQ,D5,0,40,38,36,0.13837343,Naive B
CACACAACATGGGACA-1,GARQ,D5,0,40,38,36,0.20782173,Naive B
CACACAATCCGTAGTA-1,GARQ,D5,0,40,38,25,0.043968916,CD56dim CD16bright NK
CACACAATCTGCTGCT-1,GARQ,D5,0,40,38,26,0.013965905,CD56dim CD16bright NK
CACACCTAGCTAACAA-1,GARQ,D5,0,40,38,5,0.08298963,CD56dim CD16bright NK
CACACCTAGTCCATAC-1,GARQ,D5,0,40,38,6,0.15787375,Classical monocytes
CACACCTAGTTGTAGA-1,GARQ,D5,0,40,38,37,0.02327919,CD4 naive I
CACACCTCAAGTAGTA-1,GARQ,D5,0,40,38,8,0.072339535,MAIT-NKT cells
CACACCTGTAGATTAG-1,GARQ,D5,0,40,38,13,0.012026429,CD4 memory
CACACCTGTCACCCAG-1,GARQ,D5,0,40,38,25,0.031091273,CD8 effector
CACACCTGTTTGCATG-1,GARQ,D5,0,40,38,8,0.06783867,NK-T doublets
CACACCTTCGGCGCTA-1,GARQ,D5,0,40,38,4,0.03578353,CD4 and CD8 activated memory
CACACTCAGAGTCGGT-1,GARQ,D5,0,40,38,37,0.0007171631,CD4 naive I
CACACTCCAGGTGGAT-1,GARQ,D5,0,40,38,5,0.028694153,CD56dim CD16bright NK
CACACTCCATACGCCG-1,GARQ,D5,0,40,38,6,0.06966877,Classical monocytes
CACACTCGTCCTGCTT-1,GARQ,D5,0,40,38,6,0.17231023,T-NK-B cell doublets
CACACTCGTGTCTGAT-1,GARQ,D5,0,40,38,6,0.22020793,Classical monocytes
CACAGGCCAGCTTCGG-1,GARQ,D5,0,40,38,1,0.11142266,CD56dim CD16bright NK
CACAGGCTCACAACGT-1,GARQ,D5,0,40,38,6,0.06408715,Non classical monocytes
CACAGTAAGCGATATA-1,GARQ,D5,0,40,38,20,0.081353664,CD4 naive II
CACAGTAAGCGTAGTG-1,GARQ,D5,0,40,38,6,0.11649871,Classical monocytes
CACAGTAGTTGTGGCC-1,GARQ,D5,0,40,38,37,0.03678608,CD8 naive
CACAGTAGTTTCGCTC-1,GARQ,D5,0,40,38,24,0.04502654,CD4 naive I
CACAGTATCACCTCGT-1,GARQ,D5,0,40,38,33,0.028576136,CD4 naive I
CACATAGTCAAAGTAG-1,GARQ,D5,0,40,38,5,0.15832305,CD56dim CD16bright NK
CACATAGTCCGAATGT-1,GARQ,D5,0,40,38,1,0.09873724,CD56dim CD16bright NK
CACATAGTCGCAGGCT-1,GARQ,D5,0,40,38,16,0.13292599,Non classical monocytes
CACATTTCAAAGCAAT-1,GARQ,D5,0,40,38,30,0.108635604,Plasma cells
CACATTTCAAGTCTGT-1,GARQ,D5,0,40,38,13,0.033902407,NK-T doublets
CACATTTCAGGCAGTA-1,GARQ,D5,0,40,38,36,0.12086296,Naive B
CACATTTGTTAAGGGC-1,GARQ,D5,0,40,38,20,0.12901688,CD4 naive II
CACATTTTCGATAGAA-1,GARQ,D5,0,40,38,6,0.049557686,Neutrophils
CACCACTAGTGCTGCC-1,GARQ,D5,0,40,38,36,0.012550771,Memory B
CACCACTAGTTAAGTG-1,GARQ,D5,0,40,38,9,0.113937736,CD56bright CD16dim NK
CACCACTGTTCCATGA-1,GARQ,D5,0,40,38,1,0.116473675,CD56dim CD16bright NK
CACCACTGTTCCCTTG-1,GARQ,D5,0,40,38,6,0.17963302,Non classical monocytes
CACCAGGCAGGGTATG-1,GARQ,D5,0,40,38,6,0.1503067,Classical monocytes
CACCAGGGTCAAACTC-1,GARQ,D5,0,40,38,1,0.04298222,CD56dim CD16bright NK
CACCAGGGTCAGGACA-1,GARQ,D5,0,40,38,13,0.14532685,MAIT-NKT cells
CACCAGGTCAGGCGAA-1,GARQ,D5,0,40,38,20,0.083515406,CD8 naive
CACCAGGTCCGTCAAA-1,GARQ,D5,0,40,38,9,0.027649045,CD56dim CD16bright NK
CACCTTGAGTATTGGA-1,GARQ,D5,0,40,38,20,0.07283139,CD4 naive II
CACCTTGCACAAGTAA-1,GARQ,D5,0,40,38,13,0.0206151,CD4 memory
CACCTTGCAGGGAGAG-1,GARQ,D5,0,40,38,8,0.111982346,gdT cells
CACCTTGGTACGACCC-1,GARQ,D5,0,40,38,1,0.018066168,CD56bright CD16dim NK
CACCTTGGTGTTTGTG-1,GARQ,D5,0,40,38,1,0.10434508,CD56dim CD16bright NK
CACTCCAAGCTAACTC-1,GARQ,D5,0,40,38,20,0.06754768,CD4 memory
CACTCCACAATGCCAT-1,GARQ,D5,0,40,38,0,0.009197593,CD4 memory
CACTCCAGTAGCGATG-1,GARQ,D5,0,40,38,13,0.05593598,CD8 effector
CACTCCAGTTGGGACA-1,GARQ,D5,0,40,38,1,0.122605085,CD56dim CD16bright NK
CAGAATCAGTCTTGCA-1,GARQ,D5,0,40,38,6,0.16843247,Classical monocytes
CAGAATCGTACAGTTC-1,GARQ,D5,0,40,38,6,0.021018863,Neutrophils
CAGAATCTCAAGATCC-1,GARQ,D5,0,40,38,7,0.06806564,CD8 effector
CAGAATCTCACCAGGC-1,GARQ,D5,0,40,38,29,0.009041905,CD4 naive I
CAGAATCTCAGCAACT-1,GARQ,D5,0,40,38,6,0.14149737,Classical monocytes
CAGAATCTCTGGTGTA-1,GARQ,D5,0,40,38,37,0.08413315,CD4 naive II
CAGAGAGCACGACTCG-1,GARQ,D5,0,40,38,7,0.024729252,CD8 effector
CAGAGAGCATACAGCT-1,GARQ,D5,0,40,38,6,0.1860373,NK-monocyte doublets
CAGAGAGGTTGGAGGT-1,GARQ,D5,0,40,38,37,0.023074865,CD4 naive I
CAGAGAGTCACAGTAC-1,GARQ,D5,0,40,38,1,0.06357801,CD56dim CD16bright NK
CAGAGAGTCTATCCTA-1,GARQ,D5,0,40,38,6,0.068739176,Non classical monocytes
CAGATCAAGGCAATTA-1,GARQ,D5,0,40,38,7,0.018693209,CD8 memory
CAGATCATCGTTGCCT-1,GARQ,D5,0,40,38,8,0.009331584,CD56dim CD16bright NK
CAGATCATCTAGAGTC-1,GARQ,D5,0,40,38,6,0.110838175,Non classical monocytes
CAGCAGCAGTGGGCTA-1,GARQ,D5,0,40,38,16,0.026112795,Non classical monocytes
CAGCAGCCACCAGGCT-1,GARQ,D5,0,40,38,5,0.004175186,CD56dim CD16bright NK
CAGCAGCGTCGCCATG-1,GARQ,D5,0,40,38,30,0.015963674,Naive B
CAGCATACAGACGCCT-1,GARQ,D5,0,40,38,10,0.022638798,CD4 naive I
CAGCATAGTTTGTTGG-1,GARQ,D5,0,40,38,6,0.18767929,Non classical monocytes
CAGCATATCATTATCC-1,GARQ,D5,0,40,38,1,0.1325121,CD56dim CD16bright NK
CAGCCGAAGAGACTAT-1,GARQ,D5,0,40,38,8,0.071425915,MAIT-NKT cells
CAGCGACAGTATCGAA-1,GARQ,D5,0,40,38,13,0.12518048,MAIT-NKT cells
CAGCGACAGTGTCCAT-1,GARQ,D5,0,40,38,7,0.033086777,CD56dim CD16bright NK
CAGCGACCATGGGACA-1,GARQ,D5,0,40,38,5,0.03842759,CD56dim CD16bright NK
CAGCGACCATGGTTGT-1,GARQ,D5,0,40,38,19,0.050639153,CD4 and CD8 activated memory
CAGCGACCATTGGGCC-1,GARQ,D5,0,40,38,8,0.028454065,NK-T doublets
CAGCTAAAGTACGTAA-1,GARQ,D5,0,40,38,19,0.06615448,CD8 effector
CAGCTAAGTATTACCG-1,GARQ,D5,0,40,38,24,0.10107362,CD4 memory
CAGCTGGAGAAACGAG-1,GARQ,D5,0,40,38,0,0.06133938,CD4 memory
CAGCTGGAGCCTTGAT-1,GARQ,D5,0,40,38,13,0.16052234,MAIT-NKT cells
CAGCTGGAGTTATCGC-1,GARQ,D5,0,40,38,20,0.0029459,CD4 memory
CAGCTGGCATAAAGGT-1,GARQ,D5,0,40,38,2,0.00039589405,CD4 memory
CAGCTGGGTCTCCCTA-1,GARQ,D5,0,40,38,20,0.1866095,CD4 naive I
CAGCTGGGTTACGTCA-1,GARQ,D5,0,40,38,37,0.037659407,CD4 memory
CAGCTGGTCGAGAACG-1,GARQ,D5,0,40,38,5,0.024138331,Proliferating T and NK cell
CAGGTGCCAAGGTTTC-1,GARQ,D5,0,40,38,6,0.23704481,Platelet-bound monocytes
CAGGTGCCAATAGCAA-1,GARQ,D5,0,40,38,5,0.094760895,CD56dim CD16bright NK
CAGGTGCCATGGATGG-1,GARQ,D5,0,40,38,24,0.048282385,CD4 memory
CAGGTGCGTGACGCCT-1,GARQ,D5,0,40,38,13,0.023695111,MAIT-NKT cells
CAGGTGCGTTCGAATC-1,GARQ,D5,0,40,38,6,0.10016954,Non classical monocytes
CAGGTGCTCTCTGCTG-1,GARQ,D5,0,40,38,37,0.1569171,CD4 naive II
CAGGTGCTCTGTTTGT-1,GARQ,D5,0,40,38,25,0.0154521465,CD56dim CD16bright NK
CAGTAACAGGAGTTGC-1,GARQ,D5,0,40,38,13,0.022997856,CD8 memory
CAGTAACCATGGATGG-1,GARQ,D5,0,40,38,6,0.028327584,Classical monocytes
CAGTAACGTTAAGATG-1,GARQ,D5,0,40,38,6,0.10995281,Neutrophils
CAGTAACGTTGGTGGA-1,GARQ,D5,0,40,38,8,0.27832222,gdT cells
CAGTAACTCCAATGGT-1,GARQ,D5,0,40,38,10,0.07194114,CD4 naive I
CAGTCCTAGCACAGGT-1,GARQ,D5,0,40,38,10,0.10017681,CD4 naive I
CAGTCCTAGGCAGTCA-1,GARQ,D5,0,40,38,5,0.08590901,CD8 effector
CAGTCCTAGTCCAGGA-1,GARQ,D5,0,40,38,5,0.0007568598,CD56bright CD16dim NK
CATATGGAGTTCGCAT-1,GARQ,D5,0,40,38,6,0.046459436,Non classical monocytes
CATATGGCAGCGTAAG-1,GARQ,D5,0,40,38,6,0.18348885,Classical monocytes
CATATGGGTCGGCACT-1,GARQ,D5,0,40,38,1,0.14541483,CD56bright CD16dim NK
CATATGGTCACAAACC-1,GARQ,D5,0,40,38,13,0.003865242,MAIT-NKT cells
CATATTCAGAGTAATC-1,GARQ,D5,0,40,38,30,0.0039612055,Memory B
CATATTCAGCTCAACT-1,GARQ,D5,0,40,38,20,0.027931571,CD4 memory
CATATTCAGGGCTCTC-1,GARQ,D5,0,40,38,24,0.020417571,CD4 memory
CATATTCAGTCGATAA-1,GARQ,D5,0,40,38,1,0.016285181,CD56dim CD16bright NK
CATATTCCACGCCAGT-1,GARQ,D5,0,40,38,19,0.036926985,CD8 effector
CATATTCCAGGACCCT-1,GARQ,D5,0,40,38,0,0.17507076,CD4 memory
CATATTCTCCATGAAC-1,GARQ,D5,0,40,38,1,0.0034917593,CD56dim CD16bright NK
CATCAAGAGTGTACGG-1,GARQ,D5,0,40,38,6,0.14853764,Neutrophils
CATCAAGCAGCAGTTT-1,GARQ,D5,0,40,38,37,0.004178047,CD4 naive I
CATCAAGGTTAAGAAC-1,GARQ,D5,0,40,38,6,0.17345142,Classical monocytes
CATCAAGTCTTCGAGA-1,GARQ,D5,0,40,38,24,0.040041924,CD4 naive I
CATCAGAAGACCACGA-1,GARQ,D5,0,40,38,7,0.01420939,CD8 effector
CATCAGAGTGTAAGTA-1,GARQ,D5,0,40,38,13,0.0077539682,CD8 effector
CATCCACAGCCGGTAA-1,GARQ,D5,0,40,38,13,0.11313498,MAIT-NKT cells
CATCCACGTAGTGAAT-1,GARQ,D5,0,40,38,36,0.24105382,Naive B
CATCCACTCAAGGTAA-1,GARQ,D5,0,40,38,10,0.008694351,CD8 naive
CATCGAAAGCACACAG-1,GARQ,D5,0,40,38,1,0.004957676,CD56dim CD16bright NK
CATCGAACAATGCCAT-1,GARQ,D5,0,40,38,19,0.008609772,gdT cells
CATCGAACAGCCTTGG-1,GARQ,D5,0,40,38,10,0.01595664,Regulatory T cells
CATCGGGAGAAACCTA-1,GARQ,D5,0,40,38,7,0.033799052,CD8 effector
CATCGGGCACTACAGT-1,GARQ,D5,0,40,38,19,0.0005978346,CD8 effector
CATCGGGGTCGGATCC-1,GARQ,D5,0,40,38,6,0.21215749,Classical monocytes
CATCGGGGTCTCTCTG-1,GARQ,D5,0,40,38,1,0.1536498,CD56dim CD16bright NK
CATCGGGGTTTAGGAA-1,GARQ,D5,0,40,38,6,0.154841,T-NK-B cell doublets
CATGACAAGTACGTTC-1,GARQ,D5,0,40,38,4,0.073314905,CD4 memory
CATGACAGTTTAAGCC-1,GARQ,D5,0,40,38,26,0.034839153,CD56dim CD16bright NK
CATGACATCGGCTTGG-1,GARQ,D5,0,40,38,36,0.13736725,Naive B
CATGACATCGGTCTAA-1,GARQ,D5,0,40,38,6,0.056341052,Non classical monocytes
CATGACATCTCGATGA-1,GARQ,D5,0,40,38,10,0.000819087,CD4 naive I
CATGCCTAGTACGACG-1,GARQ,D5,0,40,38,6,0.13664842,Platelet-bound monocytes
CATGCCTCACGAAATA-1,GARQ,D5,0,40,38,29,0.019546986,CD4 memory
CATGCCTCACTAAGTC-1,GARQ,D5,0,40,38,1,0.048382044,CD56dim CD16bright NK
CATGCCTGTGAAGGCT-1,GARQ,D5,0,40,38,13,0.011413813,CD8 memory
CATGCCTGTGATGCCC-1,GARQ,D5,0,40,38,25,0.11207676,gdT cells
CATGCCTTCAGGTAAA-1,GARQ,D5,0,40,38,24,0.05092609,CD4 memory
CATGCCTTCAGTTCGA-1,GARQ,D5,0,40,38,1,0.12274742,CD56dim CD16bright NK
CATGCCTTCTGCAAGT-1,GARQ,D5,0,40,38,24,0.019615173,CD4 memory
CATGGCGAGGGCTCTC-1,GARQ,D5,0,40,38,36,0.19009131,Memory B
CATGGCGAGTGGAGTC-1,GARQ,D5,0,40,38,25,0.010635376,CD4 and CD8 activated memory
CATGGCGCAAGGTTTC-1,GARQ,D5,0,40,38,5,0.08271885,CD56dim CD16bright NK
CATGGCGGTCTTCAAG-1,GARQ,D5,0,40,38,18,0.018613458,CD8 memory
CATTATCAGATCCCGC-1,GARQ,D5,0,40,38,10,0.023997903,CD8 naive
CATTATCAGTGTACTC-1,GARQ,D5,0,40,38,6,0.07013047,Non classical monocytes
CATTATCCACAGTCGC-1,GARQ,D5,0,40,38,37,0.02206254,CD4 naive I
CATTATCGTCTCCCTA-1,GARQ,D5,0,40,38,19,0.05194342,CD8 memory
CATTATCGTCTGATCA-1,GARQ,D5,0,40,38,5,0.08564162,CD56dim CD16bright NK
CATTATCTCTACCTGC-1,GARQ,D5,0,40,38,36,0.19346511,Naive B
CATTCGCCAGCGAACA-1,GARQ,D5,0,40,38,37,0.024723768,CD4 memory
CATTCGCCAGTAAGAT-1,GARQ,D5,0,40,38,13,0.03321302,CD8 effector
CATTCGCGTAGCTAAA-1,GARQ,D5,0,40,38,20,0.009389877,CD4 naive I
CCAATCCGTAGCTAAA-1,GARQ,D5,0,40,38,37,0.027815342,CD8 naive
CCAATCCGTGCAGTAG-1,GARQ,D5,0,40,38,9,0.04440713,CD56bright CD16dim NK
CCAATCCTCACAACGT-1,GARQ,D5,0,40,38,5,0.034200907,CD56dim CD16bright NK
CCAATCCTCACAGTAC-1,GARQ,D5,0,40,38,20,0.07920146,Regulatory T cells
CCAATCCTCAGTACGT-1,GARQ,D5,0,40,38,6,0.14683723,Classical monocytes
CCAATCCTCTCTGCTG-1,GARQ,D5,0,40,38,10,0.08667278,CD8 naive
CCACCTATCGCCTGTT-1,GARQ,D5,0,40,38,6,0.10737479,Classical monocytes
CCACGGAAGTCTTGCA-1,GARQ,D5,0,40,38,24,0.009465575,CD4 naive I
CCACGGAGTACGAAAT-1,GARQ,D5,0,40,38,6,0.17777479,Platelets
CCACGGAGTGATAAAC-1,GARQ,D5,0,40,38,20,0.06978941,CD4 naive I
CCACTACAGCTCCTCT-1,GARQ,D5,0,40,38,30,0.069346726,Naive B
CCACTACAGTCAATAG-1,GARQ,D5,0,40,38,36,0.12125063,Naive B
CCACTACGTCGAGATG-1,GARQ,D5,0,40,38,6,0.072823286,Classical monocytes
CCACTACTCTTCGGTC-1,GARQ,D5,0,40,38,5,0.006567836,CD56dim CD16bright NK
CCACTACTCTTTAGGG-1,GARQ,D5,0,40,38,8,0.085157156,CD8 effector
CCAGCGAAGTACCGGA-1,GARQ,D5,0,40,38,1,0.15227425,CD56dim CD16bright NK
CCAGCGACAGACAAAT-1,GARQ,D5,0,40,38,5,0.114568114,CD56dim CD16bright NK
CCAGCGAGTCCAAGTT-1,GARQ,D5,0,40,38,24,0.073189735,CD4 memory
CCATGTCAGGCCCTCA-1,GARQ,D5,0,40,38,6,0.17781436,Platelet-bound monocytes
CCATGTCCATGCAATC-1,GARQ,D5,0,40,38,6,0.263116,Platelet-bound monocytes
CCATTCGAGGTAGCCA-1,GARQ,D5,0,40,38,8,0.058986306,gdT cells
CCCAATCCAAAGCAAT-1,GARQ,D5,0,40,38,1,0.20735729,CD56dim CD16bright NK
CCCAATCCAGCGTAAG-1,GARQ,D5,0,40,38,5,0.039141536,CD56dim CD16bright NK
CCCAATCGTATAATGG-1,GARQ,D5,0,40,38,37,0.008887172,CD4 memory
CCCAATCGTCTGCAAT-1,GARQ,D5,0,40,38,6,0.22221696,Platelets
CCCAATCGTTTGACTG-1,GARQ,D5,0,40,38,33,0.025741935,MAIT-NKT cells
CCCAATCTCAACACAC-1,GARQ,D5,0,40,38,25,0.06976557,gdT cells
CCCAATCTCAGCCTAA-1,GARQ,D5,0,40,38,36,0.2103535,Memory B
CCCAGTTCACCCATGG-1,GARQ,D5,0,40,38,39,0.052547574,plasmacytoid DC
CCCAGTTCAGGCGATA-1,GARQ,D5,0,40,38,5,0.14334214,CD56bright CD16dim NK
CCCAGTTGTCAACTGT-1,GARQ,D5,0,40,38,19,0.06240809,CD8 effector
CCCAGTTGTCATGCAT-1,GARQ,D5,0,40,38,6,0.14717591,Classical monocytes
CCCAGTTGTCGGATCC-1,GARQ,D5,0,40,38,5,0.008913279,CD56dim CD16bright NK
CCCATACCAACTTGAC-1,GARQ,D5,0,40,38,36,0.07501203,Naive B
CCCATACGTTACGTCA-1,GARQ,D5,0,40,38,25,0.026154995,CD8 effector
CCCATACTCGGTGTCG-1,GARQ,D5,0,40,38,25,0.034239054,CD8 effector
CCCTCCTAGCCAACAG-1,GARQ,D5,0,40,38,24,0.03751874,CD4 naive II
CCCTCCTAGGTGTGGT-1,GARQ,D5,0,40,38,36,0.1495685,Naive B
CCCTCCTCACGACTCG-1,GARQ,D5,0,40,38,6,0.18451428,T-NK-B cell doublets
CCCTCCTCATGCAACT-1,GARQ,D5,0,40,38,1,0.06853056,CD56dim CD16bright NK
CCCTCCTGTAAGTGTA-1,GARQ,D5,0,40,38,6,0.12879598,Classical monocytes
CCCTCCTGTAGCTTGT-1,GARQ,D5,0,40,38,5,0.031871915,Proliferating T and NK cell
CCGGTAGTCATTTGGG-1,GARQ,D5,0,40,38,20,0.12401366,CD4 naive I
CCGTACTCAATGAATG-1,GARQ,D5,0,40,38,24,0.0178864,CD4 and CD8 activated memory
CCGTACTCACAAGACG-1,GARQ,D5,0,40,38,20,0.041432142,CD4 memory
CCGTACTCAGAGCCAA-1,GARQ,D5,0,40,38,6,0.064109564,Non classical monocytes
CCGTGGAAGCAGCCTC-1,GARQ,D5,0,40,38,8,0.18817735,NK-T doublets
CCGTGGAAGTGGACGT-1,GARQ,D5,0,40,38,5,0.042091846,CD56dim CD16bright NK
CCGTGGACAAGGTTCT-1,GARQ,D5,0,40,38,32,0.022431374,CD8 memory
CCGTGGATCGAACGGA-1,GARQ,D5,0,40,38,1,0.010199189,CD56dim CD16bright NK
CCGTGGATCGGATGGA-1,GARQ,D5,0,40,38,5,0.08237851,CD56dim CD16bright NK
CCGTGGATCTCAACTT-1,GARQ,D5,0,40,38,36,0.14784062,Naive B
CCGTTCAGTACAGACG-1,GARQ,D5,0,40,38,6,0.13684022,Classical monocytes
CCTAAAGAGCGTCTAT-1,GARQ,D5,0,40,38,30,0.013764679,Naive B
CCTAAAGCAGGGTTAG-1,GARQ,D5,0,40,38,19,0.04781854,CD8 effector
CCTAAAGTCACTATTC-1,GARQ,D5,0,40,38,1,0.073456526,CD56dim CD16bright NK
CCTAAAGTCCCTCAGT-1,GARQ,D5,0,40,38,8,0.06213963,MAIT-NKT cells
CCTACACAGCTAGTCT-1,GARQ,D5,0,40,38,37,0.05195129,CD4 naive I
CCTACACTCGGCTACG-1,GARQ,D5,0,40,38,5,0.09468424,CD56dim CD16bright NK
CCTACCACAAGCCTAT-1,GARQ,D5,0,40,38,24,0.030700445,Platelet-T cell doublets
CCTACCACAGAGCCAA-1,GARQ,D5,0,40,38,5,0.037545443,CD56dim CD16bright NK
CCTACCACAGGTGGAT-1,GARQ,D5,0,40,38,7,0.0802151,gdT cells
CCTACCACATATGAGA-1,GARQ,D5,0,40,38,36,0.092543006,Naive B
CCTACCAGTCAGAATA-1,GARQ,D5,0,40,38,19,0.012131453,gdT cells
CCTACCAGTGGGTATG-1,GARQ,D5,0,40,38,20,0.088841915,CD4 and CD8 activated memory
CCTACCAGTTACGGAG-1,GARQ,D5,0,40,38,30,0.02235353,Memory B
CCTAGCTCAAGGTTCT-1,GARQ,D5,0,40,38,13,0.06770778,NK-T doublets
CCTAGCTGTGTTGAGG-1,GARQ,D5,0,40,38,19,0.04468429,CD8 memory
CCTAGCTTCAGTTGAC-1,GARQ,D5,0,40,38,1,0.20588493,CD56dim CD16bright NK
CCTAGCTTCTTGAGGT-1,GARQ,D5,0,40,38,6,0.19455826,Platelet-bound monocytes
CCTATTAAGCGACGTA-1,GARQ,D5,0,40,38,6,0.09374428,Non classical monocytes
CCTATTACAAGCCGTC-1,GARQ,D5,0,40,38,20,0.19857633,CD4 naive I
CCTATTAGTACCCAAT-1,GARQ,D5,0,40,38,13,0.01706314,MAIT-NKT cells
CCTATTATCGTAGGTT-1,GARQ,D5,0,40,38,8,0.12845969,gdT cells
CCTATTATCTCGAGTA-1,GARQ,D5,0,40,38,24,0.104961276,CD8 memory
CCTCAGTGTCAGGACA-1,GARQ,D5,0,40,38,13,0.13301337,MAIT-NKT cells
CCTCAGTTCGTAGGTT-1,GARQ,D5,0,40,38,5,0.11183667,CD8 effector
CCTCAGTTCTCAAACG-1,GARQ,D5,0,40,38,13,0.083515406,CD8 memory
CCTCTGAAGGTCGGAT-1,GARQ,D5,0,40,38,1,0.14056528,CD56dim CD16bright NK
CCTCTGACAAACCCAT-1,GARQ,D5,0,40,38,5,0.032957613,CD56bright CD16dim NK
CCTCTGAGTCCGTGAC-1,GARQ,D5,0,40,38,20,0.09279275,CD8 naive
CCTCTGAGTCTCCACT-1,GARQ,D5,0,40,38,2,0.055751562,CD4 memory
CCTCTGAGTCTCTTTA-1,GARQ,D5,0,40,38,37,0.021269083,CD8 naive
CCTCTGAGTCTGATTG-1,GARQ,D5,0,40,38,1,0.03965342,CD56dim CD16bright NK
CCTCTGATCGGTTCGG-1,GARQ,D5,0,40,38,11,0.2248056,Erythroid 
CCTTACGAGATGTGGC-1,GARQ,D5,0,40,38,18,0.039194822,MAIT-NKT cells
CCTTACGCACCTCGGA-1,GARQ,D5,0,40,38,6,0.08732402,Classical monocytes
CCTTACGCACGTAAGG-1,GARQ,D5,0,40,38,6,0.12933922,Non classical monocytes
CCTTACGCAGACGCAA-1,GARQ,D5,0,40,38,6,0.34472418,Classical monocytes
CCTTACGGTCGACTGC-1,GARQ,D5,0,40,38,26,0.028921127,CD8 effector
CCTTACGTCATAACCG-1,GARQ,D5,0,40,38,6,0.15969062,Classical monocytes
CCTTCCCAGCCTATGT-1,GARQ,D5,0,40,38,6,0.054825783,Classical monocytes
CCTTCCCAGTCCATAC-1,GARQ,D5,0,40,38,1,0.005025506,CD56dim CD16bright NK
CCTTCCCCACTACAGT-1,GARQ,D5,0,40,38,36,0.08854234,Naive B
CCTTCGATCAGGCGAA-1,GARQ,D5,0,40,38,6,0.07398081,Non classical monocytes
CCTTTCTAGTGAATTG-1,GARQ,D5,0,40,38,39,0.11141884,plasmacytoid DC
CCTTTCTCAAAGGTGC-1,GARQ,D5,0,40,38,25,0.061514795,CD8 memory
CCTTTCTCACAGGAGT-1,GARQ,D5,0,40,38,24,0.016221762,CD4 naive II
CCTTTCTGTCGCTTTC-1,GARQ,D5,0,40,38,36,0.14714873,Naive B
CCTTTCTGTGTCCTCT-1,GARQ,D5,0,40,38,8,0.13944316,gdT cells
CCTTTCTTCACTGGGC-1,GARQ,D5,0,40,38,6,0.1719253,Classical monocytes
CCTTTCTTCCTTTCTC-1,GARQ,D5,0,40,38,6,0.1271522,Non classical monocytes
CGAACATAGGACACCA-1,GARQ,D5,0,40,38,18,0.053402305,CD8 memory
CGAACATCACGCGAAA-1,GARQ,D5,0,40,38,19,0.051856756,CD4 and CD8 activated memory
CGAACATTCGCTTAGA-1,GARQ,D5,0,40,38,20,0.069518566,CD4 memory
CGAACATTCGTGTAGT-1,GARQ,D5,0,40,38,0,0.047008276,CD4 memory
CGAACATTCTTCGGTC-1,GARQ,D5,0,40,38,13,0.07710588,CD8 memory
CGAATGTTCATCTGTT-1,GARQ,D5,0,40,38,37,0.050320387,CD4 memory
CGAATGTTCGTGGGAA-1,GARQ,D5,0,40,38,6,0.07840967,Non classical monocytes
CGACCTTCACACCGAC-1,GARQ,D5,0,40,38,7,0.0010737181,CD56dim CD16bright NK
CGACCTTGTGTTGGGA-1,GARQ,D5,0,40,38,5,0.020378828,CD56dim CD16bright NK
CGACCTTTCGGCGCAT-1,GARQ,D5,0,40,38,37,0.042266846,CD8 naive
CGACCTTTCTGTCTCG-1,GARQ,D5,0,40,38,36,0.16548193,Memory B
CGACTTCAGCGTCTAT-1,GARQ,D5,0,40,38,37,0.041340828,CD4 naive I
CGACTTCCAATGGTCT-1,GARQ,D5,0,40,38,10,0.07277459,CD8 naive
CGACTTCCATCCAACA-1,GARQ,D5,0,40,38,6,0.093785524,Classical monocytes
CGACTTCGTCGTGGCT-1,GARQ,D5,0,40,38,6,0.18067682,Neutrophils
CGAGAAGCAGTAAGAT-1,GARQ,D5,0,40,38,10,0.017537951,NK-T doublets
CGAGAAGGTGGTAACG-1,GARQ,D5,0,40,38,5,0.0131800175,CD56bright CD16dim NK
CGAGAAGGTTTGGCGC-1,GARQ,D5,0,40,38,1,0.16179144,CD56dim CD16bright NK
CGAGAAGTCATTCACT-1,GARQ,D5,0,40,38,5,0.21175468,CD56dim CD16bright NK
CGAGCACCAAAGCAAT-1,GARQ,D5,0,40,38,36,0.048601985,Naive B
CGAGCCAAGCTGAACG-1,GARQ,D5,0,40,38,13,0.11415076,CD8 memory
CGAGCCAAGTTAGCGG-1,GARQ,D5,0,40,38,12,0.024765193,Non classical monocytes
CGAGCCACACTGTTAG-1,GARQ,D5,0,40,38,13,0.090999246,gdT cells
CGAGCCAGTAACGTTC-1,GARQ,D5,0,40,38,37,0.060174108,CD4 naive I
CGAGCCATCACCACCT-1,GARQ,D5,0,40,38,1,0.012852073,CD56dim CD16bright NK
CGAGCCATCCTGCTTG-1,GARQ,D5,0,40,38,6,0.054189444,Non classical monocytes
CGATCGGCACATGTGT-1,GARQ,D5,0,40,38,1,0.035238028,CD56dim CD16bright NK
CGATCGGGTCCGTTAA-1,GARQ,D5,0,40,38,5,0.074528575,CD56dim CD16bright NK
CGATCGGGTTCGTGAT-1,GARQ,D5,0,40,38,2,0.0034037232,CD4 naive I
CGATCGGTCACAGTAC-1,GARQ,D5,0,40,38,5,0.019642532,CD56dim CD16bright NK
CGATCGGTCATGGTCA-1,GARQ,D5,0,40,38,13,0.124881506,MAIT-NKT cells
CGATGGCCAGATAATG-1,GARQ,D5,0,40,38,1,0.080950856,CD56dim CD16bright NK
CGATGGCTCAAACCGT-1,GARQ,D5,0,40,38,6,0.09363699,NK-monocyte doublets
CGATGTAAGATGGGTC-1,GARQ,D5,0,40,38,37,0.05865431,CD8 naive
CGATGTACACATCTTT-1,GARQ,D5,0,40,38,6,0.017271161,Platelets
CGATGTAGTCCGTCAG-1,GARQ,D5,0,40,38,6,0.157228,Classical monocytes
CGATTGAAGGGCTTGA-1,GARQ,D5,0,40,38,37,0.10398054,CD8 naive
CGATTGACAGCTTCGG-1,GARQ,D5,0,40,38,19,0.01939416,CD56bright CD16dim NK
CGATTGACATCGGACC-1,GARQ,D5,0,40,38,20,0.13816941,CD4 naive I
CGATTGAGTGAGTATA-1,GARQ,D5,0,40,38,1,0.11311364,CD56dim CD16bright NK
CGCCAAGGTCCAGTAT-1,GARQ,D5,0,40,38,18,0.011087656,MAIT-NKT cells
CGCCAAGGTGCGGTAA-1,GARQ,D5,0,40,38,10,0.09911513,CD4 naive II
CGCCAAGTCCCTCAGT-1,GARQ,D5,0,40,38,5,0.060436726,CD56dim CD16bright NK
CGCGGTAAGACACGAC-1,GARQ,D5,0,40,38,5,0.04036522,CD8 effector
CGCGGTACAAGGTTCT-1,GARQ,D5,0,40,38,20,0.027808905,CD4 naive I
CGCGGTACAGACAGGT-1,GARQ,D5,0,40,38,6,0.12577224,Non classical monocytes
CGCGGTATCATACGGT-1,GARQ,D5,0,40,38,5,0.02927351,CD56dim CD16bright NK
CGCGGTATCGTTACAG-1,GARQ,D5,0,40,38,4,0.003689766,Regulatory T cells
CGCGTTTAGAACAATC-1,GARQ,D5,0,40,38,8,0.008898377,gdT cells
CGCGTTTAGGTGTTAA-1,GARQ,D5,0,40,38,6,0.45022964,Classical monocytes
CGCGTTTCAAGCCATT-1,GARQ,D5,0,40,38,13,0.0013198853,NK-T doublets
CGCGTTTCATCGTCGG-1,GARQ,D5,0,40,38,37,0.061108112,CD4 naive I
CGCTATCCACCAGGCT-1,GARQ,D5,0,40,38,6,0.17204762,Classical monocytes
CGCTATCCAGGTGCCT-1,GARQ,D5,0,40,38,14,0.027634978,CD4 memory
CGCTATCCATATACCG-1,GARQ,D5,0,40,38,37,0.05615747,CD8 naive
CGCTATCTCTGGCGTG-1,GARQ,D5,0,40,38,20,0.073399305,Naive B
CGCTGGATCGCTTGTC-1,GARQ,D5,0,40,38,10,0.002849698,CD4 naive I
CGCTTCAAGACTTTCG-1,GARQ,D5,0,40,38,13,0.07390988,CD8 memory
CGCTTCAAGGCATGTG-1,GARQ,D5,0,40,38,20,0.06812644,CD4 memory
CGCTTCACACAGCCCA-1,GARQ,D5,0,40,38,30,0.029557347,T-NK-B cell doublets
CGCTTCATCAACACTG-1,GARQ,D5,0,40,38,4,0.04232979,CD4 memory
CGCTTCATCTGAAAGA-1,GARQ,D5,0,40,38,32,0.01823312,CD8 memory
CGGACACAGATGAGAG-1,GARQ,D5,0,40,38,7,0.032203913,CD8 effector
CGGACACAGTCTCGGC-1,GARQ,D5,0,40,38,20,0.07319069,CD4 memory
CGGACGTAGAGGTTGC-1,GARQ,D5,0,40,38,8,0.002317667,gdT cells
CGGACGTCAGACAGGT-1,GARQ,D5,0,40,38,26,0.05694294,CD56dim CD16bright NK
CGGACGTGTCCAACTA-1,GARQ,D5,0,40,38,6,0.078270316,Neutrophils
CGGACTGGTAAGCACG-1,GARQ,D5,0,40,38,10,0.055432916,CD4 naive I
CGGACTGGTTGCCTCT-1,GARQ,D5,0,40,38,5,0.041403532,CD8 effector
CGGACTGTCAAAGACA-1,GARQ,D5,0,40,38,7,0.032763958,CD8 effector
CGGACTGTCAAGAAGT-1,GARQ,D5,0,40,38,5,0.061861634,CD56dim CD16bright NK
CGGACTGTCACCAGGC-1,GARQ,D5,0,40,38,37,0.024601102,CD8 memory
CGGAGCTAGGATGGTC-1,GARQ,D5,0,40,38,6,0.063452005,Classical monocytes
CGGAGCTCACGTGAGA-1,GARQ,D5,0,40,38,24,0.07705426,CD4 memory
CGGAGCTCAGGATCGA-1,GARQ,D5,0,40,38,6,0.10349977,Classical monocytes
CGGAGCTGTCGTCTTC-1,GARQ,D5,0,40,38,34,0.041952312,CD8 memory
CGGAGCTGTTGTGGCC-1,GARQ,D5,0,40,38,10,0.018632412,CD4 naive I
CGGAGTCAGCCAACAG-1,GARQ,D5,0,40,38,5,0.0678128,CD56dim CD16bright NK
CGGAGTCCACAAGACG-1,GARQ,D5,0,40,38,20,0.14149868,CD4 memory
CGGAGTCGTTGACGTT-1,GARQ,D5,0,40,38,1,0.0023791194,CD56dim CD16bright NK
CGGAGTCTCAACACCA-1,GARQ,D5,0,40,38,36,0.04128635,Naive B
CGGAGTCTCTATCGCC-1,GARQ,D5,0,40,38,36,0.08065426,Naive B
CGGCTAGAGCTAGTCT-1,GARQ,D5,0,40,38,37,0.025200605,CD4 naive I
CGGCTAGCAACAACCT-1,GARQ,D5,0,40,38,6,0.23131621,Platelet-bound monocytes
CGGCTAGCAGGAATGC-1,GARQ,D5,0,40,38,37,0.08173752,CD8 naive
CGGCTAGGTACGAAAT-1,GARQ,D5,0,40,38,0,0.033387303,CD4 memory
CGGCTAGGTAGCGTGA-1,GARQ,D5,0,40,38,13,0.073182106,MAIT-NKT cells
CGGCTAGGTTGGTTTG-1,GARQ,D5,0,40,38,5,0.16947556,CD56dim CD16bright NK
CGGCTAGGTTGTGGAG-1,GARQ,D5,0,40,38,1,0.07752919,CD56dim CD16bright NK
CGGGTCAAGGACATTA-1,GARQ,D5,0,40,38,20,0.061496496,CD4 naive I
CGGGTCAAGGGATACC-1,GARQ,D5,0,40,38,5,0.07702303,CD56dim CD16bright NK
CGGGTCATCCATTCTA-1,GARQ,D5,0,40,38,5,0.18171906,CD8 effector
CGGTTAACATGTCCTC-1,GARQ,D5,0,40,38,5,0.03571415,CD56dim CD16bright NK
CGGTTAAGTGGAAAGA-1,GARQ,D5,0,40,38,37,0.07086706,CD8 naive
CGGTTAAGTGTCGCTG-1,GARQ,D5,0,40,38,24,0.053208947,CD4 naive II
CGGTTAAGTTGATTCG-1,GARQ,D5,0,40,38,6,0.06563616,Non classical monocytes
CGGTTAATCGGTGTTA-1,GARQ,D5,0,40,38,10,0.019448519,CD4 naive I
CGTAGCGAGATCACGG-1,GARQ,D5,0,40,38,37,0.11170077,CD4 memory
CGTAGCGAGTGCAAGC-1,GARQ,D5,0,40,38,24,0.017838836,CD8 naive
CGTAGCGCAGGTCGTC-1,GARQ,D5,0,40,38,36,0.058477163,Naive B
CGTAGGCAGATGTAAC-1,GARQ,D5,0,40,38,20,0.098778605,CD8 naive
CGTAGGCCAAAGGTGC-1,GARQ,D5,0,40,38,5,0.016091585,CD56dim CD16bright NK
CGTAGGCCACCAGCAC-1,GARQ,D5,0,40,38,24,0.034646273,CD4 naive I
CGTAGGCGTGCTTCTC-1,GARQ,D5,0,40,38,6,0.099074244,Neutrophils
CGTAGGCTCCAAGCCG-1,GARQ,D5,0,40,38,20,0.048375487,CD4 memory
CGTAGGCTCCGTTGCT-1,GARQ,D5,0,40,38,1,0.10548842,MAIT-NKT cells
CGTCACTAGCCACGTC-1,GARQ,D5,0,40,38,36,0.13379204,Naive B
CGTCACTAGCCCAATT-1,GARQ,D5,0,40,38,25,0.023484707,CD8 effector
CGTCACTAGCTATGCT-1,GARQ,D5,0,40,38,24,0.0783844,CD4 memory
CGTCACTCATATGCTG-1,GARQ,D5,0,40,38,6,0.1366297,Non classical monocytes
CGTCACTGTCTAGAGG-1,GARQ,D5,0,40,38,33,0.0018867254,CD4 naive I
CGTCACTGTGAGCGAT-1,GARQ,D5,0,40,38,25,0.020882607,NK-T doublets
CGTCACTGTGTTCGAT-1,GARQ,D5,0,40,38,1,0.009330511,CD56dim CD16bright NK
CGTCACTTCTAACGGT-1,GARQ,D5,0,40,38,5,0.006677747,CD56dim CD16bright NK
CGTCAGGAGAACTCGG-1,GARQ,D5,0,40,38,18,0.012515545,CD8 effector
CGTCAGGCAGTAACGG-1,GARQ,D5,0,40,38,32,0.00069636106,CD4 memory
CGTCAGGTCAGATAAG-1,GARQ,D5,0,40,38,6,0.089228034,Neutrophils
CGTCCATAGATACACA-1,GARQ,D5,0,40,38,19,0.0022386312,gdT cells
CGTCCATAGGGCTTGA-1,GARQ,D5,0,40,38,6,0.07472336,Platelet-bound monocytes
CGTCCATAGTACGTAA-1,GARQ,D5,0,40,38,36,0.12224531,Naive B
CGTCCATCAGGAACGT-1,GARQ,D5,0,40,38,9,0.052030444,CD56bright CD16dim NK
CGTCCATGTAGTACCT-1,GARQ,D5,0,40,38,24,0.13304806,CD4 memory
CGTCCATTCAGCTCGG-1,GARQ,D5,0,40,38,24,0.02379942,CD4 naive I
CGTCTACCACCTTGTC-1,GARQ,D5,0,40,38,35,0.00063991547,CD56dim CD16bright NK
CGTCTACGTAAATGAC-1,GARQ,D5,0,40,38,1,0.13774347,CD56dim CD16bright NK
CGTCTACGTAAGGGAA-1,GARQ,D5,0,40,38,11,0.10112816,Erythroid 
CGTCTACGTCCTGCTT-1,GARQ,D5,0,40,38,39,0.06839943,plasmacytoid DC
CGTCTACTCAGCGATT-1,GARQ,D5,0,40,38,25,0.03139639,MAIT-NKT cells
CGTGAGCAGAAGGGTA-1,GARQ,D5,0,40,38,6,0.10653329,Non classical monocytes
CGTGAGCAGATATGCA-1,GARQ,D5,0,40,38,5,0.0058107376,CD56dim CD16bright NK
CGTGAGCGTACCGGCT-1,GARQ,D5,0,40,38,6,0.31104445,Neutrophils
CGTGTAACACATAACC-1,GARQ,D5,0,40,38,1,0.0072246194,CD56bright CD16dim NK
CGTGTAACAGCTGCTG-1,GARQ,D5,0,40,38,24,0.023788214,Platelet-T cell doublets
CGTGTAAGTACCGGCT-1,GARQ,D5,0,40,38,1,0.022346854,CD56dim CD16bright NK
CGTGTAAGTGTTCTTT-1,GARQ,D5,0,40,38,24,0.03573835,CD4 naive II
CGTGTAATCGTTGCCT-1,GARQ,D5,0,40,38,25,0.015137792,CD8 effector
CGTGTCTGTCATGCCG-1,GARQ,D5,0,40,38,24,0.025028467,CD4 naive I
CGTTAGAAGACTTGAA-1,GARQ,D5,0,40,38,24,0.11285734,CD4 memory
CGTTAGAAGAGGTTGC-1,GARQ,D5,0,40,38,6,0.08471584,NK-monocyte doublets
CGTTAGACAAGCGATG-1,GARQ,D5,0,40,38,1,0.11527252,CD56dim CD16bright NK
CGTTAGACACAGATTC-1,GARQ,D5,0,40,38,20,0.009137154,CD8 naive
CGTTAGACACCTCGTT-1,GARQ,D5,0,40,38,20,0.03873217,CD4 memory
CGTTAGACATCACGAT-1,GARQ,D5,0,40,38,36,0.031842947,Naive B
CGTTAGAGTTCCACTC-1,GARQ,D5,0,40,38,7,0.07964218,CD8 effector
CGTTAGATCCTTGGTC-1,GARQ,D5,0,40,38,5,0.07507551,CD56dim CD16bright NK
CGTTCTGGTAACGACG-1,GARQ,D5,0,40,38,5,0.11053121,CD56dim CD16bright NK
CGTTCTGTCCGAACGC-1,GARQ,D5,0,40,38,6,0.11666119,Classical monocytes
CGTTGGGAGTTCGATC-1,GARQ,D5,0,40,38,6,0.09042168,Classical monocytes
CGTTGGGAGTTGAGAT-1,GARQ,D5,0,40,38,19,0.05846572,CD56bright CD16dim NK
CGTTGGGGTATCGCAT-1,GARQ,D5,0,40,38,5,0.13541412,CD56dim CD16bright NK
CGTTGGGTCATTGCGA-1,GARQ,D5,0,40,38,5,0.0521549,CD56dim CD16bright NK
CTAACTTAGAGATGAG-1,GARQ,D5,0,40,38,36,0.119334936,Naive B
CTAACTTAGTAAGTAC-1,GARQ,D5,0,40,38,24,0.052414656,CD4 naive II
CTAACTTCAGCGTTCG-1,GARQ,D5,0,40,38,24,0.055776596,CD8 naive
CTAACTTCATGGTAGG-1,GARQ,D5,0,40,38,1,0.11835003,CD56dim CD16bright NK
CTAACTTGTTGCGCAC-1,GARQ,D5,0,40,38,5,0.018111229,CD56dim CD16bright NK
CTAACTTTCGTCCGTT-1,GARQ,D5,0,40,38,1,0.13009238,CD56dim CD16bright NK
CTAAGACTCTGCTGCT-1,GARQ,D5,0,40,38,8,0.01194191,CD8 effector
CTAATGGAGGCATTGG-1,GARQ,D5,0,40,38,1,0.010224104,CD56dim CD16bright NK
CTAATGGCAATCACAC-1,GARQ,D5,0,40,38,8,0.04167509,CD56dim CD16bright NK
CTAATGGCACGGATAG-1,GARQ,D5,0,40,38,25,0.06483829,gdT cells
CTAATGGCATGCATGT-1,GARQ,D5,0,40,38,8,0.0018243194,CD8 memory
CTAATGGTCAGGTTCA-1,GARQ,D5,0,40,38,36,0.12627101,Memory B
CTAATGGTCCAACCAA-1,GARQ,D5,0,40,38,6,0.119338155,Classical monocytes
CTAATGGTCTCTAGGA-1,GARQ,D5,0,40,38,13,0.051275373,NK-T doublets
CTACACCAGTTAACGA-1,GARQ,D5,0,40,38,6,0.30722666,Classical monocytes
CTACACCCACAACGTT-1,GARQ,D5,0,40,38,37,0.0034724474,CD8 memory
CTACACCGTGCTCTTC-1,GARQ,D5,0,40,38,6,0.18221116,Classical monocytes
CTACACCGTGCTTCTC-1,GARQ,D5,0,40,38,5,0.09618497,CD56bright CD16dim NK
CTACACCTCGCTGATA-1,GARQ,D5,0,40,38,6,0.09891367,Neutrophils
CTACATTAGCCCAACC-1,GARQ,D5,0,40,38,32,0.016306996,Regulatory T cells
CTACATTAGCTGAACG-1,GARQ,D5,0,40,38,36,0.2641611,Naive B
CTACATTAGTCTTGCA-1,GARQ,D5,0,40,38,1,0.12666368,CD56dim CD16bright NK
CTACATTGTACCATCA-1,GARQ,D5,0,40,38,38,0.00078356266,CD8 memory
CTACATTTCGCGTTTC-1,GARQ,D5,0,40,38,1,0.079496145,CD56dim CD16bright NK
CTACCCAAGCCGGTAA-1,GARQ,D5,0,40,38,1,0.25977087,CD56dim CD16bright NK
CTACCCACAAGTACCT-1,GARQ,D5,0,40,38,6,0.06313777,Classical monocytes
CTACCCAGTGTGTGCC-1,GARQ,D5,0,40,38,16,0.098841965,Classical monocytes
CTACCCATCCGCAGTG-1,GARQ,D5,0,40,38,20,0.058876038,CD4 naive I
CTACGTCCATGCTGGC-1,GARQ,D5,0,40,38,37,0.08688092,CD4 naive I
CTAGAGTAGCAGGCTA-1,GARQ,D5,0,40,38,16,0.034256697,NK-monocyte doublets
CTAGAGTAGTAGATGT-1,GARQ,D5,0,40,38,25,0.024492145,CD8 effector
CTAGAGTCAGCTGCAC-1,GARQ,D5,0,40,38,5,0.083195806,CD8 effector
CTAGAGTCATCTCGCT-1,GARQ,D5,0,40,38,20,0.13827205,CD4 memory
CTAGAGTGTAATTGGA-1,GARQ,D5,0,40,38,6,0.09246302,Classical monocytes
CTAGAGTGTACAGCAG-1,GARQ,D5,0,40,38,6,0.09960735,Classical monocytes
CTAGAGTGTCATGCCG-1,GARQ,D5,0,40,38,20,0.07479358,CD4 naive I
CTAGAGTGTGTTAAGA-1,GARQ,D5,0,40,38,0,0.010609865,CD8 naive
CTAGAGTTCACGCGGT-1,GARQ,D5,0,40,38,36,0.054245472,Memory B
CTAGAGTTCTGGCGAC-1,GARQ,D5,0,40,38,20,0.0325768,CD4 naive I
CTAGAGTTCTTCTGGC-1,GARQ,D5,0,40,38,0,0.025511146,CD4 memory
CTAGCCTAGACACTAA-1,GARQ,D5,0,40,38,6,0.11390889,Non classical monocytes
CTAGCCTAGACTTTCG-1,GARQ,D5,0,40,38,5,0.04899037,CD8 effector
CTAGCCTAGGAGCGTT-1,GARQ,D5,0,40,38,6,0.077990174,Neutrophils
CTAGCCTCAGCCAGAA-1,GARQ,D5,0,40,38,6,0.07324135,NK-monocyte doublets
CTAGCCTCATCGATGT-1,GARQ,D5,0,40,38,25,0.025450587,CD8 effector
CTAGCCTCATTGGTAC-1,GARQ,D5,0,40,38,19,0.015395641,CD4 memory
CTAGCCTGTACAAGTA-1,GARQ,D5,0,40,38,20,0.116289616,CD4 naive I
CTAGTGAAGAGGGCTT-1,GARQ,D5,0,40,38,8,0.13993084,gdT cells
CTAGTGACATCGACGC-1,GARQ,D5,0,40,38,6,0.11299181,Classical monocytes
CTCACACGTTGGGACA-1,GARQ,D5,0,40,38,14,0.036783338,CD4 memory
CTCAGAAAGGATGGTC-1,GARQ,D5,0,40,38,6,0.026139498,Neutrophils
CTCAGAAAGTAGTGCG-1,GARQ,D5,0,40,38,18,0.003949642,CD8 memory
CTCATTATCACAATGC-1,GARQ,D5,0,40,38,8,0.0957036,gdT cells
CTCATTATCCAGTATG-1,GARQ,D5,0,40,38,6,0.15572786,Non classical monocytes
CTCATTATCTCGCATC-1,GARQ,D5,0,40,38,6,0.1586461,Classical monocytes
CTCCTAGAGTGGGTTG-1,GARQ,D5,0,40,38,20,0.040447712,CD8 naive
CTCCTAGGTACTCAAC-1,GARQ,D5,0,40,38,37,0.027840972,CD4 naive II
CTCCTAGGTCAAACTC-1,GARQ,D5,0,40,38,1,0.0061269403,CD56dim CD16bright NK
CTCGAAAAGAGGTTGC-1,GARQ,D5,0,40,38,36,0.24875307,Memory B
CTCGAAACATGGTTGT-1,GARQ,D5,0,40,38,20,0.20185745,CD4 naive I
CTCGAAAGTAAGAGGA-1,GARQ,D5,0,40,38,36,0.07855028,Naive B
CTCGAAAGTGACGGTA-1,GARQ,D5,0,40,38,8,0.022779226,CD8 effector
CTCGAAATCGTTTAGG-1,GARQ,D5,0,40,38,33,0.0010178089,CD8 memory
CTCGAGGCAGGTTTCA-1,GARQ,D5,0,40,38,6,0.18428457,Classical monocytes
CTCGAGGGTTGATTGC-1,GARQ,D5,0,40,38,8,0.005485058,gdT cells
CTCGGAGAGGAGCGTT-1,GARQ,D5,0,40,38,24,0.05342698,CD4 memory
CTCGGAGCAATAACGA-1,GARQ,D5,0,40,38,10,0.01691246,MAIT-NKT cells
CTCGGAGCATCACGAT-1,GARQ,D5,0,40,38,25,0.031171203,CD56bright CD16dim NK
CTCGGAGCATCGGGTC-1,GARQ,D5,0,40,38,36,0.16390657,Naive B
CTCGGAGGTGAGTATA-1,GARQ,D5,0,40,38,13,0.025441766,NK-T doublets
CTCGGGAAGCTCCTCT-1,GARQ,D5,0,40,38,18,0.0013543367,gdT cells
CTCGGGACAGCTTCGG-1,GARQ,D5,0,40,38,2,0.009117842,CD4 and CD8 activated memory
CTCGTACAGACAGACC-1,GARQ,D5,0,40,38,20,0.06252253,CD4 naive I
CTCGTACCAGACGCCT-1,GARQ,D5,0,40,38,20,0.037914395,CD4 naive I
CTCGTACCATGGTAGG-1,GARQ,D5,0,40,38,6,0.17901862,conventional DC
CTCGTACTCCTGCAGG-1,GARQ,D5,0,40,38,1,0.067791104,CD56dim CD16bright NK
CTCGTCAAGCGACGTA-1,GARQ,D5,0,40,38,2,0.018710494,CD8 memory
CTCGTCACATTAGGCT-1,GARQ,D5,0,40,38,5,0.026295185,CD56dim CD16bright NK
CTCGTCAGTCTCGTTC-1,GARQ,D5,0,40,38,5,0.05795002,CD56dim CD16bright NK
CTCTAATAGCTAGGCA-1,GARQ,D5,0,40,38,6,0.09966338,Classical monocytes
CTCTAATCACAGCCCA-1,GARQ,D5,0,40,38,5,0.12350881,CD56dim CD16bright NK
CTCTAATCATCATCCC-1,GARQ,D5,0,40,38,13,0.08175588,CD8 memory
CTCTAATGTGTTCGAT-1,GARQ,D5,0,40,38,6,0.12737799,Classical monocytes
CTCTACGAGTCAAGGC-1,GARQ,D5,0,40,38,6,0.13320374,Classical monocytes
CTCTACGAGTTTAGGA-1,GARQ,D5,0,40,38,5,0.14307332,CD8 effector
CTCTACGCACCAACCG-1,GARQ,D5,0,40,38,5,0.058886647,CD56dim CD16bright NK
CTCTACGGTTGAACTC-1,GARQ,D5,0,40,38,5,0.037354827,CD8 effector
CTCTACGTCGTAGATC-1,GARQ,D5,0,40,38,6,0.054833055,Classical monocytes
CTCTGGTCAAGGGTCA-1,GARQ,D5,0,40,38,19,0.0016688108,MAIT-NKT cells
CTCTGGTGTGCATCTA-1,GARQ,D5,0,40,38,5,0.050325036,CD8 effector
CTCTGGTTCCGCGTTT-1,GARQ,D5,0,40,38,1,0.015163481,CD56dim CD16bright NK
CTGAAACAGTGGGATC-1,GARQ,D5,0,40,38,14,0.0013464689,CD4 memory
CTGAAACCATCCCATC-1,GARQ,D5,0,40,38,1,0.042900324,CD56dim CD16bright NK
CTGAAGTCATGGATGG-1,GARQ,D5,0,40,38,19,0.0053272247,MAIT-NKT cells
CTGAAGTGTAGCTGCC-1,GARQ,D5,0,40,38,5,0.108837366,CD56dim CD16bright NK
CTGAAGTGTCCAAGTT-1,GARQ,D5,0,40,38,10,0.027590036,CD4 naive II
CTGAAGTTCAATCACG-1,GARQ,D5,0,40,38,5,0.114411354,CD56dim CD16bright NK
CTGAAGTTCCTTCAAT-1,GARQ,D5,0,40,38,37,0.02555275,CD4 naive II
CTGATAGAGGAGCGAG-1,GARQ,D5,0,40,38,6,0.122504234,Non classical monocytes
CTGATAGCACCTATCC-1,GARQ,D5,0,40,38,5,0.12336302,CD56dim CD16bright NK
CTGATAGGTGCACGAA-1,GARQ,D5,0,40,38,36,0.1989187,Naive B
CTGATAGTCCTGCAGG-1,GARQ,D5,0,40,38,5,0.043638587,CD56dim CD16bright NK
CTGATAGTCTTTAGGG-1,GARQ,D5,0,40,38,36,0.139171,Memory B
CTGATCCTCCCATTTA-1,GARQ,D5,0,40,38,24,0.05499959,CD4 memory
CTGCCTAAGCATCATC-1,GARQ,D5,0,40,38,2,0.037814856,CD8 memory
CTGCCTACAGCGTTCG-1,GARQ,D5,0,40,38,26,0.074073315,CD56dim CD16bright NK
CTGCCTATCAAGCCTA-1,GARQ,D5,0,40,38,2,0.076678514,CD4 memory
CTGCGGAGTGTAATGA-1,GARQ,D5,0,40,38,20,0.034409046,CD4 memory
CTGCGGATCAGTCAGT-1,GARQ,D5,0,40,38,5,0.0044072866,CD56dim CD16bright NK
CTGCTGTAGAAACGCC-1,GARQ,D5,0,40,38,7,0.13971686,CD8 effector
CTGCTGTAGAACAATC-1,GARQ,D5,0,40,38,6,0.23418546,Non classical monocytes
CTGCTGTCAACACGCC-1,GARQ,D5,0,40,38,36,0.07058102,Memory B
CTGCTGTGTATGAAAC-1,GARQ,D5,0,40,38,1,0.017551184,CD56dim CD16bright NK
CTGCTGTTCATCGGAT-1,GARQ,D5,0,40,38,6,0.052661896,Non classical monocytes
CTGCTGTTCGACCAGC-1,GARQ,D5,0,40,38,1,0.048737288,CD56dim CD16bright NK
CTGGTCTAGGGAAACA-1,GARQ,D5,0,40,38,6,0.086589456,Classical monocytes
CTGGTCTCAAGTTAAG-1,GARQ,D5,0,40,38,6,0.034539223,Non classical monocytes
CTGGTCTTCAAACGGG-1,GARQ,D5,0,40,38,13,0.047446966,MAIT-NKT cells
CTGGTCTTCTACTTAC-1,GARQ,D5,0,40,38,6,0.22420287,Platelet-bound monocytes
CTGTGCTCACAACGCC-1,GARQ,D5,0,40,38,5,0.056123257,CD56dim CD16bright NK
CTGTGCTCACGTTGGC-1,GARQ,D5,0,40,38,13,0.016554296,gdT cells
CTGTGCTGTGAGGGTT-1,GARQ,D5,0,40,38,6,0.14140439,Classical monocytes
CTGTTTAAGAGACTTA-1,GARQ,D5,0,40,38,20,0.0057355165,CD4 memory
CTGTTTACAATCCAAC-1,GARQ,D5,0,40,38,7,0.056977272,CD8 effector
CTGTTTACACAAGTAA-1,GARQ,D5,0,40,38,5,0.05429399,CD56bright CD16dim NK
CTGTTTACAGATCTGT-1,GARQ,D5,0,40,38,13,0.10184693,gdT cells
CTGTTTATCAAAGACA-1,GARQ,D5,0,40,38,1,0.06239003,CD56dim CD16bright NK
CTGTTTATCTAACCGA-1,GARQ,D5,0,40,38,1,0.0107393265,CD56dim CD16bright NK
CTTAACTAGTTTCCTT-1,GARQ,D5,0,40,38,1,0.01911354,CD56dim CD16bright NK
CTTAACTCAACACGCC-1,GARQ,D5,0,40,38,6,0.06658018,Non classical monocytes
CTTAACTCAGTATGCT-1,GARQ,D5,0,40,38,36,0.1765092,Naive B
CTTAACTGTCATCGGC-1,GARQ,D5,0,40,38,27,0.005637586,CD4 naive I
CTTACCGCACCAGATT-1,GARQ,D5,0,40,38,6,0.08757138,T-NK-B cell doublets
CTTACCGGTAGGGACT-1,GARQ,D5,0,40,38,31,0.015874386,CD56dim CD16bright NK
CTTACCGGTGGTCTCG-1,GARQ,D5,0,40,38,37,0.014418125,CD4 naive I
CTTAGGACATCGATTG-1,GARQ,D5,0,40,38,5,0.022807956,CD56dim CD16bright NK
CTTAGGACATTTCACT-1,GARQ,D5,0,40,38,13,0.04195738,CD8 memory
CTTAGGAGTACAAGTA-1,GARQ,D5,0,40,38,5,0.05493009,CD56dim CD16bright NK
CTTAGGAGTCGGGTCT-1,GARQ,D5,0,40,38,5,0.1472013,CD56dim CD16bright NK
CTTAGGATCATACGGT-1,GARQ,D5,0,40,38,36,0.00018507242,T-NK-B cell doublets
CTTAGGATCCTAGAAC-1,GARQ,D5,0,40,38,25,0.048217773,CD8 effector
CTTCTCTAGACCCACC-1,GARQ,D5,0,40,38,6,0.20134652,Classical monocytes
CTTCTCTCAACGATCT-1,GARQ,D5,0,40,38,19,0.0019773245,CD8 effector
CTTCTCTTCACTGGGC-1,GARQ,D5,0,40,38,1,0.116723895,CD56dim CD16bright NK
CTTCTCTTCATAACCG-1,GARQ,D5,0,40,38,19,0.047988534,NK-T doublets
CTTGGCTAGGAATCGC-1,GARQ,D5,0,40,38,8,0.009858847,MAIT-NKT cells
CTTGGCTAGTCAATAG-1,GARQ,D5,0,40,38,39,0.0018610954,plasmacytoid DC
CTTGGCTGTGCGAAAC-1,GARQ,D5,0,40,38,6,0.08838248,Non classical monocytes
CTTGGCTTCGTAGATC-1,GARQ,D5,0,40,38,25,0.023956776,MAIT-NKT cells
CTTGGCTTCTAACTCT-1,GARQ,D5,0,40,38,6,0.06667149,Non classical monocytes
CTTTGCGAGGAGTTGC-1,GARQ,D5,0,40,38,6,0.018247128,Non classical monocytes
CTTTGCGAGGCCCGTT-1,GARQ,D5,0,40,38,36,0.24645185,Naive B
CTTTGCGCAACTGCGC-1,GARQ,D5,0,40,38,36,0.21919763,T-NK-B cell doublets
CTTTGCGCATGATCCA-1,GARQ,D5,0,40,38,37,0.092025995,CD4 memory
CTTTGCGTCTATCGCC-1,GARQ,D5,0,40,38,36,0.008680701,Naive B
CTTTGCGTCTGGAGCC-1,GARQ,D5,0,40,38,20,0.032342196,CD4 naive I
GAAACTCAGAGTGACC-1,GARQ,D5,0,40,38,24,0.13652241,CD4 memory
GAAACTCAGATGCCAG-1,GARQ,D5,0,40,38,36,0.31604832,T-NK-B cell doublets
GAAACTCCAAGGTGTG-1,GARQ,D5,0,40,38,18,0.019809961,CD8 memory
GAAACTCGTCTTCAAG-1,GARQ,D5,0,40,38,5,0.08702958,CD56dim CD16bright NK
GAAACTCTCAACGGCC-1,GARQ,D5,0,40,38,22,0.11757016,gdT cells
GAAACTCTCATGCAAC-1,GARQ,D5,0,40,38,32,0.030227423,CD8 memory
GAAACTCTCCGAACGC-1,GARQ,D5,0,40,38,36,0.16586745,Naive B
GAAATGAAGGTCGGAT-1,GARQ,D5,0,40,38,13,0.06389427,MAIT-NKT cells
GAACATCAGCGCCTCA-1,GARQ,D5,0,40,38,10,0.043601274,CD4 naive I
GAACATCAGCGTTTAC-1,GARQ,D5,0,40,38,6,0.11027646,Classical monocytes
GAACATCAGTTCGCGC-1,GARQ,D5,0,40,38,13,0.003815651,CD8 effector
GAACATCCAATCGGTT-1,GARQ,D5,0,40,38,5,0.0554623,CD56dim CD16bright NK
GAACATCGTCGCCATG-1,GARQ,D5,0,40,38,24,0.036670327,CD4 memory
GAACATCTCGAACTGT-1,GARQ,D5,0,40,38,1,0.027841926,CD56dim CD16bright NK
GAACCTATCACCCTCA-1,GARQ,D5,0,40,38,36,0.022380054,Naive B
GAACGGAAGAGATGAG-1,GARQ,D5,0,40,38,39,0.024395108,plasmacytoid DC
GAACGGAAGCGTTTAC-1,GARQ,D5,0,40,38,6,0.070100546,Non classical monocytes
GAACGGACACGTTGGC-1,GARQ,D5,0,40,38,20,0.031078458,CD4 naive I
GAACGGACAGCCTTTC-1,GARQ,D5,0,40,38,37,0.037340283,CD4 naive I
GAACGGACAGTGAGTG-1,GARQ,D5,0,40,38,26,0.086031675,CD56bright CD16dim NK
GAACGGAGTGTGACCC-1,GARQ,D5,0,40,38,6,0.085474014,Non classical monocytes
GAACGGAGTTCCACAA-1,GARQ,D5,0,40,38,6,0.14008462,Classical monocytes
GAAGCAGAGATAGGAG-1,GARQ,D5,0,40,38,37,0.044356942,CD8 naive
GAAGCAGCAATCGAAA-1,GARQ,D5,0,40,38,37,0.007254958,CD4 naive II
GAAGCAGGTAGGCATG-1,GARQ,D5,0,40,38,37,0.011103034,CD8 naive
GAAGCAGTCATAAAGG-1,GARQ,D5,0,40,38,8,0.1444025,gdT cells
GAATAAGAGATGGGTC-1,GARQ,D5,0,40,38,6,0.054970503,Non classical monocytes
GAATAAGAGGTACTCT-1,GARQ,D5,0,40,38,36,0.07644141,Memory B
GAATGAAAGTCGATAA-1,GARQ,D5,0,40,38,12,0.022444785,Non classical monocytes
GAATGAACAAATACAG-1,GARQ,D5,0,40,38,5,0.025630355,CD56bright CD16dim NK
GAATGAAGTCCTCCAT-1,GARQ,D5,0,40,38,32,0.016744852,CD4 memory
GACACGCAGGTGCTAG-1,GARQ,D5,0,40,38,1,0.04832244,CD56dim CD16bright NK
GACACGCAGTAGGTGC-1,GARQ,D5,0,40,38,13,0.036753654,CD8 memory
GACACGCAGTGTCTCA-1,GARQ,D5,0,40,38,6,0.08410096,Classical monocytes
GACACGCGTACGCTGC-1,GARQ,D5,0,40,38,6,0.19960904,Classical monocytes
GACACGCTCTGCTGTC-1,GARQ,D5,0,40,38,6,0.1477139,NK-monocyte doublets
GACAGAGAGGTGATAT-1,GARQ,D5,0,40,38,6,0.08736086,Neutrophils
GACAGAGGTAAGTTCC-1,GARQ,D5,0,40,38,7,0.02180314,CD8 effector
GACAGAGGTCAAAGAT-1,GARQ,D5,0,40,38,34,0.08782315,CD4 naive II
GACAGAGGTCGAACAG-1,GARQ,D5,0,40,38,6,0.08958697,Neutrophils
GACAGAGGTCGAGATG-1,GARQ,D5,0,40,38,6,0.095857024,Classical monocytes
GACAGAGGTTCCACAA-1,GARQ,D5,0,40,38,37,0.00070619583,CD4 naive I
GACCAATAGAATTGTG-1,GARQ,D5,0,40,38,8,0.037489176,MAIT-NKT cells
GACCAATCAGTGACAG-1,GARQ,D5,0,40,38,8,0.13328624,gdT cells
GACCAATCATCCCATC-1,GARQ,D5,0,40,38,37,0.019788027,CD4 memory
GACCAATCATGCAACT-1,GARQ,D5,0,40,38,16,0.078094244,NK-monocyte doublets
GACCTGGAGACTTTCG-1,GARQ,D5,0,40,38,6,0.13865685,conventional DC
GACCTGGCAAGCGCTC-1,GARQ,D5,0,40,38,26,0.013960004,CD56dim CD16bright NK
GACCTGGGTGTAAGTA-1,GARQ,D5,0,40,38,25,0.011272311,gdT cells
GACCTGGTCTACGAGT-1,GARQ,D5,0,40,38,5,0.03949678,CD56dim CD16bright NK
GACGCGTAGCTGGAAC-1,GARQ,D5,0,40,38,1,0.016824007,CD56dim CD16bright NK
GACGCGTGTCAACATC-1,GARQ,D5,0,40,38,36,0.13260812,Memory B
GACGCGTGTTACCAGT-1,GARQ,D5,0,40,38,8,0.016268134,CD8 effector
GACGCGTTCAGATAAG-1,GARQ,D5,0,40,38,25,0.023337841,CD8 effector
GACGCGTTCTGTCAAG-1,GARQ,D5,0,40,38,20,0.09889263,CD8 naive
GACGGCTAGCGCCTTG-1,GARQ,D5,0,40,38,5,0.017807484,CD56dim CD16bright NK
GACGGCTAGGACGAAA-1,GARQ,D5,0,40,38,1,0.08725929,CD56dim CD16bright NK
GACGGCTCACGCGAAA-1,GARQ,D5,0,40,38,36,0.06025052,Naive B
GACGGCTCACGTCAGC-1,GARQ,D5,0,40,38,6,0.13408303,Non classical monocytes
GACGGCTCATCCCACT-1,GARQ,D5,0,40,38,1,0.03639376,CD56dim CD16bright NK
GACGTGCGTTCCCGAG-1,GARQ,D5,0,40,38,37,0.0040347576,CD4 memory
GACGTGCTCAGCTCTC-1,GARQ,D5,0,40,38,5,0.005309105,CD56bright CD16dim NK
GACGTTAAGCACGCCT-1,GARQ,D5,0,40,38,25,0.05410981,gdT cells
GACGTTAAGGATGGAA-1,GARQ,D5,0,40,38,37,0.026139498,CD8 naive
GACGTTAAGTTCGCAT-1,GARQ,D5,0,40,38,5,0.046364665,CD56dim CD16bright NK
GACGTTACATGCAATC-1,GARQ,D5,0,40,38,0,0.021410704,CD4 naive II
GACGTTACATGTAGTC-1,GARQ,D5,0,40,38,1,0.18691087,CD56dim CD16bright NK
GACGTTATCGACAGCC-1,GARQ,D5,0,40,38,6,0.09815991,Classical monocytes
GACTAACAGCTAGTTC-1,GARQ,D5,0,40,38,26,0.0046322346,CD56dim CD16bright NK
GACTAACCATGCCTAA-1,GARQ,D5,0,40,38,6,0.11032605,Classical monocytes
GACTAACGTGCACCAC-1,GARQ,D5,0,40,38,5,0.09184253,CD56dim CD16bright NK
GACTACAAGGCTCATT-1,GARQ,D5,0,40,38,8,0.006480336,CD8 memory
GACTACACAGCTGTGC-1,GARQ,D5,0,40,38,14,0.2281034,CD8 memory
GACTACAGTACCTACA-1,GARQ,D5,0,40,38,6,0.20760036,Classical monocytes
GACTACATCAGTTAGC-1,GARQ,D5,0,40,38,6,0.014169931,Non classical monocytes
GACTACATCTGGCGAC-1,GARQ,D5,0,40,38,20,0.091674566,CD4 memory
GACTGCGCAATCTGCA-1,GARQ,D5,0,40,38,1,0.02427578,CD56dim CD16bright NK
GACTGCGCATTACCTT-1,GARQ,D5,0,40,38,25,0.06870544,gdT cells
GACTGCGTCCCTCAGT-1,GARQ,D5,0,40,38,1,0.07319617,CD56dim CD16bright NK
GAGCAGACACTATCTT-1,GARQ,D5,0,40,38,8,0.09242976,CD8 memory
GAGCAGACATGTCTCC-1,GARQ,D5,0,40,38,6,0.10384524,Neutrophils
GAGCAGATCCAGAGGA-1,GARQ,D5,0,40,38,8,0.061718464,gdT cells
GAGGTGACAATGAATG-1,GARQ,D5,0,40,38,5,0.06334752,CD56dim CD16bright NK
GAGGTGACACATCTTT-1,GARQ,D5,0,40,38,24,0.03865242,CD4 memory
GAGGTGAGTGGTACAG-1,GARQ,D5,0,40,38,20,0.0011178255,CD4 naive II
GAGGTGATCACGAAGG-1,GARQ,D5,0,40,38,1,0.0662967,CD56dim CD16bright NK
GAGTCCGAGTGACATA-1,GARQ,D5,0,40,38,6,0.07833314,Non classical monocytes
GAGTCCGCAAGCCGCT-1,GARQ,D5,0,40,38,20,0.046438217,CD4 naive I
GAGTCCGCACGCTTTC-1,GARQ,D5,0,40,38,1,0.028281331,CD56dim CD16bright NK
GATCAGTCAGGGTACA-1,GARQ,D5,0,40,38,6,0.13768566,NK-monocyte doublets
GATCAGTGTAGGACAC-1,GARQ,D5,0,40,38,8,0.044149876,MAIT-NKT cells
GATCAGTGTGGTCTCG-1,GARQ,D5,0,40,38,6,0.044695377,Neutrophils
GATCAGTTCCGAAGAG-1,GARQ,D5,0,40,38,36,0.22594857,T-NK-B cell doublets
GATCAGTTCCGAGCCA-1,GARQ,D5,0,40,38,37,0.028213024,CD4 naive I
GATCAGTTCTTGTATC-1,GARQ,D5,0,40,38,6,0.087292194,NK-monocyte doublets
GATCGATAGTGTACCT-1,GARQ,D5,0,40,38,6,0.124816895,Classical monocytes
GATCGATGTAGAGGAA-1,GARQ,D5,0,40,38,5,0.07816267,CD56dim CD16bright NK
GATCGATTCCAGGGCT-1,GARQ,D5,0,40,38,13,0.16533625,MAIT-NKT cells
GATCGATTCTGTGCAA-1,GARQ,D5,0,40,38,6,0.18554354,Non classical monocytes
GATCGCGAGGTAGCCA-1,GARQ,D5,0,40,38,1,0.12496507,CD56dim CD16bright NK
GATCTAGAGAGAACAG-1,GARQ,D5,0,40,38,1,0.109339,CD56dim CD16bright NK
GATCTAGAGTTCGCAT-1,GARQ,D5,0,40,38,25,0.010762453,CD8 memory
GATCTAGGTACGCTGC-1,GARQ,D5,0,40,38,1,0.08202922,CD56dim CD16bright NK
GATCTAGGTAGAGTGC-1,GARQ,D5,0,40,38,1,0.07312298,CD56dim CD16bright NK
GATCTAGTCACTATTC-1,GARQ,D5,0,40,38,14,0.0096081495,CD8 naive
GATCTAGTCGGATGGA-1,GARQ,D5,0,40,38,20,0.026108503,CD4 naive II
GATCTAGTCTGCGGCA-1,GARQ,D5,0,40,38,36,0.15168965,Memory B
GATGAAAAGTCCTCCT-1,GARQ,D5,0,40,38,36,0.1298362,Naive B
GATGAAAGTCCAAGTT-1,GARQ,D5,0,40,38,6,0.5714054,Classical monocytes
GATGAGGAGCTGCAAG-1,GARQ,D5,0,40,38,32,0.04076624,CD8 naive
GATGAGGCAACACCTA-1,GARQ,D5,0,40,38,6,0.14929473,Neutrophils
GATGAGGGTATGGTTC-1,GARQ,D5,0,40,38,30,0.12498766,T-NK-B cell doublets
GATGAGGGTCGCATAT-1,GARQ,D5,0,40,38,5,0.003132224,CD56dim CD16bright NK
GATGAGGGTGATGTCT-1,GARQ,D5,0,40,38,6,0.15645981,Classical monocytes
GATGCTAAGAAAGTGG-1,GARQ,D5,0,40,38,5,0.011856914,CD56dim CD16bright NK
GATGCTAAGACTGGGT-1,GARQ,D5,0,40,38,24,0.015168428,CD4 memory
GATGCTAAGCGATCCC-1,GARQ,D5,0,40,38,1,0.14259088,CD56dim CD16bright NK
GATGCTATCACATAGC-1,GARQ,D5,0,40,38,6,0.08247471,Classical monocytes
GATTCAGAGCGGCTTC-1,GARQ,D5,0,40,38,2,0.047204614,CD4 naive I
GATTCAGAGGAGTTGC-1,GARQ,D5,0,40,38,20,0.1393559,CD4 naive II
GATTCAGCACATTTCT-1,GARQ,D5,0,40,38,13,0.032003164,CD8 memory
GATTCAGTCAACGGCC-1,GARQ,D5,0,40,38,6,0.13934469,Classical monocytes
GATTCAGTCTTGCAAG-1,GARQ,D5,0,40,38,6,0.13283324,Non classical monocytes
GCAAACTAGCTATGCT-1,GARQ,D5,0,40,38,19,0.02434206,MAIT-NKT cells
GCAAACTCAATCAGAA-1,GARQ,D5,0,40,38,24,0.023403883,CD4 memory
GCAAACTCACTCAGGC-1,GARQ,D5,0,40,38,6,0.24642134,Platelet-bound monocytes
GCAAACTTCATGCAAC-1,GARQ,D5,0,40,38,21,0.037146926,CD56dim CD16bright NK
GCAATCAAGCGTTCCG-1,GARQ,D5,0,40,38,11,0.0507707,Erythroid 
GCAATCACACCATCCT-1,GARQ,D5,0,40,38,6,0.082311034,Non classical monocytes
GCAATCAGTATAGTAG-1,GARQ,D5,0,40,38,6,0.1384021,Neutrophils
GCAATCAGTGAGTATA-1,GARQ,D5,0,40,38,20,0.015998483,CD4 memory
GCAATCATCAACCAAC-1,GARQ,D5,0,40,38,13,0.033156276,MAIT-NKT cells
GCACATACAATCCAAC-1,GARQ,D5,0,40,38,6,0.15928221,NK-monocyte doublets
GCACATACAGCCACCA-1,GARQ,D5,0,40,38,26,0.010898948,CD56bright CD16dim NK
GCACATATCAGCGACC-1,GARQ,D5,0,40,38,36,0.021458268,Naive B
GCACTCTAGGCTCTTA-1,GARQ,D5,0,40,38,37,0.08802831,CD8 naive
GCACTCTCAGGGCATA-1,GARQ,D5,0,40,38,5,0.09157634,CD56dim CD16bright NK
GCACTCTGTTCACGGC-1,GARQ,D5,0,40,38,20,0.042182207,CD4 naive II
GCAGCCAAGACACTAA-1,GARQ,D5,0,40,38,30,0.08055133,T-NK-B cell doublets
GCAGCCACAAGCCCAC-1,GARQ,D5,0,40,38,8,0.11115658,gdT cells
GCAGCCACATATGCTG-1,GARQ,D5,0,40,38,1,0.052735686,CD56dim CD16bright NK
GCAGCCAGTCGAGTTT-1,GARQ,D5,0,40,38,26,0.0546422,CD56dim CD16bright NK
GCAGCCAGTCGTGGCT-1,GARQ,D5,0,40,38,5,0.014057159,Proliferating T and NK cell
GCAGCCAGTTGTACAC-1,GARQ,D5,0,40,38,6,0.25457048,Classical monocytes
GCAGTTAAGTTGAGTA-1,GARQ,D5,0,40,38,37,0.09387517,CD4 and CD8 activated memory
GCAGTTAGTAAGGGAA-1,GARQ,D5,0,40,38,10,0.02654779,CD8 naive
GCAGTTAGTTTACTCT-1,GARQ,D5,0,40,38,19,0.0005815029,CD56bright CD16dim NK
GCAGTTATCGCAGGCT-1,GARQ,D5,0,40,38,20,0.032415867,CD4 naive I
GCAGTTATCTCTGCTG-1,GARQ,D5,0,40,38,20,0.0045259,CD4 naive I
GCATACAAGAGCTGCA-1,GARQ,D5,0,40,38,1,0.086321294,CD56dim CD16bright NK
GCATACAAGATCTGAA-1,GARQ,D5,0,40,38,5,0.026928186,CD56dim CD16bright NK
GCATACAGTCCTGCTT-1,GARQ,D5,0,40,38,6,0.16569138,Classical monocytes
GCATACAGTTCAGGCC-1,GARQ,D5,0,40,38,5,0.025556087,CD56dim CD16bright NK
GCATACATCAGCATGT-1,GARQ,D5,0,40,38,20,0.11654425,CD4 naive I
GCATACATCTAGAGTC-1,GARQ,D5,0,40,38,5,0.0059821606,CD56dim CD16bright NK
GCATACATCTCTTGAT-1,GARQ,D5,0,40,38,20,0.09734702,CD4 naive II
GCATGATCAAATCCGT-1,GARQ,D5,0,40,38,37,0.070280075,CD4 naive I
GCATGATCACATCCAA-1,GARQ,D5,0,40,38,6,0.06995499,Neutrophils
GCATGATGTACGACCC-1,GARQ,D5,0,40,38,1,0.0006221533,CD56dim CD16bright NK
GCATGATGTAGGACAC-1,GARQ,D5,0,40,38,1,0.07709336,NK-T doublets
GCATGATGTCTAGCCG-1,GARQ,D5,0,40,38,20,0.10204089,CD4 naive I
GCATGATTCATCTGTT-1,GARQ,D5,0,40,38,24,0.07639754,CD4 naive I
GCATGCGAGACAGAGA-1,GARQ,D5,0,40,38,7,0.03621137,CD8 effector
GCATGCGCATCCGCGA-1,GARQ,D5,0,40,38,30,0.08519429,T-NK-B cell doublets
GCATGCGGTCTTCTCG-1,GARQ,D5,0,40,38,36,0.019550681,Naive B
GCATGCGTCTTACCTA-1,GARQ,D5,0,40,38,20,0.013728023,CD4 memory
GCATGTAAGTGGTCCC-1,GARQ,D5,0,40,38,1,0.065662146,Proliferating T and NK cell
GCATGTATCTAACTCT-1,GARQ,D5,0,40,38,19,0.008459568,gdT cells
GCATGTATCTGTTGAG-1,GARQ,D5,0,40,38,4,0.12043953,Platelet-T cell doublets
GCCAAATAGATCCTGT-1,GARQ,D5,0,40,38,20,0.04172182,CD4 naive I
GCCAAATGTCTTGATG-1,GARQ,D5,0,40,38,6,0.12680984,Non classical monocytes
GCCTCTACAAGCCGCT-1,GARQ,D5,0,40,38,20,0.057154775,CD4 naive I
GCCTCTACAAGGGTCA-1,GARQ,D5,0,40,38,36,0.12826204,Naive B
GCCTCTACACACTGCG-1,GARQ,D5,0,40,38,36,0.17127907,Naive B
GCGACCAAGTGCCAGA-1,GARQ,D5,0,40,38,37,0.030057311,CD4 naive I
GCGACCACAATGGAGC-1,GARQ,D5,0,40,38,5,0.035159826,CD56dim CD16bright NK
GCGACCACACCCATTC-1,GARQ,D5,0,40,38,6,0.1525402,Classical monocytes
GCGACCACAGTCAGAG-1,GARQ,D5,0,40,38,6,0.16436839,Non classical monocytes
GCGAGAAAGAGACTAT-1,GARQ,D5,0,40,38,5,0.036646128,CD56dim CD16bright NK
GCGAGAAAGATGCCTT-1,GARQ,D5,0,40,38,35,0.054016232,Proliferating T and NK cell
GCGAGAAAGGGTCGAT-1,GARQ,D5,0,40,38,20,0.006689787,CD4 memory
GCGAGAACAGCGTAAG-1,GARQ,D5,0,40,38,6,0.1433469,NK-monocyte doublets
GCGAGAATCCGCTGTT-1,GARQ,D5,0,40,38,5,0.0005939007,CD8 effector
GCGAGAATCGGGAGTA-1,GARQ,D5,0,40,38,35,0.019033194,CD56dim CD16bright NK
GCGCAACCAGAGTGTG-1,GARQ,D5,0,40,38,5,0.009303331,CD56dim CD16bright NK
GCGCAACCAGTTTACG-1,GARQ,D5,0,40,38,5,0.025475264,CD56dim CD16bright NK
GCGCAACGTCTAGGTT-1,GARQ,D5,0,40,38,11,0.030910015,MAIT-NKT cells
GCGCAACTCTGTCTAT-1,GARQ,D5,0,40,38,32,0.084368944,CD4 memory
GCGCAGTAGAGTGACC-1,GARQ,D5,0,40,38,37,0.05823028,CD4 memory
GCGCAGTAGATGTTAG-1,GARQ,D5,0,40,38,3,0.033829093,Naive B
GCGCAGTAGGTGCACA-1,GARQ,D5,0,40,38,20,0.1494894,CD4 naive I
GCGCAGTGTCGCTTCT-1,GARQ,D5,0,40,38,2,0.06438637,CD4 and CD8 activated memory
GCGCAGTGTTAAGGGC-1,GARQ,D5,0,40,38,20,0.008117318,CD4 memory
GCGCAGTGTTTACTCT-1,GARQ,D5,0,40,38,8,0.10187125,gdT cells
GCGCCAAAGAAACCTA-1,GARQ,D5,0,40,38,10,0.07489133,CD4 naive II
GCGCCAACAGGAACGT-1,GARQ,D5,0,40,38,36,0.109389305,Naive B
GCGCCAAGTCGAGTTT-1,GARQ,D5,0,40,38,6,0.14706576,Classical monocytes
GCGCCAAGTGGTTTCA-1,GARQ,D5,0,40,38,36,0.055405974,Naive B
GCGCCAATCACATGCA-1,GARQ,D5,0,40,38,25,0.0565511,CD8 effector
GCGGGTTAGGCCCGTT-1,GARQ,D5,0,40,38,36,0.13765562,T-NK-B cell doublets
GCGGGTTCATCTGGTA-1,GARQ,D5,0,40,38,5,0.15422118,CD56dim CD16bright NK
GCGGGTTCATGGGACA-1,GARQ,D5,0,40,38,6,0.08732402,Platelet-bound monocytes
GCGGGTTGTAAAGGAG-1,GARQ,D5,0,40,38,1,0.062116623,CD56dim CD16bright NK
GCGGGTTGTCGCCATG-1,GARQ,D5,0,40,38,15,0.06668186,CD56dim CD16bright NK
GCGGGTTGTGGCAAAC-1,GARQ,D5,0,40,38,6,0.12208271,Non classical monocytes
GCGGGTTTCCTAGAAC-1,GARQ,D5,0,40,38,6,0.08370471,Classical monocytes
GCGGGTTTCTGATACG-1,GARQ,D5,0,40,38,13,0.020022511,MAIT-NKT cells
GCTCCTAAGAGCTATA-1,GARQ,D5,0,40,38,20,0.086055756,CD4 naive II
GCTCCTAAGTGGACGT-1,GARQ,D5,0,40,38,13,0.011290431,MAIT-NKT cells
GCTCCTACACGAGGTA-1,GARQ,D5,0,40,38,6,0.083625436,Classical monocytes
GCTCCTATCGCACTCT-1,GARQ,D5,0,40,38,37,0.0089867115,CD4 naive I
GCTCTGTTCCAACCAA-1,GARQ,D5,0,40,38,1,0.06244278,CD56dim CD16bright NK
GCTCTGTTCCCTTGTG-1,GARQ,D5,0,40,38,4,0.0056357384,CD4 memory
GCTCTGTTCGACGGAA-1,GARQ,D5,0,40,38,1,0.056612372,CD56bright CD16dim NK
GCTCTGTTCTTTAGGG-1,GARQ,D5,0,40,38,6,0.16768622,Classical monocytes
GCTGCAGAGAGACTTA-1,GARQ,D5,0,40,38,25,0.04374993,gdT cells
GCTGCAGCAAGAGTCG-1,GARQ,D5,0,40,38,27,0.00740993,CD4 naive I
GCTGCGAAGGACCACA-1,GARQ,D5,0,40,38,4,0.01690489,Platelet-T cell doublets
GCTGCGAAGTGGGTTG-1,GARQ,D5,0,40,38,26,0.042092085,CD56dim CD16bright NK
GCTGCGACAAACCTAC-1,GARQ,D5,0,40,38,3,0.006144762,Naive B
GCTGCGAGTTGATTGC-1,GARQ,D5,0,40,38,24,0.007039547,CD4 memory
GCTGCTTAGAGCAATT-1,GARQ,D5,0,40,38,36,0.107032895,Naive B
GCTGCTTAGTACATGA-1,GARQ,D5,0,40,38,19,0.045558214,CD56dim CD16bright NK
GCTGCTTCACATTAGC-1,GARQ,D5,0,40,38,4,0.0036652088,CD4 naive I
GCTGCTTCATCTCGCT-1,GARQ,D5,0,40,38,6,0.3499484,Platelet-bound monocytes
GCTGCTTGTCCATGAT-1,GARQ,D5,0,40,38,13,0.06271601,MAIT-NKT cells
GCTGCTTTCACATAGC-1,GARQ,D5,0,40,38,5,0.017943144,CD56dim CD16bright NK
GCTGCTTTCTGGCGAC-1,GARQ,D5,0,40,38,5,0.016543746,CD56dim CD16bright NK
GCTGCTTTCTTGTCAT-1,GARQ,D5,0,40,38,3,0.011770964,Memory B
GCTGGGTCACTAGTAC-1,GARQ,D5,0,40,38,11,0.06369573,Erythroid 
GCTGGGTGTCTTGCGG-1,GARQ,D5,0,40,38,1,0.062167168,CD56dim CD16bright NK
GCTGGGTGTTATGTGC-1,GARQ,D5,0,40,38,24,0.18171465,CD4 memory
GCTGGGTTCGCCAGCA-1,GARQ,D5,0,40,38,5,0.05663848,CD56dim CD16bright NK
GCTTCCACACAGATTC-1,GARQ,D5,0,40,38,6,0.10798669,Non classical monocytes
GCTTCCAGTACATGTC-1,GARQ,D5,0,40,38,6,0.063254,Non classical monocytes
GCTTGAACAGTTTACG-1,GARQ,D5,0,40,38,37,0.09726977,CD8 naive
GCTTGAAGTATTCTCT-1,GARQ,D5,0,40,38,19,0.009342432,CD4 memory
GCTTGAATCCCACTTG-1,GARQ,D5,0,40,38,7,0.0067310333,CD8 memory
GCTTGAATCTCGCTTG-1,GARQ,D5,0,40,38,30,0.0030485988,Naive B
GGAAAGCAGCGCTCCA-1,GARQ,D5,0,40,38,8,0.011394262,CD8 effector
GGAAAGCAGGCATTGG-1,GARQ,D5,0,40,38,6,0.14509094,Classical monocytes
GGAAAGCGTAAGTAGT-1,GARQ,D5,0,40,38,2,0.07598364,CD4 memory
GGAAAGCGTATAGTAG-1,GARQ,D5,0,40,38,32,0.009366512,CD4 memory
GGAAAGCTCAAACCGT-1,GARQ,D5,0,40,38,19,0.021217823,CD4 memory
GGAAAGCTCATGTGGT-1,GARQ,D5,0,40,38,29,0.019231439,CD4 naive I
GGAACTTAGACGCACA-1,GARQ,D5,0,40,38,36,0.19233572,Naive B
GGAACTTAGCCACCTG-1,GARQ,D5,0,40,38,5,0.0345006,CD56dim CD16bright NK
GGAACTTAGCCACTAT-1,GARQ,D5,0,40,38,8,0.09424329,gdT cells
GGAACTTCACGTTGGC-1,GARQ,D5,0,40,38,6,0.060622454,NK-monocyte doublets
GGAACTTTCGCACTCT-1,GARQ,D5,0,40,38,6,0.03945446,Non classical monocytes
GGAACTTTCGCTGATA-1,GARQ,D5,0,40,38,1,0.10189819,CD56dim CD16bright NK
GGAACTTTCTGTACGA-1,GARQ,D5,0,40,38,32,0.0467546,CD8 naive
GGAATAAAGAAGGGTA-1,GARQ,D5,0,40,38,0,0.03143847,CD4 memory
GGAATAAAGATAGGAG-1,GARQ,D5,0,40,38,6,0.1011467,Non classical monocytes
GGAATAACAAGGACAC-1,GARQ,D5,0,40,38,6,0.16684985,Non classical monocytes
GGAATAATCGTCTGCT-1,GARQ,D5,0,40,38,20,0.097231865,CD4 naive I
GGAATAATCTGTTGAG-1,GARQ,D5,0,40,38,19,0.026508212,gdT cells
GGACAAGAGAGATGAG-1,GARQ,D5,0,40,38,7,0.02752173,CD8 effector
GGACAAGCATATACCG-1,GARQ,D5,0,40,38,37,0.040654182,CD4 naive I
GGACAAGTCAAAGTAG-1,GARQ,D5,0,40,38,36,0.1078096,Naive B
GGACAAGTCAACCAAC-1,GARQ,D5,0,40,38,13,0.013863087,MAIT-NKT cells
GGACAAGTCTTGCCGT-1,GARQ,D5,0,40,38,26,0.014279187,CD56dim CD16bright NK
GGACAGAAGTTCGCGC-1,GARQ,D5,0,40,38,11,0.06663334,Erythroid 
GGACAGACAAGCCGTC-1,GARQ,D5,0,40,38,13,0.07853687,CD8 effector
GGACAGAGTGCTGTAT-1,GARQ,D5,0,40,38,6,0.4356947,Classical monocytes
GGACAGATCGGTCCGA-1,GARQ,D5,0,40,38,6,0.029540539,Non classical monocytes
GGACAGATCTGGAGCC-1,GARQ,D5,0,40,38,36,0.2782356,Memory B
GGACATTAGCCCAGCT-1,GARQ,D5,0,40,38,1,0.08006477,CD56dim CD16bright NK
GGACATTAGCTGTCTA-1,GARQ,D5,0,40,38,6,0.10046053,Non classical monocytes
GGACATTAGGCGTACA-1,GARQ,D5,0,40,38,30,0.017798126,Proliferating T and NK cell
GGACATTAGTACGATA-1,GARQ,D5,0,40,38,30,0.042731166,Memory B
GGACATTAGTGTCCAT-1,GARQ,D5,0,40,38,6,0.10333133,conventional DC
GGACATTAGTTCGATC-1,GARQ,D5,0,40,38,5,0.14388943,CD56dim CD16bright NK
GGACATTCATGCTGGC-1,GARQ,D5,0,40,38,6,0.122673035,plasmacytoid DC
GGACATTGTATTAGCC-1,GARQ,D5,0,40,38,5,0.05083978,CD56dim CD16bright NK
GGACATTGTCTAGAGG-1,GARQ,D5,0,40,38,6,0.086823106,Classical monocytes
GGACATTTCATGCAAC-1,GARQ,D5,0,40,38,26,0.037017107,CD56bright CD16dim NK
GGACATTTCCAAATGC-1,GARQ,D5,0,40,38,20,0.0012432337,CD4 naive I
GGACATTTCCTGCTTG-1,GARQ,D5,0,40,38,31,0.06386697,CD56dim CD16bright NK
GGACGTCGTACTCGCG-1,GARQ,D5,0,40,38,6,0.17846978,Classical monocytes
GGACGTCGTAGGCTGA-1,GARQ,D5,0,40,38,7,0.0050793886,CD4 and CD8 activated memory
GGACGTCTCTGATACG-1,GARQ,D5,0,40,38,18,0.03719163,CD4 naive I
GGAGCAAAGAGACTAT-1,GARQ,D5,0,40,38,6,0.079946876,NK-monocyte doublets
GGAGCAAAGATCTGCT-1,GARQ,D5,0,40,38,13,0.081031084,MAIT-NKT cells
GGAGCAACACAGCGTC-1,GARQ,D5,0,40,38,1,0.024973512,CD56dim CD16bright NK
GGAGCAAGTAATCGTC-1,GARQ,D5,0,40,38,18,0.014670372,CD4 and CD8 activated memory
GGAGCAAGTAGCTCCG-1,GARQ,D5,0,40,38,1,0.14272952,CD56dim CD16bright NK
GGAGCAAGTATTCGTG-1,GARQ,D5,0,40,38,20,0.027370453,CD4 naive I
GGAGCAATCGAGAGCA-1,GARQ,D5,0,40,38,37,0.024167538,CD8 naive
GGAGCAATCTACTTAC-1,GARQ,D5,0,40,38,5,0.18265074,CD56dim CD16bright NK
GGATGTTCACATCCGG-1,GARQ,D5,0,40,38,22,0.043563306,CD56bright CD16dim NK
GGATTACAGCTAGCCC-1,GARQ,D5,0,40,38,36,0.064169526,Naive B
GGATTACGTAAACGCG-1,GARQ,D5,0,40,38,1,0.14349794,CD56dim CD16bright NK
GGATTACTCTGTACGA-1,GARQ,D5,0,40,38,6,0.03681159,Non classical monocytes
GGCAATTCAGCCTGTG-1,GARQ,D5,0,40,38,6,0.11499369,Classical monocytes
GGCAATTTCCTAAGTG-1,GARQ,D5,0,40,38,5,0.12696004,CD56dim CD16bright NK
GGCAATTTCGGTCCGA-1,GARQ,D5,0,40,38,6,0.12558198,Neutrophils
GGCCGATAGGCGTACA-1,GARQ,D5,0,40,38,5,0.010128021,CD56dim CD16bright NK
GGCCGATCAAGGCTCC-1,GARQ,D5,0,40,38,5,0.078540444,CD56dim CD16bright NK
GGCCGATCATTAGGCT-1,GARQ,D5,0,40,38,6,0.0729785,Non classical monocytes
GGCCGATTCCTATTCA-1,GARQ,D5,0,40,38,25,0.007329941,MAIT-NKT cells
GGCGACTAGCACAGGT-1,GARQ,D5,0,40,38,19,0.03606963,CD8 effector
GGCGACTAGGCATGTG-1,GARQ,D5,0,40,38,8,0.054554105,NK-T doublets
GGCGACTAGTGGGCTA-1,GARQ,D5,0,40,38,6,0.09350753,Classical monocytes
GGCGACTGTTCAACCA-1,GARQ,D5,0,40,38,6,0.109623194,Classical monocytes
GGCGACTGTTTGACAC-1,GARQ,D5,0,40,38,6,0.21475148,Classical monocytes
GGCGACTTCTCACATT-1,GARQ,D5,0,40,38,37,0.049962044,CD8 naive
GGCGTGTAGGCATGGT-1,GARQ,D5,0,40,38,5,0.039610624,CD56dim CD16bright NK
GGCGTGTTCAGATAAG-1,GARQ,D5,0,40,38,5,0.040756345,CD56dim CD16bright NK
GGCTCGAAGGCGACAT-1,GARQ,D5,0,40,38,25,0.02604711,CD8 effector
GGCTCGACATGCTGGC-1,GARQ,D5,0,40,38,37,0.022268176,CD8 naive
GGCTGGTAGGTGTGGT-1,GARQ,D5,0,40,38,1,0.17100269,CD56dim CD16bright NK
GGCTGGTCAATCTACG-1,GARQ,D5,0,40,38,32,0.05610943,CD4 memory
GGCTGGTGTATAAACG-1,GARQ,D5,0,40,38,5,0.0027815104,CD56dim CD16bright NK
GGGAATGCACGGTAGA-1,GARQ,D5,0,40,38,36,0.03429389,Naive B
GGGAATGCAGGGTACA-1,GARQ,D5,0,40,38,16,0.060111046,Platelets
GGGAATGGTAGCGTAG-1,GARQ,D5,0,40,38,13,0.016866684,CD8 memory
GGGAATGGTTGCGTTA-1,GARQ,D5,0,40,38,36,0.19494438,Naive B
GGGACCTAGACCTAGG-1,GARQ,D5,0,40,38,24,0.039555073,CD4 memory
GGGACCTCAGTGGGAT-1,GARQ,D5,0,40,38,10,0.034591794,CD4 naive I
GGGACCTGTAATAGCA-1,GARQ,D5,0,40,38,36,0.027301311,Naive B
GGGACCTGTAATCACC-1,GARQ,D5,0,40,38,37,0.023950696,CD8 naive
GGGACCTGTGAAATCA-1,GARQ,D5,0,40,38,5,0.025938392,CD56dim CD16bright NK
GGGACCTGTGCACGAA-1,GARQ,D5,0,40,38,20,0.040534496,CD4 naive I
GGGACCTGTTGCGCAC-1,GARQ,D5,0,40,38,6,0.04178834,conventional DC
GGGACCTTCAAGAAGT-1,GARQ,D5,0,40,38,24,0.021389842,CD4 memory
GGGAGATAGCGAGAAA-1,GARQ,D5,0,40,38,19,0.008874178,CD56dim CD16bright NK
GGGAGATCAAACCCAT-1,GARQ,D5,0,40,38,10,0.030387878,CD4 naive I
GGGAGATCAGCTATTG-1,GARQ,D5,0,40,38,26,0.026778221,CD56dim CD16bright NK
GGGAGATCAGGGTACA-1,GARQ,D5,0,40,38,19,0.007493615,CD8 effector
GGGATGAAGCGATGAC-1,GARQ,D5,0,40,38,5,0.009596646,CD56bright CD16dim NK
GGGATGAAGTGCAAGC-1,GARQ,D5,0,40,38,13,0.1685828,MAIT-NKT cells
GGGATGACACGACTCG-1,GARQ,D5,0,40,38,36,0.07936245,Naive B
GGGATGATCGCTTAGA-1,GARQ,D5,0,40,38,15,0.025315404,CD56dim CD16bright NK
GGGCACTGTCAATGTC-1,GARQ,D5,0,40,38,24,0.064202785,CD4 memory
GGGCACTGTGACAAAT-1,GARQ,D5,0,40,38,26,0.03771043,CD56dim CD16bright NK
GGGCACTTCACTTATC-1,GARQ,D5,0,40,38,13,0.13044536,MAIT-NKT cells
GGGCATCAGCCAACAG-1,GARQ,D5,0,40,38,36,0.12526965,Memory B
GGGCATCGTGTGGTTT-1,GARQ,D5,0,40,38,6,0.062509775,Classical monocytes
GGGCATCTCCCGACTT-1,GARQ,D5,0,40,38,5,0.05051279,CD56dim CD16bright NK
GGGCATCTCTGAGTGT-1,GARQ,D5,0,40,38,25,0.02718997,CD8 effector
GGGTCTGCAGCGTTCG-1,GARQ,D5,0,40,38,5,0.12587547,CD56dim CD16bright NK
GGGTCTGGTAAGTTCC-1,GARQ,D5,0,40,38,18,0.053376734,CD8 memory
GGGTCTGTCCACTCCA-1,GARQ,D5,0,40,38,6,0.25770974,Classical monocytes
GGGTCTGTCCAGAAGG-1,GARQ,D5,0,40,38,8,0.008869886,CD8 memory
GGGTTGCCATGGGACA-1,GARQ,D5,0,40,38,1,0.0098314285,CD56dim CD16bright NK
GGGTTGCTCTGGTATG-1,GARQ,D5,0,40,38,36,0.04049045,Memory B
GGTATTGAGGAGCGTT-1,GARQ,D5,0,40,38,1,0.112838864,CD56dim CD16bright NK
GGTATTGCAGAGTGTG-1,GARQ,D5,0,40,38,6,0.16353905,Classical monocytes
GGTATTGCATCGATGT-1,GARQ,D5,0,40,38,6,0.10566771,Classical monocytes
GGTATTGCATCGTCGG-1,GARQ,D5,0,40,38,6,0.2747941,Platelet-bound monocytes
GGTATTGGTATCGCAT-1,GARQ,D5,0,40,38,6,0.23127306,Platelet-bound monocytes
GGTATTGTCATTTGGG-1,GARQ,D5,0,40,38,25,0.013228416,CD8 effector
GGTATTGTCCGTTGCT-1,GARQ,D5,0,40,38,8,0.022128582,CD8 effector
GGTATTGTCTCTAAGG-1,GARQ,D5,0,40,38,37,0.0039423704,CD4 naive II
GGTATTGTCTTGTACT-1,GARQ,D5,0,40,38,19,0.009574413,NK-T doublets
GGTGAAGAGTGAATTG-1,GARQ,D5,0,40,38,30,0.102382064,T-NK-B cell doublets
GGTGAAGCATGCAATC-1,GARQ,D5,0,40,38,16,0.021700323,Platelets
GGTGAAGGTGGAAAGA-1,GARQ,D5,0,40,38,19,0.03473413,CD8 effector
GGTGAAGGTGTTCTTT-1,GARQ,D5,0,40,38,5,0.0145248175,CD8 effector
GGTGCGTAGGTAAACT-1,GARQ,D5,0,40,38,5,0.08234835,CD56dim CD16bright NK
GGTGCGTCAATAACGA-1,GARQ,D5,0,40,38,8,0.033982515,CD8 effector
GGTGCGTCAATGAATG-1,GARQ,D5,0,40,38,20,0.017184615,CD4 naive I
GGTGCGTCAGACAAGC-1,GARQ,D5,0,40,38,0,0.00059235096,CD4 memory
GGTGCGTGTTAAGATG-1,GARQ,D5,0,40,38,18,0.073797226,CD8 memory
GGTGCGTTCATAAAGG-1,GARQ,D5,0,40,38,5,0.0730207,CD56dim CD16bright NK
GGTGCGTTCGCCGTGA-1,GARQ,D5,0,40,38,24,0.008909941,CD4 memory
GGTGTTAAGTGTTGAA-1,GARQ,D5,0,40,38,8,0.010437965,MAIT-NKT cells
GGTGTTACACAGGAGT-1,GARQ,D5,0,40,38,39,0.005237937,plasmacytoid DC
GGTGTTACAGGAATCG-1,GARQ,D5,0,40,38,24,0.02805233,CD4 naive I
GGTGTTACAGTTCATG-1,GARQ,D5,0,40,38,5,0.07257962,CD56dim CD16bright NK
GGTGTTACATAAAGGT-1,GARQ,D5,0,40,38,6,0.05942297,Non classical monocytes
GGTGTTAGTCACCTAA-1,GARQ,D5,0,40,38,20,0.042081952,CD4 naive II
GTAACGTCACTACAGT-1,GARQ,D5,0,40,38,36,0.056736648,Memory B
GTAACGTGTGTATGGG-1,GARQ,D5,0,40,38,13,0.014765024,MAIT-NKT cells
GTAACGTTCCGCGCAA-1,GARQ,D5,0,40,38,17,0.019265056,CD8 naive
GTAACTGCACGTTGGC-1,GARQ,D5,0,40,38,5,0.03500974,CD56dim CD16bright NK
GTAACTGGTCGATTGT-1,GARQ,D5,0,40,38,25,0.047058105,CD8 effector
GTAACTGTCGCCAGCA-1,GARQ,D5,0,40,38,19,0.0081397295,NK-T doublets
GTACGTAAGCGTTCCG-1,GARQ,D5,0,40,38,24,0.009424925,CD4 memory
GTACTCCCAGCTGTGC-1,GARQ,D5,0,40,38,24,0.012096286,CD8 naive
GTACTCCCATTCACTT-1,GARQ,D5,0,40,38,6,0.10066819,conventional DC
GTACTCCGTAGCGCTC-1,GARQ,D5,0,40,38,1,0.16116607,CD56dim CD16bright NK
GTACTCCTCATAACCG-1,GARQ,D5,0,40,38,19,0.009363532,CD56dim CD16bright NK
GTACTTTAGATATGGT-1,GARQ,D5,0,40,38,1,0.15473175,CD56dim CD16bright NK
GTACTTTCACAGGTTT-1,GARQ,D5,0,40,38,20,0.015714407,CD4 naive II
GTACTTTCATTGTGCA-1,GARQ,D5,0,40,38,1,0.018797636,CD56dim CD16bright NK
GTACTTTGTCGAGATG-1,GARQ,D5,0,40,38,1,0.12253046,CD56dim CD16bright NK
GTACTTTGTTCCCGAG-1,GARQ,D5,0,40,38,36,0.09965825,Naive B
GTACTTTTCGGCGCTA-1,GARQ,D5,0,40,38,1,0.0075702667,CD56dim CD16bright NK
GTACTTTTCTGACCTC-1,GARQ,D5,0,40,38,22,0.08846843,gdT cells
GTAGGCCAGCCGATTT-1,GARQ,D5,0,40,38,19,0.011584461,CD8 effector
GTAGGCCAGCGATAGC-1,GARQ,D5,0,40,38,20,0.134305,CD4 memory
GTAGGCCCACGAAAGC-1,GARQ,D5,0,40,38,37,0.0052671432,CD4 naive I
GTAGGCCCAGGCTCAC-1,GARQ,D5,0,40,38,25,0.023149252,gdT cells
GTAGGCCGTAGCCTCG-1,GARQ,D5,0,40,38,6,0.42934942,Classical monocytes
GTAGTCAAGAATCTCC-1,GARQ,D5,0,40,38,6,0.18843794,Neutrophils
GTAGTCAAGTCGTACT-1,GARQ,D5,0,40,38,5,0.086535096,CD56dim CD16bright NK
GTAGTCACAAACGCGA-1,GARQ,D5,0,40,38,1,0.16964161,CD56dim CD16bright NK
GTAGTCAGTAAGTGTA-1,GARQ,D5,0,40,38,6,0.18821216,Platelet-bound monocytes
GTAGTCAGTACATGTC-1,GARQ,D5,0,40,38,25,0.100495815,CD8 effector
GTATCTTAGTCGCCGT-1,GARQ,D5,0,40,38,25,0.10004258,gdT cells
GTATCTTCACCGCTAG-1,GARQ,D5,0,40,38,37,0.02076304,CD4 naive I
GTATTCTGTGCCTTGG-1,GARQ,D5,0,40,38,10,0.17880821,CD4 naive I
GTATTCTTCACCCGAG-1,GARQ,D5,0,40,38,5,0.13280046,CD56dim CD16bright NK
GTCAAGTAGCTAGCCC-1,GARQ,D5,0,40,38,5,0.10238075,CD56dim CD16bright NK
GTCAAGTCATATACCG-1,GARQ,D5,0,40,38,6,0.09800279,Classical monocytes
GTCAAGTCATTGAGCT-1,GARQ,D5,0,40,38,24,0.001103878,CD4 naive I
GTCAAGTTCAGTTAGC-1,GARQ,D5,0,40,38,1,0.032185316,CD56dim CD16bright NK
GTCAAGTTCGACGGAA-1,GARQ,D5,0,40,38,5,0.12559211,CD56dim CD16bright NK
GTCACAAAGCATGGCA-1,GARQ,D5,0,40,38,26,0.024079502,CD56bright CD16dim NK
GTCACAAGTTAAGATG-1,GARQ,D5,0,40,38,1,0.00299263,CD56dim CD16bright NK
GTCACGGCAATCAGAA-1,GARQ,D5,0,40,38,6,0.11910713,Platelet-bound monocytes
GTCACGGCAATCCAAC-1,GARQ,D5,0,40,38,8,0.0397048,CD8 effector
GTCACGGGTAAGGGCT-1,GARQ,D5,0,40,38,5,0.008410692,CD56dim CD16bright NK
GTCACGGTCCGCGTTT-1,GARQ,D5,0,40,38,6,0.13403666,Classical monocytes
GTCATTTAGCAGGTCA-1,GARQ,D5,0,40,38,5,0.00727129,CD56dim CD16bright NK
GTCATTTCACAACGCC-1,GARQ,D5,0,40,38,25,0.0027958155,gdT cells
GTCATTTCAGTATGCT-1,GARQ,D5,0,40,38,5,0.035794675,CD56bright CD16dim NK
GTCATTTTCTGAGGGA-1,GARQ,D5,0,40,38,6,0.08211112,Classical monocytes
GTCCTCAAGAAGGCCT-1,GARQ,D5,0,40,38,25,4.9471855e-05,gdT cells
GTCCTCAAGGGTTTCT-1,GARQ,D5,0,40,38,13,0.0011490583,MAIT-NKT cells
GTCCTCAGTCAACATC-1,GARQ,D5,0,40,38,39,0.0026501417,plasmacytoid DC
GTCCTCAGTCTGCCAG-1,GARQ,D5,0,40,38,30,0.04630804,T-NK-B cell doublets
GTCCTCAGTGGACGAT-1,GARQ,D5,0,40,38,24,0.031123519,CD4 memory
GTCCTCATCAAGGTAA-1,GARQ,D5,0,40,38,13,0.03862202,CD8 memory
GTCCTCATCCACGTTC-1,GARQ,D5,0,40,38,13,0.02182734,CD8 memory
GTCGGGTGTCAGAAGC-1,GARQ,D5,0,40,38,0,0.006861329,CD4 memory
GTCGGGTGTCCAGTTA-1,GARQ,D5,0,40,38,5,0.12185264,CD56dim CD16bright NK
GTCGGGTGTTTCGCTC-1,GARQ,D5,0,40,38,6,0.1332246,Classical monocytes
GTCGTAAAGCGATGAC-1,GARQ,D5,0,40,38,32,0.02793932,CD8 naive
GTCGTAAAGTTTAGGA-1,GARQ,D5,0,40,38,6,0.06713736,NK-monocyte doublets
GTCGTAAGTCGCTTCT-1,GARQ,D5,0,40,38,36,0.10271621,T-NK-B cell doublets
GTCGTAAGTGTTGGGA-1,GARQ,D5,0,40,38,6,0.044322133,Neutrophils
GTCGTAATCAACCAAC-1,GARQ,D5,0,40,38,25,0.0005315542,CD8 effector
GTCGTAATCGCTGATA-1,GARQ,D5,0,40,38,36,0.12214875,T-NK-B cell doublets
GTCGTAATCGGCATCG-1,GARQ,D5,0,40,38,39,0.003727436,plasmacytoid DC
GTCGTAATCTGCCCTA-1,GARQ,D5,0,40,38,25,0.025191545,gdT cells
GTCTCGTAGAAACGAG-1,GARQ,D5,0,40,38,5,0.06643629,Proliferating T and NK cell
GTCTCGTCAGCTGGCT-1,GARQ,D5,0,40,38,37,0.07335818,CD8 naive
GTCTCGTGTCTGATTG-1,GARQ,D5,0,40,38,6,0.15536594,Classical monocytes
GTCTCGTTCGGTCCGA-1,GARQ,D5,0,40,38,5,0.03265643,CD56dim CD16bright NK
GTCTTCGAGTTTCCTT-1,GARQ,D5,0,40,38,6,0.039354086,Neutrophils
GTCTTCGCACGAAGCA-1,GARQ,D5,0,40,38,12,0.0077445507,Non classical monocytes
GTCTTCGGTGCTAGCC-1,GARQ,D5,0,40,38,6,0.10542512,Neutrophils
GTCTTCGTCCGAATGT-1,GARQ,D5,0,40,38,1,0.018116236,CD56dim CD16bright NK
GTGAAGGCATGTCGAT-1,GARQ,D5,0,40,38,1,0.021650076,CD56dim CD16bright NK
GTGAAGGGTGACTCAT-1,GARQ,D5,0,40,38,37,0.0023171902,CD8 naive
GTGAAGGTCGTGGACC-1,GARQ,D5,0,40,38,5,0.010702252,CD56bright CD16dim NK
GTGCAGCCACAACGTT-1,GARQ,D5,0,40,38,25,0.066818,CD8 effector
GTGCAGCGTTCCAACA-1,GARQ,D5,0,40,38,6,0.24372458,Classical monocytes
GTGCATAAGGTTCCTA-1,GARQ,D5,0,40,38,6,0.055921078,Neutrophils
GTGCATAGTCCGTTAA-1,GARQ,D5,0,40,38,1,0.04037118,NK-T doublets
GTGCATATCAGCTCTC-1,GARQ,D5,0,40,38,1,0.123925805,CD56dim CD16bright NK
GTGCATATCATCGCTC-1,GARQ,D5,0,40,38,3,0.085196376,Non classical monocytes
GTGCATATCGCTAGCG-1,GARQ,D5,0,40,38,25,0.11500132,CD8 effector
GTGCGGTGTAGCTGCC-1,GARQ,D5,0,40,38,20,0.06505871,CD4 naive II
GTGCTTCAGCCCAGCT-1,GARQ,D5,0,40,38,1,0.021569967,CD56dim CD16bright NK
GTGCTTCTCGCATGGC-1,GARQ,D5,0,40,38,6,0.09290898,Neutrophils
GTGGGTCCATGTCGAT-1,GARQ,D5,0,40,38,20,0.10798383,CD4 naive I
GTGGGTCTCACTCCTG-1,GARQ,D5,0,40,38,6,0.13310981,Classical monocytes
GTGTGCGAGATAGTCA-1,GARQ,D5,0,40,38,13,0.046930194,CD8 memory
GTGTGCGGTGATGATA-1,GARQ,D5,0,40,38,5,0.061990023,CD56dim CD16bright NK
GTGTGCGTCACATAGC-1,GARQ,D5,0,40,38,8,0.051797986,CD8 effector
GTGTGCGTCCACTGGG-1,GARQ,D5,0,40,38,5,0.10486364,CD56dim CD16bright NK
GTGTGCGTCTGGGCCA-1,GARQ,D5,0,40,38,17,0.16901016,CD4 naive I
GTGTTAGGTAAACGCG-1,GARQ,D5,0,40,38,6,0.14212549,Classical monocytes
GTGTTAGGTGGGTCAA-1,GARQ,D5,0,40,38,25,0.04626417,gdT cells
GTTAAGCAGACCTTTG-1,GARQ,D5,0,40,38,20,0.083848,CD4 naive I
GTTAAGCAGCGACGTA-1,GARQ,D5,0,40,38,18,0.062015295,CD4 memory
GTTAAGCCATTCCTGC-1,GARQ,D5,0,40,38,37,0.019685507,CD8 naive
GTTAAGCTCGTCCGTT-1,GARQ,D5,0,40,38,5,0.060278177,CD8 effector
GTTACAGAGCAGGCTA-1,GARQ,D5,0,40,38,5,0.058127284,CD56dim CD16bright NK
GTTACAGAGTGGGTTG-1,GARQ,D5,0,40,38,36,0.106042504,Naive B
GTTACAGGTAGCTAAA-1,GARQ,D5,0,40,38,4,0.004634857,CD4 memory
GTTACAGGTTCTGAAC-1,GARQ,D5,0,40,38,5,0.033237457,CD56dim CD16bright NK
GTTCATTAGTATTGGA-1,GARQ,D5,0,40,38,1,0.040235996,CD56dim CD16bright NK
GTTCATTCACGCCAGT-1,GARQ,D5,0,40,38,6,0.12486637,Classical monocytes
GTTCGGGAGAGGTAGA-1,GARQ,D5,0,40,38,20,0.00402534,CD4 naive I
GTTCGGGAGAGTTGGC-1,GARQ,D5,0,40,38,1,0.04480517,CD56dim CD16bright NK
GTTCGGGCAGGGTTAG-1,GARQ,D5,0,40,38,5,0.06953156,CD56dim CD16bright NK
GTTCGGGTCACTTATC-1,GARQ,D5,0,40,38,20,0.10650337,CD4 memory
GTTCTCGAGTCCGTAT-1,GARQ,D5,0,40,38,4,0.005257964,CD4 naive I
GTTCTCGGTATCTGCA-1,GARQ,D5,0,40,38,2,0.02954042,Regulatory T cells
GTTCTCGTCCGCTGTT-1,GARQ,D5,0,40,38,36,0.032614827,Memory B
GTTCTCGTCTTCATGT-1,GARQ,D5,0,40,38,36,0.105231404,Memory B
GTTTCTAAGTGGTAGC-1,GARQ,D5,0,40,38,6,0.044550776,NK-monocyte doublets
GTTTCTAGTGAGGGTT-1,GARQ,D5,0,40,38,4,0.038478494,CD8 memory
GTTTCTAGTGTTAAGA-1,GARQ,D5,0,40,38,1,0.18814754,CD56dim CD16bright NK
GTTTCTATCGTGGACC-1,GARQ,D5,0,40,38,18,0.04815066,CD4 memory
GTTTCTATCTCGATGA-1,GARQ,D5,0,40,38,1,0.079930544,CD56dim CD16bright NK
TAAACCGCACATCCAA-1,GARQ,D5,0,40,38,5,0.07407272,CD56dim CD16bright NK
TAAACCGCATGCAATC-1,GARQ,D5,0,40,38,6,0.09553003,Neutrophils
TAAACCGGTAGAAGGA-1,GARQ,D5,0,40,38,6,0.15721941,Non classical monocytes
TAAACCGTCACAACGT-1,GARQ,D5,0,40,38,38,0.08119488,MAIT-NKT cells
TAAGCGTAGACCGGAT-1,GARQ,D5,0,40,38,6,0.26209116,Platelet-bound monocytes
TAAGCGTTCAGCACAT-1,GARQ,D5,0,40,38,5,0.042341113,CD56dim CD16bright NK
TAAGCGTTCCTAGAAC-1,GARQ,D5,0,40,38,5,0.11831927,CD56dim CD16bright NK
TAAGCGTTCTGGTGTA-1,GARQ,D5,0,40,38,6,0.14484143,Platelet-bound monocytes
TAAGTGCAGCTACCTA-1,GARQ,D5,0,40,38,19,0.038576365,NK-T doublets
TAAGTGCAGTCAAGCG-1,GARQ,D5,0,40,38,36,0.06586659,T-NK-B cell doublets
TAAGTGCGTTTACTCT-1,GARQ,D5,0,40,38,19,0.023231506,NK-T doublets
TAAGTGCTCAGCAACT-1,GARQ,D5,0,40,38,6,0.1786623,Classical monocytes
TAAGTGCTCAGGTTCA-1,GARQ,D5,0,40,38,6,0.27189898,Classical monocytes
TACACGAAGATGTGGC-1,GARQ,D5,0,40,38,12,0.048318148,Classical monocytes
TACACGACAAACGCGA-1,GARQ,D5,0,40,38,37,0.08372116,CD4 memory
TACACGACATACAGCT-1,GARQ,D5,0,40,38,5,0.0026079416,CD56dim CD16bright NK
TACAGTGCAGGCGATA-1,GARQ,D5,0,40,38,36,0.092879176,Naive B
TACAGTGTCCCAAGTA-1,GARQ,D5,0,40,38,10,0.025305152,CD4 memory
TACCTATAGACAAGCC-1,GARQ,D5,0,40,38,6,0.21130097,Classical monocytes
TACCTATAGCATCATC-1,GARQ,D5,0,40,38,36,0.1641208,Naive B
TACCTATAGTATCTCG-1,GARQ,D5,0,40,38,24,0.01292491,CD4 memory
TACCTATCAAGCCATT-1,GARQ,D5,0,40,38,20,0.0369941,CD4 naive I
TACCTATCACTACAGT-1,GARQ,D5,0,40,38,6,0.14309919,Classical monocytes
TACCTTAAGATAGCAT-1,GARQ,D5,0,40,38,32,0.03623724,CD4 memory
TACCTTACAGCTCCGA-1,GARQ,D5,0,40,38,19,0.048937082,NK-T doublets
TACCTTACAGCTGCAC-1,GARQ,D5,0,40,38,6,0.15492845,NK-monocyte doublets
TACCTTACAGGTCCAC-1,GARQ,D5,0,40,38,14,0.07727146,CD4 memory
TACCTTAGTAGCTCCG-1,GARQ,D5,0,40,38,8,0.003541708,MAIT-NKT cells
TACGGATCAGATCCAT-1,GARQ,D5,0,40,38,36,0.252468,T-NK-B cell doublets
TACGGATGTACAGCAG-1,GARQ,D5,0,40,38,19,0.04253435,CD56bright CD16dim NK
TACGGATGTCTCCACT-1,GARQ,D5,0,40,38,33,0.12730646,CD4 naive I
TACGGATGTGTGCCTG-1,GARQ,D5,0,40,38,6,0.1324668,NK-monocyte doublets
TACGGATGTTCGTCTC-1,GARQ,D5,0,40,38,18,0.03421378,CD8 memory
TACGGGCAGAGCTGCA-1,GARQ,D5,0,40,38,25,0.07485771,gdT cells
TACGGGCAGGAGTCTG-1,GARQ,D5,0,40,38,36,0.03227222,Memory B
TACGGGCAGGCTAGCA-1,GARQ,D5,0,40,38,36,0.02033168,Memory B
TACGGGCTCAGCGATT-1,GARQ,D5,0,40,38,6,0.13735795,Non classical monocytes
TACGGTAAGCTGTCTA-1,GARQ,D5,0,40,38,1,0.004592538,Non classical monocytes
TACGGTACACCAGGTC-1,GARQ,D5,0,40,38,6,0.085522175,T-NK-B cell doublets
TACTCATAGATCGATA-1,GARQ,D5,0,40,38,6,0.14289498,Classical monocytes
TACTCATCACCATCCT-1,GARQ,D5,0,40,38,1,0.13017553,CD56dim CD16bright NK
TACTCATCAGTATCTG-1,GARQ,D5,0,40,38,6,0.18472898,Classical monocytes
TACTCATGTTATGTGC-1,GARQ,D5,0,40,38,36,0.14117074,Naive B
TACTCATTCTGCTTGC-1,GARQ,D5,0,40,38,5,0.112496614,CD56dim CD16bright NK
TACTCGCAGCCGATTT-1,GARQ,D5,0,40,38,7,0.05750513,MAIT-NKT cells
TACTCGCTCTTATCTG-1,GARQ,D5,0,40,38,1,0.1011554,CD56dim CD16bright NK
TACTTACAGAGGGATA-1,GARQ,D5,0,40,38,2,0.023891568,Regulatory T cells
TACTTACAGCCCAATT-1,GARQ,D5,0,40,38,5,0.04112029,CD56dim CD16bright NK
TACTTACCAAGTAATG-1,GARQ,D5,0,40,38,5,0.03961706,CD56dim CD16bright NK
TACTTACGTAGCGTAG-1,GARQ,D5,0,40,38,1,0.0034139156,CD56dim CD16bright NK
TACTTACTCTGGCGTG-1,GARQ,D5,0,40,38,10,0.024051785,Regulatory T cells
TACTTGTAGAGCCTAG-1,GARQ,D5,0,40,38,1,0.019319892,CD56dim CD16bright NK
TACTTGTAGCCAACAG-1,GARQ,D5,0,40,38,6,0.15266895,conventional DC
TACTTGTCATGGATGG-1,GARQ,D5,0,40,38,2,0.0020914078,CD8 memory
TACTTGTTCATGCAAC-1,GARQ,D5,0,40,38,19,0.001868844,CD4 and CD8 activated memory
TACTTGTTCCTTTCGG-1,GARQ,D5,0,40,38,10,0.03239715,CD4 naive I
TACTTGTTCTTCATGT-1,GARQ,D5,0,40,38,6,0.15066499,T-NK-B cell doublets
TACTTGTTCTTCGAGA-1,GARQ,D5,0,40,38,7,0.06056249,CD8 effector
TACTTGTTCTTGACGA-1,GARQ,D5,0,40,38,37,0.045176983,CD4 memory
TAGACCAAGATCCCGC-1,GARQ,D5,0,40,38,2,0.0019236803,CD8 memory
TAGACCATCCGTACAA-1,GARQ,D5,0,40,38,6,0.118615985,Neutrophils
TAGAGCTAGTATCGAA-1,GARQ,D5,0,40,38,20,0.048726797,CD4 memory
TAGAGCTCAAGCCCAC-1,GARQ,D5,0,40,38,24,0.018258095,Regulatory T cells
TAGAGCTCACGGTAAG-1,GARQ,D5,0,40,38,6,0.21325731,Non classical monocytes
TAGAGCTGTGTGAATA-1,GARQ,D5,0,40,38,6,0.15044594,Non classical monocytes
TAGAGCTTCATACGGT-1,GARQ,D5,0,40,38,36,0.041897535,T-NK-B cell doublets
TAGAGCTTCATTGCCC-1,GARQ,D5,0,40,38,5,0.040652275,CD56dim CD16bright NK
TAGCCGGAGAACAACT-1,GARQ,D5,0,40,38,2,0.0023593903,CD4 and CD8 activated memory
TAGCCGGAGCCACCTG-1,GARQ,D5,0,40,38,6,0.0688138,Classical monocytes
TAGCCGGCACTGCCAG-1,GARQ,D5,0,40,38,0,0.00084221363,CD4 memory
TAGCCGGGTGTTTGTG-1,GARQ,D5,0,40,38,5,0.0034281015,CD56dim CD16bright NK
TAGCCGGTCCGTAGTA-1,GARQ,D5,0,40,38,36,0.05536902,Naive B
TAGCCGGTCCTACAGA-1,GARQ,D5,0,40,38,6,0.18981373,NK-monocyte doublets
TAGGCATAGCGTCTAT-1,GARQ,D5,0,40,38,1,0.123327374,CD56dim CD16bright NK
TAGGCATAGTCCTCCT-1,GARQ,D5,0,40,38,1,0.08478451,CD56dim CD16bright NK
TAGGCATCACTCAGGC-1,GARQ,D5,0,40,38,13,0.00029325485,CD8 memory
TAGGCATCAGGGTATG-1,GARQ,D5,0,40,38,20,0.061207414,CD4 memory
TAGGCATCAGTCTTCC-1,GARQ,D5,0,40,38,37,0.05191362,CD4 naive I
TAGGCATGTTGGAGGT-1,GARQ,D5,0,40,38,25,0.102178454,gdT cells
TAGTGGTAGGTGATAT-1,GARQ,D5,0,40,38,19,0.019019723,Regulatory T cells
TAGTGGTCATTTCACT-1,GARQ,D5,0,40,38,6,0.034297228,Classical monocytes
TAGTGGTTCCACGTTC-1,GARQ,D5,0,40,38,5,0.023349762,CD56dim CD16bright NK
TAGTTGGAGCCAGTTT-1,GARQ,D5,0,40,38,6,0.14656442,Non classical monocytes
TAGTTGGGTCGAACAG-1,GARQ,D5,0,40,38,37,0.013159752,CD4 naive I
TAGTTGGGTGCCTGTG-1,GARQ,D5,0,40,38,20,0.08598673,CD4 naive I
TATCAGGAGTGGTAAT-1,GARQ,D5,0,40,38,8,0.027795315,gdT cells
TATCAGGAGTTCGCAT-1,GARQ,D5,0,40,38,24,0.0011950731,CD8 naive
TATCAGGGTACCTACA-1,GARQ,D5,0,40,38,5,0.0016487837,CD56dim CD16bright NK
TATCAGGTCAACTCTT-1,GARQ,D5,0,40,38,6,0.17004204,Classical monocytes
TATCAGGTCACATAGC-1,GARQ,D5,0,40,38,20,0.007518947,T-NK-B cell doublets
TATCAGGTCAGAGCTT-1,GARQ,D5,0,40,38,8,0.068476915,gdT cells
TATCTCAAGACATAAC-1,GARQ,D5,0,40,38,25,0.06093657,gdT cells
TATCTCAAGTGGTCCC-1,GARQ,D5,0,40,38,25,0.0015470982,CD8 effector
TATCTCAGTTCGTCTC-1,GARQ,D5,0,40,38,2,0.048750997,CD4 memory
TATCTCATCACTTACT-1,GARQ,D5,0,40,38,6,0.13081169,Classical monocytes
TATGCCCAGCCAGGAT-1,GARQ,D5,0,40,38,6,0.16379035,Platelet-bound monocytes
TATGCCCAGGGTATCG-1,GARQ,D5,0,40,38,6,0.09229016,Classical monocytes
TATGCCCTCACTATTC-1,GARQ,D5,0,40,38,36,0.0069156885,Naive B
TATTACCGTGACTCAT-1,GARQ,D5,0,40,38,37,0.01898253,CD8 naive
TATTACCGTGGTCTCG-1,GARQ,D5,0,40,38,13,0.15331936,MAIT-NKT cells
TATTACCGTGTAACGG-1,GARQ,D5,0,40,38,36,0.018963575,Naive B
TCAATCTAGATATGCA-1,GARQ,D5,0,40,38,6,0.14262295,Classical monocytes
TCAATCTAGCAAATCA-1,GARQ,D5,0,40,38,19,0.018027067,MAIT-NKT cells
TCAATCTAGCAGCCTC-1,GARQ,D5,0,40,38,1,0.009488225,CD56dim CD16bright NK
TCAATCTCATACTACG-1,GARQ,D5,0,40,38,10,0.0644238,Regulatory T cells
TCAATCTCATCGGGTC-1,GARQ,D5,0,40,38,1,0.03905332,CD56dim CD16bright NK
TCAATCTCATTCTTAC-1,GARQ,D5,0,40,38,6,0.03014785,plasmacytoid DC
TCAATCTGTCTTGCGG-1,GARQ,D5,0,40,38,1,0.06562185,CD56dim CD16bright NK
TCACAAGCAGCTTAAC-1,GARQ,D5,0,40,38,26,0.06503284,CD56dim CD16bright NK
TCACAAGTCGTCCAGG-1,GARQ,D5,0,40,38,25,4.2915344e-06,CD8 memory
TCACGAAAGTGAACAT-1,GARQ,D5,0,40,38,32,0.0092692375,CD8 memory
TCACGAAAGTGGTCCC-1,GARQ,D5,0,40,38,24,0.12001276,CD4 memory
TCACGAAGTAGTACCT-1,GARQ,D5,0,40,38,5,0.00048792362,CD56dim CD16bright NK
TCACGAATCAAGGTAA-1,GARQ,D5,0,40,38,6,0.17393386,Classical monocytes
TCAGATGAGGCTAGAC-1,GARQ,D5,0,40,38,6,0.0425632,plasmacytoid DC
TCAGATGCAAGCTGAG-1,GARQ,D5,0,40,38,25,0.04519975,CD8 effector
TCAGATGCATTACCTT-1,GARQ,D5,0,40,38,6,0.15403342,Classical monocytes
TCAGCAAAGTGGGTTG-1,GARQ,D5,0,40,38,5,0.049881697,CD56dim CD16bright NK
TCAGCAACATCCCATC-1,GARQ,D5,0,40,38,18,0.0006225109,CD8 memory
TCAGCTCAGACGCTTT-1,GARQ,D5,0,40,38,6,0.1926378,Non classical monocytes
TCAGCTCAGATACACA-1,GARQ,D5,0,40,38,20,0.08321166,CD4 memory
TCAGCTCAGGCAGGTT-1,GARQ,D5,0,40,38,34,0.008441806,CD4 naive I
TCAGCTCCAAGAAGAG-1,GARQ,D5,0,40,38,36,0.065523565,Naive B
TCAGCTCTCATCGCTC-1,GARQ,D5,0,40,38,5,0.16345859,CD56dim CD16bright NK
TCAGGATAGCGTTGCC-1,GARQ,D5,0,40,38,13,0.006160617,CD8 memory
TCAGGATAGTTACCCA-1,GARQ,D5,0,40,38,5,0.070575595,CD56dim CD16bright NK
TCAGGATGTAAACACA-1,GARQ,D5,0,40,38,13,0.05329275,MAIT-NKT cells
TCAGGATTCAACACCA-1,GARQ,D5,0,40,38,13,0.026049018,CD8 naive
TCAGGATTCCGAGCCA-1,GARQ,D5,0,40,38,36,0.09127414,Naive B
TCAGGTAAGCCTATGT-1,GARQ,D5,0,40,38,20,0.11761832,CD4 naive I
TCAGGTATCGCGCCAA-1,GARQ,D5,0,40,38,37,0.047603846,CD4 memory
TCATTACAGGTCGGAT-1,GARQ,D5,0,40,38,20,0.1076622,CD8 naive
TCATTACCATCCGCGA-1,GARQ,D5,0,40,38,20,0.029604673,CD4 memory
TCATTACGTCCCTTGT-1,GARQ,D5,0,40,38,24,0.029724121,CD4 memory
TCATTACTCGTGTAGT-1,GARQ,D5,0,40,38,6,0.02544713,Classical monocytes
TCATTTGAGTACGATA-1,GARQ,D5,0,40,38,5,0.06772351,CD8 effector
TCATTTGGTGACTCAT-1,GARQ,D5,0,40,38,24,0.009916067,CD4 memory
TCATTTGGTGCTTCTC-1,GARQ,D5,0,40,38,13,0.14168394,MAIT-NKT cells
TCATTTGTCGTGGACC-1,GARQ,D5,0,40,38,20,0.07076812,CD4 naive I
TCCACACAGCGTGTCC-1,GARQ,D5,0,40,38,20,0.03223145,CD4 memory
TCCACACAGGGTTCCC-1,GARQ,D5,0,40,38,20,0.08007586,CD4 naive I
TCCACACCAGCCTTGG-1,GARQ,D5,0,40,38,6,0.111555696,Non classical monocytes
TCCCGATGTAAGTGGC-1,GARQ,D5,0,40,38,1,0.099405766,CD56dim CD16bright NK
TCCCGATGTCGACTAT-1,GARQ,D5,0,40,38,20,0.019773483,CD4 naive I
TCCCGATTCCGTAGTA-1,GARQ,D5,0,40,38,1,0.023550987,CD56dim CD16bright NK
TCCCGATTCCGTCAAA-1,GARQ,D5,0,40,38,5,0.031716704,CD56dim CD16bright NK
TCGAGGCAGTGGTAAT-1,GARQ,D5,0,40,38,20,0.08162987,CD4 naive I
TCGAGGCCAATCCAAC-1,GARQ,D5,0,40,38,36,0.18331486,Memory B
TCGAGGCCACAGGAGT-1,GARQ,D5,0,40,38,19,0.032500505,MAIT-NKT cells
TCGCGAGCAGCTATTG-1,GARQ,D5,0,40,38,36,0.07767367,Naive B
TCGCGAGCATCCGCGA-1,GARQ,D5,0,40,38,6,0.12411797,Classical monocytes
TCGCGAGCATGGATGG-1,GARQ,D5,0,40,38,5,0.03722632,CD56dim CD16bright NK
TCGCGAGCATTCGACA-1,GARQ,D5,0,40,38,37,0.014591217,CD4 memory
TCGCGAGGTAAGTGGC-1,GARQ,D5,0,40,38,18,0.046686888,CD8 naive
TCGCGAGGTATGGTTC-1,GARQ,D5,0,40,38,29,0.03297448,CD8 naive
TCGCGAGGTTCATGGT-1,GARQ,D5,0,40,38,6,0.06905866,Neutrophils
TCGCGAGGTTCGCGAC-1,GARQ,D5,0,40,38,1,0.03207183,CD56dim CD16bright NK
TCGCGTTCAAGTTCTG-1,GARQ,D5,0,40,38,1,0.0451622,CD56dim CD16bright NK
TCGCGTTGTAGAAGGA-1,GARQ,D5,0,40,38,6,0.20251155,Classical monocytes
TCGCGTTGTAGCGATG-1,GARQ,D5,0,40,38,20,0.11837745,CD4 naive I
TCGCGTTGTGCGGTAA-1,GARQ,D5,0,40,38,37,0.020885348,CD4 naive I
TCGCGTTTCACATAGC-1,GARQ,D5,0,40,38,20,0.020413876,CD4 memory
TCGGGACCAAGTTGTC-1,GARQ,D5,0,40,38,1,0.14612198,CD56dim CD16bright NK
TCGGGACGTGCAGACA-1,GARQ,D5,0,40,38,36,0.09830725,Naive B
TCGGGACGTTTCCACC-1,GARQ,D5,0,40,38,37,9.23872e-05,CD4 naive I
TCGGGACTCCCTCTTT-1,GARQ,D5,0,40,38,6,0.15620112,Non classical monocytes
TCGGTAAAGGAGTCTG-1,GARQ,D5,0,40,38,32,0.0019177198,MAIT-NKT cells
TCGGTAAAGTACGTTC-1,GARQ,D5,0,40,38,6,0.075242996,Neutrophils
TCGGTAAGTCTTGTCC-1,GARQ,D5,0,40,38,26,0.015804768,CD56dim CD16bright NK
TCGGTAAGTTACGCGC-1,GARQ,D5,0,40,38,6,0.17308879,Classical monocytes
TCGGTAAGTTGCGTTA-1,GARQ,D5,0,40,38,6,0.11424327,Non classical monocytes
TCGGTAATCCCTTGCA-1,GARQ,D5,0,40,38,6,0.21327758,Neutrophils
TCGTACCAGCAGATCG-1,GARQ,D5,0,40,38,37,0.050260782,CD8 naive
TCGTACCAGCCAGAAC-1,GARQ,D5,0,40,38,6,0.13960695,Classical monocytes
TCGTACCGTCGCGGTT-1,GARQ,D5,0,40,38,20,0.11834872,CD4 memory
TCGTACCTCCACGAAT-1,GARQ,D5,0,40,38,1,0.15427554,CD56dim CD16bright NK
TCGTAGAAGACAGGCT-1,GARQ,D5,0,40,38,6,0.10076022,NK-monocyte doublets
TCGTAGAAGGCATGGT-1,GARQ,D5,0,40,38,36,0.011883616,Memory B
TCGTAGAAGTCTCAAC-1,GARQ,D5,0,40,38,5,0.15730166,CD56dim CD16bright NK
TCGTAGAAGTTACCCA-1,GARQ,D5,0,40,38,6,0.05492264,Non classical monocytes
TCGTAGACATGAGCGA-1,GARQ,D5,0,40,38,24,0.010721207,CD4 memory
TCGTAGAGTACTCGCG-1,GARQ,D5,0,40,38,5,0.075914025,CD56dim CD16bright NK
TCGTAGAGTCAGTGGA-1,GARQ,D5,0,40,38,5,0.06975651,CD56dim CD16bright NK
TCGTAGATCAGTACGT-1,GARQ,D5,0,40,38,19,0.0069395304,NK-T doublets
TCGTAGATCGTAGATC-1,GARQ,D5,0,40,38,2,0.0030738115,CD4 memory
TCTATTGAGAAAGTGG-1,GARQ,D5,0,40,38,6,0.074976444,Non classical monocytes
TCTATTGAGCGATTCT-1,GARQ,D5,0,40,38,21,0.007830262,CD56dim CD16bright NK
TCTATTGCAATCCAAC-1,GARQ,D5,0,40,38,25,0.056005597,CD8 effector
TCTATTGCACATTTCT-1,GARQ,D5,0,40,38,36,0.093261,Memory B
TCTATTGGTAGGAGTC-1,GARQ,D5,0,40,38,5,0.07015848,Proliferating T and NK cell
TCTATTGTCCCTTGTG-1,GARQ,D5,0,40,38,13,0.044456244,MAIT-NKT cells
TCTATTGTCCTATTCA-1,GARQ,D5,0,40,38,20,0.025691152,CD4 naive II
TCTCATAAGCTAGTGG-1,GARQ,D5,0,40,38,1,0.13644528,CD56dim CD16bright NK
TCTCATAAGGCCATAG-1,GARQ,D5,0,40,38,6,0.10258114,Classical monocytes
TCTCATAGTCGCTTCT-1,GARQ,D5,0,40,38,37,0.012094855,CD4 memory
TCTCATAGTGATGTCT-1,GARQ,D5,0,40,38,1,0.050377727,CD56dim CD16bright NK
TCTCATATCGACGGAA-1,GARQ,D5,0,40,38,1,0.0145971775,CD56dim CD16bright NK
TCTCATATCGCACTCT-1,GARQ,D5,0,40,38,20,0.0035920143,CD4 naive I
TCTCTAACACTCGACG-1,GARQ,D5,0,40,38,6,0.14755118,Non classical monocytes
TCTCTAAGTTTGTGTG-1,GARQ,D5,0,40,38,13,0.013779879,NK-T doublets
TCTCTAATCGATAGAA-1,GARQ,D5,0,40,38,19,0.01838398,MAIT-NKT cells
TCTGAGACAGCTGGCT-1,GARQ,D5,0,40,38,6,0.13820934,NK-monocyte doublets
TCTGAGACATGTTGAC-1,GARQ,D5,0,40,38,19,0.036964655,CD56dim CD16bright NK
TCTGAGAGTACCCAAT-1,GARQ,D5,0,40,38,5,0.20746875,CD56dim CD16bright NK
TCTGAGAGTAGCCTCG-1,GARQ,D5,0,40,38,36,0.15353525,Naive B
TCTGAGATCCGCATCT-1,GARQ,D5,0,40,38,6,0.18846071,Classical monocytes
TCTGGAAAGAAACGAG-1,GARQ,D5,0,40,38,5,0.0064628124,CD56dim CD16bright NK
TCTGGAACAGCTGCTG-1,GARQ,D5,0,40,38,6,0.09363389,Classical monocytes
TCTGGAACAGGCAGTA-1,GARQ,D5,0,40,38,20,0.008673072,CD4 naive I
TCTGGAACATGCCACG-1,GARQ,D5,0,40,38,26,0.019986153,CD56dim CD16bright NK
TCTGGAACATTGAGCT-1,GARQ,D5,0,40,38,6,0.069787025,Non classical monocytes
TCTGGAAGTCACCTAA-1,GARQ,D5,0,40,38,5,0.15270567,CD56dim CD16bright NK
TCTGGAAGTGCTTCTC-1,GARQ,D5,0,40,38,5,0.13158357,CD56dim CD16bright NK
TCTTCGGAGGTAAACT-1,GARQ,D5,0,40,38,14,0.046573758,CD8 memory
TCTTCGGCACGTAAGG-1,GARQ,D5,0,40,38,36,0.025653958,Naive B
TCTTCGGGTACCCAAT-1,GARQ,D5,0,40,38,20,0.043889165,CD4 naive I
TCTTCGGTCTAACTTC-1,GARQ,D5,0,40,38,6,0.083956,Classical monocytes
TCTTTCCAGAGCAATT-1,GARQ,D5,0,40,38,13,0.033239365,MAIT-NKT cells
TCTTTCCCAATTGCTG-1,GARQ,D5,0,40,38,6,0.16009176,Classical monocytes
TCTTTCCGTACCATCA-1,GARQ,D5,0,40,38,6,0.15718067,Platelet-bound monocytes
TGAAAGAAGGAGTTGC-1,GARQ,D5,0,40,38,18,0.005862236,CD8 memory
TGAAAGACAGTTAACC-1,GARQ,D5,0,40,38,5,0.09210324,CD56dim CD16bright NK
TGAAAGACATAAAGGT-1,GARQ,D5,0,40,38,25,0.08516431,CD8 effector
TGAAAGATCTCCTATA-1,GARQ,D5,0,40,38,6,0.12411666,Non classical monocytes
TGACAACAGACGCAAC-1,GARQ,D5,0,40,38,20,0.022374868,CD4 naive I
TGACAACCAACAACCT-1,GARQ,D5,0,40,38,26,0.040757537,CD56dim CD16bright NK
TGACAACGTACAGTGG-1,GARQ,D5,0,40,38,32,0.060124874,CD8 naive
TGACAACGTCTGGAGA-1,GARQ,D5,0,40,38,19,0.090545535,gdT cells
TGACAACTCAACGGGA-1,GARQ,D5,0,40,38,6,0.081287265,Classical monocytes
TGACGGCAGGCATGGT-1,GARQ,D5,0,40,38,31,0.038334608,CD56dim CD16bright NK
TGACGGCCACGTCAGC-1,GARQ,D5,0,40,38,25,0.105213284,gdT cells
TGACGGCGTCATATCG-1,GARQ,D5,0,40,38,6,0.15341401,NK-monocyte doublets
TGACGGCTCCTAGAAC-1,GARQ,D5,0,40,38,8,0.09513724,gdT cells
TGACTAGAGCCAGTAG-1,GARQ,D5,0,40,38,1,0.04632044,CD56dim CD16bright NK
TGACTAGTCACTGGGC-1,GARQ,D5,0,40,38,5,0.029984236,CD56dim CD16bright NK
TGACTAGTCTAACGGT-1,GARQ,D5,0,40,38,20,0.046063542,CD4 memory
TGACTTTCACGAAAGC-1,GARQ,D5,0,40,38,6,0.13794231,Classical monocytes
TGACTTTCAGACTCGC-1,GARQ,D5,0,40,38,5,0.019248128,CD56dim CD16bright NK
TGACTTTCAGCCTATA-1,GARQ,D5,0,40,38,27,0.10822928,CD4 naive I
TGACTTTCAGTAAGCG-1,GARQ,D5,0,40,38,6,0.058701515,Non classical monocytes
TGACTTTGTTAAAGTG-1,GARQ,D5,0,40,38,5,0.047103405,CD56dim CD16bright NK
TGACTTTTCAAACAAG-1,GARQ,D5,0,40,38,20,0.019084692,CD4 naive I
TGAGAGGAGTACGCGA-1,GARQ,D5,0,40,38,1,0.040734768,CD56dim CD16bright NK
TGAGAGGAGTGTGGCA-1,GARQ,D5,0,40,38,39,0.04980457,Naive B
TGAGAGGGTGCAACTT-1,GARQ,D5,0,40,38,6,0.12289727,Classical monocytes
TGAGAGGGTTACGACT-1,GARQ,D5,0,40,38,6,0.051974773,Non classical monocytes
TGAGAGGTCCCATTAT-1,GARQ,D5,0,40,38,6,0.14857888,NK-monocyte doublets
TGAGCATCAATCTACG-1,GARQ,D5,0,40,38,6,0.127841,Classical monocytes
TGAGCATGTTTAGCTG-1,GARQ,D5,0,40,38,6,0.17603672,Non classical monocytes
TGAGCATTCGCAGGCT-1,GARQ,D5,0,40,38,37,0.072696924,CD4 memory
TGAGCCGAGCTGATAA-1,GARQ,D5,0,40,38,36,0.16024315,Naive B
TGAGCCGCATATACCG-1,GARQ,D5,0,40,38,19,0.03000462,CD8 memory
TGAGGGAAGCCAGAAC-1,GARQ,D5,0,40,38,6,0.15041375,Platelet-bound monocytes
TGAGGGAGTCAGAATA-1,GARQ,D5,0,40,38,6,0.18475664,Non classical monocytes
TGATTTCAGGGCTCTC-1,GARQ,D5,0,40,38,5,0.031132817,CD8 effector
TGATTTCCAGGCTCAC-1,GARQ,D5,0,40,38,6,0.03284347,Classical monocytes
TGCACCTAGTCCTCCT-1,GARQ,D5,0,40,38,6,0.18834329,Classical monocytes
TGCACCTCAAACCCAT-1,GARQ,D5,0,40,38,19,0.07763755,CD56bright CD16dim NK
TGCACCTGTACTTCTT-1,GARQ,D5,0,40,38,6,0.1379888,Classical monocytes
TGCCAAAAGCCAGTTT-1,GARQ,D5,0,40,38,13,0.27376103,MAIT-NKT cells
TGCCAAAAGCCATCGC-1,GARQ,D5,0,40,38,6,0.13413477,Classical monocytes
TGCCAAAAGCGATCCC-1,GARQ,D5,0,40,38,38,0.0069020987,CD8 memory
TGCCAAAGTCGGCTCA-1,GARQ,D5,0,40,38,5,0.025310874,CD56dim CD16bright NK
TGCCAAATCTGTACGA-1,GARQ,D5,0,40,38,37,0.024303436,CD4 memory
TGCCAAATCTGTGCAA-1,GARQ,D5,0,40,38,36,0.22162247,Naive B
TGCCAAATCTTCCTTC-1,GARQ,D5,0,40,38,1,0.02792716,CD56dim CD16bright NK
TGCCCATAGACTTTCG-1,GARQ,D5,0,40,38,5,0.04302025,CD56dim CD16bright NK
TGCCCATAGCCACTAT-1,GARQ,D5,0,40,38,5,0.019679546,CD56dim CD16bright NK
TGCCCATCACACCGAC-1,GARQ,D5,0,40,38,1,0.095804095,Proliferating T and NK cell
TGCCCATTCCTTTCTC-1,GARQ,D5,0,40,38,5,0.08425653,CD56dim CD16bright NK
TGCCCTATCCGCGGTA-1,GARQ,D5,0,40,38,24,0.028244376,CD8 naive
TGCGCAGAGGGAACGG-1,GARQ,D5,0,40,38,25,0.008374095,CD8 effector
TGCGCAGAGTCTTGCA-1,GARQ,D5,0,40,38,37,0.08394551,CD8 naive
TGCGCAGGTCTCTTTA-1,GARQ,D5,0,40,38,25,0.010658145,CD8 effector
TGCGCAGGTGATAAAC-1,GARQ,D5,0,40,38,8,0.02191341,gdT cells
TGCGCAGGTTATCACG-1,GARQ,D5,0,40,38,37,0.052514076,CD4 naive II
TGCGCAGTCGGAATCT-1,GARQ,D5,0,40,38,5,0.043969154,CD56dim CD16bright NK
TGCGGGTTCATGTGGT-1,GARQ,D5,0,40,38,25,0.023681521,gdT cells
TGCGTGGCAAGACACG-1,GARQ,D5,0,40,38,37,0.045719028,CD4 memory
TGCGTGGCAATGGATA-1,GARQ,D5,0,40,38,26,0.14937496,CD56dim CD16bright NK
TGCGTGGCACACAGAG-1,GARQ,D5,0,40,38,1,0.039764285,CD56dim CD16bright NK
TGCGTGGCACTCAGGC-1,GARQ,D5,0,40,38,9,0.050632417,CD56dim CD16bright NK
TGCTACCAGCAAATCA-1,GARQ,D5,0,40,38,6,0.012174487,Non classical monocytes
TGCTACCAGCGTAATA-1,GARQ,D5,0,40,38,25,0.06881487,gdT cells
TGCTACCGTATTACCG-1,GARQ,D5,0,40,38,1,0.052788377,CD56dim CD16bright NK
TGCTACCTCAGCGACC-1,GARQ,D5,0,40,38,6,0.06873655,conventional DC
TGCTACCTCGGCTTGG-1,GARQ,D5,0,40,38,36,0.24568343,Memory B
TGCTGCTAGCTCAACT-1,GARQ,D5,0,40,38,36,0.24368417,T-NK-B cell doublets
TGCTGCTGTATATCCG-1,GARQ,D5,0,40,38,6,0.17354941,Platelet-bound monocytes
TGCTGCTGTGTCCTCT-1,GARQ,D5,0,40,38,6,0.15335476,Classical monocytes
TGGACGCCAACTTGAC-1,GARQ,D5,0,40,38,10,0.018784523,CD8 naive
TGGACGCCACGCCAGT-1,GARQ,D5,0,40,38,9,0.023559093,CD56dim CD16bright NK
TGGACGCGTGCAGTAG-1,GARQ,D5,0,40,38,25,0.02223754,CD56dim CD16bright NK
TGGCCAGAGACACGAC-1,GARQ,D5,0,40,38,5,0.08155382,CD56dim CD16bright NK
TGGCCAGAGCAACGGT-1,GARQ,D5,0,40,38,18,0.0023925304,MAIT-NKT cells
TGGCCAGAGCCGATTT-1,GARQ,D5,0,40,38,1,0.004299879,CD56dim CD16bright NK
TGGCCAGAGGACAGCT-1,GARQ,D5,0,40,38,10,0.093110204,CD4 naive II
TGGCCAGCAGTATCTG-1,GARQ,D5,0,40,38,37,0.004562378,CD4 naive I
TGGCCAGTCAGTACGT-1,GARQ,D5,0,40,38,5,0.051464558,CD56dim CD16bright NK
TGGCGCAAGTGGCACA-1,GARQ,D5,0,40,38,6,0.15532649,Classical monocytes
TGGCGCACACTATCTT-1,GARQ,D5,0,40,38,6,0.083117604,Classical monocytes
TGGCGCATCTCCGGTT-1,GARQ,D5,0,40,38,19,0.0007517338,NK-T doublets
TGGCTGGAGTATGACA-1,GARQ,D5,0,40,38,6,0.08579135,Classical monocytes
TGGCTGGAGTTAAGTG-1,GARQ,D5,0,40,38,6,0.11673534,Classical monocytes
TGGCTGGCAATAAGCA-1,GARQ,D5,0,40,38,5,0.03882438,CD56dim CD16bright NK
TGGCTGGCACGACTCG-1,GARQ,D5,0,40,38,19,0.08449197,gdT cells
TGGCTGGCATACGCTA-1,GARQ,D5,0,40,38,6,0.0767529,Classical monocytes
TGGCTGGGTCACAAGG-1,GARQ,D5,0,40,38,6,0.14945495,Non classical monocytes
TGGCTGGGTGCAACTT-1,GARQ,D5,0,40,38,6,0.1138196,Classical monocytes
TGGCTGGGTTGTCGCG-1,GARQ,D5,0,40,38,33,0.0039613247,CD8 memory
TGGGAAGAGATAGGAG-1,GARQ,D5,0,40,38,1,0.07014775,CD56dim CD16bright NK
TGGGAAGAGGATATAC-1,GARQ,D5,0,40,38,5,0.047225833,CD56dim CD16bright NK
TGGGAAGAGGCCCTTG-1,GARQ,D5,0,40,38,25,0.055600643,gdT cells
TGGGAAGAGGGTGTGT-1,GARQ,D5,0,40,38,6,0.01123172,CD56dim CD16bright NK
TGGGAAGCATCATCCC-1,GARQ,D5,0,40,38,6,0.0884918,Neutrophils
TGGGAAGTCAGCGACC-1,GARQ,D5,0,40,38,5,0.09029913,CD56dim CD16bright NK
TGGGAAGTCCCTAATT-1,GARQ,D5,0,40,38,38,0.02495128,CD8 effector
TGGGAAGTCTACCAGA-1,GARQ,D5,0,40,38,5,0.03842044,CD56dim CD16bright NK
TGGGCGTAGCAACGGT-1,GARQ,D5,0,40,38,37,0.027507067,CD8 memory
TGGGCGTAGTGTCTCA-1,GARQ,D5,0,40,38,36,0.092225075,Memory B
TGGGCGTCACGTGAGA-1,GARQ,D5,0,40,38,5,0.06446236,CD56dim CD16bright NK
TGGGCGTGTGACCAAG-1,GARQ,D5,0,40,38,32,0.007695198,CD8 memory
TGGGCGTTCAACTCTT-1,GARQ,D5,0,40,38,4,0.002347827,CD4 memory
TGGTTAGAGTAACCCT-1,GARQ,D5,0,40,38,5,0.018717766,CD56dim CD16bright NK
TGGTTAGGTGTGACGA-1,GARQ,D5,0,40,38,5,0.057299852,CD56bright CD16dim NK
TGGTTCCAGACTTTCG-1,GARQ,D5,0,40,38,1,0.021993876,CD56dim CD16bright NK
TGGTTCCAGATCCTGT-1,GARQ,D5,0,40,38,5,0.004452944,CD56dim CD16bright NK
TGGTTCCAGTAGGTGC-1,GARQ,D5,0,40,38,1,0.043552637,CD56dim CD16bright NK
TGGTTCCCAATACGCT-1,GARQ,D5,0,40,38,8,0.08393848,gdT cells
TGGTTCCCACTGCCAG-1,GARQ,D5,0,40,38,1,0.061531186,CD56dim CD16bright NK
TGGTTCCCAGTTTACG-1,GARQ,D5,0,40,38,20,0.095682025,CD4 naive I
TGGTTCCTCATATCGG-1,GARQ,D5,0,40,38,20,0.1403513,CD4 naive I
TGTATTCAGTCAATAG-1,GARQ,D5,0,40,38,18,0.09419894,CD8 memory
TGTATTCAGTCTTGCA-1,GARQ,D5,0,40,38,20,0.11581957,CD4 naive I
TGTATTCCACACCGAC-1,GARQ,D5,0,40,38,7,0.103238344,CD8 effector
TGTATTCCACGACGAA-1,GARQ,D5,0,40,38,7,0.03550303,NK-T doublets
TGTATTCTCACGATGT-1,GARQ,D5,0,40,38,20,0.056331873,CD4 naive I
TGTCCCAAGGCGACAT-1,GARQ,D5,0,40,38,24,0.024458647,CD4 memory
TGTCCCAAGGTAGCCA-1,GARQ,D5,0,40,38,1,0.006087661,CD56dim CD16bright NK
TGTCCCATCTTCAACT-1,GARQ,D5,0,40,38,36,0.10513413,Naive B
TGTGGTAAGATGTAAC-1,GARQ,D5,0,40,38,6,0.111424565,Neutrophils
TGTGGTACAGCCTATA-1,GARQ,D5,0,40,38,1,0.09072399,CD56dim CD16bright NK
TGTGGTAGTCTAAACC-1,GARQ,D5,0,40,38,6,0.11686182,Classical monocytes
TGTGGTAGTCTAGCCG-1,GARQ,D5,0,40,38,26,0.01907885,CD56dim CD16bright NK
TGTGGTAGTTTAAGCC-1,GARQ,D5,0,40,38,0,0.028117418,CD4 memory
TGTGGTATCACATACG-1,GARQ,D5,0,40,38,9,0.039321423,CD56dim CD16bright NK
TGTGTTTGTCATTAGC-1,GARQ,D5,0,40,38,37,0.07462871,CD8 naive
TGTGTTTGTTCGTTGA-1,GARQ,D5,0,40,38,3,0.0110625625,Naive B
TGTGTTTTCGTACCGG-1,GARQ,D5,0,40,38,1,0.11252773,CD56dim CD16bright NK
TGTGTTTTCTTGTACT-1,GARQ,D5,0,40,38,5,0.0900622,CD56dim CD16bright NK
TGTTCCGAGCCCAACC-1,GARQ,D5,0,40,38,6,0.06664896,Neutrophils
TGTTCCGCAAGCGAGT-1,GARQ,D5,0,40,38,36,0.34860182,T-NK-B cell doublets
TGTTCCGGTAAGGATT-1,GARQ,D5,0,40,38,13,0.0037509203,gdT cells
TGTTCCGTCAAGGCTT-1,GARQ,D5,0,40,38,6,0.1912092,Non classical monocytes
TGTTCCGTCCGTTGTC-1,GARQ,D5,0,40,38,37,0.03274858,CD8 naive
TGTTCCGTCTAACTCT-1,GARQ,D5,0,40,38,24,0.034860015,CD4 memory
TTAACTCAGACCACGA-1,GARQ,D5,0,40,38,1,0.0031756163,CD56dim CD16bright NK
TTAACTCAGTCTCCTC-1,GARQ,D5,0,40,38,6,0.13640606,Classical monocytes
TTAACTCTCAGCTTAG-1,GARQ,D5,0,40,38,26,0.0077278614,CD56dim CD16bright NK
TTAACTCTCTGGTTCC-1,GARQ,D5,0,40,38,32,0.09087896,CD4 memory
TTAGGACAGACTCGGA-1,GARQ,D5,0,40,38,18,0.07406592,MAIT-NKT cells
TTAGGACAGCTGAACG-1,GARQ,D5,0,40,38,32,0.00436759,CD8 memory
TTAGGACAGGTGCTAG-1,GARQ,D5,0,40,38,36,0.082409024,Naive B
TTAGGACCATGCAACT-1,GARQ,D5,0,40,38,19,0.033454657,MAIT-NKT cells
TTAGGACTCACTTACT-1,GARQ,D5,0,40,38,6,0.11826563,Classical monocytes
TTAGGCAAGGACGAAA-1,GARQ,D5,0,40,38,6,0.20489788,Classical monocytes
TTAGGCAAGGTTCCTA-1,GARQ,D5,0,40,38,10,0.032280445,CD4 naive I
TTAGGCAAGTTAACGA-1,GARQ,D5,0,40,38,20,0.005795121,CD4 memory
TTAGGCAGTCCCTACT-1,GARQ,D5,0,40,38,6,0.10932624,Classical monocytes
TTAGTTCAGATAGCAT-1,GARQ,D5,0,40,38,24,0.10602701,CD4 memory
TTAGTTCAGTAGATGT-1,GARQ,D5,0,40,38,5,0.016589522,CD56dim CD16bright NK
TTAGTTCCAACTGCTA-1,GARQ,D5,0,40,38,6,0.0821898,Classical monocytes
TTAGTTCGTACTTCTT-1,GARQ,D5,0,40,38,29,0.004609823,CD4 memory
TTAGTTCGTGTTTGGT-1,GARQ,D5,0,40,38,1,0.08560026,CD56dim CD16bright NK
TTAGTTCGTTTGACAC-1,GARQ,D5,0,40,38,5,0.041685462,CD8 effector
TTAGTTCTCTCTAAGG-1,GARQ,D5,0,40,38,7,0.002500534,CD56dim CD16bright NK
TTATGCTAGCGTGAAC-1,GARQ,D5,0,40,38,1,0.067058325,CD56dim CD16bright NK
TTATGCTAGCTTCGCG-1,GARQ,D5,0,40,38,20,0.029843211,CD4 memory
TTATGCTCAAGCTGTT-1,GARQ,D5,0,40,38,25,0.10408902,gdT cells
TTATGCTCACAACGCC-1,GARQ,D5,0,40,38,36,0.11635172,Naive B
TTATGCTCAGCCTTTC-1,GARQ,D5,0,40,38,24,0.09724474,CD4 memory
TTATGCTGTGTAATGA-1,GARQ,D5,0,40,38,19,0.04295349,MAIT-NKT cells
TTATGCTTCAACTCTT-1,GARQ,D5,0,40,38,5,0.15679395,CD56dim CD16bright NK
TTATGCTTCGCTTGTC-1,GARQ,D5,0,40,38,6,0.07521987,Classical monocytes
TTCCCAGAGTGAACAT-1,GARQ,D5,0,40,38,6,0.061269403,Classical monocytes
TTCCCAGAGTGAACGC-1,GARQ,D5,0,40,38,2,0.017151952,CD4 memory
TTCCCAGCATGCCCGA-1,GARQ,D5,0,40,38,25,0.034697056,gdT cells
TTCCCAGCATTGGGCC-1,GARQ,D5,0,40,38,36,0.05716878,T-NK-B cell doublets
TTCCCAGGTCCAAGTT-1,GARQ,D5,0,40,38,25,0.0545125,gdT cells
TTCCCAGGTTCGGGCT-1,GARQ,D5,0,40,38,25,0.052369,CD8 memory
TTCCCAGTCCCTGACT-1,GARQ,D5,0,40,38,6,0.083370924,Non classical monocytes
TTCGAAGAGTTACGGG-1,GARQ,D5,0,40,38,13,0.03998196,CD8 memory
TTCGAAGCAATGACCT-1,GARQ,D5,0,40,38,37,0.010384321,CD8 naive
TTCGAAGGTAAATGAC-1,GARQ,D5,0,40,38,34,0.02286172,CD4 and CD8 activated memory
TTCGAAGGTGCGGTAA-1,GARQ,D5,0,40,38,34,0.0051811934,CD8 naive
TTCGAAGGTGGCGAAT-1,GARQ,D5,0,40,38,34,0.028925061,CD4 naive I
TTCGGTCCAGTAACGG-1,GARQ,D5,0,40,38,5,0.054500103,CD56dim CD16bright NK
TTCGGTCGTACTTCTT-1,GARQ,D5,0,40,38,14,0.031659126,CD4 memory
TTCGGTCGTATTACCG-1,GARQ,D5,0,40,38,5,0.055431724,CD56dim CD16bright NK
TTCGGTCGTGAGCGAT-1,GARQ,D5,0,40,38,19,0.004776597,CD8 effector
TTCGGTCGTTACTGAC-1,GARQ,D5,0,40,38,26,0.010100365,CD56bright CD16dim NK
TTCTACAAGACCACGA-1,GARQ,D5,0,40,38,5,0.1708808,CD56dim CD16bright NK
TTCTACAAGTACGATA-1,GARQ,D5,0,40,38,6,0.09454095,NK-monocyte doublets
TTCTACAGTATCGCAT-1,GARQ,D5,0,40,38,12,0.0075805187,Non classical monocytes
TTCTACATCCTTGCCA-1,GARQ,D5,0,40,38,6,0.12908626,Classical monocytes
TTCTCAAAGCCAACAG-1,GARQ,D5,0,40,38,6,0.17400217,Classical monocytes
TTCTCAAAGCGCCTCA-1,GARQ,D5,0,40,38,8,9.36985e-05,CD56dim CD16bright NK
TTCTCAAAGGTGACCA-1,GARQ,D5,0,40,38,6,0.1953206,Platelet-bound monocytes
TTCTCAAAGTCACGCC-1,GARQ,D5,0,40,38,6,0.09131575,Non classical monocytes
TTCTCAACAAGTAGTA-1,GARQ,D5,0,40,38,6,0.09362632,Non classical monocytes
TTCTCAACAAGTTGTC-1,GARQ,D5,0,40,38,1,0.070197105,CD56dim CD16bright NK
TTCTCAAGTTGATTCG-1,GARQ,D5,0,40,38,6,0.33433723,Classical monocytes
TTCTCCTAGAGTACAT-1,GARQ,D5,0,40,38,19,0.0071264505,CD56dim CD16bright NK
TTCTCCTAGGATTCGG-1,GARQ,D5,0,40,38,36,0.3694206,Memory B
TTCTCCTCACTCAGGC-1,GARQ,D5,0,40,38,6,0.1676743,Neutrophils
TTCTCCTGTAGAAAGG-1,GARQ,D5,0,40,38,24,0.006722927,CD4 naive II
TTCTCCTTCTGGCGTG-1,GARQ,D5,0,40,38,5,0.058102965,CD56dim CD16bright NK
TTCTTAGTCGCATGAT-1,GARQ,D5,0,40,38,13,0.022049665,MAIT-NKT cells
TTCTTAGTCTATCGCC-1,GARQ,D5,0,40,38,27,0.01801753,CD4 naive I
TTGAACGAGTACCGGA-1,GARQ,D5,0,40,38,36,0.07886261,Naive B
TTGACTTAGTGACTCT-1,GARQ,D5,0,40,38,5,0.007724881,CD56dim CD16bright NK
TTGACTTCATATGAGA-1,GARQ,D5,0,40,38,6,0.11175394,conventional DC
TTGACTTGTACGCTGC-1,GARQ,D5,0,40,38,36,0.03940934,Naive B
TTGCCGTAGAACAACT-1,GARQ,D5,0,40,38,8,0.22086596,gdT cells
TTGCCGTAGTTAGCGG-1,GARQ,D5,0,40,38,24,0.00064849854,CD8 naive
TTGCCGTCAAGGGTCA-1,GARQ,D5,0,40,38,36,0.08114338,Naive B
TTGCCGTCACTGTTAG-1,GARQ,D5,0,40,38,1,0.15208638,NK-T doublets
TTGCGTCAGGATGTAT-1,GARQ,D5,0,40,38,5,0.04807818,CD56dim CD16bright NK
TTGCGTCAGTCCAGGA-1,GARQ,D5,0,40,38,25,0.016582727,gdT cells
TTGCGTCCAACGATCT-1,GARQ,D5,0,40,38,6,0.18668342,NK-monocyte doublets
TTGCGTCCAATCACAC-1,GARQ,D5,0,40,38,25,0.071727514,gdT cells
TTGCGTCCAGCCTTGG-1,GARQ,D5,0,40,38,6,0.10751283,conventional DC
TTGGCAAAGAATAGGG-1,GARQ,D5,0,40,38,6,0.23058498,Non classical monocytes
TTGGCAATCGAATGGG-1,GARQ,D5,0,40,38,20,0.039750934,CD4 memory
TTGTAGGTCGCTTGTC-1,GARQ,D5,0,40,38,5,0.02098608,CD56dim CD16bright NK
TTTACTGAGGGTATCG-1,GARQ,D5,0,40,38,13,0.111293316,MAIT-NKT cells
TTTACTGGTATCACCA-1,GARQ,D5,0,40,38,36,0.1500256,Memory B
TTTACTGTCCTAGGGC-1,GARQ,D5,0,40,38,1,0.0056661367,CD56dim CD16bright NK
TTTATGCTCAATAAGG-1,GARQ,D5,0,40,38,6,0.180799,Non classical monocytes
TTTATGCTCGATCCCT-1,GARQ,D5,0,40,38,5,0.14540815,CD56dim CD16bright NK
TTTCCTCCAGATTGCT-1,GARQ,D5,0,40,38,6,0.09580839,Neutrophils
TTTCCTCGTGCAACGA-1,GARQ,D5,0,40,38,10,0.014370918,CD4 naive II
TTTCCTCTCGACGGAA-1,GARQ,D5,0,40,38,36,0.10592377,Naive B
TTTGCGCCATCTATGG-1,GARQ,D5,0,40,38,32,0.043037057,CD4 and CD8 activated memory
TTTGCGCTCCATGAGT-1,GARQ,D5,0,40,38,4,0.0057132244,CD4 naive I
TTTGGTTAGGATGCGT-1,GARQ,D5,0,40,38,6,0.2126863,Platelet-bound monocytes
TTTGGTTTCATCGATG-1,GARQ,D5,0,40,38,16,0.028404653,Platelets
TTTGTCAAGCTAACTC-1,GARQ,D5,0,40,38,6,0.1693157,Classical monocytes
TTTGTCACACCATCCT-1,GARQ,D5,0,40,38,6,0.23188543,Classical monocytes
TTTGTCAGTGATGATA-1,GARQ,D5,0,40,38,6,0.1769247,Classical monocytes
TTTGTCATCCACTCCA-1,GARQ,D5,0,40,38,25,0.020035267,MAIT-NKT cells
TTTGTCATCTCTAGGA-1,GARQ,D5,0,40,38,6,0.12007856,Neutrophils
TTTGTCATCTTTAGTC-1,GARQ,D5,0,40,38,37,0.003197074,CD4 memory
