cell_id,method,dataset,seed,requested_K,realized_K,metacell_id,delta_confidence,cell_type
AAACCTGCATGCATGT-1,GARQ,D5,3,40,38,26,0.050833464,CD4 naive II
AAACCTGGTTGAACTC-1,GARQ,D5,3,40,38,5,0.01250869,CD56bright CD16dim NK
AAACGGGAGATCACGG-1,GARQ,D5,3,40,38,31,0.07110715,CD56dim CD16bright NK
AAACGGGCACGGCTAC-1,GARQ,D5,3,40,38,29,0.0722903,Classical monocytes
AAACGGGCATGGATGG-1,GARQ,D5,3,40,38,19,0.012678385,CD56dim CD16bright NK
AAACGGGGTCTAAACC-1,GARQ,D5,3,40,38,11,0.0140196085,CD56dim CD16bright NK
AAACGGGGTGACTACT-1,GARQ,D5,3,40,38,19,0.017331839,CD56dim CD16bright NK
AAACGGGTCTGGGCCA-1,GARQ,D5,3,40,38,19,0.016562104,CD56dim CD16bright NK
AAAGATGAGTTGTCGT-1,GARQ,D5,3,40,38,19,0.013166904,CD56dim CD16bright NK
AAAGATGCAAGCCCAC-1,GARQ,D5,3,40,38,29,0.12504005,Neutrophils
AAAGATGGTGGGTATG-1,GARQ,D5,3,40,38,29,0.02304399,Classical monocytes
AAAGCAAAGCTGTCTA-1,GARQ,D5,3,40,38,7,0.21323133,T-NK-B cell doublets
AAAGCAAAGTCGTTTG-1,GARQ,D5,3,40,38,5,0.07387459,CD56dim CD16bright NK
AAAGCAACAGGCGATA-1,GARQ,D5,3,40,38,10,0.09061134,Non classical monocytes
AAAGCAACAGTGAGTG-1,GARQ,D5,3,40,38,32,0.062055707,CD4 memory
AAAGCAACATCATCCC-1,GARQ,D5,3,40,38,29,0.03126633,Classical monocytes
AAAGCAAGTTAGATGA-1,GARQ,D5,3,40,38,34,0.22838068,CD8 naive
AAAGCAAGTTATGTGC-1,GARQ,D5,3,40,38,16,0.02117443,CD8 memory
AAAGCAATCGGAGCAA-1,GARQ,D5,3,40,38,19,0.010665655,CD56dim CD16bright NK
AAAGTAGCACTTAACG-1,GARQ,D5,3,40,38,31,0.0896467,CD56dim CD16bright NK
AAAGTAGGTTACCGAT-1,GARQ,D5,3,40,38,29,0.05725336,Neutrophils
AAAGTAGGTTGCGCAC-1,GARQ,D5,3,40,38,12,0.0055118203,CD8 memory
AAAGTAGTCGGTCTAA-1,GARQ,D5,3,40,38,32,0.0459553,CD8 effector
AAATGCCGTGGTACAG-1,GARQ,D5,3,40,38,12,0.070889115,CD4 memory
AAATGCCGTTGGACCC-1,GARQ,D5,3,40,38,10,0.19531703,Non classical monocytes
AAATGCCTCCGATATG-1,GARQ,D5,3,40,38,32,0.0044419765,gdT cells
AACACGTCACCGTTGG-1,GARQ,D5,3,40,38,31,0.030216932,CD56dim CD16bright NK
AACACGTGTCGTTGTA-1,GARQ,D5,3,40,38,29,0.054363966,Neutrophils
AACACGTGTTTAGCTG-1,GARQ,D5,3,40,38,28,0.001057148,CD56dim CD16bright NK
AACCATGAGAGGTAGA-1,GARQ,D5,3,40,38,12,0.0046958923,CD4 naive II
AACCATGAGGCCATAG-1,GARQ,D5,3,40,38,2,0.015146494,CD56dim CD16bright NK
AACCATGTCTGTACGA-1,GARQ,D5,3,40,38,26,0.01672697,CD8 naive
AACCGCGAGGATGGAA-1,GARQ,D5,3,40,38,33,0.011523366,CD56dim CD16bright NK
AACCGCGGTTTGGCGC-1,GARQ,D5,3,40,38,13,0.0075855255,CD56bright CD16dim NK
AACGTTGAGATGTTAG-1,GARQ,D5,3,40,38,19,0.0070133805,CD56dim CD16bright NK
AACGTTGGTGTATGGG-1,GARQ,D5,3,40,38,19,0.018462181,CD56dim CD16bright NK
AACGTTGTCGAGAACG-1,GARQ,D5,3,40,38,26,0.03872609,CD8 naive
AACTCAGAGCTACCTA-1,GARQ,D5,3,40,38,19,0.0076704025,CD56dim CD16bright NK
AACTCAGAGTGATCGG-1,GARQ,D5,3,40,38,5,0.033028364,CD56bright CD16dim NK
AACTCAGCAAAGTCAA-1,GARQ,D5,3,40,38,12,0.03658223,CD8 memory
AACTCAGGTATAATGG-1,GARQ,D5,3,40,38,11,0.014223576,CD56dim CD16bright NK
AACTCAGTCTTTAGTC-1,GARQ,D5,3,40,38,26,0.017378807,CD4 naive II
AACTCCCAGGTGCACA-1,GARQ,D5,3,40,38,19,0.009963393,CD56dim CD16bright NK
AACTCCCGTTAAAGTG-1,GARQ,D5,3,40,38,31,0.01639998,CD56dim CD16bright NK
AACTCTTAGAATGTTG-1,GARQ,D5,3,40,38,29,0.07150221,Classical monocytes
AACTCTTAGCGCCTCA-1,GARQ,D5,3,40,38,16,0.009702921,CD4 memory
AACTCTTAGTGGACGT-1,GARQ,D5,3,40,38,19,0.014774919,CD8 effector
AACTCTTCAAGCGAGT-1,GARQ,D5,3,40,38,10,0.056027174,Classical monocytes
AACTCTTCATCACAAC-1,GARQ,D5,3,40,38,39,0.026711702,CD56dim CD16bright NK
AACTCTTCATCACGAT-1,GARQ,D5,3,40,38,5,0.008338451,CD8 effector
AACTCTTGTCAGGACA-1,GARQ,D5,3,40,38,19,0.00950563,CD56dim CD16bright NK
AACTCTTTCAGCTGGC-1,GARQ,D5,3,40,38,31,0.02969098,CD56dim CD16bright NK
AACTCTTTCTTCGAGA-1,GARQ,D5,3,40,38,12,0.059813976,CD4 memory
AACTGGTCACCACCAG-1,GARQ,D5,3,40,38,34,0.08415604,CD4 naive I
AACTGGTCATCGGTTA-1,GARQ,D5,3,40,38,34,0.16192079,CD8 naive
AACTGGTTCGCGGATC-1,GARQ,D5,3,40,38,6,0.001636982,CD4 naive I
AACTGGTTCGCTGATA-1,GARQ,D5,3,40,38,29,0.0010762215,Platelet-bound monocytes
AACTTTCCAGGTCCAC-1,GARQ,D5,3,40,38,20,0.01756382,CD4 memory
AACTTTCCATCTCCCA-1,GARQ,D5,3,40,38,31,0.03177786,CD56dim CD16bright NK
AACTTTCTCGCGATCG-1,GARQ,D5,3,40,38,12,0.015662193,CD4 memory
AAGACCTCACCCATTC-1,GARQ,D5,3,40,38,29,0.032538295,Platelet-bound monocytes
AAGACCTTCGTTTATC-1,GARQ,D5,3,40,38,15,0.0046287775,CD8 memory
AAGCCGCCAAGCCGCT-1,GARQ,D5,3,40,38,29,0.025148869,conventional DC
AAGCCGCCACGTCAGC-1,GARQ,D5,3,40,38,26,0.06535363,CD4 naive I
AAGGAGCAGACCTTTG-1,GARQ,D5,3,40,38,26,0.052992582,CD4 naive I
AAGGAGCAGACTTGAA-1,GARQ,D5,3,40,38,5,0.0041093826,CD56dim CD16bright NK
AAGGAGCAGCGTGAAC-1,GARQ,D5,3,40,38,19,0.011040926,CD56dim CD16bright NK
AAGGAGCCAAGCTGAG-1,GARQ,D5,3,40,38,24,0.048120737,NK-monocyte doublets
AAGGCAGAGTACATGA-1,GARQ,D5,3,40,38,9,0.022441149,Naive B
AAGGCAGCACCGTTGG-1,GARQ,D5,3,40,38,21,0.06314695,CD4 memory
AAGGCAGCACTAAGTC-1,GARQ,D5,3,40,38,12,0.09364319,CD8 memory
AAGGCAGCATCAGTCA-1,GARQ,D5,3,40,38,11,0.041500688,CD8 effector
AAGGCAGTCGTACGGC-1,GARQ,D5,3,40,38,29,0.052735448,Classical monocytes
AAGGCAGTCGTAGATC-1,GARQ,D5,3,40,38,32,0.062032104,CD8 memory
AAGGCAGTCGTTTATC-1,GARQ,D5,3,40,38,12,0.003805399,CD8 memory
AAGGTTCTCTTGCATT-1,GARQ,D5,3,40,38,34,0.084472895,CD4 naive I
AAGTCTGAGATATGCA-1,GARQ,D5,3,40,38,28,0.012542129,CD56dim CD16bright NK
AATCCAGAGCTCAACT-1,GARQ,D5,3,40,38,19,0.010844946,CD56dim CD16bright NK
AATCCAGAGTCATCCA-1,GARQ,D5,3,40,38,8,0.02981186,CD8 effector
AATCCAGCACATTCGA-1,GARQ,D5,3,40,38,16,0.033069372,Regulatory T cells
AATCCAGGTCGCGAAA-1,GARQ,D5,3,40,38,30,0.22034353,Erythroid 
AATCGGTAGGCAGTCA-1,GARQ,D5,3,40,38,29,0.12775707,Neutrophils
AATCGGTCACACGCTG-1,GARQ,D5,3,40,38,16,0.10592806,CD4 and CD8 activated memory
AATCGGTCATAAAGGT-1,GARQ,D5,3,40,38,12,0.0028235316,CD4 memory
AATCGGTGTCCGACGT-1,GARQ,D5,3,40,38,24,0.06886625,NK-monocyte doublets
AATCGGTGTCTGGAGA-1,GARQ,D5,3,40,38,10,0.003507018,Classical monocytes
AATCGGTTCTGGAGCC-1,GARQ,D5,3,40,38,12,0.0893538,CD8 memory
ACACCAAAGGATGGAA-1,GARQ,D5,3,40,38,12,0.0050798655,CD4 memory
ACACCAAAGTCATCCA-1,GARQ,D5,3,40,38,10,0.027064562,Classical monocytes
ACACCAACAAAGGAAG-1,GARQ,D5,3,40,38,29,0.17510808,Classical monocytes
ACACCAACACACGCTG-1,GARQ,D5,3,40,38,16,0.048109055,MAIT-NKT cells
ACACCAATCACCGGGT-1,GARQ,D5,3,40,38,26,0.020552158,CD4 naive I
ACACCAATCCGAAGAG-1,GARQ,D5,3,40,38,26,0.09917843,CD4 memory
ACACCAATCTCGGACG-1,GARQ,D5,3,40,38,3,0.12256312,Naive B
ACACCCTGTCCGCTGA-1,GARQ,D5,3,40,38,29,0.07193172,plasmacytoid DC
ACACCCTTCATTGCGA-1,GARQ,D5,3,40,38,3,0.033069372,Naive B
ACACCCTTCGTACGGC-1,GARQ,D5,3,40,38,34,0.10830736,CD8 naive
ACACCGGGTACATCCA-1,GARQ,D5,3,40,38,3,0.025217652,Naive B
ACACCGGGTTGGGACA-1,GARQ,D5,3,40,38,26,0.0025501251,CD4 naive I
ACACCGGTCACGCGGT-1,GARQ,D5,3,40,38,29,0.09377527,Platelet-bound monocytes
ACACCGGTCTTGTCAT-1,GARQ,D5,3,40,38,29,0.04204905,Classical monocytes
ACACTGAAGACGCACA-1,GARQ,D5,3,40,38,25,0.0428313,gdT cells
ACACTGAAGACTTGAA-1,GARQ,D5,3,40,38,0,0.022920609,CD56dim CD16bright NK
ACACTGAAGGGATACC-1,GARQ,D5,3,40,38,30,0.2588408,Erythroid 
ACACTGACACTGTGTA-1,GARQ,D5,3,40,38,29,0.11182666,Classical monocytes
ACAGCCGAGGCTCATT-1,GARQ,D5,3,40,38,29,0.15228653,Platelet-bound monocytes
ACAGCCGCACGTCTCT-1,GARQ,D5,3,40,38,12,0.007224083,CD4 memory
ACAGCCGCATCCCACT-1,GARQ,D5,3,40,38,29,0.12678206,Classical monocytes
ACAGCCGTCAAGGCTT-1,GARQ,D5,3,40,38,34,0.004458189,CD4 memory
ACAGCCGTCTCTGCTG-1,GARQ,D5,3,40,38,11,0.02613622,Platelet-T cell doublets
ACAGCTAAGGACAGCT-1,GARQ,D5,3,40,38,19,0.013450623,CD56dim CD16bright NK
ACAGCTACAAGCGCTC-1,GARQ,D5,3,40,38,34,0.0347324,Regulatory T cells
ACAGCTACAGGCGATA-1,GARQ,D5,3,40,38,9,0.041610897,T-NK-B cell doublets
ACAGCTAGTCAAGCGA-1,GARQ,D5,3,40,38,19,0.010090351,CD56dim CD16bright NK
ACAGCTATCCTATGTT-1,GARQ,D5,3,40,38,10,0.012000918,Non classical monocytes
ACATACGAGCAATCTC-1,GARQ,D5,3,40,38,29,0.08594751,Neutrophils
ACATACGAGGGCATGT-1,GARQ,D5,3,40,38,19,0.014484525,CD56dim CD16bright NK
ACATACGAGTTCGATC-1,GARQ,D5,3,40,38,3,0.044275522,Naive B
ACATACGCAATGGTCT-1,GARQ,D5,3,40,38,12,0.036323547,MAIT-NKT cells
ACATACGCATTGGCGC-1,GARQ,D5,3,40,38,16,0.03926134,CD4 and CD8 activated memory
ACATACGGTACTCTCC-1,GARQ,D5,3,40,38,19,0.011924624,CD56dim CD16bright NK
ACATACGTCTCCCTGA-1,GARQ,D5,3,40,38,12,0.006300688,MAIT-NKT cells
ACATCAGCAACGCACC-1,GARQ,D5,3,40,38,29,0.013870239,Classical monocytes
ACATCAGCACAACGTT-1,GARQ,D5,3,40,38,19,0.00866735,CD56dim CD16bright NK
ACATCAGCACCAGCAC-1,GARQ,D5,3,40,38,3,0.030859947,Naive B
ACATCAGGTCTTTCAT-1,GARQ,D5,3,40,38,29,0.069963574,Neutrophils
ACATCAGGTGATGTGG-1,GARQ,D5,3,40,38,10,0.06328535,Non classical monocytes
ACATCAGGTGCTTCTC-1,GARQ,D5,3,40,38,29,0.038496137,Classical monocytes
ACATCAGTCCCTAACC-1,GARQ,D5,3,40,38,26,0.05687678,CD4 naive I
ACATCAGTCGCCGTGA-1,GARQ,D5,3,40,38,24,0.04646957,NK-monocyte doublets
ACATCAGTCGCGGATC-1,GARQ,D5,3,40,38,24,0.0055389404,Platelet-bound monocytes
ACATCAGTCTGCCCTA-1,GARQ,D5,3,40,38,9,0.030624747,Naive B
ACCAGTAAGAGTTGGC-1,GARQ,D5,3,40,38,28,0.0033056736,CD56dim CD16bright NK
ACCAGTAAGATGTCGG-1,GARQ,D5,3,40,38,19,0.010370493,CD56dim CD16bright NK
ACCAGTAAGCCACCTG-1,GARQ,D5,3,40,38,19,0.009877443,CD56dim CD16bright NK
ACCAGTAAGGGATCTG-1,GARQ,D5,3,40,38,38,0.03335625,CD8 effector
ACCAGTAGTGCTCTTC-1,GARQ,D5,3,40,38,19,0.013700366,CD56dim CD16bright NK
ACCAGTAGTTCGCGAC-1,GARQ,D5,3,40,38,7,0.28144026,T-NK-B cell doublets
ACCAGTATCGCCTGTT-1,GARQ,D5,3,40,38,29,0.14314592,Non classical monocytes
ACCCACTAGCGTGAAC-1,GARQ,D5,3,40,38,34,0.059943616,Regulatory T cells
ACCCACTAGTTAACGA-1,GARQ,D5,3,40,38,29,0.033480763,Non classical monocytes
ACCCACTCACCAGGTC-1,GARQ,D5,3,40,38,3,0.08663404,Naive B
ACCCACTGTAATAGCA-1,GARQ,D5,3,40,38,29,0.087130904,Neutrophils
ACCCACTGTCTCTTTA-1,GARQ,D5,3,40,38,12,0.030788183,CD4 memory
ACCCACTTCGAATGCT-1,GARQ,D5,3,40,38,34,0.061999857,CD4 naive I
ACCGTAAAGCCAGGAT-1,GARQ,D5,3,40,38,34,0.034906387,CD8 naive
ACCGTAACACACGCTG-1,GARQ,D5,3,40,38,15,0.078199744,MAIT-NKT cells
ACCGTAACACTCAGGC-1,GARQ,D5,3,40,38,34,0.028298497,CD4 memory
ACCGTAACAGTAAGAT-1,GARQ,D5,3,40,38,22,0.036411762,CD56dim CD16bright NK
ACCGTAAGTAGTAGTA-1,GARQ,D5,3,40,38,27,0.17102695,CD56dim CD16bright NK
ACCGTAAGTTACGCGC-1,GARQ,D5,3,40,38,19,0.013036966,CD56dim CD16bright NK
ACCGTAAGTTCCACAA-1,GARQ,D5,3,40,38,34,0.05086565,CD8 memory
ACCGTAATCTCAACTT-1,GARQ,D5,3,40,38,11,0.0037448406,CD56dim CD16bright NK
ACGAGCCGTCGGCACT-1,GARQ,D5,3,40,38,26,0.056037784,CD4 naive I
ACGAGCCGTCTCACCT-1,GARQ,D5,3,40,38,34,0.20460403,CD4 naive I
ACGAGCCGTCTGATCA-1,GARQ,D5,3,40,38,19,0.009898901,CD56dim CD16bright NK
ACGAGCCTCTCCTATA-1,GARQ,D5,3,40,38,28,0.05469358,CD56dim CD16bright NK
ACGAGCCTCTTCAACT-1,GARQ,D5,3,40,38,16,0.10877514,CD4 memory
ACGAGGAAGACGCACA-1,GARQ,D5,3,40,38,10,0.00049591064,Classical monocytes
ACGAGGAGTGATGATA-1,GARQ,D5,3,40,38,13,0.09600067,NK-T doublets
ACGAGGATCAGCCTAA-1,GARQ,D5,3,40,38,29,0.045895576,Classical monocytes
ACGATACGTAATCGTC-1,GARQ,D5,3,40,38,12,0.07295072,CD8 memory
ACGATACGTTTCGCTC-1,GARQ,D5,3,40,38,34,0.02529335,CD4 naive I
ACGATACTCAGATAAG-1,GARQ,D5,3,40,38,26,0.024179518,CD4 naive II
ACGATGTAGAGTGAGA-1,GARQ,D5,3,40,38,26,0.007904053,CD8 naive
ACGATGTCACCCAGTG-1,GARQ,D5,3,40,38,34,0.13532525,CD4 memory
ACGATGTTCACCTTAT-1,GARQ,D5,3,40,38,16,0.0022184849,MAIT-NKT cells
ACGCAGCGTCGAGTTT-1,GARQ,D5,3,40,38,29,0.008388519,Neutrophils
ACGCAGCTCGGCGGTT-1,GARQ,D5,3,40,38,12,0.036791325,CD8 memory
ACGCCAGAGTAATCCC-1,GARQ,D5,3,40,38,29,0.018006802,Neutrophils
ACGCCAGCAGCCTTTC-1,GARQ,D5,3,40,38,38,0.0012794733,CD8 effector
ACGCCAGTCTTATCTG-1,GARQ,D5,3,40,38,29,0.12530327,Neutrophils
ACGCCGAAGACACGAC-1,GARQ,D5,3,40,38,5,0.011365175,CD8 effector
ACGCCGAAGAGTAAGG-1,GARQ,D5,3,40,38,28,0.036910295,CD56dim CD16bright NK
ACGCCGAAGATGTTAG-1,GARQ,D5,3,40,38,26,0.03230393,Regulatory T cells
ACGCCGAAGGCAGTCA-1,GARQ,D5,3,40,38,5,0.039482355,CD8 effector
ACGCCGACAAAGCAAT-1,GARQ,D5,3,40,38,10,0.033456683,Classical monocytes
ACGCCGAGTCGGGTCT-1,GARQ,D5,3,40,38,29,0.049955368,Neutrophils
ACGCCGAGTGTGAAAT-1,GARQ,D5,3,40,38,29,0.08573353,Classical monocytes
ACGCCGAGTTACGTCA-1,GARQ,D5,3,40,38,34,0.06412542,CD4 naive I
ACGCCGATCCTGCTTG-1,GARQ,D5,3,40,38,5,0.018211722,CD8 effector
ACGCCGATCGGAGGTA-1,GARQ,D5,3,40,38,30,0.17790103,CD4 and CD8 activated memory
ACGGAGAAGTCCATAC-1,GARQ,D5,3,40,38,30,0.22066116,Erythroid 
ACGGAGACACAGGCCT-1,GARQ,D5,3,40,38,26,0.106333256,CD8 naive
ACGGAGACACCAGCAC-1,GARQ,D5,3,40,38,12,0.043648005,CD4 memory
ACGGAGACATCTCCCA-1,GARQ,D5,3,40,38,19,0.0092532635,CD56dim CD16bright NK
ACGGAGAGTTTAGCTG-1,GARQ,D5,3,40,38,29,0.04129386,Platelet-bound monocytes
ACGGAGATCAGTCAGT-1,GARQ,D5,3,40,38,39,0.0011782646,CD8 effector
ACGGAGATCCGTACAA-1,GARQ,D5,3,40,38,7,0.30188257,T-NK-B cell doublets
ACGGAGATCTTAGCCC-1,GARQ,D5,3,40,38,29,0.14518976,Classical monocytes
ACGGCCACAACAACCT-1,GARQ,D5,3,40,38,11,0.016884089,CD56dim CD16bright NK
ACGGCCACAAGACACG-1,GARQ,D5,3,40,38,34,0.09041381,CD8 naive
ACGGCCACAATCGGTT-1,GARQ,D5,3,40,38,24,0.061480045,NK-monocyte doublets
ACGGCCATCCTAAGTG-1,GARQ,D5,3,40,38,5,0.006442964,MAIT-NKT cells
ACGGGCTAGGAACTGC-1,GARQ,D5,3,40,38,31,0.18163937,NK-monocyte doublets
ACGGGCTAGTACTTGC-1,GARQ,D5,3,40,38,3,0.030082345,T-NK-B cell doublets
ACGGGCTTCTTTACAC-1,GARQ,D5,3,40,38,16,0.1141336,Regulatory T cells
ACGGGTCCATGCCCGA-1,GARQ,D5,3,40,38,26,0.025943756,CD4 memory
ACGGGTCGTTTGTGTG-1,GARQ,D5,3,40,38,3,0.08725417,Naive B
ACGGGTCTCAATACCG-1,GARQ,D5,3,40,38,21,0.09548247,CD8 naive
ACGTCAAAGACTAAGT-1,GARQ,D5,3,40,38,29,0.08016598,Classical monocytes
ACGTCAACAACTTGAC-1,GARQ,D5,3,40,38,16,0.056417465,CD4 memory
ACGTCAAGTGAACCTT-1,GARQ,D5,3,40,38,12,0.0762918,CD8 memory
ACGTCAATCTCGTTTA-1,GARQ,D5,3,40,38,34,0.13158679,CD4 naive II
ACTATCTAGGCATGGT-1,GARQ,D5,3,40,38,28,0.059417248,CD56dim CD16bright NK
ACTATCTAGGTGTGGT-1,GARQ,D5,3,40,38,3,0.05677426,Naive B
ACTATCTGTTGTTTGG-1,GARQ,D5,3,40,38,24,0.004237294,Classical monocytes
ACTGAACCACCTATCC-1,GARQ,D5,3,40,38,26,0.068802476,CD4 memory
ACTGAACTCCTAGAAC-1,GARQ,D5,3,40,38,21,0.019155264,CD4 memory
ACTGAGTGTTCGTCTC-1,GARQ,D5,3,40,38,19,0.016311288,CD56dim CD16bright NK
ACTGATGAGGATGCGT-1,GARQ,D5,3,40,38,12,0.016870618,CD4 memory
ACTGATGCACGTCAGC-1,GARQ,D5,3,40,38,34,0.018231392,CD4 naive I
ACTGATGCAGCATGAG-1,GARQ,D5,3,40,38,19,0.009824872,CD56dim CD16bright NK
ACTGATGTCGATCCCT-1,GARQ,D5,3,40,38,26,0.010772705,CD4 memory
ACTGCTCGTTTGGGCC-1,GARQ,D5,3,40,38,4,0.042945802,Plasma cells
ACTGCTCTCCAGTATG-1,GARQ,D5,3,40,38,5,0.024017692,NK-T doublets
ACTGTCCAGCGTGTCC-1,GARQ,D5,3,40,38,29,0.16417694,Platelet-bound monocytes
ACTGTCCCATGTTGAC-1,GARQ,D5,3,40,38,29,0.10068822,Neutrophils
ACTTACTAGGTAAACT-1,GARQ,D5,3,40,38,34,0.02595818,CD8 naive
ACTTACTGTCATGCCG-1,GARQ,D5,3,40,38,6,0.008340001,CD4 naive I
ACTTACTGTCTCGTTC-1,GARQ,D5,3,40,38,5,0.078176975,CD56dim CD16bright NK
ACTTACTGTTCGGGCT-1,GARQ,D5,3,40,38,39,0.09752834,CD8 effector
ACTTGTTAGATGTAAC-1,GARQ,D5,3,40,38,19,0.012696147,CD56dim CD16bright NK
ACTTGTTCAAGCGATG-1,GARQ,D5,3,40,38,5,0.08518922,CD8 memory
ACTTTCACAAGCCGCT-1,GARQ,D5,3,40,38,29,0.10931659,Classical monocytes
ACTTTCATCACTATTC-1,GARQ,D5,3,40,38,2,0.015546918,CD56dim CD16bright NK
AGAATAGAGGAGCGTT-1,GARQ,D5,3,40,38,28,0.05144286,CD56dim CD16bright NK
AGAATAGAGTTTCCTT-1,GARQ,D5,3,40,38,26,0.016400099,CD4 memory
AGAATAGGTAAACACA-1,GARQ,D5,3,40,38,3,0.11423683,Naive B
AGAATAGTCTCCCTGA-1,GARQ,D5,3,40,38,29,0.034337044,Platelet-bound monocytes
AGACGTTAGCTAGTTC-1,GARQ,D5,3,40,38,10,0.13724732,Non classical monocytes
AGACGTTCAAGCGCTC-1,GARQ,D5,3,40,38,28,0.0055764914,CD56dim CD16bright NK
AGACGTTCAGGAACGT-1,GARQ,D5,3,40,38,3,0.036878824,Naive B
AGACGTTCATCAGTCA-1,GARQ,D5,3,40,38,9,0.0024216175,Naive B
AGACGTTGTGTTAAGA-1,GARQ,D5,3,40,38,19,0.010429382,CD56dim CD16bright NK
AGAGCGAAGCCAGAAC-1,GARQ,D5,3,40,38,19,0.012425661,CD8 effector
AGAGCGACAAAGCAAT-1,GARQ,D5,3,40,38,19,0.008476973,CD56dim CD16bright NK
AGAGCGACAAGCGAGT-1,GARQ,D5,3,40,38,34,0.03263533,CD4 naive I
AGAGCTTTCACAACGT-1,GARQ,D5,3,40,38,0,0.029146671,CD56dim CD16bright NK
AGAGTGGAGTGAAGAG-1,GARQ,D5,3,40,38,26,0.043092012,CD4 memory
AGAGTGGAGTGATCGG-1,GARQ,D5,3,40,38,29,0.19547272,plasmacytoid DC
AGAGTGGGTTGGTAAA-1,GARQ,D5,3,40,38,26,0.04247248,CD4 memory
AGAGTGGTCAACGGCC-1,GARQ,D5,3,40,38,26,0.025382996,CD4 memory
AGATCTGAGATAGTCA-1,GARQ,D5,3,40,38,31,0.035328627,CD56dim CD16bright NK
AGATCTGAGTACGCGA-1,GARQ,D5,3,40,38,31,0.025614023,CD56dim CD16bright NK
AGATCTGAGTCCGGTC-1,GARQ,D5,3,40,38,10,0.18867111,Non classical monocytes
AGATCTGAGTCGATAA-1,GARQ,D5,3,40,38,12,0.078382015,CD8 memory
AGATCTGCACCTCGTT-1,GARQ,D5,3,40,38,34,0.11803341,CD4 naive I
AGATCTGGTAGTGAAT-1,GARQ,D5,3,40,38,19,0.00681901,CD56dim CD16bright NK
AGATCTGTCACCGGGT-1,GARQ,D5,3,40,38,12,0.010238409,MAIT-NKT cells
AGATTGCAGCTAACTC-1,GARQ,D5,3,40,38,31,0.0011463165,CD56dim CD16bright NK
AGATTGCGTCCGAACC-1,GARQ,D5,3,40,38,34,0.13402915,CD8 naive
AGATTGCTCAGGCAAG-1,GARQ,D5,3,40,38,5,0.13353503,CD8 effector
AGATTGCTCGGAAATA-1,GARQ,D5,3,40,38,9,0.13589501,T-NK-B cell doublets
AGCAGCCAGATCCGAG-1,GARQ,D5,3,40,38,26,0.03345561,CD4 naive II
AGCAGCCAGTCGAGTG-1,GARQ,D5,3,40,38,6,0.07542968,CD4 naive II
AGCAGCCCACACCGAC-1,GARQ,D5,3,40,38,39,0.010692716,Proliferating T and NK cell
AGCAGCCCACATCCGG-1,GARQ,D5,3,40,38,26,0.03468144,CD4 memory
AGCAGCCCACCAGCAC-1,GARQ,D5,3,40,38,16,0.047168136,MAIT-NKT cells
AGCAGCCCACCGATAT-1,GARQ,D5,3,40,38,3,0.021219015,Memory B
AGCAGCCTCAAGATCC-1,GARQ,D5,3,40,38,29,0.19433612,plasmacytoid DC
AGCAGCCTCACTATTC-1,GARQ,D5,3,40,38,29,0.08336854,Neutrophils
AGCAGCCTCTGGTATG-1,GARQ,D5,3,40,38,34,0.042710543,CD4 naive I
AGCATACAGCGCTCCA-1,GARQ,D5,3,40,38,6,0.012457848,CD4 naive I
AGCATACCAGACGCAA-1,GARQ,D5,3,40,38,34,0.04152751,CD8 naive
AGCATACGTCTCCATC-1,GARQ,D5,3,40,38,20,0.011932969,CD4 naive I
AGCCTAAAGCTGCCCA-1,GARQ,D5,3,40,38,30,0.008362293,CD4 memory
AGCCTAAAGTGGGATC-1,GARQ,D5,3,40,38,31,0.0039248466,CD56dim CD16bright NK
AGCCTAACAAATTGCC-1,GARQ,D5,3,40,38,3,0.025154829,Memory B
AGCCTAACAGTATGCT-1,GARQ,D5,3,40,38,16,0.09129977,MAIT-NKT cells
AGCCTAACATCAGTCA-1,GARQ,D5,3,40,38,29,0.15861857,Platelet-bound monocytes
AGCCTAACATTTCACT-1,GARQ,D5,3,40,38,3,0.00090897083,Naive B
AGCCTAAGTAACGCGA-1,GARQ,D5,3,40,38,29,0.0115811825,Classical monocytes
AGCCTAAGTCGCGTGT-1,GARQ,D5,3,40,38,19,0.007055402,CD56dim CD16bright NK
AGCCTAAGTGACCAAG-1,GARQ,D5,3,40,38,16,0.003529191,MAIT-NKT cells
AGCCTAATCGCCAGCA-1,GARQ,D5,3,40,38,29,0.06152749,Platelet-bound monocytes
AGCGGTCAGCACGCCT-1,GARQ,D5,3,40,38,19,0.015775204,CD56dim CD16bright NK
AGCGGTCAGCAGGTCA-1,GARQ,D5,3,40,38,26,0.012377739,CD4 naive I
AGCGGTCAGGTGATAT-1,GARQ,D5,3,40,38,29,0.0971576,Neutrophils
AGCGGTCCAAACGCGA-1,GARQ,D5,3,40,38,28,0.036274195,CD56dim CD16bright NK
AGCGGTCCAAGACACG-1,GARQ,D5,3,40,38,29,0.043888807,Classical monocytes
AGCGGTCCAAGTTCTG-1,GARQ,D5,3,40,38,34,0.011263013,CD8 memory
AGCGGTCCACGAAAGC-1,GARQ,D5,3,40,38,29,0.26359618,T-NK-B cell doublets
AGCGGTCCACTCGACG-1,GARQ,D5,3,40,38,13,0.03290391,CD8 effector
AGCGGTCGTTCGTTGA-1,GARQ,D5,3,40,38,26,0.0162611,CD4 naive I
AGCGGTCTCCCGGATG-1,GARQ,D5,3,40,38,29,0.035769463,Classical monocytes
AGCGGTCTCTATCCCG-1,GARQ,D5,3,40,38,29,0.051815987,Non classical monocytes
AGCGGTCTCTCAAGTG-1,GARQ,D5,3,40,38,39,0.03469324,CD56dim CD16bright NK
AGCGGTCTCTTGACGA-1,GARQ,D5,3,40,38,30,0.22827196,Erythroid 
AGCGTATCACGGCGTT-1,GARQ,D5,3,40,38,9,0.05214119,T-NK-B cell doublets
AGCGTATCATCCTAGA-1,GARQ,D5,3,40,38,34,0.0649997,CD8 naive
AGCGTCGAGAACAATC-1,GARQ,D5,3,40,38,29,0.08086443,Neutrophils
AGCGTCGGTGTCCTCT-1,GARQ,D5,3,40,38,24,0.0050655603,Neutrophils
AGCGTCGTCATGGTCA-1,GARQ,D5,3,40,38,29,0.05429864,Neutrophils
AGCTCCTAGGATTCGG-1,GARQ,D5,3,40,38,29,0.12410164,plasmacytoid DC
AGCTCCTCAATGAAAC-1,GARQ,D5,3,40,38,12,0.052386403,CD8 memory
AGCTCCTCAATGCCAT-1,GARQ,D5,3,40,38,12,0.012101412,CD4 memory
AGCTCCTCAGGAATGC-1,GARQ,D5,3,40,38,34,0.16573763,CD8 naive
AGCTCCTTCAGTCCCT-1,GARQ,D5,3,40,38,29,0.005305052,Non classical monocytes
AGCTCCTTCTCCGGTT-1,GARQ,D5,3,40,38,26,0.096370816,CD4 memory
AGCTCTCAGATCGATA-1,GARQ,D5,3,40,38,28,0.0122931,CD56dim CD16bright NK
AGCTCTCAGTAGTGCG-1,GARQ,D5,3,40,38,0,0.023134708,CD56dim CD16bright NK
AGCTCTCCAAGCCCAC-1,GARQ,D5,3,40,38,19,0.015277624,CD56dim CD16bright NK
AGCTCTCGTACTTGAC-1,GARQ,D5,3,40,38,19,0.008943677,CD56dim CD16bright NK
AGCTCTCGTCCATGAT-1,GARQ,D5,3,40,38,3,0.05113709,Naive B
AGCTCTCGTGCTTCTC-1,GARQ,D5,3,40,38,3,0.041711926,Memory B
AGCTCTCGTGGTACAG-1,GARQ,D5,3,40,38,10,0.18031955,Non classical monocytes
AGCTTGAAGAGTCGGT-1,GARQ,D5,3,40,38,32,0.047326922,CD8 effector
AGCTTGAAGCTGTCTA-1,GARQ,D5,3,40,38,16,0.01736772,MAIT-NKT cells
AGCTTGAGTCTGATTG-1,GARQ,D5,3,40,38,19,0.010476112,CD56dim CD16bright NK
AGCTTGATCGCCTGTT-1,GARQ,D5,3,40,38,29,0.14973497,T-NK-B cell doublets
AGGCCACGTGTGCCTG-1,GARQ,D5,3,40,38,4,0.08767128,Naive B
AGGCCACTCATTGCGA-1,GARQ,D5,3,40,38,37,0.083673,CD8 memory
AGGCCACTCTTGCAAG-1,GARQ,D5,3,40,38,3,0.118807316,Naive B
AGGCCGTAGAAGCCCA-1,GARQ,D5,3,40,38,13,0.0029776096,NK-T doublets
AGGCCGTCACCAGCAC-1,GARQ,D5,3,40,38,16,0.17624879,MAIT-NKT cells
AGGCCGTCAGGTCGTC-1,GARQ,D5,3,40,38,29,0.09138131,Classical monocytes
AGGGAGTAGACTAGAT-1,GARQ,D5,3,40,38,34,0.12509978,CD8 naive
AGGGAGTTCTGTCTCG-1,GARQ,D5,3,40,38,5,0.05276072,CD56dim CD16bright NK
AGGGAGTTCTTGTCAT-1,GARQ,D5,3,40,38,29,0.045983076,Classical monocytes
AGGGATGAGATGCCAG-1,GARQ,D5,3,40,38,29,0.030533314,Classical monocytes
AGGGATGCACATGACT-1,GARQ,D5,3,40,38,13,0.0700295,NK-T doublets
AGGGTGAAGATGTAAC-1,GARQ,D5,3,40,38,29,0.17724895,Classical monocytes
AGGGTGAGTCTGCGGT-1,GARQ,D5,3,40,38,10,0.047305226,Non classical monocytes
AGGGTGAGTGGCCCTA-1,GARQ,D5,3,40,38,3,0.11096966,Memory B
AGGTCATGTAAGGGAA-1,GARQ,D5,3,40,38,29,0.07803011,Classical monocytes
AGGTCATTCAGGCGAA-1,GARQ,D5,3,40,38,19,0.010231018,CD56dim CD16bright NK
AGGTCATTCCGAACGC-1,GARQ,D5,3,40,38,29,0.11441326,Classical monocytes
AGGTCCGAGATCCTGT-1,GARQ,D5,3,40,38,29,0.0049562454,Neutrophils
AGGTCCGAGCAGGCTA-1,GARQ,D5,3,40,38,38,0.02986443,CD8 effector
AGGTCCGGTTAAAGTG-1,GARQ,D5,3,40,38,12,0.042422295,MAIT-NKT cells
AGGTCCGTCATGTGGT-1,GARQ,D5,3,40,38,31,0.13490272,Non classical monocytes
AGGTCCGTCCCATTAT-1,GARQ,D5,3,40,38,19,0.011820078,CD56dim CD16bright NK
AGTAGTCAGAATGTTG-1,GARQ,D5,3,40,38,19,0.03519869,CD56dim CD16bright NK
AGTAGTCCACCAGATT-1,GARQ,D5,3,40,38,12,0.0602417,MAIT-NKT cells
AGTAGTCCACCAGTTA-1,GARQ,D5,3,40,38,29,0.12936306,Non classical monocytes
AGTAGTCGTCTAAACC-1,GARQ,D5,3,40,38,12,0.057380915,MAIT-NKT cells
AGTAGTCTCGGCCGAT-1,GARQ,D5,3,40,38,9,0.058787704,Plasma cells
AGTCTTTCAATAGCAA-1,GARQ,D5,3,40,38,29,0.030383706,Neutrophils
AGTCTTTCACGGCCAT-1,GARQ,D5,3,40,38,10,0.1244154,Non classical monocytes
AGTCTTTCAGTCTTCC-1,GARQ,D5,3,40,38,16,0.06549597,CD4 memory
AGTCTTTGTAAGTGGC-1,GARQ,D5,3,40,38,19,0.012483835,CD56dim CD16bright NK
AGTCTTTGTTACCGAT-1,GARQ,D5,3,40,38,8,0.01947546,CD56dim CD16bright NK
AGTCTTTGTTGGGACA-1,GARQ,D5,3,40,38,29,0.07247996,conventional DC
AGTGAGGAGGCTAGCA-1,GARQ,D5,3,40,38,34,0.13139153,CD4 naive I
AGTGAGGAGGGAAACA-1,GARQ,D5,3,40,38,26,0.07079768,CD4 memory
AGTGAGGAGGTTACCT-1,GARQ,D5,3,40,38,12,0.002167821,MAIT-NKT cells
AGTGAGGCAAAGTGCG-1,GARQ,D5,3,40,38,37,0.0722518,CD8 memory
AGTGAGGCACCACCAG-1,GARQ,D5,3,40,38,16,0.0034914017,CD8 memory
AGTGAGGCAGATGGCA-1,GARQ,D5,3,40,38,19,0.015270472,CD56dim CD16bright NK
AGTGAGGGTAGCGCTC-1,GARQ,D5,3,40,38,5,0.017941713,NK-T doublets
AGTGGGAAGTGTTGAA-1,GARQ,D5,3,40,38,38,0.012115121,CD8 effector
AGTGGGACAGTAGAGC-1,GARQ,D5,3,40,38,31,0.020113468,CD56dim CD16bright NK
AGTGGGAGTAACGCGA-1,GARQ,D5,3,40,38,29,0.09925127,Classical monocytes
AGTGGGAGTAGGCATG-1,GARQ,D5,3,40,38,13,6.592274e-05,NK-T doublets
AGTGGGATCATCATTC-1,GARQ,D5,3,40,38,26,0.0017428398,CD8 memory
AGTGTCAAGAAACCTA-1,GARQ,D5,3,40,38,30,0.3135085,Erythroid 
AGTGTCAAGGTGGGTT-1,GARQ,D5,3,40,38,29,0.06594086,Classical monocytes
AGTGTCAGTGGGTATG-1,GARQ,D5,3,40,38,13,0.004423976,CD56dim CD16bright NK
AGTTGGTAGAGACTAT-1,GARQ,D5,3,40,38,19,0.025602102,CD56dim CD16bright NK
AGTTGGTCACTACAGT-1,GARQ,D5,3,40,38,34,0.08876729,CD8 naive
AGTTGGTCAGTTCCCT-1,GARQ,D5,3,40,38,26,0.054857254,CD8 naive
AGTTGGTGTCATATGC-1,GARQ,D5,3,40,38,9,0.031915426,Plasma cells
AGTTGGTTCTGCCCTA-1,GARQ,D5,3,40,38,19,0.012663007,CD56dim CD16bright NK
ATAACGCCAACCGCCA-1,GARQ,D5,3,40,38,9,0.043020725,T-NK-B cell doublets
ATAACGCGTCGTTGTA-1,GARQ,D5,3,40,38,10,0.0031485558,Neutrophils
ATAAGAGAGTGCGATG-1,GARQ,D5,3,40,38,16,0.03920853,MAIT-NKT cells
ATAAGAGCAACGATCT-1,GARQ,D5,3,40,38,29,0.062805295,Neutrophils
ATAAGAGGTTCGTTGA-1,GARQ,D5,3,40,38,12,0.11210656,MAIT-NKT cells
ATAGACCAGACAGGCT-1,GARQ,D5,3,40,38,32,0.032848954,CD8 effector
ATAGACCAGCAATCTC-1,GARQ,D5,3,40,38,19,0.014508486,CD56dim CD16bright NK
ATAGACCTCAGTCCCT-1,GARQ,D5,3,40,38,34,0.15851092,CD4 naive I
ATCACGACAAGTCATC-1,GARQ,D5,3,40,38,16,0.06991565,CD8 memory
ATCACGACAGACAGGT-1,GARQ,D5,3,40,38,0,0.00569427,CD56dim CD16bright NK
ATCACGACATGGTCTA-1,GARQ,D5,3,40,38,26,0.00043559074,CD4 memory
ATCACGAGTCACTGGC-1,GARQ,D5,3,40,38,3,0.09461498,Memory B
ATCATCTAGAATGTGT-1,GARQ,D5,3,40,38,25,0.114957094,CD56dim CD16bright NK
ATCATGGCAGCGATCC-1,GARQ,D5,3,40,38,11,0.07015395,CD56dim CD16bright NK
ATCATGGCAGGCTGAA-1,GARQ,D5,3,40,38,6,0.09003699,CD4 naive I
ATCATGGTCCCTTGCA-1,GARQ,D5,3,40,38,29,0.10483682,Neutrophils
ATCATGGTCCTTGGTC-1,GARQ,D5,3,40,38,29,0.034293294,Platelet-bound monocytes
ATCATGGTCGTACGGC-1,GARQ,D5,3,40,38,31,0.079209924,CD56dim CD16bright NK
ATCCACCGTTTGTTGG-1,GARQ,D5,3,40,38,19,0.008163571,CD56dim CD16bright NK
ATCGAGTAGAACTCGG-1,GARQ,D5,3,40,38,15,0.014547944,CD4 and CD8 activated memory
ATCGAGTAGCGTAATA-1,GARQ,D5,3,40,38,26,0.027288437,CD8 naive
ATCGAGTAGTTGAGTA-1,GARQ,D5,3,40,38,19,0.009168148,CD56dim CD16bright NK
ATCGAGTCAACACGCC-1,GARQ,D5,3,40,38,9,0.0673151,T-NK-B cell doublets
ATCGAGTTCAGCATGT-1,GARQ,D5,3,40,38,29,0.17907405,Platelet-bound monocytes
ATCGAGTTCCGCGCAA-1,GARQ,D5,3,40,38,12,0.041389704,MAIT-NKT cells
ATCGAGTTCTGGAGCC-1,GARQ,D5,3,40,38,8,0.0031087399,CD8 effector
ATCTACTAGAAGGTGA-1,GARQ,D5,3,40,38,0,0.036423206,CD56dim CD16bright NK
ATCTACTAGCTTATCG-1,GARQ,D5,3,40,38,19,0.0069714785,CD56dim CD16bright NK
ATCTACTAGGTGATTA-1,GARQ,D5,3,40,38,3,0.029229045,Naive B
ATCTACTAGGTGGGTT-1,GARQ,D5,3,40,38,0,0.00090146065,CD56dim CD16bright NK
ATCTACTCACATGGGA-1,GARQ,D5,3,40,38,10,0.023281455,Classical monocytes
ATCTACTCACCGAAAG-1,GARQ,D5,3,40,38,31,0.09438431,CD56dim CD16bright NK
ATCTACTGTGAACCTT-1,GARQ,D5,3,40,38,29,0.083608866,Classical monocytes
ATCTACTGTGAGGGTT-1,GARQ,D5,3,40,38,34,0.117621064,CD8 naive
ATCTGCCAGACAATAC-1,GARQ,D5,3,40,38,29,0.021252394,Platelet-bound monocytes
ATCTGCCAGACCCACC-1,GARQ,D5,3,40,38,34,0.009388924,CD8 naive
ATCTGCCCATGGTTGT-1,GARQ,D5,3,40,38,29,0.11232662,conventional DC
ATCTGCCGTAGCGATG-1,GARQ,D5,3,40,38,26,0.061638117,CD4 memory
ATCTGCCGTTATGCGT-1,GARQ,D5,3,40,38,34,0.11399531,CD8 naive
ATCTGCCTCAAACCGT-1,GARQ,D5,3,40,38,12,0.098104715,CD4 naive I
ATGAGGGCATCACCCT-1,GARQ,D5,3,40,38,12,0.05136323,CD4 memory
ATGAGGGCATGGATGG-1,GARQ,D5,3,40,38,34,0.025720835,CD8 memory
ATGAGGGTCGACGGAA-1,GARQ,D5,3,40,38,33,0.014379978,CD56dim CD16bright NK
ATGCGATCACATTAGC-1,GARQ,D5,3,40,38,12,0.08503997,CD8 memory
ATGCGATCAGGCTCAC-1,GARQ,D5,3,40,38,7,0.27627313,T-NK-B cell doublets
ATGCGATCATTTGCCC-1,GARQ,D5,3,40,38,30,0.11004472,Platelet-T cell doublets
ATGGGAGAGATGGGTC-1,GARQ,D5,3,40,38,31,0.04647553,CD56dim CD16bright NK
ATGGGAGAGCTACCTA-1,GARQ,D5,3,40,38,29,0.08128333,Classical monocytes
ATGGGAGAGGAATGGA-1,GARQ,D5,3,40,38,26,0.042968035,CD4 naive II
ATGGGAGCATGAACCT-1,GARQ,D5,3,40,38,29,0.06650901,Neutrophils
ATGGGAGTCCTATTCA-1,GARQ,D5,3,40,38,16,0.036512733,CD8 effector
ATGGGAGTCCTCTAGC-1,GARQ,D5,3,40,38,3,0.060733795,Naive B
ATGTGTGAGCTCTCGG-1,GARQ,D5,3,40,38,19,0.006655216,CD56dim CD16bright NK
ATGTGTGAGCTGCGAA-1,GARQ,D5,3,40,38,34,0.057792902,CD8 naive
ATGTGTGGTCATGCAT-1,GARQ,D5,3,40,38,19,0.009554505,CD56dim CD16bright NK
ATGTGTGGTCGAATCT-1,GARQ,D5,3,40,38,12,0.046725333,CD4 memory
ATGTGTGGTTACAGAA-1,GARQ,D5,3,40,38,29,0.14960217,Classical monocytes
ATGTGTGTCTACTTAC-1,GARQ,D5,3,40,38,19,0.02081871,CD56dim CD16bright NK
ATTACTCCAAATTGCC-1,GARQ,D5,3,40,38,39,0.028875113,MAIT-NKT cells
ATTATCCAGGAGTCTG-1,GARQ,D5,3,40,38,38,0.024951577,CD8 effector
ATTATCCTCAACCATG-1,GARQ,D5,3,40,38,4,0.048954606,Memory B
ATTATCCTCACCTTAT-1,GARQ,D5,3,40,38,19,0.009910822,CD56dim CD16bright NK
ATTATCCTCCGTCAAA-1,GARQ,D5,3,40,38,3,0.018381596,Naive B
ATTATCCTCTGTCAAG-1,GARQ,D5,3,40,38,16,0.06072271,CD8 effector
ATTCTACCATAGTAAG-1,GARQ,D5,3,40,38,5,0.007400155,NK-T doublets
ATTCTACTCTGTCTAT-1,GARQ,D5,3,40,38,6,0.09700298,CD4 naive II
ATTGGACAGAGGTACC-1,GARQ,D5,3,40,38,28,0.054808974,CD56bright CD16dim NK
ATTGGACTCATAACCG-1,GARQ,D5,3,40,38,20,0.013296127,CD4 naive I
ATTGGTGAGTTAAGTG-1,GARQ,D5,3,40,38,19,0.0124720335,CD56dim CD16bright NK
ATTGGTGGTCCATGAT-1,GARQ,D5,3,40,38,26,0.044125795,CD4 memory
ATTGGTGGTTCCACAA-1,GARQ,D5,3,40,38,29,0.039894223,Classical monocytes
ATTGGTGTCGCAGGCT-1,GARQ,D5,3,40,38,4,0.0050474405,Naive B
ATTGGTGTCTAACTTC-1,GARQ,D5,3,40,38,19,0.011495352,CD56dim CD16bright NK
ATTTCTGAGCGAGAAA-1,GARQ,D5,3,40,38,15,0.044175267,CD4 and CD8 activated memory
ATTTCTGAGGCTACGA-1,GARQ,D5,3,40,38,10,0.023979664,Non classical monocytes
ATTTCTGAGTACGACG-1,GARQ,D5,3,40,38,19,0.01362896,CD56dim CD16bright NK
ATTTCTGCACGGCTAC-1,GARQ,D5,3,40,38,34,0.008084655,CD4 naive II
ATTTCTGGTCAGAATA-1,GARQ,D5,3,40,38,12,0.054519415,CD8 memory
ATTTCTGGTCGCGGTT-1,GARQ,D5,3,40,38,9,0.0070227385,T-NK-B cell doublets
ATTTCTGGTGACAAAT-1,GARQ,D5,3,40,38,19,0.008432388,CD56dim CD16bright NK
ATTTCTGTCCGATATG-1,GARQ,D5,3,40,38,34,0.0060788393,CD8 naive
ATTTCTGTCGAGAACG-1,GARQ,D5,3,40,38,31,0.04253459,CD56dim CD16bright NK
CAACCAAAGGATATAC-1,GARQ,D5,3,40,38,29,0.24552691,T-NK-B cell doublets
CAACCAAAGGGCTTCC-1,GARQ,D5,3,40,38,30,0.21016562,Erythroid 
CAACCAACAACACCCG-1,GARQ,D5,3,40,38,24,0.031668663,Classical monocytes
CAACCAAGTCGACTAT-1,GARQ,D5,3,40,38,13,0.038894057,gdT cells
CAACCAATCAATCTCT-1,GARQ,D5,3,40,38,16,0.11234045,CD4 and CD8 activated memory
CAACCTCAGAGCTATA-1,GARQ,D5,3,40,38,19,0.009636998,CD56bright CD16dim NK
CAACCTCGTATAATGG-1,GARQ,D5,3,40,38,13,0.07294083,NK-T doublets
CAACCTCGTCTAGGTT-1,GARQ,D5,3,40,38,26,0.016662955,CD4 memory
CAACCTCGTGGTCTCG-1,GARQ,D5,3,40,38,19,0.028817654,CD56dim CD16bright NK
CAACCTCTCGGAGGTA-1,GARQ,D5,3,40,38,34,0.040665746,CD4 naive I
CAACTAGCACGGTTTA-1,GARQ,D5,3,40,38,19,0.020135403,CD56dim CD16bright NK
CAACTAGCATTCACTT-1,GARQ,D5,3,40,38,31,0.02121532,CD56dim CD16bright NK
CAACTAGGTCTCCATC-1,GARQ,D5,3,40,38,8,0.039959908,CD8 effector
CAACTAGGTTCAGTAC-1,GARQ,D5,3,40,38,29,0.13242579,T-NK-B cell doublets
CAACTAGGTTTAAGCC-1,GARQ,D5,3,40,38,5,0.10436785,CD56bright CD16dim NK
CAACTAGTCTTCCTTC-1,GARQ,D5,3,40,38,39,0.027597785,CD8 effector
CAAGAAAAGATATACG-1,GARQ,D5,3,40,38,5,0.002718091,CD56dim CD16bright NK
CAAGAAAAGCAGGTCA-1,GARQ,D5,3,40,38,16,0.050471783,MAIT-NKT cells
CAAGAAAAGTGAACAT-1,GARQ,D5,3,40,38,6,0.011767507,CD4 memory
CAAGAAAGTCGAACAG-1,GARQ,D5,3,40,38,5,0.07713628,CD8 effector
CAAGAAATCACGAAGG-1,GARQ,D5,3,40,38,29,0.04741323,Classical monocytes
CAAGAAATCTGCGACG-1,GARQ,D5,3,40,38,29,0.11383033,Neutrophils
CAAGATCAGACTAAGT-1,GARQ,D5,3,40,38,31,0.048311114,Platelets
CAAGATCCAATAGCGG-1,GARQ,D5,3,40,38,29,0.13410544,Platelets
CAAGATCTCGCGCCAA-1,GARQ,D5,3,40,38,19,0.00619781,CD56dim CD16bright NK
CAAGGCCTCCAAGCCG-1,GARQ,D5,3,40,38,29,0.10384321,conventional DC
CAAGGCCTCGACCAGC-1,GARQ,D5,3,40,38,34,0.13014299,CD4 naive I
CAAGTTGAGACCTAGG-1,GARQ,D5,3,40,38,19,0.010664105,CD56dim CD16bright NK
CAAGTTGGTAAACCTC-1,GARQ,D5,3,40,38,5,0.048386574,CD8 effector
CACAAACAGACAGGCT-1,GARQ,D5,3,40,38,19,0.016320705,CD56bright CD16dim NK
CACAAACCATTACCTT-1,GARQ,D5,3,40,38,34,0.12772107,CD8 naive
CACAAACGTGACGGTA-1,GARQ,D5,3,40,38,29,0.007971764,Platelet-bound monocytes
CACAAACTCGGCTACG-1,GARQ,D5,3,40,38,5,0.030491114,CD56dim CD16bright NK
CACACAACAAACGTGG-1,GARQ,D5,3,40,38,12,0.03638351,CD4 memory
CACACAACATCTCCCA-1,GARQ,D5,3,40,38,38,0.00501132,NK-T doublets
CACACAATCATAGCAC-1,GARQ,D5,3,40,38,19,0.011564493,CD56dim CD16bright NK
CACACCTAGACAGAGA-1,GARQ,D5,3,40,38,29,0.2117657,plasmacytoid DC
CACACCTGTATCTGCA-1,GARQ,D5,3,40,38,11,0.1424427,CD56dim CD16bright NK
CACACCTGTGCGATAG-1,GARQ,D5,3,40,38,29,0.14427805,Classical monocytes
CACACCTGTGTTGGGA-1,GARQ,D5,3,40,38,12,0.039189816,MAIT-NKT cells
CACACTCAGAGTCGGT-1,GARQ,D5,3,40,38,34,0.10737109,CD4 naive I
CACACTCCACGGTGTC-1,GARQ,D5,3,40,38,34,0.075805545,CD8 naive
CACACTCCATACGCCG-1,GARQ,D5,3,40,38,29,0.08022523,Classical monocytes
CACACTCGTGATGTCT-1,GARQ,D5,3,40,38,3,0.018864036,Naive B
CACACTCTCTACCAGA-1,GARQ,D5,3,40,38,12,0.021511197,CD4 memory
CACAGGCAGAGCTGCA-1,GARQ,D5,3,40,38,29,0.09086633,Platelet-bound monocytes
CACAGGCCATTTGCCC-1,GARQ,D5,3,40,38,6,0.04020846,CD4 and CD8 activated memory
CACAGTAAGCGTTGCC-1,GARQ,D5,3,40,38,10,0.009051919,Classical monocytes
CACAGTACACAGACAG-1,GARQ,D5,3,40,38,34,0.05475682,CD4 naive I
CACAGTAGTCGAGATG-1,GARQ,D5,3,40,38,26,0.014975309,CD8 naive
CACAGTAGTGTGACCC-1,GARQ,D5,3,40,38,10,0.029197574,Classical monocytes
CACAGTATCATAAAGG-1,GARQ,D5,3,40,38,16,0.048471093,CD4 and CD8 activated memory
CACATAGGTGCACGAA-1,GARQ,D5,3,40,38,20,0.0062975883,CD4 naive I
CACATAGTCAGCTCTC-1,GARQ,D5,3,40,38,12,0.03061676,CD8 memory
CACATAGTCTTACCTA-1,GARQ,D5,3,40,38,28,0.094222724,CD56dim CD16bright NK
CACATTTAGCCAGGAT-1,GARQ,D5,3,40,38,19,0.013719797,gdT cells
CACATTTCATCCAACA-1,GARQ,D5,3,40,38,39,0.0123205185,CD8 effector
CACCACTCACCCATTC-1,GARQ,D5,3,40,38,0,0.041445017,CD56dim CD16bright NK
CACCACTGTTCCCTTG-1,GARQ,D5,3,40,38,10,0.24162114,Non classical monocytes
CACCAGGGTACAAGTA-1,GARQ,D5,3,40,38,34,0.098098755,CD4 naive I
CACCAGGTCAGGCGAA-1,GARQ,D5,3,40,38,34,0.03701222,CD8 naive
CACCTTGAGGCTAGCA-1,GARQ,D5,3,40,38,34,0.031885862,CD4 naive II
CACCTTGAGTATTGGA-1,GARQ,D5,3,40,38,6,0.0056186914,CD4 naive II
CACCTTGCAACTGCGC-1,GARQ,D5,3,40,38,16,0.113061726,MAIT-NKT cells
CACCTTGGTAGTACCT-1,GARQ,D5,3,40,38,15,0.0035887957,CD4 memory
CACCTTGGTGTTTGTG-1,GARQ,D5,3,40,38,31,0.0008661747,CD56dim CD16bright NK
CACTCCACACGCCAGT-1,GARQ,D5,3,40,38,39,0.060246825,CD56dim CD16bright NK
CACTCCAGTATCGCAT-1,GARQ,D5,3,40,38,6,7.915497e-05,Regulatory T cells
CACTCCAGTGGTACAG-1,GARQ,D5,3,40,38,10,0.021506429,Non classical monocytes
CAGAATCCAAGCCGTC-1,GARQ,D5,3,40,38,19,0.007765889,CD56dim CD16bright NK
CAGAATCCATCCTTGC-1,GARQ,D5,3,40,38,34,0.0104596615,CD4 naive I
CAGAATCGTAGCTGCC-1,GARQ,D5,3,40,38,12,0.02697897,CD8 naive
CAGAATCGTCGGCATC-1,GARQ,D5,3,40,38,29,0.047994852,Neutrophils
CAGAATCTCCTCTAGC-1,GARQ,D5,3,40,38,16,0.0014253855,CD4 memory
CAGAGAGCACGACTCG-1,GARQ,D5,3,40,38,39,0.029743195,CD8 effector
CAGAGAGCATGCTGGC-1,GARQ,D5,3,40,38,29,0.01992762,Neutrophils
CAGAGAGGTCTTCTCG-1,GARQ,D5,3,40,38,3,0.07553244,Naive B
CAGAGAGTCACAGTAC-1,GARQ,D5,3,40,38,19,0.011278868,CD56dim CD16bright NK
CAGAGAGTCGGTTAAC-1,GARQ,D5,3,40,38,15,0.0017763376,MAIT-NKT cells
CAGAGAGTCTAACCGA-1,GARQ,D5,3,40,38,17,0.061778426,CD8 naive
CAGAGAGTCTTAGAGC-1,GARQ,D5,3,40,38,32,0.035308838,CD8 effector
CAGATCACATGCATGT-1,GARQ,D5,3,40,38,19,0.015336633,CD56dim CD16bright NK
CAGATCAGTTAAAGAC-1,GARQ,D5,3,40,38,34,0.033084393,CD4 memory
CAGATCAGTTCCTCCA-1,GARQ,D5,3,40,38,19,0.011107922,CD56dim CD16bright NK
CAGCAGCCAGGATTGG-1,GARQ,D5,3,40,38,7,0.34148622,T-NK-B cell doublets
CAGCAGCCATACAGCT-1,GARQ,D5,3,40,38,19,0.0029894114,CD56dim CD16bright NK
CAGCAGCGTTGATTCG-1,GARQ,D5,3,40,38,15,0.08634555,CD4 memory
CAGCAGCTCGAGAGCA-1,GARQ,D5,3,40,38,19,0.014406085,CD56dim CD16bright NK
CAGCATAAGACTACAA-1,GARQ,D5,3,40,38,31,0.02410698,CD56dim CD16bright NK
CAGCATATCCATGCTC-1,GARQ,D5,3,40,38,19,0.009224534,CD56bright CD16dim NK
CAGCCGACACGAAACG-1,GARQ,D5,3,40,38,29,0.056037664,Classical monocytes
CAGCCGACAGTAACGG-1,GARQ,D5,3,40,38,5,0.062734604,CD56dim CD16bright NK
CAGCCGACATTAACCG-1,GARQ,D5,3,40,38,16,0.030639052,CD8 memory
CAGCGACAGCGTGTCC-1,GARQ,D5,3,40,38,29,0.037169456,Classical monocytes
CAGCGACCATGGTTGT-1,GARQ,D5,3,40,38,32,0.017508864,CD4 and CD8 activated memory
CAGCGACGTTCGGGCT-1,GARQ,D5,3,40,38,26,0.015899837,CD4 naive II
CAGCTAACAGGACCCT-1,GARQ,D5,3,40,38,29,0.05494833,Classical monocytes
CAGCTAATCGGTCTAA-1,GARQ,D5,3,40,38,3,0.114694476,Naive B
CAGCTGGAGCCTTGAT-1,GARQ,D5,3,40,38,16,0.0931716,MAIT-NKT cells
CAGCTGGCAAACCTAC-1,GARQ,D5,3,40,38,38,0.0029805899,CD8 memory
CAGCTGGCATGGATGG-1,GARQ,D5,3,40,38,19,0.018257141,CD56dim CD16bright NK
CAGCTGGGTCGGCATC-1,GARQ,D5,3,40,38,16,0.014592648,CD56bright CD16dim NK
CAGCTGGGTTATTCTC-1,GARQ,D5,3,40,38,34,0.03454691,CD4 naive I
CAGGTGCAGACATAAC-1,GARQ,D5,3,40,38,34,0.040540695,CD4 naive I
CAGGTGCCAGGATTGG-1,GARQ,D5,3,40,38,31,0.07467461,CD56dim CD16bright NK
CAGGTGCGTATTACCG-1,GARQ,D5,3,40,38,29,0.050099254,Neutrophils
CAGGTGCGTGCAGGTA-1,GARQ,D5,3,40,38,29,0.035493374,Non classical monocytes
CAGGTGCTCTCTGCTG-1,GARQ,D5,3,40,38,30,0.048502207,CD4 naive II
CAGGTGCTCTGTTTGT-1,GARQ,D5,3,40,38,19,0.013105869,CD56dim CD16bright NK
CAGTAACCAGACAAGC-1,GARQ,D5,3,40,38,29,0.011557221,Classical monocytes
CAGTAACCATGCCTTC-1,GARQ,D5,3,40,38,19,0.011284709,CD56dim CD16bright NK
CAGTCCTCAGCATGAG-1,GARQ,D5,3,40,38,29,0.059894443,Neutrophils
CAGTCCTCATCAGTCA-1,GARQ,D5,3,40,38,34,0.029726267,CD4 naive I
CATATGGGTCGGCACT-1,GARQ,D5,3,40,38,28,0.023348331,CD56bright CD16dim NK
CATATGGTCACAAACC-1,GARQ,D5,3,40,38,15,0.0037186146,MAIT-NKT cells
CATATGGTCCTTTACA-1,GARQ,D5,3,40,38,13,0.24418652,NK-T doublets
CATATTCAGAGTAATC-1,GARQ,D5,3,40,38,9,0.0038069487,Memory B
CATATTCAGGGATCTG-1,GARQ,D5,3,40,38,19,0.011228919,CD56dim CD16bright NK
CATATTCCACGCATCG-1,GARQ,D5,3,40,38,34,0.077881336,CD4 naive I
CATATTCCAGCTGTAT-1,GARQ,D5,3,40,38,31,0.061812162,CD56dim CD16bright NK
CATATTCGTTATCGGT-1,GARQ,D5,3,40,38,12,0.021752834,CD4 memory
CATATTCTCTAACTCT-1,GARQ,D5,3,40,38,29,0.0051038265,Classical monocytes
CATATTCTCTACGAGT-1,GARQ,D5,3,40,38,13,0.08420038,NK-T doublets
CATCAAGAGAGCTGGT-1,GARQ,D5,3,40,38,3,0.03680682,Naive B
CATCAAGGTATATGAG-1,GARQ,D5,3,40,38,26,0.019208789,CD4 memory
CATCAAGGTGTAACGG-1,GARQ,D5,3,40,38,12,0.019979835,CD4 memory
CATCAAGTCTTCGAGA-1,GARQ,D5,3,40,38,34,0.13743925,CD4 naive I
CATCCACAGCCGGTAA-1,GARQ,D5,3,40,38,39,0.0016070604,MAIT-NKT cells
CATCCACAGTACGACG-1,GARQ,D5,3,40,38,31,0.047410727,CD56dim CD16bright NK
CATCCACCAGCTGCAC-1,GARQ,D5,3,40,38,19,0.010294199,CD56dim CD16bright NK
CATCCACCATGCAATC-1,GARQ,D5,3,40,38,34,0.10415125,CD4 naive I
CATCCACGTTCGTCTC-1,GARQ,D5,3,40,38,29,0.14513445,Classical monocytes
CATCCACTCCTATGTT-1,GARQ,D5,3,40,38,16,0.038912654,CD8 memory
CATCGAAAGCACACAG-1,GARQ,D5,3,40,38,19,0.00952363,CD56dim CD16bright NK
CATCGAAAGGACTGGT-1,GARQ,D5,3,40,38,34,0.14516497,CD4 naive I
CATCGAACAGCGTAAG-1,GARQ,D5,3,40,38,12,0.036831856,CD4 memory
CATCGAAGTGTGACCC-1,GARQ,D5,3,40,38,10,0.0105353,Non classical monocytes
CATCGAATCTCGGACG-1,GARQ,D5,3,40,38,15,0.040116906,CD8 memory
CATCGGGCACGCCAGT-1,GARQ,D5,3,40,38,5,0.00899148,CD56dim CD16bright NK
CATCGGGGTATTCTCT-1,GARQ,D5,3,40,38,0,0.046147108,Proliferating T and NK cell
CATCGGGTCCATGCTC-1,GARQ,D5,3,40,38,29,0.024718404,Classical monocytes
CATCGGGTCCTCTAGC-1,GARQ,D5,3,40,38,16,0.05392909,Regulatory T cells
CATGACAAGTACGTTC-1,GARQ,D5,3,40,38,16,0.08774662,CD4 memory
CATGACAAGTGCCAGA-1,GARQ,D5,3,40,38,19,0.007765293,CD8 effector
CATGACAGTATAGTAG-1,GARQ,D5,3,40,38,26,0.004502654,CD8 naive
CATGACAGTGGTGTAG-1,GARQ,D5,3,40,38,19,0.010448933,CD56bright CD16dim NK
CATGACAGTTGGACCC-1,GARQ,D5,3,40,38,12,0.012960017,CD4 memory
CATGACATCAACTCTT-1,GARQ,D5,3,40,38,0,0.08730465,CD56dim CD16bright NK
CATGACATCGGCTTGG-1,GARQ,D5,3,40,38,3,0.09798598,Naive B
CATGCCTAGTACGACG-1,GARQ,D5,3,40,38,10,0.011419177,Platelet-bound monocytes
CATGCCTCAAGGTTTC-1,GARQ,D5,3,40,38,19,0.016267419,CD8 effector
CATGCCTCACGAAATA-1,GARQ,D5,3,40,38,26,0.14312863,CD4 memory
CATGCCTGTAGCTCCG-1,GARQ,D5,3,40,38,5,0.011811376,CD8 effector
CATGCCTGTAGTACCT-1,GARQ,D5,3,40,38,33,0.038567185,CD56dim CD16bright NK
CATGCCTTCAACACAC-1,GARQ,D5,3,40,38,7,0.31962204,T-NK-B cell doublets
CATGCCTTCAACGAAA-1,GARQ,D5,3,40,38,30,0.11385536,plasmacytoid DC
CATGCCTTCACTATTC-1,GARQ,D5,3,40,38,31,0.10723424,CD56dim CD16bright NK
CATGCCTTCTGCAAGT-1,GARQ,D5,3,40,38,16,0.088496685,CD4 memory
CATGGCGAGGGCTCTC-1,GARQ,D5,3,40,38,4,0.028647184,Memory B
CATGGCGGTCTTCAAG-1,GARQ,D5,3,40,38,12,0.035704136,CD8 memory
CATGGCGGTTGTGGCC-1,GARQ,D5,3,40,38,12,0.02932024,CD4 memory
CATTATCCACGAAAGC-1,GARQ,D5,3,40,38,19,0.009266496,CD56dim CD16bright NK
CATTATCCATACGCTA-1,GARQ,D5,3,40,38,12,0.031802177,CD8 memory
CATTATCGTCTGATCA-1,GARQ,D5,3,40,38,19,0.012129426,CD56dim CD16bright NK
CATTCGCGTCCTAGCG-1,GARQ,D5,3,40,38,31,0.040597677,CD56dim CD16bright NK
CCAATCCAGCCCTAAT-1,GARQ,D5,3,40,38,10,0.014561653,Non classical monocytes
CCAATCCCAGCCAGAA-1,GARQ,D5,3,40,38,3,0.11978173,Naive B
CCAATCCCAGGGTATG-1,GARQ,D5,3,40,38,29,0.011582136,Classical monocytes
CCAATCCTCCAAGTAC-1,GARQ,D5,3,40,38,29,0.047192693,Classical monocytes
CCAATCCTCTTGAGAC-1,GARQ,D5,3,40,38,29,0.039015293,Classical monocytes
CCACCTACAGCTTCGG-1,GARQ,D5,3,40,38,30,0.23468494,Erythroid 
CCACCTACATGCCTTC-1,GARQ,D5,3,40,38,19,0.002670288,CD8 effector
CCACCTAGTGATGTCT-1,GARQ,D5,3,40,38,26,0.015520573,CD4 memory
CCACCTAGTGATGTGG-1,GARQ,D5,3,40,38,7,0.2977023,T-NK-B cell doublets
CCACCTAGTTCCTCCA-1,GARQ,D5,3,40,38,12,0.038835645,MAIT-NKT cells
CCACCTATCACAGGCC-1,GARQ,D5,3,40,38,16,0.016962528,CD4 memory
CCACCTATCACATAGC-1,GARQ,D5,3,40,38,0,0.16066504,CD56dim CD16bright NK
CCACGGATCACTTATC-1,GARQ,D5,3,40,38,29,0.050572634,Platelet-bound monocytes
CCACTACAGAGTAAGG-1,GARQ,D5,3,40,38,34,0.051563263,CD4 naive II
CCACTACAGCTCCTCT-1,GARQ,D5,3,40,38,3,0.030954361,Naive B
CCACTACGTGCCTGTG-1,GARQ,D5,3,40,38,29,0.08126688,Neutrophils
CCAGCGACAAGCTGTT-1,GARQ,D5,3,40,38,12,0.05912733,MAIT-NKT cells
CCAGCGACAATAGAGT-1,GARQ,D5,3,40,38,20,0.021750033,CD4 memory
CCAGCGACAATGGACG-1,GARQ,D5,3,40,38,37,0.030853868,MAIT-NKT cells
CCAGCGAGTATTAGCC-1,GARQ,D5,3,40,38,26,0.09902096,CD4 memory
CCAGCGATCGTAGGAG-1,GARQ,D5,3,40,38,31,0.037400365,CD56dim CD16bright NK
CCATGTCAGCTTTGGT-1,GARQ,D5,3,40,38,4,0.06218648,Naive B
CCATGTCGTACAGTTC-1,GARQ,D5,3,40,38,29,0.18436217,Classical monocytes
CCATGTCGTTAAGAAC-1,GARQ,D5,3,40,38,34,0.07958877,CD8 naive
CCATGTCTCCGGCACA-1,GARQ,D5,3,40,38,26,0.08094287,CD4 memory
CCATTCGCACCCAGTG-1,GARQ,D5,3,40,38,16,0.03920722,MAIT-NKT cells
CCATTCGCATTGGGCC-1,GARQ,D5,3,40,38,34,0.08422756,CD4 naive I
CCATTCGGTCAGATAA-1,GARQ,D5,3,40,38,19,0.00982666,CD56dim CD16bright NK
CCCAATCCACGGACAA-1,GARQ,D5,3,40,38,4,0.07644606,Naive B
CCCAATCCACGTAAGG-1,GARQ,D5,3,40,38,29,0.06482077,Classical monocytes
CCCAATCGTCATATGC-1,GARQ,D5,3,40,38,19,0.013986826,gdT cells
CCCAATCGTCTGCAAT-1,GARQ,D5,3,40,38,29,0.036334157,Platelets
CCCAATCGTTTGACTG-1,GARQ,D5,3,40,38,1,0.1398313,MAIT-NKT cells
CCCAGTTTCAAAGACA-1,GARQ,D5,3,40,38,16,0.086509705,MAIT-NKT cells
CCCAGTTTCATAAAGG-1,GARQ,D5,3,40,38,12,0.10260761,CD8 memory
CCCAGTTTCCGCGTTT-1,GARQ,D5,3,40,38,29,0.07173824,Neutrophils
CCCATACCAACTTGAC-1,GARQ,D5,3,40,38,9,0.03229308,Naive B
CCCATACTCGGTGTCG-1,GARQ,D5,3,40,38,38,0.014629602,CD8 effector
CCCTCCTAGCCAACAG-1,GARQ,D5,3,40,38,34,0.08619702,CD4 naive II
CCCTCCTAGGTGTGGT-1,GARQ,D5,3,40,38,4,0.054284334,Naive B
CCCTCCTCAATCACAC-1,GARQ,D5,3,40,38,34,0.005537033,CD4 naive II
CCCTCCTCACGACTCG-1,GARQ,D5,3,40,38,29,0.24043393,T-NK-B cell doublets
CCCTCCTCACTCTGTC-1,GARQ,D5,3,40,38,28,0.0390203,CD56dim CD16bright NK
CCCTCCTGTAAGTGTA-1,GARQ,D5,3,40,38,29,0.03037107,Classical monocytes
CCCTCCTGTAGCTTGT-1,GARQ,D5,3,40,38,19,0.009371281,Proliferating T and NK cell
CCCTCCTGTGAAGGCT-1,GARQ,D5,3,40,38,29,0.05132675,Neutrophils
CCCTCCTGTGATGATA-1,GARQ,D5,3,40,38,29,0.0079,Classical monocytes
CCCTCCTTCAAGAAGT-1,GARQ,D5,3,40,38,29,0.14641452,Classical monocytes
CCCTCCTTCCACGTTC-1,GARQ,D5,3,40,38,3,0.006745219,Naive B
CCGGGATCAGGTCTCG-1,GARQ,D5,3,40,38,19,0.0073866844,CD56dim CD16bright NK
CCGGGATGTTCGAATC-1,GARQ,D5,3,40,38,31,0.052587032,CD56dim CD16bright NK
CCGGTAGAGGAGTTTA-1,GARQ,D5,3,40,38,24,0.012599111,Non classical monocytes
CCGGTAGCAAGTCTGT-1,GARQ,D5,3,40,38,19,0.00907743,CD8 effector
CCGGTAGCACCTTGTC-1,GARQ,D5,3,40,38,31,0.023898482,CD56dim CD16bright NK
CCGGTAGGTCACAAGG-1,GARQ,D5,3,40,38,32,0.07102573,CD8 effector
CCGGTAGTCCGTTGCT-1,GARQ,D5,3,40,38,29,0.048988104,Non classical monocytes
CCGTACTCATATGAGA-1,GARQ,D5,3,40,38,28,0.020883322,CD56dim CD16bright NK
CCGTACTTCAAACCGT-1,GARQ,D5,3,40,38,29,0.092784286,Neutrophils
CCGTACTTCAGTACGT-1,GARQ,D5,3,40,38,26,0.05116737,CD4 naive I
CCGTGGAAGCGTAATA-1,GARQ,D5,3,40,38,6,0.09404445,CD4 naive I
CCGTGGACACATTAGC-1,GARQ,D5,3,40,38,19,0.010014653,CD56dim CD16bright NK
CCGTGGACACCAGCAC-1,GARQ,D5,3,40,38,16,0.14586604,MAIT-NKT cells
CCGTGGAGTCTGATTG-1,GARQ,D5,3,40,38,29,0.09052992,Neutrophils
CCGTGGATCCGCAAGC-1,GARQ,D5,3,40,38,19,0.015493393,CD56dim CD16bright NK
CCGTTCAGTACAGACG-1,GARQ,D5,3,40,38,29,0.03636551,Classical monocytes
CCGTTCAGTGAGTATA-1,GARQ,D5,3,40,38,5,0.004509568,CD56dim CD16bright NK
CCGTTCATCTAAGCCA-1,GARQ,D5,3,40,38,19,0.0037431717,CD56dim CD16bright NK
CCGTTCATCTTGGGTA-1,GARQ,D5,3,40,38,2,0.0915699,CD56dim CD16bright NK
CCTAAAGGTCTAGCCG-1,GARQ,D5,3,40,38,4,0.060196936,Memory B
CCTAAAGGTGAGGGAG-1,GARQ,D5,3,40,38,29,0.059140325,Classical monocytes
CCTAAAGTCCCTAATT-1,GARQ,D5,3,40,38,24,0.008172512,Platelet-bound monocytes
CCTAAAGTCTCGTTTA-1,GARQ,D5,3,40,38,10,0.03387761,Non classical monocytes
CCTACACAGTCACGCC-1,GARQ,D5,3,40,38,29,0.15459561,conventional DC
CCTACACAGTGTCCAT-1,GARQ,D5,3,40,38,3,0.06360495,Memory B
CCTACCAAGAGTGAGA-1,GARQ,D5,3,40,38,19,0.016254902,CD56dim CD16bright NK
CCTACCAAGGAGTTTA-1,GARQ,D5,3,40,38,19,0.0032931566,CD56bright CD16dim NK
CCTACCACACGTGAGA-1,GARQ,D5,3,40,38,0,0.036732912,CD56dim CD16bright NK
CCTACCACATATGAGA-1,GARQ,D5,3,40,38,3,0.016813159,Naive B
CCTACCAGTGGGTATG-1,GARQ,D5,3,40,38,26,0.018571138,CD4 and CD8 activated memory
CCTACCAGTTCAGACT-1,GARQ,D5,3,40,38,26,0.027539968,CD4 memory
CCTACCATCTGGGCCA-1,GARQ,D5,3,40,38,0,0.09467769,CD56dim CD16bright NK
CCTAGCTAGGCGATAC-1,GARQ,D5,3,40,38,31,0.025436282,CD56dim CD16bright NK
CCTAGCTTCAGTTTGG-1,GARQ,D5,3,40,38,29,0.09921992,Classical monocytes
CCTAGCTTCGCTTGTC-1,GARQ,D5,3,40,38,29,0.04955554,Classical monocytes
CCTAGCTTCGTATCAG-1,GARQ,D5,3,40,38,31,0.06967497,CD56dim CD16bright NK
CCTATTAAGCGACGTA-1,GARQ,D5,3,40,38,10,0.06449795,Non classical monocytes
CCTATTATCATCGCTC-1,GARQ,D5,3,40,38,12,0.06629932,MAIT-NKT cells
CCTATTATCTCGAGTA-1,GARQ,D5,3,40,38,34,0.05159247,CD8 memory
CCTCAGTCAGTTCCCT-1,GARQ,D5,3,40,38,26,0.022196054,CD8 memory
CCTCAGTCATGGTAGG-1,GARQ,D5,3,40,38,24,0.082592845,NK-monocyte doublets
CCTCAGTGTCGCATAT-1,GARQ,D5,3,40,38,31,0.0089895725,CD56dim CD16bright NK
CCTCAGTGTTGGTGGA-1,GARQ,D5,3,40,38,5,0.025661469,CD8 effector
CCTCTGAAGCTCTCGG-1,GARQ,D5,3,40,38,31,0.033902466,CD56dim CD16bright NK
CCTCTGAAGGCCGAAT-1,GARQ,D5,3,40,38,19,0.0035885572,CD56dim CD16bright NK
CCTCTGACATGCCTAA-1,GARQ,D5,3,40,38,19,0.010643959,CD56bright CD16dim NK
CCTCTGATCTCTAGGA-1,GARQ,D5,3,40,38,29,0.26771867,T-NK-B cell doublets
CCTTACGCAGACGCAA-1,GARQ,D5,3,40,38,24,0.005721092,Classical monocytes
CCTTACGCATTACGAC-1,GARQ,D5,3,40,38,2,0.02494061,CD56dim CD16bright NK
CCTTACGCATTTGCTT-1,GARQ,D5,3,40,38,6,0.023723006,CD4 and CD8 activated memory
CCTTACGTCATAACCG-1,GARQ,D5,3,40,38,29,0.06239128,Classical monocytes
CCTTACGTCCGATATG-1,GARQ,D5,3,40,38,19,0.01503551,CD56dim CD16bright NK
CCTTCCCAGACTGGGT-1,GARQ,D5,3,40,38,6,0.022950053,CD4 naive I
CCTTCGACATTCACTT-1,GARQ,D5,3,40,38,19,0.00876689,CD56dim CD16bright NK
CCTTCGATCATATCGG-1,GARQ,D5,3,40,38,7,0.2237308,T-NK-B cell doublets
CCTTCGATCATGCATG-1,GARQ,D5,3,40,38,15,0.042240262,MAIT-NKT cells
CCTTCGATCCGTTGCT-1,GARQ,D5,3,40,38,19,0.01036644,CD56dim CD16bright NK
CCTTCGATCGACCAGC-1,GARQ,D5,3,40,38,34,0.13971567,CD4 naive I
CCTTTCTAGGTCATCT-1,GARQ,D5,3,40,38,34,0.08437872,CD4 naive II
CCTTTCTAGTAAGTAC-1,GARQ,D5,3,40,38,16,0.019051075,CD8 memory
CCTTTCTCATGCCTTC-1,GARQ,D5,3,40,38,12,0.088784456,MAIT-NKT cells
CCTTTCTCATTTGCTT-1,GARQ,D5,3,40,38,12,0.0030728579,CD4 memory
CCTTTCTGTGTCCTCT-1,GARQ,D5,3,40,38,5,0.004527569,gdT cells
CCTTTCTTCACTGGGC-1,GARQ,D5,3,40,38,29,0.008791447,Classical monocytes
CCTTTCTTCCGGGTGT-1,GARQ,D5,3,40,38,30,0.27411985,Erythroid 
CCTTTCTTCCTTTCTC-1,GARQ,D5,3,40,38,10,0.013241529,Non classical monocytes
CGAATGTCATGCAATC-1,GARQ,D5,3,40,38,13,0.029739082,CD8 effector
CGAATGTTCACATAGC-1,GARQ,D5,3,40,38,26,0.0005302429,CD4 memory
CGACCTTAGGCCCTTG-1,GARQ,D5,3,40,38,12,0.0049130917,MAIT-NKT cells
CGACCTTCACACCGAC-1,GARQ,D5,3,40,38,31,0.06458318,CD56dim CD16bright NK
CGACCTTCATGGGACA-1,GARQ,D5,3,40,38,10,0.07941353,Non classical monocytes
CGACCTTGTAAGTGGC-1,GARQ,D5,3,40,38,26,0.00380826,CD4 memory
CGACCTTGTAAGTTCC-1,GARQ,D5,3,40,38,4,0.0574041,Plasma cells
CGACCTTTCTCCAACC-1,GARQ,D5,3,40,38,29,0.1489129,Classical monocytes
CGACCTTTCTGTCTCG-1,GARQ,D5,3,40,38,3,0.001229763,Memory B
CGACTTCGTAAGCACG-1,GARQ,D5,3,40,38,16,0.012781382,CD8 effector
CGACTTCTCATCTGCC-1,GARQ,D5,3,40,38,16,0.042192817,MAIT-NKT cells
CGACTTCTCCAGGGCT-1,GARQ,D5,3,40,38,34,0.119716525,CD4 naive I
CGAGAAGAGTCATGCT-1,GARQ,D5,3,40,38,26,0.04490614,CD4 naive II
CGAGAAGCAGTATCTG-1,GARQ,D5,3,40,38,8,0.091465235,CD8 effector
CGAGAAGTCGTCTGCT-1,GARQ,D5,3,40,38,19,0.0061672926,Proliferating T and NK cell
CGAGCACAGGGATGGG-1,GARQ,D5,3,40,38,31,0.02182722,CD56dim CD16bright NK
CGAGCACCAATCTGCA-1,GARQ,D5,3,40,38,26,0.00024092197,CD4 memory
CGAGCACGTCTCTCGT-1,GARQ,D5,3,40,38,31,0.24135685,NK-monocyte doublets
CGAGCACTCAAACAAG-1,GARQ,D5,3,40,38,28,0.010985851,CD56dim CD16bright NK
CGAGCCAAGAGGTTGC-1,GARQ,D5,3,40,38,23,0.016174197,CD8 effector
CGAGCCAAGCTGAACG-1,GARQ,D5,3,40,38,12,0.13060021,CD8 memory
CGAGCCACATGTCCTC-1,GARQ,D5,3,40,38,10,0.19429672,Non classical monocytes
CGAGCCAGTCTCATCC-1,GARQ,D5,3,40,38,16,0.0069812536,CD8 effector
CGAGCCATCCTATGTT-1,GARQ,D5,3,40,38,9,0.06416643,Memory B
CGATCGGAGTACGACG-1,GARQ,D5,3,40,38,24,0.001257062,Classical monocytes
CGATCGGCAACGATGG-1,GARQ,D5,3,40,38,29,0.17738092,Classical monocytes
CGATCGGGTCCGTTAA-1,GARQ,D5,3,40,38,31,0.038260818,CD56dim CD16bright NK
CGATCGGGTTCGTGAT-1,GARQ,D5,3,40,38,26,0.034443855,CD4 naive I
CGATCGGTCACAGTAC-1,GARQ,D5,3,40,38,0,0.007750869,CD56dim CD16bright NK
CGATCGGTCTCCGGTT-1,GARQ,D5,3,40,38,29,0.07226086,Neutrophils
CGATGGCAGAGAACAG-1,GARQ,D5,3,40,38,12,0.034469485,MAIT-NKT cells
CGATGTACACATCTTT-1,GARQ,D5,3,40,38,29,0.06661987,Platelets
CGATTGAAGGAACTGC-1,GARQ,D5,3,40,38,34,0.08985138,CD4 naive I
CGATTGAGTATAGGTA-1,GARQ,D5,3,40,38,13,0.100000024,NK-T doublets
CGCCAAGCATAAAGGT-1,GARQ,D5,3,40,38,4,0.039314628,Naive B
CGCCAAGTCAGCCTAA-1,GARQ,D5,3,40,38,2,0.02328229,CD56dim CD16bright NK
CGCGGTACAGCTCCGA-1,GARQ,D5,3,40,38,15,0.007937193,CD4 memory
CGCGGTACATGCAATC-1,GARQ,D5,3,40,38,10,0.08085436,Non classical monocytes
CGCGGTATCACCCTCA-1,GARQ,D5,3,40,38,19,0.0099339485,CD56dim CD16bright NK
CGCGGTATCATACGGT-1,GARQ,D5,3,40,38,19,0.008519769,CD56dim CD16bright NK
CGCGTTTCAAGGCTCC-1,GARQ,D5,3,40,38,9,0.015387416,Plasma cells
CGCGTTTGTCTCATCC-1,GARQ,D5,3,40,38,31,0.024214625,CD56dim CD16bright NK
CGCGTTTGTCTGGTCG-1,GARQ,D5,3,40,38,20,0.052595854,CD4 naive I
CGCGTTTGTTGTGGCC-1,GARQ,D5,3,40,38,29,0.07029152,MAIT-NKT cells
CGCTATCCAAAGGAAG-1,GARQ,D5,3,40,38,38,0.017948866,CD56dim CD16bright NK
CGCTATCTCTTCGGTC-1,GARQ,D5,3,40,38,19,0.012971759,CD56dim CD16bright NK
CGCTGGACACGCATCG-1,GARQ,D5,3,40,38,24,0.0074778795,NK-monocyte doublets
CGCTGGAGTAACGACG-1,GARQ,D5,3,40,38,5,0.039717555,CD8 effector
CGCTGGAGTACAGCAG-1,GARQ,D5,3,40,38,19,0.015129924,CD56dim CD16bright NK
CGCTGGAGTGACGCCT-1,GARQ,D5,3,40,38,19,0.009802461,CD56dim CD16bright NK
CGCTTCATCTTAACCT-1,GARQ,D5,3,40,38,28,0.029107213,CD56dim CD16bright NK
CGGACACAGAGTAAGG-1,GARQ,D5,3,40,38,3,0.083565235,Naive B
CGGACACCAAGGTTTC-1,GARQ,D5,3,40,38,29,0.05712986,Classical monocytes
CGGACACTCAACACAC-1,GARQ,D5,3,40,38,34,0.058087826,CD8 naive
CGGACGTAGTGCGATG-1,GARQ,D5,3,40,38,29,0.058157086,Neutrophils
CGGACGTGTTACGTCA-1,GARQ,D5,3,40,38,3,0.042559385,Naive B
CGGACTGTCAAGAAGT-1,GARQ,D5,3,40,38,0,0.0020389557,CD56dim CD16bright NK
CGGAGCTAGACAGGCT-1,GARQ,D5,3,40,38,29,0.064608335,Neutrophils
CGGAGCTAGATCGATA-1,GARQ,D5,3,40,38,19,0.011073828,CD56dim CD16bright NK
CGGAGCTAGGATGGTC-1,GARQ,D5,3,40,38,29,0.044638157,Classical monocytes
CGGAGCTAGGTAAACT-1,GARQ,D5,3,40,38,26,0.063975334,CD4 memory
CGGAGCTCAGACAAGC-1,GARQ,D5,3,40,38,10,0.1634183,Non classical monocytes
CGGAGCTCAGCCTGTG-1,GARQ,D5,3,40,38,2,0.013481975,CD56dim CD16bright NK
CGGAGCTGTTGTGGCC-1,GARQ,D5,3,40,38,34,0.034932375,CD4 naive I
CGGAGTCCACAGAGGT-1,GARQ,D5,3,40,38,3,0.018491626,Naive B
CGGAGTCCATGGTCAT-1,GARQ,D5,3,40,38,15,0.045717478,CD8 effector
CGGCTAGAGGAGTTGC-1,GARQ,D5,3,40,38,10,0.06497741,Non classical monocytes
CGGCTAGCAACAACCT-1,GARQ,D5,3,40,38,29,0.089678526,Platelet-bound monocytes
CGGCTAGCAGGTGGAT-1,GARQ,D5,3,40,38,1,0.014907718,MAIT-NKT cells
CGGCTAGTCACTATTC-1,GARQ,D5,3,40,38,10,0.0075193644,Non classical monocytes
CGGGTCAAGGACATTA-1,GARQ,D5,3,40,38,34,0.028511524,CD4 naive I
CGGGTCAAGGGTCGAT-1,GARQ,D5,3,40,38,29,0.10598326,Neutrophils
CGGGTCATCGAACGGA-1,GARQ,D5,3,40,38,24,0.05579853,Classical monocytes
CGGGTCATCTAACTTC-1,GARQ,D5,3,40,38,26,0.03128457,CD4 naive I
CGGTTAACAGAGCCAA-1,GARQ,D5,3,40,38,32,0.066620946,CD8 memory
CGGTTAAGTTGATTCG-1,GARQ,D5,3,40,38,10,0.22214097,Non classical monocytes
CGGTTAATCACCCGAG-1,GARQ,D5,3,40,38,2,0.02400285,CD56dim CD16bright NK
CGTAGCGAGTGCAAGC-1,GARQ,D5,3,40,38,34,0.07118583,CD8 naive
CGTAGCGCAGGTCGTC-1,GARQ,D5,3,40,38,4,0.13223875,Naive B
CGTAGGCAGCGTTTAC-1,GARQ,D5,3,40,38,26,0.011442602,Regulatory T cells
CGTAGGCGTGAGTATA-1,GARQ,D5,3,40,38,26,0.08225405,CD4 memory
CGTAGGCGTGGCTCCA-1,GARQ,D5,3,40,38,31,0.0022909641,CD56dim CD16bright NK
CGTAGGCGTTCCCTTG-1,GARQ,D5,3,40,38,3,0.17130053,Naive B
CGTAGGCGTTTGGCGC-1,GARQ,D5,3,40,38,31,0.07913256,CD56dim CD16bright NK
CGTCACTGTTACGCGC-1,GARQ,D5,3,40,38,29,0.08668983,conventional DC
CGTCACTTCTACTTAC-1,GARQ,D5,3,40,38,34,0.06453574,CD8 naive
CGTCAGGAGATGGGTC-1,GARQ,D5,3,40,38,19,0.011421442,CD56dim CD16bright NK
CGTCAGGAGTGGTAGC-1,GARQ,D5,3,40,38,26,0.011876106,CD4 naive I
CGTCAGGGTAAGTAGT-1,GARQ,D5,3,40,38,24,0.010935903,NK-monocyte doublets
CGTCAGGGTACCGGCT-1,GARQ,D5,3,40,38,38,0.08738661,CD8 effector
CGTCAGGGTGCGGTAA-1,GARQ,D5,3,40,38,29,0.11780155,Classical monocytes
CGTCAGGGTGTTCGAT-1,GARQ,D5,3,40,38,12,0.090837955,CD8 memory
CGTCAGGTCCCTAATT-1,GARQ,D5,3,40,38,19,0.011330605,CD56dim CD16bright NK
CGTCCATAGTAGGCCA-1,GARQ,D5,3,40,38,19,0.034029007,CD56dim CD16bright NK
CGTCCATCACACTGCG-1,GARQ,D5,3,40,38,10,0.0028927326,Non classical monocytes
CGTCCATGTCTGCAAT-1,GARQ,D5,3,40,38,29,0.026307225,NK-monocyte doublets
CGTCCATTCACCCTCA-1,GARQ,D5,3,40,38,34,0.010475278,CD4 memory
CGTCCATTCAGCTCGG-1,GARQ,D5,3,40,38,34,0.029838443,CD4 naive I
CGTCCATTCATACGGT-1,GARQ,D5,3,40,38,0,0.005885899,CD8 effector
CGTCTACAGACTAGAT-1,GARQ,D5,3,40,38,29,0.030178785,Platelet-bound monocytes
CGTCTACAGTAACCCT-1,GARQ,D5,3,40,38,26,0.054903746,Regulatory T cells
CGTCTACCATCGGTTA-1,GARQ,D5,3,40,38,4,0.011904359,Memory B
CGTCTACGTCCTGCTT-1,GARQ,D5,3,40,38,29,0.10231793,plasmacytoid DC
CGTGAGCAGATATGCA-1,GARQ,D5,3,40,38,19,0.011532545,CD56dim CD16bright NK
CGTGAGCAGTGACATA-1,GARQ,D5,3,40,38,2,0.044641733,CD56dim CD16bright NK
CGTGAGCGTACCGGCT-1,GARQ,D5,3,40,38,29,0.09418893,Neutrophils
CGTGAGCGTAGCAAAT-1,GARQ,D5,3,40,38,15,0.0010565519,MAIT-NKT cells
CGTGAGCTCCCAGGTG-1,GARQ,D5,3,40,38,29,0.13137698,Classical monocytes
CGTGTAACACATAACC-1,GARQ,D5,3,40,38,19,0.008088708,CD56bright CD16dim NK
CGTGTAAGTGTTCTTT-1,GARQ,D5,3,40,38,34,0.022767782,CD4 naive II
CGTGTAATCGTTGCCT-1,GARQ,D5,3,40,38,23,0.0021121502,CD8 effector
CGTGTCTTCGGCGCTA-1,GARQ,D5,3,40,38,5,0.05288303,CD8 effector
CGTTAGACAAAGGTGC-1,GARQ,D5,3,40,38,34,0.17590618,CD4 naive I
CGTTAGACAAGCGATG-1,GARQ,D5,3,40,38,19,0.026116133,CD56dim CD16bright NK
CGTTAGAGTCAGAAGC-1,GARQ,D5,3,40,38,20,0.03248,CD4 naive I
CGTTAGATCTCTTGAT-1,GARQ,D5,3,40,38,34,0.022158265,CD8 naive
CGTTCTGGTAACGACG-1,GARQ,D5,3,40,38,19,0.00942421,CD56dim CD16bright NK
CGTTCTGGTACTCAAC-1,GARQ,D5,3,40,38,13,0.13518405,NK-T doublets
CGTTCTGTCAACACGT-1,GARQ,D5,3,40,38,29,0.11186862,Classical monocytes
CGTTCTGTCCGAACGC-1,GARQ,D5,3,40,38,29,0.0075677633,Classical monocytes
CGTTGGGAGACTTTCG-1,GARQ,D5,3,40,38,24,0.033920288,NK-monocyte doublets
CGTTGGGAGTACGATA-1,GARQ,D5,3,40,38,21,0.049800158,CD4 naive II
CGTTGGGCACCCATTC-1,GARQ,D5,3,40,38,31,0.0034196973,CD56dim CD16bright NK
CTAACTTTCAGTGCAT-1,GARQ,D5,3,40,38,16,0.017524004,CD8 memory
CTAAGACAGATGAGAG-1,GARQ,D5,3,40,38,29,0.09150028,Classical monocytes
CTAAGACAGTTGTCGT-1,GARQ,D5,3,40,38,20,0.04508686,CD4 naive I
CTAATGGCAACAACCT-1,GARQ,D5,3,40,38,3,0.13353622,Memory B
CTAATGGCACGGATAG-1,GARQ,D5,3,40,38,5,0.008666515,gdT cells
CTAATGGGTCGACTAT-1,GARQ,D5,3,40,38,7,0.39967203,T-NK-B cell doublets
CTAATGGGTCTAGTGT-1,GARQ,D5,3,40,38,10,0.15480661,Non classical monocytes
CTAATGGTCTAAGCCA-1,GARQ,D5,3,40,38,26,0.07209408,CD4 memory
CTACACCAGCCACCTG-1,GARQ,D5,3,40,38,32,0.05643761,CD8 effector
CTACACCAGGCCATAG-1,GARQ,D5,3,40,38,34,0.09920508,CD4 naive I
CTACACCAGTTAACGA-1,GARQ,D5,3,40,38,29,0.1160934,Classical monocytes
CTACACCTCGCTGATA-1,GARQ,D5,3,40,38,29,0.09482241,Neutrophils
CTACATTAGCCCAACC-1,GARQ,D5,3,40,38,16,0.054618716,Regulatory T cells
CTACATTAGCTGAACG-1,GARQ,D5,3,40,38,3,0.11876893,Naive B
CTACATTGTCCAGTGC-1,GARQ,D5,3,40,38,31,0.04489565,CD56dim CD16bright NK
CTACATTTCACTCTTA-1,GARQ,D5,3,40,38,16,0.022759914,MAIT-NKT cells
CTACATTTCATATCGG-1,GARQ,D5,3,40,38,12,0.0067789555,MAIT-NKT cells
CTACCCAAGCCGGTAA-1,GARQ,D5,3,40,38,19,0.019061089,CD56dim CD16bright NK
CTACCCAAGTGGCACA-1,GARQ,D5,3,40,38,16,0.048467755,CD4 and CD8 activated memory
CTACCCATCCGTAGGC-1,GARQ,D5,3,40,38,24,0.027864695,Platelet-bound monocytes
CTACCCATCTCCGGTT-1,GARQ,D5,3,40,38,0,0.1494894,CD56dim CD16bright NK
CTACGTCCACCACCAG-1,GARQ,D5,3,40,38,3,0.033985376,Naive B
CTAGAGTAGGCCCTCA-1,GARQ,D5,3,40,38,16,0.10392988,MAIT-NKT cells
CTAGAGTAGTGGTAAT-1,GARQ,D5,3,40,38,10,0.20601177,Non classical monocytes
CTAGAGTAGTGTTAGA-1,GARQ,D5,3,40,38,3,0.1944809,Naive B
CTAGAGTCAGCTGCAC-1,GARQ,D5,3,40,38,38,0.004196048,CD8 effector
CTAGAGTCATACAGCT-1,GARQ,D5,3,40,38,26,0.0069767237,CD4 memory
CTAGAGTGTAAGGATT-1,GARQ,D5,3,40,38,29,0.21468115,Classical monocytes
CTAGAGTGTACAGCAG-1,GARQ,D5,3,40,38,29,0.11282265,Classical monocytes
CTAGAGTGTCATGCCG-1,GARQ,D5,3,40,38,26,0.016812325,CD4 naive I
CTAGAGTTCTTCTGGC-1,GARQ,D5,3,40,38,26,0.02917713,CD4 memory
CTAGCCTAGAAGGCCT-1,GARQ,D5,3,40,38,19,0.009220362,Proliferating T and NK cell
CTAGCCTAGACACTAA-1,GARQ,D5,3,40,38,24,0.013262987,Non classical monocytes
CTAGCCTAGAGGTAGA-1,GARQ,D5,3,40,38,19,0.008354366,CD56dim CD16bright NK
CTAGCCTCAGCCAGAA-1,GARQ,D5,3,40,38,24,0.065721154,NK-monocyte doublets
CTAGTGATCTCTGAGA-1,GARQ,D5,3,40,38,19,0.02095151,CD56dim CD16bright NK
CTCACACCAGACGTAG-1,GARQ,D5,3,40,38,29,0.049720526,Neutrophils
CTCACACGTCTCATCC-1,GARQ,D5,3,40,38,29,0.052927613,Classical monocytes
CTCACACGTGCAACGA-1,GARQ,D5,3,40,38,2,0.017785668,CD56dim CD16bright NK
CTCACACTCCAGAAGG-1,GARQ,D5,3,40,38,31,0.0009818077,CD56dim CD16bright NK
CTCACACTCCGCTGTT-1,GARQ,D5,3,40,38,19,0.007434249,CD56dim CD16bright NK
CTCACACTCGTCCAGG-1,GARQ,D5,3,40,38,10,0.09756911,Non classical monocytes
CTCAGAAAGAGTGAGA-1,GARQ,D5,3,40,38,29,0.08569479,conventional DC
CTCAGAAAGCGTGAAC-1,GARQ,D5,3,40,38,26,0.008410931,CD4 and CD8 activated memory
CTCAGAAAGGATGGTC-1,GARQ,D5,3,40,38,29,0.0882628,Neutrophils
CTCAGAAGTCCAGTGC-1,GARQ,D5,3,40,38,34,0.027630687,CD4 naive I
CTCAGAAGTGCACTTA-1,GARQ,D5,3,40,38,29,0.018188119,conventional DC
CTCATTAAGGTCATCT-1,GARQ,D5,3,40,38,34,0.007118702,CD4 memory
CTCATTACACATTCGA-1,GARQ,D5,3,40,38,11,0.006578207,CD56dim CD16bright NK
CTCATTATCTCGCATC-1,GARQ,D5,3,40,38,29,0.057339072,Classical monocytes
CTCCTAGAGACTAGGC-1,GARQ,D5,3,40,38,19,0.008155584,CD56dim CD16bright NK
CTCCTAGGTACTCAAC-1,GARQ,D5,3,40,38,34,0.0748204,CD4 naive II
CTCCTAGGTCAAACTC-1,GARQ,D5,3,40,38,33,0.04804218,CD56dim CD16bright NK
CTCGAAAAGGGATACC-1,GARQ,D5,3,40,38,16,0.00039160252,CD4 memory
CTCGAAAGTGCCTGTG-1,GARQ,D5,3,40,38,26,0.055191755,Regulatory T cells
CTCGAAATCCAGAAGG-1,GARQ,D5,3,40,38,29,0.07698572,Classical monocytes
CTCGAAATCCATGCTC-1,GARQ,D5,3,40,38,3,0.018885136,Naive B
CTCGAGGCACTACAGT-1,GARQ,D5,3,40,38,29,0.07735133,Classical monocytes
CTCGAGGCACTTCGAA-1,GARQ,D5,3,40,38,24,0.0066702366,Classical monocytes
CTCGAGGCATACAGCT-1,GARQ,D5,3,40,38,5,0.04144311,CD8 effector
CTCGAGGGTCTGGAGA-1,GARQ,D5,3,40,38,29,0.023112297,Classical monocytes
CTCGAGGTCATGTAGC-1,GARQ,D5,3,40,38,26,0.01580131,CD4 memory
CTCGGAGAGCCGATTT-1,GARQ,D5,3,40,38,30,0.011517167,CD4 memory
CTCGGAGAGGAGCGTT-1,GARQ,D5,3,40,38,26,0.05008602,CD4 memory
CTCGGAGAGTTCGCAT-1,GARQ,D5,3,40,38,9,0.08385706,T-NK-B cell doublets
CTCGGAGCAATAACGA-1,GARQ,D5,3,40,38,12,0.038158536,MAIT-NKT cells
CTCGGAGGTGCCTGTG-1,GARQ,D5,3,40,38,12,0.005241871,CD8 memory
CTCGGAGGTTAAGAAC-1,GARQ,D5,3,40,38,28,0.032161117,CD56dim CD16bright NK
CTCGGAGTCAATCTCT-1,GARQ,D5,3,40,38,0,0.020498514,CD56dim CD16bright NK
CTCGGGAAGAAGGGTA-1,GARQ,D5,3,40,38,34,0.02841723,CD4 memory
CTCGGGATCGTTGACA-1,GARQ,D5,3,40,38,26,0.03023243,CD8 naive
CTCGTACAGAGCTTCT-1,GARQ,D5,3,40,38,19,0.008638859,CD56dim CD16bright NK
CTCGTACAGGTGCAAC-1,GARQ,D5,3,40,38,29,0.060737133,NK-monocyte doublets
CTCGTACGTACAGTGG-1,GARQ,D5,3,40,38,10,0.019366741,Non classical monocytes
CTCGTACGTTACGGAG-1,GARQ,D5,3,40,38,29,0.12305951,Classical monocytes
CTCGTACTCCTACAGA-1,GARQ,D5,3,40,38,29,0.053560495,Classical monocytes
CTCGTACTCGGTCCGA-1,GARQ,D5,3,40,38,10,0.0891304,Non classical monocytes
CTCGTCAAGTTGAGTA-1,GARQ,D5,3,40,38,28,0.006453514,CD56dim CD16bright NK
CTCGTCAGTACAGTTC-1,GARQ,D5,3,40,38,19,0.02716279,CD56dim CD16bright NK
CTCTAATAGATGTGTA-1,GARQ,D5,3,40,38,0,0.056556582,CD56dim CD16bright NK
CTCTAATAGCGCTTAT-1,GARQ,D5,3,40,38,32,0.09427333,CD8 effector
CTCTAATAGCTAGGCA-1,GARQ,D5,3,40,38,29,0.012747765,Classical monocytes
CTCTAATAGGTGCACA-1,GARQ,D5,3,40,38,31,0.07565844,CD56dim CD16bright NK
CTCTAATGTCTAGCCG-1,GARQ,D5,3,40,38,32,0.004522443,CD8 effector
CTCTACGAGCCAGAAC-1,GARQ,D5,3,40,38,29,0.05649972,Classical monocytes
CTCTACGAGGGCACTA-1,GARQ,D5,3,40,38,29,0.05478251,Classical monocytes
CTCTACGCAAACGTGG-1,GARQ,D5,3,40,38,31,0.2764126,Non classical monocytes
CTCTACGCACTTCTGC-1,GARQ,D5,3,40,38,29,0.2656746,T-NK-B cell doublets
CTCTACGGTGACTACT-1,GARQ,D5,3,40,38,16,0.014248967,CD8 effector
CTCTGGTCAGCCTTTC-1,GARQ,D5,3,40,38,31,0.0432688,CD56dim CD16bright NK
CTCTGGTTCTAAGCCA-1,GARQ,D5,3,40,38,11,0.019450188,CD56dim CD16bright NK
CTGAAACAGAACTCGG-1,GARQ,D5,3,40,38,29,0.029938221,Neutrophils
CTGAAACAGGCAATTA-1,GARQ,D5,3,40,38,26,0.03770542,CD4 memory
CTGAAACCAGGTGCCT-1,GARQ,D5,3,40,38,29,0.18099761,Classical monocytes
CTGAAGTAGTACTTGC-1,GARQ,D5,3,40,38,3,0.039467096,Memory B
CTGAAGTCATCGTCGG-1,GARQ,D5,3,40,38,19,0.010913968,CD56dim CD16bright NK
CTGAAGTCATGGATGG-1,GARQ,D5,3,40,38,12,0.030747533,MAIT-NKT cells
CTGAAGTGTCTGGAGA-1,GARQ,D5,3,40,38,10,0.0423553,Non classical monocytes
CTGAAGTTCAATCACG-1,GARQ,D5,3,40,38,2,0.010300517,CD56dim CD16bright NK
CTGAAGTTCCACGAAT-1,GARQ,D5,3,40,38,4,0.026414394,Memory B
CTGAAGTTCCTTCAAT-1,GARQ,D5,3,40,38,34,0.17095244,CD4 naive II
CTGAAGTTCGGAGCAA-1,GARQ,D5,3,40,38,29,0.14244342,Classical monocytes
CTGAAGTTCTAGAGTC-1,GARQ,D5,3,40,38,29,0.21003711,Classical monocytes
CTGATAGAGAAGGGTA-1,GARQ,D5,3,40,38,19,0.01259768,CD56dim CD16bright NK
CTGATAGAGGAGCGAG-1,GARQ,D5,3,40,38,10,0.03989649,Non classical monocytes
CTGATAGCACAAGACG-1,GARQ,D5,3,40,38,29,0.0969342,Classical monocytes
CTGATAGGTGACGGTA-1,GARQ,D5,3,40,38,26,0.028387189,CD4 memory
CTGATAGTCTTTAGGG-1,GARQ,D5,3,40,38,3,0.10237098,Memory B
CTGCCTAAGTCCTCCT-1,GARQ,D5,3,40,38,34,0.0953486,CD8 naive
CTGCCTACACCATCCT-1,GARQ,D5,3,40,38,29,0.13955832,Classical monocytes
CTGCCTACACTGCCAG-1,GARQ,D5,3,40,38,16,0.008906126,CD8 effector
CTGCCTACAGCGTTCG-1,GARQ,D5,3,40,38,28,0.00779593,CD56dim CD16bright NK
CTGCCTATCAAGCCTA-1,GARQ,D5,3,40,38,26,0.08641648,CD4 memory
CTGCCTATCATGTAGC-1,GARQ,D5,3,40,38,34,0.15805924,CD4 memory
CTGCGGATCAGTCAGT-1,GARQ,D5,3,40,38,19,0.008654714,CD56dim CD16bright NK
CTGCTGTCAACACGCC-1,GARQ,D5,3,40,38,3,0.07278776,Memory B
CTGGTCTAGACTTGAA-1,GARQ,D5,3,40,38,32,0.040968895,CD8 effector
CTGGTCTAGAGGTTGC-1,GARQ,D5,3,40,38,3,0.07137358,Naive B
CTGGTCTCATGTAAGA-1,GARQ,D5,3,40,38,10,0.19679606,Non classical monocytes
CTGGTCTTCAAACGGG-1,GARQ,D5,3,40,38,16,0.023896456,MAIT-NKT cells
CTGTGCTAGACTCGGA-1,GARQ,D5,3,40,38,33,0.014400244,CD56dim CD16bright NK
CTGTGCTAGCAACGGT-1,GARQ,D5,3,40,38,39,0.011436343,gdT cells
CTGTGCTAGCGTGAGT-1,GARQ,D5,3,40,38,2,0.0016543865,CD56dim CD16bright NK
CTGTGCTGTCAAAGCG-1,GARQ,D5,3,40,38,19,0.0009850264,CD8 effector
CTGTGCTGTGAGGGTT-1,GARQ,D5,3,40,38,29,0.10702038,Classical monocytes
CTGTGCTTCTCTAAGG-1,GARQ,D5,3,40,38,19,0.0072647333,CD56dim CD16bright NK
CTGTTTAAGACAATAC-1,GARQ,D5,3,40,38,29,0.052980423,Classical monocytes
CTGTTTAAGAGACTTA-1,GARQ,D5,3,40,38,26,0.04776144,CD4 memory
CTGTTTAAGCTTTGGT-1,GARQ,D5,3,40,38,3,0.07377088,Naive B
CTGTTTAAGGTGACCA-1,GARQ,D5,3,40,38,19,0.012894034,CD56bright CD16dim NK
CTGTTTAGTACCGTAT-1,GARQ,D5,3,40,38,31,0.070075035,CD56dim CD16bright NK
CTTAACTAGCTAACAA-1,GARQ,D5,3,40,38,12,0.043759823,CD4 memory
CTTAACTAGTTTCCTT-1,GARQ,D5,3,40,38,0,0.073355675,CD56dim CD16bright NK
CTTAACTCAAAGCGGT-1,GARQ,D5,3,40,38,19,0.009251595,CD56dim CD16bright NK
CTTAACTCACGAAATA-1,GARQ,D5,3,40,38,3,0.013193488,Naive B
CTTAACTGTAAATGTG-1,GARQ,D5,3,40,38,10,0.18400884,Non classical monocytes
CTTAACTGTAACGCGA-1,GARQ,D5,3,40,38,19,0.009718657,CD56dim CD16bright NK
CTTAACTGTCATCGGC-1,GARQ,D5,3,40,38,34,0.06357229,CD4 naive I
CTTAACTTCCATTCTA-1,GARQ,D5,3,40,38,3,0.11297834,Memory B
CTTAACTTCGCGTTTC-1,GARQ,D5,3,40,38,31,0.05074048,Neutrophils
CTTACCGAGCAACGGT-1,GARQ,D5,3,40,38,30,0.026095986,CD4 memory
CTTACCGGTCTAGAGG-1,GARQ,D5,3,40,38,7,0.27342284,T-NK-B cell doublets
CTTACCGTCTGCTTGC-1,GARQ,D5,3,40,38,23,0.0010933876,CD56dim CD16bright NK
CTTAGGACACGAAATA-1,GARQ,D5,3,40,38,10,0.017335653,Classical monocytes
CTTAGGATCCTAGAAC-1,GARQ,D5,3,40,38,38,0.11087227,CD8 effector
CTTAGGATCGCCTGTT-1,GARQ,D5,3,40,38,29,0.060608864,Classical monocytes
CTTCTCTAGAAGGGTA-1,GARQ,D5,3,40,38,13,0.0934186,NK-T doublets
CTTCTCTAGATGTGGC-1,GARQ,D5,3,40,38,19,0.010674953,CD56dim CD16bright NK
CTTCTCTCAACGATCT-1,GARQ,D5,3,40,38,39,0.021104932,CD8 effector
CTTCTCTCAGAAGCAC-1,GARQ,D5,3,40,38,19,0.0067032576,CD56dim CD16bright NK
CTTCTCTGTAGCTAAA-1,GARQ,D5,3,40,38,9,0.072140455,Memory B
CTTCTCTTCACTGGGC-1,GARQ,D5,3,40,38,19,0.007105112,CD56dim CD16bright NK
CTTGGCTAGCCGATTT-1,GARQ,D5,3,40,38,11,0.006548643,CD56dim CD16bright NK
CTTGGCTTCGTAGATC-1,GARQ,D5,3,40,38,16,0.003385067,MAIT-NKT cells
CTTTGCGAGGCCCGTT-1,GARQ,D5,3,40,38,3,0.1168375,Naive B
CTTTGCGTCATCGGAT-1,GARQ,D5,3,40,38,31,0.024175167,CD56dim CD16bright NK
GAAACTCCAGGACGTA-1,GARQ,D5,3,40,38,19,0.011950135,CD56dim CD16bright NK
GAAACTCGTAGTAGTA-1,GARQ,D5,3,40,38,11,0.10435796,CD56dim CD16bright NK
GAAACTCTCATGCAAC-1,GARQ,D5,3,40,38,12,0.026285887,CD8 memory
GAAACTCTCTCATTCA-1,GARQ,D5,3,40,38,29,0.123719215,conventional DC
GAAATGAAGGAATGGA-1,GARQ,D5,3,40,38,19,0.010222673,CD56dim CD16bright NK
GAAATGAAGGTCGGAT-1,GARQ,D5,3,40,38,16,0.11095309,MAIT-NKT cells
GAACATCAGCGTTTAC-1,GARQ,D5,3,40,38,29,0.17336988,Classical monocytes
GAACATCAGGCATGTG-1,GARQ,D5,3,40,38,19,0.0074094534,CD56dim CD16bright NK
GAACATCAGTTCGCGC-1,GARQ,D5,3,40,38,13,0.01637131,CD8 effector
GAACATCGTATCTGCA-1,GARQ,D5,3,40,38,29,0.080076694,Classical monocytes
GAACATCGTCGCCATG-1,GARQ,D5,3,40,38,26,0.096963406,CD4 memory
GAACATCGTTGTACAC-1,GARQ,D5,3,40,38,31,0.09714508,CD56dim CD16bright NK
GAACCTAAGCTGTCTA-1,GARQ,D5,3,40,38,29,0.0153160095,Classical monocytes
GAACCTAAGTCTTGCA-1,GARQ,D5,3,40,38,19,0.008788109,CD56dim CD16bright NK
GAACCTACACCGGAAA-1,GARQ,D5,3,40,38,19,0.0110810995,CD56dim CD16bright NK
GAACCTACAGCTTAAC-1,GARQ,D5,3,40,38,26,0.035923243,CD8 naive
GAACCTAGTACAGTTC-1,GARQ,D5,3,40,38,10,0.15299451,Non classical monocytes
GAACCTATCACCCTCA-1,GARQ,D5,3,40,38,3,0.015351772,Naive B
GAACCTATCATTTGGG-1,GARQ,D5,3,40,38,2,0.020765543,CD56dim CD16bright NK
GAACCTATCCAAACAC-1,GARQ,D5,3,40,38,3,0.07804549,Naive B
GAACCTATCGGAATCT-1,GARQ,D5,3,40,38,29,0.018354177,Platelet-bound monocytes
GAACGGACAGCCTTTC-1,GARQ,D5,3,40,38,26,0.010561943,CD4 naive I
GAACGGACATAGAAAC-1,GARQ,D5,3,40,38,16,0.06940842,CD8 effector
GAACGGAGTGTGACCC-1,GARQ,D5,3,40,38,10,0.14676404,Non classical monocytes
GAACGGATCGCTGATA-1,GARQ,D5,3,40,38,31,0.16059434,Non classical monocytes
GAACGGATCTTGAGAC-1,GARQ,D5,3,40,38,3,0.07727218,Naive B
GAAGCAGTCAAACGGG-1,GARQ,D5,3,40,38,29,0.043713093,Classical monocytes
GAATAAGCATGTTGAC-1,GARQ,D5,3,40,38,5,0.009600878,gdT cells
GAATAAGCATTGGTAC-1,GARQ,D5,3,40,38,24,0.030881047,NK-monocyte doublets
GAATGAAAGCGTGAGT-1,GARQ,D5,3,40,38,19,0.01117897,CD56bright CD16dim NK
GAATGAAAGTCGATAA-1,GARQ,D5,3,40,38,29,0.16175503,Non classical monocytes
GAATGAAGTCCTCCAT-1,GARQ,D5,3,40,38,26,0.09371781,CD4 memory
GAATGAAGTCTCCCTA-1,GARQ,D5,3,40,38,26,0.11777663,CD4 memory
GACACGCAGCTAGTGG-1,GARQ,D5,3,40,38,19,0.016180992,CD56dim CD16bright NK
GACACGCCACTATCTT-1,GARQ,D5,3,40,38,29,0.016754389,Classical monocytes
GACACGCTCTGACCTC-1,GARQ,D5,3,40,38,31,0.009696364,CD56dim CD16bright NK
GACAGAGGTCAAAGAT-1,GARQ,D5,3,40,38,34,0.035747766,CD4 naive II
GACAGAGGTCGAGATG-1,GARQ,D5,3,40,38,10,0.033237934,Classical monocytes
GACAGAGGTTATTCTC-1,GARQ,D5,3,40,38,29,0.106146574,Neutrophils
GACAGAGGTTCCACAA-1,GARQ,D5,3,40,38,26,0.05123651,CD4 naive I
GACAGAGTCCCAAGTA-1,GARQ,D5,3,40,38,19,0.0088477135,CD56bright CD16dim NK
GACAGAGTCGCCGTGA-1,GARQ,D5,3,40,38,10,0.031666398,Classical monocytes
GACAGAGTCGTCCGTT-1,GARQ,D5,3,40,38,26,0.0033752918,CD4 memory
GACCAATGTACCCAAT-1,GARQ,D5,3,40,38,34,0.068673134,CD8 naive
GACCAATGTGATGTCT-1,GARQ,D5,3,40,38,19,0.012242556,CD56dim CD16bright NK
GACCAATTCGTTTGCC-1,GARQ,D5,3,40,38,29,0.024698138,Classical monocytes
GACCAATTCTGTTGAG-1,GARQ,D5,3,40,38,29,0.08474302,Classical monocytes
GACCTGGCAATAGAGT-1,GARQ,D5,3,40,38,12,0.038533688,CD4 and CD8 activated memory
GACCTGGCATCTCGCT-1,GARQ,D5,3,40,38,3,0.06881261,Memory B
GACCTGGGTCGGCACT-1,GARQ,D5,3,40,38,19,0.010776877,CD56dim CD16bright NK
GACCTGGGTGTAAGTA-1,GARQ,D5,3,40,38,32,0.018487811,gdT cells
GACCTGGGTTGAACTC-1,GARQ,D5,3,40,38,9,0.02675581,Memory B
GACCTGGTCATAACCG-1,GARQ,D5,3,40,38,31,0.06674206,CD56dim CD16bright NK
GACCTGGTCCCTGACT-1,GARQ,D5,3,40,38,5,0.11035907,CD56dim CD16bright NK
GACGCGTAGCTGGAAC-1,GARQ,D5,3,40,38,31,0.047449946,CD56dim CD16bright NK
GACGCGTAGTATCTCG-1,GARQ,D5,3,40,38,16,0.026350975,CD4 and CD8 activated memory
GACGCGTGTTACCAGT-1,GARQ,D5,3,40,38,19,0.012361288,CD8 effector
GACGCGTTCAGATAAG-1,GARQ,D5,3,40,38,39,0.098380804,CD8 effector
GACGGCTAGAAACCTA-1,GARQ,D5,3,40,38,16,0.004499078,NK-T doublets
GACGGCTCATCCCACT-1,GARQ,D5,3,40,38,28,0.030424595,CD56dim CD16bright NK
GACGTGCAGATCGATA-1,GARQ,D5,3,40,38,23,0.028359413,CD56bright CD16dim NK
GACGTGCAGGAGTTGC-1,GARQ,D5,3,40,38,12,0.033143044,MAIT-NKT cells
GACGTGCGTACATGTC-1,GARQ,D5,3,40,38,10,0.043629885,Classical monocytes
GACGTGCGTAGAGGAA-1,GARQ,D5,3,40,38,34,0.16399527,CD8 naive
GACGTGCGTGGAAAGA-1,GARQ,D5,3,40,38,34,0.0243814,CD4 naive I
GACGTGCTCAGTTCGA-1,GARQ,D5,3,40,38,15,0.08966899,CD4 memory
GACGTGCTCTACTTAC-1,GARQ,D5,3,40,38,34,0.10875225,CD4 naive II
GACGTTAAGCTAGTGG-1,GARQ,D5,3,40,38,34,0.07771784,CD4 naive I
GACGTTAAGGATGGAA-1,GARQ,D5,3,40,38,6,0.03997636,CD8 naive
GACGTTAAGTTCGCAT-1,GARQ,D5,3,40,38,19,0.007086873,CD56dim CD16bright NK
GACGTTACAATAACGA-1,GARQ,D5,3,40,38,15,0.07245779,CD4 memory
GACGTTAGTTATGTGC-1,GARQ,D5,3,40,38,34,0.057729006,CD4 naive I
GACGTTATCGACAGCC-1,GARQ,D5,3,40,38,29,0.05687523,Classical monocytes
GACTAACAGAAACGCC-1,GARQ,D5,3,40,38,19,0.017048359,CD56dim CD16bright NK
GACTAACCAAGAAAGG-1,GARQ,D5,3,40,38,26,0.006013274,CD4 memory
GACTAACCAGCTTAAC-1,GARQ,D5,3,40,38,24,0.040109515,NK-monocyte doublets
GACTAACCATGCCTAA-1,GARQ,D5,3,40,38,29,0.04048562,Classical monocytes
GACTAACCATTCCTCG-1,GARQ,D5,3,40,38,10,0.094922185,Non classical monocytes
GACTAACGTAGGGTAC-1,GARQ,D5,3,40,38,4,0.04466796,Memory B
GACTACAAGCCAACAG-1,GARQ,D5,3,40,38,10,0.0327363,Classical monocytes
GACTACACAAGCTGAG-1,GARQ,D5,3,40,38,19,0.00822854,CD56dim CD16bright NK
GACTACACACGGTAGA-1,GARQ,D5,3,40,38,34,0.16757202,CD4 naive I
GACTACAGTACCTACA-1,GARQ,D5,3,40,38,29,0.09504795,Classical monocytes
GACTACAGTAGCTTGT-1,GARQ,D5,3,40,38,12,0.0055400133,CD8 naive
GACTACAGTTTGCATG-1,GARQ,D5,3,40,38,29,0.01565504,Non classical monocytes
GACTACAGTTTGTTTC-1,GARQ,D5,3,40,38,29,0.006524205,Classical monocytes
GACTACATCACTTACT-1,GARQ,D5,3,40,38,19,0.0075552464,CD56bright CD16dim NK
GACTGCGCAATCTGCA-1,GARQ,D5,3,40,38,19,0.017608404,CD56dim CD16bright NK
GACTGCGCAGTTAACC-1,GARQ,D5,3,40,38,19,0.014459372,CD8 effector
GACTGCGGTGTGACCC-1,GARQ,D5,3,40,38,29,0.1048193,Neutrophils
GACTGCGTCCCTCAGT-1,GARQ,D5,3,40,38,19,0.008095145,CD56dim CD16bright NK
GAGCAGACATAAAGGT-1,GARQ,D5,3,40,38,5,0.024871647,NK-T doublets
GAGCAGAGTCGACTGC-1,GARQ,D5,3,40,38,29,0.007650852,Non classical monocytes
GAGGTGAAGTGTCCAT-1,GARQ,D5,3,40,38,29,0.0656718,conventional DC
GAGGTGACAATGAATG-1,GARQ,D5,3,40,38,5,0.0007533431,CD56dim CD16bright NK
GAGGTGACAGAGTGTG-1,GARQ,D5,3,40,38,3,0.042288423,Memory B
GAGGTGATCTATCGCC-1,GARQ,D5,3,40,38,16,0.008218527,CD8 memory
GAGTCCGAGCGAAGGG-1,GARQ,D5,3,40,38,19,0.011095524,CD56dim CD16bright NK
GAGTCCGGTAAGTGTA-1,GARQ,D5,3,40,38,4,0.071927786,Memory B
GAGTCCGGTGTCAATC-1,GARQ,D5,3,40,38,10,0.0061416626,Non classical monocytes
GAGTCCGTCAGTTAGC-1,GARQ,D5,3,40,38,26,0.04095447,CD4 naive I
GATCAGTGTAAGTGTA-1,GARQ,D5,3,40,38,13,0.00016999245,CD8 memory
GATCAGTGTAGGACAC-1,GARQ,D5,3,40,38,16,0.059494615,MAIT-NKT cells
GATCAGTTCACATAGC-1,GARQ,D5,3,40,38,26,0.010108709,CD4 memory
GATCAGTTCCGAAGAG-1,GARQ,D5,3,40,38,7,0.3037027,T-NK-B cell doublets
GATCAGTTCCGAGCCA-1,GARQ,D5,3,40,38,34,0.06834519,CD4 naive I
GATCAGTTCGCCAGCA-1,GARQ,D5,3,40,38,38,0.019051433,CD8 effector
GATCAGTTCGCCTGTT-1,GARQ,D5,3,40,38,34,0.20288563,CD8 naive
GATCAGTTCTTGTATC-1,GARQ,D5,3,40,38,29,5.4001808e-05,NK-monocyte doublets
GATCGATCAACCGCCA-1,GARQ,D5,3,40,38,12,0.033484817,MAIT-NKT cells
GATCGATCAAGTCTAC-1,GARQ,D5,3,40,38,29,0.04654312,Classical monocytes
GATCGATGTGCCTTGG-1,GARQ,D5,3,40,38,34,0.00051528215,CD4 naive I
GATCGATTCCTAGTGA-1,GARQ,D5,3,40,38,29,0.026730895,Classical monocytes
GATCGCGTCTCTAAGG-1,GARQ,D5,3,40,38,19,0.012110114,CD56dim CD16bright NK
GATCGTAAGGCTATCT-1,GARQ,D5,3,40,38,12,0.05161023,CD4 memory
GATCGTAAGTGGAGTC-1,GARQ,D5,3,40,38,16,0.06904149,CD8 memory
GATCGTAGTCGATTGT-1,GARQ,D5,3,40,38,12,0.016941786,CD8 memory
GATCTAGCAGTCACTA-1,GARQ,D5,3,40,38,16,0.043627262,CD4 memory
GATCTAGGTGTTGGGA-1,GARQ,D5,3,40,38,29,0.1183815,Classical monocytes
GATCTAGTCCACTCCA-1,GARQ,D5,3,40,38,34,0.16854,CD4 naive I
GATCTAGTCTGCGGCA-1,GARQ,D5,3,40,38,3,0.03485596,Memory B
GATGAAAGTCCGCTGA-1,GARQ,D5,3,40,38,19,0.01434207,CD56dim CD16bright NK
GATGAAAGTTAAAGAC-1,GARQ,D5,3,40,38,26,0.02130127,CD4 memory
GATGAAATCGTTTGCC-1,GARQ,D5,3,40,38,10,0.23096055,Non classical monocytes
GATGAGGAGATGTCGG-1,GARQ,D5,3,40,38,16,0.030617595,CD8 memory
GATGAGGAGCTCCCAG-1,GARQ,D5,3,40,38,13,0.043938875,CD56dim CD16bright NK
GATGAGGCAACACCTA-1,GARQ,D5,3,40,38,29,0.11264086,Neutrophils
GATGAGGCACGTCAGC-1,GARQ,D5,3,40,38,29,0.039852142,Platelet-bound monocytes
GATGAGGGTATGGTTC-1,GARQ,D5,3,40,38,9,0.10986155,T-NK-B cell doublets
GATGAGGGTCGCATAT-1,GARQ,D5,3,40,38,19,0.008051276,CD56dim CD16bright NK
GATGAGGGTTCCCGAG-1,GARQ,D5,3,40,38,39,0.0131572485,CD56dim CD16bright NK
GATGAGGTCAACGAAA-1,GARQ,D5,3,40,38,9,0.07127702,T-NK-B cell doublets
GATGCTACACACTGCG-1,GARQ,D5,3,40,38,19,0.013238907,CD56dim CD16bright NK
GATGCTACATGCCACG-1,GARQ,D5,3,40,38,12,0.0124640465,CD4 memory
GATGCTAGTCCTGCTT-1,GARQ,D5,3,40,38,34,0.042529583,CD8 memory
GATGCTATCAACGCTA-1,GARQ,D5,3,40,38,16,0.038663507,CD8 memory
GATGCTATCCGAGCCA-1,GARQ,D5,3,40,38,10,0.065000296,Non classical monocytes
GATTCAGAGTAAGTAC-1,GARQ,D5,3,40,38,10,0.003471136,Classical monocytes
GATTCAGCAAGCCTAT-1,GARQ,D5,3,40,38,29,0.10357845,Classical monocytes
GATTCAGCACATTTCT-1,GARQ,D5,3,40,38,32,0.10658121,CD8 memory
GATTCAGCATTTCACT-1,GARQ,D5,3,40,38,12,0.047154665,MAIT-NKT cells
GATTCAGGTCCGAAGA-1,GARQ,D5,3,40,38,29,0.03034997,Platelet-bound monocytes
GATTCAGTCTGCGGCA-1,GARQ,D5,3,40,38,16,0.068101406,MAIT-NKT cells
GCAAACTAGCTATGCT-1,GARQ,D5,3,40,38,15,0.020993948,MAIT-NKT cells
GCAAACTAGGTAGCTG-1,GARQ,D5,3,40,38,19,0.009755373,CD56dim CD16bright NK
GCAATCAAGTTACGGG-1,GARQ,D5,3,40,38,19,0.0070540905,CD56dim CD16bright NK
GCAATCAGTATAGTAG-1,GARQ,D5,3,40,38,29,0.16027153,Neutrophils
GCAATCATCTCGGACG-1,GARQ,D5,3,40,38,39,0.107076526,CD56dim CD16bright NK
GCACATAAGTATCGAA-1,GARQ,D5,3,40,38,16,0.0015749931,CD8 effector
GCACATACAGCCACCA-1,GARQ,D5,3,40,38,23,0.022563338,CD56bright CD16dim NK
GCACATACAGCCTTGG-1,GARQ,D5,3,40,38,26,0.0475775,CD4 memory
GCACATACATAGTAAG-1,GARQ,D5,3,40,38,31,0.059765577,CD56dim CD16bright NK
GCACATAGTGATGATA-1,GARQ,D5,3,40,38,29,0.03049612,conventional DC
GCACTCTCATAGACTC-1,GARQ,D5,3,40,38,13,0.041590214,MAIT-NKT cells
GCACTCTCATTCGACA-1,GARQ,D5,3,40,38,34,0.075264096,CD4 memory
GCACTCTGTACGCTGC-1,GARQ,D5,3,40,38,19,0.010169029,CD56dim CD16bright NK
GCACTCTGTTCACGGC-1,GARQ,D5,3,40,38,34,0.0982424,CD4 naive II
GCAGCCAAGACACTAA-1,GARQ,D5,3,40,38,9,0.11329687,T-NK-B cell doublets
GCAGCCAAGTGTCCAT-1,GARQ,D5,3,40,38,26,0.03985858,CD4 memory
GCAGCCAGTCGAGTTT-1,GARQ,D5,3,40,38,19,0.010851622,CD56dim CD16bright NK
GCAGCCATCCCTCAGT-1,GARQ,D5,3,40,38,29,0.037178874,Platelet-bound monocytes
GCAGTTAAGCCAGAAC-1,GARQ,D5,3,40,38,13,0.011728406,NK-T doublets
GCAGTTAAGCTAAGAT-1,GARQ,D5,3,40,38,19,0.0060306787,CD56bright CD16dim NK
GCAGTTACAGGACGTA-1,GARQ,D5,3,40,38,14,0.066746354,CD8 effector
GCAGTTACATTGGGCC-1,GARQ,D5,3,40,38,13,0.048844457,CD8 memory
GCAGTTAGTAAGGGAA-1,GARQ,D5,3,40,38,34,0.0023682117,CD8 naive
GCAGTTAGTGCGAAAC-1,GARQ,D5,3,40,38,3,0.042393923,Memory B
GCAGTTATCATATCGG-1,GARQ,D5,3,40,38,24,0.048698902,NK-monocyte doublets
GCAGTTATCGCAGGCT-1,GARQ,D5,3,40,38,34,0.003535986,CD4 naive I
GCATACACAGACACTT-1,GARQ,D5,3,40,38,16,0.038787127,MAIT-NKT cells
GCATACACATCGATTG-1,GARQ,D5,3,40,38,29,0.061537504,Classical monocytes
GCATACAGTTCCTCCA-1,GARQ,D5,3,40,38,29,0.2450484,T-NK-B cell doublets
GCATGATCAAATCCGT-1,GARQ,D5,3,40,38,26,0.0037001371,CD4 naive I
GCATGATCACATCCAA-1,GARQ,D5,3,40,38,29,0.08876109,Neutrophils
GCATGATGTAAACCTC-1,GARQ,D5,3,40,38,29,0.038388014,Platelet-bound monocytes
GCATGATGTACGACCC-1,GARQ,D5,3,40,38,19,0.010676026,CD56dim CD16bright NK
GCATGATGTCCGTCAG-1,GARQ,D5,3,40,38,29,0.00061941147,NK-monocyte doublets
GCATGATGTCTTCGTC-1,GARQ,D5,3,40,38,12,0.053212762,CD4 memory
GCATGATGTTACTGAC-1,GARQ,D5,3,40,38,4,0.022577286,Naive B
GCATGATTCATAACCG-1,GARQ,D5,3,40,38,10,0.05333972,NK-monocyte doublets
GCATGATTCATCTGTT-1,GARQ,D5,3,40,38,34,0.021114826,CD4 naive I
GCATGCGAGAGTGAGA-1,GARQ,D5,3,40,38,19,0.008697152,CD56dim CD16bright NK
GCATGCGTCCAAACTG-1,GARQ,D5,3,40,38,34,0.04154885,CD4 naive I
GCATGTAAGAATTCCC-1,GARQ,D5,3,40,38,19,0.008382797,CD56dim CD16bright NK
GCATGTAAGTTGTAGA-1,GARQ,D5,3,40,38,10,0.10130715,Non classical monocytes
GCATGTACAAGCGTAG-1,GARQ,D5,3,40,38,29,0.15792489,Neutrophils
GCATGTAGTAAGAGAG-1,GARQ,D5,3,40,38,19,0.008938193,CD8 effector
GCATGTATCTGATTCT-1,GARQ,D5,3,40,38,34,0.044927955,CD4 naive II
GCCAAATAGTCGTTTG-1,GARQ,D5,3,40,38,26,0.008158565,Regulatory T cells
GCCTCTAAGATCTGCT-1,GARQ,D5,3,40,38,13,0.056519985,NK-T doublets
GCCTCTAAGTTTCCTT-1,GARQ,D5,3,40,38,5,0.036185145,CD56dim CD16bright NK
GCCTCTAGTCATCCCT-1,GARQ,D5,3,40,38,29,0.08073807,Classical monocytes
GCCTCTATCTTCGAGA-1,GARQ,D5,3,40,38,28,0.013913512,CD56dim CD16bright NK
GCGACCACAGTCAGAG-1,GARQ,D5,3,40,38,10,0.04884219,Non classical monocytes
GCGACCATCCCTAACC-1,GARQ,D5,3,40,38,34,0.050791025,CD4 naive I
GCGAGAAAGGGTCGAT-1,GARQ,D5,3,40,38,12,0.0708282,CD4 memory
GCGAGAACAAGTTAAG-1,GARQ,D5,3,40,38,31,0.059938073,CD56dim CD16bright NK
GCGAGAAGTGCAACTT-1,GARQ,D5,3,40,38,5,0.03538853,CD56dim CD16bright NK
GCGAGAATCGGGAGTA-1,GARQ,D5,3,40,38,19,0.018065453,CD56dim CD16bright NK
GCGCAACCAGCCTTGG-1,GARQ,D5,3,40,38,10,0.00932169,Classical monocytes
GCGCAACTCAGGTAAA-1,GARQ,D5,3,40,38,12,0.033107042,MAIT-NKT cells
GCGCAACTCAGTTGAC-1,GARQ,D5,3,40,38,26,0.009533167,CD4 naive I
GCGCAACTCGGAGGTA-1,GARQ,D5,3,40,38,19,0.023044825,CD56dim CD16bright NK
GCGCAACTCTCCCTGA-1,GARQ,D5,3,40,38,29,0.059233904,Classical monocytes
GCGCAGTAGTTCCACA-1,GARQ,D5,3,40,38,29,0.021382093,Classical monocytes
GCGCAGTGTCCTAGCG-1,GARQ,D5,3,40,38,20,0.039923668,CD4 naive I
GCGCAGTGTTCAGCGC-1,GARQ,D5,3,40,38,34,0.08738673,CD4 naive I
GCGCCAAAGAAACCTA-1,GARQ,D5,3,40,38,34,0.009666443,CD4 naive II
GCGCCAAAGTGGGATC-1,GARQ,D5,3,40,38,12,0.08015537,CD8 memory
GCGCCAAGTCCGACGT-1,GARQ,D5,3,40,38,19,0.010207176,CD56bright CD16dim NK
GCGCCAATCGTATCAG-1,GARQ,D5,3,40,38,29,0.02245152,Platelet-bound monocytes
GCGCCAATCTGGTTCC-1,GARQ,D5,3,40,38,5,0.033373237,CD8 memory
GCGCGATCACAGAGGT-1,GARQ,D5,3,40,38,7,0.017723262,T-NK-B cell doublets
GCGCGATCAGTACACT-1,GARQ,D5,3,40,38,12,0.05412054,CD8 memory
GCGCGATGTATCAGTC-1,GARQ,D5,3,40,38,19,0.021420479,CD56dim CD16bright NK
GCGCGATTCCACTCCA-1,GARQ,D5,3,40,38,13,0.013893247,NK-T doublets
GCGCGATTCGAGAACG-1,GARQ,D5,3,40,38,16,0.010501206,NK-T doublets
GCGGGTTAGGCCCGTT-1,GARQ,D5,3,40,38,3,0.06343722,T-NK-B cell doublets
GCGGGTTGTCCATGAT-1,GARQ,D5,3,40,38,19,0.008649826,CD56dim CD16bright NK
GCGGGTTGTGAAATCA-1,GARQ,D5,3,40,38,16,0.033909082,CD8 memory
GCTCCTAAGAGCTATA-1,GARQ,D5,3,40,38,6,0.028814793,CD4 naive II
GCTCCTAAGGATGGAA-1,GARQ,D5,3,40,38,9,0.15693796,T-NK-B cell doublets
GCTCCTAAGTGGACGT-1,GARQ,D5,3,40,38,12,0.082653284,MAIT-NKT cells
GCTCCTACACACCGCA-1,GARQ,D5,3,40,38,4,0.033578157,Naive B
GCTCCTACACGAGGTA-1,GARQ,D5,3,40,38,10,0.02754128,Classical monocytes
GCTCCTAGTTCAGTAC-1,GARQ,D5,3,40,38,29,0.077124596,Classical monocytes
GCTCTGTAGCGTCTAT-1,GARQ,D5,3,40,38,16,0.0015971661,MAIT-NKT cells
GCTCTGTTCGAGGTAG-1,GARQ,D5,3,40,38,12,0.11508393,CD4 memory
GCTCTGTTCTGCTGCT-1,GARQ,D5,3,40,38,29,0.16153765,Classical monocytes
GCTGCAGAGTCCCACG-1,GARQ,D5,3,40,38,12,0.18605316,CD8 memory
GCTGCAGCAAGAGTCG-1,GARQ,D5,3,40,38,34,0.07919669,CD4 naive I
GCTGCAGCACCGAATT-1,GARQ,D5,3,40,38,13,0.050988138,CD56bright CD16dim NK
GCTGCAGCAGCGTTCG-1,GARQ,D5,3,40,38,5,0.005989015,CD56dim CD16bright NK
GCTGCAGGTACCGTTA-1,GARQ,D5,3,40,38,5,0.03695476,CD8 effector
GCTGCAGGTTATCGGT-1,GARQ,D5,3,40,38,31,0.017675519,CD56dim CD16bright NK
GCTGCGAAGCACCGTC-1,GARQ,D5,3,40,38,19,0.018562317,CD56dim CD16bright NK
GCTGCGAAGTCCTCCT-1,GARQ,D5,3,40,38,31,0.052485704,CD56dim CD16bright NK
GCTGCGACAAACCTAC-1,GARQ,D5,3,40,38,3,0.21687555,Naive B
GCTGCGACATCACCCT-1,GARQ,D5,3,40,38,6,0.05133462,CD4 naive I
GCTGCGAGTCAAAGAT-1,GARQ,D5,3,40,38,19,0.010976434,CD56dim CD16bright NK
GCTGCGATCTTTAGTC-1,GARQ,D5,3,40,38,6,0.036697984,CD4 naive I
GCTGCTTAGCCACCTG-1,GARQ,D5,3,40,38,26,0.032143235,CD4 memory
GCTGCTTAGTACATGA-1,GARQ,D5,3,40,38,27,0.09122813,CD56dim CD16bright NK
GCTGCTTCAAGAAGAG-1,GARQ,D5,3,40,38,20,0.03874314,CD4 naive II
GCTGCTTCACATTAGC-1,GARQ,D5,3,40,38,6,0.0017312169,CD4 naive I
GCTGCTTGTACCGCTG-1,GARQ,D5,3,40,38,34,0.07071924,CD8 memory
GCTGCTTTCACATAGC-1,GARQ,D5,3,40,38,11,0.056628466,CD56dim CD16bright NK
GCTGCTTTCTTGTCAT-1,GARQ,D5,3,40,38,9,0.031214416,Memory B
GCTGCTTTCTTGTTTG-1,GARQ,D5,3,40,38,0,0.0043405294,CD56dim CD16bright NK
GCTGGGTAGGGCATGT-1,GARQ,D5,3,40,38,19,0.008403301,CD56dim CD16bright NK
GCTGGGTAGTGTACCT-1,GARQ,D5,3,40,38,34,0.026475549,CD4 naive II
GCTGGGTGTCTTGCGG-1,GARQ,D5,3,40,38,31,0.035110235,CD56dim CD16bright NK
GCTGGGTGTTATGTGC-1,GARQ,D5,3,40,38,26,0.16786051,CD4 memory
GCTGGGTTCATTGCGA-1,GARQ,D5,3,40,38,37,0.022816777,CD8 memory
GCTGGGTTCGCCAGCA-1,GARQ,D5,3,40,38,31,0.045732975,CD56dim CD16bright NK
GCTGGGTTCTGCTTGC-1,GARQ,D5,3,40,38,19,0.016995192,MAIT-NKT cells
GCTTCCAAGAAACCGC-1,GARQ,D5,3,40,38,10,0.10949719,Non classical monocytes
GCTTGAAGTTCCGGCA-1,GARQ,D5,3,40,38,31,0.077406645,CD56dim CD16bright NK
GGAAAGCTCGCGGATC-1,GARQ,D5,3,40,38,24,0.07882607,Neutrophils
GGAACTTCAACACGCC-1,GARQ,D5,3,40,38,2,0.060328007,CD56dim CD16bright NK
GGAACTTGTAGGAGTC-1,GARQ,D5,3,40,38,12,0.081315756,CD8 memory
GGAACTTGTGCTAGCC-1,GARQ,D5,3,40,38,29,0.005878687,Neutrophils
GGAACTTTCGCACTCT-1,GARQ,D5,3,40,38,10,0.11235297,Non classical monocytes
GGAATAAAGGGCTCTC-1,GARQ,D5,3,40,38,34,0.0024871826,CD4 memory
GGAATAACAAGGACAC-1,GARQ,D5,3,40,38,10,0.11604619,Non classical monocytes
GGAATAACACAGCGTC-1,GARQ,D5,3,40,38,39,0.0056569576,NK-T doublets
GGAATAAGTAAGTGGC-1,GARQ,D5,3,40,38,16,0.04402578,MAIT-NKT cells
GGAATAAGTCTGCGGT-1,GARQ,D5,3,40,38,3,0.079797626,Naive B
GGAATAATCCCTTGTG-1,GARQ,D5,3,40,38,3,0.059538484,Memory B
GGACAAGAGCTACCTA-1,GARQ,D5,3,40,38,29,0.0645746,Neutrophils
GGACAAGGTTACAGAA-1,GARQ,D5,3,40,38,26,0.005022764,CD4 naive I
GGACAAGTCAAAGTAG-1,GARQ,D5,3,40,38,9,0.0428977,Naive B
GGACAAGTCCAAACAC-1,GARQ,D5,3,40,38,29,0.112359524,Classical monocytes
GGACAGACAACGATGG-1,GARQ,D5,3,40,38,4,0.023232937,Naive B
GGACAGACAATAAGCA-1,GARQ,D5,3,40,38,2,0.030801058,CD56dim CD16bright NK
GGACAGACATTTCACT-1,GARQ,D5,3,40,38,19,0.006620288,CD8 effector
GGACAGAGTAGCTTGT-1,GARQ,D5,3,40,38,26,0.0012528896,CD4 memory
GGACAGATCAACACTG-1,GARQ,D5,3,40,38,22,0.003625095,CD56dim CD16bright NK
GGACATTAGCTAGGCA-1,GARQ,D5,3,40,38,19,0.013869762,CD56dim CD16bright NK
GGACATTAGGACTGGT-1,GARQ,D5,3,40,38,32,0.07920611,CD8 effector
GGACATTAGTACGATA-1,GARQ,D5,3,40,38,9,0.022118807,Memory B
GGACATTCAAGTTAAG-1,GARQ,D5,3,40,38,19,0.0082809925,CD56dim CD16bright NK
GGACATTCATGTAGTC-1,GARQ,D5,3,40,38,19,0.010871291,CD56dim CD16bright NK
GGACATTGTATTAGCC-1,GARQ,D5,3,40,38,5,0.009309173,CD56dim CD16bright NK
GGACATTTCATGCAAC-1,GARQ,D5,3,40,38,19,0.0072158575,CD56bright CD16dim NK
GGACGTCAGTGCAAGC-1,GARQ,D5,3,40,38,3,0.058795214,Naive B
GGACGTCGTCAGAATA-1,GARQ,D5,3,40,38,10,0.011258721,plasmacytoid DC
GGACGTCTCAGAAATG-1,GARQ,D5,3,40,38,39,0.035705805,CD8 memory
GGACGTCTCCCTAATT-1,GARQ,D5,3,40,38,10,0.045273542,Classical monocytes
GGACGTCTCTGATACG-1,GARQ,D5,3,40,38,34,0.13013577,CD4 naive I
GGACGTCTCTTAGAGC-1,GARQ,D5,3,40,38,29,0.00050514936,Platelets
GGAGCAAAGAAACGCC-1,GARQ,D5,3,40,38,39,0.008341908,CD56dim CD16bright NK
GGAGCAAAGAGACTAT-1,GARQ,D5,3,40,38,24,0.041565537,NK-monocyte doublets
GGAGCAAAGCCCGAAA-1,GARQ,D5,3,40,38,5,0.008655071,CD56dim CD16bright NK
GGAGCAACACGAAACG-1,GARQ,D5,3,40,38,4,0.07180536,Naive B
GGAGCAACAGACGCTC-1,GARQ,D5,3,40,38,16,0.024360895,CD8 effector
GGAGCAAGTGCAACGA-1,GARQ,D5,3,40,38,5,0.083486676,CD56dim CD16bright NK
GGAGCAAGTGTAACGG-1,GARQ,D5,3,40,38,9,0.06802106,T-NK-B cell doublets
GGAGCAATCAGTTCGA-1,GARQ,D5,3,40,38,13,0.09180558,NK-T doublets
GGAGCAATCGGCCGAT-1,GARQ,D5,3,40,38,29,0.07933545,Classical monocytes
GGATGTTAGCGATAGC-1,GARQ,D5,3,40,38,16,0.061188936,MAIT-NKT cells
GGATGTTAGTACGCCC-1,GARQ,D5,3,40,38,34,0.0490613,CD4 naive I
GGATTACCAAACCTAC-1,GARQ,D5,3,40,38,3,0.027699113,Naive B
GGATTACCAGTAAGCG-1,GARQ,D5,3,40,38,12,0.017385483,CD4 memory
GGATTACGTATAGGTA-1,GARQ,D5,3,40,38,26,0.24701107,CD4 memory
GGATTACGTCCAGTTA-1,GARQ,D5,3,40,38,29,0.04736471,plasmacytoid DC
GGATTACTCTACGAGT-1,GARQ,D5,3,40,38,19,0.002169013,CD56dim CD16bright NK
GGATTACTCTGTACGA-1,GARQ,D5,3,40,38,10,0.15458274,Non classical monocytes
GGCAATTAGAGGTAGA-1,GARQ,D5,3,40,38,3,0.22764707,Naive B
GGCAATTAGGCCCTTG-1,GARQ,D5,3,40,38,19,0.019897223,CD56dim CD16bright NK
GGCAATTAGTTATCGC-1,GARQ,D5,3,40,38,19,0.009391546,CD56dim CD16bright NK
GGCAATTAGTTCGCAT-1,GARQ,D5,3,40,38,34,0.10997987,CD4 naive I
GGCAATTCACTGTTAG-1,GARQ,D5,3,40,38,20,0.035342455,CD8 naive
GGCAATTGTTACCGAT-1,GARQ,D5,3,40,38,29,0.06628442,Classical monocytes
GGCAATTTCAGTGTTG-1,GARQ,D5,3,40,38,29,0.03587854,Classical monocytes
GGCCGATAGCTAGGCA-1,GARQ,D5,3,40,38,3,0.06311178,Naive B
GGCCGATAGGCGTACA-1,GARQ,D5,3,40,38,19,0.01574421,CD56dim CD16bright NK
GGCCGATCAATGTAAG-1,GARQ,D5,3,40,38,21,0.051760554,CD4 memory
GGCCGATCATTAGGCT-1,GARQ,D5,3,40,38,10,0.0019328594,Non classical monocytes
GGCCGATTCAGTTTGG-1,GARQ,D5,3,40,38,26,0.037003636,CD8 naive
GGCCGATTCCTATTCA-1,GARQ,D5,3,40,38,12,0.015841842,MAIT-NKT cells
GGCCGATTCTGATTCT-1,GARQ,D5,3,40,38,24,0.00033771992,Classical monocytes
GGCGACTAGCACAGGT-1,GARQ,D5,3,40,38,19,0.024971008,CD8 effector
GGCGACTAGTGCTGCC-1,GARQ,D5,3,40,38,28,0.09763563,CD56dim CD16bright NK
GGCGACTAGTGGGCTA-1,GARQ,D5,3,40,38,29,0.025199413,Classical monocytes
GGCGACTCAATTCCTT-1,GARQ,D5,3,40,38,24,0.070442796,NK-monocyte doublets
GGCGACTCACCGAAAG-1,GARQ,D5,3,40,38,3,0.06487274,Naive B
GGCGACTCAGTAGAGC-1,GARQ,D5,3,40,38,29,0.021815062,Classical monocytes
GGCGACTCAGTCAGAG-1,GARQ,D5,3,40,38,16,0.01488471,MAIT-NKT cells
GGCGACTGTTCAACCA-1,GARQ,D5,3,40,38,10,0.010696411,Classical monocytes
GGCGACTTCCTCATTA-1,GARQ,D5,3,40,38,12,0.0936203,CD8 memory
GGCGTGTAGGCATGGT-1,GARQ,D5,3,40,38,19,0.001914978,CD56dim CD16bright NK
GGCGTGTAGGCGACAT-1,GARQ,D5,3,40,38,19,0.009169698,Proliferating T and NK cell
GGCGTGTCAAACCTAC-1,GARQ,D5,3,40,38,25,0.0033766031,CD56bright CD16dim NK
GGCGTGTCACATCTTT-1,GARQ,D5,3,40,38,34,0.025399923,CD4 naive I
GGCGTGTGTACATCCA-1,GARQ,D5,3,40,38,39,0.022725224,CD56dim CD16bright NK
GGCGTGTTCCTTGGTC-1,GARQ,D5,3,40,38,26,0.11867416,CD4 memory
GGCTCGAAGCGTGAAC-1,GARQ,D5,3,40,38,26,0.005039215,CD8 naive
GGCTCGATCCGTAGGC-1,GARQ,D5,3,40,38,19,0.010873675,CD8 effector
GGCTGGTAGCTGCAAG-1,GARQ,D5,3,40,38,29,0.070171,Classical monocytes
GGCTGGTTCACGCGGT-1,GARQ,D5,3,40,38,19,0.013916969,CD8 effector
GGCTGGTTCCCAACGG-1,GARQ,D5,3,40,38,29,0.064083815,plasmacytoid DC
GGCTGGTTCTTGTATC-1,GARQ,D5,3,40,38,31,0.066094756,CD56dim CD16bright NK
GGGAATGAGCGTTGCC-1,GARQ,D5,3,40,38,10,0.20249319,Non classical monocytes
GGGAATGGTGCTAGCC-1,GARQ,D5,3,40,38,31,0.0900116,CD56dim CD16bright NK
GGGAATGTCGTATCAG-1,GARQ,D5,3,40,38,12,0.13084364,CD4 memory
GGGACCTAGCTAAGAT-1,GARQ,D5,3,40,38,3,0.017080307,Naive B
GGGACCTAGCTAGTTC-1,GARQ,D5,3,40,38,19,0.009104729,CD56dim CD16bright NK
GGGACCTGTGAAATCA-1,GARQ,D5,3,40,38,19,0.010375738,CD56dim CD16bright NK
GGGAGATCAAACCCAT-1,GARQ,D5,3,40,38,34,0.010489702,CD4 naive I
GGGAGATCAGGGTACA-1,GARQ,D5,3,40,38,32,0.07591164,CD8 effector
GGGAGATTCTTTAGGG-1,GARQ,D5,3,40,38,34,0.094029784,CD4 naive I
GGGATGAAGCCTTGAT-1,GARQ,D5,3,40,38,22,0.019661903,CD56dim CD16bright NK
GGGATGAAGCGATGAC-1,GARQ,D5,3,40,38,8,0.01857996,CD56bright CD16dim NK
GGGATGAAGTGATCGG-1,GARQ,D5,3,40,38,39,0.017707586,CD56dim CD16bright NK
GGGATGAGTCTCTTAT-1,GARQ,D5,3,40,38,19,0.0088636875,CD56dim CD16bright NK
GGGCACTCACTTGGAT-1,GARQ,D5,3,40,38,0,0.0068700314,CD56dim CD16bright NK
GGGCACTCATCGATTG-1,GARQ,D5,3,40,38,26,0.0019736886,Regulatory T cells
GGGCACTCATTTCACT-1,GARQ,D5,3,40,38,33,0.016410112,CD56dim CD16bright NK
GGGCACTTCGATAGAA-1,GARQ,D5,3,40,38,34,0.14094675,CD8 naive
GGGCATCAGCCAACAG-1,GARQ,D5,3,40,38,3,0.06445098,Memory B
GGGCATCAGGACGAAA-1,GARQ,D5,3,40,38,29,0.031413198,Classical monocytes
GGGCATCAGGCCCGTT-1,GARQ,D5,3,40,38,19,0.020940542,CD56dim CD16bright NK
GGGTCTGAGATATACG-1,GARQ,D5,3,40,38,3,0.013351798,Naive B
GGGTCTGCACCAGCAC-1,GARQ,D5,3,40,38,12,0.04273343,CD8 memory
GGGTCTGCAGCGTTCG-1,GARQ,D5,3,40,38,5,0.0005605221,CD56dim CD16bright NK
GGGTCTGCAGGTGCCT-1,GARQ,D5,3,40,38,34,0.09808731,CD8 naive
GGGTCTGGTAAAGTCA-1,GARQ,D5,3,40,38,29,0.032104015,Classical monocytes
GGGTCTGTCAGTTCGA-1,GARQ,D5,3,40,38,29,0.014903665,Classical monocytes
GGGTTGCAGGATATAC-1,GARQ,D5,3,40,38,29,0.08164048,Classical monocytes
GGGTTGCCACATTCGA-1,GARQ,D5,3,40,38,30,0.06978178,Erythroid 
GGGTTGCCAGTTAACC-1,GARQ,D5,3,40,38,3,0.10585749,Naive B
GGTATTGAGGAGCGTT-1,GARQ,D5,3,40,38,19,0.011141777,CD56dim CD16bright NK
GGTATTGCAGAGTGTG-1,GARQ,D5,3,40,38,10,0.044587016,Classical monocytes
GGTATTGCAGGTGGAT-1,GARQ,D5,3,40,38,10,0.034829617,Non classical monocytes
GGTATTGCATCGTCGG-1,GARQ,D5,3,40,38,29,0.17089796,Platelet-bound monocytes
GGTATTGGTTCCTCCA-1,GARQ,D5,3,40,38,26,0.0057891607,CD4 naive I
GGTATTGTCCATGAGT-1,GARQ,D5,3,40,38,33,0.032578945,CD56dim CD16bright NK
GGTATTGTCCGTTGCT-1,GARQ,D5,3,40,38,32,0.094875455,CD8 effector
GGTGAAGCAATCTGCA-1,GARQ,D5,3,40,38,16,0.054737568,MAIT-NKT cells
GGTGAAGCAGCCTTTC-1,GARQ,D5,3,40,38,28,0.03989327,CD56dim CD16bright NK
GGTGAAGCATCGTCGG-1,GARQ,D5,3,40,38,29,0.12902594,Non classical monocytes
GGTGAAGCATGCAATC-1,GARQ,D5,3,40,38,29,0.030347228,Platelets
GGTGAAGGTAGTAGTA-1,GARQ,D5,3,40,38,29,0.09390664,conventional DC
GGTGAAGGTGTTCTTT-1,GARQ,D5,3,40,38,0,0.042523623,CD8 effector
GGTGCGTAGGGCTTCC-1,GARQ,D5,3,40,38,31,0.09997368,CD56dim CD16bright NK
GGTGCGTCAAGTCTGT-1,GARQ,D5,3,40,38,34,0.010228515,CD4 memory
GGTGCGTGTCGGGTCT-1,GARQ,D5,3,40,38,31,0.016042471,CD56dim CD16bright NK
GGTGCGTGTGCGATAG-1,GARQ,D5,3,40,38,6,0.028987885,CD4 naive I
GGTGCGTGTTACTGAC-1,GARQ,D5,3,40,38,16,0.053852916,CD8 memory
GGTGCGTTCTCTTATG-1,GARQ,D5,3,40,38,9,0.14798188,T-NK-B cell doublets
GGTGTTAAGTCATCCA-1,GARQ,D5,3,40,38,19,0.019317389,CD56dim CD16bright NK
GGTGTTAGTCACCTAA-1,GARQ,D5,3,40,38,6,0.012279749,CD4 naive II
GGTGTTAGTCGAGATG-1,GARQ,D5,3,40,38,29,0.08740151,Neutrophils
GGTGTTATCTCCAACC-1,GARQ,D5,3,40,38,19,0.0093899965,NK-T doublets
GTAACGTCACCAGGTC-1,GARQ,D5,3,40,38,6,0.019098878,CD4 naive I
GTAACGTCACTACAGT-1,GARQ,D5,3,40,38,3,0.014609575,Memory B
GTAACGTCAGCCTGTG-1,GARQ,D5,3,40,38,19,0.001157999,CD56dim CD16bright NK
GTAACGTGTTGGTTTG-1,GARQ,D5,3,40,38,34,0.05866629,CD4 naive I
GTAACGTTCTGTCCGT-1,GARQ,D5,3,40,38,33,0.202909,CD56dim CD16bright NK
GTAACGTTCTGTTTGT-1,GARQ,D5,3,40,38,19,0.032262802,CD56dim CD16bright NK
GTAACGTTCTTGGGTA-1,GARQ,D5,3,40,38,16,0.04639721,MAIT-NKT cells
GTAACTGCAGACTCGC-1,GARQ,D5,3,40,38,6,0.024602652,CD8 naive
GTAACTGGTGCATCTA-1,GARQ,D5,3,40,38,13,0.07999015,NK-T doublets
GTACGTACACCATCCT-1,GARQ,D5,3,40,38,29,0.06008458,Classical monocytes
GTACGTAGTAAAGTCA-1,GARQ,D5,3,40,38,27,0.05459428,CD56dim CD16bright NK
GTACGTAGTCGGCATC-1,GARQ,D5,3,40,38,26,0.004535556,CD4 memory
GTACTCCAGCGTGAAC-1,GARQ,D5,3,40,38,29,0.04979801,Neutrophils
GTACTCCCAAAGGAAG-1,GARQ,D5,3,40,38,39,0.04251492,CD56dim CD16bright NK
GTACTTTAGCTGGAAC-1,GARQ,D5,3,40,38,29,0.11270702,NK-monocyte doublets
GTACTTTTCGGCGCTA-1,GARQ,D5,3,40,38,19,0.014364719,CD56dim CD16bright NK
GTAGGCCAGAATCTCC-1,GARQ,D5,3,40,38,31,0.09056318,Non classical monocytes
GTAGGCCGTTCGCTAA-1,GARQ,D5,3,40,38,12,0.014158964,CD8 effector
GTAGGCCGTTGTCGCG-1,GARQ,D5,3,40,38,24,0.02579689,Platelet-bound monocytes
GTAGGCCGTTTGGCGC-1,GARQ,D5,3,40,38,29,0.043742657,conventional DC
GTAGTCAGTACATGTC-1,GARQ,D5,3,40,38,19,0.009680033,CD8 effector
GTAGTCATCGGCTTGG-1,GARQ,D5,3,40,38,34,0.17227936,CD4 naive I
GTAGTCATCGGGAGTA-1,GARQ,D5,3,40,38,26,0.010124207,CD4 naive I
GTATCTTAGGGCATGT-1,GARQ,D5,3,40,38,26,0.07937908,CD4 naive I
GTATTCTGTTCTGAAC-1,GARQ,D5,3,40,38,24,0.11686301,NK-monocyte doublets
GTATTCTTCACCCGAG-1,GARQ,D5,3,40,38,31,0.08302748,CD56dim CD16bright NK
GTATTCTTCCAAATGC-1,GARQ,D5,3,40,38,19,0.0118534565,CD56dim CD16bright NK
GTCAAGTAGTTACGGG-1,GARQ,D5,3,40,38,29,0.034205437,Classical monocytes
GTCAAGTCACTGTTAG-1,GARQ,D5,3,40,38,16,0.010741234,CD8 memory
GTCAAGTGTAGAGTGC-1,GARQ,D5,3,40,38,19,0.008533955,CD8 effector
GTCAAGTTCAGTTAGC-1,GARQ,D5,3,40,38,31,0.03239286,CD56dim CD16bright NK
GTCACAAAGAAACCAT-1,GARQ,D5,3,40,38,19,0.013704896,CD56dim CD16bright NK
GTCACAAAGCTAGCCC-1,GARQ,D5,3,40,38,26,0.034894705,CD4 naive I
GTCACAAGTCACAAGG-1,GARQ,D5,3,40,38,28,0.03916812,CD56dim CD16bright NK
GTCACGGCAAGAAAGG-1,GARQ,D5,3,40,38,6,0.01615107,CD4 naive I
GTCACGGCAATCCAAC-1,GARQ,D5,3,40,38,8,0.004648447,CD8 effector
GTCACGGCATTCCTCG-1,GARQ,D5,3,40,38,34,0.113915145,CD4 naive I
GTCACGGTCCGCGTTT-1,GARQ,D5,3,40,38,10,0.00028443336,Classical monocytes
GTCATTTCAACTTGAC-1,GARQ,D5,3,40,38,19,0.014867067,CD8 effector
GTCATTTCATTCCTCG-1,GARQ,D5,3,40,38,26,6.389618e-05,CD4 memory
GTCATTTGTACTTAGC-1,GARQ,D5,3,40,38,34,0.005320549,CD4 memory
GTCATTTTCTGAGGGA-1,GARQ,D5,3,40,38,29,0.061264038,Classical monocytes
GTCCTCAAGACCGGAT-1,GARQ,D5,3,40,38,34,0.031469822,CD8 naive
GTCCTCAAGATGTCGG-1,GARQ,D5,3,40,38,16,0.10162747,MAIT-NKT cells
GTCCTCAAGCTGATAA-1,GARQ,D5,3,40,38,13,0.03344834,NK-T doublets
GTCCTCACACCTGGTG-1,GARQ,D5,3,40,38,29,0.08540487,Classical monocytes
GTCCTCAGTAAGTGGC-1,GARQ,D5,3,40,38,23,0.027008414,CD56dim CD16bright NK
GTCCTCAGTCTGCCAG-1,GARQ,D5,3,40,38,9,0.11463213,T-NK-B cell doublets
GTCCTCATCCTAGTGA-1,GARQ,D5,3,40,38,6,0.057403803,CD4 naive I
GTCGGGTAGTGAATTG-1,GARQ,D5,3,40,38,19,0.007439375,CD8 effector
GTCGGGTCAGGAATGC-1,GARQ,D5,3,40,38,34,0.014888048,CD4 naive I
GTCGGGTGTTTCGCTC-1,GARQ,D5,3,40,38,29,0.086453676,Classical monocytes
GTCGGGTTCCGCATCT-1,GARQ,D5,3,40,38,3,0.04175377,Naive B
GTCGGGTTCTACTATC-1,GARQ,D5,3,40,38,29,0.08658433,Non classical monocytes
GTCGTAAAGCGACGTA-1,GARQ,D5,3,40,38,23,0.027859926,CD56bright CD16dim NK
GTCGTAAAGCTACCTA-1,GARQ,D5,3,40,38,10,0.02815938,Neutrophils
GTCGTAAGTAGCCTAT-1,GARQ,D5,3,40,38,29,0.054371595,Classical monocytes
GTCGTAAGTCGCTTCT-1,GARQ,D5,3,40,38,7,0.30577564,T-NK-B cell doublets
GTCGTAATCGCTGATA-1,GARQ,D5,3,40,38,9,0.0009653568,T-NK-B cell doublets
GTCTCGTAGAAACGAG-1,GARQ,D5,3,40,38,31,0.019568443,Proliferating T and NK cell
GTCTCGTAGTCCTCCT-1,GARQ,D5,3,40,38,4,0.027199745,Naive B
GTCTCGTCAGCTGGCT-1,GARQ,D5,3,40,38,34,0.008042097,CD8 naive
GTCTCGTGTTGGACCC-1,GARQ,D5,3,40,38,29,0.075065136,Classical monocytes
GTCTTCGAGCTAAACA-1,GARQ,D5,3,40,38,15,0.08008623,MAIT-NKT cells
GTCTTCGAGCTAGTGG-1,GARQ,D5,3,40,38,26,0.055629134,CD8 naive
GTCTTCGAGGCTCAGA-1,GARQ,D5,3,40,38,13,0.023805559,CD8 effector
GTCTTCGCAAACAACA-1,GARQ,D5,3,40,38,19,0.008583069,CD56dim CD16bright NK
GTCTTCGCAGACACTT-1,GARQ,D5,3,40,38,12,0.13121879,MAIT-NKT cells
GTCTTCGGTGCTAGCC-1,GARQ,D5,3,40,38,29,0.08129847,Neutrophils
GTGAAGGCAGATGAGC-1,GARQ,D5,3,40,38,34,0.027307391,CD4 naive I
GTGAAGGGTATAGTAG-1,GARQ,D5,3,40,38,19,0.008856297,CD56dim CD16bright NK
GTGAAGGGTCTCCCTA-1,GARQ,D5,3,40,38,15,0.047342062,CD4 memory
GTGAAGGTCGAACGGA-1,GARQ,D5,3,40,38,19,0.011561155,CD8 effector
GTGAAGGTCGAATGCT-1,GARQ,D5,3,40,38,29,0.16747046,Classical monocytes
GTGCAGCGTATTAGCC-1,GARQ,D5,3,40,38,34,0.10705948,CD8 naive
GTGCAGCGTTCTGAAC-1,GARQ,D5,3,40,38,29,0.044843316,Classical monocytes
GTGCATAAGGGTCTCC-1,GARQ,D5,3,40,38,31,0.0018391609,CD56dim CD16bright NK
GTGCATAAGGTTCCTA-1,GARQ,D5,3,40,38,29,0.099401355,Neutrophils
GTGCATAAGTAACCCT-1,GARQ,D5,3,40,38,19,0.012316942,CD56dim CD16bright NK
GTGCATAGTCCGTTAA-1,GARQ,D5,3,40,38,13,0.03814304,NK-T doublets
GTGCATAGTGTATGGG-1,GARQ,D5,3,40,38,16,0.036958933,Regulatory T cells
GTGCATATCAAAGACA-1,GARQ,D5,3,40,38,3,0.058473825,Naive B
GTGCATATCAGCTCTC-1,GARQ,D5,3,40,38,31,0.1210978,CD56dim CD16bright NK
GTGCATATCGCTAGCG-1,GARQ,D5,3,40,38,38,0.04236996,CD8 effector
GTGCGGTAGACAGAGA-1,GARQ,D5,3,40,38,5,0.23045027,NK-T doublets
GTGCGGTAGTAGCGGT-1,GARQ,D5,3,40,38,34,0.09485042,CD4 naive I
GTGCGGTCAGGGTTAG-1,GARQ,D5,3,40,38,28,0.0022799969,CD56dim CD16bright NK
GTGCGGTGTACGACCC-1,GARQ,D5,3,40,38,3,0.080070496,Naive B
GTGCGGTTCAGCTCGG-1,GARQ,D5,3,40,38,6,0.0059406757,CD4 naive I
GTGCGGTTCTACTTAC-1,GARQ,D5,3,40,38,26,0.018141031,CD4 memory
GTGCTTCGTAAGTGGC-1,GARQ,D5,3,40,38,31,0.0029447079,CD56dim CD16bright NK
GTGCTTCTCGCATGGC-1,GARQ,D5,3,40,38,29,0.044920325,Neutrophils
GTGGGTCAGGTGCTAG-1,GARQ,D5,3,40,38,30,0.09126961,Regulatory T cells
GTGGGTCTCACTCCTG-1,GARQ,D5,3,40,38,24,0.012395859,Classical monocytes
GTGTGCGAGACATAAC-1,GARQ,D5,3,40,38,29,0.017657518,Classical monocytes
GTGTGCGAGCGATGAC-1,GARQ,D5,3,40,38,16,0.019728422,Regulatory T cells
GTGTGCGCACAGATTC-1,GARQ,D5,3,40,38,6,0.0011332035,CD4 memory
GTGTGCGCACGGATAG-1,GARQ,D5,3,40,38,19,0.013771176,CD56dim CD16bright NK
GTGTGCGGTGATGATA-1,GARQ,D5,3,40,38,5,0.019203901,CD56dim CD16bright NK
GTGTGCGGTGGTTTCA-1,GARQ,D5,3,40,38,16,0.1360898,CD4 memory
GTGTTAGTCTCCCTGA-1,GARQ,D5,3,40,38,3,0.036396742,Memory B
GTTAAGCAGGCAATTA-1,GARQ,D5,3,40,38,34,0.16631794,CD8 naive
GTTAAGCTCCTCGCAT-1,GARQ,D5,3,40,38,9,0.06336486,Naive B
GTTAAGCTCGTCCGTT-1,GARQ,D5,3,40,38,5,0.033753395,CD8 effector
GTTACAGAGCAGGCTA-1,GARQ,D5,3,40,38,19,0.005620122,CD56dim CD16bright NK
GTTACAGAGTCAAGCG-1,GARQ,D5,3,40,38,28,0.018121481,CD56dim CD16bright NK
GTTACAGCACATCCAA-1,GARQ,D5,3,40,38,29,0.06587577,conventional DC
GTTACAGCAGTTCATG-1,GARQ,D5,3,40,38,32,0.010080814,CD8 effector
GTTACAGTCTGAGGGA-1,GARQ,D5,3,40,38,31,0.007597804,CD56dim CD16bright NK
GTTCATTAGATGTTAG-1,GARQ,D5,3,40,38,12,0.015121698,MAIT-NKT cells
GTTCATTCAGTTCATG-1,GARQ,D5,3,40,38,31,0.055336237,Platelets
GTTCATTTCACTATTC-1,GARQ,D5,3,40,38,19,0.00797677,MAIT-NKT cells
GTTCATTTCAGCAACT-1,GARQ,D5,3,40,38,12,0.005114436,CD4 memory
GTTCGGGCAGGGTTAG-1,GARQ,D5,3,40,38,19,0.006603718,CD56dim CD16bright NK
GTTCGGGTCACTTATC-1,GARQ,D5,3,40,38,34,0.06489742,CD4 memory
GTTCTCGTCAACCAAC-1,GARQ,D5,3,40,38,12,0.016851664,CD8 memory
GTTCTCGTCAACGGGA-1,GARQ,D5,3,40,38,10,0.020904541,Non classical monocytes
GTTCTCGTCCAAATGC-1,GARQ,D5,3,40,38,19,0.01928997,CD56dim CD16bright NK
GTTCTCGTCCGCTGTT-1,GARQ,D5,3,40,38,3,0.08287001,Memory B
GTTCTCGTCTTCATGT-1,GARQ,D5,3,40,38,3,0.10381937,Memory B
GTTTCTAAGAGCTATA-1,GARQ,D5,3,40,38,34,0.07703745,CD8 naive
GTTTCTAGTCCGAACC-1,GARQ,D5,3,40,38,15,0.008825541,CD4 memory
GTTTCTAGTGTCAATC-1,GARQ,D5,3,40,38,6,0.041229606,CD4 memory
GTTTCTAGTTGGTTTG-1,GARQ,D5,3,40,38,10,0.025036097,Classical monocytes
GTTTCTATCTCGATGA-1,GARQ,D5,3,40,38,19,0.009401679,CD56dim CD16bright NK
TAAACCGAGCAGGTCA-1,GARQ,D5,3,40,38,31,0.056961775,CD56dim CD16bright NK
TAAACCGCACATCCAA-1,GARQ,D5,3,40,38,19,0.008506417,CD56dim CD16bright NK
TAAACCGGTAGGGTAC-1,GARQ,D5,3,40,38,19,0.00817585,CD8 effector
TAAACCGTCATATCGG-1,GARQ,D5,3,40,38,20,0.008800268,CD8 naive
TAAACCGTCCCAACGG-1,GARQ,D5,3,40,38,19,0.0045889616,CD56dim CD16bright NK
TAAACCGTCGATGAGG-1,GARQ,D5,3,40,38,19,0.012943864,CD56dim CD16bright NK
TAAGAGAGTTTCCACC-1,GARQ,D5,3,40,38,39,0.008299112,CD56dim CD16bright NK
TAAGAGATCTGTTTGT-1,GARQ,D5,3,40,38,29,0.13230705,Classical monocytes
TAAGCGTAGATCTGAA-1,GARQ,D5,3,40,38,6,0.02441442,CD4 memory
TAAGCGTGTAACGCGA-1,GARQ,D5,3,40,38,29,0.049067497,Classical monocytes
TAAGCGTGTTCCACGG-1,GARQ,D5,3,40,38,7,0.13748717,T-NK-B cell doublets
TAAGTGCAGAGTTGGC-1,GARQ,D5,3,40,38,29,0.059220552,Classical monocytes
TAAGTGCAGCTACCTA-1,GARQ,D5,3,40,38,13,0.069779515,NK-T doublets
TAAGTGCCATAGACTC-1,GARQ,D5,3,40,38,12,0.010502696,gdT cells
TAAGTGCGTACCGCTG-1,GARQ,D5,3,40,38,28,0.018805265,CD56dim CD16bright NK
TAAGTGCGTCTGCAAT-1,GARQ,D5,3,40,38,34,0.018636942,CD8 naive
TAAGTGCTCAGCAACT-1,GARQ,D5,3,40,38,29,0.08620143,Classical monocytes
TAAGTGCTCGCTTAGA-1,GARQ,D5,3,40,38,29,0.057463408,Classical monocytes
TACACGACAAACGCGA-1,GARQ,D5,3,40,38,26,0.07588911,CD4 memory
TACACGACAAGTCTAC-1,GARQ,D5,3,40,38,7,0.12224555,T-NK-B cell doublets
TACACGACATACAGCT-1,GARQ,D5,3,40,38,19,0.013489962,CD56dim CD16bright NK
TACACGATCCACGCAG-1,GARQ,D5,3,40,38,19,0.0006788969,gdT cells
TACACGATCTAACCGA-1,GARQ,D5,3,40,38,34,0.0070614815,CD8 naive
TACAGTGAGACTTGAA-1,GARQ,D5,3,40,38,12,0.004338503,CD8 naive
TACAGTGAGGCTCATT-1,GARQ,D5,3,40,38,34,0.1350311,CD4 naive I
TACAGTGGTTTGTTGG-1,GARQ,D5,3,40,38,29,0.040050864,Neutrophils
TACAGTGTCTGGTATG-1,GARQ,D5,3,40,38,15,0.0045309067,CD4 memory
TACCTATAGCATCATC-1,GARQ,D5,3,40,38,3,0.07998955,Naive B
TACCTATAGCATGGCA-1,GARQ,D5,3,40,38,19,0.011840105,CD56dim CD16bright NK
TACCTATCACTACAGT-1,GARQ,D5,3,40,38,29,0.025788307,Classical monocytes
TACCTATGTTGAGGTG-1,GARQ,D5,3,40,38,27,0.009128451,CD56dim CD16bright NK
TACCTATGTTGATTGC-1,GARQ,D5,3,40,38,15,0.026008606,CD4 memory
TACCTATTCTTAACCT-1,GARQ,D5,3,40,38,29,0.01428175,Classical monocytes
TACCTTAAGAGGTACC-1,GARQ,D5,3,40,38,34,0.032239318,CD8 naive
TACCTTAAGCCAGAAC-1,GARQ,D5,3,40,38,19,0.011761785,CD56dim CD16bright NK
TACCTTACAGGTCCAC-1,GARQ,D5,3,40,38,34,0.029575825,CD4 memory
TACCTTAGTAGCTCCG-1,GARQ,D5,3,40,38,16,0.006500125,MAIT-NKT cells
TACGGATGTGTGCCTG-1,GARQ,D5,3,40,38,24,0.0054422617,NK-monocyte doublets
TACGGGCAGCTAAACA-1,GARQ,D5,3,40,38,29,0.026390314,Classical monocytes
TACGGGCAGGCTAGCA-1,GARQ,D5,3,40,38,4,0.0038090944,Memory B
TACGGGCGTCACACGC-1,GARQ,D5,3,40,38,19,0.01720965,CD56dim CD16bright NK
TACGGGCTCGAATCCA-1,GARQ,D5,3,40,38,16,0.0075802803,NK-T doublets
TACGGTAAGCATGGCA-1,GARQ,D5,3,40,38,13,0.07609773,NK-T doublets
TACGGTAAGCTGTCTA-1,GARQ,D5,3,40,38,31,0.176584,Non classical monocytes
TACGGTAGTTGATTCG-1,GARQ,D5,3,40,38,29,0.10700667,Classical monocytes
TACGGTATCATATCGG-1,GARQ,D5,3,40,38,3,0.044776082,Naive B
TACTCATAGGTGCAAC-1,GARQ,D5,3,40,38,31,0.013816953,CD56dim CD16bright NK
TACTCATGTTTGCATG-1,GARQ,D5,3,40,38,30,0.0050578117,CD4 and CD8 activated memory
TACTCGCAGCCGATTT-1,GARQ,D5,3,40,38,15,0.03310287,MAIT-NKT cells
TACTCGCAGTGCCATT-1,GARQ,D5,3,40,38,3,0.09126425,Naive B
TACTCGCCAATCCAAC-1,GARQ,D5,3,40,38,9,0.1334567,T-NK-B cell doublets
TACTCGCCATGTTGAC-1,GARQ,D5,3,40,38,19,0.01737523,CD56bright CD16dim NK
TACTCGCGTACGAAAT-1,GARQ,D5,3,40,38,39,0.033869386,CD56dim CD16bright NK
TACTCGCTCTCCAGGG-1,GARQ,D5,3,40,38,31,0.10694635,CD56dim CD16bright NK
TACTCGCTCTTATCTG-1,GARQ,D5,3,40,38,19,0.00971508,CD56dim CD16bright NK
TACTTACAGCGAAGGG-1,GARQ,D5,3,40,38,19,0.010927439,MAIT-NKT cells
TACTTACGTCCATGAT-1,GARQ,D5,3,40,38,20,0.00917089,CD4 naive I
TACTTACGTTGTACAC-1,GARQ,D5,3,40,38,39,0.0020792484,CD56bright CD16dim NK
TACTTACTCTGTTTGT-1,GARQ,D5,3,40,38,29,0.058059216,plasmacytoid DC
TACTTGTAGCACGCCT-1,GARQ,D5,3,40,38,29,0.028239727,Non classical monocytes
TACTTGTAGCCAACAG-1,GARQ,D5,3,40,38,29,0.11451757,conventional DC
TACTTGTCACTCAGGC-1,GARQ,D5,3,40,38,12,0.043595314,Regulatory T cells
TACTTGTTCCTTTCGG-1,GARQ,D5,3,40,38,26,0.11962199,CD4 naive I
TACTTGTTCGTAGATC-1,GARQ,D5,3,40,38,19,0.010990381,CD56dim CD16bright NK
TACTTGTTCTTCATGT-1,GARQ,D5,3,40,38,29,0.27504957,T-NK-B cell doublets
TAGACCAAGCGATCCC-1,GARQ,D5,3,40,38,32,0.08896649,CD4 and CD8 activated memory
TAGACCAAGGGCTTCC-1,GARQ,D5,3,40,38,12,0.025850058,CD8 memory
TAGACCATCCGGCACA-1,GARQ,D5,3,40,38,15,0.058852434,CD4 memory
TAGAGCTAGTATCGAA-1,GARQ,D5,3,40,38,12,0.09026182,CD4 memory
TAGAGCTCACTACAGT-1,GARQ,D5,3,40,38,29,0.09250319,Neutrophils
TAGAGCTTCATACGGT-1,GARQ,D5,3,40,38,7,0.40207028,T-NK-B cell doublets
TAGCCGGAGCAGATCG-1,GARQ,D5,3,40,38,9,0.0872159,T-NK-B cell doublets
TAGCCGGAGCCACCTG-1,GARQ,D5,3,40,38,29,0.053772688,Classical monocytes
TAGCCGGCAACTGCGC-1,GARQ,D5,3,40,38,29,0.26091385,T-NK-B cell doublets
TAGCCGGCACTGTGTA-1,GARQ,D5,3,40,38,29,0.07354188,Classical monocytes
TAGCCGGGTAGGGTAC-1,GARQ,D5,3,40,38,29,0.07630968,Classical monocytes
TAGCCGGGTCAGAAGC-1,GARQ,D5,3,40,38,29,0.09331882,Classical monocytes
TAGCCGGTCCCTTGCA-1,GARQ,D5,3,40,38,12,0.059726357,CD4 memory
TAGCCGGTCCGTAGTA-1,GARQ,D5,3,40,38,3,0.024621606,Naive B
TAGCCGGTCCTACAGA-1,GARQ,D5,3,40,38,24,0.039883614,NK-monocyte doublets
TAGGCATAGGATTCGG-1,GARQ,D5,3,40,38,19,0.008962154,CD56dim CD16bright NK
TAGGCATCAATAGCAA-1,GARQ,D5,3,40,38,19,0.007418394,CD56dim CD16bright NK
TAGGCATCAGGGTATG-1,GARQ,D5,3,40,38,26,0.023782372,CD4 memory
TAGGCATGTCCAACTA-1,GARQ,D5,3,40,38,34,0.11387253,CD8 naive
TAGTGGTAGGTGATAT-1,GARQ,D5,3,40,38,37,0.028564095,Regulatory T cells
TAGTGGTCAATGGATA-1,GARQ,D5,3,40,38,34,0.15719199,CD8 naive
TAGTGGTGTACCATCA-1,GARQ,D5,3,40,38,19,0.027110815,CD56dim CD16bright NK
TAGTGGTGTGTAAGTA-1,GARQ,D5,3,40,38,3,0.038128972,Naive B
TAGTGGTTCCACGTTC-1,GARQ,D5,3,40,38,19,0.010242701,CD56dim CD16bright NK
TAGTTGGAGCCAGTTT-1,GARQ,D5,3,40,38,29,0.14754248,Non classical monocytes
TAGTTGGAGGTGATAT-1,GARQ,D5,3,40,38,3,0.07103443,Memory B
TAGTTGGCAGGCTCAC-1,GARQ,D5,3,40,38,29,0.005960703,Non classical monocytes
TATCAGGCAAGCCGTC-1,GARQ,D5,3,40,38,29,0.089309216,Neutrophils
TATCAGGGTACCTACA-1,GARQ,D5,3,40,38,39,0.04075265,CD56dim CD16bright NK
TATCAGGGTGCCTGGT-1,GARQ,D5,3,40,38,3,0.055019617,Naive B
TATCAGGGTTACAGAA-1,GARQ,D5,3,40,38,19,0.008644819,gdT cells
TATCAGGGTTATTCTC-1,GARQ,D5,3,40,38,3,0.11346495,Naive B
TATCTCAAGATAGGAG-1,GARQ,D5,3,40,38,34,0.09577584,CD4 naive I
TATCTCAAGGATGGAA-1,GARQ,D5,3,40,38,34,0.07160151,CD4 naive I
TATCTCAAGGCACATG-1,GARQ,D5,3,40,38,19,0.012281537,CD56dim CD16bright NK
TATCTCAAGTGGTCCC-1,GARQ,D5,3,40,38,19,0.016894817,CD8 effector
TATCTCAGTTCGTCTC-1,GARQ,D5,3,40,38,16,0.007993817,CD4 memory
TATGCCCAGTTAACGA-1,GARQ,D5,3,40,38,30,0.19371009,Erythroid 
TATGCCCGTATAATGG-1,GARQ,D5,3,40,38,26,0.10991979,CD4 memory
TATGCCCTCACTCTTA-1,GARQ,D5,3,40,38,29,0.087005615,Classical monocytes
TATGCCCTCATTGCCC-1,GARQ,D5,3,40,38,19,0.010571718,CD56dim CD16bright NK
TATTACCCACTACAGT-1,GARQ,D5,3,40,38,26,0.008122563,CD4 memory
TATTACCGTACGACCC-1,GARQ,D5,3,40,38,12,0.0455904,CD8 memory
TCAACGACAGCATACT-1,GARQ,D5,3,40,38,19,0.010113478,CD56dim CD16bright NK
TCAATCTCATACTACG-1,GARQ,D5,3,40,38,16,0.037556767,Regulatory T cells
TCAATCTCATCGGGTC-1,GARQ,D5,3,40,38,19,0.010501385,CD56dim CD16bright NK
TCAATCTCATTCTTAC-1,GARQ,D5,3,40,38,29,0.021864653,plasmacytoid DC
TCAATCTGTATCACCA-1,GARQ,D5,3,40,38,19,0.013502479,CD56dim CD16bright NK
TCAATCTTCCTTTCGG-1,GARQ,D5,3,40,38,19,0.0085247755,CD56dim CD16bright NK
TCACAAGAGTGCCATT-1,GARQ,D5,3,40,38,34,0.06471717,CD4 naive I
TCACAAGCACCTGGTG-1,GARQ,D5,3,40,38,3,0.035812736,Memory B
TCACAAGGTTTCCACC-1,GARQ,D5,3,40,38,19,0.0160079,CD8 effector
TCACAAGTCGTCCAGG-1,GARQ,D5,3,40,38,16,0.005048871,CD8 memory
TCACAAGTCTGCCCTA-1,GARQ,D5,3,40,38,29,0.093232155,Classical monocytes
TCACGAACAACTTGAC-1,GARQ,D5,3,40,38,5,0.08775258,CD56dim CD16bright NK
TCACGAATCAAGGTAA-1,GARQ,D5,3,40,38,29,0.16728544,Classical monocytes
TCAGATGAGGCTAGAC-1,GARQ,D5,3,40,38,29,0.060927033,plasmacytoid DC
TCAGATGAGTCCAGGA-1,GARQ,D5,3,40,38,26,0.060550213,CD4 naive I
TCAGATGAGTGCGATG-1,GARQ,D5,3,40,38,32,0.0833621,CD8 effector
TCAGATGCAAGCTGAG-1,GARQ,D5,3,40,38,19,0.010550976,CD8 effector
TCAGATGGTCTGATTG-1,GARQ,D5,3,40,38,34,0.11466348,CD8 naive
TCAGATGGTTCCGTCT-1,GARQ,D5,3,40,38,31,0.02709508,CD56dim CD16bright NK
TCAGCAAAGCTAGGCA-1,GARQ,D5,3,40,38,29,0.058003187,Classical monocytes
TCAGCAAAGGGTTTCT-1,GARQ,D5,3,40,38,34,0.012393236,CD4 memory
TCAGCAACATCCCATC-1,GARQ,D5,3,40,38,15,0.003217101,CD8 memory
TCAGCAAGTAGCCTCG-1,GARQ,D5,3,40,38,34,0.04032445,CD4 naive I
TCAGCAATCTATCGCC-1,GARQ,D5,3,40,38,5,0.051725984,CD56dim CD16bright NK
TCAGCAATCTCCAACC-1,GARQ,D5,3,40,38,7,0.36679268,T-NK-B cell doublets
TCAGCTCAGACGCTTT-1,GARQ,D5,3,40,38,10,0.16918921,Non classical monocytes
TCAGCTCAGCCAGTTT-1,GARQ,D5,3,40,38,5,0.077955246,CD56dim CD16bright NK
TCAGCTCCAATGTTGC-1,GARQ,D5,3,40,38,29,0.1536305,Platelet-bound monocytes
TCAGGATAGCAGGTCA-1,GARQ,D5,3,40,38,19,0.00950551,CD56dim CD16bright NK
TCAGGATAGCGTTGCC-1,GARQ,D5,3,40,38,12,0.12562776,CD8 memory
TCAGGATGTGTTCTTT-1,GARQ,D5,3,40,38,12,0.007943749,CD4 memory
TCAGGATGTTCCAACA-1,GARQ,D5,3,40,38,31,0.027096748,CD56dim CD16bright NK
TCAGGATTCCAGATCA-1,GARQ,D5,3,40,38,16,0.017034411,MAIT-NKT cells
TCAGGTAAGCCTATGT-1,GARQ,D5,3,40,38,20,0.006272197,CD4 naive I
TCAGGTAAGCGAGAAA-1,GARQ,D5,3,40,38,12,0.027812243,CD4 memory
TCAGGTACATGGTCTA-1,GARQ,D5,3,40,38,26,0.06761873,CD4 naive I
TCAGGTATCTCTGCTG-1,GARQ,D5,3,40,38,26,0.03197944,CD4 naive I
TCATTACTCAGATAAG-1,GARQ,D5,3,40,38,35,0.023580551,gdT cells
TCATTACTCGCGGATC-1,GARQ,D5,3,40,38,37,0.010041833,CD8 memory
TCATTACTCGTGTAGT-1,GARQ,D5,3,40,38,29,0.030271769,Classical monocytes
TCATTTGAGGTGACCA-1,GARQ,D5,3,40,38,29,0.1586628,Classical monocytes
TCATTTGCAGTAACGG-1,GARQ,D5,3,40,38,19,0.010372162,CD56dim CD16bright NK
TCCACACCAGCCTTGG-1,GARQ,D5,3,40,38,29,0.02386427,Non classical monocytes
TCCACACGTCCGCTGA-1,GARQ,D5,3,40,38,13,0.027523935,CD56dim CD16bright NK
TCCCGATCAGTGGGAT-1,GARQ,D5,3,40,38,34,0.059942245,CD4 naive I
TCCCGATGTAAGTGGC-1,GARQ,D5,3,40,38,0,0.028395534,CD56dim CD16bright NK
TCGAGGCCAAAGGCGT-1,GARQ,D5,3,40,38,3,0.07625067,T-NK-B cell doublets
TCGAGGCCAATCCAAC-1,GARQ,D5,3,40,38,3,0.07629287,Memory B
TCGAGGCCACAGGTTT-1,GARQ,D5,3,40,38,5,0.0906291,CD56bright CD16dim NK
TCGAGGCCATCGGACC-1,GARQ,D5,3,40,38,16,0.017740726,MAIT-NKT cells
TCGAGGCCATGCTGGC-1,GARQ,D5,3,40,38,29,0.09878945,Classical monocytes
TCGAGGCTCGTTTGCC-1,GARQ,D5,3,40,38,29,0.1510117,Neutrophils
TCGAGGCTCTGTTGAG-1,GARQ,D5,3,40,38,7,0.14294577,T-NK-B cell doublets
TCGCGAGAGGTGCAAC-1,GARQ,D5,3,40,38,24,0.0038223267,Platelet-bound monocytes
TCGCGAGAGGTGCTAG-1,GARQ,D5,3,40,38,19,0.02248311,CD56dim CD16bright NK
TCGCGAGCAGCTATTG-1,GARQ,D5,3,40,38,4,0.0023953915,Naive B
TCGCGAGCATCCGCGA-1,GARQ,D5,3,40,38,29,0.025422573,Classical monocytes
TCGCGAGGTCCAGTTA-1,GARQ,D5,3,40,38,9,0.17160976,T-NK-B cell doublets
TCGCGAGGTCCGAACC-1,GARQ,D5,3,40,38,16,0.07470071,CD4 memory
TCGCGAGGTCCGTCAG-1,GARQ,D5,3,40,38,3,0.06509745,T-NK-B cell doublets
TCGCGTTGTAGCGATG-1,GARQ,D5,3,40,38,34,0.070530176,CD4 naive I
TCGCGTTGTGCGCTTG-1,GARQ,D5,3,40,38,20,0.042204976,CD4 naive II
TCGGGACAGCGATATA-1,GARQ,D5,3,40,38,29,0.021072388,Classical monocytes
TCGGGACCAAAGGAAG-1,GARQ,D5,3,40,38,3,0.07732463,Naive B
TCGGGACCAGGGTACA-1,GARQ,D5,3,40,38,24,0.06531787,NK-monocyte doublets
TCGGGACGTGCAGACA-1,GARQ,D5,3,40,38,4,0.0065175295,Naive B
TCGGTAAAGGGTGTGT-1,GARQ,D5,3,40,38,13,0.02783835,CD8 effector
TCGGTAACAATGTAAG-1,GARQ,D5,3,40,38,34,0.048912764,CD4 naive I
TCGGTAAGTAAGGGCT-1,GARQ,D5,3,40,38,26,0.04594922,CD8 naive
TCGGTAAGTCAAACTC-1,GARQ,D5,3,40,38,5,0.01127553,gdT cells
TCGGTAAGTTGCGTTA-1,GARQ,D5,3,40,38,10,0.04775107,Non classical monocytes
TCGGTAATCCACGAAT-1,GARQ,D5,3,40,38,29,0.0702765,Classical monocytes
TCGTACCCAATAGCAA-1,GARQ,D5,3,40,38,31,0.029299676,NK-monocyte doublets
TCGTACCCAGTATCTG-1,GARQ,D5,3,40,38,34,0.10369372,CD8 naive
TCGTACCCAGTCCTTC-1,GARQ,D5,3,40,38,19,0.014804602,CD56dim CD16bright NK
TCGTACCTCTCACATT-1,GARQ,D5,3,40,38,5,0.122965455,gdT cells
TCGTAGAAGACAGGCT-1,GARQ,D5,3,40,38,24,0.01800394,NK-monocyte doublets
TCGTAGAAGTCTCAAC-1,GARQ,D5,3,40,38,31,0.08537221,CD56dim CD16bright NK
TCGTAGAAGTTACCCA-1,GARQ,D5,3,40,38,10,0.1500994,Non classical monocytes
TCTATTGAGAAAGTGG-1,GARQ,D5,3,40,38,10,0.048565507,Non classical monocytes
TCTATTGAGTACGCGA-1,GARQ,D5,3,40,38,12,0.00039303303,CD4 memory
TCTATTGCACATTTCT-1,GARQ,D5,3,40,38,9,0.008671641,Memory B
TCTATTGGTCGGATCC-1,GARQ,D5,3,40,38,19,0.0044864416,Platelet-T cell doublets
TCTATTGTCATCGATG-1,GARQ,D5,3,40,38,34,0.087845564,CD8 memory
TCTATTGTCCCTCTTT-1,GARQ,D5,3,40,38,23,0.011882305,CD56bright CD16dim NK
TCTATTGTCTTCCTTC-1,GARQ,D5,3,40,38,2,0.009299457,CD56bright CD16dim NK
TCTCATAAGCTAGTGG-1,GARQ,D5,3,40,38,2,0.047281027,CD56dim CD16bright NK
TCTCATACAGCTCCGA-1,GARQ,D5,3,40,38,19,0.009702444,CD8 effector
TCTCATAGTGATGTCT-1,GARQ,D5,3,40,38,19,0.0146512985,CD56dim CD16bright NK
TCTCATATCCCAGGTG-1,GARQ,D5,3,40,38,9,0.019414306,Memory B
TCTCATATCGCACTCT-1,GARQ,D5,3,40,38,34,0.23090184,CD4 naive I
TCTCTAACAAGTCATC-1,GARQ,D5,3,40,38,12,0.07008946,CD8 memory
TCTGAGACATGTTGAC-1,GARQ,D5,3,40,38,31,0.031980276,CD56dim CD16bright NK
TCTGAGAGTACCCAAT-1,GARQ,D5,3,40,38,28,0.027748823,CD56dim CD16bright NK
TCTGGAACACTTCGAA-1,GARQ,D5,3,40,38,32,0.058138013,CD8 effector
TCTGGAACAGACAAGC-1,GARQ,D5,3,40,38,26,0.040946364,CD4 memory
TCTGGAAGTACCTACA-1,GARQ,D5,3,40,38,12,0.06095612,CD4 memory
TCTGGAAGTCACCTAA-1,GARQ,D5,3,40,38,19,0.018744469,CD56dim CD16bright NK
TCTGGAATCCCTGACT-1,GARQ,D5,3,40,38,19,0.0077575445,CD56dim CD16bright NK
TCTGGAATCTAACCGA-1,GARQ,D5,3,40,38,3,0.10854769,Memory B
TCTTCGGAGACCGGAT-1,GARQ,D5,3,40,38,34,0.0793879,CD4 naive II
TCTTCGGAGGTAAACT-1,GARQ,D5,3,40,38,37,0.0054347515,CD8 memory
TCTTCGGCACGTAAGG-1,GARQ,D5,3,40,38,9,0.04843092,Naive B
TCTTCGGGTACCCAAT-1,GARQ,D5,3,40,38,6,0.133484,CD4 naive I
TCTTCGGGTTGACGTT-1,GARQ,D5,3,40,38,19,0.0079962015,CD56dim CD16bright NK
TCTTTCCCAATTGCTG-1,GARQ,D5,3,40,38,29,0.026247025,Classical monocytes
TCTTTCCCACCCATTC-1,GARQ,D5,3,40,38,26,0.023537278,CD4 naive I
TCTTTCCTCAGGTTCA-1,GARQ,D5,3,40,38,5,0.056841373,CD56dim CD16bright NK
TCTTTCCTCGCGGATC-1,GARQ,D5,3,40,38,16,0.04570973,MAIT-NKT cells
TGAAAGAAGCCAGTTT-1,GARQ,D5,3,40,38,20,0.0142861605,CD4 naive II
TGAAAGACAAACTGTC-1,GARQ,D5,3,40,38,39,0.022114515,CD8 effector
TGAAAGACAGAGTGTG-1,GARQ,D5,3,40,38,34,0.00038456917,CD8 naive
TGAAAGACATAAAGGT-1,GARQ,D5,3,40,38,13,0.009931564,CD8 effector
TGAAAGACATGCATGT-1,GARQ,D5,3,40,38,29,0.108781695,Classical monocytes
TGAAAGAGTTCTGGTA-1,GARQ,D5,3,40,38,6,0.023107767,CD8 naive
TGAAAGATCTCCTATA-1,GARQ,D5,3,40,38,10,0.0493412,Non classical monocytes
TGACAACAGACGCAAC-1,GARQ,D5,3,40,38,26,0.062316537,CD4 naive I
TGACAACCAACGCACC-1,GARQ,D5,3,40,38,19,0.006793976,CD56bright CD16dim NK
TGACAACTCGGTGTTA-1,GARQ,D5,3,40,38,28,0.07194495,CD56dim CD16bright NK
TGACGGCAGGCATGGT-1,GARQ,D5,3,40,38,5,0.012452841,CD56dim CD16bright NK
TGACGGCCATGAGCGA-1,GARQ,D5,3,40,38,12,0.05700159,CD4 memory
TGACGGCGTGACGCCT-1,GARQ,D5,3,40,38,34,0.120107055,CD8 naive
TGACTAGAGAAGGGTA-1,GARQ,D5,3,40,38,6,0.010568738,CD8 naive
TGACTAGGTATCAGTC-1,GARQ,D5,3,40,38,29,0.014836788,Classical monocytes
TGACTAGGTGAGGGTT-1,GARQ,D5,3,40,38,16,0.110863924,MAIT-NKT cells
TGACTAGTCACTGGGC-1,GARQ,D5,3,40,38,13,0.024785757,CD56dim CD16bright NK
TGACTAGTCCCAAGTA-1,GARQ,D5,3,40,38,29,0.11728883,Classical monocytes
TGACTTTAGAAGGTGA-1,GARQ,D5,3,40,38,5,0.11779094,CD8 effector
TGACTTTAGAATTCCC-1,GARQ,D5,3,40,38,3,0.08653259,Naive B
TGACTTTAGAGCAATT-1,GARQ,D5,3,40,38,0,0.0038315058,CD56dim CD16bright NK
TGACTTTAGATGCCAG-1,GARQ,D5,3,40,38,19,0.020771027,CD56dim CD16bright NK
TGACTTTAGCCACGTC-1,GARQ,D5,3,40,38,10,0.17056322,Non classical monocytes
TGACTTTCACAGGAGT-1,GARQ,D5,3,40,38,31,0.012063861,CD56dim CD16bright NK
TGACTTTCATATGGTC-1,GARQ,D5,3,40,38,12,0.20916343,CD4 memory
TGACTTTCATGGGACA-1,GARQ,D5,3,40,38,5,0.043811083,CD56dim CD16bright NK
TGACTTTGTGCCTTGG-1,GARQ,D5,3,40,38,19,0.013310432,CD56dim CD16bright NK
TGACTTTGTGGTTTCA-1,GARQ,D5,3,40,38,3,0.02877438,Naive B
TGACTTTGTTAAAGTG-1,GARQ,D5,3,40,38,19,0.01160872,CD56dim CD16bright NK
TGACTTTTCAAACAAG-1,GARQ,D5,3,40,38,26,0.051098585,CD4 naive I
TGACTTTTCTAACTTC-1,GARQ,D5,3,40,38,5,0.038871884,CD56bright CD16dim NK
TGAGAGGAGTACGCGA-1,GARQ,D5,3,40,38,19,0.009051681,CD56dim CD16bright NK
TGAGAGGGTGATGCCC-1,GARQ,D5,3,40,38,3,0.09712863,Naive B
TGAGAGGTCTTATCTG-1,GARQ,D5,3,40,38,2,0.0006662607,CD56dim CD16bright NK
TGAGCATCATGTCCTC-1,GARQ,D5,3,40,38,2,0.012698293,CD56dim CD16bright NK
TGAGCATGTCAGAAGC-1,GARQ,D5,3,40,38,19,0.008122802,CD56dim CD16bright NK
TGAGCATTCGCAGGCT-1,GARQ,D5,3,40,38,12,0.002617836,CD4 memory
TGAGCCGGTCGAGTTT-1,GARQ,D5,3,40,38,11,0.10034227,CD56dim CD16bright NK
TGAGGGACACTTAAGC-1,GARQ,D5,3,40,38,15,0.018986344,MAIT-NKT cells
TGAGGGAGTACCGCTG-1,GARQ,D5,3,40,38,6,0.015202761,CD4 naive I
TGAGGGAGTCAGAATA-1,GARQ,D5,3,40,38,10,0.025769114,Non classical monocytes
TGAGGGAGTTCGTGAT-1,GARQ,D5,3,40,38,29,0.095304966,Neutrophils
TGAGGGATCACCCGAG-1,GARQ,D5,3,40,38,29,0.015450597,Neutrophils
TGAGGGATCATTCACT-1,GARQ,D5,3,40,38,31,0.04479003,NK-monocyte doublets
TGAGGGATCGGGAGTA-1,GARQ,D5,3,40,38,13,0.0755862,CD56dim CD16bright NK
TGATTTCCAGCAGTTT-1,GARQ,D5,3,40,38,19,0.0082376,CD56bright CD16dim NK
TGATTTCCAGGCTCAC-1,GARQ,D5,3,40,38,29,0.020142436,Classical monocytes
TGATTTCGTACTTAGC-1,GARQ,D5,3,40,38,19,0.010571003,CD56dim CD16bright NK
TGATTTCGTAGAAGGA-1,GARQ,D5,3,40,38,6,0.011816859,CD4 memory
TGATTTCGTAGGAGTC-1,GARQ,D5,3,40,38,16,0.08817518,CD4 memory
TGATTTCGTGAACCTT-1,GARQ,D5,3,40,38,29,0.11417508,Classical monocytes
TGCACCTAGGGTCTCC-1,GARQ,D5,3,40,38,29,0.09614086,Classical monocytes
TGCACCTCACACAGAG-1,GARQ,D5,3,40,38,19,0.014702797,CD56dim CD16bright NK
TGCACCTGTAACGCGA-1,GARQ,D5,3,40,38,31,0.012504935,CD56dim CD16bright NK
TGCCAAAAGACAAAGG-1,GARQ,D5,3,40,38,19,0.010653496,CD56dim CD16bright NK
TGCCAAAAGCCATCGC-1,GARQ,D5,3,40,38,29,0.07312477,Classical monocytes
TGCCAAAAGCGATCCC-1,GARQ,D5,3,40,38,12,0.009157538,CD8 memory
TGCCAAAAGGAGCGAG-1,GARQ,D5,3,40,38,6,0.01940751,CD4 naive I
TGCCCATAGCCACTAT-1,GARQ,D5,3,40,38,31,0.10980773,CD56dim CD16bright NK
TGCCCATCATTGGTAC-1,GARQ,D5,3,40,38,29,0.06812239,Classical monocytes
TGCCCATGTCACACGC-1,GARQ,D5,3,40,38,26,0.016628504,CD4 naive II
TGCCCATGTGCTCTTC-1,GARQ,D5,3,40,38,28,0.04159689,CD56dim CD16bright NK
TGCCCTAAGACAGACC-1,GARQ,D5,3,40,38,31,0.06162131,CD56dim CD16bright NK
TGCCCTACACGGCGTT-1,GARQ,D5,3,40,38,24,0.04576683,MAIT-NKT cells
TGCCCTAGTGCGAAAC-1,GARQ,D5,3,40,38,10,0.1125828,Non classical monocytes
TGCGCAGAGGATGTAT-1,GARQ,D5,3,40,38,34,0.0804404,CD4 naive I
TGCGCAGTCGGAATCT-1,GARQ,D5,3,40,38,19,0.012323856,CD56dim CD16bright NK
TGCGGGTAGAAACGAG-1,GARQ,D5,3,40,38,16,0.044505358,MAIT-NKT cells
TGCGGGTAGCTAGTCT-1,GARQ,D5,3,40,38,33,0.013196111,CD56dim CD16bright NK
TGCGGGTCAAGAGGCT-1,GARQ,D5,3,40,38,29,0.029918313,Non classical monocytes
TGCGGGTTCGATGAGG-1,GARQ,D5,3,40,38,19,0.030700445,CD56dim CD16bright NK
TGCGTGGAGCCACGTC-1,GARQ,D5,3,40,38,19,0.010913491,CD8 effector
TGCGTGGAGCCAGTAG-1,GARQ,D5,3,40,38,26,0.021737576,CD4 naive I
TGCGTGGAGGGTCGAT-1,GARQ,D5,3,40,38,29,0.04086411,Neutrophils
TGCGTGGCACACAGAG-1,GARQ,D5,3,40,38,28,0.040204644,CD56dim CD16bright NK
TGCGTGGGTTCCACGG-1,GARQ,D5,3,40,38,31,0.006165862,CD56dim CD16bright NK
TGCGTGGTCTTGCATT-1,GARQ,D5,3,40,38,5,0.14135551,CD8 effector
TGCTACCAGCCTATGT-1,GARQ,D5,3,40,38,32,0.013091087,CD8 effector
TGCTACCCAAAGTGCG-1,GARQ,D5,3,40,38,39,0.049601793,NK-T doublets
TGCTACCCAGTATCTG-1,GARQ,D5,3,40,38,12,0.025401354,CD8 effector
TGCTACCCAGTTCATG-1,GARQ,D5,3,40,38,26,0.058621883,CD4 memory
TGCTACCGTGAAGGCT-1,GARQ,D5,3,40,38,12,0.077316046,CD4 memory
TGCTGCTAGCTCAACT-1,GARQ,D5,3,40,38,7,0.10621536,T-NK-B cell doublets
TGCTGCTGTCGTCTTC-1,GARQ,D5,3,40,38,29,0.059278727,Platelet-bound monocytes
TGCTGCTGTTCGTGAT-1,GARQ,D5,3,40,38,29,0.06567299,Neutrophils
TGCTGCTTCTCGGACG-1,GARQ,D5,3,40,38,19,0.009832263,MAIT-NKT cells
TGGACGCAGACAGACC-1,GARQ,D5,3,40,38,13,0.0074762106,NK-T doublets
TGGACGCAGACCTTTG-1,GARQ,D5,3,40,38,26,0.14404142,CD4 memory
TGGACGCCACGCCAGT-1,GARQ,D5,3,40,38,19,0.010703087,CD56dim CD16bright NK
TGGACGCCAGTCGTGC-1,GARQ,D5,3,40,38,19,0.008936167,CD56dim CD16bright NK
TGGCCAGAGCCGATTT-1,GARQ,D5,3,40,38,19,0.018205166,CD56dim CD16bright NK
TGGCCAGAGGTGCAAC-1,GARQ,D5,3,40,38,16,0.021003962,MAIT-NKT cells
TGGCCAGCAGTATCTG-1,GARQ,D5,3,40,38,34,0.076948285,CD4 naive I
TGGCCAGGTCGGATCC-1,GARQ,D5,3,40,38,29,0.043471575,Neutrophils
TGGCGCAGTTAAGTAG-1,GARQ,D5,3,40,38,26,0.05468583,CD4 memory
TGGCGCATCAGTCCCT-1,GARQ,D5,3,40,38,29,0.02584052,Classical monocytes
TGGCGCATCTCCGGTT-1,GARQ,D5,3,40,38,12,0.061940193,NK-T doublets
TGGCTGGAGCTAGCCC-1,GARQ,D5,3,40,38,34,0.13845289,CD4 naive I
TGGCTGGCAGTTCCCT-1,GARQ,D5,3,40,38,24,0.03048718,Neutrophils
TGGCTGGGTCACAAGG-1,GARQ,D5,3,40,38,10,0.015869617,Non classical monocytes
TGGGAAGAGATAGGAG-1,GARQ,D5,3,40,38,19,0.010692239,CD56dim CD16bright NK
TGGGAAGCAAATCCGT-1,GARQ,D5,3,40,38,23,0.026503563,CD56dim CD16bright NK
TGGGAAGCAGTCAGCC-1,GARQ,D5,3,40,38,7,0.23891765,T-NK-B cell doublets
TGGGAAGGTAGCGCTC-1,GARQ,D5,3,40,38,20,0.072298765,CD4 naive I
TGGGAAGGTTGTGGAG-1,GARQ,D5,3,40,38,34,0.10745931,CD4 naive I
TGGGCGTCACCCAGTG-1,GARQ,D5,3,40,38,29,0.1142683,T-NK-B cell doublets
TGGGCGTCACGTCTCT-1,GARQ,D5,3,40,38,26,0.028748274,CD4 naive I
TGGGCGTCACTAGTAC-1,GARQ,D5,3,40,38,38,0.055582643,CD8 effector
TGGGCGTGTCTCCATC-1,GARQ,D5,3,40,38,7,0.34355783,T-NK-B cell doublets
TGGGCGTGTGACCAAG-1,GARQ,D5,3,40,38,12,0.18499064,CD8 memory
TGGGCGTGTTATCCGA-1,GARQ,D5,3,40,38,29,0.065455675,Classical monocytes
TGGGCGTGTTGAACTC-1,GARQ,D5,3,40,38,30,0.0106265545,CD4 memory
TGGTTAGAGTAACCCT-1,GARQ,D5,3,40,38,19,0.012608647,CD56dim CD16bright NK
TGGTTAGCACGGTAGA-1,GARQ,D5,3,40,38,19,0.0075856447,CD56dim CD16bright NK
TGGTTAGCACGTCAGC-1,GARQ,D5,3,40,38,26,0.06232238,CD4 memory
TGGTTAGCAGACAAGC-1,GARQ,D5,3,40,38,29,0.19185162,Classical monocytes
TGGTTCCAGACTTTCG-1,GARQ,D5,3,40,38,31,0.054484367,CD56dim CD16bright NK
TGGTTCCAGATCCTGT-1,GARQ,D5,3,40,38,31,0.0012336969,CD56dim CD16bright NK
TGGTTCCTCATATCGG-1,GARQ,D5,3,40,38,26,0.059443414,CD4 naive I
TGTATTCAGTCAATAG-1,GARQ,D5,3,40,38,12,0.05323863,CD8 memory
TGTATTCTCTAGCACA-1,GARQ,D5,3,40,38,19,0.008656621,CD56dim CD16bright NK
TGTCCCAAGGTAGCCA-1,GARQ,D5,3,40,38,31,0.008611321,CD56dim CD16bright NK
TGTCCCAGTGTGTGCC-1,GARQ,D5,3,40,38,29,0.23651838,T-NK-B cell doublets
TGTCCCAGTTACAGAA-1,GARQ,D5,3,40,38,31,0.043706298,CD56dim CD16bright NK
TGTCCCATCGACAGCC-1,GARQ,D5,3,40,38,15,0.03623855,CD8 memory
TGTGGTAGTCATGCAT-1,GARQ,D5,3,40,38,19,0.0052968264,CD56dim CD16bright NK
TGTGGTAGTCTAGCCG-1,GARQ,D5,3,40,38,19,0.007878423,CD56dim CD16bright NK
TGTGGTAGTTTAAGCC-1,GARQ,D5,3,40,38,20,0.012664437,CD4 memory
TGTGGTATCACATACG-1,GARQ,D5,3,40,38,11,0.09656584,CD56dim CD16bright NK
TGTGTTTAGATTACCC-1,GARQ,D5,3,40,38,19,0.016646624,CD56dim CD16bright NK
TGTGTTTGTACATCCA-1,GARQ,D5,3,40,38,19,0.009002209,CD56dim CD16bright NK
TGTGTTTGTCGTCTTC-1,GARQ,D5,3,40,38,6,0.012956858,CD4 naive I
TGTGTTTGTTAAGACA-1,GARQ,D5,3,40,38,16,0.16206062,CD4 and CD8 activated memory
TGTGTTTGTTGTGGAG-1,GARQ,D5,3,40,38,2,0.022326231,CD56dim CD16bright NK
TGTTCCGCAACACGCC-1,GARQ,D5,3,40,38,34,0.09670699,CD4 naive I
TGTTCCGCAAGCGTAG-1,GARQ,D5,3,40,38,19,0.0059039593,CD56dim CD16bright NK
TGTTCCGTCAAGGCTT-1,GARQ,D5,3,40,38,10,0.20364225,Non classical monocytes
TGTTCCGTCATTGCGA-1,GARQ,D5,3,40,38,29,0.09558058,Classical monocytes
TTAACTCAGACAGGCT-1,GARQ,D5,3,40,38,34,0.007830739,CD4 naive I
TTAACTCAGGTGTGGT-1,GARQ,D5,3,40,38,3,0.044635296,Memory B
TTAGGACAGCTGAACG-1,GARQ,D5,3,40,38,12,0.09667826,CD8 memory
TTAGGACAGTATCGAA-1,GARQ,D5,3,40,38,10,0.020262003,Neutrophils
TTAGGACCATGTAGTC-1,GARQ,D5,3,40,38,19,0.009661436,CD56dim CD16bright NK
TTAGGACGTTTAAGCC-1,GARQ,D5,3,40,38,3,0.021305203,Naive B
TTAGGACTCCTAAGTG-1,GARQ,D5,3,40,38,10,0.07433319,Non classical monocytes
TTAGGACTCTGCGGCA-1,GARQ,D5,3,40,38,19,0.0057612658,CD8 effector
TTAGGCAAGCGTTCCG-1,GARQ,D5,3,40,38,10,0.17372632,Non classical monocytes
TTAGGCACATTTGCTT-1,GARQ,D5,3,40,38,34,0.24966788,CD4 naive II
TTAGGCAGTAATCGTC-1,GARQ,D5,3,40,38,10,0.09387815,Non classical monocytes
TTAGGCATCACCTTAT-1,GARQ,D5,3,40,38,3,0.11180878,Memory B
TTAGGCATCGGCGCTA-1,GARQ,D5,3,40,38,29,0.03659773,Classical monocytes
TTAGTTCAGATAGCAT-1,GARQ,D5,3,40,38,16,0.009408712,CD4 memory
TTAGTTCGTAATTGGA-1,GARQ,D5,3,40,38,31,0.18107772,conventional DC
TTAGTTCTCTCTAAGG-1,GARQ,D5,3,40,38,19,0.011416078,CD56dim CD16bright NK
TTAGTTCTCTGGGCCA-1,GARQ,D5,3,40,38,7,0.237046,T-NK-B cell doublets
TTATGCTCAATCCGAT-1,GARQ,D5,3,40,38,26,0.07644868,CD4 naive II
TTATGCTCACGGCCAT-1,GARQ,D5,3,40,38,15,0.038464427,MAIT-NKT cells
TTATGCTCAGCCTTTC-1,GARQ,D5,3,40,38,34,0.022144198,CD4 memory
TTATGCTGTACCATCA-1,GARQ,D5,3,40,38,34,0.06749427,CD8 naive
TTATGCTGTCTAGAGG-1,GARQ,D5,3,40,38,5,0.057254434,gdT cells
TTATGCTGTGTAATGA-1,GARQ,D5,3,40,38,16,0.10048962,MAIT-NKT cells
TTATGCTGTTCACCTC-1,GARQ,D5,3,40,38,29,0.081879735,Neutrophils
TTATGCTTCGCTTGTC-1,GARQ,D5,3,40,38,29,0.08130276,Classical monocytes
TTATGCTTCGTGGTCG-1,GARQ,D5,3,40,38,34,0.06080985,CD4 naive I
TTCCCAGAGAGTGACC-1,GARQ,D5,3,40,38,12,0.041226506,MAIT-NKT cells
TTCCCAGAGCGTTGCC-1,GARQ,D5,3,40,38,34,0.14270306,CD8 naive
TTCCCAGCAAGCGATG-1,GARQ,D5,3,40,38,9,0.0022705793,Naive B
TTCCCAGCACATGTGT-1,GARQ,D5,3,40,38,11,0.043136835,CD56dim CD16bright NK
TTCCCAGGTATTACCG-1,GARQ,D5,3,40,38,31,0.02572751,CD56dim CD16bright NK
TTCCCAGGTCTCCACT-1,GARQ,D5,3,40,38,29,0.012482643,Platelet-bound monocytes
TTCCCAGGTTGTTTGG-1,GARQ,D5,3,40,38,29,0.08412576,Neutrophils
TTCGAAGAGTTACGGG-1,GARQ,D5,3,40,38,16,0.002204299,CD8 memory
TTCGAAGGTAAATGAC-1,GARQ,D5,3,40,38,6,0.010937333,CD4 and CD8 activated memory
TTCGAAGTCATAAAGG-1,GARQ,D5,3,40,38,8,0.014599085,gdT cells
TTCGAAGTCATGCATG-1,GARQ,D5,3,40,38,34,0.0959326,CD8 naive
TTCGAAGTCCAGGGCT-1,GARQ,D5,3,40,38,3,0.055248618,Naive B
TTCGGTCCAGTAACGG-1,GARQ,D5,3,40,38,19,0.005487919,CD56dim CD16bright NK
TTCGGTCTCGACCAGC-1,GARQ,D5,3,40,38,34,0.09035027,CD4 naive I
TTCGGTCTCGTGTAGT-1,GARQ,D5,3,40,38,19,0.006734848,CD56dim CD16bright NK
TTCTACAAGACCACGA-1,GARQ,D5,3,40,38,19,0.009741068,CD56dim CD16bright NK
TTCTACAAGCTGCAAG-1,GARQ,D5,3,40,38,3,0.020702839,Memory B
TTCTACAAGGGCTCTC-1,GARQ,D5,3,40,38,38,0.01262486,CD8 effector
TTCTACAGTTCGCGAC-1,GARQ,D5,3,40,38,16,0.07377684,CD8 effector
TTCTACAGTTGGTGGA-1,GARQ,D5,3,40,38,12,0.021646023,MAIT-NKT cells
TTCTACATCCTGTACC-1,GARQ,D5,3,40,38,4,0.042782545,Naive B
TTCTCAAAGCGCCTCA-1,GARQ,D5,3,40,38,19,0.008892894,CD56dim CD16bright NK
TTCTCAAAGCGGCTTC-1,GARQ,D5,3,40,38,19,0.02354312,CD56dim CD16bright NK
TTCTCAACACCTATCC-1,GARQ,D5,3,40,38,34,0.16692281,CD4 naive I
TTCTCCTCAAAGCGGT-1,GARQ,D5,3,40,38,29,0.0046844482,Classical monocytes
TTCTCCTCAAGCCCAC-1,GARQ,D5,3,40,38,12,0.13546133,CD4 memory
TTCTCCTTCCTTGGTC-1,GARQ,D5,3,40,38,12,0.019541383,CD4 memory
TTCTCCTTCTACCAGA-1,GARQ,D5,3,40,38,12,0.036585927,CD4 memory
TTCTTAGTCCCTCTTT-1,GARQ,D5,3,40,38,7,0.3865664,T-NK-B cell doublets
TTCTTAGTCTGCTTGC-1,GARQ,D5,3,40,38,5,0.015965104,CD56dim CD16bright NK
TTGAACGAGACATAAC-1,GARQ,D5,3,40,38,2,0.04640889,CD56dim CD16bright NK
TTGAACGGTCAACATC-1,GARQ,D5,3,40,38,19,0.011636972,CD56dim CD16bright NK
TTGAACGGTCCGAACC-1,GARQ,D5,3,40,38,29,0.09016204,T-NK-B cell doublets
TTGAACGTCCTTTCTC-1,GARQ,D5,3,40,38,26,0.048116207,CD4 naive I
TTGACTTGTACCTACA-1,GARQ,D5,3,40,38,12,0.007640481,MAIT-NKT cells
TTGACTTGTACGCTGC-1,GARQ,D5,3,40,38,3,0.025356889,Naive B
TTGACTTGTGCAGACA-1,GARQ,D5,3,40,38,29,0.059734583,Classical monocytes
TTGACTTGTGCGATAG-1,GARQ,D5,3,40,38,4,0.008751869,Naive B
TTGCCGTCAAGGGTCA-1,GARQ,D5,3,40,38,3,0.10194719,Naive B
TTGCCGTCACAGACTT-1,GARQ,D5,3,40,38,32,0.06376076,NK-T doublets
TTGCCGTCATATACCG-1,GARQ,D5,3,40,38,26,0.021381736,CD4 naive I
TTGCCGTGTGGCAAAC-1,GARQ,D5,3,40,38,6,0.020335078,CD4 naive I
TTGCGTCAGGTGCTAG-1,GARQ,D5,3,40,38,26,0.071652174,CD4 memory
TTGCGTCCAACGATCT-1,GARQ,D5,3,40,38,29,0.064279914,NK-monocyte doublets
TTGCGTCCAATCACAC-1,GARQ,D5,3,40,38,35,0.028711557,gdT cells
TTGCGTCCAGCCTTGG-1,GARQ,D5,3,40,38,29,0.07318747,conventional DC
TTGCGTCGTTGCGTTA-1,GARQ,D5,3,40,38,28,0.087536216,CD56dim CD16bright NK
TTGCGTCTCAACCAAC-1,GARQ,D5,3,40,38,12,0.03508222,MAIT-NKT cells
TTGCGTCTCGGATGTT-1,GARQ,D5,3,40,38,16,0.032240868,NK-T doublets
TTGGAACAGACTAGGC-1,GARQ,D5,3,40,38,31,0.022076964,CD56dim CD16bright NK
TTGGAACAGCGTGAGT-1,GARQ,D5,3,40,38,28,0.04054439,CD56dim CD16bright NK
TTGGAACAGGTAAACT-1,GARQ,D5,3,40,38,19,0.007847905,CD56dim CD16bright NK
TTGGAACCATGCATGT-1,GARQ,D5,3,40,38,19,0.012044907,CD56dim CD16bright NK
TTGGAACTCAGTGTTG-1,GARQ,D5,3,40,38,34,0.1168344,CD8 naive
TTGGCAAAGAGTAATC-1,GARQ,D5,3,40,38,34,0.077032804,Regulatory T cells
TTGGCAACAAACCTAC-1,GARQ,D5,3,40,38,19,0.0050457716,CD56dim CD16bright NK
TTGGCAACATCATCCC-1,GARQ,D5,3,40,38,29,0.042761087,Classical monocytes
TTGGCAAGTCTAGCGC-1,GARQ,D5,3,40,38,26,0.033676147,CD4 memory
TTGGCAATCCACTGGG-1,GARQ,D5,3,40,38,28,0.005760312,CD56dim CD16bright NK
TTGGCAATCGAATGGG-1,GARQ,D5,3,40,38,21,0.010235548,CD4 memory
TTGTAGGAGGACCACA-1,GARQ,D5,3,40,38,3,0.1563127,Naive B
TTGTAGGGTACGCACC-1,GARQ,D5,3,40,38,10,0.0052702427,NK-monocyte doublets
TTGTAGGTCACATAGC-1,GARQ,D5,3,40,38,29,0.10184133,Neutrophils
TTGTAGGTCCTTCAAT-1,GARQ,D5,3,40,38,29,0.17901039,Classical monocytes
TTTACTGAGATGTGTA-1,GARQ,D5,3,40,38,17,0.051262975,CD8 naive
TTTACTGCAGTATAAG-1,GARQ,D5,3,40,38,29,0.09738946,Classical monocytes
TTTACTGGTATAGGGC-1,GARQ,D5,3,40,38,11,0.01805687,CD56dim CD16bright NK
TTTACTGTCAGATAAG-1,GARQ,D5,3,40,38,13,0.09270537,gdT cells
TTTACTGTCCTAGGGC-1,GARQ,D5,3,40,38,2,0.008347511,CD56dim CD16bright NK
TTTACTGTCTGCAGTA-1,GARQ,D5,3,40,38,26,0.05748737,CD4 naive I
TTTATGCCAACACCCG-1,GARQ,D5,3,40,38,34,0.15015626,CD8 naive
TTTATGCGTAGCCTCG-1,GARQ,D5,3,40,38,3,0.044988275,Naive B
TTTATGCGTCAATGTC-1,GARQ,D5,3,40,38,9,0.16575289,T-NK-B cell doublets
TTTATGCGTTGCGCAC-1,GARQ,D5,3,40,38,16,0.06703091,CD8 effector
TTTCCTCAGACAATAC-1,GARQ,D5,3,40,38,16,0.1675905,Proliferating T and NK cell
TTTCCTCCATTACCTT-1,GARQ,D5,3,40,38,29,0.110832214,Classical monocytes
TTTCCTCTCGACGGAA-1,GARQ,D5,3,40,38,3,0.1802907,Naive B
TTTGCGCAGATAGCAT-1,GARQ,D5,3,40,38,29,0.0674541,Neutrophils
TTTGCGCAGCGATAGC-1,GARQ,D5,3,40,38,29,0.025879383,Platelet-bound monocytes
TTTGCGCCATCTATGG-1,GARQ,D5,3,40,38,16,0.004181385,CD4 and CD8 activated memory
TTTGCGCCATTGGTAC-1,GARQ,D5,3,40,38,12,0.027171493,CD4 memory
TTTGCGCGTCCAACTA-1,GARQ,D5,3,40,38,29,0.014678001,NK-monocyte doublets
TTTGCGCGTTCGCGAC-1,GARQ,D5,3,40,38,3,0.022790074,Memory B
TTTGCGCTCCACGACG-1,GARQ,D5,3,40,38,34,0.17211485,CD4 naive I
TTTGGTTAGACAGGCT-1,GARQ,D5,3,40,38,6,0.0010997057,CD4 memory
TTTGGTTCAAGCGCTC-1,GARQ,D5,3,40,38,28,0.08645904,CD56dim CD16bright NK
TTTGGTTTCCCAGGTG-1,GARQ,D5,3,40,38,29,0.04187894,Classical monocytes
TTTGTCAAGGACAGAA-1,GARQ,D5,3,40,38,3,0.049204826,Naive B
TTTGTCACAAGGTGTG-1,GARQ,D5,3,40,38,26,0.014478564,CD8 naive
TTTGTCACACCATCCT-1,GARQ,D5,3,40,38,29,0.06184244,Classical monocytes
TTTGTCACATTTCACT-1,GARQ,D5,3,40,38,34,0.13156986,CD4 naive II
TTTGTCAGTTCGAATC-1,GARQ,D5,3,40,38,29,0.04849863,Platelet-bound monocytes
TTTGTCATCCACTCCA-1,GARQ,D5,3,40,38,12,0.072405815,MAIT-NKT cells
TTTGTCATCGAATGGG-1,GARQ,D5,3,40,38,10,0.09822309,Non classical monocytes
