cell_id,method,dataset,seed,requested_K,realized_K,metacell_id,delta_confidence,cell_type
AAACAGCCATGATTGT-3,GARQ,D17,4,40,38,12,0.12223017,Podocytes
AAACCAACATTGCAGC-2,GARQ,D17,4,40,38,11,0.14397192,Proximal Tubule
AAACCAACATTGCGGT-2,GARQ,D17,4,40,38,15,0.029574692,Parietal Epithelial Cells
AAACCGCGTGCTAGCG-2,GARQ,D17,4,40,38,23,0.029787898,Proximal Tubule
AAACGCGCAAGGTCGA-1,GARQ,D17,4,40,38,19,0.4210871,Proximal Tubule
AAACGCGCAGCAACCT-2,GARQ,D17,4,40,38,11,0.037804067,Proximal Tubule
AAACGTACACGTTACA-3,GARQ,D17,4,40,38,18,0.0038746,Proximal Tubule
AAAGCACCAATGCCTA-3,GARQ,D17,4,40,38,19,0.0010432005,Tumor (Neuronal-like)
AAAGCACCACAGGAAT-2,GARQ,D17,4,40,38,20,0.067996204,Proximal Tubule
AAAGCACCAGCAACAG-2,GARQ,D17,4,40,38,8,0.07019675,Parietal Epithelial Cells
AAAGCCCGTGTGCACG-4,GARQ,D17,4,40,38,22,0.22553372,Tumor Epithelial
AAAGCGGGTGAGCGAA-2,GARQ,D17,4,40,38,15,0.1547525,Parietal Epithelial Cells
AAAGGAGCACAGCCTG-4,GARQ,D17,4,40,38,35,0.015354633,Tumor Epithelial
AAAGGCTCAAACTGTT-2,GARQ,D17,4,40,38,10,0.00330168,Podocytes
AAAGGCTCAGGACACA-2,GARQ,D17,4,40,38,20,0.0022801757,Proximal Tubule
AAAGGTTAGGCTACAT-4,GARQ,D17,4,40,38,1,0.1845479,Tumor Epithelial
AAAGGTTAGTGCTGTG-2,GARQ,D17,4,40,38,30,0.13181901,Proximal Tubule
AAATCCGGTCCTAATC-3,GARQ,D17,4,40,38,4,0.17120504,Proximal Tubule
AAATCCGGTGCTTTAC-3,GARQ,D17,4,40,38,31,0.065458596,Proximal Tubule
AAATGCCTCCAAATCA-4,GARQ,D17,4,40,38,19,0.035760283,Tumor Epithelial
AAATGCCTCCGCACAA-2,GARQ,D17,4,40,38,20,0.093382776,Proximal Tubule
AAATGCCTCGCGACAC-3,GARQ,D17,4,40,38,12,0.1217168,Stressed Tumor (p53+)
AACAAAGGTCATGCCC-2,GARQ,D17,4,40,38,11,0.039413214,Proximal Tubule
AACAAGCCACAACCTA-4,GARQ,D17,4,40,38,29,0.013450563,Tumor Epithelial
AACAGGATCTCATCAT-1,GARQ,D17,4,40,38,34,0.124673486,Podocytes
AACATCATCGCTAAGT-3,GARQ,D17,4,40,38,12,0.05422473,Parietal Epithelial Cells
AACCCGCAGTAAGGGC-1,GARQ,D17,4,40,38,36,0.0860714,Tumor (Neuronal-like)
AACCGCTCAAACCTAT-4,GARQ,D17,4,40,38,4,0.4028536,Tumor Epithelial
AACCGCTCAACACCTA-1,GARQ,D17,4,40,38,19,0.08705467,Tumor (Neuronal-like)
AACCGGCTCTTAGCGG-3,GARQ,D17,4,40,38,20,0.003293395,Stressed Tumor (p53+)
AACCTAATCCGGCTAA-2,GARQ,D17,4,40,38,11,0.04015255,Parietal Epithelial Cells
AACCTCACAATGCCTA-1,GARQ,D17,4,40,38,24,0.05929172,Tumor Epithelial
AACCTCCTCATAACTG-2,GARQ,D17,4,40,38,20,0.0048657656,Proximal Tubule
AACCTCCTCTAAGGTC-1,GARQ,D17,4,40,38,19,0.4066159,Tumor (Neuronal-like)
AACCTCCTCTCGCCTG-2,GARQ,D17,4,40,38,20,0.2809595,Proximal Tubule
AACCTTGCACACTAAT-4,GARQ,D17,4,40,38,12,0.049613684,Tumor Epithelial
AACGACAAGCCTAATA-1,GARQ,D17,4,40,38,32,0.11437976,Tumor (Neuronal-like)
AACGACAAGGAGGACT-3,GARQ,D17,4,40,38,22,0.055571854,Podocytes
AACGGTAAGTTGGGCC-2,GARQ,D17,4,40,38,20,0.12982082,Proximal Tubule
AACTACTCACACTAAT-3,GARQ,D17,4,40,38,19,0.150065,Proximal Tubule
AACTACTCACCCACCT-3,GARQ,D17,4,40,38,7,0.0199686,Proximal Tubule
AACTAGCTCTTGAGGT-2,GARQ,D17,4,40,38,15,0.10197273,Myeloid Cells
AACTGTTCAGCAACCT-4,GARQ,D17,4,40,38,26,0.1638431,Tumor Epithelial
AACTTAGTCCTCGATC-4,GARQ,D17,4,40,38,1,0.083955795,Low Quality / Dying
AACTTAGTCGCTAGCA-3,GARQ,D17,4,40,38,19,0.13072693,Proximal Tubule
AAGACATAGTGAGAGC-4,GARQ,D17,4,40,38,12,0.15588754,Myeloid Cells
AAGACCAAGCTGTAAC-3,GARQ,D17,4,40,38,19,0.016106844,Proximal Tubule
AAGACCAAGTAACGGA-1,GARQ,D17,4,40,38,4,0.09373653,Tumor Epithelial
AAGCAAGTCGGTTCCT-3,GARQ,D17,4,40,38,12,0.036021143,Proximal Tubule
AAGCATGAGCTGGAAA-3,GARQ,D17,4,40,38,4,0.06305838,Proximal Tubule
AAGCCACGTAATCGCA-3,GARQ,D17,4,40,38,4,0.010892034,Injured PT-like
AAGCCTCCAAATGCCC-3,GARQ,D17,4,40,38,31,0.047791183,Podocytes
AAGCCTCCACGAACAG-1,GARQ,D17,4,40,38,12,0.13849509,Tumor (Neuronal-like)
AAGCCTCCATCCCTCA-1,GARQ,D17,4,40,38,4,0.051722884,Tumor Epithelial
AAGCCTGTCGCATTAA-4,GARQ,D17,4,40,38,22,0.12853563,Tumor Epithelial
AAGCCTTAGGTAACGA-3,GARQ,D17,4,40,38,19,0.113158345,Proximal Tubule
AAGCGAGGTAGTTGGC-2,GARQ,D17,4,40,38,20,0.18151528,Proximal Tubule
AAGCGAGGTATGGTGC-4,GARQ,D17,4,40,38,22,0.018818676,Tumor Epithelial
AAGCGGGTCCTGAGTG-3,GARQ,D17,4,40,38,22,0.036376715,Low Quality / Dying
AAGCGTTTCATGTCAA-2,GARQ,D17,4,40,38,32,0.09747341,Proximal Tubule
AAGCGTTTCGATTATG-2,GARQ,D17,4,40,38,30,0.06520462,Proximal Tubule
AAGCTAGAGACCATAC-1,GARQ,D17,4,40,38,12,0.16280079,Podocytes
AAGCTAGAGTCTGGGC-1,GARQ,D17,4,40,38,34,0.1791158,Proximal Tubule
AAGCTATGTCATCAAG-4,GARQ,D17,4,40,38,4,0.09822416,Tumor Epithelial
AAGCTATGTCATCCTG-3,GARQ,D17,4,40,38,31,0.25348923,Proximal Tubule
AAGCTCCCAGCTTAGC-2,GARQ,D17,4,40,38,20,0.03159535,Proximal Tubule
AAGCTCCCATGATTGT-1,GARQ,D17,4,40,38,19,0.15044081,Proximal Tubule
AAGCTTGGTCATCAAG-3,GARQ,D17,4,40,38,31,0.16739962,Proximal Tubule
AAGGAAGCAAGCTTTG-4,GARQ,D17,4,40,38,1,0.22829115,Tumor Epithelial
AAGGATCCAATTATGC-1,GARQ,D17,4,40,38,4,0.113152325,Tumor Epithelial
AAGGATCCAGGTTATT-3,GARQ,D17,4,40,38,36,0.0067268014,Proximal Tubule
AAGGATGTCAAACACC-3,GARQ,D17,4,40,38,7,0.16829121,Proximal Tubule
AAGGATTAGCACAGGG-4,GARQ,D17,4,40,38,26,0.046996236,Tumor Epithelial
AAGGATTAGCTAAAGG-3,GARQ,D17,4,40,38,31,0.030232042,Proximal Tubule
AAGGCCCTCATAGACC-3,GARQ,D17,4,40,38,36,0.09145489,Podocytes
AAGGTATAGCTAAAGG-1,GARQ,D17,4,40,38,12,0.0650394,Stressed Tumor (p53+)
AAGGTATAGGGTGAGT-4,GARQ,D17,4,40,38,1,0.07914567,Tumor Epithelial
AAGGTCAAGTCTTGAA-4,GARQ,D17,4,40,38,4,0.03646931,Myeloid Cells
AAGTAGCCACAACAAA-2,GARQ,D17,4,40,38,15,0.10568133,Proximal Tubule
AAGTAGCCACTAAGTT-1,GARQ,D17,4,40,38,4,0.15079024,Podocytes
AAGTAGCCAGCTAATT-1,GARQ,D17,4,40,38,4,0.23292387,Injured PT-like
AAGTAGCCATCCCTCA-2,GARQ,D17,4,40,38,11,0.10702956,Stressed Tumor (p53+)
AAGTCTATCCTAATAG-4,GARQ,D17,4,40,38,1,0.09941292,Tumor Epithelial
AAGTGAAGTTGTTGGA-3,GARQ,D17,4,40,38,22,0.12471938,Myeloid Cells
AAGTGTTGTTTGGTTC-2,GARQ,D17,4,40,38,32,0.05358559,Proximal Tubule
AAGTTACGTAGGATCC-2,GARQ,D17,4,40,38,15,0.01855725,Proximal Tubule
AAGTTACGTCACCAAA-4,GARQ,D17,4,40,38,1,0.0041807294,Tumor Epithelial
AAGTTACGTGGTGAGA-2,GARQ,D17,4,40,38,18,0.037180424,Parietal Epithelial Cells
AAGTTAGCAGGAACCA-2,GARQ,D17,4,40,38,18,0.3509423,Proximal Tubule
AAGTTAGCATAGCGAG-2,GARQ,D17,4,40,38,15,0.06377506,Proximal Tubule
AAGTTTGTCATGCCTC-4,GARQ,D17,4,40,38,12,0.099736035,Tumor Epithelial
AATACCGGTGAGCACT-2,GARQ,D17,4,40,38,18,0.048447073,Proximal Tubule
AATACCGGTTATAGCG-3,GARQ,D17,4,40,38,19,0.073292196,Low Quality / Dying
AATAGCTGTTTGGCGG-1,GARQ,D17,4,40,38,26,0.028254837,Proximal Tubule
AATCCATCAACTAGGG-4,GARQ,D17,4,40,38,34,0.08726251,Tumor Epithelial
AATCCATCAATAACGA-1,GARQ,D17,4,40,38,26,0.082393855,Low Quality / Dying
AATCCCTGTGAGCAAG-2,GARQ,D17,4,40,38,18,0.08557004,Proximal Tubule
AATCCTAAGTCCTGAG-3,GARQ,D17,4,40,38,19,0.08738536,Proximal Tubule
AATCCTAAGTGTGATC-4,GARQ,D17,4,40,38,4,0.4775015,Tumor Epithelial
AATCTCAAGGGTGAGT-1,GARQ,D17,4,40,38,4,0.010668546,Podocytes
AATCTTGAGCTGGCTA-2,GARQ,D17,4,40,38,2,0.041868806,Podocytes
AATGCATGTCATGCCC-4,GARQ,D17,4,40,38,4,0.17194235,Tumor Epithelial
AATGGCGCAATTGAAG-1,GARQ,D17,4,40,38,26,0.062441826,Podocytes
AATGTCATCAGCTAAC-3,GARQ,D17,4,40,38,33,0.023411304,Low Quality / Dying
AATGTCATCCAAACAC-2,GARQ,D17,4,40,38,32,0.08930832,Proximal Tubule
AATGTCCAGAGAGGAG-3,GARQ,D17,4,40,38,15,0.12593675,Stressed Tumor (p53+)
AATTAGGCAAGCGAGC-4,GARQ,D17,4,40,38,4,0.32773763,Tumor Epithelial
AATTCGTCATGATTGT-4,GARQ,D17,4,40,38,26,0.02034092,Tumor Epithelial
AATTGACGTTAGAGGG-1,GARQ,D17,4,40,38,15,0.07316807,Podocytes
AATTGCCAGCCATCAG-3,GARQ,D17,4,40,38,26,0.07043481,Tumor Epithelial
AATTGCTCAATGCCTA-1,GARQ,D17,4,40,38,4,0.18284124,Proximal Tubule
AATTGCTCAATTAACC-4,GARQ,D17,4,40,38,12,0.059063733,Tumor Epithelial
AATTGGACAATAGTCT-1,GARQ,D17,4,40,38,7,0.04962331,Stressed Tumor (p53+)
AATTGGGAGTCTCACC-3,GARQ,D17,4,40,38,12,0.0948531,Stressed Tumor (p53+)
AATTGTGTCATGCAAC-4,GARQ,D17,4,40,38,4,0.07610786,Tumor Epithelial
AATTTCCTCCTTAGGG-1,GARQ,D17,4,40,38,23,0.014387459,Podocytes
AATTTGCCACGTTACA-3,GARQ,D17,4,40,38,36,0.18784642,Proximal Tubule
ACAAAGGTCACGAATC-2,GARQ,D17,4,40,38,15,0.045765102,Proximal Tubule
ACAACAACAAGGACCA-2,GARQ,D17,4,40,38,20,0.047017634,Proximal Tubule
ACAACAACAGGTTAAA-3,GARQ,D17,4,40,38,7,0.02963972,Proximal Tubule
ACAACACTCCTAGTCC-3,GARQ,D17,4,40,38,32,0.17108881,Tumor (Neuronal-like)
ACAACAGAGCTCGCTT-2,GARQ,D17,4,40,38,15,0.32889172,Proximal Tubule
ACAACATGTTAGCAGC-2,GARQ,D17,4,40,38,10,0.21789935,Proximal Tubule
ACACCTTGTTTGCTGT-3,GARQ,D17,4,40,38,32,0.18470746,Myeloid Cells
ACACTAATCAATCATG-3,GARQ,D17,4,40,38,32,0.075024664,Proximal Tubule
ACACTTGCAACCTGGT-2,GARQ,D17,4,40,38,18,0.25950807,Proximal Tubule
ACACTTGCAGGTTACC-4,GARQ,D17,4,40,38,1,0.39113903,Tumor Epithelial
ACAGCCGGTACCTTAC-4,GARQ,D17,4,40,38,1,0.011934996,Tumor Epithelial
ACAGCGCTCATCCACC-1,GARQ,D17,4,40,38,12,0.13620675,Tumor (Neuronal-like)
ACAGCGCTCCAAATCA-4,GARQ,D17,4,40,38,34,0.0040754676,Tumor Epithelial
ACAGCGCTCGCATTAA-3,GARQ,D17,4,40,38,12,0.04086685,Proximal Tubule
ACAGCGCTCTGGCAAT-2,GARQ,D17,4,40,38,18,0.15062338,Proximal Tubule
ACAGGAATCGGCCAGT-4,GARQ,D17,4,40,38,12,0.00040614605,Tumor Epithelial
ACAGGATCACACTAAT-1,GARQ,D17,4,40,38,23,0.02364111,Tumor (Neuronal-like)
ACAGGATCAGAAATTG-3,GARQ,D17,4,40,38,19,0.07426643,Proximal Tubule
ACAGGATCAGCTTACA-2,GARQ,D17,4,40,38,20,0.20349437,Proximal Tubule
ACAGTATGTAGCTGGT-4,GARQ,D17,4,40,38,33,0.033517063,Tumor Epithelial
ACAGTATGTTTGGCGG-1,GARQ,D17,4,40,38,19,0.29222578,Podocytes
ACATAGCTCCAAACAC-3,GARQ,D17,4,40,38,7,0.25718993,Podocytes
ACATAGCTCGTGCTAG-2,GARQ,D17,4,40,38,22,0.05083072,Proximal Tubule
ACATCATCAACTAGCC-4,GARQ,D17,4,40,38,1,0.0669592,Tumor Epithelial
ACATTAGTCACAGCCA-2,GARQ,D17,4,40,38,20,0.00093746185,Proximal Tubule
ACATTAGTCCTCGATC-2,GARQ,D17,4,40,38,15,0.076900184,Proximal Tubule
ACATTGCAGGTAGCTT-1,GARQ,D17,4,40,38,12,0.0856477,Tumor (Neuronal-like)
ACCAAGCGTCTAACAG-1,GARQ,D17,4,40,38,26,0.050529778,Tumor (Neuronal-like)
ACCAAGTTCACAGGAA-3,GARQ,D17,4,40,38,36,0.06220913,Proximal Tubule
ACCAAGTTCCCATAGG-4,GARQ,D17,4,40,38,16,0.032085717,Tumor Epithelial
ACCAAGTTCCCTCAAC-3,GARQ,D17,4,40,38,18,0.055253267,Proximal Tubule
ACCACACCAAGGCCAA-4,GARQ,D17,4,40,38,4,0.4391538,Tumor Epithelial
ACCACATAGCAAACCT-3,GARQ,D17,4,40,38,17,0.056078047,Myeloid Cells
ACCACATAGCCTCTCG-4,GARQ,D17,4,40,38,4,0.12030804,Tumor Epithelial
ACCAGCTCACAATACT-3,GARQ,D17,4,40,38,37,0.070171356,Proximal Tubule
ACCAGGCTCGTTAGTA-4,GARQ,D17,4,40,38,4,0.16085565,Tumor Epithelial
ACCAGGGAGTTATCTC-2,GARQ,D17,4,40,38,20,0.106972694,Proximal Tubule
ACCATTAAGACTATTG-2,GARQ,D17,4,40,38,20,0.084947884,Proximal Tubule
ACCCAGGGTGAGAAAC-3,GARQ,D17,4,40,38,32,0.20103431,Proximal Tubule
ACCCGGTAGGGTTATC-4,GARQ,D17,4,40,38,1,0.07703984,Tumor Epithelial
ACCCGGTAGTCATTTC-3,GARQ,D17,4,40,38,4,0.29634368,Proximal Tubule
ACCCTCCCACAAGCCT-1,GARQ,D17,4,40,38,4,0.14059687,Low Quality / Dying
ACCCTCCCACGAATCC-3,GARQ,D17,4,40,38,32,0.3122728,Proximal Tubule
ACCCTCCCATTTAAGC-3,GARQ,D17,4,40,38,26,0.06256521,Stressed Tumor (p53+)
ACCGAAGCATCCATCT-2,GARQ,D17,4,40,38,18,0.009870052,Proximal Tubule
ACCGAAGCATTTGCTC-3,GARQ,D17,4,40,38,23,0.03868848,Podocytes
ACCGCAATCCGCAAGC-3,GARQ,D17,4,40,38,15,0.23851126,Parietal Epithelial Cells
ACCGCAATCGCTAGTG-2,GARQ,D17,4,40,38,15,0.043793797,Proximal Tubule
ACCGGCTAGGTTTGAC-2,GARQ,D17,4,40,38,26,0.051863372,Proximal Tubule
ACCTAAATCAGCCAAT-3,GARQ,D17,4,40,38,15,0.059310436,Podocytes
ACCTACCTCCGTGACA-2,GARQ,D17,4,40,38,20,0.06894183,Proximal Tubule
ACCTACCTCGATTATG-3,GARQ,D17,4,40,38,36,0.03420639,Proximal Tubule
ACCTCACTCACAGGAA-4,GARQ,D17,4,40,38,1,0.2689305,Myeloid Cells
ACCTCACTCCCGAACA-3,GARQ,D17,4,40,38,22,0.048150003,Proximal Tubule
ACCTCACTCCTAGTTT-2,GARQ,D17,4,40,38,18,0.2497803,Proximal Tubule
ACCTGGATCCTTGAGG-2,GARQ,D17,4,40,38,18,0.22732604,Parietal Epithelial Cells
ACCTGGTCAGGCTGTT-1,GARQ,D17,4,40,38,4,0.088008165,Tumor (Neuronal-like)
ACCTTCCAGAATCGCT-3,GARQ,D17,4,40,38,18,0.022425711,Proximal Tubule
ACCTTGCTCCTACCTA-4,GARQ,D17,4,40,38,12,0.16916752,Tumor Epithelial
ACCTTGCTCTCACATT-2,GARQ,D17,4,40,38,18,0.27023506,Proximal Tubule
ACCTTGTGTGCTGGTG-4,GARQ,D17,4,40,38,19,0.023790121,Tumor Epithelial
ACGAACAAGGTCCTGA-2,GARQ,D17,4,40,38,15,0.15903014,Proximal Tubule
ACGAAGTCAAGCTACC-1,GARQ,D17,4,40,38,4,0.063812554,Low Quality / Dying
ACGACAAAGAATGACG-1,GARQ,D17,4,40,38,33,0.05598402,Tumor (Neuronal-like)
ACGACAAAGCCGCTTT-3,GARQ,D17,4,40,38,4,0.054133117,Proximal Tubule
ACGACAAAGGCGAATA-2,GARQ,D17,4,40,38,15,0.15490258,Proximal Tubule
ACGACAAAGTCACGAT-1,GARQ,D17,4,40,38,4,0.10502976,Tumor Epithelial
ACGAGTAAGGTTTACA-4,GARQ,D17,4,40,38,1,0.056631684,Tumor Epithelial
ACGAGTAAGTGGACAA-1,GARQ,D17,4,40,38,19,0.115829825,Low Quality / Dying
ACGATTCAGGTCGAGG-3,GARQ,D17,4,40,38,4,0.021390408,Proximal Tubule
ACGCAAGCAATAATCC-1,GARQ,D17,4,40,38,19,0.18057713,Stressed Tumor (p53+)
ACGCACGGTTCATTTG-3,GARQ,D17,4,40,38,15,0.008776069,Proximal Tubule
ACGCCACAGCTCCTAC-2,GARQ,D17,4,40,38,18,0.032554388,Proximal Tubule
ACGCCTAAGAACAAGT-3,GARQ,D17,4,40,38,4,0.07373935,Proximal Tubule
ACGCCTTTCCAAATCA-3,GARQ,D17,4,40,38,33,0.030588925,Low Quality / Dying
ACGCTTGAGAGCCGCT-4,GARQ,D17,4,40,38,24,0.13912982,Tumor Epithelial
ACGCTTGAGTTATCCT-2,GARQ,D17,4,40,38,27,0.00808841,Proximal Tubule
ACGGGAAGTTAGACCA-2,GARQ,D17,4,40,38,10,0.010672748,Podocytes
ACGGTACGTTTCAGGA-1,GARQ,D17,4,40,38,26,0.118845165,Tumor Epithelial
ACGGTTAGTGCGCAAT-2,GARQ,D17,4,40,38,37,0.02940929,Parietal Epithelial Cells
ACGGTTAGTGGAAACG-3,GARQ,D17,4,40,38,32,0.10512924,Stressed Tumor (p53+)
ACGTACCCAAGTGAAC-2,GARQ,D17,4,40,38,20,0.15174437,Proximal Tubule
ACGTCAAGTGACCTGG-1,GARQ,D17,4,40,38,4,0.44037282,Stressed Tumor (p53+)
ACGTCCAAGTTGGGCC-4,GARQ,D17,4,40,38,4,0.2234006,Tumor Epithelial
ACGTCCTTCCAAGTGT-4,GARQ,D17,4,40,38,4,0.20701331,Tumor Epithelial
ACGTTACAGCTGTCAG-1,GARQ,D17,4,40,38,4,0.08897108,Stressed Tumor (p53+)
ACGTTACAGGAACGCG-2,GARQ,D17,4,40,38,20,0.18088579,Proximal Tubule
ACGTTACAGTATTGCA-1,GARQ,D17,4,40,38,1,0.046351194,Podocytes
ACGTTGTAGCTCCTTA-2,GARQ,D17,4,40,38,20,0.008096874,Proximal Tubule
ACGTTGTAGTAGCGGG-2,GARQ,D17,4,40,38,15,0.16538757,Proximal Tubule
ACTAACCAGCGGATAA-1,GARQ,D17,4,40,38,19,0.07883406,Tumor (Neuronal-like)
ACTAATCCAAGCTACC-1,GARQ,D17,4,40,38,19,0.07023758,Proximal Tubule
ACTAATCCAATTTAGC-3,GARQ,D17,4,40,38,18,0.12680346,Proximal Tubule
ACTAATCCAGTTAGCC-2,GARQ,D17,4,40,38,20,0.28629065,Proximal Tubule
ACTAGGCGTTTGCTGT-3,GARQ,D17,4,40,38,20,0.008215249,Proximal Tubule
ACTATCCGTTTAACGG-1,GARQ,D17,4,40,38,4,0.17083508,Tumor (Neuronal-like)
ACTATGTCACGTTACA-3,GARQ,D17,4,40,38,12,0.0055965185,Mast Cells
ACTATGTCAGAAATGC-1,GARQ,D17,4,40,38,4,0.41419065,Tumor (Neuronal-like)
ACTATGTCATGAAATG-3,GARQ,D17,4,40,38,19,0.11478132,Proximal Tubule
ACTCACCTCATGCTAA-2,GARQ,D17,4,40,38,10,0.11379331,Stressed Tumor (p53+)
ACTCACTGTGAAACAA-3,GARQ,D17,4,40,38,36,0.0061126947,Proximal Tubule
ACTCACTGTTTATCGC-2,GARQ,D17,4,40,38,15,0.13650239,Proximal Tubule
ACTCAGTAGGCTGGCT-2,GARQ,D17,4,40,38,11,0.05847621,Proximal Tubule
ACTCAGTAGTTGTCCC-1,GARQ,D17,4,40,38,33,0.0056429505,Tumor (Neuronal-like)
ACTCCTCAGTCAATCA-4,GARQ,D17,4,40,38,12,0.08797759,Tumor Epithelial
ACTCCTCAGTGAAGTG-1,GARQ,D17,4,40,38,19,0.035875708,Proximal Tubule
ACTCCTCAGTTAGAGG-1,GARQ,D17,4,40,38,39,0.08344436,Podocytes
ACTCGCGCAAGTCGCT-2,GARQ,D17,4,40,38,20,0.16538507,Proximal Tubule
ACTCGCGCATCACAGC-3,GARQ,D17,4,40,38,12,0.16218293,Proximal Tubule
ACTCGCTTCCCTGATC-4,GARQ,D17,4,40,38,34,0.023746312,Tumor Epithelial
ACTCGCTTCTCACAAA-2,GARQ,D17,4,40,38,15,0.11457831,Stressed Tumor (p53+)
ACTGAAACAGAGGCTA-2,GARQ,D17,4,40,38,10,0.056916177,Podocytes
ACTGAAACATAGCTGC-1,GARQ,D17,4,40,38,31,0.0591709,Tumor (Neuronal-like)
ACTGAAACATTAAGTC-2,GARQ,D17,4,40,38,10,0.17899626,Parietal Epithelial Cells
ACTGAATGTAACTACG-3,GARQ,D17,4,40,38,12,0.1062361,Proximal Tubule
ACTTACAAGCTTCCCG-4,GARQ,D17,4,40,38,1,0.10351977,Tumor Epithelial
ACTTACAAGGTACCGC-1,GARQ,D17,4,40,38,19,0.37536985,Tumor (Neuronal-like)
ACTTACAAGGTCCTGA-3,GARQ,D17,4,40,38,4,0.10712063,Injured PT-like
ACTTAGGGTTACTTCA-2,GARQ,D17,4,40,38,30,0.08727038,Proximal Tubule
ACTTATGAGCGCCTAA-1,GARQ,D17,4,40,38,4,0.33219776,Proximal Tubule
ACTTCGCTCAAATCGC-1,GARQ,D17,4,40,38,22,0.08508319,Tumor (Neuronal-like)
ACTTGCACAGCCTAAC-2,GARQ,D17,4,40,38,15,0.004298657,Proximal Tubule
ACTTTGTTCAATGAGG-2,GARQ,D17,4,40,38,20,0.046308935,Proximal Tubule
AGAAACCCACCTCGCT-4,GARQ,D17,4,40,38,16,0.010034502,Tumor Epithelial
AGAAACCCACGTGCTG-1,GARQ,D17,4,40,38,15,0.1354075,Injured PT-like
AGAAACTAGAACCTGT-4,GARQ,D17,4,40,38,4,0.027918935,Myeloid Cells
AGAAAGGCAGCAACAG-1,GARQ,D17,4,40,38,4,0.098646194,Parietal Epithelial Cells
AGAAAGGCAGTCTAGC-2,GARQ,D17,4,40,38,10,0.26228702,Proximal Tubule
AGAAAGGCATCCTAGA-3,GARQ,D17,4,40,38,10,0.051703334,Proximal Tubule
AGAACAAGTACGGTAC-3,GARQ,D17,4,40,38,32,0.12213597,Proximal Tubule
AGAACAAGTTAAGTGT-3,GARQ,D17,4,40,38,19,0.10377017,Parietal Epithelial Cells
AGAACCGCATGCATAT-4,GARQ,D17,4,40,38,12,0.16848582,Tumor Epithelial
AGAAGGTGTCATAACG-4,GARQ,D17,4,40,38,19,0.07589263,Tumor Epithelial
AGAAGGTGTTGGTGAC-1,GARQ,D17,4,40,38,7,0.07148951,Tumor (Neuronal-like)
AGAATCGAGCGGTTAT-3,GARQ,D17,4,40,38,22,0.24407992,Stressed Tumor (p53+)
AGAATCTGTGTCCAAA-4,GARQ,D17,4,40,38,39,0.12593493,Low Quality / Dying
AGACACGCACGTAATT-3,GARQ,D17,4,40,38,18,0.31446087,Proximal Tubule
AGACCCGGTCACGGAT-4,GARQ,D17,4,40,38,12,0.07796651,Tumor Epithelial
AGAGAAGCAGCATGAG-1,GARQ,D17,4,40,38,26,0.0022696257,Low Quality / Dying
AGAGAAGCATGCATAT-2,GARQ,D17,4,40,38,20,0.03879118,Proximal Tubule
AGAGGAACACAATGTT-3,GARQ,D17,4,40,38,4,0.06866351,Proximal Tubule
AGAGGATGTTTCCGGC-1,GARQ,D17,4,40,38,4,0.18127924,Tumor (Neuronal-like)
AGAGGATGTTTGCAGA-2,GARQ,D17,4,40,38,18,0.11539817,Stressed Tumor (p53+)
AGATGCTTCCATCAGG-2,GARQ,D17,4,40,38,20,0.22465628,Proximal Tubule
AGATGCTTCGAGCTAT-1,GARQ,D17,4,40,38,19,0.12602997,Tumor Epithelial
AGCAAATAGGACACTT-3,GARQ,D17,4,40,38,32,0.07084882,Proximal Tubule
AGCAATTGTTAATGCG-1,GARQ,D17,4,40,38,12,0.13143337,Stressed Tumor (p53+)
AGCAATTGTTTAACGG-1,GARQ,D17,4,40,38,19,0.26114804,Tumor (Neuronal-like)
AGCACAGCACCTATAG-3,GARQ,D17,4,40,38,4,0.06794214,Proximal Tubule
AGCACAGCATAATGAG-2,GARQ,D17,4,40,38,32,0.10704446,Proximal Tubule
AGCACTAGTCAATACG-1,GARQ,D17,4,40,38,19,0.208372,Low Quality / Dying
AGCACTAGTTAGCGTA-3,GARQ,D17,4,40,38,11,0.03390801,Proximal Tubule
AGCACTTAGCCACAAT-4,GARQ,D17,4,40,38,4,0.07542673,Tumor Epithelial
AGCACTTAGCCTCTCG-1,GARQ,D17,4,40,38,4,0.10310674,Tumor (Neuronal-like)
AGCACTTAGGGACTAA-1,GARQ,D17,4,40,38,12,0.23976791,Tumor (Neuronal-like)
AGCACTTAGTTATCTC-3,GARQ,D17,4,40,38,12,0.08767635,Myeloid Cells
AGCAGGTAGAAACTGG-2,GARQ,D17,4,40,38,15,0.1181581,Proximal Tubule
AGCAGGTAGGAGCATA-3,GARQ,D17,4,40,38,27,0.01298821,Proximal Tubule
AGCATCCCAATTTAGC-3,GARQ,D17,4,40,38,31,0.05051458,Low Quality / Dying
AGCATCCCATGGCCTG-1,GARQ,D17,4,40,38,12,0.17147586,T Cells
AGCATTTCACAGAACG-2,GARQ,D17,4,40,38,20,0.049666762,Proximal Tubule
AGCATTTCAGTTTACG-2,GARQ,D17,4,40,38,8,0.051157534,Proximal Tubule
AGCCAGTGTAAGGTTT-1,GARQ,D17,4,40,38,26,0.05869186,Tumor (Neuronal-like)
AGCCAGTGTTTGGGTA-1,GARQ,D17,4,40,38,12,0.02590239,Tumor (Neuronal-like)
AGCCGCTAGGCTACAT-2,GARQ,D17,4,40,38,20,0.023696363,Proximal Tubule
AGCCGGTTCACTTTAC-2,GARQ,D17,4,40,38,18,0.036634028,Podocytes
AGCCGGTTCTTAGTGA-3,GARQ,D17,4,40,38,1,0.086897135,Myeloid Cells
AGCCTAAGTAATAGCT-2,GARQ,D17,4,40,38,15,0.07712436,Proximal Tubule
AGCCTAAGTTAACGGC-4,GARQ,D17,4,40,38,4,0.30624717,Tumor Epithelial
AGCCTAGTCCTCCCTC-2,GARQ,D17,4,40,38,15,0.19283587,Proximal Tubule
AGCCTCCGTCTATCGT-2,GARQ,D17,4,40,38,20,0.024583459,Proximal Tubule
AGCCTCCGTGCTTTAC-3,GARQ,D17,4,40,38,32,0.10243747,Proximal Tubule
AGCCTCCGTGTTGCAA-3,GARQ,D17,4,40,38,19,0.04564792,Proximal Tubule
AGCGATTTCGTTAGCG-2,GARQ,D17,4,40,38,15,0.0011147857,Proximal Tubule
AGCGATTTCTCACTAT-3,GARQ,D17,4,40,38,37,0.058177352,T Cells
AGCGCCTAGGAACGGT-4,GARQ,D17,4,40,38,19,0.06471515,Tumor Epithelial
AGCGCCTAGTCCTTCA-2,GARQ,D17,4,40,38,20,0.09139776,Proximal Tubule
AGCGCTCAGCTCCCTG-2,GARQ,D17,4,40,38,30,0.009431541,Proximal Tubule
AGCGGACCAGGAATCG-2,GARQ,D17,4,40,38,11,0.0133497715,Proximal Tubule
AGCGGATAGACAAAGT-2,GARQ,D17,4,40,38,18,0.25280243,Proximal Tubule
AGCGGATAGCAATAGG-2,GARQ,D17,4,40,38,11,0.009500146,Stressed Tumor (p53+)
AGCGGATAGTTAGTGC-2,GARQ,D17,4,40,38,15,0.036910653,Stressed Tumor (p53+)
AGCTAAACACTTCATC-2,GARQ,D17,4,40,38,20,0.035907626,Proximal Tubule
AGCTAAACAGCAAATA-4,GARQ,D17,4,40,38,26,0.029696465,Tumor Epithelial
AGCTAACTCAAGCTAC-1,GARQ,D17,4,40,38,15,0.04595816,Tumor (Neuronal-like)
AGCTAACTCAGGTTTA-4,GARQ,D17,4,40,38,19,0.15859914,Tumor Epithelial
AGCTACGTCTTGCATT-1,GARQ,D17,4,40,38,19,0.23866224,Podocytes
AGCTAGTTCCCTGTTA-4,GARQ,D17,4,40,38,4,0.06493783,Tumor Epithelial
AGCTATATCCTCCATA-2,GARQ,D17,4,40,38,20,0.107870966,Proximal Tubule
AGCTCATAGTTGCGTG-4,GARQ,D17,4,40,38,1,0.06894493,Tumor Epithelial
AGCTTAATCATCCTAT-3,GARQ,D17,4,40,38,12,0.15324521,Stressed Tumor (p53+)
AGCTTAATCCCGTTAC-4,GARQ,D17,4,40,38,1,0.095419765,Myeloid Cells
AGCTTAATCGGTCAAT-4,GARQ,D17,4,40,38,22,0.1859281,Tumor Epithelial
AGCTTAATCTGTGCAG-4,GARQ,D17,4,40,38,4,0.1595115,Tumor Epithelial
AGCTTCCTCCTAGTCC-2,GARQ,D17,4,40,38,18,0.0038938522,Proximal Tubule
AGCTTGGTCGGTAACT-2,GARQ,D17,4,40,38,30,0.10732126,Proximal Tubule
AGCTTTAAGTGAGCAA-2,GARQ,D17,4,40,38,28,0.01746291,Proximal Tubule
AGGAACGGTAGGTGTC-2,GARQ,D17,4,40,38,37,0.04621905,Proximal Tubule
AGGAACGGTTAGTGAT-3,GARQ,D17,4,40,38,12,0.004110217,Proximal Tubule
AGGACGTAGAACAAGT-3,GARQ,D17,4,40,38,18,0.114513904,Low Quality / Dying
AGGACGTAGCCAAATC-2,GARQ,D17,4,40,38,15,0.15315539,Proximal Tubule
AGGACGTAGGCGTAAA-2,GARQ,D17,4,40,38,27,0.006338358,Proximal Tubule
AGGACGTAGTCACCTC-1,GARQ,D17,4,40,38,19,0.13499892,Low Quality / Dying
AGGACTAAGACTCGCA-1,GARQ,D17,4,40,38,12,0.13317788,Podocytes
AGGATATAGCTGAGGG-3,GARQ,D17,4,40,38,12,0.030172765,Proximal Tubule
AGGATCCGTGCCGCAA-1,GARQ,D17,4,40,38,4,0.18520522,Proximal Tubule
AGGATGCAGCCTTAAA-2,GARQ,D17,4,40,38,27,0.01590705,Parietal Epithelial Cells
AGGATGTCAACCCTAA-3,GARQ,D17,4,40,38,32,0.0012061894,Injured PT-like
AGGCCCAGTTTGCTGT-3,GARQ,D17,4,40,38,10,0.1401394,Proximal Tubule
AGGCGGATCACGTTAA-3,GARQ,D17,4,40,38,10,0.08486682,Podocytes
AGGCTAAAGCCACATG-4,GARQ,D17,4,40,38,34,0.025329411,Tumor Epithelial
AGGCTAAAGTCAGGCC-2,GARQ,D17,4,40,38,10,0.035710514,Proximal Tubule
AGGGCTACAACACCTA-2,GARQ,D17,4,40,38,20,0.049860477,Proximal Tubule
AGGGCTACACCCACAG-2,GARQ,D17,4,40,38,15,0.2844529,Proximal Tubule
AGGGTTGCAATAACGA-1,GARQ,D17,4,40,38,4,0.05926484,Tumor (Neuronal-like)
AGGGTTGCAGAAATGC-3,GARQ,D17,4,40,38,36,0.04635042,Proximal Tubule
AGGTATTGTATTGTGG-2,GARQ,D17,4,40,38,10,0.14871278,Podocytes
AGGTCAAAGCCTGAGC-3,GARQ,D17,4,40,38,23,0.06978753,Proximal Tubule
AGGTCAAAGGCTTAAC-2,GARQ,D17,4,40,38,18,0.117219746,Proximal Tubule
AGGTCATTCAATCTAG-4,GARQ,D17,4,40,38,33,0.18507037,Tumor Epithelial
AGGTCATTCTTTAAGG-2,GARQ,D17,4,40,38,18,0.07488829,Proximal Tubule
AGGTCCGGTACAATGT-2,GARQ,D17,4,40,38,20,0.1003353,Proximal Tubule
AGGTCCGGTTACGCGG-1,GARQ,D17,4,40,38,12,0.15772802,Parietal Epithelial Cells
AGGTCTTAGCAAGGTA-1,GARQ,D17,4,40,38,37,0.159682,Myeloid Cells
AGGTCTTAGTTATCTC-1,GARQ,D17,4,40,38,19,0.11922881,Tumor (Neuronal-like)
AGGTTAACAATTAACC-4,GARQ,D17,4,40,38,22,0.13410658,Tumor Epithelial
AGGTTACTCGCTAGAT-2,GARQ,D17,4,40,38,20,0.06081456,Proximal Tubule
AGGTTACTCGCTTCTA-1,GARQ,D17,4,40,38,34,0.039696008,Tumor (Neuronal-like)
AGGTTGCGTACTGATG-2,GARQ,D17,4,40,38,20,0.013096392,Proximal Tubule
AGGTTTGGTTAAGCGC-3,GARQ,D17,4,40,38,15,0.12013763,Proximal Tubule
AGTAACACATCAATCG-4,GARQ,D17,4,40,38,22,0.34819633,Myeloid Cells
AGTAACGAGAGGAAGG-4,GARQ,D17,4,40,38,12,0.0827961,Tumor Epithelial
AGTAAGTAGGCGCTTA-1,GARQ,D17,4,40,38,19,0.09692609,Tumor (Neuronal-like)
AGTAATCGTGCTCACC-3,GARQ,D17,4,40,38,12,0.02454245,Low Quality / Dying
AGTAATGCACGAATTT-2,GARQ,D17,4,40,38,8,0.07376742,Proximal Tubule
AGTAATGCAGGCAAGC-1,GARQ,D17,4,40,38,2,0.0011765361,Stressed Tumor (p53+)
AGTACGCGTTAATGAC-1,GARQ,D17,4,40,38,26,0.07488257,Tumor (Neuronal-like)
AGTACGCGTTAGCAGC-2,GARQ,D17,4,40,38,15,0.049879193,Proximal Tubule
AGTAGGATCACAGACT-3,GARQ,D17,4,40,38,19,0.022246838,Proximal Tubule
AGTAGGATCACAGGAA-3,GARQ,D17,4,40,38,19,0.11132932,Proximal Tubule
AGTAGGATCACCGGTA-2,GARQ,D17,4,40,38,18,0.0054748654,Proximal Tubule
AGTAGGATCCGGAACC-4,GARQ,D17,4,40,38,22,0.122713506,Tumor Epithelial
AGTAGGATCTAGCGAT-1,GARQ,D17,4,40,38,4,0.005341649,Tumor (Neuronal-like)
AGTCAGGCAATAGTCT-4,GARQ,D17,4,40,38,1,0.05702424,Tumor Epithelial
AGTCAGGCACTAAGAA-1,GARQ,D17,4,40,38,15,0.25058675,Tumor (Neuronal-like)
AGTCAGGCATTATGGT-2,GARQ,D17,4,40,38,20,0.2032727,Proximal Tubule
AGTGAGTCAGCTAATT-4,GARQ,D17,4,40,38,22,0.034962535,Tumor Epithelial
AGTGAGTCAGGACACA-4,GARQ,D17,4,40,38,7,0.001258254,Tumor Epithelial
AGTGAGTCATTGCGGT-4,GARQ,D17,4,40,38,34,0.047473192,Tumor Epithelial
AGTGATGAGACACTTA-3,GARQ,D17,4,40,38,36,0.11648768,Stressed Tumor (p53+)
AGTGATGAGGAGGTTA-1,GARQ,D17,4,40,38,12,0.13557139,Stressed Tumor (p53+)
AGTGATGAGGTTAGAG-2,GARQ,D17,4,40,38,26,0.05113381,Proximal Tubule
AGTGATGAGTGAACCT-2,GARQ,D17,4,40,38,15,0.08183339,Proximal Tubule
AGTGCACGTACAAAGA-2,GARQ,D17,4,40,38,18,0.075336695,Proximal Tubule
AGTGCACGTATACTGG-3,GARQ,D17,4,40,38,12,0.024673939,Injured PT-like
AGTGCCGGTTCATTTG-1,GARQ,D17,4,40,38,4,0.19044346,Podocytes
AGTGCCGGTTCCAGGG-3,GARQ,D17,4,40,38,15,0.26572937,Proximal Tubule
AGTGCGGAGCGAGCGA-2,GARQ,D17,4,40,38,30,0.16248566,Proximal Tubule
AGTGTGGCACATTGCA-4,GARQ,D17,4,40,38,29,0.016115606,Tumor Epithelial
AGTGTTTCACTGGCTG-1,GARQ,D17,4,40,38,4,0.21414888,Podocytes
AGTGTTTCAGCATGTC-3,GARQ,D17,4,40,38,18,0.11502254,Proximal Tubule
AGTGTTTCATAAAGCA-4,GARQ,D17,4,40,38,33,0.069407105,Tumor Epithelial
AGTTATGTCATTAGCA-3,GARQ,D17,4,40,38,36,0.27974284,Proximal Tubule
AGTTGCGTCGGCCAGT-2,GARQ,D17,4,40,38,20,0.098612726,Proximal Tubule
ATAAGCCTCTGGTCCT-2,GARQ,D17,4,40,38,20,0.0623641,Proximal Tubule
ATAAGTCGTGCATTTC-1,GARQ,D17,4,40,38,19,0.056916,Tumor (Neuronal-like)
ATACCGGTCTTTGACT-2,GARQ,D17,4,40,38,18,0.13632727,Proximal Tubule
ATACCTGCAACTAACT-3,GARQ,D17,4,40,38,12,0.14585632,Parietal Epithelial Cells
ATACCTGCAAGCTTTG-4,GARQ,D17,4,40,38,4,0.08085132,Tumor Epithelial
ATACCTGCAGGTTATT-2,GARQ,D17,4,40,38,15,0.024133205,Podocytes
ATAGATGCAGCATGGA-1,GARQ,D17,4,40,38,20,0.027442992,Tumor (Neuronal-like)
ATAGATGCATAATCAC-4,GARQ,D17,4,40,38,12,0.14631397,Tumor Epithelial
ATAGCATGTGTGAGAG-1,GARQ,D17,4,40,38,1,0.024405956,Injured PT-like
ATAGCATGTGTGAGGA-1,GARQ,D17,4,40,38,26,0.041998386,Tumor Epithelial
ATAGCATGTTAATGAC-2,GARQ,D17,4,40,38,18,0.14399797,Proximal Tubule
ATATGCATCATAGACC-2,GARQ,D17,4,40,38,30,0.0062103868,Proximal Tubule
ATATGCATCCTAAGAC-4,GARQ,D17,4,40,38,4,0.24101403,Tumor Epithelial
ATATGTCCAATAGCCC-1,GARQ,D17,4,40,38,26,0.026554167,Tumor (Neuronal-like)
ATATGTCCAGTGAACG-3,GARQ,D17,4,40,38,19,0.08463472,Proximal Tubule
ATCAATCCAGGATAAC-3,GARQ,D17,4,40,38,19,0.07911658,Stressed Tumor (p53+)
ATCAATCCATCACAGC-1,GARQ,D17,4,40,38,4,0.13937253,Proximal Tubule
ATCAATCCATTGACAT-2,GARQ,D17,4,40,38,18,0.15363908,Proximal Tubule
ATCACAATCCAGGGAG-1,GARQ,D17,4,40,38,4,0.3557214,Tumor (Neuronal-like)
ATCACACAGCACAGGG-2,GARQ,D17,4,40,38,15,0.019955814,Proximal Tubule
ATCACCCTCAAACCTA-2,GARQ,D17,4,40,38,20,0.06943971,Proximal Tubule
ATCACCCTCATTGCGG-4,GARQ,D17,4,40,38,19,0.0116637945,Tumor Epithelial
ATCACCCTCGATTTGA-1,GARQ,D17,4,40,38,7,0.1237663,Tumor (Neuronal-like)
ATCACTAAGTCTTGAA-3,GARQ,D17,4,40,38,19,0.062078953,Proximal Tubule
ATCAGGTTCCTTGCAC-2,GARQ,D17,4,40,38,18,0.05259943,Proximal Tubule
ATCAGGTTCTGTAAGC-3,GARQ,D17,4,40,38,18,0.03243953,Myeloid Cells
ATCCAACAGTTATCTC-3,GARQ,D17,4,40,38,0,0.046273887,Parietal Epithelial Cells
ATCCACCTCCTCACTA-2,GARQ,D17,4,40,38,20,0.09854871,Proximal Tubule
ATCCATAAGTTAGACC-2,GARQ,D17,4,40,38,18,0.2946595,Proximal Tubule
ATCCGTGAGAGAAGGG-3,GARQ,D17,4,40,38,13,0.010397106,Mast Cells
ATCCGTGAGGGACGCA-4,GARQ,D17,4,40,38,1,0.17523557,Tumor Epithelial
ATCCTCATCCTTAGGG-3,GARQ,D17,4,40,38,19,0.28492016,Low Quality / Dying
ATCCTCATCCTTGAGG-3,GARQ,D17,4,40,38,36,0.19970644,Proximal Tubule
ATCCTCATCTCGACCT-2,GARQ,D17,4,40,38,20,0.07893592,Proximal Tubule
ATCCTGACAAACGCGA-1,GARQ,D17,4,40,38,4,0.0101386905,Injured PT-like
ATCCTGACAACCTAAT-1,GARQ,D17,4,40,38,24,0.14941627,Tumor (Neuronal-like)
ATCCTGACATAATCAC-3,GARQ,D17,4,40,38,36,0.116494894,Proximal Tubule
ATCCTTAGTAATCGTG-2,GARQ,D17,4,40,38,15,0.2913435,Proximal Tubule
ATCCTTAGTGATGAAA-2,GARQ,D17,4,40,38,20,0.2626481,Proximal Tubule
ATCCTTAGTGGAGCAA-4,GARQ,D17,4,40,38,33,0.05669731,Tumor Epithelial
ATCCTTAGTTGCTTCG-1,GARQ,D17,4,40,38,7,0.030970037,Tumor (Neuronal-like)
ATCGAGGCAATGCCCG-1,GARQ,D17,4,40,38,33,0.008682013,Podocytes
ATCGAGGCAGATAGAC-4,GARQ,D17,4,40,38,4,0.16152078,Tumor Epithelial
ATCGCCCGTGCGCGTA-4,GARQ,D17,4,40,38,9,0.043313205,Tumor Epithelial
ATCGCCCGTTGGTGAC-2,GARQ,D17,4,40,38,37,0.03301072,Proximal Tubule
ATCGGCCAGGTTTGAC-4,GARQ,D17,4,40,38,4,0.018435597,Tumor Epithelial
ATCTATGAGAGAAGGG-2,GARQ,D17,4,40,38,30,0.10469973,Proximal Tubule
ATCTATGAGTTAGGCT-3,GARQ,D17,4,40,38,0,0.031668127,Myeloid Cells
ATGAAGTAGCTTAACA-3,GARQ,D17,4,40,38,12,0.094673276,Stressed Tumor (p53+)
ATGAAGTAGGATCACT-2,GARQ,D17,4,40,38,11,0.05232328,Proximal Tubule
ATGAAGTAGGATGATG-2,GARQ,D17,4,40,38,11,0.052171856,Proximal Tubule
ATGAATGCAGGAACTG-2,GARQ,D17,4,40,38,20,0.03631723,Proximal Tubule
ATGAATGCATTGTCCT-3,GARQ,D17,4,40,38,12,0.22654736,Proximal Tubule
ATGACAACAATTTAGC-4,GARQ,D17,4,40,38,12,0.28481796,Myeloid Cells
ATGACAACACAAAGGT-1,GARQ,D17,4,40,38,15,0.011813164,Tumor (Neuronal-like)
ATGACCAGTACCCACC-1,GARQ,D17,4,40,38,26,0.21364483,Tumor (Neuronal-like)
ATGACCAGTCCGTAGG-4,GARQ,D17,4,40,38,4,0.07686967,Tumor Epithelial
ATGACGAAGCGATACT-4,GARQ,D17,4,40,38,4,0.19420356,Tumor Epithelial
ATGACTCAGCTATATG-1,GARQ,D17,4,40,38,1,0.121203244,T Cells
ATGATGACAGCTTACA-2,GARQ,D17,4,40,38,10,0.01457274,Proximal Tubule
ATGCAAACAGGACACA-3,GARQ,D17,4,40,38,18,0.038300157,Proximal Tubule
ATGCATTCACAATACT-2,GARQ,D17,4,40,38,18,0.16067934,Proximal Tubule
ATGCATTCAGGATGGC-2,GARQ,D17,4,40,38,22,0.04948747,Proximal Tubule
ATGCCTGAGGCAAGTA-3,GARQ,D17,4,40,38,12,0.08822316,Proximal Tubule
ATGCGATTCACAGACT-4,GARQ,D17,4,40,38,4,0.18414551,Tumor Epithelial
ATGCGATTCATGTTTC-2,GARQ,D17,4,40,38,11,0.054498076,Proximal Tubule
ATGCGATTCGCTCCAT-4,GARQ,D17,4,40,38,12,0.1875717,T Cells
ATGCTTAAGTAAACCC-3,GARQ,D17,4,40,38,20,0.0027317405,Proximal Tubule
ATGGCCCAGGGACCTC-3,GARQ,D17,4,40,38,32,0.013123602,Podocytes
ATGGCCGGTGTTAGCA-2,GARQ,D17,4,40,38,26,0.09338355,Proximal Tubule
ATGGCCGGTGTTTGTC-2,GARQ,D17,4,40,38,18,0.07865244,Proximal Tubule
ATGGCTAGTGTGAGAG-2,GARQ,D17,4,40,38,10,0.13051957,Podocytes
ATGGCTTAGGATCACT-3,GARQ,D17,4,40,38,19,0.075166345,Low Quality / Dying
ATGGTGCGTGATTTGG-2,GARQ,D17,4,40,38,15,0.069745004,Proximal Tubule
ATGGTTATCAATAGCC-2,GARQ,D17,4,40,38,15,0.13793826,Proximal Tubule
ATGGTTATCATGCGTG-3,GARQ,D17,4,40,38,20,0.033756196,Podocytes
ATGGTTATCGTTAACA-1,GARQ,D17,4,40,38,7,0.09797305,Tumor (Neuronal-like)
ATGTAACGTACCGGAT-4,GARQ,D17,4,40,38,1,0.01802522,Tumor Epithelial
ATGTAAGCAACCTAAT-3,GARQ,D17,4,40,38,15,0.036179483,Proximal Tubule
ATGTCAATCCCGCATT-2,GARQ,D17,4,40,38,13,0.010881394,Proximal Tubule
ATGTCAATCCTCCCTC-1,GARQ,D17,4,40,38,7,0.17060775,Proximal Tubule
ATGTCATCAGGCCAAA-3,GARQ,D17,4,40,38,20,0.16862094,Proximal Tubule
ATGTCCACAACAGCCT-1,GARQ,D17,4,40,38,1,0.023226202,Stressed Tumor (p53+)
ATGTGAGAGGAAACTG-1,GARQ,D17,4,40,38,4,0.1436972,Proximal Tubule
ATGTGAGAGGTGCGGA-4,GARQ,D17,4,40,38,22,0.25443292,Tumor Epithelial
ATGTTGTCATAATTGC-1,GARQ,D17,4,40,38,36,0.01776117,Tumor (Neuronal-like)
ATGTTGTCATTGCGAC-2,GARQ,D17,4,40,38,20,0.024869204,Proximal Tubule
ATGTTTGAGTCACTCC-1,GARQ,D17,4,40,38,4,0.09064597,Proximal Tubule
ATGTTTGAGTTAGCTA-1,GARQ,D17,4,40,38,37,0.13864696,Myeloid Cells
ATTACCCGTCCTAATC-4,GARQ,D17,4,40,38,22,0.22478944,Tumor Epithelial
ATTACCCGTGCGCGTA-2,GARQ,D17,4,40,38,26,0.037023127,Proximal Tubule
ATTACGTCAGGCAAGC-2,GARQ,D17,4,40,38,37,0.1725986,Proximal Tubule
ATTACTGAGGTCATTA-3,GARQ,D17,4,40,38,19,0.08175969,Tumor Epithelial
ATTAGCGGTTGCGGAT-2,GARQ,D17,4,40,38,20,0.1670754,Stressed Tumor (p53+)
ATTAGCGGTTGGCCGA-3,GARQ,D17,4,40,38,18,0.3276162,Proximal Tubule
ATTAGGTGTCATCATC-3,GARQ,D17,4,40,38,37,0.093785346,Podocytes
ATTAGGTGTTAGGACC-2,GARQ,D17,4,40,38,15,0.0034944117,Podocytes
ATTAGGTGTTCACTGT-1,GARQ,D17,4,40,38,13,0.03323841,Tumor (Neuronal-like)
ATTATCCTCGGTCATG-4,GARQ,D17,4,40,38,22,0.14608091,Tumor Epithelial
ATTATCCTCTTGCAGG-3,GARQ,D17,4,40,38,4,0.02469647,Proximal Tubule
ATTCATGAGACAACGA-1,GARQ,D17,4,40,38,15,0.0596264,Tumor (Neuronal-like)
ATTCCGGAGTTGGCCA-3,GARQ,D17,4,40,38,18,0.040842593,Parietal Epithelial Cells
ATTCCTCCAGTAATAG-1,GARQ,D17,4,40,38,4,0.079701036,Podocytes
ATTCCTCCATTAAGTC-3,GARQ,D17,4,40,38,28,0.033230662,Parietal Epithelial Cells
ATTCGTTTCAACAAGG-4,GARQ,D17,4,40,38,4,0.06571078,Tumor Epithelial
ATTGAAGCAAGATTCT-1,GARQ,D17,4,40,38,4,0.04147142,Stressed Tumor (p53+)
ATTGAAGCATACCCGG-3,GARQ,D17,4,40,38,7,0.11485064,Proximal Tubule
ATTGAAGCATGGTTAT-1,GARQ,D17,4,40,38,19,0.052300453,Tumor (Neuronal-like)
ATTGACTCAGGCAAGC-1,GARQ,D17,4,40,38,4,0.04153204,Tumor (Neuronal-like)
ATTGCTCGTTTACGTC-2,GARQ,D17,4,40,38,32,0.015402019,Proximal Tubule
ATTGTCCGTCCTAAGA-2,GARQ,D17,4,40,38,15,0.019259214,Proximal Tubule
ATTGTGATCGGTTTGG-2,GARQ,D17,4,40,38,28,0.028253227,Proximal Tubule
ATTGTGATCTCGCCTG-3,GARQ,D17,4,40,38,7,0.00074213743,Proximal Tubule
ATTGTGATCTGCAAAC-4,GARQ,D17,4,40,38,39,0.08420968,Tumor Epithelial
ATTTAGCCACATTAAC-2,GARQ,D17,4,40,38,20,0.053371906,Proximal Tubule
ATTTAGGTCACCAATA-2,GARQ,D17,4,40,38,18,0.025163054,Proximal Tubule
ATTTAGGTCTGTAAGC-2,GARQ,D17,4,40,38,20,0.21388912,Proximal Tubule
ATTTGTGAGCTCAAAC-1,GARQ,D17,4,40,38,37,0.046186745,Proximal Tubule
CAAACAACACTTACAG-2,GARQ,D17,4,40,38,10,0.014435053,Podocytes
CAAACACTCAGCACGC-4,GARQ,D17,4,40,38,22,0.2908641,Tumor Epithelial
CAAACATGTACCGAAC-2,GARQ,D17,4,40,38,18,0.5177055,Proximal Tubule
CAAACATGTTAGGCGT-2,GARQ,D17,4,40,38,20,0.25209785,Podocytes
CAAACGCGTTGAGCCG-3,GARQ,D17,4,40,38,36,0.005324483,Podocytes
CAAACTGGTTTAGCGA-4,GARQ,D17,4,40,38,4,0.18438804,Tumor Epithelial
CAAAGCGCAGTCTAAT-1,GARQ,D17,4,40,38,36,0.13727468,Tumor (Neuronal-like)
CAACAATGTTTCCTCC-3,GARQ,D17,4,40,38,18,0.08313441,Proximal Tubule
CAACCCTTCGTTTCCA-1,GARQ,D17,4,40,38,18,0.00607872,Podocytes
CAACTAATCGACAAAG-1,GARQ,D17,4,40,38,4,0.006159842,Proximal Tubule
CAACTAGGTTCCTGAT-4,GARQ,D17,4,40,38,22,0.11853808,Tumor Epithelial
CAACTAGGTTTACGTC-4,GARQ,D17,4,40,38,4,0.11651778,Tumor Epithelial
CAAGAACCATTGCGGT-1,GARQ,D17,4,40,38,4,0.2954064,Proximal Tubule
CAAGACAAGGCTACAT-1,GARQ,D17,4,40,38,12,0.02682519,Podocytes
CAAGACAAGTTAGACC-3,GARQ,D17,4,40,38,15,0.004791379,Injured PT-like
CAAGGCTGTGAGCAAG-1,GARQ,D17,4,40,38,12,0.2849506,Tumor Epithelial
CAAGGTAAGCTATGAC-3,GARQ,D17,4,40,38,26,0.021401227,Proximal Tubule
CAAGGTAAGTTAACCA-2,GARQ,D17,4,40,38,11,0.08326906,Proximal Tubule
CAAGTAACAACTGGGA-3,GARQ,D17,4,40,38,32,0.01744926,Proximal Tubule
CAAGTATGTGAGCGAA-2,GARQ,D17,4,40,38,30,0.027140617,Proximal Tubule
CAAGTATGTGCATCGG-2,GARQ,D17,4,40,38,20,0.038675666,Parietal Epithelial Cells
CAAGTATGTTAAGCGC-1,GARQ,D17,4,40,38,12,0.0852471,Tumor Epithelial
CAAGTATGTTGGTGAC-4,GARQ,D17,4,40,38,4,0.101694554,Tumor Epithelial
CAAGTGAAGAGGAGGA-4,GARQ,D17,4,40,38,22,0.09509611,Tumor Epithelial
CAAGTGAAGCTAAAGG-3,GARQ,D17,4,40,38,1,0.00808382,Stressed Tumor (p53+)
CAAGTGAAGGTTAGCT-3,GARQ,D17,4,40,38,5,0.08311802,Proximal Tubule
CAAGTGAAGTTAGTTG-3,GARQ,D17,4,40,38,15,0.23983943,Stressed Tumor (p53+)
CAAGTTATCCTAAATG-4,GARQ,D17,4,40,38,12,0.2946484,Tumor Epithelial
CAATAAGCAAGGTCCT-1,GARQ,D17,4,40,38,4,0.178945,Tumor Epithelial
CAATAAGCAGCATGAG-3,GARQ,D17,4,40,38,20,0.12417865,Proximal Tubule
CAATAAGCAGTAGGTG-3,GARQ,D17,4,40,38,19,0.0016000271,Stressed Tumor (p53+)
CAATAGCTCATGTGGT-1,GARQ,D17,4,40,38,19,0.08700192,Tumor (Neuronal-like)
CAATCCCTCACTAAGC-2,GARQ,D17,4,40,38,11,0.2245332,Proximal Tubule
CAATCGCCACATAGCC-2,GARQ,D17,4,40,38,15,0.093741775,Parietal Epithelial Cells
CAATGACTCCCGCAAA-2,GARQ,D17,4,40,38,18,0.11262417,Proximal Tubule
CAATGCCCAACAACAA-2,GARQ,D17,4,40,38,20,0.117735386,Proximal Tubule
CAATGCCCAGGCATGA-4,GARQ,D17,4,40,38,22,0.11603534,Tumor Epithelial
CAATGCCCATTCCTCG-1,GARQ,D17,4,40,38,15,0.016404659,Podocytes
CAATGTGGTCCTTTAA-4,GARQ,D17,4,40,38,24,0.016119003,Tumor Epithelial
CACAAGCGTCACAAAT-1,GARQ,D17,4,40,38,4,0.042341888,Proximal Tubule
CACAAGCGTTAAGGTT-1,GARQ,D17,4,40,38,4,0.4061891,Proximal Tubule
CACAAGCGTTTGCTGT-3,GARQ,D17,4,40,38,4,0.06968379,Proximal Tubule
CACAATATCATGGCTG-3,GARQ,D17,4,40,38,26,0.0930289,Low Quality / Dying
CACATACAGTCATTAG-1,GARQ,D17,4,40,38,4,0.06535703,Proximal Tubule
CACCTCAGTCCAAATG-1,GARQ,D17,4,40,38,4,0.099926114,Proximal Tubule
CACCTGTTCGGCTATG-2,GARQ,D17,4,40,38,20,0.06102568,Proximal Tubule
CACGCAATCCGGCTAA-1,GARQ,D17,4,40,38,19,0.19341612,Tumor (Neuronal-like)
CACGCAATCTCAATGA-4,GARQ,D17,4,40,38,13,0.13644338,Tumor Epithelial
CACGCAATCTCACTCA-3,GARQ,D17,4,40,38,12,0.184852,Proximal Tubule
CACGCTAAGCACAGCC-3,GARQ,D17,4,40,38,19,0.12799689,Low Quality / Dying
CACTAGCCACCTGCCT-2,GARQ,D17,4,40,38,18,0.0037306845,Proximal Tubule
CACTAGCCATCCAGGT-1,GARQ,D17,4,40,38,29,0.0014351457,Podocytes
CACTGACCATAATCAC-3,GARQ,D17,4,40,38,19,0.18315887,Proximal Tubule
CACTGACCATACCCGG-4,GARQ,D17,4,40,38,34,0.05530399,Tumor Epithelial
CACTTAAAGGACCGCT-3,GARQ,D17,4,40,38,23,0.043892264,Proximal Tubule
CACTTAAAGGATAAAC-1,GARQ,D17,4,40,38,12,0.016113728,Tumor (Neuronal-like)
CACTTAAAGGCACAGG-3,GARQ,D17,4,40,38,10,0.025627613,Proximal Tubule
CACTTTGTCTGTTCAT-4,GARQ,D17,4,40,38,24,0.06583211,Tumor Epithelial
CAGAATCTCAGGGCCT-1,GARQ,D17,4,40,38,12,0.0062063336,Myeloid Cells
CAGAATCTCGTTAAGC-2,GARQ,D17,4,40,38,30,0.08012688,Podocytes
CAGCAAGCAATCCTGA-1,GARQ,D17,4,40,38,19,0.2427991,Low Quality / Dying
CAGCAAGCAGGAATCG-4,GARQ,D17,4,40,38,4,0.12118089,Tumor Epithelial
CAGCAAGCAGTAAGTA-2,GARQ,D17,4,40,38,20,0.13642925,Proximal Tubule
CAGCATTAGGCGCTTA-3,GARQ,D17,4,40,38,28,7.408857e-05,Proximal Tubule
CAGCCAATCCAGGTCA-2,GARQ,D17,4,40,38,30,0.072683334,Proximal Tubule
CAGCCTAAGTTAACCA-1,GARQ,D17,4,40,38,4,0.123256624,Podocytes
CAGCCTTTCTAGCGAT-1,GARQ,D17,4,40,38,19,0.033953518,Tumor (Neuronal-like)
CAGCTATAGTAGCGGG-2,GARQ,D17,4,40,38,37,0.022763252,Proximal Tubule
CAGGACACAGAATGAC-4,GARQ,D17,4,40,38,4,0.0644173,Tumor Epithelial
CAGGACCTCCCTGGTT-3,GARQ,D17,4,40,38,15,0.045616865,Proximal Tubule
CAGGATGCACAATACT-1,GARQ,D17,4,40,38,19,0.14211774,Podocytes
CAGGATGCACTTACAG-1,GARQ,D17,4,40,38,19,0.02614832,Parietal Epithelial Cells
CAGGCTATCACGCATG-2,GARQ,D17,4,40,38,15,0.100639224,Injured PT-like
CAGGCTGGTGTAACCA-1,GARQ,D17,4,40,38,4,0.13856399,Podocytes
CAGGGCTTCACCAATA-1,GARQ,D17,4,40,38,7,0.09451586,Proximal Tubule
CAGGGTGAGCAAGGGT-1,GARQ,D17,4,40,38,9,0.086247146,Podocytes
CAGGTGGAGGTAAGGC-4,GARQ,D17,4,40,38,12,0.150926,Tumor Epithelial
CAGGTTAGTTAACACG-3,GARQ,D17,4,40,38,4,0.11437431,Proximal Tubule
CAGGTTAGTTCCGGGA-2,GARQ,D17,4,40,38,18,0.007112086,Proximal Tubule
CAGGTTTAGCTACTGG-1,GARQ,D17,4,40,38,19,0.07791132,Low Quality / Dying
CAGGTTTAGCTCCTAC-3,GARQ,D17,4,40,38,31,0.00047916174,Proximal Tubule
CAGGTTTAGGCGCATC-3,GARQ,D17,4,40,38,15,0.033604085,Proximal Tubule
CAGGTTTAGGCTGGCT-2,GARQ,D17,4,40,38,20,0.014547348,Proximal Tubule
CAGTACCCACCAGCAT-4,GARQ,D17,4,40,38,29,0.074448645,Tumor Epithelial
CATAAGCTCCACCTGT-2,GARQ,D17,4,40,38,30,0.04211837,Proximal Tubule
CATAATCCAATTTAGC-3,GARQ,D17,4,40,38,18,0.121720314,Stressed Tumor (p53+)
CATAATCCAGTTAAAG-4,GARQ,D17,4,40,38,22,0.17074722,Tumor Epithelial
CATAATGTCGCTCACT-3,GARQ,D17,4,40,38,19,0.20540506,Proximal Tubule
CATAATGTCGGGCCAT-2,GARQ,D17,4,40,38,20,0.06838083,Proximal Tubule
CATAGACTCACTAAGC-3,GARQ,D17,4,40,38,15,0.34136802,Parietal Epithelial Cells
CATAGACTCCCTCACG-3,GARQ,D17,4,40,38,15,0.092972636,Proximal Tubule
CATAGACTCCTAAGGT-2,GARQ,D17,4,40,38,37,0.09298658,Proximal Tubule
CATAGGTTCCCGCAAA-2,GARQ,D17,4,40,38,20,0.09769356,Proximal Tubule
CATAGGTTCTGTAAGC-3,GARQ,D17,4,40,38,4,0.032666385,Proximal Tubule
CATAGGTTCTTAGTGA-4,GARQ,D17,4,40,38,12,0.0014921725,Tumor Epithelial
CATAGTCAGCAATAGG-1,GARQ,D17,4,40,38,4,0.0074619353,Proximal Tubule
CATAGTCAGCATCCAG-3,GARQ,D17,4,40,38,15,0.100569725,Proximal Tubule
CATAGTCAGCATGAAG-2,GARQ,D17,4,40,38,15,0.13101876,Proximal Tubule
CATAGTCAGTTTGAGC-1,GARQ,D17,4,40,38,19,0.13637918,Tumor (Neuronal-like)
CATATCGCACCCACCT-2,GARQ,D17,4,40,38,18,0.087964416,Proximal Tubule
CATCAATCAACCCTAA-2,GARQ,D17,4,40,38,30,0.15179461,Proximal Tubule
CATCAATCACAGGGAC-4,GARQ,D17,4,40,38,4,0.49383807,Tumor Epithelial
CATCAATCACGAATTT-3,GARQ,D17,4,40,38,23,0.02276653,Proximal Tubule
CATCATAAGACTTATG-4,GARQ,D17,4,40,38,19,0.05784157,Tumor Epithelial
CATCATGCATCGTTCT-3,GARQ,D17,4,40,38,15,0.07228774,Proximal Tubule
CATCCCAGTCAAGTAT-2,GARQ,D17,4,40,38,10,0.010945022,Proximal Tubule
CATCCTCAGCCTAACG-2,GARQ,D17,4,40,38,11,0.009724557,Proximal Tubule
CATCCTCAGGTCCTAG-1,GARQ,D17,4,40,38,7,0.05695814,Stressed Tumor (p53+)
CATCCTGGTACCGAAC-2,GARQ,D17,4,40,38,20,0.2454387,Proximal Tubule
CATCCTGGTCGTTATC-2,GARQ,D17,4,40,38,26,0.04802686,Stressed Tumor (p53+)
CATGCAAGTAATTAGC-2,GARQ,D17,4,40,38,10,0.034840167,Podocytes
CATGCAAGTTTGTTGC-2,GARQ,D17,4,40,38,8,0.07768363,Proximal Tubule
CATGCGGGTACGGTAC-3,GARQ,D17,4,40,38,37,0.053389788,Proximal Tubule
CATGCGGGTTAGCTGA-2,GARQ,D17,4,40,38,11,0.015461981,Proximal Tubule
CATGGATTCCTCAGTC-3,GARQ,D17,4,40,38,7,0.09910846,Proximal Tubule
CATTATGAGCACTAGT-2,GARQ,D17,4,40,38,20,0.039573133,Proximal Tubule
CATTATGAGCGAAGTA-2,GARQ,D17,4,40,38,23,0.0497517,Proximal Tubule
CATTCATTCCAGGTCA-2,GARQ,D17,4,40,38,0,0.06235546,Proximal Tubule
CATTCCTCACTCGCTC-2,GARQ,D17,4,40,38,20,0.1405361,Proximal Tubule
CATTCCTCAGTTTGGC-2,GARQ,D17,4,40,38,20,0.11835313,Injured PT-like
CATTGCGAGCCAGTAT-3,GARQ,D17,4,40,38,27,0.00900805,T Cells
CATTGTAAGCCTGACA-1,GARQ,D17,4,40,38,0,0.09938061,Tumor (Neuronal-like)
CATTGTAAGTAGCGGG-3,GARQ,D17,4,40,38,4,0.05266702,Proximal Tubule
CATTGTAAGTTTGGTA-2,GARQ,D17,4,40,38,10,0.0026810467,Proximal Tubule
CATTGTGCATTGTGTG-4,GARQ,D17,4,40,38,4,0.13962805,Tumor Epithelial
CCAAACCCAATTAACC-1,GARQ,D17,4,40,38,24,0.046758533,Low Quality / Dying
CCAAACCCATGGCCTG-2,GARQ,D17,4,40,38,18,0.06368917,Proximal Tubule
CCAAACTAGGGATGAC-3,GARQ,D17,4,40,38,4,0.055877328,Tumor Epithelial
CCAAATCAGAGGAGTC-3,GARQ,D17,4,40,38,37,0.108400226,Injured PT-like
CCAAATCAGCCTAACG-1,GARQ,D17,4,40,38,26,0.054972976,Tumor Epithelial
CCAAATCAGGGATGCG-2,GARQ,D17,4,40,38,27,0.00032693148,Proximal Tubule
CCAACATAGCGGATAA-1,GARQ,D17,4,40,38,26,0.06624186,Stressed Tumor (p53+)
CCAACCAAGGGTTATC-1,GARQ,D17,4,40,38,4,0.029242963,Tumor (Neuronal-like)
CCAACCAAGGTCCTGA-3,GARQ,D17,4,40,38,36,0.10091382,Stressed Tumor (p53+)
CCAACCCGTTGGATCA-3,GARQ,D17,4,40,38,15,0.014448941,Proximal Tubule
CCAAGGCTCATGGTGT-2,GARQ,D17,4,40,38,15,0.05525124,Stressed Tumor (p53+)
CCAAGTTAGTAACCCG-4,GARQ,D17,4,40,38,26,0.09588969,Tumor Epithelial
CCAATATCAAGGTACG-1,GARQ,D17,4,40,38,19,0.06854558,Tumor (Neuronal-like)
CCAATATCAGTTAGCC-2,GARQ,D17,4,40,38,2,0.032099724,Proximal Tubule
CCACAATAGGTTTACA-3,GARQ,D17,4,40,38,12,0.26754385,Podocytes
CCACACAAGTTTAACG-3,GARQ,D17,4,40,38,4,0.26285863,Proximal Tubule
CCACATTGTCACAGAC-4,GARQ,D17,4,40,38,4,0.0673601,Tumor Epithelial
CCACTTGGTATTCGTC-3,GARQ,D17,4,40,38,4,0.10998869,Proximal Tubule
CCACTTGGTCATCCTG-2,GARQ,D17,4,40,38,8,0.13418674,Injured PT-like
CCAGACTCACACTAAT-1,GARQ,D17,4,40,38,21,0.0488286,Tumor (Neuronal-like)
CCAGCCTGTCACAGCG-2,GARQ,D17,4,40,38,2,0.023195416,Proximal Tubule
CCAGCCTGTCATAGAT-2,GARQ,D17,4,40,38,20,0.12784296,Stressed Tumor (p53+)
CCAGCCTGTGACATGC-1,GARQ,D17,4,40,38,35,0.0002644658,Tumor (Neuronal-like)
CCAGCTAAGCTATTAG-2,GARQ,D17,4,40,38,15,0.027814269,Podocytes
CCAGCTAAGCTTACTT-1,GARQ,D17,4,40,38,4,0.03672719,Low Quality / Dying
CCAGCTAAGTATTGGC-2,GARQ,D17,4,40,38,15,0.025194764,Proximal Tubule
CCAGCTAAGTTAGGCT-2,GARQ,D17,4,40,38,20,0.048256397,Parietal Epithelial Cells
CCAGCTGCATTATGCG-2,GARQ,D17,4,40,38,18,0.057032526,Proximal Tubule
CCAGGAACACACTAAT-2,GARQ,D17,4,40,38,20,0.12710428,Proximal Tubule
CCAGGATGTGGATGTC-1,GARQ,D17,4,40,38,4,0.27257538,Tumor (Neuronal-like)
CCAGGATGTGTTGTGA-1,GARQ,D17,4,40,38,4,0.089214325,Tumor (Neuronal-like)
CCAGGATGTTTGTTGC-3,GARQ,D17,4,40,38,26,0.07358986,Tumor (Neuronal-like)
CCATAAATCAAGTGTC-3,GARQ,D17,4,40,38,7,0.13066077,Low Quality / Dying
CCATAAGGTGTTGCTT-2,GARQ,D17,4,40,38,11,0.0005246401,Proximal Tubule
CCATAGCCATCAATCG-2,GARQ,D17,4,40,38,20,0.009552479,Proximal Tubule
CCATATTTCTAACCAA-4,GARQ,D17,4,40,38,1,0.09338653,Tumor Epithelial
CCATCACTCACGCGGT-4,GARQ,D17,4,40,38,4,0.002022922,Tumor Epithelial
CCATCACTCTTGGATA-2,GARQ,D17,4,40,38,20,0.04497856,Parietal Epithelial Cells
CCATCATGTCCCGGAA-2,GARQ,D17,4,40,38,18,0.29010534,Proximal Tubule
CCATCATGTCCTAAGA-3,GARQ,D17,4,40,38,32,0.054448634,Proximal Tubule
CCATTGTGTGCTAGAC-2,GARQ,D17,4,40,38,26,0.015528202,Stressed Tumor (p53+)
CCCAAACCATCCCGCT-3,GARQ,D17,4,40,38,10,0.021502852,Proximal Tubule
CCCAAATAGGTTTGCG-2,GARQ,D17,4,40,38,18,0.08294177,Proximal Tubule
CCCAACCGTGACCTGG-2,GARQ,D17,4,40,38,20,0.1511186,Proximal Tubule
CCCAGTTTCCAGGTCA-3,GARQ,D17,4,40,38,32,0.01158905,Proximal Tubule
CCCAGTTTCCTAGTTT-3,GARQ,D17,4,40,38,19,0.21993315,Proximal Tubule
CCCATAACACCCACCT-3,GARQ,D17,4,40,38,36,0.09306744,Proximal Tubule
CCCATAACACCTAATG-1,GARQ,D17,4,40,38,4,0.14805984,Podocytes
CCCATAACATAGTCAT-2,GARQ,D17,4,40,38,20,0.015627027,Proximal Tubule
CCCGCAACAGCATTAT-2,GARQ,D17,4,40,38,18,0.09179914,Proximal Tubule
CCCGTAAAGATAAAGC-3,GARQ,D17,4,40,38,37,0.014005542,Podocytes
CCCGTAAAGCTCAATA-2,GARQ,D17,4,40,38,11,0.078035414,Proximal Tubule
CCCGTTGTCTAGCGTG-1,GARQ,D17,4,40,38,27,0.08176032,Tumor (Neuronal-like)
CCCTCACCAATCATGT-4,GARQ,D17,4,40,38,24,0.14418787,Endothelial Cells
CCCTCATAGGAACCAA-1,GARQ,D17,4,40,38,31,0.043212175,Stressed Tumor (p53+)
CCCTGGACACCTATAG-1,GARQ,D17,4,40,38,12,0.08764601,Podocytes
CCCTGTTAGGATTTGC-3,GARQ,D17,4,40,38,19,0.013554394,Parietal Epithelial Cells
CCCTTAATCCCTGATC-1,GARQ,D17,4,40,38,9,0.085945845,Tumor Epithelial
CCGCAAATCTGTTCAT-1,GARQ,D17,4,40,38,12,0.038469076,Low Quality / Dying
CCGCACACAGAGAGCC-1,GARQ,D17,4,40,38,1,0.092846245,Tumor (Neuronal-like)
CCGCACACATTGCGGT-2,GARQ,D17,4,40,38,20,0.033804208,Proximal Tubule
CCGCCAACAGCAAGAT-2,GARQ,D17,4,40,38,11,0.16556883,Proximal Tubule
CCGCCAACAGTAAGTA-4,GARQ,D17,4,40,38,34,0.10784364,Tumor Epithelial
CCGCTAAAGACTCGCA-4,GARQ,D17,4,40,38,33,0.087955445,Tumor Epithelial
CCGCTAAAGGGTCCAC-2,GARQ,D17,4,40,38,20,0.02154553,Proximal Tubule
CCGCTAGCAATAGCCC-1,GARQ,D17,4,40,38,15,0.011354625,Tumor (Neuronal-like)
CCGCTAGCAATTAAGG-2,GARQ,D17,4,40,38,15,0.24393076,Proximal Tubule
CCGCTAGCATTAAAGG-3,GARQ,D17,4,40,38,37,0.27601904,Proximal Tubule
CCGTGCTGTACCGTTT-1,GARQ,D17,4,40,38,4,0.017223835,Tumor Epithelial
CCGTGCTGTTCGCGCT-3,GARQ,D17,4,40,38,24,0.06509209,Parietal Epithelial Cells
CCGTGCTGTTTGTCTA-3,GARQ,D17,4,40,38,22,0.046448946,Low Quality / Dying
CCGTTAACATAGTCAT-3,GARQ,D17,4,40,38,15,0.1658569,Parietal Epithelial Cells
CCGTTACTCTAAGTCA-4,GARQ,D17,4,40,38,4,0.08855271,Tumor Epithelial
CCGTTATGTCAAAGAA-4,GARQ,D17,4,40,38,19,0.063791096,Tumor Epithelial
CCTAAAGGTTGGTGAC-4,GARQ,D17,4,40,38,4,0.17863005,Tumor Epithelial
CCTAAATCACTTGTTC-4,GARQ,D17,4,40,38,26,0.0029344559,Tumor Epithelial
CCTAAGCCACAGCCTG-3,GARQ,D17,4,40,38,4,0.023782521,Proximal Tubule
CCTAAGCCACCGGCTA-3,GARQ,D17,4,40,38,32,0.14042863,Tumor (Neuronal-like)
CCTAAGCCAGGCCTTG-2,GARQ,D17,4,40,38,10,0.12762678,Proximal Tubule
CCTAAGCCATCTTGAG-4,GARQ,D17,4,40,38,19,0.10783088,Tumor Epithelial
CCTAAGGTCCTTAGTT-3,GARQ,D17,4,40,38,28,0.014103174,Proximal Tubule
CCTAAGTAGCCTCTCG-4,GARQ,D17,4,40,38,24,0.27923676,Tumor Epithelial
CCTAATCGTTTGGGCG-1,GARQ,D17,4,40,38,19,0.010958612,Tumor (Neuronal-like)
CCTATAGCATTAGGTT-1,GARQ,D17,4,40,38,19,0.24427652,Tumor (Neuronal-like)
CCTATATTCTGTAATG-2,GARQ,D17,4,40,38,20,0.027539074,Proximal Tubule
CCTATTGTCAGGATGA-3,GARQ,D17,4,40,38,24,0.011882633,Low Quality / Dying
CCTATTGTCTTAGTGA-3,GARQ,D17,4,40,38,36,0.072963834,Stressed Tumor (p53+)
CCTATTTAGGTCCACA-1,GARQ,D17,4,40,38,4,0.07531282,Low Quality / Dying
CCTCAAACATAGCTGC-1,GARQ,D17,4,40,38,12,0.31519818,Stressed Tumor (p53+)
CCTCAGTTCCTTAAGA-4,GARQ,D17,4,40,38,19,0.22668839,Tumor Epithelial
CCTCAGTTCTTAGGAC-1,GARQ,D17,4,40,38,19,0.310597,Low Quality / Dying
CCTCAGTTCTTTGACT-4,GARQ,D17,4,40,38,19,0.27062166,Tumor Epithelial
CCTCCTGAGGACAACA-3,GARQ,D17,4,40,38,24,0.0033747554,Mast Cells
CCTCCTGAGTGAGCAA-2,GARQ,D17,4,40,38,30,0.17197263,Proximal Tubule
CCTGATGAGCTATGAC-3,GARQ,D17,4,40,38,11,0.017831385,Proximal Tubule
CCTGATGAGGTGCTGC-2,GARQ,D17,4,40,38,26,0.13415778,Podocytes
CCTGCTCCACTAGGTC-3,GARQ,D17,4,40,38,20,0.1131182,Proximal Tubule
CCTGCTCCAGCATTAT-1,GARQ,D17,4,40,38,4,0.06035161,Stressed Tumor (p53+)
CCTGCTCCATAATCCG-1,GARQ,D17,4,40,38,12,0.06594935,Stressed Tumor (p53+)
CCTGGATCAGGCATCT-1,GARQ,D17,4,40,38,26,0.007190287,Podocytes
CCTGGTAAGGGCTTAT-2,GARQ,D17,4,40,38,15,0.062915444,Proximal Tubule
CCTGTATGTGGTTCTT-2,GARQ,D17,4,40,38,37,0.09307778,Myeloid Cells
CCTTACTCAGCTTAAT-2,GARQ,D17,4,40,38,18,0.12012726,Proximal Tubule
CCTTAGTGTGTTGTAG-2,GARQ,D17,4,40,38,18,0.17337221,Proximal Tubule
CCTTATGTCAGGCTAT-3,GARQ,D17,4,40,38,18,0.23747867,Injured PT-like
CCTTATGTCCCGCCTA-4,GARQ,D17,4,40,38,12,0.23147917,Tumor Epithelial
CCTTCAATCACAGACT-2,GARQ,D17,4,40,38,18,0.1806972,Proximal Tubule
CCTTCAATCATTAGGC-2,GARQ,D17,4,40,38,18,0.010835409,Stressed Tumor (p53+)
CCTTCAGGTTCCTGTG-2,GARQ,D17,4,40,38,32,0.018370539,Proximal Tubule
CCTTGCGTCCGTGACA-3,GARQ,D17,4,40,38,37,0.0038744211,Myeloid Cells
CCTTGTTCAGTTTGGC-1,GARQ,D17,4,40,38,4,0.017183304,Tumor (Neuronal-like)
CGAAATGAGAGAGGAG-2,GARQ,D17,4,40,38,15,0.19359264,Proximal Tubule
CGAAATGAGCGGATAA-3,GARQ,D17,4,40,38,20,0.025868684,Proximal Tubule
CGAACAAAGCTAAAGG-3,GARQ,D17,4,40,38,12,0.06531671,Myeloid Cells
CGAACAAAGGTCCACA-1,GARQ,D17,4,40,38,12,0.012201428,Tumor (Neuronal-like)
CGAACCGGTAGTTGGC-1,GARQ,D17,4,40,38,26,0.07191414,Tumor (Neuronal-like)
CGAAGAATCACCTGCT-3,GARQ,D17,4,40,38,32,0.051905453,Proximal Tubule
CGAAGAATCAGGTTTA-2,GARQ,D17,4,40,38,20,0.087771535,Proximal Tubule
CGAAGAATCATTATGG-2,GARQ,D17,4,40,38,11,0.07792878,Proximal Tubule
CGAAGCCTCAAGCCTG-4,GARQ,D17,4,40,38,33,0.18695629,Tumor Epithelial
CGAAGCGAGCCGGTAC-4,GARQ,D17,4,40,38,1,0.26499742,Tumor Epithelial
CGAAGCGAGCTGGACC-2,GARQ,D17,4,40,38,20,0.051686466,Proximal Tubule
CGAAGGCCAAGTGAAC-4,GARQ,D17,4,40,38,22,0.2593115,Tumor Epithelial
CGAAGGCCAGGTTCAC-2,GARQ,D17,4,40,38,18,0.4701426,Proximal Tubule
CGAAGTAAGCCTGATG-2,GARQ,D17,4,40,38,22,0.07113922,Myeloid Cells
CGAATCTAGCCTGGTA-3,GARQ,D17,4,40,38,23,0.068244815,Proximal Tubule
CGAATCTAGGCATTGT-2,GARQ,D17,4,40,38,2,0.018838525,Parietal Epithelial Cells
CGACCTGCAGAGGGAG-1,GARQ,D17,4,40,38,12,0.10765177,Tumor Epithelial
CGAGCTGGTGTTTCAC-1,GARQ,D17,4,40,38,36,0.036167204,Tumor (Neuronal-like)
CGAGCTGGTTTAGCGA-2,GARQ,D17,4,40,38,18,0.11993986,Parietal Epithelial Cells
CGAGGAAGTCCTTTAA-3,GARQ,D17,4,40,38,7,0.16874003,Proximal Tubule
CGAGGAAGTTTATTCG-4,GARQ,D17,4,40,38,1,0.03507459,Tumor Epithelial
CGAGTCGGTCGCAAAC-4,GARQ,D17,4,40,38,1,0.22368217,Tumor Epithelial
CGAGTCGGTTTGGTTC-1,GARQ,D17,4,40,38,19,0.38062084,Proximal Tubule
CGATCCTTCTAACCAA-2,GARQ,D17,4,40,38,20,0.03331679,Proximal Tubule
CGATCCTTCTTAAGTG-3,GARQ,D17,4,40,38,26,0.012913346,Injured PT-like
CGATGTCCAGTTATGT-2,GARQ,D17,4,40,38,18,0.037614465,Proximal Tubule
CGATTATCAACAACAA-1,GARQ,D17,4,40,38,4,0.17793977,Proximal Tubule
CGATTCCTCCATAAGC-2,GARQ,D17,4,40,38,15,0.1159116,Stressed Tumor (p53+)
CGATTCCTCGAGGAGT-2,GARQ,D17,4,40,38,32,0.016801417,Proximal Tubule
CGATTTGCATTAAGTC-3,GARQ,D17,4,40,38,36,0.23154426,Podocytes
CGCAAATTCTCACTAT-2,GARQ,D17,4,40,38,15,0.23994893,Proximal Tubule
CGCAATAGTATTGGTG-1,GARQ,D17,4,40,38,22,0.016719341,Stressed Tumor (p53+)
CGCAATCCAGAATGAC-2,GARQ,D17,4,40,38,37,0.15394574,Proximal Tubule
CGCAATCCAGCACCAT-3,GARQ,D17,4,40,38,7,0.053414643,Stressed Tumor (p53+)
CGCAATCCAGCCGCTA-4,GARQ,D17,4,40,38,19,0.013672471,Tumor Epithelial
CGCACAATCCAAGTTA-4,GARQ,D17,4,40,38,0,0.027472794,Myeloid Cells
CGCACAATCGGCTAGC-3,GARQ,D17,4,40,38,18,0.092944205,Stressed Tumor (p53+)
CGCACAATCTTGCATT-2,GARQ,D17,4,40,38,20,0.0836426,Proximal Tubule
CGCACACAGGAAGTAT-1,GARQ,D17,4,40,38,26,0.14879447,Stressed Tumor (p53+)
CGCATATAGCTGGCTA-3,GARQ,D17,4,40,38,27,0.045282602,Low Quality / Dying
CGCATTACAGTCTATG-4,GARQ,D17,4,40,38,34,0.011878431,Tumor Epithelial
CGCCACACACTATGGC-2,GARQ,D17,4,40,38,18,0.008779824,Proximal Tubule
CGCCTCATCTTGGATA-3,GARQ,D17,4,40,38,36,0.065304786,Proximal Tubule
CGCCTGTGTTTCCGGC-1,GARQ,D17,4,40,38,12,0.3017611,Parietal Epithelial Cells
CGCGATTCAGTTAAAG-3,GARQ,D17,4,40,38,15,0.12077761,Proximal Tubule
CGCGATTCATAAGCAA-4,GARQ,D17,4,40,38,1,0.077959895,Tumor Epithelial
CGCGGATTCATCACTT-3,GARQ,D17,4,40,38,28,0.055546224,Proximal Tubule
CGCGGATTCCCGAAGC-3,GARQ,D17,4,40,38,37,0.05460757,Injured PT-like
CGCGGATTCTACTAAG-4,GARQ,D17,4,40,38,16,3.439188e-05,Tumor Epithelial
CGCTAACCAGGCCATT-1,GARQ,D17,4,40,38,4,0.03774208,Stressed Tumor (p53+)
CGCTAATAGCGCATTG-3,GARQ,D17,4,40,38,36,0.008656681,Proximal Tubule
CGCTAATAGTCCTTCA-1,GARQ,D17,4,40,38,4,0.056927145,Podocytes
CGCTACTTCCCTGGAA-4,GARQ,D17,4,40,38,22,0.013592839,Tumor Epithelial
CGCTATGAGTCATGCG-3,GARQ,D17,4,40,38,15,0.1664415,Stressed Tumor (p53+)
CGCTCCATCTCACACC-1,GARQ,D17,4,40,38,19,0.22032893,Proximal Tubule
CGCTGTGCATCGCTTT-2,GARQ,D17,4,40,38,23,0.020263553,Proximal Tubule
CGCTTACTCAATGACC-3,GARQ,D17,4,40,38,1,0.04002297,Podocytes
CGCTTACTCCTAATGA-3,GARQ,D17,4,40,38,20,0.18807888,Proximal Tubule
CGCTTCTAGACAGGTA-3,GARQ,D17,4,40,38,20,0.27695775,Proximal Tubule
CGCTTCTAGGTTTGCG-4,GARQ,D17,4,40,38,22,0.046949625,Tumor Epithelial
CGCTTCTAGTCATCCC-3,GARQ,D17,4,40,38,18,0.20035338,Proximal Tubule
CGCTTCTAGTTTGGTA-1,GARQ,D17,4,40,38,20,0.17530763,Tumor (Neuronal-like)
CGGACCTAGCGGGCAA-4,GARQ,D17,4,40,38,12,0.11556786,Tumor Epithelial
CGGACCTAGTTCCCGT-4,GARQ,D17,4,40,38,22,0.1817379,Low Quality / Dying
CGGAGCAAGACAAACG-3,GARQ,D17,4,40,38,32,0.019145548,Proximal Tubule
CGGAGCAAGTTGCCTC-1,GARQ,D17,4,40,38,1,0.050070196,Proximal Tubule
CGGCAATGTAACGTGC-4,GARQ,D17,4,40,38,4,0.22988701,Tumor Epithelial
CGGCCATAGCATGACT-2,GARQ,D17,4,40,38,18,0.0063707232,Parietal Epithelial Cells
CGGCTCACACAATACT-1,GARQ,D17,4,40,38,12,0.020405889,Stressed Tumor (p53+)
CGGGACAAGAGGATAT-2,GARQ,D17,4,40,38,30,0.112041354,Proximal Tubule
CGGGCTTAGGCGAATA-2,GARQ,D17,4,40,38,10,0.14749253,Proximal Tubule
CGGGTATGTCACAGAC-2,GARQ,D17,4,40,38,22,0.033548653,Proximal Tubule
CGGGTATGTTAACGAT-2,GARQ,D17,4,40,38,30,0.15055192,Proximal Tubule
CGGGTATGTTGCACGG-4,GARQ,D17,4,40,38,22,0.15988731,Tumor Epithelial
CGGGTCTAGCGATACT-3,GARQ,D17,4,40,38,15,0.06022501,Proximal Tubule
CGGGTCTAGCTTAGTA-2,GARQ,D17,4,40,38,11,0.13322729,Parietal Epithelial Cells
CGGTTCCGTGAAGCCT-3,GARQ,D17,4,40,38,10,0.009981275,Parietal Epithelial Cells
CGGTTCCGTTTACGTC-3,GARQ,D17,4,40,38,36,0.10696125,Proximal Tubule
CGGTTGGGTGGTTCTT-2,GARQ,D17,4,40,38,15,0.041543722,Proximal Tubule
CGGTTGGGTTGGTTAG-4,GARQ,D17,4,40,38,19,0.00031638145,Tumor Epithelial
CGGTTGGGTTTACTTG-3,GARQ,D17,4,40,38,32,0.08064675,Podocytes
CGGTTTGAGGAGGCAT-4,GARQ,D17,4,40,38,39,0.015491188,Tumor Epithelial
CGGTTTGAGGCGCATC-1,GARQ,D17,4,40,38,4,0.08301175,Stressed Tumor (p53+)
CGTAACTAGCCGCTAA-3,GARQ,D17,4,40,38,26,0.19592994,Podocytes
CGTAATGGTAACCAGC-2,GARQ,D17,4,40,38,15,0.083049685,Proximal Tubule
CGTAATGGTGTTGCAA-2,GARQ,D17,4,40,38,30,0.034107685,Proximal Tubule
CGTAGTTAGGCAAGTA-3,GARQ,D17,4,40,38,12,0.07293993,Proximal Tubule
CGTAGTTAGGCGGGTA-1,GARQ,D17,4,40,38,26,0.14691937,Tumor (Neuronal-like)
CGTAGTTAGTATCGCG-3,GARQ,D17,4,40,38,19,0.0019119382,Proximal Tubule
CGTATTGCAATTAACC-2,GARQ,D17,4,40,38,18,0.04752004,Podocytes
CGTCAATAGGTTTACA-2,GARQ,D17,4,40,38,20,0.017023623,Proximal Tubule
CGTCAATAGTCTCACC-2,GARQ,D17,4,40,38,20,0.032687426,Proximal Tubule
CGTCCTAGTAAGCTCA-1,GARQ,D17,4,40,38,4,0.20776618,Tumor (Neuronal-like)
CGTGACATCCTAAGGT-3,GARQ,D17,4,40,38,37,0.078186095,Proximal Tubule
CGTGAGGAGCTAAAGG-1,GARQ,D17,4,40,38,4,0.10197759,Tumor Epithelial
CGTGCACAGCATTTCT-2,GARQ,D17,4,40,38,30,0.12475097,Proximal Tubule
CGTGCTTTCGCTCCAT-1,GARQ,D17,4,40,38,4,0.028158963,Podocytes
CGTGGTTCACCAGGTT-3,GARQ,D17,4,40,38,37,0.16009307,Proximal Tubule
CGTGGTTCATAAGCAA-3,GARQ,D17,4,40,38,33,0.0046189725,Proximal Tubule
CGTGTTACAACTCGCG-3,GARQ,D17,4,40,38,22,0.007851362,Proximal Tubule
CGTTAAATCTAGCTTT-4,GARQ,D17,4,40,38,29,0.12318289,Tumor Epithelial
CGTTAACAGTTCCCAC-3,GARQ,D17,4,40,38,24,0.04153812,Low Quality / Dying
CGTTATCGTAAGCTCA-2,GARQ,D17,4,40,38,10,0.0909071,Proximal Tubule
CGTTGCGCAATGCGCT-3,GARQ,D17,4,40,38,37,0.01331985,Myeloid Cells
CGTTGCGCAGAGAGCC-4,GARQ,D17,4,40,38,26,0.12442887,Tumor Epithelial
CGTTTCTCAATTTAGC-4,GARQ,D17,4,40,38,24,0.0007288456,Tumor Epithelial
CGTTTCTCACCTCAGG-3,GARQ,D17,4,40,38,32,0.050085366,Proximal Tubule
CGTTTGGAGCCTCTGT-4,GARQ,D17,4,40,38,12,0.15325421,Tumor Epithelial
CTAAATGTCGAGGAGT-4,GARQ,D17,4,40,38,1,0.024815738,Tumor Epithelial
CTAACCACACAAGCCT-3,GARQ,D17,4,40,38,31,0.22467649,Proximal Tubule
CTAACCCTCCGCAACA-3,GARQ,D17,4,40,38,26,0.012386799,Podocytes
CTAACCCTCCTGGTGA-3,GARQ,D17,4,40,38,22,0.070646286,Proximal Tubule
CTAACCCTCGTTATAG-2,GARQ,D17,4,40,38,18,0.14623016,Parietal Epithelial Cells
CTAACCCTCGTTTCGC-2,GARQ,D17,4,40,38,10,0.02773875,Proximal Tubule
CTAACCCTCTAAGTGC-2,GARQ,D17,4,40,38,8,0.047703683,Parietal Epithelial Cells
CTAACCTGTCCACAAA-4,GARQ,D17,4,40,38,22,0.1264317,Tumor Epithelial
CTAACCTGTCCGTGAG-3,GARQ,D17,4,40,38,37,0.04061055,Proximal Tubule
CTAACCTGTGCCTCAC-1,GARQ,D17,4,40,38,26,0.050452292,Stressed Tumor (p53+)
CTAACCTGTGGGTACT-1,GARQ,D17,4,40,38,15,0.044278443,Stressed Tumor (p53+)
CTAAGTCAGGAGGCAT-4,GARQ,D17,4,40,38,34,0.19098896,Tumor Epithelial
CTAAGTCAGTTGGCCA-3,GARQ,D17,4,40,38,37,0.049784124,Podocytes
CTAATCGCAATCCCTT-1,GARQ,D17,4,40,38,15,0.15634376,Parietal Epithelial Cells
CTAATCTTCATAGCCG-2,GARQ,D17,4,40,38,0,0.117985874,Myeloid Cells
CTAATCTTCTACCTCA-2,GARQ,D17,4,40,38,26,0.018086374,Proximal Tubule
CTAATCTTCTAGCTTT-2,GARQ,D17,4,40,38,15,0.14508426,Proximal Tubule
CTAATGTCAATGCCCG-3,GARQ,D17,4,40,38,15,0.14574736,Proximal Tubule
CTAATGTCACTTCACT-4,GARQ,D17,4,40,38,1,0.09249681,Tumor Epithelial
CTAATGTCAGCCTGCA-4,GARQ,D17,4,40,38,26,0.012089491,Tumor Epithelial
CTACAACAGGAACCAA-2,GARQ,D17,4,40,38,18,0.06558037,Proximal Tubule
CTACCGGCATCTAGCA-1,GARQ,D17,4,40,38,4,0.28307232,Tumor (Neuronal-like)
CTACGAAGTAAGTCGC-2,GARQ,D17,4,40,38,20,0.11609781,Proximal Tubule
CTACTAAAGGAATAAC-2,GARQ,D17,4,40,38,2,0.01534012,Proximal Tubule
CTACTTAGTCTATCGT-4,GARQ,D17,4,40,38,26,0.1031917,Tumor Epithelial
CTAGATTCATAAGTTC-4,GARQ,D17,4,40,38,1,0.15302086,T Cells
CTAGCGGGTTCAAGAT-2,GARQ,D17,4,40,38,15,0.15993279,Podocytes
CTAGCTGAGGAGTCTT-1,GARQ,D17,4,40,38,4,0.06669974,Proximal Tubule
CTAGCTGAGTGAGCAA-4,GARQ,D17,4,40,38,4,0.118662775,Tumor Epithelial
CTAGGACGTGCGCGTA-2,GARQ,D17,4,40,38,15,0.09917766,Proximal Tubule
CTAGGCGGTTGAGGTC-1,GARQ,D17,4,40,38,33,0.00989145,Tumor (Neuronal-like)
CTAGTAGGTAATCGCA-2,GARQ,D17,4,40,38,0,0.03614962,Parietal Epithelial Cells
CTAGTAGGTAGGATCC-3,GARQ,D17,4,40,38,32,0.26709515,Proximal Tubule
CTAGTAGGTGTGCAAC-3,GARQ,D17,4,40,38,15,0.047104716,Proximal Tubule
CTAGTAGGTTAGCCAA-4,GARQ,D17,4,40,38,22,0.120525956,Tumor Epithelial
CTAGTCGAGGTGTCCA-2,GARQ,D17,4,40,38,2,0.0038244724,Proximal Tubule
CTAGTGAGTATGGTGC-4,GARQ,D17,4,40,38,22,0.04638332,Tumor Epithelial
CTATAACCATGAGCAG-4,GARQ,D17,4,40,38,1,0.23701215,Myeloid Cells
CTATGACAGTAACCAC-4,GARQ,D17,4,40,38,19,0.16815746,Tumor Epithelial
CTATGAGGTTCCTGTG-4,GARQ,D17,4,40,38,34,0.026049018,Tumor Epithelial
CTATGGCCATAAGGAC-3,GARQ,D17,4,40,38,18,0.04182315,Proximal Tubule
CTATGTTTCATAGCCG-3,GARQ,D17,4,40,38,15,0.076244146,Stressed Tumor (p53+)
CTATGTTTCCTGGTCT-1,GARQ,D17,4,40,38,19,0.2991475,Tumor (Neuronal-like)
CTATGTTTCGATATTG-4,GARQ,D17,4,40,38,12,0.11148453,T Cells
CTCACAACAGCTTAAT-2,GARQ,D17,4,40,38,15,0.02019012,Proximal Tubule
CTCACACTCTACCTGC-3,GARQ,D17,4,40,38,10,0.056283236,Proximal Tubule
CTCAGGATCTAGCTAA-4,GARQ,D17,4,40,38,22,0.05137688,Tumor Epithelial
CTCATCATCGGGCCAT-3,GARQ,D17,4,40,38,4,0.040358245,Proximal Tubule
CTCATGACAACTAACT-2,GARQ,D17,4,40,38,37,0.25214404,Proximal Tubule
CTCATGCTCAGAAACG-2,GARQ,D17,4,40,38,32,0.05653751,Proximal Tubule
CTCATGCTCGATTCTT-2,GARQ,D17,4,40,38,20,0.06378615,Proximal Tubule
CTCATTTAGCCGCTTT-1,GARQ,D17,4,40,38,19,0.18073297,Stressed Tumor (p53+)
CTCATTTAGCTGAGGG-3,GARQ,D17,4,40,38,18,0.1488173,Podocytes
CTCCATCAGAACCTAC-1,GARQ,D17,4,40,38,19,0.0003477633,Parietal Epithelial Cells
CTCCATCAGTTAGCCG-3,GARQ,D17,4,40,38,15,0.08055991,Proximal Tubule
CTCCGTCCAAGCCAGA-2,GARQ,D17,4,40,38,37,0.10196012,Proximal Tubule
CTCCTAATCAATCATG-1,GARQ,D17,4,40,38,36,0.07032588,Tumor (Neuronal-like)
CTCCTAATCATGGTGT-2,GARQ,D17,4,40,38,8,0.018993676,Proximal Tubule
CTCCTCACACCGGCTA-2,GARQ,D17,4,40,38,20,0.109931946,Proximal Tubule
CTCGACAAGAGGGACT-2,GARQ,D17,4,40,38,15,0.055677265,Proximal Tubule
CTCTAAGCATCATGTG-2,GARQ,D17,4,40,38,20,0.0134219825,Stressed Tumor (p53+)
CTCTAAGCATTTAAGC-1,GARQ,D17,4,40,38,4,0.046028554,Tumor (Neuronal-like)
CTCTAGCTCCCGCAAA-3,GARQ,D17,4,40,38,18,0.16680771,Proximal Tubule
CTCTAGCTCTCAATGA-2,GARQ,D17,4,40,38,15,0.06389612,Proximal Tubule
CTCTATGTCGCACACA-3,GARQ,D17,4,40,38,15,0.08028376,Proximal Tubule
CTCTCACAGGAACGCG-3,GARQ,D17,4,40,38,19,0.0524925,Proximal Tubule
CTCTCACAGTAACTCA-3,GARQ,D17,4,40,38,18,0.013026714,Podocytes
CTCTGTTCATAACGGG-1,GARQ,D17,4,40,38,18,0.053114295,Proximal Tubule
CTCTTGATCAGTATTG-3,GARQ,D17,4,40,38,20,0.023791969,Proximal Tubule
CTCTTGATCCTAAGTA-4,GARQ,D17,4,40,38,12,0.042868555,Tumor Epithelial
CTGAATATCCCTGGAA-1,GARQ,D17,4,40,38,34,0.14693654,Injured PT-like
CTGCAATAGGACCTTG-1,GARQ,D17,4,40,38,7,0.0713343,Parietal Epithelial Cells
CTGCAATAGGCCGGAA-4,GARQ,D17,4,40,38,1,0.25511897,Tumor Epithelial
CTGCAATAGGGTGAAC-3,GARQ,D17,4,40,38,36,0.015918255,Podocytes
CTGCTCCCAGCATTAT-4,GARQ,D17,4,40,38,34,0.12288749,Myeloid Cells
CTGCTCCCAGCCTAAC-3,GARQ,D17,4,40,38,20,0.209786,Stressed Tumor (p53+)
CTGGACCAGTTGGGCC-1,GARQ,D17,4,40,38,12,0.015477717,Tumor Epithelial
CTGGTCAAGTAAACCC-4,GARQ,D17,4,40,38,19,0.09934163,Tumor Epithelial
CTGGTTTGTGAAGCCT-3,GARQ,D17,4,40,38,36,0.00036263466,Proximal Tubule
CTGTATTTCTCTAGCC-4,GARQ,D17,4,40,38,22,0.072666526,Tumor Epithelial
CTGTGTGAGGGACGCA-3,GARQ,D17,4,40,38,32,0.22411224,Stressed Tumor (p53+)
CTGTGTGAGTTGTCTT-1,GARQ,D17,4,40,38,19,0.20335826,Tumor (Neuronal-like)
CTGTTAAAGGCATTAC-2,GARQ,D17,4,40,38,37,0.045015633,Proximal Tubule
CTGTTAAAGGTTACGT-1,GARQ,D17,4,40,38,12,0.44148985,Tumor (Neuronal-like)
CTGTTCATCTTAAGTG-4,GARQ,D17,4,40,38,1,0.13338602,Tumor Epithelial
CTGTTGGAGACACCGC-3,GARQ,D17,4,40,38,15,0.05238715,Parietal Epithelial Cells
CTTAACAAGAAGCTAG-1,GARQ,D17,4,40,38,33,0.03265214,Podocytes
CTTAACAAGGCAAGTA-1,GARQ,D17,4,40,38,39,0.026753455,Low Quality / Dying
CTTACCGGTTAGGCGT-2,GARQ,D17,4,40,38,15,0.1103518,Proximal Tubule
CTTACCTCAGCTAACC-4,GARQ,D17,4,40,38,22,0.06367135,Tumor Epithelial
CTTACCTCAGGATGGC-1,GARQ,D17,4,40,38,12,0.21528238,Tumor (Neuronal-like)
CTTAGGAGTGATGAAA-3,GARQ,D17,4,40,38,32,0.096084476,Proximal Tubule
CTTAGTTTCAACAAGG-3,GARQ,D17,4,40,38,32,0.07770109,Proximal Tubule
CTTAGTTTCGCAATCG-2,GARQ,D17,4,40,38,11,0.07817471,Proximal Tubule
CTTATGTTCAACAAGG-2,GARQ,D17,4,40,38,11,0.13371378,Proximal Tubule
CTTATGTTCCTTGAGG-1,GARQ,D17,4,40,38,4,0.27548885,Proximal Tubule
CTTCAAGCAAGCCAGA-2,GARQ,D17,4,40,38,18,0.06880969,Proximal Tubule
CTTCACTCACACAATT-3,GARQ,D17,4,40,38,10,0.18349811,Proximal Tubule
CTTCATCCAATTATGC-3,GARQ,D17,4,40,38,15,0.11921072,Podocytes
CTTCGCGTCCTAATGA-4,GARQ,D17,4,40,38,22,0.14498478,Tumor Epithelial
CTTCTCAAGCATTAGC-2,GARQ,D17,4,40,38,18,0.079854965,Proximal Tubule
CTTCTCAAGGTAACGA-3,GARQ,D17,4,40,38,4,0.10760242,Proximal Tubule
CTTCTCAAGTAACGAG-2,GARQ,D17,4,40,38,10,0.009003222,Proximal Tubule
CTTGAACAGTTAGCCG-3,GARQ,D17,4,40,38,19,0.29981565,Low Quality / Dying
CTTGAATCATCGCTCC-2,GARQ,D17,4,40,38,20,0.15076894,Proximal Tubule
CTTGCAACAAGGTGCA-2,GARQ,D17,4,40,38,20,0.07840985,Proximal Tubule
CTTGCAACAATGAGGT-4,GARQ,D17,4,40,38,4,0.40645307,Tumor Epithelial
CTTGCAACAGCTCATA-3,GARQ,D17,4,40,38,26,0.085660934,Proximal Tubule
CTTGCATGTCTCACTG-3,GARQ,D17,4,40,38,18,0.08694577,Injured PT-like
CTTGCGCGTTGCAATG-3,GARQ,D17,4,40,38,32,0.028448313,Proximal Tubule
CTTGCGCGTTGCCTCA-3,GARQ,D17,4,40,38,15,0.11503303,Stressed Tumor (p53+)
CTTGCTCAGCGGATAA-3,GARQ,D17,4,40,38,4,0.024692059,Podocytes
CTTGCTCAGGGATGCG-4,GARQ,D17,4,40,38,4,0.28362292,Tumor Epithelial
CTTGCTCAGTAACTCA-3,GARQ,D17,4,40,38,20,0.0484488,Proximal Tubule
CTTGCTCAGTTAGCCG-2,GARQ,D17,4,40,38,32,0.034906626,Proximal Tubule
CTTGGACCACCGGTAT-3,GARQ,D17,4,40,38,36,0.09050566,Proximal Tubule
CTTGTAAAGGAAGCTA-1,GARQ,D17,4,40,38,4,0.351166,Proximal Tubule
CTTGTAAAGGGCTAAA-4,GARQ,D17,4,40,38,1,0.04045272,Tumor Epithelial
CTTGTCCAGTAACTCA-3,GARQ,D17,4,40,38,4,0.043195963,Injured PT-like
CTTGTTCCAGCTCAAC-3,GARQ,D17,4,40,38,23,0.17326277,Proximal Tubule
CTTGTTTAGACACCGC-1,GARQ,D17,4,40,38,4,0.24989727,Tumor (Neuronal-like)
CTTGTTTAGTAACGAG-2,GARQ,D17,4,40,38,15,0.09214115,Proximal Tubule
CTTTAGGCAGTTAGCC-4,GARQ,D17,4,40,38,12,0.16056603,Myeloid Cells
CTTTAGGCATATTGAC-2,GARQ,D17,4,40,38,15,0.16920602,Proximal Tubule
CTTTAGGCATTGCGTA-2,GARQ,D17,4,40,38,2,0.017095298,Parietal Epithelial Cells
CTTTAGTTCTAGCGAT-1,GARQ,D17,4,40,38,34,0.03386131,Tumor (Neuronal-like)
CTTTCTTGTCACCAAA-3,GARQ,D17,4,40,38,18,0.075047165,Mast Cells
CTTTGAGCAACAACAA-2,GARQ,D17,4,40,38,20,0.004449606,Proximal Tubule
CTTTGAGCACGGTTTA-1,GARQ,D17,4,40,38,12,0.28219092,Podocytes
CTTTGGGAGCAATAGG-1,GARQ,D17,4,40,38,39,0.07677066,Podocytes
CTTTGGGAGCCACATG-3,GARQ,D17,4,40,38,19,0.07041228,Proximal Tubule
GAAACCCGTTCCGGGA-1,GARQ,D17,4,40,38,4,0.009634942,Stressed Tumor (p53+)
GAAACTGAGCTTAGCG-1,GARQ,D17,4,40,38,12,0.040644765,Low Quality / Dying
GAAACTGAGGCATTAC-3,GARQ,D17,4,40,38,4,0.0245502,Proximal Tubule
GAAAGCCAGTTAGTTG-1,GARQ,D17,4,40,38,26,0.087352514,Low Quality / Dying
GAACACAAGGAACACA-4,GARQ,D17,4,40,38,1,0.12268156,Tumor Epithelial
GAACCAAAGAGGAAGG-4,GARQ,D17,4,40,38,4,0.2440418,Tumor Epithelial
GAACCTGTCAGTTCCC-4,GARQ,D17,4,40,38,1,0.06268799,Tumor Epithelial
GAACCTGTCGCTAGCA-1,GARQ,D17,4,40,38,15,0.010658443,Podocytes
GAACGAATCTTGATGA-4,GARQ,D17,4,40,38,12,0.20421225,Myeloid Cells
GAACTTATCCCTCTAA-4,GARQ,D17,4,40,38,4,0.09930217,Myeloid Cells
GAACTTATCCTAATTC-1,GARQ,D17,4,40,38,26,0.01740104,Tumor Epithelial
GAAGCCTGTACCGTTT-4,GARQ,D17,4,40,38,1,0.11969817,Low Quality / Dying
GAAGCTAAGGAAACTG-3,GARQ,D17,4,40,38,28,0.102550834,Proximal Tubule
GAAGGCTAGCATCCAG-4,GARQ,D17,4,40,38,1,0.068011105,Tumor Epithelial
GAAGGCTAGGGACCTC-4,GARQ,D17,4,40,38,22,0.04927075,Tumor Epithelial
GAAGTAAGTAGTTAAC-3,GARQ,D17,4,40,38,36,0.037724495,Stressed Tumor (p53+)
GAAGTATAGCTTAGTA-4,GARQ,D17,4,40,38,4,0.060188055,Tumor Epithelial
GAAGTGATCTTAAGTG-4,GARQ,D17,4,40,38,1,0.12006712,Tumor Epithelial
GAATTTGTCACGTTAA-3,GARQ,D17,4,40,38,26,0.09537476,Podocytes
GACAATACACCTCACC-3,GARQ,D17,4,40,38,18,0.007985055,Stressed Tumor (p53+)
GACACCGGTGCATTAG-4,GARQ,D17,4,40,38,12,0.25972602,Myeloid Cells
GACATTATCCTGGTCT-3,GARQ,D17,4,40,38,7,0.073735535,Proximal Tubule
GACCGAACAGCCTAAC-2,GARQ,D17,4,40,38,20,0.08204001,Proximal Tubule
GACCGAACATGAATAG-3,GARQ,D17,4,40,38,4,0.21622372,Proximal Tubule
GACCGTTCACATAGCC-4,GARQ,D17,4,40,38,1,0.09702611,Myeloid Cells
GACCTAAGTCTTTGAC-1,GARQ,D17,4,40,38,7,0.009444296,Tumor (Neuronal-like)
GACCTAAGTTGGTGAC-1,GARQ,D17,4,40,38,15,0.081478715,Tumor (Neuronal-like)
GACCTCAAGACTCGCA-4,GARQ,D17,4,40,38,4,0.27298972,Tumor Epithelial
GACCTTTGTACCTTAC-3,GARQ,D17,4,40,38,4,0.0588547,Proximal Tubule
GACCTTTGTGCTCCGT-1,GARQ,D17,4,40,38,4,0.049534798,Proximal Tubule
GACGCAACACCATATG-1,GARQ,D17,4,40,38,33,0.031591713,Tumor (Neuronal-like)
GACGCCTAGCAAGGGT-3,GARQ,D17,4,40,38,31,0.009723604,Proximal Tubule
GACGCCTAGTATTGGC-3,GARQ,D17,4,40,38,15,0.13094628,Proximal Tubule
GACGTAAAGCACTAAC-2,GARQ,D17,4,40,38,15,0.100520074,Proximal Tubule
GACGTAAAGCTCCTAC-2,GARQ,D17,4,40,38,32,0.072996676,Proximal Tubule
GACTAATGTCTTACTA-2,GARQ,D17,4,40,38,10,0.068372965,Podocytes
GACTTACAGTACCGCA-3,GARQ,D17,4,40,38,23,0.16458976,Proximal Tubule
GACTTAGGTTAGGTTG-2,GARQ,D17,4,40,38,20,0.16172001,Proximal Tubule
GAGAAACGTAATGGCC-2,GARQ,D17,4,40,38,18,0.23377788,Proximal Tubule
GAGAACCAGCTTAACA-4,GARQ,D17,4,40,38,13,0.042519033,Tumor Epithelial
GAGAACCAGGACAACA-2,GARQ,D17,4,40,38,2,0.08918673,Proximal Tubule
GAGAGGCGTAGGATCC-3,GARQ,D17,4,40,38,12,0.16099757,Tumor (Neuronal-like)
GAGAGGCGTATTACCC-2,GARQ,D17,4,40,38,28,0.009369135,Proximal Tubule
GAGATAAGTATTCGCT-2,GARQ,D17,4,40,38,0,0.0047433376,Podocytes
GAGATAAGTGTTGCTT-2,GARQ,D17,4,40,38,18,0.012795866,Proximal Tubule
GAGCAAATCTTAGGGT-2,GARQ,D17,4,40,38,15,0.2631731,Proximal Tubule
GAGCAAGGTCCTAATC-2,GARQ,D17,4,40,38,30,0.028488398,Proximal Tubule
GAGCAAGGTTAATGCG-4,GARQ,D17,4,40,38,33,0.0068274736,Tumor Epithelial
GAGCATGCAGGCTGTT-4,GARQ,D17,4,40,38,22,0.29686558,Tumor Epithelial
GAGCCACTCTCGACCT-4,GARQ,D17,4,40,38,1,0.071220845,T Cells
GAGCCACTCTTAGTCT-3,GARQ,D17,4,40,38,17,0.072680086,Myeloid Cells
GAGCCACTCTTTGAGA-1,GARQ,D17,4,40,38,36,0.13646924,Tumor (Neuronal-like)
GAGCCTTCAAAGCTAA-4,GARQ,D17,4,40,38,4,0.2014615,Tumor Epithelial
GAGCGATAGGCTACAT-4,GARQ,D17,4,40,38,4,0.102600396,Tumor Epithelial
GAGCGGTCAACAACAA-3,GARQ,D17,4,40,38,15,0.038346887,Proximal Tubule
GAGCTAGCAATCCTAG-3,GARQ,D17,4,40,38,36,0.11859217,Proximal Tubule
GAGCTGCTCCAATAGC-3,GARQ,D17,4,40,38,20,0.029395938,Proximal Tubule
GAGCTGCTCCTTCTAG-2,GARQ,D17,4,40,38,20,0.17467797,Proximal Tubule
GAGCTTAGTCTAACAG-4,GARQ,D17,4,40,38,1,0.043738604,Tumor Epithelial
GAGCTTGTCGCTAAGT-1,GARQ,D17,4,40,38,7,0.048384964,Tumor (Neuronal-like)
GAGGACTAGCAAACCT-2,GARQ,D17,4,40,38,23,0.0008267164,Proximal Tubule
GAGGCCTTCCAAGTGT-2,GARQ,D17,4,40,38,10,0.018617153,Proximal Tubule
GAGGCTTGTGCTGTAA-2,GARQ,D17,4,40,38,27,0.004864067,Proximal Tubule
GAGGTACAGCGGATAA-1,GARQ,D17,4,40,38,4,0.21950841,Podocytes
GAGGTGAGTTGACTTC-3,GARQ,D17,4,40,38,2,0.044723928,Parietal Epithelial Cells
GAGTAACCAGCAGGTA-3,GARQ,D17,4,40,38,17,0.11035466,Myeloid Cells
GAGTAACCATGAGCAG-1,GARQ,D17,4,40,38,36,0.10398698,Tumor (Neuronal-like)
GAGTAATAGGACCAGG-1,GARQ,D17,4,40,38,36,0.051730275,Injured PT-like
GAGTAATAGGGTTATC-3,GARQ,D17,4,40,38,18,0.3541714,Proximal Tubule
GAGTATCTCACGCCAA-3,GARQ,D17,4,40,38,16,0.006077647,Parietal Epithelial Cells
GAGTATCTCCCATAGG-2,GARQ,D17,4,40,38,12,0.021790147,Myeloid Cells
GAGTCAAAGCTTAGCG-3,GARQ,D17,4,40,38,17,0.025524616,Myeloid Cells
GAGTGAGGTTAACAGT-4,GARQ,D17,4,40,38,12,0.052485168,Tumor Epithelial
GAGTGATCACATAACT-2,GARQ,D17,4,40,38,20,0.06671643,Proximal Tubule
GAGTGATCACCCACAG-4,GARQ,D17,4,40,38,1,0.17238045,Tumor Epithelial
GAGTGTTTCGATTATG-3,GARQ,D17,4,40,38,4,0.047383517,Proximal Tubule
GAGTTACTCATAACCA-4,GARQ,D17,4,40,38,34,0.04768765,Tumor Epithelial
GAGTTACTCGTTAACA-3,GARQ,D17,4,40,38,12,0.04611361,Proximal Tubule
GAGTTGCGTACCGAAC-2,GARQ,D17,4,40,38,15,0.1161468,Proximal Tubule
GAGTTGCGTGTTGCTT-1,GARQ,D17,4,40,38,4,0.18833691,Tumor (Neuronal-like)
GAGTTTGGTGTCCAAA-1,GARQ,D17,4,40,38,26,0.06601286,Tumor Epithelial
GATAAAGGTTTCGCGC-4,GARQ,D17,4,40,38,4,0.18827271,Tumor Epithelial
GATAACGAGCAGCTCA-3,GARQ,D17,4,40,38,31,0.0407905,Tumor (Neuronal-like)
GATAAGCCATCGCTTT-2,GARQ,D17,4,40,38,10,0.027955294,Proximal Tubule
GATAATCGTCAAAGAA-2,GARQ,D17,4,40,38,2,0.13895339,Proximal Tubule
GATAATCGTTTGTTGC-1,GARQ,D17,4,40,38,36,0.012540162,Tumor (Neuronal-like)
GATCAGGCAAGTTATC-2,GARQ,D17,4,40,38,18,0.1884073,Proximal Tubule
GATCAGGCACTCGCTC-4,GARQ,D17,4,40,38,4,0.06258851,Tumor Epithelial
GATCAGTTCAAGCTTA-4,GARQ,D17,4,40,38,4,0.14859655,Tumor Epithelial
GATCCGTCAATAGCAA-2,GARQ,D17,4,40,38,30,0.105974615,Proximal Tubule
GATCCGTCACTTCATC-1,GARQ,D17,4,40,38,19,0.070559174,Stressed Tumor (p53+)
GATCGAGCAAAGCGGC-2,GARQ,D17,4,40,38,18,0.075387776,Proximal Tubule
GATCGAGCACAGACTC-3,GARQ,D17,4,40,38,19,0.010405123,Mast Cells
GATCGAGCATGTTGTG-2,GARQ,D17,4,40,38,20,0.08820683,Injured PT-like
GATGACTTCGGTAACT-1,GARQ,D17,4,40,38,4,0.04240042,Podocytes
GATGACTTCTAATCTC-3,GARQ,D17,4,40,38,11,0.21516699,Podocytes
GATGAGGGTGACATGC-3,GARQ,D17,4,40,38,4,0.097212315,Proximal Tubule
GATGCAGCAACAGGAT-4,GARQ,D17,4,40,38,1,0.20868206,Tumor Epithelial
GATGCAGCAACCCTAA-2,GARQ,D17,4,40,38,20,0.105118036,Proximal Tubule
GATGCAGCAACTAGGG-3,GARQ,D17,4,40,38,26,0.05585605,Parietal Epithelial Cells
GATGCAGCAGGTTAAA-2,GARQ,D17,4,40,38,18,0.04999143,Podocytes
GATGCATTCATGTTTC-4,GARQ,D17,4,40,38,22,0.29150468,Tumor Epithelial
GATGCGACAATAACGA-1,GARQ,D17,4,40,38,32,0.022218406,Podocytes
GATGCTTAGGTAGCTT-3,GARQ,D17,4,40,38,12,0.06073773,Proximal Tubule
GATGGCTGTGCTCCAC-3,GARQ,D17,4,40,38,10,0.033664793,Podocytes
GATTAAGCAATCTCTC-1,GARQ,D17,4,40,38,19,0.4055609,Podocytes
GATTACGGTCTTTGAC-3,GARQ,D17,4,40,38,15,0.007421851,Stressed Tumor (p53+)
GATTAGCTCCCATAAA-4,GARQ,D17,4,40,38,24,0.032619536,Tumor Epithelial
GATTAGCTCGAGGTGG-2,GARQ,D17,4,40,38,15,0.099781096,Stressed Tumor (p53+)
GATTAGTGTCGACTAA-4,GARQ,D17,4,40,38,34,0.016149342,Tumor Epithelial
GATTATGTCCAGGAAA-2,GARQ,D17,4,40,38,15,0.051389456,Proximal Tubule
GATTCAATCGCGACAC-4,GARQ,D17,4,40,38,1,0.027209014,Myeloid Cells
GATTCAGGTGCATCGG-3,GARQ,D17,4,40,38,15,0.12259948,Proximal Tubule
GATTCATCAAGCGATG-1,GARQ,D17,4,40,38,39,0.07487443,Low Quality / Dying
GATTCCTGTCCTTAGT-4,GARQ,D17,4,40,38,1,0.2627105,Podocytes
GATTGATGTAGCTAGC-4,GARQ,D17,4,40,38,22,0.09409839,Myeloid Cells
GATTGCAGTTAGGCGT-4,GARQ,D17,4,40,38,24,0.026038885,Tumor Epithelial
GATTGGTTCCTTCTAG-2,GARQ,D17,4,40,38,11,0.014161825,Proximal Tubule
GATTGGTTCGTCCTTA-2,GARQ,D17,4,40,38,18,0.25430375,Proximal Tubule
GATTTGCAGAGGCTAA-3,GARQ,D17,4,40,38,39,0.009682506,Podocytes
GCAAACAAGGCGCACT-3,GARQ,D17,4,40,38,31,0.096131265,Proximal Tubule
GCAACAGCAGGTTCAC-2,GARQ,D17,4,40,38,20,0.15966612,Proximal Tubule
GCAACAGCATGACTAT-2,GARQ,D17,4,40,38,18,0.3092656,Proximal Tubule
GCAAGCCTCGGCCATA-3,GARQ,D17,4,40,38,12,0.0013583004,Podocytes
GCAAGTCGTAACAGGG-2,GARQ,D17,4,40,38,10,0.028136075,Proximal Tubule
GCAATCTAGTCACTAA-1,GARQ,D17,4,40,38,4,0.18728289,Tumor (Neuronal-like)
GCAATGAAGCACTTGG-2,GARQ,D17,4,40,38,20,0.09669101,Proximal Tubule
GCAATGAAGGGTGAGT-4,GARQ,D17,4,40,38,1,0.008962631,T Cells
GCAATGAAGTCTTGAA-2,GARQ,D17,4,40,38,37,0.098330855,Proximal Tubule
GCAATGTTCACGTTAA-4,GARQ,D17,4,40,38,4,0.2802207,Tumor Epithelial
GCACCTAAGCCTGAGC-2,GARQ,D17,4,40,38,18,0.30493537,Stressed Tumor (p53+)
GCACCTAAGGTAGCTT-2,GARQ,D17,4,40,38,11,0.018004239,Proximal Tubule
GCACCTAAGTGAAGTG-3,GARQ,D17,4,40,38,22,0.21497929,Proximal Tubule
GCACGCTAGCCTGTTC-1,GARQ,D17,4,40,38,13,0.0003541112,Low Quality / Dying
GCACGCTAGGTCCTAG-2,GARQ,D17,4,40,38,18,0.13035733,Proximal Tubule
GCACTAAGTGTCCAGG-2,GARQ,D17,4,40,38,15,0.098446906,Proximal Tubule
GCACTTACAAGTAAGC-1,GARQ,D17,4,40,38,33,0.004193485,Stressed Tumor (p53+)
GCAGCCAGTATTCGCT-2,GARQ,D17,4,40,38,15,0.17062944,Proximal Tubule
GCAGGAAGTTTGGCGG-1,GARQ,D17,4,40,38,1,0.06948048,Tumor Epithelial
GCAGGACCAAGCTAAA-3,GARQ,D17,4,40,38,19,0.09248555,Proximal Tubule
GCAGGCAAGGTCTTGG-2,GARQ,D17,4,40,38,32,0.0237149,Proximal Tubule
GCAGGCTTCACTCGCT-2,GARQ,D17,4,40,38,15,0.010927618,Podocytes
GCAGGTGAGGGTGAAC-4,GARQ,D17,4,40,38,22,0.15752554,Tumor Epithelial
GCATATATCCAGGTCA-1,GARQ,D17,4,40,38,12,0.05028379,Low Quality / Dying
GCATATATCTGGCTTC-4,GARQ,D17,4,40,38,19,0.06696677,Tumor Epithelial
GCATCCTTCAAACACC-2,GARQ,D17,4,40,38,15,0.07862398,Stressed Tumor (p53+)
GCATCCTTCGTGCTTC-3,GARQ,D17,4,40,38,15,0.16371965,Proximal Tubule
GCATCCTTCTATGACA-1,GARQ,D17,4,40,38,19,0.20048666,Tumor (Neuronal-like)
GCATCCTTCTCGCCTG-3,GARQ,D17,4,40,38,31,0.018891752,Proximal Tubule
GCATGAAAGAGGAGGA-1,GARQ,D17,4,40,38,4,0.10131794,Tumor Epithelial
GCATGAGCATCCTGAA-2,GARQ,D17,4,40,38,15,0.08269203,Proximal Tubule
GCATTGCCAATTGCGC-2,GARQ,D17,4,40,38,20,0.16018161,Proximal Tubule
GCCAACATCACGTTAA-4,GARQ,D17,4,40,38,22,0.06751913,Tumor Epithelial
GCCAATAGTGCTCCGT-2,GARQ,D17,4,40,38,18,0.0023519993,Proximal Tubule
GCCAATAGTTTGCGAA-1,GARQ,D17,4,40,38,32,0.057354152,Proximal Tubule
GCCAATTAGTGAACCT-3,GARQ,D17,4,40,38,19,0.09554654,Low Quality / Dying
GCCACAATCACAGGAA-3,GARQ,D17,4,40,38,15,0.011241674,Proximal Tubule
GCCACAATCGGTACGC-2,GARQ,D17,4,40,38,20,0.23128843,Proximal Tubule
GCCACAATCTCATCAT-4,GARQ,D17,4,40,38,4,0.12815171,Tumor Epithelial
GCCACACAGCTTGCTC-3,GARQ,D17,4,40,38,20,0.043353975,Podocytes
GCCACACAGGTCCAAT-4,GARQ,D17,4,40,38,35,0.023948014,Tumor Epithelial
GCCACTAAGCAAGGAC-3,GARQ,D17,4,40,38,22,0.14833248,Tumor Epithelial
GCCACTAAGTAGAGGC-4,GARQ,D17,4,40,38,4,0.20164716,Tumor Epithelial
GCCAGGAAGCTTAACA-3,GARQ,D17,4,40,38,4,0.21242619,Podocytes
GCCAGGAAGCTTACTT-2,GARQ,D17,4,40,38,15,0.20657831,Podocytes
GCCAGGAAGGTAGCTT-2,GARQ,D17,4,40,38,18,0.02167195,Proximal Tubule
GCCAGGTTCAGCCAAT-4,GARQ,D17,4,40,38,4,0.27846646,Tumor Epithelial
GCCAGGTTCCGGTATG-2,GARQ,D17,4,40,38,8,0.036374032,Low Quality / Dying
GCCATTACATCATGGC-2,GARQ,D17,4,40,38,18,0.04387206,Parietal Epithelial Cells
GCCCAAATCCTTGCAC-3,GARQ,D17,4,40,38,10,0.006152332,Podocytes
GCCCATAAGGAGGTTA-4,GARQ,D17,4,40,38,29,0.013641685,Tumor Epithelial
GCCCGTTGTCCCGAAG-2,GARQ,D17,4,40,38,18,0.031132907,Myeloid Cells
GCCCGTTGTTTCGCGC-4,GARQ,D17,4,40,38,1,0.052083433,Tumor Epithelial
GCCCTCATCCCTCGCA-2,GARQ,D17,4,40,38,20,0.045894265,Proximal Tubule
GCCGTGAGTCATGCAA-1,GARQ,D17,4,40,38,22,0.052671313,Tumor Epithelial
GCCGTGAGTGAGGTAG-4,GARQ,D17,4,40,38,1,0.020207882,Tumor Epithelial
GCCTAATAGTTAACCA-3,GARQ,D17,4,40,38,23,0.12223852,Proximal Tubule
GCCTAATAGTTAGTGC-4,GARQ,D17,4,40,38,12,0.24939644,Tumor Epithelial
GCCTACTTCCGTTAAA-4,GARQ,D17,4,40,38,4,0.16624773,Tumor Epithelial
GCCTATTGTAATCACG-1,GARQ,D17,4,40,38,26,0.08405608,Podocytes
GCCTATTGTAGTTAAC-1,GARQ,D17,4,40,38,26,0.22093254,Low Quality / Dying
GCCTATTGTCAAAGAA-1,GARQ,D17,4,40,38,19,0.09315908,Low Quality / Dying
GCCTCAAAGCAAGGGT-2,GARQ,D17,4,40,38,20,0.010315955,Proximal Tubule
GCCTCAAAGGGCTTAT-3,GARQ,D17,4,40,38,15,0.03640315,Stressed Tumor (p53+)
GCCTCGACAGGTTAAA-4,GARQ,D17,4,40,38,12,0.024707079,Myeloid Cells
GCCTGACAGTCATTAG-2,GARQ,D17,4,40,38,23,0.028236628,Proximal Tubule
GCCTGAGGTAGACAAA-3,GARQ,D17,4,40,38,12,0.10220122,Proximal Tubule
GCCTGAGGTCCTTTAA-2,GARQ,D17,4,40,38,8,0.074278474,Proximal Tubule
GCCTTAACAGAAATGC-3,GARQ,D17,4,40,38,28,0.3041637,Proximal Tubule
GCCTTAACAGCTAACC-4,GARQ,D17,4,40,38,19,0.023665905,Tumor Epithelial
GCCTTAACATGTCAAT-1,GARQ,D17,4,40,38,19,0.30754024,Tumor (Neuronal-like)
GCCTTAACATTGACAT-1,GARQ,D17,4,40,38,37,0.055667758,Myeloid Cells
GCCTTACTCATGGTGT-2,GARQ,D17,4,40,38,20,0.14584124,Proximal Tubule
GCCTTGCGTATTCGCT-3,GARQ,D17,4,40,38,18,0.18884599,Proximal Tubule
GCCTTGCGTGCAACTA-3,GARQ,D17,4,40,38,15,0.05642754,Proximal Tubule
GCCTTGCGTTCACTGT-4,GARQ,D17,4,40,38,1,0.050507635,Tumor Epithelial
GCCTTTATCTATGACA-4,GARQ,D17,4,40,38,4,0.151268,Tumor Epithelial
GCGAAGCCAGCAAGTG-4,GARQ,D17,4,40,38,22,0.34225875,Tumor Epithelial
GCGAAGCCATGGCCTG-1,GARQ,D17,4,40,38,4,0.043580174,Podocytes
GCGAAGTAGCCTCTCG-3,GARQ,D17,4,40,38,37,0.20865172,Myeloid Cells
GCGAGTGAGCATGGTT-1,GARQ,D17,4,40,38,22,0.0005517006,Tumor (Neuronal-like)
GCGAGTGAGCGGATAA-4,GARQ,D17,4,40,38,12,0.004984647,Tumor Epithelial
GCGATATTCGCGCTAA-2,GARQ,D17,4,40,38,15,0.1101276,Proximal Tubule
GCGATTAGTAAGGTCC-3,GARQ,D17,4,40,38,15,0.12991762,Proximal Tubule
GCGATTAGTGGATTAT-3,GARQ,D17,4,40,38,7,0.031181872,Proximal Tubule
GCGATTTAGTCATTAG-1,GARQ,D17,4,40,38,39,0.062491536,Stressed Tumor (p53+)
GCGCAATGTATGGTGC-4,GARQ,D17,4,40,38,22,0.08612633,Tumor Epithelial
GCGCAATGTATTGTGG-1,GARQ,D17,4,40,38,12,0.031692564,Stressed Tumor (p53+)
GCGCTAGGTATTGTGG-3,GARQ,D17,4,40,38,10,0.014064968,Injured PT-like
GCGCTAGGTGACATGC-4,GARQ,D17,4,40,38,4,0.070530415,Tumor Epithelial
GCGCTTAAGAGGCTAA-3,GARQ,D17,4,40,38,32,0.027273476,Proximal Tubule
GCGCTTAAGATGCCTG-1,GARQ,D17,4,40,38,12,0.2698103,Stressed Tumor (p53+)
GCGCTTGCAAGGTAAC-4,GARQ,D17,4,40,38,4,0.1678353,Tumor Epithelial
GCGCTTGCAGTCTAGC-1,GARQ,D17,4,40,38,4,0.08717275,Tumor (Neuronal-like)
GCGCTTGCATGTCGCG-4,GARQ,D17,4,40,38,1,0.10970998,Tumor Epithelial
GCGGATACACTAAATC-3,GARQ,D17,4,40,38,36,0.14310497,Tumor (Neuronal-like)
GCGGATACATGGAGGC-2,GARQ,D17,4,40,38,37,0.031024069,Proximal Tubule
GCGGGTTTCCTCACTA-3,GARQ,D17,4,40,38,15,0.032110333,Podocytes
GCGGGTTTCTTGCAAA-3,GARQ,D17,4,40,38,15,0.19949651,Proximal Tubule
GCGGTTATCAGCATTA-3,GARQ,D17,4,40,38,19,0.14198655,Tumor (Neuronal-like)
GCGGTTATCGCCTGTT-4,GARQ,D17,4,40,38,26,0.047963798,Tumor Epithelial
GCGTAACGTGGTTCTT-2,GARQ,D17,4,40,38,18,0.29847312,Proximal Tubule
GCGTTTCTCTGTAATG-1,GARQ,D17,4,40,38,29,0.09780395,Tumor (Neuronal-like)
GCTAAGAAGTTCCCAC-2,GARQ,D17,4,40,38,38,0.02047196,Stressed Tumor (p53+)
GCTAAGAAGTTGCCTC-3,GARQ,D17,4,40,38,19,0.08308518,Proximal Tubule
GCTAAGCGTGCTGGTG-4,GARQ,D17,4,40,38,26,0.15822864,Tumor Epithelial
GCTAAGTTCAAGCTAC-2,GARQ,D17,4,40,38,20,0.08332783,Proximal Tubule
GCTAAGTTCGATTTGA-1,GARQ,D17,4,40,38,12,0.16161883,Tumor (Neuronal-like)
GCTAATATCATAAGCC-3,GARQ,D17,4,40,38,20,0.05803287,Proximal Tubule
GCTAGCTCAATATAGG-2,GARQ,D17,4,40,38,18,0.04858893,Proximal Tubule
GCTAGCTCAGGCAAGC-3,GARQ,D17,4,40,38,15,0.3784498,Proximal Tubule
GCTAGTGTCCCTCGCA-3,GARQ,D17,4,40,38,4,0.07735634,Proximal Tubule
GCTAGTGTCCGGTTAG-3,GARQ,D17,4,40,38,37,0.25460634,Proximal Tubule
GCTAGTGTCCTCATGC-2,GARQ,D17,4,40,38,15,0.016434193,Proximal Tubule
GCTATAGGTGAATCGC-1,GARQ,D17,4,40,38,12,0.18451378,Low Quality / Dying
GCTATCCTCTTGCTAT-4,GARQ,D17,4,40,38,12,0.13089949,Tumor Epithelial
GCTATTGCATGGCCCA-1,GARQ,D17,4,40,38,19,0.08052659,Tumor (Neuronal-like)
GCTCAACCAAGTTATC-2,GARQ,D17,4,40,38,18,0.24468958,Proximal Tubule
GCTCACAAGGACAATG-2,GARQ,D17,4,40,38,20,0.05929348,Podocytes
GCTCACAAGGAGGGTT-2,GARQ,D17,4,40,38,18,0.19484717,Proximal Tubule
GCTCTGGCAGGCTTCG-2,GARQ,D17,4,40,38,30,0.1201753,Proximal Tubule
GCTCTGTTCCGGCTAA-2,GARQ,D17,4,40,38,20,0.004203975,Proximal Tubule
GCTCTGTTCTTGCTAT-4,GARQ,D17,4,40,38,4,0.15992081,Tumor Epithelial
GCTGACATCCTGATTT-2,GARQ,D17,4,40,38,8,0.015018046,Proximal Tubule
GCTGACCAGCTGGACC-4,GARQ,D17,4,40,38,12,0.007963002,Mast Cells
GCTGAGGAGTAGCGCC-3,GARQ,D17,4,40,38,2,0.07612145,Proximal Tubule
GCTGAGGAGTGGCGGA-2,GARQ,D17,4,40,38,15,0.14857346,Podocytes
GCTGCAATCCGCAAAT-3,GARQ,D17,4,40,38,22,0.043482065,Low Quality / Dying
GCTGCAATCCTGGTCT-1,GARQ,D17,4,40,38,19,0.05481279,Low Quality / Dying
GCTGCATCATTTGCTC-2,GARQ,D17,4,40,38,15,0.13119012,Low Quality / Dying
GCTGGTTCAGGCTTGT-4,GARQ,D17,4,40,38,26,0.042164147,Tumor Epithelial
GCTGTACCAGCTAACC-2,GARQ,D17,4,40,38,18,0.027336955,Proximal Tubule
GCTTAAATCATCCTGC-2,GARQ,D17,4,40,38,15,0.047795296,Proximal Tubule
GCTTAAATCTCAATAG-4,GARQ,D17,4,40,38,1,0.21969754,Tumor Epithelial
GCTTAACAGAGGAAGG-4,GARQ,D17,4,40,38,1,0.013553977,Myeloid Cells
GCTTAACAGCACAGAA-4,GARQ,D17,4,40,38,4,0.12822133,Tumor Epithelial
GCTTAACAGCATGCAT-4,GARQ,D17,4,40,38,34,0.12613648,Tumor Epithelial
GCTTACCTCGCTAGTG-2,GARQ,D17,4,40,38,38,0.0011980832,Proximal Tubule
GCTTAGTAGCGATACT-4,GARQ,D17,4,40,38,4,0.08157724,Tumor Epithelial
GCTTAGTAGCTCAAAC-3,GARQ,D17,4,40,38,37,0.15602666,Myeloid Cells
GCTTAGTAGGCTGGCT-4,GARQ,D17,4,40,38,34,0.083789855,Tumor Epithelial
GCTTATCGTTTGGGCG-3,GARQ,D17,4,40,38,36,0.0018247664,Proximal Tubule
GCTTGTTGTGTCCTGC-2,GARQ,D17,4,40,38,26,0.097150266,Proximal Tubule
GCTTTATTCCAGGTCA-3,GARQ,D17,4,40,38,12,0.0016480088,Proximal Tubule
GCTTTGTGTTACGCAA-2,GARQ,D17,4,40,38,20,9.518862e-05,Proximal Tubule
GGAACCACACATTGCA-4,GARQ,D17,4,40,38,1,0.29707724,Tumor Epithelial
GGAACGGTCCGTTAAA-1,GARQ,D17,4,40,38,19,0.037843466,Tumor Epithelial
GGAACTAAGGTTTACA-3,GARQ,D17,4,40,38,20,0.013474882,Proximal Tubule
GGAACTAAGTAACTCA-2,GARQ,D17,4,40,38,18,0.18698084,Proximal Tubule
GGAAGCTAGGACAACA-4,GARQ,D17,4,40,38,34,0.076381385,Tumor Epithelial
GGAAGTATCACGCATG-3,GARQ,D17,4,40,38,18,0.026609242,Proximal Tubule
GGAAGTATCTAATTGG-4,GARQ,D17,4,40,38,17,0.0012131035,Tumor Epithelial
GGAATCTTCCAGGTTG-3,GARQ,D17,4,40,38,26,0.009261668,Injured PT-like
GGACAGCCATAAAGCA-2,GARQ,D17,4,40,38,10,0.070558906,Proximal Tubule
GGACAGCCATAGCTTG-4,GARQ,D17,4,40,38,26,0.11982894,Tumor Epithelial
GGACAGCCATCCATCT-2,GARQ,D17,4,40,38,18,0.0870918,Proximal Tubule
GGACCTCAGCGATAGA-4,GARQ,D17,4,40,38,12,0.11155105,Tumor Epithelial
GGACTAAAGCCGCTTT-4,GARQ,D17,4,40,38,4,0.006311834,Tumor Epithelial
GGAGCAAGTCACGAAC-3,GARQ,D17,4,40,38,18,0.030816257,Myeloid Cells
GGAGCATAGCGGATTT-2,GARQ,D17,4,40,38,20,0.047591627,Proximal Tubule
GGAGCATAGGTAGCTT-2,GARQ,D17,4,40,38,15,0.045677066,Stressed Tumor (p53+)
GGAGCATAGGTTTGAC-2,GARQ,D17,4,40,38,8,0.18605494,Proximal Tubule
GGAGCGATCAAACCGT-2,GARQ,D17,4,40,38,15,0.02264762,Proximal Tubule
GGAGGTTAGGCTTAGT-1,GARQ,D17,4,40,38,1,0.010767102,Podocytes
GGAGTGAGTAAGCTTG-1,GARQ,D17,4,40,38,27,0.09483194,Low Quality / Dying
GGATGAATCCACCTGT-3,GARQ,D17,4,40,38,26,0.015793383,Proximal Tubule
GGATGGCCAGGTTAAA-3,GARQ,D17,4,40,38,4,0.06679082,Proximal Tubule
GGATTATGTCACACCC-3,GARQ,D17,4,40,38,18,0.016816497,Low Quality / Dying
GGATTCAGTGGAAACG-2,GARQ,D17,4,40,38,15,0.3738823,Proximal Tubule
GGATTGCGTTTGCAGA-3,GARQ,D17,4,40,38,19,0.12075603,Tumor (Neuronal-like)
GGCAAATCACATTAAC-2,GARQ,D17,4,40,38,20,0.021659732,Podocytes
GGCAAGCCAATTAAGG-4,GARQ,D17,4,40,38,19,0.024953902,Tumor Epithelial
GGCAATCGTGAGCACT-3,GARQ,D17,4,40,38,28,0.17199266,Parietal Epithelial Cells
GGCAATCGTTTAGTCC-1,GARQ,D17,4,40,38,4,0.05016917,Stressed Tumor (p53+)
GGCAATCGTTTGTGGA-2,GARQ,D17,4,40,38,15,0.025179744,Proximal Tubule
GGCATGGAGCTGCACA-4,GARQ,D17,4,40,38,22,0.13246238,Tumor Epithelial
GGCATTAGTCAGGCAT-2,GARQ,D17,4,40,38,32,0.14925712,Proximal Tubule
GGCATTAGTGAGACTC-1,GARQ,D17,4,40,38,0,0.05637598,Stressed Tumor (p53+)
GGCATTAGTTCATCTA-3,GARQ,D17,4,40,38,32,0.03920847,Proximal Tubule
GGCATTGTCGTTAGTA-2,GARQ,D17,4,40,38,18,0.08239502,Proximal Tubule
GGCCAACTCAAACACC-3,GARQ,D17,4,40,38,20,0.1362668,Proximal Tubule
GGCCATCAGCGGATTT-3,GARQ,D17,4,40,38,19,0.13031095,Proximal Tubule
GGCCATCAGGAACCAA-4,GARQ,D17,4,40,38,4,0.032387197,Tumor Epithelial
GGCCATCAGTAACTCA-2,GARQ,D17,4,40,38,37,0.011498094,Proximal Tubule
GGCCGTTAGGTTTGAC-1,GARQ,D17,4,40,38,4,0.10989338,Tumor (Neuronal-like)
GGCCTCTGTACGTTTC-3,GARQ,D17,4,40,38,12,0.069420576,Podocytes
GGCCTCTGTCCTTAGT-4,GARQ,D17,4,40,38,4,0.12499511,Tumor Epithelial
GGCCTCTGTCGTTACT-1,GARQ,D17,4,40,38,36,0.018029153,Stressed Tumor (p53+)
GGCCTCTGTGAGCGAA-4,GARQ,D17,4,40,38,4,0.14386666,Tumor Epithelial
GGCCTCTGTTTGGCTT-3,GARQ,D17,4,40,38,15,0.0060224235,Stressed Tumor (p53+)
GGCCTTAAGACTTATG-4,GARQ,D17,4,40,38,4,0.21256399,Tumor Epithelial
GGCCTTAAGTCCTTCA-3,GARQ,D17,4,40,38,12,0.09697908,Stressed Tumor (p53+)
GGCGCTAGTCAAAGGG-3,GARQ,D17,4,40,38,12,0.04192555,Proximal Tubule
GGCGTTATCTAAGGTC-1,GARQ,D17,4,40,38,4,0.12010121,Podocytes
GGCTAGACACATTGCA-4,GARQ,D17,4,40,38,1,0.06322211,Myeloid Cells
GGCTAGACATAGCAGG-2,GARQ,D17,4,40,38,13,0.075564444,Proximal Tubule
GGCTAGTGTTAGACCA-2,GARQ,D17,4,40,38,8,0.07299638,Proximal Tubule
GGCTATGTCTCCTCTT-1,GARQ,D17,4,40,38,4,0.01675862,Tumor (Neuronal-like)
GGCTGAGAGGACCTCA-3,GARQ,D17,4,40,38,26,0.07789481,Proximal Tubule
GGCTGAGAGGCCTTAG-3,GARQ,D17,4,40,38,15,0.06999028,Proximal Tubule
GGCTGTCAGGTTACGT-2,GARQ,D17,4,40,38,20,0.049038887,Proximal Tubule
GGCTTAAGTCCGTGAG-4,GARQ,D17,4,40,38,1,0.0017607212,Tumor Epithelial
GGCTTCAAGCAACATC-1,GARQ,D17,4,40,38,4,0.027459145,Tumor (Neuronal-like)
GGGAATATCCCTGGAA-2,GARQ,D17,4,40,38,18,0.19949508,Parietal Epithelial Cells
GGGAATATCTAAATCG-2,GARQ,D17,4,40,38,18,0.15166396,Parietal Epithelial Cells
GGGCATGAGACAAAGT-4,GARQ,D17,4,40,38,26,0.11042139,Tumor Epithelial
GGGCATGAGTACCGCA-2,GARQ,D17,4,40,38,18,0.21766698,Proximal Tubule
GGGCATTGTAATAGCT-1,GARQ,D17,4,40,38,26,0.112294614,Tumor (Neuronal-like)
GGGCCTAGTGTTTGCT-2,GARQ,D17,4,40,38,15,0.23229188,Proximal Tubule
GGGCGAATCAGGAACA-4,GARQ,D17,4,40,38,1,0.40226853,Tumor Epithelial
GGGCGAATCGCACAAT-2,GARQ,D17,4,40,38,15,0.1297772,Proximal Tubule
GGGCTAACAACTAGGG-2,GARQ,D17,4,40,38,20,0.08042011,Proximal Tubule
GGGCTAACAGCATGTC-1,GARQ,D17,4,40,38,4,0.035178065,Tumor (Neuronal-like)
GGGCTAACATTGCGTA-2,GARQ,D17,4,40,38,15,0.023794174,Proximal Tubule
GGGTATTTCTTAGCCC-4,GARQ,D17,4,40,38,22,0.048491478,Tumor Epithelial
GGGTCAACAAATACCT-3,GARQ,D17,4,40,38,37,0.022966921,Proximal Tubule
GGGTCAACAATTGCGC-4,GARQ,D17,4,40,38,34,0.13260835,Tumor Epithelial
GGGTCAACACTTCACT-1,GARQ,D17,4,40,38,23,0.02987206,Tumor (Neuronal-like)
GGGTCAACAGCATTAT-2,GARQ,D17,4,40,38,18,0.15723294,Proximal Tubule
GGGTCAACAGTCTATG-3,GARQ,D17,4,40,38,18,0.044273317,Proximal Tubule
GGGTCACTCAATTGGC-2,GARQ,D17,4,40,38,15,0.34598398,Proximal Tubule
GGGTCACTCAGTATTG-1,GARQ,D17,4,40,38,24,0.037194014,Tumor (Neuronal-like)
GGGTCACTCATTCATC-1,GARQ,D17,4,40,38,12,0.088627994,Proximal Tubule
GGGTCACTCCCTGACT-3,GARQ,D17,4,40,38,19,0.10675627,Proximal Tubule
GGGTCACTCCTAATAG-3,GARQ,D17,4,40,38,12,0.080385625,Podocytes
GGGTGAAGTGTGTGGT-1,GARQ,D17,4,40,38,12,0.24152288,Podocytes
GGGTGAAGTTGCGGAT-4,GARQ,D17,4,40,38,26,0.061365187,Tumor Epithelial
GGGTGTTGTCATGCAA-3,GARQ,D17,4,40,38,17,0.048808753,Myeloid Cells
GGGTGTTGTGCACGCA-3,GARQ,D17,4,40,38,12,0.023767412,Myeloid Cells
GGGTGTTGTTACTAGG-3,GARQ,D17,4,40,38,15,0.018410563,Proximal Tubule
GGGTTTCCAAAGGTAC-2,GARQ,D17,4,40,38,11,0.12151408,Proximal Tubule
GGGTTTCCAGCAAGTG-3,GARQ,D17,4,40,38,16,0.18861473,Proximal Tubule
GGGTTTGTCCTAATAG-3,GARQ,D17,4,40,38,36,0.069141686,Proximal Tubule
GGTAAACCAATAGCCC-3,GARQ,D17,4,40,38,18,0.051944554,Proximal Tubule
GGTAAACCAGGCGATA-3,GARQ,D17,4,40,38,4,0.12022817,Podocytes
GGTAACTTCGAGGTGG-2,GARQ,D17,4,40,38,8,0.025920808,Proximal Tubule
GGTAAGGGTGAAACAA-3,GARQ,D17,4,40,38,18,0.22264487,Parietal Epithelial Cells
GGTAAGGGTGAAGCCT-1,GARQ,D17,4,40,38,17,0.03968954,Myeloid Cells
GGTAAGGGTTATGTGG-4,GARQ,D17,4,40,38,1,0.31463063,Tumor Epithelial
GGTACAAAGCAAGGAC-4,GARQ,D17,4,40,38,4,0.20804,Tumor Epithelial
GGTACAAAGCATGGTT-3,GARQ,D17,4,40,38,26,0.026220918,Stressed Tumor (p53+)
GGTACCGGTAGTTAAC-3,GARQ,D17,4,40,38,26,0.0031950474,Proximal Tubule
GGTACTAGTACAATGT-3,GARQ,D17,4,40,38,37,0.06588477,Proximal Tubule
GGTACTTAGACAAAGT-3,GARQ,D17,4,40,38,32,0.08071679,Parietal Epithelial Cells
GGTACTTAGGAACCAA-2,GARQ,D17,4,40,38,20,0.10160971,Proximal Tubule
GGTATTGGTTCGCGCT-1,GARQ,D17,4,40,38,19,0.049610376,Tumor (Neuronal-like)
GGTATTTCAATCCCTT-4,GARQ,D17,4,40,38,29,0.0075935125,Tumor Epithelial
GGTCAATTCAGTATTG-3,GARQ,D17,4,40,38,31,0.08824074,Proximal Tubule
GGTCAATTCGACAAAG-3,GARQ,D17,4,40,38,15,0.054041803,Stressed Tumor (p53+)
GGTCAGGAGTAAGGGC-1,GARQ,D17,4,40,38,35,0.03289348,Tumor Epithelial
GGTCATTAGATGCCTG-4,GARQ,D17,4,40,38,4,0.19267398,Tumor Epithelial
GGTCATTAGTTGGATC-1,GARQ,D17,4,40,38,19,0.00048935413,Stressed Tumor (p53+)
GGTCCGTAGCTATTAG-4,GARQ,D17,4,40,38,17,0.014208883,Tumor Epithelial
GGTCCTGCAACATAAG-4,GARQ,D17,4,40,38,12,0.055520028,Myeloid Cells
GGTCCTGCAACTAACT-1,GARQ,D17,4,40,38,12,0.15177107,Tumor Epithelial
GGTCCTGCACGTAAGG-3,GARQ,D17,4,40,38,26,0.042009115,Proximal Tubule
GGTCCTGCATAAGCAA-1,GARQ,D17,4,40,38,33,0.11069292,Podocytes
GGTCGGTTCCATCAGG-3,GARQ,D17,4,40,38,19,0.06852776,Podocytes
GGTCGGTTCGCACAAT-2,GARQ,D17,4,40,38,10,0.100890756,Proximal Tubule
GGTCGGTTCGGTCATG-3,GARQ,D17,4,40,38,7,0.08998108,Proximal Tubule
GGTCTTGAGAACAAGT-1,GARQ,D17,4,40,38,13,0.15488034,Injured PT-like
GGTCTTTGTTGCTTCG-2,GARQ,D17,4,40,38,20,0.22614878,Proximal Tubule
GGTCTTTGTTTCCGGC-3,GARQ,D17,4,40,38,36,0.049808443,Podocytes
GGTGAGGTCGGTTTCC-1,GARQ,D17,4,40,38,1,0.2107606,Stressed Tumor (p53+)
GGTGAGTAGAGAAGGG-4,GARQ,D17,4,40,38,22,0.18465412,Tumor Epithelial
GGTGAGTAGGGACTAA-2,GARQ,D17,4,40,38,18,0.008608937,Proximal Tubule
GGTGATTTCAGCATTA-2,GARQ,D17,4,40,38,20,0.08528209,Stressed Tumor (p53+)
GGTGCTTCATTAGGTT-3,GARQ,D17,4,40,38,19,0.025639892,Proximal Tubule
GGTGTCCAGAGAGCCG-1,GARQ,D17,4,40,38,12,0.19690472,Stressed Tumor (p53+)
GGTGTCCAGCTTTGGG-2,GARQ,D17,4,40,38,10,0.03281784,Proximal Tubule
GGTGTGACAGGAATCG-4,GARQ,D17,4,40,38,34,0.04697913,Low Quality / Dying
GGTGTGACATCACAGC-2,GARQ,D17,4,40,38,37,0.051951647,Proximal Tubule
GGTGTTGTCATTGTCT-1,GARQ,D17,4,40,38,36,0.01739332,Tumor (Neuronal-like)
GGTGTTGTCGCTATAA-4,GARQ,D17,4,40,38,29,0.016759604,Tumor Epithelial
GGTTAATGTTCCTGTG-3,GARQ,D17,4,40,38,36,0.09957993,Proximal Tubule
GGTTACTAGGTCGAGG-1,GARQ,D17,4,40,38,1,0.069002986,Myeloid Cells
GGTTATGGTCATTGTC-4,GARQ,D17,4,40,38,1,0.12821731,Tumor Epithelial
GGTTATGGTTACCGGG-3,GARQ,D17,4,40,38,12,0.14389575,Proximal Tubule
GGTTATGGTTCCTGTG-2,GARQ,D17,4,40,38,20,0.014781088,Proximal Tubule
GGTTCCCGTGGGAACA-2,GARQ,D17,4,40,38,11,0.07171351,Proximal Tubule
GGTTGAGCACCAGGTT-2,GARQ,D17,4,40,38,11,0.01254949,Podocytes
GGTTGCATCGGTCAAT-1,GARQ,D17,4,40,38,24,0.16434461,Stressed Tumor (p53+)
GGTTGCGGTCAAGTGC-1,GARQ,D17,4,40,38,19,0.019686818,Stressed Tumor (p53+)
GGTTGCGGTTAAATGC-1,GARQ,D17,4,40,38,15,0.007836163,Podocytes
GGTTGCTCACAAGCCT-3,GARQ,D17,4,40,38,28,0.15536404,Proximal Tubule
GGTTGCTCAGCTAACC-4,GARQ,D17,4,40,38,1,0.07106888,Tumor Epithelial
GGTTGGTGTAATCACG-1,GARQ,D17,4,40,38,4,0.08907181,Low Quality / Dying
GGTTTAATCTGCAAGT-1,GARQ,D17,4,40,38,12,0.15730113,Tumor Epithelial
GGTTTCCTCCCTCTAA-2,GARQ,D17,4,40,38,15,0.18734717,Proximal Tubule
GGTTTCCTCTAGCTAA-3,GARQ,D17,4,40,38,28,0.093934715,Proximal Tubule
GGTTTGTAGGCGGGTA-2,GARQ,D17,4,40,38,20,0.13067192,Proximal Tubule
GTAAAGCCAAATTCGT-1,GARQ,D17,4,40,38,19,0.01348722,Tumor (Neuronal-like)
GTAAAGCCATCATGTG-4,GARQ,D17,4,40,38,19,0.12678373,Tumor Epithelial
GTAAGCTTCAATAGCC-3,GARQ,D17,4,40,38,18,0.037828982,Proximal Tubule
GTAAGCTTCCTTCGTA-3,GARQ,D17,4,40,38,24,0.051392794,Low Quality / Dying
GTACAATGTTCCAGGG-2,GARQ,D17,4,40,38,15,0.35073495,Proximal Tubule
GTACACCCAATTGAAG-3,GARQ,D17,4,40,38,7,0.050207645,Proximal Tubule
GTACACCCAGTACCGT-3,GARQ,D17,4,40,38,4,0.08139348,Proximal Tubule
GTACCGGGTCATAACG-1,GARQ,D17,4,40,38,26,0.13753843,Tumor (Neuronal-like)
GTACCGGGTTTCGCGC-1,GARQ,D17,4,40,38,12,0.014380991,Podocytes
GTACGTAGTAAGCTTG-3,GARQ,D17,4,40,38,36,0.018743396,Podocytes
GTACTAATCGCATTAA-3,GARQ,D17,4,40,38,12,0.016971767,Proximal Tubule
GTACTAGGTGTAATAC-1,GARQ,D17,4,40,38,15,0.06946862,Proximal Tubule
GTACTGGTCATGTGGT-1,GARQ,D17,4,40,38,24,0.01840508,Stressed Tumor (p53+)
GTACTTAAGATGGAGC-2,GARQ,D17,4,40,38,20,0.005046129,Proximal Tubule
GTACTTCGTATTGTCC-1,GARQ,D17,4,40,38,26,0.031212002,Tumor (Neuronal-like)
GTAGCCATCATGCTCC-2,GARQ,D17,4,40,38,15,0.06583452,Proximal Tubule
GTAGCGCTCCTAGTCC-4,GARQ,D17,4,40,38,12,0.053125173,Tumor Epithelial
GTAGCGCTCGCAGGCT-2,GARQ,D17,4,40,38,30,0.081433356,Proximal Tubule
GTAGGATCAAGCCACT-3,GARQ,D17,4,40,38,19,0.322953,Proximal Tubule
GTAGGATCAGGTCCTG-2,GARQ,D17,4,40,38,8,0.06953782,Proximal Tubule
GTAGGCGAGCTGTACG-2,GARQ,D17,4,40,38,18,0.27179533,Proximal Tubule
GTAGGTGCAATCGCAC-4,GARQ,D17,4,40,38,19,0.25316155,Tumor Epithelial
GTAGGTGCACATACTG-1,GARQ,D17,4,40,38,33,0.07751471,Tumor Epithelial
GTAGGTGCATCACAGC-2,GARQ,D17,4,40,38,5,0.035789788,Proximal Tubule
GTATTGATCGATCAGT-4,GARQ,D17,4,40,38,26,0.058094144,Tumor Epithelial
GTATTGCAGGCGGATG-3,GARQ,D17,4,40,38,12,0.12117365,Parietal Epithelial Cells
GTCAATATCATTGACA-2,GARQ,D17,4,40,38,15,0.34653616,Proximal Tubule
GTCAGGCTCAAAGGCA-4,GARQ,D17,4,40,38,35,0.002616018,Tumor Epithelial
GTCAGGCTCCCATAGG-1,GARQ,D17,4,40,38,15,0.004703015,Podocytes
GTCATCCTCACATTGA-1,GARQ,D17,4,40,38,4,0.022181094,Podocytes
GTCATCCTCATGTCAA-4,GARQ,D17,4,40,38,1,0.006978512,Tumor Epithelial
GTCATCCTCGCTAGCA-4,GARQ,D17,4,40,38,4,0.25237948,Tumor Epithelial
GTCATCCTCGCTCACT-4,GARQ,D17,4,40,38,4,0.20783103,Tumor Epithelial
GTCATGAGTCAAGTGC-2,GARQ,D17,4,40,38,20,0.27055544,Podocytes
GTCATTAAGTATTGCA-2,GARQ,D17,4,40,38,15,0.037228703,Podocytes
GTCCAAGTCGTAACGT-4,GARQ,D17,4,40,38,33,0.091285646,Tumor Epithelial
GTCCAAGTCTTAGGGT-3,GARQ,D17,4,40,38,18,0.11613244,Podocytes
GTCCAGGGTACGGTAC-3,GARQ,D17,4,40,38,15,0.040826917,Proximal Tubule
GTCCGTAAGGAGCACG-3,GARQ,D17,4,40,38,32,0.029898226,Proximal Tubule
GTCCGTAAGGCGCTAC-1,GARQ,D17,4,40,38,19,0.09967172,Tumor (Neuronal-like)
GTCCTCCCAGGCATCT-2,GARQ,D17,4,40,38,20,0.079847276,Proximal Tubule
GTCCTCCCAGTTAAAG-3,GARQ,D17,4,40,38,12,0.21083456,Podocytes
GTCGAAGCATAATTGC-3,GARQ,D17,4,40,38,15,0.0012077689,Stressed Tumor (p53+)
GTCGAGGAGTTTAACG-4,GARQ,D17,4,40,38,4,0.12379199,Tumor Epithelial
GTCTAGCCAGTAGCCT-3,GARQ,D17,4,40,38,20,0.045806766,Proximal Tubule
GTCTATCGTAGCCTAA-3,GARQ,D17,4,40,38,18,0.033945322,Myeloid Cells
GTCTTGCTCAATCTCT-3,GARQ,D17,4,40,38,19,0.28449708,Proximal Tubule
GTCTTGCTCTAATCTC-3,GARQ,D17,4,40,38,36,0.0067616105,Proximal Tubule
GTCTTTAGTTCAAGAT-2,GARQ,D17,4,40,38,30,0.065511644,Proximal Tubule
GTCTTTGTCTGTGCCT-2,GARQ,D17,4,40,38,5,0.04500979,Proximal Tubule
GTGAACAAGCTGGCTA-3,GARQ,D17,4,40,38,19,0.3075794,Parietal Epithelial Cells
GTGAACAAGGAGCAAC-2,GARQ,D17,4,40,38,20,0.11268723,Proximal Tubule
GTGAATCTCCCGCATT-2,GARQ,D17,4,40,38,26,0.086294174,Proximal Tubule
GTGAGCGAGATACTTG-3,GARQ,D17,4,40,38,15,0.104536414,Parietal Epithelial Cells
GTGAGCGAGATAGACG-3,GARQ,D17,4,40,38,31,0.17793906,Proximal Tubule
GTGAGCGAGCAGCTCA-2,GARQ,D17,4,40,38,18,0.23389626,Proximal Tubule
GTGAGCGAGCTTAGCG-2,GARQ,D17,4,40,38,18,0.059783816,Proximal Tubule
GTGATCAGTTTGCTGT-2,GARQ,D17,4,40,38,18,0.107627004,Proximal Tubule
GTGATGAAGCTACTGG-2,GARQ,D17,4,40,38,27,0.03879389,Proximal Tubule
GTGATGAAGGCTGTCA-3,GARQ,D17,4,40,38,15,0.056626767,Proximal Tubule
GTGCAAGCACAACCTA-2,GARQ,D17,4,40,38,2,0.1778602,Podocytes
GTGCAAGCACTATGGC-2,GARQ,D17,4,40,38,20,0.08187902,Proximal Tubule
GTGCAAGCATGAATAG-2,GARQ,D17,4,40,38,15,0.08219361,Podocytes
GTGCACGGTATTGTCC-1,GARQ,D17,4,40,38,34,0.12055886,Tumor Epithelial
GTGCACGGTCCGTAGG-2,GARQ,D17,4,40,38,15,0.044243276,Proximal Tubule
GTGCATTAGGCTAATC-3,GARQ,D17,4,40,38,31,0.03747952,Proximal Tubule
GTGCGGTTCATGGTTA-3,GARQ,D17,4,40,38,20,0.022826731,Proximal Tubule
GTGCGGTTCGTTACTT-1,GARQ,D17,4,40,38,26,0.052335978,Low Quality / Dying
GTGCTCAAGAAGCTAG-1,GARQ,D17,4,40,38,4,0.11797202,Stressed Tumor (p53+)
GTGCTGATCCCGCCTA-2,GARQ,D17,4,40,38,18,0.047779024,Proximal Tubule
GTGCTGATCTAACCTT-1,GARQ,D17,4,40,38,4,0.06880653,Tumor (Neuronal-like)
GTGCTGGGTGAGACTC-2,GARQ,D17,4,40,38,18,0.18397379,Proximal Tubule
GTGCTTACAAAGCCTC-1,GARQ,D17,4,40,38,26,0.034458876,Podocytes
GTGCTTACATTGTGTG-1,GARQ,D17,4,40,38,4,0.11483759,Tumor (Neuronal-like)
GTGGACACAGCTTAGC-2,GARQ,D17,4,40,38,20,0.04975331,Proximal Tubule
GTGGATGCAGCTCATA-4,GARQ,D17,4,40,38,1,0.01241672,Tumor Epithelial
GTGGCTTCAAGGTATA-4,GARQ,D17,4,40,38,17,0.14198217,Myeloid Cells
GTGGTTAGTAGCTGCG-3,GARQ,D17,4,40,38,19,0.074493885,Proximal Tubule
GTGTAACTCCTGCGAA-2,GARQ,D17,4,40,38,20,0.09650636,Proximal Tubule
GTGTAACTCGGTTTGG-4,GARQ,D17,4,40,38,22,0.025460482,Tumor Epithelial
GTGTCCAAGCTAATCA-4,GARQ,D17,4,40,38,4,0.25238478,Low Quality / Dying
GTGTGAGCAGTTTGGC-3,GARQ,D17,4,40,38,15,0.022656083,Proximal Tubule
GTGTTCCTCTTAGCGG-2,GARQ,D17,4,40,38,18,0.21197039,Proximal Tubule
GTTAAACGTAGCCTCC-2,GARQ,D17,4,40,38,20,0.03497994,Proximal Tubule
GTTAAACGTTGGTTAG-2,GARQ,D17,4,40,38,22,0.2101126,Proximal Tubule
GTTAAGTGTAATTAGC-1,GARQ,D17,4,40,38,4,0.05600965,Tumor (Neuronal-like)
GTTAAGTGTCCGGTTC-3,GARQ,D17,4,40,38,4,0.21131164,Proximal Tubule
GTTAAGTGTTAGGTGC-2,GARQ,D17,4,40,38,18,0.2376563,Proximal Tubule
GTTAAGTGTTGTTGGA-3,GARQ,D17,4,40,38,0,0.06259185,Stressed Tumor (p53+)
GTTACAGGTTTGCAGA-3,GARQ,D17,4,40,38,19,0.05136937,Proximal Tubule
GTTACCTGTGTCACGG-2,GARQ,D17,4,40,38,15,0.060292453,Proximal Tubule
GTTACGTAGGAGGCAT-3,GARQ,D17,4,40,38,31,0.017250955,Proximal Tubule
GTTACGTAGTCTCACC-3,GARQ,D17,4,40,38,4,0.023393452,Stressed Tumor (p53+)
GTTACTCGTTTACGTC-1,GARQ,D17,4,40,38,4,0.10151422,Tumor (Neuronal-like)
GTTAGGCGTGATGATT-2,GARQ,D17,4,40,38,2,0.18337828,Proximal Tubule
GTTAGGCGTGGATTAT-2,GARQ,D17,4,40,38,10,0.092734486,Parietal Epithelial Cells
GTTCACCTCTTAATGG-2,GARQ,D17,4,40,38,10,0.077338696,Proximal Tubule
GTTCCTGGTTGAAGCC-1,GARQ,D17,4,40,38,17,0.017260551,Stressed Tumor (p53+)
GTTCGCGCAGCCAGAA-1,GARQ,D17,4,40,38,19,0.18884635,Low Quality / Dying
GTTCGCGCATCTAGCA-3,GARQ,D17,4,40,38,12,0.11783028,Proximal Tubule
GTTCGCTTCAGCACGC-3,GARQ,D17,4,40,38,4,0.081728995,Proximal Tubule
GTTCTTGTCACTCGCT-4,GARQ,D17,4,40,38,26,0.002938807,Tumor Epithelial
GTTGCATAGAGAGGAG-4,GARQ,D17,4,40,38,33,0.032034576,Tumor Epithelial
GTTGCATAGCTGGCTA-4,GARQ,D17,4,40,38,24,0.013472676,Tumor Epithelial
GTTGCGGGTCCTAAGA-2,GARQ,D17,4,40,38,15,0.29686612,Proximal Tubule
GTTGCGGGTTATGTGG-3,GARQ,D17,4,40,38,19,0.044903636,Proximal Tubule
GTTGCGGGTTGGTTAG-4,GARQ,D17,4,40,38,26,0.1915952,Tumor Epithelial
GTTGCGGGTTTGGGCG-2,GARQ,D17,4,40,38,18,0.0653553,Proximal Tubule
GTTGGAGCAAACCTTG-4,GARQ,D17,4,40,38,1,0.021709323,Tumor Epithelial
GTTGGCCAGCATTAGC-2,GARQ,D17,4,40,38,20,0.16773081,Proximal Tubule
GTTGGCCAGGTAGCTT-3,GARQ,D17,4,40,38,37,0.10439438,Proximal Tubule
GTTGGCGGTAAAGCGG-3,GARQ,D17,4,40,38,4,0.09308177,Low Quality / Dying
GTTGGCGGTGTCCTGC-3,GARQ,D17,4,40,38,37,0.12010506,Proximal Tubule
GTTGTGAGTAATCGCA-2,GARQ,D17,4,40,38,20,0.057169437,Proximal Tubule
GTTGTTGCAGTAAGTA-3,GARQ,D17,4,40,38,12,0.11504412,Proximal Tubule
GTTTAACCACAGGAAT-2,GARQ,D17,4,40,38,28,0.06515163,Proximal Tubule
GTTTAACCATTAGCGC-3,GARQ,D17,4,40,38,32,0.054801017,Myeloid Cells
GTTTAACCATTGTCAG-2,GARQ,D17,4,40,38,12,0.10515258,Proximal Tubule
GTTTAGCAGTAGGATG-4,GARQ,D17,4,40,38,12,0.021954179,Tumor Epithelial
GTTTATCTCAATCATG-1,GARQ,D17,4,40,38,19,0.19167078,Tumor (Neuronal-like)
GTTTCAGCATCACAGC-3,GARQ,D17,4,40,38,18,0.053456306,Podocytes
GTTTCAGCATCGTTCT-4,GARQ,D17,4,40,38,4,0.17187071,Tumor Epithelial
GTTTCCTCAGCTAATT-3,GARQ,D17,4,40,38,32,0.05999577,Proximal Tubule
GTTTGTAAGGTCCTGA-1,GARQ,D17,4,40,38,36,0.10053277,Tumor (Neuronal-like)
GTTTGTAAGTCATGCG-1,GARQ,D17,4,40,38,4,0.35919023,Tumor (Neuronal-like)
GTTTGTCGTACGGTAC-4,GARQ,D17,4,40,38,4,0.0035000443,Tumor Epithelial
TAAACAGCACTTCATC-3,GARQ,D17,4,40,38,4,0.019018173,Parietal Epithelial Cells
TAAAGCCTCATAGCCG-3,GARQ,D17,4,40,38,12,0.16313559,Proximal Tubule
TAACAAGCAAGTAAGC-4,GARQ,D17,4,40,38,12,0.13328385,Tumor Epithelial
TAACCGGTCAAATCGC-4,GARQ,D17,4,40,38,22,0.110550046,Low Quality / Dying
TAACCTAAGTTCCTCA-4,GARQ,D17,4,40,38,1,0.28490192,T Cells
TAACCTAAGTTTGTCT-2,GARQ,D17,4,40,38,20,0.20700324,Proximal Tubule
TAAGCCTAGCTTCCCG-2,GARQ,D17,4,40,38,20,0.12554866,Proximal Tubule
TAAGCCTAGGAAGCAC-1,GARQ,D17,4,40,38,19,0.17648125,Stressed Tumor (p53+)
TAAGCTATCAAGGACA-2,GARQ,D17,4,40,38,10,0.06797141,Parietal Epithelial Cells
TAAGCTATCCCGTTAC-3,GARQ,D17,4,40,38,4,0.18523967,Low Quality / Dying
TAAGTAGCAGAGGCTA-3,GARQ,D17,4,40,38,19,0.26457953,Proximal Tubule
TAATCACCAGAGAGCC-4,GARQ,D17,4,40,38,4,0.2906248,Tumor Epithelial
TAATCCGCAACCCTAA-2,GARQ,D17,4,40,38,20,0.07483286,Proximal Tubule
TAATGCATCGCTAAGT-1,GARQ,D17,4,40,38,36,0.15632874,Tumor (Neuronal-like)
TAATGGACAATGAGGT-2,GARQ,D17,4,40,38,15,0.18861842,Proximal Tubule
TAATGGACAGCAGGTA-2,GARQ,D17,4,40,38,11,0.028084397,Proximal Tubule
TAATGGTGTGATCATG-3,GARQ,D17,4,40,38,14,0.04534453,Stressed Tumor (p53+)
TAATTGCCAATGAATG-3,GARQ,D17,4,40,38,20,0.0352754,Proximal Tubule
TAATTGCCATAAGTTC-2,GARQ,D17,4,40,38,15,0.07258642,Low Quality / Dying
TAATTGCCATTGTGAT-2,GARQ,D17,4,40,38,20,0.031363487,Proximal Tubule
TACAACATCATTGTCT-1,GARQ,D17,4,40,38,19,0.25301582,Tumor (Neuronal-like)
TACAACATCCTCACTA-4,GARQ,D17,4,40,38,33,0.027573317,Myeloid Cells
TACAGCTAGAAGCTAG-2,GARQ,D17,4,40,38,15,0.17840534,Proximal Tubule
TACAGCTAGCGATAAG-4,GARQ,D17,4,40,38,12,0.05145973,Tumor Epithelial
TACATCAAGGGCTTTG-2,GARQ,D17,4,40,38,10,0.0025301278,Podocytes
TACATCAAGTATTGCA-1,GARQ,D17,4,40,38,12,0.03311646,Podocytes
TACCAAATCGATAACC-1,GARQ,D17,4,40,38,36,0.14535195,Tumor (Neuronal-like)
TACCCGGCATTAAAGG-1,GARQ,D17,4,40,38,1,0.2794928,Tumor Epithelial
TACCGAAGTATGGTGC-1,GARQ,D17,4,40,38,37,0.021039605,Myeloid Cells
TACCGAAGTTGAGCCG-2,GARQ,D17,4,40,38,10,0.0015259981,Proximal Tubule
TACCGTTGTCTTGCAT-3,GARQ,D17,4,40,38,19,0.05517137,Proximal Tubule
TACCTCATCCTAATAG-1,GARQ,D17,4,40,38,4,0.10274917,Tumor (Neuronal-like)
TACCTGCTCCTAAATG-1,GARQ,D17,4,40,38,31,0.095757484,Tumor (Neuronal-like)
TACCTGCTCGTTATAG-4,GARQ,D17,4,40,38,34,0.054783642,Tumor Epithelial
TACCTTAGTGGTTAGC-4,GARQ,D17,4,40,38,12,0.0067902803,Tumor Epithelial
TACCTTTAGCACGATT-2,GARQ,D17,4,40,38,0,0.05339533,Stressed Tumor (p53+)
TACCTTTAGGAACCAA-2,GARQ,D17,4,40,38,15,0.14454079,Stressed Tumor (p53+)
TACGCACCAACAACAA-2,GARQ,D17,4,40,38,2,0.02032125,Proximal Tubule
TACGGATTCATGCTCC-2,GARQ,D17,4,40,38,18,0.08086884,Proximal Tubule
TACGGATTCCAAGTGT-3,GARQ,D17,4,40,38,12,0.11351597,Tumor (Neuronal-like)
TACGGATTCTCGCCTG-1,GARQ,D17,4,40,38,28,0.021162152,Tumor (Neuronal-like)
TACGGTTAGTACTGGT-4,GARQ,D17,4,40,38,19,0.14832711,Tumor Epithelial
TACGTACAGTGAACGA-2,GARQ,D17,4,40,38,20,0.06417531,Proximal Tubule
TACTCAAAGTTTGCGG-4,GARQ,D17,4,40,38,24,0.042121768,Tumor Epithelial
TACTCGCTCATCCTCA-1,GARQ,D17,4,40,38,4,0.101525426,Podocytes
TACTCGCTCTCCATAT-1,GARQ,D17,4,40,38,19,0.24736357,Tumor (Neuronal-like)
TACTGAGGTGCTGGTG-4,GARQ,D17,4,40,38,1,0.18873227,Tumor Epithelial
TACTGCACACTGACCG-3,GARQ,D17,4,40,38,27,0.17607886,Low Quality / Dying
TACTTCGTCTTACTCG-1,GARQ,D17,4,40,38,1,0.06601396,Tumor Epithelial
TACTTGTTCCTGAGTG-3,GARQ,D17,4,40,38,37,0.023586154,Proximal Tubule
TAGCCGGGTGAGGTGA-3,GARQ,D17,4,40,38,12,0.08491635,Proximal Tubule
TAGCCTCTCTTGCATT-2,GARQ,D17,4,40,38,20,0.11711866,Stressed Tumor (p53+)
TAGCCTTGTACGCGCA-4,GARQ,D17,4,40,38,39,0.108227074,Tumor Epithelial
TAGCGCGGTCATGCAA-4,GARQ,D17,4,40,38,34,0.02297163,Tumor Epithelial
TAGCGGACACCTCGCT-1,GARQ,D17,4,40,38,1,0.00071412325,Podocytes
TAGCGGCTCCAGGTTG-3,GARQ,D17,4,40,38,12,0.084979534,Proximal Tubule
TAGCGGCTCGGCCAGT-2,GARQ,D17,4,40,38,10,0.052084357,Proximal Tubule
TAGCGGCTCGTTAAGC-3,GARQ,D17,4,40,38,15,0.013128132,Proximal Tubule
TAGGAACCATTAGGTT-1,GARQ,D17,4,40,38,12,0.094637364,Tumor (Neuronal-like)
TAGGCTAGTTGACTTC-4,GARQ,D17,4,40,38,1,0.27927142,Tumor Epithelial
TAGGCTGTCATCCTAT-3,GARQ,D17,4,40,38,32,0.07089263,Podocytes
TAGGCTGTCTAATTGG-3,GARQ,D17,4,40,38,18,0.02355522,Podocytes
TAGGCTGTCTATTGTC-4,GARQ,D17,4,40,38,36,0.017631173,Tumor Epithelial
TAGGCTTAGGAGGTTA-2,GARQ,D17,4,40,38,18,0.061638355,Proximal Tubule
TAGGGTTTCGGTTTGG-3,GARQ,D17,4,40,38,15,0.05303198,Proximal Tubule
TAGGTTATCACCAATA-2,GARQ,D17,4,40,38,18,0.1047076,Parietal Epithelial Cells
TAGTAACGTGCAACTA-2,GARQ,D17,4,40,38,20,0.003190279,Proximal Tubule
TAGTAAGCAAGTTATC-4,GARQ,D17,4,40,38,1,0.17595792,Tumor Epithelial
TAGTAAGCACAGCCAT-3,GARQ,D17,4,40,38,4,0.0027877688,Proximal Tubule
TAGTAAGCACTGGCTG-4,GARQ,D17,4,40,38,29,0.11461753,Tumor Epithelial
TAGTAAGCATAAAGCA-1,GARQ,D17,4,40,38,31,0.12912422,Tumor (Neuronal-like)
TAGTAAGCATGTTGCA-1,GARQ,D17,4,40,38,12,0.22414505,Tumor Epithelial
TAGTACGGTAGCAGCT-3,GARQ,D17,4,40,38,15,0.15637839,Proximal Tubule
TAGTACGGTGCCTCAC-4,GARQ,D17,4,40,38,1,0.09952146,Tumor Epithelial
TAGTAGGAGCGCAATT-4,GARQ,D17,4,40,38,4,0.021265447,Tumor Epithelial
TAGTAGGAGGGCCACT-2,GARQ,D17,4,40,38,27,0.01935774,Proximal Tubule
TAGTAGGAGTTTAACG-2,GARQ,D17,4,40,38,18,0.1620425,Proximal Tubule
TAGTAGGAGTTTCCGC-1,GARQ,D17,4,40,38,12,0.24441314,Low Quality / Dying
TAGTCAATCAAAGGCA-3,GARQ,D17,4,40,38,12,0.041154385,Injured PT-like
TAGTGAGAGCTTCTCA-2,GARQ,D17,4,40,38,12,0.047515333,Parietal Epithelial Cells
TAGTGGCGTACGTTTC-4,GARQ,D17,4,40,38,1,0.36740923,Tumor Epithelial
TAGTGGCGTCCTTAGT-2,GARQ,D17,4,40,38,15,0.06171304,Proximal Tubule
TAGTGTGGTTGAGGTC-1,GARQ,D17,4,40,38,4,0.16206348,Proximal Tubule
TAGTTGTCAACACTTG-4,GARQ,D17,4,40,38,22,0.08510837,Tumor Epithelial
TAGTTGTCATAGCTGC-2,GARQ,D17,4,40,38,15,0.039589405,Proximal Tubule
TAGTTTGAGCTCCTTA-4,GARQ,D17,4,40,38,4,0.19888991,Tumor Epithelial
TATAGGTGTGAACAAA-3,GARQ,D17,4,40,38,26,0.06710619,Low Quality / Dying
TATATCCTCCTGATTT-1,GARQ,D17,4,40,38,37,0.072788894,Myeloid Cells
TATATCCTCGTTACTT-2,GARQ,D17,4,40,38,30,0.08135599,Injured PT-like
TATCACAAGTAATCCA-3,GARQ,D17,4,40,38,10,0.09503394,Proximal Tubule
TATCGAGGTAAAGCGG-4,GARQ,D17,4,40,38,4,0.12472093,Tumor Epithelial
TATCGCACAGTTAGCC-1,GARQ,D17,4,40,38,15,0.037460566,Stressed Tumor (p53+)
TATCGCGAGTGAACGA-4,GARQ,D17,4,40,38,12,0.13219488,Tumor Epithelial
TATGAAGCAATGAATG-1,GARQ,D17,4,40,38,1,0.014187574,Tumor Epithelial
TATGACATCAAACACC-2,GARQ,D17,4,40,38,30,0.11016917,Proximal Tubule
TATGACTCAGGCGATA-4,GARQ,D17,4,40,38,4,0.035833478,Tumor Epithelial
TATGCATCATGCTATG-3,GARQ,D17,4,40,38,4,0.110958576,Proximal Tubule
TATGGATGTAACGTGC-4,GARQ,D17,4,40,38,4,0.13527524,Tumor Epithelial
TATGGATGTACAATGT-1,GARQ,D17,4,40,38,36,0.049959183,Podocytes
TATGGATGTGTTTGTC-3,GARQ,D17,4,40,38,12,0.10298091,Proximal Tubule
TATGGGCGTTCACCCA-3,GARQ,D17,4,40,38,12,0.10676223,Myeloid Cells
TATGGTCAGCTTTGGG-4,GARQ,D17,4,40,38,33,0.002217412,Tumor Epithelial
TATGGTCAGGTGAAGC-1,GARQ,D17,4,40,38,22,0.035496265,Stressed Tumor (p53+)
TATGTGATCATCCTAT-4,GARQ,D17,4,40,38,4,0.061026037,Tumor Epithelial
TATGTGATCGAGCTAT-4,GARQ,D17,4,40,38,22,0.22964472,Tumor Epithelial
TATGTGATCGTTACTT-2,GARQ,D17,4,40,38,20,0.06982052,Proximal Tubule
TATTAGGTCCCTGTTA-4,GARQ,D17,4,40,38,9,0.049849987,T Cells
TATTAGGTCCTGAGTG-3,GARQ,D17,4,40,38,15,0.11756629,Podocytes
TATTAGGTCTCGCCTG-1,GARQ,D17,4,40,38,26,0.014535964,Endothelial Cells
TATTTGCTCTGTAAGC-3,GARQ,D17,4,40,38,22,0.039178938,Proximal Tubule
TCAACAATCATAAGCC-2,GARQ,D17,4,40,38,10,0.12538892,Proximal Tubule
TCAAGAACAGCTCATA-1,GARQ,D17,4,40,38,19,0.109178215,Stressed Tumor (p53+)
TCAAGACTCATGGTGT-1,GARQ,D17,4,40,38,22,0.030923843,Endothelial Cells
TCAAGACTCCGCTAGA-1,GARQ,D17,4,40,38,7,0.0056097507,Tumor (Neuronal-like)
TCAAGCTAGCAAGGGT-2,GARQ,D17,4,40,38,15,0.09503102,Proximal Tubule
TCAAGCTAGGAGGGTT-2,GARQ,D17,4,40,38,11,0.12735945,Proximal Tubule
TCAAGCTAGGTGAAAT-4,GARQ,D17,4,40,38,4,0.06470847,Tumor Epithelial
TCAAGGAAGCAATAGG-2,GARQ,D17,4,40,38,20,0.02572143,Proximal Tubule
TCAAGGTTCCCTCACG-1,GARQ,D17,4,40,38,11,0.055038095,Stressed Tumor (p53+)
TCAATCGCACCTGCCT-3,GARQ,D17,4,40,38,23,0.080385625,Proximal Tubule
TCACATAAGCATGTTA-2,GARQ,D17,4,40,38,20,0.043739736,Proximal Tubule
TCACATAAGTCAATTG-3,GARQ,D17,4,40,38,19,0.17748713,Proximal Tubule
TCACCGGCAGCAACAG-3,GARQ,D17,4,40,38,18,0.033973813,Podocytes
TCACCTCAGTTTGAGC-4,GARQ,D17,4,40,38,35,0.05517885,Tumor Epithelial
TCACCTGGTAATGACT-1,GARQ,D17,4,40,38,12,0.010175705,Podocytes
TCACCTGGTACTTAGG-2,GARQ,D17,4,40,38,15,0.059160948,Proximal Tubule
TCACCTGGTGATTTGG-2,GARQ,D17,4,40,38,15,0.028195411,Proximal Tubule
TCACGGATCGCTATAA-4,GARQ,D17,4,40,38,1,0.17529821,Tumor Epithelial
TCACGGATCTTAGCCC-2,GARQ,D17,4,40,38,15,0.122896016,Parietal Epithelial Cells
TCAGCAAGTGTCACGG-3,GARQ,D17,4,40,38,10,0.007849932,Podocytes
TCAGCGATCCTCACTA-2,GARQ,D17,4,40,38,15,0.094742775,Proximal Tubule
TCAGGTTAGTTGTCTT-2,GARQ,D17,4,40,38,18,0.13599718,Proximal Tubule
TCAGTAATCATGGCTG-1,GARQ,D17,4,40,38,33,0.007122159,Podocytes
TCAGTAATCCAGGAAA-1,GARQ,D17,4,40,38,4,0.12975037,Tumor Epithelial
TCAGTGAGTCCTTTAA-2,GARQ,D17,4,40,38,18,0.27978683,Proximal Tubule
TCATAACCACTGGCTG-3,GARQ,D17,4,40,38,37,0.058384538,Proximal Tubule
TCATAACCATCAATCG-4,GARQ,D17,4,40,38,22,0.06958324,Tumor Epithelial
TCATCCATCATTAGGC-2,GARQ,D17,4,40,38,18,0.23491544,Proximal Tubule
TCATCCATCCCAGTAG-4,GARQ,D17,4,40,38,26,0.22754586,Tumor Epithelial
TCATGTTTCATGTGGT-3,GARQ,D17,4,40,38,32,0.23151183,Proximal Tubule
TCATTACTCACACAGT-3,GARQ,D17,4,40,38,12,0.009258628,Proximal Tubule
TCATTACTCCATCAGG-3,GARQ,D17,4,40,38,15,0.31584764,Proximal Tubule
TCATTGCGTAAGCACC-3,GARQ,D17,4,40,38,19,0.20801449,Proximal Tubule
TCATTGTTCGCTAGCA-4,GARQ,D17,4,40,38,1,0.05395323,Tumor Epithelial
TCCACAACACAACCTA-1,GARQ,D17,4,40,38,12,0.19357866,Parietal Epithelial Cells
TCCAGGATCACCGGTA-2,GARQ,D17,4,40,38,15,0.17770684,Stressed Tumor (p53+)
TCCAGGTCACACTAAT-2,GARQ,D17,4,40,38,2,0.051992714,Proximal Tubule
TCCAGGTCACATAACT-3,GARQ,D17,4,40,38,11,0.1091578,Low Quality / Dying
TCCAGGTCAGCAATAA-4,GARQ,D17,4,40,38,12,0.17646563,Myeloid Cells
TCCAGGTCATATTGAC-4,GARQ,D17,4,40,38,4,0.050183,Tumor Epithelial
TCCATCATCATGTTTC-1,GARQ,D17,4,40,38,24,0.3333006,Stressed Tumor (p53+)
TCCATCATCGCGCTAA-4,GARQ,D17,4,40,38,33,0.023016632,Tumor Epithelial
TCCATGCTCGCAATCG-2,GARQ,D17,4,40,38,20,0.031905353,Proximal Tubule
TCCCGGACAACTAGGG-3,GARQ,D17,4,40,38,37,0.056752205,Proximal Tubule
TCCCGGACAGTTAAAG-3,GARQ,D17,4,40,38,36,0.010338604,Proximal Tubule
TCCCGTTAGTTGGCCA-1,GARQ,D17,4,40,38,37,0.005017519,Proximal Tubule
TCCCTCACAAATGCCC-4,GARQ,D17,4,40,38,12,0.11447275,Myeloid Cells
TCCCTGGTCCTACCTA-3,GARQ,D17,4,40,38,19,0.115767896,Proximal Tubule
TCCCTGGTCGGCTAGC-4,GARQ,D17,4,40,38,1,0.018707752,Tumor Epithelial
TCCCTGGTCTTGGATA-4,GARQ,D17,4,40,38,22,0.039267063,Tumor Epithelial
TCCGGTTTCGGCCAGT-2,GARQ,D17,4,40,38,30,0.0052987933,Proximal Tubule
TCCTCAATCCTCATCA-4,GARQ,D17,4,40,38,19,0.013115823,Tumor Epithelial
TCCTCACAGAATGACG-3,GARQ,D17,4,40,38,4,0.022864103,Proximal Tubule
TCCTCACAGCGATACT-2,GARQ,D17,4,40,38,15,0.094510734,Proximal Tubule
TCCTGTTCAGCATGAG-2,GARQ,D17,4,40,38,10,0.041918278,Proximal Tubule
TCCTGTTCAGTTAGCC-1,GARQ,D17,4,40,38,12,0.118392766,Tumor (Neuronal-like)
TCCTTAGTCTTCAATC-3,GARQ,D17,4,40,38,4,0.03656578,Proximal Tubule
TCCTTCAAGCATCCAG-2,GARQ,D17,4,40,38,20,0.104174554,Proximal Tubule
TCCTTCAAGGGCTTAT-3,GARQ,D17,4,40,38,19,0.0639717,Proximal Tubule
TCCTTTACACAACCTA-1,GARQ,D17,4,40,38,4,0.03471315,Podocytes
TCCTTTACACAGCCTG-3,GARQ,D17,4,40,38,31,0.12210792,Proximal Tubule
TCGACAAGTCAAGTAT-3,GARQ,D17,4,40,38,36,0.09586561,Podocytes
TCGACAAGTTACGCGG-2,GARQ,D17,4,40,38,2,0.15665245,Proximal Tubule
TCGATTAAGGCGAAAC-1,GARQ,D17,4,40,38,1,0.034472853,T Cells
TCGATTAAGGGACCTC-3,GARQ,D17,4,40,38,12,0.074937105,Proximal Tubule
TCGCATTGTCAAAGGG-2,GARQ,D17,4,40,38,15,0.19624785,Proximal Tubule
TCGGTTCTCAGTTCCC-1,GARQ,D17,4,40,38,4,0.040152997,Proximal Tubule
TCGGTTTGTCCTTCTC-4,GARQ,D17,4,40,38,33,0.11549437,Tumor Epithelial
TCGTAATCAGGCTAGA-2,GARQ,D17,4,40,38,18,0.1918658,Proximal Tubule
TCGTAATCATCCATCT-1,GARQ,D17,4,40,38,4,0.12259394,Tumor (Neuronal-like)
TCGTCAACACTGACCG-2,GARQ,D17,4,40,38,15,0.07907045,Proximal Tubule
TCGTCAACACTGACTA-2,GARQ,D17,4,40,38,18,0.1586161,Myeloid Cells
TCGTTATTCATCCTCA-3,GARQ,D17,4,40,38,4,0.09871727,Proximal Tubule
TCGTTTCCAAGCCAGA-4,GARQ,D17,4,40,38,29,0.01400274,Tumor Epithelial
TCGTTTCCATTAAGTC-4,GARQ,D17,4,40,38,22,0.09001535,Tumor Epithelial
TCTAACCGTTGCAATG-2,GARQ,D17,4,40,38,12,0.020607531,Podocytes
TCTAACTTCATAATCG-1,GARQ,D17,4,40,38,12,0.08283031,Tumor (Neuronal-like)
TCTAACTTCTTGGATA-1,GARQ,D17,4,40,38,12,0.3616823,Podocytes
TCTAAGGGTAGGTTGC-3,GARQ,D17,4,40,38,32,0.111239076,Proximal Tubule
TCTACCTCAATCATGT-4,GARQ,D17,4,40,38,4,0.10584539,Parietal Epithelial Cells
TCTACTAGTAATAGCT-4,GARQ,D17,4,40,38,19,0.2116698,Tumor Epithelial
TCTAGCCTCTTAGCGG-2,GARQ,D17,4,40,38,20,0.035190105,Proximal Tubule
TCTAGCGAGCAGGTTT-4,GARQ,D17,4,40,38,22,0.13842058,Tumor Epithelial
TCTAGCGAGTAAGTCC-4,GARQ,D17,4,40,38,4,0.21806586,Mast Cells
TCTAGCGAGTCCTGAG-2,GARQ,D17,4,40,38,15,0.04029262,Proximal Tubule
TCTATGTTCACCTGTC-3,GARQ,D17,4,40,38,19,0.005387664,Parietal Epithelial Cells
TCTCAAGCACTGGCCA-4,GARQ,D17,4,40,38,17,0.019324541,Tumor Epithelial
TCTCAAGCAGTACCGT-3,GARQ,D17,4,40,38,18,0.056934655,Proximal Tubule
TCTCGCCCACAAAGAC-2,GARQ,D17,4,40,38,20,0.023075879,Proximal Tubule
TCTCGCCCAGGACCAA-2,GARQ,D17,4,40,38,20,0.12835455,Proximal Tubule
TCTCGCCCATCATGGC-1,GARQ,D17,4,40,38,36,0.14852571,Tumor (Neuronal-like)
TCTGGCTTCCGTTAAA-1,GARQ,D17,4,40,38,12,0.17903614,Podocytes
TCTGGCTTCCTTAGGG-2,GARQ,D17,4,40,38,18,0.20510072,Proximal Tubule
TCTGTGACAATAGCCC-4,GARQ,D17,4,40,38,12,0.017827213,Myeloid Cells
TCTTAGCGTTCCTGTG-2,GARQ,D17,4,40,38,2,0.13847136,Proximal Tubule
TCTTAGTTCACTCGCT-2,GARQ,D17,4,40,38,10,0.07297537,Proximal Tubule
TCTTAGTTCTTAGGAC-3,GARQ,D17,4,40,38,31,0.043124497,Proximal Tubule
TCTTCAAGTGCATCGG-4,GARQ,D17,4,40,38,1,0.083047986,Tumor Epithelial
TCTTGACGTAGGTTGC-2,GARQ,D17,4,40,38,27,0.042114377,Proximal Tubule
TGAAACTGTACTTCAC-2,GARQ,D17,4,40,38,15,0.39768827,Proximal Tubule
TGAACAACAGCAAATA-4,GARQ,D17,4,40,38,22,0.07241452,Tumor Epithelial
TGAACAGAGGTCGAGG-3,GARQ,D17,4,40,38,31,0.03144729,Proximal Tubule
TGAAGCAAGCACAGCC-2,GARQ,D17,4,40,38,11,0.0117461085,Proximal Tubule
TGAAGGATCCTAAGGT-4,GARQ,D17,4,40,38,7,0.009928048,Tumor Epithelial
TGAAGGATCCTTCTAG-3,GARQ,D17,4,40,38,12,0.2152341,Proximal Tubule
TGAAGTGAGCTGTCAG-3,GARQ,D17,4,40,38,26,0.061184883,Proximal Tubule
TGACCAAGTGCGCGTA-1,GARQ,D17,4,40,38,35,0.19620538,Tumor Epithelial
TGACCTTGTACTTCAC-2,GARQ,D17,4,40,38,37,0.015190721,Proximal Tubule
TGACCTTGTATCTGGA-2,GARQ,D17,4,40,38,10,0.20303762,Proximal Tubule
TGACTTAAGGTTTACA-1,GARQ,D17,4,40,38,34,0.08785397,Low Quality / Dying
TGACTTCGTCCACAAA-3,GARQ,D17,4,40,38,19,0.20535356,Low Quality / Dying
TGAGCACGTCCGCTGT-1,GARQ,D17,4,40,38,4,0.015212715,Podocytes
TGAGCACGTCTAACAG-4,GARQ,D17,4,40,38,1,0.14186782,Tumor Epithelial
TGAGCCGGTCCGTAGG-1,GARQ,D17,4,40,38,4,0.2135728,Stressed Tumor (p53+)
TGAGCCGGTTTGCGCC-2,GARQ,D17,4,40,38,11,0.057394326,Podocytes
TGAGGCACAAGTGTCC-3,GARQ,D17,4,40,38,19,0.10418546,T Cells
TGAGGCACAGCTAATT-4,GARQ,D17,4,40,38,26,0.042925537,Parietal Epithelial Cells
TGAGGGAGTGCAATGC-3,GARQ,D17,4,40,38,15,0.2303482,Proximal Tubule
TGAGGGAGTTTAACGG-1,GARQ,D17,4,40,38,36,0.2197414,Injured PT-like
TGAGGTGCAATTGCGC-2,GARQ,D17,4,40,38,20,0.030315459,Stressed Tumor (p53+)
TGAGTGAAGCAACATC-1,GARQ,D17,4,40,38,19,0.023595989,Tumor (Neuronal-like)
TGAGTGAAGGATGATG-3,GARQ,D17,4,40,38,15,0.033161223,Stressed Tumor (p53+)
TGAGTGAAGTCTTGAA-1,GARQ,D17,4,40,38,12,0.03071332,Stressed Tumor (p53+)
TGATCAATCAGGTTTA-3,GARQ,D17,4,40,38,15,0.30093014,Podocytes
TGATCACAGGGTCCAC-2,GARQ,D17,4,40,38,10,0.08123332,Proximal Tubule
TGATCACAGTAATCCA-3,GARQ,D17,4,40,38,12,0.10235983,Proximal Tubule
TGATGATGTTTGTGGA-3,GARQ,D17,4,40,38,10,0.04818809,Myeloid Cells
TGATTAGTCGTTTCCA-4,GARQ,D17,4,40,38,1,0.17189139,Tumor Epithelial
TGATTGCAGCCATCAG-1,GARQ,D17,4,40,38,26,0.036448896,Tumor (Neuronal-like)
TGCACCTTCGCGACAC-1,GARQ,D17,4,40,38,36,0.035312712,Stressed Tumor (p53+)
TGCATGAGTCACCTAT-1,GARQ,D17,4,40,38,17,0.08500373,Myeloid Cells
TGCATGAGTTGCTGGG-2,GARQ,D17,4,40,38,11,0.016308784,Proximal Tubule
TGCATTAAGGCATTAC-3,GARQ,D17,4,40,38,32,0.09318304,Myeloid Cells
TGCCATTGTCACAGAC-2,GARQ,D17,4,40,38,10,0.024486661,Proximal Tubule
TGCCGGTAGCGTGCGT-3,GARQ,D17,4,40,38,12,0.14971721,Podocytes
TGCCGGTAGGTCCACA-3,GARQ,D17,4,40,38,36,0.004372686,Proximal Tubule
TGCCTGTTCCTGTTCA-3,GARQ,D17,4,40,38,32,0.13539314,Proximal Tubule
TGCGATTAGCATTAGC-2,GARQ,D17,4,40,38,20,0.058985353,Proximal Tubule
TGCGCAGGTAACCAGC-2,GARQ,D17,4,40,38,15,0.304986,Proximal Tubule
TGCGGTTCAATATGGA-4,GARQ,D17,4,40,38,4,0.21041429,Tumor Epithelial
TGCGGTTCACCTAATG-1,GARQ,D17,4,40,38,19,0.10321331,Tumor (Neuronal-like)
TGCGGTTCATGCTTAG-4,GARQ,D17,4,40,38,4,0.19760197,Tumor Epithelial
TGCTAACAGGCATGTT-3,GARQ,D17,4,40,38,19,0.17642915,Proximal Tubule
TGCTAACAGTGATTCA-4,GARQ,D17,4,40,38,12,0.03692013,Tumor Epithelial
TGCTATGCACAAGCCT-3,GARQ,D17,4,40,38,6,0.028866708,Injured PT-like
TGCTCAACAAGCTAAA-3,GARQ,D17,4,40,38,15,0.31550193,Tumor (Neuronal-like)
TGCTCAACAAGCTTAT-3,GARQ,D17,4,40,38,7,0.097638905,Proximal Tubule
TGCTCAACAATAATCC-4,GARQ,D17,4,40,38,1,0.21861762,Tumor Epithelial
TGCTCAACAGGCATCT-4,GARQ,D17,4,40,38,4,0.092883945,Tumor Epithelial
TGCTCCGTCTAACCTT-2,GARQ,D17,4,40,38,18,0.053719997,Proximal Tubule
TGCTGGATCAAATCGC-4,GARQ,D17,4,40,38,12,0.08399415,Tumor Epithelial
TGCTTCATCAGGCTAT-4,GARQ,D17,4,40,38,12,0.022538722,Tumor Epithelial
TGCTTCATCATGGTGT-2,GARQ,D17,4,40,38,30,0.18078935,Proximal Tubule
TGCTTCCAGTCAGTAC-2,GARQ,D17,4,40,38,18,0.023390472,Proximal Tubule
TGCTTGCTCCTAATAG-2,GARQ,D17,4,40,38,18,0.10084462,Myeloid Cells
TGCTTGCTCGATTTAG-4,GARQ,D17,4,40,38,39,0.042054355,Tumor Epithelial
TGGAACAAGCGATAAG-2,GARQ,D17,4,40,38,20,0.046672314,Podocytes
TGGACAAAGAACCTGT-2,GARQ,D17,4,40,38,15,0.047327757,Proximal Tubule
TGGACAAAGTAACTCA-2,GARQ,D17,4,40,38,20,0.033689827,Proximal Tubule
TGGACCGGTGAAACAA-1,GARQ,D17,4,40,38,36,0.06588024,Tumor (Neuronal-like)
TGGACTAGTCATTGTC-2,GARQ,D17,4,40,38,18,0.16875762,Proximal Tubule
TGGATTGGTACAATGT-4,GARQ,D17,4,40,38,4,0.22823739,Tumor Epithelial
TGGATTGGTCGCGCAA-2,GARQ,D17,4,40,38,20,0.1296463,Proximal Tubule
TGGATTGGTTGGCCGA-2,GARQ,D17,4,40,38,10,0.17227331,Podocytes
TGGATTGGTTTGAGGC-4,GARQ,D17,4,40,38,1,0.073957086,Tumor Epithelial
TGGCCTGCAATTAGGA-3,GARQ,D17,4,40,38,19,0.10586178,Parietal Epithelial Cells
TGGCCTGCAGCTTAAT-2,GARQ,D17,4,40,38,26,0.06565267,Stressed Tumor (p53+)
TGGCCTTTCGTTAGCG-3,GARQ,D17,4,40,38,32,0.040193498,Proximal Tubule
TGGCCTTTCTGTGCCT-1,GARQ,D17,4,40,38,26,0.0019741058,Stressed Tumor (p53+)
TGGCGGTTCAACCAAC-1,GARQ,D17,4,40,38,12,0.066023886,Proximal Tubule
TGGCGGTTCACCTGTC-3,GARQ,D17,4,40,38,19,0.12366301,Proximal Tubule
TGGCGGTTCCAGGAAA-1,GARQ,D17,4,40,38,4,0.009260058,Stressed Tumor (p53+)
TGGCTAAGTAGTTAAC-2,GARQ,D17,4,40,38,22,0.20071352,Myeloid Cells
TGGCTAAGTGCATCGG-3,GARQ,D17,4,40,38,15,0.05341065,Stressed Tumor (p53+)
TGGCTAAGTTAGGCGT-4,GARQ,D17,4,40,38,4,0.027646959,Tumor Epithelial
TGGCTATAGTGTGATC-2,GARQ,D17,4,40,38,15,0.12082267,Proximal Tubule
TGGCTTTGTTGCACGG-3,GARQ,D17,4,40,38,26,0.08128512,Proximal Tubule
TGGGCATGTACGCGCA-1,GARQ,D17,4,40,38,31,0.0857712,Tumor (Neuronal-like)
TGGGCCTAGGCTGTGC-1,GARQ,D17,4,40,38,12,0.078956366,Stressed Tumor (p53+)
TGGGCCTAGGTTAGCT-2,GARQ,D17,4,40,38,18,0.2077437,Proximal Tubule
TGGTAAACAAGCGAGC-2,GARQ,D17,4,40,38,15,0.074569136,Stressed Tumor (p53+)
TGGTCAAGTCCGTGAG-2,GARQ,D17,4,40,38,20,0.06363058,Proximal Tubule
TGGTCAGTCACAGCGC-3,GARQ,D17,4,40,38,10,0.004635334,Podocytes
TGGTCAGTCACTAGGT-2,GARQ,D17,4,40,38,10,0.06346467,Podocytes
TGGTCATAGGTGCTGC-1,GARQ,D17,4,40,38,9,0.059508562,Tumor Epithelial
TGGTCATAGTCACCAG-2,GARQ,D17,4,40,38,30,0.1953696,Proximal Tubule
TGGTCCTTCATTTGTC-4,GARQ,D17,4,40,38,4,0.09034711,Tumor Epithelial
TGGTCCTTCTCCATGC-2,GARQ,D17,4,40,38,20,0.10653192,Injured PT-like
TGGTGATTCCTCGATC-2,GARQ,D17,4,40,38,20,0.17582718,Proximal Tubule
TGGTGATTCGTTAGTA-4,GARQ,D17,4,40,38,1,0.047358632,Myeloid Cells
TGGTGATTCTGTAAGC-2,GARQ,D17,4,40,38,27,0.07331091,Proximal Tubule
TGGTGCATCGTTTCGC-3,GARQ,D17,4,40,38,31,0.042226195,Proximal Tubule
TGGTGCATCTGGCATG-1,GARQ,D17,4,40,38,19,0.10769683,Tumor (Neuronal-like)
TGGTGCATCTTGCAGG-2,GARQ,D17,4,40,38,10,0.00034481287,Proximal Tubule
TGGTTAATCAAGTGTC-1,GARQ,D17,4,40,38,4,0.014699221,Tumor (Neuronal-like)
TGGTTAATCAGGCTAT-3,GARQ,D17,4,40,38,15,0.20996433,Proximal Tubule
TGGTTCCTCTTGTTCG-3,GARQ,D17,4,40,38,18,0.081445515,Proximal Tubule
TGGTTCTGTTAGCAGC-2,GARQ,D17,4,40,38,8,0.0031872094,Proximal Tubule
TGGTTCTGTTTATTCG-1,GARQ,D17,4,40,38,12,0.13670492,Podocytes
TGTAAGCTCCTCCATA-4,GARQ,D17,4,40,38,22,0.059535325,Tumor Epithelial
TGTAAGTGTCACACCC-2,GARQ,D17,4,40,38,26,0.006123662,Stressed Tumor (p53+)
TGTAATGTCACAAGCT-3,GARQ,D17,4,40,38,36,0.04283172,Proximal Tubule
TGTATCCGTTCGCTCA-1,GARQ,D17,4,40,38,19,0.3061968,Tumor (Neuronal-like)
TGTATCGCATGCTATG-1,GARQ,D17,4,40,38,0,0.07198319,Stressed Tumor (p53+)
TGTCAATCACAGACTC-2,GARQ,D17,4,40,38,20,0.13777351,Proximal Tubule
TGTCAATCATAAGGAC-1,GARQ,D17,4,40,38,36,0.006921977,Podocytes
TGTCAATCATAGCTTG-3,GARQ,D17,4,40,38,19,0.26645494,Injured PT-like
TGTCAGTAGGCGTAAA-4,GARQ,D17,4,40,38,1,0.014936447,Tumor Epithelial
TGTCATAAGTCCTTTG-3,GARQ,D17,4,40,38,19,0.050983787,Proximal Tubule
TGTCCTTCAGAAATGC-4,GARQ,D17,4,40,38,29,0.06347835,Tumor Epithelial
TGTGAAACATGCTTAG-2,GARQ,D17,4,40,38,30,0.054962218,Proximal Tubule
TGTGATCAGCATGAAG-2,GARQ,D17,4,40,38,20,0.10092127,Proximal Tubule
TGTGATCAGTAAACCC-4,GARQ,D17,4,40,38,12,0.15262163,Tumor Epithelial
TGTGCGCAGGGATGCG-4,GARQ,D17,4,40,38,4,0.15621632,Endothelial Cells
TGTGCGGGTTTGGCTT-4,GARQ,D17,4,40,38,22,0.22788596,Tumor Epithelial
TGTGGCCAGTCATGCG-4,GARQ,D17,4,40,38,4,0.1988759,Tumor Epithelial
TGTGGCTCATTAGCGC-1,GARQ,D17,4,40,38,19,0.115475535,Tumor (Neuronal-like)
TGTGTGAGTCATTGTC-1,GARQ,D17,4,40,38,12,0.07908803,Myeloid Cells
TGTGTGAGTGAAGCCT-3,GARQ,D17,4,40,38,0,0.152554,Parietal Epithelial Cells
TGTGTTAAGAGAAGGG-1,GARQ,D17,4,40,38,24,0.018061519,Tumor Epithelial
TGTTACTTCACTTCAT-4,GARQ,D17,4,40,38,39,0.084008455,Tumor Epithelial
TGTTACTTCCTGCGAA-2,GARQ,D17,4,40,38,15,0.09743309,Parietal Epithelial Cells
TGTTATGAGAGCCGCT-4,GARQ,D17,4,40,38,4,0.13413692,Tumor Epithelial
TGTTATGAGGGACGCA-3,GARQ,D17,4,40,38,36,0.108637094,Injured PT-like
TGTTATGAGTAAGGGC-2,GARQ,D17,4,40,38,37,0.030600429,Proximal Tubule
TGTTGCACAGTTAAAG-1,GARQ,D17,4,40,38,4,0.20189083,Podocytes
TGTTGCACAGTTATGT-3,GARQ,D17,4,40,38,15,0.040204644,Proximal Tubule
TGTTGTAAGACTCGCA-2,GARQ,D17,4,40,38,37,0.05209446,Proximal Tubule
TGTTGTGCAACACTTG-2,GARQ,D17,4,40,38,23,0.016576469,Proximal Tubule
TGTTGTGCAGTGAACG-2,GARQ,D17,4,40,38,10,0.19527173,Proximal Tubule
TTAACCAAGGTCCACA-4,GARQ,D17,4,40,38,26,0.07727051,Tumor Epithelial
TTAAGCCAGCTTAGCG-4,GARQ,D17,4,40,38,4,0.42570925,Tumor Epithelial
TTAAGCCAGTCATGCG-2,GARQ,D17,4,40,38,20,0.16637242,Proximal Tubule
TTAAGGACAGAGGCTA-1,GARQ,D17,4,40,38,4,0.2465297,Tumor (Neuronal-like)
TTAAGGACATCACAGC-3,GARQ,D17,4,40,38,12,0.008472383,Tumor (Neuronal-like)
TTAAGGACATGTTTGG-3,GARQ,D17,4,40,38,2,0.12780702,Proximal Tubule
TTAAGGTGTGTTTGAG-3,GARQ,D17,4,40,38,19,0.005843878,Proximal Tubule
TTAAGTGTCCTGGTGA-1,GARQ,D17,4,40,38,36,0.013776422,Tumor (Neuronal-like)
TTACAGCAGATAACCC-4,GARQ,D17,4,40,38,19,0.11840892,Tumor Epithelial
TTACAGCAGGTGAAGC-3,GARQ,D17,4,40,38,37,0.028172493,Proximal Tubule
TTACCTGTCAAAGGCA-1,GARQ,D17,4,40,38,12,0.1835882,Podocytes
TTACCTGTCGATATTG-2,GARQ,D17,4,40,38,11,0.06546825,Injured PT-like
TTACCTGTCTTGTTCG-2,GARQ,D17,4,40,38,20,0.17259437,Proximal Tubule
TTACGTTTCCCTCAAC-3,GARQ,D17,4,40,38,19,0.087810725,Proximal Tubule
TTAGACTCAATTGAGA-1,GARQ,D17,4,40,38,31,0.0043151677,Tumor (Neuronal-like)
TTAGACTCATCAGTAT-1,GARQ,D17,4,40,38,12,0.05757329,Podocytes
TTAGCAATCCTCACAC-3,GARQ,D17,4,40,38,15,0.15014064,Podocytes
TTAGCAGGTCTCACTG-1,GARQ,D17,4,40,38,19,0.19841766,Tumor (Neuronal-like)
TTAGCGGTCACAGCCA-1,GARQ,D17,4,40,38,19,0.16213661,Tumor (Neuronal-like)
TTAGCGGTCTCATCAT-4,GARQ,D17,4,40,38,19,0.2921443,Tumor Epithelial
TTAGGCCCAAGGAATC-1,GARQ,D17,4,40,38,21,0.026827842,Injured PT-like
TTAGGCCCAAGGGTTG-2,GARQ,D17,4,40,38,18,0.05442983,Proximal Tubule
TTAGGCCCAGTATGTT-1,GARQ,D17,4,40,38,27,0.19075671,Proximal Tubule
TTAGGCGTCTAATCTC-4,GARQ,D17,4,40,38,12,0.031921357,Myeloid Cells
TTAGGCGTCTGCAACG-3,GARQ,D17,4,40,38,7,0.006498635,Proximal Tubule
TTAGGCTAGCGCCTTT-1,GARQ,D17,4,40,38,12,0.058488846,Podocytes
TTAGGCTAGGCTACAT-4,GARQ,D17,4,40,38,22,0.04997897,Podocytes
TTAGTCAAGCACTTGG-2,GARQ,D17,4,40,38,15,0.13543838,Podocytes
TTATCCTAGAACCTAC-1,GARQ,D17,4,40,38,12,0.37460306,Podocytes
TTATTGCTCAAGCTAC-3,GARQ,D17,4,40,38,18,0.0056796074,Proximal Tubule
TTATTGCTCGTTTCTG-3,GARQ,D17,4,40,38,18,0.044625223,Proximal Tubule
TTCAACCGTAGCCTCC-2,GARQ,D17,4,40,38,20,0.03600484,Proximal Tubule
TTCAGGTAGCCTGTTC-2,GARQ,D17,4,40,38,37,0.062464893,Myeloid Cells
TTCATCCCACACTAAT-3,GARQ,D17,4,40,38,23,6.842613e-05,Proximal Tubule
TTCCACGGTCTAACCT-4,GARQ,D17,4,40,38,1,0.0010371804,Tumor Epithelial
TTCCACGGTGTCCAAA-2,GARQ,D17,4,40,38,18,0.15338254,Proximal Tubule
TTCCCACAGTCAATCA-2,GARQ,D17,4,40,38,30,0.041674495,Proximal Tubule
TTCCCACAGTGGCGGA-4,GARQ,D17,4,40,38,1,0.35836983,Tumor Epithelial
TTCCCGCCAGGTCCTG-1,GARQ,D17,4,40,38,4,0.34495407,Proximal Tubule
TTCCTCAAGGTCATTA-4,GARQ,D17,4,40,38,1,0.26445746,Tumor Epithelial
TTCCTTGAGGGTTATC-2,GARQ,D17,4,40,38,20,0.040548354,Proximal Tubule
TTCGCAACATCATGGC-2,GARQ,D17,4,40,38,20,0.12261391,Proximal Tubule
TTCGGTACAGTCTATG-4,GARQ,D17,4,40,38,29,0.0056619644,Tumor Epithelial
TTCGTGCTCAGGAAGC-4,GARQ,D17,4,40,38,1,0.38983738,Tumor Epithelial
TTCGTTAGTCATCAAG-3,GARQ,D17,4,40,38,27,0.09915954,Low Quality / Dying
TTCGTTAGTTCCAGGG-1,GARQ,D17,4,40,38,19,0.35619915,Tumor (Neuronal-like)
TTCTTAGGTTAAGGTT-2,GARQ,D17,4,40,38,20,0.12721366,Proximal Tubule
TTGACATCATGTTTGG-2,GARQ,D17,4,40,38,15,0.11687744,Proximal Tubule
TTGAGGCGTAGGTGTC-2,GARQ,D17,4,40,38,11,0.03245592,Proximal Tubule
TTGAGGCGTAGGTTAT-4,GARQ,D17,4,40,38,4,0.19770181,Tumor Epithelial
TTGAGGCGTGGTTCCC-3,GARQ,D17,4,40,38,26,0.10916531,Injured PT-like
TTGATGTCAATTAAGG-3,GARQ,D17,4,40,38,37,0.11323705,Proximal Tubule
TTGATGTCATTAAAGG-2,GARQ,D17,4,40,38,20,0.04930216,Podocytes
TTGATGTCATTGCGGT-3,GARQ,D17,4,40,38,4,0.22934234,Proximal Tubule
TTGCAACAGGAGGACT-2,GARQ,D17,4,40,38,15,0.06429309,Proximal Tubule
TTGCAACAGTTATCTC-1,GARQ,D17,4,40,38,4,0.03678739,Low Quality / Dying
TTGCAAGGTCCTAATC-1,GARQ,D17,4,40,38,39,0.029412448,Stressed Tumor (p53+)
TTGCAATCAGGCAAGC-3,GARQ,D17,4,40,38,7,0.030486017,Podocytes
TTGCAATCAGGTTCAC-3,GARQ,D17,4,40,38,12,0.0287323,Proximal Tubule
TTGCACACATAGCTGC-1,GARQ,D17,4,40,38,24,0.03134671,Proximal Tubule
TTGCAGCCACGAATTT-1,GARQ,D17,4,40,38,26,0.07758504,Stressed Tumor (p53+)
TTGCATTTCCGTGACA-3,GARQ,D17,4,40,38,4,0.022093415,Low Quality / Dying
TTGCATTTCGCAACAT-4,GARQ,D17,4,40,38,26,0.002351284,Tumor Epithelial
TTGCCCGTCCTGTTCA-1,GARQ,D17,4,40,38,12,0.04632342,Tumor (Neuronal-like)
TTGCGTCTCGCTATAA-2,GARQ,D17,4,40,38,18,0.07324678,Proximal Tubule
TTGCTCTCAGCATGAG-2,GARQ,D17,4,40,38,20,0.054184258,Proximal Tubule
TTGCTTAGTCTTACTA-1,GARQ,D17,4,40,38,17,0.18375832,Myeloid Cells
TTGCTTAGTTAACGAT-2,GARQ,D17,4,40,38,26,0.016160727,Proximal Tubule
TTGCTTTAGGCGCACT-2,GARQ,D17,4,40,38,10,0.08570811,Proximal Tubule
TTGGAGGCACAACCTA-4,GARQ,D17,4,40,38,22,0.0018821359,T Cells
TTGGAGGCATGATTGT-4,GARQ,D17,4,40,38,1,0.26930618,Tumor Epithelial
TTGGATCAGAAAGGAA-2,GARQ,D17,4,40,38,10,0.06322813,Proximal Tubule
TTGGATCAGGTCGATT-3,GARQ,D17,4,40,38,4,0.071112394,Proximal Tubule
TTGGATTCACCATATG-2,GARQ,D17,4,40,38,20,0.110266685,Proximal Tubule
TTGGCGGGTAATCGCA-4,GARQ,D17,4,40,38,17,0.25883272,Myeloid Cells
TTGGCTTGTCATAACG-2,GARQ,D17,4,40,38,26,0.024701476,Proximal Tubule
TTGGCTTGTTAGACCA-4,GARQ,D17,4,40,38,12,0.055265903,Tumor Epithelial
TTGGGCGGTAATAGCT-2,GARQ,D17,4,40,38,37,0.08909559,Proximal Tubule
TTGGGTTAGGACGTAA-1,GARQ,D17,4,40,38,4,0.21772474,Tumor (Neuronal-like)
TTGGGTTAGTAGGCGG-2,GARQ,D17,4,40,38,18,0.121242404,Proximal Tubule
TTGGTGAGTATTCGTC-2,GARQ,D17,4,40,38,15,0.03239888,Proximal Tubule
TTGGTGAGTCAGGCAT-1,GARQ,D17,4,40,38,4,0.010258436,Tumor Epithelial
TTGGTGAGTCCAAGAC-2,GARQ,D17,4,40,38,30,0.14842439,Proximal Tubule
TTGTAAGTCATGGTGT-3,GARQ,D17,4,40,38,26,0.031651735,Stressed Tumor (p53+)
TTGTAAGTCCCGCAAA-2,GARQ,D17,4,40,38,11,0.004272282,Proximal Tubule
TTGTAAGTCGGTTTGG-4,GARQ,D17,4,40,38,4,0.2597742,Tumor Epithelial
TTGTAAGTCGTTTCCA-3,GARQ,D17,4,40,38,7,0.07268798,Proximal Tubule
TTGTCAAAGAGGGACT-2,GARQ,D17,4,40,38,18,0.2577293,Proximal Tubule
TTGTCCATCAGTATTG-2,GARQ,D17,4,40,38,37,0.2021752,Proximal Tubule
TTGTCCATCCAAACAC-1,GARQ,D17,4,40,38,0,0.025724888,Low Quality / Dying
TTGTCCCAGTAGCGGG-3,GARQ,D17,4,40,38,12,0.11860168,Podocytes
TTGTCCCAGTCACCTC-4,GARQ,D17,4,40,38,24,0.04540485,Mast Cells
TTGTGAGGTGCGCAAT-2,GARQ,D17,4,40,38,10,0.12435597,Proximal Tubule
TTGTGAGGTTTCGCGC-2,GARQ,D17,4,40,38,18,0.25059408,Proximal Tubule
TTGTGCGAGCCGCAAC-4,GARQ,D17,4,40,38,4,0.13702989,Tumor Epithelial
TTGTGCGAGTACCGCA-3,GARQ,D17,4,40,38,34,0.04013157,Podocytes
TTGTGTGCAAAGCGGC-1,GARQ,D17,4,40,38,34,0.008982003,Tumor Epithelial
TTGTTGCGTGACATAT-1,GARQ,D17,4,40,38,4,0.020581722,Tumor (Neuronal-like)
TTGTTGCGTGTTGCAA-3,GARQ,D17,4,40,38,15,0.11015326,Parietal Epithelial Cells
TTGTTGCGTTGCCTCA-2,GARQ,D17,4,40,38,10,0.011227727,Proximal Tubule
TTGTTGTTCGAAGTGA-3,GARQ,D17,4,40,38,24,0.06319749,Podocytes
TTGTTGTTCTTGAGGT-4,GARQ,D17,4,40,38,33,0.060335517,Tumor Epithelial
TTGTTTGGTTCACTGT-4,GARQ,D17,4,40,38,4,0.30116194,Tumor Epithelial
TTTAACCTCGCTTCTA-3,GARQ,D17,4,40,38,15,0.05472493,Proximal Tubule
TTTAAGCCAAGTGTCC-1,GARQ,D17,4,40,38,1,0.0021463037,Tumor Epithelial
TTTAAGGTCAGCTAAC-3,GARQ,D17,4,40,38,4,0.13279283,Proximal Tubule
TTTAAGGTCTAAGGAG-2,GARQ,D17,4,40,38,18,0.121804774,Proximal Tubule
TTTACGAAGCTTTGTT-4,GARQ,D17,4,40,38,1,0.036254585,Tumor Epithelial
TTTACGCGTAGGTTAT-1,GARQ,D17,4,40,38,1,0.05517924,Tumor (Neuronal-like)
TTTACGCGTCCCGAAG-2,GARQ,D17,4,40,38,18,0.08473158,Parietal Epithelial Cells
TTTACGCGTGCTAGAC-3,GARQ,D17,4,40,38,32,0.13722819,Proximal Tubule
TTTAGCAAGAGGAGGA-4,GARQ,D17,4,40,38,1,0.22133261,Tumor Epithelial
TTTAGCTTCATGTCAA-4,GARQ,D17,4,40,38,26,0.15246701,Tumor Epithelial
TTTAGCTTCTCCATAT-1,GARQ,D17,4,40,38,31,0.10643637,Tumor (Neuronal-like)
TTTAGGATCGAGCTAT-4,GARQ,D17,4,40,38,1,0.06432593,Proximal Tubule
TTTAGGATCTAACCTT-2,GARQ,D17,4,40,38,20,0.0033538938,Podocytes
TTTCACCCAGCTCAAC-2,GARQ,D17,4,40,38,10,0.043058038,Proximal Tubule
TTTCAGTTCGATTTAG-2,GARQ,D17,4,40,38,30,0.09835112,Proximal Tubule
TTTCAGTTCTCCTCTT-1,GARQ,D17,4,40,38,12,0.06022638,Stressed Tumor (p53+)
TTTCATCAGCGGTTAT-2,GARQ,D17,4,40,38,15,0.20976406,Stressed Tumor (p53+)
TTTCATCAGTTATGTG-3,GARQ,D17,4,40,38,19,0.1096884,Stressed Tumor (p53+)
TTTCCACCAGTACCGT-3,GARQ,D17,4,40,38,23,0.17742312,Proximal Tubule
TTTCCGGGTATGGTGC-2,GARQ,D17,4,40,38,2,0.26547426,Proximal Tubule
TTTCCTGAGGGACTAA-4,GARQ,D17,4,40,38,4,0.033752322,Tumor Epithelial
TTTCGTCCAAGTAAGC-2,GARQ,D17,4,40,38,37,0.11585346,Myeloid Cells
TTTCGTCCATAAGGAC-2,GARQ,D17,4,40,38,18,0.21429813,Proximal Tubule
TTTCTCACATTGTGTG-3,GARQ,D17,4,40,38,4,0.07417148,Proximal Tubule
TTTCTTGCAACAGGAT-1,GARQ,D17,4,40,38,19,0.001942575,Podocytes
TTTCTTGCAGCAAATA-4,GARQ,D17,4,40,38,1,0.037869036,Tumor Epithelial
TTTGACCGTCGCGCAA-4,GARQ,D17,4,40,38,1,0.019188285,Tumor Epithelial
TTTGCATTCAATTACG-1,GARQ,D17,4,40,38,31,0.06675485,Tumor (Neuronal-like)
TTTGCATTCACTCAAA-1,GARQ,D17,4,40,38,0,0.014452457,Stressed Tumor (p53+)
TTTGCGACAAGGGTTG-2,GARQ,D17,4,40,38,20,0.012533307,Proximal Tubule
TTTGCGACATAGGCGA-4,GARQ,D17,4,40,38,22,0.046611547,Myeloid Cells
TTTGGCTGTTAACGGC-1,GARQ,D17,4,40,38,19,0.24533683,Injured PT-like
TTTGGTGCATGTCAAT-4,GARQ,D17,4,40,38,26,0.093081355,Tumor Epithelial
TTTGTCCCAACCCTAA-4,GARQ,D17,4,40,38,16,0.031028092,Tumor Epithelial
TTTGTCCCAATCGCAC-2,GARQ,D17,4,40,38,18,0.0067946315,Proximal Tubule
TTTGTCCCATGTTGTG-3,GARQ,D17,4,40,38,19,0.07692158,Proximal Tubule
TTTGTCCCATGTTTGG-3,GARQ,D17,4,40,38,15,0.22522652,Podocytes
TTTGTCCCATTTGCTC-1,GARQ,D17,4,40,38,34,0.009486854,Podocytes
TTTGTCTAGCGCCTAA-1,GARQ,D17,4,40,38,22,0.07354081,Tumor Epithelial
TTTGTCTAGGCCTTAG-4,GARQ,D17,4,40,38,22,0.005338371,Tumor Epithelial
TTTGTCTAGTCACTAA-1,GARQ,D17,4,40,38,19,0.034711897,Tumor (Neuronal-like)
TTTGTGGCACGTTACA-1,GARQ,D17,4,40,38,19,0.13241726,Tumor (Neuronal-like)
TTTGTGTTCTTTGAGA-2,GARQ,D17,4,40,38,18,0.10816991,Proximal Tubule
TTTGTTGGTGCCGCAA-1,GARQ,D17,4,40,38,24,0.053297162,Tumor (Neuronal-like)
TTTGTTGGTGTAACCA-3,GARQ,D17,4,40,38,12,0.11939192,Proximal Tubule
TTTGTTGGTTAGCTGA-2,GARQ,D17,4,40,38,15,0.068371296,Proximal Tubule
