cell_id,method,dataset,seed,requested_K,realized_K,metacell_id,delta_confidence,cell_type
AAACCTGCAATGCCAT-1,GARQ,D5,2,40,38,2,0.075368166,CD56dim CD16bright NK
AAACCTGCATGCATGT-1,GARQ,D5,2,40,38,29,0.008277655,CD4 naive II
AAACCTGGTACGAAAT-1,GARQ,D5,2,40,38,29,0.041618705,CD4 memory
AAACCTGGTTGAACTC-1,GARQ,D5,2,40,38,4,0.12620485,CD56bright CD16dim NK
AAACGGGAGATCACGG-1,GARQ,D5,2,40,38,5,0.04242897,CD56dim CD16bright NK
AAACGGGAGGATGGTC-1,GARQ,D5,2,40,38,29,0.034656763,CD4 memory
AAACGGGCACCAGTTA-1,GARQ,D5,2,40,38,0,0.022394061,CD56dim CD16bright NK
AAACGGGGTCTAAACC-1,GARQ,D5,2,40,38,0,0.074249506,CD56dim CD16bright NK
AAACGGGTCGAATCCA-1,GARQ,D5,2,40,38,5,0.13590562,Proliferating T and NK cell
AAACGGGTCGCATGGC-1,GARQ,D5,2,40,38,18,0.09826052,Non classical monocytes
AAACGGGTCTGATTCT-1,GARQ,D5,2,40,38,36,0.042581916,Naive B
AAAGATGAGTTGTCGT-1,GARQ,D5,2,40,38,1,0.01128304,CD56dim CD16bright NK
AAAGATGCAAACGCGA-1,GARQ,D5,2,40,38,27,0.083461046,CD56dim CD16bright NK
AAAGATGCAAACTGTC-1,GARQ,D5,2,40,38,35,0.031576037,T-NK-B cell doublets
AAAGATGCAGCAGTTT-1,GARQ,D5,2,40,38,21,0.00984025,Memory B
AAAGATGCAGGACCCT-1,GARQ,D5,2,40,38,29,0.002116561,CD4 naive I
AAAGATGGTCGAAAGC-1,GARQ,D5,2,40,38,26,0.010145664,NK-monocyte doublets
AAAGATGTCATTTGGG-1,GARQ,D5,2,40,38,10,0.047106504,Platelet-bound monocytes
AAAGATGTCTAACTCT-1,GARQ,D5,2,40,38,29,0.0018818378,CD4 memory
AAAGCAAAGGTTACCT-1,GARQ,D5,2,40,38,38,0.06291115,NK-T doublets
AAAGCAACAGTTAACC-1,GARQ,D5,2,40,38,10,0.065078735,conventional DC
AAAGTAGAGTGAAGAG-1,GARQ,D5,2,40,38,20,0.049343705,CD4 naive I
AAAGTAGCACTTAACG-1,GARQ,D5,2,40,38,2,0.016575575,CD56dim CD16bright NK
AAAGTAGCATCGTCGG-1,GARQ,D5,2,40,38,0,0.09251106,CD56dim CD16bright NK
AAAGTAGCATGCCACG-1,GARQ,D5,2,40,38,10,0.10238922,Classical monocytes
AAAGTAGGTAGCTCCG-1,GARQ,D5,2,40,38,25,0.10565913,CD4 naive I
AAAGTAGGTATCACCA-1,GARQ,D5,2,40,38,24,0.035787344,MAIT-NKT cells
AAAGTAGGTGTGACCC-1,GARQ,D5,2,40,38,10,0.0069806576,Neutrophils
AAAGTAGGTTACCGAT-1,GARQ,D5,2,40,38,10,0.04201722,Neutrophils
AAAGTAGGTTGAGGTG-1,GARQ,D5,2,40,38,10,0.043964863,Platelets
AAAGTAGTCTAACTTC-1,GARQ,D5,2,40,38,29,0.117661715,CD4 naive I
AAATGCCAGAATGTGT-1,GARQ,D5,2,40,38,10,0.026968956,Classical monocytes
AAATGCCAGGAGTTGC-1,GARQ,D5,2,40,38,32,0.009454608,CD8 naive
AAATGCCGTTTGGGCC-1,GARQ,D5,2,40,38,18,0.04379964,Classical monocytes
AAATGCCTCACCACCT-1,GARQ,D5,2,40,38,16,0.009154558,CD4 and CD8 activated memory
AACACGTGTGCTGTAT-1,GARQ,D5,2,40,38,36,0.068935096,Naive B
AACCATGAGGCCATAG-1,GARQ,D5,2,40,38,0,0.032687426,CD56dim CD16bright NK
AACCGCGAGTGGGCTA-1,GARQ,D5,2,40,38,2,0.028761387,CD56dim CD16bright NK
AACCGCGGTAGGGACT-1,GARQ,D5,2,40,38,25,0.014894962,CD8 naive
AACCGCGGTCTCACCT-1,GARQ,D5,2,40,38,17,0.121727705,CD8 naive
AACCGCGGTTAAGATG-1,GARQ,D5,2,40,38,18,0.016073227,Non classical monocytes
AACCGCGTCGCCAAAT-1,GARQ,D5,2,40,38,29,0.001717329,CD4 naive I
AACCGCGTCGGATGGA-1,GARQ,D5,2,40,38,36,0.019949436,Naive B
AACGTTGAGGTTCCTA-1,GARQ,D5,2,40,38,36,0.1068908,Memory B
AACGTTGCAATGGTCT-1,GARQ,D5,2,40,38,2,0.052104235,CD56bright CD16dim NK
AACGTTGCACGAGGTA-1,GARQ,D5,2,40,38,26,0.14617717,Non classical monocytes
AACGTTGCAGGGATTG-1,GARQ,D5,2,40,38,29,8.249283e-05,CD4 naive I
AACGTTGCAGGTCTCG-1,GARQ,D5,2,40,38,1,0.03554821,CD56dim CD16bright NK
AACGTTGGTGTATGGG-1,GARQ,D5,2,40,38,11,0.14194548,CD56dim CD16bright NK
AACGTTGGTTCCTCCA-1,GARQ,D5,2,40,38,14,0.0010106564,CD8 memory
AACGTTGTCGAGAACG-1,GARQ,D5,2,40,38,25,0.072883606,CD8 naive
AACTCAGAGCTACCTA-1,GARQ,D5,2,40,38,0,0.012999177,CD56dim CD16bright NK
AACTCAGAGTGATCGG-1,GARQ,D5,2,40,38,1,0.023059964,CD56bright CD16dim NK
AACTCAGTCGCAAACT-1,GARQ,D5,2,40,38,29,0.094754934,CD4 naive I
AACTCCCAGTGTGGCA-1,GARQ,D5,2,40,38,29,0.14026475,CD4 memory
AACTCCCCAATGAAAC-1,GARQ,D5,2,40,38,1,0.052589417,CD56dim CD16bright NK
AACTCCCCACAGACTT-1,GARQ,D5,2,40,38,16,0.08845711,CD4 memory
AACTCCCCACGGTAAG-1,GARQ,D5,2,40,38,17,0.026790619,CD4 naive I
AACTCCCGTGGTTTCA-1,GARQ,D5,2,40,38,36,0.15583515,Naive B
AACTCTTAGCAGACTG-1,GARQ,D5,2,40,38,39,0.0895344,CD4 naive II
AACTCTTAGCATGGCA-1,GARQ,D5,2,40,38,0,0.033201694,CD56dim CD16bright NK
AACTCTTTCAGCTGGC-1,GARQ,D5,2,40,38,27,0.11598849,CD56dim CD16bright NK
AACTCTTTCCGCATCT-1,GARQ,D5,2,40,38,1,0.0119197965,CD56bright CD16dim NK
AACTCTTTCTGCCAGG-1,GARQ,D5,2,40,38,27,0.02696991,CD8 effector
AACTGGTCACGACGAA-1,GARQ,D5,2,40,38,17,0.03163457,CD8 memory
AACTGGTTCAAGAAGT-1,GARQ,D5,2,40,38,5,0.017126799,CD56dim CD16bright NK
AACTGGTTCTCGCATC-1,GARQ,D5,2,40,38,5,0.014091015,CD56dim CD16bright NK
AAGACCTAGTTCGATC-1,GARQ,D5,2,40,38,5,0.06381488,CD56dim CD16bright NK
AAGACCTCACCCATTC-1,GARQ,D5,2,40,38,10,0.10737872,Platelet-bound monocytes
AAGACCTCACTGTTAG-1,GARQ,D5,2,40,38,10,0.06887281,Classical monocytes
AAGACCTCACTTACGA-1,GARQ,D5,2,40,38,29,0.006596327,CD4 memory
AAGACCTCAGTGGAGT-1,GARQ,D5,2,40,38,39,0.0007715225,CD4 naive I
AAGACCTTCGTTTATC-1,GARQ,D5,2,40,38,16,0.03768003,CD8 memory
AAGCCGCCAAGCCGCT-1,GARQ,D5,2,40,38,6,0.1527276,conventional DC
AAGCCGCTCCGTCAAA-1,GARQ,D5,2,40,38,27,0.052107453,CD56dim CD16bright NK
AAGGAGCAGACTTGAA-1,GARQ,D5,2,40,38,5,0.016791224,CD56dim CD16bright NK
AAGGAGCGTATGCTTG-1,GARQ,D5,2,40,38,0,0.004798889,CD56dim CD16bright NK
AAGGAGCTCTGCCAGG-1,GARQ,D5,2,40,38,34,0.10863507,CD4 memory
AAGGCAGAGACTAAGT-1,GARQ,D5,2,40,38,12,0.007848144,CD8 effector
AAGGCAGAGTGTACGG-1,GARQ,D5,2,40,38,34,0.028643966,MAIT-NKT cells
AAGGCAGCAAGAAAGG-1,GARQ,D5,2,40,38,29,0.11831057,CD4 memory
AAGGCAGTCACTTATC-1,GARQ,D5,2,40,38,29,0.13894331,CD4 naive I
AAGGCAGTCGGCTTGG-1,GARQ,D5,2,40,38,5,0.016237617,CD56dim CD16bright NK
AAGGCAGTCTCAAACG-1,GARQ,D5,2,40,38,10,0.0770967,Classical monocytes
AAGGTTCCACAGACTT-1,GARQ,D5,2,40,38,33,0.020187259,CD8 memory
AAGGTTCCAGCTTAAC-1,GARQ,D5,2,40,38,10,0.009488463,Classical monocytes
AAGGTTCCAGTATGCT-1,GARQ,D5,2,40,38,34,0.006461501,CD8 memory
AAGGTTCGTACAGTGG-1,GARQ,D5,2,40,38,6,0.033611834,Memory B
AAGGTTCGTAGTGAAT-1,GARQ,D5,2,40,38,17,0.00540483,CD8 memory
AAGGTTCTCTGATACG-1,GARQ,D5,2,40,38,39,0.03225255,CD4 memory
AAGTCTGAGAGCTATA-1,GARQ,D5,2,40,38,0,0.08507311,CD56dim CD16bright NK
AAGTCTGAGATATGCA-1,GARQ,D5,2,40,38,27,0.005815625,CD56dim CD16bright NK
AAGTCTGGTGATAAAC-1,GARQ,D5,2,40,38,10,0.09216094,Classical monocytes
AAGTCTGGTGCTAGCC-1,GARQ,D5,2,40,38,27,0.11364174,CD56dim CD16bright NK
AATCCAGGTAACGTTC-1,GARQ,D5,2,40,38,16,0.02058351,CD4 memory
AATCCAGGTCATTAGC-1,GARQ,D5,2,40,38,29,0.058402896,CD4 memory
AATCCAGGTCTGATCA-1,GARQ,D5,2,40,38,1,0.1036818,CD56bright CD16dim NK
AATCCAGTCAGGTTCA-1,GARQ,D5,2,40,38,32,0.020384192,CD4 naive I
AATCCAGTCATGGTCA-1,GARQ,D5,2,40,38,1,0.0054512024,CD56dim CD16bright NK
AATCCAGTCTTGGGTA-1,GARQ,D5,2,40,38,36,0.16094267,Naive B
AATCGGTGTAAAGTCA-1,GARQ,D5,2,40,38,17,0.02475822,CD8 naive
AATCGGTTCCTATGTT-1,GARQ,D5,2,40,38,10,0.052211285,Classical monocytes
ACACCAACACACGCTG-1,GARQ,D5,2,40,38,24,0.012685657,MAIT-NKT cells
ACACCAAGTACTCAAC-1,GARQ,D5,2,40,38,29,0.004960537,CD4 naive II
ACACCAAGTCACCTAA-1,GARQ,D5,2,40,38,23,0.023169637,MAIT-NKT cells
ACACCAAGTGATAAGT-1,GARQ,D5,2,40,38,39,0.04527557,Regulatory T cells
ACACCCTCAAGGTGTG-1,GARQ,D5,2,40,38,1,0.0048211813,CD56dim CD16bright NK
ACACCCTTCAAACAAG-1,GARQ,D5,2,40,38,27,0.007905126,CD56dim CD16bright NK
ACACCCTTCATTGCGA-1,GARQ,D5,2,40,38,36,0.043065667,Naive B
ACACCCTTCGCGTAGC-1,GARQ,D5,2,40,38,25,0.051888466,CD8 naive
ACACCGGAGGAGTACC-1,GARQ,D5,2,40,38,26,0.052831173,Non classical monocytes
ACACCGGCAATCGGTT-1,GARQ,D5,2,40,38,24,0.0024824142,CD4 memory
ACACCGGGTACATCCA-1,GARQ,D5,2,40,38,36,0.08327711,Naive B
ACACCGGGTGCGAAAC-1,GARQ,D5,2,40,38,0,0.002392292,CD56dim CD16bright NK
ACACCGGTCACGCGGT-1,GARQ,D5,2,40,38,10,0.15039611,Platelet-bound monocytes
ACACTGACACTGTGTA-1,GARQ,D5,2,40,38,10,0.028495073,Classical monocytes
ACACTGAGTGTGCGTC-1,GARQ,D5,2,40,38,36,0.022300363,Naive B
ACACTGATCCCAAGAT-1,GARQ,D5,2,40,38,26,0.16604388,Non classical monocytes
ACAGCCGAGCACCGTC-1,GARQ,D5,2,40,38,10,0.0655241,Platelet-bound monocytes
ACAGCCGCACGGCCAT-1,GARQ,D5,2,40,38,36,0.23228979,Naive B
ACAGCCGCACGTCTCT-1,GARQ,D5,2,40,38,39,0.022735357,CD4 memory
ACAGCCGCAGGATCGA-1,GARQ,D5,2,40,38,36,0.0019336939,Memory B
ACAGCCGCAGGGTACA-1,GARQ,D5,2,40,38,39,0.024140596,CD4 memory
ACAGCCGCAGTATAAG-1,GARQ,D5,2,40,38,39,0.0841105,CD4 memory
ACAGCCGGTTAAAGAC-1,GARQ,D5,2,40,38,36,0.07738149,Memory B
ACAGCTAAGGACAGCT-1,GARQ,D5,2,40,38,5,0.08284831,CD56dim CD16bright NK
ACAGCTACAATGTTGC-1,GARQ,D5,2,40,38,11,0.0025861263,CD56dim CD16bright NK
ACAGCTAGTCAAGCGA-1,GARQ,D5,2,40,38,2,0.014293671,CD56dim CD16bright NK
ACAGCTAGTCCAGTTA-1,GARQ,D5,2,40,38,11,0.118217945,CD56dim CD16bright NK
ACAGCTATCAAACCAC-1,GARQ,D5,2,40,38,1,0.012819767,CD8 effector
ACATACGAGCGTGAAC-1,GARQ,D5,2,40,38,31,0.19721496,Non classical monocytes
ACATACGAGGTGCACA-1,GARQ,D5,2,40,38,29,0.029715061,CD4 memory
ACATACGCAAGCTGGA-1,GARQ,D5,2,40,38,30,0.055208325,CD56dim CD16bright NK
ACATACGCATTGGCGC-1,GARQ,D5,2,40,38,4,0.012271762,CD4 and CD8 activated memory
ACATACGGTACATGTC-1,GARQ,D5,2,40,38,29,0.012718797,CD4 memory
ACATCAGCACAACGTT-1,GARQ,D5,2,40,38,5,0.04918945,CD56dim CD16bright NK
ACATCAGTCGCCGTGA-1,GARQ,D5,2,40,38,13,0.0031968355,NK-monocyte doublets
ACATGGTAGCTCCCAG-1,GARQ,D5,2,40,38,10,0.025600076,Platelet-bound monocytes
ACATGGTAGCTGTCTA-1,GARQ,D5,2,40,38,4,0.012168288,MAIT-NKT cells
ACATGGTAGTGTTAGA-1,GARQ,D5,2,40,38,0,0.029022217,CD56bright CD16dim NK
ACATGGTCAAGTTGTC-1,GARQ,D5,2,40,38,13,0.006365299,Non classical monocytes
ACATGGTGTACATCCA-1,GARQ,D5,2,40,38,0,0.015640616,CD8 effector
ACATGGTGTTAAGACA-1,GARQ,D5,2,40,38,1,0.07167888,CD56dim CD16bright NK
ACATGGTTCACGATGT-1,GARQ,D5,2,40,38,17,0.3070941,CD8 naive
ACCAGTAAGGGATCTG-1,GARQ,D5,2,40,38,22,0.02914691,CD8 effector
ACCAGTATCACTTATC-1,GARQ,D5,2,40,38,6,0.10073668,plasmacytoid DC
ACCAGTATCAGTGCAT-1,GARQ,D5,2,40,38,21,0.103586674,Naive B
ACCAGTATCGCCTGTT-1,GARQ,D5,2,40,38,18,0.032033324,Non classical monocytes
ACCGTAACACACGCTG-1,GARQ,D5,2,40,38,4,0.047130466,MAIT-NKT cells
ACCGTAACACTCAGGC-1,GARQ,D5,2,40,38,29,0.19702673,CD4 memory
ACCGTAAGTTACGCGC-1,GARQ,D5,2,40,38,1,0.12847018,CD56dim CD16bright NK
ACCGTAATCAGGTAAA-1,GARQ,D5,2,40,38,5,0.061432242,CD56dim CD16bright NK
ACCGTAATCGCTGATA-1,GARQ,D5,2,40,38,26,0.047253847,NK-monocyte doublets
ACCTTTAAGAAGCCCA-1,GARQ,D5,2,40,38,29,0.23535872,CD4 naive I
ACCTTTAAGAGTGAGA-1,GARQ,D5,2,40,38,17,0.055300117,CD4 memory
ACCTTTAGTGTTGGGA-1,GARQ,D5,2,40,38,27,0.004402399,CD56dim CD16bright NK
ACCTTTAGTTCGTGAT-1,GARQ,D5,2,40,38,34,0.054208517,CD4 memory
ACGAGCCGTATTAGCC-1,GARQ,D5,2,40,38,10,0.009043813,Classical monocytes
ACGAGCCGTCTGCAAT-1,GARQ,D5,2,40,38,10,0.08171117,Neutrophils
ACGAGGACATGCAATC-1,GARQ,D5,2,40,38,2,0.03479767,CD56dim CD16bright NK
ACGAGGAGTCGGATCC-1,GARQ,D5,2,40,38,39,0.08354163,CD4 naive I
ACGAGGATCTGAGTGT-1,GARQ,D5,2,40,38,25,0.031908512,CD4 naive II
ACGATACAGAAGGTTT-1,GARQ,D5,2,40,38,1,0.01002121,CD56dim CD16bright NK
ACGATACGTCACACGC-1,GARQ,D5,2,40,38,21,0.14763856,Naive B
ACGATACGTGCATCTA-1,GARQ,D5,2,40,38,5,0.007457018,CD56dim CD16bright NK
ACGATACGTGTATGGG-1,GARQ,D5,2,40,38,34,0.03280276,Erythroid 
ACGATACTCGTGACAT-1,GARQ,D5,2,40,38,32,0.083666325,CD8 naive
ACGATGTAGAGTGAGA-1,GARQ,D5,2,40,38,32,0.16779774,CD8 naive
ACGATGTGTGTGAATA-1,GARQ,D5,2,40,38,30,0.014857411,CD56dim CD16bright NK
ACGATGTTCACCTTAT-1,GARQ,D5,2,40,38,34,0.026125431,MAIT-NKT cells
ACGATGTTCCACTGGG-1,GARQ,D5,2,40,38,17,0.030029297,CD4 naive I
ACGCAGCAGCGATATA-1,GARQ,D5,2,40,38,21,0.13735175,Naive B
ACGCAGCGTATAATGG-1,GARQ,D5,2,40,38,10,0.12740946,Platelet-bound monocytes
ACGCAGCGTCGAGTTT-1,GARQ,D5,2,40,38,10,0.017297268,Neutrophils
ACGCAGCGTTAAGGGC-1,GARQ,D5,2,40,38,29,0.013116598,CD4 naive I
ACGCAGCGTTTCGCTC-1,GARQ,D5,2,40,38,25,0.0038378239,CD4 naive I
ACGCCAGAGAGCTTCT-1,GARQ,D5,2,40,38,5,0.008489847,CD56bright CD16dim NK
ACGCCAGAGATGCGAC-1,GARQ,D5,2,40,38,10,0.095715284,Classical monocytes
ACGCCAGAGTGGTCCC-1,GARQ,D5,2,40,38,17,0.03789854,CD8 memory
ACGCCAGGTCCCTACT-1,GARQ,D5,2,40,38,1,0.07114029,CD56dim CD16bright NK
ACGCCAGTCCCAACGG-1,GARQ,D5,2,40,38,33,0.12599266,NK-T doublets
ACGCCAGTCCCATTAT-1,GARQ,D5,2,40,38,10,0.09682906,Classical monocytes
ACGCCAGTCCTTCAAT-1,GARQ,D5,2,40,38,0,0.059731007,CD56dim CD16bright NK
ACGCCGAAGACACGAC-1,GARQ,D5,2,40,38,1,0.008189082,CD8 effector
ACGCCGAAGAGTAAGG-1,GARQ,D5,2,40,38,27,0.019430399,CD56dim CD16bright NK
ACGCCGAAGGCAGTCA-1,GARQ,D5,2,40,38,0,0.0069190264,CD8 effector
ACGCCGAAGTGACTCT-1,GARQ,D5,2,40,38,5,0.0951134,CD56dim CD16bright NK
ACGCCGAGTACTTAGC-1,GARQ,D5,2,40,38,36,0.12487489,Naive B
ACGCCGAGTCAACTGT-1,GARQ,D5,2,40,38,25,0.045909643,CD8 naive
ACGCCGAGTCGGGTCT-1,GARQ,D5,2,40,38,10,0.019616485,Neutrophils
ACGCCGAGTTACGTCA-1,GARQ,D5,2,40,38,29,0.0034036636,CD4 naive I
ACGGAGACACCAGCAC-1,GARQ,D5,2,40,38,16,0.02417481,CD4 memory
ACGGAGAGTGTCAATC-1,GARQ,D5,2,40,38,33,0.04412806,CD56bright CD16dim NK
ACGGAGAGTTGGTTTG-1,GARQ,D5,2,40,38,5,0.026227713,CD56dim CD16bright NK
ACGGAGATCTTAGCCC-1,GARQ,D5,2,40,38,13,0.0053248405,Classical monocytes
ACGGCCACAACAACCT-1,GARQ,D5,2,40,38,2,0.017708063,CD56dim CD16bright NK
ACGGCCAGTTTGTGTG-1,GARQ,D5,2,40,38,29,0.20511961,CD4 naive II
ACGGGCTAGATCACGG-1,GARQ,D5,2,40,38,17,0.17825007,CD4 naive I
ACGGGCTAGTACTTGC-1,GARQ,D5,2,40,38,36,0.14393759,T-NK-B cell doublets
ACGGGCTTCACAGGCC-1,GARQ,D5,2,40,38,36,0.052015424,Naive B
ACGGGCTTCTTTACAC-1,GARQ,D5,2,40,38,29,0.03688383,Regulatory T cells
ACGGGTCAGCAGGCTA-1,GARQ,D5,2,40,38,25,0.045507073,CD4 naive I
ACGGGTCCACATCCAA-1,GARQ,D5,2,40,38,35,0.054902077,T-NK-B cell doublets
ACGGGTCCATGTTGAC-1,GARQ,D5,2,40,38,21,0.09151775,Naive B
ACGGGTCGTTTAGGAA-1,GARQ,D5,2,40,38,5,0.07259297,CD56dim CD16bright NK
ACGTCAAAGCAACGGT-1,GARQ,D5,2,40,38,0,0.044913054,CD56dim CD16bright NK
ACGTCAAGTTAAAGAC-1,GARQ,D5,2,40,38,36,0.13204205,Memory B
ACGTCAATCCTGCCAT-1,GARQ,D5,2,40,38,10,0.020459414,Classical monocytes
ACTATCTAGAGTTGGC-1,GARQ,D5,2,40,38,1,0.017931938,CD56dim CD16bright NK
ACTATCTGTCATCCCT-1,GARQ,D5,2,40,38,13,0.021634102,Classical monocytes
ACTATCTGTCCCTTGT-1,GARQ,D5,2,40,38,36,0.108227015,Plasma cells
ACTATCTTCCCTAACC-1,GARQ,D5,2,40,38,10,0.09388876,Classical monocytes
ACTGAACTCCTAGAAC-1,GARQ,D5,2,40,38,39,0.16381025,CD4 memory
ACTGAGTTCGCTTGTC-1,GARQ,D5,2,40,38,24,0.049003482,MAIT-NKT cells
ACTGAGTTCTTTACAC-1,GARQ,D5,2,40,38,5,0.029078126,CD56dim CD16bright NK
ACTGATGAGCCAGGAT-1,GARQ,D5,2,40,38,3,0.026853204,MAIT-NKT cells
ACTGATGGTCTTGTCC-1,GARQ,D5,2,40,38,27,0.0026971102,CD56dim CD16bright NK
ACTGATGTCACATGCA-1,GARQ,D5,2,40,38,39,0.047314405,CD4 naive I
ACTGATGTCCCAACGG-1,GARQ,D5,2,40,38,36,0.10257113,Naive B
ACTGATGTCTACCTGC-1,GARQ,D5,2,40,38,24,0.061272264,MAIT-NKT cells
ACTGATGTCTTAGCCC-1,GARQ,D5,2,40,38,10,0.062089443,Classical monocytes
ACTGCTCAGAATAGGG-1,GARQ,D5,2,40,38,10,0.08760786,Classical monocytes
ACTGCTCAGCAGATCG-1,GARQ,D5,2,40,38,1,0.027718544,CD56dim CD16bright NK
ACTGCTCAGCCAGAAC-1,GARQ,D5,2,40,38,1,0.14143372,CD56dim CD16bright NK
ACTGCTCGTTTGGGCC-1,GARQ,D5,2,40,38,39,0.07568002,Plasma cells
ACTGCTCTCACTTATC-1,GARQ,D5,2,40,38,3,0.042999983,CD8 memory
ACTGTCCAGCGTGTCC-1,GARQ,D5,2,40,38,35,0.07881892,Platelet-bound monocytes
ACTGTCCCAATGGAAT-1,GARQ,D5,2,40,38,28,0.0092417,CD4 naive I
ACTGTCCCAGCGTTCG-1,GARQ,D5,2,40,38,25,0.0025559664,CD4 naive I
ACTGTCCGTCTGGAGA-1,GARQ,D5,2,40,38,23,0.11359644,CD8 memory
ACTGTCCGTGACTACT-1,GARQ,D5,2,40,38,34,0.09861994,CD4 memory
ACTTACTCAGATTGCT-1,GARQ,D5,2,40,38,23,0.077077985,MAIT-NKT cells
ACTTACTCAGCTGTTA-1,GARQ,D5,2,40,38,4,0.08743715,MAIT-NKT cells
ACTTACTGTCCAAGTT-1,GARQ,D5,2,40,38,25,0.038581133,CD8 naive
ACTTACTGTTCGGGCT-1,GARQ,D5,2,40,38,2,0.06141436,CD8 effector
ACTTACTTCGTCACGG-1,GARQ,D5,2,40,38,11,0.101000786,CD56dim CD16bright NK
ACTTGTTCAAGTTCTG-1,GARQ,D5,2,40,38,39,0.049206376,CD4 memory
ACTTGTTGTAGCTTGT-1,GARQ,D5,2,40,38,17,0.048416972,CD4 memory
ACTTGTTGTCCAGTAT-1,GARQ,D5,2,40,38,27,0.008990884,CD56dim CD16bright NK
ACTTTCAAGTAGATGT-1,GARQ,D5,2,40,38,17,0.20458233,CD8 naive
ACTTTCAGTCTGCGGT-1,GARQ,D5,2,40,38,26,0.002425313,Non classical monocytes
ACTTTCATCACTATTC-1,GARQ,D5,2,40,38,5,0.013152957,CD56dim CD16bright NK
ACTTTCATCCCTCTTT-1,GARQ,D5,2,40,38,34,0.033590913,Platelet-T cell doublets
ACTTTCATCGTCTGCT-1,GARQ,D5,2,40,38,18,0.018633842,Classical monocytes
AGAATAGGTCTCCCTA-1,GARQ,D5,2,40,38,5,0.04574871,CD56bright CD16dim NK
AGAATAGGTGTCAATC-1,GARQ,D5,2,40,38,11,0.028359413,CD56dim CD16bright NK
AGACGTTAGCCACCTG-1,GARQ,D5,2,40,38,0,0.037555933,CD8 effector
AGACGTTAGTATTGGA-1,GARQ,D5,2,40,38,36,0.016721606,Naive B
AGACGTTCAATACGCT-1,GARQ,D5,2,40,38,39,0.030166507,CD4 naive I
AGACGTTCATCAGTCA-1,GARQ,D5,2,40,38,36,0.06248927,Naive B
AGAGCGAGTATATCCG-1,GARQ,D5,2,40,38,34,0.015171647,CD4 memory
AGAGCTTAGGGTTTCT-1,GARQ,D5,2,40,38,24,0.04174137,MAIT-NKT cells
AGAGCTTAGTAGCCGA-1,GARQ,D5,2,40,38,29,0.13187218,CD4 memory
AGAGCTTGTCGCGAAA-1,GARQ,D5,2,40,38,29,0.066223264,CD4 memory
AGAGCTTTCGGTTCGG-1,GARQ,D5,2,40,38,18,0.0961709,Non classical monocytes
AGAGTGGGTTGGTAAA-1,GARQ,D5,2,40,38,17,0.03992331,CD4 memory
AGAGTGGTCAACGGCC-1,GARQ,D5,2,40,38,29,0.063592315,CD4 memory
AGAGTGGTCAGCATGT-1,GARQ,D5,2,40,38,29,0.014633775,CD4 memory
AGAGTGGTCGGCATCG-1,GARQ,D5,2,40,38,10,0.01841271,Neutrophils
AGAGTGGTCTCTGCTG-1,GARQ,D5,2,40,38,10,0.032958865,Platelet-bound monocytes
AGAGTGGTCTTCTGGC-1,GARQ,D5,2,40,38,0,0.0074697733,CD8 effector
AGATCTGAGATAGGAG-1,GARQ,D5,2,40,38,5,0.08316219,Proliferating T and NK cell
AGATCTGAGATCGGGT-1,GARQ,D5,2,40,38,10,0.03210783,Neutrophils
AGATCTGAGCTGCAAG-1,GARQ,D5,2,40,38,36,0.13605165,Memory B
AGATCTGAGTACGCGA-1,GARQ,D5,2,40,38,27,0.056542754,CD56dim CD16bright NK
AGATCTGAGTCCGGTC-1,GARQ,D5,2,40,38,26,0.062161326,Non classical monocytes
AGATCTGCACGTTGGC-1,GARQ,D5,2,40,38,0,0.04671669,CD8 effector
AGATCTGGTAGTGAAT-1,GARQ,D5,2,40,38,0,0.0589,CD56dim CD16bright NK
AGATTGCAGGGATCTG-1,GARQ,D5,2,40,38,21,0.029770017,Naive B
AGATTGCCAGCTGTTA-1,GARQ,D5,2,40,38,16,0.009088993,CD4 memory
AGATTGCGTACGCTGC-1,GARQ,D5,2,40,38,5,0.07618213,CD56dim CD16bright NK
AGATTGCGTCTCACCT-1,GARQ,D5,2,40,38,10,0.09934878,Classical monocytes
AGATTGCGTTGGGACA-1,GARQ,D5,2,40,38,1,0.029657125,CD56dim CD16bright NK
AGATTGCTCGGAAATA-1,GARQ,D5,2,40,38,36,0.10791063,T-NK-B cell doublets
AGCAGCCCACCAGCAC-1,GARQ,D5,2,40,38,24,0.076152205,MAIT-NKT cells
AGCAGCCCACCGATAT-1,GARQ,D5,2,40,38,36,0.12929815,Memory B
AGCAGCCCAGTATCTG-1,GARQ,D5,2,40,38,25,0.03157103,CD4 memory
AGCAGCCGTCGAACAG-1,GARQ,D5,2,40,38,0,0.09753585,CD8 effector
AGCAGCCGTGTGAAAT-1,GARQ,D5,2,40,38,29,0.042130947,Regulatory T cells
AGCAGCCTCATATCGG-1,GARQ,D5,2,40,38,2,0.03363657,CD56dim CD16bright NK
AGCATACGTAAACACA-1,GARQ,D5,2,40,38,10,0.092157245,Classical monocytes
AGCCTAACAGTATGCT-1,GARQ,D5,2,40,38,4,0.052094936,MAIT-NKT cells
AGCCTAACATCAGTCA-1,GARQ,D5,2,40,38,10,0.010695219,Platelet-bound monocytes
AGCCTAACATGCCTTC-1,GARQ,D5,2,40,38,4,0.0508188,CD8 memory
AGCCTAACATGTCGAT-1,GARQ,D5,2,40,38,22,0.07000482,CD4 memory
AGCCTAAGTTCCACGG-1,GARQ,D5,2,40,38,36,0.018543899,T-NK-B cell doublets
AGCCTAATCACGCGGT-1,GARQ,D5,2,40,38,25,0.06606424,CD4 naive I
AGCCTAATCTGCAAGT-1,GARQ,D5,2,40,38,0,0.06553948,CD56dim CD16bright NK
AGCGGTCAGGTGATAT-1,GARQ,D5,2,40,38,10,0.05062747,Neutrophils
AGCGGTCCACTCGACG-1,GARQ,D5,2,40,38,16,0.0038599968,CD8 effector
AGCGGTCCATATGCTG-1,GARQ,D5,2,40,38,27,0.09486163,CD56dim CD16bright NK
AGCGGTCTCAACCAAC-1,GARQ,D5,2,40,38,6,0.03810501,Memory B
AGCGGTCTCTATCCCG-1,GARQ,D5,2,40,38,10,0.050342202,Non classical monocytes
AGCGTATCAATGTTGC-1,GARQ,D5,2,40,38,2,0.03959179,CD56bright CD16dim NK
AGCGTATCATCCTAGA-1,GARQ,D5,2,40,38,29,0.009955168,CD8 naive
AGCGTATCATTTCAGG-1,GARQ,D5,2,40,38,34,0.032820463,Erythroid 
AGCGTATGTCATGCAT-1,GARQ,D5,2,40,38,3,0.059221387,MAIT-NKT cells
AGCGTATGTCTGATTG-1,GARQ,D5,2,40,38,0,0.079338074,CD56dim CD16bright NK
AGCGTCGGTATATCCG-1,GARQ,D5,2,40,38,0,0.0032361746,CD56dim CD16bright NK
AGCTCCTAGACTGGGT-1,GARQ,D5,2,40,38,10,0.0759964,Classical monocytes
AGCTCCTCAGAAGCAC-1,GARQ,D5,2,40,38,29,0.067715645,CD4 naive I
AGCTCCTGTTACCGAT-1,GARQ,D5,2,40,38,18,0.032144904,Classical monocytes
AGCTCCTTCAAAGACA-1,GARQ,D5,2,40,38,29,0.026156187,CD4 memory
AGCTCCTTCAGTCCCT-1,GARQ,D5,2,40,38,26,0.01613903,Non classical monocytes
AGCTCTCCACAGGTTT-1,GARQ,D5,2,40,38,10,0.05256772,Neutrophils
AGCTCTCGTTATCCGA-1,GARQ,D5,2,40,38,29,0.11502242,CD4 naive I
AGCTCTCGTTGGACCC-1,GARQ,D5,2,40,38,5,0.18319726,CD56dim CD16bright NK
AGCTTGAAGAGTCGGT-1,GARQ,D5,2,40,38,0,0.06950885,CD8 effector
AGCTTGAGTCAGCTAT-1,GARQ,D5,2,40,38,33,0.041508198,MAIT-NKT cells
AGGCCACCACAACGTT-1,GARQ,D5,2,40,38,10,0.083942056,Classical monocytes
AGGCCACGTGTGCCTG-1,GARQ,D5,2,40,38,21,0.09257394,Naive B
AGGCCACTCATTGCGA-1,GARQ,D5,2,40,38,33,0.028163671,CD8 memory
AGGCCGTGTGTGACGA-1,GARQ,D5,2,40,38,25,0.039391994,CD4 naive I
AGGCCGTGTTCCTCCA-1,GARQ,D5,2,40,38,17,0.032779574,CD8 memory
AGGCCGTGTTGATTGC-1,GARQ,D5,2,40,38,10,0.0262084,Non classical monocytes
AGGCCGTTCCTGTAGA-1,GARQ,D5,2,40,38,5,0.0949105,CD56dim CD16bright NK
AGGGAGTCAATCCAAC-1,GARQ,D5,2,40,38,29,0.055947304,CD4 naive I
AGGGAGTCAGGACCCT-1,GARQ,D5,2,40,38,39,0.029161572,CD4 naive I
AGGGAGTGTGACGGTA-1,GARQ,D5,2,40,38,31,0.10961074,Non classical monocytes
AGGGAGTTCCTGTACC-1,GARQ,D5,2,40,38,36,0.19356763,Naive B
AGGGAGTTCTTGTCAT-1,GARQ,D5,2,40,38,10,0.09702039,Classical monocytes
AGGGATGAGAATGTGT-1,GARQ,D5,2,40,38,29,0.07129836,CD4 naive I
AGGGATGAGATGCCAG-1,GARQ,D5,2,40,38,10,0.13812685,Classical monocytes
AGGGATGAGTCAAGGC-1,GARQ,D5,2,40,38,5,0.010425329,CD56dim CD16bright NK
AGGGATGAGTCAATAG-1,GARQ,D5,2,40,38,10,0.035530567,Platelet-bound monocytes
AGGGATGCAGATAATG-1,GARQ,D5,2,40,38,39,0.039933443,CD4 memory
AGGGATGGTAAATGAC-1,GARQ,D5,2,40,38,11,0.039339304,CD56dim CD16bright NK
AGGGATGGTTGAACTC-1,GARQ,D5,2,40,38,10,0.023911238,Platelet-bound monocytes
AGGGATGTCAACGGGA-1,GARQ,D5,2,40,38,11,0.05921316,CD56dim CD16bright NK
AGGGATGTCCAAGCCG-1,GARQ,D5,2,40,38,36,0.20957088,Naive B
AGGGTGAAGATGTAAC-1,GARQ,D5,2,40,38,10,0.07313514,Classical monocytes
AGGGTGACACAACGTT-1,GARQ,D5,2,40,38,2,0.005986333,CD56dim CD16bright NK
AGGGTGAGTTAAGACA-1,GARQ,D5,2,40,38,24,0.013945699,CD8 effector
AGGTCATCAATGCCAT-1,GARQ,D5,2,40,38,36,0.089875996,Naive B
AGGTCATCACACCGCA-1,GARQ,D5,2,40,38,10,0.029564738,Classical monocytes
AGGTCATTCTTGCATT-1,GARQ,D5,2,40,38,10,0.049759388,Classical monocytes
AGGTCCGAGCAGGCTA-1,GARQ,D5,2,40,38,0,0.086016774,CD8 effector
AGGTCCGAGCTAAGAT-1,GARQ,D5,2,40,38,35,0.011995792,conventional DC
AGGTCCGCAGGACGTA-1,GARQ,D5,2,40,38,10,0.17410779,Classical monocytes
AGGTCCGGTCCAGTGC-1,GARQ,D5,2,40,38,29,0.017402172,CD4 naive I
AGGTCCGTCATGTGGT-1,GARQ,D5,2,40,38,26,0.019779205,Non classical monocytes
AGTAGTCAGTATCTCG-1,GARQ,D5,2,40,38,26,0.012278318,Non classical monocytes
AGTAGTCCACCAGATT-1,GARQ,D5,2,40,38,24,0.0801754,MAIT-NKT cells
AGTAGTCCACCAGTTA-1,GARQ,D5,2,40,38,35,0.120018065,Non classical monocytes
AGTAGTCCATATGAGA-1,GARQ,D5,2,40,38,18,0.0038917065,Neutrophils
AGTAGTCGTCAACATC-1,GARQ,D5,2,40,38,36,0.11531532,Naive B
AGTAGTCGTCAGCTAT-1,GARQ,D5,2,40,38,18,0.058042407,Non classical monocytes
AGTAGTCGTCTAAACC-1,GARQ,D5,2,40,38,34,0.015951633,MAIT-NKT cells
AGTAGTCGTTCCGTCT-1,GARQ,D5,2,40,38,18,0.053516865,Non classical monocytes
AGTAGTCTCTTAGAGC-1,GARQ,D5,2,40,38,10,0.015629888,Neutrophils
AGTCTTTAGTTTAGGA-1,GARQ,D5,2,40,38,32,0.015369296,CD4 memory
AGTCTTTCAAAGCGGT-1,GARQ,D5,2,40,38,5,0.04640603,CD56dim CD16bright NK
AGTCTTTGTGTGTGCC-1,GARQ,D5,2,40,38,10,0.094219685,NK-monocyte doublets
AGTCTTTGTTGGGACA-1,GARQ,D5,2,40,38,10,0.09819651,conventional DC
AGTCTTTTCTTGCATT-1,GARQ,D5,2,40,38,29,0.016291618,CD4 memory
AGTGAGGCAAGTTGTC-1,GARQ,D5,2,40,38,23,0.08534479,CD8 memory
AGTGAGGCACCACCAG-1,GARQ,D5,2,40,38,33,0.061380386,CD8 memory
AGTGAGGCAGGGATTG-1,GARQ,D5,2,40,38,24,0.027884841,NK-T doublets
AGTGAGGGTGAAATCA-1,GARQ,D5,2,40,38,3,0.025251865,MAIT-NKT cells
AGTGAGGGTGAGGGAG-1,GARQ,D5,2,40,38,18,0.021200538,Classical monocytes
AGTGGGAAGCCCGAAA-1,GARQ,D5,2,40,38,29,0.039825678,CD4 and CD8 activated memory
AGTGGGAGTCTCATCC-1,GARQ,D5,2,40,38,30,0.068749666,CD56dim CD16bright NK
AGTGGGATCCTGTACC-1,GARQ,D5,2,40,38,1,0.003282547,CD56dim CD16bright NK
AGTGGGATCGCCAGCA-1,GARQ,D5,2,40,38,2,0.103619695,CD8 effector
AGTGTCACAGCCTTGG-1,GARQ,D5,2,40,38,29,0.024481416,CD4 naive I
AGTTGGTAGAGACTAT-1,GARQ,D5,2,40,38,27,0.07966483,CD56dim CD16bright NK
AGTTGGTAGTACACCT-1,GARQ,D5,2,40,38,18,0.049768686,Non classical monocytes
AGTTGGTTCTGCCCTA-1,GARQ,D5,2,40,38,2,0.06691074,CD56dim CD16bright NK
ATAACGCAGAGCCCAA-1,GARQ,D5,2,40,38,10,0.034335256,Classical monocytes
ATAACGCCACAAGACG-1,GARQ,D5,2,40,38,26,0.014353991,Non classical monocytes
ATAACGCGTCATACTG-1,GARQ,D5,2,40,38,5,0.03031838,CD56dim CD16bright NK
ATAACGCTCCTGCCAT-1,GARQ,D5,2,40,38,0,0.041483402,CD56dim CD16bright NK
ATAAGAGAGACTAGAT-1,GARQ,D5,2,40,38,20,0.08855152,CD4 memory
ATAAGAGAGTGCGATG-1,GARQ,D5,2,40,38,3,0.092415094,MAIT-NKT cells
ATAAGAGCACCTGGTG-1,GARQ,D5,2,40,38,1,0.052559257,CD56dim CD16bright NK
ATAGACCAGACAGGCT-1,GARQ,D5,2,40,38,27,0.011163354,CD8 effector
ATAGACCAGCAATCTC-1,GARQ,D5,2,40,38,0,0.11482954,CD56dim CD16bright NK
ATAGACCCAACGATGG-1,GARQ,D5,2,40,38,19,0.062734604,MAIT-NKT cells
ATAGACCGTATAGGTA-1,GARQ,D5,2,40,38,27,0.025352478,CD56dim CD16bright NK
ATAGACCGTCTTCGTC-1,GARQ,D5,2,40,38,18,0.046920776,Neutrophils
ATCACGAGTACTTGAC-1,GARQ,D5,2,40,38,1,0.0045329332,CD56bright CD16dim NK
ATCACGAGTTCGGCAC-1,GARQ,D5,2,40,38,33,0.115248084,NK-T doublets
ATCACGAGTTGTTTGG-1,GARQ,D5,2,40,38,39,0.033304214,CD4 naive I
ATCATCTAGCCACGCT-1,GARQ,D5,2,40,38,25,0.0056688786,CD4 naive I
ATCATCTAGCGACGTA-1,GARQ,D5,2,40,38,30,0.1983242,CD56dim CD16bright NK
ATCATCTAGCTAGGCA-1,GARQ,D5,2,40,38,29,0.028046846,CD4 naive I
ATCATCTCAGGTGCCT-1,GARQ,D5,2,40,38,29,0.16539216,CD4 memory
ATCATCTTCGTGGGAA-1,GARQ,D5,2,40,38,10,0.075185776,Neutrophils
ATCATGGCAATGAATG-1,GARQ,D5,2,40,38,17,0.06822705,CD8 memory
ATCATGGTCGTACGGC-1,GARQ,D5,2,40,38,11,0.086004496,CD56dim CD16bright NK
ATCATGGTCTTCTGGC-1,GARQ,D5,2,40,38,29,0.03427577,CD4 memory
ATCCACCAGATGAGAG-1,GARQ,D5,2,40,38,25,0.023305893,CD4 naive I
ATCCACCGTTGTTTGG-1,GARQ,D5,2,40,38,0,0.0125947,NK-T doublets
ATCCGAAAGTACACCT-1,GARQ,D5,2,40,38,25,0.09734404,CD4 naive I
ATCCGAACAAGACACG-1,GARQ,D5,2,40,38,23,0.010816336,MAIT-NKT cells
ATCCGAACAGACGCCT-1,GARQ,D5,2,40,38,27,0.0765183,CD56dim CD16bright NK
ATCCGAAGTCAGAATA-1,GARQ,D5,2,40,38,22,0.046067715,CD8 memory
ATCGAGTAGCTAGTTC-1,GARQ,D5,2,40,38,0,0.02268064,CD56dim CD16bright NK
ATCGAGTCATACTCTT-1,GARQ,D5,2,40,38,29,0.013333082,CD4 memory
ATCGAGTTCCATGAAC-1,GARQ,D5,2,40,38,1,0.100164175,CD56dim CD16bright NK
ATCGAGTTCGAATGGG-1,GARQ,D5,2,40,38,26,0.13152766,NK-monocyte doublets
ATCGAGTTCTCTAAGG-1,GARQ,D5,2,40,38,10,0.10770559,Classical monocytes
ATCTACTAGGTGGGTT-1,GARQ,D5,2,40,38,2,0.054642916,CD56dim CD16bright NK
ATCTACTCAAGAGGCT-1,GARQ,D5,2,40,38,36,0.063249946,Memory B
ATCTACTCATACAGCT-1,GARQ,D5,2,40,38,39,0.10245931,CD4 memory
ATCTGCCAGACAATAC-1,GARQ,D5,2,40,38,10,0.0954926,Platelet-bound monocytes
ATCTGCCAGCCATCGC-1,GARQ,D5,2,40,38,0,0.0008029938,CD8 effector
ATCTGCCTCGTATCAG-1,GARQ,D5,2,40,38,18,0.038583398,Non classical monocytes
ATCTGCCTCTGCGGCA-1,GARQ,D5,2,40,38,10,0.060120225,Platelet-bound monocytes
ATGAGGGAGTTTGCGT-1,GARQ,D5,2,40,38,29,0.037014306,CD4 naive I
ATGAGGGGTCCCTACT-1,GARQ,D5,2,40,38,32,0.053485274,CD4 naive I
ATGAGGGGTCTAGCCG-1,GARQ,D5,2,40,38,32,0.00095021725,CD8 naive
ATGAGGGGTGTGACCC-1,GARQ,D5,2,40,38,10,0.04275179,Classical monocytes
ATGCGATCATTTGCCC-1,GARQ,D5,2,40,38,34,0.015801072,Platelet-T cell doublets
ATGGGAGAGAGGTAGA-1,GARQ,D5,2,40,38,36,0.14399576,Naive B
ATGGGAGAGGAATGGA-1,GARQ,D5,2,40,38,29,0.17400932,CD4 naive II
ATGGGAGCAATGGATA-1,GARQ,D5,2,40,38,27,0.08616185,CD56dim CD16bright NK
ATGGGAGGTTAAAGAC-1,GARQ,D5,2,40,38,10,0.058889985,Classical monocytes
ATGGGAGTCATCGCTC-1,GARQ,D5,2,40,38,25,0.037640095,CD4 naive I
ATGGGAGTCCTATTCA-1,GARQ,D5,2,40,38,0,0.01243794,CD8 effector
ATGTGTGGTCGAATCT-1,GARQ,D5,2,40,38,22,0.04049301,CD4 memory
ATGTGTGGTTACAGAA-1,GARQ,D5,2,40,38,10,0.059571743,Classical monocytes
ATGTGTGGTTCAACCA-1,GARQ,D5,2,40,38,39,0.14388007,Platelet-T cell doublets
ATTACTCCAAATTGCC-1,GARQ,D5,2,40,38,4,0.0913614,MAIT-NKT cells
ATTACTCGTTTGACTG-1,GARQ,D5,2,40,38,10,0.012407303,Neutrophils
ATTACTCTCATGTAGC-1,GARQ,D5,2,40,38,23,0.019298792,MAIT-NKT cells
ATTATCCAGGAGTCTG-1,GARQ,D5,2,40,38,0,0.07184219,CD8 effector
ATTATCCTCACCTTAT-1,GARQ,D5,2,40,38,30,0.004403472,CD56dim CD16bright NK
ATTATCCTCGTACCGG-1,GARQ,D5,2,40,38,2,0.004621029,CD56dim CD16bright NK
ATTCTACAGATCCCAT-1,GARQ,D5,2,40,38,26,0.02359593,Non classical monocytes
ATTCTACAGCGTGTCC-1,GARQ,D5,2,40,38,10,0.05373025,Classical monocytes
ATTCTACAGTGTGAAT-1,GARQ,D5,2,40,38,33,0.110432506,CD8 effector
ATTCTACCAGACAAAT-1,GARQ,D5,2,40,38,29,0.099030495,CD4 memory
ATTCTACGTCAATACC-1,GARQ,D5,2,40,38,5,0.0003862381,CD56dim CD16bright NK
ATTCTACGTTACGGAG-1,GARQ,D5,2,40,38,29,0.065575,CD4 naive I
ATTCTACTCGGAGGTA-1,GARQ,D5,2,40,38,33,0.19382203,CD8 effector
ATTGGACAGCACCGTC-1,GARQ,D5,2,40,38,5,0.025371313,CD56dim CD16bright NK
ATTGGACCAATCGGTT-1,GARQ,D5,2,40,38,0,0.030460477,CD56dim CD16bright NK
ATTGGACCAGTTCCCT-1,GARQ,D5,2,40,38,1,0.087836504,CD56dim CD16bright NK
ATTGGTGCATCTATGG-1,GARQ,D5,2,40,38,11,0.00077843666,CD56dim CD16bright NK
ATTGGTGGTAGCCTAT-1,GARQ,D5,2,40,38,1,0.005003929,CD8 effector
ATTGGTGGTTACGGAG-1,GARQ,D5,2,40,38,33,0.12236166,NK-T doublets
ATTTCTGAGCGAGAAA-1,GARQ,D5,2,40,38,29,0.13216686,CD4 and CD8 activated memory
ATTTCTGCAGCTTCGG-1,GARQ,D5,2,40,38,11,0.081768155,CD56dim CD16bright NK
ATTTCTGTCCACGCAG-1,GARQ,D5,2,40,38,4,0.010022283,CD8 memory
ATTTCTGTCCCGGATG-1,GARQ,D5,2,40,38,1,0.108083606,CD56dim CD16bright NK
ATTTCTGTCGCAGGCT-1,GARQ,D5,2,40,38,36,0.15305376,T-NK-B cell doublets
CAACCAACAGACGCCT-1,GARQ,D5,2,40,38,10,0.05270493,Classical monocytes
CAACCAAGTCTCGTTC-1,GARQ,D5,2,40,38,0,0.027378798,CD56dim CD16bright NK
CAACCAAGTCTCTTTA-1,GARQ,D5,2,40,38,25,0.026662707,CD8 naive
CAACCAATCTTAGCCC-1,GARQ,D5,2,40,38,5,0.011717796,CD56dim CD16bright NK
CAACCTCAGAGCTATA-1,GARQ,D5,2,40,38,1,0.028656602,CD56bright CD16dim NK
CAACCTCGTCTAGGTT-1,GARQ,D5,2,40,38,29,0.14536703,CD4 memory
CAACCTCTCTCTTATG-1,GARQ,D5,2,40,38,29,0.004419565,CD4 naive II
CAACTAGCACGGTTTA-1,GARQ,D5,2,40,38,5,0.09456015,CD56dim CD16bright NK
CAACTAGCACTGCCAG-1,GARQ,D5,2,40,38,27,0.00048327446,CD56dim CD16bright NK
CAACTAGGTAGGCTGA-1,GARQ,D5,2,40,38,25,0.005544007,CD4 and CD8 activated memory
CAAGAAAAGAGAGCTC-1,GARQ,D5,2,40,38,10,0.004801631,Classical monocytes
CAAGAAAAGATATACG-1,GARQ,D5,2,40,38,1,0.020649314,CD56dim CD16bright NK
CAAGAAAAGTGAACAT-1,GARQ,D5,2,40,38,29,0.08590317,CD4 memory
CAAGAAACAGTACACT-1,GARQ,D5,2,40,38,10,0.079149485,Neutrophils
CAAGAAAGTGGTTTCA-1,GARQ,D5,2,40,38,10,0.08314848,Neutrophils
CAAGAAATCGCGATCG-1,GARQ,D5,2,40,38,29,0.1692841,CD4 memory
CAAGATCAGACTAAGT-1,GARQ,D5,2,40,38,5,0.08004558,Platelets
CAAGATCAGTCTCCTC-1,GARQ,D5,2,40,38,17,0.11327708,CD8 naive
CAAGATCCAATAGCGG-1,GARQ,D5,2,40,38,35,0.11861062,Platelets
CAAGATCCATATACCG-1,GARQ,D5,2,40,38,17,0.02563262,CD4 naive I
CAAGATCGTAAGCACG-1,GARQ,D5,2,40,38,0,0.034427643,CD56bright CD16dim NK
CAAGATCGTTAAGACA-1,GARQ,D5,2,40,38,39,0.06764984,CD4 naive II
CAAGATCGTTCAGCGC-1,GARQ,D5,2,40,38,27,0.09180224,CD56dim CD16bright NK
CAAGGCCAGATGAGAG-1,GARQ,D5,2,40,38,10,0.093936086,Classical monocytes
CAAGGCCCACAAGTAA-1,GARQ,D5,2,40,38,0,0.022892594,CD8 effector
CAAGGCCGTACCTACA-1,GARQ,D5,2,40,38,10,0.07261658,Classical monocytes
CAAGGCCTCCGCAGTG-1,GARQ,D5,2,40,38,18,0.01843059,Non classical monocytes
CAAGGCCTCGACCAGC-1,GARQ,D5,2,40,38,29,0.039685488,CD4 naive I
CAAGGCCTCTGTCCGT-1,GARQ,D5,2,40,38,35,0.09426832,conventional DC
CAAGTTGGTAAACCTC-1,GARQ,D5,2,40,38,0,0.060350835,CD8 effector
CAAGTTGTCCCACTTG-1,GARQ,D5,2,40,38,27,0.060923815,CD56dim CD16bright NK
CAAGTTGTCTAACTTC-1,GARQ,D5,2,40,38,29,0.0024847984,CD4 naive II
CACAAACAGACAGGCT-1,GARQ,D5,2,40,38,11,0.027269363,CD56bright CD16dim NK
CACAAACCACTACAGT-1,GARQ,D5,2,40,38,17,0.0097785,CD8 naive
CACAAACGTGACGGTA-1,GARQ,D5,2,40,38,10,0.08021021,Platelet-bound monocytes
CACACAAAGAGGGATA-1,GARQ,D5,2,40,38,18,0.005553007,Non classical monocytes
CACACAAAGATCGGGT-1,GARQ,D5,2,40,38,16,0.0025041103,CD8 memory
CACACAACACAGATTC-1,GARQ,D5,2,40,38,1,0.026845455,CD56dim CD16bright NK
CACACAACATCTCCCA-1,GARQ,D5,2,40,38,33,0.12466586,NK-T doublets
CACACAAGTAAACCTC-1,GARQ,D5,2,40,38,10,0.10450065,Classical monocytes
CACACAAGTAAGGATT-1,GARQ,D5,2,40,38,5,0.027332187,CD56dim CD16bright NK
CACACAAGTCCGTTAA-1,GARQ,D5,2,40,38,29,0.046298742,CD8 naive
CACACAATCATCGCTC-1,GARQ,D5,2,40,38,33,0.09109807,NK-T doublets
CACACAATCCCGGATG-1,GARQ,D5,2,40,38,24,0.07551336,MAIT-NKT cells
CACACCTAGTTGTAGA-1,GARQ,D5,2,40,38,29,0.031636238,CD4 naive I
CACACCTCAAGTAGTA-1,GARQ,D5,2,40,38,34,0.050420523,MAIT-NKT cells
CACACCTGTGCGATAG-1,GARQ,D5,2,40,38,10,0.09604049,Classical monocytes
CACACCTGTGTGTGCC-1,GARQ,D5,2,40,38,5,0.065235734,CD56dim CD16bright NK
CACACCTGTGTTGGGA-1,GARQ,D5,2,40,38,33,0.05286789,MAIT-NKT cells
CACACTCAGGTCATCT-1,GARQ,D5,2,40,38,10,0.07678473,T-NK-B cell doublets
CACACTCGTGTTTGGT-1,GARQ,D5,2,40,38,25,0.002270937,CD8 naive
CACAGGCCAGCTTCGG-1,GARQ,D5,2,40,38,27,0.0032651424,CD56dim CD16bright NK
CACAGGCCATTTGCCC-1,GARQ,D5,2,40,38,29,0.03485167,CD4 and CD8 activated memory
CACAGGCTCACAACGT-1,GARQ,D5,2,40,38,37,0.0027582645,Non classical monocytes
CACAGGCTCACCATAG-1,GARQ,D5,2,40,38,18,0.043166637,Non classical monocytes
CACAGTAAGCCGATTT-1,GARQ,D5,2,40,38,21,0.024926543,Naive B
CACAGTACACAGACAG-1,GARQ,D5,2,40,38,39,0.046912193,CD4 naive I
CACAGTAGTGCGAAAC-1,GARQ,D5,2,40,38,5,0.041221738,CD56dim CD16bright NK
CACAGTAGTTGTGGCC-1,GARQ,D5,2,40,38,17,0.010151267,CD8 naive
CACAGTATCATAAAGG-1,GARQ,D5,2,40,38,29,0.01664257,CD4 and CD8 activated memory
CACATAGGTCTAGAGG-1,GARQ,D5,2,40,38,39,0.009871483,CD4 naive I
CACATAGTCAAAGTAG-1,GARQ,D5,2,40,38,11,0.036533833,CD56dim CD16bright NK
CACATAGTCCGAATGT-1,GARQ,D5,2,40,38,5,0.13149238,CD56dim CD16bright NK
CACATAGTCTTACCTA-1,GARQ,D5,2,40,38,5,0.040958762,CD56dim CD16bright NK
CACATTTAGCACCGCT-1,GARQ,D5,2,40,38,0,0.09949398,CD56bright CD16dim NK
CACATTTGTGTTCTTT-1,GARQ,D5,2,40,38,39,0.067394495,CD4 memory
CACATTTTCCTGCAGG-1,GARQ,D5,2,40,38,33,0.0640254,NK-T doublets
CACATTTTCGATAGAA-1,GARQ,D5,2,40,38,10,0.04839039,Neutrophils
CACCACTGTCATCGGC-1,GARQ,D5,2,40,38,29,0.017545879,CD4 memory
CACCAGGAGGATATAC-1,GARQ,D5,2,40,38,5,0.024870634,CD56dim CD16bright NK
CACCAGGCATGTCCTC-1,GARQ,D5,2,40,38,10,0.04983008,Neutrophils
CACCAGGTCACGACTA-1,GARQ,D5,2,40,38,5,0.06469011,CD56dim CD16bright NK
CACCTTGGTGTTTGTG-1,GARQ,D5,2,40,38,1,0.0009046793,CD56dim CD16bright NK
CACCTTGGTTATTCTC-1,GARQ,D5,2,40,38,27,0.03325939,CD56dim CD16bright NK
CACTCCAGTAGCGATG-1,GARQ,D5,2,40,38,38,0.037192583,CD8 effector
CACTCCAGTGACAAAT-1,GARQ,D5,2,40,38,29,0.036116958,CD8 naive
CACTCCAGTGGTACAG-1,GARQ,D5,2,40,38,18,0.09648728,Non classical monocytes
CAGAATCCAATAGCAA-1,GARQ,D5,2,40,38,10,0.07248235,Classical monocytes
CAGAATCGTTGTGGCC-1,GARQ,D5,2,40,38,22,0.013133764,CD8 memory
CAGAATCTCAAGATCC-1,GARQ,D5,2,40,38,4,0.021879196,CD8 effector
CAGAATCTCAGCAACT-1,GARQ,D5,2,40,38,13,0.012529254,Classical monocytes
CAGAATCTCCTCTAGC-1,GARQ,D5,2,40,38,29,0.1422112,CD4 memory
CAGAATCTCGCAGGCT-1,GARQ,D5,2,40,38,17,0.06186843,CD8 memory
CAGAGAGTCAACCATG-1,GARQ,D5,2,40,38,10,0.08219957,Classical monocytes
CAGAGAGTCACAGTAC-1,GARQ,D5,2,40,38,1,0.020634413,CD56dim CD16bright NK
CAGAGAGTCTATCCTA-1,GARQ,D5,2,40,38,18,0.040138245,Non classical monocytes
CAGATCACATGCAACT-1,GARQ,D5,2,40,38,13,0.013115644,NK-monocyte doublets
CAGATCACATGCATGT-1,GARQ,D5,2,40,38,5,0.009355783,CD56dim CD16bright NK
CAGATCAGTTAAAGAC-1,GARQ,D5,2,40,38,29,0.02378273,CD4 memory
CAGATCATCACCTTAT-1,GARQ,D5,2,40,38,29,0.060841322,CD4 naive I
CAGATCATCTAGAGTC-1,GARQ,D5,2,40,38,26,0.04548347,Non classical monocytes
CAGCAGCCAATTGCTG-1,GARQ,D5,2,40,38,33,0.13114572,NK-T doublets
CAGCAGCGTATTAGCC-1,GARQ,D5,2,40,38,29,0.019352913,CD4 memory
CAGCAGCGTCACACGC-1,GARQ,D5,2,40,38,4,0.04084921,CD8 memory
CAGCAGCGTCGCCATG-1,GARQ,D5,2,40,38,36,0.030298471,Naive B
CAGCAGCTCACTTATC-1,GARQ,D5,2,40,38,1,0.06345397,CD8 effector
CAGCATAAGACAGAGA-1,GARQ,D5,2,40,38,33,0.015638113,CD8 effector
CAGCATACAATAGAGT-1,GARQ,D5,2,40,38,10,0.05684209,Classical monocytes
CAGCATAGTTACCAGT-1,GARQ,D5,2,40,38,11,0.024959445,CD56dim CD16bright NK
CAGCATATCATTATCC-1,GARQ,D5,2,40,38,5,0.052520752,CD56dim CD16bright NK
CAGCATATCTCTAGGA-1,GARQ,D5,2,40,38,27,0.013440847,CD56bright CD16dim NK
CAGCATATCTCTTGAT-1,GARQ,D5,2,40,38,24,0.039566517,MAIT-NKT cells
CAGCCGAAGAATGTTG-1,GARQ,D5,2,40,38,29,0.092556715,CD4 memory
CAGCCGAAGCAGACTG-1,GARQ,D5,2,40,38,29,0.10703373,CD4 naive I
CAGCCGACAGTAACGG-1,GARQ,D5,2,40,38,1,0.10044098,CD56dim CD16bright NK
CAGCCGACATTAACCG-1,GARQ,D5,2,40,38,17,0.002689898,CD8 memory
CAGCGACAGCGTGTCC-1,GARQ,D5,2,40,38,10,0.073408365,Classical monocytes
CAGCGACAGTATCGAA-1,GARQ,D5,2,40,38,4,0.002074957,MAIT-NKT cells
CAGCGACAGTGGTAGC-1,GARQ,D5,2,40,38,5,0.07060921,CD56dim CD16bright NK
CAGCGACAGTGTCCAT-1,GARQ,D5,2,40,38,1,0.060199022,CD56dim CD16bright NK
CAGCGACCAAAGGAAG-1,GARQ,D5,2,40,38,36,0.04422474,Memory B
CAGCGACCATTGGGCC-1,GARQ,D5,2,40,38,33,0.31318784,NK-T doublets
CAGCGACGTTCGGGCT-1,GARQ,D5,2,40,38,39,0.04741609,CD4 naive II
CAGCGACTCAGGCAAG-1,GARQ,D5,2,40,38,1,0.08619666,CD56dim CD16bright NK
CAGCTAAAGTACGTAA-1,GARQ,D5,2,40,38,27,0.018330812,CD8 effector
CAGCTAACACCAGATT-1,GARQ,D5,2,40,38,10,0.07189143,Classical monocytes
CAGCTAATCAAGAAGT-1,GARQ,D5,2,40,38,29,0.089662075,CD4 naive II
CAGCTGGAGCCTTGAT-1,GARQ,D5,2,40,38,3,0.04567218,MAIT-NKT cells
CAGCTGGGTGATGTCT-1,GARQ,D5,2,40,38,10,0.056368828,Classical monocytes
CAGCTGGGTTACGTCA-1,GARQ,D5,2,40,38,29,0.018401504,CD4 memory
CAGCTGGTCAACTCTT-1,GARQ,D5,2,40,38,0,0.077183485,CD56dim CD16bright NK
CAGCTGGTCGAGCCCA-1,GARQ,D5,2,40,38,26,0.0013569593,Non classical monocytes
CAGCTGGTCGCCCTTA-1,GARQ,D5,2,40,38,10,0.037678123,Classical monocytes
CAGGTGCCAGGCTCAC-1,GARQ,D5,2,40,38,29,0.053723574,CD4 naive I
CAGGTGCGTATTACCG-1,GARQ,D5,2,40,38,10,0.09234953,Neutrophils
CAGGTGCGTGACGCCT-1,GARQ,D5,2,40,38,24,0.007973671,MAIT-NKT cells
CAGGTGCTCTCTGCTG-1,GARQ,D5,2,40,38,25,0.09714031,CD4 naive II
CAGTAACCAAGTAATG-1,GARQ,D5,2,40,38,26,0.035682917,Non classical monocytes
CAGTAACCAGACAAGC-1,GARQ,D5,2,40,38,18,0.008367181,Classical monocytes
CAGTAACCAGTAAGAT-1,GARQ,D5,2,40,38,10,0.055737138,NK-monocyte doublets
CAGTAACCATGGATGG-1,GARQ,D5,2,40,38,10,0.017026186,Classical monocytes
CAGTAACTCCAATGGT-1,GARQ,D5,2,40,38,29,0.04023242,CD4 naive I
CAGTCCTAGCGATAGC-1,GARQ,D5,2,40,38,0,0.042598605,CD8 effector
CAGTCCTAGGATGTAT-1,GARQ,D5,2,40,38,36,0.09741819,Naive B
CAGTCCTAGTCCAGGA-1,GARQ,D5,2,40,38,5,0.0076560974,CD56bright CD16dim NK
CAGTCCTCAGATGGCA-1,GARQ,D5,2,40,38,38,0.015026927,NK-T doublets
CATATGGAGTTCGCAT-1,GARQ,D5,2,40,38,26,0.035108566,Non classical monocytes
CATATGGCAGCTTAAC-1,GARQ,D5,2,40,38,29,0.07702541,CD4 naive I
CATATGGCAGTATCTG-1,GARQ,D5,2,40,38,36,0.10074842,T-NK-B cell doublets
CATATGGTCACAAACC-1,GARQ,D5,2,40,38,3,0.030052423,MAIT-NKT cells
CATATGGTCCTTTACA-1,GARQ,D5,2,40,38,14,0.018084764,NK-T doublets
CATATTCAGGGATCTG-1,GARQ,D5,2,40,38,5,0.022001028,CD56dim CD16bright NK
CATATTCCAATTGCTG-1,GARQ,D5,2,40,38,29,0.022229552,CD8 memory
CATATTCCACGCATCG-1,GARQ,D5,2,40,38,29,0.032639027,CD4 naive I
CATATTCCAGCTGTAT-1,GARQ,D5,2,40,38,2,0.009751797,CD56dim CD16bright NK
CATATTCGTAGAGTGC-1,GARQ,D5,2,40,38,21,0.12893516,Memory B
CATCAAGCACATTCGA-1,GARQ,D5,2,40,38,5,0.07250619,CD56bright CD16dim NK
CATCAAGCATGGGACA-1,GARQ,D5,2,40,38,29,0.039884806,CD4 naive I
CATCAAGGTGTAACGG-1,GARQ,D5,2,40,38,29,0.019340277,CD4 memory
CATCAAGTCTTCGAGA-1,GARQ,D5,2,40,38,29,0.054666758,CD4 naive I
CATCAGACAATGAATG-1,GARQ,D5,2,40,38,10,0.061962366,Classical monocytes
CATCAGAGTCCAGTGC-1,GARQ,D5,2,40,38,10,0.03909576,Classical monocytes
CATCAGATCAGGTTCA-1,GARQ,D5,2,40,38,18,0.06764078,Non classical monocytes
CATCCACCATATGAGA-1,GARQ,D5,2,40,38,5,0.005951524,CD56dim CD16bright NK
CATCGAAAGAATTCCC-1,GARQ,D5,2,40,38,17,0.0020766258,CD8 naive
CATCGAAAGACAATAC-1,GARQ,D5,2,40,38,26,0.07392907,CD8 effector
CATCGAACAGCCTTGG-1,GARQ,D5,2,40,38,29,0.013120294,Regulatory T cells
CATCGAACAGCGTAAG-1,GARQ,D5,2,40,38,16,0.12413049,CD4 memory
CATCGAAGTGTGACCC-1,GARQ,D5,2,40,38,31,0.11319816,Non classical monocytes
CATCGAATCGCGTAGC-1,GARQ,D5,2,40,38,10,0.056022763,Platelet-bound monocytes
CATCGGGAGGATGGTC-1,GARQ,D5,2,40,38,37,0.0053554773,Non classical monocytes
CATCGGGGTACAGCAG-1,GARQ,D5,2,40,38,32,0.0016585588,CD4 naive I
CATCGGGGTATTCTCT-1,GARQ,D5,2,40,38,2,0.013104796,Proliferating T and NK cell
CATCGGGGTCATGCCG-1,GARQ,D5,2,40,38,10,0.07669544,Platelet-bound monocytes
CATGACAAGTACGTTC-1,GARQ,D5,2,40,38,16,0.049655676,CD4 memory
CATGACAAGTGCCAGA-1,GARQ,D5,2,40,38,1,0.023557186,CD8 effector
CATGACAGTATAGTAG-1,GARQ,D5,2,40,38,17,0.12804413,CD8 naive
CATGACAGTCTGCGGT-1,GARQ,D5,2,40,38,36,0.099734366,T-NK-B cell doublets
CATGACAGTGGTGTAG-1,GARQ,D5,2,40,38,0,0.022028565,CD56bright CD16dim NK
CATGACATCAACTCTT-1,GARQ,D5,2,40,38,2,0.088338375,CD56dim CD16bright NK
CATGACATCTCGATGA-1,GARQ,D5,2,40,38,29,0.0044831038,CD4 naive I
CATGCCTCAAGGTTTC-1,GARQ,D5,2,40,38,0,0.05046463,CD8 effector
CATGCCTCACTAAGTC-1,GARQ,D5,2,40,38,5,0.10103893,CD56dim CD16bright NK
CATGCCTCATGTCCTC-1,GARQ,D5,2,40,38,5,0.003133297,CD56dim CD16bright NK
CATGCCTTCAACGAAA-1,GARQ,D5,2,40,38,6,0.015418887,plasmacytoid DC
CATGCCTTCAGGTAAA-1,GARQ,D5,2,40,38,16,0.11492717,CD4 memory
CATGGCGAGATGGCGT-1,GARQ,D5,2,40,38,10,0.023571372,Neutrophils
CATTATCAGCAGGTCA-1,GARQ,D5,2,40,38,29,0.029235482,CD8 naive
CATTATCTCTACCTGC-1,GARQ,D5,2,40,38,36,0.00034797192,Naive B
CATTCGCAGAAACGAG-1,GARQ,D5,2,40,38,1,0.060061812,CD56dim CD16bright NK
CATTCGCAGCTACCTA-1,GARQ,D5,2,40,38,0,0.013188958,CD56dim CD16bright NK
CATTCGCAGGACGAAA-1,GARQ,D5,2,40,38,10,0.018434525,Non classical monocytes
CATTCGCCAGTAAGAT-1,GARQ,D5,2,40,38,33,0.01854539,CD8 effector
CATTCGCTCACTCTTA-1,GARQ,D5,2,40,38,10,0.17870927,Classical monocytes
CATTCGCTCGTATCAG-1,GARQ,D5,2,40,38,1,0.09012437,CD56dim CD16bright NK
CCAATCCAGTGGTAGC-1,GARQ,D5,2,40,38,29,0.060297966,CD4 naive I
CCAATCCCACCGATAT-1,GARQ,D5,2,40,38,11,0.065044284,CD56dim CD16bright NK
CCAATCCCAGGGTATG-1,GARQ,D5,2,40,38,10,0.04111731,Classical monocytes
CCAATCCGTGCAGTAG-1,GARQ,D5,2,40,38,0,0.01769948,CD56bright CD16dim NK
CCAATCCTCCACGTTC-1,GARQ,D5,2,40,38,36,0.12152445,Naive B
CCAATCCTCCCGACTT-1,GARQ,D5,2,40,38,24,0.003143847,CD4 memory
CCACCTAAGGCGATAC-1,GARQ,D5,2,40,38,16,0.0807091,CD4 memory
CCACCTACAGGGAGAG-1,GARQ,D5,2,40,38,36,0.18791461,Naive B
CCACCTAGTACCAGTT-1,GARQ,D5,2,40,38,29,0.06460357,CD4 memory
CCACGGAAGAATGTTG-1,GARQ,D5,2,40,38,1,0.07709885,CD56dim CD16bright NK
CCACGGACAGGGTTAG-1,GARQ,D5,2,40,38,10,0.04026711,Classical monocytes
CCACGGAGTTTGTGTG-1,GARQ,D5,2,40,38,31,0.1864422,Non classical monocytes
CCACGGATCACTTATC-1,GARQ,D5,2,40,38,10,0.06816125,Platelet-bound monocytes
CCACTACAGGCGTACA-1,GARQ,D5,2,40,38,11,0.051229954,CD56dim CD16bright NK
CCACTACGTCCAAGTT-1,GARQ,D5,2,40,38,36,0.092357635,Naive B
CCAGCGAAGAGGTACC-1,GARQ,D5,2,40,38,29,0.043255806,CD8 naive
CCAGCGAAGCTAGTTC-1,GARQ,D5,2,40,38,10,0.031111717,Platelet-bound monocytes
CCAGCGAAGTGGCACA-1,GARQ,D5,2,40,38,17,0.101792574,CD4 naive I
CCAGCGACAATGTAAG-1,GARQ,D5,2,40,38,0,0.06243086,MAIT-NKT cells
CCAGCGAGTATTAGCC-1,GARQ,D5,2,40,38,29,0.04166603,CD4 memory
CCAGCGAGTGTATGGG-1,GARQ,D5,2,40,38,0,0.017116547,CD56dim CD16bright NK
CCATGTCCAATCACAC-1,GARQ,D5,2,40,38,31,0.09209561,Non classical monocytes
CCATGTCCATGTCTCC-1,GARQ,D5,2,40,38,33,0.053595662,gdT cells
CCATGTCGTACAGTTC-1,GARQ,D5,2,40,38,18,0.016688466,Classical monocytes
CCATGTCGTTAAGAAC-1,GARQ,D5,2,40,38,25,0.026123762,CD8 naive
CCATGTCTCCTGTAGA-1,GARQ,D5,2,40,38,29,0.14360046,CD4 memory
CCATGTCTCGGTCTAA-1,GARQ,D5,2,40,38,1,0.059966207,CD56dim CD16bright NK
CCATTCGCAATGTAAG-1,GARQ,D5,2,40,38,0,0.054249167,CD56dim CD16bright NK
CCATTCGCACCCAGTG-1,GARQ,D5,2,40,38,23,0.009046555,MAIT-NKT cells
CCATTCGCATTGGGCC-1,GARQ,D5,2,40,38,39,0.09641051,CD4 naive I
CCATTCGTCAATCACG-1,GARQ,D5,2,40,38,17,0.16811311,CD8 naive
CCATTCGTCAGATAAG-1,GARQ,D5,2,40,38,1,0.18381035,CD56dim CD16bright NK
CCCAATCCACGTAAGG-1,GARQ,D5,2,40,38,18,0.020648003,Classical monocytes
CCCAGTTCACCCATGG-1,GARQ,D5,2,40,38,6,0.17239821,plasmacytoid DC
CCCAGTTTCAAAGACA-1,GARQ,D5,2,40,38,4,0.06533611,MAIT-NKT cells
CCCTCCTAGGAGTACC-1,GARQ,D5,2,40,38,29,0.09012008,CD4 memory
CCCTCCTCAATCACAC-1,GARQ,D5,2,40,38,29,0.007246971,CD4 naive II
CCCTCCTCACTCTGTC-1,GARQ,D5,2,40,38,5,0.026229262,CD56dim CD16bright NK
CCCTCCTGTGAAGGCT-1,GARQ,D5,2,40,38,10,0.031484127,Neutrophils
CCCTCCTTCAAACAAG-1,GARQ,D5,2,40,38,11,0.1383239,CD56dim CD16bright NK
CCCTCCTTCAAGAAGT-1,GARQ,D5,2,40,38,10,0.023765087,Classical monocytes
CCCTCCTTCTCCGGTT-1,GARQ,D5,2,40,38,35,0.12257075,Non classical monocytes
CCGGGATAGCCAGTAG-1,GARQ,D5,2,40,38,39,0.05260086,CD8 naive
CCGGGATAGCTCAACT-1,GARQ,D5,2,40,38,33,0.13629675,MAIT-NKT cells
CCGGGATGTTCGAATC-1,GARQ,D5,2,40,38,1,0.015346289,CD56dim CD16bright NK
CCGGGATTCTAACTTC-1,GARQ,D5,2,40,38,24,0.0008916855,CD8 memory
CCGGGATTCTCACATT-1,GARQ,D5,2,40,38,18,0.0030868053,Platelet-bound monocytes
CCGGTAGAGATATGCA-1,GARQ,D5,2,40,38,33,0.1179986,NK-T doublets
CCGGTAGCACCTTGTC-1,GARQ,D5,2,40,38,1,0.010777593,CD56dim CD16bright NK
CCGGTAGGTCACAAGG-1,GARQ,D5,2,40,38,22,0.0025039911,CD8 effector
CCGGTAGTCAACACTG-1,GARQ,D5,2,40,38,10,0.015996695,Classical monocytes
CCGGTAGTCATACGGT-1,GARQ,D5,2,40,38,17,0.07509565,CD8 naive
CCGGTAGTCATTTGGG-1,GARQ,D5,2,40,38,25,0.022063494,CD4 naive I
CCGTACTCAAGAGTCG-1,GARQ,D5,2,40,38,0,0.046759844,CD56dim CD16bright NK
CCGTACTCAATGAATG-1,GARQ,D5,2,40,38,25,0.035054684,CD4 and CD8 activated memory
CCGTACTCAGAGCCAA-1,GARQ,D5,2,40,38,18,0.021618366,Non classical monocytes
CCGTACTTCAAACCGT-1,GARQ,D5,2,40,38,10,0.06965613,Neutrophils
CCGTGGAAGCGTAATA-1,GARQ,D5,2,40,38,17,0.015890837,CD4 naive I
CCGTGGACAAGGTTCT-1,GARQ,D5,2,40,38,34,0.08106685,CD8 memory
CCGTGGACACATTAGC-1,GARQ,D5,2,40,38,11,0.08642554,CD56dim CD16bright NK
CCGTGGACAGCCTATA-1,GARQ,D5,2,40,38,32,0.0024377108,CD8 naive
CCGTGGAGTATCTGCA-1,GARQ,D5,2,40,38,10,0.023879647,Classical monocytes
CCGTGGATCGAACGGA-1,GARQ,D5,2,40,38,11,0.00817728,CD56dim CD16bright NK
CCGTTCAAGCCGTCGT-1,GARQ,D5,2,40,38,22,0.027832866,CD4 memory
CCGTTCAGTACAGACG-1,GARQ,D5,2,40,38,10,0.0868721,Classical monocytes
CCGTTCAGTACAGTGG-1,GARQ,D5,2,40,38,29,0.049438477,CD4 naive II
CCGTTCAGTCAGTGGA-1,GARQ,D5,2,40,38,34,0.04787028,CD4 memory
CCGTTCAGTGAACCTT-1,GARQ,D5,2,40,38,33,0.04835272,MAIT-NKT cells
CCGTTCAGTTAAAGAC-1,GARQ,D5,2,40,38,16,0.052688718,CD4 memory
CCTAAAGAGGGTATCG-1,GARQ,D5,2,40,38,17,0.0028835535,CD8 naive
CCTAAAGGTCAGAAGC-1,GARQ,D5,2,40,38,10,0.014711738,Classical monocytes
CCTAAAGGTCTAGCCG-1,GARQ,D5,2,40,38,21,0.11169481,Memory B
CCTAAAGGTGAGGGAG-1,GARQ,D5,2,40,38,10,0.018442392,Classical monocytes
CCTAAAGTCCCTCAGT-1,GARQ,D5,2,40,38,24,0.04103923,MAIT-NKT cells
CCTACACAGCTAACAA-1,GARQ,D5,2,40,38,36,0.21338147,T-NK-B cell doublets
CCTACACAGTCACGCC-1,GARQ,D5,2,40,38,35,0.04864776,conventional DC
CCTACACCACTGTTAG-1,GARQ,D5,2,40,38,4,0.12162852,MAIT-NKT cells
CCTACACGTCGTCTTC-1,GARQ,D5,2,40,38,10,0.027076721,Neutrophils
CCTACCAAGGAGTTTA-1,GARQ,D5,2,40,38,12,0.030545592,CD56bright CD16dim NK
CCTACCACAAGCGTAG-1,GARQ,D5,2,40,38,0,0.024371624,CD56dim CD16bright NK
CCTACCATCTGGGCCA-1,GARQ,D5,2,40,38,5,0.0026443005,CD56dim CD16bright NK
CCTAGCTCACTACAGT-1,GARQ,D5,2,40,38,1,0.08421409,CD56dim CD16bright NK
CCTAGCTTCAGTTTGG-1,GARQ,D5,2,40,38,10,0.074056625,Classical monocytes
CCTAGCTTCTTGAGGT-1,GARQ,D5,2,40,38,10,0.10783672,Platelet-bound monocytes
CCTATTAGTGTTCGAT-1,GARQ,D5,2,40,38,29,0.10516453,CD8 naive
CCTCAGTCAGTTCCCT-1,GARQ,D5,2,40,38,17,0.065583706,CD8 memory
CCTCAGTCATGAGCGA-1,GARQ,D5,2,40,38,4,0.015945554,CD8 effector
CCTCAGTTCGTAGGTT-1,GARQ,D5,2,40,38,0,0.10431075,CD8 effector
CCTCTGAAGCTCTCGG-1,GARQ,D5,2,40,38,5,0.009530544,CD56dim CD16bright NK
CCTCTGAAGGCCGAAT-1,GARQ,D5,2,40,38,5,0.044106483,CD56dim CD16bright NK
CCTCTGAAGGGTGTGT-1,GARQ,D5,2,40,38,29,0.017355442,CD8 naive
CCTCTGAGTCTGATTG-1,GARQ,D5,2,40,38,0,0.039379478,CD56dim CD16bright NK
CCTCTGAGTTATCGGT-1,GARQ,D5,2,40,38,29,0.019500136,CD4 memory
CCTCTGATCCTGCTTG-1,GARQ,D5,2,40,38,18,0.061032653,Non classical monocytes
CCTTACGAGATGTGGC-1,GARQ,D5,2,40,38,3,0.05346179,MAIT-NKT cells
CCTTACGAGCGTAATA-1,GARQ,D5,2,40,38,12,0.0075856447,CD8 effector
CCTTACGCAGACGCAA-1,GARQ,D5,2,40,38,10,0.06622815,Classical monocytes
CCTTACGGTACGACCC-1,GARQ,D5,2,40,38,1,0.009673357,CD56dim CD16bright NK
CCTTACGGTCGACTGC-1,GARQ,D5,2,40,38,1,0.010871053,CD8 effector
CCTTACGTCCGATATG-1,GARQ,D5,2,40,38,5,0.0645982,CD56dim CD16bright NK
CCTTCCCAGCCTATGT-1,GARQ,D5,2,40,38,10,0.07653463,Classical monocytes
CCTTCCCAGGCCCGTT-1,GARQ,D5,2,40,38,33,0.074159145,CD8 effector
CCTTCCCCACAACTGT-1,GARQ,D5,2,40,38,27,0.008426964,CD56dim CD16bright NK
CCTTCCCCACCATCCT-1,GARQ,D5,2,40,38,31,0.16431665,Non classical monocytes
CCTTCGACAAGTAATG-1,GARQ,D5,2,40,38,10,0.067720294,Classical monocytes
CCTTCGATCATGCATG-1,GARQ,D5,2,40,38,4,0.09068465,MAIT-NKT cells
CCTTCGATCCACGTGG-1,GARQ,D5,2,40,38,21,0.16858047,Memory B
CCTTTCTAGTTCGCAT-1,GARQ,D5,2,40,38,29,0.09584689,CD4 memory
CCTTTCTCATACAGCT-1,GARQ,D5,2,40,38,0,0.06895065,CD56dim CD16bright NK
CCTTTCTTCACCACCT-1,GARQ,D5,2,40,38,27,0.056432605,CD56dim CD16bright NK
CGAACATAGGACACCA-1,GARQ,D5,2,40,38,17,0.09919965,CD8 memory
CGAATGTCACAGTCGC-1,GARQ,D5,2,40,38,36,0.13627148,Naive B
CGAATGTGTAGATTAG-1,GARQ,D5,2,40,38,29,0.04957342,CD4 naive II
CGACCTTAGAATTGTG-1,GARQ,D5,2,40,38,10,0.0051968694,Regulatory T cells
CGACCTTAGCACAGGT-1,GARQ,D5,2,40,38,36,0.119709015,Memory B
CGACCTTAGCAGCCTC-1,GARQ,D5,2,40,38,5,0.06989169,CD56dim CD16bright NK
CGACCTTAGGCCCTTG-1,GARQ,D5,2,40,38,24,0.0014672279,MAIT-NKT cells
CGACCTTCAAGACGTG-1,GARQ,D5,2,40,38,17,0.20054328,CD8 naive
CGACCTTCAATCAGAA-1,GARQ,D5,2,40,38,38,0.021398902,CD8 memory
CGACCTTGTTCGGCAC-1,GARQ,D5,2,40,38,5,0.017109632,CD56dim CD16bright NK
CGACCTTTCCGGCACA-1,GARQ,D5,2,40,38,1,0.08024579,CD56dim CD16bright NK
CGACTTCAGGAATTAC-1,GARQ,D5,2,40,38,0,0.0782907,CD56dim CD16bright NK
CGACTTCCAATGGTCT-1,GARQ,D5,2,40,38,25,0.053597093,CD8 naive
CGACTTCCACATGTGT-1,GARQ,D5,2,40,38,17,0.14495778,CD8 naive
CGAGAAGCAGTAAGAT-1,GARQ,D5,2,40,38,4,0.019084811,NK-T doublets
CGAGAAGCAGTATCTG-1,GARQ,D5,2,40,38,0,0.05568576,CD8 effector
CGAGAAGGTTAAGGGC-1,GARQ,D5,2,40,38,4,0.13285625,MAIT-NKT cells
CGAGAAGTCGTCTGCT-1,GARQ,D5,2,40,38,0,0.0095620155,Proliferating T and NK cell
CGAGCCAAGAGGTTGC-1,GARQ,D5,2,40,38,0,0.012164354,CD8 effector
CGAGCCACACCTGGTG-1,GARQ,D5,2,40,38,1,0.1614083,CD56dim CD16bright NK
CGAGCCAGTGGCCCTA-1,GARQ,D5,2,40,38,29,0.12972856,CD4 and CD8 activated memory
CGAGCCATCACGGTTA-1,GARQ,D5,2,40,38,25,0.055325985,CD4 naive I
CGAGCCATCCTGCTTG-1,GARQ,D5,2,40,38,26,0.02608025,Non classical monocytes
CGAGCCATCTATGTGG-1,GARQ,D5,2,40,38,39,0.016785026,CD4 naive I
CGAGCCATCTTTAGTC-1,GARQ,D5,2,40,38,5,0.025355935,CD56dim CD16bright NK
CGATCGGAGTACGACG-1,GARQ,D5,2,40,38,10,0.00966239,Classical monocytes
CGATCGGCATATACGC-1,GARQ,D5,2,40,38,16,0.04386604,Regulatory T cells
CGATCGGTCACAGTAC-1,GARQ,D5,2,40,38,27,0.010643959,CD56dim CD16bright NK
CGATGGCCAGATAATG-1,GARQ,D5,2,40,38,0,0.06337404,CD56dim CD16bright NK
CGATGTACATCCCACT-1,GARQ,D5,2,40,38,29,0.09556067,CD4 naive I
CGATGTAGTCCGTCAG-1,GARQ,D5,2,40,38,10,0.07916069,Classical monocytes
CGATGTATCACTATTC-1,GARQ,D5,2,40,38,0,0.056418777,CD56bright CD16dim NK
CGATGTATCCGGGTGT-1,GARQ,D5,2,40,38,36,0.03418863,T-NK-B cell doublets
CGATTGACACCTATCC-1,GARQ,D5,2,40,38,5,0.064130306,CD56dim CD16bright NK
CGATTGACAGCTTCGG-1,GARQ,D5,2,40,38,11,0.038443446,CD56bright CD16dim NK
CGATTGAGTCCGAGTC-1,GARQ,D5,2,40,38,1,0.031044602,CD56dim CD16bright NK
CGATTGATCCCGGATG-1,GARQ,D5,2,40,38,10,0.05213487,Neutrophils
CGCCAAGAGGCTATCT-1,GARQ,D5,2,40,38,18,0.0046474934,Non classical monocytes
CGCCAAGGTTATGCGT-1,GARQ,D5,2,40,38,33,0.034974456,NK-T doublets
CGCGGTAAGCGAAGGG-1,GARQ,D5,2,40,38,18,0.042595863,Non classical monocytes
CGCGGTACAAGGTTCT-1,GARQ,D5,2,40,38,39,0.004712224,CD4 naive I
CGCGGTACAGCTCCGA-1,GARQ,D5,2,40,38,34,0.067617774,CD4 memory
CGCGTTTCAAGGCTCC-1,GARQ,D5,2,40,38,36,0.061174512,Plasma cells
CGCTATCCAAAGGAAG-1,GARQ,D5,2,40,38,0,0.088383675,CD56dim CD16bright NK
CGCTATCCAGGTGCCT-1,GARQ,D5,2,40,38,16,0.020135403,CD4 memory
CGCTATCCAGTACACT-1,GARQ,D5,2,40,38,30,0.004011035,CD56dim CD16bright NK
CGCTATCTCGTTTGCC-1,GARQ,D5,2,40,38,21,0.17082143,Naive B
CGCTGGAGTGACGCCT-1,GARQ,D5,2,40,38,0,0.05015886,CD56dim CD16bright NK
CGCTGGATCCCGGATG-1,GARQ,D5,2,40,38,18,0.049622297,Non classical monocytes
CGCTTCACACAGCCCA-1,GARQ,D5,2,40,38,36,0.037451446,T-NK-B cell doublets
CGCTTCAGTCATATCG-1,GARQ,D5,2,40,38,10,0.09189224,Classical monocytes
CGGACACAGATGAGAG-1,GARQ,D5,2,40,38,12,0.02982688,CD8 effector
CGGACACAGTCTCGGC-1,GARQ,D5,2,40,38,39,0.061125755,CD4 memory
CGGACACCAAGGTTTC-1,GARQ,D5,2,40,38,10,0.15083742,Classical monocytes
CGGACACGTCCAAGTT-1,GARQ,D5,2,40,38,29,0.112873316,CD8 memory
CGGACACTCTATGTGG-1,GARQ,D5,2,40,38,27,0.054869413,CD56dim CD16bright NK
CGGACTGAGAGGTTAT-1,GARQ,D5,2,40,38,39,0.04624176,Regulatory T cells
CGGACTGAGCCGGTAA-1,GARQ,D5,2,40,38,33,0.070114255,NK-T doublets
CGGACTGAGGAGTTGC-1,GARQ,D5,2,40,38,18,0.0005874634,conventional DC
CGGACTGCAATCTGCA-1,GARQ,D5,2,40,38,34,0.06354892,CD8 memory
CGGACTGGTTCAGGCC-1,GARQ,D5,2,40,38,10,0.15729618,Classical monocytes
CGGAGCTAGACAGGCT-1,GARQ,D5,2,40,38,10,0.05859244,Neutrophils
CGGAGCTAGGTAAACT-1,GARQ,D5,2,40,38,29,0.07647431,CD4 memory
CGGAGCTAGTCCGTAT-1,GARQ,D5,2,40,38,17,0.060776114,CD4 memory
CGGAGCTCAACGATCT-1,GARQ,D5,2,40,38,32,0.021137595,CD4 naive I
CGGAGCTCAGCTTCGG-1,GARQ,D5,2,40,38,10,0.077270746,Classical monocytes
CGGAGTCCATTCCTCG-1,GARQ,D5,2,40,38,36,0.044186115,T-NK-B cell doublets
CGGAGTCTCTATCGCC-1,GARQ,D5,2,40,38,36,0.03325677,Naive B
CGGCTAGAGGAGTTGC-1,GARQ,D5,2,40,38,18,0.027786732,Non classical monocytes
CGGCTAGCAGCGAACA-1,GARQ,D5,2,40,38,12,0.0049808025,CD8 effector
CGGCTAGCAGGTGGAT-1,GARQ,D5,2,40,38,3,0.007620096,MAIT-NKT cells
CGGCTAGGTAGCGTGA-1,GARQ,D5,2,40,38,33,0.04668951,MAIT-NKT cells
CGGCTAGGTTGGTTTG-1,GARQ,D5,2,40,38,5,0.05643201,CD56dim CD16bright NK
CGGCTAGTCACTATTC-1,GARQ,D5,2,40,38,26,0.025812387,Non classical monocytes
CGGCTAGTCAGTCAGT-1,GARQ,D5,2,40,38,29,0.084133506,CD8 naive
CGGGTCATCCCGACTT-1,GARQ,D5,2,40,38,0,0.074696064,CD56dim CD16bright NK
CGGTTAAAGTAGGTGC-1,GARQ,D5,2,40,38,36,0.083525896,Naive B
CGGTTAAGTCAAAGAT-1,GARQ,D5,2,40,38,17,0.024827838,MAIT-NKT cells
CGTAGCGCAGGTCGTC-1,GARQ,D5,2,40,38,21,0.023951054,Naive B
CGTAGCGGTCCGTGAC-1,GARQ,D5,2,40,38,10,0.02631414,Classical monocytes
CGTAGCGGTTAAGACA-1,GARQ,D5,2,40,38,10,0.12783909,Platelet-bound monocytes
CGTAGGCAGAACTGTA-1,GARQ,D5,2,40,38,10,0.08451319,Classical monocytes
CGTCACTGTGTTCGAT-1,GARQ,D5,2,40,38,27,0.027549267,CD56dim CD16bright NK
CGTCACTGTTGGTGGA-1,GARQ,D5,2,40,38,29,0.015858889,CD4 memory
CGTCACTTCGATGAGG-1,GARQ,D5,2,40,38,1,0.08175874,CD56dim CD16bright NK
CGTCAGGAGATGGGTC-1,GARQ,D5,2,40,38,27,0.0026993752,CD56dim CD16bright NK
CGTCAGGGTACCGGCT-1,GARQ,D5,2,40,38,33,0.046992898,CD8 effector
CGTCAGGGTGGCGAAT-1,GARQ,D5,2,40,38,36,0.1524837,Naive B
CGTCAGGGTTAAGATG-1,GARQ,D5,2,40,38,0,0.07963526,CD56bright CD16dim NK
CGTCAGGTCCCTAATT-1,GARQ,D5,2,40,38,5,0.054347277,CD56dim CD16bright NK
CGTCCATAGGCAGGTT-1,GARQ,D5,2,40,38,0,0.0022603273,CD56dim CD16bright NK
CGTCCATAGTAGGCCA-1,GARQ,D5,2,40,38,27,0.07477307,CD56dim CD16bright NK
CGTCCATAGTTAGCGG-1,GARQ,D5,2,40,38,13,0.0097744465,NK-monocyte doublets
CGTCCATCACACTGCG-1,GARQ,D5,2,40,38,26,0.0059127808,Non classical monocytes
CGTCCATCAGGAACGT-1,GARQ,D5,2,40,38,0,0.06642783,CD56bright CD16dim NK
CGTCCATGTAGCGATG-1,GARQ,D5,2,40,38,4,0.114554524,CD8 memory
CGTCCATGTCTGCAAT-1,GARQ,D5,2,40,38,26,0.042248964,NK-monocyte doublets
CGTCCATTCACCCTCA-1,GARQ,D5,2,40,38,16,0.0028533936,CD4 memory
CGTGAGCAGGAGCGAG-1,GARQ,D5,2,40,38,27,0.036779404,CD56dim CD16bright NK
CGTGAGCAGTGTACGG-1,GARQ,D5,2,40,38,36,0.14847803,Naive B
CGTGAGCCAGATTGCT-1,GARQ,D5,2,40,38,39,0.03241825,CD4 naive I
CGTGAGCGTCTTGTCC-1,GARQ,D5,2,40,38,0,0.08748436,Proliferating T and NK cell
CGTGAGCGTTCAGGCC-1,GARQ,D5,2,40,38,26,0.019467711,Non classical monocytes
CGTGAGCGTTTGGCGC-1,GARQ,D5,2,40,38,33,0.08132017,MAIT-NKT cells
CGTGTAACACATAACC-1,GARQ,D5,2,40,38,0,0.0053583384,CD56bright CD16dim NK
CGTGTAATCGGTGTCG-1,GARQ,D5,2,40,38,35,0.025725782,Non classical monocytes
CGTGTCTGTAATAGCA-1,GARQ,D5,2,40,38,18,0.037293196,Non classical monocytes
CGTTAGAAGAGCCTAG-1,GARQ,D5,2,40,38,39,0.017182887,CD4 naive I
CGTTAGACAAAGGTGC-1,GARQ,D5,2,40,38,17,0.010451674,CD4 naive I
CGTTAGACACAGATTC-1,GARQ,D5,2,40,38,17,0.0926137,CD8 naive
CGTTAGAGTCTCTCTG-1,GARQ,D5,2,40,38,10,0.07974374,Classical monocytes
CGTTAGATCACAGTAC-1,GARQ,D5,2,40,38,1,0.008309364,CD56dim CD16bright NK
CGTTAGATCGTCTGAA-1,GARQ,D5,2,40,38,11,0.099683285,CD56dim CD16bright NK
CGTTCTGAGAGCCCAA-1,GARQ,D5,2,40,38,5,0.08679879,CD56dim CD16bright NK
CGTTCTGAGCTAACTC-1,GARQ,D5,2,40,38,4,0.06676984,MAIT-NKT cells
CGTTCTGGTATCGCAT-1,GARQ,D5,2,40,38,27,0.0548321,CD56dim CD16bright NK
CGTTCTGTCAACACGT-1,GARQ,D5,2,40,38,10,0.02448845,Classical monocytes
CGTTCTGTCAATACCG-1,GARQ,D5,2,40,38,25,0.005177498,CD4 naive I
CGTTGGGAGACTTTCG-1,GARQ,D5,2,40,38,26,0.124180555,NK-monocyte doublets
CGTTGGGAGTACGATA-1,GARQ,D5,2,40,38,39,0.027514517,CD4 naive II
CGTTGGGCACCCATTC-1,GARQ,D5,2,40,38,5,0.017125726,CD56dim CD16bright NK
CGTTGGGTCACTATTC-1,GARQ,D5,2,40,38,10,0.049822807,Neutrophils
CGTTGGGTCCGTTGTC-1,GARQ,D5,2,40,38,29,0.13714075,CD4 memory
CTAACTTAGCGGCTTC-1,GARQ,D5,2,40,38,33,0.067717016,CD8 effector
CTAACTTCAGTTCATG-1,GARQ,D5,2,40,38,34,0.07671642,CD4 memory
CTAACTTCATGGTAGG-1,GARQ,D5,2,40,38,11,0.11366451,CD56dim CD16bright NK
CTAACTTTCAGTGCAT-1,GARQ,D5,2,40,38,4,0.046011925,CD8 memory
CTAAGACCACGAGGTA-1,GARQ,D5,2,40,38,0,0.073634624,CD8 effector
CTAAGACGTATAGGTA-1,GARQ,D5,2,40,38,36,0.09852314,Naive B
CTAATGGAGGCATTGG-1,GARQ,D5,2,40,38,27,0.048251748,CD56dim CD16bright NK
CTAATGGCAATCGGTT-1,GARQ,D5,2,40,38,5,0.07324898,CD56dim CD16bright NK
CTAATGGCAGGAATCG-1,GARQ,D5,2,40,38,29,0.0028876066,CD4 naive I
CTAATGGCATGCATGT-1,GARQ,D5,2,40,38,0,0.069324136,CD8 memory
CTAATGGGTGGTCTCG-1,GARQ,D5,2,40,38,11,0.010016322,CD56dim CD16bright NK
CTAATGGTCTAAGCCA-1,GARQ,D5,2,40,38,17,0.07682574,CD4 memory
CTACACCAGTTTAGGA-1,GARQ,D5,2,40,38,10,0.0982784,Classical monocytes
CTACACCCACGACTCG-1,GARQ,D5,2,40,38,3,0.09706628,MAIT-NKT cells
CTACACCTCGCTGATA-1,GARQ,D5,2,40,38,10,0.049822807,Neutrophils
CTACATTAGCTGAACG-1,GARQ,D5,2,40,38,36,0.274966,Naive B
CTACATTAGTCTTGCA-1,GARQ,D5,2,40,38,0,0.0052455664,CD56dim CD16bright NK
CTACATTAGTGAAGAG-1,GARQ,D5,2,40,38,20,0.077813625,CD4 naive I
CTACATTCAATTGCTG-1,GARQ,D5,2,40,38,21,0.00533092,Naive B
CTACATTGTCAAACTC-1,GARQ,D5,2,40,38,33,0.08984709,NK-T doublets
CTACCCAAGATCCTGT-1,GARQ,D5,2,40,38,29,0.026308537,CD4 naive I
CTACCCAAGTGGCACA-1,GARQ,D5,2,40,38,34,0.043949366,CD4 and CD8 activated memory
CTACCCACACAGACAG-1,GARQ,D5,2,40,38,2,0.14826608,CD56dim CD16bright NK
CTACCCAGTCGAGATG-1,GARQ,D5,2,40,38,26,0.038865566,NK-monocyte doublets
CTACGTCCACCACCAG-1,GARQ,D5,2,40,38,21,0.08694005,Naive B
CTACGTCCAGACGCTC-1,GARQ,D5,2,40,38,25,0.022683859,CD8 naive
CTACGTCCATGCTGGC-1,GARQ,D5,2,40,38,39,0.04293704,CD4 naive I
CTACGTCGTAAAGTCA-1,GARQ,D5,2,40,38,30,0.040996313,CD56dim CD16bright NK
CTACGTCTCCGCTGTT-1,GARQ,D5,2,40,38,1,0.03366196,CD56dim CD16bright NK
CTACGTCTCTTTAGTC-1,GARQ,D5,2,40,38,5,0.036533117,CD56dim CD16bright NK
CTAGAGTAGCAGGCTA-1,GARQ,D5,2,40,38,26,0.0042778254,NK-monocyte doublets
CTAGAGTCAGCGTTCG-1,GARQ,D5,2,40,38,26,0.13624728,NK-monocyte doublets
CTAGAGTCAGCTGCAC-1,GARQ,D5,2,40,38,1,0.079550505,CD8 effector
CTAGAGTCATACAGCT-1,GARQ,D5,2,40,38,29,0.045134783,CD4 memory
CTAGAGTTCCGTTGTC-1,GARQ,D5,2,40,38,1,0.00058734417,CD56dim CD16bright NK
CTAGAGTTCCTATTCA-1,GARQ,D5,2,40,38,29,0.023787498,CD4 naive II
CTAGAGTTCGTTTATC-1,GARQ,D5,2,40,38,11,0.18009627,CD56dim CD16bright NK
CTAGAGTTCTTATCTG-1,GARQ,D5,2,40,38,26,0.17585468,NK-monocyte doublets
CTAGCCTAGAAGGCCT-1,GARQ,D5,2,40,38,0,0.018981934,Proliferating T and NK cell
CTAGCCTAGGAGCGTT-1,GARQ,D5,2,40,38,10,0.051314116,Neutrophils
CTAGCCTCAGCCAGAA-1,GARQ,D5,2,40,38,26,0.096071005,NK-monocyte doublets
CTAGCCTGTACAAGTA-1,GARQ,D5,2,40,38,29,0.037463903,CD4 naive I
CTAGCCTGTTAAGACA-1,GARQ,D5,2,40,38,29,0.05071211,CD8 naive
CTAGCCTTCGCGTTTC-1,GARQ,D5,2,40,38,20,0.07096195,Platelet-T cell doublets
CTAGTGACATCGACGC-1,GARQ,D5,2,40,38,10,0.07387328,Classical monocytes
CTAGTGATCGTAGGTT-1,GARQ,D5,2,40,38,17,0.01635766,CD4 naive I
CTCACACTCCGCTGTT-1,GARQ,D5,2,40,38,0,0.046577215,CD56dim CD16bright NK
CTCAGAAAGCGTGAAC-1,GARQ,D5,2,40,38,29,0.02532792,CD4 and CD8 activated memory
CTCAGAAAGTAGTGCG-1,GARQ,D5,2,40,38,29,0.025034547,CD8 memory
CTCAGAACATTTGCTT-1,GARQ,D5,2,40,38,29,0.038175583,CD4 naive II
CTCATTAAGTCAAGGC-1,GARQ,D5,2,40,38,11,0.028131366,CD56dim CD16bright NK
CTCATTAGTACAGCAG-1,GARQ,D5,2,40,38,27,0.06968212,CD56dim CD16bright NK
CTCATTATCCAGTATG-1,GARQ,D5,2,40,38,18,0.015735388,Non classical monocytes
CTCATTATCCTAGAAC-1,GARQ,D5,2,40,38,0,0.028562665,CD8 effector
CTCATTATCTCGATGA-1,GARQ,D5,2,40,38,22,0.022765875,Regulatory T cells
CTCATTATCTCTTATG-1,GARQ,D5,2,40,38,29,0.04514742,CD4 memory
CTCCTAGAGAAACCTA-1,GARQ,D5,2,40,38,10,0.061835766,Classical monocytes
CTCCTAGAGACTAGGC-1,GARQ,D5,2,40,38,0,0.035788536,CD56dim CD16bright NK
CTCCTAGAGACTCGGA-1,GARQ,D5,2,40,38,36,0.06210971,Naive B
CTCCTAGGTAAGAGGA-1,GARQ,D5,2,40,38,10,0.006937027,Classical monocytes
CTCCTAGGTCCAGTAT-1,GARQ,D5,2,40,38,27,0.032378197,CD56dim CD16bright NK
CTCCTAGTCCACGAAT-1,GARQ,D5,2,40,38,23,0.023213625,CD8 effector
CTCGAAACAGCGAACA-1,GARQ,D5,2,40,38,39,0.15648723,CD4 naive I
CTCGAAACATGGTTGT-1,GARQ,D5,2,40,38,29,0.004748702,CD4 naive I
CTCGAAAGTGACGGTA-1,GARQ,D5,2,40,38,12,0.068633676,CD8 effector
CTCGAGGAGATCCCGC-1,GARQ,D5,2,40,38,17,0.045917988,CD8 memory
CTCGAGGCACGCGAAA-1,GARQ,D5,2,40,38,27,0.017386556,CD56dim CD16bright NK
CTCGAGGCACTTCGAA-1,GARQ,D5,2,40,38,10,0.054059505,Classical monocytes
CTCGAGGCATCCTAGA-1,GARQ,D5,2,40,38,4,0.036174178,CD8 memory
CTCGAGGGTGCCTTGG-1,GARQ,D5,2,40,38,1,0.10021186,CD56dim CD16bright NK
CTCGAGGTCATGTAGC-1,GARQ,D5,2,40,38,39,0.05579126,CD4 memory
CTCGGAGAGCCGATTT-1,GARQ,D5,2,40,38,29,0.023571014,CD4 memory
CTCGGAGAGGTAGCTG-1,GARQ,D5,2,40,38,10,0.102329016,Platelet-bound monocytes
CTCGGAGAGTTAGCGG-1,GARQ,D5,2,40,38,25,0.06191516,CD4 naive I
CTCGGAGCATCACGAT-1,GARQ,D5,2,40,38,5,0.025967598,CD56bright CD16dim NK
CTCGGAGGTTAAGAAC-1,GARQ,D5,2,40,38,0,0.06669688,CD56dim CD16bright NK
CTCGGGAAGGAATGGA-1,GARQ,D5,2,40,38,21,0.15322185,Naive B
CTCGGGACAGGGTACA-1,GARQ,D5,2,40,38,1,0.058624864,CD56dim CD16bright NK
CTCGGGACATCCTAGA-1,GARQ,D5,2,40,38,1,0.100110054,CD56dim CD16bright NK
CTCGGGAGTAGAAAGG-1,GARQ,D5,2,40,38,4,0.03724873,MAIT-NKT cells
CTCGTACAGACAGACC-1,GARQ,D5,2,40,38,39,0.119145036,CD4 naive I
CTCGTACCACATCCAA-1,GARQ,D5,2,40,38,10,0.007885098,Classical monocytes
CTCGTACCAGGGAGAG-1,GARQ,D5,2,40,38,36,0.122184515,Naive B
CTCGTACTCCATGCTC-1,GARQ,D5,2,40,38,29,0.0029969215,CD4 memory
CTCGTACTCCTACAGA-1,GARQ,D5,2,40,38,10,0.100767374,Classical monocytes
CTCGTACTCTAACTGG-1,GARQ,D5,2,40,38,5,0.08586073,CD56dim CD16bright NK
CTCGTCACACAACGCC-1,GARQ,D5,2,40,38,29,0.013376951,CD8 naive
CTCGTCACACAGCGTC-1,GARQ,D5,2,40,38,29,0.061778545,CD4 memory
CTCGTCACACAGTCGC-1,GARQ,D5,2,40,38,18,0.0089046955,Non classical monocytes
CTCGTCAGTACAGTTC-1,GARQ,D5,2,40,38,11,0.042468667,CD56dim CD16bright NK
CTCTAATAGCGCTTAT-1,GARQ,D5,2,40,38,0,0.022435188,CD8 effector
CTCTAATAGGGTATCG-1,GARQ,D5,2,40,38,17,0.036303997,CD8 memory
CTCTAATAGGTGCACA-1,GARQ,D5,2,40,38,27,0.049299955,CD56dim CD16bright NK
CTCTAATGTAGGAGTC-1,GARQ,D5,2,40,38,0,0.029466271,CD56dim CD16bright NK
CTCTAATGTGTTCGAT-1,GARQ,D5,2,40,38,10,0.07297814,Classical monocytes
CTCTAATTCAGCAACT-1,GARQ,D5,2,40,38,0,0.008651435,CD8 memory
CTCTACGAGTTTAGGA-1,GARQ,D5,2,40,38,11,0.018081427,CD8 effector
CTCTACGCAATCTACG-1,GARQ,D5,2,40,38,29,0.040369987,CD4 naive II
CTCTACGCACCAACCG-1,GARQ,D5,2,40,38,0,0.06780362,CD56dim CD16bright NK
CTCTACGGTGACTACT-1,GARQ,D5,2,40,38,1,0.045052886,CD8 effector
CTCTGGTCACGTAAGG-1,GARQ,D5,2,40,38,18,0.03594482,Non classical monocytes
CTGAAACAGTAGGCCA-1,GARQ,D5,2,40,38,1,0.028150558,CD56dim CD16bright NK
CTGAAACCAGGTGCCT-1,GARQ,D5,2,40,38,10,0.037115097,Classical monocytes
CTGAAACGTTGGTTTG-1,GARQ,D5,2,40,38,10,0.050586104,Neutrophils
CTGAAACTCTGGTGTA-1,GARQ,D5,2,40,38,1,0.027356625,CD56dim CD16bright NK
CTGAAGTAGTTAACGA-1,GARQ,D5,2,40,38,27,0.0039623976,NK-T doublets
CTGAAGTCACAGCGTC-1,GARQ,D5,2,40,38,0,0.065541744,CD56bright CD16dim NK
CTGAAGTCACGAGAGT-1,GARQ,D5,2,40,38,0,0.010584235,CD56dim CD16bright NK
CTGAAGTGTCTTCGTC-1,GARQ,D5,2,40,38,1,0.017266512,CD56dim CD16bright NK
CTGAAGTGTGCCTGTG-1,GARQ,D5,2,40,38,36,0.004943967,Naive B
CTGAAGTTCCACGAAT-1,GARQ,D5,2,40,38,21,0.19403398,Memory B
CTGATAGCATCGACGC-1,GARQ,D5,2,40,38,10,0.034884572,Non classical monocytes
CTGATAGCATGCGCAC-1,GARQ,D5,2,40,38,24,0.0042686462,CD4 memory
CTGATCCGTCTCTCGT-1,GARQ,D5,2,40,38,29,0.026381254,CD8 naive
CTGATCCGTCTGATCA-1,GARQ,D5,2,40,38,33,0.015402079,CD8 effector
CTGATCCTCGGCATCG-1,GARQ,D5,2,40,38,36,0.11612761,Naive B
CTGCCTAAGAGACGAA-1,GARQ,D5,2,40,38,10,0.0827446,Classical monocytes
CTGCCTACACAACTGT-1,GARQ,D5,2,40,38,29,0.0042546988,CD4 naive II
CTGCCTATCTGACCTC-1,GARQ,D5,2,40,38,39,0.10038233,Erythroid 
CTGCGGAAGACGCAAC-1,GARQ,D5,2,40,38,12,0.06497097,CD8 effector
CTGCGGACATACTCTT-1,GARQ,D5,2,40,38,36,0.035002828,T-NK-B cell doublets
CTGCGGAGTGGCCCTA-1,GARQ,D5,2,40,38,17,0.13041556,CD8 naive
CTGCGGAGTGTAATGA-1,GARQ,D5,2,40,38,29,0.09538162,CD4 memory
CTGCGGAGTTCGTGAT-1,GARQ,D5,2,40,38,5,0.07897532,CD56dim CD16bright NK
CTGCGGATCAGTCAGT-1,GARQ,D5,2,40,38,11,0.17142332,CD56dim CD16bright NK
CTGCGGATCTATCCTA-1,GARQ,D5,2,40,38,33,0.029216409,CD8 effector
CTGCTGTAGAACAATC-1,GARQ,D5,2,40,38,18,0.008043766,Non classical monocytes
CTGCTGTCATGGTCTA-1,GARQ,D5,2,40,38,0,0.0033798218,CD8 effector
CTGCTGTGTCTCATCC-1,GARQ,D5,2,40,38,10,0.05286002,Neutrophils
CTGCTGTTCATCGGAT-1,GARQ,D5,2,40,38,31,0.08018696,Non classical monocytes
CTGGTCTCATGTAAGA-1,GARQ,D5,2,40,38,26,0.016209722,Non classical monocytes
CTGGTCTGTGGTCTCG-1,GARQ,D5,2,40,38,1,0.024371386,CD56dim CD16bright NK
CTGGTCTTCGCGATCG-1,GARQ,D5,2,40,38,17,0.04929793,CD4 memory
CTGTGCTAGTTGTAGA-1,GARQ,D5,2,40,38,36,0.14194942,Naive B
CTGTGCTCACAACGCC-1,GARQ,D5,2,40,38,2,0.027932167,CD56dim CD16bright NK
CTGTGCTGTCTCTTTA-1,GARQ,D5,2,40,38,29,0.17034006,CD4 memory
CTGTGCTTCCATTCTA-1,GARQ,D5,2,40,38,29,0.025256157,CD4 memory
CTGTGCTTCCCTTGTG-1,GARQ,D5,2,40,38,33,0.14945388,NK-T doublets
CTGTTTAAGATGAGAG-1,GARQ,D5,2,40,38,0,0.027446747,CD56dim CD16bright NK
CTGTTTAAGCTTTGGT-1,GARQ,D5,2,40,38,36,0.1117115,Naive B
CTGTTTACAGATTGCT-1,GARQ,D5,2,40,38,16,0.06251693,CD4 memory
CTGTTTAGTATCACCA-1,GARQ,D5,2,40,38,0,0.033641815,CD56dim CD16bright NK
CTTAACTAGCACGCCT-1,GARQ,D5,2,40,38,1,0.10794318,CD8 effector
CTTAACTGTAACGCGA-1,GARQ,D5,2,40,38,0,0.027976036,CD56dim CD16bright NK
CTTAACTTCAAACCAC-1,GARQ,D5,2,40,38,39,0.12540507,CD4 naive I
CTTAACTTCAAGGCTT-1,GARQ,D5,2,40,38,29,0.008565664,CD4 memory
CTTAACTTCGCGTTTC-1,GARQ,D5,2,40,38,26,0.087623954,Neutrophils
CTTACCGGTCTAGAGG-1,GARQ,D5,2,40,38,21,0.0305928,T-NK-B cell doublets
CTTACCGGTGGCAAAC-1,GARQ,D5,2,40,38,36,0.08712888,Naive B
CTTACCGGTGGTCTCG-1,GARQ,D5,2,40,38,17,0.032239437,CD4 naive I
CTTAGGAAGCGTCTAT-1,GARQ,D5,2,40,38,36,0.11613828,Naive B
CTTAGGAAGCTGATAA-1,GARQ,D5,2,40,38,26,0.06529164,Non classical monocytes
CTTAGGACACATGGGA-1,GARQ,D5,2,40,38,10,0.058121443,Classical monocytes
CTTAGGATCACATACG-1,GARQ,D5,2,40,38,34,0.0152618885,MAIT-NKT cells
CTTAGGATCCAGATCA-1,GARQ,D5,2,40,38,23,0.00615561,MAIT-NKT cells
CTTCTCTAGATGTGGC-1,GARQ,D5,2,40,38,0,0.059060335,CD56dim CD16bright NK
CTTCTCTCATCCTAGA-1,GARQ,D5,2,40,38,13,0.008260965,Classical monocytes
CTTCTCTGTAACGACG-1,GARQ,D5,2,40,38,17,0.04809463,CD4 naive II
CTTGGCTAGCCGATTT-1,GARQ,D5,2,40,38,2,0.021210194,CD56dim CD16bright NK
CTTGGCTAGTGAACGC-1,GARQ,D5,2,40,38,13,0.005921483,Neutrophils
CTTGGCTCAATCAGAA-1,GARQ,D5,2,40,38,27,0.026931643,MAIT-NKT cells
CTTTGCGTCCTTGGTC-1,GARQ,D5,2,40,38,31,0.19251847,Non classical monocytes
GAAACTCAGTCATGCT-1,GARQ,D5,2,40,38,17,0.04162848,CD4 naive I
GAAACTCCATCCGGGT-1,GARQ,D5,2,40,38,27,0.018865347,CD56dim CD16bright NK
GAAACTCGTCTTCAAG-1,GARQ,D5,2,40,38,11,0.20674825,CD56dim CD16bright NK
GAAACTCTCCGAACGC-1,GARQ,D5,2,40,38,36,0.13622868,Naive B
GAAACTCTCGTCACGG-1,GARQ,D5,2,40,38,11,0.02793181,CD56dim CD16bright NK
GAAATGAAGACCTTTG-1,GARQ,D5,2,40,38,16,0.037664533,CD8 effector
GAAATGATCAAGGCTT-1,GARQ,D5,2,40,38,14,0.009924173,CD8 naive
GAAATGATCGGCGGTT-1,GARQ,D5,2,40,38,10,0.049111605,Classical monocytes
GAACATCAGCGTTTAC-1,GARQ,D5,2,40,38,10,0.09664297,Classical monocytes
GAACATCAGGCTCTTA-1,GARQ,D5,2,40,38,10,0.06110096,Classical monocytes
GAACATCAGTTCGCGC-1,GARQ,D5,2,40,38,12,0.016963124,CD8 effector
GAACATCCATAGTAAG-1,GARQ,D5,2,40,38,3,0.026284695,MAIT-NKT cells
GAACATCGTATCTGCA-1,GARQ,D5,2,40,38,10,0.079655886,Classical monocytes
GAACATCGTTGTACAC-1,GARQ,D5,2,40,38,0,0.044809222,CD56dim CD16bright NK
GAACCTACACCGGAAA-1,GARQ,D5,2,40,38,1,0.11782551,CD56dim CD16bright NK
GAACCTACAGCTTAAC-1,GARQ,D5,2,40,38,17,0.07218599,CD8 naive
GAACCTATCATTTGGG-1,GARQ,D5,2,40,38,27,0.0057981014,CD56dim CD16bright NK
GAACCTATCCAAACAC-1,GARQ,D5,2,40,38,36,0.020960212,Naive B
GAACGGAAGGTGATAT-1,GARQ,D5,2,40,38,17,0.025429487,CD8 naive
GAACGGACATCCCACT-1,GARQ,D5,2,40,38,33,0.008571625,CD8 effector
GAACGGATCGCTGATA-1,GARQ,D5,2,40,38,31,0.012033939,Non classical monocytes
GAACGGATCTTGAGAC-1,GARQ,D5,2,40,38,36,0.15721989,Naive B
GAAGCAGAGATAGGAG-1,GARQ,D5,2,40,38,25,0.05558014,CD8 naive
GAAGCAGCACATCTTT-1,GARQ,D5,2,40,38,29,0.009652257,CD4 naive I
GAAGCAGGTCACCCAG-1,GARQ,D5,2,40,38,27,0.049409866,CD56dim CD16bright NK
GAAGCAGGTTAGGGTG-1,GARQ,D5,2,40,38,10,0.024512768,Classical monocytes
GAATAAGGTGAGGGTT-1,GARQ,D5,2,40,38,21,0.12373686,T-NK-B cell doublets
GAATAAGGTTGTCTTT-1,GARQ,D5,2,40,38,10,0.018960476,Platelets
GAATGAAAGGAGTACC-1,GARQ,D5,2,40,38,22,0.076036215,CD4 memory
GAATGAAGTTCCCTTG-1,GARQ,D5,2,40,38,16,0.067928314,CD8 memory
GAATGAATCAACGCTA-1,GARQ,D5,2,40,38,22,0.0075565577,CD8 effector
GAATGAATCTGAGTGT-1,GARQ,D5,2,40,38,1,0.058833838,CD56dim CD16bright NK
GACACGCAGTGTCTCA-1,GARQ,D5,2,40,38,10,0.0610826,Classical monocytes
GACACGCCATATGGTC-1,GARQ,D5,2,40,38,10,0.031943083,Neutrophils
GACACGCGTACGCTGC-1,GARQ,D5,2,40,38,10,0.11973095,Classical monocytes
GACACGCGTAGAAGGA-1,GARQ,D5,2,40,38,4,0.094349146,MAIT-NKT cells
GACACGCGTCCGCTGA-1,GARQ,D5,2,40,38,3,0.0980103,MAIT-NKT cells
GACACGCTCGGACAAG-1,GARQ,D5,2,40,38,5,0.043236136,CD56dim CD16bright NK
GACAGAGAGACTAAGT-1,GARQ,D5,2,40,38,39,0.017251492,T-NK-B cell doublets
GACAGAGAGATATACG-1,GARQ,D5,2,40,38,25,0.12022829,CD4 memory
GACAGAGGTCGAACAG-1,GARQ,D5,2,40,38,10,0.091999054,Neutrophils
GACAGAGTCGTCCGTT-1,GARQ,D5,2,40,38,25,0.0053333044,CD4 memory
GACAGAGTCTTAGAGC-1,GARQ,D5,2,40,38,1,0.07301736,CD56dim CD16bright NK
GACCAATGTACCCAAT-1,GARQ,D5,2,40,38,29,0.04590845,CD8 naive
GACCAATGTGATGTCT-1,GARQ,D5,2,40,38,11,0.008137584,CD56dim CD16bright NK
GACCAATTCGTTTGCC-1,GARQ,D5,2,40,38,10,0.058941722,Classical monocytes
GACCTGGAGACTTTCG-1,GARQ,D5,2,40,38,10,0.0019643307,conventional DC
GACCTGGCAAGCGCTC-1,GARQ,D5,2,40,38,5,0.06193471,CD56dim CD16bright NK
GACCTGGCAATAGAGT-1,GARQ,D5,2,40,38,25,0.0025106668,CD4 and CD8 activated memory
GACCTGGCATCTCGCT-1,GARQ,D5,2,40,38,36,0.18091309,Memory B
GACCTGGGTAGCGTGA-1,GARQ,D5,2,40,38,33,0.005082011,MAIT-NKT cells
GACCTGGGTCGCCATG-1,GARQ,D5,2,40,38,5,0.017881632,CD56dim CD16bright NK
GACCTGGGTTGAACTC-1,GARQ,D5,2,40,38,36,0.067913234,Memory B
GACCTGGTCATAACCG-1,GARQ,D5,2,40,38,1,0.10347593,CD56dim CD16bright NK
GACCTGGTCCTGTACC-1,GARQ,D5,2,40,38,29,0.08784008,CD4 memory
GACGGCTAGCGCCTTG-1,GARQ,D5,2,40,38,0,0.015349269,CD56dim CD16bright NK
GACGGCTCAATGTTGC-1,GARQ,D5,2,40,38,10,0.020107627,NK-monocyte doublets
GACGGCTCATACGCCG-1,GARQ,D5,2,40,38,25,0.05973971,CD4 naive I
GACGGCTTCATGCAAC-1,GARQ,D5,2,40,38,29,0.027183771,CD4 naive II
GACGTGCAGATCGATA-1,GARQ,D5,2,40,38,33,0.1097945,CD56bright CD16dim NK
GACGTGCGTACATGTC-1,GARQ,D5,2,40,38,10,0.04602337,Classical monocytes
GACGTTAAGCTGCCCA-1,GARQ,D5,2,40,38,18,0.008966327,Classical monocytes
GACGTTACACCAGCAC-1,GARQ,D5,2,40,38,10,0.03313589,Classical monocytes
GACGTTACATGCAATC-1,GARQ,D5,2,40,38,29,0.06959033,CD4 naive II
GACGTTAGTTATGTGC-1,GARQ,D5,2,40,38,39,0.025405288,CD4 naive I
GACGTTAGTTCGTCTC-1,GARQ,D5,2,40,38,18,0.031794786,Non classical monocytes
GACTAACAGCTAGTTC-1,GARQ,D5,2,40,38,5,0.058550358,CD56dim CD16bright NK
GACTAACCATGCCTAA-1,GARQ,D5,2,40,38,10,0.023810625,Classical monocytes
GACTAACGTCACACGC-1,GARQ,D5,2,40,38,24,0.14647233,MAIT-NKT cells
GACTAACGTGCACCAC-1,GARQ,D5,2,40,38,0,0.035580635,CD56dim CD16bright NK
GACTACACACGGTAGA-1,GARQ,D5,2,40,38,29,0.012001157,CD4 naive I
GACTACAGTACCTACA-1,GARQ,D5,2,40,38,18,0.0011458397,Classical monocytes
GACTACAGTCAGTGGA-1,GARQ,D5,2,40,38,5,0.03748429,CD56dim CD16bright NK
GACTACAGTCTCTTAT-1,GARQ,D5,2,40,38,21,0.13007212,T-NK-B cell doublets
GACTACAGTTTGCATG-1,GARQ,D5,2,40,38,18,0.011511087,Non classical monocytes
GACTGCGAGAGTGACC-1,GARQ,D5,2,40,38,10,0.08610213,Classical monocytes
GACTGCGTCATCGGAT-1,GARQ,D5,2,40,38,20,0.031217337,CD4 naive I
GAGCAGAAGAAGGTGA-1,GARQ,D5,2,40,38,18,0.03500223,Neutrophils
GAGCAGACAAACCCAT-1,GARQ,D5,2,40,38,26,0.006534934,Non classical monocytes
GAGCAGACACCAGATT-1,GARQ,D5,2,40,38,11,0.07768774,CD56dim CD16bright NK
GAGCAGAGTTCGGCAC-1,GARQ,D5,2,40,38,36,0.072975636,Naive B
GAGCAGATCATGGTCA-1,GARQ,D5,2,40,38,34,0.005046606,CD4 memory
GAGCAGATCCAAAGTC-1,GARQ,D5,2,40,38,29,0.10912788,CD4 naive I
GAGGTGAAGGTGGGTT-1,GARQ,D5,2,40,38,12,0.01054287,CD8 effector
GAGGTGACAGGCAGTA-1,GARQ,D5,2,40,38,29,0.111359835,CD4 memory
GAGGTGACATGTCGAT-1,GARQ,D5,2,40,38,11,0.08971393,CD56dim CD16bright NK
GAGTCCGCAAGCCGCT-1,GARQ,D5,2,40,38,29,0.045607686,CD4 naive I
GAGTCCGCACGCTTTC-1,GARQ,D5,2,40,38,1,0.062490106,CD56dim CD16bright NK
GAGTCCGGTAAGTGTA-1,GARQ,D5,2,40,38,21,0.14977288,Memory B
GAGTCCGGTGTCAATC-1,GARQ,D5,2,40,38,31,0.083076775,Non classical monocytes
GAGTCCGTCCGTAGTA-1,GARQ,D5,2,40,38,20,0.0018311739,CD4 naive I
GAGTCCGTCTGAAAGA-1,GARQ,D5,2,40,38,11,0.042212486,CD56dim CD16bright NK
GATCAGTCAGGGTACA-1,GARQ,D5,2,40,38,10,0.043821692,NK-monocyte doublets
GATCAGTCAGTCGTGC-1,GARQ,D5,2,40,38,1,0.083713174,CD56dim CD16bright NK
GATCAGTGTGGGTCAA-1,GARQ,D5,2,40,38,16,0.003153801,CD8 effector
GATCAGTTCGCAAGCC-1,GARQ,D5,2,40,38,11,0.06020665,CD56dim CD16bright NK
GATCGATAGAACAACT-1,GARQ,D5,2,40,38,10,0.052264094,Neutrophils
GATCGATAGCGATGAC-1,GARQ,D5,2,40,38,0,0.014228821,CD56dim CD16bright NK
GATCGATCAACCGCCA-1,GARQ,D5,2,40,38,29,0.14471197,MAIT-NKT cells
GATCGATCACAAGACG-1,GARQ,D5,2,40,38,5,0.081338406,CD56dim CD16bright NK
GATCGCGGTTCTGGTA-1,GARQ,D5,2,40,38,5,0.048138022,CD56dim CD16bright NK
GATCGCGTCTGCTGTC-1,GARQ,D5,2,40,38,29,0.019380331,CD4 memory
GATCGTAAGTGGAGTC-1,GARQ,D5,2,40,38,33,0.05912137,CD8 memory
GATCTAGAGGCGCTCT-1,GARQ,D5,2,40,38,17,0.070610285,CD8 naive
GATCTAGAGTGCCATT-1,GARQ,D5,2,40,38,26,0.039488792,Non classical monocytes
GATCTAGCAGATGAGC-1,GARQ,D5,2,40,38,29,0.029795408,CD4 naive II
GATCTAGTCCACTCCA-1,GARQ,D5,2,40,38,25,0.04978764,CD4 naive I
GATCTAGTCGCTGATA-1,GARQ,D5,2,40,38,25,0.0042517185,CD4 memory
GATCTAGTCTGCGGCA-1,GARQ,D5,2,40,38,36,0.03462106,Memory B
GATGAAAAGTGGAGAA-1,GARQ,D5,2,40,38,26,0.12637258,NK-monocyte doublets
GATGAAAAGTTTCCTT-1,GARQ,D5,2,40,38,21,0.15548289,Memory B
GATGAAACAAGCCGCT-1,GARQ,D5,2,40,38,29,0.050471067,CD4 memory
GATGAGGAGCACAGGT-1,GARQ,D5,2,40,38,0,0.024196804,CD4 and CD8 activated memory
GATGAGGAGCTCCCAG-1,GARQ,D5,2,40,38,0,0.020255566,CD56dim CD16bright NK
GATGAGGAGGTAGCCA-1,GARQ,D5,2,40,38,17,0.066396,CD4 naive I
GATGAGGCAACACCTA-1,GARQ,D5,2,40,38,18,0.085271,Neutrophils
GATGAGGTCAACGAAA-1,GARQ,D5,2,40,38,36,0.22397727,T-NK-B cell doublets
GATGAGGTCTTGTACT-1,GARQ,D5,2,40,38,0,0.038451433,CD56dim CD16bright NK
GATGCTATCCAAGTAC-1,GARQ,D5,2,40,38,36,0.11216676,Memory B
GATTCAGTCGATGAGG-1,GARQ,D5,2,40,38,5,0.032102764,Platelet-T cell doublets
GCAAACTAGCTATGCT-1,GARQ,D5,2,40,38,4,0.056517124,MAIT-NKT cells
GCAAACTAGCTCCTTC-1,GARQ,D5,2,40,38,32,0.008710146,CD4 naive I
GCAAACTCAAGTACCT-1,GARQ,D5,2,40,38,11,0.038512945,CD56dim CD16bright NK
GCAAACTCATTTCAGG-1,GARQ,D5,2,40,38,23,0.26050794,CD8 memory
GCAAACTGTAGCAAAT-1,GARQ,D5,2,40,38,4,0.028639793,MAIT-NKT cells
GCAAACTTCAAGCCTA-1,GARQ,D5,2,40,38,33,0.010246038,NK-T doublets
GCAATCAAGAAGGTGA-1,GARQ,D5,2,40,38,1,0.1517868,CD56dim CD16bright NK
GCAATCAAGCGTTCCG-1,GARQ,D5,2,40,38,16,0.051908195,Erythroid 
GCAATCACATCACCCT-1,GARQ,D5,2,40,38,10,0.05746317,Classical monocytes
GCAATCATCAACCAAC-1,GARQ,D5,2,40,38,23,0.0138453245,MAIT-NKT cells
GCACATAAGCGTTTAC-1,GARQ,D5,2,40,38,26,0.062385798,NK-monocyte doublets
GCACATATCATTATCC-1,GARQ,D5,2,40,38,10,0.02039206,Classical monocytes
GCACATATCGCGGATC-1,GARQ,D5,2,40,38,27,0.04068911,CD56dim CD16bright NK
GCACTCTAGAATGTTG-1,GARQ,D5,2,40,38,0,0.03333342,CD8 effector
GCACTCTCATCGATTG-1,GARQ,D5,2,40,38,22,0.0028107166,CD4 naive II
GCACTCTCATTCGACA-1,GARQ,D5,2,40,38,39,0.02176094,CD4 memory
GCACTCTTCGGAAACG-1,GARQ,D5,2,40,38,0,0.016676426,CD56dim CD16bright NK
GCAGCCAGTCTTCTCG-1,GARQ,D5,2,40,38,29,0.05001867,CD4 naive I
GCAGCCATCGCCATAA-1,GARQ,D5,2,40,38,11,0.078549385,CD56dim CD16bright NK
GCAGTTACACATTCGA-1,GARQ,D5,2,40,38,29,0.014844894,CD4 memory
GCAGTTACAGGACGTA-1,GARQ,D5,2,40,38,33,0.024171352,CD8 effector
GCAGTTAGTAAGGATT-1,GARQ,D5,2,40,38,0,0.07588506,CD8 effector
GCAGTTAGTCGACTAT-1,GARQ,D5,2,40,38,10,0.021422267,Neutrophils
GCAGTTAGTGCGAAAC-1,GARQ,D5,2,40,38,6,0.052926898,Memory B
GCAGTTAGTTTACTCT-1,GARQ,D5,2,40,38,27,0.071118236,CD56bright CD16dim NK
GCAGTTATCATATCGG-1,GARQ,D5,2,40,38,13,0.020638943,NK-monocyte doublets
GCATACAAGTGGCACA-1,GARQ,D5,2,40,38,36,0.038946927,Naive B
GCATACAGTCTCTTTA-1,GARQ,D5,2,40,38,29,0.0039895773,CD4 memory
GCATACAGTTCCTCCA-1,GARQ,D5,2,40,38,35,0.051295996,T-NK-B cell doublets
GCATACATCTCTTGAT-1,GARQ,D5,2,40,38,39,0.030452609,CD4 naive II
GCATACATCTGCTGCT-1,GARQ,D5,2,40,38,2,0.030704856,CD56dim CD16bright NK
GCATGATAGCTAGTCT-1,GARQ,D5,2,40,38,0,0.021635056,CD56dim CD16bright NK
GCATGATTCATCTGTT-1,GARQ,D5,2,40,38,39,0.084524155,CD4 naive I
GCATGCGAGACTTGAA-1,GARQ,D5,2,40,38,26,0.058802366,NK-monocyte doublets
GCATGCGCAGTTTACG-1,GARQ,D5,2,40,38,11,0.04909122,CD56dim CD16bright NK
GCATGCGTCCAAACTG-1,GARQ,D5,2,40,38,32,0.03677857,CD4 naive I
GCATGCGTCCGCATCT-1,GARQ,D5,2,40,38,11,0.10700524,CD56dim CD16bright NK
GCATGTAAGATAGCAT-1,GARQ,D5,2,40,38,16,0.0011968613,CD8 memory
GCCAAATAGTAACCCT-1,GARQ,D5,2,40,38,10,0.008427024,Platelet-bound monocytes
GCCAAATCATCTACGA-1,GARQ,D5,2,40,38,39,0.05323434,CD4 naive I
GCCAAATTCCACGACG-1,GARQ,D5,2,40,38,27,0.004134655,CD8 effector
GCCTCTAAGATCTGCT-1,GARQ,D5,2,40,38,33,0.07357907,NK-T doublets
GCCTCTAAGCCCAATT-1,GARQ,D5,2,40,38,10,0.11861229,Classical monocytes
GCCTCTAAGTCCGGTC-1,GARQ,D5,2,40,38,36,0.06829345,Naive B
GCCTCTAAGTTTCCTT-1,GARQ,D5,2,40,38,2,0.001159668,CD56dim CD16bright NK
GCCTCTAGTCATCCCT-1,GARQ,D5,2,40,38,10,0.05516243,Classical monocytes
GCCTCTATCAATAAGG-1,GARQ,D5,2,40,38,6,0.22472477,plasmacytoid DC
GCCTCTATCTCAAACG-1,GARQ,D5,2,40,38,17,0.0086170435,CD4 naive II
GCGACCATCCAGGGCT-1,GARQ,D5,2,40,38,10,0.060771227,Classical monocytes
GCGACCATCGGCATCG-1,GARQ,D5,2,40,38,1,0.09194136,CD56dim CD16bright NK
GCGACCATCTGTTTGT-1,GARQ,D5,2,40,38,5,0.0061649084,CD56dim CD16bright NK
GCGACCATCTTGTATC-1,GARQ,D5,2,40,38,10,0.047730684,Classical monocytes
GCGAGAAAGGGTCGAT-1,GARQ,D5,2,40,38,17,0.0018035173,CD4 memory
GCGAGAAAGTAGGTGC-1,GARQ,D5,2,40,38,29,0.06320453,CD4 memory
GCGAGAACATCTCGCT-1,GARQ,D5,2,40,38,2,0.054710746,gdT cells
GCGAGAATCACGACTA-1,GARQ,D5,2,40,38,10,0.03668189,Classical monocytes
GCGAGAATCGGGAGTA-1,GARQ,D5,2,40,38,11,0.053693295,CD56dim CD16bright NK
GCGCAACCAGCCTTGG-1,GARQ,D5,2,40,38,10,0.07060647,Classical monocytes
GCGCAACGTCTAGGTT-1,GARQ,D5,2,40,38,34,0.08881676,MAIT-NKT cells
GCGCAGTAGAGTGACC-1,GARQ,D5,2,40,38,17,0.03266996,CD4 memory
GCGCAGTAGATGTTAG-1,GARQ,D5,2,40,38,36,0.10029739,Naive B
GCGCAGTCATATACGC-1,GARQ,D5,2,40,38,39,0.05028498,CD4 memory
GCGCAGTGTATATGGA-1,GARQ,D5,2,40,38,4,0.08179766,CD8 memory
GCGCAGTGTGATGTCT-1,GARQ,D5,2,40,38,5,0.039917707,Proliferating T and NK cell
GCGCAGTTCAGCATGT-1,GARQ,D5,2,40,38,36,0.06757659,Naive B
GCGCCAACAATAGAGT-1,GARQ,D5,2,40,38,5,0.05108607,Proliferating T and NK cell
GCGCCAAGTCGAGTTT-1,GARQ,D5,2,40,38,10,0.01957345,Classical monocytes
GCGCCAATCACATGCA-1,GARQ,D5,2,40,38,12,0.031639814,CD8 effector
GCGCCAATCTACTATC-1,GARQ,D5,2,40,38,27,0.019017458,CD56dim CD16bright NK
GCGCGATAGCCCGAAA-1,GARQ,D5,2,40,38,36,0.1599263,Naive B
GCGCGATTCATGTCCC-1,GARQ,D5,2,40,38,29,0.08140588,CD4 memory
GCGCGATTCCACTCCA-1,GARQ,D5,2,40,38,33,0.1383214,NK-T doublets
GCGGGTTAGAATCTCC-1,GARQ,D5,2,40,38,10,0.057893753,Neutrophils
GCGGGTTAGACGACGT-1,GARQ,D5,2,40,38,29,0.089517355,CD8 naive
GCGGGTTGTAAAGGAG-1,GARQ,D5,2,40,38,5,0.010682344,CD56dim CD16bright NK
GCGGGTTGTGAAATCA-1,GARQ,D5,2,40,38,16,0.01594305,CD8 memory
GCGGGTTGTTTGACTG-1,GARQ,D5,2,40,38,36,0.045617104,Naive B
GCGGGTTTCCAAATGC-1,GARQ,D5,2,40,38,5,0.025248766,CD56dim CD16bright NK
GCGGGTTTCTGATACG-1,GARQ,D5,2,40,38,23,0.049058676,MAIT-NKT cells
GCTCCTAAGTAGGCCA-1,GARQ,D5,2,40,38,1,0.09533143,CD56dim CD16bright NK
GCTCCTACACGCATCG-1,GARQ,D5,2,40,38,17,0.00073468685,CD8 naive
GCTCCTACAGTGACAG-1,GARQ,D5,2,40,38,36,0.0007534027,Memory B
GCTCCTAGTTCAGTAC-1,GARQ,D5,2,40,38,31,0.018971682,Classical monocytes
GCTCCTATCGGAAATA-1,GARQ,D5,2,40,38,36,0.1266396,Naive B
GCTCCTATCTCTTGAT-1,GARQ,D5,2,40,38,5,0.042892575,CD56dim CD16bright NK
GCTCTGTCATGAAGTA-1,GARQ,D5,2,40,38,26,0.07371855,Non classical monocytes
GCTCTGTGTACTCGCG-1,GARQ,D5,2,40,38,4,0.0037794113,CD8 effector
GCTCTGTGTGCGGTAA-1,GARQ,D5,2,40,38,10,0.052392483,Classical monocytes
GCTCTGTTCTTTAGGG-1,GARQ,D5,2,40,38,10,0.08545995,Classical monocytes
GCTGCAGCAAGAGTCG-1,GARQ,D5,2,40,38,17,0.020386338,CD4 naive I
GCTGCAGGTTCTCATT-1,GARQ,D5,2,40,38,25,0.008958101,MAIT-NKT cells
GCTGCGAAGCGATCCC-1,GARQ,D5,2,40,38,29,0.20473504,CD4 naive I
GCTGCGAAGGACCACA-1,GARQ,D5,2,40,38,24,0.026316524,Platelet-T cell doublets
GCTGCGAAGGGTTCCC-1,GARQ,D5,2,40,38,29,0.043476343,CD4 naive I
GCTGCGAAGTCTCCTC-1,GARQ,D5,2,40,38,2,0.020195365,CD56dim CD16bright NK
GCTGCGAGTCAAAGAT-1,GARQ,D5,2,40,38,0,0.050330162,CD56dim CD16bright NK
GCTGCGAGTCTTGTCC-1,GARQ,D5,2,40,38,36,0.116348386,Naive B
GCTGCGATCATCACCC-1,GARQ,D5,2,40,38,1,0.088461876,CD56dim CD16bright NK
GCTGCGATCGAGCCCA-1,GARQ,D5,2,40,38,0,0.07251716,CD56dim CD16bright NK
GCTGCGATCTACCAGA-1,GARQ,D5,2,40,38,26,0.117577314,conventional DC
GCTGCTTAGAGCAATT-1,GARQ,D5,2,40,38,36,0.12049425,Naive B
GCTGCTTAGCCACCTG-1,GARQ,D5,2,40,38,29,0.07944834,CD4 memory
GCTGCTTAGGATCGCA-1,GARQ,D5,2,40,38,15,0.0037673712,Memory B
GCTGCTTGTCCATGAT-1,GARQ,D5,2,40,38,34,0.005327463,MAIT-NKT cells
GCTGCTTTCCTAAGTG-1,GARQ,D5,2,40,38,36,0.09672171,Naive B
GCTGCTTTCCTAGGGC-1,GARQ,D5,2,40,38,1,0.024965525,CD56dim CD16bright NK
GCTGCTTTCTGGCGAC-1,GARQ,D5,2,40,38,1,0.04518628,CD56dim CD16bright NK
GCTGGGTAGGATGGTC-1,GARQ,D5,2,40,38,4,0.04199469,CD8 memory
GCTGGGTAGGGCATGT-1,GARQ,D5,2,40,38,5,0.008897305,CD56dim CD16bright NK
GCTGGGTAGTAGGTGC-1,GARQ,D5,2,40,38,30,0.005529225,CD56dim CD16bright NK
GCTGGGTCAAGCCTAT-1,GARQ,D5,2,40,38,33,0.030735493,MAIT-NKT cells
GCTGGGTCAAGGACAC-1,GARQ,D5,2,40,38,36,0.10146093,Memory B
GCTGGGTCACTAGTAC-1,GARQ,D5,2,40,38,34,0.07441473,Erythroid 
GCTGGGTCAGATTGCT-1,GARQ,D5,2,40,38,29,0.08142972,CD4 memory
GCTGGGTTCGCCAGCA-1,GARQ,D5,2,40,38,1,0.0659467,CD56dim CD16bright NK
GCTTCCACAAAGTGCG-1,GARQ,D5,2,40,38,17,0.005949855,CD4 memory
GCTTCCACAAGACACG-1,GARQ,D5,2,40,38,0,0.017184734,CD56dim CD16bright NK
GCTTCCAGTACATGTC-1,GARQ,D5,2,40,38,31,0.147156,Non classical monocytes
GCTTGAAGTATTCTCT-1,GARQ,D5,2,40,38,20,0.07003528,CD4 memory
GCTTGAATCTGCGGCA-1,GARQ,D5,2,40,38,10,0.018626451,Classical monocytes
GGAAAGCAGAAGGGTA-1,GARQ,D5,2,40,38,39,0.04275322,CD4 memory
GGAAAGCAGCGATTCT-1,GARQ,D5,2,40,38,30,0.034839153,CD56dim CD16bright NK
GGAAAGCAGGCATTGG-1,GARQ,D5,2,40,38,10,0.04053223,Classical monocytes
GGAAAGCGTAAGTAGT-1,GARQ,D5,2,40,38,29,0.025304675,CD4 memory
GGAAAGCGTATAGTAG-1,GARQ,D5,2,40,38,25,0.051573873,CD4 memory
GGAACTTAGAAACCGC-1,GARQ,D5,2,40,38,17,0.0073816776,CD4 naive I
GGAACTTAGCCACTAT-1,GARQ,D5,2,40,38,1,0.0035204887,gdT cells
GGAACTTGTAGGAGTC-1,GARQ,D5,2,40,38,16,0.025486708,CD8 memory
GGAACTTTCATTATCC-1,GARQ,D5,2,40,38,18,0.050876975,Non classical monocytes
GGAACTTTCTGTACGA-1,GARQ,D5,2,40,38,17,0.048549414,CD8 naive
GGAATAATCCACGAAT-1,GARQ,D5,2,40,38,36,0.09869051,Naive B
GGACAAGCACGCGAAA-1,GARQ,D5,2,40,38,0,0.04831314,CD56dim CD16bright NK
GGACAAGCATGAGCGA-1,GARQ,D5,2,40,38,29,0.017745018,CD4 naive I
GGACAAGTCGGACAAG-1,GARQ,D5,2,40,38,29,0.109166384,CD4 memory
GGACAGAAGTTCGCGC-1,GARQ,D5,2,40,38,39,0.05581826,Erythroid 
GGACAGACAACGATGG-1,GARQ,D5,2,40,38,21,0.095115066,Naive B
GGACAGAGTAGCTTGT-1,GARQ,D5,2,40,38,29,0.04811704,CD4 memory
GGACAGATCATGTGGT-1,GARQ,D5,2,40,38,34,0.10520625,MAIT-NKT cells
GGACATTAGCCACCTG-1,GARQ,D5,2,40,38,3,0.10661423,MAIT-NKT cells
GGACATTAGCTAGGCA-1,GARQ,D5,2,40,38,0,0.04728067,CD56dim CD16bright NK
GGACATTAGTTCGATC-1,GARQ,D5,2,40,38,1,0.069241524,CD56dim CD16bright NK
GGACATTCACACCGAC-1,GARQ,D5,2,40,38,39,0.049269795,CD8 naive
GGACATTCATGCTGGC-1,GARQ,D5,2,40,38,10,0.09213579,plasmacytoid DC
GGACATTTCCAAATGC-1,GARQ,D5,2,40,38,29,0.04735732,CD4 naive I
GGACGTCAGACCTAGG-1,GARQ,D5,2,40,38,0,0.07621789,CD56dim CD16bright NK
GGACGTCCATGCCTAA-1,GARQ,D5,2,40,38,39,0.056893706,CD4 memory
GGACGTCGTCAGAATA-1,GARQ,D5,2,40,38,6,0.16859758,plasmacytoid DC
GGACGTCGTTAGTGGG-1,GARQ,D5,2,40,38,10,0.017279744,conventional DC
GGAGCAACACAGCGTC-1,GARQ,D5,2,40,38,0,0.019637942,CD56dim CD16bright NK
GGAGCAACAGACGCTC-1,GARQ,D5,2,40,38,16,0.046752572,CD8 effector
GGAGCAAGTAGCTCCG-1,GARQ,D5,2,40,38,11,0.011560202,CD56dim CD16bright NK
GGAGCAAGTATTCGTG-1,GARQ,D5,2,40,38,20,0.02438581,CD4 naive I
GGATGTTAGCCATCGC-1,GARQ,D5,2,40,38,10,0.04274416,Classical monocytes
GGATGTTTCTGGTTCC-1,GARQ,D5,2,40,38,0,0.05190909,CD56bright CD16dim NK
GGATTACAGAGACGAA-1,GARQ,D5,2,40,38,10,0.047653317,Classical monocytes
GGATTACCAAACCTAC-1,GARQ,D5,2,40,38,21,0.036263585,Naive B
GGATTACGTATAGGTA-1,GARQ,D5,2,40,38,29,0.06776881,CD4 memory
GGATTACTCTGTACGA-1,GARQ,D5,2,40,38,31,0.0006313324,Non classical monocytes
GGCAATTAGAGTAAGG-1,GARQ,D5,2,40,38,22,0.058596373,CD4 memory
GGCAATTAGGCCCTTG-1,GARQ,D5,2,40,38,27,0.031029105,CD56dim CD16bright NK
GGCAATTAGTTCGCAT-1,GARQ,D5,2,40,38,39,0.04974544,CD4 naive I
GGCAATTCAGCCTGTG-1,GARQ,D5,2,40,38,10,0.090361595,Classical monocytes
GGCAATTGTATTCGTG-1,GARQ,D5,2,40,38,1,0.07939124,CD56dim CD16bright NK
GGCCGATAGGTGCACA-1,GARQ,D5,2,40,38,1,0.014464021,CD56bright CD16dim NK
GGCCGATCAAGGCTCC-1,GARQ,D5,2,40,38,5,0.030465484,CD56dim CD16bright NK
GGCCGATCATTAGGCT-1,GARQ,D5,2,40,38,18,0.031442523,Non classical monocytes
GGCCGATTCAGCTGGC-1,GARQ,D5,2,40,38,32,0.0034081936,CD8 naive
GGCGACTAGGCATGTG-1,GARQ,D5,2,40,38,29,0.0009713173,NK-T doublets
GGCGACTCAATTCCTT-1,GARQ,D5,2,40,38,26,0.15715551,NK-monocyte doublets
GGCGACTGTAGCTTGT-1,GARQ,D5,2,40,38,0,0.062126517,CD56dim CD16bright NK
GGCGACTGTTTGACAC-1,GARQ,D5,2,40,38,13,0.040842533,Classical monocytes
GGCGACTTCTCTTATG-1,GARQ,D5,2,40,38,4,0.026311636,CD8 memory
GGCGTGTCAAGCCGCT-1,GARQ,D5,2,40,38,36,0.01691246,Memory B
GGCGTGTGTCCATCCT-1,GARQ,D5,2,40,38,36,0.108729124,Memory B
GGCGTGTGTGTCGCTG-1,GARQ,D5,2,40,38,0,0.09790635,CD8 effector
GGCGTGTTCATGTCTT-1,GARQ,D5,2,40,38,0,0.019713163,CD56dim CD16bright NK
GGCGTGTTCCTTGGTC-1,GARQ,D5,2,40,38,39,0.13165712,CD4 memory
GGCTCGAAGCGTGAAC-1,GARQ,D5,2,40,38,29,0.026732206,CD8 naive
GGCTCGATCATTCACT-1,GARQ,D5,2,40,38,10,0.016002536,Classical monocytes
GGCTCGATCCGTAGGC-1,GARQ,D5,2,40,38,12,0.0005624294,CD8 effector
GGCTGGTAGATCGATA-1,GARQ,D5,2,40,38,29,0.072161555,CD4 memory
GGCTGGTAGCTGCAAG-1,GARQ,D5,2,40,38,10,0.05359757,Classical monocytes
GGCTGGTAGGGAAACA-1,GARQ,D5,2,40,38,26,0.066360354,NK-monocyte doublets
GGCTGGTCACGCGAAA-1,GARQ,D5,2,40,38,33,0.022622466,MAIT-NKT cells
GGCTGGTGTACCTACA-1,GARQ,D5,2,40,38,39,0.004206419,Erythroid 
GGCTGGTGTCAGAAGC-1,GARQ,D5,2,40,38,17,0.018764019,CD4 naive I
GGCTGGTGTCCAGTGC-1,GARQ,D5,2,40,38,22,0.032963753,CD4 memory
GGGAATGCAATGAAAC-1,GARQ,D5,2,40,38,0,0.074863195,CD56dim CD16bright NK
GGGAATGCAGGGTACA-1,GARQ,D5,2,40,38,18,0.01083374,Platelets
GGGAATGTCCCAAGTA-1,GARQ,D5,2,40,38,21,0.11856806,Naive B
GGGAATGTCGTATCAG-1,GARQ,D5,2,40,38,29,0.11520517,CD4 memory
GGGACCTAGACTAGAT-1,GARQ,D5,2,40,38,33,0.008107662,CD8 memory
GGGACCTAGCTAGTTC-1,GARQ,D5,2,40,38,0,0.034321547,CD56dim CD16bright NK
GGGACCTCAGTGGGAT-1,GARQ,D5,2,40,38,29,0.114385724,CD4 naive I
GGGACCTCATAGGATA-1,GARQ,D5,2,40,38,36,0.0035729408,Memory B
GGGACCTGTGAAATCA-1,GARQ,D5,2,40,38,27,0.0300951,CD56dim CD16bright NK
GGGACCTGTGGTGTAG-1,GARQ,D5,2,40,38,10,0.014831305,Neutrophils
GGGAGATAGAGCAATT-1,GARQ,D5,2,40,38,36,0.214962,T-NK-B cell doublets
GGGAGATCAAACCCAT-1,GARQ,D5,2,40,38,29,0.087265134,CD4 naive I
GGGAGATCAATAAGCA-1,GARQ,D5,2,40,38,4,0.0019927025,CD8 effector
GGGAGATTCCAGTATG-1,GARQ,D5,2,40,38,36,0.12613666,Memory B
GGGATGAAGCTGTTCA-1,GARQ,D5,2,40,38,2,0.050831556,CD56dim CD16bright NK
GGGATGACAGACTCGC-1,GARQ,D5,2,40,38,39,0.13762212,CD4 memory
GGGATGAGTAAAGTCA-1,GARQ,D5,2,40,38,5,0.010374069,CD56dim CD16bright NK
GGGCACTCACTTGGAT-1,GARQ,D5,2,40,38,27,0.02624309,CD56dim CD16bright NK
GGGCACTCATTTCACT-1,GARQ,D5,2,40,38,5,0.024653673,CD56dim CD16bright NK
GGGCACTGTTCGGGCT-1,GARQ,D5,2,40,38,36,0.11273289,T-NK-B cell doublets
GGGCACTTCACTTATC-1,GARQ,D5,2,40,38,33,0.018553972,MAIT-NKT cells
GGGCATCGTGTGGTTT-1,GARQ,D5,2,40,38,10,0.0113117695,Classical monocytes
GGGCATCTCAATAAGG-1,GARQ,D5,2,40,38,32,0.013591528,CD8 naive
GGGCATCTCCCGACTT-1,GARQ,D5,2,40,38,1,0.18011177,CD56dim CD16bright NK
GGGCATCTCGTCGTTC-1,GARQ,D5,2,40,38,25,0.03954208,CD4 memory
GGGTCTGAGATATACG-1,GARQ,D5,2,40,38,36,0.14027286,Naive B
GGGTCTGCAGGTGCCT-1,GARQ,D5,2,40,38,29,0.048402905,CD8 naive
GGGTCTGCATATACCG-1,GARQ,D5,2,40,38,10,0.04988575,Non classical monocytes
GGGTCTGGTACATCCA-1,GARQ,D5,2,40,38,21,0.17111027,Naive B
GGGTCTGTCCACTCCA-1,GARQ,D5,2,40,38,10,0.023341894,Classical monocytes
GGGTCTGTCGCATGGC-1,GARQ,D5,2,40,38,0,0.0020606518,CD8 effector
GGGTTGCAGACTCGGA-1,GARQ,D5,2,40,38,36,0.07317245,Naive B
GGGTTGCAGTGGTCCC-1,GARQ,D5,2,40,38,0,0.012305021,CD56dim CD16bright NK
GGGTTGCCAATGGAGC-1,GARQ,D5,2,40,38,0,0.06250143,CD8 effector
GGTATTGAGTGCAAGC-1,GARQ,D5,2,40,38,29,0.06431258,CD4 memory
GGTGAAGAGACTCGGA-1,GARQ,D5,2,40,38,27,0.049317896,CD8 effector
GGTGAAGAGGCCGAAT-1,GARQ,D5,2,40,38,31,0.13277996,Non classical monocytes
GGTGAAGAGTGGAGAA-1,GARQ,D5,2,40,38,10,0.05301428,Classical monocytes
GGTGAAGCAGCCTTTC-1,GARQ,D5,2,40,38,27,0.05331433,CD56dim CD16bright NK
GGTGAAGCATGATCCA-1,GARQ,D5,2,40,38,27,0.015131354,CD8 effector
GGTGAAGCATGCAATC-1,GARQ,D5,2,40,38,35,0.011965752,Platelets
GGTGAAGGTAGTAGTA-1,GARQ,D5,2,40,38,10,0.0065014362,conventional DC
GGTGAAGGTGTTCTTT-1,GARQ,D5,2,40,38,0,0.091721535,CD8 effector
GGTGAAGTCACGATGT-1,GARQ,D5,2,40,38,11,0.070551395,CD56dim CD16bright NK
GGTGCGTCACCAGCAC-1,GARQ,D5,2,40,38,10,0.05500412,Platelet-bound monocytes
GGTGCGTTCTCTTATG-1,GARQ,D5,2,40,38,36,0.13734734,T-NK-B cell doublets
GGTGTTAAGCTCAACT-1,GARQ,D5,2,40,38,29,0.08706498,CD4 naive II
GGTGTTAAGTCATCCA-1,GARQ,D5,2,40,38,0,0.0070335865,CD56dim CD16bright NK
GGTGTTACACAGGAGT-1,GARQ,D5,2,40,38,6,0.1515693,plasmacytoid DC
GGTGTTACATAAAGGT-1,GARQ,D5,2,40,38,18,0.052288055,Non classical monocytes
GGTGTTATCCATGAAC-1,GARQ,D5,2,40,38,27,0.009276271,CD56dim CD16bright NK
GTAACGTAGTGTTAGA-1,GARQ,D5,2,40,38,29,0.05766785,CD4 memory
GTAACGTGTCGATTGT-1,GARQ,D5,2,40,38,10,0.07402241,Classical monocytes
GTAACGTGTTACAGAA-1,GARQ,D5,2,40,38,10,0.02893114,Classical monocytes
GTAACGTGTTTACTCT-1,GARQ,D5,2,40,38,17,0.039867282,CD8 naive
GTAACGTTCCGCGCAA-1,GARQ,D5,2,40,38,17,0.05078292,CD8 naive
GTAACGTTCTGTCCGT-1,GARQ,D5,2,40,38,5,0.013739347,CD56dim CD16bright NK
GTAACGTTCTTGGGTA-1,GARQ,D5,2,40,38,34,0.01938057,MAIT-NKT cells
GTAACTGCACAGATTC-1,GARQ,D5,2,40,38,39,0.10453355,CD4 memory
GTAACTGGTAGCCTCG-1,GARQ,D5,2,40,38,1,0.020641446,CD56dim CD16bright NK
GTAACTGTCGGTCTAA-1,GARQ,D5,2,40,38,11,0.009301424,CD56dim CD16bright NK
GTACGTAAGCGTTCCG-1,GARQ,D5,2,40,38,29,0.0940516,CD4 memory
GTACGTAAGGTGATAT-1,GARQ,D5,2,40,38,29,0.05856049,CD4 naive II
GTACGTAGTAAAGTCA-1,GARQ,D5,2,40,38,1,0.011330843,CD56dim CD16bright NK
GTACGTAGTTATCACG-1,GARQ,D5,2,40,38,11,0.011563301,CD56dim CD16bright NK
GTACGTATCCTTGCCA-1,GARQ,D5,2,40,38,25,0.018218398,CD8 naive
GTACTCCAGTGGTAGC-1,GARQ,D5,2,40,38,30,0.15123749,CD56dim CD16bright NK
GTACTCCCATTCACTT-1,GARQ,D5,2,40,38,31,0.06054902,conventional DC
GTACTCCTCAAAGACA-1,GARQ,D5,2,40,38,36,0.0664109,Naive B
GTACTTTCATATGGTC-1,GARQ,D5,2,40,38,14,0.009135008,CD8 naive
GTACTTTGTAGAAAGG-1,GARQ,D5,2,40,38,18,0.048852444,Neutrophils
GTACTTTGTCGAGATG-1,GARQ,D5,2,40,38,5,0.06747961,CD56dim CD16bright NK
GTACTTTGTCGCCATG-1,GARQ,D5,2,40,38,10,0.06638205,Classical monocytes
GTACTTTGTCTGCCAG-1,GARQ,D5,2,40,38,10,0.07685876,Classical monocytes
GTACTTTTCAACACTG-1,GARQ,D5,2,40,38,3,0.060483217,MAIT-NKT cells
GTACTTTTCCTGCCAT-1,GARQ,D5,2,40,38,11,0.0021812916,CD56dim CD16bright NK
GTAGGCCAGCCGATTT-1,GARQ,D5,2,40,38,33,0.03491938,CD8 effector
GTAGGCCCAATCGAAA-1,GARQ,D5,2,40,38,10,0.014115334,Neutrophils
GTAGGCCGTAGCCTCG-1,GARQ,D5,2,40,38,10,0.09878063,Classical monocytes
GTAGGCCGTCCTCCAT-1,GARQ,D5,2,40,38,18,0.035571337,Classical monocytes
GTAGGCCGTGCAGTAG-1,GARQ,D5,2,40,38,1,0.046950817,CD56dim CD16bright NK
GTAGGCCGTTAAGTAG-1,GARQ,D5,2,40,38,0,0.015162826,CD56dim CD16bright NK
GTAGGCCGTTGTCGCG-1,GARQ,D5,2,40,38,10,0.008255601,Platelet-bound monocytes
GTAGGCCGTTTGGCGC-1,GARQ,D5,2,40,38,10,0.023730278,conventional DC
GTAGGCCTCAACACAC-1,GARQ,D5,2,40,38,10,0.037994623,Classical monocytes
GTAGGCCTCCGCAGTG-1,GARQ,D5,2,40,38,29,0.112174034,CD4 memory
GTAGTCAGTACATGTC-1,GARQ,D5,2,40,38,30,0.004027009,CD8 effector
GTAGTCATCAGCTGGC-1,GARQ,D5,2,40,38,39,0.015343785,CD4 memory
GTATCTTAGTACGCCC-1,GARQ,D5,2,40,38,25,0.022411227,CD4 naive I
GTATTCTGTTCTGAAC-1,GARQ,D5,2,40,38,26,0.0321424,NK-monocyte doublets
GTATTCTTCACCCGAG-1,GARQ,D5,2,40,38,5,0.058716536,CD56dim CD16bright NK
GTATTCTTCAGCTCGG-1,GARQ,D5,2,40,38,39,0.0047849417,Regulatory T cells
GTATTCTTCCAAATGC-1,GARQ,D5,2,40,38,5,0.013737798,CD56dim CD16bright NK
GTCAAGTAGAGAGCTC-1,GARQ,D5,2,40,38,33,0.08948541,NK-T doublets
GTCAAGTAGTGTACCT-1,GARQ,D5,2,40,38,29,0.07082248,CD4 memory
GTCAAGTCACTGTTAG-1,GARQ,D5,2,40,38,33,0.18450499,CD8 memory
GTCAAGTCATGAGCGA-1,GARQ,D5,2,40,38,4,0.033519387,CD4 and CD8 activated memory
GTCAAGTGTAGAGTGC-1,GARQ,D5,2,40,38,0,0.11457884,CD8 effector
GTCAAGTTCACAAACC-1,GARQ,D5,2,40,38,34,0.012179971,CD4 memory
GTCAAGTTCGACGGAA-1,GARQ,D5,2,40,38,5,0.01588142,CD56dim CD16bright NK
GTCACAAAGAAACCAT-1,GARQ,D5,2,40,38,11,0.011286974,CD56dim CD16bright NK
GTCACAAAGCATGGCA-1,GARQ,D5,2,40,38,0,0.05230999,CD56bright CD16dim NK
GTCACAAAGGTGCACA-1,GARQ,D5,2,40,38,30,0.08598566,CD56dim CD16bright NK
GTCACAAGTGACCAAG-1,GARQ,D5,2,40,38,0,0.028274655,CD56dim CD16bright NK
GTCACAATCTTGACGA-1,GARQ,D5,2,40,38,3,0.061365247,MAIT-NKT cells
GTCACGGAGTGAACAT-1,GARQ,D5,2,40,38,29,0.04234624,CD4 memory
GTCACGGCAATCCAAC-1,GARQ,D5,2,40,38,0,0.047250867,CD8 effector
GTCACGGCACTTACGA-1,GARQ,D5,2,40,38,16,0.014990091,CD4 memory
GTCACGGCATACTACG-1,GARQ,D5,2,40,38,5,0.031537056,CD56dim CD16bright NK
GTCACGGCATTCCTCG-1,GARQ,D5,2,40,38,17,0.07819617,CD4 naive I
GTCACGGTCTGCGTAA-1,GARQ,D5,2,40,38,27,0.0021921396,CD56dim CD16bright NK
GTCATTTCAACTTGAC-1,GARQ,D5,2,40,38,0,0.04585457,CD8 effector
GTCATTTCAAGTCTGT-1,GARQ,D5,2,40,38,13,0.011756182,Neutrophils
GTCATTTGTAAGAGAG-1,GARQ,D5,2,40,38,10,0.026278496,Classical monocytes
GTCATTTGTACTTAGC-1,GARQ,D5,2,40,38,29,0.042683363,CD4 memory
GTCCTCAAGATGTCGG-1,GARQ,D5,2,40,38,24,0.0020725727,MAIT-NKT cells
GTCCTCAAGGATGTAT-1,GARQ,D5,2,40,38,0,0.022107482,CD56dim CD16bright NK
GTCCTCAGTGGACGAT-1,GARQ,D5,2,40,38,29,0.08909905,CD4 memory
GTCCTCAGTTACGACT-1,GARQ,D5,2,40,38,33,0.091192365,MAIT-NKT cells
GTCGGGTAGTGAATTG-1,GARQ,D5,2,40,38,1,0.045662045,CD8 effector
GTCGGGTCAACTGCGC-1,GARQ,D5,2,40,38,36,0.20784032,Naive B
GTCGGGTCAGGAATGC-1,GARQ,D5,2,40,38,29,0.14636302,CD4 naive I
GTCGGGTGTCCAGTTA-1,GARQ,D5,2,40,38,1,0.09272456,CD56dim CD16bright NK
GTCGGGTGTTTCGCTC-1,GARQ,D5,2,40,38,10,0.059168696,Classical monocytes
GTCGTAAAGCGATGAC-1,GARQ,D5,2,40,38,17,0.022076607,CD8 naive
GTCGTAACACAGGAGT-1,GARQ,D5,2,40,38,1,0.053276062,CD56dim CD16bright NK
GTCGTAAGTAGCCTAT-1,GARQ,D5,2,40,38,10,0.06460786,Classical monocytes
GTCGTAAGTCGCTTCT-1,GARQ,D5,2,40,38,36,0.06805509,T-NK-B cell doublets
GTCGTAAGTGTTGGGA-1,GARQ,D5,2,40,38,10,0.048407197,Neutrophils
GTCGTAATCCACTGGG-1,GARQ,D5,2,40,38,36,0.22099721,Naive B
GTCGTAATCGCTGATA-1,GARQ,D5,2,40,38,36,0.13003302,T-NK-B cell doublets
GTCGTAATCGGCATCG-1,GARQ,D5,2,40,38,21,0.014234006,plasmacytoid DC
GTCGTAATCGTTGACA-1,GARQ,D5,2,40,38,10,0.12795687,Classical monocytes
GTCTCGTAGAAACGAG-1,GARQ,D5,2,40,38,5,0.16333294,Proliferating T and NK cell
GTCTCGTTCGGTCCGA-1,GARQ,D5,2,40,38,0,0.0041730404,CD56dim CD16bright NK
GTCTTCGCAATTCCTT-1,GARQ,D5,2,40,38,17,0.01871562,CD8 naive
GTCTTCGGTGCAACGA-1,GARQ,D5,2,40,38,34,0.04126203,MAIT-NKT cells
GTCTTCGGTGCTAGCC-1,GARQ,D5,2,40,38,10,0.08558738,Neutrophils
GTCTTCGTCCGAATGT-1,GARQ,D5,2,40,38,0,0.07353282,CD56dim CD16bright NK
GTGAAGGGTATAGTAG-1,GARQ,D5,2,40,38,0,0.07471502,CD56dim CD16bright NK
GTGAAGGGTTTGTGTG-1,GARQ,D5,2,40,38,29,0.062330842,CD4 naive I
GTGCAGCAGTGCCATT-1,GARQ,D5,2,40,38,0,0.00406003,CD56dim CD16bright NK
GTGCAGCGTTCCAACA-1,GARQ,D5,2,40,38,10,0.07907176,Classical monocytes
GTGCAGCGTTTGTTGG-1,GARQ,D5,2,40,38,39,0.10498428,CD4 naive I
GTGCATAAGCCGATTT-1,GARQ,D5,2,40,38,16,0.049851418,NK-T doublets
GTGCATAGTCGGCATC-1,GARQ,D5,2,40,38,27,0.00594759,CD56dim CD16bright NK
GTGCATATCAGTCAGT-1,GARQ,D5,2,40,38,39,0.06978023,CD8 naive
GTGCGGTAGTACGCCC-1,GARQ,D5,2,40,38,1,0.076547146,CD56dim CD16bright NK
GTGCGGTGTAGCTGCC-1,GARQ,D5,2,40,38,25,0.020673394,CD4 naive II
GTGCTTCGTCCGAATT-1,GARQ,D5,2,40,38,0,0.08123231,CD56dim CD16bright NK
GTGGGTCCACAGTCGC-1,GARQ,D5,2,40,38,36,0.09521794,T-NK-B cell doublets
GTGGGTCCATGTCGAT-1,GARQ,D5,2,40,38,39,0.07125902,CD4 naive I
GTGGGTCGTCGAGATG-1,GARQ,D5,2,40,38,0,0.0108937025,CD8 effector
GTGGGTCTCACTTACT-1,GARQ,D5,2,40,38,33,0.036682606,CD8 effector
GTGGGTCTCTTCGAGA-1,GARQ,D5,2,40,38,10,0.053872585,conventional DC
GTGTGCGAGACATAAC-1,GARQ,D5,2,40,38,10,0.041787744,Classical monocytes
GTGTGCGCAATAGCGG-1,GARQ,D5,2,40,38,22,0.009315968,CD4 memory
GTGTGCGCACAGATTC-1,GARQ,D5,2,40,38,29,0.070043206,CD4 memory
GTGTGCGGTCTCACCT-1,GARQ,D5,2,40,38,1,0.06709814,CD56dim CD16bright NK
GTGTGCGGTGGTTTCA-1,GARQ,D5,2,40,38,29,0.08433306,CD4 memory
GTGTGCGTCTGGGCCA-1,GARQ,D5,2,40,38,17,0.028873801,CD4 naive I
GTGTTAGGTAAACGCG-1,GARQ,D5,2,40,38,10,0.09866226,Classical monocytes
GTGTTAGGTCAGATAA-1,GARQ,D5,2,40,38,29,0.010470986,CD4 naive I
GTTAAGCAGCGACGTA-1,GARQ,D5,2,40,38,29,0.050735354,CD4 memory
GTTAAGCGTAAGTGTA-1,GARQ,D5,2,40,38,25,0.10753822,CD8 naive
GTTACAGAGAGCTGCA-1,GARQ,D5,2,40,38,0,0.03317976,CD56dim CD16bright NK
GTTACAGAGAGGGATA-1,GARQ,D5,2,40,38,0,0.08431196,CD56dim CD16bright NK
GTTACAGAGTAAGTAC-1,GARQ,D5,2,40,38,11,0.024548292,CD56dim CD16bright NK
GTTACAGGTAGCTAAA-1,GARQ,D5,2,40,38,29,0.028700829,CD4 memory
GTTACAGTCTGAGGGA-1,GARQ,D5,2,40,38,5,0.030043483,CD56dim CD16bright NK
GTTCATTAGATGTTAG-1,GARQ,D5,2,40,38,33,0.12810731,MAIT-NKT cells
GTTCATTGTTACGGAG-1,GARQ,D5,2,40,38,33,0.097367525,gdT cells
GTTCATTGTTCCGGCA-1,GARQ,D5,2,40,38,0,0.044218898,CD8 effector
GTTCATTGTTTAGCTG-1,GARQ,D5,2,40,38,10,0.0076622963,conventional DC
GTTCATTTCACTATTC-1,GARQ,D5,2,40,38,0,0.008657336,MAIT-NKT cells
GTTCGGGAGAGGTAGA-1,GARQ,D5,2,40,38,29,0.12976432,CD4 naive I
GTTCGGGAGAGTTGGC-1,GARQ,D5,2,40,38,0,0.045311928,CD56dim CD16bright NK
GTTCGGGTCACCCGAG-1,GARQ,D5,2,40,38,3,0.13720393,MAIT-NKT cells
GTTCTCGAGCAGACTG-1,GARQ,D5,2,40,38,18,0.025096416,Classical monocytes
GTTCTCGAGTGGGATC-1,GARQ,D5,2,40,38,5,0.05242169,CD56dim CD16bright NK
GTTCTCGCACCAACCG-1,GARQ,D5,2,40,38,10,0.15919018,Classical monocytes
GTTCTCGGTATCTGCA-1,GARQ,D5,2,40,38,17,0.017591357,Regulatory T cells
GTTCTCGGTTCGCTAA-1,GARQ,D5,2,40,38,12,0.015044451,CD4 and CD8 activated memory
GTTCTCGTCAACCAAC-1,GARQ,D5,2,40,38,17,0.08973956,CD8 memory
GTTCTCGTCGCCATAA-1,GARQ,D5,2,40,38,10,0.024108768,Neutrophils
GTTTCTAAGAGGTTAT-1,GARQ,D5,2,40,38,27,0.005238056,Proliferating T and NK cell
GTTTCTAGTAAGGGAA-1,GARQ,D5,2,40,38,5,0.001761198,CD56dim CD16bright NK
GTTTCTAGTGAGGGTT-1,GARQ,D5,2,40,38,25,0.02759397,CD8 memory
GTTTCTATCGTGGACC-1,GARQ,D5,2,40,38,29,0.018546581,CD4 memory
TAAACCGCACATCCAA-1,GARQ,D5,2,40,38,5,0.0017826557,CD56dim CD16bright NK
TAAACCGCAGTTTACG-1,GARQ,D5,2,40,38,29,0.01264745,Regulatory T cells
TAAACCGGTGTCCTCT-1,GARQ,D5,2,40,38,25,0.086075544,CD4 naive I
TAAACCGTCATAACCG-1,GARQ,D5,2,40,38,34,0.053552985,MAIT-NKT cells
TAAGAGAGTCAAACTC-1,GARQ,D5,2,40,38,17,0.018489957,CD8 memory
TAAGAGAGTCGACTAT-1,GARQ,D5,2,40,38,5,0.045987725,CD56dim CD16bright NK
TAAGAGAGTCTAAACC-1,GARQ,D5,2,40,38,39,0.020837784,CD4 memory
TAAGCGTAGACCGGAT-1,GARQ,D5,2,40,38,10,0.10065842,Platelet-bound monocytes
TAAGCGTGTAACGCGA-1,GARQ,D5,2,40,38,10,0.0034778118,Classical monocytes
TAAGCGTGTCGAACAG-1,GARQ,D5,2,40,38,32,0.0028965473,CD4 memory
TAAGCGTGTCTTCGTC-1,GARQ,D5,2,40,38,10,0.060094357,Neutrophils
TAAGCGTTCCTAGAAC-1,GARQ,D5,2,40,38,5,0.034590006,CD56dim CD16bright NK
TAAGTGCGTTTACTCT-1,GARQ,D5,2,40,38,33,0.04229641,NK-T doublets
TACACGAAGACCGGAT-1,GARQ,D5,2,40,38,1,0.01782155,MAIT-NKT cells
TACACGAAGATGTGGC-1,GARQ,D5,2,40,38,10,0.019886374,Classical monocytes
TACACGATCGATGAGG-1,GARQ,D5,2,40,38,31,0.15212297,Non classical monocytes
TACAGTGAGACGCAAC-1,GARQ,D5,2,40,38,26,0.019002318,NK-monocyte doublets
TACAGTGAGGCTCATT-1,GARQ,D5,2,40,38,20,0.039498687,CD4 naive I
TACAGTGCACGAAAGC-1,GARQ,D5,2,40,38,10,0.045626402,Classical monocytes
TACAGTGCAGGCGATA-1,GARQ,D5,2,40,38,36,0.16492152,Naive B
TACAGTGGTTTCGCTC-1,GARQ,D5,2,40,38,36,0.16576755,Memory B
TACAGTGTCCCAAGTA-1,GARQ,D5,2,40,38,16,0.052700043,CD4 memory
TACCTATAGAATGTGT-1,GARQ,D5,2,40,38,36,0.009141445,Memory B
TACCTATCAATAGCAA-1,GARQ,D5,2,40,38,10,0.08504844,Classical monocytes
TACCTATGTTAGTGGG-1,GARQ,D5,2,40,38,36,0.05911517,Memory B
TACCTATTCTCGTTTA-1,GARQ,D5,2,40,38,26,0.027116299,Non classical monocytes
TACCTTAAGCACGCCT-1,GARQ,D5,2,40,38,18,0.008960485,Classical monocytes
TACCTTAAGGCTCAGA-1,GARQ,D5,2,40,38,34,0.014189482,CD8 effector
TACCTTACAACACCCG-1,GARQ,D5,2,40,38,1,0.04019916,CD56dim CD16bright NK
TACCTTACAGCTCCGA-1,GARQ,D5,2,40,38,33,0.03534627,NK-T doublets
TACCTTACATAAGACA-1,GARQ,D5,2,40,38,18,0.0053732395,Non classical monocytes
TACCTTAGTGTTAAGA-1,GARQ,D5,2,40,38,39,0.032152534,CD4 naive II
TACCTTATCAAACGGG-1,GARQ,D5,2,40,38,0,0.06882,CD56dim CD16bright NK
TACGGATAGTCCAGGA-1,GARQ,D5,2,40,38,0,0.071706414,CD56dim CD16bright NK
TACGGATGTCTCTTAT-1,GARQ,D5,2,40,38,17,0.11272669,CD8 naive
TACGGGCAGCTAAACA-1,GARQ,D5,2,40,38,10,0.15239048,Classical monocytes
TACGGGCCACTATCTT-1,GARQ,D5,2,40,38,21,0.14226949,Naive B
TACGGGCCATCGACGC-1,GARQ,D5,2,40,38,36,0.07243562,Naive B
TACGGGCGTCACACGC-1,GARQ,D5,2,40,38,0,0.012262344,CD56dim CD16bright NK
TACGGGCTCGAATCCA-1,GARQ,D5,2,40,38,16,0.029562116,NK-T doublets
TACGGGCTCGTCCAGG-1,GARQ,D5,2,40,38,29,0.0030207634,CD4 naive I
TACGGTAAGCTGTCTA-1,GARQ,D5,2,40,38,5,0.028163552,Non classical monocytes
TACGGTAAGGCTATCT-1,GARQ,D5,2,40,38,10,0.038549185,Classical monocytes
TACGGTAGTGAGTATA-1,GARQ,D5,2,40,38,11,0.002321601,CD56dim CD16bright NK
TACGGTAGTTGATTCG-1,GARQ,D5,2,40,38,10,0.04301262,Classical monocytes
TACTCATGTTAAGGGC-1,GARQ,D5,2,40,38,33,0.05629289,CD8 effector
TACTCATTCTGCTTGC-1,GARQ,D5,2,40,38,0,0.018342972,CD56dim CD16bright NK
TACTCATTCTTCATGT-1,GARQ,D5,2,40,38,33,0.11932671,CD8 memory
TACTCGCCAAATCCGT-1,GARQ,D5,2,40,38,24,0.027037919,NK-T doublets
TACTTACAGAGGGATA-1,GARQ,D5,2,40,38,39,0.04519987,Regulatory T cells
TACTTACAGTATCTCG-1,GARQ,D5,2,40,38,4,0.057694256,MAIT-NKT cells
TACTTACGTAGCGTAG-1,GARQ,D5,2,40,38,11,0.045463085,CD56dim CD16bright NK
TACTTACGTCCCGACA-1,GARQ,D5,2,40,38,4,0.04531002,CD8 memory
TACTTACTCGTTGCCT-1,GARQ,D5,2,40,38,27,0.03143704,CD56dim CD16bright NK
TACTTACTCTTATCTG-1,GARQ,D5,2,40,38,26,0.02715242,NK-monocyte doublets
TACTTGTAGAGTGAGA-1,GARQ,D5,2,40,38,18,0.050266147,Classical monocytes
TACTTGTAGCCAACAG-1,GARQ,D5,2,40,38,35,0.0036706924,conventional DC
TACTTGTCAGGAACGT-1,GARQ,D5,2,40,38,11,0.056215167,CD56dim CD16bright NK
TACTTGTCATGGATGG-1,GARQ,D5,2,40,38,29,0.030859232,CD8 memory
TACTTGTGTCTTCTCG-1,GARQ,D5,2,40,38,36,0.26115346,Naive B
TACTTGTGTTAGGGTG-1,GARQ,D5,2,40,38,32,0.00054448843,T-NK-B cell doublets
TACTTGTTCGTAGATC-1,GARQ,D5,2,40,38,0,0.07101035,CD56dim CD16bright NK
TAGACCAAGCGATCCC-1,GARQ,D5,2,40,38,9,0.012248278,CD4 and CD8 activated memory
TAGACCATCCGTACAA-1,GARQ,D5,2,40,38,10,0.033931732,Neutrophils
TAGAGCTCACGGTAAG-1,GARQ,D5,2,40,38,18,0.031713963,Non classical monocytes
TAGCCGGAGGCTAGAC-1,GARQ,D5,2,40,38,33,0.051699996,MAIT-NKT cells
TAGCCGGCACTGTGTA-1,GARQ,D5,2,40,38,10,0.02947104,Classical monocytes
TAGGCATAGACAGAGA-1,GARQ,D5,2,40,38,27,0.011532307,CD56dim CD16bright NK
TAGGCATAGCGTCTAT-1,GARQ,D5,2,40,38,27,0.037649393,CD56dim CD16bright NK
TAGGCATAGGATTCGG-1,GARQ,D5,2,40,38,0,0.01843226,CD56dim CD16bright NK
TAGGCATAGTTTCCTT-1,GARQ,D5,2,40,38,26,0.07830644,NK-monocyte doublets
TAGGCATCAGACGTAG-1,GARQ,D5,2,40,38,6,0.35049367,plasmacytoid DC
TAGGCATCAGGGTATG-1,GARQ,D5,2,40,38,29,0.14827454,CD4 memory
TAGGCATGTCCAACTA-1,GARQ,D5,2,40,38,29,0.03489244,CD8 naive
TAGGCATGTGATGCCC-1,GARQ,D5,2,40,38,10,0.08244109,Classical monocytes
TAGGCATTCAGGCCCA-1,GARQ,D5,2,40,38,10,0.020287514,Non classical monocytes
TAGGCATTCTGGCGAC-1,GARQ,D5,2,40,38,33,0.07671678,NK-T doublets
TAGTGGTAGAAGGTGA-1,GARQ,D5,2,40,38,5,0.03315997,CD56dim CD16bright NK
TAGTGGTAGATCTGAA-1,GARQ,D5,2,40,38,36,0.05669856,T-NK-B cell doublets
TAGTGGTGTACCATCA-1,GARQ,D5,2,40,38,0,0.046963334,CD56dim CD16bright NK
TAGTGGTGTGTATGGG-1,GARQ,D5,2,40,38,30,0.012172103,CD8 effector
TAGTGGTTCCACGTTC-1,GARQ,D5,2,40,38,0,0.03375888,CD56dim CD16bright NK
TAGTGGTTCTCCCTGA-1,GARQ,D5,2,40,38,1,0.10860193,CD56dim CD16bright NK
TAGTTGGAGTCAATAG-1,GARQ,D5,2,40,38,0,0.06849778,CD56dim CD16bright NK
TATCAGGAGCGCTTAT-1,GARQ,D5,2,40,38,29,0.11741018,CD4 naive I
TATCAGGCATGGGAAC-1,GARQ,D5,2,40,38,5,0.061867952,CD56dim CD16bright NK
TATCAGGGTAAAGTCA-1,GARQ,D5,2,40,38,21,0.15922284,Naive B
TATCAGGGTTTGTGTG-1,GARQ,D5,2,40,38,36,0.14503837,T-NK-B cell doublets
TATCTCACAGTCAGAG-1,GARQ,D5,2,40,38,29,0.19747496,CD4 memory
TATCTCAGTGCAACGA-1,GARQ,D5,2,40,38,29,0.055711508,CD4 naive II
TATCTCATCGTGTAGT-1,GARQ,D5,2,40,38,18,0.04311478,Classical monocytes
TATGCCCAGCCAGGAT-1,GARQ,D5,2,40,38,10,0.0058484077,Platelet-bound monocytes
TATGCCCAGGGTATCG-1,GARQ,D5,2,40,38,10,0.05719185,Classical monocytes
TATGCCCGTAGGACAC-1,GARQ,D5,2,40,38,39,0.0038535595,CD4 memory
TATGCCCGTCACTTCC-1,GARQ,D5,2,40,38,36,0.0059520006,Naive B
TATGCCCTCACTATTC-1,GARQ,D5,2,40,38,36,0.08663815,Naive B
TATTACCAGATCGGGT-1,GARQ,D5,2,40,38,29,0.11483693,CD4 memory
TATTACCTCAGTGCAT-1,GARQ,D5,2,40,38,39,0.009955406,CD4 memory
TCAACGACAGACAGGT-1,GARQ,D5,2,40,38,36,0.0184533,T-NK-B cell doublets
TCAACGACAGATAATG-1,GARQ,D5,2,40,38,18,0.014807701,Classical monocytes
TCAACGAGTCAAACTC-1,GARQ,D5,2,40,38,25,0.04693401,CD4 naive I
TCAACGAGTCTAAACC-1,GARQ,D5,2,40,38,34,0.073810816,CD4 memory
TCAACGATCGTGGGAA-1,GARQ,D5,2,40,38,35,0.06364274,T-NK-B cell doublets
TCAACGATCTTGTACT-1,GARQ,D5,2,40,38,29,0.06182623,CD4 memory
TCAATCTAGCAGCCTC-1,GARQ,D5,2,40,38,1,0.00902319,CD56dim CD16bright NK
TCAATCTAGGACAGAA-1,GARQ,D5,2,40,38,26,0.024315834,Classical monocytes
TCAATCTTCCTTTCGG-1,GARQ,D5,2,40,38,27,0.010200262,CD56dim CD16bright NK
TCACAAGAGTGCCATT-1,GARQ,D5,2,40,38,32,0.012830496,CD4 naive I
TCACAAGCAGAAGCAC-1,GARQ,D5,2,40,38,25,0.07780421,CD4 naive I
TCACGAAAGCAGCGTA-1,GARQ,D5,2,40,38,36,0.13941944,T-NK-B cell doublets
TCACGAAAGTCAAGGC-1,GARQ,D5,2,40,38,29,0.21252501,CD8 memory
TCACGAACAGACGCAA-1,GARQ,D5,2,40,38,33,0.043982983,NK-T doublets
TCACGAACAGGCTGAA-1,GARQ,D5,2,40,38,0,0.04715967,CD56dim CD16bright NK
TCACGAAGTAAGGGAA-1,GARQ,D5,2,40,38,39,0.011046767,CD8 naive
TCACGAAGTGCCTGCA-1,GARQ,D5,2,40,38,26,0.07396734,NK-monocyte doublets
TCAGATGCAAGCTGAG-1,GARQ,D5,2,40,38,11,0.0064536333,CD8 effector
TCAGCAACACATTTCT-1,GARQ,D5,2,40,38,17,0.07876468,CD8 naive
TCAGCAACATCCCATC-1,GARQ,D5,2,40,38,29,0.06477523,CD8 memory
TCAGCAAGTAGCCTCG-1,GARQ,D5,2,40,38,29,0.06660426,CD4 naive I
TCAGCAATCATTGCCC-1,GARQ,D5,2,40,38,10,0.12026572,Classical monocytes
TCAGCAATCGATGAGG-1,GARQ,D5,2,40,38,29,0.06595969,CD4 naive I
TCAGCAATCGTTTAGG-1,GARQ,D5,2,40,38,11,0.06679273,CD56dim CD16bright NK
TCAGCTCAGACGCTTT-1,GARQ,D5,2,40,38,18,0.050235987,Non classical monocytes
TCAGCTCAGGCAGGTT-1,GARQ,D5,2,40,38,25,0.037578106,CD4 naive I
TCAGCTCCAAACGTGG-1,GARQ,D5,2,40,38,0,0.024195015,Platelet-T cell doublets
TCAGCTCCAAGAAGAG-1,GARQ,D5,2,40,38,36,0.07016194,Naive B
TCAGGATAGAACAATC-1,GARQ,D5,2,40,38,10,0.044347048,Classical monocytes
TCAGGATAGCAGGTCA-1,GARQ,D5,2,40,38,5,0.03960514,CD56dim CD16bright NK
TCAGGATGTAAACACA-1,GARQ,D5,2,40,38,17,0.012749553,MAIT-NKT cells
TCAGGATGTGTGCCTG-1,GARQ,D5,2,40,38,3,0.00519979,MAIT-NKT cells
TCAGGATGTTCCAACA-1,GARQ,D5,2,40,38,5,0.055071115,CD56dim CD16bright NK
TCAGGATTCAACACCA-1,GARQ,D5,2,40,38,17,0.036676764,CD8 naive
TCAGGTAAGCGAGAAA-1,GARQ,D5,2,40,38,29,0.14854145,CD4 memory
TCAGGTAAGGCTCAGA-1,GARQ,D5,2,40,38,27,0.018330693,CD56dim CD16bright NK
TCAGGTACATGGTCTA-1,GARQ,D5,2,40,38,25,0.0038411617,CD4 naive I
TCAGGTATCGATCCCT-1,GARQ,D5,2,40,38,2,0.06523478,CD56dim CD16bright NK
TCAGGTATCGCGCCAA-1,GARQ,D5,2,40,38,29,0.07168841,CD4 memory
TCATTACAGCTCAACT-1,GARQ,D5,2,40,38,5,0.08673537,CD56dim CD16bright NK
TCATTTGAGTACGATA-1,GARQ,D5,2,40,38,0,0.09080446,CD8 effector
TCATTTGGTCAATGTC-1,GARQ,D5,2,40,38,10,0.0803833,Classical monocytes
TCATTTGGTGCTTCTC-1,GARQ,D5,2,40,38,3,0.069103,MAIT-NKT cells
TCATTTGTCGTAGATC-1,GARQ,D5,2,40,38,35,0.0096246,T-NK-B cell doublets
TCCACACCACTAGTAC-1,GARQ,D5,2,40,38,18,0.023672223,Non classical monocytes
TCCACACGTCCGCTGA-1,GARQ,D5,2,40,38,27,0.022146046,CD56dim CD16bright NK
TCCACACTCACTATTC-1,GARQ,D5,2,40,38,22,0.028328776,CD4 and CD8 activated memory
TCCCGATGTCGACTAT-1,GARQ,D5,2,40,38,29,0.016923308,CD4 naive I
TCCCGATGTTCGAATC-1,GARQ,D5,2,40,38,1,0.10148227,CD56dim CD16bright NK
TCCCGATTCACGCGGT-1,GARQ,D5,2,40,38,17,0.026844263,CD4 memory
TCCCGATTCCGTAGTA-1,GARQ,D5,2,40,38,11,0.0545094,CD56dim CD16bright NK
TCCCGATTCTAACGGT-1,GARQ,D5,2,40,38,13,0.0072695017,Classical monocytes
TCGAGGCAGTGGTAAT-1,GARQ,D5,2,40,38,29,0.02301979,CD4 naive I
TCGCGAGAGCCCAACC-1,GARQ,D5,2,40,38,27,0.022041798,CD56dim CD16bright NK
TCGCGAGCATGGATGG-1,GARQ,D5,2,40,38,0,0.06334734,CD56dim CD16bright NK
TCGCGAGGTATGGTTC-1,GARQ,D5,2,40,38,17,0.007776499,CD8 naive
TCGCGAGGTCCAGTTA-1,GARQ,D5,2,40,38,39,0.0031397343,T-NK-B cell doublets
TCGCGAGGTCTAGAGG-1,GARQ,D5,2,40,38,10,0.03564,Classical monocytes
TCGCGAGGTTCGTTGA-1,GARQ,D5,2,40,38,28,0.042895257,CD4 memory
TCGCGTTAGTACGTAA-1,GARQ,D5,2,40,38,39,0.04144478,CD4 naive I
TCGCGTTCATTGAGCT-1,GARQ,D5,2,40,38,25,0.0054124594,CD4 naive I
TCGCGTTGTGCGGTAA-1,GARQ,D5,2,40,38,29,0.111111164,CD4 naive I
TCGCGTTTCACATAGC-1,GARQ,D5,2,40,38,20,0.025545835,CD4 memory
TCGGGACAGCGATATA-1,GARQ,D5,2,40,38,18,0.010108709,Classical monocytes
TCGGGACAGCGTTGCC-1,GARQ,D5,2,40,38,30,0.0063278675,CD56dim CD16bright NK
TCGGGACCAAAGGAAG-1,GARQ,D5,2,40,38,36,0.14110446,Naive B
TCGGGACGTGGGTCAA-1,GARQ,D5,2,40,38,27,0.067858934,CD56dim CD16bright NK
TCGGGACTCGCTTGTC-1,GARQ,D5,2,40,38,10,0.033420205,conventional DC
TCGGTAAAGGAGTCTG-1,GARQ,D5,2,40,38,33,0.030071497,MAIT-NKT cells
TCGGTAAGTCCTGCTT-1,GARQ,D5,2,40,38,13,0.019862175,Classical monocytes
TCGGTAAGTTGCGTTA-1,GARQ,D5,2,40,38,37,0.0083345175,Non classical monocytes
TCGGTAAGTTTGTGTG-1,GARQ,D5,2,40,38,4,0.08228767,MAIT-NKT cells
TCGTACCAGCGAGAAA-1,GARQ,D5,2,40,38,17,0.054852664,CD8 memory
TCGTACCCAGTCCTTC-1,GARQ,D5,2,40,38,0,0.019712687,CD56dim CD16bright NK
TCGTACCGTGCACTTA-1,GARQ,D5,2,40,38,1,0.0035537481,CD8 effector
TCGTAGACATGTCCTC-1,GARQ,D5,2,40,38,29,0.029620886,CD8 memory
TCGTAGATCAGTACGT-1,GARQ,D5,2,40,38,33,0.10687661,NK-T doublets
TCTATTGAGAAAGTGG-1,GARQ,D5,2,40,38,26,0.076707006,Non classical monocytes
TCTATTGGTGACTACT-1,GARQ,D5,2,40,38,5,0.13070774,CD56dim CD16bright NK
TCTATTGTCATCGATG-1,GARQ,D5,2,40,38,25,0.0045508146,CD8 memory
TCTATTGTCCTGTAGA-1,GARQ,D5,2,40,38,10,0.061527967,conventional DC
TCTCATAGTCCTGCTT-1,GARQ,D5,2,40,38,16,0.003581047,CD4 memory
TCTCATAGTCGCATCG-1,GARQ,D5,2,40,38,10,0.079643965,Classical monocytes
TCTCATATCGCACTCT-1,GARQ,D5,2,40,38,39,0.02173376,CD4 naive I
TCTCTAAAGCGATAGC-1,GARQ,D5,2,40,38,1,0.010069132,CD56dim CD16bright NK
TCTCTAACATATGGTC-1,GARQ,D5,2,40,38,26,0.11759329,Non classical monocytes
TCTCTAACATCGATTG-1,GARQ,D5,2,40,38,25,0.013269782,CD4 naive I
TCTCTAACATTGCGGC-1,GARQ,D5,2,40,38,36,0.047969818,Memory B
TCTCTAAGTACCATCA-1,GARQ,D5,2,40,38,1,0.05420947,CD56dim CD16bright NK
TCTCTAAGTGTGCGTC-1,GARQ,D5,2,40,38,36,0.034919083,Naive B
TCTGAGAAGGGCTCTC-1,GARQ,D5,2,40,38,0,0.007198572,CD56dim CD16bright NK
TCTGAGAAGGTAGCCA-1,GARQ,D5,2,40,38,5,0.11852622,CD56dim CD16bright NK
TCTGAGACAGCTGGCT-1,GARQ,D5,2,40,38,26,0.14037561,NK-monocyte doublets
TCTGAGACATGCAATC-1,GARQ,D5,2,40,38,10,0.06319845,Neutrophils
TCTGAGACATGTTGAC-1,GARQ,D5,2,40,38,5,0.06506646,CD56dim CD16bright NK
TCTGAGATCCGCATCT-1,GARQ,D5,2,40,38,10,0.082054734,Classical monocytes
TCTGGAAAGATCCCAT-1,GARQ,D5,2,40,38,5,0.03470993,CD56dim CD16bright NK
TCTGGAAAGTACATGA-1,GARQ,D5,2,40,38,33,0.04066503,CD8 effector
TCTGGAACAGCTGCTG-1,GARQ,D5,2,40,38,10,0.0694288,Classical monocytes
TCTGGAAGTACCTACA-1,GARQ,D5,2,40,38,25,0.04098755,CD4 memory
TCTGGAATCCCTGACT-1,GARQ,D5,2,40,38,27,0.034229875,CD56dim CD16bright NK
TCTGGAATCCGGGTGT-1,GARQ,D5,2,40,38,29,0.03871584,CD4 memory
TCTTCGGGTGACGCCT-1,GARQ,D5,2,40,38,25,0.016218424,CD4 naive I
TCTTCGGTCACCATAG-1,GARQ,D5,2,40,38,10,0.03643489,Classical monocytes
TCTTCGGTCCGTAGGC-1,GARQ,D5,2,40,38,1,0.06394684,CD56dim CD16bright NK
TCTTTCCAGATGCCAG-1,GARQ,D5,2,40,38,1,0.0398978,CD56dim CD16bright NK
TCTTTCCTCACCCTCA-1,GARQ,D5,2,40,38,29,0.062883615,CD8 memory
TCTTTCCTCTCTGTCG-1,GARQ,D5,2,40,38,39,0.001546979,Regulatory T cells
TGAAAGAAGAAACGCC-1,GARQ,D5,2,40,38,36,0.05638963,Plasma cells
TGAAAGAAGGAGTTGC-1,GARQ,D5,2,40,38,29,0.0012541413,CD8 memory
TGAAAGACACACATGT-1,GARQ,D5,2,40,38,27,0.016847968,CD56dim CD16bright NK
TGAAAGACAGTTAACC-1,GARQ,D5,2,40,38,5,0.062223196,CD56dim CD16bright NK
TGAAAGACATAAAGGT-1,GARQ,D5,2,40,38,12,0.02473712,CD8 effector
TGAAAGACATGCATGT-1,GARQ,D5,2,40,38,10,0.05397868,Classical monocytes
TGACAACAGACGCAAC-1,GARQ,D5,2,40,38,29,0.15049267,CD4 naive I
TGACAACGTACAGTGG-1,GARQ,D5,2,40,38,29,0.04844427,CD8 naive
TGACAACTCAACGGGA-1,GARQ,D5,2,40,38,10,0.10733533,Classical monocytes
TGACAACTCCCATTTA-1,GARQ,D5,2,40,38,0,0.028924108,CD56dim CD16bright NK
TGACAACTCGGTGTTA-1,GARQ,D5,2,40,38,1,0.20521688,CD56dim CD16bright NK
TGACGGCAGGCATGGT-1,GARQ,D5,2,40,38,1,0.051840305,CD56dim CD16bright NK
TGACGGCCACCGCTAG-1,GARQ,D5,2,40,38,5,0.090250015,CD56dim CD16bright NK
TGACGGCCAGGCTCAC-1,GARQ,D5,2,40,38,39,0.022410393,CD8 naive
TGACGGCTCCACGACG-1,GARQ,D5,2,40,38,25,0.16176581,CD8 naive
TGACTAGAGCCAGTAG-1,GARQ,D5,2,40,38,0,0.065695286,CD56dim CD16bright NK
TGACTAGTCACTGGGC-1,GARQ,D5,2,40,38,0,0.052903414,CD56dim CD16bright NK
TGACTAGTCCCAAGTA-1,GARQ,D5,2,40,38,10,0.0873723,Classical monocytes
TGACTTTAGAATTCCC-1,GARQ,D5,2,40,38,36,0.18457246,Naive B
TGACTTTAGATGCCAG-1,GARQ,D5,2,40,38,11,0.042140484,CD56dim CD16bright NK
TGACTTTAGCTGCGAA-1,GARQ,D5,2,40,38,1,0.0055128336,CD56dim CD16bright NK
TGACTTTAGTCCATAC-1,GARQ,D5,2,40,38,33,0.08313382,NK-T doublets
TGACTTTGTGGCCCTA-1,GARQ,D5,2,40,38,5,0.040599346,CD56dim CD16bright NK
TGACTTTGTGGTTTCA-1,GARQ,D5,2,40,38,36,0.18000591,Naive B
TGACTTTTCTAACTTC-1,GARQ,D5,2,40,38,5,0.012554884,CD56bright CD16dim NK
TGACTTTTCTGGGCCA-1,GARQ,D5,2,40,38,18,0.057096004,Non classical monocytes
TGAGAGGAGACAGAGA-1,GARQ,D5,2,40,38,27,0.055208325,CD56dim CD16bright NK
TGAGAGGAGTGTGGCA-1,GARQ,D5,2,40,38,36,0.09421933,Naive B
TGAGAGGGTGATGCCC-1,GARQ,D5,2,40,38,36,0.08988345,Naive B
TGAGAGGGTTACGACT-1,GARQ,D5,2,40,38,31,0.10057354,Non classical monocytes
TGAGAGGTCGCTGATA-1,GARQ,D5,2,40,38,0,0.01676011,CD8 effector
TGAGCATCAGACGCCT-1,GARQ,D5,2,40,38,10,0.014129639,Neutrophils
TGAGCATCAGCTCCGA-1,GARQ,D5,2,40,38,27,0.0012987852,CD8 effector
TGAGCATGTCAGAAGC-1,GARQ,D5,2,40,38,5,0.068809986,CD56dim CD16bright NK
TGAGCATTCCTAGGGC-1,GARQ,D5,2,40,38,29,0.10017753,CD8 memory
TGAGCATTCGCAGGCT-1,GARQ,D5,2,40,38,29,0.056207538,CD4 memory
TGAGCCGAGAGACGAA-1,GARQ,D5,2,40,38,25,0.07087338,CD4 naive I
TGAGCCGAGCCAGTAG-1,GARQ,D5,2,40,38,1,0.116420746,CD8 effector
TGAGCCGAGCTAGTCT-1,GARQ,D5,2,40,38,23,0.047068596,MAIT-NKT cells
TGAGCCGAGCTGATAA-1,GARQ,D5,2,40,38,21,0.16020334,Naive B
TGAGCCGCACAGTCGC-1,GARQ,D5,2,40,38,33,0.06606746,NK-T doublets
TGAGCCGCAGATGAGC-1,GARQ,D5,2,40,38,10,0.070755124,Neutrophils
TGAGGGAAGATGTCGG-1,GARQ,D5,2,40,38,34,0.048247814,Erythroid 
TGAGGGACAATGACCT-1,GARQ,D5,2,40,38,10,0.011968732,Classical monocytes
TGAGGGACAGTTTACG-1,GARQ,D5,2,40,38,5,0.002092123,CD56bright CD16dim NK
TGAGGGAGTTCGTGAT-1,GARQ,D5,2,40,38,10,0.12099147,Neutrophils
TGATTTCAGGGCTCTC-1,GARQ,D5,2,40,38,33,0.001206398,CD8 effector
TGATTTCGTAGAAGGA-1,GARQ,D5,2,40,38,25,0.003053069,CD4 memory
TGCACCTAGACTAGAT-1,GARQ,D5,2,40,38,1,0.026961207,CD56dim CD16bright NK
TGCACCTCAAACCCAT-1,GARQ,D5,2,40,38,1,0.07638121,CD56bright CD16dim NK
TGCACCTGTTCACGGC-1,GARQ,D5,2,40,38,10,0.06692672,Platelet-bound monocytes
TGCACCTTCATTGCGA-1,GARQ,D5,2,40,38,17,0.0294528,CD8 memory
TGCCAAACACGTTGGC-1,GARQ,D5,2,40,38,29,0.047516227,CD4 naive I
TGCCAAATCTACTCAT-1,GARQ,D5,2,40,38,18,0.0141301155,Non classical monocytes
TGCCAAATCTGTGCAA-1,GARQ,D5,2,40,38,36,0.15585017,Naive B
TGCCCATAGACTTTCG-1,GARQ,D5,2,40,38,5,0.015448213,CD56dim CD16bright NK
TGCCCATAGCCACTAT-1,GARQ,D5,2,40,38,1,0.027954102,CD56dim CD16bright NK
TGCCCATCACCGATAT-1,GARQ,D5,2,40,38,25,0.057561874,CD8 naive
TGCCCATCATACGCCG-1,GARQ,D5,2,40,38,25,0.0025993586,CD4 memory
TGCCCATCATTGGTAC-1,GARQ,D5,2,40,38,10,0.0704447,Classical monocytes
TGCCCATTCCTATGTT-1,GARQ,D5,2,40,38,16,0.025565147,CD8 memory
TGCCCTAAGTACGCGA-1,GARQ,D5,2,40,38,26,0.0836333,Non classical monocytes
TGCCCTACAGCTCGAC-1,GARQ,D5,2,40,38,29,0.013178349,CD4 naive II
TGCCCTAGTATAGGGC-1,GARQ,D5,2,40,38,29,0.004339695,CD8 naive
TGCCCTAGTATCAGTC-1,GARQ,D5,2,40,38,0,0.011854529,CD56dim CD16bright NK
TGCCCTAGTCCGTTAA-1,GARQ,D5,2,40,38,0,0.040169954,CD56dim CD16bright NK
TGCCCTATCTAACGGT-1,GARQ,D5,2,40,38,4,0.03343439,MAIT-NKT cells
TGCGCAGAGATCCTGT-1,GARQ,D5,2,40,38,1,0.04855132,CD56bright CD16dim NK
TGCGCAGCAATGAATG-1,GARQ,D5,2,40,38,11,0.06487656,CD56dim CD16bright NK
TGCGCAGCACGGATAG-1,GARQ,D5,2,40,38,30,0.08672947,T-NK-B cell doublets
TGCGCAGTCACCTTAT-1,GARQ,D5,2,40,38,29,0.0125620365,CD4 naive I
TGCGCAGTCAGCACAT-1,GARQ,D5,2,40,38,10,0.025902271,Classical monocytes
TGCGCAGTCGGAATCT-1,GARQ,D5,2,40,38,1,0.1006031,CD56dim CD16bright NK
TGCGGGTAGAAACGAG-1,GARQ,D5,2,40,38,4,0.009003997,MAIT-NKT cells
TGCGGGTAGCTAGTCT-1,GARQ,D5,2,40,38,1,0.030038595,CD56dim CD16bright NK
TGCGGGTGTAATAGCA-1,GARQ,D5,2,40,38,27,0.006554723,CD56dim CD16bright NK
TGCGGGTTCACAAACC-1,GARQ,D5,2,40,38,4,0.042285085,CD8 memory
TGCGGGTTCGTTGCCT-1,GARQ,D5,2,40,38,16,0.019618392,CD4 memory
TGCGTGGCACGAGGTA-1,GARQ,D5,2,40,38,5,0.14197731,CD56dim CD16bright NK
TGCGTGGTCTTGCATT-1,GARQ,D5,2,40,38,0,0.0163185,CD8 effector
TGCTACCAGCCTATGT-1,GARQ,D5,2,40,38,0,0.014673591,CD8 effector
TGCTACCCAGCTGTTA-1,GARQ,D5,2,40,38,10,0.007517576,Classical monocytes
TGCTACCGTGAAGGCT-1,GARQ,D5,2,40,38,29,0.03207493,CD4 memory
TGCTACCTCGGCTTGG-1,GARQ,D5,2,40,38,36,0.1903981,Memory B
TGCTACCTCGTACCGG-1,GARQ,D5,2,40,38,12,0.0024789572,CD8 memory
TGCTGCTGTAATTGGA-1,GARQ,D5,2,40,38,3,0.008799434,MAIT-NKT cells
TGCTGCTGTATATCCG-1,GARQ,D5,2,40,38,10,0.0755012,Platelet-bound monocytes
TGCTGCTGTTCGTGAT-1,GARQ,D5,2,40,38,10,0.083446026,Neutrophils
TGCTGCTTCAAGCCTA-1,GARQ,D5,2,40,38,36,0.087643504,Memory B
TGCTGCTTCACCTCGT-1,GARQ,D5,2,40,38,5,0.027356625,Platelet-T cell doublets
TGGACGCCACGCCAGT-1,GARQ,D5,2,40,38,11,0.024817705,CD56dim CD16bright NK
TGGACGCCAGGTCTCG-1,GARQ,D5,2,40,38,4,0.013968229,MAIT-NKT cells
TGGACGCCATGCCCGA-1,GARQ,D5,2,40,38,17,0.012411356,CD4 memory
TGGACGCTCGCGATCG-1,GARQ,D5,2,40,38,29,0.11810255,CD4 naive I
TGGCCAGAGGTGCAAC-1,GARQ,D5,2,40,38,4,0.08671212,MAIT-NKT cells
TGGCCAGCACGGTTTA-1,GARQ,D5,2,40,38,10,0.030842066,Classical monocytes
TGGCCAGGTCAGAGGT-1,GARQ,D5,2,40,38,17,0.05972421,CD4 memory
TGGCCAGGTCGAGTTT-1,GARQ,D5,2,40,38,1,0.06030035,CD56dim CD16bright NK
TGGCCAGTCAGTACGT-1,GARQ,D5,2,40,38,0,0.037605047,CD56dim CD16bright NK
TGGCCAGTCTCATTCA-1,GARQ,D5,2,40,38,1,0.1338371,CD56dim CD16bright NK
TGGCGCAAGACAAGCC-1,GARQ,D5,2,40,38,29,0.04800546,Regulatory T cells
TGGCGCAAGTGGCACA-1,GARQ,D5,2,40,38,10,0.10083079,Classical monocytes
TGGCGCAGTCTAGAGG-1,GARQ,D5,2,40,38,0,0.0052158833,CD56dim CD16bright NK
TGGCGCATCAGCTTAG-1,GARQ,D5,2,40,38,27,0.050348997,CD56dim CD16bright NK
TGGCTGGAGATGGCGT-1,GARQ,D5,2,40,38,29,0.054725647,CD4 naive II
TGGCTGGAGTTAAGTG-1,GARQ,D5,2,40,38,10,0.07082176,Classical monocytes
TGGCTGGGTCACAAGG-1,GARQ,D5,2,40,38,10,0.017771125,Non classical monocytes
TGGGAAGCAAGTCTGT-1,GARQ,D5,2,40,38,4,0.09856129,MAIT-NKT cells
TGGGAAGGTAGCGCTC-1,GARQ,D5,2,40,38,29,0.030662656,CD4 naive I
TGGGAAGGTGATAAGT-1,GARQ,D5,2,40,38,10,0.11686683,Classical monocytes
TGGGAAGTCTGGAGCC-1,GARQ,D5,2,40,38,36,0.060507417,Naive B
TGGGAAGTCTTTCCTC-1,GARQ,D5,2,40,38,29,0.013751328,CD4 naive II
TGGGCGTAGCACCGTC-1,GARQ,D5,2,40,38,17,0.00016391277,CD8 memory
TGGGCGTAGGCATTGG-1,GARQ,D5,2,40,38,24,0.018417597,MAIT-NKT cells
TGGGCGTGTCTCCATC-1,GARQ,D5,2,40,38,36,0.025228918,T-NK-B cell doublets
TGGGCGTGTTATCCGA-1,GARQ,D5,2,40,38,10,0.07314086,Classical monocytes
TGGTTAGCAGACAAGC-1,GARQ,D5,2,40,38,10,0.022015452,Classical monocytes
TGGTTAGTCAACACCA-1,GARQ,D5,2,40,38,36,0.09166336,Naive B
TGGTTAGTCAGCGATT-1,GARQ,D5,2,40,38,16,0.017328262,CD4 memory
TGGTTCCAGACTTTCG-1,GARQ,D5,2,40,38,11,0.031964302,CD56dim CD16bright NK
TGGTTCCCAGTACACT-1,GARQ,D5,2,40,38,11,0.04042101,CD56dim CD16bright NK
TGGTTCCCAGTTTACG-1,GARQ,D5,2,40,38,29,0.092534184,CD4 naive I
TGGTTCCGTACTTAGC-1,GARQ,D5,2,40,38,18,0.09546971,Platelets
TGGTTCCTCAGTTGAC-1,GARQ,D5,2,40,38,30,0.08662748,CD56dim CD16bright NK
TGTATTCAGCGGATCA-1,GARQ,D5,2,40,38,0,0.049094677,CD8 effector
TGTATTCAGTCAATAG-1,GARQ,D5,2,40,38,16,0.03128791,CD8 memory
TGTATTCGTGCAACGA-1,GARQ,D5,2,40,38,6,0.030976057,Memory B
TGTATTCGTGTAATGA-1,GARQ,D5,2,40,38,0,0.068374276,CD8 effector
TGTATTCTCACGATGT-1,GARQ,D5,2,40,38,29,0.05953288,CD4 naive I
TGTATTCTCCATGAGT-1,GARQ,D5,2,40,38,4,0.02680868,MAIT-NKT cells
TGTCCCAAGAGATGAG-1,GARQ,D5,2,40,38,0,0.033924222,CD56dim CD16bright NK
TGTCCCAAGGTAGCCA-1,GARQ,D5,2,40,38,11,0.001151681,CD56dim CD16bright NK
TGTCCCAGTGTGTGCC-1,GARQ,D5,2,40,38,35,0.07553661,T-NK-B cell doublets
TGTCCCATCTTCAACT-1,GARQ,D5,2,40,38,36,0.13802326,Naive B
TGTGGTAAGATGTAAC-1,GARQ,D5,2,40,38,10,0.045241714,Neutrophils
TGTGGTACAAGCTGTT-1,GARQ,D5,2,40,38,25,0.01754427,CD4 memory
TGTGGTAGTCCGAGTC-1,GARQ,D5,2,40,38,36,0.19625115,Naive B
TGTGGTAGTGCCTGGT-1,GARQ,D5,2,40,38,39,0.018168807,T-NK-B cell doublets
TGTGGTATCCGAATGT-1,GARQ,D5,2,40,38,29,0.05757022,CD4 memory
TGTGTTTAGCTCCTTC-1,GARQ,D5,2,40,38,29,0.047271013,CD4 memory
TGTGTTTGTACATCCA-1,GARQ,D5,2,40,38,1,0.07497907,CD56dim CD16bright NK
TGTGTTTGTCCCTTGT-1,GARQ,D5,2,40,38,29,0.08111501,CD4 naive I
TGTGTTTGTCTCTCGT-1,GARQ,D5,2,40,38,29,0.046609282,CD4 memory
TGTGTTTTCGACAGCC-1,GARQ,D5,2,40,38,10,0.09040332,Neutrophils
TGTGTTTTCTTGTACT-1,GARQ,D5,2,40,38,5,0.013703823,CD56dim CD16bright NK
TGTTCCGAGGCATGGT-1,GARQ,D5,2,40,38,26,0.03712082,NK-monocyte doublets
TGTTCCGAGTCGTTTG-1,GARQ,D5,2,40,38,30,0.112366736,CD56dim CD16bright NK
TGTTCCGCAAGCGAGT-1,GARQ,D5,2,40,38,21,0.011865377,T-NK-B cell doublets
TGTTCCGCATTCTTAC-1,GARQ,D5,2,40,38,3,0.010325432,MAIT-NKT cells
TGTTCCGGTAGCGTCC-1,GARQ,D5,2,40,38,4,0.011495352,MAIT-NKT cells
TGTTCCGGTCAAGCGA-1,GARQ,D5,2,40,38,38,0.0033023357,CD56bright CD16dim NK
TGTTCCGTCATTGCGA-1,GARQ,D5,2,40,38,10,0.062496305,Classical monocytes
TGTTCCGTCCGTTGTC-1,GARQ,D5,2,40,38,29,0.050717235,CD8 naive
TTAACTCCAAAGTGCG-1,GARQ,D5,2,40,38,33,0.087781906,MAIT-NKT cells
TTAACTCGTATCAGTC-1,GARQ,D5,2,40,38,12,0.007083416,CD8 effector
TTAACTCGTTCGGCAC-1,GARQ,D5,2,40,38,36,0.034221053,Memory B
TTAGGACAGACTCGGA-1,GARQ,D5,2,40,38,14,0.034343958,MAIT-NKT cells
TTAGGACAGTATCGAA-1,GARQ,D5,2,40,38,10,0.08486402,Neutrophils
TTAGGACCATGCAACT-1,GARQ,D5,2,40,38,4,0.008613944,MAIT-NKT cells
TTAGGACCATGGATGG-1,GARQ,D5,2,40,38,0,0.0027916431,CD56dim CD16bright NK
TTAGGACGTGCAACGA-1,GARQ,D5,2,40,38,36,0.14451641,Naive B
TTAGGACTCCTAGTGA-1,GARQ,D5,2,40,38,36,0.0031561852,Naive B
TTAGGCAAGGTTCCTA-1,GARQ,D5,2,40,38,39,0.037009835,CD4 naive I
TTAGGCAGTCGTTGTA-1,GARQ,D5,2,40,38,18,0.0931716,Non classical monocytes
TTAGGCATCACCTTAT-1,GARQ,D5,2,40,38,6,0.018803239,Memory B
TTAGGCATCTCGATGA-1,GARQ,D5,2,40,38,29,0.0024209023,Regulatory T cells
TTAGTTCAGACAGAGA-1,GARQ,D5,2,40,38,10,0.0069236755,Classical monocytes
TTAGTTCCACCTGGTG-1,GARQ,D5,2,40,38,36,0.09750724,Naive B
TTAGTTCCATGGATGG-1,GARQ,D5,2,40,38,27,0.010758996,CD56dim CD16bright NK
TTAGTTCTCTCTAAGG-1,GARQ,D5,2,40,38,5,0.0013949871,CD56dim CD16bright NK
TTATGCTCACGGCCAT-1,GARQ,D5,2,40,38,4,0.012648582,MAIT-NKT cells
TTATGCTCAGCTGGCT-1,GARQ,D5,2,40,38,34,0.14096713,CD4 and CD8 activated memory
TTATGCTGTACTTGAC-1,GARQ,D5,2,40,38,22,0.048745513,CD4 memory
TTCCCAGAGCCATCGC-1,GARQ,D5,2,40,38,36,0.080958664,T-NK-B cell doublets
TTCCCAGAGGGTTCCC-1,GARQ,D5,2,40,38,10,0.05864978,Classical monocytes
TTCCCAGAGTGAACAT-1,GARQ,D5,2,40,38,10,0.0119133,Classical monocytes
TTCCCAGGTCGCATCG-1,GARQ,D5,2,40,38,29,0.04021907,CD4 naive I
TTCCCAGGTTAAGGGC-1,GARQ,D5,2,40,38,24,0.07064426,MAIT-NKT cells
TTCCCAGTCATGTCTT-1,GARQ,D5,2,40,38,29,0.052453995,CD4 memory
TTCCCAGTCTGTACGA-1,GARQ,D5,2,40,38,0,0.00311172,CD8 effector
TTCGAAGAGAGCAATT-1,GARQ,D5,2,40,38,0,0.06375468,CD56dim CD16bright NK
TTCGAAGCAATGACCT-1,GARQ,D5,2,40,38,29,0.016069174,CD8 naive
TTCGAAGGTACGAAAT-1,GARQ,D5,2,40,38,1,0.15838432,CD56dim CD16bright NK
TTCGAAGGTGCGGTAA-1,GARQ,D5,2,40,38,17,0.0350399,CD8 naive
TTCGAAGGTGGCGAAT-1,GARQ,D5,2,40,38,39,0.012118816,CD4 naive I
TTCGAAGTCGTCGTTC-1,GARQ,D5,2,40,38,33,0.20823455,NK-T doublets
TTCGAAGTCTGCCAGG-1,GARQ,D5,2,40,38,27,0.02930355,CD56dim CD16bright NK
TTCGGTCCATCGGGTC-1,GARQ,D5,2,40,38,36,0.018014908,Naive B
TTCGGTCGTACTTCTT-1,GARQ,D5,2,40,38,29,0.094093084,CD4 memory
TTCGGTCGTGCAGTAG-1,GARQ,D5,2,40,38,29,0.09230983,CD4 memory
TTCGGTCGTTACTGAC-1,GARQ,D5,2,40,38,5,0.021925092,CD56bright CD16dim NK
TTCGGTCTCAGCTCTC-1,GARQ,D5,2,40,38,0,0.024754524,CD56dim CD16bright NK
TTCGGTCTCCTCATTA-1,GARQ,D5,2,40,38,16,0.011788845,CD4 memory
TTCTACAAGAAACCTA-1,GARQ,D5,2,40,38,33,0.07381773,CD8 effector
TTCTACAAGACCACGA-1,GARQ,D5,2,40,38,5,0.043501258,CD56dim CD16bright NK
TTCTACAAGATCCGAG-1,GARQ,D5,2,40,38,10,0.038555145,Classical monocytes
TTCTACAAGTACGATA-1,GARQ,D5,2,40,38,26,0.07596123,NK-monocyte doublets
TTCTACAGTCTTGATG-1,GARQ,D5,2,40,38,36,0.10188866,Naive B
TTCTACAGTTCGCGAC-1,GARQ,D5,2,40,38,34,0.0018181801,CD8 effector
TTCTACAGTTCGTGAT-1,GARQ,D5,2,40,38,39,0.06351602,CD4 memory
TTCTACATCAACACCA-1,GARQ,D5,2,40,38,29,0.04770398,CD4 naive II
TTCTACATCCTTGCCA-1,GARQ,D5,2,40,38,10,0.08235276,Classical monocytes
TTCTCAACAACTTGAC-1,GARQ,D5,2,40,38,34,0.022883654,MAIT-NKT cells
TTCTCAACAAGTAGTA-1,GARQ,D5,2,40,38,31,0.05215466,Non classical monocytes
TTCTCAAGTACGCACC-1,GARQ,D5,2,40,38,29,0.18981433,CD4 memory
TTCTCAAGTGATGCCC-1,GARQ,D5,2,40,38,36,0.13122839,Naive B
TTCTCAATCGAACGGA-1,GARQ,D5,2,40,38,31,0.19095111,Non classical monocytes
TTCTCCTAGAGTACAT-1,GARQ,D5,2,40,38,0,0.010235906,CD56dim CD16bright NK
TTCTCCTCACTAAGTC-1,GARQ,D5,2,40,38,31,0.03813231,Non classical monocytes
TTCTCCTCAGCCACCA-1,GARQ,D5,2,40,38,1,0.01374054,CD56dim CD16bright NK
TTCTCCTGTAGAAAGG-1,GARQ,D5,2,40,38,25,0.0010347366,CD4 naive II
TTCTCCTGTGTGGCTC-1,GARQ,D5,2,40,38,32,0.025586843,CD4 memory
TTCTCCTTCTTTACAC-1,GARQ,D5,2,40,38,5,0.023361206,CD56dim CD16bright NK
TTCTTAGAGGTAAACT-1,GARQ,D5,2,40,38,17,0.0060863495,CD4 memory
TTCTTAGCAGAGTGTG-1,GARQ,D5,2,40,38,29,0.0006505251,CD4 memory
TTCTTAGCATGCATGT-1,GARQ,D5,2,40,38,3,0.07441461,MAIT-NKT cells
TTCTTAGTCACGACTA-1,GARQ,D5,2,40,38,21,0.007194102,Naive B
TTCTTAGTCGCATGAT-1,GARQ,D5,2,40,38,4,0.11464572,MAIT-NKT cells
TTCTTAGTCTGCTTGC-1,GARQ,D5,2,40,38,1,0.039178133,CD56dim CD16bright NK
TTGAACGAGCTAGTGG-1,GARQ,D5,2,40,38,5,0.0032861233,CD56dim CD16bright NK
TTGAACGAGTACCGGA-1,GARQ,D5,2,40,38,36,0.14572978,Naive B
TTGAACGCACCGGAAA-1,GARQ,D5,2,40,38,33,0.10829401,CD8 effector
TTGAACGGTGTATGGG-1,GARQ,D5,2,40,38,36,0.08722949,Memory B
TTGACTTGTACAGTTC-1,GARQ,D5,2,40,38,10,0.0760746,Platelet-bound monocytes
TTGACTTGTGCGATAG-1,GARQ,D5,2,40,38,36,0.09171438,Naive B
TTGCCGTCACAGACTT-1,GARQ,D5,2,40,38,33,0.1035918,NK-T doublets
TTGCCGTCACTGTTAG-1,GARQ,D5,2,40,38,0,0.018711329,NK-T doublets
TTGCCGTCATATACCG-1,GARQ,D5,2,40,38,17,0.037148118,CD4 naive I
TTGCCGTGTCTTGCGG-1,GARQ,D5,2,40,38,16,0.098065734,CD8 memory
TTGCGTCAGACGCACA-1,GARQ,D5,2,40,38,0,0.06406981,CD56bright CD16dim NK
TTGCGTCAGCCGGTAA-1,GARQ,D5,2,40,38,10,0.02507472,NK-monocyte doublets
TTGCGTCAGTGATCGG-1,GARQ,D5,2,40,38,33,0.117761016,NK-T doublets
TTGCGTCCAACGATCT-1,GARQ,D5,2,40,38,13,0.042886615,NK-monocyte doublets
TTGGAACAGCGTTGCC-1,GARQ,D5,2,40,38,34,0.02831453,CD4 memory
TTGGAACAGGTAAACT-1,GARQ,D5,2,40,38,27,0.042464256,CD56dim CD16bright NK
TTGGAACAGTGGGATC-1,GARQ,D5,2,40,38,29,0.07530522,CD4 memory
TTGGAACTCATCTGTT-1,GARQ,D5,2,40,38,25,0.01712823,CD8 naive
TTGGAACTCGGCGCTA-1,GARQ,D5,2,40,38,36,0.15157509,Naive B
TTGGCAAAGAGTAATC-1,GARQ,D5,2,40,38,29,0.015978813,Regulatory T cells
TTGGCAAAGCCATCGC-1,GARQ,D5,2,40,38,29,0.1241014,CD4 naive I
TTGGCAAGTCTAGCGC-1,GARQ,D5,2,40,38,29,0.05923605,CD4 memory
TTGGCAATCCACTGGG-1,GARQ,D5,2,40,38,1,0.0090408325,CD56dim CD16bright NK
TTGTAGGAGAGGTACC-1,GARQ,D5,2,40,38,25,0.008005738,CD4 naive I
TTTACTGAGACTGGGT-1,GARQ,D5,2,40,38,0,0.055048645,CD56dim CD16bright NK
TTTACTGAGATGTGTA-1,GARQ,D5,2,40,38,32,0.014582515,CD8 naive
TTTACTGAGGGTATCG-1,GARQ,D5,2,40,38,3,0.016455054,MAIT-NKT cells
TTTACTGAGTGGAGAA-1,GARQ,D5,2,40,38,36,0.16156858,Naive B
TTTACTGCAGTCCTTC-1,GARQ,D5,2,40,38,29,0.03857875,CD4 memory
TTTACTGGTATCACCA-1,GARQ,D5,2,40,38,36,0.057614923,Memory B
TTTACTGTCGCCAAAT-1,GARQ,D5,2,40,38,1,0.0031958818,CD56dim CD16bright NK
TTTACTGTCTCGCATC-1,GARQ,D5,2,40,38,33,0.10630059,NK-T doublets
TTTATGCAGGTACTCT-1,GARQ,D5,2,40,38,12,0.0070391893,CD8 effector
TTTATGCGTATGAATG-1,GARQ,D5,2,40,38,34,0.085272074,CD8 memory
TTTATGCGTCAATGTC-1,GARQ,D5,2,40,38,36,0.12877822,T-NK-B cell doublets
TTTATGCTCAATAAGG-1,GARQ,D5,2,40,38,18,0.023002625,Non classical monocytes
TTTCCTCCATCACAAC-1,GARQ,D5,2,40,38,2,0.05525875,CD56dim CD16bright NK
TTTCCTCGTACTCTCC-1,GARQ,D5,2,40,38,5,0.071887255,CD56dim CD16bright NK
TTTGCGCAGTCCATAC-1,GARQ,D5,2,40,38,3,0.056490898,MAIT-NKT cells
TTTGCGCCACACCGCA-1,GARQ,D5,2,40,38,3,0.05300021,CD8 memory
TTTGCGCTCCACGACG-1,GARQ,D5,2,40,38,32,0.013651252,CD4 naive I
TTTGGTTAGCTAGGCA-1,GARQ,D5,2,40,38,11,0.026706457,CD56dim CD16bright NK
TTTGGTTAGGATGCGT-1,GARQ,D5,2,40,38,10,0.044553638,Platelet-bound monocytes
TTTGGTTAGGCGACAT-1,GARQ,D5,2,40,38,33,0.22981036,NK-T doublets
TTTGGTTGTCATATCG-1,GARQ,D5,2,40,38,29,0.0077847242,Regulatory T cells
TTTGGTTTCATCGATG-1,GARQ,D5,2,40,38,35,0.044585764,Platelets
TTTGGTTTCTATCCTA-1,GARQ,D5,2,40,38,25,0.04421401,CD4 naive II
TTTGTCAAGCTAACTC-1,GARQ,D5,2,40,38,10,0.03929174,Classical monocytes
TTTGTCAAGGACAGAA-1,GARQ,D5,2,40,38,36,0.24689806,Naive B
TTTGTCACACTTCGAA-1,GARQ,D5,2,40,38,33,0.032178283,NK-T doublets
TTTGTCACATTTCACT-1,GARQ,D5,2,40,38,25,0.16822004,CD4 naive II
TTTGTCATCCAAGTAC-1,GARQ,D5,2,40,38,36,0.18027711,Naive B
