cell_id,method,dataset,seed,requested_K,realized_K,metacell_id,delta_confidence,cell_type
AAACCTGCACCACGTG-1,GARQ,D5,0,40,37,36,0.0113584995,CD8 effector
AAACCTGCAGCGTAAG-1,GARQ,D5,0,40,37,7,0.03229463,CD56dim CD16bright NK
AAACCTGCATGCATGT-1,GARQ,D5,0,40,37,8,0.06825316,CD4 naive II
AAACGGGCAAGACACG-1,GARQ,D5,0,40,37,21,0.022565484,CD8 memory
AAACGGGCACCGAATT-1,GARQ,D5,0,40,37,25,0.31486928,NK-monocyte doublets
AAACGGGCACGGCTAC-1,GARQ,D5,0,40,37,25,0.27405888,Classical monocytes
AAACGGGGTGAGGCTA-1,GARQ,D5,0,40,37,25,0.26239222,Non classical monocytes
AAACGGGTCGGGAGTA-1,GARQ,D5,0,40,37,25,0.33292812,Classical monocytes
AAAGATGCAAACGCGA-1,GARQ,D5,0,40,37,30,0.04479742,CD56dim CD16bright NK
AAAGATGCAAACTGTC-1,GARQ,D5,0,40,37,25,0.53985596,T-NK-B cell doublets
AAAGATGCAAGGGTCA-1,GARQ,D5,0,40,37,25,0.15366238,Non classical monocytes
AAAGATGGTGTCTGAT-1,GARQ,D5,0,40,37,21,0.039041996,CD4 memory
AAAGATGGTTCCACAA-1,GARQ,D5,0,40,37,10,0.010354519,CD8 memory
AAAGATGGTTCCATGA-1,GARQ,D5,0,40,37,18,0.047529817,CD8 effector
AAAGCAACACTACAGT-1,GARQ,D5,0,40,37,30,0.03400588,CD56dim CD16bright NK
AAAGCAACAGGCGATA-1,GARQ,D5,0,40,37,25,0.19655776,Non classical monocytes
AAAGCAACATCATCCC-1,GARQ,D5,0,40,37,25,0.35087562,Classical monocytes
AAAGCAACATTTCAGG-1,GARQ,D5,0,40,37,30,0.06478596,CD56dim CD16bright NK
AAAGCAATCGGAGCAA-1,GARQ,D5,0,40,37,7,0.110842824,CD56dim CD16bright NK
AAAGCAATCTTGTTTG-1,GARQ,D5,0,40,37,14,0.025514126,CD8 naive
AAAGTAGAGTGAAGAG-1,GARQ,D5,0,40,37,14,0.020444512,CD4 naive I
AAAGTAGCATCGTCGG-1,GARQ,D5,0,40,37,30,0.124895096,CD56dim CD16bright NK
AAAGTAGGTGTGACCC-1,GARQ,D5,0,40,37,25,0.23132944,Neutrophils
AAAGTAGGTTGCGCAC-1,GARQ,D5,0,40,37,10,0.0041878223,CD8 memory
AAATGCCGTCCAGTAT-1,GARQ,D5,0,40,37,7,0.012738705,CD56dim CD16bright NK
AAATGCCTCTTAGCCC-1,GARQ,D5,0,40,37,14,0.046815515,CD4 naive I
AACACGTAGCGTGTCC-1,GARQ,D5,0,40,37,2,0.105614305,CD4 naive I
AACACGTAGGCCCTTG-1,GARQ,D5,0,40,37,11,0.049535513,NK-T doublets
AACACGTCACCGTTGG-1,GARQ,D5,0,40,37,30,0.05263734,CD56dim CD16bright NK
AACACGTGTCGTTGTA-1,GARQ,D5,0,40,37,25,0.3312558,Neutrophils
AACCATGCACCACGTG-1,GARQ,D5,0,40,37,30,0.033800125,CD56dim CD16bright NK
AACCATGCAGCCAGAA-1,GARQ,D5,0,40,37,3,0.041351676,NK-T doublets
AACCATGGTGCCTGGT-1,GARQ,D5,0,40,37,25,0.335446,Classical monocytes
AACCATGGTGCTAGCC-1,GARQ,D5,0,40,37,10,0.029737711,MAIT-NKT cells
AACCATGGTGGGTATG-1,GARQ,D5,0,40,37,3,0.0019472837,gdT cells
AACCATGTCTGTACGA-1,GARQ,D5,0,40,37,14,0.107382774,CD8 naive
AACCGCGAGGATGGAA-1,GARQ,D5,0,40,37,7,0.14350867,CD56dim CD16bright NK
AACCGCGCAATAGAGT-1,GARQ,D5,0,40,37,7,0.06392264,CD56dim CD16bright NK
AACCGCGGTAGGGACT-1,GARQ,D5,0,40,37,14,0.036141276,CD8 naive
AACCGCGGTTTGGCGC-1,GARQ,D5,0,40,37,9,0.012768626,CD56bright CD16dim NK
AACGTTGCAATGGTCT-1,GARQ,D5,0,40,37,9,0.015234709,CD56bright CD16dim NK
AACGTTGCACGAGGTA-1,GARQ,D5,0,40,37,11,0.19644076,Non classical monocytes
AACGTTGCAGACGTAG-1,GARQ,D5,0,40,37,25,0.29603958,Non classical monocytes
AACGTTGGTTCCTCCA-1,GARQ,D5,0,40,37,21,0.08394742,CD8 memory
AACTCAGAGTGTCTCA-1,GARQ,D5,0,40,37,8,0.010498166,CD4 memory
AACTCAGAGTTAACGA-1,GARQ,D5,0,40,37,11,0.036053777,gdT cells
AACTCAGGTATAATGG-1,GARQ,D5,0,40,37,7,0.08838022,CD56dim CD16bright NK
AACTCAGTCCACGCAG-1,GARQ,D5,0,40,37,30,0.02963972,CD56bright CD16dim NK
AACTCCCCACAGACTT-1,GARQ,D5,0,40,37,21,0.040235996,CD4 memory
AACTCTTAGCGTGAGT-1,GARQ,D5,0,40,37,21,0.072511435,MAIT-NKT cells
AACTCTTCAAGCGAGT-1,GARQ,D5,0,40,37,25,0.3242616,Classical monocytes
AACTCTTGTCAGGACA-1,GARQ,D5,0,40,37,30,0.018972397,CD56dim CD16bright NK
AACTCTTGTGGCTCCA-1,GARQ,D5,0,40,37,8,0.010562658,CD8 naive
AACTGGTCAGACGCCT-1,GARQ,D5,0,40,37,30,0.0035977364,CD56bright CD16dim NK
AACTGGTCATCGGTTA-1,GARQ,D5,0,40,37,14,0.07002258,CD8 naive
AACTGGTGTCTGGAGA-1,GARQ,D5,0,40,37,34,0.051344395,CD8 memory
AACTGGTTCATCGGAT-1,GARQ,D5,0,40,37,10,0.10810828,MAIT-NKT cells
AACTGGTTCCAAATGC-1,GARQ,D5,0,40,37,9,0.038615227,CD56bright CD16dim NK
AACTTTCAGAAGCCCA-1,GARQ,D5,0,40,37,30,0.17813206,CD56dim CD16bright NK
AACTTTCAGCCTTGAT-1,GARQ,D5,0,40,37,30,0.04226601,CD56dim CD16bright NK
AACTTTCCAGCTGGCT-1,GARQ,D5,0,40,37,20,0.09518337,T-NK-B cell doublets
AACTTTCCATAAGACA-1,GARQ,D5,0,40,37,20,0.042101443,T-NK-B cell doublets
AACTTTCCATCTCCCA-1,GARQ,D5,0,40,37,30,0.033412695,CD56dim CD16bright NK
AACTTTCGTAAACCTC-1,GARQ,D5,0,40,37,7,0.06819785,CD56dim CD16bright NK
AACTTTCGTGGCGAAT-1,GARQ,D5,0,40,37,30,0.058854938,CD56dim CD16bright NK
AACTTTCTCACTGGGC-1,GARQ,D5,0,40,37,10,0.01620233,CD4 memory
AAGACCTAGCAGCCTC-1,GARQ,D5,0,40,37,35,0.1757077,T-NK-B cell doublets
AAGACCTAGTATTGGA-1,GARQ,D5,0,40,37,10,0.01158607,CD8 naive
AAGACCTAGTCCGGTC-1,GARQ,D5,0,40,37,21,0.014518261,gdT cells
AAGACCTGTCAACATC-1,GARQ,D5,0,40,37,25,0.31561923,Classical monocytes
AAGCCGCAGCCAGTTT-1,GARQ,D5,0,40,37,9,0.014073968,CD8 effector
AAGCCGCCAACGCACC-1,GARQ,D5,0,40,37,9,0.014556527,NK-T doublets
AAGCCGCGTCATATCG-1,GARQ,D5,0,40,37,7,0.033213496,CD56dim CD16bright NK
AAGCCGCTCCGTCAAA-1,GARQ,D5,0,40,37,30,0.12710416,CD56dim CD16bright NK
AAGGAGCAGACTTGAA-1,GARQ,D5,0,40,37,30,0.109610915,CD56dim CD16bright NK
AAGGAGCAGCGTGAAC-1,GARQ,D5,0,40,37,7,0.031574965,CD56dim CD16bright NK
AAGGAGCCACATCCGG-1,GARQ,D5,0,40,37,25,0.42461896,Neutrophils
AAGGAGCCATGGTAGG-1,GARQ,D5,0,40,37,8,0.09995043,CD4 naive I
AAGGAGCGTATGCTTG-1,GARQ,D5,0,40,37,7,0.00058698654,CD56dim CD16bright NK
AAGGAGCGTTAGTGGG-1,GARQ,D5,0,40,37,25,0.26479256,Neutrophils
AAGGCAGAGGATGTAT-1,GARQ,D5,0,40,37,30,0.044616103,CD56dim CD16bright NK
AAGGCAGAGTGGAGTC-1,GARQ,D5,0,40,37,10,0.1007725,CD8 naive
AAGGCAGGTAAAGTCA-1,GARQ,D5,0,40,37,9,0.013462663,gdT cells
AAGGCAGTCGGTGTTA-1,GARQ,D5,0,40,37,36,0.18171155,Erythroid 
AAGGTTCAGTGCTGCC-1,GARQ,D5,0,40,37,8,0.037665606,CD4 naive I
AAGGTTCCAGCTTAAC-1,GARQ,D5,0,40,37,25,0.30384016,Classical monocytes
AAGGTTCCAGTATGCT-1,GARQ,D5,0,40,37,21,0.035088062,CD8 memory
AAGGTTCGTCTCAACA-1,GARQ,D5,0,40,37,14,0.14272606,CD4 naive I
AAGGTTCTCTTGCATT-1,GARQ,D5,0,40,37,8,0.03695011,CD4 naive I
AAGTCTGAGAGCTATA-1,GARQ,D5,0,40,37,7,0.017944932,CD56dim CD16bright NK
AAGTCTGAGTGCTGCC-1,GARQ,D5,0,40,37,8,0.04172039,CD8 naive
AAGTCTGGTAGTAGTA-1,GARQ,D5,0,40,37,30,0.066352725,CD56dim CD16bright NK
AAGTCTGGTGATAAAC-1,GARQ,D5,0,40,37,25,0.31367433,Classical monocytes
AATCCAGGTCGTCTTC-1,GARQ,D5,0,40,37,14,0.061332464,CD4 memory
AATCCAGGTTGGTGGA-1,GARQ,D5,0,40,37,8,0.11545575,CD4 naive I
AATCCAGTCATGGTCA-1,GARQ,D5,0,40,37,30,0.0069559813,CD56dim CD16bright NK
AATCGGTAGGCAATTA-1,GARQ,D5,0,40,37,21,0.031099498,CD8 memory
ACACCAAAGGATGGAA-1,GARQ,D5,0,40,37,14,0.0063500404,CD4 memory
ACACCAAAGTCATCCA-1,GARQ,D5,0,40,37,25,0.38161016,Classical monocytes
ACACCAACACCACCAG-1,GARQ,D5,0,40,37,30,0.20890594,CD56dim CD16bright NK
ACACCAAGTATGAAAC-1,GARQ,D5,0,40,37,9,0.029396772,gdT cells
ACACCAAGTCACCTAA-1,GARQ,D5,0,40,37,21,0.055225015,MAIT-NKT cells
ACACCAATCAGGCGAA-1,GARQ,D5,0,40,37,30,0.17438745,CD56dim CD16bright NK
ACACCAATCTCAAACG-1,GARQ,D5,0,40,37,9,0.058505774,gdT cells
ACACCAATCTCGGACG-1,GARQ,D5,0,40,37,35,0.000623703,Naive B
ACACCCTCAAGGTGTG-1,GARQ,D5,0,40,37,7,0.17733192,CD56dim CD16bright NK
ACACCCTTCATTATCC-1,GARQ,D5,0,40,37,18,0.018155932,CD8 effector
ACACCGGAGGAGTACC-1,GARQ,D5,0,40,37,25,0.22299844,Non classical monocytes
ACACCGGAGTCCGGTC-1,GARQ,D5,0,40,37,10,0.0074031353,CD4 naive I
ACACCGGCAGATTGCT-1,GARQ,D5,0,40,37,4,0.008246899,gdT cells
ACACCGGGTAGCGCTC-1,GARQ,D5,0,40,37,14,0.08939135,CD4 naive I
ACACCGGTCAAACCAC-1,GARQ,D5,0,40,37,25,0.35098457,Neutrophils
ACACCGGTCACGCGGT-1,GARQ,D5,0,40,37,25,1.0244875,Platelet-bound monocytes
ACACTGAAGGAATGGA-1,GARQ,D5,0,40,37,38,0.032480955,CD8 effector
ACACTGAAGGGATACC-1,GARQ,D5,0,40,37,36,0.11267364,Erythroid 
ACACTGATCTATGTGG-1,GARQ,D5,0,40,37,14,0.079021096,CD4 naive II
ACACTGATCTCGAGTA-1,GARQ,D5,0,40,37,14,0.15119386,CD4 naive II
ACAGCCGGTCATATGC-1,GARQ,D5,0,40,37,14,0.051187396,CD4 naive I
ACAGCTAAGACACTAA-1,GARQ,D5,0,40,37,10,0.022911191,Regulatory T cells
ACAGCTACAAGCGCTC-1,GARQ,D5,0,40,37,10,0.06769776,Regulatory T cells
ACAGCTACAGGCGATA-1,GARQ,D5,0,40,37,35,0.045417666,T-NK-B cell doublets
ACAGCTAGTAAATACG-1,GARQ,D5,0,40,37,20,0.1445719,T-NK-B cell doublets
ACAGCTAGTTAAGTAG-1,GARQ,D5,0,40,37,14,0.10033083,CD4 memory
ACAGCTAGTTCCGGCA-1,GARQ,D5,0,40,37,14,0.039184332,CD4 naive I
ACAGCTAGTTGTGGAG-1,GARQ,D5,0,40,37,19,0.3963161,CD56dim CD16bright NK
ACAGCTATCCTATGTT-1,GARQ,D5,0,40,37,25,0.1985277,Non classical monocytes
ACAGCTATCGCTTGTC-1,GARQ,D5,0,40,37,35,0.06532264,Naive B
ACATACGAGCAATATG-1,GARQ,D5,0,40,37,30,0.0045536757,CD56dim CD16bright NK
ACATACGCAATGGTCT-1,GARQ,D5,0,40,37,10,0.034974575,MAIT-NKT cells
ACATACGGTACATGTC-1,GARQ,D5,0,40,37,14,0.084359884,CD4 memory
ACATCAGAGCGTGTCC-1,GARQ,D5,0,40,37,7,0.0059701204,CD56dim CD16bright NK
ACATCAGTCCAGGGCT-1,GARQ,D5,0,40,37,25,0.38201964,Classical monocytes
ACATCAGTCTGCCCTA-1,GARQ,D5,0,40,37,35,0.0231179,Naive B
ACATGGTAGTGTTAGA-1,GARQ,D5,0,40,37,30,0.058367968,CD56bright CD16dim NK
ACATGGTCAAGTTGTC-1,GARQ,D5,0,40,37,25,0.2694649,Non classical monocytes
ACATGGTCACCAGATT-1,GARQ,D5,0,40,37,30,0.15016961,CD56dim CD16bright NK
ACCAGTAAGCCACCTG-1,GARQ,D5,0,40,37,30,0.00024449825,CD56dim CD16bright NK
ACCAGTAGTTACCAGT-1,GARQ,D5,0,40,37,25,0.38952327,Classical monocytes
ACCAGTATCACTTATC-1,GARQ,D5,0,40,37,20,0.089633584,plasmacytoid DC
ACCCACTAGTTAACGA-1,GARQ,D5,0,40,37,25,0.291453,Non classical monocytes
ACCCACTGTCTCTTTA-1,GARQ,D5,0,40,37,21,0.0062164664,CD4 memory
ACCCACTGTTCGCTAA-1,GARQ,D5,0,40,37,14,0.12225568,CD4 memory
ACCCACTTCGAATGCT-1,GARQ,D5,0,40,37,8,0.01278615,CD4 naive I
ACCGTAACATTAGGCT-1,GARQ,D5,0,40,37,30,0.15913141,CD56dim CD16bright NK
ACCGTAATCAAGATCC-1,GARQ,D5,0,40,37,14,0.06805837,CD4 naive II
ACCGTAATCAGGTAAA-1,GARQ,D5,0,40,37,7,0.008701563,CD56dim CD16bright NK
ACCTTTAAGCGCTTAT-1,GARQ,D5,0,40,37,21,0.078721285,CD8 memory
ACCTTTACAGGCGATA-1,GARQ,D5,0,40,37,25,0.5095593,Classical monocytes
ACCTTTAGTGTGCCTG-1,GARQ,D5,0,40,37,21,0.037400484,NK-T doublets
ACCTTTAGTTGATTCG-1,GARQ,D5,0,40,37,14,0.051133394,CD4 naive I
ACGAGGACAGGATTGG-1,GARQ,D5,0,40,37,35,0.017362118,Naive B
ACGAGGACATCCTTGC-1,GARQ,D5,0,40,37,30,0.16028261,CD56dim CD16bright NK
ACGAGGACATGCAATC-1,GARQ,D5,0,40,37,19,0.2871151,CD56dim CD16bright NK
ACGAGGAGTAAGTTCC-1,GARQ,D5,0,40,37,9,0.01099515,gdT cells
ACGAGGATCAGCCTAA-1,GARQ,D5,0,40,37,25,0.3407718,Classical monocytes
ACGAGGATCTGAGTGT-1,GARQ,D5,0,40,37,8,0.020946741,CD4 naive II
ACGATACGTGTATGGG-1,GARQ,D5,0,40,37,36,0.2058928,Erythroid 
ACGATACTCTATCCTA-1,GARQ,D5,0,40,37,20,0.049651444,plasmacytoid DC
ACGATGTAGAGTGAGA-1,GARQ,D5,0,40,37,14,0.06375027,CD8 naive
ACGATGTAGTCAATAG-1,GARQ,D5,0,40,37,20,0.007717371,Memory B
ACGATGTCAAGACGTG-1,GARQ,D5,0,40,37,30,0.12763536,CD8 effector
ACGATGTTCTTACCGC-1,GARQ,D5,0,40,37,25,0.26898205,Classical monocytes
ACGCAGCCAGTCCTTC-1,GARQ,D5,0,40,37,27,0.019640207,gdT cells
ACGCAGCGTCGAGTTT-1,GARQ,D5,0,40,37,25,0.28172356,Neutrophils
ACGCAGCGTGGTTTCA-1,GARQ,D5,0,40,37,4,0.03418821,CD4 naive I
ACGCAGCTCCAGTAGT-1,GARQ,D5,0,40,37,2,0.059758604,CD4 naive I
ACGCCAGAGGATGTAT-1,GARQ,D5,0,40,37,30,0.0895257,CD56dim CD16bright NK
ACGCCAGAGTAATCCC-1,GARQ,D5,0,40,37,25,0.57425344,Neutrophils
ACGCCAGCAAAGCGGT-1,GARQ,D5,0,40,37,33,0.020199716,Non classical monocytes
ACGCCAGGTCTCCATC-1,GARQ,D5,0,40,37,30,0.047988534,CD56dim CD16bright NK
ACGCCAGTCCCAACGG-1,GARQ,D5,0,40,37,3,0.02959776,NK-T doublets
ACGCCAGTCCTTCAAT-1,GARQ,D5,0,40,37,30,0.09240627,CD56dim CD16bright NK
ACGCCAGTCTTATCTG-1,GARQ,D5,0,40,37,25,0.5894401,Neutrophils
ACGCCGAAGACACGAC-1,GARQ,D5,0,40,37,30,0.010140061,CD8 effector
ACGCCGAAGGCAGTCA-1,GARQ,D5,0,40,37,9,0.069538355,CD8 effector
ACGCCGAAGTGACTCT-1,GARQ,D5,0,40,37,7,0.01422894,CD56dim CD16bright NK
ACGCCGAGTACTTAGC-1,GARQ,D5,0,40,37,35,0.0344162,Naive B
ACGGAGAAGGTGTTAA-1,GARQ,D5,0,40,37,30,0.110515594,CD56dim CD16bright NK
ACGGAGAAGTCCATAC-1,GARQ,D5,0,40,37,36,0.19236255,Erythroid 
ACGGAGACATCTCCCA-1,GARQ,D5,0,40,37,30,0.091267705,CD56dim CD16bright NK
ACGGAGAGTACGACCC-1,GARQ,D5,0,40,37,30,0.030820727,CD56dim CD16bright NK
ACGGAGAGTTTAGCTG-1,GARQ,D5,0,40,37,25,0.28174865,Platelet-bound monocytes
ACGGAGATCTTAGCCC-1,GARQ,D5,0,40,37,25,0.33291852,Classical monocytes
ACGGCCAAGGCATTGG-1,GARQ,D5,0,40,37,30,0.106200814,CD56dim CD16bright NK
ACGGCCAAGTAACCCT-1,GARQ,D5,0,40,37,8,0.039132833,CD8 naive
ACGGCCACAATCGGTT-1,GARQ,D5,0,40,37,25,0.41130114,NK-monocyte doublets
ACGGGCTAGCGATAGC-1,GARQ,D5,0,40,37,30,0.07905674,CD56dim CD16bright NK
ACGGGCTGTCTCCATC-1,GARQ,D5,0,40,37,9,0.0028350353,NK-T doublets
ACGGGCTTCATGTCCC-1,GARQ,D5,0,40,37,30,0.14151728,CD56dim CD16bright NK
ACGGGTCAGCTAACAA-1,GARQ,D5,0,40,37,20,0.003165722,Naive B
ACGGGTCCAGGCTGAA-1,GARQ,D5,0,40,37,20,0.07266635,T-NK-B cell doublets
ACGGGTCCATGCCCGA-1,GARQ,D5,0,40,37,14,0.024737358,CD4 memory
ACGGGTCCATGTTGAC-1,GARQ,D5,0,40,37,35,0.023659945,Naive B
ACGGGTCTCCCTCTTT-1,GARQ,D5,0,40,37,25,0.40036607,NK-monocyte doublets
ACGTCAATCTCGTTTA-1,GARQ,D5,0,40,37,8,0.080149174,CD4 naive II
ACTATCTAGGTGTGGT-1,GARQ,D5,0,40,37,20,0.05097735,Naive B
ACTATCTCAACTTGAC-1,GARQ,D5,0,40,37,25,0.11517,Platelets
ACTATCTGTCATCCCT-1,GARQ,D5,0,40,37,25,0.29724503,Classical monocytes
ACTATCTTCCCTAACC-1,GARQ,D5,0,40,37,25,0.43783164,Classical monocytes
ACTGAACAGACGACGT-1,GARQ,D5,0,40,37,30,0.06283283,CD56dim CD16bright NK
ACTGAACCAGGAACGT-1,GARQ,D5,0,40,37,21,0.0559448,MAIT-NKT cells
ACTGAACGTCCGCTGA-1,GARQ,D5,0,40,37,21,0.048585415,CD8 memory
ACTGAACGTTCCACAA-1,GARQ,D5,0,40,37,5,0.11039531,CD4 memory
ACTGAACTCCTAGAAC-1,GARQ,D5,0,40,37,2,0.0041120052,CD4 memory
ACTGAGTTCGCTTGTC-1,GARQ,D5,0,40,37,21,0.17613149,MAIT-NKT cells
ACTGATGAGGATATAC-1,GARQ,D5,0,40,37,14,0.07751584,CD4 naive II
ACTGATGGTCGGCACT-1,GARQ,D5,0,40,37,14,0.025261879,CD4 memory
ACTGATGTCTTAGCCC-1,GARQ,D5,0,40,37,25,0.35091877,Classical monocytes
ACTGCTCAGCCAGAAC-1,GARQ,D5,0,40,37,7,0.030765295,CD56dim CD16bright NK
ACTGCTCCAGCTGTTA-1,GARQ,D5,0,40,37,11,0.078023195,Non classical monocytes
ACTGCTCGTTTGGGCC-1,GARQ,D5,0,40,37,20,0.046193182,Plasma cells
ACTGCTCTCACTTATC-1,GARQ,D5,0,40,37,21,0.101353645,CD8 memory
ACTGCTCTCCAGTATG-1,GARQ,D5,0,40,37,4,0.007818878,NK-T doublets
ACTGCTCTCTACTCAT-1,GARQ,D5,0,40,37,14,0.13436437,CD4 memory
ACTGTCCAGCCTCGTG-1,GARQ,D5,0,40,37,35,0.064991,Naive B
ACTGTCCAGGCATTGG-1,GARQ,D5,0,40,37,24,0.027141094,gdT cells
ACTGTCCCATCCGGGT-1,GARQ,D5,0,40,37,34,0.0475806,gdT cells
ACTGTCCGTGACTACT-1,GARQ,D5,0,40,37,21,0.04243827,CD4 memory
ACTTACTAGCGCCTCA-1,GARQ,D5,0,40,37,6,0.01302731,gdT cells
ACTTACTAGGTAAACT-1,GARQ,D5,0,40,37,21,0.023448944,CD8 naive
ACTTACTGTCCAAGTT-1,GARQ,D5,0,40,37,10,0.012884498,CD8 naive
ACTTGTTAGACGCTTT-1,GARQ,D5,0,40,37,35,0.07004893,Naive B
ACTTGTTAGATGTAAC-1,GARQ,D5,0,40,37,30,0.00063824654,CD56dim CD16bright NK
ACTTGTTAGCCCTAAT-1,GARQ,D5,0,40,37,10,0.06099993,CD4 memory
ACTTGTTCAAGCGATG-1,GARQ,D5,0,40,37,38,0.024156332,CD8 memory
ACTTGTTGTAACGACG-1,GARQ,D5,0,40,37,20,0.061140537,Naive B
ACTTGTTGTAGCTTGT-1,GARQ,D5,0,40,37,10,0.14390993,CD4 memory
ACTTTCAAGCAGCCTC-1,GARQ,D5,0,40,37,20,0.1080848,T-NK-B cell doublets
ACTTTCAGTTAGATGA-1,GARQ,D5,0,40,37,14,0.028303027,CD8 naive
ACTTTCATCGTTACAG-1,GARQ,D5,0,40,37,10,0.06840277,CD8 memory
AGAATAGAGATCGATA-1,GARQ,D5,0,40,37,3,0.026466846,gdT cells
AGAATAGGTAAACACA-1,GARQ,D5,0,40,37,35,0.06815612,Naive B
AGAATAGGTAGCTTGT-1,GARQ,D5,0,40,37,30,0.14602602,CD56dim CD16bright NK
AGAATAGGTGTCAATC-1,GARQ,D5,0,40,37,7,0.085716724,CD56dim CD16bright NK
AGAATAGTCTCCCTGA-1,GARQ,D5,0,40,37,25,0.9980643,Platelet-bound monocytes
AGACGTTAGGAGTTGC-1,GARQ,D5,0,40,37,35,0.06904185,Non classical monocytes
AGACGTTCATCAGTCA-1,GARQ,D5,0,40,37,20,0.022647262,Naive B
AGACGTTTCGTCCGTT-1,GARQ,D5,0,40,37,14,0.087115765,CD8 naive
AGACGTTTCTACTATC-1,GARQ,D5,0,40,37,25,0.45181358,Classical monocytes
AGAGCGAAGCCAGAAC-1,GARQ,D5,0,40,37,30,0.06075132,CD8 effector
AGAGCGAGTATATCCG-1,GARQ,D5,0,40,37,14,0.052143455,CD4 memory
AGAGCGAGTTCGTTGA-1,GARQ,D5,0,40,37,25,0.022433817,Non classical monocytes
AGAGCGAGTTGATTCG-1,GARQ,D5,0,40,37,14,0.14820027,CD4 memory
AGAGCGATCAGCATGT-1,GARQ,D5,0,40,37,25,0.531275,T-NK-B cell doublets
AGAGCTTGTCGCGAAA-1,GARQ,D5,0,40,37,2,0.07618499,CD4 memory
AGAGCTTGTGACAAAT-1,GARQ,D5,0,40,37,14,0.082597494,CD4 naive I
AGAGTGGAGTCGAGTG-1,GARQ,D5,0,40,37,25,0.31693792,Classical monocytes
AGAGTGGGTTGGTAAA-1,GARQ,D5,0,40,37,10,0.05735296,CD4 memory
AGAGTGGTCAGCATGT-1,GARQ,D5,0,40,37,14,0.0067477226,CD4 memory
AGAGTGGTCTATCCTA-1,GARQ,D5,0,40,37,14,0.061006784,CD4 naive I
AGAGTGGTCTTCTGGC-1,GARQ,D5,0,40,37,21,0.0250386,CD8 effector
AGATCTGGTAGTGAAT-1,GARQ,D5,0,40,37,30,0.12020314,CD56dim CD16bright NK
AGATTGCAGAAGGGTA-1,GARQ,D5,0,40,37,7,0.059446573,CD56dim CD16bright NK
AGATTGCCAAACTGCT-1,GARQ,D5,0,40,37,30,0.12802958,CD56dim CD16bright NK
AGATTGCGTCCGAACC-1,GARQ,D5,0,40,37,8,0.0013995171,CD8 naive
AGATTGCGTCCGACGT-1,GARQ,D5,0,40,37,30,0.030344725,CD56dim CD16bright NK
AGATTGCGTTGGGACA-1,GARQ,D5,0,40,37,7,0.012194395,CD56dim CD16bright NK
AGATTGCTCTGGCGTG-1,GARQ,D5,0,40,37,10,0.008978248,CD4 memory
AGCAGCCAGATCCGAG-1,GARQ,D5,0,40,37,14,0.13145256,CD4 naive II
AGCAGCCCACACCGAC-1,GARQ,D5,0,40,37,27,0.060851693,Proliferating T and NK cell
AGCAGCCCACATCCGG-1,GARQ,D5,0,40,37,38,0.012501359,CD4 memory
AGCAGCCCAGTATCTG-1,GARQ,D5,0,40,37,14,0.048114896,CD4 memory
AGCAGCCTCAAGATCC-1,GARQ,D5,0,40,37,25,0.08730447,plasmacytoid DC
AGCAGCCTCTGGTATG-1,GARQ,D5,0,40,37,8,0.040385723,CD4 naive I
AGCATACAGCGCTCCA-1,GARQ,D5,0,40,37,8,0.19678783,CD4 naive I
AGCATACCAGACGCAA-1,GARQ,D5,0,40,37,14,0.06368661,CD8 naive
AGCATACCATAGTAAG-1,GARQ,D5,0,40,37,21,0.055732727,CD8 memory
AGCATACGTCCCTACT-1,GARQ,D5,0,40,37,8,0.00847888,CD8 naive
AGCCTAAAGCTGCCCA-1,GARQ,D5,0,40,37,14,0.04096496,CD4 memory
AGCCTAAAGTGGGATC-1,GARQ,D5,0,40,37,30,0.12168324,CD56dim CD16bright NK
AGCCTAATCACCATAG-1,GARQ,D5,0,40,37,25,0.29116702,Classical monocytes
AGCCTAATCACGCGGT-1,GARQ,D5,0,40,37,14,0.058867455,CD4 naive I
AGCCTAATCGTTACGA-1,GARQ,D5,0,40,37,8,0.057895422,CD4 memory
AGCGGTCAGGACACCA-1,GARQ,D5,0,40,37,21,0.1528225,MAIT-NKT cells
AGCGGTCAGGTGATAT-1,GARQ,D5,0,40,37,25,0.36653268,Neutrophils
AGCGGTCAGTGTCCAT-1,GARQ,D5,0,40,37,30,0.14938474,CD56dim CD16bright NK
AGCGGTCCAAAGTCAA-1,GARQ,D5,0,40,37,35,0.041564345,Naive B
AGCGGTCTCGCATGAT-1,GARQ,D5,0,40,37,30,0.15557528,CD56bright CD16dim NK
AGCGGTCTCTTGACGA-1,GARQ,D5,0,40,37,36,0.19305873,Erythroid 
AGCGTATCAATGTTGC-1,GARQ,D5,0,40,37,27,0.08534706,CD56bright CD16dim NK
AGCGTATCACACTGCG-1,GARQ,D5,0,40,37,25,1.0862875,Classical monocytes
AGCGTATCACATTCGA-1,GARQ,D5,0,40,37,20,0.0017883778,Naive B
AGCGTATCACGGCGTT-1,GARQ,D5,0,40,37,20,0.07099843,T-NK-B cell doublets
AGCGTATCACTTGGAT-1,GARQ,D5,0,40,37,25,0.44603145,Classical monocytes
AGCGTATTCGCTTAGA-1,GARQ,D5,0,40,37,30,0.12869,CD56dim CD16bright NK
AGCGTATTCTGTCTCG-1,GARQ,D5,0,40,37,14,0.015515447,CD8 naive
AGCGTCGGTATATCCG-1,GARQ,D5,0,40,37,7,0.10868931,CD56dim CD16bright NK
AGCGTCGGTGTCCTCT-1,GARQ,D5,0,40,37,25,0.35303771,Neutrophils
AGCTCCTTCAGTCCCT-1,GARQ,D5,0,40,37,25,0.29511607,Non classical monocytes
AGCTCCTTCTCCGGTT-1,GARQ,D5,0,40,37,14,0.17684865,CD4 memory
AGCTCTCAGATCCTGT-1,GARQ,D5,0,40,37,25,0.30704296,Platelet-bound monocytes
AGCTCTCGTCCATGAT-1,GARQ,D5,0,40,37,35,0.052587032,Naive B
AGCTTGAAGGCTAGAC-1,GARQ,D5,0,40,37,4,0.031916976,gdT cells
AGGCCACAGGGCTTCC-1,GARQ,D5,0,40,37,35,0.036682963,Naive B
AGGCCACCAAGCCTAT-1,GARQ,D5,0,40,37,8,0.032599986,CD4 naive I
AGGCCACCAAGTTAAG-1,GARQ,D5,0,40,37,7,0.071582556,CD56dim CD16bright NK
AGGCCACCACAACGTT-1,GARQ,D5,0,40,37,25,0.34360778,Classical monocytes
AGGCCACTCATTGCGA-1,GARQ,D5,0,40,37,10,0.10959232,CD8 memory
AGGCCGTAGAAGCCCA-1,GARQ,D5,0,40,37,21,0.02170229,NK-T doublets
AGGGAGTAGAAACGAG-1,GARQ,D5,0,40,37,22,0.03711939,CD8 effector
AGGGAGTCAGCTCGCA-1,GARQ,D5,0,40,37,17,0.040064335,gdT cells
AGGGAGTCATCATCCC-1,GARQ,D5,0,40,37,36,0.13708305,Platelet-T cell doublets
AGGGAGTGTCATTAGC-1,GARQ,D5,0,40,37,5,0.12288749,CD4 memory
AGGGAGTTCTGTCTCG-1,GARQ,D5,0,40,37,11,0.069583535,CD56dim CD16bright NK
AGGGAGTTCTTGTCAT-1,GARQ,D5,0,40,37,25,0.50149333,Classical monocytes
AGGGATGAGATCCCAT-1,GARQ,D5,0,40,37,30,0.052977443,Proliferating T and NK cell
AGGGATGAGATGCCAG-1,GARQ,D5,0,40,37,25,0.57717276,Classical monocytes
AGGGATGTCAACGGGA-1,GARQ,D5,0,40,37,7,0.072461605,CD56dim CD16bright NK
AGGGATGTCCAAGCCG-1,GARQ,D5,0,40,37,35,0.07837713,Naive B
AGGGTGATCAGCGATT-1,GARQ,D5,0,40,37,8,0.015350223,CD4 naive I
AGGGTGATCAGGTAAA-1,GARQ,D5,0,40,37,30,0.18389642,CD56dim CD16bright NK
AGGTCATCAATTGCTG-1,GARQ,D5,0,40,37,8,0.08239937,CD4 naive I
AGGTCATGTAAGGGAA-1,GARQ,D5,0,40,37,25,0.2793225,Classical monocytes
AGGTCCGCAAAGGAAG-1,GARQ,D5,0,40,37,4,0.00068473816,gdT cells
AGGTCCGCACCAGGTC-1,GARQ,D5,0,40,37,30,0.10890746,CD56dim CD16bright NK
AGGTCCGGTAGGCATG-1,GARQ,D5,0,40,37,18,0.056409597,gdT cells
AGGTCCGGTCCAGTGC-1,GARQ,D5,0,40,37,14,0.035969496,CD4 naive I
AGGTCCGTCAACACAC-1,GARQ,D5,0,40,37,30,0.015425682,CD56dim CD16bright NK
AGGTCCGTCCCATTAT-1,GARQ,D5,0,40,37,30,0.30204844,CD56dim CD16bright NK
AGTAGTCAGCCCAGCT-1,GARQ,D5,0,40,37,14,0.013027549,CD8 naive
AGTAGTCAGTGAACAT-1,GARQ,D5,0,40,37,25,0.38516867,Non classical monocytes
AGTAGTCCACCAGTTA-1,GARQ,D5,0,40,37,25,0.14530373,Non classical monocytes
AGTCTTTAGCTAGGCA-1,GARQ,D5,0,40,37,25,0.22273445,Non classical monocytes
AGTCTTTCAATAGCAA-1,GARQ,D5,0,40,37,25,0.36905825,Neutrophils
AGTCTTTCAGTCTTCC-1,GARQ,D5,0,40,37,14,0.1013155,CD4 memory
AGTCTTTGTATAGGTA-1,GARQ,D5,0,40,37,3,0.014657617,gdT cells
AGTCTTTGTGTGTGCC-1,GARQ,D5,0,40,37,25,0.36295784,NK-monocyte doublets
AGTCTTTGTTACCGAT-1,GARQ,D5,0,40,37,27,0.054390192,CD56dim CD16bright NK
AGTCTTTTCAGTTAGC-1,GARQ,D5,0,40,37,7,0.027148962,CD56dim CD16bright NK
AGTGAGGAGGGAAACA-1,GARQ,D5,0,40,37,8,0.03222871,CD4 memory
AGTGAGGCAGATGGCA-1,GARQ,D5,0,40,37,7,0.040282845,CD56dim CD16bright NK
AGTGGGAAGCCCGAAA-1,GARQ,D5,0,40,37,14,0.025647283,CD4 and CD8 activated memory
AGTGGGACAACACGCC-1,GARQ,D5,0,40,37,17,0.10836208,CD8 effector
AGTGTCACACATGGGA-1,GARQ,D5,0,40,37,21,0.012473345,CD8 effector
AGTGTCACAGCCTTGG-1,GARQ,D5,0,40,37,8,0.040878177,CD4 naive I
AGTGTCACATAGTAAG-1,GARQ,D5,0,40,37,30,0.05043447,CD56dim CD16bright NK
AGTGTCAGTGGGTATG-1,GARQ,D5,0,40,37,7,0.010293126,CD56dim CD16bright NK
AGTGTCAGTGGTAACG-1,GARQ,D5,0,40,37,21,0.09666872,MAIT-NKT cells
AGTGTCAGTGGTCCGT-1,GARQ,D5,0,40,37,35,0.007319212,Naive B
AGTGTCATCCCATTAT-1,GARQ,D5,0,40,37,10,0.03957069,MAIT-NKT cells
AGTTGGTAGTACACCT-1,GARQ,D5,0,40,37,25,0.48019457,Non classical monocytes
AGTTGGTCAATGGATA-1,GARQ,D5,0,40,37,16,0.041446805,CD8 memory
AGTTGGTTCTACTCAT-1,GARQ,D5,0,40,37,30,0.1477238,CD56dim CD16bright NK
ATAACGCCAATTGCTG-1,GARQ,D5,0,40,37,25,0.42247915,Classical monocytes
ATAACGCCACAAGACG-1,GARQ,D5,0,40,37,33,0.08392626,Non classical monocytes
ATAACGCGTACAGTGG-1,GARQ,D5,0,40,37,30,0.060571074,CD56dim CD16bright NK
ATAACGCGTCGTTGTA-1,GARQ,D5,0,40,37,25,0.24660736,Neutrophils
ATAAGAGAGACTAAGT-1,GARQ,D5,0,40,37,21,0.022561312,CD8 effector
ATAAGAGAGACTAGAT-1,GARQ,D5,0,40,37,14,0.026903033,CD4 memory
ATAAGAGAGCGATGAC-1,GARQ,D5,0,40,37,25,0.20262909,T-NK-B cell doublets
ATAAGAGAGTGCGATG-1,GARQ,D5,0,40,37,21,0.05848694,MAIT-NKT cells
ATAAGAGCAAACTGTC-1,GARQ,D5,0,40,37,30,0.06345153,CD56dim CD16bright NK
ATAAGAGGTAAGTTCC-1,GARQ,D5,0,40,37,18,0.01619327,gdT cells
ATAAGAGGTTAGAACA-1,GARQ,D5,0,40,37,35,0.037608266,Naive B
ATAGACCAGACAGGCT-1,GARQ,D5,0,40,37,21,0.043599248,CD8 effector
ATAGACCGTAGAAGGA-1,GARQ,D5,0,40,37,21,0.16882396,MAIT-NKT cells
ATAGACCGTATAGGTA-1,GARQ,D5,0,40,37,30,0.0031369925,CD56dim CD16bright NK
ATAGACCGTGACTACT-1,GARQ,D5,0,40,37,14,0.19261408,CD8 naive
ATAGACCTCAGTCCCT-1,GARQ,D5,0,40,37,14,0.18268085,CD4 naive I
ATAGACCTCCCATTTA-1,GARQ,D5,0,40,37,21,0.030264616,CD8 memory
ATAGACCTCTGGAGCC-1,GARQ,D5,0,40,37,35,0.09871793,Naive B
ATCACGAAGGCTACGA-1,GARQ,D5,0,40,37,4,0.0077452064,gdT cells
ATCACGACAAGTCATC-1,GARQ,D5,0,40,37,21,0.12358463,CD8 memory
ATCACGAGTCACTGGC-1,GARQ,D5,0,40,37,35,0.0029563904,Memory B
ATCACGAGTTGTTTGG-1,GARQ,D5,0,40,37,14,0.14594555,CD4 naive I
ATCACGATCAGTCAGT-1,GARQ,D5,0,40,37,9,0.017984271,MAIT-NKT cells
ATCATCTAGCCACGCT-1,GARQ,D5,0,40,37,14,0.044356108,CD4 naive I
ATCATCTCAGGTGCCT-1,GARQ,D5,0,40,37,14,0.08218396,CD4 memory
ATCATCTTCAGCCTAA-1,GARQ,D5,0,40,37,25,0.27168286,Neutrophils
ATCATGGCAGACAGGT-1,GARQ,D5,0,40,37,25,0.07080817,plasmacytoid DC
ATCATGGCATGAAGTA-1,GARQ,D5,0,40,37,30,0.07898474,CD56dim CD16bright NK
ATCATGGTCCCTTGCA-1,GARQ,D5,0,40,37,25,0.35366905,Neutrophils
ATCATGGTCTTCTGGC-1,GARQ,D5,0,40,37,14,0.049535394,CD4 memory
ATCCACCAGATGAGAG-1,GARQ,D5,0,40,37,8,0.087961555,CD4 naive I
ATCCACCAGGGATCTG-1,GARQ,D5,0,40,37,14,0.060232043,CD8 naive
ATCCGAACACGTCTCT-1,GARQ,D5,0,40,37,17,0.0266245,gdT cells
ATCCGAACATGCGCAC-1,GARQ,D5,0,40,37,25,0.8446789,Neutrophils
ATCCGAAGTCAGAATA-1,GARQ,D5,0,40,37,21,0.039451003,CD8 memory
ATCCGAAGTTGTCGCG-1,GARQ,D5,0,40,37,2,0.007382512,CD4 naive I
ATCCGAATCTCTGCTG-1,GARQ,D5,0,40,37,30,0.14555335,CD56dim CD16bright NK
ATCGAGTAGAACTCGG-1,GARQ,D5,0,40,37,10,0.07027602,CD4 and CD8 activated memory
ATCGAGTAGCTAGTTC-1,GARQ,D5,0,40,37,30,0.038440943,CD56dim CD16bright NK
ATCGAGTCAGACAAGC-1,GARQ,D5,0,40,37,20,0.12835598,Plasma cells
ATCGAGTCATACAGCT-1,GARQ,D5,0,40,37,7,0.027837038,CD56dim CD16bright NK
ATCGAGTTCAACGGCC-1,GARQ,D5,0,40,37,33,0.21438903,Non classical monocytes
ATCGAGTTCGCCAAAT-1,GARQ,D5,0,40,37,10,0.010357022,CD8 naive
ATCGAGTTCGCGTTTC-1,GARQ,D5,0,40,37,11,0.26486784,CD56dim CD16bright NK
ATCTACTAGGTGGGTT-1,GARQ,D5,0,40,37,7,0.083951,CD56dim CD16bright NK
ATCTACTGTCTCTCGT-1,GARQ,D5,0,40,37,30,0.050912976,CD56dim CD16bright NK
ATCTACTGTTCCCTTG-1,GARQ,D5,0,40,37,21,0.035272837,MAIT-NKT cells
ATCTGCCTCGACCAGC-1,GARQ,D5,0,40,37,8,0.031937957,CD4 naive I
ATCTGCCTCGGAAATA-1,GARQ,D5,0,40,37,0,0.03284836,gdT cells
ATCTGCCTCTGCTTGC-1,GARQ,D5,0,40,37,25,0.3373617,Classical monocytes
ATGAGGGCATCACCCT-1,GARQ,D5,0,40,37,21,0.021447062,CD4 memory
ATGAGGGGTATAGTAG-1,GARQ,D5,0,40,37,33,0.15908241,Non classical monocytes
ATGAGGGGTCGGCACT-1,GARQ,D5,0,40,37,14,0.067828774,CD4 memory
ATGAGGGTCGACGGAA-1,GARQ,D5,0,40,37,26,0.01322484,CD56dim CD16bright NK
ATGAGGGTCTTTAGTC-1,GARQ,D5,0,40,37,14,0.02660942,CD4 naive I
ATGCGATAGAGTTGGC-1,GARQ,D5,0,40,37,22,0.05869937,CD8 effector
ATGCGATCAGGATCGA-1,GARQ,D5,0,40,37,30,0.09867978,CD56dim CD16bright NK
ATGCGATCAGGCAGTA-1,GARQ,D5,0,40,37,30,0.13025975,CD56dim CD16bright NK
ATGCGATCATTTGCCC-1,GARQ,D5,0,40,37,21,0.053878665,Platelet-T cell doublets
ATGGGAGAGAGGGATA-1,GARQ,D5,0,40,37,10,0.024162292,CD8 naive
ATGGGAGAGAGGTAGA-1,GARQ,D5,0,40,37,35,0.07619476,Naive B
ATGGGAGCATGAACCT-1,GARQ,D5,0,40,37,25,0.28671455,Neutrophils
ATGGGAGGTATGAATG-1,GARQ,D5,0,40,37,10,0.07366085,CD8 memory
ATGGGAGTCAAACAAG-1,GARQ,D5,0,40,37,17,0.053216398,CD8 effector
ATGTGTGAGCGTTGCC-1,GARQ,D5,0,40,37,11,0.014914036,CD56dim CD16bright NK
ATGTGTGAGCTGCGAA-1,GARQ,D5,0,40,37,14,0.036070466,CD8 naive
ATGTGTGGTTATCGGT-1,GARQ,D5,0,40,37,30,0.038315773,CD56bright CD16dim NK
ATGTGTGGTTCAACCA-1,GARQ,D5,0,40,37,14,0.15281385,Platelet-T cell doublets
ATTACTCAGATCCTGT-1,GARQ,D5,0,40,37,14,0.019181848,CD4 naive I
ATTACTCAGCCGTCGT-1,GARQ,D5,0,40,37,30,0.16906083,CD56dim CD16bright NK
ATTACTCAGCGTCAAG-1,GARQ,D5,0,40,37,35,0.011506081,Naive B
ATTACTCAGTGGGTTG-1,GARQ,D5,0,40,37,33,0.22082192,Non classical monocytes
ATTACTCAGTTAACGA-1,GARQ,D5,0,40,37,14,0.024770021,CD8 naive
ATTACTCCACAGGAGT-1,GARQ,D5,0,40,37,20,0.0003299713,Naive B
ATTACTCGTTCCAACA-1,GARQ,D5,0,40,37,25,0.33254576,Classical monocytes
ATTACTCTCTACGAGT-1,GARQ,D5,0,40,37,30,0.02611661,CD56dim CD16bright NK
ATTATCCCAGCGATCC-1,GARQ,D5,0,40,37,30,0.15741575,CD56dim CD16bright NK
ATTATCCGTCCCTTGT-1,GARQ,D5,0,40,37,3,0.07056999,MAIT-NKT cells
ATTATCCTCAACCATG-1,GARQ,D5,0,40,37,35,0.035514593,Memory B
ATTATCCTCACCTTAT-1,GARQ,D5,0,40,37,30,0.12932146,CD56dim CD16bright NK
ATTCTACAGATCCCAT-1,GARQ,D5,0,40,37,25,0.12265539,Non classical monocytes
ATTCTACCAGGGCATA-1,GARQ,D5,0,40,37,25,0.55367136,Classical monocytes
ATTGGACAGAGGTACC-1,GARQ,D5,0,40,37,30,0.14946163,CD56bright CD16dim NK
ATTGGACCACAGACTT-1,GARQ,D5,0,40,37,14,0.19901705,CD8 naive
ATTGGACTCTTCGGTC-1,GARQ,D5,0,40,37,25,0.6521697,Classical monocytes
ATTGGTGAGAGAACAG-1,GARQ,D5,0,40,37,21,0.007933378,gdT cells
ATTGGTGAGTAGGCCA-1,GARQ,D5,0,40,37,35,0.13654959,Memory B
ATTGGTGAGTTAAGTG-1,GARQ,D5,0,40,37,30,0.015281439,CD56dim CD16bright NK
ATTGGTGGTGATAAAC-1,GARQ,D5,0,40,37,25,0.4859408,Classical monocytes
ATTGGTGTCAACGGGA-1,GARQ,D5,0,40,37,14,0.033138394,CD4 naive I
ATTTCTGGTTAAGTAG-1,GARQ,D5,0,40,37,14,0.0076413155,CD4 naive I
ATTTCTGTCCACGCAG-1,GARQ,D5,0,40,37,21,0.0123000145,CD8 memory
ATTTCTGTCGAGAACG-1,GARQ,D5,0,40,37,7,0.015516281,CD56dim CD16bright NK
CAACCAAAGATGGCGT-1,GARQ,D5,0,40,37,17,0.05815518,gdT cells
CAACCAAAGGGCTTCC-1,GARQ,D5,0,40,37,36,0.21166098,Erythroid 
CAACCAAGTAGCGTGA-1,GARQ,D5,0,40,37,21,0.09205115,CD8 effector
CAACCAAGTCGACTAT-1,GARQ,D5,0,40,37,18,9.906292e-05,gdT cells
CAACCAAGTCTCTTTA-1,GARQ,D5,0,40,37,8,0.06307495,CD8 naive
CAACCAATCAGTTGAC-1,GARQ,D5,0,40,37,25,0.40624583,Classical monocytes
CAACCTCGTCTAGGTT-1,GARQ,D5,0,40,37,14,0.14777565,CD4 memory
CAACCTCGTTCAGACT-1,GARQ,D5,0,40,37,30,0.06918371,CD56dim CD16bright NK
CAACCTCTCTCTTATG-1,GARQ,D5,0,40,37,14,0.09417856,CD4 naive II
CAACTAGCACGGTTTA-1,GARQ,D5,0,40,37,30,0.31152415,CD56dim CD16bright NK
CAACTAGCATTAGCCA-1,GARQ,D5,0,40,37,38,0.028814971,CD4 memory
CAACTAGGTAGGCTGA-1,GARQ,D5,0,40,37,14,0.11762118,CD4 and CD8 activated memory
CAACTAGGTCTCCATC-1,GARQ,D5,0,40,37,27,0.0070023537,CD8 effector
CAACTAGTCTTCGGTC-1,GARQ,D5,0,40,37,25,0.24642736,Platelet-bound monocytes
CAAGAAAAGAGAGCTC-1,GARQ,D5,0,40,37,25,0.36565876,Classical monocytes
CAAGAAAAGTGAACAT-1,GARQ,D5,0,40,37,14,0.28925705,CD4 memory
CAAGAAACACATGTGT-1,GARQ,D5,0,40,37,25,0.39769173,Classical monocytes
CAAGAAATCGCGATCG-1,GARQ,D5,0,40,37,14,0.008050203,CD4 memory
CAAGAAATCTACTCAT-1,GARQ,D5,0,40,37,8,0.023299932,CD8 naive
CAAGAAATCTATCCTA-1,GARQ,D5,0,40,37,25,0.2296046,Non classical monocytes
CAAGATCCAATAGCGG-1,GARQ,D5,0,40,37,25,0.17734087,Platelets
CAAGATCCATATACCG-1,GARQ,D5,0,40,37,14,0.017154098,CD4 naive I
CAAGATCCATCCCACT-1,GARQ,D5,0,40,37,30,0.08867395,CD56dim CD16bright NK
CAAGATCGTAAGCACG-1,GARQ,D5,0,40,37,30,0.0691967,CD56bright CD16dim NK
CAAGATCGTCCAAGTT-1,GARQ,D5,0,40,37,30,0.038071156,CD56bright CD16dim NK
CAAGATCGTCTCTTTA-1,GARQ,D5,0,40,37,35,0.09252226,T-NK-B cell doublets
CAAGGCCCAGTCAGCC-1,GARQ,D5,0,40,37,25,0.18111056,Non classical monocytes
CAAGGCCGTCGCGTGT-1,GARQ,D5,0,40,37,30,0.031569004,CD56dim CD16bright NK
CAAGGCCTCAGTTTGG-1,GARQ,D5,0,40,37,8,0.034400105,CD4 naive I
CAAGGCCTCGATCCCT-1,GARQ,D5,0,40,37,25,0.3432895,Classical monocytes
CAAGTTGAGACTGGGT-1,GARQ,D5,0,40,37,14,0.112653255,Regulatory T cells
CAAGTTGCAAGTCTAC-1,GARQ,D5,0,40,37,30,0.048240185,CD56dim CD16bright NK
CAAGTTGCATCACCCT-1,GARQ,D5,0,40,37,7,0.064709425,CD56dim CD16bright NK
CAAGTTGGTGACGCCT-1,GARQ,D5,0,40,37,25,0.42876852,Platelet-bound monocytes
CAAGTTGTCACCGTAA-1,GARQ,D5,0,40,37,24,0.030525804,NK-T doublets
CAAGTTGTCTAACGGT-1,GARQ,D5,0,40,37,21,0.038600564,MAIT-NKT cells
CACAAACCACTACAGT-1,GARQ,D5,0,40,37,8,0.02292633,CD8 naive
CACAAACGTGACGGTA-1,GARQ,D5,0,40,37,25,0.49583578,Platelet-bound monocytes
CACAAACGTGAGTATA-1,GARQ,D5,0,40,37,2,0.0059942007,CD4 memory
CACACAAAGAGACGAA-1,GARQ,D5,0,40,37,25,0.41085505,Classical monocytes
CACACAAAGATCGGGT-1,GARQ,D5,0,40,37,21,0.020588994,CD8 memory
CACACAACACAGATTC-1,GARQ,D5,0,40,37,30,0.093997955,CD56dim CD16bright NK
CACACAACATGGGACA-1,GARQ,D5,0,40,37,20,0.04123521,Naive B
CACACAAGTGTGACCC-1,GARQ,D5,0,40,37,21,0.1395247,gdT cells
CACACAATCATAGCAC-1,GARQ,D5,0,40,37,7,0.013525844,CD56dim CD16bright NK
CACACCTAGAGTCTGG-1,GARQ,D5,0,40,37,20,0.032595992,T-NK-B cell doublets
CACACCTAGTCCATAC-1,GARQ,D5,0,40,37,25,0.33814895,Classical monocytes
CACACCTAGTTGTAGA-1,GARQ,D5,0,40,37,8,0.09334946,CD4 naive I
CACACCTGTGCGATAG-1,GARQ,D5,0,40,37,25,0.6186638,Classical monocytes
CACACCTGTTATGCGT-1,GARQ,D5,0,40,37,21,0.061939,MAIT-NKT cells
CACACCTGTTTGCATG-1,GARQ,D5,0,40,37,28,0.00362885,NK-T doublets
CACACCTTCGGCGCTA-1,GARQ,D5,0,40,37,14,0.008749127,CD4 and CD8 activated memory
CACACTCAGGTCATCT-1,GARQ,D5,0,40,37,25,0.5652623,T-NK-B cell doublets
CACACTCGTGTCTGAT-1,GARQ,D5,0,40,37,25,0.82966805,Classical monocytes
CACACTCGTGTTTGGT-1,GARQ,D5,0,40,37,8,0.026949883,CD8 naive
CACACTCTCTGGTATG-1,GARQ,D5,0,40,37,30,0.02412355,CD56dim CD16bright NK
CACAGGCAGAGCCTAG-1,GARQ,D5,0,40,37,25,0.37267208,Classical monocytes
CACAGGCAGAGCTGCA-1,GARQ,D5,0,40,37,25,0.37678742,Platelet-bound monocytes
CACAGGCAGCGAAGGG-1,GARQ,D5,0,40,37,30,0.06333995,CD56dim CD16bright NK
CACAGGCCACTTGGAT-1,GARQ,D5,0,40,37,3,0.043517828,CD8 memory
CACAGGCTCACAACGT-1,GARQ,D5,0,40,37,25,0.19179356,Non classical monocytes
CACAGGCTCACCATAG-1,GARQ,D5,0,40,37,25,0.4074055,Non classical monocytes
CACAGTACATGCCACG-1,GARQ,D5,0,40,37,25,0.34408128,Neutrophils
CACAGTAGTCGAGATG-1,GARQ,D5,0,40,37,8,0.043642044,CD8 naive
CACAGTAGTTGTGGCC-1,GARQ,D5,0,40,37,8,0.21520567,CD8 naive
CACAGTATCACCTCGT-1,GARQ,D5,0,40,37,14,0.013325334,CD4 naive I
CACATAGCACTGTGTA-1,GARQ,D5,0,40,37,25,0.30938363,Classical monocytes
CACATAGGTAGGAGTC-1,GARQ,D5,0,40,37,25,0.22521472,Non classical monocytes
CACATAGGTCTAGAGG-1,GARQ,D5,0,40,37,14,0.14099038,CD4 naive I
CACATAGGTGCACGAA-1,GARQ,D5,0,40,37,8,0.098511696,CD4 naive I
CACATAGGTTTCGCTC-1,GARQ,D5,0,40,37,35,0.039375067,T-NK-B cell doublets
CACATAGTCAGCTCTC-1,GARQ,D5,0,40,37,21,0.09291184,CD8 memory
CACATTTCAAGTCTGT-1,GARQ,D5,0,40,37,18,0.023562193,NK-T doublets
CACATTTCAATCCAAC-1,GARQ,D5,0,40,37,25,0.03112626,plasmacytoid DC
CACATTTCAGGCAGTA-1,GARQ,D5,0,40,37,20,0.03539753,Naive B
CACATTTGTGTTCTTT-1,GARQ,D5,0,40,37,21,0.0038157701,CD4 memory
CACCACTAGTGCTGCC-1,GARQ,D5,0,40,37,35,0.061674118,Memory B
CACCACTAGTTAAGTG-1,GARQ,D5,0,40,37,9,0.0074771643,CD56bright CD16dim NK
CACCACTCACCCATTC-1,GARQ,D5,0,40,37,30,0.08770251,CD56dim CD16bright NK
CACCACTCACGTCTCT-1,GARQ,D5,0,40,37,25,0.22243392,Non classical monocytes
CACCACTGTCATCGGC-1,GARQ,D5,0,40,37,5,0.00032186508,CD4 memory
CACCACTGTTCCATGA-1,GARQ,D5,0,40,37,7,0.04869914,CD56dim CD16bright NK
CACCAGGCAGACGCCT-1,GARQ,D5,0,40,37,14,0.10009456,CD4 memory
CACCAGGCATGTCCTC-1,GARQ,D5,0,40,37,25,0.30388564,Neutrophils
CACCAGGGTATAGGGC-1,GARQ,D5,0,40,37,35,0.113001704,Naive B
CACCAGGGTCAGGACA-1,GARQ,D5,0,40,37,21,0.0569551,MAIT-NKT cells
CACCAGGTCCGTCAAA-1,GARQ,D5,0,40,37,30,0.12616074,CD56dim CD16bright NK
CACCTTGAGGCTAGCA-1,GARQ,D5,0,40,37,5,0.037195683,CD4 naive II
CACCTTGCACAAGTAA-1,GARQ,D5,0,40,37,14,0.027077079,CD4 memory
CACCTTGCATTGTGCA-1,GARQ,D5,0,40,37,14,0.05468917,CD4 memory
CACCTTGGTCGAATCT-1,GARQ,D5,0,40,37,2,0.02697301,CD4 memory
CACCTTGGTGTTTGTG-1,GARQ,D5,0,40,37,7,0.06603503,CD56dim CD16bright NK
CACCTTGGTTATTCTC-1,GARQ,D5,0,40,37,9,0.0005607605,CD56dim CD16bright NK
CACCTTGTCACGCGGT-1,GARQ,D5,0,40,37,25,0.23258376,Non classical monocytes
CACTCCAAGCAGCCTC-1,GARQ,D5,0,40,37,35,0.0142195225,Naive B
CACTCCAAGCTCCTTC-1,GARQ,D5,0,40,37,25,0.40974343,Neutrophils
CACTCCACATACAGCT-1,GARQ,D5,0,40,37,10,0.005104184,T-NK-B cell doublets
CACTCCAGTTTGTTGG-1,GARQ,D5,0,40,37,21,0.22118545,MAIT-NKT cells
CACTCCATCTTTCCTC-1,GARQ,D5,0,40,37,21,0.11982441,MAIT-NKT cells
CAGAATCCAAGCCGTC-1,GARQ,D5,0,40,37,30,0.2280829,CD56dim CD16bright NK
CAGAATCCATCCTTGC-1,GARQ,D5,0,40,37,14,0.0024766922,CD4 naive I
CAGAATCGTTGTGGCC-1,GARQ,D5,0,40,37,2,0.009870052,CD8 memory
CAGAATCTCAAGATCC-1,GARQ,D5,0,40,37,21,0.052042603,CD8 effector
CAGAGAGCACGACTCG-1,GARQ,D5,0,40,37,21,0.0072063208,CD8 effector
CAGAGAGCATGCTGGC-1,GARQ,D5,0,40,37,25,0.36771083,Neutrophils
CAGAGAGGTTGGAGGT-1,GARQ,D5,0,40,37,8,0.014932036,CD4 naive I
CAGAGAGTCACAGTAC-1,GARQ,D5,0,40,37,30,0.3038528,CD56dim CD16bright NK
CAGAGAGTCTAACCGA-1,GARQ,D5,0,40,37,14,0.09663963,CD8 naive
CAGATCACACCGAATT-1,GARQ,D5,0,40,37,25,0.23246408,Platelet-bound monocytes
CAGATCACATGCAACT-1,GARQ,D5,0,40,37,25,0.2978714,NK-monocyte doublets
CAGATCAGTTAAAGAC-1,GARQ,D5,0,40,37,14,0.063176155,CD4 memory
CAGATCATCACCTTAT-1,GARQ,D5,0,40,37,14,0.07124615,CD4 naive I
CAGCAGCAGTGGGCTA-1,GARQ,D5,0,40,37,33,0.04338646,Non classical monocytes
CAGCAGCGTCACACGC-1,GARQ,D5,0,40,37,21,0.114459515,CD8 memory
CAGCAGCGTCGCCATG-1,GARQ,D5,0,40,37,35,0.04062414,Naive B
CAGCAGCTCCAACCAA-1,GARQ,D5,0,40,37,25,0.17397833,Non classical monocytes
CAGCATACACATTTCT-1,GARQ,D5,0,40,37,35,0.12594628,Naive B
CAGCATAGTCGAACAG-1,GARQ,D5,0,40,37,35,0.05319822,Naive B
CAGCATAGTTTGTTGG-1,GARQ,D5,0,40,37,25,0.26306516,Non classical monocytes
CAGCATATCAGTTGAC-1,GARQ,D5,0,40,37,30,0.12263429,CD56dim CD16bright NK
CAGCATATCATTATCC-1,GARQ,D5,0,40,37,30,0.154562,CD56dim CD16bright NK
CAGCATATCCATGCTC-1,GARQ,D5,0,40,37,30,0.047864795,CD56bright CD16dim NK
CAGCATATCGATAGAA-1,GARQ,D5,0,40,37,10,0.02652812,CD8 memory
CAGCATATCTCTAGGA-1,GARQ,D5,0,40,37,30,0.064617634,CD56bright CD16dim NK
CAGCATATCTCTTGAT-1,GARQ,D5,0,40,37,10,0.12112224,MAIT-NKT cells
CAGCCGAAGCAGACTG-1,GARQ,D5,0,40,37,14,0.03546834,CD4 naive I
CAGCGACAGCGTGTCC-1,GARQ,D5,0,40,37,25,0.74826384,Classical monocytes
CAGCGACAGTGGTAGC-1,GARQ,D5,0,40,37,30,0.058808804,CD56dim CD16bright NK
CAGCGACAGTGTCCAT-1,GARQ,D5,0,40,37,7,0.050737858,CD56dim CD16bright NK
CAGCGACTCGAGAACG-1,GARQ,D5,0,40,37,7,0.01931107,CD56dim CD16bright NK
CAGCTAATCGGTCTAA-1,GARQ,D5,0,40,37,35,0.08913064,Naive B
CAGCTGGGTTACGTCA-1,GARQ,D5,0,40,37,14,0.10509813,CD4 memory
CAGCTGGGTTGCTCCT-1,GARQ,D5,0,40,37,35,0.059963226,Naive B
CAGCTGGTCGAGAACG-1,GARQ,D5,0,40,37,17,0.033110976,Proliferating T and NK cell
CAGCTGGTCTACCAGA-1,GARQ,D5,0,40,37,30,0.12935233,CD56dim CD16bright NK
CAGCTGGTCTGCTGTC-1,GARQ,D5,0,40,37,30,0.01455605,CD56dim CD16bright NK
CAGGTGCGTGGCAAAC-1,GARQ,D5,0,40,37,21,0.36857724,MAIT-NKT cells
CAGGTGCGTTACGTCA-1,GARQ,D5,0,40,37,30,0.19773662,CD56dim CD16bright NK
CAGGTGCTCAGGCGAA-1,GARQ,D5,0,40,37,30,0.0063080788,CD56dim CD16bright NK
CAGGTGCTCTCTGCTG-1,GARQ,D5,0,40,37,36,0.010414898,CD4 naive II
CAGTAACCATGCCTTC-1,GARQ,D5,0,40,37,30,0.061039448,CD56dim CD16bright NK
CAGTAACTCCAATGGT-1,GARQ,D5,0,40,37,14,0.06489122,CD4 naive I
CAGTCCTAGCGATAGC-1,GARQ,D5,0,40,37,30,0.010389328,CD8 effector
CAGTCCTCAGATGGCA-1,GARQ,D5,0,40,37,10,0.00023543835,NK-T doublets
CATATGGAGTTCGCAT-1,GARQ,D5,0,40,37,33,0.077393174,Non classical monocytes
CATATGGCAGCGTAAG-1,GARQ,D5,0,40,37,25,0.36183858,Classical monocytes
CATATGGCATGTAAGA-1,GARQ,D5,0,40,37,25,0.4678017,Classical monocytes
CATATGGTCGTCCAGG-1,GARQ,D5,0,40,37,14,0.06942761,CD8 naive
CATATTCAGAGTAATC-1,GARQ,D5,0,40,37,20,0.014889121,Memory B
CATATTCCAGGACCCT-1,GARQ,D5,0,40,37,14,0.07248211,CD4 memory
CATATTCTCCATGAAC-1,GARQ,D5,0,40,37,30,0.025117278,CD56dim CD16bright NK
CATATTCTCTAACTCT-1,GARQ,D5,0,40,37,25,0.36520982,Classical monocytes
CATATTCTCTACGAGT-1,GARQ,D5,0,40,37,11,0.08611035,NK-T doublets
CATCAAGGTGTAACGG-1,GARQ,D5,0,40,37,2,0.031819105,CD4 memory
CATCAAGTCCGTCATC-1,GARQ,D5,0,40,37,21,0.0045626163,MAIT-NKT cells
CATCAGAAGGCCCTTG-1,GARQ,D5,0,40,37,25,0.2160275,Non classical monocytes
CATCAGACAAGTAGTA-1,GARQ,D5,0,40,37,3,0.035584927,gdT cells
CATCAGACAATGTAAG-1,GARQ,D5,0,40,37,10,0.0207147,CD4 naive I
CATCAGATCAGGTTCA-1,GARQ,D5,0,40,37,25,0.48725498,Non classical monocytes
CATCAGATCCAGGGCT-1,GARQ,D5,0,40,37,30,0.15549779,CD56dim CD16bright NK
CATCCACCAGCTGCAC-1,GARQ,D5,0,40,37,30,0.059049845,CD56dim CD16bright NK
CATCCACGTAGTGAAT-1,GARQ,D5,0,40,37,20,0.0025572777,Naive B
CATCCACGTATAGTAG-1,GARQ,D5,0,40,37,25,0.48380935,Classical monocytes
CATCCACGTGCAACGA-1,GARQ,D5,0,40,37,35,0.1326828,T-NK-B cell doublets
CATCCACTCTTTACAC-1,GARQ,D5,0,40,37,23,0.07293105,CD8 effector
CATCGAAAGGACTGGT-1,GARQ,D5,0,40,37,14,0.1127516,CD4 naive I
CATCGAACAATGCCAT-1,GARQ,D5,0,40,37,9,0.050105274,gdT cells
CATCGAACAGCGTAAG-1,GARQ,D5,0,40,37,14,0.20195103,CD4 memory
CATCGAAGTGTGACCC-1,GARQ,D5,0,40,37,25,0.08666265,Non classical monocytes
CATCGGGAGAAACCTA-1,GARQ,D5,0,40,37,11,0.05332172,CD8 effector
CATCGGGCATTCCTCG-1,GARQ,D5,0,40,37,30,0.06486344,CD56dim CD16bright NK
CATCGGGGTACAGCAG-1,GARQ,D5,0,40,37,14,0.08397722,CD4 naive I
CATCGGGGTAGCCTCG-1,GARQ,D5,0,40,37,33,0.0067168474,Non classical monocytes
CATCGGGGTCATGCCG-1,GARQ,D5,0,40,37,25,0.32662594,Platelet-bound monocytes
CATCGGGTCCAAGTAC-1,GARQ,D5,0,40,37,21,0.046779633,MAIT-NKT cells
CATGACAAGTATGACA-1,GARQ,D5,0,40,37,21,0.010438919,MAIT-NKT cells
CATGACACAAGCGCTC-1,GARQ,D5,0,40,37,25,0.33386922,NK-monocyte doublets
CATGACACACTTAACG-1,GARQ,D5,0,40,37,30,0.1620673,CD56dim CD16bright NK
CATGACAGTCTGCGGT-1,GARQ,D5,0,40,37,35,0.074344516,T-NK-B cell doublets
CATGACATCAATCTCT-1,GARQ,D5,0,40,37,8,0.047560453,CD4 naive II
CATGCCTAGTACGACG-1,GARQ,D5,0,40,37,25,0.32652032,Platelet-bound monocytes
CATGCCTCACGAAATA-1,GARQ,D5,0,40,37,14,0.055518985,CD4 memory
CATGCCTCACTAAGTC-1,GARQ,D5,0,40,37,30,0.008355379,CD56dim CD16bright NK
CATGCCTGTGTCGCTG-1,GARQ,D5,0,40,37,14,0.09004092,CD4 memory
CATGCCTGTTTCCACC-1,GARQ,D5,0,40,37,3,0.051309764,MAIT-NKT cells
CATGCCTTCAACACAC-1,GARQ,D5,0,40,37,35,0.081083536,T-NK-B cell doublets
CATGGCGAGTGGAGTC-1,GARQ,D5,0,40,37,10,0.116300344,CD4 and CD8 activated memory
CATGGCGCACATCTTT-1,GARQ,D5,0,40,37,30,0.06971252,CD56dim CD16bright NK
CATGGCGGTACGACCC-1,GARQ,D5,0,40,37,8,0.004334688,CD4 naive I
CATGGCGGTCTTCAAG-1,GARQ,D5,0,40,37,10,0.15971243,CD8 memory
CATGGCGGTGTTCTTT-1,GARQ,D5,0,40,37,14,0.1645546,CD4 memory
CATTATCCACGAAAGC-1,GARQ,D5,0,40,37,7,0.024456263,CD56dim CD16bright NK
CATTATCCAGCGTTCG-1,GARQ,D5,0,40,37,11,0.19713306,CD56dim CD16bright NK
CATTATCGTCTGATCA-1,GARQ,D5,0,40,37,7,0.008692026,CD56dim CD16bright NK
CATTCGCAGGACGAAA-1,GARQ,D5,0,40,37,25,0.29486096,Non classical monocytes
CATTCGCCAGCGAACA-1,GARQ,D5,0,40,37,10,0.015685797,CD4 memory
CATTCGCCAGTAAGAT-1,GARQ,D5,0,40,37,21,0.15405011,CD8 effector
CATTCGCGTAGCTAAA-1,GARQ,D5,0,40,37,14,0.017175674,CD4 naive I
CATTCGCGTCCTAGCG-1,GARQ,D5,0,40,37,30,0.08583248,CD56dim CD16bright NK
CATTCGCTCGTATCAG-1,GARQ,D5,0,40,37,30,0.06694615,CD56dim CD16bright NK
CCAATCCAGTACGTTC-1,GARQ,D5,0,40,37,30,0.07622731,CD56dim CD16bright NK
CCAATCCCACCGATAT-1,GARQ,D5,0,40,37,30,0.046585083,CD56dim CD16bright NK
CCAATCCCACCTTGTC-1,GARQ,D5,0,40,37,25,0.3681345,Classical monocytes
CCAATCCCAGGGTATG-1,GARQ,D5,0,40,37,25,0.4575752,Classical monocytes
CCAATCCTCACAACGT-1,GARQ,D5,0,40,37,30,0.17464423,CD56dim CD16bright NK
CCAATCCTCACAGTAC-1,GARQ,D5,0,40,37,14,0.08208442,Regulatory T cells
CCAATCCTCTATGTGG-1,GARQ,D5,0,40,37,20,0.036242843,Naive B
CCAATCCTCTTGAGAC-1,GARQ,D5,0,40,37,25,0.45178747,Classical monocytes
CCACCTACAAACTGCT-1,GARQ,D5,0,40,37,8,0.08487177,CD4 naive I
CCACCTACATGCCACG-1,GARQ,D5,0,40,37,30,0.08624315,CD56dim CD16bright NK
CCACCTATCACATAGC-1,GARQ,D5,0,40,37,30,0.05101037,CD56dim CD16bright NK
CCACCTATCGCCTGTT-1,GARQ,D5,0,40,37,25,0.30458522,Classical monocytes
CCACGGAGTGATAAAC-1,GARQ,D5,0,40,37,8,0.005129099,CD4 naive I
CCACGGATCACTTATC-1,GARQ,D5,0,40,37,25,0.6072955,Platelet-bound monocytes
CCACTACAGAGTAAGG-1,GARQ,D5,0,40,37,14,0.12729836,CD4 naive II
CCACTACCACATTAGC-1,GARQ,D5,0,40,37,14,0.06002152,CD4 naive I
CCACTACCACTGTGTA-1,GARQ,D5,0,40,37,34,0.0055236816,gdT cells
CCACTACGTCCAAGTT-1,GARQ,D5,0,40,37,35,0.007442355,Naive B
CCACTACGTTACCGAT-1,GARQ,D5,0,40,37,8,0.012267828,CD4 naive I
CCAGCGAAGCCTTGAT-1,GARQ,D5,0,40,37,35,0.063227,Naive B
CCAGCGAAGTACCGGA-1,GARQ,D5,0,40,37,30,0.019937158,CD56dim CD16bright NK
CCAGCGAAGTGGCACA-1,GARQ,D5,0,40,37,14,0.0037658215,CD4 naive I
CCAGCGACAAGCTGTT-1,GARQ,D5,0,40,37,21,0.09006214,MAIT-NKT cells
CCAGCGACAGGAACGT-1,GARQ,D5,0,40,37,35,0.105029106,Memory B
CCAGCGAGTAGCGTGA-1,GARQ,D5,0,40,37,25,0.3542205,Classical monocytes
CCAGCGATCGTAGGAG-1,GARQ,D5,0,40,37,7,0.09613943,CD56dim CD16bright NK
CCATGTCCATGTCTCC-1,GARQ,D5,0,40,37,17,0.011433125,gdT cells
CCATGTCGTAGAAGGA-1,GARQ,D5,0,40,37,30,0.18103671,CD56dim CD16bright NK
CCATGTCGTGGCAAAC-1,GARQ,D5,0,40,37,14,0.075280905,CD8 memory
CCATGTCGTTAAGAAC-1,GARQ,D5,0,40,37,14,0.10593188,CD8 naive
CCATGTCTCCTGTAGA-1,GARQ,D5,0,40,37,14,0.0050471425,CD4 memory
CCATGTCTCGTTACAG-1,GARQ,D5,0,40,37,25,0.569739,Classical monocytes
CCATTCGAGGTAGCCA-1,GARQ,D5,0,40,37,3,0.040735245,gdT cells
CCATTCGCAATGTAAG-1,GARQ,D5,0,40,37,30,0.0370723,CD56dim CD16bright NK
CCATTCGTCTGCGGCA-1,GARQ,D5,0,40,37,21,0.022321105,MAIT-NKT cells
CCCAATCCACGGACAA-1,GARQ,D5,0,40,37,20,0.1045742,Naive B
CCCAATCGTATAATGG-1,GARQ,D5,0,40,37,14,0.093217015,CD4 memory
CCCAATCTCAACACAC-1,GARQ,D5,0,40,37,3,0.008599043,gdT cells
CCCAATCTCCTAGAAC-1,GARQ,D5,0,40,37,25,0.36685717,NK-monocyte doublets
CCCAGTTCACCCATGG-1,GARQ,D5,0,40,37,20,0.022156477,plasmacytoid DC
CCCAGTTCAGGCGATA-1,GARQ,D5,0,40,37,7,0.06953943,CD56bright CD16dim NK
CCCAGTTCATCCGTGG-1,GARQ,D5,0,40,37,8,0.014375687,CD4 naive I
CCCAGTTGTCGGATCC-1,GARQ,D5,0,40,37,30,0.08564353,CD56dim CD16bright NK
CCCATACCAACTTGAC-1,GARQ,D5,0,40,37,35,0.0047373176,Naive B
CCCATACGTTACGTCA-1,GARQ,D5,0,40,37,7,0.05587244,CD8 effector
CCCTCCTAGCCAACAG-1,GARQ,D5,0,40,37,8,0.011425316,CD4 naive II
CCCTCCTAGGAGTACC-1,GARQ,D5,0,40,37,14,0.320055,CD4 memory
CCCTCCTAGGCTAGCA-1,GARQ,D5,0,40,37,35,0.112627506,Naive B
CCCTCCTAGGTGTGGT-1,GARQ,D5,0,40,37,20,0.027555227,Naive B
CCCTCCTCACGACTCG-1,GARQ,D5,0,40,37,25,0.4664184,T-NK-B cell doublets
CCCTCCTCACTCAGGC-1,GARQ,D5,0,40,37,35,0.08974439,T-NK-B cell doublets
CCCTCCTGTAAGTGTA-1,GARQ,D5,0,40,37,25,0.33942032,Classical monocytes
CCCTCCTGTGACAAAT-1,GARQ,D5,0,40,37,8,0.1188786,CD4 naive II
CCCTCCTTCCTGTACC-1,GARQ,D5,0,40,37,30,0.11009085,CD56dim CD16bright NK
CCCTCCTTCTCCGGTT-1,GARQ,D5,0,40,37,25,0.38178873,Non classical monocytes
CCGGGATAGCCAGTAG-1,GARQ,D5,0,40,37,2,0.0963099,CD8 naive
CCGGGATAGCTCAACT-1,GARQ,D5,0,40,37,9,0.08885956,MAIT-NKT cells
CCGGGATGTCGCATAT-1,GARQ,D5,0,40,37,25,0.25087094,Platelet-bound monocytes
CCGGGATTCATTTGGG-1,GARQ,D5,0,40,37,20,0.021230102,Memory B
CCGGTAGAGGAGTTTA-1,GARQ,D5,0,40,37,25,0.3491124,Non classical monocytes
CCGGTAGCACCAGTTA-1,GARQ,D5,0,40,37,25,0.3443182,Classical monocytes
CCGGTAGCAGCGAACA-1,GARQ,D5,0,40,37,21,0.05712557,gdT cells
CCGGTAGTCATTTGGG-1,GARQ,D5,0,40,37,14,0.08673227,CD4 naive I
CCGTACTTCAGTACGT-1,GARQ,D5,0,40,37,14,0.13860404,CD4 naive I
CCGTGGAGTATCTGCA-1,GARQ,D5,0,40,37,25,0.36056268,Classical monocytes
CCGTGGATCCGCAAGC-1,GARQ,D5,0,40,37,30,0.013563633,CD56dim CD16bright NK
CCGTTCAAGAGGTAGA-1,GARQ,D5,0,40,37,10,0.004235029,MAIT-NKT cells
CCGTTCAGTACAGTGG-1,GARQ,D5,0,40,37,14,0.023778796,CD4 naive II
CCGTTCAGTCCAACTA-1,GARQ,D5,0,40,37,7,0.033551574,CD56dim CD16bright NK
CCGTTCAGTGAACCTT-1,GARQ,D5,0,40,37,3,0.019411087,MAIT-NKT cells
CCGTTCAGTTAAAGAC-1,GARQ,D5,0,40,37,5,0.017888784,CD4 memory
CCTAAAGAGGGTATCG-1,GARQ,D5,0,40,37,8,0.041221857,CD8 naive
CCTAAAGCAGGCAGTA-1,GARQ,D5,0,40,37,10,0.031659722,CD8 memory
CCTAAAGTCTCGTTTA-1,GARQ,D5,0,40,37,25,0.32757646,Non classical monocytes
CCTACACAGTGTCCAT-1,GARQ,D5,0,40,37,20,0.04674399,Memory B
CCTACACGTCGTCTTC-1,GARQ,D5,0,40,37,25,0.28732908,Neutrophils
CCTACACGTGTATGGG-1,GARQ,D5,0,40,37,26,0.07674146,gdT cells
CCTACACTCGGCTACG-1,GARQ,D5,0,40,37,7,0.012380719,CD56dim CD16bright NK
CCTACCACAGGTGGAT-1,GARQ,D5,0,40,37,3,0.017156601,gdT cells
CCTACCAGTCCAGTAT-1,GARQ,D5,0,40,37,30,0.1524489,CD56dim CD16bright NK
CCTAGCTTCAGTTGAC-1,GARQ,D5,0,40,37,30,0.06319165,CD56dim CD16bright NK
CCTAGCTTCAGTTTGG-1,GARQ,D5,0,40,37,25,0.28682768,Classical monocytes
CCTATTAAGCGACGTA-1,GARQ,D5,0,40,37,25,0.24114025,Non classical monocytes
CCTATTATCATATCGG-1,GARQ,D5,0,40,37,9,0.026398659,CD8 effector
CCTCAGTCAGTTCCCT-1,GARQ,D5,0,40,37,8,0.11266279,CD8 memory
CCTCAGTCATCGTCGG-1,GARQ,D5,0,40,37,17,0.0067065954,CD8 effector
CCTCAGTGTCGCATAT-1,GARQ,D5,0,40,37,30,0.07633746,CD56dim CD16bright NK
CCTCAGTTCGTAGGTT-1,GARQ,D5,0,40,37,17,0.035578966,CD8 effector
CCTCTGAAGGCCGAAT-1,GARQ,D5,0,40,37,30,0.046575546,CD56dim CD16bright NK
CCTCTGACATCCTTGC-1,GARQ,D5,0,40,37,14,0.032276988,CD8 memory
CCTCTGACATGCCTAA-1,GARQ,D5,0,40,37,30,0.04934144,CD56bright CD16dim NK
CCTCTGACATGTTCCC-1,GARQ,D5,0,40,37,20,0.08588433,Memory B
CCTCTGAGTCTGATTG-1,GARQ,D5,0,40,37,30,0.14324999,CD56dim CD16bright NK
CCTCTGAGTTATCGGT-1,GARQ,D5,0,40,37,14,0.25339115,CD4 memory
CCTCTGATCCTGCTTG-1,GARQ,D5,0,40,37,25,0.2804315,Non classical monocytes
CCTTACGCACCTCGGA-1,GARQ,D5,0,40,37,25,0.40874815,Classical monocytes
CCTTACGGTACGACCC-1,GARQ,D5,0,40,37,30,0.097845554,CD56dim CD16bright NK
CCTTACGGTGCTCTTC-1,GARQ,D5,0,40,37,14,0.09670663,Regulatory T cells
CCTTACGGTGTTCGAT-1,GARQ,D5,0,40,37,30,0.051270366,CD8 effector
CCTTCCCAGACTGGGT-1,GARQ,D5,0,40,37,8,0.12868595,CD4 naive I
CCTTCCCAGGCCCGTT-1,GARQ,D5,0,40,37,30,0.019960165,CD8 effector
CCTTCCCCACTACAGT-1,GARQ,D5,0,40,37,35,0.010860205,Naive B
CCTTCCCGTCTTCGTC-1,GARQ,D5,0,40,37,25,0.33902347,Neutrophils
CCTTCCCGTTTGACAC-1,GARQ,D5,0,40,37,25,0.23916453,NK-monocyte doublets
CCTTCGACAATCGAAA-1,GARQ,D5,0,40,37,20,0.15836024,Plasma cells
CCTTCGATCCGTTGCT-1,GARQ,D5,0,40,37,30,0.006387472,CD56dim CD16bright NK
CCTTTCTAGCTAGGCA-1,GARQ,D5,0,40,37,10,0.020880342,CD4 naive II
CCTTTCTAGTAAGTAC-1,GARQ,D5,0,40,37,10,0.084962726,CD8 memory
CCTTTCTCATGCCTTC-1,GARQ,D5,0,40,37,0,0.04745817,MAIT-NKT cells
CGAACATAGCTCCTTC-1,GARQ,D5,0,40,37,8,0.01364851,CD4 memory
CGAACATAGGCTAGGT-1,GARQ,D5,0,40,37,10,0.05292332,MAIT-NKT cells
CGAACATGTTAGTGGG-1,GARQ,D5,0,40,37,29,0.10575163,CD8 effector
CGAACATTCCGCAGTG-1,GARQ,D5,0,40,37,21,0.11101222,MAIT-NKT cells
CGAACATTCCGCGGTA-1,GARQ,D5,0,40,37,30,0.06053531,CD56dim CD16bright NK
CGAACATTCGCTTAGA-1,GARQ,D5,0,40,37,14,0.21861172,CD4 memory
CGAATGTCAGGTGGAT-1,GARQ,D5,0,40,37,18,0.05153668,NK-T doublets
CGAATGTGTAGATTAG-1,GARQ,D5,0,40,37,14,0.0689913,CD4 naive II
CGAATGTTCATCTGTT-1,GARQ,D5,0,40,37,5,0.056768656,CD4 memory
CGACCTTAGCACAGGT-1,GARQ,D5,0,40,37,20,0.01743579,Memory B
CGACCTTAGCAGCCTC-1,GARQ,D5,0,40,37,7,0.017368555,CD56dim CD16bright NK
CGACCTTAGTATGACA-1,GARQ,D5,0,40,37,7,0.0041657686,CD56dim CD16bright NK
CGACCTTAGTGCTGCC-1,GARQ,D5,0,40,37,35,0.017167807,T-NK-B cell doublets
CGACCTTCAATCAGAA-1,GARQ,D5,0,40,37,10,0.049679816,CD8 memory
CGACCTTGTAAGTTCC-1,GARQ,D5,0,40,37,20,0.04459715,Plasma cells
CGACCTTTCTGCGTAA-1,GARQ,D5,0,40,37,30,0.066051245,CD56dim CD16bright NK
CGACTTCAGGATGCGT-1,GARQ,D5,0,40,37,30,0.0036382675,CD56dim CD16bright NK
CGACTTCCAATGGTCT-1,GARQ,D5,0,40,37,8,0.0010447502,CD8 naive
CGACTTCCACATGTGT-1,GARQ,D5,0,40,37,10,0.0025894642,CD8 naive
CGACTTCGTCGTGGCT-1,GARQ,D5,0,40,37,25,0.31935155,Neutrophils
CGACTTCGTTTCGCTC-1,GARQ,D5,0,40,37,30,0.13618922,CD56dim CD16bright NK
CGACTTCTCACTGGGC-1,GARQ,D5,0,40,37,25,0.58316076,Classical monocytes
CGAGAAGAGACAAGCC-1,GARQ,D5,0,40,37,25,0.6577039,Platelet-bound monocytes
CGAGAAGTCGTCTGCT-1,GARQ,D5,0,40,37,30,0.0010695457,Proliferating T and NK cell
CGAGCACAGACAGAGA-1,GARQ,D5,0,40,37,30,0.110373616,CD56dim CD16bright NK
CGAGCACCAAAGGTGC-1,GARQ,D5,0,40,37,20,0.025276423,plasmacytoid DC
CGAGCACGTCATCGGC-1,GARQ,D5,0,40,37,25,0.3493371,Classical monocytes
CGAGCACGTTCTGGTA-1,GARQ,D5,0,40,37,25,0.15919143,Non classical monocytes
CGAGCCACACAGATTC-1,GARQ,D5,0,40,37,7,0.0076522827,CD56dim CD16bright NK
CGAGCCACACCTGGTG-1,GARQ,D5,0,40,37,30,0.027404547,CD56dim CD16bright NK
CGAGCCACACTGTTAG-1,GARQ,D5,0,40,37,21,0.03820479,gdT cells
CGAGCCATCCTATGTT-1,GARQ,D5,0,40,37,35,0.022166014,Memory B
CGATCGGAGTACGACG-1,GARQ,D5,0,40,37,25,0.2791804,Classical monocytes
CGATCGGCACACGCTG-1,GARQ,D5,0,40,37,0,0.05221653,CD8 effector
CGATCGGGTCCGTTAA-1,GARQ,D5,0,40,37,30,0.012219191,CD56dim CD16bright NK
CGATGGCAGAGCTGGT-1,GARQ,D5,0,40,37,14,0.13491106,CD4 naive I
CGATGGCCAAACTGTC-1,GARQ,D5,0,40,37,25,0.32825387,Platelet-bound monocytes
CGATGGCCAGATAATG-1,GARQ,D5,0,40,37,30,0.06781292,CD56dim CD16bright NK
CGATGGCTCAGGCAAG-1,GARQ,D5,0,40,37,25,0.43516243,Non classical monocytes
CGATGTAAGATGGGTC-1,GARQ,D5,0,40,37,14,0.009398699,CD8 naive
CGATGTATCACTATTC-1,GARQ,D5,0,40,37,30,0.11460602,CD56bright CD16dim NK
CGATTGAGTATAGGTA-1,GARQ,D5,0,40,37,9,0.00068295,NK-T doublets
CGATTGAGTGTGAATA-1,GARQ,D5,0,40,37,30,0.10067296,CD56dim CD16bright NK
CGATTGATCTACCTGC-1,GARQ,D5,0,40,37,25,0.092053235,Non classical monocytes
CGCCAAGGTGCGGTAA-1,GARQ,D5,0,40,37,14,0.11060035,CD4 naive II
CGCCAAGTCCCTCAGT-1,GARQ,D5,0,40,37,9,0.056272626,CD56dim CD16bright NK
CGCGGTACAACGATGG-1,GARQ,D5,0,40,37,25,0.60408807,Platelet-bound monocytes
CGCGGTACAAGGTTCT-1,GARQ,D5,0,40,37,8,0.022159934,CD4 naive I
CGCGGTACATGCAATC-1,GARQ,D5,0,40,37,25,0.1700139,Non classical monocytes
CGCGGTATCACCACCT-1,GARQ,D5,0,40,37,11,0.00473243,CD8 effector
CGCGGTATCATACGGT-1,GARQ,D5,0,40,37,30,0.1320157,CD56dim CD16bright NK
CGCGTTTAGAACAATC-1,GARQ,D5,0,40,37,36,0.007853985,gdT cells
CGCTATCCAAAGGAAG-1,GARQ,D5,0,40,37,30,0.036322117,CD56dim CD16bright NK
CGCTATCGTAGCCTCG-1,GARQ,D5,0,40,37,20,0.10206652,Memory B
CGCTATCGTGCAGACA-1,GARQ,D5,0,40,37,7,0.03263724,CD56dim CD16bright NK
CGCTATCTCCAAAGTC-1,GARQ,D5,0,40,37,14,0.0535177,Regulatory T cells
CGCTGGACACGCATCG-1,GARQ,D5,0,40,37,25,0.40004563,NK-monocyte doublets
CGCTGGAGTAACGACG-1,GARQ,D5,0,40,37,30,0.032993317,CD8 effector
CGCTGGAGTACAGCAG-1,GARQ,D5,0,40,37,30,0.11704755,CD56dim CD16bright NK
CGCTGGATCCCTCTTT-1,GARQ,D5,0,40,37,25,0.2052393,Neutrophils
CGCTTCAAGACTTTCG-1,GARQ,D5,0,40,37,2,0.093265295,CD8 memory
CGCTTCATCAACACTG-1,GARQ,D5,0,40,37,14,0.06150174,CD4 memory
CGCTTCATCCTCGCAT-1,GARQ,D5,0,40,37,21,0.12321067,gdT cells
CGGACACAGCCAGTAG-1,GARQ,D5,0,40,37,14,0.020448685,Regulatory T cells
CGGACACCACTGCCAG-1,GARQ,D5,0,40,37,10,0.07026291,CD8 memory
CGGACACTCTATGTGG-1,GARQ,D5,0,40,37,30,0.06542492,CD56dim CD16bright NK
CGGACGTCATGATCCA-1,GARQ,D5,0,40,37,10,0.07482731,MAIT-NKT cells
CGGACGTGTCCAACTA-1,GARQ,D5,0,40,37,25,0.29726326,Neutrophils
CGGACTGCAATCTGCA-1,GARQ,D5,0,40,37,2,0.059454083,CD8 memory
CGGACTGGTTGGTAAA-1,GARQ,D5,0,40,37,21,0.018531919,CD8 memory
CGGACTGTCAAGAAGT-1,GARQ,D5,0,40,37,30,0.13336015,CD56dim CD16bright NK
CGGACTGTCACCAGGC-1,GARQ,D5,0,40,37,14,0.019106984,CD8 memory
CGGAGCTAGTCCGTAT-1,GARQ,D5,0,40,37,14,0.018859506,CD4 memory
CGGAGCTCAAAGGTGC-1,GARQ,D5,0,40,37,30,0.100916386,CD56dim CD16bright NK
CGGAGCTCAACGATCT-1,GARQ,D5,0,40,37,14,0.024780393,CD4 naive I
CGGAGCTCACCAGGCT-1,GARQ,D5,0,40,37,14,0.0005759001,CD8 naive
CGGAGCTGTCGTCTTC-1,GARQ,D5,0,40,37,21,0.015250564,CD8 memory
CGGAGTCCATGGTCAT-1,GARQ,D5,0,40,37,21,0.0012583733,CD8 effector
CGGAGTCCATTCCTCG-1,GARQ,D5,0,40,37,35,0.076281786,T-NK-B cell doublets
CGGCTAGAGCTAGTCT-1,GARQ,D5,0,40,37,8,0.102457166,CD4 naive I
CGGCTAGAGGACAGAA-1,GARQ,D5,0,40,37,21,0.090539575,MAIT-NKT cells
CGGCTAGCACTAAGTC-1,GARQ,D5,0,40,37,30,0.08876252,CD56dim CD16bright NK
CGGCTAGCAGCGAACA-1,GARQ,D5,0,40,37,21,0.064460516,CD8 effector
CGGCTAGTCACTATTC-1,GARQ,D5,0,40,37,25,0.46190357,Non classical monocytes
CGGGTCAAGCACCGCT-1,GARQ,D5,0,40,37,30,0.049784303,CD56dim CD16bright NK
CGGGTCAAGGGTCGAT-1,GARQ,D5,0,40,37,25,0.4252267,Neutrophils
CGGTTAAAGGATGTAT-1,GARQ,D5,0,40,37,35,0.058929086,Naive B
CGGTTAACAGCCAGAA-1,GARQ,D5,0,40,37,25,0.33427078,Neutrophils
CGGTTAAGTAGTGAAT-1,GARQ,D5,0,40,37,14,0.018591404,CD4 naive II
CGGTTAAGTATGGTTC-1,GARQ,D5,0,40,37,14,0.089425564,CD4 naive II
CGTAGCGCAGGTCGTC-1,GARQ,D5,0,40,37,35,0.09817839,Naive B
CGTAGGCCACCAGCAC-1,GARQ,D5,0,40,37,31,0.008640885,CD4 naive I
CGTAGGCGTGGCTCCA-1,GARQ,D5,0,40,37,30,0.10265958,CD56dim CD16bright NK
CGTAGGCTCCAAGCCG-1,GARQ,D5,0,40,37,5,0.04047215,CD4 memory
CGTCACTAGGACATTA-1,GARQ,D5,0,40,37,21,0.080542326,gdT cells
CGTCACTAGGCATGTG-1,GARQ,D5,0,40,37,25,0.32312632,Non classical monocytes
CGTCACTGTCTAACGT-1,GARQ,D5,0,40,37,8,0.020930648,CD8 naive
CGTCACTGTCTAGAGG-1,GARQ,D5,0,40,37,14,0.024065733,CD4 naive I
CGTCAGGAGCGCTCCA-1,GARQ,D5,0,40,37,30,0.05242777,CD56dim CD16bright NK
CGTCAGGAGGCAGTCA-1,GARQ,D5,0,40,37,14,0.09431559,CD4 naive I
CGTCAGGTCAGATAAG-1,GARQ,D5,0,40,37,25,0.3607828,Neutrophils
CGTCCATAGTACGTAA-1,GARQ,D5,0,40,37,20,0.09572661,Naive B
CGTCCATTCAGCTCGG-1,GARQ,D5,0,40,37,8,0.16330457,CD4 naive I
CGTCTACCACCTTGTC-1,GARQ,D5,0,40,37,30,0.20411396,CD56dim CD16bright NK
CGTCTACGTAAGGGAA-1,GARQ,D5,0,40,37,36,0.26230454,Erythroid 
CGTCTACGTACGAAAT-1,GARQ,D5,0,40,37,8,0.10425019,CD8 memory
CGTGAGCGTAGCAAAT-1,GARQ,D5,0,40,37,21,0.03524685,MAIT-NKT cells
CGTGAGCGTTTGGCGC-1,GARQ,D5,0,40,37,9,0.013849497,MAIT-NKT cells
CGTGTAATCTGCTGTC-1,GARQ,D5,0,40,37,25,0.38289487,Neutrophils
CGTGTCTCACGACTCG-1,GARQ,D5,0,40,37,21,0.098255396,CD8 effector
CGTGTCTGTCATGCCG-1,GARQ,D5,0,40,37,14,0.046775818,CD4 naive I
CGTGTCTGTGTGCCTG-1,GARQ,D5,0,40,37,19,0.04670453,CD56dim CD16bright NK
CGTTAGACAAAGGTGC-1,GARQ,D5,0,40,37,14,0.080031395,CD4 naive I
CGTTAGACACAGATTC-1,GARQ,D5,0,40,37,8,0.04245341,CD8 naive
CGTTAGACACCTCGTT-1,GARQ,D5,0,40,37,14,0.07712138,CD4 memory
CGTTAGACATCACGAT-1,GARQ,D5,0,40,37,35,0.029595256,Naive B
CGTTAGAGTCCGTTAA-1,GARQ,D5,0,40,37,9,0.06270397,gdT cells
CGTTAGAGTTCCACTC-1,GARQ,D5,0,40,37,22,0.06559384,CD8 effector
CGTTAGAGTTGTCTTT-1,GARQ,D5,0,40,37,37,0.020753443,CD8 effector
CGTTAGATCCAAACTG-1,GARQ,D5,0,40,37,18,0.055411816,CD8 effector
CGTTAGATCGAGCCCA-1,GARQ,D5,0,40,37,30,0.0660193,CD56dim CD16bright NK
CGTTCTGAGTGAACAT-1,GARQ,D5,0,40,37,11,0.043115735,CD56dim CD16bright NK
CGTTCTGAGTTGTCGT-1,GARQ,D5,0,40,37,25,0.30061686,Classical monocytes
CGTTCTGCAGATCTGT-1,GARQ,D5,0,40,37,14,0.12821043,CD8 naive
CGTTCTGGTGCCTTGG-1,GARQ,D5,0,40,37,25,0.38776112,NK-monocyte doublets
CGTTCTGTCAACACGT-1,GARQ,D5,0,40,37,25,0.3202933,Classical monocytes
CGTTGGGAGTCGATAA-1,GARQ,D5,0,40,37,22,0.32060993,CD56dim CD16bright NK
CGTTGGGAGTTGAGAT-1,GARQ,D5,0,40,37,30,0.0515244,CD56bright CD16dim NK
CGTTGGGCAGACGTAG-1,GARQ,D5,0,40,37,21,0.12332821,CD8 effector
CGTTGGGGTGTATGGG-1,GARQ,D5,0,40,37,8,0.10181332,CD4 naive I
CGTTGGGTCCGTTGTC-1,GARQ,D5,0,40,37,14,0.29705906,CD4 memory
CTAACTTAGCGGCTTC-1,GARQ,D5,0,40,37,3,0.016726255,CD8 effector
CTAAGACAGTTAGCGG-1,GARQ,D5,0,40,37,18,0.049336553,gdT cells
CTAAGACCAGCCTTGG-1,GARQ,D5,0,40,37,9,0.021774054,gdT cells
CTAAGACGTCAAAGCG-1,GARQ,D5,0,40,37,14,0.08592117,CD8 naive
CTAATGGTCTTTAGTC-1,GARQ,D5,0,40,37,30,0.22118235,CD56dim CD16bright NK
CTACACCAGTTAACGA-1,GARQ,D5,0,40,37,25,0.5654297,Classical monocytes
CTACACCAGTTTAGGA-1,GARQ,D5,0,40,37,25,0.37709272,Classical monocytes
CTACACCCACAACGTT-1,GARQ,D5,0,40,37,10,0.12242097,CD8 memory
CTACACCCATACGCCG-1,GARQ,D5,0,40,37,21,0.052725792,gdT cells
CTACACCTCCCTCAGT-1,GARQ,D5,0,40,37,7,0.10391855,CD56dim CD16bright NK
CTACATTAGTCTTGCA-1,GARQ,D5,0,40,37,30,0.16554785,CD56dim CD16bright NK
CTACATTCAAGTCATC-1,GARQ,D5,0,40,37,30,0.03370869,CD56dim CD16bright NK
CTACATTTCTCGGACG-1,GARQ,D5,0,40,37,21,0.03835988,gdT cells
CTACCCAAGAATCTCC-1,GARQ,D5,0,40,37,26,0.016795754,CD8 effector
CTACCCAAGCCGGTAA-1,GARQ,D5,0,40,37,30,0.073637724,CD56dim CD16bright NK
CTACCCACACAGACAG-1,GARQ,D5,0,40,37,30,0.116837025,CD56dim CD16bright NK
CTACCCATCCACGACG-1,GARQ,D5,0,40,37,30,0.06244433,CD56dim CD16bright NK
CTACCCATCCGTAGGC-1,GARQ,D5,0,40,37,25,0.3121066,Platelet-bound monocytes
CTACCCATCTCCGGTT-1,GARQ,D5,0,40,37,30,0.027002215,CD56dim CD16bright NK
CTACCCATCTGCTGTC-1,GARQ,D5,0,40,37,25,0.29082453,Classical monocytes
CTACGTCTCTTTAGTC-1,GARQ,D5,0,40,37,30,0.08615899,CD56dim CD16bright NK
CTAGAGTAGTAGATGT-1,GARQ,D5,0,40,37,22,0.021039605,CD8 effector
CTAGAGTTCCGTTGTC-1,GARQ,D5,0,40,37,30,0.03445363,CD56dim CD16bright NK
CTAGAGTTCCTATTCA-1,GARQ,D5,0,40,37,14,0.098811686,CD4 naive II
CTAGAGTTCTTATCTG-1,GARQ,D5,0,40,37,25,0.010281086,NK-monocyte doublets
CTAGCCTAGAGGTAGA-1,GARQ,D5,0,40,37,30,0.088973045,CD56dim CD16bright NK
CTAGCCTAGTCCTCCT-1,GARQ,D5,0,40,37,33,0.019483805,Non classical monocytes
CTAGCCTCATTGGTAC-1,GARQ,D5,0,40,37,14,0.2556454,CD4 memory
CTAGCCTGTACAAGTA-1,GARQ,D5,0,40,37,14,0.04375118,CD4 naive I
CTAGCCTGTTAAGACA-1,GARQ,D5,0,40,37,14,0.11213827,CD8 naive
CTAGCCTGTTGCGTTA-1,GARQ,D5,0,40,37,21,0.036185265,MAIT-NKT cells
CTAGCCTTCCTCAACC-1,GARQ,D5,0,40,37,8,0.020495057,CD8 naive
CTAGCCTTCCTGTAGA-1,GARQ,D5,0,40,37,30,0.15935278,CD56dim CD16bright NK
CTAGTGAAGCCGGTAA-1,GARQ,D5,0,40,37,20,0.019619107,Naive B
CTAGTGAAGTGACTCT-1,GARQ,D5,0,40,37,9,0.023401141,CD8 effector
CTAGTGAGTACGCTGC-1,GARQ,D5,0,40,37,21,0.023413777,gdT cells
CTAGTGAGTCTGCAAT-1,GARQ,D5,0,40,37,25,0.5511303,Classical monocytes
CTCACACAGCTAACTC-1,GARQ,D5,0,40,37,35,0.15700328,Naive B
CTCACACAGGGTTTCT-1,GARQ,D5,0,40,37,8,0.023797512,CD8 naive
CTCACACGTGCAACGA-1,GARQ,D5,0,40,37,7,0.037268996,CD56dim CD16bright NK
CTCACACTCCAGAAGG-1,GARQ,D5,0,40,37,30,0.17920351,CD56dim CD16bright NK
CTCAGAAAGAGGGCTT-1,GARQ,D5,0,40,37,10,0.025585055,CD8 naive
CTCAGAAAGGATGGTC-1,GARQ,D5,0,40,37,25,0.36745584,Neutrophils
CTCAGAACACAGAGGT-1,GARQ,D5,0,40,37,2,0.057879567,CD8 naive
CTCAGAATCAACCAAC-1,GARQ,D5,0,40,37,27,0.06237471,CD8 effector
CTCAGAATCGTTACGA-1,GARQ,D5,0,40,37,14,0.11441398,CD4 memory
CTCATTAGTACAGCAG-1,GARQ,D5,0,40,37,30,0.03711176,CD56dim CD16bright NK
CTCATTATCCAGTATG-1,GARQ,D5,0,40,37,25,0.29396832,Non classical monocytes
CTCATTATCTCTTATG-1,GARQ,D5,0,40,37,14,0.0037360191,CD4 memory
CTCCTAGAGACTAGGC-1,GARQ,D5,0,40,37,7,0.0016624928,CD56dim CD16bright NK
CTCCTAGAGACTCGGA-1,GARQ,D5,0,40,37,35,0.065231204,Naive B
CTCCTAGCAGATGGGT-1,GARQ,D5,0,40,37,25,0.08442354,T-NK-B cell doublets
CTCGAAACAAGCCGTC-1,GARQ,D5,0,40,37,14,0.090244055,CD8 memory
CTCGAAACAATTCCTT-1,GARQ,D5,0,40,37,25,0.4097631,Non classical monocytes
CTCGAGGCACGCGAAA-1,GARQ,D5,0,40,37,3,0.012567043,CD56dim CD16bright NK
CTCGAGGCACTACAGT-1,GARQ,D5,0,40,37,25,0.34229624,Classical monocytes
CTCGAGGGTGCCTTGG-1,GARQ,D5,0,40,37,30,0.05380273,CD56dim CD16bright NK
CTCGGAGAGCCCAACC-1,GARQ,D5,0,40,37,25,0.26786822,NK-monocyte doublets
CTCGGAGAGTGGAGTC-1,GARQ,D5,0,40,37,8,0.0076756477,CD4 naive I
CTCGGAGAGTTAGCGG-1,GARQ,D5,0,40,37,14,0.08293295,CD4 naive I
CTCGGAGAGTTCGCAT-1,GARQ,D5,0,40,37,20,0.011017323,T-NK-B cell doublets
CTCGGAGCACATCTTT-1,GARQ,D5,0,40,37,20,0.020976901,Naive B
CTCGGAGCATCACGAT-1,GARQ,D5,0,40,37,9,0.053610504,CD56bright CD16dim NK
CTCGGAGCATCGGGTC-1,GARQ,D5,0,40,37,35,0.06290412,Naive B
CTCGGAGGTGAGTATA-1,GARQ,D5,0,40,37,22,0.00539577,NK-T doublets
CTCGGGAAGCTCCTCT-1,GARQ,D5,0,40,37,21,0.024194956,gdT cells
CTCGGGAAGGAATGGA-1,GARQ,D5,0,40,37,20,0.11501956,Naive B
CTCGGGACAGCTTCGG-1,GARQ,D5,0,40,37,8,0.011081934,CD4 and CD8 activated memory
CTCGGGAGTCACTTCC-1,GARQ,D5,0,40,37,9,0.036831737,CD56dim CD16bright NK
CTCGTACAGCAGCCTC-1,GARQ,D5,0,40,37,8,0.098538876,CD4 naive I
CTCGTACAGCCACGCT-1,GARQ,D5,0,40,37,30,0.1436814,CD56dim CD16bright NK
CTCGTACAGGTGCAAC-1,GARQ,D5,0,40,37,25,0.36622095,NK-monocyte doublets
CTCGTACGTCATATCG-1,GARQ,D5,0,40,37,21,0.19808543,CD8 memory
CTCGTACTCACTTATC-1,GARQ,D5,0,40,37,30,0.011886835,CD56bright CD16dim NK
CTCGTACTCGGTCCGA-1,GARQ,D5,0,40,37,25,0.20875645,Non classical monocytes
CTCGTCAAGCGACGTA-1,GARQ,D5,0,40,37,14,0.0062226057,CD8 memory
CTCGTCACACAACGCC-1,GARQ,D5,0,40,37,4,0.0018231869,CD8 naive
CTCGTCACACATCTTT-1,GARQ,D5,0,40,37,3,0.024366856,CD8 memory
CTCGTCACATTAGGCT-1,GARQ,D5,0,40,37,30,0.055125237,CD56dim CD16bright NK
CTCGTCAGTCTCGTTC-1,GARQ,D5,0,40,37,30,0.026608706,CD56dim CD16bright NK
CTCTAATCATCATCCC-1,GARQ,D5,0,40,37,21,0.1414485,CD8 memory
CTCTACGAGCCAGAAC-1,GARQ,D5,0,40,37,25,0.4779477,Classical monocytes
CTCTACGAGCGCTTAT-1,GARQ,D5,0,40,37,30,0.039832234,CD56dim CD16bright NK
CTCTACGAGTAATCCC-1,GARQ,D5,0,40,37,21,0.14477754,CD8 memory
CTCTACGAGTACGCGA-1,GARQ,D5,0,40,37,21,0.17046809,MAIT-NKT cells
CTCTACGAGTCAAGGC-1,GARQ,D5,0,40,37,25,0.46044517,Classical monocytes
CTCTACGCAAACGTGG-1,GARQ,D5,0,40,37,11,0.06063378,Non classical monocytes
CTCTACGGTGGCCCTA-1,GARQ,D5,0,40,37,25,0.3289131,Classical monocytes
CTCTACGTCTTTAGGG-1,GARQ,D5,0,40,37,20,0.01875782,Naive B
CTCTGGTAGCACAGGT-1,GARQ,D5,0,40,37,3,0.035896778,gdT cells
CTCTGGTAGGCGATAC-1,GARQ,D5,0,40,37,14,0.042421937,CD4 naive II
CTCTGGTAGGTTACCT-1,GARQ,D5,0,40,37,19,0.37839055,CD56dim CD16bright NK
CTCTGGTCACGTCTCT-1,GARQ,D5,0,40,37,28,0.0064718723,MAIT-NKT cells
CTCTGGTCAGCCTTTC-1,GARQ,D5,0,40,37,30,0.09552562,CD56dim CD16bright NK
CTCTGGTGTCACACGC-1,GARQ,D5,0,40,37,0,0.024965763,MAIT-NKT cells
CTCTGGTTCTCACATT-1,GARQ,D5,0,40,37,14,0.01562512,CD4 memory
CTGAAACAGCTGAAAT-1,GARQ,D5,0,40,37,25,0.15219694,Non classical monocytes
CTGAAACAGTAGGCCA-1,GARQ,D5,0,40,37,7,0.014264464,CD56dim CD16bright NK
CTGAAACAGTGGGATC-1,GARQ,D5,0,40,37,14,0.07091975,CD4 memory
CTGAAACCACAGACTT-1,GARQ,D5,0,40,37,25,0.28265488,Platelet-bound monocytes
CTGAAACGTCGCATAT-1,GARQ,D5,0,40,37,14,0.14957666,CD4 memory
CTGAAACGTTCAGACT-1,GARQ,D5,0,40,37,30,0.06421912,CD56dim CD16bright NK
CTGAAACTCGGCGGTT-1,GARQ,D5,0,40,37,20,0.021843433,Memory B
CTGAAGTAGTTAACGA-1,GARQ,D5,0,40,37,17,0.02543044,NK-T doublets
CTGAAGTCATCGTCGG-1,GARQ,D5,0,40,37,30,0.067762494,CD56dim CD16bright NK
CTGAAGTGTCTTCGTC-1,GARQ,D5,0,40,37,7,0.09839463,CD56dim CD16bright NK
CTGAAGTTCAGCATGT-1,GARQ,D5,0,40,37,25,0.3396873,Classical monocytes
CTGAAGTTCTAGAGTC-1,GARQ,D5,0,40,37,25,0.32332987,Classical monocytes
CTGATAGCACAAGACG-1,GARQ,D5,0,40,37,25,0.31292284,Classical monocytes
CTGATAGCACCTATCC-1,GARQ,D5,0,40,37,30,0.0020445585,CD56dim CD16bright NK
CTGATAGCACGTTGGC-1,GARQ,D5,0,40,37,9,0.009861946,CD56dim CD16bright NK
CTGATAGCAGTATAAG-1,GARQ,D5,0,40,37,30,0.26710105,CD56dim CD16bright NK
CTGATAGTCCTCATTA-1,GARQ,D5,0,40,37,14,0.08672106,CD4 memory
CTGATCCCAGCCTTGG-1,GARQ,D5,0,40,37,3,0.007478714,NK-T doublets
CTGATCCCATTTGCTT-1,GARQ,D5,0,40,37,30,0.20816326,CD56dim CD16bright NK
CTGATCCTCATGGTCA-1,GARQ,D5,0,40,37,30,0.15133524,CD56dim CD16bright NK
CTGATCCTCGGAGGTA-1,GARQ,D5,0,40,37,2,0.07476723,CD4 naive I
CTGATCCTCGGCATCG-1,GARQ,D5,0,40,37,20,0.028734088,Naive B
CTGCCTAAGTCCTCCT-1,GARQ,D5,0,40,37,8,0.11414087,CD8 naive
CTGCCTACAAGACACG-1,GARQ,D5,0,40,37,21,0.0645175,CD8 memory
CTGCCTACACAACTGT-1,GARQ,D5,0,40,37,8,0.04310894,CD4 naive II
CTGCCTACACTGCCAG-1,GARQ,D5,0,40,37,16,0.022376537,CD8 effector
CTGCGGAAGTGTGGCA-1,GARQ,D5,0,40,37,25,0.29528224,Classical monocytes
CTGCTGTAGAAACGCC-1,GARQ,D5,0,40,37,22,0.10269332,CD8 effector
CTGCTGTCAAAGCGGT-1,GARQ,D5,0,40,37,25,0.018226147,NK-monocyte doublets
CTGCTGTCATGGTCTA-1,GARQ,D5,0,40,37,7,0.006470561,CD8 effector
CTGCTGTGTGTGACCC-1,GARQ,D5,0,40,37,25,0.44856513,Neutrophils
CTGGTCTAGACTTGAA-1,GARQ,D5,0,40,37,18,0.017487645,CD8 effector
CTGGTCTAGCGTAATA-1,GARQ,D5,0,40,37,25,0.046955943,Non classical monocytes
CTGGTCTCATGTAAGA-1,GARQ,D5,0,40,37,33,0.021631598,Non classical monocytes
CTGGTCTTCGCGATCG-1,GARQ,D5,0,40,37,10,0.024857283,CD4 memory
CTGTGCTAGAGCCTAG-1,GARQ,D5,0,40,37,9,0.056224465,CD8 effector
CTGTGCTAGCGAGAAA-1,GARQ,D5,0,40,37,14,0.025593996,CD4 memory
CTGTGCTCACGTTGGC-1,GARQ,D5,0,40,37,7,0.014472723,gdT cells
CTGTTTACAATCCAAC-1,GARQ,D5,0,40,37,21,0.054059505,CD8 effector
CTGTTTACAGATTGCT-1,GARQ,D5,0,40,37,14,0.0329566,CD4 memory
CTGTTTACAGGTCTCG-1,GARQ,D5,0,40,37,10,0.03256786,CD8 naive
CTGTTTACATTGCGGC-1,GARQ,D5,0,40,37,30,0.085211754,CD56dim CD16bright NK
CTGTTTAGTACCGTAT-1,GARQ,D5,0,40,37,30,0.15925324,CD56dim CD16bright NK
CTGTTTATCTAACCGA-1,GARQ,D5,0,40,37,30,0.044887066,CD56dim CD16bright NK
CTTAACTAGACAATAC-1,GARQ,D5,0,40,37,19,0.30477452,CD56dim CD16bright NK
CTTAACTAGACACTAA-1,GARQ,D5,0,40,37,22,0.08986461,CD8 effector
CTTAACTCAACACGCC-1,GARQ,D5,0,40,37,33,0.02160585,Non classical monocytes
CTTAACTCAATCCGAT-1,GARQ,D5,0,40,37,30,0.08008766,CD56dim CD16bright NK
CTTACCGCACCAGATT-1,GARQ,D5,0,40,37,25,0.2829938,T-NK-B cell doublets
CTTACCGGTAGGGACT-1,GARQ,D5,0,40,37,19,0.26481915,CD56dim CD16bright NK
CTTACCGGTCATTAGC-1,GARQ,D5,0,40,37,9,0.15380692,gdT cells
CTTACCGGTTCCACAA-1,GARQ,D5,0,40,37,7,0.023639321,CD56dim CD16bright NK
CTTACCGGTTTCCACC-1,GARQ,D5,0,40,37,25,0.3928373,Platelet-bound monocytes
CTTACCGTCAGAAATG-1,GARQ,D5,0,40,37,9,0.056272507,gdT cells
CTTACCGTCTGCTTGC-1,GARQ,D5,0,40,37,30,0.026958108,CD56dim CD16bright NK
CTTAGGACACATGGGA-1,GARQ,D5,0,40,37,25,0.3113972,Classical monocytes
CTTAGGACACGAAATA-1,GARQ,D5,0,40,37,25,0.33181906,Classical monocytes
CTTAGGACATTTCACT-1,GARQ,D5,0,40,37,21,0.032224774,CD8 memory
CTTAGGAGTACAAGTA-1,GARQ,D5,0,40,37,30,0.09266281,CD56dim CD16bright NK
CTTCTCTAGATGTGGC-1,GARQ,D5,0,40,37,7,0.063004375,CD56dim CD16bright NK
CTTCTCTAGTTAGGTA-1,GARQ,D5,0,40,37,35,0.098199606,Memory B
CTTCTCTCAGAAGCAC-1,GARQ,D5,0,40,37,30,0.106895685,CD56dim CD16bright NK
CTTCTCTGTAGCTAAA-1,GARQ,D5,0,40,37,35,0.022496104,Memory B
CTTGGCTAGGTTACCT-1,GARQ,D5,0,40,37,35,0.01749289,Naive B
CTTGGCTAGTCAATAG-1,GARQ,D5,0,40,37,20,0.02061963,plasmacytoid DC
CTTGGCTCAACTTGAC-1,GARQ,D5,0,40,37,7,0.02660954,CD56dim CD16bright NK
CTTGGCTCAATCAGAA-1,GARQ,D5,0,40,37,9,0.01043129,MAIT-NKT cells
CTTGGCTGTGCGAAAC-1,GARQ,D5,0,40,37,33,0.1790446,Non classical monocytes
CTTTGCGAGGAGTTGC-1,GARQ,D5,0,40,37,33,0.0842039,Non classical monocytes
CTTTGCGCAACTGCGC-1,GARQ,D5,0,40,37,35,0.062365234,T-NK-B cell doublets
CTTTGCGTCATCGGAT-1,GARQ,D5,0,40,37,7,0.058187008,CD56dim CD16bright NK
CTTTGCGTCTGGAGCC-1,GARQ,D5,0,40,37,8,0.09970617,CD4 naive I
GAAACTCAGTGAATTG-1,GARQ,D5,0,40,37,35,0.07654047,Naive B
GAAACTCGTACTCTCC-1,GARQ,D5,0,40,37,25,0.2760222,Classical monocytes
GAAACTCGTTAAGGGC-1,GARQ,D5,0,40,37,14,0.08248162,CD4 memory
GAAACTCTCTCATTCA-1,GARQ,D5,0,40,37,25,0.5723969,conventional DC
GAAATGAAGGCTCTTA-1,GARQ,D5,0,40,37,25,0.057224035,Non classical monocytes
GAAATGAAGTCGTTTG-1,GARQ,D5,0,40,37,7,0.073892474,Proliferating T and NK cell
GAAATGAGTATGGTTC-1,GARQ,D5,0,40,37,30,0.09127116,CD56bright CD16dim NK
GAACATCAGGCATGTG-1,GARQ,D5,0,40,37,30,0.073390484,CD56dim CD16bright NK
GAACATCAGGCTCTTA-1,GARQ,D5,0,40,37,25,0.34919763,Classical monocytes
GAACATCCAAGCGCTC-1,GARQ,D5,0,40,37,25,0.3542025,Classical monocytes
GAACATCCACCTATCC-1,GARQ,D5,0,40,37,25,0.2297076,Non classical monocytes
GAACATCTCGAACTGT-1,GARQ,D5,0,40,37,30,0.15612483,CD56dim CD16bright NK
GAACCTACAGCTTAAC-1,GARQ,D5,0,40,37,21,0.020744562,CD8 naive
GAACCTAGTACAGTTC-1,GARQ,D5,0,40,37,33,0.03609252,Non classical monocytes
GAACCTAGTTTGACAC-1,GARQ,D5,0,40,37,25,0.642331,Classical monocytes
GAACCTATCACCCTCA-1,GARQ,D5,0,40,37,35,0.015051365,Naive B
GAACCTATCATTTGGG-1,GARQ,D5,0,40,37,30,0.034772635,CD56dim CD16bright NK
GAACCTATCCAAACAC-1,GARQ,D5,0,40,37,35,0.011436939,Naive B
GAACGGAAGTCCGGTC-1,GARQ,D5,0,40,37,20,0.0014311075,Naive B
GAACGGACATAGAAAC-1,GARQ,D5,0,40,37,17,0.028916597,CD8 effector
GAACGGAGTAAGGGCT-1,GARQ,D5,0,40,37,25,0.375282,Non classical monocytes
GAACGGAGTGTGACCC-1,GARQ,D5,0,40,37,25,0.27224302,Non classical monocytes
GAAGCAGCATAACCTG-1,GARQ,D5,0,40,37,14,0.22735107,CD4 naive I
GAAGCAGGTAGGCATG-1,GARQ,D5,0,40,37,14,0.0262537,CD8 naive
GAAGCAGGTCACCCAG-1,GARQ,D5,0,40,37,30,0.15391946,CD56dim CD16bright NK
GAATAAGAGTCCGGTC-1,GARQ,D5,0,40,37,21,0.011285543,MAIT-NKT cells
GAATAAGAGTGTCCAT-1,GARQ,D5,0,40,37,30,0.084806085,CD8 effector
GAATGAAAGGAGTACC-1,GARQ,D5,0,40,37,14,0.08567119,CD4 memory
GAATGAACAAATACAG-1,GARQ,D5,0,40,37,30,0.11776376,CD56bright CD16dim NK
GAATGAACACCATCCT-1,GARQ,D5,0,40,37,30,0.11437011,CD56dim CD16bright NK
GAATGAAGTTCCCTTG-1,GARQ,D5,0,40,37,4,0.008500695,CD8 memory
GAATGAATCTGAGTGT-1,GARQ,D5,0,40,37,30,0.09330261,CD56dim CD16bright NK
GACACGCAGCGATAGC-1,GARQ,D5,0,40,37,18,0.017630816,NK-T doublets
GACACGCAGGGCTTCC-1,GARQ,D5,0,40,37,9,0.031480312,NK-T doublets
GACACGCAGGTGCTAG-1,GARQ,D5,0,40,37,30,0.066405654,CD56dim CD16bright NK
GACACGCAGTAGGTGC-1,GARQ,D5,0,40,37,21,0.08777058,CD8 memory
GACACGCCACTATCTT-1,GARQ,D5,0,40,37,25,0.32338345,Classical monocytes
GACACGCTCGGACAAG-1,GARQ,D5,0,40,37,30,0.073266506,CD56dim CD16bright NK
GACAGAGCATGATCCA-1,GARQ,D5,0,40,37,35,0.115055084,Naive B
GACAGAGGTGCCTGGT-1,GARQ,D5,0,40,37,11,0.07704115,CD8 effector
GACAGAGGTTCCACAA-1,GARQ,D5,0,40,37,14,0.1629107,CD4 naive I
GACCAATAGGCAGGTT-1,GARQ,D5,0,40,37,30,0.11315632,CD56dim CD16bright NK
GACCAATCATCCCATC-1,GARQ,D5,0,40,37,38,0.011771083,CD4 memory
GACCAATGTGATGTCT-1,GARQ,D5,0,40,37,30,0.16471076,CD56dim CD16bright NK
GACCAATTCTAACTTC-1,GARQ,D5,0,40,37,25,0.47078955,Classical monocytes
GACCTGGGTAGCGTGA-1,GARQ,D5,0,40,37,21,0.064212084,MAIT-NKT cells
GACCTGGGTCTAGGTT-1,GARQ,D5,0,40,37,30,0.010235667,CD56dim CD16bright NK
GACCTGGTCCCTGACT-1,GARQ,D5,0,40,37,19,0.10331237,CD56dim CD16bright NK
GACGCGTAGCTGGAAC-1,GARQ,D5,0,40,37,7,0.034635544,CD56dim CD16bright NK
GACGCGTAGTGGAGTC-1,GARQ,D5,0,40,37,20,0.017824173,Naive B
GACGCGTGTTGGGACA-1,GARQ,D5,0,40,37,25,0.24640775,Platelet-bound monocytes
GACGCGTTCAGATAAG-1,GARQ,D5,0,40,37,21,0.026054144,CD8 effector
GACGCGTTCGATCCCT-1,GARQ,D5,0,40,37,25,0.73995984,Classical monocytes
GACGGCTAGCGCCTTG-1,GARQ,D5,0,40,37,30,0.15355659,CD56dim CD16bright NK
GACGGCTAGGACGAAA-1,GARQ,D5,0,40,37,30,0.07345581,CD56dim CD16bright NK
GACGGCTCAATGTTGC-1,GARQ,D5,0,40,37,25,0.35012352,NK-monocyte doublets
GACGGCTGTCTTCAAG-1,GARQ,D5,0,40,37,25,0.57087564,Classical monocytes
GACGGCTTCTTGTTTG-1,GARQ,D5,0,40,37,21,0.0010155439,MAIT-NKT cells
GACGGCTTCTTTCCTC-1,GARQ,D5,0,40,37,20,0.041274846,plasmacytoid DC
GACGTGCAGGAGTTGC-1,GARQ,D5,0,40,37,21,0.09310031,MAIT-NKT cells
GACGTGCGTAGAGGAA-1,GARQ,D5,0,40,37,14,0.1441595,CD8 naive
GACGTGCGTGGAAAGA-1,GARQ,D5,0,40,37,8,0.034656763,CD4 naive I
GACGTGCGTTAGAACA-1,GARQ,D5,0,40,37,20,0.028811097,Memory B
GACGTTAAGCTAGTGG-1,GARQ,D5,0,40,37,8,0.03574568,CD4 naive I
GACGTTACAATAACGA-1,GARQ,D5,0,40,37,14,0.15551376,CD4 memory
GACGTTACAGATCCAT-1,GARQ,D5,0,40,37,25,0.23512137,Neutrophils
GACGTTAGTTCGTCTC-1,GARQ,D5,0,40,37,25,0.097019315,Non classical monocytes
GACGTTATCCAATGGT-1,GARQ,D5,0,40,37,30,0.0031571388,NK-T doublets
GACTAACAGCTAGTTC-1,GARQ,D5,0,40,37,7,0.01907754,CD56dim CD16bright NK
GACTACACACGGTAGA-1,GARQ,D5,0,40,37,14,0.06124258,CD4 naive I
GACTACAGTAAGCACG-1,GARQ,D5,0,40,37,10,0.11372566,CD4 memory
GACTACAGTCTCTTAT-1,GARQ,D5,0,40,37,35,0.040317893,T-NK-B cell doublets
GACTGCGCATTACCTT-1,GARQ,D5,0,40,37,3,0.00034189224,gdT cells
GACTGCGTCATCGGAT-1,GARQ,D5,0,40,37,14,0.01353848,CD4 naive I
GACTGCGTCCTGCAGG-1,GARQ,D5,0,40,37,10,0.0373863,CD4 memory
GAGCAGACAAACCCAT-1,GARQ,D5,0,40,37,25,0.3822856,Non classical monocytes
GAGCAGACACTATCTT-1,GARQ,D5,0,40,37,21,0.15482223,CD8 memory
GAGCAGACATGTCTCC-1,GARQ,D5,0,40,37,25,0.3716303,Neutrophils
GAGGTGAAGATGGCGT-1,GARQ,D5,0,40,37,21,0.03755343,MAIT-NKT cells
GAGGTGACAGCTCGAC-1,GARQ,D5,0,40,37,21,0.19440174,gdT cells
GAGGTGATCACGAAGG-1,GARQ,D5,0,40,37,30,0.34080577,CD56dim CD16bright NK
GAGTCCGAGCGAAGGG-1,GARQ,D5,0,40,37,30,0.13732195,CD56dim CD16bright NK
GATCAGTAGGCAATTA-1,GARQ,D5,0,40,37,14,0.025895596,CD4 naive I
GATCAGTCAGACAAGC-1,GARQ,D5,0,40,37,25,0.4048674,Classical monocytes
GATCAGTCAGGGTACA-1,GARQ,D5,0,40,37,25,0.51862955,NK-monocyte doublets
GATCAGTCAGTCGTGC-1,GARQ,D5,0,40,37,30,0.08670199,CD56dim CD16bright NK
GATCAGTGTAGGACAC-1,GARQ,D5,0,40,37,21,0.098704815,MAIT-NKT cells
GATCAGTGTGGGTCAA-1,GARQ,D5,0,40,37,21,0.08763623,CD8 effector
GATCAGTTCACATAGC-1,GARQ,D5,0,40,37,14,0.1780771,CD4 memory
GATCAGTTCGCAAGCC-1,GARQ,D5,0,40,37,30,0.1083554,CD56dim CD16bright NK
GATCAGTTCGCCTGTT-1,GARQ,D5,0,40,37,2,0.06782913,CD8 naive
GATCGATAGCTAAACA-1,GARQ,D5,0,40,37,12,0.019748926,CD4 naive I
GATCGATAGTGTACCT-1,GARQ,D5,0,40,37,25,0.48067403,Classical monocytes
GATCGATGTACCGTAT-1,GARQ,D5,0,40,37,30,0.08940351,CD56dim CD16bright NK
GATCGATTCCAGGGCT-1,GARQ,D5,0,40,37,21,0.030003905,MAIT-NKT cells
GATCGCGAGCCCAGCT-1,GARQ,D5,0,40,37,25,0.5380393,T-NK-B cell doublets
GATCGCGAGTCAAGGC-1,GARQ,D5,0,40,37,30,0.049694777,gdT cells
GATCGCGGTGCGAAAC-1,GARQ,D5,0,40,37,25,0.3295446,Classical monocytes
GATCGCGTCACTATTC-1,GARQ,D5,0,40,37,14,0.06663656,CD4 memory
GATCGCGTCTGCTGTC-1,GARQ,D5,0,40,37,21,0.04800129,CD4 memory
GATCGTAGTCAGCTAT-1,GARQ,D5,0,40,37,14,0.081021786,CD4 memory
GATCTAGAGAGAACAG-1,GARQ,D5,0,40,37,30,0.12003672,CD56dim CD16bright NK
GATCTAGAGTCGAGTG-1,GARQ,D5,0,40,37,14,0.16317058,CD4 naive I
GATCTAGAGTTCGCAT-1,GARQ,D5,0,40,37,18,0.007524252,CD8 memory
GATCTAGGTAGAGTGC-1,GARQ,D5,0,40,37,30,0.069298744,CD56dim CD16bright NK
GATCTAGTCGCTGATA-1,GARQ,D5,0,40,37,14,0.18416858,CD4 memory
GATGAAAAGCTCCTCT-1,GARQ,D5,0,40,37,35,0.10620952,Naive B
GATGAAAAGTGGAGAA-1,GARQ,D5,0,40,37,25,0.16486621,NK-monocyte doublets
GATGAAAAGTTTCCTT-1,GARQ,D5,0,40,37,20,0.044803917,Memory B
GATGAAACAGCTGTAT-1,GARQ,D5,0,40,37,0,0.026979327,CD8 effector
GATGAAAGTAAAGGAG-1,GARQ,D5,0,40,37,9,0.05702114,CD8 effector
GATGAAAGTAGGGACT-1,GARQ,D5,0,40,37,14,0.0053505898,CD4 memory
GATGAAAGTCCGCTGA-1,GARQ,D5,0,40,37,7,0.05120015,CD56dim CD16bright NK
GATGAAATCCGTTGCT-1,GARQ,D5,0,40,37,30,0.02015686,CD56dim CD16bright NK
GATGAAATCCTTGCCA-1,GARQ,D5,0,40,37,25,0.672966,Classical monocytes
GATGAAATCGTTTGCC-1,GARQ,D5,0,40,37,33,0.02551353,Non classical monocytes
GATGAGGCAACACCTA-1,GARQ,D5,0,40,37,25,0.21229017,Neutrophils
GATGAGGCACCCAGTG-1,GARQ,D5,0,40,37,8,0.09020889,CD8 memory
GATGAGGGTCACCTAA-1,GARQ,D5,0,40,37,14,0.11480832,CD4 memory
GATGAGGGTTCCCGAG-1,GARQ,D5,0,40,37,30,0.07680297,CD56dim CD16bright NK
GATGAGGTCAACGAAA-1,GARQ,D5,0,40,37,20,0.061581016,T-NK-B cell doublets
GATGAGGTCTTCATGT-1,GARQ,D5,0,40,37,14,0.024775982,CD4 memory
GATGCTAAGACTGGGT-1,GARQ,D5,0,40,37,14,0.054244876,CD4 memory
GATGCTAAGTTTAGGA-1,GARQ,D5,0,40,37,8,0.030598938,CD8 naive
GATGCTACACCGAATT-1,GARQ,D5,0,40,37,30,0.1949836,CD56dim CD16bright NK
GATGCTACATCCCATC-1,GARQ,D5,0,40,37,25,0.37681293,Classical monocytes
GATGCTATCACTCTTA-1,GARQ,D5,0,40,37,18,0.047967076,CD8 effector
GATGCTATCCAAGTAC-1,GARQ,D5,0,40,37,35,0.006587863,Memory B
GATTCAGCACTTAACG-1,GARQ,D5,0,40,37,25,0.3050815,Platelet-bound monocytes
GATTCAGTCCGAACGC-1,GARQ,D5,0,40,37,25,0.57328475,Classical monocytes
GATTCAGTCTGCGGCA-1,GARQ,D5,0,40,37,21,0.22803462,MAIT-NKT cells
GCAAACTAGAGGTAGA-1,GARQ,D5,0,40,37,30,0.09710336,CD56dim CD16bright NK
GCAAACTAGGGTCTCC-1,GARQ,D5,0,40,37,25,0.4661249,Classical monocytes
GCAAACTAGGTAGCTG-1,GARQ,D5,0,40,37,30,0.19085956,CD56dim CD16bright NK
GCAAACTTCATGCAAC-1,GARQ,D5,0,40,37,7,0.032497525,CD56dim CD16bright NK
GCAATCAAGTTACGGG-1,GARQ,D5,0,40,37,30,0.08674896,CD56dim CD16bright NK
GCAATCACATCACCCT-1,GARQ,D5,0,40,37,25,0.6493268,Classical monocytes
GCAATCACATCCGGGT-1,GARQ,D5,0,40,37,24,0.0038805008,gdT cells
GCAATCAGTATAGTAG-1,GARQ,D5,0,40,37,25,0.3560595,Neutrophils
GCACATAAGCGTCTAT-1,GARQ,D5,0,40,37,14,0.08178496,CD4 memory
GCACATACAGCCACCA-1,GARQ,D5,0,40,37,30,0.05679679,CD56bright CD16dim NK
GCACATACAGTCGTGC-1,GARQ,D5,0,40,37,30,0.007945418,CD8 effector
GCACATAGTCTCAACA-1,GARQ,D5,0,40,37,14,0.09258616,CD4 memory
GCACATATCATTATCC-1,GARQ,D5,0,40,37,25,0.39286292,Classical monocytes
GCACTCTAGAATGTTG-1,GARQ,D5,0,40,37,10,0.0030368567,CD8 effector
GCACTCTCAAGCTGTT-1,GARQ,D5,0,40,37,9,0.09972525,gdT cells
GCACTCTCAATTGCTG-1,GARQ,D5,0,40,37,7,0.012835741,CD56dim CD16bright NK
GCACTCTCATAGACTC-1,GARQ,D5,0,40,37,3,0.07661426,MAIT-NKT cells
GCACTCTGTACGCTGC-1,GARQ,D5,0,40,37,9,0.02181673,CD56dim CD16bright NK
GCACTCTGTTCACGGC-1,GARQ,D5,0,40,37,2,0.0897212,CD4 naive II
GCACTCTTCCCTAATT-1,GARQ,D5,0,40,37,21,0.089249015,MAIT-NKT cells
GCACTCTTCGGAAACG-1,GARQ,D5,0,40,37,30,0.16678059,CD56dim CD16bright NK
GCAGCCAAGTGTCCAT-1,GARQ,D5,0,40,37,14,0.14500093,CD4 memory
GCAGCCACACGGACAA-1,GARQ,D5,0,40,37,17,0.0348655,CD8 effector
GCAGCCACATAACCTG-1,GARQ,D5,0,40,37,2,0.0046470165,MAIT-NKT cells
GCAGTTAAGTTAAGTG-1,GARQ,D5,0,40,37,14,0.02345264,CD4 memory
GCAGTTACAAGCCATT-1,GARQ,D5,0,40,37,25,0.3289672,Classical monocytes
GCAGTTACACATTCGA-1,GARQ,D5,0,40,37,14,0.18242967,CD4 memory
GCATACAAGAGCTGCA-1,GARQ,D5,0,40,37,7,0.025691867,CD56dim CD16bright NK
GCATACAGTCTCTTTA-1,GARQ,D5,0,40,37,8,0.010395765,CD4 memory
GCATGATCACATCCAA-1,GARQ,D5,0,40,37,25,0.34747177,Neutrophils
GCATGATCAGGCGATA-1,GARQ,D5,0,40,37,7,0.13756049,CD56dim CD16bright NK
GCATGATGTAGGACAC-1,GARQ,D5,0,40,37,9,0.066818714,NK-T doublets
GCATGATGTATAATGG-1,GARQ,D5,0,40,37,35,0.020727396,Naive B
GCATGATGTCCGTCAG-1,GARQ,D5,0,40,37,25,0.31952453,NK-monocyte doublets
GCATGATGTTCGTGAT-1,GARQ,D5,0,40,37,14,0.4561391,CD4 memory
GCATGCGAGACAGAGA-1,GARQ,D5,0,40,37,21,0.033964872,CD8 effector
GCATGCGAGACTTGAA-1,GARQ,D5,0,40,37,25,0.5033164,NK-monocyte doublets
GCATGCGAGAGTGAGA-1,GARQ,D5,0,40,37,30,0.030416012,CD56dim CD16bright NK
GCATGCGCACGAGAGT-1,GARQ,D5,0,40,37,25,0.2459749,Classical monocytes
GCATGCGCATCCGCGA-1,GARQ,D5,0,40,37,35,0.048036218,T-NK-B cell doublets
GCATGTAGTTAAGATG-1,GARQ,D5,0,40,37,20,0.114477396,Naive B
GCCAAATAGATCCTGT-1,GARQ,D5,0,40,37,14,0.094022155,CD4 naive I
GCCAAATCATCACCCT-1,GARQ,D5,0,40,37,14,0.045006633,CD4 naive I
GCCAAATTCGGATGGA-1,GARQ,D5,0,40,37,10,0.11760062,CD4 memory
GCCAAATTCTCAAACG-1,GARQ,D5,0,40,37,10,0.09235978,CD4 memory
GCCTCTACAAGGGTCA-1,GARQ,D5,0,40,37,20,0.040442944,Naive B
GCCTCTAGTCAGCTAT-1,GARQ,D5,0,40,37,8,0.01154232,CD4 naive II
GCCTCTATCAATAAGG-1,GARQ,D5,0,40,37,20,0.016176581,plasmacytoid DC
GCGACCAAGCCTATGT-1,GARQ,D5,0,40,37,30,0.1650343,CD56dim CD16bright NK
GCGACCACAATGGAGC-1,GARQ,D5,0,40,37,9,0.10418749,CD56dim CD16bright NK
GCGACCACACGCGAAA-1,GARQ,D5,0,40,37,21,0.03496921,CD8 effector
GCGACCATCCGTTGCT-1,GARQ,D5,0,40,37,25,0.3132248,Classical monocytes
GCGACCATCTGCAGTA-1,GARQ,D5,0,40,37,9,0.065017104,NK-T doublets
GCGACCATCTGTTTGT-1,GARQ,D5,0,40,37,30,0.2068286,CD56dim CD16bright NK
GCGAGAAAGTAGGTGC-1,GARQ,D5,0,40,37,14,0.03939867,CD4 memory
GCGAGAAAGTCCAGGA-1,GARQ,D5,0,40,37,25,0.1544587,Classical monocytes
GCGAGAAGTCTCTTAT-1,GARQ,D5,0,40,37,37,0.051826715,CD8 effector
GCGCAACCAGCCTTGG-1,GARQ,D5,0,40,37,25,0.25744903,Classical monocytes
GCGCAACGTCCGTCAG-1,GARQ,D5,0,40,37,30,0.12534952,CD56dim CD16bright NK
GCGCAACGTTGGTGGA-1,GARQ,D5,0,40,37,30,0.043070078,CD56dim CD16bright NK
GCGCAGTAGATGTTAG-1,GARQ,D5,0,40,37,20,0.062508464,Naive B
GCGCAGTGTCCTAGCG-1,GARQ,D5,0,40,37,14,0.29956913,CD4 naive I
GCGCAGTGTGCGATAG-1,GARQ,D5,0,40,37,14,0.22030556,CD4 naive I
GCGCAGTGTTAAGGGC-1,GARQ,D5,0,40,37,14,0.22446084,CD4 memory
GCGCAGTGTTCAGCGC-1,GARQ,D5,0,40,37,14,0.16101933,CD4 naive I
GCGCCAAAGATCTGAA-1,GARQ,D5,0,40,37,30,0.06898773,CD56dim CD16bright NK
GCGCCAACACGGCCAT-1,GARQ,D5,0,40,37,37,0.10267007,gdT cells
GCGCCAAGTATTAGCC-1,GARQ,D5,0,40,37,30,0.052503824,CD56dim CD16bright NK
GCGCCAAGTCCGACGT-1,GARQ,D5,0,40,37,7,0.0047996044,CD56bright CD16dim NK
GCGCCAAGTCTTCTCG-1,GARQ,D5,0,40,37,10,0.07391596,gdT cells
GCGCCAAGTGGCTCCA-1,GARQ,D5,0,40,37,30,0.21011579,CD56dim CD16bright NK
GCGCCAATCGTATCAG-1,GARQ,D5,0,40,37,25,0.286053,Platelet-bound monocytes
GCGCCAATCTACTATC-1,GARQ,D5,0,40,37,30,0.118322134,CD56dim CD16bright NK
GCGCGATAGGATGGTC-1,GARQ,D5,0,40,37,9,0.016761541,CD56dim CD16bright NK
GCGCGATAGGCAAAGA-1,GARQ,D5,0,40,37,30,0.10858405,CD56dim CD16bright NK
GCGCGATCATGTAGTC-1,GARQ,D5,0,40,37,7,0.007410884,CD56bright CD16dim NK
GCGGGTTAGACGACGT-1,GARQ,D5,0,40,37,14,0.0067509413,CD8 naive
GCGGGTTCATCTGGTA-1,GARQ,D5,0,40,37,7,0.04677081,CD56dim CD16bright NK
GCGGGTTGTAAAGGAG-1,GARQ,D5,0,40,37,30,0.0899744,CD56dim CD16bright NK
GCGGGTTGTCGAATCT-1,GARQ,D5,0,40,37,10,0.03949368,MAIT-NKT cells
GCGGGTTGTGAAATCA-1,GARQ,D5,0,40,37,10,0.03516209,CD8 memory
GCGGGTTTCCAAATGC-1,GARQ,D5,0,40,37,30,0.07291412,CD56dim CD16bright NK
GCTCCTAAGAGCTATA-1,GARQ,D5,0,40,37,8,0.0051414967,CD4 naive II
GCTCCTAAGCTGAAAT-1,GARQ,D5,0,40,37,14,0.05433011,CD4 naive I
GCTCCTAAGTAGGCCA-1,GARQ,D5,0,40,37,30,0.06578541,CD56dim CD16bright NK
GCTCCTACAGTGACAG-1,GARQ,D5,0,40,37,35,0.029494166,Memory B
GCTCCTACATGCCTTC-1,GARQ,D5,0,40,37,25,0.34933114,Classical monocytes
GCTCCTATCGATCCCT-1,GARQ,D5,0,40,37,25,0.5030079,T-NK-B cell doublets
GCTCCTATCGCACTCT-1,GARQ,D5,0,40,37,38,0.0051825047,CD4 naive I
GCTCCTATCGGAAATA-1,GARQ,D5,0,40,37,35,0.042298675,Naive B
GCTCCTATCTCTTGAT-1,GARQ,D5,0,40,37,7,0.055761456,CD56dim CD16bright NK
GCTCTGTAGAGTACCG-1,GARQ,D5,0,40,37,33,0.041566133,Non classical monocytes
GCTCTGTAGGTCATCT-1,GARQ,D5,0,40,37,1,0.003860116,NK-T doublets
GCTCTGTCACGGCTAC-1,GARQ,D5,0,40,37,4,0.03453654,gdT cells
GCTCTGTGTACTCGCG-1,GARQ,D5,0,40,37,31,0.00568974,CD8 effector
GCTCTGTGTGTTCTTT-1,GARQ,D5,0,40,37,10,0.06432223,CD8 memory
GCTCTGTTCTGCTGCT-1,GARQ,D5,0,40,37,25,0.44791746,Classical monocytes
GCTGCAGGTACCGTTA-1,GARQ,D5,0,40,37,3,0.0031301975,CD8 effector
GCTGCAGGTCCGTTAA-1,GARQ,D5,0,40,37,8,0.13589358,CD8 naive
GCTGCAGGTTATCGGT-1,GARQ,D5,0,40,37,30,0.09613502,CD56dim CD16bright NK
GCTGCAGTCAGCTCGG-1,GARQ,D5,0,40,37,14,0.021728516,CD4 memory
GCTGCAGTCTACTCAT-1,GARQ,D5,0,40,37,35,0.10300517,Naive B
GCTGCGAAGCACCGTC-1,GARQ,D5,0,40,37,30,0.04932344,CD56dim CD16bright NK
GCTGCGAAGGACCACA-1,GARQ,D5,0,40,37,10,0.008010507,Platelet-T cell doublets
GCTGCGACAAGGTTCT-1,GARQ,D5,0,40,37,25,0.40499938,Neutrophils
GCTGCGAGTCAAAGAT-1,GARQ,D5,0,40,37,30,0.026523352,CD56dim CD16bright NK
GCTGCGATCATCACCC-1,GARQ,D5,0,40,37,30,0.0091228485,CD56dim CD16bright NK
GCTGCGATCTTTAGTC-1,GARQ,D5,0,40,37,8,0.010606289,CD4 naive I
GCTGCTTAGAGCAATT-1,GARQ,D5,0,40,37,20,0.028749704,Naive B
GCTGCTTAGCCACCTG-1,GARQ,D5,0,40,37,14,0.32541513,CD4 memory
GCTGCTTCAAGAAGAG-1,GARQ,D5,0,40,37,8,0.07955551,CD4 naive II
GCTGCTTCAGCGAACA-1,GARQ,D5,0,40,37,8,0.02565527,CD4 memory
GCTGCTTGTGCTGTAT-1,GARQ,D5,0,40,37,14,0.15743196,CD4 memory
GCTGCTTTCCTAAGTG-1,GARQ,D5,0,40,37,35,0.032107234,Naive B
GCTGCTTTCTTCGGTC-1,GARQ,D5,0,40,37,10,0.034665823,CD4 memory
GCTGGGTAGGATGGTC-1,GARQ,D5,0,40,37,10,0.037069798,CD8 memory
GCTGGGTAGTAGGTGC-1,GARQ,D5,0,40,37,30,0.09071314,CD56dim CD16bright NK
GCTGGGTCACTAGTAC-1,GARQ,D5,0,40,37,36,0.16610444,Erythroid 
GCTGGGTGTCTTGCGG-1,GARQ,D5,0,40,37,7,0.081501245,CD56dim CD16bright NK
GCTGGGTGTTTCCACC-1,GARQ,D5,0,40,37,10,0.054183602,CD4 memory
GCTGGGTTCCAAATGC-1,GARQ,D5,0,40,37,21,0.19757009,MAIT-NKT cells
GCTTCCACAATCTGCA-1,GARQ,D5,0,40,37,7,0.13887906,CD56dim CD16bright NK
GCTTCCACAGATGGCA-1,GARQ,D5,0,40,37,25,0.7939935,Classical monocytes
GCTTGAACAGATAATG-1,GARQ,D5,0,40,37,10,0.026622772,CD4 memory
GCTTGAAGTATTCTCT-1,GARQ,D5,0,40,37,10,0.046553075,CD4 memory
GCTTGAAGTTCTGAAC-1,GARQ,D5,0,40,37,10,0.010720611,MAIT-NKT cells
GCTTGAATCATGCAAC-1,GARQ,D5,0,40,37,30,0.08280468,CD56dim CD16bright NK
GCTTGAATCTAAGCCA-1,GARQ,D5,0,40,37,30,0.090043426,CD56dim CD16bright NK
GGAAAGCAGGCGACAT-1,GARQ,D5,0,40,37,24,0.03804052,gdT cells
GGAAAGCTCAAACCGT-1,GARQ,D5,0,40,37,14,0.066649795,CD4 memory
GGAACTTTCGAACTGT-1,GARQ,D5,0,40,37,25,0.7205756,Platelet-bound monocytes
GGAACTTTCGCACTCT-1,GARQ,D5,0,40,37,33,0.0031774044,Non classical monocytes
GGAACTTTCGCTGATA-1,GARQ,D5,0,40,37,30,0.098489046,CD56dim CD16bright NK
GGACAAGAGGTGTGGT-1,GARQ,D5,0,40,37,25,0.45773113,Platelet-bound monocytes
GGACAAGCATATACCG-1,GARQ,D5,0,40,37,14,0.040207386,CD4 naive I
GGACAAGGTTCTGGTA-1,GARQ,D5,0,40,37,30,0.21125638,CD56dim CD16bright NK
GGACAAGTCAACCAAC-1,GARQ,D5,0,40,37,21,0.05760193,MAIT-NKT cells
GGACAGAGTCCATGAT-1,GARQ,D5,0,40,37,30,0.114831805,CD56dim CD16bright NK
GGACAGATCGGTCCGA-1,GARQ,D5,0,40,37,25,0.113628626,Non classical monocytes
GGACATTAGGCGTACA-1,GARQ,D5,0,40,37,10,0.035381317,Proliferating T and NK cell
GGACATTAGGGCTCTC-1,GARQ,D5,0,40,37,30,0.007754922,CD8 effector
GGACATTCAGTTAACC-1,GARQ,D5,0,40,37,25,0.38714838,Non classical monocytes
GGACATTGTCCAAGTT-1,GARQ,D5,0,40,37,24,0.046907425,gdT cells
GGACATTTCCTGCTTG-1,GARQ,D5,0,40,37,19,0.28691983,CD56dim CD16bright NK
GGACGTCAGTGCAAGC-1,GARQ,D5,0,40,37,35,0.124824286,Naive B
GGAGCAAAGAGACTAT-1,GARQ,D5,0,40,37,25,0.37801862,NK-monocyte doublets
GGAGCAAAGTCCGTAT-1,GARQ,D5,0,40,37,25,0.23890364,Classical monocytes
GGAGCAAGTAATCGTC-1,GARQ,D5,0,40,37,21,0.00024843216,CD4 and CD8 activated memory
GGAGCAAGTGCAACGA-1,GARQ,D5,0,40,37,30,0.08613527,CD56dim CD16bright NK
GGAGCAATCAGTTCGA-1,GARQ,D5,0,40,37,3,0.03588438,NK-T doublets
GGAGCAATCCCACTTG-1,GARQ,D5,0,40,37,14,0.16610992,CD4 naive I
GGAGCAATCGGCCGAT-1,GARQ,D5,0,40,37,25,0.2944932,Classical monocytes
GGAGCAATCTACTTAC-1,GARQ,D5,0,40,37,30,0.012760043,CD56dim CD16bright NK
GGATGTTAGCGATAGC-1,GARQ,D5,0,40,37,21,0.0848223,MAIT-NKT cells
GGATGTTAGTGCAAGC-1,GARQ,D5,0,40,37,25,0.46355677,Classical monocytes
GGATGTTCATCCTTGC-1,GARQ,D5,0,40,37,14,0.062307596,CD4 memory
GGATGTTTCTGGTTCC-1,GARQ,D5,0,40,37,30,0.0902226,CD56bright CD16dim NK
GGATTACAGCTAGCCC-1,GARQ,D5,0,40,37,35,0.035030246,Naive B
GGATTACGTATAGGTA-1,GARQ,D5,0,40,37,14,0.10695958,CD4 memory
GGATTACTCACCAGGC-1,GARQ,D5,0,40,37,3,0.0031151772,CD8 memory
GGCAATTAGTTCGCAT-1,GARQ,D5,0,40,37,2,0.084077835,CD4 naive I
GGCAATTCACCAACCG-1,GARQ,D5,0,40,37,14,0.10204923,CD4 naive I
GGCAATTTCGGTCCGA-1,GARQ,D5,0,40,37,25,0.47942126,Neutrophils
GGCCGATAGGTGCACA-1,GARQ,D5,0,40,37,19,0.10101414,CD56bright CD16dim NK
GGCCGATCATCCGGGT-1,GARQ,D5,0,40,37,30,0.07442343,CD56dim CD16bright NK
GGCCGATCATTAGGCT-1,GARQ,D5,0,40,37,25,0.07327461,Non classical monocytes
GGCCGATTCGCCATAA-1,GARQ,D5,0,40,37,17,0.0036898851,gdT cells
GGCGACTAGACCTTTG-1,GARQ,D5,0,40,37,21,0.010257721,CD8 memory
GGCGACTAGTGGGCTA-1,GARQ,D5,0,40,37,25,0.43746686,Classical monocytes
GGCGACTCAAGCGTAG-1,GARQ,D5,0,40,37,14,0.09042215,CD4 memory
GGCGACTCAGTAGAGC-1,GARQ,D5,0,40,37,25,0.5973898,Classical monocytes
GGCGACTCATCACAAC-1,GARQ,D5,0,40,37,35,0.02280438,Naive B
GGCGACTTCGTTGACA-1,GARQ,D5,0,40,37,14,0.0009772778,CD4 memory
GGCGTGTCAAACCTAC-1,GARQ,D5,0,40,37,9,0.027605057,CD56bright CD16dim NK
GGCGTGTCAATAACGA-1,GARQ,D5,0,40,37,8,0.04560435,CD4 naive I
GGCGTGTCACATCTTT-1,GARQ,D5,0,40,37,8,0.00706172,CD4 naive I
GGCGTGTGTACATCCA-1,GARQ,D5,0,40,37,7,0.005841255,CD56dim CD16bright NK
GGCGTGTGTGTCGCTG-1,GARQ,D5,0,40,37,17,0.051490426,CD8 effector
GGCTCGAGTCGTCTTC-1,GARQ,D5,0,40,37,30,0.08835602,CD56dim CD16bright NK
GGCTCGATCATTCACT-1,GARQ,D5,0,40,37,25,0.30625075,Classical monocytes
GGCTCGATCCGTAGGC-1,GARQ,D5,0,40,37,23,0.0049443245,CD8 effector
GGCTCGATCCTCTAGC-1,GARQ,D5,0,40,37,20,0.08930284,Naive B
GGCTCGATCTATCGCC-1,GARQ,D5,0,40,37,10,0.030804217,T-NK-B cell doublets
GGCTGGTAGCTGCAAG-1,GARQ,D5,0,40,37,25,0.44779873,Classical monocytes
GGCTGGTAGGGAAACA-1,GARQ,D5,0,40,37,25,0.39864218,NK-monocyte doublets
GGCTGGTGTACCTACA-1,GARQ,D5,0,40,37,36,0.15472907,Erythroid 
GGCTGGTGTCCAGTGC-1,GARQ,D5,0,40,37,14,0.010885596,CD4 memory
GGCTGGTGTGTTCGAT-1,GARQ,D5,0,40,37,14,0.109123945,CD4 memory
GGGAATGAGAGGACGG-1,GARQ,D5,0,40,37,25,0.30099785,Classical monocytes
GGGAATGCAACGCACC-1,GARQ,D5,0,40,37,8,0.054772377,CD4 memory
GGGAATGCACGGTGTC-1,GARQ,D5,0,40,37,8,0.017665744,CD8 naive
GGGAATGCAGGGTACA-1,GARQ,D5,0,40,37,25,0.083625674,Platelets
GGGAATGCAGTCAGCC-1,GARQ,D5,0,40,37,14,0.15041351,CD4 memory
GGGAATGGTGCAGTAG-1,GARQ,D5,0,40,37,3,0.059339523,gdT cells
GGGAATGGTGCTAGCC-1,GARQ,D5,0,40,37,30,0.12666011,CD56dim CD16bright NK
GGGACCTAGCTAGTTC-1,GARQ,D5,0,40,37,9,0.037789583,CD56dim CD16bright NK
GGGACCTGTGAAATCA-1,GARQ,D5,0,40,37,7,0.081231,CD56dim CD16bright NK
GGGACCTTCATTGCGA-1,GARQ,D5,0,40,37,9,0.053075314,CD56dim CD16bright NK
GGGACCTTCTGGCGTG-1,GARQ,D5,0,40,37,14,0.080656886,CD4 naive I
GGGAGATAGACTGTAA-1,GARQ,D5,0,40,37,7,0.11742759,CD56dim CD16bright NK
GGGAGATAGTAGCGGT-1,GARQ,D5,0,40,37,26,0.0027399063,CD8 effector
GGGAGATCAAACCCAT-1,GARQ,D5,0,40,37,14,0.16962051,CD4 naive I
GGGAGATCAAGAGGCT-1,GARQ,D5,0,40,37,21,0.065051556,MAIT-NKT cells
GGGAGATCAGCTATTG-1,GARQ,D5,0,40,37,30,0.15038753,CD56dim CD16bright NK
GGGAGATCATAACCTG-1,GARQ,D5,0,40,37,30,0.08682132,CD56dim CD16bright NK
GGGAGATGTAGCTAAA-1,GARQ,D5,0,40,37,18,0.032315493,NK-T doublets
GGGAGATTCAGTTTGG-1,GARQ,D5,0,40,37,20,0.034886837,Memory B
GGGATGAAGCCTTGAT-1,GARQ,D5,0,40,37,7,0.062055588,CD56dim CD16bright NK
GGGATGAAGCGATGAC-1,GARQ,D5,0,40,37,30,0.1008662,CD56bright CD16dim NK
GGGATGAAGCTGTTCA-1,GARQ,D5,0,40,37,30,0.051499844,CD56dim CD16bright NK
GGGATGACAGCGAACA-1,GARQ,D5,0,40,37,20,0.017253399,Naive B
GGGATGATCGGTGTTA-1,GARQ,D5,0,40,37,14,0.20318854,CD4 memory
GGGCACTAGACTAAGT-1,GARQ,D5,0,40,37,14,0.11028206,CD4 naive I
GGGCACTAGTGGTAAT-1,GARQ,D5,0,40,37,9,0.03254485,NK-T doublets
GGGCACTCATCGATTG-1,GARQ,D5,0,40,37,14,0.024784565,Regulatory T cells
GGGCACTTCACTTATC-1,GARQ,D5,0,40,37,21,0.02509141,MAIT-NKT cells
GGGCACTTCGATAGAA-1,GARQ,D5,0,40,37,4,0.015363753,CD8 naive
GGGCATCAGCGTCTAT-1,GARQ,D5,0,40,37,35,0.004784584,Naive B
GGGCATCCAAGCCCAC-1,GARQ,D5,0,40,37,25,0.37454844,Classical monocytes
GGGCATCGTGTGGTTT-1,GARQ,D5,0,40,37,25,0.34403437,Classical monocytes
GGGCATCTCTGAGTGT-1,GARQ,D5,0,40,37,37,0.034219027,CD8 effector
GGGTCTGCAGCCTTGG-1,GARQ,D5,0,40,37,2,0.0029935837,CD4 naive I
GGGTCTGCAGGACGTA-1,GARQ,D5,0,40,37,25,0.34359908,Classical monocytes
GGGTCTGGTACCGGCT-1,GARQ,D5,0,40,37,25,0.33093524,NK-monocyte doublets
GGGTCTGTCCAGAAGG-1,GARQ,D5,0,40,37,1,0.01388967,CD8 memory
GGGTTGCAGGTGACCA-1,GARQ,D5,0,40,37,30,0.053302526,CD56dim CD16bright NK
GGGTTGCCAATGGAGC-1,GARQ,D5,0,40,37,11,0.0034037828,CD8 effector
GGGTTGCCACATTCGA-1,GARQ,D5,0,40,37,36,0.10763621,Erythroid 
GGTATTGAGAGTGAGA-1,GARQ,D5,0,40,37,14,0.12719548,CD4 memory
GGTATTGCAAGGGTCA-1,GARQ,D5,0,40,37,19,0.22164953,CD56dim CD16bright NK
GGTATTGCAGAGTGTG-1,GARQ,D5,0,40,37,25,0.35587788,Classical monocytes
GGTATTGCATCGATGT-1,GARQ,D5,0,40,37,25,0.24397129,Classical monocytes
GGTATTGCATCGTCGG-1,GARQ,D5,0,40,37,25,0.32339573,Platelet-bound monocytes
GGTATTGGTTGGTGGA-1,GARQ,D5,0,40,37,14,0.003591299,CD4 naive I
GGTATTGGTTGTGGCC-1,GARQ,D5,0,40,37,25,0.5263095,Classical monocytes
GGTGAAGAGGCCGAAT-1,GARQ,D5,0,40,37,6,0.005426228,Non classical monocytes
GGTGAAGCATGATCCA-1,GARQ,D5,0,40,37,30,0.0056521893,CD8 effector
GGTGAAGTCGCCAAAT-1,GARQ,D5,0,40,37,3,0.00849998,CD56dim CD16bright NK
GGTGCGTCAATAACGA-1,GARQ,D5,0,40,37,21,0.009043694,CD8 effector
GGTGCGTGTCAGAAGC-1,GARQ,D5,0,40,37,30,0.004839897,CD56bright CD16dim NK
GGTGCGTGTGAAAGAG-1,GARQ,D5,0,40,37,30,0.02874136,CD56dim CD16bright NK
GGTGCGTGTGCGATAG-1,GARQ,D5,0,40,37,14,0.047396183,CD4 naive I
GGTGCGTTCATAAAGG-1,GARQ,D5,0,40,37,30,0.18786693,CD56dim CD16bright NK
GGTGCGTTCGCCGTGA-1,GARQ,D5,0,40,37,21,0.034435034,CD4 memory
GGTGTTAAGTGTTGAA-1,GARQ,D5,0,40,37,21,0.06897032,MAIT-NKT cells
GGTGTTACAGTGGGAT-1,GARQ,D5,0,40,37,35,0.031609297,T-NK-B cell doublets
GGTGTTAGTTTGTGTG-1,GARQ,D5,0,40,37,8,0.06471777,CD4 naive I
GGTGTTATCTCGTATT-1,GARQ,D5,0,40,37,25,0.5097687,Classical monocytes
GTAACGTAGCGTAATA-1,GARQ,D5,0,40,37,30,0.10930109,CD56dim CD16bright NK
GTAACGTAGTGTTAGA-1,GARQ,D5,0,40,37,14,0.049173594,CD4 memory
GTAACGTCAGCCTGTG-1,GARQ,D5,0,40,37,7,0.06941438,CD56dim CD16bright NK
GTAACGTTCAAGAAGT-1,GARQ,D5,0,40,37,7,0.006340742,CD56dim CD16bright NK
GTAACGTTCTGTTTGT-1,GARQ,D5,0,40,37,30,0.0068417788,CD56dim CD16bright NK
GTAACTGCACGTTGGC-1,GARQ,D5,0,40,37,30,0.07357311,CD56dim CD16bright NK
GTAACTGGTCATCGGC-1,GARQ,D5,0,40,37,9,0.01816225,CD8 effector
GTAACTGGTGCATCTA-1,GARQ,D5,0,40,37,9,0.041371465,NK-T doublets
GTAACTGTCGCCAGCA-1,GARQ,D5,0,40,37,21,0.02696073,NK-T doublets
GTACGTAAGTTGAGAT-1,GARQ,D5,0,40,37,25,0.40180635,NK-monocyte doublets
GTACGTACACCATCCT-1,GARQ,D5,0,40,37,25,0.32712328,Classical monocytes
GTACGTAGTAAAGTCA-1,GARQ,D5,0,40,37,7,0.059507787,CD56dim CD16bright NK
GTACTCCCAGCTGTGC-1,GARQ,D5,0,40,37,8,0.025577545,CD8 naive
GTACTCCGTTCAGGCC-1,GARQ,D5,0,40,37,14,0.02480197,CD8 naive
GTACTCCTCAAAGACA-1,GARQ,D5,0,40,37,35,0.03959787,Naive B
GTACTCCTCATAACCG-1,GARQ,D5,0,40,37,19,0.027782321,CD56dim CD16bright NK
GTACTTTAGATATGGT-1,GARQ,D5,0,40,37,30,0.14627087,CD56dim CD16bright NK
GTACTTTAGCTGGAAC-1,GARQ,D5,0,40,37,25,0.27838457,NK-monocyte doublets
GTACTTTAGGACCACA-1,GARQ,D5,0,40,37,25,0.30372226,Classical monocytes
GTACTTTCAGACGTAG-1,GARQ,D5,0,40,37,17,0.0126924515,CD8 effector
GTACTTTCATTGTGCA-1,GARQ,D5,0,40,37,30,0.096379876,CD56dim CD16bright NK
GTACTTTGTCTGCCAG-1,GARQ,D5,0,40,37,25,0.7746024,Classical monocytes
GTAGGCCCAATCGAAA-1,GARQ,D5,0,40,37,25,0.35061777,Neutrophils
GTAGGCCGTGCAGTAG-1,GARQ,D5,0,40,37,9,0.011381507,CD56dim CD16bright NK
GTAGGCCGTGCCTGTG-1,GARQ,D5,0,40,37,9,0.0069527626,CD56bright CD16dim NK
GTAGGCCTCCGCAGTG-1,GARQ,D5,0,40,37,14,0.21024024,CD4 memory
GTAGGCCTCGGAGCAA-1,GARQ,D5,0,40,37,8,0.0059762,CD8 naive
GTAGTCAAGCCGGTAA-1,GARQ,D5,0,40,37,14,0.09105182,CD4 naive I
GTAGTCAGTGGGTATG-1,GARQ,D5,0,40,37,14,0.009029627,CD4 memory
GTAGTCATCGGCTTGG-1,GARQ,D5,0,40,37,4,0.041724443,CD4 naive I
GTAGTCATCGGGAGTA-1,GARQ,D5,0,40,37,14,0.08672738,CD4 naive I
GTAGTCATCGTGACAT-1,GARQ,D5,0,40,37,14,0.08058548,CD4 memory
GTATCTTAGGGCATGT-1,GARQ,D5,0,40,37,14,0.04927802,CD4 naive I
GTATCTTAGTCGCCGT-1,GARQ,D5,0,40,37,24,0.06390071,gdT cells
GTATTCTAGGTACTCT-1,GARQ,D5,0,40,37,25,0.7732632,Platelet-bound monocytes
GTATTCTGTACTCGCG-1,GARQ,D5,0,40,37,19,0.18691742,gdT cells
GTATTCTGTGCCTTGG-1,GARQ,D5,0,40,37,14,0.13835013,CD4 naive I
GTATTCTGTTAAGGGC-1,GARQ,D5,0,40,37,14,0.1767472,CD4 memory
GTATTCTTCAGCTCGG-1,GARQ,D5,0,40,37,8,0.010065198,Regulatory T cells
GTCAAGTAGGGTCTCC-1,GARQ,D5,0,40,37,7,0.071475744,CD56dim CD16bright NK
GTCAAGTCATATACCG-1,GARQ,D5,0,40,37,25,0.4369989,Classical monocytes
GTCAAGTCATTGAGCT-1,GARQ,D5,0,40,37,10,0.02354765,CD4 naive I
GTCAAGTGTAGAGTGC-1,GARQ,D5,0,40,37,9,0.019080997,CD8 effector
GTCAAGTGTGAGGCTA-1,GARQ,D5,0,40,37,25,0.06389779,NK-monocyte doublets
GTCAAGTTCACAAACC-1,GARQ,D5,0,40,37,10,0.021247149,CD4 memory
GTCACAAAGAAACCAT-1,GARQ,D5,0,40,37,30,0.043269396,CD56dim CD16bright NK
GTCACAAAGCTAGGCA-1,GARQ,D5,0,40,37,30,0.013420343,CD56dim CD16bright NK
GTCACAATCGCGCCAA-1,GARQ,D5,0,40,37,7,0.003704667,CD56dim CD16bright NK
GTCACGGAGCACCGCT-1,GARQ,D5,0,40,37,25,0.45859027,Classical monocytes
GTCACGGCAAATACAG-1,GARQ,D5,0,40,37,30,0.010997772,CD56dim CD16bright NK
GTCACGGCAATCAGAA-1,GARQ,D5,0,40,37,25,0.28293562,Platelet-bound monocytes
GTCACGGGTAAGGGCT-1,GARQ,D5,0,40,37,30,0.041679144,CD56dim CD16bright NK
GTCACGGGTACAGTTC-1,GARQ,D5,0,40,37,21,0.03709817,MAIT-NKT cells
GTCACGGGTCATGCCG-1,GARQ,D5,0,40,37,21,0.04554093,CD8 memory
GTCATTTCAACTTGAC-1,GARQ,D5,0,40,37,30,0.037989855,CD8 effector
GTCATTTCAAGTCTGT-1,GARQ,D5,0,40,37,25,0.1616134,Neutrophils
GTCATTTCAGGTCGTC-1,GARQ,D5,0,40,37,25,0.36891913,Platelet-bound monocytes
GTCATTTGTAAGAGAG-1,GARQ,D5,0,40,37,25,0.2261734,Classical monocytes
GTCATTTTCTGAGGGA-1,GARQ,D5,0,40,37,25,0.37667394,Classical monocytes
GTCCTCAAGACCGGAT-1,GARQ,D5,0,40,37,14,0.06961548,CD8 naive
GTCCTCAAGGGTTTCT-1,GARQ,D5,0,40,37,21,0.14704072,MAIT-NKT cells
GTCCTCAGTCAACATC-1,GARQ,D5,0,40,37,20,0.0030808449,plasmacytoid DC
GTCCTCAGTCATGCCG-1,GARQ,D5,0,40,37,25,0.34242165,Classical monocytes
GTCGGGTCAACTGCGC-1,GARQ,D5,0,40,37,20,0.064038634,Naive B
GTCGGGTGTCCAGTTA-1,GARQ,D5,0,40,37,9,0.018299699,CD56dim CD16bright NK
GTCGGGTTCAATAAGG-1,GARQ,D5,0,40,37,25,0.23540688,Classical monocytes
GTCGTAAAGAGCCCAA-1,GARQ,D5,0,40,37,0,0.0031541586,gdT cells
GTCGTAACAAAGTCAA-1,GARQ,D5,0,40,37,21,0.08334947,gdT cells
GTCGTAATCCACTGGG-1,GARQ,D5,0,40,37,20,0.01847601,Naive B
GTCTCGTGTCTGATTG-1,GARQ,D5,0,40,37,25,0.38648295,Classical monocytes
GTCTTCGAGGCTCAGA-1,GARQ,D5,0,40,37,11,0.105751574,CD8 effector
GTCTTCGCAAACAACA-1,GARQ,D5,0,40,37,30,0.12527919,CD56dim CD16bright NK
GTCTTCGGTGCAACGA-1,GARQ,D5,0,40,37,21,0.15199983,MAIT-NKT cells
GTCTTCGTCCGAATGT-1,GARQ,D5,0,40,37,9,0.029949665,CD56dim CD16bright NK
GTGAAGGAGACAGACC-1,GARQ,D5,0,40,37,14,0.014505148,CD8 naive
GTGAAGGAGCTCCTCT-1,GARQ,D5,0,40,37,25,0.2763232,Classical monocytes
GTGAAGGAGGCTAGCA-1,GARQ,D5,0,40,37,14,0.10069871,CD4 memory
GTGAAGGCAAGCCGCT-1,GARQ,D5,0,40,37,21,0.04358232,MAIT-NKT cells
GTGAAGGCACAAGACG-1,GARQ,D5,0,40,37,25,0.102261186,Non classical monocytes
GTGAAGGCACTCGACG-1,GARQ,D5,0,40,37,30,0.08486414,CD56dim CD16bright NK
GTGAAGGCACTTCTGC-1,GARQ,D5,0,40,37,35,0.027285695,Memory B
GTGAAGGGTATAGTAG-1,GARQ,D5,0,40,37,9,0.039179802,CD56dim CD16bright NK
GTGAAGGGTTGCCTCT-1,GARQ,D5,0,40,37,34,0.014881492,gdT cells
GTGAAGGGTTTGTGTG-1,GARQ,D5,0,40,37,14,0.040211797,CD4 naive I
GTGAAGGTCTCGTTTA-1,GARQ,D5,0,40,37,30,0.0054041147,CD56dim CD16bright NK
GTGCAGCCAGGGTATG-1,GARQ,D5,0,40,37,25,0.04988444,plasmacytoid DC
GTGCAGCCATGTAAGA-1,GARQ,D5,0,40,37,30,0.10485685,CD56dim CD16bright NK
GTGCAGCGTTCCAACA-1,GARQ,D5,0,40,37,25,0.6816125,Classical monocytes
GTGCAGCGTTCTGAAC-1,GARQ,D5,0,40,37,25,0.3223207,Classical monocytes
GTGCAGCGTTGGTTTG-1,GARQ,D5,0,40,37,28,0.010991573,gdT cells
GTGCATAAGGGTCTCC-1,GARQ,D5,0,40,37,30,0.09849906,CD56dim CD16bright NK
GTGCATAAGTAACCCT-1,GARQ,D5,0,40,37,30,0.097845554,CD56dim CD16bright NK
GTGCATATCCGCGTTT-1,GARQ,D5,0,40,37,11,0.0067185163,gdT cells
GTGCATATCTCACATT-1,GARQ,D5,0,40,37,14,0.07145584,CD4 naive II
GTGCGGTAGTAGCGGT-1,GARQ,D5,0,40,37,14,0.089579225,CD4 naive I
GTGCGGTTCTACTTAC-1,GARQ,D5,0,40,37,14,0.07995081,CD4 memory
GTGCTTCCATACGCCG-1,GARQ,D5,0,40,37,14,0.074204445,CD4 memory
GTGCTTCGTCCGAATT-1,GARQ,D5,0,40,37,24,0.008430362,CD56dim CD16bright NK
GTGCTTCTCAGTCAGT-1,GARQ,D5,0,40,37,25,0.28865302,Non classical monocytes
GTGCTTCTCGCGGATC-1,GARQ,D5,0,40,37,14,0.025892258,CD4 naive I
GTGGGTCAGGTGCTAG-1,GARQ,D5,0,40,37,14,0.061117053,Regulatory T cells
GTGGGTCCACAGTCGC-1,GARQ,D5,0,40,37,35,0.06761992,T-NK-B cell doublets
GTGGGTCTCACTTACT-1,GARQ,D5,0,40,37,1,0.055829763,CD8 effector
GTGTGCGAGATAGTCA-1,GARQ,D5,0,40,37,21,0.08201045,CD8 memory
GTGTGCGGTGACGCCT-1,GARQ,D5,0,40,37,14,0.1853261,CD4 naive I
GTGTGCGTCCACTGGG-1,GARQ,D5,0,40,37,30,0.3151493,CD56dim CD16bright NK
GTGTTAGGTAAACGCG-1,GARQ,D5,0,40,37,25,0.37661576,Classical monocytes
GTGTTAGTCAGAAATG-1,GARQ,D5,0,40,37,25,0.5158298,Classical monocytes
GTTAAGCAGCGACGTA-1,GARQ,D5,0,40,37,10,0.017143726,CD4 memory
GTTAAGCCATTCCTGC-1,GARQ,D5,0,40,37,14,0.069138646,CD8 naive
GTTAAGCTCTCTAAGG-1,GARQ,D5,0,40,37,14,0.07417905,CD4 naive I
GTTACAGAGTAAGTAC-1,GARQ,D5,0,40,37,30,0.07139063,CD56dim CD16bright NK
GTTACAGCATATGAGA-1,GARQ,D5,0,40,37,7,0.038111687,CD56dim CD16bright NK
GTTCATTAGTATTGGA-1,GARQ,D5,0,40,37,30,0.066504836,CD56dim CD16bright NK
GTTCATTCACAGAGGT-1,GARQ,D5,0,40,37,10,0.064174056,CD8 effector
GTTCATTGTTACGGAG-1,GARQ,D5,0,40,37,16,0.040225208,gdT cells
GTTCATTGTTCGTTGA-1,GARQ,D5,0,40,37,30,0.030564547,CD56dim CD16bright NK
GTTCATTTCCAGGGCT-1,GARQ,D5,0,40,37,25,0.349499,Classical monocytes
GTTCGGGTCACTTATC-1,GARQ,D5,0,40,37,2,0.022129774,CD4 memory
GTTCTCGGTGACTCAT-1,GARQ,D5,0,40,37,8,0.07038307,CD8 naive
GTTTCTAAGTGGTAGC-1,GARQ,D5,0,40,37,25,0.3028896,NK-monocyte doublets
GTTTCTAAGTTAAGTG-1,GARQ,D5,0,40,37,30,0.05869019,CD56dim CD16bright NK
GTTTCTACACTGAAGG-1,GARQ,D5,0,40,37,25,0.5385046,Classical monocytes
GTTTCTATCGTGGACC-1,GARQ,D5,0,40,37,4,0.015057921,CD4 memory
TAAACCGCATAGGATA-1,GARQ,D5,0,40,37,7,0.04641664,CD56dim CD16bright NK
TAAACCGGTAAACACA-1,GARQ,D5,0,40,37,25,0.3726523,Classical monocytes
TAAACCGTCACAACGT-1,GARQ,D5,0,40,37,36,0.05810392,MAIT-NKT cells
TAAACCGTCGATGAGG-1,GARQ,D5,0,40,37,30,0.04456365,CD56dim CD16bright NK
TAAACCGTCTAACCGA-1,GARQ,D5,0,40,37,14,0.065197825,Regulatory T cells
TAAGAGAAGTCTTGCA-1,GARQ,D5,0,40,37,14,0.15211928,CD4 memory
TAAGAGACAGATCTGT-1,GARQ,D5,0,40,37,21,0.00063097477,CD8 memory
TAAGAGAGTCAGAATA-1,GARQ,D5,0,40,37,21,0.022269845,MAIT-NKT cells
TAAGAGAGTCGACTAT-1,GARQ,D5,0,40,37,7,0.027059913,CD56dim CD16bright NK
TAAGAGAGTTTCCACC-1,GARQ,D5,0,40,37,11,0.009947181,CD56dim CD16bright NK
TAAGAGATCCCTTGCA-1,GARQ,D5,0,40,37,25,0.22850537,Classical monocytes
TAAGAGATCGTACCGG-1,GARQ,D5,0,40,37,14,0.17931056,CD4 memory
TAAGCGTAGAGCCTAG-1,GARQ,D5,0,40,37,10,0.08186853,CD8 memory
TAAGCGTCATGACGGA-1,GARQ,D5,0,40,37,4,0.054691195,Regulatory T cells
TAAGCGTTCTCTGTCG-1,GARQ,D5,0,40,37,14,0.029919505,CD4 memory
TAAGTGCAGAGTTGGC-1,GARQ,D5,0,40,37,25,1.5146098,Classical monocytes
TAAGTGCGTTCGCGAC-1,GARQ,D5,0,40,37,20,0.21450257,Naive B
TAAGTGCTCAGTACGT-1,GARQ,D5,0,40,37,30,0.057067394,CD56dim CD16bright NK
TAAGTGCTCTTTCCTC-1,GARQ,D5,0,40,37,7,0.029825449,CD56dim CD16bright NK
TACACGAAGAGAACAG-1,GARQ,D5,0,40,37,21,0.058225214,NK-T doublets
TACACGAAGTGGAGTC-1,GARQ,D5,0,40,37,35,0.074971914,Naive B
TACACGAGTTAAGATG-1,GARQ,D5,0,40,37,21,0.097599626,CD8 effector
TACACGATCCACGCAG-1,GARQ,D5,0,40,37,18,0.0063784122,gdT cells
TACAGTGAGATAGGAG-1,GARQ,D5,0,40,37,30,0.08365464,CD56dim CD16bright NK
TACAGTGCAGGCGATA-1,GARQ,D5,0,40,37,35,0.008259058,Naive B
TACAGTGCAGTGAGTG-1,GARQ,D5,0,40,37,25,0.26834548,Classical monocytes
TACAGTGCATCGACGC-1,GARQ,D5,0,40,37,21,0.055300713,MAIT-NKT cells
TACAGTGGTTTCGCTC-1,GARQ,D5,0,40,37,35,0.108590364,Memory B
TACAGTGTCCGAATGT-1,GARQ,D5,0,40,37,7,0.06628418,CD56dim CD16bright NK
TACCTATAGCATCATC-1,GARQ,D5,0,40,37,35,0.07899666,Naive B
TACCTATCAATAGCAA-1,GARQ,D5,0,40,37,25,0.31402308,Classical monocytes
TACCTATGTTAGTGGG-1,GARQ,D5,0,40,37,35,0.008021593,Memory B
TACCTATTCTCGTTTA-1,GARQ,D5,0,40,37,25,0.26545382,Non classical monocytes
TACCTTAAGGCTCAGA-1,GARQ,D5,0,40,37,21,0.035792947,CD8 effector
TACCTTATCGTTTAGG-1,GARQ,D5,0,40,37,30,0.09710932,CD8 effector
TACGGATCAGATCCAT-1,GARQ,D5,0,40,37,35,0.09875786,T-NK-B cell doublets
TACGGATCAGCTCGAC-1,GARQ,D5,0,40,37,27,0.0014989376,CD8 effector
TACGGATCATGTCCTC-1,GARQ,D5,0,40,37,25,0.34776604,Neutrophils
TACGGATGTGTGGCTC-1,GARQ,D5,0,40,37,35,0.056157947,Naive B
TACGGGCAGCTAAACA-1,GARQ,D5,0,40,37,25,0.67031395,Classical monocytes
TACGGGCCAATGGATA-1,GARQ,D5,0,40,37,10,0.074124455,CD8 memory
TACGGGCCATCGACGC-1,GARQ,D5,0,40,37,35,0.009781122,Naive B
TACGGGCGTAGAAAGG-1,GARQ,D5,0,40,37,10,0.04339981,CD8 memory
TACGGGCTCACGGTTA-1,GARQ,D5,0,40,37,20,0.009694457,plasmacytoid DC
TACGGGCTCAGCGATT-1,GARQ,D5,0,40,37,25,0.344563,Non classical monocytes
TACGGGCTCGAATCCA-1,GARQ,D5,0,40,37,31,0.027518988,NK-T doublets
TACGGTAAGCTGTCTA-1,GARQ,D5,0,40,37,11,0.054256976,Non classical monocytes
TACGGTAAGGCTATCT-1,GARQ,D5,0,40,37,25,0.2457757,Classical monocytes
TACGGTAAGGCTCTTA-1,GARQ,D5,0,40,37,25,0.19553274,Non classical monocytes
TACGGTACACCAGGTC-1,GARQ,D5,0,40,37,25,0.5533753,T-NK-B cell doublets
TACGGTATCAGGTAAA-1,GARQ,D5,0,40,37,25,0.32255816,Classical monocytes
TACGGTATCGCAAACT-1,GARQ,D5,0,40,37,10,0.031184793,MAIT-NKT cells
TACTCATAGGTGCAAC-1,GARQ,D5,0,40,37,7,0.0028556585,CD56dim CD16bright NK
TACTCATCAGTTCCCT-1,GARQ,D5,0,40,37,14,0.20780134,CD4 memory
TACTCATCAGTTTACG-1,GARQ,D5,0,40,37,21,0.030380964,gdT cells
TACTCATGTGCAACTT-1,GARQ,D5,0,40,37,14,0.113838315,CD4 memory
TACTCGCCAATAACGA-1,GARQ,D5,0,40,37,10,0.0012131929,gdT cells
TACTCGCCATGCATGT-1,GARQ,D5,0,40,37,30,0.103514075,Proliferating T and NK cell
TACTCGCGTACGAAAT-1,GARQ,D5,0,40,37,7,0.054784894,CD56dim CD16bright NK
TACTCGCGTCAATACC-1,GARQ,D5,0,40,37,30,0.028920531,CD56dim CD16bright NK
TACTTACAGCGAAGGG-1,GARQ,D5,0,40,37,3,0.0066007376,MAIT-NKT cells
TACTTACGTCCATGAT-1,GARQ,D5,0,40,37,14,0.118417025,CD4 naive I
TACTTACGTCTCCATC-1,GARQ,D5,0,40,37,4,0.04998672,gdT cells
TACTTACGTTGTACAC-1,GARQ,D5,0,40,37,30,0.0021394491,CD56bright CD16dim NK
TACTTGTAGAGTGAGA-1,GARQ,D5,0,40,37,25,0.3284154,Classical monocytes
TACTTGTAGCTGTTCA-1,GARQ,D5,0,40,37,25,0.27109313,Classical monocytes
TACTTGTAGCTTCGCG-1,GARQ,D5,0,40,37,14,0.005025387,CD4 memory
TACTTGTCAAGTACCT-1,GARQ,D5,0,40,37,30,0.13557374,CD56dim CD16bright NK
TACTTGTCAGACAAAT-1,GARQ,D5,0,40,37,25,0.21287799,Non classical monocytes
TACTTGTCATGGATGG-1,GARQ,D5,0,40,37,10,0.06336844,CD8 memory
TACTTGTGTCAGAGGT-1,GARQ,D5,0,40,37,25,0.38378608,Neutrophils
TAGACCAAGCGATCCC-1,GARQ,D5,0,40,37,28,0.0011917949,CD4 and CD8 activated memory
TAGACCAGTCCATCCT-1,GARQ,D5,0,40,37,9,0.045452118,gdT cells
TAGACCAGTCTTCTCG-1,GARQ,D5,0,40,37,14,0.2020551,CD4 naive I
TAGACCATCCGGCACA-1,GARQ,D5,0,40,37,14,0.11178374,CD4 memory
TAGAGCTAGCGCTTAT-1,GARQ,D5,0,40,37,30,0.13707733,CD56dim CD16bright NK
TAGAGCTGTTCCCGAG-1,GARQ,D5,0,40,37,14,0.04883623,CD4 memory
TAGAGCTTCATACGGT-1,GARQ,D5,0,40,37,35,0.05289519,T-NK-B cell doublets
TAGAGCTTCATTGCCC-1,GARQ,D5,0,40,37,30,0.2480278,CD56dim CD16bright NK
TAGAGCTTCCAAGCCG-1,GARQ,D5,0,40,37,35,0.006028652,Naive B
TAGAGCTTCTCTGTCG-1,GARQ,D5,0,40,37,24,0.02923441,gdT cells
TAGAGCTTCTTGAGAC-1,GARQ,D5,0,40,37,35,0.05260873,Naive B
TAGCCGGAGAACAACT-1,GARQ,D5,0,40,37,10,0.01030314,CD4 and CD8 activated memory
TAGCCGGAGCCGTCGT-1,GARQ,D5,0,40,37,30,0.05720818,CD56dim CD16bright NK
TAGCCGGAGGCTAGAC-1,GARQ,D5,0,40,37,10,0.04612446,MAIT-NKT cells
TAGCCGGGTGTTTGTG-1,GARQ,D5,0,40,37,30,0.15065932,CD56dim CD16bright NK
TAGGCATAGCGTCTAT-1,GARQ,D5,0,40,37,18,0.007860541,CD56dim CD16bright NK
TAGGCATAGTGTCCAT-1,GARQ,D5,0,40,37,25,0.3492638,Non classical monocytes
TAGGCATAGTTTCCTT-1,GARQ,D5,0,40,37,25,0.35607517,NK-monocyte doublets
TAGGCATCAGTCTTCC-1,GARQ,D5,0,40,37,14,0.16116142,CD4 naive I
TAGGCATGTCCAACTA-1,GARQ,D5,0,40,37,14,0.17593265,CD8 naive
TAGTGGTCACAACGCC-1,GARQ,D5,0,40,37,14,0.20474839,CD4 memory
TAGTGGTGTGTATGGG-1,GARQ,D5,0,40,37,0,0.041878223,CD8 effector
TAGTGGTTCCACGTTC-1,GARQ,D5,0,40,37,7,0.03940177,CD56dim CD16bright NK
TAGTGGTTCTCCCTGA-1,GARQ,D5,0,40,37,7,0.04756689,CD56dim CD16bright NK
TAGTTGGGTCGAACAG-1,GARQ,D5,0,40,37,8,0.08604741,CD4 naive I
TAGTTGGGTGCCTGTG-1,GARQ,D5,0,40,37,14,0.28074813,CD4 naive I
TATCAGGAGGCCCTCA-1,GARQ,D5,0,40,37,25,0.34368384,Classical monocytes
TATCAGGAGTTCGCAT-1,GARQ,D5,0,40,37,8,0.010509253,CD8 naive
TATCAGGGTTACAGAA-1,GARQ,D5,0,40,37,24,0.014603615,gdT cells
TATCAGGGTTATTCTC-1,GARQ,D5,0,40,37,35,0.062232375,Naive B
TATCTCAAGACATAAC-1,GARQ,D5,0,40,37,30,0.015895605,gdT cells
TATCTCAAGGCACATG-1,GARQ,D5,0,40,37,7,0.062268257,CD56dim CD16bright NK
TATGCCCAGCTAGTCT-1,GARQ,D5,0,40,37,25,0.78513384,Platelet-bound monocytes
TATGCCCAGGGTATCG-1,GARQ,D5,0,40,37,25,0.30914748,Classical monocytes
TATGCCCGTCACTTCC-1,GARQ,D5,0,40,37,35,0.03620577,Naive B
TATGCCCTCACTCTTA-1,GARQ,D5,0,40,37,25,0.30123782,Classical monocytes
TATGCCCTCATTGCCC-1,GARQ,D5,0,40,37,30,0.039229512,CD56dim CD16bright NK
TATTACCCACTACAGT-1,GARQ,D5,0,40,37,14,0.03550732,CD4 memory
TATTACCGTGGTCTCG-1,GARQ,D5,0,40,37,13,0.00012767315,MAIT-NKT cells
TATTACCGTTACCAGT-1,GARQ,D5,0,40,37,14,0.13771236,Platelet-T cell doublets
TCAACGAAGAACAACT-1,GARQ,D5,0,40,37,21,0.0077180862,gdT cells
TCAACGACAGATAATG-1,GARQ,D5,0,40,37,25,0.328691,Classical monocytes
TCAATCTCAGCCTTTC-1,GARQ,D5,0,40,37,24,0.0029746294,gdT cells
TCAATCTCATACTACG-1,GARQ,D5,0,40,37,10,0.008447349,Regulatory T cells
TCAATCTCATCGGGTC-1,GARQ,D5,0,40,37,30,0.10593259,CD56dim CD16bright NK
TCAATCTCATTCTTAC-1,GARQ,D5,0,40,37,20,0.0076327324,plasmacytoid DC
TCAATCTTCCCTGACT-1,GARQ,D5,0,40,37,10,0.010948658,T-NK-B cell doublets
TCACAAGAGGCATGGT-1,GARQ,D5,0,40,37,8,0.03544116,CD4 naive II
TCACAAGCACGTAAGG-1,GARQ,D5,0,40,37,17,0.007400155,gdT cells
TCACAAGTCGAATGGG-1,GARQ,D5,0,40,37,25,0.1359731,Platelets
TCACGAAAGAGCCCAA-1,GARQ,D5,0,40,37,7,0.038786054,CD56dim CD16bright NK
TCACGAAAGCGTTTAC-1,GARQ,D5,0,40,37,4,0.018517137,gdT cells
TCACGAAAGTCAAGGC-1,GARQ,D5,0,40,37,10,0.07962966,CD8 memory
TCACGAAAGTGGTCCC-1,GARQ,D5,0,40,37,21,0.02561295,CD4 memory
TCACGAACACAGACTT-1,GARQ,D5,0,40,37,35,0.039945364,Memory B
TCACGAATCTATGTGG-1,GARQ,D5,0,40,37,25,0.30000907,Neutrophils
TCAGATGAGTCCAGGA-1,GARQ,D5,0,40,37,14,0.5052006,CD4 naive I
TCAGATGGTCTGGAGA-1,GARQ,D5,0,40,37,19,0.19774413,CD56dim CD16bright NK
TCAGATGGTGTTGAGG-1,GARQ,D5,0,40,37,14,0.018393397,CD4 naive I
TCAGATGTCAGCTCGG-1,GARQ,D5,0,40,37,30,0.049865246,CD56bright CD16dim NK
TCAGCAAAGTGGGTTG-1,GARQ,D5,0,40,37,7,0.1338855,CD56dim CD16bright NK
TCAGCAATCTATCGCC-1,GARQ,D5,0,40,37,30,0.0984112,CD56dim CD16bright NK
TCAGCTCAGCCAGTTT-1,GARQ,D5,0,40,37,17,0.028056622,CD56dim CD16bright NK
TCAGCTCAGGTGACCA-1,GARQ,D5,0,40,37,21,0.038421035,CD4 memory
TCAGCTCCAAGAAGAG-1,GARQ,D5,0,40,37,20,0.020990252,Naive B
TCAGCTCCAATGTTGC-1,GARQ,D5,0,40,37,25,0.3853972,Platelet-bound monocytes
TCAGCTCGTCTTGCGG-1,GARQ,D5,0,40,37,31,0.022945046,gdT cells
TCAGCTCTCATCGCTC-1,GARQ,D5,0,40,37,30,0.010322809,CD56dim CD16bright NK
TCAGCTCTCCACGCAG-1,GARQ,D5,0,40,37,30,0.04711449,CD56dim CD16bright NK
TCAGCTCTCCTCAATT-1,GARQ,D5,0,40,37,30,0.043741584,gdT cells
TCAGGATAGCGTTGCC-1,GARQ,D5,0,40,37,21,0.19648933,CD8 memory
TCAGGATTCCGAGCCA-1,GARQ,D5,0,40,37,35,0.027197123,Naive B
TCAGGTAAGCCTATGT-1,GARQ,D5,0,40,37,14,0.006979227,CD4 naive I
TCAGGTACATGGTCTA-1,GARQ,D5,0,40,37,14,0.014349937,CD4 naive I
TCAGGTAGTTACGCGC-1,GARQ,D5,0,40,37,14,0.0956431,CD4 memory
TCAGGTATCGCGCCAA-1,GARQ,D5,0,40,37,8,0.0003004074,CD4 memory
TCATTACAGCTCAACT-1,GARQ,D5,0,40,37,30,0.16409469,CD56dim CD16bright NK
TCATTACGTCCCTTGT-1,GARQ,D5,0,40,37,10,0.08210671,CD4 memory
TCATTACTCTGATTCT-1,GARQ,D5,0,40,37,35,0.079036,Naive B
TCATTACTCTGGCGAC-1,GARQ,D5,0,40,37,30,0.09782851,CD56dim CD16bright NK
TCATTTGGTCTGGAGA-1,GARQ,D5,0,40,37,25,0.35144043,Classical monocytes
TCCACACAGCGTGTCC-1,GARQ,D5,0,40,37,14,0.032592773,CD4 memory
TCCACACAGGCCATAG-1,GARQ,D5,0,40,37,30,0.04572296,CD56dim CD16bright NK
TCCACACAGGCTCTTA-1,GARQ,D5,0,40,37,9,0.008332729,CD56dim CD16bright NK
TCCACACTCGACGGAA-1,GARQ,D5,0,40,37,7,0.18630838,CD56dim CD16bright NK
TCCCGATCAGTGGGAT-1,GARQ,D5,0,40,37,14,0.044844747,CD4 naive I
TCCCGATTCCGTCAAA-1,GARQ,D5,0,40,37,30,0.00091052055,CD56dim CD16bright NK
TCCCGATTCTAACGGT-1,GARQ,D5,0,40,37,25,0.3089199,Classical monocytes
TCCCGATTCTTAGCCC-1,GARQ,D5,0,40,37,25,0.38130194,Platelet-bound monocytes
TCGAGGCAGTGGGCTA-1,GARQ,D5,0,40,37,38,0.0021396875,NK-T doublets
TCGAGGCCAAAGGCGT-1,GARQ,D5,0,40,37,20,0.027622819,T-NK-B cell doublets
TCGAGGCCAGATGGGT-1,GARQ,D5,0,40,37,14,0.083984256,CD4 naive I
TCGAGGCGTCACCCAG-1,GARQ,D5,0,40,37,21,0.0925324,MAIT-NKT cells
TCGAGGCGTCTAGAGG-1,GARQ,D5,0,40,37,20,0.015451789,Naive B
TCGAGGCTCGTTTGCC-1,GARQ,D5,0,40,37,25,0.37601495,Neutrophils
TCGCGAGAGGTGCTAG-1,GARQ,D5,0,40,37,9,0.08162022,CD56dim CD16bright NK
TCGCGAGCATCCGCGA-1,GARQ,D5,0,40,37,25,0.4075353,Classical monocytes
TCGCGAGGTAAGTGGC-1,GARQ,D5,0,40,37,10,0.0009762645,CD8 naive
TCGCGAGGTCCGTCAG-1,GARQ,D5,0,40,37,35,0.10295832,T-NK-B cell doublets
TCGCGAGTCCGCGGTA-1,GARQ,D5,0,40,37,14,0.13855124,CD4 memory
TCGCGTTAGTACGTAA-1,GARQ,D5,0,40,37,14,0.111044526,CD4 naive I
TCGCGTTCAGGGAGAG-1,GARQ,D5,0,40,37,30,0.04985857,CD56dim CD16bright NK
TCGCGTTGTGCGCTTG-1,GARQ,D5,0,40,37,14,0.107360125,CD4 naive II
TCGGGACAGCGATATA-1,GARQ,D5,0,40,37,25,0.42089796,Classical monocytes
TCGGGACAGGATTCGG-1,GARQ,D5,0,40,37,25,0.31570518,Classical monocytes
TCGGGACCAAACCCAT-1,GARQ,D5,0,40,37,10,0.05209005,CD8 memory
TCGGGACGTTCGGGCT-1,GARQ,D5,0,40,37,9,0.07753658,CD56dim CD16bright NK
TCGGGACTCCCTCTTT-1,GARQ,D5,0,40,37,25,0.3708558,Non classical monocytes
TCGGGACTCTAACCGA-1,GARQ,D5,0,40,37,10,0.09393883,CD4 and CD8 activated memory
TCGGTAAGTCCGTGAC-1,GARQ,D5,0,40,37,25,0.45010138,Neutrophils
TCGGTAAGTCGTGGCT-1,GARQ,D5,0,40,37,30,0.04934573,CD56dim CD16bright NK
TCGGTAAGTCTTGTCC-1,GARQ,D5,0,40,37,30,0.053739786,CD56dim CD16bright NK
TCGGTAAGTTTGTGTG-1,GARQ,D5,0,40,37,17,0.04720509,MAIT-NKT cells
TCGGTAATCCACGAAT-1,GARQ,D5,0,40,37,25,0.57727075,Classical monocytes
TCGTACCAGCAGATCG-1,GARQ,D5,0,40,37,8,0.10121405,CD8 naive
TCGTACCAGTTCGATC-1,GARQ,D5,0,40,37,30,0.048117638,CD56dim CD16bright NK
TCGTACCGTCGCGGTT-1,GARQ,D5,0,40,37,14,0.07473302,CD4 memory
TCGTACCGTTGTCGCG-1,GARQ,D5,0,40,37,14,0.0030412674,CD4 naive I
TCGTAGACACTTACGA-1,GARQ,D5,0,40,37,21,0.21098709,CD8 effector
TCGTAGACATTTCACT-1,GARQ,D5,0,40,37,21,0.017253041,gdT cells
TCGTAGATCAGTACGT-1,GARQ,D5,0,40,37,17,0.05802858,NK-T doublets
TCTATTGAGCTAGTTC-1,GARQ,D5,0,40,37,25,0.003678918,plasmacytoid DC
TCTATTGCACTTAACG-1,GARQ,D5,0,40,37,23,0.022794962,CD8 effector
TCTATTGCAGAGTGTG-1,GARQ,D5,0,40,37,25,0.41128385,Non classical monocytes
TCTATTGTCATCGATG-1,GARQ,D5,0,40,37,10,0.10915005,CD8 memory
TCTATTGTCCCTTGTG-1,GARQ,D5,0,40,37,10,0.02620709,MAIT-NKT cells
TCTATTGTCCTATTCA-1,GARQ,D5,0,40,37,8,0.0782671,CD4 naive II
TCTATTGTCTGCGGCA-1,GARQ,D5,0,40,37,14,0.26994514,CD4 memory
TCTATTGTCTTGCCGT-1,GARQ,D5,0,40,37,30,0.19251382,CD56dim CD16bright NK
TCTCATAAGCGCCTCA-1,GARQ,D5,0,40,37,25,0.3402511,Neutrophils
TCTCATAAGGGCTCTC-1,GARQ,D5,0,40,37,25,0.81405926,Platelet-bound monocytes
TCTCATATCCCAGGTG-1,GARQ,D5,0,40,37,20,0.07538527,Memory B
TCTCATATCTTGAGAC-1,GARQ,D5,0,40,37,25,0.20676124,Non classical monocytes
TCTCTAAAGATGGGTC-1,GARQ,D5,0,40,37,30,0.17944479,CD56dim CD16bright NK
TCTCTAACACTCGACG-1,GARQ,D5,0,40,37,25,0.37873995,Non classical monocytes
TCTCTAAGTACCATCA-1,GARQ,D5,0,40,37,7,0.0011131763,CD56dim CD16bright NK
TCTCTAAGTTCCACTC-1,GARQ,D5,0,40,37,7,0.0555135,CD56dim CD16bright NK
TCTCTAAGTTTGTGTG-1,GARQ,D5,0,40,37,17,0.0035904646,NK-T doublets
TCTCTAATCGATAGAA-1,GARQ,D5,0,40,37,21,0.09142935,MAIT-NKT cells
TCTGAGAAGGTGCTTT-1,GARQ,D5,0,40,37,30,0.004993677,CD56dim CD16bright NK
TCTGAGACAGCTGGCT-1,GARQ,D5,0,40,37,25,0.3162812,NK-monocyte doublets
TCTGAGACAGGTCTCG-1,GARQ,D5,0,40,37,33,0.06175971,Non classical monocytes
TCTGAGATCCGTAGTA-1,GARQ,D5,0,40,37,25,0.75601196,Classical monocytes
TCTGGAACACGACGAA-1,GARQ,D5,0,40,37,14,0.096661985,CD4 memory
TCTGGAACACTTCGAA-1,GARQ,D5,0,40,37,21,0.033409297,CD8 effector
TCTGGAACATTGAGCT-1,GARQ,D5,0,40,37,25,0.19844246,Non classical monocytes
TCTGGAAGTGAGGCTA-1,GARQ,D5,0,40,37,17,0.015234113,CD8 effector
TCTTCGGAGACCGGAT-1,GARQ,D5,0,40,37,8,0.05370736,CD4 naive II
TCTTCGGCAGCATGAG-1,GARQ,D5,0,40,37,35,0.21563578,Naive B
TCTTCGGGTGACGCCT-1,GARQ,D5,0,40,37,14,0.038996696,CD4 naive I
TCTTCGGTCTAACTTC-1,GARQ,D5,0,40,37,25,0.43236333,Classical monocytes
TCTTTCCAGATGCCAG-1,GARQ,D5,0,40,37,30,0.23117566,CD56dim CD16bright NK
TCTTTCCTCAGGTTCA-1,GARQ,D5,0,40,37,30,0.019777298,CD56dim CD16bright NK
TCTTTCCTCGCGGATC-1,GARQ,D5,0,40,37,21,0.20098436,MAIT-NKT cells
TGACAACGTACAGTGG-1,GARQ,D5,0,40,37,21,0.027291298,CD8 naive
TGACAACGTCCGAACC-1,GARQ,D5,0,40,37,30,0.15800166,CD56dim CD16bright NK
TGACAACGTCTGGAGA-1,GARQ,D5,0,40,37,21,0.08474183,gdT cells
TGACAACTCCCATTTA-1,GARQ,D5,0,40,37,30,0.12412679,CD56dim CD16bright NK
TGACAACTCCTAGGGC-1,GARQ,D5,0,40,37,35,0.011541128,Memory B
TGACAACTCGGTGTTA-1,GARQ,D5,0,40,37,30,0.056347966,CD56dim CD16bright NK
TGACGGCCACCGCTAG-1,GARQ,D5,0,40,37,30,0.08287573,CD56dim CD16bright NK
TGACTAGAGAACAATC-1,GARQ,D5,0,40,37,25,0.028524935,Platelets
TGACTAGAGGGTATCG-1,GARQ,D5,0,40,37,8,0.015794873,CD4 naive I
TGACTAGGTCTGATTG-1,GARQ,D5,0,40,37,21,0.18065608,CD8 effector
TGACTAGGTGCGATAG-1,GARQ,D5,0,40,37,25,0.3593951,Neutrophils
TGACTTTAGAGCAATT-1,GARQ,D5,0,40,37,7,0.033037186,CD56dim CD16bright NK
TGACTTTAGCCCAATT-1,GARQ,D5,0,40,37,20,0.013433695,Naive B
TGACTTTAGTCCATAC-1,GARQ,D5,0,40,37,18,0.011495233,NK-T doublets
TGACTTTAGTGGACGT-1,GARQ,D5,0,40,37,8,0.021953821,CD8 naive
TGACTTTCAATCCAAC-1,GARQ,D5,0,40,37,28,0.056612372,CD8 effector
TGACTTTCATATGGTC-1,GARQ,D5,0,40,37,14,0.07382846,CD4 memory
TGACTTTGTGCCTTGG-1,GARQ,D5,0,40,37,30,0.010279298,CD56dim CD16bright NK
TGACTTTGTTAAAGTG-1,GARQ,D5,0,40,37,30,0.033352852,CD56dim CD16bright NK
TGACTTTTCAATACCG-1,GARQ,D5,0,40,37,30,0.06461549,CD56dim CD16bright NK
TGACTTTTCTGGGCCA-1,GARQ,D5,0,40,37,25,0.22818965,Non classical monocytes
TGAGAGGAGTGTGGCA-1,GARQ,D5,0,40,37,20,0.024348378,Naive B
TGAGAGGGTGCAACTT-1,GARQ,D5,0,40,37,25,0.30303633,Classical monocytes
TGAGAGGGTTACGACT-1,GARQ,D5,0,40,37,33,0.078449726,Non classical monocytes
TGAGAGGTCTTATCTG-1,GARQ,D5,0,40,37,3,0.013889194,CD56dim CD16bright NK
TGAGCATGTTTAGCTG-1,GARQ,D5,0,40,37,25,0.25740868,Non classical monocytes
TGAGCCGAGCTGATAA-1,GARQ,D5,0,40,37,20,0.04944873,Naive B
TGAGCCGCAGATGAGC-1,GARQ,D5,0,40,37,25,0.33127564,Neutrophils
TGAGCCGTCGCCTGAG-1,GARQ,D5,0,40,37,3,0.0068912506,NK-T doublets
TGAGCCGTCTTCATGT-1,GARQ,D5,0,40,37,20,0.03041792,Naive B
TGAGGGAAGATGTCGG-1,GARQ,D5,0,40,37,36,0.24179292,Erythroid 
TGAGGGAAGGCATGTG-1,GARQ,D5,0,40,37,14,0.028516531,CD4 naive I
TGAGGGACACCATGTA-1,GARQ,D5,0,40,37,3,0.07223976,CD8 effector
TGAGGGAGTCAGAATA-1,GARQ,D5,0,40,37,25,0.3001281,Non classical monocytes
TGAGGGAGTTCGTGAT-1,GARQ,D5,0,40,37,25,0.40721357,Neutrophils
TGAGGGATCACCCGAG-1,GARQ,D5,0,40,37,25,0.28340626,Neutrophils
TGAGGGATCGGGAGTA-1,GARQ,D5,0,40,37,9,0.0052865744,CD56dim CD16bright NK
TGATTTCAGGCTCAGA-1,GARQ,D5,0,40,37,14,0.13296032,CD4 naive I
TGATTTCCAATCTACG-1,GARQ,D5,0,40,37,4,0.0044972897,CD4 naive I
TGATTTCCAGTAACGG-1,GARQ,D5,0,40,37,25,0.30607486,Classical monocytes
TGATTTCGTTATTCTC-1,GARQ,D5,0,40,37,18,0.0079135895,CD8 memory
TGATTTCGTTTGTGTG-1,GARQ,D5,0,40,37,14,0.18204689,CD4 memory
TGCACCTAGACTAGAT-1,GARQ,D5,0,40,37,30,0.15125453,CD56dim CD16bright NK
TGCACCTAGCCTTGAT-1,GARQ,D5,0,40,37,25,0.4533509,Classical monocytes
TGCACCTAGTCTCCTC-1,GARQ,D5,0,40,37,23,0.00034987926,CD8 effector
TGCACCTTCATTGCGA-1,GARQ,D5,0,40,37,8,0.08852005,CD8 memory
TGCACCTTCGAGAGCA-1,GARQ,D5,0,40,37,14,0.1641134,CD8 naive
TGCCAAAAGCGATCCC-1,GARQ,D5,0,40,37,21,0.09707427,CD8 memory
TGCCAAAGTTCTGAAC-1,GARQ,D5,0,40,37,30,0.06720078,CD56dim CD16bright NK
TGCCAAATCTACTCAT-1,GARQ,D5,0,40,37,33,0.029689908,Non classical monocytes
TGCCCATAGCCACTAT-1,GARQ,D5,0,40,37,7,0.13715005,CD56dim CD16bright NK
TGCCCATCAATTGCTG-1,GARQ,D5,0,40,37,18,0.051766157,MAIT-NKT cells
TGCCCATGTGCTCTTC-1,GARQ,D5,0,40,37,7,0.06340027,CD56dim CD16bright NK
TGCCCATGTTCCCGAG-1,GARQ,D5,0,40,37,23,0.081578135,CD56dim CD16bright NK
TGCCCATTCCTATGTT-1,GARQ,D5,0,40,37,3,0.017974854,CD8 memory
TGCCCATTCGTATCAG-1,GARQ,D5,0,40,37,14,0.2024095,CD4 memory
TGCCCTAAGCGATCCC-1,GARQ,D5,0,40,37,7,0.06845105,CD56dim CD16bright NK
TGCCCTACAAACAACA-1,GARQ,D5,0,40,37,30,0.1301645,CD56dim CD16bright NK
TGCCCTACAAACCTAC-1,GARQ,D5,0,40,37,37,0.0133816,CD8 memory
TGCCCTACATTGGCGC-1,GARQ,D5,0,40,37,10,0.14048624,CD8 memory
TGCCCTATCTAACGGT-1,GARQ,D5,0,40,37,21,0.026212811,MAIT-NKT cells
TGCGCAGAGAGTCGGT-1,GARQ,D5,0,40,37,25,0.119233966,Non classical monocytes
TGCGCAGTCTCGTTTA-1,GARQ,D5,0,40,37,25,0.5282293,T-NK-B cell doublets
TGCGGGTCAAGAGGCT-1,GARQ,D5,0,40,37,25,0.23350406,Non classical monocytes
TGCGGGTCATATGAGA-1,GARQ,D5,0,40,37,30,0.12619543,CD56dim CD16bright NK
TGCGTGGAGATTACCC-1,GARQ,D5,0,40,37,25,0.47711778,Neutrophils
TGCGTGGAGGGTCGAT-1,GARQ,D5,0,40,37,25,0.29658937,Neutrophils
TGCGTGGCACCAGCAC-1,GARQ,D5,0,40,37,7,0.09944725,CD56dim CD16bright NK
TGCGTGGCAGTCAGCC-1,GARQ,D5,0,40,37,10,0.023414016,gdT cells
TGCGTGGTCTCGCTTG-1,GARQ,D5,0,40,37,25,0.47422147,Classical monocytes
TGCTACCCAGCTGTTA-1,GARQ,D5,0,40,37,25,0.3514762,Classical monocytes
TGCTACCGTGAAGGCT-1,GARQ,D5,0,40,37,14,0.051650524,CD4 memory
TGCTACCTCGTACCGG-1,GARQ,D5,0,40,37,21,0.17394912,CD8 memory
TGCTGCTGTACTCGCG-1,GARQ,D5,0,40,37,25,0.46968615,Classical monocytes
TGCTGCTGTTCCATGA-1,GARQ,D5,0,40,37,30,0.058283806,CD56dim CD16bright NK
TGCTGCTGTTCGTGAT-1,GARQ,D5,0,40,37,25,0.34174883,Neutrophils
TGCTGCTTCAAGCCTA-1,GARQ,D5,0,40,37,20,0.01134479,Memory B
TGCTGCTTCTCGGACG-1,GARQ,D5,0,40,37,3,0.06400275,MAIT-NKT cells
TGGACGCCAACTTGAC-1,GARQ,D5,0,40,37,14,0.00015807152,CD8 naive
TGGACGCGTGCAGTAG-1,GARQ,D5,0,40,37,9,0.029319286,CD56dim CD16bright NK
TGGACGCTCGCGATCG-1,GARQ,D5,0,40,37,14,0.16216826,CD4 naive I
TGGCCAGAGACACGAC-1,GARQ,D5,0,40,37,30,0.13148403,CD56dim CD16bright NK
TGGCCAGAGGACAGCT-1,GARQ,D5,0,40,37,14,0.14775145,CD4 naive II
TGGCCAGCAGTATCTG-1,GARQ,D5,0,40,37,8,0.039096355,CD4 naive I
TGGCCAGTCAGTACGT-1,GARQ,D5,0,40,37,7,0.0979538,CD56dim CD16bright NK
TGGCCAGTCTGCCCTA-1,GARQ,D5,0,40,37,21,0.36021733,MAIT-NKT cells
TGGCGCAAGGTGCTTT-1,GARQ,D5,0,40,37,7,0.0068895817,CD56dim CD16bright NK
TGGCGCAAGTGGCACA-1,GARQ,D5,0,40,37,25,0.6173501,Classical monocytes
TGGCGCAGTCTAGAGG-1,GARQ,D5,0,40,37,30,0.10487127,CD56dim CD16bright NK
TGGCGCATCTCCGGTT-1,GARQ,D5,0,40,37,21,0.044296265,NK-T doublets
TGGCTGGGTCACAAGG-1,GARQ,D5,0,40,37,25,0.33483195,Non classical monocytes
TGGCTGGGTGGTACAG-1,GARQ,D5,0,40,37,14,0.099651575,CD8 naive
TGGCTGGTCTACTTAC-1,GARQ,D5,0,40,37,30,0.022708535,CD56dim CD16bright NK
TGGGAAGAGGATATAC-1,GARQ,D5,0,40,37,30,0.1451652,CD56dim CD16bright NK
TGGGAAGAGGCCCTTG-1,GARQ,D5,0,40,37,7,0.019964457,gdT cells
TGGGAAGTCAGCGACC-1,GARQ,D5,0,40,37,7,0.0015239716,CD56dim CD16bright NK
TGGGAAGTCCTCAATT-1,GARQ,D5,0,40,37,30,0.055565,CD56dim CD16bright NK
TGGGAAGTCTACCAGA-1,GARQ,D5,0,40,37,30,0.0735544,CD56dim CD16bright NK
TGGGCGTAGGCATTGG-1,GARQ,D5,0,40,37,21,0.12015271,MAIT-NKT cells
TGGGCGTAGGTCATCT-1,GARQ,D5,0,40,37,8,0.02351904,CD8 naive
TGGGCGTGTCGTGGCT-1,GARQ,D5,0,40,37,30,0.09237528,CD56dim CD16bright NK
TGGGCGTGTCTGGTCG-1,GARQ,D5,0,40,37,10,0.08818221,CD8 memory
TGGGCGTTCAACTCTT-1,GARQ,D5,0,40,37,14,0.013102293,CD4 memory
TGGTTAGAGTAACCCT-1,GARQ,D5,0,40,37,30,0.14029026,CD56dim CD16bright NK
TGGTTAGCAATCGAAA-1,GARQ,D5,0,40,37,8,0.059061766,CD4 naive I
TGGTTAGCACGTCAGC-1,GARQ,D5,0,40,37,14,0.057803273,CD4 memory
TGGTTAGCAGACAAGC-1,GARQ,D5,0,40,37,25,0.42927265,Classical monocytes
TGGTTAGTCTCGCTTG-1,GARQ,D5,0,40,37,9,0.06922519,CD56bright CD16dim NK
TGGTTCCCAAACAACA-1,GARQ,D5,0,40,37,8,0.060508966,CD4 naive I
TGGTTCCCACTGCCAG-1,GARQ,D5,0,40,37,7,0.07348108,CD56dim CD16bright NK
TGGTTCCCAGTTTACG-1,GARQ,D5,0,40,37,14,0.13482404,CD4 naive I
TGGTTCCGTACATGTC-1,GARQ,D5,0,40,37,25,0.15979582,Non classical monocytes
TGTATTCAGCGGATCA-1,GARQ,D5,0,40,37,21,0.12789571,CD8 effector
TGTATTCCACACCGAC-1,GARQ,D5,0,40,37,9,0.0048880577,CD8 effector
TGTATTCCACGGTTTA-1,GARQ,D5,0,40,37,25,0.30325258,Neutrophils
TGTATTCGTGGTCCGT-1,GARQ,D5,0,40,37,14,0.129511,CD4 naive I
TGTCCCAAGCTGTTCA-1,GARQ,D5,0,40,37,25,0.3590703,Neutrophils
TGTCCCAAGGCGACAT-1,GARQ,D5,0,40,37,13,0.011576414,CD4 memory
TGTCCCATCGACAGCC-1,GARQ,D5,0,40,37,38,0.01819706,CD8 memory
TGTGGTAAGTATTGGA-1,GARQ,D5,0,40,37,25,0.5593207,Classical monocytes
TGTGGTAGTCTAAACC-1,GARQ,D5,0,40,37,25,0.29819602,Classical monocytes
TGTGGTAGTCTAGCCG-1,GARQ,D5,0,40,37,30,0.014742732,CD56dim CD16bright NK
TGTGGTAGTGCCTGGT-1,GARQ,D5,0,40,37,35,0.047412515,T-NK-B cell doublets
TGTGGTAGTTTAAGCC-1,GARQ,D5,0,40,37,10,0.007910013,CD4 memory
TGTGTTTGTCTCTCGT-1,GARQ,D5,0,40,37,14,0.11466348,CD4 memory
TGTGTTTTCGACAGCC-1,GARQ,D5,0,40,37,25,0.40365934,Neutrophils
TGTGTTTTCGTACCGG-1,GARQ,D5,0,40,37,30,0.10693693,CD56dim CD16bright NK
TGTTCCGAGCCCAACC-1,GARQ,D5,0,40,37,25,0.5780877,Neutrophils
TGTTCCGAGGCATGGT-1,GARQ,D5,0,40,37,25,0.40180552,NK-monocyte doublets
TGTTCCGCAACACGCC-1,GARQ,D5,0,40,37,8,0.032655478,CD4 naive I
TGTTCCGGTAAGGGCT-1,GARQ,D5,0,40,37,30,0.057803154,CD56dim CD16bright NK
TGTTCCGTCTTAACCT-1,GARQ,D5,0,40,37,30,0.08264637,CD56dim CD16bright NK
TTAACTCAGACAGGCT-1,GARQ,D5,0,40,37,4,0.023001432,CD4 naive I
TTAACTCAGGTGTGGT-1,GARQ,D5,0,40,37,20,0.021074057,Memory B
TTAACTCCACTAAGTC-1,GARQ,D5,0,40,37,14,0.16170955,CD4 memory
TTAACTCGTTTGTGTG-1,GARQ,D5,0,40,37,14,0.09207034,CD4 memory
TTAGGACGTTTAAGCC-1,GARQ,D5,0,40,37,35,0.02715981,Naive B
TTAGGACTCAGGCCCA-1,GARQ,D5,0,40,37,14,0.12847757,CD4 memory
TTAGGCATCAGGTTCA-1,GARQ,D5,0,40,37,37,0.06903076,NK-T doublets
TTAGGCATCCTTCAAT-1,GARQ,D5,0,40,37,25,0.37490058,Classical monocytes
TTAGGCATCTCGATGA-1,GARQ,D5,0,40,37,8,0.022370815,Regulatory T cells
TTAGTTCCAACTGCTA-1,GARQ,D5,0,40,37,25,0.32096696,Classical monocytes
TTAGTTCGTAATTGGA-1,GARQ,D5,0,40,37,11,0.025268734,conventional DC
TTAGTTCGTGTTTGGT-1,GARQ,D5,0,40,37,30,0.010860205,CD56dim CD16bright NK
TTATGCTAGCGTGAAC-1,GARQ,D5,0,40,37,30,0.05133772,CD56dim CD16bright NK
TTATGCTAGCTTCGCG-1,GARQ,D5,0,40,37,10,0.012987971,CD4 memory
TTATGCTCACAACGCC-1,GARQ,D5,0,40,37,35,0.0923686,Naive B
TTATGCTCAGCATGAG-1,GARQ,D5,0,40,37,30,0.072930574,CD56dim CD16bright NK
TTATGCTGTGTAATGA-1,GARQ,D5,0,40,37,21,0.042389095,MAIT-NKT cells
TTATGCTTCAACTCTT-1,GARQ,D5,0,40,37,11,0.024357796,CD56dim CD16bright NK
TTCCCAGAGCGCTCCA-1,GARQ,D5,0,40,37,25,0.08684242,Platelets
TTCCCAGCATTGGGCC-1,GARQ,D5,0,40,37,35,0.057255983,T-NK-B cell doublets
TTCCCAGGTTGTTTGG-1,GARQ,D5,0,40,37,25,0.3000995,Neutrophils
TTCCCAGTCATGTCTT-1,GARQ,D5,0,40,37,14,0.14932501,CD4 memory
TTCGAAGAGCAGCCTC-1,GARQ,D5,0,40,37,14,0.27130437,CD4 memory
TTCGAAGAGTAACCCT-1,GARQ,D5,0,40,37,18,0.0051053762,CD8 effector
TTCGAAGGTGCGGTAA-1,GARQ,D5,0,40,37,8,0.011463165,CD8 naive
TTCGAAGTCATGCATG-1,GARQ,D5,0,40,37,8,0.047213316,CD8 naive
TTCGAAGTCATGCTCC-1,GARQ,D5,0,40,37,30,0.025938272,CD56dim CD16bright NK
TTCGAAGTCCAGGGCT-1,GARQ,D5,0,40,37,35,0.10311693,Naive B
TTCGAAGTCGTCGTTC-1,GARQ,D5,0,40,37,17,0.15625346,NK-T doublets
TTCGGTCCAGTAACGG-1,GARQ,D5,0,40,37,30,0.13232744,CD56dim CD16bright NK
TTCGGTCGTACTTCTT-1,GARQ,D5,0,40,37,14,0.06525588,CD4 memory
TTCGGTCGTGAGCGAT-1,GARQ,D5,0,40,37,0,0.0012421608,CD8 effector
TTCGGTCGTTACTGAC-1,GARQ,D5,0,40,37,30,0.021727681,CD56bright CD16dim NK
TTCGGTCTCAGCTCTC-1,GARQ,D5,0,40,37,30,0.13383281,CD56dim CD16bright NK
TTCGGTCTCGTGTAGT-1,GARQ,D5,0,40,37,30,0.03990221,CD56dim CD16bright NK
TTCTACAAGGTGGGTT-1,GARQ,D5,0,40,37,25,0.41247737,Classical monocytes
TTCTACACACGGTAAG-1,GARQ,D5,0,40,37,9,0.02758634,NK-T doublets
TTCTACAGTCCAGTTA-1,GARQ,D5,0,40,37,30,0.09720945,CD56dim CD16bright NK
TTCTACAGTTCGCGAC-1,GARQ,D5,0,40,37,21,0.05449164,CD8 effector
TTCTACATCCTGTACC-1,GARQ,D5,0,40,37,35,0.103176594,Naive B
TTCTACATCCTTGCCA-1,GARQ,D5,0,40,37,25,0.3186232,Classical monocytes
TTCTCAAAGCGGCTTC-1,GARQ,D5,0,40,37,30,0.0120072365,CD56dim CD16bright NK
TTCTCAAAGGTGACCA-1,GARQ,D5,0,40,37,25,0.31649256,Platelet-bound monocytes
TTCTCAAAGTCACGCC-1,GARQ,D5,0,40,37,25,0.13184929,Non classical monocytes
TTCTCAACACAGGAGT-1,GARQ,D5,0,40,37,14,0.1630162,CD4 memory
TTCTCAACACTGCCAG-1,GARQ,D5,0,40,37,8,0.0066251755,CD4 naive I
TTCTCAACATGGTTGT-1,GARQ,D5,0,40,37,33,0.016539454,Non classical monocytes
TTCTCCTAGAGTACAT-1,GARQ,D5,0,40,37,30,0.09620619,CD56dim CD16bright NK
TTCTCCTCAAGCCCAC-1,GARQ,D5,0,40,37,10,0.12261844,CD4 memory
TTCTCCTCACTAAGTC-1,GARQ,D5,0,40,37,25,0.24292427,Non classical monocytes
TTCTCCTCAGCCACCA-1,GARQ,D5,0,40,37,30,0.06569636,CD56dim CD16bright NK
TTCTCCTTCCTTGGTC-1,GARQ,D5,0,40,37,14,0.12174082,CD4 memory
TTCTTAGCACCGGAAA-1,GARQ,D5,0,40,37,30,0.009654522,CD56dim CD16bright NK
TTCTTAGCAGGGTTAG-1,GARQ,D5,0,40,37,25,0.37604427,Classical monocytes
TTCTTAGGTAGAGTGC-1,GARQ,D5,0,40,37,30,0.12692606,CD56dim CD16bright NK
TTCTTAGTCGCATGAT-1,GARQ,D5,0,40,37,21,0.106128335,MAIT-NKT cells
TTGAACGTCCTTTCTC-1,GARQ,D5,0,40,37,14,0.070127964,CD4 naive I
TTGAACGTCTACTTAC-1,GARQ,D5,0,40,37,7,0.061392665,CD56dim CD16bright NK
TTGACTTAGCACCGTC-1,GARQ,D5,0,40,37,25,0.27882612,Classical monocytes
TTGACTTCACAGACAG-1,GARQ,D5,0,40,37,25,0.37787187,Classical monocytes
TTGACTTGTACGCTGC-1,GARQ,D5,0,40,37,35,0.0110013485,Naive B
TTGACTTTCCCATTAT-1,GARQ,D5,0,40,37,25,0.48491716,Classical monocytes
TTGCCGTCATATACCG-1,GARQ,D5,0,40,37,14,0.0021994114,CD4 naive I
TTGCCGTGTGTCCTCT-1,GARQ,D5,0,40,37,21,0.06076026,gdT cells
TTGCCGTTCTGTCAAG-1,GARQ,D5,0,40,37,8,0.034256935,CD4 memory
TTGCGTCAGCCGGTAA-1,GARQ,D5,0,40,37,25,0.25577986,NK-monocyte doublets
TTGCGTCCAGCTCGAC-1,GARQ,D5,0,40,37,25,0.51603615,NK-monocyte doublets
TTGCGTCCATCCAACA-1,GARQ,D5,0,40,37,7,0.02675891,CD56dim CD16bright NK
TTGCGTCGTTGCGTTA-1,GARQ,D5,0,40,37,30,0.006557226,CD56dim CD16bright NK
TTGGAACTCGGCGCTA-1,GARQ,D5,0,40,37,20,0.04310417,Naive B
TTGGAACTCTTGTCAT-1,GARQ,D5,0,40,37,14,0.09457183,CD4 naive I
TTGGCAATCGCAAACT-1,GARQ,D5,0,40,37,30,0.001229763,CD8 effector
TTGGCAATCTGATTCT-1,GARQ,D5,0,40,37,23,0.00905776,CD8 effector
TTGTAGGAGGACCACA-1,GARQ,D5,0,40,37,35,0.024274826,Naive B
TTGTAGGAGTTCGCAT-1,GARQ,D5,0,40,37,30,0.105298996,CD56dim CD16bright NK
TTTACTGAGTCTCAAC-1,GARQ,D5,0,40,37,34,0.0667814,gdT cells
TTTACTGAGTGGAGAA-1,GARQ,D5,0,40,37,35,0.062269688,Naive B
TTTACTGCACCAGGCT-1,GARQ,D5,0,40,37,25,0.32113016,Neutrophils
TTTACTGCAGTCCTTC-1,GARQ,D5,0,40,37,14,0.09757948,CD4 memory
TTTACTGTCAGATAAG-1,GARQ,D5,0,40,37,21,0.12436736,gdT cells
TTTACTGTCTGCAGTA-1,GARQ,D5,0,40,37,8,0.010598898,CD4 naive I
TTTATGCGTATGAATG-1,GARQ,D5,0,40,37,21,0.014858127,CD8 memory
TTTATGCGTTAAGAAC-1,GARQ,D5,0,40,37,10,0.0151052475,NK-T doublets
TTTCCTCCACAGCCCA-1,GARQ,D5,0,40,37,19,0.073045254,CD56dim CD16bright NK
TTTCCTCGTACTCTCC-1,GARQ,D5,0,40,37,30,0.19972181,CD56dim CD16bright NK
TTTCCTCGTGCAACGA-1,GARQ,D5,0,40,37,14,0.1283896,CD4 naive II
TTTGCGCAGATAGCAT-1,GARQ,D5,0,40,37,25,0.2974683,Neutrophils
TTTGCGCGTCCAACTA-1,GARQ,D5,0,40,37,25,0.3066839,NK-monocyte doublets
TTTGGTTAGACAGGCT-1,GARQ,D5,0,40,37,14,0.05940938,CD4 memory
TTTGGTTAGCAATCTC-1,GARQ,D5,0,40,37,14,0.12233955,CD4 naive II
TTTGGTTAGCTGCGAA-1,GARQ,D5,0,40,37,31,0.029020071,CD8 effector
TTTGGTTTCATCGATG-1,GARQ,D5,0,40,37,25,0.09722358,Platelets
TTTGGTTTCTATCCTA-1,GARQ,D5,0,40,37,14,0.14561784,CD4 naive II
TTTGTCAGTCCTGCTT-1,GARQ,D5,0,40,37,25,0.95519733,Classical monocytes
TTTGTCATCTATGTGG-1,GARQ,D5,0,40,37,25,0.23649049,Classical monocytes
TTTGTCATCTCTAGGA-1,GARQ,D5,0,40,37,25,0.35174078,Neutrophils
