cell_id,method,dataset,seed,requested_K,realized_K,metacell_id,delta_confidence,cell_type
GGATATTGTTTGTGGA-6,GARQ,D18,0,40,40,13,0.051359117,Mono.CD14
TCCTCAATCCGGCTAA-6,GARQ,D18,0,40,40,37,0.06695986,B.Naive
CAATCCTGTGATTACG-6,GARQ,D18,0,40,40,13,0.014834881,Mono.CD14
GCCACACAGCATGTTA-6,GARQ,D18,0,40,40,4,0.06435144,Mono.CD14
TATGAAGCACAAACTT-6,GARQ,D18,0,40,40,13,0.04693055,Mono.CD14
AATTGGACAGTAGCCT-6,GARQ,D18,0,40,40,29,0.030810773,T.CD8.Effector
TTAAGGTGTTAAGCGC-6,GARQ,D18,0,40,40,29,0.0057833195,T.CD4.Memory
GGAAGCTAGCTGGCTA-6,GARQ,D18,0,40,40,26,0.12834615,NK
GGGTATTTCCTCAGCT-6,GARQ,D18,0,40,40,29,0.1607846,T.CD4.Memory
GGTCAGGAGTTTGGTA-6,GARQ,D18,0,40,40,15,0.03051567,B.Naive
ACGACTTAGATGGAGC-6,GARQ,D18,0,40,40,15,0.051355362,B.Naive
GTACTGGTCATCCTCA-6,GARQ,D18,0,40,40,13,0.020551205,Mono.CD14
CGAGGTGAGGCTTAAC-6,GARQ,D18,0,40,40,37,0.0909915,B.Activated
TGCCATTGTTCACCCA-6,GARQ,D18,0,40,40,13,0.058451414,Mono.CD14
GTAAGCAAGCGGTTAT-6,GARQ,D18,0,40,40,15,0.030174375,B.Naive
CCTGTAACATGTTTGG-6,GARQ,D18,0,40,40,29,0.07038933,T.CD4.Memory
CGTTATCGTACAAAGA-6,GARQ,D18,0,40,40,11,0.020579338,T.CD8.Effector
ATTTGCAAGGAGCAAC-6,GARQ,D18,0,40,40,37,0.16413689,B.Naive
GCAGGAAGTAATCCCT-6,GARQ,D18,0,40,40,29,0.13390553,T.CD4.Memory
TCAAGCTAGGTTACAC-6,GARQ,D18,0,40,40,37,0.015589476,B.Naive
ATCCGTGAGCCTCTCG-6,GARQ,D18,0,40,40,37,0.02229464,B.Naive
ATTAGCGGTATTGGAT-6,GARQ,D18,0,40,40,4,0.04166913,Mono.CD14
GACTATTCAAACATAG-6,GARQ,D18,0,40,40,4,0.051073194,Mono.CD14
GGTATTGGTTACCTGT-6,GARQ,D18,0,40,40,4,0.03412068,Mono.CD14
GCTCCTTAGCCTGACA-6,GARQ,D18,0,40,40,23,0.025050163,T.CD8.Effector
CCTGAGTCATTAAGCT-6,GARQ,D18,0,40,40,13,0.04461813,Mono.CD14
TTCCCACAGAGAAGGG-6,GARQ,D18,0,40,40,37,0.12696862,B.Naive
ACTTGCACACAACCTA-6,GARQ,D18,0,40,40,4,0.062458396,Mono.CD14
CTTGACGAGTCAGTAC-6,GARQ,D18,0,40,40,4,0.018990159,Mono.CD14
CCTAATAAGCACGTTG-6,GARQ,D18,0,40,40,4,0.060752273,Mono.CD14
CCGCTAGCATAAACCT-6,GARQ,D18,0,40,40,4,0.0436697,Mono.CD14
GGGATTAAGGGCTTTG-6,GARQ,D18,0,40,40,13,0.016113639,Mono.CD14
ATTGCAGGTCCGCTGT-6,GARQ,D18,0,40,40,37,0.010871649,B.Naive
TGGCTTTGTTGGCGTG-6,GARQ,D18,0,40,40,29,0.09251094,T.CD4.Memory
GACTAATGTCGAAGTC-6,GARQ,D18,0,40,40,27,0.03056705,T.CD4.Naive
ATTGACTCATAGACCC-6,GARQ,D18,0,40,40,21,0.002441883,T.CD8.Effector
GTTTATCTCATGGTGT-6,GARQ,D18,0,40,40,13,0.081640005,Mono.CD14
TCAGTAATCTGCAAAC-6,GARQ,D18,0,40,40,3,0.017449737,T.CD4.Memory
CGTGACATCACCAATA-6,GARQ,D18,0,40,40,4,0.008688688,Mono.CD14
GTCCTAGAGGCCTGGT-6,GARQ,D18,0,40,40,15,0.12602139,B.Naive
GACACCGGTCATTGTC-6,GARQ,D18,0,40,40,37,0.072220445,B.Naive
GTCCTCCCAAACTAAG-6,GARQ,D18,0,40,40,37,0.12113583,B.Naive
TCTCAATTCATCACTT-6,GARQ,D18,0,40,40,37,0.02081883,B.Naive
CACGCAATCATCACTT-6,GARQ,D18,0,40,40,29,0.100544274,T.CD8.Effector
CATTCCTCACCCACAG-6,GARQ,D18,0,40,40,7,0.022129238,T.CD8.Effector
AGTCAATGTTGGCGTG-6,GARQ,D18,0,40,40,4,0.0035387278,Mono.CD14
GGATATTGTGTTGCAA-6,GARQ,D18,0,40,40,37,0.07521224,B.Naive
AATGAAGGTGCGCAAT-6,GARQ,D18,0,40,40,4,0.05482447,Mono.CD14
GATAATCGTTACAAAC-6,GARQ,D18,0,40,40,31,0.07551789,T.CD4.Naive
CACAATATCTAAGTCA-6,GARQ,D18,0,40,40,4,0.064757705,Mono.CD14
GATTAGTGTTATCGAG-6,GARQ,D18,0,40,40,37,0.09759021,B.Naive
ATGAATGCAGAATGAC-6,GARQ,D18,0,40,40,4,0.046112776,Mono.CD14
CAATGACTCTGCAAAC-6,GARQ,D18,0,40,40,4,0.04320717,Mono.CD14
TGGCGGTTCGGTCAAT-6,GARQ,D18,0,40,40,13,0.014722943,Mono.CD14
GAGGCAAGTAGGTTGC-6,GARQ,D18,0,40,40,4,0.016885638,Mono.CD14
GGCATTGTCGAAGTAG-6,GARQ,D18,0,40,40,4,0.011576176,T.CD4.Memory
GTTTAACCACCTATAG-6,GARQ,D18,0,40,40,4,0.030087113,Mono.CD14
CAGAATCTCACGCATG-6,GARQ,D18,0,40,40,24,0.006578684,T.CD4.Naive
AACAGGATCGAGCTAT-6,GARQ,D18,0,40,40,37,0.034059048,B.Naive
AATCATCCAGTTTACG-6,GARQ,D18,0,40,40,37,0.03083539,B.Naive
CAGGTTTAGGACTTAC-6,GARQ,D18,0,40,40,13,0.07757795,Mono.CD14
GGACCTCAGTTAGGCT-6,GARQ,D18,0,40,40,4,0.034199476,Mono.CD14
ATCAGGTTCAACCAAC-6,GARQ,D18,0,40,40,37,0.06512725,B.Naive
TGCTCACTCCAGCACA-6,GARQ,D18,0,40,40,13,0.028385282,Mono.CD14
TATAACCCACCTCACC-6,GARQ,D18,0,40,40,37,0.039617896,B.Naive
ACTAACCAGCTGGACC-6,GARQ,D18,0,40,40,37,0.04510963,B.Naive
AGCAAATAGGAGGCAT-6,GARQ,D18,0,40,40,37,0.095389366,B.Naive
TAGGCTAGTTAACACG-6,GARQ,D18,0,40,40,9,0.035674453,T.CD4.Memory
AAATGGCCACCCTCAC-6,GARQ,D18,0,40,40,13,0.06438756,Mono.CD14
AGAGGATGTTGGATAT-6,GARQ,D18,0,40,40,1,0.05352342,T.CD4.Naive
CACCTCAGTGTTGCAA-6,GARQ,D18,0,40,40,13,0.0052776337,Mono.CD14
CAGCTATAGGAAGCTA-6,GARQ,D18,0,40,40,4,0.042060494,Mono.CD14
GCGCGATTCCATAATG-6,GARQ,D18,0,40,40,4,0.0017416477,Mono.CD14
ATTCCTCCAGCAAGGC-6,GARQ,D18,0,40,40,33,0.014149427,T.CD4.Naive
CTAACCCTCCACCCTG-6,GARQ,D18,0,40,40,13,0.035535455,Mono.CD14
AGGCTAAAGGTCGAGG-6,GARQ,D18,0,40,40,29,0.07970977,T.CD4.Memory
GCCAATTAGCTAAGTC-6,GARQ,D18,0,40,40,13,0.04035759,Mono.CD14
ACGTTACAGTAGAGGC-6,GARQ,D18,0,40,40,4,0.02708745,Mono.CD14
AGTAACCTCAATCTCT-6,GARQ,D18,0,40,40,15,0.041204095,B.Naive
ACTCCTCAGCCTCTCG-6,GARQ,D18,0,40,40,37,0.046996832,B.Naive
CCTGGTAAGGGACTAA-6,GARQ,D18,0,40,40,4,0.15359235,Mono.CD14
AAACGCGCAATTTAGC-6,GARQ,D18,0,40,40,4,0.03263271,Mono.CD14
AGAGAGGAGCTGGACC-6,GARQ,D18,0,40,40,15,0.11797148,B.Naive
CAACCCGCACCTATAG-6,GARQ,D18,0,40,40,37,0.073670745,B.Naive
GCCTTAACAAGGTAAC-6,GARQ,D18,0,40,40,37,0.182585,B.Naive
AGAGGATGTGGGTACT-6,GARQ,D18,0,40,40,11,0.02284652,T.CD8.Effector
AGGCAGGTCGAGGAAC-6,GARQ,D18,0,40,40,37,0.08979607,B.Naive
CTACAACAGATAACCC-6,GARQ,D18,0,40,40,4,0.005885482,Mono.CD14
TGATCAATCGTTTCCA-6,GARQ,D18,0,40,40,33,0.11532259,T.CD4.Naive
GGACGGATCACCGGTA-6,GARQ,D18,0,40,40,4,0.124934435,Mono.CD14
CGCCTGTGTTTACTTG-6,GARQ,D18,0,40,40,4,0.045984745,Mono.CD14
CGGATTAGTTGTTCAC-6,GARQ,D18,0,40,40,29,0.12443519,T.CD8.Effector
CTTTGGGAGTAACCCG-6,GARQ,D18,0,40,40,29,0.10653889,T.CD4.Memory
CGAATATGTAACAGGG-6,GARQ,D18,0,40,40,13,0.025304079,Mono.CD14
AAGCCTGTCGCTAAGT-6,GARQ,D18,0,40,40,4,0.087836504,Mono.CD14
ACTAATCCATAATGTC-6,GARQ,D18,0,40,40,4,0.03944564,Mono.CD14
TTAATCGAGTACCGCA-6,GARQ,D18,0,40,40,4,0.016562343,Mono.CD14
TTCACTGTCATCCTGC-6,GARQ,D18,0,40,40,37,0.089197874,B.Naive
CGCTTGCGTCATGAGC-6,GARQ,D18,0,40,40,15,6.9499016e-05,B.Naive
GAAACTGAGTGAGCAA-6,GARQ,D18,0,40,40,4,0.019044757,Mono.CD14
GAGGTACAGCCATCAG-6,GARQ,D18,0,40,40,33,0.016376078,T.CD8.Effector
TGCACCTTCTAATCAG-6,GARQ,D18,0,40,40,15,0.0058004856,B.Naive
TGTGGCCAGGAGCATA-6,GARQ,D18,0,40,40,23,0.058876038,T.CD8.Effector
ACGGTTTAGAAGCTAG-6,GARQ,D18,0,40,40,22,0.021619976,T.CD4.Memory
TCCTTGCAGGGCCACT-6,GARQ,D18,0,40,40,37,0.11718476,B.Naive
CCTAAATCAGTGAACG-6,GARQ,D18,0,40,40,4,0.0051498413,Mono.CD14
TTTCGTCCAACACTTG-6,GARQ,D18,0,40,40,37,0.10810399,B.Naive
GGTACTTAGGGTTAGA-6,GARQ,D18,0,40,40,15,0.047044158,B.Naive
ATTGCACAGCTTCTCA-6,GARQ,D18,0,40,40,37,0.110168695,B.Naive
GAAGCCTGTACGCGCA-6,GARQ,D18,0,40,40,29,0.2756406,T.CD4.Memory
CGGAATCGTTTCGCGC-6,GARQ,D18,0,40,40,37,0.034426093,B.Activated
CAGCTAAGTCCTAATC-6,GARQ,D18,0,40,40,4,0.051151514,Mono.CD14
TTGTGCGAGCTGGACC-6,GARQ,D18,0,40,40,4,0.014593601,Mono.CD14
AACCTCCTCAAGCTTA-6,GARQ,D18,0,40,40,33,0.029522836,T.CD8.Naive
CCTGAGTCATTAAAGG-6,GARQ,D18,0,40,40,37,0.084281206,B.Activated
TGTTGTTTCTAATCCT-6,GARQ,D18,0,40,40,13,0.09321153,Mono.CD14
GTCCGTAAGTCATTTC-6,GARQ,D18,0,40,40,13,0.101005435,Mono.CD14
GCGCTTGCAAACAACA-6,GARQ,D18,0,40,40,4,0.035533905,Mono.CD14
CTAACCCTCCTCACTA-6,GARQ,D18,0,40,40,4,0.0013891459,Mono.CD14
TCCGCCATCTCCTCTT-6,GARQ,D18,0,40,40,4,0.049989104,Mono.CD14
GATCGATTCACAGGAA-6,GARQ,D18,0,40,40,26,0.09408057,NK
CGCTAACCATTGTCCT-6,GARQ,D18,0,40,40,4,0.017831206,Mono.CD14
GATCGAGCAGGTATTT-6,GARQ,D18,0,40,40,15,0.030361056,B.Naive
GAGGCCTTCAGGCCTA-6,GARQ,D18,0,40,40,13,0.019448042,Mono.CD14
CTCATTGTCTGTGCAG-6,GARQ,D18,0,40,40,13,0.009665966,Mono.CD14
AAGAATCAGTAAGGGC-6,GARQ,D18,0,40,40,37,0.017039299,B.Naive
GGCATGGAGGCCATCA-6,GARQ,D18,0,40,40,33,0.057773113,T.CD4.Naive
CTAGATTCAGCAACAG-6,GARQ,D18,0,40,40,15,0.06805849,B.Naive
GGTGATTTCTAATCCT-6,GARQ,D18,0,40,40,23,0.110363245,T.CD8.Effector
CAGCCAATCTCGACCT-6,GARQ,D18,0,40,40,37,0.02140665,B.Naive
TATGGCCCAAGGCCAA-6,GARQ,D18,0,40,40,29,0.002573371,T.CD4.Memory
TAGTAACGTTACTTGC-6,GARQ,D18,0,40,40,37,0.17311645,B.Naive
ACCATAATCTGCAAAC-6,GARQ,D18,0,40,40,13,0.07614875,Mono.CD14
ATTTGCAAGCCTTAAA-6,GARQ,D18,0,40,40,34,0.09211379,NK
CCTGAGTCATTGCGAC-6,GARQ,D18,0,40,40,37,0.022584438,B.Naive
TTGCTTAGTTATCGAG-6,GARQ,D18,0,40,40,15,0.013815403,B.Naive
ATTATGGTCAGGAACA-6,GARQ,D18,0,40,40,13,0.06212747,Mono.CD14
AGAGGATGTGTAACCA-6,GARQ,D18,0,40,40,11,0.014326572,T.CD8.Effector
AAAGGACGTAACGGGA-6,GARQ,D18,0,40,40,13,0.11056304,Mono.CD14
TCCCTCACACATGCTA-6,GARQ,D18,0,40,40,37,0.10375929,B.Naive
CTTCTAAGTTCAAGCA-6,GARQ,D18,0,40,40,37,0.052746773,B.Activated
ATGCCTGAGCATGACT-6,GARQ,D18,0,40,40,13,0.077913046,Mono.CD14
CGAAGGCCATTAGCGC-6,GARQ,D18,0,40,40,4,0.06428242,Mono.CD14
AGGGCTACACAGCCTG-6,GARQ,D18,0,40,40,33,0.049725175,T.CD4.Memory
ACCGAAGCAGCAATAA-6,GARQ,D18,0,40,40,4,0.12667322,Mono.CD14
TATAACCCAACATAAG-6,GARQ,D18,0,40,40,34,0.07620835,NK
ATCTATGAGCACAGGG-6,GARQ,D18,0,40,40,15,0.018069386,B.Naive
CCGTGCTGTATTGGAT-6,GARQ,D18,0,40,40,15,0.030809402,B.Naive
GACCTAAGTGTCCAAA-6,GARQ,D18,0,40,40,14,4.887581e-06,T.CD8.Effector
CGCATTTGTGTCCAAA-6,GARQ,D18,0,40,40,33,0.016881645,T.CD4.Naive
CAAAGTGAGCGATACT-6,GARQ,D18,0,40,40,26,0.23897237,NK
TTAGGCGTCTGTAATG-6,GARQ,D18,0,40,40,4,0.05782485,Mono.CD14
TGTGCTGAGGTCATTA-6,GARQ,D18,0,40,40,4,0.030222893,Mono.CD14
CCTGTTGGTTAGAGCC-6,GARQ,D18,0,40,40,15,0.047810555,B.Naive
CAAAGCGCAGTTATGT-6,GARQ,D18,0,40,40,15,0.2214725,B.Naive
ACAGTATGTAAGCTCA-6,GARQ,D18,0,40,40,15,0.002182722,B.Naive
GGTATTTCAATTGAGA-6,GARQ,D18,0,40,40,24,0.039819002,T.CD4.Memory
CAGGACACAGTAAAGC-6,GARQ,D18,0,40,40,37,0.00861299,B.Naive
TCCAGGTCAATGCCCG-6,GARQ,D18,0,40,40,15,0.1277585,B.Naive
CTCTTGATCTGTGCAG-6,GARQ,D18,0,40,40,24,0.06729674,T.CD4.Memory
CATAATCCACTAGGTC-6,GARQ,D18,0,40,40,5,0.006745696,T.CD8.Naive
GCAGCCAGTTTACCGT-6,GARQ,D18,0,40,40,13,0.05589974,Mono.CD14
CTCATCATCGCATTAA-6,GARQ,D18,0,40,40,34,0.10912281,NK
ACGAAGTCATAGACCC-6,GARQ,D18,0,40,40,15,0.05614257,B.Naive
AATCCTAAGCGGCTGT-6,GARQ,D18,0,40,40,29,0.085532665,T.CD8.Effector
GTTGCATAGGTAACGA-6,GARQ,D18,0,40,40,29,0.053525567,T.CD4.Memory
ATGCAAACACACCAAC-6,GARQ,D18,0,40,40,13,0.04137194,Mono.CD14
CACATACAGCTTCTCA-6,GARQ,D18,0,40,40,24,0.048742533,T.CD4.Naive
CTCTATGTCTAGCTTT-6,GARQ,D18,0,40,40,15,0.03951454,B.Naive
CTAGATTCAGAATGAC-6,GARQ,D18,0,40,40,37,0.08634591,B.Naive
TCACCTCAGCGGCTGT-6,GARQ,D18,0,40,40,37,0.00018918514,B.Naive
GGATGGCCAAACTAAG-6,GARQ,D18,0,40,40,34,0.02221495,T.CD8.Effector
CTACCTCAGCCAGTAT-6,GARQ,D18,0,40,40,37,0.14902616,B.Naive
CACAGGCTCCTAGTCC-6,GARQ,D18,0,40,40,29,0.105157554,T.CD8.Effector
GGCCAACTCTCACATT-6,GARQ,D18,0,40,40,37,0.026799321,B.Activated
GGCGGTTTCATCAGTA-6,GARQ,D18,0,40,40,37,0.07314551,B.Naive
GTTCATTTCCCTCAGT-6,GARQ,D18,0,40,40,15,0.05967903,B.Activated
GAAGGATGTTATAGCG-6,GARQ,D18,0,40,40,29,0.22585577,T.CD4.Memory
CTTCAGGAGTAGCGGG-6,GARQ,D18,0,40,40,29,0.08620298,T.CD8.Effector
ACATCAATCTCGCCTG-6,GARQ,D18,0,40,40,33,0.018772364,T.CD8.Naive
GAGAGGCGTAGGTGTC-6,GARQ,D18,0,40,40,29,0.11637783,T.CD4.Memory
GCGTGCTAGGCGTAAA-6,GARQ,D18,0,40,40,33,0.03612882,T.CD4.Naive
AGCTACTAGTAACGAG-6,GARQ,D18,0,40,40,31,0.06187749,T.CD4.Naive
CTGGTCAAGAATCGCT-6,GARQ,D18,0,40,40,37,0.043055654,B.Naive
CAACCCGCAATTTAGC-6,GARQ,D18,0,40,40,15,0.007614732,B.Naive
CGCATGATCGCTAGTG-6,GARQ,D18,0,40,40,21,0.03657216,T.CD4.Memory
ACCTCACTCCTCAGCT-6,GARQ,D18,0,40,40,11,0.10114288,T.CD8.Effector
TTGGGCCAGCCGCTAA-6,GARQ,D18,0,40,40,15,0.01785922,B.Naive
TCAAGACTCGGGACCT-6,GARQ,D18,0,40,40,23,0.11146021,T.CD8.Effector
AGCACAGCATTAAGTC-6,GARQ,D18,0,40,40,37,0.041742682,B.Naive
CCAGCTAAGGCGTAAA-6,GARQ,D18,0,40,40,29,0.04893112,T.CD4.Memory
ATAGATGCAGAGGGAG-6,GARQ,D18,0,40,40,37,0.0158633,B.Naive
TTTAACCTCCTGATGG-6,GARQ,D18,0,40,40,37,0.014901757,B.Naive
TGGCCTTTCGTTCACC-6,GARQ,D18,0,40,40,24,0.105668545,T.CD4.Memory
CCTAATCGTAAATTGC-6,GARQ,D18,0,40,40,34,6.6280365e-05,NK
TACCTGCTCACAGGAA-6,GARQ,D18,0,40,40,15,0.058478475,B.Activated
TTGTGTGCATTGTCCT-6,GARQ,D18,0,40,40,15,0.0040302277,B.Naive
GGTTTAATCATGGTTA-6,GARQ,D18,0,40,40,33,0.09522313,T.CD4.Memory
ACCAAACTCTTGATGA-6,GARQ,D18,0,40,40,27,0.013227105,T.CD4.Memory
CGCTAATAGGTGCTGC-6,GARQ,D18,0,40,40,1,0.016942143,T.CD4.Memory
TCGTTAAAGGCGAATA-6,GARQ,D18,0,40,40,24,0.07830608,T.CD4.Naive
GCGCTTGCAAGCTACC-6,GARQ,D18,0,40,40,34,0.24340391,NK
GCTCTGTTCAGGAACA-6,GARQ,D18,0,40,40,37,0.046296835,B.Naive
ACTCGCTTCGTTCACC-6,GARQ,D18,0,40,40,26,0.16675001,NK
ACACTTGCAATAATGG-6,GARQ,D18,0,40,40,24,0.013178527,T.CD4.Naive
AAGGTGCAGGGTGGAT-6,GARQ,D18,0,40,40,37,0.16518486,B.Naive
ATCCGTGAGCTACTGG-6,GARQ,D18,0,40,40,37,0.09115958,B.Activated
AAGCTCCCATATAACC-6,GARQ,D18,0,40,40,18,0.090545416,T.CD8.Effector
CAGAATCTCGTGCTTC-6,GARQ,D18,0,40,40,34,0.03733933,NK
TTACGTTTCTTGGACG-6,GARQ,D18,0,40,40,29,0.013482273,T.CD8.Effector
GGCTGTCAGTGGCGGA-6,GARQ,D18,0,40,40,11,0.017938375,T.CD8.Effector
GGTGATTTCTTAGCGG-6,GARQ,D18,0,40,40,25,0.025831342,T.CD8.Effector
AATCCTAAGGCGCATC-6,GARQ,D18,0,40,40,36,0.08406407,T.CD4.Memory
AATTCGTCAACTAGAA-6,GARQ,D18,0,40,40,29,0.024270654,T.CD4.Memory
GTTTCCTCATCGCTTT-6,GARQ,D18,0,40,40,29,0.025591612,T.CD4.Memory
GCATTAGGTAATCGGC-6,GARQ,D18,0,40,40,23,0.04726088,T.CD8.Effector
CATCACACACAAAGAC-6,GARQ,D18,0,40,40,37,0.0057059526,B.Naive
TAGGCTTAGTCTCACC-6,GARQ,D18,0,40,40,37,0.12527907,B.Activated
GTTCCCAGTATTACCC-6,GARQ,D18,0,40,40,23,0.047094345,T.CD8.Effector
TGACTTAAGTTCCTCA-6,GARQ,D18,0,40,40,34,0.04252547,T.CD8.Effector
CGAAGCGAGCGAAGTA-6,GARQ,D18,0,40,40,34,0.21200371,NK
ATTATCCTCTCACAAA-6,GARQ,D18,0,40,40,2,0.004342556,T.CD8.Effector
CGGTTTCTCTTAGGGT-6,GARQ,D18,0,40,40,1,0.021741211,T.CD4.Naive
ACAGGTAAGTTAACCA-6,GARQ,D18,0,40,40,29,0.08244038,T.CD4.Memory
CACTTTGTCACAAGCT-6,GARQ,D18,0,40,40,29,0.04793513,T.CD4.Memory
TGGTTGAGTGGATTAT-6,GARQ,D18,0,40,40,2,0.034448385,T.CD4.Memory
AGCACTAGTGCGCATG-6,GARQ,D18,0,40,40,35,0.01464051,T.CD4.Memory
GTATTGTCAGAGGCTA-6,GARQ,D18,0,40,40,37,0.0037038326,B.Naive
TACCAGGTCTTTAAGG-6,GARQ,D18,0,40,40,34,0.019474626,NK
GCTGTAAGTTTGGCTT-6,GARQ,D18,0,40,40,27,0.06650531,T.CD4.Naive
AACGCCCAGCAGGCCT-6,GARQ,D18,0,40,40,11,0.12932253,T.CD8.Effector
ATTGAAGCAAGGCCAA-6,GARQ,D18,0,40,40,29,0.31639314,T.CD4.Memory
ATTAGCTCATTGACAT-6,GARQ,D18,0,40,40,31,0.011648357,T.CD4.Memory
CCAAACCCATGTTGGC-6,GARQ,D18,0,40,40,28,0.03995967,T.CD8.Naive
TGCTAACAGCAGGTTT-6,GARQ,D18,0,40,40,1,0.025007963,T.CD4.Naive
TGGGCATGTGTTCCCA-6,GARQ,D18,0,40,40,15,0.075567245,B.Naive
GTAGCGCTCGTTATCT-6,GARQ,D18,0,40,40,37,0.0076795816,B.Naive
CGGTTTCTCCAGGTTG-6,GARQ,D18,0,40,40,37,0.009252071,B.Naive
CGCAATGTCAGAAACG-6,GARQ,D18,0,40,40,15,0.059640884,B.Naive
TAGCAGGCAGGATGGC-6,GARQ,D18,0,40,40,1,0.022039056,T.CD8.Effector
TTTGTGGCAATGCGCT-6,GARQ,D18,0,40,40,34,0.2808733,NK
CTAACCTGTTTAAAGC-6,GARQ,D18,0,40,40,36,0.011502564,T.CD4.Naive
CATCCTGGTGCTCCAC-6,GARQ,D18,0,40,40,27,0.10856581,T.CD4.Naive
GTTACAGGTGGATGTC-6,GARQ,D18,0,40,40,14,0.038754106,T.CD4.Memory
TTGCTTTAGGTGTTAC-6,GARQ,D18,0,40,40,34,0.17916548,NK
TCATACTTCGTTCACC-6,GARQ,D18,0,40,40,1,0.02428937,T.CD4.Memory
GCAAGCCTCAAACCGT-6,GARQ,D18,0,40,40,29,0.054240465,T.CD8.Effector
TTATCCTAGAGGAAGG-6,GARQ,D18,0,40,40,13,0.0077542067,Mono.CD14
CATAGGTTCATTATGG-6,GARQ,D18,0,40,40,33,0.05383253,T.CD4.Naive
AAAGGTTAGCCGCAGT-6,GARQ,D18,0,40,40,29,0.4367993,T.CD4.Memory
CGGGTCTAGCGGCTGT-6,GARQ,D18,0,40,40,29,0.033996344,T.CD4.Memory
CATAATCCAGCACCAT-6,GARQ,D18,0,40,40,36,0.049299,T.CD4.Memory
CTCGCTCCAGCAGGTA-6,GARQ,D18,0,40,40,36,0.034656167,T.CD4.Memory
CTGCTCCCACATAGCC-6,GARQ,D18,0,40,40,34,0.21959138,NK
ACGCACGGTTCAAGAT-6,GARQ,D18,0,40,40,24,0.063543916,T.CD8.Naive
CCAATATCAAGTAAGC-6,GARQ,D18,0,40,40,37,0.062496066,B.Activated
ATTACTGAGCTCAAAC-6,GARQ,D18,0,40,40,24,0.07548022,T.CD4.Memory
TTAGCTGCACTCAACA-6,GARQ,D18,0,40,40,1,0.005872607,T.CD4.Naive
TAACAAGCATGCTTAG-6,GARQ,D18,0,40,40,20,0.041946113,T.CD4.Memory
ACCTAAGGTTAGCCAA-6,GARQ,D18,0,40,40,37,0.0079654455,B.Naive
TCATTTGGTTGGCCGA-6,GARQ,D18,0,40,40,34,0.028137207,NK
TTCCACGGTTAGGATT-6,GARQ,D18,0,40,40,34,0.3385142,NK
GATTAGCTCATGTGGT-6,GARQ,D18,0,40,40,37,0.111989975,B.Naive
GGTGCTGGTTTCCTCC-6,GARQ,D18,0,40,40,39,0.009022415,T.CD4.Memory
CATCAGCCAGCACGAA-6,GARQ,D18,0,40,40,37,0.24381733,B.Naive
GGTCTTGAGCACGATT-6,GARQ,D18,0,40,40,31,0.049426198,T.CD4.Naive
AATCATGTCATTACTC-6,GARQ,D18,0,40,40,36,0.013930798,T.CD4.Memory
TGTTGTTTCCAACTGG-6,GARQ,D18,0,40,40,14,0.0019759536,T.CD4.Memory
ACCATAATCTCACACC-6,GARQ,D18,0,40,40,23,0.0011322498,T.CD8.Effector
CTTGGACCAGAGGCTA-6,GARQ,D18,0,40,40,29,0.107251406,T.CD4.Memory
CTCCTGAGTCAACAAT-6,GARQ,D18,0,40,40,1,0.035666287,T.CD8.Effector
CTGCTACTCCTAGTCC-6,GARQ,D18,0,40,40,11,0.061248243,T.CD8.Effector
GTCTAACAGTTATTCC-6,GARQ,D18,0,40,40,34,0.29990172,NK
GGTCGGTTCGATAACC-6,GARQ,D18,0,40,40,1,0.11215222,T.CD4.Memory
AGTGCCGGTTTGGCTT-6,GARQ,D18,0,40,40,34,0.16698647,NK
TGGTCAAGTGAGACTC-6,GARQ,D18,0,40,40,24,0.031271577,T.CD8.Naive
GCTGCAATCAATGTCA-6,GARQ,D18,0,40,40,37,0.034413815,B.Naive
GGCATTGTCTCACAAA-6,GARQ,D18,0,40,40,33,0.036613464,T.CD4.Naive
GATTATGTCGCTAGCA-6,GARQ,D18,0,40,40,33,0.033370495,T.CD4.Memory
GTTACTCGTGGTTCTT-6,GARQ,D18,0,40,40,4,0.06728268,Mono.CD14
GCTAGCGGTGTTGCTT-6,GARQ,D18,0,40,40,15,0.0779134,B.Naive
CACGCAATCATTACGA-6,GARQ,D18,0,40,40,2,0.032387912,T.CD4.Naive
GGTCAGGAGCAAGGGT-6,GARQ,D18,0,40,40,31,0.013765812,T.CD4.Memory
TGAGCACGTAGTAAGA-6,GARQ,D18,0,40,40,28,0.048826814,T.CD4.Naive
AGCTAGTTCTAGCTAA-6,GARQ,D18,0,40,40,1,0.07685745,T.CD4.Memory
GTTAGACTCGATAACC-6,GARQ,D18,0,40,40,33,0.0061910152,T.CD4.Naive
TATCGCACAAGTGTCC-6,GARQ,D18,0,40,40,15,0.013860345,B.Naive
GTTCACCTCACGCATG-6,GARQ,D18,0,40,40,29,0.017723143,T.CD4.Naive
ATAGATGCATCCCTCA-6,GARQ,D18,0,40,40,30,0.009305954,T.CD4.Memory
CTATGATCAACAGCCT-6,GARQ,D18,0,40,40,24,0.036298513,T.CD4.Memory
AAGTTAGCACAACAGG-6,GARQ,D18,0,40,40,24,0.019314528,T.CD4.Naive
GCTGATCCAGCAACCT-6,GARQ,D18,0,40,40,24,0.05008161,T.CD8.Effector
ATGCTTAAGGGCTTTG-6,GARQ,D18,0,40,40,11,0.016438782,T.CD8.Effector
ACCATTAAGTAAACCC-6,GARQ,D18,0,40,40,26,0.02018869,T.CD8.Effector
GGGTTACGTCTCACTG-6,GARQ,D18,0,40,40,37,0.06841099,B.Naive
AGTAACGAGACAACAG-6,GARQ,D18,0,40,40,11,0.029186368,T.CD8.Effector
TTGTTGCGTTTCCTCC-6,GARQ,D18,0,40,40,33,0.03602165,T.CD4.Naive
CTGCAATAGTTGTCCC-6,GARQ,D18,0,40,40,24,0.06406391,T.CD4.Memory
GTTGCTGAGTGAACCT-6,GARQ,D18,0,40,40,24,0.035759687,T.CD8.Naive
AGTAGCTTCGAAGTAG-6,GARQ,D18,0,40,40,31,0.1257723,T.CD8.Naive
AAATCCGGTGTTGTGA-6,GARQ,D18,0,40,40,24,0.021088123,T.CD4.Memory
GCTATAGGTCACACCC-6,GARQ,D18,0,40,40,25,0.0031334758,NK
GTTAGACTCATGGCCA-6,GARQ,D18,0,40,40,37,0.14619875,B.Naive
GGAAGTATCAATGACC-6,GARQ,D18,0,40,40,29,0.18279088,T.CD8.Effector
GTCCTAGAGCTAAAGG-6,GARQ,D18,0,40,40,24,0.12541163,T.CD4.Naive
AACCTAATCGAAGTGA-6,GARQ,D18,0,40,40,24,0.1801318,T.CD4.Memory
CTGAAACTCCTAATGA-6,GARQ,D18,0,40,40,34,0.01829642,T.CD8.Effector
TCCCGGACATTAAAGG-6,GARQ,D18,0,40,40,2,0.008798838,T.CD4.Naive
GTATTGTCAATAAGCA-6,GARQ,D18,0,40,40,24,0.02270937,T.CD4.Memory
TGATTCAAGCTCATAA-6,GARQ,D18,0,40,40,24,0.015800476,T.CD8.Naive
TTGTTGTTCAAACACC-6,GARQ,D18,0,40,40,11,0.028468966,T.CD8.Effector
CCCTCAGTCGATTTGA-6,GARQ,D18,0,40,40,1,0.005505681,T.CD4.Naive
TGTTGTTTCCCGAACA-6,GARQ,D18,0,40,40,36,0.0035953522,T.CD4.Memory
GGCGGTAAGCTTCCCG-6,GARQ,D18,0,40,40,31,0.036563635,T.CD8.Naive
TGTTGCACAAACATAG-6,GARQ,D18,0,40,40,27,0.037049055,T.CD4.Naive
ACACCTTGTGTGAGGA-6,GARQ,D18,0,40,40,23,0.11171949,T.CD8.Effector
CAATAGCTCAGGTTTA-6,GARQ,D18,0,40,40,36,0.02028811,T.CD4.Memory
CCGTTAACAAAGCTCC-6,GARQ,D18,0,40,40,34,0.34824347,NK
AGAACAAGTTCACCAT-6,GARQ,D18,0,40,40,15,0.009238243,B.Naive
AGAACCGCAGAGGCTA-6,GARQ,D18,0,40,40,26,0.34186387,NK
TATGTGATCTGTGCCT-6,GARQ,D18,0,40,40,35,0.025906682,T.CD8.Naive
TACGCACCATAAGTTC-6,GARQ,D18,0,40,40,29,0.11866152,T.CD4.Memory
CGAGGCAAGCCTGATG-6,GARQ,D18,0,40,40,22,0.124120176,T.CD4.Memory
GCTAGCCAGAAAGCAT-6,GARQ,D18,0,40,40,18,0.036146402,T.CD8.Effector
TCCCTCACAGCAGGTA-6,GARQ,D18,0,40,40,24,0.090066075,T.CD4.Naive
GCTAGCTCAGGTTTGC-6,GARQ,D18,0,40,40,29,0.08729148,T.CD4.Memory
GTTCCCAGTTACGCGG-6,GARQ,D18,0,40,40,1,0.028063655,T.CD4.Naive
TTTGCATTCCTAGTCC-6,GARQ,D18,0,40,40,24,0.0016771555,T.CD4.Memory
TCTCAATTCCGGAACC-6,GARQ,D18,0,40,40,1,0.050166547,T.CD4.Memory
AAGGCCCTCTAGCTAA-6,GARQ,D18,0,40,40,24,0.006309986,T.CD4.Naive
CGGTAACGTCTTTGAC-6,GARQ,D18,0,40,40,11,0.14250672,T.CD8.Effector
AGACTATGTAAATTGC-6,GARQ,D18,0,40,40,36,0.01144886,T.CD4.Naive
AAGGTATAGACTTATG-6,GARQ,D18,0,40,40,14,0.062945426,T.CD8.Naive
GGGTCACTCACGAATC-6,GARQ,D18,0,40,40,3,0.0066936016,T.CD4.Memory
CAATCCTGTCAGTAAT-6,GARQ,D18,0,40,40,31,0.017974615,T.CD4.Naive
GTCTTTGTCTGCAAGT-6,GARQ,D18,0,40,40,1,0.026767075,T.CD8.Naive
CCTAAGGTCCTGAATA-6,GARQ,D18,0,40,40,34,0.04585439,NK
ATGTCATCAGCTTACA-6,GARQ,D18,0,40,40,24,0.061228514,T.CD4.Memory
TTGAGCTAGTGTGATC-6,GARQ,D18,0,40,40,11,0.06962776,T.CD8.Effector
TCTACCTCACAGACTC-6,GARQ,D18,0,40,40,36,0.0525949,T.CD4.Naive
TTGCAGCCAGCTTAAT-6,GARQ,D18,0,40,40,27,0.0037757158,T.CD4.Naive
TTAGGATGTACCTTAC-6,GARQ,D18,0,40,40,24,0.0053884983,T.CD4.Memory
CTTACCTCACATTAAC-6,GARQ,D18,0,40,40,26,0.16727263,NK
TTAAAGGCATAATCAC-6,GARQ,D18,0,40,40,27,0.049809575,T.CD4.Memory
AAAGCGGGTGTGCACG-6,GARQ,D18,0,40,40,33,0.08205724,T.CD4.Naive
TGATCGAGTCCAAGAC-6,GARQ,D18,0,40,40,1,0.004905343,T.CD8.Naive
CCATCACTCCGCAACA-6,GARQ,D18,0,40,40,24,0.089782655,T.CD4.Naive
GGTCATTAGACTATTG-6,GARQ,D18,0,40,40,34,0.3814603,NK
ACCGGTTCACGAACAG-6,GARQ,D18,0,40,40,27,0.024443388,T.CD4.Naive
TTGCAGCCAACAGCCT-6,GARQ,D18,0,40,40,35,0.042788744,T.CD4.Memory
GTTTCCTCAGCTAACC-6,GARQ,D18,0,40,40,11,0.155447,T.CD8.Effector
TTCTTAGGTGGTTAGC-6,GARQ,D18,0,40,40,24,0.100100994,T.CD4.Naive
CTACTTAGTCAATACG-6,GARQ,D18,0,40,40,34,0.2009598,NK
ACCCAACCATAAGTTC-6,GARQ,D18,0,40,40,33,0.06488645,T.CD4.Naive
GTCCTCCCAATCTCTC-6,GARQ,D18,0,40,40,33,0.15255737,T.CD4.Naive
CGTTAAATCATGACCG-6,GARQ,D18,0,40,40,34,0.26426232,NK
CTGGTCAAGTCATTTC-6,GARQ,D18,0,40,40,14,0.0010796785,T.CD4.Memory
TGATTAGTCTGCAAAC-6,GARQ,D18,0,40,40,23,0.0035315752,T.CD8.Effector
AGGTTAGAGCATGACT-6,GARQ,D18,0,40,40,9,0.03413999,T.CD4.Memory
TGAGCCGGTGATTACG-6,GARQ,D18,0,40,40,1,0.0042922497,T.CD4.Naive
AGGTCTTAGCAACATC-6,GARQ,D18,0,40,40,1,0.052807927,T.CD4.Naive
GCCATGATCGCACAAT-6,GARQ,D18,0,40,40,24,0.072437406,T.CD4.Naive
TGGCCATCATGCTCCC-6,GARQ,D18,0,40,40,37,0.09830773,B.Naive
TTGGATTCAGCACGTT-6,GARQ,D18,0,40,40,36,0.027675867,T.CD4.Naive
TTAGGCTAGCAGGTTT-6,GARQ,D18,0,40,40,1,0.063845634,T.CD4.Naive
AAGCTTGGTTGCAGTA-6,GARQ,D18,0,40,40,13,0.014074802,Mono.CD14
CACATACAGGAATAAC-6,GARQ,D18,0,40,40,1,0.05148858,T.CD8.Naive
GTTGCCCGTCCTAAGA-6,GARQ,D18,0,40,40,3,0.009105802,T.CD8.Effector
TGAGCACGTTGGTGAC-6,GARQ,D18,0,40,40,2,0.0132133365,T.CD4.Memory
CGTTGCGCATAAACCT-6,GARQ,D18,0,40,40,24,0.060768247,T.CD4.Memory
AATTTGCCATAATTGC-6,GARQ,D18,0,40,40,1,0.02034247,T.CD4.Naive
AATGCGCGTTTGCGCC-6,GARQ,D18,0,40,40,15,0.071668506,B.Activated
GTCCGTAAGCTTTGGG-6,GARQ,D18,0,40,40,35,0.02170986,T.CD4.Naive
CGTCAATAGTTGTCAA-6,GARQ,D18,0,40,40,1,0.0038733482,T.CD4.Naive
TTTGCGACAAAGCGGC-6,GARQ,D18,0,40,40,24,0.004553795,T.CD4.Memory
CATATCGCAGGCGAGT-6,GARQ,D18,0,40,40,15,0.055637956,B.Naive
GGTAGGAGTGCTCCGT-6,GARQ,D18,0,40,40,24,0.09439397,T.CD4.Naive
AGCAAATAGTTGCGTG-6,GARQ,D18,0,40,40,11,0.047531962,T.CD8.Effector
TGGATTCAGGAGCATA-6,GARQ,D18,0,40,40,1,0.008377552,T.CD8.Effector
AAGCCTCCACATTAAC-6,GARQ,D18,0,40,40,24,0.018902779,T.CD4.Naive
GTAGTTATCCAAATCA-6,GARQ,D18,0,40,40,36,0.029927373,T.CD4.Naive
TAGGAGGGTTGCGGAT-6,GARQ,D18,0,40,40,27,0.019919515,T.CD4.Memory
GTTTAGCAGGCAATAG-6,GARQ,D18,0,40,40,24,0.13706529,T.CD4.Memory
CCCAACCGTCGCAATA-6,GARQ,D18,0,40,40,38,0.32715654,T.CD8.Naive
AGATGCTTCACGAATC-6,GARQ,D18,0,40,40,1,0.02203232,T.CD4.Naive
ATCATCAAGGGCTTTG-6,GARQ,D18,0,40,40,28,0.04007876,T.CD8.Naive
GATCGATTCAAGTGTC-6,GARQ,D18,0,40,40,29,0.001342535,T.CD4.Memory
AAACCGGCAGGACCAA-6,GARQ,D18,0,40,40,1,0.019019842,T.CD4.Naive
GTAAGCTTCATGTTTC-6,GARQ,D18,0,40,40,24,0.09816402,T.CD8.Effector
CGAATATGTTGAGCCG-6,GARQ,D18,0,40,40,1,0.018365622,T.CD4.Memory
AAGCGGGTCGAGGTGG-6,GARQ,D18,0,40,40,24,0.040632367,T.CD4.Memory
CAGCATTAGGACTTAC-6,GARQ,D18,0,40,40,24,0.08074045,T.CD4.Naive
TGGATTCAGGTACCGC-6,GARQ,D18,0,40,40,31,0.011479497,T.CD4.Naive
ACTAACGGTTGCACGG-6,GARQ,D18,0,40,40,36,0.004491329,T.CD4.Naive
CGGGTCTAGTTCCTGC-6,GARQ,D18,0,40,40,24,0.060165644,T.CD8.Effector
ACTCGCGCATGTTGTG-6,GARQ,D18,0,40,40,36,0.0129570365,T.CD4.Naive
GTAGTTTCACCTAATG-6,GARQ,D18,0,40,40,11,0.055492878,T.CD8.Effector
CCCTGGACACAGAACG-6,GARQ,D18,0,40,40,34,0.12124169,NK
GATCGATTCAGCACGC-6,GARQ,D18,0,40,40,35,0.33799183,T.CD4.Naive
GACAATACACCTGCCT-6,GARQ,D18,0,40,40,24,0.09621787,T.CD4.Memory
AGCTACTAGGTTTGAC-6,GARQ,D18,0,40,40,24,0.0009781122,T.CD4.Naive
GACACCGGTGGGAACA-6,GARQ,D18,0,40,40,31,0.06434226,T.CD4.Memory
CTTCAATTCCCTGTTA-6,GARQ,D18,0,40,40,11,0.005566299,T.CD8.Effector
CCCTCATAGACAAAGT-6,GARQ,D18,0,40,40,21,0.07544446,T.CD4.Memory
CCGACAGGTAGGATTT-6,GARQ,D18,0,40,40,36,0.0037914515,T.CD4.Memory
TTGGGCGGTCAAACTG-6,GARQ,D18,0,40,40,24,0.016801,T.CD4.Naive
GAGTGTTTCCTGTTCA-6,GARQ,D18,0,40,40,3,0.13155401,T.CD4.Memory
TACATCAAGCCATCAG-6,GARQ,D18,0,40,40,1,0.0432266,T.CD8.Naive
GAAAGGCTCGTTAGCG-6,GARQ,D18,0,40,40,29,0.05506426,T.CD4.Memory
AGCGGACCAATAAGCA-6,GARQ,D18,0,40,40,31,0.017747879,T.CD4.Naive
GGTTTCCTCCGCTAGA-6,GARQ,D18,0,40,40,1,0.13332248,T.CD4.Naive
TTCAGCACAAGCGATG-6,GARQ,D18,0,40,40,27,0.017167509,T.CD4.Memory
ATCACACAGGAGGGTT-6,GARQ,D18,0,40,40,35,0.04499042,T.CD4.Naive
AACTACTCAAGGTCGA-6,GARQ,D18,0,40,40,24,0.00059711933,T.CD8.Naive
TTGTCCATCAGCATTA-6,GARQ,D18,0,40,40,29,0.020309806,T.CD4.Memory
TGATTCAAGAGGAGGA-6,GARQ,D18,0,40,40,24,0.10271335,T.CD4.Memory
TTCCTTCTCTTAGCGG-6,GARQ,D18,0,40,40,33,0.059565306,T.CD4.Naive
CCTTCGGTCCAGGTTG-6,GARQ,D18,0,40,40,15,0.063192844,B.Naive
TCAGTGAGTTTAGCGA-6,GARQ,D18,0,40,40,34,0.35685146,NK
ACCCGTAAGTAATCCA-6,GARQ,D18,0,40,40,7,0.06441605,T.CD4.Memory
GGTGATTTCACTTCAT-6,GARQ,D18,0,40,40,1,0.018006682,T.CD4.Naive
TAGCCTCTCATGTTTC-6,GARQ,D18,0,40,40,24,0.001490593,T.CD8.Naive
GTTCTCATCAACCAAC-6,GARQ,D18,0,40,40,1,0.073993325,T.CD4.Memory
TCCGCCATCGGTACGC-6,GARQ,D18,0,40,40,36,0.05622393,T.CD4.Memory
TCGTTTCCAGGACACA-6,GARQ,D18,0,40,40,27,0.019346952,T.CD4.Naive
CGCTACTTCTTGCATT-6,GARQ,D18,0,40,40,33,0.009945154,T.CD8.Effector
GGACGAAGTGAGCACT-6,GARQ,D18,0,40,40,37,0.028107882,B.Naive
GTACAATGTCACAAAT-6,GARQ,D18,0,40,40,29,0.029079914,T.CD4.Memory
CTACTAAAGGATCACT-6,GARQ,D18,0,40,40,24,0.026126921,T.CD8.Naive
GCAAACAAGGCGGATG-6,GARQ,D18,0,40,40,11,0.014385939,T.CD4.Memory
GCTGCAATCGTTATAG-6,GARQ,D18,0,40,40,21,0.013252974,T.CD4.Memory
ATAGCATGTATTACCC-6,GARQ,D18,0,40,40,1,0.007962465,T.CD4.Naive
TCATTTGGTATTTGCC-6,GARQ,D18,0,40,40,37,0.07184267,B.Naive
GCCTTGCGTGCTCCGT-6,GARQ,D18,0,40,40,11,0.10582662,T.CD8.Effector
CTAACCTGTCCAAGAC-6,GARQ,D18,0,40,40,33,0.016242981,T.CD4.Naive
CAGAATCTCCCATAAA-6,GARQ,D18,0,40,40,11,0.024572492,T.CD8.Effector
TGCTGGATCACTCGCT-6,GARQ,D18,0,40,40,11,0.017207026,T.CD8.Effector
ATATGCATCTAATCAG-6,GARQ,D18,0,40,40,21,0.021329224,T.CD4.Memory
GGCATTAGTGAGCAAG-6,GARQ,D18,0,40,40,1,0.15772271,T.CD4.Naive
ATGGCTTAGGATTTGC-6,GARQ,D18,0,40,40,35,0.043937683,T.CD4.Naive
CCAACCAAGAATGACG-6,GARQ,D18,0,40,40,1,0.08934426,T.CD8.Naive
GGCTGAGAGGAACGGT-6,GARQ,D18,0,40,40,1,0.01831305,T.CD4.Memory
CTAATAGTCGTTCACC-6,GARQ,D18,0,40,40,5,0.010656714,T.CD4.Memory
CTCATGCTCCCTGACT-6,GARQ,D18,0,40,40,24,0.21289635,T.CD4.Memory
TTAAGGACATCTAGCA-6,GARQ,D18,0,40,40,29,0.050926805,T.CD4.Memory
AAGACCAAGTAAAGGT-6,GARQ,D18,0,40,40,1,0.030480385,T.CD8.Naive
CGCCAAATCTAGCTTT-6,GARQ,D18,0,40,40,1,0.060769856,T.CD8.Naive
GATTGCAGTGTGTCCC-6,GARQ,D18,0,40,40,24,0.017331481,T.CD8.Naive
GAGTATCTCCTGGTCT-6,GARQ,D18,0,40,40,34,0.03981781,T.CD8.Effector
GAGTCATTCTTAGCCC-6,GARQ,D18,0,40,40,1,0.026932001,T.CD4.Naive
CGTAGTTAGCTACTGG-6,GARQ,D18,0,40,40,24,0.037518263,T.CD4.Naive
GTACTTCGTGTCCAAA-6,GARQ,D18,0,40,40,29,0.055740476,T.CD4.Memory
TGATCAGGTATTGTGG-6,GARQ,D18,0,40,40,37,0.03599429,B.Activated
CCAACCCGTTAGTTGG-6,GARQ,D18,0,40,40,24,0.034590602,T.CD4.Memory
GCTATTGCATGGTTAT-6,GARQ,D18,0,40,40,1,0.046223164,T.CD4.Naive
ACTTAGGGTGTGAGGA-6,GARQ,D18,0,40,40,36,0.015785694,T.CD4.Naive
GGCGATACACGAATTT-6,GARQ,D18,0,40,40,1,0.06753397,T.CD4.Naive
GTACCTTGTAGGTTGC-6,GARQ,D18,0,40,40,28,0.0044903755,T.CD8.Naive
ATTGCTCGTCATAAGT-6,GARQ,D18,0,40,40,34,0.18163598,NK
CCAAACCCAGGATAAC-6,GARQ,D18,0,40,40,33,0.06410241,T.CD4.Memory
TAGTGAGAGTGCTGTG-6,GARQ,D18,0,40,40,20,0.028272808,T.CD4.Memory
CGGATAAAGGATCACT-6,GARQ,D18,0,40,40,29,0.109410286,T.CD4.Memory
GCAGGTTGTCTAACCT-6,GARQ,D18,0,40,40,24,0.06933546,T.CD4.Memory
ACTGAAACATCTAGCA-6,GARQ,D18,0,40,40,34,0.20657456,NK
GGAACAATCAAACCGT-6,GARQ,D18,0,40,40,24,0.121875644,T.CD4.Memory
TCGGTAAGTTAGGACC-6,GARQ,D18,0,40,40,36,0.0070480704,T.CD4.Memory
GTGCGGTTCATAGCCG-6,GARQ,D18,0,40,40,1,0.027932882,T.CD4.Memory
TAACAAGCACCAAAGG-6,GARQ,D18,0,40,40,24,0.09161723,T.CD8.Naive
GGCCATCAGGGACTAA-6,GARQ,D18,0,40,40,1,0.0149514675,T.CD4.Naive
CCGCAAATCAGTATTG-6,GARQ,D18,0,40,40,38,0.057023525,T.CD4.Naive
CTAGATTCAATGCCCG-6,GARQ,D18,0,40,40,1,0.022999048,T.CD4.Memory
TGCTCTCAGTCATTGA-6,GARQ,D18,0,40,40,11,0.040723205,T.CD8.Effector
GGGTTATTCGGCTATG-6,GARQ,D18,0,40,40,33,0.07231796,T.CD4.Memory
TAGTTTGAGGTTACGT-6,GARQ,D18,0,40,40,15,0.09859097,B.Activated
TCCAGCAAGGTCCGTA-6,GARQ,D18,0,40,40,24,0.0006928444,T.CD4.Naive
AATCTTGAGTTACTTC-6,GARQ,D18,0,40,40,4,0.24366808,Mono.CD14
TCGCCCATCGTAATCA-6,GARQ,D18,0,40,40,26,0.08210838,NK
GCTGACATCTTGGATA-6,GARQ,D18,0,40,40,24,0.18988085,T.CD4.Naive
AGAAAGGCAGTCTAGC-6,GARQ,D18,0,40,40,1,0.007932723,T.CD4.Naive
GTTAACCAGGAGCAAC-6,GARQ,D18,0,40,40,34,0.07005638,T.CD8.Effector
TTCCACGGTGTTTGTC-6,GARQ,D18,0,40,40,33,0.012839854,T.CD4.Naive
GTCTAATCATCGTTCT-6,GARQ,D18,0,40,40,1,0.003198862,T.CD4.Naive
AGCTACTAGCAGGTGG-6,GARQ,D18,0,40,40,34,0.008428752,T.CD8.Effector
GACGTAAAGGAGCAAC-6,GARQ,D18,0,40,40,1,0.019571781,T.CD4.Naive
TGCGCAGGTCATTGTC-6,GARQ,D18,0,40,40,24,0.08418214,T.CD4.Naive
CGCATTACAGCTAACC-6,GARQ,D18,0,40,40,1,0.0030233264,T.CD4.Naive
CTACTAAAGGTAAGCA-6,GARQ,D18,0,40,40,1,0.03352046,T.CD4.Naive
TTAACCAAGGTCGATT-6,GARQ,D18,0,40,40,24,0.0050811768,T.CD4.Naive
CGGAATCGTGGATTAT-6,GARQ,D18,0,40,40,28,0.12199831,T.CD8.Effector
TCCGGAATCGTCAAGT-6,GARQ,D18,0,40,40,34,0.048337698,NK
AGTCTTGCAGGCGAGT-6,GARQ,D18,0,40,40,24,0.027124226,T.CD4.Memory
CAAGGTTTCCCGTTTA-6,GARQ,D18,0,40,40,1,0.022376299,T.CD4.Naive
ATAATGGCATAAGGAC-6,GARQ,D18,0,40,40,1,0.0589993,T.CD4.Memory
TAGTGGCGTAAAGCAA-6,GARQ,D18,0,40,40,1,0.080810905,T.CD4.Memory
GATAACGAGTCACCAG-6,GARQ,D18,0,40,40,1,0.05178547,T.CD4.Naive
GTACTAATCTCGCCCA-6,GARQ,D18,0,40,40,1,0.18698359,T.CD4.Naive
TGTAACTCAATAATCC-6,GARQ,D18,0,40,40,24,0.014539361,T.CD8.Effector
AACGCCCAGCTTAGCG-6,GARQ,D18,0,40,40,31,0.022769809,T.CD8.Naive
CCATAGCCATACCCGG-6,GARQ,D18,0,40,40,13,0.14128828,Mono.CD14
AGCTAACTCCTGGCTT-6,GARQ,D18,0,40,40,36,0.00921464,T.CD4.Naive
AAGGATTAGGACCAGG-6,GARQ,D18,0,40,40,13,0.009993911,Mono.CD14
GGAACAATCCTGAATA-6,GARQ,D18,0,40,40,3,0.008569002,T.CD8.Effector
GAGTAACCATTAAACC-6,GARQ,D18,0,40,40,33,0.043993115,T.CD4.Naive
TTAAGGTGTGGGTACT-6,GARQ,D18,0,40,40,11,0.026883245,T.CD8.Effector
CTCTGTTCAACCCTAA-6,GARQ,D18,0,40,40,21,0.033592224,T.CD8.Effector
CTCATGCTCGGTACGC-6,GARQ,D18,0,40,40,24,0.020019293,T.CD4.Naive
ACTTATGAGAGAGGCT-6,GARQ,D18,0,40,40,33,0.021683633,T.CD4.Naive
ACCTAAGGTAACTACG-6,GARQ,D18,0,40,40,1,2.7298927e-05,T.CD4.Naive
CCTACTGGTCATTAGG-6,GARQ,D18,0,40,40,15,0.1367352,B.Naive
CAGCCTTTCAATCTAG-6,GARQ,D18,0,40,40,24,0.09203994,T.CD4.Naive
CGCATATAGGCTAAGA-6,GARQ,D18,0,40,40,1,0.032395363,T.CD4.Naive
ACCGGTTCAAGCCACT-6,GARQ,D18,0,40,40,27,0.13262475,T.CD4.Memory
GGACTAAAGCTATTAG-6,GARQ,D18,0,40,40,34,0.07487458,NK
TCGTTAAAGCCTGTTC-6,GARQ,D18,0,40,40,21,0.029487014,T.CD4.Memory
TTGCGAGTCTTGCTAT-6,GARQ,D18,0,40,40,36,0.048383832,T.CD4.Naive
GACTTGGTCGTCAAGT-6,GARQ,D18,0,40,40,1,0.022655487,T.CD8.Naive
TCGTCAACAGGCATCT-6,GARQ,D18,0,40,40,37,0.11632204,B.Activated
TACAAGCTCATCAGTA-6,GARQ,D18,0,40,40,33,0.0253973,T.CD4.Naive
GTTGGAGCATTGTCCT-6,GARQ,D18,0,40,40,1,0.03143084,T.CD4.Naive
AGGTATTGTGTCCAGG-6,GARQ,D18,0,40,40,24,0.07333195,T.CD4.Memory
CTGCTATGTGTTCCCA-6,GARQ,D18,0,40,40,34,0.1817227,T.CD8.Effector
TACCTCATCAATAGCC-6,GARQ,D18,0,40,40,30,0.007534027,T.CD4.Naive
GGCCATCAGGCTTAAC-6,GARQ,D18,0,40,40,36,0.027817547,T.CD4.Naive
TGTGATCAGGACCAGG-6,GARQ,D18,0,40,40,11,0.21085668,T.CD8.Effector
ACGCCACAGGGTCCAC-6,GARQ,D18,0,40,40,1,0.1311158,T.CD4.Naive
GGATTTATCCTCAGCT-6,GARQ,D18,0,40,40,37,0.09484494,B.Naive
TTGTAAGTCAGGAACA-6,GARQ,D18,0,40,40,1,0.013614655,T.CD4.Memory
GCTCACAAGTGAGAGC-6,GARQ,D18,0,40,40,11,0.22972226,T.CD8.Effector
CGAGCTGGTTCCTCCT-6,GARQ,D18,0,40,40,24,0.047883987,T.CD4.Naive
GATCGCTCATAGCGGA-6,GARQ,D18,0,40,40,24,0.05589688,T.CD4.Memory
GTATCGCCAGCTTACA-4,GARQ,D18,0,40,40,29,0.08178645,T.CD8.Effector
GCTGTACCAACAACAA-4,GARQ,D18,0,40,40,13,0.012265325,Mono.CD14
CTAAATGTCAATGACC-4,GARQ,D18,0,40,40,4,0.018800616,Mono.CD14
ACCAGGACAATTGAAG-4,GARQ,D18,0,40,40,4,0.03225571,DC.Myeloid
AGTAACGAGCTGGAAA-4,GARQ,D18,0,40,40,13,0.03246665,Mono.CD14
ATGGCCCAGGCTACTG-4,GARQ,D18,0,40,40,15,0.003117323,B.Naive
TACCAGGTCGTTAACA-4,GARQ,D18,0,40,40,37,0.108626366,B.Naive
TGGACTAGTTAGGCGT-4,GARQ,D18,0,40,40,13,0.15105772,Mono.CD14
TTTACGAAGACTATTG-4,GARQ,D18,0,40,40,37,0.08130205,B.Naive
TCATAACCATTATGAC-4,GARQ,D18,0,40,40,13,0.038463473,Mono.CD14
CTGGTTACACAGGGAC-4,GARQ,D18,0,40,40,35,0.0032413006,T.CD4.Naive
GTCATCACAATATAGG-4,GARQ,D18,0,40,40,4,0.042859316,Mono.CD14
GCATTAGGTTTATGGG-4,GARQ,D18,0,40,40,4,0.101264,Mono.CD14
TTGGGCCAGCGCCTAA-4,GARQ,D18,0,40,40,34,0.051618695,Platelets
TCTCAATTCCAGGTCA-4,GARQ,D18,0,40,40,13,0.05613172,Mono.CD14
TGAGCTTAGCAAGGAC-4,GARQ,D18,0,40,40,13,0.08143854,Mono.CD14
GGCCGTTAGGTCCTGA-4,GARQ,D18,0,40,40,13,0.08702278,Mono.CD14
GTCGCAATCCTGGTCT-4,GARQ,D18,0,40,40,13,0.082458496,Mono.CD14
GAACTTATCATCAGTA-4,GARQ,D18,0,40,40,4,0.099585414,Mono.CD14
AAAGCACCAGTCTAGC-4,GARQ,D18,0,40,40,15,0.042553782,B.Naive
GGTTAGCGTTCGCTTG-4,GARQ,D18,0,40,40,13,0.07831752,Mono.CD14
CGCTTGCGTAGGTGTC-4,GARQ,D18,0,40,40,37,0.007195711,B.Naive
CGACCTGCACACTAAT-4,GARQ,D18,0,40,40,25,0.019935787,T.CD4.Memory
GCTCTGTTCGCAAACT-4,GARQ,D18,0,40,40,37,0.00210011,B.Naive
TGTGTTAAGCTTGCTC-4,GARQ,D18,0,40,40,4,0.039397,Mono.CD14
TCGTTAAAGCATGGTT-4,GARQ,D18,0,40,40,4,0.049901962,Mono.CD14
AGCCTAAGTGCATTAG-4,GARQ,D18,0,40,40,15,0.080019295,B.Naive
GTATGTTCACGAATCC-4,GARQ,D18,0,40,40,4,0.089437604,Mono.CD14
CCTTCGGTCATGCTCC-4,GARQ,D18,0,40,40,15,0.036529183,B.Activated
GCTATCCTCTTTAGGA-4,GARQ,D18,0,40,40,4,0.018424988,Mono.CD14
CGTTAAATCCTAATTC-4,GARQ,D18,0,40,40,13,0.07379019,Mono.CD14
AGGTTAACACAGAACG-4,GARQ,D18,0,40,40,13,0.043625116,Mono.CD14
TCTGTGACACTTCACT-4,GARQ,D18,0,40,40,13,0.019477248,Mono.CD14
ATGACGAAGCATCCAG-4,GARQ,D18,0,40,40,37,0.052470565,B.Naive
TGTTCCTCATGCTCCC-4,GARQ,D18,0,40,40,15,0.016115546,B.Naive
GGCTAGACATGCTCCC-4,GARQ,D18,0,40,40,29,0.046307564,T.CD4.Naive
ACACAATGTGCATCGG-4,GARQ,D18,0,40,40,13,0.002064705,Mono.CD14
GTCCTCCCAGCATGAG-4,GARQ,D18,0,40,40,4,0.19346595,Mono.CD14
TTAGAAGCAAGTGTTT-4,GARQ,D18,0,40,40,2,0.08432293,T.CD4.Memory
AAGGCCCTCCTAGTTT-4,GARQ,D18,0,40,40,4,0.013092995,Mono.CD14
TTCCTTGAGCTACTGG-4,GARQ,D18,0,40,40,15,0.025202513,B.Activated
GAAGGCTAGTAGCGGG-4,GARQ,D18,0,40,40,24,0.08764696,T.CD4.Naive
CATTATGAGGTTTGAC-4,GARQ,D18,0,40,40,4,0.112208486,Mono.CD14
CGCTGTGCATAAGCAA-4,GARQ,D18,0,40,40,37,0.01079762,B.Naive
TAGCTTAAGGTTAGAG-4,GARQ,D18,0,40,40,15,0.05561292,B.Naive
TTGCTTAGTTGGCGTG-4,GARQ,D18,0,40,40,15,0.060462832,B.Naive
GCACCTAAGACAGGCG-4,GARQ,D18,0,40,40,4,0.028034806,Mono.CD14
CAGGACCTCGTAATCA-4,GARQ,D18,0,40,40,15,0.039162397,B.Activated
GTACTAATCATAACCA-4,GARQ,D18,0,40,40,24,0.037271917,T.CD4.Naive
AAACGCGCAGCAGGTA-4,GARQ,D18,0,40,40,37,0.013539076,B.Naive
ACTTGCACAGCTAATT-4,GARQ,D18,0,40,40,13,0.008988857,Mono.CD14
CCCGTAAAGGATGATG-4,GARQ,D18,0,40,40,13,0.03726411,Mono.CD14
CCAGTTTGTACCGAAC-4,GARQ,D18,0,40,40,13,0.044155717,Mono.CD14
GGCTGTCAGCAGGCCT-4,GARQ,D18,0,40,40,13,0.100262165,Mono.CD14
CGAGGCAAGGCATGTT-4,GARQ,D18,0,40,40,33,0.042482376,T.CD4.Naive
TGAGGTGCATCACAGC-4,GARQ,D18,0,40,40,29,0.006429255,T.CD4.Memory
TAGCTAATCTGGCATG-4,GARQ,D18,0,40,40,4,0.009487748,Mono.CD14
TTTGTGTTCGATATTG-4,GARQ,D18,0,40,40,15,0.06302774,B.Naive
CTCATGACATCAGCAC-4,GARQ,D18,0,40,40,13,0.048401356,Mono.CD14
AGCCTGGGTAGGTGTC-4,GARQ,D18,0,40,40,37,0.043399572,B.Naive
TTTCCACCATAGACTT-4,GARQ,D18,0,40,40,4,0.019981384,Mono.CD14
TCCGGTAAGGACTTAC-4,GARQ,D18,0,40,40,37,0.03799236,B.Naive
GGCTTCAAGATAAAGC-4,GARQ,D18,0,40,40,4,0.05023241,Mono.CD14
ATTCCTCCACTTACAG-4,GARQ,D18,0,40,40,28,0.06134507,Platelets
GGCGGTTTCCTCCATA-4,GARQ,D18,0,40,40,29,0.16430879,T.CD4.Memory
CTCACAACATCATGTG-4,GARQ,D18,0,40,40,37,0.112035036,B.Naive
GTTGCATAGCATGTTA-4,GARQ,D18,0,40,40,4,0.048518777,Mono.CD14
TACCAAATCGAGCAAA-4,GARQ,D18,0,40,40,13,0.03493762,Mono.CD14
GCGTTTCTCCGGTTAG-4,GARQ,D18,0,40,40,29,0.018966794,T.CD4.Memory
TAACCGGTCCTCCATA-4,GARQ,D18,0,40,40,4,0.018367529,Mono.CD14
AATGTCATCATTAGGC-4,GARQ,D18,0,40,40,37,0.0037841797,B.Naive
ACGATTCAGCAAGGGT-4,GARQ,D18,0,40,40,29,0.011581302,T.CD4.Memory
CGCAATGTCTTGTCTG-4,GARQ,D18,0,40,40,15,0.0070023537,B.Activated
TACTTCGTCTACCTGC-4,GARQ,D18,0,40,40,4,0.031165004,Mono.CD14
GGTACTTAGGGTCCAC-4,GARQ,D18,0,40,40,4,0.11172551,Mono.CD14
CACCGGTAGTAACTCA-4,GARQ,D18,0,40,40,13,0.006119132,Mono.CD14
GATTGATGTACGTTTC-4,GARQ,D18,0,40,40,37,0.06944978,B.Naive
GGTAACCGTTTGGCTT-4,GARQ,D18,0,40,40,21,0.2579348,T.CD8.Effector
CGGCAATGTTTGGCTT-4,GARQ,D18,0,40,40,37,0.08367503,B.Naive
AAGCCTCCAAAGCGGC-4,GARQ,D18,0,40,40,13,0.048071384,Mono.CD14
CGCACACAGGTTTGAC-4,GARQ,D18,0,40,40,37,0.06869185,B.Naive
AGTCAGGCAGCAAGTG-4,GARQ,D18,0,40,40,37,0.0087714195,B.Naive
CGTCCTAGTGCAACTA-4,GARQ,D18,0,40,40,15,0.0014429092,B.Activated
ACTCCTCAGCACTTGG-4,GARQ,D18,0,40,40,37,0.10271907,B.Naive
TTTGCGACATGGAGGC-4,GARQ,D18,0,40,40,27,0.038161516,T.CD4.Memory
CTTAATGAGTTCCTCA-4,GARQ,D18,0,40,40,37,0.009407878,B.Naive
AGTTTGCAGTCCTGAG-4,GARQ,D18,0,40,40,15,0.07245684,B.Naive
AAGGTGCAGTCACGAT-4,GARQ,D18,0,40,40,15,0.08013058,B.Naive
CAGCATGTCTCTAGCC-4,GARQ,D18,0,40,40,4,0.0041999817,Mono.CD14
ATTACGTCAGTTTCTC-4,GARQ,D18,0,40,40,24,0.058004558,T.CD4.Memory
TGGTAAACAGCATGAG-4,GARQ,D18,0,40,40,13,0.026010394,Mono.CD14
TGTGTGAGTGTTTGTC-4,GARQ,D18,0,40,40,24,0.11198807,T.CD4.Memory
GATGCATTCCGTAAAC-4,GARQ,D18,0,40,40,23,0.01585424,T.CD8.Effector
GATTGCGTCTAGCTAA-4,GARQ,D18,0,40,40,37,0.022648335,B.Naive
CCCGTAAAGTAGAGGC-4,GARQ,D18,0,40,40,37,0.057158947,B.Naive
ACAAAGGTCTGTAATG-4,GARQ,D18,0,40,40,15,0.040815473,B.Naive
TCCAGGATCCCATAGG-4,GARQ,D18,0,40,40,37,0.0128958225,B.Naive
GCTTATCGTAATGACT-4,GARQ,D18,0,40,40,29,0.21987104,T.CD4.Memory
GCAAGTCGTAGCAGCT-4,GARQ,D18,0,40,40,37,0.044083238,B.Naive
GGTAAGGGTTTAGCTC-4,GARQ,D18,0,40,40,4,0.094578385,Mono.CD14
GATTATGTCATGCTCC-4,GARQ,D18,0,40,40,37,0.022471905,B.Naive
GAGGTACAGTTCCCAC-4,GARQ,D18,0,40,40,37,0.05998826,B.Naive
TCCCGGACACTCGCTC-4,GARQ,D18,0,40,40,29,0.11882579,T.CD4.Memory
TCAAGACTCAAACCTA-4,GARQ,D18,0,40,40,31,0.017077684,T.CD4.Naive
TAGGTTATCCTCACAC-4,GARQ,D18,0,40,40,37,0.08523893,B.Naive
ACTTATCTCACGCGGT-4,GARQ,D18,0,40,40,4,0.016486645,Mono.CD14
AATTTCCTCCGGTTAG-4,GARQ,D18,0,40,40,33,0.08099592,T.CD4.Naive
CTCTTGATCAATGACC-4,GARQ,D18,0,40,40,15,0.0050981045,B.Naive
AATTTGCCATCCCTCA-4,GARQ,D18,0,40,40,37,0.014881372,B.Naive
CTTGGACCACCTAATG-4,GARQ,D18,0,40,40,4,0.037793517,Mono.CD14
AAACGGATCTCACTAT-4,GARQ,D18,0,40,40,15,0.045437098,B.Naive
ACACAATGTTCGCTTG-4,GARQ,D18,0,40,40,15,0.039046645,B.Activated
CTTTAGTTCGTAATCA-4,GARQ,D18,0,40,40,15,0.05530727,B.Naive
GGGCCTAGTCCACAAA-4,GARQ,D18,0,40,40,37,0.022090435,B.Naive
AGCACAGCATAGCAGG-4,GARQ,D18,0,40,40,32,0.055005252,T.CD8.Effector
GCATTAGGTTTGGCGG-4,GARQ,D18,0,40,40,13,0.06373584,Mono.CD14
AGCTAACTCGCGCTAA-4,GARQ,D18,0,40,40,29,0.14897215,T.CD4.Memory
ATGTTTGAGGGCTTTG-4,GARQ,D18,0,40,40,37,0.1113565,B.Naive
CGCATATAGCACAGCC-4,GARQ,D18,0,40,40,15,0.012193203,B.Naive
CTCCATCAGCCTTAAA-4,GARQ,D18,0,40,40,29,0.2849418,T.CD4.Memory
GAGGACTAGATAGACG-4,GARQ,D18,0,40,40,37,0.02763915,B.Naive
GAGTAACCATTTAAGC-4,GARQ,D18,0,40,40,4,0.034361124,Mono.CD14
TGGTCCTTCATGCATA-4,GARQ,D18,0,40,40,4,0.09916437,Mono.CD14
CTCGCTCCAACAGGAT-4,GARQ,D18,0,40,40,37,0.011745453,B.Activated
GCGGGTTTCCACCCTG-4,GARQ,D18,0,40,40,13,0.041457176,Mono.CD14
GTTGCTGAGATGGAGC-4,GARQ,D18,0,40,40,13,0.04781437,Mono.CD14
CTCCCTGAGGAGGCAT-4,GARQ,D18,0,40,40,4,0.058709264,Mono.CD14
TGTGCGCAGTCTTGAA-4,GARQ,D18,0,40,40,29,0.030248523,T.CD4.Memory
TGGTTAATCACACAGT-4,GARQ,D18,0,40,40,31,0.0077741146,T.CD4.Naive
CACTAAGGTTACATCC-4,GARQ,D18,0,40,40,37,0.045655966,B.Naive
TCTTAGCGTTTCCGGC-4,GARQ,D18,0,40,40,15,0.09408355,B.Naive
GCGAAGCCAGAGGGAG-4,GARQ,D18,0,40,40,37,0.030354619,B.Activated
ATGGTGCGTATTGAGT-4,GARQ,D18,0,40,40,36,0.03572023,T.CD4.Naive
ATGATGGAGTGGCGGA-4,GARQ,D18,0,40,40,29,0.1715666,T.CD4.Memory
AGGCTAAAGTGAGGTA-4,GARQ,D18,0,40,40,37,0.007404804,B.Naive
GCCATTACAGCCTAAC-4,GARQ,D18,0,40,40,15,0.064468145,B.Naive
TATAACCCAGTAATAG-4,GARQ,D18,0,40,40,26,0.02585864,NK
TACGCACCATTGTGAT-4,GARQ,D18,0,40,40,4,0.03229165,Mono.CD14
TGGTTCTGTAGCTGCG-4,GARQ,D18,0,40,40,37,0.018538475,B.Activated
ATTCCGGAGCAATAGG-4,GARQ,D18,0,40,40,33,0.1309036,T.CD4.Naive
CCTGTTGGTACCCACC-4,GARQ,D18,0,40,40,33,0.031653643,T.CD4.Naive
CTCGACAAGGGATGCG-4,GARQ,D18,0,40,40,37,0.09501088,B.Naive
ACATAGCTCCCTCTAA-4,GARQ,D18,0,40,40,5,0.095317006,T.CD8.Naive
GTCCATTGTTGCATCT-4,GARQ,D18,0,40,40,13,0.029870033,Mono.CD14
ACGCTTGAGCACTAGT-4,GARQ,D18,0,40,40,37,0.06704974,B.Naive
TCAGCGATCCTTCTAG-4,GARQ,D18,0,40,40,15,0.08930218,B.Activated
GGTAATTGTGATGGCT-4,GARQ,D18,0,40,40,1,0.010735989,T.CD4.Naive
GTTTCTAGTACCGGAT-4,GARQ,D18,0,40,40,15,0.0784384,B.Naive
TAGCGGCTCGTTTCTG-4,GARQ,D18,0,40,40,11,0.034760714,T.CD4.Memory
TCACATAAGCTGTCAG-4,GARQ,D18,0,40,40,29,0.023891926,T.CD4.Memory
GAGTAATAGCTCATAA-4,GARQ,D18,0,40,40,37,0.00062167645,B.Naive
AACAGGATCTTGTCTG-4,GARQ,D18,0,40,40,4,0.06885499,Mono.CD14
CGCTAACCACGGTACT-4,GARQ,D18,0,40,40,15,0.048553824,B.Activated
AGCTACTAGGCTAGAA-4,GARQ,D18,0,40,40,11,0.014700413,T.CD4.Memory
CAACAATGTCCCGAAG-4,GARQ,D18,0,40,40,35,0.02131033,T.CD4.Naive
GTGCGGTTCCTCAGTC-4,GARQ,D18,0,40,40,29,0.040510535,T.CD8.Effector
AGTCCTGAGTGACCTG-4,GARQ,D18,0,40,40,37,0.043268204,B.Naive
TCGACAAGTCACAGAC-4,GARQ,D18,0,40,40,1,0.010687709,T.CD4.Naive
AAGCGGGTCTAAGTGC-4,GARQ,D18,0,40,40,11,0.10931635,T.CD8.Effector
GCCTCAAAGTTTGGGT-4,GARQ,D18,0,40,40,35,0.0720408,T.CD4.Memory
TGAAGTGAGGTAGCTT-4,GARQ,D18,0,40,40,15,0.048920512,B.Naive
GTATTGCAGTGAGAGC-4,GARQ,D18,0,40,40,14,0.025623322,T.CD8.Effector
ATGTTCAAGGACTTAC-4,GARQ,D18,0,40,40,2,0.0010088682,T.CD8.Naive
TTATAGCCAACCTAAT-4,GARQ,D18,0,40,40,1,0.08781195,T.CD4.Naive
TAGCTTAAGCGCTCAA-4,GARQ,D18,0,40,40,34,0.26675558,NK
AATTACCCAGCTTAAT-4,GARQ,D18,0,40,40,37,0.051114082,B.Activated
ACAGGCTGTTAGAGGG-4,GARQ,D18,0,40,40,11,0.016160846,T.CD8.Effector
TTCATCCCAACCTGGT-4,GARQ,D18,0,40,40,23,0.07848811,T.CD8.Effector
CAGCATGTCGGTCAAT-4,GARQ,D18,0,40,40,29,0.05576086,T.CD4.Memory
CAATGTCAGGCGCTTA-4,GARQ,D18,0,40,40,2,0.09006548,T.CD4.Memory
TCGTTATTCACAAGCT-4,GARQ,D18,0,40,40,3,0.03340769,T.CD4.Memory
ATAATGGCAAACTGTT-4,GARQ,D18,0,40,40,27,0.09076166,T.CD4.Naive
TGGTAAACAGTTGCGT-4,GARQ,D18,0,40,40,34,0.033474386,NK
TTGTCCGGTTAATGCG-4,GARQ,D18,0,40,40,31,0.018782258,T.CD4.Naive
CTGTTGGAGCATTTCT-4,GARQ,D18,0,40,40,13,0.03844571,Mono.CD14
TCAGGTTAGACCATAC-4,GARQ,D18,0,40,40,37,0.00071787834,B.Naive
ATTCACTTCCGTTATT-4,GARQ,D18,0,40,40,35,0.09279847,T.CD4.Memory
CGCTTCTAGTCGCTAG-4,GARQ,D18,0,40,40,33,0.05670619,T.CD8.Naive
TGTGCGGGTCACCAAA-4,GARQ,D18,0,40,40,14,0.07796186,T.CD4.Memory
ATTAGGTGTACCGTTT-4,GARQ,D18,0,40,40,35,0.03974557,T.CD4.Naive
TACAATGTCCACCCTG-4,GARQ,D18,0,40,40,1,0.026105165,T.CD8.Naive
GCACCTAAGGAGCACG-4,GARQ,D18,0,40,40,0,0.07616496,T.CD4.Naive
CTTATGTTCTATTGTC-4,GARQ,D18,0,40,40,31,0.07689655,T.CD4.Naive
CAGGAAGGTTAATGCG-4,GARQ,D18,0,40,40,33,0.014424086,T.CD4.Naive
GCACATTAGGCAATAG-4,GARQ,D18,0,40,40,13,0.00843215,Mono.CD14
CGATTCCTCAGGAACA-4,GARQ,D18,0,40,40,33,0.09083462,T.CD4.Memory
ACAGCGCTCATAGACC-4,GARQ,D18,0,40,40,29,0.05652201,T.CD4.Memory
CTGACATAGCTCCCTG-4,GARQ,D18,0,40,40,37,0.002015233,B.Naive
AGCATTTCAGAACCGA-4,GARQ,D18,0,40,40,37,0.020456076,B.Naive
ACCTGGATCGAAGCGG-4,GARQ,D18,0,40,40,37,0.0727067,B.Naive
GAGATAAGTCACTCGC-4,GARQ,D18,0,40,40,1,0.0051493645,T.CD4.Naive
TATAGGTGTAGCCTCC-4,GARQ,D18,0,40,40,29,0.24418008,T.CD4.Memory
GCTATCCTCTACTAAG-4,GARQ,D18,0,40,40,24,0.022705674,T.CD4.Memory
ACCTGGTCATGTTGTG-4,GARQ,D18,0,40,40,29,0.012681007,T.CD8.Effector
GCAGCAACATTGGGAG-4,GARQ,D18,0,40,40,14,0.061338007,T.CD8.Effector
GAGTTACTCATTACTC-4,GARQ,D18,0,40,40,24,0.04982996,T.CD4.Naive
TTTCATCAGCTATTGA-4,GARQ,D18,0,40,40,29,0.064092755,T.CD4.Memory
AGCCGCTAGGTGAGAC-4,GARQ,D18,0,40,40,4,0.07759225,Mono.CD14
GCTGCACAGCTGTCAG-4,GARQ,D18,0,40,40,1,0.06193167,T.CD4.Memory
GTGGTTAGTGATGGCT-4,GARQ,D18,0,40,40,24,0.009088159,T.CD8.Naive
GATTGCGTCTTAGGAC-4,GARQ,D18,0,40,40,1,0.054131567,T.CD4.Naive
GAGGTTAAGGTTTACA-4,GARQ,D18,0,40,40,24,0.047562122,T.CD4.Memory
ACTCGCTTCCTACCTA-4,GARQ,D18,0,40,40,31,0.02117467,T.CD4.Naive
GAGTGTTTCCCTCAGT-4,GARQ,D18,0,40,40,10,0.0028001666,T.CD8.Naive
TTGCGAGTCGATTTGA-4,GARQ,D18,0,40,40,24,0.043625236,T.CD4.Naive
GGTTATATCGGCTAGC-4,GARQ,D18,0,40,40,29,0.14147723,T.CD8.Effector
ATGTTGTCATGAGTTT-4,GARQ,D18,0,40,40,2,0.14543033,T.CD4.Naive
CCAATATCATGTCAGC-4,GARQ,D18,0,40,40,15,0.01566565,B.Activated
CCCGCTTCAACCTGGT-4,GARQ,D18,0,40,40,4,0.032109976,Mono.CD14
GTAAAGCCATTCCTGT-4,GARQ,D18,0,40,40,15,0.078452826,B.Naive
GTATTGTCACTAGCGT-4,GARQ,D18,0,40,40,11,0.1329636,T.CD8.Effector
CTAAGGTTCAGCAAAG-4,GARQ,D18,0,40,40,1,0.051630497,T.CD4.Naive
TGTCAGTAGGCTGTGC-4,GARQ,D18,0,40,40,7,0.007874608,T.CD4.Naive
GGTTGACGTCGTTACT-4,GARQ,D18,0,40,40,15,0.0019090176,B.Naive
CGCAATTAGGGCTAAA-4,GARQ,D18,0,40,40,31,0.0035030842,T.CD8.Naive
GATGGCTGTCTTGCAT-4,GARQ,D18,0,40,40,17,0.10729557,NK
CATTGTAAGTCCTGAG-4,GARQ,D18,0,40,40,33,0.08862984,T.CD4.Naive
CCTTTAGTCTTAGGAC-4,GARQ,D18,0,40,40,29,0.38594854,T.CD4.Memory
CCTGTTGGTATACTGG-4,GARQ,D18,0,40,40,33,0.044108868,T.CD4.Naive
AAGTGTTGTGAAACAA-4,GARQ,D18,0,40,40,33,0.028519988,T.CD4.Naive
ATGCGATTCACGAATC-4,GARQ,D18,0,40,40,11,0.039509177,T.CD8.Effector
CAGGACACATTAAAGG-4,GARQ,D18,0,40,40,15,0.007248044,B.Naive
TAATCCGCAAGGCCAA-4,GARQ,D18,0,40,40,24,0.09771526,T.CD4.Naive
AATGTCCAGCTATATG-4,GARQ,D18,0,40,40,29,0.08326745,T.CD4.Memory
GGTACTTAGCAGGTGG-4,GARQ,D18,0,40,40,37,0.019063473,B.Naive
GGAGCGATCAGGTTTA-4,GARQ,D18,0,40,40,29,0.07522249,T.CD8.Effector
GTCGAGGAGTTTAACG-4,GARQ,D18,0,40,40,33,0.046910048,T.CD8.Naive
ACCCAACCAGCATGTC-4,GARQ,D18,0,40,40,29,0.25008214,T.CD4.Memory
GACATAGAGTTGCCTC-4,GARQ,D18,0,40,40,4,0.027863503,Mono.CD14
AGGTACGCATGATTGT-4,GARQ,D18,0,40,40,29,0.15542328,T.CD4.Memory
ATGAAGTAGGAGCATA-4,GARQ,D18,0,40,40,29,0.2068187,T.CD4.Memory
GACACCGGTAAGCTTG-4,GARQ,D18,0,40,40,37,0.061912537,B.Naive
AAGACATAGCAAGGTA-4,GARQ,D18,0,40,40,10,0.027328312,T.CD4.Naive
CAAGAACCAACGTGCT-4,GARQ,D18,0,40,40,35,0.1177721,T.CD4.Memory
CAGGTGGAGGTAAGGC-4,GARQ,D18,0,40,40,24,0.008615255,T.CD8.Effector
CCGCAAGGTCAACAAT-4,GARQ,D18,0,40,40,29,0.0024187565,T.CD4.Memory
GGGTTATTCACATTGA-4,GARQ,D18,0,40,40,3,0.038161933,T.CD8.Effector
GGTTAGCGTTCACCCA-4,GARQ,D18,0,40,40,34,0.3960178,NK
GAGGTAGGTACAATGT-4,GARQ,D18,0,40,40,1,0.033481,T.CD4.Naive
CTGTAACAGGGACCTC-4,GARQ,D18,0,40,40,24,0.0856505,T.CD8.Naive
GGTTGAGCACGAATCC-4,GARQ,D18,0,40,40,33,0.036902785,T.CD4.Naive
GTAGCGCTCTGGCATG-4,GARQ,D18,0,40,40,1,0.029282808,T.CD4.Memory
GTTGCGGGTTAACACG-4,GARQ,D18,0,40,40,29,0.1644926,T.CD8.Effector
GATTACTCAACTGGGA-4,GARQ,D18,0,40,40,35,0.022880673,T.CD8.Naive
CGGAGTCTCGCAAACT-4,GARQ,D18,0,40,40,24,0.020868182,T.CD4.Naive
ACCTAAGGTTAGGTGC-4,GARQ,D18,0,40,40,35,0.0067099333,T.CD8.Naive
ATTCCGGAGGATGATG-4,GARQ,D18,0,40,40,34,0.22180885,NK
ACCTGGTCACAGCCTG-4,GARQ,D18,0,40,40,1,0.029721022,T.CD4.Memory
GCTTACCTCAACCAAC-4,GARQ,D18,0,40,40,26,0.11252552,NK
AGTTACTCAAATGCCC-4,GARQ,D18,0,40,40,36,0.010022759,T.CD8.Naive
GGTTTCCTCTCGCCCA-4,GARQ,D18,0,40,40,21,0.112873614,T.CD4.Memory
CGACTAAGTGCTTTAC-4,GARQ,D18,0,40,40,20,0.004183471,T.CD4.Naive
CCAAACTAGGGTGAGT-4,GARQ,D18,0,40,40,37,0.020961404,B.Naive
ACGGTTAGTATGGTGC-4,GARQ,D18,0,40,40,3,0.026309788,T.CD4.Memory
CTATAACCATTGCAGC-4,GARQ,D18,0,40,40,0,0.037392557,T.CD4.Memory
AGGACGTAGCATGAAG-4,GARQ,D18,0,40,40,24,0.03770435,T.CD4.Memory
TTTCTTGCACAGAAAC-4,GARQ,D18,0,40,40,33,0.008557141,T.CD4.Naive
ACTGAAACACTTACAG-4,GARQ,D18,0,40,40,24,0.030966282,T.CD4.Memory
GCAGGAAGTTCGGTAA-4,GARQ,D18,0,40,40,1,0.06846213,T.CD4.Naive
TCCATGCTCACGCGGT-4,GARQ,D18,0,40,40,34,0.106086254,NK
AGTTGCGTCACACAGT-4,GARQ,D18,0,40,40,24,0.018601656,T.CD4.Memory
CGTACGGGTAGTTAAC-4,GARQ,D18,0,40,40,34,0.322968,T.CD8.Effector
CAGGTCCAGACAAAGT-4,GARQ,D18,0,40,40,37,0.09682608,B.Naive
AAAGGTTAGTGCACGC-4,GARQ,D18,0,40,40,1,0.07061136,T.CD4.Naive
CTTAAGATCACCTGCT-4,GARQ,D18,0,40,40,37,0.039035082,B.Activated
CAGCATGTCCCTCAGT-4,GARQ,D18,0,40,40,14,0.008638978,T.CD8.Naive
AAACCGAAGGTGAAAT-4,GARQ,D18,0,40,40,1,9.328127e-05,T.CD4.Naive
AGTGAGTCATTGCGAC-4,GARQ,D18,0,40,40,15,0.05142176,B.Naive
TTCTTAGGTTAGGACC-4,GARQ,D18,0,40,40,26,0.22904575,NK
GCCCGTTGTGTTGTGA-4,GARQ,D18,0,40,40,35,0.01794821,T.CD4.Memory
AACGCCCAGGTACCGC-4,GARQ,D18,0,40,40,24,0.058482647,T.CD4.Naive
ATTAGTCCAATGAGGT-4,GARQ,D18,0,40,40,15,0.054264188,B.Activated
AAACCGAAGGCGCATC-4,GARQ,D18,0,40,40,31,0.04066974,T.CD4.Memory
CTTTATGGTTTATCGC-4,GARQ,D18,0,40,40,37,0.12956548,B.Naive
CCTGCTCCAAACGCGA-4,GARQ,D18,0,40,40,19,0.05912471,T.CD4.Memory
ATTCGTTTCGCTTCTA-4,GARQ,D18,0,40,40,4,0.05273962,Mono.CD14
ACTAACCAGAACCTGT-4,GARQ,D18,0,40,40,27,0.15402567,T.CD4.Naive
GTTTCCTCAATCATGT-4,GARQ,D18,0,40,40,29,0.0029802322,T.CD4.Memory
GGCATTGTCTAGCTAA-4,GARQ,D18,0,40,40,1,0.037980318,T.CD4.Naive
TTTAGCAAGAAAGGAA-4,GARQ,D18,0,40,40,20,0.0063149333,T.CD8.Effector
GAGTTACTCTATTGTC-4,GARQ,D18,0,40,40,29,0.019311845,T.CD4.Memory
AACGCCCAGTTATTCC-4,GARQ,D18,0,40,40,34,0.17041647,NK
TCCAGGATCGTCCTTA-4,GARQ,D18,0,40,40,37,0.008098602,B.Activated
GCAGGATAGAGGAGGA-4,GARQ,D18,0,40,40,20,0.051416278,T.CD4.Memory
GAGGTACAGTGCTGTG-4,GARQ,D18,0,40,40,0,0.08753562,T.CD4.Naive
GCGATATTCATCCTGC-4,GARQ,D18,0,40,40,2,0.06773281,T.CD4.Memory
AGCCGCTAGTAAGTGG-4,GARQ,D18,0,40,40,24,0.08018565,T.CD4.Naive
TTGTGAGGTTGCATCT-4,GARQ,D18,0,40,40,27,0.03282857,T.CD4.Naive
TACTGAGGTTGGTTAG-4,GARQ,D18,0,40,40,1,0.0519346,T.CD4.Naive
CAATCTAAGGTCCAAT-4,GARQ,D18,0,40,40,24,0.06997836,T.CD4.Naive
GTCATCACAGGCATGA-4,GARQ,D18,0,40,40,27,0.009426832,T.CD4.Memory
TAAGCCAGTGGAAGGC-4,GARQ,D18,0,40,40,11,0.014480829,T.CD8.Effector
TCGTTACGTTATCCGT-4,GARQ,D18,0,40,40,24,0.07327032,T.CD4.Memory
GATTCCTGTAACCTAG-4,GARQ,D18,0,40,40,24,0.012220025,T.CD4.Naive
TCAGGTTAGCTTTGGG-4,GARQ,D18,0,40,40,1,0.030085385,T.CD8.Naive
TCAGGTCCATTGTGCA-4,GARQ,D18,0,40,40,1,0.12232828,T.CD4.Memory
TTGCAACAGAGAGCCG-4,GARQ,D18,0,40,40,1,0.056156278,T.CD4.Memory
GGTTAGCGTTAACGAT-4,GARQ,D18,0,40,40,34,0.16839641,NK
TACCAAATCTTGTTCG-4,GARQ,D18,0,40,40,31,0.028076887,T.CD4.Naive
GGTACTAGTGCGCATG-4,GARQ,D18,0,40,40,33,0.005958438,T.CD4.Naive
CTGGCTAAGCAGGTGG-4,GARQ,D18,0,40,40,33,0.08665037,T.CD4.Memory
GATTAGTGTTACAAAC-4,GARQ,D18,0,40,40,36,0.14501584,T.CD4.Naive
CAGCCTAAGGCCATCA-4,GARQ,D18,0,40,40,24,0.044002414,T.CD4.Memory
GCCCGTTGTGTTGTAG-4,GARQ,D18,0,40,40,23,0.017306864,T.CD8.Effector
AGTGATGAGTAACGAG-4,GARQ,D18,0,40,40,37,0.01584673,B.Naive
GATTATGTCTTGATGA-4,GARQ,D18,0,40,40,1,0.08743048,T.CD4.Naive
GAGCAAATCTGTGAGT-4,GARQ,D18,0,40,40,2,0.04546511,T.CD4.Memory
AATGCAACAGGAAGCC-4,GARQ,D18,0,40,40,1,0.04809892,T.CD4.Naive
CTAGTAGGTGCGCAAT-4,GARQ,D18,0,40,40,1,0.08662647,T.CD4.Memory
GGTTATGGTAGACAAA-4,GARQ,D18,0,40,40,34,0.14346337,NK
GATTAAGCAAGTAAGC-4,GARQ,D18,0,40,40,34,0.2763672,NK
TGCTTGTGTTGAGCCG-4,GARQ,D18,0,40,40,33,0.004430294,T.CD4.Memory
CCTGCTCCACAACCTA-4,GARQ,D18,0,40,40,31,0.032970905,T.CD4.Naive
GGGTTATTCGATTCTT-4,GARQ,D18,0,40,40,31,0.03433889,T.CD4.Memory
AACCTCCTCCAGGTTG-4,GARQ,D18,0,40,40,11,0.0621953,T.CD8.Effector
CATTTGTTCCTTGCGT-4,GARQ,D18,0,40,40,1,0.007448375,T.CD4.Naive
CGGCTAATCTTGTTCG-4,GARQ,D18,0,40,40,33,0.027216077,T.CD4.Naive
ATGCATTCATTAGCCA-4,GARQ,D18,0,40,40,24,0.15311098,T.CD8.Naive
GGCCTCTGTTATGTGG-4,GARQ,D18,0,40,40,11,0.03209734,NK
GTTAACCAGTCATTAG-4,GARQ,D18,0,40,40,27,0.029108286,T.CD4.Memory
TGTTATGAGATTGAGG-4,GARQ,D18,0,40,40,31,0.047661304,T.CD4.Naive
GAGCTTGTCGTAATCA-4,GARQ,D18,0,40,40,33,0.0015355349,T.CD4.Naive
CCATAAATCATGTCAA-4,GARQ,D18,0,40,40,1,0.08692181,T.CD4.Naive
TTGTTTGGTGCGCATG-4,GARQ,D18,0,40,40,29,0.031134069,T.CD4.Memory
AGGCAATCACATAACT-4,GARQ,D18,0,40,40,38,0.024398685,T.CD8.Naive
TTAAGCCAGTAACAGG-4,GARQ,D18,0,40,40,1,0.09045923,T.CD4.Naive
AAGACCAAGCTGTAAC-4,GARQ,D18,0,40,40,24,0.014066219,T.CD8.Naive
GTAGTTATCCTAGTAA-4,GARQ,D18,0,40,40,24,0.04828012,T.CD8.Naive
GCTTATCGTTCAAGCA-4,GARQ,D18,0,40,40,1,0.03279233,T.CD4.Naive
CCTACTGGTTACCGGG-4,GARQ,D18,0,40,40,1,0.060104966,T.CD4.Naive
TTGTGCCTCCCGAAGC-4,GARQ,D18,0,40,40,27,0.01788187,T.CD4.Memory
GGAACCACAGGGAGCT-4,GARQ,D18,0,40,40,23,0.09288609,T.CD8.Effector
CACGCTAAGTCCTGAG-4,GARQ,D18,0,40,40,1,0.04489541,T.CD8.Naive
TATTGACCAATTGAAG-4,GARQ,D18,0,40,40,34,0.23131394,NK
TACCCGGCAACTGGCT-4,GARQ,D18,0,40,40,2,0.0367015,T.CD4.Naive
ATGACTCAGTTGTCAA-4,GARQ,D18,0,40,40,38,0.09887737,T.CD4.Memory
ATGCTTAAGGCATTAC-4,GARQ,D18,0,40,40,35,0.03670323,T.CD4.Naive
ATTCAACCACAAAGAC-4,GARQ,D18,0,40,40,11,0.07516694,T.CD8.Effector
CCATTGTGTACCGGAT-4,GARQ,D18,0,40,40,2,0.07971001,T.CD4.Naive
ATCAGGTTCACTCAAA-4,GARQ,D18,0,40,40,1,0.009558201,T.CD8.Naive
CCGTTACTCGGTTTCC-4,GARQ,D18,0,40,40,33,0.048649907,T.CD4.Naive
ACCTCACTCCTCAGTC-4,GARQ,D18,0,40,40,24,0.056145668,T.CD4.Naive
TCAAGTATCGTTCACC-4,GARQ,D18,0,40,40,1,0.14371598,T.CD4.Naive
CTTCAATTCGTTAGTA-4,GARQ,D18,0,40,40,37,0.064469695,B.Naive
GCTTTACGTTGGATCA-4,GARQ,D18,0,40,40,31,0.007960677,T.CD4.Naive
ACTAACTCACCCACCT-4,GARQ,D18,0,40,40,35,0.001802206,T.CD4.Naive
TTAAGGACACCTGTAA-4,GARQ,D18,0,40,40,36,0.027846217,T.CD4.Memory
CCTAATCGTTATAGCG-4,GARQ,D18,0,40,40,24,0.0119018555,T.CD8.Effector
ACGGTACGTAACGGGA-4,GARQ,D18,0,40,40,30,0.03119266,T.CD4.Memory
AGCGGACCACAATGTT-4,GARQ,D18,0,40,40,14,0.073098004,T.CD8.Naive
TGGTTCCTCACTAATG-4,GARQ,D18,0,40,40,31,0.0015467405,T.CD8.Naive
CAGTACCCACATGCTA-4,GARQ,D18,0,40,40,27,0.02350688,T.CD4.Memory
CTACCGGCAGTTTACG-4,GARQ,D18,0,40,40,1,0.05404997,T.CD4.Memory
GTAAAGCCAAAGCTAA-4,GARQ,D18,0,40,40,36,0.015495658,T.CD4.Memory
ATCACAATCCGCAACA-4,GARQ,D18,0,40,40,1,0.028316736,T.CD8.Naive
TTACAGCAGTGAGGGT-4,GARQ,D18,0,40,40,24,0.03010583,T.CD4.Memory
GCGCAAACAAAGCGGC-4,GARQ,D18,0,40,40,33,0.09633756,T.CD4.Naive
GCTGGATGTTCGGTAA-4,GARQ,D18,0,40,40,1,0.013005972,T.CD4.Memory
TATGAAGCATTATGCG-4,GARQ,D18,0,40,40,24,0.10594469,T.CD8.Naive
TATGGGCGTAATCGCA-4,GARQ,D18,0,40,40,11,0.15985686,T.CD8.Effector
TACATCAAGCGCTCAA-4,GARQ,D18,0,40,40,35,0.05518377,T.CD4.Naive
TATAGCCAGTGACCTG-4,GARQ,D18,0,40,40,35,0.025631785,T.CD4.Memory
CGCAAATTCCCGCAAA-4,GARQ,D18,0,40,40,33,0.0808233,T.CD4.Naive
TCAAACCAGCTTTGGG-4,GARQ,D18,0,40,40,1,0.11999893,T.CD4.Memory
ACCACATAGGATAAAC-4,GARQ,D18,0,40,40,34,0.2934451,T.CD8.Effector
GCCTCCATCGATTCTT-4,GARQ,D18,0,40,40,4,0.07913208,Mono.CD14
TATAGCCAGTTATTCC-4,GARQ,D18,0,40,40,34,0.15395087,NK
CTTTCTTGTTAACAGT-4,GARQ,D18,0,40,40,33,0.028083086,T.CD4.Naive
ACAGGATCAGCAATAA-4,GARQ,D18,0,40,40,7,0.0029304624,T.CD4.Memory
ACAGTATGTTTAGTCC-4,GARQ,D18,0,40,40,24,0.020043015,T.CD4.Naive
GACTTACAGGCTACTG-4,GARQ,D18,0,40,40,24,0.11004126,T.CD8.Naive
CGCTATGAGCTTCCCG-4,GARQ,D18,0,40,40,29,0.07030153,T.CD4.Memory
AGCACTTAGGAGGGTT-4,GARQ,D18,0,40,40,36,0.09532642,T.CD4.Memory
AAGCGAATCAGGAAGC-4,GARQ,D18,0,40,40,24,0.017061949,T.CD4.Memory
CGGGTATGTGAACAAA-4,GARQ,D18,0,40,40,1,0.029995918,T.CD4.Naive
CACTTAAAGTAAGAAC-4,GARQ,D18,0,40,40,16,0.020205975,T.CD8.Naive
CTGCTATGTCTTTGAC-4,GARQ,D18,0,40,40,29,0.0054356456,T.CD4.Memory
GTCCTCCCAATGAAGC-4,GARQ,D18,0,40,40,24,0.051033378,T.CD8.Naive
TCCTAGTGTCATAACG-4,GARQ,D18,0,40,40,24,0.0063302517,T.CD4.Memory
CGATTCCTCCCTCGCA-4,GARQ,D18,0,40,40,24,0.05088997,T.CD4.Naive
TTAGCAATCACCATTT-4,GARQ,D18,0,40,40,23,0.0019259453,T.CD8.Effector
GGTTACTAGGAGGTTA-4,GARQ,D18,0,40,40,35,0.027018666,T.CD4.Naive
GAGCAAATCTTGCATT-4,GARQ,D18,0,40,40,2,0.036979795,T.CD4.Memory
CCTTCAGGTTATCGAG-4,GARQ,D18,0,40,40,33,0.064535856,T.CD4.Memory
GTAAGCTTCATGTTTC-4,GARQ,D18,0,40,40,24,0.014848471,T.CD8.Effector
TGGGCCTAGCACTTGG-4,GARQ,D18,0,40,40,1,0.044368625,T.CD4.Memory
ATTGTCCGTTTGCTGT-4,GARQ,D18,0,40,40,31,0.04437852,T.CD8.Naive
CTGGCTAAGGATTTGC-4,GARQ,D18,0,40,40,34,0.3701651,NK
CGATTGAGTTACCTGT-4,GARQ,D18,0,40,40,11,0.136868,T.CD8.Effector
AGCTGCTCAGGAACAT-4,GARQ,D18,0,40,40,1,0.028779626,T.CD4.Naive
CCCTAATGTACCGAAC-4,GARQ,D18,0,40,40,3,0.019283533,T.CD8.Effector
ATCGAGGCAAATACCT-4,GARQ,D18,0,40,40,1,0.008406341,T.CD4.Naive
GATCACTAGAACCTAC-4,GARQ,D18,0,40,40,35,0.0024095774,T.CD4.Memory
GATGGCTGTTAGCTGA-4,GARQ,D18,0,40,40,11,0.03188312,T.CD8.Effector
TACGCACCACTGGCTG-4,GARQ,D18,0,40,40,36,0.03239894,T.CD4.Naive
TGGACAAAGCCGCAGT-4,GARQ,D18,0,40,40,1,0.08611262,T.CD4.Naive
CTGACATAGGCCCAGT-4,GARQ,D18,0,40,40,23,0.024682343,T.CD8.Effector
AGTTGTCAGTCACCTC-4,GARQ,D18,0,40,40,24,0.17144096,T.CD4.Naive
CAAGGGAGTTACTTCA-4,GARQ,D18,0,40,40,1,0.00828433,T.CD4.Naive
GTTTCTAGTTTAGTCC-4,GARQ,D18,0,40,40,7,0.0011479855,T.CD4.Memory
GGTCCTGCACATAACT-4,GARQ,D18,0,40,40,31,0.004781842,T.CD8.Naive
ATACCTGCATTATGAC-4,GARQ,D18,0,40,40,24,0.10624039,T.CD4.Memory
TTGGCGGGTAGCCTAA-4,GARQ,D18,0,40,40,24,0.1519028,T.CD4.Memory
GTGCCTTTCGATTTAG-4,GARQ,D18,0,40,40,1,0.026124716,T.CD4.Memory
TATTCGTTCGGTAACT-4,GARQ,D18,0,40,40,38,0.042281747,T.CD8.Naive
TGGACTAGTGTTGTGA-4,GARQ,D18,0,40,40,34,0.1968193,NK
GTGCTGGGTGGTGAGA-4,GARQ,D18,0,40,40,11,0.107889354,T.CD8.Effector
TGATGAACAAACTCAT-4,GARQ,D18,0,40,40,24,0.041848063,T.CD4.Memory
GGGTTTCCATGAGTTT-4,GARQ,D18,0,40,40,24,0.06936985,T.CD4.Naive
GTATGTGGTAGCAGCT-4,GARQ,D18,0,40,40,24,0.04715717,T.CD4.Naive
CGGCTCACAAACTCAT-4,GARQ,D18,0,40,40,35,0.010900378,T.CD4.Naive
GTACCTTGTAGTAAGA-4,GARQ,D18,0,40,40,35,0.04788971,T.CD8.Naive
CCCAAACCAATAACCT-4,GARQ,D18,0,40,40,24,0.005230665,T.CD4.Memory
CATAGCTAGTAAACCC-4,GARQ,D18,0,40,40,1,0.08752239,T.CD4.Naive
GTTTCTAGTTAGCTGA-4,GARQ,D18,0,40,40,1,0.10053301,T.CD4.Naive
AGTCGCATCCTGGTGA-4,GARQ,D18,0,40,40,24,0.007148981,T.CD4.Memory
TGGATTGGTAACGAGG-4,GARQ,D18,0,40,40,31,0.04750943,T.CD4.Memory
AATGCAACAGTCTAGC-4,GARQ,D18,0,40,40,34,0.08322042,NK
AATTGACGTTGAATCG-4,GARQ,D18,0,40,40,37,0.014301777,B.Naive
CCAAGGCTCCAGCACA-4,GARQ,D18,0,40,40,24,0.11081004,T.CD4.Memory
CAAACCGTCTAACCTT-4,GARQ,D18,0,40,40,3,0.045829058,T.CD4.Memory
TCGTCAACATTAAAGG-4,GARQ,D18,0,40,40,37,0.097466946,B.Activated
CTTGTCCAGCTCCTTA-4,GARQ,D18,0,40,40,21,0.019619823,T.CD4.Memory
GGTGAGTAGGACAATG-4,GARQ,D18,0,40,40,23,0.04176283,T.CD8.Effector
CTCACAACATTAGGCC-4,GARQ,D18,0,40,40,24,0.009692907,T.CD4.Naive
CAAGGTAAGCGGTTAT-4,GARQ,D18,0,40,40,1,0.053516507,T.CD4.Naive
AACCTCCTCATGTGGT-4,GARQ,D18,0,40,40,24,0.057834864,T.CD4.Naive
GATCAGGCAAGCTTAT-4,GARQ,D18,0,40,40,1,0.110067844,T.CD8.Naive
CGGTGAACAAGCTACC-4,GARQ,D18,0,40,40,30,0.057614207,T.CD4.Memory
TTGCAACAGGCCATCA-4,GARQ,D18,0,40,40,28,0.010379195,T.CD8.Effector
ACCAGGGAGGCAAGTA-4,GARQ,D18,0,40,40,24,0.017217994,T.CD4.Naive
ACCGCAATCGACCTGA-4,GARQ,D18,0,40,40,24,0.032779574,T.CD4.Naive
TGGTCCTTCGGCTATG-4,GARQ,D18,0,40,40,27,0.11856425,T.CD4.Naive
GCGCTTAAGAAAGCAT-4,GARQ,D18,0,40,40,1,0.0019248128,T.CD4.Naive
ATCGAGGCAGGTTACC-4,GARQ,D18,0,40,40,1,0.018604279,T.CD4.Naive
TCAAACCAGTATTGTG-4,GARQ,D18,0,40,40,24,0.069518566,T.CD4.Memory
ACTTTGTTCAAGACTC-4,GARQ,D18,0,40,40,34,0.014983714,T.CD8.Effector
TCCCTCACATAGTCAT-4,GARQ,D18,0,40,40,24,0.073139906,T.CD4.Memory
CGATTATCACAGCCAT-4,GARQ,D18,0,40,40,19,0.0015918016,T.CD4.Naive
CTCTCACAGGTAGCTT-4,GARQ,D18,0,40,40,11,0.14555216,T.CD8.Effector
GAGCCACTCCCTGACT-4,GARQ,D18,0,40,40,29,0.06547141,T.CD4.Memory
AAAGCTTGTGTTTCAC-4,GARQ,D18,0,40,40,33,0.0032209754,T.CD8.Naive
TGGTTAATCCATAATG-4,GARQ,D18,0,40,40,11,0.157233,T.CD8.Effector
ACGTCCTTCGATAACC-4,GARQ,D18,0,40,40,24,0.056867123,T.CD4.Memory
CGAGGTGAGGCTACAT-4,GARQ,D18,0,40,40,1,0.019316554,T.CD4.Naive
TAAGGACCACACCAAC-4,GARQ,D18,0,40,40,24,0.100571275,T.CD4.Memory
TATCACAAGCGGATAA-4,GARQ,D18,0,40,40,24,0.058264017,T.CD4.Memory
AGAGATTAGCGCTCAA-4,GARQ,D18,0,40,40,11,0.16449547,T.CD8.Effector
CTTAACAAGTCACGAT-4,GARQ,D18,0,40,40,1,0.016346812,T.CD4.Memory
AGGACGTAGCTTATGA-4,GARQ,D18,0,40,40,24,0.03995049,T.CD4.Naive
TCCAGCAAGTAACGGA-4,GARQ,D18,0,40,40,1,0.094963014,T.CD8.Naive
ATGACAACATCCCGCT-4,GARQ,D18,0,40,40,1,0.015886784,T.CD4.Naive
GACTTACAGCATGCAT-4,GARQ,D18,0,40,40,35,0.01815772,T.CD4.Memory
CCTGTAACAATCCTAG-4,GARQ,D18,0,40,40,1,0.006015241,T.CD4.Naive
CCTGGATCATTAGGCC-4,GARQ,D18,0,40,40,34,0.23108375,NK
CATAGACTCGTTAGCG-4,GARQ,D18,0,40,40,33,0.04608059,T.CD8.Naive
CCATATTTCAGGAACA-4,GARQ,D18,0,40,40,11,0.08097255,T.CD8.Effector
TGTATCGCAACAGGAT-4,GARQ,D18,0,40,40,11,0.15488636,T.CD8.Effector
GGCAATCGTACGATTG-4,GARQ,D18,0,40,40,37,0.029158115,B.Naive
TGTGTTAAGTGGACAA-4,GARQ,D18,0,40,40,1,0.12506247,T.CD4.Naive
GTTAATGTCTGCAACG-4,GARQ,D18,0,40,40,1,0.15224767,T.CD4.Naive
CTCTAGCTCGTAACGT-4,GARQ,D18,0,40,40,33,0.0073275566,T.CD4.Naive
GCTTTACGTCACTCGC-4,GARQ,D18,0,40,40,33,0.020540476,T.CD8.Naive
GGTTATGGTGTGCAAC-4,GARQ,D18,0,40,40,2,0.053599536,T.CD4.Memory
GACTAATGTCACACCC-4,GARQ,D18,0,40,40,24,0.06272495,T.CD4.Memory
AGCCGGTTCATAACCA-4,GARQ,D18,0,40,40,1,0.032779217,T.CD4.Memory
CCTTGTTCACCTGTAA-4,GARQ,D18,0,40,40,11,0.0048878193,T.CD4.Memory
AGGTTTATCAATCTAG-4,GARQ,D18,0,40,40,34,0.1546272,T.CD8.Effector
CTATGATCACGTGCTG-4,GARQ,D18,0,40,40,24,0.031754017,T.CD4.Naive
TTGTGAGGTATTGGTG-4,GARQ,D18,0,40,40,37,0.0057530403,B.Naive
CGAAGAATCGAAGCGG-4,GARQ,D18,0,40,40,1,0.026839733,T.CD4.Naive
GTTACAGGTACCGTAA-4,GARQ,D18,0,40,40,34,0.011814058,T.CD8.Effector
GTACCTTGTGTGCACG-4,GARQ,D18,0,40,40,11,0.09445715,T.CD4.Memory
TTCGTTAGTCGCAATA-4,GARQ,D18,0,40,40,11,0.13769627,T.CD8.Effector
CAGAACCGTTAACACG-4,GARQ,D18,0,40,40,37,0.070022106,B.Naive
CAATCCTGTTTGCGAA-5,GARQ,D18,0,40,40,33,0.05611086,T.CD4.Naive
GGCTGTCAGTCCTTCA-5,GARQ,D18,0,40,40,6,0.068389416,T.CD4.Memory
GTGTTCCTCTGCAAAC-5,GARQ,D18,0,40,40,13,0.08206141,Mono.CD14
ACTTGCACATTAGGCC-5,GARQ,D18,0,40,40,24,0.0010614395,T.CD8.Effector
CTGATCACACAACCTA-5,GARQ,D18,0,40,40,15,0.0043747425,B.Naive
GACTCACCAATAAGCA-5,GARQ,D18,0,40,40,33,0.056954503,T.CD4.Memory
GCAATCTAGTCAATCA-5,GARQ,D18,0,40,40,29,0.26109385,T.CD8.Effector
AATGCGCGTTAGGTTG-5,GARQ,D18,0,40,40,37,0.08127618,B.Naive
TGATTGCAGGATGATG-5,GARQ,D18,0,40,40,13,0.093981385,Mono.CD14
CGTACGGGTTTAGTCC-5,GARQ,D18,0,40,40,15,0.12601483,B.Naive
GGTACTTAGCGCCTAA-5,GARQ,D18,0,40,40,4,0.0028780699,Mono.CD14
CTAGTCGAGCCAAATC-5,GARQ,D18,0,40,40,13,0.034035683,Mono.CD14
TTGTTCCCAATTTAGC-5,GARQ,D18,0,40,40,13,0.016172409,Mono.CD14
ATTAGGTGTGACCTGG-5,GARQ,D18,0,40,40,15,0.0016107559,B.Naive
GCAATGAAGCTGTACG-5,GARQ,D18,0,40,40,13,0.0439018,Mono.CD14
CAAAGGATCCTTCGTA-5,GARQ,D18,0,40,40,13,0.017646074,Mono.CD14
CTTAGGAGTGTTTCAC-5,GARQ,D18,0,40,40,37,0.09587228,B.Naive
TTTCTCACATTGCAGC-5,GARQ,D18,0,40,40,37,0.084810734,B.Naive
ATGTTCAAGCGAGGTG-5,GARQ,D18,0,40,40,4,0.003829956,Mono.CD14
TCCAGGATCCTCATGC-5,GARQ,D18,0,40,40,15,0.05091262,B.Naive
GCAGGCTTCCTTCGTA-5,GARQ,D18,0,40,40,15,0.10140586,B.Naive
GACCTAGTCCAACTGG-5,GARQ,D18,0,40,40,37,0.059026837,B.Naive
TTGGATCAGTTAGTGC-5,GARQ,D18,0,40,40,37,0.054158807,B.Naive
TTCAGTTTCATGAGCT-5,GARQ,D18,0,40,40,15,0.033218145,B.Naive
CTTAAGGGTTATCGAG-5,GARQ,D18,0,40,40,13,0.058681488,Mono.CD14
ACTCGCTTCCTAGTTT-5,GARQ,D18,0,40,40,11,0.0154877305,NK
CCTACTTCACATTGCA-5,GARQ,D18,0,40,40,37,0.13967156,B.Naive
AAGAACAGTTAGCGTA-5,GARQ,D18,0,40,40,33,0.022725284,Platelets
TCCCTCACAGGCAAGC-5,GARQ,D18,0,40,40,15,0.09557474,B.Activated
CCTAGTTGTAATCGGC-5,GARQ,D18,0,40,40,37,0.114907265,B.Naive
AACAGGATCTCACTCA-5,GARQ,D18,0,40,40,13,0.14095712,Mono.CD14
AACTCACAGTAATCCA-5,GARQ,D18,0,40,40,13,0.058087826,Mono.CD14
TGTTCATTCTTTGAGA-5,GARQ,D18,0,40,40,13,0.013403535,Mono.CD14
ACTAATCCATAAAGCA-5,GARQ,D18,0,40,40,13,0.025417805,Mono.CD14
ACGCCTTTCTTAGCGG-5,GARQ,D18,0,40,40,13,0.082065105,Mono.CD14
TTCACTGTCCAGGTCA-5,GARQ,D18,0,40,40,37,0.053916454,B.Naive
CAACAATGTAGCCATA-5,GARQ,D18,0,40,40,4,0.028906584,Mono.CD14
TGGGCCTAGATTGAGG-5,GARQ,D18,0,40,40,4,0.038745165,Mono.CD14
TGCTTCCAGCTTCCCG-5,GARQ,D18,0,40,40,4,0.04878235,Mono.CD14
CCTCCTCTCTCACACC-5,GARQ,D18,0,40,40,29,0.17654002,T.CD4.Memory
GCAATCTAGGTAAGGC-5,GARQ,D18,0,40,40,15,0.043098092,B.Naive
GGTATGTTCTGCAAAC-5,GARQ,D18,0,40,40,37,0.044969797,B.Naive
ACCGAAGCATTATGGT-5,GARQ,D18,0,40,40,13,0.04872799,Mono.CD14
GTTACAGGTGTGCAAC-5,GARQ,D18,0,40,40,37,0.08616471,B.Naive
CACGCTAAGGCAAGTA-5,GARQ,D18,0,40,40,4,0.039992332,Mono.CD14
GCTGTACCAGAATGAC-5,GARQ,D18,0,40,40,4,0.08238733,Mono.CD14
CCGTTGCGTCGTTACT-5,GARQ,D18,0,40,40,13,0.04509747,Mono.CD14
GCCTTAGAGGCGGGTA-5,GARQ,D18,0,40,40,15,0.04806161,B.Naive
TCGTTACGTGGACCTG-5,GARQ,D18,0,40,40,4,0.032673836,Mono.CD16
ACCACATAGCTAAAGG-5,GARQ,D18,0,40,40,4,0.04891622,Mono.CD14
TGCCATTGTTAAGCCA-5,GARQ,D18,0,40,40,13,0.06352639,Mono.CD14
TGTCAGTAGTTGTCCC-5,GARQ,D18,0,40,40,24,0.026054502,T.CD4.Naive
TGATTGCAGCAGCTCA-5,GARQ,D18,0,40,40,4,0.029425383,Mono.CD14
TTCAACCGTAATGGAA-5,GARQ,D18,0,40,40,15,0.028391838,B.Naive
AGCTTCCTCACTCAAA-5,GARQ,D18,0,40,40,13,0.06728518,Mono.CD14
ATCCGTGAGCAAACCT-5,GARQ,D18,0,40,40,29,0.14592731,T.CD4.Memory
TATCGCACAGCTTAAT-5,GARQ,D18,0,40,40,15,0.05552292,B.Naive
ACCAGCTCACCCACCT-5,GARQ,D18,0,40,40,13,0.053168774,Mono.CD14
CGTCATTGTTGGTTAG-5,GARQ,D18,0,40,40,37,0.14122248,B.Naive
GACCGAACACTCGCTC-5,GARQ,D18,0,40,40,37,0.0051846504,B.Naive
CCCTTAATCTGGTCCT-5,GARQ,D18,0,40,40,13,0.04363835,Mono.CD14
GAAGTAAGTAACGTGC-5,GARQ,D18,0,40,40,15,0.040320158,B.Naive
CTGTTCATCGTTAGTA-5,GARQ,D18,0,40,40,13,0.07772553,Mono.CD14
GCACCTAAGCATGTCG-5,GARQ,D18,0,40,40,13,0.15014863,Mono.CD14
ACCAGGGAGCTGTAAC-5,GARQ,D18,0,40,40,29,0.08848262,T.CD4.Memory
AGTGTGGCAGGTTACC-5,GARQ,D18,0,40,40,4,0.012391925,Mono.CD14
TTTCAGTTCTCAATAG-5,GARQ,D18,0,40,40,33,0.07748246,T.CD4.Naive
CAGGTTTAGTTAGAGG-5,GARQ,D18,0,40,40,4,0.002341032,Mono.CD14
GCTCTGTTCGCGCTAA-5,GARQ,D18,0,40,40,4,0.023243666,Mono.CD14
GATTCAGGTGCTGTAA-5,GARQ,D18,0,40,40,13,0.05981636,Mono.CD14
GCGATTTAGCGCATTG-5,GARQ,D18,0,40,40,13,0.020701408,Mono.CD14
GTTACGTAGATAACCC-5,GARQ,D18,0,40,40,26,0.19482732,NK
GTACTTCGTTCGCGCT-5,GARQ,D18,0,40,40,37,0.063408256,B.Naive
ACGAACAAGTTTGAGC-5,GARQ,D18,0,40,40,13,0.030877233,Mono.CD14
GCGCCTTGTAACAGGG-5,GARQ,D18,0,40,40,11,0.020001173,T.CD8.Effector
ACACTTAAGAACCTAC-5,GARQ,D18,0,40,40,29,0.17977297,T.CD4.Memory
TGTTATGAGGTGAAGC-5,GARQ,D18,0,40,40,15,0.019600987,B.Naive
TGTGGCGGTCGCAAAC-5,GARQ,D18,0,40,40,4,0.05117905,Mono.CD14
AAACCGCGTACTGATG-5,GARQ,D18,0,40,40,37,0.001942277,B.Naive
GCACTAAGTGATGAGG-5,GARQ,D18,0,40,40,29,0.0058834553,T.CD8.Effector
GGCGTTATCTTAGTGA-5,GARQ,D18,0,40,40,15,0.1058774,B.Naive
CTGTAACAGTAAGTCC-5,GARQ,D18,0,40,40,29,0.37375712,T.CD4.Memory
ATCACACAGCGATACT-5,GARQ,D18,0,40,40,29,0.068853855,T.CD8.Naive
ATGACAACAGTAGGAT-5,GARQ,D18,0,40,40,26,0.13199878,NK
GTGCCTTTCAATTACG-5,GARQ,D18,0,40,40,4,0.034099698,Mono.CD14
TCCGGAATCATGAAGG-5,GARQ,D18,0,40,40,23,0.030440688,T.CD8.Effector
AGCATTTCAGGAAGCC-5,GARQ,D18,0,40,40,35,0.018770218,T.CD8.Naive
AAAGCAAGTTTCAGGA-5,GARQ,D18,0,40,40,15,0.024849176,B.Naive
CTCGCTAGTGCAATGC-5,GARQ,D18,0,40,40,13,0.01303494,Mono.CD14
GAGCTGCTCCATAATG-5,GARQ,D18,0,40,40,29,0.12918878,T.CD8.Effector
AAAGCACCATTGTCAG-5,GARQ,D18,0,40,40,37,0.09904754,B.Naive
TACTGACAGAACCTGT-5,GARQ,D18,0,40,40,24,0.009576201,T.CD4.Naive
AGGTTAGAGTGAGCGG-5,GARQ,D18,0,40,40,15,0.04194498,B.Naive
TACGCACCAAAGGCCA-5,GARQ,D18,0,40,40,13,0.04372263,Mono.CD14
CGCTCCATCTTGGATA-5,GARQ,D18,0,40,40,37,0.079711676,B.Naive
GAAGTCAAGGCGAATA-5,GARQ,D18,0,40,40,37,0.046259165,B.Activated
GGACATAAGGTCCTAG-5,GARQ,D18,0,40,40,24,0.1968174,T.CD4.Naive
TACCGCAAGCTTACTT-5,GARQ,D18,0,40,40,37,0.011978388,B.Naive
AGCTTTAAGTTGGGCC-5,GARQ,D18,0,40,40,13,0.012167692,Mono.CD14
ACTCAGTAGGACCTTG-5,GARQ,D18,0,40,40,15,0.009623051,B.Naive
CAAGTGAAGTATTGCA-5,GARQ,D18,0,40,40,4,0.014632344,Mono.CD14
TCCACAACATTGTGAT-5,GARQ,D18,0,40,40,13,0.014063835,Mono.CD14
CCCTTAATCACTAAGC-5,GARQ,D18,0,40,40,29,0.026449442,T.CD8.Effector
CAAACCGTCGATAACC-5,GARQ,D18,0,40,40,13,0.05738032,Mono.CD14
TGTGAAACATCCGTAA-5,GARQ,D18,0,40,40,13,0.10225046,Mono.CD14
TCAAACCAGGCGAATA-5,GARQ,D18,0,40,40,15,0.044909477,B.Naive
AGAAGGTGTCAATACG-5,GARQ,D18,0,40,40,37,0.08140552,B.Naive
ACGTCCTTCATTGTCT-5,GARQ,D18,0,40,40,1,0.051323414,T.CD4.Naive
AAAGCAAGTTAGGTGC-5,GARQ,D18,0,40,40,15,0.018680334,B.Naive
CGGAGCAAGTAGCGGG-5,GARQ,D18,0,40,40,4,0.08159804,Mono.CD14
CAAGGGAGTACGCGCA-5,GARQ,D18,0,40,40,15,0.069003105,B.Naive
CAGCCTTTCGCTAGTG-5,GARQ,D18,0,40,40,4,0.02269566,Mono.CD14
TAGGGTTTCCGCCAAA-5,GARQ,D18,0,40,40,20,0.031055927,T.CD4.Memory
ATCCATAAGTAGCTTA-5,GARQ,D18,0,40,40,37,0.08451933,B.Naive
GGCCAACTCCGCAACA-5,GARQ,D18,0,40,40,15,0.057300925,B.Naive
GTTTAACCATAAAGCA-5,GARQ,D18,0,40,40,37,0.06323266,B.Naive
ATGATGGAGGGATGCG-5,GARQ,D18,0,40,40,37,0.07531464,B.Naive
GGCCATCAGCTATTAG-5,GARQ,D18,0,40,40,4,0.04637742,Mono.CD14
GCCATTACAGAAACGT-5,GARQ,D18,0,40,40,31,0.12028468,T.CD4.Naive
TCATGTTTCAGGCCTA-5,GARQ,D18,0,40,40,14,0.02358663,T.CD8.Effector
CTTCGCGTCTTAGGGT-5,GARQ,D18,0,40,40,1,0.008579612,T.CD4.Naive
CGGGTCTAGCATTTCT-5,GARQ,D18,0,40,40,29,0.052373886,T.CD8.Effector
GACGCAACATTGCGAC-5,GARQ,D18,0,40,40,37,0.06940222,B.Naive
GGTAATTGTGAGGTGA-5,GARQ,D18,0,40,40,15,0.013511658,B.Naive
CTGGTTACATGGTTAT-5,GARQ,D18,0,40,40,37,0.05658412,B.Naive
CCAAGTTAGCCAGTAT-5,GARQ,D18,0,40,40,15,0.01463294,B.Naive
ACGGTTTAGTTGTCAA-5,GARQ,D18,0,40,40,15,0.06673741,B.Naive
TTCGGTACATTATGCG-5,GARQ,D18,0,40,40,29,0.058732867,T.CD8.Effector
CGTTTCTCATTCAGCA-5,GARQ,D18,0,40,40,37,0.08331239,B.Naive
GGTTGCGGTCATTGAG-5,GARQ,D18,0,40,40,15,0.059625745,B.Naive
GCGAGTGAGCTAAAGG-5,GARQ,D18,0,40,40,6,0.011176884,T.CD8.Effector
AAATGCCTCCACCCTG-5,GARQ,D18,0,40,40,15,0.075170636,B.Activated
ATTAGTCCATGTCAGC-5,GARQ,D18,0,40,40,37,0.02158022,B.Naive
AGCTAACTCGCTATAA-5,GARQ,D18,0,40,40,29,0.15900171,T.CD4.Memory
AGTAAACAGGAAGTAT-5,GARQ,D18,0,40,40,29,0.02067566,T.CD8.Effector
CAACTAATCACCAATA-5,GARQ,D18,0,40,40,29,0.14048648,T.CD4.Memory
GGGCATGAGGCTGTCA-5,GARQ,D18,0,40,40,4,0.015232801,Mono.CD14
CGGCCATAGCGAAGTA-5,GARQ,D18,0,40,40,21,0.07012129,T.CD4.Memory
CTAATCGCATAGACCC-5,GARQ,D18,0,40,40,15,0.12250137,B.Naive
ACCATAATCATAACTG-5,GARQ,D18,0,40,40,4,0.004817724,Mono.CD14
TTGGGCGGTTCAAGCA-5,GARQ,D18,0,40,40,36,0.0015149713,T.CD4.Memory
CGCCAAATCATTACAG-5,GARQ,D18,0,40,40,13,0.082632065,Mono.CD14
TTATCCGTCCAAATCA-5,GARQ,D18,0,40,40,26,0.2752505,NK
GTCCTCAGTTCACTGT-5,GARQ,D18,0,40,40,37,0.07792628,B.Naive
GTCTATGCACCCACAG-5,GARQ,D18,0,40,40,33,0.032948613,T.CD4.Naive
TCGGTTTGTTGGATAT-5,GARQ,D18,0,40,40,13,0.019253492,Mono.CD14
CCAGCTGCAGCAACCT-5,GARQ,D18,0,40,40,15,0.043741584,B.Activated
TTGTTCCCAGTTAGCC-5,GARQ,D18,0,40,40,37,0.06814611,B.Naive
GCTAGCCAGCACAGGG-5,GARQ,D18,0,40,40,4,0.041951895,Mono.CD14
GAGGACTAGTAACGGA-5,GARQ,D18,0,40,40,15,0.04484856,B.Naive
ATGAATGCAATTAACC-5,GARQ,D18,0,40,40,29,0.18457472,T.CD4.Memory
GGTACCGGTATTCGTC-5,GARQ,D18,0,40,40,27,0.077928185,T.CD4.Naive
GTTTCCTCAACAGCCT-5,GARQ,D18,0,40,40,29,0.1535474,T.CD8.Effector
AAGTGAAGTTGCTTCG-5,GARQ,D18,0,40,40,4,0.023721695,Mono.CD14
ACTTATCTCAAGCTAC-5,GARQ,D18,0,40,40,29,0.0483433,T.CD8.Effector
AAACCGAAGGCGAAAC-5,GARQ,D18,0,40,40,29,0.058044195,T.CD4.Memory
GGTTACTAGAGAGCCG-5,GARQ,D18,0,40,40,37,0.016633272,B.Naive
AACGCCCAGACTCGCA-5,GARQ,D18,0,40,40,33,0.009552062,T.CD4.Naive
GTCAATATCAAGCCTG-5,GARQ,D18,0,40,40,4,0.028196335,Mono.CD14
GAGTCATTCTGTAAGC-5,GARQ,D18,0,40,40,12,0.0039111376,T.CD8.Effector
AGATGAAGTTGTTGTC-5,GARQ,D18,0,40,40,15,0.06361842,B.Activated
CATAAGCTCAAGCTAC-5,GARQ,D18,0,40,40,15,0.04799676,B.Naive
GAAACTGAGGAGCACG-5,GARQ,D18,0,40,40,29,0.015761256,T.CD4.Memory
TATGGATGTTTGGGCG-5,GARQ,D18,0,40,40,15,0.019340158,B.Naive
ACGTCCAAGGTGAGAC-5,GARQ,D18,0,40,40,15,0.008715749,B.Naive
ACAGCGCTCTCGACCT-5,GARQ,D18,0,40,40,3,0.075163126,T.CD4.Memory
TTGCCCGTCCTGTTCA-5,GARQ,D18,0,40,40,13,0.050504684,Mono.CD14
GCTCAACCAGGCATGA-5,GARQ,D18,0,40,40,37,0.14112759,B.Naive
AGTAGGATCCTCCATA-5,GARQ,D18,0,40,40,34,0.15514404,NK
GTATGTGGTAACGGGA-5,GARQ,D18,0,40,40,37,0.031594753,B.Naive
TGTGATCAGTTTGCGG-5,GARQ,D18,0,40,40,35,0.03805983,T.CD4.Naive
GCTAAGCGTTTGGCGG-5,GARQ,D18,0,40,40,13,0.030617833,Mono.CD14
CTTTATGGTTAACGGC-5,GARQ,D18,0,40,40,29,0.27507353,T.CD4.Memory
GTTACAGGTGGAAGGC-5,GARQ,D18,0,40,40,11,0.042492807,T.CD8.Effector
AGTCAATGTGAACAAA-5,GARQ,D18,0,40,40,37,0.034951925,B.Naive
CAATCTAAGTTGGCCA-5,GARQ,D18,0,40,40,26,0.37628126,NK
TCCACAACAACCGCCA-5,GARQ,D18,0,40,40,3,0.13356674,T.CD4.Memory
GCCAATAGTTACGCGG-5,GARQ,D18,0,40,40,24,0.09268117,T.CD4.Naive
AGGCGGATCAAGTGTC-5,GARQ,D18,0,40,40,29,0.005740881,T.CD4.Memory
CACTAGCCAGGCTGTT-5,GARQ,D18,0,40,40,4,0.060457945,Mono.CD14
CTCTCACAGGGTCCAC-5,GARQ,D18,0,40,40,4,0.07003665,Mono.CD16
CAGGACCTCATCCTAT-5,GARQ,D18,0,40,40,15,0.02109468,B.Naive
TAATCACCAAGGATTA-5,GARQ,D18,0,40,40,15,0.05581665,B.Naive
CAAGAACCATTAGGTT-5,GARQ,D18,0,40,40,1,0.055066288,T.CD4.Memory
CCATATTTCAGGGCCT-5,GARQ,D18,0,40,40,35,0.06542939,T.CD4.Naive
TACCGTTGTTGACTTC-5,GARQ,D18,0,40,40,13,0.018571138,Mono.CD14
AAACGTACAAATTGCT-5,GARQ,D18,0,40,40,4,0.116333604,Mono.CD14
ACAGGATCATCTTGAG-5,GARQ,D18,0,40,40,37,0.015150428,B.Naive
TAGCAGGCAGGCTTCG-5,GARQ,D18,0,40,40,15,0.07953167,B.Activated
ATTAGCGGTTGTTCAC-5,GARQ,D18,0,40,40,33,0.06744754,T.CD4.Naive
TGGTCATAGGAATAAC-5,GARQ,D18,0,40,40,4,0.065791845,Mono.CD14
TTTCTCACAAGGTAAC-5,GARQ,D18,0,40,40,3,0.016478062,T.CD4.Memory
TTTCTCACACTTAACG-5,GARQ,D18,0,40,40,24,0.055447817,T.CD4.Naive
GCAAACAAGTGAGCAA-5,GARQ,D18,0,40,40,1,0.04047537,T.CD4.Naive
CCAACATAGCGGGCAA-5,GARQ,D18,0,40,40,24,0.0020287037,T.CD4.Naive
TATGTGATCATGCGTG-5,GARQ,D18,0,40,40,29,0.18717384,T.CD4.Memory
CGTTGCGCAGCTAATT-5,GARQ,D18,0,40,40,26,0.051698446,NK
GTACTTAAGTTTCCGC-5,GARQ,D18,0,40,40,15,0.09044719,B.Naive
ATCAAGACATATAACC-5,GARQ,D18,0,40,40,29,0.10853839,T.CD4.Memory
CCTCAGTTCACAGCGC-5,GARQ,D18,0,40,40,1,0.06872463,T.CD8.Naive
CGCCTGTGTAAGCACC-5,GARQ,D18,0,40,40,29,0.06804371,T.CD8.Effector
AACTGTTCAGTTTGTG-5,GARQ,D18,0,40,40,37,0.02768594,B.Activated
TTTGTCCCAATACTGT-5,GARQ,D18,0,40,40,29,0.013413668,T.CD8.Effector
CAAGGGAGTTGTGACA-5,GARQ,D18,0,40,40,14,0.1258812,T.CD8.Effector
TGAGCTTAGGTTTGAC-5,GARQ,D18,0,40,40,33,0.0072700977,T.CD4.Naive
GCATTGCCACTAAGTT-5,GARQ,D18,0,40,40,37,0.07895064,B.Naive
GTTCATTTCATTACGA-5,GARQ,D18,0,40,40,29,0.0879513,T.CD4.Memory
GATGCATTCTCGCCTG-5,GARQ,D18,0,40,40,15,0.0727011,B.Naive
CTACAACAGAGGGACT-5,GARQ,D18,0,40,40,15,0.09270656,B.Naive
CTATTCAGTAGCTGCG-5,GARQ,D18,0,40,40,37,0.041573048,B.Naive
TGAACAGAGGCTGTGC-5,GARQ,D18,0,40,40,35,0.005275607,T.CD8.Naive
CATGCGCAGTGAACGA-5,GARQ,D18,0,40,40,37,0.1466558,B.Naive
CACAATATCCTAAGAC-5,GARQ,D18,0,40,40,26,0.17264533,NK
TACGTTAAGGCCGGAA-5,GARQ,D18,0,40,40,1,0.06131172,T.CD4.Naive
CAGGTTAGTACGTTTC-5,GARQ,D18,0,40,40,37,0.010846257,B.Naive
GGTGTTGTCTGCAAGT-5,GARQ,D18,0,40,40,7,0.04270816,T.CD4.Memory
TGGACGGAGGTGAAAT-5,GARQ,D18,0,40,40,33,0.13363719,T.CD4.Naive
GCTTTATTCTCACTAT-5,GARQ,D18,0,40,40,29,0.04456979,T.CD8.Naive
CGTGCTGCATCGTTCT-5,GARQ,D18,0,40,40,14,0.03652966,T.CD8.Effector
GCACATTAGTAACAGG-5,GARQ,D18,0,40,40,31,0.008702338,T.CD8.Naive
TTACCGTGTTTCCGGC-5,GARQ,D18,0,40,40,29,0.05626917,T.CD8.Effector
AAACGGATCTTAGTCT-5,GARQ,D18,0,40,40,29,0.041594148,T.CD4.Memory
CAGGGTGAGGACAACA-5,GARQ,D18,0,40,40,37,0.11608899,B.Naive
TCTCCTCGTTCCGGGA-5,GARQ,D18,0,40,40,3,0.07768822,T.CD4.Memory
TCACCTCAGTAAGGGC-5,GARQ,D18,0,40,40,29,0.007841945,T.CD4.Memory
CGGTGAGAGCGCTCAA-5,GARQ,D18,0,40,40,24,0.012362123,T.CD4.Naive
TAAAGCCTCTAACTGA-5,GARQ,D18,0,40,40,37,0.03879881,B.Naive
TTTCACCCAGGCCAAA-5,GARQ,D18,0,40,40,24,0.05345893,T.CD4.Naive
AGGCTAAAGTTCCTGC-5,GARQ,D18,0,40,40,21,0.06486118,T.CD8.Effector
AACCTCACACAGGATG-5,GARQ,D18,0,40,40,29,0.10289693,T.CD4.Memory
GGATGTAAGTAGAGGC-5,GARQ,D18,0,40,40,37,0.0042614937,B.Activated
CTGCTACTCCTAATTC-5,GARQ,D18,0,40,40,24,0.04633975,T.CD4.Naive
TGAAGGATCTGTTGCC-5,GARQ,D18,0,40,40,11,0.022997499,T.CD8.Effector
TCTCCTCGTTGCATCT-5,GARQ,D18,0,40,40,29,0.16426545,T.CD8.Effector
AAAGGTTAGAACCTAC-5,GARQ,D18,0,40,40,11,0.084215164,T.CD8.Effector
CATGGATTCTTGGACG-5,GARQ,D18,0,40,40,7,0.018246293,T.CD4.Memory
GGTTGACGTAGTTAAC-5,GARQ,D18,0,40,40,24,0.07210684,T.CD4.Naive
GTCCTAGAGGATTGAG-5,GARQ,D18,0,40,40,29,0.20030963,T.CD4.Memory
CATGCGCAGCCGGTAC-5,GARQ,D18,0,40,40,34,0.028517246,NK
TAAGCCAGTTCATTTG-5,GARQ,D18,0,40,40,5,0.015483379,T.CD4.Naive
TTTACGCGTTGTTGCT-5,GARQ,D18,0,40,40,21,0.03855282,T.CD8.Effector
ACCCAGGGTGAATCGC-5,GARQ,D18,0,40,40,37,0.037840605,B.Naive
GCTCTGTTCACCATTT-5,GARQ,D18,0,40,40,29,0.03494358,T.CD8.Effector
GGCTTAAGTTGTGACA-5,GARQ,D18,0,40,40,24,0.065704346,T.CD8.Effector
CTTTATGGTTGGCGTG-5,GARQ,D18,0,40,40,29,0.06808996,T.CD8.Effector
CGGTAACGTACAATGT-5,GARQ,D18,0,40,40,15,0.007326126,B.Activated
ATCAATCCACGAACAG-5,GARQ,D18,0,40,40,11,0.021021724,T.CD4.Memory
TGCAATATCATTCATC-5,GARQ,D18,0,40,40,25,0.030036569,T.CD4.Memory
AAGCTCCCAATCGCAC-5,GARQ,D18,0,40,40,1,0.012475371,T.CD4.Naive
CCAACATAGACAACAG-5,GARQ,D18,0,40,40,24,0.027884603,T.CD4.Memory
ACGAGTAAGGAACACA-5,GARQ,D18,0,40,40,33,0.008994758,T.CD4.Naive
GCAATGTTCGTTAAGC-5,GARQ,D18,0,40,40,22,0.015053451,T.CD4.Memory
TTTCAGTTCTTTGACT-5,GARQ,D18,0,40,40,5,0.02387309,T.CD8.Effector
GAGTGTTTCGTGCCTT-5,GARQ,D18,0,40,40,24,0.080554485,T.CD4.Memory
AAATCCGGTAATAGCT-5,GARQ,D18,0,40,40,16,0.07347345,T.CD4.Naive
GGCCTCTGTCAGGCCA-5,GARQ,D18,0,40,40,29,0.04443693,T.CD8.Effector
GTATGTGGTGGTTATG-5,GARQ,D18,0,40,40,11,0.029753268,T.CD8.Effector
GCTTTGTGTCAACAAT-5,GARQ,D18,0,40,40,24,0.033698797,T.CD4.Naive
CTGAAACTCTTGAGCG-5,GARQ,D18,0,40,40,24,0.12283552,T.CD4.Naive
GCTCCTTAGGTCTTGG-5,GARQ,D18,0,40,40,29,0.15122461,T.CD4.Memory
CATTATCTCGGGCCAT-5,GARQ,D18,0,40,40,31,0.1812858,T.CD4.Naive
GGTTTGTAGGGTCTAT-5,GARQ,D18,0,40,40,25,0.07098234,T.CD8.Effector
TGGCTTTGTACCGTTT-5,GARQ,D18,0,40,40,29,0.0024202466,T.CD8.Effector
GATAAAGGTTTAGCGA-5,GARQ,D18,0,40,40,5,0.07547057,T.CD8.Effector
GATTACGGTTCATCTA-5,GARQ,D18,0,40,40,29,0.08961558,T.CD4.Memory
TGGGCCTAGCACGATT-5,GARQ,D18,0,40,40,35,0.029706597,T.CD4.Naive
GTCCTCAGTCTCAGCC-5,GARQ,D18,0,40,40,13,0.034107566,Mono.CD14
GAAGTCAAGAGCCGCT-5,GARQ,D18,0,40,40,1,0.019768596,T.CD4.Naive
GTTGCGGGTGTGCACG-5,GARQ,D18,0,40,40,24,0.14910054,T.CD4.Naive
GTGCATTAGCTTACTT-5,GARQ,D18,0,40,40,1,0.034037888,T.CD4.Naive
AGTGTGGCAGCATGAG-5,GARQ,D18,0,40,40,36,0.011302948,T.CD4.Memory
CCGGTTAAGGTCCTGA-5,GARQ,D18,0,40,40,21,0.120547056,T.CD4.Memory
CAGCTATAGCCTGATG-5,GARQ,D18,0,40,40,15,0.001685977,B.Naive
ATGGCCCAGGCCTGGT-5,GARQ,D18,0,40,40,37,0.013187528,B.Naive
AGCGCTCAGGCGCATC-5,GARQ,D18,0,40,40,37,0.03247857,B.Naive
CGCATGATCATTCATC-5,GARQ,D18,0,40,40,35,0.04213059,T.CD4.Naive
GGCCGTTAGACAAACG-5,GARQ,D18,0,40,40,15,0.032275558,B.Naive
CACATTAAGTCCTGAG-5,GARQ,D18,0,40,40,7,0.011087358,T.CD4.Memory
AGTGCCGGTGGAAGGC-5,GARQ,D18,0,40,40,29,0.057917714,T.CD8.Effector
ACTAAAGCACTTACAG-5,GARQ,D18,0,40,40,15,0.020553589,B.Naive
GTGAATCTCCATAATG-5,GARQ,D18,0,40,40,21,0.015938044,T.CD8.Effector
ATCCCGCGTGGCTTCC-5,GARQ,D18,0,40,40,24,0.045297384,T.CD4.Naive
ACCAATATCATGGTGT-5,GARQ,D18,0,40,40,2,0.01616323,T.CD4.Memory
AATTGACGTTTGACCT-5,GARQ,D18,0,40,40,3,0.007691741,T.CD8.Effector
CCACTTGGTTCCGGCT-5,GARQ,D18,0,40,40,29,0.026186466,T.CD8.Effector
CCAGCTGCATAGACCC-5,GARQ,D18,0,40,40,29,0.046236873,T.CD4.Memory
AATCTTGAGGAGTCTT-5,GARQ,D18,0,40,40,24,0.03535062,T.CD8.Naive
CTTCAATTCTTGTCCA-5,GARQ,D18,0,40,40,29,0.05004841,T.CD4.Memory
GACTAATGTCACCTAT-5,GARQ,D18,0,40,40,29,0.031474233,T.CD4.Memory
CCTTCAATCCTAAATG-5,GARQ,D18,0,40,40,11,0.063509464,T.CD8.Effector
GAGGTACAGGGTGGAT-5,GARQ,D18,0,40,40,7,0.0017917156,T.CD4.Memory
CTAGTAGGTTAAATGC-5,GARQ,D18,0,40,40,1,0.04077661,T.CD4.Memory
TCCCGTTAGAGGAGGA-5,GARQ,D18,0,40,40,1,0.042891502,T.CD4.Naive
CGCGATTCATGTTGTG-5,GARQ,D18,0,40,40,29,0.02835226,T.CD8.Effector
CATTGTAAGGCGCATC-5,GARQ,D18,0,40,40,33,0.005870819,T.CD4.Naive
AGTGAACCAGGCGATA-5,GARQ,D18,0,40,40,1,0.04156035,T.CD4.Memory
TAGGCTGTCAGCCAAT-5,GARQ,D18,0,40,40,13,0.10651612,Mono.CD14
CTAGCGGGTGTTGTGA-5,GARQ,D18,0,40,40,7,0.008442581,T.CD4.Memory
AAGAATCAGCACAGGG-5,GARQ,D18,0,40,40,24,0.15805268,T.CD4.Naive
GCGCTAGGTTATAGCG-5,GARQ,D18,0,40,40,24,0.088311076,T.CD4.Naive
CGTAACTAGCCTAACG-5,GARQ,D18,0,40,40,24,0.10929549,T.CD8.Naive
GTAAGGTCATGTTTGG-5,GARQ,D18,0,40,40,17,0.017463863,NK
TTACAGCAGTGGACAA-5,GARQ,D18,0,40,40,24,0.05851102,T.CD4.Memory
CTAGTGAGTGTGCAAC-5,GARQ,D18,0,40,40,11,0.020114064,T.CD4.Memory
CTATGGCCAATCCTAG-5,GARQ,D18,0,40,40,1,0.047587514,T.CD4.Naive
CCCGTTGTCGCTCACT-5,GARQ,D18,0,40,40,24,0.057652235,T.CD4.Naive
GTTTCTAGTTCGGTAA-5,GARQ,D18,0,40,40,1,0.020479321,T.CD8.Naive
GTAGTTATCCTTGAGG-5,GARQ,D18,0,40,40,34,0.04452926,NK
ATCCTTAGTGGATGTC-5,GARQ,D18,0,40,40,33,0.0046936274,T.CD4.Memory
GGCGATACAGTTAAAG-5,GARQ,D18,0,40,40,1,0.036631823,T.CD4.Memory
GACCTAAGTTAGGCTA-5,GARQ,D18,0,40,40,15,0.007086158,B.Activated
GCTTTGTGTTCACTGT-5,GARQ,D18,0,40,40,34,0.1799053,NK
AAAGCAAGTATTGTCC-5,GARQ,D18,0,40,40,4,0.117031455,Mono.CD14
TCGTTTCCAGCAAGTG-5,GARQ,D18,0,40,40,24,0.007834196,T.CD4.Memory
ACGTACCCATAGACTT-5,GARQ,D18,0,40,40,24,0.04101014,T.CD4.Naive
AAACATGCATTGGGAG-5,GARQ,D18,0,40,40,1,0.085015595,T.CD4.Naive
GTCTAACAGATTGAGG-5,GARQ,D18,0,40,40,29,0.21411741,T.CD4.Memory
ACTTTGTTCACCTGCT-5,GARQ,D18,0,40,40,15,0.08797479,B.Activated
GGGTTACGTTATCGAG-5,GARQ,D18,0,40,40,38,0.013742566,T.CD8.Naive
TATGGTCAGCGGATTT-5,GARQ,D18,0,40,40,1,0.05178827,T.CD4.Naive
ACAAACTGTTCAAGAT-5,GARQ,D18,0,40,40,29,0.0013993382,T.CD4.Naive
AAAGCGGGTCTTGCAT-5,GARQ,D18,0,40,40,37,0.11750901,B.Naive
AGGGCCTTCAAGTGAG-5,GARQ,D18,0,40,40,33,0.028070569,T.CD4.Memory
ATGACTCAGCTTAGCG-5,GARQ,D18,0,40,40,21,0.0030304193,NK
CCTCCTCTCCTAATAG-5,GARQ,D18,0,40,40,15,0.025288582,B.Activated
TCAACAATCACGAATC-5,GARQ,D18,0,40,40,31,0.04156804,T.CD4.Naive
TGTGAAACATGGAGGC-5,GARQ,D18,0,40,40,11,0.009399533,T.CD4.Memory
GCGTAACGTGATGAAA-5,GARQ,D18,0,40,40,24,0.2079525,T.CD4.Naive
TAGTAAGCAGCTAACC-5,GARQ,D18,0,40,40,29,0.010380983,T.CD4.Memory
GAGGTGAGTTTCCGGC-5,GARQ,D18,0,40,40,35,0.0036392808,T.CD4.Memory
CGAACCGGTTCACCAT-5,GARQ,D18,0,40,40,6,0.058082342,T.CD8.Effector
GGCATGGAGGAACGCG-5,GARQ,D18,0,40,40,1,0.009682775,T.CD4.Naive
AATATCCCATTCAGCA-5,GARQ,D18,0,40,40,30,0.02528584,T.CD4.Naive
CATGCAAGTGAACAAA-5,GARQ,D18,0,40,40,35,0.007997513,T.CD8.Effector
CTTGTTCCATCCTAGA-5,GARQ,D18,0,40,40,19,0.002110958,T.CD8.Effector
ACCTAAATCTTAGCGG-5,GARQ,D18,0,40,40,16,0.020965695,T.CD4.Naive
GCGCGATTCTACTAAG-5,GARQ,D18,0,40,40,29,0.027828574,T.CD4.Memory
GTTGCGGGTGATGATT-5,GARQ,D18,0,40,40,34,0.4902153,NK
TTTGTGTTCTTTGTAC-5,GARQ,D18,0,40,40,25,0.05529815,T.CD8.Effector
GCTTATCGTTCGCGCT-5,GARQ,D18,0,40,40,29,0.12544632,T.CD4.Memory
GATCCGTCACCAAAGG-5,GARQ,D18,0,40,40,23,0.07102311,T.CD8.Effector
GAGGCTTGTTATCGAG-5,GARQ,D18,0,40,40,36,0.024226308,T.CD4.Memory
TAGCCTTGTTATTGCC-5,GARQ,D18,0,40,40,24,0.04644096,T.CD4.Memory
GATGGACAGTAAGGGC-5,GARQ,D18,0,40,40,24,0.025684834,T.CD4.Naive
GGAATCTTCTTTGACT-5,GARQ,D18,0,40,40,31,0.03646505,T.CD4.Memory
ACAAAGGTCCTGCGAA-5,GARQ,D18,0,40,40,15,0.03238237,B.Naive
GGCGGTAAGAACCTGT-5,GARQ,D18,0,40,40,35,0.03348148,T.CD4.Naive
TAAGGCTTCCCGTTAC-5,GARQ,D18,0,40,40,1,0.036114335,T.CD4.Naive
GTTTGCTGTTATCGAG-5,GARQ,D18,0,40,40,30,0.00953269,T.CD4.Naive
ACGCTTGAGGGCCATC-5,GARQ,D18,0,40,40,31,0.06132531,T.CD4.Naive
TAGGCTAGTTTGGTTC-5,GARQ,D18,0,40,40,1,0.021915078,T.CD4.Memory
GCAATAGAGGAACACA-5,GARQ,D18,0,40,40,2,0.01947689,T.CD8.Naive
AGGGCCTTCCCGCAAA-5,GARQ,D18,0,40,40,38,0.00204283,T.CD8.Naive
CAGCATTAGCCTGACA-5,GARQ,D18,0,40,40,1,0.009368658,T.CD4.Memory
GATTCGCCAGTTATGT-5,GARQ,D18,0,40,40,29,0.06623411,T.CD4.Memory
ATTTAGCCAGAAATGC-5,GARQ,D18,0,40,40,36,0.084319115,T.CD4.Naive
GGCTGGTTCGCACACA-5,GARQ,D18,0,40,40,1,0.039959192,T.CD4.Memory
TCGCGAGGTTGACTTC-5,GARQ,D18,0,40,40,15,0.037470937,B.Activated
GGGTATTTCGTTTCCA-5,GARQ,D18,0,40,40,1,0.042639136,T.CD4.Naive
GCTCACAAGCTGCACA-5,GARQ,D18,0,40,40,24,0.059622645,T.CD4.Memory
CTCACTCAGGACAACA-5,GARQ,D18,0,40,40,7,9.423494e-05,T.CD4.Memory
AGCATTTCAGGAACCA-5,GARQ,D18,0,40,40,35,0.037576914,T.CD4.Naive
TGTGAAACACCGGCTA-5,GARQ,D18,0,40,40,33,0.012540102,T.CD4.Memory
CATAGACTCTTGATGA-5,GARQ,D18,0,40,40,24,0.11866009,T.CD8.Naive
AAGGCCCTCGACAAAG-5,GARQ,D18,0,40,40,11,0.024705172,T.CD8.Effector
TATAGCTCAGTTTCTC-5,GARQ,D18,0,40,40,11,0.081300735,T.CD8.Effector
CTTCAAGCAGCTACGT-5,GARQ,D18,0,40,40,24,0.026481032,T.CD8.Naive
CGCTTACTCTTAAGTG-5,GARQ,D18,0,40,40,34,0.004435241,T.CD8.Effector
TCAAGCTAGCATGTTA-5,GARQ,D18,0,40,40,24,0.13031423,T.CD8.Naive
AGCGCCTAGTAAGGGC-5,GARQ,D18,0,40,40,34,0.22834432,NK
GGGCAATAGTTTCCGC-5,GARQ,D18,0,40,40,30,0.013952613,T.CD4.Memory
TCTTAGCGTACAATGT-5,GARQ,D18,0,40,40,35,0.03042519,T.CD4.Memory
GGCATGGAGGTCATTA-5,GARQ,D18,0,40,40,24,0.03328967,T.CD8.Naive
GGAACAATCATTTGCT-5,GARQ,D18,0,40,40,31,0.0511477,T.CD4.Memory
ACAAAGGTCTCACTCA-5,GARQ,D18,0,40,40,1,0.020375013,T.CD4.Naive
TTAAAGGCACATTAAC-5,GARQ,D18,0,40,40,36,0.011666417,T.CD4.Naive
ACGACTTAGTTATTCC-5,GARQ,D18,0,40,40,36,0.011629105,T.CD4.Naive
CAATCGCCATGCTCCC-5,GARQ,D18,0,40,40,11,0.03436643,T.CD8.Effector
ATGATGACAATCTCTC-5,GARQ,D18,0,40,40,34,0.05196011,NK
GGGATTAAGCAACATC-5,GARQ,D18,0,40,40,23,0.0008202791,T.CD8.Effector
AGTAACCTCCATAAGC-5,GARQ,D18,0,40,40,36,0.012676835,T.CD4.Naive
ACGTCCAAGGCGCTTA-5,GARQ,D18,0,40,40,7,0.015911698,T.CD4.Memory
ATCAATCCACCTGCCT-5,GARQ,D18,0,40,40,35,0.11185765,T.CD4.Naive
AAGCTTGGTGATGAAA-5,GARQ,D18,0,40,40,14,0.013236225,T.CD4.Naive
TGAGTTTCAAACCTTG-5,GARQ,D18,0,40,40,11,0.012486577,T.CD8.Effector
GGCGGTTTCGGCCATA-5,GARQ,D18,0,40,40,1,0.008241177,T.CD4.Naive
AGTTGCAGTTAACGAT-5,GARQ,D18,0,40,40,29,0.13368535,T.CD4.Memory
GTTTAGCAGGGTTATC-5,GARQ,D18,0,40,40,14,0.004554808,T.CD4.Naive
GCTTATCGTTGGTGAC-5,GARQ,D18,0,40,40,33,0.063667476,T.CD4.Naive
GGTTACTAGGCCTAAT-5,GARQ,D18,0,40,40,34,0.22127593,NK
CAGCTCAAGTTAGTGC-5,GARQ,D18,0,40,40,23,0.026664138,T.CD8.Effector
CTAGGCGGTGTTTGCT-5,GARQ,D18,0,40,40,16,0.013558805,T.CD8.Effector
GGCCGTTAGCGCATTG-5,GARQ,D18,0,40,40,11,0.106069684,T.CD8.Effector
GAAGTGATCGGCTATG-5,GARQ,D18,0,40,40,24,0.041544557,T.CD4.Naive
GTAGGCGAGTTGGCCA-5,GARQ,D18,0,40,40,24,0.019600391,T.CD4.Naive
TCCGGTAAGCATTAGC-5,GARQ,D18,0,40,40,29,0.11581689,T.CD4.Memory
TCTCAATTCCTGGCTT-5,GARQ,D18,0,40,40,11,0.044655085,T.CD8.Effector
CAATGACTCGGTCATG-5,GARQ,D18,0,40,40,4,0.027659535,Mono.CD14
AGTTACTCAGGCAAGC-5,GARQ,D18,0,40,40,29,0.1295346,T.CD4.Memory
ATTACGTCATTGTGAT-5,GARQ,D18,0,40,40,29,0.06413221,T.CD8.Effector
ACGAAGTCAACATAAG-5,GARQ,D18,0,40,40,35,0.022214055,T.CD4.Naive
GACATAGAGCAGCTAT-5,GARQ,D18,0,40,40,24,0.0073232055,T.CD4.Naive
AGACAATAGCAACATC-5,GARQ,D18,0,40,40,1,0.04144883,T.CD4.Memory
CTAGTGAGTCGACTAA-5,GARQ,D18,0,40,40,35,0.01960814,Platelets
TCACATAAGGAAGTAT-5,GARQ,D18,0,40,40,1,0.014448047,T.CD4.Memory
CAAGTATGTAGCCTAA-5,GARQ,D18,0,40,40,37,0.0060093403,B.Naive
CCTATTGTCCCTCAGT-5,GARQ,D18,0,40,40,24,0.006292343,T.CD8.Naive
AGGTCTTAGCTGGAAA-5,GARQ,D18,0,40,40,11,0.048488736,T.CD8.Effector
GCTGACATCAACCAAC-5,GARQ,D18,0,40,40,24,0.00010967255,T.CD4.Memory
ATGTGAGAGAAACTGG-5,GARQ,D18,0,40,40,2,0.016168833,T.CD4.Memory
GTTTACCGTGTTAAAC-5,GARQ,D18,0,40,40,35,0.0015279055,T.CD4.Naive
AATACCGGTGGTTATG-5,GARQ,D18,0,40,40,34,0.044003844,T.CD8.Effector
GGAACTAAGGCATTGT-5,GARQ,D18,0,40,40,1,0.13555706,T.CD4.Memory
AAGGTGCAGTTCCTCA-5,GARQ,D18,0,40,40,1,0.027335644,T.CD4.Memory
ACTGAAACACAATTAC-5,GARQ,D18,0,40,40,36,0.07107651,T.CD4.Naive
GTACGTAGTTAATCGG-5,GARQ,D18,0,40,40,37,0.03859353,B.Naive
CGTGCTGCAATTAGGA-5,GARQ,D18,0,40,40,1,0.02814126,T.CD4.Memory
GCTTTGTGTTTATCTG-5,GARQ,D18,0,40,40,24,0.11501384,T.CD4.Naive
GCTTAACAGTTGTCAA-5,GARQ,D18,0,40,40,1,0.0070186853,T.CD4.Naive
GCCTATTGTCATGCCC-5,GARQ,D18,0,40,40,27,0.061519027,T.CD4.Naive
GCAATATGTTCACCCA-5,GARQ,D18,0,40,40,35,0.035464764,T.CD8.Effector
TCATGTTTCCTTAATC-5,GARQ,D18,0,40,40,1,0.14417148,T.CD4.Naive
ATGTTGTCAGCCAGAA-5,GARQ,D18,0,40,40,35,0.115932584,T.CD8.Naive
TTGGATTCACAGGATG-5,GARQ,D18,0,40,40,0,0.08708048,T.CD8.Naive
CGATGTCCATAGGCGA-5,GARQ,D18,0,40,40,1,0.0771327,T.CD4.Naive
ACATCATCACGTAAGG-5,GARQ,D18,0,40,40,36,0.04288578,T.CD4.Memory
GGCCTCTGTTAGGATT-5,GARQ,D18,0,40,40,7,0.11280656,T.CD4.Memory
GAGTTACTCCTGATTT-5,GARQ,D18,0,40,40,2,0.024943113,T.CD8.Effector
CAAAGCGCATCATGGC-5,GARQ,D18,0,40,40,33,0.023387551,T.CD4.Naive
TACCTTTAGGACAATG-5,GARQ,D18,0,40,40,35,0.08079064,T.CD4.Naive
GCTAGCCAGTGAAGTG-5,GARQ,D18,0,40,40,35,0.008574724,T.CD4.Naive
TAAACAGCAGGCGATA-5,GARQ,D18,0,40,40,33,0.054059207,T.CD4.Memory
GCTCAACCAATAAGCA-5,GARQ,D18,0,40,40,0,0.0037624836,T.CD4.Memory
GGGTCACTCACAGCGC-5,GARQ,D18,0,40,40,1,0.02646637,T.CD4.Memory
CTGTGTGAGCACTAGT-5,GARQ,D18,0,40,40,24,0.058491707,T.CD4.Memory
CATAGGCGTGACCTGG-5,GARQ,D18,0,40,40,11,0.04779327,T.CD8.Effector
CGAACCGGTCTCAGCC-5,GARQ,D18,0,40,40,1,0.10970163,T.CD4.Memory
GCCATGATCCATTACT-5,GARQ,D18,0,40,40,24,0.031924188,T.CD8.Naive
CAGCCTTTCGCTTGCT-5,GARQ,D18,0,40,40,33,0.06475204,T.CD4.Naive
AGAAGGTGTACCGAAC-5,GARQ,D18,0,40,40,24,0.04233694,T.CD4.Memory
GAGGCAAGTGGTGAGA-5,GARQ,D18,0,40,40,29,0.126275,T.CD8.Effector
AACCGCTCAATCTCTC-5,GARQ,D18,0,40,40,24,0.026275694,T.CD4.Naive
GGTTGGTGTAATCACG-5,GARQ,D18,0,40,40,24,0.18556178,T.CD4.Memory
TTTGTGTTCATCCTGC-5,GARQ,D18,0,40,40,1,0.0056124926,T.CD4.Memory
TGGCCTTTCCGCATGA-5,GARQ,D18,0,40,40,24,0.036088824,T.CD8.Effector
TGCAGGCTCACTCGCT-5,GARQ,D18,0,40,40,1,0.0007532835,T.CD4.Naive
AGTCCTTGTAAAGCAA-5,GARQ,D18,0,40,40,24,0.079723,T.CD4.Memory
GTTACTCGTTAAGTGT-5,GARQ,D18,0,40,40,1,0.017696142,T.CD4.Naive
CCGTTGCGTACTGATG-5,GARQ,D18,0,40,40,24,0.12946463,T.CD4.Naive
AACTAGCTCTTAGTCT-5,GARQ,D18,0,40,40,1,0.0037178993,T.CD8.Naive
CCTTGTTCATGCTTAG-5,GARQ,D18,0,40,40,35,0.025783777,T.CD8.Naive
ACCGGTTCATTGTGTG-5,GARQ,D18,0,40,40,11,0.122873425,T.CD8.Effector
AGAAAGGCAGCACGAA-5,GARQ,D18,0,40,40,1,0.14267993,T.CD4.Naive
CATCATAAGATTGAGG-5,GARQ,D18,0,40,40,24,0.01388216,T.CD8.Naive
GATTATGTCCTCCCTC-5,GARQ,D18,0,40,40,31,0.007456541,T.CD4.Naive
AATCCCTGTGCACGCA-5,GARQ,D18,0,40,40,1,0.00082433224,T.CD4.Memory
TGCTCCGTCATTTGCT-5,GARQ,D18,0,40,40,24,0.014586329,T.CD8.Naive
ATCACACAGTTAGACC-5,GARQ,D18,0,40,40,24,0.016084433,T.CD4.Memory
TCATACTTCTACCTCA-5,GARQ,D18,0,40,40,37,0.017268062,B.Naive
GTCTATCGTGTTGCAA-5,GARQ,D18,0,40,40,29,0.055725455,T.CD8.Effector
AGCCAGTGTAAGCACC-5,GARQ,D18,0,40,40,1,0.014182746,T.CD4.Memory
AAGGATTAGTTAGACC-5,GARQ,D18,0,40,40,24,0.092779756,T.CD8.Naive
CAATGTCAGGCTAATC-5,GARQ,D18,0,40,40,35,0.06835258,T.CD8.Naive
AGTGTGGCATTATGGT-5,GARQ,D18,0,40,40,35,0.028337955,T.CD8.Naive
GCTTTCATCTCCATAT-5,GARQ,D18,0,40,40,33,0.013332367,T.CD4.Memory
GTGCAAGCAACTAGAA-5,GARQ,D18,0,40,40,1,0.010827303,T.CD4.Naive
GGCTATGTCGGTTAGT-5,GARQ,D18,0,40,40,34,0.21772116,NK
ACGACTTAGGTGCTGC-5,GARQ,D18,0,40,40,30,0.072604656,T.CD4.Memory
CCATAGCCACAGACTC-5,GARQ,D18,0,40,40,24,0.003268063,T.CD4.Memory
CAAAGTGAGGCTACAT-5,GARQ,D18,0,40,40,29,0.018340707,T.CD4.Memory
GTTCCTGGTAGGATCC-5,GARQ,D18,0,40,40,35,0.0058465004,T.CD8.Naive
ACGTCAAGTTGAATCG-5,GARQ,D18,0,40,40,34,0.29692316,NK
TGCACACCAAAGCTCC-5,GARQ,D18,0,40,40,37,0.016211271,B.Activated
GAGTAATAGCATCCAG-5,GARQ,D18,0,40,40,24,0.01779759,T.CD8.Naive
GAGCTAGCATGGCCTG-5,GARQ,D18,0,40,40,7,0.018505812,T.CD4.Memory
CCAGACTCATGTCGCG-5,GARQ,D18,0,40,40,30,0.006970167,T.CD4.Naive
GAGTTTGGTCATTGAG-5,GARQ,D18,0,40,40,1,0.050604343,T.CD4.Memory
CGCTCCATCGGTAACT-5,GARQ,D18,0,40,40,1,0.00952667,T.CD4.Naive
GGATTATGTAGCTGGT-5,GARQ,D18,0,40,40,1,0.0048819184,T.CD4.Memory
AATCTTGAGTTCCTCA-5,GARQ,D18,0,40,40,1,0.05232644,T.CD4.Memory
AGCATCCCAACCCTAA-5,GARQ,D18,0,40,40,1,0.044002295,T.CD8.Naive
TGATCCTGTTGAATCG-5,GARQ,D18,0,40,40,29,0.21224904,T.CD8.Effector
TGGCTAAGTCCGCTGT-5,GARQ,D18,0,40,40,13,0.04497397,Mono.CD14
CTATTACTCAAACTCA-5,GARQ,D18,0,40,40,1,0.036646605,T.CD4.Naive
GGACGGATCTCACACC-5,GARQ,D18,0,40,40,11,0.1653372,T.CD8.Effector
GCCTCCATCATGACCG-5,GARQ,D18,0,40,40,24,0.20334482,T.CD4.Naive
CCGATGCAGGTGAGAC-5,GARQ,D18,0,40,40,34,0.38019323,NK
GCAGCAACAAGGTATA-5,GARQ,D18,0,40,40,11,0.09134638,T.CD8.Effector
TACTGAGGTGAGCAAG-5,GARQ,D18,0,40,40,11,0.27992177,T.CD8.Effector
ATGAGCCGTAGTTACG-5,GARQ,D18,0,40,40,13,0.021385908,Mono.CD14
ATTTGTGAGTATGTGC-5,GARQ,D18,0,40,40,13,0.027091026,Mono.CD14
GGACTAAAGAATCGCT-3,GARQ,D18,0,40,40,37,0.066670656,B.Activated
TGTATCGCAAACTAAG-3,GARQ,D18,0,40,40,13,0.014880657,Mono.CD14
GACCTAGTCGGGATTT-3,GARQ,D18,0,40,40,37,0.033294678,B.Naive
TGCTCACTCATTGTCT-3,GARQ,D18,0,40,40,37,0.06553388,B.Naive
GGAGTGAGTGTTAAAC-3,GARQ,D18,0,40,40,13,0.14224136,Mono.CD14
ATTTGCAAGCCTCTCG-3,GARQ,D18,0,40,40,37,0.057629704,B.Naive
ATTGCAGGTCTAACCT-3,GARQ,D18,0,40,40,13,0.06633103,Mono.CD14
TCTCCTCGTCAGGCAT-3,GARQ,D18,0,40,40,15,0.056369185,B.Naive
CTAGGCGGTGCGCGTA-3,GARQ,D18,0,40,40,24,0.007668495,T.CD8.Effector
CTCTAGCTCCATTACT-3,GARQ,D18,0,40,40,13,0.02673161,T.CD4.Memory
GAACCAAAGCAGCTCA-3,GARQ,D18,0,40,40,21,0.0775435,T.CD8.Effector
GTATGTTCACCAGGTT-3,GARQ,D18,0,40,40,37,0.0890038,B.Naive
CACGCAATCGGTAACT-3,GARQ,D18,0,40,40,29,0.042424083,T.CD8.Effector
TATCGCGAGCATGTTA-3,GARQ,D18,0,40,40,13,0.011848569,Mono.CD14
GGAACCACATCTTGAG-3,GARQ,D18,0,40,40,15,0.0035687685,B.Activated
GAAAGGCTCGTGCTAG-3,GARQ,D18,0,40,40,4,0.070421934,Mono.CD14
ATATAGGCAGAAATTG-3,GARQ,D18,0,40,40,37,0.09533441,B.Naive
GTTACAGGTTGTAAAC-3,GARQ,D18,0,40,40,13,0.024621248,Mono.CD14
ATTCACTTCCTTAGTT-3,GARQ,D18,0,40,40,37,0.043141603,B.Naive
CCTAAATCACCAGCAT-3,GARQ,D18,0,40,40,37,0.045107603,B.Activated
GAACCAAAGAGGAGTC-3,GARQ,D18,0,40,40,34,0.080530226,NK
TCAGCAAGTTGGCCGA-3,GARQ,D18,0,40,40,4,0.013731122,Mono.CD14
CCAGCCTGTTATCCGT-3,GARQ,D18,0,40,40,29,0.06166041,T.CD4.Memory
TATCACAAGGTACCGC-3,GARQ,D18,0,40,40,4,0.004740119,Mono.CD14
TCTTAGTTCTTGGATA-3,GARQ,D18,0,40,40,1,0.00934732,T.CD4.Memory
TGGACTAGTAACGTGC-3,GARQ,D18,0,40,40,13,0.14369226,Mono.CD14
GCGCGATTCATTACAG-3,GARQ,D18,0,40,40,15,0.09914577,B.Naive
CGGGTCTAGAATGACG-3,GARQ,D18,0,40,40,13,0.057232976,Mono.CD14
GTGAATCTCTTGATGA-3,GARQ,D18,0,40,40,13,0.23440611,Mono.CD14
TGGGCCTAGTTAGCTA-3,GARQ,D18,0,40,40,4,0.045491576,Mono.CD14
TGGCGGTTCCTGATTT-3,GARQ,D18,0,40,40,13,0.05546713,Mono.CD14
GGTTAATGTTACCTGT-3,GARQ,D18,0,40,40,37,0.063696265,B.Naive
CCTGGTAAGAACCTAC-3,GARQ,D18,0,40,40,13,0.016487837,Mono.CD14
CGTGTTACAGCACGAA-3,GARQ,D18,0,40,40,6,0.056192636,T.CD8.Effector
GAGTGTTTCCTGATGG-3,GARQ,D18,0,40,40,9,0.01918608,T.CD4.Memory
ATGAAGCCATCAGCAC-3,GARQ,D18,0,40,40,4,0.070159316,Mono.CD14
ATGAGCCGTTTAGTCC-3,GARQ,D18,0,40,40,13,0.0629251,Mono.CD14
ATATGGTGTTGCTTCG-3,GARQ,D18,0,40,40,37,0.022229195,B.Activated
GATTGCAGTGGAAGGC-3,GARQ,D18,0,40,40,24,0.0034275055,T.CD4.Memory
CAGTACCCATGACTAT-3,GARQ,D18,0,40,40,15,0.03424728,B.Naive
GTTAAGTGTTGTAAAC-3,GARQ,D18,0,40,40,4,0.039956927,Mono.CD14
GCGGAACCAGCGCTTG-3,GARQ,D18,0,40,40,37,0.008529186,B.Naive
CTTTGGGAGCTTAACA-3,GARQ,D18,0,40,40,13,0.026172161,Mono.CD14
TCAGGTTAGAGGAAGG-3,GARQ,D18,0,40,40,36,0.007847309,T.CD4.Memory
GTGCACGGTTGGTGAC-3,GARQ,D18,0,40,40,29,0.0058574677,T.CD4.Naive
GCAATAGAGTTATGTG-3,GARQ,D18,0,40,40,37,0.045726657,B.Naive
GTTCATTTCCGCACAA-3,GARQ,D18,0,40,40,33,0.084891915,T.CD4.Memory
GGTCATTAGAGGAAGG-3,GARQ,D18,0,40,40,13,0.0153108835,Mono.CD14
TGGTCATAGCTCAATA-3,GARQ,D18,0,40,40,4,0.0625118,Mono.CD14
ACGCAAGCACGTAATT-3,GARQ,D18,0,40,40,37,0.09014875,B.Naive
TGACTTCGTGGACCTG-3,GARQ,D18,0,40,40,29,0.07801813,T.CD4.Memory
ACGTACCCACCTAAGC-3,GARQ,D18,0,40,40,13,0.011621833,Mono.CD14
TAATTGCCATAAGTCT-3,GARQ,D18,0,40,40,37,0.01574099,B.Naive
TTGCAGCCAAGGTACG-3,GARQ,D18,0,40,40,37,0.024361134,B.Naive
ACGCAAGCACCTAATG-3,GARQ,D18,0,40,40,13,0.05953896,Mono.CD14
ATTCACTTCCTAGTCC-3,GARQ,D18,0,40,40,37,0.10537982,B.Naive
GCCTACTTCGGCTATG-3,GARQ,D18,0,40,40,15,0.038009882,B.Activated
ATCAATCCACAGGATG-3,GARQ,D18,0,40,40,29,0.13739777,T.CD8.Effector
CAGCATGTCGCCTAAG-3,GARQ,D18,0,40,40,13,0.167059,Mono.CD14
CGTCAATAGCGGTTAT-3,GARQ,D18,0,40,40,13,0.097525716,Mono.CD14
GTTGGCGGTAAGCTTG-3,GARQ,D18,0,40,40,13,0.0285393,Mono.CD14
TTTCATCAGCCGCTTT-3,GARQ,D18,0,40,40,4,0.035949588,Mono.CD14
AAGCCTTAGCAAGACA-3,GARQ,D18,0,40,40,37,0.061221957,B.Activated
CCGCACACATGTTGTG-3,GARQ,D18,0,40,40,13,0.0011101961,Mono.CD14
TCTCACCAGGACCTGC-3,GARQ,D18,0,40,40,13,0.03456223,Mono.CD14
ATGCATTCATGCAACC-3,GARQ,D18,0,40,40,16,0.019733429,T.CD4.Naive
GAAAGGCTCCTAAGGT-3,GARQ,D18,0,40,40,13,0.06521869,Mono.CD14
TACGGTTAGAGGATAT-3,GARQ,D18,0,40,40,37,0.035756826,B.Naive
ATATGTCCAAGGTACG-3,GARQ,D18,0,40,40,37,0.04613167,B.Naive
TGCACTTGTATTGTGG-3,GARQ,D18,0,40,40,37,0.05995488,B.Naive
CTTGTTCCACTAGGTC-3,GARQ,D18,0,40,40,37,0.018020153,B.Naive
GCAACAGCAATAACCT-3,GARQ,D18,0,40,40,29,0.14949161,T.CD4.Memory
CCTTAACGTTAGAGCC-3,GARQ,D18,0,40,40,33,0.030182004,T.CD4.Naive
TACTGACAGGCCTGGT-3,GARQ,D18,0,40,40,15,0.00910449,B.Naive
CAATGTGGTGCGCAAT-3,GARQ,D18,0,40,40,15,0.092345595,B.Naive
GTATCGCCAGTTTGGC-3,GARQ,D18,0,40,40,37,0.011169434,B.Naive
TGGACAAAGCTGTAAC-3,GARQ,D18,0,40,40,27,0.0320248,T.CD4.Naive
TTGTTGCGTTATGTGG-3,GARQ,D18,0,40,40,29,0.060084462,T.CD4.Memory
TACGTTAAGGTTTGAC-3,GARQ,D18,0,40,40,37,0.10419297,B.Naive
ACGCCACAGCTGTACG-3,GARQ,D18,0,40,40,33,0.04707718,T.CD4.Naive
GTTTGTCGTATTGTGG-3,GARQ,D18,0,40,40,13,0.025488436,Mono.CD14
ATCCACCTCGCTATAA-3,GARQ,D18,0,40,40,24,0.008231282,T.CD4.Naive
ATTTGCGCAGGCATGA-3,GARQ,D18,0,40,40,13,0.019329906,Mono.CD14
TATTTGGAGGACCTGC-3,GARQ,D18,0,40,40,14,0.03209257,NK
TTTGAGTCAACAGGAT-3,GARQ,D18,0,40,40,4,0.03971553,Mono.CD14
CACCTGTTCACTTCAT-3,GARQ,D18,0,40,40,37,0.09290552,B.Naive
ACCAAGTTCGTCATTT-3,GARQ,D18,0,40,40,37,0.008473158,B.Naive
GCTTCGCGTTAGAGGG-3,GARQ,D18,0,40,40,37,0.07764268,B.Naive
ACAAAGGTCATTGCGG-3,GARQ,D18,0,40,40,13,0.013044596,Mono.CD14
GAAGTATAGATGGACA-3,GARQ,D18,0,40,40,37,0.08722925,B.Naive
AGCAGGTAGGACACTT-3,GARQ,D18,0,40,40,29,0.32917124,T.CD4.Memory
CAGATTCAGTGAAGTG-3,GARQ,D18,0,40,40,31,0.11633158,T.CD4.Memory
GATTGGTTCCAAGTTA-3,GARQ,D18,0,40,40,13,0.046739697,Mono.CD14
GCAAGTCGTAACCACA-3,GARQ,D18,0,40,40,29,0.023258448,T.CD8.Naive
GGACGAAGTTATCGAG-3,GARQ,D18,0,40,40,34,0.078324854,NK
GTTTACCGTTACTAGG-3,GARQ,D18,0,40,40,13,0.0016317368,Mono.CD14
ATAGATGCACAGCCAT-3,GARQ,D18,0,40,40,18,0.028592587,T.CD8.Effector
CATAGGCGTAACCACA-3,GARQ,D18,0,40,40,37,0.14306653,B.Naive
GGTTAATGTTCCGGGA-3,GARQ,D18,0,40,40,37,0.14546895,B.Naive
GAACCTTAGCATGTCG-3,GARQ,D18,0,40,40,4,0.092152715,Mono.CD14
TCCCGGACAAACAACA-3,GARQ,D18,0,40,40,37,0.012551904,B.Naive
ATGCTTAAGGATTGAG-3,GARQ,D18,0,40,40,4,0.053922653,Mono.CD14
GGCTCACAGTAACCCG-3,GARQ,D18,0,40,40,4,0.004561901,Mono.CD14
GCCCGTTGTTTGTGGA-3,GARQ,D18,0,40,40,15,0.026246548,B.Naive
TGTTAGCAGTTGGGCC-3,GARQ,D18,0,40,40,33,0.0055475235,T.CD4.Memory
TGGAACAAGCTTTGGG-3,GARQ,D18,0,40,40,29,0.1238479,T.CD4.Memory
CTCGCTAGTGATGATT-3,GARQ,D18,0,40,40,37,0.10048175,B.Naive
TGAGAACCAGGTTCAC-3,GARQ,D18,0,40,40,13,0.06605744,Mono.CD14
GTCGCAATCCTACCTA-3,GARQ,D18,0,40,40,4,0.072238445,Mono.CD14
AATGTCCAGCTGTCAG-3,GARQ,D18,0,40,40,29,0.23709583,T.CD4.Memory
TAGCTTGCATGAAATG-3,GARQ,D18,0,40,40,4,0.078722954,Mono.CD14
CGTCATTGTTTGAGCA-3,GARQ,D18,0,40,40,24,0.013575077,T.CD4.Naive
AAGCAAGTCCTTTACG-3,GARQ,D18,0,40,40,37,0.084183455,B.Naive
AGTAAGTAGTTGGGCC-3,GARQ,D18,0,40,40,31,0.022912621,T.CD8.Naive
GGTAATTGTACCTTAC-3,GARQ,D18,0,40,40,37,0.026454926,B.Activated
ACAACAGAGTGAGAGC-3,GARQ,D18,0,40,40,13,0.00052940845,Mono.CD14
ATATGCTCATAAAGCA-3,GARQ,D18,0,40,40,29,0.20662999,T.CD8.Effector
GCTTTATTCCGTCCAT-3,GARQ,D18,0,40,40,4,0.02338767,Mono.CD14
TGAGCTTAGCCTGTGA-3,GARQ,D18,0,40,40,37,0.079383135,B.Naive
GGGTTTGTCAATGTGC-3,GARQ,D18,0,40,40,13,0.06416941,Mono.CD14
TTCGGTACAAGCGATG-3,GARQ,D18,0,40,40,37,0.011461258,B.Activated
GCTGCACAGTAGCGCC-3,GARQ,D18,0,40,40,37,0.0440197,B.Naive
AGACCCGGTATACTGG-3,GARQ,D18,0,40,40,37,0.060482502,B.Naive
TGCTTCATCAAACCTA-3,GARQ,D18,0,40,40,29,0.064786315,T.CD4.Memory
GGAACTAAGCGGTTAT-3,GARQ,D18,0,40,40,37,0.01137948,B.Naive
CCATCATGTACCGAAC-3,GARQ,D18,0,40,40,37,0.029334784,B.Activated
CGTTGCAAGTGAAGTG-3,GARQ,D18,0,40,40,37,0.0317688,B.Activated
TTAGCAATCCATAATG-3,GARQ,D18,0,40,40,37,0.08741808,B.Naive
CCCGCAACATAGCGAG-3,GARQ,D18,0,40,40,13,0.10267806,Mono.CD14
GTCAAACTCACAGCGC-3,GARQ,D18,0,40,40,7,0.008067369,T.CD4.Memory
GCTATAGGTTGGCCGA-3,GARQ,D18,0,40,40,27,0.085994005,T.CD4.Naive
CGGCTCACACTAAGAA-3,GARQ,D18,0,40,40,37,0.066883326,B.Naive
CGTGAGGAGCCACATG-3,GARQ,D18,0,40,40,37,0.01001811,B.Naive
CGCTAATAGGGTTATC-3,GARQ,D18,0,40,40,34,0.19914556,NK
CATGGATTCCGCAAGC-3,GARQ,D18,0,40,40,37,1.5258789e-05,B.Naive
ATTAGGTGTCATCAAG-3,GARQ,D18,0,40,40,13,0.02886343,Mono.CD14
GAGCAAATCATCACTT-3,GARQ,D18,0,40,40,36,0.026413023,T.CD4.Memory
CGATCCTTCTTGAGGT-3,GARQ,D18,0,40,40,37,0.056114197,B.Naive
TAAAGCCTCATTTGCT-3,GARQ,D18,0,40,40,33,0.04014778,T.CD4.Naive
AATCTTGAGGTGTTAC-3,GARQ,D18,0,40,40,1,0.04910952,T.CD4.Memory
TTTGCGGAGGTGAAAT-3,GARQ,D18,0,40,40,29,0.37766445,T.CD8.Effector
ATGACTCAGTAGGCGG-3,GARQ,D18,0,40,40,36,0.013156593,T.CD8.Naive
TCCTCACAGGCGTAAA-3,GARQ,D18,0,40,40,19,0.025857985,T.CD8.Naive
TGCTGGATCCTACCTA-3,GARQ,D18,0,40,40,5,0.058458507,T.CD8.Naive
AGCTAACTCATTAGTG-3,GARQ,D18,0,40,40,37,0.05514157,B.Naive
AGTCCTGAGGCCATCA-3,GARQ,D18,0,40,40,15,0.016044736,B.Activated
GAAGGCTAGGAGGTTA-3,GARQ,D18,0,40,40,1,0.020370841,T.CD4.Naive
TACGGTTAGCCGGTAC-3,GARQ,D18,0,40,40,29,0.11969721,T.CD4.Memory
GGCCATCAGCGTGCGT-3,GARQ,D18,0,40,40,37,0.0820235,B.Naive
TTGCTCTCAGTTATCG-3,GARQ,D18,0,40,40,29,0.01801467,T.CD4.Memory
CTGTTTAGTAGGTTGC-3,GARQ,D18,0,40,40,24,0.07805574,T.CD4.Naive
CAGCCAATCATCCACC-3,GARQ,D18,0,40,40,4,0.04480338,Mono.CD14
GCCACTAAGGGTTAGA-3,GARQ,D18,0,40,40,6,0.027824342,T.CD4.Memory
CATTATGAGGCTGTCA-3,GARQ,D18,0,40,40,37,0.0099544525,B.Naive
TTGATGTCAATTGAAG-3,GARQ,D18,0,40,40,2,0.016938984,T.CD8.Naive
GTCTTGCTCAGGGCCT-3,GARQ,D18,0,40,40,35,0.01811874,T.CD4.Memory
TTAACTGAGCACGTTG-3,GARQ,D18,0,40,40,34,0.19926834,NK
TGAGAACCAGAAATTG-3,GARQ,D18,0,40,40,31,0.023127973,T.CD4.Memory
TGTCAGTAGGAGGGTT-3,GARQ,D18,0,40,40,14,0.0061228275,T.CD4.Memory
GGTATGTTCCTAGTTT-3,GARQ,D18,0,40,40,37,0.015088916,B.Naive
ATCCATAAGCTGTAAC-3,GARQ,D18,0,40,40,26,0.28021812,NK
TAATGGTGTACCGTTT-3,GARQ,D18,0,40,40,29,0.15726948,T.CD4.Memory
AGGAACGGTGTGTCCC-3,GARQ,D18,0,40,40,4,0.05746305,Mono.CD14
TATAGGTGTTTGCTGT-3,GARQ,D18,0,40,40,34,0.03407544,T.CD8.Effector
TCCTGTTCACCAGGTT-3,GARQ,D18,0,40,40,33,0.04417914,T.CD8.Naive
TTGCTTAGTTGTTGTC-3,GARQ,D18,0,40,40,24,0.0032262802,T.CD4.Naive
ATTGTGATCGTCAAGT-3,GARQ,D18,0,40,40,14,0.11491394,T.CD8.Effector
TTGGTGAGTTCCTCCT-3,GARQ,D18,0,40,40,15,0.008599997,B.Naive
GATTCAATCGCCTGTT-3,GARQ,D18,0,40,40,1,0.059851646,T.CD8.Naive
TAGGCTAGTGAGCACT-3,GARQ,D18,0,40,40,34,0.0353086,NK
CCATAGCCAAGGTGGC-3,GARQ,D18,0,40,40,29,0.13770711,T.CD8.Effector
GACTATTCAATCGCAC-3,GARQ,D18,0,40,40,37,0.065380335,B.Activated
GAAACTGAGCCAGTAT-3,GARQ,D18,0,40,40,37,0.016082764,B.Activated
GGAACGGTCCTCAGTC-3,GARQ,D18,0,40,40,37,0.029072285,B.Activated
CTAACCTGTTCGGTAA-3,GARQ,D18,0,40,40,32,0.17137682,T.CD4.Memory
TGAGAACCATCAGTAT-3,GARQ,D18,0,40,40,15,0.007035136,B.Activated
TGTTCCTCATCCAGGT-3,GARQ,D18,0,40,40,26,0.036094725,NK
GTGAATCTCTCAATTC-3,GARQ,D18,0,40,40,15,0.05837798,B.Activated
AACTGTTCAGTGAACG-3,GARQ,D18,0,40,40,37,0.056575537,B.Naive
CAAACAACAAGCTAAA-3,GARQ,D18,0,40,40,3,0.055191875,T.CD8.Effector
CGAAATGAGCACAGCC-3,GARQ,D18,0,40,40,4,0.06530261,Mono.CD14
TTTGTGAAGCCGCAAC-3,GARQ,D18,0,40,40,34,0.025139272,NK
CATAATGTCGCATTAA-3,GARQ,D18,0,40,40,29,0.05718106,T.CD4.Memory
GTACCGGGTTGTCCAT-3,GARQ,D18,0,40,40,33,0.10988879,T.CD4.Naive
GATTTGCAGGTCCACA-3,GARQ,D18,0,40,40,37,0.009274483,B.Activated
TAGGCTAGTCCTTCAG-3,GARQ,D18,0,40,40,15,0.050666213,B.Naive
CACAAGCGTAACCTAG-3,GARQ,D18,0,40,40,29,8.440018e-05,T.CD4.Memory
ACTTGTAAGCCACATG-3,GARQ,D18,0,40,40,11,0.035408556,T.CD4.Memory
GAGTATCTCCTACCTA-3,GARQ,D18,0,40,40,37,0.035116196,B.Naive
GATGAGGGTTTGCGCC-3,GARQ,D18,0,40,40,12,0.05638784,T.CD8.Effector
AAGGATCCATCAGCAC-3,GARQ,D18,0,40,40,37,0.048320413,B.Naive
AAGTTACGTGGTTCTT-3,GARQ,D18,0,40,40,7,0.052291036,T.CD4.Memory
TGCTCCGTCATGCTCC-3,GARQ,D18,0,40,40,29,0.11422181,T.CD4.Naive
GAGGCCTTCGTTTCGC-3,GARQ,D18,0,40,40,24,0.07617313,T.CD4.Naive
TTTCGTCCACTAGGTC-3,GARQ,D18,0,40,40,31,0.12621284,T.CD4.Naive
GGATTCAGTTTATCTG-3,GARQ,D18,0,40,40,15,0.03522277,B.Naive
AACAGATAGCCTGGTA-3,GARQ,D18,0,40,40,29,0.07359254,T.CD8.Effector
CATTGTAAGAGCCGCT-3,GARQ,D18,0,40,40,1,0.024506092,T.CD4.Memory
TTAGGCTAGGACTTAC-3,GARQ,D18,0,40,40,29,0.2749865,T.CD8.Effector
TTGTAAGTCAACCAAC-3,GARQ,D18,0,40,40,33,0.0032927394,T.CD4.Naive
TTTCCTGAGGTGCTGC-3,GARQ,D18,0,40,40,33,0.05271542,T.CD4.Memory
CTGACATAGGATTGAG-3,GARQ,D18,0,40,40,23,0.029249191,T.CD8.Effector
TGCTTAAAGGAACCGG-3,GARQ,D18,0,40,40,29,0.0450778,T.CD4.Memory
GGTTATGGTTTGAGGC-3,GARQ,D18,0,40,40,8,0.0070888996,T.CD4.Memory
CTATGGCCAATCGCAC-3,GARQ,D18,0,40,40,33,0.07861948,T.CD4.Naive
ACCCTGTTCACTTTAC-3,GARQ,D18,0,40,40,23,0.01042676,T.CD8.Effector
GGAGCATAGTTTGTCT-3,GARQ,D18,0,40,40,33,0.07690346,T.CD4.Memory
GCAAACTTCGCTTGCT-3,GARQ,D18,0,40,40,37,0.0053169727,B.Naive
GAGAACCAGGTTACGT-3,GARQ,D18,0,40,40,37,0.024677396,B.Naive
CATAATGTCCTGATGG-3,GARQ,D18,0,40,40,15,0.005116582,B.Naive
CCGACAGGTCCGGTTC-3,GARQ,D18,0,40,40,24,0.000112354755,T.CD8.Naive
CATAGCTAGTAACCCG-3,GARQ,D18,0,40,40,26,0.2703669,NK
ACTTGCACATGTCAAT-3,GARQ,D18,0,40,40,11,0.048201323,T.CD8.Effector
AAGACCAAGTTTGGGT-3,GARQ,D18,0,40,40,23,0.0025715232,T.CD8.Effector
GGCTCAATCTCGCCCA-3,GARQ,D18,0,40,40,27,0.053817034,T.CD4.Memory
GAAACTGAGCGGGCAA-3,GARQ,D18,0,40,40,36,0.09353709,T.CD4.Naive
ACCAATATCATTAGCA-3,GARQ,D18,0,40,40,29,0.010300875,T.CD4.Memory
AAGCTTGGTAAGTCGC-3,GARQ,D18,0,40,40,15,0.0022369623,B.Activated
CATTATGAGACTATTG-3,GARQ,D18,0,40,40,31,0.018800616,T.CD4.Memory
GAGAAACGTATTCGCT-3,GARQ,D18,0,40,40,13,0.025665998,Mono.CD14
GGTCCGTAGCACTAAC-3,GARQ,D18,0,40,40,37,0.13369536,B.Naive
GAACCTTAGACACCGC-3,GARQ,D18,0,40,40,24,0.07014489,T.CD4.Memory
GAGCGATAGACAAAGT-3,GARQ,D18,0,40,40,29,0.084187925,T.CD4.Memory
AGTGAACCAAATGCCC-3,GARQ,D18,0,40,40,15,0.07331228,B.Activated
GAGCCACTCCATCAGG-3,GARQ,D18,0,40,40,7,0.0047756433,T.CD4.Memory
TAAGCCTAGCTGGAAA-3,GARQ,D18,0,40,40,37,0.039508343,B.Activated
GCGTGCTAGGCTTAAC-3,GARQ,D18,0,40,40,29,0.07956356,T.CD4.Memory
TTCATTCAGCAAGATG-3,GARQ,D18,0,40,40,15,0.024029255,B.Activated
TGACTTAAGTGATTCA-3,GARQ,D18,0,40,40,29,0.098086655,T.CD4.Memory
CGTGGTTCAGACAAAC-3,GARQ,D18,0,40,40,2,0.053797483,T.CD4.Memory
GGCCATCAGCGGATTT-3,GARQ,D18,0,40,40,36,0.00121665,T.CD4.Memory
TCAAGACTCATTAGTG-3,GARQ,D18,0,40,40,15,0.0531888,B.Naive
GCTAACAGTCGACTAA-3,GARQ,D18,0,40,40,33,0.08136439,T.CD4.Naive
TGATCACAGGATCACT-3,GARQ,D18,0,40,40,33,0.0032052994,T.CD4.Naive
GGGTTACGTGCAACTA-3,GARQ,D18,0,40,40,13,0.0614779,Platelets
GCAGGACCATGTCAGC-3,GARQ,D18,0,40,40,36,0.06303346,T.CD4.Memory
GATGCATTCCTTAAGA-3,GARQ,D18,0,40,40,33,0.0196625,T.CD4.Naive
TGGTCAGTCCATAATG-3,GARQ,D18,0,40,40,34,0.06614405,NK
GATGCTTAGCACTTGG-3,GARQ,D18,0,40,40,24,0.06240344,T.CD4.Naive
ACACGGACAACGTGCT-3,GARQ,D18,0,40,40,37,0.07295442,B.Naive
GAGCGAAGTTACGCGG-3,GARQ,D18,0,40,40,29,0.019311786,T.CD8.Effector
GAGTATCTCCCTGACT-3,GARQ,D18,0,40,40,35,0.08376062,T.CD8.Naive
GTGCTGGGTAACCACA-3,GARQ,D18,0,40,40,15,0.0073149204,B.Naive
TCCATGCTCACAGACT-3,GARQ,D18,0,40,40,13,0.029239416,Mono.CD14
TTGCAATCAGAGAGCC-3,GARQ,D18,0,40,40,28,0.11368221,T.CD4.Naive
TGCGCAGGTCATTACC-3,GARQ,D18,0,40,40,29,0.05322671,T.CD4.Naive
TCTTGACGTTAACAGT-3,GARQ,D18,0,40,40,27,0.27168512,T.CD4.Naive
GGTCAATTCCTTAAGA-3,GARQ,D18,0,40,40,37,0.06906831,B.Naive
CGCCTGTGTGCTGTAA-3,GARQ,D18,0,40,40,35,0.004552603,T.CD4.Naive
TGTGCGGGTTCGGTAA-3,GARQ,D18,0,40,40,33,0.014324665,T.CD8.Naive
TTCATCCCAAATTCGT-3,GARQ,D18,0,40,40,25,0.0053940415,T.CD8.Effector
GTTTAGCAGACACTTA-3,GARQ,D18,0,40,40,29,0.11526489,T.CD4.Memory
GCTGGATGTTGCACAA-3,GARQ,D18,0,40,40,29,0.042810082,T.CD4.Memory
AATAGAGGTGAGCAAG-3,GARQ,D18,0,40,40,24,0.037555933,T.CD4.Naive
GGTATGTTCCTGAGTG-3,GARQ,D18,0,40,40,13,0.04095328,Mono.CD14
GATGCATTCCGCCTAT-3,GARQ,D18,0,40,40,3,0.0005143285,T.CD8.Effector
CAACCCTTCACGCATG-3,GARQ,D18,0,40,40,29,0.26163787,T.CD4.Memory
GAGCAAGGTATTTGGG-3,GARQ,D18,0,40,40,1,0.015581965,T.CD4.Memory
GAAGTGATCAACAAGG-3,GARQ,D18,0,40,40,29,0.051365256,T.CD4.Memory
GTTTCCTCAGTAATAG-3,GARQ,D18,0,40,40,1,0.01025629,T.CD4.Memory
TCAGCGATCCTCATCA-3,GARQ,D18,0,40,40,33,0.1225552,T.CD4.Naive
GGTACTAGTTAGACCA-3,GARQ,D18,0,40,40,33,0.1038717,T.CD4.Naive
TCACATAAGGCGCATC-3,GARQ,D18,0,40,40,14,0.006528616,T.CD8.Naive
ACACTTAAGTACTGGT-3,GARQ,D18,0,40,40,29,0.11565888,T.CD4.Memory
ACGTCAAGTCCTTAGT-3,GARQ,D18,0,40,40,14,0.050640702,T.CD8.Effector
GCGCTTGCACCATATG-3,GARQ,D18,0,40,40,29,0.2062391,T.CD4.Memory
ACCTAAGGTTTAAAGC-3,GARQ,D18,0,40,40,24,0.017189622,T.CD4.Memory
ATGTCCACAAAGGTAC-3,GARQ,D18,0,40,40,14,0.02159214,T.CD4.Naive
CTAGGACGTAATGACT-3,GARQ,D18,0,40,40,1,0.009848654,T.CD4.Memory
ATTAGTCCACAGACTC-3,GARQ,D18,0,40,40,35,0.012243509,T.CD4.Naive
TCAAGCTAGTTCCTGC-3,GARQ,D18,0,40,40,31,0.03969425,T.CD4.Naive
CACTTAAAGGCCAATT-3,GARQ,D18,0,40,40,23,0.01985097,T.CD4.Memory
CCCTCACCAGGAATCG-3,GARQ,D18,0,40,40,9,0.003942251,T.CD4.Memory
GGCGCTAGTGCTGTAA-3,GARQ,D18,0,40,40,24,0.07906735,T.CD4.Memory
GTTCGCGCATCCGTAA-3,GARQ,D18,0,40,40,35,0.027534962,T.CD4.Memory
TGGTTAATCATTACTC-3,GARQ,D18,0,40,40,13,0.02040553,Mono.CD14
CGCAAATTCCAGGTTG-3,GARQ,D18,0,40,40,34,0.12653947,NK
ACACTAGGTCAACAAT-3,GARQ,D18,0,40,40,31,0.12843388,T.CD4.Naive
ATGAAGTAGCAAACCT-3,GARQ,D18,0,40,40,35,0.10771012,T.CD4.Naive
TTGCATTTCGTTACTT-3,GARQ,D18,0,40,40,7,0.013558269,T.CD4.Memory
TCTCGCCCATTAAACC-3,GARQ,D18,0,40,40,4,0.066654205,Mono.CD14
AGTAATGCATTAAGCT-3,GARQ,D18,0,40,40,29,0.029129267,T.CD4.Memory
GCTAACCCACTGGCCA-3,GARQ,D18,0,40,40,31,0.17378259,T.CD8.Naive
TGTAATGTCGCATCCT-3,GARQ,D18,0,40,40,15,0.03541255,B.Activated
TGTAAGTGTCAATGTG-3,GARQ,D18,0,40,40,11,0.10899079,T.CD8.Effector
TGATCGAGTTACTTCA-3,GARQ,D18,0,40,40,35,0.0024558306,T.CD4.Memory
TGTCAGTAGTTACCGG-3,GARQ,D18,0,40,40,34,0.11096597,NK
CCCTGGACAAGCTAAA-3,GARQ,D18,0,40,40,29,0.035282373,T.CD8.Effector
GAGCTAGCATGCTCCC-3,GARQ,D18,0,40,40,11,0.0012557507,T.CD8.Effector
AGAATCTGTACGCGCA-3,GARQ,D18,0,40,40,36,0.015259922,T.CD4.Naive
GACACCGGTGAGCAAG-3,GARQ,D18,0,40,40,1,0.029903531,T.CD4.Naive
TGTCCTTCACGTAAGG-3,GARQ,D18,0,40,40,33,0.013531089,T.CD4.Memory
AACCTTGCAAATGCCC-3,GARQ,D18,0,40,40,33,0.09618211,T.CD4.Naive
ACCAAACTCCGCAAGC-3,GARQ,D18,0,40,40,31,0.04132819,T.CD4.Naive
GTTGCATAGTCACTCC-3,GARQ,D18,0,40,40,34,0.006158948,NK
GAACCGCTCGCTAAAC-3,GARQ,D18,0,40,40,24,0.06310654,T.CD4.Naive
GTGCCTTTCTTTGTAC-3,GARQ,D18,0,40,40,24,0.036486447,T.CD4.Naive
GAACCAGCAGGCTTCG-3,GARQ,D18,0,40,40,14,0.043805182,T.CD4.Naive
ACCAGGCTCGTTAGCG-3,GARQ,D18,0,40,40,15,0.022328258,B.Naive
AGGCAATCAGCCTAAC-3,GARQ,D18,0,40,40,29,0.13020682,T.CD8.Effector
ATTTGCGCAAACTAAG-3,GARQ,D18,0,40,40,33,0.013861179,T.CD4.Naive
ACGTCAAGTTGGCCGA-3,GARQ,D18,0,40,40,28,0.08865082,T.CD4.Memory
TTAGGCTAGAGGAAGG-3,GARQ,D18,0,40,40,24,0.03377956,T.CD4.Naive
TGTGCGCAGTTTAACG-3,GARQ,D18,0,40,40,24,0.03348589,T.CD8.Naive
CAGCAAGCACAGCCTG-3,GARQ,D18,0,40,40,24,0.07090449,T.CD4.Memory
CGCAATGTCAGCAAGA-3,GARQ,D18,0,40,40,29,0.13195157,T.CD4.Memory
CCTTGTTCAATTGAGA-3,GARQ,D18,0,40,40,10,0.009134531,T.CD8.Naive
AAGCCTGTCATGCAAC-3,GARQ,D18,0,40,40,27,0.015753865,T.CD4.Naive
GGTGAGGTCTTAGGAC-3,GARQ,D18,0,40,40,29,0.090527296,T.CD4.Memory
TAGGCTAGTCTCAGCC-3,GARQ,D18,0,40,40,36,0.08036184,T.CD4.Memory
TTCAGCACAGTCTATG-3,GARQ,D18,0,40,40,24,0.095962405,T.CD4.Naive
TGCTAGCCAGTAGCCT-3,GARQ,D18,0,40,40,37,0.04884076,B.Naive
AGTGATGAGCTGAGGG-3,GARQ,D18,0,40,40,36,0.11407149,T.CD4.Naive
GGCTGTCAGCATGAAG-3,GARQ,D18,0,40,40,31,0.07985091,T.CD4.Naive
GTGTGTTAGGTCCACA-3,GARQ,D18,0,40,40,24,0.11556733,T.CD4.Naive
ACCCGCTGTGGTTATG-3,GARQ,D18,0,40,40,24,0.020300984,T.CD4.Memory
CTATGAGGTACTTCAC-3,GARQ,D18,0,40,40,35,0.09017408,T.CD4.Naive
TACCTGCTCCGTCCAT-3,GARQ,D18,0,40,40,31,0.10309112,T.CD8.Naive
TTGCAGCCAAACAACA-3,GARQ,D18,0,40,40,31,0.11778021,T.CD8.Naive
TGTCATAAGACAGGTA-3,GARQ,D18,0,40,40,1,0.021831512,T.CD4.Memory
CGTTAAATCACAGCGC-3,GARQ,D18,0,40,40,28,0.014173865,T.CD8.Naive
TGAGAACCAATCCTAG-3,GARQ,D18,0,40,40,15,0.058775187,B.Naive
CCCTCATAGGAGCAAC-3,GARQ,D18,0,40,40,36,0.044015884,T.CD4.Naive
TAGGCTGTCTGTGCAG-3,GARQ,D18,0,40,40,1,0.021650553,T.CD4.Naive
GCCTTTGGTGTCCAAA-3,GARQ,D18,0,40,40,34,0.27481985,NK
TTGGTGAGTAGTTGGC-3,GARQ,D18,0,40,40,35,0.029784441,T.CD8.Naive
AATTCGTCATCAATCG-3,GARQ,D18,0,40,40,26,0.18210018,NK
TCAAGCTAGGTTTGAC-3,GARQ,D18,0,40,40,35,0.057421446,T.CD4.Naive
GATCACTAGAGCCGGA-3,GARQ,D18,0,40,40,24,0.06597996,T.CD8.Naive
GGACCGAAGGCTTAGT-3,GARQ,D18,0,40,40,36,0.013705015,T.CD4.Naive
TGTCATAAGGGTCCAC-3,GARQ,D18,0,40,40,1,0.042936623,T.CD4.Memory
ACGTTGTAGGATTTGC-3,GARQ,D18,0,40,40,37,0.12832189,B.Naive
TAGGTGCGTATTGTGG-3,GARQ,D18,0,40,40,24,0.014250636,T.CD4.Naive
ATGCATTCAGGTTCAC-3,GARQ,D18,0,40,40,31,0.079251885,T.CD4.Naive
ATGCGATTCTACCTGC-3,GARQ,D18,0,40,40,36,0.057715535,T.CD4.Naive
ATGTTTGAGTCTTGAA-3,GARQ,D18,0,40,40,33,0.10752559,T.CD4.Memory
CTGGATGTCTCATCAT-3,GARQ,D18,0,40,40,36,0.008253694,T.CD4.Naive
GCGTTTCTCCTTAATC-3,GARQ,D18,0,40,40,37,0.11501312,B.Naive
GGCTATGTCATGAGCT-3,GARQ,D18,0,40,40,35,0.123179674,T.CD4.Naive
CGTTTCTCAGCTCAAC-3,GARQ,D18,0,40,40,13,0.04948616,Mono.CD14
CTCACAACAGGACCTT-3,GARQ,D18,0,40,40,15,0.045850396,B.Naive
TACGTAATCGATAACC-3,GARQ,D18,0,40,40,28,0.0069497824,T.CD8.Naive
CGAATCTAGACAAAGT-3,GARQ,D18,0,40,40,37,0.063432455,B.Activated
GGTTAGCGTAGTTGGC-3,GARQ,D18,0,40,40,27,0.06928313,T.CD4.Memory
AATTCGTCACATTGCA-3,GARQ,D18,0,40,40,14,0.09297323,T.CD4.Memory
TCGTAATCACGTTACA-3,GARQ,D18,0,40,40,29,0.24278641,T.CD4.Memory
TTTCACCCACATTGCA-3,GARQ,D18,0,40,40,34,0.28087074,NK
TATCGCGAGTAGCGGG-3,GARQ,D18,0,40,40,28,0.03306979,T.CD4.Memory
CTCGACAAGTATTGTG-3,GARQ,D18,0,40,40,35,0.013564229,T.CD4.Naive
CGATTGAGTGCTCCAC-3,GARQ,D18,0,40,40,31,0.0401206,T.CD4.Naive
AAAGGACGTACAATGT-3,GARQ,D18,0,40,40,35,0.06367028,T.CD4.Naive
CCTTTAGTCGTTTCGC-3,GARQ,D18,0,40,40,35,0.0680331,T.CD8.Naive
TGTTTGTTCATTGCAA-3,GARQ,D18,0,40,40,37,0.050742865,B.Naive
ACGTCCAAGCGAGCGA-3,GARQ,D18,0,40,40,29,0.017410517,T.CD8.Effector
ATGTTTGAGCTCGCTT-3,GARQ,D18,0,40,40,24,0.07331246,T.CD4.Memory
AACCGGCTCAGGATGA-3,GARQ,D18,0,40,40,2,0.030642033,T.CD4.Memory
AAACCGAAGGCTAAGA-3,GARQ,D18,0,40,40,7,0.003902018,T.CD4.Memory
ACTGAAACATAGACTT-3,GARQ,D18,0,40,40,33,0.043687105,T.CD8.Effector
TTTGGTGCAGGACCTT-3,GARQ,D18,0,40,40,33,0.010963321,T.CD4.Naive
GATTCATCACCATATG-3,GARQ,D18,0,40,40,11,0.105571985,T.CD8.Effector
TACCGCAAGCTCCTAC-3,GARQ,D18,0,40,40,34,0.3219049,NK
ATAAGCCTCCTCATCA-3,GARQ,D18,0,40,40,16,0.05618322,T.CD4.Memory
AGTAACGAGCCGCTTT-3,GARQ,D18,0,40,40,34,0.43475735,NK
ATGCAGGCAATAAGCA-3,GARQ,D18,0,40,40,1,0.013270974,T.CD4.Naive
ACGGTTAGTGGGTGAA-3,GARQ,D18,0,40,40,27,0.0480417,T.CD4.Naive
AACATCATCAGGTCCA-3,GARQ,D18,0,40,40,29,0.09715319,T.CD8.Effector
TGAAACTGTTCGCTCA-3,GARQ,D18,0,40,40,1,0.026165962,T.CD4.Naive
ACCACACCACAAAGAC-3,GARQ,D18,0,40,40,27,0.059104085,T.CD8.Naive
CTCATGCTCAAACCTA-3,GARQ,D18,0,40,40,1,0.10872364,T.CD8.Naive
CGAGGAAGTTGTAACG-3,GARQ,D18,0,40,40,9,0.31022215,T.CD4.Memory
AGGCCCAGTGCATTTC-3,GARQ,D18,0,40,40,1,0.01049149,T.CD4.Naive
GGAACAATCCAAGTGT-3,GARQ,D18,0,40,40,11,0.022227049,T.CD4.Memory
GTTTGTCGTAACAGGG-3,GARQ,D18,0,40,40,15,0.025723815,B.Naive
TGCTCAACAACAGGAT-3,GARQ,D18,0,40,40,1,0.09341812,T.CD4.Naive
TCTTGACGTGTGAGAG-3,GARQ,D18,0,40,40,24,0.0077285767,T.CD4.Memory
AATCTCAAGATGCCTG-3,GARQ,D18,0,40,40,1,0.060368538,T.CD8.Naive
TGTCAGTAGAGGCTAA-3,GARQ,D18,0,40,40,37,0.07756317,B.Activated
CCGCAAGGTGGATTAT-3,GARQ,D18,0,40,40,11,0.022159278,T.CD8.Effector
AAAGCCGCAAACCCTA-3,GARQ,D18,0,40,40,34,0.060159564,T.CD8.Effector
GCAGCAACACAGACTC-3,GARQ,D18,0,40,40,33,0.022632718,T.CD4.Naive
CAAACTGGTATGGTGC-3,GARQ,D18,0,40,40,28,0.016204298,T.CD8.Naive
CCGGTAGGTTCCGCAC-3,GARQ,D18,0,40,40,1,0.008274674,T.CD8.Naive
TGAAGTGAGCTGGACC-3,GARQ,D18,0,40,40,33,0.026923418,T.CD4.Naive
TCCATAAAGAAACTGG-3,GARQ,D18,0,40,40,31,0.0018516779,T.CD4.Naive
AACATTGTCAATGTGC-3,GARQ,D18,0,40,40,33,0.05202341,T.CD4.Naive
TTGAGGCGTTTACTTG-3,GARQ,D18,0,40,40,24,0.024310112,T.CD4.Naive
GTTCTTGTCACAGCCA-3,GARQ,D18,0,40,40,23,0.010198116,T.CD8.Effector
TGCTTGTGTGAGCAAG-3,GARQ,D18,0,40,40,10,0.002385974,T.CD8.Naive
AGCCAGTGTTAAATGC-3,GARQ,D18,0,40,40,34,0.18289167,NK
AATCTCAAGTGATTCA-3,GARQ,D18,0,40,40,20,0.0063346624,T.CD4.Naive
AACAGCAAGGCCTTAG-3,GARQ,D18,0,40,40,29,0.07831228,T.CD4.Memory
GGTAAGGGTCATTGAG-3,GARQ,D18,0,40,40,1,0.07307768,T.CD8.Naive
GTACCTTGTCACAGAC-3,GARQ,D18,0,40,40,11,0.018496156,T.CD8.Effector
GACTCACCATTCCTGT-3,GARQ,D18,0,40,40,31,0.0019173026,T.CD4.Naive
TCACTGACAAACCCTA-3,GARQ,D18,0,40,40,24,0.07178295,T.CD4.Memory
TATTAGGTCAATCATG-3,GARQ,D18,0,40,40,27,0.0445745,T.CD4.Naive
CGCTTACTCATGCTAA-3,GARQ,D18,0,40,40,24,0.0029622316,T.CD8.Naive
AGGTCAAAGTAGGATG-3,GARQ,D18,0,40,40,35,0.058583975,T.CD4.Naive
AGCTACTAGGTTACAC-3,GARQ,D18,0,40,40,36,0.013993919,T.CD4.Memory
TCGGTAAGTCTTTGAC-3,GARQ,D18,0,40,40,13,0.020789504,Mono.CD14
TTGGATTCAATGCCTA-3,GARQ,D18,0,40,40,29,0.058301687,T.CD4.Memory
ACAGCGCTCCCGAAGC-3,GARQ,D18,0,40,40,11,0.16329318,T.CD8.Effector
GCGAAGTAGTGGACAA-3,GARQ,D18,0,40,40,11,0.1666575,T.CD8.Effector
AATCCTAAGTTAGCCG-3,GARQ,D18,0,40,40,24,0.48218608,T.CD4.Naive
ATCTATGAGTATTGCA-3,GARQ,D18,0,40,40,19,0.011523962,T.CD4.Memory
CGCTAACCATGCTATG-3,GARQ,D18,0,40,40,24,0.016513765,T.CD4.Memory
GACCTAGTCATGTCAA-3,GARQ,D18,0,40,40,11,0.12505949,T.CD4.Memory
GCGGGTTTCCTTAAGA-3,GARQ,D18,0,40,40,20,0.0036352873,T.CD4.Naive
GCTGTAAGTGAGACTC-3,GARQ,D18,0,40,40,7,0.0257563,T.CD8.Effector
GGCCGTTAGCGATAAG-3,GARQ,D18,0,40,40,1,0.0668776,T.CD4.Naive
TCAAGCTAGGTCGAGG-3,GARQ,D18,0,40,40,1,0.014434516,T.CD8.Naive
GTACTTAAGTCATTTC-3,GARQ,D18,0,40,40,1,0.04149604,T.CD4.Naive
TAACCAGGTTAGAGCC-3,GARQ,D18,0,40,40,34,0.05634904,NK
CTATTGAAGAAAGGAA-3,GARQ,D18,0,40,40,1,0.15540576,T.CD4.Memory
AGGGCTACACAGGATG-3,GARQ,D18,0,40,40,1,0.0023703575,T.CD4.Naive
GGTAAGGGTCGCATAA-3,GARQ,D18,0,40,40,37,0.06621289,B.Naive
GGGCATGAGATGGAGC-3,GARQ,D18,0,40,40,20,0.059948027,T.CD8.Naive
GCAAACCGTAAGCTTG-3,GARQ,D18,0,40,40,35,0.023700714,T.CD4.Naive
TAGGCTTAGCAATAGG-3,GARQ,D18,0,40,40,11,0.0055713654,T.CD8.Effector
ATTGTGATCCTAATTC-3,GARQ,D18,0,40,40,7,0.010451794,T.CD4.Naive
GCCTTGCGTGCGCAAT-3,GARQ,D18,0,40,40,1,0.04829836,T.CD4.Naive
CCAGACTCAAGCCACT-3,GARQ,D18,0,40,40,24,0.05685234,T.CD4.Memory
AGAAGGTGTTGGTTGA-3,GARQ,D18,0,40,40,37,0.010694146,B.Activated
AGCAAGGGTCTATCGT-3,GARQ,D18,0,40,40,1,0.013357878,T.CD4.Naive
GATCAGTTCCCATAGG-3,GARQ,D18,0,40,40,35,0.048555076,T.CD4.Naive
GAAGTATAGTCATCCC-3,GARQ,D18,0,40,40,1,0.027288198,T.CD4.Naive
CATAAGCTCGATTTAG-3,GARQ,D18,0,40,40,33,0.083376646,T.CD4.Naive
AAGCTATGTGCACGCA-3,GARQ,D18,0,40,40,24,0.03837967,T.CD4.Naive
CATCCTCAGTTATCTC-3,GARQ,D18,0,40,40,1,0.034291983,T.CD4.Memory
CTTTAGGCATACTCCT-3,GARQ,D18,0,40,40,1,0.16756606,T.CD4.Naive
GTTAACCAGCTGGCTA-3,GARQ,D18,0,40,40,31,0.0036426783,T.CD4.Naive
AAGTTTGTCACATTGA-3,GARQ,D18,0,40,40,1,0.018104792,T.CD8.Effector
TGGCGGTTCTAAGGTC-3,GARQ,D18,0,40,40,11,0.03139299,T.CD8.Effector
GATTAGTGTTTCCACG-3,GARQ,D18,0,40,40,13,0.19192553,Mono.CD14
GGATTCAGTGCTGGTG-3,GARQ,D18,0,40,40,1,0.068873584,T.CD4.Naive
ACAACAACAGCTAACC-3,GARQ,D18,0,40,40,8,0.0020741224,T.CD4.Memory
CCCGCTTCATCCGTAA-3,GARQ,D18,0,40,40,29,0.1796298,T.CD4.Memory
CCTTAGTGTGCTCCAC-3,GARQ,D18,0,40,40,24,0.051264286,T.CD4.Naive
CTTACCGGTATTGGAT-3,GARQ,D18,0,40,40,31,0.04225397,T.CD4.Naive
GCGTAACGTATTGTCC-3,GARQ,D18,0,40,40,24,0.06171739,T.CD4.Memory
GGCATGGAGACTTATG-3,GARQ,D18,0,40,40,33,0.160393,T.CD4.Naive
TCTATGTTCAATAGCC-3,GARQ,D18,0,40,40,34,0.30308485,NK
ACGATTCAGCAGGTTT-3,GARQ,D18,0,40,40,34,0.3872825,NK
TGGGCCTAGGAACGCG-3,GARQ,D18,0,40,40,24,0.040106058,T.CD4.Naive
AAGTTAGCAAACTCAT-3,GARQ,D18,0,40,40,24,0.13597488,T.CD4.Naive
TTTAGCTTCTAACCAA-3,GARQ,D18,0,40,40,36,0.013669014,T.CD8.Effector
TACTGGCCATTATGGT-3,GARQ,D18,0,40,40,1,0.19815636,T.CD4.Naive
GATTGGCGTAATCGGC-3,GARQ,D18,0,40,40,14,0.035715103,T.CD4.Memory
GGATTTATCCACCTGT-3,GARQ,D18,0,40,40,15,0.0024206638,B.Naive
TGTTGTAAGTAACCAC-3,GARQ,D18,0,40,40,24,0.08733261,T.CD4.Naive
CAGGAAGGTTAGCCAA-3,GARQ,D18,0,40,40,1,0.107088566,T.CD4.Naive
TTATTGCTCTCAATTC-3,GARQ,D18,0,40,40,11,0.09154856,T.CD8.Effector
AACCTTGCATTAGCCA-3,GARQ,D18,0,40,40,39,0.24385118,T.CD4.Memory
TACCAAATCATAGACC-3,GARQ,D18,0,40,40,36,0.0018713474,T.CD4.Memory
GGATGTAAGTTAGGCT-3,GARQ,D18,0,40,40,33,0.0067661405,T.CD4.Naive
ATGGCTTAGCTTCTCA-3,GARQ,D18,0,40,40,13,0.064355016,Mono.CD14
TGTAAGCTCATCAGTA-3,GARQ,D18,0,40,40,28,0.057415247,T.CD4.Memory
TTGTCCCAGACTAAGG-3,GARQ,D18,0,40,40,33,0.09569591,T.CD4.Memory
TCAAACCAGCTTAGCG-3,GARQ,D18,0,40,40,1,0.08069873,T.CD4.Naive
AAAGCTTGTGAGAAAC-3,GARQ,D18,0,40,40,11,0.07654321,T.CD8.Effector
AATTACCCATCATGTG-3,GARQ,D18,0,40,40,35,0.07323539,T.CD4.Memory
AGGCGGATCTTTGAGA-3,GARQ,D18,0,40,40,36,0.003908217,T.CD4.Memory
GCCTGTGCAACCTGGT-3,GARQ,D18,0,40,40,1,0.059837878,T.CD4.Naive
CTGTTTAGTCATGAGC-3,GARQ,D18,0,40,40,24,0.07586157,T.CD4.Memory
TATGGATGTAGCCATA-3,GARQ,D18,0,40,40,36,0.027457714,T.CD4.Naive
AGGATCCGTTTATCGC-3,GARQ,D18,0,40,40,1,0.018384814,T.CD4.Memory
GCAAACTTCATGCAAC-3,GARQ,D18,0,40,40,1,0.097658694,T.CD8.Effector
CACTAGCCAGGTATTT-3,GARQ,D18,0,40,40,34,0.055596113,T.CD8.Effector
TGTGCTGAGACAGGCG-3,GARQ,D18,0,40,40,11,0.059741497,T.CD8.Effector
AAATCCGGTCCGTGAG-3,GARQ,D18,0,40,40,37,0.1045928,B.Naive
ACACTAGGTACAAAGA-3,GARQ,D18,0,40,40,24,0.003169477,T.CD8.Naive
CGCAATCCAAACGGGC-3,GARQ,D18,0,40,40,24,0.05485177,T.CD4.Memory
AGCACTTAGGCAACAA-3,GARQ,D18,0,40,40,24,0.020992935,T.CD4.Memory
CCTGGATCATTAAGTC-3,GARQ,D18,0,40,40,30,0.03759396,T.CD4.Memory
ACGGTTAGTGCATCGG-3,GARQ,D18,0,40,40,34,0.043268085,T.CD8.Effector
ATAAGCCTCTGGCTTC-3,GARQ,D18,0,40,40,38,0.11670333,T.CD4.Memory
GTGATGAAGGGTGAAC-3,GARQ,D18,0,40,40,1,0.028639257,T.CD8.Naive
TCATTGCGTGGATTGC-3,GARQ,D18,0,40,40,34,0.23948395,T.CD8.Effector
ACTTACTTCCAAGTTA-3,GARQ,D18,0,40,40,33,0.12616044,T.CD4.Naive
GGGTTACGTGTGCAAC-3,GARQ,D18,0,40,40,34,0.24515873,T.CD8.Effector
CGGGACAAGCGTGCGT-3,GARQ,D18,0,40,40,36,0.0049226284,T.CD4.Memory
GGCTATGTCAATACGC-3,GARQ,D18,0,40,40,24,0.006590605,T.CD4.Naive
GTTTAGCAGCGCCTTT-3,GARQ,D18,0,40,40,39,0.048981905,T.CD4.Memory
AGCAATACAAGTGAAC-3,GARQ,D18,0,40,40,37,0.046028495,B.Naive
TATCACAAGGGTGAGT-3,GARQ,D18,0,40,40,11,0.3078972,T.CD8.Effector
GACGTAAAGCTCCTTA-3,GARQ,D18,0,40,40,36,0.0055754185,T.CD4.Memory
TTGTCAAAGGCAACAA-3,GARQ,D18,0,40,40,13,0.040492773,Mono.CD14
CCTATTTAGGAAGCTA-3,GARQ,D18,0,40,40,1,0.07512164,T.CD4.Memory
GAATTTGTCAAGCCTG-3,GARQ,D18,0,40,40,11,0.14665818,T.CD8.Effector
TATCGCGAGAGAGGCT-3,GARQ,D18,0,40,40,27,0.09977853,T.CD4.Memory
ATGCAGGCACAATGTT-3,GARQ,D18,0,40,40,1,0.021835804,T.CD4.Naive
TTAGTCAAGGGATTAG-3,GARQ,D18,0,40,40,34,0.17133307,NK
ATTTAGGTCGCGCTAA-3,GARQ,D18,0,40,40,11,0.0004619956,T.CD8.Effector
CTCGCTAGTCGTAATG-3,GARQ,D18,0,40,40,24,0.06448865,T.CD8.Naive
CGGCTCACAAATATCC-3,GARQ,D18,0,40,40,1,0.07671213,T.CD4.Naive
CCCATAACATAGCTTG-3,GARQ,D18,0,40,40,37,0.015681982,B.Naive
CTACCGGCATTAAAGG-3,GARQ,D18,0,40,40,29,0.036760688,T.CD4.Memory
GGTCTTGAGGATCCGC-3,GARQ,D18,0,40,40,24,0.10917604,T.CD4.Naive
GGCTCAATCGTAACGT-3,GARQ,D18,0,40,40,36,0.022532582,T.CD4.Naive
CACATAATCAGGTCCA-3,GARQ,D18,0,40,40,11,0.072383404,T.CD8.Effector
CTCATTGTCTACCTCA-3,GARQ,D18,0,40,40,13,0.10372472,Mono.CD14
TGATCCTGTGTTTGAG-3,GARQ,D18,0,40,40,37,0.04598248,B.Naive
ATCCTCATCGTTAGCG-3,GARQ,D18,0,40,40,1,0.099042416,T.CD4.Naive
TCGTCAACATCCGTAA-3,GARQ,D18,0,40,40,29,0.022925615,T.CD8.Effector
