cell_id,method,dataset,seed,requested_K,realized_K,metacell_id,delta_confidence,cell_type
CACCAACCACTTCATC-14-s4d8,GARQ,D11,0,40,38,24,0.00636518,CD8+ T
TCCCGTTAGCGCCTTT-14-s4d8,GARQ,D11,0,40,38,11,0.056883574,Transitional B
GATTTGCAGTTGCGTG-14-s4d8,GARQ,D11,0,40,38,6,0.12817532,NK
GCTATAGGTTCCTGTG-14-s4d8,GARQ,D11,0,40,38,22,0.0983417,Transitional B
CAATCGCCATAGCAGG-14-s4d8,GARQ,D11,0,40,38,3,0.036067605,CD4+ T activated
CGGGTCTAGACTAAGG-14-s4d8,GARQ,D11,0,40,38,15,0.80313116,Proerythroblast
CTTGCGCGTGCACGCA-14-s4d8,GARQ,D11,0,40,38,9,0.008111477,Lymph prog
AGTAATGCAATTAGGA-14-s4d8,GARQ,D11,0,40,38,13,0.022150934,CD8+ T
ATAGCATGTCTAACAG-14-s4d8,GARQ,D11,0,40,38,11,0.02431655,Naive CD20+ B
CAGCATGTCGGTCATG-14-s4d8,GARQ,D11,0,40,38,18,0.07468754,Transitional B
GTTCACCTCCTAATTC-14-s4d8,GARQ,D11,0,40,38,3,0.108388186,NK
CCTAAGTAGCTCCCTG-14-s4d8,GARQ,D11,0,40,38,9,0.053055882,Naive CD20+ B
CCTCAAACACAAGCCT-14-s4d8,GARQ,D11,0,40,38,6,0.19504702,CD4+ T activated
CTAGGACGTATTTGCC-14-s4d8,GARQ,D11,0,40,38,11,0.02609098,Lymph prog
GGTCAATTCACTCAAA-14-s4d8,GARQ,D11,0,40,38,13,0.03324437,CD8+ T
TCTTGTCCAGTTAGCC-14-s4d8,GARQ,D11,0,40,38,22,0.1256643,Lymph prog
GCAAACTTCTTAAGTG-14-s4d8,GARQ,D11,0,40,38,38,0.024225175,NK
ACTCACCTCATAACTG-14-s4d8,GARQ,D11,0,40,38,15,1.4879348,Erythroblast
ATGGCTAGTCATTGTC-14-s4d8,GARQ,D11,0,40,38,21,0.065669775,CD8+ T
ATTTGCAAGAACAAGT-14-s4d8,GARQ,D11,0,40,38,6,0.43888307,CD8+ T
TAAGCTGGTAACGGGA-14-s4d8,GARQ,D11,0,40,38,6,0.19917512,CD8+ T
GTCGCAATCATTACAG-14-s4d8,GARQ,D11,0,40,38,5,0.09194517,CD8+ T
CAGCTATAGCATTTCT-14-s4d8,GARQ,D11,0,40,38,15,0.95825195,Proerythroblast
ATAACGACAGTCTATG-14-s4d8,GARQ,D11,0,40,38,38,0.010133386,CD4+ T activated
CATAGACTCCTTCAAT-14-s4d8,GARQ,D11,0,40,38,9,0.024330974,B1 B
GCTTGACCAAGTGAAC-14-s4d8,GARQ,D11,0,40,38,3,0.061888695,CD8+ T
GGACAGCCATCCCTCA-14-s4d8,GARQ,D11,0,40,38,13,0.00055885315,CD8+ T
CACTAAGGTGCTTTAC-14-s4d8,GARQ,D11,0,40,38,15,0.80900365,Proerythroblast
GGAATCTTCCTAATGA-14-s4d8,GARQ,D11,0,40,38,15,0.637878,Proerythroblast
CTGGACCAGGACCTCA-14-s4d8,GARQ,D11,0,40,38,10,0.010281682,CD8+ T
ATGGCTGTCATCCTGC-14-s4d8,GARQ,D11,0,40,38,5,0.041407883,CD8+ T
TCTAGCACAGCAATAA-14-s4d8,GARQ,D11,0,40,38,5,0.018276572,CD8+ T
ACCTAAATCAATCTCT-14-s4d8,GARQ,D11,0,40,38,35,0.093696415,CD4+ T activated
CCGGTTAAGGCTGTCA-14-s4d8,GARQ,D11,0,40,38,9,0.044306874,Naive CD20+ B
TCTGGCTTCCCTGTTA-14-s4d8,GARQ,D11,0,40,38,11,0.02368486,Naive CD20+ B
GCGGATACAACTCGCG-14-s4d8,GARQ,D11,0,40,38,6,0.095278144,CD8+ T
TAGGCTTAGCAGCTCA-14-s4d8,GARQ,D11,0,40,38,5,0.05058527,CD8+ T
TTAAGGACACCAACCG-14-s4d8,GARQ,D11,0,40,38,6,0.10239047,CD4+ T activated
CAAACCGTCGTCCTTA-14-s4d8,GARQ,D11,0,40,38,6,0.14913255,CD4+ T activated
TCCGGAATCCAAATCA-14-s4d8,GARQ,D11,0,40,38,15,0.8959918,Proerythroblast
AATTGCCAGGCTTAGT-14-s4d8,GARQ,D11,0,40,38,6,0.039833546,CD8+ T
TCTAGCACATCCAGGT-14-s4d8,GARQ,D11,0,40,38,5,0.16807342,CD8+ T
GCCAACATCCGGGACT-14-s4d8,GARQ,D11,0,40,38,15,0.55279106,Proerythroblast
AGAATCTGTACCAGGT-14-s4d8,GARQ,D11,0,40,38,6,0.4184897,CD8+ T
AATTGACGTTCCTGTG-14-s4d8,GARQ,D11,0,40,38,3,0.029559553,CD8+ T
ATGGACAAGCTTAACA-14-s4d8,GARQ,D11,0,40,38,6,0.26469254,CD8+ T
CAAGGGAGTTGAGCCG-14-s4d8,GARQ,D11,0,40,38,35,0.08078927,CD8+ T
TTTGTGAAGTTTGAGC-14-s4d8,GARQ,D11,0,40,38,22,0.034600735,Naive CD20+ B
TCCTTAGTCATTACGA-14-s4d8,GARQ,D11,0,40,38,9,0.03369999,Transitional B
GATTCAGGTTACTAGG-14-s4d8,GARQ,D11,0,40,38,6,0.049571216,CD8+ T
AACCTTGCAGTTATCG-14-s4d8,GARQ,D11,0,40,38,11,0.06226766,Transitional B
GATTACTCAGCACCAT-14-s4d8,GARQ,D11,0,40,38,5,0.029334426,CD4+ T activated
GGTTGCTCATGACTAT-14-s4d8,GARQ,D11,0,40,38,9,0.022066474,Naive CD20+ B
TGTGTTAAGCCTCTCG-14-s4d8,GARQ,D11,0,40,38,11,0.09629381,pDC
ACTCAGTAGATAAAGC-14-s4d8,GARQ,D11,0,40,38,6,0.02532798,CD8+ T
CCATTGTGTTATCGAG-14-s4d8,GARQ,D11,0,40,38,5,0.022311985,CD8+ T
ACTGAAACAATCGCAC-14-s4d8,GARQ,D11,0,40,38,15,0.3695442,Proerythroblast
ATTGGTTCACAACAAA-14-s4d8,GARQ,D11,0,40,38,30,0.0459013,CD4+ T activated
CATAGACTCCTCCATA-14-s4d8,GARQ,D11,0,40,38,5,0.057380795,CD8+ T
CAGCCAATCCTGAATA-14-s4d8,GARQ,D11,0,40,38,6,0.012469709,CD4+ T naive
GGGCATTGTGGAAGGC-14-s4d8,GARQ,D11,0,40,38,28,0.065968156,cDC2
TAAGTGCTCAGGCTAT-14-s4d8,GARQ,D11,0,40,38,3,0.02770269,CD8+ T
CTATGTTTCGCCTAAG-14-s4d8,GARQ,D11,0,40,38,6,0.013230443,CD8+ T
GAACCTGTCCCGAAGC-14-s4d8,GARQ,D11,0,40,38,4,0.61216486,CD14+ Mono
CCTTGCGTCACGAATC-14-s4d8,GARQ,D11,0,40,38,6,0.16008675,CD4+ T activated
ACCTAAATCGCACACA-14-s4d8,GARQ,D11,0,40,38,31,0.0492419,CD8+ T
GTCAAACTCTGGCAAT-14-s4d8,GARQ,D11,0,40,38,22,0.11919439,Transitional B
CCTTCGTAGCTATGAC-14-s4d8,GARQ,D11,0,40,38,15,0.8237837,Erythroblast
TAACCAGGTGGATTCA-14-s4d8,GARQ,D11,0,40,38,11,0.080062866,Transitional B
ACACTAATCCTAAGGT-14-s4d8,GARQ,D11,0,40,38,5,0.128371,CD8+ T
ATCGGCCAGGCTAAGA-14-s4d8,GARQ,D11,0,40,38,22,0.22355509,Naive CD20+ B
AGTAATGCACCAACCG-14-s4d8,GARQ,D11,0,40,38,6,0.03776127,CD8+ T
CGTGTTACAGTCTATG-14-s4d8,GARQ,D11,0,40,38,31,0.008056641,CD4+ T naive
ATGTCAATCGGTCAAT-14-s4d8,GARQ,D11,0,40,38,3,0.086368024,CD8+ T
ATATGTCCACCATATG-14-s4d8,GARQ,D11,0,40,38,6,0.118548274,CD8+ T
GTGTGAGCACCTGCTC-14-s4d8,GARQ,D11,0,40,38,15,0.5508828,Erythroblast
AAGGATCCAGAAATGC-14-s4d8,GARQ,D11,0,40,38,15,2.4252987,Erythroblast
AGCTACTAGCGATAGA-14-s4d8,GARQ,D11,0,40,38,6,0.2017399,CD8+ T
CGCCAAATCTTTGACT-14-s4d8,GARQ,D11,0,40,38,6,0.09712547,CD8+ T
AGAACCAAGTGAACGA-14-s4d8,GARQ,D11,0,40,38,9,0.07895815,B1 B
ATCCTGACAGCCTGCA-14-s4d8,GARQ,D11,0,40,38,15,0.99832743,Erythroblast
TATCCAGCACTTCACT-14-s4d8,GARQ,D11,0,40,38,6,0.07683903,CD8+ T
ATGTAAGCAGAAATGC-14-s4d8,GARQ,D11,0,40,38,38,0.03907627,CD8+ T
ACTTGCACATTATGAC-14-s4d8,GARQ,D11,0,40,38,5,0.07791662,CD8+ T
CTACAACAGGAGCATA-14-s4d8,GARQ,D11,0,40,38,5,0.093640804,CD8+ T
AATTGCTCAAGGTGGC-14-s4d8,GARQ,D11,0,40,38,6,0.044330716,CD8+ T
AATCTTGAGGAGCACG-14-s4d8,GARQ,D11,0,40,38,6,0.041015625,CD8+ T
GATAAAGGTTAGTACG-14-s4d8,GARQ,D11,0,40,38,5,0.076627016,CD8+ T
ACTTGTCGTCCACAAA-14-s4d8,GARQ,D11,0,40,38,13,0.016588807,CD8+ T
AGGGCCTTCTTTGTAC-14-s4d8,GARQ,D11,0,40,38,24,0.1260007,CD8+ T
ACCAAGCGTAAATTGC-14-s4d8,GARQ,D11,0,40,38,6,0.1516664,CD8+ T
GGTCCGTAGTTGGGCC-14-s4d8,GARQ,D11,0,40,38,16,0.17392778,HSC
CAGCCAATCACAGACT-14-s4d8,GARQ,D11,0,40,38,15,0.61846757,Proerythroblast
TATATCCTCGAGGAGT-14-s4d8,GARQ,D11,0,40,38,3,0.086325645,CD8+ T
CGTCAATAGGTCCGTA-14-s4d8,GARQ,D11,0,40,38,6,0.026456594,CD8+ T
AATTCGTCATTGACAT-14-s4d8,GARQ,D11,0,40,38,6,0.2126497,CD4+ T activated
CAGGTGGAGTAGCCAT-14-s4d8,GARQ,D11,0,40,38,5,0.025376558,CD8+ T
CGACTAAGTCAATGTG-14-s4d8,GARQ,D11,0,40,38,16,0.015384674,Transitional B
TTACACCGTAATTAGC-14-s4d8,GARQ,D11,0,40,38,9,0.07789028,Naive CD20+ B
TGCTAACAGTCTCACC-14-s4d8,GARQ,D11,0,40,38,6,0.1792531,CD8+ T
GCTGAGGAGGCGCTAC-14-s4d8,GARQ,D11,0,40,38,5,0.0022175312,CD8+ T
GGTATTGGTTCCTGTG-14-s4d8,GARQ,D11,0,40,38,5,0.16306198,CD8+ T
CATCCCAGTGGGTACT-14-s4d8,GARQ,D11,0,40,38,6,0.10647726,CD8+ T
GCTATTGCAAGCTAAA-14-s4d8,GARQ,D11,0,40,38,18,0.096913576,Naive CD20+ B
CCTATATTCTCGCCTG-14-s4d8,GARQ,D11,0,40,38,5,0.06278193,NK
TACTTCGTCCTCCATA-14-s4d8,GARQ,D11,0,40,38,5,0.055888057,CD8+ T
ACTGAAACAGCCGCTA-14-s4d8,GARQ,D11,0,40,38,5,0.26521897,CD8+ T
TGAGGTGCATGAAGTA-14-s4d8,GARQ,D11,0,40,38,15,0.9489932,Proerythroblast
TGTAAAGCATAAGCAA-14-s4d8,GARQ,D11,0,40,38,4,0.8873751,CD16+ Mono
TCAGGTCCACATTGCA-14-s4d8,GARQ,D11,0,40,38,31,0.0533576,CD8+ T
ATGAGCCGTACCGGAT-14-s4d8,GARQ,D11,0,40,38,15,0.62101007,Proerythroblast
AAGTCTATCACCGGTA-14-s4d8,GARQ,D11,0,40,38,6,0.26885128,CD4+ T activated
GACATTATCATCCTCA-14-s4d8,GARQ,D11,0,40,38,6,0.14344633,CD8+ T
GTGTCCAAGCTGCACA-14-s4d8,GARQ,D11,0,40,38,15,0.033364654,Proerythroblast
AAGGATCCAGTACCGT-14-s4d8,GARQ,D11,0,40,38,16,0.033892274,pDC
TTGCAATCAACTGGGA-14-s4d8,GARQ,D11,0,40,38,6,0.43717086,CD8+ T
CTAAAGCTCTCACTCA-14-s4d8,GARQ,D11,0,40,38,15,1.5726366,Erythroblast
CAATCCCTCAATGACC-14-s4d8,GARQ,D11,0,40,38,4,0.00578475,cDC2
AGCTTTAAGTTCCCGT-14-s4d8,GARQ,D11,0,40,38,3,0.032291234,CD4+ T activated
TCGGTTACAACCTAAT-14-s4d8,GARQ,D11,0,40,38,11,0.107794285,B1 B
AAGACAAGTGGGAACA-14-s4d8,GARQ,D11,0,40,38,10,0.077219665,CD8+ T
ATCCACCTCCATAAGC-14-s4d8,GARQ,D11,0,40,38,15,0.79645497,Erythroblast
GTTTATCTCCTAAGTA-14-s4d8,GARQ,D11,0,40,38,11,0.014770448,Transitional B
GAAGTATAGCTTGCTC-14-s4d8,GARQ,D11,0,40,38,26,0.023505747,CD4+ T activated
CCGCTAGCAAAGGTAC-14-s4d8,GARQ,D11,0,40,38,15,2.0099006,Erythroblast
AGCAGGTAGGCTTAGT-14-s4d8,GARQ,D11,0,40,38,18,0.08415389,Transitional B
ATTACTGAGGATTGCT-14-s4d8,GARQ,D11,0,40,38,18,0.012356877,Naive CD20+ B
GATCACTAGTATTGGC-14-s4d8,GARQ,D11,0,40,38,3,0.017846227,CD8+ T
TCCATCATCATTAGCA-14-s4d8,GARQ,D11,0,40,38,8,0.0039818883,CD8+ T
TTGGTGAGTGGATTGC-14-s4d8,GARQ,D11,0,40,38,4,0.45709622,CD14+ Mono
CGAAGCGAGGTCCGTA-14-s4d8,GARQ,D11,0,40,38,2,0.011428773,CD8+ T
GTTCTTGTCGGTTTGG-14-s4d8,GARQ,D11,0,40,38,6,0.16580737,CD8+ T
TTCTTAGGTCATTAGG-14-s4d8,GARQ,D11,0,40,38,5,0.002052784,CD8+ T
GAGCGATAGCTATATG-14-s4d8,GARQ,D11,0,40,38,15,0.8823073,Erythroblast
CCCTAATGTACCCACC-14-s4d8,GARQ,D11,0,40,38,38,0.22147107,CD8+ T
GCTAGCGGTGCGCAAT-14-s4d8,GARQ,D11,0,40,38,13,0.0295825,CD8+ T
ACCTAAATCTACTAAG-14-s4d8,GARQ,D11,0,40,38,6,0.103812575,CD8+ T
GGACGGATCCAGGTCA-14-s4d8,GARQ,D11,0,40,38,6,0.06573534,CD8+ T
GGACTAAAGTTTGGTA-14-s4d8,GARQ,D11,0,40,38,6,0.046600103,CD8+ T
CCAGCTAAGTCATTTC-14-s4d8,GARQ,D11,0,40,38,6,0.19234622,CD8+ T
CCATTGTGTATCTGGA-14-s4d8,GARQ,D11,0,40,38,6,0.12912464,CD4+ T activated
GGGCATTGTTTGCGAA-14-s4d8,GARQ,D11,0,40,38,6,0.29044485,CD8+ T
CTTAGTTTCGTCAAGT-14-s4d8,GARQ,D11,0,40,38,22,0.030567408,B1 B
TCTCGCCCAAATTGCT-14-s4d8,GARQ,D11,0,40,38,5,0.01089102,CD8+ T
ATGCTTAAGCATTTCT-14-s4d8,GARQ,D11,0,40,38,8,0.042162895,CD4+ T activated
CTGACCAAGGCAGGTG-14-s4d8,GARQ,D11,0,40,38,15,0.7897494,Normoblast
TCAAGGAAGGAGGACT-14-s4d8,GARQ,D11,0,40,38,22,0.027755857,Transitional B
ATAAGTCGTTCAAGCA-14-s4d8,GARQ,D11,0,40,38,18,0.012420177,B1 B
TGGCTTTGTTGTTGGA-14-s4d8,GARQ,D11,0,40,38,13,0.08048761,CD8+ T
TTAGAAGCACCTAATG-14-s4d8,GARQ,D11,0,40,38,5,0.13408911,CD8+ T
ATTTAGCCAAGTGTCC-14-s4d8,GARQ,D11,0,40,38,24,0.008995056,NK
CAAAGCGCAACCCTAA-14-s4d8,GARQ,D11,0,40,38,38,0.096607625,CD8+ T
AAGGATGTCGATAACC-14-s4d8,GARQ,D11,0,40,38,6,0.085929394,CD4+ T naive
GCTGTACCAGCAAGAT-14-s4d8,GARQ,D11,0,40,38,15,0.9021002,Normoblast
ATGGACAAGCTGGAAA-14-s4d8,GARQ,D11,0,40,38,29,0.07031655,CD8+ T
AGCCTCCGTTGTGACA-14-s4d8,GARQ,D11,0,40,38,5,0.030477047,CD8+ T
CTCGACAAGCCGGTAC-14-s4d8,GARQ,D11,0,40,38,15,0.48000485,Proerythroblast
TCTTCAAGTATTCGTC-14-s4d8,GARQ,D11,0,40,38,3,0.044882536,NK
TTACCGTGTCATTGTC-14-s4d8,GARQ,D11,0,40,38,15,1.085672,Erythroblast
AAACCGGCAGGACCTT-14-s4d8,GARQ,D11,0,40,38,15,1.6227372,Erythroblast
ATTGCACAGCTATGAC-14-s4d8,GARQ,D11,0,40,38,6,0.10908532,CD8+ T
AATGCATGTACCGAAC-14-s4d8,GARQ,D11,0,40,38,11,0.10676885,Naive CD20+ B
CTAAATGTCGGCTATG-14-s4d8,GARQ,D11,0,40,38,6,0.038760424,CD8+ T
TATTAGCCAGTCTAGC-14-s4d8,GARQ,D11,0,40,38,13,0.07984811,CD8+ T
CTCACAACAGGCTTGT-14-s4d8,GARQ,D11,0,40,38,4,0.33762795,CD16+ Mono
GGCCGTTAGCGGATAA-14-s4d8,GARQ,D11,0,40,38,4,0.022006512,Lymph prog
GCTGCATCAAACCCTA-14-s4d8,GARQ,D11,0,40,38,4,0.43477893,CD14+ Mono
CGTTATTTCTGTTCAT-14-s4d8,GARQ,D11,0,40,38,38,0.0023758411,CD8+ T
TTGCAGCCATAATTGC-14-s4d8,GARQ,D11,0,40,38,15,0.43656355,Proerythroblast
TTGGCGGGTTTATCTG-14-s4d8,GARQ,D11,0,40,38,37,0.040433407,CD4+ T activated
CTCCAAACATAGACTT-14-s4d8,GARQ,D11,0,40,38,3,0.01945138,CD8+ T
AGGATGCAGGTTTACA-14-s4d8,GARQ,D11,0,40,38,6,0.08443409,CD8+ T
CTTTATGGTAGCTGGT-14-s4d8,GARQ,D11,0,40,38,3,0.0054347515,CD8+ T
GAGGCAAGTCGTAAAT-14-s4d8,GARQ,D11,0,40,38,10,0.051481724,CD8+ T
TATGAAGCAAGGATTA-14-s4d8,GARQ,D11,0,40,38,22,0.09793508,Lymph prog
CTGAATATCGACAAAG-14-s4d8,GARQ,D11,0,40,38,15,1.2064688,Erythroblast
CTTATTGGTCTAGCTT-14-s4d8,GARQ,D11,0,40,38,22,0.025190234,Transitional B
TTTAAGCCATAGCTGC-14-s4d8,GARQ,D11,0,40,38,3,0.031301737,CD4+ T activated
TGCTAACAGTTAGGCT-14-s4d8,GARQ,D11,0,40,38,22,0.10928178,cDC2
GTACACCCAACCTGGT-14-s4d8,GARQ,D11,0,40,38,6,0.06180489,CD8+ T
ACCTTCATCGGTTACG-14-s4d8,GARQ,D11,0,40,38,15,0.90225804,Normoblast
TACCAGGTCGGGACTC-14-s4d8,GARQ,D11,0,40,38,6,0.027629077,CD8+ T
GCCAGGAAGGATCCGC-14-s4d8,GARQ,D11,0,40,38,3,0.1146791,CD8+ T
CTCCTAATCATGCTTT-14-s4d8,GARQ,D11,0,40,38,5,0.33233213,CD8+ T
ATCTATGAGCTAATTG-14-s4d8,GARQ,D11,0,40,38,5,0.05338621,CD8+ T
GACTCACCAAGGTAAC-14-s4d8,GARQ,D11,0,40,38,9,0.050446987,Naive CD20+ B
ATCACCCTCTATGACA-14-s4d8,GARQ,D11,0,40,38,15,0.39487565,Proerythroblast
CCCGTAAAGGTCCTAG-14-s4d8,GARQ,D11,0,40,38,15,1.1999855,Erythroblast
ACCTCACTCGCAAACT-14-s4d8,GARQ,D11,0,40,38,4,0.7813549,CD14+ Mono
GTCGAAGCAGCTAATT-14-s4d8,GARQ,D11,0,40,38,22,0.018354535,Lymph prog
TCCTTTACATTGTCCT-14-s4d8,GARQ,D11,0,40,38,38,0.022814393,CD8+ T
AAGTGAAGTTCAAGCA-14-s4d8,GARQ,D11,0,40,38,14,0.12636119,Transitional B
GGCTTCAAGCTGTCAG-14-s4d8,GARQ,D11,0,40,38,11,0.008860111,B1 B
ACACTTAAGCGGTTAT-14-s4d8,GARQ,D11,0,40,38,36,0.010034323,Transitional B
AAACCGCGTACTTAGG-14-s4d8,GARQ,D11,0,40,38,15,1.2259905,Proerythroblast
TTTGTGGCATTGCGGT-14-s4d8,GARQ,D11,0,40,38,5,0.14505422,CD4+ T activated
TAAGCCAGTACCGAAC-14-s4d8,GARQ,D11,0,40,38,22,0.14645338,Transitional B
GCAATGTTCATGCTAA-14-s4d8,GARQ,D11,0,40,38,30,0.0067932606,CD8+ T
TGGTCATAGGGATTAG-14-s4d8,GARQ,D11,0,40,38,6,0.115481675,CD8+ T
TCATTGTTCCTTAAGA-14-s4d8,GARQ,D11,0,40,38,6,0.04201877,CD8+ T
ACCAGCTCACACAATT-14-s4d8,GARQ,D11,0,40,38,35,0.06904864,NK
CATATCGCACAGCCTG-14-s4d8,GARQ,D11,0,40,38,5,0.026841044,CD8+ T
GCCACACAGGGACCTC-14-s4d8,GARQ,D11,0,40,38,10,0.09051335,CD8+ T
ATCTATGAGACTATTG-14-s4d8,GARQ,D11,0,40,38,11,0.041381836,Naive CD20+ B
AGAAGGTGTAATGGAA-14-s4d8,GARQ,D11,0,40,38,3,0.08315396,CD8+ T
ACTCCTCAGAGGAGGA-14-s4d8,GARQ,D11,0,40,38,4,0.037744284,G/M prog
GGTATGTTCAAACTCA-14-s4d8,GARQ,D11,0,40,38,18,0.015752137,Lymph prog
CAATGAACAAGGGTTG-14-s4d8,GARQ,D11,0,40,38,6,0.20305085,CD4+ T naive
GCACTAAGTACTGAAT-14-s4d8,GARQ,D11,0,40,38,9,0.008621097,Naive CD20+ B
CCTATATTCATCAGTA-14-s4d8,GARQ,D11,0,40,38,22,0.014641523,Lymph prog
CTACTAAAGGTCGAGG-14-s4d8,GARQ,D11,0,40,38,6,0.070444345,NK
AATAGAGGTGCTTAGA-14-s4d8,GARQ,D11,0,40,38,6,0.14464879,CD8+ T
TTCGGTACAAGATTCT-14-s4d8,GARQ,D11,0,40,38,4,0.03226018,HSC
ACCAATATCCTTGTTG-14-s4d8,GARQ,D11,0,40,38,15,0.646963,Proerythroblast
CTCACAACAATTATGC-14-s4d8,GARQ,D11,0,40,38,4,0.16830048,G/M prog
GACAATACACAATTAC-14-s4d8,GARQ,D11,0,40,38,5,0.07389474,NK
CGGCCATAGCTGAGGG-14-s4d8,GARQ,D11,0,40,38,5,0.11045742,CD8+ T
GGTTATATCCTGATTT-14-s4d8,GARQ,D11,0,40,38,6,0.09916806,NK
CAACCCTTCGTTAGCG-14-s4d8,GARQ,D11,0,40,38,4,0.2999919,CD14+ Mono
ACCACATAGCGCAATT-14-s4d8,GARQ,D11,0,40,38,5,0.031058073,CD8+ T
CTGGACCAGGTCCAAT-14-s4d8,GARQ,D11,0,40,38,4,0.37574452,CD14+ Mono
GGCTGAGAGCACTAAC-14-s4d8,GARQ,D11,0,40,38,4,0.10335934,cDC2
AGCTATATCGTTATAG-14-s4d8,GARQ,D11,0,40,38,6,0.016032577,CD4+ T activated
AGTTGGCGTTCGCTTG-14-s4d8,GARQ,D11,0,40,38,6,0.06618905,CD4+ T activated
TTCCTTGAGTGACCTG-14-s4d8,GARQ,D11,0,40,38,5,0.07644689,CD8+ T
GCTTAAATCGCTATGG-14-s4d8,GARQ,D11,0,40,38,6,0.054772377,CD8+ T
GCATCCTTCGAAGTGA-14-s4d8,GARQ,D11,0,40,38,6,0.04267168,CD8+ T
CATTGTGCAACAGGTG-14-s4d8,GARQ,D11,0,40,38,6,0.087352455,CD8+ T
TTTCCACCACTAGCGT-14-s4d8,GARQ,D11,0,40,38,6,0.005682826,CD8+ T
ACAGTATGTAGTTAAC-14-s4d8,GARQ,D11,0,40,38,4,0.6467382,CD16+ Mono
TTTACGCGTAATGGCC-14-s4d8,GARQ,D11,0,40,38,6,0.039948463,NK
TCAGTGAGTGGGAACA-14-s4d8,GARQ,D11,0,40,38,8,0.16028392,CD8+ T
CCGACAGGTTATGTGG-14-s4d8,GARQ,D11,0,40,38,6,0.32483315,CD8+ T
GCCGTGAGTGCTCCGT-14-s4d8,GARQ,D11,0,40,38,6,0.024111032,CD8+ T
GTGCCTTTCGGTTTCC-14-s4d8,GARQ,D11,0,40,38,6,0.086327314,CD8+ T
AGTTTGATCATTAGTG-14-s4d8,GARQ,D11,0,40,38,6,0.072075844,CD4+ T activated
GGATATTGTACTGATG-14-s4d8,GARQ,D11,0,40,38,6,0.03589785,NK
GCGGGTTTCGGTCAAT-14-s4d8,GARQ,D11,0,40,38,18,0.02937752,Transitional B
GCGAGTGAGGAGGGTT-14-s4d8,GARQ,D11,0,40,38,5,0.108961105,NK
CGTTAGGTCTGTTCAT-14-s4d8,GARQ,D11,0,40,38,13,0.08075142,CD8+ T
GACATAGAGCGATAAG-14-s4d8,GARQ,D11,0,40,38,22,0.10528618,Transitional B
CGGTTTGAGGTAGCTT-14-s4d8,GARQ,D11,0,40,38,13,0.15018094,CD8+ T
GACGCAACAATTGAGA-14-s4d8,GARQ,D11,0,40,38,9,0.058894515,Naive CD20+ B
ATCCAACAGCACTAAC-14-s4d8,GARQ,D11,0,40,38,15,0.6901325,Erythroblast
GAGGTAGGTAGGTTGC-14-s4d8,GARQ,D11,0,40,38,22,0.20539117,Naive CD20+ B
CAATCCTGTACGTTTC-14-s4d8,GARQ,D11,0,40,38,6,0.02300322,CD4+ T activated
TAACCAGGTTACAACG-14-s4d8,GARQ,D11,0,40,38,6,0.06778401,CD4+ T activated
ATGTGAGAGGCTGGCT-14-s4d8,GARQ,D11,0,40,38,31,0.048794508,Lymph prog
TACAACATCGTTACAA-14-s4d8,GARQ,D11,0,40,38,34,0.06378019,CD8+ T
TGCATGAGTTGCATCT-14-s4d8,GARQ,D11,0,40,38,9,0.025782108,Naive CD20+ B
GCCTATTGTTGCAATG-14-s4d8,GARQ,D11,0,40,38,9,0.012716055,Transitional B
GACCGAACAGGACCAA-14-s4d8,GARQ,D11,0,40,38,15,1.0317938,Proerythroblast
TAATCACCAATCCTGA-14-s4d8,GARQ,D11,0,40,38,6,0.10842323,CD8+ T
CAAGGTAAGTTAGCCG-14-s4d8,GARQ,D11,0,40,38,6,0.055357933,CD8+ T
CTAATTGAGGTGAAAT-14-s4d8,GARQ,D11,0,40,38,15,1.0547298,Proerythroblast
ATGTAACGTATACTGG-14-s4d8,GARQ,D11,0,40,38,25,0.08753908,Naive CD20+ B
TATAGCCAGCATGCAT-14-s4d8,GARQ,D11,0,40,38,6,0.018851161,CD4+ T activated
CATTCCTCACCTGTAA-14-s4d8,GARQ,D11,0,40,38,5,0.20277596,CD8+ T
TAGTCAATCGTTAACA-14-s4d8,GARQ,D11,0,40,38,11,0.0034778118,Naive CD20+ B
GTTTCCTCATCATGGC-14-s4d8,GARQ,D11,0,40,38,5,0.06032455,CD8+ T
GATAAGCCAGCTCATA-14-s4d8,GARQ,D11,0,40,38,4,0.5524136,CD14+ Mono
TCAAACCAGCAATAGG-14-s4d8,GARQ,D11,0,40,38,5,0.2205512,CD8+ T
ACTCACTGTCTCACTG-14-s4d8,GARQ,D11,0,40,38,15,1.3409772,Erythroblast
AAGAATCAGTAAAGGT-14-s4d8,GARQ,D11,0,40,38,18,0.054578662,Transitional B
ACGACTTAGGAGGCAT-14-s4d8,GARQ,D11,0,40,38,22,0.07711065,Transitional B
TTTAAGGTCAGTGAAG-14-s4d8,GARQ,D11,0,40,38,15,0.75636,Normoblast
GCCATGATCGGGACTC-14-s4d8,GARQ,D11,0,40,38,3,0.15636319,NK
GAACCTTAGTCGCTAG-14-s4d8,GARQ,D11,0,40,38,33,0.027321398,CD4+ T activated
AGGTATTGTTTACGTC-14-s4d8,GARQ,D11,0,40,38,6,0.12217128,CD8+ T
TAGTTGTCACTTCACT-14-s4d8,GARQ,D11,0,40,38,8,0.05021119,CD8+ T
TATGGTCAGTTATGTG-14-s4d8,GARQ,D11,0,40,38,3,0.02614069,CD4+ T activated
CGGACAACAATGCGCT-14-s4d8,GARQ,D11,0,40,38,36,0.00031882524,Naive CD20+ B
ATGTCATCATTGCGTA-14-s4d8,GARQ,D11,0,40,38,5,0.032103896,CD4+ T activated
TTATTGCTCACAGCCA-14-s4d8,GARQ,D11,0,40,38,6,0.13035083,CD8+ T
GATCAGTTCCGTAAAC-14-s4d8,GARQ,D11,0,40,38,6,0.242311,CD8+ T
CGCACCACATGTTGCA-14-s4d8,GARQ,D11,0,40,38,4,0.05500269,Transitional B
GGTTATATCCGTGACA-14-s4d8,GARQ,D11,0,40,38,38,0.031927347,CD8+ T
ATAGATGCAATCTCTC-14-s4d8,GARQ,D11,0,40,38,3,0.07831669,CD4+ T naive
CTATGGCCATCTAGCA-14-s4d8,GARQ,D11,0,40,38,15,1.3246276,Erythroblast
TCAAACCAGGCTTAGT-14-s4d8,GARQ,D11,0,40,38,5,0.10928786,CD4+ T activated
TTGGCTTGTTAAGCGC-14-s4d8,GARQ,D11,0,40,38,5,0.068021595,CD8+ T
TACAATGTCCTTGAGG-14-s4d8,GARQ,D11,0,40,38,32,0.046352208,CD8+ T
CCAAGTTAGGCCTTAG-14-s4d8,GARQ,D11,0,40,38,6,0.1910553,CD8+ T
GGTACTAGTATTGTCC-14-s4d8,GARQ,D11,0,40,38,10,0.027074993,CD8+ T
TAGCTTGCACAAAGAC-14-s4d8,GARQ,D11,0,40,38,6,0.12827992,CD8+ T
TCGCATTGTGCTAGCG-14-s4d8,GARQ,D11,0,40,38,11,0.09539938,HSC
GTCCTCAGTTTGTCTA-14-s4d8,GARQ,D11,0,40,38,6,0.24550831,NK
GCCTATTGTAAGCACC-14-s4d8,GARQ,D11,0,40,38,6,0.26112938,CD8+ T
AGGTGAATCCCTCTAA-14-s4d8,GARQ,D11,0,40,38,33,0.051996887,NK
GTCCTAGAGCTATTAG-14-s4d8,GARQ,D11,0,40,38,6,0.13148129,CD8+ T
TTTCAGTTCTTAGGGT-14-s4d8,GARQ,D11,0,40,38,6,0.07687098,CD8+ T
CAAGCTAGTGAGGTGA-14-s4d8,GARQ,D11,0,40,38,6,0.016915917,CD8+ T
AATCATCCAATATAGG-14-s4d8,GARQ,D11,0,40,38,6,0.028707147,CD8+ T
AGCAAGGGTTGCGCGA-14-s4d8,GARQ,D11,0,40,38,33,0.07623315,CD8+ T
GACGCAACAACTGGCT-14-s4d8,GARQ,D11,0,40,38,15,0.34962428,Proerythroblast
CTTATGTTCCCTGTTA-14-s4d8,GARQ,D11,0,40,38,3,0.0064528584,CD8+ T
CTTAGTTTCGGTCATG-14-s4d8,GARQ,D11,0,40,38,11,0.019459307,B1 B
AACCTTAAGAATCTCA-14-s4d8,GARQ,D11,0,40,38,4,0.72403103,CD14+ Mono
TATGAAGCACTAAATC-14-s4d8,GARQ,D11,0,40,38,15,1.3064903,Proerythroblast
TCCGGAATCAATACGC-14-s4d8,GARQ,D11,0,40,38,17,0.0040789247,CD8+ T
TGATCACAGGCCAATT-14-s4d8,GARQ,D11,0,40,38,15,1.5171981,Erythroblast
AGCTAACTCCCATAAA-14-s4d8,GARQ,D11,0,40,38,13,0.059446573,CD8+ T
CTCACAACAGCAAGGC-14-s4d8,GARQ,D11,0,40,38,5,0.046622157,CD8+ T
TATGAAGCATTATGCG-14-s4d8,GARQ,D11,0,40,38,15,1.1039325,Proerythroblast
TCCTGGTTCCGCAAGC-14-s4d8,GARQ,D11,0,40,38,6,0.39237535,CD8+ T
TAGGTGCGTGGAAGGC-14-s4d8,GARQ,D11,0,40,38,8,0.17506552,CD4+ T activated
CATAATGTCTTAGTCT-14-s4d8,GARQ,D11,0,40,38,11,0.014103651,Naive CD20+ B
ACAGGTAAGGCTGTCA-14-s4d8,GARQ,D11,0,40,38,6,0.0017642975,CD8+ T
AATTCGTCAGCATGGA-14-s4d8,GARQ,D11,0,40,38,11,0.015439868,Transitional B
TCAAGAACACTCGCTC-14-s4d8,GARQ,D11,0,40,38,22,0.02213025,Transitional B
GCACTAAGTTCCATTA-14-s4d8,GARQ,D11,0,40,38,5,0.17016792,CD8+ T
TGCTAACAGGACAATG-14-s4d8,GARQ,D11,0,40,38,15,1.1839746,Proerythroblast
GAACCTGTCTTGAGCG-14-s4d8,GARQ,D11,0,40,38,6,0.09183055,CD8+ T
TTTGTTGGTTTACTTG-14-s4d8,GARQ,D11,0,40,38,6,0.06745756,CD4+ T activated
ACACTTGCAATGAAGC-14-s4d8,GARQ,D11,0,40,38,18,0.0011784434,Naive CD20+ B
TACCAGGTCGTTAGTA-14-s4d8,GARQ,D11,0,40,38,9,0.042396247,B1 B
GTGCTTACAGGCTTCG-14-s4d8,GARQ,D11,0,40,38,13,0.098021746,CD8+ T
TACCTTTAGTCACGAT-14-s4d8,GARQ,D11,0,40,38,4,0.36201733,CD14+ Mono
AAGTGCAAGTCGCTAG-14-s4d8,GARQ,D11,0,40,38,5,0.036185622,CD8+ T
GAGGTTAAGGCTAGAA-14-s4d8,GARQ,D11,0,40,38,6,0.05465436,CD8+ T
CAAGAACCATATTGAC-14-s4d8,GARQ,D11,0,40,38,6,0.13775885,CD8+ T
AGGAGCTAGTACCGCA-14-s4d8,GARQ,D11,0,40,38,21,0.0040257573,CD8+ T
AAGCTCCCAATTAACC-14-s4d8,GARQ,D11,0,40,38,22,0.14224744,Transitional B
GTAAGCGCAAGGTCCT-14-s4d8,GARQ,D11,0,40,38,6,0.078647494,CD4+ T activated
GTATTGCAGGTAAGGC-14-s4d8,GARQ,D11,0,40,38,15,1.5186327,Proerythroblast
TTGAGGCGTCCGTAGG-14-s4d8,GARQ,D11,0,40,38,36,0.0016124249,Lymph prog
CCATATTTCCAACTGG-14-s4d8,GARQ,D11,0,40,38,15,0.99316716,Erythroblast
CTACCTCAGCTTAACA-14-s4d8,GARQ,D11,0,40,38,38,0.25896668,CD4+ T activated
TGTTCATTCACTAGGT-14-s4d8,GARQ,D11,0,40,38,15,0.85426503,Proerythroblast
TTGATGTCATAGACTT-14-s4d8,GARQ,D11,0,40,38,4,0.6119311,CD14+ Mono
GGCTCACAGATTCCTT-14-s4d8,GARQ,D11,0,40,38,3,0.0153131485,CD8+ T
TTGACTAAGGGTGAAC-14-s4d8,GARQ,D11,0,40,38,6,0.23069882,CD8+ T
TTGGCTTGTTGCATCT-14-s4d8,GARQ,D11,0,40,38,11,0.01424551,Naive CD20+ B
GGCCGTTAGGGTCCAC-14-s4d8,GARQ,D11,0,40,38,15,0.80975103,Normoblast
CCTTAGTGTTAACAGT-14-s4d8,GARQ,D11,0,40,38,5,0.01628685,CD4+ T activated
TTGCGAGTCTAATCAG-14-s4d8,GARQ,D11,0,40,38,15,0.08042604,Lymph prog
GATGACTTCAATGACC-14-s4d8,GARQ,D11,0,40,38,5,0.011664391,CD8+ T
ATAGGTACAAGTAAGC-14-s4d8,GARQ,D11,0,40,38,6,0.089123726,CD8+ T
ACTAACGGTGTTGTGA-14-s4d8,GARQ,D11,0,40,38,4,0.843202,CD14+ Mono
CGCTCAGCATCTAGCA-14-s4d8,GARQ,D11,0,40,38,18,0.021958113,B1 B
TTTACGAAGCATGAAG-14-s4d8,GARQ,D11,0,40,38,6,0.098799646,CD8+ T
GACCTAGTCGCCTGTT-14-s4d8,GARQ,D11,0,40,38,6,0.14270961,CD8+ T
CGCTAACCACAGGGAC-14-s4d8,GARQ,D11,0,40,38,6,0.072176814,CD8+ T
GGTAACCGTCGCAATA-14-s4d8,GARQ,D11,0,40,38,9,0.06919706,Naive CD20+ B
GTCTAACAGCATGAAG-14-s4d8,GARQ,D11,0,40,38,6,0.06974578,CD8+ T
GACCGAACAACTCGCG-14-s4d8,GARQ,D11,0,40,38,3,0.015726566,CD8+ T
CTGACATAGGAAGTAT-14-s4d8,GARQ,D11,0,40,38,6,0.16430962,CD8+ T
AGCTTAATCAATTACG-14-s4d8,GARQ,D11,0,40,38,5,0.054654837,CD8+ T
GCCACACAGCTATGAC-14-s4d8,GARQ,D11,0,40,38,38,0.025130987,CD8+ T
TTAAGTGTCGATCAGT-14-s4d8,GARQ,D11,0,40,38,22,0.13747787,Lymph prog
TATTACCTCATGACCG-14-s4d8,GARQ,D11,0,40,38,15,0.8104675,Proerythroblast
CACTTTGTCATCCTGC-14-s4d8,GARQ,D11,0,40,38,5,0.015449405,CD8+ T
TGGCCTTTCCTCAGTC-14-s4d8,GARQ,D11,0,40,38,4,0.64857256,CD16+ Mono
GCGATATTCCAGGGAG-14-s4d8,GARQ,D11,0,40,38,16,0.06879264,Proerythroblast
GCCCAAATCATGCAAC-14-s4d8,GARQ,D11,0,40,38,5,0.02035141,CD8+ T
AGCTATATCCTTTACG-14-s4d8,GARQ,D11,0,40,38,3,0.00744617,CD4+ T activated
CCCAGCACATCAGCAC-14-s4d8,GARQ,D11,0,40,38,5,0.21961117,CD8+ T
ATTAGGTGTTAGTACG-14-s4d8,GARQ,D11,0,40,38,6,0.05393696,CD8+ T
GTCTAACAGATTCCTT-14-s4d8,GARQ,D11,0,40,38,6,0.017179132,CD8+ T
ACTAACTCATGAAATG-14-s4d8,GARQ,D11,0,40,38,11,0.004371047,Transitional B
ACCCTGTTCGTACCGA-14-s4d8,GARQ,D11,0,40,38,22,0.05286801,Naive CD20+ B
GTATGTTCACAATGCC-14-s4d8,GARQ,D11,0,40,38,15,0.7608046,Proerythroblast
TCATTACTCCGCACAA-14-s4d8,GARQ,D11,0,40,38,9,0.013352156,Naive CD20+ B
TGATCGAGTGTAACCA-14-s4d8,GARQ,D11,0,40,38,6,0.15448558,CD8+ T
AGTGAGTCAGTAGCCT-14-s4d8,GARQ,D11,0,40,38,9,0.085282266,Naive CD20+ B
TACCGTTGTGGGAACA-14-s4d8,GARQ,D11,0,40,38,4,0.15187186,cDC2
AGTCCTGAGGCATGAA-14-s4d8,GARQ,D11,0,40,38,22,0.032307386,Transitional B
TAATTGCCAACGTGCT-14-s4d8,GARQ,D11,0,40,38,6,0.049370676,Lymph prog
ACTTATCTCTAAGGAG-14-s4d8,GARQ,D11,0,40,38,6,0.03424406,CD8+ T
GTATGTTCATCTAGCA-14-s4d8,GARQ,D11,0,40,38,5,0.05572921,CD8+ T
ACCCTCCCAAGTAAGC-14-s4d8,GARQ,D11,0,40,38,6,0.1022304,CD8+ T
CCGCTTAGTGTTGTAG-14-s4d8,GARQ,D11,0,40,38,3,0.20429349,CD8+ T
ACTTTGTTCTAGCTTT-14-s4d8,GARQ,D11,0,40,38,9,0.037083864,Naive CD20+ B
ATATGGTGTGAGGTAG-14-s4d8,GARQ,D11,0,40,38,4,0.764495,CD14+ Mono
CCTTACTCATGAATCT-14-s4d8,GARQ,D11,0,40,38,6,0.1935404,CD4+ T naive
ACCATTAAGCAAGATG-14-s4d8,GARQ,D11,0,40,38,6,0.039732933,CD8+ T
AGCAATTGTATTGTCC-14-s4d8,GARQ,D11,0,40,38,18,0.011136711,B1 B
GTTGGCGGTTGAAGCC-14-s4d8,GARQ,D11,0,40,38,6,0.035670042,CD8+ T
ATTGGCTAGCGAAGTA-14-s4d8,GARQ,D11,0,40,38,22,0.006595731,Plasma cell
TGACTTCGTACGCGCA-14-s4d8,GARQ,D11,0,40,38,15,0.7802572,Proerythroblast
CAATCCCTCGATTCTT-14-s4d8,GARQ,D11,0,40,38,5,0.072324514,CD8+ T
CATCATAAGATAAAGC-14-s4d8,GARQ,D11,0,40,38,3,0.08851737,CD8+ T
AGACACGCAAGGATTA-14-s4d8,GARQ,D11,0,40,38,13,0.009088218,CD8+ T
CAATGAACATTCAGCA-14-s4d8,GARQ,D11,0,40,38,6,0.08519471,CD4+ T activated
TACGGTTAGTTATTCC-14-s4d8,GARQ,D11,0,40,38,6,0.13174188,CD8+ T
TCTCCTCGTTACCGGG-14-s4d8,GARQ,D11,0,40,38,5,0.064852715,CD8+ T
CATCAATCAAGGTGCA-14-s4d8,GARQ,D11,0,40,38,35,0.08510542,NK
TATTTGGAGGGCCATC-14-s4d8,GARQ,D11,0,40,38,22,0.105511904,Transitional B
CGAGCTGGTGATGGCT-14-s4d8,GARQ,D11,0,40,38,31,0.14568353,CD4+ T activated
AGATGAAGTGTTTGCT-14-s4d8,GARQ,D11,0,40,38,6,0.004723549,CD8+ T
CTTAAGATCACTAAGC-14-s4d8,GARQ,D11,0,40,38,22,0.13692462,Lymph prog
CGCTGTGCAAGGCCAA-14-s4d8,GARQ,D11,0,40,38,6,0.014301777,CD4+ T naive
GTACGTAGTTAGCGTA-14-s4d8,GARQ,D11,0,40,38,6,0.097750545,CD8+ T
ATTCCTCCAGATTCAT-14-s4d8,GARQ,D11,0,40,38,22,0.0008126497,Lymph prog
CGCGATTCATGGTTAT-14-s4d8,GARQ,D11,0,40,38,38,0.003597498,CD4+ T naive
AGGTCCGGTTAGGCTA-14-s4d8,GARQ,D11,0,40,38,6,0.12799114,CD8+ T
GAACCAGCATTGTTGG-14-s4d8,GARQ,D11,0,40,38,15,1.2440276,Proerythroblast
TAAGTGCTCCCTGACT-14-s4d8,GARQ,D11,0,40,38,15,0.93162537,Erythroblast
CCAATATCATGATTGT-14-s4d8,GARQ,D11,0,40,38,3,0.079247236,CD8+ T
ACGTTGTAGGTGTCCA-14-s4d8,GARQ,D11,0,40,38,28,0.12747765,Proerythroblast
GAAGTAAGTACAATGT-14-s4d8,GARQ,D11,0,40,38,5,0.035858154,CD8+ T
CTAAATGTCCTAAGTA-14-s4d8,GARQ,D11,0,40,38,5,0.16859257,CD8+ T
TGTGTGAGTTGTTGTC-14-s4d8,GARQ,D11,0,40,38,15,0.8444361,Proerythroblast
AGGAGCTAGTTATCTC-14-s4d8,GARQ,D11,0,40,38,15,1.3078785,Erythroblast
ACGTTACAGGACACTT-14-s4d8,GARQ,D11,0,40,38,15,0.5855778,Proerythroblast
CTGGACCAGAAAGGAA-14-s4d8,GARQ,D11,0,40,38,3,0.050973773,CD8+ T
TGTAAAGCATGGTTAT-14-s4d8,GARQ,D11,0,40,38,11,0.020125747,Naive CD20+ B
ACTTACTTCGTTAGTA-14-s4d8,GARQ,D11,0,40,38,15,0.8293342,Erythroblast
AAATGCCTCATCCTCA-14-s4d8,GARQ,D11,0,40,38,14,0.050380707,Lymph prog
GCTAACAGTGACCTGG-14-s4d8,GARQ,D11,0,40,38,5,0.22114515,CD8+ T
GGTAACCGTATTCGCT-14-s4d8,GARQ,D11,0,40,38,13,0.01966238,CD4+ T activated
TGATTGCAGACAGGTA-14-s4d8,GARQ,D11,0,40,38,11,0.087623596,Transitional B
CAGCTATAGTTGCGTG-14-s4d8,GARQ,D11,0,40,38,6,0.036774516,CD4+ T activated
AACAGGATCCTGGTCT-14-s4d8,GARQ,D11,0,40,38,31,0.0036203265,NK
CGAGCGAAGCTGGACC-14-s4d8,GARQ,D11,0,40,38,11,0.003656149,Naive CD20+ B
GGCAAATCAGTTTCTC-14-s4d8,GARQ,D11,0,40,38,5,0.102565765,CD8+ T
TCGTTAGCATGACTAT-14-s4d8,GARQ,D11,0,40,38,15,0.8767047,Proerythroblast
TCTATGTTCGTTAACA-14-s4d8,GARQ,D11,0,40,38,18,0.0199309,Transitional B
CAGCTCAAGCTAAAGG-14-s4d8,GARQ,D11,0,40,38,5,0.1043272,CD8+ T
CTGTACCTCCAGGGAG-14-s4d8,GARQ,D11,0,40,38,9,0.078525305,Transitional B
TAGGCTGTCTATTGTC-14-s4d8,GARQ,D11,0,40,38,24,0.03988421,CD8+ T
TAATCCGCACAGGGAC-14-s4d8,GARQ,D11,0,40,38,5,0.010818839,CD8+ T
AATAACCGTTTGCAGA-14-s4d8,GARQ,D11,0,40,38,4,0.5780659,CD14+ Mono
ATTACGTCAGCTTAGC-14-s4d8,GARQ,D11,0,40,38,11,0.047062516,Transitional B
TCCACAACAAGGTACG-14-s4d8,GARQ,D11,0,40,38,38,0.022415876,CD4+ T activated
TAGGAGTCACCCTCAC-14-s4d8,GARQ,D11,0,40,38,4,0.6607389,CD14+ Mono
TGGCCTGCAAGTTATC-14-s4d8,GARQ,D11,0,40,38,3,0.052989483,CD8+ T
GTCGCAATCTTAGCGG-14-s4d8,GARQ,D11,0,40,38,7,0.007049799,CD8+ T
AGGATTGAGTAACTCA-14-s4d8,GARQ,D11,0,40,38,11,0.101040125,Naive CD20+ B
CGATTCCTCCGCCTCA-14-s4d8,GARQ,D11,0,40,38,8,0.016761541,CD8+ T
GCCTCGACAATAACCT-14-s4d8,GARQ,D11,0,40,38,5,0.15848804,CD8+ T
TCACCTGGTATTCGCT-14-s4d8,GARQ,D11,0,40,38,15,0.86811155,Erythroblast
GTTTCAGCAATTAAGG-14-s4d8,GARQ,D11,0,40,38,15,1.3651919,Proerythroblast
TTTCAGTTCGAGGAGT-14-s4d8,GARQ,D11,0,40,38,6,0.12990111,CD8+ T
TTATTGCTCAGCACGC-14-s4d8,GARQ,D11,0,40,38,6,0.022388995,CD8+ T
CTTCACTCAGTAGGTG-14-s4d8,GARQ,D11,0,40,38,5,0.09884608,CD8+ T
AGGTTAACATCCGTAA-14-s4d8,GARQ,D11,0,40,38,3,0.050628662,NK
TTGATGTCACCAAAGG-14-s4d8,GARQ,D11,0,40,38,31,0.049048126,CD4+ T activated
CGCTGTGCAAACTAAG-14-s4d8,GARQ,D11,0,40,38,6,0.034690022,CD8+ T
TCTAATCTCCTCACAC-14-s4d8,GARQ,D11,0,40,38,5,0.04203105,CD8+ T
AGCTACGTCCTTAAGA-14-s4d8,GARQ,D11,0,40,38,6,0.008598685,NK
CGCTAATAGGAGTAAT-14-s4d8,GARQ,D11,0,40,38,5,0.018759787,CD8+ T
CATAAGCTCTTAATGG-14-s4d8,GARQ,D11,0,40,38,3,0.016147554,CD8+ T
GTCATGAGTGCATTTC-14-s4d8,GARQ,D11,0,40,38,11,0.007839501,B1 B
GGTTACCCAGAGAGCC-14-s4d8,GARQ,D11,0,40,38,9,0.016141534,Naive CD20+ B
CTCGACAAGTCACGAT-14-s4d8,GARQ,D11,0,40,38,6,0.015835643,CD8+ T
GACGCAACAGGCTAAG-14-s4d8,GARQ,D11,0,40,38,6,0.11583352,CD8+ T
TGGTGCATCGTTACAA-14-s4d8,GARQ,D11,0,40,38,11,0.0019321442,Lymph prog
GACTCACCACAATACT-14-s4d8,GARQ,D11,0,40,38,11,0.018069506,Naive CD20+ B
TGTGGCGGTGGGTGAA-14-s4d8,GARQ,D11,0,40,38,14,0.041916966,Transitional B
CGGAGCAAGTAGAGGC-14-s4d8,GARQ,D11,0,40,38,6,0.09774649,CD4+ T naive
TCAAGAACATGACTAT-14-s4d8,GARQ,D11,0,40,38,18,0.17908359,Naive CD20+ B
TTTGTTGGTCGCAATA-14-s4d8,GARQ,D11,0,40,38,6,0.11541319,CD8+ T
CACTAAGGTACGGTAC-14-s4d8,GARQ,D11,0,40,38,38,0.00043225288,CD8+ T
GGCTATTAGGGCCATC-14-s4d8,GARQ,D11,0,40,38,10,0.02827102,CD4+ T activated
AATCATCCAGCAAGAT-14-s4d8,GARQ,D11,0,40,38,4,0.3713088,CD14+ Mono
GTTGTGAGTGTTTGCT-14-s4d8,GARQ,D11,0,40,38,11,0.0893898,Transitional B
TTACAGCAGCCTTAAA-14-s4d8,GARQ,D11,0,40,38,4,0.24250495,CD14+ Mono
CCTTTAGTCATCAGTA-14-s4d8,GARQ,D11,0,40,38,5,0.04812193,CD8+ T
AGTGAACCACTAGGTC-14-s4d8,GARQ,D11,0,40,38,11,0.1257639,Naive CD20+ B
GTGGACACAAACTAAG-14-s4d8,GARQ,D11,0,40,38,15,0.4755004,Proerythroblast
CCGTTATGTTAGTGAT-14-s4d8,GARQ,D11,0,40,38,15,1.4609168,Proerythroblast
GAGCTAGCAAGTCGCT-14-s4d8,GARQ,D11,0,40,38,28,0.044653594,MK/E prog
TGGTTCCTCATTTGCT-14-s4d8,GARQ,D11,0,40,38,5,0.048260212,CD8+ T
GGTCCATCAGCACGTT-14-s4d8,GARQ,D11,0,40,38,5,0.017258704,CD8+ T
GGCGTTATCATGTTTC-14-s4d8,GARQ,D11,0,40,38,21,0.06338692,CD8+ T
AACCTTGCATCATGTG-14-s4d8,GARQ,D11,0,40,38,6,0.048837066,CD8+ T
CACGCAATCCTCCATA-14-s4d8,GARQ,D11,0,40,38,22,0.11083925,Lymph prog
CGTGCACAGACAGGCG-14-s4d8,GARQ,D11,0,40,38,6,0.13488209,CD8+ T
GAGGGAGCAGTCTATG-14-s4d8,GARQ,D11,0,40,38,22,0.013262272,Transitional B
GTGTTACAGACAACGA-14-s4d8,GARQ,D11,0,40,38,36,0.022327065,Transitional B
CCAAGTTAGGACAACA-14-s4d8,GARQ,D11,0,40,38,6,0.12596965,CD8+ T
TCGATTAAGTTTAACG-14-s4d8,GARQ,D11,0,40,38,6,0.19671202,CD8+ T
CGCTTAACAAACCTTG-14-s4d8,GARQ,D11,0,40,38,5,0.048541903,CD8+ T
AGGTTTATCTTAGGAC-14-s4d8,GARQ,D11,0,40,38,15,0.5458814,Proerythroblast
TCTCAATTCACGCGGT-14-s4d8,GARQ,D11,0,40,38,6,0.037311316,CD8+ T
TGTTATGAGTCACTAA-14-s4d8,GARQ,D11,0,40,38,22,0.07348156,Naive CD20+ B
CCCTCAGTCACAGACT-14-s4d8,GARQ,D11,0,40,38,3,0.024445295,CD8+ T
TGTGAAACACCTGCTC-14-s4d8,GARQ,D11,0,40,38,6,0.107305884,CD8+ T
GATTATGTCCGCAAGC-14-s4d8,GARQ,D11,0,40,38,6,0.03181076,CD8+ T
ATTAGCTCAACTGGGA-14-s4d8,GARQ,D11,0,40,38,6,0.07512903,CD8+ T
CTCATTTAGTGAGCAA-14-s4d8,GARQ,D11,0,40,38,6,0.032657206,CD8+ T
AAAGGAGCATGGTTAT-14-s4d8,GARQ,D11,0,40,38,6,0.25305593,CD4+ T activated
ATGACCAGTGCTTTAC-14-s4d8,GARQ,D11,0,40,38,6,0.071355104,CD8+ T
GGTCCTGCATTAAGTC-14-s4d8,GARQ,D11,0,40,38,18,0.025516868,Transitional B
GAGTTTGGTGCAATGC-14-s4d8,GARQ,D11,0,40,38,6,0.22775185,CD4+ T activated
GGACCTCAGATAAAGC-14-s4d8,GARQ,D11,0,40,38,29,0.03760606,Plasma cell
TCAGGAGCAACTAGAA-14-s4d8,GARQ,D11,0,40,38,5,0.15285349,CD8+ T
GAACTTATCCGCCAAA-14-s4d8,GARQ,D11,0,40,38,6,0.13662976,CD4+ T naive
GCCTTTATCTTGGACG-14-s4d8,GARQ,D11,0,40,38,6,0.07352853,CD8+ T
TACTTCGTCAAGGACA-14-s4d8,GARQ,D11,0,40,38,6,0.14768815,CD8+ T
AGCTAAACATCAGTAT-14-s4d8,GARQ,D11,0,40,38,5,0.08415079,CD8+ T
CGCTGTGCAAGTGTTT-14-s4d8,GARQ,D11,0,40,38,11,0.09818411,Transitional B
ACCTACCTCCTGGTGA-14-s4d8,GARQ,D11,0,40,38,33,0.06440675,NK
AATTGTGTCAAACCTA-14-s4d8,GARQ,D11,0,40,38,6,0.17802322,CD8+ T
TTGCAACAGTCACCAG-14-s4d8,GARQ,D11,0,40,38,9,0.081728816,CD16+ Mono
TGCTCAACAGGAACCA-14-s4d8,GARQ,D11,0,40,38,9,0.15003306,Naive CD20+ B
TGGACGGAGCGAAGTA-14-s4d8,GARQ,D11,0,40,38,3,0.06373286,CD8+ T
ACCTGGTCACCTGCCT-14-s4d8,GARQ,D11,0,40,38,6,0.12549853,CD4+ T activated
GCTGTACCAACTAGAA-14-s4d8,GARQ,D11,0,40,38,9,0.044950485,Naive CD20+ B
ATGGTGCGTCGTAAAT-14-s4d8,GARQ,D11,0,40,38,15,0.59420216,Proerythroblast
CATAGACTCAGTTCCC-14-s4d8,GARQ,D11,0,40,38,36,0.2980889,Transitional B
AACGGTAAGGGTCCAC-14-s4d8,GARQ,D11,0,40,38,6,0.0688045,CD8+ T
GTTTACCGTAGGTTAT-14-s4d8,GARQ,D11,0,40,38,15,1.0122828,Proerythroblast
AGTCGCATCAATCATG-14-s4d8,GARQ,D11,0,40,38,15,1.1306958,Proerythroblast
CTGTGTGAGTGAGCGG-14-s4d8,GARQ,D11,0,40,38,6,0.06860578,CD8+ T
AATCATGTCGAAGTGA-14-s4d8,GARQ,D11,0,40,38,13,0.005355358,CD8+ T
GATTGTTCACACTAAT-14-s4d8,GARQ,D11,0,40,38,6,0.028562546,CD8+ T
TACGTTAAGTAACCCG-14-s4d8,GARQ,D11,0,40,38,8,0.00024271011,CD4+ T naive
GTGCTGATCGCTAAGT-14-s4d8,GARQ,D11,0,40,38,5,0.041340232,Proerythroblast
GTTTCAGCATTAAGTC-14-s4d8,GARQ,D11,0,40,38,13,0.019863844,CD4+ T activated
CTAAATGTCCTCATCA-14-s4d8,GARQ,D11,0,40,38,11,0.0132985115,Naive CD20+ B
GTTCTTGTCACAGCGC-14-s4d8,GARQ,D11,0,40,38,11,0.0372324,Naive CD20+ B
GCAGGCTTCTACTAAG-14-s4d8,GARQ,D11,0,40,38,1,0.010580182,CD8+ T
GGTATGTTCCGCACAA-14-s4d8,GARQ,D11,0,40,38,6,0.056089282,CD8+ T
TTTCTCACAGCTTAAT-14-s4d8,GARQ,D11,0,40,38,9,0.004394293,Naive CD20+ B
GTTCACCTCCTAGTTT-14-s4d8,GARQ,D11,0,40,38,5,0.16974151,CD8+ T
GTCATGCCATAATCCG-14-s4d8,GARQ,D11,0,40,38,6,0.033602,CD8+ T
TATGACTCACCTGCCT-14-s4d8,GARQ,D11,0,40,38,15,0.1371381,G/M prog
CCAAACTAGGAGCAAC-14-s4d8,GARQ,D11,0,40,38,6,0.22993755,CD4+ T activated
ATTTAGCCATAAGGAC-14-s4d8,GARQ,D11,0,40,38,4,0.74950343,CD14+ Mono
TTCTTAGGTTTATCGC-14-s4d8,GARQ,D11,0,40,38,11,0.06587845,Naive CD20+ B
AATTTCCTCCGTGACA-14-s4d8,GARQ,D11,0,40,38,5,0.15736604,CD8+ T
ACGACAAAGTCGCTAG-14-s4d8,GARQ,D11,0,40,38,5,0.54704523,CD8+ T
GCCTTAGAGTTAGTTG-14-s4d8,GARQ,D11,0,40,38,11,0.06945431,Lymph prog
ACACAATGTCATCAAG-14-s4d8,GARQ,D11,0,40,38,5,0.120795965,CD8+ T
CATAGACTCCATCAGG-14-s4d8,GARQ,D11,0,40,38,34,0.018139243,CD4+ T activated
ACTCAGTAGTAGGCGG-14-s4d8,GARQ,D11,0,40,38,11,0.050178707,Transitional B
TTTAGGATCTTGAGGT-14-s4d8,GARQ,D11,0,40,38,5,0.1448865,CD8+ T
TCGTTAGCACCGGTAT-14-s4d8,GARQ,D11,0,40,38,6,0.039546967,CD8+ T
AACGACAAGGTGAAGC-14-s4d8,GARQ,D11,0,40,38,11,0.06090021,B1 B
GGCCGTTAGACAAGTG-14-s4d8,GARQ,D11,0,40,38,6,0.07552838,CD8+ T
ACCCGTAAGTGACCTG-14-s4d8,GARQ,D11,0,40,38,15,1.1486034,Normoblast
GTTACGTAGGGCTTTG-14-s4d8,GARQ,D11,0,40,38,6,0.18905461,CD4+ T naive
TGGACAAAGGGCCATC-14-s4d8,GARQ,D11,0,40,38,4,0.043403387,cDC2
TACCTTTAGGGATGAC-14-s4d8,GARQ,D11,0,40,38,6,0.084285975,CD8+ T
CCACACAAGAAAGGAA-14-s4d8,GARQ,D11,0,40,38,4,0.90629035,CD14+ Mono
GTGAGGAGTGGATTAT-14-s4d8,GARQ,D11,0,40,38,6,0.23429346,CD4+ T naive
ACTTAGGGTCCCGGAA-14-s4d8,GARQ,D11,0,40,38,6,0.14717871,CD4+ T activated
ATTGGCTAGGTCCTGA-14-s4d8,GARQ,D11,0,40,38,4,0.30845273,cDC2
ACTGAAACAGCTCAAC-14-s4d8,GARQ,D11,0,40,38,15,0.988207,Proerythroblast
TGTAAGCTCATCACTT-14-s4d8,GARQ,D11,0,40,38,13,0.027628303,CD8+ T
AATCATGTCATTGTCT-14-s4d8,GARQ,D11,0,40,38,5,0.020092368,CD8+ T
CTAACCACAGCTTAAT-14-s4d8,GARQ,D11,0,40,38,5,0.17738354,CD8+ T
CCAGGAACAAGTGTTT-14-s4d8,GARQ,D11,0,40,38,4,0.29835987,CD14+ Mono
ATGTTGTCAGCTACGT-14-s4d8,GARQ,D11,0,40,38,11,0.02156806,B1 B
TGCCTGTTCATTACAG-14-s4d8,GARQ,D11,0,40,38,18,0.017709732,B1 B
ACACAATGTTGGCGTG-14-s4d8,GARQ,D11,0,40,38,5,0.043453753,CD8+ T
CAATATGTCCCTCAAC-14-s4d8,GARQ,D11,0,40,38,15,0.71859545,Proerythroblast
AATTAGCGTCCTAACT-14-s4d8,GARQ,D11,0,40,38,6,0.012088299,NK
CTAGCTGAGAATGACG-14-s4d8,GARQ,D11,0,40,38,4,0.025984704,CD16+ Mono
TCCTTGCAGAACCTGT-14-s4d8,GARQ,D11,0,40,38,15,0.6957853,Proerythroblast
CTGGTCAAGGTTACGT-14-s4d8,GARQ,D11,0,40,38,5,0.17875028,CD8+ T
ATGTTTGAGTTGCGTG-14-s4d8,GARQ,D11,0,40,38,15,0.314808,Proerythroblast
GTGGTTAGTTGTTGGA-14-s4d8,GARQ,D11,0,40,38,4,0.091536045,cDC2
GGTAACCGTCATGCCC-14-s4d8,GARQ,D11,0,40,38,6,0.3770765,CD8+ T
CCACAATAGTCATTAG-14-s4d8,GARQ,D11,0,40,38,5,0.039585352,CD8+ T
TTCACTGTCGGCCATA-14-s4d8,GARQ,D11,0,40,38,11,0.015663624,B1 B
AGCGATTTCATCCTAT-14-s4d8,GARQ,D11,0,40,38,22,0.065092504,Naive CD20+ B
CCGTTACTCATCCTCA-14-s4d8,GARQ,D11,0,40,38,15,1.1088117,Proerythroblast
GAGCCTTCACCTCGCT-14-s4d8,GARQ,D11,0,40,38,15,1.2394277,Proerythroblast
AGTAATCGTTTGGCGG-14-s4d8,GARQ,D11,0,40,38,6,0.036965966,CD8+ T
TACAATGTCATAATCG-14-s4d8,GARQ,D11,0,40,38,6,0.095638275,CD8+ T
AGTTTGATCAATTACG-14-s4d8,GARQ,D11,0,40,38,4,0.4532795,CD16+ Mono
CTCTAAGCAACTAGCC-14-s4d8,GARQ,D11,0,40,38,1,0.00034064054,CD8+ T
AAGACATAGCTGAGGG-14-s4d8,GARQ,D11,0,40,38,6,0.061197877,NK
TCCTTCAAGGACGTAA-14-s4d8,GARQ,D11,0,40,38,9,0.010168552,B1 B
TTTACGAAGTGTTGCG-14-s4d8,GARQ,D11,0,40,38,5,0.03446126,CD8+ T
AGTAACCTCTTAGTGA-14-s4d8,GARQ,D11,0,40,38,5,0.19283867,CD8+ T
GTGATGAAGCTTCTCA-14-s4d8,GARQ,D11,0,40,38,3,0.016809046,CD4+ T activated
GGCTAGACATCCATCT-14-s4d8,GARQ,D11,0,40,38,5,0.05279398,CD8+ T
GTAGGAGGTGAGCGAA-14-s4d8,GARQ,D11,0,40,38,6,0.09891939,CD4+ T activated
GAGTGAGGTTAGCTGA-14-s4d8,GARQ,D11,0,40,38,15,0.6482885,Proerythroblast
ATGGCTTAGCTAGAAG-14-s4d8,GARQ,D11,0,40,38,35,0.081899464,CD8+ T
CGTTGCAAGCCTCTGT-14-s4d8,GARQ,D11,0,40,38,4,0.2665887,cDC2
TCCTCACAGTTTCCTG-14-s4d8,GARQ,D11,0,40,38,6,0.16668844,CD8+ T
GTGTGTTAGGAACACA-14-s4d8,GARQ,D11,0,40,38,4,0.05378425,pDC
CATTATCTCGTACCGA-14-s4d8,GARQ,D11,0,40,38,6,0.0044733286,CD4+ T activated
AGCACTAGTCGCAAAC-14-s4d8,GARQ,D11,0,40,38,15,0.8838707,Proerythroblast
CTCGACAAGCGAGTAA-14-s4d8,GARQ,D11,0,40,38,14,0.00046741962,Naive CD20+ B
GATGAGGGTTAAGTGT-14-s4d8,GARQ,D11,0,40,38,15,1.7597213,Erythroblast
TTTAAGGTCTGTAAGC-14-s4d8,GARQ,D11,0,40,38,4,0.54367965,CD14+ Mono
CGACCTGCAGTATGTT-14-s4d8,GARQ,D11,0,40,38,6,0.024423122,CD8+ T
CTCATTTAGGTTAGCT-14-s4d8,GARQ,D11,0,40,38,11,0.10973048,Naive CD20+ B
TCCGGAATCTCATCAT-14-s4d8,GARQ,D11,0,40,38,11,0.12697941,Transitional B
AGCAATACACCCTCAC-14-s4d8,GARQ,D11,0,40,38,6,0.17203665,CD4+ T activated
CACCTCAGTGAGGTGA-14-s4d8,GARQ,D11,0,40,38,4,0.5487693,CD14+ Mono
GCGAGTGAGGCGAAAC-14-s4d8,GARQ,D11,0,40,38,4,0.47748053,CD14+ Mono
CGATTCCTCACTAAGC-14-s4d8,GARQ,D11,0,40,38,5,0.05898881,CD8+ T
CAAGTTATCAAACCGT-14-s4d8,GARQ,D11,0,40,38,5,0.07784939,CD8+ T
ACGGTTAGTAATCGGC-14-s4d8,GARQ,D11,0,40,38,15,0.55944306,Erythroblast
TCCTTGCAGGTACCGC-14-s4d8,GARQ,D11,0,40,38,24,0.09612948,CD8+ T
TACCCGGCAGTTTGGC-14-s4d8,GARQ,D11,0,40,38,9,0.027810216,Transitional B
GCTAAGCGTGTTTGTC-14-s4d8,GARQ,D11,0,40,38,4,0.45130587,CD14+ Mono
CCTGTAACAATATACC-14-s4d8,GARQ,D11,0,40,38,6,0.058071375,CD8+ T
AGCTAAACAATCCTGA-14-s4d8,GARQ,D11,0,40,38,6,0.09907377,CD8+ T
TGTGGCTCATAGCTGC-14-s4d8,GARQ,D11,0,40,38,6,0.16412258,CD4+ T activated
CTGGATGTCCTAAGTA-14-s4d8,GARQ,D11,0,40,38,15,0.65389127,Proerythroblast
CGGTTTGAGACAGGCG-14-s4d8,GARQ,D11,0,40,38,5,0.092987776,CD8+ T
GCTCATTGTCCAAGAC-14-s4d8,GARQ,D11,0,40,38,35,0.101370096,NK
ACGCTTGAGGTCATTA-14-s4d8,GARQ,D11,0,40,38,22,0.11391169,Lymph prog
GTGCGCAGTACAATGT-14-s4d8,GARQ,D11,0,40,38,6,0.019737005,CD8+ T
TGGCCAATCCTACCTA-14-s4d8,GARQ,D11,0,40,38,6,0.095899224,CD4+ T activated
GCTATTGCATTCAGCA-14-s4d8,GARQ,D11,0,40,38,24,0.008746862,CD8+ T
AGCTACGTCCTCCTAA-14-s4d8,GARQ,D11,0,40,38,4,0.59274215,CD14+ Mono
GGCCTTAAGTATCGCG-14-s4d8,GARQ,D11,0,40,38,6,0.15610337,CD8+ T
GCTTAACAGACACTTA-14-s4d8,GARQ,D11,0,40,38,9,0.031082332,CD8+ T
AAGCTATGTTAATGCG-14-s4d8,GARQ,D11,0,40,38,3,0.02415818,NK
ATATGCTCAGAGAGCC-14-s4d8,GARQ,D11,0,40,38,6,0.0657959,CD4+ T naive
GCTTTCATCATTGCGG-14-s4d8,GARQ,D11,0,40,38,22,0.019171119,Lymph prog
TAGGAGGGTAACAGGG-14-s4d8,GARQ,D11,0,40,38,14,0.0377115,Transitional B
TGGTAAACAACTAGGG-14-s4d8,GARQ,D11,0,40,38,38,0.027059555,CD8+ T
ACCTACCTCTAAGTGC-14-s4d8,GARQ,D11,0,40,38,4,0.021447718,cDC2
TCCGCCATCTTGTCCA-14-s4d8,GARQ,D11,0,40,38,9,0.085766554,Naive CD20+ B
TAGCCTGAGGAAACTG-14-s4d8,GARQ,D11,0,40,38,6,0.2685485,CD4+ T activated
TTGTCAAAGTCAGTAC-14-s4d8,GARQ,D11,0,40,38,6,0.049666405,CD8+ T
ACTAGGCGTTTGGCTT-14-s4d8,GARQ,D11,0,40,38,9,0.15848172,Lymph prog
CGGCTAATCCTCAGCT-14-s4d8,GARQ,D11,0,40,38,15,1.1119632,Proerythroblast
TTGATGTCAGCCTAAC-14-s4d8,GARQ,D11,0,40,38,11,0.12699103,Naive CD20+ B
TGTTGGCCAGCACCAT-14-s4d8,GARQ,D11,0,40,38,5,0.06635201,CD8+ T
CTCGCTCCACAAACTT-14-s4d8,GARQ,D11,0,40,38,31,0.0010063648,CD8+ T
ACGTCAAGTTGCACGG-14-s4d8,GARQ,D11,0,40,38,15,1.5249163,Proerythroblast
AAAGGCTCAACTAGAA-14-s4d8,GARQ,D11,0,40,38,11,0.007658839,Lymph prog
TCACCTCAGGTCCTGA-14-s4d8,GARQ,D11,0,40,38,6,0.052506685,CD8+ T
TGGCTATAGGAGGTTA-14-s4d8,GARQ,D11,0,40,38,6,0.007799387,CD8+ T
TTTGTGAAGTAGCGGG-14-s4d8,GARQ,D11,0,40,38,11,0.07753289,Lymph prog
GAAGCCTGTACTGAAT-14-s4d8,GARQ,D11,0,40,38,13,0.017833352,CD8+ T
ATGTTCAAGAAACTGG-14-s4d8,GARQ,D11,0,40,38,4,0.6292459,CD14+ Mono
TTGGAGGCAGTAATAG-14-s4d8,GARQ,D11,0,40,38,11,0.10305762,Plasma cell
CGTGCTGCAGCATTAT-14-s4d8,GARQ,D11,0,40,38,5,0.08480251,CD8+ T
TTAGGATGTCAATAGT-14-s4d8,GARQ,D11,0,40,38,22,0.12701201,Transitional B
GTCAATATCAGGATGA-14-s4d8,GARQ,D11,0,40,38,5,0.18472123,CD8+ T
ATGCAGGCACCTGCTC-14-s4d8,GARQ,D11,0,40,38,4,0.1625756,cDC2
AGCTTCCTCATGTCAA-14-s4d8,GARQ,D11,0,40,38,6,0.2377739,CD8+ T
CATAGGCGTCGAAGTC-14-s4d8,GARQ,D11,0,40,38,3,0.08391541,CD8+ T
AGAGATTAGGGATTAG-14-s4d8,GARQ,D11,0,40,38,15,0.37988555,Erythroblast
CGCTTAACAATTTAGC-14-s4d8,GARQ,D11,0,40,38,5,0.15806675,CD8+ T
GCAAACAAGGCGCATC-14-s4d8,GARQ,D11,0,40,38,3,0.019978046,CD8+ T
GGCGGTAAGCGAAGTA-14-s4d8,GARQ,D11,0,40,38,9,0.009790659,Transitional B
CAATAAGCATTAGCCA-14-s4d8,GARQ,D11,0,40,38,31,0.00840199,CD4+ T activated
CCAACCCGTAGTAAGA-14-s4d8,GARQ,D11,0,40,38,15,0.63860804,Erythroblast
CCTTCGTAGTAACGAG-14-s4d8,GARQ,D11,0,40,38,6,0.06857431,CD8+ T
TCCGCCATCAGGAAGC-14-s4d8,GARQ,D11,0,40,38,4,0.31901014,cDC2
GCCAACATCGGTCATG-14-s4d8,GARQ,D11,0,40,38,4,0.74609876,CD14+ Mono
GTTACAGGTTTGGTTC-14-s4d8,GARQ,D11,0,40,38,15,1.9567943,Erythroblast
CAAACATGTATACTGG-14-s4d8,GARQ,D11,0,40,38,15,1.2029772,Normoblast
GACTTACAGCAGGCCT-14-s4d8,GARQ,D11,0,40,38,6,0.12462008,CD8+ T
TCATCCATCCGGGACT-14-s4d8,GARQ,D11,0,40,38,13,0.034327865,CD8+ T
ATTAGGTGTTTCAGGA-14-s4d8,GARQ,D11,0,40,38,6,0.15267193,CD8+ T
ACACTTAAGTAACTCA-14-s4d8,GARQ,D11,0,40,38,6,0.08741379,CD8+ T
TGGCCAATCTGTGCAG-14-s4d8,GARQ,D11,0,40,38,38,0.009539485,CD8+ T
TTTACGCGTCCTCCAA-14-s4d8,GARQ,D11,0,40,38,13,0.007368028,CD8+ T
GCTTTATTCTCCATGC-14-s4d8,GARQ,D11,0,40,38,5,0.015127063,CD8+ T
GGACTAAAGATTGAGG-14-s4d8,GARQ,D11,0,40,38,6,0.11275005,CD4+ T naive
TAAAGCCTCAATCATG-14-s4d8,GARQ,D11,0,40,38,9,0.013590097,Transitional B
CCTAAATCAAATTCGT-14-s4d8,GARQ,D11,0,40,38,5,0.26587713,CD8+ T
GCGTAACGTCGTAAAT-14-s4d8,GARQ,D11,0,40,38,3,0.027175188,CD8+ T
TTTATGGAGGATGATG-14-s4d8,GARQ,D11,0,40,38,4,0.48802933,CD16+ Mono
CACCTGTTCCGGGACT-14-s4d8,GARQ,D11,0,40,38,5,0.086120486,CD8+ T
AATCATGTCATCCTGC-14-s4d8,GARQ,D11,0,40,38,8,0.023898125,CD8+ T
ACAGGATCATTGGGAG-14-s4d8,GARQ,D11,0,40,38,6,0.18701708,CD8+ T
CACAAGCGTTTGTTGC-14-s4d8,GARQ,D11,0,40,38,15,0.9942905,Proerythroblast
GGATGTAAGACTCGCA-14-s4d8,GARQ,D11,0,40,38,6,0.19635153,CD8+ T
CATCCCAGTTGTGACA-14-s4d8,GARQ,D11,0,40,38,15,1.159333,Proerythroblast
CTCCTAATCCCGCCTA-14-s4d8,GARQ,D11,0,40,38,4,0.52529263,CD14+ Mono
CAGCTCAAGTGAACAG-14-s4d8,GARQ,D11,0,40,38,18,0.14797574,Naive CD20+ B
AGTGAACCACTAGCGT-14-s4d8,GARQ,D11,0,40,38,6,0.016859174,CD8+ T
TTTCTCACAACCTGGT-14-s4d8,GARQ,D11,0,40,38,5,0.15942019,CD8+ T
CCGTTATGTTGGTTAG-14-s4d8,GARQ,D11,0,40,38,15,0.7346808,Erythroblast
ATTAGCTCAATAGCAA-14-s4d8,GARQ,D11,0,40,38,5,0.1768452,CD8+ T
TCCAGGTCAGGCATGA-14-s4d8,GARQ,D11,0,40,38,3,0.0731436,CD8+ T
CATGGATTCAGGTCCA-14-s4d8,GARQ,D11,0,40,38,6,0.10300243,CD8+ T
TGTTGCACATTTGCTC-14-s4d8,GARQ,D11,0,40,38,12,0.00026243925,CD4+ T activated
CGCAATCCATTAGGCC-14-s4d8,GARQ,D11,0,40,38,6,0.087810755,NK
GGGATTAAGGACTTAC-14-s4d8,GARQ,D11,0,40,38,17,0.032683074,CD8+ T
CACCGGTAGCTGAGGG-14-s4d8,GARQ,D11,0,40,38,15,0.74516815,Proerythroblast
GATTCAATCCTTCGTA-14-s4d8,GARQ,D11,0,40,38,6,0.075582266,CD8+ T
ATTACCCGTATTCGTC-14-s4d8,GARQ,D11,0,40,38,5,0.15012717,CD8+ T
TTATCCGTCGACCTGA-14-s4d8,GARQ,D11,0,40,38,18,0.0035977364,Naive CD20+ B
TCATACTTCATTAGGC-14-s4d8,GARQ,D11,0,40,38,34,0.0597682,CD8+ T
TTGTTGCGTTTACTTG-14-s4d8,GARQ,D11,0,40,38,13,0.07318425,CD8+ T
CGATTCCTCAGAAACG-14-s4d8,GARQ,D11,0,40,38,6,0.03975439,CD8+ T
GTTCCTGGTGTCCAAA-14-s4d8,GARQ,D11,0,40,38,11,0.060976863,Naive CD20+ B
ATGAAGCCAATTAGGA-14-s4d8,GARQ,D11,0,40,38,6,0.14736986,CD4+ T activated
CTCGCTAGTAAGGTCC-14-s4d8,GARQ,D11,0,40,38,11,0.011534452,Transitional B
TGAGGAGGTAACCAGC-14-s4d8,GARQ,D11,0,40,38,6,0.0026034117,CD8+ T
GTTGTTGCACGAATTT-14-s4d8,GARQ,D11,0,40,38,19,0.021929026,CD4+ T naive
GTTCGCGCAGTAGGTG-14-s4d8,GARQ,D11,0,40,38,11,0.04008311,HSC
ACACTTGCACAGCCAT-14-s4d8,GARQ,D11,0,40,38,3,0.04160607,CD8+ T
GGTATTTCAAGCGATG-14-s4d8,GARQ,D11,0,40,38,5,0.03392762,CD4+ T activated
ATCCACCTCCCTGGTT-14-s4d8,GARQ,D11,0,40,38,5,0.3126638,CD8+ T
TGGTTCTGTCATCATC-14-s4d8,GARQ,D11,0,40,38,11,0.06881535,Naive CD20+ B
ATGGCTTAGTATGTGC-14-s4d8,GARQ,D11,0,40,38,24,0.0043456554,CD8+ T
CGGTGAGAGGCATTAC-14-s4d8,GARQ,D11,0,40,38,15,1.0030246,Proerythroblast
GCCACAATCTTGTCCA-14-s4d8,GARQ,D11,0,40,38,6,0.23333776,CD4+ T activated
GTAAAGCCATGAATAG-14-s4d8,GARQ,D11,0,40,38,11,0.02175951,Lymph prog
AGTGAGTCACGGTTTA-14-s4d8,GARQ,D11,0,40,38,8,0.054595232,CD8+ T
TGGTTGAGTGATGGCT-14-s4d8,GARQ,D11,0,40,38,11,0.021825194,Lymph prog
TCGTTATTCTAATCCT-14-s4d8,GARQ,D11,0,40,38,11,0.028268099,Naive CD20+ B
CCCTCAGTCAGCTAAC-14-s4d8,GARQ,D11,0,40,38,15,1.6028945,Erythroblast
TTCATCCCAAACCCTA-14-s4d8,GARQ,D11,0,40,38,18,0.12063098,Naive CD20+ B
AATTGGACAATGAGGT-14-s4d8,GARQ,D11,0,40,38,6,0.0071148872,CD8+ T
GAAGTCAAGGTCGAGG-14-s4d8,GARQ,D11,0,40,38,15,0.8210366,Erythroblast
CCTTATGTCCTTGCAC-14-s4d8,GARQ,D11,0,40,38,6,0.10126692,CD4+ T activated
CCGTTACTCGGGACTC-14-s4d8,GARQ,D11,0,40,38,3,0.08846474,CD8+ T
CTCTAAGCACAGAACG-14-s4d8,GARQ,D11,0,40,38,38,0.038034916,CD4+ T activated
AAAGCACCAACTGGGA-14-s4d8,GARQ,D11,0,40,38,6,0.1511209,CD8+ T
TGAGCCGGTGGATTAT-14-s4d8,GARQ,D11,0,40,38,4,0.5668704,CD16+ Mono
CCAGGAACAGGCTTCG-14-s4d8,GARQ,D11,0,40,38,15,0.8821008,Proerythroblast
TGAGGGCCAGGCAAGC-14-s4d8,GARQ,D11,0,40,38,15,1.009837,Erythroblast
GATCGCTCAGCTACGT-14-s4d8,GARQ,D11,0,40,38,6,0.098899186,CD4+ T naive
AGGGCCTTCGATCAGT-14-s4d8,GARQ,D11,0,40,38,22,0.00416708,Lymph prog
TTTGACTTCGCAACAT-14-s4d8,GARQ,D11,0,40,38,11,0.09788853,Naive CD20+ B
ATGGCTAGTTAATGCG-14-s4d8,GARQ,D11,0,40,38,9,0.024088383,Naive CD20+ B
CTTCACTCATTAAAGG-14-s4d8,GARQ,D11,0,40,38,15,0.82391715,Proerythroblast
AAACATGCAATTAACC-14-s4d8,GARQ,D11,0,40,38,38,0.07734597,CD8+ T
GTTCTTAGTCCTAGTT-14-s4d8,GARQ,D11,0,40,38,22,0.068817675,Naive CD20+ B
TTGCAACAGTTTGGTA-14-s4d8,GARQ,D11,0,40,38,6,0.022249103,CD8+ T
TGTTAGCAGTCAGTAC-14-s4d8,GARQ,D11,0,40,38,9,0.0019490719,Naive CD20+ B
GCAATCTAGTGAGGGT-14-s4d8,GARQ,D11,0,40,38,4,0.20872527,CD14+ Mono
GGTGCTGGTCACAAAT-14-s4d8,GARQ,D11,0,40,38,11,0.09681368,Naive CD20+ B
AGCCAGTGTACAATGT-14-s4d8,GARQ,D11,0,40,38,5,0.077082396,CD8+ T
GACGCAACATTGTTGG-14-s4d8,GARQ,D11,0,40,38,15,1.1473963,Proerythroblast
GCCAGGTTCACGCGGT-14-s4d8,GARQ,D11,0,40,38,21,0.022609174,CD4+ T activated
AAAGGAGCATGCATAT-14-s4d8,GARQ,D11,0,40,38,5,0.06450307,NK
CCCTCAGTCTAACTGA-14-s4d8,GARQ,D11,0,40,38,15,0.64294523,Proerythroblast
TCTAAGGGTCCCGGAA-14-s4d8,GARQ,D11,0,40,38,15,0.7357675,Erythroblast
CCTGTTGGTGATGATT-14-s4d8,GARQ,D11,0,40,38,38,0.07917845,CD4+ T naive
GGTTTGTAGAGAGCCG-14-s4d8,GARQ,D11,0,40,38,9,0.08072317,Naive CD20+ B
CACGCTAAGCTTACTT-14-s4d8,GARQ,D11,0,40,38,15,1.2117532,Proerythroblast
CAAACACTCCGCCTCA-14-s4d8,GARQ,D11,0,40,38,16,0.19317362,HSC
TTTGTGGCACATGCTA-14-s4d8,GARQ,D11,0,40,38,36,0.023429513,Transitional B
GAGGAGGCAATCCTGA-14-s4d8,GARQ,D11,0,40,38,3,0.06871164,CD8+ T
AGAGGAACACAACAGG-14-s4d8,GARQ,D11,0,40,38,6,0.005011797,CD8+ T
TGGACGGAGGTGAAGC-14-s4d8,GARQ,D11,0,40,38,15,0.81232923,Proerythroblast
GTGTGCGGTTCCGGGA-14-s4d8,GARQ,D11,0,40,38,15,0.53518647,Proerythroblast
CGATTGAGTTGGCGTG-14-s4d8,GARQ,D11,0,40,38,33,0.0027789474,NK
CCTGTATGTCGCAAAC-14-s4d8,GARQ,D11,0,40,38,11,0.016878486,Transitional B
GCCTACTTCGCTCCAT-14-s4d8,GARQ,D11,0,40,38,6,0.025352538,CD8+ T
TATGGCCCAGGCAAGC-14-s4d8,GARQ,D11,0,40,38,34,0.031774998,CD4+ T activated
CTCCTGAGTGAAGCCT-14-s4d8,GARQ,D11,0,40,38,15,0.40353093,Transitional B
ATGGCCGGTTGACTTC-14-s4d8,GARQ,D11,0,40,38,15,0.72178674,Proerythroblast
TTCACTGTCACAAGCT-14-s4d8,GARQ,D11,0,40,38,3,0.007481575,CD8+ T
CCACATTGTCCACAAA-14-s4d8,GARQ,D11,0,40,38,9,0.014891624,Lymph prog
GTACAATGTCTAGCTT-14-s4d8,GARQ,D11,0,40,38,6,0.017681241,CD8+ T
GTAAGGTCATATTGAC-14-s4d8,GARQ,D11,0,40,38,9,0.04855162,cDC2
TGCGCAGGTGCTTTAC-14-s4d8,GARQ,D11,0,40,38,9,0.06601024,Naive CD20+ B
ATGGTTATCAGCAAAG-14-s4d8,GARQ,D11,0,40,38,5,0.14926851,CD8+ T
ACGAATCTCACAGACT-14-s4d8,GARQ,D11,0,40,38,5,0.14127374,CD8+ T
TGTGAAACAATTAGCT-14-s4d8,GARQ,D11,0,40,38,3,0.013866782,CD8+ T
AACTACTCACAACAAA-14-s4d8,GARQ,D11,0,40,38,15,1.3217177,Proerythroblast
CGTGTGTCACTAAGCC-14-s4d8,GARQ,D11,0,40,38,5,0.08925927,NK
TTTACGAAGGACTAAG-14-s4d8,GARQ,D11,0,40,38,6,0.07324231,NK
TGCTTTAGTCGAAGTC-14-s4d8,GARQ,D11,0,40,38,5,0.18679255,CD8+ T
CTAGCGGGTAATAACC-14-s4d8,GARQ,D11,0,40,38,6,0.07274878,CD4+ T activated
CTTCACTCACATACTG-14-s4d8,GARQ,D11,0,40,38,22,0.06883454,Naive CD20+ B
CTTATGTTCCCTTGCG-14-s4d8,GARQ,D11,0,40,38,34,0.0022776127,CD8+ T
GACCTGATCTACTAAG-14-s4d8,GARQ,D11,0,40,38,14,0.024493814,Transitional B
GTTGGCCAGCTTACTT-14-s4d8,GARQ,D11,0,40,38,4,0.020460844,G/M prog
GGATAACCATAGCTTG-14-s4d8,GARQ,D11,0,40,38,5,0.06262219,CD8+ T
CTTGTCCAGCTGCACA-14-s4d8,GARQ,D11,0,40,38,8,0.031328678,CD8+ T
TGGCTATAGCTGCACA-14-s4d8,GARQ,D11,0,40,38,5,0.13791227,CD8+ T
AACGCTAGTATTTGCC-14-s4d8,GARQ,D11,0,40,38,22,0.11395323,Transitional B
CTCGCTAGTAATGGAA-14-s4d8,GARQ,D11,0,40,38,4,0.20099384,cDC2
GTAAGCGCACGTGCTG-14-s4d8,GARQ,D11,0,40,38,30,0.03378272,Proerythroblast
TAGTTGTCAACACTTG-14-s4d8,GARQ,D11,0,40,38,9,0.003510356,B1 B
TTCATTCAGTCCTGAG-14-s4d8,GARQ,D11,0,40,38,22,0.0075540543,Transitional B
TATCGCACAATCTCTC-14-s4d8,GARQ,D11,0,40,38,6,0.12392771,CD8+ T
CTACAACAGCTCGCTT-14-s4d8,GARQ,D11,0,40,38,26,0.0052186847,NK
AAGTAGCCAATCCCTT-14-s4d8,GARQ,D11,0,40,38,35,0.026927948,NK
CGAAGAATCATAATCG-14-s4d8,GARQ,D11,0,40,38,38,0.08753824,CD8+ T
TCATGCCTCATGCTTT-14-s4d8,GARQ,D11,0,40,38,22,0.0864051,Lymph prog
TCTCACCAGAAGCTAG-14-s4d8,GARQ,D11,0,40,38,6,0.23435092,CD8+ T
TGTCAATCACAACAAA-14-s4d8,GARQ,D11,0,40,38,4,0.10025436,CD16+ Mono
TATTAGGTCGCATTAA-14-s4d8,GARQ,D11,0,40,38,15,1.0525125,Erythroblast
CGGGTATGTGGCTTCC-14-s4d8,GARQ,D11,0,40,38,2,0.0369938,CD4+ T activated
ATGGCTGTCATAGACC-14-s4d8,GARQ,D11,0,40,38,6,0.02269411,CD4+ T activated
ATTATGGTCTTGGACG-14-s4d8,GARQ,D11,0,40,38,18,0.0004297495,Naive CD20+ B
AGGTTACTCATAGCCG-14-s4d8,GARQ,D11,0,40,38,6,0.06718755,CD8+ T
CCATCATGTAGGATCC-14-s4d8,GARQ,D11,0,40,38,11,0.066850305,Transitional B
CCGCAAATCTAACTGA-14-s4d8,GARQ,D11,0,40,38,38,0.007012069,CD8+ T
CTATAACCACCGGTAT-14-s4d8,GARQ,D11,0,40,38,6,0.017773628,CD8+ T
TGGTTCCTCGTCAAGT-14-s4d8,GARQ,D11,0,40,38,6,0.23140085,CD8+ T
AGGATGTCAGCTAACC-14-s4d8,GARQ,D11,0,40,38,6,0.029000282,CD4+ T activated
TTACACCGTCAGGCCA-14-s4d8,GARQ,D11,0,40,38,36,0.06748462,Lymph prog
TGCAATATCATTACTC-14-s4d8,GARQ,D11,0,40,38,5,0.145154,CD4+ T activated
GGTGTCCAGAGCCGGA-14-s4d8,GARQ,D11,0,40,38,16,0.039964378,G/M prog
GTCTATCGTCAGGCAT-14-s4d8,GARQ,D11,0,40,38,22,0.2587638,Transitional B
CGTAACCCACTCAACA-14-s4d8,GARQ,D11,0,40,38,4,0.08157539,pDC
TATCCAGCACAAAGAC-14-s4d8,GARQ,D11,0,40,38,6,0.11320132,CD8+ T
GGTCAAGCAATGCCCG-14-s4d8,GARQ,D11,0,40,38,6,0.1399777,CD8+ T
TTAGGCGTCTTGCAAA-14-s4d8,GARQ,D11,0,40,38,3,0.020016313,CD4+ T activated
ACTTGCACACAGAAAC-14-s4d8,GARQ,D11,0,40,38,24,0.07263291,CD8+ T
CTCCAACTCCATAATG-14-s4d8,GARQ,D11,0,40,38,4,0.6845521,CD14+ Mono
ACTCCTCAGGGACGCA-14-s4d8,GARQ,D11,0,40,38,22,0.008272886,Naive CD20+ B
CCTCAAACAAACCTAT-14-s4d8,GARQ,D11,0,40,38,15,0.4123901,Proerythroblast
TTAGGAACATAAAGCA-14-s4d8,GARQ,D11,0,40,38,31,0.006078005,CD4+ T activated
CCCGCTTCAGCGCTTG-14-s4d8,GARQ,D11,0,40,38,18,0.07438147,Lymph prog
TTTGCGGAGCGCAATT-14-s4d8,GARQ,D11,0,40,38,5,0.17481136,CD8+ T
ACTTATCTCAATGAGG-14-s4d8,GARQ,D11,0,40,38,6,0.14493585,CD4+ T naive
CGCATTACAAAGGCCA-14-s4d8,GARQ,D11,0,40,38,15,0.81213784,Proerythroblast
TAATCCGCACCCTCAC-14-s4d8,GARQ,D11,0,40,38,5,0.0018222332,CD8+ T
CCTACTTCACTTAGGC-14-s4d8,GARQ,D11,0,40,38,4,1.0201609,CD14+ Mono
GAAAGGCTCGGTCATG-14-s4d8,GARQ,D11,0,40,38,3,0.026489973,CD4+ T activated
GCTGTGATCGACAAAG-14-s4d8,GARQ,D11,0,40,38,15,0.62708074,Proerythroblast
GTTACCTGTGCTCCGT-14-s4d8,GARQ,D11,0,40,38,5,0.12581527,CD8+ T
AGAAACCCATCCAGGT-14-s4d8,GARQ,D11,0,40,38,3,0.04780978,CD4+ T naive
CTTTAGTTCAGCACGC-14-s4d8,GARQ,D11,0,40,38,38,0.055691063,CD8+ T
TTGCATTTCGCATTAA-14-s4d8,GARQ,D11,0,40,38,5,0.089143276,CD8+ T
CATAGGCGTATTCGCT-14-s4d8,GARQ,D11,0,40,38,38,0.068814695,CD8+ T
CGGTTTGAGCATGAAG-14-s4d8,GARQ,D11,0,40,38,6,0.007870436,CD8+ T
AACCTTAAGCCAAATC-14-s4d8,GARQ,D11,0,40,38,3,0.08563781,CD8+ T
TCGTCAACATTGCAGC-14-s4d8,GARQ,D11,0,40,38,13,0.052751422,CD8+ T
CTCTAAGCACAAAGAC-14-s4d8,GARQ,D11,0,40,38,13,0.02072835,CD8+ T
TCAAGGTTCCTAAGGT-14-s4d8,GARQ,D11,0,40,38,11,0.06279421,Naive CD20+ B
TTGTGAGGTGAAGCCT-14-s4d8,GARQ,D11,0,40,38,18,0.02140069,Naive CD20+ B
GGGTGTTGTCCTCCAA-14-s4d8,GARQ,D11,0,40,38,6,0.08682716,CD4+ T naive
CCTTCAATCATGAGCT-14-s4d8,GARQ,D11,0,40,38,15,0.5683193,Proerythroblast
TGGACCGGTTCGGGAT-14-s4d8,GARQ,D11,0,40,38,3,0.06793618,NK
CGTAACTAGCATCCAG-14-s4d8,GARQ,D11,0,40,38,11,0.050974727,Naive CD20+ B
TCCCGGACACAGCCAT-14-s4d8,GARQ,D11,0,40,38,5,0.25022233,CD8+ T
AACGCTAGTTAACACG-14-s4d8,GARQ,D11,0,40,38,5,0.10648644,CD8+ T
GCTCGATCAATAACCT-14-s4d8,GARQ,D11,0,40,38,5,0.0076663494,CD8+ T
TGGGCCTAGCATGTCG-14-s4d8,GARQ,D11,0,40,38,6,0.24135089,NK
AAGGATGTCAAATCGC-14-s4d8,GARQ,D11,0,40,38,22,0.059983373,B1 B
TTGCAATCAACTAGCC-14-s4d8,GARQ,D11,0,40,38,5,0.09064746,CD8+ T
TATGTGATCTGTAATG-14-s4d8,GARQ,D11,0,40,38,5,0.05971372,CD8+ T
TTCAGCACAGGACCTT-14-s4d8,GARQ,D11,0,40,38,24,0.0297423,CD8+ T
TGTGGCTCAAACGCGA-14-s4d8,GARQ,D11,0,40,38,15,0.87339276,Proerythroblast
CTAAATGTCAATTACG-14-s4d8,GARQ,D11,0,40,38,5,0.08837134,CD8+ T
AATTGCTCACACCAAC-14-s4d8,GARQ,D11,0,40,38,24,0.092294574,CD8+ T
TTAGTCAAGGCGCTAC-14-s4d8,GARQ,D11,0,40,38,4,0.6728095,CD14+ Mono
GGTTATGGTCAAGTAT-14-s4d8,GARQ,D11,0,40,38,3,0.062968135,CD4+ T activated
CCTCCTCTCAACAAGG-14-s4d8,GARQ,D11,0,40,38,6,0.008013248,CD4+ T naive
GTTAACCAGACTATTG-14-s4d8,GARQ,D11,0,40,38,6,0.05343467,CD8+ T
AGACCCGGTGTTAGCA-14-s4d8,GARQ,D11,0,40,38,22,0.03939712,cDC2
GTCTATGCATAATCAC-14-s4d8,GARQ,D11,0,40,38,22,0.05790788,pDC
GTGTAACTCAGCAAAG-14-s4d8,GARQ,D11,0,40,38,6,0.11997819,CD8+ T
TAGCGGACATTAGGTT-14-s4d8,GARQ,D11,0,40,38,3,0.044611573,CD8+ T
TCCACAACAGAAATGC-14-s4d8,GARQ,D11,0,40,38,4,0.1904946,cDC2
CTGACCAAGAACCTGT-14-s4d8,GARQ,D11,0,40,38,6,0.24542475,CD8+ T
TTGCATTTCCTGGTGA-14-s4d8,GARQ,D11,0,40,38,22,0.07809073,Lymph prog
CGATTCCTCATTGACA-14-s4d8,GARQ,D11,0,40,38,11,0.034147143,B1 B
AGTAATGCACAGAAAC-14-s4d8,GARQ,D11,0,40,38,19,0.10576898,NK
TACCAAATCTTGATGA-14-s4d8,GARQ,D11,0,40,38,15,0.5757252,Proerythroblast
TAGGCTAGTTACATCC-14-s4d8,GARQ,D11,0,40,38,15,0.7147412,Normoblast
ATTAGCTCACATGCTA-14-s4d8,GARQ,D11,0,40,38,4,0.24926698,CD16+ Mono
TGGTGCATCAAGCTTA-14-s4d8,GARQ,D11,0,40,38,6,0.007829189,CD8+ T
GCCTGACAGTCGCTAG-14-s4d8,GARQ,D11,0,40,38,5,0.06586945,CD8+ T
ACCGGTTCATCTAGCA-14-s4d8,GARQ,D11,0,40,38,6,0.048749566,CD8+ T
TGTATCGCATGATTGT-14-s4d8,GARQ,D11,0,40,38,18,0.0873971,Naive CD20+ B
CATTCCTCAGTCTAGC-14-s4d8,GARQ,D11,0,40,38,6,0.12539673,CD4+ T activated
CGCCTGTGTTTGTCTA-14-s4d8,GARQ,D11,0,40,38,6,0.031149983,CD8+ T
ATAGATGCATTGACAT-14-s4d8,GARQ,D11,0,40,38,5,0.16679692,CD8+ T
ACACTAGGTTAACGAT-14-s4d8,GARQ,D11,0,40,38,11,0.08342421,Transitional B
TTGGGCCAGTTTGAGC-14-s4d8,GARQ,D11,0,40,38,6,0.14000285,CD4+ T activated
TAGGAACCAATTATGC-14-s4d8,GARQ,D11,0,40,38,6,0.049824,CD8+ T
TTATGACCATTGTCCT-14-s4d8,GARQ,D11,0,40,38,11,0.047346592,B1 B
GATTGGTTCAATGAGG-14-s4d8,GARQ,D11,0,40,38,4,0.5930588,CD14+ Mono
TAGGCTTAGGAAACTG-14-s4d8,GARQ,D11,0,40,38,5,0.19572306,CD8+ T
TGCCATTGTCATGCAA-14-s4d8,GARQ,D11,0,40,38,5,0.55238867,CD8+ T
CCTCAGTTCCTAATAG-14-s4d8,GARQ,D11,0,40,38,39,0.016099572,CD8+ T
TCCCTCACAGTCTAGC-14-s4d8,GARQ,D11,0,40,38,16,0.110248804,HSC
AAGTTACGTCATGAGC-14-s4d8,GARQ,D11,0,40,38,11,0.022187233,Lymph prog
TATGTGATCCCTCAAC-14-s4d8,GARQ,D11,0,40,38,5,0.1556325,CD8+ T
GAGCTTGTCAGGATGA-14-s4d8,GARQ,D11,0,40,38,11,0.11198938,Transitional B
TCTGTGACAGAATGAC-14-s4d8,GARQ,D11,0,40,38,15,0.89967054,Normoblast
CCCAAACCATTGTGTG-14-s4d8,GARQ,D11,0,40,38,18,0.06439805,Naive CD20+ B
CGGACAACAGTTATGT-14-s4d8,GARQ,D11,0,40,38,8,0.04295516,CD8+ T
GGGTTTCCAGGCCATT-14-s4d8,GARQ,D11,0,40,38,11,0.06953728,Naive CD20+ B
TGATCACAGGTCCTGA-14-s4d8,GARQ,D11,0,40,38,6,0.2393508,CD8+ T
TGATTAGTCTCGCCTG-14-s4d8,GARQ,D11,0,40,38,6,0.22237206,CD8+ T
TAGTGTGGTAATTAGC-14-s4d8,GARQ,D11,0,40,38,11,0.034855664,Naive CD20+ B
GAAGCTAAGTGGACAA-14-s4d8,GARQ,D11,0,40,38,4,0.5077503,CD14+ Mono
ACCCGGTAGTGTGATC-14-s4d8,GARQ,D11,0,40,38,5,0.039725542,CD8+ T
CTAGCTTGTTGCGGAT-14-s4d8,GARQ,D11,0,40,38,18,0.03920269,Transitional B
CTAACCACACTGACTA-14-s4d8,GARQ,D11,0,40,38,5,0.07823849,CD8+ T
AAACCGCGTTTCGCCA-14-s4d8,GARQ,D11,0,40,38,15,0.8569517,Proerythroblast
CTAGCTTGTAGTTGGC-14-s4d8,GARQ,D11,0,40,38,8,0.028783381,CD4+ T activated
CGTTTCTCAGCAACCT-14-s4d8,GARQ,D11,0,40,38,4,0.9237728,CD14+ Mono
GCTAGCCAGAAGGTGC-14-s4d8,GARQ,D11,0,40,38,4,0.093361855,Lymph prog
ATGTTCAAGGTCTTGG-14-s4d8,GARQ,D11,0,40,38,3,0.050845623,CD8+ T
GGCTGGTTCCAATTAG-14-s4d8,GARQ,D11,0,40,38,15,1.1605134,Erythroblast
TCCAGCAAGGTCCAAT-14-s4d8,GARQ,D11,0,40,38,13,0.0039559603,CD8+ T
ACCCGGTAGGCCGGAA-14-s4d8,GARQ,D11,0,40,38,5,0.12561882,CD8+ T
CTAGCTTGTCTTACTA-14-s4d8,GARQ,D11,0,40,38,5,0.12551111,CD8+ T
CGTTAACAGTGAGCAA-14-s4d8,GARQ,D11,0,40,38,15,1.1797374,Proerythroblast
TAGCATATCCTACCTA-14-s4d8,GARQ,D11,0,40,38,5,0.062029123,CD8+ T
GATTACTCATAAGCAA-14-s4d8,GARQ,D11,0,40,38,4,0.20156479,cDC2
GTAGGTGCAATTGACT-14-s4d8,GARQ,D11,0,40,38,31,0.026353657,CD8+ T
TCGATTAAGGCATGTT-14-s4d8,GARQ,D11,0,40,38,15,0.41866893,Proerythroblast
TAATGGTGTTGGATAT-14-s4d8,GARQ,D11,0,40,38,9,0.060017347,Naive CD20+ B
TTGTTGCGTTATCGAG-14-s4d8,GARQ,D11,0,40,38,22,0.04239142,Naive CD20+ B
TCCATAAAGTAACGGA-14-s4d8,GARQ,D11,0,40,38,11,0.10202646,Plasma cell
GCGATTAGTGTTGTAG-14-s4d8,GARQ,D11,0,40,38,6,0.21099639,CD8+ T
GTGGACACATGCTCCC-14-s4d8,GARQ,D11,0,40,38,20,0.014571607,CD4+ T naive
GTATTGATCGCTAGCA-14-s4d8,GARQ,D11,0,40,38,33,0.013677835,CD8+ T
ACTTGTCGTCGCAATA-14-s4d8,GARQ,D11,0,40,38,4,0.41859102,G/M prog
GAGGGAGCATAGCGAG-14-s4d8,GARQ,D11,0,40,38,9,0.005265951,Naive CD20+ B
TCGTTAGCAATAATCC-14-s4d8,GARQ,D11,0,40,38,15,0.72266763,Proerythroblast
AATCCATCAGTCTAGC-14-s4d8,GARQ,D11,0,40,38,5,0.29823875,CD8+ T
AAGCATGAGCGCTAAT-14-s4d8,GARQ,D11,0,40,38,10,0.05207324,CD8+ T
GAGCGATAGGCCCAGT-14-s4d8,GARQ,D11,0,40,38,3,0.051184177,CD8+ T
ATATGTCCAACTCGCG-14-s4d8,GARQ,D11,0,40,38,6,0.047086954,CD4+ T naive
GCCTAATAGGACACTT-14-s4d8,GARQ,D11,0,40,38,11,0.086284995,Naive CD20+ B
GAAGCTAAGATTGAGG-14-s4d8,GARQ,D11,0,40,38,6,0.2031933,CD8+ T
TTGGAGGCAATATAGG-14-s4d8,GARQ,D11,0,40,38,11,0.07398653,B1 B
AAATGCCTCTCCATAT-14-s4d8,GARQ,D11,0,40,38,5,0.50230145,CD8+ T
TTCACTGTCTCCTCTT-14-s4d8,GARQ,D11,0,40,38,5,0.04724431,CD8+ T
ATTTGTGAGTTTCCGC-14-s4d8,GARQ,D11,0,40,38,18,0.025804639,Naive CD20+ B
TTATGACCAGTAGCCT-14-s4d8,GARQ,D11,0,40,38,3,0.14228177,NK
CTTAAGATCGCTAGAT-14-s4d8,GARQ,D11,0,40,38,13,0.04725504,CD8+ T
GTTGGCCAGGCCAATT-14-s4d8,GARQ,D11,0,40,38,9,0.14833713,Naive CD20+ B
GCAAGTGCAGTTTGGC-14-s4d8,GARQ,D11,0,40,38,4,0.7624882,CD14+ Mono
AGTAGGATCTAGCGTG-14-s4d8,GARQ,D11,0,40,38,15,1.2756011,Erythroblast
GAGTAATAGGCCTTAG-14-s4d8,GARQ,D11,0,40,38,4,0.5064409,CD16+ Mono
ATTGGCTAGCTGTAAC-14-s4d8,GARQ,D11,0,40,38,6,0.07670689,CD8+ T
AAGCATGAGATTCCTT-14-s4d8,GARQ,D11,0,40,38,4,0.21649826,cDC2
CGCCTCATCAAGACTC-14-s4d8,GARQ,D11,0,40,38,22,0.11180711,Transitional B
TATAGCTCAGATTCAT-14-s4d8,GARQ,D11,0,40,38,5,0.061115384,NK
TTCATTCAGCACGTTG-14-s4d8,GARQ,D11,0,40,38,15,1.2685658,Proerythroblast
TTCTTAGGTTTCAGGA-14-s4d8,GARQ,D11,0,40,38,6,0.08631623,CD8+ T
CATTGTGCACAAAGAC-14-s4d8,GARQ,D11,0,40,38,9,0.017457724,Transitional B
GTAAAGCCAAGGATTA-14-s4d8,GARQ,D11,0,40,38,5,0.1549769,CD4+ T activated
CGTGTGTCAGCCAGAA-14-s4d8,GARQ,D11,0,40,38,15,0.64379406,Proerythroblast
TAAAGCCTCCTCACAC-14-s4d8,GARQ,D11,0,40,38,6,0.08908689,CD8+ T
CATCATAAGCCGCTAA-14-s4d8,GARQ,D11,0,40,38,18,0.08718592,Naive CD20+ B
CAGCCTTTCATGCTTT-14-s4d8,GARQ,D11,0,40,38,9,0.0076494217,Naive CD20+ B
ATATAGGCAACACCTA-14-s4d8,GARQ,D11,0,40,38,18,0.10159445,Plasma cell
TAAGTAGCACAGCCTG-14-s4d8,GARQ,D11,0,40,38,18,0.040917695,B1 B
CAAACTGGTAAGGTTT-14-s4d8,GARQ,D11,0,40,38,6,0.08523393,CD8+ T
CTGGTTACAAACAACA-14-s4d8,GARQ,D11,0,40,38,2,0.040408492,CD8+ T
ACCCAGGGTGTAATAC-14-s4d8,GARQ,D11,0,40,38,5,0.07718265,CD8+ T
GGAACTAAGATGGACA-14-s4d8,GARQ,D11,0,40,38,6,0.10945749,CD4+ T activated
TGCCTGTTCCCTCATA-14-s4d8,GARQ,D11,0,40,38,11,0.012586176,Naive CD20+ B
TGCTTTAGTGATTTGG-14-s4d8,GARQ,D11,0,40,38,11,0.025921762,cDC2
CCGGTTAAGTAACAGG-14-s4d8,GARQ,D11,0,40,38,11,0.18295896,Naive CD20+ B
ACAGGAATCACAAGCT-14-s4d8,GARQ,D11,0,40,38,6,0.019413233,CD8+ T
TCTGTGACACGTAATT-14-s4d8,GARQ,D11,0,40,38,6,0.06847763,CD8+ T
ACAGGCTGTTCCAGGG-14-s4d8,GARQ,D11,0,40,38,5,0.15846825,CD8+ T
GGGTTTCCAATTAGGA-14-s4d8,GARQ,D11,0,40,38,6,0.06098461,CD8+ T
CTTTCTTGTAATCGTG-14-s4d8,GARQ,D11,0,40,38,6,0.090774536,CD8+ T
GTAAGCTTCTAAGTCA-14-s4d8,GARQ,D11,0,40,38,9,0.111205816,Naive CD20+ B
TCCTCAATCGTTACTT-14-s4d8,GARQ,D11,0,40,38,5,0.008166194,CD8+ T
TTATCCGTCGAAGTGA-14-s4d8,GARQ,D11,0,40,38,4,0.37889725,CD14+ Mono
AGCAGGTAGGGATGAC-14-s4d8,GARQ,D11,0,40,38,14,0.019248545,HSC
CTCATCATCGGGACCT-14-s4d8,GARQ,D11,0,40,38,6,0.06776726,CD8+ T
CCTTCGTAGCGAAGTA-14-s4d8,GARQ,D11,0,40,38,5,0.028976321,CD8+ T
TGAGGTGCATAAAGCA-14-s4d8,GARQ,D11,0,40,38,6,0.1618886,CD4+ T activated
GGCCTCTGTTGTGATG-14-s4d8,GARQ,D11,0,40,38,9,0.023142815,Naive CD20+ B
GGTTATATCATTTGTC-14-s4d8,GARQ,D11,0,40,38,31,0.022011518,CD4+ T activated
TTTGTGAAGCTGAGGG-14-s4d8,GARQ,D11,0,40,38,15,0.6222096,Proerythroblast
CGCCTCATCAGCCAAT-14-s4d8,GARQ,D11,0,40,38,38,0.01094532,CD4+ T activated
CAGCTATAGAGAGGAG-14-s4d8,GARQ,D11,0,40,38,1,0.13509488,CD8+ T
AAGGCCCTCGGTACGC-14-s4d8,GARQ,D11,0,40,38,11,0.08679438,Transitional B
CGCTTAACAGGCGAGT-14-s4d8,GARQ,D11,0,40,38,5,0.06544793,CD8+ T
GCGAGTGAGTTGTCTT-14-s4d8,GARQ,D11,0,40,38,15,0.74813074,Erythroblast
TTGCACACAAAGCTCC-14-s4d8,GARQ,D11,0,40,38,4,0.9095532,CD14+ Mono
ATGTTTGAGACAAACG-14-s4d8,GARQ,D11,0,40,38,13,0.05685252,CD8+ T
TTCCTTGAGTAACCCG-14-s4d8,GARQ,D11,0,40,38,18,0.09500188,Transitional B
TGCAATATCGCTCACT-14-s4d8,GARQ,D11,0,40,38,6,0.16806924,CD8+ T
CGCTTCTAGGGACCTC-14-s4d8,GARQ,D11,0,40,38,22,0.046498537,Lymph prog
GGCGGTAAGACTCGCA-14-s4d8,GARQ,D11,0,40,38,5,0.030239105,NK
CCTTAACGTGCTAGAC-14-s4d8,GARQ,D11,0,40,38,15,1.2516627,Erythroblast
TTAGGCCCACCTCGCT-14-s4d8,GARQ,D11,0,40,38,3,0.06469989,CD4+ T activated
ACCCAACCATAATCCG-14-s4d8,GARQ,D11,0,40,38,38,0.023072004,CD8+ T
ACCAATATCAATGTGC-14-s4d8,GARQ,D11,0,40,38,5,0.05383265,CD4+ T activated
TAAGCCTAGCGCCTTT-14-s4d8,GARQ,D11,0,40,38,4,0.0668121,Lymph prog
CATCATGCACTGGCTG-14-s4d8,GARQ,D11,0,40,38,22,0.049475074,Transitional B
TGTTACTTCATAGACC-14-s4d8,GARQ,D11,0,40,38,6,0.10162926,CD4+ T activated
GGTCAAGCACTATGGC-14-s4d8,GARQ,D11,0,40,38,15,0.9831524,Proerythroblast
TCCTGTTCATAAGGAC-14-s4d8,GARQ,D11,0,40,38,17,0.008855343,CD8+ T
TATGGCCCAGGTTCAC-14-s4d8,GARQ,D11,0,40,38,4,0.49965602,CD14+ Mono
GTGCAAGCATCAGTAT-14-s4d8,GARQ,D11,0,40,38,6,0.042421043,CD8+ T
GCCTACTTCGGTAACT-14-s4d8,GARQ,D11,0,40,38,11,0.19352531,Naive CD20+ B
ACTAACCAGCACCACA-14-s4d8,GARQ,D11,0,40,38,6,0.19051003,CD8+ T
CCAGCTGCACAAAGAC-14-s4d8,GARQ,D11,0,40,38,35,0.041009665,CD8+ T
TCCCTCACAATAATGG-14-s4d8,GARQ,D11,0,40,38,11,0.069021225,Naive CD20+ B
ATGTGAGAGGTTACGT-14-s4d8,GARQ,D11,0,40,38,22,0.04360771,Transitional B
CACCAACCACATACTG-14-s4d8,GARQ,D11,0,40,38,29,0.0053766966,CD8+ T
TGGTCCTTCTAGCTTT-14-s4d8,GARQ,D11,0,40,38,3,0.06292927,CD4+ T activated
CGTTGCAAGCCGCTAA-14-s4d8,GARQ,D11,0,40,38,15,1.1504064,Erythroblast
GACTAATGTGGATGTC-14-s4d8,GARQ,D11,0,40,38,5,0.056055546,CD8+ T
CACTTAAAGTCGCTAG-14-s4d8,GARQ,D11,0,40,38,9,0.017585874,B1 B
ATGTTTGAGTATTGCA-14-s4d8,GARQ,D11,0,40,38,31,0.1834659,CD4+ T naive
TTACACCGTCCTAGTT-14-s4d8,GARQ,D11,0,40,38,6,0.01510936,NK
ATGACCAGTAGGATTT-14-s4d8,GARQ,D11,0,40,38,15,0.75967443,Erythroblast
ACCCTCCCAACTAGGG-14-s4d8,GARQ,D11,0,40,38,9,0.054098427,Naive CD20+ B
GGTCAAGCAAAGCTCC-14-s4d8,GARQ,D11,0,40,38,15,0.46093893,MK/E prog
CTAATGTCATAATCAC-14-s4d8,GARQ,D11,0,40,38,4,0.2851724,CD14+ Mono
CTCATTGTCTTGCAAA-14-s4d8,GARQ,D11,0,40,38,22,0.06330979,Naive CD20+ B
TAGCTTAAGGAACCGG-14-s4d8,GARQ,D11,0,40,38,15,0.83180726,Erythroblast
TCAACAATCATGTGGT-14-s4d8,GARQ,D11,0,40,38,22,0.06359649,Naive CD20+ B
GAACCAGCAGCACGAA-14-s4d8,GARQ,D11,0,40,38,11,0.062398076,Naive CD20+ B
GTCCTAGAGGCGTAAA-14-s4d8,GARQ,D11,0,40,38,13,0.074229956,CD8+ T
TCATGTTTCTGCAAGT-14-s4d8,GARQ,D11,0,40,38,22,0.096295714,Naive CD20+ B
AGCATCCCACATTAAC-14-s4d8,GARQ,D11,0,40,38,6,0.2554778,CD8+ T
GGACATAAGAATCTCA-14-s4d8,GARQ,D11,0,40,38,38,0.10057163,CD4+ T activated
GAACCGCTCTTAGGGT-14-s4d8,GARQ,D11,0,40,38,3,0.109309554,NK
GGTTCTTGTTAGGTGC-14-s4d8,GARQ,D11,0,40,38,6,0.16680884,CD8+ T
TGCAATATCCATTACT-14-s4d8,GARQ,D11,0,40,38,15,0.5774282,Proerythroblast
CGATGTCCATGTGGGA-14-s4d8,GARQ,D11,0,40,38,4,0.9886068,CD14+ Mono
TGTTAGCAGACCATAC-14-s4d8,GARQ,D11,0,40,38,15,0.10653663,Proerythroblast
AAGACCAAGGACAACA-14-s4d8,GARQ,D11,0,40,38,4,0.5279185,CD14+ Mono
TGATTGCAGTGCTGTG-14-s4d8,GARQ,D11,0,40,38,18,0.05959356,B1 B
TTAGGCCCAGCACGTT-14-s4d8,GARQ,D11,0,40,38,6,0.15063393,CD4+ T naive
TACTTCGTCCTCATGC-14-s4d8,GARQ,D11,0,40,38,13,0.011583447,CD8+ T
ACGCCTAAGCTTACTT-14-s4d8,GARQ,D11,0,40,38,6,0.2237013,CD4+ T activated
TTTAACGAGCTCAAAC-14-s4d8,GARQ,D11,0,40,38,18,0.11419332,CD4+ T activated
AGCTACTAGATTCCTT-14-s4d8,GARQ,D11,0,40,38,22,0.03828585,Lymph prog
GAGTATCTCACACAGT-14-s4d8,GARQ,D11,0,40,38,9,0.057074785,B1 B
CTAAGTCAGGTCCTGA-14-s4d8,GARQ,D11,0,40,38,15,0.9661772,Normoblast
GGACCGAAGGAACACA-14-s4d8,GARQ,D11,0,40,38,31,0.04980755,CD4+ T naive
GGCTAGACATCAGCAC-14-s4d8,GARQ,D11,0,40,38,22,0.020256639,Lymph prog
TGGATTGGTAGGTTTG-14-s4d8,GARQ,D11,0,40,38,5,0.23592496,CD8+ T
CTCAGGATCCCTGGAA-14-s4d8,GARQ,D11,0,40,38,15,0.74562424,Erythroblast
CTCATGACACCAACCG-14-s4d8,GARQ,D11,0,40,38,22,0.10819507,Naive CD20+ B
CAGCATTAGTGAACGA-14-s4d8,GARQ,D11,0,40,38,18,0.14925897,Naive CD20+ B
ATCACAATCCCGTTTA-14-s4d8,GARQ,D11,0,40,38,26,0.012580872,CD4+ T activated
TATTCGTTCTACCTGC-14-s4d8,GARQ,D11,0,40,38,5,0.071647406,NK
TTCGCAACAGGCTTCG-14-s4d8,GARQ,D11,0,40,38,6,0.0796392,CD8+ T
CGCACAATCATGTCAA-14-s4d8,GARQ,D11,0,40,38,6,0.0010043383,CD8+ T
AACAGGATCCTCATGC-14-s4d8,GARQ,D11,0,40,38,22,0.11122763,Transitional B
AAGACATAGGATGATG-14-s4d8,GARQ,D11,0,40,38,14,0.06610918,Transitional B
GTCATGAGTGGTTAGC-14-s4d8,GARQ,D11,0,40,38,3,0.04932332,CD8+ T
GACTAATGTCAGTAAT-14-s4d8,GARQ,D11,0,40,38,9,0.033358335,B1 B
GCCTGTGCACAGCCTG-14-s4d8,GARQ,D11,0,40,38,13,0.025944233,CD8+ T
ATTCAACCAAACTGTT-14-s4d8,GARQ,D11,0,40,38,22,0.12664652,B1 B
TTGTTGTTCCTGAATA-14-s4d8,GARQ,D11,0,40,38,22,0.06550741,Transitional B
GGGTTACGTGCAATGC-14-s4d8,GARQ,D11,0,40,38,11,0.003959179,B1 B
ACGGGAAGTTTCCTCC-14-s4d8,GARQ,D11,0,40,38,9,0.011665821,Naive CD20+ B
CAGTACCCACTTACAG-14-s4d8,GARQ,D11,0,40,38,38,0.0005452633,CD4+ T activated
GCTAGTGTCACAGACT-14-s4d8,GARQ,D11,0,40,38,6,0.009418726,CD8+ T
TGGCCATCACATAGCC-14-s4d8,GARQ,D11,0,40,38,3,0.011778653,CD4+ T activated
CTAGTCGAGGGCCATC-14-s4d8,GARQ,D11,0,40,38,15,0.8236977,Normoblast
GGCTATTAGTAAGAAC-14-s4d8,GARQ,D11,0,40,38,18,0.073825,B1 B
CAATATGTCACAAGCT-14-s4d8,GARQ,D11,0,40,38,12,0.034724057,NK
CCTCAGTTCGATTTGA-14-s4d8,GARQ,D11,0,40,38,6,0.2019059,CD4+ T naive
TGCGGTTCACAGGATG-14-s4d8,GARQ,D11,0,40,38,22,0.067548275,Transitional B
GAGGTTAAGTTATCTC-14-s4d8,GARQ,D11,0,40,38,5,0.112957716,CD8+ T
ACGCCTTTCTTAAGTG-14-s4d8,GARQ,D11,0,40,38,13,0.0134417415,CD8+ T
CTCCGGACACTTCATC-14-s4d8,GARQ,D11,0,40,38,9,0.0016784668,Naive CD20+ B
CTTAATGAGGATTTGC-14-s4d8,GARQ,D11,0,40,38,6,0.12031591,NK
GCTGCAATCAGGAAGC-14-s4d8,GARQ,D11,0,40,38,15,2.2411013,Erythroblast
TCTAAGGGTAGCTAGC-14-s4d8,GARQ,D11,0,40,38,6,0.03634906,CD8+ T
CAAGTTATCCAGGGAG-14-s4d8,GARQ,D11,0,40,38,4,0.06324363,HSC
CATAGGCGTTCCGGGA-14-s4d8,GARQ,D11,0,40,38,5,0.22835076,CD8+ T
ATGCATTCACTAAGAA-14-s4d8,GARQ,D11,0,40,38,11,0.10866594,Naive CD20+ B
GTAAGCAAGTTACTTC-14-s4d8,GARQ,D11,0,40,38,22,0.2705058,Lymph prog
AGTTTGATCTCAATAG-14-s4d8,GARQ,D11,0,40,38,3,0.049716055,NK
GCCAATAGTATTGGTG-14-s4d8,GARQ,D11,0,40,38,15,0.31958747,Normoblast
TTTCCGGGTGATTACG-14-s4d8,GARQ,D11,0,40,38,13,0.058306932,CD8+ T
TTTGTGGCATTCCTGT-14-s4d8,GARQ,D11,0,40,38,38,0.028150678,CD4+ T activated
GTCAGGCTCTTAGTGA-14-s4d8,GARQ,D11,0,40,38,6,0.1468907,CD8+ T
TTTCCGGGTGCATTAG-14-s4d8,GARQ,D11,0,40,38,4,0.47614288,CD14+ Mono
GCTATTGCAATATGGA-14-s4d8,GARQ,D11,0,40,38,17,0.018794596,CD4+ T activated
GTAGTTATCAATGACC-14-s4d8,GARQ,D11,0,40,38,9,0.08003521,Transitional B
TAGCATATCGTTATAG-14-s4d8,GARQ,D11,0,40,38,38,0.024405539,CD8+ T
GCTATCCTCCGGGACT-14-s4d8,GARQ,D11,0,40,38,22,0.047204435,Transitional B
CAAGGGAGTAACGAGG-14-s4d8,GARQ,D11,0,40,38,4,0.57988,CD14+ Mono
CTAATGTCACCTAAGC-14-s4d8,GARQ,D11,0,40,38,6,0.073364496,CD8+ T
ACGAATCTCCCTGATC-14-s4d8,GARQ,D11,0,40,38,6,0.08497226,CD8+ T
GGTAAACCAGCCAGAA-14-s4d8,GARQ,D11,0,40,38,6,0.09295213,CD8+ T
CTCTGTTCATCCTAGA-14-s4d8,GARQ,D11,0,40,38,3,0.033240795,CD4+ T naive
CATTGTGCAAGGTACG-14-s4d8,GARQ,D11,0,40,38,3,0.0044510365,CD8+ T
TTTGTCCCAGTCTATG-14-s4d8,GARQ,D11,0,40,38,15,0.1012122,Proerythroblast
CATGCGGGTGAGGTGA-14-s4d8,GARQ,D11,0,40,38,6,0.034348488,CD8+ T
GGGCCTAGTACAATGT-14-s4d8,GARQ,D11,0,40,38,3,0.07068002,CD8+ T
AATTGCTCATTAGGTT-14-s4d8,GARQ,D11,0,40,38,6,0.15711927,CD8+ T
AAGTTACGTGCTGTAA-14-s4d8,GARQ,D11,0,40,38,5,0.008701503,CD8+ T
GTGGCTTCAGCACCAT-14-s4d8,GARQ,D11,0,40,38,3,0.006371498,CD8+ T
CGTAGTTAGTAATCCA-14-s4d8,GARQ,D11,0,40,38,19,0.0015875697,NK
GAGCTAGCATTGTTGG-14-s4d8,GARQ,D11,0,40,38,6,0.121080875,CD8+ T
AAGGTGCAGGATGATG-14-s4d8,GARQ,D11,0,40,38,13,0.010860205,CD8+ T
GTAGGCGAGCATGCAT-14-s4d8,GARQ,D11,0,40,38,11,0.07565379,Transitional B
CGCATGATCCGGAACC-14-s4d8,GARQ,D11,0,40,38,5,0.0030791163,CD8+ T
CCGCTAGCACTTCATC-14-s4d8,GARQ,D11,0,40,38,6,0.044819236,NK
GTTGGCGGTTCACCAT-14-s4d8,GARQ,D11,0,40,38,22,0.12684414,Lymph prog
GTCCAGGGTATTGGTG-14-s4d8,GARQ,D11,0,40,38,6,0.036942005,CD8+ T
AGCGATTTCACAAGCT-14-s4d8,GARQ,D11,0,40,38,6,0.061235428,CD8+ T
ATGACGAAGAGCCGGA-14-s4d8,GARQ,D11,0,40,38,4,0.13304186,cDC2
GCTAGCTCATTGTGTG-14-s4d8,GARQ,D11,0,40,38,3,0.01791811,CD8+ T
TCTAGCACATCCTAGA-14-s4d8,GARQ,D11,0,40,38,6,0.04370582,CD8+ T
CCTAGTTGTTCCATTA-14-s4d8,GARQ,D11,0,40,38,6,0.082625866,NK
GCCCGTTGTATGGTGC-14-s4d8,GARQ,D11,0,40,38,3,0.04177183,CD8+ T
ATCCTTAGTTGTCCAT-14-s4d8,GARQ,D11,0,40,38,4,0.10781896,G/M prog
TGCACCTTCCTAAGGT-14-s4d8,GARQ,D11,0,40,38,6,0.19189274,CD8+ T
TGATTCAAGCCTGATG-14-s4d8,GARQ,D11,0,40,38,16,0.09145129,Naive CD20+ B
CGCAATTAGGGTTATC-14-s4d8,GARQ,D11,0,40,38,13,0.0023946762,NK
GTGCTCCGTAGGATTT-14-s4d8,GARQ,D11,0,40,38,4,1.2036061,CD14+ Mono
GCTTTCATCTTAGCGG-14-s4d8,GARQ,D11,0,40,38,6,0.20830369,CD4+ T activated
TGAAGGATCATTAGTG-14-s4d8,GARQ,D11,0,40,38,11,0.057040453,Naive CD20+ B
CTACTTAGTCATAAGT-14-s4d8,GARQ,D11,0,40,38,19,0.102103114,NK
CTAGTTGCACCAACCG-14-s4d8,GARQ,D11,0,40,38,5,0.10954368,CD8+ T
GACTAATGTTGGTTAG-14-s4d8,GARQ,D11,0,40,38,3,0.04248613,NK
TTTAGCAAGTCAATTG-14-s4d8,GARQ,D11,0,40,38,9,0.0029149055,Transitional B
CGATTGAGTCACTCGC-14-s4d8,GARQ,D11,0,40,38,15,0.27893168,Erythroblast
TGCTTCCAGGAAGCTA-14-s4d8,GARQ,D11,0,40,38,6,0.22547734,NK
CCAAATCAGTGAAGTG-14-s4d8,GARQ,D11,0,40,38,6,0.29935634,CD8+ T
AGTATAGCAACATAAG-14-s4d8,GARQ,D11,0,40,38,16,0.08825719,Lymph prog
CTCTTGATCGTGCCTT-14-s4d8,GARQ,D11,0,40,38,5,0.13315535,CD8+ T
CCAGGAACATTATGCG-14-s4d8,GARQ,D11,0,40,38,11,0.10668039,Transitional B
GGGAATATCCTAAGAC-14-s4d8,GARQ,D11,0,40,38,6,0.100033045,CD8+ T
ATTAGCTCACTTACAG-14-s4d8,GARQ,D11,0,40,38,3,0.10715473,NK
TCTGTGACACTGACTA-14-s4d8,GARQ,D11,0,40,38,6,0.13697147,CD8+ T
GTTCTCATCCCATAAA-14-s4d8,GARQ,D11,0,40,38,6,0.1952036,NK
GATTCGCCAAATGCCC-14-s4d8,GARQ,D11,0,40,38,16,0.14017433,HSC
GTCTAGCCAAGTAAGC-14-s4d8,GARQ,D11,0,40,38,4,0.16482902,G/M prog
TCCTCTAAGCGCTAAT-14-s4d8,GARQ,D11,0,40,38,3,0.108673036,CD4+ T activated
CCTCCTCTCAGCCAAT-14-s4d8,GARQ,D11,0,40,38,6,0.0728758,CD8+ T
GTTTGTTTCTTTAAGG-14-s4d8,GARQ,D11,0,40,38,32,0.006085336,CD8+ T
CATTGTAAGCTCAATA-14-s4d8,GARQ,D11,0,40,38,5,0.128146,CD8+ T
GAGCAAGGTACTTAGG-14-s4d8,GARQ,D11,0,40,38,6,0.018552184,NK
GCTTAGTAGGACCAGG-14-s4d8,GARQ,D11,0,40,38,35,0.04731971,Naive CD20+ B
AGTTATGTCCTGAATA-14-s4d8,GARQ,D11,0,40,38,6,0.11012864,CD8+ T
GTACACCCAGTTAGCC-14-s4d8,GARQ,D11,0,40,38,3,0.18771935,CD8+ T
GTACCGGGTGTTCCCA-14-s4d8,GARQ,D11,0,40,38,4,0.37304565,CD14+ Mono
GGTTTGTAGAAAGCAT-14-s4d8,GARQ,D11,0,40,38,3,0.06660247,CD8+ T
TCTAAGGGTAATAACC-14-s4d8,GARQ,D11,0,40,38,15,0.71519303,Proerythroblast
GTGCTTACATGTTTGG-14-s4d8,GARQ,D11,0,40,38,3,0.06524193,CD8+ T
TGGCGGTTCCTGATTT-14-s4d8,GARQ,D11,0,40,38,22,0.16437268,Lymph prog
ACTAATCCAAGGTGCA-14-s4d8,GARQ,D11,0,40,38,3,0.01815164,CD8+ T
GAACCAGCACGGTTTA-14-s4d8,GARQ,D11,0,40,38,36,0.038779378,Lymph prog
ACCGAAGCACATGCTA-14-s4d8,GARQ,D11,0,40,38,6,0.045075536,CD8+ T
CCTACTGGTTTGCAGA-14-s4d8,GARQ,D11,0,40,38,15,0.9119059,Erythroblast
GTTAAGCTCTTTAGGA-14-s4d8,GARQ,D11,0,40,38,19,0.049532175,CD4+ T naive
GACAATACACAAAGCG-14-s4d8,GARQ,D11,0,40,38,5,0.2243954,CD4+ T activated
ATGCGATTCTTGTCTG-14-s4d8,GARQ,D11,0,40,38,3,0.006430149,CD8+ T
GGGATTAAGTCACCAG-14-s4d8,GARQ,D11,0,40,38,22,0.01076895,Naive CD20+ B
TGAGGCACATTATCCC-14-s4d8,GARQ,D11,0,40,38,22,0.018934906,Transitional B
GGTCTTGAGCCTTAAA-14-s4d8,GARQ,D11,0,40,38,7,0.104460955,CD8+ T
CCGTTGCGTTATCCGT-14-s4d8,GARQ,D11,0,40,38,6,0.037261307,CD8+ T
GTCAGGCTCTAATCAG-14-s4d8,GARQ,D11,0,40,38,5,0.09031904,CD8+ T
CGTTATCGTAAGGTTT-14-s4d8,GARQ,D11,0,40,38,4,0.3581879,G/M prog
CGAGCTGGTAGGTTTG-14-s4d8,GARQ,D11,0,40,38,2,0.060196042,CD8+ T
CAGGACACATATTGAC-14-s4d8,GARQ,D11,0,40,38,11,0.075650215,Naive CD20+ B
CATAATGTCCACCCTG-14-s4d8,GARQ,D11,0,40,38,15,0.665501,Proerythroblast
GCAAGCCTCTCACTCA-14-s4d8,GARQ,D11,0,40,38,33,0.008315682,NK
CCGATGCAGCCAAATC-14-s4d8,GARQ,D11,0,40,38,4,0.34348994,CD14+ Mono
AATCCATCATGTCAGC-14-s4d8,GARQ,D11,0,40,38,9,0.13912624,Transitional B
TTTGTCTAGGAGCAAC-14-s4d8,GARQ,D11,0,40,38,6,0.0775969,CD8+ T
CTGTTAAAGGCGTAAA-14-s4d8,GARQ,D11,0,40,38,13,0.02251786,CD8+ T
ACGCAAGCATGAATCT-14-s4d8,GARQ,D11,0,40,38,4,0.21482587,cDC2
CATGCATAGCAAGGTA-14-s4d8,GARQ,D11,0,40,38,5,0.04497266,CD4+ T activated
TATCGCGAGGACACTT-14-s4d8,GARQ,D11,0,40,38,5,0.3311305,CD8+ T
TCTCGCCCATCGCTTT-14-s4d8,GARQ,D11,0,40,38,15,0.7429433,Proerythroblast
ATTACTGAGCACAGGG-14-s4d8,GARQ,D11,0,40,38,3,0.096067905,CD4+ T activated
CATTCCTCACAACCTA-14-s4d8,GARQ,D11,0,40,38,22,0.06785476,Lymph prog
ACTAATCCACGAATCC-14-s4d8,GARQ,D11,0,40,38,15,1.4300771,Erythroblast
CCTAATAAGGGACCTC-14-s4d8,GARQ,D11,0,40,38,5,0.22782779,CD8+ T
TGCAATATCGATTTAG-14-s4d8,GARQ,D11,0,40,38,5,0.13268268,CD8+ T
ACTAACCAGTTCCTGC-14-s4d8,GARQ,D11,0,40,38,14,0.008819342,Transitional B
TGGGCATGTAGTAAGA-14-s4d8,GARQ,D11,0,40,38,3,0.012509108,CD8+ T
GTGCTGGGTACGGTAC-14-s4d8,GARQ,D11,0,40,38,15,0.4953753,Erythroblast
CTCCTGAGTCCCGGAA-14-s4d8,GARQ,D11,0,40,38,18,0.08092439,Transitional B
GCAATAGAGAAACTGG-14-s4d8,GARQ,D11,0,40,38,6,0.117366135,CD4+ T naive
CTAATTGAGTCATGCG-14-s4d8,GARQ,D11,0,40,38,6,0.1433878,CD8+ T
GTAGTTATCCGGTTGA-14-s4d8,GARQ,D11,0,40,38,5,0.05287361,CD8+ T
CTACCTCAGATTCCTT-14-s4d8,GARQ,D11,0,40,38,35,0.011547744,CD8+ T
CAAGGCCTCTTGTCTG-14-s4d8,GARQ,D11,0,40,38,18,0.1161176,Naive CD20+ B
TTGCAAGGTATTCGCT-14-s4d8,GARQ,D11,0,40,38,6,0.049368262,CD8+ T
ATGTGAGAGTATTGCA-14-s4d8,GARQ,D11,0,40,38,4,0.21748763,cDC2
TCGCATTGTTCCTGAT-14-s4d8,GARQ,D11,0,40,38,11,0.008187175,CD14+ Mono
CTTTATGGTGTTGCTT-14-s4d8,GARQ,D11,0,40,38,21,0.0024683475,CD8+ T
GCTTTGTGTCTAACCT-14-s4d8,GARQ,D11,0,40,38,6,0.022741914,CD8+ T
CCGCACACATCAATCG-14-s4d8,GARQ,D11,0,40,38,15,0.9766581,Proerythroblast
GAGCCTTCATCGTTCT-14-s4d8,GARQ,D11,0,40,38,11,0.00616163,Transitional B
ACGGGAAGTAAAGCAA-14-s4d8,GARQ,D11,0,40,38,4,0.75997925,CD14+ Mono
AGCCTCCGTAGTAAGA-14-s4d8,GARQ,D11,0,40,38,6,0.23283732,CD8+ T
TCAGCCTTCTTAATGG-14-s4d8,GARQ,D11,0,40,38,16,0.0072776675,Lymph prog
AGCACTTAGTAAAGGT-14-s4d8,GARQ,D11,0,40,38,6,0.1285513,CD8+ T
TAGAGCCGTAGGATTT-14-s4d8,GARQ,D11,0,40,38,38,0.055876255,CD4+ T activated
GGCTTCAAGCACAGGG-14-s4d8,GARQ,D11,0,40,38,22,0.054242373,Naive CD20+ B
AAGCTTGGTTGTTCAC-14-s4d8,GARQ,D11,0,40,38,5,0.13540745,CD8+ T
CATTCCTCAAGCGATG-14-s4d8,GARQ,D11,0,40,38,3,0.04590392,CD8+ T
AAAGCTTGTGGATTCA-14-s4d8,GARQ,D11,0,40,38,6,0.11356217,CD8+ T
CAAGGTTTCTGTAAGC-14-s4d8,GARQ,D11,0,40,38,5,0.02746594,CD8+ T
CTAATAGTCGCGACAC-14-s4d8,GARQ,D11,0,40,38,22,0.12902224,Transitional B
ACCTACCTCATCACTT-14-s4d8,GARQ,D11,0,40,38,15,0.37075073,Proerythroblast
TTTCACCCAACAGCCT-14-s4d8,GARQ,D11,0,40,38,13,0.015834332,CD8+ T
TGGTCCTTCCTGGCTT-14-s4d8,GARQ,D11,0,40,38,38,0.022227407,CD8+ T
GTTCATTTCAATCATG-14-s4d8,GARQ,D11,0,40,38,13,0.01579374,CD8+ T
GCCAACATCATGCTCC-14-s4d8,GARQ,D11,0,40,38,16,0.07987547,MK/E prog
ACACTTAAGGCGGGTA-14-s4d8,GARQ,D11,0,40,38,6,0.056649506,CD4+ T activated
AGTGTTTCATCCATCT-14-s4d8,GARQ,D11,0,40,38,11,0.09426701,B1 B
CTTTCTTGTCATGAGC-14-s4d8,GARQ,D11,0,40,38,22,0.15969712,Lymph prog
AGTCTTGCACCGTTCC-14-s4d8,GARQ,D11,0,40,38,24,0.08031601,CD8+ T
CTTGCGCGTAAGGTCC-14-s4d8,GARQ,D11,0,40,38,22,0.0012915134,Naive CD20+ B
TCTAGCCTCAGCAAAG-14-s4d8,GARQ,D11,0,40,38,6,0.07983506,CD8+ T
ACACCTTGTATGTGGC-14-s4d8,GARQ,D11,0,40,38,3,0.04921782,CD8+ T
AATTAGGCAGAGGCTA-14-s4d8,GARQ,D11,0,40,38,3,0.07513189,CD8+ T
TGTTGTAAGGTGCGGA-14-s4d8,GARQ,D11,0,40,38,18,0.012004495,Naive CD20+ B
TCACCGGCATCAGCAC-14-s4d8,GARQ,D11,0,40,38,11,0.03988266,Naive CD20+ B
CCTGTAACACATTGCA-14-s4d8,GARQ,D11,0,40,38,5,0.25128984,CD8+ T
GAAGGCCCAGTTATCG-14-s4d8,GARQ,D11,0,40,38,6,0.03194487,CD8+ T
TACTTGTTCTCAATGA-14-s4d8,GARQ,D11,0,40,38,32,0.07442182,CD4+ T activated
ATGCAAACAAGGATTA-14-s4d8,GARQ,D11,0,40,38,11,0.08993435,Transitional B
GGCTAGTGTCCGCTGT-14-s4d8,GARQ,D11,0,40,38,6,0.026742458,CD8+ T
GATGGACAGTAACAGG-14-s4d8,GARQ,D11,0,40,38,24,0.08920479,CD8+ T
TATGACATCCGCAACA-14-s4d8,GARQ,D11,0,40,38,8,0.015335262,CD8+ T
ATATGCTCACTGGCCA-14-s4d8,GARQ,D11,0,40,38,15,1.8507235,Erythroblast
GATGAGGGTGGAAGGC-14-s4d8,GARQ,D11,0,40,38,15,0.5752209,MK/E prog
ATAAGCCTCACCTGTC-14-s4d8,GARQ,D11,0,40,38,35,0.29801434,CD8+ T
GATGCAGCAAGCTTTG-14-s4d8,GARQ,D11,0,40,38,4,0.19520283,G/M prog
GTTCCTGGTTAAGTGT-14-s4d8,GARQ,D11,0,40,38,11,0.017979085,Naive CD20+ B
GCAATGAAGGTGTCCA-14-s4d8,GARQ,D11,0,40,38,6,0.07802093,CD8+ T
ATTCACTTCCTTGCAC-14-s4d8,GARQ,D11,0,40,38,10,0.0757699,NK
CTGTTAAAGCATGAAG-14-s4d8,GARQ,D11,0,40,38,6,0.23563635,CD8+ T
GCCTATTGTGACCTGG-14-s4d8,GARQ,D11,0,40,38,11,0.027571797,Transitional B
ACATTGCAGTTGGCCA-14-s4d8,GARQ,D11,0,40,38,4,0.46165073,CD14+ Mono
GCGGAACCAACCTGGT-14-s4d8,GARQ,D11,0,40,38,29,0.012752414,NK
TGTCAATCACTAAGAA-14-s4d8,GARQ,D11,0,40,38,35,0.15097523,NK
GTTGCATAGCGAAGTA-14-s4d8,GARQ,D11,0,40,38,11,0.059861183,Naive CD20+ B
CCGCTTAGTGGTTATG-14-s4d8,GARQ,D11,0,40,38,3,0.028545856,CD8+ T
CGCTAACCAGCTCAAC-14-s4d8,GARQ,D11,0,40,38,22,0.012408853,Transitional B
CCAAACCCATGAGTTT-14-s4d8,GARQ,D11,0,40,38,15,1.3832891,Proerythroblast
TGCTATGCATATTGAC-14-s4d8,GARQ,D11,0,40,38,6,0.036007166,CD8+ T
CTAATAGTCCTTCAAT-14-s4d8,GARQ,D11,0,40,38,22,0.025101423,Transitional B
AGTAAGTAGGCCGGAA-14-s4d8,GARQ,D11,0,40,38,3,0.019269466,CD8+ T
CTTCAATTCCAATTAG-14-s4d8,GARQ,D11,0,40,38,11,0.002818048,Transitional B
TCGGTAAGTTGGTTCT-14-s4d8,GARQ,D11,0,40,38,9,0.056817353,Naive CD20+ B
TTAGCGGTCCTAAATG-14-s4d8,GARQ,D11,0,40,38,6,0.08774674,CD8+ T
TATGTGATCCCATAAA-14-s4d8,GARQ,D11,0,40,38,13,0.004073262,CD8+ T
TAACCAGGTAAGCTTG-14-s4d8,GARQ,D11,0,40,38,6,0.107031465,CD8+ T
CATGGCGGTTTGGTTC-14-s4d8,GARQ,D11,0,40,38,3,0.009268522,CD8+ T
GTTAACGGTACCGAAC-14-s4d8,GARQ,D11,0,40,38,11,0.011558652,B1 B
GTAAAGCCAGTAAGTA-14-s4d8,GARQ,D11,0,40,38,15,0.48067957,Proerythroblast
CCCTAATGTGGGAACA-14-s4d8,GARQ,D11,0,40,38,11,0.056189775,Transitional B
AGGTACGCAGGCTTCG-14-s4d8,GARQ,D11,0,40,38,15,0.67316616,Proerythroblast
ATCAAGACAGCATGTC-14-s4d8,GARQ,D11,0,40,38,5,0.043263078,CD8+ T
GTCGCAATCTTGATGA-14-s4d8,GARQ,D11,0,40,38,11,0.08926654,Naive CD20+ B
ACCACACCAATTGAAG-14-s4d8,GARQ,D11,0,40,38,5,0.025107503,CD8+ T
GATCAGGCAGGATTAA-14-s4d8,GARQ,D11,0,40,38,24,0.043192267,CD8+ T
CATGCATAGCATTAGC-14-s4d8,GARQ,D11,0,40,38,6,0.045967698,CD8+ T
GCTAGCCAGGCGAATA-14-s4d8,GARQ,D11,0,40,38,13,0.03608656,CD8+ T
ATCACCCTCAAGCTTA-14-s4d8,GARQ,D11,0,40,38,17,0.031645298,CD4+ T naive
CGAAGGCCACCTAAGC-14-s4d8,GARQ,D11,0,40,38,6,0.07534629,CD8+ T
GTCATCACAATCGCAC-14-s4d8,GARQ,D11,0,40,38,11,0.0360806,Lymph prog
CCATAGCCATTATCCC-14-s4d8,GARQ,D11,0,40,38,15,0.4038666,Proerythroblast
ATTACCGCAGTTGCGT-14-s4d8,GARQ,D11,0,40,38,5,0.12179899,CD8+ T
TTTACGCGTTAGGCTA-14-s4d8,GARQ,D11,0,40,38,15,1.4513385,Proerythroblast
AACAAAGGTATGTGGC-14-s4d8,GARQ,D11,0,40,38,22,0.11733425,B1 B
GTGCTCAAGAATCGCT-14-s4d8,GARQ,D11,0,40,38,6,0.015036821,CD8+ T
TGAGCAAAGGAAGCAC-14-s4d8,GARQ,D11,0,40,38,7,0.018704593,B1 B
TTCAACCGTTAGGCGT-14-s4d8,GARQ,D11,0,40,38,3,0.034182727,CD8+ T
AAAGCTTGTACTTCAC-14-s4d8,GARQ,D11,0,40,38,5,0.18474269,CD8+ T
AGCTAACTCTCAATAG-14-s4d8,GARQ,D11,0,40,38,13,0.010001898,CD8+ T
ATGAAGTAGCGCTCAA-14-s4d8,GARQ,D11,0,40,38,15,1.0135276,Proerythroblast
ATGCGATTCACGCCAA-14-s4d8,GARQ,D11,0,40,38,4,1.0318754,CD14+ Mono
TCACCTCAGGCTACTG-14-s4d8,GARQ,D11,0,40,38,15,0.38624913,Proerythroblast
TAGGCTTAGTTATCCT-14-s4d8,GARQ,D11,0,40,38,6,0.13890076,CD8+ T
CTAGTAGGTCCGGTTC-14-s4d8,GARQ,D11,0,40,38,13,0.0038275719,CD8+ T
TGAGCTTAGGCTACAT-14-s4d8,GARQ,D11,0,40,38,6,0.11835134,CD8+ T
AAAGCCGCAGATTCAT-14-s4d8,GARQ,D11,0,40,38,9,0.021610498,Transitional B
ACGCCTAAGCGCTAAT-14-s4d8,GARQ,D11,0,40,38,6,0.0901041,CD8+ T
GCCTTAACAATAGCCC-14-s4d8,GARQ,D11,0,40,38,1,0.063289165,CD4+ T activated
CGCAAATTCCAGGTTG-14-s4d8,GARQ,D11,0,40,38,6,0.122419715,CD8+ T
GTTCCTTCATTATGCG-14-s4d8,GARQ,D11,0,40,38,22,0.09896946,Lymph prog
GGCGTTATCACAGCCA-14-s4d8,GARQ,D11,0,40,38,11,0.12956762,Naive CD20+ B
TTGTGTGCAACTAGAA-14-s4d8,GARQ,D11,0,40,38,22,0.08313537,B1 B
CCTGTAACAGGAAGCC-14-s4d8,GARQ,D11,0,40,38,6,0.1762327,CD8+ T
GTGCTTCTCCTCAGCT-14-s4d8,GARQ,D11,0,40,38,6,0.09873223,CD8+ T
TCAGCAAGTTCCAGGG-14-s4d8,GARQ,D11,0,40,38,22,0.0347414,Transitional B
GTTACGCCAGTAGGTG-14-s4d8,GARQ,D11,0,40,38,9,0.025118351,B1 B
CCCAGTTTCATTTAGG-14-s4d8,GARQ,D11,0,40,38,4,0.24551204,cDC2
GCTAAGAAGAGGAAGG-14-s4d8,GARQ,D11,0,40,38,3,0.005771756,CD4+ T activated
TCAGCGATCCTTAATC-14-s4d8,GARQ,D11,0,40,38,6,0.17781156,CD4+ T activated
CAGCTCAAGGGACCTC-14-s4d8,GARQ,D11,0,40,38,3,0.041521788,CD8+ T
GCTTGTTGTCACGGAT-14-s4d8,GARQ,D11,0,40,38,22,0.07043207,Transitional B
TTACACCGTCGCGCAA-14-s4d8,GARQ,D11,0,40,38,6,0.15052414,CD4+ T naive
ATGAAGCCATAATTGC-14-s4d8,GARQ,D11,0,40,38,6,0.027072549,CD8+ T
ACGACAAAGTTTGTCT-14-s4d8,GARQ,D11,0,40,38,22,0.29265058,Transitional B
ATGGCCCAGACAGGTA-14-s4d8,GARQ,D11,0,40,38,6,0.030431747,CD8+ T
CTTGCAACACTAAATC-14-s4d8,GARQ,D11,0,40,38,15,1.3746228,Proerythroblast
CTGCTACTCAGCATTA-14-s4d8,GARQ,D11,0,40,38,24,0.1474511,CD8+ T
GTCATCACATGGTTAT-14-s4d8,GARQ,D11,0,40,38,8,0.010942936,CD8+ T
GTCCAAGTCCTGAATA-14-s4d8,GARQ,D11,0,40,38,16,0.028675437,Lymph prog
GGGTCAACATCTTGAG-14-s4d8,GARQ,D11,0,40,38,35,0.020095468,CD8+ T
GAAACCCGTTAATGAC-14-s4d8,GARQ,D11,0,40,38,6,0.14800525,CD4+ T naive
GTACACCCAGGCTTGT-14-s4d8,GARQ,D11,0,40,38,9,0.00029480457,Transitional B
CCACTTGGTTGCGCGA-14-s4d8,GARQ,D11,0,40,38,22,0.052831173,Transitional B
GTGAGCGAGGTAGCTT-14-s4d8,GARQ,D11,0,40,38,11,0.038269937,Transitional B
ACGTTGTAGCCAAATC-14-s4d8,GARQ,D11,0,40,38,6,0.03645134,CD4+ T activated
AACAAAGGTTGTCATC-14-s4d8,GARQ,D11,0,40,38,3,0.020619988,CD8+ T
GTCGGTTCAAGGTGCA-14-s4d8,GARQ,D11,0,40,38,3,0.005715549,CD8+ T
CGAACAAAGCTTTGGG-14-s4d8,GARQ,D11,0,40,38,3,0.037138164,CD8+ T
CCTTAACGTCCTTAGT-14-s4d8,GARQ,D11,0,40,38,38,0.00772357,CD4+ T activated
AAGCCTGTCTTAATGG-14-s4d8,GARQ,D11,0,40,38,15,0.11463404,Proerythroblast
TGCGCAGGTAATAACC-14-s4d8,GARQ,D11,0,40,38,5,0.089839935,CD8+ T
AAGGATTAGTAGGATG-14-s4d8,GARQ,D11,0,40,38,15,1.5068455,Erythroblast
GCACCTAAGGACACTT-14-s4d8,GARQ,D11,0,40,38,38,0.019823968,CD4+ T naive
TTCCACGGTTCCGGCT-14-s4d8,GARQ,D11,0,40,38,6,0.14621115,CD8+ T
TATGTGATCTAAGGAG-14-s4d8,GARQ,D11,0,40,38,15,0.9132041,Erythroblast
AGGCAGGTCATCCTAT-14-s4d8,GARQ,D11,0,40,38,15,0.75304407,Proerythroblast
ACTTCGCTCAGGCTAT-14-s4d8,GARQ,D11,0,40,38,6,0.21069264,CD8+ T
CAATCGCCAAAGCGGC-14-s4d8,GARQ,D11,0,40,38,5,0.01053679,CD8+ T
AAACCGGCAATTGACT-14-s4d8,GARQ,D11,0,40,38,3,0.12506104,CD8+ T
TTGTGCGAGCACTAGT-14-s4d8,GARQ,D11,0,40,38,4,0.31276017,CD14+ Mono
GATAAAGGTCACACCC-14-s4d8,GARQ,D11,0,40,38,22,0.061035395,B1 B
CTTAGTTTCACGAATC-14-s4d8,GARQ,D11,0,40,38,5,0.10988283,CD8+ T
GAAGGAACATGAGTTT-14-s4d8,GARQ,D11,0,40,38,6,0.0068929195,NK
GAGCGATAGTTAGTGC-14-s4d8,GARQ,D11,0,40,38,5,0.0044926405,CD8+ T
GTTGGAGCATTGTCAG-14-s4d8,GARQ,D11,0,40,38,22,0.10499382,Lymph prog
ACCTGTTGTGATTACG-14-s4d8,GARQ,D11,0,40,38,4,0.31573695,G/M prog
TTGTCCATCATCCTGC-14-s4d8,GARQ,D11,0,40,38,6,0.12521744,CD8+ T
TGAGGGAGTGGACATC-14-s4d8,GARQ,D11,0,40,38,22,0.1616311,Transitional B
CTTGCATGTCATAGAT-14-s4d8,GARQ,D11,0,40,38,22,0.023684978,Transitional B
TGTAAGTGTTGGCGTG-14-s4d8,GARQ,D11,0,40,38,4,0.8652351,CD14+ Mono
AGCGGATAGGTAACGA-14-s4d8,GARQ,D11,0,40,38,6,0.012532711,CD8+ T
CAGGCTGGTAATCGCA-14-s4d8,GARQ,D11,0,40,38,13,0.06281847,NK
CCCTCACCAGGCCTTG-14-s4d8,GARQ,D11,0,40,38,6,0.03638947,CD4+ T activated
TTAACCAAGGTGCTGC-14-s4d8,GARQ,D11,0,40,38,11,0.012907386,Naive CD20+ B
TATGGCCCATTATGCG-14-s4d8,GARQ,D11,0,40,38,18,0.039278507,Naive CD20+ B
AACATTGTCAAGCTAC-14-s4d8,GARQ,D11,0,40,38,29,0.06992853,CD16+ Mono
TGTAAAGCAGTGAACG-14-s4d8,GARQ,D11,0,40,38,6,0.18502438,CD8+ T
AATTGTGTCGTGCCTT-14-s4d8,GARQ,D11,0,40,38,6,0.14972007,CD8+ T
TCGGTAAGTTTGGCTT-14-s4d8,GARQ,D11,0,40,38,2,0.114637315,CD8+ T
CAGATTCAGGTGCGGA-14-s4d8,GARQ,D11,0,40,38,6,0.0005891323,CD4+ T activated
GCCTGCTGTGGTTCTT-14-s4d8,GARQ,D11,0,40,38,6,0.05011469,CD8+ T
TTACCGTGTAATAGCT-14-s4d8,GARQ,D11,0,40,38,11,0.08083117,Transitional B
CTGAAACTCTAACCTT-14-s4d8,GARQ,D11,0,40,38,31,0.01587665,CD8+ T
ACCTCACTCCCATAAA-14-s4d8,GARQ,D11,0,40,38,3,0.02899158,CD8+ T
TACTCAAAGGATTGAG-14-s4d8,GARQ,D11,0,40,38,38,0.057063222,CD8+ T
GGTTCTTGTCAAAGGG-14-s4d8,GARQ,D11,0,40,38,6,0.042720973,CD8+ T
ACCAGCTCATCATGTG-14-s4d8,GARQ,D11,0,40,38,3,0.12751603,CD4+ T activated
TGGCCTTTCCCTGGTT-14-s4d8,GARQ,D11,0,40,38,15,1.1759182,Proerythroblast
AAAGCTTGTTGCAATG-14-s4d8,GARQ,D11,0,40,38,5,0.1697936,CD8+ T
CTGGTTTGTAAACAAG-14-s4d8,GARQ,D11,0,40,38,11,0.008897781,B1 B
TAGTAACGTTGTCATC-14-s4d8,GARQ,D11,0,40,38,5,0.484756,CD8+ T
CGCCAAATCACAGGAA-14-s4d8,GARQ,D11,0,40,38,14,0.012908846,cDC2
CTTTGTCCAAGATTCT-14-s4d8,GARQ,D11,0,40,38,22,0.19549203,B1 B
TACCTGCTCATTATGG-14-s4d8,GARQ,D11,0,40,38,6,0.24237484,CD8+ T
GGTTGAGCAAGCTACC-14-s4d8,GARQ,D11,0,40,38,15,0.91844547,Proerythroblast
ATATGGTGTCAGGAAG-14-s4d8,GARQ,D11,0,40,38,22,0.07109892,Naive CD20+ B
GATAAGCCAACTAACT-14-s4d8,GARQ,D11,0,40,38,6,0.03521931,CD8+ T
GTCTTGCTCTCACTAT-14-s4d8,GARQ,D11,0,40,38,15,1.0649223,Proerythroblast
TTGTCCGGTATTGGTG-14-s4d8,GARQ,D11,0,40,38,11,0.105954885,Transitional B
AGCTTAATCGTAATCA-14-s4d8,GARQ,D11,0,40,38,15,0.79752254,Proerythroblast
GCTATTGCATGCAACC-14-s4d8,GARQ,D11,0,40,38,9,0.023784995,Lymph prog
CGTCATTGTTTATCTG-14-s4d8,GARQ,D11,0,40,38,22,0.04959035,Lymph prog
ATGGCTTAGGGACCTC-14-s4d8,GARQ,D11,0,40,38,4,1.0167309,CD14+ Mono
ACCCGGTAGCATTATG-14-s4d8,GARQ,D11,0,40,38,13,0.046684742,CD8+ T
TGTTGTTTCTTACTCG-14-s4d8,GARQ,D11,0,40,38,19,0.054550648,NK
GGGCCTAGTATTGGAT-14-s4d8,GARQ,D11,0,40,38,15,1.7276077,Erythroblast
TATAGCTCATGTCAAT-14-s4d8,GARQ,D11,0,40,38,11,0.010214925,Naive CD20+ B
GGTAACCGTGAACAAA-14-s4d8,GARQ,D11,0,40,38,4,0.6942984,CD14+ Mono
CTTATTGGTTTGTGGA-14-s4d8,GARQ,D11,0,40,38,4,0.98656726,CD14+ Mono
AGAGGAACAACTGGGA-14-s4d8,GARQ,D11,0,40,38,11,0.026786089,Naive CD20+ B
AACCGGCTCATTGTTC-14-s4d8,GARQ,D11,0,40,38,4,0.6037949,CD14+ Mono
TAGCCGGGTGTTAAAC-14-s4d8,GARQ,D11,0,40,38,22,0.0923872,Transitional B
TGTCATAAGCAGGTTT-14-s4d8,GARQ,D11,0,40,38,5,0.013882279,CD8+ T
TACCTTAGTAAGCTCA-14-s4d8,GARQ,D11,0,40,38,5,0.105763435,CD8+ T
CAAGTTATCAGGCTAT-14-s4d8,GARQ,D11,0,40,38,6,0.12485933,CD4+ T activated
AGGCTAAAGTGGACAA-14-s4d8,GARQ,D11,0,40,38,18,0.13744533,Naive CD20+ B
CTTACCTCATCCAGGT-14-s4d8,GARQ,D11,0,40,38,5,0.057538033,CD8+ T
GATTCGCCAAGCCAGA-14-s4d8,GARQ,D11,0,40,38,3,0.026067376,CD8+ T
GTACACCCATCCCGCT-14-s4d8,GARQ,D11,0,40,38,39,0.042722106,CD4+ T activated
TTCCCGCCAAACATAG-14-s4d8,GARQ,D11,0,40,38,5,0.08047485,CD4+ T activated
GTCAGGCTCCACCTTA-14-s4d8,GARQ,D11,0,40,38,38,0.021619916,CD8+ T
GGTTCCCGTTACGCAA-14-s4d8,GARQ,D11,0,40,38,9,0.0028654337,Naive CD20+ B
AAGCGAGGTATTGGAT-14-s4d8,GARQ,D11,0,40,38,6,0.12856078,CD8+ T
ACAACAGAGGGACTAA-14-s4d8,GARQ,D11,0,40,38,5,0.17765844,HSC
TAGACCAGTCGCAAAC-14-s4d8,GARQ,D11,0,40,38,22,0.17534757,Transitional B
ACTAACTCAACTAGGG-14-s4d8,GARQ,D11,0,40,38,15,0.8411244,Proerythroblast
AAGCGAATCCTTGAGG-14-s4d8,GARQ,D11,0,40,38,5,0.095246196,CD8+ T
GCTGAGGAGGCTAGAA-14-s4d8,GARQ,D11,0,40,38,22,0.2038976,B1 B
CCAGACTCACACAATT-14-s4d8,GARQ,D11,0,40,38,5,0.004806757,CD8+ T
TTTCTTGCACGTGCTG-14-s4d8,GARQ,D11,0,40,38,6,0.2502514,CD8+ T
CTTTATGGTTCGCTTG-14-s4d8,GARQ,D11,0,40,38,6,0.13085985,CD8+ T
TAAGGCTTCACGCCAA-14-s4d8,GARQ,D11,0,40,38,6,0.13868332,CD8+ T
CCTATTTAGACTAAGG-14-s4d8,GARQ,D11,0,40,38,6,0.18230367,CD8+ T
AGGCCCAGTCATTACC-14-s4d8,GARQ,D11,0,40,38,6,0.1230005,CD8+ T
ACTTACTTCATGCTCC-14-s4d8,GARQ,D11,0,40,38,15,1.8666384,Proerythroblast
CAAGTAACATCTTGAG-14-s4d8,GARQ,D11,0,40,38,6,0.17221415,CD8+ T
TCCTCACAGAGGCTAA-14-s4d8,GARQ,D11,0,40,38,22,0.0475533,Naive CD20+ B
ACCCTCCCATTGACAT-14-s4d8,GARQ,D11,0,40,38,3,0.08425045,CD8+ T
TTAGCGGTCCCGCATT-14-s4d8,GARQ,D11,0,40,38,18,0.020206451,B1 B
AACTAGCTCATTCATC-14-s4d8,GARQ,D11,0,40,38,6,0.08650088,CD8+ T
CGGGTCTAGTTTCCTG-14-s4d8,GARQ,D11,0,40,38,3,0.014141798,NK
CCCAACCGTAATGGCC-14-s4d8,GARQ,D11,0,40,38,4,0.50562894,cDC2
GTTGGCCAGAACCTAC-14-s4d8,GARQ,D11,0,40,38,5,0.1583898,CD4+ T activated
GATAAAGGTATTGTCC-14-s4d8,GARQ,D11,0,40,38,9,0.036069393,Transitional B
AAACGTACAACAGCCT-14-s4d8,GARQ,D11,0,40,38,16,0.045269966,Lymph prog
GCTCTGTTCTTGAGGT-14-s4d8,GARQ,D11,0,40,38,6,0.002660513,CD4+ T activated
ACAGGATCAGGACACA-14-s4d8,GARQ,D11,0,40,38,5,0.16579401,CD8+ T
CAATATGTCACGAATC-14-s4d8,GARQ,D11,0,40,38,4,0.5861327,CD14+ Mono
TCAAACCAGGGTTATC-14-s4d8,GARQ,D11,0,40,38,5,0.03690976,CD8+ T
TGATTAGTCTTGTTCG-14-s4d8,GARQ,D11,0,40,38,11,0.028672218,Naive CD20+ B
TCTATGTTCTTGTCCA-14-s4d8,GARQ,D11,0,40,38,4,0.3111936,G/M prog
TTTGAGTCATAGCAGG-14-s4d8,GARQ,D11,0,40,38,15,0.70908654,Proerythroblast
GTACTTAAGATAAAGC-14-s4d8,GARQ,D11,0,40,38,5,0.013042569,CD8+ T
AGAGATTAGTTAGACC-14-s4d8,GARQ,D11,0,40,38,3,0.075487375,CD8+ T
TTTAGGATCATCGTTT-14-s4d8,GARQ,D11,0,40,38,15,0.48438463,Transitional B
CGTTATTTCCATTACT-14-s4d8,GARQ,D11,0,40,38,6,0.04761398,CD8+ T
TTGGCTACATTTGCTC-14-s4d8,GARQ,D11,0,40,38,3,0.01710409,CD8+ T
GACGCCTAGCGCCTAA-14-s4d8,GARQ,D11,0,40,38,4,0.8391958,CD14+ Mono
CGCATATAGCAGGCCT-14-s4d8,GARQ,D11,0,40,38,3,0.053652287,CD8+ T
ACTCACCTCGTTAGCG-14-s4d8,GARQ,D11,0,40,38,19,0.023085833,CD4+ T activated
CGCATGATCATCCTCA-14-s4d8,GARQ,D11,0,40,38,35,0.054014564,CD8+ T
CGGACCTAGTGTTGCG-14-s4d8,GARQ,D11,0,40,38,5,0.026673555,CD8+ T
GTTACGTAGCCTGGTA-14-s4d8,GARQ,D11,0,40,38,5,0.011770844,CD8+ T
GCGAAGCCAGTAAGTA-14-s4d8,GARQ,D11,0,40,38,35,0.11614859,CD8+ T
GCCTTAACAACTAGAA-14-s4d8,GARQ,D11,0,40,38,10,0.07830155,CD8+ T
CGTGTGTCATAGCTGC-14-s4d8,GARQ,D11,0,40,38,15,0.35272676,Proerythroblast
AAGCGGGTCTACTAAG-14-s4d8,GARQ,D11,0,40,38,6,0.1762011,CD8+ T
GATGCATTCCACCTTA-14-s4d8,GARQ,D11,0,40,38,31,0.061146796,CD8+ T
GTCAATATCTCGACCT-14-s4d8,GARQ,D11,0,40,38,6,0.14487517,CD4+ T activated
AGCTGCTCAATGAATG-14-s4d8,GARQ,D11,0,40,38,17,0.1065591,CD8+ T
GGCATTGTCGCCTAAG-14-s4d8,GARQ,D11,0,40,38,3,0.055490017,NK
ATGACGAAGTTTGTCT-14-s4d8,GARQ,D11,0,40,38,6,0.103242636,CD8+ T
AGATGCTTCTTGTCTG-14-s4d8,GARQ,D11,0,40,38,3,0.006855607,CD8+ T
AGACACGCAACCTGGT-14-s4d8,GARQ,D11,0,40,38,4,0.8381603,CD14+ Mono
CACCGGTAGCGTGCGT-14-s4d8,GARQ,D11,0,40,38,5,0.019741297,CD8+ T
GGACCGAAGTAACAGG-14-s4d8,GARQ,D11,0,40,38,4,0.5097325,CD14+ Mono
GCCAGGAAGTTGTCCC-14-s4d8,GARQ,D11,0,40,38,11,0.06318295,B1 B
TTGGGCGGTGCTCACC-14-s4d8,GARQ,D11,0,40,38,36,0.0113765,B1 B
CAAAGGATCCATAATG-14-s4d8,GARQ,D11,0,40,38,3,0.019770801,CD8+ T
ATGTTCAAGCTTTGTT-14-s4d8,GARQ,D11,0,40,38,11,0.027746916,Transitional B
TCAATCGCATTAAAGG-14-s4d8,GARQ,D11,0,40,38,9,0.008633971,Transitional B
TCAGCCTTCTGTGAGT-14-s4d8,GARQ,D11,0,40,38,3,0.0103087425,CD8+ T
GGTACAAAGGTGCGGA-14-s4d8,GARQ,D11,0,40,38,6,0.008679509,CD8+ T
CGCATATAGTATCGCG-14-s4d8,GARQ,D11,0,40,38,13,0.06576836,CD8+ T
ATGTAACGTGATTTGG-14-s4d8,GARQ,D11,0,40,38,6,0.10474855,CD4+ T activated
GGATTATGTAAAGCGG-14-s4d8,GARQ,D11,0,40,38,5,0.099657774,CD8+ T
CTGTGTGAGTAAGTGG-14-s4d8,GARQ,D11,0,40,38,11,0.12610543,Naive CD20+ B
GGAATCTTCAAGCTTA-14-s4d8,GARQ,D11,0,40,38,22,0.058345556,Transitional B
TAAGCCTAGGCTTAGT-14-s4d8,GARQ,D11,0,40,38,6,0.13604558,CD8+ T
GCGAAGTAGGGACTAA-14-s4d8,GARQ,D11,0,40,38,3,0.03354442,CD8+ T
TTGCAGCCATAGGCGA-14-s4d8,GARQ,D11,0,40,38,6,0.1019969,CD8+ T
TTTGTGAAGCTATTAG-14-s4d8,GARQ,D11,0,40,38,4,0.5669898,CD16+ Mono
ATGTAACGTAATAACC-14-s4d8,GARQ,D11,0,40,38,15,0.9210557,Normoblast
ACAAAGGTCAGGAAGC-14-s4d8,GARQ,D11,0,40,38,3,0.08224726,CD8+ T
ACATTGCAGCGTGCGT-14-s4d8,GARQ,D11,0,40,38,1,0.027002573,CD4+ T activated
GCAGGCAAGTTACCGG-14-s4d8,GARQ,D11,0,40,38,3,0.067687035,CD4+ T naive
CTTGCGCGTTTACCGT-14-s4d8,GARQ,D11,0,40,38,27,0.027002215,CD4+ T activated
TGAGCTTAGGACCAGG-14-s4d8,GARQ,D11,0,40,38,6,0.078576684,CD8+ T
TTGACTAAGCTGTAAC-14-s4d8,GARQ,D11,0,40,38,3,0.110859275,CD8+ T
GGATACTTCATCCTGC-14-s4d8,GARQ,D11,0,40,38,3,0.04283023,CD4+ T activated
CGATTATCACGCAACT-14-s4d8,GARQ,D11,0,40,38,4,1.0505928,CD14+ Mono
TAGCATATCGGCTATG-14-s4d8,GARQ,D11,0,40,38,13,0.00045984983,CD4+ T activated
GGGCATGAGGCGCACT-14-s4d8,GARQ,D11,0,40,38,15,1.1393574,Proerythroblast
AGTAATGCAGCAAGGC-14-s4d8,GARQ,D11,0,40,38,38,0.057482243,CD4+ T activated
TGAACAACAAGACTCC-14-s4d8,GARQ,D11,0,40,38,11,0.13780147,Plasma cell
ATTGCAGGTCCTTAGT-14-s4d8,GARQ,D11,0,40,38,3,0.05300373,CD8+ T
TGCTCTCAGCATTTCT-14-s4d8,GARQ,D11,0,40,38,13,0.016991138,NK
GATTACTCACGAATCC-14-s4d8,GARQ,D11,0,40,38,11,0.048128724,Transitional B
ACATTGCAGCACTTGG-14-s4d8,GARQ,D11,0,40,38,6,0.22037089,CD8+ T
CCTTAACGTTCATCTA-14-s4d8,GARQ,D11,0,40,38,5,0.051477313,CD8+ T
CCTTAACGTGTTTGTC-14-s4d8,GARQ,D11,0,40,38,6,0.00015288591,CD4+ T activated
TATCACAAGCTGGCTA-14-s4d8,GARQ,D11,0,40,38,11,0.031248212,Plasma cell
ATCCTGACAAAGGCCA-14-s4d8,GARQ,D11,0,40,38,5,0.17160875,CD8+ T
TGCACCTTCGATTCTT-14-s4d8,GARQ,D11,0,40,38,20,0.078903794,CD8+ T
AACTAGTGTTAGCGTA-14-s4d8,GARQ,D11,0,40,38,5,0.084396124,CD8+ T
GAGTGAGGTTCCTGAT-14-s4d8,GARQ,D11,0,40,38,18,0.11264494,HSC
CGGGTATGTTAGGATT-14-s4d8,GARQ,D11,0,40,38,15,0.8655802,Erythroblast
GAGCTGCTCCTAGTTT-14-s4d8,GARQ,D11,0,40,38,4,0.52302605,CD14+ Mono
GAGTTACTCCCGCATT-14-s4d8,GARQ,D11,0,40,38,4,0.44543993,CD14+ Mono
TTTCCTGAGTTAACCA-14-s4d8,GARQ,D11,0,40,38,5,0.03522098,CD4+ T activated
CGGGTATGTTACTTGC-14-s4d8,GARQ,D11,0,40,38,11,0.051512063,Lymph prog
GTTCGCGCACTAAGCC-14-s4d8,GARQ,D11,0,40,38,5,0.31987238,CD8+ T
GATTGCAGTGTGCAAC-14-s4d8,GARQ,D11,0,40,38,15,0.62350315,Proerythroblast
TGTTAGCAGGTCCTAG-14-s4d8,GARQ,D11,0,40,38,14,0.059494317,Transitional B
ACAGCCGGTGTTCCCA-14-s4d8,GARQ,D11,0,40,38,1,0.0025886893,CD8+ T
TTTCGTCCATAAGCAA-14-s4d8,GARQ,D11,0,40,38,6,0.073443055,CD8+ T
CATTGTGCAGGCCAAA-14-s4d8,GARQ,D11,0,40,38,5,0.2359904,CD4+ T naive
AAGTGCAAGTGCACGC-14-s4d8,GARQ,D11,0,40,38,18,0.03514445,B1 B
GCAATGAAGTTATGTG-14-s4d8,GARQ,D11,0,40,38,22,0.1787386,Naive CD20+ B
TGCGCAGGTATTGCAG-14-s4d8,GARQ,D11,0,40,38,6,0.028693497,CD8+ T
GCGGAACCAGCTCAAC-14-s4d8,GARQ,D11,0,40,38,6,0.09230137,CD8+ T
AGCTTCCTCTCATCAT-14-s4d8,GARQ,D11,0,40,38,3,0.0077052116,CD8+ T
TATAGCCAGTTATTCC-14-s4d8,GARQ,D11,0,40,38,11,0.059800863,Naive CD20+ B
CACTAAGGTCACAGAC-14-s4d8,GARQ,D11,0,40,38,6,0.10213381,CD8+ T
GACACCGGTTTGAGCA-14-s4d8,GARQ,D11,0,40,38,15,1.4131925,Proerythroblast
GTATTCAAGGTAAGCA-14-s4d8,GARQ,D11,0,40,38,6,0.0039767027,NK
GTGCTGATCTTTGACT-14-s4d8,GARQ,D11,0,40,38,6,0.39525795,CD8+ T
TTGTCCATCATCAGTA-14-s4d8,GARQ,D11,0,40,38,6,0.2215153,CD8+ T
TTAAGGACAGGAACAT-14-s4d8,GARQ,D11,0,40,38,6,0.028090537,CD8+ T
TTGGCTTGTGATGATT-14-s4d8,GARQ,D11,0,40,38,28,0.04155183,pDC
GGTTGCTCATTAAGTC-14-s4d8,GARQ,D11,0,40,38,22,0.22377789,B1 B
TCCGGTTTCCGGTATG-14-s4d8,GARQ,D11,0,40,38,6,0.015403748,CD8+ T
GATGGACAGCTAAGTC-14-s4d8,GARQ,D11,0,40,38,15,1.8966296,Erythroblast
GGCTATGTCCGCAAGC-14-s4d8,GARQ,D11,0,40,38,22,0.056905508,Naive CD20+ B
AGTCAATGTATTGAGT-14-s4d8,GARQ,D11,0,40,38,16,0.010952413,Lymph prog
GCGGATACACAGCCTG-14-s4d8,GARQ,D11,0,40,38,3,0.05128944,CD8+ T
CTGGTCAAGACAACGA-14-s4d8,GARQ,D11,0,40,38,6,0.18801934,CD8+ T
GCGCTTAAGAGGAGTC-14-s4d8,GARQ,D11,0,40,38,8,0.01525116,CD8+ T
GTGCTCCGTTTAACCC-14-s4d8,GARQ,D11,0,40,38,9,0.045509577,Naive CD20+ B
GGATGTAAGGTTTACA-14-s4d8,GARQ,D11,0,40,38,6,0.054746628,NK
CACTGACCAGGAAGCC-14-s4d8,GARQ,D11,0,40,38,6,0.06470114,CD4+ T activated
AAGACAAGTACTTCAC-14-s4d8,GARQ,D11,0,40,38,5,0.005418062,CD8+ T
ATTCCTAGTAGTAAGA-14-s4d8,GARQ,D11,0,40,38,11,0.006230116,Naive CD20+ B
TCAAGAACAAACCCTA-14-s4d8,GARQ,D11,0,40,38,11,0.09041679,Transitional B
GCTCGATCAAATGCCC-14-s4d8,GARQ,D11,0,40,38,6,0.2938009,CD8+ T
TACAATGTCTTGCATT-14-s4d8,GARQ,D11,0,40,38,6,0.021268845,CD8+ T
TGGCCAATCCTAATTC-14-s4d8,GARQ,D11,0,40,38,3,0.063494325,CD8+ T
CTGTTAAAGGATCACT-14-s4d8,GARQ,D11,0,40,38,9,0.048456907,B1 B
AGCTGCTCAACAGGAT-14-s4d8,GARQ,D11,0,40,38,8,0.013240933,CD8+ T
GGCTCAATCCTCACTA-14-s4d8,GARQ,D11,0,40,38,3,0.025102377,CD4+ T naive
CCGTTTGGTTGCAATG-14-s4d8,GARQ,D11,0,40,38,16,0.0040034056,Lymph prog
GAGTATCTCGGTCAGC-14-s4d8,GARQ,D11,0,40,38,11,0.082137346,B1 B
TTGATGTCATGAGTTT-14-s4d8,GARQ,D11,0,40,38,18,0.0807786,Naive CD20+ B
CGTGCTGCACTCAACA-14-s4d8,GARQ,D11,0,40,38,18,0.061438054,Lymph prog
TAGCGCGGTTCGCTTG-14-s4d8,GARQ,D11,0,40,38,18,0.17319328,Lymph prog
ATTTAGCCACAATACT-14-s4d8,GARQ,D11,0,40,38,5,0.15585709,CD8+ T
AGTCTTGCACCAGCAT-14-s4d8,GARQ,D11,0,40,38,5,0.21904004,CD8+ T
TTGCTTAGTTGCGGAT-14-s4d8,GARQ,D11,0,40,38,6,0.06756079,NK
GCCAATTAGAGAGGCT-14-s4d8,GARQ,D11,0,40,38,6,0.014008939,NK
TCCATATTCGTTATCT-14-s4d8,GARQ,D11,0,40,38,15,0.68309534,Erythroblast
TCAAGAACAGCCTAAC-14-s4d8,GARQ,D11,0,40,38,11,0.033514738,Naive CD20+ B
TGAGGAGGTTGGTTAG-14-s4d8,GARQ,D11,0,40,38,9,0.06346071,Naive CD20+ B
CGCAATCCAACCGCCA-14-s4d8,GARQ,D11,0,40,38,13,0.038495064,CD8+ T
TGCAATATCCTCACAC-14-s4d8,GARQ,D11,0,40,38,9,0.053637743,Transitional B
GACACCGGTTGCACAA-14-s4d8,GARQ,D11,0,40,38,15,1.3304495,Proerythroblast
GGGTTTGTCCTAAGTA-14-s4d8,GARQ,D11,0,40,38,5,0.04053557,CD8+ T
TCAGGTCCATTTAAGC-14-s4d8,GARQ,D11,0,40,38,15,0.71836185,Proerythroblast
CCTATATTCATGCAAC-14-s4d8,GARQ,D11,0,40,38,11,0.08793414,HSC
ACCAGGCTCTGTGCCT-14-s4d8,GARQ,D11,0,40,38,15,0.60925967,Proerythroblast
GAAGGCTAGCCTGTGA-14-s4d8,GARQ,D11,0,40,38,24,0.0046874285,NK
GATTACGGTTAGTACG-14-s4d8,GARQ,D11,0,40,38,6,0.11005676,CD8+ T
AAAGCCGCATGGCCCA-14-s4d8,GARQ,D11,0,40,38,6,0.20985812,CD4+ T activated
CCTGTAACACCACAAC-14-s4d8,GARQ,D11,0,40,38,6,0.19481444,CD8+ T
AGCTACGTCTGGCATG-14-s4d8,GARQ,D11,0,40,38,4,0.54828966,CD14+ Mono
GCTTAACAGCAGGTGG-14-s4d8,GARQ,D11,0,40,38,5,0.06775963,CD8+ T
ATTACGTCAAGGACCA-14-s4d8,GARQ,D11,0,40,38,16,0.11158681,HSC
ATTATGGTCTGTTGCC-14-s4d8,GARQ,D11,0,40,38,6,0.17272365,CD8+ T
GTTACAGGTTCACCAT-14-s4d8,GARQ,D11,0,40,38,13,0.094730616,CD8+ T
TTGCAACAGAATCTCA-14-s4d8,GARQ,D11,0,40,38,6,0.15556347,CD8+ T
GCTAGTGTCAAGCCTG-14-s4d8,GARQ,D11,0,40,38,11,0.021127403,CD14+ Mono
TAAGCTGGTTCCGCAC-14-s4d8,GARQ,D11,0,40,38,15,1.076342,Proerythroblast
TCCATAAAGTCTATGA-14-s4d8,GARQ,D11,0,40,38,11,0.040416718,Lymph prog
CGCATATAGACAAGTG-14-s4d8,GARQ,D11,0,40,38,6,0.49227726,CD8+ T
GGGAATATCATCAGTA-14-s4d8,GARQ,D11,0,40,38,24,0.08872461,NK
CTGCTACTCAAGCTAC-14-s4d8,GARQ,D11,0,40,38,5,0.21056426,CD8+ T
GCTAGCTCAATCCTAG-14-s4d8,GARQ,D11,0,40,38,15,0.41592723,Proerythroblast
TCGTTTCCAGGAACAT-14-s4d8,GARQ,D11,0,40,38,4,0.12525284,cDC2
CAGTACCCAATTAACC-14-s4d8,GARQ,D11,0,40,38,5,0.002598703,CD4+ T naive
CATAATGTCGCTCCAT-14-s4d8,GARQ,D11,0,40,38,5,0.2549168,CD8+ T
TATCACGCAATAGCAA-14-s4d8,GARQ,D11,0,40,38,6,0.30864906,CD8+ T
GCCCAAATCTAAGTCA-14-s4d8,GARQ,D11,0,40,38,3,0.06827152,CD8+ T
ATAAGCCTCCGGAACC-14-s4d8,GARQ,D11,0,40,38,11,0.21849322,Naive CD20+ B
GGAATCTTCTAAGTCA-14-s4d8,GARQ,D11,0,40,38,9,0.035881996,Naive CD20+ B
ATGGCTGTCACTAATG-14-s4d8,GARQ,D11,0,40,38,22,0.06534016,Transitional B
GAAGTGATCGCAGGCT-14-s4d8,GARQ,D11,0,40,38,22,0.17735016,Naive CD20+ B
GAGGGAGCAGCAACCT-14-s4d8,GARQ,D11,0,40,38,15,0.79457736,Proerythroblast
GGGCTAACACTCGCTC-14-s4d8,GARQ,D11,0,40,38,6,0.03516525,CD4+ T activated
GGTGCTGGTGGATTAT-14-s4d8,GARQ,D11,0,40,38,15,0.8898679,Proerythroblast
CTTTATGGTATCTGGA-14-s4d8,GARQ,D11,0,40,38,15,0.38007686,CD4+ T naive
ACTCGCTTCATAATCG-14-s4d8,GARQ,D11,0,40,38,22,0.026757717,Naive CD20+ B
GTGTGAGCACAGAACG-14-s4d8,GARQ,D11,0,40,38,6,0.055474043,CD8+ T
ACCAGCTCAGCAAATA-14-s4d8,GARQ,D11,0,40,38,11,0.0066615343,Naive CD20+ B
ACAAACTGTGGAAGGC-14-s4d8,GARQ,D11,0,40,38,4,0.18118477,cDC2
GGTTAATGTTGGTGAC-14-s4d8,GARQ,D11,0,40,38,4,0.21273422,G/M prog
CACAGGCTCTGCAACG-14-s4d8,GARQ,D11,0,40,38,6,0.09375596,CD8+ T
AAGTGTTGTTCGGTAA-14-s4d8,GARQ,D11,0,40,38,15,0.5218776,Proerythroblast
GACAATACATGGAGGC-14-s4d8,GARQ,D11,0,40,38,35,0.01880461,CD8+ T
CAGTACCCAGATAGAC-14-s4d8,GARQ,D11,0,40,38,5,0.098713875,CD8+ T
GGTGAGCCAAGGAATC-14-s4d8,GARQ,D11,0,40,38,9,0.018430948,Transitional B
AAGCGTTTCCACCTTA-14-s4d8,GARQ,D11,0,40,38,6,0.15295053,CD8+ T
GGTAATTGTCCTAATC-14-s4d8,GARQ,D11,0,40,38,6,0.09428489,CD8+ T
CGCACACAGGTAAGGC-14-s4d8,GARQ,D11,0,40,38,5,0.35740662,CD8+ T
CATGCATAGGTCATTA-14-s4d8,GARQ,D11,0,40,38,5,0.05133021,CD8+ T
CAGCCTAAGGAACCAA-14-s4d8,GARQ,D11,0,40,38,11,0.046361804,B1 B
AGAACAAGTCAATAGT-14-s4d8,GARQ,D11,0,40,38,8,0.014298201,CD8+ T
TTTAACCTCGAGCTAT-14-s4d8,GARQ,D11,0,40,38,4,0.31812835,CD14+ Mono
CATAATCCACTTACAG-14-s4d8,GARQ,D11,0,40,38,15,0.97584534,Erythroblast
ACGTCCAAGAAAGGAA-14-s4d8,GARQ,D11,0,40,38,34,0.0012469292,CD4+ T activated
CCTATTTAGCCAGTAT-14-s4d8,GARQ,D11,0,40,38,3,0.022306323,CD8+ T
GGGAGTAGTCACAGCG-14-s4d8,GARQ,D11,0,40,38,5,0.021229208,CD8+ T
TTAAAGGCAAGCTAAA-14-s4d8,GARQ,D11,0,40,38,5,0.11245096,CD8+ T
CTAGATTCAGCAAGAT-14-s4d8,GARQ,D11,0,40,38,11,0.02318722,Plasma cell
CAATATGTCTTGTCTG-14-s4d8,GARQ,D11,0,40,38,4,0.3276137,CD16+ Mono
AATTGTGTCACGAATC-14-s4d8,GARQ,D11,0,40,38,15,1.0670547,Normoblast
GTTTGTCGTCAAAGGG-14-s4d8,GARQ,D11,0,40,38,4,0.018360913,Lymph prog
CCTGGTAAGGAGGGTT-14-s4d8,GARQ,D11,0,40,38,15,0.5929306,Proerythroblast
CGCGATTCAGGCATCT-14-s4d8,GARQ,D11,0,40,38,6,0.0199337,CD8+ T
CTCTAGCTCCGCACAA-14-s4d8,GARQ,D11,0,40,38,5,0.048039794,CD8+ T
CTGCAATAGACAGGTA-14-s4d8,GARQ,D11,0,40,38,9,0.0021030903,Naive CD20+ B
ATCATGTCAAAGGCCA-14-s4d8,GARQ,D11,0,40,38,15,1.2980763,Proerythroblast
ACCAGCTCACGGTTTA-14-s4d8,GARQ,D11,0,40,38,4,0.44676095,cDC2
GAACGAATCGATTCTT-14-s4d8,GARQ,D11,0,40,38,5,0.2236774,CD8+ T
AAGCTCCCAGATTCAT-14-s4d8,GARQ,D11,0,40,38,22,0.0035675764,Naive CD20+ B
AGCCGCTAGTTCCCAC-14-s4d8,GARQ,D11,0,40,38,11,0.024273396,Transitional B
TCAATCGCAGTTTCTC-14-s4d8,GARQ,D11,0,40,38,5,0.03168893,CD8+ T
ACTTACTTCCGGTTGA-14-s4d8,GARQ,D11,0,40,38,6,0.0022103786,CD8+ T
CCTATAGCACAGCCTG-14-s4d8,GARQ,D11,0,40,38,4,0.3217432,CD14+ Mono
CTATTCAGTACCGAAC-14-s4d8,GARQ,D11,0,40,38,22,0.19925857,Transitional B
TGGTTAATCAGGTTTA-14-s4d8,GARQ,D11,0,40,38,6,0.06786585,CD8+ T
GACCTTTGTAACAGGG-14-s4d8,GARQ,D11,0,40,38,11,0.041140676,Naive CD20+ B
TATCACAAGGTGTTAC-14-s4d8,GARQ,D11,0,40,38,38,0.07159567,CD8+ T
CAATGCCCATGTTGCA-14-s4d8,GARQ,D11,0,40,38,13,0.079190016,CD8+ T
CTACTTAGTTAGAGCC-14-s4d8,GARQ,D11,0,40,38,17,0.03964567,CD4+ T activated
ATGAAGCCAAGGACCA-14-s4d8,GARQ,D11,0,40,38,4,0.9387939,CD14+ Mono
GGGTTTGTCCTAAGAC-14-s4d8,GARQ,D11,0,40,38,4,0.014436007,cDC2
AATACCGGTATTCGCT-14-s4d8,GARQ,D11,0,40,38,4,0.9123315,CD14+ Mono
CATGCGCAGAGGGACT-14-s4d8,GARQ,D11,0,40,38,5,0.096194506,Lymph prog
CTCTAAGCAAGGTGGC-14-s4d8,GARQ,D11,0,40,38,15,0.97036135,Proerythroblast
CTATTACTCTCTAGCC-14-s4d8,GARQ,D11,0,40,38,5,0.16343975,CD8+ T
ACCCGTAAGAAGGTGC-14-s4d8,GARQ,D11,0,40,38,5,0.050923944,CD8+ T
ACTAACTCAGCTCAAC-14-s4d8,GARQ,D11,0,40,38,11,0.038365483,Transitional B
AGTCCTTGTTGTCATC-14-s4d8,GARQ,D11,0,40,38,6,0.0029104948,CD8+ T
GCAATAGAGTTGTCAA-14-s4d8,GARQ,D11,0,40,38,22,0.018533349,Transitional B
AAACATGCAGTCTAAT-14-s4d8,GARQ,D11,0,40,38,6,0.15540588,CD8+ T
GAATTTGTCTATTGTC-14-s4d8,GARQ,D11,0,40,38,4,0.3372816,CD16+ Mono
GTGCACGGTAAGCACC-14-s4d8,GARQ,D11,0,40,38,25,0.022638679,Lymph prog
GACTAATGTTAGAGCC-14-s4d8,GARQ,D11,0,40,38,6,0.17025352,CD8+ T
TTTCACCCAATTAACC-14-s4d8,GARQ,D11,0,40,38,38,0.010870516,CD8+ T
TCGTGCTTCGTCCTTA-14-s4d8,GARQ,D11,0,40,38,6,0.066667855,CD8+ T
CTCGTTATCGCTAGCA-14-s4d8,GARQ,D11,0,40,38,24,0.0042034388,NK
GATAAGCCAACCTGGT-14-s4d8,GARQ,D11,0,40,38,9,0.04215324,Naive CD20+ B
ACCACATAGATGGACA-14-s4d8,GARQ,D11,0,40,38,32,0.1619249,HSC
GAACGAATCGCCTAAG-14-s4d8,GARQ,D11,0,40,38,35,0.0124409795,CD8+ T
CCATAATCATGTTGCA-14-s4d8,GARQ,D11,0,40,38,9,0.025942028,Naive CD20+ B
CAATGACTCACGCATG-14-s4d8,GARQ,D11,0,40,38,3,0.04234147,CD4+ T naive
CTAGGCGGTCGTTACT-14-s4d8,GARQ,D11,0,40,38,5,0.206168,CD8+ T
GTCTCACTCTATTGTC-14-s4d8,GARQ,D11,0,40,38,4,0.45625597,CD14+ Mono
GCATGAGCAATTTAGC-14-s4d8,GARQ,D11,0,40,38,6,0.27416748,CD8+ T
CTAAGTCAGCTGTAAC-14-s4d8,GARQ,D11,0,40,38,15,1.4284217,Erythroblast
TTCACTGTCAGGTTTA-14-s4d8,GARQ,D11,0,40,38,15,0.83211935,Proerythroblast
AAGTAGCCATAAGCAA-14-s4d8,GARQ,D11,0,40,38,4,0.3207289,CD14+ Mono
ACCAGGCTCCTAATGA-14-s4d8,GARQ,D11,0,40,38,11,0.06879926,Transitional B
AATTGGGAGTTATGGC-14-s4d8,GARQ,D11,0,40,38,4,0.5751785,CD14+ Mono
GGGTGTTGTCGCAAAC-14-s4d8,GARQ,D11,0,40,38,3,0.008200407,CD8+ T
TGAGGCACAAGTGTTT-14-s4d8,GARQ,D11,0,40,38,11,0.13348436,Naive CD20+ B
TACGTACAGCTTATGA-14-s4d8,GARQ,D11,0,40,38,25,0.034003556,Transitional B
TTCGGTACAATCCCTT-14-s4d8,GARQ,D11,0,40,38,5,0.11517131,CD8+ T
ATCGGCCAGTTGCGTG-14-s4d8,GARQ,D11,0,40,38,5,0.04130137,CD8+ T
TCACCGGCAACTAGAA-14-s4d8,GARQ,D11,0,40,38,3,0.12679821,CD8+ T
GGGTTTGTCAAGCCTG-14-s4d8,GARQ,D11,0,40,38,11,0.04938364,Naive CD20+ B
TTAGGAACAAATTCGT-14-s4d8,GARQ,D11,0,40,38,6,0.05830735,CD8+ T
CCTTAACGTGGCTTCC-14-s4d8,GARQ,D11,0,40,38,18,0.019996524,B1 B
CGCGATTCAGGAACTG-14-s4d8,GARQ,D11,0,40,38,6,0.10372299,CD8+ T
AGCTGCTCATAAGCAA-14-s4d8,GARQ,D11,0,40,38,11,0.03178191,Naive CD20+ B
AGCGGACCAGTAAGTA-14-s4d8,GARQ,D11,0,40,38,6,0.063187,CD8+ T
CGAACCGGTTAGCATG-14-s4d8,GARQ,D11,0,40,38,3,0.18502033,CD8+ T
TTGATGTCAGTAATAG-14-s4d8,GARQ,D11,0,40,38,6,0.021590233,CD8+ T
GTGAGGAGTTTGGGCG-14-s4d8,GARQ,D11,0,40,38,4,0.21332777,G/M prog
GGGCGAATCATTATGG-14-s4d8,GARQ,D11,0,40,38,3,0.15575194,CD8+ T
CGTTAAATCCCTCACG-14-s4d8,GARQ,D11,0,40,38,6,0.08883262,NK
GGGCATTGTACTGAAT-14-s4d8,GARQ,D11,0,40,38,11,0.018994689,Naive CD20+ B
TATTACCTCTCGACCT-14-s4d8,GARQ,D11,0,40,38,15,0.7541317,Erythroblast
TAATTGCCACTAAGTT-14-s4d8,GARQ,D11,0,40,38,26,0.028241754,CD4+ T naive
TGTCAGTAGGTGAAAT-14-s4d8,GARQ,D11,0,40,38,18,0.16378975,Naive CD20+ B
ATGGCTAGTAGGTTTG-14-s4d8,GARQ,D11,0,40,38,18,0.022884727,Lymph prog
AAGGTCAAGCAGGTTT-14-s4d8,GARQ,D11,0,40,38,6,0.07654148,CD8+ T
CGTGAGGAGGCCTGGT-14-s4d8,GARQ,D11,0,40,38,6,0.0039530993,CD4+ T naive
GCGTGCTAGACTCGCA-14-s4d8,GARQ,D11,0,40,38,4,0.7189616,CD14+ Mono
CAATGTCAGCGCAATT-14-s4d8,GARQ,D11,0,40,38,35,0.012957692,NK
TGAAGTGAGGGACTAA-14-s4d8,GARQ,D11,0,40,38,22,0.053430796,B1 B
ACACAATGTTGTAAAC-14-s4d8,GARQ,D11,0,40,38,39,0.018077254,CD4+ T naive
GTTAAACGTAGCCTAA-14-s4d8,GARQ,D11,0,40,38,35,0.033344507,CD8+ T
CCCAAACCACCTAATG-14-s4d8,GARQ,D11,0,40,38,24,0.09364438,NK
CTATTGAAGGGCTTAT-14-s4d8,GARQ,D11,0,40,38,15,1.1188718,Erythroblast
GTGCGGTTCGTTAACA-14-s4d8,GARQ,D11,0,40,38,6,0.10239899,CD8+ T
GTGCTGATCTTAGGGT-14-s4d8,GARQ,D11,0,40,38,5,0.057825446,CD8+ T
ATGAAGCCATAGCAGG-14-s4d8,GARQ,D11,0,40,38,6,0.031129956,CD8+ T
TGCGGTTCAAACCTTG-14-s4d8,GARQ,D11,0,40,38,11,0.019331217,Transitional B
GCCGTGAGTTGCGCGA-14-s4d8,GARQ,D11,0,40,38,6,0.08802593,CD8+ T
TTGGCTTGTTTATGGG-14-s4d8,GARQ,D11,0,40,38,24,0.06725013,CD8+ T
TTTAACCTCTAATTGG-14-s4d8,GARQ,D11,0,40,38,18,0.07827687,Naive CD20+ B
CACCTGTTCCCTCACG-14-s4d8,GARQ,D11,0,40,38,11,0.032799482,Transitional B
CATCACACAGTCTAGC-14-s4d8,GARQ,D11,0,40,38,13,0.016877413,CD8+ T
AATTACCCATTGCGTA-14-s4d8,GARQ,D11,0,40,38,6,0.022078753,CD4+ T activated
AAGGATTAGGTTAGCT-14-s4d8,GARQ,D11,0,40,38,6,0.08687544,CD8+ T
TAGTACGGTGCGCAAT-14-s4d8,GARQ,D11,0,40,38,3,0.08497226,CD4+ T activated
TACAGGTTCGCTAGAT-14-s4d8,GARQ,D11,0,40,38,11,0.10538614,Naive CD20+ B
CTAGCTTGTACCGGAT-14-s4d8,GARQ,D11,0,40,38,6,0.19061625,B1 B
TTGGCTTGTAAGCACC-14-s4d8,GARQ,D11,0,40,38,6,0.18030763,CD8+ T
CTTGCTCAGTTATTCC-14-s4d8,GARQ,D11,0,40,38,5,0.05724901,CD8+ T
CAACAGGCATCGTTCT-14-s4d8,GARQ,D11,0,40,38,6,0.053188205,CD4+ T activated
AGGGCCTTCATTGTTC-14-s4d8,GARQ,D11,0,40,38,2,0.043066204,CD8+ T
GATGCATTCATGAAGG-14-s4d8,GARQ,D11,0,40,38,1,0.109812856,CD8+ T
GGCATGGAGTGCACGC-14-s4d8,GARQ,D11,0,40,38,15,0.78621304,Proerythroblast
GCGTAACGTAATGACT-14-s4d8,GARQ,D11,0,40,38,6,0.08051574,CD8+ T
GTCTTTAGTTGTAACG-14-s4d8,GARQ,D11,0,40,38,6,0.09411287,CD8+ T
AGCCGCTAGTTAGTGC-14-s4d8,GARQ,D11,0,40,38,4,0.06665832,Lymph prog
CGGGACAAGAGAAGGG-14-s4d8,GARQ,D11,0,40,38,9,0.06915367,Naive CD20+ B
AAGCGTTTCATAACGC-14-s4d8,GARQ,D11,0,40,38,6,0.14143866,CD8+ T
GCCACACAGGTCAAAG-14-s4d8,GARQ,D11,0,40,38,6,0.16498113,CD4+ T activated
TGTCCTGGTGCTTTAC-14-s4d8,GARQ,D11,0,40,38,3,0.04121071,NK
CTAATAGTCAATAGCC-14-s4d8,GARQ,D11,0,40,38,35,0.08172417,NK
GGTTAGCGTTCCGCAC-14-s4d8,GARQ,D11,0,40,38,6,0.11471069,CD8+ T
CGCAATTAGCTTATGA-14-s4d8,GARQ,D11,0,40,38,5,0.072809696,CD8+ T
CAATCCCTCAAGACTC-14-s4d8,GARQ,D11,0,40,38,16,0.06764853,HSC
CCTGTTGGTTGACTTC-14-s4d8,GARQ,D11,0,40,38,38,0.05298716,CD4+ T naive
GACAATACAAGCTAAA-14-s4d8,GARQ,D11,0,40,38,5,0.04802215,CD8+ T
GTGATCAGTTGCACGG-14-s4d8,GARQ,D11,0,40,38,4,0.2417512,G/M prog
GATTCAATCAGTTCCC-14-s4d8,GARQ,D11,0,40,38,4,0.567296,CD14+ Mono
GTAAGGTCATTGCGTA-14-s4d8,GARQ,D11,0,40,38,3,0.014455318,CD8+ T
AGTAACACAGCCAGAA-14-s4d8,GARQ,D11,0,40,38,15,1.0184695,Proerythroblast
GGAACGGTCATGTGGT-14-s4d8,GARQ,D11,0,40,38,35,0.0058382154,CD8+ T
CGCACCACATGGTTAT-14-s4d8,GARQ,D11,0,40,38,24,0.01967144,CD8+ T
CCTAAGTAGCTTTGGG-14-s4d8,GARQ,D11,0,40,38,11,0.06497264,Naive CD20+ B
TCGCGAGGTTGCCTCA-14-s4d8,GARQ,D11,0,40,38,3,0.03873521,CD8+ T
TCATACTTCTTGTTCG-14-s4d8,GARQ,D11,0,40,38,22,0.014804721,Lymph prog
CTATGATCACCCACAG-14-s4d8,GARQ,D11,0,40,38,6,0.01787734,CD8+ T
CCAGCTAAGACTAAGG-14-s4d8,GARQ,D11,0,40,38,4,0.37341934,CD14+ Mono
AGCCAGTGTGATCATG-14-s4d8,GARQ,D11,0,40,38,4,0.9501276,CD14+ Mono
AGCTTAATCACCAATA-14-s4d8,GARQ,D11,0,40,38,4,0.5871623,CD14+ Mono
AAGCAAGTCCTTCTAG-14-s4d8,GARQ,D11,0,40,38,6,0.12636447,CD8+ T
GTGTGTTAGCCGCTAA-14-s4d8,GARQ,D11,0,40,38,22,0.14544582,Lymph prog
CCACATTGTAATGACT-14-s4d8,GARQ,D11,0,40,38,5,0.07024479,CD8+ T
TCAAACCAGCAGCTCA-14-s4d8,GARQ,D11,0,40,38,3,0.012178183,CD8+ T
GAAGCCTGTTAGACCA-14-s4d8,GARQ,D11,0,40,38,5,0.19851607,CD8+ T
ATCCTGACATGAGTTT-14-s4d8,GARQ,D11,0,40,38,6,0.07087791,CD4+ T activated
CTAACCTGTGAATCGC-14-s4d8,GARQ,D11,0,40,38,22,0.15958405,Transitional B
GGGAGTAGTTGTGACA-14-s4d8,GARQ,D11,0,40,38,6,0.04514861,CD8+ T
GGATATTGTGTTGTAG-14-s4d8,GARQ,D11,0,40,38,18,0.048257113,Naive CD20+ B
TGATTGCAGCGGCTGT-14-s4d8,GARQ,D11,0,40,38,6,0.02322805,CD8+ T
TCATAACCAGTTTCTC-14-s4d8,GARQ,D11,0,40,38,5,0.22252202,CD8+ T
ATTATCCTCATTACAG-14-s4d8,GARQ,D11,0,40,38,36,0.010409832,Transitional B
TCGTTAAAGGACTTAC-14-s4d8,GARQ,D11,0,40,38,5,0.01785183,CD8+ T
CATTGTAAGAGGAGGA-14-s4d8,GARQ,D11,0,40,38,36,0.0243721,Transitional B
AGGAACGGTAGCTAGC-14-s4d8,GARQ,D11,0,40,38,11,0.035793066,Transitional B
GGTCTTTGTGCACGCA-14-s4d8,GARQ,D11,0,40,38,15,0.44102585,Proerythroblast
TTAGGAACAGAATGAC-14-s4d8,GARQ,D11,0,40,38,11,0.053016126,Naive CD20+ B
GTCGAAGCAGGACCAA-14-s4d8,GARQ,D11,0,40,38,1,0.07569593,CD8+ T
CCGCTAAAGGCCAATT-14-s4d8,GARQ,D11,0,40,38,9,0.032413006,Naive CD20+ B
CAGGTGGAGACAACGA-14-s4d8,GARQ,D11,0,40,38,5,0.012730718,CD8+ T
CGGATTAGTTGTGATG-14-s4d8,GARQ,D11,0,40,38,6,0.021215558,CD4+ T activated
AGGAAACGTGGATTAT-14-s4d8,GARQ,D11,0,40,38,15,1.3957993,Proerythroblast
CTTATTGGTTTGGTTC-14-s4d8,GARQ,D11,0,40,38,18,0.0017575026,B1 B
CCAATATCAGGCTTGT-14-s4d8,GARQ,D11,0,40,38,15,0.9939021,Proerythroblast
AGGTGAGGTTAGCAGC-14-s4d8,GARQ,D11,0,40,38,11,0.061120868,Naive CD20+ B
GCCTTAACATTAAACC-14-s4d8,GARQ,D11,0,40,38,4,0.54704523,CD14+ Mono
GTTACCTGTACCAGGT-14-s4d8,GARQ,D11,0,40,38,18,0.12851095,Naive CD20+ B
TAGTGAGAGAAAGCAT-14-s4d8,GARQ,D11,0,40,38,6,0.08971405,CD8+ T
CTAGCTGAGCTGTACG-14-s4d8,GARQ,D11,0,40,38,6,0.10528433,CD8+ T
GCTGCATCATAAGCAA-14-s4d8,GARQ,D11,0,40,38,6,0.0589056,CD8+ T
AGTTGTCAGCGATAAG-14-s4d8,GARQ,D11,0,40,38,6,0.035087705,CD8+ T
TTTAAGCCAACACCTA-14-s4d8,GARQ,D11,0,40,38,5,0.45128644,CD8+ T
GAACCTTAGGTCTTGG-14-s4d8,GARQ,D11,0,40,38,11,0.17865461,Naive CD20+ B
GCCATTACACATTGCA-14-s4d8,GARQ,D11,0,40,38,11,0.034928083,Transitional B
CAATGTGGTTACAAAC-14-s4d8,GARQ,D11,0,40,38,6,0.059312165,CD4+ T naive
CGTCAATAGCTGGAAA-14-s4d8,GARQ,D11,0,40,38,3,0.040943623,CD4+ T activated
TAAGCTATCCACCTTA-14-s4d8,GARQ,D11,0,40,38,2,0.03830707,CD8+ T
TGCTAACAGTAAGTGG-14-s4d8,GARQ,D11,0,40,38,34,0.050071955,CD8+ T
TCTAGCCTCTGCAAAC-14-s4d8,GARQ,D11,0,40,38,33,0.016269922,CD8+ T
CCGCTTAGTTTAACGG-14-s4d8,GARQ,D11,0,40,38,1,0.0025799274,CD8+ T
GAGCCTTCACCAGCAT-14-s4d8,GARQ,D11,0,40,38,22,0.14048672,Lymph prog
CATCCTCAGTCCTTTG-14-s4d8,GARQ,D11,0,40,38,14,0.08908492,Lymph prog
CTCCGGACACTATGGC-14-s4d8,GARQ,D11,0,40,38,22,0.05265808,B1 B
ACCAATATCTTCAATC-14-s4d8,GARQ,D11,0,40,38,15,1.1707032,Proerythroblast
TTTCAGTTCTTGTCCA-14-s4d8,GARQ,D11,0,40,38,4,0.4573754,CD14+ Mono
GCGGATACATACCCGG-14-s4d8,GARQ,D11,0,40,38,4,0.46429768,CD14+ Mono
CAGGACACACCGGCTA-14-s4d8,GARQ,D11,0,40,38,5,0.17638564,CD8+ T
AACCTTGCATAGTCAT-14-s4d8,GARQ,D11,0,40,38,6,0.059571385,CD8+ T
AGTATAGCACCATATG-14-s4d8,GARQ,D11,0,40,38,8,0.11440492,CD8+ T
GCCTACTTCCCGCAAA-14-s4d8,GARQ,D11,0,40,38,4,0.8827889,CD14+ Mono
GGAGTCTGTCGCGCAA-14-s4d8,GARQ,D11,0,40,38,5,0.07552326,CD8+ T
TTTAACCTCATGGTGT-14-s4d8,GARQ,D11,0,40,38,22,0.057112038,Naive CD20+ B
CTATGGCCATAGCGGA-14-s4d8,GARQ,D11,0,40,38,11,0.12306309,cDC2
TCTTAGTTCTTAATGG-14-s4d8,GARQ,D11,0,40,38,15,0.6292618,Normoblast
ATTGTGATCACTAGGT-14-s4d8,GARQ,D11,0,40,38,5,0.17346847,CD8+ T
GCAACAGCAACACCTA-14-s4d8,GARQ,D11,0,40,38,35,0.100862384,CD8+ T
AAGCAAGTCTTGCAGG-14-s4d8,GARQ,D11,0,40,38,9,0.016548157,B1 B
AACTAGCTCAGCTAAC-14-s4d8,GARQ,D11,0,40,38,22,0.03340602,Naive CD20+ B
CTTTGAGCAAACCTTG-14-s4d8,GARQ,D11,0,40,38,22,0.064656615,B1 B
CCACAATAGGACACTT-14-s4d8,GARQ,D11,0,40,38,15,0.92415303,Proerythroblast
CTTGCTCAGCAGCTAT-14-s4d8,GARQ,D11,0,40,38,11,0.077940404,B1 B
ATCCTGACAGTATGTT-14-s4d8,GARQ,D11,0,40,38,3,0.06701028,CD4+ T activated
TTGTGCCTCCTTAGGG-14-s4d8,GARQ,D11,0,40,38,22,0.057649314,B1 B
TCATTTGGTTAATGAC-14-s4d8,GARQ,D11,0,40,38,3,0.16915226,CD8+ T
CCCAGTTTCCGGAACC-14-s4d8,GARQ,D11,0,40,38,5,0.15275049,CD8+ T
GTGCATTAGTGAGGTA-14-s4d8,GARQ,D11,0,40,38,3,0.047104,CD8+ T
AAGGTATAGTAGGATG-14-s4d8,GARQ,D11,0,40,38,15,0.91037583,Proerythroblast
ACGAGTAAGAACCTAC-14-s4d8,GARQ,D11,0,40,38,3,0.045970798,CD8+ T
TGTAAGCTCATTAGCA-14-s4d8,GARQ,D11,0,40,38,6,0.13208508,CD8+ T
TTCATTCAGGGATGAC-14-s4d8,GARQ,D11,0,40,38,11,0.020733118,Naive CD20+ B
ATCGAGGCAATATACC-14-s4d8,GARQ,D11,0,40,38,38,0.046949685,CD8+ T
TTCCTCAAGATGGACA-14-s4d8,GARQ,D11,0,40,38,14,0.022233605,Transitional B
CTAGGACGTAAGCACC-14-s4d8,GARQ,D11,0,40,38,11,0.07864165,Naive CD20+ B
GATTGATGTAGCCTAA-14-s4d8,GARQ,D11,0,40,38,6,0.10878354,CD8+ T
AAGTTAGCATTGGGAG-14-s4d8,GARQ,D11,0,40,38,11,0.083207846,Naive CD20+ B
AGGCTAGCAGGTCCTG-14-s4d8,GARQ,D11,0,40,38,15,0.67418927,Proerythroblast
ACGTCAAGTTATAGCG-14-s4d8,GARQ,D11,0,40,38,6,0.16169631,CD8+ T
TACCTTTAGGAGGGTT-14-s4d8,GARQ,D11,0,40,38,4,0.44132775,CD14+ Mono
TAGGAGGGTAGGATTT-14-s4d8,GARQ,D11,0,40,38,11,0.06332934,Transitional B
AGGACGTAGAGGAGGA-14-s4d8,GARQ,D11,0,40,38,6,0.08763564,CD8+ T
ACGACAAAGCCGCAGT-14-s4d8,GARQ,D11,0,40,38,1,0.018048167,CD8+ T
CAGCATGTCCTAGTCC-14-s4d8,GARQ,D11,0,40,38,6,0.03174758,CD4+ T activated
TCAGCGATCGAGCTAT-14-s4d8,GARQ,D11,0,40,38,11,0.046469986,Lymph prog
CGCTACTTCAGCACGC-14-s4d8,GARQ,D11,0,40,38,4,0.5093165,CD14+ Mono
TTGTCCATCACCAATA-14-s4d8,GARQ,D11,0,40,38,4,0.6246791,CD14+ Mono
ATAGATGCAGGAACAT-14-s4d8,GARQ,D11,0,40,38,9,0.013630867,Naive CD20+ B
CAATCTAAGGGTGAAC-14-s4d8,GARQ,D11,0,40,38,6,0.080272436,CD8+ T
TAGTAGGAGCGATAGA-14-s4d8,GARQ,D11,0,40,38,22,0.20703173,Naive CD20+ B
TTAAGTGTCCGGTTGA-14-s4d8,GARQ,D11,0,40,38,5,0.10021448,CD8+ T
GGCCTTCGTTTGGCTT-14-s4d8,GARQ,D11,0,40,38,5,0.09600556,CD8+ T
TGCTCCGTCAGCATTA-14-s4d8,GARQ,D11,0,40,38,9,0.035571337,Naive CD20+ B
GTCGAGGAGCTGCACA-14-s4d8,GARQ,D11,0,40,38,4,0.13906264,CD16+ Mono
ATGGCCCAGGTGCGGA-14-s4d8,GARQ,D11,0,40,38,6,0.098199844,CD8+ T
GTAGGCGAGGTGAAGC-14-s4d8,GARQ,D11,0,40,38,3,0.08717048,CD8+ T
AGTGCCGGTTGTCATC-14-s4d8,GARQ,D11,0,40,38,6,0.11802727,CD4+ T activated
TGGCCTTTCCTCACAC-14-s4d8,GARQ,D11,0,40,38,22,0.12742984,cDC2
AGAATCTGTTGGTTAG-14-s4d8,GARQ,D11,0,40,38,4,0.47108448,CD14+ Mono
ATTCCGGAGGACCTGC-14-s4d8,GARQ,D11,0,40,38,3,0.033947825,CD8+ T
CGTAATGGTTCGGTAA-14-s4d8,GARQ,D11,0,40,38,6,0.14210021,NK
CGTGTTACACAAACTT-14-s4d8,GARQ,D11,0,40,38,13,0.0062590837,CD8+ T
TTACGTTTCATGCATA-14-s4d8,GARQ,D11,0,40,38,18,0.045362175,Naive CD20+ B
GAGGTACAGTGAGAGC-14-s4d8,GARQ,D11,0,40,38,6,0.115623,CD8+ T
GAACCAAAGTAGCCAT-14-s4d8,GARQ,D11,0,40,38,6,0.0076043606,CD8+ T
CTCCTGAGTTCACTGT-14-s4d8,GARQ,D11,0,40,38,15,0.8041268,Proerythroblast
ATTCGTTTCCAACTGG-14-s4d8,GARQ,D11,0,40,38,15,0.5255318,CD4+ T activated
CAATATGTCATGACCG-14-s4d8,GARQ,D11,0,40,38,11,0.058774948,Naive CD20+ B
TATAGGTGTTCAAGCA-14-s4d8,GARQ,D11,0,40,38,3,0.16355592,NK
CGAGCGAAGGATAAAC-14-s4d8,GARQ,D11,0,40,38,5,0.10697037,CD8+ T
AATGTCATCGTGCTTC-14-s4d8,GARQ,D11,0,40,38,19,0.020761192,CD8+ T
GCTAGCCAGGGACGCA-14-s4d8,GARQ,D11,0,40,38,5,0.15492815,CD4+ T activated
CTAATAGTCAGGAAGC-14-s4d8,GARQ,D11,0,40,38,6,0.2291894,CD8+ T
GGTTGCTCAAGGAATC-14-s4d8,GARQ,D11,0,40,38,6,0.11795664,CD8+ T
AGCCTCCGTCAATACG-14-s4d8,GARQ,D11,0,40,38,6,0.014741659,CD8+ T
AACGGTAAGAGGATAT-14-s4d8,GARQ,D11,0,40,38,11,0.048045516,Naive CD20+ B
GCATTAGGTAGGTGTC-14-s4d8,GARQ,D11,0,40,38,22,0.040228486,Transitional B
AAGACCAAGGTGTCCA-14-s4d8,GARQ,D11,0,40,38,4,1.0463077,CD14+ Mono
GCAAACTTCCGTGACA-14-s4d8,GARQ,D11,0,40,38,3,0.014889777,CD8+ T
TATATCCTCTTTGTAC-14-s4d8,GARQ,D11,0,40,38,4,0.53678,CD14+ Mono
AACCTCCTCATGGCTG-14-s4d8,GARQ,D11,0,40,38,15,0.7281585,Proerythroblast
AACTGTTCAACAGCCT-14-s4d8,GARQ,D11,0,40,38,5,0.16687465,CD8+ T
TCCCTGGTCGCTTGCT-14-s4d8,GARQ,D11,0,40,38,3,0.073021054,CD8+ T
TCGTTATTCGCACAAT-14-s4d8,GARQ,D11,0,40,38,13,1.4305115e-06,CD8+ T
TATATCCTCAAATCGC-14-s4d8,GARQ,D11,0,40,38,17,0.0006364584,CD8+ T
CCTAGTTGTTACTAGG-14-s4d8,GARQ,D11,0,40,38,6,0.13471532,CD8+ T
AGGAACGGTTGGTTCT-14-s4d8,GARQ,D11,0,40,38,15,0.16223395,Proerythroblast
CCCGTTGTCCAACTGG-14-s4d8,GARQ,D11,0,40,38,15,1.4652069,Proerythroblast
CTACAACAGTCACTCC-14-s4d8,GARQ,D11,0,40,38,22,0.12085986,Naive CD20+ B
GTCCGTAAGTTAGACC-14-s4d8,GARQ,D11,0,40,38,21,0.008056641,CD4+ T activated
TAGTGTGGTATTGTGG-14-s4d8,GARQ,D11,0,40,38,13,0.0180642,CD8+ T
TTACAGCAGAATCTCA-14-s4d8,GARQ,D11,0,40,38,6,0.03171408,CD4+ T naive
TTAACTGAGCCTTAAA-14-s4d8,GARQ,D11,0,40,38,35,0.011270106,CD8+ T
TCAGCCTTCATTGTTC-14-s4d8,GARQ,D11,0,40,38,3,0.07255697,CD4+ T activated
GGCCTTCGTGAGGTGA-14-s4d8,GARQ,D11,0,40,38,22,0.028843164,Transitional B
TCATGTTTCGTTACAA-14-s4d8,GARQ,D11,0,40,38,5,0.07586968,CD8+ T
CCAACCAAGGGTGAAC-14-s4d8,GARQ,D11,0,40,38,6,0.13960576,CD4+ T activated
CATGCGGGTGTGCAAC-14-s4d8,GARQ,D11,0,40,38,4,0.5874918,CD14+ Mono
TTGGCTACAACTGGGA-14-s4d8,GARQ,D11,0,40,38,15,0.53463525,Erythroblast
TAGCCTGAGGCAGGTG-14-s4d8,GARQ,D11,0,40,38,6,0.07252991,CD4+ T naive
ACTTCGCTCAATGTCA-14-s4d8,GARQ,D11,0,40,38,5,0.23419356,CD8+ T
TTGTTCCCACATAACT-14-s4d8,GARQ,D11,0,40,38,11,0.024380326,Naive CD20+ B
TCAAGGTTCGGCCAGT-14-s4d8,GARQ,D11,0,40,38,4,0.65772927,CD14+ Mono
TGTTAGCAGTTTAACG-14-s4d8,GARQ,D11,0,40,38,6,0.046483994,CD8+ T
AATGCAACACTTAGGC-14-s4d8,GARQ,D11,0,40,38,4,0.59726256,CD14+ Mono
CTTATGTTCAAGCTTA-14-s4d8,GARQ,D11,0,40,38,5,0.1108073,CD8+ T
TGTGTGAGTTAGTACG-14-s4d8,GARQ,D11,0,40,38,18,0.124724746,Transitional B
ATGCTTAAGTCTTGAA-14-s4d8,GARQ,D11,0,40,38,6,0.14481473,CD8+ T
CTCTTGATCTAGCTAA-14-s4d8,GARQ,D11,0,40,38,6,0.12257373,CD8+ T
GTTCTTGTCGTTAGTA-14-s4d8,GARQ,D11,0,40,38,3,0.054075003,CD8+ T
AATTTGGTCAAACTCA-14-s4d8,GARQ,D11,0,40,38,37,0.0009813905,CD4+ T naive
CAACAATGTATTCGTC-14-s4d8,GARQ,D11,0,40,38,38,0.024962544,CD8+ T
GCATCCTTCGCTCCAT-14-s4d8,GARQ,D11,0,40,38,3,0.016582489,CD8+ T
CACGCTAAGACACCGC-14-s4d8,GARQ,D11,0,40,38,6,0.045158386,CD8+ T
GCTTAGTAGCCGCTAA-14-s4d8,GARQ,D11,0,40,38,35,0.021879673,CD8+ T
CGAGGTGAGCTAAGTC-14-s4d8,GARQ,D11,0,40,38,13,0.06961644,CD4+ T activated
ACTTCGCTCGCCTGTT-14-s4d8,GARQ,D11,0,40,38,6,0.22941446,CD8+ T
GTTAAGTGTGAGGTAG-14-s4d8,GARQ,D11,0,40,38,3,0.18743587,CD8+ T
CTCTTGATCTCACATT-14-s4d8,GARQ,D11,0,40,38,5,0.016574621,CD8+ T
CACTTTGTCCGCACAA-14-s4d8,GARQ,D11,0,40,38,4,0.2610607,cDC2
CAAACAACACTTCACT-14-s4d8,GARQ,D11,0,40,38,4,0.24971944,cDC2
AGCTACGTCCTAAGTA-14-s4d8,GARQ,D11,0,40,38,6,0.272251,CD8+ T
GTGTCCAAGCGAAGTA-14-s4d8,GARQ,D11,0,40,38,6,0.13368344,CD8+ T
TCTAACTTCTAATCAG-14-s4d8,GARQ,D11,0,40,38,15,0.56518626,Proerythroblast
GTGCTTACACAACCTA-14-s4d8,GARQ,D11,0,40,38,11,0.013627648,Naive CD20+ B
CATTCATTCGTTTCCA-14-s4d8,GARQ,D11,0,40,38,11,0.017472148,Naive CD20+ B
TGCACCTTCATTTGCT-14-s4d8,GARQ,D11,0,40,38,11,0.08036995,Transitional B
CCTTCAGGTACAAAGA-14-s4d8,GARQ,D11,0,40,38,6,0.015407801,CD8+ T
GTCCATTGTTGGTGAC-14-s4d8,GARQ,D11,0,40,38,13,0.038139343,CD8+ T
TGATCGAGTGTGTCCC-14-s4d8,GARQ,D11,0,40,38,5,0.1972779,CD8+ T
ACACTAATCCTAATGA-14-s4d8,GARQ,D11,0,40,38,38,0.037240148,CD8+ T
CTATTACTCTCAATGA-14-s4d8,GARQ,D11,0,40,38,5,0.068958044,CD8+ T
TTTAACGAGGTAAGCA-14-s4d8,GARQ,D11,0,40,38,18,0.12373614,Transitional B
GCGGAACCAGGCAAGC-14-s4d8,GARQ,D11,0,40,38,11,0.0026550293,B1 B
CCACATTGTCAAAGAA-14-s4d8,GARQ,D11,0,40,38,15,0.5374302,Proerythroblast
CAGATTCAGCAAGGGT-14-s4d8,GARQ,D11,0,40,38,31,0.04819393,CD8+ T
CAAACACTCCCTGATC-14-s4d8,GARQ,D11,0,40,38,39,0.04900652,CD4+ T activated
CCTTATGTCGGTTAGT-14-s4d8,GARQ,D11,0,40,38,6,0.09414786,CD8+ T
CCTTTAGTCAGTGAAG-14-s4d8,GARQ,D11,0,40,38,15,0.29871792,Proerythroblast
CTAGCTTGTCACGGAT-14-s4d8,GARQ,D11,0,40,38,3,0.04813242,CD8+ T
AGGTTAGAGTGCACGC-14-s4d8,GARQ,D11,0,40,38,20,0.0011119843,B1 B
GCACGCTAGGAGTCTT-14-s4d8,GARQ,D11,0,40,38,4,0.17058456,cDC2
CACTTTGTCATGTTTC-14-s4d8,GARQ,D11,0,40,38,1,0.03710276,CD4+ T naive
CTAATGTCACGTGCTG-14-s4d8,GARQ,D11,0,40,38,5,0.09815335,NK
AATGAAGGTAATCGCA-14-s4d8,GARQ,D11,0,40,38,15,1.2320093,Proerythroblast
TAAGGCTTCCAGGGAG-14-s4d8,GARQ,D11,0,40,38,6,0.08513963,CD8+ T
CTGTAACAGCACTAAC-14-s4d8,GARQ,D11,0,40,38,6,0.07504141,CD8+ T
CGAAGCCTCCAGGTTG-14-s4d8,GARQ,D11,0,40,38,15,1.0836784,Proerythroblast
CAATGACTCATTTAGG-14-s4d8,GARQ,D11,0,40,38,15,0.80765486,Proerythroblast
TTAACTGAGTTAGTTG-14-s4d8,GARQ,D11,0,40,38,35,0.001136303,CD8+ T
TTGTGTGCAGAAATTG-14-s4d8,GARQ,D11,0,40,38,3,0.0077235103,CD8+ T
ATGGCCCAGCCTGATG-14-s4d8,GARQ,D11,0,40,38,5,0.17998856,CD8+ T
GCCACACAGGAGGACT-14-s4d8,GARQ,D11,0,40,38,10,0.015227139,CD8+ T
ATTAACCCACGGTACT-14-s4d8,GARQ,D11,0,40,38,5,0.18716526,CD8+ T
GATAAGCCATAGTCAT-14-s4d8,GARQ,D11,0,40,38,15,0.008793473,Normoblast
TAGGTTATCTGTGCAG-14-s4d8,GARQ,D11,0,40,38,11,0.023953497,Transitional B
ATGGCCGGTTACTTGC-14-s4d8,GARQ,D11,0,40,38,15,0.75892067,Proerythroblast
ACCATAATCTAAGTCA-14-s4d8,GARQ,D11,0,40,38,5,0.15213418,CD8+ T
AAACGCGCAAGTCGCT-14-s4d8,GARQ,D11,0,40,38,5,0.14871383,Plasma cell
TCCAGCAAGGAGCACG-14-s4d8,GARQ,D11,0,40,38,15,0.41839844,Proerythroblast
TCAGTAATCTATTGTC-14-s4d8,GARQ,D11,0,40,38,22,0.0029598475,Naive CD20+ B
ACCCGGTAGTAGCTTA-14-s4d8,GARQ,D11,0,40,38,6,0.0042791367,NK
CTTTGGTGTGTCCAGG-14-s4d8,GARQ,D11,0,40,38,26,0.03882581,CD8+ T
TTTCCACCACCAGGTT-14-s4d8,GARQ,D11,0,40,38,9,0.07852328,Naive CD20+ B
AGTCAGGCATGTTTGG-14-s4d8,GARQ,D11,0,40,38,38,0.06902504,CD8+ T
GGTACTTAGCTCAAAC-14-s4d8,GARQ,D11,0,40,38,15,1.1012964,Proerythroblast
GCCTACTTCCTAAGGT-14-s4d8,GARQ,D11,0,40,38,27,0.048226833,CD8+ T
GTGCCTTTCCAGGTTG-14-s4d8,GARQ,D11,0,40,38,6,0.13626933,CD8+ T
CCTGAGTCAAATTGCT-14-s4d8,GARQ,D11,0,40,38,11,0.040867925,Transitional B
GCAGCAACACCGGTAT-14-s4d8,GARQ,D11,0,40,38,6,0.01029706,CD8+ T
GGTTGACGTCTAACCT-14-s4d8,GARQ,D11,0,40,38,22,0.0944494,B1 B
GAACCAAAGAAAGCAT-14-s4d8,GARQ,D11,0,40,38,15,0.7009813,Proerythroblast
AATTGTGTCATCCTGC-14-s4d8,GARQ,D11,0,40,38,5,0.058649063,CD8+ T
GGTATGTTCGCTAGAT-14-s4d8,GARQ,D11,0,40,38,5,0.06761587,CD4+ T activated
TCACGGATCAATTGGC-14-s4d8,GARQ,D11,0,40,38,22,0.12967694,B1 B
GAGTAACCAATAATGG-14-s4d8,GARQ,D11,0,40,38,5,0.07085359,CD8+ T
CATCCCAGTGTCCAGG-14-s4d8,GARQ,D11,0,40,38,6,0.05553782,CD8+ T
TGCTTAAAGCCGCAAC-14-s4d8,GARQ,D11,0,40,38,22,0.09367406,Transitional B
AACAGGATCCTGGCTT-14-s4d8,GARQ,D11,0,40,38,38,0.0026904345,CD8+ T
AGTCCTGAGGGTGAAC-14-s4d8,GARQ,D11,0,40,38,4,0.6641866,CD14+ Mono
CGGGCTTAGTACTGGT-14-s4d8,GARQ,D11,0,40,38,14,0.09719777,Lymph prog
CCTTATGTCATAATCG-14-s4d8,GARQ,D11,0,40,38,22,0.21981597,Transitional B
GTCTTTAGTGAGCGAA-14-s4d8,GARQ,D11,0,40,38,6,0.095680475,CD8+ T
TCCTTAGTCAGCACCA-14-s4d8,GARQ,D11,0,40,38,15,0.75850964,Proerythroblast
ACGCCTAAGGACGTAA-14-s4d8,GARQ,D11,0,40,38,11,0.014871836,Naive CD20+ B
CTTATTGGTTTGCGAA-14-s4d8,GARQ,D11,0,40,38,4,0.11170769,cDC2
ATTCCTAGTTAAGGTT-14-s4d8,GARQ,D11,0,40,38,15,0.53531134,Erythroblast
GGCTATTAGCTCCTAC-14-s4d8,GARQ,D11,0,40,38,17,0.070685744,CD4+ T naive
CTAGGACGTTAGAGCC-14-s4d8,GARQ,D11,0,40,38,11,0.067857265,B1 B
TGGACCGGTTCTTTAG-14-s4d8,GARQ,D11,0,40,38,6,0.055766225,CD8+ T
TTCAGCACATTAAACC-14-s4d8,GARQ,D11,0,40,38,6,0.15376854,CD8+ T
TCCCGGACACCCACAG-14-s4d8,GARQ,D11,0,40,38,6,0.027853012,CD4+ T activated
AGAGATTAGATAAAGC-14-s4d8,GARQ,D11,0,40,38,13,0.026314378,CD8+ T
TTTGGCTGTGGGAACA-14-s4d8,GARQ,D11,0,40,38,4,0.6880447,CD14+ Mono
ACCCAGGGTAATCCCT-14-s4d8,GARQ,D11,0,40,38,13,0.0066441894,Transitional B
AGTTGCGTCTGCAAGT-14-s4d8,GARQ,D11,0,40,38,3,0.01274693,CD8+ T
CTCCTAATCAATAGCC-14-s4d8,GARQ,D11,0,40,38,16,0.27617833,HSC
GAAACCCGTCAGTAAT-14-s4d8,GARQ,D11,0,40,38,35,0.042623162,NK
AGAACCGCACGTGCTG-14-s4d8,GARQ,D11,0,40,38,5,0.085852385,CD4+ T activated
TAGTTTGAGGCCATCA-14-s4d8,GARQ,D11,0,40,38,31,0.010568082,CD4+ T activated
ATTGGTTCAAACTGTT-14-s4d8,GARQ,D11,0,40,38,35,0.03454423,CD4+ T activated
TAATCACCACTTAACG-14-s4d8,GARQ,D11,0,40,38,5,0.18520069,CD8+ T
TAGCGCGGTATTTGGG-14-s4d8,GARQ,D11,0,40,38,35,0.015472293,CD8+ T
TTGTTCCCAGACAAAC-14-s4d8,GARQ,D11,0,40,38,9,0.10260975,Transitional B
CAGATTCAGGACCTCA-14-s4d8,GARQ,D11,0,40,38,24,0.06631684,CD8+ T
GTGCTCAAGTAAGTGG-14-s4d8,GARQ,D11,0,40,38,15,1.517323,Proerythroblast
AATGCATGTCACAAAT-14-s4d8,GARQ,D11,0,40,38,6,0.17206651,CD8+ T
GCGAGTGAGGCTAATC-14-s4d8,GARQ,D11,0,40,38,15,0.68159455,Proerythroblast
CGGATAAAGGCGCACT-14-s4d8,GARQ,D11,0,40,38,33,0.016033113,CD8+ T
AATGCGCGTTTAACCC-14-s4d8,GARQ,D11,0,40,38,19,0.001142025,CD8+ T
ACCTCACTCCATAATG-14-s4d8,GARQ,D11,0,40,38,4,0.57053524,CD14+ Mono
AGCATCCCACTAGCGT-14-s4d8,GARQ,D11,0,40,38,6,0.0092692375,CD8+ T
CGGGCTTAGGTCCACA-14-s4d8,GARQ,D11,0,40,38,5,0.051761746,CD8+ T
GAACCAGCATAAACCT-14-s4d8,GARQ,D11,0,40,38,5,0.12752724,CD8+ T
AGAATCTGTTTGGGCG-14-s4d8,GARQ,D11,0,40,38,35,0.03253734,CD8+ T
AGGCCCAGTACGCGCA-14-s4d8,GARQ,D11,0,40,38,15,0.88977844,Erythroblast
GAACTTATCTAGCGAT-14-s4d8,GARQ,D11,0,40,38,6,0.12775081,CD8+ T
AGTAACGAGTTGGATC-14-s4d8,GARQ,D11,0,40,38,3,0.14187741,NK
GCACGGTTCCGCAAGC-14-s4d8,GARQ,D11,0,40,38,6,0.2501892,CD8+ T
CCTAAGTAGCATGACT-14-s4d8,GARQ,D11,0,40,38,5,0.09384501,CD8+ T
CGCTGTGCAACACTTG-14-s4d8,GARQ,D11,0,40,38,24,0.31304634,NK
TGATCGAGTCATTGAG-14-s4d8,GARQ,D11,0,40,38,5,0.03589499,CD8+ T
GTACTAATCCTAGTAA-14-s4d8,GARQ,D11,0,40,38,6,0.12383503,CD8+ T
TCCAGGTCAGCAAGAT-14-s4d8,GARQ,D11,0,40,38,11,0.059116602,Lymph prog
GCGATATTCGCCTAAG-14-s4d8,GARQ,D11,0,40,38,15,0.98998135,Proerythroblast
GATTTGCAGTAATCCA-14-s4d8,GARQ,D11,0,40,38,3,0.033771753,CD8+ T
TCACCTCAGTATTGCA-14-s4d8,GARQ,D11,0,40,38,31,0.013143718,CD8+ T
AGTGGACAGTCATGCG-14-s4d8,GARQ,D11,0,40,38,1,0.07338238,CD4+ T naive
TGTTGCACACAAAGAC-14-s4d8,GARQ,D11,0,40,38,15,0.5265742,Proerythroblast
AAGGATTAGCCTGTGA-14-s4d8,GARQ,D11,0,40,38,6,0.22148418,CD4+ T activated
AGCACTAGTTTATGGG-14-s4d8,GARQ,D11,0,40,38,6,0.093224645,CD8+ T
GGTGCTGGTTTCGCGC-14-s4d8,GARQ,D11,0,40,38,14,0.017359138,CD14+ Mono
TATGGCCCAATAACGA-14-s4d8,GARQ,D11,0,40,38,6,0.084092975,CD8+ T
CTCCTGAGTTGTTGGA-14-s4d8,GARQ,D11,0,40,38,11,0.10116577,Naive CD20+ B
GTCTAGCCAACTAGAA-14-s4d8,GARQ,D11,0,40,38,11,0.015106797,Naive CD20+ B
GTTTGCTGTTCTTTAG-14-s4d8,GARQ,D11,0,40,38,15,1.2571607,Erythroblast
TTCTTAGGTAACGGGA-14-s4d8,GARQ,D11,0,40,38,38,0.11489785,CD4+ T activated
CGCATATAGGTTTGCG-14-s4d8,GARQ,D11,0,40,38,5,0.14652753,CD8+ T
TTTGTCTAGCTTCTCA-14-s4d8,GARQ,D11,0,40,38,18,0.12908006,Naive CD20+ B
GTTTAGCAGCTACTGG-14-s4d8,GARQ,D11,0,40,38,6,0.010939121,CD8+ T
TTCAGCACAAGGATTA-14-s4d8,GARQ,D11,0,40,38,15,1.2274253,Erythroblast
AAGGTCAAGCATGGTT-14-s4d8,GARQ,D11,0,40,38,9,0.031487465,Transitional B
TTCCTTCTCTTAGCCC-14-s4d8,GARQ,D11,0,40,38,5,0.06983554,CD8+ T
GATCAAGAGGTTAGAG-14-s4d8,GARQ,D11,0,40,38,6,0.05655265,CD8+ T
CTAAGTCAGGGCTAAA-14-s4d8,GARQ,D11,0,40,38,4,0.11369789,CD16+ Mono
GTCTAATCAAGTAAGC-14-s4d8,GARQ,D11,0,40,38,15,0.7776269,Proerythroblast
AATTGCTCAGTTTGTG-14-s4d8,GARQ,D11,0,40,38,33,0.011521816,CD8+ T
GATTCCTGTCTCAGCC-14-s4d8,GARQ,D11,0,40,38,22,0.01039356,Naive CD20+ B
CTTACCGGTAGACAAA-14-s4d8,GARQ,D11,0,40,38,19,0.057578444,NK
AGAGAGGAGGACCAGG-14-s4d8,GARQ,D11,0,40,38,4,0.28623545,CD14+ Mono
CGAATATGTTTGCGCC-14-s4d8,GARQ,D11,0,40,38,11,0.086483955,Naive CD20+ B
CATCCTCAGAGGAAGG-14-s4d8,GARQ,D11,0,40,38,5,0.13717782,CD8+ T
CCCGTAAAGATACTTG-14-s4d8,GARQ,D11,0,40,38,38,0.033387125,CD4+ T activated
TATCCGGAGGCTGTCA-14-s4d8,GARQ,D11,0,40,38,15,0.72420186,Proerythroblast
AGTAAGTAGACACTTA-14-s4d8,GARQ,D11,0,40,38,2,0.020365953,CD8+ T
CAGGAAGGTCCGTGAG-14-s4d8,GARQ,D11,0,40,38,22,0.036212742,Lymph prog
CCCTGTTAGCATGTCG-14-s4d8,GARQ,D11,0,40,38,4,0.26789683,CD14+ Mono
TTAAGTGTCTTAGGAC-14-s4d8,GARQ,D11,0,40,38,6,0.22571331,CD4+ T activated
ATCACTAAGGCATGTT-14-s4d8,GARQ,D11,0,40,38,11,0.0793587,Transitional B
GTTCTTGTCCTTGCAC-14-s4d8,GARQ,D11,0,40,38,13,0.041128635,CD8+ T
ATTTGTGAGGTCCAAT-14-s4d8,GARQ,D11,0,40,38,6,0.21966481,CD8+ T
GCTGTAAGTTTCGCGC-14-s4d8,GARQ,D11,0,40,38,4,0.38459122,CD14+ Mono
GTTCATTTCGCTCCAT-14-s4d8,GARQ,D11,0,40,38,6,0.0935483,CD4+ T naive
GTGCTTACAAATATCC-14-s4d8,GARQ,D11,0,40,38,5,0.17647421,CD8+ T
