cell_id,method,dataset,seed,requested_K,realized_K,metacell_id,delta_confidence,cell_type
CAATCCTGTGATTACG-6,GARQ,D18,4,40,38,8,0.35774136,Mono.CD14
GGATAACCATAAGTCT-6,GARQ,D18,4,40,38,9,0.0067765117,T.CD4.Memory
TATGAAGCACAAACTT-6,GARQ,D18,4,40,38,8,0.39924705,Mono.CD14
GACGCAACATGAATAG-6,GARQ,D18,4,40,38,36,0.09012103,T.CD4.Memory
GCTGCAATCTTGCAGG-6,GARQ,D18,4,40,38,8,0.50293016,Mono.CD14
GGCTGAGAGGAGGTTA-6,GARQ,D18,4,40,38,8,0.44712782,Mono.CD14
TTTAACCTCGCTAAGT-6,GARQ,D18,4,40,38,8,0.16096628,DC.Myeloid
TTAGGCGTCCTAAATG-6,GARQ,D18,4,40,38,20,0.12698126,T.CD8.Effector
GGAAGCTAGCTGGCTA-6,GARQ,D18,4,40,38,33,0.14070952,NK
TTTCCGGGTACCTTAC-6,GARQ,D18,4,40,38,8,0.30877364,Mono.CD14
ATCGCCCGTGAATCGC-6,GARQ,D18,4,40,38,8,0.33192897,Mono.CD14
CGTGCTGCAATAACGA-6,GARQ,D18,4,40,38,29,0.08387613,B.Activated
CTCATGACATTAAGCT-6,GARQ,D18,4,40,38,6,0.13061285,T.CD4.Memory
CACAAGCGTAGGATTT-6,GARQ,D18,4,40,38,8,0.3388306,Mono.CD14
AAGTCTATCACTTCAT-6,GARQ,D18,4,40,38,29,0.02313888,B.Naive
CCGCTTAGTAGCAGCT-6,GARQ,D18,4,40,38,8,0.25274795,Mono.CD14
AGTCGCATCTTAGTCT-6,GARQ,D18,4,40,38,8,0.5668659,Mono.CD14
AGGGCTACATCGCTTT-6,GARQ,D18,4,40,38,29,0.013325334,B.Naive
CTGGACCAGCTAATTG-6,GARQ,D18,4,40,38,37,0.00054615736,B.Activated
TACCTTAGTGAGGTGA-6,GARQ,D18,4,40,38,34,0.003981352,B.Naive
TCATTGCGTAATCCCT-6,GARQ,D18,4,40,38,8,0.18996608,Mono.CD14
ATCCGTGAGCCTCTCG-6,GARQ,D18,4,40,38,29,0.067370296,B.Naive
TGGTTCTGTAGGTTTG-6,GARQ,D18,4,40,38,8,0.42997026,Mono.CD14
AATCTCAAGGGACGCA-6,GARQ,D18,4,40,38,11,0.034129143,T.CD8.Naive
TTGGCTACATTATGCG-6,GARQ,D18,4,40,38,8,0.26307464,Mono.CD14
CTCTCACAGGCTAATC-6,GARQ,D18,4,40,38,8,0.34209442,Mono.CD14
GGTTCTTGTCTATCGT-6,GARQ,D18,4,40,38,29,0.033773422,B.Naive
GTGTAACTCCAGGTTG-6,GARQ,D18,4,40,38,20,0.18501651,T.CD8.Effector
GAGTGATCATGTTTGG-6,GARQ,D18,4,40,38,34,0.010209918,B.Naive
TGACCAAGTAGGATCC-6,GARQ,D18,4,40,38,8,0.3079297,Mono.CD14
GGATGTAAGGGCTTTG-6,GARQ,D18,4,40,38,11,0.09526414,T.CD8.Naive
AGCGGACCAGCAGGTA-6,GARQ,D18,4,40,38,29,0.02591145,B.Activated
GTGAACAAGCCGCAGT-6,GARQ,D18,4,40,38,8,0.45936608,Mono.CD14
GTCCATTGTGATGGCT-6,GARQ,D18,4,40,38,6,0.019168437,T.CD4.Naive
GCGCTTAAGGCTAGAA-6,GARQ,D18,4,40,38,1,0.02761674,Platelets
CCGCAAATCCGGCTAA-6,GARQ,D18,4,40,38,29,0.04931581,B.Activated
ACAGGAATCCGCCAAA-6,GARQ,D18,4,40,38,29,0.04256034,B.Naive
CCTCAAACAGTCTATG-6,GARQ,D18,4,40,38,29,0.034406304,B.Naive
TCAAGGAAGTGAGCAA-6,GARQ,D18,4,40,38,29,0.101303816,B.Naive
CTCGCTAGTTACTAGG-6,GARQ,D18,4,40,38,8,0.37893462,Mono.CD14
ACCTACCTCTCAATTC-6,GARQ,D18,4,40,38,8,0.5016844,Mono.CD14
GGTAAACCAAGATTCT-6,GARQ,D18,4,40,38,8,0.3826089,Mono.CD14
CTCAGGATCATAACCA-6,GARQ,D18,4,40,38,8,0.39592683,Mono.CD14
AGTTGTCAGTTAGAGG-6,GARQ,D18,4,40,38,8,0.23350084,Mono.CD14
CTCATGCTCTTGGATA-6,GARQ,D18,4,40,38,13,0.03289002,T.CD8.Effector
AGGTTACTCATAGCCG-6,GARQ,D18,4,40,38,20,0.15152264,T.CD8.Effector
CAGGCTATCTAACCTT-6,GARQ,D18,4,40,38,29,0.012156248,B.Naive
GGTCTTGAGTCCTGAG-6,GARQ,D18,4,40,38,23,0.012001395,T.CD4.Memory
CTTTAGGCAGGCCAAA-6,GARQ,D18,4,40,38,20,0.026754856,T.CD8.Effector
ATGAATGCAGAATGAC-6,GARQ,D18,4,40,38,8,0.25751305,Mono.CD14
CGCAATGTCTATCGCC-6,GARQ,D18,4,40,38,34,0.114099145,B.Naive
CTAGCTTGTTAGGTTG-6,GARQ,D18,4,40,38,8,0.48471236,Mono.CD14
AGCACTTAGTTTGGGT-6,GARQ,D18,4,40,38,21,0.0061425567,T.CD8.Effector
AATCTTGAGCCTCTCG-6,GARQ,D18,4,40,38,29,0.06694293,B.Naive
CCTATATTCTGCAAAC-6,GARQ,D18,4,40,38,34,0.03122747,B.Naive
GCCTTTGGTTTGGCGG-6,GARQ,D18,4,40,38,29,0.1409626,B.Naive
CTAGCGGGTTTGGCGG-6,GARQ,D18,4,40,38,38,0.020382285,T.CD4.Naive
GTAGGTGCAAGGTACG-6,GARQ,D18,4,40,38,8,0.48259914,Mono.CD14
CATTGCGAGCTATTGA-6,GARQ,D18,4,40,38,8,0.3105743,Mono.CD14
TGGACAAAGGAACCGG-6,GARQ,D18,4,40,38,8,0.2311076,Mono.CD14
AGCTACTAGTAAGTGG-6,GARQ,D18,4,40,38,29,0.07782352,B.Naive
GATTCAATCATGCAAC-6,GARQ,D18,4,40,38,29,0.03665805,B.Naive
CGTCAATAGCTTTGTT-6,GARQ,D18,4,40,38,29,0.025444746,B.Naive
GTTCTTAGTGGTGAGA-6,GARQ,D18,4,40,38,34,0.051263332,B.Naive
TGTCAATCATAGACCC-6,GARQ,D18,4,40,38,8,0.23875666,Mono.CD14
CTAAGTCAGGACACTT-6,GARQ,D18,4,40,38,12,0.013432384,T.CD4.Memory
TTGACATCATGGAGGC-6,GARQ,D18,4,40,38,8,0.2322905,Mono.CD14
GGTTCTTGTAATTAGC-6,GARQ,D18,4,40,38,29,0.048053622,B.Naive
GCCTAATAGTTAGACC-6,GARQ,D18,4,40,38,8,0.45331097,Mono.CD14
GCGCGATTCCATAATG-6,GARQ,D18,4,40,38,8,0.6098604,Mono.CD14
ATTCCTCCAGCAAGGC-6,GARQ,D18,4,40,38,25,0.03305006,T.CD4.Naive
TGTAACTCAATTTGGT-6,GARQ,D18,4,40,38,24,0.01751995,T.CD4.Naive
AGCAGGTAGATGGAGC-6,GARQ,D18,4,40,38,8,0.22906196,Mono.CD14
AACAAAGGTCACACCC-6,GARQ,D18,4,40,38,8,0.3210764,Mono.CD14
CTTGACGAGGAGCATA-6,GARQ,D18,4,40,38,0,0.24430686,T.CD4.Memory
CAAGCTAGTTAAGGTT-6,GARQ,D18,4,40,38,23,0.03230989,T.CD4.Memory
ACACCTTGTGGACCTG-6,GARQ,D18,4,40,38,33,0.069564104,NK
TCTATGTTCCTTCGTA-6,GARQ,D18,4,40,38,29,0.07211602,B.Naive
GGGCAATAGTTGGCCA-6,GARQ,D18,4,40,38,36,0.045312285,T.CD4.Memory
GTAAGGTCAGCATGGA-6,GARQ,D18,4,40,38,8,0.29770386,Mono.CD14
TCCAGGTCACCGTTCC-6,GARQ,D18,4,40,38,29,0.102002025,B.Naive
AGCCTAAGTTAGAGGG-6,GARQ,D18,4,40,38,8,0.33702278,Mono.CD14
AATTTGCCATAATGTC-6,GARQ,D18,4,40,38,29,0.068458796,B.Activated
AAACGCGCAATTTAGC-6,GARQ,D18,4,40,38,8,0.4735601,Mono.CD14
ACAGTATGTTGTCATC-6,GARQ,D18,4,40,38,21,0.051998615,T.CD8.Effector
CAAAGCGCATAGTCAT-6,GARQ,D18,4,40,38,8,0.18541598,Mono.CD14
TATGGTCAGGATTTGC-6,GARQ,D18,4,40,38,20,0.09289563,T.CD8.Effector
GAACCAAAGAGCCGGA-6,GARQ,D18,4,40,38,14,0.007041216,T.CD4.Naive
TGGTCCTTCAATGAGG-6,GARQ,D18,4,40,38,8,0.37600565,Mono.CD14
GGCTATTAGTGCTGTG-6,GARQ,D18,4,40,38,29,0.026123047,B.Naive
TGCTTGTGTGATCATG-6,GARQ,D18,4,40,38,8,0.39333308,Mono.CD14
TGCTTAAAGACTCGCA-6,GARQ,D18,4,40,38,8,0.21793973,Mono.CD14
GCTAAGAAGTCATTTC-6,GARQ,D18,4,40,38,11,0.11481297,T.CD4.Naive
TCGGTTCTCTAGCTTT-6,GARQ,D18,4,40,38,29,0.07708931,B.Naive
GTAATAGCAGCATGAG-6,GARQ,D18,4,40,38,8,0.38769436,Mono.CD14
TTAATCGAGTACCGCA-6,GARQ,D18,4,40,38,8,0.37656045,Mono.CD14
GTGCTGGGTCAAAGAA-6,GARQ,D18,4,40,38,6,0.024490237,T.CD4.Memory
GGCTCACAGTTGGCCA-6,GARQ,D18,4,40,38,29,0.04466343,B.Naive
CCGCTAGCAAGTGTCC-6,GARQ,D18,4,40,38,8,0.61212265,Mono.CD14
CATTATGAGGGTCCAC-6,GARQ,D18,4,40,38,29,0.14090168,B.Activated
CAGCTAAGTCCTAATC-6,GARQ,D18,4,40,38,8,0.7227442,Mono.CD14
CCATAAGGTAGGTTTG-6,GARQ,D18,4,40,38,8,0.30896842,Mono.CD14
CTGTAACAGGGCTAAA-6,GARQ,D18,4,40,38,8,0.48597467,Mono.CD14
CATCACACAACCGCCA-6,GARQ,D18,4,40,38,29,0.1647656,B.Activated
CTCTATGTCCGGCTAA-6,GARQ,D18,4,40,38,8,0.18735826,Mono.CD14
ACAGGCTGTTTAACCC-6,GARQ,D18,4,40,38,20,0.017214298,T.CD4.Memory
AATTAGGCACCAGCAT-6,GARQ,D18,4,40,38,29,0.06058669,B.Naive
CAATGACTCATGCTAA-6,GARQ,D18,4,40,38,13,0.0138319135,T.CD4.Memory
ATTACTGAGCAAGGAC-6,GARQ,D18,4,40,38,29,0.077816606,B.Naive
TCCCGGACAGGCCATT-6,GARQ,D18,4,40,38,8,0.23713303,Mono.CD16
ACGAAGTCATAATCAC-6,GARQ,D18,4,40,38,29,0.038339138,B.Naive
TGAGGAGGTTAGGCTA-6,GARQ,D18,4,40,38,23,0.011197865,T.CD4.Memory
AGCACAGCATGAGTTT-6,GARQ,D18,4,40,38,34,0.018138528,B.Naive
AGTTTGATCGGTTACG-6,GARQ,D18,4,40,38,29,0.014229417,B.Naive
CTTGCTCAGCACCACA-6,GARQ,D18,4,40,38,20,0.0052056313,T.CD4.Memory
TACGGATTCCTAAATG-6,GARQ,D18,4,40,38,30,0.062143087,T.CD4.Memory
GATCGCTCAAGACTCC-6,GARQ,D18,4,40,38,29,0.077768326,B.Naive
CTTGAACAGCATCCAG-6,GARQ,D18,4,40,38,8,0.30039263,Mono.CD14
GGAACCTGTTCATTTG-6,GARQ,D18,4,40,38,30,0.028062224,T.CD4.Memory
GTTTCAGCAGCTAACC-6,GARQ,D18,4,40,38,29,0.13629937,B.Naive
GAACACAAGGAGGTTA-6,GARQ,D18,4,40,38,29,0.073058605,B.Naive
TAGTAACGTTACTTGC-6,GARQ,D18,4,40,38,29,0.013121724,B.Naive
GAGCGATAGGTCCTAG-6,GARQ,D18,4,40,38,17,0.14310098,T.CD4.Memory
TTGCTTAGTTATCGAG-6,GARQ,D18,4,40,38,34,0.030894756,B.Naive
GGCGCTAGTTGAAGCC-6,GARQ,D18,4,40,38,8,0.64981353,Mono.CD14
CAAACCGTCCTCCCTC-6,GARQ,D18,4,40,38,29,0.0532614,B.Naive
AAAGGACGTAACGGGA-6,GARQ,D18,4,40,38,8,0.208179,Mono.CD14
TAATTGCCAGCAACCT-6,GARQ,D18,4,40,38,29,0.02462399,B.Naive
TTTGTGAAGGAAGCTA-6,GARQ,D18,4,40,38,8,0.26105547,Mono.CD14
GGGTTATTCACTTCAT-6,GARQ,D18,4,40,38,29,0.023611426,B.Naive
TAGGCTTAGCATTTCT-6,GARQ,D18,4,40,38,29,0.07363033,B.Naive
AATTCGTCAGGACCTT-6,GARQ,D18,4,40,38,29,0.021014214,B.Naive
AGAGGATGTTCACCAT-6,GARQ,D18,4,40,38,29,0.08681655,B.Activated
CCCTCATAGCAATAGG-6,GARQ,D18,4,40,38,29,0.05193448,B.Naive
TGGCCTTTCGCACAAT-6,GARQ,D18,4,40,38,8,0.7205925,Mono.CD14
GAGCCACTCAATGAGG-6,GARQ,D18,4,40,38,29,0.07819855,B.Naive
AGGGCTACACAGCCTG-6,GARQ,D18,4,40,38,6,0.25911438,T.CD4.Memory
GCGCTTGCAGGAATCG-6,GARQ,D18,4,40,38,29,5.9604645e-06,B.Naive
TACCGAAGTTTAGCGA-6,GARQ,D18,4,40,38,20,0.0037119389,T.CD8.Effector
CTACTAAAGTAGGCGG-6,GARQ,D18,4,40,38,20,0.023855448,T.CD4.Memory
ATGCATTCACAGGGAC-6,GARQ,D18,4,40,38,26,0.10274327,T.CD4.Memory
GCAAGCCTCGGGATTT-6,GARQ,D18,4,40,38,34,0.0031228065,B.Naive
TTGCAGCCATAAGGAC-6,GARQ,D18,4,40,38,29,0.0049192905,B.Naive
CATCCTGGTGAAGCCT-6,GARQ,D18,4,40,38,38,0.115296364,T.CD4.Memory
TCTAGCACAGCCTGCA-6,GARQ,D18,4,40,38,20,0.10226214,T.CD8.Effector
ATCTATGAGACAACGA-6,GARQ,D18,4,40,38,33,0.15008634,NK
TCAACAATCCGGGACT-6,GARQ,D18,4,40,38,33,0.090633035,NK
GGCGGTAAGAACAAGT-6,GARQ,D18,4,40,38,8,0.19155246,Mono.CD14
GCAGCCAGTAACTACG-6,GARQ,D18,4,40,38,34,0.04084301,B.Naive
CCTGTTGGTTAGAGCC-6,GARQ,D18,4,40,38,29,0.060472727,B.Naive
ACAGTATGTAAGCTCA-6,GARQ,D18,4,40,38,29,0.047333956,B.Naive
GATTTGCAGAAGCTAG-6,GARQ,D18,4,40,38,8,0.3399309,Mono.CD14
ACTATCCGTCACACCC-6,GARQ,D18,4,40,38,34,0.02127254,B.Naive
CAATGCCCACCTGCTC-6,GARQ,D18,4,40,38,20,0.2512039,T.CD8.Effector
CGTTGCGCAATTAGCT-6,GARQ,D18,4,40,38,20,0.35291028,T.CD8.Effector
ATCATCAAGCTATTAG-6,GARQ,D18,4,40,38,20,0.07840991,T.CD8.Effector
CTTAGTTTCTCACACC-6,GARQ,D18,4,40,38,20,0.061278224,T.CD4.Memory
CGGTTCCGTGCTGTAA-6,GARQ,D18,4,40,38,29,0.053920507,B.Activated
AAGCTATGTTTAACCC-6,GARQ,D18,4,40,38,37,0.01999855,B.Naive
AGCTGCTCAACCTGGT-6,GARQ,D18,4,40,38,34,0.041380405,B.Naive
TCGACAAGTTACTTCA-6,GARQ,D18,4,40,38,29,0.0141381025,B.Naive
TAGTACGGTTCACCCA-6,GARQ,D18,4,40,38,6,0.04106331,T.CD4.Memory
ACTAATCCATGCATAT-6,GARQ,D18,4,40,38,29,0.07517326,B.Naive
GCTCAACCAGGACCTT-6,GARQ,D18,4,40,38,29,0.022407055,B.Naive
CTCATCATCGCATTAA-6,GARQ,D18,4,40,38,12,0.002707541,NK
GCCTTTATCATGCGTG-6,GARQ,D18,4,40,38,29,0.052307606,B.Naive
TGCAAGCGTCAAAGAA-6,GARQ,D18,4,40,38,8,0.53613496,Mono.CD14
CAAACAACATAATCGT-6,GARQ,D18,4,40,38,26,0.00660789,T.CD4.Memory
CTGTTGGAGCGAAGTA-6,GARQ,D18,4,40,38,29,0.10024369,B.Naive
GTAGCCATCAAGTGTC-6,GARQ,D18,4,40,38,29,0.0031535625,B.Naive
TGATCACAGGTGAAGC-6,GARQ,D18,4,40,38,23,0.021160603,T.CD4.Memory
ACTTGAATCGCAATCG-6,GARQ,D18,4,40,38,8,0.5362922,Mono.CD14
ACGTACCCAATAAGCA-6,GARQ,D18,4,40,38,20,0.12384093,T.CD4.Memory
TAGCCTTGTTCGCTCA-6,GARQ,D18,4,40,38,29,0.10472667,B.Naive
AATTGTGTCGAAGTAG-6,GARQ,D18,4,40,38,29,0.06556308,B.Activated
TTAGCAGGTGAAACAA-6,GARQ,D18,4,40,38,29,0.101008415,B.Naive
GGACAGCCACAGAACG-6,GARQ,D18,4,40,38,8,0.25799394,Mono.CD16
CATTTGTTCGTTATAG-6,GARQ,D18,4,40,38,29,0.037090063,B.Naive
GTGCGCAGTTAGAGCC-6,GARQ,D18,4,40,38,12,0.0024304986,T.CD4.Memory
AACTTAGTCCTAAATG-6,GARQ,D18,4,40,38,30,0.013341606,T.CD8.Effector
AAGGTATAGGACCTGC-6,GARQ,D18,4,40,38,20,0.14270794,T.CD8.Effector
AGCACTAGTTGCACGG-6,GARQ,D18,4,40,38,17,0.014078021,T.CD4.Memory
CTAGGCGGTCGCAAAC-6,GARQ,D18,4,40,38,5,0.032308698,NK
ACGTCCTTCACTCGCT-6,GARQ,D18,4,40,38,17,0.088772416,T.CD4.Memory
GTATTGATCGGGCCAT-6,GARQ,D18,4,40,38,29,0.123765945,B.Naive
TTTAGCAAGGCTGTGC-6,GARQ,D18,4,40,38,29,0.068980336,B.Naive
GCTTTGTGTAATCGTG-6,GARQ,D18,4,40,38,17,0.02946186,T.CD4.Memory
TGTGGCCAGGATCCGC-6,GARQ,D18,4,40,38,30,0.06665468,T.CD4.Naive
TATTAGCCATGTTTGG-6,GARQ,D18,4,40,38,2,0.015770853,T.CD8.Naive
GGTTGCATCTTAGTCT-6,GARQ,D18,4,40,38,20,0.02448368,T.CD8.Effector
CCAACATAGCAGCTAT-6,GARQ,D18,4,40,38,34,0.009805918,B.Naive
GCGCTTGCAAGCTACC-6,GARQ,D18,4,40,38,33,0.1070081,NK
TGTCCTGGTTGTGACA-6,GARQ,D18,4,40,38,20,0.1131767,T.CD4.Memory
TAATGCATCCATCAGG-6,GARQ,D18,4,40,38,23,0.122071385,T.CD4.Memory
GTGTTACAGGCGCATC-6,GARQ,D18,4,40,38,33,0.28570902,NK
CTTAGTTTCATTAGCA-6,GARQ,D18,4,40,38,29,0.03420496,B.Naive
GGCGGTTTCGCAATCG-6,GARQ,D18,4,40,38,29,0.016919136,B.Naive
CTTAACAAGTGAGCAA-6,GARQ,D18,4,40,38,23,0.06732476,T.CD4.Memory
GCTAGCCAGGATGATG-6,GARQ,D18,4,40,38,38,0.07719821,T.CD4.Naive
CCAACCAAGTTTCCGC-6,GARQ,D18,4,40,38,34,0.04318571,B.Activated
AAGCCTTAGATAACCC-6,GARQ,D18,4,40,38,34,0.05211246,B.Naive
CGCTTGCGTTACTTCA-6,GARQ,D18,4,40,38,23,0.05608487,T.CD8.Effector
GGTCAGGAGCTTACTT-6,GARQ,D18,4,40,38,6,0.09798223,T.CD4.Naive
AATCCTAAGGCGCATC-6,GARQ,D18,4,40,38,10,0.07550138,T.CD4.Memory
ACACTAGGTGATTTGG-6,GARQ,D18,4,40,38,33,0.08378947,NK
TATTGACCATGTTGGC-6,GARQ,D18,4,40,38,23,0.008935809,T.CD8.Effector
ACGAAGTCAATAGCCC-6,GARQ,D18,4,40,38,26,0.060715556,T.CD4.Naive
AACATAGCAACCTAAT-6,GARQ,D18,4,40,38,20,0.045915008,T.CD8.Effector
ATGTCCACACGGTTTA-6,GARQ,D18,4,40,38,29,0.037621498,B.Naive
TCCATGCTCGTTTCTG-6,GARQ,D18,4,40,38,20,0.056800485,T.CD8.Effector
TGATCACAGCACCACA-6,GARQ,D18,4,40,38,23,0.03357804,T.CD4.Memory
ACAGGTAAGTTAACCA-6,GARQ,D18,4,40,38,39,0.0437212,T.CD4.Memory
CCGCTAGCATAATCGT-6,GARQ,D18,4,40,38,33,0.16415787,NK
AGGTCAAAGTAACCCG-6,GARQ,D18,4,40,38,19,0.0068746805,T.CD4.Memory
TTAGGCCCAGGGAGCT-6,GARQ,D18,4,40,38,1,0.033786476,T.DoubleNegative
GTTTATCTCGCCTAAG-6,GARQ,D18,4,40,38,18,0.016995072,T.CD4.Naive
CGTTTCTCACAATGCC-6,GARQ,D18,4,40,38,32,0.008162856,B.Naive
TTGAGCTAGCATGTCG-6,GARQ,D18,4,40,38,3,0.10668653,NK
GCTGCACAGCTCGCTT-6,GARQ,D18,4,40,38,8,0.22563207,Mono.CD14
AATTCGTCATCTTGAG-6,GARQ,D18,4,40,38,20,0.07969248,T.CD8.Effector
CGCATGATCCGCCTAT-6,GARQ,D18,4,40,38,8,0.4188844,Mono.CD14
CCAAACCCATGTTGGC-6,GARQ,D18,4,40,38,38,0.03387201,T.CD8.Naive
TCCACAACAGCTCATA-6,GARQ,D18,4,40,38,23,0.009462595,T.CD8.Effector
AAGGTGCAGGAGTCTT-6,GARQ,D18,4,40,38,30,0.12148523,T.CD4.Memory
CGGAATCGTAACAGGG-6,GARQ,D18,4,40,38,20,0.013144851,T.CD4.Memory
CGCAATGTCAGAAACG-6,GARQ,D18,4,40,38,29,0.19844341,B.Naive
CGTAATGGTTCCAGGG-6,GARQ,D18,4,40,38,20,0.098376274,T.CD4.Memory
GCATGAGCATGTTGGC-6,GARQ,D18,4,40,38,29,0.08416867,B.Naive
GGTAGGAGTTAGGATT-6,GARQ,D18,4,40,38,8,0.30408537,Mono.CD14
TAGTTGTCATTGCGTA-6,GARQ,D18,4,40,38,29,0.106509686,B.Naive
TTGCTCTCATTGTCCT-6,GARQ,D18,4,40,38,3,0.023486972,NK
CTGTACCTCACTTCAT-6,GARQ,D18,4,40,38,34,0.0008434057,B.Naive
CGTTTGGAGCTTCCCG-6,GARQ,D18,4,40,38,26,0.032786846,T.CD4.Naive
AGAGGATGTTGTCATC-6,GARQ,D18,4,40,38,33,0.11338985,NK
CTAATTGAGTTTGTCT-6,GARQ,D18,4,40,38,17,0.03262055,T.CD4.Memory
AGGGTTGCAACACTTG-6,GARQ,D18,4,40,38,14,0.11496496,T.CD4.Memory
GTCATTAAGTTGTCCC-6,GARQ,D18,4,40,38,30,0.17165029,T.CD4.Naive
GAAGGATGTTAGTACG-6,GARQ,D18,4,40,38,8,0.26817334,Mono.CD14
TTCACTGTCTTGTTCG-6,GARQ,D18,4,40,38,17,0.1103735,T.CD4.Memory
CAGGACCTCATGGCTG-6,GARQ,D18,4,40,38,33,0.12382114,NK
GCCAGGTTCCGCACAA-6,GARQ,D18,4,40,38,20,0.22452092,T.CD8.Effector
CGCTTAACATGGCCTG-6,GARQ,D18,4,40,38,20,0.039675117,T.CD4.Memory
AAGCGCTGTTGCGTAA-6,GARQ,D18,4,40,38,29,0.06519866,B.Naive
GAACGAATCATGGTTA-6,GARQ,D18,4,40,38,20,0.086906195,T.CD4.Memory
CTGCTCCCACATAGCC-6,GARQ,D18,4,40,38,33,0.06353474,NK
TTGATGTCAATAGCCC-6,GARQ,D18,4,40,38,29,0.18522787,B.Naive
AGGTGAATCATGCAAC-6,GARQ,D18,4,40,38,29,0.04491067,B.Naive
CTGGATGTCACGCCAA-6,GARQ,D18,4,40,38,23,0.024454236,T.CD4.Memory
ACAGTATGTTAGCGTA-6,GARQ,D18,4,40,38,17,0.10100722,T.CD4.Memory
GAAGGCTAGTTATGGC-6,GARQ,D18,4,40,38,23,0.026999354,T.CD8.Naive
ATGTGAGAGCTAAAGG-6,GARQ,D18,4,40,38,23,0.04201293,T.CD4.Memory
GTAGTTATCGACAAAG-6,GARQ,D18,4,40,38,25,0.08994615,T.CD4.Naive
AGGATATAGCATGTTA-6,GARQ,D18,4,40,38,14,0.018449426,T.CD8.Naive
GCTCAACCATTGCGGT-6,GARQ,D18,4,40,38,33,0.25941384,NK
ATGGCCCAGTGAGCGG-6,GARQ,D18,4,40,38,25,0.12198973,T.CD4.Naive
ACAGGATCACTTACAG-6,GARQ,D18,4,40,38,20,0.20604932,T.CD8.Effector
GTCTTTGTCGGCTAGC-6,GARQ,D18,4,40,38,6,0.059339523,T.CD4.Naive
TTGTGCGAGTAGCGGG-6,GARQ,D18,4,40,38,14,0.030331254,T.CD4.Naive
AAATGGCCAGGAACAT-6,GARQ,D18,4,40,38,26,0.06749177,T.CD4.Naive
GGCTAGTGTCAAAGGG-6,GARQ,D18,4,40,38,23,0.07375443,T.CD8.Effector
TGGTTCCTCAGGTCCA-6,GARQ,D18,4,40,38,33,0.31654644,NK
AATCATGTCATTACTC-6,GARQ,D18,4,40,38,16,0.055232763,T.CD4.Memory
TTAAAGGCAACCCTCC-6,GARQ,D18,4,40,38,29,0.08064413,B.Naive
CTCCTGAGTCAACAAT-6,GARQ,D18,4,40,38,20,0.0004146099,T.CD8.Effector
AGTGCCGGTTTGGCTT-6,GARQ,D18,4,40,38,33,0.28151143,NK
AATGTCCAGCCTGGTA-6,GARQ,D18,4,40,38,19,0.007101476,T.CD4.Naive
ATGGCCCAGTGAGAGC-6,GARQ,D18,4,40,38,23,0.07211828,T.CD4.Memory
AAGTGTTGTGACCTGG-6,GARQ,D18,4,40,38,12,0.031253636,T.CD4.Memory
GAGGCCTTCACTCAAA-6,GARQ,D18,4,40,38,20,0.06733894,T.CD8.Effector
GTTACTCGTGGTTCTT-6,GARQ,D18,4,40,38,8,0.6800351,Mono.CD14
TACAACATCGCTCCAT-6,GARQ,D18,4,40,38,20,0.026511073,T.CD8.Effector
CTAGATTCAAGTTATC-6,GARQ,D18,4,40,38,20,0.01562643,T.CD4.Memory
TGAGCACGTAGTAAGA-6,GARQ,D18,4,40,38,12,0.03145051,T.CD4.Naive
GTTTGTAAGTTGGATC-6,GARQ,D18,4,40,38,29,0.102285504,B.Activated
TCAAGACTCATGTGGT-6,GARQ,D18,4,40,38,20,0.035383105,NK
ACTCAGTAGTAGGATG-6,GARQ,D18,4,40,38,30,0.029702604,T.CD4.Naive
CAATGCCCAGTTTACG-6,GARQ,D18,4,40,38,38,0.036479414,T.CD4.Naive
GGTACTAGTGATGAAA-6,GARQ,D18,4,40,38,23,0.13274741,T.CD8.Effector
GGCGGTAAGTCTGGGC-6,GARQ,D18,4,40,38,29,0.0018873215,B.Naive
TGGACCGGTTTGAGGC-6,GARQ,D18,4,40,38,20,0.1742096,T.CD8.Effector
ACCATTAAGTAAACCC-6,GARQ,D18,4,40,38,3,0.05099094,T.CD8.Effector
CAATAGCTCGGCCATA-6,GARQ,D18,4,40,38,23,0.08319807,NK
ACTTGTCGTTAGACCA-6,GARQ,D18,4,40,38,38,0.014269352,T.CD4.Naive
CGCGATTCAGTAAGTA-6,GARQ,D18,4,40,38,20,0.04490769,T.CD4.Memory
TGTCAATCACAGCCAT-6,GARQ,D18,4,40,38,14,0.014457643,T.CD4.Memory
AACTAGCTCATGCTAA-6,GARQ,D18,4,40,38,20,0.011288643,T.CD8.Effector
CCAGGAACACTAGCGT-6,GARQ,D18,4,40,38,14,0.013002515,T.CD4.Memory
ATTCCTAGTACCGGAT-6,GARQ,D18,4,40,38,12,0.043532968,T.CD4.Naive
TAGTTGTCAAATTCGT-6,GARQ,D18,4,40,38,20,0.05915761,T.CD8.Effector
AAGTGTTGTTTGGCGG-6,GARQ,D18,4,40,38,25,0.056785107,T.CD4.Naive
GGTTGGTGTAGGTTTG-6,GARQ,D18,4,40,38,14,0.06769323,T.CD8.Naive
ACGTACCCAGACAAAC-6,GARQ,D18,4,40,38,23,0.0005070567,T.CD8.Effector
AGCTGCTCAGGCGAGT-6,GARQ,D18,4,40,38,6,0.12437236,T.CD4.Memory
ATCAGGTTCCTGAGTG-6,GARQ,D18,4,40,38,12,0.11151028,T.CD8.Naive
CCTGTATGTTAGGACC-6,GARQ,D18,4,40,38,38,0.04879701,T.CD4.Naive
ACTGAATGTGCGCATG-6,GARQ,D18,4,40,38,38,0.052798092,T.CD4.Memory
ATGTGAGAGTTTCCGC-6,GARQ,D18,4,40,38,23,0.0030151606,T.CD8.Effector
CTTTGGTGTTGCGGAT-6,GARQ,D18,4,40,38,23,0.05640465,T.CD4.Memory
GAGCCTTCAAGGTATA-6,GARQ,D18,4,40,38,20,0.19843602,T.CD8.Effector
GTATTGCAGGCGGATG-6,GARQ,D18,4,40,38,17,0.042630672,T.CD4.Memory
AATTCGTCAGGATTAA-6,GARQ,D18,4,40,38,33,0.26632488,NK
TGTTGTTTCCCGAACA-6,GARQ,D18,4,40,38,23,0.061125576,T.CD4.Memory
ACGAACAAGTAAGTCC-6,GARQ,D18,4,40,38,38,0.006893277,T.CD4.Naive
AAGCTAGAGTTGGCCA-6,GARQ,D18,4,40,38,34,0.003247738,B.Naive
GGCTTAAGTGACCTGG-6,GARQ,D18,4,40,38,26,0.010668993,T.CD4.Naive
TTACACCGTGAGCACT-6,GARQ,D18,4,40,38,38,0.04033518,T.CD4.Memory
GGGAATATCCACAATA-6,GARQ,D18,4,40,38,23,0.047068954,T.CD4.Memory
GACTTGGTCGATATTG-6,GARQ,D18,4,40,38,29,0.008735895,B.Naive
TTGACTAAGCGAGGTG-6,GARQ,D18,4,40,38,14,0.00917691,T.CD4.Naive
GCTGCAATCTGCAAAC-6,GARQ,D18,4,40,38,25,0.028202057,T.CD4.Naive
ATTTGCAAGCAATAGG-6,GARQ,D18,4,40,38,20,0.010036588,T.CD4.Memory
TAAGCTATCTCAATAG-6,GARQ,D18,4,40,38,29,0.027391553,B.Naive
ACACTTAAGGAGGTTA-6,GARQ,D18,4,40,38,25,0.033501863,T.CD4.Naive
TGCACTTGTCCTTTAA-6,GARQ,D18,4,40,38,10,0.08911753,T.CD4.Naive
AAGGCCCTCTAGCTAA-6,GARQ,D18,4,40,38,38,0.11673772,T.CD4.Naive
AAGTTAGCAGCAAGGC-6,GARQ,D18,4,40,38,29,0.059058428,B.Activated
AGACACGCAAGTCGCT-6,GARQ,D18,4,40,38,11,0.010951877,T.CD4.Naive
GTTTAACCAGGTATTT-6,GARQ,D18,4,40,38,19,0.0006572008,T.CD4.Naive
AGGCGGATCAGGTCCA-6,GARQ,D18,4,40,38,38,0.25310695,T.CD4.Naive
CCTAATAAGTCACCAG-6,GARQ,D18,4,40,38,23,0.048526287,T.CD8.Naive
TAGCCTCTCAAACCGT-6,GARQ,D18,4,40,38,12,0.0057273507,T.CD4.Naive
AGTCAGGCATATTGAC-6,GARQ,D18,4,40,38,33,0.15548003,NK
TAGTTGTCAGCAATAA-6,GARQ,D18,4,40,38,33,0.16487432,NK
TTGCAGCCAGCTTAAT-6,GARQ,D18,4,40,38,12,0.0009806156,T.CD4.Naive
GTCTTTAGTTACATCC-6,GARQ,D18,4,40,38,12,0.029572248,T.CD4.Naive
CCATAAGGTAATCGCA-6,GARQ,D18,4,40,38,6,0.15323746,T.CD4.Naive
GAGTCAAAGACTCGCA-6,GARQ,D18,4,40,38,20,0.044739127,T.CD8.Effector
GCCCAAATCCTAAATG-6,GARQ,D18,4,40,38,20,0.109749556,T.CD4.Memory
ATTCCTCCACAGAAAC-6,GARQ,D18,4,40,38,20,0.07464194,T.CD4.Memory
CCTGACTTCTAAGTGC-6,GARQ,D18,4,40,38,28,0.0019145012,T.CD4.Memory
AGTGGACAGGCCCAGT-6,GARQ,D18,4,40,38,25,0.112797976,T.CD4.Naive
ACCCAACCATAAGTTC-6,GARQ,D18,4,40,38,25,0.04277724,T.CD4.Naive
TTCCCACAGGGACGCA-6,GARQ,D18,4,40,38,14,0.047623396,T.CD4.Memory
TATTAGCCAGATAGAC-6,GARQ,D18,4,40,38,32,0.0015081763,T.CD8.Naive
TGAGCCGGTGATTACG-6,GARQ,D18,4,40,38,25,0.0068941116,T.CD4.Naive
GGCAGGATCGGTTCCT-6,GARQ,D18,4,40,38,38,0.07387912,T.CD4.Naive
CAAGGGAGTAGCCTCC-6,GARQ,D18,4,40,38,25,0.005512953,T.CD4.Naive
ATAGCATGTTTCCTCC-6,GARQ,D18,4,40,38,38,0.20506501,T.CD4.Naive
AGGTCTTAGCAACATC-6,GARQ,D18,4,40,38,38,0.06112373,T.CD4.Naive
GCTTACCTCTCAATAG-6,GARQ,D18,4,40,38,20,0.066407084,T.CD4.Memory
TGCTTCATCGTGCTTC-6,GARQ,D18,4,40,38,12,0.052754164,T.CD8.Naive
GTCCGTAAGCACAGCC-6,GARQ,D18,4,40,38,11,0.14105761,T.CD4.Naive
CTTTAGGCATAAAGCA-6,GARQ,D18,4,40,38,38,0.053421855,T.CD4.Memory
GAGAACCAGAGAGCCG-6,GARQ,D18,4,40,38,29,0.047516704,B.Naive
TACTCGCTCGGTTACG-6,GARQ,D18,4,40,38,30,0.025068283,T.CD4.Memory
GGATTTATCGAAGTAG-6,GARQ,D18,4,40,38,25,0.10275388,T.CD4.Naive
CTGTTGGAGACTTATG-6,GARQ,D18,4,40,38,38,0.08682239,T.CD4.Memory
AGGCAATCAGCAAGTG-6,GARQ,D18,4,40,38,19,0.09275037,T.CD4.Memory
TCGCATTGTGTAACCA-6,GARQ,D18,4,40,38,20,0.16539049,T.CD8.Effector
TCAAGAACACCCACAG-6,GARQ,D18,4,40,38,38,0.09569025,T.CD4.Naive
CGTTTCTCAGGCGAGT-6,GARQ,D18,4,40,38,23,0.0077137947,T.CD4.Memory
CCTGGATCATCAATCG-6,GARQ,D18,4,40,38,38,0.024862647,T.CD4.Naive
AATTAGGCAGGACCTT-6,GARQ,D18,4,40,38,19,0.13493085,T.CD4.Memory
GGCCTTCGTAGCTAGC-6,GARQ,D18,4,40,38,20,0.112615585,T.CD4.Memory
AATGCGCGTTTGCGCC-6,GARQ,D18,4,40,38,29,0.14644003,B.Activated
CGCACCACATGTTTGG-6,GARQ,D18,4,40,38,12,0.09641498,T.CD4.Naive
CAAGCTAGTCTCAGCC-6,GARQ,D18,4,40,38,1,0.025592685,T.CD4.Memory
ATCAAGCTCGCTCCAT-6,GARQ,D18,4,40,38,39,0.0033032894,T.CD4.Memory
GGCTATTAGACTATTG-6,GARQ,D18,4,40,38,11,0.17275178,T.CD4.Naive
TGCATTAAGTAAAGGT-6,GARQ,D18,4,40,38,38,0.023355842,T.CD4.Naive
AGTGAGTCACCAAAGG-6,GARQ,D18,4,40,38,10,0.02916205,T.CD4.Naive
GAGCGGTCACAAAGGT-6,GARQ,D18,4,40,38,30,0.023393989,T.CD8.Naive
ACGTCCTTCAGGGCCT-6,GARQ,D18,4,40,38,38,0.15424299,T.CD4.Naive
CTAATTGAGTCAGGCC-6,GARQ,D18,4,40,38,38,0.09901178,T.CD4.Naive
TACCAGGTCATAATCG-6,GARQ,D18,4,40,38,39,0.016759515,T.CD4.Naive
ACTCACTGTTTCGCCA-6,GARQ,D18,4,40,38,30,0.045313716,T.CD4.Memory
TGTGATCAGTTAGTGC-6,GARQ,D18,4,40,38,12,0.0052779913,T.CD4.Naive
TTCAGCACATGAAATG-6,GARQ,D18,4,40,38,38,0.1479348,T.CD4.Naive
TGCGCGAGTTTGAGGC-6,GARQ,D18,4,40,38,8,0.27302873,Mono.CD14
GGTTATATCAGTGAAG-6,GARQ,D18,4,40,38,6,0.09227598,T.CD4.Memory
CGAATATGTTGAGCCG-6,GARQ,D18,4,40,38,14,0.04911506,T.CD4.Memory
TTTGTCTAGTCATTGA-6,GARQ,D18,4,40,38,20,0.16417134,T.CD8.Effector
CACTAGCCAAGCTACC-6,GARQ,D18,4,40,38,14,0.14380121,T.CD4.Naive
AGGACTAAGGAACGCG-6,GARQ,D18,4,40,38,20,0.12667787,T.CD8.Effector
GTATTGTCAGGCTAGA-6,GARQ,D18,4,40,38,2,0.06967753,T.CD4.Memory
TCTCGCCCAAACGGGC-6,GARQ,D18,4,40,38,33,0.102227986,NK
AAAGCGGGTGAAACAA-6,GARQ,D18,4,40,38,12,0.030839205,T.CD8.Naive
AGTGATGAGTCTCACC-6,GARQ,D18,4,40,38,20,0.06928384,T.CD4.Memory
GATCAGTTCAATCATG-6,GARQ,D18,4,40,38,19,0.054390073,T.CD4.Naive
TCTCAAGCACCCACCT-6,GARQ,D18,4,40,38,23,0.08778709,T.CD4.Memory
TAAGCCTAGAGAAGGG-6,GARQ,D18,4,40,38,23,0.042532325,T.CD4.Memory
CTCATGCTCCTCCCTC-6,GARQ,D18,4,40,38,23,0.12564099,T.CD8.Effector
TGATGACTCCAGGGAG-6,GARQ,D18,4,40,38,23,0.11595416,T.CD8.Effector
CTCTAGCTCTTAGCCC-6,GARQ,D18,4,40,38,11,0.10615754,T.CD4.Naive
GATCGATTCAGCACGC-6,GARQ,D18,4,40,38,38,0.03797555,T.CD4.Naive
AAAGCTTGTAACTACG-6,GARQ,D18,4,40,38,23,0.046569586,T.CD8.Effector
ACCATTAAGCATGGTT-6,GARQ,D18,4,40,38,19,0.028969884,T.CD4.Naive
GGACTAAAGCGATAGA-6,GARQ,D18,4,40,38,14,0.048345447,T.CD4.Memory
ACCGAAGCATCGCTTT-6,GARQ,D18,4,40,38,30,0.10757339,T.CD4.Memory
TTCAACCGTTGTAAAC-6,GARQ,D18,4,40,38,38,0.008374214,T.CD8.Naive
CGTCCTAGTTACGCGG-6,GARQ,D18,4,40,38,39,0.022867799,T.CD4.Memory
ATCACACAGGAGGGTT-6,GARQ,D18,4,40,38,39,0.05030334,T.CD4.Naive
CTGACATAGCCTCTCG-6,GARQ,D18,4,40,38,38,0.19083714,T.CD4.Naive
TGTCAGTAGACAACGA-6,GARQ,D18,4,40,38,20,0.056805015,NK
GGGTTACGTCGAAGTC-6,GARQ,D18,4,40,38,23,0.10636258,T.CD4.Memory
TAAAGCCTCAACAAGG-6,GARQ,D18,4,40,38,12,0.06770134,T.CD4.Naive
TCCTAGTGTGGGTGAA-6,GARQ,D18,4,40,38,23,0.051423907,T.CD4.Memory
CCTGAATAGTAAGGGC-6,GARQ,D18,4,40,38,20,0.12553048,T.CD8.Effector
TCAGCCTTCGGCTATG-6,GARQ,D18,4,40,38,19,0.027256131,T.CD4.Naive
CTTGTCCAGGAACACA-6,GARQ,D18,4,40,38,0,0.014206648,T.CD4.Memory
TGAGTTTCAATCCTAG-6,GARQ,D18,4,40,38,14,0.040763795,T.CD4.Memory
TATTACCTCGATTATG-6,GARQ,D18,4,40,38,30,0.023199439,T.CD4.Memory
TAAGTGCTCGTTAAGC-6,GARQ,D18,4,40,38,33,0.05594778,NK
TCCTGGTTCGTTTCGC-6,GARQ,D18,4,40,38,24,0.10127276,T.CD4.Naive
CCTGCTCCAGCCTGCA-6,GARQ,D18,4,40,38,12,0.033209562,T.CD8.Naive
GTACAATGTCACAAAT-6,GARQ,D18,4,40,38,20,0.030127287,T.CD4.Memory
CCCGTAAAGCAAACCT-6,GARQ,D18,4,40,38,6,0.025422275,T.CD4.Naive
ACGGTACGTCGTTACT-6,GARQ,D18,4,40,38,38,0.04568076,T.CD4.Naive
GCACGGTTCATAGCCG-6,GARQ,D18,4,40,38,20,0.001814723,T.CD8.Effector
CGGTTTCTCTAAATCG-6,GARQ,D18,4,40,38,11,0.00071537495,T.CD4.Memory
AGCGTGCTCGCAACAT-6,GARQ,D18,4,40,38,14,0.06682944,T.CD4.Naive
TTCAGTTTCGATTCTT-6,GARQ,D18,4,40,38,20,0.056516767,T.CD4.Memory
GCTCTGTTCGCACACA-6,GARQ,D18,4,40,38,38,0.20419264,T.CD4.Naive
GGCTAGTGTATACTGG-6,GARQ,D18,4,40,38,10,0.029635668,T.CD4.Naive
CTAACCTGTCCAAGAC-6,GARQ,D18,4,40,38,30,0.043001294,T.CD4.Naive
TAGCGGCTCATAACCA-6,GARQ,D18,4,40,38,14,0.07290983,T.CD4.Naive
TACTGCACAGAGGCTA-6,GARQ,D18,4,40,38,11,0.03453231,T.CD4.Naive
ACCGAAGCAACAGGTG-6,GARQ,D18,4,40,38,14,0.0039098263,T.CD4.Naive
ATGGCTTAGGATTTGC-6,GARQ,D18,4,40,38,26,0.046469033,T.CD4.Naive
CAGGCTGGTCATCATC-6,GARQ,D18,4,40,38,20,0.009495735,T.CD4.Memory
TTAAGGACATCTAGCA-6,GARQ,D18,4,40,38,0,0.1415838,T.CD4.Memory
GTTAAGCTCGTCATTT-6,GARQ,D18,4,40,38,38,0.11937761,T.CD4.Naive
GATGAGGGTTCAAGAT-6,GARQ,D18,4,40,38,14,0.04080808,T.CD4.Memory
GACCTAAGTCACCAAA-6,GARQ,D18,4,40,38,23,0.0034265518,T.CD8.Effector
TATTAGCCATCCCTCA-6,GARQ,D18,4,40,38,14,0.06462097,T.CD4.Naive
TCTCGCCCAAATACCT-6,GARQ,D18,4,40,38,26,0.05105114,T.CD4.Naive
CCGTTTGGTTGCGCGA-6,GARQ,D18,4,40,38,6,0.038553596,T.CD4.Naive
TCCTGTTCAAGGTACG-6,GARQ,D18,4,40,38,11,0.28427696,T.CD8.Naive
TTACCTGTCCAGGGAG-6,GARQ,D18,4,40,38,14,0.07297093,T.CD4.Naive
ATTACGTCACATTGCA-6,GARQ,D18,4,40,38,39,0.056248903,T.CD4.Naive
GCTATTGCATGGTTAT-6,GARQ,D18,4,40,38,38,0.012773514,T.CD4.Naive
AGGCCCAGTTCTTTAG-6,GARQ,D18,4,40,38,11,0.026308596,T.CD8.Naive
ACTTAGGGTGTGAGGA-6,GARQ,D18,4,40,38,19,0.066588044,T.CD4.Naive
TAGGCTGTCATCCTCA-6,GARQ,D18,4,40,38,7,0.006411195,T.CD4.Naive
TAGCATATCCTAATTC-6,GARQ,D18,4,40,38,25,0.033894658,T.CD4.Naive
TGTTCCTCAACTGGCT-6,GARQ,D18,4,40,38,8,0.5007932,Mono.CD14
ATTAGCTCATCTAGCA-6,GARQ,D18,4,40,38,33,0.0273453,NK
CGGATAAAGGATCACT-6,GARQ,D18,4,40,38,20,0.022534013,T.CD4.Memory
GCCACACAGGCATTGT-6,GARQ,D18,4,40,38,26,0.046467602,T.CD4.Naive
TAGGTTGGTGTTGCTT-6,GARQ,D18,4,40,38,39,0.04315424,T.CD4.Naive
TATGACTCAGTAAAGC-6,GARQ,D18,4,40,38,20,0.1819408,T.CD8.Effector
AGGCCCAGTGAGCACT-6,GARQ,D18,4,40,38,38,0.05867839,T.CD4.Naive
TGTTGCACAGTAAAGC-6,GARQ,D18,4,40,38,20,0.056068778,T.CD8.Effector
GCGGGTTTCATAGCCG-6,GARQ,D18,4,40,38,11,0.007454872,T.CD4.Naive
AGGGCTACATGTTGCA-6,GARQ,D18,4,40,38,26,0.013809681,T.CD4.Naive
GCCCATAAGAACAAGT-6,GARQ,D18,4,40,38,38,0.012009382,T.CD4.Memory
TGCAATATCTTGTCCA-6,GARQ,D18,4,40,38,12,0.0081887245,T.CD4.Naive
TGCTCCGTCTCAATGA-6,GARQ,D18,4,40,38,33,0.10468525,NK
GTTCTTAGTTAAGCCA-6,GARQ,D18,4,40,38,20,0.004580736,T.CD8.Effector
CGTGCTTTCCCGTTTA-6,GARQ,D18,4,40,38,38,0.06307578,T.CD4.Naive
GGGTCAACACAAACTT-6,GARQ,D18,4,40,38,14,0.0024145842,T.CD4.Naive
GTCGGTTCAATAGTCT-6,GARQ,D18,4,40,38,38,0.070414424,T.CD8.Naive
GCTGTAAGTCTATCGT-6,GARQ,D18,4,40,38,14,0.17204332,T.CD4.Naive
ACGTTACAGTCAGGCC-6,GARQ,D18,4,40,38,38,0.039749146,T.CD4.Naive
GCAATAGAGTGGCGGA-6,GARQ,D18,4,40,38,38,0.11543155,T.CD4.Naive
GCCACAATCGCTTGCT-6,GARQ,D18,4,40,38,25,0.02927947,T.CD4.Naive
CAGTACCCATAATCCG-6,GARQ,D18,4,40,38,23,0.009218514,T.CD8.Naive
GATTAAGCAGTGAACG-6,GARQ,D18,4,40,38,25,0.00975275,T.CD4.Naive
ATTCCGGAGTAGGCGG-6,GARQ,D18,4,40,38,38,0.05103159,T.CD4.Memory
TTGTCCATCATAATCG-6,GARQ,D18,4,40,38,30,0.0038220882,T.CD4.Memory
GCACATTAGCTGAGGG-6,GARQ,D18,4,40,38,23,0.018669605,T.CD8.Effector
GGGCATGAGCCTGTTC-6,GARQ,D18,4,40,38,38,0.015086412,T.CD4.Naive
CATTATGAGGAGCACG-6,GARQ,D18,4,40,38,23,0.06047666,T.CD4.Memory
GATTACGGTAAGGTTT-6,GARQ,D18,4,40,38,29,0.10232103,B.Naive
GCTTCGCGTTTGGGTA-6,GARQ,D18,4,40,38,14,0.21574736,T.CD4.Naive
CCTACTTCACTAAATC-6,GARQ,D18,4,40,38,14,0.05922067,T.CD8.Naive
TGGTCCTTCATGTGGT-6,GARQ,D18,4,40,38,38,0.065100074,T.CD4.Naive
ACTTACAAGGTCATTA-6,GARQ,D18,4,40,38,14,0.12970757,T.CD4.Naive
TTCCTTGAGGACCTGC-6,GARQ,D18,4,40,38,30,0.0024855137,T.CD4.Naive
ATATAGGCATAGGCGA-6,GARQ,D18,4,40,38,14,0.13550806,T.CD4.Naive
CCTGCTCCACCTACGG-6,GARQ,D18,4,40,38,14,0.045134902,T.CD4.Memory
GATTAGCTCATAACCA-6,GARQ,D18,4,40,38,6,0.04166341,T.CD4.Naive
CTTACCGGTAGCAGCT-6,GARQ,D18,4,40,38,32,0.063257456,T.CD4.Naive
ATGTCAATCTCGCCCA-6,GARQ,D18,4,40,38,34,0.05640483,B.Naive
TGTGGAGCATAAGCAA-6,GARQ,D18,4,40,38,14,0.068538904,T.CD4.Naive
CAGCTCAAGTACTGGT-6,GARQ,D18,4,40,38,38,0.1316514,T.CD4.Naive
ATCACAATCCGGGACT-6,GARQ,D18,4,40,38,30,0.07575381,T.CD8.Effector
CTTAGGAGTAGGTGTC-6,GARQ,D18,4,40,38,23,0.018484592,T.CD8.Naive
TGATCAATCGCTATGG-6,GARQ,D18,4,40,38,33,0.012235165,NK
TGGTGCATCTCGCCTG-6,GARQ,D18,4,40,38,14,0.11217189,T.CD4.Naive
TGTGCGCAGCTGTACG-6,GARQ,D18,4,40,38,23,0.029215336,T.CD4.Naive
GTACTAGGTTCCGCAC-6,GARQ,D18,4,40,38,38,0.1837858,T.CD4.Memory
CAATGACTCTTTGTAC-6,GARQ,D18,4,40,38,38,0.059263945,T.CD4.Naive
TCTCAATTCTGCAAAC-6,GARQ,D18,4,40,38,11,0.095896125,T.CD4.Naive
ACGACAAAGCTATGAC-6,GARQ,D18,4,40,38,14,0.00039172173,T.CD8.Naive
CGCACACAGGGTGGAT-6,GARQ,D18,4,40,38,38,0.03740716,T.CD4.Naive
CCTAAGTAGGAACGGT-6,GARQ,D18,4,40,38,39,0.010822535,T.CD4.Naive
ATTCATGAGCTAGAAG-6,GARQ,D18,4,40,38,23,0.06826943,T.CD8.Effector
CTCACTCAGGAAGCAC-6,GARQ,D18,4,40,38,12,0.14340854,T.CD4.Naive
ACTTATGAGAGAGGCT-6,GARQ,D18,4,40,38,14,0.05531776,T.CD4.Naive
GCCGTGAGTAGCTGGT-6,GARQ,D18,4,40,38,29,0.03236103,B.Naive
GTTTCTAGTTACAACG-6,GARQ,D18,4,40,38,25,0.0055605173,T.CD4.Naive
GATTCCTGTTTGCAGA-6,GARQ,D18,4,40,38,14,0.023651958,T.CD4.Naive
CTAGTGAGTAACCAGC-6,GARQ,D18,4,40,38,14,0.023326874,T.CD4.Naive
CTTTGGTGTGCTTAGA-6,GARQ,D18,4,40,38,6,0.06665528,T.CD4.Naive
TTAAGGTGTCCAAATG-6,GARQ,D18,4,40,38,23,0.028577566,NK
TGGGCCTAGGCCTTAG-6,GARQ,D18,4,40,38,14,0.16502762,T.CD4.Naive
AGGATGCAGCTAATTG-6,GARQ,D18,4,40,38,23,0.06340182,T.CD4.Naive
TTCAGTTTCACACAGT-6,GARQ,D18,4,40,38,3,0.031888008,NK
TGTAAGCTCCCGAAGC-6,GARQ,D18,4,40,38,12,0.0037314296,T.CD8.Naive
GAAGTGATCATCCTGC-6,GARQ,D18,4,40,38,34,0.06942582,B.Activated
TGTTAGCAGATTCCTT-6,GARQ,D18,4,40,38,34,0.009351373,B.Naive
GTGCTGATCTTGCATT-6,GARQ,D18,4,40,38,14,0.113743305,T.CD4.Naive
CCCTCATAGGACAATG-6,GARQ,D18,4,40,38,25,0.037875056,T.CD4.Naive
GTACTTAAGGCCTTAG-6,GARQ,D18,4,40,38,32,0.087278605,T.CD8.Naive
TATTTGCTCATGTGGT-6,GARQ,D18,4,40,38,14,0.032947898,T.CD4.Memory
GGGTATTTCCGCAACA-6,GARQ,D18,4,40,38,14,0.053967357,T.CD4.Memory
TATTTGCTCGAGGTGG-6,GARQ,D18,4,40,38,14,0.22198129,T.CD4.Naive
TTTGGCTGTGCTAGAC-6,GARQ,D18,4,40,38,14,0.015543461,T.CD4.Naive
ATCAATCCATTATCCC-6,GARQ,D18,4,40,38,8,0.39157295,Mono.CD14
CAATGCCCAAGGTCGA-6,GARQ,D18,4,40,38,38,0.018789768,T.CD4.Memory
CCAAACCCACCTACGG-6,GARQ,D18,4,40,38,23,0.021722913,T.CD4.Memory
CTGGATGTCGCAATCG-4,GARQ,D18,4,40,38,35,0.00961715,T.CD8.Effector
GTATCGCCAGCTTACA-4,GARQ,D18,4,40,38,20,0.06867385,T.CD8.Effector
GTAGGAGGTTGGCGTG-4,GARQ,D18,4,40,38,3,0.12348187,T.CD8.Effector
GGATGGCCATCCCGCT-4,GARQ,D18,4,40,38,35,0.061093807,T.CD8.Effector
AGGCCCAGTCCGTAGG-4,GARQ,D18,4,40,38,8,0.26052344,Mono.CD14
AATCATGTCCCTCATA-4,GARQ,D18,4,40,38,29,0.025146484,B.Activated
TATTCGTTCCGGGACT-4,GARQ,D18,4,40,38,8,0.22225738,Mono.CD14
TTGTTCCCAAGTTATC-4,GARQ,D18,4,40,38,6,0.0671497,T.CD4.Memory
GCAGGATAGGTGCTGC-4,GARQ,D18,4,40,38,6,0.09075165,T.CD4.Naive
GTACTGGTCGTCAAGT-4,GARQ,D18,4,40,38,20,0.10550642,T.CD8.Effector
TTGCATTTCGCAATCG-4,GARQ,D18,4,40,38,8,0.20609343,Mono.CD14
CATAGACTCCGTCCAT-4,GARQ,D18,4,40,38,8,0.11913806,Mono.CD14
GTAGCGCTCTCACTCA-4,GARQ,D18,4,40,38,8,0.24092484,Mono.CD14
ACTATGTCAAGCTTAT-4,GARQ,D18,4,40,38,8,0.5467434,Mono.CD14
ATTACTGAGCGCTCAA-4,GARQ,D18,4,40,38,8,0.18313736,Mono.CD14
GCTTTGTGTACTGAAT-4,GARQ,D18,4,40,38,36,0.004602909,T.CD4.Memory
GCGCGATTCACAAGCT-4,GARQ,D18,4,40,38,8,0.51275253,Mono.CD14
AACCTTGCATCTTGAG-4,GARQ,D18,4,40,38,20,0.1858474,T.CD8.Effector
CCGACAGGTACTGAAT-4,GARQ,D18,4,40,38,29,0.028117955,B.Naive
TGTTGCACAATAACCT-4,GARQ,D18,4,40,38,34,0.0002220869,B.Naive
TATAGCCAGGAACCGG-4,GARQ,D18,4,40,38,8,0.21757114,T.CD4.Memory
TCAGTAATCGTTACTT-4,GARQ,D18,4,40,38,21,0.020298898,T.CD4.Memory
CCCTTAATCATTGCGG-4,GARQ,D18,4,40,38,8,0.34605563,Mono.CD14
CTTCACTCACAAGCCT-4,GARQ,D18,4,40,38,29,0.012229443,B.Naive
CGTGCTTTCGCTATAA-4,GARQ,D18,4,40,38,8,0.3110124,Mono.CD14
AGAATCTGTTGTTCAC-4,GARQ,D18,4,40,38,8,0.18282843,Mono.CD14
CAGAACCGTTACATCC-4,GARQ,D18,4,40,38,8,0.22970605,Mono.CD14
ACAGGAATCGCACACA-4,GARQ,D18,4,40,38,8,0.29838836,Mono.CD14
AAGCTATGTAGGATCC-4,GARQ,D18,4,40,38,29,0.009501696,B.Naive
GGTACTTAGGACCTTG-4,GARQ,D18,4,40,38,29,0.04458785,B.Naive
TCCATCATCAACCAAC-4,GARQ,D18,4,40,38,8,0.29695773,Mono.CD14
TTGCACACATTCAGCA-4,GARQ,D18,4,40,38,8,0.35620618,Mono.CD16
CAGCCAATCCGCATGA-4,GARQ,D18,4,40,38,2,0.029458642,NK
ACACTAATCCGGTTAG-4,GARQ,D18,4,40,38,29,0.019652843,B.Naive
TGTTGTAAGTACCGCA-4,GARQ,D18,4,40,38,29,0.065002084,B.Naive
GAGTTACTCGGTTACG-4,GARQ,D18,4,40,38,8,0.30588388,Mono.CD14
AGAACCAAGGGACCTC-4,GARQ,D18,4,40,38,8,0.13991302,T.CD4.Memory
CATCAATCATAGCGAG-4,GARQ,D18,4,40,38,29,0.038525224,B.Naive
ACAGGATCAGCACGAA-4,GARQ,D18,4,40,38,29,0.11853886,B.Naive
TTTGGTGCATAGCGAG-4,GARQ,D18,4,40,38,8,0.38975692,Mono.CD14
GAAGGCTAGTAGCGGG-4,GARQ,D18,4,40,38,6,0.025166929,T.CD4.Naive
ATTAGGTGTTATGTGG-4,GARQ,D18,4,40,38,6,0.069919705,T.CD4.Naive
GTATTGCAGCACTAGT-4,GARQ,D18,4,40,38,8,0.34791178,Mono.CD14
TAGTGTGGTAAACAAG-4,GARQ,D18,4,40,38,36,0.043135643,T.CD4.Memory
CTTAACAAGGAACGCG-4,GARQ,D18,4,40,38,8,0.34127426,Mono.CD14
GCGCTTAAGAACCTAC-4,GARQ,D18,4,40,38,29,0.067533255,B.Naive
TTGACGTAGGCTAATC-4,GARQ,D18,4,40,38,29,0.06640315,B.Naive
GCTTAACAGGTGTTAC-4,GARQ,D18,4,40,38,8,0.21618253,Mono.CD14
AGGATTGAGAGGGACT-4,GARQ,D18,4,40,38,19,0.09228867,T.CD4.Naive
CGCAATCCACGTTACA-4,GARQ,D18,4,40,38,16,0.013522983,T.CD4.Memory
TGTCATAAGTGAGCGG-4,GARQ,D18,4,40,38,29,0.06629443,B.Naive
CCGGTTAAGCTCCTTA-4,GARQ,D18,4,40,38,8,0.41390777,Mono.CD14
GGTCCGTAGTCAGTAC-4,GARQ,D18,4,40,38,29,0.10618758,B.Naive
ATTCCGGAGGATCACT-4,GARQ,D18,4,40,38,29,0.009513736,B.Activated
AACATAGCAATCCTAG-4,GARQ,D18,4,40,38,8,0.16167724,Mono.CD14
TTGACGTAGCACAGGG-4,GARQ,D18,4,40,38,8,0.34362566,Mono.CD14
GCGTTTCTCTCACACC-4,GARQ,D18,4,40,38,8,0.22767985,Mono.CD14
CTTGCATGTCGACTAA-4,GARQ,D18,4,40,38,8,0.25597346,Mono.CD14
GCTCACAAGGAACGGT-4,GARQ,D18,4,40,38,8,0.5908531,Mono.CD14
GTAGTTTCATAATCGT-4,GARQ,D18,4,40,38,37,0.06691754,B.Naive
GGCTTCAAGATAAAGC-4,GARQ,D18,4,40,38,8,0.7678461,Mono.CD14
GTACGTAGTTTGGGCG-4,GARQ,D18,4,40,38,8,0.5323745,Mono.CD14
GCTTACCTCATAGACC-4,GARQ,D18,4,40,38,6,0.058348477,T.CD8.Naive
CGTACGGGTAATCGCA-4,GARQ,D18,4,40,38,34,0.04897988,B.Naive
TGCACTTGTACAAAGA-4,GARQ,D18,4,40,38,29,0.0031085014,B.Naive
ATGGTCTAGCTATATG-4,GARQ,D18,4,40,38,11,0.05896592,T.CD4.Naive
AGGTTAACAGAAATGC-4,GARQ,D18,4,40,38,29,0.10148144,B.Naive
CAATATGTCTGTGCCT-4,GARQ,D18,4,40,38,6,0.13863707,T.CD4.Naive
CAACAATGTTTAACGG-4,GARQ,D18,4,40,38,20,0.26512837,T.CD8.Effector
CTACTAAAGGAGCAAC-4,GARQ,D18,4,40,38,8,0.19359946,Mono.CD14
CCAACATAGGAACACA-4,GARQ,D18,4,40,38,23,0.033747792,T.CD4.Memory
GAGCCACTCGATAACC-4,GARQ,D18,4,40,38,8,0.22374159,Mono.CD14
TGTCCTTCAGTGAACG-4,GARQ,D18,4,40,38,8,0.29375708,Mono.CD14
GTTGCATAGCCATCAG-4,GARQ,D18,4,40,38,29,0.088649035,B.Naive
GCTAAGTTCTCGCCTG-4,GARQ,D18,4,40,38,8,0.34474027,Mono.CD14
ACTTGTAAGTCTTGAA-4,GARQ,D18,4,40,38,8,0.37953067,Mono.CD14
ATAGATGCACCTAAGC-4,GARQ,D18,4,40,38,29,0.02746129,B.Naive
GAGTTGCGTGGCTTCC-4,GARQ,D18,4,40,38,17,0.04251182,T.CD4.Memory
CTTAATGAGTTCCTCA-4,GARQ,D18,4,40,38,34,0.025516272,B.Naive
GAGGCCTTCGGTAACT-4,GARQ,D18,4,40,38,29,0.12787843,B.Naive
GCCTTACTCGCTAGTG-4,GARQ,D18,4,40,38,34,0.06394851,B.Naive
GCTAAGCGTCTTACTA-4,GARQ,D18,4,40,38,29,0.09829509,B.Naive
TTGTCAAAGTAACCCG-4,GARQ,D18,4,40,38,29,0.06448221,B.Naive
CGGAGCAAGGCGTAAA-4,GARQ,D18,4,40,38,29,0.054849863,B.Activated
CTCACAACAGGCCTTG-4,GARQ,D18,4,40,38,8,0.28112817,Mono.CD14
ATTACGTCAGTTTCTC-4,GARQ,D18,4,40,38,20,0.034459352,T.CD4.Memory
GAACTTATCGGTAACT-4,GARQ,D18,4,40,38,29,0.1349752,B.Activated
CATAGCTAGATAACCC-4,GARQ,D18,4,40,38,29,0.062630415,B.Activated
AGAGATTAGTCACCAG-4,GARQ,D18,4,40,38,17,0.007854283,T.CD4.Memory
CGCACACAGGTGAAGC-4,GARQ,D18,4,40,38,8,0.2742133,Mono.CD14
CTTCAATTCTCCATAT-4,GARQ,D18,4,40,38,33,1.9490719e-05,Platelets
CCTCCTCTCGCCTAAG-4,GARQ,D18,4,40,38,23,0.022679925,T.CD8.Effector
ACTAAAGCAGCTCAAC-4,GARQ,D18,4,40,38,11,0.055651665,T.CD4.Naive
CCACATTGTCATGCCC-4,GARQ,D18,4,40,38,20,0.023685575,T.CD8.Effector
TGTCCTGGTGCGCATG-4,GARQ,D18,4,40,38,34,0.035490155,B.Naive
TTTGGCTGTCATCCTG-4,GARQ,D18,4,40,38,34,0.026307225,B.Naive
CCAATATCAACCTGGT-4,GARQ,D18,4,40,38,29,0.0021778345,B.Naive
AGGATGCAGGTGAAAT-4,GARQ,D18,4,40,38,20,0.009954095,T.CD8.Effector
GAGGTACAGTTCCCAC-4,GARQ,D18,4,40,38,29,0.08584142,B.Naive
GTACAATGTGGCTTCC-4,GARQ,D18,4,40,38,29,0.029186606,B.Naive
TCAAGACTCAAACCTA-4,GARQ,D18,4,40,38,11,0.015225172,T.CD4.Naive
CTTTAGGCATAGCTGC-4,GARQ,D18,4,40,38,29,0.037807226,B.Naive
CTTCACTCAATACTGT-4,GARQ,D18,4,40,38,20,0.19469279,T.CD8.Effector
TGCTTGCTCTTAATGG-4,GARQ,D18,4,40,38,17,0.065891385,T.CD4.Memory
CGTCATTGTCCTTCTC-4,GARQ,D18,4,40,38,29,0.00751853,B.Activated
CTGCTACTCACCGGTA-4,GARQ,D18,4,40,38,8,0.23810273,Mono.CD14
GACACCGGTAACGTGC-4,GARQ,D18,4,40,38,8,0.40266204,Mono.CD14
AGAGGATGTCCTAAGA-4,GARQ,D18,4,40,38,34,0.0053100586,B.Activated
ACTATGTCAATCGCAC-4,GARQ,D18,4,40,38,29,0.035785675,B.Naive
CAAGTTATCTTAATGG-4,GARQ,D18,4,40,38,33,0.0033987164,NK
GAGTCAAAGCTATTGA-4,GARQ,D18,4,40,38,29,0.04769969,B.Naive
TAGCCTCTCGGTTTCC-4,GARQ,D18,4,40,38,29,0.051654458,B.Naive
TCGCATTGTCACAAAT-4,GARQ,D18,4,40,38,21,0.024621725,T.CD4.Memory
AGGTGAGGTGGACATC-4,GARQ,D18,4,40,38,29,0.07808328,B.Naive
CGCAATGTCAGCAAAG-4,GARQ,D18,4,40,38,30,0.110836744,T.CD4.Memory
CTGATCACAAGCCAGA-4,GARQ,D18,4,40,38,29,0.04917574,B.Naive
AGGTTACTCACTAAGC-4,GARQ,D18,4,40,38,29,0.0018818378,B.Naive
GGCATGGAGGTGCTGC-4,GARQ,D18,4,40,38,18,0.043252766,T.CD4.Memory
AATTAGCGTCATGAGC-4,GARQ,D18,4,40,38,20,0.16329098,T.CD8.Effector
CGGTAACGTGGTTATG-4,GARQ,D18,4,40,38,29,0.079580784,B.Naive
CACTAAGGTTACATCC-4,GARQ,D18,4,40,38,29,0.07293892,B.Naive
CTACTAAAGATAAAGC-4,GARQ,D18,4,40,38,29,0.041134953,B.Naive
ACATAGCTCAAAGGCA-4,GARQ,D18,4,40,38,17,0.045397043,T.CD4.Memory
AAAGGTTAGCATGACT-4,GARQ,D18,4,40,38,34,0.007315874,B.Naive
ATTGGTTCACTATGGC-4,GARQ,D18,4,40,38,38,0.009487689,T.CD4.Naive
GAACTTATCCTCGATC-4,GARQ,D18,4,40,38,25,0.018522263,T.CD8.Naive
GAGAAACGTACTGATG-4,GARQ,D18,4,40,38,11,0.08511561,T.CD8.Naive
GCCCGTTGTTAGAGCC-4,GARQ,D18,4,40,38,34,0.021401882,B.Naive
CCTGTTGGTACCCACC-4,GARQ,D18,4,40,38,25,0.013591766,T.CD4.Naive
TACATCAAGCACGTTG-4,GARQ,D18,4,40,38,8,0.17376304,Mono.CD14
CAAGGTTTCTAATCCT-4,GARQ,D18,4,40,38,20,0.029464781,T.CD4.Memory
TTTAGCTTCATTAGGC-4,GARQ,D18,4,40,38,20,0.16018462,T.CD8.Effector
TTAGGCTAGTGCTGTG-4,GARQ,D18,4,40,38,29,0.03217852,B.Naive
ACAACAGAGCAGCTCA-4,GARQ,D18,4,40,38,12,0.13623017,T.CD4.Memory
GAACGAATCTTGACCC-4,GARQ,D18,4,40,38,34,0.006230831,B.Naive
CCATATTTCCAGGTCA-4,GARQ,D18,4,40,38,29,0.02766633,B.Naive
TGAGCTTAGTAAGTGG-4,GARQ,D18,4,40,38,20,0.0014132261,T.CD4.Memory
TGAAGGATCTCACTAT-4,GARQ,D18,4,40,38,38,0.097127914,T.CD4.Naive
CCAGCTGCAATAGTCT-4,GARQ,D18,4,40,38,26,0.10972309,T.CD4.Naive
ACTCGCGCAATGAAGC-4,GARQ,D18,4,40,38,6,0.023140669,T.CD4.Naive
TGCATCCTCCGTGACA-4,GARQ,D18,4,40,38,8,0.27812397,Mono.CD14
CGCTAACCACGGTACT-4,GARQ,D18,4,40,38,29,0.025006294,B.Activated
GTCTAATCAAGTCGCT-4,GARQ,D18,4,40,38,29,0.04963672,B.Naive
AGCTACTAGGCTAGAA-4,GARQ,D18,4,40,38,23,0.09312272,T.CD4.Memory
GCGGGTTTCACGCCAA-4,GARQ,D18,4,40,38,29,0.054003596,B.Naive
GCCTCAAAGCACCACA-4,GARQ,D18,4,40,38,29,0.026836514,B.Naive
CGAATATGTTACGCAA-4,GARQ,D18,4,40,38,29,0.008542061,B.Activated
AGTGCACGTCCCGAAG-4,GARQ,D18,4,40,38,29,0.017955065,B.Naive
CAGGGCTTCCGCAAAT-4,GARQ,D18,4,40,38,23,0.062372923,T.CD8.Effector
TGAAGTGAGAACAAGT-4,GARQ,D18,4,40,38,20,0.27975643,T.CD8.Effector
AAACCGGCAGCAACAG-4,GARQ,D18,4,40,38,34,0.004237056,B.Naive
GTCTAGCCAATAGCCC-4,GARQ,D18,4,40,38,38,0.008231401,T.CD8.Naive
TCCTGGTTCAAAGGCA-4,GARQ,D18,4,40,38,29,0.030682325,B.Naive
GATGCTTAGGCATTGT-4,GARQ,D18,4,40,38,29,0.00824666,B.Naive
GCCAGGAAGCCGCAGT-4,GARQ,D18,4,40,38,29,0.06689155,B.Activated
TGGCTATAGCTGTAAC-4,GARQ,D18,4,40,38,20,0.058969438,T.CD4.Memory
TTACCTGTCATCCACC-4,GARQ,D18,4,40,38,29,0.04002464,B.Naive
GTTTGTAAGACAAACG-4,GARQ,D18,4,40,38,20,0.14405107,T.CD4.Memory
CGCTTGCGTCAGGAAG-4,GARQ,D18,4,40,38,8,0.25605178,Mono.CD14
TCGCCCATCCTAGTCC-4,GARQ,D18,4,40,38,34,0.016202569,B.Naive
ACTCGCGCAAGGTGCA-4,GARQ,D18,4,40,38,39,0.025366068,T.CD4.Memory
GTTTAACCAATGAATG-4,GARQ,D18,4,40,38,20,0.13862276,T.CD4.Memory
GAGGTTAAGGTTAGAG-4,GARQ,D18,4,40,38,33,0.07766199,NK
CTACAACAGCTTACTT-4,GARQ,D18,4,40,38,20,0.026715875,T.CD8.Effector
AGTAATCGTTCGGTAA-4,GARQ,D18,4,40,38,20,0.023262084,T.CD4.Memory
GGACGGATCGGTACGC-4,GARQ,D18,4,40,38,30,0.042827547,T.CD4.Memory
GTACCGGGTCTTACTA-4,GARQ,D18,4,40,38,6,0.07090902,T.CD4.Naive
TCAAGGAAGTTTGTCT-4,GARQ,D18,4,40,38,3,0.029748619,T.CD8.Effector
GATGCAGCAATAACGA-4,GARQ,D18,4,40,38,38,0.042774677,T.CD4.Naive
ATTATCCTCTAATCCT-4,GARQ,D18,4,40,38,8,0.49106002,Mono.CD14
ATCACAATCAGAAACG-4,GARQ,D18,4,40,38,8,0.19585001,Mono.CD14
TTGCGAGTCCGGTATG-4,GARQ,D18,4,40,38,24,0.052139163,T.CD4.Naive
CACAATATCACCGGTA-4,GARQ,D18,4,40,38,20,0.14419115,T.CD4.Memory
GTTAGGCGTATTGGAT-4,GARQ,D18,4,40,38,8,0.23786646,Mono.CD14
TGGCCTGCAAACCTTG-4,GARQ,D18,4,40,38,18,0.020505786,T.CD4.Naive
GCAGCAACATTGGGAG-4,GARQ,D18,4,40,38,33,0.20966762,T.CD8.Effector
CTATGATCAATAATCC-4,GARQ,D18,4,40,38,29,0.08103371,B.Naive
TGGTTCTGTCCCGAAG-4,GARQ,D18,4,40,38,26,0.0632776,T.CD4.Naive
AAGCCTTAGGTAGCTT-4,GARQ,D18,4,40,38,33,0.23306441,NK
TTAGCAATCCCTCAAC-4,GARQ,D18,4,40,38,38,0.005642891,T.CD8.Naive
AGCCGCTAGGTGAGAC-4,GARQ,D18,4,40,38,8,0.15736663,Mono.CD14
GATTACTCATTGCGTA-4,GARQ,D18,4,40,38,20,0.15159869,T.CD8.Effector
TGCTCTCAGTTTCCTG-4,GARQ,D18,4,40,38,0,0.025732517,T.CD8.Effector
AGTGGACAGCGCTAAT-4,GARQ,D18,4,40,38,33,0.1281668,NK
CTTATGTTCATTTGCT-4,GARQ,D18,4,40,38,9,0.009885728,T.CD4.Memory
TTGCGAGTCCTTAATC-4,GARQ,D18,4,40,38,39,0.0057193637,T.CD4.Memory
GATCGATTCACAGCCA-4,GARQ,D18,4,40,38,26,0.008666515,T.CD4.Naive
TGACTTAAGTAAGGGC-4,GARQ,D18,4,40,38,25,0.00045782328,T.CD4.Naive
AATTAGCGTACGCGCA-4,GARQ,D18,4,40,38,20,0.02697587,T.CD4.Memory
GTTGGCCAGGACCTCA-4,GARQ,D18,4,40,38,26,0.086675644,T.CD4.Naive
GTATTGTCACTAGCGT-4,GARQ,D18,4,40,38,20,0.08918738,T.CD8.Effector
GTGGTTAGTGGGTACT-4,GARQ,D18,4,40,38,17,0.048597336,T.CD4.Memory
TTGCACACAGCAGGTA-4,GARQ,D18,4,40,38,30,0.03309703,T.CD4.Naive
TTACCTGTCAATTACG-4,GARQ,D18,4,40,38,30,0.016438842,T.CD4.Memory
ACGCTTGAGACTCGCA-4,GARQ,D18,4,40,38,38,0.15409422,T.CD4.Naive
TAGTGGCGTACAATGT-4,GARQ,D18,4,40,38,30,0.044085324,T.CD4.Naive
CTCCAACTCCGGGACT-4,GARQ,D18,4,40,38,30,0.08237982,T.CD8.Naive
GATGGCTGTCTTGCAT-4,GARQ,D18,4,40,38,3,0.049488544,NK
AACGGTAAGCTTTGGG-4,GARQ,D18,4,40,38,38,0.24832273,T.CD4.Naive
CGATTGAGTACCGTTT-4,GARQ,D18,4,40,38,20,0.03684151,T.CD8.Effector
TACTGGCCACCCACCT-4,GARQ,D18,4,40,38,33,0.29502416,NK
ATGCGATTCACGAATC-4,GARQ,D18,4,40,38,20,0.13340282,T.CD8.Effector
CTACTAAAGGTGCTGC-4,GARQ,D18,4,40,38,11,0.03567481,T.CD8.Naive
GGGTTATTCTTAGTCT-4,GARQ,D18,4,40,38,20,0.029360533,T.CD8.Effector
AATGCAACAGGTTACC-4,GARQ,D18,4,40,38,20,0.04483199,T.CD4.Memory
AGAACAAGTGTGCAAC-4,GARQ,D18,4,40,38,36,0.014992952,T.CD8.Effector
GGAACAATCGATTATG-4,GARQ,D18,4,40,38,20,0.050554156,T.CD8.Effector
ATCACCCTCTAAGGAG-4,GARQ,D18,4,40,38,12,0.0406214,T.CD4.Naive
TAGTTTGAGGTCCTAG-4,GARQ,D18,4,40,38,29,0.044864655,B.Naive
TTTAGCTTCAAGCTTA-4,GARQ,D18,4,40,38,26,0.025030613,T.CD4.Naive
ACCCTGTTCACTTCAT-4,GARQ,D18,4,40,38,20,0.11381233,T.CD4.Memory
GGCTGAGAGTTAGACC-4,GARQ,D18,4,40,38,25,0.1365428,T.CD4.Naive
TGGCCTTTCTAGCTTT-4,GARQ,D18,4,40,38,6,0.008122444,T.CD8.Naive
GTCGAGGAGGCATTAC-4,GARQ,D18,4,40,38,29,0.016201258,B.Naive
GTCCATTGTGAGGTGA-4,GARQ,D18,4,40,38,38,0.110422134,T.CD4.Naive
CGTAATGGTCATAAGT-4,GARQ,D18,4,40,38,7,0.018133163,T.CD4.Naive
TCAACAATCTGTAATG-4,GARQ,D18,4,40,38,29,0.068549275,B.Activated
AGAACAAGTTTGAGCA-4,GARQ,D18,4,40,38,0,0.023282945,T.CD4.Memory
GGTTGGTGTTAATGCG-4,GARQ,D18,4,40,38,19,0.0070655346,T.CD4.Naive
AAGTAGCCAGCACGTT-4,GARQ,D18,4,40,38,34,0.025851727,B.Naive
CGCTTGCGTCCTTCTC-4,GARQ,D18,4,40,38,38,0.019235253,T.CD8.Naive
GACACCGGTTAGGTTG-4,GARQ,D18,4,40,38,20,0.3551092,T.CD8.Effector
ACACTAATCCATCAGG-4,GARQ,D18,4,40,38,29,0.04522729,B.Activated
ATTCCGGAGAACCTAC-4,GARQ,D18,4,40,38,25,0.041860223,T.CD4.Memory
AGAAACCCATAAACCT-4,GARQ,D18,4,40,38,20,0.01783824,T.CD4.Memory
TAGGAACCAACTAGCC-4,GARQ,D18,4,40,38,23,0.02700758,T.CD4.Memory
ATTTAGCCATTAAGCT-4,GARQ,D18,4,40,38,23,0.05924952,T.CD8.Effector
GAGTGTTTCCGGGACT-4,GARQ,D18,4,40,38,23,0.120244265,T.CD4.Memory
ATATGCATCATGCTTT-4,GARQ,D18,4,40,38,3,0.01791048,NK
GTGAGCGAGATGCCTG-4,GARQ,D18,4,40,38,20,0.10781765,T.CD8.Effector
GGATATTGTGCTAGCG-4,GARQ,D18,4,40,38,38,0.02439487,T.CD4.Memory
CCGCTTAGTTTCAGGA-4,GARQ,D18,4,40,38,10,0.010704279,T.CD4.Memory
GTGTAACTCAATACGC-4,GARQ,D18,4,40,38,23,0.024556398,T.CD4.Memory
CAGCATGTCATTATGG-4,GARQ,D18,4,40,38,12,0.032773674,T.CD4.Memory
CGTAGCGGTGTAACCA-4,GARQ,D18,4,40,38,20,0.017149806,T.CD4.Memory
TACGGTTAGAATGACG-4,GARQ,D18,4,40,38,20,0.15093768,T.CD8.Effector
GAGTTACTCCAATAGC-4,GARQ,D18,4,40,38,1,0.055066347,T.CD4.Memory
AATGCATGTTTCGCGC-4,GARQ,D18,4,40,38,4,0.036015987,T.CD4.Memory
GGTCATTAGGTCCTGA-4,GARQ,D18,4,40,38,20,0.18370295,T.CD4.Memory
TCTAGCGAGTGAGCAA-4,GARQ,D18,4,40,38,12,0.012520194,T.CD4.Naive
TTGGCTGAGGCAATAG-4,GARQ,D18,4,40,38,23,0.007999778,T.CD4.Memory
CGCTAACCAAGTGAAC-4,GARQ,D18,4,40,38,8,0.49918675,Mono.CD14
TCCATGCTCGCTCACT-4,GARQ,D18,4,40,38,20,0.0835821,T.CD4.Memory
GTGTGAGCAGGACCTT-4,GARQ,D18,4,40,38,33,0.059853792,NK
GGATAACCATTGTCAG-4,GARQ,D18,4,40,38,33,0.07706475,NK
CTTTGAGCAGCCTTGG-4,GARQ,D18,4,40,38,29,0.070929766,B.Naive
CATCCTGGTTGGTTAG-4,GARQ,D18,4,40,38,29,0.014604211,B.Activated
TGAAACTGTCTTACTA-4,GARQ,D18,4,40,38,23,0.0049601197,T.CD4.Memory
ATTAACCCACAGCCTG-4,GARQ,D18,4,40,38,8,0.24530232,Mono.CD14
CAGGACCTCCATCAGG-4,GARQ,D18,4,40,38,23,0.0482769,T.CD4.Memory
CCTTAGTGTGATTACG-4,GARQ,D18,4,40,38,26,0.00967133,T.CD4.Naive
GCTTCGCGTTCACCCA-4,GARQ,D18,4,40,38,23,0.03444612,T.CD4.Memory
GATTCAATCTCGACCT-4,GARQ,D18,4,40,38,12,0.015543342,T.CD4.Memory
GCCTTACTCGACCTGA-4,GARQ,D18,4,40,38,25,0.0008173585,T.CD4.Naive
CCGCAAGGTGAGGTGA-4,GARQ,D18,4,40,38,38,0.031119347,T.CD4.Naive
CTGTGTGAGGCTGTCA-4,GARQ,D18,4,40,38,20,0.09416318,T.CD4.Memory
TCCTTTACAGCATGTC-4,GARQ,D18,4,40,38,20,0.16352153,T.CD8.Effector
TGGTTGAGTCCAAGAC-4,GARQ,D18,4,40,38,23,0.014064789,T.CD4.Memory
CTGTAACAGTCAGTAC-4,GARQ,D18,4,40,38,33,0.2297095,NK
TGCTTTAGTTAACAGT-4,GARQ,D18,4,40,38,11,0.21894217,T.CD4.Naive
CTTTATGGTTTATCGC-4,GARQ,D18,4,40,38,29,0.09128702,B.Naive
ACAACAGAGTTGCCTC-4,GARQ,D18,4,40,38,20,0.25545275,T.CD8.Effector
GTTTCCTCAATCATGT-4,GARQ,D18,4,40,38,23,0.11466324,T.CD4.Memory
TCAAACCAGCCTTAAA-4,GARQ,D18,4,40,38,20,0.028241992,T.CD4.Memory
ATCCTCATCCCTCGCA-4,GARQ,D18,4,40,38,12,0.022986054,T.CD4.Memory
TTTACGAAGCATTATG-4,GARQ,D18,4,40,38,20,0.06626654,T.CD4.Memory
TCTCACCAGCTACTGG-4,GARQ,D18,4,40,38,23,0.069992304,T.CD4.Memory
TCTACCTCATGTTTGG-4,GARQ,D18,4,40,38,33,0.0659166,NK
GAGCATGCAGGCTAAG-4,GARQ,D18,4,40,38,34,0.050961256,B.Naive
TAGCGGACAATATAGG-4,GARQ,D18,4,40,38,23,0.13152766,T.CD4.Memory
GGTAATTGTCGCAAAC-4,GARQ,D18,4,40,38,38,0.037677646,T.CD4.Memory
CATGCGGGTTCATCTA-4,GARQ,D18,4,40,38,26,0.03740418,T.CD4.Naive
TGGCCATCAGAAATTG-4,GARQ,D18,4,40,38,38,0.14935315,T.CD8.Naive
TAAGGCTTCTTAGCCC-4,GARQ,D18,4,40,38,7,0.05509925,T.CD4.Naive
ACGTTACAGCAACATC-4,GARQ,D18,4,40,38,36,0.04155451,T.CD4.Memory
GGCTAGACACGTAATT-4,GARQ,D18,4,40,38,24,0.06508589,T.CD4.Naive
TATTTGCTCTTGGACG-4,GARQ,D18,4,40,38,0,0.009275675,T.CD4.Memory
ATTACTGAGCCTGATG-4,GARQ,D18,4,40,38,34,0.010005951,B.Naive
ACAAAGGTCGCTAAGT-4,GARQ,D18,4,40,38,30,0.079389274,T.CD4.Memory
ATTGCACAGCGGATAA-4,GARQ,D18,4,40,38,11,0.08440852,T.CD4.Naive
AAGACATAGCTTAGCG-4,GARQ,D18,4,40,38,38,0.0013240576,T.CD4.Memory
CAAAGCGCAATTAAGG-4,GARQ,D18,4,40,38,25,0.036892653,T.CD4.Naive
CTGGTTACAGCACGAA-4,GARQ,D18,4,40,38,26,0.0035443306,T.CD4.Naive
CTGGCTAAGCAGGTGG-4,GARQ,D18,4,40,38,38,0.08497071,T.CD4.Memory
CGTTAAATCGTTTCCA-4,GARQ,D18,4,40,38,38,0.04373288,T.CD4.Naive
CCCGCTTCATTGCGAC-4,GARQ,D18,4,40,38,6,0.08285493,T.CD4.Naive
GCTTAACAGCGGTTAT-4,GARQ,D18,4,40,38,12,0.05885172,T.CD4.Memory
GTAGCTGTCCCTCGCA-4,GARQ,D18,4,40,38,38,0.0075238347,T.CD4.Naive
CGCACAATCGATAACC-4,GARQ,D18,4,40,38,26,0.054514885,T.CD4.Naive
GACGCCTAGGGATGAC-4,GARQ,D18,4,40,38,23,0.04427874,T.CD8.Effector
GGACGGATCACGTTAA-4,GARQ,D18,4,40,38,38,0.07456374,T.CD4.Naive
GGTTCCCGTGCTTTAC-4,GARQ,D18,4,40,38,20,0.00491786,T.CD4.Memory
CTTAGGAGTCCCGAAG-4,GARQ,D18,4,40,38,20,0.026954412,T.CD8.Effector
AATTGTGTCTAATTGG-4,GARQ,D18,4,40,38,12,0.07560742,T.CD4.Naive
CATCCCAGTCCGTAGG-4,GARQ,D18,4,40,38,26,0.020213962,T.CD4.Naive
CATCAATCAGGGAGGA-4,GARQ,D18,4,40,38,20,0.05746317,NK
CCTATTTAGCAAGGTA-4,GARQ,D18,4,40,38,36,0.023911715,T.CD4.Memory
TTGGGCCAGGATCCGC-4,GARQ,D18,4,40,38,19,0.081854105,T.CD4.Naive
ATGAATGCATTGTTGG-4,GARQ,D18,4,40,38,23,0.10917854,T.CD4.Memory
TTCCACGGTCTTTGAC-4,GARQ,D18,4,40,38,29,0.2430718,B.Naive
GCAGGATAGATTCCTT-4,GARQ,D18,4,40,38,20,0.023719847,T.CD8.Effector
CCGCTAAAGGCGAATA-4,GARQ,D18,4,40,38,29,0.03444016,B.Naive
GATTAAGCAAGTAAGC-4,GARQ,D18,4,40,38,33,0.20420074,NK
CTAACCACAGGCTACT-4,GARQ,D18,4,40,38,30,0.005017638,T.CD4.Memory
TCCATAAAGCTGGAAA-4,GARQ,D18,4,40,38,20,0.01631844,T.CD8.Effector
GCAGCCAGTCCGGTTC-4,GARQ,D18,4,40,38,33,0.09410882,NK
TGCCATTGTGTTGTGA-4,GARQ,D18,4,40,38,7,0.044510365,T.CD4.Naive
ACCTAAGGTTTGGCTT-4,GARQ,D18,4,40,38,30,0.113527775,T.CD4.Memory
AAGCCTCCAAGTCGCT-4,GARQ,D18,4,40,38,6,0.026310086,T.CD4.Naive
CCTGTTGGTACCTTAC-4,GARQ,D18,4,40,38,23,0.1035167,T.CD8.Effector
TGAGCTTAGATAACCC-4,GARQ,D18,4,40,38,25,0.009891748,T.CD8.Naive
AACCTCCTCCAGGTTG-4,GARQ,D18,4,40,38,20,0.19648921,T.CD8.Effector
CCCTCATAGTAGGATG-4,GARQ,D18,4,40,38,23,0.029777765,Platelets
GGTTGCTCACACAATT-4,GARQ,D18,4,40,38,8,0.39778793,Mono.CD14
ATGTAACGTTCATTTG-4,GARQ,D18,4,40,38,14,0.0669117,T.CD4.Memory
CAGCAAGCATCATGGC-4,GARQ,D18,4,40,38,38,0.0771786,T.CD4.Naive
ACCAATATCTGTTCAT-4,GARQ,D18,4,40,38,7,0.019067883,T.CD4.Naive
CCAGGAACAGTTATGT-4,GARQ,D18,4,40,38,39,0.0079520345,T.CD4.Memory
ACCAGGCTCCGTGACA-4,GARQ,D18,4,40,38,2,0.031089067,T.CD4.Naive
TACTCGCTCTTTAGGA-4,GARQ,D18,4,40,38,23,0.17888165,T.CD8.Effector
CGCACACAGCATGTTA-4,GARQ,D18,4,40,38,38,0.0002604723,T.CD4.Memory
GATTCGCCATTAGCGC-4,GARQ,D18,4,40,38,12,0.0018742085,T.CD4.Naive
TGCACCTTCTCGCCCA-4,GARQ,D18,4,40,38,38,0.005063951,T.CD4.Memory
CTCAGGATCCCTGGTT-4,GARQ,D18,4,40,38,23,0.005225897,T.CD8.Naive
CAACCCGCACCCACCT-4,GARQ,D18,4,40,38,6,0.007066667,T.CD8.Naive
AGTAAACAGGTGAAAT-4,GARQ,D18,4,40,38,19,0.027871251,T.CD4.Naive
ATGTAACGTGAAGCCT-4,GARQ,D18,4,40,38,20,0.11335641,T.CD8.Effector
GCCCGTTGTATGGTGC-4,GARQ,D18,4,40,38,14,0.018054008,T.CD4.Naive
GCTATTGCAGCTACGT-4,GARQ,D18,4,40,38,23,0.02687347,T.CD4.Memory
GTGAACAAGTCATTAG-4,GARQ,D18,4,40,38,18,0.029488385,T.CD4.Memory
CGAAGCGAGTTGTCCC-4,GARQ,D18,4,40,38,14,0.08260083,T.CD8.Naive
AGTCGCATCCGGTTAG-4,GARQ,D18,4,40,38,30,0.018307805,T.CD4.Naive
AAGCGAGGTATTGGAT-4,GARQ,D18,4,40,38,23,0.02852285,T.CD8.Effector
AACAGATAGAATGACG-4,GARQ,D18,4,40,38,39,0.03899151,T.CD8.Naive
AATCAGGAGCCTGTGA-4,GARQ,D18,4,40,38,38,0.04904604,T.CD4.Naive
ATTTAGGTCCACCTTA-4,GARQ,D18,4,40,38,12,0.039384007,T.CD4.Memory
ACCTCACTCAATGTCA-4,GARQ,D18,4,40,38,6,0.0343436,T.CD4.Memory
GATAATCGTGTCCTGC-4,GARQ,D18,4,40,38,7,0.030479193,T.CD4.Memory
GTAATAGCAGTTGCGT-4,GARQ,D18,4,40,38,20,0.12122023,T.CD8.Effector
AGTGAACCACTAAGCC-4,GARQ,D18,4,40,38,25,0.031921446,T.CD4.Naive
GAGGTACAGCAGCTAT-4,GARQ,D18,4,40,38,23,0.025690913,T.CD8.Effector
AGTAATGCAAACCTAT-4,GARQ,D18,4,40,38,39,0.012447715,T.CD4.Naive
AGAATCGAGAGAGGAG-4,GARQ,D18,4,40,38,23,0.01157701,T.CD8.Effector
CCTAAATCACAGGATG-4,GARQ,D18,4,40,38,14,0.012097955,T.CD4.Memory
AGCCTCCGTTGCATCT-4,GARQ,D18,4,40,38,14,0.09198809,T.CD4.Naive
ATGACTCAGTTGTCAA-4,GARQ,D18,4,40,38,23,0.009144425,T.CD4.Memory
GCAATGTTCACAGCCA-4,GARQ,D18,4,40,38,23,0.040537417,T.CD4.Memory
TGCATGAGTTGCAATG-4,GARQ,D18,4,40,38,12,0.00643003,T.CD4.Memory
ATTCAACCACAAAGAC-4,GARQ,D18,4,40,38,23,0.06210196,T.CD8.Effector
CGAAGGCCAAGCCACT-4,GARQ,D18,4,40,38,11,0.1839419,T.CD8.Naive
ATGTCCACAGCATGGA-4,GARQ,D18,4,40,38,33,0.15596718,NK
CACATACAGAACAAGT-4,GARQ,D18,4,40,38,12,0.010625124,T.CD4.Naive
CTTCAATTCGTTAGTA-4,GARQ,D18,4,40,38,34,0.07617867,B.Naive
GGGTCACTCACAAGCT-4,GARQ,D18,4,40,38,23,0.0038056374,T.CD4.Naive
ATATAGGCAGTAGGTG-4,GARQ,D18,4,40,38,29,0.034276247,B.Naive
ACAGGCTGTCGCATAA-4,GARQ,D18,4,40,38,29,0.113098145,B.Naive
TGGCCTTTCTAGCGTG-4,GARQ,D18,4,40,38,38,0.3103795,T.CD4.Naive
ATTTGCGCATCAGTAT-4,GARQ,D18,4,40,38,23,0.0074728727,T.CD4.Memory
GTTGGCGGTGTTGCAA-4,GARQ,D18,4,40,38,10,0.015999079,T.CD4.Naive
CACATTAAGGCTAGAA-4,GARQ,D18,4,40,38,32,0.0890317,T.CD4.Memory
CCTTTAGTCTTGTCCA-4,GARQ,D18,4,40,38,20,0.008726239,T.CD4.Memory
GCCTGAGGTTTGAGCA-4,GARQ,D18,4,40,38,20,0.07112026,T.CD4.Memory
GATCCGTCAAGGTGGC-4,GARQ,D18,4,40,38,17,0.006418705,T.CD4.Memory
CACATTAAGGAGGGTT-4,GARQ,D18,4,40,38,14,0.006953597,T.CD4.Naive
GAGCATGCAGCAGGTA-4,GARQ,D18,4,40,38,14,0.12840414,T.CD4.Naive
CCGCCAACAATAGCAA-4,GARQ,D18,4,40,38,3,0.037840128,NK
CGGCCATAGCAAGGTA-4,GARQ,D18,4,40,38,20,0.13040018,T.CD4.Memory
ATTCAACCAGCAAATA-4,GARQ,D18,4,40,38,11,0.0891484,T.CD4.Memory
ACTGAAACATCACAGC-4,GARQ,D18,4,40,38,12,0.09487283,T.CD4.Naive
TTAAGCCAGCATGTTA-4,GARQ,D18,4,40,38,14,0.050822556,T.CD4.Memory
GCGGGTTTCCGTCCAT-4,GARQ,D18,4,40,38,11,0.047837198,T.CD4.Naive
TGCGATTAGGAACGCG-4,GARQ,D18,4,40,38,25,0.011406839,T.CD4.Memory
TGTGCGCAGTAACGAG-4,GARQ,D18,4,40,38,11,0.049000323,T.CD4.Memory
CCTGTAACAGTAAGTA-4,GARQ,D18,4,40,38,29,0.024636507,B.Naive
CGGACCTAGGCTAATC-4,GARQ,D18,4,40,38,20,0.09582567,T.CD8.Effector
GAGCTTAGTGTTTGCT-4,GARQ,D18,4,40,38,29,0.054352403,B.Activated
GGCTAGACAATGAATG-4,GARQ,D18,4,40,38,38,0.04628086,T.CD8.Naive
CCTTGCGTCGCATTAA-4,GARQ,D18,4,40,38,6,0.043607473,T.CD4.Naive
GAGTCAAAGGGCCATC-4,GARQ,D18,4,40,38,26,0.039293945,T.CD4.Naive
CCTGGTAAGTAGGATG-4,GARQ,D18,4,40,38,12,0.013250172,T.CD4.Naive
TATTAGCCACGTTACA-4,GARQ,D18,4,40,38,14,0.10102868,T.CD4.Naive
TGAGGAGGTAATGACT-4,GARQ,D18,4,40,38,14,0.0051475763,T.CD4.Naive
CATAAGCTCTTAGGGT-4,GARQ,D18,4,40,38,30,0.03806901,T.CD4.Memory
TTAGCAATCACCATTT-4,GARQ,D18,4,40,38,20,0.08986378,T.CD8.Effector
GCACGCTAGGTTACGT-4,GARQ,D18,4,40,38,11,0.0056499243,T.CD4.Naive
CCCGTAAAGCGCCTTT-4,GARQ,D18,4,40,38,20,0.04239571,T.CD8.Effector
GCAAACTTCTTAAGTG-4,GARQ,D18,4,40,38,25,0.016047776,T.CD4.Naive
CGTTGCGCAAAGGCCA-4,GARQ,D18,4,40,38,20,0.008460879,T.CD4.Memory
ACGACTTAGAACCTAC-4,GARQ,D18,4,40,38,20,0.0022463799,T.CD8.Effector
TAGTAACGTTAGACCA-4,GARQ,D18,4,40,38,23,0.004632354,T.CD8.Effector
AGTAACCTCCAGGTCA-4,GARQ,D18,4,40,38,25,0.0058329105,T.CD4.Naive
AACATCATCAATGTCA-4,GARQ,D18,4,40,38,30,0.002948761,T.CD4.Naive
TTAGCTGCAGCTTAAT-4,GARQ,D18,4,40,38,38,0.030757189,T.CD8.Naive
CCTTAGTGTCATTGTC-4,GARQ,D18,4,40,38,20,0.062046766,T.CD8.Effector
TCCGGAATCCGTAAAC-4,GARQ,D18,4,40,38,11,0.038730025,T.CD8.Naive
ATGGCTAGTATTTGGG-4,GARQ,D18,4,40,38,12,0.032414794,T.CD4.Naive
ACGGTTTAGAACCTAC-4,GARQ,D18,4,40,38,7,0.34056604,T.CD4.Naive
ATTTAGCCACCACAAC-4,GARQ,D18,4,40,38,20,0.03267753,T.CD4.Memory
TCTTAGTTCTTGCAAA-4,GARQ,D18,4,40,38,38,0.005538821,T.CD4.Naive
CTTATGTTCAATGTGC-4,GARQ,D18,4,40,38,38,0.069817305,T.CD4.Naive
AGGGTTGCAATTATGC-4,GARQ,D18,4,40,38,25,0.024753451,T.CD4.Naive
TGTTGTAAGGCAGGTG-4,GARQ,D18,4,40,38,12,0.026949406,T.CD8.Naive
TCTAGCACACATTGCA-4,GARQ,D18,4,40,38,23,0.067891896,T.CD4.Memory
CACCAACCATCCCGCT-4,GARQ,D18,4,40,38,38,0.03398341,T.CD4.Naive
GTATGTTCAACCTGGT-4,GARQ,D18,4,40,38,20,0.0029511452,T.CD4.Memory
ATACCTGCATCCATCT-4,GARQ,D18,4,40,38,25,0.018057048,T.CD8.Effector
GGCTTCAAGGCCAATT-4,GARQ,D18,4,40,38,30,0.059476733,T.CD4.Memory
GTACCTTGTAGTAAGA-4,GARQ,D18,4,40,38,38,0.13316905,T.CD8.Naive
GGTCAATTCAGGAAGC-4,GARQ,D18,4,40,38,19,0.04335594,T.CD4.Naive
CAAGTGAAGTGAACGA-4,GARQ,D18,4,40,38,36,0.037478983,T.CD4.Memory
AATGCAACAGTCTAGC-4,GARQ,D18,4,40,38,20,0.103910446,NK
GTGCATTAGGCATGAA-4,GARQ,D18,4,40,38,20,0.06186974,T.CD4.Memory
CTAGCTTGTTCACCAT-4,GARQ,D18,4,40,38,23,0.016936779,T.CD8.Effector
CTTGTTTAGTTTAACG-4,GARQ,D18,4,40,38,12,0.0748896,T.CD4.Memory
GATCGCTCAAAGCTAA-4,GARQ,D18,4,40,38,20,0.20236301,T.CD8.Effector
CGAAGCCTCCACCTTA-4,GARQ,D18,4,40,38,30,0.08456874,T.CD4.Naive
GGTTTAATCATAAGCC-4,GARQ,D18,4,40,38,20,0.08502436,T.CD8.Effector
ACCGCAATCGCAGGCT-4,GARQ,D18,4,40,38,38,0.12787104,T.CD4.Naive
TCCGCCATCACCATTT-4,GARQ,D18,4,40,38,38,0.09873104,T.CD4.Memory
TAGACCAGTCCTAAGA-4,GARQ,D18,4,40,38,6,0.01701498,T.CD4.Memory
CGAAGTAAGTTTAACG-4,GARQ,D18,4,40,38,30,0.0058602095,T.CD4.Memory
TATATCCTCTGGCAAT-4,GARQ,D18,4,40,38,13,0.021851838,T.CD8.Naive
GGCAATCGTCGCAATA-4,GARQ,D18,4,40,38,29,0.053260326,B.Activated
TCGTGCTTCGTACCGA-4,GARQ,D18,4,40,38,14,0.0041109324,T.CD4.Naive
ATGTCCACATCCCTCA-4,GARQ,D18,4,40,38,33,0.20553845,NK
GATCAAGAGCACTAAC-4,GARQ,D18,4,40,38,6,0.07793456,T.CD4.Memory
AGTGTTTCAAATTGCT-4,GARQ,D18,4,40,38,38,0.045020342,T.CD4.Naive
AGCAAGGGTGCGCAAT-4,GARQ,D18,4,40,38,14,0.018497765,T.CD8.Effector
ACGAGTAAGTATTGTG-4,GARQ,D18,4,40,38,23,0.023802698,T.CD4.Memory
GATTTGCAGGCTCATG-4,GARQ,D18,4,40,38,29,0.1286912,B.Naive
AAGCTTGGTGCTTACT-4,GARQ,D18,4,40,38,29,0.053701997,B.Naive
TACATCAAGGTTAGCT-4,GARQ,D18,4,40,38,14,0.024258316,T.CD8.Naive
AATCAGGAGCGCAATT-4,GARQ,D18,4,40,38,27,0.011158824,T.CD4.Naive
ATGTAACGTCATCCTG-4,GARQ,D18,4,40,38,11,0.061899066,T.CD8.Naive
AACAGCAAGTCAATTG-4,GARQ,D18,4,40,38,20,0.12874615,T.CD8.Effector
TAGCTTGCAGCACGTT-4,GARQ,D18,4,40,38,23,0.008690357,T.CD8.Effector
GGTGAGCCAAGCGAGC-4,GARQ,D18,4,40,38,25,0.0064948797,T.CD4.Memory
AGATGCTTCTTAAGTG-4,GARQ,D18,4,40,38,38,0.07531214,T.CD4.Naive
AAATGGCCAATCCCTT-4,GARQ,D18,4,40,38,29,0.08392978,B.Naive
AGCCTAGTCATCCTGC-4,GARQ,D18,4,40,38,10,0.017079711,T.CD4.Memory
AATTGACGTGATGGCT-4,GARQ,D18,4,40,38,16,0.08561814,T.CD4.Naive
GCAATCTAGCTCGCTT-4,GARQ,D18,4,40,38,3,0.09158635,NK
CGTTATTTCCAGCACA-4,GARQ,D18,4,40,38,8,0.37902904,Mono.CD14
CTATGGCCAGCGCTTG-4,GARQ,D18,4,40,38,12,0.0803684,T.CD4.Naive
AACTCACAGGTAAGGC-4,GARQ,D18,4,40,38,20,0.012663841,NK
CGTCAATAGGAACGCG-4,GARQ,D18,4,40,38,23,0.027356982,T.CD8.Effector
CGCTTACTCGGTTACG-4,GARQ,D18,4,40,38,25,0.0150847435,T.CD4.Naive
AGTTTGCAGTCATTGA-4,GARQ,D18,4,40,38,8,0.46784496,Mono.CD14
TACCGCAAGACCATAC-4,GARQ,D18,4,40,38,11,0.0124723315,T.CD4.Naive
GTATTGATCTGGCTTC-4,GARQ,D18,4,40,38,12,0.049631715,T.CD4.Memory
AGCCGCTAGGGATTAG-4,GARQ,D18,4,40,38,38,0.0038856268,T.CD4.Naive
CGCCAAATCTGTGAGT-4,GARQ,D18,4,40,38,33,0.08968854,NK
AATGTCATCACCTGTC-4,GARQ,D18,4,40,38,3,0.01964283,NK
CGTGTGTCAACGTGCT-4,GARQ,D18,4,40,38,14,0.036414146,T.CD4.Memory
CTAATCGCAGCACGTT-4,GARQ,D18,4,40,38,20,0.11084032,T.CD8.Effector
ACGCTTGAGGCTAATC-4,GARQ,D18,4,40,38,32,0.0039200783,T.CD4.Naive
GTGCCTTTCTAACTGA-4,GARQ,D18,4,40,38,38,0.08306956,T.CD4.Memory
GACTTACAGCATGCAT-4,GARQ,D18,4,40,38,14,0.03532636,T.CD4.Memory
ACGCCACAGCCAGGTC-4,GARQ,D18,4,40,38,38,0.06104982,T.CD4.Naive
CCTGGATCATTAGGCC-4,GARQ,D18,4,40,38,23,0.0016306639,NK
TGTATCGCAACAGGAT-4,GARQ,D18,4,40,38,20,0.026573896,T.CD8.Effector
CGTTATTTCGTGCTAG-4,GARQ,D18,4,40,38,23,0.117319226,T.CD4.Memory
CCAACCCGTGAGAAAC-4,GARQ,D18,4,40,38,38,0.09967744,T.CD4.Naive
TCATGAGGTTTACGTC-4,GARQ,D18,4,40,38,11,0.15093291,T.CD8.Naive
ATGGCCCAGTTGCCTC-4,GARQ,D18,4,40,38,6,0.03509897,T.CD4.Naive
GGACATAAGCTACTGG-4,GARQ,D18,4,40,38,14,0.09015095,T.CD4.Naive
ACAGCCGGTGTTTGTC-4,GARQ,D18,4,40,38,14,0.13238609,T.CD4.Naive
AGCCGGTTCATAACCA-4,GARQ,D18,4,40,38,23,0.031227946,T.CD4.Memory
ACCTTGCTCTGCAACG-4,GARQ,D18,4,40,38,39,0.017142057,T.CD4.Naive
GGTAAGGGTCCTTTAA-4,GARQ,D18,4,40,38,29,0.084531784,B.Activated
AGTTGGCGTACCGTAA-4,GARQ,D18,4,40,38,38,0.042698503,T.CD8.Naive
AACATTGTCAGTGAAG-4,GARQ,D18,4,40,38,14,0.01841116,T.CD4.Naive
AACGCCCAGCGCTAAT-4,GARQ,D18,4,40,38,20,0.15639472,T.CD8.Effector
CCTCAGTTCATGTCAA-4,GARQ,D18,4,40,38,29,0.15277743,B.Naive
AATGGCGCATCAATCG-4,GARQ,D18,4,40,38,29,0.01928401,B.Activated
TCTAGCCTCCCGCAAA-5,GARQ,D18,4,40,38,8,0.2623291,Mono.CD14
CAGGCTATCAGGGCCT-5,GARQ,D18,4,40,38,8,0.19077325,Mono.CD16
GCATCCTTCGCAATCG-5,GARQ,D18,4,40,38,29,0.04256749,B.Naive
TGATTAGTCACGCGGT-5,GARQ,D18,4,40,38,26,0.016010165,T.CD4.Naive
GTACTTCGTTACTTCA-5,GARQ,D18,4,40,38,29,0.15808105,B.Naive
TCCATCATCCGTGACA-5,GARQ,D18,4,40,38,8,0.2976699,Mono.CD14
CAAACAACAATATACC-5,GARQ,D18,4,40,38,8,0.38085878,Mono.CD14
TATCGCGAGCTGGACC-5,GARQ,D18,4,40,38,0,0.32112193,T.CD4.Memory
AGACACGCATTATGGT-5,GARQ,D18,4,40,38,8,0.3592934,Mono.CD14
GCTTTGTGTGGAAGGC-5,GARQ,D18,4,40,38,8,0.29391325,Mono.CD14
GTCCTAGAGCCTAACG-5,GARQ,D18,4,40,38,30,0.17361248,T.CD4.Memory
GACCGTTCAAACCTAT-5,GARQ,D18,4,40,38,34,0.0068752766,B.Naive
GTCTTTGTCCAAGTGT-5,GARQ,D18,4,40,38,29,0.11188471,B.Naive
AATATCCCAATGAATG-5,GARQ,D18,4,40,38,33,0.10438347,NK
TTGCACACAATAGCCC-5,GARQ,D18,4,40,38,33,0.035042286,T.CD8.Effector
GGCGTTATCTTGACCC-5,GARQ,D18,4,40,38,8,0.25241244,Mono.CD14
TACTGGCCATGGCCTG-5,GARQ,D18,4,40,38,29,0.03768611,B.Naive
TGGAACAAGGCACAGG-5,GARQ,D18,4,40,38,8,0.3835137,Mono.CD14
GCTATTGCAGGGAGCT-5,GARQ,D18,4,40,38,8,0.2760455,Mono.CD14
AGGTGAGGTTGGTGAC-5,GARQ,D18,4,40,38,21,0.026594162,T.CD8.Effector
CAAGTTATCCTCCATA-5,GARQ,D18,4,40,38,8,0.30799925,Mono.CD14
GTTGTGAGTTTCCTCC-5,GARQ,D18,4,40,38,36,0.023622632,T.CD4.Memory
TTGTTGCGTCCGTAGG-5,GARQ,D18,4,40,38,8,0.28911644,Mono.CD14
TAACCTAAGTAAGTGG-5,GARQ,D18,4,40,38,8,0.18625551,Mono.CD14
TCCTTCAAGTGCACGC-5,GARQ,D18,4,40,38,29,0.00615263,B.Naive
GCCTGTGCAACCTAAT-5,GARQ,D18,4,40,38,8,0.3728106,Mono.CD14
GACTCACCATTAGCCA-5,GARQ,D18,4,40,38,29,0.047712684,B.Naive
CCTACTTCACATTGCA-5,GARQ,D18,4,40,38,34,0.036673307,B.Naive
GAGTAACCAGCAAGGC-5,GARQ,D18,4,40,38,8,0.21810627,Mono.CD14
GATCGATTCATGCTCC-5,GARQ,D18,4,40,38,33,0.06320596,NK
ATTGCAGGTGTCCTGC-5,GARQ,D18,4,40,38,29,0.10619581,B.Naive
CAGGTTTAGTGAGCGG-5,GARQ,D18,4,40,38,8,0.25491643,Mono.CD14
GCCTGAGGTATTCGTC-5,GARQ,D18,4,40,38,29,0.11372423,B.Naive
ATGTCAATCCATTACT-5,GARQ,D18,4,40,38,8,0.38214058,Mono.CD14
GAAGGATGTACTGAAT-5,GARQ,D18,4,40,38,34,0.0134631395,B.Naive
CTGTTCATCGCAATCG-5,GARQ,D18,4,40,38,29,0.022969246,B.Naive
GATCACTAGACTTATG-5,GARQ,D18,4,40,38,20,0.1124568,T.CD8.Effector
CTCCAACTCCTGATTT-5,GARQ,D18,4,40,38,6,0.03014803,T.CD4.Memory
GGACCGAAGGTCCTAG-5,GARQ,D18,4,40,38,36,0.089993,T.CD4.Memory
AGGTTAACAATTAACC-5,GARQ,D18,4,40,38,34,0.013558149,B.Naive
GCGTTTCTCCGCCTCA-5,GARQ,D18,4,40,38,29,0.037225842,B.Naive
GCCCAAATCATGTTTC-5,GARQ,D18,4,40,38,29,0.08496785,B.Naive
CTGTATTTCACTCAAA-5,GARQ,D18,4,40,38,8,0.42787826,Mono.CD14
CCAAACTAGTTCCTGC-5,GARQ,D18,4,40,38,29,0.09064543,B.Naive
TGTATCCGTACCGTAA-5,GARQ,D18,4,40,38,8,0.22784936,Mono.CD14
GTCTCACTCACGAATC-5,GARQ,D18,4,40,38,8,0.29781818,Mono.CD14
GAATTTGTCCACCTGT-5,GARQ,D18,4,40,38,36,0.0706107,T.CD4.Memory
ACATTAGTCGCAGGCT-5,GARQ,D18,4,40,38,38,0.051532805,T.CD4.Naive
TCGTTACGTGGACCTG-5,GARQ,D18,4,40,38,8,0.16861928,Mono.CD16
ATAACGACAAACAACA-5,GARQ,D18,4,40,38,20,0.04344368,T.CD4.Memory
CCGCAAATCCTTCGTA-5,GARQ,D18,4,40,38,29,0.14878654,B.Naive
ATTTGTGAGTCAGTAC-5,GARQ,D18,4,40,38,34,0.00869143,B.Naive
CAATCCTGTTGCGCGA-5,GARQ,D18,4,40,38,12,0.035318613,T.CD4.Memory
ACCAGCTCACCCACCT-5,GARQ,D18,4,40,38,8,0.2427352,Mono.CD14
TCTTGTCCACCTAATG-5,GARQ,D18,4,40,38,20,0.0074472427,T.CD4.Memory
CAGCTAAGTACCGAAC-5,GARQ,D18,4,40,38,8,0.34339118,Mono.CD14
CGAAATGAGCGCTCAA-5,GARQ,D18,4,40,38,23,0.004979253,T.CD4.Memory
CCATTGTGTGAGCAAG-5,GARQ,D18,4,40,38,8,0.40750325,Mono.CD14
TCATAACCAGGTCCTG-5,GARQ,D18,4,40,38,29,0.007637024,B.Naive
GCAGCAACAACTAGCC-5,GARQ,D18,4,40,38,8,0.2513919,Mono.CD14
CGCACCACATAGCTTG-5,GARQ,D18,4,40,38,29,0.009811044,B.Naive
TTGGATATCGCCTAAG-5,GARQ,D18,4,40,38,8,0.2587067,Mono.CD14
GTAAGGTCAAATGCCC-5,GARQ,D18,4,40,38,8,0.2976973,Mono.CD14
CTGTAACAGCGGATTT-5,GARQ,D18,4,40,38,8,0.36954772,Mono.CD14
TGATCAATCTTGAGGT-5,GARQ,D18,4,40,38,34,0.01693523,B.Naive
TGACCTTGTCCGTAGG-5,GARQ,D18,4,40,38,30,0.046021342,T.CD4.Memory
ACCACACCACATAGCC-5,GARQ,D18,4,40,38,29,0.06268215,B.Naive
GTGCTTACATTATGGT-5,GARQ,D18,4,40,38,29,0.016925335,B.Naive
ACGCTTGAGCTGGCTA-5,GARQ,D18,4,40,38,29,0.083515406,B.Naive
AACCTCACAACCTAAT-5,GARQ,D18,4,40,38,29,0.091158986,B.Naive
TGGTGATTCTTGACCC-5,GARQ,D18,4,40,38,8,0.24678588,Mono.CD14
GATCAAGAGAACAAGT-5,GARQ,D18,4,40,38,0,0.03574717,T.CD4.Memory
GACCGAACATCTTGAG-5,GARQ,D18,4,40,38,8,0.4511249,Mono.CD14
CGTACGGGTGGATTCA-5,GARQ,D18,4,40,38,8,0.23901212,Mono.CD14
GCTTAACAGAATCGCT-5,GARQ,D18,4,40,38,29,0.08428335,B.Activated
TTGTTGCGTTACGCAA-5,GARQ,D18,4,40,38,20,0.07597709,T.CD8.Effector
GAGGACTAGTCAGTAC-5,GARQ,D18,4,40,38,33,0.0026641488,NK
CTTCGCGTCCTTGTTG-5,GARQ,D18,4,40,38,17,0.11987507,T.CD8.Effector
CTCTCACAGGTGTCCA-5,GARQ,D18,4,40,38,36,0.028380513,T.CD4.Memory
GGCATTAGTGCGCGTA-5,GARQ,D18,4,40,38,29,0.012372494,B.Naive
CATGCGGGTGTTGCAA-5,GARQ,D18,4,40,38,29,0.023335695,B.Naive
TGCTCAACAGAAATGC-5,GARQ,D18,4,40,38,20,0.13884103,T.CD8.Effector
ATTAGCTCAAGGTAAC-5,GARQ,D18,4,40,38,17,0.0071383715,T.CD8.Effector
AGCATTTCAGGAAGCC-5,GARQ,D18,4,40,38,38,0.13986504,T.CD8.Naive
CACCAACCAGGGAGCT-5,GARQ,D18,4,40,38,8,0.40930223,Mono.CD14
ACTTATGAGATGGACA-5,GARQ,D18,4,40,38,29,0.042987466,B.Naive
CTCGCTAGTGCAATGC-5,GARQ,D18,4,40,38,8,0.6264739,Mono.CD14
CACTTTGTCTCACACC-5,GARQ,D18,4,40,38,8,0.50833714,Mono.CD14
ATTGAAGCAAGTAAGC-5,GARQ,D18,4,40,38,6,0.17143118,T.CD4.Naive
CTTAGGAGTTGAGCCG-5,GARQ,D18,4,40,38,29,0.11925304,B.Naive
CTCCAAACATGAATAG-5,GARQ,D18,4,40,38,8,0.2557248,Mono.CD14
CGCTCCATCTTGGATA-5,GARQ,D18,4,40,38,29,0.059059143,B.Naive
CCTTCAATCTAATCAG-5,GARQ,D18,4,40,38,8,0.408934,Mono.CD14
GGACATAAGGTCCTAG-5,GARQ,D18,4,40,38,30,0.15020633,T.CD4.Naive
TCATTTGGTGCATCGG-5,GARQ,D18,4,40,38,8,0.46355557,Mono.CD14
CAAGCTAGTCCTTTAA-5,GARQ,D18,4,40,38,8,0.27751875,Mono.CD14
AAGCTTGGTTTATTCG-5,GARQ,D18,4,40,38,8,0.4014032,Mono.CD14
GAGTAACCACTTCACT-5,GARQ,D18,4,40,38,29,0.06431532,B.Naive
GAGTTGCGTTACATCC-5,GARQ,D18,4,40,38,29,0.061659575,B.Naive
CGAGCTGGTACAATGT-5,GARQ,D18,4,40,38,9,0.019924939,T.CD8.Effector
CTCCCTGAGCACAGCC-5,GARQ,D18,4,40,38,8,0.26535213,Mono.CD14
TTATCCTAGGAGCACG-5,GARQ,D18,4,40,38,8,0.41723162,Mono.CD14
TAAGCCTAGCTAATCA-5,GARQ,D18,4,40,38,8,0.32006598,Mono.CD14
GTTTATCTCCATTACT-5,GARQ,D18,4,40,38,8,0.40092027,Mono.CD14
TTTGTCCCAGTATGTT-5,GARQ,D18,4,40,38,34,0.0059792995,B.Naive
ATGCTTAAGGTAGCTT-5,GARQ,D18,4,40,38,8,0.47646427,Mono.CD14
GGCCATCAGGTCCACA-5,GARQ,D18,4,40,38,8,0.30318522,Mono.CD14
TTCACTGTCAAATCGC-5,GARQ,D18,4,40,38,20,0.13077688,NK
ATTACGTCAACTAGGG-5,GARQ,D18,4,40,38,29,0.06233239,B.Naive
TTTGCGGAGCGTGCGT-5,GARQ,D18,4,40,38,29,0.09790325,B.Naive
CTTCGCGTCTTGAGCG-5,GARQ,D18,4,40,38,17,0.41426396,T.CD4.Memory
CCGTGCTGTTTGCGCC-5,GARQ,D18,4,40,38,29,0.05424428,B.Naive
GCCTTTATCGAAGTAG-5,GARQ,D18,4,40,38,28,0.053138018,T.CD8.Effector
ATGACTCAGGTGAAAT-5,GARQ,D18,4,40,38,8,0.34764338,Mono.CD14
GTTTAACCATAAAGCA-5,GARQ,D18,4,40,38,29,0.04580593,B.Naive
GTTCCTTCAATGCCTA-5,GARQ,D18,4,40,38,0,0.012056351,T.CD4.Memory
AAAGCCCGTAACGGGA-5,GARQ,D18,4,40,38,29,0.05579257,B.Naive
CGGCAATGTCAATACG-5,GARQ,D18,4,40,38,29,0.05420375,B.Naive
TGGACCGGTTTCGCGC-5,GARQ,D18,4,40,38,8,0.29740167,Mono.CD14
AGTAACCTCTCGCCTG-5,GARQ,D18,4,40,38,17,0.030768871,T.CD4.Memory
TTTGAGTCATTAGGCC-5,GARQ,D18,4,40,38,29,0.10709524,B.Naive
TCATGTTTCAGGCCTA-5,GARQ,D18,4,40,38,20,0.07251835,T.CD8.Effector
GGTTTGTAGCGGTTAT-5,GARQ,D18,4,40,38,29,0.025520563,B.Naive
TTTCTTGCAGGATTAA-5,GARQ,D18,4,40,38,22,0.0006812811,B.Naive
AGGCTAAAGTCATTTC-5,GARQ,D18,4,40,38,34,0.07111275,B.Naive
GCAGGCTTCAGCATTA-5,GARQ,D18,4,40,38,8,0.14784008,Mono.CD14
GGTAATTGTGAGGTGA-5,GARQ,D18,4,40,38,29,0.010903835,B.Naive
AGCTACGTCCAAACAC-5,GARQ,D18,4,40,38,6,0.034404397,T.CD4.Naive
AAGCAAGTCACTTCAT-5,GARQ,D18,4,40,38,33,0.3260907,NK
AATTTGCCAAATTCGT-5,GARQ,D18,4,40,38,20,0.16909027,T.CD8.Effector
ACGGTTTAGTTGTCAA-5,GARQ,D18,4,40,38,29,0.05219233,B.Naive
CTAGTCGAGAGAAGGG-5,GARQ,D18,4,40,38,29,0.078953385,B.Naive
TTGGCTTGTCACAAAT-5,GARQ,D18,4,40,38,29,0.03335452,B.Naive
ACCGAAGCATAATCAC-5,GARQ,D18,4,40,38,34,0.0016438961,B.Naive
GAACGAATCAAGCTTA-5,GARQ,D18,4,40,38,0,0.030816436,T.CD4.Memory
AACATCATCTCCATAT-5,GARQ,D18,4,40,38,34,0.019738913,B.Naive
TTGCAAGGTAGCCTCC-5,GARQ,D18,4,40,38,8,0.37022632,Mono.CD14
AGCTAACTCGCTATAA-5,GARQ,D18,4,40,38,20,0.041790247,T.CD4.Memory
GAACCAGCAGCACGAA-5,GARQ,D18,4,40,38,33,0.28987026,NK
ACTTATCTCCAAATCA-5,GARQ,D18,4,40,38,34,0.0015461445,B.Naive
CTGCTATGTGGGTGAA-5,GARQ,D18,4,40,38,0,0.1273706,T.CD4.Memory
GGGCATGAGGCTGTCA-5,GARQ,D18,4,40,38,8,0.4926319,Mono.CD14
CAGCCAATCCGGCTAA-5,GARQ,D18,4,40,38,29,0.141541,B.Naive
GTTTCTAGTGTTTGCT-5,GARQ,D18,4,40,38,23,0.09760767,T.CD4.Memory
ATTCCTAGTAATCGCA-5,GARQ,D18,4,40,38,20,0.2662561,T.CD8.Effector
GTCCTCCCATTCAGCA-5,GARQ,D18,4,40,38,20,0.12941015,T.CD8.Effector
TCCATAAAGGCGGGTA-5,GARQ,D18,4,40,38,20,0.115802884,T.CD8.Effector
AAGGTCAAGGACAACA-5,GARQ,D18,4,40,38,29,0.07091999,B.Activated
GCTATTGCATTAAGCT-5,GARQ,D18,4,40,38,8,0.50882316,Mono.CD14
ATCCTGACATCCCTCA-5,GARQ,D18,4,40,38,29,0.046274424,B.Naive
CTGCTATGTCACCAAA-5,GARQ,D18,4,40,38,17,0.1729697,T.CD4.Memory
AAGGTCAAGTGAAGTG-5,GARQ,D18,4,40,38,30,0.0085501075,T.CD4.Naive
TATAGCCAGTGCTGTG-5,GARQ,D18,4,40,38,20,0.036651075,T.CD4.Memory
TTAGGCGTCTCTAGCC-5,GARQ,D18,4,40,38,23,0.0050985813,T.CD8.Effector
ATGACAACATTAAACC-5,GARQ,D18,4,40,38,29,0.035175562,B.Naive
TAGTAAGCACCTGCCT-5,GARQ,D18,4,40,38,30,0.18419695,T.CD4.Memory
CACAGGGAGACAAACG-5,GARQ,D18,4,40,38,23,0.045290947,T.CD8.Effector
TGCTCTCAGGAAACTG-5,GARQ,D18,4,40,38,23,0.030154824,T.CD8.Effector
GTATTGCAGTACCGCA-5,GARQ,D18,4,40,38,33,0.10089785,NK
AGCGCCTAGCAGGTTT-5,GARQ,D18,4,40,38,8,0.49332666,Mono.CD14
CCAAATCAGCAAGATG-5,GARQ,D18,4,40,38,20,0.12526274,T.CD8.Effector
GGAACCTGTAGTTGGC-5,GARQ,D18,4,40,38,0,0.03517437,T.CD4.Memory
CTGACCAAGTTAGTGC-5,GARQ,D18,4,40,38,8,0.55461895,Mono.CD14
ATCACACAGCGGGCAA-5,GARQ,D18,4,40,38,24,0.0052136183,T.CD4.Naive
TGCTTCATCGGCTATG-5,GARQ,D18,4,40,38,29,0.17490244,B.Naive
CTGTTGGAGTGGACAA-5,GARQ,D18,4,40,38,34,0.0013514757,B.Naive
TTAGCCTGTTGGGTTA-5,GARQ,D18,4,40,38,8,0.2392627,Mono.CD14
GGTTCTTGTGCTCACC-5,GARQ,D18,4,40,38,26,0.06956446,T.CD8.Naive
GTCAGGCTCGCTAGTG-5,GARQ,D18,4,40,38,8,0.38640213,Mono.CD14
ATAAGCCTCTAACCTT-5,GARQ,D18,4,40,38,29,0.081831574,B.Naive
ACAGCGCTCTCGACCT-5,GARQ,D18,4,40,38,17,0.12902522,T.CD4.Memory
GAGGCCTTCCTTAATC-5,GARQ,D18,4,40,38,20,0.077842,T.CD4.Memory
TTGCCCGTCCTGTTCA-5,GARQ,D18,4,40,38,8,0.40391254,Mono.CD14
GTAGCGCTCCACCCTG-5,GARQ,D18,4,40,38,29,0.02233684,B.Naive
ATCGGCCAGACTAAGG-5,GARQ,D18,4,40,38,34,0.009102106,B.Naive
TGTTACTTCTGGTCCT-5,GARQ,D18,4,40,38,30,0.1271255,T.CD4.Memory
AGGTTGCGTTGTCATC-5,GARQ,D18,4,40,38,29,0.024369001,B.Naive
AATGGCGCAGCAACCT-5,GARQ,D18,4,40,38,0,0.0066869855,T.CD4.Memory
GGGTTATTCACACAGT-5,GARQ,D18,4,40,38,8,0.23670757,Mono.CD14
TGAGCACGTGATGAGG-5,GARQ,D18,4,40,38,8,0.17176175,Mono.CD16
CACATTAAGCCTAACG-5,GARQ,D18,4,40,38,29,0.02467537,B.Naive
ACGTACCCATCAGTAT-5,GARQ,D18,4,40,38,33,0.05254817,NK
ACTGAAACAAATGCCC-5,GARQ,D18,4,40,38,19,0.03245282,T.CD4.Naive
ATGGTTATCCACCTGT-5,GARQ,D18,4,40,38,20,0.07643795,T.CD4.Memory
CTAGTTGCAACTGGGA-5,GARQ,D18,4,40,38,8,0.17403257,Mono.CD14
CTCATCATCTCGCCTG-5,GARQ,D18,4,40,38,17,0.12390792,T.CD4.Memory
GCCAGGAAGGGCTAAA-5,GARQ,D18,4,40,38,11,0.12605429,T.CD4.Memory
ACTTAGGGTTGTAACG-5,GARQ,D18,4,40,38,6,0.10891998,T.CD4.Naive
GTACTTCGTAGGTGTC-5,GARQ,D18,4,40,38,29,0.071560025,B.Activated
AGCAAATAGGCCAATT-5,GARQ,D18,4,40,38,29,0.020593882,B.Naive
AAAGGAGCATCAATCG-5,GARQ,D18,4,40,38,8,0.3521859,Mono.CD14
TGTCAATCAAAGCGGC-5,GARQ,D18,4,40,38,20,0.0238083,T.CD8.Effector
AGCGGATAGGCCAATT-5,GARQ,D18,4,40,38,30,0.17747664,T.CD4.Memory
TTCAGTTTCATCACTT-5,GARQ,D18,4,40,38,29,0.07790601,B.Naive
CTAACCACATCACTTC-5,GARQ,D18,4,40,38,13,0.0033655763,T.CD8.Naive
GATTCCTGTTGCAATG-5,GARQ,D18,4,40,38,8,0.5318868,Mono.CD14
TCCGCCATCATTAGCA-5,GARQ,D18,4,40,38,29,0.10334146,B.Activated
AGGAACCAGGCTGTCA-5,GARQ,D18,4,40,38,6,0.044029593,T.CD4.Memory
TAATCACCAAGGATTA-5,GARQ,D18,4,40,38,29,0.07616365,B.Naive
AGGTGAATCACAAGCT-5,GARQ,D18,4,40,38,34,0.048859596,B.Naive
CGCCAAATCATGCTCC-5,GARQ,D18,4,40,38,20,0.097931504,T.CD8.Effector
GCCTATTGTCATTGTC-5,GARQ,D18,4,40,38,30,0.10737598,T.CD4.Naive
ACCATAATCCAGGTTG-5,GARQ,D18,4,40,38,29,0.012547731,B.Naive
TTTATGGAGGTTACAC-5,GARQ,D18,4,40,38,38,0.070486784,T.CD4.Naive
TGAGGGCCATTGTGTG-5,GARQ,D18,4,40,38,8,0.42317772,Mono.CD14
CTAATAGTCGAGGAAC-5,GARQ,D18,4,40,38,29,0.101563215,B.Activated
TGCTAGCCATCACAGC-5,GARQ,D18,4,40,38,29,0.0744642,B.Naive
AGCTAAACAATTGAAG-5,GARQ,D18,4,40,38,29,0.1821785,B.Naive
AACCGCTCAGGTATTT-5,GARQ,D18,4,40,38,23,0.007511258,T.CD4.Naive
GTGGCTTCATTATGCG-5,GARQ,D18,4,40,38,33,0.036417246,NK
CGATTGAGTCAATAGT-5,GARQ,D18,4,40,38,20,0.1536026,T.CD8.Effector
TCATGTTTCAAACCTA-5,GARQ,D18,4,40,38,29,0.04898119,B.Naive
GGAACCACAATTGACT-5,GARQ,D18,4,40,38,8,0.5322616,Mono.CD14
TAGGCTAGTCGACTAA-5,GARQ,D18,4,40,38,29,0.074709415,B.Naive
GCGTGCTAGTCACTAA-5,GARQ,D18,4,40,38,28,0.19131917,T.CD4.Memory
GAAGCCTGTGTTGCAA-5,GARQ,D18,4,40,38,8,0.23765779,Mono.CD14
TCGCTAACATTGTGGC-5,GARQ,D18,4,40,38,29,0.06367731,B.Activated
ACAACAACACAGGGAC-5,GARQ,D18,4,40,38,29,0.0728482,B.Naive
TTAGAAGCAGAGGCTA-5,GARQ,D18,4,40,38,21,0.082417846,T.CD8.Effector
TACGGATTCACTTCAT-5,GARQ,D18,4,40,38,30,0.016174078,T.CD4.Naive
CGTCCTAGTGTTTGCT-5,GARQ,D18,4,40,38,36,0.033697665,T.CD8.Effector
GCCAGGTTCCAATTAG-5,GARQ,D18,4,40,38,14,0.037726045,T.CD4.Memory
CTCCAAACATGAAATG-5,GARQ,D18,4,40,38,20,0.22002888,T.CD8.Effector
TACTGGCCAACTAGCC-5,GARQ,D18,4,40,38,38,0.08848357,T.CD4.Naive
GATCGATTCATGCTTT-5,GARQ,D18,4,40,38,12,0.026206374,T.CD8.Naive
GACATAGAGCAAGGTA-5,GARQ,D18,4,40,38,29,0.09445953,B.Naive
ACTTGCACATGGCCCA-5,GARQ,D18,4,40,38,38,0.008173168,T.CD4.Naive
AATCAGGAGCCTGATG-5,GARQ,D18,4,40,38,29,0.021479368,B.Naive
GATAATCGTAACCACA-5,GARQ,D18,4,40,38,38,0.009830654,T.CD4.Memory
AACAGCAAGTAAGTCC-5,GARQ,D18,4,40,38,23,0.00043916702,T.CD8.Effector
CTAGTTGCAATACTGT-5,GARQ,D18,4,40,38,20,0.024514854,NK
ACGTCCTTCTCCATGC-5,GARQ,D18,4,40,38,19,0.07279086,T.CD8.Naive
CTGCTACTCCTTTACG-5,GARQ,D18,4,40,38,29,0.05726981,B.Naive
CACAATATCCTTGCAC-5,GARQ,D18,4,40,38,30,0.17096472,T.CD4.Naive
ACGAGTAAGACAACGA-5,GARQ,D18,4,40,38,21,0.033599854,T.CD8.Effector
GCCACTAAGCTAAGTC-5,GARQ,D18,4,40,38,33,0.24109292,NK
TGTGTGAGTTCTTTAG-5,GARQ,D18,4,40,38,12,0.032266676,T.CD8.Naive
ATCCATAAGCGATAAG-5,GARQ,D18,4,40,38,38,0.011961818,T.CD4.Naive
GCAACAGCACCTGGTG-5,GARQ,D18,4,40,38,38,0.042987168,T.CD4.Naive
CAGGGTGAGGACAACA-5,GARQ,D18,4,40,38,29,0.02882576,B.Naive
TCTCCTCGTTCCGGGA-5,GARQ,D18,4,40,38,30,0.07437277,T.CD4.Memory
TTAACCAAGCTAATTG-5,GARQ,D18,4,40,38,26,0.0523057,T.CD4.Naive
ACTAACGGTCGCGCAA-5,GARQ,D18,4,40,38,6,0.04252994,T.CD4.Naive
GTACAATGTTCGCTCA-5,GARQ,D18,4,40,38,23,0.057459593,T.CD8.Effector
CTGGTAAGTATTGCAG-5,GARQ,D18,4,40,38,33,0.14875776,NK
CCTGAATAGATAACCC-5,GARQ,D18,4,40,38,38,0.20949721,T.CD4.Memory
GCGAAGTAGCCACAAT-5,GARQ,D18,4,40,38,23,0.022400618,T.CD8.Effector
AAGCTAGAGGGTTATC-5,GARQ,D18,4,40,38,38,0.056209803,T.CD4.Memory
CGATATTCATTAGCGC-5,GARQ,D18,4,40,38,33,0.21878421,NK
TTAGGATGTCCAAGAC-5,GARQ,D18,4,40,38,33,0.36998546,NK
GCCTTTGGTTACCTGT-5,GARQ,D18,4,40,38,29,0.23338652,B.Naive
GCTAATATCATCAGTA-5,GARQ,D18,4,40,38,33,0.10001695,NK
AACGCCCAGTCATTGA-5,GARQ,D18,4,40,38,8,0.2991103,Mono.CD14
GCTATCCTCATCCTAT-5,GARQ,D18,4,40,38,8,0.3141899,Mono.CD14
TATGGTCAGCATGTCG-5,GARQ,D18,4,40,38,6,0.038699627,T.CD4.Naive
GGCTTCAAGCCTGAGC-5,GARQ,D18,4,40,38,12,0.016326785,T.CD8.Naive
GAGTGTTTCGTTATAG-5,GARQ,D18,4,40,38,9,0.008189023,T.CD8.Effector
GATGACTTCATGGCTG-5,GARQ,D18,4,40,38,38,0.16626334,T.CD4.Naive
AGAATCGAGCTAATCA-5,GARQ,D18,4,40,38,23,0.0925746,T.CD4.Memory
TGTGCAAGTCAACAAT-5,GARQ,D18,4,40,38,30,0.105679035,T.CD4.Naive
GCTAAGCGTCAAGTGC-5,GARQ,D18,4,40,38,30,0.012232482,T.CD4.Memory
TGCAATATCATTCATC-5,GARQ,D18,4,40,38,23,0.14824021,T.CD4.Memory
TTTGTGTTCATAACTG-5,GARQ,D18,4,40,38,29,0.026201844,B.Naive
TGCCGGTAGGATGATG-5,GARQ,D18,4,40,38,33,0.00608027,NK
TTGCCCGTCTTAGGGT-5,GARQ,D18,4,40,38,30,0.070792675,T.CD4.Memory
GAGGTTAAGCGGATAA-5,GARQ,D18,4,40,38,30,0.120449424,T.CD4.Memory
AAGTGAAGTCATTGTC-5,GARQ,D18,4,40,38,0,0.20059752,T.CD4.Memory
CTCGCTCCAGGACCTT-5,GARQ,D18,4,40,38,38,0.10055399,T.CD8.Naive
TGGCTTTGTACCGTTT-5,GARQ,D18,4,40,38,20,0.034305215,T.CD8.Effector
ACTATCCGTCCACAAA-5,GARQ,D18,4,40,38,23,0.05162871,T.CD4.Naive
ACTTACTTCCCAGTAG-5,GARQ,D18,4,40,38,33,0.058458924,NK
TTAACCAAGCCTGTGA-5,GARQ,D18,4,40,38,20,0.10152328,T.CD8.Effector
GTTGCGGGTGTGCACG-5,GARQ,D18,4,40,38,16,0.017264366,T.CD4.Naive
ACGTCCTTCATGCCTC-5,GARQ,D18,4,40,38,20,0.03947091,T.CD8.Effector
TTACGTTTCATGCGTG-5,GARQ,D18,4,40,38,20,0.024344802,T.CD4.Memory
TGCGATTAGAAAGCAT-5,GARQ,D18,4,40,38,30,0.00447762,T.CD4.Naive
GGCCGTTAGACAAACG-5,GARQ,D18,4,40,38,29,0.020400763,B.Naive
CCTTGCGTCATAATCG-5,GARQ,D18,4,40,38,3,0.021734238,NK
GAAGGCCCATCCCTCA-5,GARQ,D18,4,40,38,23,0.032348633,T.CD4.Memory
ACACTTAAGCTTAACA-5,GARQ,D18,4,40,38,35,0.024012089,NK
GTTGCATAGTTCCTCA-5,GARQ,D18,4,40,38,19,0.18710798,T.CD4.Naive
ATCCCGCGTGGCTTCC-5,GARQ,D18,4,40,38,38,0.077695966,T.CD4.Naive
GGTCATTAGACTCGCA-5,GARQ,D18,4,40,38,3,0.019547582,NK
TATCGCGAGGTAGCTT-5,GARQ,D18,4,40,38,22,0.013187647,B.Naive
CAGCTCAAGTTAGCTA-5,GARQ,D18,4,40,38,30,0.026648998,T.CD4.Naive
GCAAGTCGTTGACTTC-5,GARQ,D18,4,40,38,20,0.15793657,T.CD8.Effector
CCGTTTGGTATTGAGT-5,GARQ,D18,4,40,38,14,0.19470346,T.CD4.Naive
ATGAGCCGTTCCGCAC-5,GARQ,D18,4,40,38,25,0.023106217,T.CD4.Naive
CGCGGATTCCGTTAAA-5,GARQ,D18,4,40,38,33,0.076424,NK
GACCTCAAGTAACTCA-5,GARQ,D18,4,40,38,20,0.12434375,T.CD8.Effector
AGACACGCAGGCGATA-5,GARQ,D18,4,40,38,20,0.14412308,T.CD4.Memory
GATTAGTGTTTGGCGG-5,GARQ,D18,4,40,38,16,0.050990462,T.CD4.Naive
TCAGGTCCACATAACT-5,GARQ,D18,4,40,38,33,0.100943625,NK
ATCCTGACACAGGATG-5,GARQ,D18,4,40,38,6,0.07860583,T.CD4.Naive
GGTGAGCCAATCGCAC-5,GARQ,D18,4,40,38,11,0.05008465,T.CD4.Memory
GCGAGTGAGTAAGTGG-5,GARQ,D18,4,40,38,23,0.033346415,T.CD8.Effector
TAGGTGCGTTTGGGCG-5,GARQ,D18,4,40,38,20,0.052966118,T.CD4.Memory
TATGTGATCGCGACAC-5,GARQ,D18,4,40,38,38,0.07076442,T.CD4.Naive
GATGCATTCATGGTGT-5,GARQ,D18,4,40,38,23,0.0036371946,T.CD4.Memory
ACATCAATCTTTGACT-5,GARQ,D18,4,40,38,17,0.039426684,T.CD4.Memory
TGTCCTGGTTAGCAGC-5,GARQ,D18,4,40,38,33,0.020229459,NK
GATTACGGTTAAGGTT-5,GARQ,D18,4,40,38,30,0.0038594007,T.CD4.Naive
AGTTGTCAGCTTACTT-5,GARQ,D18,4,40,38,20,0.0069628954,T.CD4.Memory
GGGTCAACAGCTTAAT-5,GARQ,D18,4,40,38,6,0.0075716972,T.CD4.Memory
AAGTTAGCAATCTCTC-5,GARQ,D18,4,40,38,38,0.022830844,T.CD4.Naive
AAGCTTGGTCTATCGT-5,GARQ,D18,4,40,38,38,0.107304156,T.CD4.Naive
TGAGCCGGTGATCAGC-5,GARQ,D18,4,40,38,12,0.07246232,T.CD4.Naive
AATTAGGCATCTTGAG-5,GARQ,D18,4,40,38,20,0.006422758,T.CD8.Effector
TGAGAACCACTAGCGT-5,GARQ,D18,4,40,38,19,0.028793812,T.CD4.Naive
GGCCTCTGTGTGAGGA-5,GARQ,D18,4,40,38,30,0.048457146,T.CD4.Naive
CAAAGTGAGTAGCTTA-5,GARQ,D18,4,40,38,12,0.031292617,T.CD8.Naive
CTGTGTGAGTAAGGGC-5,GARQ,D18,4,40,38,33,0.022201002,NK
CTCTGTTCAATACTGT-5,GARQ,D18,4,40,38,30,0.06258273,T.CD8.Naive
TTCAGCACAATTAGCT-5,GARQ,D18,4,40,38,35,0.10384661,T.CD4.Memory
GAGCTGCTCTGTAATG-5,GARQ,D18,4,40,38,23,0.020314038,T.CD8.Effector
CTGAAACTCCATCAGG-5,GARQ,D18,4,40,38,33,0.09815574,NK
CTCCGTCCAATTGAAG-5,GARQ,D18,4,40,38,20,0.014870763,NK
GAGAGGCGTACTTAGG-5,GARQ,D18,4,40,38,20,0.08297062,T.CD8.Effector
AGGACGTAGTGAGCAA-5,GARQ,D18,4,40,38,23,0.122776866,T.CD4.Memory
CGTAACTAGCACCACA-5,GARQ,D18,4,40,38,38,0.09623659,T.CD4.Memory
CTTAGTTTCGTTTCCA-5,GARQ,D18,4,40,38,23,0.041526794,T.CD8.Effector
CTGTTTAGTCGCGCAA-5,GARQ,D18,4,40,38,29,0.08079052,B.Naive
TCCCGTTAGACTATTG-5,GARQ,D18,4,40,38,23,0.07789886,T.CD4.Memory
CTTCTAAGTCTTTGAC-5,GARQ,D18,4,40,38,29,0.12501597,B.Naive
ATCCTTAGTGGATGTC-5,GARQ,D18,4,40,38,23,0.10497463,T.CD4.Memory
CTATAACCAACAGGTG-5,GARQ,D18,4,40,38,20,0.13629848,T.CD4.Memory
TCTTTGTAGACTTATG-5,GARQ,D18,4,40,38,30,0.004649639,T.CD4.Memory
GTACCGGGTTTGTGGA-5,GARQ,D18,4,40,38,17,0.30207717,T.CD4.Memory
AGTAATGCAATAAGCA-5,GARQ,D18,4,40,38,29,0.009417534,B.Naive
ACCTAAGGTCCAAGAC-5,GARQ,D18,4,40,38,20,0.05753839,T.CD8.Effector
TACTGAGGTACAATGT-5,GARQ,D18,4,40,38,23,0.03321445,T.CD4.Memory
GGACCTCAGTCTCACC-5,GARQ,D18,4,40,38,20,0.05379927,T.CD8.Effector
ACTTTGTTCACCTGCT-5,GARQ,D18,4,40,38,29,0.026407719,B.Activated
GGCGGTTTCTGCAACG-5,GARQ,D18,4,40,38,7,0.034885168,T.CD4.Naive
GAGTTGCGTTAGTTGG-5,GARQ,D18,4,40,38,38,0.11052406,T.CD4.Naive
TATTAGGTCCTCATCA-5,GARQ,D18,4,40,38,33,0.092028916,NK
CGGTTTGAGTTTAACG-5,GARQ,D18,4,40,38,6,0.02647084,T.CD4.Memory
ACAAACTGTCTAACCT-5,GARQ,D18,4,40,38,8,0.32701468,Mono.CD14
CTACCGGCACTGACCG-5,GARQ,D18,4,40,38,20,0.024865985,T.CD4.Memory
GATTCCTGTTTGCTGT-5,GARQ,D18,4,40,38,12,0.0067648888,T.CD4.Naive
GCAATGAAGTTATCCT-5,GARQ,D18,4,40,38,30,0.06905413,T.CD8.Naive
CGAAGAATCTCCTCTT-5,GARQ,D18,4,40,38,14,0.042015314,T.CD4.Memory
GTGCGCAGTCTCACTG-5,GARQ,D18,4,40,38,23,0.062270164,T.CD8.Effector
AGGGCCTTCAAGTGAG-5,GARQ,D18,4,40,38,23,0.018667698,T.CD4.Memory
TCTTTGTAGTTTGGGT-5,GARQ,D18,4,40,38,20,0.08072412,T.CD4.Memory
CAAGCTAGTAGTTGGC-5,GARQ,D18,4,40,38,16,0.035973787,T.CD8.Naive
CGCACACAGCGATACT-5,GARQ,D18,4,40,38,38,0.1370107,T.CD4.Memory
TTGGCTGAGCCAGTAT-5,GARQ,D18,4,40,38,39,0.06716889,T.CD4.Memory
GTTTGTAAGACTATTG-5,GARQ,D18,4,40,38,10,0.03633964,T.CD4.Memory
GAAGGCCCAGAATGAC-5,GARQ,D18,4,40,38,38,0.30765182,T.CD8.Naive
ACGGTACGTCCACAAA-5,GARQ,D18,4,40,38,30,0.0040237904,T.CD4.Naive
GCCTGAGGTACTGAAT-5,GARQ,D18,4,40,38,29,0.03282404,B.Naive
GCCTACTTCATAACGC-5,GARQ,D18,4,40,38,23,0.02322495,T.CD4.Memory
GAGAGGCGTAAATTGC-5,GARQ,D18,4,40,38,20,0.0858649,T.CD4.Memory
GGAAACTCAAGGACCA-5,GARQ,D18,4,40,38,30,0.039218187,T.CD4.Naive
TTTAGGATCCTCACAC-5,GARQ,D18,4,40,38,30,0.020899951,T.CD8.Naive
GCGCGATTCTACTAAG-5,GARQ,D18,4,40,38,23,0.039352417,T.CD4.Memory
GCAGGATAGAATCTCA-5,GARQ,D18,4,40,38,6,0.03587818,T.CD4.Naive
CTTGCTCAGACACCGC-5,GARQ,D18,4,40,38,38,0.13353193,T.CD4.Naive
CTAATCGCAGAGAGCC-5,GARQ,D18,4,40,38,8,0.31102145,Mono.CD14
CTGCAATAGACAAAGT-5,GARQ,D18,4,40,38,3,0.023941517,NK
TCAGGTCCACAAACTT-5,GARQ,D18,4,40,38,39,0.057127833,T.CD4.Memory
GGTTATATCAGTATTG-5,GARQ,D18,4,40,38,8,0.1663711,Mono.CD14
TACTGGCCAATTGAAG-5,GARQ,D18,4,40,38,21,0.013783336,NK
TTAGGCTAGGTCGAGG-5,GARQ,D18,4,40,38,20,0.057856917,T.CD8.Effector
GGCCTTCGTTAGGATT-5,GARQ,D18,4,40,38,20,0.15522647,T.CD4.Memory
TGTTGGCCATAAGGAC-5,GARQ,D18,4,40,38,36,0.04167676,T.CD4.Memory
AGGATGTCAGCATGAG-5,GARQ,D18,4,40,38,38,0.14336932,T.CD4.Naive
GCTAAGAAGCCAAATC-5,GARQ,D18,4,40,38,30,0.023049474,T.CD4.Naive
GTGGCTTCACCTACTT-5,GARQ,D18,4,40,38,8,0.35544527,Mono.CD14
TTGTGCCTCTTTAAGG-5,GARQ,D18,4,40,38,11,0.010927916,T.CD4.Naive
ATTAGCTCAGTTTCTC-5,GARQ,D18,4,40,38,6,0.07295227,T.CD4.Naive
ATGCGATTCCTAACGG-5,GARQ,D18,4,40,38,30,0.077903986,T.CD4.Memory
TCTAACTTCTGCAAGT-5,GARQ,D18,4,40,38,11,0.05284089,T.CD4.Naive
TATTCGTTCCGCACAA-5,GARQ,D18,4,40,38,11,0.09429872,T.CD4.Memory
GGCCTTAAGTTATGGC-5,GARQ,D18,4,40,38,20,0.027860403,T.CD8.Effector
TCTTAGTTCGCACAAT-5,GARQ,D18,4,40,38,0,0.018892884,T.CD8.Effector
AGTCCTTGTCGCATAA-5,GARQ,D18,4,40,38,29,0.052506924,B.Naive
CCTCCTGAGACAGGTA-5,GARQ,D18,4,40,38,12,0.033501208,T.CD4.Naive
TCCATGCTCTGTGCCT-5,GARQ,D18,4,40,38,38,0.064146936,T.CD4.Naive
CATTATGAGGCAATAG-5,GARQ,D18,4,40,38,23,0.04027176,T.CD4.Naive
AAACCAACACGTGCTG-5,GARQ,D18,4,40,38,14,0.057467937,T.CD4.Naive
CGCAATGTCAATACGC-5,GARQ,D18,4,40,38,28,0.07586759,T.CD4.Memory
TCAAGCTAGCATGTTA-5,GARQ,D18,4,40,38,12,0.06946707,T.CD8.Naive
ATACCGGTCGTGCTTC-5,GARQ,D18,4,40,38,6,0.06340361,T.CD4.Naive
TGCTCTCAGCTTGCTC-5,GARQ,D18,4,40,38,33,0.02196443,NK
GCTTGACCAGCCTGCA-5,GARQ,D18,4,40,38,14,0.020688295,T.CD4.Memory
CAGGTTTAGTTAGACC-5,GARQ,D18,4,40,38,20,0.02497983,T.CD4.Memory
CTGTTCATCATCCTAT-5,GARQ,D18,4,40,38,20,0.113826275,T.CD8.Effector
AAGCCTGTCCTCGATC-5,GARQ,D18,4,40,38,30,0.05347687,T.CD4.Naive
ACTTACAAGCACGTTG-5,GARQ,D18,4,40,38,14,0.046304703,T.CD4.Naive
TAGAGCCGTAATCGCA-5,GARQ,D18,4,40,38,10,0.026976109,T.CD4.Memory
GTCTTTAGTCAAGACC-5,GARQ,D18,4,40,38,29,0.086414576,B.Naive
AATAGCTGTCACAAAT-5,GARQ,D18,4,40,38,16,0.0093643665,T.CD4.Naive
GCCAGGAAGGCGTAAA-5,GARQ,D18,4,40,38,24,0.002472043,T.CD4.Memory
GGATATTGTTTATCTG-5,GARQ,D18,4,40,38,11,0.11323798,T.CD8.Naive
CTGGTTACACAGAACG-5,GARQ,D18,4,40,38,38,0.01640451,T.CD4.Naive
CTTAACAAGCGAAGTA-5,GARQ,D18,4,40,38,29,0.03186965,B.Activated
GGCCGTTAGCGCATTG-5,GARQ,D18,4,40,38,20,0.0012559891,T.CD8.Effector
GTCTTGCTCTAATCAG-5,GARQ,D18,4,40,38,30,0.029750109,T.CD4.Naive
TGTGGCGGTGTTGTAG-5,GARQ,D18,4,40,38,30,0.061244726,T.CD4.Naive
TCAGTGAGTGACCTGG-5,GARQ,D18,4,40,38,23,0.06725347,T.CD4.Memory
TGCAAGCGTATACTGG-5,GARQ,D18,4,40,38,20,0.09732962,T.CD4.Memory
TAATGCATCATGCTCC-5,GARQ,D18,4,40,38,38,0.06787318,T.CD4.Naive
ACTTCGCTCATTGTTC-5,GARQ,D18,4,40,38,30,0.09374344,T.CD8.Naive
ACCAATATCGCCTGTT-5,GARQ,D18,4,40,38,30,0.05478382,T.CD4.Naive
TGATGAACAGGTTCAC-5,GARQ,D18,4,40,38,20,0.054116607,T.CD4.Memory
CAAAGGATCAGAAACG-5,GARQ,D18,4,40,38,23,0.048550963,T.CD4.Memory
GACACCGGTAAGCTCA-5,GARQ,D18,4,40,38,23,0.0022842884,T.CD8.Naive
GAAAGCCAGCAAGACA-5,GARQ,D18,4,40,38,20,0.08734673,T.CD4.Memory
TCCAGCAAGCCAAATC-5,GARQ,D18,4,40,38,30,0.090488315,T.CD4.Naive
CGATATTCACAAAGCG-5,GARQ,D18,4,40,38,25,0.052167535,T.CD8.Naive
TCTCCTCGTCGCGCAA-5,GARQ,D18,4,40,38,21,0.054716825,T.CD8.Effector
CTCCGGACACAATGTT-5,GARQ,D18,4,40,38,23,0.07506263,T.CD4.Naive
GGCCATCAGGCGTAAA-5,GARQ,D18,4,40,38,23,0.0127750635,T.CD8.Effector
GCAGGCTTCAGGCCTA-5,GARQ,D18,4,40,38,14,0.057341635,T.CD4.Memory
CAGCCAATCTAAGTCA-5,GARQ,D18,4,40,38,23,0.11081159,T.CD8.Naive
AACATTGTCGAAGTGA-5,GARQ,D18,4,40,38,38,0.14075261,T.CD4.Memory
TCGCGAGGTTTCAGGA-5,GARQ,D18,4,40,38,30,0.011067033,T.CD4.Naive
ATCCGTGAGGACCTTG-5,GARQ,D18,4,40,38,14,0.25210345,T.CD4.Memory
TGATTGCAGTGGACAA-5,GARQ,D18,4,40,38,20,0.11976075,T.CD8.Effector
CGTGCTGCAATTAGGA-5,GARQ,D18,4,40,38,23,0.059924245,T.CD4.Memory
TTAGGAACAAGCTAAA-5,GARQ,D18,4,40,38,23,0.1668526,T.CD4.Memory
TTGGGCGGTTCACCAT-5,GARQ,D18,4,40,38,39,0.0007778406,T.CD4.Memory
GCCTATTGTCATGCCC-5,GARQ,D18,4,40,38,16,0.0057724714,T.CD4.Naive
TCTTTGTAGCACGATT-5,GARQ,D18,4,40,38,20,0.06455982,T.CD4.Memory
CCAGTTTGTTTCCGGC-5,GARQ,D18,4,40,38,35,0.004107535,T.CD4.Memory
CTAATCCGTTGCACGG-5,GARQ,D18,4,40,38,3,0.094255686,NK
CCTGTAACATTGCGAC-5,GARQ,D18,4,40,38,23,0.061815858,T.CD4.Memory
TACCTTTAGGACAATG-5,GARQ,D18,4,40,38,26,0.008937359,T.CD4.Naive
AATGCATGTTGCACGG-5,GARQ,D18,4,40,38,19,0.10877752,T.CD4.Naive
GACCTGATCGTTATCT-5,GARQ,D18,4,40,38,23,0.06763506,T.CD4.Memory
GACGTAAAGGCCCAGT-5,GARQ,D18,4,40,38,23,0.039340496,T.CD4.Memory
GTATTGTCAACAGGAT-5,GARQ,D18,4,40,38,27,0.0136909485,T.CD4.Naive
CTGTGTGAGCACTAGT-5,GARQ,D18,4,40,38,38,0.028241158,T.CD4.Memory
CGAAGTAAGTAAAGGT-5,GARQ,D18,4,40,38,39,0.020742893,T.CD4.Naive
GAGATAAGTCAAAGAA-5,GARQ,D18,4,40,38,30,0.014774919,T.CD4.Memory
ACTCACCTCGTGCTAG-5,GARQ,D18,4,40,38,14,0.017516911,T.CD8.Naive
GCGTAACGTGTCACGG-5,GARQ,D18,4,40,38,30,0.014107943,T.CD4.Memory
AGACTATGTAACGGGA-5,GARQ,D18,4,40,38,23,0.028199196,T.CD4.Memory
GATTCAATCCGTGACA-5,GARQ,D18,4,40,38,30,0.10576928,T.CD4.Memory
TTGAGCTAGCTTATGA-5,GARQ,D18,4,40,38,14,0.10860181,T.CD4.Naive
AAAGCCGCACAAAGAC-5,GARQ,D18,4,40,38,14,0.020526886,T.CD4.Naive
TTTGGTGCAAGGTCGA-5,GARQ,D18,4,40,38,19,0.06462556,T.CD4.Memory
CGTTATTTCGCAGGCT-5,GARQ,D18,4,40,38,38,0.12654853,T.CD4.Naive
GGGTCAACATAGCTTG-5,GARQ,D18,4,40,38,39,0.083486736,T.CD4.Naive
AAGCAAGTCTAAGGTC-5,GARQ,D18,4,40,38,29,0.083688736,B.Naive
CGATTTGCAACTAGCC-5,GARQ,D18,4,40,38,38,0.0029107332,T.CD4.Naive
TAGTTGTCACCCACAG-5,GARQ,D18,4,40,38,23,0.16158032,T.CD4.Memory
TGAAGGATCAAACACC-5,GARQ,D18,4,40,38,38,0.009769201,T.CD4.Naive
GTAAGCTTCAGTATTG-5,GARQ,D18,4,40,38,8,0.72308683,Mono.CD14
GCCTGTGCAGATTCAT-5,GARQ,D18,4,40,38,30,0.07346177,T.CD4.Naive
TGAAGTGAGATTGAGG-5,GARQ,D18,4,40,38,16,0.022764802,T.CD4.Naive
ATTAGGTGTTGGTGAC-5,GARQ,D18,4,40,38,8,0.27807963,Mono.CD16
GAGAAACGTTGGATAT-5,GARQ,D18,4,40,38,19,0.0020301938,T.CD4.Memory
AGTAGGATCTTGGACG-5,GARQ,D18,4,40,38,39,0.0788368,T.CD4.Memory
ATCTTTGGTCTTGCAT-5,GARQ,D18,4,40,38,30,0.033306897,T.CD4.Memory
AGGAACCAGCGCAATT-5,GARQ,D18,4,40,38,4,0.004652798,T.CD8.Naive
CGGCTCACATTCCTCG-5,GARQ,D18,4,40,38,38,0.014766097,T.CD4.Naive
GGCCGTTAGCCTGATG-5,GARQ,D18,4,40,38,28,0.04520136,T.CD4.Memory
GCAAACCGTTTGACCT-5,GARQ,D18,4,40,38,29,0.030721307,B.Naive
GTATGTGGTCAAAGGG-5,GARQ,D18,4,40,38,14,0.11843705,T.CD4.Naive
GCCAACATCTAAGGTC-5,GARQ,D18,4,40,38,23,0.04591918,T.CD8.Effector
ATTGTCCGTAAAGCAA-5,GARQ,D18,4,40,38,20,0.12917274,T.CD8.Effector
GGTTTGTAGGATTTGC-5,GARQ,D18,4,40,38,23,0.015528023,T.CD4.Memory
AGTCAATGTGCACGCA-5,GARQ,D18,4,40,38,26,0.011462212,T.CD4.Memory
ATGACTCAGGTGAGAC-5,GARQ,D18,4,40,38,14,0.011973977,T.CD4.Naive
ATTCGTTTCTTGACCC-5,GARQ,D18,4,40,38,30,0.024305582,T.CD4.Naive
ACTTGCACACTGGCTG-5,GARQ,D18,4,40,38,14,0.066630006,T.CD8.Naive
ACTCACTGTCGTTATC-5,GARQ,D18,4,40,38,8,0.31930614,Mono.CD14
AGTTACATCGTTAGCG-5,GARQ,D18,4,40,38,10,0.006801486,T.CD4.Memory
TTATGCGCATTGTGTG-5,GARQ,D18,4,40,38,8,0.40780747,Mono.CD14
ATTATCCTCAAGTGAG-5,GARQ,D18,4,40,38,14,0.08524573,T.CD4.Naive
CGACTAAGTGCGCAAT-5,GARQ,D18,4,40,38,9,0.050675392,T.CD4.Naive
GCCTCCATCCTGATTT-5,GARQ,D18,4,40,38,8,0.18995309,Mono.CD16
GTTTCTAGTTTGTTGC-5,GARQ,D18,4,40,38,11,0.0023267865,T.CD4.Naive
ATTTAGCCATAATCAC-5,GARQ,D18,4,40,38,0,0.0985651,T.CD4.Memory
CCACAGGGTCACGGAT-5,GARQ,D18,4,40,38,14,0.113990664,T.CD4.Naive
GCCATTACATTAGCCA-5,GARQ,D18,4,40,38,38,0.09671903,T.CD4.Naive
TGGACAAAGTCTGGGC-5,GARQ,D18,4,40,38,38,0.05208969,T.CD4.Naive
CCCAAATAGCTTCTCA-5,GARQ,D18,4,40,38,38,0.28234935,T.CD4.Naive
AATCCTAAGACAAAGT-5,GARQ,D18,4,40,38,23,0.02097416,T.CD8.Effector
AAGACCAAGCCTAATA-5,GARQ,D18,4,40,38,39,0.050777912,T.CD4.Naive
TTCCTCAAGTCAGGCC-5,GARQ,D18,4,40,38,25,0.006750107,T.CD4.Naive
TTCCCGCCAGGTTTGC-5,GARQ,D18,4,40,38,38,0.03432536,T.CD4.Memory
CCGCCAACATTAAAGG-5,GARQ,D18,4,40,38,30,0.07983655,T.CD4.Memory
ACACTTAAGTCATTGA-5,GARQ,D18,4,40,38,38,0.037513137,T.CD8.Naive
CACATAATCTGTTGCC-5,GARQ,D18,4,40,38,29,0.0015182495,B.Activated
AATCTTGAGTTCCTCA-5,GARQ,D18,4,40,38,14,0.03437209,T.CD4.Memory
TCGCGAGGTACGATTG-5,GARQ,D18,4,40,38,29,0.040881395,B.Naive
GTTTAACCATAAGTTC-5,GARQ,D18,4,40,38,14,0.015135407,T.CD4.Memory
TATCACAAGATTCCTT-5,GARQ,D18,4,40,38,8,0.39982736,Mono.CD14
CTTTGGTGTAAGGTTT-5,GARQ,D18,4,40,38,21,0.01733911,T.CD8.Effector
TGATGAACATGAGTTT-5,GARQ,D18,4,40,38,14,0.1336397,T.CD8.Naive
GGTCGGTTCGAAGCGG-5,GARQ,D18,4,40,38,19,0.12587237,T.CD4.Naive
TATGTGATCGGTCATG-5,GARQ,D18,4,40,38,33,0.123714864,NK
TTTCACCCAGTAATAG-5,GARQ,D18,4,40,38,23,0.11224854,T.CD8.Effector
AAAGCAAGTGCCTCAC-5,GARQ,D18,4,40,38,23,0.077650666,T.CD4.Memory
ACACGGACAAGGTCGA-5,GARQ,D18,4,40,38,5,0.008207202,NK
CTCATGCTCACTTTAC-5,GARQ,D18,4,40,38,3,0.04393375,NK
CTACCGGCATTAAGCT-5,GARQ,D18,4,40,38,14,0.11565995,T.CD4.Naive
GCAGCAACAAGGTATA-5,GARQ,D18,4,40,38,0,0.015249729,T.CD8.Effector
ATCACCCTCAAGTGTC-3,GARQ,D18,4,40,38,34,0.026035547,B.Naive
TGCTAACAGGCTGGCT-3,GARQ,D18,4,40,38,8,0.3024984,Mono.CD14
AAACAGCCAGCAACCT-3,GARQ,D18,4,40,38,8,0.46614802,Mono.CD14
ATAGATGCATTGACAT-3,GARQ,D18,4,40,38,34,0.028951168,B.Activated
CGAGGCAAGACAGGTA-3,GARQ,D18,4,40,38,29,0.018434763,B.Naive
TGCTAACAGGCATTGT-3,GARQ,D18,4,40,38,33,0.12250835,Platelets
ATTCCTAGTAGGTTTG-3,GARQ,D18,4,40,38,11,0.020125568,T.CD4.Naive
AAGCTCCCACTTCACT-3,GARQ,D18,4,40,38,20,0.05284959,T.CD8.Effector
AGGCAGGTCTCATCAT-3,GARQ,D18,4,40,38,20,0.057300687,T.CD8.Effector
AGCTAACTCGAAGTAG-3,GARQ,D18,4,40,38,29,0.04280287,B.Naive
GTGTAACTCGACCTGA-3,GARQ,D18,4,40,38,20,0.11421502,T.CD8.Effector
GAACCAAAGCAGCTCA-3,GARQ,D18,4,40,38,21,0.061779976,T.CD8.Effector
GTAGTTATCACTTTAC-3,GARQ,D18,4,40,38,8,0.27680063,Mono.CD14
GAAGGCCCATGTCAAT-3,GARQ,D18,4,40,38,36,0.023799777,T.CD4.Memory
ATGTCAATCCACCCTG-3,GARQ,D18,4,40,38,29,0.050617933,B.Naive
GGTACTTAGAACAAGT-3,GARQ,D18,4,40,38,29,0.03139198,B.Naive
TGCTCACTCTTGATGA-3,GARQ,D18,4,40,38,5,0.07602978,T.CD4.Memory
AATTTGGTCGATATTG-3,GARQ,D18,4,40,38,8,0.21711302,Mono.CD14
CCTAAATCACCAGCAT-3,GARQ,D18,4,40,38,22,0.008238196,B.Activated
GTTACTAAGCTTCCCG-3,GARQ,D18,4,40,38,34,0.06444788,B.Naive
AGGATTGAGGATCACT-3,GARQ,D18,4,40,38,8,0.17424995,Mono.CD14
CAGCCAATCATGCAAC-3,GARQ,D18,4,40,38,8,0.40628815,Mono.CD14
TCAGCAAGTTGGCCGA-3,GARQ,D18,4,40,38,8,0.24329066,Mono.CD14
TGGCTAAGTAACAGGG-3,GARQ,D18,4,40,38,8,0.2532184,Mono.CD14
GGGCATTGTACAATGT-3,GARQ,D18,4,40,38,20,0.19549584,T.CD8.Effector
TAGTGAGAGGCTAATC-3,GARQ,D18,4,40,38,8,0.3065164,Mono.CD14
CGCAATCCAAGCTAAA-3,GARQ,D18,4,40,38,8,0.322366,Mono.CD14
CCTGGTAAGGACCTGC-3,GARQ,D18,4,40,38,20,0.123841524,T.CD8.Effector
CCTTACTCAGCATGAG-3,GARQ,D18,4,40,38,29,0.06848788,B.Naive
TGAGCCGGTTGTTGCT-3,GARQ,D18,4,40,38,8,0.37523234,Mono.CD14
CAAAGTGAGAGGAGGA-3,GARQ,D18,4,40,38,30,0.025990844,T.CD4.Memory
CAAACAACATAATTGC-3,GARQ,D18,4,40,38,8,0.387066,Mono.CD14
CAGCTATAGAGGAGGA-3,GARQ,D18,4,40,38,8,0.31164277,Mono.CD14
GCCTCGACAAGTGTTT-3,GARQ,D18,4,40,38,29,0.07234061,B.Naive
TCTTGTCCACAACAAA-3,GARQ,D18,4,40,38,29,0.001319766,B.Naive
CTACCTCAGCATGTCG-3,GARQ,D18,4,40,38,13,0.0036365986,T.CD8.Effector
TTTGGCTGTGAGCACT-3,GARQ,D18,4,40,38,29,0.091456175,B.Naive
TAGGCTAGTTGCACAA-3,GARQ,D18,4,40,38,8,0.26791704,Mono.CD14
ATTGAAGCATGTCAGC-3,GARQ,D18,4,40,38,34,0.016847014,B.Naive
AGGCAATCAGCAACAG-3,GARQ,D18,4,40,38,20,0.07611567,T.CD8.Effector
TAGCGCGGTTACGCAA-3,GARQ,D18,4,40,38,29,0.0015089512,B.Naive
CCTAAGGTCGATCAGT-3,GARQ,D18,4,40,38,20,0.18873191,T.CD8.Effector
AGATGCTTCGCTCACT-3,GARQ,D18,4,40,38,29,0.0567652,B.Naive
GGTAATTGTTAAGCCA-3,GARQ,D18,4,40,38,34,0.044745445,B.Naive
CATCATAAGCTTACTT-3,GARQ,D18,4,40,38,34,0.032755136,B.Naive
GCTTAAATCCTCAGCT-3,GARQ,D18,4,40,38,8,0.2563616,Mono.CD14
CATGGCGGTATTCGTC-3,GARQ,D18,4,40,38,8,0.32454348,Platelets
CATGCGGGTCCTAACT-3,GARQ,D18,4,40,38,29,0.048376918,B.Naive
CTATGTTTCTGTGAGT-3,GARQ,D18,4,40,38,8,0.31437373,Mono.CD14
GTGCACGGTTGGTGAC-3,GARQ,D18,4,40,38,11,0.113185465,T.CD4.Naive
CCCTGTTAGTTTCCTG-3,GARQ,D18,4,40,38,8,0.32998657,Mono.CD14
TGTGCGGGTGACATGC-3,GARQ,D18,4,40,38,8,0.2269144,Mono.CD14
TAGGGTTTCAGGCTAT-3,GARQ,D18,4,40,38,30,0.007314801,T.CD8.Naive
CCTGTAACACTTACAG-3,GARQ,D18,4,40,38,8,0.15475035,Mono.CD14
TTAACCAAGACAGGCG-3,GARQ,D18,4,40,38,8,0.44815016,Mono.CD14
TTAGTCAAGCTATATG-3,GARQ,D18,4,40,38,29,0.0052369833,B.Naive
TGTCAGTAGTAACCCG-3,GARQ,D18,4,40,38,8,0.19531608,Mono.CD14
CCAGGAACAAGCGAGC-3,GARQ,D18,4,40,38,23,0.014683068,T.CD4.Memory
GTACTGGTCGTGCTTC-3,GARQ,D18,4,40,38,8,0.2608912,Mono.CD14
TAGTACGGTCACAAAT-3,GARQ,D18,4,40,38,29,0.026143909,B.Naive
AGACAATAGCTGTAAC-3,GARQ,D18,4,40,38,29,0.0151587725,B.Naive
CAAGGTTTCGGTTTGG-3,GARQ,D18,4,40,38,29,0.06290865,B.Naive
GATTGGTTCGTGCTTC-3,GARQ,D18,4,40,38,8,0.35000777,Mono.CD14
TCTTAGTTCGTTAAGC-3,GARQ,D18,4,40,38,29,0.023423791,B.Naive
CCGCTTAGTGCATTAG-3,GARQ,D18,4,40,38,29,0.04908216,B.Naive
GGCTCAATCCCTCATA-3,GARQ,D18,4,40,38,36,0.014511406,T.CD4.Memory
TTAAGCCAGCAAGATG-3,GARQ,D18,4,40,38,8,0.4643265,Mono.CD14
TGTTGTGCACAACAAA-3,GARQ,D18,4,40,38,8,0.2517467,Mono.CD14
TAGGAGGGTAGCCATA-3,GARQ,D18,4,40,38,34,0.06501889,B.Activated
CTAGTCGAGACTTACA-3,GARQ,D18,4,40,38,29,0.020519972,B.Naive
ACCCGCTGTATCTGGA-3,GARQ,D18,4,40,38,8,0.2964251,Mono.CD14
CTAGTCGAGCGCTCAA-3,GARQ,D18,4,40,38,8,0.21691608,Mono.CD14
CGACTAAGTAATGACT-3,GARQ,D18,4,40,38,25,0.031766415,T.CD4.Naive
ATCCCGCGTAGTTGGC-3,GARQ,D18,4,40,38,29,0.09318268,B.Naive
GCTGCAATCGTGCCTT-3,GARQ,D18,4,40,38,8,0.29382575,Mono.CD14
CCGACAGGTCACCAAA-3,GARQ,D18,4,40,38,8,0.026855946,Mono.CD14
TTACCGTGTCATGCCC-3,GARQ,D18,4,40,38,29,0.06509423,B.Naive
GGTGTTGTCTTAATGG-3,GARQ,D18,4,40,38,8,0.3408817,Mono.CD14
TACTGACAGACTAAGG-3,GARQ,D18,4,40,38,29,0.06490505,B.Naive
TGTTAGCAGCTTCCCG-3,GARQ,D18,4,40,38,29,0.053188086,B.Naive
TGTTATGAGATAGACG-3,GARQ,D18,4,40,38,8,0.3163197,Mono.CD16
TGGACAAAGCTGTAAC-3,GARQ,D18,4,40,38,35,0.048981845,T.CD4.Naive
TACGTAATCCACCTGT-3,GARQ,D18,4,40,38,30,0.060800076,T.CD4.Memory
GGCCTCTGTGTTGCTT-3,GARQ,D18,4,40,38,29,0.07566261,B.Naive
AAGCGAATCCTACCTA-3,GARQ,D18,4,40,38,20,0.02475667,T.CD8.Effector
GGTACTAGTCATAGAT-3,GARQ,D18,4,40,38,29,0.0008263588,B.Naive
TCACTGACAGCCTAAC-3,GARQ,D18,4,40,38,29,0.021896482,B.Naive
ATCATCAAGGAACGGT-3,GARQ,D18,4,40,38,11,0.033317327,T.CD4.Naive
GAGGTTAAGCTTCCCG-3,GARQ,D18,4,40,38,29,0.059755206,B.Naive
CGCAATGTCCTAGTAA-3,GARQ,D18,4,40,38,8,0.2141267,Mono.CD14
CCTGGTAAGACTAAGG-3,GARQ,D18,4,40,38,39,0.03582537,T.CD4.Memory
CGAGCTGGTGTGAGGA-3,GARQ,D18,4,40,38,8,0.6856222,Mono.CD14
CAGATTCAGTGAAGTG-3,GARQ,D18,4,40,38,6,0.016493022,T.CD4.Memory
CACAATATCTAATCTC-3,GARQ,D18,4,40,38,29,0.06883812,B.Naive
AAGGCCCTCCCGCATT-3,GARQ,D18,4,40,38,8,0.26850736,Mono.CD14
CTCGTTATCGGTTTGG-3,GARQ,D18,4,40,38,29,0.05098915,B.Activated
TCCGGAATCCCATAAA-3,GARQ,D18,4,40,38,29,0.050787568,B.Activated
CGAAGGCCATAAGCAA-3,GARQ,D18,4,40,38,29,0.0646317,B.Naive
ACCTGGTCAGTAGGAT-3,GARQ,D18,4,40,38,29,0.07834482,B.Activated
TCTCAAGCAGCCGCTA-3,GARQ,D18,4,40,38,17,0.018613696,T.CD8.Effector
AAGTTACGTAATGACT-3,GARQ,D18,4,40,38,29,0.0153234005,B.Naive
GTGAATCTCCAAATCA-3,GARQ,D18,4,40,38,6,0.0024430752,T.CD4.Naive
AGTTTGCAGGAGCACG-3,GARQ,D18,4,40,38,38,0.013502359,T.CD4.Naive
ATTAGTCCATCTTGAG-3,GARQ,D18,4,40,38,8,0.36708164,Mono.CD14
TGCGATTAGGGTGAGT-3,GARQ,D18,4,40,38,8,0.4485705,Mono.CD14
TCCCGGACAAACAACA-3,GARQ,D18,4,40,38,37,0.04951811,B.Naive
GGCTCACAGTAACCCG-3,GARQ,D18,4,40,38,8,0.358333,Mono.CD14
GATCAGGCACCAACCG-3,GARQ,D18,4,40,38,8,0.42213237,Mono.CD14
GACTATTCATACTCCT-3,GARQ,D18,4,40,38,29,0.010185957,B.Naive
GACAATACATTATGAC-3,GARQ,D18,4,40,38,29,0.13043737,B.Naive
TGAGGCACAATTAACC-3,GARQ,D18,4,40,38,8,0.19086313,Mono.CD14
CTTGCGCGTGTGAGGA-3,GARQ,D18,4,40,38,12,0.061574757,T.CD8.Naive
AACATCATCGCTAGCA-3,GARQ,D18,4,40,38,14,0.06846303,T.CD8.Effector
CCACACAAGCATGACT-3,GARQ,D18,4,40,38,8,0.49839222,Mono.CD14
AATTTCCTCGATAACC-3,GARQ,D18,4,40,38,29,0.037520528,B.Naive
TCACATAAGACCATAC-3,GARQ,D18,4,40,38,8,0.35009205,Mono.CD14
ATCGAGGCAGGCCATT-3,GARQ,D18,4,40,38,29,0.042940855,B.Activated
ATTCCGGAGTTAACCA-3,GARQ,D18,4,40,38,30,0.029297888,T.CD4.Memory
ACCTACCTCTCCATGC-3,GARQ,D18,4,40,38,29,0.10703468,B.Naive
CTAGTGAGTGCAACTA-3,GARQ,D18,4,40,38,4,0.022750616,T.CD4.Memory
AGTAAGTAGTTGGGCC-3,GARQ,D18,4,40,38,38,0.13164115,T.CD8.Naive
GCGGATACATGGCCTG-3,GARQ,D18,4,40,38,29,0.035618544,B.Naive
ACCAGGGAGTTTGAGC-3,GARQ,D18,4,40,38,29,0.04828608,B.Naive
TACTCAAAGGCCTTAG-3,GARQ,D18,4,40,38,8,0.50814843,Mono.CD14
AAGGCCCTCGCTAGCA-3,GARQ,D18,4,40,38,38,0.054798484,T.CD8.Naive
GATGCAGCAGCATTAT-3,GARQ,D18,4,40,38,20,0.05886191,T.CD8.Effector
CTAACCACAGCACGAA-3,GARQ,D18,4,40,38,8,0.2861526,Mono.CD14
GCGCGATTCTCAATAG-3,GARQ,D18,4,40,38,22,0.0032645464,B.Activated
GCTTGTTGTGGGTACT-3,GARQ,D18,4,40,38,30,0.03900957,T.CD4.Memory
TGAGGTGCAACGTGCT-3,GARQ,D18,4,40,38,29,0.04306674,B.Naive
CTGTTCATCATGCGTG-3,GARQ,D18,4,40,38,8,0.40081525,Mono.CD14
TAGCGGACATAGACCC-3,GARQ,D18,4,40,38,8,0.57540464,Mono.CD14
CCATCATGTACCGAAC-3,GARQ,D18,4,40,38,29,0.08703756,B.Activated
GGACCTCAGCATGGTT-3,GARQ,D18,4,40,38,23,0.047198176,T.CD8.Effector
GGCTGTCAGTTAACCA-3,GARQ,D18,4,40,38,6,0.0050528646,T.CD8.Naive
GACCTTTGTTCGCTTG-3,GARQ,D18,4,40,38,38,0.042010665,T.CD8.Naive
TTTGTCCCACCTACGG-3,GARQ,D18,4,40,38,29,0.075520396,B.Naive
AAAGGTTAGGACGTAA-3,GARQ,D18,4,40,38,29,0.051787615,B.Activated
TCATTGCGTGCGCGTA-3,GARQ,D18,4,40,38,8,0.26960576,Mono.CD14
TGGCCATCAATTGAAG-3,GARQ,D18,4,40,38,26,0.036082983,T.CD8.Naive
AACAAGCCATGATTGT-3,GARQ,D18,4,40,38,29,0.01578331,B.Naive
TTCCACGGTTCATCTA-3,GARQ,D18,4,40,38,8,0.35680437,Mono.CD14
AGTGATGAGTACTGGT-3,GARQ,D18,4,40,38,29,0.040985107,B.Naive
GTTGTGAGTGCGCATG-3,GARQ,D18,4,40,38,8,0.4238453,Mono.CD16
AGTAAACAGATTGAGG-3,GARQ,D18,4,40,38,21,0.02811706,T.CD8.Effector
ATTCACTTCAAGGACA-3,GARQ,D18,4,40,38,29,0.021437407,B.Naive
GGTGATTTCGTCATTT-3,GARQ,D18,4,40,38,16,0.03662938,T.CD4.Memory
GTGTCCAAGTTATGTG-3,GARQ,D18,4,40,38,29,0.0060824156,B.Naive
CTTCTCAAGCCACATG-3,GARQ,D18,4,40,38,20,0.02728057,T.CD8.Effector
TTGACGTAGTCTATGA-3,GARQ,D18,4,40,38,8,0.17276895,Mono.CD14
CTTTGTCCATTGTCCT-3,GARQ,D18,4,40,38,0,0.07818413,T.CD4.Memory
TAAGGACCAACACCTA-3,GARQ,D18,4,40,38,29,0.10185671,B.Naive
ACGGGAAGTGCACGCA-3,GARQ,D18,4,40,38,29,0.0033118725,B.Activated
CGAGGAAGTTGGCGTG-3,GARQ,D18,4,40,38,20,0.041153908,T.CD4.Memory
TACGGTTAGCCGGTAC-3,GARQ,D18,4,40,38,0,0.074926734,T.CD4.Memory
AGCAGGTAGACACCGC-3,GARQ,D18,4,40,38,29,0.045599103,B.Naive
GCAATCTAGCATGTTA-3,GARQ,D18,4,40,38,17,0.03519392,T.CD4.Memory
TAGTACGGTAGGTTAT-3,GARQ,D18,4,40,38,33,0.25476664,NK
CCAAGGCTCCTTAGGG-3,GARQ,D18,4,40,38,11,0.00016963482,T.CD4.Naive
ATGTTGTCACATGCTA-3,GARQ,D18,4,40,38,17,0.19727945,T.CD4.Memory
ATTGTGATCCTTCTAG-3,GARQ,D18,4,40,38,29,0.046194315,B.Naive
GTACTAGGTATTTGCC-3,GARQ,D18,4,40,38,23,0.060487986,T.CD4.Memory
CCCAATTGTGTTAAAC-3,GARQ,D18,4,40,38,8,0.5008266,Mono.CD14
CTTCAAGCACAGCCTG-3,GARQ,D18,4,40,38,29,0.015097618,B.Naive
GCGCTTAAGGACCTGC-3,GARQ,D18,4,40,38,29,0.13419974,B.Activated
GGAGTCTGTATTGAGT-3,GARQ,D18,4,40,38,8,0.21403241,Mono.CD14
TCTCGCCCATTAGCCA-3,GARQ,D18,4,40,38,29,0.07125509,B.Naive
CATTTGTTCCTCCATA-3,GARQ,D18,4,40,38,17,0.11076987,T.CD4.Memory
GCTATCCTCGCTAGTG-3,GARQ,D18,4,40,38,30,0.10833478,T.CD4.Naive
TATCCGGAGTTGCCTC-3,GARQ,D18,4,40,38,8,0.5685009,Mono.CD14
GGAACAATCGGCTATG-3,GARQ,D18,4,40,38,20,0.060157835,T.CD8.Effector
GCTGCACAGTCAGGCC-3,GARQ,D18,4,40,38,33,0.076975465,NK
ACTAACCAGGGACCTC-3,GARQ,D18,4,40,38,29,0.11357355,B.Activated
AGCGGACCACACAATT-3,GARQ,D18,4,40,38,29,0.054525852,B.Naive
CAGCATTAGGGCTAAA-3,GARQ,D18,4,40,38,29,0.093780756,B.Naive
CAGGCTATCTGTAATG-3,GARQ,D18,4,40,38,26,0.026118755,T.CD4.Naive
GCGCAAACAATATGGA-3,GARQ,D18,4,40,38,34,0.016262054,B.Activated
ACCCAGGGTACAATGT-3,GARQ,D18,4,40,38,29,0.029595971,B.Naive
CGAGCTGGTAATCCCT-3,GARQ,D18,4,40,38,21,0.0068798065,T.CD8.Effector
TGTAAGTGTGACATAT-3,GARQ,D18,4,40,38,29,0.08005524,B.Activated
CTAACCTGTTCACCAT-3,GARQ,D18,4,40,38,33,0.21276438,NK
GTCCTCCCACCTGGTG-3,GARQ,D18,4,40,38,21,0.049301982,T.CD8.Effector
CTGAAACTCTCACACC-3,GARQ,D18,4,40,38,11,0.05853367,T.CD8.Naive
TAGGAGTCAGTAATAG-3,GARQ,D18,4,40,38,29,0.040020943,B.Activated
CGAAATGAGCACAGCC-3,GARQ,D18,4,40,38,8,0.4073701,Mono.CD14
GCAGGAAGTTTGCGAA-3,GARQ,D18,4,40,38,29,0.104917526,B.Naive
TGGCCATCACTTCATC-3,GARQ,D18,4,40,38,29,0.056838036,B.Naive
AGACAATAGCATCCAG-3,GARQ,D18,4,40,38,6,0.04397583,T.CD4.Memory
CTCTGTTCAATTAACC-3,GARQ,D18,4,40,38,11,0.007988751,T.CD8.Naive
TAGGCTAGTCCTTCAG-3,GARQ,D18,4,40,38,29,0.011998653,B.Naive
ACTTCGCTCGAGGAGT-3,GARQ,D18,4,40,38,29,0.029492974,B.Naive
CCTGAATAGCTGAGGG-3,GARQ,D18,4,40,38,29,0.14711428,B.Naive
GGTATTTCATGGCCTG-3,GARQ,D18,4,40,38,8,0.34849072,Mono.CD14
TAGCATATCCGGTTAG-3,GARQ,D18,4,40,38,22,0.13264787,B.Naive
TGCTAACAGGGCTTAT-3,GARQ,D18,4,40,38,29,0.10147035,B.Activated
CCAGCTAAGTTTGAGC-3,GARQ,D18,4,40,38,29,0.050861716,B.Naive
GCTCACAAGCGATAGA-3,GARQ,D18,4,40,38,29,0.07145381,B.Naive
GACACCGGTTACATCC-3,GARQ,D18,4,40,38,29,0.100388646,B.Naive
CGCTACTTCTTGTCCA-3,GARQ,D18,4,40,38,25,0.03992176,T.CD8.Naive
GGTTGCATCGCTATAA-3,GARQ,D18,4,40,38,29,0.03370905,B.Naive
ACCAAACTCGTTACTT-3,GARQ,D18,4,40,38,33,0.18146253,NK
ACAACAGAGTCTTGAA-3,GARQ,D18,4,40,38,30,0.016997159,T.CD4.Memory
GGAACAATCCGGTATG-3,GARQ,D18,4,40,38,28,0.023692489,T.CD4.Memory
TGGGCATGTGCGCGTA-3,GARQ,D18,4,40,38,20,0.0024832487,T.CD8.Effector
TAGGCTTAGTACCGCA-3,GARQ,D18,4,40,38,20,0.0667789,T.CD4.Memory
GCTGTAAGTAAATTGC-3,GARQ,D18,4,40,38,12,0.04345703,T.CD8.Naive
CAGCATGTCCTTCGTA-3,GARQ,D18,4,40,38,30,0.06898785,T.CD8.Effector
TGTAATGTCCTTCGTA-3,GARQ,D18,4,40,38,20,0.06439191,T.CD4.Memory
AAAGCCCGTTTACCGT-3,GARQ,D18,4,40,38,8,0.47540855,Mono.CD14
TCCTGGTTCTAAGTCA-3,GARQ,D18,4,40,38,30,0.022188425,T.CD4.Memory
GAGCTTAGTTACCGGG-3,GARQ,D18,4,40,38,38,0.0056042075,T.CD4.Memory
ATGCAAACAACCCTAA-3,GARQ,D18,4,40,38,8,0.13258243,Mono.CD14
GTTAAGCTCATGCTCC-3,GARQ,D18,4,40,38,23,0.14085221,T.CD8.Effector
CCATCATGTTTACCGT-3,GARQ,D18,4,40,38,29,0.02997446,B.Naive
ACTCGCGCACTGGCTG-3,GARQ,D18,4,40,38,26,0.06721878,T.CD4.Memory
ATATGCTCATCACTTC-3,GARQ,D18,4,40,38,34,0.016436815,B.Naive
GGCCAACTCGGTTAGT-3,GARQ,D18,4,40,38,17,0.021410823,T.CD4.Memory
TGGACTAGTGGGTGAA-3,GARQ,D18,4,40,38,17,0.02369082,T.CD4.Memory
GGTAAGGGTGTTTGAG-3,GARQ,D18,4,40,38,19,0.059046984,T.CD4.Naive
ACGGGAAGTGAGCGAA-3,GARQ,D18,4,40,38,35,0.0797568,NK
CGTTTCTCATCCCGCT-3,GARQ,D18,4,40,38,33,0.06973016,NK
GTGAATCTCAGCAAGA-3,GARQ,D18,4,40,38,30,0.016998887,T.CD4.Memory
TTTAGGATCTACTAAG-3,GARQ,D18,4,40,38,11,0.088116884,T.CD4.Naive
TTTGCGACATGTTGGC-3,GARQ,D18,4,40,38,33,0.033581674,NK
AAGCGAGGTTGGATAT-3,GARQ,D18,4,40,38,17,0.15700018,T.CD8.Effector
TAGCTTAAGTGAAGTG-3,GARQ,D18,4,40,38,20,0.11984682,T.CD8.Effector
CTATGGCCATTGACAT-3,GARQ,D18,4,40,38,26,0.05179274,T.CD4.Naive
TCCATATTCAATCTAG-3,GARQ,D18,4,40,38,29,0.0068677664,B.Naive
GCGTTTCTCAAACCTA-3,GARQ,D18,4,40,38,23,0.12058216,T.CD4.Memory
TAGGCTGTCACTTTAC-3,GARQ,D18,4,40,38,7,0.0032001138,T.CD4.Naive
CTAGTAATCGAGCTAT-3,GARQ,D18,4,40,38,29,0.017092586,B.Naive
ACATCAATCACTTTAC-3,GARQ,D18,4,40,38,20,0.079087734,T.CD8.Effector
CGGAGCAAGGAACCAA-3,GARQ,D18,4,40,38,6,0.10310459,T.CD4.Naive
CGTGGTTCAGACAAAC-3,GARQ,D18,4,40,38,30,0.023167908,T.CD4.Memory
TGGATTCAGCCTGATG-3,GARQ,D18,4,40,38,29,0.040832758,B.Naive
ATCAGGTTCCCTCAGT-3,GARQ,D18,4,40,38,2,0.000161767,T.CD4.Naive
CAGCTCAAGCCAAATC-3,GARQ,D18,4,40,38,29,0.09709108,B.Naive
CCCGTAAAGACTAAGG-3,GARQ,D18,4,40,38,38,0.066412926,T.CD4.Naive
GAGGTTAAGCATTTCT-3,GARQ,D18,4,40,38,12,0.025900722,T.CD4.Naive
TGGTCAGTCCATAATG-3,GARQ,D18,4,40,38,33,0.18923855,NK
TTGTGCGAGTGATTCA-3,GARQ,D18,4,40,38,21,0.0030765533,T.CD8.Effector
TTTGACTTCCTCATGC-3,GARQ,D18,4,40,38,33,0.076262176,NK
GCTGCACAGCACAGAA-3,GARQ,D18,4,40,38,20,0.05445993,T.CD8.Effector
GCAATGAAGACAGGTA-3,GARQ,D18,4,40,38,20,0.10440135,T.CD8.Effector
CGAATCTAGATGCCTG-3,GARQ,D18,4,40,38,20,0.029233396,T.CD8.Effector
TGAACAACATAGTCAT-3,GARQ,D18,4,40,38,23,0.029028118,T.CD4.Memory
GCTGGATGTTGCATCT-3,GARQ,D18,4,40,38,30,0.00954169,T.CD4.Memory
TCCATGCTCACAGACT-3,GARQ,D18,4,40,38,8,0.24254549,Mono.CD14
TCCTTCAAGTTTGGGT-3,GARQ,D18,4,40,38,8,0.28033036,Mono.CD14
GGTTGGTGTTTGCGAA-3,GARQ,D18,4,40,38,6,0.1963042,T.CD4.Memory
GCGCCTTGTACCGAAC-3,GARQ,D18,4,40,38,6,0.450953,T.CD4.Naive
CAACAATGTTTCGCGC-3,GARQ,D18,4,40,38,20,0.0055681467,T.CD4.Memory
TTTCATCAGGAAACTG-3,GARQ,D18,4,40,38,23,0.112216234,T.CD4.Memory
TTACCGTGTCATTGAG-3,GARQ,D18,4,40,38,33,0.028184533,NK
CCTGGATCAGCAAGGC-3,GARQ,D18,4,40,38,20,0.2258066,T.CD8.Effector
GGGTGTTGTGCATTTC-3,GARQ,D18,4,40,38,35,0.023660481,NK
CACCAACCAGCTTAAT-3,GARQ,D18,4,40,38,20,0.022790551,T.CD4.Memory
ATTTAGCCAGTTATCG-3,GARQ,D18,4,40,38,28,0.00891614,T.CD4.Memory
GCTCACAAGTCAGGCC-3,GARQ,D18,4,40,38,20,0.14751482,T.CD4.Memory
ATTAACCCATGCTTAG-3,GARQ,D18,4,40,38,29,0.012306809,B.Naive
CGGAGCAAGTCAGGCC-3,GARQ,D18,4,40,38,20,0.1825434,T.CD8.Effector
ATCACAATCATGTTTC-3,GARQ,D18,4,40,38,29,0.08554387,B.Naive
GTATTCAAGTTAGTGC-3,GARQ,D18,4,40,38,17,0.095395565,T.CD4.Memory
CGTGAGGAGTATTGTG-3,GARQ,D18,4,40,38,8,0.42834806,Mono.CD14
CCAGGAACACTTCACT-3,GARQ,D18,4,40,38,33,0.25716668,NK
AAGCGTTTCATTAGGC-3,GARQ,D18,4,40,38,17,0.08145964,T.CD4.Memory
TGCCATTGTTTCCTCC-3,GARQ,D18,4,40,38,8,0.314986,Mono.CD14
GGAAACTCAGCAATAA-3,GARQ,D18,4,40,38,17,0.0151331425,T.CD4.Memory
GAACGAATCAAGCTTA-3,GARQ,D18,4,40,38,29,0.16390419,B.Naive
TGAGGGAGTTACATCC-3,GARQ,D18,4,40,38,17,0.05826974,T.CD4.Memory
AACGACAAGCACCACA-3,GARQ,D18,4,40,38,6,0.17994547,T.CD4.Naive
GCTAACCCAATAACCT-3,GARQ,D18,4,40,38,20,0.18427992,T.CD8.Effector
CACTAAGGTCAACAAT-3,GARQ,D18,4,40,38,11,0.0010164976,T.CD4.Naive
CCATAATCACAGGGAC-3,GARQ,D18,4,40,38,20,0.05040264,T.CD4.Memory
TCTCAAGCAGGCCATT-3,GARQ,D18,4,40,38,20,0.114180684,T.CD8.Effector
CTTGTAAAGAGCCGCT-3,GARQ,D18,4,40,38,20,0.030962467,T.CD8.Effector
ATGAAGTAGCAAACCT-3,GARQ,D18,4,40,38,38,0.052896738,T.CD4.Naive
GTCGCAATCGGCCAGT-3,GARQ,D18,4,40,38,12,0.0224514,T.CD4.Naive
TTGCATTTCGTTACTT-3,GARQ,D18,4,40,38,23,0.019592047,T.CD4.Memory
TTTAAGGTCAGGCTAT-3,GARQ,D18,4,40,38,23,0.01928562,T.CD4.Naive
GCGCAAACAATTAGGA-3,GARQ,D18,4,40,38,23,0.030901432,T.CD4.Memory
GAGCTTAGTCATCAAG-3,GARQ,D18,4,40,38,38,0.0547719,T.CD4.Memory
GTTGTGAGTCTCAGCC-3,GARQ,D18,4,40,38,6,0.07860732,T.CD4.Naive
CAGAATCTCGGCCAGT-3,GARQ,D18,4,40,38,20,0.05880785,T.CD8.Effector
CTTGTTCCAACACTTG-3,GARQ,D18,4,40,38,12,0.03382045,T.CD4.Naive
TACCGCAAGTGTTGTA-3,GARQ,D18,4,40,38,11,0.05946815,T.CD4.Naive
CTAGGACGTAATAGCT-3,GARQ,D18,4,40,38,23,0.035477996,T.CD4.Memory
GAGATAAGTACTTAGG-3,GARQ,D18,4,40,38,17,0.015847683,T.CD4.Memory
ACAGTATGTTGAGGTC-3,GARQ,D18,4,40,38,33,0.018236518,NK
AGTCCTTGTCAAAGAA-3,GARQ,D18,4,40,38,12,0.0008299351,T.CD4.Memory
ACAGGATCAGGGAGCT-3,GARQ,D18,4,40,38,4,0.01979804,T.CD4.Memory
AACCTCACACAATTAC-3,GARQ,D18,4,40,38,38,0.028037548,T.CD4.Naive
GCGCTTGCATACTCCT-3,GARQ,D18,4,40,38,38,0.0041432977,T.CD8.Naive
GGCGGTAAGACTATTG-3,GARQ,D18,4,40,38,19,0.007075548,T.CD4.Naive
GTGCCTTTCTTTGTAC-3,GARQ,D18,4,40,38,12,0.038395643,T.CD4.Naive
TATGGTCAGTCATTAG-3,GARQ,D18,4,40,38,14,0.060364485,T.CD4.Naive
GATAGACCATGGAGGC-3,GARQ,D18,4,40,38,8,0.32510448,Mono.CD14
TGGCCTTTCGCCTAAG-3,GARQ,D18,4,40,38,33,0.020420551,T.CD8.Effector
GCCTTAGAGCTAAGTC-3,GARQ,D18,4,40,38,20,0.0119969845,T.CD4.Memory
CCCTCAGTCCCGCAAA-3,GARQ,D18,4,40,38,14,0.09856582,T.CD4.Memory
ACACTTAAGACAACAG-3,GARQ,D18,4,40,38,26,0.12993646,T.CD4.Naive
ATCATGTCAGTTGCGT-3,GARQ,D18,4,40,38,38,0.0024706125,T.CD4.Naive
AAGCTTGGTTCCTGTG-3,GARQ,D18,4,40,38,30,0.02678883,T.CD4.Memory
GCTAGTGTCTCACTAT-3,GARQ,D18,4,40,38,10,0.15439576,T.CD8.Naive
TGTCATAAGCTATGAC-3,GARQ,D18,4,40,38,11,0.03398198,T.CD8.Naive
TTTGTGTTCCTTCTAG-3,GARQ,D18,4,40,38,20,0.05190587,T.CD4.Memory
TCAGTAATCGTTATCT-3,GARQ,D18,4,40,38,21,0.0012699366,T.CD8.Effector
CCTATATTCAAGCTTA-3,GARQ,D18,4,40,38,23,0.008467913,T.CD4.Memory
ACATAGCTCCTTTACG-3,GARQ,D18,4,40,38,18,0.048747182,T.CD8.Naive
AATTAGGCAGCACCAT-3,GARQ,D18,4,40,38,27,0.003629446,T.CD4.Memory
TTCCTTGAGGTCGATT-3,GARQ,D18,4,40,38,23,0.12739801,T.CD8.Effector
GGATGTAAGGTGCGGA-3,GARQ,D18,4,40,38,7,0.010946155,T.CD4.Memory
CAAGGGAGTTAGCGTA-3,GARQ,D18,4,40,38,20,0.1066066,T.CD8.Effector
GAACCTTAGTGTTGCG-3,GARQ,D18,4,40,38,36,0.053212166,T.CD4.Memory
ACGATTCAGCAAGATG-3,GARQ,D18,4,40,38,38,0.034994006,T.CD8.Naive
TGTCATAAGACAGGTA-3,GARQ,D18,4,40,38,25,0.04231924,T.CD4.Memory
TGAGAACCAATCCTAG-3,GARQ,D18,4,40,38,29,0.055680394,B.Naive
TTGTGTGCAGGCTACT-3,GARQ,D18,4,40,38,39,0.04888153,T.CD4.Memory
GGTTGCTCAGCATGAG-3,GARQ,D18,4,40,38,22,0.053153634,B.Naive
CCCTAATGTGGCTTCC-3,GARQ,D18,4,40,38,8,0.2108053,Mono.CD14
CAATCCCTCACCTGCT-3,GARQ,D18,4,40,38,29,0.16728878,B.Naive
GATCACTAGAGCCGGA-3,GARQ,D18,4,40,38,6,0.013970315,T.CD8.Naive
TTTCACCCATTGGGAG-3,GARQ,D18,4,40,38,38,0.054285765,T.CD8.Naive
GGGTCAACATAGCGGA-3,GARQ,D18,4,40,38,25,0.08883202,T.CD8.Naive
TGTGGCCAGGCCATCA-3,GARQ,D18,4,40,38,38,0.029032111,T.CD4.Memory
CCTCCTCTCCAACTGG-3,GARQ,D18,4,40,38,21,0.018154383,T.CD8.Effector
AGCAAATAGGCTAGAA-3,GARQ,D18,4,40,38,30,0.024159908,T.CD4.Naive
AGTAGGATCTAAGTGC-3,GARQ,D18,4,40,38,39,0.017392099,T.CD4.Naive
CCACAATAGTCCTTCA-3,GARQ,D18,4,40,38,29,0.033020496,B.Activated
TTGTCAAAGTGAGGGT-3,GARQ,D18,4,40,38,38,0.13134181,T.CD8.Naive
AGTAGCTTCTAGCTAA-3,GARQ,D18,4,40,38,12,0.08191979,T.CD4.Naive
CTCACAACAGGACCTT-3,GARQ,D18,4,40,38,29,0.1192925,B.Naive
GCTTATCGTGTTGTGA-3,GARQ,D18,4,40,38,19,0.0332672,T.CD4.Naive
CGCTTAACATAGACCC-3,GARQ,D18,4,40,38,0,0.049240947,T.CD8.Effector
AGGGCCTTCTCACTCA-3,GARQ,D18,4,40,38,23,0.018582523,NK
GCACATTAGCTCCTTA-3,GARQ,D18,4,40,38,20,0.048130155,T.CD4.Memory
TAAGGACCAATTAGCT-3,GARQ,D18,4,40,38,12,0.049396753,T.CD8.Effector
AATGTCCAGGCGCTTA-3,GARQ,D18,4,40,38,17,0.004334092,T.CD4.Memory
TATCGCGAGAAAGGAA-3,GARQ,D18,4,40,38,7,0.021442652,T.CD4.Naive
TTACCTGTCCTCATCA-3,GARQ,D18,4,40,38,26,0.05704665,T.CD4.Naive
ATCAAGACAGGACCAA-3,GARQ,D18,4,40,38,7,0.008963764,T.CD4.Naive
GCTGGATGTGTAATAC-3,GARQ,D18,4,40,38,11,0.04570049,T.CD4.Naive
GCCACACAGAACAAGT-3,GARQ,D18,4,40,38,12,0.11746895,T.CD4.Naive
ATGGCTGTCTTAGGGT-3,GARQ,D18,4,40,38,29,0.056621432,B.Activated
GTTAAGTGTTGTGATG-3,GARQ,D18,4,40,38,11,0.019610882,T.CD4.Naive
TTTGTGGCACGTAATT-3,GARQ,D18,4,40,38,38,0.19492555,T.CD4.Memory
AGGTCCGGTGTTAGCA-3,GARQ,D18,4,40,38,29,0.074252605,B.Naive
GACTATTCAGGTTCAC-3,GARQ,D18,4,40,38,10,0.08988017,T.CD4.Memory
GTTCCTGGTGCAACTA-3,GARQ,D18,4,40,38,2,0.029250145,T.CD4.Naive
TAGGAACCACAGCCAT-3,GARQ,D18,4,40,38,11,0.07193953,T.CD4.Memory
ATTATCCTCGGTTTCC-3,GARQ,D18,4,40,38,12,0.026727438,T.CD4.Naive
CGATTGAGTGCTCCAC-3,GARQ,D18,4,40,38,25,0.04731059,T.CD4.Naive
TTGTGCCTCCAACTGG-3,GARQ,D18,4,40,38,29,0.054728508,B.Naive
ACCAAGCGTGGTTCTT-3,GARQ,D18,4,40,38,38,0.034919858,T.CD4.Naive
AACCGGCTCAGGATGA-3,GARQ,D18,4,40,38,9,0.02530992,T.CD4.Memory
TTATCCTAGCTTAACA-3,GARQ,D18,4,40,38,21,0.005289912,T.CD8.Effector
GGTATGTTCGCTAAGT-3,GARQ,D18,4,40,38,14,0.032930195,T.CD4.Naive
ATTGAAGCAACTCGCG-3,GARQ,D18,4,40,38,20,0.1489979,T.CD8.Effector
TAGGAGGGTCATAGAT-3,GARQ,D18,4,40,38,12,0.07341695,T.CD8.Naive
TTTGTTGGTCCACAAA-3,GARQ,D18,4,40,38,30,0.009691358,T.CD4.Memory
CTAGTAATCTCCATGC-3,GARQ,D18,4,40,38,14,0.012892485,T.CD4.Naive
CTGGTTTGTAACGTGC-3,GARQ,D18,4,40,38,6,0.052752495,T.CD4.Naive
ACGGTTTAGCCTGTTC-3,GARQ,D18,4,40,38,20,0.02907455,T.CD4.Memory
GCGTGCTAGAACCTAC-3,GARQ,D18,4,40,38,19,0.015784264,T.CD4.Naive
GAAAGCCAGCGCTCAA-3,GARQ,D18,4,40,38,24,0.016752899,T.CD4.Memory
AAGCGAATCATTGTTC-3,GARQ,D18,4,40,38,10,0.01127255,T.CD4.Naive
GCTGACCAGCAAACCT-3,GARQ,D18,4,40,38,6,0.14387369,T.CD4.Naive
GATGACTTCCTTAAGA-3,GARQ,D18,4,40,38,20,0.037171364,T.CD4.Memory
TAGTAACGTATTGTGG-3,GARQ,D18,4,40,38,12,0.035401464,T.CD4.Memory
CCAACCCGTTACTAGG-3,GARQ,D18,4,40,38,6,0.11437321,T.CD4.Naive
ACCACACCACAAAGAC-3,GARQ,D18,4,40,38,23,0.010084689,T.CD8.Naive
CGGACCTAGCTTTGGG-3,GARQ,D18,4,40,38,30,0.059766054,T.CD4.Naive
GCCGTGAGTGTGTCCC-3,GARQ,D18,4,40,38,23,0.08195102,T.CD4.Memory
GATAATCGTCGACTAA-3,GARQ,D18,4,40,38,19,0.032844543,T.CD4.Naive
CAGCATGTCCTGAGTG-3,GARQ,D18,4,40,38,12,0.030272841,T.CD4.Naive
TGTCAGTAGAGGCTAA-3,GARQ,D18,4,40,38,29,0.056498528,B.Activated
TTGAGCTAGGACGTAA-3,GARQ,D18,4,40,38,38,0.0009993315,T.CD4.Memory
TTAAGGTGTGCTGGTG-3,GARQ,D18,4,40,38,14,0.08835244,T.CD4.Memory
CCTTCAATCAATGACC-3,GARQ,D18,4,40,38,6,0.09089422,T.CD4.Memory
AAGTCTATCGCATTAA-3,GARQ,D18,4,40,38,20,0.07607448,T.CD4.Memory
GTTAAGTGTCAGGCCA-3,GARQ,D18,4,40,38,19,0.03703308,T.CD4.Naive
TGAAGTGAGCTGGACC-3,GARQ,D18,4,40,38,38,0.0052177906,T.CD4.Naive
AGCATTTCACAACAAA-3,GARQ,D18,4,40,38,38,0.041273117,T.CD4.Naive
ATTGCAGGTACTGAAT-3,GARQ,D18,4,40,38,26,0.0238204,T.CD4.Naive
AGTCCTGAGCACAGCC-3,GARQ,D18,4,40,38,16,0.019541621,T.CD4.Memory
TCGGTTTGTCATCAAG-3,GARQ,D18,4,40,38,23,0.019438982,T.CD4.Naive
AACCTAATCCGGGACT-3,GARQ,D18,4,40,38,25,0.031971335,T.CD4.Naive
GTTACCTGTAAGTCGC-3,GARQ,D18,4,40,38,11,0.107742906,T.CD4.Naive
TTAAAGGCAGCACCAT-3,GARQ,D18,4,40,38,6,0.026923418,T.CD8.Naive
AACAGCAAGGCCTTAG-3,GARQ,D18,4,40,38,20,0.029059649,T.CD4.Memory
TTTGACCGTCCTAAGA-3,GARQ,D18,4,40,38,23,0.004876375,T.CD8.Effector
AACATCATCGCTCACT-3,GARQ,D18,4,40,38,21,0.07288742,T.CD8.Effector
TCGTTACGTCCGGTTC-3,GARQ,D18,4,40,38,9,0.111798525,T.CD4.Memory
AGGTCAAAGTAGGATG-3,GARQ,D18,4,40,38,6,0.0012472868,T.CD4.Naive
AGCTACTAGGTTACAC-3,GARQ,D18,4,40,38,23,0.013501883,T.CD4.Memory
TTACCGTGTGATTTGG-3,GARQ,D18,4,40,38,14,0.08520794,T.CD4.Naive
TTGGATTCAATGCCTA-3,GARQ,D18,4,40,38,20,0.031294465,T.CD4.Memory
CTGAAACTCATGTGGT-3,GARQ,D18,4,40,38,38,0.09068632,T.CD4.Memory
TATGGTCAGCTTATGA-3,GARQ,D18,4,40,38,38,0.08717352,T.CD4.Memory
CAAACCGTCAGGCTAT-3,GARQ,D18,4,40,38,7,0.06518608,T.CD4.Naive
GCTAACCCAAGGCCAA-3,GARQ,D18,4,40,38,12,0.06322765,T.CD4.Naive
ATTCCTCCAGCCGCTA-3,GARQ,D18,4,40,38,35,0.0024074912,T.CD4.Memory
GTGGTTAGTTTCGCCA-3,GARQ,D18,4,40,38,23,0.094077826,T.CD4.Memory
TGGTAAACAATCATGT-3,GARQ,D18,4,40,38,23,0.05836898,T.CD8.Effector
ATCCTCATCGTTTCGC-3,GARQ,D18,4,40,38,14,0.020625114,T.CD4.Naive
TGTGTTAAGCTATTAG-3,GARQ,D18,4,40,38,29,0.017472506,B.Naive
TCAGCAAGTGGGTGAA-3,GARQ,D18,4,40,38,38,0.05185598,T.CD4.Naive
AACCCGCAGGAACGCG-3,GARQ,D18,4,40,38,26,0.081521034,T.CD4.Naive
CAGGGCTTCTGGCTTC-3,GARQ,D18,4,40,38,8,0.14546537,DC.Myeloid
TCAGTGAGTTAACAGT-3,GARQ,D18,4,40,38,12,0.010268092,T.CD8.Naive
AAGCAAGTCGAGCTAT-3,GARQ,D18,4,40,38,38,0.0019416809,T.CD4.Naive
TTAGCTGCACAACAAA-3,GARQ,D18,4,40,38,17,0.034572482,T.CD4.Memory
ACCTGGATCCAAGTTA-3,GARQ,D18,4,40,38,26,0.002619803,T.CD4.Memory
CATTATCTCATTGCAA-3,GARQ,D18,4,40,38,7,0.0034179688,T.CD4.Naive
GCAGGCTTCGGGACTC-3,GARQ,D18,4,40,38,33,0.016029,NK
GAATTTGTCTTAGGGT-3,GARQ,D18,4,40,38,19,0.023297071,T.CD4.Naive
CTTGTCCAGCTGAGGG-3,GARQ,D18,4,40,38,20,0.053723812,T.CD4.Memory
TGCACACCAAATTGCT-3,GARQ,D18,4,40,38,12,0.027226508,T.CD4.Memory
TGAGGCACAATAGCCC-3,GARQ,D18,4,40,38,39,0.13614178,T.CD4.Memory
CCCGCAACAATGCCCG-3,GARQ,D18,4,40,38,25,0.016774893,T.CD4.Naive
TAACCAGGTTAGAGCC-3,GARQ,D18,4,40,38,33,0.20479906,NK
ACATTGCAGCCTGACA-3,GARQ,D18,4,40,38,7,0.07371408,T.CD4.Naive
ATGGACAAGCCGCTAA-3,GARQ,D18,4,40,38,17,0.008504152,T.CD4.Memory
TTGTAAGTCCCTCTAA-3,GARQ,D18,4,40,38,39,0.015698433,T.CD4.Naive
TAGGCTTAGCAATAGG-3,GARQ,D18,4,40,38,23,0.019046068,T.CD8.Effector
GGTAGGAGTTGCACAA-3,GARQ,D18,4,40,38,38,0.0041441917,T.CD4.Memory
TTATTGCTCACAGACT-3,GARQ,D18,4,40,38,26,0.0041600466,T.CD4.Memory
AGGTTACTCGTACCGA-3,GARQ,D18,4,40,38,8,0.22068858,Mono.CD14
TTAAAGGCAGCAACCT-3,GARQ,D18,4,40,38,17,0.0009987354,T.CD4.Memory
TACCTGCTCATGTGGT-3,GARQ,D18,4,40,38,38,0.0733881,T.CD4.Memory
GCAGGTTGTTAGACCA-3,GARQ,D18,4,40,38,33,0.10632539,NK
AATTGCTCAGTTGCGT-3,GARQ,D18,4,40,38,38,0.001075685,T.CD4.Naive
GAAGTATAGTCATCCC-3,GARQ,D18,4,40,38,14,0.044561148,T.CD4.Naive
ACCACACCATGAGTTT-3,GARQ,D18,4,40,38,23,0.12628949,T.CD4.Memory
ACTTCGCTCCGGTTGA-3,GARQ,D18,4,40,38,16,0.009041786,T.CD4.Memory
TACCTGCTCAATTGGC-3,GARQ,D18,4,40,38,38,0.11892569,T.CD4.Memory
TTACAGCAGCCACATG-3,GARQ,D18,4,40,38,23,0.037523627,T.CD8.Effector
AACATTGTCAGGGCCT-3,GARQ,D18,4,40,38,23,0.010239005,T.CD4.Memory
TGGCGGTTCTAAGGTC-3,GARQ,D18,4,40,38,23,0.011706412,T.CD8.Effector
TGAGCAAAGCCAGTAT-3,GARQ,D18,4,40,38,11,0.0027235746,T.CD8.Naive
GGAAACTCAGACAAAC-3,GARQ,D18,4,40,38,20,0.18154144,T.CD4.Memory
GGTTTGTAGCGGATAA-3,GARQ,D18,4,40,38,12,0.04182911,T.CD4.Memory
TGCTCACTCAGGTTTA-3,GARQ,D18,4,40,38,12,0.018521369,T.CD4.Naive
TGATCACAGCTCCTAC-3,GARQ,D18,4,40,38,23,0.15219939,T.CD4.Memory
TTGGATATCGTGCTAG-3,GARQ,D18,4,40,38,33,0.08571756,NK
GCAAACCGTGATGAGG-3,GARQ,D18,4,40,38,23,0.017053485,T.CD8.Naive
GAGCTAGCAAGGCCAA-3,GARQ,D18,4,40,38,25,0.0064965487,T.CD4.Naive
GGCATGGAGACTTATG-3,GARQ,D18,4,40,38,6,0.044251144,T.CD4.Naive
CTGGTAAGTTGGATAT-3,GARQ,D18,4,40,38,23,0.07716155,T.CD4.Memory
GTTAAGCTCTTGCAGG-3,GARQ,D18,4,40,38,23,0.087084055,T.CD4.Memory
TCCGGTAAGGGTCTAT-3,GARQ,D18,4,40,38,38,0.05738628,T.CD4.Naive
ACACCTTGTCATGAGC-3,GARQ,D18,4,40,38,14,0.038508594,T.CD4.Naive
GCTGTGATCACTTTAC-3,GARQ,D18,4,40,38,25,0.032274723,T.CD4.Naive
TGGTTGAGTCCTCCAA-3,GARQ,D18,4,40,38,12,0.010212898,T.CD4.Memory
GGATTTATCCACCTGT-3,GARQ,D18,4,40,38,29,0.07678342,B.Naive
GGTCAGGAGGCTAAGA-3,GARQ,D18,4,40,38,33,0.10639262,T.CD8.Effector
GGTTATGGTCCCGAAG-3,GARQ,D18,4,40,38,38,0.059951663,T.CD4.Memory
TTATTGCTCTCAATTC-3,GARQ,D18,4,40,38,23,0.045760155,T.CD8.Effector
TAGGCTTAGGGTGAGT-3,GARQ,D18,4,40,38,6,0.07182479,T.CD8.Naive
ACAGTATGTTAAGGTT-3,GARQ,D18,4,40,38,30,0.039993763,T.CD4.Memory
GTGCTGGGTAATTAGC-3,GARQ,D18,4,40,38,8,0.36079627,Mono.CD14
TGTAAGTGTTGTAACG-3,GARQ,D18,4,40,38,6,0.013761878,T.CD4.Naive
GGATAACCAGGCTGTT-3,GARQ,D18,4,40,38,16,0.025186837,T.CD4.Naive
GTGGTTAGTTCACCAT-3,GARQ,D18,4,40,38,12,0.10526943,T.CD4.Naive
TGTAAGCTCATCAGTA-3,GARQ,D18,4,40,38,38,0.037935615,T.CD4.Memory
TGACTTAAGTCACGAT-3,GARQ,D18,4,40,38,8,0.8972764,Mono.CD14
GACTTACAGTGGCGGA-3,GARQ,D18,4,40,38,38,0.07047701,T.CD4.Memory
CTTCTAAGTTCAAGCA-3,GARQ,D18,4,40,38,20,0.05040145,T.CD8.Effector
GTCTTTGTCAAGACTC-3,GARQ,D18,4,40,38,8,0.37320924,Mono.CD14
AGTAAACAGTTAGCTA-3,GARQ,D18,4,40,38,23,0.0090096,T.CD8.Effector
GTCATCACATCCTGAA-3,GARQ,D18,4,40,38,39,0.022323132,T.CD4.Naive
TCCTCACAGCTTTGGG-3,GARQ,D18,4,40,38,12,0.019925475,T.CD4.Memory
TGGCCATCACATACTG-3,GARQ,D18,4,40,38,20,0.12573993,T.CD8.Effector
TGTAATGTCATGCAAC-3,GARQ,D18,4,40,38,19,0.0027285218,T.CD4.Naive
GCTAATATCACCAATA-3,GARQ,D18,4,40,38,12,0.087960124,T.CD8.Naive
GTTCTTGTCGTGCCTT-3,GARQ,D18,4,40,38,38,0.08821106,T.CD4.Naive
ACCGGTTCAATATAGG-3,GARQ,D18,4,40,38,25,0.06362009,T.CD8.Naive
GTAGTTTCATTGTGAT-3,GARQ,D18,4,40,38,12,0.015835643,T.CD4.Naive
CGACAAGCACTATGGC-3,GARQ,D18,4,40,38,20,0.0086603165,T.CD4.Memory
TGGCTAAGTGTCCAGG-3,GARQ,D18,4,40,38,38,0.42802703,T.CD8.Naive
TTCGTGCTCCCGCCTA-3,GARQ,D18,4,40,38,30,0.039791524,T.CD4.Naive
TGGAACAAGTCTTGAA-3,GARQ,D18,4,40,38,1,0.037077487,T.CD4.Memory
AGCGCTCAGTTACTTC-3,GARQ,D18,4,40,38,29,0.06664014,B.Naive
AAGGCCCTCGTTATCT-3,GARQ,D18,4,40,38,38,0.082407415,T.CD4.Naive
GTAAGCTTCATGCCTC-3,GARQ,D18,4,40,38,38,0.038361907,T.CD4.Naive
GTGAGGAGTCATGCAA-3,GARQ,D18,4,40,38,25,0.05977249,T.CD4.Naive
GTAGTTATCACTCGCT-3,GARQ,D18,4,40,38,19,0.017127514,T.CD4.Memory
TAACAAGCAGCAATAA-3,GARQ,D18,4,40,38,14,0.062160015,T.CD4.Naive
TGTTGGCCAAAGCTAA-3,GARQ,D18,4,40,38,20,0.012253404,T.CD8.Effector
ACCCTCCCAGTAATAG-3,GARQ,D18,4,40,38,14,0.008698344,T.CD8.Naive
CACAATATCCTAACGG-3,GARQ,D18,4,40,38,8,0.6632786,Mono.CD14
CTAATCTTCATAGCCG-3,GARQ,D18,4,40,38,14,0.003049612,T.CD4.Naive
CGGGACAAGCGTGCGT-3,GARQ,D18,4,40,38,14,0.14407313,T.CD4.Memory
CTGGACCAGCTTAGCG-3,GARQ,D18,4,40,38,18,0.022205234,T.CD8.Effector
TACCTTAGTACGGGTT-3,GARQ,D18,4,40,38,38,0.12259048,T.CD4.Naive
TCAGCCTTCAATGTCA-3,GARQ,D18,4,40,38,32,0.0026034713,T.CD4.Naive
AATGTCCAGACAAGTG-3,GARQ,D18,4,40,38,23,0.00073838234,T.CD4.Memory
CTCCATCAGGGACCTC-3,GARQ,D18,4,40,38,38,0.04219544,T.CD4.Naive
TCCTTTACAAACCCTA-3,GARQ,D18,4,40,38,38,0.17627072,T.CD8.Naive
CAAGTTATCCTAATGA-3,GARQ,D18,4,40,38,10,0.08126116,T.CD4.Naive
CAGCTAAGTTCCATTA-3,GARQ,D18,4,40,38,25,0.01350069,T.CD4.Naive
CTTGTCCAGGTGCTGC-3,GARQ,D18,4,40,38,23,0.104997754,T.CD4.Memory
CCCTAATGTGATCATG-3,GARQ,D18,4,40,38,14,0.096195936,T.CD4.Naive
CTCCTGAGTGTTTGAG-3,GARQ,D18,4,40,38,14,0.02261436,T.CD4.Memory
TGTTAGCAGTCATTGA-3,GARQ,D18,4,40,38,28,0.020654678,T.CD4.Memory
CCAGGAACATCTTGAG-3,GARQ,D18,4,40,38,25,0.012942433,T.CD4.Naive
CGGCTCACAAATATCC-3,GARQ,D18,4,40,38,19,0.012439728,T.CD4.Naive
AGTAATCGTCAATACG-3,GARQ,D18,4,40,38,14,0.10901582,T.CD4.Naive
CACATAATCAGGTCCA-3,GARQ,D18,4,40,38,20,0.05784154,T.CD8.Effector
CAAGTGAAGTAACCAC-3,GARQ,D18,4,40,38,29,0.011317849,B.Naive
TTAACCAAGTGGACAA-3,GARQ,D18,4,40,38,39,0.011782408,T.CD4.Memory
