cell_id,method,dataset,seed,requested_K,realized_K,metacell_id,delta_confidence,cell_type
GACTATTCATGTCGCG-14-s4d8,GARQ,D11,0,40,40,5,0.29781914,Naive CD20+ B
ACCAAGCGTTACCGGG-14-s4d8,GARQ,D11,0,40,40,8,0.052647233,Proerythroblast
TCAATCGCATCCAGGT-14-s4d8,GARQ,D11,0,40,40,5,0.068796635,MK/E prog
CACCAACCACTTCATC-14-s4d8,GARQ,D11,0,40,40,2,0.05032575,CD8+ T
GTTAAGTGTTGTAACG-14-s4d8,GARQ,D11,0,40,40,38,0.012956381,CD8+ T
GATGACTTCCTTAGTT-14-s4d8,GARQ,D11,0,40,40,4,0.03628707,CD4+ T activated
GGGAGTAGTGTTGTGA-14-s4d8,GARQ,D11,0,40,40,7,0.11949986,Lymph prog
AACGGTAAGAACCTGT-14-s4d8,GARQ,D11,0,40,40,38,0.03295535,CD16+ Mono
CCCAGCACATAGGCGA-14-s4d8,GARQ,D11,0,40,40,0,0.13749766,CD8+ T
CCGCACACATTTGCTC-14-s4d8,GARQ,D11,0,40,40,21,0.010132492,CD4+ T activated
GAGAGGCGTCATTGTC-14-s4d8,GARQ,D11,0,40,40,8,0.35032564,Proerythroblast
GGTACCGGTACCAGGT-14-s4d8,GARQ,D11,0,40,40,25,0.054490745,CD14+ Mono
GGGCATTGTGAGACTC-14-s4d8,GARQ,D11,0,40,40,10,0.012608349,cDC2
GAAGTAAGTAATGACT-14-s4d8,GARQ,D11,0,40,40,14,0.21661627,CD8+ T
TGAGTTTCAGTAGGAT-14-s4d8,GARQ,D11,0,40,40,4,1.0147908,CD8+ T
TGCTCACTCAAGACTC-14-s4d8,GARQ,D11,0,40,40,13,0.012011826,CD8+ T
TAAAGCCTCTCAATTC-14-s4d8,GARQ,D11,0,40,40,14,0.18135214,CD8+ T
AATCATCCAGTTTACG-14-s4d8,GARQ,D11,0,40,40,0,0.18107808,CD8+ T
CTAGGACGTATTTGCC-14-s4d8,GARQ,D11,0,40,40,7,0.29402292,Lymph prog
AGCAGGTAGTGGCGGA-14-s4d8,GARQ,D11,0,40,40,4,0.030966938,CD8+ T
AGAATCGAGGACCTTG-14-s4d8,GARQ,D11,0,40,40,0,0.04722041,CD8+ T
TGTGCGCAGAGAAGGG-14-s4d8,GARQ,D11,0,40,40,4,0.23922706,CD4+ T activated
CTAAAGCTCAGCATTA-14-s4d8,GARQ,D11,0,40,40,5,0.16808087,pDC
GCCTCAAAGCGCTAAT-14-s4d8,GARQ,D11,0,40,40,7,0.024100661,Transitional B
GGAAGTATCGATTTGA-14-s4d8,GARQ,D11,0,40,40,1,0.11872268,HSC
GGCTAGTGTAGGTTGC-14-s4d8,GARQ,D11,0,40,40,10,0.060208797,cDC2
CATTGTAAGAAAGCAT-14-s4d8,GARQ,D11,0,40,40,11,0.2371229,Erythroblast
GTCGCAATCATTACAG-14-s4d8,GARQ,D11,0,40,40,30,0.035252154,CD8+ T
ATAACGACAGTCTATG-14-s4d8,GARQ,D11,0,40,40,9,0.09491062,CD4+ T activated
CTAGGCGGTAGGTTTG-14-s4d8,GARQ,D11,0,40,40,11,0.044046283,Proerythroblast
GTTCCTGGTACCGTTT-14-s4d8,GARQ,D11,0,40,40,5,0.060135007,HSC
GGGTGAAGTTGTAACG-14-s4d8,GARQ,D11,0,40,40,4,0.20031697,CD8+ T
AGTAACACATACCCGG-14-s4d8,GARQ,D11,0,40,40,11,0.023999006,Erythroblast
CTTGCGCGTGAATCGC-14-s4d8,GARQ,D11,0,40,40,11,0.04383695,Proerythroblast
CGGTGAACATGAGTTT-14-s4d8,GARQ,D11,0,40,40,4,0.116738915,CD8+ T
GAGTTACTCGCTATAA-14-s4d8,GARQ,D11,0,40,40,9,0.07153177,CD8+ T
TAAGTAGCATCATGGC-14-s4d8,GARQ,D11,0,40,40,4,0.32557905,CD4+ T naive
TTTAGGATCTGTAAGC-14-s4d8,GARQ,D11,0,40,40,4,0.35335815,CD8+ T
GGACAGCCATCCCTCA-14-s4d8,GARQ,D11,0,40,40,14,0.14359021,CD8+ T
GCCTATTGTGTAATAC-14-s4d8,GARQ,D11,0,40,40,4,0.48973852,CD8+ T
GGTGCTGGTAGCTAGC-14-s4d8,GARQ,D11,0,40,40,22,0.050201684,Transitional B
GGATGAATCATGAGCT-14-s4d8,GARQ,D11,0,40,40,2,0.047254324,CD8+ T
TGGAACAAGTACCGCA-14-s4d8,GARQ,D11,0,40,40,36,0.06438637,CD14+ Mono
AAGCGGGTCTCACAAA-14-s4d8,GARQ,D11,0,40,40,4,0.082565784,CD8+ T
ACGTTGTAGATAAAGC-14-s4d8,GARQ,D11,0,40,40,4,0.079444766,CD8+ T
TACTGGCCATAAACCT-14-s4d8,GARQ,D11,0,40,40,4,0.1852889,CD8+ T
GTTCCCAGTCTTACTA-14-s4d8,GARQ,D11,0,40,40,5,0.15477422,Naive CD20+ B
ATGGCTTAGCGAGGTG-14-s4d8,GARQ,D11,0,40,40,11,0.07813561,Proerythroblast
CTTGCATGTTCCGGGA-14-s4d8,GARQ,D11,0,40,40,10,0.13647795,cDC2
CAATATGTCAAACCTA-14-s4d8,GARQ,D11,0,40,40,4,0.39267147,CD8+ T
AATTGCCAGGCTTAGT-14-s4d8,GARQ,D11,0,40,40,38,0.01922834,CD8+ T
CAAGACAAGTCATGCG-14-s4d8,GARQ,D11,0,40,40,11,0.02660644,Proerythroblast
TCAGTAATCCTGGCTT-14-s4d8,GARQ,D11,0,40,40,0,0.07409382,CD8+ T
CGATATTCACCTATAG-14-s4d8,GARQ,D11,0,40,40,38,0.04924941,CD8+ T
GTAATAGCATCCCTCA-14-s4d8,GARQ,D11,0,40,40,7,0.09407878,Naive CD20+ B
TCACCTGGTTGGTTAG-14-s4d8,GARQ,D11,0,40,40,9,0.10727668,CD8+ T
CAAACAACAATGAAGC-14-s4d8,GARQ,D11,0,40,40,5,0.1384331,Lymph prog
GATTACTCAGCACCAT-14-s4d8,GARQ,D11,0,40,40,15,0.0078930855,CD4+ T activated
GGCGATACACAAGCCT-14-s4d8,GARQ,D11,0,40,40,36,0.07857633,CD14+ Mono
GATAATCGTTGTAACG-14-s4d8,GARQ,D11,0,40,40,0,0.08215332,CD8+ T
TTGTGAGGTACCGTTT-14-s4d8,GARQ,D11,0,40,40,10,0.08354497,CD14+ Mono
TTTCAGTTCTCCTCTT-14-s4d8,GARQ,D11,0,40,40,22,0.23816502,Naive CD20+ B
CATCGCTTCAATGAGG-14-s4d8,GARQ,D11,0,40,40,14,0.09145945,CD8+ T
CCATTGTGTTATCGAG-14-s4d8,GARQ,D11,0,40,40,4,0.052536726,CD8+ T
CTTACCGGTAGTAAGA-14-s4d8,GARQ,D11,0,40,40,36,0.08023548,CD14+ Mono
CGTAGTTAGGTCCACA-14-s4d8,GARQ,D11,0,40,40,38,0.18070483,CD4+ T activated
AGTTGCAGTGCATTAG-14-s4d8,GARQ,D11,0,40,40,22,0.03268218,MK/E prog
CGCCACACACCTCACC-14-s4d8,GARQ,D11,0,40,40,4,0.12861049,CD8+ T
CATAGACTCCTCCATA-14-s4d8,GARQ,D11,0,40,40,4,0.10474038,CD8+ T
AATCAGGAGCCTGACA-14-s4d8,GARQ,D11,0,40,40,10,0.024520338,pDC
TCGATTAAGCATGACT-14-s4d8,GARQ,D11,0,40,40,4,0.14198828,CD8+ T
AAAGGACGTGATCATG-14-s4d8,GARQ,D11,0,40,40,38,0.01979053,CD8+ T
CTATGTTTCGCCTAAG-14-s4d8,GARQ,D11,0,40,40,0,0.082277775,CD8+ T
GGTTGCATCCCGCATT-14-s4d8,GARQ,D11,0,40,40,5,0.038049698,Naive CD20+ B
TTCGTTAGTTGAAGCC-14-s4d8,GARQ,D11,0,40,40,4,0.011737406,CD8+ T
GGTCTTTGTACAAAGA-14-s4d8,GARQ,D11,0,40,40,4,0.38219392,CD8+ T
CCTTCGTAGCTATGAC-14-s4d8,GARQ,D11,0,40,40,11,0.1455741,Erythroblast
TTAGCTGCATGATTGT-14-s4d8,GARQ,D11,0,40,40,4,0.10622215,CD4+ T activated
AAGCCTTAGTGATTCA-14-s4d8,GARQ,D11,0,40,40,11,0.19854778,Erythroblast
AGGCTAGCACATACTG-14-s4d8,GARQ,D11,0,40,40,0,0.107433975,NK
GGTTGGTGTGCTCCGT-14-s4d8,GARQ,D11,0,40,40,4,0.08274615,CD8+ T
GTCATTAAGGGCCACT-14-s4d8,GARQ,D11,0,40,40,24,0.12649882,B1 B
CGATATTCACCACAAC-14-s4d8,GARQ,D11,0,40,40,11,0.1698227,Erythroblast
CCATTATTCCTTGAGG-14-s4d8,GARQ,D11,0,40,40,37,0.01445061,CD8+ T
TAGTTTGAGCTATTGA-14-s4d8,GARQ,D11,0,40,40,4,0.2174083,CD8+ T
GTAGGTGCATAAGGAC-14-s4d8,GARQ,D11,0,40,40,0,0.17188066,CD4+ T activated
AAAGGACGTTAATGCG-14-s4d8,GARQ,D11,0,40,40,10,0.09202695,CD14+ Mono
GGCTTCAAGGAATAAC-14-s4d8,GARQ,D11,0,40,40,38,0.013763368,CD8+ T
ATATGTCCACCATATG-14-s4d8,GARQ,D11,0,40,40,38,0.10152364,CD8+ T
AAGTTAGCAATTAACC-14-s4d8,GARQ,D11,0,40,40,4,0.020035982,CD8+ T
ACTATGTCAATTGAAG-14-s4d8,GARQ,D11,0,40,40,39,0.17147443,CD8+ T
AGCTACTAGCGATAGA-14-s4d8,GARQ,D11,0,40,40,0,0.020079434,CD8+ T
CAGGCTGGTTTGCGAA-14-s4d8,GARQ,D11,0,40,40,21,0.051190376,CD8+ T
CAGGTTTAGGGCTTTG-14-s4d8,GARQ,D11,0,40,40,9,0.02393061,CD8+ T
CGCAATTAGTCTCACC-14-s4d8,GARQ,D11,0,40,40,14,0.03179151,CD8+ T
AGAACCAAGTGAACGA-14-s4d8,GARQ,D11,0,40,40,5,0.0718537,B1 B
ATCCTGACAGCCTGCA-14-s4d8,GARQ,D11,0,40,40,11,0.025367022,Erythroblast
CTTCGCGTCAAGTGAG-14-s4d8,GARQ,D11,0,40,40,11,0.15016592,Proerythroblast
TCCACAACATTGTCAG-14-s4d8,GARQ,D11,0,40,40,22,0.018538713,B1 B
CGATTCCTCCAGGAAA-14-s4d8,GARQ,D11,0,40,40,2,0.057147384,CD4+ T naive
CACAGGCTCCCTCAGT-14-s4d8,GARQ,D11,0,40,40,12,0.022460938,Proerythroblast
ACGTCCAAGTGCTGTG-14-s4d8,GARQ,D11,0,40,40,0,0.07685119,CD8+ T
CAGCTATAGTCATTGA-14-s4d8,GARQ,D11,0,40,40,22,0.023216784,B1 B
GGCCAACTCAAACCTA-14-s4d8,GARQ,D11,0,40,40,4,0.020998895,CD4+ T naive
CTACAACAGGAGCATA-14-s4d8,GARQ,D11,0,40,40,4,0.24813443,CD8+ T
AAGACAAGTGAGACTC-14-s4d8,GARQ,D11,0,40,40,10,0.0250988,B1 B
GGTGAGCCATGACTAT-14-s4d8,GARQ,D11,0,40,40,5,0.17031902,Naive CD20+ B
AGGTCAAAGTTAGTTG-14-s4d8,GARQ,D11,0,40,40,5,0.08860195,Naive CD20+ B
GCTAAGAAGTTATGTG-14-s4d8,GARQ,D11,0,40,40,14,0.03044033,NK
TCGGTTTGTTACAAAC-14-s4d8,GARQ,D11,0,40,40,33,0.15433753,CD4+ T activated
GGCAAATCATTAGCGC-14-s4d8,GARQ,D11,0,40,40,22,0.14716625,Naive CD20+ B
CTATGTTTCCGCAAGC-14-s4d8,GARQ,D11,0,40,40,0,0.13439012,CD8+ T
CTTCAAGCATCATGTG-14-s4d8,GARQ,D11,0,40,40,7,0.13540101,Lymph prog
AGGCTAAAGGGTTAGA-14-s4d8,GARQ,D11,0,40,40,38,0.029998899,CD4+ T activated
TGCATTAAGTATTGTG-14-s4d8,GARQ,D11,0,40,40,4,0.35611856,CD8+ T
TAACCTAAGCGGATTT-14-s4d8,GARQ,D11,0,40,40,0,0.10246968,CD8+ T
GCTAATATCCTCACTA-14-s4d8,GARQ,D11,0,40,40,19,0.0534679,NK
TCATCCATCAATTACG-14-s4d8,GARQ,D11,0,40,40,38,0.0937016,NK
TACGCTTGTGTTGCAA-14-s4d8,GARQ,D11,0,40,40,7,0.3928456,Naive CD20+ B
ACTTATCTCGAAGCGG-14-s4d8,GARQ,D11,0,40,40,22,0.07871401,Transitional B
GCTGAGGAGGCGCTAC-14-s4d8,GARQ,D11,0,40,40,1,0.04209149,CD8+ T
TGGACGGAGTGATTCA-14-s4d8,GARQ,D11,0,40,40,4,0.25904,CD8+ T
TACTTCGTCCTCCATA-14-s4d8,GARQ,D11,0,40,40,4,0.12079865,CD8+ T
CAAACCGTCTAACCAA-14-s4d8,GARQ,D11,0,40,40,10,0.037604094,CD14+ Mono
AGGCAATCAAGATTCT-14-s4d8,GARQ,D11,0,40,40,0,0.16104412,NK
TCAGGTCCACATTGCA-14-s4d8,GARQ,D11,0,40,40,21,0.04841578,CD8+ T
AAGGATCCAGTACCGT-14-s4d8,GARQ,D11,0,40,40,36,0.038197756,pDC
CTGTGTGAGACACTTA-14-s4d8,GARQ,D11,0,40,40,5,0.14915788,Naive CD20+ B
AAAGCAAGTGTTGCTT-14-s4d8,GARQ,D11,0,40,40,17,0.024450094,MK/E prog
AAGACAAGTGGGAACA-14-s4d8,GARQ,D11,0,40,40,9,0.01770389,CD8+ T
ATGGCTGTCAATACGC-14-s4d8,GARQ,D11,0,40,40,5,0.050400376,Lymph prog
GAACCAAAGCAGCTCA-14-s4d8,GARQ,D11,0,40,40,2,0.27092463,CD8+ T
ATCCACCTCCATAAGC-14-s4d8,GARQ,D11,0,40,40,11,0.0477736,Erythroblast
ACCGGCTAGACCATAC-14-s4d8,GARQ,D11,0,40,40,11,0.17049444,Erythroblast
GATTGCGTCCGCCTAT-14-s4d8,GARQ,D11,0,40,40,0,0.04211712,CD8+ T
TTGCTCTCAGCAACCT-14-s4d8,GARQ,D11,0,40,40,5,0.08261943,Naive CD20+ B
TCAAGTATCAGGATGA-14-s4d8,GARQ,D11,0,40,40,1,0.036755264,CD8+ T
TTGATGTCATGCTTAG-14-s4d8,GARQ,D11,0,40,40,4,0.49344158,CD8+ T
AGCAGGTAGGCTTAGT-14-s4d8,GARQ,D11,0,40,40,22,0.016046703,Transitional B
GGCCTAATCCGCCTAT-14-s4d8,GARQ,D11,0,40,40,38,0.14069837,CD8+ T
ACTATGTCAGGCATCT-14-s4d8,GARQ,D11,0,40,40,4,0.09657973,CD4+ T activated
CTCCAACTCCAATAGC-14-s4d8,GARQ,D11,0,40,40,4,0.12021828,CD8+ T
TATGGATGTATTCGTC-14-s4d8,GARQ,D11,0,40,40,0,0.10610294,CD4+ T activated
TCCATCATCATTAGCA-14-s4d8,GARQ,D11,0,40,40,3,0.007770121,CD8+ T
CGAAGCGAGGTCCGTA-14-s4d8,GARQ,D11,0,40,40,4,0.05671388,CD8+ T
CACTTAAAGCACAGGG-14-s4d8,GARQ,D11,0,40,40,5,0.1565252,Transitional B
ATAAGTCGTTCGCGCT-14-s4d8,GARQ,D11,0,40,40,27,0.031503975,HSC
CGTTTCTCAATATACC-14-s4d8,GARQ,D11,0,40,40,4,0.06503379,CD4+ T activated
AAGTTAGCAAAGCTAA-14-s4d8,GARQ,D11,0,40,40,0,0.19510484,CD8+ T
ACCTAAATCTACTAAG-14-s4d8,GARQ,D11,0,40,40,38,0.0944711,CD8+ T
CGCTACTTCGGTAACT-14-s4d8,GARQ,D11,0,40,40,38,0.044225216,CD8+ T
TCCTCACAGCTGCACA-14-s4d8,GARQ,D11,0,40,40,22,0.06188488,B1 B
CTCACTCAGAATCGCT-14-s4d8,GARQ,D11,0,40,40,11,0.084539294,Proerythroblast
AACCCGCAGTGAACCT-14-s4d8,GARQ,D11,0,40,40,4,0.18981296,CD8+ T
GCACGGTTCGTTATCT-14-s4d8,GARQ,D11,0,40,40,4,0.122960865,CD4+ T activated
GTACACCCATCCATCT-14-s4d8,GARQ,D11,0,40,40,1,0.09044981,CD8+ T
CCAGCTAAGTCATTTC-14-s4d8,GARQ,D11,0,40,40,0,0.026746154,CD8+ T
CCCAGTTTCCTAGTAA-14-s4d8,GARQ,D11,0,40,40,5,0.16057515,Naive CD20+ B
ATTGCTCGTCATAGAT-14-s4d8,GARQ,D11,0,40,40,12,0.15916896,Proerythroblast
GGGCATTGTTTGCGAA-14-s4d8,GARQ,D11,0,40,40,15,0.032502294,CD8+ T
CATAGGTTCTGGCAAT-14-s4d8,GARQ,D11,0,40,40,39,0.03921485,Proerythroblast
TCAAGGAAGGAGGACT-14-s4d8,GARQ,D11,0,40,40,22,0.27511197,Transitional B
AGGAACCAGGAGCATA-14-s4d8,GARQ,D11,0,40,40,23,0.026061505,Naive CD20+ B
ATCCAACAGGAACGCG-14-s4d8,GARQ,D11,0,40,40,8,0.011167079,MK/E prog
CCATTGTGTTGGCGTG-14-s4d8,GARQ,D11,0,40,40,5,0.20745,HSC
CTCGACAAGCCGGTAC-14-s4d8,GARQ,D11,0,40,40,12,0.14535403,Proerythroblast
TGAGGTGCATAGACTT-14-s4d8,GARQ,D11,0,40,40,22,0.061401248,Lymph prog
GGTTTAATCATTATGG-14-s4d8,GARQ,D11,0,40,40,22,0.3111974,Naive CD20+ B
CCAACCAAGGAGGACT-14-s4d8,GARQ,D11,0,40,40,10,0.008646011,CD14+ Mono
GATGCAGCAGGCGATA-14-s4d8,GARQ,D11,0,40,40,4,0.083126485,CD8+ T
GAAAGGCTCAAACACC-14-s4d8,GARQ,D11,0,40,40,11,0.026681542,Proerythroblast
ATAGGTACAGGACACA-14-s4d8,GARQ,D11,0,40,40,2,0.1257627,CD8+ T
GTCTAATCAAGATTCT-14-s4d8,GARQ,D11,0,40,40,38,0.010070741,CD8+ T
CCTAAGTAGGAATAAC-14-s4d8,GARQ,D11,0,40,40,5,0.24159056,Lymph prog
TCCTAGTGTTGTCCAT-14-s4d8,GARQ,D11,0,40,40,30,0.049547374,CD8+ T
CAGCTCAAGGGATGAC-14-s4d8,GARQ,D11,0,40,40,7,0.033945143,Lymph prog
AGTATAGCATACTCCT-14-s4d8,GARQ,D11,0,40,40,11,0.19389984,Proerythroblast
TCCAGCAAGCACTTGG-14-s4d8,GARQ,D11,0,40,40,12,0.049497962,Normoblast
TATTGACCACTGGCCA-14-s4d8,GARQ,D11,0,40,40,30,0.018188477,CD8+ T
GGCCGTTAGCGGATAA-14-s4d8,GARQ,D11,0,40,40,5,0.2655537,Lymph prog
TGCTAGCCAGCTTAAT-14-s4d8,GARQ,D11,0,40,40,5,0.054154456,B1 B
CGCATTTGTTGTTCAC-14-s4d8,GARQ,D11,0,40,40,4,0.058914065,CD8+ T
ATCAAGACAATAATCC-14-s4d8,GARQ,D11,0,40,40,11,0.20410037,Proerythroblast
GGCCTCTGTGTTGTGA-14-s4d8,GARQ,D11,0,40,40,30,0.0005326271,CD8+ T
GATCACTAGGTAAGCA-14-s4d8,GARQ,D11,0,40,40,14,0.03669679,CD8+ T
TTGGCGGGTTTATCTG-14-s4d8,GARQ,D11,0,40,40,38,0.003109932,CD4+ T activated
ATCCGTGAGGATAAAC-14-s4d8,GARQ,D11,0,40,40,11,0.10456765,Normoblast
CTTTATGGTAGCTGGT-14-s4d8,GARQ,D11,0,40,40,4,0.020550907,CD8+ T
AATCTTGAGGAGTAAT-14-s4d8,GARQ,D11,0,40,40,5,0.07724881,Naive CD20+ B
GCCACTAAGCGGATTT-14-s4d8,GARQ,D11,0,40,40,0,0.14116442,CD8+ T
GTACACCCAACCTGGT-14-s4d8,GARQ,D11,0,40,40,14,0.08094537,CD8+ T
GGACTAAAGTCTCACC-14-s4d8,GARQ,D11,0,40,40,27,0.026313663,CD4+ T naive
CCAGCTAAGTTTGCGG-14-s4d8,GARQ,D11,0,40,40,9,0.029673934,NK
TCCAGGATCGTAACGT-14-s4d8,GARQ,D11,0,40,40,11,0.047846675,Proerythroblast
GTTCTCATCCATTACT-14-s4d8,GARQ,D11,0,40,40,27,0.004148513,CD4+ T naive
GCATTGCCACTGGCCA-14-s4d8,GARQ,D11,0,40,40,9,0.032703042,CD4+ T naive
TGCTAACAGTGAGGTA-14-s4d8,GARQ,D11,0,40,40,0,0.15505958,CD8+ T
CCCGTAAAGGTCCTAG-14-s4d8,GARQ,D11,0,40,40,11,0.16296661,Erythroblast
GAGAACCAGGATTTGC-14-s4d8,GARQ,D11,0,40,40,14,0.25425482,CD8+ T
ACCTCACTCGCAAACT-14-s4d8,GARQ,D11,0,40,40,10,0.056111455,CD14+ Mono
GAGGCTTGTTCCTGTG-14-s4d8,GARQ,D11,0,40,40,4,0.19146466,NK
GATGCGACACCAGCAT-14-s4d8,GARQ,D11,0,40,40,4,0.05873227,CD8+ T
CCCATAACATCGCTCC-14-s4d8,GARQ,D11,0,40,40,14,0.08234948,CD4+ T activated
ACTTGCACATCTTGAG-14-s4d8,GARQ,D11,0,40,40,4,0.5193701,CD8+ T
GCGCCTTGTCATGAGC-14-s4d8,GARQ,D11,0,40,40,0,0.17256045,CD4+ T activated
TTAGGCTAGGACTAAG-14-s4d8,GARQ,D11,0,40,40,8,0.00030446053,Proerythroblast
AACTAGCTCGGTTAGT-14-s4d8,GARQ,D11,0,40,40,4,0.085617006,CD8+ T
AGCTACTAGCCGCAGT-14-s4d8,GARQ,D11,0,40,40,11,0.15442312,Erythroblast
GACTTGGTCCTGAATA-14-s4d8,GARQ,D11,0,40,40,4,0.04018241,CD8+ T
GCCTACTTCTTGTCCA-14-s4d8,GARQ,D11,0,40,40,4,0.07595503,CD8+ T
AGAAACCCAACCTGGT-14-s4d8,GARQ,D11,0,40,40,36,0.10984874,CD14+ Mono
TCTTTGTAGGCTAGAA-14-s4d8,GARQ,D11,0,40,40,7,0.1637891,Naive CD20+ B
GGGTCACTCCTCAGTC-14-s4d8,GARQ,D11,0,40,40,5,0.113597274,Naive CD20+ B
GTTGTGAGTGTCCAAA-14-s4d8,GARQ,D11,0,40,40,5,0.05821073,Naive CD20+ B
AAAGCGGGTCAATAGT-14-s4d8,GARQ,D11,0,40,40,14,0.050453126,CD8+ T
ATCGGCCAGCGGATTT-14-s4d8,GARQ,D11,0,40,40,4,0.03318739,CD8+ T
TAAGCCAGTACCGAAC-14-s4d8,GARQ,D11,0,40,40,7,0.028530717,Transitional B
GTCTTTGTCTTTGACT-14-s4d8,GARQ,D11,0,40,40,4,0.09301925,CD8+ T
CAACCCGCAATTGAAG-14-s4d8,GARQ,D11,0,40,40,14,0.005092621,CD8+ T
TTGGGTTAGGTTTGAC-14-s4d8,GARQ,D11,0,40,40,4,0.046978593,CD8+ T
CTAGTAATCTGCAACG-14-s4d8,GARQ,D11,0,40,40,0,0.10950589,CD4+ T activated
CGGTTATAGCGCCTTT-14-s4d8,GARQ,D11,0,40,40,36,0.08303106,CD14+ Mono
CTTTAGGCAATATGGA-14-s4d8,GARQ,D11,0,40,40,11,0.12274307,Proerythroblast
TTGCAGCCACACAATT-14-s4d8,GARQ,D11,0,40,40,22,0.118884206,Transitional B
CATATCGCACAGCCTG-14-s4d8,GARQ,D11,0,40,40,4,0.15457243,CD8+ T
GTTCGCTTCCTTAGTT-14-s4d8,GARQ,D11,0,40,40,22,0.06707692,Naive CD20+ B
AACGACAAGTATCGCG-14-s4d8,GARQ,D11,0,40,40,22,0.095819235,Naive CD20+ B
ACCCGCTGTTTGGGTA-14-s4d8,GARQ,D11,0,40,40,0,0.17649722,CD8+ T
AGAAGGTGTAATGGAA-14-s4d8,GARQ,D11,0,40,40,14,0.031814218,CD8+ T
GTGGTTAGTTAACGGC-14-s4d8,GARQ,D11,0,40,40,22,0.08457202,B1 B
TTGCAATCACCTACTT-14-s4d8,GARQ,D11,0,40,40,7,0.23944986,Transitional B
AATTGGGAGTTAGCTA-14-s4d8,GARQ,D11,0,40,40,25,0.062297463,CD14+ Mono
AGAGGATGTCGTAATG-14-s4d8,GARQ,D11,0,40,40,5,0.20324051,Lymph prog
CAATGAACAAGGGTTG-14-s4d8,GARQ,D11,0,40,40,2,0.033704102,CD4+ T naive
GGTACAAAGCTTCTCA-14-s4d8,GARQ,D11,0,40,40,10,0.047471046,CD14+ Mono
TCCCGGACAGCCAGAA-14-s4d8,GARQ,D11,0,40,40,22,0.18393636,Transitional B
CCTATATTCATCAGTA-14-s4d8,GARQ,D11,0,40,40,7,0.4229493,Lymph prog
CAATGCCCAGCCGCTA-14-s4d8,GARQ,D11,0,40,40,7,0.050932586,Naive CD20+ B
CCTCAAACACTTAGGC-14-s4d8,GARQ,D11,0,40,40,4,0.2585445,NK
TAGCTAGGTAGCAGCT-14-s4d8,GARQ,D11,0,40,40,5,0.20899272,HSC
TATTCGTTCCGCCTAT-14-s4d8,GARQ,D11,0,40,40,21,0.038217604,NK
CTCAATAAGGTTACGT-14-s4d8,GARQ,D11,0,40,40,5,0.14141232,B1 B
GGCCTCTGTAGCTAGC-14-s4d8,GARQ,D11,0,40,40,22,0.091768384,Naive CD20+ B
CTGACATAGTTCCCGT-14-s4d8,GARQ,D11,0,40,40,14,0.042151093,CD4+ T activated
AGTAACCTCGATTTGA-14-s4d8,GARQ,D11,0,40,40,14,0.036783814,CD8+ T
CGATTCCTCTAAGGTC-14-s4d8,GARQ,D11,0,40,40,22,0.19470191,Naive CD20+ B
GGTTATATCCTGATTT-14-s4d8,GARQ,D11,0,40,40,14,0.06974596,NK
GTACAATGTATGTGGC-14-s4d8,GARQ,D11,0,40,40,36,0.08490154,HSC
CTGGTCAAGGCAGGTG-14-s4d8,GARQ,D11,0,40,40,0,0.092507124,CD8+ T
CAGGAAGGTGGATTAT-14-s4d8,GARQ,D11,0,40,40,12,0.015484929,Erythroblast
AAAGGTTAGGCCCAGT-14-s4d8,GARQ,D11,0,40,40,10,0.11079252,CD14+ Mono
AGCTATATCGTTATAG-14-s4d8,GARQ,D11,0,40,40,9,0.09332287,CD4+ T activated
ATCCAACAGGTTTGAC-14-s4d8,GARQ,D11,0,40,40,0,0.20617145,CD8+ T
AGGTTAACAAATGCCC-14-s4d8,GARQ,D11,0,40,40,14,0.020629764,CD8+ T
TTCCTTGAGTGACCTG-14-s4d8,GARQ,D11,0,40,40,0,0.10978258,CD8+ T
TCCAGGTCAGGCTTCG-14-s4d8,GARQ,D11,0,40,40,15,0.05736339,Normoblast
CATAATCCAATGCCTA-14-s4d8,GARQ,D11,0,40,40,5,0.0903523,B1 B
TAGGAGTCAGGACCAA-14-s4d8,GARQ,D11,0,40,40,11,0.060160697,Proerythroblast
CTGGTTACATGAAATG-14-s4d8,GARQ,D11,0,40,40,4,0.36870962,CD8+ T
GTACTAGGTTAAGCCA-14-s4d8,GARQ,D11,0,40,40,21,0.0624218,CD8+ T
TTTACGCGTAATGGCC-14-s4d8,GARQ,D11,0,40,40,4,0.041764498,NK
CTGGTCAAGTTGCCTC-14-s4d8,GARQ,D11,0,40,40,4,0.009023666,CD8+ T
TTTACGCGTCATTACC-14-s4d8,GARQ,D11,0,40,40,26,0.07427561,CD8+ T
GACATAGAGGGTGAAC-14-s4d8,GARQ,D11,0,40,40,0,0.18485183,CD8+ T
AGTTTGATCATTAGTG-14-s4d8,GARQ,D11,0,40,40,0,0.17435431,CD4+ T activated
TGGCGGTTCTTGCTAT-14-s4d8,GARQ,D11,0,40,40,5,0.14217585,Lymph prog
TGTCCTTCATAATCGT-14-s4d8,GARQ,D11,0,40,40,6,0.081758976,CD8+ T
TTCTTAGGTTCCTGTG-14-s4d8,GARQ,D11,0,40,40,14,0.020918489,CD8+ T
GACATAGAGCGATAAG-14-s4d8,GARQ,D11,0,40,40,7,0.24134973,Transitional B
CGGTTTGAGGTAGCTT-14-s4d8,GARQ,D11,0,40,40,38,0.10074055,CD8+ T
GACGCAACAATTGAGA-14-s4d8,GARQ,D11,0,40,40,22,0.15609372,Naive CD20+ B
CGAAGTAAGTATTGGC-14-s4d8,GARQ,D11,0,40,40,5,0.33321315,Naive CD20+ B
GCCTATTGTTGCAATG-14-s4d8,GARQ,D11,0,40,40,7,0.09671152,Transitional B
CAGATTCAGATGGACA-14-s4d8,GARQ,D11,0,40,40,0,0.124058366,CD8+ T
GGTGTCCAGGTAGCTT-14-s4d8,GARQ,D11,0,40,40,38,0.03148085,CD8+ T
CCTATATTCCGCTAGA-14-s4d8,GARQ,D11,0,40,40,11,0.25587678,Proerythroblast
CAAGCTAGTGCATTTC-14-s4d8,GARQ,D11,0,40,40,4,0.11743426,NK
GTCATCACAAAGCTCC-14-s4d8,GARQ,D11,0,40,40,14,0.08203614,CD8+ T
CTTGCTCAGGCGGGTA-14-s4d8,GARQ,D11,0,40,40,0,0.16165173,CD8+ T
TTTGACTTCTTGGACG-14-s4d8,GARQ,D11,0,40,40,5,0.1156016,Naive CD20+ B
TATCGCACAGCTCAAC-14-s4d8,GARQ,D11,0,40,40,22,0.0829646,Naive CD20+ B
TTTAAGGTCAGTGAAG-14-s4d8,GARQ,D11,0,40,40,12,0.027913392,Normoblast
GCCATGATCGGGACTC-14-s4d8,GARQ,D11,0,40,40,33,0.011846542,NK
AGGTCATTCGCTAAAC-14-s4d8,GARQ,D11,0,40,40,38,0.16010082,CD8+ T
GAACCTTAGTCGCTAG-14-s4d8,GARQ,D11,0,40,40,0,0.018280387,CD4+ T activated
TTTGTGAAGTCATCCC-14-s4d8,GARQ,D11,0,40,40,4,0.15772605,CD8+ T
GAACCTGTCATTGACA-14-s4d8,GARQ,D11,0,40,40,11,0.09310889,Proerythroblast
ATGTCATCATTGCGTA-14-s4d8,GARQ,D11,0,40,40,38,0.0859279,CD4+ T activated
CGCATTACAGCCAGTT-14-s4d8,GARQ,D11,0,40,40,11,0.25111154,Proerythroblast
ATTCCGGAGGACAACA-14-s4d8,GARQ,D11,0,40,40,4,0.0703311,CD8+ T
CTATGGCCATCTAGCA-14-s4d8,GARQ,D11,0,40,40,11,0.22899461,Erythroblast
CATAGACTCAGGGCCT-14-s4d8,GARQ,D11,0,40,40,14,0.26463956,CD8+ T
CGTACGGGTCATCCTG-14-s4d8,GARQ,D11,0,40,40,5,0.17189503,Naive CD20+ B
CTCCATCAGACACCGC-14-s4d8,GARQ,D11,0,40,40,4,0.056576908,CD8+ T
AGTATAGCAAGTGAAC-14-s4d8,GARQ,D11,0,40,40,36,0.023131132,cDC2
GCATGAGCAAGCTAAA-14-s4d8,GARQ,D11,0,40,40,38,0.03669548,CD4+ T activated
CTGGTCAAGCTAGAAG-14-s4d8,GARQ,D11,0,40,40,15,0.063033104,CD8+ T
GGTACTAGTATTGTCC-14-s4d8,GARQ,D11,0,40,40,38,0.03762251,CD8+ T
TAGCTTGCACAAAGAC-14-s4d8,GARQ,D11,0,40,40,0,0.32688463,CD8+ T
AATTTCCTCCTTGCGT-14-s4d8,GARQ,D11,0,40,40,1,0.03819394,CD8+ T
TCGCATTGTGCTAGCG-14-s4d8,GARQ,D11,0,40,40,5,0.0672389,HSC
AGGTGAATCCCTCTAA-14-s4d8,GARQ,D11,0,40,40,38,0.0014170408,NK
ACCTGGATCCCAGTAG-14-s4d8,GARQ,D11,0,40,40,22,0.109386325,B1 B
CCACACAAGCTATTGA-14-s4d8,GARQ,D11,0,40,40,5,0.04928738,Naive CD20+ B
GACACCGGTAGGTTAT-14-s4d8,GARQ,D11,0,40,40,5,0.046810627,Naive CD20+ B
CTAGTAATCCATTACT-14-s4d8,GARQ,D11,0,40,40,7,0.117263615,Transitional B
TTTCAGTTCTTAGGGT-14-s4d8,GARQ,D11,0,40,40,0,0.008066893,CD8+ T
GGAACCACACTTGTTC-14-s4d8,GARQ,D11,0,40,40,4,0.009606481,CD8+ T
TTGCGTCTCCTAGTTT-14-s4d8,GARQ,D11,0,40,40,0,0.026018381,CD8+ T
TACAGCTAGGCTAATC-14-s4d8,GARQ,D11,0,40,40,10,0.09168959,G/M prog
CAGTACCCATCCCGCT-14-s4d8,GARQ,D11,0,40,40,14,0.012221575,CD8+ T
AATTGACGTCCGGTTC-14-s4d8,GARQ,D11,0,40,40,0,0.30196965,CD8+ T
CCTGGATCACAACCTA-14-s4d8,GARQ,D11,0,40,40,5,0.14289409,Transitional B
CTGTGTGAGTGTTGCG-14-s4d8,GARQ,D11,0,40,40,22,0.15905702,Transitional B
TGATCACAGGCCAATT-14-s4d8,GARQ,D11,0,40,40,8,0.0057370663,Erythroblast
AGTAACCTCATTAGGC-14-s4d8,GARQ,D11,0,40,40,11,0.056818128,Erythroblast
TCCATTGTCCCTCAAC-14-s4d8,GARQ,D11,0,40,40,0,0.0011119843,CD8+ T
CCACATTGTTTCAGGA-14-s4d8,GARQ,D11,0,40,40,7,0.01381433,Transitional B
CATAATGTCTTAGTCT-14-s4d8,GARQ,D11,0,40,40,22,0.08448821,Naive CD20+ B
TACTAAGTCCTTGAGG-14-s4d8,GARQ,D11,0,40,40,0,0.13304114,CD8+ T
CCTCAATGTTAATGCG-14-s4d8,GARQ,D11,0,40,40,4,0.3610133,CD8+ T
TCTACCTCAGGGAGGA-14-s4d8,GARQ,D11,0,40,40,9,0.06492573,CD8+ T
AATTCGTCAGCATGGA-14-s4d8,GARQ,D11,0,40,40,22,0.1367358,Transitional B
CCAGTTTGTCTTTGAC-14-s4d8,GARQ,D11,0,40,40,4,0.094130516,CD8+ T
TGCTAACAGGACAATG-14-s4d8,GARQ,D11,0,40,40,11,0.13255745,Proerythroblast
TACTAAGTCGTTAACA-14-s4d8,GARQ,D11,0,40,40,0,0.29681897,CD8+ T
AGTTACTCACACAATT-14-s4d8,GARQ,D11,0,40,40,0,0.016007185,CD8+ T
CGATATTCACGAACAG-14-s4d8,GARQ,D11,0,40,40,38,0.0756467,CD8+ T
ACACTTGCAATGAAGC-14-s4d8,GARQ,D11,0,40,40,5,0.118970394,Naive CD20+ B
TTAGAAGCATTCCTCG-14-s4d8,GARQ,D11,0,40,40,38,0.003133595,NK
CCAACCAAGTGAAGTG-14-s4d8,GARQ,D11,0,40,40,4,0.023912191,CD8+ T
GAGGTACAGTAAGAAC-14-s4d8,GARQ,D11,0,40,40,0,0.17830771,CD8+ T
ATTCCTAGTGAATCGC-14-s4d8,GARQ,D11,0,40,40,38,0.035752833,CD8+ T
TTATGACCATGTGGGA-14-s4d8,GARQ,D11,0,40,40,12,0.015763998,Erythroblast
TGTTCATTCACTAGGT-14-s4d8,GARQ,D11,0,40,40,11,0.076417744,Proerythroblast
TTTGGTAAGCCTGTGA-14-s4d8,GARQ,D11,0,40,40,26,0.026569664,CD8+ T
GACTATTCAGTAATAG-14-s4d8,GARQ,D11,0,40,40,0,0.22365111,CD8+ T
TTGACTAAGGGTGAAC-14-s4d8,GARQ,D11,0,40,40,14,0.16069639,CD8+ T
GTGGACACAATTAACC-14-s4d8,GARQ,D11,0,40,40,4,0.008974075,CD8+ T
GCAAACTTCTGGCTTC-14-s4d8,GARQ,D11,0,40,40,12,0.13694572,Proerythroblast
AGCCTGGGTCCTCCAA-14-s4d8,GARQ,D11,0,40,40,2,0.06679499,CD8+ T
CTGCTCCCAATAATCC-14-s4d8,GARQ,D11,0,40,40,0,0.025234342,CD4+ T naive
TTGTGTGCATTGTGTG-14-s4d8,GARQ,D11,0,40,40,4,0.018206239,CD8+ T
TTGCGAGTCTAATCAG-14-s4d8,GARQ,D11,0,40,40,5,0.15413195,Lymph prog
TGCACTTGTATTGTGG-14-s4d8,GARQ,D11,0,40,40,0,0.039875865,CD8+ T
CAAGAACCAGGACCAA-14-s4d8,GARQ,D11,0,40,40,14,0.071315765,CD8+ T
AGTTTGATCGGTTTGG-14-s4d8,GARQ,D11,0,40,40,4,0.058655977,CD4+ T naive
GCATTAGGTTCGGGAT-14-s4d8,GARQ,D11,0,40,40,22,0.010505676,Naive CD20+ B
GGCTCACAGTCTGGGC-14-s4d8,GARQ,D11,0,40,40,11,0.13233024,Proerythroblast
ATGAAGCCAGTAATAG-14-s4d8,GARQ,D11,0,40,40,11,0.09362322,Proerythroblast
CGCTAACCACAGGGAC-14-s4d8,GARQ,D11,0,40,40,33,0.021912098,CD8+ T
TTGGAGGCAGTAAAGC-14-s4d8,GARQ,D11,0,40,40,1,0.085840344,CD8+ T
GCCTGTGCAGCAATAA-14-s4d8,GARQ,D11,0,40,40,11,0.19860613,Proerythroblast
TTTACGCGTAACGAGG-14-s4d8,GARQ,D11,0,40,40,5,0.13249874,MK/E prog
ACCAATATCTTTAAGG-14-s4d8,GARQ,D11,0,40,40,14,0.2243411,CD8+ T
TGACCTTGTTCCTGAT-14-s4d8,GARQ,D11,0,40,40,20,0.18638024,G/M prog
CAAACCGTCTGTAAGC-14-s4d8,GARQ,D11,0,40,40,38,0.16746175,CD8+ T
GTAGGCGAGGCCTGGT-14-s4d8,GARQ,D11,0,40,40,33,0.03921479,CD8+ T
CGCAATCCAGTTAGCC-14-s4d8,GARQ,D11,0,40,40,1,0.01799357,CD4+ T naive
TACCGAAGTTGGATCA-14-s4d8,GARQ,D11,0,40,40,22,0.056088388,Naive CD20+ B
AGCTTAATCAATTACG-14-s4d8,GARQ,D11,0,40,40,0,0.115226686,CD8+ T
TTGCCCGTCAGTTCCC-14-s4d8,GARQ,D11,0,40,40,22,0.050205648,B1 B
TATTACCTCATGACCG-14-s4d8,GARQ,D11,0,40,40,8,0.13741904,Proerythroblast
TGCGGTTCAGTTAAAG-14-s4d8,GARQ,D11,0,40,40,0,0.03206688,CD8+ T
ACGAACAAGTAACCCG-14-s4d8,GARQ,D11,0,40,40,33,0.05346608,CD8+ T
AAACGGATCTAACTGA-14-s4d8,GARQ,D11,0,40,40,0,0.041877568,NK
ACTTGCACAAGGATTA-14-s4d8,GARQ,D11,0,40,40,0,0.109111845,CD4+ T activated
TTAGACTCAATTAACC-14-s4d8,GARQ,D11,0,40,40,11,0.07195461,Proerythroblast
GTATGTTCACAATGCC-14-s4d8,GARQ,D11,0,40,40,8,0.032619298,Proerythroblast
CTCTATGTCCGCAAGC-14-s4d8,GARQ,D11,0,40,40,11,0.116300285,Erythroblast
GCGAAGTAGAGAGCCG-14-s4d8,GARQ,D11,0,40,40,38,0.16362381,CD8+ T
TGATCGAGTGTAACCA-14-s4d8,GARQ,D11,0,40,40,0,0.079435885,CD8+ T
CCAACATAGTTAGTTG-14-s4d8,GARQ,D11,0,40,40,11,0.57219046,Proerythroblast
CCCGCTTCAAGCTAAA-14-s4d8,GARQ,D11,0,40,40,4,0.122594416,NK
AGTCCTGAGGCATGAA-14-s4d8,GARQ,D11,0,40,40,22,0.22319448,Transitional B
TACCGAAGTAGCCATA-14-s4d8,GARQ,D11,0,40,40,10,0.011345148,CD16+ Mono
TAATTGCCAACGTGCT-14-s4d8,GARQ,D11,0,40,40,10,0.005028248,Lymph prog
GATCAGGCAAAGGTAC-14-s4d8,GARQ,D11,0,40,40,5,0.20483452,Naive CD20+ B
GATTGGCGTTAGGCGT-14-s4d8,GARQ,D11,0,40,40,7,0.21394569,Naive CD20+ B
ACTTTGTTCTAGCTTT-14-s4d8,GARQ,D11,0,40,40,5,0.002720058,Naive CD20+ B
ACTGAATGTTTGCTGT-14-s4d8,GARQ,D11,0,40,40,14,0.17965639,CD8+ T
GGATATTGTTTCCTCC-14-s4d8,GARQ,D11,0,40,40,15,0.027529001,NK
TTAGCAATCCTTCAAT-14-s4d8,GARQ,D11,0,40,40,9,0.14802492,NK
CGCCACACAGGCATCT-14-s4d8,GARQ,D11,0,40,40,4,0.17243952,CD8+ T
CTCCTCACAATTTAGC-14-s4d8,GARQ,D11,0,40,40,22,0.02115333,B1 B
TCTATGTTCCCTTGCG-14-s4d8,GARQ,D11,0,40,40,0,0.095563054,CD8+ T
TGGACCGGTTCGCTTG-14-s4d8,GARQ,D11,0,40,40,39,0.00019949675,Proerythroblast
GAAGTAAGTCAATACG-14-s4d8,GARQ,D11,0,40,40,8,0.12318778,Proerythroblast
TAGCCTGAGCCTGATG-14-s4d8,GARQ,D11,0,40,40,10,0.0822072,B1 B
GAACCAGCATTGTTGG-14-s4d8,GARQ,D11,0,40,40,12,0.1596218,Proerythroblast
GCGCTTAAGCCGCAGT-14-s4d8,GARQ,D11,0,40,40,14,0.05094391,CD8+ T
TAAGTGCTCCCTGACT-14-s4d8,GARQ,D11,0,40,40,11,0.08255315,Erythroblast
GGAGCGATCCCGCATT-14-s4d8,GARQ,D11,0,40,40,5,0.02966088,CD4+ T activated
ACGTTGTAGGTGTCCA-14-s4d8,GARQ,D11,0,40,40,11,0.16625202,Proerythroblast
AGCTTTAAGCGATAGA-14-s4d8,GARQ,D11,0,40,40,22,0.007967472,Naive CD20+ B
GGTAAACCAATACTGT-14-s4d8,GARQ,D11,0,40,40,38,0.0709244,CD8+ T
AGTCCTTGTATGTGGC-14-s4d8,GARQ,D11,0,40,40,38,0.002401352,CD8+ T
TATCGAGGTGGCTTCC-14-s4d8,GARQ,D11,0,40,40,38,0.09639394,CD8+ T
GCTTTGTGTAACCTAG-14-s4d8,GARQ,D11,0,40,40,38,0.053099036,CD8+ T
ACGTTACAGGACACTT-14-s4d8,GARQ,D11,0,40,40,11,0.13876772,Proerythroblast
CCCTGTTAGTCACCAG-14-s4d8,GARQ,D11,0,40,40,11,0.16264832,Proerythroblast
GGTAACCGTATTCGCT-14-s4d8,GARQ,D11,0,40,40,5,0.008348227,CD4+ T activated
AAACCGCGTAAGCTTG-14-s4d8,GARQ,D11,0,40,40,30,0.013279438,CD4+ T naive
CGAGCGAAGCTGGACC-14-s4d8,GARQ,D11,0,40,40,22,0.16044414,Naive CD20+ B
TAAGTGCTCCAAACAC-14-s4d8,GARQ,D11,0,40,40,5,0.09064174,Naive CD20+ B
TCGTTAGCATGACTAT-14-s4d8,GARQ,D11,0,40,40,8,0.2638703,Proerythroblast
CATTATCTCAGGCCTA-14-s4d8,GARQ,D11,0,40,40,4,0.095323384,NK
CTCCTCACATCCCTCA-14-s4d8,GARQ,D11,0,40,40,33,0.0041338205,CD8+ T
ACTTGTCGTGATTACG-14-s4d8,GARQ,D11,0,40,40,36,0.01273036,HSC
CCCAATTGTTTAGCTC-14-s4d8,GARQ,D11,0,40,40,4,0.24940443,CD8+ T
ACCAAGTTCGGTAACT-14-s4d8,GARQ,D11,0,40,40,2,0.02152884,CD8+ T
ATAAGCCTCACAAGCT-14-s4d8,GARQ,D11,0,40,40,22,0.04672575,Naive CD20+ B
ATGGCTTAGCCTGTTC-14-s4d8,GARQ,D11,0,40,40,11,0.09139991,Erythroblast
GTTAAGTGTATTTGGG-14-s4d8,GARQ,D11,0,40,40,4,0.13251704,CD8+ T
CTGTACCTCCAGGGAG-14-s4d8,GARQ,D11,0,40,40,5,0.10967684,Transitional B
CATCATAAGGCGGATG-14-s4d8,GARQ,D11,0,40,40,22,0.0569219,B1 B
ATGGCTAGTTGCGGAT-14-s4d8,GARQ,D11,0,40,40,2,0.01837033,CD8+ T
GCACGCTAGTAGGCGG-14-s4d8,GARQ,D11,0,40,40,10,0.058090568,CD4+ T activated
GCCTCGACAATAACCT-14-s4d8,GARQ,D11,0,40,40,4,0.19126189,CD8+ T
CCGTGCTGTGCTGGTG-14-s4d8,GARQ,D11,0,40,40,11,0.029895365,Erythroblast
CATCCCAGTAGTTGGC-14-s4d8,GARQ,D11,0,40,40,12,0.06777078,Proerythroblast
GGCAAGCCACACAATT-14-s4d8,GARQ,D11,0,40,40,11,0.1754092,Erythroblast
CTATTCAGTAATCCCT-14-s4d8,GARQ,D11,0,40,40,0,0.08157557,CD8+ T
TACCTGCTCGGTTTGG-14-s4d8,GARQ,D11,0,40,40,21,0.0076254606,CD8+ T
CCGGTAGGTGTCCAGG-14-s4d8,GARQ,D11,0,40,40,2,0.045023203,CD8+ T
CTTCACTCAGTAGGTG-14-s4d8,GARQ,D11,0,40,40,4,0.21043986,CD8+ T
GCAGCCAGTTGGTTGA-14-s4d8,GARQ,D11,0,40,40,14,0.13947198,CD4+ T activated
ACAGCCGGTCGACTAA-14-s4d8,GARQ,D11,0,40,40,14,0.12998962,CD8+ T
CCGTTAACAATTGACT-14-s4d8,GARQ,D11,0,40,40,14,0.061587095,CD8+ T
TTTACGAAGCTCCTAC-14-s4d8,GARQ,D11,0,40,40,22,0.12828088,Transitional B
TCTAGCCTCATTGCGG-14-s4d8,GARQ,D11,0,40,40,22,0.11050099,Transitional B
TTGATGTCACCAAAGG-14-s4d8,GARQ,D11,0,40,40,2,0.0024546385,CD4+ T activated
TTGGCTGAGCTTAACA-14-s4d8,GARQ,D11,0,40,40,9,0.013572693,CD8+ T
ACGCACGGTAAGCTCA-14-s4d8,GARQ,D11,0,40,40,0,0.19146752,CD8+ T
AGCTACGTCCTTAAGA-14-s4d8,GARQ,D11,0,40,40,32,0.0005425811,NK
TGCATTAAGTTGCGTG-14-s4d8,GARQ,D11,0,40,40,10,0.030014098,B1 B
TGTCCTGGTTATGTGG-14-s4d8,GARQ,D11,0,40,40,10,0.025440216,CD14+ Mono
AGCACTTAGGGTTAGA-14-s4d8,GARQ,D11,0,40,40,22,0.093494564,HSC
TTGGGCGGTTTCGCCA-14-s4d8,GARQ,D11,0,40,40,11,0.0717572,Proerythroblast
TTCCCACAGGAGTCGG-14-s4d8,GARQ,D11,0,40,40,38,0.17010438,CD8+ T
CTTCAAGCAATGCGCT-14-s4d8,GARQ,D11,0,40,40,4,0.027653277,CD8+ T
TGTGGCGGTGGGTGAA-14-s4d8,GARQ,D11,0,40,40,7,0.20512646,Transitional B
GGAGTGAGTGTGTCCC-14-s4d8,GARQ,D11,0,40,40,1,0.026740313,CD8+ T
AATTCGTCAAGGTATA-14-s4d8,GARQ,D11,0,40,40,4,0.08468282,CD8+ T
TTACAGCAGCCTTAAA-14-s4d8,GARQ,D11,0,40,40,10,0.012561202,CD14+ Mono
TTGCACACAGGAATCG-14-s4d8,GARQ,D11,0,40,40,22,0.16951132,Naive CD20+ B
AGAGATTAGGTGCTGC-14-s4d8,GARQ,D11,0,40,40,36,0.025721788,CD14+ Mono
CCTTTAGTCATCAGTA-14-s4d8,GARQ,D11,0,40,40,24,0.056792796,CD8+ T
CGTTTCTCATCCGTAA-14-s4d8,GARQ,D11,0,40,40,4,0.0028598309,CD8+ T
GCAAGTGCAGCAACCT-14-s4d8,GARQ,D11,0,40,40,8,0.01647532,Proerythroblast
GTACTGGTCCGCTAGA-14-s4d8,GARQ,D11,0,40,40,11,0.06362492,Proerythroblast
CAAATCATCAGCCAAT-14-s4d8,GARQ,D11,0,40,40,9,0.053626716,CD4+ T naive
TGCTAACAGGGTCTAT-14-s4d8,GARQ,D11,0,40,40,16,0.1378451,CD8+ T
AACCTTGCATCATGTG-14-s4d8,GARQ,D11,0,40,40,1,0.003771484,CD8+ T
ATGGCTTAGCCTGACA-14-s4d8,GARQ,D11,0,40,40,7,0.18175173,B1 B
CGCAATAGTTAGGATT-14-s4d8,GARQ,D11,0,40,40,38,0.07955736,CD8+ T
GAGGGAGCAGTCTATG-14-s4d8,GARQ,D11,0,40,40,7,0.249372,Transitional B
TTGTGCGAGGTTACAC-14-s4d8,GARQ,D11,0,40,40,22,0.046793103,Naive CD20+ B
GTCCAAGTCCAAGTTA-14-s4d8,GARQ,D11,0,40,40,5,0.037178576,Naive CD20+ B
CCAAGTTAGGACAACA-14-s4d8,GARQ,D11,0,40,40,14,0.04758799,CD8+ T
AGCACTAGTTGAATCG-14-s4d8,GARQ,D11,0,40,40,27,0.050807178,CD8+ T
GGTGTCCAGCTCCTAC-14-s4d8,GARQ,D11,0,40,40,1,0.116145015,CD8+ T
AGTTATGTCAGGTTTA-14-s4d8,GARQ,D11,0,40,40,1,0.04212928,CD8+ T
CGCTTAACAAACCTTG-14-s4d8,GARQ,D11,0,40,40,4,0.1452496,CD8+ T
AGGTTTATCTTAGGAC-14-s4d8,GARQ,D11,0,40,40,11,0.099911034,Proerythroblast
TGAACAGAGTAGCGGG-14-s4d8,GARQ,D11,0,40,40,38,0.026045918,CD8+ T
CGGTTTCTCTTAGGAC-14-s4d8,GARQ,D11,0,40,40,12,0.0011956692,Proerythroblast
TCGTTAGCACAAGCCT-14-s4d8,GARQ,D11,0,40,40,22,0.032330334,Transitional B
ACTCACCTCAACAAGG-14-s4d8,GARQ,D11,0,40,40,9,0.0894084,CD8+ T
GGGAATATCTACCTGC-14-s4d8,GARQ,D11,0,40,40,4,0.22623777,CD8+ T
TGTGAAACACCTGCTC-14-s4d8,GARQ,D11,0,40,40,16,0.050183177,CD8+ T
AAAGGAGCATGGTTAT-14-s4d8,GARQ,D11,0,40,40,9,0.02121824,CD4+ T activated
CGCAATAGTCCACAAA-14-s4d8,GARQ,D11,0,40,40,14,0.0756681,CD8+ T
ATATGGTGTATTTGGG-14-s4d8,GARQ,D11,0,40,40,4,0.22220725,CD8+ T
GAACTTATCCGCCAAA-14-s4d8,GARQ,D11,0,40,40,1,0.020078957,CD4+ T naive
TAAGGCTTCAGTTCCC-14-s4d8,GARQ,D11,0,40,40,14,0.16855288,CD8+ T
AATTGTGTCAAACCTA-14-s4d8,GARQ,D11,0,40,40,0,0.013085365,CD8+ T
AGAAACTAGTTAGCTA-14-s4d8,GARQ,D11,0,40,40,7,0.20129496,Lymph prog
GCTAATATCAAGCTTA-14-s4d8,GARQ,D11,0,40,40,22,0.61660707,Naive CD20+ B
ACCTGGTCACCTGCCT-14-s4d8,GARQ,D11,0,40,40,9,0.083055615,CD4+ T activated
GCTGTACCAACTAGAA-14-s4d8,GARQ,D11,0,40,40,5,0.3059337,Naive CD20+ B
AATAACCGTTCAAGAT-14-s4d8,GARQ,D11,0,40,40,10,0.0996145,pDC
TGCTCAACACAGCCTG-14-s4d8,GARQ,D11,0,40,40,9,0.00028705597,CD8+ T
ACCAGCTCAGCACCAT-14-s4d8,GARQ,D11,0,40,40,8,0.020302355,Proerythroblast
GCGAAGTAGGCATGTT-14-s4d8,GARQ,D11,0,40,40,1,0.17899191,CD8+ T
GATTGTTCACACTAAT-14-s4d8,GARQ,D11,0,40,40,2,0.0059387684,CD8+ T
CGGTTTCTCCTTGTTG-14-s4d8,GARQ,D11,0,40,40,12,0.069650054,Erythroblast
GAGGAGGCAATTTAGC-14-s4d8,GARQ,D11,0,40,40,4,0.08011979,CD8+ T
AGCCAGTGTGCTGGTG-14-s4d8,GARQ,D11,0,40,40,39,0.020613492,CD8+ T
CCTGCTCCAGGTTCAC-14-s4d8,GARQ,D11,0,40,40,4,0.27667677,CD8+ T
CAGCTCAAGCTATTAG-14-s4d8,GARQ,D11,0,40,40,4,0.02791971,CD8+ T
TCATCCATCGATATTG-14-s4d8,GARQ,D11,0,40,40,11,0.06186539,Proerythroblast
GTTCACCTCCTAGTTT-14-s4d8,GARQ,D11,0,40,40,4,0.11715114,CD8+ T
GTTACGTAGCCACATG-14-s4d8,GARQ,D11,0,40,40,0,0.012992263,CD8+ T
GTTGTTGCATAAGTTC-14-s4d8,GARQ,D11,0,40,40,4,0.20385814,CD8+ T
GCCTTAGAGTTAGTTG-14-s4d8,GARQ,D11,0,40,40,7,0.31819725,Lymph prog
TTAGCGGTCCCGAAGC-14-s4d8,GARQ,D11,0,40,40,10,0.07391536,CD16+ Mono
AGTCCTGAGGCTAAGA-14-s4d8,GARQ,D11,0,40,40,11,0.0629583,Proerythroblast
GGCCGTTAGACAAGTG-14-s4d8,GARQ,D11,0,40,40,4,0.043216527,CD8+ T
TCGCTAACACAATACT-14-s4d8,GARQ,D11,0,40,40,4,0.04659927,NK
CTTTCTTGTATCTGGA-14-s4d8,GARQ,D11,0,40,40,5,0.030658126,Naive CD20+ B
GCACATTAGATACTTG-14-s4d8,GARQ,D11,0,40,40,7,0.3711927,B1 B
TACCTTTAGGGATGAC-14-s4d8,GARQ,D11,0,40,40,4,0.065712094,CD8+ T
AGCCTGGGTCCTTCAG-14-s4d8,GARQ,D11,0,40,40,14,0.070746124,CD8+ T
GTAAGCAAGCTTATGA-14-s4d8,GARQ,D11,0,40,40,5,0.16609621,Naive CD20+ B
TCCTCTAAGCTGGACC-14-s4d8,GARQ,D11,0,40,40,7,0.32297814,Transitional B
TGTAAGTGTAGCCATA-14-s4d8,GARQ,D11,0,40,40,9,0.018236041,CD8+ T
CCGCACACAGCGCTTG-14-s4d8,GARQ,D11,0,40,40,4,0.16403264,NK
CTCTAGCTCAGGATGA-14-s4d8,GARQ,D11,0,40,40,0,0.16756797,CD8+ T
TTAGCGGTCCCGCAAA-14-s4d8,GARQ,D11,0,40,40,38,0.055119395,CD8+ T
GACTAATGTTTAACGG-14-s4d8,GARQ,D11,0,40,40,14,0.024250567,CD8+ T
GTGAACAAGCTGAGGG-14-s4d8,GARQ,D11,0,40,40,4,0.2363559,CD8+ T
TTGTAAGTCATAGACC-14-s4d8,GARQ,D11,0,40,40,22,0.34090298,Naive CD20+ B
AATCATGTCATTGTCT-14-s4d8,GARQ,D11,0,40,40,4,0.1502353,CD8+ T
GAGTTGCGTGTTAAAC-14-s4d8,GARQ,D11,0,40,40,7,0.21893108,Lymph prog
GGGCGAATCCCTGTTA-14-s4d8,GARQ,D11,0,40,40,14,0.09470081,CD8+ T
AGTAACACAAGGTACG-14-s4d8,GARQ,D11,0,40,40,0,0.026849747,CD8+ T
AGCTTTAAGTTAGCTA-14-s4d8,GARQ,D11,0,40,40,4,0.36005557,CD8+ T
CCAGGAACAAGTGTTT-14-s4d8,GARQ,D11,0,40,40,25,0.006181121,CD14+ Mono
GCAGCTATCTAAGGAG-14-s4d8,GARQ,D11,0,40,40,12,0.08638966,Erythroblast
AGTAAACAGGTCTTGG-14-s4d8,GARQ,D11,0,40,40,7,0.24233234,Transitional B
ACTCAGTAGCGCTCAA-14-s4d8,GARQ,D11,0,40,40,4,0.014749348,CD8+ T
ACGGTTTAGTGAGGTA-14-s4d8,GARQ,D11,0,40,40,14,0.08086622,CD4+ T activated
TGCTCTCAGGTGAAAT-14-s4d8,GARQ,D11,0,40,40,5,0.021502197,Transitional B
AATGCAACATCAGCAC-14-s4d8,GARQ,D11,0,40,40,0,0.019731402,NK
GTGATGAAGACTAAGG-14-s4d8,GARQ,D11,0,40,40,7,0.084361255,Transitional B
TTGGCTACACCCACAG-14-s4d8,GARQ,D11,0,40,40,5,0.33991003,Lymph prog
TTGCTCTCAGCCAGAA-14-s4d8,GARQ,D11,0,40,40,0,0.11630279,CD8+ T
ATGTCATCAACACCTA-14-s4d8,GARQ,D11,0,40,40,7,0.049182177,Transitional B
CCAGGAACAACAGCCT-14-s4d8,GARQ,D11,0,40,40,9,0.18116826,Plasma cell
AATTGCCAGTGAGCAA-14-s4d8,GARQ,D11,0,40,40,38,0.021453857,CD8+ T
CAAGTTATCCAAATCA-14-s4d8,GARQ,D11,0,40,40,14,0.06600344,NK
AATTAGCGTCCTAACT-14-s4d8,GARQ,D11,0,40,40,13,0.051023185,NK
GCCTGACAGAGAGGCT-14-s4d8,GARQ,D11,0,40,40,4,0.007349968,CD8+ T
ACGATTCAGCTCCTAC-14-s4d8,GARQ,D11,0,40,40,39,0.04735011,Proerythroblast
TAGGCTTAGTAACGAG-14-s4d8,GARQ,D11,0,40,40,38,0.025153339,CD8+ T
AGTCGCATCCTCAGCT-14-s4d8,GARQ,D11,0,40,40,38,0.05374354,CD8+ T
TAATCCGCAGCAAGTG-14-s4d8,GARQ,D11,0,40,40,10,0.04349327,cDC2
CTAGCTGAGAATGACG-14-s4d8,GARQ,D11,0,40,40,33,0.108561456,CD16+ Mono
TTTCTTGCAGCTTAGC-14-s4d8,GARQ,D11,0,40,40,2,0.013969123,CD8+ T
TACCGCAAGCTGTACG-14-s4d8,GARQ,D11,0,40,40,8,0.039425433,Erythroblast
AGGCAGGTCAGGGCCT-14-s4d8,GARQ,D11,0,40,40,20,0.004204333,Transitional B
ATTTGCAAGATTCCTT-14-s4d8,GARQ,D11,0,40,40,7,0.21145058,Transitional B
AGTAACACATGTGGGA-14-s4d8,GARQ,D11,0,40,40,15,0.024302721,Erythroblast
ACATTGCAGCTGTACG-14-s4d8,GARQ,D11,0,40,40,10,0.11256382,cDC2
CAAAGGATCAATCTAG-14-s4d8,GARQ,D11,0,40,40,2,0.01953268,CD8+ T
CTTACCTCATCAGCAC-14-s4d8,GARQ,D11,0,40,40,22,0.115380466,Transitional B
GGTTTAATCAGGTCCA-14-s4d8,GARQ,D11,0,40,40,38,0.10666883,CD8+ T
GGTAACCGTCATGCCC-14-s4d8,GARQ,D11,0,40,40,9,0.1971569,CD8+ T
CCCTCATAGCAGGTGG-14-s4d8,GARQ,D11,0,40,40,4,0.22201002,NK
GCCTACTTCATGTCAA-14-s4d8,GARQ,D11,0,40,40,12,0.07967487,Normoblast
CCACAATAGTCATTAG-14-s4d8,GARQ,D11,0,40,40,0,0.009764731,CD8+ T
CGAAGTAAGCGATAGA-14-s4d8,GARQ,D11,0,40,40,36,0.04377532,cDC2
GCTGAGGAGGCATGAA-14-s4d8,GARQ,D11,0,40,40,1,0.018548489,CD8+ T
CGTTAAATCCCTGATC-14-s4d8,GARQ,D11,0,40,40,36,0.08491838,CD16+ Mono
TGGTCAGTCGCCTAAG-14-s4d8,GARQ,D11,0,40,40,14,0.07304627,CD8+ T
CATAATCCAACAGCCT-14-s4d8,GARQ,D11,0,40,40,5,0.17004436,Transitional B
AGTTACTCAATGAATG-14-s4d8,GARQ,D11,0,40,40,22,0.3264205,Naive CD20+ B
TGAGCCGGTGCTTTAC-14-s4d8,GARQ,D11,0,40,40,11,0.19531071,CD4+ T activated
TTAGGCGTCTCACACC-14-s4d8,GARQ,D11,0,40,40,0,0.14576721,CD8+ T
ACCACATAGCTGCACA-14-s4d8,GARQ,D11,0,40,40,5,0.026911676,Transitional B
TTGGGCGGTTTCCGGC-14-s4d8,GARQ,D11,0,40,40,22,0.11518347,Naive CD20+ B
AGTTTGATCAATTACG-14-s4d8,GARQ,D11,0,40,40,10,0.02543068,CD16+ Mono
CCACTTGGTCCTAGTT-14-s4d8,GARQ,D11,0,40,40,9,0.07674599,CD8+ T
AAGACATAGCTGAGGG-14-s4d8,GARQ,D11,0,40,40,9,0.009612858,NK
AATTAGGCATACCCGG-14-s4d8,GARQ,D11,0,40,40,31,0.08489159,Transitional B
ATCACTAAGCCTCTGT-14-s4d8,GARQ,D11,0,40,40,23,0.044849157,Erythroblast
GAAGTAAGTAACTACG-14-s4d8,GARQ,D11,0,40,40,10,0.0020121634,Naive CD20+ B
TTCCTCAAGTGATTCA-14-s4d8,GARQ,D11,0,40,40,4,0.015574992,CD8+ T
CCTGTTGGTGTTTGAG-14-s4d8,GARQ,D11,0,40,40,31,0.08444342,Naive CD20+ B
GCCTGTGCAATTTAGC-14-s4d8,GARQ,D11,0,40,40,14,0.06463075,CD8+ T
CCTACTTCATTGTCAG-14-s4d8,GARQ,D11,0,40,40,5,0.021003067,Transitional B
CGTTGCAAGCCTCTGT-14-s4d8,GARQ,D11,0,40,40,10,0.13991165,cDC2
CAGGTTTAGAGGAGTC-14-s4d8,GARQ,D11,0,40,40,0,0.18844724,CD8+ T
AACTTAGTCAGCAAGA-14-s4d8,GARQ,D11,0,40,40,5,0.0745945,Naive CD20+ B
CCACACAAGCAACATC-14-s4d8,GARQ,D11,0,40,40,38,0.08819413,CD8+ T
AGCCTAGTCGTTTCCA-14-s4d8,GARQ,D11,0,40,40,14,0.09823918,NK
GATTGGTTCGGCCAGT-14-s4d8,GARQ,D11,0,40,40,38,0.022180438,CD8+ T
CTCCTCACAGTGAACG-14-s4d8,GARQ,D11,0,40,40,4,0.11248839,CD8+ T
GATGAGGGTTAAGTGT-14-s4d8,GARQ,D11,0,40,40,11,0.20730829,Erythroblast
ACTAACTCACCGGCTA-14-s4d8,GARQ,D11,0,40,40,9,0.16448903,CD8+ T
CTCATTTAGGTTAGCT-14-s4d8,GARQ,D11,0,40,40,5,0.029783607,Naive CD20+ B
AGCAATACACCCTCAC-14-s4d8,GARQ,D11,0,40,40,21,0.00033569336,CD4+ T activated
ACCAGCTCAATTAAGG-14-s4d8,GARQ,D11,0,40,40,7,0.42529106,Transitional B
CTGCAATAGCGATAGA-14-s4d8,GARQ,D11,0,40,40,5,0.022759676,Naive CD20+ B
CGATTCCTCACTAAGC-14-s4d8,GARQ,D11,0,40,40,4,0.14979267,CD8+ T
CAAGTTATCAAACCGT-14-s4d8,GARQ,D11,0,40,40,4,0.21874535,CD8+ T
ATGGCCGGTTGCCTCA-14-s4d8,GARQ,D11,0,40,40,4,0.15859485,CD8+ T
ATGTAACGTCCTTTAA-14-s4d8,GARQ,D11,0,40,40,7,0.04881227,Transitional B
AGGGTTGCACAACAGG-14-s4d8,GARQ,D11,0,40,40,0,0.22301662,CD8+ T
TCCTTGCAGGTACCGC-14-s4d8,GARQ,D11,0,40,40,4,0.12078619,CD8+ T
GCTGTGATCGTTAAGC-14-s4d8,GARQ,D11,0,40,40,22,0.009014726,Naive CD20+ B
TACCCGGCAGTTTGGC-14-s4d8,GARQ,D11,0,40,40,22,0.2518053,Transitional B
AGTAAACAGCATGACT-14-s4d8,GARQ,D11,0,40,40,0,0.039880037,CD8+ T
ATTGAAGCATTATCCC-14-s4d8,GARQ,D11,0,40,40,38,0.13139784,CD8+ T
GGTTGCTCACACTAAT-14-s4d8,GARQ,D11,0,40,40,4,0.05212772,CD8+ T
ACCACATAGCGAAGTA-14-s4d8,GARQ,D11,0,40,40,11,0.019424558,Proerythroblast
AGGATCCGTCATTACC-14-s4d8,GARQ,D11,0,40,40,5,0.15029013,Naive CD20+ B
GTATTCAAGCGATAAG-14-s4d8,GARQ,D11,0,40,40,5,0.103497386,Naive CD20+ B
CACTTAAAGCAAGGGT-14-s4d8,GARQ,D11,0,40,40,38,0.106739044,CD8+ T
CCTTGCGTCTGCAAGT-14-s4d8,GARQ,D11,0,40,40,5,0.042497993,Lymph prog
CGGCAATGTTTGGGCG-14-s4d8,GARQ,D11,0,40,40,7,0.11144081,B1 B
AGGTCAAAGTAACCCG-14-s4d8,GARQ,D11,0,40,40,4,0.04748559,CD4+ T naive
CTACCTCAGCTGTAAC-14-s4d8,GARQ,D11,0,40,40,36,0.07733297,CD14+ Mono
TCTCAAGCAATATAGG-14-s4d8,GARQ,D11,0,40,40,4,0.040410876,CD8+ T
TCTTAGTTCACTTCAT-14-s4d8,GARQ,D11,0,40,40,14,0.09597129,CD8+ T
GGCCTTAAGTATCGCG-14-s4d8,GARQ,D11,0,40,40,0,0.11532247,CD8+ T
AGAACCAAGGCTACAT-14-s4d8,GARQ,D11,0,40,40,9,0.12861419,CD8+ T
CTGTTAAAGACACCGC-14-s4d8,GARQ,D11,0,40,40,37,0.017376125,CD4+ T naive
TACTTGTTCCCTCAAC-14-s4d8,GARQ,D11,0,40,40,5,0.10563058,Naive CD20+ B
CGCTATGAGGTTTACA-14-s4d8,GARQ,D11,0,40,40,4,0.14639866,CD8+ T
GACTCACCACTATGGC-14-s4d8,GARQ,D11,0,40,40,0,0.012907505,CD8+ T
GCTTACCTCTCATCAT-14-s4d8,GARQ,D11,0,40,40,10,0.025797367,cDC2
TGTTGTTTCAAACCGT-14-s4d8,GARQ,D11,0,40,40,22,0.304048,Naive CD20+ B
ACCTACCTCTAAGTGC-14-s4d8,GARQ,D11,0,40,40,10,0.070865154,cDC2
TCCGCCATCTTGTCCA-14-s4d8,GARQ,D11,0,40,40,5,0.005654454,Naive CD20+ B
AGCTGCTCACGGTTTA-14-s4d8,GARQ,D11,0,40,40,4,0.029782057,CD8+ T
GCATCCTTCGTTTCGC-14-s4d8,GARQ,D11,0,40,40,10,0.13056928,B1 B
CCCAAATAGGAATAAC-14-s4d8,GARQ,D11,0,40,40,22,0.021948218,Transitional B
AGCTTAATCCCGTTTA-14-s4d8,GARQ,D11,0,40,40,22,0.17838606,Naive CD20+ B
CACAAGCGTGCATCGG-14-s4d8,GARQ,D11,0,40,40,14,0.08624023,CD8+ T
TCACCTCAGGTCCTGA-14-s4d8,GARQ,D11,0,40,40,0,0.023931742,CD8+ T
TTTCAGTTCCTAAGGT-14-s4d8,GARQ,D11,0,40,40,22,0.18201542,Naive CD20+ B
CATCCTCAGCCGCAGT-14-s4d8,GARQ,D11,0,40,40,4,0.056642205,CD8+ T
GCGGATACATTGTGTG-14-s4d8,GARQ,D11,0,40,40,10,0.072422504,CD14+ Mono
ATGTTCAAGAAACTGG-14-s4d8,GARQ,D11,0,40,40,10,0.039788723,CD14+ Mono
GGTTACCCATGGCCTG-14-s4d8,GARQ,D11,0,40,40,11,0.02863586,Proerythroblast
AGTTGGCGTGTGCACG-14-s4d8,GARQ,D11,0,40,40,1,0.12645578,CD8+ T
CCTCAGTTCAATCATG-14-s4d8,GARQ,D11,0,40,40,10,0.10672474,CD16+ Mono
TTCTTAGGTTGTTGCT-14-s4d8,GARQ,D11,0,40,40,5,0.21550512,B1 B
TCATGCCTCATCAGTA-14-s4d8,GARQ,D11,0,40,40,14,0.04829049,CD8+ T
ATCCGTGAGCTGTAAC-14-s4d8,GARQ,D11,0,40,40,0,0.2631588,CD8+ T
AGAGATTAGGGATTAG-14-s4d8,GARQ,D11,0,40,40,11,0.140158,Erythroblast
CGCTTAACAATTTAGC-14-s4d8,GARQ,D11,0,40,40,4,0.23647839,CD8+ T
GCAAACAAGGCGCATC-14-s4d8,GARQ,D11,0,40,40,14,0.18869162,CD8+ T
GGCGGTAAGCGAAGTA-14-s4d8,GARQ,D11,0,40,40,7,0.1129739,Transitional B
CATGCAAGTGAATCGC-14-s4d8,GARQ,D11,0,40,40,4,0.2975219,CD8+ T
GTCTATGCATTATGGT-14-s4d8,GARQ,D11,0,40,40,21,0.059060335,CD8+ T
ACTATGTCACAATGCC-14-s4d8,GARQ,D11,0,40,40,22,0.025408685,Naive CD20+ B
TCCGCCATCAGGAAGC-14-s4d8,GARQ,D11,0,40,40,10,0.13945305,cDC2
CAAGTATGTTGGATAT-14-s4d8,GARQ,D11,0,40,40,4,0.12671375,CD8+ T
TTTACGCGTTAATCGG-14-s4d8,GARQ,D11,0,40,40,36,0.021140337,CD14+ Mono
ATTGACTCAGTAGCCT-14-s4d8,GARQ,D11,0,40,40,14,0.0062360168,CD8+ T
CGGTTATAGTTACTTC-14-s4d8,GARQ,D11,0,40,40,0,0.0059814453,CD8+ T
GTCTTTAGTACTGATG-14-s4d8,GARQ,D11,0,40,40,5,0.070086,MK/E prog
ACGTCAAGTCAGGCCA-14-s4d8,GARQ,D11,0,40,40,11,0.07036662,Proerythroblast
GAAGCTAAGTTGTCAA-14-s4d8,GARQ,D11,0,40,40,11,0.09105176,Proerythroblast
AGAAACCCAGTCTATG-14-s4d8,GARQ,D11,0,40,40,2,0.069698334,CD4+ T naive
ATCGCCCGTTTCAGGA-14-s4d8,GARQ,D11,0,40,40,0,0.19579774,CD4+ T naive
TTGCTTTAGTCACTAA-14-s4d8,GARQ,D11,0,40,40,0,0.27245986,CD8+ T
GCATATATCCTGGTCT-14-s4d8,GARQ,D11,0,40,40,38,0.014003038,CD8+ T
CGAATCTAGCCAAATC-14-s4d8,GARQ,D11,0,40,40,11,0.07769263,MK/E prog
CGTATTGCAGCCAGTT-14-s4d8,GARQ,D11,0,40,40,10,0.036824822,cDC2
CGTTGCGCATCACTTC-14-s4d8,GARQ,D11,0,40,40,0,0.4852782,CD4+ T activated
TGGCCAATCTGTGCAG-14-s4d8,GARQ,D11,0,40,40,4,0.099699914,CD8+ T
AGCGGACCAGGACCAA-14-s4d8,GARQ,D11,0,40,40,4,0.14597869,CD8+ T
AAGTGAAGTAAAGCGG-14-s4d8,GARQ,D11,0,40,40,11,0.063017964,Normoblast
GGCGCTAGTTGGATCA-14-s4d8,GARQ,D11,0,40,40,30,0.011054575,CD8+ T
GATTACTCATAGCAGG-14-s4d8,GARQ,D11,0,40,40,4,0.26357543,CD8+ T
GCTTTATTCTCCATGC-14-s4d8,GARQ,D11,0,40,40,1,0.114390254,CD8+ T
GGACTAAAGATTGAGG-14-s4d8,GARQ,D11,0,40,40,9,0.07013482,CD4+ T naive
ATGCTTAAGCCAAATC-14-s4d8,GARQ,D11,0,40,40,15,0.002913475,NK
CCTAAATCAAATTCGT-14-s4d8,GARQ,D11,0,40,40,33,0.027691483,CD8+ T
CCTAAGTAGCCTAATA-14-s4d8,GARQ,D11,0,40,40,4,0.3021376,CD8+ T
GACTTACAGTGAGGTA-14-s4d8,GARQ,D11,0,40,40,22,0.09774214,Lymph prog
GTTTGTTTCGAGGTGG-14-s4d8,GARQ,D11,0,40,40,11,0.038540244,Proerythroblast
ACACTAATCAATGAGG-14-s4d8,GARQ,D11,0,40,40,11,0.12643087,Proerythroblast
AACATAGCAGCATGAG-14-s4d8,GARQ,D11,0,40,40,14,0.08246854,CD4+ T activated
GCGTAACGTCGTAAAT-14-s4d8,GARQ,D11,0,40,40,4,0.15150487,CD8+ T
AATCATGTCATCCTGC-14-s4d8,GARQ,D11,0,40,40,30,0.0843817,CD8+ T
CTCTTGATCGGGACCT-14-s4d8,GARQ,D11,0,40,40,10,0.024079442,B1 B
TCCAGGTCACGTAATT-14-s4d8,GARQ,D11,0,40,40,1,0.068626285,CD8+ T
TCAGTGAGTGAGGTAG-14-s4d8,GARQ,D11,0,40,40,38,0.06887597,CD8+ T
CATCCCAGTTGTGACA-14-s4d8,GARQ,D11,0,40,40,12,0.04437667,Proerythroblast
TCTATGTTCATTACAG-14-s4d8,GARQ,D11,0,40,40,4,0.07513428,CD8+ T
CTCCTAATCCCGCCTA-14-s4d8,GARQ,D11,0,40,40,36,0.0718106,CD14+ Mono
GTCTATCGTTTAAAGC-14-s4d8,GARQ,D11,0,40,40,5,0.049384177,B1 B
ACCACACCAGTCTATG-14-s4d8,GARQ,D11,0,40,40,4,0.32267106,CD8+ T
TTATAGCCATTAGGTT-14-s4d8,GARQ,D11,0,40,40,10,0.025586843,CD14+ Mono
ACGCACGGTGATCAGC-14-s4d8,GARQ,D11,0,40,40,8,0.08769351,Proerythroblast
AAGTGAAGTAACGGGA-14-s4d8,GARQ,D11,0,40,40,5,0.094590366,Naive CD20+ B
GCACATTAGCGCTCAA-14-s4d8,GARQ,D11,0,40,40,12,0.02989778,Proerythroblast
ATTAGCTCAATAGCAA-14-s4d8,GARQ,D11,0,40,40,4,0.48447323,CD8+ T
TCCAGGTCAGGCATGA-14-s4d8,GARQ,D11,0,40,40,1,0.027876139,CD8+ T
CGCAATCCATTAGGCC-14-s4d8,GARQ,D11,0,40,40,0,0.008230209,NK
GGGATTAAGGACTTAC-14-s4d8,GARQ,D11,0,40,40,27,0.019382,CD8+ T
TGCTTCCAGGTAGCTT-14-s4d8,GARQ,D11,0,40,40,8,0.16548938,Proerythroblast
TTGCACACAGCAAATA-14-s4d8,GARQ,D11,0,40,40,14,0.0045701265,CD4+ T activated
GAGGCAAGTCACCAAA-14-s4d8,GARQ,D11,0,40,40,1,0.25973475,CD8+ T
AACAAAGGTTCGGTAA-14-s4d8,GARQ,D11,0,40,40,38,0.1421465,CD4+ T naive
TCATACTTCATTAGGC-14-s4d8,GARQ,D11,0,40,40,4,0.0033854246,CD8+ T
AACTCACAGCTTACTT-14-s4d8,GARQ,D11,0,40,40,11,0.08811605,Erythroblast
GCGCAATGTCCGCTGT-14-s4d8,GARQ,D11,0,40,40,22,0.009161115,Naive CD20+ B
GGTCTTGAGGCAGGTG-14-s4d8,GARQ,D11,0,40,40,0,0.024950504,CD8+ T
GTTCCTGGTGTCCAAA-14-s4d8,GARQ,D11,0,40,40,22,0.13563877,Naive CD20+ B
ATGAAGCCAATTAGGA-14-s4d8,GARQ,D11,0,40,40,14,0.0461663,CD4+ T activated
CTCGCTAGTAAGGTCC-14-s4d8,GARQ,D11,0,40,40,7,0.05199188,Transitional B
TGAGGAGGTAACCAGC-14-s4d8,GARQ,D11,0,40,40,4,0.26063108,CD8+ T
TCAGTAGGTCACGAAC-14-s4d8,GARQ,D11,0,40,40,27,0.027982831,MK/E prog
TTGCAAGGTAACCTAG-14-s4d8,GARQ,D11,0,40,40,12,0.028971612,Proerythroblast
GTTCGCGCAGTAGGTG-14-s4d8,GARQ,D11,0,40,40,5,0.050293207,HSC
GAGTATCTCGAGGTGG-14-s4d8,GARQ,D11,0,40,40,0,0.06865561,CD8+ T
ATCATCAAGAATCTCA-14-s4d8,GARQ,D11,0,40,40,22,0.007272005,Naive CD20+ B
ATCCACCTCCCTGGTT-14-s4d8,GARQ,D11,0,40,40,4,0.5300827,CD8+ T
AAGAATCAGGACCGCT-14-s4d8,GARQ,D11,0,40,40,7,0.33018506,Lymph prog
TAGGAACCAGCTTAGC-14-s4d8,GARQ,D11,0,40,40,4,0.002212286,CD4+ T naive
AGGATTGAGCCGCTAA-14-s4d8,GARQ,D11,0,40,40,4,0.3504181,CD8+ T
GGCTTCAAGTAACTCA-14-s4d8,GARQ,D11,0,40,40,12,0.23821813,Proerythroblast
GTAAAGCCAGCTTAGC-14-s4d8,GARQ,D11,0,40,40,1,0.14805186,CD8+ T
TGGTTCTGTCATCATC-14-s4d8,GARQ,D11,0,40,40,22,0.27119982,Naive CD20+ B
CGGTGAGAGGCATTAC-14-s4d8,GARQ,D11,0,40,40,11,0.2087043,Proerythroblast
CCCAAACCATTAGCCA-14-s4d8,GARQ,D11,0,40,40,4,0.22338569,CD8+ T
GCTAATATCATCAGTA-14-s4d8,GARQ,D11,0,40,40,33,0.025734663,CD8+ T
AAGTGTTGTATTACCC-14-s4d8,GARQ,D11,0,40,40,11,0.16945499,Proerythroblast
GCCTGAGGTCATAGAT-14-s4d8,GARQ,D11,0,40,40,0,0.06301904,CD8+ T
TTGTTTGGTCATAGAT-14-s4d8,GARQ,D11,0,40,40,25,0.006933093,CD14+ Mono
TTCACTGTCATCCTCA-14-s4d8,GARQ,D11,0,40,40,1,0.14572644,CD8+ T
TGTTCATTCATTTGTC-14-s4d8,GARQ,D11,0,40,40,38,0.005785167,CD8+ T
TGATTGCAGTTCCCGT-14-s4d8,GARQ,D11,0,40,40,11,0.10209507,Proerythroblast
TGGTTGAGTGATGGCT-14-s4d8,GARQ,D11,0,40,40,5,0.13154459,Lymph prog
TCCGGAATCAGGTCCA-14-s4d8,GARQ,D11,0,40,40,21,0.03130746,CD8+ T
TAGCGGACAGAGAGCC-14-s4d8,GARQ,D11,0,40,40,11,0.07811183,Proerythroblast
GATAAGCCACAGGATG-14-s4d8,GARQ,D11,0,40,40,4,0.049409747,CD8+ T
CCGTTACTCGGGACTC-14-s4d8,GARQ,D11,0,40,40,4,0.05973822,CD8+ T
GATGGCTGTCAAAGGG-14-s4d8,GARQ,D11,0,40,40,4,0.04262656,CD8+ T
AAAGCACCAACTGGGA-14-s4d8,GARQ,D11,0,40,40,1,0.014944673,CD8+ T
CCAGGAACAGGCTTCG-14-s4d8,GARQ,D11,0,40,40,8,0.052684426,Proerythroblast
TGAGGGCCAGGCAAGC-14-s4d8,GARQ,D11,0,40,40,11,0.19032991,Erythroblast
CTCCGTCCACGTAATT-14-s4d8,GARQ,D11,0,40,40,39,0.05071765,Proerythroblast
AGTGAACCAAGCTTTG-14-s4d8,GARQ,D11,0,40,40,10,0.0083242655,CD14+ Mono
TTTGACTTCGCAACAT-14-s4d8,GARQ,D11,0,40,40,5,0.13438216,Naive CD20+ B
GAAAGGCTCATTTGCT-14-s4d8,GARQ,D11,0,40,40,38,0.13353384,CD8+ T
AGTAACACATAAGTTC-14-s4d8,GARQ,D11,0,40,40,4,0.011829197,CD4+ T naive
GTTTAACCAAGGGTTG-14-s4d8,GARQ,D11,0,40,40,14,0.0774827,CD8+ T
GTTTCTAGTTCGCGCT-14-s4d8,GARQ,D11,0,40,40,11,0.14657861,Erythroblast
CCGTTATGTTTCAGGA-14-s4d8,GARQ,D11,0,40,40,38,0.006324768,CD4+ T activated
TACGTAATCTTGTTCG-14-s4d8,GARQ,D11,0,40,40,7,0.09013909,Transitional B
GTTCTTAGTCCTAGTT-14-s4d8,GARQ,D11,0,40,40,22,0.046789765,Naive CD20+ B
TGTTAGCAGTCAGTAC-14-s4d8,GARQ,D11,0,40,40,22,0.05732274,Naive CD20+ B
GCTGCATCATACCCGG-14-s4d8,GARQ,D11,0,40,40,4,0.090732515,CD8+ T
GCAATCTAGTGAGGGT-14-s4d8,GARQ,D11,0,40,40,36,0.022375107,CD14+ Mono
TGATGAACACGTAATT-14-s4d8,GARQ,D11,0,40,40,9,0.19872916,CD8+ T
TTTAGGATCTAACTGA-14-s4d8,GARQ,D11,0,40,40,2,0.15744668,CD8+ T
GACGCAACATTGTTGG-14-s4d8,GARQ,D11,0,40,40,11,0.09918964,Proerythroblast
TGGTCAGTCTTAAGTG-14-s4d8,GARQ,D11,0,40,40,0,0.21792233,CD8+ T
GTTCCTTCAATGAGGT-14-s4d8,GARQ,D11,0,40,40,11,0.050273657,Proerythroblast
TACCTTAGTTCTTTAG-14-s4d8,GARQ,D11,0,40,40,10,0.02062285,cDC2
AAAGGAGCATGCATAT-14-s4d8,GARQ,D11,0,40,40,4,0.1947993,NK
AGGTGAATCAGCAAAG-14-s4d8,GARQ,D11,0,40,40,0,0.013915896,CD4+ T activated
GGTGATTTCACGCCAA-14-s4d8,GARQ,D11,0,40,40,14,0.20049322,CD8+ T
CAAACACTCCGCCTCA-14-s4d8,GARQ,D11,0,40,40,27,0.04193449,HSC
GTCATCCTCTTAGCCC-14-s4d8,GARQ,D11,0,40,40,20,0.09835702,CD4+ T activated
TTATAGCCATTGTGAT-14-s4d8,GARQ,D11,0,40,40,7,0.046251833,B1 B
AAGAATCAGTCTATGA-14-s4d8,GARQ,D11,0,40,40,22,0.12855497,Transitional B
AAGCGTTTCGTGCTAG-14-s4d8,GARQ,D11,0,40,40,18,0.014630616,MK/E prog
GAGGAGGCAATCCTGA-14-s4d8,GARQ,D11,0,40,40,0,0.118203044,CD8+ T
AGAGGAACACAACAGG-14-s4d8,GARQ,D11,0,40,40,38,0.09438968,CD8+ T
AAGTAGCCAGTAAGTA-14-s4d8,GARQ,D11,0,40,40,4,0.0716787,CD8+ T
TGGACGGAGGTGAAGC-14-s4d8,GARQ,D11,0,40,40,11,0.017271757,Proerythroblast
GGGTTATTCCTACCTA-14-s4d8,GARQ,D11,0,40,40,0,0.082375884,CD8+ T
GCCTACTTCGCTCCAT-14-s4d8,GARQ,D11,0,40,40,4,0.18548459,CD8+ T
CAACAATGTCCTAAGA-14-s4d8,GARQ,D11,0,40,40,1,0.07027316,CD4+ T naive
GTTTCAGCAATGAATG-14-s4d8,GARQ,D11,0,40,40,0,0.14248222,CD8+ T
AGTTTGATCCGGTTGA-14-s4d8,GARQ,D11,0,40,40,0,0.07424438,CD4+ T activated
TGTGCTGAGTTCCCGT-14-s4d8,GARQ,D11,0,40,40,5,0.07129973,B1 B
CTCCTGAGTGAAGCCT-14-s4d8,GARQ,D11,0,40,40,5,0.18857479,Transitional B
CAATCCCTCATGCTAA-14-s4d8,GARQ,D11,0,40,40,5,0.112431645,Lymph prog
TATATCCTCAGGAACA-14-s4d8,GARQ,D11,0,40,40,14,0.07575035,CD4+ T naive
AGCAAATAGTATCGCG-14-s4d8,GARQ,D11,0,40,40,0,0.02939409,CD4+ T naive
AAATGCCTCAATACGC-14-s4d8,GARQ,D11,0,40,40,22,0.0014597178,B1 B
GTACAATGTCTAGCTT-14-s4d8,GARQ,D11,0,40,40,33,0.11491811,CD8+ T
GTAAGGTCATATTGAC-14-s4d8,GARQ,D11,0,40,40,10,0.056773067,cDC2
TATAGCCAGCACAGCC-14-s4d8,GARQ,D11,0,40,40,9,0.004689127,CD4+ T naive
TCATTGTTCTAAATCG-14-s4d8,GARQ,D11,0,40,40,4,0.10254359,CD8+ T
ACGAATCTCACAGACT-14-s4d8,GARQ,D11,0,40,40,4,0.021623373,CD8+ T
TTGGTGAGTTTAGCGA-14-s4d8,GARQ,D11,0,40,40,12,0.00392431,Proerythroblast
GGTTCTTGTCTCAGCC-14-s4d8,GARQ,D11,0,40,40,39,0.016220003,Proerythroblast
CTAATCGCACACTAAT-14-s4d8,GARQ,D11,0,40,40,14,0.048808813,CD8+ T
TCAGGTTAGGAACGGT-14-s4d8,GARQ,D11,0,40,40,2,0.01574564,CD8+ T
GGTTGCGGTCCAAATG-14-s4d8,GARQ,D11,0,40,40,1,0.019249797,CD8+ T
GAACCTTAGCTTAGTA-14-s4d8,GARQ,D11,0,40,40,22,0.035592496,Naive CD20+ B
GGTTTGTAGTCATTAG-14-s4d8,GARQ,D11,0,40,40,11,0.017082334,Erythroblast
TCCTGTTCATTGTGAT-14-s4d8,GARQ,D11,0,40,40,4,0.10576403,CD8+ T
AATCCATCACAAACTT-14-s4d8,GARQ,D11,0,40,40,21,0.01975602,CD8+ T
CTTATGTTCCCTTGCG-14-s4d8,GARQ,D11,0,40,40,38,0.22270644,CD8+ T
TAAACAGCATAATCGT-14-s4d8,GARQ,D11,0,40,40,2,0.030808091,CD8+ T
CTTGTCCAGCTGCACA-14-s4d8,GARQ,D11,0,40,40,38,0.29507792,CD8+ T
GCTATTGCAGCTAACC-14-s4d8,GARQ,D11,0,40,40,14,0.0042945743,CD8+ T
GGTTCCCGTTGCGGAT-14-s4d8,GARQ,D11,0,40,40,15,0.061696947,CD8+ T
CCTATTGTCCTTCTAG-14-s4d8,GARQ,D11,0,40,40,4,0.047225237,NK
GTAAGCGCACGTGCTG-14-s4d8,GARQ,D11,0,40,40,8,0.16176271,Proerythroblast
TAGTTGTCAACACTTG-14-s4d8,GARQ,D11,0,40,40,22,0.10732451,B1 B
GATTATGTCTAATCCT-14-s4d8,GARQ,D11,0,40,40,11,0.16736186,Proerythroblast
ACCCGTAAGGAACCAA-14-s4d8,GARQ,D11,0,40,40,36,0.021267295,CD14+ Mono
ACATCATCAATTAGGA-14-s4d8,GARQ,D11,0,40,40,0,0.24079466,NK
CGAAGAATCATAATCG-14-s4d8,GARQ,D11,0,40,40,38,0.18246609,CD8+ T
CTAGTTGCATTATGAC-14-s4d8,GARQ,D11,0,40,40,11,0.029735684,Erythroblast
TCATGCCTCATGCTTT-14-s4d8,GARQ,D11,0,40,40,31,0.111436516,Lymph prog
CGAGGAAGTTAAATGC-14-s4d8,GARQ,D11,0,40,40,5,0.2888226,Naive CD20+ B
GGTTATGGTGATGATT-14-s4d8,GARQ,D11,0,40,40,4,0.9034805,CD8+ T
TATTAGGTCGCATTAA-14-s4d8,GARQ,D11,0,40,40,11,0.22079456,Erythroblast
AGGAACGGTGGTTATG-14-s4d8,GARQ,D11,0,40,40,14,0.072297394,CD4+ T activated
CATCATAAGATGGACA-14-s4d8,GARQ,D11,0,40,40,38,0.008126497,CD8+ T
CCGCAAATCTAACTGA-14-s4d8,GARQ,D11,0,40,40,4,0.07296878,CD8+ T
CTCTAAGCAGCCGCTA-14-s4d8,GARQ,D11,0,40,40,22,0.28450847,Transitional B
GTTACTCGTTACAACG-14-s4d8,GARQ,D11,0,40,40,36,0.08117056,CD14+ Mono
CTCGCTCCATAATGTC-14-s4d8,GARQ,D11,0,40,40,14,0.053728282,CD4+ T activated
CACCGGTAGGTAAGGC-14-s4d8,GARQ,D11,0,40,40,22,0.03724569,Plasma cell
GCGAAGTAGACAAACG-14-s4d8,GARQ,D11,0,40,40,14,0.030913293,CD8+ T
CTGATCACAACCTGGT-14-s4d8,GARQ,D11,0,40,40,4,0.07471621,CD8+ T
TGCAATATCATTACTC-14-s4d8,GARQ,D11,0,40,40,2,0.08440441,CD4+ T activated
TTGTTTGGTTTACGTC-14-s4d8,GARQ,D11,0,40,40,0,0.1256463,CD4+ T activated
TATCCAGCACAAAGAC-14-s4d8,GARQ,D11,0,40,40,14,0.20261967,CD8+ T
TTGTTCCCAACTAGAA-14-s4d8,GARQ,D11,0,40,40,5,0.024917185,Transitional B
TCCGGAATCTTAGGAC-14-s4d8,GARQ,D11,0,40,40,22,0.08329934,Naive CD20+ B
TATTTGCTCTCAATTC-14-s4d8,GARQ,D11,0,40,40,4,0.14990926,CD8+ T
TGTGGAGCAATGAATG-14-s4d8,GARQ,D11,0,40,40,14,0.09238362,CD4+ T activated
ACTCCTCAGGGACGCA-14-s4d8,GARQ,D11,0,40,40,22,0.17753017,Naive CD20+ B
GTATTGCAGCATTTCT-14-s4d8,GARQ,D11,0,40,40,39,0.07905942,CD4+ T naive
CCTCAAACAGTCTAGC-14-s4d8,GARQ,D11,0,40,40,4,0.44058204,CD8+ T
TTAGGAACATAAAGCA-14-s4d8,GARQ,D11,0,40,40,4,0.043770194,CD4+ T activated
ACTCACTGTAGACAAA-14-s4d8,GARQ,D11,0,40,40,35,0.018074334,CD4+ T naive
AAGACCAAGGACACTT-14-s4d8,GARQ,D11,0,40,40,21,0.020492435,NK
ACTTATCTCAATGAGG-14-s4d8,GARQ,D11,0,40,40,2,0.13519824,CD4+ T naive
GGGCTAACAATGAGGT-14-s4d8,GARQ,D11,0,40,40,4,0.25878507,CD8+ T
CGTGAGGAGTTATCCT-14-s4d8,GARQ,D11,0,40,40,5,0.10068372,B1 B
CCTAGTTGTTAGCATG-14-s4d8,GARQ,D11,0,40,40,5,0.21757132,Naive CD20+ B
GCTCATTGTTACTTGC-14-s4d8,GARQ,D11,0,40,40,11,0.08427024,Erythroblast
TCGTCAACATTGCAGC-14-s4d8,GARQ,D11,0,40,40,38,0.112959206,CD8+ T
CATTGCGAGCAGCTAT-14-s4d8,GARQ,D11,0,40,40,12,0.066324055,Proerythroblast
CTATGAGGTTGTTGTC-14-s4d8,GARQ,D11,0,40,40,5,0.08474034,Transitional B
GTAGCTGTCCCTCACG-14-s4d8,GARQ,D11,0,40,40,7,9.2446804e-05,Transitional B
GTTACCTGTGGTTAGC-14-s4d8,GARQ,D11,0,40,40,5,0.038948655,Naive CD20+ B
TTGTGAGGTGAAGCCT-14-s4d8,GARQ,D11,0,40,40,5,0.23960859,Naive CD20+ B
CTGTACCTCAGTGAAG-14-s4d8,GARQ,D11,0,40,40,4,0.101088405,CD8+ T
GCTCGATCAATAACCT-14-s4d8,GARQ,D11,0,40,40,2,0.06268996,CD8+ T
GCTTACCTCCTTGTTG-14-s4d8,GARQ,D11,0,40,40,22,0.15972713,B1 B
TGTAAGCTCCATAAGC-14-s4d8,GARQ,D11,0,40,40,5,0.072353005,Lymph prog
TAGGTTATCCCTCATA-14-s4d8,GARQ,D11,0,40,40,22,0.35316867,Naive CD20+ B
ACCAGGACAGTTAGCC-14-s4d8,GARQ,D11,0,40,40,20,0.0211671,B1 B
TCAGGAGCAACTAGGG-14-s4d8,GARQ,D11,0,40,40,4,0.13807547,CD8+ T
TGTGGCTCAAACGCGA-14-s4d8,GARQ,D11,0,40,40,8,0.053909987,Proerythroblast
CTAAATGTCAATTACG-14-s4d8,GARQ,D11,0,40,40,4,0.18603635,CD8+ T
TTAAGGACACCTAAGC-14-s4d8,GARQ,D11,0,40,40,0,0.20802999,CD8+ T
CCTCCTCTCACGCATG-14-s4d8,GARQ,D11,0,40,40,1,0.048593223,Transitional B
AGACCCGGTGTTAGCA-14-s4d8,GARQ,D11,0,40,40,10,0.07066387,cDC2
GAGTTTGGTTTGACCT-14-s4d8,GARQ,D11,0,40,40,0,0.13534129,NK
CTGACCAAGAACCTGT-14-s4d8,GARQ,D11,0,40,40,9,0.010874152,CD8+ T
TCTTAGTTCATTTGCT-14-s4d8,GARQ,D11,0,40,40,11,0.19837117,Proerythroblast
TAGCCTGAGCTGTAAC-14-s4d8,GARQ,D11,0,40,40,4,0.04573512,CD8+ T
CCGTTATGTGTGTCCC-14-s4d8,GARQ,D11,0,40,40,23,0.111083865,Proerythroblast
TTGTCCATCATTTGCT-14-s4d8,GARQ,D11,0,40,40,0,0.030618012,CD8+ T
ACTGAAACACACCAAC-14-s4d8,GARQ,D11,0,40,40,16,0.046296,CD8+ T
CACGCTAAGGCAAGTA-14-s4d8,GARQ,D11,0,40,40,39,0.02134806,Proerythroblast
AATTTCCTCTCGACCT-14-s4d8,GARQ,D11,0,40,40,1,0.0062897205,CD8+ T
CACTTTGTCCTAGTAA-14-s4d8,GARQ,D11,0,40,40,4,0.10403597,CD8+ T
TAGCCTGAGTCCTGAG-14-s4d8,GARQ,D11,0,40,40,4,0.053949594,CD8+ T
TTGGATTCAGGACCTT-14-s4d8,GARQ,D11,0,40,40,5,0.0768494,Lymph prog
ATTAGCTCACATGCTA-14-s4d8,GARQ,D11,0,40,40,10,0.017350793,CD16+ Mono
TTTAGCTTCAAAGGCA-14-s4d8,GARQ,D11,0,40,40,14,0.053175688,CD8+ T
ATCAGGTTCTAATCTC-14-s4d8,GARQ,D11,0,40,40,5,0.13525319,Lymph prog
TGTATCGCATGATTGT-14-s4d8,GARQ,D11,0,40,40,22,0.17093444,Naive CD20+ B
GGTTATATCACGCCAA-14-s4d8,GARQ,D11,0,40,40,7,0.05065745,Transitional B
TCAAGAACACAAAGCG-14-s4d8,GARQ,D11,0,40,40,36,2.6106834e-05,CD14+ Mono
AACCGCTCATTGCGAC-14-s4d8,GARQ,D11,0,40,40,4,0.27746266,CD8+ T
CCAACCAAGGACTTAC-14-s4d8,GARQ,D11,0,40,40,36,0.04632747,CD14+ Mono
GTTCCTTCACTTCACT-14-s4d8,GARQ,D11,0,40,40,0,0.15321267,CD8+ T
TGTAATGTCCTTGAGG-14-s4d8,GARQ,D11,0,40,40,4,0.10543215,CD8+ T
ACACTAGGTTAACGAT-14-s4d8,GARQ,D11,0,40,40,7,0.12732363,Transitional B
TACAAGCTCGAGCTAT-14-s4d8,GARQ,D11,0,40,40,5,0.17607147,Lymph prog
TCCATGCTCTTTGAGA-14-s4d8,GARQ,D11,0,40,40,22,0.041011572,HSC
GGTAAACCAATTAAGG-14-s4d8,GARQ,D11,0,40,40,22,0.016307354,Naive CD20+ B
TAGCCGGGTCCTAACT-14-s4d8,GARQ,D11,0,40,40,30,0.17375618,CD8+ T
GGAGCGATCATGGTGT-14-s4d8,GARQ,D11,0,40,40,12,0.22135639,Proerythroblast
TACCGTTGTAAGCTCA-14-s4d8,GARQ,D11,0,40,40,12,0.050229847,Normoblast
TCTGTGACAGAATGAC-14-s4d8,GARQ,D11,0,40,40,12,0.098662555,Normoblast
CCCAAACCATTGTGTG-14-s4d8,GARQ,D11,0,40,40,5,0.0735296,Naive CD20+ B
TCTCGCCCAGGCATGA-14-s4d8,GARQ,D11,0,40,40,14,0.09396905,CD8+ T
GTTAGACTCTTGAGGT-14-s4d8,GARQ,D11,0,40,40,4,0.30771303,CD8+ T
AAGCATGAGTCATCCC-14-s4d8,GARQ,D11,0,40,40,10,0.034480214,CD16+ Mono
AGTAACGAGGATTTGC-14-s4d8,GARQ,D11,0,40,40,9,0.053442955,CD8+ T
GGCCAACTCGGTCAAT-14-s4d8,GARQ,D11,0,40,40,36,0.01615882,cDC2
TGATCACAGGTCCTGA-14-s4d8,GARQ,D11,0,40,40,0,0.03495443,CD8+ T
TGATTAGTCTCGCCTG-14-s4d8,GARQ,D11,0,40,40,14,0.06751025,CD8+ T
TAGTGTGGTAATTAGC-14-s4d8,GARQ,D11,0,40,40,5,0.2451519,Naive CD20+ B
TGAAGGATCTAATCAG-14-s4d8,GARQ,D11,0,40,40,30,0.124275506,CD4+ T activated
CATGCGCAGCGATACT-14-s4d8,GARQ,D11,0,40,40,30,0.009451985,CD4+ T naive
AGACACGCATTATCCC-14-s4d8,GARQ,D11,0,40,40,14,0.2773702,CD8+ T
TCCTTCAAGGTAGCTT-14-s4d8,GARQ,D11,0,40,40,14,0.041751802,NK
GGTTCCCGTAACGGGA-14-s4d8,GARQ,D11,0,40,40,33,0.03319347,CD8+ T
CGTTTCTCAGCAACCT-14-s4d8,GARQ,D11,0,40,40,10,0.059773207,CD14+ Mono
GCTCTGGCATTATCCC-14-s4d8,GARQ,D11,0,40,40,0,0.11551386,CD8+ T
CAATCTAAGGTCAAAG-14-s4d8,GARQ,D11,0,40,40,38,0.090263486,CD8+ T
GGCTGGTTCCAATTAG-14-s4d8,GARQ,D11,0,40,40,11,0.11754605,Erythroblast
ACTTACTTCGCCTGTT-14-s4d8,GARQ,D11,0,40,40,22,0.1028859,B1 B
TTAGTCAAGGCATTGT-14-s4d8,GARQ,D11,0,40,40,4,0.13618147,CD8+ T
CATTATGAGGCTTAGT-14-s4d8,GARQ,D11,0,40,40,38,0.075470746,CD8+ T
TCCTTAGTCAATGTCA-14-s4d8,GARQ,D11,0,40,40,7,0.12875736,Lymph prog
GATTACTCATAAGCAA-14-s4d8,GARQ,D11,0,40,40,36,0.05076456,cDC2
AGGTTTGGTCGCAATA-14-s4d8,GARQ,D11,0,40,40,22,0.17905545,Transitional B
GTAGGTGCAATTGACT-14-s4d8,GARQ,D11,0,40,40,14,0.077750206,CD8+ T
TTCCTCAAGGCTAGAA-14-s4d8,GARQ,D11,0,40,40,4,0.11253774,CD8+ T
CAGGAAGGTAGGTGTC-14-s4d8,GARQ,D11,0,40,40,4,0.53177905,CD8+ T
GTACTTCGTTCGGGAT-14-s4d8,GARQ,D11,0,40,40,23,0.043679863,Proerythroblast
TCGATTAAGGCATGTT-14-s4d8,GARQ,D11,0,40,40,11,0.22374833,Proerythroblast
CGAAATGAGCTATATG-14-s4d8,GARQ,D11,0,40,40,4,0.3364781,CD8+ T
TGTGTTAAGTTAGAGG-14-s4d8,GARQ,D11,0,40,40,1,0.032939196,CD8+ T
TCCATAAAGTAACGGA-14-s4d8,GARQ,D11,0,40,40,5,0.016025841,Plasma cell
GTTACTAAGCGCATTG-14-s4d8,GARQ,D11,0,40,40,9,0.06796479,CD8+ T
GTGGACACATGCTCCC-14-s4d8,GARQ,D11,0,40,40,38,0.117031574,CD4+ T naive
ACTTGTCGTCGCAATA-14-s4d8,GARQ,D11,0,40,40,36,0.00224185,G/M prog
GGCCTTAAGTTTGTCT-14-s4d8,GARQ,D11,0,40,40,4,0.008824825,CD8+ T
AGAATCGAGCATTAGC-14-s4d8,GARQ,D11,0,40,40,4,0.17301255,CD8+ T
TAAGTAGCAATTGACT-14-s4d8,GARQ,D11,0,40,40,7,0.030616403,Transitional B
CTAGGACGTTTCGCGC-14-s4d8,GARQ,D11,0,40,40,22,0.037244916,Transitional B
ATGCAAACAATATAGG-14-s4d8,GARQ,D11,0,40,40,5,0.040871024,CD4+ T naive
GTTCACCTCACTCAAA-14-s4d8,GARQ,D11,0,40,40,4,0.0771054,NK
GAGCGATAGGCCCAGT-14-s4d8,GARQ,D11,0,40,40,1,0.0019738674,CD8+ T
GAGGTTAAGCTTGCTC-14-s4d8,GARQ,D11,0,40,40,25,0.019747496,CD14+ Mono
CTTAATGAGAATCGCT-14-s4d8,GARQ,D11,0,40,40,4,0.12954164,NK
CGTTAGGTCGCAAACT-14-s4d8,GARQ,D11,0,40,40,0,0.14815295,CD8+ T
GGCTAGACAGTATGTT-14-s4d8,GARQ,D11,0,40,40,0,0.08711362,CD4+ T naive
CTTTGAGCAGCTAACC-14-s4d8,GARQ,D11,0,40,40,38,0.016748548,CD8+ T
TCTCCTCGTATTGCAG-14-s4d8,GARQ,D11,0,40,40,4,0.1326266,CD8+ T
TTATGACCAGTAGCCT-14-s4d8,GARQ,D11,0,40,40,19,0.039548397,NK
CTTAAGATCGCTAGAT-14-s4d8,GARQ,D11,0,40,40,38,0.06341803,CD8+ T
CTTCAATTCACCAATA-14-s4d8,GARQ,D11,0,40,40,22,0.042723536,Naive CD20+ B
AGTAGGATCTAGCGTG-14-s4d8,GARQ,D11,0,40,40,11,0.08207217,Erythroblast
CGATTATCACCTGCCT-14-s4d8,GARQ,D11,0,40,40,0,0.27868056,CD8+ T
GAGTAATAGGCCTTAG-14-s4d8,GARQ,D11,0,40,40,10,0.105778456,CD16+ Mono
CAATGAACACAATGCC-14-s4d8,GARQ,D11,0,40,40,6,0.0012546778,CD4+ T activated
CGGCTAATCGCTTGCT-14-s4d8,GARQ,D11,0,40,40,34,0.049066186,cDC2
AAGCATGAGATTCCTT-14-s4d8,GARQ,D11,0,40,40,10,0.122071624,cDC2
TGTTACTTCCACCTGT-14-s4d8,GARQ,D11,0,40,40,4,0.29570132,CD8+ T
CATAGGCGTCAGGAAG-14-s4d8,GARQ,D11,0,40,40,23,0.010252535,Naive CD20+ B
CACCTCAGTTGCAATG-14-s4d8,GARQ,D11,0,40,40,15,0.11725277,CD8+ T
TTCATTCAGCACGTTG-14-s4d8,GARQ,D11,0,40,40,11,0.037049294,Proerythroblast
CCAGCTGCATTAGGTT-14-s4d8,GARQ,D11,0,40,40,14,0.0021361113,CD8+ T
TAGCTAGGTTTCCTCC-14-s4d8,GARQ,D11,0,40,40,8,0.030068457,Proerythroblast
GTGATCAGTTTACTTG-14-s4d8,GARQ,D11,0,40,40,9,0.005803585,CD8+ T
AGCAAATAGGGTGAAC-14-s4d8,GARQ,D11,0,40,40,9,0.030590057,CD4+ T activated
TAAGTAGCACAGCCTG-14-s4d8,GARQ,D11,0,40,40,10,0.15659815,B1 B
TCCATCATCATGACCG-14-s4d8,GARQ,D11,0,40,40,5,0.050045013,Naive CD20+ B
CCTTATGTCATGGTGT-14-s4d8,GARQ,D11,0,40,40,4,0.18558061,CD8+ T
ATTATCCTCCAATTAG-14-s4d8,GARQ,D11,0,40,40,11,0.04880333,Proerythroblast
CTGGTTACAAACAACA-14-s4d8,GARQ,D11,0,40,40,4,0.14573246,CD8+ T
AGCTAAACATGTCGCG-14-s4d8,GARQ,D11,0,40,40,14,0.20767713,CD8+ T
AGTAACACAAAGGTAC-14-s4d8,GARQ,D11,0,40,40,0,0.022286177,CD8+ T
TGTTCCTCAGTTTGGC-14-s4d8,GARQ,D11,0,40,40,5,0.19929719,B1 B
GTTGGCCAGGAGCAAC-14-s4d8,GARQ,D11,0,40,40,36,0.07646662,HSC
AAACCGAAGTAACTCA-14-s4d8,GARQ,D11,0,40,40,11,0.020434141,Proerythroblast
TCTGTGACACGTAATT-14-s4d8,GARQ,D11,0,40,40,0,0.19563699,CD8+ T
ACGCTTGAGTTAACCA-14-s4d8,GARQ,D11,0,40,40,22,0.1351724,Naive CD20+ B
TCAGGAGCAAGCCAGA-14-s4d8,GARQ,D11,0,40,40,36,0.15914214,MK/E prog
TACCTCATCGCTTGCT-14-s4d8,GARQ,D11,0,40,40,38,0.12850189,CD8+ T
GCTTACCTCCAAACAC-14-s4d8,GARQ,D11,0,40,40,38,0.015879035,CD8+ T
AATTGACGTGCCTCAC-14-s4d8,GARQ,D11,0,40,40,10,0.11555004,CD14+ Mono
GGGTTTCCAATTAGGA-14-s4d8,GARQ,D11,0,40,40,0,0.04492259,CD8+ T
TCCTCAATCGTTACTT-14-s4d8,GARQ,D11,0,40,40,30,0.025556862,CD8+ T
ACAACACTCTGGCTTC-14-s4d8,GARQ,D11,0,40,40,7,0.27156603,Transitional B
TCCATCATCCTCCCTC-14-s4d8,GARQ,D11,0,40,40,10,0.022845984,B1 B
CTAATAGTCAACAAGG-14-s4d8,GARQ,D11,0,40,40,14,0.084781885,CD4+ T activated
CGCCTCATCAGCCAAT-14-s4d8,GARQ,D11,0,40,40,13,0.08558428,CD4+ T activated
TTGCTCTCATTGTTGG-14-s4d8,GARQ,D11,0,40,40,4,0.09575343,CD8+ T
TACCTGCTCACATTGA-14-s4d8,GARQ,D11,0,40,40,36,0.17091781,HSC
TAGTGTGGTCCTTCAG-14-s4d8,GARQ,D11,0,40,40,5,0.012567699,Lymph prog
TGCAATATCGCTCACT-14-s4d8,GARQ,D11,0,40,40,1,0.019965172,CD8+ T
CGCTTCTAGGGACCTC-14-s4d8,GARQ,D11,0,40,40,7,0.33260107,Lymph prog
GGACATAAGTTTGAGC-14-s4d8,GARQ,D11,0,40,40,14,0.05528736,CD8+ T
TCTTGTCCAGGCCAAA-14-s4d8,GARQ,D11,0,40,40,0,0.006174445,CD8+ T
CGAATATGTGATGAAA-14-s4d8,GARQ,D11,0,40,40,5,0.06255233,Lymph prog
GGGCATGAGGCAATAG-14-s4d8,GARQ,D11,0,40,40,5,0.27852273,Transitional B
TTAGGCCCACCTCGCT-14-s4d8,GARQ,D11,0,40,40,30,0.2047841,CD4+ T activated
TGCTGGATCTAATCAG-14-s4d8,GARQ,D11,0,40,40,11,0.1244759,Proerythroblast
TTGTCCGGTTGCAATG-14-s4d8,GARQ,D11,0,40,40,5,0.1849032,Naive CD20+ B
TCAGGAGCATAGCGAG-14-s4d8,GARQ,D11,0,40,40,4,0.32708037,CD8+ T
CCCGTAAAGGGCTAAA-14-s4d8,GARQ,D11,0,40,40,0,0.009700537,CD8+ T
GACCTAAGTCCTTCTC-14-s4d8,GARQ,D11,0,40,40,22,0.019616663,Naive CD20+ B
CGTGTTACAGAAATTG-14-s4d8,GARQ,D11,0,40,40,22,0.27934074,Naive CD20+ B
GGTCAAGCACTATGGC-14-s4d8,GARQ,D11,0,40,40,11,0.006611854,Proerythroblast
TAGGAGGGTTGCATCT-14-s4d8,GARQ,D11,0,40,40,1,0.045654774,CD8+ T
TGCTCTCAGCAGCTCA-14-s4d8,GARQ,D11,0,40,40,36,0.058221996,CD14+ Mono
TAATGGACATTAGGTT-14-s4d8,GARQ,D11,0,40,40,22,0.0580467,B1 B
GCCTACTTCGGTAACT-14-s4d8,GARQ,D11,0,40,40,5,0.012368441,Naive CD20+ B
CTTCTCAAGTAAGTGG-14-s4d8,GARQ,D11,0,40,40,14,0.060334206,NK
CAAAGTGAGGTCCACA-14-s4d8,GARQ,D11,0,40,40,0,0.04678327,CD8+ T
TCCTTTACATTTGCTC-14-s4d8,GARQ,D11,0,40,40,36,0.046475053,cDC2
TTGCAGCCAACCCTAA-14-s4d8,GARQ,D11,0,40,40,4,0.016906142,CD8+ T
CACCAACCACATACTG-14-s4d8,GARQ,D11,0,40,40,6,0.0629884,CD8+ T
CGTTGCAAGCCGCTAA-14-s4d8,GARQ,D11,0,40,40,12,0.06930587,Erythroblast
GTCTAACAGGCTGTCA-14-s4d8,GARQ,D11,0,40,40,38,0.030428112,CD8+ T
GTTCCTGGTTTGTCTA-14-s4d8,GARQ,D11,0,40,40,7,0.17158306,Transitional B
ATGTTTGAGTATTGCA-14-s4d8,GARQ,D11,0,40,40,14,0.043546557,CD4+ T naive
GGGTCAACAAGTCGCT-14-s4d8,GARQ,D11,0,40,40,0,0.17305198,CD4+ T naive
AATCATGTCCCTGATC-14-s4d8,GARQ,D11,0,40,40,0,0.2080037,CD8+ T
ATGACCAGTAGGATTT-14-s4d8,GARQ,D11,0,40,40,11,0.17398775,Erythroblast
GGGTTTCCAGCATTAT-14-s4d8,GARQ,D11,0,40,40,4,0.13152558,CD8+ T
ACCCTCCCAACTAGGG-14-s4d8,GARQ,D11,0,40,40,22,0.14676398,Naive CD20+ B
TTTCGTCCAGTAGGAT-14-s4d8,GARQ,D11,0,40,40,0,0.049280047,CD8+ T
GGTCAAGCAAAGCTCC-14-s4d8,GARQ,D11,0,40,40,11,0.004311025,MK/E prog
CAATCTAAGACAAGTG-14-s4d8,GARQ,D11,0,40,40,39,0.10133952,Proerythroblast
CTTTGTCCATAATTGC-14-s4d8,GARQ,D11,0,40,40,10,0.011780143,CD14+ Mono
TCAACAATCATGTGGT-14-s4d8,GARQ,D11,0,40,40,22,0.11889723,Naive CD20+ B
GCGGTTATCTCGACCT-14-s4d8,GARQ,D11,0,40,40,5,0.1536799,Transitional B
GCAGGATAGACAAACG-14-s4d8,GARQ,D11,0,40,40,7,0.27230513,pDC
TTAGCAATCCTTGCGT-14-s4d8,GARQ,D11,0,40,40,4,0.14717174,CD8+ T
GTCCTAGAGGCGTAAA-14-s4d8,GARQ,D11,0,40,40,4,0.10665995,CD8+ T
TATGACATCATTGACA-14-s4d8,GARQ,D11,0,40,40,11,0.2464357,Erythroblast
TCATGTTTCTGCAAGT-14-s4d8,GARQ,D11,0,40,40,7,0.00097343326,Naive CD20+ B
GAGCAAATCTAATCCT-14-s4d8,GARQ,D11,0,40,40,9,0.02875787,CD8+ T
TTGGATATCTTTAAGG-14-s4d8,GARQ,D11,0,40,40,11,0.02309835,Erythroblast
GTTCCCAGTTTGAGCA-14-s4d8,GARQ,D11,0,40,40,36,0.0048167706,CD14+ Mono
TGTTAGCAGACCATAC-14-s4d8,GARQ,D11,0,40,40,11,0.18077594,Proerythroblast
CCTTCGTAGCACGTTG-14-s4d8,GARQ,D11,0,40,40,1,0.08481091,CD8+ T
GCGGTTGGTTCACTGT-14-s4d8,GARQ,D11,0,40,40,10,0.053406715,CD14+ Mono
TCGGTAAGTGTTTGAG-14-s4d8,GARQ,D11,0,40,40,5,0.0077295303,Naive CD20+ B
GGACAGCCAAGCTAAA-14-s4d8,GARQ,D11,0,40,40,7,0.23903894,Transitional B
TGATTGCAGTGCTGTG-14-s4d8,GARQ,D11,0,40,40,5,0.2167257,B1 B
CATGAGGCAGGTTAAA-14-s4d8,GARQ,D11,0,40,40,0,0.02716291,NK
ATGTGAGAGAAAGGAA-14-s4d8,GARQ,D11,0,40,40,1,0.06636441,CD8+ T
TACTTCGTCCTCATGC-14-s4d8,GARQ,D11,0,40,40,4,0.083566785,CD8+ T
TTTCTCACACCCTCAC-14-s4d8,GARQ,D11,0,40,40,38,0.014009774,CD8+ T
GGTTCTTGTGAGACTC-14-s4d8,GARQ,D11,0,40,40,9,0.20370388,CD8+ T
AGCTACTAGATTCCTT-14-s4d8,GARQ,D11,0,40,40,22,0.06831652,Lymph prog
ATTAGGTGTTAGAGCC-14-s4d8,GARQ,D11,0,40,40,4,0.20371836,CD8+ T
GGATAACCACAGAACG-14-s4d8,GARQ,D11,0,40,40,22,0.039773464,Naive CD20+ B
CTAAGTCAGGTCCTGA-14-s4d8,GARQ,D11,0,40,40,12,0.20959687,Normoblast
CAATGACTCGGGATTT-14-s4d8,GARQ,D11,0,40,40,22,0.14384389,Naive CD20+ B
GCTAAGTTCTTGTTCG-14-s4d8,GARQ,D11,0,40,40,12,0.025060654,Proerythroblast
GCACCTAAGCTTGCTC-14-s4d8,GARQ,D11,0,40,40,2,0.16833669,CD8+ T
ACCGGCTAGCCTGTTC-14-s4d8,GARQ,D11,0,40,40,11,0.248528,Proerythroblast
CGCATATAGAATCTCA-14-s4d8,GARQ,D11,0,40,40,12,0.008311689,Normoblast
CGGGCTTAGGTCAAAG-14-s4d8,GARQ,D11,0,40,40,12,0.026854336,Normoblast
AACTAGCTCCTGATGG-14-s4d8,GARQ,D11,0,40,40,22,0.1263231,Naive CD20+ B
TAGCAGGCAATCCTGA-14-s4d8,GARQ,D11,0,40,40,7,0.34336174,Lymph prog
GGAACGGTCCTGGTGA-14-s4d8,GARQ,D11,0,40,40,11,0.3090948,Proerythroblast
CTCATGACACCAACCG-14-s4d8,GARQ,D11,0,40,40,22,0.07523584,Naive CD20+ B
TGGTCAAGTATTTGGG-14-s4d8,GARQ,D11,0,40,40,4,0.20065594,CD8+ T
CGCACAATCATGTCAA-14-s4d8,GARQ,D11,0,40,40,14,0.13627028,CD8+ T
TTGGGCGGTACGGTAC-14-s4d8,GARQ,D11,0,40,40,36,0.08886182,CD14+ Mono
AGGTCTTAGCGCAATT-14-s4d8,GARQ,D11,0,40,40,11,0.028391302,Proerythroblast
TACCTTTAGATTGAGG-14-s4d8,GARQ,D11,0,40,40,9,0.02986461,CD8+ T
GGAGGTTAGAGGATAT-14-s4d8,GARQ,D11,0,40,40,9,0.04469961,CD4+ T activated
GATGACTTCTGCAAGT-14-s4d8,GARQ,D11,0,40,40,11,0.031874776,Erythroblast
TCAAGGAAGAATCGCT-14-s4d8,GARQ,D11,0,40,40,5,0.2948901,Naive CD20+ B
GACTAATGTCAGTAAT-14-s4d8,GARQ,D11,0,40,40,7,0.06558633,B1 B
ATTCAACCAAACTGTT-14-s4d8,GARQ,D11,0,40,40,10,0.06376749,B1 B
TAGAGCCGTAAGCTCA-14-s4d8,GARQ,D11,0,40,40,4,0.1506452,CD4+ T activated
CTATAACCACCCACAG-14-s4d8,GARQ,D11,0,40,40,11,0.085897505,Erythroblast
GTCGAGGAGGTAGCTT-14-s4d8,GARQ,D11,0,40,40,12,0.050327003,Erythroblast
GACTAATGTTCCTGAT-14-s4d8,GARQ,D11,0,40,40,1,0.0037275553,CD4+ T activated
TGAGGTGCAATCCTGA-14-s4d8,GARQ,D11,0,40,40,8,0.024281234,Proerythroblast
CTTGCATGTTTGCTGT-14-s4d8,GARQ,D11,0,40,40,4,0.09034628,CD4+ T activated
GCTAGTGTCACAGACT-14-s4d8,GARQ,D11,0,40,40,1,0.06250805,CD8+ T
TGTCCTTCAGCAAATA-14-s4d8,GARQ,D11,0,40,40,7,0.21637368,Transitional B
CTAGTCGAGGGCCATC-14-s4d8,GARQ,D11,0,40,40,12,0.1487529,Normoblast
GGCTATTAGTAAGAAC-14-s4d8,GARQ,D11,0,40,40,5,0.022580266,B1 B
TCGCGCACACACAATT-14-s4d8,GARQ,D11,0,40,40,5,0.1917035,Lymph prog
TGCGGTTCACAGGATG-14-s4d8,GARQ,D11,0,40,40,7,0.21200648,Transitional B
GAGGTTAAGTTATCTC-14-s4d8,GARQ,D11,0,40,40,4,0.049747527,CD8+ T
TTGGTGAGTTCATCTA-14-s4d8,GARQ,D11,0,40,40,29,0.056215763,CD8+ T
GAGAACCAGGCTGGCT-14-s4d8,GARQ,D11,0,40,40,7,0.12741649,Naive CD20+ B
GCTGGTTCAGCAAGAT-14-s4d8,GARQ,D11,0,40,40,12,0.0011810064,Proerythroblast
AGTGGACAGGATTTGC-14-s4d8,GARQ,D11,0,40,40,36,0.08179569,HSC
ATCCATAAGGCATTAC-14-s4d8,GARQ,D11,0,40,40,14,0.012877345,CD4+ T activated
GCTGCAATCAGGAAGC-14-s4d8,GARQ,D11,0,40,40,12,0.03369248,Erythroblast
CACAAGCGTGCGCATG-14-s4d8,GARQ,D11,0,40,40,10,0.027376413,CD14+ Mono
CAAGTTATCCAGGGAG-14-s4d8,GARQ,D11,0,40,40,8,0.03281167,HSC
TTCGTTAGTAACGTGC-14-s4d8,GARQ,D11,0,40,40,5,0.19043756,Transitional B
ATGCATTCACTAAGAA-14-s4d8,GARQ,D11,0,40,40,10,0.04212731,Naive CD20+ B
AAACGTACATTATGAC-14-s4d8,GARQ,D11,0,40,40,26,0.1560672,CD4+ T activated
TGTATCGCACAGCCAT-14-s4d8,GARQ,D11,0,40,40,38,0.036051452,CD8+ T
ACCACATAGCTATGAC-14-s4d8,GARQ,D11,0,40,40,7,0.3173628,Lymph prog
GATTAGCTCATCCACC-14-s4d8,GARQ,D11,0,40,40,4,0.25395465,NK
TTTCCGGGTGATTACG-14-s4d8,GARQ,D11,0,40,40,0,0.053629756,CD8+ T
GTGTTACAGCTGGAAA-14-s4d8,GARQ,D11,0,40,40,38,0.024417877,CD4+ T activated
AAGCTCCCAACCCTAA-14-s4d8,GARQ,D11,0,40,40,7,0.28351557,Lymph prog
CTCTGTTCATGTTGCA-14-s4d8,GARQ,D11,0,40,40,22,0.14530706,Transitional B
CGTCCTAGTCCTAAGA-14-s4d8,GARQ,D11,0,40,40,4,0.024606824,NK
TACAACATCGATATTG-14-s4d8,GARQ,D11,0,40,40,37,0.03217691,CD8+ T
ACTGAATGTCCTTTAA-14-s4d8,GARQ,D11,0,40,40,36,0.1210134,CD14+ Mono
GTGCTTCTCACTAATG-14-s4d8,GARQ,D11,0,40,40,4,0.13041091,CD8+ T
CATCACACATGTGGGA-14-s4d8,GARQ,D11,0,40,40,14,0.0028988123,CD4+ T activated
GACGCAACATAGGCGA-14-s4d8,GARQ,D11,0,40,40,5,0.12911308,Naive CD20+ B
CTAATGTCACCTAAGC-14-s4d8,GARQ,D11,0,40,40,4,0.017709613,CD8+ T
CAAGTGAAGTTCCTCA-14-s4d8,GARQ,D11,0,40,40,14,0.010013819,CD8+ T
TGGGCCTAGTAACCCG-14-s4d8,GARQ,D11,0,40,40,19,0.024594009,CD8+ T
ACTTACTTCTTGGATA-14-s4d8,GARQ,D11,0,40,40,5,0.06329566,MK/E prog
GAGCCTTCAGTCTAAT-14-s4d8,GARQ,D11,0,40,40,7,0.102026165,Naive CD20+ B
CTCTGTTCATCCTAGA-14-s4d8,GARQ,D11,0,40,40,4,0.15906978,CD4+ T naive
TCATGCCTCCTCAGCT-14-s4d8,GARQ,D11,0,40,40,23,0.0976063,Naive CD20+ B
GAAGGCTAGTTTCCTG-14-s4d8,GARQ,D11,0,40,40,39,0.041382343,Erythroblast
CATTGTGCAAGGTACG-14-s4d8,GARQ,D11,0,40,40,4,0.029486835,CD8+ T
ACTTCGCTCTCGACCT-14-s4d8,GARQ,D11,0,40,40,5,0.033071518,Naive CD20+ B
TTTCAGTTCTCAATTC-14-s4d8,GARQ,D11,0,40,40,14,0.08878648,CD8+ T
CTGTAACAGCGAGCGA-14-s4d8,GARQ,D11,0,40,40,11,0.12624961,Proerythroblast
TATTACCTCGACCTGA-14-s4d8,GARQ,D11,0,40,40,11,0.060420573,Proerythroblast
TCAGGTTAGGACCTGC-14-s4d8,GARQ,D11,0,40,40,14,0.21698654,CD8+ T
TATGACATCAAACACC-14-s4d8,GARQ,D11,0,40,40,4,0.3836943,CD4+ T activated
GATGCATTCTAATTGG-14-s4d8,GARQ,D11,0,40,40,12,0.015462041,Proerythroblast
ACATTGCAGTTAGCTA-14-s4d8,GARQ,D11,0,40,40,38,0.104809165,NK
ATATGGTGTCGTTACT-14-s4d8,GARQ,D11,0,40,40,4,0.3591392,CD8+ T
AATTGCTCATTAGGTT-14-s4d8,GARQ,D11,0,40,40,0,0.03987539,CD8+ T
GACCTCAAGCTCCCTG-14-s4d8,GARQ,D11,0,40,40,9,0.019040823,CD4+ T naive
GCGGGTTTCCTTTACG-14-s4d8,GARQ,D11,0,40,40,36,0.029140234,CD14+ Mono
AAGTTACGTGCTGTAA-14-s4d8,GARQ,D11,0,40,40,33,0.024470747,CD8+ T
GCAAACTTCTTGATGA-14-s4d8,GARQ,D11,0,40,40,0,0.15164071,CD8+ T
TTAGACTCAGTGAACG-14-s4d8,GARQ,D11,0,40,40,4,0.044822812,CD4+ T naive
AAAGGACGTTTGGGCG-14-s4d8,GARQ,D11,0,40,40,29,0.032702684,HSC
AATCATGTCCTTGCAC-14-s4d8,GARQ,D11,0,40,40,8,0.0646559,Proerythroblast
GATCAGTTCTATCGCC-14-s4d8,GARQ,D11,0,40,40,4,0.33672953,CD8+ T
ACAACAGAGTATTGCA-14-s4d8,GARQ,D11,0,40,40,4,0.13334143,CD8+ T
AGCGGACCAAAGGTAC-14-s4d8,GARQ,D11,0,40,40,27,0.042453647,HSC
GGCTAGTGTAAGGTTT-14-s4d8,GARQ,D11,0,40,40,39,0.048362374,Proerythroblast
TCTAGCACATCCTAGA-14-s4d8,GARQ,D11,0,40,40,4,0.067786634,CD8+ T
GCCCGTTGTATGGTGC-14-s4d8,GARQ,D11,0,40,40,0,0.14893961,CD8+ T
CTGCTATGTTCAAGCA-14-s4d8,GARQ,D11,0,40,40,5,0.018369675,Naive CD20+ B
TGCACCTTCCTAAGGT-14-s4d8,GARQ,D11,0,40,40,14,0.03170228,CD8+ T
CGCAATTAGGGTTATC-14-s4d8,GARQ,D11,0,40,40,9,0.031121135,NK
GTGCTCCGTAGGATTT-14-s4d8,GARQ,D11,0,40,40,36,0.12323952,CD14+ Mono
AAGTCTATCCCGCATT-14-s4d8,GARQ,D11,0,40,40,4,0.12523627,CD4+ T activated
AATAGCTGTACAAAGA-14-s4d8,GARQ,D11,0,40,40,11,0.104726374,Erythroblast
CGATTGAGTCACTCGC-14-s4d8,GARQ,D11,0,40,40,12,0.059396207,Erythroblast
TTGGATATCCAAGTTA-14-s4d8,GARQ,D11,0,40,40,5,0.22438323,Transitional B
CCAAATCAGTGAAGTG-14-s4d8,GARQ,D11,0,40,40,9,0.11934155,CD8+ T
GGCTTCAAGTTTGTCT-14-s4d8,GARQ,D11,0,40,40,2,0.0685218,CD8+ T
GGCTATGTCATTCATC-14-s4d8,GARQ,D11,0,40,40,4,0.09292781,CD8+ T
GTATTCAAGTAAGTGG-14-s4d8,GARQ,D11,0,40,40,31,0.021137595,B1 B
ACAGTATGTCTCACTG-14-s4d8,GARQ,D11,0,40,40,2,0.006042838,CD4+ T activated
AAAGCTTGTCGTAAAT-14-s4d8,GARQ,D11,0,40,40,22,0.20300537,B1 B
GCTCAACCAATAACCT-14-s4d8,GARQ,D11,0,40,40,38,0.014065385,CD8+ T
TCTGTGACACTGACTA-14-s4d8,GARQ,D11,0,40,40,0,0.12196064,CD8+ T
CCCAAATAGAAAGCAT-14-s4d8,GARQ,D11,0,40,40,0,0.013040185,CD4+ T naive
GCCAATAGTTAAGGTT-14-s4d8,GARQ,D11,0,40,40,38,0.07769698,CD8+ T
TCAGTAGGTAGTTGGC-14-s4d8,GARQ,D11,0,40,40,7,0.2146281,Transitional B
ACTGAAACAATCCTAG-14-s4d8,GARQ,D11,0,40,40,7,0.1719439,Naive CD20+ B
GTGCTCAAGCATGACT-14-s4d8,GARQ,D11,0,40,40,22,0.009078443,Transitional B
GAGGAGGCATCATGGC-14-s4d8,GARQ,D11,0,40,40,5,0.22013322,Transitional B
TTGCGAGTCGCAACAT-14-s4d8,GARQ,D11,0,40,40,7,0.081680655,Lymph prog
TCCCGGACAGTTTCTC-14-s4d8,GARQ,D11,0,40,40,36,0.05129409,cDC2
CATTGTAAGCTCAATA-14-s4d8,GARQ,D11,0,40,40,13,0.16412246,CD8+ T
AGTTATGTCCTGAATA-14-s4d8,GARQ,D11,0,40,40,0,0.16623133,CD8+ T
CTAACCTGTATCTGGA-14-s4d8,GARQ,D11,0,40,40,5,0.21655607,Transitional B
GAACGAATCATGAGCT-14-s4d8,GARQ,D11,0,40,40,28,0.03191501,CD4+ T naive
TGCTAGCCAGGCATGA-14-s4d8,GARQ,D11,0,40,40,2,0.101704,CD4+ T activated
TTTCACCCATAATCCG-14-s4d8,GARQ,D11,0,40,40,20,0.07594901,Naive CD20+ B
TGGCGGTTCCTGATTT-14-s4d8,GARQ,D11,0,40,40,7,0.2648452,Lymph prog
GGGATTAAGTCACCAG-14-s4d8,GARQ,D11,0,40,40,22,0.16038153,Naive CD20+ B
TGTATCGCATAGCTGC-14-s4d8,GARQ,D11,0,40,40,34,0.028046966,HSC
ATTATCCTCCCGTTTA-14-s4d8,GARQ,D11,0,40,40,5,0.40776968,Naive CD20+ B
CGAACAAAGTTCCTGC-14-s4d8,GARQ,D11,0,40,40,2,0.03532988,CD4+ T naive
TTAGACTCATTAGGCC-14-s4d8,GARQ,D11,0,40,40,4,0.10020548,NK
TCGCATTGTGAGACTC-14-s4d8,GARQ,D11,0,40,40,22,0.11986843,B1 B
TACTCAAAGCTTTGGG-14-s4d8,GARQ,D11,0,40,40,4,0.14069128,CD8+ T
CCGTTGCGTTATCCGT-14-s4d8,GARQ,D11,0,40,40,4,0.122446656,CD8+ T
AGCTACGTCCGGGACT-14-s4d8,GARQ,D11,0,40,40,4,0.156726,CD8+ T
GAGTAATAGTAGCTTA-14-s4d8,GARQ,D11,0,40,40,14,0.1343031,CD8+ T
CCGATGCAGCCAAATC-14-s4d8,GARQ,D11,0,40,40,10,0.020051956,CD14+ Mono
AATCCATCATGTCAGC-14-s4d8,GARQ,D11,0,40,40,22,0.020698786,Transitional B
CTGTTAAAGGCGTAAA-14-s4d8,GARQ,D11,0,40,40,38,0.055241287,CD8+ T
TAGCCTTGTTAGTACG-14-s4d8,GARQ,D11,0,40,40,5,0.10545266,MK/E prog
AAACAGCCATGAAATG-14-s4d8,GARQ,D11,0,40,40,10,0.13907331,Plasma cell
AAGCCTTAGTTGCGTG-14-s4d8,GARQ,D11,0,40,40,10,0.004843116,cDC2
TCGCGCACAGTAAGTA-14-s4d8,GARQ,D11,0,40,40,1,0.0002593398,CD8+ T
TCCATCATCATCCACC-14-s4d8,GARQ,D11,0,40,40,7,0.12314218,Lymph prog
CATAATGTCATTGCGG-14-s4d8,GARQ,D11,0,40,40,0,0.19762844,CD8+ T
ATTTGCGCATTAGCGC-14-s4d8,GARQ,D11,0,40,40,12,0.08360767,Proerythroblast
ATGGCTAGTTTGGGTA-14-s4d8,GARQ,D11,0,40,40,9,0.023943186,CD8+ T
CATTCCTCACAACCTA-14-s4d8,GARQ,D11,0,40,40,7,0.25141293,Lymph prog
TCCTCACAGCCTCTGT-14-s4d8,GARQ,D11,0,40,40,38,0.0003926158,CD8+ T
CTCCAAACAGGCAAGC-14-s4d8,GARQ,D11,0,40,40,22,0.09828532,Naive CD20+ B
CCTCAGTTCGCAACAT-14-s4d8,GARQ,D11,0,40,40,4,0.03819704,CD8+ T
GATGGCTGTTAAGTGT-14-s4d8,GARQ,D11,0,40,40,0,0.3250544,CD8+ T
CTCGCTAGTTAGGCGT-14-s4d8,GARQ,D11,0,40,40,15,0.0357368,NK
TGCAATATCGATTTAG-14-s4d8,GARQ,D11,0,40,40,4,0.30573797,CD8+ T
TGGGCATGTAGTAAGA-14-s4d8,GARQ,D11,0,40,40,0,0.068472445,CD8+ T
GTGCTGGGTACGGTAC-14-s4d8,GARQ,D11,0,40,40,8,0.0125386715,Erythroblast
CTCCTGAGTCCCGGAA-14-s4d8,GARQ,D11,0,40,40,7,0.3950134,Transitional B
GCAATAGAGAAACTGG-14-s4d8,GARQ,D11,0,40,40,0,0.121046126,CD4+ T naive
GAACACAAGGTCAAAG-14-s4d8,GARQ,D11,0,40,40,17,0.04536587,Erythroblast
TCACCTCAGCCTTAAA-14-s4d8,GARQ,D11,0,40,40,7,0.04347682,Transitional B
TATAGGTGTTGCAATG-14-s4d8,GARQ,D11,0,40,40,38,0.017670155,CD8+ T
TCGACAAGTTATTGCC-14-s4d8,GARQ,D11,0,40,40,4,0.021052659,CD8+ T
CGAAATGAGGCTCATG-14-s4d8,GARQ,D11,0,40,40,0,0.093762696,CD8+ T
CCTATTTAGTAATCCA-14-s4d8,GARQ,D11,0,40,40,2,0.07470769,CD8+ T
AAGCTATGTGTTTGTC-14-s4d8,GARQ,D11,0,40,40,38,0.05495262,CD8+ T
TTGCAAGGTATTCGCT-14-s4d8,GARQ,D11,0,40,40,14,0.042021155,CD8+ T
ACCTGGTCAAACCTAT-14-s4d8,GARQ,D11,0,40,40,11,0.097132444,Proerythroblast
TTGTGCCTCTGCAAGT-14-s4d8,GARQ,D11,0,40,40,0,0.3491435,CD8+ T
GCAATGTTCCCTGGAA-14-s4d8,GARQ,D11,0,40,40,12,0.112140656,Proerythroblast
TCAAGCTAGCCTGGTA-14-s4d8,GARQ,D11,0,40,40,4,0.0104852915,CD4+ T naive
GCAGGAAGTACCAGGT-14-s4d8,GARQ,D11,0,40,40,14,0.02799958,CD8+ T
CTCGCTAGTTGACTTC-14-s4d8,GARQ,D11,0,40,40,14,0.08257705,CD4+ T activated
TGTGATCAGCTTAGCG-14-s4d8,GARQ,D11,0,40,40,1,0.072932124,CD8+ T
GCTAAGTTCGTTTCCA-14-s4d8,GARQ,D11,0,40,40,0,0.0025250912,CD8+ T
AGCCTCCGTAGTAAGA-14-s4d8,GARQ,D11,0,40,40,14,0.103351116,CD8+ T
AGCACTTAGTAAAGGT-14-s4d8,GARQ,D11,0,40,40,0,0.09528917,CD8+ T
GCACTAAGTCAAGTGC-14-s4d8,GARQ,D11,0,40,40,14,0.022654712,CD4+ T activated
CTTGGACCATAAGCAA-14-s4d8,GARQ,D11,0,40,40,38,0.013313651,CD8+ T
AGCTTTAAGGTTAGCT-14-s4d8,GARQ,D11,0,40,40,5,0.057343096,B1 B
AGTAAGTAGGAAGCAC-14-s4d8,GARQ,D11,0,40,40,25,0.021573782,CD16+ Mono
GAGCCACTCCAAACAC-14-s4d8,GARQ,D11,0,40,40,12,0.050535977,Proerythroblast
GCTAAGAAGAAGGTGC-14-s4d8,GARQ,D11,0,40,40,33,0.043617904,CD8+ T
GAAGTATAGGGATGAC-14-s4d8,GARQ,D11,0,40,40,2,0.029370308,CD8+ T
GATCAGGCAATTTGGT-14-s4d8,GARQ,D11,0,40,40,5,0.050857365,B1 B
AAGCAAGTCAAACCGT-14-s4d8,GARQ,D11,0,40,40,26,0.096246004,CD8+ T
CACCAACCATGCATAT-14-s4d8,GARQ,D11,0,40,40,5,0.03231889,MK/E prog
CTCCTGAGTGCCTCAC-14-s4d8,GARQ,D11,0,40,40,22,0.02562952,Naive CD20+ B
TGTTAGCAGTTGTCCC-14-s4d8,GARQ,D11,0,40,40,23,0.0052797794,Proerythroblast
TAGTGGCGTGCTCACC-14-s4d8,GARQ,D11,0,40,40,7,0.11224973,Transitional B
TGTGCGGGTACCGAAC-14-s4d8,GARQ,D11,0,40,40,21,0.03231883,CD4+ T activated
GGCTCAATCCCGTTGT-14-s4d8,GARQ,D11,0,40,40,7,0.2120468,Transitional B
CTCGCTCCAGTTATCG-14-s4d8,GARQ,D11,0,40,40,14,0.018524647,CD8+ T
AGGCAGGTCTAATCCT-14-s4d8,GARQ,D11,0,40,40,14,0.06240368,CD8+ T
AGCTAACTCTTGACCC-14-s4d8,GARQ,D11,0,40,40,7,0.053845763,Lymph prog
GGAAGCTAGTTCCCGT-14-s4d8,GARQ,D11,0,40,40,7,0.16398335,Lymph prog
CAATAAGCAGCTTAAT-14-s4d8,GARQ,D11,0,40,40,12,0.11292556,Normoblast
CACAGGCTCTTAGCCC-14-s4d8,GARQ,D11,0,40,40,36,0.012749672,CD16+ Mono
CTTTCTTGTCATGAGC-14-s4d8,GARQ,D11,0,40,40,36,0.044451118,Lymph prog
CCTAATCGTCATGCAA-14-s4d8,GARQ,D11,0,40,40,5,0.01914066,HSC
CTTGCGCGTAAGGTCC-14-s4d8,GARQ,D11,0,40,40,5,0.15558362,Naive CD20+ B
AGTTGCAGTTACATCC-14-s4d8,GARQ,D11,0,40,40,4,0.11551005,CD8+ T
GTTGCCCGTTTATGGG-14-s4d8,GARQ,D11,0,40,40,11,0.14153957,Proerythroblast
AATTGGACAAGATTCT-14-s4d8,GARQ,D11,0,40,40,14,0.26236153,CD8+ T
ATAGGTACACAAAGGT-14-s4d8,GARQ,D11,0,40,40,14,0.16714835,CD8+ T
CTGCAATAGCATGGTT-14-s4d8,GARQ,D11,0,40,40,39,0.038877547,Transitional B
TTCATCCCAAGCGATG-14-s4d8,GARQ,D11,0,40,40,0,0.011811972,CD8+ T
GAAGGCCCAGTTATCG-14-s4d8,GARQ,D11,0,40,40,37,0.023951232,CD8+ T
TACTTGTTCTCAATGA-14-s4d8,GARQ,D11,0,40,40,4,0.0712775,CD4+ T activated
ATGCAAACAAGGATTA-14-s4d8,GARQ,D11,0,40,40,5,0.02570951,Transitional B
AAGGAAGCATAGACCC-14-s4d8,GARQ,D11,0,40,40,12,0.03803712,Normoblast
ATGCATTCATCTAGCA-14-s4d8,GARQ,D11,0,40,40,5,0.07756984,Naive CD20+ B
ACAGGAATCTTAGCCC-14-s4d8,GARQ,D11,0,40,40,5,0.051447153,Naive CD20+ B
GACGTAAAGGACAATG-14-s4d8,GARQ,D11,0,40,40,0,0.19062448,CD8+ T
GAAGTGATCCCTGGAA-14-s4d8,GARQ,D11,0,40,40,14,0.016153216,NK
TGAGGCACAGCATTAT-14-s4d8,GARQ,D11,0,40,40,4,0.043564796,CD8+ T
GTTGGAGCAAAGGTAC-14-s4d8,GARQ,D11,0,40,40,22,0.20544863,B1 B
GGTGCTTCAGCCTTGG-14-s4d8,GARQ,D11,0,40,40,12,0.13906479,Proerythroblast
GTTTCTAGTTAATGCG-14-s4d8,GARQ,D11,0,40,40,7,0.23822498,Lymph prog
CCGCTTAGTGGTTATG-14-s4d8,GARQ,D11,0,40,40,4,0.35162163,CD8+ T
CCAAACCCATGAGTTT-14-s4d8,GARQ,D11,0,40,40,11,0.14555275,Proerythroblast
CTGGTAAGTAATAGCT-14-s4d8,GARQ,D11,0,40,40,22,0.012974858,B1 B
TTCAACCGTGGTTATG-14-s4d8,GARQ,D11,0,40,40,4,0.30267668,CD8+ T
TATCGCACACCTGGTG-14-s4d8,GARQ,D11,0,40,40,5,0.058102608,MK/E prog
CATCAATCAAGCTAAA-14-s4d8,GARQ,D11,0,40,40,4,0.22953379,CD8+ T
GATAGACCACGTTACA-14-s4d8,GARQ,D11,0,40,40,4,0.20146829,CD8+ T
TCTCACCAGGCCGGAA-14-s4d8,GARQ,D11,0,40,40,1,0.10483086,CD8+ T
CCACACAAGTCATTGA-14-s4d8,GARQ,D11,0,40,40,24,0.022110343,CD4+ T naive
TGCTATGCATATTGAC-14-s4d8,GARQ,D11,0,40,40,4,0.09411585,CD8+ T
GCATCCTTCCGCCTCA-14-s4d8,GARQ,D11,0,40,40,10,0.093307495,CD14+ Mono
CTAATAGTCCTTCAAT-14-s4d8,GARQ,D11,0,40,40,22,0.03288114,Transitional B
CTAACCACAACACTTG-14-s4d8,GARQ,D11,0,40,40,4,0.2506497,CD8+ T
GAGAGGCGTTAGCGTA-14-s4d8,GARQ,D11,0,40,40,36,0.04670596,CD14+ Mono
GTGAGCGAGTAACAGG-14-s4d8,GARQ,D11,0,40,40,15,0.04037249,CD8+ T
GATTGCGTCGATATTG-14-s4d8,GARQ,D11,0,40,40,7,0.011639535,Naive CD20+ B
AATTTGGTCTCCTCAA-14-s4d8,GARQ,D11,0,40,40,38,0.029616356,CD8+ T
GTTTGCTGTTTACCGT-14-s4d8,GARQ,D11,0,40,40,0,0.15847635,CD8+ T
AGCCTAAGTGCTTTAC-14-s4d8,GARQ,D11,0,40,40,0,0.1202963,CD8+ T
CGCAATTAGCAATAGG-14-s4d8,GARQ,D11,0,40,40,7,0.14801383,Transitional B
GTGTCCAAGGTCCTAG-14-s4d8,GARQ,D11,0,40,40,0,0.100363016,NK
GTTAACGGTACCGAAC-14-s4d8,GARQ,D11,0,40,40,5,0.037023067,B1 B
TCAGGAGCAGCCGCTA-14-s4d8,GARQ,D11,0,40,40,12,0.0031651855,Proerythroblast
ACTAACTCATGCTATG-14-s4d8,GARQ,D11,0,40,40,4,0.021977842,CD8+ T
AATCCATCACATTGCA-14-s4d8,GARQ,D11,0,40,40,4,0.26573753,CD8+ T
CAAGTATGTTAAATGC-14-s4d8,GARQ,D11,0,40,40,11,0.06938642,Proerythroblast
CCTATAGCAGCAAGTG-14-s4d8,GARQ,D11,0,40,40,12,0.072223544,Proerythroblast
GCAGCAACAGTTAGCC-14-s4d8,GARQ,D11,0,40,40,4,0.082804084,CD8+ T
AGGGCTACACTAAATC-14-s4d8,GARQ,D11,0,40,40,14,0.17223394,CD8+ T
TGTAATGTCACCTGTC-14-s4d8,GARQ,D11,0,40,40,14,0.19105458,CD8+ T
CAAACAACAATGCGCT-14-s4d8,GARQ,D11,0,40,40,8,0.06307709,Proerythroblast
GTGAGGAGTGACCTGG-14-s4d8,GARQ,D11,0,40,40,9,0.022099614,CD8+ T
GCATTAGGTAGTAAGA-14-s4d8,GARQ,D11,0,40,40,4,0.27261615,CD8+ T
TGAGCAAAGCTCCTTA-14-s4d8,GARQ,D11,0,40,40,38,0.072238564,CD8+ T
CAGAATCTCACGAATC-14-s4d8,GARQ,D11,0,40,40,4,0.106193185,CD8+ T
CCGCACACAGCTACGT-14-s4d8,GARQ,D11,0,40,40,31,0.06423214,B1 B
GCATTAGGTCGTAAAT-14-s4d8,GARQ,D11,0,40,40,0,0.0054005682,CD4+ T naive
CGATTATCAACCTAAT-14-s4d8,GARQ,D11,0,40,40,7,0.07726526,Lymph prog
TGATCAATCGATTCTT-14-s4d8,GARQ,D11,0,40,40,14,0.036417246,CD8+ T
AAAGCTTGTACTTCAC-14-s4d8,GARQ,D11,0,40,40,4,0.06802541,CD8+ T
CTCGCTCCAGCTTAAT-14-s4d8,GARQ,D11,0,40,40,22,0.22592115,Naive CD20+ B
ATGAAGTAGCGCTCAA-14-s4d8,GARQ,D11,0,40,40,11,0.06560004,Proerythroblast
CAACAGGCAGCACGAA-14-s4d8,GARQ,D11,0,40,40,4,0.10736942,NK
CAATCCCTCTTGTTCG-14-s4d8,GARQ,D11,0,40,40,11,0.05236739,NK
CGATTATCAGTAATAG-14-s4d8,GARQ,D11,0,40,40,4,0.108409405,CD8+ T
GGTTCCCGTTAAGCCA-14-s4d8,GARQ,D11,0,40,40,38,0.0035631657,NK
CGAAGCGAGGGACCTC-14-s4d8,GARQ,D11,0,40,40,14,0.00722903,CD8+ T
TAAGGCTTCGCTATAA-14-s4d8,GARQ,D11,0,40,40,2,0.011846602,CD8+ T
TCTTGACGTAACCAGC-14-s4d8,GARQ,D11,0,40,40,4,0.016844869,CD8+ T
AACCTTGCAAGACTCC-14-s4d8,GARQ,D11,0,40,40,0,0.18459725,CD4+ T activated
TGGTCAAGTGACATAT-14-s4d8,GARQ,D11,0,40,40,5,0.076789856,Transitional B
GTCGCAATCATTTGTC-14-s4d8,GARQ,D11,0,40,40,9,0.029270768,CD8+ T
CAATAAGCATTAGGCC-14-s4d8,GARQ,D11,0,40,40,14,0.06071508,CD8+ T
CCTGTATGTTTGCAGA-14-s4d8,GARQ,D11,0,40,40,4,0.3689233,CD8+ T
AACCTCACAGGAATCG-14-s4d8,GARQ,D11,0,40,40,27,0.05630368,CD8+ T
GGCGTTATCACAGCCA-14-s4d8,GARQ,D11,0,40,40,22,0.107518435,Naive CD20+ B
GTTTGTAAGATTCCTT-14-s4d8,GARQ,D11,0,40,40,17,0.14692289,MK/E prog
ACCACATAGCTAATTG-14-s4d8,GARQ,D11,0,40,40,14,0.01977551,CD4+ T activated
TTGTTTGGTCCTAACT-14-s4d8,GARQ,D11,0,40,40,36,0.07223308,CD14+ Mono
TCTTTGTAGTGGCGGA-14-s4d8,GARQ,D11,0,40,40,5,0.0048141778,Naive CD20+ B
CAGCTCAAGGGACCTC-14-s4d8,GARQ,D11,0,40,40,38,0.03663242,CD8+ T
ATGAAGCCATAATTGC-14-s4d8,GARQ,D11,0,40,40,14,0.064300835,CD8+ T
GTGTTACAGTAAGTGG-14-s4d8,GARQ,D11,0,40,40,10,0.08214712,CD14+ Mono
TCCAGCAAGGACTTAC-14-s4d8,GARQ,D11,0,40,40,1,0.031440616,CD8+ T
ACTCGCGCAGATAGAC-14-s4d8,GARQ,D11,0,40,40,2,0.084665775,B1 B
CCGCTAAAGTAAGTCC-14-s4d8,GARQ,D11,0,40,40,10,0.061741948,cDC2
GTGCTGATCGTGCCTT-14-s4d8,GARQ,D11,0,40,40,5,0.042408347,B1 B
TGCATGAGTTCCGGCT-14-s4d8,GARQ,D11,0,40,40,5,0.1690591,B1 B
GAGCTTAGTAAGTCGC-14-s4d8,GARQ,D11,0,40,40,7,0.6929334,Transitional B
ACCAAGTTCGGTTACG-14-s4d8,GARQ,D11,0,40,40,39,0.008481681,Proerythroblast
CGAAGCCTCCTGCGAA-14-s4d8,GARQ,D11,0,40,40,4,0.0031787753,CD8+ T
CCTATTGTCATTTGCT-14-s4d8,GARQ,D11,0,40,40,12,0.1957773,Normoblast
TGCTTGCTCATTTGTC-14-s4d8,GARQ,D11,0,40,40,0,0.091333866,CD8+ T
TCACATAAGAACCTGT-14-s4d8,GARQ,D11,0,40,40,14,0.051976204,CD4+ T activated
AGTGATGAGGACCGCT-14-s4d8,GARQ,D11,0,40,40,5,0.037920117,B1 B
CTAATCGCATGCAACC-14-s4d8,GARQ,D11,0,40,40,7,0.2859913,Naive CD20+ B
GTCGGTTCAAGGTGCA-14-s4d8,GARQ,D11,0,40,40,38,0.12381643,CD8+ T
CCTTAACGTCCTTAGT-14-s4d8,GARQ,D11,0,40,40,4,0.14928877,CD4+ T activated
TCTTCAAGTTTGGGCG-14-s4d8,GARQ,D11,0,40,40,2,0.009192973,CD8+ T
TGCTATGCAGGAACTG-14-s4d8,GARQ,D11,0,40,40,12,0.29162493,Proerythroblast
AGCAACAAGCAAACCT-14-s4d8,GARQ,D11,0,40,40,0,0.06512755,CD8+ T
CTTCTCAAGCAAGGAC-14-s4d8,GARQ,D11,0,40,40,0,0.11251873,CD4+ T activated
GCATTGCCAAGTCGCT-14-s4d8,GARQ,D11,0,40,40,27,0.09294444,HSC
TTGTGAGGTCAAGTAT-14-s4d8,GARQ,D11,0,40,40,14,0.015202522,CD4+ T activated
ATCACCCTCATTGCGG-14-s4d8,GARQ,D11,0,40,40,11,0.06954646,Erythroblast
AGGACTAAGAAGCTAG-14-s4d8,GARQ,D11,0,40,40,0,0.18316615,CD8+ T
CACTAAGGTCCTTTAA-14-s4d8,GARQ,D11,0,40,40,4,0.1209929,CD4+ T activated
AGTCCTTGTAACTACG-14-s4d8,GARQ,D11,0,40,40,10,0.10510051,cDC2
ATGCAGGCAACATAAG-14-s4d8,GARQ,D11,0,40,40,14,0.09612566,CD8+ T
TCATTGTTCTTGCAGG-14-s4d8,GARQ,D11,0,40,40,4,0.22460389,CD8+ T
AACTAGCTCAAGCTAC-14-s4d8,GARQ,D11,0,40,40,4,0.032497525,NK
TGAGGGAGTGGACATC-14-s4d8,GARQ,D11,0,40,40,7,0.3429249,Transitional B
TCAAGCTAGTCCTTCA-14-s4d8,GARQ,D11,0,40,40,0,0.3337906,CD4+ T activated
GGAGCATAGTTAGTGC-14-s4d8,GARQ,D11,0,40,40,2,0.018436909,CD8+ T
TTAACCAAGGTGCTGC-14-s4d8,GARQ,D11,0,40,40,22,0.027417362,Naive CD20+ B
AGACACGCAGGCTGTT-14-s4d8,GARQ,D11,0,40,40,4,0.0400424,CD8+ T
CGCTACTTCAGTTCCC-14-s4d8,GARQ,D11,0,40,40,11,0.0688082,Proerythroblast
TCGGTAAGTTTGGCTT-14-s4d8,GARQ,D11,0,40,40,1,0.013816774,CD8+ T
GAAGGATGTCCTTTAA-14-s4d8,GARQ,D11,0,40,40,14,0.04118073,CD8+ T
ACAGCGCTCCTGGTGA-14-s4d8,GARQ,D11,0,40,40,11,0.050718307,Proerythroblast
TGCTTGTGTTACCGGG-14-s4d8,GARQ,D11,0,40,40,14,0.082372665,CD8+ T
GGCTCACAGGTCTTGG-14-s4d8,GARQ,D11,0,40,40,4,0.15232062,CD4+ T activated
CATCATGCATAAAGCA-14-s4d8,GARQ,D11,0,40,40,14,0.17712641,CD8+ T
TTACCGTGTAATAGCT-14-s4d8,GARQ,D11,0,40,40,7,0.22317499,Transitional B
GGTTCTTGTCAAAGGG-14-s4d8,GARQ,D11,0,40,40,0,0.023266435,CD8+ T
AAATGCCTCATTAGGC-14-s4d8,GARQ,D11,0,40,40,38,0.040630877,CD8+ T
AAAGCTTGTTGCAATG-14-s4d8,GARQ,D11,0,40,40,4,0.060936928,CD8+ T
GACCGTTCAAGCTACC-14-s4d8,GARQ,D11,0,40,40,10,0.050474644,cDC2
AGGTGAATCATAATCG-14-s4d8,GARQ,D11,0,40,40,14,0.06403792,CD8+ T
ACCACATAGGATTTGC-14-s4d8,GARQ,D11,0,40,40,6,0.08898294,CD8+ T
AAATCCGGTGTGAGAG-14-s4d8,GARQ,D11,0,40,40,5,0.11488092,Lymph prog
AACATAGCACATTAAC-14-s4d8,GARQ,D11,0,40,40,14,0.060164988,CD8+ T
AGCTTAATCGTAATCA-14-s4d8,GARQ,D11,0,40,40,11,0.13173902,Proerythroblast
ACTAACTCAATAATGG-14-s4d8,GARQ,D11,0,40,40,25,0.10567069,CD14+ Mono
GCGAAGTAGAACCTGT-14-s4d8,GARQ,D11,0,40,40,2,0.13031971,CD4+ T activated
TAGTAACGTAGTAAGA-14-s4d8,GARQ,D11,0,40,40,38,0.06602925,CD8+ T
TGCGGTTCATGAGTTT-14-s4d8,GARQ,D11,0,40,40,0,0.035311937,CD8+ T
TATAGCTCATGTCAAT-14-s4d8,GARQ,D11,0,40,40,22,0.11359763,Naive CD20+ B
AATCATGTCATGGCTG-14-s4d8,GARQ,D11,0,40,40,4,0.111730754,CD8+ T
GACATAGAGGGCCATC-14-s4d8,GARQ,D11,0,40,40,38,0.0037879944,CD8+ T
TGGTGCATCGTACCGA-14-s4d8,GARQ,D11,0,40,40,16,0.0797019,Proerythroblast
TTAAGGACATCAATCG-14-s4d8,GARQ,D11,0,40,40,0,0.019622147,CD8+ T
GATCAAGAGACTAAGG-14-s4d8,GARQ,D11,0,40,40,5,0.040521502,CD8+ T
AACCGGCTCATTGTTC-14-s4d8,GARQ,D11,0,40,40,36,0.036661267,CD14+ Mono
ATATGCTCAATATACC-14-s4d8,GARQ,D11,0,40,40,5,0.016121626,B1 B
TGATGACTCATGAGCT-14-s4d8,GARQ,D11,0,40,40,10,0.107218385,Transitional B
CTTGGACCAATCATGT-14-s4d8,GARQ,D11,0,40,40,11,0.01343441,Erythroblast
CAAGTTATCAGGCTAT-14-s4d8,GARQ,D11,0,40,40,0,0.06339681,CD4+ T activated
GCGCAAACATAAACCT-14-s4d8,GARQ,D11,0,40,40,2,0.020174384,CD4+ T activated
AGCACAGCACTAAGAA-14-s4d8,GARQ,D11,0,40,40,15,0.08326954,CD4+ T activated
CAAGGCTGTTGGATAT-14-s4d8,GARQ,D11,0,40,40,5,0.12658626,Transitional B
AACAGCAAGTTATGGC-14-s4d8,GARQ,D11,0,40,40,10,0.06391168,CD16+ Mono
TGCTTCATCACCGGTA-14-s4d8,GARQ,D11,0,40,40,4,0.21871173,CD8+ T
CCTTCGTAGTTAGCTA-14-s4d8,GARQ,D11,0,40,40,1,0.1480633,CD8+ T
TGGACGGAGGGATTAG-14-s4d8,GARQ,D11,0,40,40,2,0.057089925,CD8+ T
AAGCTCCCATTGTGGC-14-s4d8,GARQ,D11,0,40,40,11,0.26929593,Proerythroblast
GCTAAGTTCCCTGGAA-14-s4d8,GARQ,D11,0,40,40,22,0.04804474,Transitional B
ATTCATGAGTTACTTC-14-s4d8,GARQ,D11,0,40,40,38,0.07141638,CD8+ T
TTTGCATTCTGCAACG-14-s4d8,GARQ,D11,0,40,40,15,0.030775547,CD4+ T activated
AGAAACTAGCATCCAG-14-s4d8,GARQ,D11,0,40,40,4,0.027925849,CD8+ T
GATTACGGTTAAGGTT-14-s4d8,GARQ,D11,0,40,40,7,0.010178924,Naive CD20+ B
CAACCCTTCCAGCACA-14-s4d8,GARQ,D11,0,40,40,7,0.40783396,Transitional B
CTACAACAGGAGGTTA-14-s4d8,GARQ,D11,0,40,40,38,0.011264443,CD8+ T
AGTATAGCAACCCTAA-14-s4d8,GARQ,D11,0,40,40,0,0.12859231,CD8+ T
TCAAGGAAGGTGAGAC-14-s4d8,GARQ,D11,0,40,40,10,0.106411815,CD14+ Mono
TGTATCGCATAACGGG-14-s4d8,GARQ,D11,0,40,40,14,0.105413675,CD4+ T naive
TTCCCGCCAAACATAG-14-s4d8,GARQ,D11,0,40,40,38,0.1938436,CD4+ T activated
TTCGTTAGTTTGGTTC-14-s4d8,GARQ,D11,0,40,40,6,0.49234116,NK
CAACTAATCGGCCAGT-14-s4d8,GARQ,D11,0,40,40,39,0.010228515,Proerythroblast
ATGACTCAGTGAGGGT-14-s4d8,GARQ,D11,0,40,40,38,0.013809681,CD8+ T
GCTTAGTAGTTAGCCG-14-s4d8,GARQ,D11,0,40,40,22,0.048691273,Transitional B
ACACGGACAATTAGGA-14-s4d8,GARQ,D11,0,40,40,4,0.026067317,CD8+ T
GAGGTTAAGTGGCGGA-14-s4d8,GARQ,D11,0,40,40,0,0.1309849,CD4+ T activated
GCATTAGGTGATTACG-14-s4d8,GARQ,D11,0,40,40,5,0.15610242,Naive CD20+ B
GGAGGTTAGCTATATG-14-s4d8,GARQ,D11,0,40,40,0,0.12641943,CD8+ T
TGTTGTAAGAATCTCA-14-s4d8,GARQ,D11,0,40,40,1,0.041325092,CD8+ T
CAATGTCAGTCAGTAC-14-s4d8,GARQ,D11,0,40,40,4,0.008148372,CD8+ T
CCAGACTCACACAATT-14-s4d8,GARQ,D11,0,40,40,4,0.084962845,CD8+ T
ATGTTTGAGTGGACAA-14-s4d8,GARQ,D11,0,40,40,14,0.032246828,CD8+ T
AATAGAGGTTGAATCG-14-s4d8,GARQ,D11,0,40,40,7,0.20184618,Transitional B
GTTAACGGTTGCACAA-14-s4d8,GARQ,D11,0,40,40,22,0.14851636,Transitional B
CTAATGTCACCTGCCT-14-s4d8,GARQ,D11,0,40,40,11,0.054514498,Erythroblast
AGATGCTTCATTATGG-14-s4d8,GARQ,D11,0,40,40,0,0.1604327,CD8+ T
ACCTTCCAGCATTATG-14-s4d8,GARQ,D11,0,40,40,14,0.20754766,CD8+ T
CTTGCAACATAAACCT-14-s4d8,GARQ,D11,0,40,40,11,0.0044252872,Proerythroblast
AGACTATGTTCCAGGG-14-s4d8,GARQ,D11,0,40,40,7,0.2588268,Naive CD20+ B
CGGGTCTAGTTTCCTG-14-s4d8,GARQ,D11,0,40,40,21,0.04405725,NK
TTAAGTGTCTCACTAT-14-s4d8,GARQ,D11,0,40,40,7,0.051950037,Lymph prog
TTAGCTGCAATATAGG-14-s4d8,GARQ,D11,0,40,40,23,0.03463325,Normoblast
CATAACGGTTCAAGCA-14-s4d8,GARQ,D11,0,40,40,0,0.078167856,CD4+ T activated
GCTCTGTTCTTGAGGT-14-s4d8,GARQ,D11,0,40,40,9,0.07743776,CD4+ T activated
CTGGTCAAGTAAACCC-14-s4d8,GARQ,D11,0,40,40,38,0.09562576,Transitional B
GGATTGCGTGCTCCGT-14-s4d8,GARQ,D11,0,40,40,10,0.093262374,B1 B
CATGGCGGTTAGTGAT-14-s4d8,GARQ,D11,0,40,40,5,0.07694328,Naive CD20+ B
GGAATCTTCCTAAGTA-14-s4d8,GARQ,D11,0,40,40,0,0.0306589,CD8+ T
GGTTACTAGCTCCCTG-14-s4d8,GARQ,D11,0,40,40,10,0.0013681948,G/M prog
AGCAGGTAGCATTATG-14-s4d8,GARQ,D11,0,40,40,0,0.31185758,CD8+ T
GTGAATCTCCGCCAAA-14-s4d8,GARQ,D11,0,40,40,5,0.155639,B1 B
TGGCCTTTCGATATTG-14-s4d8,GARQ,D11,0,40,40,11,0.11827052,Erythroblast
AGAGATTAGTTAGACC-14-s4d8,GARQ,D11,0,40,40,15,0.0022270083,CD8+ T
CTTGCAACAGGCTTCG-14-s4d8,GARQ,D11,0,40,40,2,0.16491055,CD8+ T
TTTAACGAGCCTGAGC-14-s4d8,GARQ,D11,0,40,40,0,0.018072426,CD8+ T
TTGCATTTCCTCAGCT-14-s4d8,GARQ,D11,0,40,40,10,0.029856503,Transitional B
CCTAATAAGTAGGATG-14-s4d8,GARQ,D11,0,40,40,14,0.05348003,NK
GACGCCTAGCGCCTAA-14-s4d8,GARQ,D11,0,40,40,36,0.09470403,CD14+ Mono
CTTAAGATCCCTCAAC-14-s4d8,GARQ,D11,0,40,40,7,0.061141133,Transitional B
ACTCACCTCGTTAGCG-14-s4d8,GARQ,D11,0,40,40,4,0.15663111,CD4+ T activated
CTGTTAAAGACTTACA-14-s4d8,GARQ,D11,0,40,40,36,0.028829575,CD14+ Mono
TTGACATCAACTAGAA-14-s4d8,GARQ,D11,0,40,40,2,0.02064991,CD4+ T activated
GGGCAATAGTAGCGGG-14-s4d8,GARQ,D11,0,40,40,22,0.32720792,Naive CD20+ B
GCCCATAAGTCACCAG-14-s4d8,GARQ,D11,0,40,40,22,0.06669748,Transitional B
CGTGTGTCATAGCTGC-14-s4d8,GARQ,D11,0,40,40,11,0.06710833,Proerythroblast
TTTGTTGGTTGGCCGA-14-s4d8,GARQ,D11,0,40,40,5,0.017640889,B1 B
TGTGCTGAGCGCTAAT-14-s4d8,GARQ,D11,0,40,40,36,0.057910323,CD14+ Mono
AGACACGCAACCTGGT-14-s4d8,GARQ,D11,0,40,40,10,0.0452621,CD14+ Mono
CGCATTACAAACATAG-14-s4d8,GARQ,D11,0,40,40,14,0.037171125,CD8+ T
GGCTAGACAGTCTAAT-14-s4d8,GARQ,D11,0,40,40,4,0.048505068,B1 B
TCGTTTCCATGAATCT-14-s4d8,GARQ,D11,0,40,40,5,0.29975134,Transitional B
GGACCGAAGTAACAGG-14-s4d8,GARQ,D11,0,40,40,10,0.085675,CD14+ Mono
ACAACAGAGGCCTTAG-14-s4d8,GARQ,D11,0,40,40,14,0.08275229,NK
CAAACAACATTGTCCT-14-s4d8,GARQ,D11,0,40,40,4,0.023671627,CD8+ T
CTCACTCAGTAACCAC-14-s4d8,GARQ,D11,0,40,40,8,0.26259005,Proerythroblast
CCGCCAACAGGCCTTG-14-s4d8,GARQ,D11,0,40,40,35,0.013803154,CD4+ T naive
TAGTAAGCAAATTGCT-14-s4d8,GARQ,D11,0,40,40,4,0.15768868,CD4+ T activated
GACATAGAGGAGTCTT-14-s4d8,GARQ,D11,0,40,40,14,0.044269085,CD8+ T
AGCACTAGTAAGCACC-14-s4d8,GARQ,D11,0,40,40,11,0.1323582,Proerythroblast
GGAATCTTCAAGCTTA-14-s4d8,GARQ,D11,0,40,40,10,0.023782372,Transitional B
CCTCCTCTCTTGAGGT-14-s4d8,GARQ,D11,0,40,40,0,0.029139161,CD8+ T
CGTATTGCATTTGCTC-14-s4d8,GARQ,D11,0,40,40,4,0.070473075,NK
GATTTGCAGTCATTAG-14-s4d8,GARQ,D11,0,40,40,4,0.57483625,CD8+ T
ACCCAACCACTCAACA-14-s4d8,GARQ,D11,0,40,40,11,0.06763029,Proerythroblast
ACGAGTAAGGACAATG-14-s4d8,GARQ,D11,0,40,40,38,0.12635475,CD8+ T
CTTGCGCGTTTACCGT-14-s4d8,GARQ,D11,0,40,40,4,0.08481616,CD4+ T activated
GATTCAATCCTACCTA-14-s4d8,GARQ,D11,0,40,40,4,0.27965593,CD8+ T
TTGACATCAGCTTACA-14-s4d8,GARQ,D11,0,40,40,10,0.003033638,CD14+ Mono
ACCATTAAGCTTCTCA-14-s4d8,GARQ,D11,0,40,40,38,0.06720364,CD8+ T
ACGTCCAAGTGACCTG-14-s4d8,GARQ,D11,0,40,40,8,0.30348885,Proerythroblast
GGTTGGTGTGAAACAA-14-s4d8,GARQ,D11,0,40,40,10,0.0119687915,cDC2
CGGATTAGTAAAGCGG-14-s4d8,GARQ,D11,0,40,40,14,0.07370186,CD8+ T
TATGGCCCACAACAGG-14-s4d8,GARQ,D11,0,40,40,7,0.017285734,B1 B
GTCATGAGTTAACGAT-14-s4d8,GARQ,D11,0,40,40,4,0.15166533,CD8+ T
TAGGCTAGTTAGTGAT-14-s4d8,GARQ,D11,0,40,40,38,0.05624938,CD8+ T
AAAGCTTGTTAAGCGC-14-s4d8,GARQ,D11,0,40,40,5,0.066571295,CD8+ T
AATCCATCATTAGGTT-14-s4d8,GARQ,D11,0,40,40,38,0.1677252,CD8+ T
CCATAATCACCTGCTC-14-s4d8,GARQ,D11,0,40,40,14,0.0335564,CD4+ T activated
TAGCCTGAGTGGCGGA-14-s4d8,GARQ,D11,0,40,40,4,0.037142575,CD8+ T
GTGCTTACACTTAGGC-14-s4d8,GARQ,D11,0,40,40,1,0.00092959404,CD8+ T
ACGGGAAGTTAATGAC-14-s4d8,GARQ,D11,0,40,40,14,0.24156344,CD8+ T
AAGTTTGTCAGTATTG-14-s4d8,GARQ,D11,0,40,40,22,0.07702738,HSC
CCCTCACCATCGCTCC-14-s4d8,GARQ,D11,0,40,40,0,0.0787572,CD8+ T
GGGAATATCAATGTCA-14-s4d8,GARQ,D11,0,40,40,5,0.18208545,Naive CD20+ B
CCTTAACGTTCATCTA-14-s4d8,GARQ,D11,0,40,40,4,0.1833747,CD8+ T
GGACATAAGTCAATCA-14-s4d8,GARQ,D11,0,40,40,36,0.03600216,CD14+ Mono
AGGTTAACATTGCGTA-14-s4d8,GARQ,D11,0,40,40,12,0.059819818,Proerythroblast
TTTGCGGAGGCGCTAC-14-s4d8,GARQ,D11,0,40,40,4,0.11494714,CD8+ T
GAGTGAGGTTCCTGAT-14-s4d8,GARQ,D11,0,40,40,5,0.06350672,HSC
AGAGAAGCAACCTAAT-14-s4d8,GARQ,D11,0,40,40,2,0.016197681,CD8+ T
CGGGTATGTTAGGATT-14-s4d8,GARQ,D11,0,40,40,23,0.13913777,Erythroblast
TTTCCTGAGTTAACCA-14-s4d8,GARQ,D11,0,40,40,27,0.026206493,CD4+ T activated
AGCCGCTAGCATTAGC-14-s4d8,GARQ,D11,0,40,40,5,0.02606839,Naive CD20+ B
GTTCGCGCACTAAGCC-14-s4d8,GARQ,D11,0,40,40,4,0.21821046,CD8+ T
GCCATTACAAGTTATC-14-s4d8,GARQ,D11,0,40,40,24,0.05966413,CD4+ T naive
AAAGCCGCACAACCTA-14-s4d8,GARQ,D11,0,40,40,5,0.06335309,Lymph prog
CATTGTGCAGGCCAAA-14-s4d8,GARQ,D11,0,40,40,16,0.08746034,CD4+ T naive
CAATCTAAGGAGGCAT-14-s4d8,GARQ,D11,0,40,40,4,0.21228814,CD8+ T
TCTAAGGGTTTAACGG-14-s4d8,GARQ,D11,0,40,40,9,0.11693543,CD4+ T naive
GCAATGAAGTTATGTG-14-s4d8,GARQ,D11,0,40,40,22,0.019271672,Naive CD20+ B
TATTAGGTCTCACTAT-14-s4d8,GARQ,D11,0,40,40,5,0.17136621,Naive CD20+ B
TTTCAGTTCCCTCAGT-14-s4d8,GARQ,D11,0,40,40,7,0.19823903,Lymph prog
TCCTGTTCAGTATGTT-14-s4d8,GARQ,D11,0,40,40,4,0.2813496,CD8+ T
CTATTACTCTTAGCGG-14-s4d8,GARQ,D11,0,40,40,5,0.07149315,Naive CD20+ B
TTTCACCCATAAGCAA-14-s4d8,GARQ,D11,0,40,40,5,0.076984406,Transitional B
TTAAGGACAGGAACAT-14-s4d8,GARQ,D11,0,40,40,0,0.024119735,CD8+ T
AGAATCTGTGTCACGG-14-s4d8,GARQ,D11,0,40,40,8,0.24464035,Proerythroblast
ATGTTTGAGGCATGAA-14-s4d8,GARQ,D11,0,40,40,11,0.21326298,Proerythroblast
TTGGCTTGTGATGATT-14-s4d8,GARQ,D11,0,40,40,36,0.13213873,pDC
GGAGCAAGTTATAGCG-14-s4d8,GARQ,D11,0,40,40,0,0.11381799,CD8+ T
GTGCTTACATGCTCCC-14-s4d8,GARQ,D11,0,40,40,7,0.24408841,Lymph prog
TTGCAACAGGACAACA-14-s4d8,GARQ,D11,0,40,40,12,0.065487504,Proerythroblast
TGCCTGTTCGCGACAC-14-s4d8,GARQ,D11,0,40,40,0,0.14266801,CD8+ T
TACAAGCTCATGCGTG-14-s4d8,GARQ,D11,0,40,40,0,0.04147196,CD8+ T
TGCTAACAGAACAAGT-14-s4d8,GARQ,D11,0,40,40,4,0.19582254,CD8+ T
CGAAGCCTCGCTAGAT-14-s4d8,GARQ,D11,0,40,40,14,0.030455232,CD8+ T
GCGGATACACAGCCTG-14-s4d8,GARQ,D11,0,40,40,2,0.032553256,CD8+ T
GGCTGAGAGCTAATCA-14-s4d8,GARQ,D11,0,40,40,0,0.03831035,CD8+ T
AAGCCTGTCAGGAACA-14-s4d8,GARQ,D11,0,40,40,11,0.024214149,CD8+ T
AAGCCTTAGGTGCTGC-14-s4d8,GARQ,D11,0,40,40,36,0.17919219,CD14+ Mono
TCGTTTCCAATGCCTA-14-s4d8,GARQ,D11,0,40,40,4,0.029760003,CD8+ T
CCTACTTCAAGGTCCT-14-s4d8,GARQ,D11,0,40,40,4,0.050376475,CD8+ T
TGATGAACATTCCTCG-14-s4d8,GARQ,D11,0,40,40,11,0.030237377,MK/E prog
GAGCGGTCAAGGGTTG-14-s4d8,GARQ,D11,0,40,40,0,0.037976652,CD8+ T
TTATAGCCATTAAGCT-14-s4d8,GARQ,D11,0,40,40,1,0.008376658,CD8+ T
CTGTATTTCGAAGTGA-14-s4d8,GARQ,D11,0,40,40,0,0.08214605,CD8+ T
TACAATGTCTTGCATT-14-s4d8,GARQ,D11,0,40,40,4,0.20000803,CD8+ T
TTTGACCGTTAGCAGC-14-s4d8,GARQ,D11,0,40,40,4,0.24713469,CD8+ T
TCGTTACGTCCTAGTT-14-s4d8,GARQ,D11,0,40,40,12,0.008570254,Normoblast
TCTAGCACAGTCTAGC-14-s4d8,GARQ,D11,0,40,40,6,0.039265156,NK
AAACGGATCAAACACC-14-s4d8,GARQ,D11,0,40,40,33,0.050056934,CD8+ T
CTGGTCAAGAATCTCA-14-s4d8,GARQ,D11,0,40,40,11,0.048890233,Proerythroblast
GTTCTTAGTTAACACG-14-s4d8,GARQ,D11,0,40,40,4,0.030243516,CD4+ T naive
AGAGGAACACAATACT-14-s4d8,GARQ,D11,0,40,40,4,0.16680455,CD4+ T activated
TTAATCGAGTCAGGCC-14-s4d8,GARQ,D11,0,40,40,13,0.011123627,Lymph prog
GATCAGGCAATAACCT-14-s4d8,GARQ,D11,0,40,40,4,0.006034553,NK
CGTGCTGCACTCAACA-14-s4d8,GARQ,D11,0,40,40,22,0.071861476,Lymph prog
CCGTTGCGTTAGCTGA-14-s4d8,GARQ,D11,0,40,40,7,0.42375773,Lymph prog
GGGTCACTCGCTATGG-14-s4d8,GARQ,D11,0,40,40,10,0.051958323,Lymph prog
AATCATGTCAGCATTA-14-s4d8,GARQ,D11,0,40,40,23,0.013000071,CD4+ T naive
CAGCTCAAGTTGTCAA-14-s4d8,GARQ,D11,0,40,40,36,0.011155844,CD14+ Mono
GACCGAACATTGCAGC-14-s4d8,GARQ,D11,0,40,40,8,0.18750077,Proerythroblast
TCCAGCAAGGCGCTAC-14-s4d8,GARQ,D11,0,40,40,9,0.04653251,CD8+ T
TCCTTCAAGCACAGGG-14-s4d8,GARQ,D11,0,40,40,2,0.084814966,CD4+ T naive
ACCGGCTAGGAAGCAC-14-s4d8,GARQ,D11,0,40,40,5,0.17311871,Transitional B
GGTCAAGCAAACCTAT-14-s4d8,GARQ,D11,0,40,40,14,0.0041130185,NK
TTGCTTAGTTGCGGAT-14-s4d8,GARQ,D11,0,40,40,6,0.17161584,NK
AAACGCGCATGGCCTG-14-s4d8,GARQ,D11,0,40,40,27,0.2163682,MK/E prog
CCATCACTCATGGCTG-14-s4d8,GARQ,D11,0,40,40,36,0.035363913,cDC2
CCTGATGAGGCGCACT-14-s4d8,GARQ,D11,0,40,40,7,0.06643635,Lymph prog
GGAACCACAATTTAGC-14-s4d8,GARQ,D11,0,40,40,5,0.0072524548,pDC
AAGCTTGGTTAGCCAA-14-s4d8,GARQ,D11,0,40,40,1,0.034159064,CD8+ T
CTAATGTCAATGAATG-14-s4d8,GARQ,D11,0,40,40,22,0.045230508,Transitional B
GTCGAGGAGCCGCAGT-14-s4d8,GARQ,D11,0,40,40,5,0.004425168,Naive CD20+ B
GCTGTACCATAAGCAA-14-s4d8,GARQ,D11,0,40,40,36,0.10889423,CD16+ Mono
TTGAGGCGTTACGCGG-14-s4d8,GARQ,D11,0,40,40,5,0.25903684,Naive CD20+ B
TCTCAAGCATTGTGCA-14-s4d8,GARQ,D11,0,40,40,22,0.11917561,B1 B
ATGCATTCAAGCTAAA-14-s4d8,GARQ,D11,0,40,40,0,0.15425515,CD8+ T
CTTTAGTTCGGTACGC-14-s4d8,GARQ,D11,0,40,40,22,0.09700346,Transitional B
AGCAAGGGTGTGAGGA-14-s4d8,GARQ,D11,0,40,40,1,0.038712144,CD4+ T activated
TGTGTTAAGACTCGCA-14-s4d8,GARQ,D11,0,40,40,21,0.08174074,CD8+ T
GATTACGGTTAGTACG-14-s4d8,GARQ,D11,0,40,40,29,0.035485983,CD8+ T
TGTCAATCACAGAAAC-14-s4d8,GARQ,D11,0,40,40,22,0.020269811,Naive CD20+ B
TGTAAAGCAAGTAAGC-14-s4d8,GARQ,D11,0,40,40,8,0.23624948,MK/E prog
GCCAGGAAGGCTACAT-14-s4d8,GARQ,D11,0,40,40,11,0.19179052,Proerythroblast
TCACCTGGTACGCGCA-14-s4d8,GARQ,D11,0,40,40,20,0.06489122,CD4+ T activated
CCTGTAACACCACAAC-14-s4d8,GARQ,D11,0,40,40,38,0.0726068,CD8+ T
GCTTAACAGCAGGTGG-14-s4d8,GARQ,D11,0,40,40,14,0.13203937,CD8+ T
TTGCAACAGAATCTCA-14-s4d8,GARQ,D11,0,40,40,21,0.039039135,CD8+ T
TAAGCTGGTTCCGCAC-14-s4d8,GARQ,D11,0,40,40,5,0.0104985535,Proerythroblast
GGCCTAATCAGGCCTA-14-s4d8,GARQ,D11,0,40,40,11,0.0059836507,Erythroblast
CGCATATAGACAAGTG-14-s4d8,GARQ,D11,0,40,40,0,0.013067305,CD8+ T
ACCTACCTCATGAAGG-14-s4d8,GARQ,D11,0,40,40,38,0.030160189,CD8+ T
CAATGAACAATAAGCA-14-s4d8,GARQ,D11,0,40,40,7,0.04618138,Lymph prog
AGTCAGGCATTCCTCG-14-s4d8,GARQ,D11,0,40,40,12,0.128775,Proerythroblast
GCTAGCTCAATCCTAG-14-s4d8,GARQ,D11,0,40,40,11,0.18153453,Proerythroblast
AGCTACGTCCATTACT-14-s4d8,GARQ,D11,0,40,40,14,0.1873377,CD8+ T
TTATGACCAATAGCAA-14-s4d8,GARQ,D11,0,40,40,12,0.0084171295,Proerythroblast
TCTTCAAGTGTCCAAA-14-s4d8,GARQ,D11,0,40,40,5,0.0724414,Naive CD20+ B
CAGGGTGAGCTGCACA-14-s4d8,GARQ,D11,0,40,40,11,0.04630041,Proerythroblast
CATAGACTCCTCACAC-14-s4d8,GARQ,D11,0,40,40,2,0.1490953,CD4+ T activated
CTCTATGTCGCACACA-14-s4d8,GARQ,D11,0,40,40,4,0.13090938,CD8+ T
GATCCGTCAATCCTGA-14-s4d8,GARQ,D11,0,40,40,11,0.24133277,Proerythroblast
TTATCCGTCCGCATGA-14-s4d8,GARQ,D11,0,40,40,4,0.04461205,NK
ACTCGCTTCATAATCG-14-s4d8,GARQ,D11,0,40,40,5,0.14062995,Naive CD20+ B
ACGCCTAAGTGTTGTA-14-s4d8,GARQ,D11,0,40,40,11,0.12858129,Proerythroblast
AAGCGAATCAGCAAGA-14-s4d8,GARQ,D11,0,40,40,16,0.014400482,CD4+ T activated
ACAAACTGTGGAAGGC-14-s4d8,GARQ,D11,0,40,40,10,0.05510533,cDC2
CTCCTAATCTACCTGC-14-s4d8,GARQ,D11,0,40,40,0,0.22706372,CD8+ T
GAACCAGCAAGCTAAA-14-s4d8,GARQ,D11,0,40,40,11,0.20108116,Proerythroblast
GGTGAGGTCGACCTGA-14-s4d8,GARQ,D11,0,40,40,0,0.13982534,CD8+ T
CTATTGAAGGAGTAAT-14-s4d8,GARQ,D11,0,40,40,16,0.0055422187,CD8+ T
TCGTTACGTTGTCCAT-14-s4d8,GARQ,D11,0,40,40,7,0.13574731,Transitional B
TGCTTCATCCTAACGG-14-s4d8,GARQ,D11,0,40,40,21,0.012393355,NK
CCAAGGCTCTTTGACT-14-s4d8,GARQ,D11,0,40,40,4,0.13573217,CD4+ T naive
GACTAATGTAAAGCGG-14-s4d8,GARQ,D11,0,40,40,38,0.039853573,NK
AGGTACGCATAATCCG-14-s4d8,GARQ,D11,0,40,40,23,0.1517598,Lymph prog
CCAAATCAGGACACTT-14-s4d8,GARQ,D11,0,40,40,8,0.07305282,Proerythroblast
AGGTTAACATCTTGAG-14-s4d8,GARQ,D11,0,40,40,4,0.17110372,CD4+ T naive
GAGATAAGTCATTAGG-14-s4d8,GARQ,D11,0,40,40,4,0.36998916,CD8+ T
CATAATCCACTTACAG-14-s4d8,GARQ,D11,0,40,40,12,0.024130225,Erythroblast
GTTACAGGTGCCGCAA-14-s4d8,GARQ,D11,0,40,40,11,0.03217882,Proerythroblast
ATTCCTCCAACTAACT-14-s4d8,GARQ,D11,0,40,40,4,0.3737278,CD8+ T
TACCGAAGTTACATCC-14-s4d8,GARQ,D11,0,40,40,5,0.26065886,Naive CD20+ B
TATTTGGAGAATCTCA-14-s4d8,GARQ,D11,0,40,40,4,0.045107484,CD8+ T
AATTGTGTCACGAATC-14-s4d8,GARQ,D11,0,40,40,11,0.07647085,Normoblast
CCACTTGGTTTGAGGC-14-s4d8,GARQ,D11,0,40,40,36,0.07980609,CD16+ Mono
GCTGTAAGTCACAGAC-14-s4d8,GARQ,D11,0,40,40,12,0.0040329695,Erythroblast
CAGGATGCATCACAGC-14-s4d8,GARQ,D11,0,40,40,21,0.063779026,CD4+ T naive
CAACTAATCAATCATG-14-s4d8,GARQ,D11,0,40,40,6,0.09644216,CD8+ T
GTGTTCCTCCTCCTAA-14-s4d8,GARQ,D11,0,40,40,1,0.05886197,CD8+ T
CCCAACCGTAACGTGC-14-s4d8,GARQ,D11,0,40,40,39,0.04209125,MK/E prog
CTCTAGCTCCGCACAA-14-s4d8,GARQ,D11,0,40,40,27,0.16936648,CD8+ T
ACCAGCTCACGGTTTA-14-s4d8,GARQ,D11,0,40,40,36,0.07135153,cDC2
TCAATCGCAGTTTCTC-14-s4d8,GARQ,D11,0,40,40,1,0.17017454,CD8+ T
TCACTGACACTATGGC-14-s4d8,GARQ,D11,0,40,40,10,0.007347107,CD14+ Mono
CTACCGGCACTATGGC-14-s4d8,GARQ,D11,0,40,40,22,0.13457608,Naive CD20+ B
CCTATAGCACAGCCTG-14-s4d8,GARQ,D11,0,40,40,10,0.09582567,CD14+ Mono
CTATTCAGTACCGAAC-14-s4d8,GARQ,D11,0,40,40,22,0.06665379,Transitional B
GACCTTTGTAACAGGG-14-s4d8,GARQ,D11,0,40,40,5,0.2773707,Naive CD20+ B
CATCATGCACAACAAA-14-s4d8,GARQ,D11,0,40,40,4,0.19321942,CD8+ T
TTTGCATTCGGTTCCT-14-s4d8,GARQ,D11,0,40,40,0,0.059075654,CD8+ T
CAATGCCCATGTTGCA-14-s4d8,GARQ,D11,0,40,40,4,0.039806604,CD8+ T
AATACCGGTATTCGCT-14-s4d8,GARQ,D11,0,40,40,36,0.056117535,CD14+ Mono
AGAGATTAGGCATGAA-14-s4d8,GARQ,D11,0,40,40,5,0.013680041,MK/E prog
ACCCGTAAGAAGGTGC-14-s4d8,GARQ,D11,0,40,40,0,0.0285725,CD8+ T
TTATTGCTCATTGCAA-14-s4d8,GARQ,D11,0,40,40,4,0.33874786,CD8+ T
TGGCGGTTCATTGTCT-14-s4d8,GARQ,D11,0,40,40,10,0.0024952888,CD14+ Mono
GGTCAGGAGGAAGCTA-14-s4d8,GARQ,D11,0,40,40,38,0.054249525,CD8+ T
ACGCACGGTGTGTCCC-14-s4d8,GARQ,D11,0,40,40,10,0.06939602,CD14+ Mono
GAAGGATGTTCACTGT-14-s4d8,GARQ,D11,0,40,40,38,0.01625222,CD8+ T
GATAAGCCAACCTGGT-14-s4d8,GARQ,D11,0,40,40,22,0.007546127,Naive CD20+ B
TTAACTGAGTTGTCCC-14-s4d8,GARQ,D11,0,40,40,4,0.036792397,CD8+ T
ACCACATAGATGGACA-14-s4d8,GARQ,D11,0,40,40,39,0.025422156,HSC
GAACGAATCGCCTAAG-14-s4d8,GARQ,D11,0,40,40,4,0.13139784,CD8+ T
ACAGGATCAGATTCAT-14-s4d8,GARQ,D11,0,40,40,4,0.24241734,CD8+ T
GTAAGGTCAAGCTTTG-14-s4d8,GARQ,D11,0,40,40,10,0.033997893,CD14+ Mono
TTGCGTCTCATGGTGT-14-s4d8,GARQ,D11,0,40,40,4,0.035912514,CD4+ T activated
GTACCTTGTGCATTTC-14-s4d8,GARQ,D11,0,40,40,37,0.0073438287,CD4+ T activated
GTGAATCTCACCTGTC-14-s4d8,GARQ,D11,0,40,40,12,0.011174977,Proerythroblast
ACAGGAATCATGCTTT-14-s4d8,GARQ,D11,0,40,40,22,0.004675269,Naive CD20+ B
CTTACCTCACAGAAAC-14-s4d8,GARQ,D11,0,40,40,0,0.35207915,CD8+ T
TCCCGTTAGCACTTGG-14-s4d8,GARQ,D11,0,40,40,38,0.060165465,CD8+ T
CCAGCTGCATCCTGAA-14-s4d8,GARQ,D11,0,40,40,29,0.105639935,CD8+ T
CCTGACTTCCTCAGTC-14-s4d8,GARQ,D11,0,40,40,10,0.022680402,CD16+ Mono
TTGGAGGCATAGCTTG-14-s4d8,GARQ,D11,0,40,40,39,0.10282141,B1 B
CCTTGCGTCGGTTTCC-14-s4d8,GARQ,D11,0,40,40,17,0.15547046,MK/E prog
AAGTCTATCATGTTTC-14-s4d8,GARQ,D11,0,40,40,14,0.011462569,CD8+ T
CCCTAATGTGATTACG-14-s4d8,GARQ,D11,0,40,40,5,0.05684015,Naive CD20+ B
ACCTTGTGTGATGAGG-14-s4d8,GARQ,D11,0,40,40,11,0.28930974,Proerythroblast
AGGGCCTTCGGGACCT-14-s4d8,GARQ,D11,0,40,40,14,0.053121448,CD4+ T activated
GGTTGGTGTCAATGTG-14-s4d8,GARQ,D11,0,40,40,7,0.19873106,Lymph prog
CCAAACCCAGTAGCCT-14-s4d8,GARQ,D11,0,40,40,2,0.0041766167,CD4+ T naive
TGTCAGTAGCATGAAG-14-s4d8,GARQ,D11,0,40,40,11,0.002291888,Erythroblast
AATTTGCCACTTAACG-14-s4d8,GARQ,D11,0,40,40,2,0.107557,CD8+ T
GGTGCTTCATCCATCT-14-s4d8,GARQ,D11,0,40,40,14,0.0838843,CD4+ T activated
ATAGATGCAGGTATTT-14-s4d8,GARQ,D11,0,40,40,19,0.08748382,NK
ACCATAATCAAGCGCC-14-s4d8,GARQ,D11,0,40,40,16,0.00478667,CD4+ T activated
CAATAAGCAGTTTCTC-14-s4d8,GARQ,D11,0,40,40,4,0.0447675,CD4+ T activated
AGCTGCTCATAAGCAA-14-s4d8,GARQ,D11,0,40,40,22,0.06948596,Naive CD20+ B
AGGTCTTAGTGAGGGT-14-s4d8,GARQ,D11,0,40,40,7,0.47158945,Transitional B
CATTATGAGGAGGGTT-14-s4d8,GARQ,D11,0,40,40,14,0.13379204,CD8+ T
GAGTGTTTCGAGGAGT-14-s4d8,GARQ,D11,0,40,40,4,0.6140959,CD8+ T
TGTCAGTAGGTGAAAT-14-s4d8,GARQ,D11,0,40,40,22,0.061185956,Naive CD20+ B
TGATTCAAGTAGGCGG-14-s4d8,GARQ,D11,0,40,40,11,0.041652977,Normoblast
ACTCACTGTTAGAGGG-14-s4d8,GARQ,D11,0,40,40,4,0.015887856,CD8+ T
GGGAATATCACATTGA-14-s4d8,GARQ,D11,0,40,40,10,0.06993437,CD14+ Mono
CGTGAGGAGGCCTGGT-14-s4d8,GARQ,D11,0,40,40,30,0.052627623,CD4+ T naive
ACACAATGTTGTAAAC-14-s4d8,GARQ,D11,0,40,40,4,0.18761635,CD4+ T naive
CGATGTCCATTCCTCG-14-s4d8,GARQ,D11,0,40,40,4,0.035468936,CD8+ T
GGGCTAACATTGTTGG-14-s4d8,GARQ,D11,0,40,40,38,0.036057472,CD8+ T
AGTGTGGCACCCTCAC-14-s4d8,GARQ,D11,0,40,40,38,0.057275414,CD8+ T
GTGCTGATCTTAGGGT-14-s4d8,GARQ,D11,0,40,40,4,0.56841516,CD8+ T
CGAACCGGTGCTCCGT-14-s4d8,GARQ,D11,0,40,40,0,0.014711022,CD4+ T activated
TTGCTCTCAGAGGCTA-14-s4d8,GARQ,D11,0,40,40,38,0.024570465,CD8+ T
AGGCTAAAGTTACCGG-14-s4d8,GARQ,D11,0,40,40,36,0.0013469458,CD14+ Mono
GTCGAGGAGCAACATC-14-s4d8,GARQ,D11,0,40,40,36,0.0256747,CD14+ Mono
GTGAGCGAGTGAGCGG-14-s4d8,GARQ,D11,0,40,40,5,0.06672883,Transitional B
TGTGGCCAGACAAACG-14-s4d8,GARQ,D11,0,40,40,36,0.041330576,Lymph prog
CTTATTGGTACCAGGT-14-s4d8,GARQ,D11,0,40,40,10,0.035606742,CD16+ Mono
CCTATTTAGCTAAGTC-14-s4d8,GARQ,D11,0,40,40,10,0.11623478,CD14+ Mono
AATTGCCAGTTTGCGG-14-s4d8,GARQ,D11,0,40,40,9,0.039367437,CD8+ T
TTTCAGTTCGGGACCT-14-s4d8,GARQ,D11,0,40,40,38,0.17407382,CD8+ T
GAGAACCAGGCTTAGT-14-s4d8,GARQ,D11,0,40,40,5,0.091914415,Plasma cell
CAGCTAAGTTTAGTCC-14-s4d8,GARQ,D11,0,40,40,38,0.016965747,NK
TACAGGTTCTAAATCG-14-s4d8,GARQ,D11,0,40,40,22,0.005085826,Naive CD20+ B
ATCAGGTTCTTGATGA-14-s4d8,GARQ,D11,0,40,40,4,0.18546736,CD8+ T
GGATAACCACTCAACA-14-s4d8,GARQ,D11,0,40,40,4,0.40930152,CD8+ T
TATAGGTGTCATGAGC-14-s4d8,GARQ,D11,0,40,40,0,0.0241673,CD4+ T naive
AACAGGATCTGTGCCT-14-s4d8,GARQ,D11,0,40,40,7,0.17911518,B1 B
CGAGGAAGTTAATGCG-14-s4d8,GARQ,D11,0,40,40,14,0.12134087,CD8+ T
CTAGCGGGTAAGCTCA-14-s4d8,GARQ,D11,0,40,40,14,0.14158207,NK
TGCTAGCCAAGCGAGC-14-s4d8,GARQ,D11,0,40,40,22,0.17191494,Naive CD20+ B
CTTGCTCAGTTATTCC-14-s4d8,GARQ,D11,0,40,40,4,0.032615542,CD8+ T
GTACTGGTCCAGGTTG-14-s4d8,GARQ,D11,0,40,40,5,0.17374063,B1 B
GCCAATTAGTTAGGCT-14-s4d8,GARQ,D11,0,40,40,34,0.124916196,HSC
TGGTGCATCCTCACAC-14-s4d8,GARQ,D11,0,40,40,0,0.2507584,CD8+ T
GCGTAACGTAATGACT-14-s4d8,GARQ,D11,0,40,40,0,0.019895196,CD8+ T
AGCACTAGTTTAACCC-14-s4d8,GARQ,D11,0,40,40,5,0.0145590305,Naive CD20+ B
GTCTTTAGTTGTAACG-14-s4d8,GARQ,D11,0,40,40,14,0.014327049,CD8+ T
AAGCGTTTCATAACGC-14-s4d8,GARQ,D11,0,40,40,33,0.064781666,CD8+ T
GCTCCTTAGGCTAATC-14-s4d8,GARQ,D11,0,40,40,19,0.0368464,CD8+ T
TGTCCTGGTGCTTTAC-14-s4d8,GARQ,D11,0,40,40,28,0.026729584,NK
ATGCAGGCACATGCTA-14-s4d8,GARQ,D11,0,40,40,5,0.088754535,Naive CD20+ B
CATCGCTTCATGACCG-14-s4d8,GARQ,D11,0,40,40,4,0.08742559,CD4+ T activated
ACAACAGAGACTAAGG-14-s4d8,GARQ,D11,0,40,40,38,0.15575224,CD8+ T
GATCGCTCAGTTATCG-14-s4d8,GARQ,D11,0,40,40,5,0.113459766,Lymph prog
ACCTAAATCGATTCTT-14-s4d8,GARQ,D11,0,40,40,1,0.0075193048,NK
CCTGTTGGTTGACTTC-14-s4d8,GARQ,D11,0,40,40,2,0.15278822,CD4+ T naive
CTCGCTAGTCTCACTG-14-s4d8,GARQ,D11,0,40,40,8,0.18448314,Proerythroblast
AGGACGTAGGCTGTGC-14-s4d8,GARQ,D11,0,40,40,14,0.050156057,NK
CCTTGCGTCACCAATA-14-s4d8,GARQ,D11,0,40,40,5,0.18277675,Naive CD20+ B
CGCACCACATGGTTAT-14-s4d8,GARQ,D11,0,40,40,4,0.32047135,CD8+ T
TACCGAAGTGATGAAA-14-s4d8,GARQ,D11,0,40,40,0,0.0230577,CD8+ T
TCGCGAGGTTGCCTCA-14-s4d8,GARQ,D11,0,40,40,4,0.14112067,CD8+ T
TTGCTTTAGGTCCACA-14-s4d8,GARQ,D11,0,40,40,0,0.2797296,CD8+ T
GATTACGGTATTGAGT-14-s4d8,GARQ,D11,0,40,40,10,0.04309964,CD14+ Mono
GCGATATTCCTTGAGG-14-s4d8,GARQ,D11,0,40,40,1,0.1016109,CD8+ T
CTATGATCACCCACAG-14-s4d8,GARQ,D11,0,40,40,4,0.1586175,CD8+ T
AAGCCTGTCTAACTGA-14-s4d8,GARQ,D11,0,40,40,21,0.110044,CD8+ T
TCCTGGTTCGCAATCG-14-s4d8,GARQ,D11,0,40,40,36,0.08793005,Lymph prog
GCTTAACAGTCTTGAA-14-s4d8,GARQ,D11,0,40,40,21,0.041107178,CD8+ T
GGAGCATAGCCTCTCG-14-s4d8,GARQ,D11,0,40,40,5,0.14771485,Naive CD20+ B
CCTGAATAGAAAGCAT-14-s4d8,GARQ,D11,0,40,40,4,0.1780808,NK
GTGCACGGTTTAGCGA-14-s4d8,GARQ,D11,0,40,40,4,0.002990365,CD4+ T activated
CCTCAAACACCAGGTT-14-s4d8,GARQ,D11,0,40,40,4,0.058653474,CD8+ T
TGATTGCAGCGGCTGT-14-s4d8,GARQ,D11,0,40,40,38,0.14748228,CD8+ T
ATGACTCAGGACCTCA-14-s4d8,GARQ,D11,0,40,40,4,0.16867554,CD8+ T
CCTTCAATCTCACACC-14-s4d8,GARQ,D11,0,40,40,14,0.1398012,CD8+ T
AGCTATATCTGTGAGT-14-s4d8,GARQ,D11,0,40,40,5,0.19211113,Naive CD20+ B
AGGAACGGTAGCTAGC-14-s4d8,GARQ,D11,0,40,40,7,0.17601052,Transitional B
GGTCTTTGTGCACGCA-14-s4d8,GARQ,D11,0,40,40,11,0.10234052,Proerythroblast
GCTCCTTAGGAACGCG-14-s4d8,GARQ,D11,0,40,40,38,0.0065411925,CD8+ T
CCTAAGTAGGTCGAGG-14-s4d8,GARQ,D11,0,40,40,12,0.19354016,Normoblast
AACTTAGTCGAGGAAC-14-s4d8,GARQ,D11,0,40,40,9,0.08319402,CD8+ T
AGCTTCCTCGCAATCG-14-s4d8,GARQ,D11,0,40,40,14,0.10571259,CD8+ T
GTGCTTCTCTTGGATA-14-s4d8,GARQ,D11,0,40,40,1,0.071648955,CD8+ T
AAGGTGCAGGTGAAAT-14-s4d8,GARQ,D11,0,40,40,7,0.017668158,Lymph prog
GTCTTTAGTGTAATAC-14-s4d8,GARQ,D11,0,40,40,22,0.07455826,Naive CD20+ B
GTTCCTGGTTGGATAT-14-s4d8,GARQ,D11,0,40,40,4,0.030650258,NK
CTAAGGTTCGGTTTCC-14-s4d8,GARQ,D11,0,40,40,14,0.0012618303,CD8+ T
ATTCCTCCAGGAACTG-14-s4d8,GARQ,D11,0,40,40,5,0.024619102,Transitional B
ACGGGAAGTGTGTGGT-14-s4d8,GARQ,D11,0,40,40,34,0.007905543,HSC
TAAGCTATCCACCTTA-14-s4d8,GARQ,D11,0,40,40,4,0.07213509,CD8+ T
TGGCGGTTCCGGAACC-14-s4d8,GARQ,D11,0,40,40,14,0.037376225,CD8+ T
GCGCCTTGTGGAAGGC-14-s4d8,GARQ,D11,0,40,40,7,0.045403123,pDC
GGCGATACAGGCCAAA-14-s4d8,GARQ,D11,0,40,40,12,0.005789578,Proerythroblast
TACCCGGCAAGTCGCT-14-s4d8,GARQ,D11,0,40,40,4,0.103102446,CD8+ T
CTTGTTCCATTAGCGC-14-s4d8,GARQ,D11,0,40,40,12,0.11962032,Erythroblast
ACATTAGTCAGGCTAT-14-s4d8,GARQ,D11,0,40,40,7,0.18359083,Lymph prog
GTTCACCTCCGGCTAA-14-s4d8,GARQ,D11,0,40,40,36,0.050736666,CD14+ Mono
TGGTAAACAGCTAATT-14-s4d8,GARQ,D11,0,40,40,4,0.13490248,CD8+ T
CATCCTCAGTCCTTTG-14-s4d8,GARQ,D11,0,40,40,22,0.040649235,Lymph prog
CCCTCATAGCCTGAGC-14-s4d8,GARQ,D11,0,40,40,22,0.21917546,Naive CD20+ B
TATGACATCCCGAACA-14-s4d8,GARQ,D11,0,40,40,4,0.07285535,CD4+ T activated
TACGTTAAGTTATGGC-14-s4d8,GARQ,D11,0,40,40,0,0.06144643,CD8+ T
CCACAGGGTCAACAAT-14-s4d8,GARQ,D11,0,40,40,4,0.07216418,CD8+ T
CGTAATGGTTGGCCGA-14-s4d8,GARQ,D11,0,40,40,1,0.01929605,CD8+ T
TTCGTTAGTGGTTAGC-14-s4d8,GARQ,D11,0,40,40,5,0.059827566,Transitional B
ATCTATGAGTATTGGC-14-s4d8,GARQ,D11,0,40,40,12,0.06325436,Proerythroblast
CAGGACACACCGGCTA-14-s4d8,GARQ,D11,0,40,40,15,0.05211234,CD8+ T
GCTTACCTCATTACAG-14-s4d8,GARQ,D11,0,40,40,0,0.000838995,CD8+ T
ATGGCTAGTTAGGTTG-14-s4d8,GARQ,D11,0,40,40,4,0.25134748,CD4+ T activated
TATGACTCATGGTTAT-14-s4d8,GARQ,D11,0,40,40,22,0.005461216,Transitional B
CGCTTCTAGAGGGACT-14-s4d8,GARQ,D11,0,40,40,4,0.07055664,CD8+ T
GCCAATAGTTGCGGAT-14-s4d8,GARQ,D11,0,40,40,0,0.009381175,CD8+ T
AACTGTTCAAACTCAT-14-s4d8,GARQ,D11,0,40,40,38,0.069482744,CD8+ T
CCTAAGGTCTTGCTAT-14-s4d8,GARQ,D11,0,40,40,4,0.007955015,CD4+ T activated
GAACTTATCGTGCTAG-14-s4d8,GARQ,D11,0,40,40,4,0.08824158,CD8+ T
GTTAAGCTCCGCACAA-14-s4d8,GARQ,D11,0,40,40,4,0.01787281,NK
TGGATTCAGTTATCTC-14-s4d8,GARQ,D11,0,40,40,7,0.2455535,Lymph prog
GGATGAATCCAGGGAG-14-s4d8,GARQ,D11,0,40,40,10,0.058169067,B1 B
ACCGAAGCAGGCGATA-14-s4d8,GARQ,D11,0,40,40,9,0.023407519,CD4+ T naive
TAGGAACCACGAATTT-14-s4d8,GARQ,D11,0,40,40,21,0.073336124,NK
AAGCAAGTCTTGCAGG-14-s4d8,GARQ,D11,0,40,40,22,0.048548162,B1 B
CTTTGAGCAAACCTTG-14-s4d8,GARQ,D11,0,40,40,20,0.010915935,B1 B
TCATTTGGTTAATGAC-14-s4d8,GARQ,D11,0,40,40,38,0.0062969923,CD8+ T
TACCTCATCATGGCTG-14-s4d8,GARQ,D11,0,40,40,7,0.10205722,Transitional B
GCTGCATCATGACTAT-14-s4d8,GARQ,D11,0,40,40,10,0.07201588,cDC2
GCACGCTAGCTGGAAA-14-s4d8,GARQ,D11,0,40,40,0,0.01946485,CD8+ T
AGTTATGTCATCCTCA-14-s4d8,GARQ,D11,0,40,40,8,0.17054242,MK/E prog
CTATTCAGTGTGCAAC-14-s4d8,GARQ,D11,0,40,40,10,0.06759012,Naive CD20+ B
CTAGGACGTAAGCACC-14-s4d8,GARQ,D11,0,40,40,7,0.09086031,Naive CD20+ B
AGACCCGGTGTCACGG-14-s4d8,GARQ,D11,0,40,40,10,0.03354454,CD14+ Mono
TTGGCTTGTATTTGCC-14-s4d8,GARQ,D11,0,40,40,11,0.09220469,MK/E prog
AAGCTCCCATAATTGC-14-s4d8,GARQ,D11,0,40,40,0,0.2049622,NK
TCAGGTTAGGACCAGG-14-s4d8,GARQ,D11,0,40,40,5,0.3360216,Transitional B
TATTCGTTCCGCATGA-14-s4d8,GARQ,D11,0,40,40,11,0.12312636,Proerythroblast
TAGCATATCTGTTCAT-14-s4d8,GARQ,D11,0,40,40,7,0.12373859,Transitional B
TCATTACTCTATCGCC-14-s4d8,GARQ,D11,0,40,40,4,0.049277306,CD8+ T
GGTAACTTCGCGCTAA-14-s4d8,GARQ,D11,0,40,40,36,0.050371647,CD14+ Mono
TACCAGGTCGTCAAGT-14-s4d8,GARQ,D11,0,40,40,5,0.09091967,Transitional B
GTCCAGGGTTAGGCTA-14-s4d8,GARQ,D11,0,40,40,5,0.15140349,B1 B
TGGCCTGCAAGCCACT-14-s4d8,GARQ,D11,0,40,40,11,0.15001696,Proerythroblast
CGCTACTTCAGCACGC-14-s4d8,GARQ,D11,0,40,40,10,0.015527129,CD14+ Mono
ATAGATGCAGGAACAT-14-s4d8,GARQ,D11,0,40,40,22,0.20114124,Naive CD20+ B
CAATCTAAGGGTGAAC-14-s4d8,GARQ,D11,0,40,40,0,0.18576467,CD8+ T
CAATAGCTCGCAACAT-14-s4d8,GARQ,D11,0,40,40,0,0.07800615,CD8+ T
CGCACACAGGAGGACT-14-s4d8,GARQ,D11,0,40,40,0,0.014228106,CD8+ T
TCGTGCTTCCCTCAAC-14-s4d8,GARQ,D11,0,40,40,2,0.040750325,CD4+ T activated
GGATTATGTTCCATTA-14-s4d8,GARQ,D11,0,40,40,36,0.0007493496,CD14+ Mono
TGCTCCGTCAGCATTA-14-s4d8,GARQ,D11,0,40,40,22,0.029986382,Naive CD20+ B
GGTAACTTCCTTGAGG-14-s4d8,GARQ,D11,0,40,40,14,0.15272784,CD8+ T
GTAGGCGAGGTGAAGC-14-s4d8,GARQ,D11,0,40,40,4,0.16495824,CD8+ T
GAGGCTACATTTAAGC-14-s4d8,GARQ,D11,0,40,40,0,0.0986954,CD4+ T naive
AGAATCTGTTGGTTAG-14-s4d8,GARQ,D11,0,40,40,10,0.018172264,CD14+ Mono
CATCAGCCAATGCGCT-14-s4d8,GARQ,D11,0,40,40,0,0.31073898,CD8+ T
CCTACTGGTTGGTTAG-14-s4d8,GARQ,D11,0,40,40,4,0.11571872,CD8+ T
CGCATGATCATGAAGG-14-s4d8,GARQ,D11,0,40,40,4,0.08545452,CD8+ T
TATTTGGAGGTTAGAG-14-s4d8,GARQ,D11,0,40,40,0,0.30980372,CD8+ T
CACATACAGTAACTCA-14-s4d8,GARQ,D11,0,40,40,38,0.14123249,NK
CGTAATGGTTCGGTAA-14-s4d8,GARQ,D11,0,40,40,35,0.02770394,NK
CGGTTTCTCTCCATAT-14-s4d8,GARQ,D11,0,40,40,4,0.065236926,CD8+ T
TTAAAGGCAACACTTG-14-s4d8,GARQ,D11,0,40,40,38,0.029668272,CD8+ T
TTAGCAGGTCATAGAT-14-s4d8,GARQ,D11,0,40,40,11,0.026052535,Proerythroblast
CCTAAGGTCCTCCTAA-14-s4d8,GARQ,D11,0,40,40,23,0.0063022077,Proerythroblast
ATTATGGTCCCTCAGT-14-s4d8,GARQ,D11,0,40,40,0,0.026566386,CD8+ T
ACCCAACCACAGACTC-14-s4d8,GARQ,D11,0,40,40,4,0.26038122,CD8+ T
GCACTTACATCACAGC-14-s4d8,GARQ,D11,0,40,40,38,0.006345451,CD8+ T
TCTTCAAGTTGGTGAC-14-s4d8,GARQ,D11,0,40,40,5,0.11171293,Naive CD20+ B
TGCAATATCCCATAAA-14-s4d8,GARQ,D11,0,40,40,12,0.023369372,Erythroblast
AACATCATCGATTCTT-14-s4d8,GARQ,D11,0,40,40,4,0.10336292,CD8+ T
ACAACATGTGAGGTGA-14-s4d8,GARQ,D11,0,40,40,7,0.45611805,Lymph prog
GACCGTTCAGGATTAA-14-s4d8,GARQ,D11,0,40,40,7,0.48885727,Lymph prog
CTCGACAAGGCAAGTA-14-s4d8,GARQ,D11,0,40,40,12,0.17148298,Normoblast
ATTACCGCATAAGGAC-14-s4d8,GARQ,D11,0,40,40,5,0.12384027,MK/E prog
CCCAGTTTCGAAGTGA-14-s4d8,GARQ,D11,0,40,40,35,0.014288366,NK
GGAAACTCAAGGGTTG-14-s4d8,GARQ,D11,0,40,40,4,0.12612617,CD8+ T
TGGCTTTGTCCGTGAG-14-s4d8,GARQ,D11,0,40,40,14,0.0013174415,CD8+ T
AGTAGCTTCCTAAGAC-14-s4d8,GARQ,D11,0,40,40,10,0.08597994,cDC2
AAGCGAGGTTAGCTGA-14-s4d8,GARQ,D11,0,40,40,8,0.09798014,Erythroblast
GGTTGCTCAAGGAATC-14-s4d8,GARQ,D11,0,40,40,0,0.10228276,CD8+ T
CTCATGACAGATTCAT-14-s4d8,GARQ,D11,0,40,40,34,0.023688436,HSC
GCGCGATTCGTTTCTG-14-s4d8,GARQ,D11,0,40,40,4,0.028117776,CD8+ T
GGCTCACAGCATGGTT-14-s4d8,GARQ,D11,0,40,40,4,0.027959704,CD8+ T
AGTTACTCACAACAAA-14-s4d8,GARQ,D11,0,40,40,11,0.03512907,Erythroblast
GGCTAGACACTAAGCC-14-s4d8,GARQ,D11,0,40,40,36,0.03975725,CD16+ Mono
GCTCTGTTCCGGAACC-14-s4d8,GARQ,D11,0,40,40,10,0.012043089,Transitional B
TGCATTAAGATGGAGC-14-s4d8,GARQ,D11,0,40,40,0,0.072502375,CD8+ T
CTCAATAAGACTCGCA-14-s4d8,GARQ,D11,0,40,40,4,0.14565492,CD8+ T
GCTGTACCATGTGGGA-14-s4d8,GARQ,D11,0,40,40,1,0.01476109,CD8+ T
CTAAGGTTCTTGGATA-14-s4d8,GARQ,D11,0,40,40,2,0.07352865,CD4+ T activated
TTATCCGTCTTAGTCT-14-s4d8,GARQ,D11,0,40,40,4,0.13400829,CD4+ T naive
ACATTGCAGTGAACCT-14-s4d8,GARQ,D11,0,40,40,7,0.09003872,Transitional B
TTTGCGACAATAATCC-14-s4d8,GARQ,D11,0,40,40,14,0.05044049,NK
TTAATCGAGACAAAGT-14-s4d8,GARQ,D11,0,40,40,0,0.15985167,CD8+ T
GGCCTTCGTGAGGTGA-14-s4d8,GARQ,D11,0,40,40,7,0.15909976,Transitional B
GTGGACACACAATACT-14-s4d8,GARQ,D11,0,40,40,2,0.006190777,CD8+ T
GACCTTTGTTGTTGCT-14-s4d8,GARQ,D11,0,40,40,0,0.06906688,CD8+ T
GTTTGTTTCTTCAATC-14-s4d8,GARQ,D11,0,40,40,30,0.11501077,CD4+ T naive
TAATGGACACTAAATC-14-s4d8,GARQ,D11,0,40,40,38,0.035089016,CD8+ T
TGAGCACGTCCTAACT-14-s4d8,GARQ,D11,0,40,40,38,0.037037432,CD4+ T activated
TCGCGAGGTTTAACCC-14-s4d8,GARQ,D11,0,40,40,4,0.029116392,CD8+ T
TTGTTCCCACATAACT-14-s4d8,GARQ,D11,0,40,40,22,0.13416365,Naive CD20+ B
ACCACATAGTCTCACC-14-s4d8,GARQ,D11,0,40,40,27,0.12185103,MK/E prog
TAGTTTGAGTATGTGC-14-s4d8,GARQ,D11,0,40,40,11,0.13169211,Erythroblast
TATCACAAGCTATGAC-14-s4d8,GARQ,D11,0,40,40,15,0.05012262,Erythroblast
CTTATGTTCAAGCTTA-14-s4d8,GARQ,D11,0,40,40,4,0.26184005,CD8+ T
GGGCTAACAATTAGGA-14-s4d8,GARQ,D11,0,40,40,22,0.023232281,Naive CD20+ B
ACCCGTAAGTGAGGTA-14-s4d8,GARQ,D11,0,40,40,38,0.13472253,CD8+ T
GCATCCTTCGCTCCAT-14-s4d8,GARQ,D11,0,40,40,4,0.055332184,CD8+ T
GGCGCTAGTAAGCACC-14-s4d8,GARQ,D11,0,40,40,4,0.11234033,CD8+ T
AAGCTTGGTGTTTGTC-14-s4d8,GARQ,D11,0,40,40,0,0.039116025,CD4+ T activated
TGTAAAGCAGGTATTT-14-s4d8,GARQ,D11,0,40,40,22,0.15858197,Transitional B
GTTAAGTGTGAGGTAG-14-s4d8,GARQ,D11,0,40,40,6,0.022185683,CD8+ T
GGTGCTGGTTATCGAG-14-s4d8,GARQ,D11,0,40,40,4,0.4675513,CD8+ T
CTCTTGATCTCACATT-14-s4d8,GARQ,D11,0,40,40,14,0.17328393,CD8+ T
TGATGAACATGTCAGC-14-s4d8,GARQ,D11,0,40,40,7,0.000838995,Transitional B
CGAATATGTAACTACG-14-s4d8,GARQ,D11,0,40,40,19,0.03216356,CD8+ T
AGGTTAACATCGTTCT-14-s4d8,GARQ,D11,0,40,40,22,0.0733186,Naive CD20+ B
AGCTACGTCCTAAGTA-14-s4d8,GARQ,D11,0,40,40,14,0.13500595,CD8+ T
GATTCATCATAATGAG-14-s4d8,GARQ,D11,0,40,40,22,0.008206546,HSC
GGCTTCAAGTCACGAT-14-s4d8,GARQ,D11,0,40,40,14,0.06954622,CD8+ T
TTACGTTTCCCTGACT-14-s4d8,GARQ,D11,0,40,40,36,0.04839921,B1 B
CTAAATGTCCAGGGAG-14-s4d8,GARQ,D11,0,40,40,11,0.055658698,Proerythroblast
TCCACAACAAAGCGGC-14-s4d8,GARQ,D11,0,40,40,36,0.102902174,CD14+ Mono
TCCGGTAAGTAGCCAT-14-s4d8,GARQ,D11,0,40,40,0,0.13942409,CD8+ T
GGAACTAAGGAGCATA-14-s4d8,GARQ,D11,0,40,40,0,0.041072845,CD8+ T
ACTTAGGGTACCCACC-14-s4d8,GARQ,D11,0,40,40,4,0.2735095,CD8+ T
ACACTAATCCTAATGA-14-s4d8,GARQ,D11,0,40,40,4,0.16832387,CD8+ T
GTCCTCAGTCTCAGCC-14-s4d8,GARQ,D11,0,40,40,10,0.012529194,Naive CD20+ B
CGGGACAAGCTCCCTG-14-s4d8,GARQ,D11,0,40,40,22,0.20502883,Naive CD20+ B
AGCAACAAGCCAAATC-14-s4d8,GARQ,D11,0,40,40,22,0.20094216,B1 B
ATTATCCTCCAGGTTG-14-s4d8,GARQ,D11,0,40,40,7,0.0043553114,Transitional B
TTGTTGCGTGCAACTA-14-s4d8,GARQ,D11,0,40,40,5,0.10605228,Proerythroblast
GCGGAACCAGGCAAGC-14-s4d8,GARQ,D11,0,40,40,22,0.11312258,B1 B
TCCTTGCAGGACAATG-14-s4d8,GARQ,D11,0,40,40,4,0.15001577,NK
GCTTAAATCATTCATC-14-s4d8,GARQ,D11,0,40,40,27,0.046358168,HSC
TTGTTCCCAGAAATGC-14-s4d8,GARQ,D11,0,40,40,38,0.003619194,CD8+ T
TTGGCTTGTGACCTGG-14-s4d8,GARQ,D11,0,40,40,4,0.1338591,CD8+ T
CAGATTCAGCAAGGGT-14-s4d8,GARQ,D11,0,40,40,1,0.013905227,CD8+ T
CCAGCCTGTAACTACG-14-s4d8,GARQ,D11,0,40,40,4,0.62092614,CD8+ T
CGGATTAGTTTGCGCC-14-s4d8,GARQ,D11,0,40,40,30,0.067454934,CD4+ T naive
GGTGAGCCACGGTACT-14-s4d8,GARQ,D11,0,40,40,34,0.047316372,MK/E prog
GCACGCTAGGAGTCTT-14-s4d8,GARQ,D11,0,40,40,5,0.16326103,cDC2
TCAAGAACAGCAAGGC-14-s4d8,GARQ,D11,0,40,40,12,0.064887285,Proerythroblast
TCATTGTTCGTTATCT-14-s4d8,GARQ,D11,0,40,40,7,0.13707232,Transitional B
AACGACAAGATTCCTT-14-s4d8,GARQ,D11,0,40,40,11,0.11415529,Erythroblast
AGCCTCCGTCCTCCAA-14-s4d8,GARQ,D11,0,40,40,0,0.22464442,CD8+ T
TTCACTGTCTTTGACT-14-s4d8,GARQ,D11,0,40,40,0,0.23022592,CD8+ T
GATAAAGGTGATGGCT-14-s4d8,GARQ,D11,0,40,40,2,0.19047236,CD4+ T activated
ACGTCCAAGTGATTCA-14-s4d8,GARQ,D11,0,40,40,4,0.14666975,CD8+ T
GGTCCATCATGAAATG-14-s4d8,GARQ,D11,0,40,40,36,0.044142216,HSC
CTGGCTAAGAAGGTGC-14-s4d8,GARQ,D11,0,40,40,10,0.057843804,Lymph prog
GCTTGACCAATATGGA-14-s4d8,GARQ,D11,0,40,40,14,0.13224041,CD4+ T naive
TGTAAGCTCTTAATGG-14-s4d8,GARQ,D11,0,40,40,22,0.086275935,B1 B
GTCATGAGTACCTTAC-14-s4d8,GARQ,D11,0,40,40,7,0.02355516,Transitional B
TGGATTCAGGATTTGC-14-s4d8,GARQ,D11,0,40,40,21,0.03132671,NK
GAACCAGCAGGCCTTG-14-s4d8,GARQ,D11,0,40,40,1,0.09073341,CD8+ T
CCGTTATGTAGCCATA-14-s4d8,GARQ,D11,0,40,40,38,0.13197142,NK
AGGTCTTAGAATCGCT-14-s4d8,GARQ,D11,0,40,40,4,0.027380288,CD8+ T
AGGTTAACATGTTGCA-14-s4d8,GARQ,D11,0,40,40,0,0.14914954,CD8+ T
CCTAATAAGAAAGGAA-14-s4d8,GARQ,D11,0,40,40,21,0.16065931,CD8+ T
TAGGAGGGTTGGTTCT-14-s4d8,GARQ,D11,0,40,40,1,0.05339694,CD8+ T
CCTGTTGGTGCAACTA-14-s4d8,GARQ,D11,0,40,40,36,0.074231386,CD14+ Mono
GCTATTGCACTAGCGT-14-s4d8,GARQ,D11,0,40,40,4,0.1352017,CD4+ T naive
GCACTTACAGGACCAA-14-s4d8,GARQ,D11,0,40,40,0,0.0076656044,CD4+ T naive
GCTGTGATCTAAGTCA-14-s4d8,GARQ,D11,0,40,40,21,0.10651827,CD4+ T naive
AATCATGTCCTTAAGA-14-s4d8,GARQ,D11,0,40,40,30,0.12562644,CD4+ T activated
ACCTTCCAGGCTAGAA-14-s4d8,GARQ,D11,0,40,40,36,0.0684582,B1 B
GAACCAAAGAAAGCAT-14-s4d8,GARQ,D11,0,40,40,11,0.1969229,Proerythroblast
AATTGTGTCATCCTGC-14-s4d8,GARQ,D11,0,40,40,4,0.2335146,CD8+ T
CATCCCAGTGTCCAGG-14-s4d8,GARQ,D11,0,40,40,0,0.23684978,CD8+ T
ATCAAGACATACTCCT-14-s4d8,GARQ,D11,0,40,40,38,0.017955303,CD4+ T activated
CTCCGTCCATCATGGC-14-s4d8,GARQ,D11,0,40,40,0,0.4023564,CD8+ T
ATATGTCCAGCCGCTA-14-s4d8,GARQ,D11,0,40,40,4,0.13190055,CD8+ T
GTCGAGGAGGGACGCA-14-s4d8,GARQ,D11,0,40,40,4,0.09737927,CD8+ T
TATTACCTCCGCAAGC-14-s4d8,GARQ,D11,0,40,40,10,0.10745013,cDC2
ACTGAAACAGTTAGCC-14-s4d8,GARQ,D11,0,40,40,38,0.04206395,CD8+ T
CAGGATGCAAGTGTTT-14-s4d8,GARQ,D11,0,40,40,14,0.11769402,CD8+ T
CGGGCTTAGTACTGGT-14-s4d8,GARQ,D11,0,40,40,7,0.20221129,Lymph prog
CTTGAATCAAGACTCC-14-s4d8,GARQ,D11,0,40,40,22,0.089831054,Naive CD20+ B
GAGGGAGCAATGAATG-14-s4d8,GARQ,D11,0,40,40,0,0.06417501,CD8+ T
TAGGTGCGTTGTCATC-14-s4d8,GARQ,D11,0,40,40,5,0.12961814,Plasma cell
ACGCAAGCAATGCCTA-14-s4d8,GARQ,D11,0,40,40,22,0.1589824,Transitional B
TCCTTAGTCAGCACCA-14-s4d8,GARQ,D11,0,40,40,11,0.071665466,Proerythroblast
ATGACTCAGCGGTTAT-14-s4d8,GARQ,D11,0,40,40,4,0.073652565,CD8+ T
ATCCCGCGTTAACAGT-14-s4d8,GARQ,D11,0,40,40,4,0.08049464,CD8+ T
TAGCATATCGCAATCG-14-s4d8,GARQ,D11,0,40,40,4,0.2326166,CD8+ T
AGCTACGTCGAGGTGG-14-s4d8,GARQ,D11,0,40,40,4,0.00445956,NK
TGTGGCCAGTATTGGC-14-s4d8,GARQ,D11,0,40,40,14,0.20532602,CD8+ T
CTCCGTCCATACCCGG-14-s4d8,GARQ,D11,0,40,40,2,0.38563913,CD8+ T
GCCAACATCATTTGCT-14-s4d8,GARQ,D11,0,40,40,38,0.033361375,CD4+ T activated
TCCATAAAGACCATAC-14-s4d8,GARQ,D11,0,40,40,1,0.01785767,NK
CTTCAGGAGCCGCTAA-14-s4d8,GARQ,D11,0,40,40,14,0.05626905,CD8+ T
TGTTCATTCGGCTATG-14-s4d8,GARQ,D11,0,40,40,5,0.02515006,Naive CD20+ B
GGTGAGGTCTACCTGC-14-s4d8,GARQ,D11,0,40,40,22,0.240201,Naive CD20+ B
TCAAGACTCAGCACCA-14-s4d8,GARQ,D11,0,40,40,0,0.17418861,CD8+ T
TTAGTCAAGTTTGAGC-14-s4d8,GARQ,D11,0,40,40,14,0.08487582,CD8+ T
CATAGGCGTGCGCAAT-14-s4d8,GARQ,D11,0,40,40,14,0.063148856,CD8+ T
TGCTTCATCCCTCAAC-14-s4d8,GARQ,D11,0,40,40,4,0.027204752,CD8+ T
GAAACCCGTCAGTAAT-14-s4d8,GARQ,D11,0,40,40,21,0.016155005,NK
TACTTCGTCAAGCCTG-14-s4d8,GARQ,D11,0,40,40,5,0.05299145,MK/E prog
GCACGAACAGCACCAT-14-s4d8,GARQ,D11,0,40,40,5,0.038203657,Lymph prog
TACGTTAAGTTTAACG-14-s4d8,GARQ,D11,0,40,40,4,0.24043822,CD8+ T
GGCTGGTTCAAGTGAG-14-s4d8,GARQ,D11,0,40,40,20,0.08528131,B1 B
TCAGTGAGTAAGGTCC-14-s4d8,GARQ,D11,0,40,40,14,0.07946271,NK
CTGTTGGAGCACTTGG-14-s4d8,GARQ,D11,0,40,40,4,0.12241012,CD8+ T
CGTTATCGTGTCCAAA-14-s4d8,GARQ,D11,0,40,40,4,0.17981637,CD4+ T activated
AGTTATGTCCGCCAAA-14-s4d8,GARQ,D11,0,40,40,12,0.10684079,Transitional B
AGAAAGGCATAGTCAT-14-s4d8,GARQ,D11,0,40,40,5,0.05380237,Naive CD20+ B
CCAGGAACACACAATT-14-s4d8,GARQ,D11,0,40,40,33,0.006633699,CD8+ T
ATCATGTCAATACTGT-14-s4d8,GARQ,D11,0,40,40,1,0.08734918,CD8+ T
CAGATTCAGGACCTCA-14-s4d8,GARQ,D11,0,40,40,4,0.25817287,CD8+ T
AATTGTGTCTTGATGA-14-s4d8,GARQ,D11,0,40,40,4,0.20173526,CD8+ T
ATACCTGCAAACCTTG-14-s4d8,GARQ,D11,0,40,40,14,0.0115664005,CD8+ T
GAGGACTAGCTGGCTA-14-s4d8,GARQ,D11,0,40,40,38,0.0042330027,CD8+ T
AGGATGCAGTTTGGGT-14-s4d8,GARQ,D11,0,40,40,10,0.008018732,CD14+ Mono
GCGAGTGAGGCTAATC-14-s4d8,GARQ,D11,0,40,40,11,0.075293005,Proerythroblast
TTGTTCCCACGTGCTG-14-s4d8,GARQ,D11,0,40,40,22,0.105303645,Naive CD20+ B
ATTGCGCCACAGGGAC-14-s4d8,GARQ,D11,0,40,40,4,0.24606586,CD8+ T
CGGATAAAGGCGCACT-14-s4d8,GARQ,D11,0,40,40,14,0.017358243,CD8+ T
ACTAAAGCATTTAAGC-14-s4d8,GARQ,D11,0,40,40,14,0.046591282,CD8+ T
AATGCGCGTTTAACCC-14-s4d8,GARQ,D11,0,40,40,26,0.00239259,CD8+ T
ACCTCACTCCATAATG-14-s4d8,GARQ,D11,0,40,40,10,0.0015547276,CD14+ Mono
TGGCCTTTCCCATAAA-14-s4d8,GARQ,D11,0,40,40,22,0.13112998,Naive CD20+ B
GTCAATATCATAGACC-14-s4d8,GARQ,D11,0,40,40,4,0.0147794485,NK
GCGTGCTAGTAACCAC-14-s4d8,GARQ,D11,0,40,40,14,0.019281268,CD4+ T activated
GCACGAACACATGCTA-14-s4d8,GARQ,D11,0,40,40,4,0.4192872,CD4+ T naive
AGTGCACGTTCCTGTG-14-s4d8,GARQ,D11,0,40,40,4,0.5685997,CD8+ T
GGTTATATCACTTTAC-14-s4d8,GARQ,D11,0,40,40,11,0.010044932,Normoblast
TTTCACCCACAAAGGT-14-s4d8,GARQ,D11,0,40,40,14,0.12298721,CD8+ T
CCAGACTCACCTACTT-14-s4d8,GARQ,D11,0,40,40,12,0.09230685,Proerythroblast
CTATTACTCCGCAACA-14-s4d8,GARQ,D11,0,40,40,22,0.14719683,B1 B
TATATCCTCCCTCTAA-14-s4d8,GARQ,D11,0,40,40,2,0.064780235,CD8+ T
AGTTGCAGTTAGGTGC-14-s4d8,GARQ,D11,0,40,40,11,0.17414618,Proerythroblast
GGTTGCTCACGAATCC-14-s4d8,GARQ,D11,0,40,40,0,0.07019222,CD8+ T
CCGGTTAAGCTAGAAG-14-s4d8,GARQ,D11,0,40,40,38,0.0036512613,CD8+ T
ATCTTTGGTATTGCAG-14-s4d8,GARQ,D11,0,40,40,7,0.1929285,Transitional B
GGCATTGTCATTACAG-14-s4d8,GARQ,D11,0,40,40,1,0.072015524,CD8+ T
GCTTGACCATTAAAGG-14-s4d8,GARQ,D11,0,40,40,30,0.021265864,CD8+ T
CCAACCCGTAGGTTGC-14-s4d8,GARQ,D11,0,40,40,8,0.10513657,Proerythroblast
AGTAACGAGCCTAACG-14-s4d8,GARQ,D11,0,40,40,0,0.038538575,CD8+ T
ACGATTCAGGACCTTG-14-s4d8,GARQ,D11,0,40,40,22,0.10927814,Naive CD20+ B
CCTAAGTAGTAACGGA-14-s4d8,GARQ,D11,0,40,40,9,0.0696587,CD4+ T naive
AGCCAGTGTCTAACAG-14-s4d8,GARQ,D11,0,40,40,34,0.0017132163,Plasma cell
CTGTTCATCAGGAAGC-14-s4d8,GARQ,D11,0,40,40,38,0.030626059,NK
ACCTTGCTCCTAATGA-14-s4d8,GARQ,D11,0,40,40,33,0.010628939,CD8+ T
TGTGCTGAGTAGCCAT-14-s4d8,GARQ,D11,0,40,40,4,0.05676979,NK
ATTAGCTCAGGTTAAA-14-s4d8,GARQ,D11,0,40,40,11,0.13992178,Erythroblast
CAGTATGGTCATGCAA-14-s4d8,GARQ,D11,0,40,40,9,0.010462403,CD8+ T
CTAGGACGTAAGGTTT-14-s4d8,GARQ,D11,0,40,40,2,0.016826212,CD8+ T
CTAGGACGTCATAGAT-14-s4d8,GARQ,D11,0,40,40,0,0.14369619,CD4+ T naive
AAGACCAAGGCATTAC-14-s4d8,GARQ,D11,0,40,40,1,0.029589653,CD8+ T
GATTCCTGTCTCAGCC-14-s4d8,GARQ,D11,0,40,40,7,0.063655615,Naive CD20+ B
CTTACCGGTAGACAAA-14-s4d8,GARQ,D11,0,40,40,20,0.048228085,NK
TCCCGTTAGAGGAGTC-14-s4d8,GARQ,D11,0,40,40,2,0.036413312,CD4+ T activated
CATCATAAGTATTGCA-14-s4d8,GARQ,D11,0,40,40,1,0.05894929,CD8+ T
CTATGATCATGGCCTG-14-s4d8,GARQ,D11,0,40,40,7,0.40899068,Transitional B
TCGCATTGTATTGGTG-14-s4d8,GARQ,D11,0,40,40,39,0.05596274,Proerythroblast
AAACGTACATCAGCAC-14-s4d8,GARQ,D11,0,40,40,0,0.08801508,CD8+ T
GCTTACCTCAGCCAAT-14-s4d8,GARQ,D11,0,40,40,22,0.1801405,Naive CD20+ B
CGGCTAATCAGCAAGA-14-s4d8,GARQ,D11,0,40,40,36,0.07648945,Lymph prog
GTGCTTACAAATATCC-14-s4d8,GARQ,D11,0,40,40,4,0.11402303,CD8+ T
