cell_id,method,dataset,seed,requested_K,realized_K,metacell_id,delta_confidence,cell_type
AAACAGCCATGATTGT-3,GARQ,D17,2,40,38,13,0.13377184,Podocytes
AAACCAACATTGCAGC-2,GARQ,D17,2,40,38,2,0.023851752,Proximal Tubule
AAACCAACATTGCGGT-2,GARQ,D17,2,40,38,10,0.20313615,Parietal Epithelial Cells
AAACCGCGTGCTAGCG-2,GARQ,D17,2,40,38,2,0.36669558,Proximal Tubule
AAACGCGCAAGGTCGA-1,GARQ,D17,2,40,38,6,0.00350976,Proximal Tubule
AAACGCGCAGCAACCT-2,GARQ,D17,2,40,38,35,0.0667066,Proximal Tubule
AAACGTACACGTTACA-3,GARQ,D17,2,40,38,19,0.08919668,Proximal Tubule
AAAGCACCAATGCCTA-3,GARQ,D17,2,40,38,35,0.007866144,Tumor (Neuronal-like)
AAAGCACCACAGGAAT-2,GARQ,D17,2,40,38,2,0.0031228065,Proximal Tubule
AAAGCACCAGCAACAG-2,GARQ,D17,2,40,38,10,0.014943242,Parietal Epithelial Cells
AAAGCCCGTGTGCACG-4,GARQ,D17,2,40,38,7,0.022333324,Tumor Epithelial
AAAGCGGGTGAGCGAA-2,GARQ,D17,2,40,38,35,0.1434586,Parietal Epithelial Cells
AAAGGAGCACAGCCTG-4,GARQ,D17,2,40,38,33,0.062343657,Tumor Epithelial
AAAGGCTCAAACTGTT-2,GARQ,D17,2,40,38,2,0.1668697,Podocytes
AAAGGCTCAGGACACA-2,GARQ,D17,2,40,38,35,0.39918613,Proximal Tubule
AAAGGTTAGGCTACAT-4,GARQ,D17,2,40,38,36,0.040468156,Tumor Epithelial
AAAGGTTAGTGCTGTG-2,GARQ,D17,2,40,38,35,0.1402561,Proximal Tubule
AAATCCGGTCCTAATC-3,GARQ,D17,2,40,38,2,0.009997249,Proximal Tubule
AAATCCGGTGCTTTAC-3,GARQ,D17,2,40,38,35,0.12915528,Proximal Tubule
AAATGCCTCCAAATCA-4,GARQ,D17,2,40,38,36,0.09365773,Tumor Epithelial
AAATGCCTCCGCACAA-2,GARQ,D17,2,40,38,2,0.13530624,Proximal Tubule
AAATGCCTCGCGACAC-3,GARQ,D17,2,40,38,10,0.17997289,Stressed Tumor (p53+)
AACAAAGGTCATGCCC-2,GARQ,D17,2,40,38,32,0.058130264,Proximal Tubule
AACAAGCCACAACCTA-4,GARQ,D17,2,40,38,39,0.076536775,Tumor Epithelial
AACAGGATCTCATCAT-1,GARQ,D17,2,40,38,13,0.1803366,Podocytes
AACATCATCGCTAAGT-3,GARQ,D17,2,40,38,21,0.074560165,Parietal Epithelial Cells
AACCCGCAGTAAGGGC-1,GARQ,D17,2,40,38,20,0.08539492,Tumor (Neuronal-like)
AACCGCTCAAACCTAT-4,GARQ,D17,2,40,38,39,0.11879343,Tumor Epithelial
AACCGCTCAACACCTA-1,GARQ,D17,2,40,38,20,0.012193859,Tumor (Neuronal-like)
AACCGGCTCTTAGCGG-3,GARQ,D17,2,40,38,35,0.1597637,Stressed Tumor (p53+)
AACCTAATCCGGCTAA-2,GARQ,D17,2,40,38,32,0.008549929,Parietal Epithelial Cells
AACCTCACAATGCCTA-1,GARQ,D17,2,40,38,39,0.16897893,Tumor Epithelial
AACCTCCTCATAACTG-2,GARQ,D17,2,40,38,35,0.103935,Proximal Tubule
AACCTCCTCTAAGGTC-1,GARQ,D17,2,40,38,7,0.051911473,Tumor (Neuronal-like)
AACCTCCTCTCGCCTG-2,GARQ,D17,2,40,38,2,0.37250686,Proximal Tubule
AACCTTGCACACTAAT-4,GARQ,D17,2,40,38,36,0.03709495,Tumor Epithelial
AACGACAAGCCTAATA-1,GARQ,D17,2,40,38,33,0.003541708,Tumor (Neuronal-like)
AACGACAAGGAGGACT-3,GARQ,D17,2,40,38,35,0.05009651,Podocytes
AACGGTAAGTTGGGCC-2,GARQ,D17,2,40,38,2,0.2384072,Proximal Tubule
AACTACTCACACTAAT-3,GARQ,D17,2,40,38,35,0.0709579,Proximal Tubule
AACTACTCACCCACCT-3,GARQ,D17,2,40,38,35,0.010114908,Proximal Tubule
AACTAGCTCTTGAGGT-2,GARQ,D17,2,40,38,32,0.017354488,Myeloid Cells
AACTGTTCAGCAACCT-4,GARQ,D17,2,40,38,36,0.054490924,Tumor Epithelial
AACTTAGTCCTCGATC-4,GARQ,D17,2,40,38,36,0.040968776,Low Quality / Dying
AACTTAGTCGCTAGCA-3,GARQ,D17,2,40,38,35,0.16906846,Proximal Tubule
AAGACATAGTGAGAGC-4,GARQ,D17,2,40,38,39,0.1966114,Myeloid Cells
AAGACCAAGCTGTAAC-3,GARQ,D17,2,40,38,19,0.067798436,Proximal Tubule
AAGACCAAGTAACGGA-1,GARQ,D17,2,40,38,39,0.42634022,Tumor Epithelial
AAGCAAGTCGGTTCCT-3,GARQ,D17,2,40,38,0,0.2037608,Proximal Tubule
AAGCATGAGCTGGAAA-3,GARQ,D17,2,40,38,9,0.11013329,Proximal Tubule
AAGCCACGTAATCGCA-3,GARQ,D17,2,40,38,2,0.0045027137,Injured PT-like
AAGCCTCCAAATGCCC-3,GARQ,D17,2,40,38,2,0.11279553,Podocytes
AAGCCTCCACGAACAG-1,GARQ,D17,2,40,38,39,0.071655095,Tumor (Neuronal-like)
AAGCCTCCATCCCTCA-1,GARQ,D17,2,40,38,39,0.4554379,Tumor Epithelial
AAGCCTGTCGCATTAA-4,GARQ,D17,2,40,38,14,0.10510206,Tumor Epithelial
AAGCCTTAGGTAACGA-3,GARQ,D17,2,40,38,35,0.078918695,Proximal Tubule
AAGCGAGGTAGTTGGC-2,GARQ,D17,2,40,38,35,0.014601529,Proximal Tubule
AAGCGAGGTATGGTGC-4,GARQ,D17,2,40,38,36,0.24147385,Tumor Epithelial
AAGCGGGTCCTGAGTG-3,GARQ,D17,2,40,38,19,0.03494531,Low Quality / Dying
AAGCGTTTCATGTCAA-2,GARQ,D17,2,40,38,35,0.04920602,Proximal Tubule
AAGCGTTTCGATTATG-2,GARQ,D17,2,40,38,10,0.12615871,Proximal Tubule
AAGCTAGAGACCATAC-1,GARQ,D17,2,40,38,35,0.01502502,Podocytes
AAGCTAGAGTCTGGGC-1,GARQ,D17,2,40,38,11,0.111979604,Proximal Tubule
AAGCTATGTCATCAAG-4,GARQ,D17,2,40,38,20,0.12862611,Tumor Epithelial
AAGCTATGTCATCCTG-3,GARQ,D17,2,40,38,2,0.19827902,Proximal Tubule
AAGCTCCCAGCTTAGC-2,GARQ,D17,2,40,38,35,0.08837634,Proximal Tubule
AAGCTCCCATGATTGT-1,GARQ,D17,2,40,38,11,0.09096521,Proximal Tubule
AAGCTTGGTCATCAAG-3,GARQ,D17,2,40,38,2,0.2053513,Proximal Tubule
AAGGAAGCAAGCTTTG-4,GARQ,D17,2,40,38,7,0.0020399094,Tumor Epithelial
AAGGATCCAATTATGC-1,GARQ,D17,2,40,38,39,0.030520618,Tumor Epithelial
AAGGATCCAGGTTATT-3,GARQ,D17,2,40,38,2,0.18481076,Proximal Tubule
AAGGATGTCAAACACC-3,GARQ,D17,2,40,38,2,0.23526675,Proximal Tubule
AAGGATTAGCACAGGG-4,GARQ,D17,2,40,38,36,0.05833447,Tumor Epithelial
AAGGATTAGCTAAAGG-3,GARQ,D17,2,40,38,13,0.12760401,Proximal Tubule
AAGGCCCTCATAGACC-3,GARQ,D17,2,40,38,19,0.0051161945,Podocytes
AAGGTATAGCTAAAGG-1,GARQ,D17,2,40,38,20,0.09507504,Stressed Tumor (p53+)
AAGGTATAGGGTGAGT-4,GARQ,D17,2,40,38,36,0.07608378,Tumor Epithelial
AAGGTCAAGTCTTGAA-4,GARQ,D17,2,40,38,39,0.20657003,Myeloid Cells
AAGTAGCCACAACAAA-2,GARQ,D17,2,40,38,35,0.12952438,Proximal Tubule
AAGTAGCCACTAAGTT-1,GARQ,D17,2,40,38,27,0.041907787,Podocytes
AAGTAGCCAGCTAATT-1,GARQ,D17,2,40,38,0,0.09009385,Injured PT-like
AAGTAGCCATCCCTCA-2,GARQ,D17,2,40,38,2,0.035123765,Stressed Tumor (p53+)
AAGTCTATCCTAATAG-4,GARQ,D17,2,40,38,36,0.12609518,Tumor Epithelial
AAGTGAAGTTGTTGGA-3,GARQ,D17,2,40,38,35,0.09687948,Myeloid Cells
AAGTGTTGTTTGGTTC-2,GARQ,D17,2,40,38,4,0.02044037,Proximal Tubule
AAGTTACGTAGGATCC-2,GARQ,D17,2,40,38,35,0.2738372,Proximal Tubule
AAGTTACGTCACCAAA-4,GARQ,D17,2,40,38,36,0.22533101,Tumor Epithelial
AAGTTACGTGGTGAGA-2,GARQ,D17,2,40,38,35,0.022764444,Parietal Epithelial Cells
AAGTTAGCAGGAACCA-2,GARQ,D17,2,40,38,35,0.2124188,Proximal Tubule
AAGTTAGCATAGCGAG-2,GARQ,D17,2,40,38,30,0.10073495,Proximal Tubule
AAGTTTGTCATGCCTC-4,GARQ,D17,2,40,38,39,0.15596461,Tumor Epithelial
AATACCGGTGAGCACT-2,GARQ,D17,2,40,38,21,0.12370479,Proximal Tubule
AATACCGGTTATAGCG-3,GARQ,D17,2,40,38,26,0.028824866,Low Quality / Dying
AATAGCTGTTTGGCGG-1,GARQ,D17,2,40,38,20,0.056220055,Proximal Tubule
AATCCATCAACTAGGG-4,GARQ,D17,2,40,38,20,0.10414696,Tumor Epithelial
AATCCATCAATAACGA-1,GARQ,D17,2,40,38,20,0.013669193,Low Quality / Dying
AATCCCTGTGAGCAAG-2,GARQ,D17,2,40,38,35,0.15665,Proximal Tubule
AATCCTAAGTCCTGAG-3,GARQ,D17,2,40,38,35,0.044801474,Proximal Tubule
AATCCTAAGTGTGATC-4,GARQ,D17,2,40,38,39,0.52625227,Tumor Epithelial
AATCTCAAGGGTGAGT-1,GARQ,D17,2,40,38,34,0.05421555,Podocytes
AATCTTGAGCTGGCTA-2,GARQ,D17,2,40,38,25,0.08974773,Podocytes
AATGCATGTCATGCCC-4,GARQ,D17,2,40,38,39,0.09269607,Tumor Epithelial
AATGGCGCAATTGAAG-1,GARQ,D17,2,40,38,20,0.11946052,Podocytes
AATGTCATCAGCTAAC-3,GARQ,D17,2,40,38,13,0.07052779,Low Quality / Dying
AATGTCATCCAAACAC-2,GARQ,D17,2,40,38,23,0.05652845,Proximal Tubule
AATGTCCAGAGAGGAG-3,GARQ,D17,2,40,38,35,0.10978168,Stressed Tumor (p53+)
AATTAGGCAAGCGAGC-4,GARQ,D17,2,40,38,6,0.016634464,Tumor Epithelial
AATTCGTCATGATTGT-4,GARQ,D17,2,40,38,20,0.056627154,Tumor Epithelial
AATTGACGTTAGAGGG-1,GARQ,D17,2,40,38,35,0.009005606,Podocytes
AATTGCCAGCCATCAG-3,GARQ,D17,2,40,38,7,0.06791949,Tumor Epithelial
AATTGCTCAATGCCTA-1,GARQ,D17,2,40,38,10,0.050138652,Proximal Tubule
AATTGCTCAATTAACC-4,GARQ,D17,2,40,38,39,0.10196501,Tumor Epithelial
AATTGGACAATAGTCT-1,GARQ,D17,2,40,38,32,0.004859686,Stressed Tumor (p53+)
AATTGGGAGTCTCACC-3,GARQ,D17,2,40,38,35,0.14737213,Stressed Tumor (p53+)
AATTGTGTCATGCAAC-4,GARQ,D17,2,40,38,31,0.05749005,Tumor Epithelial
AATTTCCTCCTTAGGG-1,GARQ,D17,2,40,38,27,0.10507631,Podocytes
AATTTGCCACGTTACA-3,GARQ,D17,2,40,38,19,0.036379695,Proximal Tubule
ACAAAGGTCACGAATC-2,GARQ,D17,2,40,38,35,0.05049157,Proximal Tubule
ACAACAACAAGGACCA-2,GARQ,D17,2,40,38,32,0.02430904,Proximal Tubule
ACAACAACAGGTTAAA-3,GARQ,D17,2,40,38,10,0.071285516,Proximal Tubule
ACAACACTCCTAGTCC-3,GARQ,D17,2,40,38,2,0.042794824,Tumor (Neuronal-like)
ACAACAGAGCTCGCTT-2,GARQ,D17,2,40,38,35,0.18288928,Proximal Tubule
ACAACATGTTAGCAGC-2,GARQ,D17,2,40,38,35,0.024245441,Proximal Tubule
ACACCTTGTTTGCTGT-3,GARQ,D17,2,40,38,35,0.16579592,Myeloid Cells
ACACTAATCAATCATG-3,GARQ,D17,2,40,38,35,0.07955992,Proximal Tubule
ACACTTGCAACCTGGT-2,GARQ,D17,2,40,38,32,0.12226707,Proximal Tubule
ACACTTGCAGGTTACC-4,GARQ,D17,2,40,38,36,0.057977945,Tumor Epithelial
ACAGCCGGTACCTTAC-4,GARQ,D17,2,40,38,33,0.0741092,Tumor Epithelial
ACAGCGCTCATCCACC-1,GARQ,D17,2,40,38,2,0.06849164,Tumor (Neuronal-like)
ACAGCGCTCCAAATCA-4,GARQ,D17,2,40,38,14,0.12732702,Tumor Epithelial
ACAGCGCTCGCATTAA-3,GARQ,D17,2,40,38,38,0.103322744,Proximal Tubule
ACAGCGCTCTGGCAAT-2,GARQ,D17,2,40,38,21,0.07677436,Proximal Tubule
ACAGGAATCGGCCAGT-4,GARQ,D17,2,40,38,36,0.052136213,Tumor Epithelial
ACAGGATCACACTAAT-1,GARQ,D17,2,40,38,26,0.018871188,Tumor (Neuronal-like)
ACAGGATCAGAAATTG-3,GARQ,D17,2,40,38,2,0.10404843,Proximal Tubule
ACAGGATCAGCTTACA-2,GARQ,D17,2,40,38,2,0.0045083165,Proximal Tubule
ACAGTATGTAGCTGGT-4,GARQ,D17,2,40,38,36,0.20390862,Tumor Epithelial
ACAGTATGTTTGGCGG-1,GARQ,D17,2,40,38,35,0.0981617,Podocytes
ACATAGCTCCAAACAC-3,GARQ,D17,2,40,38,26,0.11115411,Podocytes
ACATAGCTCGTGCTAG-2,GARQ,D17,2,40,38,35,0.22197366,Proximal Tubule
ACATCATCAACTAGCC-4,GARQ,D17,2,40,38,7,0.024391651,Tumor Epithelial
ACATTAGTCACAGCCA-2,GARQ,D17,2,40,38,19,0.08323705,Proximal Tubule
ACATTAGTCCTCGATC-2,GARQ,D17,2,40,38,21,0.08158016,Proximal Tubule
ACATTGCAGGTAGCTT-1,GARQ,D17,2,40,38,26,0.08450428,Tumor (Neuronal-like)
ACCAAGCGTCTAACAG-1,GARQ,D17,2,40,38,7,0.057521224,Tumor (Neuronal-like)
ACCAAGTTCACAGGAA-3,GARQ,D17,2,40,38,2,0.2663985,Proximal Tubule
ACCAAGTTCCCATAGG-4,GARQ,D17,2,40,38,34,0.022529185,Tumor Epithelial
ACCAAGTTCCCTCAAC-3,GARQ,D17,2,40,38,10,0.012134671,Proximal Tubule
ACCACACCAAGGCCAA-4,GARQ,D17,2,40,38,33,0.009787083,Tumor Epithelial
ACCACATAGCAAACCT-3,GARQ,D17,2,40,38,37,0.0113889575,Myeloid Cells
ACCACATAGCCTCTCG-4,GARQ,D17,2,40,38,17,0.017546594,Tumor Epithelial
ACCAGCTCACAATACT-3,GARQ,D17,2,40,38,2,0.043026626,Proximal Tubule
ACCAGGCTCGTTAGTA-4,GARQ,D17,2,40,38,39,0.06820184,Tumor Epithelial
ACCAGGGAGTTATCTC-2,GARQ,D17,2,40,38,2,0.17243874,Proximal Tubule
ACCATTAAGACTATTG-2,GARQ,D17,2,40,38,35,0.018404245,Proximal Tubule
ACCCAGGGTGAGAAAC-3,GARQ,D17,2,40,38,35,0.17070055,Proximal Tubule
ACCCGGTAGGGTTATC-4,GARQ,D17,2,40,38,36,0.011052489,Tumor Epithelial
ACCCGGTAGTCATTTC-3,GARQ,D17,2,40,38,2,0.14549053,Proximal Tubule
ACCCTCCCACAAGCCT-1,GARQ,D17,2,40,38,39,0.10630357,Low Quality / Dying
ACCCTCCCACGAATCC-3,GARQ,D17,2,40,38,2,0.11616546,Proximal Tubule
ACCCTCCCATTTAAGC-3,GARQ,D17,2,40,38,35,0.05988574,Stressed Tumor (p53+)
ACCGAAGCATCCATCT-2,GARQ,D17,2,40,38,2,0.2172569,Proximal Tubule
ACCGAAGCATTTGCTC-3,GARQ,D17,2,40,38,2,0.1351583,Podocytes
ACCGCAATCCGCAAGC-3,GARQ,D17,2,40,38,35,0.3469025,Parietal Epithelial Cells
ACCGCAATCGCTAGTG-2,GARQ,D17,2,40,38,35,0.07048887,Proximal Tubule
ACCGGCTAGGTTTGAC-2,GARQ,D17,2,40,38,35,0.12961447,Proximal Tubule
ACCTAAATCAGCCAAT-3,GARQ,D17,2,40,38,2,0.21125543,Podocytes
ACCTACCTCCGTGACA-2,GARQ,D17,2,40,38,32,0.0028868318,Proximal Tubule
ACCTACCTCGATTATG-3,GARQ,D17,2,40,38,10,0.035402417,Proximal Tubule
ACCTCACTCACAGGAA-4,GARQ,D17,2,40,38,35,0.07254648,Myeloid Cells
ACCTCACTCCCGAACA-3,GARQ,D17,2,40,38,2,0.18607455,Proximal Tubule
ACCTCACTCCTAGTTT-2,GARQ,D17,2,40,38,32,0.08729392,Proximal Tubule
ACCTGGATCCTTGAGG-2,GARQ,D17,2,40,38,21,0.014894307,Parietal Epithelial Cells
ACCTGGTCAGGCTGTT-1,GARQ,D17,2,40,38,26,0.03526348,Tumor (Neuronal-like)
ACCTTCCAGAATCGCT-3,GARQ,D17,2,40,38,2,0.23380452,Proximal Tubule
ACCTTGCTCCTACCTA-4,GARQ,D17,2,40,38,39,0.23564488,Tumor Epithelial
ACCTTGCTCTCACATT-2,GARQ,D17,2,40,38,23,0.057801306,Proximal Tubule
ACCTTGTGTGCTGGTG-4,GARQ,D17,2,40,38,7,0.005514145,Tumor Epithelial
ACGAACAAGGTCCTGA-2,GARQ,D17,2,40,38,35,0.62061703,Proximal Tubule
ACGAAGTCAAGCTACC-1,GARQ,D17,2,40,38,13,0.011991084,Low Quality / Dying
ACGACAAAGAATGACG-1,GARQ,D17,2,40,38,13,0.19751602,Tumor (Neuronal-like)
ACGACAAAGCCGCTTT-3,GARQ,D17,2,40,38,2,0.28527117,Proximal Tubule
ACGACAAAGGCGAATA-2,GARQ,D17,2,40,38,35,0.08071184,Proximal Tubule
ACGACAAAGTCACGAT-1,GARQ,D17,2,40,38,39,0.12051934,Tumor Epithelial
ACGAGTAAGGTTTACA-4,GARQ,D17,2,40,38,20,0.08282137,Tumor Epithelial
ACGAGTAAGTGGACAA-1,GARQ,D17,2,40,38,14,0.0885331,Low Quality / Dying
ACGATTCAGGTCGAGG-3,GARQ,D17,2,40,38,2,0.124299705,Proximal Tubule
ACGCAAGCAATAATCC-1,GARQ,D17,2,40,38,36,0.16625142,Stressed Tumor (p53+)
ACGCACGGTTCATTTG-3,GARQ,D17,2,40,38,33,0.004859686,Proximal Tubule
ACGCCACAGCTCCTAC-2,GARQ,D17,2,40,38,2,0.08648628,Proximal Tubule
ACGCCTAAGAACAAGT-3,GARQ,D17,2,40,38,0,0.08988309,Proximal Tubule
ACGCCTTTCCAAATCA-3,GARQ,D17,2,40,38,20,0.037220716,Low Quality / Dying
ACGCTTGAGAGCCGCT-4,GARQ,D17,2,40,38,3,0.047823817,Tumor Epithelial
ACGCTTGAGTTATCCT-2,GARQ,D17,2,40,38,21,0.101267934,Proximal Tubule
ACGGGAAGTTAGACCA-2,GARQ,D17,2,40,38,35,0.09948498,Podocytes
ACGGTACGTTTCAGGA-1,GARQ,D17,2,40,38,7,0.04791093,Tumor Epithelial
ACGGTTAGTGCGCAAT-2,GARQ,D17,2,40,38,2,0.37505686,Parietal Epithelial Cells
ACGGTTAGTGGAAACG-3,GARQ,D17,2,40,38,35,0.3691331,Stressed Tumor (p53+)
ACGTACCCAAGTGAAC-2,GARQ,D17,2,40,38,35,0.014609814,Proximal Tubule
ACGTCAAGTGACCTGG-1,GARQ,D17,2,40,38,39,0.14030814,Stressed Tumor (p53+)
ACGTCCAAGTTGGGCC-4,GARQ,D17,2,40,38,33,0.09338039,Tumor Epithelial
ACGTCCTTCCAAGTGT-4,GARQ,D17,2,40,38,33,0.041914344,Tumor Epithelial
ACGTTACAGCTGTCAG-1,GARQ,D17,2,40,38,20,0.04089734,Stressed Tumor (p53+)
ACGTTACAGGAACGCG-2,GARQ,D17,2,40,38,35,0.47673118,Proximal Tubule
ACGTTACAGTATTGCA-1,GARQ,D17,2,40,38,17,0.059046984,Podocytes
ACGTTGTAGCTCCTTA-2,GARQ,D17,2,40,38,21,0.07643235,Proximal Tubule
ACGTTGTAGTAGCGGG-2,GARQ,D17,2,40,38,35,0.2288239,Proximal Tubule
ACTAACCAGCGGATAA-1,GARQ,D17,2,40,38,7,0.027255297,Tumor (Neuronal-like)
ACTAATCCAAGCTACC-1,GARQ,D17,2,40,38,36,0.049133003,Proximal Tubule
ACTAATCCAATTTAGC-3,GARQ,D17,2,40,38,13,0.06755209,Proximal Tubule
ACTAATCCAGTTAGCC-2,GARQ,D17,2,40,38,21,0.1559112,Proximal Tubule
ACTAGGCGTTTGCTGT-3,GARQ,D17,2,40,38,26,0.16877234,Proximal Tubule
ACTATCCGTTTAACGG-1,GARQ,D17,2,40,38,0,0.036319673,Tumor (Neuronal-like)
ACTATGTCACGTTACA-3,GARQ,D17,2,40,38,10,0.052623272,Mast Cells
ACTATGTCAGAAATGC-1,GARQ,D17,2,40,38,33,0.049598157,Tumor (Neuronal-like)
ACTATGTCATGAAATG-3,GARQ,D17,2,40,38,35,0.010851085,Proximal Tubule
ACTCACCTCATGCTAA-2,GARQ,D17,2,40,38,35,0.26068753,Stressed Tumor (p53+)
ACTCACTGTGAAACAA-3,GARQ,D17,2,40,38,10,0.007860243,Proximal Tubule
ACTCACTGTTTATCGC-2,GARQ,D17,2,40,38,35,0.21728432,Proximal Tubule
ACTCAGTAGGCTGGCT-2,GARQ,D17,2,40,38,2,0.31082845,Proximal Tubule
ACTCAGTAGTTGTCCC-1,GARQ,D17,2,40,38,0,0.13229495,Tumor (Neuronal-like)
ACTCCTCAGTCAATCA-4,GARQ,D17,2,40,38,39,0.03870529,Tumor Epithelial
ACTCCTCAGTGAAGTG-1,GARQ,D17,2,40,38,35,0.17119265,Proximal Tubule
ACTCCTCAGTTAGAGG-1,GARQ,D17,2,40,38,34,0.14572966,Podocytes
ACTCGCGCAAGTCGCT-2,GARQ,D17,2,40,38,35,0.07099867,Proximal Tubule
ACTCGCGCATCACAGC-3,GARQ,D17,2,40,38,10,0.17238998,Proximal Tubule
ACTCGCTTCCCTGATC-4,GARQ,D17,2,40,38,20,0.21827614,Tumor Epithelial
ACTCGCTTCTCACAAA-2,GARQ,D17,2,40,38,35,0.44724596,Stressed Tumor (p53+)
ACTGAAACAGAGGCTA-2,GARQ,D17,2,40,38,9,0.057504177,Podocytes
ACTGAAACATAGCTGC-1,GARQ,D17,2,40,38,19,0.058686554,Tumor (Neuronal-like)
ACTGAAACATTAAGTC-2,GARQ,D17,2,40,38,32,0.13046575,Parietal Epithelial Cells
ACTGAATGTAACTACG-3,GARQ,D17,2,40,38,2,0.055614114,Proximal Tubule
ACTTACAAGCTTCCCG-4,GARQ,D17,2,40,38,17,0.012085348,Tumor Epithelial
ACTTACAAGGTACCGC-1,GARQ,D17,2,40,38,11,0.21388978,Tumor (Neuronal-like)
ACTTACAAGGTCCTGA-3,GARQ,D17,2,40,38,2,0.22799468,Injured PT-like
ACTTAGGGTTACTTCA-2,GARQ,D17,2,40,38,8,0.07564181,Proximal Tubule
ACTTATGAGCGCCTAA-1,GARQ,D17,2,40,38,31,0.0050079226,Proximal Tubule
ACTTCGCTCAAATCGC-1,GARQ,D17,2,40,38,7,0.03240162,Tumor (Neuronal-like)
ACTTGCACAGCCTAAC-2,GARQ,D17,2,40,38,35,0.07115281,Proximal Tubule
ACTTTGTTCAATGAGG-2,GARQ,D17,2,40,38,21,0.29706073,Proximal Tubule
AGAAACCCACCTCGCT-4,GARQ,D17,2,40,38,20,0.17105472,Tumor Epithelial
AGAAACCCACGTGCTG-1,GARQ,D17,2,40,38,26,0.03267932,Injured PT-like
AGAAACTAGAACCTGT-4,GARQ,D17,2,40,38,39,0.13718802,Myeloid Cells
AGAAAGGCAGCAACAG-1,GARQ,D17,2,40,38,39,0.017556697,Parietal Epithelial Cells
AGAAAGGCAGTCTAGC-2,GARQ,D17,2,40,38,32,0.046387374,Proximal Tubule
AGAAAGGCATCCTAGA-3,GARQ,D17,2,40,38,25,0.05860752,Proximal Tubule
AGAACAAGTACGGTAC-3,GARQ,D17,2,40,38,2,0.075683415,Proximal Tubule
AGAACAAGTTAAGTGT-3,GARQ,D17,2,40,38,35,0.04618162,Parietal Epithelial Cells
AGAACCGCATGCATAT-4,GARQ,D17,2,40,38,39,0.1575098,Tumor Epithelial
AGAAGGTGTCATAACG-4,GARQ,D17,2,40,38,36,0.07582557,Tumor Epithelial
AGAAGGTGTTGGTGAC-1,GARQ,D17,2,40,38,20,0.043572903,Tumor (Neuronal-like)
AGAATCGAGCGGTTAT-3,GARQ,D17,2,40,38,7,0.14330757,Stressed Tumor (p53+)
AGAATCTGTGTCCAAA-4,GARQ,D17,2,40,38,7,0.00920105,Low Quality / Dying
AGACACGCACGTAATT-3,GARQ,D17,2,40,38,21,0.0400213,Proximal Tubule
AGACCCGGTCACGGAT-4,GARQ,D17,2,40,38,36,0.104794145,Tumor Epithelial
AGAGAAGCAGCATGAG-1,GARQ,D17,2,40,38,7,0.091855824,Low Quality / Dying
AGAGAAGCATGCATAT-2,GARQ,D17,2,40,38,2,0.120263934,Proximal Tubule
AGAGGAACACAATGTT-3,GARQ,D17,2,40,38,9,0.01674819,Proximal Tubule
AGAGGATGTTTCCGGC-1,GARQ,D17,2,40,38,10,0.08102235,Tumor (Neuronal-like)
AGAGGATGTTTGCAGA-2,GARQ,D17,2,40,38,21,0.18327379,Stressed Tumor (p53+)
AGATGCTTCCATCAGG-2,GARQ,D17,2,40,38,23,0.19557303,Proximal Tubule
AGATGCTTCGAGCTAT-1,GARQ,D17,2,40,38,17,0.022438645,Tumor Epithelial
AGCAAATAGGACACTT-3,GARQ,D17,2,40,38,2,0.09996152,Proximal Tubule
AGCAATTGTTAATGCG-1,GARQ,D17,2,40,38,38,0.03874439,Stressed Tumor (p53+)
AGCAATTGTTTAACGG-1,GARQ,D17,2,40,38,26,0.25842732,Tumor (Neuronal-like)
AGCACAGCACCTATAG-3,GARQ,D17,2,40,38,13,0.06075412,Proximal Tubule
AGCACAGCATAATGAG-2,GARQ,D17,2,40,38,35,0.13727981,Proximal Tubule
AGCACTAGTCAATACG-1,GARQ,D17,2,40,38,36,0.028770447,Low Quality / Dying
AGCACTAGTTAGCGTA-3,GARQ,D17,2,40,38,2,0.15673798,Proximal Tubule
AGCACTTAGCCACAAT-4,GARQ,D17,2,40,38,33,0.2774375,Tumor Epithelial
AGCACTTAGCCTCTCG-1,GARQ,D17,2,40,38,0,0.0026618838,Tumor (Neuronal-like)
AGCACTTAGGGACTAA-1,GARQ,D17,2,40,38,13,0.082039595,Tumor (Neuronal-like)
AGCACTTAGTTATCTC-3,GARQ,D17,2,40,38,32,0.023972362,Myeloid Cells
AGCAGGTAGAAACTGG-2,GARQ,D17,2,40,38,35,0.108636975,Proximal Tubule
AGCAGGTAGGAGCATA-3,GARQ,D17,2,40,38,2,0.0013165474,Proximal Tubule
AGCATCCCAATTTAGC-3,GARQ,D17,2,40,38,2,0.16555202,Low Quality / Dying
AGCATCCCATGGCCTG-1,GARQ,D17,2,40,38,39,0.044318736,T Cells
AGCATTTCACAGAACG-2,GARQ,D17,2,40,38,2,0.13833535,Proximal Tubule
AGCATTTCAGTTTACG-2,GARQ,D17,2,40,38,2,0.48547268,Proximal Tubule
AGCCAGTGTAAGGTTT-1,GARQ,D17,2,40,38,6,0.0138017535,Tumor (Neuronal-like)
AGCCAGTGTTTGGGTA-1,GARQ,D17,2,40,38,13,0.038004994,Tumor (Neuronal-like)
AGCCGCTAGGCTACAT-2,GARQ,D17,2,40,38,2,0.23690927,Proximal Tubule
AGCCGGTTCACTTTAC-2,GARQ,D17,2,40,38,2,0.10743201,Podocytes
AGCCGGTTCTTAGTGA-3,GARQ,D17,2,40,38,35,0.094301045,Myeloid Cells
AGCCTAAGTAATAGCT-2,GARQ,D17,2,40,38,35,0.1809938,Proximal Tubule
AGCCTAAGTTAACGGC-4,GARQ,D17,2,40,38,20,0.2059921,Tumor Epithelial
AGCCTAGTCCTCCCTC-2,GARQ,D17,2,40,38,35,0.251823,Proximal Tubule
AGCCTCCGTCTATCGT-2,GARQ,D17,2,40,38,23,0.027464867,Proximal Tubule
AGCCTCCGTGCTTTAC-3,GARQ,D17,2,40,38,1,0.10922989,Proximal Tubule
AGCCTCCGTGTTGCAA-3,GARQ,D17,2,40,38,26,0.10357982,Proximal Tubule
AGCGATTTCGTTAGCG-2,GARQ,D17,2,40,38,35,0.14866376,Proximal Tubule
AGCGATTTCTCACTAT-3,GARQ,D17,2,40,38,10,0.02561748,T Cells
AGCGCCTAGGAACGGT-4,GARQ,D17,2,40,38,36,0.040219247,Tumor Epithelial
AGCGCCTAGTCCTTCA-2,GARQ,D17,2,40,38,2,0.5404807,Proximal Tubule
AGCGCTCAGCTCCCTG-2,GARQ,D17,2,40,38,10,0.14144862,Proximal Tubule
AGCGGACCAGGAATCG-2,GARQ,D17,2,40,38,10,0.012522936,Proximal Tubule
AGCGGATAGACAAAGT-2,GARQ,D17,2,40,38,32,0.029248327,Proximal Tubule
AGCGGATAGCAATAGG-2,GARQ,D17,2,40,38,21,0.10870236,Stressed Tumor (p53+)
AGCGGATAGTTAGTGC-2,GARQ,D17,2,40,38,35,0.43260455,Stressed Tumor (p53+)
AGCTAAACACTTCATC-2,GARQ,D17,2,40,38,2,0.23027438,Proximal Tubule
AGCTAAACAGCAAATA-4,GARQ,D17,2,40,38,36,0.00577569,Tumor Epithelial
AGCTAACTCAAGCTAC-1,GARQ,D17,2,40,38,20,0.024571657,Tumor (Neuronal-like)
AGCTAACTCAGGTTTA-4,GARQ,D17,2,40,38,20,0.038037837,Tumor Epithelial
AGCTACGTCTTGCATT-1,GARQ,D17,2,40,38,7,0.030023396,Podocytes
AGCTAGTTCCCTGTTA-4,GARQ,D17,2,40,38,36,0.06441009,Tumor Epithelial
AGCTATATCCTCCATA-2,GARQ,D17,2,40,38,35,0.0607723,Proximal Tubule
AGCTCATAGTTGCGTG-4,GARQ,D17,2,40,38,20,0.12329638,Tumor Epithelial
AGCTTAATCATCCTAT-3,GARQ,D17,2,40,38,10,0.007875502,Stressed Tumor (p53+)
AGCTTAATCCCGTTAC-4,GARQ,D17,2,40,38,35,0.14648741,Myeloid Cells
AGCTTAATCGGTCAAT-4,GARQ,D17,2,40,38,36,0.20942616,Tumor Epithelial
AGCTTAATCTGTGCAG-4,GARQ,D17,2,40,38,20,0.002723217,Tumor Epithelial
AGCTTCCTCCTAGTCC-2,GARQ,D17,2,40,38,2,0.16120869,Proximal Tubule
AGCTTGGTCGGTAACT-2,GARQ,D17,2,40,38,35,0.34175456,Proximal Tubule
AGCTTTAAGTGAGCAA-2,GARQ,D17,2,40,38,32,0.14947253,Proximal Tubule
AGGAACGGTAGGTGTC-2,GARQ,D17,2,40,38,10,0.035260797,Proximal Tubule
AGGAACGGTTAGTGAT-3,GARQ,D17,2,40,38,2,0.06382841,Proximal Tubule
AGGACGTAGAACAAGT-3,GARQ,D17,2,40,38,20,0.053492725,Low Quality / Dying
AGGACGTAGCCAAATC-2,GARQ,D17,2,40,38,35,0.19430733,Proximal Tubule
AGGACGTAGGCGTAAA-2,GARQ,D17,2,40,38,9,0.08819687,Proximal Tubule
AGGACGTAGTCACCTC-1,GARQ,D17,2,40,38,36,0.0040352345,Low Quality / Dying
AGGACTAAGACTCGCA-1,GARQ,D17,2,40,38,6,0.019615382,Podocytes
AGGATATAGCTGAGGG-3,GARQ,D17,2,40,38,2,0.05363828,Proximal Tubule
AGGATCCGTGCCGCAA-1,GARQ,D17,2,40,38,31,0.05121401,Proximal Tubule
AGGATGCAGCCTTAAA-2,GARQ,D17,2,40,38,32,0.06895852,Parietal Epithelial Cells
AGGATGTCAACCCTAA-3,GARQ,D17,2,40,38,35,0.028957367,Injured PT-like
AGGCCCAGTTTGCTGT-3,GARQ,D17,2,40,38,2,0.23609781,Proximal Tubule
AGGCGGATCACGTTAA-3,GARQ,D17,2,40,38,9,0.13079357,Podocytes
AGGCTAAAGCCACATG-4,GARQ,D17,2,40,38,29,0.09962088,Tumor Epithelial
AGGCTAAAGTCAGGCC-2,GARQ,D17,2,40,38,2,0.28305846,Proximal Tubule
AGGGCTACAACACCTA-2,GARQ,D17,2,40,38,2,0.29090142,Proximal Tubule
AGGGCTACACCCACAG-2,GARQ,D17,2,40,38,35,0.07389766,Proximal Tubule
AGGGTTGCAATAACGA-1,GARQ,D17,2,40,38,2,0.04680857,Tumor (Neuronal-like)
AGGGTTGCAGAAATGC-3,GARQ,D17,2,40,38,2,0.027199864,Proximal Tubule
AGGTATTGTATTGTGG-2,GARQ,D17,2,40,38,35,0.22682202,Podocytes
AGGTCAAAGCCTGAGC-3,GARQ,D17,2,40,38,10,0.07519132,Proximal Tubule
AGGTCAAAGGCTTAAC-2,GARQ,D17,2,40,38,23,0.042502284,Proximal Tubule
AGGTCATTCAATCTAG-4,GARQ,D17,2,40,38,20,0.043444157,Tumor Epithelial
AGGTCATTCTTTAAGG-2,GARQ,D17,2,40,38,2,0.24671608,Proximal Tubule
AGGTCCGGTACAATGT-2,GARQ,D17,2,40,38,2,0.24868655,Proximal Tubule
AGGTCCGGTTACGCGG-1,GARQ,D17,2,40,38,21,0.08051187,Parietal Epithelial Cells
AGGTCTTAGCAAGGTA-1,GARQ,D17,2,40,38,18,0.02114594,Myeloid Cells
AGGTCTTAGTTATCTC-1,GARQ,D17,2,40,38,20,0.033692062,Tumor (Neuronal-like)
AGGTTAACAATTAACC-4,GARQ,D17,2,40,38,36,0.116677046,Tumor Epithelial
AGGTTACTCGCTAGAT-2,GARQ,D17,2,40,38,2,0.13948518,Proximal Tubule
AGGTTACTCGCTTCTA-1,GARQ,D17,2,40,38,0,0.0057443976,Tumor (Neuronal-like)
AGGTTGCGTACTGATG-2,GARQ,D17,2,40,38,8,0.012674689,Proximal Tubule
AGGTTTGGTTAAGCGC-3,GARQ,D17,2,40,38,10,0.03795141,Proximal Tubule
AGTAACACATCAATCG-4,GARQ,D17,2,40,38,37,0.004065275,Myeloid Cells
AGTAACGAGAGGAAGG-4,GARQ,D17,2,40,38,39,0.35684443,Tumor Epithelial
AGTAAGTAGGCGCTTA-1,GARQ,D17,2,40,38,20,0.15884525,Tumor (Neuronal-like)
AGTAATCGTGCTCACC-3,GARQ,D17,2,40,38,9,0.010518849,Low Quality / Dying
AGTAATGCACGAATTT-2,GARQ,D17,2,40,38,2,0.21354228,Proximal Tubule
AGTAATGCAGGCAAGC-1,GARQ,D17,2,40,38,21,0.1464107,Stressed Tumor (p53+)
AGTACGCGTTAATGAC-1,GARQ,D17,2,40,38,34,0.03520322,Tumor (Neuronal-like)
AGTACGCGTTAGCAGC-2,GARQ,D17,2,40,38,35,0.14611685,Proximal Tubule
AGTAGGATCACAGACT-3,GARQ,D17,2,40,38,2,0.07912153,Proximal Tubule
AGTAGGATCACAGGAA-3,GARQ,D17,2,40,38,19,0.14117491,Proximal Tubule
AGTAGGATCACCGGTA-2,GARQ,D17,2,40,38,10,0.1823464,Proximal Tubule
AGTAGGATCCGGAACC-4,GARQ,D17,2,40,38,36,0.25860643,Tumor Epithelial
AGTAGGATCTAGCGAT-1,GARQ,D17,2,40,38,14,0.060371578,Tumor (Neuronal-like)
AGTCAGGCAATAGTCT-4,GARQ,D17,2,40,38,7,0.09450579,Tumor Epithelial
AGTCAGGCACTAAGAA-1,GARQ,D17,2,40,38,20,0.2300008,Tumor (Neuronal-like)
AGTCAGGCATTATGGT-2,GARQ,D17,2,40,38,35,0.014225066,Proximal Tubule
AGTGAGTCAGCTAATT-4,GARQ,D17,2,40,38,7,0.12805563,Tumor Epithelial
AGTGAGTCAGGACACA-4,GARQ,D17,2,40,38,36,0.20862293,Tumor Epithelial
AGTGAGTCATTGCGGT-4,GARQ,D17,2,40,38,17,0.09525889,Tumor Epithelial
AGTGATGAGACACTTA-3,GARQ,D17,2,40,38,19,0.08772707,Stressed Tumor (p53+)
AGTGATGAGGAGGTTA-1,GARQ,D17,2,40,38,13,0.070901215,Stressed Tumor (p53+)
AGTGATGAGGTTAGAG-2,GARQ,D17,2,40,38,35,0.19892746,Proximal Tubule
AGTGATGAGTGAACCT-2,GARQ,D17,2,40,38,35,0.032073557,Proximal Tubule
AGTGCACGTACAAAGA-2,GARQ,D17,2,40,38,2,0.12216008,Proximal Tubule
AGTGCACGTATACTGG-3,GARQ,D17,2,40,38,0,0.056173086,Injured PT-like
AGTGCCGGTTCATTTG-1,GARQ,D17,2,40,38,20,0.18516737,Podocytes
AGTGCCGGTTCCAGGG-3,GARQ,D17,2,40,38,35,0.32396662,Proximal Tubule
AGTGCGGAGCGAGCGA-2,GARQ,D17,2,40,38,10,0.097583175,Proximal Tubule
AGTGTGGCACATTGCA-4,GARQ,D17,2,40,38,17,0.023995996,Tumor Epithelial
AGTGTTTCACTGGCTG-1,GARQ,D17,2,40,38,29,0.0036031306,Podocytes
AGTGTTTCAGCATGTC-3,GARQ,D17,2,40,38,19,0.040677488,Proximal Tubule
AGTGTTTCATAAAGCA-4,GARQ,D17,2,40,38,31,0.026303947,Tumor Epithelial
AGTTATGTCATTAGCA-3,GARQ,D17,2,40,38,0,0.093468964,Proximal Tubule
AGTTGCGTCGGCCAGT-2,GARQ,D17,2,40,38,32,0.06268942,Proximal Tubule
ATAAGCCTCTGGTCCT-2,GARQ,D17,2,40,38,35,0.012286007,Proximal Tubule
ATAAGTCGTGCATTTC-1,GARQ,D17,2,40,38,36,0.09354055,Tumor (Neuronal-like)
ATACCGGTCTTTGACT-2,GARQ,D17,2,40,38,2,0.13260972,Proximal Tubule
ATACCTGCAACTAACT-3,GARQ,D17,2,40,38,21,0.08325279,Parietal Epithelial Cells
ATACCTGCAAGCTTTG-4,GARQ,D17,2,40,38,39,0.12202978,Tumor Epithelial
ATACCTGCAGGTTATT-2,GARQ,D17,2,40,38,25,0.13354456,Podocytes
ATAGATGCAGCATGGA-1,GARQ,D17,2,40,38,20,0.044689476,Tumor (Neuronal-like)
ATAGATGCATAATCAC-4,GARQ,D17,2,40,38,26,0.036741436,Tumor Epithelial
ATAGCATGTGTGAGAG-1,GARQ,D17,2,40,38,6,0.0927313,Injured PT-like
ATAGCATGTGTGAGGA-1,GARQ,D17,2,40,38,33,0.06763506,Tumor Epithelial
ATAGCATGTTAATGAC-2,GARQ,D17,2,40,38,32,0.025329053,Proximal Tubule
ATATGCATCATAGACC-2,GARQ,D17,2,40,38,2,0.021045208,Proximal Tubule
ATATGCATCCTAAGAC-4,GARQ,D17,2,40,38,20,0.0079907775,Tumor Epithelial
ATATGTCCAATAGCCC-1,GARQ,D17,2,40,38,19,0.094706655,Tumor (Neuronal-like)
ATATGTCCAGTGAACG-3,GARQ,D17,2,40,38,2,0.0132005215,Proximal Tubule
ATCAATCCAGGATAAC-3,GARQ,D17,2,40,38,20,0.09428787,Stressed Tumor (p53+)
ATCAATCCATCACAGC-1,GARQ,D17,2,40,38,13,0.18725216,Proximal Tubule
ATCAATCCATTGACAT-2,GARQ,D17,2,40,38,19,0.08429444,Proximal Tubule
ATCACAATCCAGGGAG-1,GARQ,D17,2,40,38,26,0.064729035,Tumor (Neuronal-like)
ATCACACAGCACAGGG-2,GARQ,D17,2,40,38,35,0.25239843,Proximal Tubule
ATCACCCTCAAACCTA-2,GARQ,D17,2,40,38,35,0.486768,Proximal Tubule
ATCACCCTCATTGCGG-4,GARQ,D17,2,40,38,33,0.03201908,Tumor Epithelial
ATCACCCTCGATTTGA-1,GARQ,D17,2,40,38,20,0.04857874,Tumor (Neuronal-like)
ATCACTAAGTCTTGAA-3,GARQ,D17,2,40,38,8,0.06240666,Proximal Tubule
ATCAGGTTCCTTGCAC-2,GARQ,D17,2,40,38,2,0.4596573,Proximal Tubule
ATCAGGTTCTGTAAGC-3,GARQ,D17,2,40,38,9,0.11422598,Myeloid Cells
ATCCAACAGTTATCTC-3,GARQ,D17,2,40,38,34,0.080974996,Parietal Epithelial Cells
ATCCACCTCCTCACTA-2,GARQ,D17,2,40,38,35,0.050077915,Proximal Tubule
ATCCATAAGTTAGACC-2,GARQ,D17,2,40,38,2,0.058966756,Proximal Tubule
ATCCGTGAGAGAAGGG-3,GARQ,D17,2,40,38,10,0.029360414,Mast Cells
ATCCGTGAGGGACGCA-4,GARQ,D17,2,40,38,33,0.15380937,Tumor Epithelial
ATCCTCATCCTTAGGG-3,GARQ,D17,2,40,38,20,0.028108,Low Quality / Dying
ATCCTCATCCTTGAGG-3,GARQ,D17,2,40,38,21,0.012413502,Proximal Tubule
ATCCTCATCTCGACCT-2,GARQ,D17,2,40,38,2,0.27187517,Proximal Tubule
ATCCTGACAAACGCGA-1,GARQ,D17,2,40,38,20,0.16940033,Injured PT-like
ATCCTGACAACCTAAT-1,GARQ,D17,2,40,38,11,0.013961911,Tumor (Neuronal-like)
ATCCTGACATAATCAC-3,GARQ,D17,2,40,38,26,0.031520724,Proximal Tubule
ATCCTTAGTAATCGTG-2,GARQ,D17,2,40,38,35,0.43016565,Proximal Tubule
ATCCTTAGTGATGAAA-2,GARQ,D17,2,40,38,23,0.0383991,Proximal Tubule
ATCCTTAGTGGAGCAA-4,GARQ,D17,2,40,38,29,0.11864376,Tumor Epithelial
ATCCTTAGTTGCTTCG-1,GARQ,D17,2,40,38,20,0.031312525,Tumor (Neuronal-like)
ATCGAGGCAATGCCCG-1,GARQ,D17,2,40,38,34,0.066924214,Podocytes
ATCGAGGCAGATAGAC-4,GARQ,D17,2,40,38,39,0.23154259,Tumor Epithelial
ATCGCCCGTGCGCGTA-4,GARQ,D17,2,40,38,36,0.07240248,Tumor Epithelial
ATCGCCCGTTGGTGAC-2,GARQ,D17,2,40,38,2,0.061201394,Proximal Tubule
ATCGGCCAGGTTTGAC-4,GARQ,D17,2,40,38,39,0.06737417,Tumor Epithelial
ATCTATGAGAGAAGGG-2,GARQ,D17,2,40,38,21,0.051293373,Proximal Tubule
ATCTATGAGTTAGGCT-3,GARQ,D17,2,40,38,35,0.11778897,Myeloid Cells
ATGAAGTAGCTTAACA-3,GARQ,D17,2,40,38,2,0.062311828,Stressed Tumor (p53+)
ATGAAGTAGGATCACT-2,GARQ,D17,2,40,38,2,0.0033979416,Proximal Tubule
ATGAAGTAGGATGATG-2,GARQ,D17,2,40,38,2,0.088680744,Proximal Tubule
ATGAATGCAGGAACTG-2,GARQ,D17,2,40,38,2,0.10503262,Proximal Tubule
ATGAATGCATTGTCCT-3,GARQ,D17,2,40,38,13,0.10965133,Proximal Tubule
ATGACAACAATTTAGC-4,GARQ,D17,2,40,38,39,0.1688745,Myeloid Cells
ATGACAACACAAAGGT-1,GARQ,D17,2,40,38,20,0.005589664,Tumor (Neuronal-like)
ATGACCAGTACCCACC-1,GARQ,D17,2,40,38,7,0.041232646,Tumor (Neuronal-like)
ATGACCAGTCCGTAGG-4,GARQ,D17,2,40,38,39,0.4208504,Tumor Epithelial
ATGACGAAGCGATACT-4,GARQ,D17,2,40,38,39,0.55255795,Tumor Epithelial
ATGACTCAGCTATATG-1,GARQ,D17,2,40,38,35,0.06924784,T Cells
ATGATGACAGCTTACA-2,GARQ,D17,2,40,38,32,0.02682352,Proximal Tubule
ATGCAAACAGGACACA-3,GARQ,D17,2,40,38,4,0.031831264,Proximal Tubule
ATGCATTCACAATACT-2,GARQ,D17,2,40,38,9,0.055901557,Proximal Tubule
ATGCATTCAGGATGGC-2,GARQ,D17,2,40,38,35,0.4008848,Proximal Tubule
ATGCCTGAGGCAAGTA-3,GARQ,D17,2,40,38,13,0.21623492,Proximal Tubule
ATGCGATTCACAGACT-4,GARQ,D17,2,40,38,39,0.02426231,Tumor Epithelial
ATGCGATTCATGTTTC-2,GARQ,D17,2,40,38,21,0.003508091,Proximal Tubule
ATGCGATTCGCTCCAT-4,GARQ,D17,2,40,38,39,0.28833097,T Cells
ATGCTTAAGTAAACCC-3,GARQ,D17,2,40,38,19,0.053040385,Proximal Tubule
ATGGCCCAGGGACCTC-3,GARQ,D17,2,40,38,35,0.226937,Podocytes
ATGGCCGGTGTTAGCA-2,GARQ,D17,2,40,38,35,0.2994988,Proximal Tubule
ATGGCCGGTGTTTGTC-2,GARQ,D17,2,40,38,2,0.042468905,Proximal Tubule
ATGGCTAGTGTGAGAG-2,GARQ,D17,2,40,38,9,0.08551848,Podocytes
ATGGCTTAGGATCACT-3,GARQ,D17,2,40,38,7,0.26133025,Low Quality / Dying
ATGGTGCGTGATTTGG-2,GARQ,D17,2,40,38,18,0.014425516,Proximal Tubule
ATGGTTATCAATAGCC-2,GARQ,D17,2,40,38,2,0.09729046,Proximal Tubule
ATGGTTATCATGCGTG-3,GARQ,D17,2,40,38,2,0.066115916,Podocytes
ATGGTTATCGTTAACA-1,GARQ,D17,2,40,38,20,0.0051164627,Tumor (Neuronal-like)
ATGTAACGTACCGGAT-4,GARQ,D17,2,40,38,7,0.1393485,Tumor Epithelial
ATGTAAGCAACCTAAT-3,GARQ,D17,2,40,38,20,0.073575616,Proximal Tubule
ATGTCAATCCCGCATT-2,GARQ,D17,2,40,38,32,0.048968196,Proximal Tubule
ATGTCAATCCTCCCTC-1,GARQ,D17,2,40,38,35,0.21121949,Proximal Tubule
ATGTCATCAGGCCAAA-3,GARQ,D17,2,40,38,20,0.04120922,Proximal Tubule
ATGTCCACAACAGCCT-1,GARQ,D17,2,40,38,20,0.008245945,Stressed Tumor (p53+)
ATGTGAGAGGAAACTG-1,GARQ,D17,2,40,38,20,0.008659542,Proximal Tubule
ATGTGAGAGGTGCGGA-4,GARQ,D17,2,40,38,36,0.2775147,Tumor Epithelial
ATGTTGTCATAATTGC-1,GARQ,D17,2,40,38,13,0.14086384,Tumor (Neuronal-like)
ATGTTGTCATTGCGAC-2,GARQ,D17,2,40,38,2,0.026460469,Proximal Tubule
ATGTTTGAGTCACTCC-1,GARQ,D17,2,40,38,20,0.1394738,Proximal Tubule
ATGTTTGAGTTAGCTA-1,GARQ,D17,2,40,38,18,0.2024638,Myeloid Cells
ATTACCCGTCCTAATC-4,GARQ,D17,2,40,38,7,0.09234488,Tumor Epithelial
ATTACCCGTGCGCGTA-2,GARQ,D17,2,40,38,35,0.46909177,Proximal Tubule
ATTACGTCAGGCAAGC-2,GARQ,D17,2,40,38,2,0.26207522,Proximal Tubule
ATTACTGAGGTCATTA-3,GARQ,D17,2,40,38,7,0.22685021,Tumor Epithelial
ATTAGCGGTTGCGGAT-2,GARQ,D17,2,40,38,35,0.17048252,Stressed Tumor (p53+)
ATTAGCGGTTGGCCGA-3,GARQ,D17,2,40,38,20,0.017603815,Proximal Tubule
ATTAGGTGTCATCATC-3,GARQ,D17,2,40,38,15,0.027947307,Podocytes
ATTAGGTGTTAGGACC-2,GARQ,D17,2,40,38,4,0.034772515,Podocytes
ATTAGGTGTTCACTGT-1,GARQ,D17,2,40,38,6,0.04780811,Tumor (Neuronal-like)
ATTATCCTCGGTCATG-4,GARQ,D17,2,40,38,36,0.07774967,Tumor Epithelial
ATTATCCTCTTGCAGG-3,GARQ,D17,2,40,38,19,0.22387326,Proximal Tubule
ATTCATGAGACAACGA-1,GARQ,D17,2,40,38,35,0.045766592,Tumor (Neuronal-like)
ATTCCGGAGTTGGCCA-3,GARQ,D17,2,40,38,32,0.013121009,Parietal Epithelial Cells
ATTCCTCCAGTAATAG-1,GARQ,D17,2,40,38,20,0.017177165,Podocytes
ATTCCTCCATTAAGTC-3,GARQ,D17,2,40,38,32,0.027544856,Parietal Epithelial Cells
ATTCGTTTCAACAAGG-4,GARQ,D17,2,40,38,14,0.10300213,Tumor Epithelial
ATTGAAGCAAGATTCT-1,GARQ,D17,2,40,38,33,0.030189395,Stressed Tumor (p53+)
ATTGAAGCATACCCGG-3,GARQ,D17,2,40,38,25,0.13563824,Proximal Tubule
ATTGAAGCATGGTTAT-1,GARQ,D17,2,40,38,36,0.19356412,Tumor (Neuronal-like)
ATTGACTCAGGCAAGC-1,GARQ,D17,2,40,38,20,0.21764553,Tumor (Neuronal-like)
ATTGCTCGTTTACGTC-2,GARQ,D17,2,40,38,35,0.1725021,Proximal Tubule
ATTGTCCGTCCTAAGA-2,GARQ,D17,2,40,38,35,0.38445055,Proximal Tubule
ATTGTGATCGGTTTGG-2,GARQ,D17,2,40,38,35,0.3112315,Proximal Tubule
ATTGTGATCTCGCCTG-3,GARQ,D17,2,40,38,35,0.21763682,Proximal Tubule
ATTGTGATCTGCAAAC-4,GARQ,D17,2,40,38,39,0.047860444,Tumor Epithelial
ATTTAGCCACATTAAC-2,GARQ,D17,2,40,38,21,0.09241271,Proximal Tubule
ATTTAGGTCACCAATA-2,GARQ,D17,2,40,38,32,0.066405,Proximal Tubule
ATTTAGGTCTGTAAGC-2,GARQ,D17,2,40,38,2,0.09816322,Proximal Tubule
ATTTGTGAGCTCAAAC-1,GARQ,D17,2,40,38,2,0.15147299,Proximal Tubule
CAAACAACACTTACAG-2,GARQ,D17,2,40,38,32,0.09222424,Podocytes
CAAACACTCAGCACGC-4,GARQ,D17,2,40,38,36,0.2052933,Tumor Epithelial
CAAACATGTACCGAAC-2,GARQ,D17,2,40,38,2,0.32523832,Proximal Tubule
CAAACATGTTAGGCGT-2,GARQ,D17,2,40,38,2,0.040151477,Podocytes
CAAACGCGTTGAGCCG-3,GARQ,D17,2,40,38,35,0.0812943,Podocytes
CAAACTGGTTTAGCGA-4,GARQ,D17,2,40,38,36,0.07012272,Tumor Epithelial
CAAAGCGCAGTCTAAT-1,GARQ,D17,2,40,38,20,0.119924605,Tumor (Neuronal-like)
CAACAATGTTTCCTCC-3,GARQ,D17,2,40,38,13,0.047789216,Proximal Tubule
CAACCCTTCGTTTCCA-1,GARQ,D17,2,40,38,1,0.05571103,Podocytes
CAACTAATCGACAAAG-1,GARQ,D17,2,40,38,10,0.09183243,Proximal Tubule
CAACTAGGTTCCTGAT-4,GARQ,D17,2,40,38,17,0.14601326,Tumor Epithelial
CAACTAGGTTTACGTC-4,GARQ,D17,2,40,38,39,0.24672031,Tumor Epithelial
CAAGAACCATTGCGGT-1,GARQ,D17,2,40,38,31,0.0387879,Proximal Tubule
CAAGACAAGGCTACAT-1,GARQ,D17,2,40,38,20,0.06908089,Podocytes
CAAGACAAGTTAGACC-3,GARQ,D17,2,40,38,35,0.35903966,Injured PT-like
CAAGGCTGTGAGCAAG-1,GARQ,D17,2,40,38,39,0.13495839,Tumor Epithelial
CAAGGTAAGCTATGAC-3,GARQ,D17,2,40,38,35,0.11582112,Proximal Tubule
CAAGGTAAGTTAACCA-2,GARQ,D17,2,40,38,32,0.035176992,Proximal Tubule
CAAGTAACAACTGGGA-3,GARQ,D17,2,40,38,2,0.04331118,Proximal Tubule
CAAGTATGTGAGCGAA-2,GARQ,D17,2,40,38,2,0.05986625,Proximal Tubule
CAAGTATGTGCATCGG-2,GARQ,D17,2,40,38,35,0.14452708,Parietal Epithelial Cells
CAAGTATGTTAAGCGC-1,GARQ,D17,2,40,38,33,0.10277331,Tumor Epithelial
CAAGTATGTTGGTGAC-4,GARQ,D17,2,40,38,7,0.15896255,Tumor Epithelial
CAAGTGAAGAGGAGGA-4,GARQ,D17,2,40,38,36,0.07390368,Tumor Epithelial
CAAGTGAAGCTAAAGG-3,GARQ,D17,2,40,38,6,0.046566844,Stressed Tumor (p53+)
CAAGTGAAGGTTAGCT-3,GARQ,D17,2,40,38,21,0.16788805,Proximal Tubule
CAAGTGAAGTTAGTTG-3,GARQ,D17,2,40,38,35,0.08611941,Stressed Tumor (p53+)
CAAGTTATCCTAAATG-4,GARQ,D17,2,40,38,39,0.028908074,Tumor Epithelial
CAATAAGCAAGGTCCT-1,GARQ,D17,2,40,38,39,0.012668848,Tumor Epithelial
CAATAAGCAGCATGAG-3,GARQ,D17,2,40,38,35,0.170295,Proximal Tubule
CAATAAGCAGTAGGTG-3,GARQ,D17,2,40,38,35,0.09700525,Stressed Tumor (p53+)
CAATAGCTCATGTGGT-1,GARQ,D17,2,40,38,20,0.09560293,Tumor (Neuronal-like)
CAATCCCTCACTAAGC-2,GARQ,D17,2,40,38,2,0.13335085,Proximal Tubule
CAATCGCCACATAGCC-2,GARQ,D17,2,40,38,35,0.25285727,Parietal Epithelial Cells
CAATGACTCCCGCAAA-2,GARQ,D17,2,40,38,2,0.002399683,Proximal Tubule
CAATGCCCAACAACAA-2,GARQ,D17,2,40,38,2,0.09183878,Proximal Tubule
CAATGCCCAGGCATGA-4,GARQ,D17,2,40,38,7,0.17691088,Tumor Epithelial
CAATGCCCATTCCTCG-1,GARQ,D17,2,40,38,35,0.022515714,Podocytes
CAATGTGGTCCTTTAA-4,GARQ,D17,2,40,38,36,0.047504544,Tumor Epithelial
CACAAGCGTCACAAAT-1,GARQ,D17,2,40,38,13,0.11494082,Proximal Tubule
CACAAGCGTTAAGGTT-1,GARQ,D17,2,40,38,38,0.022131741,Proximal Tubule
CACAAGCGTTTGCTGT-3,GARQ,D17,2,40,38,28,0.025933743,Proximal Tubule
CACAATATCATGGCTG-3,GARQ,D17,2,40,38,19,0.00022637844,Low Quality / Dying
CACATACAGTCATTAG-1,GARQ,D17,2,40,38,34,0.02406481,Proximal Tubule
CACCTCAGTCCAAATG-1,GARQ,D17,2,40,38,39,0.12008339,Proximal Tubule
CACCTGTTCGGCTATG-2,GARQ,D17,2,40,38,2,0.31240618,Proximal Tubule
CACGCAATCCGGCTAA-1,GARQ,D17,2,40,38,35,0.16251361,Tumor (Neuronal-like)
CACGCAATCTCAATGA-4,GARQ,D17,2,40,38,36,0.10858524,Tumor Epithelial
CACGCAATCTCACTCA-3,GARQ,D17,2,40,38,27,0.049212456,Proximal Tubule
CACGCTAAGCACAGCC-3,GARQ,D17,2,40,38,26,0.063157916,Low Quality / Dying
CACTAGCCACCTGCCT-2,GARQ,D17,2,40,38,2,0.11140597,Proximal Tubule
CACTAGCCATCCAGGT-1,GARQ,D17,2,40,38,34,0.077258706,Podocytes
CACTGACCATAATCAC-3,GARQ,D17,2,40,38,19,0.10670042,Proximal Tubule
CACTGACCATACCCGG-4,GARQ,D17,2,40,38,36,0.010366857,Tumor Epithelial
CACTTAAAGGACCGCT-3,GARQ,D17,2,40,38,2,0.16048813,Proximal Tubule
CACTTAAAGGATAAAC-1,GARQ,D17,2,40,38,20,0.11936957,Tumor (Neuronal-like)
CACTTAAAGGCACAGG-3,GARQ,D17,2,40,38,19,0.084246755,Proximal Tubule
CACTTTGTCTGTTCAT-4,GARQ,D17,2,40,38,39,0.09141493,Tumor Epithelial
CAGAATCTCAGGGCCT-1,GARQ,D17,2,40,38,18,0.17391062,Myeloid Cells
CAGAATCTCGTTAAGC-2,GARQ,D17,2,40,38,15,0.11532447,Podocytes
CAGCAAGCAATCCTGA-1,GARQ,D17,2,40,38,11,0.128631,Low Quality / Dying
CAGCAAGCAGGAATCG-4,GARQ,D17,2,40,38,39,0.027690321,Tumor Epithelial
CAGCAAGCAGTAAGTA-2,GARQ,D17,2,40,38,2,0.20503992,Proximal Tubule
CAGCATTAGGCGCTTA-3,GARQ,D17,2,40,38,19,0.05711192,Proximal Tubule
CAGCCAATCCAGGTCA-2,GARQ,D17,2,40,38,10,0.07730007,Proximal Tubule
CAGCCTAAGTTAACCA-1,GARQ,D17,2,40,38,39,0.058666945,Podocytes
CAGCCTTTCTAGCGAT-1,GARQ,D17,2,40,38,36,0.11464095,Tumor (Neuronal-like)
CAGCTATAGTAGCGGG-2,GARQ,D17,2,40,38,2,0.24952853,Proximal Tubule
CAGGACACAGAATGAC-4,GARQ,D17,2,40,38,39,0.048395038,Tumor Epithelial
CAGGACCTCCCTGGTT-3,GARQ,D17,2,40,38,20,0.10141623,Proximal Tubule
CAGGATGCACAATACT-1,GARQ,D17,2,40,38,36,0.10965413,Podocytes
CAGGATGCACTTACAG-1,GARQ,D17,2,40,38,19,0.114479125,Parietal Epithelial Cells
CAGGCTATCACGCATG-2,GARQ,D17,2,40,38,35,0.45367646,Injured PT-like
CAGGCTGGTGTAACCA-1,GARQ,D17,2,40,38,10,0.05826837,Podocytes
CAGGGCTTCACCAATA-1,GARQ,D17,2,40,38,32,0.021038711,Proximal Tubule
CAGGGTGAGCAAGGGT-1,GARQ,D17,2,40,38,39,0.04657924,Podocytes
CAGGTGGAGGTAAGGC-4,GARQ,D17,2,40,38,39,0.10245633,Tumor Epithelial
CAGGTTAGTTAACACG-3,GARQ,D17,2,40,38,26,0.08549023,Proximal Tubule
CAGGTTAGTTCCGGGA-2,GARQ,D17,2,40,38,4,0.023130536,Proximal Tubule
CAGGTTTAGCTACTGG-1,GARQ,D17,2,40,38,26,0.22919357,Low Quality / Dying
CAGGTTTAGCTCCTAC-3,GARQ,D17,2,40,38,19,0.075469255,Proximal Tubule
CAGGTTTAGGCGCATC-3,GARQ,D17,2,40,38,20,0.046746194,Proximal Tubule
CAGGTTTAGGCTGGCT-2,GARQ,D17,2,40,38,13,0.03357476,Proximal Tubule
CAGTACCCACCAGCAT-4,GARQ,D17,2,40,38,31,0.025924742,Tumor Epithelial
CATAAGCTCCACCTGT-2,GARQ,D17,2,40,38,35,0.0056754947,Proximal Tubule
CATAATCCAATTTAGC-3,GARQ,D17,2,40,38,13,0.08520764,Stressed Tumor (p53+)
CATAATCCAGTTAAAG-4,GARQ,D17,2,40,38,7,0.108331025,Tumor Epithelial
CATAATGTCGCTCACT-3,GARQ,D17,2,40,38,26,0.138601,Proximal Tubule
CATAATGTCGGGCCAT-2,GARQ,D17,2,40,38,35,0.32863814,Proximal Tubule
CATAGACTCACTAAGC-3,GARQ,D17,2,40,38,28,0.03982091,Parietal Epithelial Cells
CATAGACTCCCTCACG-3,GARQ,D17,2,40,38,19,0.09988868,Proximal Tubule
CATAGACTCCTAAGGT-2,GARQ,D17,2,40,38,2,0.3828575,Proximal Tubule
CATAGGTTCCCGCAAA-2,GARQ,D17,2,40,38,32,0.06747115,Proximal Tubule
CATAGGTTCTGTAAGC-3,GARQ,D17,2,40,38,2,0.22167343,Proximal Tubule
CATAGGTTCTTAGTGA-4,GARQ,D17,2,40,38,37,0.034849465,Tumor Epithelial
CATAGTCAGCAATAGG-1,GARQ,D17,2,40,38,26,0.1963442,Proximal Tubule
CATAGTCAGCATCCAG-3,GARQ,D17,2,40,38,35,0.06503993,Proximal Tubule
CATAGTCAGCATGAAG-2,GARQ,D17,2,40,38,35,0.27467275,Proximal Tubule
CATAGTCAGTTTGAGC-1,GARQ,D17,2,40,38,20,0.13900536,Tumor (Neuronal-like)
CATATCGCACCCACCT-2,GARQ,D17,2,40,38,2,0.39934623,Proximal Tubule
CATCAATCAACCCTAA-2,GARQ,D17,2,40,38,35,0.25315213,Proximal Tubule
CATCAATCACAGGGAC-4,GARQ,D17,2,40,38,16,0.098525405,Tumor Epithelial
CATCAATCACGAATTT-3,GARQ,D17,2,40,38,10,0.098811984,Proximal Tubule
CATCATAAGACTTATG-4,GARQ,D17,2,40,38,36,0.12379706,Tumor Epithelial
CATCATGCATCGTTCT-3,GARQ,D17,2,40,38,7,0.018473625,Proximal Tubule
CATCCCAGTCAAGTAT-2,GARQ,D17,2,40,38,35,0.1518867,Proximal Tubule
CATCCTCAGCCTAACG-2,GARQ,D17,2,40,38,2,0.41905314,Proximal Tubule
CATCCTCAGGTCCTAG-1,GARQ,D17,2,40,38,34,0.011420727,Stressed Tumor (p53+)
CATCCTGGTACCGAAC-2,GARQ,D17,2,40,38,23,0.05755824,Proximal Tubule
CATCCTGGTCGTTATC-2,GARQ,D17,2,40,38,35,0.35819203,Stressed Tumor (p53+)
CATGCAAGTAATTAGC-2,GARQ,D17,2,40,38,21,0.10659534,Podocytes
CATGCAAGTTTGTTGC-2,GARQ,D17,2,40,38,4,0.024199933,Proximal Tubule
CATGCGGGTACGGTAC-3,GARQ,D17,2,40,38,19,0.19203508,Proximal Tubule
CATGCGGGTTAGCTGA-2,GARQ,D17,2,40,38,2,0.054644257,Proximal Tubule
CATGGATTCCTCAGTC-3,GARQ,D17,2,40,38,19,0.024516582,Proximal Tubule
CATTATGAGCACTAGT-2,GARQ,D17,2,40,38,35,0.12261701,Proximal Tubule
CATTATGAGCGAAGTA-2,GARQ,D17,2,40,38,35,0.029777884,Proximal Tubule
CATTCATTCCAGGTCA-2,GARQ,D17,2,40,38,35,0.17461747,Proximal Tubule
CATTCCTCACTCGCTC-2,GARQ,D17,2,40,38,19,0.0076969564,Proximal Tubule
CATTCCTCAGTTTGGC-2,GARQ,D17,2,40,38,2,0.46506256,Injured PT-like
CATTGCGAGCCAGTAT-3,GARQ,D17,2,40,38,13,0.13737994,T Cells
CATTGTAAGCCTGACA-1,GARQ,D17,2,40,38,22,0.047600865,Tumor (Neuronal-like)
CATTGTAAGTAGCGGG-3,GARQ,D17,2,40,38,2,0.026456356,Proximal Tubule
CATTGTAAGTTTGGTA-2,GARQ,D17,2,40,38,2,0.16625658,Proximal Tubule
CATTGTGCATTGTGTG-4,GARQ,D17,2,40,38,39,0.21493667,Tumor Epithelial
CCAAACCCAATTAACC-1,GARQ,D17,2,40,38,39,0.052541375,Low Quality / Dying
CCAAACCCATGGCCTG-2,GARQ,D17,2,40,38,10,0.14613044,Proximal Tubule
CCAAACTAGGGATGAC-3,GARQ,D17,2,40,38,20,0.09719986,Tumor Epithelial
CCAAATCAGAGGAGTC-3,GARQ,D17,2,40,38,2,0.12784922,Injured PT-like
CCAAATCAGCCTAACG-1,GARQ,D17,2,40,38,17,0.16833955,Tumor Epithelial
CCAAATCAGGGATGCG-2,GARQ,D17,2,40,38,2,0.12065405,Proximal Tubule
CCAACATAGCGGATAA-1,GARQ,D17,2,40,38,20,0.026031375,Stressed Tumor (p53+)
CCAACCAAGGGTTATC-1,GARQ,D17,2,40,38,35,0.012058675,Tumor (Neuronal-like)
CCAACCAAGGTCCTGA-3,GARQ,D17,2,40,38,21,0.19449162,Stressed Tumor (p53+)
CCAACCCGTTGGATCA-3,GARQ,D17,2,40,38,35,0.14502013,Proximal Tubule
CCAAGGCTCATGGTGT-2,GARQ,D17,2,40,38,35,0.18079674,Stressed Tumor (p53+)
CCAAGTTAGTAACCCG-4,GARQ,D17,2,40,38,7,0.0007762909,Tumor Epithelial
CCAATATCAAGGTACG-1,GARQ,D17,2,40,38,11,0.015955806,Tumor (Neuronal-like)
CCAATATCAGTTAGCC-2,GARQ,D17,2,40,38,10,0.102733195,Proximal Tubule
CCACAATAGGTTTACA-3,GARQ,D17,2,40,38,21,0.07318485,Podocytes
CCACACAAGTTTAACG-3,GARQ,D17,2,40,38,2,0.11023629,Proximal Tubule
CCACATTGTCACAGAC-4,GARQ,D17,2,40,38,39,0.19214278,Tumor Epithelial
CCACTTGGTATTCGTC-3,GARQ,D17,2,40,38,26,0.099229395,Proximal Tubule
CCACTTGGTCATCCTG-2,GARQ,D17,2,40,38,8,0.14526963,Injured PT-like
CCAGACTCACACTAAT-1,GARQ,D17,2,40,38,4,0.022263408,Tumor (Neuronal-like)
CCAGCCTGTCACAGCG-2,GARQ,D17,2,40,38,2,0.088014364,Proximal Tubule
CCAGCCTGTCATAGAT-2,GARQ,D17,2,40,38,35,0.17852044,Stressed Tumor (p53+)
CCAGCCTGTGACATGC-1,GARQ,D17,2,40,38,38,0.026194245,Tumor (Neuronal-like)
CCAGCTAAGCTATTAG-2,GARQ,D17,2,40,38,35,0.4151194,Podocytes
CCAGCTAAGCTTACTT-1,GARQ,D17,2,40,38,31,0.0844776,Low Quality / Dying
CCAGCTAAGTATTGGC-2,GARQ,D17,2,40,38,35,0.42816043,Proximal Tubule
CCAGCTAAGTTAGGCT-2,GARQ,D17,2,40,38,35,0.36577296,Parietal Epithelial Cells
CCAGCTGCATTATGCG-2,GARQ,D17,2,40,38,2,0.5843618,Proximal Tubule
CCAGGAACACACTAAT-2,GARQ,D17,2,40,38,35,0.38388097,Proximal Tubule
CCAGGATGTGGATGTC-1,GARQ,D17,2,40,38,26,0.078878015,Tumor (Neuronal-like)
CCAGGATGTGTTGTGA-1,GARQ,D17,2,40,38,39,0.3541112,Tumor (Neuronal-like)
CCAGGATGTTTGTTGC-3,GARQ,D17,2,40,38,26,0.037409067,Tumor (Neuronal-like)
CCATAAATCAAGTGTC-3,GARQ,D17,2,40,38,26,0.05073297,Low Quality / Dying
CCATAAGGTGTTGCTT-2,GARQ,D17,2,40,38,2,0.5170701,Proximal Tubule
CCATAGCCATCAATCG-2,GARQ,D17,2,40,38,35,0.48001897,Proximal Tubule
CCATATTTCTAACCAA-4,GARQ,D17,2,40,38,7,0.009041607,Tumor Epithelial
CCATCACTCACGCGGT-4,GARQ,D17,2,40,38,17,0.039137423,Tumor Epithelial
CCATCACTCTTGGATA-2,GARQ,D17,2,40,38,35,0.020505548,Parietal Epithelial Cells
CCATCATGTCCCGGAA-2,GARQ,D17,2,40,38,21,0.12144709,Proximal Tubule
CCATCATGTCCTAAGA-3,GARQ,D17,2,40,38,13,0.008974135,Proximal Tubule
CCATTGTGTGCTAGAC-2,GARQ,D17,2,40,38,35,0.36223984,Stressed Tumor (p53+)
CCCAAACCATCCCGCT-3,GARQ,D17,2,40,38,2,0.21138215,Proximal Tubule
CCCAAATAGGTTTGCG-2,GARQ,D17,2,40,38,10,0.019200206,Proximal Tubule
CCCAACCGTGACCTGG-2,GARQ,D17,2,40,38,35,0.12229061,Proximal Tubule
CCCAGTTTCCAGGTCA-3,GARQ,D17,2,40,38,2,0.29744548,Proximal Tubule
CCCAGTTTCCTAGTTT-3,GARQ,D17,2,40,38,2,0.12883598,Proximal Tubule
CCCATAACACCCACCT-3,GARQ,D17,2,40,38,2,0.00975585,Proximal Tubule
CCCATAACACCTAATG-1,GARQ,D17,2,40,38,33,0.004347712,Podocytes
CCCATAACATAGTCAT-2,GARQ,D17,2,40,38,35,0.124733746,Proximal Tubule
CCCGCAACAGCATTAT-2,GARQ,D17,2,40,38,2,0.71366966,Proximal Tubule
CCCGTAAAGATAAAGC-3,GARQ,D17,2,40,38,19,0.071701705,Podocytes
CCCGTAAAGCTCAATA-2,GARQ,D17,2,40,38,2,0.2875685,Proximal Tubule
CCCGTTGTCTAGCGTG-1,GARQ,D17,2,40,38,13,0.046139866,Tumor (Neuronal-like)
CCCTCACCAATCATGT-4,GARQ,D17,2,40,38,39,0.25774956,Endothelial Cells
CCCTCATAGGAACCAA-1,GARQ,D17,2,40,38,7,0.041238964,Stressed Tumor (p53+)
CCCTGGACACCTATAG-1,GARQ,D17,2,40,38,39,0.15001884,Podocytes
CCCTGTTAGGATTTGC-3,GARQ,D17,2,40,38,35,0.13666981,Parietal Epithelial Cells
CCCTTAATCCCTGATC-1,GARQ,D17,2,40,38,39,0.10749841,Tumor Epithelial
CCGCAAATCTGTTCAT-1,GARQ,D17,2,40,38,39,0.043200552,Low Quality / Dying
CCGCACACAGAGAGCC-1,GARQ,D17,2,40,38,20,0.19803005,Tumor (Neuronal-like)
CCGCACACATTGCGGT-2,GARQ,D17,2,40,38,28,0.057784677,Proximal Tubule
CCGCCAACAGCAAGAT-2,GARQ,D17,2,40,38,35,0.22222877,Proximal Tubule
CCGCCAACAGTAAGTA-4,GARQ,D17,2,40,38,37,0.018056631,Tumor Epithelial
CCGCTAAAGACTCGCA-4,GARQ,D17,2,40,38,13,0.0052758455,Tumor Epithelial
CCGCTAAAGGGTCCAC-2,GARQ,D17,2,40,38,2,0.1349526,Proximal Tubule
CCGCTAGCAATAGCCC-1,GARQ,D17,2,40,38,0,0.058169603,Tumor (Neuronal-like)
CCGCTAGCAATTAAGG-2,GARQ,D17,2,40,38,35,0.16903186,Proximal Tubule
CCGCTAGCATTAAAGG-3,GARQ,D17,2,40,38,35,0.04204786,Proximal Tubule
CCGTGCTGTACCGTTT-1,GARQ,D17,2,40,38,17,0.0007585883,Tumor Epithelial
CCGTGCTGTTCGCGCT-3,GARQ,D17,2,40,38,32,0.106093824,Parietal Epithelial Cells
CCGTGCTGTTTGTCTA-3,GARQ,D17,2,40,38,7,0.04645872,Low Quality / Dying
CCGTTAACATAGTCAT-3,GARQ,D17,2,40,38,35,0.051982343,Parietal Epithelial Cells
CCGTTACTCTAAGTCA-4,GARQ,D17,2,40,38,6,0.030191362,Tumor Epithelial
CCGTTATGTCAAAGAA-4,GARQ,D17,2,40,38,36,0.13822782,Tumor Epithelial
CCTAAAGGTTGGTGAC-4,GARQ,D17,2,40,38,39,0.117559075,Tumor Epithelial
CCTAAATCACTTGTTC-4,GARQ,D17,2,40,38,7,0.034340978,Tumor Epithelial
CCTAAGCCACAGCCTG-3,GARQ,D17,2,40,38,26,0.14821267,Proximal Tubule
CCTAAGCCACCGGCTA-3,GARQ,D17,2,40,38,26,0.00870198,Tumor (Neuronal-like)
CCTAAGCCAGGCCTTG-2,GARQ,D17,2,40,38,9,0.02437663,Proximal Tubule
CCTAAGCCATCTTGAG-4,GARQ,D17,2,40,38,36,0.18822306,Tumor Epithelial
CCTAAGGTCCTTAGTT-3,GARQ,D17,2,40,38,13,0.14015412,Proximal Tubule
CCTAAGTAGCCTCTCG-4,GARQ,D17,2,40,38,39,0.2008323,Tumor Epithelial
CCTAATCGTTTGGGCG-1,GARQ,D17,2,40,38,7,0.096379995,Tumor (Neuronal-like)
CCTATAGCATTAGGTT-1,GARQ,D17,2,40,38,35,0.100284934,Tumor (Neuronal-like)
CCTATATTCTGTAATG-2,GARQ,D17,2,40,38,35,0.31054592,Proximal Tubule
CCTATTGTCAGGATGA-3,GARQ,D17,2,40,38,19,0.02041006,Low Quality / Dying
CCTATTGTCTTAGTGA-3,GARQ,D17,2,40,38,35,0.09184265,Stressed Tumor (p53+)
CCTATTTAGGTCCACA-1,GARQ,D17,2,40,38,12,0.061789155,Low Quality / Dying
CCTCAAACATAGCTGC-1,GARQ,D17,2,40,38,13,0.009099841,Stressed Tumor (p53+)
CCTCAGTTCCTTAAGA-4,GARQ,D17,2,40,38,36,0.07216275,Tumor Epithelial
CCTCAGTTCTTAGGAC-1,GARQ,D17,2,40,38,20,0.13181263,Low Quality / Dying
CCTCAGTTCTTTGACT-4,GARQ,D17,2,40,38,20,0.10906196,Tumor Epithelial
CCTCCTGAGGACAACA-3,GARQ,D17,2,40,38,10,0.14927852,Mast Cells
CCTCCTGAGTGAGCAA-2,GARQ,D17,2,40,38,2,0.17174,Proximal Tubule
CCTGATGAGCTATGAC-3,GARQ,D17,2,40,38,2,0.14381981,Proximal Tubule
CCTGATGAGGTGCTGC-2,GARQ,D17,2,40,38,35,0.41793108,Podocytes
CCTGCTCCACTAGGTC-3,GARQ,D17,2,40,38,28,0.04768032,Proximal Tubule
CCTGCTCCAGCATTAT-1,GARQ,D17,2,40,38,13,0.01974988,Stressed Tumor (p53+)
CCTGCTCCATAATCCG-1,GARQ,D17,2,40,38,2,0.0060646534,Stressed Tumor (p53+)
CCTGGATCAGGCATCT-1,GARQ,D17,2,40,38,6,0.05892694,Podocytes
CCTGGTAAGGGCTTAT-2,GARQ,D17,2,40,38,35,0.54600674,Proximal Tubule
CCTGTATGTGGTTCTT-2,GARQ,D17,2,40,38,32,0.052302837,Myeloid Cells
CCTTACTCAGCTTAAT-2,GARQ,D17,2,40,38,2,0.39999664,Proximal Tubule
CCTTAGTGTGTTGTAG-2,GARQ,D17,2,40,38,2,0.08759081,Proximal Tubule
CCTTATGTCAGGCTAT-3,GARQ,D17,2,40,38,2,0.18213147,Injured PT-like
CCTTATGTCCCGCCTA-4,GARQ,D17,2,40,38,20,0.0127078295,Tumor Epithelial
CCTTCAATCACAGACT-2,GARQ,D17,2,40,38,2,0.023363829,Proximal Tubule
CCTTCAATCATTAGGC-2,GARQ,D17,2,40,38,19,0.091178775,Stressed Tumor (p53+)
CCTTCAGGTTCCTGTG-2,GARQ,D17,2,40,38,35,0.1937108,Proximal Tubule
CCTTGCGTCCGTGACA-3,GARQ,D17,2,40,38,18,0.1522479,Myeloid Cells
CCTTGTTCAGTTTGGC-1,GARQ,D17,2,40,38,20,0.06851196,Tumor (Neuronal-like)
CGAAATGAGAGAGGAG-2,GARQ,D17,2,40,38,28,0.07815975,Proximal Tubule
CGAAATGAGCGGATAA-3,GARQ,D17,2,40,38,2,0.08475506,Proximal Tubule
CGAACAAAGCTAAAGG-3,GARQ,D17,2,40,38,32,0.07648373,Myeloid Cells
CGAACAAAGGTCCACA-1,GARQ,D17,2,40,38,20,0.047075927,Tumor (Neuronal-like)
CGAACCGGTAGTTGGC-1,GARQ,D17,2,40,38,7,0.1479814,Tumor (Neuronal-like)
CGAAGAATCACCTGCT-3,GARQ,D17,2,40,38,35,0.3367085,Proximal Tubule
CGAAGAATCAGGTTTA-2,GARQ,D17,2,40,38,35,0.48514503,Proximal Tubule
CGAAGAATCATTATGG-2,GARQ,D17,2,40,38,21,0.1376912,Proximal Tubule
CGAAGCCTCAAGCCTG-4,GARQ,D17,2,40,38,20,0.08844268,Tumor Epithelial
CGAAGCGAGCCGGTAC-4,GARQ,D17,2,40,38,36,0.092154264,Tumor Epithelial
CGAAGCGAGCTGGACC-2,GARQ,D17,2,40,38,28,0.03776145,Proximal Tubule
CGAAGGCCAAGTGAAC-4,GARQ,D17,2,40,38,7,0.12936789,Tumor Epithelial
CGAAGGCCAGGTTCAC-2,GARQ,D17,2,40,38,2,0.060174227,Proximal Tubule
CGAAGTAAGCCTGATG-2,GARQ,D17,2,40,38,35,0.13692951,Myeloid Cells
CGAATCTAGCCTGGTA-3,GARQ,D17,2,40,38,2,0.031335115,Proximal Tubule
CGAATCTAGGCATTGT-2,GARQ,D17,2,40,38,10,0.118186235,Parietal Epithelial Cells
CGACCTGCAGAGGGAG-1,GARQ,D17,2,40,38,39,0.36206794,Tumor Epithelial
CGAGCTGGTGTTTCAC-1,GARQ,D17,2,40,38,6,0.06827325,Tumor (Neuronal-like)
CGAGCTGGTTTAGCGA-2,GARQ,D17,2,40,38,32,0.08959913,Parietal Epithelial Cells
CGAGGAAGTCCTTTAA-3,GARQ,D17,2,40,38,10,0.0752404,Proximal Tubule
CGAGGAAGTTTATTCG-4,GARQ,D17,2,40,38,7,0.054849923,Tumor Epithelial
CGAGTCGGTCGCAAAC-4,GARQ,D17,2,40,38,33,0.06355679,Tumor Epithelial
CGAGTCGGTTTGGTTC-1,GARQ,D17,2,40,38,7,0.051501036,Proximal Tubule
CGATCCTTCTAACCAA-2,GARQ,D17,2,40,38,35,0.40755278,Proximal Tubule
CGATCCTTCTTAAGTG-3,GARQ,D17,2,40,38,1,0.0886125,Injured PT-like
CGATGTCCAGTTATGT-2,GARQ,D17,2,40,38,18,0.03709489,Proximal Tubule
CGATTATCAACAACAA-1,GARQ,D17,2,40,38,20,0.2634961,Proximal Tubule
CGATTCCTCCATAAGC-2,GARQ,D17,2,40,38,35,0.32850736,Stressed Tumor (p53+)
CGATTCCTCGAGGAGT-2,GARQ,D17,2,40,38,23,0.0024846196,Proximal Tubule
CGATTTGCATTAAGTC-3,GARQ,D17,2,40,38,25,0.049623787,Podocytes
CGCAAATTCTCACTAT-2,GARQ,D17,2,40,38,35,0.07928467,Proximal Tubule
CGCAATAGTATTGGTG-1,GARQ,D17,2,40,38,35,0.14657032,Stressed Tumor (p53+)
CGCAATCCAGAATGAC-2,GARQ,D17,2,40,38,35,0.07118821,Proximal Tubule
CGCAATCCAGCACCAT-3,GARQ,D17,2,40,38,19,0.24582946,Stressed Tumor (p53+)
CGCAATCCAGCCGCTA-4,GARQ,D17,2,40,38,36,0.045652032,Tumor Epithelial
CGCACAATCCAAGTTA-4,GARQ,D17,2,40,38,39,0.09292656,Myeloid Cells
CGCACAATCGGCTAGC-3,GARQ,D17,2,40,38,21,0.020016313,Stressed Tumor (p53+)
CGCACAATCTTGCATT-2,GARQ,D17,2,40,38,35,0.22559714,Proximal Tubule
CGCACACAGGAAGTAT-1,GARQ,D17,2,40,38,7,0.31984466,Stressed Tumor (p53+)
CGCATATAGCTGGCTA-3,GARQ,D17,2,40,38,26,0.16705573,Low Quality / Dying
CGCATTACAGTCTATG-4,GARQ,D17,2,40,38,34,0.13588446,Tumor Epithelial
CGCCACACACTATGGC-2,GARQ,D17,2,40,38,32,0.022010565,Proximal Tubule
CGCCTCATCTTGGATA-3,GARQ,D17,2,40,38,20,0.120761335,Proximal Tubule
CGCCTGTGTTTCCGGC-1,GARQ,D17,2,40,38,10,0.17933172,Parietal Epithelial Cells
CGCGATTCAGTTAAAG-3,GARQ,D17,2,40,38,35,0.032112658,Proximal Tubule
CGCGATTCATAAGCAA-4,GARQ,D17,2,40,38,7,0.01647979,Tumor Epithelial
CGCGGATTCATCACTT-3,GARQ,D17,2,40,38,20,0.054680586,Proximal Tubule
CGCGGATTCCCGAAGC-3,GARQ,D17,2,40,38,2,0.21550721,Injured PT-like
CGCGGATTCTACTAAG-4,GARQ,D17,2,40,38,7,0.21670032,Tumor Epithelial
CGCTAACCAGGCCATT-1,GARQ,D17,2,40,38,20,0.29026473,Stressed Tumor (p53+)
CGCTAATAGCGCATTG-3,GARQ,D17,2,40,38,0,0.10040158,Proximal Tubule
CGCTAATAGTCCTTCA-1,GARQ,D17,2,40,38,14,0.019435644,Podocytes
CGCTACTTCCCTGGAA-4,GARQ,D17,2,40,38,36,0.043080747,Tumor Epithelial
CGCTATGAGTCATGCG-3,GARQ,D17,2,40,38,19,0.043121696,Stressed Tumor (p53+)
CGCTCCATCTCACACC-1,GARQ,D17,2,40,38,17,0.004385382,Proximal Tubule
CGCTGTGCATCGCTTT-2,GARQ,D17,2,40,38,2,0.47063577,Proximal Tubule
CGCTTACTCAATGACC-3,GARQ,D17,2,40,38,35,0.12993717,Podocytes
CGCTTACTCCTAATGA-3,GARQ,D17,2,40,38,1,0.07057476,Proximal Tubule
CGCTTCTAGACAGGTA-3,GARQ,D17,2,40,38,19,0.04409194,Proximal Tubule
CGCTTCTAGGTTTGCG-4,GARQ,D17,2,40,38,11,0.010259151,Tumor Epithelial
CGCTTCTAGTCATCCC-3,GARQ,D17,2,40,38,13,0.0058829784,Proximal Tubule
CGCTTCTAGTTTGGTA-1,GARQ,D17,2,40,38,35,0.13317752,Tumor (Neuronal-like)
CGGACCTAGCGGGCAA-4,GARQ,D17,2,40,38,39,0.06739855,Tumor Epithelial
CGGACCTAGTTCCCGT-4,GARQ,D17,2,40,38,20,0.08792019,Low Quality / Dying
CGGAGCAAGACAAACG-3,GARQ,D17,2,40,38,2,0.26005507,Proximal Tubule
CGGAGCAAGTTGCCTC-1,GARQ,D17,2,40,38,11,0.055671334,Proximal Tubule
CGGCAATGTAACGTGC-4,GARQ,D17,2,40,38,20,0.08177793,Tumor Epithelial
CGGCCATAGCATGACT-2,GARQ,D17,2,40,38,35,0.26955318,Parietal Epithelial Cells
CGGCTCACACAATACT-1,GARQ,D17,2,40,38,13,0.0020717978,Stressed Tumor (p53+)
CGGGACAAGAGGATAT-2,GARQ,D17,2,40,38,10,0.12559617,Proximal Tubule
CGGGCTTAGGCGAATA-2,GARQ,D17,2,40,38,2,0.1619047,Proximal Tubule
CGGGTATGTCACAGAC-2,GARQ,D17,2,40,38,35,0.22072059,Proximal Tubule
CGGGTATGTTAACGAT-2,GARQ,D17,2,40,38,9,0.12125105,Proximal Tubule
CGGGTATGTTGCACGG-4,GARQ,D17,2,40,38,7,0.16869688,Tumor Epithelial
CGGGTCTAGCGATACT-3,GARQ,D17,2,40,38,26,0.18657047,Proximal Tubule
CGGGTCTAGCTTAGTA-2,GARQ,D17,2,40,38,32,0.0147458315,Parietal Epithelial Cells
CGGTTCCGTGAAGCCT-3,GARQ,D17,2,40,38,37,0.0135576725,Parietal Epithelial Cells
CGGTTCCGTTTACGTC-3,GARQ,D17,2,40,38,27,0.027873963,Proximal Tubule
CGGTTGGGTGGTTCTT-2,GARQ,D17,2,40,38,35,0.18958002,Proximal Tubule
CGGTTGGGTTGGTTAG-4,GARQ,D17,2,40,38,36,0.052965164,Tumor Epithelial
CGGTTGGGTTTACTTG-3,GARQ,D17,2,40,38,35,0.23434055,Podocytes
CGGTTTGAGGAGGCAT-4,GARQ,D17,2,40,38,36,0.02848801,Tumor Epithelial
CGGTTTGAGGCGCATC-1,GARQ,D17,2,40,38,30,0.012475759,Stressed Tumor (p53+)
CGTAACTAGCCGCTAA-3,GARQ,D17,2,40,38,35,0.07179046,Podocytes
CGTAATGGTAACCAGC-2,GARQ,D17,2,40,38,30,0.11792666,Proximal Tubule
CGTAATGGTGTTGCAA-2,GARQ,D17,2,40,38,10,0.11475235,Proximal Tubule
CGTAGTTAGGCAAGTA-3,GARQ,D17,2,40,38,19,0.009948671,Proximal Tubule
CGTAGTTAGGCGGGTA-1,GARQ,D17,2,40,38,36,0.09509301,Tumor (Neuronal-like)
CGTAGTTAGTATCGCG-3,GARQ,D17,2,40,38,35,0.08659005,Proximal Tubule
CGTATTGCAATTAACC-2,GARQ,D17,2,40,38,9,0.06358045,Podocytes
CGTCAATAGGTTTACA-2,GARQ,D17,2,40,38,8,0.13891059,Proximal Tubule
CGTCAATAGTCTCACC-2,GARQ,D17,2,40,38,2,0.20544684,Proximal Tubule
CGTCCTAGTAAGCTCA-1,GARQ,D17,2,40,38,19,0.0944581,Tumor (Neuronal-like)
CGTGACATCCTAAGGT-3,GARQ,D17,2,40,38,15,0.093385935,Proximal Tubule
CGTGAGGAGCTAAAGG-1,GARQ,D17,2,40,38,36,0.020541847,Tumor Epithelial
CGTGCACAGCATTTCT-2,GARQ,D17,2,40,38,9,0.014619589,Proximal Tubule
CGTGCTTTCGCTCCAT-1,GARQ,D17,2,40,38,26,0.11663777,Podocytes
CGTGGTTCACCAGGTT-3,GARQ,D17,2,40,38,10,0.026880682,Proximal Tubule
CGTGGTTCATAAGCAA-3,GARQ,D17,2,40,38,20,0.01428324,Proximal Tubule
CGTGTTACAACTCGCG-3,GARQ,D17,2,40,38,15,0.040706366,Proximal Tubule
CGTTAAATCTAGCTTT-4,GARQ,D17,2,40,38,17,0.0018286705,Tumor Epithelial
CGTTAACAGTTCCCAC-3,GARQ,D17,2,40,38,22,0.032028913,Low Quality / Dying
CGTTATCGTAAGCTCA-2,GARQ,D17,2,40,38,2,0.022368103,Proximal Tubule
CGTTGCGCAATGCGCT-3,GARQ,D17,2,40,38,18,0.10844469,Myeloid Cells
CGTTGCGCAGAGAGCC-4,GARQ,D17,2,40,38,20,0.0141124725,Tumor Epithelial
CGTTTCTCAATTTAGC-4,GARQ,D17,2,40,38,36,0.051490426,Tumor Epithelial
CGTTTCTCACCTCAGG-3,GARQ,D17,2,40,38,2,0.054238915,Proximal Tubule
CGTTTGGAGCCTCTGT-4,GARQ,D17,2,40,38,36,0.0677132,Tumor Epithelial
CTAAATGTCGAGGAGT-4,GARQ,D17,2,40,38,36,0.05567783,Tumor Epithelial
CTAACCACACAAGCCT-3,GARQ,D17,2,40,38,2,0.049860895,Proximal Tubule
CTAACCCTCCGCAACA-3,GARQ,D17,2,40,38,35,0.22489518,Podocytes
CTAACCCTCCTGGTGA-3,GARQ,D17,2,40,38,35,0.010005236,Proximal Tubule
CTAACCCTCGTTATAG-2,GARQ,D17,2,40,38,19,0.03141567,Parietal Epithelial Cells
CTAACCCTCGTTTCGC-2,GARQ,D17,2,40,38,32,0.060981214,Proximal Tubule
CTAACCCTCTAAGTGC-2,GARQ,D17,2,40,38,35,0.26141053,Parietal Epithelial Cells
CTAACCTGTCCACAAA-4,GARQ,D17,2,40,38,7,0.16662598,Tumor Epithelial
CTAACCTGTCCGTGAG-3,GARQ,D17,2,40,38,13,0.13978404,Proximal Tubule
CTAACCTGTGCCTCAC-1,GARQ,D17,2,40,38,35,0.1477679,Stressed Tumor (p53+)
CTAACCTGTGGGTACT-1,GARQ,D17,2,40,38,34,0.019105554,Stressed Tumor (p53+)
CTAAGTCAGGAGGCAT-4,GARQ,D17,2,40,38,36,0.013201654,Tumor Epithelial
CTAAGTCAGTTGGCCA-3,GARQ,D17,2,40,38,15,0.012336701,Podocytes
CTAATCGCAATCCCTT-1,GARQ,D17,2,40,38,35,0.12384105,Parietal Epithelial Cells
CTAATCTTCATAGCCG-2,GARQ,D17,2,40,38,35,0.23133624,Myeloid Cells
CTAATCTTCTACCTCA-2,GARQ,D17,2,40,38,35,0.12280822,Proximal Tubule
CTAATCTTCTAGCTTT-2,GARQ,D17,2,40,38,35,0.20994985,Proximal Tubule
CTAATGTCAATGCCCG-3,GARQ,D17,2,40,38,35,0.01703906,Proximal Tubule
CTAATGTCACTTCACT-4,GARQ,D17,2,40,38,36,0.28005016,Tumor Epithelial
CTAATGTCAGCCTGCA-4,GARQ,D17,2,40,38,36,0.063761234,Tumor Epithelial
CTACAACAGGAACCAA-2,GARQ,D17,2,40,38,2,0.19119453,Proximal Tubule
CTACCGGCATCTAGCA-1,GARQ,D17,2,40,38,32,0.0057914257,Tumor (Neuronal-like)
CTACGAAGTAAGTCGC-2,GARQ,D17,2,40,38,35,0.23675787,Proximal Tubule
CTACTAAAGGAATAAC-2,GARQ,D17,2,40,38,32,0.10614967,Proximal Tubule
CTACTTAGTCTATCGT-4,GARQ,D17,2,40,38,17,0.10203278,Tumor Epithelial
CTAGATTCATAAGTTC-4,GARQ,D17,2,40,38,36,0.1093362,T Cells
CTAGCGGGTTCAAGAT-2,GARQ,D17,2,40,38,35,0.4344225,Podocytes
CTAGCTGAGGAGTCTT-1,GARQ,D17,2,40,38,39,0.042227656,Proximal Tubule
CTAGCTGAGTGAGCAA-4,GARQ,D17,2,40,38,39,0.15249372,Tumor Epithelial
CTAGGACGTGCGCGTA-2,GARQ,D17,2,40,38,35,0.28577685,Proximal Tubule
CTAGGCGGTTGAGGTC-1,GARQ,D17,2,40,38,35,0.026106834,Tumor (Neuronal-like)
CTAGTAGGTAATCGCA-2,GARQ,D17,2,40,38,35,0.3064199,Parietal Epithelial Cells
CTAGTAGGTAGGATCC-3,GARQ,D17,2,40,38,35,0.058257937,Proximal Tubule
CTAGTAGGTGTGCAAC-3,GARQ,D17,2,40,38,19,0.096266866,Proximal Tubule
CTAGTAGGTTAGCCAA-4,GARQ,D17,2,40,38,17,0.10168743,Tumor Epithelial
CTAGTCGAGGTGTCCA-2,GARQ,D17,2,40,38,8,0.015897036,Proximal Tubule
CTAGTGAGTATGGTGC-4,GARQ,D17,2,40,38,36,0.19065702,Tumor Epithelial
CTATAACCATGAGCAG-4,GARQ,D17,2,40,38,35,0.15765786,Myeloid Cells
CTATGACAGTAACCAC-4,GARQ,D17,2,40,38,7,0.037276745,Tumor Epithelial
CTATGAGGTTCCTGTG-4,GARQ,D17,2,40,38,36,0.15108097,Tumor Epithelial
CTATGGCCATAAGGAC-3,GARQ,D17,2,40,38,2,0.110675335,Proximal Tubule
CTATGTTTCATAGCCG-3,GARQ,D17,2,40,38,19,0.060646772,Stressed Tumor (p53+)
CTATGTTTCCTGGTCT-1,GARQ,D17,2,40,38,35,0.01305598,Tumor (Neuronal-like)
CTATGTTTCGATATTG-4,GARQ,D17,2,40,38,39,0.1321786,T Cells
CTCACAACAGCTTAAT-2,GARQ,D17,2,40,38,35,0.20488083,Proximal Tubule
CTCACACTCTACCTGC-3,GARQ,D17,2,40,38,10,0.08154857,Proximal Tubule
CTCAGGATCTAGCTAA-4,GARQ,D17,2,40,38,36,0.077169776,Tumor Epithelial
CTCATCATCGGGCCAT-3,GARQ,D17,2,40,38,2,0.053823173,Proximal Tubule
CTCATGACAACTAACT-2,GARQ,D17,2,40,38,2,0.19372833,Proximal Tubule
CTCATGCTCAGAAACG-2,GARQ,D17,2,40,38,23,0.0938403,Proximal Tubule
CTCATGCTCGATTCTT-2,GARQ,D17,2,40,38,35,0.07445544,Proximal Tubule
CTCATTTAGCCGCTTT-1,GARQ,D17,2,40,38,7,0.05990696,Stressed Tumor (p53+)
CTCATTTAGCTGAGGG-3,GARQ,D17,2,40,38,9,0.010654181,Podocytes
CTCCATCAGAACCTAC-1,GARQ,D17,2,40,38,36,0.004869759,Parietal Epithelial Cells
CTCCATCAGTTAGCCG-3,GARQ,D17,2,40,38,19,0.017164469,Proximal Tubule
CTCCGTCCAAGCCAGA-2,GARQ,D17,2,40,38,2,0.07024503,Proximal Tubule
CTCCTAATCAATCATG-1,GARQ,D17,2,40,38,20,0.11677003,Tumor (Neuronal-like)
CTCCTAATCATGGTGT-2,GARQ,D17,2,40,38,8,0.008783907,Proximal Tubule
CTCCTCACACCGGCTA-2,GARQ,D17,2,40,38,35,0.2543509,Proximal Tubule
CTCGACAAGAGGGACT-2,GARQ,D17,2,40,38,35,0.0018848181,Proximal Tubule
CTCTAAGCATCATGTG-2,GARQ,D17,2,40,38,35,0.1991843,Stressed Tumor (p53+)
CTCTAAGCATTTAAGC-1,GARQ,D17,2,40,38,20,0.07702449,Tumor (Neuronal-like)
CTCTAGCTCCCGCAAA-3,GARQ,D17,2,40,38,2,0.12376678,Proximal Tubule
CTCTAGCTCTCAATGA-2,GARQ,D17,2,40,38,35,0.3522135,Proximal Tubule
CTCTATGTCGCACACA-3,GARQ,D17,2,40,38,19,0.087485194,Proximal Tubule
CTCTCACAGGAACGCG-3,GARQ,D17,2,40,38,35,0.0064406395,Proximal Tubule
CTCTCACAGTAACTCA-3,GARQ,D17,2,40,38,21,0.017471611,Podocytes
CTCTGTTCATAACGGG-1,GARQ,D17,2,40,38,1,0.034567595,Proximal Tubule
CTCTTGATCAGTATTG-3,GARQ,D17,2,40,38,35,0.23206782,Proximal Tubule
CTCTTGATCCTAAGTA-4,GARQ,D17,2,40,38,20,0.17402905,Tumor Epithelial
CTGAATATCCCTGGAA-1,GARQ,D17,2,40,38,29,0.078511834,Injured PT-like
CTGCAATAGGACCTTG-1,GARQ,D17,2,40,38,32,0.09923899,Parietal Epithelial Cells
CTGCAATAGGCCGGAA-4,GARQ,D17,2,40,38,7,0.07624352,Tumor Epithelial
CTGCAATAGGGTGAAC-3,GARQ,D17,2,40,38,35,0.036988854,Podocytes
CTGCTCCCAGCATTAT-4,GARQ,D17,2,40,38,37,0.11269486,Myeloid Cells
CTGCTCCCAGCCTAAC-3,GARQ,D17,2,40,38,27,0.048007607,Stressed Tumor (p53+)
CTGGACCAGTTGGGCC-1,GARQ,D17,2,40,38,39,0.3350932,Tumor Epithelial
CTGGTCAAGTAAACCC-4,GARQ,D17,2,40,38,20,0.030209005,Tumor Epithelial
CTGGTTTGTGAAGCCT-3,GARQ,D17,2,40,38,2,0.04850757,Proximal Tubule
CTGTATTTCTCTAGCC-4,GARQ,D17,2,40,38,7,0.047135115,Tumor Epithelial
CTGTGTGAGGGACGCA-3,GARQ,D17,2,40,38,19,0.06580329,Stressed Tumor (p53+)
CTGTGTGAGTTGTCTT-1,GARQ,D17,2,40,38,11,0.065896034,Tumor (Neuronal-like)
CTGTTAAAGGCATTAC-2,GARQ,D17,2,40,38,2,0.19611913,Proximal Tubule
CTGTTAAAGGTTACGT-1,GARQ,D17,2,40,38,22,0.15268081,Tumor (Neuronal-like)
CTGTTCATCTTAAGTG-4,GARQ,D17,2,40,38,34,0.12920618,Tumor Epithelial
CTGTTGGAGACACCGC-3,GARQ,D17,2,40,38,35,0.13772893,Parietal Epithelial Cells
CTTAACAAGAAGCTAG-1,GARQ,D17,2,40,38,6,0.038457096,Podocytes
CTTAACAAGGCAAGTA-1,GARQ,D17,2,40,38,20,0.10124719,Low Quality / Dying
CTTACCGGTTAGGCGT-2,GARQ,D17,2,40,38,35,0.2347511,Proximal Tubule
CTTACCTCAGCTAACC-4,GARQ,D17,2,40,38,11,0.0032551289,Tumor Epithelial
CTTACCTCAGGATGGC-1,GARQ,D17,2,40,38,27,0.13826323,Tumor (Neuronal-like)
CTTAGGAGTGATGAAA-3,GARQ,D17,2,40,38,35,0.14423168,Proximal Tubule
CTTAGTTTCAACAAGG-3,GARQ,D17,2,40,38,2,0.16419423,Proximal Tubule
CTTAGTTTCGCAATCG-2,GARQ,D17,2,40,38,2,0.055505037,Proximal Tubule
CTTATGTTCAACAAGG-2,GARQ,D17,2,40,38,10,0.017122924,Proximal Tubule
CTTATGTTCCTTGAGG-1,GARQ,D17,2,40,38,10,0.23029894,Proximal Tubule
CTTCAAGCAAGCCAGA-2,GARQ,D17,2,40,38,21,0.15670633,Proximal Tubule
CTTCACTCACACAATT-3,GARQ,D17,2,40,38,10,0.039881527,Proximal Tubule
CTTCATCCAATTATGC-3,GARQ,D17,2,40,38,2,0.19528747,Podocytes
CTTCGCGTCCTAATGA-4,GARQ,D17,2,40,38,36,0.17085272,Tumor Epithelial
CTTCTCAAGCATTAGC-2,GARQ,D17,2,40,38,32,0.1474989,Proximal Tubule
CTTCTCAAGGTAACGA-3,GARQ,D17,2,40,38,2,0.25684184,Proximal Tubule
CTTCTCAAGTAACGAG-2,GARQ,D17,2,40,38,32,0.018154263,Proximal Tubule
CTTGAACAGTTAGCCG-3,GARQ,D17,2,40,38,20,0.011635095,Low Quality / Dying
CTTGAATCATCGCTCC-2,GARQ,D17,2,40,38,2,0.12515825,Proximal Tubule
CTTGCAACAAGGTGCA-2,GARQ,D17,2,40,38,19,0.019670427,Proximal Tubule
CTTGCAACAATGAGGT-4,GARQ,D17,2,40,38,39,0.06768587,Tumor Epithelial
CTTGCAACAGCTCATA-3,GARQ,D17,2,40,38,35,0.15003633,Proximal Tubule
CTTGCATGTCTCACTG-3,GARQ,D17,2,40,38,2,0.076952934,Injured PT-like
CTTGCGCGTTGCAATG-3,GARQ,D17,2,40,38,10,0.00028976798,Proximal Tubule
CTTGCGCGTTGCCTCA-3,GARQ,D17,2,40,38,35,0.23564214,Stressed Tumor (p53+)
CTTGCTCAGCGGATAA-3,GARQ,D17,2,40,38,31,0.083458304,Podocytes
CTTGCTCAGGGATGCG-4,GARQ,D17,2,40,38,39,0.09880644,Tumor Epithelial
CTTGCTCAGTAACTCA-3,GARQ,D17,2,40,38,35,0.019204736,Proximal Tubule
CTTGCTCAGTTAGCCG-2,GARQ,D17,2,40,38,23,0.08291793,Proximal Tubule
CTTGGACCACCGGTAT-3,GARQ,D17,2,40,38,15,0.1468007,Proximal Tubule
CTTGTAAAGGAAGCTA-1,GARQ,D17,2,40,38,31,0.11455724,Proximal Tubule
CTTGTAAAGGGCTAAA-4,GARQ,D17,2,40,38,29,0.033142447,Tumor Epithelial
CTTGTCCAGTAACTCA-3,GARQ,D17,2,40,38,2,0.07827997,Injured PT-like
CTTGTTCCAGCTCAAC-3,GARQ,D17,2,40,38,13,0.02843815,Proximal Tubule
CTTGTTTAGACACCGC-1,GARQ,D17,2,40,38,38,0.13468015,Tumor (Neuronal-like)
CTTGTTTAGTAACGAG-2,GARQ,D17,2,40,38,35,0.13845766,Proximal Tubule
CTTTAGGCAGTTAGCC-4,GARQ,D17,2,40,38,39,0.28180027,Myeloid Cells
CTTTAGGCATATTGAC-2,GARQ,D17,2,40,38,35,0.16146421,Proximal Tubule
CTTTAGGCATTGCGTA-2,GARQ,D17,2,40,38,35,0.09712702,Parietal Epithelial Cells
CTTTAGTTCTAGCGAT-1,GARQ,D17,2,40,38,14,0.006501317,Tumor (Neuronal-like)
CTTTCTTGTCACCAAA-3,GARQ,D17,2,40,38,10,0.044783354,Mast Cells
CTTTGAGCAACAACAA-2,GARQ,D17,2,40,38,35,0.18238938,Proximal Tubule
CTTTGAGCACGGTTTA-1,GARQ,D17,2,40,38,31,0.009314418,Podocytes
CTTTGGGAGCAATAGG-1,GARQ,D17,2,40,38,35,0.09901583,Podocytes
CTTTGGGAGCCACATG-3,GARQ,D17,2,40,38,19,0.1689744,Proximal Tubule
GAAACCCGTTCCGGGA-1,GARQ,D17,2,40,38,13,0.1154117,Stressed Tumor (p53+)
GAAACTGAGCTTAGCG-1,GARQ,D17,2,40,38,31,0.09075835,Low Quality / Dying
GAAACTGAGGCATTAC-3,GARQ,D17,2,40,38,2,0.068109095,Proximal Tubule
GAAAGCCAGTTAGTTG-1,GARQ,D17,2,40,38,0,0.06316936,Low Quality / Dying
GAACACAAGGAACACA-4,GARQ,D17,2,40,38,36,0.055939853,Tumor Epithelial
GAACCAAAGAGGAAGG-4,GARQ,D17,2,40,38,39,0.21378416,Tumor Epithelial
GAACCTGTCAGTTCCC-4,GARQ,D17,2,40,38,33,0.062033713,Tumor Epithelial
GAACCTGTCGCTAGCA-1,GARQ,D17,2,40,38,20,0.05355519,Podocytes
GAACGAATCTTGATGA-4,GARQ,D17,2,40,38,39,0.20098394,Myeloid Cells
GAACTTATCCCTCTAA-4,GARQ,D17,2,40,38,39,0.2415179,Myeloid Cells
GAACTTATCCTAATTC-1,GARQ,D17,2,40,38,34,0.019570827,Tumor Epithelial
GAAGCCTGTACCGTTT-4,GARQ,D17,2,40,38,36,0.05531317,Low Quality / Dying
GAAGCTAAGGAAACTG-3,GARQ,D17,2,40,38,2,0.069289684,Proximal Tubule
GAAGGCTAGCATCCAG-4,GARQ,D17,2,40,38,7,0.14143944,Tumor Epithelial
GAAGGCTAGGGACCTC-4,GARQ,D17,2,40,38,7,0.23452878,Tumor Epithelial
GAAGTAAGTAGTTAAC-3,GARQ,D17,2,40,38,27,0.014508724,Stressed Tumor (p53+)
GAAGTATAGCTTAGTA-4,GARQ,D17,2,40,38,39,0.28663063,Tumor Epithelial
GAAGTGATCTTAAGTG-4,GARQ,D17,2,40,38,7,0.15302038,Tumor Epithelial
GAATTTGTCACGTTAA-3,GARQ,D17,2,40,38,25,0.15632406,Podocytes
GACAATACACCTCACC-3,GARQ,D17,2,40,38,2,0.09861544,Stressed Tumor (p53+)
GACACCGGTGCATTAG-4,GARQ,D17,2,40,38,39,0.308771,Myeloid Cells
GACATTATCCTGGTCT-3,GARQ,D17,2,40,38,15,0.043569773,Proximal Tubule
GACCGAACAGCCTAAC-2,GARQ,D17,2,40,38,2,0.06605488,Proximal Tubule
GACCGAACATGAATAG-3,GARQ,D17,2,40,38,13,0.31612837,Proximal Tubule
GACCGTTCACATAGCC-4,GARQ,D17,2,40,38,35,0.065146685,Myeloid Cells
GACCTAAGTCTTTGAC-1,GARQ,D17,2,40,38,20,0.16018504,Tumor (Neuronal-like)
GACCTAAGTTGGTGAC-1,GARQ,D17,2,40,38,26,0.044920087,Tumor (Neuronal-like)
GACCTCAAGACTCGCA-4,GARQ,D17,2,40,38,39,0.25667405,Tumor Epithelial
GACCTTTGTACCTTAC-3,GARQ,D17,2,40,38,15,0.105036676,Proximal Tubule
GACCTTTGTGCTCCGT-1,GARQ,D17,2,40,38,39,0.07131189,Proximal Tubule
GACGCAACACCATATG-1,GARQ,D17,2,40,38,11,0.024478853,Tumor (Neuronal-like)
GACGCCTAGCAAGGGT-3,GARQ,D17,2,40,38,26,0.14202154,Proximal Tubule
GACGCCTAGTATTGGC-3,GARQ,D17,2,40,38,35,0.12434608,Proximal Tubule
GACGTAAAGCACTAAC-2,GARQ,D17,2,40,38,35,0.23451579,Proximal Tubule
GACGTAAAGCTCCTAC-2,GARQ,D17,2,40,38,9,0.15448171,Proximal Tubule
GACTAATGTCTTACTA-2,GARQ,D17,2,40,38,35,0.13492554,Podocytes
GACTTACAGTACCGCA-3,GARQ,D17,2,40,38,2,0.027439475,Proximal Tubule
GACTTAGGTTAGGTTG-2,GARQ,D17,2,40,38,35,0.06301582,Proximal Tubule
GAGAAACGTAATGGCC-2,GARQ,D17,2,40,38,35,0.04717666,Proximal Tubule
GAGAACCAGCTTAACA-4,GARQ,D17,2,40,38,7,0.040961742,Tumor Epithelial
GAGAACCAGGACAACA-2,GARQ,D17,2,40,38,35,0.3546921,Proximal Tubule
GAGAGGCGTAGGATCC-3,GARQ,D17,2,40,38,0,0.0935598,Tumor (Neuronal-like)
GAGAGGCGTATTACCC-2,GARQ,D17,2,40,38,2,0.1582861,Proximal Tubule
GAGATAAGTATTCGCT-2,GARQ,D17,2,40,38,35,0.07571429,Podocytes
GAGATAAGTGTTGCTT-2,GARQ,D17,2,40,38,2,0.12211883,Proximal Tubule
GAGCAAATCTTAGGGT-2,GARQ,D17,2,40,38,35,0.24336004,Proximal Tubule
GAGCAAGGTCCTAATC-2,GARQ,D17,2,40,38,15,0.06271893,Proximal Tubule
GAGCAAGGTTAATGCG-4,GARQ,D17,2,40,38,36,0.09769654,Tumor Epithelial
GAGCATGCAGGCTGTT-4,GARQ,D17,2,40,38,7,0.117424846,Tumor Epithelial
GAGCCACTCTCGACCT-4,GARQ,D17,2,40,38,6,0.020693123,T Cells
GAGCCACTCTTAGTCT-3,GARQ,D17,2,40,38,35,0.01804912,Myeloid Cells
GAGCCACTCTTTGAGA-1,GARQ,D17,2,40,38,13,0.13127702,Tumor (Neuronal-like)
GAGCCTTCAAAGCTAA-4,GARQ,D17,2,40,38,20,0.008196294,Tumor Epithelial
GAGCGATAGGCTACAT-4,GARQ,D17,2,40,38,39,0.096276104,Tumor Epithelial
GAGCGGTCAACAACAA-3,GARQ,D17,2,40,38,35,0.060042083,Proximal Tubule
GAGCTAGCAATCCTAG-3,GARQ,D17,2,40,38,2,0.19242543,Proximal Tubule
GAGCTGCTCCAATAGC-3,GARQ,D17,2,40,38,20,0.083951354,Proximal Tubule
GAGCTGCTCCTTCTAG-2,GARQ,D17,2,40,38,2,0.03531003,Proximal Tubule
GAGCTTAGTCTAACAG-4,GARQ,D17,2,40,38,17,0.05092579,Tumor Epithelial
GAGCTTGTCGCTAAGT-1,GARQ,D17,2,40,38,20,0.14134103,Tumor (Neuronal-like)
GAGGACTAGCAAACCT-2,GARQ,D17,2,40,38,21,0.29376805,Proximal Tubule
GAGGCCTTCCAAGTGT-2,GARQ,D17,2,40,38,2,0.21977279,Proximal Tubule
GAGGCTTGTGCTGTAA-2,GARQ,D17,2,40,38,2,0.107709646,Proximal Tubule
GAGGTACAGCGGATAA-1,GARQ,D17,2,40,38,28,0.03515315,Podocytes
GAGGTGAGTTGACTTC-3,GARQ,D17,2,40,38,2,0.1783402,Parietal Epithelial Cells
GAGTAACCAGCAGGTA-3,GARQ,D17,2,40,38,35,0.16192436,Myeloid Cells
GAGTAACCATGAGCAG-1,GARQ,D17,2,40,38,20,0.075424135,Tumor (Neuronal-like)
GAGTAATAGGACCAGG-1,GARQ,D17,2,40,38,35,0.19299114,Injured PT-like
GAGTAATAGGGTTATC-3,GARQ,D17,2,40,38,8,0.028643578,Proximal Tubule
GAGTATCTCACGCCAA-3,GARQ,D17,2,40,38,20,0.023165226,Parietal Epithelial Cells
GAGTATCTCCCATAGG-2,GARQ,D17,2,40,38,18,0.10148978,Myeloid Cells
GAGTCAAAGCTTAGCG-3,GARQ,D17,2,40,38,37,0.039666057,Myeloid Cells
GAGTGAGGTTAACAGT-4,GARQ,D17,2,40,38,39,0.3746767,Tumor Epithelial
GAGTGATCACATAACT-2,GARQ,D17,2,40,38,2,0.34639668,Proximal Tubule
GAGTGATCACCCACAG-4,GARQ,D17,2,40,38,36,0.0044686794,Tumor Epithelial
GAGTGTTTCGATTATG-3,GARQ,D17,2,40,38,20,0.009664714,Proximal Tubule
GAGTTACTCATAACCA-4,GARQ,D17,2,40,38,20,0.010845363,Tumor Epithelial
GAGTTACTCGTTAACA-3,GARQ,D17,2,40,38,12,0.020725727,Proximal Tubule
GAGTTGCGTACCGAAC-2,GARQ,D17,2,40,38,35,0.15326,Proximal Tubule
GAGTTGCGTGTTGCTT-1,GARQ,D17,2,40,38,10,0.067038536,Tumor (Neuronal-like)
GAGTTTGGTGTCCAAA-1,GARQ,D17,2,40,38,20,0.0399099,Tumor Epithelial
GATAAAGGTTTCGCGC-4,GARQ,D17,2,40,38,20,0.06541687,Tumor Epithelial
GATAACGAGCAGCTCA-3,GARQ,D17,2,40,38,26,0.18514511,Tumor (Neuronal-like)
GATAAGCCATCGCTTT-2,GARQ,D17,2,40,38,2,0.36754882,Proximal Tubule
GATAATCGTCAAAGAA-2,GARQ,D17,2,40,38,10,0.05699283,Proximal Tubule
GATAATCGTTTGTTGC-1,GARQ,D17,2,40,38,26,0.08813143,Tumor (Neuronal-like)
GATCAGGCAAGTTATC-2,GARQ,D17,2,40,38,2,0.10816854,Proximal Tubule
GATCAGGCACTCGCTC-4,GARQ,D17,2,40,38,39,0.23115128,Tumor Epithelial
GATCAGTTCAAGCTTA-4,GARQ,D17,2,40,38,39,0.43023777,Tumor Epithelial
GATCCGTCAATAGCAA-2,GARQ,D17,2,40,38,23,0.028475106,Proximal Tubule
GATCCGTCACTTCATC-1,GARQ,D17,2,40,38,35,0.0024752617,Stressed Tumor (p53+)
GATCGAGCAAAGCGGC-2,GARQ,D17,2,40,38,2,0.33783448,Proximal Tubule
GATCGAGCACAGACTC-3,GARQ,D17,2,40,38,35,0.08711326,Mast Cells
GATCGAGCATGTTGTG-2,GARQ,D17,2,40,38,2,0.13847727,Injured PT-like
GATGACTTCGGTAACT-1,GARQ,D17,2,40,38,13,0.008959293,Podocytes
GATGACTTCTAATCTC-3,GARQ,D17,2,40,38,32,0.22040713,Podocytes
GATGAGGGTGACATGC-3,GARQ,D17,2,40,38,13,0.07548696,Proximal Tubule
GATGCAGCAACAGGAT-4,GARQ,D17,2,40,38,36,0.13273561,Tumor Epithelial
GATGCAGCAACCCTAA-2,GARQ,D17,2,40,38,2,0.046019673,Proximal Tubule
GATGCAGCAACTAGGG-3,GARQ,D17,2,40,38,26,0.07071364,Parietal Epithelial Cells
GATGCAGCAGGTTAAA-2,GARQ,D17,2,40,38,35,0.249421,Podocytes
GATGCATTCATGTTTC-4,GARQ,D17,2,40,38,17,0.14833319,Tumor Epithelial
GATGCGACAATAACGA-1,GARQ,D17,2,40,38,20,0.09028953,Podocytes
GATGCTTAGGTAGCTT-3,GARQ,D17,2,40,38,10,0.026788056,Proximal Tubule
GATGGCTGTGCTCCAC-3,GARQ,D17,2,40,38,30,0.04631585,Podocytes
GATTAAGCAATCTCTC-1,GARQ,D17,2,40,38,35,0.1272654,Podocytes
GATTACGGTCTTTGAC-3,GARQ,D17,2,40,38,20,0.26244712,Stressed Tumor (p53+)
GATTAGCTCCCATAAA-4,GARQ,D17,2,40,38,39,0.044500053,Tumor Epithelial
GATTAGCTCGAGGTGG-2,GARQ,D17,2,40,38,35,0.2914406,Stressed Tumor (p53+)
GATTAGTGTCGACTAA-4,GARQ,D17,2,40,38,33,0.05041796,Tumor Epithelial
GATTATGTCCAGGAAA-2,GARQ,D17,2,40,38,35,0.124961376,Proximal Tubule
GATTCAATCGCGACAC-4,GARQ,D17,2,40,38,37,0.062580526,Myeloid Cells
GATTCAGGTGCATCGG-3,GARQ,D17,2,40,38,35,0.1574539,Proximal Tubule
GATTCATCAAGCGATG-1,GARQ,D17,2,40,38,6,0.061017394,Low Quality / Dying
GATTCCTGTCCTTAGT-4,GARQ,D17,2,40,38,29,0.076176465,Podocytes
GATTGATGTAGCTAGC-4,GARQ,D17,2,40,38,37,0.1438713,Myeloid Cells
GATTGCAGTTAGGCGT-4,GARQ,D17,2,40,38,31,0.006971419,Tumor Epithelial
GATTGGTTCCTTCTAG-2,GARQ,D17,2,40,38,10,0.09109521,Proximal Tubule
GATTGGTTCGTCCTTA-2,GARQ,D17,2,40,38,2,0.012896001,Proximal Tubule
GATTTGCAGAGGCTAA-3,GARQ,D17,2,40,38,35,0.22392184,Podocytes
GCAAACAAGGCGCACT-3,GARQ,D17,2,40,38,35,0.077675164,Proximal Tubule
GCAACAGCAGGTTCAC-2,GARQ,D17,2,40,38,2,0.020421028,Proximal Tubule
GCAACAGCATGACTAT-2,GARQ,D17,2,40,38,2,0.0011960268,Proximal Tubule
GCAAGCCTCGGCCATA-3,GARQ,D17,2,40,38,8,0.059482098,Podocytes
GCAAGTCGTAACAGGG-2,GARQ,D17,2,40,38,32,0.14787865,Proximal Tubule
GCAATCTAGTCACTAA-1,GARQ,D17,2,40,38,20,0.12801665,Tumor (Neuronal-like)
GCAATGAAGCACTTGG-2,GARQ,D17,2,40,38,35,0.017695665,Proximal Tubule
GCAATGAAGGGTGAGT-4,GARQ,D17,2,40,38,36,0.20470387,T Cells
GCAATGAAGTCTTGAA-2,GARQ,D17,2,40,38,2,0.029948533,Proximal Tubule
GCAATGTTCACGTTAA-4,GARQ,D17,2,40,38,39,0.28941566,Tumor Epithelial
GCACCTAAGCCTGAGC-2,GARQ,D17,2,40,38,2,0.041285038,Stressed Tumor (p53+)
GCACCTAAGGTAGCTT-2,GARQ,D17,2,40,38,35,0.03197992,Proximal Tubule
GCACCTAAGTGAAGTG-3,GARQ,D17,2,40,38,19,0.048981965,Proximal Tubule
GCACGCTAGCCTGTTC-1,GARQ,D17,2,40,38,4,0.06674075,Low Quality / Dying
GCACGCTAGGTCCTAG-2,GARQ,D17,2,40,38,32,0.21753561,Proximal Tubule
GCACTAAGTGTCCAGG-2,GARQ,D17,2,40,38,35,0.13369662,Proximal Tubule
GCACTTACAAGTAAGC-1,GARQ,D17,2,40,38,7,0.008254349,Stressed Tumor (p53+)
GCAGCCAGTATTCGCT-2,GARQ,D17,2,40,38,35,0.046106517,Proximal Tubule
GCAGGAAGTTTGGCGG-1,GARQ,D17,2,40,38,36,0.21519482,Tumor Epithelial
GCAGGACCAAGCTAAA-3,GARQ,D17,2,40,38,35,0.19105005,Proximal Tubule
GCAGGCAAGGTCTTGG-2,GARQ,D17,2,40,38,2,0.2868259,Proximal Tubule
GCAGGCTTCACTCGCT-2,GARQ,D17,2,40,38,35,0.19800252,Podocytes
GCAGGTGAGGGTGAAC-4,GARQ,D17,2,40,38,36,0.0018262863,Tumor Epithelial
GCATATATCCAGGTCA-1,GARQ,D17,2,40,38,0,0.011793792,Low Quality / Dying
GCATATATCTGGCTTC-4,GARQ,D17,2,40,38,33,0.028309524,Tumor Epithelial
GCATCCTTCAAACACC-2,GARQ,D17,2,40,38,35,0.037750006,Stressed Tumor (p53+)
GCATCCTTCGTGCTTC-3,GARQ,D17,2,40,38,27,0.26285633,Proximal Tubule
GCATCCTTCTATGACA-1,GARQ,D17,2,40,38,20,0.08870208,Tumor (Neuronal-like)
GCATCCTTCTCGCCTG-3,GARQ,D17,2,40,38,2,0.3104471,Proximal Tubule
GCATGAAAGAGGAGGA-1,GARQ,D17,2,40,38,39,0.024907112,Tumor Epithelial
GCATGAGCATCCTGAA-2,GARQ,D17,2,40,38,35,0.50906813,Proximal Tubule
GCATTGCCAATTGCGC-2,GARQ,D17,2,40,38,35,0.23345935,Proximal Tubule
GCCAACATCACGTTAA-4,GARQ,D17,2,40,38,7,0.29908222,Tumor Epithelial
GCCAATAGTGCTCCGT-2,GARQ,D17,2,40,38,8,0.021866083,Proximal Tubule
GCCAATAGTTTGCGAA-1,GARQ,D17,2,40,38,11,0.08371431,Proximal Tubule
GCCAATTAGTGAACCT-3,GARQ,D17,2,40,38,7,0.10314757,Low Quality / Dying
GCCACAATCACAGGAA-3,GARQ,D17,2,40,38,20,0.003334999,Proximal Tubule
GCCACAATCGGTACGC-2,GARQ,D17,2,40,38,2,0.16534746,Proximal Tubule
GCCACAATCTCATCAT-4,GARQ,D17,2,40,38,20,0.35465074,Tumor Epithelial
GCCACACAGCTTGCTC-3,GARQ,D17,2,40,38,2,0.30599624,Podocytes
GCCACACAGGTCCAAT-4,GARQ,D17,2,40,38,34,0.014129519,Tumor Epithelial
GCCACTAAGCAAGGAC-3,GARQ,D17,2,40,38,7,0.064685166,Tumor Epithelial
GCCACTAAGTAGAGGC-4,GARQ,D17,2,40,38,39,0.05612558,Tumor Epithelial
GCCAGGAAGCTTAACA-3,GARQ,D17,2,40,38,15,0.005419135,Podocytes
GCCAGGAAGCTTACTT-2,GARQ,D17,2,40,38,35,0.09738052,Podocytes
GCCAGGAAGGTAGCTT-2,GARQ,D17,2,40,38,2,0.047796488,Proximal Tubule
GCCAGGTTCAGCCAAT-4,GARQ,D17,2,40,38,39,0.29363552,Tumor Epithelial
GCCAGGTTCCGGTATG-2,GARQ,D17,2,40,38,18,0.0070165694,Low Quality / Dying
GCCATTACATCATGGC-2,GARQ,D17,2,40,38,32,0.013384998,Parietal Epithelial Cells
GCCCAAATCCTTGCAC-3,GARQ,D17,2,40,38,20,0.0019890666,Podocytes
GCCCATAAGGAGGTTA-4,GARQ,D17,2,40,38,39,0.118839264,Tumor Epithelial
GCCCGTTGTCCCGAAG-2,GARQ,D17,2,40,38,18,0.13296306,Myeloid Cells
GCCCGTTGTTTCGCGC-4,GARQ,D17,2,40,38,17,0.017132461,Tumor Epithelial
GCCCTCATCCCTCGCA-2,GARQ,D17,2,40,38,35,0.07735711,Proximal Tubule
GCCGTGAGTCATGCAA-1,GARQ,D17,2,40,38,7,0.34954584,Tumor Epithelial
GCCGTGAGTGAGGTAG-4,GARQ,D17,2,40,38,36,0.11802435,Tumor Epithelial
GCCTAATAGTTAACCA-3,GARQ,D17,2,40,38,1,0.023466766,Proximal Tubule
GCCTAATAGTTAGTGC-4,GARQ,D17,2,40,38,33,0.025947988,Tumor Epithelial
GCCTACTTCCGTTAAA-4,GARQ,D17,2,40,38,33,0.13451105,Tumor Epithelial
GCCTATTGTAATCACG-1,GARQ,D17,2,40,38,36,0.14866096,Podocytes
GCCTATTGTAGTTAAC-1,GARQ,D17,2,40,38,7,0.06589848,Low Quality / Dying
GCCTATTGTCAAAGAA-1,GARQ,D17,2,40,38,11,0.08876437,Low Quality / Dying
GCCTCAAAGCAAGGGT-2,GARQ,D17,2,40,38,21,0.11397469,Proximal Tubule
GCCTCAAAGGGCTTAT-3,GARQ,D17,2,40,38,35,0.10122746,Stressed Tumor (p53+)
GCCTCGACAGGTTAAA-4,GARQ,D17,2,40,38,39,0.18158484,Myeloid Cells
GCCTGACAGTCATTAG-2,GARQ,D17,2,40,38,2,0.20045161,Proximal Tubule
GCCTGAGGTAGACAAA-3,GARQ,D17,2,40,38,2,0.06878793,Proximal Tubule
GCCTGAGGTCCTTTAA-2,GARQ,D17,2,40,38,35,0.053512573,Proximal Tubule
GCCTTAACAGAAATGC-3,GARQ,D17,2,40,38,13,0.036922753,Proximal Tubule
GCCTTAACAGCTAACC-4,GARQ,D17,2,40,38,36,0.104712486,Tumor Epithelial
GCCTTAACATGTCAAT-1,GARQ,D17,2,40,38,20,0.029159963,Tumor (Neuronal-like)
GCCTTAACATTGACAT-1,GARQ,D17,2,40,38,18,0.15214062,Myeloid Cells
GCCTTACTCATGGTGT-2,GARQ,D17,2,40,38,2,0.05625066,Proximal Tubule
GCCTTGCGTATTCGCT-3,GARQ,D17,2,40,38,26,0.009889007,Proximal Tubule
GCCTTGCGTGCAACTA-3,GARQ,D17,2,40,38,26,0.14229834,Proximal Tubule
GCCTTGCGTTCACTGT-4,GARQ,D17,2,40,38,7,0.0049256682,Tumor Epithelial
GCCTTTATCTATGACA-4,GARQ,D17,2,40,38,39,0.25248396,Tumor Epithelial
GCGAAGCCAGCAAGTG-4,GARQ,D17,2,40,38,7,0.046887755,Tumor Epithelial
GCGAAGCCATGGCCTG-1,GARQ,D17,2,40,38,28,0.06861329,Podocytes
GCGAAGTAGCCTCTCG-3,GARQ,D17,2,40,38,18,0.03544697,Myeloid Cells
GCGAGTGAGCATGGTT-1,GARQ,D17,2,40,38,4,0.014264584,Tumor (Neuronal-like)
GCGAGTGAGCGGATAA-4,GARQ,D17,2,40,38,17,0.03912723,Tumor Epithelial
GCGATATTCGCGCTAA-2,GARQ,D17,2,40,38,23,0.09552598,Proximal Tubule
GCGATTAGTAAGGTCC-3,GARQ,D17,2,40,38,2,0.2050364,Proximal Tubule
GCGATTAGTGGATTAT-3,GARQ,D17,2,40,38,19,0.13585454,Proximal Tubule
GCGATTTAGTCATTAG-1,GARQ,D17,2,40,38,20,0.12563765,Stressed Tumor (p53+)
GCGCAATGTATGGTGC-4,GARQ,D17,2,40,38,36,0.045920253,Tumor Epithelial
GCGCAATGTATTGTGG-1,GARQ,D17,2,40,38,7,0.3127843,Stressed Tumor (p53+)
GCGCTAGGTATTGTGG-3,GARQ,D17,2,40,38,35,0.039767027,Injured PT-like
GCGCTAGGTGACATGC-4,GARQ,D17,2,40,38,33,0.13844031,Tumor Epithelial
GCGCTTAAGAGGCTAA-3,GARQ,D17,2,40,38,2,0.040052056,Proximal Tubule
GCGCTTAAGATGCCTG-1,GARQ,D17,2,40,38,33,0.039436102,Stressed Tumor (p53+)
GCGCTTGCAAGGTAAC-4,GARQ,D17,2,40,38,39,0.1429258,Tumor Epithelial
GCGCTTGCAGTCTAGC-1,GARQ,D17,2,40,38,13,0.0031676292,Tumor (Neuronal-like)
GCGCTTGCATGTCGCG-4,GARQ,D17,2,40,38,7,0.15311933,Tumor Epithelial
GCGGATACACTAAATC-3,GARQ,D17,2,40,38,20,0.013649881,Tumor (Neuronal-like)
GCGGATACATGGAGGC-2,GARQ,D17,2,40,38,2,0.012586296,Proximal Tubule
GCGGGTTTCCTCACTA-3,GARQ,D17,2,40,38,25,0.092253834,Podocytes
GCGGGTTTCTTGCAAA-3,GARQ,D17,2,40,38,19,0.052954316,Proximal Tubule
GCGGTTATCAGCATTA-3,GARQ,D17,2,40,38,20,0.40891147,Tumor (Neuronal-like)
GCGGTTATCGCCTGTT-4,GARQ,D17,2,40,38,33,0.057130516,Tumor Epithelial
GCGTAACGTGGTTCTT-2,GARQ,D17,2,40,38,2,0.14919999,Proximal Tubule
GCGTTTCTCTGTAATG-1,GARQ,D17,2,40,38,13,0.02503863,Tumor (Neuronal-like)
GCTAAGAAGTTCCCAC-2,GARQ,D17,2,40,38,32,0.069987416,Stressed Tumor (p53+)
GCTAAGAAGTTGCCTC-3,GARQ,D17,2,40,38,35,0.32028818,Proximal Tubule
GCTAAGCGTGCTGGTG-4,GARQ,D17,2,40,38,36,0.2531401,Tumor Epithelial
GCTAAGTTCAAGCTAC-2,GARQ,D17,2,40,38,35,0.20014477,Proximal Tubule
GCTAAGTTCGATTTGA-1,GARQ,D17,2,40,38,39,0.023330867,Tumor (Neuronal-like)
GCTAATATCATAAGCC-3,GARQ,D17,2,40,38,35,0.030612946,Proximal Tubule
GCTAGCTCAATATAGG-2,GARQ,D17,2,40,38,2,0.17231286,Proximal Tubule
GCTAGCTCAGGCAAGC-3,GARQ,D17,2,40,38,35,0.13637906,Proximal Tubule
GCTAGTGTCCCTCGCA-3,GARQ,D17,2,40,38,20,0.020940483,Proximal Tubule
GCTAGTGTCCGGTTAG-3,GARQ,D17,2,40,38,2,0.12734526,Proximal Tubule
GCTAGTGTCCTCATGC-2,GARQ,D17,2,40,38,35,0.5934503,Proximal Tubule
GCTATAGGTGAATCGC-1,GARQ,D17,2,40,38,32,0.13587797,Low Quality / Dying
GCTATCCTCTTGCTAT-4,GARQ,D17,2,40,38,39,0.08881056,Tumor Epithelial
GCTATTGCATGGCCCA-1,GARQ,D17,2,40,38,20,0.15650696,Tumor (Neuronal-like)
GCTCAACCAAGTTATC-2,GARQ,D17,2,40,38,2,0.1528585,Proximal Tubule
GCTCACAAGGACAATG-2,GARQ,D17,2,40,38,35,0.3008622,Podocytes
GCTCACAAGGAGGGTT-2,GARQ,D17,2,40,38,2,0.3179387,Proximal Tubule
GCTCTGGCAGGCTTCG-2,GARQ,D17,2,40,38,32,0.024011552,Proximal Tubule
GCTCTGTTCCGGCTAA-2,GARQ,D17,2,40,38,35,0.0363729,Proximal Tubule
GCTCTGTTCTTGCTAT-4,GARQ,D17,2,40,38,39,0.13444638,Tumor Epithelial
GCTGACATCCTGATTT-2,GARQ,D17,2,40,38,35,0.15329677,Proximal Tubule
GCTGACCAGCTGGACC-4,GARQ,D17,2,40,38,39,0.23309982,Mast Cells
GCTGAGGAGTAGCGCC-3,GARQ,D17,2,40,38,2,0.08846927,Proximal Tubule
GCTGAGGAGTGGCGGA-2,GARQ,D17,2,40,38,35,0.13962096,Podocytes
GCTGCAATCCGCAAAT-3,GARQ,D17,2,40,38,14,0.16926616,Low Quality / Dying
GCTGCAATCCTGGTCT-1,GARQ,D17,2,40,38,7,0.0479995,Low Quality / Dying
GCTGCATCATTTGCTC-2,GARQ,D17,2,40,38,35,0.36920333,Low Quality / Dying
GCTGGTTCAGGCTTGT-4,GARQ,D17,2,40,38,34,0.065319,Tumor Epithelial
GCTGTACCAGCTAACC-2,GARQ,D17,2,40,38,2,0.3340065,Proximal Tubule
GCTTAAATCATCCTGC-2,GARQ,D17,2,40,38,35,0.28110743,Proximal Tubule
GCTTAAATCTCAATAG-4,GARQ,D17,2,40,38,20,0.15656787,Tumor Epithelial
GCTTAACAGAGGAAGG-4,GARQ,D17,2,40,38,39,0.2699746,Myeloid Cells
GCTTAACAGCACAGAA-4,GARQ,D17,2,40,38,10,0.06638193,Tumor Epithelial
GCTTAACAGCATGCAT-4,GARQ,D17,2,40,38,36,0.04433453,Tumor Epithelial
GCTTACCTCGCTAGTG-2,GARQ,D17,2,40,38,35,0.3947929,Proximal Tubule
GCTTAGTAGCGATACT-4,GARQ,D17,2,40,38,7,0.19250011,Tumor Epithelial
GCTTAGTAGCTCAAAC-3,GARQ,D17,2,40,38,10,0.27242547,Myeloid Cells
GCTTAGTAGGCTGGCT-4,GARQ,D17,2,40,38,33,0.079071224,Tumor Epithelial
GCTTATCGTTTGGGCG-3,GARQ,D17,2,40,38,20,0.23906612,Proximal Tubule
GCTTGTTGTGTCCTGC-2,GARQ,D17,2,40,38,35,0.177997,Proximal Tubule
GCTTTATTCCAGGTCA-3,GARQ,D17,2,40,38,2,0.08063024,Proximal Tubule
GCTTTGTGTTACGCAA-2,GARQ,D17,2,40,38,35,0.27719235,Proximal Tubule
GGAACCACACATTGCA-4,GARQ,D17,2,40,38,29,0.050108373,Tumor Epithelial
GGAACGGTCCGTTAAA-1,GARQ,D17,2,40,38,36,0.07616395,Tumor Epithelial
GGAACTAAGGTTTACA-3,GARQ,D17,2,40,38,4,0.022345662,Proximal Tubule
GGAACTAAGTAACTCA-2,GARQ,D17,2,40,38,21,0.036982656,Proximal Tubule
GGAAGCTAGGACAACA-4,GARQ,D17,2,40,38,20,0.04990831,Tumor Epithelial
GGAAGTATCACGCATG-3,GARQ,D17,2,40,38,20,0.1067605,Proximal Tubule
GGAAGTATCTAATTGG-4,GARQ,D17,2,40,38,20,0.108053684,Tumor Epithelial
GGAATCTTCCAGGTTG-3,GARQ,D17,2,40,38,2,0.075556874,Injured PT-like
GGACAGCCATAAAGCA-2,GARQ,D17,2,40,38,2,0.3263504,Proximal Tubule
GGACAGCCATAGCTTG-4,GARQ,D17,2,40,38,7,0.09829235,Tumor Epithelial
GGACAGCCATCCATCT-2,GARQ,D17,2,40,38,10,0.22106063,Proximal Tubule
GGACCTCAGCGATAGA-4,GARQ,D17,2,40,38,39,0.15692788,Tumor Epithelial
GGACTAAAGCCGCTTT-4,GARQ,D17,2,40,38,34,0.05901903,Tumor Epithelial
GGAGCAAGTCACGAAC-3,GARQ,D17,2,40,38,10,0.025577813,Myeloid Cells
GGAGCATAGCGGATTT-2,GARQ,D17,2,40,38,21,0.040789127,Proximal Tubule
GGAGCATAGGTAGCTT-2,GARQ,D17,2,40,38,35,0.57544184,Stressed Tumor (p53+)
GGAGCATAGGTTTGAC-2,GARQ,D17,2,40,38,2,0.0024923086,Proximal Tubule
GGAGCGATCAAACCGT-2,GARQ,D17,2,40,38,35,0.26211232,Proximal Tubule
GGAGGTTAGGCTTAGT-1,GARQ,D17,2,40,38,20,0.108306885,Podocytes
GGAGTGAGTAAGCTTG-1,GARQ,D17,2,40,38,39,0.16705525,Low Quality / Dying
GGATGAATCCACCTGT-3,GARQ,D17,2,40,38,35,0.04258108,Proximal Tubule
GGATGGCCAGGTTAAA-3,GARQ,D17,2,40,38,2,0.09964645,Proximal Tubule
GGATTATGTCACACCC-3,GARQ,D17,2,40,38,20,0.13050249,Low Quality / Dying
GGATTCAGTGGAAACG-2,GARQ,D17,2,40,38,35,0.32371998,Proximal Tubule
GGATTGCGTTTGCAGA-3,GARQ,D17,2,40,38,20,0.041659176,Tumor (Neuronal-like)
GGCAAATCACATTAAC-2,GARQ,D17,2,40,38,35,0.0013002753,Podocytes
GGCAAGCCAATTAAGG-4,GARQ,D17,2,40,38,36,0.04396653,Tumor Epithelial
GGCAATCGTGAGCACT-3,GARQ,D17,2,40,38,32,0.0048564076,Parietal Epithelial Cells
GGCAATCGTTTAGTCC-1,GARQ,D17,2,40,38,13,0.013083577,Stressed Tumor (p53+)
GGCAATCGTTTGTGGA-2,GARQ,D17,2,40,38,10,0.1029042,Proximal Tubule
GGCATGGAGCTGCACA-4,GARQ,D17,2,40,38,36,0.077993035,Tumor Epithelial
GGCATTAGTCAGGCAT-2,GARQ,D17,2,40,38,2,0.27096182,Proximal Tubule
GGCATTAGTGAGACTC-1,GARQ,D17,2,40,38,27,0.12909952,Stressed Tumor (p53+)
GGCATTAGTTCATCTA-3,GARQ,D17,2,40,38,20,0.061859965,Proximal Tubule
GGCATTGTCGTTAGTA-2,GARQ,D17,2,40,38,2,0.13530415,Proximal Tubule
GGCCAACTCAAACACC-3,GARQ,D17,2,40,38,2,0.26633132,Proximal Tubule
GGCCATCAGCGGATTT-3,GARQ,D17,2,40,38,35,0.013815165,Proximal Tubule
GGCCATCAGGAACCAA-4,GARQ,D17,2,40,38,14,0.08635843,Tumor Epithelial
GGCCATCAGTAACTCA-2,GARQ,D17,2,40,38,18,0.02543652,Proximal Tubule
GGCCGTTAGGTTTGAC-1,GARQ,D17,2,40,38,31,0.0077302754,Tumor (Neuronal-like)
GGCCTCTGTACGTTTC-3,GARQ,D17,2,40,38,21,0.013795257,Podocytes
GGCCTCTGTCCTTAGT-4,GARQ,D17,2,40,38,33,0.12801123,Tumor Epithelial
GGCCTCTGTCGTTACT-1,GARQ,D17,2,40,38,35,0.07330817,Stressed Tumor (p53+)
GGCCTCTGTGAGCGAA-4,GARQ,D17,2,40,38,39,0.30275732,Tumor Epithelial
GGCCTCTGTTTGGCTT-3,GARQ,D17,2,40,38,34,0.031032562,Stressed Tumor (p53+)
GGCCTTAAGACTTATG-4,GARQ,D17,2,40,38,13,0.097518384,Tumor Epithelial
GGCCTTAAGTCCTTCA-3,GARQ,D17,2,40,38,19,0.15047121,Stressed Tumor (p53+)
GGCGCTAGTCAAAGGG-3,GARQ,D17,2,40,38,20,0.046917737,Proximal Tubule
GGCGTTATCTAAGGTC-1,GARQ,D17,2,40,38,20,0.07902837,Podocytes
GGCTAGACACATTGCA-4,GARQ,D17,2,40,38,37,0.00031608343,Myeloid Cells
GGCTAGACATAGCAGG-2,GARQ,D17,2,40,38,2,0.17629516,Proximal Tubule
GGCTAGTGTTAGACCA-2,GARQ,D17,2,40,38,35,0.08577633,Proximal Tubule
GGCTATGTCTCCTCTT-1,GARQ,D17,2,40,38,13,0.22850835,Tumor (Neuronal-like)
GGCTGAGAGGACCTCA-3,GARQ,D17,2,40,38,35,0.24682367,Proximal Tubule
GGCTGAGAGGCCTTAG-3,GARQ,D17,2,40,38,2,0.07542586,Proximal Tubule
GGCTGTCAGGTTACGT-2,GARQ,D17,2,40,38,2,0.02941811,Proximal Tubule
GGCTTAAGTCCGTGAG-4,GARQ,D17,2,40,38,36,0.030926526,Tumor Epithelial
GGCTTCAAGCAACATC-1,GARQ,D17,2,40,38,20,0.16479304,Tumor (Neuronal-like)
GGGAATATCCCTGGAA-2,GARQ,D17,2,40,38,21,0.045626163,Parietal Epithelial Cells
GGGAATATCTAAATCG-2,GARQ,D17,2,40,38,10,0.03698057,Parietal Epithelial Cells
GGGCATGAGACAAAGT-4,GARQ,D17,2,40,38,17,0.03619963,Tumor Epithelial
GGGCATGAGTACCGCA-2,GARQ,D17,2,40,38,2,0.105764866,Proximal Tubule
GGGCATTGTAATAGCT-1,GARQ,D17,2,40,38,35,0.06897879,Tumor (Neuronal-like)
GGGCCTAGTGTTTGCT-2,GARQ,D17,2,40,38,35,0.019899696,Proximal Tubule
GGGCGAATCAGGAACA-4,GARQ,D17,2,40,38,7,0.41465282,Tumor Epithelial
GGGCGAATCGCACAAT-2,GARQ,D17,2,40,38,35,0.1912893,Proximal Tubule
GGGCTAACAACTAGGG-2,GARQ,D17,2,40,38,2,0.12750477,Proximal Tubule
GGGCTAACAGCATGTC-1,GARQ,D17,2,40,38,6,0.017015815,Tumor (Neuronal-like)
GGGCTAACATTGCGTA-2,GARQ,D17,2,40,38,35,0.21892321,Proximal Tubule
GGGTATTTCTTAGCCC-4,GARQ,D17,2,40,38,7,0.15055174,Tumor Epithelial
GGGTCAACAAATACCT-3,GARQ,D17,2,40,38,2,0.0031474829,Proximal Tubule
GGGTCAACAATTGCGC-4,GARQ,D17,2,40,38,17,0.07820177,Tumor Epithelial
GGGTCAACACTTCACT-1,GARQ,D17,2,40,38,0,0.17168486,Tumor (Neuronal-like)
GGGTCAACAGCATTAT-2,GARQ,D17,2,40,38,10,0.1087144,Proximal Tubule
GGGTCAACAGTCTATG-3,GARQ,D17,2,40,38,2,0.04203266,Proximal Tubule
GGGTCACTCAATTGGC-2,GARQ,D17,2,40,38,35,0.12982708,Proximal Tubule
GGGTCACTCAGTATTG-1,GARQ,D17,2,40,38,39,0.049188435,Tumor (Neuronal-like)
GGGTCACTCATTCATC-1,GARQ,D17,2,40,38,39,0.2342515,Proximal Tubule
GGGTCACTCCCTGACT-3,GARQ,D17,2,40,38,35,0.28198218,Proximal Tubule
GGGTCACTCCTAATAG-3,GARQ,D17,2,40,38,30,0.035051763,Podocytes
GGGTGAAGTGTGTGGT-1,GARQ,D17,2,40,38,31,0.017665148,Podocytes
GGGTGAAGTTGCGGAT-4,GARQ,D17,2,40,38,36,0.052015662,Tumor Epithelial
GGGTGTTGTCATGCAA-3,GARQ,D17,2,40,38,18,0.031554103,Myeloid Cells
GGGTGTTGTGCACGCA-3,GARQ,D17,2,40,38,10,0.024056017,Myeloid Cells
GGGTGTTGTTACTAGG-3,GARQ,D17,2,40,38,35,0.38506854,Proximal Tubule
GGGTTTCCAAAGGTAC-2,GARQ,D17,2,40,38,32,0.0519464,Proximal Tubule
GGGTTTCCAGCAAGTG-3,GARQ,D17,2,40,38,20,0.07669544,Proximal Tubule
GGGTTTGTCCTAATAG-3,GARQ,D17,2,40,38,19,0.1531676,Proximal Tubule
GGTAAACCAATAGCCC-3,GARQ,D17,2,40,38,10,0.06014532,Proximal Tubule
GGTAAACCAGGCGATA-3,GARQ,D17,2,40,38,0,0.012948036,Podocytes
GGTAACTTCGAGGTGG-2,GARQ,D17,2,40,38,35,0.2513882,Proximal Tubule
GGTAAGGGTGAAACAA-3,GARQ,D17,2,40,38,27,0.14069206,Parietal Epithelial Cells
GGTAAGGGTGAAGCCT-1,GARQ,D17,2,40,38,10,0.017610013,Myeloid Cells
GGTAAGGGTTATGTGG-4,GARQ,D17,2,40,38,36,0.11226046,Tumor Epithelial
GGTACAAAGCAAGGAC-4,GARQ,D17,2,40,38,39,0.1516766,Tumor Epithelial
GGTACAAAGCATGGTT-3,GARQ,D17,2,40,38,35,0.16964579,Stressed Tumor (p53+)
GGTACCGGTAGTTAAC-3,GARQ,D17,2,40,38,35,0.015498698,Proximal Tubule
GGTACTAGTACAATGT-3,GARQ,D17,2,40,38,10,0.0011057854,Proximal Tubule
GGTACTTAGACAAAGT-3,GARQ,D17,2,40,38,35,0.057768226,Parietal Epithelial Cells
GGTACTTAGGAACCAA-2,GARQ,D17,2,40,38,32,0.073720634,Proximal Tubule
GGTATTGGTTCGCGCT-1,GARQ,D17,2,40,38,33,0.07332277,Tumor (Neuronal-like)
GGTATTTCAATCCCTT-4,GARQ,D17,2,40,38,33,0.022935927,Tumor Epithelial
GGTCAATTCAGTATTG-3,GARQ,D17,2,40,38,19,0.0413121,Proximal Tubule
GGTCAATTCGACAAAG-3,GARQ,D17,2,40,38,35,0.100191,Stressed Tumor (p53+)
GGTCAGGAGTAAGGGC-1,GARQ,D17,2,40,38,39,0.16844893,Tumor Epithelial
GGTCATTAGATGCCTG-4,GARQ,D17,2,40,38,39,0.26715094,Tumor Epithelial
GGTCATTAGTTGGATC-1,GARQ,D17,2,40,38,35,0.06399518,Stressed Tumor (p53+)
GGTCCGTAGCTATTAG-4,GARQ,D17,2,40,38,39,0.060780406,Tumor Epithelial
GGTCCTGCAACATAAG-4,GARQ,D17,2,40,38,17,0.003207028,Myeloid Cells
GGTCCTGCAACTAACT-1,GARQ,D17,2,40,38,30,0.03715411,Tumor Epithelial
GGTCCTGCACGTAAGG-3,GARQ,D17,2,40,38,35,0.0819689,Proximal Tubule
GGTCCTGCATAAGCAA-1,GARQ,D17,2,40,38,38,0.006717503,Podocytes
GGTCGGTTCCATCAGG-3,GARQ,D17,2,40,38,20,0.06520003,Podocytes
GGTCGGTTCGCACAAT-2,GARQ,D17,2,40,38,32,0.06313074,Proximal Tubule
GGTCGGTTCGGTCATG-3,GARQ,D17,2,40,38,26,0.12286791,Proximal Tubule
GGTCTTGAGAACAAGT-1,GARQ,D17,2,40,38,26,0.07363427,Injured PT-like
GGTCTTTGTTGCTTCG-2,GARQ,D17,2,40,38,2,0.109550476,Proximal Tubule
GGTCTTTGTTTCCGGC-3,GARQ,D17,2,40,38,19,0.021345556,Podocytes
GGTGAGGTCGGTTTCC-1,GARQ,D17,2,40,38,29,0.04377067,Stressed Tumor (p53+)
GGTGAGTAGAGAAGGG-4,GARQ,D17,2,40,38,36,0.0026438236,Tumor Epithelial
GGTGAGTAGGGACTAA-2,GARQ,D17,2,40,38,2,0.19553971,Proximal Tubule
GGTGATTTCAGCATTA-2,GARQ,D17,2,40,38,21,0.25573188,Stressed Tumor (p53+)
GGTGCTTCATTAGGTT-3,GARQ,D17,2,40,38,35,0.0951556,Proximal Tubule
GGTGTCCAGAGAGCCG-1,GARQ,D17,2,40,38,0,0.03529948,Stressed Tumor (p53+)
GGTGTCCAGCTTTGGG-2,GARQ,D17,2,40,38,23,0.023918092,Proximal Tubule
GGTGTGACAGGAATCG-4,GARQ,D17,2,40,38,33,0.038465023,Low Quality / Dying
GGTGTGACATCACAGC-2,GARQ,D17,2,40,38,32,0.09797406,Proximal Tubule
GGTGTTGTCATTGTCT-1,GARQ,D17,2,40,38,20,0.09263998,Tumor (Neuronal-like)
GGTGTTGTCGCTATAA-4,GARQ,D17,2,40,38,39,0.28367716,Tumor Epithelial
GGTTAATGTTCCTGTG-3,GARQ,D17,2,40,38,0,0.03618735,Proximal Tubule
GGTTACTAGGTCGAGG-1,GARQ,D17,2,40,38,35,0.08884311,Myeloid Cells
GGTTATGGTCATTGTC-4,GARQ,D17,2,40,38,36,0.109647155,Tumor Epithelial
GGTTATGGTTACCGGG-3,GARQ,D17,2,40,38,2,0.1237762,Proximal Tubule
GGTTATGGTTCCTGTG-2,GARQ,D17,2,40,38,21,0.040943444,Proximal Tubule
GGTTCCCGTGGGAACA-2,GARQ,D17,2,40,38,25,0.044834733,Proximal Tubule
GGTTGAGCACCAGGTT-2,GARQ,D17,2,40,38,32,0.26409316,Podocytes
GGTTGCATCGGTCAAT-1,GARQ,D17,2,40,38,13,0.106823266,Stressed Tumor (p53+)
GGTTGCGGTCAAGTGC-1,GARQ,D17,2,40,38,7,0.06725639,Stressed Tumor (p53+)
GGTTGCGGTTAAATGC-1,GARQ,D17,2,40,38,35,0.0011693835,Podocytes
GGTTGCTCACAAGCCT-3,GARQ,D17,2,40,38,28,0.013608754,Proximal Tubule
GGTTGCTCAGCTAACC-4,GARQ,D17,2,40,38,36,0.06990075,Tumor Epithelial
GGTTGGTGTAATCACG-1,GARQ,D17,2,40,38,20,0.09402919,Low Quality / Dying
GGTTTAATCTGCAAGT-1,GARQ,D17,2,40,38,17,0.1825971,Tumor Epithelial
GGTTTCCTCCCTCTAA-2,GARQ,D17,2,40,38,35,0.55887616,Proximal Tubule
GGTTTCCTCTAGCTAA-3,GARQ,D17,2,40,38,13,0.262802,Proximal Tubule
GGTTTGTAGGCGGGTA-2,GARQ,D17,2,40,38,21,0.053426385,Proximal Tubule
GTAAAGCCAAATTCGT-1,GARQ,D17,2,40,38,20,0.18930173,Tumor (Neuronal-like)
GTAAAGCCATCATGTG-4,GARQ,D17,2,40,38,36,0.10655236,Tumor Epithelial
GTAAGCTTCAATAGCC-3,GARQ,D17,2,40,38,2,0.16104859,Proximal Tubule
GTAAGCTTCCTTCGTA-3,GARQ,D17,2,40,38,29,0.036224306,Low Quality / Dying
GTACAATGTTCCAGGG-2,GARQ,D17,2,40,38,35,0.1991849,Proximal Tubule
GTACACCCAATTGAAG-3,GARQ,D17,2,40,38,20,0.10776508,Proximal Tubule
GTACACCCAGTACCGT-3,GARQ,D17,2,40,38,2,0.04799372,Proximal Tubule
GTACCGGGTCATAACG-1,GARQ,D17,2,40,38,7,0.12998295,Tumor (Neuronal-like)
GTACCGGGTTTCGCGC-1,GARQ,D17,2,40,38,0,0.0779984,Podocytes
GTACGTAGTAAGCTTG-3,GARQ,D17,2,40,38,35,0.07571471,Podocytes
GTACTAATCGCATTAA-3,GARQ,D17,2,40,38,10,0.13621923,Proximal Tubule
GTACTAGGTGTAATAC-1,GARQ,D17,2,40,38,35,0.054611802,Proximal Tubule
GTACTGGTCATGTGGT-1,GARQ,D17,2,40,38,36,0.11195713,Stressed Tumor (p53+)
GTACTTAAGATGGAGC-2,GARQ,D17,2,40,38,2,0.040815234,Proximal Tubule
GTACTTCGTATTGTCC-1,GARQ,D17,2,40,38,20,0.08128935,Tumor (Neuronal-like)
GTAGCCATCATGCTCC-2,GARQ,D17,2,40,38,35,0.20372689,Proximal Tubule
GTAGCGCTCCTAGTCC-4,GARQ,D17,2,40,38,39,0.23861027,Tumor Epithelial
GTAGCGCTCGCAGGCT-2,GARQ,D17,2,40,38,10,0.068278134,Proximal Tubule
GTAGGATCAAGCCACT-3,GARQ,D17,2,40,38,2,0.0067874193,Proximal Tubule
GTAGGATCAGGTCCTG-2,GARQ,D17,2,40,38,2,0.06190592,Proximal Tubule
GTAGGCGAGCTGTACG-2,GARQ,D17,2,40,38,2,0.20915717,Proximal Tubule
GTAGGTGCAATCGCAC-4,GARQ,D17,2,40,38,7,0.25729382,Tumor Epithelial
GTAGGTGCACATACTG-1,GARQ,D17,2,40,38,34,0.16564131,Tumor Epithelial
GTAGGTGCATCACAGC-2,GARQ,D17,2,40,38,10,0.17473376,Proximal Tubule
GTATTGATCGATCAGT-4,GARQ,D17,2,40,38,36,0.14653349,Tumor Epithelial
GTATTGCAGGCGGATG-3,GARQ,D17,2,40,38,35,0.15229785,Parietal Epithelial Cells
GTCAATATCATTGACA-2,GARQ,D17,2,40,38,35,0.114066124,Proximal Tubule
GTCAGGCTCAAAGGCA-4,GARQ,D17,2,40,38,20,0.05506146,Tumor Epithelial
GTCAGGCTCCCATAGG-1,GARQ,D17,2,40,38,38,0.06882763,Podocytes
GTCATCCTCACATTGA-1,GARQ,D17,2,40,38,32,0.006998956,Podocytes
GTCATCCTCATGTCAA-4,GARQ,D17,2,40,38,17,0.008359671,Tumor Epithelial
GTCATCCTCGCTAGCA-4,GARQ,D17,2,40,38,6,0.012896895,Tumor Epithelial
GTCATCCTCGCTCACT-4,GARQ,D17,2,40,38,39,0.19286299,Tumor Epithelial
GTCATGAGTCAAGTGC-2,GARQ,D17,2,40,38,2,0.22447497,Podocytes
GTCATTAAGTATTGCA-2,GARQ,D17,2,40,38,35,0.22550869,Podocytes
GTCCAAGTCGTAACGT-4,GARQ,D17,2,40,38,38,0.08287406,Tumor Epithelial
GTCCAAGTCTTAGGGT-3,GARQ,D17,2,40,38,0,0.045294642,Podocytes
GTCCAGGGTACGGTAC-3,GARQ,D17,2,40,38,35,0.06318277,Proximal Tubule
GTCCGTAAGGAGCACG-3,GARQ,D17,2,40,38,2,0.17830575,Proximal Tubule
GTCCGTAAGGCGCTAC-1,GARQ,D17,2,40,38,11,0.03841144,Tumor (Neuronal-like)
GTCCTCCCAGGCATCT-2,GARQ,D17,2,40,38,15,0.073949456,Proximal Tubule
GTCCTCCCAGTTAAAG-3,GARQ,D17,2,40,38,13,0.016942501,Podocytes
GTCGAAGCATAATTGC-3,GARQ,D17,2,40,38,35,0.23291254,Stressed Tumor (p53+)
GTCGAGGAGTTTAACG-4,GARQ,D17,2,40,38,38,0.004849553,Tumor Epithelial
GTCTAGCCAGTAGCCT-3,GARQ,D17,2,40,38,19,0.042457342,Proximal Tubule
GTCTATCGTAGCCTAA-3,GARQ,D17,2,40,38,13,0.06288615,Myeloid Cells
GTCTTGCTCAATCTCT-3,GARQ,D17,2,40,38,35,0.12395227,Proximal Tubule
GTCTTGCTCTAATCTC-3,GARQ,D17,2,40,38,2,0.033022404,Proximal Tubule
GTCTTTAGTTCAAGAT-2,GARQ,D17,2,40,38,10,0.0792073,Proximal Tubule
GTCTTTGTCTGTGCCT-2,GARQ,D17,2,40,38,21,0.039652646,Proximal Tubule
GTGAACAAGCTGGCTA-3,GARQ,D17,2,40,38,35,0.15591145,Parietal Epithelial Cells
GTGAACAAGGAGCAAC-2,GARQ,D17,2,40,38,2,0.13539943,Proximal Tubule
GTGAATCTCCCGCATT-2,GARQ,D17,2,40,38,35,0.0043326616,Proximal Tubule
GTGAGCGAGATACTTG-3,GARQ,D17,2,40,38,35,0.31001747,Parietal Epithelial Cells
GTGAGCGAGATAGACG-3,GARQ,D17,2,40,38,26,0.03334081,Proximal Tubule
GTGAGCGAGCAGCTCA-2,GARQ,D17,2,40,38,2,0.53638387,Proximal Tubule
GTGAGCGAGCTTAGCG-2,GARQ,D17,2,40,38,8,0.03847438,Proximal Tubule
GTGATCAGTTTGCTGT-2,GARQ,D17,2,40,38,9,0.09999734,Proximal Tubule
GTGATGAAGCTACTGG-2,GARQ,D17,2,40,38,10,0.1398716,Proximal Tubule
GTGATGAAGGCTGTCA-3,GARQ,D17,2,40,38,2,0.30312967,Proximal Tubule
GTGCAAGCACAACCTA-2,GARQ,D17,2,40,38,32,0.11555064,Podocytes
GTGCAAGCACTATGGC-2,GARQ,D17,2,40,38,35,0.15455925,Proximal Tubule
GTGCAAGCATGAATAG-2,GARQ,D17,2,40,38,35,0.18877667,Podocytes
GTGCACGGTATTGTCC-1,GARQ,D17,2,40,38,33,0.055123925,Tumor Epithelial
GTGCACGGTCCGTAGG-2,GARQ,D17,2,40,38,35,0.111689806,Proximal Tubule
GTGCATTAGGCTAATC-3,GARQ,D17,2,40,38,19,0.082161605,Proximal Tubule
GTGCGGTTCATGGTTA-3,GARQ,D17,2,40,38,13,0.048431218,Proximal Tubule
GTGCGGTTCGTTACTT-1,GARQ,D17,2,40,38,36,0.06114912,Low Quality / Dying
GTGCTCAAGAAGCTAG-1,GARQ,D17,2,40,38,20,0.060705304,Stressed Tumor (p53+)
GTGCTGATCCCGCCTA-2,GARQ,D17,2,40,38,2,0.044799685,Proximal Tubule
GTGCTGATCTAACCTT-1,GARQ,D17,2,40,38,0,0.0049588084,Tumor (Neuronal-like)
GTGCTGGGTGAGACTC-2,GARQ,D17,2,40,38,2,0.3171631,Proximal Tubule
GTGCTTACAAAGCCTC-1,GARQ,D17,2,40,38,36,0.053269535,Podocytes
GTGCTTACATTGTGTG-1,GARQ,D17,2,40,38,4,0.04482317,Tumor (Neuronal-like)
GTGGACACAGCTTAGC-2,GARQ,D17,2,40,38,35,0.21682608,Proximal Tubule
GTGGATGCAGCTCATA-4,GARQ,D17,2,40,38,7,0.10241723,Tumor Epithelial
GTGGCTTCAAGGTATA-4,GARQ,D17,2,40,38,39,0.067781985,Myeloid Cells
GTGGTTAGTAGCTGCG-3,GARQ,D17,2,40,38,19,0.049703836,Proximal Tubule
GTGTAACTCCTGCGAA-2,GARQ,D17,2,40,38,35,0.2747736,Proximal Tubule
GTGTAACTCGGTTTGG-4,GARQ,D17,2,40,38,7,0.048376083,Tumor Epithelial
GTGTCCAAGCTAATCA-4,GARQ,D17,2,40,38,39,0.3317411,Low Quality / Dying
GTGTGAGCAGTTTGGC-3,GARQ,D17,2,40,38,35,0.22955477,Proximal Tubule
GTGTTCCTCTTAGCGG-2,GARQ,D17,2,40,38,2,0.10789746,Proximal Tubule
GTTAAACGTAGCCTCC-2,GARQ,D17,2,40,38,35,0.1656177,Proximal Tubule
GTTAAACGTTGGTTAG-2,GARQ,D17,2,40,38,23,0.06624693,Proximal Tubule
GTTAAGTGTAATTAGC-1,GARQ,D17,2,40,38,13,0.16591734,Tumor (Neuronal-like)
GTTAAGTGTCCGGTTC-3,GARQ,D17,2,40,38,2,0.13992274,Proximal Tubule
GTTAAGTGTTAGGTGC-2,GARQ,D17,2,40,38,2,0.16838628,Proximal Tubule
GTTAAGTGTTGTTGGA-3,GARQ,D17,2,40,38,39,0.064683795,Stressed Tumor (p53+)
GTTACAGGTTTGCAGA-3,GARQ,D17,2,40,38,35,0.01587212,Proximal Tubule
GTTACCTGTGTCACGG-2,GARQ,D17,2,40,38,35,0.13002557,Proximal Tubule
GTTACGTAGGAGGCAT-3,GARQ,D17,2,40,38,2,0.09675023,Proximal Tubule
GTTACGTAGTCTCACC-3,GARQ,D17,2,40,38,13,0.09074724,Stressed Tumor (p53+)
GTTACTCGTTTACGTC-1,GARQ,D17,2,40,38,4,0.045469224,Tumor (Neuronal-like)
GTTAGGCGTGATGATT-2,GARQ,D17,2,40,38,10,0.20760965,Proximal Tubule
GTTAGGCGTGGATTAT-2,GARQ,D17,2,40,38,35,0.4798236,Parietal Epithelial Cells
GTTCACCTCTTAATGG-2,GARQ,D17,2,40,38,23,0.04036188,Proximal Tubule
GTTCCTGGTTGAAGCC-1,GARQ,D17,2,40,38,34,0.10613531,Stressed Tumor (p53+)
GTTCGCGCAGCCAGAA-1,GARQ,D17,2,40,38,20,0.0584985,Low Quality / Dying
GTTCGCGCATCTAGCA-3,GARQ,D17,2,40,38,13,0.22225559,Proximal Tubule
GTTCGCTTCAGCACGC-3,GARQ,D17,2,40,38,2,0.017252088,Proximal Tubule
GTTCTTGTCACTCGCT-4,GARQ,D17,2,40,38,36,0.0072959065,Tumor Epithelial
GTTGCATAGAGAGGAG-4,GARQ,D17,2,40,38,33,0.06779742,Tumor Epithelial
GTTGCATAGCTGGCTA-4,GARQ,D17,2,40,38,7,0.10468346,Tumor Epithelial
GTTGCGGGTCCTAAGA-2,GARQ,D17,2,40,38,35,0.46486664,Proximal Tubule
GTTGCGGGTTATGTGG-3,GARQ,D17,2,40,38,35,0.03964162,Proximal Tubule
GTTGCGGGTTGGTTAG-4,GARQ,D17,2,40,38,7,0.19621521,Tumor Epithelial
GTTGCGGGTTTGGGCG-2,GARQ,D17,2,40,38,21,0.10336745,Proximal Tubule
GTTGGAGCAAACCTTG-4,GARQ,D17,2,40,38,36,0.23127002,Tumor Epithelial
GTTGGCCAGCATTAGC-2,GARQ,D17,2,40,38,35,0.10389829,Proximal Tubule
GTTGGCCAGGTAGCTT-3,GARQ,D17,2,40,38,2,0.058414638,Proximal Tubule
GTTGGCGGTAAAGCGG-3,GARQ,D17,2,40,38,12,0.01579392,Low Quality / Dying
GTTGGCGGTGTCCTGC-3,GARQ,D17,2,40,38,10,0.012497187,Proximal Tubule
GTTGTGAGTAATCGCA-2,GARQ,D17,2,40,38,2,0.0042532682,Proximal Tubule
GTTGTTGCAGTAAGTA-3,GARQ,D17,2,40,38,1,0.0018820465,Proximal Tubule
GTTTAACCACAGGAAT-2,GARQ,D17,2,40,38,21,0.107660055,Proximal Tubule
GTTTAACCATTAGCGC-3,GARQ,D17,2,40,38,22,0.13913968,Myeloid Cells
GTTTAACCATTGTCAG-2,GARQ,D17,2,40,38,2,0.031226158,Proximal Tubule
GTTTAGCAGTAGGATG-4,GARQ,D17,2,40,38,16,0.009270906,Tumor Epithelial
GTTTATCTCAATCATG-1,GARQ,D17,2,40,38,19,0.14566118,Tumor (Neuronal-like)
GTTTCAGCATCACAGC-3,GARQ,D17,2,40,38,28,0.067478776,Podocytes
GTTTCAGCATCGTTCT-4,GARQ,D17,2,40,38,39,0.32856667,Tumor Epithelial
GTTTCCTCAGCTAATT-3,GARQ,D17,2,40,38,19,0.12680387,Proximal Tubule
GTTTGTAAGGTCCTGA-1,GARQ,D17,2,40,38,20,0.27688205,Tumor (Neuronal-like)
GTTTGTAAGTCATGCG-1,GARQ,D17,2,40,38,20,0.03127569,Tumor (Neuronal-like)
GTTTGTCGTACGGTAC-4,GARQ,D17,2,40,38,33,0.09355235,Tumor Epithelial
TAAACAGCACTTCATC-3,GARQ,D17,2,40,38,26,0.014647722,Parietal Epithelial Cells
TAAAGCCTCATAGCCG-3,GARQ,D17,2,40,38,8,0.13879812,Proximal Tubule
TAACAAGCAAGTAAGC-4,GARQ,D17,2,40,38,39,0.12647814,Tumor Epithelial
TAACCGGTCAAATCGC-4,GARQ,D17,2,40,38,7,0.16909534,Low Quality / Dying
TAACCTAAGTTCCTCA-4,GARQ,D17,2,40,38,7,0.047361195,T Cells
TAACCTAAGTTTGTCT-2,GARQ,D17,2,40,38,2,0.10566187,Proximal Tubule
TAAGCCTAGCTTCCCG-2,GARQ,D17,2,40,38,2,0.091750264,Proximal Tubule
TAAGCCTAGGAAGCAC-1,GARQ,D17,2,40,38,11,0.01772046,Stressed Tumor (p53+)
TAAGCTATCAAGGACA-2,GARQ,D17,2,40,38,32,0.019743323,Parietal Epithelial Cells
TAAGCTATCCCGTTAC-3,GARQ,D17,2,40,38,20,0.13509667,Low Quality / Dying
TAAGTAGCAGAGGCTA-3,GARQ,D17,2,40,38,35,0.01729232,Proximal Tubule
TAATCACCAGAGAGCC-4,GARQ,D17,2,40,38,39,0.037965655,Tumor Epithelial
TAATCCGCAACCCTAA-2,GARQ,D17,2,40,38,2,0.16154486,Proximal Tubule
TAATGCATCGCTAAGT-1,GARQ,D17,2,40,38,13,0.006119013,Tumor (Neuronal-like)
TAATGGACAATGAGGT-2,GARQ,D17,2,40,38,35,0.22937983,Proximal Tubule
TAATGGACAGCAGGTA-2,GARQ,D17,2,40,38,10,0.14920977,Proximal Tubule
TAATGGTGTGATCATG-3,GARQ,D17,2,40,38,6,0.10033709,Stressed Tumor (p53+)
TAATTGCCAATGAATG-3,GARQ,D17,2,40,38,27,0.018257558,Proximal Tubule
TAATTGCCATAAGTTC-2,GARQ,D17,2,40,38,35,0.20543194,Low Quality / Dying
TAATTGCCATTGTGAT-2,GARQ,D17,2,40,38,2,0.060038984,Proximal Tubule
TACAACATCATTGTCT-1,GARQ,D17,2,40,38,20,0.11372185,Tumor (Neuronal-like)
TACAACATCCTCACTA-4,GARQ,D17,2,40,38,39,0.14528382,Myeloid Cells
TACAGCTAGAAGCTAG-2,GARQ,D17,2,40,38,35,0.0695163,Proximal Tubule
TACAGCTAGCGATAAG-4,GARQ,D17,2,40,38,39,0.4581793,Tumor Epithelial
TACATCAAGGGCTTTG-2,GARQ,D17,2,40,38,35,0.109556556,Podocytes
TACATCAAGTATTGCA-1,GARQ,D17,2,40,38,32,0.013073742,Podocytes
TACCAAATCGATAACC-1,GARQ,D17,2,40,38,20,0.081558764,Tumor (Neuronal-like)
TACCCGGCATTAAAGG-1,GARQ,D17,2,40,38,34,0.07858759,Tumor Epithelial
TACCGAAGTATGGTGC-1,GARQ,D17,2,40,38,18,0.09561974,Myeloid Cells
TACCGAAGTTGAGCCG-2,GARQ,D17,2,40,38,2,0.29954404,Proximal Tubule
TACCGTTGTCTTGCAT-3,GARQ,D17,2,40,38,35,0.22698551,Proximal Tubule
TACCTCATCCTAATAG-1,GARQ,D17,2,40,38,32,0.042250574,Tumor (Neuronal-like)
TACCTGCTCCTAAATG-1,GARQ,D17,2,40,38,26,0.05060923,Tumor (Neuronal-like)
TACCTGCTCGTTATAG-4,GARQ,D17,2,40,38,17,0.053523302,Tumor Epithelial
TACCTTAGTGGTTAGC-4,GARQ,D17,2,40,38,39,0.2536968,Tumor Epithelial
TACCTTTAGCACGATT-2,GARQ,D17,2,40,38,27,0.007441044,Stressed Tumor (p53+)
TACCTTTAGGAACCAA-2,GARQ,D17,2,40,38,35,0.4390173,Stressed Tumor (p53+)
TACGCACCAACAACAA-2,GARQ,D17,2,40,38,8,0.04374647,Proximal Tubule
TACGGATTCATGCTCC-2,GARQ,D17,2,40,38,2,0.3709066,Proximal Tubule
TACGGATTCCAAGTGT-3,GARQ,D17,2,40,38,27,0.005415559,Tumor (Neuronal-like)
TACGGATTCTCGCCTG-1,GARQ,D17,2,40,38,20,0.067605615,Tumor (Neuronal-like)
TACGGTTAGTACTGGT-4,GARQ,D17,2,40,38,36,0.06905544,Tumor Epithelial
TACGTACAGTGAACGA-2,GARQ,D17,2,40,38,35,0.075610876,Proximal Tubule
TACTCAAAGTTTGCGG-4,GARQ,D17,2,40,38,20,0.07678914,Tumor Epithelial
TACTCGCTCATCCTCA-1,GARQ,D17,2,40,38,26,0.09942311,Podocytes
TACTCGCTCTCCATAT-1,GARQ,D17,2,40,38,19,0.023188949,Tumor (Neuronal-like)
TACTGAGGTGCTGGTG-4,GARQ,D17,2,40,38,33,0.0058020353,Tumor Epithelial
TACTGCACACTGACCG-3,GARQ,D17,2,40,38,10,0.07818547,Low Quality / Dying
TACTTCGTCTTACTCG-1,GARQ,D17,2,40,38,7,0.102418005,Tumor Epithelial
TACTTGTTCCTGAGTG-3,GARQ,D17,2,40,38,19,0.06699121,Proximal Tubule
TAGCCGGGTGAGGTGA-3,GARQ,D17,2,40,38,2,0.1360853,Proximal Tubule
TAGCCTCTCTTGCATT-2,GARQ,D17,2,40,38,35,0.5262268,Stressed Tumor (p53+)
TAGCCTTGTACGCGCA-4,GARQ,D17,2,40,38,34,0.05712217,Tumor Epithelial
TAGCGCGGTCATGCAA-4,GARQ,D17,2,40,38,36,0.15769923,Tumor Epithelial
TAGCGGACACCTCGCT-1,GARQ,D17,2,40,38,35,0.03667885,Podocytes
TAGCGGCTCCAGGTTG-3,GARQ,D17,2,40,38,21,0.2550774,Proximal Tubule
TAGCGGCTCGGCCAGT-2,GARQ,D17,2,40,38,35,0.013880193,Proximal Tubule
TAGCGGCTCGTTAAGC-3,GARQ,D17,2,40,38,19,0.012411475,Proximal Tubule
TAGGAACCATTAGGTT-1,GARQ,D17,2,40,38,20,0.18605572,Tumor (Neuronal-like)
TAGGCTAGTTGACTTC-4,GARQ,D17,2,40,38,36,0.097643256,Tumor Epithelial
TAGGCTGTCATCCTAT-3,GARQ,D17,2,40,38,35,0.2845891,Podocytes
TAGGCTGTCTAATTGG-3,GARQ,D17,2,40,38,10,0.016825914,Podocytes
TAGGCTGTCTATTGTC-4,GARQ,D17,2,40,38,7,0.14801127,Tumor Epithelial
TAGGCTTAGGAGGTTA-2,GARQ,D17,2,40,38,32,0.08173275,Proximal Tubule
TAGGGTTTCGGTTTGG-3,GARQ,D17,2,40,38,13,0.023169994,Proximal Tubule
TAGGTTATCACCAATA-2,GARQ,D17,2,40,38,21,0.14156416,Parietal Epithelial Cells
TAGTAACGTGCAACTA-2,GARQ,D17,2,40,38,35,0.0860036,Proximal Tubule
TAGTAAGCAAGTTATC-4,GARQ,D17,2,40,38,17,0.048780918,Tumor Epithelial
TAGTAAGCACAGCCAT-3,GARQ,D17,2,40,38,32,0.05521685,Proximal Tubule
TAGTAAGCACTGGCTG-4,GARQ,D17,2,40,38,26,0.0023528337,Tumor Epithelial
TAGTAAGCATAAAGCA-1,GARQ,D17,2,40,38,34,0.042352915,Tumor (Neuronal-like)
TAGTAAGCATGTTGCA-1,GARQ,D17,2,40,38,39,0.21586311,Tumor Epithelial
TAGTACGGTAGCAGCT-3,GARQ,D17,2,40,38,35,0.09317225,Proximal Tubule
TAGTACGGTGCCTCAC-4,GARQ,D17,2,40,38,7,0.065660596,Tumor Epithelial
TAGTAGGAGCGCAATT-4,GARQ,D17,2,40,38,39,0.48282123,Tumor Epithelial
TAGTAGGAGGGCCACT-2,GARQ,D17,2,40,38,10,0.124835074,Proximal Tubule
TAGTAGGAGTTTAACG-2,GARQ,D17,2,40,38,2,0.09503156,Proximal Tubule
TAGTAGGAGTTTCCGC-1,GARQ,D17,2,40,38,10,0.053548634,Low Quality / Dying
TAGTCAATCAAAGGCA-3,GARQ,D17,2,40,38,21,0.015798092,Injured PT-like
TAGTGAGAGCTTCTCA-2,GARQ,D17,2,40,38,32,0.1319164,Parietal Epithelial Cells
TAGTGGCGTACGTTTC-4,GARQ,D17,2,40,38,7,0.15859842,Tumor Epithelial
TAGTGGCGTCCTTAGT-2,GARQ,D17,2,40,38,35,0.20398223,Proximal Tubule
TAGTGTGGTTGAGGTC-1,GARQ,D17,2,40,38,27,0.015149295,Proximal Tubule
TAGTTGTCAACACTTG-4,GARQ,D17,2,40,38,20,0.07822162,Tumor Epithelial
TAGTTGTCATAGCTGC-2,GARQ,D17,2,40,38,35,0.23105383,Proximal Tubule
TAGTTTGAGCTCCTTA-4,GARQ,D17,2,40,38,7,0.13192487,Tumor Epithelial
TATAGGTGTGAACAAA-3,GARQ,D17,2,40,38,11,0.07118416,Low Quality / Dying
TATATCCTCCTGATTT-1,GARQ,D17,2,40,38,32,0.0696367,Myeloid Cells
TATATCCTCGTTACTT-2,GARQ,D17,2,40,38,10,0.31255847,Injured PT-like
TATCACAAGTAATCCA-3,GARQ,D17,2,40,38,20,0.23266244,Proximal Tubule
TATCGAGGTAAAGCGG-4,GARQ,D17,2,40,38,17,0.17224157,Tumor Epithelial
TATCGCACAGTTAGCC-1,GARQ,D17,2,40,38,35,0.10311508,Stressed Tumor (p53+)
TATCGCGAGTGAACGA-4,GARQ,D17,2,40,38,39,0.2371161,Tumor Epithelial
TATGAAGCAATGAATG-1,GARQ,D17,2,40,38,17,0.109410405,Tumor Epithelial
TATGACATCAAACACC-2,GARQ,D17,2,40,38,10,0.08556843,Proximal Tubule
TATGACTCAGGCGATA-4,GARQ,D17,2,40,38,39,0.17793363,Tumor Epithelial
TATGCATCATGCTATG-3,GARQ,D17,2,40,38,2,0.049142838,Proximal Tubule
TATGGATGTAACGTGC-4,GARQ,D17,2,40,38,39,0.5612998,Tumor Epithelial
TATGGATGTACAATGT-1,GARQ,D17,2,40,38,10,0.0033837259,Podocytes
TATGGATGTGTTTGTC-3,GARQ,D17,2,40,38,0,0.11241913,Proximal Tubule
TATGGGCGTTCACCCA-3,GARQ,D17,2,40,38,9,0.030663818,Myeloid Cells
TATGGTCAGCTTTGGG-4,GARQ,D17,2,40,38,38,0.011315703,Tumor Epithelial
TATGGTCAGGTGAAGC-1,GARQ,D17,2,40,38,35,0.033896446,Stressed Tumor (p53+)
TATGTGATCATCCTAT-4,GARQ,D17,2,40,38,20,0.032692432,Tumor Epithelial
TATGTGATCGAGCTAT-4,GARQ,D17,2,40,38,7,0.15578371,Tumor Epithelial
TATGTGATCGTTACTT-2,GARQ,D17,2,40,38,35,0.10452449,Proximal Tubule
TATTAGGTCCCTGTTA-4,GARQ,D17,2,40,38,34,0.01223582,T Cells
TATTAGGTCCTGAGTG-3,GARQ,D17,2,40,38,35,0.23766923,Podocytes
TATTAGGTCTCGCCTG-1,GARQ,D17,2,40,38,20,0.020450711,Endothelial Cells
TATTTGCTCTGTAAGC-3,GARQ,D17,2,40,38,26,0.005918741,Proximal Tubule
TCAACAATCATAAGCC-2,GARQ,D17,2,40,38,35,0.08829713,Proximal Tubule
TCAAGAACAGCTCATA-1,GARQ,D17,2,40,38,35,0.17360204,Stressed Tumor (p53+)
TCAAGACTCATGGTGT-1,GARQ,D17,2,40,38,35,0.063779175,Endothelial Cells
TCAAGACTCCGCTAGA-1,GARQ,D17,2,40,38,35,0.11935824,Tumor (Neuronal-like)
TCAAGCTAGCAAGGGT-2,GARQ,D17,2,40,38,9,0.0041496754,Proximal Tubule
TCAAGCTAGGAGGGTT-2,GARQ,D17,2,40,38,2,0.10598552,Proximal Tubule
TCAAGCTAGGTGAAAT-4,GARQ,D17,2,40,38,39,0.15328056,Tumor Epithelial
TCAAGGAAGCAATAGG-2,GARQ,D17,2,40,38,21,0.019239068,Proximal Tubule
TCAAGGTTCCCTCACG-1,GARQ,D17,2,40,38,19,0.08859098,Stressed Tumor (p53+)
TCAATCGCACCTGCCT-3,GARQ,D17,2,40,38,15,0.09943271,Proximal Tubule
TCACATAAGCATGTTA-2,GARQ,D17,2,40,38,2,0.19329411,Proximal Tubule
TCACATAAGTCAATTG-3,GARQ,D17,2,40,38,35,0.16543233,Proximal Tubule
TCACCGGCAGCAACAG-3,GARQ,D17,2,40,38,10,0.15207216,Podocytes
TCACCTCAGTTTGAGC-4,GARQ,D17,2,40,38,34,0.110710084,Tumor Epithelial
TCACCTGGTAATGACT-1,GARQ,D17,2,40,38,39,0.18494505,Podocytes
TCACCTGGTACTTAGG-2,GARQ,D17,2,40,38,35,0.3942188,Proximal Tubule
TCACCTGGTGATTTGG-2,GARQ,D17,2,40,38,8,0.11122447,Proximal Tubule
TCACGGATCGCTATAA-4,GARQ,D17,2,40,38,7,0.015321493,Tumor Epithelial
TCACGGATCTTAGCCC-2,GARQ,D17,2,40,38,35,0.017270505,Parietal Epithelial Cells
TCAGCAAGTGTCACGG-3,GARQ,D17,2,40,38,35,0.27487195,Podocytes
TCAGCGATCCTCACTA-2,GARQ,D17,2,40,38,35,0.62474775,Proximal Tubule
TCAGGTTAGTTGTCTT-2,GARQ,D17,2,40,38,2,0.2019968,Proximal Tubule
TCAGTAATCATGGCTG-1,GARQ,D17,2,40,38,0,0.042938888,Podocytes
TCAGTAATCCAGGAAA-1,GARQ,D17,2,40,38,30,0.019342184,Tumor Epithelial
TCAGTGAGTCCTTTAA-2,GARQ,D17,2,40,38,2,0.02592361,Proximal Tubule
TCATAACCACTGGCTG-3,GARQ,D17,2,40,38,10,0.05327481,Proximal Tubule
TCATAACCATCAATCG-4,GARQ,D17,2,40,38,20,0.13229287,Tumor Epithelial
TCATCCATCATTAGGC-2,GARQ,D17,2,40,38,15,0.005794108,Proximal Tubule
TCATCCATCCCAGTAG-4,GARQ,D17,2,40,38,33,0.043315113,Tumor Epithelial
TCATGTTTCATGTGGT-3,GARQ,D17,2,40,38,2,0.038271427,Proximal Tubule
TCATTACTCACACAGT-3,GARQ,D17,2,40,38,10,0.033833086,Proximal Tubule
TCATTACTCCATCAGG-3,GARQ,D17,2,40,38,19,0.14068764,Proximal Tubule
TCATTGCGTAAGCACC-3,GARQ,D17,2,40,38,2,0.10378599,Proximal Tubule
TCATTGTTCGCTAGCA-4,GARQ,D17,2,40,38,7,0.09391791,Tumor Epithelial
TCCACAACACAACCTA-1,GARQ,D17,2,40,38,38,0.16124779,Parietal Epithelial Cells
TCCAGGATCACCGGTA-2,GARQ,D17,2,40,38,35,0.35607994,Stressed Tumor (p53+)
TCCAGGTCACACTAAT-2,GARQ,D17,2,40,38,35,0.21535969,Proximal Tubule
TCCAGGTCACATAACT-3,GARQ,D17,2,40,38,15,0.023146689,Low Quality / Dying
TCCAGGTCAGCAATAA-4,GARQ,D17,2,40,38,39,0.30029225,Myeloid Cells
TCCAGGTCATATTGAC-4,GARQ,D17,2,40,38,39,0.048849702,Tumor Epithelial
TCCATCATCATGTTTC-1,GARQ,D17,2,40,38,13,0.16077805,Stressed Tumor (p53+)
TCCATCATCGCGCTAA-4,GARQ,D17,2,40,38,39,0.03449434,Tumor Epithelial
TCCATGCTCGCAATCG-2,GARQ,D17,2,40,38,9,0.07296246,Proximal Tubule
TCCCGGACAACTAGGG-3,GARQ,D17,2,40,38,19,0.137501,Proximal Tubule
TCCCGGACAGTTAAAG-3,GARQ,D17,2,40,38,35,0.18518007,Proximal Tubule
TCCCGTTAGTTGGCCA-1,GARQ,D17,2,40,38,2,0.013370872,Proximal Tubule
TCCCTCACAAATGCCC-4,GARQ,D17,2,40,38,29,0.034287483,Myeloid Cells
TCCCTGGTCCTACCTA-3,GARQ,D17,2,40,38,26,0.042051673,Proximal Tubule
TCCCTGGTCGGCTAGC-4,GARQ,D17,2,40,38,36,0.23690188,Tumor Epithelial
TCCCTGGTCTTGGATA-4,GARQ,D17,2,40,38,7,0.047270298,Tumor Epithelial
TCCGGTTTCGGCCAGT-2,GARQ,D17,2,40,38,10,0.38044083,Proximal Tubule
TCCTCAATCCTCATCA-4,GARQ,D17,2,40,38,33,0.03546673,Tumor Epithelial
TCCTCACAGAATGACG-3,GARQ,D17,2,40,38,2,0.037896454,Proximal Tubule
TCCTCACAGCGATACT-2,GARQ,D17,2,40,38,35,0.18043303,Proximal Tubule
TCCTGTTCAGCATGAG-2,GARQ,D17,2,40,38,2,0.09427816,Proximal Tubule
TCCTGTTCAGTTAGCC-1,GARQ,D17,2,40,38,39,0.074337006,Tumor (Neuronal-like)
TCCTTAGTCTTCAATC-3,GARQ,D17,2,40,38,13,0.008377433,Proximal Tubule
TCCTTCAAGCATCCAG-2,GARQ,D17,2,40,38,10,0.05436629,Proximal Tubule
TCCTTCAAGGGCTTAT-3,GARQ,D17,2,40,38,19,0.05930221,Proximal Tubule
TCCTTTACACAACCTA-1,GARQ,D17,2,40,38,20,0.14977634,Podocytes
TCCTTTACACAGCCTG-3,GARQ,D17,2,40,38,19,0.09814912,Proximal Tubule
TCGACAAGTCAAGTAT-3,GARQ,D17,2,40,38,35,0.25042439,Podocytes
TCGACAAGTTACGCGG-2,GARQ,D17,2,40,38,2,0.3029191,Proximal Tubule
TCGATTAAGGCGAAAC-1,GARQ,D17,2,40,38,18,0.10694796,T Cells
TCGATTAAGGGACCTC-3,GARQ,D17,2,40,38,32,0.023256898,Proximal Tubule
TCGCATTGTCAAAGGG-2,GARQ,D17,2,40,38,10,0.11673966,Proximal Tubule
TCGGTTCTCAGTTCCC-1,GARQ,D17,2,40,38,20,0.33102486,Proximal Tubule
TCGGTTTGTCCTTCTC-4,GARQ,D17,2,40,38,20,0.07010436,Tumor Epithelial
TCGTAATCAGGCTAGA-2,GARQ,D17,2,40,38,2,0.068082094,Proximal Tubule
TCGTAATCATCCATCT-1,GARQ,D17,2,40,38,4,0.1310575,Tumor (Neuronal-like)
TCGTCAACACTGACCG-2,GARQ,D17,2,40,38,35,0.15308249,Proximal Tubule
TCGTCAACACTGACTA-2,GARQ,D17,2,40,38,18,0.036423206,Myeloid Cells
TCGTTATTCATCCTCA-3,GARQ,D17,2,40,38,2,0.039678156,Proximal Tubule
TCGTTTCCAAGCCAGA-4,GARQ,D17,2,40,38,39,0.25649405,Tumor Epithelial
TCGTTTCCATTAAGTC-4,GARQ,D17,2,40,38,17,0.18034405,Tumor Epithelial
TCTAACCGTTGCAATG-2,GARQ,D17,2,40,38,21,0.10277438,Podocytes
TCTAACTTCATAATCG-1,GARQ,D17,2,40,38,13,0.114762634,Tumor (Neuronal-like)
TCTAACTTCTTGGATA-1,GARQ,D17,2,40,38,13,0.002185464,Podocytes
TCTAAGGGTAGGTTGC-3,GARQ,D17,2,40,38,2,0.036417723,Proximal Tubule
TCTACCTCAATCATGT-4,GARQ,D17,2,40,38,39,0.21532077,Parietal Epithelial Cells
TCTACTAGTAATAGCT-4,GARQ,D17,2,40,38,36,0.06717038,Tumor Epithelial
TCTAGCCTCTTAGCGG-2,GARQ,D17,2,40,38,2,0.08492559,Proximal Tubule
TCTAGCGAGCAGGTTT-4,GARQ,D17,2,40,38,20,0.07067448,Tumor Epithelial
TCTAGCGAGTAAGTCC-4,GARQ,D17,2,40,38,39,0.09669751,Mast Cells
TCTAGCGAGTCCTGAG-2,GARQ,D17,2,40,38,35,0.07883108,Proximal Tubule
TCTATGTTCACCTGTC-3,GARQ,D17,2,40,38,35,0.38869643,Parietal Epithelial Cells
TCTCAAGCACTGGCCA-4,GARQ,D17,2,40,38,14,0.019377887,Tumor Epithelial
TCTCAAGCAGTACCGT-3,GARQ,D17,2,40,38,2,0.0049108267,Proximal Tubule
TCTCGCCCACAAAGAC-2,GARQ,D17,2,40,38,2,0.09903753,Proximal Tubule
TCTCGCCCAGGACCAA-2,GARQ,D17,2,40,38,9,0.029586494,Proximal Tubule
TCTCGCCCATCATGGC-1,GARQ,D17,2,40,38,20,0.014991522,Tumor (Neuronal-like)
TCTGGCTTCCGTTAAA-1,GARQ,D17,2,40,38,32,0.041214764,Podocytes
TCTGGCTTCCTTAGGG-2,GARQ,D17,2,40,38,2,0.096943796,Proximal Tubule
TCTGTGACAATAGCCC-4,GARQ,D17,2,40,38,39,0.3460456,Myeloid Cells
TCTTAGCGTTCCTGTG-2,GARQ,D17,2,40,38,35,0.15066081,Proximal Tubule
TCTTAGTTCACTCGCT-2,GARQ,D17,2,40,38,35,0.01107049,Proximal Tubule
TCTTAGTTCTTAGGAC-3,GARQ,D17,2,40,38,2,0.016084671,Proximal Tubule
TCTTCAAGTGCATCGG-4,GARQ,D17,2,40,38,36,0.19068766,Tumor Epithelial
TCTTGACGTAGGTTGC-2,GARQ,D17,2,40,38,10,0.03341621,Proximal Tubule
TGAAACTGTACTTCAC-2,GARQ,D17,2,40,38,35,0.0059381723,Proximal Tubule
TGAACAACAGCAAATA-4,GARQ,D17,2,40,38,7,0.33205187,Tumor Epithelial
TGAACAGAGGTCGAGG-3,GARQ,D17,2,40,38,13,0.127294,Proximal Tubule
TGAAGCAAGCACAGCC-2,GARQ,D17,2,40,38,2,0.07775849,Proximal Tubule
TGAAGGATCCTAAGGT-4,GARQ,D17,2,40,38,31,0.069490194,Tumor Epithelial
TGAAGGATCCTTCTAG-3,GARQ,D17,2,40,38,19,0.0021821856,Proximal Tubule
TGAAGTGAGCTGTCAG-3,GARQ,D17,2,40,38,20,0.010792017,Proximal Tubule
TGACCAAGTGCGCGTA-1,GARQ,D17,2,40,38,34,0.08098745,Tumor Epithelial
TGACCTTGTACTTCAC-2,GARQ,D17,2,40,38,32,0.20132488,Proximal Tubule
TGACCTTGTATCTGGA-2,GARQ,D17,2,40,38,2,0.14566046,Proximal Tubule
TGACTTAAGGTTTACA-1,GARQ,D17,2,40,38,7,0.020259619,Low Quality / Dying
TGACTTCGTCCACAAA-3,GARQ,D17,2,40,38,26,0.1336667,Low Quality / Dying
TGAGCACGTCCGCTGT-1,GARQ,D17,2,40,38,39,0.32685345,Podocytes
TGAGCACGTCTAACAG-4,GARQ,D17,2,40,38,7,0.14987183,Tumor Epithelial
TGAGCCGGTCCGTAGG-1,GARQ,D17,2,40,38,20,0.08815193,Stressed Tumor (p53+)
TGAGCCGGTTTGCGCC-2,GARQ,D17,2,40,38,2,0.07466185,Podocytes
TGAGGCACAAGTGTCC-3,GARQ,D17,2,40,38,23,0.08875093,T Cells
TGAGGCACAGCTAATT-4,GARQ,D17,2,40,38,35,0.0053734183,Parietal Epithelial Cells
TGAGGGAGTGCAATGC-3,GARQ,D17,2,40,38,35,0.3123684,Proximal Tubule
TGAGGGAGTTTAACGG-1,GARQ,D17,2,40,38,35,0.2086634,Injured PT-like
TGAGGTGCAATTGCGC-2,GARQ,D17,2,40,38,35,0.24485159,Stressed Tumor (p53+)
TGAGTGAAGCAACATC-1,GARQ,D17,2,40,38,36,0.0756675,Tumor (Neuronal-like)
TGAGTGAAGGATGATG-3,GARQ,D17,2,40,38,19,0.026969075,Stressed Tumor (p53+)
TGAGTGAAGTCTTGAA-1,GARQ,D17,2,40,38,39,0.039340913,Stressed Tumor (p53+)
TGATCAATCAGGTTTA-3,GARQ,D17,2,40,38,35,0.29849243,Podocytes
TGATCACAGGGTCCAC-2,GARQ,D17,2,40,38,21,0.0112169385,Proximal Tubule
TGATCACAGTAATCCA-3,GARQ,D17,2,40,38,13,0.10144526,Proximal Tubule
TGATGATGTTTGTGGA-3,GARQ,D17,2,40,38,35,0.13932133,Myeloid Cells
TGATTAGTCGTTTCCA-4,GARQ,D17,2,40,38,11,0.05624658,Tumor Epithelial
TGATTGCAGCCATCAG-1,GARQ,D17,2,40,38,34,0.14030784,Tumor (Neuronal-like)
TGCACCTTCGCGACAC-1,GARQ,D17,2,40,38,13,0.09430975,Stressed Tumor (p53+)
TGCATGAGTCACCTAT-1,GARQ,D17,2,40,38,39,0.02541548,Myeloid Cells
TGCATGAGTTGCTGGG-2,GARQ,D17,2,40,38,2,0.19324434,Proximal Tubule
TGCATTAAGGCATTAC-3,GARQ,D17,2,40,38,35,0.14285892,Myeloid Cells
TGCCATTGTCACAGAC-2,GARQ,D17,2,40,38,21,0.030855656,Proximal Tubule
TGCCGGTAGCGTGCGT-3,GARQ,D17,2,40,38,21,0.13804287,Podocytes
TGCCGGTAGGTCCACA-3,GARQ,D17,2,40,38,19,0.047405303,Proximal Tubule
TGCCTGTTCCTGTTCA-3,GARQ,D17,2,40,38,35,0.028092265,Proximal Tubule
TGCGATTAGCATTAGC-2,GARQ,D17,2,40,38,2,0.19550961,Proximal Tubule
TGCGCAGGTAACCAGC-2,GARQ,D17,2,40,38,35,0.032256186,Proximal Tubule
TGCGGTTCAATATGGA-4,GARQ,D17,2,40,38,39,0.15920818,Tumor Epithelial
TGCGGTTCACCTAATG-1,GARQ,D17,2,40,38,34,0.056578934,Tumor (Neuronal-like)
TGCGGTTCATGCTTAG-4,GARQ,D17,2,40,38,33,0.022155344,Tumor Epithelial
TGCTAACAGGCATGTT-3,GARQ,D17,2,40,38,35,0.15811908,Proximal Tubule
TGCTAACAGTGATTCA-4,GARQ,D17,2,40,38,39,0.08739954,Tumor Epithelial
TGCTATGCACAAGCCT-3,GARQ,D17,2,40,38,2,0.13689208,Injured PT-like
TGCTCAACAAGCTAAA-3,GARQ,D17,2,40,38,35,0.1153841,Tumor (Neuronal-like)
TGCTCAACAAGCTTAT-3,GARQ,D17,2,40,38,2,0.21346295,Proximal Tubule
TGCTCAACAATAATCC-4,GARQ,D17,2,40,38,7,0.24637067,Tumor Epithelial
TGCTCAACAGGCATCT-4,GARQ,D17,2,40,38,20,0.12853235,Tumor Epithelial
TGCTCCGTCTAACCTT-2,GARQ,D17,2,40,38,21,0.04030168,Proximal Tubule
TGCTGGATCAAATCGC-4,GARQ,D17,2,40,38,20,0.11767715,Tumor Epithelial
TGCTTCATCAGGCTAT-4,GARQ,D17,2,40,38,39,0.16059035,Tumor Epithelial
TGCTTCATCATGGTGT-2,GARQ,D17,2,40,38,10,0.21766847,Proximal Tubule
TGCTTCCAGTCAGTAC-2,GARQ,D17,2,40,38,32,0.010100603,Proximal Tubule
TGCTTGCTCCTAATAG-2,GARQ,D17,2,40,38,23,0.20688301,Myeloid Cells
TGCTTGCTCGATTTAG-4,GARQ,D17,2,40,38,7,0.09931517,Tumor Epithelial
TGGAACAAGCGATAAG-2,GARQ,D17,2,40,38,21,0.054197937,Podocytes
TGGACAAAGAACCTGT-2,GARQ,D17,2,40,38,35,0.33418846,Proximal Tubule
TGGACAAAGTAACTCA-2,GARQ,D17,2,40,38,32,0.032907248,Proximal Tubule
TGGACCGGTGAAACAA-1,GARQ,D17,2,40,38,34,0.12557185,Tumor (Neuronal-like)
TGGACTAGTCATTGTC-2,GARQ,D17,2,40,38,10,0.14323986,Proximal Tubule
TGGATTGGTACAATGT-4,GARQ,D17,2,40,38,31,0.15989089,Tumor Epithelial
TGGATTGGTCGCGCAA-2,GARQ,D17,2,40,38,25,0.0587461,Proximal Tubule
TGGATTGGTTGGCCGA-2,GARQ,D17,2,40,38,21,0.027392507,Podocytes
TGGATTGGTTTGAGGC-4,GARQ,D17,2,40,38,17,0.003680706,Tumor Epithelial
TGGCCTGCAATTAGGA-3,GARQ,D17,2,40,38,25,0.097436965,Parietal Epithelial Cells
TGGCCTGCAGCTTAAT-2,GARQ,D17,2,40,38,35,0.21219444,Stressed Tumor (p53+)
TGGCCTTTCGTTAGCG-3,GARQ,D17,2,40,38,2,0.0062149763,Proximal Tubule
TGGCCTTTCTGTGCCT-1,GARQ,D17,2,40,38,36,0.035665154,Stressed Tumor (p53+)
TGGCGGTTCAACCAAC-1,GARQ,D17,2,40,38,13,0.16919112,Proximal Tubule
TGGCGGTTCACCTGTC-3,GARQ,D17,2,40,38,7,0.011767536,Proximal Tubule
TGGCGGTTCCAGGAAA-1,GARQ,D17,2,40,38,20,0.04061842,Stressed Tumor (p53+)
TGGCTAAGTAGTTAAC-2,GARQ,D17,2,40,38,35,0.1369453,Myeloid Cells
TGGCTAAGTGCATCGG-3,GARQ,D17,2,40,38,35,0.24362576,Stressed Tumor (p53+)
TGGCTAAGTTAGGCGT-4,GARQ,D17,2,40,38,14,0.06372446,Tumor Epithelial
TGGCTATAGTGTGATC-2,GARQ,D17,2,40,38,35,0.3726672,Proximal Tubule
TGGCTTTGTTGCACGG-3,GARQ,D17,2,40,38,19,0.007294297,Proximal Tubule
TGGGCATGTACGCGCA-1,GARQ,D17,2,40,38,19,0.030639589,Tumor (Neuronal-like)
TGGGCCTAGGCTGTGC-1,GARQ,D17,2,40,38,13,0.17857516,Stressed Tumor (p53+)
TGGGCCTAGGTTAGCT-2,GARQ,D17,2,40,38,35,0.15292156,Proximal Tubule
TGGTAAACAAGCGAGC-2,GARQ,D17,2,40,38,35,0.10389185,Stressed Tumor (p53+)
TGGTCAAGTCCGTGAG-2,GARQ,D17,2,40,38,35,0.254874,Proximal Tubule
TGGTCAGTCACAGCGC-3,GARQ,D17,2,40,38,25,0.04683745,Podocytes
TGGTCAGTCACTAGGT-2,GARQ,D17,2,40,38,35,0.19153118,Podocytes
TGGTCATAGGTGCTGC-1,GARQ,D17,2,40,38,17,0.0025248528,Tumor Epithelial
TGGTCATAGTCACCAG-2,GARQ,D17,2,40,38,10,0.23127669,Proximal Tubule
TGGTCCTTCATTTGTC-4,GARQ,D17,2,40,38,16,0.05979839,Tumor Epithelial
TGGTCCTTCTCCATGC-2,GARQ,D17,2,40,38,25,0.031684816,Injured PT-like
TGGTGATTCCTCGATC-2,GARQ,D17,2,40,38,35,0.22562182,Proximal Tubule
TGGTGATTCGTTAGTA-4,GARQ,D17,2,40,38,18,0.10203546,Myeloid Cells
TGGTGATTCTGTAAGC-2,GARQ,D17,2,40,38,2,0.15993613,Proximal Tubule
TGGTGCATCGTTTCGC-3,GARQ,D17,2,40,38,26,0.108546555,Proximal Tubule
TGGTGCATCTGGCATG-1,GARQ,D17,2,40,38,20,0.0024240613,Tumor (Neuronal-like)
TGGTGCATCTTGCAGG-2,GARQ,D17,2,40,38,2,0.05619231,Proximal Tubule
TGGTTAATCAAGTGTC-1,GARQ,D17,2,40,38,33,0.013875127,Tumor (Neuronal-like)
TGGTTAATCAGGCTAT-3,GARQ,D17,2,40,38,19,0.046004415,Proximal Tubule
TGGTTCCTCTTGTTCG-3,GARQ,D17,2,40,38,2,0.34252262,Proximal Tubule
TGGTTCTGTTAGCAGC-2,GARQ,D17,2,40,38,30,0.008927405,Proximal Tubule
TGGTTCTGTTTATTCG-1,GARQ,D17,2,40,38,1,0.01605767,Podocytes
TGTAAGCTCCTCCATA-4,GARQ,D17,2,40,38,31,0.012670755,Tumor Epithelial
TGTAAGTGTCACACCC-2,GARQ,D17,2,40,38,35,0.27672833,Stressed Tumor (p53+)
TGTAATGTCACAAGCT-3,GARQ,D17,2,40,38,20,0.03373441,Proximal Tubule
TGTATCCGTTCGCTCA-1,GARQ,D17,2,40,38,35,0.03890598,Tumor (Neuronal-like)
TGTATCGCATGCTATG-1,GARQ,D17,2,40,38,6,0.07802504,Stressed Tumor (p53+)
TGTCAATCACAGACTC-2,GARQ,D17,2,40,38,2,0.045993328,Proximal Tubule
TGTCAATCATAAGGAC-1,GARQ,D17,2,40,38,39,0.012381494,Podocytes
TGTCAATCATAGCTTG-3,GARQ,D17,2,40,38,35,0.09238511,Injured PT-like
TGTCAGTAGGCGTAAA-4,GARQ,D17,2,40,38,36,0.22506106,Tumor Epithelial
TGTCATAAGTCCTTTG-3,GARQ,D17,2,40,38,35,0.10212892,Proximal Tubule
TGTCCTTCAGAAATGC-4,GARQ,D17,2,40,38,17,0.058813334,Tumor Epithelial
TGTGAAACATGCTTAG-2,GARQ,D17,2,40,38,10,0.24661446,Proximal Tubule
TGTGATCAGCATGAAG-2,GARQ,D17,2,40,38,35,0.09773159,Proximal Tubule
TGTGATCAGTAAACCC-4,GARQ,D17,2,40,38,39,0.17318273,Tumor Epithelial
TGTGCGCAGGGATGCG-4,GARQ,D17,2,40,38,38,0.10165736,Endothelial Cells
TGTGCGGGTTTGGCTT-4,GARQ,D17,2,40,38,36,0.13569707,Tumor Epithelial
TGTGGCCAGTCATGCG-4,GARQ,D17,2,40,38,20,0.059735775,Tumor Epithelial
TGTGGCTCATTAGCGC-1,GARQ,D17,2,40,38,7,0.077471614,Tumor (Neuronal-like)
TGTGTGAGTCATTGTC-1,GARQ,D17,2,40,38,39,0.2082097,Myeloid Cells
TGTGTGAGTGAAGCCT-3,GARQ,D17,2,40,38,38,0.071427345,Parietal Epithelial Cells
TGTGTTAAGAGAAGGG-1,GARQ,D17,2,40,38,39,0.1980353,Tumor Epithelial
TGTTACTTCACTTCAT-4,GARQ,D17,2,40,38,36,0.053028345,Tumor Epithelial
TGTTACTTCCTGCGAA-2,GARQ,D17,2,40,38,23,0.022609174,Parietal Epithelial Cells
TGTTATGAGAGCCGCT-4,GARQ,D17,2,40,38,13,0.07732096,Tumor Epithelial
TGTTATGAGGGACGCA-3,GARQ,D17,2,40,38,21,0.04152006,Injured PT-like
TGTTATGAGTAAGGGC-2,GARQ,D17,2,40,38,15,0.00481081,Proximal Tubule
TGTTGCACAGTTAAAG-1,GARQ,D17,2,40,38,13,0.08158916,Podocytes
TGTTGCACAGTTATGT-3,GARQ,D17,2,40,38,35,0.18076527,Proximal Tubule
TGTTGTAAGACTCGCA-2,GARQ,D17,2,40,38,10,0.08708084,Proximal Tubule
TGTTGTGCAACACTTG-2,GARQ,D17,2,40,38,2,0.2719294,Proximal Tubule
TGTTGTGCAGTGAACG-2,GARQ,D17,2,40,38,23,0.17299509,Proximal Tubule
TTAACCAAGGTCCACA-4,GARQ,D17,2,40,38,36,0.34101486,Tumor Epithelial
TTAAGCCAGCTTAGCG-4,GARQ,D17,2,40,38,39,0.06668863,Tumor Epithelial
TTAAGCCAGTCATGCG-2,GARQ,D17,2,40,38,32,0.1317817,Proximal Tubule
TTAAGGACAGAGGCTA-1,GARQ,D17,2,40,38,13,0.04111296,Tumor (Neuronal-like)
TTAAGGACATCACAGC-3,GARQ,D17,2,40,38,0,0.042698562,Tumor (Neuronal-like)
TTAAGGACATGTTTGG-3,GARQ,D17,2,40,38,15,0.035334587,Proximal Tubule
TTAAGGTGTGTTTGAG-3,GARQ,D17,2,40,38,19,0.0880698,Proximal Tubule
TTAAGTGTCCTGGTGA-1,GARQ,D17,2,40,38,26,0.12464106,Tumor (Neuronal-like)
TTACAGCAGATAACCC-4,GARQ,D17,2,40,38,34,0.035408616,Tumor Epithelial
TTACAGCAGGTGAAGC-3,GARQ,D17,2,40,38,13,0.0076971054,Proximal Tubule
TTACCTGTCAAAGGCA-1,GARQ,D17,2,40,38,20,0.25944752,Podocytes
TTACCTGTCGATATTG-2,GARQ,D17,2,40,38,2,0.23439336,Injured PT-like
TTACCTGTCTTGTTCG-2,GARQ,D17,2,40,38,4,0.030091465,Proximal Tubule
TTACGTTTCCCTCAAC-3,GARQ,D17,2,40,38,2,0.20133907,Proximal Tubule
TTAGACTCAATTGAGA-1,GARQ,D17,2,40,38,20,0.29178774,Tumor (Neuronal-like)
TTAGACTCATCAGTAT-1,GARQ,D17,2,40,38,32,0.04246071,Podocytes
TTAGCAATCCTCACAC-3,GARQ,D17,2,40,38,2,0.26444054,Podocytes
TTAGCAGGTCTCACTG-1,GARQ,D17,2,40,38,19,0.03569728,Tumor (Neuronal-like)
TTAGCGGTCACAGCCA-1,GARQ,D17,2,40,38,20,0.16210723,Tumor (Neuronal-like)
TTAGCGGTCTCATCAT-4,GARQ,D17,2,40,38,36,0.01826036,Tumor Epithelial
TTAGGCCCAAGGAATC-1,GARQ,D17,2,40,38,26,0.07636613,Injured PT-like
TTAGGCCCAAGGGTTG-2,GARQ,D17,2,40,38,8,0.040082276,Proximal Tubule
TTAGGCCCAGTATGTT-1,GARQ,D17,2,40,38,38,0.05576986,Proximal Tubule
TTAGGCGTCTAATCTC-4,GARQ,D17,2,40,38,34,0.066778034,Myeloid Cells
TTAGGCGTCTGCAACG-3,GARQ,D17,2,40,38,2,0.028203428,Proximal Tubule
TTAGGCTAGCGCCTTT-1,GARQ,D17,2,40,38,32,0.1454866,Podocytes
TTAGGCTAGGCTACAT-4,GARQ,D17,2,40,38,7,0.04741943,Podocytes
TTAGTCAAGCACTTGG-2,GARQ,D17,2,40,38,35,0.17977989,Podocytes
TTATCCTAGAACCTAC-1,GARQ,D17,2,40,38,34,0.1620819,Podocytes
TTATTGCTCAAGCTAC-3,GARQ,D17,2,40,38,13,0.042189896,Proximal Tubule
TTATTGCTCGTTTCTG-3,GARQ,D17,2,40,38,13,0.0851292,Proximal Tubule
TTCAACCGTAGCCTCC-2,GARQ,D17,2,40,38,2,0.029381156,Proximal Tubule
TTCAGGTAGCCTGTTC-2,GARQ,D17,2,40,38,23,0.13207951,Myeloid Cells
TTCATCCCACACTAAT-3,GARQ,D17,2,40,38,2,0.07749307,Proximal Tubule
TTCCACGGTCTAACCT-4,GARQ,D17,2,40,38,33,0.008730769,Tumor Epithelial
TTCCACGGTGTCCAAA-2,GARQ,D17,2,40,38,2,0.22858131,Proximal Tubule
TTCCCACAGTCAATCA-2,GARQ,D17,2,40,38,35,0.056682825,Proximal Tubule
TTCCCACAGTGGCGGA-4,GARQ,D17,2,40,38,36,0.15494233,Tumor Epithelial
TTCCCGCCAGGTCCTG-1,GARQ,D17,2,40,38,26,0.024359763,Proximal Tubule
TTCCTCAAGGTCATTA-4,GARQ,D17,2,40,38,17,0.026028693,Tumor Epithelial
TTCCTTGAGGGTTATC-2,GARQ,D17,2,40,38,35,0.17057687,Proximal Tubule
TTCGCAACATCATGGC-2,GARQ,D17,2,40,38,2,0.039159536,Proximal Tubule
TTCGGTACAGTCTATG-4,GARQ,D17,2,40,38,31,0.03803271,Tumor Epithelial
TTCGTGCTCAGGAAGC-4,GARQ,D17,2,40,38,17,0.08912563,Tumor Epithelial
TTCGTTAGTCATCAAG-3,GARQ,D17,2,40,38,10,0.20133668,Low Quality / Dying
TTCGTTAGTTCCAGGG-1,GARQ,D17,2,40,38,36,0.060709357,Tumor (Neuronal-like)
TTCTTAGGTTAAGGTT-2,GARQ,D17,2,40,38,8,0.015470803,Proximal Tubule
TTGACATCATGTTTGG-2,GARQ,D17,2,40,38,32,0.14399046,Proximal Tubule
TTGAGGCGTAGGTGTC-2,GARQ,D17,2,40,38,21,0.16898346,Proximal Tubule
TTGAGGCGTAGGTTAT-4,GARQ,D17,2,40,38,31,0.121772945,Tumor Epithelial
TTGAGGCGTGGTTCCC-3,GARQ,D17,2,40,38,20,0.012060761,Injured PT-like
TTGATGTCAATTAAGG-3,GARQ,D17,2,40,38,35,0.18568295,Proximal Tubule
TTGATGTCATTAAAGG-2,GARQ,D17,2,40,38,21,0.031353086,Podocytes
TTGATGTCATTGCGGT-3,GARQ,D17,2,40,38,10,0.13273263,Proximal Tubule
TTGCAACAGGAGGACT-2,GARQ,D17,2,40,38,35,0.23309857,Proximal Tubule
TTGCAACAGTTATCTC-1,GARQ,D17,2,40,38,39,0.14627022,Low Quality / Dying
TTGCAAGGTCCTAATC-1,GARQ,D17,2,40,38,20,0.08186066,Stressed Tumor (p53+)
TTGCAATCAGGCAAGC-3,GARQ,D17,2,40,38,2,0.021663696,Podocytes
TTGCAATCAGGTTCAC-3,GARQ,D17,2,40,38,15,0.07164776,Proximal Tubule
TTGCACACATAGCTGC-1,GARQ,D17,2,40,38,10,0.0221982,Proximal Tubule
TTGCAGCCACGAATTT-1,GARQ,D17,2,40,38,35,0.06473458,Stressed Tumor (p53+)
TTGCATTTCCGTGACA-3,GARQ,D17,2,40,38,20,0.05770099,Low Quality / Dying
TTGCATTTCGCAACAT-4,GARQ,D17,2,40,38,7,0.38591242,Tumor Epithelial
TTGCCCGTCCTGTTCA-1,GARQ,D17,2,40,38,20,0.18581545,Tumor (Neuronal-like)
TTGCGTCTCGCTATAA-2,GARQ,D17,2,40,38,10,0.14579052,Proximal Tubule
TTGCTCTCAGCATGAG-2,GARQ,D17,2,40,38,35,0.043605685,Proximal Tubule
TTGCTTAGTCTTACTA-1,GARQ,D17,2,40,38,18,0.06194514,Myeloid Cells
TTGCTTAGTTAACGAT-2,GARQ,D17,2,40,38,35,0.31091,Proximal Tubule
TTGCTTTAGGCGCACT-2,GARQ,D17,2,40,38,35,0.117250204,Proximal Tubule
TTGGAGGCACAACCTA-4,GARQ,D17,2,40,38,36,0.09603214,T Cells
TTGGAGGCATGATTGT-4,GARQ,D17,2,40,38,7,0.013183773,Tumor Epithelial
TTGGATCAGAAAGGAA-2,GARQ,D17,2,40,38,35,0.37502277,Proximal Tubule
TTGGATCAGGTCGATT-3,GARQ,D17,2,40,38,2,0.32719445,Proximal Tubule
TTGGATTCACCATATG-2,GARQ,D17,2,40,38,2,0.34975815,Proximal Tubule
TTGGCGGGTAATCGCA-4,GARQ,D17,2,40,38,37,0.06507063,Myeloid Cells
TTGGCTTGTCATAACG-2,GARQ,D17,2,40,38,35,0.29655343,Proximal Tubule
TTGGCTTGTTAGACCA-4,GARQ,D17,2,40,38,39,0.21291292,Tumor Epithelial
TTGGGCGGTAATAGCT-2,GARQ,D17,2,40,38,21,0.016757458,Proximal Tubule
TTGGGTTAGGACGTAA-1,GARQ,D17,2,40,38,20,0.012391925,Tumor (Neuronal-like)
TTGGGTTAGTAGGCGG-2,GARQ,D17,2,40,38,2,0.29130048,Proximal Tubule
TTGGTGAGTATTCGTC-2,GARQ,D17,2,40,38,35,0.090924025,Proximal Tubule
TTGGTGAGTCAGGCAT-1,GARQ,D17,2,40,38,17,0.1530106,Tumor Epithelial
TTGGTGAGTCCAAGAC-2,GARQ,D17,2,40,38,35,0.24799752,Proximal Tubule
TTGTAAGTCATGGTGT-3,GARQ,D17,2,40,38,35,0.018702984,Stressed Tumor (p53+)
TTGTAAGTCCCGCAAA-2,GARQ,D17,2,40,38,32,0.005713582,Proximal Tubule
TTGTAAGTCGGTTTGG-4,GARQ,D17,2,40,38,28,0.053809047,Tumor Epithelial
TTGTAAGTCGTTTCCA-3,GARQ,D17,2,40,38,19,0.06790024,Proximal Tubule
TTGTCAAAGAGGGACT-2,GARQ,D17,2,40,38,32,0.0009787679,Proximal Tubule
TTGTCCATCAGTATTG-2,GARQ,D17,2,40,38,10,0.01825583,Proximal Tubule
TTGTCCATCCAAACAC-1,GARQ,D17,2,40,38,39,0.27572995,Low Quality / Dying
TTGTCCCAGTAGCGGG-3,GARQ,D17,2,40,38,10,0.044089735,Podocytes
TTGTCCCAGTCACCTC-4,GARQ,D17,2,40,38,39,0.3467325,Mast Cells
TTGTGAGGTGCGCAAT-2,GARQ,D17,2,40,38,9,0.01537776,Proximal Tubule
TTGTGAGGTTTCGCGC-2,GARQ,D17,2,40,38,35,0.1796236,Proximal Tubule
TTGTGCGAGCCGCAAC-4,GARQ,D17,2,40,38,17,0.12649119,Tumor Epithelial
TTGTGCGAGTACCGCA-3,GARQ,D17,2,40,38,19,0.154374,Podocytes
TTGTGTGCAAAGCGGC-1,GARQ,D17,2,40,38,17,0.2647456,Tumor Epithelial
TTGTTGCGTGACATAT-1,GARQ,D17,2,40,38,0,0.046356916,Tumor (Neuronal-like)
TTGTTGCGTGTTGCAA-3,GARQ,D17,2,40,38,32,0.2134254,Parietal Epithelial Cells
TTGTTGCGTTGCCTCA-2,GARQ,D17,2,40,38,2,0.12850368,Proximal Tubule
TTGTTGTTCGAAGTGA-3,GARQ,D17,2,40,38,20,0.061519325,Podocytes
TTGTTGTTCTTGAGGT-4,GARQ,D17,2,40,38,7,0.0049102902,Tumor Epithelial
TTGTTTGGTTCACTGT-4,GARQ,D17,2,40,38,20,0.17998493,Tumor Epithelial
TTTAACCTCGCTTCTA-3,GARQ,D17,2,40,38,26,0.05849123,Proximal Tubule
TTTAAGCCAAGTGTCC-1,GARQ,D17,2,40,38,14,0.08443728,Tumor Epithelial
TTTAAGGTCAGCTAAC-3,GARQ,D17,2,40,38,10,0.057999134,Proximal Tubule
TTTAAGGTCTAAGGAG-2,GARQ,D17,2,40,38,2,0.18780893,Proximal Tubule
TTTACGAAGCTTTGTT-4,GARQ,D17,2,40,38,17,0.026997149,Tumor Epithelial
TTTACGCGTAGGTTAT-1,GARQ,D17,2,40,38,7,0.16445553,Tumor (Neuronal-like)
TTTACGCGTCCCGAAG-2,GARQ,D17,2,40,38,10,0.08061516,Parietal Epithelial Cells
TTTACGCGTGCTAGAC-3,GARQ,D17,2,40,38,35,0.23687541,Proximal Tubule
TTTAGCAAGAGGAGGA-4,GARQ,D17,2,40,38,7,0.07552892,Tumor Epithelial
TTTAGCTTCATGTCAA-4,GARQ,D17,2,40,38,17,0.087961316,Tumor Epithelial
TTTAGCTTCTCCATAT-1,GARQ,D17,2,40,38,2,0.105858505,Tumor (Neuronal-like)
TTTAGGATCGAGCTAT-4,GARQ,D17,2,40,38,31,0.06041944,Proximal Tubule
TTTAGGATCTAACCTT-2,GARQ,D17,2,40,38,2,0.0648129,Podocytes
TTTCACCCAGCTCAAC-2,GARQ,D17,2,40,38,9,0.018242419,Proximal Tubule
TTTCAGTTCGATTTAG-2,GARQ,D17,2,40,38,23,0.010670304,Proximal Tubule
TTTCAGTTCTCCTCTT-1,GARQ,D17,2,40,38,27,0.023604631,Stressed Tumor (p53+)
TTTCATCAGCGGTTAT-2,GARQ,D17,2,40,38,35,0.33336502,Stressed Tumor (p53+)
TTTCATCAGTTATGTG-3,GARQ,D17,2,40,38,35,0.13833094,Stressed Tumor (p53+)
TTTCCACCAGTACCGT-3,GARQ,D17,2,40,38,2,0.08961201,Proximal Tubule
TTTCCGGGTATGGTGC-2,GARQ,D17,2,40,38,35,0.008367956,Proximal Tubule
TTTCCTGAGGGACTAA-4,GARQ,D17,2,40,38,39,0.2208584,Tumor Epithelial
TTTCGTCCAAGTAAGC-2,GARQ,D17,2,40,38,18,0.0010038614,Myeloid Cells
TTTCGTCCATAAGGAC-2,GARQ,D17,2,40,38,2,0.35081303,Proximal Tubule
TTTCTCACATTGTGTG-3,GARQ,D17,2,40,38,1,0.074549645,Proximal Tubule
TTTCTTGCAACAGGAT-1,GARQ,D17,2,40,38,34,0.03358558,Podocytes
TTTCTTGCAGCAAATA-4,GARQ,D17,2,40,38,7,0.16782373,Tumor Epithelial
TTTGACCGTCGCGCAA-4,GARQ,D17,2,40,38,36,0.10079026,Tumor Epithelial
TTTGCATTCAATTACG-1,GARQ,D17,2,40,38,20,0.0050257444,Tumor (Neuronal-like)
TTTGCATTCACTCAAA-1,GARQ,D17,2,40,38,29,0.27314657,Stressed Tumor (p53+)
TTTGCGACAAGGGTTG-2,GARQ,D17,2,40,38,21,0.075276375,Proximal Tubule
TTTGCGACATAGGCGA-4,GARQ,D17,2,40,38,29,0.12961888,Myeloid Cells
TTTGGCTGTTAACGGC-1,GARQ,D17,2,40,38,39,0.06639409,Injured PT-like
TTTGGTGCATGTCAAT-4,GARQ,D17,2,40,38,7,0.21790087,Tumor Epithelial
TTTGTCCCAACCCTAA-4,GARQ,D17,2,40,38,7,0.21317708,Tumor Epithelial
TTTGTCCCAATCGCAC-2,GARQ,D17,2,40,38,2,0.16313946,Proximal Tubule
TTTGTCCCATGTTGTG-3,GARQ,D17,2,40,38,26,0.072766006,Proximal Tubule
TTTGTCCCATGTTTGG-3,GARQ,D17,2,40,38,35,0.16181403,Podocytes
TTTGTCCCATTTGCTC-1,GARQ,D17,2,40,38,20,0.3748229,Podocytes
TTTGTCTAGCGCCTAA-1,GARQ,D17,2,40,38,7,0.11014891,Tumor Epithelial
TTTGTCTAGGCCTTAG-4,GARQ,D17,2,40,38,20,0.027746081,Tumor Epithelial
TTTGTCTAGTCACTAA-1,GARQ,D17,2,40,38,20,0.063040376,Tumor (Neuronal-like)
TTTGTGGCACGTTACA-1,GARQ,D17,2,40,38,20,0.021247387,Tumor (Neuronal-like)
TTTGTGTTCTTTGAGA-2,GARQ,D17,2,40,38,21,0.15206343,Proximal Tubule
TTTGTTGGTGCCGCAA-1,GARQ,D17,2,40,38,39,0.0774014,Tumor (Neuronal-like)
TTTGTTGGTGTAACCA-3,GARQ,D17,2,40,38,2,0.18584603,Proximal Tubule
TTTGTTGGTTAGCTGA-2,GARQ,D17,2,40,38,35,0.17867851,Proximal Tubule
