cell_id,method,dataset,seed,requested_K,realized_K,metacell_id,delta_confidence,cell_type
TATCCAGCAATTGAGA-14-s4d8,GARQ,D11,3,40,38,17,0.063794434,CD8+ T
CTAATGTCATTGTTGG-14-s4d8,GARQ,D11,3,40,38,29,0.10727012,CD8+ T
GTTACTCGTGGATTAT-14-s4d8,GARQ,D11,3,40,38,27,0.05298686,Transitional B
AATGCATGTTCATCTA-14-s4d8,GARQ,D11,3,40,38,18,0.06500423,Naive CD20+ B
TCAATCGCATCCAGGT-14-s4d8,GARQ,D11,3,40,38,23,0.010586023,MK/E prog
CACCAACCACTTCATC-14-s4d8,GARQ,D11,3,40,38,29,0.04583627,CD8+ T
CGGCCATAGCGAGCGA-14-s4d8,GARQ,D11,3,40,38,29,0.021906972,CD8+ T
TCTAACCGTAGGTTGC-14-s4d8,GARQ,D11,3,40,38,23,0.35808957,MK/E prog
GAGTATCTCCGGTTAG-14-s4d8,GARQ,D11,3,40,38,5,0.043409884,Lymph prog
GTCTTGCTCTACCTGC-14-s4d8,GARQ,D11,3,40,38,18,0.11425805,Transitional B
GTTAAGTGTTGTAACG-14-s4d8,GARQ,D11,3,40,38,26,0.041588306,CD8+ T
AACCTCCTCGATTTGA-14-s4d8,GARQ,D11,3,40,38,29,0.010910153,CD4+ T activated
CGTCCTAGTCTATCGT-14-s4d8,GARQ,D11,3,40,38,30,0.09404969,CD8+ T
ATGTTGTCATTATCCC-14-s4d8,GARQ,D11,3,40,38,38,0.29016924,CD8+ T
AGTAATGCAATTAGGA-14-s4d8,GARQ,D11,3,40,38,26,0.11101234,CD8+ T
TGCTAACAGTGATTCA-14-s4d8,GARQ,D11,3,40,38,7,0.011222601,Normoblast
TTGTTTGGTTGGATAT-14-s4d8,GARQ,D11,3,40,38,15,0.11487514,CD4+ T naive
CCTAGTTGTCATTACC-14-s4d8,GARQ,D11,3,40,38,38,0.018237293,CD8+ T
GGCTTAAGTTCCAGGG-14-s4d8,GARQ,D11,3,40,38,27,0.0066868067,Naive CD20+ B
GTTTAACCAACCCTAA-14-s4d8,GARQ,D11,3,40,38,17,0.08743262,NK
GTAGTTTCAGCTTAAT-14-s4d8,GARQ,D11,3,40,38,17,0.08624053,CD8+ T
GCTGTAAGTCATTGTC-14-s4d8,GARQ,D11,3,40,38,17,0.05051565,CD8+ T
AGAATCGAGGACCTTG-14-s4d8,GARQ,D11,3,40,38,38,0.016518354,CD8+ T
GTCTTTAGTATGTGGC-14-s4d8,GARQ,D11,3,40,38,1,0.031133413,CD8+ T
GCCTCAAAGCGCTAAT-14-s4d8,GARQ,D11,3,40,38,27,0.029790401,Transitional B
GTTTCTAGTGTGCAAC-14-s4d8,GARQ,D11,3,40,38,2,0.010673523,CD4+ T activated
GGCTAGTGTAGGTTGC-14-s4d8,GARQ,D11,3,40,38,19,0.16431177,cDC2
ATTTGCAAGAACAAGT-14-s4d8,GARQ,D11,3,40,38,38,0.07235503,CD8+ T
CATTGTAAGAAAGCAT-14-s4d8,GARQ,D11,3,40,38,7,0.024749637,Erythroblast
CCAGACTCAATGCCTA-14-s4d8,GARQ,D11,3,40,38,2,0.009782851,CD8+ T
CAGCTATAGCATTTCT-14-s4d8,GARQ,D11,3,40,38,36,0.0066019297,Proerythroblast
CTAGGCGGTAGGTTTG-14-s4d8,GARQ,D11,3,40,38,36,0.069989085,Proerythroblast
CGATCCTTCTCAATGA-14-s4d8,GARQ,D11,3,40,38,14,0.06025839,Lymph prog
AGTAACACATACCCGG-14-s4d8,GARQ,D11,3,40,38,7,0.0490458,Erythroblast
GCGTTTCTCTCAATTC-14-s4d8,GARQ,D11,3,40,38,26,0.14460719,CD8+ T
AGAAACTAGTGAGGTA-14-s4d8,GARQ,D11,3,40,38,26,0.038458824,CD4+ T activated
TTGGCTGAGTTGTCCC-14-s4d8,GARQ,D11,3,40,38,30,0.16192365,CD8+ T
GCTTGACCAAGTGAAC-14-s4d8,GARQ,D11,3,40,38,20,0.028939724,CD8+ T
CCGGTAGGTCATAGAT-14-s4d8,GARQ,D11,3,40,38,7,0.06947708,Proerythroblast
TGAGCCGGTTTGGTTC-14-s4d8,GARQ,D11,3,40,38,17,0.025572002,CD8+ T
ACTCAGTAGGCATGAA-14-s4d8,GARQ,D11,3,40,38,17,0.21627277,CD8+ T
GCCTATTGTGTAATAC-14-s4d8,GARQ,D11,3,40,38,17,0.09036219,CD8+ T
TGTTGTGCAGCAAGTG-14-s4d8,GARQ,D11,3,40,38,30,0.14675486,NK
GCCGTGAGTGAGCAAG-14-s4d8,GARQ,D11,3,40,38,27,0.2065556,Naive CD20+ B
TTGGAGGCACATTAAC-14-s4d8,GARQ,D11,3,40,38,17,0.019688368,CD8+ T
TCCATGCTCACAGGAA-14-s4d8,GARQ,D11,3,40,38,19,0.06392324,Lymph prog
ATGGCTGTCATCCTGC-14-s4d8,GARQ,D11,3,40,38,9,0.017219663,CD8+ T
TCTAGCACAGCAATAA-14-s4d8,GARQ,D11,3,40,38,9,0.014472365,CD8+ T
ACTTCGCTCTAAATCG-14-s4d8,GARQ,D11,3,40,38,11,0.14230227,CD8+ T
GCTTAACAGCAAGATG-14-s4d8,GARQ,D11,3,40,38,17,0.056274652,CD8+ T
ACGTTGTAGATAAAGC-14-s4d8,GARQ,D11,3,40,38,38,0.015166163,CD8+ T
TACTGGCCATAAACCT-14-s4d8,GARQ,D11,3,40,38,17,0.10164046,CD8+ T
CCTTCAATCGCAACAT-14-s4d8,GARQ,D11,3,40,38,16,0.01717496,CD8+ T
CTTCAGGAGGTAACGA-14-s4d8,GARQ,D11,3,40,38,7,0.02085805,Proerythroblast
GCCAATTAGTAGCCAT-14-s4d8,GARQ,D11,3,40,38,17,0.0012259483,CD4+ T activated
TAGGCTTAGCAGCTCA-14-s4d8,GARQ,D11,3,40,38,17,0.09277773,CD8+ T
CTTGCATGTTCCGGGA-14-s4d8,GARQ,D11,3,40,38,23,0.23085272,cDC2
TTAAGGACACCAACCG-14-s4d8,GARQ,D11,3,40,38,31,0.13115972,CD4+ T activated
CAAACCGTCGTCCTTA-14-s4d8,GARQ,D11,3,40,38,1,0.087801576,CD4+ T activated
TAACCTAAGGACAACA-14-s4d8,GARQ,D11,3,40,38,27,0.03076458,Naive CD20+ B
AATTGACGTTCCTGTG-14-s4d8,GARQ,D11,3,40,38,26,0.2881155,CD8+ T
TCAGTAATCCTGGCTT-14-s4d8,GARQ,D11,3,40,38,26,0.21405745,CD8+ T
CTAGATTCACTGACCG-14-s4d8,GARQ,D11,3,40,38,17,0.107822955,CD8+ T
TAACCAGGTATTTGGG-14-s4d8,GARQ,D11,3,40,38,38,0.135602,CD8+ T
CGGTTTCTCAATCATG-14-s4d8,GARQ,D11,3,40,38,26,0.04213035,CD8+ T
CCTGTTGGTGACATGC-14-s4d8,GARQ,D11,3,40,38,14,0.10293555,Transitional B
GTTCACCTCGGTCAGC-14-s4d8,GARQ,D11,3,40,38,14,0.05678439,Transitional B
CTTGTCCAGTTTGGTA-14-s4d8,GARQ,D11,3,40,38,29,0.09820664,CD4+ T activated
CTGGTTACAGTTGCGT-14-s4d8,GARQ,D11,3,40,38,30,0.002027154,CD8+ T
GAATTTGTCCTGGTCT-14-s4d8,GARQ,D11,3,40,38,18,0.14777625,Lymph prog
CTCATTAGTAATCACG-14-s4d8,GARQ,D11,3,40,38,7,0.012298584,Erythroblast
CTAATTGAGGAGCATA-14-s4d8,GARQ,D11,3,40,38,14,0.02685368,B1 B
ACTCAGTAGATAAAGC-14-s4d8,GARQ,D11,3,40,38,26,0.15750766,CD8+ T
ATCCATAAGGAGGCAT-14-s4d8,GARQ,D11,3,40,38,27,0.029743552,Naive CD20+ B
CCTAAAGGTCACCAAA-14-s4d8,GARQ,D11,3,40,38,26,0.07461572,NK
CCTGATGAGCTTTGTT-14-s4d8,GARQ,D11,3,40,38,26,0.060842514,CD8+ T
AGCAATACAGCTACGT-14-s4d8,GARQ,D11,3,40,38,16,0.027708769,CD8+ T
GTTTAACCAATGCCCG-14-s4d8,GARQ,D11,3,40,38,26,0.12287831,CD8+ T
AACAGGATCCCTCTAA-14-s4d8,GARQ,D11,3,40,38,17,0.16897094,CD8+ T
GCCTCGACACAGGGAC-14-s4d8,GARQ,D11,3,40,38,36,0.065815926,MK/E prog
CCGACAGGTCCAAATG-14-s4d8,GARQ,D11,3,40,38,38,0.06978333,CD8+ T
CTATGTTTCGCCTAAG-14-s4d8,GARQ,D11,3,40,38,17,0.025690436,CD8+ T
GTAGGTGCACCTGCCT-14-s4d8,GARQ,D11,3,40,38,11,0.009885192,CD8+ T
TTCGTTAGTTGAAGCC-14-s4d8,GARQ,D11,3,40,38,17,0.14320397,CD8+ T
AAGTTACGTAGGTTAT-14-s4d8,GARQ,D11,3,40,38,38,0.11642909,CD8+ T
ACGCCACAGTAACTCA-14-s4d8,GARQ,D11,3,40,38,13,0.028302073,CD4+ T activated
GTATCGCCAGTTATGT-14-s4d8,GARQ,D11,3,40,38,18,0.024601817,Naive CD20+ B
GTCAAACTCTGGCAAT-14-s4d8,GARQ,D11,3,40,38,14,0.017947674,Transitional B
CGATATTCACCACAAC-14-s4d8,GARQ,D11,3,40,38,36,0.020112514,Erythroblast
AGGACGTAGCAAACCT-14-s4d8,GARQ,D11,3,40,38,20,0.055870175,CD8+ T
CCAATATCATGGTTAT-14-s4d8,GARQ,D11,3,40,38,14,0.14949143,Transitional B
GCGGATACAGGCTAGA-14-s4d8,GARQ,D11,3,40,38,27,0.046654165,B1 B
AGTAATGCACCAACCG-14-s4d8,GARQ,D11,3,40,38,16,0.03479737,CD8+ T
AAGCTAGAGGAACACA-14-s4d8,GARQ,D11,3,40,38,20,0.033759117,CD4+ T activated
CTGGACCAGTTAGACC-14-s4d8,GARQ,D11,3,40,38,27,0.06366205,Transitional B
GGCTTCAAGGAATAAC-14-s4d8,GARQ,D11,3,40,38,17,0.14584792,CD8+ T
ATATGTCCACCATATG-14-s4d8,GARQ,D11,3,40,38,38,0.079378486,CD8+ T
GTTTAGCAGGCTGGCT-14-s4d8,GARQ,D11,3,40,38,17,0.051460207,CD8+ T
AAGTTAGCAATTAACC-14-s4d8,GARQ,D11,3,40,38,17,0.048239112,CD8+ T
GGCTAGACAAGCTAAA-14-s4d8,GARQ,D11,3,40,38,15,0.05740869,cDC2
GGCGATACAAGGGTTG-14-s4d8,GARQ,D11,3,40,38,27,0.0130752325,Naive CD20+ B
AGAACCAAGTGAACGA-14-s4d8,GARQ,D11,3,40,38,27,0.159688,B1 B
CTCCTAATCCCATAAA-14-s4d8,GARQ,D11,3,40,38,38,0.032004476,CD8+ T
ATCCTGACAGCCTGCA-14-s4d8,GARQ,D11,3,40,38,7,0.034929514,Erythroblast
TGGCCTGCAATAACGA-14-s4d8,GARQ,D11,3,40,38,37,0.010423362,NK
GATGCAGCAAACTAAG-14-s4d8,GARQ,D11,3,40,38,26,0.24530458,CD8+ T
TATCCAGCACTTCACT-14-s4d8,GARQ,D11,3,40,38,17,0.019724846,CD8+ T
GGGTTACGTTAAGCCA-14-s4d8,GARQ,D11,3,40,38,14,0.02654618,Lymph prog
ATGTAAGCAGAAATGC-14-s4d8,GARQ,D11,3,40,38,29,0.12597156,CD8+ T
ACTTGCACATTATGAC-14-s4d8,GARQ,D11,3,40,38,38,0.039334297,CD8+ T
AGGTGAGGTTACCGGG-14-s4d8,GARQ,D11,3,40,38,7,0.009036303,Proerythroblast
GGTGAGCCATGACTAT-14-s4d8,GARQ,D11,3,40,38,18,0.20506167,Naive CD20+ B
GATAAAGGTTAGTACG-14-s4d8,GARQ,D11,3,40,38,38,0.24943185,CD8+ T
TTGGAGGCATGTCGCG-14-s4d8,GARQ,D11,3,40,38,17,0.1314069,CD8+ T
AGCACTAGTGGTTCTT-14-s4d8,GARQ,D11,3,40,38,38,0.059994698,CD8+ T
AGGGCCTTCTTTGTAC-14-s4d8,GARQ,D11,3,40,38,11,0.02729702,CD8+ T
CTAAGGTTCAAACACC-14-s4d8,GARQ,D11,3,40,38,6,0.036824703,CD4+ T activated
CAGCCAATCACAGACT-14-s4d8,GARQ,D11,3,40,38,36,0.048128605,Proerythroblast
TCATTGCGTTGTTGCT-14-s4d8,GARQ,D11,3,40,38,7,0.10269773,Proerythroblast
TTGGGCGGTGTTTGCT-14-s4d8,GARQ,D11,3,40,38,23,0.43554866,MK/E prog
AGGCTAAAGGGTTAGA-14-s4d8,GARQ,D11,3,40,38,38,0.04682839,CD4+ T activated
TATATCCTCGAGGAGT-14-s4d8,GARQ,D11,3,40,38,17,0.14290524,CD8+ T
TATCGCGAGTGAAGTG-14-s4d8,GARQ,D11,3,40,38,29,0.16354334,CD4+ T activated
TTTGCGGAGGATTTGC-14-s4d8,GARQ,D11,3,40,38,38,0.037276983,CD8+ T
TACATCAAGGCAATAG-14-s4d8,GARQ,D11,3,40,38,5,0.0069648027,Transitional B
CCGCTAAAGTTGGGCC-14-s4d8,GARQ,D11,3,40,38,17,0.003218472,CD8+ T
TATCACAAGCTAAGTC-14-s4d8,GARQ,D11,3,40,38,26,0.095650375,CD4+ T activated
TACGCTTGTGTTGCAA-14-s4d8,GARQ,D11,3,40,38,27,0.13628483,Naive CD20+ B
TTGGATCAGTCAATTG-14-s4d8,GARQ,D11,3,40,38,27,0.1663568,B1 B
TGGACGGAGTGATTCA-14-s4d8,GARQ,D11,3,40,38,37,0.03357601,CD8+ T
GCTATTGCAAGCTAAA-14-s4d8,GARQ,D11,3,40,38,18,0.27098417,Naive CD20+ B
ACTGAAACAGCCGCTA-14-s4d8,GARQ,D11,3,40,38,38,0.038698196,CD8+ T
TCAGGTCCACATTGCA-14-s4d8,GARQ,D11,3,40,38,11,0.10139167,CD8+ T
TCTATGTTCGCTCCAT-14-s4d8,GARQ,D11,3,40,38,26,0.20275307,CD8+ T
TCCTGTTCATTGACAT-14-s4d8,GARQ,D11,3,40,38,17,0.03335321,CD8+ T
ATGAGCCGTACCGGAT-14-s4d8,GARQ,D11,3,40,38,36,0.09213245,Proerythroblast
AAGTCTATCACCGGTA-14-s4d8,GARQ,D11,3,40,38,26,0.08945775,CD4+ T activated
ACACTTAAGTTTGGGT-14-s4d8,GARQ,D11,3,40,38,27,0.050667524,Naive CD20+ B
CAATCCCTCAATGACC-14-s4d8,GARQ,D11,3,40,38,19,0.18354917,cDC2
CTGTGTGAGACACTTA-14-s4d8,GARQ,D11,3,40,38,27,0.018140674,Naive CD20+ B
CCTGATGAGCTTGCTC-14-s4d8,GARQ,D11,3,40,38,19,0.008006096,G/M prog
AAAGCAAGTGTTGCTT-14-s4d8,GARQ,D11,3,40,38,7,0.019395947,MK/E prog
TCGGTTACAACCTAAT-14-s4d8,GARQ,D11,3,40,38,27,0.025784016,B1 B
CGAAGCCTCCTTGAGG-14-s4d8,GARQ,D11,3,40,38,14,0.24579561,Transitional B
CCTATAGCACCAGGTT-14-s4d8,GARQ,D11,3,40,38,36,0.035476208,Proerythroblast
ACGCCACAGGGCTTTG-14-s4d8,GARQ,D11,3,40,38,30,0.09764975,CD8+ T
GTTTATCTCCTAAGTA-14-s4d8,GARQ,D11,3,40,38,18,0.13558769,Transitional B
TTGCTCTCAGCAACCT-14-s4d8,GARQ,D11,3,40,38,27,0.054445624,Naive CD20+ B
TTGGATCAGTAGGATG-14-s4d8,GARQ,D11,3,40,38,26,0.025957584,CD8+ T
TTGTCAAAGGGTTATC-14-s4d8,GARQ,D11,3,40,38,11,0.01968944,Plasma cell
CGAAGCGAGGTCCGTA-14-s4d8,GARQ,D11,3,40,38,29,0.11891186,CD8+ T
CCGTTACTCATTGACA-14-s4d8,GARQ,D11,3,40,38,26,0.15784025,CD8+ T
TTAGTCAAGTTTCCGC-14-s4d8,GARQ,D11,3,40,38,17,0.082868695,CD8+ T
ATGCTTAAGCATGAAG-14-s4d8,GARQ,D11,3,40,38,20,0.10784656,CD4+ T naive
TCTCACCAGGTAAGGC-14-s4d8,GARQ,D11,3,40,38,14,0.021929383,Naive CD20+ B
CCCTAATGTACCCACC-14-s4d8,GARQ,D11,3,40,38,17,0.003194809,CD8+ T
GCTAGCGGTGCGCAAT-14-s4d8,GARQ,D11,3,40,38,26,0.043699026,CD8+ T
TCCTCACAGCTGCACA-14-s4d8,GARQ,D11,3,40,38,18,0.0077853203,B1 B
GGACTAAAGTTTGGTA-14-s4d8,GARQ,D11,3,40,38,38,0.011110306,CD8+ T
CTCACTCAGAATCGCT-14-s4d8,GARQ,D11,3,40,38,7,0.049268723,Proerythroblast
TAGTTTGAGGCATGAA-14-s4d8,GARQ,D11,3,40,38,17,0.12745619,CD8+ T
GTACACCCATCCATCT-14-s4d8,GARQ,D11,3,40,38,29,0.11677623,CD8+ T
TGCGCGAGTGTTTCAC-14-s4d8,GARQ,D11,3,40,38,18,0.14992303,Proerythroblast
TTTGTGGCACACCAAC-14-s4d8,GARQ,D11,3,40,38,14,0.031415045,B1 B
ATGAAGCCACCTGCCT-14-s4d8,GARQ,D11,3,40,38,7,0.002855301,Proerythroblast
CCATTGTGTATCTGGA-14-s4d8,GARQ,D11,3,40,38,16,0.010342956,CD4+ T activated
CATGCAAGTGCTGTAA-14-s4d8,GARQ,D11,3,40,38,27,0.05687523,Naive CD20+ B
TAGCAGGCAATTTGGT-14-s4d8,GARQ,D11,3,40,38,36,0.00031769276,Proerythroblast
ATAAGTCGTTCAAGCA-14-s4d8,GARQ,D11,3,40,38,27,0.033249855,B1 B
GTAGCGCTCGTTAGTA-14-s4d8,GARQ,D11,3,40,38,7,0.018039703,Proerythroblast
CGGATTAGTAGGTTTG-14-s4d8,GARQ,D11,3,40,38,38,0.027975738,CD8+ T
GCTGTACCAGCAAGAT-14-s4d8,GARQ,D11,3,40,38,7,0.02392459,Normoblast
TCGTTAAAGCAAGGGT-14-s4d8,GARQ,D11,3,40,38,20,9.691715e-05,CD4+ T activated
TCTATGTTCATTGTCT-14-s4d8,GARQ,D11,3,40,38,16,0.07842541,CD8+ T
ATGGACAAGCTGGAAA-14-s4d8,GARQ,D11,3,40,38,37,0.000764966,CD8+ T
AACCTAATCGAGCAAA-14-s4d8,GARQ,D11,3,40,38,38,0.10571343,CD8+ T
CTCTAAGCAGGTCCTG-14-s4d8,GARQ,D11,3,40,38,38,0.16220474,CD8+ T
AAACCGGCAGGACCTT-14-s4d8,GARQ,D11,3,40,38,36,0.009103537,Erythroblast
AATAACCGTTCAAGCA-14-s4d8,GARQ,D11,3,40,38,23,0.35576463,HSC
ATTGCACAGCTATGAC-14-s4d8,GARQ,D11,3,40,38,26,0.23743218,CD8+ T
ACCAGGGAGTAGCTTA-14-s4d8,GARQ,D11,3,40,38,7,0.043709993,Erythroblast
GTACTGGTCTGGTCCT-14-s4d8,GARQ,D11,3,40,38,26,0.27221656,CD8+ T
CATAGACTCGGTTCCT-14-s4d8,GARQ,D11,3,40,38,5,0.012223184,Naive CD20+ B
CGCATTTGTTGTTCAC-14-s4d8,GARQ,D11,3,40,38,29,0.21629441,CD8+ T
GTGCGGTTCTGGCATG-14-s4d8,GARQ,D11,3,40,38,38,0.00041610003,CD4+ T activated
GATCAGTTCGGGACCT-14-s4d8,GARQ,D11,3,40,38,16,0.07613355,NK
TATGAAGCAAGGATTA-14-s4d8,GARQ,D11,3,40,38,19,0.015443265,Lymph prog
TCATTGCGTAAGCTCA-14-s4d8,GARQ,D11,3,40,38,18,0.005437851,B1 B
GGCGGTAAGCCTCTGT-14-s4d8,GARQ,D11,3,40,38,27,0.11293149,B1 B
CAAAGCGCATGAAATG-14-s4d8,GARQ,D11,3,40,38,30,0.0017468929,CD4+ T activated
TACCAGGTCGGGACTC-14-s4d8,GARQ,D11,3,40,38,38,0.0014246702,CD8+ T
TCCATATTCTACTAAG-14-s4d8,GARQ,D11,3,40,38,18,0.04679489,Naive CD20+ B
GTTCTCATCCATTACT-14-s4d8,GARQ,D11,3,40,38,13,0.009889543,CD4+ T naive
GGATTATGTAGGTTAT-14-s4d8,GARQ,D11,3,40,38,17,0.07221174,CD8+ T
AAAGCCCGTTGGTTCT-14-s4d8,GARQ,D11,3,40,38,16,0.007376194,CD8+ T
GACTCACCAAGGTAAC-14-s4d8,GARQ,D11,3,40,38,14,0.0105525255,Naive CD20+ B
CACGCTAAGGCGAAAC-14-s4d8,GARQ,D11,3,40,38,13,0.14782375,CD4+ T activated
TCCCGGACAATCCTGA-14-s4d8,GARQ,D11,3,40,38,30,0.051165342,CD8+ T
TTAGGCGTCGGTAACT-14-s4d8,GARQ,D11,3,40,38,18,0.055937767,Lymph prog
CTGCTATGTTGTTGTC-14-s4d8,GARQ,D11,3,40,38,17,0.0009598732,CD4+ T activated
GAGGCTTGTTCCTGTG-14-s4d8,GARQ,D11,3,40,38,26,0.046687245,NK
CATTCCTCAATCCTAG-14-s4d8,GARQ,D11,3,40,38,7,0.03793454,HSC
TGAGCAAAGGGACGCA-14-s4d8,GARQ,D11,3,40,38,36,0.08895695,Proerythroblast
GGTGAGGTCCTTCGTA-14-s4d8,GARQ,D11,3,40,38,26,0.088166,CD8+ T
AAAGGTTAGCATTTCT-14-s4d8,GARQ,D11,3,40,38,38,0.17606074,CD8+ T
GGCTTCAAGCTGTCAG-14-s4d8,GARQ,D11,3,40,38,18,0.09159446,B1 B
TATAGGTGTACCGAAC-14-s4d8,GARQ,D11,3,40,38,11,0.07495713,NK
GCCTACTTCTTGTCCA-14-s4d8,GARQ,D11,3,40,38,38,0.037831187,CD8+ T
GGGCATTGTACTTAGG-14-s4d8,GARQ,D11,3,40,38,30,0.010952711,CD8+ T
CCAGACTCAATTTAGC-14-s4d8,GARQ,D11,3,40,38,7,0.010155678,Proerythroblast
TATGACTCAGCTTACA-14-s4d8,GARQ,D11,3,40,38,27,0.08853984,Naive CD20+ B
ACACTTAAGCGGTTAT-14-s4d8,GARQ,D11,3,40,38,14,0.027207732,Transitional B
AACGACAAGTGTTGCG-14-s4d8,GARQ,D11,3,40,38,6,0.08805394,CD4+ T activated
AAAGCGGGTCAATAGT-14-s4d8,GARQ,D11,3,40,38,26,0.041348934,CD8+ T
AGGTCTTAGTTGCGTG-14-s4d8,GARQ,D11,3,40,38,26,0.058163762,CD8+ T
CAATCCTGTTAGGTTG-14-s4d8,GARQ,D11,3,40,38,7,0.018837094,Normoblast
CTCGTTATCCGCCTCA-14-s4d8,GARQ,D11,3,40,38,26,0.14248538,CD8+ T
GTACTTCGTAAGCTTG-14-s4d8,GARQ,D11,3,40,38,1,0.02188319,CD4+ T naive
CAACCCGCAATTGAAG-14-s4d8,GARQ,D11,3,40,38,26,0.12412357,CD8+ T
CTTTAGGCAATATGGA-14-s4d8,GARQ,D11,3,40,38,36,0.08100891,Proerythroblast
ACCAGCTCACACAATT-14-s4d8,GARQ,D11,3,40,38,11,0.06052053,NK
ACGAGTAAGCTAATTG-14-s4d8,GARQ,D11,3,40,38,17,0.026196837,NK
TGACTTAAGGGTTATC-14-s4d8,GARQ,D11,3,40,38,18,0.029707432,Lymph prog
AACGACAAGTATCGCG-14-s4d8,GARQ,D11,3,40,38,27,0.07867849,Naive CD20+ B
ACCCGCTGTTTGGGTA-14-s4d8,GARQ,D11,3,40,38,26,0.083860874,CD8+ T
GCAATCTAGGCCAATT-14-s4d8,GARQ,D11,3,40,38,38,0.050804615,CD8+ T
AGAGGATGTCGTAATG-14-s4d8,GARQ,D11,3,40,38,39,0.080262125,Lymph prog
CAATGAACAAGGGTTG-14-s4d8,GARQ,D11,3,40,38,2,0.058958888,CD4+ T naive
GCACTAAGTACTGAAT-14-s4d8,GARQ,D11,3,40,38,18,0.01600033,Naive CD20+ B
GGCATTAGTAATAGCT-14-s4d8,GARQ,D11,3,40,38,18,0.17123032,Transitional B
TTTGAGTCAAGCCAGA-14-s4d8,GARQ,D11,3,40,38,7,0.03198695,Erythroblast
TTGCCCGTCTAGCGTG-14-s4d8,GARQ,D11,3,40,38,27,0.0034070015,Transitional B
GGCGTTATCATGACCG-14-s4d8,GARQ,D11,3,40,38,17,0.012426019,CD4+ T activated
TAGCTAGGTAGCAGCT-14-s4d8,GARQ,D11,3,40,38,23,0.0067695975,HSC
CTCAATAAGGTTACGT-14-s4d8,GARQ,D11,3,40,38,27,0.022886157,B1 B
TTCAGTTTCATGAGCT-14-s4d8,GARQ,D11,3,40,38,18,0.18003845,B1 B
TCTAACTTCCTAAGTA-14-s4d8,GARQ,D11,3,40,38,11,0.004036784,CD8+ T
TTGCACACATCTTGAG-14-s4d8,GARQ,D11,3,40,38,23,0.5170569,G/M prog
AGTAACCTCGATTTGA-14-s4d8,GARQ,D11,3,40,38,17,0.23392427,CD8+ T
CATATCGCAGCTTACA-14-s4d8,GARQ,D11,3,40,38,14,0.089749575,Transitional B
TCGACAAGTTTCGCCA-14-s4d8,GARQ,D11,3,40,38,36,0.014338732,Proerythroblast
CGGCCATAGCTGAGGG-14-s4d8,GARQ,D11,3,40,38,37,0.11390364,CD8+ T
GTTGGCCAGCAGGTGG-14-s4d8,GARQ,D11,3,40,38,17,0.06279653,CD8+ T
CTATGATCAGTACCGT-14-s4d8,GARQ,D11,3,40,38,19,0.059007823,MK/E prog
AGCTATATCGTTATAG-14-s4d8,GARQ,D11,3,40,38,29,0.034315586,CD4+ T activated
GTTTGTAAGTGAACAG-14-s4d8,GARQ,D11,3,40,38,36,0.0096075535,Proerythroblast
ACCAAGTTCGTTAACA-14-s4d8,GARQ,D11,3,40,38,17,0.09041369,CD8+ T
CATTGTGCAACAGGTG-14-s4d8,GARQ,D11,3,40,38,26,0.05672753,CD8+ T
CATAATCCAATGCCTA-14-s4d8,GARQ,D11,3,40,38,18,0.14234537,B1 B
TAGGAGTCAGGACCAA-14-s4d8,GARQ,D11,3,40,38,36,0.040636778,Proerythroblast
ACAGTATGTAGTTAAC-14-s4d8,GARQ,D11,3,40,38,15,0.060322642,CD16+ Mono
GTTGCGGGTCTTTGAC-14-s4d8,GARQ,D11,3,40,38,18,0.08438969,Lymph prog
ACAGGCTGTCACAGAC-14-s4d8,GARQ,D11,3,40,38,26,0.0054587126,CD8+ T
GATGGACAGTGCACGC-14-s4d8,GARQ,D11,3,40,38,7,0.05084324,Erythroblast
AAGTGTTGTTGCAATG-14-s4d8,GARQ,D11,3,40,38,29,0.028813243,CD4+ T activated
TCAGTGAGTGGGAACA-14-s4d8,GARQ,D11,3,40,38,29,0.0130188465,CD8+ T
GCCGTGAGTGCTCCGT-14-s4d8,GARQ,D11,3,40,38,17,0.013136923,CD8+ T
TGCGCAGGTGAATCGC-14-s4d8,GARQ,D11,3,40,38,27,0.041880608,Transitional B
ACAACAGAGTTGCGTG-14-s4d8,GARQ,D11,3,40,38,17,0.2005912,CD8+ T
GAACTTATCCCTTGCG-14-s4d8,GARQ,D11,3,40,38,14,0.019586265,Naive CD20+ B
GACTTAGGTTAGCCAA-14-s4d8,GARQ,D11,3,40,38,7,0.055915833,Normoblast
AAGGCCCTCTTTGAGA-14-s4d8,GARQ,D11,3,40,38,17,0.037115037,CD4+ T activated
GCAACAGCATTGTCAG-14-s4d8,GARQ,D11,3,40,38,27,0.003471017,Naive CD20+ B
ATTCAACCATCACAGC-14-s4d8,GARQ,D11,3,40,38,18,0.08088744,cDC2
TGGCGGTTCTTGCTAT-14-s4d8,GARQ,D11,3,40,38,5,0.03518176,Lymph prog
CGTTAGGTCTGTTCAT-14-s4d8,GARQ,D11,3,40,38,38,0.03988695,CD8+ T
TTCTTAGGTTCCTGTG-14-s4d8,GARQ,D11,3,40,38,38,0.18285644,CD8+ T
GACATAGAGCGATAAG-14-s4d8,GARQ,D11,3,40,38,27,0.20371228,Transitional B
GACGCAACAATTGAGA-14-s4d8,GARQ,D11,3,40,38,14,0.0018486977,Naive CD20+ B
TGCAATATCTTGCAAA-14-s4d8,GARQ,D11,3,40,38,21,0.020873904,CD8+ T
TAACCAGGTTACAACG-14-s4d8,GARQ,D11,3,40,38,17,0.017573237,CD4+ T activated
CGAAGTAAGTATTGGC-14-s4d8,GARQ,D11,3,40,38,14,0.027290344,Naive CD20+ B
GCGGGTTTCACTTTAC-14-s4d8,GARQ,D11,3,40,38,17,0.0336771,CD8+ T
TGCATGAGTTGCATCT-14-s4d8,GARQ,D11,3,40,38,27,0.014019132,Naive CD20+ B
GACCGAACAGGACCAA-14-s4d8,GARQ,D11,3,40,38,7,0.012118936,Proerythroblast
CCAGCCTGTGTTGCAA-14-s4d8,GARQ,D11,3,40,38,19,0.08340132,Lymph prog
CCTATATTCCGCTAGA-14-s4d8,GARQ,D11,3,40,38,36,0.08469415,Proerythroblast
TATAACCCAGTAGCCT-14-s4d8,GARQ,D11,3,40,38,36,0.05034685,Lymph prog
TATAGCCAGCATGCAT-14-s4d8,GARQ,D11,3,40,38,29,0.15889215,CD4+ T activated
GGCCATCAGTTTCCTG-14-s4d8,GARQ,D11,3,40,38,30,0.063494205,NK
GGCGATACAGTAATAG-14-s4d8,GARQ,D11,3,40,38,26,0.2671113,CD8+ T
GCCCATAAGCATGAAG-14-s4d8,GARQ,D11,3,40,38,7,0.0054605007,Proerythroblast
CGTTGCGCATAAGTCT-14-s4d8,GARQ,D11,3,40,38,29,0.16269982,CD4+ T activated
TACTAAGTCCACCCTG-14-s4d8,GARQ,D11,3,40,38,26,0.09678209,CD8+ T
ACTCACTGTCTCACTG-14-s4d8,GARQ,D11,3,40,38,36,0.033326745,Erythroblast
CTAACCACAACTAACT-14-s4d8,GARQ,D11,3,40,38,17,0.007748544,CD8+ T
TATCGCACAGCTCAAC-14-s4d8,GARQ,D11,3,40,38,27,0.10212278,Naive CD20+ B
TCGGTAAGTAATCGGC-14-s4d8,GARQ,D11,3,40,38,29,0.07016635,CD8+ T
TTAGCTGCAGCAATAA-14-s4d8,GARQ,D11,3,40,38,37,0.02256918,CD8+ T
GAACCTTAGTCGCTAG-14-s4d8,GARQ,D11,3,40,38,38,0.040489912,CD4+ T activated
GTGTCCAAGTCTCACC-14-s4d8,GARQ,D11,3,40,38,5,0.009054065,Transitional B
TATGGTCAGTTATGTG-14-s4d8,GARQ,D11,3,40,38,17,0.18727577,CD4+ T activated
CAATGTCAGGTACCGC-14-s4d8,GARQ,D11,3,40,38,27,0.05280167,Plasma cell
CGCATTACAGCCAGTT-14-s4d8,GARQ,D11,3,40,38,36,0.029936194,Proerythroblast
TTATTGCTCACAGCCA-14-s4d8,GARQ,D11,3,40,38,30,0.021090388,CD8+ T
AGGTTTATCATTACAG-14-s4d8,GARQ,D11,3,40,38,18,0.039283514,Naive CD20+ B
CGCACCACATGTTGCA-14-s4d8,GARQ,D11,3,40,38,18,0.05908084,Transitional B
GATTATGTCCCGAACA-14-s4d8,GARQ,D11,3,40,38,38,0.29682946,CD8+ T
CTATGGCCATCTAGCA-14-s4d8,GARQ,D11,3,40,38,7,0.013532639,Erythroblast
TACAATGTCCTTGAGG-14-s4d8,GARQ,D11,3,40,38,17,0.054196,CD8+ T
GGCCTTCGTTTCCGGC-14-s4d8,GARQ,D11,3,40,38,30,0.016019702,CD8+ T
CTCAATAAGTCATGCG-14-s4d8,GARQ,D11,3,40,38,37,0.018827438,CD8+ T
GCATGAGCAAGCTAAA-14-s4d8,GARQ,D11,3,40,38,17,0.017417192,CD4+ T activated
GGTACTAGTATTGTCC-14-s4d8,GARQ,D11,3,40,38,29,0.12334454,CD8+ T
GCTGATCCACTTCATC-14-s4d8,GARQ,D11,3,40,38,14,0.05265093,Transitional B
GCCATTACACCTCACC-14-s4d8,GARQ,D11,3,40,38,14,0.04989314,Transitional B
GCCTATTGTAAGCACC-14-s4d8,GARQ,D11,3,40,38,38,0.0062172413,CD8+ T
AATTAGCGTATTGGTG-14-s4d8,GARQ,D11,3,40,38,27,0.06520367,Transitional B
AACGACAAGGCCTAAT-14-s4d8,GARQ,D11,3,40,38,20,0.10912627,CD4+ T activated
CCAGCTGCAAATGCCC-14-s4d8,GARQ,D11,3,40,38,38,0.10946071,CD8+ T
AGGTGAATCCCTCTAA-14-s4d8,GARQ,D11,3,40,38,26,0.010732889,NK
GAACCTTAGTATTGGC-14-s4d8,GARQ,D11,3,40,38,9,0.0057588816,CD4+ T naive
ACCTGGATCCCAGTAG-14-s4d8,GARQ,D11,3,40,38,27,0.23979592,B1 B
CAAGCTAGTGAGGTGA-14-s4d8,GARQ,D11,3,40,38,17,0.09306079,CD8+ T
AGGTTTATCGTTAAGC-14-s4d8,GARQ,D11,3,40,38,5,0.017876863,Naive CD20+ B
TTCCTCAAGTCATTAG-14-s4d8,GARQ,D11,3,40,38,15,0.14805937,CD16+ Mono
AGTTGCGTCCGCAAGC-14-s4d8,GARQ,D11,3,40,38,17,0.068223,CD8+ T
CCGCTTAGTTAGCAGC-14-s4d8,GARQ,D11,3,40,38,27,0.10529888,Naive CD20+ B
AACAGGATCAGGCCTA-14-s4d8,GARQ,D11,3,40,38,14,0.28253126,Transitional B
AATTGACGTCCGGTTC-14-s4d8,GARQ,D11,3,40,38,30,0.018454075,CD8+ T
GAGTATCTCTGTAATG-14-s4d8,GARQ,D11,3,40,38,17,0.03608197,NK
CTTGCTCAGGCCTAAT-14-s4d8,GARQ,D11,3,40,38,1,0.05210817,CD4+ T naive
TCCGGAATCAATACGC-14-s4d8,GARQ,D11,3,40,38,17,0.03325367,CD8+ T
TCCATTGTCCCTCAAC-14-s4d8,GARQ,D11,3,40,38,29,0.071246386,CD8+ T
AGTTTGCAGGCGAATA-14-s4d8,GARQ,D11,3,40,38,26,0.05353284,CD8+ T
GCCTTTGGTAAGCTCA-14-s4d8,GARQ,D11,3,40,38,18,0.14760685,Lymph prog
CATAATGTCTTAGTCT-14-s4d8,GARQ,D11,3,40,38,27,0.0950439,Naive CD20+ B
TACTAAGTCCTTGAGG-14-s4d8,GARQ,D11,3,40,38,1,0.08976585,CD8+ T
CTCCGTCCACCTAATG-14-s4d8,GARQ,D11,3,40,38,7,0.004194021,Erythroblast
CATCCTGGTTACAACG-14-s4d8,GARQ,D11,3,40,38,17,0.15638292,CD8+ T
CCAGTTTGTCTTTGAC-14-s4d8,GARQ,D11,3,40,38,38,0.019248247,CD8+ T
ACTTGAATCATCACTT-14-s4d8,GARQ,D11,3,40,38,7,0.06803954,Normoblast
TCACGGATCCAGGTTG-14-s4d8,GARQ,D11,3,40,38,17,0.04967779,CD8+ T
CCTCAATGTGAGCACT-14-s4d8,GARQ,D11,3,40,38,34,0.023944616,CD8+ T
AGTAAGTAGGTGAAGC-14-s4d8,GARQ,D11,3,40,38,17,0.044698477,CD8+ T
ACGAAGTCATCACAGC-14-s4d8,GARQ,D11,3,40,38,27,0.08089554,Naive CD20+ B
TGTGGCGGTTACGCGG-14-s4d8,GARQ,D11,3,40,38,18,0.13292325,Lymph prog
AAAGCCCGTAAGCTCA-14-s4d8,GARQ,D11,3,40,38,36,0.010582268,Erythroblast
TACAACATCATGTGGT-14-s4d8,GARQ,D11,3,40,38,7,0.0030694008,Proerythroblast
TGATTGCAGTAAGTGG-14-s4d8,GARQ,D11,3,40,38,1,0.00969398,CD4+ T activated
ATAGGTACATTGTGCA-14-s4d8,GARQ,D11,3,40,38,38,0.017939568,CD8+ T
CCGGTAGGTTAGCTGA-14-s4d8,GARQ,D11,3,40,38,38,0.0027881265,CD4+ T activated
TATGCATCACAACAAA-14-s4d8,GARQ,D11,3,40,38,17,0.17912328,CD8+ T
ACAGGAATCATGCATA-14-s4d8,GARQ,D11,3,40,38,36,0.0071177483,Proerythroblast
AGGTCCGGTTTGGGCG-14-s4d8,GARQ,D11,3,40,38,7,0.048062444,Proerythroblast
AAGCTCCCAATTAACC-14-s4d8,GARQ,D11,3,40,38,27,0.038383186,Transitional B
CATTCCTCATAATCAC-14-s4d8,GARQ,D11,3,40,38,17,0.048282504,CD4+ T activated
TGTTCATTCACTAGGT-14-s4d8,GARQ,D11,3,40,38,36,0.014166474,Proerythroblast
ACCTACCTCGGTAACT-14-s4d8,GARQ,D11,3,40,38,27,0.11657667,Naive CD20+ B
TTTGGTAAGCCTGTGA-14-s4d8,GARQ,D11,3,40,38,29,0.12751412,CD8+ T
TTGACTAAGGGTGAAC-14-s4d8,GARQ,D11,3,40,38,26,0.21390486,CD8+ T
GAGTTTGGTGTAATAC-14-s4d8,GARQ,D11,3,40,38,26,0.15327096,CD8+ T
CTCCGGACACCTGGTG-14-s4d8,GARQ,D11,3,40,38,27,0.3362614,Naive CD20+ B
CCTTAGTGTTAACAGT-14-s4d8,GARQ,D11,3,40,38,17,0.098293304,CD4+ T activated
CGCAAATTCGGGCCAT-14-s4d8,GARQ,D11,3,40,38,14,0.012796998,Lymph prog
TGCTTCCAGGGACTAA-14-s4d8,GARQ,D11,3,40,38,26,0.16791415,CD8+ T
CAAGAACCAGGACCAA-14-s4d8,GARQ,D11,3,40,38,17,0.050518036,CD8+ T
ACTCACCTCAACCAAC-14-s4d8,GARQ,D11,3,40,38,17,0.14283276,CD8+ T
AAACCGCGTTATCCTA-14-s4d8,GARQ,D11,3,40,38,18,0.18687797,cDC2
TCCTTCAAGTAACCCG-14-s4d8,GARQ,D11,3,40,38,14,0.31221533,Transitional B
CTTCAAGCAAGCTTTG-14-s4d8,GARQ,D11,3,40,38,36,0.03267181,Proerythroblast
TCATGTTTCCGCTAGA-14-s4d8,GARQ,D11,3,40,38,7,0.03895533,cDC2
GGCTCACAGTCTGGGC-14-s4d8,GARQ,D11,3,40,38,36,0.06345272,Proerythroblast
TGCTTCATCTAAGGTC-14-s4d8,GARQ,D11,3,40,38,5,0.12353861,CD16+ Mono
GATGCATTCATAATCG-14-s4d8,GARQ,D11,3,40,38,1,0.049034715,CD8+ T
CATAATGTCCGCCTCA-14-s4d8,GARQ,D11,3,40,38,7,0.016573906,Proerythroblast
TTTACGCGTAACGAGG-14-s4d8,GARQ,D11,3,40,38,7,0.020534039,MK/E prog
AGAAAGGCAGTAAGTA-14-s4d8,GARQ,D11,3,40,38,36,0.03076744,Proerythroblast
TGACCTTGTTCCTGAT-14-s4d8,GARQ,D11,3,40,38,19,0.10802698,G/M prog
CGAGTCGGTTCACCCA-14-s4d8,GARQ,D11,3,40,38,20,0.08774662,CD8+ T
CGCATTACATTGTCCT-14-s4d8,GARQ,D11,3,40,38,14,0.14993852,Lymph prog
GATAATCGTTTCCTCC-14-s4d8,GARQ,D11,3,40,38,18,0.12632346,Lymph prog
GTAGGCGAGGCCTGGT-14-s4d8,GARQ,D11,3,40,38,29,0.057493567,CD8+ T
GCCACACAGCTATGAC-14-s4d8,GARQ,D11,3,40,38,38,0.21294057,CD8+ T
CGTGTTACACCAGGTT-14-s4d8,GARQ,D11,3,40,38,26,0.045706153,CD8+ T
TAGTAACGTGTTTGCT-14-s4d8,GARQ,D11,3,40,38,38,0.046398044,NK
TTCAGTTTCTCAATGA-14-s4d8,GARQ,D11,3,40,38,26,0.14294612,CD8+ T
CCCAGCACATCAGCAC-14-s4d8,GARQ,D11,3,40,38,17,0.0017352104,CD8+ T
CAGCTCAAGTCTCACC-14-s4d8,GARQ,D11,3,40,38,27,0.034778,Naive CD20+ B
GGTTCCCGTTAACAGT-14-s4d8,GARQ,D11,3,40,38,18,0.013289332,Naive CD20+ B
CGTGCACAGGCTAATC-14-s4d8,GARQ,D11,3,40,38,38,0.06437528,CD8+ T
CACATTAAGGCATGTT-14-s4d8,GARQ,D11,3,40,38,11,0.11978912,CD8+ T
CCCAGTTTCGTACCGA-14-s4d8,GARQ,D11,3,40,38,38,0.06585908,CD8+ T
GCGAAGTAGAGAGCCG-14-s4d8,GARQ,D11,3,40,38,26,0.030990124,CD8+ T
TGATCGAGTGTAACCA-14-s4d8,GARQ,D11,3,40,38,38,0.017527819,CD8+ T
CCAACATAGTTAGTTG-14-s4d8,GARQ,D11,3,40,38,36,0.050735235,Proerythroblast
ACTTATGAGACAAGTG-14-s4d8,GARQ,D11,3,40,38,17,0.16238272,CD8+ T
GCATGAGCACAGCCTG-14-s4d8,GARQ,D11,3,40,38,17,0.09958494,CD8+ T
TACCGAAGTAGCCATA-14-s4d8,GARQ,D11,3,40,38,5,0.058889747,CD16+ Mono
TAATTGCCAACGTGCT-14-s4d8,GARQ,D11,3,40,38,26,0.05322796,Lymph prog
AAGAATCAGTCTGGGC-14-s4d8,GARQ,D11,3,40,38,27,0.047851205,Naive CD20+ B
AGCCTAAGTGCGCAAT-14-s4d8,GARQ,D11,3,40,38,38,0.08056176,CD8+ T
GATTGGCGTACCAGGT-14-s4d8,GARQ,D11,3,40,38,26,0.054604888,NK
ATAGATGCAGGAACCA-14-s4d8,GARQ,D11,3,40,38,36,0.015389323,Proerythroblast
GGTCATTAGGAAGTAT-14-s4d8,GARQ,D11,3,40,38,37,0.049364686,CD8+ T
CCAGCTAAGAACAAGT-14-s4d8,GARQ,D11,3,40,38,27,0.07167542,Naive CD20+ B
CCTTACTCATGAATCT-14-s4d8,GARQ,D11,3,40,38,13,0.06645012,CD4+ T naive
GGTATTGGTACGTTTC-14-s4d8,GARQ,D11,3,40,38,17,0.06350994,CD8+ T
ATATGGTGTAAATTGC-14-s4d8,GARQ,D11,3,40,38,36,0.006138563,Proerythroblast
CACATACAGGGTTATC-14-s4d8,GARQ,D11,3,40,38,17,0.43053007,CD8+ T
TCTTGTCCACCTCAGG-14-s4d8,GARQ,D11,3,40,38,4,0.05150217,CD8+ T
TACAATGTCCTAATTC-14-s4d8,GARQ,D11,3,40,38,1,0.016754866,CD4+ T naive
CTCCTCACAATTTAGC-14-s4d8,GARQ,D11,3,40,38,27,0.16710806,B1 B
CGTGACATCACTAGGT-14-s4d8,GARQ,D11,3,40,38,17,0.15694213,CD8+ T
CAATGAACATTCAGCA-14-s4d8,GARQ,D11,3,40,38,24,0.03193152,CD4+ T activated
CCGTTGCGTTACATCC-14-s4d8,GARQ,D11,3,40,38,36,0.08545613,Proerythroblast
AGTGTGGCATTAAGTC-14-s4d8,GARQ,D11,3,40,38,26,0.16615337,NK
CTAGCTGAGTGAAGTG-14-s4d8,GARQ,D11,3,40,38,36,0.019272685,Proerythroblast
CGAGCTGGTGATGGCT-14-s4d8,GARQ,D11,3,40,38,17,0.07193005,CD4+ T activated
GTAGGAGGTTACCTGT-14-s4d8,GARQ,D11,3,40,38,18,0.05216956,B1 B
TTTCTTGCATCATGTG-14-s4d8,GARQ,D11,3,40,38,7,0.02254057,Erythroblast
CTTAAGATCACTAAGC-14-s4d8,GARQ,D11,3,40,38,14,0.033456326,Lymph prog
AATGCATGTACAATGT-14-s4d8,GARQ,D11,3,40,38,17,0.01148963,CD4+ T activated
GTACGTAGTTAGCGTA-14-s4d8,GARQ,D11,3,40,38,38,0.11131072,CD8+ T
ACAGGAATCTAGCGAT-14-s4d8,GARQ,D11,3,40,38,36,0.0015838146,Proerythroblast
TGACTCCTCGTAATCA-14-s4d8,GARQ,D11,3,40,38,27,0.053400397,Naive CD20+ B
TAGCCTGAGCCTGATG-14-s4d8,GARQ,D11,3,40,38,14,0.031232655,B1 B
CCAGGATGTGGACATC-14-s4d8,GARQ,D11,3,40,38,21,0.01297164,CD4+ T activated
AGCTTTAAGCGATAGA-14-s4d8,GARQ,D11,3,40,38,27,0.08040905,Naive CD20+ B
GGTAAACCAATACTGT-14-s4d8,GARQ,D11,3,40,38,30,0.042253852,CD8+ T
AGTCCTTGTATGTGGC-14-s4d8,GARQ,D11,3,40,38,31,0.03087306,CD8+ T
TGTGTGAGTTGTTGTC-14-s4d8,GARQ,D11,3,40,38,7,0.023986816,Proerythroblast
AGGAGCTAGTTATCTC-14-s4d8,GARQ,D11,3,40,38,7,0.056492448,Erythroblast
GAAGTGATCTGTAAGC-14-s4d8,GARQ,D11,3,40,38,30,0.040546715,CD8+ T
TGTAAAGCATGGTTAT-14-s4d8,GARQ,D11,3,40,38,14,0.06674218,Naive CD20+ B
CCCTGTTAGTCACCAG-14-s4d8,GARQ,D11,3,40,38,36,0.03152001,Proerythroblast
AAGGTGCAGCAAGGAC-14-s4d8,GARQ,D11,3,40,38,27,0.08859646,Naive CD20+ B
TGATTGCAGACAGGTA-14-s4d8,GARQ,D11,3,40,38,18,0.34453338,Transitional B
TCGCGCACACCTACGG-14-s4d8,GARQ,D11,3,40,38,4,0.026285708,CD8+ T
CGTTATTTCACGCATG-14-s4d8,GARQ,D11,3,40,38,36,0.035770655,Proerythroblast
GGCAAATCAGTTTCTC-14-s4d8,GARQ,D11,3,40,38,17,0.0801177,CD8+ T
TCAGCGATCCCGTTTA-14-s4d8,GARQ,D11,3,40,38,7,0.080441356,Proerythroblast
GAGCTTAGTCTTGCAT-14-s4d8,GARQ,D11,3,40,38,26,0.0960443,CD8+ T
TATGGCCCAGCACGAA-14-s4d8,GARQ,D11,3,40,38,26,0.015229225,CD8+ T
CCCAATTGTTTAGCTC-14-s4d8,GARQ,D11,3,40,38,37,0.05894965,CD8+ T
ACCAAGTTCGGTAACT-14-s4d8,GARQ,D11,3,40,38,37,0.10969579,CD8+ T
ATAAGCCTCACAAGCT-14-s4d8,GARQ,D11,3,40,38,27,0.078860044,Naive CD20+ B
AGGATCCGTCAAGTGC-14-s4d8,GARQ,D11,3,40,38,23,0.10578281,B1 B
GTTCCTTCACAGCCTG-14-s4d8,GARQ,D11,3,40,38,23,0.090515316,G/M prog
TCAGTAGGTGTTGTGA-14-s4d8,GARQ,D11,3,40,38,36,0.0063248873,Proerythroblast
CATCATAAGGCGGATG-14-s4d8,GARQ,D11,3,40,38,27,0.16655338,B1 B
CGAGCTGGTTAACGGC-14-s4d8,GARQ,D11,3,40,38,30,0.117226005,NK
TCCACAACAAGGTACG-14-s4d8,GARQ,D11,3,40,38,4,0.13038778,CD4+ T activated
GAACACAAGAGGAGGA-14-s4d8,GARQ,D11,3,40,38,17,0.08892393,CD8+ T
GCTCACAAGTAACCAC-14-s4d8,GARQ,D11,3,40,38,13,0.023946524,CD8+ T
GTGAGCGAGGCTAAGA-14-s4d8,GARQ,D11,3,40,38,17,0.11272681,CD8+ T
CCGGTAGGTGTCCAGG-14-s4d8,GARQ,D11,3,40,38,13,0.02464056,CD8+ T
TTATTGCTCAGCACGC-14-s4d8,GARQ,D11,3,40,38,30,0.054081798,CD8+ T
AGGTTAACATCCGTAA-14-s4d8,GARQ,D11,3,40,38,30,0.035488427,NK
TCTCAATTCACAAGCT-14-s4d8,GARQ,D11,3,40,38,14,0.1258955,Naive CD20+ B
CAGTACCCACAATACT-14-s4d8,GARQ,D11,3,40,38,38,0.08969748,CD4+ T activated
TGTCATAAGATTCCTT-14-s4d8,GARQ,D11,3,40,38,17,0.18077874,CD8+ T
TTGATGTCACCAAAGG-14-s4d8,GARQ,D11,3,40,38,1,0.025944233,CD4+ T activated
TCATTTGGTTAGGACC-14-s4d8,GARQ,D11,3,40,38,17,0.07512128,NK
TCCATATTCGCGACAC-14-s4d8,GARQ,D11,3,40,38,14,0.043237925,Transitional B
CTTTCTTGTAGCCATA-14-s4d8,GARQ,D11,3,40,38,3,0.002178073,CD8+ T
CGATATTCAAGTGTTT-14-s4d8,GARQ,D11,3,40,38,18,0.38753986,Naive CD20+ B
GTCATGAGTGCATTTC-14-s4d8,GARQ,D11,3,40,38,14,0.083661556,B1 B
GCAAGCCTCCATAATG-14-s4d8,GARQ,D11,3,40,38,26,0.09525788,CD8+ T
GACGCAACAGGCTAAG-14-s4d8,GARQ,D11,3,40,38,12,0.019885898,CD8+ T
TGTGGCGGTGGGTGAA-14-s4d8,GARQ,D11,3,40,38,14,0.08777356,Transitional B
ACATTGCAGCCAAATC-14-s4d8,GARQ,D11,3,40,38,16,0.03303826,NK
ACGACTTAGTCATTTC-14-s4d8,GARQ,D11,3,40,38,26,0.052246332,CD8+ T
TATGAAGCAGGTTAAA-14-s4d8,GARQ,D11,3,40,38,17,0.12003636,CD8+ T
TCAAGAACATGACTAT-14-s4d8,GARQ,D11,3,40,38,27,0.108674645,Naive CD20+ B
AATGTCATCCGCAAGC-14-s4d8,GARQ,D11,3,40,38,26,0.009899616,CD8+ T
AATCATCCAGCAAGAT-14-s4d8,GARQ,D11,3,40,38,11,0.057767928,CD14+ Mono
TTGCACACAGGAATCG-14-s4d8,GARQ,D11,3,40,38,18,0.022059202,Naive CD20+ B
AACTACTCAATTGACT-14-s4d8,GARQ,D11,3,40,38,37,0.023468196,CD8+ T
TTAGCAGGTCGCAATA-14-s4d8,GARQ,D11,3,40,38,14,0.009788513,Naive CD20+ B
CCGTTATGTTAGTGAT-14-s4d8,GARQ,D11,3,40,38,7,0.076057196,Proerythroblast
GGTCATTAGTTAGACC-14-s4d8,GARQ,D11,3,40,38,38,0.15438557,CD8+ T
GGTCCATCAGCACGTT-14-s4d8,GARQ,D11,3,40,38,38,0.051742077,CD8+ T
ATCAATCCATATAACC-14-s4d8,GARQ,D11,3,40,38,17,0.03147328,CD8+ T
ATCTATGAGTTAGCTA-14-s4d8,GARQ,D11,3,40,38,14,0.04829377,Transitional B
CGTGCTGCATCCTAGA-14-s4d8,GARQ,D11,3,40,38,36,0.0053503513,G/M prog
TTTCCTGAGCACGATT-14-s4d8,GARQ,D11,3,40,38,23,0.34099054,HSC
ATGGCTTAGCCTGACA-14-s4d8,GARQ,D11,3,40,38,18,0.20648873,B1 B
CGCAATAGTTAGGATT-14-s4d8,GARQ,D11,3,40,38,16,0.03890401,CD8+ T
GTGTTACAGACAACGA-14-s4d8,GARQ,D11,3,40,38,14,0.1191839,Transitional B
TTGTGCGAGGTTACAC-14-s4d8,GARQ,D11,3,40,38,35,0.07051891,Naive CD20+ B
GATCGAGCATTAAACC-14-s4d8,GARQ,D11,3,40,38,38,0.032087743,CD4+ T activated
TTGCAACAGCGTGCGT-14-s4d8,GARQ,D11,3,40,38,26,0.13438714,NK
AGTTATGTCAGGTTTA-14-s4d8,GARQ,D11,3,40,38,38,0.037568092,CD8+ T
TCGATTAAGTTTAACG-14-s4d8,GARQ,D11,3,40,38,38,0.09266257,CD8+ T
AGGTTTATCTTAGGAC-14-s4d8,GARQ,D11,3,40,38,36,0.06787658,Proerythroblast
GGCCAACTCAAGCTTA-14-s4d8,GARQ,D11,3,40,38,17,0.03982401,CD4+ T activated
AGTGAACCATTGCGAC-14-s4d8,GARQ,D11,3,40,38,14,0.0032414198,Naive CD20+ B
CGCAATAGTCCACAAA-14-s4d8,GARQ,D11,3,40,38,20,0.063426375,CD8+ T
ATGACCAGTGCTTTAC-14-s4d8,GARQ,D11,3,40,38,26,0.19411159,CD8+ T
TTTCACCCACGTAATT-14-s4d8,GARQ,D11,3,40,38,29,0.070589244,NK
GGACCTCAGATAAAGC-14-s4d8,GARQ,D11,3,40,38,38,0.054670453,Plasma cell
TTGCAACAGTCACCAG-14-s4d8,GARQ,D11,3,40,38,15,0.048137754,CD16+ Mono
GCTAATATCAAGCTTA-14-s4d8,GARQ,D11,3,40,38,27,0.016310692,Naive CD20+ B
CCGCCAACATAATCGT-14-s4d8,GARQ,D11,3,40,38,15,0.040275156,G/M prog
TCTAGCCTCTAAGTCA-14-s4d8,GARQ,D11,3,40,38,27,0.054684997,Naive CD20+ B
ATGGTGCGTCGTAAAT-14-s4d8,GARQ,D11,3,40,38,7,0.01027596,Proerythroblast
ATTTAGCCAAACAACA-14-s4d8,GARQ,D11,3,40,38,18,0.45635366,Naive CD20+ B
TCCGCCATCTCGACCT-14-s4d8,GARQ,D11,3,40,38,38,0.066496015,CD8+ T
AATAACCGTTCAAGAT-14-s4d8,GARQ,D11,3,40,38,27,0.10003829,pDC
TGCTCAACACAGCCTG-14-s4d8,GARQ,D11,3,40,38,26,0.113801,CD8+ T
AAGCCACGTGATGGCT-14-s4d8,GARQ,D11,3,40,38,17,0.066687584,CD8+ T
GTTTACCGTAGGTTAT-14-s4d8,GARQ,D11,3,40,38,7,0.04112816,Proerythroblast
CTGTGTGAGTGAGCGG-14-s4d8,GARQ,D11,3,40,38,17,0.059830546,CD8+ T
CCATAATCATCATGGC-14-s4d8,GARQ,D11,3,40,38,17,0.1897605,CD8+ T
CTAACCACAAGTCGCT-14-s4d8,GARQ,D11,3,40,38,27,0.021245718,B1 B
CAGCTCAAGCTATTAG-14-s4d8,GARQ,D11,3,40,38,11,0.028348684,CD8+ T
TACCTTTAGCAGCTCA-14-s4d8,GARQ,D11,3,40,38,26,0.07796317,CD8+ T
TCAGGTTAGTTATGGC-14-s4d8,GARQ,D11,3,40,38,26,0.20980906,CD8+ T
GCAGGCTTCTACTAAG-14-s4d8,GARQ,D11,3,40,38,26,0.10532451,CD8+ T
CCGCACACAAAGCTCC-14-s4d8,GARQ,D11,3,40,38,30,0.014627755,Lymph prog
TTTCTCACAGCTTAAT-14-s4d8,GARQ,D11,3,40,38,27,0.11797762,Naive CD20+ B
GGGCATTGTAATCGTG-14-s4d8,GARQ,D11,3,40,38,14,0.06603515,Lymph prog
AATGTCATCATCGTTT-14-s4d8,GARQ,D11,3,40,38,19,0.008009851,Proerythroblast
TATGACTCACCTGCCT-14-s4d8,GARQ,D11,3,40,38,0,0.11003232,G/M prog
CCTATTTAGTTATTCC-14-s4d8,GARQ,D11,3,40,38,7,0.010157824,Erythroblast
ACTTACAAGCATGTCG-14-s4d8,GARQ,D11,3,40,38,38,0.06276941,CD4+ T activated
ACTCAGTAGTAGGCGG-14-s4d8,GARQ,D11,3,40,38,14,0.075713515,Transitional B
TTTAGGATCTTGAGGT-14-s4d8,GARQ,D11,3,40,38,17,0.16875792,CD8+ T
GATCCGTCAGAACCGA-14-s4d8,GARQ,D11,3,40,38,19,0.100215375,HSC
ATTAGCTCAAGGTGGC-14-s4d8,GARQ,D11,3,40,38,26,0.2110939,CD8+ T
GCACATTAGATACTTG-14-s4d8,GARQ,D11,3,40,38,18,0.15498614,B1 B
AATCTCAAGACAACGA-14-s4d8,GARQ,D11,3,40,38,17,0.04450792,CD14+ Mono
AAGCGTTTCATGCTTT-14-s4d8,GARQ,D11,3,40,38,17,0.06580484,CD8+ T
TTCTTAGGTTAATGCG-14-s4d8,GARQ,D11,3,40,38,19,0.104931235,HSC
GAGCTGCTCTTGTCTG-14-s4d8,GARQ,D11,3,40,38,13,0.06835896,CD8+ T
GTAAGCAAGCTTATGA-14-s4d8,GARQ,D11,3,40,38,27,0.12484932,Naive CD20+ B
TTGAGGCGTTTGGGTA-14-s4d8,GARQ,D11,3,40,38,7,0.06726956,Proerythroblast
GCTGTGATCCGCATGA-14-s4d8,GARQ,D11,3,40,38,14,0.037088394,Transitional B
ATTGGCTAGGTCCTGA-14-s4d8,GARQ,D11,3,40,38,36,0.007234156,cDC2
CTCTAGCTCAGGATGA-14-s4d8,GARQ,D11,3,40,38,26,0.14165127,CD8+ T
TACTGAGGTAGGTGTC-14-s4d8,GARQ,D11,3,40,38,27,0.22551852,Naive CD20+ B
TTCCTCAAGGCTACAT-14-s4d8,GARQ,D11,3,40,38,14,0.09281826,Transitional B
TTAGCGGTCCCGCAAA-14-s4d8,GARQ,D11,3,40,38,17,0.022236705,CD8+ T
TGTAAGCTCATCACTT-14-s4d8,GARQ,D11,3,40,38,26,0.06692141,CD8+ T
GTTAATGTCGTCAAGT-14-s4d8,GARQ,D11,3,40,38,17,0.03868115,CD8+ T
TTGTAAGTCATAGACC-14-s4d8,GARQ,D11,3,40,38,27,0.09506023,Naive CD20+ B
GTATTCAAGTTCCTGC-14-s4d8,GARQ,D11,3,40,38,27,0.11824691,Naive CD20+ B
CTCATGACACTCAACA-14-s4d8,GARQ,D11,3,40,38,26,0.06853706,CD8+ T
CTAACCACAGCTTAAT-14-s4d8,GARQ,D11,3,40,38,17,0.07517648,CD8+ T
GGGCGAATCCCTGTTA-14-s4d8,GARQ,D11,3,40,38,38,0.08113921,CD8+ T
ACAGGAATCGTTTCCA-14-s4d8,GARQ,D11,3,40,38,7,0.051640987,Erythroblast
CATGCGGGTATTACCC-14-s4d8,GARQ,D11,3,40,38,27,0.076402664,Transitional B
AGTTGGCGTTAGGTTG-14-s4d8,GARQ,D11,3,40,38,30,0.10209012,CD8+ T
ACTCAGTAGCGCTCAA-14-s4d8,GARQ,D11,3,40,38,29,0.043432474,CD8+ T
ACTTACAAGCAAGATG-14-s4d8,GARQ,D11,3,40,38,38,0.0102831125,CD8+ T
GTAGCTGTCTTAGCCC-14-s4d8,GARQ,D11,3,40,38,33,0.050647557,MK/E prog
GCAATAGAGCACAGCC-14-s4d8,GARQ,D11,3,40,38,17,0.12035942,CD8+ T
CAATCTAAGGAAGCTA-14-s4d8,GARQ,D11,3,40,38,17,0.0198704,CD8+ T
CACAGGCTCCTAGTCC-14-s4d8,GARQ,D11,3,40,38,17,0.06471443,CD8+ T
AATTAGCGTCCTAACT-14-s4d8,GARQ,D11,3,40,38,26,0.01992619,NK
ACGATTCAGCTCCTAC-14-s4d8,GARQ,D11,3,40,38,7,0.0050952435,Proerythroblast
TAATCCGCAGCAAGTG-14-s4d8,GARQ,D11,3,40,38,18,0.027062654,cDC2
GCAATCTAGCTGTAAC-14-s4d8,GARQ,D11,3,40,38,38,0.023836374,CD4+ T activated
TTTCTTGCAGCTTAGC-14-s4d8,GARQ,D11,3,40,38,3,0.02133739,CD8+ T
GAACTTATCATCGTTT-14-s4d8,GARQ,D11,3,40,38,18,0.27397084,Naive CD20+ B
GAGGCTACAGCTAATT-14-s4d8,GARQ,D11,3,40,38,27,0.17374921,B1 B
CTATTCAGTTAGCCAA-14-s4d8,GARQ,D11,3,40,38,26,0.21098351,NK
AGTAACACATGTGGGA-14-s4d8,GARQ,D11,3,40,38,7,0.046774864,Erythroblast
CCTTACTCAGGCTTGT-14-s4d8,GARQ,D11,3,40,38,14,0.1762507,Lymph prog
ACCAGGACAACAACAA-14-s4d8,GARQ,D11,3,40,38,29,0.08638543,CD4+ T activated
TTGTGCCTCCGCAACA-14-s4d8,GARQ,D11,3,40,38,27,0.034172177,Naive CD20+ B
GGTAACCGTCATGCCC-14-s4d8,GARQ,D11,3,40,38,38,0.03712392,CD8+ T
GATCGATTCAGGCCTA-14-s4d8,GARQ,D11,3,40,38,26,0.17570043,CD8+ T
CCACAATAGTCATTAG-14-s4d8,GARQ,D11,3,40,38,17,0.04510188,CD8+ T
GCCTACTTCCAGGTCA-14-s4d8,GARQ,D11,3,40,38,36,0.024279118,Proerythroblast
CGAAGTAAGCGATAGA-14-s4d8,GARQ,D11,3,40,38,0,0.049738407,cDC2
TTCACTGTCGGCCATA-14-s4d8,GARQ,D11,3,40,38,27,0.0025296211,B1 B
GGCGTTATCCCATAGG-14-s4d8,GARQ,D11,3,40,38,36,0.034624934,Proerythroblast
CGTTAAATCCCTGATC-14-s4d8,GARQ,D11,3,40,38,23,0.12867153,CD16+ Mono
TTAGGCGTCTCACACC-14-s4d8,GARQ,D11,3,40,38,26,0.008296013,CD8+ T
GTCTTGCTCTGTGAGT-14-s4d8,GARQ,D11,3,40,38,27,0.040079713,Naive CD20+ B
ACTTATGAGTTGTCTT-14-s4d8,GARQ,D11,3,40,38,29,0.014212012,CD4+ T naive
ACCACATAGCTGCACA-14-s4d8,GARQ,D11,3,40,38,27,0.041606963,Transitional B
GCTTGTTGTAACTACG-14-s4d8,GARQ,D11,3,40,38,10,0.057300806,CD8+ T
AGTTTGATCAAGACTC-14-s4d8,GARQ,D11,3,40,38,23,0.04099977,Proerythroblast
CTTTCTTGTAAGCACC-14-s4d8,GARQ,D11,3,40,38,27,0.16168022,B1 B
CCACTTGGTCCTAGTT-14-s4d8,GARQ,D11,3,40,38,1,0.041002274,CD8+ T
GGTTTCCTCTTAGGGT-14-s4d8,GARQ,D11,3,40,38,17,0.053367972,CD8+ T
CCTACTGGTGGATGTC-14-s4d8,GARQ,D11,3,40,38,26,0.05163896,CD4+ T activated
TGCACTTGTAGCTAAT-14-s4d8,GARQ,D11,3,40,38,17,0.01995188,CD8+ T
GTGTGTTAGGCGAATA-14-s4d8,GARQ,D11,3,40,38,27,0.04591894,Naive CD20+ B
TACTGGCCATCAATCG-14-s4d8,GARQ,D11,3,40,38,17,0.07987094,CD8+ T
CCATCATGTTAAGTGT-14-s4d8,GARQ,D11,3,40,38,26,0.13950992,NK
ATATGCTCAGGACCAA-14-s4d8,GARQ,D11,3,40,38,26,0.19373822,CD8+ T
CCCTCATAGCTGGACC-14-s4d8,GARQ,D11,3,40,38,17,0.101707816,CD8+ T
GCCTGTGCAATTTAGC-14-s4d8,GARQ,D11,3,40,38,26,0.08636153,CD8+ T
CTGCTACTCCCGCAAA-14-s4d8,GARQ,D11,3,40,38,14,0.03668213,B1 B
AGTCAAGAGACAACAG-14-s4d8,GARQ,D11,3,40,38,13,0.15464902,CD4+ T activated
CTTGCTCAGGCTGTCA-14-s4d8,GARQ,D11,3,40,38,18,0.08125925,Naive CD20+ B
CATTATCTCGTACCGA-14-s4d8,GARQ,D11,3,40,38,27,0.040908456,CD4+ T activated
GATGAGGGTTAAGTGT-14-s4d8,GARQ,D11,3,40,38,7,0.032057524,Erythroblast
GCTAAGCGTGCTTTAC-14-s4d8,GARQ,D11,3,40,38,38,0.011802137,CD8+ T
CTCTGTTCAAACTCAT-14-s4d8,GARQ,D11,3,40,38,27,0.041715503,Naive CD20+ B
TCCGGAATCTCATCAT-14-s4d8,GARQ,D11,3,40,38,14,0.07203388,Transitional B
TTATTGCTCTTTGAGA-14-s4d8,GARQ,D11,3,40,38,36,0.08311033,MK/E prog
CAGCTATAGGGATGAC-14-s4d8,GARQ,D11,3,40,38,27,0.11966038,Naive CD20+ B
ACGGTTAGTAATCGGC-14-s4d8,GARQ,D11,3,40,38,7,0.07127535,Erythroblast
GAGGCTACAATCCCTT-14-s4d8,GARQ,D11,3,40,38,27,0.095820844,Naive CD20+ B
CGAACCGGTTAGCTGA-14-s4d8,GARQ,D11,3,40,38,38,0.03691864,CD8+ T
TGCCATTGTATTCGTC-14-s4d8,GARQ,D11,3,40,38,26,0.20547795,CD8+ T
CTGGATGTCCTAAGTA-14-s4d8,GARQ,D11,3,40,38,36,0.07855892,Proerythroblast
CGGCAATGTTTGGGCG-14-s4d8,GARQ,D11,3,40,38,14,0.069959104,B1 B
ACCTTCATCAAACTCA-14-s4d8,GARQ,D11,3,40,38,26,0.09361088,CD8+ T
CGCATTTGTTACTAGG-14-s4d8,GARQ,D11,3,40,38,38,0.048798025,CD8+ T
AGGTCAAAGTAACCCG-14-s4d8,GARQ,D11,3,40,38,13,0.00063049793,CD4+ T naive
TGGCCAATCCTACCTA-14-s4d8,GARQ,D11,3,40,38,20,0.052578688,CD4+ T activated
AACTAGCTCGCGCTAA-14-s4d8,GARQ,D11,3,40,38,18,0.07169843,Naive CD20+ B
ACCAAGCGTACAAAGA-14-s4d8,GARQ,D11,3,40,38,26,0.21847928,CD8+ T
TAATCACCAGTAAGTA-14-s4d8,GARQ,D11,3,40,38,36,0.015933514,Erythroblast
AAGCTATGTTAATGCG-14-s4d8,GARQ,D11,3,40,38,38,0.0070074797,NK
TGTTGTTTCAAACCGT-14-s4d8,GARQ,D11,3,40,38,27,0.0040109158,Naive CD20+ B
GTAAGGTCACTTCATC-14-s4d8,GARQ,D11,3,40,38,11,0.06763315,CD8+ T
ATATGCTCAGAGAGCC-14-s4d8,GARQ,D11,3,40,38,38,0.066244125,CD4+ T naive
GCCTCCATCTTTGTAC-14-s4d8,GARQ,D11,3,40,38,18,0.0077118576,cDC2
TCATGCCTCGGTTCCT-14-s4d8,GARQ,D11,3,40,38,26,0.09441006,CD8+ T
AGCTACGTCAGTTCCC-14-s4d8,GARQ,D11,3,40,38,16,0.03417051,CD8+ T
AGCTTAATCCCGTTTA-14-s4d8,GARQ,D11,3,40,38,27,0.022467494,Naive CD20+ B
CAGGCTGGTTACAAAC-14-s4d8,GARQ,D11,3,40,38,26,0.08899474,Proerythroblast
CTCTAGCTCATTAGGC-14-s4d8,GARQ,D11,3,40,38,14,0.0025250912,Naive CD20+ B
CTCGCTCCACAAACTT-14-s4d8,GARQ,D11,3,40,38,26,0.027967691,CD8+ T
ATGGTTATCTTAGGGT-14-s4d8,GARQ,D11,3,40,38,27,0.086832404,Naive CD20+ B
GACACCGGTCCTAATC-14-s4d8,GARQ,D11,3,40,38,36,0.0039026737,Proerythroblast
GTGCTCAAGTAGAGGC-14-s4d8,GARQ,D11,3,40,38,26,0.21487606,CD8+ T
CATCCTCAGCCGCAGT-14-s4d8,GARQ,D11,3,40,38,17,0.099943936,CD8+ T
TTGCTCTCAAGGAATC-14-s4d8,GARQ,D11,3,40,38,5,0.05354166,B1 B
GAGTTTGGTTACTTGC-14-s4d8,GARQ,D11,3,40,38,29,0.072803974,CD8+ T
GTACTAATCCCTGACT-14-s4d8,GARQ,D11,3,40,38,18,0.15963292,Naive CD20+ B
GATGGCTGTATTGGAT-14-s4d8,GARQ,D11,3,40,38,17,0.024565578,CD8+ T
GGTGCTGGTGATGGCT-14-s4d8,GARQ,D11,3,40,38,29,0.021404982,CD8+ T
TTAGGATGTCAATAGT-14-s4d8,GARQ,D11,3,40,38,14,0.06773186,Transitional B
CGGACAACATAAGTCT-14-s4d8,GARQ,D11,3,40,38,11,0.0020874739,CD8+ T
TTTAGCTTCCAACTGG-14-s4d8,GARQ,D11,3,40,38,17,0.057343364,CD8+ T
ATGCAGGCACCTGCTC-14-s4d8,GARQ,D11,3,40,38,23,0.3274492,cDC2
TCATGCCTCATCAGTA-14-s4d8,GARQ,D11,3,40,38,26,0.10707426,CD8+ T
CATAGGCGTCGAAGTC-14-s4d8,GARQ,D11,3,40,38,17,0.03634572,CD8+ T
AACGACAAGGCATGTT-14-s4d8,GARQ,D11,3,40,38,17,0.054403782,CD8+ T
ATGTTGTCACTGGCCA-14-s4d8,GARQ,D11,3,40,38,19,0.082018316,CD16+ Mono
CATGCAAGTGAATCGC-14-s4d8,GARQ,D11,3,40,38,38,0.11460453,CD8+ T
GGCTGTCAGGTCAAAG-14-s4d8,GARQ,D11,3,40,38,18,0.077599585,Lymph prog
TATGGCCCAAGACTCC-14-s4d8,GARQ,D11,3,40,38,26,0.1317997,CD8+ T
CAAAGGATCCCGCATT-14-s4d8,GARQ,D11,3,40,38,26,0.0004556179,CD8+ T
GGGTGAAGTTCGCGCT-14-s4d8,GARQ,D11,3,40,38,29,0.039894342,CD8+ T
CAACTAGGTTCCGGGA-14-s4d8,GARQ,D11,3,40,38,38,0.11766946,CD8+ T
CGGTTATAGTTACTTC-14-s4d8,GARQ,D11,3,40,38,22,0.019280672,CD8+ T
GACTTACAGCAGGCCT-14-s4d8,GARQ,D11,3,40,38,26,0.18642062,CD8+ T
TAGGCTGTCAGTGAAG-14-s4d8,GARQ,D11,3,40,38,26,0.08743358,CD8+ T
TACGCTTGTAATAGCT-14-s4d8,GARQ,D11,3,40,38,29,0.002870202,CD8+ T
ACACTTAAGTAACTCA-14-s4d8,GARQ,D11,3,40,38,38,0.027866006,CD8+ T
AGAAACCCAGTCTATG-14-s4d8,GARQ,D11,3,40,38,10,0.035204947,CD4+ T naive
CAAAGGATCCATTACT-14-s4d8,GARQ,D11,3,40,38,20,0.019196749,CD4+ T activated
ACAGCGCTCGAAGTGA-14-s4d8,GARQ,D11,3,40,38,36,0.06394303,Proerythroblast
CGTTGCGCATCACTTC-14-s4d8,GARQ,D11,3,40,38,24,0.002617836,CD4+ T activated
GATTACTCATAGCAGG-14-s4d8,GARQ,D11,3,40,38,9,0.0014480352,CD8+ T
GCTTTATTCTCCATGC-14-s4d8,GARQ,D11,3,40,38,17,0.21395075,CD8+ T
GCCTAATAGGATCACT-14-s4d8,GARQ,D11,3,40,38,14,0.037605286,Lymph prog
AACAAAGGTATGGTGC-14-s4d8,GARQ,D11,3,40,38,30,0.072535634,CD8+ T
CTCCTAATCTAGCGTG-14-s4d8,GARQ,D11,3,40,38,6,0.12811041,CD4+ T naive
ACACTAATCAATGAGG-14-s4d8,GARQ,D11,3,40,38,36,0.09001422,Proerythroblast
GTTGTTGCAGCACCAT-14-s4d8,GARQ,D11,3,40,38,27,0.13232613,Naive CD20+ B
CTCTTGATCGGGACCT-14-s4d8,GARQ,D11,3,40,38,27,0.069001794,B1 B
GCTGTGATCACGCATG-14-s4d8,GARQ,D11,3,40,38,26,0.13803673,CD8+ T
AGGATATAGGCTGTGC-14-s4d8,GARQ,D11,3,40,38,1,0.004832685,CD4+ T naive
TCAGTGAGTGAGGTAG-14-s4d8,GARQ,D11,3,40,38,38,0.021980524,CD8+ T
AGTAACCTCAATCATG-14-s4d8,GARQ,D11,3,40,38,36,0.0048937798,Proerythroblast
GGTACTTAGGCGGGTA-14-s4d8,GARQ,D11,3,40,38,17,0.11132532,NK
GCATGAGCAGCCAGTT-14-s4d8,GARQ,D11,3,40,38,38,0.013108492,CD8+ T
AGTAGGATCCTGAATA-14-s4d8,GARQ,D11,3,40,38,23,0.021190286,Proerythroblast
AATAGCTGTACGTTTC-14-s4d8,GARQ,D11,3,40,38,27,0.026210845,Naive CD20+ B
GTTTCAGCATCAATCG-14-s4d8,GARQ,D11,3,40,38,14,0.13215315,Transitional B
ACCTGGTCATAGCTTG-14-s4d8,GARQ,D11,3,40,38,7,0.034816623,Proerythroblast
CTCCAAACACAACAGG-14-s4d8,GARQ,D11,3,40,38,27,0.017606497,Transitional B
AAAGGTTAGTAGCCAT-14-s4d8,GARQ,D11,3,40,38,38,0.008573711,CD8+ T
TTGTCCGGTGTTGTAG-14-s4d8,GARQ,D11,3,40,38,14,0.09637189,Transitional B
TCTTTGTAGCCATCAG-14-s4d8,GARQ,D11,3,40,38,26,0.12104201,CD8+ T
CCAACATAGTCTTGAA-14-s4d8,GARQ,D11,3,40,38,17,0.049462795,CD8+ T
TTGCTTTAGCTACTGG-14-s4d8,GARQ,D11,3,40,38,30,0.09978151,NK
TCCGGTTTCGCTATAA-14-s4d8,GARQ,D11,3,40,38,17,0.02045703,CD8+ T
TGCTATGCAATAGTCT-14-s4d8,GARQ,D11,3,40,38,26,0.11141026,CD8+ T
AACTCACAGCTTACTT-14-s4d8,GARQ,D11,3,40,38,7,0.040026903,Erythroblast
GCTTGTTGTTTGCGAA-14-s4d8,GARQ,D11,3,40,38,26,0.21151364,CD8+ T
TGGATTGGTCAATGTG-14-s4d8,GARQ,D11,3,40,38,19,4.3153763e-05,HSC
GCTCTGTTCTGCAACG-14-s4d8,GARQ,D11,3,40,38,27,0.09574038,B1 B
GGTCTTGAGGCAGGTG-14-s4d8,GARQ,D11,3,40,38,16,0.022514343,CD8+ T
CCAACCCGTTTCAGGA-14-s4d8,GARQ,D11,3,40,38,26,0.1025784,NK
ATGAAGCCAATTAGGA-14-s4d8,GARQ,D11,3,40,38,2,0.0012757778,CD4+ T activated
GTTAGGCGTGTGCAAC-14-s4d8,GARQ,D11,3,40,38,17,0.068142235,CD8+ T
CATTGTGCAGATAGAC-14-s4d8,GARQ,D11,3,40,38,26,0.034898758,CD8+ T
GTTTACCGTCATGCAA-14-s4d8,GARQ,D11,3,40,38,7,0.022124529,Proerythroblast
AGCGTGCTCTTAGCGG-14-s4d8,GARQ,D11,3,40,38,15,0.10620654,cDC2
CTGTAACAGCTCAAAC-14-s4d8,GARQ,D11,3,40,38,23,0.07227647,cDC2
CCGACAGGTAACGTGC-14-s4d8,GARQ,D11,3,40,38,5,0.053975224,Transitional B
GTTCGCGCAGTAGGTG-14-s4d8,GARQ,D11,3,40,38,19,0.06509137,HSC
CAATATGTCTGCAACG-14-s4d8,GARQ,D11,3,40,38,38,0.07596302,CD8+ T
TACTGCACACTTAGGC-14-s4d8,GARQ,D11,3,40,38,7,0.039282918,Normoblast
GGCCAACTCAATGTGC-14-s4d8,GARQ,D11,3,40,38,14,0.14488006,Transitional B
ATCATCAAGAATCTCA-14-s4d8,GARQ,D11,3,40,38,5,0.017980456,Naive CD20+ B
GGTAACTTCTAACCTT-14-s4d8,GARQ,D11,3,40,38,14,0.07716757,Transitional B
TCCTTGCAGTCATTTC-14-s4d8,GARQ,D11,3,40,38,17,0.013007522,CD8+ T
GAAGTATAGTAACGAG-14-s4d8,GARQ,D11,3,40,38,17,0.020479083,CD8+ T
CTTCAATTCCGCCTCA-14-s4d8,GARQ,D11,3,40,38,14,0.14552534,Transitional B
CGGTGAGAGGCATTAC-14-s4d8,GARQ,D11,3,40,38,7,0.019239664,Proerythroblast
GACTTGGTCCCTGGAA-14-s4d8,GARQ,D11,3,40,38,27,0.14914942,Naive CD20+ B
AAGTGTTGTATTACCC-14-s4d8,GARQ,D11,3,40,38,7,0.08292782,Proerythroblast
TTCACTGTCATCCTCA-14-s4d8,GARQ,D11,3,40,38,38,0.0058016777,CD8+ T
GTAGGATCATGACTAT-14-s4d8,GARQ,D11,3,40,38,14,0.027982116,Transitional B
TTTGTCCCATTGTCAG-14-s4d8,GARQ,D11,3,40,38,17,0.32534885,CD8+ T
TGATTGCAGTTCCCGT-14-s4d8,GARQ,D11,3,40,38,7,0.004409671,Proerythroblast
TTGACATCAATTATGC-14-s4d8,GARQ,D11,3,40,38,27,0.14691877,Naive CD20+ B
TTTCCTGAGAACCTAC-14-s4d8,GARQ,D11,3,40,38,20,0.059355557,NK
ATAGCATGTTCGCTCA-14-s4d8,GARQ,D11,3,40,38,27,0.019505858,B1 B
GAAGTCAAGGTCGAGG-14-s4d8,GARQ,D11,3,40,38,36,0.053038776,Erythroblast
CTTGCATGTGCAACTA-14-s4d8,GARQ,D11,3,40,38,36,0.038553715,Proerythroblast
ACGCTTGAGAATGACG-14-s4d8,GARQ,D11,3,40,38,27,0.13406152,Naive CD20+ B
CCGTTACTCGGGACTC-14-s4d8,GARQ,D11,3,40,38,9,0.0011584163,CD8+ T
TTCCACGGTTCAAGCA-14-s4d8,GARQ,D11,3,40,38,11,0.11164045,CD8+ T
TAGGTTATCTATCGCC-14-s4d8,GARQ,D11,3,40,38,37,0.05921811,CD8+ T
TGAGGGCCAGGCAAGC-14-s4d8,GARQ,D11,3,40,38,7,0.018170476,Erythroblast
GATCGCTCAGCTACGT-14-s4d8,GARQ,D11,3,40,38,13,0.04981768,CD4+ T naive
ATCCACCTCGCTATAA-14-s4d8,GARQ,D11,3,40,38,38,0.023043513,CD8+ T
GTGCTCAAGTTCCCGT-14-s4d8,GARQ,D11,3,40,38,38,0.0106630325,CD4+ T activated
AGTAACACATAAGTTC-14-s4d8,GARQ,D11,3,40,38,29,0.18249243,CD4+ T naive
CATGCATAGTTATGGC-14-s4d8,GARQ,D11,3,40,38,29,0.025611639,NK
CCGTTATGTTTCAGGA-14-s4d8,GARQ,D11,3,40,38,17,0.051716805,CD4+ T activated
ACCCGCTGTCAGTAAT-14-s4d8,GARQ,D11,3,40,38,36,0.014905572,Erythroblast
TATTAGCCATCAGCAC-14-s4d8,GARQ,D11,3,40,38,18,0.03694719,Naive CD20+ B
TTTAGGATCTAACTGA-14-s4d8,GARQ,D11,3,40,38,20,0.07925063,CD8+ T
GACCTAGTCTACCTGC-14-s4d8,GARQ,D11,3,40,38,17,0.0847646,CD8+ T
GCCAGGTTCACGCGGT-14-s4d8,GARQ,D11,3,40,38,21,0.005158663,CD4+ T activated
AGCTAAACATTGACAT-14-s4d8,GARQ,D11,3,40,38,11,0.051003456,CD8+ T
ACACAATGTACCTTAC-14-s4d8,GARQ,D11,3,40,38,20,0.012394428,CD8+ T
ACCAATATCGCTCACT-14-s4d8,GARQ,D11,3,40,38,17,0.0032442808,CD4+ T naive
CCGCAAGGTGGTTATG-14-s4d8,GARQ,D11,3,40,38,14,0.084324,B1 B
GACCTCAAGATAACCC-14-s4d8,GARQ,D11,3,40,38,7,0.098712504,MK/E prog
TTATAGCCATTGTGAT-14-s4d8,GARQ,D11,3,40,38,18,0.31193972,B1 B
AAGAATCAGTCTATGA-14-s4d8,GARQ,D11,3,40,38,14,0.043978214,Transitional B
GAGGAGGCAATCCTGA-14-s4d8,GARQ,D11,3,40,38,17,0.03257996,CD8+ T
GGTTATGGTTGGTGAC-14-s4d8,GARQ,D11,3,40,38,22,0.10831308,NK
CTAACCACATCCAGGT-14-s4d8,GARQ,D11,3,40,38,38,0.059996247,NK
TGGACGGAGGTGAAGC-14-s4d8,GARQ,D11,3,40,38,7,0.013190031,Proerythroblast
TTGTCCATCTAACCAA-14-s4d8,GARQ,D11,3,40,38,17,0.15668792,CD4+ T naive
GATTCATCATCCAGGT-14-s4d8,GARQ,D11,3,40,38,38,0.0008389354,CD8+ T
GTTTCAGCAATGAATG-14-s4d8,GARQ,D11,3,40,38,20,0.025081873,CD8+ T
AGTTTGATCCGGTTGA-14-s4d8,GARQ,D11,3,40,38,26,0.05275631,CD4+ T activated
ACCCGGTAGTCATTTC-14-s4d8,GARQ,D11,3,40,38,17,0.0781011,CD4+ T activated
ACTTACTTCTAACCAA-14-s4d8,GARQ,D11,3,40,38,1,0.07455802,CD8+ T
CACCTGTTCATGGCTG-14-s4d8,GARQ,D11,3,40,38,38,0.032313287,CD8+ T
TGCTCAACAAGGTAAC-14-s4d8,GARQ,D11,3,40,38,17,0.13933039,CD8+ T
CCTAAGCCAATAGCAA-14-s4d8,GARQ,D11,3,40,38,7,0.003685236,Proerythroblast
AACGCCCAGGAGTCGG-14-s4d8,GARQ,D11,3,40,38,36,0.023781657,Proerythroblast
AGCGCCTAGCCACAAT-14-s4d8,GARQ,D11,3,40,38,26,0.16210008,CD8+ T
GCTTTGTGTTAGGTTG-14-s4d8,GARQ,D11,3,40,38,17,0.29785848,CD8+ T
CCACATTGTCCACAAA-14-s4d8,GARQ,D11,3,40,38,18,0.083289385,Lymph prog
AAATGCCTCAATACGC-14-s4d8,GARQ,D11,3,40,38,18,0.035255432,B1 B
TGCGCAGGTGCTTTAC-14-s4d8,GARQ,D11,3,40,38,18,0.03384018,Naive CD20+ B
GCAGGAAGTCCTAACT-14-s4d8,GARQ,D11,3,40,38,27,0.10714197,Naive CD20+ B
ACGAATCTCACAGACT-14-s4d8,GARQ,D11,3,40,38,29,0.055439353,CD8+ T
TTGGTGAGTTTAGCGA-14-s4d8,GARQ,D11,3,40,38,36,0.10297555,Proerythroblast
TGTGAAACAATTAGCT-14-s4d8,GARQ,D11,3,40,38,29,0.10427618,CD8+ T
AACTACTCACAACAAA-14-s4d8,GARQ,D11,3,40,38,36,0.035471678,Proerythroblast
GAGCGGTCAACACCTA-14-s4d8,GARQ,D11,3,40,38,28,0.04407686,CD4+ T activated
TCCTGTTCATTGTGAT-14-s4d8,GARQ,D11,3,40,38,9,0.08309454,CD8+ T
ATTCACTTCCCTGGTT-14-s4d8,GARQ,D11,3,40,38,17,0.063700676,CD8+ T
GATAAGCCAGTCTATG-14-s4d8,GARQ,D11,3,40,38,26,0.015589416,CD8+ T
GACCTGATCTACTAAG-14-s4d8,GARQ,D11,3,40,38,14,0.028470159,Transitional B
TAAACAGCATAATCGT-14-s4d8,GARQ,D11,3,40,38,16,0.008742809,CD8+ T
CTCCTGAGTGGGAACA-14-s4d8,GARQ,D11,3,40,38,36,0.04033804,Proerythroblast
CTTATTGGTGCATCGG-14-s4d8,GARQ,D11,3,40,38,1,0.04985434,CD8+ T
GAGTCAAAGAACCTAC-14-s4d8,GARQ,D11,3,40,38,14,0.04231161,Lymph prog
CCTATTGTCCTTCTAG-14-s4d8,GARQ,D11,3,40,38,17,0.018391848,NK
CTCGCTAGTAATGGAA-14-s4d8,GARQ,D11,3,40,38,14,0.0120898485,cDC2
GTAAGCGCACGTGCTG-14-s4d8,GARQ,D11,3,40,38,36,0.09852946,Proerythroblast
GCACTTACATTAAAGG-14-s4d8,GARQ,D11,3,40,38,26,0.13140738,CD8+ T
TGACTTAAGTAGCGCC-14-s4d8,GARQ,D11,3,40,38,17,0.04365909,CD8+ T
ATGTAACGTGGATTGC-14-s4d8,GARQ,D11,3,40,38,17,0.06653553,CD8+ T
TTCATTCAGTCCTGAG-14-s4d8,GARQ,D11,3,40,38,18,0.14071578,Transitional B
TATCGCACAATCTCTC-14-s4d8,GARQ,D11,3,40,38,26,0.046319485,CD8+ T
TGGCGGTTCTTTAAGG-14-s4d8,GARQ,D11,3,40,38,38,0.15698278,CD8+ T
ACAGTATGTTAGCAGC-14-s4d8,GARQ,D11,3,40,38,17,0.25152206,CD8+ T
TTAGGAACACCGGCTA-14-s4d8,GARQ,D11,3,40,38,7,0.0116888285,Proerythroblast
CGGGTATGTGGCTTCC-14-s4d8,GARQ,D11,3,40,38,20,0.13008809,CD4+ T activated
AGGAACGGTGGTTATG-14-s4d8,GARQ,D11,3,40,38,13,0.0030449629,CD4+ T activated
CCGCAAATCTAACTGA-14-s4d8,GARQ,D11,3,40,38,4,0.055320263,CD8+ T
TTGACTAAGTTTGCGG-14-s4d8,GARQ,D11,3,40,38,26,0.2461071,CD8+ T
AGGTGAATCGTAATCA-14-s4d8,GARQ,D11,3,40,38,27,0.08004159,Naive CD20+ B
GTCATGAGTTAGAGGG-14-s4d8,GARQ,D11,3,40,38,26,0.074386835,CD8+ T
CTATAACCACCGGTAT-14-s4d8,GARQ,D11,3,40,38,11,0.035377502,CD8+ T
AGGATGTCAGCTAACC-14-s4d8,GARQ,D11,3,40,38,6,0.13374972,CD4+ T activated
ACGCTTGAGTAAGTGG-14-s4d8,GARQ,D11,3,40,38,38,0.11062729,CD8+ T
TCAGGAGCACCTATAG-14-s4d8,GARQ,D11,3,40,38,17,0.041068435,CD8+ T
CACAGGGAGGCGCATC-14-s4d8,GARQ,D11,3,40,38,36,0.00058555603,Proerythroblast
ACTTGTCGTATTGGAT-14-s4d8,GARQ,D11,3,40,38,27,0.25951755,Naive CD20+ B
TGCAATATCATTACTC-14-s4d8,GARQ,D11,3,40,38,17,0.015379667,CD4+ T activated
TTGTTCCCAACTAGAA-14-s4d8,GARQ,D11,3,40,38,27,0.05666417,Transitional B
ACCCGGTAGATTGAGG-14-s4d8,GARQ,D11,3,40,38,23,0.38516223,Lymph prog
GGATTATGTGAACAAA-14-s4d8,GARQ,D11,3,40,38,17,0.07692242,CD8+ T
ACTCACTGTAGACAAA-14-s4d8,GARQ,D11,3,40,38,17,0.08276373,CD4+ T naive
GCTTACCTCATGACCG-14-s4d8,GARQ,D11,3,40,38,23,0.1342442,CD16+ Mono
AAGACCAAGGACACTT-14-s4d8,GARQ,D11,3,40,38,30,0.07067382,NK
CCCGCTTCAGCGCTTG-14-s4d8,GARQ,D11,3,40,38,14,0.054844856,Lymph prog
CCTAGTTGTAACAGGG-14-s4d8,GARQ,D11,3,40,38,16,0.12480044,CD8+ T
GCTGCACAGGCGTAAA-14-s4d8,GARQ,D11,3,40,38,27,0.009224772,Transitional B
CAATATGTCCAGGTTG-14-s4d8,GARQ,D11,3,40,38,17,0.031119823,CD4+ T activated
CCTATTGTCCTCACTA-14-s4d8,GARQ,D11,3,40,38,29,0.009375691,CD8+ T
GAAAGGCTCGGTCATG-14-s4d8,GARQ,D11,3,40,38,1,0.03368509,CD4+ T activated
CTATGAGGTAGCAGCT-14-s4d8,GARQ,D11,3,40,38,7,0.05606091,Proerythroblast
GTAAGCGCAATTAGGA-14-s4d8,GARQ,D11,3,40,38,5,0.035149097,Naive CD20+ B
CAACCCTTCCTAAGGT-14-s4d8,GARQ,D11,3,40,38,17,0.3949933,CD8+ T
GAAGGATGTAACCACA-14-s4d8,GARQ,D11,3,40,38,38,0.06357205,CD8+ T
GCTCATTGTTACTTGC-14-s4d8,GARQ,D11,3,40,38,7,0.051615834,Erythroblast
TCCTCACAGCGATACT-14-s4d8,GARQ,D11,3,40,38,10,0.028627992,CD4+ T activated
CTTACCTCAATGAGGT-14-s4d8,GARQ,D11,3,40,38,27,0.17776477,Naive CD20+ B
CCAGGATGTTAGCCAA-14-s4d8,GARQ,D11,3,40,38,17,0.08125973,CD8+ T
TGGTCATAGGTCATTA-14-s4d8,GARQ,D11,3,40,38,29,0.049897313,NK
CTCTAAGCACAAAGAC-14-s4d8,GARQ,D11,3,40,38,26,0.08179498,CD8+ T
TTCGCAACATCCTAGA-14-s4d8,GARQ,D11,3,40,38,27,0.023779035,Naive CD20+ B
CCTTCAATCATGAGCT-14-s4d8,GARQ,D11,3,40,38,5,0.10785651,Proerythroblast
TCCCGGACACAGCCAT-14-s4d8,GARQ,D11,3,40,38,17,0.04179716,CD8+ T
TGGGCCTAGCATGTCG-14-s4d8,GARQ,D11,3,40,38,26,0.16555786,NK
CAACAGGCACCTCACC-14-s4d8,GARQ,D11,3,40,38,7,0.05598879,MK/E prog
AAGGATGTCAAATCGC-14-s4d8,GARQ,D11,3,40,38,14,0.056724787,B1 B
TTGCAATCAACTAGCC-14-s4d8,GARQ,D11,3,40,38,38,0.02013278,CD8+ T
GAGTGATCACGAATTT-14-s4d8,GARQ,D11,3,40,38,37,0.0021919608,CD8+ T
AGAAGGTGTAATAACC-14-s4d8,GARQ,D11,3,40,38,38,0.06533992,CD8+ T
CCCAAATAGTAGCTTA-14-s4d8,GARQ,D11,3,40,38,27,0.075561166,B1 B
ACAACAGAGGAGGACT-14-s4d8,GARQ,D11,3,40,38,17,0.13639557,CD8+ T
TGTGGCTCAAAGCTCC-14-s4d8,GARQ,D11,3,40,38,14,0.055007696,B1 B
GTATCGCCAGCAAGGC-14-s4d8,GARQ,D11,3,40,38,19,0.19544756,HSC
ACAGGAATCATGGCCA-14-s4d8,GARQ,D11,3,40,38,29,0.039308786,CD8+ T
GGTCGGTTCGTTCACC-14-s4d8,GARQ,D11,3,40,38,0,0.012949586,CD4+ T naive
TCGTAATCAAGGTAAC-14-s4d8,GARQ,D11,3,40,38,7,0.02645278,Erythroblast
GCTCTGGCAACTAACT-14-s4d8,GARQ,D11,3,40,38,5,0.10993487,Lymph prog
CACGCTAAGGCAAGTA-14-s4d8,GARQ,D11,3,40,38,36,0.0224607,Proerythroblast
AATTTCCTCTCGACCT-14-s4d8,GARQ,D11,3,40,38,22,0.08290529,CD8+ T
AGATGAAGTAGCTAGC-14-s4d8,GARQ,D11,3,40,38,19,0.10260081,cDC2
GTGCACGGTTTGTGGA-14-s4d8,GARQ,D11,3,40,38,18,0.0728361,G/M prog
ATGTTCAAGTAAGTCC-14-s4d8,GARQ,D11,3,40,38,23,0.093090236,CD16+ Mono
AGAGGATGTTTGGCGG-14-s4d8,GARQ,D11,3,40,38,22,0.05884421,CD8+ T
TGAGGCACATGAAATG-14-s4d8,GARQ,D11,3,40,38,0,0.018584132,B1 B
GCTGACATCTGTGAGT-14-s4d8,GARQ,D11,3,40,38,26,0.019216716,CD4+ T activated
TTTAGCTTCAAAGGCA-14-s4d8,GARQ,D11,3,40,38,6,0.009149909,CD8+ T
ACCGGTTCATCTAGCA-14-s4d8,GARQ,D11,3,40,38,38,0.027052522,CD8+ T
GGCGTTATCATGGTGT-14-s4d8,GARQ,D11,3,40,38,14,0.02940023,pDC
GCTTAAATCTACCTGC-14-s4d8,GARQ,D11,3,40,38,26,0.06252825,CD8+ T
GTTTGTAAGCTTATGA-14-s4d8,GARQ,D11,3,40,38,7,0.009401917,Erythroblast
CGTTTCTCACGAATTT-14-s4d8,GARQ,D11,3,40,38,20,0.019119978,CD8+ T
CGCCTGTGTTTGTCTA-14-s4d8,GARQ,D11,3,40,38,38,0.20781648,CD8+ T
TGTAATGTCCTTGAGG-14-s4d8,GARQ,D11,3,40,38,17,0.06433928,CD8+ T
TTGGGCCAGTTTGAGC-14-s4d8,GARQ,D11,3,40,38,29,0.18049097,CD4+ T activated
GTAAGCAAGGAACCAA-14-s4d8,GARQ,D11,3,40,38,26,0.08681393,CD4+ T activated
GGATGAATCTGCAAGT-14-s4d8,GARQ,D11,3,40,38,5,0.0136784315,cDC2
TAGGCTTAGGAAACTG-14-s4d8,GARQ,D11,3,40,38,17,0.1485982,CD8+ T
GCCTCAAAGGTCCGTA-14-s4d8,GARQ,D11,3,40,38,5,0.11309779,Lymph prog
AATCATCCAAGCGATG-14-s4d8,GARQ,D11,3,40,38,17,0.06427944,CD8+ T
TCCCTCACAGTCTAGC-14-s4d8,GARQ,D11,3,40,38,19,0.08320713,HSC
GGAGCGATCATGGTGT-14-s4d8,GARQ,D11,3,40,38,5,0.19040066,Proerythroblast
TCATTGTTCCCTTGCG-14-s4d8,GARQ,D11,3,40,38,30,0.0179708,CD8+ T
TATGTGATCCCTCAAC-14-s4d8,GARQ,D11,3,40,38,17,0.04005575,CD8+ T
TACGTTAAGGACTTAC-14-s4d8,GARQ,D11,3,40,38,10,0.03166288,CD4+ T activated
ACTTGTCGTGGTTATG-14-s4d8,GARQ,D11,3,40,38,3,0.042871952,CD8+ T
TCTCGCCCAGGCATGA-14-s4d8,GARQ,D11,3,40,38,16,0.013646841,CD8+ T
GTTAGACTCTTGAGGT-14-s4d8,GARQ,D11,3,40,38,21,0.04730153,CD8+ T
AAGCATGAGTCATCCC-14-s4d8,GARQ,D11,3,40,38,0,0.18193749,CD16+ Mono
CGCTTGCGTCCTCCAA-14-s4d8,GARQ,D11,3,40,38,19,0.016420245,MK/E prog
TGCTTGCTCTTACTCG-14-s4d8,GARQ,D11,3,40,38,26,0.031360507,CD8+ T
GGTCTTTGTGCTTAGA-14-s4d8,GARQ,D11,3,40,38,7,0.007983446,Proerythroblast
GAGTTGCGTCATCATC-14-s4d8,GARQ,D11,3,40,38,36,0.057115316,Erythroblast
TGATCACAGGTCCTGA-14-s4d8,GARQ,D11,3,40,38,17,0.05258149,CD8+ T
TGATTAGTCTCGCCTG-14-s4d8,GARQ,D11,3,40,38,26,0.055604935,CD8+ T
CCTTAACGTTGGATAT-14-s4d8,GARQ,D11,3,40,38,20,0.05374956,CD8+ T
AATGCAACAGGCGAGT-14-s4d8,GARQ,D11,3,40,38,14,0.029738188,Lymph prog
CCTTGTTCACTAGCGT-14-s4d8,GARQ,D11,3,40,38,36,0.004302025,Proerythroblast
CGCTAACCATTTAAGC-14-s4d8,GARQ,D11,3,40,38,18,0.13630748,Naive CD20+ B
GGCTGGTTCCAATTAG-14-s4d8,GARQ,D11,3,40,38,7,0.049371004,Erythroblast
GTCAAACTCCAATTAG-14-s4d8,GARQ,D11,3,40,38,14,0.22882962,Transitional B
AATCATCCAGAATGAC-14-s4d8,GARQ,D11,3,40,38,18,0.08552575,Transitional B
GGCTCAATCCAGGTCA-14-s4d8,GARQ,D11,3,40,38,17,0.13195944,CD8+ T
AACCTTGCACTGGCCA-14-s4d8,GARQ,D11,3,40,38,14,0.30509377,Transitional B
CAGGACACAGTTTGGC-14-s4d8,GARQ,D11,3,40,38,23,0.10279906,Proerythroblast
TAGCATATCCTACCTA-14-s4d8,GARQ,D11,3,40,38,17,0.082103014,CD8+ T
GATTACTCATAAGCAA-14-s4d8,GARQ,D11,3,40,38,18,0.052061677,cDC2
GTACTTCGTTCGGGAT-14-s4d8,GARQ,D11,3,40,38,23,0.06778443,Proerythroblast
CATTTGTTCTGTAATG-14-s4d8,GARQ,D11,3,40,38,26,0.03747344,CD8+ T
TTGTTGCGTTATCGAG-14-s4d8,GARQ,D11,3,40,38,18,0.2777629,Naive CD20+ B
CACGCAATCGCTCACT-14-s4d8,GARQ,D11,3,40,38,11,0.038531303,CD4+ T activated
AGTCCTTGTCGCATAA-14-s4d8,GARQ,D11,3,40,38,26,0.020631194,CD8+ T
CAATGACTCTACCTGC-14-s4d8,GARQ,D11,3,40,38,27,0.051207304,Naive CD20+ B
GTGGACACATGCTCCC-14-s4d8,GARQ,D11,3,40,38,20,0.025897205,CD4+ T naive
GGCCTTAAGTTTGTCT-14-s4d8,GARQ,D11,3,40,38,16,0.014833689,CD8+ T
CATGCATAGCTCCTTA-14-s4d8,GARQ,D11,3,40,38,29,0.0023781061,NK
ATATGCTCAAGGAATC-14-s4d8,GARQ,D11,3,40,38,27,0.10283065,Naive CD20+ B
TAAGTAGCAATTGACT-14-s4d8,GARQ,D11,3,40,38,27,0.152601,Transitional B
GTCATCACACCCACAG-14-s4d8,GARQ,D11,3,40,38,26,0.032637715,CD8+ T
GGCTAGACAGAGGCTA-14-s4d8,GARQ,D11,3,40,38,26,0.17529953,CD8+ T
TCGATTAAGGGTCCAC-14-s4d8,GARQ,D11,3,40,38,17,0.13246143,CD8+ T
GAGCGATAGGCCCAGT-14-s4d8,GARQ,D11,3,40,38,16,0.042609572,CD8+ T
ACTAAAGCACAGCCAT-14-s4d8,GARQ,D11,3,40,38,14,0.085633874,Naive CD20+ B
CTTAATGAGAATCGCT-14-s4d8,GARQ,D11,3,40,38,38,0.024063468,NK
AAATGCCTCTCCATAT-14-s4d8,GARQ,D11,3,40,38,17,0.12926698,CD8+ T
ACTAACCAGGGATGAC-14-s4d8,GARQ,D11,3,40,38,18,0.17407614,B1 B
TATTACCTCTAAGTCA-14-s4d8,GARQ,D11,3,40,38,23,0.2759074,MK/E prog
CCTATTGTCGACAAAG-14-s4d8,GARQ,D11,3,40,38,38,0.010747433,CD8+ T
ATTTGTGAGTTTCCGC-14-s4d8,GARQ,D11,3,40,38,18,0.19814193,Naive CD20+ B
CAGCCTAAGCTGGCTA-14-s4d8,GARQ,D11,3,40,38,18,0.043432653,Lymph prog
CCTATTTAGTTTGGGT-14-s4d8,GARQ,D11,3,40,38,17,0.069518805,CD8+ T
GTACGTAGTCAACAAT-14-s4d8,GARQ,D11,3,40,38,38,0.050403535,CD4+ T activated
CATCCTCAGTAGAGGC-14-s4d8,GARQ,D11,3,40,38,13,0.018246412,CD4+ T activated
CGGCTAATCGCTTGCT-14-s4d8,GARQ,D11,3,40,38,15,0.6486181,cDC2
AGACAATAGTTATCCT-14-s4d8,GARQ,D11,3,40,38,38,0.021471858,CD8+ T
AAGCATGAGATTCCTT-14-s4d8,GARQ,D11,3,40,38,14,0.02199155,cDC2
TGTTACTTCCACCTGT-14-s4d8,GARQ,D11,3,40,38,17,0.109719634,CD8+ T
ACGTTGTAGGCATTAC-14-s4d8,GARQ,D11,3,40,38,36,0.050247908,Proerythroblast
TTTCCACCAGCTTAAT-14-s4d8,GARQ,D11,3,40,38,7,0.0023708344,Normoblast
TATAGCTCAGATTCAT-14-s4d8,GARQ,D11,3,40,38,21,0.044059753,NK
CCGGTTAAGGCACAGG-14-s4d8,GARQ,D11,3,40,38,30,0.013044119,CD8+ T
TTCTTAGGTTTCAGGA-14-s4d8,GARQ,D11,3,40,38,17,0.13115573,CD8+ T
AGCACAGCATCGCTTT-14-s4d8,GARQ,D11,3,40,38,5,0.12582016,Lymph prog
GTAAAGCCAAGGATTA-14-s4d8,GARQ,D11,3,40,38,26,0.060262203,CD4+ T activated
TACGGATTCAGGCCTA-14-s4d8,GARQ,D11,3,40,38,7,0.01599574,Proerythroblast
GTGATCAGTTTACTTG-14-s4d8,GARQ,D11,3,40,38,17,0.074525714,CD8+ T
GATGCAGCAACCTGGT-14-s4d8,GARQ,D11,3,40,38,27,0.020043194,B1 B
TGCATCCTCGCAACAT-14-s4d8,GARQ,D11,3,40,38,23,0.21676064,CD14+ Mono
TAAGTAGCACAGCCTG-14-s4d8,GARQ,D11,3,40,38,27,0.07369208,B1 B
GGTAAACCACCTGCCT-14-s4d8,GARQ,D11,3,40,38,14,0.0137037635,Naive CD20+ B
CCACACAAGTGAACGA-14-s4d8,GARQ,D11,3,40,38,9,0.058827758,CD4+ T activated
GGAACTAAGATGGACA-14-s4d8,GARQ,D11,3,40,38,20,0.020342708,CD4+ T activated
TTTAAGCCAACTAGCC-14-s4d8,GARQ,D11,3,40,38,17,0.2644949,CD8+ T
AAAGGCTCATCCTGAA-14-s4d8,GARQ,D11,3,40,38,26,0.078847766,CD8+ T
CATAGGCGTGATCAGC-14-s4d8,GARQ,D11,3,40,38,17,0.08058584,NK
TGTTCCTCAGTTTGGC-14-s4d8,GARQ,D11,3,40,38,27,0.09160602,B1 B
TATTAGGTCCCGCATT-14-s4d8,GARQ,D11,3,40,38,14,0.108623505,Transitional B
AAACCGAAGTAACTCA-14-s4d8,GARQ,D11,3,40,38,36,0.039158344,Proerythroblast
TGAGGGCCACCTCACC-14-s4d8,GARQ,D11,3,40,38,18,0.0656181,Lymph prog
CAAACTGGTATGGTGC-14-s4d8,GARQ,D11,3,40,38,17,0.021852255,CD8+ T
GAAACCCGTTTCGCGC-14-s4d8,GARQ,D11,3,40,38,26,0.05462396,CD4+ T activated
CGAGTCGGTTGACTTC-14-s4d8,GARQ,D11,3,40,38,26,0.033459306,CD4+ T naive
ACCAAGCGTCAGGCAT-14-s4d8,GARQ,D11,3,40,38,17,0.06619239,NK
AACGACAAGGAACCAA-14-s4d8,GARQ,D11,3,40,38,36,0.030619621,Proerythroblast
TGCTTAAAGCTCCTAC-14-s4d8,GARQ,D11,3,40,38,26,0.09314048,CD8+ T
AAGAATCAGTAACCAC-14-s4d8,GARQ,D11,3,40,38,38,0.43894923,CD8+ T
AACAGGATCAATGTCA-14-s4d8,GARQ,D11,3,40,38,38,0.09659994,CD4+ T activated
ACAACACTCTGGCTTC-14-s4d8,GARQ,D11,3,40,38,27,0.012109578,Transitional B
TGAGGTGCATAAAGCA-14-s4d8,GARQ,D11,3,40,38,26,0.13104653,CD4+ T activated
GGTTATATCATTTGTC-14-s4d8,GARQ,D11,3,40,38,29,0.32299232,CD4+ T activated
CTAATAGTCAACAAGG-14-s4d8,GARQ,D11,3,40,38,38,0.031731844,CD4+ T activated
CCTGATGAGTTTAACG-14-s4d8,GARQ,D11,3,40,38,26,0.060942054,CD8+ T
AACAGCAAGGTCCTAG-14-s4d8,GARQ,D11,3,40,38,16,0.0031368136,CD8+ T
TAATGGACAATACTGT-14-s4d8,GARQ,D11,3,40,38,17,0.15069258,CD8+ T
TTGCATTTCCCATAGG-14-s4d8,GARQ,D11,3,40,38,27,0.12995505,Naive CD20+ B
TATGACATCTTGAGCG-14-s4d8,GARQ,D11,3,40,38,17,0.16402674,CD8+ T
ATGCGATTCGTTCACC-14-s4d8,GARQ,D11,3,40,38,22,0.06890726,CD8+ T
GGACATAAGTTTGAGC-14-s4d8,GARQ,D11,3,40,38,38,0.06355274,CD8+ T
AACAAGCCAAGTTATC-14-s4d8,GARQ,D11,3,40,38,36,0.03130126,Proerythroblast
CCTTAACGTGCTAGAC-14-s4d8,GARQ,D11,3,40,38,7,0.042399883,Erythroblast
CTGGCTAAGTTAGACC-14-s4d8,GARQ,D11,3,40,38,38,0.023244262,CD8+ T
TCCAGCAAGGCTAGAA-14-s4d8,GARQ,D11,3,40,38,26,0.053367376,CD8+ T
GTGTTACAGAAAGGAA-14-s4d8,GARQ,D11,3,40,38,38,0.043170035,CD4+ T activated
ACCAAACTCCGCCTCA-14-s4d8,GARQ,D11,3,40,38,27,0.058906794,Naive CD20+ B
CGCGATTCAAGGTATA-14-s4d8,GARQ,D11,3,40,38,30,0.037780285,NK
GTCTAACAGATGGAGC-14-s4d8,GARQ,D11,3,40,38,17,0.19350266,CD8+ T
GTTTACCGTCCCGGAA-14-s4d8,GARQ,D11,3,40,38,15,0.06809819,CD14+ Mono
CTTGACGAGGAGGTTA-14-s4d8,GARQ,D11,3,40,38,7,0.08440828,Proerythroblast
GCTCGATCACATACTG-14-s4d8,GARQ,D11,3,40,38,22,0.28377903,CD8+ T
ACCAATATCAATGTGC-14-s4d8,GARQ,D11,3,40,38,38,0.01160872,CD4+ T activated
TACAAGCTCATTGCAA-14-s4d8,GARQ,D11,3,40,38,38,0.06665254,CD8+ T
CCCGTAAAGGGCTAAA-14-s4d8,GARQ,D11,3,40,38,38,0.11637008,CD8+ T
GACCTAAGTCCTTCTC-14-s4d8,GARQ,D11,3,40,38,27,0.114071846,Naive CD20+ B
GGGCGAATCACAAGCT-14-s4d8,GARQ,D11,3,40,38,18,0.06748617,Naive CD20+ B
CCTTAACGTGTGAGGA-14-s4d8,GARQ,D11,3,40,38,38,0.03524208,CD8+ T
TTTCTTGCATCCATCT-14-s4d8,GARQ,D11,3,40,38,26,0.003926873,CD8+ T
CTAGATTCAAGGAATC-14-s4d8,GARQ,D11,3,40,38,36,0.016903639,Proerythroblast
CAGATTCAGTATTGCA-14-s4d8,GARQ,D11,3,40,38,27,0.19921923,Transitional B
ACTAACCAGCACCACA-14-s4d8,GARQ,D11,3,40,38,38,0.15271968,CD8+ T
GAGTCATTCATGGTTA-14-s4d8,GARQ,D11,3,40,38,11,0.0033390522,CD8+ T
CACCAACCACATACTG-14-s4d8,GARQ,D11,3,40,38,17,0.04616344,CD8+ T
CGCAATAGTATTGGTG-14-s4d8,GARQ,D11,3,40,38,36,0.011921167,Proerythroblast
TGGTCCTTCTAGCTTT-14-s4d8,GARQ,D11,3,40,38,11,0.11327785,CD4+ T activated
ATTAACCCATGGTTAT-14-s4d8,GARQ,D11,3,40,38,5,0.07755369,Lymph prog
GACTAATGTGGATGTC-14-s4d8,GARQ,D11,3,40,38,10,0.14043379,CD8+ T
CCTGAATAGTTAGACC-14-s4d8,GARQ,D11,3,40,38,36,0.020926714,Erythroblast
AGGTCATTCTCACATT-14-s4d8,GARQ,D11,3,40,38,11,0.00349617,NK
CTTAAGGGTTTGTGGA-14-s4d8,GARQ,D11,3,40,38,38,0.016640544,CD8+ T
GTTAAGTGTCACAGCG-14-s4d8,GARQ,D11,3,40,38,36,0.046074152,Proerythroblast
TTGCATTTCGATTTGA-14-s4d8,GARQ,D11,3,40,38,27,0.09105897,Plasma cell
AATTGCTCACCTGGTG-14-s4d8,GARQ,D11,3,40,38,11,0.043277025,CD8+ T
AACCTTGCAAATACCT-14-s4d8,GARQ,D11,3,40,38,29,0.0578537,CD8+ T
GCAGGACCAAGCTTAT-14-s4d8,GARQ,D11,3,40,38,30,0.022629023,CD8+ T
GTTTCTAGTACAATGT-14-s4d8,GARQ,D11,3,40,38,29,0.06098175,CD4+ T naive
TTTCGTCCAGTAGGAT-14-s4d8,GARQ,D11,3,40,38,26,0.12140298,CD8+ T
GTGCTTCTCTAATTGG-14-s4d8,GARQ,D11,3,40,38,17,0.036945343,CD8+ T
GGTCAAGCAAAGCTCC-14-s4d8,GARQ,D11,3,40,38,36,0.01202786,MK/E prog
TAGCTTAAGGAACCGG-14-s4d8,GARQ,D11,3,40,38,7,0.03701496,Erythroblast
ACTTCGCTCATCCTCA-14-s4d8,GARQ,D11,3,40,38,23,0.15191644,CD16+ Mono
TATGACATCATTGACA-14-s4d8,GARQ,D11,3,40,38,7,0.10046649,Erythroblast
AGCATCCCACATTAAC-14-s4d8,GARQ,D11,3,40,38,16,0.06629586,CD8+ T
TTTCCGGGTCACACCC-14-s4d8,GARQ,D11,3,40,38,27,0.021882176,Naive CD20+ B
GGTTCTTGTTAGGTGC-14-s4d8,GARQ,D11,3,40,38,30,0.05006957,CD8+ T
TTGGATATCTTTAAGG-14-s4d8,GARQ,D11,3,40,38,36,0.049788117,Erythroblast
GGATGTAAGGGTGAAC-14-s4d8,GARQ,D11,3,40,38,14,0.033746004,Naive CD20+ B
GTTCCCAGTTGTCATC-14-s4d8,GARQ,D11,3,40,38,17,0.008861065,NK
GGTCCTGCAGCAAGGC-14-s4d8,GARQ,D11,3,40,38,27,0.12889647,Naive CD20+ B
CCTTCGTAGCACGTTG-14-s4d8,GARQ,D11,3,40,38,22,0.052731693,CD8+ T
CGGTGAACAGTTATCG-14-s4d8,GARQ,D11,3,40,38,9,0.013056636,CD4+ T activated
AGCCTCCGTTATCCGT-14-s4d8,GARQ,D11,3,40,38,26,0.07875866,CD8+ T
TTAGGCCCAGCACGTT-14-s4d8,GARQ,D11,3,40,38,1,0.10145223,CD4+ T naive
GGTTCTTGTGAGACTC-14-s4d8,GARQ,D11,3,40,38,30,0.13186514,CD8+ T
TTTAACGAGCTCAAAC-14-s4d8,GARQ,D11,3,40,38,29,0.027755618,CD4+ T activated
TTAGTCAAGCCTGATG-14-s4d8,GARQ,D11,3,40,38,17,0.08334947,CD8+ T
ATTAGGTGTTAGAGCC-14-s4d8,GARQ,D11,3,40,38,17,0.20228148,CD8+ T
AGTCCTGAGTTATCTC-14-s4d8,GARQ,D11,3,40,38,18,0.15123439,Naive CD20+ B
TTGCGTCTCACGAATC-14-s4d8,GARQ,D11,3,40,38,27,0.14754057,CD4+ T naive
CGAGCTGGTGAAACAA-14-s4d8,GARQ,D11,3,40,38,27,0.12743044,B1 B
GGCTAGACATCAGCAC-14-s4d8,GARQ,D11,3,40,38,18,0.11566138,Lymph prog
CGGGCTTAGGTCAAAG-14-s4d8,GARQ,D11,3,40,38,36,0.011686087,Normoblast
CGCTTCTAGTGAACAG-14-s4d8,GARQ,D11,3,40,38,18,0.02394247,Transitional B
TAGCAGGCAATCCTGA-14-s4d8,GARQ,D11,3,40,38,18,0.061134934,Lymph prog
CTCAGGATCCCTGGAA-14-s4d8,GARQ,D11,3,40,38,36,0.058506966,Erythroblast
AGGTCTTAGCGCAATT-14-s4d8,GARQ,D11,3,40,38,7,0.0009948015,Proerythroblast
TTTGTGAAGTTTCCGC-14-s4d8,GARQ,D11,3,40,38,26,0.06534445,CD8+ T
AACAGGATCCTCATGC-14-s4d8,GARQ,D11,3,40,38,18,0.1166985,Transitional B
TGATGACTCATAAGCC-14-s4d8,GARQ,D11,3,40,38,26,0.11106026,NK
CCTCAGTTCCTGGCTT-14-s4d8,GARQ,D11,3,40,38,17,0.053430676,CD8+ T
GTCATGAGTGGTTAGC-14-s4d8,GARQ,D11,3,40,38,38,0.0082525015,CD8+ T
GCCTGTGCACAGCCTG-14-s4d8,GARQ,D11,3,40,38,26,0.019467115,CD8+ T
TAGGAACCAATAAGCA-14-s4d8,GARQ,D11,3,40,38,7,0.00096845627,Proerythroblast
CAAACTGGTGCTTAGA-14-s4d8,GARQ,D11,3,40,38,14,0.023899198,Lymph prog
AGCAAGGGTGTCCTGC-14-s4d8,GARQ,D11,3,40,38,29,0.07903588,CD4+ T activated
GGGTTACGTGCAATGC-14-s4d8,GARQ,D11,3,40,38,18,0.087549806,B1 B
ACAGCCGGTGATGAAA-14-s4d8,GARQ,D11,3,40,38,26,0.0037955046,CD8+ T
CTTGCATGTTTGCTGT-14-s4d8,GARQ,D11,3,40,38,29,0.037786722,CD4+ T activated
TCCCGTTAGATTCCTT-14-s4d8,GARQ,D11,3,40,38,18,0.13461065,Transitional B
CGATTTGCATGAGCAG-14-s4d8,GARQ,D11,3,40,38,20,0.020972013,CD8+ T
GGAACCTGTTAGGTTG-14-s4d8,GARQ,D11,3,40,38,14,0.05732417,B1 B
ACGCCTTTCTTAAGTG-14-s4d8,GARQ,D11,3,40,38,29,0.19065487,CD8+ T
CTCCGGACACTTCATC-14-s4d8,GARQ,D11,3,40,38,18,0.0024724007,Naive CD20+ B
GTGGACACAAACGCGA-14-s4d8,GARQ,D11,3,40,38,14,0.17462802,Transitional B
CCCTGTTAGACCATAC-14-s4d8,GARQ,D11,3,40,38,17,0.01852721,CD8+ T
CCTTACTCAAGCGATG-14-s4d8,GARQ,D11,3,40,38,17,0.113039315,CD8+ T
TATTGACCAGCAAATA-14-s4d8,GARQ,D11,3,40,38,17,0.15724385,CD8+ T
TTCGTTAGTAACGTGC-14-s4d8,GARQ,D11,3,40,38,18,0.012474179,Transitional B
CAATAAGCATGTTTGG-14-s4d8,GARQ,D11,3,40,38,20,0.2780077,CD8+ T
CAAACATGTGCACGCA-14-s4d8,GARQ,D11,3,40,38,17,0.122563004,CD8+ T
AAACGTACATTATGAC-14-s4d8,GARQ,D11,3,40,38,2,0.025215805,CD4+ T activated
CGCTATGAGCTCCTAC-14-s4d8,GARQ,D11,3,40,38,13,0.012771845,CD8+ T
ACTAATCCAGTTAAAG-14-s4d8,GARQ,D11,3,40,38,26,0.04314983,CD8+ T
GATTAGCTCATCCACC-14-s4d8,GARQ,D11,3,40,38,38,0.07700527,NK
TTTGTGGCATTCCTGT-14-s4d8,GARQ,D11,3,40,38,2,0.05980116,CD4+ T activated
AACTCACAGTACTGGT-14-s4d8,GARQ,D11,3,40,38,17,0.07342279,CD8+ T
TAACCGGTCTCCTCAA-14-s4d8,GARQ,D11,3,40,38,11,0.036428034,CD4+ T activated
CGCCAAATCCATTACT-14-s4d8,GARQ,D11,3,40,38,3,0.009793222,CD8+ T
GTTCACCTCGGTTTCC-14-s4d8,GARQ,D11,3,40,38,26,0.117788196,NK
GACTATTCACGAATCC-14-s4d8,GARQ,D11,3,40,38,17,0.15111208,CD8+ T
CGTCCTAGTCCTAAGA-14-s4d8,GARQ,D11,3,40,38,17,0.08642316,NK
TTTGTGGCAAGGATTA-14-s4d8,GARQ,D11,3,40,38,18,0.047765017,Transitional B
GGATATTGTCCTAATC-14-s4d8,GARQ,D11,3,40,38,23,0.18040293,CD16+ Mono
AGTGCGGAGGCTAAGA-14-s4d8,GARQ,D11,3,40,38,7,0.0427351,Proerythroblast
GGTAAACCAGCCAGAA-14-s4d8,GARQ,D11,3,40,38,26,0.08810514,CD8+ T
CAATGTCAGTCGCTAG-14-s4d8,GARQ,D11,3,40,38,17,0.03129816,CD8+ T
TTTCAGTTCTCAATTC-14-s4d8,GARQ,D11,3,40,38,26,0.21582866,CD8+ T
GTCCTAGAGTGATTCA-14-s4d8,GARQ,D11,3,40,38,30,0.038313866,CD8+ T
GATGCATTCTAATTGG-14-s4d8,GARQ,D11,3,40,38,36,0.049351573,Proerythroblast
AGATGCTTCCAGGTTG-14-s4d8,GARQ,D11,3,40,38,26,0.072407484,NK
TAGGCTAGTTAACAGT-14-s4d8,GARQ,D11,3,40,38,17,0.03349054,CD8+ T
GCAAACTTCTTGATGA-14-s4d8,GARQ,D11,3,40,38,26,0.06327772,CD8+ T
GTGAGCGAGCACTAGT-14-s4d8,GARQ,D11,3,40,38,36,0.064659,Proerythroblast
CGCATGATCCGGAACC-14-s4d8,GARQ,D11,3,40,38,38,0.12752676,CD8+ T
CCGCTAGCACTTCATC-14-s4d8,GARQ,D11,3,40,38,30,0.06714171,NK
CCTCCTGAGTGAGCAA-14-s4d8,GARQ,D11,3,40,38,7,0.1201359,Normoblast
AGCGATTTCACAAGCT-14-s4d8,GARQ,D11,3,40,38,26,0.04505956,CD8+ T
GCTAGCTCATTGTGTG-14-s4d8,GARQ,D11,3,40,38,17,0.004409075,CD8+ T
TAGTAGGAGGTGAGAC-14-s4d8,GARQ,D11,3,40,38,17,0.09845203,NK
CTCACTCAGCCGCAGT-14-s4d8,GARQ,D11,3,40,38,26,0.07203013,CD8+ T
ATCCTTAGTTGTCCAT-14-s4d8,GARQ,D11,3,40,38,23,0.21104366,G/M prog
AATATCCCAGTATGTT-14-s4d8,GARQ,D11,3,40,38,19,0.098891735,HSC
CTCGTTATCCTTAAGA-14-s4d8,GARQ,D11,3,40,38,11,0.065172195,CD8+ T
TGCTAGCCACCAAAGG-14-s4d8,GARQ,D11,3,40,38,14,0.07401967,Naive CD20+ B
CAGGATGCACAAAGAC-14-s4d8,GARQ,D11,3,40,38,30,0.00014352798,CD8+ T
TATAGCCAGCCAAATC-14-s4d8,GARQ,D11,3,40,38,26,0.02385652,CD8+ T
GACTAATGTTGGTTAG-14-s4d8,GARQ,D11,3,40,38,29,0.18573654,NK
CCCTCATAGCGAAGTA-14-s4d8,GARQ,D11,3,40,38,30,0.022685051,CD4+ T activated
TTGGATATCCAAGTTA-14-s4d8,GARQ,D11,3,40,38,14,0.041121602,Transitional B
TGGCCTGCAATGCGCT-14-s4d8,GARQ,D11,3,40,38,7,0.06701207,Erythroblast
AGTATAGCAACATAAG-14-s4d8,GARQ,D11,3,40,38,5,0.17377353,Lymph prog
CTCTTGATCGTGCCTT-14-s4d8,GARQ,D11,3,40,38,11,0.08044863,CD8+ T
GTGTAACTCGAAGTGA-14-s4d8,GARQ,D11,3,40,38,7,0.05475998,Erythroblast
GGCTTCAAGTTTGTCT-14-s4d8,GARQ,D11,3,40,38,17,0.0053919554,CD8+ T
ACAGTATGTCTCACTG-14-s4d8,GARQ,D11,3,40,38,16,0.039465487,CD4+ T activated
AAAGCTTGTCGTAAAT-14-s4d8,GARQ,D11,3,40,38,27,0.005530596,B1 B
ACTTGCACATTGCGAC-14-s4d8,GARQ,D11,3,40,38,26,0.0926491,CD8+ T
CTTAGTTTCTCCATAT-14-s4d8,GARQ,D11,3,40,38,38,0.037976623,NK
CATTGTAAGCTCAATA-14-s4d8,GARQ,D11,3,40,38,17,0.03930062,CD8+ T
GGAACTAAGGTGCTGC-14-s4d8,GARQ,D11,3,40,38,11,0.020574927,NK
GGTTATATCTGCAACG-14-s4d8,GARQ,D11,3,40,38,33,0.023776293,Lymph prog
GGTTTGTAGAAAGCAT-14-s4d8,GARQ,D11,3,40,38,17,0.04151702,CD8+ T
TGGCGGTTCCTGATTT-14-s4d8,GARQ,D11,3,40,38,18,0.14425802,Lymph prog
ATATGGTGTTAACGAT-14-s4d8,GARQ,D11,3,40,38,27,0.14903891,Naive CD20+ B
AGTTGCGTCTTGCTAT-14-s4d8,GARQ,D11,3,40,38,17,0.29482436,CD8+ T
GCTGATCCACTAAGAA-14-s4d8,GARQ,D11,3,40,38,22,0.06162238,CD8+ T
TGTATCGCATAGCTGC-14-s4d8,GARQ,D11,3,40,38,23,0.29606104,HSC
ACATCAATCATGCTAA-14-s4d8,GARQ,D11,3,40,38,18,0.11865878,Transitional B
CGAACAAAGTTCCTGC-14-s4d8,GARQ,D11,3,40,38,38,0.105843306,CD4+ T naive
TTAGACTCATTAGGCC-14-s4d8,GARQ,D11,3,40,38,11,0.13532495,NK
GGTCTTGAGCCTTAAA-14-s4d8,GARQ,D11,3,40,38,17,0.2572285,CD8+ T
AGTAACGAGACTTATG-14-s4d8,GARQ,D11,3,40,38,26,0.092476726,CD8+ T
TCGCATTGTGAGACTC-14-s4d8,GARQ,D11,3,40,38,27,0.054183424,B1 B
CAGCATGTCACTTTAC-14-s4d8,GARQ,D11,3,40,38,7,0.030120611,Proerythroblast
CGTTATCGTAAGGTTT-14-s4d8,GARQ,D11,3,40,38,23,0.11287367,G/M prog
CAGGACACATATTGAC-14-s4d8,GARQ,D11,3,40,38,27,0.12560308,Naive CD20+ B
CATAATGTCCACCCTG-14-s4d8,GARQ,D11,3,40,38,36,0.07693219,Proerythroblast
GGTCCGTAGGTCATTA-14-s4d8,GARQ,D11,3,40,38,26,0.1795941,CD8+ T
AAGCGAATCGATTATG-14-s4d8,GARQ,D11,3,40,38,15,0.037871897,CD16+ Mono
GAGTAATAGTAGCTTA-14-s4d8,GARQ,D11,3,40,38,27,0.0004554987,CD8+ T
ACTTCGCTCTAGCGTG-14-s4d8,GARQ,D11,3,40,38,5,0.07589626,Lymph prog
CATGCATAGCAAGGTA-14-s4d8,GARQ,D11,3,40,38,17,0.07892692,CD4+ T activated
TAGCCTTGTTAGTACG-14-s4d8,GARQ,D11,3,40,38,19,0.08824837,MK/E prog
TATCGCGAGGACACTT-14-s4d8,GARQ,D11,3,40,38,17,0.18090677,CD8+ T
AAACAGCCATGAAATG-14-s4d8,GARQ,D11,3,40,38,27,0.044919133,Plasma cell
AATCCTAAGCTTAGTA-14-s4d8,GARQ,D11,3,40,38,17,0.063945174,CD8+ T
GTAGGTGCATCGCTTT-14-s4d8,GARQ,D11,3,40,38,14,0.061443686,Transitional B
TCTCGCCCATCGCTTT-14-s4d8,GARQ,D11,3,40,38,36,0.05797255,Proerythroblast
TGATCACAGGACCTCA-14-s4d8,GARQ,D11,3,40,38,29,0.052880526,CD8+ T
GGCCAACTCCTAGTCC-14-s4d8,GARQ,D11,3,40,38,17,0.1739471,CD8+ T
TTGCGAGTCGCTAAAC-14-s4d8,GARQ,D11,3,40,38,20,0.075196624,NK
TTGCTTAGTGAATCGC-14-s4d8,GARQ,D11,3,40,38,17,0.14251101,CD8+ T
CCTCAGTTCGCAACAT-14-s4d8,GARQ,D11,3,40,38,22,0.00925231,CD8+ T
GTGCTGGGTACGGTAC-14-s4d8,GARQ,D11,3,40,38,0,0.010729849,Erythroblast
GAAGTGATCGACAAAG-14-s4d8,GARQ,D11,3,40,38,23,0.3275808,MK/E prog
AAGCATGAGTAAGTGG-14-s4d8,GARQ,D11,3,40,38,17,0.022346556,CD8+ T
GCAATAGAGAAACTGG-14-s4d8,GARQ,D11,3,40,38,20,0.006829262,CD4+ T naive
ACCAGGCTCATTGTTC-14-s4d8,GARQ,D11,3,40,38,14,0.007913947,Transitional B
CAGGCTATCGCATTAA-14-s4d8,GARQ,D11,3,40,38,17,0.023329139,CD4+ T activated
TGCATTAAGACAAACG-14-s4d8,GARQ,D11,3,40,38,14,0.043088853,Naive CD20+ B
GATAGACCAAGGTAAC-14-s4d8,GARQ,D11,3,40,38,23,0.030088484,cDC2
CAGGCTATCGCTATGG-14-s4d8,GARQ,D11,3,40,38,9,0.010712385,CD8+ T
TTGTCCATCTTAGGGT-14-s4d8,GARQ,D11,3,40,38,38,0.06415677,NK
TCGACAAGTTATTGCC-14-s4d8,GARQ,D11,3,40,38,17,0.027817369,CD8+ T
GGACATAAGGTCCACA-14-s4d8,GARQ,D11,3,40,38,23,0.06334126,MK/E prog
CCTATTTAGTAATCCA-14-s4d8,GARQ,D11,3,40,38,26,0.22915184,CD8+ T
TCATACTTCGCACACA-14-s4d8,GARQ,D11,3,40,38,36,0.029554844,Proerythroblast
AAGCTATGTGTTTGTC-14-s4d8,GARQ,D11,3,40,38,26,0.10613716,CD8+ T
GCCAACATCATCACTT-14-s4d8,GARQ,D11,3,40,38,26,0.1758067,CD4+ T activated
ATGTGAGAGTATTGCA-14-s4d8,GARQ,D11,3,40,38,19,0.09516871,cDC2
CTTATGTTCTTGCTAT-14-s4d8,GARQ,D11,3,40,38,38,0.046437144,CD4+ T activated
GCTTTGTGTCTAACCT-14-s4d8,GARQ,D11,3,40,38,38,0.05539131,CD8+ T
TCAGCCTTCTTAATGG-14-s4d8,GARQ,D11,3,40,38,14,0.005276799,Lymph prog
GCCCATAAGAGAAGGG-14-s4d8,GARQ,D11,3,40,38,23,0.23648667,MK/E prog
AGCTTTAAGGTTAGCT-14-s4d8,GARQ,D11,3,40,38,14,0.00921905,B1 B
GGTCTTTGTCAGGCCA-14-s4d8,GARQ,D11,3,40,38,17,0.18483567,CD8+ T
CCAACATAGGAGCACG-14-s4d8,GARQ,D11,3,40,38,27,0.05453348,Transitional B
ATCTATGAGTTATCCT-14-s4d8,GARQ,D11,3,40,38,7,0.005377054,Erythroblast
GATCAGGCAATTTGGT-14-s4d8,GARQ,D11,3,40,38,14,0.15937757,B1 B
CATTCCTCAAGCGATG-14-s4d8,GARQ,D11,3,40,38,17,0.09896958,CD8+ T
GAGCATGCAGGTTATT-14-s4d8,GARQ,D11,3,40,38,38,0.10839558,CD8+ T
AATTTCCTCAGCCAAT-14-s4d8,GARQ,D11,3,40,38,38,0.06722164,CD8+ T
CTAATAGTCGCGACAC-14-s4d8,GARQ,D11,3,40,38,18,0.035791636,Transitional B
TGTGCGGGTACCGAAC-14-s4d8,GARQ,D11,3,40,38,38,0.12750757,CD4+ T activated
GGCTCAATCCCGTTGT-14-s4d8,GARQ,D11,3,40,38,14,0.25001073,Transitional B
CATAGGTTCGAGGAGT-14-s4d8,GARQ,D11,3,40,38,1,0.26637948,CD4+ T activated
TTTCACCCAACAGCCT-14-s4d8,GARQ,D11,3,40,38,26,0.07039511,CD8+ T
AGCTAACTCTTGACCC-14-s4d8,GARQ,D11,3,40,38,18,0.0016748905,Lymph prog
CAATAAGCAGCTTAAT-14-s4d8,GARQ,D11,3,40,38,7,0.04096651,Normoblast
CATTTGTTCGTTATAG-14-s4d8,GARQ,D11,3,40,38,26,0.13726854,CD8+ T
AGACCCGGTTTGTTGC-14-s4d8,GARQ,D11,3,40,38,38,0.0249089,CD4+ T activated
AGTGTTTCATCCATCT-14-s4d8,GARQ,D11,3,40,38,18,0.22747314,B1 B
CACAGGCTCTTAGCCC-14-s4d8,GARQ,D11,3,40,38,33,0.09766781,CD16+ Mono
CAATCCTGTCATTACC-14-s4d8,GARQ,D11,3,40,38,18,0.018200636,Naive CD20+ B
CTTGCGCGTAAGGTCC-14-s4d8,GARQ,D11,3,40,38,27,0.047511816,Naive CD20+ B
GCTAAGAAGTGATTCA-14-s4d8,GARQ,D11,3,40,38,36,0.018040657,Proerythroblast
AGTTGCAGTTACATCC-14-s4d8,GARQ,D11,3,40,38,38,0.17463839,CD8+ T
GAGCCACTCATGGCTG-14-s4d8,GARQ,D11,3,40,38,10,0.05865574,NK
AGTCAATGTTTGGTTC-14-s4d8,GARQ,D11,3,40,38,17,0.17816412,CD8+ T
AGCTAAACAGCGCTTG-14-s4d8,GARQ,D11,3,40,38,26,0.21686304,CD8+ T
CTGCTCCCAAAGCTCC-14-s4d8,GARQ,D11,3,40,38,18,0.04577136,Lymph prog
GAAGGCCCAGTTATCG-14-s4d8,GARQ,D11,3,40,38,26,0.088567615,CD8+ T
GTGTAACTCTCGACCT-14-s4d8,GARQ,D11,3,40,38,14,0.05557394,Lymph prog
ATGCATTCATCTAGCA-14-s4d8,GARQ,D11,3,40,38,27,0.011717677,Naive CD20+ B
CAATGTGGTATACTGG-14-s4d8,GARQ,D11,3,40,38,36,0.04839158,Proerythroblast
TGGTCAAGTAACCACA-14-s4d8,GARQ,D11,3,40,38,27,0.011080027,Naive CD20+ B
GCCTAATAGCAAGGGT-14-s4d8,GARQ,D11,3,40,38,11,0.008090615,CD8+ T
CTGTTAAAGCATGAAG-14-s4d8,GARQ,D11,3,40,38,30,0.008024931,CD8+ T
ATATAGGCACCGGCTA-14-s4d8,GARQ,D11,3,40,38,36,0.04902363,MK/E prog
TGGTTCCTCGGGACCT-14-s4d8,GARQ,D11,3,40,38,30,0.06413394,CD8+ T
ACTGAATGTTGCCTCA-14-s4d8,GARQ,D11,3,40,38,26,0.023592353,CD8+ T
GTTGGAGCAAAGGTAC-14-s4d8,GARQ,D11,3,40,38,18,0.067878604,B1 B
GCGGAACCAACCTGGT-14-s4d8,GARQ,D11,3,40,38,11,0.02199006,NK
GGTGCTTCAGCCTTGG-14-s4d8,GARQ,D11,3,40,38,18,0.16736555,Proerythroblast
ACCCAGGGTGAAGCCT-14-s4d8,GARQ,D11,3,40,38,38,0.18788135,CD8+ T
CAGGTTAGTTAGTACG-14-s4d8,GARQ,D11,3,40,38,17,0.20082855,CD8+ T
CCAAACCCATCCATCT-14-s4d8,GARQ,D11,3,40,38,27,0.058885098,Naive CD20+ B
CCGCTTAGTGGTTATG-14-s4d8,GARQ,D11,3,40,38,17,0.13334823,CD8+ T
CCAAACCCATGAGTTT-14-s4d8,GARQ,D11,3,40,38,36,0.014214158,Proerythroblast
CTGGTAAGTAATAGCT-14-s4d8,GARQ,D11,3,40,38,18,0.15520906,B1 B
TTCAACCGTGGTTATG-14-s4d8,GARQ,D11,3,40,38,17,0.09718299,CD8+ T
AGAATCGAGGGACGCA-14-s4d8,GARQ,D11,3,40,38,14,0.07272649,Naive CD20+ B
GATAGACCACGTTACA-14-s4d8,GARQ,D11,3,40,38,29,0.0041885376,CD8+ T
CTAGCTGAGTAACGGA-14-s4d8,GARQ,D11,3,40,38,29,0.020569265,CD4+ T activated
TCTCACCAGGCCGGAA-14-s4d8,GARQ,D11,3,40,38,17,0.10529882,CD8+ T
AAGTTACGTCATGCAA-14-s4d8,GARQ,D11,3,40,38,17,0.030310154,CD8+ T
AGTAAGTAGGCCGGAA-14-s4d8,GARQ,D11,3,40,38,17,0.12751818,CD8+ T
CTAACCACAACACTTG-14-s4d8,GARQ,D11,3,40,38,29,0.120702386,CD8+ T
TTAAAGGCAGCATGTC-14-s4d8,GARQ,D11,3,40,38,17,0.05183363,CD8+ T
TGGCCTTTCATTGTCT-14-s4d8,GARQ,D11,3,40,38,18,0.1750158,Naive CD20+ B
TAACCAGGTAAGCTTG-14-s4d8,GARQ,D11,3,40,38,13,0.006713152,CD8+ T
AATCATGTCCTGAATA-14-s4d8,GARQ,D11,3,40,38,18,0.0475173,Naive CD20+ B
GTTTGCTGTTTACCGT-14-s4d8,GARQ,D11,3,40,38,26,0.12569165,CD8+ T
AGCCTAAGTGCTTTAC-14-s4d8,GARQ,D11,3,40,38,26,0.026072502,CD8+ T
GTGTCCAAGGTCCTAG-14-s4d8,GARQ,D11,3,40,38,26,0.107663274,NK
TCCGGTTTCATAATCG-14-s4d8,GARQ,D11,3,40,38,13,0.021528006,CD4+ T naive
GGGTGAAGTACCTTAC-14-s4d8,GARQ,D11,3,40,38,18,0.0024335384,Naive CD20+ B
AGGTACGCAGGCTTCG-14-s4d8,GARQ,D11,3,40,38,36,0.050985932,Proerythroblast
CTCCGTCCACCTCACC-14-s4d8,GARQ,D11,3,40,38,27,0.082496524,Naive CD20+ B
TTTGTGTTCGCACACA-14-s4d8,GARQ,D11,3,40,38,14,0.09238374,Transitional B
CCAAACCCACGTAATT-14-s4d8,GARQ,D11,3,40,38,18,0.124343276,Transitional B
ATCAAGACAGCATGTC-14-s4d8,GARQ,D11,3,40,38,26,0.16131186,CD8+ T
GCAGCAACAGTTAGCC-14-s4d8,GARQ,D11,3,40,38,38,0.049976468,CD8+ T
GCTTGTTGTTGAGGTC-14-s4d8,GARQ,D11,3,40,38,30,0.15237653,CD8+ T
AGGGCTACACTAAATC-14-s4d8,GARQ,D11,3,40,38,26,0.021155834,CD8+ T
CAAACAACAATGCGCT-14-s4d8,GARQ,D11,3,40,38,7,0.03240502,Proerythroblast
TCATTGTTCCGCCTAT-14-s4d8,GARQ,D11,3,40,38,17,0.09361029,CD8+ T
CCTAATCGTACCGAAC-14-s4d8,GARQ,D11,3,40,38,26,0.066431284,B1 B
CTTTGTCCAACACTTG-14-s4d8,GARQ,D11,3,40,38,38,0.12541604,CD8+ T
GCCTTAACAATTGAGA-14-s4d8,GARQ,D11,3,40,38,18,0.04026425,B1 B
ACACCTTGTTAAGGTT-14-s4d8,GARQ,D11,3,40,38,26,0.08380377,CD8+ T
ATTACCGCAGTTGCGT-14-s4d8,GARQ,D11,3,40,38,16,0.014680743,CD8+ T
AGAACCGCATGAAATG-14-s4d8,GARQ,D11,3,40,38,30,0.07605672,CD8+ T
GTGCTCAAGAATCGCT-14-s4d8,GARQ,D11,3,40,38,29,0.018983841,CD8+ T
TGAGCAAAGGAAGCAC-14-s4d8,GARQ,D11,3,40,38,11,0.12258214,B1 B
CCTTACTCAGAAATTG-14-s4d8,GARQ,D11,3,40,38,17,0.06569958,CD8+ T
TGTGTTAAGTGATTCA-14-s4d8,GARQ,D11,3,40,38,30,0.0061291456,CD8+ T
GCACGAACATTGTCCT-14-s4d8,GARQ,D11,3,40,38,18,0.16905713,Transitional B
TTCCTTCTCAAGCTAC-14-s4d8,GARQ,D11,3,40,38,21,0.011072516,CD8+ T
CCAAACCCATTGACAT-14-s4d8,GARQ,D11,3,40,38,29,0.015762031,CD8+ T
TTTAGCAAGCTTAGCG-14-s4d8,GARQ,D11,3,40,38,17,0.15220249,CD8+ T
CCAAACCCACCCTCAC-14-s4d8,GARQ,D11,3,40,38,36,0.02146864,Proerythroblast
GACCTCAAGTATTGTG-14-s4d8,GARQ,D11,3,40,38,7,0.013457775,Proerythroblast
CCCAGTTTCATTTAGG-14-s4d8,GARQ,D11,3,40,38,23,0.11351824,cDC2
AGAATCTGTGCCTCAC-14-s4d8,GARQ,D11,3,40,38,17,0.14935827,CD8+ T
GAACGAATCATAACTG-14-s4d8,GARQ,D11,3,40,38,33,0.06652659,NK
TTGTGAGGTCTAACAG-14-s4d8,GARQ,D11,3,40,38,11,0.031247497,CD8+ T
CCTAGTTGTGTTTGAG-14-s4d8,GARQ,D11,3,40,38,14,0.029400945,Transitional B
TTTGTTGGTGGACCTG-14-s4d8,GARQ,D11,3,40,38,27,0.07583392,B1 B
TCCAGCAAGGACTTAC-14-s4d8,GARQ,D11,3,40,38,38,0.086363435,CD8+ T
GTGCTGATCGTGCCTT-14-s4d8,GARQ,D11,3,40,38,18,0.1314702,B1 B
ATCCAACAGGTCTTGG-14-s4d8,GARQ,D11,3,40,38,14,0.12572432,Naive CD20+ B
CCTACTGGTAGCCATA-14-s4d8,GARQ,D11,3,40,38,18,0.12052131,Naive CD20+ B
CTGCTACTCAGCATTA-14-s4d8,GARQ,D11,3,40,38,1,0.024524927,CD8+ T
ACTTTGTTCTCATCAT-14-s4d8,GARQ,D11,3,40,38,5,0.0245229,Lymph prog
GGACATAAGTGTTGCG-14-s4d8,GARQ,D11,3,40,38,14,0.11886144,Transitional B
CTGGTTACAGTTATGT-14-s4d8,GARQ,D11,3,40,38,14,0.008699179,Naive CD20+ B
CTGTGTGAGTCACGAT-14-s4d8,GARQ,D11,3,40,38,10,0.0396688,CD8+ T
GTGCAAGCATAATCCG-14-s4d8,GARQ,D11,3,40,38,36,0.07472396,MK/E prog
CTACAACAGCCTGATG-14-s4d8,GARQ,D11,3,40,38,11,0.00254488,CD4+ T activated
CTTTGTCCAAGACTCC-14-s4d8,GARQ,D11,3,40,38,18,0.042724133,Transitional B
GGGTCAACATCTTGAG-14-s4d8,GARQ,D11,3,40,38,26,0.11034322,CD8+ T
TCACATAAGAACCTGT-14-s4d8,GARQ,D11,3,40,38,6,0.052359104,CD4+ T activated
CCGCAAATCCGCCAAA-14-s4d8,GARQ,D11,3,40,38,9,0.013891101,CD4+ T naive
GCACCTAAGGACACTT-14-s4d8,GARQ,D11,3,40,38,29,0.010849118,CD4+ T naive
CAATGTGGTTGGTGAC-14-s4d8,GARQ,D11,3,40,38,26,0.14748687,NK
TTGTCCGGTAGCTAAT-14-s4d8,GARQ,D11,3,40,38,38,0.003689766,CD8+ T
ATATGGTGTTAGCAGC-14-s4d8,GARQ,D11,3,40,38,29,0.08001083,CD4+ T activated
ATCCATAAGGCGGATG-14-s4d8,GARQ,D11,3,40,38,26,0.08271325,CD8+ T
CATAACGGTGTTCCCA-14-s4d8,GARQ,D11,3,40,38,14,0.09478116,B1 B
GAAACCCGTTACAAAC-14-s4d8,GARQ,D11,3,40,38,7,0.064872265,Erythroblast
GTGCCTTTCCCGCAAA-14-s4d8,GARQ,D11,3,40,38,7,0.07029116,Proerythroblast
AGGACTAAGAAGCTAG-14-s4d8,GARQ,D11,3,40,38,38,0.06149912,CD8+ T
ACTTCGCTCAGGCTAT-14-s4d8,GARQ,D11,3,40,38,26,0.117008686,CD8+ T
TGCTTAAAGACAACAG-14-s4d8,GARQ,D11,3,40,38,18,0.019747674,Naive CD20+ B
AGCCTGGGTAAACAAG-14-s4d8,GARQ,D11,3,40,38,38,0.10198712,CD8+ T
ATGGCTTAGTGAGCAA-14-s4d8,GARQ,D11,3,40,38,38,0.03131485,CD8+ T
TAGTAGGAGGCTACTG-14-s4d8,GARQ,D11,3,40,38,27,0.086952925,Naive CD20+ B
ATCAATCCATAGCAGG-14-s4d8,GARQ,D11,3,40,38,38,0.0066406727,CD8+ T
TCATTGTTCTTGCAGG-14-s4d8,GARQ,D11,3,40,38,17,0.11382258,CD8+ T
AACTAGCTCAAGCTAC-14-s4d8,GARQ,D11,3,40,38,17,0.07739228,NK
CATCCTGGTACCAGGT-14-s4d8,GARQ,D11,3,40,38,7,0.10174364,HSC
TCGCTAACAGAAACGT-14-s4d8,GARQ,D11,3,40,38,27,0.12812829,B1 B
AATCTTGAGAGGGACT-14-s4d8,GARQ,D11,3,40,38,36,0.027077675,Erythroblast
CAGGCTGGTAATCGCA-14-s4d8,GARQ,D11,3,40,38,26,0.034372568,NK
TCCATGCTCCCTCAAC-14-s4d8,GARQ,D11,3,40,38,26,0.0027365685,CD8+ T
AGACCCGGTTGGGTTA-14-s4d8,GARQ,D11,3,40,38,26,0.030658543,CD8+ T
TCCTTCAAGAGCCGCT-14-s4d8,GARQ,D11,3,40,38,26,0.42661405,CD8+ T
TTGGCTTGTCGTAATG-14-s4d8,GARQ,D11,3,40,38,26,0.104123354,CD8+ T
TTCCTTGAGCAGCTAT-14-s4d8,GARQ,D11,3,40,38,36,0.03585577,Proerythroblast
AACATTGTCAAGCTAC-14-s4d8,GARQ,D11,3,40,38,11,0.0034552813,CD16+ Mono
ACAGCGCTCCTGGTGA-14-s4d8,GARQ,D11,3,40,38,7,0.049672723,Proerythroblast
GAGGCTTGTCTTTGAC-14-s4d8,GARQ,D11,3,40,38,26,0.096259356,CD8+ T
GCCTGCTGTGGTTCTT-14-s4d8,GARQ,D11,3,40,38,31,0.041739464,CD8+ T
TTACCGTGTAATAGCT-14-s4d8,GARQ,D11,3,40,38,18,0.10000992,Transitional B
TTAGGCCCAGTCTATG-14-s4d8,GARQ,D11,3,40,38,13,0.00061392784,CD4+ T naive
CCTGCTCCAACCCTAA-14-s4d8,GARQ,D11,3,40,38,38,0.022087932,CD8+ T
CGGCTCACAATGCCTA-14-s4d8,GARQ,D11,3,40,38,23,0.4967745,cDC2
GTGGACACAAGGGTTG-14-s4d8,GARQ,D11,3,40,38,38,0.0016901493,CD8+ T
CTCTGTTCAATGAAGC-14-s4d8,GARQ,D11,3,40,38,36,0.034941137,Proerythroblast
ATGCGATTCCGGTTAG-14-s4d8,GARQ,D11,3,40,38,11,0.035829186,CD8+ T
TCCATCATCTACTAAG-14-s4d8,GARQ,D11,3,40,38,12,0.002929628,NK
ACCAGCTCATCATGTG-14-s4d8,GARQ,D11,3,40,38,29,0.0033627748,CD4+ T activated
TGGCCTTTCCCTGGTT-14-s4d8,GARQ,D11,3,40,38,7,0.09099412,Proerythroblast
CGCCAAATCACAGGAA-14-s4d8,GARQ,D11,3,40,38,23,0.1103524,cDC2
TAAGGCTTCCGCTAGA-14-s4d8,GARQ,D11,3,40,38,17,0.041570425,CD8+ T
TACCTGCTCATTATGG-14-s4d8,GARQ,D11,3,40,38,26,0.006540537,CD8+ T
GGTTGAGCAAGCTACC-14-s4d8,GARQ,D11,3,40,38,36,0.023058891,Proerythroblast
GGACAGCCACCAACCG-14-s4d8,GARQ,D11,3,40,38,32,0.042051733,cDC2
GATAAGCCAACTAACT-14-s4d8,GARQ,D11,3,40,38,9,0.009493172,CD8+ T
GGTTTCCTCCCGAACA-14-s4d8,GARQ,D11,3,40,38,30,0.023828983,CD8+ T
AAATCCGGTGTGAGAG-14-s4d8,GARQ,D11,3,40,38,35,0.017909765,Lymph prog
AACATAGCACATTAAC-14-s4d8,GARQ,D11,3,40,38,26,0.0039739013,CD8+ T
GTCTTGCTCTCACTAT-14-s4d8,GARQ,D11,3,40,38,36,0.045968056,Proerythroblast
TTGTCCGGTATTGGTG-14-s4d8,GARQ,D11,3,40,38,18,0.04392469,Transitional B
TGTTACTTCCTTAATC-14-s4d8,GARQ,D11,3,40,38,7,0.04411626,Proerythroblast
CTCATGACAGTAGGAT-14-s4d8,GARQ,D11,3,40,38,5,0.007176876,Transitional B
GCGAAGTAGAACCTGT-14-s4d8,GARQ,D11,3,40,38,34,0.055233777,CD4+ T activated
GATCGAGCAATAAGCA-14-s4d8,GARQ,D11,3,40,38,7,0.010555863,Erythroblast
GCTTTATTCACCATTT-14-s4d8,GARQ,D11,3,40,38,27,0.15695441,Naive CD20+ B
CCAGGATGTAACAGGG-14-s4d8,GARQ,D11,3,40,38,36,0.016970515,Proerythroblast
CTCCCTGAGAGCCGGA-14-s4d8,GARQ,D11,3,40,38,27,0.01865381,B1 B
ATGCAAACAGCTCAAC-14-s4d8,GARQ,D11,3,40,38,17,0.07451153,CD8+ T
AGAGGAACAACTGGGA-14-s4d8,GARQ,D11,3,40,38,27,0.11397433,Naive CD20+ B
GATCAAGAGACTAAGG-14-s4d8,GARQ,D11,3,40,38,27,0.14973378,CD8+ T
ATTCCTAGTTGGCCGA-14-s4d8,GARQ,D11,3,40,38,14,0.01704073,Transitional B
TGATGACTCATGAGCT-14-s4d8,GARQ,D11,3,40,38,14,0.044578433,Transitional B
TGTCATAAGCAGGTTT-14-s4d8,GARQ,D11,3,40,38,29,0.109941244,CD8+ T
CTTGGACCAATCATGT-14-s4d8,GARQ,D11,3,40,38,7,0.06072378,Erythroblast
TGCTTCATCACCGGTA-14-s4d8,GARQ,D11,3,40,38,17,0.043938994,CD8+ T
AGAATCGAGTAAGTCC-14-s4d8,GARQ,D11,3,40,38,36,0.042740464,Proerythroblast
CCTGGATCATGTTTGG-14-s4d8,GARQ,D11,3,40,38,14,0.08237529,Lymph prog
GCTAGTGTCCACAATA-14-s4d8,GARQ,D11,3,40,38,36,0.05638063,Proerythroblast
CCTTATGTCCGCTAGA-14-s4d8,GARQ,D11,3,40,38,36,0.04364443,Proerythroblast
AGTATAGCAACCCTAA-14-s4d8,GARQ,D11,3,40,38,26,0.021494627,CD8+ T
GTACACCCATCCCGCT-14-s4d8,GARQ,D11,3,40,38,29,0.019625187,CD4+ T activated
CCAACATAGTCACCAG-14-s4d8,GARQ,D11,3,40,38,10,0.050470114,CD8+ T
CATAAGCTCGATATTG-14-s4d8,GARQ,D11,3,40,38,18,0.15295744,Transitional B
CTTACCTCAACACCTA-14-s4d8,GARQ,D11,3,40,38,27,0.08453989,Naive CD20+ B
CTATTCAGTGAACAAA-14-s4d8,GARQ,D11,3,40,38,20,0.018061757,CD8+ T
CAACTAATCGGCCAGT-14-s4d8,GARQ,D11,3,40,38,7,0.01609373,Proerythroblast
ATGACTCAGTGAGGGT-14-s4d8,GARQ,D11,3,40,38,26,0.13320374,CD8+ T
GAGGACTAGCAGCTAT-14-s4d8,GARQ,D11,3,40,38,11,0.05981219,NK
CGACAAGCATCCCTCA-14-s4d8,GARQ,D11,3,40,38,38,0.005007386,NK
ACAACAGAGGGACTAA-14-s4d8,GARQ,D11,3,40,38,9,0.002102673,HSC
CAGCTATAGGGTCCAC-14-s4d8,GARQ,D11,3,40,38,27,0.019623041,CD4+ T activated
GCTGAGGAGGCTAGAA-14-s4d8,GARQ,D11,3,40,38,27,0.0007880926,B1 B
CTTTAGGCAAACTGTT-14-s4d8,GARQ,D11,3,40,38,17,0.42132902,CD8+ T
GGGCTAACATGTTTGG-14-s4d8,GARQ,D11,3,40,38,37,0.016457558,CD8+ T
AATAGAGGTTGAATCG-14-s4d8,GARQ,D11,3,40,38,14,0.2898525,Transitional B
GCTTAGTAGGTAAGCA-14-s4d8,GARQ,D11,3,40,38,14,0.14271128,Transitional B
CTTTATGGTTCGCTTG-14-s4d8,GARQ,D11,3,40,38,30,0.0173496,CD8+ T
TAAGGCTTCACGCCAA-14-s4d8,GARQ,D11,3,40,38,30,0.11175871,CD8+ T
CGACAAGCAATATAGG-14-s4d8,GARQ,D11,3,40,38,29,0.12029159,CD8+ T
TTATGACCACCTGCCT-14-s4d8,GARQ,D11,3,40,38,23,0.19834006,pDC
GTTAACGGTTGCACAA-14-s4d8,GARQ,D11,3,40,38,14,0.11468953,Transitional B
TCTCGCCCAGCCAGTT-14-s4d8,GARQ,D11,3,40,38,14,0.03886819,Transitional B
TTTCAGTTCGTACCGA-14-s4d8,GARQ,D11,3,40,38,9,0.15047741,CD4+ T activated
CAGGTTTAGCTTACTT-14-s4d8,GARQ,D11,3,40,38,26,0.023669958,CD8+ T
CCTCAAACACCTAAGC-14-s4d8,GARQ,D11,3,40,38,36,0.045319557,Proerythroblast
GTATTGTCAAGTCGCT-14-s4d8,GARQ,D11,3,40,38,36,0.035844564,Erythroblast
CTTACTAGTTAATGAC-14-s4d8,GARQ,D11,3,40,38,34,0.0021814108,CD4+ T naive
AGATGCTTCATTATGG-14-s4d8,GARQ,D11,3,40,38,30,0.004036784,CD8+ T
CAACCCGCATTAGCGC-14-s4d8,GARQ,D11,3,40,38,26,0.23818672,CD8+ T
CTTGCAACATAAACCT-14-s4d8,GARQ,D11,3,40,38,7,0.0098234415,Proerythroblast
ACTCACCTCGAGGAGT-14-s4d8,GARQ,D11,3,40,38,22,0.062222004,CD8+ T
TTTCCTGAGGCGCACT-14-s4d8,GARQ,D11,3,40,38,17,0.13547218,CD8+ T
GTTGGCCAGAACCTAC-14-s4d8,GARQ,D11,3,40,38,38,0.030135632,CD4+ T activated
ATTGAAGCATCAGCAC-14-s4d8,GARQ,D11,3,40,38,26,0.13979077,CD8+ T
GCCAATAGTCTTGCAT-14-s4d8,GARQ,D11,3,40,38,17,0.0048475266,CD8+ T
TCATGAGGTCACGAAC-14-s4d8,GARQ,D11,3,40,38,17,0.039396644,CD8+ T
CATTGTAAGCCTGGTA-14-s4d8,GARQ,D11,3,40,38,18,0.03246641,Transitional B
AAACGTACAACAGCCT-14-s4d8,GARQ,D11,3,40,38,27,0.023861527,Lymph prog
CAACTAATCAAACTCA-14-s4d8,GARQ,D11,3,40,38,7,0.059690237,Erythroblast
GTACTTAAGCTTTGGG-14-s4d8,GARQ,D11,3,40,38,30,0.042786717,CD4+ T activated
ACAGGATCAGGACACA-14-s4d8,GARQ,D11,3,40,38,29,0.10248637,CD8+ T
CGGTTATAGTTATCTC-14-s4d8,GARQ,D11,3,40,38,17,0.019414544,NK
AATTACCCATGTTTGG-14-s4d8,GARQ,D11,3,40,38,17,0.08438814,CD8+ T
ACCTTCATCTCGACCT-14-s4d8,GARQ,D11,3,40,38,9,0.05578959,B1 B
TCTGGCTTCAGGCCTA-14-s4d8,GARQ,D11,3,40,38,23,0.35472286,MK/E prog
GCTTTCATCCCGAACA-14-s4d8,GARQ,D11,3,40,38,18,0.14595437,Naive CD20+ B
TGATTAGTCTTGTTCG-14-s4d8,GARQ,D11,3,40,38,27,0.09172726,Naive CD20+ B
GGACAGCCATCCTAGA-14-s4d8,GARQ,D11,3,40,38,7,0.039555073,Proerythroblast
GTTCGCGCAAGGTGCA-14-s4d8,GARQ,D11,3,40,38,39,0.013124764,Proerythroblast
GCCTACTTCGAGCAAA-14-s4d8,GARQ,D11,3,40,38,16,0.045852423,NK
TAAGCCTAGGCCAATT-14-s4d8,GARQ,D11,3,40,38,27,0.019878983,Naive CD20+ B
CGAGCTGGTTAGACCA-14-s4d8,GARQ,D11,3,40,38,17,0.058044672,CD8+ T
TATCACGCACAACAAA-14-s4d8,GARQ,D11,3,40,38,26,0.10086727,CD8+ T
GAAGTCAAGCCGGTAC-14-s4d8,GARQ,D11,3,40,38,36,0.024934888,Proerythroblast
CGTTGCAAGCTGAGGG-14-s4d8,GARQ,D11,3,40,38,38,0.005251169,CD8+ T
AGATGCTTCTTGTCTG-14-s4d8,GARQ,D11,3,40,38,6,0.016486287,CD8+ T
CGCATTACAAACATAG-14-s4d8,GARQ,D11,3,40,38,38,0.03981757,CD8+ T
GGCTAGACAGTCTAAT-14-s4d8,GARQ,D11,3,40,38,9,0.009659052,B1 B
TTCAGCACACAAACTT-14-s4d8,GARQ,D11,3,40,38,11,0.044914722,CD4+ T activated
CAAAGGATCCATAATG-14-s4d8,GARQ,D11,3,40,38,17,0.09245777,CD8+ T
GAGCTGCTCGGTACGC-14-s4d8,GARQ,D11,3,40,38,17,0.031233788,CD8+ T
TGAGGCACAATTAGGA-14-s4d8,GARQ,D11,3,40,38,14,0.07884693,B1 B
TACTCAAAGCTTAGTA-14-s4d8,GARQ,D11,3,40,38,17,0.089274526,CD8+ T
TCAGCCTTCTGTGAGT-14-s4d8,GARQ,D11,3,40,38,17,0.015772104,CD8+ T
TTGGCTGAGGCTACTG-14-s4d8,GARQ,D11,3,40,38,17,0.055124998,CD8+ T
ATGTAACGTGATTTGG-14-s4d8,GARQ,D11,3,40,38,13,0.051378846,CD4+ T activated
AGCCTAGTCAGGAACA-14-s4d8,GARQ,D11,3,40,38,7,0.005383849,Proerythroblast
TGTGCAAGTTGCTTCG-14-s4d8,GARQ,D11,3,40,38,27,0.15109909,B1 B
CTGTGTGAGTAAGTGG-14-s4d8,GARQ,D11,3,40,38,27,0.10460341,Naive CD20+ B
CTAGGACGTCATCAAG-14-s4d8,GARQ,D11,3,40,38,20,0.05436015,CD8+ T
CCTCCTCTCTTGAGGT-14-s4d8,GARQ,D11,3,40,38,26,0.07215428,CD8+ T
TAAGCCTAGGCTTAGT-14-s4d8,GARQ,D11,3,40,38,26,0.07288623,CD8+ T
CGAGCTGGTTAGCTGA-14-s4d8,GARQ,D11,3,40,38,18,0.13984251,Naive CD20+ B
AGGTCTTAGACTAAGG-14-s4d8,GARQ,D11,3,40,38,18,0.118804336,CD4+ T activated
GAGAACCAGGAAGCAC-14-s4d8,GARQ,D11,3,40,38,23,0.09009302,HSC
GATTTGCAGTCATTAG-14-s4d8,GARQ,D11,3,40,38,17,0.11599088,CD8+ T
CCAAGGCTCTGTAAGC-14-s4d8,GARQ,D11,3,40,38,18,0.049322784,cDC2
AATGCATGTTGTTGCT-14-s4d8,GARQ,D11,3,40,38,27,0.02102387,Naive CD20+ B
CAAGTGAAGTTAGAGG-14-s4d8,GARQ,D11,3,40,38,5,0.078969955,Lymph prog
TGTTGTGCAGAGGGAG-14-s4d8,GARQ,D11,3,40,38,14,0.088746846,CD8+ T
ACATTGCAGCGTGCGT-14-s4d8,GARQ,D11,3,40,38,26,0.12576628,CD4+ T activated
GCAGGCAAGTTACCGG-14-s4d8,GARQ,D11,3,40,38,6,0.06620681,CD4+ T naive
AATCTCAAGCTAATCA-14-s4d8,GARQ,D11,3,40,38,26,0.09777355,CD8+ T
GATTCAATCCTACCTA-14-s4d8,GARQ,D11,3,40,38,17,0.0900954,CD8+ T
TGATGATGTAATCGGC-14-s4d8,GARQ,D11,3,40,38,26,0.056968927,CD8+ T
ACCATTAAGCTTCTCA-14-s4d8,GARQ,D11,3,40,38,21,0.043417692,CD8+ T
TTGACTAAGCTGTAAC-14-s4d8,GARQ,D11,3,40,38,38,0.100102186,CD8+ T
GGATACTTCATCCTGC-14-s4d8,GARQ,D11,3,40,38,38,0.05999142,CD4+ T activated
ATTGTGATCTTAGTGA-14-s4d8,GARQ,D11,3,40,38,33,0.038549364,CD8+ T
GTTTATCTCCCGTTTA-14-s4d8,GARQ,D11,3,40,38,17,0.15422988,NK
CGGTTATAGCACAGGG-14-s4d8,GARQ,D11,3,40,38,14,0.08787906,Transitional B
AGTTGTCAGGGCTTAT-14-s4d8,GARQ,D11,3,40,38,26,0.053037286,NK
TAGCCTGAGTGGCGGA-14-s4d8,GARQ,D11,3,40,38,38,0.14222014,CD8+ T
CCTTAACGTGTTTGTC-14-s4d8,GARQ,D11,3,40,38,17,0.03298247,CD4+ T activated
ATCCTGACAAAGGCCA-14-s4d8,GARQ,D11,3,40,38,17,0.04782486,CD8+ T
CTGTTCATCGGGACTC-14-s4d8,GARQ,D11,3,40,38,19,0.030170798,HSC
AGAGAAGCAACCTAAT-14-s4d8,GARQ,D11,3,40,38,30,0.0580675,CD8+ T
AGCCGCTAGCATTAGC-14-s4d8,GARQ,D11,3,40,38,18,0.062003255,Naive CD20+ B
TGATCAATCTTGCTAT-14-s4d8,GARQ,D11,3,40,38,19,0.015620351,HSC
CCTTGTTCAGGCCAAA-14-s4d8,GARQ,D11,3,40,38,7,0.0043047667,Proerythroblast
GTCGGTTCAACAGGAT-14-s4d8,GARQ,D11,3,40,38,11,0.016219378,CD8+ T
TTTCGTCCATAAGCAA-14-s4d8,GARQ,D11,3,40,38,30,0.038533688,CD8+ T
TCCATATTCGATATTG-14-s4d8,GARQ,D11,3,40,38,26,0.1132071,CD4+ T naive
CTCTAAGCACTTCATC-14-s4d8,GARQ,D11,3,40,38,17,0.076247096,CD8+ T
AAGCGAGGTTTATCTG-14-s4d8,GARQ,D11,3,40,38,29,0.08332586,CD8+ T
TATTCGTTCGTTCACC-14-s4d8,GARQ,D11,3,40,38,17,0.02241695,CD8+ T
TCCTGTTCAGTATGTT-14-s4d8,GARQ,D11,3,40,38,38,0.0001604557,CD8+ T
GACACCGGTTTGAGCA-14-s4d8,GARQ,D11,3,40,38,36,0.014914036,Proerythroblast
TTGACGTAGCTCCCTG-14-s4d8,GARQ,D11,3,40,38,38,0.031277657,CD8+ T
ATGTTTGAGGCATGAA-14-s4d8,GARQ,D11,3,40,38,7,0.03476882,Proerythroblast
TTGGCTTGTGATGATT-14-s4d8,GARQ,D11,3,40,38,23,0.44556445,pDC
GCAAGCCTCAAACACC-14-s4d8,GARQ,D11,3,40,38,26,0.028488219,CD4+ T activated
GGAGCAAGTTATAGCG-14-s4d8,GARQ,D11,3,40,38,17,0.031971574,CD8+ T
TTGCAACAGGACAACA-14-s4d8,GARQ,D11,3,40,38,7,0.0026602745,Proerythroblast
GATGGACAGCTAAGTC-14-s4d8,GARQ,D11,3,40,38,36,0.0115020275,Erythroblast
CAATCTAAGGCTATGT-14-s4d8,GARQ,D11,3,40,38,16,0.061621487,CD8+ T
GTTTCCTCAGTTTCTC-14-s4d8,GARQ,D11,3,40,38,17,0.022378206,CD4+ T naive
CTTGTCCAGTCATTGA-14-s4d8,GARQ,D11,3,40,38,26,0.04337573,NK
AGGATCCGTTTGCGCC-14-s4d8,GARQ,D11,3,40,38,38,0.04668069,CD4+ T activated
GCGGATACACAGCCTG-14-s4d8,GARQ,D11,3,40,38,38,0.10583019,CD8+ T
CTGGTCAAGACAACGA-14-s4d8,GARQ,D11,3,40,38,26,0.12412757,CD8+ T
AAGCCTGTCAGGAACA-14-s4d8,GARQ,D11,3,40,38,17,0.028898,CD8+ T
GCGCTTAAGAGGAGTC-14-s4d8,GARQ,D11,3,40,38,26,0.035412192,CD8+ T
TTTACGCGTTCTTTAG-14-s4d8,GARQ,D11,3,40,38,17,0.065528154,CD8+ T
TGTGCGCAGCACAGCC-14-s4d8,GARQ,D11,3,40,38,18,0.007547021,Naive CD20+ B
GGGCCTAGTATTGTGG-14-s4d8,GARQ,D11,3,40,38,9,0.0557307,CD8+ T
CTAATGTCATAGACTT-14-s4d8,GARQ,D11,3,40,38,17,0.11078429,CD8+ T
ATTGTCCGTTGTAAAC-14-s4d8,GARQ,D11,3,40,38,17,0.1299274,CD8+ T
TTTGCATTCGCTAGTG-14-s4d8,GARQ,D11,3,40,38,26,0.1979711,CD8+ T
TCCTAGTGTGCTCCAC-14-s4d8,GARQ,D11,3,40,38,26,0.0497725,CD8+ T
TGGCTTTGTTTGACCT-14-s4d8,GARQ,D11,3,40,38,17,0.048909903,CD8+ T
GCAGCAACAATGCCCG-14-s4d8,GARQ,D11,3,40,38,26,0.048943162,CD8+ T
GAAAGCCAGTAGGATG-14-s4d8,GARQ,D11,3,40,38,7,0.07363582,Erythroblast
TCTAGCACAGTCTAGC-14-s4d8,GARQ,D11,3,40,38,30,0.036436915,NK
CCGTTTGGTTGCAATG-14-s4d8,GARQ,D11,3,40,38,20,0.04741782,Lymph prog
TACAGGTTCACAGCCA-14-s4d8,GARQ,D11,3,40,38,27,0.04320848,CD4+ T activated
CTCTGTTCATTCAGCA-14-s4d8,GARQ,D11,3,40,38,27,0.10120261,Naive CD20+ B
CGTTAACAGTACTGGT-14-s4d8,GARQ,D11,3,40,38,38,0.00979197,NK
TCATGTTTCACGCGGT-14-s4d8,GARQ,D11,3,40,38,6,0.0017937422,CD4+ T activated
TTGATGTCATGAGTTT-14-s4d8,GARQ,D11,3,40,38,27,0.12223673,Naive CD20+ B
CGTGCTGCACTCAACA-14-s4d8,GARQ,D11,3,40,38,26,0.08258164,Lymph prog
CCGTTGCGTTAGCTGA-14-s4d8,GARQ,D11,3,40,38,14,0.049236953,Lymph prog
TCCAGCAAGGCGCTAC-14-s4d8,GARQ,D11,3,40,38,26,0.07021904,CD8+ T
ACCGGCTAGGAAGCAC-14-s4d8,GARQ,D11,3,40,38,5,0.040238023,Transitional B
GGTCAAGCAAACCTAT-14-s4d8,GARQ,D11,3,40,38,26,0.19692063,NK
GCCACACAGTAATCCA-14-s4d8,GARQ,D11,3,40,38,26,0.008329153,CD8+ T
TCCCTCACAGTCTATG-14-s4d8,GARQ,D11,3,40,38,17,0.08541918,CD8+ T
CTAATGTCAATGAATG-14-s4d8,GARQ,D11,3,40,38,18,0.11587334,Transitional B
GACTTACAGGATTTGC-14-s4d8,GARQ,D11,3,40,38,7,0.029762626,Erythroblast
AGCTTCCTCATTTGCT-14-s4d8,GARQ,D11,3,40,38,18,0.19614315,Transitional B
TGAGGAGGTTGGTTAG-14-s4d8,GARQ,D11,3,40,38,27,0.16265368,Naive CD20+ B
ACGAATCTCATTGCGG-14-s4d8,GARQ,D11,3,40,38,26,0.04198861,CD8+ T
TCACGGATCTTGCAAA-14-s4d8,GARQ,D11,3,40,38,26,0.16358006,CD8+ T
TCTCAAGCATTGTGCA-14-s4d8,GARQ,D11,3,40,38,18,0.06509054,B1 B
TTTCTCACAGGACCAA-14-s4d8,GARQ,D11,3,40,38,14,0.04685688,Transitional B
CTTTAGTTCGGTACGC-14-s4d8,GARQ,D11,3,40,38,27,0.23218948,Transitional B
GGCAGGATCCGGTTAG-14-s4d8,GARQ,D11,3,40,38,38,0.06493211,CD8+ T
ATTGCGCCACCTATAG-14-s4d8,GARQ,D11,3,40,38,36,0.046311617,Proerythroblast
GGGTTTGTCCTAAGTA-14-s4d8,GARQ,D11,3,40,38,17,0.037481785,CD8+ T
TGGCGGTTCCTGGTGA-14-s4d8,GARQ,D11,3,40,38,14,0.208251,Transitional B
TCGGTTACATGTTTGG-14-s4d8,GARQ,D11,3,40,38,17,0.07007325,CD8+ T
CCTATATTCATGCAAC-14-s4d8,GARQ,D11,3,40,38,23,0.055990696,HSC
AGGATTGAGGCGCACT-14-s4d8,GARQ,D11,3,40,38,26,0.12112528,CD8+ T
TGTAAAGCAAGTAAGC-14-s4d8,GARQ,D11,3,40,38,7,0.05649382,MK/E prog
GCTAACAGTGATCATG-14-s4d8,GARQ,D11,3,40,38,36,0.034018755,Proerythroblast
GCCAATTAGCTAAGTC-14-s4d8,GARQ,D11,3,40,38,37,0.16877693,CD4+ T activated
TTGTCCGGTCGCAATA-14-s4d8,GARQ,D11,3,40,38,36,0.03449893,Proerythroblast
GAGGCTACAATGAGGT-14-s4d8,GARQ,D11,3,40,38,36,0.06867874,Proerythroblast
AAACCAACATCATGTG-14-s4d8,GARQ,D11,3,40,38,38,0.024884224,CD8+ T
GCTATAGGTCCACAAA-14-s4d8,GARQ,D11,3,40,38,11,0.012478948,NK
GGCCTAATCAGCAAAG-14-s4d8,GARQ,D11,3,40,38,18,0.14980447,Naive CD20+ B
ATTATGGTCTGTTGCC-14-s4d8,GARQ,D11,3,40,38,26,0.022291303,CD8+ T
ACGTCCAAGACTAAGG-14-s4d8,GARQ,D11,3,40,38,29,0.021701813,CD8+ T
AGTCCTGAGGACCTGC-14-s4d8,GARQ,D11,3,40,38,26,0.10095787,CD8+ T
AAGTTAGCATTAGCCA-14-s4d8,GARQ,D11,3,40,38,11,0.031135678,CD4+ T naive
GCTATCCTCCGCACAA-14-s4d8,GARQ,D11,3,40,38,14,0.060912132,Transitional B
TTGCAACAGAATCTCA-14-s4d8,GARQ,D11,3,40,38,38,0.012239575,CD8+ T
ACCTACCTCATGAAGG-14-s4d8,GARQ,D11,3,40,38,17,0.009924531,CD8+ T
GATTCAATCGCTAAAC-14-s4d8,GARQ,D11,3,40,38,27,0.15213394,Naive CD20+ B
CAATGAACAATAAGCA-14-s4d8,GARQ,D11,3,40,38,24,0.076140404,Lymph prog
TAATTGCCAATTATGC-14-s4d8,GARQ,D11,3,40,38,17,0.103557825,CD8+ T
TCGTTTCCAGGAACAT-14-s4d8,GARQ,D11,3,40,38,36,0.0007288456,cDC2
TGTGCACCACCTATAG-14-s4d8,GARQ,D11,3,40,38,26,0.04551339,CD8+ T
TCTTCAAGTGTCCAAA-14-s4d8,GARQ,D11,3,40,38,27,0.028162599,Naive CD20+ B
GCCCAAATCTAAGTCA-14-s4d8,GARQ,D11,3,40,38,17,0.0049865246,CD8+ T
ATAAGCCTCCGGAACC-14-s4d8,GARQ,D11,3,40,38,18,0.19199276,Naive CD20+ B
CTCTATGTCGCACACA-14-s4d8,GARQ,D11,3,40,38,29,0.11364496,CD8+ T
CTGGTAAGTAAATTGC-14-s4d8,GARQ,D11,3,40,38,17,0.10915315,CD8+ T
GATCCGTCAATCCTGA-14-s4d8,GARQ,D11,3,40,38,36,0.028265715,Proerythroblast
GATCAGTTCAGCATTA-14-s4d8,GARQ,D11,3,40,38,17,0.025223255,CD8+ T
CAAACTGGTTTGCTGT-14-s4d8,GARQ,D11,3,40,38,29,0.019533455,CD4+ T activated
CACAGGCTCTGCAACG-14-s4d8,GARQ,D11,3,40,38,30,0.055184245,CD8+ T
AAGTGTTGTTCGGTAA-14-s4d8,GARQ,D11,3,40,38,7,0.032063603,Proerythroblast
GAACCAGCAAGCTAAA-14-s4d8,GARQ,D11,3,40,38,36,0.06384945,Proerythroblast
TTTCAGTTCATGTCAA-14-s4d8,GARQ,D11,3,40,38,17,0.0801729,CD8+ T
AGAGATTAGCTAATCA-14-s4d8,GARQ,D11,3,40,38,29,0.012548089,CD8+ T
AAGCCTCCAATAACCT-14-s4d8,GARQ,D11,3,40,38,27,0.14415789,Naive CD20+ B
AAAGCCCGTTCGCGCT-14-s4d8,GARQ,D11,3,40,38,19,0.0009007454,G/M prog
CTAGTCGAGTTCCCAC-14-s4d8,GARQ,D11,3,40,38,7,0.019965053,Proerythroblast
TCGTTACGTTGTCCAT-14-s4d8,GARQ,D11,3,40,38,14,0.0066120625,Transitional B
GGATATTGTGCCTCAC-14-s4d8,GARQ,D11,3,40,38,19,0.1351431,Lymph prog
CGGCAATGTGGACCTG-14-s4d8,GARQ,D11,3,40,38,26,0.112069964,CD8+ T
CTCGCTCCAGCAACAG-14-s4d8,GARQ,D11,3,40,38,18,0.01578033,Naive CD20+ B
CAATAAGCAATGCGCT-14-s4d8,GARQ,D11,3,40,38,26,0.12563622,CD8+ T
TGGTCATAGGTACCGC-14-s4d8,GARQ,D11,3,40,38,18,0.0052232146,HSC
AAGCGTTTCCACCTTA-14-s4d8,GARQ,D11,3,40,38,26,0.007534802,CD8+ T
GCCTTGCGTGAGGTGA-14-s4d8,GARQ,D11,3,40,38,5,0.3632921,Lymph prog
ACCAGCTCATCAGCAC-14-s4d8,GARQ,D11,3,40,38,13,0.012475789,CD4+ T activated
CATGCAAGTTCAAGAT-14-s4d8,GARQ,D11,3,40,38,26,0.10690153,CD8+ T
CCCAATTGTCTCAGCC-14-s4d8,GARQ,D11,3,40,38,36,0.03459394,Proerythroblast
AAAGCCGCAAGGACCA-14-s4d8,GARQ,D11,3,40,38,17,0.08590615,CD8+ T
ATGGCCCAGGACCTTG-14-s4d8,GARQ,D11,3,40,38,14,0.19888651,B1 B
AGGAGCTAGAGCCGCT-14-s4d8,GARQ,D11,3,40,38,7,0.025337696,Proerythroblast
GACTAATGTAAAGCGG-14-s4d8,GARQ,D11,3,40,38,30,0.009298086,NK
AGGTTGCGTTTAAAGC-14-s4d8,GARQ,D11,3,40,38,11,0.0750193,CD8+ T
CTATAACCACAGAACG-14-s4d8,GARQ,D11,3,40,38,27,0.031822503,Naive CD20+ B
TTGTAAGTCTCCTCAA-14-s4d8,GARQ,D11,3,40,38,26,0.06811285,CD8+ T
ACCAAACTCTCAATTC-14-s4d8,GARQ,D11,3,40,38,23,0.24935818,HSC
TTTGGCTGTCACAAAT-14-s4d8,GARQ,D11,3,40,38,29,0.0043245554,CD8+ T
ACGTCAAGTCATGCCC-14-s4d8,GARQ,D11,3,40,38,5,0.08294237,Lymph prog
TACCTCATCAGCAAAG-14-s4d8,GARQ,D11,3,40,38,26,0.027688146,CD8+ T
GTTACAGGTGCCGCAA-14-s4d8,GARQ,D11,3,40,38,0,0.0074085593,Proerythroblast
CTAGTAGGTTAAATGC-14-s4d8,GARQ,D11,3,40,38,38,0.07957482,CD8+ T
GTTTATCTCAAACCTA-14-s4d8,GARQ,D11,3,40,38,26,0.11488438,CD8+ T
ACGTCCAAGAAAGGAA-14-s4d8,GARQ,D11,3,40,38,29,0.14819896,CD4+ T activated
CCAACCCGTTAACACG-14-s4d8,GARQ,D11,3,40,38,37,0.025803685,CD8+ T
ACTATGTCATCACAGC-14-s4d8,GARQ,D11,3,40,38,26,0.041519344,CD8+ T
TCATTTGGTTAACGGC-14-s4d8,GARQ,D11,3,40,38,7,0.0669204,Proerythroblast
CGTATTGCAAGGTACG-14-s4d8,GARQ,D11,3,40,38,17,0.08880854,CD8+ T
TTCAGTTTCGGTTCCT-14-s4d8,GARQ,D11,3,40,38,18,0.27018058,Transitional B
AATTGTGTCACGAATC-14-s4d8,GARQ,D11,3,40,38,36,0.011618376,Normoblast
GTTTGTCGTCAAAGGG-14-s4d8,GARQ,D11,3,40,38,14,0.11395478,Lymph prog
CCAATATCATTAAACC-14-s4d8,GARQ,D11,3,40,38,14,0.056601763,Naive CD20+ B
ATCTATGAGTTTGGGT-14-s4d8,GARQ,D11,3,40,38,36,0.061214685,Proerythroblast
CCTGGTAAGGAGGGTT-14-s4d8,GARQ,D11,3,40,38,36,0.008271933,Proerythroblast
GCGATTTAGGAACACA-14-s4d8,GARQ,D11,3,40,38,26,0.10845232,CD4+ T activated
CAACTAATCAATCATG-14-s4d8,GARQ,D11,3,40,38,11,0.027557611,CD8+ T
CGCGATTCAGGCATCT-14-s4d8,GARQ,D11,3,40,38,22,0.0966869,CD8+ T
CTGCAATAGACAGGTA-14-s4d8,GARQ,D11,3,40,38,14,0.06544137,Naive CD20+ B
GATTAAGCATGAATCT-14-s4d8,GARQ,D11,3,40,38,36,0.013354659,Erythroblast
GGTACTTAGGGACTAA-14-s4d8,GARQ,D11,3,40,38,26,0.029829085,CD8+ T
GTCTATCGTAGGATTT-14-s4d8,GARQ,D11,3,40,38,36,0.00152421,MK/E prog
TTTCCACCAGTATGTT-14-s4d8,GARQ,D11,3,40,38,9,0.17225409,CD4+ T activated
CAACAATGTTTATTCG-14-s4d8,GARQ,D11,3,40,38,13,0.03419143,CD4+ T naive
ACTTACTTCCGGTTGA-14-s4d8,GARQ,D11,3,40,38,26,0.012851238,CD8+ T
TATGGTCAGTCTTGAA-14-s4d8,GARQ,D11,3,40,38,7,0.04628551,MK/E prog
TCATGAGGTTGGATAT-14-s4d8,GARQ,D11,3,40,38,38,0.16851103,NK
TTTGCATTCGGTTCCT-14-s4d8,GARQ,D11,3,40,38,26,0.17064655,CD8+ T
AAAGCGGGTAATCGTG-14-s4d8,GARQ,D11,3,40,38,38,0.025497794,CD8+ T
ACCAAACTCTTAGCGG-14-s4d8,GARQ,D11,3,40,38,17,0.09328866,CD8+ T
GTCATGCCAGTAAAGC-14-s4d8,GARQ,D11,3,40,38,7,0.004653573,Proerythroblast
CGCGGATTCTGTTGCC-14-s4d8,GARQ,D11,3,40,38,26,0.03840232,CD8+ T
TATAGCCAGCTTGCTC-14-s4d8,GARQ,D11,3,40,38,27,0.028343916,B1 B
GCTGTAAGTGCCGCAA-14-s4d8,GARQ,D11,3,40,38,20,0.013684034,CD4+ T activated
GGGTTTGTCCTAAGAC-14-s4d8,GARQ,D11,3,40,38,19,0.036562502,cDC2
CATGCGCAGAGGGACT-14-s4d8,GARQ,D11,3,40,38,18,0.0042972565,Lymph prog
CTCTAAGCAAGGTGGC-14-s4d8,GARQ,D11,3,40,38,7,0.025648832,Proerythroblast
CTATTACTCTCTAGCC-14-s4d8,GARQ,D11,3,40,38,17,0.0008710623,CD8+ T
TCACCTGGTAAGGTCC-14-s4d8,GARQ,D11,3,40,38,18,0.1933682,Plasma cell
ACCCGTAAGAAGGTGC-14-s4d8,GARQ,D11,3,40,38,26,0.10210651,CD8+ T
GTTAGGCGTACCCACC-14-s4d8,GARQ,D11,3,40,38,17,0.07056141,CD4+ T naive
AGTCCTTGTTGTCATC-14-s4d8,GARQ,D11,3,40,38,26,0.23877978,CD8+ T
CGCCTCATCCTGAATA-14-s4d8,GARQ,D11,3,40,38,27,0.029805422,B1 B
CTCGCTCCACAGGGAC-14-s4d8,GARQ,D11,3,40,38,7,0.09986782,cDC2
GTTCATTTCCTGTTCA-14-s4d8,GARQ,D11,3,40,38,17,0.22354555,CD8+ T
TGACTTAAGCACAGCC-14-s4d8,GARQ,D11,3,40,38,20,0.12544906,CD8+ T
CTCGTTATCGCTAGCA-14-s4d8,GARQ,D11,3,40,38,11,0.08660567,NK
CCATAATCATGTTGCA-14-s4d8,GARQ,D11,3,40,38,14,0.20334864,Naive CD20+ B
GCAATCTAGGCGCTAC-14-s4d8,GARQ,D11,3,40,38,14,0.067970514,Transitional B
GCATGAGCAATTTAGC-14-s4d8,GARQ,D11,3,40,38,30,0.016170144,CD8+ T
CCAGCTGCATCCTGAA-14-s4d8,GARQ,D11,3,40,38,1,0.018963099,CD8+ T
GGGTGTTGTCGCAAAC-14-s4d8,GARQ,D11,3,40,38,26,0.0109347105,CD8+ T
TGCTTCCAGTAATCCA-14-s4d8,GARQ,D11,3,40,38,17,0.011924624,CD8+ T
TGAGGCACAAGTGTTT-14-s4d8,GARQ,D11,3,40,38,18,0.27171135,Naive CD20+ B
ACCCTCCCACCTGCCT-14-s4d8,GARQ,D11,3,40,38,23,0.21371865,cDC2
CCCTAATGTGATTACG-14-s4d8,GARQ,D11,3,40,38,27,0.07162291,Naive CD20+ B
AGCCGGTTCAAGCTAC-14-s4d8,GARQ,D11,3,40,38,1,0.016177297,CD8+ T
TCACCGGCAACTAGAA-14-s4d8,GARQ,D11,3,40,38,26,0.040760994,CD8+ T
AGGGCCTTCGGGACCT-14-s4d8,GARQ,D11,3,40,38,3,0.018129945,CD4+ T activated
AGGATGCAGACCATAC-14-s4d8,GARQ,D11,3,40,38,7,0.015727758,Erythroblast
CTGGTCAAGTCATTTC-14-s4d8,GARQ,D11,3,40,38,9,0.040349066,CD4+ T activated
CCAAACCCAGTAGCCT-14-s4d8,GARQ,D11,3,40,38,6,0.10142827,CD4+ T naive
CTCAATAAGGCATTAC-14-s4d8,GARQ,D11,3,40,38,38,0.06420934,CD8+ T
CCTTCGTAGCATGGTT-14-s4d8,GARQ,D11,3,40,38,38,0.005593896,CD8+ T
GGAACAATCGCATTAA-14-s4d8,GARQ,D11,3,40,38,38,0.0052773952,CD8+ T
CAATAAGCAGTTTCTC-14-s4d8,GARQ,D11,3,40,38,17,0.10046065,CD4+ T activated
AGCTGCTCATAAGCAA-14-s4d8,GARQ,D11,3,40,38,18,0.17565447,Naive CD20+ B
TTGTGAGGTAGCTGCG-14-s4d8,GARQ,D11,3,40,38,1,0.35710716,CD8+ T
AGGTCTTAGTGAGGGT-14-s4d8,GARQ,D11,3,40,38,14,0.08544767,Transitional B
ATGTTTGAGGGTCCAC-14-s4d8,GARQ,D11,3,40,38,5,0.07074273,Lymph prog
GATAGACCAACATAAG-14-s4d8,GARQ,D11,3,40,38,38,0.007393241,CD8+ T
AGCGGACCAGTAAGTA-14-s4d8,GARQ,D11,3,40,38,30,0.045639634,CD8+ T
CGCTTAACACATAGCC-14-s4d8,GARQ,D11,3,40,38,30,0.10749054,CD4+ T naive
TCGTTATTCCAAGTTA-14-s4d8,GARQ,D11,3,40,38,36,0.03635931,MK/E prog
TTGATGTCAGTAATAG-14-s4d8,GARQ,D11,3,40,38,26,0.02471292,CD8+ T
TTTGTGGCATCCATCT-14-s4d8,GARQ,D11,3,40,38,5,0.1166724,Lymph prog
TGCAATATCCTTAAGA-14-s4d8,GARQ,D11,3,40,38,16,0.048147798,CD8+ T
CGTTAAATCCCTCACG-14-s4d8,GARQ,D11,3,40,38,30,0.020052314,NK
CATCAGCCAAACAACA-14-s4d8,GARQ,D11,3,40,38,26,0.038093925,NK
CCATTGTGTCAAAGAA-14-s4d8,GARQ,D11,3,40,38,9,0.052395463,CD4+ T naive
CAGTACCCACAAACTT-14-s4d8,GARQ,D11,3,40,38,17,0.007562518,CD8+ T
GAAGTGATCGATTTAG-14-s4d8,GARQ,D11,3,40,38,36,0.003916979,Proerythroblast
CCTATTGTCTTGTTCG-14-s4d8,GARQ,D11,3,40,38,36,0.00960207,CD16+ Mono
TAGTACGGTGTCACGG-14-s4d8,GARQ,D11,3,40,38,38,0.105250835,CD8+ T
GATTAGTGTCAATAGT-14-s4d8,GARQ,D11,3,40,38,26,0.08880162,CD8+ T
ATCACAATCGGTTCCT-14-s4d8,GARQ,D11,3,40,38,14,0.007373214,B1 B
CCCAAACCACCTAATG-14-s4d8,GARQ,D11,3,40,38,38,0.04523456,NK
GATCGAGCAGCAAGAT-14-s4d8,GARQ,D11,3,40,38,36,0.049968123,Proerythroblast
TTGCTCTCAGAGGCTA-14-s4d8,GARQ,D11,3,40,38,17,0.39097476,CD8+ T
ACAGGATCAGTTTCTC-14-s4d8,GARQ,D11,3,40,38,38,0.018693686,CD8+ T
CAAGCTAGTCACAGAC-14-s4d8,GARQ,D11,3,40,38,7,0.07721686,Erythroblast
TCATTGCGTTTATCGC-14-s4d8,GARQ,D11,3,40,38,17,0.019399405,CD8+ T
GCCGTGAGTTGCGCGA-14-s4d8,GARQ,D11,3,40,38,17,0.15762866,CD8+ T
TTGGCTTGTTTATGGG-14-s4d8,GARQ,D11,3,40,38,29,0.022761703,CD8+ T
AAGGATCCATAAGCAA-14-s4d8,GARQ,D11,3,40,38,3,0.0059731007,CD8+ T
CAAGGGAGTGTGTGGT-14-s4d8,GARQ,D11,3,40,38,17,0.062737465,CD8+ T
TATGGCCCATTAAACC-14-s4d8,GARQ,D11,3,40,38,18,0.17995846,Naive CD20+ B
CGCACACAGCGCCTTT-14-s4d8,GARQ,D11,3,40,38,7,0.04365599,Erythroblast
CAGCCTAAGCCTGGTA-14-s4d8,GARQ,D11,3,40,38,26,0.1261735,CD8+ T
TACCAAATCCTAGTTT-14-s4d8,GARQ,D11,3,40,38,38,0.34056592,CD8+ T
TTTCAGTTCGGGACCT-14-s4d8,GARQ,D11,3,40,38,26,0.03167373,CD8+ T
ATCACTAAGTATCGCG-14-s4d8,GARQ,D11,3,40,38,17,0.124534726,CD8+ T
GAGAACCAGGCTTAGT-14-s4d8,GARQ,D11,3,40,38,18,0.06075096,Plasma cell
CATCACACAGTCTAGC-14-s4d8,GARQ,D11,3,40,38,17,0.09259069,CD8+ T
TACAGGTTCTAAATCG-14-s4d8,GARQ,D11,3,40,38,18,0.29717565,Naive CD20+ B
AGTAATGCAGGATAAC-14-s4d8,GARQ,D11,3,40,38,11,0.019343138,CD8+ T
CGCATTTGTTGAGGTC-14-s4d8,GARQ,D11,3,40,38,26,0.16892338,CD8+ T
AAGGATTAGGTTAGCT-14-s4d8,GARQ,D11,3,40,38,30,0.07097697,CD8+ T
GAACCAAAGTTATCTC-14-s4d8,GARQ,D11,3,40,38,33,0.009069562,Transitional B
AACAGGATCTGTGCCT-14-s4d8,GARQ,D11,3,40,38,18,0.268713,B1 B
TGCTAGCCAAGCGAGC-14-s4d8,GARQ,D11,3,40,38,14,0.29280615,Naive CD20+ B
CTTGCTCAGTTATTCC-14-s4d8,GARQ,D11,3,40,38,16,0.06941092,CD8+ T
GACCTAAGTATTGTGG-14-s4d8,GARQ,D11,3,40,38,23,0.105932236,HSC
GATGCATTCATGAAGG-14-s4d8,GARQ,D11,3,40,38,38,0.045647383,CD8+ T
GGCATGGAGTGCACGC-14-s4d8,GARQ,D11,3,40,38,36,0.035751104,Proerythroblast
TAGTAGGAGTTAGTTG-14-s4d8,GARQ,D11,3,40,38,17,0.07034296,CD8+ T
GCCACACAGGTCAAAG-14-s4d8,GARQ,D11,3,40,38,26,0.009573817,CD4+ T activated
GCTCCTTAGGCTAATC-14-s4d8,GARQ,D11,3,40,38,11,0.02801156,CD8+ T
CTAATAGTCAATAGCC-14-s4d8,GARQ,D11,3,40,38,26,0.023786068,NK
TTATCCTAGGAACCAA-14-s4d8,GARQ,D11,3,40,38,38,0.09500432,NK
ATGAAGCCAGTCTAAT-14-s4d8,GARQ,D11,3,40,38,14,0.0014667511,Naive CD20+ B
ACAACAGAGACTAAGG-14-s4d8,GARQ,D11,3,40,38,13,0.08684778,CD8+ T
TCCCGGACATAGCAGG-14-s4d8,GARQ,D11,3,40,38,7,0.020546436,Erythroblast
CAATCCCTCAAGACTC-14-s4d8,GARQ,D11,3,40,38,36,0.015014648,HSC
GTAGTTATCCATTACT-14-s4d8,GARQ,D11,3,40,38,18,0.11736071,Lymph prog
GCGAGTGAGATTGAGG-14-s4d8,GARQ,D11,3,40,38,27,0.05739081,B1 B
GACAATACAAGCTAAA-14-s4d8,GARQ,D11,3,40,38,29,0.11718929,CD8+ T
AAGCCTTAGAATGACG-14-s4d8,GARQ,D11,3,40,38,38,0.14950591,CD4+ T activated
AGGACGTAGGCTGTGC-14-s4d8,GARQ,D11,3,40,38,26,0.033454776,NK
GTGATCAGTTGCACGG-14-s4d8,GARQ,D11,3,40,38,36,0.058124423,G/M prog
CCTTGCGTCACCAATA-14-s4d8,GARQ,D11,3,40,38,27,0.17604959,Naive CD20+ B
AGTAACACAGCCAGAA-14-s4d8,GARQ,D11,3,40,38,7,0.02101624,Proerythroblast
GGTGAGCCAATACTGT-14-s4d8,GARQ,D11,3,40,38,7,0.03218174,Erythroblast
AATATCCCAATTGAGA-14-s4d8,GARQ,D11,3,40,38,26,0.07521033,CD8+ T
TCGCGAGGTTGCCTCA-14-s4d8,GARQ,D11,3,40,38,29,0.035568357,CD8+ T
TTGCTTTAGGTCCACA-14-s4d8,GARQ,D11,3,40,38,29,0.04280448,CD8+ T
ACTCCTCAGGCTAATC-14-s4d8,GARQ,D11,3,40,38,38,0.025985718,CD8+ T
TAAGTGCTCTAGCGTG-14-s4d8,GARQ,D11,3,40,38,17,0.14317966,NK
GAAGGCTAGGCCATCA-14-s4d8,GARQ,D11,3,40,38,22,0.024133086,CD4+ T activated
AAACGCGCATTCAGCA-14-s4d8,GARQ,D11,3,40,38,30,0.015109301,CD8+ T
GCTTAACAGTCTTGAA-14-s4d8,GARQ,D11,3,40,38,30,0.057314634,CD8+ T
CAGGTCCAGGAGGACT-14-s4d8,GARQ,D11,3,40,38,7,0.023634315,Proerythroblast
ACTAAAGCATGGTTAT-14-s4d8,GARQ,D11,3,40,38,38,8.21352e-05,CD8+ T
CTAACCTGTGAATCGC-14-s4d8,GARQ,D11,3,40,38,14,0.124525785,Transitional B
AGTATAGCATGTTGTG-14-s4d8,GARQ,D11,3,40,38,35,0.04937905,CD8+ T
GATGGCTGTTCACCAT-14-s4d8,GARQ,D11,3,40,38,7,0.01067543,Proerythroblast
ATGACTCAGGACCTCA-14-s4d8,GARQ,D11,3,40,38,17,0.03361869,CD8+ T
TCATAACCAGTTTCTC-14-s4d8,GARQ,D11,3,40,38,17,0.019219875,CD8+ T
AGCACAGCACAAGCCT-14-s4d8,GARQ,D11,3,40,38,30,0.07714486,CD8+ T
CACGCAATCATTAGCA-14-s4d8,GARQ,D11,3,40,38,38,0.1350491,CD8+ T
GATTCAATCCTCGATC-14-s4d8,GARQ,D11,3,40,38,17,0.21956956,CD8+ T
CAGCAAGCACTTCACT-14-s4d8,GARQ,D11,3,40,38,11,0.018604875,CD4+ T activated
CGCTAACCATTGCGAC-14-s4d8,GARQ,D11,3,40,38,37,0.08534157,CD8+ T
CTAAATGTCCCGTTGT-14-s4d8,GARQ,D11,3,40,38,26,0.023468494,CD8+ T
CTTATTGGTTTGGTTC-14-s4d8,GARQ,D11,3,40,38,27,0.02055943,B1 B
GCTGGATGTGTTTGTC-14-s4d8,GARQ,D11,3,40,38,38,0.11135149,CD8+ T
GCGCTAGGTCAAGTAT-14-s4d8,GARQ,D11,3,40,38,17,0.053450227,CD8+ T
TATGGGCGTATGGTGC-14-s4d8,GARQ,D11,3,40,38,30,0.11443615,CD8+ T
TTGGCTGAGGCATGTT-14-s4d8,GARQ,D11,3,40,38,26,0.23635888,CD8+ T
CTAAGGTTCGGTTTCC-14-s4d8,GARQ,D11,3,40,38,17,0.093559206,CD8+ T
GCCATTACACATTGCA-14-s4d8,GARQ,D11,3,40,38,14,0.047231197,Transitional B
CGTCAATAGCTGGAAA-14-s4d8,GARQ,D11,3,40,38,26,0.022420883,CD4+ T activated
TAAGCTATCCACCTTA-14-s4d8,GARQ,D11,3,40,38,17,0.16445553,CD8+ T
GCGCCTTGTGGAAGGC-14-s4d8,GARQ,D11,3,40,38,27,0.049170315,pDC
GGCGATACAGGCCAAA-14-s4d8,GARQ,D11,3,40,38,7,2.336502e-05,Proerythroblast
CTAATGTCATGGTTAT-14-s4d8,GARQ,D11,3,40,38,14,0.030417264,B1 B
GCGATATTCAGTTCCC-14-s4d8,GARQ,D11,3,40,38,2,0.08560598,CD8+ T
GATTGGCGTTAGCCAA-14-s4d8,GARQ,D11,3,40,38,1,0.14146286,CD4+ T activated
ACCAATATCTTCAATC-14-s4d8,GARQ,D11,3,40,38,36,0.07278955,Proerythroblast
TGGACGGAGGACCAGG-14-s4d8,GARQ,D11,3,40,38,27,0.077088475,Naive CD20+ B
AGTAACGAGCTCAAAC-14-s4d8,GARQ,D11,3,40,38,26,0.10278392,CD8+ T
CCACAGGGTCAACAAT-14-s4d8,GARQ,D11,3,40,38,17,0.06857848,CD8+ T
CGTAATGGTTGGCCGA-14-s4d8,GARQ,D11,3,40,38,16,0.0141967535,CD8+ T
TAGTAGGAGCGCAATT-14-s4d8,GARQ,D11,3,40,38,26,0.12893307,CD8+ T
ATCACTAAGAGAAGGG-14-s4d8,GARQ,D11,3,40,38,27,0.10056162,CD4+ T activated
AATATCCCATAATCCG-14-s4d8,GARQ,D11,3,40,38,17,0.13311052,CD8+ T
TTTCATCAGTCCTGAG-14-s4d8,GARQ,D11,3,40,38,18,0.14943671,Naive CD20+ B
GCATATATCACCTGCT-14-s4d8,GARQ,D11,3,40,38,17,0.03947425,CD8+ T
GCAATGAAGTAAGTCC-14-s4d8,GARQ,D11,3,40,38,17,0.024311185,CD8+ T
TACTCAAAGGAGTCTT-14-s4d8,GARQ,D11,3,40,38,38,0.19393575,NK
ATGGCTAGTTAGGTTG-14-s4d8,GARQ,D11,3,40,38,29,0.12925434,CD4+ T activated
CTTGCAACATTGTCAG-14-s4d8,GARQ,D11,3,40,38,18,0.06565654,B1 B
CTAGTGAGTTTAGCTC-14-s4d8,GARQ,D11,3,40,38,18,0.092817664,Lymph prog
GTGGACACACTTAGGC-14-s4d8,GARQ,D11,3,40,38,26,0.06358385,CD8+ T
GTGAGCGAGGGCCATC-14-s4d8,GARQ,D11,3,40,38,26,0.11821222,CD8+ T
ATCCTTAGTCAGGAAG-14-s4d8,GARQ,D11,3,40,38,36,0.00025439262,Erythroblast
TGAGTGAAGGCTACAT-14-s4d8,GARQ,D11,3,40,38,38,0.02728337,CD4+ T naive
AACTGTTCAAACTCAT-14-s4d8,GARQ,D11,3,40,38,29,0.05352819,CD8+ T
CTATGGCCATAGCGGA-14-s4d8,GARQ,D11,3,40,38,7,0.09333086,cDC2
TCGTTAAAGCCTGTGA-14-s4d8,GARQ,D11,3,40,38,36,0.055388093,G/M prog
GCTAGCGGTAGGTGTC-14-s4d8,GARQ,D11,3,40,38,27,0.111444116,Naive CD20+ B
GAAACCCGTAGGATTT-14-s4d8,GARQ,D11,3,40,38,27,0.1954422,Naive CD20+ B
ATTGTGATCACTAGGT-14-s4d8,GARQ,D11,3,40,38,17,0.22558355,CD8+ T
GGATGAATCCAGGGAG-14-s4d8,GARQ,D11,3,40,38,27,0.016389728,B1 B
TGTAACTCAAGTCGCT-14-s4d8,GARQ,D11,3,40,38,26,0.047350347,CD4+ T activated
GTCCTCCCAGGATAAC-14-s4d8,GARQ,D11,3,40,38,16,0.08614266,CD8+ T
GCAACAGCAACACCTA-14-s4d8,GARQ,D11,3,40,38,26,0.1981709,CD8+ T
TTAGCGGTCAATCTCT-14-s4d8,GARQ,D11,3,40,38,36,0.0230124,Proerythroblast
AAGCAAGTCTTGCAGG-14-s4d8,GARQ,D11,3,40,38,27,0.073732495,B1 B
CTTGCTCAGCAGCTAT-14-s4d8,GARQ,D11,3,40,38,27,0.02823031,B1 B
TCGGTTACACTAAGCC-14-s4d8,GARQ,D11,3,40,38,7,0.045939207,Erythroblast
TCATTTGGTTAATGAC-14-s4d8,GARQ,D11,3,40,38,17,0.075451374,CD8+ T
GCTGCATCATGACTAT-14-s4d8,GARQ,D11,3,40,38,15,0.27193552,cDC2
ACACTAGGTTTCCGGC-14-s4d8,GARQ,D11,3,40,38,27,0.093987465,Transitional B
GCACGCTAGCTGGAAA-14-s4d8,GARQ,D11,3,40,38,26,0.075345755,CD8+ T
TGACTCCTCCTTGAGG-14-s4d8,GARQ,D11,3,40,38,26,0.07849944,CD8+ T
ATCGAGGCAATATACC-14-s4d8,GARQ,D11,3,40,38,10,0.008651257,CD8+ T
TCATGAGGTAGCTGCG-14-s4d8,GARQ,D11,3,40,38,15,0.1961528,cDC2
TAGGCTTAGCGATAAG-14-s4d8,GARQ,D11,3,40,38,23,0.08606666,cDC2
GGTTTGTAGCATGGTT-14-s4d8,GARQ,D11,3,40,38,11,0.02591449,CD8+ T
ATGTTTGAGGCTAAGA-14-s4d8,GARQ,D11,3,40,38,17,0.07449365,CD8+ T
CCGGTTAAGGCTACAT-14-s4d8,GARQ,D11,3,40,38,0,0.08262515,Normoblast
TAGCATATCTGTTCAT-14-s4d8,GARQ,D11,3,40,38,27,0.12434822,Transitional B
GTTAGGCGTGGGAACA-14-s4d8,GARQ,D11,3,40,38,7,0.08885628,MK/E prog
TATGCATCAGGACCTT-14-s4d8,GARQ,D11,3,40,38,17,0.0037007332,CD8+ T
GGGTCAACACGGTTTA-14-s4d8,GARQ,D11,3,40,38,26,0.041860104,CD8+ T
AAACGGATCAGGCTAT-14-s4d8,GARQ,D11,3,40,38,26,0.030656338,CD8+ T
CGGCTCACATAATCAC-14-s4d8,GARQ,D11,3,40,38,26,0.19480991,CD8+ T
TGGCCTGCAAGCCACT-14-s4d8,GARQ,D11,3,40,38,7,0.0072915554,Proerythroblast
ACCAAACTCAGCACCA-14-s4d8,GARQ,D11,3,40,38,36,0.07522309,MK/E prog
TGTCAATCAGGACCTT-14-s4d8,GARQ,D11,3,40,38,38,0.0066640377,CD8+ T
TCAGCGATCGAGCTAT-14-s4d8,GARQ,D11,3,40,38,14,0.10379028,Lymph prog
CAATAGCTCGCAACAT-14-s4d8,GARQ,D11,3,40,38,20,0.08847487,CD8+ T
ATCCTGACAATTAACC-14-s4d8,GARQ,D11,3,40,38,17,0.079209685,CD8+ T
AACAAAGGTCACAAAT-14-s4d8,GARQ,D11,3,40,38,20,0.052747488,CD8+ T
GATGGCTGTATTGGTG-14-s4d8,GARQ,D11,3,40,38,23,0.2188412,G/M prog
TTGGTGAGTGAGCGAA-14-s4d8,GARQ,D11,3,40,38,27,0.034969926,Naive CD20+ B
GCTCATTGTTGGCCGA-14-s4d8,GARQ,D11,3,40,38,26,0.04567027,CD8+ T
TTAACTGAGTTATGGC-14-s4d8,GARQ,D11,3,40,38,28,0.062069952,NK
ATTGAAGCAACTGGGA-14-s4d8,GARQ,D11,3,40,38,23,0.1439588,HSC
CTGGTTACATTAGGTT-14-s4d8,GARQ,D11,3,40,38,11,0.10743976,NK
GAGGTACAGTGAGAGC-14-s4d8,GARQ,D11,3,40,38,38,0.13718724,CD8+ T
ATTATGGTCCCTCAGT-14-s4d8,GARQ,D11,3,40,38,1,0.17314482,CD8+ T
ACATTGCAGCACAGCC-14-s4d8,GARQ,D11,3,40,38,20,0.009212971,CD8+ T
ACAACATGTGAGGTGA-14-s4d8,GARQ,D11,3,40,38,18,0.02407837,Lymph prog
AATTGTGTCAAGACTC-14-s4d8,GARQ,D11,3,40,38,36,0.04434991,Proerythroblast
GCTCCTTAGTAACGAG-14-s4d8,GARQ,D11,3,40,38,18,0.07217693,Lymph prog
GAACCAAAGTAGCCAT-14-s4d8,GARQ,D11,3,40,38,11,0.06726766,CD8+ T
AGTTACATCTCAATAG-14-s4d8,GARQ,D11,3,40,38,36,0.04268849,Proerythroblast
AAGGTATAGGTCCACA-14-s4d8,GARQ,D11,3,40,38,11,0.012562156,CD8+ T
TGGTTCCTCCTCCATA-14-s4d8,GARQ,D11,3,40,38,38,0.0038700104,CD4+ T activated
GATAATCGTCAATACG-14-s4d8,GARQ,D11,3,40,38,14,0.044126153,Naive CD20+ B
TTTACGAAGGCTAATC-14-s4d8,GARQ,D11,3,40,38,26,0.026762784,CD8+ T
GTATGTTCACGAACAG-14-s4d8,GARQ,D11,3,40,38,14,0.020768404,B1 B
TGGCTTTGTCCGTGAG-14-s4d8,GARQ,D11,3,40,38,26,0.1793263,CD8+ T
AATTTGCCATCATGGC-14-s4d8,GARQ,D11,3,40,38,38,0.10598087,CD8+ T
TCTAATCTCAGCTAAC-14-s4d8,GARQ,D11,3,40,38,14,0.15687644,Transitional B
GTGGCTTCAATGCGCT-14-s4d8,GARQ,D11,3,40,38,7,0.0034189224,Proerythroblast
AGTTTGATCAGGGCCT-14-s4d8,GARQ,D11,3,40,38,29,0.066625714,CD4+ T activated
AGCCTCCGTCAATACG-14-s4d8,GARQ,D11,3,40,38,26,0.21868849,CD8+ T
AAATGGCCAGGCATGA-14-s4d8,GARQ,D11,3,40,38,20,0.06551504,NK
GTGAGCGAGCACCACA-14-s4d8,GARQ,D11,3,40,38,7,0.05189395,Proerythroblast
GCGCGATTCGTTTCTG-14-s4d8,GARQ,D11,3,40,38,17,0.056740165,CD8+ T
TGTAAGTGTTGAGCCG-14-s4d8,GARQ,D11,3,40,38,36,0.0022571087,Proerythroblast
GCAAACTTCCGTGACA-14-s4d8,GARQ,D11,3,40,38,17,0.010563731,CD8+ T
AACTGTTCAACAGCCT-14-s4d8,GARQ,D11,3,40,38,17,0.05008602,CD8+ T
GTTTCCTCATATTGAC-14-s4d8,GARQ,D11,3,40,38,26,0.19746757,CD8+ T
TGTGTTAAGGAAACTG-14-s4d8,GARQ,D11,3,40,38,7,0.010222435,Proerythroblast
ATTAGCGGTGAGCACT-14-s4d8,GARQ,D11,3,40,38,16,0.051895857,CD8+ T
CCTAGTTGTTACTAGG-14-s4d8,GARQ,D11,3,40,38,26,0.002212882,CD8+ T
GTCCGTAAGTTAGACC-14-s4d8,GARQ,D11,3,40,38,10,0.014144301,CD4+ T activated
TTATCCGTCTTAGTCT-14-s4d8,GARQ,D11,3,40,38,9,0.05075419,CD4+ T naive
TAGAGCCGTTGCCTCA-14-s4d8,GARQ,D11,3,40,38,7,0.08556008,Proerythroblast
TGCACCTTCCTGAATA-14-s4d8,GARQ,D11,3,40,38,26,0.22570944,CD8+ T
GACCTTTGTTGTTGCT-14-s4d8,GARQ,D11,3,40,38,38,0.011077642,CD8+ T
AGTAGCTTCAGCAAGA-14-s4d8,GARQ,D11,3,40,38,7,0.003992319,Proerythroblast
TCATGTTTCGTTACAA-14-s4d8,GARQ,D11,3,40,38,17,0.001199305,CD8+ T
GCTCACAAGGTTACGT-14-s4d8,GARQ,D11,3,40,38,26,0.3427441,CD8+ T
CGGCTCACAATCCTGA-14-s4d8,GARQ,D11,3,40,38,7,0.016052008,Proerythroblast
GGTTATATCTAATCTC-14-s4d8,GARQ,D11,3,40,38,13,0.010871112,CD4+ T naive
TGAGCACGTCCTAACT-14-s4d8,GARQ,D11,3,40,38,17,0.010413885,CD4+ T activated
CTGTATTTCATTTGTC-14-s4d8,GARQ,D11,3,40,38,7,0.027317286,Normoblast
TCCCGTTAGTCTATGA-14-s4d8,GARQ,D11,3,40,38,7,0.038628936,Erythroblast
TTTGCGACACTTCATC-14-s4d8,GARQ,D11,3,40,38,38,0.06275213,CD8+ T
AATGTCCAGCACTTGG-14-s4d8,GARQ,D11,3,40,38,26,0.1400212,CD8+ T
ATGAAGTAGTCAATTG-14-s4d8,GARQ,D11,3,40,38,22,0.062683165,CD8+ T
AGGAAACGTTCACCAT-14-s4d8,GARQ,D11,3,40,38,20,0.099735856,CD8+ T
CACCGGTAGGAACCGG-14-s4d8,GARQ,D11,3,40,38,24,0.008785784,CD4+ T activated
CGAGGAAGTAACCACA-14-s4d8,GARQ,D11,3,40,38,14,0.022125244,Naive CD20+ B
AGGTCAAAGTCCTGAG-14-s4d8,GARQ,D11,3,40,38,14,0.21697176,Transitional B
GCTAATATCTTAAGTG-14-s4d8,GARQ,D11,3,40,38,26,0.041501045,CD8+ T
GCTGGTTCATGTCGCG-14-s4d8,GARQ,D11,3,40,38,17,0.06783235,CD8+ T
GCATCCTTCGCTCCAT-14-s4d8,GARQ,D11,3,40,38,17,0.10693014,CD8+ T
AGCTATATCCTCAGCT-14-s4d8,GARQ,D11,3,40,38,14,0.15967238,Transitional B
ACTTCGCTCGCCTGTT-14-s4d8,GARQ,D11,3,40,38,26,0.15496135,CD8+ T
AGAGGATGTTGGTTCT-14-s4d8,GARQ,D11,3,40,38,17,0.0026872158,CD4+ T activated
ATGACGAAGTCCTGAG-14-s4d8,GARQ,D11,3,40,38,17,0.16408134,CD8+ T
GACACCGGTCAAGTAT-14-s4d8,GARQ,D11,3,40,38,5,0.017786443,CD16+ Mono
TGGAACAAGCGATACT-14-s4d8,GARQ,D11,3,40,38,14,0.081335485,Naive CD20+ B
TTAGGCTAGTCTCACC-14-s4d8,GARQ,D11,3,40,38,38,0.022172451,CD8+ T
TTGCCCGTCTAACCAA-14-s4d8,GARQ,D11,3,40,38,26,0.10059762,CD8+ T
GTTGCCCGTGAATCGC-14-s4d8,GARQ,D11,3,40,38,30,0.031440675,CD8+ T
GCAGGCAAGCACTTGG-14-s4d8,GARQ,D11,3,40,38,14,0.20212162,Lymph prog
GGCGATACAGCAATAA-14-s4d8,GARQ,D11,3,40,38,30,0.041811585,CD8+ T
AGTTTGCAGCTAATTG-14-s4d8,GARQ,D11,3,40,38,17,0.03558922,CD8+ T
TTCGCAACATTAAGTC-14-s4d8,GARQ,D11,3,40,38,9,0.037878692,CD8+ T
TGATCGAGTGTGTCCC-14-s4d8,GARQ,D11,3,40,38,26,0.08409083,CD8+ T
TCGCGCACAACACCTA-14-s4d8,GARQ,D11,3,40,38,16,0.050662458,CD8+ T
CTATTACTCTCAATGA-14-s4d8,GARQ,D11,3,40,38,17,0.0143790245,CD8+ T
AGCCGCTAGTTATTCC-14-s4d8,GARQ,D11,3,40,38,26,0.15061629,NK
ACAAACTGTGGGTACT-14-s4d8,GARQ,D11,3,40,38,7,0.01877284,Erythroblast
GTCCTCAGTCTCAGCC-14-s4d8,GARQ,D11,3,40,38,14,0.08738923,Naive CD20+ B
CGGGACAAGCTCCCTG-14-s4d8,GARQ,D11,3,40,38,27,0.07567382,Naive CD20+ B
ACAGTATGTCCACAAA-14-s4d8,GARQ,D11,3,40,38,27,0.05204749,Transitional B
GTCATCACACAGCCTG-14-s4d8,GARQ,D11,3,40,38,27,0.15083015,Naive CD20+ B
GTGGTTAGTAATGACT-14-s4d8,GARQ,D11,3,40,38,26,0.015497744,NK
TTTAACGAGGTAAGCA-14-s4d8,GARQ,D11,3,40,38,14,0.15858436,Transitional B
TGGGCCTAGCCTGGTA-14-s4d8,GARQ,D11,3,40,38,37,0.036640406,CD8+ T
GATGAGGGTCAAGTAT-14-s4d8,GARQ,D11,3,40,38,11,0.0010668039,CD8+ T
ACAGGTAAGGAGTCTT-14-s4d8,GARQ,D11,3,40,38,14,0.045485735,Naive CD20+ B
TATCGCACATAATTGC-14-s4d8,GARQ,D11,3,40,38,7,0.008899927,Erythroblast
ACGCCACAGGTTACGT-14-s4d8,GARQ,D11,3,40,38,14,0.15238452,Naive CD20+ B
TCCATAAAGTTAGAGG-14-s4d8,GARQ,D11,3,40,38,26,0.036429405,CD8+ T
TTGGCTTGTGACCTGG-14-s4d8,GARQ,D11,3,40,38,17,0.0110599995,CD8+ T
CAGATTCAGCAAGGGT-14-s4d8,GARQ,D11,3,40,38,38,0.003303647,CD8+ T
CCTTATGTCGGTTAGT-14-s4d8,GARQ,D11,3,40,38,29,0.06579006,CD8+ T
CTAGCTTGTCACGGAT-14-s4d8,GARQ,D11,3,40,38,1,0.036890805,CD8+ T
AGTCTTGCAGTGAACG-14-s4d8,GARQ,D11,3,40,38,7,0.00639534,Proerythroblast
CAGTATGGTTCCGGGA-14-s4d8,GARQ,D11,3,40,38,26,0.19343829,CD8+ T
ATCAATCCAGAGAGCC-14-s4d8,GARQ,D11,3,40,38,26,0.21262693,CD8+ T
GGCTTCAAGGCGCACT-14-s4d8,GARQ,D11,3,40,38,14,0.1552198,Naive CD20+ B
TCACTGACATTGTCAG-14-s4d8,GARQ,D11,3,40,38,26,0.13741946,CD4+ T activated
TTTCCACCATTGCGAC-14-s4d8,GARQ,D11,3,40,38,14,0.18050689,Transitional B
AGCCTCCGTCCTCCAA-14-s4d8,GARQ,D11,3,40,38,26,0.06611729,CD8+ T
TAAGGCTTCCAGGGAG-14-s4d8,GARQ,D11,3,40,38,26,0.013346255,CD8+ T
CTGTAACAGCACTAAC-14-s4d8,GARQ,D11,3,40,38,11,0.024623036,CD8+ T
CGAAGCCTCCAGGTTG-14-s4d8,GARQ,D11,3,40,38,36,0.003991246,Proerythroblast
CAATGACTCATTTAGG-14-s4d8,GARQ,D11,3,40,38,36,0.0019515753,Proerythroblast
CGCAATTAGCAAGGAC-14-s4d8,GARQ,D11,3,40,38,26,0.11869335,CD8+ T
ATCATGTCACGGTACT-14-s4d8,GARQ,D11,3,40,38,18,0.13114071,Transitional B
GGTTGCTCATCCTGAA-14-s4d8,GARQ,D11,3,40,38,36,0.025514245,Proerythroblast
TTATGACCAAATATCC-14-s4d8,GARQ,D11,3,40,38,11,0.09650433,NK
TTGCGAGTCTATTGTC-14-s4d8,GARQ,D11,3,40,38,20,0.09661567,CD4+ T activated
CGAATATGTATACTGG-14-s4d8,GARQ,D11,3,40,38,24,0.07818079,NK
ACCAAACTCCCGAAGC-14-s4d8,GARQ,D11,3,40,38,2,0.09560907,CD4+ T activated
TGCATCCTCACAGCCA-14-s4d8,GARQ,D11,3,40,38,36,0.025910735,Proerythroblast
CCGTTATGTAGCCATA-14-s4d8,GARQ,D11,3,40,38,26,0.042405903,NK
AAACGCGCAAGTCGCT-14-s4d8,GARQ,D11,3,40,38,12,0.020130515,Plasma cell
GTCTTTGTCGCACAAT-14-s4d8,GARQ,D11,3,40,38,10,0.086694896,CD4+ T activated
ACCCGGTAGTAGCTTA-14-s4d8,GARQ,D11,3,40,38,20,0.0034077764,NK
AGGTCTTAGAATCGCT-14-s4d8,GARQ,D11,3,40,38,30,0.06799704,CD8+ T
GCTTACCTCTTAGTGA-14-s4d8,GARQ,D11,3,40,38,18,0.11554396,Transitional B
CCTAATAAGAAAGGAA-14-s4d8,GARQ,D11,3,40,38,38,0.013241768,CD8+ T
ACTAACCAGCGGTTAT-14-s4d8,GARQ,D11,3,40,38,36,0.051917076,Proerythroblast
GTGGCTTCAAGGTAAC-14-s4d8,GARQ,D11,3,40,38,38,0.014612675,CD8+ T
GTTCTTAGTAGTTGGC-14-s4d8,GARQ,D11,3,40,38,26,0.008261681,CD8+ T
TTTGTCTAGTAACAGG-14-s4d8,GARQ,D11,3,40,38,7,0.012189865,Normoblast
GGTTGACGTCTAACCT-14-s4d8,GARQ,D11,3,40,38,18,0.047892332,B1 B
AATCATGTCCTTAAGA-14-s4d8,GARQ,D11,3,40,38,38,0.10095018,CD4+ T activated
GCGGTTATCGTTCACC-14-s4d8,GARQ,D11,3,40,38,14,0.058270335,Transitional B
GCTGAGGAGGTTACAC-14-s4d8,GARQ,D11,3,40,38,17,0.12356901,CD8+ T
AGGATGCAGCACCACA-14-s4d8,GARQ,D11,3,40,38,7,0.023737192,Erythroblast
CGTAGTTAGCACTAAC-14-s4d8,GARQ,D11,3,40,38,36,0.024249077,Proerythroblast
TCACGGATCAATTGGC-14-s4d8,GARQ,D11,3,40,38,14,0.08388257,B1 B
CAGGACACAGCAAGGC-14-s4d8,GARQ,D11,3,40,38,17,0.014017463,CD8+ T
CCCAGTTTCCCTGGTT-14-s4d8,GARQ,D11,3,40,38,38,0.010713339,NK
AACAGGATCCTGGCTT-14-s4d8,GARQ,D11,3,40,38,29,0.038107157,CD8+ T
TATTACCTCCGCAAGC-14-s4d8,GARQ,D11,3,40,38,18,0.11057162,cDC2
GATTCAATCGTCAAGT-14-s4d8,GARQ,D11,3,40,38,6,0.048190475,CD8+ T
ATTAGCTCAACCCTCC-14-s4d8,GARQ,D11,3,40,38,2,0.03416902,CD8+ T
AGGTTTGGTTTAGCTC-14-s4d8,GARQ,D11,3,40,38,29,0.08497095,CD4+ T activated
CCTTATGTCATAATCG-14-s4d8,GARQ,D11,3,40,38,18,0.29466224,Transitional B
TAGGTGCGTTGTCATC-14-s4d8,GARQ,D11,3,40,38,11,0.026109636,Plasma cell
ACACAATGTAAGCTCA-14-s4d8,GARQ,D11,3,40,38,14,0.007598281,Naive CD20+ B
GTGCAAGCATCCCGCT-14-s4d8,GARQ,D11,3,40,38,7,0.0017926693,cDC2
ATGACTCAGCGGTTAT-14-s4d8,GARQ,D11,3,40,38,11,0.08815646,CD8+ T
TTCAGCACATTAAACC-14-s4d8,GARQ,D11,3,40,38,26,0.14806443,CD8+ T
GAAGTGATCGAGCAAA-14-s4d8,GARQ,D11,3,40,38,7,0.02270019,Proerythroblast
TGTCCTGGTCATCCTG-14-s4d8,GARQ,D11,3,40,38,36,0.018052101,MK/E prog
TCCATAAAGACCATAC-14-s4d8,GARQ,D11,3,40,38,26,0.14579773,NK
TCCCGGACACCCACAG-14-s4d8,GARQ,D11,3,40,38,17,0.19975698,CD4+ T activated
TATTTGGAGACAAGTG-14-s4d8,GARQ,D11,3,40,38,26,0.016106844,CD8+ T
CTATTGAAGGCCGGAA-14-s4d8,GARQ,D11,3,40,38,5,0.011742473,B1 B
GGTGAGGTCTACCTGC-14-s4d8,GARQ,D11,3,40,38,27,0.0021680593,Naive CD20+ B
AAAGCAAGTCCTTAGT-14-s4d8,GARQ,D11,3,40,38,17,0.037520885,Proerythroblast
TCGCATTGTTCCAGGG-14-s4d8,GARQ,D11,3,40,38,17,0.08150542,CD8+ T
CATAGGCGTGCGCAAT-14-s4d8,GARQ,D11,3,40,38,11,0.012078285,CD8+ T
CGGTTATAGGTATTGC-14-s4d8,GARQ,D11,3,40,38,26,0.0675621,CD8+ T
CTCCTAATCAATAGCC-14-s4d8,GARQ,D11,3,40,38,23,0.053746223,HSC
GAAACCCGTCAGTAAT-14-s4d8,GARQ,D11,3,40,38,17,0.012728691,NK
GCACGAACAGCACCAT-14-s4d8,GARQ,D11,3,40,38,14,0.05337906,Lymph prog
TACGTTAAGTTTAACG-14-s4d8,GARQ,D11,3,40,38,9,0.12832141,CD8+ T
GTGAATCTCGGGATTT-14-s4d8,GARQ,D11,3,40,38,17,0.19592941,CD8+ T
CGAGGTGAGGCCCAGT-14-s4d8,GARQ,D11,3,40,38,38,0.07088834,CD8+ T
TAGCGCGGTATTTGGG-14-s4d8,GARQ,D11,3,40,38,20,0.028565884,CD8+ T
ATACCTGCAGTCTATG-14-s4d8,GARQ,D11,3,40,38,18,0.023743749,Transitional B
CGTTATCGTGTCCAAA-14-s4d8,GARQ,D11,3,40,38,17,0.1479938,CD4+ T activated
GGAACAATCTTAAGTG-14-s4d8,GARQ,D11,3,40,38,23,0.22193444,MK/E prog
CTTATGTTCAGGTTTA-14-s4d8,GARQ,D11,3,40,38,24,0.117753565,CD4+ T naive
AGTTATGTCCGCCAAA-14-s4d8,GARQ,D11,3,40,38,18,0.09130931,Transitional B
TCATTGTTCAAGTGAG-14-s4d8,GARQ,D11,3,40,38,17,0.19347727,CD8+ T
AGAGGAACATGAAATG-14-s4d8,GARQ,D11,3,40,38,29,0.009957552,CD8+ T
CCAGGAACACACAATT-14-s4d8,GARQ,D11,3,40,38,26,0.2067864,CD8+ T
GAACGAATCATGTGGT-14-s4d8,GARQ,D11,3,40,38,26,0.053577542,CD8+ T
TAGTGGCGTGACATAT-14-s4d8,GARQ,D11,3,40,38,26,0.22302198,CD8+ T
GGTCTTGAGCTTTGGG-14-s4d8,GARQ,D11,3,40,38,27,0.08653295,Naive CD20+ B
CTTGCTCAGTAAGAAC-14-s4d8,GARQ,D11,3,40,38,38,0.043834746,CD8+ T
CTTCACTCATTGCGAC-14-s4d8,GARQ,D11,3,40,38,20,0.06313527,CD4+ T activated
AGTTACTCATGAATCT-14-s4d8,GARQ,D11,3,40,38,27,0.16028619,Naive CD20+ B
TGGTTAATCAATCATG-14-s4d8,GARQ,D11,3,40,38,38,0.05967176,CD8+ T
CTCCTCACACCTGCCT-14-s4d8,GARQ,D11,3,40,38,27,0.08505213,Naive CD20+ B
AAGTTACGTTTGGCTT-14-s4d8,GARQ,D11,3,40,38,17,0.22209907,CD8+ T
AAACATGCAATATAGG-14-s4d8,GARQ,D11,3,40,38,17,0.019939303,CD8+ T
TTCCTTCTCCACCTTA-14-s4d8,GARQ,D11,3,40,38,9,0.15173209,CD8+ T
TGGCCTTTCCCATAAA-14-s4d8,GARQ,D11,3,40,38,14,0.07125175,Naive CD20+ B
AACCGGCTCATGTTTC-14-s4d8,GARQ,D11,3,40,38,38,0.03531611,CD8+ T
CGTATTGCAGAAACGT-14-s4d8,GARQ,D11,3,40,38,30,0.068467855,CD8+ T
GCACGAACACATGCTA-14-s4d8,GARQ,D11,3,40,38,11,0.05471176,CD4+ T naive
TTTCACCCACAAAGGT-14-s4d8,GARQ,D11,3,40,38,26,0.08000457,CD8+ T
CAAGTGAAGCAAGGTA-14-s4d8,GARQ,D11,3,40,38,18,0.061437726,Naive CD20+ B
AGGCCCAGTACGCGCA-14-s4d8,GARQ,D11,3,40,38,7,0.057314396,Erythroblast
GGTTAGCGTAGTTGGC-14-s4d8,GARQ,D11,3,40,38,38,0.15719813,NK
TATATCCTCCCTCTAA-14-s4d8,GARQ,D11,3,40,38,37,0.0073730946,CD8+ T
GACGTAAAGGCGTAAA-14-s4d8,GARQ,D11,3,40,38,26,0.25700963,CD8+ T
GCGATATTCGCCTAAG-14-s4d8,GARQ,D11,3,40,38,7,0.01783824,Proerythroblast
AGTATAGCATCCTGAA-14-s4d8,GARQ,D11,3,40,38,21,0.06285381,CD8+ T
TGCTCTCAGGTAACGA-14-s4d8,GARQ,D11,3,40,38,27,0.039694905,Naive CD20+ B
GTCGCAATCATTGCGG-14-s4d8,GARQ,D11,3,40,38,27,0.18539298,Naive CD20+ B
AAGGATTAGTTTGGTA-14-s4d8,GARQ,D11,3,40,38,27,0.13987076,B1 B
AGTGGACAGTCATGCG-14-s4d8,GARQ,D11,3,40,38,20,8.934736e-05,CD4+ T naive
TATCCAGCAGTAGGAT-14-s4d8,GARQ,D11,3,40,38,26,0.087623835,CD8+ T
TGGAACAAGAGGGACT-14-s4d8,GARQ,D11,3,40,38,20,0.052370906,CD8+ T
TGATCGAGTTGTGATG-14-s4d8,GARQ,D11,3,40,38,26,0.14094228,CD4+ T naive
GTTCTTAGTTTGGTTC-14-s4d8,GARQ,D11,3,40,38,36,0.030903578,Proerythroblast
AGTAACGAGCCTAACG-14-s4d8,GARQ,D11,3,40,38,26,0.041556,CD8+ T
TATCCGGAGCTTAGCG-14-s4d8,GARQ,D11,3,40,38,18,0.2411263,Naive CD20+ B
CTGTTCATCAGGAAGC-14-s4d8,GARQ,D11,3,40,38,16,0.032155752,NK
GCCAATTAGGAGTCGG-14-s4d8,GARQ,D11,3,40,38,29,0.04129553,CD4+ T activated
TTACAGCAGGTACCGC-14-s4d8,GARQ,D11,3,40,38,11,0.037768006,CD8+ T
AAGTGAAGTTCATCTA-14-s4d8,GARQ,D11,3,40,38,1,0.05259943,NK
TATGGCCCAATAACGA-14-s4d8,GARQ,D11,3,40,38,26,0.04343629,CD8+ T
CAAGTAACAGTTTACG-14-s4d8,GARQ,D11,3,40,38,18,0.09401798,Naive CD20+ B
GCAAACTTCCTCCCTC-14-s4d8,GARQ,D11,3,40,38,17,0.017407656,CD8+ T
GTCTAGCCAACTAGAA-14-s4d8,GARQ,D11,3,40,38,18,0.3256693,Naive CD20+ B
CCGCTTAGTTCAAGAT-14-s4d8,GARQ,D11,3,40,38,38,0.13520956,CD4+ T activated
CCCGTAAAGCCTGGTA-14-s4d8,GARQ,D11,3,40,38,13,0.10981262,CD4+ T activated
CTAGGACGTCATAGAT-14-s4d8,GARQ,D11,3,40,38,2,0.035514235,CD4+ T naive
TGTGCGCAGCCGCAAC-14-s4d8,GARQ,D11,3,40,38,27,0.051081896,B1 B
GATCAAGAGGTTAGAG-14-s4d8,GARQ,D11,3,40,38,29,0.014424086,CD8+ T
GATTCCTGTCTCAGCC-14-s4d8,GARQ,D11,3,40,38,27,0.07577598,Naive CD20+ B
ACGCCACAGAACCTGT-14-s4d8,GARQ,D11,3,40,38,30,0.05610621,CD8+ T
CTTACCGGTAGACAAA-14-s4d8,GARQ,D11,3,40,38,1,0.19864774,NK
TTGACATCAGCAAGTG-14-s4d8,GARQ,D11,3,40,38,26,0.0003629923,CD8+ T
TGCGGTTCAGCTTACA-14-s4d8,GARQ,D11,3,40,38,7,0.031433105,Normoblast
TATCCGGAGGCTGTCA-14-s4d8,GARQ,D11,3,40,38,36,0.070508,Proerythroblast
CATCATAAGTATTGCA-14-s4d8,GARQ,D11,3,40,38,17,0.06606841,CD8+ T
AAACCAACAACCTAAT-14-s4d8,GARQ,D11,3,40,38,17,0.046573162,CD8+ T
CTATGATCATGGCCTG-14-s4d8,GARQ,D11,3,40,38,14,0.13536203,Transitional B
GTTCTTGTCCTTGCAC-14-s4d8,GARQ,D11,3,40,38,30,0.0497694,CD8+ T
GCGTGCTAGACAAACG-14-s4d8,GARQ,D11,3,40,38,26,0.16786206,CD8+ T
AAACGTACATCAGCAC-14-s4d8,GARQ,D11,3,40,38,30,0.055449486,CD8+ T
TTGTCCCAGGGTCTAT-14-s4d8,GARQ,D11,3,40,38,14,0.010027528,Naive CD20+ B
AAGTCTATCTTAGTCT-14-s4d8,GARQ,D11,3,40,38,36,0.029630661,cDC2
