cell_id,method,dataset,seed,requested_K,realized_K,metacell_id,delta_confidence,cell_type
AAACCTGAGAGTCGGT-1,GARQ,D5,0,40,39,38,0.026849508,gdT cells
AAACCTGCAATGCCAT-1,GARQ,D5,0,40,39,20,0.011443138,CD56dim CD16bright NK
AAACCTGCAGCGTAAG-1,GARQ,D5,0,40,39,0,0.039180636,CD56dim CD16bright NK
AAACCTGCATATGAGA-1,GARQ,D5,0,40,39,19,0.011278629,NK-monocyte doublets
AAACCTGGTCTGCAAT-1,GARQ,D5,0,40,39,28,0.032686472,CD8 memory
AAACCTGGTGCCTGGT-1,GARQ,D5,0,40,39,20,0.08841026,CD56bright CD16dim NK
AAACCTGGTGTGTGCC-1,GARQ,D5,0,40,39,31,0.11646986,CD4 memory
AAACGGGAGATCACGG-1,GARQ,D5,0,40,39,1,0.010772347,CD56dim CD16bright NK
AAACGGGAGGATGGTC-1,GARQ,D5,0,40,39,31,0.13705015,CD4 memory
AAACGGGCATTCCTGC-1,GARQ,D5,0,40,39,4,0.03535533,CD56dim CD16bright NK
AAACGGGGTCTAAACC-1,GARQ,D5,0,40,39,11,0.07389164,CD56dim CD16bright NK
AAACGGGTCGCATGGC-1,GARQ,D5,0,40,39,13,0.06377077,Non classical monocytes
AAACGGGTCTCTTATG-1,GARQ,D5,0,40,39,13,0.016044378,Classical monocytes
AAACGGGTCTGATTCT-1,GARQ,D5,0,40,39,2,0.024776459,Naive B
AAAGATGGTTCCACAA-1,GARQ,D5,0,40,39,28,0.06873655,CD8 memory
AAAGATGTCTAACTCT-1,GARQ,D5,0,40,39,25,0.10066736,CD4 memory
AAAGCAAAGACAGGCT-1,GARQ,D5,0,40,39,13,0.06786096,Non classical monocytes
AAAGCAAAGGTTACCT-1,GARQ,D5,0,40,39,6,0.010715604,NK-T doublets
AAAGCAACAGACACTT-1,GARQ,D5,0,40,39,31,0.12464106,CD4 naive I
AAAGCAACAGGCGATA-1,GARQ,D5,0,40,39,13,0.063794136,Non classical monocytes
AAAGCAACATATACGC-1,GARQ,D5,0,40,39,4,0.01627791,CD56dim CD16bright NK
AAAGCAATCGGAGCAA-1,GARQ,D5,0,40,39,0,0.030302048,CD56dim CD16bright NK
AAAGTAGAGATCCCGC-1,GARQ,D5,0,40,39,13,0.108249664,Non classical monocytes
AAAGTAGAGTGAAGAG-1,GARQ,D5,0,40,39,31,0.06390309,CD4 naive I
AAAGTAGCATAGGATA-1,GARQ,D5,0,40,39,13,0.048238635,Non classical monocytes
AAAGTAGCATCGTCGG-1,GARQ,D5,0,40,39,20,0.07203579,CD56dim CD16bright NK
AAAGTAGGTAGCTCCG-1,GARQ,D5,0,40,39,18,0.08697653,CD4 naive I
AAAGTAGGTCCCTACT-1,GARQ,D5,0,40,39,31,0.08758271,CD4 memory
AAAGTAGGTTGCGCAC-1,GARQ,D5,0,40,39,31,0.064091325,CD8 memory
AAAGTAGTCGGTCTAA-1,GARQ,D5,0,40,39,25,0.051160812,CD8 effector
AAAGTAGTCGTTGACA-1,GARQ,D5,0,40,39,13,0.018007517,conventional DC
AAAGTAGTCTAACTTC-1,GARQ,D5,0,40,39,31,0.26054776,CD4 naive I
AAATGCCAGTGTCCCG-1,GARQ,D5,0,40,39,25,0.07209313,CD4 memory
AAATGCCCACCAGATT-1,GARQ,D5,0,40,39,31,0.01331532,CD8 naive
AAATGCCGTGGTACAG-1,GARQ,D5,0,40,39,25,0.06259966,CD4 memory
AAATGCCTCGCCGTGA-1,GARQ,D5,0,40,39,13,0.0010714531,Classical monocytes
AAATGCCTCGTGACAT-1,GARQ,D5,0,40,39,4,0.00908947,CD56dim CD16bright NK
AACACGTAGCGTGTCC-1,GARQ,D5,0,40,39,18,0.0997448,CD4 naive I
AACACGTAGGCCCTTG-1,GARQ,D5,0,40,39,20,0.008298516,NK-T doublets
AACACGTGTCAAAGCG-1,GARQ,D5,0,40,39,27,0.021882534,CD56dim CD16bright NK
AACACGTGTCGTTGTA-1,GARQ,D5,0,40,39,13,0.041583776,Neutrophils
AACCATGAGAGGTAGA-1,GARQ,D5,0,40,39,31,0.02612567,CD4 naive II
AACCATGCAGTAAGAT-1,GARQ,D5,0,40,39,31,0.093622684,CD4 memory
AACCATGGTGCCTGGT-1,GARQ,D5,0,40,39,13,0.034048676,Classical monocytes
AACCGCGAGTATCTCG-1,GARQ,D5,0,40,39,15,0.23371387,Memory B
AACCGCGGTGACGGTA-1,GARQ,D5,0,40,39,27,0.06139803,CD56dim CD16bright NK
AACCGCGGTTTGGCGC-1,GARQ,D5,0,40,39,28,0.0001937151,CD56bright CD16dim NK
AACCGCGTCGCCAAAT-1,GARQ,D5,0,40,39,31,0.12293458,CD4 naive I
AACGTTGAGATGTTAG-1,GARQ,D5,0,40,39,0,0.012691021,CD56dim CD16bright NK
AACGTTGAGGTTCCTA-1,GARQ,D5,0,40,39,15,0.10368943,Memory B
AACGTTGCACGAGGTA-1,GARQ,D5,0,40,39,1,0.03352356,Non classical monocytes
AACGTTGCAGAGTGTG-1,GARQ,D5,0,40,39,15,0.39277965,Plasma cells
AACGTTGGTTCCTCCA-1,GARQ,D5,0,40,39,25,0.070344806,CD8 memory
AACGTTGTCTGCAAGT-1,GARQ,D5,0,40,39,20,0.03685093,CD8 effector
AACTCAGAGCTACCTA-1,GARQ,D5,0,40,39,20,0.0809257,CD56dim CD16bright NK
AACTCAGGTTAAGACA-1,GARQ,D5,0,40,39,31,0.15748894,CD8 naive
AACTCAGTCTAGAGTC-1,GARQ,D5,0,40,39,13,0.02648282,Classical monocytes
AACTCAGTCTGAAAGA-1,GARQ,D5,0,40,39,31,0.1661886,CD4 naive II
AACTCAGTCTTTAGTC-1,GARQ,D5,0,40,39,31,0.13014895,CD4 naive II
AACTCCCAGCCCAGCT-1,GARQ,D5,0,40,39,13,0.09275663,Non classical monocytes
AACTCCCCAGGTTTCA-1,GARQ,D5,0,40,39,31,0.036934733,CD8 naive
AACTCCCGTGGTTTCA-1,GARQ,D5,0,40,39,15,0.17292738,Naive B
AACTCCCGTTCACCTC-1,GARQ,D5,0,40,39,25,0.053827763,CD8 memory
AACTCTTCAAACAACA-1,GARQ,D5,0,40,39,13,0.0012021065,Classical monocytes
AACTCTTCAAGCGAGT-1,GARQ,D5,0,40,39,13,0.009787083,Classical monocytes
AACTCTTCATCACAAC-1,GARQ,D5,0,40,39,10,0.015610576,CD56dim CD16bright NK
AACTCTTGTACCAGTT-1,GARQ,D5,0,40,39,4,0.023136377,CD56dim CD16bright NK
AACTCTTGTCAGGACA-1,GARQ,D5,0,40,39,37,0.0024727583,CD56dim CD16bright NK
AACTCTTTCAGCTGGC-1,GARQ,D5,0,40,39,20,0.030927539,CD56dim CD16bright NK
AACTCTTTCGAGGTAG-1,GARQ,D5,0,40,39,25,0.10764766,CD8 memory
AACTCTTTCTGCCAGG-1,GARQ,D5,0,40,39,20,0.10981035,CD8 effector
AACTGGTCACCACCAG-1,GARQ,D5,0,40,39,18,0.105452895,CD4 naive I
AACTGGTGTACTCTCC-1,GARQ,D5,0,40,39,20,0.056391954,CD56dim CD16bright NK
AACTGGTGTCTGGAGA-1,GARQ,D5,0,40,39,33,0.14426422,CD8 memory
AACTGGTTCAAGAAGT-1,GARQ,D5,0,40,39,20,0.060207844,CD56dim CD16bright NK
AACTGGTTCATCGGAT-1,GARQ,D5,0,40,39,26,0.028009176,MAIT-NKT cells
AACTGGTTCCAAATGC-1,GARQ,D5,0,40,39,6,0.011129737,CD56bright CD16dim NK
AACTTTCAGCCTTGAT-1,GARQ,D5,0,40,39,1,0.03815365,CD56dim CD16bright NK
AAGACCTAGTACATGA-1,GARQ,D5,0,40,39,15,0.06257284,T-NK-B cell doublets
AAGACCTAGTATTGGA-1,GARQ,D5,0,40,39,24,0.017272472,CD8 naive
AAGACCTAGTCCGGTC-1,GARQ,D5,0,40,39,30,0.015436292,gdT cells
AAGACCTAGTTCGATC-1,GARQ,D5,0,40,39,20,0.0033414364,CD56dim CD16bright NK
AAGACCTCAGTGGAGT-1,GARQ,D5,0,40,39,31,0.13245797,CD4 naive I
AAGACCTCATGCGCAC-1,GARQ,D5,0,40,39,25,0.041515708,CD4 memory
AAGACCTGTCAACATC-1,GARQ,D5,0,40,39,13,0.027638674,Classical monocytes
AAGACCTTCGTTTATC-1,GARQ,D5,0,40,39,33,0.081504464,CD8 memory
AAGCCGCCAAACTGCT-1,GARQ,D5,0,40,39,13,0.05498886,Classical monocytes
AAGCCGCCACGTCAGC-1,GARQ,D5,0,40,39,31,0.15521646,CD4 naive I
AAGCCGCCATGCGCAC-1,GARQ,D5,0,40,39,4,0.015663147,CD56dim CD16bright NK
AAGCCGCGTTCGAATC-1,GARQ,D5,0,40,39,33,0.0033450127,CD56dim CD16bright NK
AAGCCGCTCCAATGGT-1,GARQ,D5,0,40,39,20,0.021067142,gdT cells
AAGCCGCTCCGTCAAA-1,GARQ,D5,0,40,39,20,0.03718233,CD56dim CD16bright NK
AAGGAGCAGATGAGAG-1,GARQ,D5,0,40,39,10,0.038202405,CD56dim CD16bright NK
AAGGAGCAGCGTGAAC-1,GARQ,D5,0,40,39,20,0.03193891,CD56dim CD16bright NK
AAGGAGCCATCAGTAC-1,GARQ,D5,0,40,39,31,0.0082935095,Regulatory T cells
AAGGAGCGTCCGAGTC-1,GARQ,D5,0,40,39,31,0.091649055,CD4 memory
AAGGAGCGTCCTAGCG-1,GARQ,D5,0,40,39,13,0.07296741,Non classical monocytes
AAGGAGCGTTAGTGGG-1,GARQ,D5,0,40,39,13,0.010699868,Neutrophils
AAGGCAGCAAGAAAGG-1,GARQ,D5,0,40,39,31,0.23293447,CD4 memory
AAGGCAGTCGGCTTGG-1,GARQ,D5,0,40,39,4,0.013027906,CD56dim CD16bright NK
AAGGCAGTCGGTGTTA-1,GARQ,D5,0,40,39,5,0.17245793,Erythroid 
AAGGTTCAGGCGCTCT-1,GARQ,D5,0,40,39,4,0.021733403,CD56dim CD16bright NK
AAGGTTCCAAAGGCGT-1,GARQ,D5,0,40,39,31,0.0487777,CD8 naive
AAGGTTCCAGTATGCT-1,GARQ,D5,0,40,39,28,0.08104074,CD8 memory
AAGGTTCGTCCAGTGC-1,GARQ,D5,0,40,39,33,0.03569126,CD8 effector
AAGGTTCGTTACGTCA-1,GARQ,D5,0,40,39,25,0.079607606,MAIT-NKT cells
AAGGTTCTCTTGCATT-1,GARQ,D5,0,40,39,31,0.19026089,CD4 naive I
AAGTCTGGTAGTAGTA-1,GARQ,D5,0,40,39,4,0.0054984093,CD56dim CD16bright NK
AAGTCTGGTCGACTGC-1,GARQ,D5,0,40,39,13,0.042712092,Classical monocytes
AAGTCTGGTGCTAGCC-1,GARQ,D5,0,40,39,20,0.05376792,CD56dim CD16bright NK
AATCCAGAGTCATCCA-1,GARQ,D5,0,40,39,33,0.0022592545,CD8 effector
AATCCAGAGTGCTGCC-1,GARQ,D5,0,40,39,3,0.0046653748,Classical monocytes
AATCCAGGTTGGTGGA-1,GARQ,D5,0,40,39,31,0.3054037,CD4 naive I
AATCCAGGTTTGCATG-1,GARQ,D5,0,40,39,15,0.06663787,Naive B
AATCCAGTCCCAAGAT-1,GARQ,D5,0,40,39,18,0.017382622,CD4 naive I
AATCGGTCATAAAGGT-1,GARQ,D5,0,40,39,25,0.0030390024,CD4 memory
AATCGGTGTAAAGTCA-1,GARQ,D5,0,40,39,24,0.015506983,CD8 naive
AATCGGTGTCCGAGTC-1,GARQ,D5,0,40,39,32,0.01713705,CD4 memory
AATCGGTGTGGCAAAC-1,GARQ,D5,0,40,39,0,0.00035345554,CD56dim CD16bright NK
AATCGGTTCTGGTATG-1,GARQ,D5,0,40,39,25,0.014026165,CD8 effector
ACACCAAAGTGTTGAA-1,GARQ,D5,0,40,39,13,0.013302684,Classical monocytes
ACACCAAGTGATAAGT-1,GARQ,D5,0,40,39,31,0.1818471,Regulatory T cells
ACACCAATCTCACATT-1,GARQ,D5,0,40,39,2,0.01713562,Naive B
ACACCAATCTCGGACG-1,GARQ,D5,0,40,39,15,0.03443277,Naive B
ACACCCTAGCGTCTAT-1,GARQ,D5,0,40,39,7,0.015568018,CD56bright CD16dim NK
ACACCCTCAAAGGAAG-1,GARQ,D5,0,40,39,0,0.013288498,CD56dim CD16bright NK
ACACCCTCAACGATCT-1,GARQ,D5,0,40,39,0,0.04386878,CD8 effector
ACACCCTCAAGGTGTG-1,GARQ,D5,0,40,39,4,0.014883041,CD56dim CD16bright NK
ACACCCTGTCCGCTGA-1,GARQ,D5,0,40,39,13,0.040715218,plasmacytoid DC
ACACCGGCAGATTGCT-1,GARQ,D5,0,40,39,20,0.05102873,gdT cells
ACACCGGGTACATCCA-1,GARQ,D5,0,40,39,15,0.13325083,Naive B
ACACCGGTCTTCGAGA-1,GARQ,D5,0,40,39,13,0.069960356,Classical monocytes
ACACTGAAGACGCACA-1,GARQ,D5,0,40,39,20,0.082219124,gdT cells
ACACTGAAGGGATACC-1,GARQ,D5,0,40,39,5,0.05826986,Erythroid 
ACACTGATCGGTGTTA-1,GARQ,D5,0,40,39,3,0.019310713,Classical monocytes
ACACTGATCTATGTGG-1,GARQ,D5,0,40,39,31,0.2768948,CD4 naive II
ACAGCCGAGTTTGCGT-1,GARQ,D5,0,40,39,27,0.0021349192,CD56dim CD16bright NK
ACAGCCGCACGGCCAT-1,GARQ,D5,0,40,39,15,0.10305166,Naive B
ACAGCCGCACGTCTCT-1,GARQ,D5,0,40,39,31,0.19756126,CD4 memory
ACAGCCGCAGGATCGA-1,GARQ,D5,0,40,39,15,0.45808017,Memory B
ACAGCCGCAGGGTACA-1,GARQ,D5,0,40,39,25,0.10994339,CD4 memory
ACAGCCGCATCCCACT-1,GARQ,D5,0,40,39,13,0.08224809,Classical monocytes
ACAGCCGGTCATATGC-1,GARQ,D5,0,40,39,31,0.008490086,CD4 naive I
ACAGCCGGTTAAAGAC-1,GARQ,D5,0,40,39,15,0.16567504,Memory B
ACAGCTAGTCTTCGTC-1,GARQ,D5,0,40,39,19,0.03241253,Neutrophils
ACATACGAGCAATATG-1,GARQ,D5,0,40,39,11,0.01299417,CD56dim CD16bright NK
ACATACGCAATGGTCT-1,GARQ,D5,0,40,39,38,0.0037938356,MAIT-NKT cells
ACATACGTCACATGCA-1,GARQ,D5,0,40,39,28,0.009613514,gdT cells
ACATCAGAGCGTGTCC-1,GARQ,D5,0,40,39,20,0.12625968,CD56dim CD16bright NK
ACATCAGGTACAGCAG-1,GARQ,D5,0,40,39,31,0.16749465,CD4 naive I
ACATCAGTCTGCCCTA-1,GARQ,D5,0,40,39,15,0.02616465,Naive B
ACATGGTTCGTAGGAG-1,GARQ,D5,0,40,39,2,0.06867576,Memory B
ACCAGTAAGTGATCGG-1,GARQ,D5,0,40,39,25,0.027760684,Proliferating T and NK cell
ACCAGTAGTGCATCTA-1,GARQ,D5,0,40,39,31,0.5192013,CD4 and CD8 activated memory
ACCAGTAGTTACCAGT-1,GARQ,D5,0,40,39,3,0.0013940334,Classical monocytes
ACCAGTATCACTTATC-1,GARQ,D5,0,40,39,15,0.119757235,plasmacytoid DC
ACCAGTATCATAAAGG-1,GARQ,D5,0,40,39,20,0.055464625,CD56dim CD16bright NK
ACCAGTATCGCACTCT-1,GARQ,D5,0,40,39,31,0.13733721,CD4 memory
ACCCACTAGAACAACT-1,GARQ,D5,0,40,39,31,0.1746701,CD4 naive I
ACCCACTCAGAAGCAC-1,GARQ,D5,0,40,39,37,0.04309702,CD56dim CD16bright NK
ACCCACTTCGAATGCT-1,GARQ,D5,0,40,39,32,0.005020857,CD4 naive I
ACCCACTTCGAGGTAG-1,GARQ,D5,0,40,39,20,0.012854338,CD56dim CD16bright NK
ACCCACTTCGGCATCG-1,GARQ,D5,0,40,39,13,0.008578539,Non classical monocytes
ACCCACTTCTACGAGT-1,GARQ,D5,0,40,39,6,0.12989235,MAIT-NKT cells
ACCGTAAAGCCAGTTT-1,GARQ,D5,0,40,39,4,0.014450073,CD56bright CD16dim NK
ACCGTAACATGTCTCC-1,GARQ,D5,0,40,39,13,0.021455646,Classical monocytes
ACCGTAAGTTACGCGC-1,GARQ,D5,0,40,39,10,0.06303334,CD56dim CD16bright NK
ACCGTAATCTCAACTT-1,GARQ,D5,0,40,39,11,0.07062411,CD56dim CD16bright NK
ACCTTTAGTCAGAGGT-1,GARQ,D5,0,40,39,15,0.04683256,Naive B
ACCTTTAGTGTAAGTA-1,GARQ,D5,0,40,39,18,0.12362754,CD4 memory
ACCTTTAGTTAGGGTG-1,GARQ,D5,0,40,39,3,0.018726468,conventional DC
ACGAGCCAGCTGCCCA-1,GARQ,D5,0,40,39,13,0.042011738,Classical monocytes
ACGAGCCCAACGCACC-1,GARQ,D5,0,40,39,1,0.0153051615,CD56dim CD16bright NK
ACGAGCCTCTAACTCT-1,GARQ,D5,0,40,39,25,0.026386023,MAIT-NKT cells
ACGAGCCTCTCCTATA-1,GARQ,D5,0,40,39,27,0.032477617,CD56dim CD16bright NK
ACGAGCCTCTGGCGAC-1,GARQ,D5,0,40,39,31,0.17605913,CD4 naive I
ACGAGGAAGGAATTAC-1,GARQ,D5,0,40,39,13,0.03590083,Classical monocytes
ACGAGGAGTAAGTTCC-1,GARQ,D5,0,40,39,20,0.07491505,gdT cells
ACGAGGAGTCACTGGC-1,GARQ,D5,0,40,39,31,0.15671813,CD4 naive I
ACGAGGATCTGAGTGT-1,GARQ,D5,0,40,39,31,0.094245195,CD4 naive II
ACGATACAGAAGGTTT-1,GARQ,D5,0,40,39,1,0.0013771057,CD56dim CD16bright NK
ACGATACGTGTATGGG-1,GARQ,D5,0,40,39,5,0.12888288,Erythroid 
ACGATACGTTTCGCTC-1,GARQ,D5,0,40,39,31,0.1875031,CD4 naive I
ACGCAGCAGGACCACA-1,GARQ,D5,0,40,39,1,0.0047745705,CD56dim CD16bright NK
ACGCAGCAGTCTTGCA-1,GARQ,D5,0,40,39,20,0.10127187,CD8 effector
ACGCAGCGTGTCCTCT-1,GARQ,D5,0,40,39,32,0.02282536,CD8 memory
ACGCAGCGTTAAGGGC-1,GARQ,D5,0,40,39,31,0.048347473,CD4 naive I
ACGCAGCTCCAGTAGT-1,GARQ,D5,0,40,39,31,0.21832669,CD4 naive I
ACGCAGCTCGGCGGTT-1,GARQ,D5,0,40,39,16,0.06500113,CD8 memory
ACGCAGCTCTGAGTGT-1,GARQ,D5,0,40,39,33,0.04267621,CD8 effector
ACGCCAGAGCGTCAAG-1,GARQ,D5,0,40,39,13,0.012080669,Neutrophils
ACGCCAGAGTTGAGTA-1,GARQ,D5,0,40,39,31,0.022142649,CD4 naive I
ACGCCAGCAGTGAGTG-1,GARQ,D5,0,40,39,31,0.051424265,CD4 naive I
ACGCCAGGTCTCCATC-1,GARQ,D5,0,40,39,14,0.0066002607,CD56dim CD16bright NK
ACGCCAGGTGGCGAAT-1,GARQ,D5,0,40,39,13,0.024594307,Neutrophils
ACGCCAGTCCCATTAT-1,GARQ,D5,0,40,39,13,0.009355783,Classical monocytes
ACGCCGAAGTGACTCT-1,GARQ,D5,0,40,39,0,0.044536352,CD56dim CD16bright NK
ACGCCGACACCTGGTG-1,GARQ,D5,0,40,39,31,0.085760474,CD4 memory
ACGCCGACATTCACTT-1,GARQ,D5,0,40,39,15,0.08981776,Naive B
ACGCCGAGTCGGGTCT-1,GARQ,D5,0,40,39,3,0.015713692,Neutrophils
ACGGAGACACAGGCCT-1,GARQ,D5,0,40,39,31,0.16812456,CD8 naive
ACGGAGATCTTAGCCC-1,GARQ,D5,0,40,39,13,0.037667513,Classical monocytes
ACGGCCAGTAGGACAC-1,GARQ,D5,0,40,39,31,0.12706232,CD4 memory
ACGGCCAGTGAGTATA-1,GARQ,D5,0,40,39,3,0.00013005733,Neutrophils
ACGGCCATCTCTTATG-1,GARQ,D5,0,40,39,0,0.061487317,CD56dim CD16bright NK
ACGGGCTAGATCACGG-1,GARQ,D5,0,40,39,31,0.11366606,CD4 naive I
ACGGGCTAGTACTTGC-1,GARQ,D5,0,40,39,15,0.030501604,T-NK-B cell doublets
ACGGGCTCATGCTGGC-1,GARQ,D5,0,40,39,13,0.00850296,Non classical monocytes
ACGGGCTTCACAGGCC-1,GARQ,D5,0,40,39,15,0.10481632,Naive B
ACGGGCTTCATGTCCC-1,GARQ,D5,0,40,39,20,0.004910946,CD56dim CD16bright NK
ACGGGTCCACATCCAA-1,GARQ,D5,0,40,39,13,0.033314943,T-NK-B cell doublets
ACGGGTCCAGCTGCAC-1,GARQ,D5,0,40,39,11,0.012738228,CD56dim CD16bright NK
ACGGGTCCAGGCTGAA-1,GARQ,D5,0,40,39,15,0.27156878,T-NK-B cell doublets
ACGGGTCCATGCCCGA-1,GARQ,D5,0,40,39,31,0.2783115,CD4 memory
ACGGGTCCATGTTGAC-1,GARQ,D5,0,40,39,15,0.0022025108,Naive B
ACGTCAAAGATATGGT-1,GARQ,D5,0,40,39,20,0.06590271,gdT cells
ACGTCAAAGCAACGGT-1,GARQ,D5,0,40,39,20,0.028209925,CD56dim CD16bright NK
ACGTCAACAACTTGAC-1,GARQ,D5,0,40,39,25,0.3773942,CD4 memory
ACGTCAAGTTAAAGAC-1,GARQ,D5,0,40,39,15,0.28076184,Memory B
ACGTCAATCAGCTCGG-1,GARQ,D5,0,40,39,15,0.094937086,Naive B
ACGTCAATCCTGCCAT-1,GARQ,D5,0,40,39,13,0.021479487,Classical monocytes
ACTATCTAGGTGTGGT-1,GARQ,D5,0,40,39,2,0.04135692,Naive B
ACTATCTGTCATCCCT-1,GARQ,D5,0,40,39,13,0.06347954,Classical monocytes
ACTATCTTCCTGTACC-1,GARQ,D5,0,40,39,38,0.035474658,MAIT-NKT cells
ACTATCTTCGCGGATC-1,GARQ,D5,0,40,39,4,0.028888822,CD56dim CD16bright NK
ACTGAACAGCCCAGCT-1,GARQ,D5,0,40,39,4,0.06754255,CD56dim CD16bright NK
ACTGAACAGCGCTTAT-1,GARQ,D5,0,40,39,20,0.033063054,NK-T doublets
ACTGAACGTATTCGTG-1,GARQ,D5,0,40,39,25,0.07522845,CD4 memory
ACTGAGTAGCTTTGGT-1,GARQ,D5,0,40,39,38,0.019634604,MAIT-NKT cells
ACTGAGTTCAACCAAC-1,GARQ,D5,0,40,39,31,0.069518805,CD4 naive I
ACTGATGAGGATATAC-1,GARQ,D5,0,40,39,31,0.32981777,CD4 naive II
ACTGATGCAGGCAGTA-1,GARQ,D5,0,40,39,25,0.004070163,CD8 memory
ACTGATGGTCAATACC-1,GARQ,D5,0,40,39,27,0.0038813353,CD56dim CD16bright NK
ACTGATGGTCTTGTCC-1,GARQ,D5,0,40,39,29,0.004997611,CD56dim CD16bright NK
ACTGATGTCTACCTGC-1,GARQ,D5,0,40,39,28,0.0071935654,MAIT-NKT cells
ACTGCTCCATGGGACA-1,GARQ,D5,0,40,39,4,0.020304918,CD56dim CD16bright NK
ACTGCTCCATTTCAGG-1,GARQ,D5,0,40,39,25,0.08994329,CD8 memory
ACTGTCCAGGCATTGG-1,GARQ,D5,0,40,39,0,0.05368817,gdT cells
ACTGTCCCAGCGTTCG-1,GARQ,D5,0,40,39,31,0.30060983,CD4 naive I
ACTGTCCGTCTGGAGA-1,GARQ,D5,0,40,39,25,0.08644235,CD8 memory
ACTGTCCGTGTAATGA-1,GARQ,D5,0,40,39,13,0.0107809305,Classical monocytes
ACTGTCCTCCTGCAGG-1,GARQ,D5,0,40,39,15,0.04136455,Naive B
ACTGTCCTCGATGAGG-1,GARQ,D5,0,40,39,22,0.09735632,T-NK-B cell doublets
ACTTACTCAGCTGTGC-1,GARQ,D5,0,40,39,13,0.05849862,Classical monocytes
ACTTACTGTTCGGGCT-1,GARQ,D5,0,40,39,6,0.000991106,CD8 effector
ACTTGTTCAAGCGATG-1,GARQ,D5,0,40,39,39,0.06922686,CD8 memory
ACTTGTTCAAGTTCTG-1,GARQ,D5,0,40,39,32,0.020979166,CD4 memory
ACTTGTTTCTAAGCCA-1,GARQ,D5,0,40,39,15,0.122704744,Memory B
ACTTTCAAGCTAGGCA-1,GARQ,D5,0,40,39,13,0.026272893,Classical monocytes
ACTTTCAAGTAGATGT-1,GARQ,D5,0,40,39,28,0.008831739,CD8 naive
ACTTTCAGTAGAAGGA-1,GARQ,D5,0,40,39,31,0.025160551,CD8 naive
ACTTTCAGTAGCACGA-1,GARQ,D5,0,40,39,31,0.030010939,CD8 naive
ACTTTCAGTCTAAACC-1,GARQ,D5,0,40,39,15,0.03510058,T-NK-B cell doublets
ACTTTCAGTCTGCGGT-1,GARQ,D5,0,40,39,13,0.014664054,Non classical monocytes
ACTTTCATCGTCTGCT-1,GARQ,D5,0,40,39,13,0.028243423,Classical monocytes
AGAATAGAGATCGATA-1,GARQ,D5,0,40,39,6,0.03018248,gdT cells
AGAATAGGTAAACACA-1,GARQ,D5,0,40,39,2,0.012223959,Naive B
AGAATAGGTAAGGGAA-1,GARQ,D5,0,40,39,20,0.13232303,CD56dim CD16bright NK
AGACGTTCAAGCGCTC-1,GARQ,D5,0,40,39,10,0.018209457,CD56dim CD16bright NK
AGACGTTTCAACGGGA-1,GARQ,D5,0,40,39,13,0.0073800087,Classical monocytes
AGACGTTTCAGAGCTT-1,GARQ,D5,0,40,39,20,0.05560541,CD56dim CD16bright NK
AGACGTTTCTACTATC-1,GARQ,D5,0,40,39,13,0.040440917,Classical monocytes
AGAGCGACAGGGAGAG-1,GARQ,D5,0,40,39,31,0.07801521,CD4 memory
AGAGCGACAGTTAACC-1,GARQ,D5,0,40,39,25,0.063503146,MAIT-NKT cells
AGAGCGACATATGGTC-1,GARQ,D5,0,40,39,3,0.017799854,Classical monocytes
AGAGCGAGTATATCCG-1,GARQ,D5,0,40,39,31,0.0058865547,CD4 memory
AGAGCGATCGTTGCCT-1,GARQ,D5,0,40,39,3,0.038196146,Non classical monocytes
AGAGCTTAGGGTTTCT-1,GARQ,D5,0,40,39,38,0.014089465,MAIT-NKT cells
AGAGCTTGTACATGTC-1,GARQ,D5,0,40,39,18,0.00028139353,CD4 naive I
AGAGCTTTCACGCGGT-1,GARQ,D5,0,40,39,25,0.19838929,CD4 memory
AGAGTGGAGTGAAGAG-1,GARQ,D5,0,40,39,31,0.15182662,CD4 memory
AGAGTGGCAGTCCTTC-1,GARQ,D5,0,40,39,20,0.018761873,CD56dim CD16bright NK
AGAGTGGCATCTGGTA-1,GARQ,D5,0,40,39,3,0.013706565,Classical monocytes
AGAGTGGGTTGGAGGT-1,GARQ,D5,0,40,39,15,0.10593557,plasmacytoid DC
AGATCTGAGATCGGGT-1,GARQ,D5,0,40,39,13,0.003586769,Neutrophils
AGATCTGCAATCACAC-1,GARQ,D5,0,40,39,13,0.06803131,Classical monocytes
AGATCTGGTTAGATGA-1,GARQ,D5,0,40,39,13,0.09061432,Non classical monocytes
AGATTGCAGAAGGGTA-1,GARQ,D5,0,40,39,4,0.042771935,CD56dim CD16bright NK
AGATTGCGTTGGGACA-1,GARQ,D5,0,40,39,20,0.029688835,CD56dim CD16bright NK
AGATTGCTCACTTATC-1,GARQ,D5,0,40,39,31,0.014668584,CD4 memory
AGATTGCTCTGGCGTG-1,GARQ,D5,0,40,39,25,0.002830267,CD4 memory
AGCAGCCCACACCGAC-1,GARQ,D5,0,40,39,20,0.035212994,Proliferating T and NK cell
AGCAGCCCACATCCGG-1,GARQ,D5,0,40,39,25,0.090562224,CD4 memory
AGCAGCCGTCGAACAG-1,GARQ,D5,0,40,39,33,0.06577337,CD8 effector
AGCAGCCTCAAGATCC-1,GARQ,D5,0,40,39,2,0.030528784,plasmacytoid DC
AGCATACAGCGCCTCA-1,GARQ,D5,0,40,39,25,0.016184926,CD8 effector
AGCATACAGCGCTCCA-1,GARQ,D5,0,40,39,31,0.0051572323,CD4 naive I
AGCATACCAATGCCAT-1,GARQ,D5,0,40,39,28,0.039737105,gdT cells
AGCATACCACATTAGC-1,GARQ,D5,0,40,39,1,0.0027316809,CD56dim CD16bright NK
AGCATACGTAAACACA-1,GARQ,D5,0,40,39,13,0.035273552,Classical monocytes
AGCATACGTCTCCATC-1,GARQ,D5,0,40,39,25,0.106202126,CD4 naive I
AGCCTAAAGTGGGATC-1,GARQ,D5,0,40,39,29,0.011621952,CD56dim CD16bright NK
AGCCTAACAAACAACA-1,GARQ,D5,0,40,39,2,0.040480494,Naive B
AGCCTAACATGTCGAT-1,GARQ,D5,0,40,39,28,0.0032663345,CD4 memory
AGCCTAAGTCGCGTGT-1,GARQ,D5,0,40,39,0,0.02818203,CD56dim CD16bright NK
AGCCTAAGTCTTGATG-1,GARQ,D5,0,40,39,39,0.050042868,MAIT-NKT cells
AGCCTAATCACCATAG-1,GARQ,D5,0,40,39,13,0.013406038,Classical monocytes
AGCGGTCTCGCATGAT-1,GARQ,D5,0,40,39,20,0.03082347,CD56bright CD16dim NK
AGCGGTCTCTCAAGTG-1,GARQ,D5,0,40,39,14,0.015767157,CD56dim CD16bright NK
AGCGTATTCATAAAGG-1,GARQ,D5,0,40,39,31,0.039165497,CD4 memory
AGCGTATTCGCTTAGA-1,GARQ,D5,0,40,39,20,0.07175732,CD56dim CD16bright NK
AGCGTATTCTGTCTCG-1,GARQ,D5,0,40,39,24,0.024337292,CD8 naive
AGCGTCGAGAACAATC-1,GARQ,D5,0,40,39,3,0.023980856,Neutrophils
AGCGTCGGTCACTTCC-1,GARQ,D5,0,40,39,8,0.014454007,T-NK-B cell doublets
AGCGTCGTCATGGTCA-1,GARQ,D5,0,40,39,3,0.017658949,Neutrophils
AGCTCCTCAATGAAAC-1,GARQ,D5,0,40,39,25,0.17171001,CD8 memory
AGCTCCTCAATGCCAT-1,GARQ,D5,0,40,39,31,0.10117769,CD4 memory
AGCTCCTCACGCGAAA-1,GARQ,D5,0,40,39,18,0.083797574,CD4 naive I
AGCTCCTTCAAAGACA-1,GARQ,D5,0,40,39,16,0.0798949,CD4 memory
AGCTCTCCACAGGTTT-1,GARQ,D5,0,40,39,13,0.0176934,Neutrophils
AGCTCTCGTGCTTCTC-1,GARQ,D5,0,40,39,15,0.16451168,Memory B
AGCTTGACACTGTTAG-1,GARQ,D5,0,40,39,31,0.13807082,CD4 naive I
AGCTTGAGTCAGCTAT-1,GARQ,D5,0,40,39,25,0.038176537,MAIT-NKT cells
AGCTTGAGTCTAGTCA-1,GARQ,D5,0,40,39,1,0.052487135,CD56dim CD16bright NK
AGCTTGAGTCTGATTG-1,GARQ,D5,0,40,39,1,0.028183103,CD56dim CD16bright NK
AGCTTGATCACGGTTA-1,GARQ,D5,0,40,39,13,0.11232352,Non classical monocytes
AGCTTGATCGCCTGTT-1,GARQ,D5,0,40,39,13,0.03369236,T-NK-B cell doublets
AGGCCACCACAACGTT-1,GARQ,D5,0,40,39,3,0.031936646,Classical monocytes
AGGCCACGTTCGTGAT-1,GARQ,D5,0,40,39,1,0.006900072,CD56dim CD16bright NK
AGGCCACTCTTGCAAG-1,GARQ,D5,0,40,39,15,0.1601646,Naive B
AGGCCGTCAGGTCGTC-1,GARQ,D5,0,40,39,3,0.01954937,Classical monocytes
AGGCCGTGTCTCCACT-1,GARQ,D5,0,40,39,13,0.017856836,Classical monocytes
AGGGAGTAGACTAGAT-1,GARQ,D5,0,40,39,31,0.02726686,CD8 naive
AGGGAGTCAGCTCGCA-1,GARQ,D5,0,40,39,20,0.048331976,gdT cells
AGGGAGTGTCATTAGC-1,GARQ,D5,0,40,39,31,0.040030718,CD4 memory
AGGGATGAGATGCCAG-1,GARQ,D5,0,40,39,13,0.03031516,Classical monocytes
AGGGATGCAGATAATG-1,GARQ,D5,0,40,39,31,0.038928866,CD4 memory
AGGGATGCAGTTCATG-1,GARQ,D5,0,40,39,13,0.087022305,Classical monocytes
AGGGATGCATGCCACG-1,GARQ,D5,0,40,39,20,0.0014466047,CD56dim CD16bright NK
AGGGATGTCTGTCAAG-1,GARQ,D5,0,40,39,30,0.056705594,gdT cells
AGGGTGACAATGTTGC-1,GARQ,D5,0,40,39,20,0.01959443,CD56dim CD16bright NK
AGGGTGAGTCTGCGGT-1,GARQ,D5,0,40,39,13,0.029027224,Non classical monocytes
AGGGTGAGTGGCCCTA-1,GARQ,D5,0,40,39,15,0.15330505,Memory B
AGGTCATCACATGTGT-1,GARQ,D5,0,40,39,30,0.01157999,CD8 effector
AGGTCATTCCCTCTTT-1,GARQ,D5,0,40,39,25,0.12585056,Regulatory T cells
AGGTCATTCTTGCATT-1,GARQ,D5,0,40,39,13,0.03226638,Classical monocytes
AGGTCCGAGCAGGCTA-1,GARQ,D5,0,40,39,20,0.022627592,CD8 effector
AGGTCCGTCATGTGGT-1,GARQ,D5,0,40,39,4,0.07488936,Non classical monocytes
AGTAGTCCACGGCCAT-1,GARQ,D5,0,40,39,20,0.060090423,CD56dim CD16bright NK
AGTAGTCTCGGCCGAT-1,GARQ,D5,0,40,39,15,0.25864923,Plasma cells
AGTCTTTAGATATGCA-1,GARQ,D5,0,40,39,31,0.11319423,CD4 naive II
AGTCTTTGTACTCAAC-1,GARQ,D5,0,40,39,31,0.06868076,CD4 and CD8 activated memory
AGTCTTTGTTACCGAT-1,GARQ,D5,0,40,39,20,0.07709551,CD56dim CD16bright NK
AGTCTTTTCAGCATGT-1,GARQ,D5,0,40,39,30,0.071658134,gdT cells
AGTCTTTTCGTCCAGG-1,GARQ,D5,0,40,39,31,0.11893451,CD4 naive I
AGTCTTTTCTATGTGG-1,GARQ,D5,0,40,39,13,0.09171319,Classical monocytes
AGTGAGGAGCGATGAC-1,GARQ,D5,0,40,39,20,0.050019145,CD8 effector
AGTGAGGAGGGAAACA-1,GARQ,D5,0,40,39,31,0.14265215,CD4 memory
AGTGAGGAGGTTACCT-1,GARQ,D5,0,40,39,25,0.034900427,MAIT-NKT cells
AGTGAGGCACCACCAG-1,GARQ,D5,0,40,39,39,0.02191174,CD8 memory
AGTGAGGCAGGGATTG-1,GARQ,D5,0,40,39,20,0.02092278,NK-T doublets
AGTGAGGGTGAAATCA-1,GARQ,D5,0,40,39,38,0.009387016,MAIT-NKT cells
AGTGAGGTCTCCCTGA-1,GARQ,D5,0,40,39,31,0.19067228,CD4 naive I
AGTGGGAGTCGAAAGC-1,GARQ,D5,0,40,39,20,0.011845589,CD56dim CD16bright NK
AGTGGGAGTCTCATCC-1,GARQ,D5,0,40,39,20,0.03829503,CD56dim CD16bright NK
AGTGTCAAGAAACCTA-1,GARQ,D5,0,40,39,5,0.049782872,Erythroid 
AGTGTCAAGGTGGGTT-1,GARQ,D5,0,40,39,13,0.03263223,Classical monocytes
AGTGTCAGTGGGTATG-1,GARQ,D5,0,40,39,20,0.0022486448,CD56dim CD16bright NK
AGTGTCATCACCCGAG-1,GARQ,D5,0,40,39,0,0.007777691,CD56dim CD16bright NK
AGTTGGTCACTACAGT-1,GARQ,D5,0,40,39,31,0.108855724,CD8 naive
AGTTGGTTCTACTCAT-1,GARQ,D5,0,40,39,20,0.0031083822,CD56dim CD16bright NK
AGTTGGTTCTGCCCTA-1,GARQ,D5,0,40,39,4,0.057958245,CD56dim CD16bright NK
ATAACGCGTACAGTGG-1,GARQ,D5,0,40,39,11,0.009152889,CD56dim CD16bright NK
ATAACGCGTCGTTGTA-1,GARQ,D5,0,40,39,13,0.012524605,Neutrophils
ATAACGCGTGCTTCTC-1,GARQ,D5,0,40,39,31,0.13367486,CD4 naive I
ATAACGCGTTGTCGCG-1,GARQ,D5,0,40,39,20,0.14778328,CD8 effector
ATAACGCTCGGTCCGA-1,GARQ,D5,0,40,39,4,0.09392476,CD56dim CD16bright NK
ATAAGAGAGACTAAGT-1,GARQ,D5,0,40,39,25,0.0043447018,CD8 effector
ATAAGAGGTAAGTTCC-1,GARQ,D5,0,40,39,33,0.009271145,gdT cells
ATAGACCAGACGCACA-1,GARQ,D5,0,40,39,31,0.013633251,Regulatory T cells
ATAGACCGTAGAAGGA-1,GARQ,D5,0,40,39,25,0.0441432,MAIT-NKT cells
ATCACGAAGATCCTGT-1,GARQ,D5,0,40,39,3,0.018558383,Non classical monocytes
ATCACGAGTTGTTTGG-1,GARQ,D5,0,40,39,31,0.033424377,CD4 naive I
ATCACGATCCAAACAC-1,GARQ,D5,0,40,39,31,0.1319412,CD4 naive II
ATCATCTAGCGACGTA-1,GARQ,D5,0,40,39,10,0.0046269894,CD56dim CD16bright NK
ATCATCTGTTATCACG-1,GARQ,D5,0,40,39,2,0.034042,Memory B
ATCATCTTCAGCCTAA-1,GARQ,D5,0,40,39,13,0.049822092,Neutrophils
ATCATCTTCTTTACAC-1,GARQ,D5,0,40,39,20,0.028363466,gdT cells
ATCATGGCACGACTCG-1,GARQ,D5,0,40,39,3,0.00195086,Neutrophils
ATCATGGCAGCGATCC-1,GARQ,D5,0,40,39,11,0.04307747,CD56dim CD16bright NK
ATCATGGTCGTACGGC-1,GARQ,D5,0,40,39,4,0.050946593,CD56dim CD16bright NK
ATCCACCTCTGCTGCT-1,GARQ,D5,0,40,39,5,0.07494843,Erythroid 
ATCCGAAAGTACACCT-1,GARQ,D5,0,40,39,31,0.03481388,CD4 naive I
ATCCGAACAAGACACG-1,GARQ,D5,0,40,39,38,0.05436206,MAIT-NKT cells
ATCCGAACAGACGCCT-1,GARQ,D5,0,40,39,20,0.03969586,CD56dim CD16bright NK
ATCCGAAGTGCGGTAA-1,GARQ,D5,0,40,39,15,0.11018491,plasmacytoid DC
ATCCGAATCGATCCCT-1,GARQ,D5,0,40,39,31,0.07641101,CD4 naive I
ATCCGAATCTGCCCTA-1,GARQ,D5,0,40,39,13,0.12571645,Non classical monocytes
ATCGAGTAGAGTAAGG-1,GARQ,D5,0,40,39,31,0.25504613,CD4 naive II
ATCGAGTAGCGACGTA-1,GARQ,D5,0,40,39,31,0.056857586,CD4 memory
ATCGAGTAGTCGAGTG-1,GARQ,D5,0,40,39,31,0.008378744,CD8 naive
ATCGAGTCAAGGCTCC-1,GARQ,D5,0,40,39,3,0.015996218,Classical monocytes
ATCGAGTGTGCATCTA-1,GARQ,D5,0,40,39,28,0.019677281,MAIT-NKT cells
ATCGAGTTCAACGGCC-1,GARQ,D5,0,40,39,13,0.056425452,Non classical monocytes
ATCGAGTTCGCGTTTC-1,GARQ,D5,0,40,39,0,0.0102699995,CD56dim CD16bright NK
ATCGAGTTCTTTACAC-1,GARQ,D5,0,40,39,13,0.041681528,Classical monocytes
ATCTACTAGAAGGTGA-1,GARQ,D5,0,40,39,20,0.054688215,CD56dim CD16bright NK
ATCTACTAGCCGGTAA-1,GARQ,D5,0,40,39,38,0.012760401,MAIT-NKT cells
ATCTACTAGGTGATTA-1,GARQ,D5,0,40,39,15,0.10257399,Naive B
ATCTACTAGGTGGGTT-1,GARQ,D5,0,40,39,1,0.041866302,CD56dim CD16bright NK
ATCTACTCAAGAGGCT-1,GARQ,D5,0,40,39,15,0.42311776,Memory B
ATCTACTTCCCTCTTT-1,GARQ,D5,0,40,39,0,0.0012699366,CD56dim CD16bright NK
ATCTACTTCCTAGAAC-1,GARQ,D5,0,40,39,13,0.034986973,Classical monocytes
ATCTACTTCTTGACGA-1,GARQ,D5,0,40,39,15,0.10385656,Memory B
ATCTGCCAGTCTTGCA-1,GARQ,D5,0,40,39,31,0.04504609,CD4 memory
ATCTGCCCACGGCGTT-1,GARQ,D5,0,40,39,4,0.03199911,CD56dim CD16bright NK
ATCTGCCCATGGTTGT-1,GARQ,D5,0,40,39,13,0.01223135,conventional DC
ATCTGCCGTACTTGAC-1,GARQ,D5,0,40,39,28,0.015847206,CD8 naive
ATCTGCCGTAGCGATG-1,GARQ,D5,0,40,39,25,0.1320461,CD4 memory
ATCTGCCTCGTATCAG-1,GARQ,D5,0,40,39,13,0.024695873,Non classical monocytes
ATCTGCCTCTAGAGTC-1,GARQ,D5,0,40,39,2,0.021091819,Naive B
ATCTGCCTCTGCTTGC-1,GARQ,D5,0,40,39,13,0.04813075,Classical monocytes
ATGAGGGAGTGTACTC-1,GARQ,D5,0,40,39,10,0.0041549206,CD56dim CD16bright NK
ATGAGGGCATGGATGG-1,GARQ,D5,0,40,39,25,0.11414015,CD8 memory
ATGAGGGTCTTTAGTC-1,GARQ,D5,0,40,39,31,0.18163669,CD4 naive I
ATGCGATAGCGTTCCG-1,GARQ,D5,0,40,39,30,0.019217253,gdT cells
ATGCGATCACATTAGC-1,GARQ,D5,0,40,39,25,0.2492069,CD8 memory
ATGCGATCATTTGCCC-1,GARQ,D5,0,40,39,25,0.004845679,Platelet-T cell doublets
ATGCGATGTCAAAGCG-1,GARQ,D5,0,40,39,31,0.1696806,CD4 naive I
ATGCGATTCTTCTGGC-1,GARQ,D5,0,40,39,33,0.032595992,CD8 effector
ATGGGAGAGATGGGTC-1,GARQ,D5,0,40,39,20,0.0013695955,CD56dim CD16bright NK
ATGGGAGAGCTACCTA-1,GARQ,D5,0,40,39,13,0.02538681,Classical monocytes
ATGGGAGAGTACGTTC-1,GARQ,D5,0,40,39,0,0.026298642,CD8 effector
ATGGGAGCACATCCAA-1,GARQ,D5,0,40,39,13,0.021218896,Classical monocytes
ATGGGAGGTATGAATG-1,GARQ,D5,0,40,39,25,0.18784702,CD8 memory
ATGGGAGTCATCGCTC-1,GARQ,D5,0,40,39,31,0.07693958,CD4 naive I
ATGTGTGGTCTCTCTG-1,GARQ,D5,0,40,39,10,0.022343755,CD56dim CD16bright NK
ATGTGTGGTGTTGGGA-1,GARQ,D5,0,40,39,38,0.04301071,CD56bright CD16dim NK
ATGTGTGGTTACAGAA-1,GARQ,D5,0,40,39,13,0.014441252,Classical monocytes
ATGTGTGGTTCAACCA-1,GARQ,D5,0,40,39,31,0.110018134,Platelet-T cell doublets
ATTACTCAGCTAAGAT-1,GARQ,D5,0,40,39,2,0.023166537,Naive B
ATTACTCAGTAACCCT-1,GARQ,D5,0,40,39,28,0.00142169,CD8 naive
ATTACTCTCATGTAGC-1,GARQ,D5,0,40,39,28,0.01431644,MAIT-NKT cells
ATTATCCAGACACTAA-1,GARQ,D5,0,40,39,31,0.029742718,CD4 memory
ATTATCCGTCCAGTGC-1,GARQ,D5,0,40,39,6,0.09400225,gdT cells
ATTATCCTCACCTTAT-1,GARQ,D5,0,40,39,20,0.05613911,CD56dim CD16bright NK
ATTATCCTCTGTCAAG-1,GARQ,D5,0,40,39,33,0.0027359724,CD8 effector
ATTCTACAGATCCCAT-1,GARQ,D5,0,40,39,13,0.046420097,Non classical monocytes
ATTCTACAGCGTGTCC-1,GARQ,D5,0,40,39,13,0.004538417,Classical monocytes
ATTCTACCAGACAAAT-1,GARQ,D5,0,40,39,31,0.21602774,CD4 memory
ATTCTACGTATGGTTC-1,GARQ,D5,0,40,39,1,0.03673494,CD56dim CD16bright NK
ATTCTACGTCAATACC-1,GARQ,D5,0,40,39,10,0.035047412,CD56dim CD16bright NK
ATTGGACTCATAACCG-1,GARQ,D5,0,40,39,31,0.1298691,CD4 naive I
ATTGGACTCCCTCTTT-1,GARQ,D5,0,40,39,13,0.0038516521,Classical monocytes
ATTGGACTCTTCGGTC-1,GARQ,D5,0,40,39,13,0.101401806,Classical monocytes
ATTGGTGAGTAGGCCA-1,GARQ,D5,0,40,39,15,0.14921439,Memory B
ATTGGTGAGTTAAGTG-1,GARQ,D5,0,40,39,1,0.032792807,CD56dim CD16bright NK
ATTGGTGGTAGCCTAT-1,GARQ,D5,0,40,39,20,0.070441246,CD8 effector
ATTGGTGGTTCCACAA-1,GARQ,D5,0,40,39,13,0.040791035,Classical monocytes
ATTTCTGAGAACAACT-1,GARQ,D5,0,40,39,0,0.00946033,CD8 memory
ATTTCTGCAGCTTCGG-1,GARQ,D5,0,40,39,4,0.015481472,CD56dim CD16bright NK
ATTTCTGGTCTAGAGG-1,GARQ,D5,0,40,39,20,0.09154928,CD56dim CD16bright NK
ATTTCTGTCCACGCAG-1,GARQ,D5,0,40,39,26,0.011359572,CD8 memory
ATTTCTGTCCGTCAAA-1,GARQ,D5,0,40,39,3,0.005019188,Classical monocytes
ATTTCTGTCGCAGGCT-1,GARQ,D5,0,40,39,15,0.06814301,T-NK-B cell doublets
CAACCAAAGGATATAC-1,GARQ,D5,0,40,39,13,0.04527831,T-NK-B cell doublets
CAACCAACAACACCCG-1,GARQ,D5,0,40,39,3,0.0044671297,Classical monocytes
CAACCAACACATCCAA-1,GARQ,D5,0,40,39,13,0.09860563,Classical monocytes
CAACCAAGTCGACTAT-1,GARQ,D5,0,40,39,20,0.053058386,gdT cells
CAACCAATCTTAGCCC-1,GARQ,D5,0,40,39,10,0.07513666,CD56dim CD16bright NK
CAACCAATCTTTACAC-1,GARQ,D5,0,40,39,32,0.0057617426,CD8 memory
CAACCTCGTCTAGGTT-1,GARQ,D5,0,40,39,31,0.03949046,CD4 memory
CAACCTCGTTCAGACT-1,GARQ,D5,0,40,39,1,0.004192829,CD56dim CD16bright NK
CAACCTCTCTCTTATG-1,GARQ,D5,0,40,39,31,0.20615613,CD4 naive II
CAACTAGAGGCCATAG-1,GARQ,D5,0,40,39,20,0.0062435865,CD56dim CD16bright NK
CAACTAGGTGCGATAG-1,GARQ,D5,0,40,39,4,0.06867623,CD56dim CD16bright NK
CAACTAGGTTTAAGCC-1,GARQ,D5,0,40,39,20,0.052313566,CD56bright CD16dim NK
CAACTAGTCCACGTTC-1,GARQ,D5,0,40,39,28,0.009434581,MAIT-NKT cells
CAACTAGTCTTCCTTC-1,GARQ,D5,0,40,39,0,0.03194189,CD8 effector
CAAGAAAAGAGAGCTC-1,GARQ,D5,0,40,39,13,0.027950287,Classical monocytes
CAAGAAAAGATATACG-1,GARQ,D5,0,40,39,10,0.0028281212,CD56dim CD16bright NK
CAAGAAACAGGATTGG-1,GARQ,D5,0,40,39,31,0.11079574,CD4 naive I
CAAGAAAGTCGAACAG-1,GARQ,D5,0,40,39,33,0.044611692,CD8 effector
CAAGAAAGTGACTCAT-1,GARQ,D5,0,40,39,25,0.02151978,MAIT-NKT cells
CAAGAAATCGCGATCG-1,GARQ,D5,0,40,39,31,0.0983969,CD4 memory
CAAGAAATCTACTCAT-1,GARQ,D5,0,40,39,31,0.041745782,CD8 naive
CAAGAAATCTATCCTA-1,GARQ,D5,0,40,39,13,0.038333893,Non classical monocytes
CAAGAAATCTGTACGA-1,GARQ,D5,0,40,39,31,0.10818744,CD8 naive
CAAGATCCATATACCG-1,GARQ,D5,0,40,39,31,0.11828387,CD4 naive I
CAAGGCCGTGAGTGAC-1,GARQ,D5,0,40,39,8,0.027823329,T-NK-B cell doublets
CAAGGCCTCGATCCCT-1,GARQ,D5,0,40,39,13,0.028289795,Classical monocytes
CAAGTTGAGACCTAGG-1,GARQ,D5,0,40,39,4,0.006127596,CD56dim CD16bright NK
CAAGTTGCAAGTCTAC-1,GARQ,D5,0,40,39,29,0.016574383,CD56dim CD16bright NK
CAAGTTGCATAAAGGT-1,GARQ,D5,0,40,39,15,0.027876854,Naive B
CACAAACCACTTAACG-1,GARQ,D5,0,40,39,29,0.0336771,CD56dim CD16bright NK
CACAAACCATTACCTT-1,GARQ,D5,0,40,39,28,0.032368183,CD8 naive
CACAAACGTCCCTACT-1,GARQ,D5,0,40,39,31,0.30230093,CD4 naive I
CACAAACGTGAGTATA-1,GARQ,D5,0,40,39,31,0.13262463,CD4 memory
CACAAACGTGTTGGGA-1,GARQ,D5,0,40,39,28,0.02462846,CD8 naive
CACAAACTCAGCTCTC-1,GARQ,D5,0,40,39,20,0.04673469,CD56dim CD16bright NK
CACACAAAGAAACGAG-1,GARQ,D5,0,40,39,20,0.046393394,Proliferating T and NK cell
CACACAAAGAGGGATA-1,GARQ,D5,0,40,39,13,0.034088254,Non classical monocytes
CACACAAAGGGTTTCT-1,GARQ,D5,0,40,39,1,0.0071263313,CD56dim CD16bright NK
CACACAACACAGATTC-1,GARQ,D5,0,40,39,0,0.0022729635,CD56dim CD16bright NK
CACACAAGTAAGGATT-1,GARQ,D5,0,40,39,20,0.054575086,CD56dim CD16bright NK
CACACAATCATAGCAC-1,GARQ,D5,0,40,39,27,0.0012294054,CD56dim CD16bright NK
CACACCTAGCTAACAA-1,GARQ,D5,0,40,39,20,0.028761268,CD56dim CD16bright NK
CACACCTGTATCTGCA-1,GARQ,D5,0,40,39,4,0.026859045,CD56dim CD16bright NK
CACACCTGTGTTGGGA-1,GARQ,D5,0,40,39,26,0.025477171,MAIT-NKT cells
CACACCTGTTATGCGT-1,GARQ,D5,0,40,39,25,0.08104825,MAIT-NKT cells
CACACCTGTTGGTAAA-1,GARQ,D5,0,40,39,20,0.019982576,CD56dim CD16bright NK
CACACTCAGTGAAGTT-1,GARQ,D5,0,40,39,4,0.013263345,CD56dim CD16bright NK
CACACTCCATACGCCG-1,GARQ,D5,0,40,39,19,0.010913014,Classical monocytes
CACACTCTCTTGAGGT-1,GARQ,D5,0,40,39,28,0.046907187,CD8 naive
CACAGGCCACTTGGAT-1,GARQ,D5,0,40,39,20,0.013677597,CD8 memory
CACAGGCCATAGAAAC-1,GARQ,D5,0,40,39,25,0.07135129,CD4 memory
CACAGGCCATTTGCCC-1,GARQ,D5,0,40,39,32,0.042112947,CD4 and CD8 activated memory
CACAGGCGTCAGATAA-1,GARQ,D5,0,40,39,3,0.013661623,Neutrophils
CACAGTAGTGCGAAAC-1,GARQ,D5,0,40,39,20,0.039481163,CD56dim CD16bright NK
CACAGTAGTGTGACCC-1,GARQ,D5,0,40,39,13,0.012565017,Classical monocytes
CACAGTATCACCTCGT-1,GARQ,D5,0,40,39,31,0.30678666,CD4 naive I
CACATAGAGCTGAAAT-1,GARQ,D5,0,40,39,2,0.103170395,Naive B
CACATAGCACACGCTG-1,GARQ,D5,0,40,39,15,0.022586107,plasmacytoid DC
CACATAGGTAGGAGTC-1,GARQ,D5,0,40,39,13,0.04920411,Non classical monocytes
CACATAGGTCTAGAGG-1,GARQ,D5,0,40,39,18,0.019423366,CD4 naive I
CACATAGTCAAAGTAG-1,GARQ,D5,0,40,39,20,0.0017619133,CD56dim CD16bright NK
CACATTTCAACCGCCA-1,GARQ,D5,0,40,39,31,0.04699111,CD4 memory
CACATTTCAAGTCTGT-1,GARQ,D5,0,40,39,20,0.007388115,NK-T doublets
CACATTTCAGCTGTAT-1,GARQ,D5,0,40,39,31,0.081916094,CD4 memory
CACATTTCAGGCAGTA-1,GARQ,D5,0,40,39,2,0.008542299,Naive B
CACATTTCATAGACTC-1,GARQ,D5,0,40,39,15,0.046532393,Naive B
CACATTTGTTAAGGGC-1,GARQ,D5,0,40,39,31,0.19850838,CD4 naive II
CACATTTTCCCATTTA-1,GARQ,D5,0,40,39,13,0.010744095,NK-monocyte doublets
CACATTTTCCTGCAGG-1,GARQ,D5,0,40,39,20,0.051736593,NK-T doublets
CACCACTAGTTAAGTG-1,GARQ,D5,0,40,39,29,0.012251377,CD56bright CD16dim NK
CACCACTGTTCCCTTG-1,GARQ,D5,0,40,39,13,0.050795555,Non classical monocytes
CACCAGGAGGATATAC-1,GARQ,D5,0,40,39,4,0.0083351135,CD56dim CD16bright NK
CACCAGGGTCAGGACA-1,GARQ,D5,0,40,39,28,0.018642068,MAIT-NKT cells
CACCTTGCAAAGCAAT-1,GARQ,D5,0,40,39,15,0.06503105,Naive B
CACCTTGGTAGTACCT-1,GARQ,D5,0,40,39,28,0.016608953,CD4 memory
CACCTTGGTGAAAGAG-1,GARQ,D5,0,40,39,34,0.016907454,MAIT-NKT cells
CACTCCAAGCTCCTTC-1,GARQ,D5,0,40,39,3,0.017807245,Neutrophils
CACTCCACACATCTTT-1,GARQ,D5,0,40,39,20,0.0064132214,CD56dim CD16bright NK
CACTCCACACGCCAGT-1,GARQ,D5,0,40,39,20,0.018437862,CD56dim CD16bright NK
CACTCCAGTGGTACAG-1,GARQ,D5,0,40,39,13,0.040853977,Non classical monocytes
CACTCCATCCCATTTA-1,GARQ,D5,0,40,39,25,0.11839056,CD4 memory
CAGAATCCATCCTTGC-1,GARQ,D5,0,40,39,31,0.11579692,CD4 naive I
CAGAATCCATTTCACT-1,GARQ,D5,0,40,39,31,0.05154729,CD4 memory
CAGAATCGTGTAAGTA-1,GARQ,D5,0,40,39,2,0.02164352,Naive B
CAGAATCTCACCAGGC-1,GARQ,D5,0,40,39,31,0.23016429,CD4 naive I
CAGAATCTCCTCTAGC-1,GARQ,D5,0,40,39,31,0.002980113,CD4 memory
CAGAGAGCATACAGCT-1,GARQ,D5,0,40,39,13,0.039331436,NK-monocyte doublets
CAGAGAGGTAAGAGAG-1,GARQ,D5,0,40,39,13,0.05881536,Non classical monocytes
CAGAGAGTCTATCCTA-1,GARQ,D5,0,40,39,13,0.013046026,Non classical monocytes
CAGAGAGTCTTAGAGC-1,GARQ,D5,0,40,39,33,0.0040181875,CD8 effector
CAGATCAAGAGATGAG-1,GARQ,D5,0,40,39,13,0.013723612,Classical monocytes
CAGATCAAGGCAATTA-1,GARQ,D5,0,40,39,25,0.13281202,CD8 memory
CAGATCACATGCATGT-1,GARQ,D5,0,40,39,20,0.07878995,CD56dim CD16bright NK
CAGATCAGTTCCTCCA-1,GARQ,D5,0,40,39,20,0.0066775084,CD56dim CD16bright NK
CAGATCATCTAGAGTC-1,GARQ,D5,0,40,39,13,0.03671968,Non classical monocytes
CAGCAGCAGTGGGCTA-1,GARQ,D5,0,40,39,3,0.005949974,Non classical monocytes
CAGCAGCGTATTAGCC-1,GARQ,D5,0,40,39,25,0.039265394,CD4 memory
CAGCAGCTCCTAGGGC-1,GARQ,D5,0,40,39,17,0.13188732,CD56dim CD16bright NK
CAGCAGCTCGAGAGCA-1,GARQ,D5,0,40,39,29,0.014843464,CD56dim CD16bright NK
CAGCATAAGACTACAA-1,GARQ,D5,0,40,39,20,0.011901736,CD56dim CD16bright NK
CAGCATAAGGATGGAA-1,GARQ,D5,0,40,39,4,0.0484432,CD56dim CD16bright NK
CAGCATACAATAGAGT-1,GARQ,D5,0,40,39,13,0.006483555,Classical monocytes
CAGCATATCAGTTGAC-1,GARQ,D5,0,40,39,10,0.011752486,CD56dim CD16bright NK
CAGCATATCGCCCTTA-1,GARQ,D5,0,40,39,25,0.008060694,CD4 memory
CAGCCGAAGAATGTTG-1,GARQ,D5,0,40,39,25,0.09626901,CD4 memory
CAGCCGACATTATCTC-1,GARQ,D5,0,40,39,26,0.05864775,CD8 effector
CAGCCGAGTCAATACC-1,GARQ,D5,0,40,39,13,0.0077166557,Classical monocytes
CAGCGACAGATGCCAG-1,GARQ,D5,0,40,39,13,0.013495922,Neutrophils
CAGCGACAGTGTCCAT-1,GARQ,D5,0,40,39,37,0.013404369,CD56dim CD16bright NK
CAGCGACGTTCGGGCT-1,GARQ,D5,0,40,39,31,0.100301385,CD4 naive II
CAGCTAAAGTGAACGC-1,GARQ,D5,0,40,39,15,0.06904411,Naive B
CAGCTAACACCAGATT-1,GARQ,D5,0,40,39,13,0.0076595545,Classical monocytes
CAGCTAACAGGACCCT-1,GARQ,D5,0,40,39,13,0.022516966,Classical monocytes
CAGCTAATCGGTCTAA-1,GARQ,D5,0,40,39,15,0.101038456,Naive B
CAGCTGGAGAAACGAG-1,GARQ,D5,0,40,39,31,0.079105616,CD4 memory
CAGCTGGCAAACCTAC-1,GARQ,D5,0,40,39,20,0.025659442,CD8 memory
CAGCTGGCATAAAGGT-1,GARQ,D5,0,40,39,36,0.01452601,CD4 memory
CAGCTGGGTGATGTCT-1,GARQ,D5,0,40,39,13,0.06339836,Classical monocytes
CAGCTGGGTTATTCTC-1,GARQ,D5,0,40,39,18,0.08763492,CD4 naive I
CAGCTGGTCCCGACTT-1,GARQ,D5,0,40,39,16,0.05369079,Platelets
CAGCTGGTCTACCAGA-1,GARQ,D5,0,40,39,29,0.011843681,CD56dim CD16bright NK
CAGGTGCCAATAGCAA-1,GARQ,D5,0,40,39,10,0.018268704,CD56dim CD16bright NK
CAGGTGCGTATTACCG-1,GARQ,D5,0,40,39,3,0.048073053,Neutrophils
CAGGTGCGTTACGTCA-1,GARQ,D5,0,40,39,29,0.005158663,CD56dim CD16bright NK
CAGGTGCTCACTATTC-1,GARQ,D5,0,40,39,13,0.09995508,Neutrophils
CAGGTGCTCAGGCGAA-1,GARQ,D5,0,40,39,27,0.0080958605,CD56dim CD16bright NK
CAGGTGCTCTCTGCTG-1,GARQ,D5,0,40,39,5,0.06656629,CD4 naive II
CAGTAACCACTGAAGG-1,GARQ,D5,0,40,39,31,0.09726679,CD4 memory
CAGTAACCAGTAAGAT-1,GARQ,D5,0,40,39,13,0.018956065,NK-monocyte doublets
CAGTAACCATGGATGG-1,GARQ,D5,0,40,39,3,0.029956698,Classical monocytes
CAGTAACGTTAAGATG-1,GARQ,D5,0,40,39,13,0.024255037,Neutrophils
CAGTCCTCAGCATGAG-1,GARQ,D5,0,40,39,13,0.037471294,Neutrophils
CATATGGCAGCTTAAC-1,GARQ,D5,0,40,39,31,0.1197418,CD4 naive I
CATATTCAGGGATCTG-1,GARQ,D5,0,40,39,0,0.028562665,CD56dim CD16bright NK
CATATTCAGTCGATAA-1,GARQ,D5,0,40,39,10,0.01868856,CD56dim CD16bright NK
CATATTCCACGCCAGT-1,GARQ,D5,0,40,39,20,0.008771062,CD8 effector
CATATTCCATTCCTCG-1,GARQ,D5,0,40,39,28,0.05114937,CD8 naive
CATATTCTCGTGGACC-1,GARQ,D5,0,40,39,20,0.028746247,CD8 effector
CATATTCTCTGGTGTA-1,GARQ,D5,0,40,39,31,0.074876904,CD4 memory
CATCAAGAGTGCTGCC-1,GARQ,D5,0,40,39,31,0.12413192,CD4 naive II
CATCAAGCATGGGACA-1,GARQ,D5,0,40,39,31,0.18283343,CD4 naive I
CATCAAGGTAGCCTAT-1,GARQ,D5,0,40,39,31,0.04292178,CD4 naive I
CATCAAGGTGTAACGG-1,GARQ,D5,0,40,39,31,0.049344897,CD4 memory
CATCAAGTCAGCATGT-1,GARQ,D5,0,40,39,38,0.048004866,MAIT-NKT cells
CATCAAGTCTTCGAGA-1,GARQ,D5,0,40,39,31,0.17662942,CD4 naive I
CATCAGAAGACCACGA-1,GARQ,D5,0,40,39,6,0.11925578,CD8 effector
CATCAGAAGGCCCTTG-1,GARQ,D5,0,40,39,13,0.030156374,Non classical monocytes
CATCAGAGTGTAAGTA-1,GARQ,D5,0,40,39,20,0.11094284,CD8 effector
CATCCACAGCCGGTAA-1,GARQ,D5,0,40,39,25,0.056005478,MAIT-NKT cells
CATCCACCAAGCGTAG-1,GARQ,D5,0,40,39,25,0.051713467,CD8 memory
CATCCACCACACGCTG-1,GARQ,D5,0,40,39,31,0.18879318,CD4 memory
CATCCACCACCAGCAC-1,GARQ,D5,0,40,39,13,0.011836767,NK-monocyte doublets
CATCCACGTATAGTAG-1,GARQ,D5,0,40,39,13,0.09697986,Classical monocytes
CATCCACGTGCAACGA-1,GARQ,D5,0,40,39,15,0.07374978,T-NK-B cell doublets
CATCCACTCCTGTAGA-1,GARQ,D5,0,40,39,2,0.08353615,Naive B
CATCCACTCCTTTCTC-1,GARQ,D5,0,40,39,28,0.053685784,CD8 naive
CATCGAAAGCGTAATA-1,GARQ,D5,0,40,39,22,0.043017387,Naive B
CATCGAACAGTTCCCT-1,GARQ,D5,0,40,39,38,0.03279698,gdT cells
CATCGAAGTGTGACCC-1,GARQ,D5,0,40,39,3,0.039667428,Non classical monocytes
CATCGAATCACAAACC-1,GARQ,D5,0,40,39,30,0.01367116,gdT cells
CATCGGGAGGATGGTC-1,GARQ,D5,0,40,39,3,0.0044203997,Non classical monocytes
CATCGGGGTACAGCAG-1,GARQ,D5,0,40,39,28,0.0187155,CD4 naive I
CATCGGGTCCAAGTAC-1,GARQ,D5,0,40,39,38,0.042476654,MAIT-NKT cells
CATGACAGTGGTGTAG-1,GARQ,D5,0,40,39,20,0.005654931,CD56bright CD16dim NK
CATGACAGTTTAAGCC-1,GARQ,D5,0,40,39,10,0.069666386,CD56dim CD16bright NK
CATGACATCAATCTCT-1,GARQ,D5,0,40,39,18,0.029921055,CD4 naive II
CATGCCTGTAGCTCCG-1,GARQ,D5,0,40,39,20,0.04035306,CD8 effector
CATGCCTGTAGTACCT-1,GARQ,D5,0,40,39,0,0.031469584,CD56dim CD16bright NK
CATGCCTGTGTCGCTG-1,GARQ,D5,0,40,39,31,0.20170212,CD4 memory
CATGCCTTCAACACAC-1,GARQ,D5,0,40,39,15,0.025445104,T-NK-B cell doublets
CATGCCTTCAACGAAA-1,GARQ,D5,0,40,39,15,0.06257951,plasmacytoid DC
CATGCCTTCTGCAAGT-1,GARQ,D5,0,40,39,25,0.0137296915,CD4 memory
CATTATCAGATCCCGC-1,GARQ,D5,0,40,39,31,0.03893912,CD8 naive
CATTATCCACAGTCGC-1,GARQ,D5,0,40,39,31,0.08888447,CD4 naive I
CATTATCGTGCGCTTG-1,GARQ,D5,0,40,39,31,0.008777261,CD4 memory
CATTCGCCAGTAAGAT-1,GARQ,D5,0,40,39,28,0.0020347834,CD8 effector
CATTCGCGTACCAGTT-1,GARQ,D5,0,40,39,31,0.064949036,CD4 naive I
CATTCGCGTAGCTAAA-1,GARQ,D5,0,40,39,31,0.30590463,CD4 naive I
CCAATCCAGACTAGAT-1,GARQ,D5,0,40,39,33,0.019677639,CD8 effector
CCAATCCAGTACGTTC-1,GARQ,D5,0,40,39,27,0.05822313,CD56dim CD16bright NK
CCAATCCCAATGGTCT-1,GARQ,D5,0,40,39,31,0.1308428,CD4 naive II
CCAATCCGTACCGTAT-1,GARQ,D5,0,40,39,0,0.09382689,CD56dim CD16bright NK
CCAATCCTCACAGTAC-1,GARQ,D5,0,40,39,31,0.14407861,Regulatory T cells
CCAATCCTCCAAGTAC-1,GARQ,D5,0,40,39,13,0.026383162,Classical monocytes
CCAATCCTCCACGTTC-1,GARQ,D5,0,40,39,2,0.040231943,Naive B
CCACCTATCACATAGC-1,GARQ,D5,0,40,39,27,0.039457798,CD56dim CD16bright NK
CCACCTATCGCCTGTT-1,GARQ,D5,0,40,39,13,0.002973795,Classical monocytes
CCACGGAAGCTGCGAA-1,GARQ,D5,0,40,39,13,0.004416108,NK-monocyte doublets
CCACGGACAGGGTTAG-1,GARQ,D5,0,40,39,3,0.016183138,Classical monocytes
CCACGGAGTACGAAAT-1,GARQ,D5,0,40,39,13,0.03397107,Platelets
CCACGGAGTGATAAAC-1,GARQ,D5,0,40,39,31,0.11732948,CD4 naive I
CCACTACCACATTAGC-1,GARQ,D5,0,40,39,31,0.17649698,CD4 naive I
CCACTACCACTGTGTA-1,GARQ,D5,0,40,39,30,0.07649505,gdT cells
CCACTACGTAGAGTGC-1,GARQ,D5,0,40,39,13,0.051317334,Classical monocytes
CCAGCGAAGTACCGGA-1,GARQ,D5,0,40,39,1,0.026909351,CD56dim CD16bright NK
CCAGCGACAATGTAAG-1,GARQ,D5,0,40,39,20,0.1329906,MAIT-NKT cells
CCAGCGACATCCGGGT-1,GARQ,D5,0,40,39,13,0.022541404,NK-monocyte doublets
CCAGCGATCTGCTGCT-1,GARQ,D5,0,40,39,25,0.007776499,MAIT-NKT cells
CCATGTCGTCTTGATG-1,GARQ,D5,0,40,39,10,0.04656601,CD56dim CD16bright NK
CCATGTCGTTAAGAAC-1,GARQ,D5,0,40,39,31,0.04333973,CD8 naive
CCATGTCTCCTGTAGA-1,GARQ,D5,0,40,39,18,0.028250933,CD4 memory
CCATTCGTCACCTTAT-1,GARQ,D5,0,40,39,15,0.2927171,Memory B
CCATTCGTCTGCGGCA-1,GARQ,D5,0,40,39,6,0.07367396,MAIT-NKT cells
CCCAATCTCAACACAC-1,GARQ,D5,0,40,39,20,0.040616274,gdT cells
CCCAATCTCTTCTGGC-1,GARQ,D5,0,40,39,13,0.021547556,Classical monocytes
CCCAGTTGTAATCGTC-1,GARQ,D5,0,40,39,13,0.03832972,Classical monocytes
CCCAGTTGTCGGATCC-1,GARQ,D5,0,40,39,27,0.025847435,CD56dim CD16bright NK
CCCTCCTAGCCAGTTT-1,GARQ,D5,0,40,39,29,0.02047348,CD56dim CD16bright NK
CCCTCCTCACTCAGGC-1,GARQ,D5,0,40,39,22,0.0074700117,T-NK-B cell doublets
CCCTCCTGTAGCTTGT-1,GARQ,D5,0,40,39,10,0.016207457,Proliferating T and NK cell
CCCTCCTTCAAACAAG-1,GARQ,D5,0,40,39,29,0.016755104,CD56dim CD16bright NK
CCCTCCTTCCACGTTC-1,GARQ,D5,0,40,39,15,0.0013462901,Naive B
CCCTCCTTCCTGTACC-1,GARQ,D5,0,40,39,10,0.044564605,CD56dim CD16bright NK
CCGGGATCAGGTCTCG-1,GARQ,D5,0,40,39,27,0.009248614,CD56dim CD16bright NK
CCGGGATGTTCGAATC-1,GARQ,D5,0,40,39,4,0.0052096844,CD56dim CD16bright NK
CCGGGATTCATTTGGG-1,GARQ,D5,0,40,39,15,0.12683797,Memory B
CCGGTAGCAAGTCTGT-1,GARQ,D5,0,40,39,33,0.0037730932,CD8 effector
CCGGTAGGTCACAAGG-1,GARQ,D5,0,40,39,20,0.015920758,CD8 effector
CCGTACTAGCCACTAT-1,GARQ,D5,0,40,39,31,0.0012857914,CD8 naive
CCGTACTCAAGCGTAG-1,GARQ,D5,0,40,39,18,0.005649805,CD4 memory
CCGTACTCACTGTCGG-1,GARQ,D5,0,40,39,2,0.03427124,Naive B
CCGTACTCATATGAGA-1,GARQ,D5,0,40,39,7,0.0070204735,CD56dim CD16bright NK
CCGTACTTCGTGGACC-1,GARQ,D5,0,40,39,31,0.005274296,CD4 naive I
CCGTGGACAAGGTTCT-1,GARQ,D5,0,40,39,25,0.024383783,CD8 memory
CCGTGGACACCAGCAC-1,GARQ,D5,0,40,39,25,0.0964911,MAIT-NKT cells
CCGTGGACAGCCTATA-1,GARQ,D5,0,40,39,36,0.06258893,CD8 naive
CCGTGGAGTCTGATTG-1,GARQ,D5,0,40,39,13,0.022288203,Neutrophils
CCGTGGATCCGCAAGC-1,GARQ,D5,0,40,39,0,0.017387867,CD56dim CD16bright NK
CCGTGGATCTCAACTT-1,GARQ,D5,0,40,39,2,0.017182827,Naive B
CCGTTCAGTCCAACTA-1,GARQ,D5,0,40,39,27,0.03838432,CD56dim CD16bright NK
CCGTTCATCTTGGGTA-1,GARQ,D5,0,40,39,4,0.049213767,CD56dim CD16bright NK
CCTAAAGAGTCCTCCT-1,GARQ,D5,0,40,39,13,0.021584034,Classical monocytes
CCTAAAGCAGGCAGTA-1,GARQ,D5,0,40,39,25,0.025061965,CD8 memory
CCTAAAGGTGAGGGAG-1,GARQ,D5,0,40,39,13,0.044203877,Classical monocytes
CCTAAAGGTGCACCAC-1,GARQ,D5,0,40,39,0,0.026818514,CD8 effector
CCTAAAGTCCCTGACT-1,GARQ,D5,0,40,39,20,0.011829376,gdT cells
CCTAAAGTCGGCGCTA-1,GARQ,D5,0,40,39,27,0.045521975,CD56dim CD16bright NK
CCTACCAAGAGTGAGA-1,GARQ,D5,0,40,39,20,0.010032892,CD56dim CD16bright NK
CCTACCAAGTAGATGT-1,GARQ,D5,0,40,39,32,0.02251923,CD8 naive
CCTACCAGTTACGGAG-1,GARQ,D5,0,40,39,15,0.097415686,Memory B
CCTACCAGTTCAGCGC-1,GARQ,D5,0,40,39,2,0.060535192,Memory B
CCTAGCTCAGGGTACA-1,GARQ,D5,0,40,39,13,0.047105312,Classical monocytes
CCTAGCTTCGGCGCAT-1,GARQ,D5,0,40,39,31,0.009156108,CD8 memory
CCTATTAAGCGACGTA-1,GARQ,D5,0,40,39,13,0.09173989,Non classical monocytes
CCTATTAAGGGTGTGT-1,GARQ,D5,0,40,39,0,0.0317353,CD56dim CD16bright NK
CCTATTACACAGGAGT-1,GARQ,D5,0,40,39,20,0.03159702,gdT cells
CCTATTACATCCGGGT-1,GARQ,D5,0,40,39,25,0.0025558472,MAIT-NKT cells
CCTATTAGTCGAACAG-1,GARQ,D5,0,40,39,13,0.016370177,Classical monocytes
CCTATTATCATATCGG-1,GARQ,D5,0,40,39,20,0.10925472,CD8 effector
CCTCAGTCAGACTCGC-1,GARQ,D5,0,40,39,2,0.02088356,Naive B
CCTCAGTCATCGTCGG-1,GARQ,D5,0,40,39,0,0.08625233,CD8 effector
CCTCAGTGTCAGGACA-1,GARQ,D5,0,40,39,25,0.028243184,MAIT-NKT cells
CCTCAGTGTCGCATAT-1,GARQ,D5,0,40,39,4,0.03428662,CD56dim CD16bright NK
CCTCAGTTCGTAGGTT-1,GARQ,D5,0,40,39,0,0.07246566,CD8 effector
CCTCAGTTCTCAAACG-1,GARQ,D5,0,40,39,39,0.032484174,CD8 memory
CCTCTGAAGCTCTCGG-1,GARQ,D5,0,40,39,4,0.036542773,CD56dim CD16bright NK
CCTCTGAAGGCCGAAT-1,GARQ,D5,0,40,39,11,0.08462989,CD56dim CD16bright NK
CCTCTGAAGGGTGTGT-1,GARQ,D5,0,40,39,36,0.032126963,CD8 naive
CCTCTGATCAGGTTCA-1,GARQ,D5,0,40,39,13,0.04225254,Classical monocytes
CCTCTGATCTCTAGGA-1,GARQ,D5,0,40,39,13,0.036278725,T-NK-B cell doublets
CCTTACGCACGTAAGG-1,GARQ,D5,0,40,39,13,0.08185649,Non classical monocytes
CCTTACGCATTACGAC-1,GARQ,D5,0,40,39,0,0.008110166,CD56dim CD16bright NK
CCTTACGGTAGCTCCG-1,GARQ,D5,0,40,39,31,0.05158472,CD4 and CD8 activated memory
CCTTCCCAGAGCTGCA-1,GARQ,D5,0,40,39,10,0.053961754,CD56dim CD16bright NK
CCTTCCCCACTACAGT-1,GARQ,D5,0,40,39,15,0.10950565,Naive B
CCTTCCCCATAGTAAG-1,GARQ,D5,0,40,39,29,0.017787099,CD56dim CD16bright NK
CCTTCGAAGGATGGTC-1,GARQ,D5,0,40,39,20,0.035924792,gdT cells
CCTTCGACAATCTACG-1,GARQ,D5,0,40,39,38,0.00075519085,NK-T doublets
CCTTCGACATTCACTT-1,GARQ,D5,0,40,39,0,0.036279082,CD56dim CD16bright NK
CCTTCGATCATATCGG-1,GARQ,D5,0,40,39,15,0.047525883,T-NK-B cell doublets
CCTTCGATCCGCGCAA-1,GARQ,D5,0,40,39,39,0.019676685,CD8 memory
CCTTCGATCCGTTGCT-1,GARQ,D5,0,40,39,0,0.044966698,CD56dim CD16bright NK
CCTTCGATCGACCAGC-1,GARQ,D5,0,40,39,31,0.17646599,CD4 naive I
CCTTTCTAGGTCATCT-1,GARQ,D5,0,40,39,31,0.19938195,CD4 naive II
CCTTTCTAGTAAGTAC-1,GARQ,D5,0,40,39,25,0.12288523,CD8 memory
CCTTTCTAGTTCGCAT-1,GARQ,D5,0,40,39,31,0.034639835,CD4 memory
CCTTTCTCAATGGACG-1,GARQ,D5,0,40,39,20,0.0031929016,gdT cells
CCTTTCTCACAGGAGT-1,GARQ,D5,0,40,39,31,0.15061462,CD4 naive II
CCTTTCTCATGCCTTC-1,GARQ,D5,0,40,39,25,0.0236969,MAIT-NKT cells
CCTTTCTCATTGCGGC-1,GARQ,D5,0,40,39,31,0.108610034,CD4 memory
CCTTTCTGTCGCTTTC-1,GARQ,D5,0,40,39,15,0.065050006,Naive B
CGAACATAGACATAAC-1,GARQ,D5,0,40,39,15,0.016327381,Naive B
CGAACATCAATAACGA-1,GARQ,D5,0,40,39,31,0.17885351,CD4 memory
CGAACATCACGCGAAA-1,GARQ,D5,0,40,39,32,0.052523613,CD4 and CD8 activated memory
CGAACATCAGATTGCT-1,GARQ,D5,0,40,39,4,0.017385721,CD56dim CD16bright NK
CGAACATGTCTGATCA-1,GARQ,D5,0,40,39,20,0.007914543,CD56dim CD16bright NK
CGAACATGTTAGTGGG-1,GARQ,D5,0,40,39,37,0.009418726,CD8 effector
CGAACATTCCGCAGTG-1,GARQ,D5,0,40,39,38,0.054100752,MAIT-NKT cells
CGAACATTCGCTTAGA-1,GARQ,D5,0,40,39,31,0.1799841,CD4 memory
CGAATGTCACATGTGT-1,GARQ,D5,0,40,39,15,0.03586936,plasmacytoid DC
CGAATGTCACGGCCAT-1,GARQ,D5,0,40,39,1,0.005343914,T-NK-B cell doublets
CGAATGTCAGGTGGAT-1,GARQ,D5,0,40,39,20,0.14664376,NK-T doublets
CGAATGTCATGCAATC-1,GARQ,D5,0,40,39,20,0.025292873,CD8 effector
CGAATGTTCATCTGTT-1,GARQ,D5,0,40,39,31,0.13389099,CD4 memory
CGAATGTTCGATGAGG-1,GARQ,D5,0,40,39,31,0.12041855,CD4 memory
CGAATGTTCGTGGGAA-1,GARQ,D5,0,40,39,13,0.09703708,Non classical monocytes
CGACCTTAGAATTGTG-1,GARQ,D5,0,40,39,19,0.035039008,Regulatory T cells
CGACCTTCAATCAGAA-1,GARQ,D5,0,40,39,28,0.007568836,CD8 memory
CGACCTTGTAAGTTCC-1,GARQ,D5,0,40,39,15,0.16418451,Plasma cells
CGACCTTGTATCTGCA-1,GARQ,D5,0,40,39,3,0.00820446,Classical monocytes
CGACCTTGTGTTGGGA-1,GARQ,D5,0,40,39,27,0.042282224,CD56dim CD16bright NK
CGACCTTGTTCGGCAC-1,GARQ,D5,0,40,39,11,0.023647308,CD56dim CD16bright NK
CGACCTTTCTCCAACC-1,GARQ,D5,0,40,39,13,0.02088046,Classical monocytes
CGACCTTTCTGTCTCG-1,GARQ,D5,0,40,39,15,0.30169606,Memory B
CGACTTCAGGAATTAC-1,GARQ,D5,0,40,39,4,0.037296534,CD56dim CD16bright NK
CGACTTCGTAAGGATT-1,GARQ,D5,0,40,39,31,0.0033693314,Regulatory T cells
CGACTTCTCATCTGCC-1,GARQ,D5,0,40,39,25,0.06816518,MAIT-NKT cells
CGAGAAGTCACTTCAT-1,GARQ,D5,0,40,39,0,0.09993857,CD56dim CD16bright NK
CGAGCACAGACAGAGA-1,GARQ,D5,0,40,39,20,0.0513407,CD56dim CD16bright NK
CGAGCACGTCCGAATT-1,GARQ,D5,0,40,39,0,0.0014882088,CD56dim CD16bright NK
CGAGCACTCAAACAAG-1,GARQ,D5,0,40,39,1,0.029774189,CD56dim CD16bright NK
CGAGCCAAGAGGTTGC-1,GARQ,D5,0,40,39,20,0.04597664,CD8 effector
CGAGCCACAAAGCAAT-1,GARQ,D5,0,40,39,31,0.05091846,CD4 naive I
CGAGCCACACTGTTAG-1,GARQ,D5,0,40,39,9,0.008354306,gdT cells
CGAGCCAGTGGCCCTA-1,GARQ,D5,0,40,39,25,0.1185503,CD4 and CD8 activated memory
CGAGCCATCACGGTTA-1,GARQ,D5,0,40,39,31,0.03623295,CD4 naive I
CGAGCCATCCGCATCT-1,GARQ,D5,0,40,39,20,0.04135239,CD56dim CD16bright NK
CGAGCCATCCTATGTT-1,GARQ,D5,0,40,39,15,0.11454642,Memory B
CGAGCCATCTATGTGG-1,GARQ,D5,0,40,39,31,0.21935892,CD4 naive I
CGATCGGCATATACGC-1,GARQ,D5,0,40,39,25,0.12778145,Regulatory T cells
CGATCGGGTGTGAATA-1,GARQ,D5,0,40,39,28,0.018091798,CD8 effector
CGATCGGTCAGAGCTT-1,GARQ,D5,0,40,39,0,0.009122729,CD56dim CD16bright NK
CGATGGCCAGATAATG-1,GARQ,D5,0,40,39,20,0.025696516,CD56dim CD16bright NK
CGATGTACATCCCACT-1,GARQ,D5,0,40,39,31,0.087136984,CD4 naive I
CGATGTACATCCTAGA-1,GARQ,D5,0,40,39,15,0.08338618,Naive B
CGATTGACACTGTTAG-1,GARQ,D5,0,40,39,13,0.009569287,Neutrophils
CGATTGACATCGGACC-1,GARQ,D5,0,40,39,31,0.04178381,CD4 naive I
CGCCAAGAGACACTAA-1,GARQ,D5,0,40,39,13,0.034443855,Platelet-bound monocytes
CGCCAAGAGAGCCCAA-1,GARQ,D5,0,40,39,13,0.024357557,Classical monocytes
CGCCAAGTCCCTCAGT-1,GARQ,D5,0,40,39,29,0.0024648905,CD56dim CD16bright NK
CGCGGTACAAGGTTCT-1,GARQ,D5,0,40,39,31,0.20898104,CD4 naive I
CGCGGTATCACCCTCA-1,GARQ,D5,0,40,39,10,0.05851543,CD56dim CD16bright NK
CGCGTTTCAAGGCTCC-1,GARQ,D5,0,40,39,15,0.39341116,Plasma cells
CGCGTTTCATCGTCGG-1,GARQ,D5,0,40,39,31,0.10065746,CD4 naive I
CGCGTTTGTCTCATCC-1,GARQ,D5,0,40,39,4,0.06154585,CD56dim CD16bright NK
CGCGTTTGTCTGGTCG-1,GARQ,D5,0,40,39,31,0.12190008,CD4 naive I
CGCTATCCAAAGGAAG-1,GARQ,D5,0,40,39,20,0.02418232,CD56dim CD16bright NK
CGCTATCTCTTCGGTC-1,GARQ,D5,0,40,39,0,0.07665181,CD56dim CD16bright NK
CGCTGGACACATGACT-1,GARQ,D5,0,40,39,31,0.23530543,CD4 naive I
CGCTGGAGTGACGCCT-1,GARQ,D5,0,40,39,27,0.015506029,CD56dim CD16bright NK
CGCTGGAGTTATGCGT-1,GARQ,D5,0,40,39,31,0.14362025,CD4 naive I
CGCTGGATCGCCGTGA-1,GARQ,D5,0,40,39,15,0.0821228,Memory B
CGCTTCAAGTATCGAA-1,GARQ,D5,0,40,39,13,0.051527977,Classical monocytes
CGCTTCATCAACACTG-1,GARQ,D5,0,40,39,31,0.056916952,CD4 memory
CGCTTCATCCTCGCAT-1,GARQ,D5,0,40,39,6,0.0008647442,gdT cells
CGCTTCATCGTGGACC-1,GARQ,D5,0,40,39,3,0.012643814,Non classical monocytes
CGGACACAGTCTCGGC-1,GARQ,D5,0,40,39,31,0.09167862,CD4 memory
CGGACACCAAGGTTTC-1,GARQ,D5,0,40,39,13,0.023721933,Classical monocytes
CGGACACGTAAATACG-1,GARQ,D5,0,40,39,20,0.033462763,CD56dim CD16bright NK
CGGACACGTAAGCACG-1,GARQ,D5,0,40,39,31,0.114589214,CD4 memory
CGGACACTCAGCGATT-1,GARQ,D5,0,40,39,31,0.14493406,CD4 naive II
CGGACACTCTGACCTC-1,GARQ,D5,0,40,39,13,0.0010789633,NK-monocyte doublets
CGGACGTAGTGCGATG-1,GARQ,D5,0,40,39,13,0.019750118,Neutrophils
CGGACGTGTCCAACTA-1,GARQ,D5,0,40,39,13,0.0055618286,Neutrophils
CGGACTGGTTGGTAAA-1,GARQ,D5,0,40,39,12,0.05660653,CD8 memory
CGGACTGTCAAGAAGT-1,GARQ,D5,0,40,39,0,0.05602336,CD56dim CD16bright NK
CGGAGCTAGAGTCTGG-1,GARQ,D5,0,40,39,10,0.00015878677,CD56dim CD16bright NK
CGGAGCTCAACGATCT-1,GARQ,D5,0,40,39,31,0.028340936,CD4 naive I
CGGAGCTCACCAGGCT-1,GARQ,D5,0,40,39,31,0.05061555,CD8 naive
CGGAGCTCACGTGAGA-1,GARQ,D5,0,40,39,31,0.16139042,CD4 memory
CGGAGCTCAGCCTGTG-1,GARQ,D5,0,40,39,10,0.047878027,CD56dim CD16bright NK
CGGAGTCCACAAGACG-1,GARQ,D5,0,40,39,31,0.03988409,CD4 memory
CGGAGTCCACTTAACG-1,GARQ,D5,0,40,39,31,0.19081903,CD8 naive
CGGCTAGAGGAGTTGC-1,GARQ,D5,0,40,39,13,0.028232574,Non classical monocytes
CGGCTAGCAGCGAACA-1,GARQ,D5,0,40,39,25,0.14744866,CD8 effector
CGGCTAGGTACGAAAT-1,GARQ,D5,0,40,39,31,0.20081317,CD4 memory
CGGCTAGTCAGTCAGT-1,GARQ,D5,0,40,39,28,0.06582034,CD8 naive
CGGGTCACATTTGCTT-1,GARQ,D5,0,40,39,20,0.0019829273,gdT cells
CGGTTAACATGTCCTC-1,GARQ,D5,0,40,39,20,0.024571061,CD56dim CD16bright NK
CGGTTAAGTTGATTCG-1,GARQ,D5,0,40,39,13,0.051435947,Non classical monocytes
CGGTTAATCACCCGAG-1,GARQ,D5,0,40,39,20,0.05812633,CD56dim CD16bright NK
CGTAGCGAGACGCACA-1,GARQ,D5,0,40,39,20,0.060088158,CD56dim CD16bright NK
CGTAGCGTCAACCAAC-1,GARQ,D5,0,40,39,20,0.024520159,gdT cells
CGTAGGCAGCGTTTAC-1,GARQ,D5,0,40,39,31,0.0035805702,Regulatory T cells
CGTAGGCCACATTAGC-1,GARQ,D5,0,40,39,4,0.010777235,CD56dim CD16bright NK
CGTAGGCGTTAGTGGG-1,GARQ,D5,0,40,39,13,0.016730785,Non classical monocytes
CGTAGGCTCCAATGGT-1,GARQ,D5,0,40,39,25,0.06670332,CD8 memory
CGTAGGCTCTGACCTC-1,GARQ,D5,0,40,39,3,0.04423237,conventional DC
CGTCACTGTCTAGAGG-1,GARQ,D5,0,40,39,31,0.036108375,CD4 naive I
CGTCACTGTGAGCGAT-1,GARQ,D5,0,40,39,20,0.014886856,NK-T doublets
CGTCACTGTGTTCGAT-1,GARQ,D5,0,40,39,4,0.018970251,CD56dim CD16bright NK
CGTCACTGTTGGTGGA-1,GARQ,D5,0,40,39,18,0.037237406,CD4 memory
CGTCAGGCAGTAACGG-1,GARQ,D5,0,40,39,25,0.0047450066,CD4 memory
CGTCAGGGTGATGATA-1,GARQ,D5,0,40,39,31,0.101192355,CD8 naive
CGTCAGGGTGGCGAAT-1,GARQ,D5,0,40,39,15,0.10970867,Naive B
CGTCAGGTCAGATAAG-1,GARQ,D5,0,40,39,3,0.00021183491,Neutrophils
CGTCCATAGTACGTAA-1,GARQ,D5,0,40,39,15,0.0678432,Naive B
CGTCCATAGTTAGCGG-1,GARQ,D5,0,40,39,19,0.0013496876,NK-monocyte doublets
CGTCCATGTAGCGCAA-1,GARQ,D5,0,40,39,13,0.008581638,Neutrophils
CGTCCATGTAGTACCT-1,GARQ,D5,0,40,39,31,0.18962646,CD4 memory
CGTCCATTCTTGCCGT-1,GARQ,D5,0,40,39,4,0.02431345,CD56dim CD16bright NK
CGTCTACAGGCTATCT-1,GARQ,D5,0,40,39,31,0.12540781,CD4 naive I
CGTCTACGTACATCCA-1,GARQ,D5,0,40,39,15,0.00818634,Naive B
CGTCTACGTCCTGCTT-1,GARQ,D5,0,40,39,15,0.012946844,plasmacytoid DC
CGTCTACTCATAAAGG-1,GARQ,D5,0,40,39,25,0.10724127,CD4 memory
CGTGAGCAGATATGCA-1,GARQ,D5,0,40,39,20,0.043954372,CD56dim CD16bright NK
CGTGAGCAGGAGCGAG-1,GARQ,D5,0,40,39,0,0.011034846,CD56dim CD16bright NK
CGTGAGCAGTGACATA-1,GARQ,D5,0,40,39,4,0.020292163,CD56dim CD16bright NK
CGTGAGCCAGATTGCT-1,GARQ,D5,0,40,39,31,0.12675405,CD4 naive I
CGTGAGCTCACATAGC-1,GARQ,D5,0,40,39,13,0.07745552,Non classical monocytes
CGTGAGCTCCCAGGTG-1,GARQ,D5,0,40,39,13,0.0005288124,Classical monocytes
CGTGTAACAGCTGCTG-1,GARQ,D5,0,40,39,28,0.03375864,Platelet-T cell doublets
CGTGTAATCGTTGCCT-1,GARQ,D5,0,40,39,33,0.11401439,CD8 effector
CGTGTCTGTGTGCCTG-1,GARQ,D5,0,40,39,20,0.028671265,CD56dim CD16bright NK
CGTGTCTTCGGCGCTA-1,GARQ,D5,0,40,39,0,0.047463775,CD8 effector
CGTTAGAAGCTGTCTA-1,GARQ,D5,0,40,39,25,0.022247434,MAIT-NKT cells
CGTTAGAAGTTGAGTA-1,GARQ,D5,0,40,39,20,0.009420514,CD56dim CD16bright NK
CGTTAGACACAGATTC-1,GARQ,D5,0,40,39,31,0.04155922,CD8 naive
CGTTAGACACCTCGTT-1,GARQ,D5,0,40,39,18,0.02847433,CD4 memory
CGTTAGACATCACGAT-1,GARQ,D5,0,40,39,15,0.06906116,Naive B
CGTTAGAGTTCCACTC-1,GARQ,D5,0,40,39,30,0.061363697,CD8 effector
CGTTAGATCCTTGGTC-1,GARQ,D5,0,40,39,1,0.031122327,CD56dim CD16bright NK
CGTTAGATCGAGCCCA-1,GARQ,D5,0,40,39,10,0.15946245,CD56dim CD16bright NK
CGTTCTGAGAGCCCAA-1,GARQ,D5,0,40,39,0,0.028967977,CD56dim CD16bright NK
CGTTCTGAGTAGCGGT-1,GARQ,D5,0,40,39,20,0.11992085,gdT cells
CGTTCTGAGTTGTCGT-1,GARQ,D5,0,40,39,13,0.021186352,Classical monocytes
CGTTCTGTCCGAACGC-1,GARQ,D5,0,40,39,13,0.025454879,Classical monocytes
CGTTGGGAGTACGATA-1,GARQ,D5,0,40,39,31,0.11144376,CD4 naive II
CGTTGGGAGTCGAGTG-1,GARQ,D5,0,40,39,13,0.0033385754,conventional DC
CGTTGGGAGTTGAGAT-1,GARQ,D5,0,40,39,38,0.005231023,CD56bright CD16dim NK
CGTTGGGCAGACGTAG-1,GARQ,D5,0,40,39,20,0.020927548,CD8 effector
CGTTGGGGTGTATGGG-1,GARQ,D5,0,40,39,31,0.13225615,CD4 naive I
CGTTGGGTCACTATTC-1,GARQ,D5,0,40,39,3,0.019685507,Neutrophils
CGTTGGGTCCGTTGTC-1,GARQ,D5,0,40,39,31,0.110527396,CD4 memory
CTAACTTAGAGATGAG-1,GARQ,D5,0,40,39,15,0.049815416,Naive B
CTAACTTAGATCACGG-1,GARQ,D5,0,40,39,15,0.042445898,T-NK-B cell doublets
CTAACTTAGTAAGTAC-1,GARQ,D5,0,40,39,31,0.115630865,CD4 naive II
CTAACTTGTTGCGCAC-1,GARQ,D5,0,40,39,20,0.0012780428,CD56dim CD16bright NK
CTAACTTTCAGTGCAT-1,GARQ,D5,0,40,39,25,0.0544163,CD8 memory
CTAACTTTCGTCCGTT-1,GARQ,D5,0,40,39,4,0.034066677,CD56dim CD16bright NK
CTAAGACAGTTAGCGG-1,GARQ,D5,0,40,39,6,0.018201351,gdT cells
CTAAGACAGTTGTCGT-1,GARQ,D5,0,40,39,31,0.11290121,CD4 naive I
CTAAGACGTCGCCATG-1,GARQ,D5,0,40,39,10,0.0025055408,CD56bright CD16dim NK
CTAAGACTCATTCACT-1,GARQ,D5,0,40,39,39,0.005758524,MAIT-NKT cells
CTAAGACTCTGCTGCT-1,GARQ,D5,0,40,39,6,0.016825914,CD8 effector
CTAATGGCAACAACCT-1,GARQ,D5,0,40,39,15,0.037233114,Memory B
CTAATGGCACCAGATT-1,GARQ,D5,0,40,39,3,0.017094135,Classical monocytes
CTAATGGCAGGAATCG-1,GARQ,D5,0,40,39,18,0.034363985,CD4 naive I
CTACACCTCCGCAAGC-1,GARQ,D5,0,40,39,31,0.09782469,CD4 memory
CTACATTCAGGTCCAC-1,GARQ,D5,0,40,39,31,0.04719162,CD8 naive
CTACATTGTACAAGTA-1,GARQ,D5,0,40,39,31,0.16705656,CD4 memory
CTACATTGTACCATCA-1,GARQ,D5,0,40,39,25,0.16537178,CD8 memory
CTACATTGTCAAACTC-1,GARQ,D5,0,40,39,20,0.09778786,NK-T doublets
CTACATTTCCGATATG-1,GARQ,D5,0,40,39,27,0.040508986,CD56dim CD16bright NK
CTACATTTCTCGGACG-1,GARQ,D5,0,40,39,26,0.004809141,gdT cells
CTACCCAAGAGGTAGA-1,GARQ,D5,0,40,39,15,0.10161781,Naive B
CTACCCAAGATCCTGT-1,GARQ,D5,0,40,39,31,0.112339735,CD4 naive I
CTACCCAAGTGGACGT-1,GARQ,D5,0,40,39,20,0.066625595,CD56dim CD16bright NK
CTACCCACACAGACAG-1,GARQ,D5,0,40,39,20,0.0053708553,CD56dim CD16bright NK
CTACCCAGTCGAGATG-1,GARQ,D5,0,40,39,13,0.034490347,NK-monocyte doublets
CTACCCATCCACGACG-1,GARQ,D5,0,40,39,27,0.07595348,CD56dim CD16bright NK
CTACCCATCTCCGGTT-1,GARQ,D5,0,40,39,0,0.00016140938,CD56dim CD16bright NK
CTACGTCAGCGCCTCA-1,GARQ,D5,0,40,39,20,0.041962147,gdT cells
CTACGTCGTAAAGTCA-1,GARQ,D5,0,40,39,0,0.0074847937,CD56dim CD16bright NK
CTAGAGTAGTAGATGT-1,GARQ,D5,0,40,39,9,0.016158044,CD8 effector
CTAGAGTAGTGTTAGA-1,GARQ,D5,0,40,39,15,0.24540901,Naive B
CTAGAGTCAGCGTTCG-1,GARQ,D5,0,40,39,19,0.026930928,NK-monocyte doublets
CTAGAGTCATACAGCT-1,GARQ,D5,0,40,39,32,0.022822976,CD4 memory
CTAGAGTGTACAGCAG-1,GARQ,D5,0,40,39,13,0.006593704,Classical monocytes
CTAGAGTGTCATGCCG-1,GARQ,D5,0,40,39,31,0.0996753,CD4 naive I
CTAGAGTGTCTACCTC-1,GARQ,D5,0,40,39,20,0.025885582,NK-T doublets
CTAGAGTTCGTTTATC-1,GARQ,D5,0,40,39,1,0.004777789,CD56dim CD16bright NK
CTAGAGTTCTTATCTG-1,GARQ,D5,0,40,39,0,0.040890276,NK-monocyte doublets
CTAGCCTAGTAGCCGA-1,GARQ,D5,0,40,39,13,0.06526959,Non classical monocytes
CTAGCCTAGTGGACGT-1,GARQ,D5,0,40,39,15,0.045401335,Memory B
CTAGCCTCATTGGTAC-1,GARQ,D5,0,40,39,31,0.052274346,CD4 memory
CTAGCCTTCGGAGCAA-1,GARQ,D5,0,40,39,9,0.041012883,CD8 memory
CTAGCCTTCTAAGCCA-1,GARQ,D5,0,40,39,13,0.031099081,Classical monocytes
CTAGTGAAGAGGGCTT-1,GARQ,D5,0,40,39,30,0.050397754,gdT cells
CTCACACAGCTAACTC-1,GARQ,D5,0,40,39,22,0.017957449,Naive B
CTCACACAGGGTTTCT-1,GARQ,D5,0,40,39,24,0.016539335,CD8 naive
CTCACACCAGTCCTTC-1,GARQ,D5,0,40,39,25,0.079456925,CD4 memory
CTCACACGTGCAACGA-1,GARQ,D5,0,40,39,4,0.01527524,CD56dim CD16bright NK
CTCAGAACACTTCGAA-1,GARQ,D5,0,40,39,32,0.008870125,CD4 naive I
CTCAGAACATTTGCTT-1,GARQ,D5,0,40,39,31,0.041025877,CD4 naive II
CTCAGAAGTGCACTTA-1,GARQ,D5,0,40,39,13,0.06285393,conventional DC
CTCATTAAGGTCATCT-1,GARQ,D5,0,40,39,31,0.105270624,CD4 memory
CTCATTAAGTCAAGGC-1,GARQ,D5,0,40,39,27,0.004606724,CD56dim CD16bright NK
CTCATTACAAACTGCT-1,GARQ,D5,0,40,39,31,0.13593638,Regulatory T cells
CTCATTACACATTCGA-1,GARQ,D5,0,40,39,4,0.044047117,CD56dim CD16bright NK
CTCATTACATATGGTC-1,GARQ,D5,0,40,39,13,0.034000993,Non classical monocytes
CTCATTAGTACAGCAG-1,GARQ,D5,0,40,39,10,0.06755698,CD56dim CD16bright NK
CTCATTATCACAATGC-1,GARQ,D5,0,40,39,38,0.056453347,gdT cells
CTCATTATCCTAGAAC-1,GARQ,D5,0,40,39,20,0.061011314,CD8 effector
CTCATTATCTCGATGA-1,GARQ,D5,0,40,39,31,0.027486086,Regulatory T cells
CTCATTATCTTCGAGA-1,GARQ,D5,0,40,39,20,0.03392291,CD8 effector
CTCCTAGAGACTAGGC-1,GARQ,D5,0,40,39,10,0.030533552,CD56dim CD16bright NK
CTCCTAGCACAAGTAA-1,GARQ,D5,0,40,39,3,0.021821737,Neutrophils
CTCGAAACAAGCCGTC-1,GARQ,D5,0,40,39,25,0.12346876,CD8 memory
CTCGAAACATGGTTGT-1,GARQ,D5,0,40,39,31,0.13810098,CD4 naive I
CTCGAAAGTGACGGTA-1,GARQ,D5,0,40,39,6,0.037174344,CD8 effector
CTCGAAATCCATGCTC-1,GARQ,D5,0,40,39,2,0.03763485,Naive B
CTCGAGGAGATCCCGC-1,GARQ,D5,0,40,39,25,0.10155916,CD8 memory
CTCGAGGAGCTAGGCA-1,GARQ,D5,0,40,39,31,0.08932686,CD4 memory
CTCGAGGCACTACAGT-1,GARQ,D5,0,40,39,13,0.04072702,Classical monocytes
CTCGGAGCACATCTTT-1,GARQ,D5,0,40,39,2,0.05972886,Naive B
CTCGGAGGTGAGTATA-1,GARQ,D5,0,40,39,20,0.026789904,NK-T doublets
CTCGGAGGTTAAGAAC-1,GARQ,D5,0,40,39,20,0.06427145,CD56dim CD16bright NK
CTCGGAGTCAATCTCT-1,GARQ,D5,0,40,39,1,0.0036503077,CD56dim CD16bright NK
CTCGGGAGTAGAAAGG-1,GARQ,D5,0,40,39,6,0.047877073,MAIT-NKT cells
CTCGTACAGACAGGCT-1,GARQ,D5,0,40,39,0,0.025224209,NK-T doublets
CTCGTACAGGTGCAAC-1,GARQ,D5,0,40,39,3,0.009046793,NK-monocyte doublets
CTCGTACGTATCTGCA-1,GARQ,D5,0,40,39,2,0.04223764,Naive B
CTCGTCAAGTTGAGTA-1,GARQ,D5,0,40,39,10,0.08261442,CD56dim CD16bright NK
CTCGTCACACAGCGTC-1,GARQ,D5,0,40,39,31,0.15229797,CD4 memory
CTCGTCACACATCTTT-1,GARQ,D5,0,40,39,39,0.06736326,CD8 memory
CTCGTCATCTCTGAGA-1,GARQ,D5,0,40,39,13,0.017869473,Classical monocytes
CTCTAATAGGGTATCG-1,GARQ,D5,0,40,39,25,0.0771935,CD8 memory
CTCTAATAGGTGCACA-1,GARQ,D5,0,40,39,20,0.025267959,CD56dim CD16bright NK
CTCTAATAGGTGCTTT-1,GARQ,D5,0,40,39,20,0.007869601,CD8 memory
CTCTAATCACAGCCCA-1,GARQ,D5,0,40,39,20,0.024077892,CD56dim CD16bright NK
CTCTAATGTGTTCGAT-1,GARQ,D5,0,40,39,13,0.036182642,Classical monocytes
CTCTACGGTATAGGTA-1,GARQ,D5,0,40,39,10,0.04505825,CD56dim CD16bright NK
CTCTGGTGTGCATCTA-1,GARQ,D5,0,40,39,0,0.04045403,CD8 effector
CTCTGGTTCCGCGTTT-1,GARQ,D5,0,40,39,27,0.06526637,CD56dim CD16bright NK
CTGAAACAGAAGGTTT-1,GARQ,D5,0,40,39,10,0.06793189,CD56dim CD16bright NK
CTGAAACAGTAGGCCA-1,GARQ,D5,0,40,39,27,0.014708519,CD56dim CD16bright NK
CTGAAACCATGAGCGA-1,GARQ,D5,0,40,39,31,0.16362333,CD4 and CD8 activated memory
CTGAAACGTCGCATAT-1,GARQ,D5,0,40,39,32,0.026706576,CD4 memory
CTGAAGTCACGAGAGT-1,GARQ,D5,0,40,39,4,0.041272163,CD56dim CD16bright NK
CTGAAGTGTAGCTGCC-1,GARQ,D5,0,40,39,20,0.028247118,CD56dim CD16bright NK
CTGAAGTGTCAATGTC-1,GARQ,D5,0,40,39,31,0.12680817,CD4 naive I
CTGAAGTGTCTGGAGA-1,GARQ,D5,0,40,39,13,0.00036734343,Non classical monocytes
CTGAAGTTCCCTGACT-1,GARQ,D5,0,40,39,13,0.07967949,conventional DC
CTGAAGTTCCTTCAAT-1,GARQ,D5,0,40,39,31,0.14045751,CD4 naive II
CTGATAGAGAAGGGTA-1,GARQ,D5,0,40,39,1,0.0038852692,CD56dim CD16bright NK
CTGATAGCACCTATCC-1,GARQ,D5,0,40,39,20,0.024697065,CD56dim CD16bright NK
CTGATAGCACGTTGGC-1,GARQ,D5,0,40,39,20,0.11373377,CD56dim CD16bright NK
CTGATAGGTGAGCGAT-1,GARQ,D5,0,40,39,15,0.39233327,Memory B
CTGATAGGTGCACGAA-1,GARQ,D5,0,40,39,15,0.029920697,Naive B
CTGATCCAGCTGCAAG-1,GARQ,D5,0,40,39,13,0.047988176,Non classical monocytes
CTGATCCCATCCTTGC-1,GARQ,D5,0,40,39,13,0.03974247,Classical monocytes
CTGATCCCATCGGACC-1,GARQ,D5,0,40,39,15,0.053299308,Naive B
CTGATCCTCGGAGGTA-1,GARQ,D5,0,40,39,18,0.12424743,CD4 naive I
CTGCCTACAGCGTTCG-1,GARQ,D5,0,40,39,20,0.019436836,CD56dim CD16bright NK
CTGCCTACATACAGCT-1,GARQ,D5,0,40,39,22,0.08832741,T-NK-B cell doublets
CTGCCTATCGTCTGAA-1,GARQ,D5,0,40,39,20,0.09001374,gdT cells
CTGCCTATCTGACCTC-1,GARQ,D5,0,40,39,5,0.11545795,Erythroid 
CTGCGGAGTGATAAGT-1,GARQ,D5,0,40,39,15,0.2917837,T-NK-B cell doublets
CTGCGGAGTGTAATGA-1,GARQ,D5,0,40,39,31,0.046805263,CD4 memory
CTGCTGTCAGGACCCT-1,GARQ,D5,0,40,39,13,0.062492847,Classical monocytes
CTGCTGTGTGTGACCC-1,GARQ,D5,0,40,39,19,0.0019704103,Neutrophils
CTGGTCTCAAGTTAAG-1,GARQ,D5,0,40,39,3,0.022604585,Non classical monocytes
CTGGTCTGTAAACGCG-1,GARQ,D5,0,40,39,28,0.015164256,CD8 naive
CTGGTCTGTGTTTGTG-1,GARQ,D5,0,40,39,25,0.08414447,CD4 memory
CTGGTCTGTTCCATGA-1,GARQ,D5,0,40,39,13,0.022344708,Classical monocytes
CTGGTCTGTTTGACTG-1,GARQ,D5,0,40,39,31,0.016073823,CD8 naive
CTGGTCTTCCAGGGCT-1,GARQ,D5,0,40,39,20,0.0044817924,Proliferating T and NK cell
CTGGTCTTCGCGATCG-1,GARQ,D5,0,40,39,16,0.05905485,CD4 memory
CTGTGCTCACAACGCC-1,GARQ,D5,0,40,39,0,0.020569563,CD56dim CD16bright NK
CTGTGCTCATGGTAGG-1,GARQ,D5,0,40,39,31,0.0028111935,CD4 memory
CTGTGCTTCAAGGCTT-1,GARQ,D5,0,40,39,15,0.00764817,T-NK-B cell doublets
CTGTTTAAGACAATAC-1,GARQ,D5,0,40,39,13,0.03287506,Classical monocytes
CTGTTTAAGCTTTGGT-1,GARQ,D5,0,40,39,2,0.0019768476,Naive B
CTGTTTACAGATCTGT-1,GARQ,D5,0,40,39,6,0.026102543,gdT cells
CTGTTTACAGGTCTCG-1,GARQ,D5,0,40,39,36,0.0036035776,CD8 naive
CTGTTTATCCTTGGTC-1,GARQ,D5,0,40,39,13,0.05444634,Classical monocytes
CTTAACTAGCACGCCT-1,GARQ,D5,0,40,39,20,0.043996096,CD8 effector
CTTAACTCAAAGCGGT-1,GARQ,D5,0,40,39,4,0.033742905,CD56dim CD16bright NK
CTTAACTGTCATCGGC-1,GARQ,D5,0,40,39,31,0.1011498,CD4 naive I
CTTACCGGTAGGGACT-1,GARQ,D5,0,40,39,27,0.022142887,CD56dim CD16bright NK
CTTACCGGTGGCAAAC-1,GARQ,D5,0,40,39,2,0.0015000105,Naive B
CTTACCGTCCTAAGTG-1,GARQ,D5,0,40,39,31,0.07326281,CD4 memory
CTTACCGTCTGCTTGC-1,GARQ,D5,0,40,39,20,0.027369618,CD56dim CD16bright NK
CTTAGGACACGAAATA-1,GARQ,D5,0,40,39,13,0.02108574,Classical monocytes
CTTAGGACATTTCACT-1,GARQ,D5,0,40,39,33,0.13649857,CD8 memory
CTTAGGATCGCCTGTT-1,GARQ,D5,0,40,39,13,0.017874002,Classical monocytes
CTTCTCTCACTAAGTC-1,GARQ,D5,0,40,39,20,0.012880325,CD56dim CD16bright NK
CTTCTCTTCACTGGGC-1,GARQ,D5,0,40,39,0,0.0030241013,CD56dim CD16bright NK
CTTGGCTAGAGTGACC-1,GARQ,D5,0,40,39,4,0.050530434,CD56dim CD16bright NK
CTTGGCTAGGTTACCT-1,GARQ,D5,0,40,39,15,0.10236907,Naive B
CTTGGCTAGTCAATAG-1,GARQ,D5,0,40,39,13,0.022479415,plasmacytoid DC
CTTGGCTAGTGAACGC-1,GARQ,D5,0,40,39,13,0.016050816,Neutrophils
CTTGGCTCAATCAGAA-1,GARQ,D5,0,40,39,20,0.1273433,MAIT-NKT cells
CTTGGCTGTACTTCTT-1,GARQ,D5,0,40,39,31,0.00991106,CD4 memory
CTTGGCTTCGGACAAG-1,GARQ,D5,0,40,39,31,0.1949892,CD4 naive II
CTTTGCGAGGCCGAAT-1,GARQ,D5,0,40,39,20,0.013668776,CD56dim CD16bright NK
CTTTGCGCAACTGCGC-1,GARQ,D5,0,40,39,2,0.025140166,T-NK-B cell doublets
CTTTGCGCATGACATC-1,GARQ,D5,0,40,39,13,0.04233265,Non classical monocytes
CTTTGCGCATGATCCA-1,GARQ,D5,0,40,39,25,0.0650022,CD4 memory
CTTTGCGTCCGAATGT-1,GARQ,D5,0,40,39,15,0.014800608,Naive B
CTTTGCGTCTAAGCCA-1,GARQ,D5,0,40,39,10,0.023396015,CD56dim CD16bright NK
GAAACTCGTTAAGGGC-1,GARQ,D5,0,40,39,31,0.011005998,CD4 memory
GAAACTCGTTTACTCT-1,GARQ,D5,0,40,39,20,0.058891535,CD56bright CD16dim NK
GAAACTCTCATGCAAC-1,GARQ,D5,0,40,39,32,0.0378685,CD8 memory
GAAATGAAGATGTGGC-1,GARQ,D5,0,40,39,3,0.024596691,Classical monocytes
GAAATGAGTCCTAGCG-1,GARQ,D5,0,40,39,13,0.004483223,Classical monocytes
GAACATCAGCGCCTCA-1,GARQ,D5,0,40,39,31,0.14686477,CD4 naive I
GAACATCAGCGTTTAC-1,GARQ,D5,0,40,39,13,0.038933277,Classical monocytes
GAACCTACAGCTTAAC-1,GARQ,D5,0,40,39,31,0.09078646,CD8 naive
GAACCTACATGAACCT-1,GARQ,D5,0,40,39,3,0.012296915,Neutrophils
GAACCTATCACCCTCA-1,GARQ,D5,0,40,39,15,0.071368694,Naive B
GAACCTATCATTTGGG-1,GARQ,D5,0,40,39,4,0.16096234,CD56dim CD16bright NK
GAACCTATCCAAACAC-1,GARQ,D5,0,40,39,2,0.028857827,Naive B
GAACCTATCGTAGATC-1,GARQ,D5,0,40,39,20,0.054656625,CD56dim CD16bright NK
GAACGGACACGTTGGC-1,GARQ,D5,0,40,39,31,0.19473481,CD4 naive I
GAACGGACAGCCTTTC-1,GARQ,D5,0,40,39,31,0.03426814,CD4 naive I
GAACGGAGTAAGGGCT-1,GARQ,D5,0,40,39,13,0.057168365,Non classical monocytes
GAACGGATCGCGTTTC-1,GARQ,D5,0,40,39,15,0.3615954,Memory B
GAACGGATCGCTGATA-1,GARQ,D5,0,40,39,3,0.01580441,Non classical monocytes
GAAGCAGCATAACCTG-1,GARQ,D5,0,40,39,31,0.11877954,CD4 naive I
GAAGCAGGTTTGACTG-1,GARQ,D5,0,40,39,13,0.069863915,Non classical monocytes
GAAGCAGTCAAACGGG-1,GARQ,D5,0,40,39,3,0.012897491,Classical monocytes
GAAGCAGTCCGTAGTA-1,GARQ,D5,0,40,39,20,0.022470593,NK-T doublets
GAATAAGAGAGGACGG-1,GARQ,D5,0,40,39,25,0.19762897,CD8 memory
GAATAAGCATAAAGGT-1,GARQ,D5,0,40,39,29,0.01813662,CD56dim CD16bright NK
GAATAAGCATTATCTC-1,GARQ,D5,0,40,39,1,0.0071206093,CD56dim CD16bright NK
GAATAAGCATTGGTAC-1,GARQ,D5,0,40,39,13,0.04483211,NK-monocyte doublets
GAATAAGTCCACGAAT-1,GARQ,D5,0,40,39,31,0.03971696,CD8 naive
GAATGAAAGTTCGCGC-1,GARQ,D5,0,40,39,30,0.02156794,CD8 effector
GAATGAACAAATACAG-1,GARQ,D5,0,40,39,29,0.02105391,CD56bright CD16dim NK
GAATGAAGTTCCCTTG-1,GARQ,D5,0,40,39,25,0.0051152706,CD8 memory
GAATGAATCAAACCAC-1,GARQ,D5,0,40,39,15,0.008628249,Naive B
GACACGCAGGGCTTCC-1,GARQ,D5,0,40,39,29,0.048041224,NK-T doublets
GACACGCAGGTGCTAG-1,GARQ,D5,0,40,39,27,0.024133325,CD56dim CD16bright NK
GACACGCGTCGGCATC-1,GARQ,D5,0,40,39,38,0.028999329,MAIT-NKT cells
GACACGCGTTGTCGCG-1,GARQ,D5,0,40,39,16,0.22446936,Platelets
GACACGCTCGGACAAG-1,GARQ,D5,0,40,39,11,0.060408354,CD56dim CD16bright NK
GACACGCTCTGACCTC-1,GARQ,D5,0,40,39,4,0.014915109,CD56dim CD16bright NK
GACAGAGAGATATACG-1,GARQ,D5,0,40,39,31,0.109619975,CD4 memory
GACAGAGCATGATCCA-1,GARQ,D5,0,40,39,15,0.113491416,Naive B
GACAGAGCATGCCCGA-1,GARQ,D5,0,40,39,27,0.030411005,CD56dim CD16bright NK
GACAGAGGTAAGTTCC-1,GARQ,D5,0,40,39,39,0.030682921,CD8 effector
GACAGAGGTCGAGATG-1,GARQ,D5,0,40,39,3,0.018112183,Classical monocytes
GACCAATAGGCAGGTT-1,GARQ,D5,0,40,39,0,0.039963484,CD56dim CD16bright NK
GACCAATCATACAGCT-1,GARQ,D5,0,40,39,20,0.03971076,gdT cells
GACCAATGTGATGTCT-1,GARQ,D5,0,40,39,4,0.024157286,CD56dim CD16bright NK
GACCAATTCGAATGCT-1,GARQ,D5,0,40,39,15,0.030823588,Naive B
GACCTGGAGACTTTCG-1,GARQ,D5,0,40,39,13,0.002145052,conventional DC
GACCTGGCATCTCGCT-1,GARQ,D5,0,40,39,15,0.13231981,Memory B
GACCTGGGTCGCCATG-1,GARQ,D5,0,40,39,0,0.053392768,CD56dim CD16bright NK
GACCTGGTCCTGTACC-1,GARQ,D5,0,40,39,32,0.008312583,CD4 memory
GACGCGTAGTGGAGTC-1,GARQ,D5,0,40,39,15,0.032571316,Naive B
GACGCGTCACGGCCAT-1,GARQ,D5,0,40,39,20,0.022336364,CD8 effector
GACGGCTAGAAACCTA-1,GARQ,D5,0,40,39,20,0.16394651,NK-T doublets
GACGGCTAGCGCCTTG-1,GARQ,D5,0,40,39,4,0.05499077,CD56dim CD16bright NK
GACGGCTCAATGTTGC-1,GARQ,D5,0,40,39,13,0.02900803,NK-monocyte doublets
GACGGCTCATCCCACT-1,GARQ,D5,0,40,39,20,0.059597492,CD56dim CD16bright NK
GACGGCTGTACGACCC-1,GARQ,D5,0,40,39,38,0.006098509,gdT cells
GACGGCTGTCTTCAAG-1,GARQ,D5,0,40,39,13,0.0050309896,Classical monocytes
GACGTGCGTAGAGGAA-1,GARQ,D5,0,40,39,28,0.011229634,CD8 naive
GACGTGCTCCGCGTTT-1,GARQ,D5,0,40,39,6,0.007837772,gdT cells
GACGTTAAGCTAGTGG-1,GARQ,D5,0,40,39,31,0.17963374,CD4 naive I
GACGTTAGTTCGTCTC-1,GARQ,D5,0,40,39,13,0.061973453,Non classical monocytes
GACTAACCAAGAAAGG-1,GARQ,D5,0,40,39,31,0.003924966,CD4 memory
GACTACACACGGTAGA-1,GARQ,D5,0,40,39,18,0.08272886,CD4 naive I
GACTACAGTAAGCACG-1,GARQ,D5,0,40,39,25,0.060604334,CD4 memory
GACTACAGTCAGTGGA-1,GARQ,D5,0,40,39,29,0.0048743486,CD56dim CD16bright NK
GACTACAGTCTCTTAT-1,GARQ,D5,0,40,39,15,0.038998425,T-NK-B cell doublets
GACTGCGCAGTTAACC-1,GARQ,D5,0,40,39,0,0.03153944,CD8 effector
GACTGCGTCATCGGAT-1,GARQ,D5,0,40,39,31,0.12679219,CD4 naive I
GACTGCGTCCTGCAGG-1,GARQ,D5,0,40,39,32,0.05514908,CD4 memory
GAGCAGAAGAAGGTGA-1,GARQ,D5,0,40,39,13,0.008026242,Neutrophils
GAGCAGACATAAAGGT-1,GARQ,D5,0,40,39,20,0.031475425,NK-T doublets
GAGCAGACATCACGAT-1,GARQ,D5,0,40,39,32,0.0045979023,gdT cells
GAGCAGAGTCGACTGC-1,GARQ,D5,0,40,39,13,0.033344626,Non classical monocytes
GAGCAGAGTTTGCATG-1,GARQ,D5,0,40,39,27,5.841255e-06,CD8 effector
GAGGTGAAGCCCAACC-1,GARQ,D5,0,40,39,4,0.012307167,CD56dim CD16bright NK
GAGGTGACAAGGACTG-1,GARQ,D5,0,40,39,13,0.0070631504,conventional DC
GAGGTGACAGCTCGAC-1,GARQ,D5,0,40,39,28,0.007463455,gdT cells
GAGGTGACATGTCGAT-1,GARQ,D5,0,40,39,0,0.03647864,CD56dim CD16bright NK
GAGGTGAGTGGTACAG-1,GARQ,D5,0,40,39,31,0.029680371,CD4 naive II
GAGGTGAGTTGTTTGG-1,GARQ,D5,0,40,39,13,0.022531152,Classical monocytes
GAGTCCGCACGCTTTC-1,GARQ,D5,0,40,39,20,0.031985164,CD56dim CD16bright NK
GAGTCCGGTGTCAATC-1,GARQ,D5,0,40,39,13,0.012520254,Non classical monocytes
GAGTCCGTCCGTAGTA-1,GARQ,D5,0,40,39,21,0.009361982,CD4 naive I
GAGTCCGTCTGTTTGT-1,GARQ,D5,0,40,39,31,0.08291769,CD4 naive I
GATCAGTAGGACCACA-1,GARQ,D5,0,40,39,0,0.025304675,CD56bright CD16dim NK
GATCAGTGTCTTGTCC-1,GARQ,D5,0,40,39,31,0.12116408,CD4 naive I
GATCAGTGTGACTCAT-1,GARQ,D5,0,40,39,31,0.12966585,CD4 naive I
GATCAGTTCGCCTGTT-1,GARQ,D5,0,40,39,31,0.13761234,CD8 naive
GATCGATCAACCGCCA-1,GARQ,D5,0,40,39,32,0.0078475475,MAIT-NKT cells
GATCGATGTACCGTAT-1,GARQ,D5,0,40,39,29,0.006690979,CD56dim CD16bright NK
GATCGCGAGGTAGCCA-1,GARQ,D5,0,40,39,27,0.09700382,CD56dim CD16bright NK
GATCGCGGTTCTGGTA-1,GARQ,D5,0,40,39,20,0.07805061,CD56dim CD16bright NK
GATCGCGTCACTATTC-1,GARQ,D5,0,40,39,31,0.026583672,CD4 memory
GATCGTAAGGCTATCT-1,GARQ,D5,0,40,39,31,0.14404166,CD4 memory
GATCGTAGTCAGCTAT-1,GARQ,D5,0,40,39,31,0.05887282,CD4 memory
GATCGTAGTCGATTGT-1,GARQ,D5,0,40,39,25,0.12777925,CD8 memory
GATCTAGAGCAGATCG-1,GARQ,D5,0,40,39,31,0.13869071,CD4 memory
GATCTAGGTAGAGTGC-1,GARQ,D5,0,40,39,10,0.01899147,CD56dim CD16bright NK
GATCTAGGTGGTTTCA-1,GARQ,D5,0,40,39,25,0.021453857,MAIT-NKT cells
GATCTAGTCGCTGATA-1,GARQ,D5,0,40,39,31,0.053033948,CD4 memory
GATGAAAAGCTCCTCT-1,GARQ,D5,0,40,39,2,0.005346179,Naive B
GATGAAAAGTTTCCTT-1,GARQ,D5,0,40,39,15,0.039446115,Memory B
GATGAAAGTAGGGACT-1,GARQ,D5,0,40,39,31,0.062452674,CD4 memory
GATGAAAGTCCAAGTT-1,GARQ,D5,0,40,39,13,0.1287632,Classical monocytes
GATGAAAGTCCGCTGA-1,GARQ,D5,0,40,39,0,0.0137838125,CD56dim CD16bright NK
GATGAAATCCGTTGCT-1,GARQ,D5,0,40,39,11,0.042506695,CD56dim CD16bright NK
GATGAAATCTGTACGA-1,GARQ,D5,0,40,39,22,0.027150095,T-NK-B cell doublets
GATGAGGAGAAGGTGA-1,GARQ,D5,0,40,39,27,0.016965866,gdT cells
GATGAGGAGGTAGCCA-1,GARQ,D5,0,40,39,31,0.2545849,CD4 naive I
GATGAGGCAACACCTA-1,GARQ,D5,0,40,39,13,0.06444168,Neutrophils
GATGAGGGTATGGTTC-1,GARQ,D5,0,40,39,15,0.042492747,T-NK-B cell doublets
GATGAGGGTTCCCGAG-1,GARQ,D5,0,40,39,27,0.027855277,CD56dim CD16bright NK
GATGAGGGTTCGTTGA-1,GARQ,D5,0,40,39,25,0.057024598,CD8 memory
GATGAGGTCAGTGTTG-1,GARQ,D5,0,40,39,25,0.11989629,CD4 memory
GATGAGGTCTTGTACT-1,GARQ,D5,0,40,39,4,0.030124068,CD56dim CD16bright NK
GATGCTAAGACTGGGT-1,GARQ,D5,0,40,39,16,0.005185604,CD4 memory
GATGCTACACCGAATT-1,GARQ,D5,0,40,39,27,0.012869358,CD56dim CD16bright NK
GATGCTACATACGCTA-1,GARQ,D5,0,40,39,20,0.06045568,CD56dim CD16bright NK
GATGCTAGTTATCGGT-1,GARQ,D5,0,40,39,37,0.13674212,CD56dim CD16bright NK
GATGCTAGTTCGCTAA-1,GARQ,D5,0,40,39,37,0.0259732,CD56dim CD16bright NK
GATTCAGAGCGGCTTC-1,GARQ,D5,0,40,39,31,0.0788362,CD4 naive I
GATTCAGAGGTGACCA-1,GARQ,D5,0,40,39,27,0.0010074377,CD56dim CD16bright NK
GATTCAGGTAGCGTGA-1,GARQ,D5,0,40,39,28,0.012446165,CD8 memory
GATTCAGTCAACGGCC-1,GARQ,D5,0,40,39,3,0.008439779,Classical monocytes
GATTCAGTCCGAACGC-1,GARQ,D5,0,40,39,13,0.016658545,Classical monocytes
GATTCAGTCTGCGGCA-1,GARQ,D5,0,40,39,25,0.032431245,MAIT-NKT cells
GCAAACTAGAGGTAGA-1,GARQ,D5,0,40,39,20,0.052768946,CD56dim CD16bright NK
GCAAACTAGCTCCTTC-1,GARQ,D5,0,40,39,31,0.13204181,CD4 naive I
GCAAACTAGGAGTCTG-1,GARQ,D5,0,40,39,31,0.25905013,CD4 memory
GCAAACTAGGTAGCTG-1,GARQ,D5,0,40,39,20,0.021986127,CD56dim CD16bright NK
GCAAACTCACTCAGGC-1,GARQ,D5,0,40,39,13,0.06668067,Platelet-bound monocytes
GCAAACTGTAGCAAAT-1,GARQ,D5,0,40,39,38,0.0008804798,MAIT-NKT cells
GCAATCACAGTAGAGC-1,GARQ,D5,0,40,39,4,0.045444727,CD56dim CD16bright NK
GCAATCAGTAGGGTAC-1,GARQ,D5,0,40,39,13,0.042904615,Classical monocytes
GCAATCATCAACCAAC-1,GARQ,D5,0,40,39,38,0.062159777,MAIT-NKT cells
GCACATAGTTACCGAT-1,GARQ,D5,0,40,39,31,0.06655121,CD4 naive I
GCACATATCATTATCC-1,GARQ,D5,0,40,39,13,0.036112666,Classical monocytes
GCACTCTCACGAAAGC-1,GARQ,D5,0,40,39,13,0.00501132,Classical monocytes
GCACTCTCAGGGCATA-1,GARQ,D5,0,40,39,20,0.09645152,CD56dim CD16bright NK
GCACTCTCATAGACTC-1,GARQ,D5,0,40,39,20,0.051404476,MAIT-NKT cells
GCACTCTCATCGATTG-1,GARQ,D5,0,40,39,31,0.07013655,CD4 naive II
GCACTCTGTACGCTGC-1,GARQ,D5,0,40,39,20,0.04643798,CD56dim CD16bright NK
GCACTCTTCGGTTCGG-1,GARQ,D5,0,40,39,13,0.05969453,Classical monocytes
GCAGCCAGTATGCTTG-1,GARQ,D5,0,40,39,20,0.023039341,gdT cells
GCAGCCAGTCGAGTTT-1,GARQ,D5,0,40,39,20,0.019672513,CD56dim CD16bright NK
GCAGCCAGTCTTCTCG-1,GARQ,D5,0,40,39,18,0.13241768,CD4 naive I
GCAGCCAGTTGTACAC-1,GARQ,D5,0,40,39,13,0.05037558,Classical monocytes
GCAGTTAAGTTAAGTG-1,GARQ,D5,0,40,39,25,0.07021356,CD4 memory
GCAGTTACAGGACGTA-1,GARQ,D5,0,40,39,39,0.06849909,CD8 effector
GCAGTTAGTCAGCTAT-1,GARQ,D5,0,40,39,31,0.19973111,CD4 memory
GCAGTTATCGCAGGCT-1,GARQ,D5,0,40,39,31,0.39888024,CD4 naive I
GCAGTTATCTCTGCTG-1,GARQ,D5,0,40,39,31,0.10841417,CD4 naive I
GCATACAAGTGGCACA-1,GARQ,D5,0,40,39,15,0.055276632,Naive B
GCATACAGTTCAGGCC-1,GARQ,D5,0,40,39,0,0.06992507,CD56dim CD16bright NK
GCATACATCGTCCAGG-1,GARQ,D5,0,40,39,13,0.06352472,Classical monocytes
GCATGATCACATCCAA-1,GARQ,D5,0,40,39,13,0.017177701,Neutrophils
GCATGATCATCTCCCA-1,GARQ,D5,0,40,39,8,0.036000013,Naive B
GCATGATGTAGGACAC-1,GARQ,D5,0,40,39,20,0.034010887,NK-T doublets
GCATGATGTCTTCGTC-1,GARQ,D5,0,40,39,31,0.06051612,CD4 memory
GCATGATGTTACTGAC-1,GARQ,D5,0,40,39,15,0.03506148,Naive B
GCATGCGAGACTTGAA-1,GARQ,D5,0,40,39,19,0.012528181,NK-monocyte doublets
GCATGCGCACCGCTAG-1,GARQ,D5,0,40,39,13,0.010925651,Non classical monocytes
GCATGCGGTATTACCG-1,GARQ,D5,0,40,39,31,0.12945306,CD4 memory
GCATGTAAGTTGTAGA-1,GARQ,D5,0,40,39,13,0.08188295,Non classical monocytes
GCATGTACAAGCGTAG-1,GARQ,D5,0,40,39,3,0.0031715631,Neutrophils
GCATGTATCAGCACAT-1,GARQ,D5,0,40,39,13,0.035935402,Classical monocytes
GCATGTATCTAACTCT-1,GARQ,D5,0,40,39,38,0.09358573,gdT cells
GCATGTATCTGTTGAG-1,GARQ,D5,0,40,39,16,0.11054695,Platelet-T cell doublets
GCCAAATAGTACACCT-1,GARQ,D5,0,40,39,13,0.026069164,Classical monocytes
GCCAAATCATCACCCT-1,GARQ,D5,0,40,39,18,0.018182278,CD4 naive I
GCCAAATGTCTTGATG-1,GARQ,D5,0,40,39,13,0.05140543,Non classical monocytes
GCCAAATTCCACGACG-1,GARQ,D5,0,40,39,20,0.07907033,CD8 effector
GCCTCTACACCCATTC-1,GARQ,D5,0,40,39,29,0.032167435,CD56dim CD16bright NK
GCCTCTAGTCTTCTCG-1,GARQ,D5,0,40,39,0,0.0063927174,CD56dim CD16bright NK
GCCTCTATCTCAAACG-1,GARQ,D5,0,40,39,31,0.10347545,CD4 naive II
GCGACCACAATGGAGC-1,GARQ,D5,0,40,39,20,0.09523225,CD56dim CD16bright NK
GCGACCATCCAGGGCT-1,GARQ,D5,0,40,39,13,0.019919634,Classical monocytes
GCGACCATCCGTTGCT-1,GARQ,D5,0,40,39,13,0.034478426,Classical monocytes
GCGAGAACAAGTTAAG-1,GARQ,D5,0,40,39,0,0.04658866,CD56dim CD16bright NK
GCGAGAACATGCCCGA-1,GARQ,D5,0,40,39,20,0.050857663,CD56bright CD16dim NK
GCGAGAAGTAGGCTGA-1,GARQ,D5,0,40,39,13,0.04404211,Classical monocytes
GCGAGAAGTGCAACTT-1,GARQ,D5,0,40,39,27,0.011361718,CD56dim CD16bright NK
GCGAGAATCACGACTA-1,GARQ,D5,0,40,39,13,0.041704535,Classical monocytes
GCGCAACGTCCGTCAG-1,GARQ,D5,0,40,39,4,0.0747745,CD56dim CD16bright NK
GCGCAACGTGGAAAGA-1,GARQ,D5,0,40,39,20,0.044949055,CD8 effector
GCGCAACGTTGGTGGA-1,GARQ,D5,0,40,39,4,0.018630266,CD56dim CD16bright NK
GCGCAACTCAGGTAAA-1,GARQ,D5,0,40,39,26,0.054696918,MAIT-NKT cells
GCGCAACTCCGTCAAA-1,GARQ,D5,0,40,39,3,0.04103899,Neutrophils
GCGCAACTCTGTCTAT-1,GARQ,D5,0,40,39,31,0.047688484,CD4 memory
GCGCAGTAGATGTTAG-1,GARQ,D5,0,40,39,2,0.012296081,Naive B
GCGCAGTAGGTGCACA-1,GARQ,D5,0,40,39,31,0.19427705,CD4 naive I
GCGCAGTGTAGCGTCC-1,GARQ,D5,0,40,39,31,0.01849699,CD4 memory
GCGCAGTTCCTCCTAG-1,GARQ,D5,0,40,39,3,0.0011161566,Non classical monocytes
GCGCCAAAGATATGCA-1,GARQ,D5,0,40,39,25,0.19348288,MAIT-NKT cells
GCGCCAAAGCGATATA-1,GARQ,D5,0,40,39,15,0.068092346,T-NK-B cell doublets
GCGCCAAGTATTAGCC-1,GARQ,D5,0,40,39,20,0.06349003,CD56dim CD16bright NK
GCGCCAAGTCAAGCGA-1,GARQ,D5,0,40,39,1,0.010683298,CD56dim CD16bright NK
GCGCCAATCACATGCA-1,GARQ,D5,0,40,39,6,0.086218715,CD8 effector
GCGCCAATCGTATCAG-1,GARQ,D5,0,40,39,13,0.039015055,Platelet-bound monocytes
GCGCCAATCTGGTTCC-1,GARQ,D5,0,40,39,33,0.0022238493,CD8 memory
GCGCGATAGGATGGTC-1,GARQ,D5,0,40,39,20,0.11525655,CD56dim CD16bright NK
GCGCGATCATGCCCGA-1,GARQ,D5,0,40,39,20,0.025513887,CD56dim CD16bright NK
GCGCGATCATTGGCGC-1,GARQ,D5,0,40,39,13,0.034043193,Classical monocytes
GCGGGTTAGAATCTCC-1,GARQ,D5,0,40,39,19,0.009266257,Neutrophils
GCGGGTTAGACGACGT-1,GARQ,D5,0,40,39,31,0.037605166,CD8 naive
GCGGGTTAGGCCCGTT-1,GARQ,D5,0,40,39,15,0.046883702,T-NK-B cell doublets
GCGGGTTGTGCCTGTG-1,GARQ,D5,0,40,39,31,0.09706652,CD4 memory
GCTCCTAAGCTGAAAT-1,GARQ,D5,0,40,39,28,0.0027081966,CD4 naive I
GCTCCTACACACCGCA-1,GARQ,D5,0,40,39,2,0.017171979,Naive B
GCTCCTAGTTCTGGTA-1,GARQ,D5,0,40,39,20,0.026381016,gdT cells
GCTCCTATCAGTTGAC-1,GARQ,D5,0,40,39,0,0.010411978,CD8 effector
GCTCCTATCGGAAATA-1,GARQ,D5,0,40,39,2,0.0124338865,Naive B
GCTCCTATCTTGACGA-1,GARQ,D5,0,40,39,0,0.042095304,gdT cells
GCTCTGTCATGTAGTC-1,GARQ,D5,0,40,39,31,0.043106318,CD4 naive II
GCTCTGTGTCACAAGG-1,GARQ,D5,0,40,39,25,0.029812574,MAIT-NKT cells
GCTCTGTTCCAACCAA-1,GARQ,D5,0,40,39,10,0.011611462,CD56dim CD16bright NK
GCTCTGTTCCCATTAT-1,GARQ,D5,0,40,39,20,0.04219842,CD56dim CD16bright NK
GCTCTGTTCGAGGTAG-1,GARQ,D5,0,40,39,28,0.005296588,CD4 memory
GCTCTGTTCTGCTGCT-1,GARQ,D5,0,40,39,13,0.08226204,Classical monocytes
GCTGCAGAGTCCCACG-1,GARQ,D5,0,40,39,25,0.05201006,CD8 memory
GCTGCAGCACCGAATT-1,GARQ,D5,0,40,39,20,0.015128493,CD56bright CD16dim NK
GCTGCAGCAGCGTTCG-1,GARQ,D5,0,40,39,0,0.016444445,CD56dim CD16bright NK
GCTGCAGTCTACTCAT-1,GARQ,D5,0,40,39,15,0.072455525,Naive B
GCTGCGAAGAAACGAG-1,GARQ,D5,0,40,39,13,0.055169344,Classical monocytes
GCTGCGAAGGGTTCCC-1,GARQ,D5,0,40,39,31,0.103399575,CD4 naive I
GCTGCGAAGTCCTCCT-1,GARQ,D5,0,40,39,20,0.016189218,CD56dim CD16bright NK
GCTGCGACAGCTGCAC-1,GARQ,D5,0,40,39,20,0.0846405,CD56dim CD16bright NK
GCTGCGATCAGTCAGT-1,GARQ,D5,0,40,39,0,0.031531334,CD56bright CD16dim NK
GCTGCGATCATCACCC-1,GARQ,D5,0,40,39,4,0.08204353,CD56dim CD16bright NK
GCTGCTTAGAGCAATT-1,GARQ,D5,0,40,39,2,0.053095102,Naive B
GCTGCTTGTAGCGCAA-1,GARQ,D5,0,40,39,31,0.026233792,CD8 naive
GCTGCTTGTCCATGAT-1,GARQ,D5,0,40,39,25,0.020298243,MAIT-NKT cells
GCTGGGTCAAGCCTAT-1,GARQ,D5,0,40,39,25,0.03886509,MAIT-NKT cells
GCTGGGTGTAAATGAC-1,GARQ,D5,0,40,39,22,0.008533597,Naive B
GCTGGGTTCAAAGTAG-1,GARQ,D5,0,40,39,33,0.074670434,CD8 effector
GCTGGGTTCATTGCGA-1,GARQ,D5,0,40,39,25,0.0040876865,CD8 memory
GCTGGGTTCGCCAGCA-1,GARQ,D5,0,40,39,11,0.019869208,CD56dim CD16bright NK
GCTTCCACAATCTGCA-1,GARQ,D5,0,40,39,4,0.022860885,CD56dim CD16bright NK
GCTTCCACACAGATTC-1,GARQ,D5,0,40,39,13,0.038011312,Non classical monocytes
GCTTCCACAGATGGCA-1,GARQ,D5,0,40,39,13,0.03747928,Classical monocytes
GCTTCCAGTACATGTC-1,GARQ,D5,0,40,39,13,0.06753361,Non classical monocytes
GCTTGAAAGGCAATTA-1,GARQ,D5,0,40,39,4,0.028370857,CD56bright CD16dim NK
GCTTGAACAAGTCTAC-1,GARQ,D5,0,40,39,31,0.09471631,CD4 naive I
GCTTGAACAGATAATG-1,GARQ,D5,0,40,39,25,0.107204676,CD4 memory
GCTTGAACAGGCAGTA-1,GARQ,D5,0,40,39,2,0.024276614,Memory B
GCTTGAAGTTCTGAAC-1,GARQ,D5,0,40,39,25,0.0515213,MAIT-NKT cells
GCTTGAAGTTTGTTTC-1,GARQ,D5,0,40,39,33,0.0859071,CD8 memory
GCTTGAATCATGCAAC-1,GARQ,D5,0,40,39,0,0.0027546883,CD56dim CD16bright NK
GGAAAGCAGCGCTCCA-1,GARQ,D5,0,40,39,33,0.062480807,CD8 effector
GGAAAGCAGGCGACAT-1,GARQ,D5,0,40,39,30,0.07779908,gdT cells
GGAAAGCGTAAGTAGT-1,GARQ,D5,0,40,39,31,0.060969114,CD4 memory
GGAACTTAGACGCACA-1,GARQ,D5,0,40,39,15,0.036207676,Naive B
GGAACTTTCGCACTCT-1,GARQ,D5,0,40,39,13,0.03205633,Non classical monocytes
GGAACTTTCGCTGATA-1,GARQ,D5,0,40,39,11,0.037035346,CD56dim CD16bright NK
GGAATAAAGGGCTCTC-1,GARQ,D5,0,40,39,31,0.01611805,CD4 memory
GGAATAACACAACGTT-1,GARQ,D5,0,40,39,6,0.0056147575,gdT cells
GGACAAGAGCTACCTA-1,GARQ,D5,0,40,39,13,0.0029489994,Neutrophils
GGACAAGCACGGCGTT-1,GARQ,D5,0,40,39,6,0.003776908,CD56dim CD16bright NK
GGACAAGCATATACCG-1,GARQ,D5,0,40,39,31,0.13823569,CD4 naive I
GGACAAGGTACCGTTA-1,GARQ,D5,0,40,39,6,0.11117303,gdT cells
GGACAAGGTGACGGTA-1,GARQ,D5,0,40,39,38,0.0069303513,gdT cells
GGACAAGGTTACAGAA-1,GARQ,D5,0,40,39,31,0.25395107,CD4 naive I
GGACAAGTCAAAGTAG-1,GARQ,D5,0,40,39,2,0.12787402,Naive B
GGACAAGTCAACCAAC-1,GARQ,D5,0,40,39,39,0.050201297,MAIT-NKT cells
GGACAAGTCGGACAAG-1,GARQ,D5,0,40,39,31,0.1042676,CD4 memory
GGACAGACAAGCCGTC-1,GARQ,D5,0,40,39,33,0.006388426,CD8 effector
GGACAGACATGCATGT-1,GARQ,D5,0,40,39,28,0.0144712925,MAIT-NKT cells
GGACAGACATTTCACT-1,GARQ,D5,0,40,39,33,0.040112615,CD8 effector
GGACAGAGTAAGGATT-1,GARQ,D5,0,40,39,4,0.03077507,CD56dim CD16bright NK
GGACAGAGTGCTGTAT-1,GARQ,D5,0,40,39,13,0.07005906,Classical monocytes
GGACAGATCAACACTG-1,GARQ,D5,0,40,39,20,0.0128901005,CD56dim CD16bright NK
GGACAGATCATGTGGT-1,GARQ,D5,0,40,39,38,0.059337378,MAIT-NKT cells
GGACAGATCGGTCCGA-1,GARQ,D5,0,40,39,13,0.028993607,Non classical monocytes
GGACATTAGGGTCGAT-1,GARQ,D5,0,40,39,20,0.049053907,CD56dim CD16bright NK
GGACATTAGTACGATA-1,GARQ,D5,0,40,39,15,0.4537282,Memory B
GGACATTTCCAAATGC-1,GARQ,D5,0,40,39,31,0.11014998,CD4 naive I
GGACGTCAGTGCAAGC-1,GARQ,D5,0,40,39,15,0.0773772,Naive B
GGACGTCGTACTCAAC-1,GARQ,D5,0,40,39,28,0.059361458,NK-T doublets
GGACGTCGTACTCGCG-1,GARQ,D5,0,40,39,13,0.019147635,Classical monocytes
GGACGTCGTAGGCTGA-1,GARQ,D5,0,40,39,25,0.005297184,CD4 and CD8 activated memory
GGAGCAAAGACTACAA-1,GARQ,D5,0,40,39,20,0.058260918,CD8 effector
GGAGCAAGTATTCGTG-1,GARQ,D5,0,40,39,21,0.0027644634,CD4 naive I
GGAGCAAGTGTAACGG-1,GARQ,D5,0,40,39,15,0.08010197,T-NK-B cell doublets
GGAGCAATCCCACTTG-1,GARQ,D5,0,40,39,31,0.045035124,CD4 naive I
GGAGCAATCGAGAGCA-1,GARQ,D5,0,40,39,31,0.025026917,CD8 naive
GGATGTTCACATCCGG-1,GARQ,D5,0,40,39,20,0.019061446,CD56bright CD16dim NK
GGATGTTTCGAATGGG-1,GARQ,D5,0,40,39,4,0.023162007,CD56dim CD16bright NK
GGATGTTTCTGGTTCC-1,GARQ,D5,0,40,39,29,0.006189227,CD56bright CD16dim NK
GGATTACAGAGACGAA-1,GARQ,D5,0,40,39,13,0.037790656,Classical monocytes
GGATTACAGCTAGCCC-1,GARQ,D5,0,40,39,15,0.08771372,Naive B
GGATTACGTAAACGCG-1,GARQ,D5,0,40,39,0,0.0914011,CD56dim CD16bright NK
GGCAATTAGAGTAAGG-1,GARQ,D5,0,40,39,25,0.010566592,CD4 memory
GGCAATTAGTTCGCAT-1,GARQ,D5,0,40,39,31,0.21873629,CD4 naive I
GGCAATTGTCATCGGC-1,GARQ,D5,0,40,39,15,0.026317596,Memory B
GGCAATTTCGGTCCGA-1,GARQ,D5,0,40,39,13,0.012946844,Neutrophils
GGCCGATAGGTGCACA-1,GARQ,D5,0,40,39,37,0.04382682,CD56bright CD16dim NK
GGCCGATAGGTGGGTT-1,GARQ,D5,0,40,39,0,0.035127163,CD56dim CD16bright NK
GGCCGATCAAGGCTCC-1,GARQ,D5,0,40,39,20,0.018789053,CD56dim CD16bright NK
GGCCGATCAATGTAAG-1,GARQ,D5,0,40,39,36,0.0065522194,CD4 memory
GGCCGATCATTAGGCT-1,GARQ,D5,0,40,39,13,0.06268203,Non classical monocytes
GGCCGATTCGCCATAA-1,GARQ,D5,0,40,39,20,0.010085821,gdT cells
GGCCGATTCTGATTCT-1,GARQ,D5,0,40,39,13,0.017451406,Classical monocytes
GGCGACTAGACCTTTG-1,GARQ,D5,0,40,39,28,0.038930178,CD8 memory
GGCGACTAGATGCCTT-1,GARQ,D5,0,40,39,13,0.063165665,Classical monocytes
GGCGACTAGTGCTGCC-1,GARQ,D5,0,40,39,0,0.04774177,CD56dim CD16bright NK
GGCGACTCAAGCGTAG-1,GARQ,D5,0,40,39,31,0.07641935,CD4 memory
GGCGACTGTAGCTTGT-1,GARQ,D5,0,40,39,0,0.032595634,CD56dim CD16bright NK
GGCGACTGTCCAAGTT-1,GARQ,D5,0,40,39,34,0.0023669004,CD8 effector
GGCGACTGTTCAACCA-1,GARQ,D5,0,40,39,3,0.017629743,Classical monocytes
GGCGACTTCCTCATTA-1,GARQ,D5,0,40,39,34,0.009248853,CD8 memory
GGCGTGTCAAGCCGCT-1,GARQ,D5,0,40,39,15,0.21129298,Memory B
GGCGTGTTCAGATAAG-1,GARQ,D5,0,40,39,10,0.053908587,CD56dim CD16bright NK
GGCTCGACATGCTGGC-1,GARQ,D5,0,40,39,25,0.06808323,CD8 naive
GGCTCGATCCTCTAGC-1,GARQ,D5,0,40,39,5,0.022246957,Naive B
GGCTCGATCGAATGGG-1,GARQ,D5,0,40,39,2,0.08139682,Naive B
GGCTGGTAGGGAAACA-1,GARQ,D5,0,40,39,19,0.000103354454,NK-monocyte doublets
GGCTGGTCAATCTACG-1,GARQ,D5,0,40,39,31,0.029009104,CD4 memory
GGCTGGTGTCCAGTGC-1,GARQ,D5,0,40,39,25,0.035717726,CD4 memory
GGGAATGAGGAGCGTT-1,GARQ,D5,0,40,39,13,0.010203481,Classical monocytes
GGGAATGAGGCAGGTT-1,GARQ,D5,0,40,39,20,0.047893286,gdT cells
GGGAATGAGTTGTCGT-1,GARQ,D5,0,40,39,31,0.10861707,CD4 memory
GGGAATGCAGTCAGCC-1,GARQ,D5,0,40,39,31,0.066443086,CD4 memory
GGGAATGGTGCAGTAG-1,GARQ,D5,0,40,39,20,0.0023149252,gdT cells
GGGAATGGTTGCGTTA-1,GARQ,D5,0,40,39,2,0.005464077,Naive B
GGGAATGGTTGTCTTT-1,GARQ,D5,0,40,39,20,0.05595708,CD56dim CD16bright NK
GGGAATGTCGTATCAG-1,GARQ,D5,0,40,39,25,0.05673182,CD4 memory
GGGACCTAGCTAACAA-1,GARQ,D5,0,40,39,33,0.054643393,CD8 effector
GGGACCTCATAGGATA-1,GARQ,D5,0,40,39,15,0.46453595,Memory B
GGGACCTGTGCACGAA-1,GARQ,D5,0,40,39,31,0.04180646,CD4 naive I
GGGAGATAGAGCAATT-1,GARQ,D5,0,40,39,22,0.029308915,T-NK-B cell doublets
GGGAGATAGCAGACTG-1,GARQ,D5,0,40,39,20,0.061923146,CD56dim CD16bright NK
GGGAGATCAGGGTACA-1,GARQ,D5,0,40,39,0,0.027719498,CD8 effector
GGGAGATTCTGGCGAC-1,GARQ,D5,0,40,39,20,0.046541214,CD8 effector
GGGAGATTCTTTAGGG-1,GARQ,D5,0,40,39,18,0.056841493,CD4 naive I
GGGATGAAGCCTTGAT-1,GARQ,D5,0,40,39,10,0.009276032,CD56dim CD16bright NK
GGGATGAGTCCGAATT-1,GARQ,D5,0,40,39,31,0.1521455,CD8 memory
GGGATGATCCGCATAA-1,GARQ,D5,0,40,39,33,0.048095822,CD8 effector
GGGCACTCATTTCACT-1,GARQ,D5,0,40,39,0,0.017074943,CD56dim CD16bright NK
GGGCACTGTTCGGGCT-1,GARQ,D5,0,40,39,22,0.021394491,T-NK-B cell doublets
GGGCATCAGTATTGGA-1,GARQ,D5,0,40,39,20,0.05391395,CD56dim CD16bright NK
GGGCATCCAGGTTTCA-1,GARQ,D5,0,40,39,31,0.13268518,CD8 memory
GGGCATCGTGTGGTTT-1,GARQ,D5,0,40,39,3,0.014613032,Classical monocytes
GGGCATCTCCCGACTT-1,GARQ,D5,0,40,39,27,0.0021629333,CD56dim CD16bright NK
GGGCATCTCTGAGTGT-1,GARQ,D5,0,40,39,20,0.012700915,CD8 effector
GGGTCTGAGGCAATTA-1,GARQ,D5,0,40,39,13,0.019937992,Non classical monocytes
GGGTCTGAGGCTCATT-1,GARQ,D5,0,40,39,20,0.07254708,CD56dim CD16bright NK
GGGTCTGCATCACCCT-1,GARQ,D5,0,40,39,20,0.011672735,CD56dim CD16bright NK
GGGTCTGGTTGTTTGG-1,GARQ,D5,0,40,39,24,0.07349539,CD8 naive
GGGTCTGTCAGCGATT-1,GARQ,D5,0,40,39,3,0.0049591064,Classical monocytes
GGGTCTGTCCACTCCA-1,GARQ,D5,0,40,39,13,0.05995822,Classical monocytes
GGGTTGCAGTGGTCCC-1,GARQ,D5,0,40,39,4,0.05228567,CD56dim CD16bright NK
GGTATTGAGGAGCGTT-1,GARQ,D5,0,40,39,0,0.01841712,CD56dim CD16bright NK
GGTATTGCAGGCTGAA-1,GARQ,D5,0,40,39,6,0.066183805,gdT cells
GGTATTGCATCGATGT-1,GARQ,D5,0,40,39,13,0.039969683,Classical monocytes
GGTATTGGTTGTGGCC-1,GARQ,D5,0,40,39,13,0.014419079,Classical monocytes
GGTGAAGAGTGGAGAA-1,GARQ,D5,0,40,39,13,0.018315434,Classical monocytes
GGTGAAGGTCCGAACC-1,GARQ,D5,0,40,39,3,0.003847003,Non classical monocytes
GGTGAAGGTGCCTTGG-1,GARQ,D5,0,40,39,19,0.04080069,CD8 effector
GGTGAAGTCACGATGT-1,GARQ,D5,0,40,39,4,0.10557604,CD56dim CD16bright NK
GGTGCGTCAATGAATG-1,GARQ,D5,0,40,39,31,0.24044895,CD4 naive I
GGTGCGTCATCCTAGA-1,GARQ,D5,0,40,39,10,0.058667183,CD56dim CD16bright NK
GGTGCGTGTTAAGATG-1,GARQ,D5,0,40,39,25,0.12156546,CD8 memory
GGTGCGTTCATAAAGG-1,GARQ,D5,0,40,39,0,0.009989619,CD56dim CD16bright NK
GGTGTTAAGGGATGGG-1,GARQ,D5,0,40,39,37,0.015235901,CD56dim CD16bright NK
GGTGTTACAGTGGGAT-1,GARQ,D5,0,40,39,2,0.040281415,T-NK-B cell doublets
GGTGTTACAGTTCATG-1,GARQ,D5,0,40,39,20,0.117132664,CD56dim CD16bright NK
GTAACGTAGCGTAATA-1,GARQ,D5,0,40,39,1,0.021566272,CD56dim CD16bright NK
GTAACGTGTGTATGGG-1,GARQ,D5,0,40,39,28,0.018547535,MAIT-NKT cells
GTAACGTGTTACAGAA-1,GARQ,D5,0,40,39,13,0.012367249,Classical monocytes
GTAACTGGTCATCGGC-1,GARQ,D5,0,40,39,0,0.0005404949,CD8 effector
GTAACTGGTCGCGGTT-1,GARQ,D5,0,40,39,31,0.14080727,CD4 memory
GTAACTGGTCGCGTGT-1,GARQ,D5,0,40,39,20,0.0054893494,CD8 effector
GTACGTAAGGCTACGA-1,GARQ,D5,0,40,39,31,0.2599504,CD4 naive I
GTACGTAAGGTGATAT-1,GARQ,D5,0,40,39,31,0.112478256,CD4 naive II
GTACGTAAGTGTTTGC-1,GARQ,D5,0,40,39,20,0.047234654,NK-T doublets
GTACGTACACAGGAGT-1,GARQ,D5,0,40,39,25,0.03178692,MAIT-NKT cells
GTACGTATCAACTCTT-1,GARQ,D5,0,40,39,2,0.039131284,Naive B
GTACGTATCACCACCT-1,GARQ,D5,0,40,39,4,0.047970295,CD56dim CD16bright NK
GTACGTATCTGTCTAT-1,GARQ,D5,0,40,39,13,0.024902463,Classical monocytes
GTACTCCCAGGCAGTA-1,GARQ,D5,0,40,39,28,0.06343496,CD8 naive
GTACTCCGTTCAGGCC-1,GARQ,D5,0,40,39,31,0.015111446,CD8 naive
GTACTCCGTTGGTGGA-1,GARQ,D5,0,40,39,28,0.0026929975,CD8 naive
GTACTCCTCCATTCTA-1,GARQ,D5,0,40,39,36,0.04635787,CD8 memory
GTACTCCTCTTGCCGT-1,GARQ,D5,0,40,39,33,0.012292981,CD8 effector
GTACTTTCAGACGTAG-1,GARQ,D5,0,40,39,20,0.021380663,CD8 effector
GTACTTTCATATGGTC-1,GARQ,D5,0,40,39,31,0.06618023,CD8 naive
GTACTTTGTTCCCGAG-1,GARQ,D5,0,40,39,2,0.036358,Naive B
GTACTTTTCCCTAACC-1,GARQ,D5,0,40,39,31,0.05634916,CD4 memory
GTACTTTTCGGCGCTA-1,GARQ,D5,0,40,39,10,0.046795964,CD56dim CD16bright NK
GTAGGCCAGAATCTCC-1,GARQ,D5,0,40,39,13,0.03183067,Non classical monocytes
GTAGGCCGTAGCCTCG-1,GARQ,D5,0,40,39,13,0.033337593,Classical monocytes
GTAGGCCGTCCTCCAT-1,GARQ,D5,0,40,39,13,0.0016666651,Classical monocytes
GTAGGCCGTGCAGACA-1,GARQ,D5,0,40,39,2,0.0029845238,T-NK-B cell doublets
GTAGGCCGTTAAGTAG-1,GARQ,D5,0,40,39,27,0.031874895,CD56dim CD16bright NK
GTAGTCAAGAAGAAGC-1,GARQ,D5,0,40,39,13,0.018831968,Non classical monocytes
GTAGTCAAGAATCTCC-1,GARQ,D5,0,40,39,13,0.043523073,Neutrophils
GTAGTCAAGTTTGCGT-1,GARQ,D5,0,40,39,13,0.030911088,Non classical monocytes
GTAGTCATCAGCTGGC-1,GARQ,D5,0,40,39,18,0.056101322,CD4 memory
GTAGTCATCGGCTTGG-1,GARQ,D5,0,40,39,31,0.0046129227,CD4 naive I
GTATCTTCACCGCTAG-1,GARQ,D5,0,40,39,31,0.12375462,CD4 naive I
GTATCTTTCATAGCAC-1,GARQ,D5,0,40,39,31,0.013852,CD8 naive
GTATTCTGTTCTGAAC-1,GARQ,D5,0,40,39,13,0.019001722,NK-monocyte doublets
GTATTCTTCCAAATGC-1,GARQ,D5,0,40,39,4,0.0059170723,CD56dim CD16bright NK
GTCAAGTAGACGCACA-1,GARQ,D5,0,40,39,18,0.161201,CD4 naive I
GTCAAGTAGAGAGCTC-1,GARQ,D5,0,40,39,34,0.050349712,NK-T doublets
GTCAAGTAGTGTACCT-1,GARQ,D5,0,40,39,31,0.121744156,CD4 memory
GTCAAGTTCGACGGAA-1,GARQ,D5,0,40,39,4,0.02086401,CD56dim CD16bright NK
GTCACAAGTCACAAGG-1,GARQ,D5,0,40,39,20,0.060346127,CD56dim CD16bright NK
GTCACAATCATCTGCC-1,GARQ,D5,0,40,39,20,0.02946806,CD56dim CD16bright NK
GTCACAATCGCGCCAA-1,GARQ,D5,0,40,39,20,0.025062084,CD56dim CD16bright NK
GTCACGGAGTGAACAT-1,GARQ,D5,0,40,39,31,0.3609872,CD4 memory
GTCACGGCAATCCAAC-1,GARQ,D5,0,40,39,0,0.019134045,CD8 effector
GTCACGGCACGGTGTC-1,GARQ,D5,0,40,39,10,0.121959925,CD56dim CD16bright NK
GTCACGGCACTGAAGG-1,GARQ,D5,0,40,39,31,0.045954823,CD8 naive
GTCACGGCACTTACGA-1,GARQ,D5,0,40,39,25,0.08447552,CD4 memory
GTCACGGGTACAGTTC-1,GARQ,D5,0,40,39,26,0.02981913,MAIT-NKT cells
GTCACGGTCTGCGTAA-1,GARQ,D5,0,40,39,27,0.0065413713,CD56dim CD16bright NK
GTCATTTAGCAGGTCA-1,GARQ,D5,0,40,39,0,0.0054061413,CD56dim CD16bright NK
GTCATTTCAATCTACG-1,GARQ,D5,0,40,39,31,0.1799444,CD4 memory
GTCATTTCAGTATGCT-1,GARQ,D5,0,40,39,7,0.018089414,CD56bright CD16dim NK
GTCATTTGTACTTAGC-1,GARQ,D5,0,40,39,21,0.0043810606,CD4 memory
GTCATTTGTCGCGGTT-1,GARQ,D5,0,40,39,38,0.029945135,CD56bright CD16dim NK
GTCATTTGTTAGGGTG-1,GARQ,D5,0,40,39,3,0.0064692497,conventional DC
GTCATTTTCGCATGGC-1,GARQ,D5,0,40,39,25,0.15978444,CD8 memory
GTCATTTTCTGAGGGA-1,GARQ,D5,0,40,39,13,0.008160114,Classical monocytes
GTCCTCAAGACCGGAT-1,GARQ,D5,0,40,39,31,0.09424174,CD8 naive
GTCCTCAGTCTGCCAG-1,GARQ,D5,0,40,39,15,0.07207775,T-NK-B cell doublets
GTCGGGTCAGGAATGC-1,GARQ,D5,0,40,39,31,0.064416885,CD4 naive I
GTCGGGTGTCAGAAGC-1,GARQ,D5,0,40,39,25,0.1755451,CD4 memory
GTCGGGTGTTTGTTGG-1,GARQ,D5,0,40,39,13,0.01926899,Classical monocytes
GTCGTAAAGCGACGTA-1,GARQ,D5,0,40,39,33,0.00023341179,CD56bright CD16dim NK
GTCGTAAAGGTGCAAC-1,GARQ,D5,0,40,39,18,0.004344821,CD4 naive I
GTCGTAATCCACTGGG-1,GARQ,D5,0,40,39,15,0.1361351,Naive B
GTCGTAATCGCTGATA-1,GARQ,D5,0,40,39,15,0.027661622,T-NK-B cell doublets
GTCGTAATCGTTGACA-1,GARQ,D5,0,40,39,13,0.050123453,Classical monocytes
GTCTCGTAGTTAACGA-1,GARQ,D5,0,40,39,31,0.15538418,CD4 naive II
GTCTCGTCACCGGAAA-1,GARQ,D5,0,40,39,25,0.07439971,MAIT-NKT cells
GTCTCGTGTCTGATTG-1,GARQ,D5,0,40,39,3,0.0052530766,Classical monocytes
GTCTCGTGTTGGACCC-1,GARQ,D5,0,40,39,13,0.027947187,Classical monocytes
GTCTTCGAGCCAACAG-1,GARQ,D5,0,40,39,13,0.023123026,Classical monocytes
GTCTTCGCAATTCCTT-1,GARQ,D5,0,40,39,31,0.031167507,CD8 naive
GTCTTCGTCACTGGGC-1,GARQ,D5,0,40,39,4,0.09826732,CD56dim CD16bright NK
GTCTTCGTCCGAATGT-1,GARQ,D5,0,40,39,20,0.12885773,CD56dim CD16bright NK
GTGAAGGAGACAGACC-1,GARQ,D5,0,40,39,28,0.056688666,CD8 naive
GTGAAGGCACTTCTGC-1,GARQ,D5,0,40,39,15,0.15220153,Memory B
GTGAAGGCAGATGAGC-1,GARQ,D5,0,40,39,18,0.041108727,CD4 naive I
GTGAAGGCATGTAGTC-1,GARQ,D5,0,40,39,25,0.14957094,CD4 memory
GTGAAGGGTCTCCCTA-1,GARQ,D5,0,40,39,25,0.09690738,CD4 memory
GTGAAGGGTGACTCAT-1,GARQ,D5,0,40,39,31,0.082695365,CD8 naive
GTGAAGGTCGAACGGA-1,GARQ,D5,0,40,39,20,0.037870884,CD8 effector
GTGCAGCAGTGCCATT-1,GARQ,D5,0,40,39,0,0.049659133,CD56dim CD16bright NK
GTGCAGCCATGTAAGA-1,GARQ,D5,0,40,39,27,0.060824633,CD56dim CD16bright NK
GTGCAGCGTTTGTTGG-1,GARQ,D5,0,40,39,31,0.20430446,CD4 naive I
GTGCATAAGGGTCTCC-1,GARQ,D5,0,40,39,20,0.019503236,CD56dim CD16bright NK
GTGCATATCACTGGGC-1,GARQ,D5,0,40,39,15,0.03288865,Naive B
GTGCATATCAGCTCTC-1,GARQ,D5,0,40,39,4,0.019548416,CD56dim CD16bright NK
GTGCGGTAGACAGAGA-1,GARQ,D5,0,40,39,0,0.12995207,NK-T doublets
GTGCGGTCAGCGTCCA-1,GARQ,D5,0,40,39,0,0.0072814226,CD8 effector
GTGCGGTCATATACCG-1,GARQ,D5,0,40,39,31,0.012976408,CD4 memory
GTGCGGTCATGAGCGA-1,GARQ,D5,0,40,39,4,0.0210644,CD56dim CD16bright NK
GTGCGGTGTACGACCC-1,GARQ,D5,0,40,39,15,0.04747784,Naive B
GTGCGGTGTGCTGTAT-1,GARQ,D5,0,40,39,28,0.045616984,NK-T doublets
GTGGGTCAGGTGCTAG-1,GARQ,D5,0,40,39,31,0.122449994,Regulatory T cells
GTGGGTCCACGCATCG-1,GARQ,D5,0,40,39,13,0.012985468,plasmacytoid DC
GTGGGTCTCACTCCTG-1,GARQ,D5,0,40,39,3,0.008019447,Classical monocytes
GTGTGCGAGATGTGTA-1,GARQ,D5,0,40,39,13,0.01594174,T-NK-B cell doublets
GTGTGCGCAATAGCGG-1,GARQ,D5,0,40,39,18,0.02736187,CD4 memory
GTGTGCGCACGGATAG-1,GARQ,D5,0,40,39,4,0.04285693,CD56dim CD16bright NK
GTGTGCGGTGATGATA-1,GARQ,D5,0,40,39,0,0.015634298,CD56dim CD16bright NK
GTGTGCGGTGGTTTCA-1,GARQ,D5,0,40,39,16,0.020290017,CD4 memory
GTGTGCGTCCACTGGG-1,GARQ,D5,0,40,39,0,0.07168901,CD56dim CD16bright NK
GTGTGCGTCCAGTAGT-1,GARQ,D5,0,40,39,33,0.113968134,CD8 effector
GTGTTAGTCAACTCTT-1,GARQ,D5,0,40,39,5,0.12624145,Erythroid 
GTGTTAGTCTAACTGG-1,GARQ,D5,0,40,39,6,0.013469696,CD8 memory
GTTAAGCAGAAACGAG-1,GARQ,D5,0,40,39,30,0.023610234,CD8 effector
GTTAAGCAGATGAGAG-1,GARQ,D5,0,40,39,13,0.044795394,Classical monocytes
GTTAAGCAGCGATTCT-1,GARQ,D5,0,40,39,13,0.07818508,Non classical monocytes
GTTAAGCAGCGTAATA-1,GARQ,D5,0,40,39,27,0.042253137,CD56dim CD16bright NK
GTTAAGCCAGACGCCT-1,GARQ,D5,0,40,39,20,0.011851549,gdT cells
GTTAAGCGTACTCAAC-1,GARQ,D5,0,40,39,10,0.0029109716,CD56dim CD16bright NK
GTTACAGAGAGCTGCA-1,GARQ,D5,0,40,39,29,0.042535186,CD56dim CD16bright NK
GTTACAGAGCCACGTC-1,GARQ,D5,0,40,39,15,0.029764175,Naive B
GTTACAGAGCCCAGCT-1,GARQ,D5,0,40,39,33,0.0215621,CD8 effector
GTTACAGAGTCAAGCG-1,GARQ,D5,0,40,39,37,0.018568039,CD56dim CD16bright NK
GTTACAGCACATCCAA-1,GARQ,D5,0,40,39,13,0.03795767,conventional DC
GTTACAGTCTGAGGGA-1,GARQ,D5,0,40,39,11,0.01437068,CD56dim CD16bright NK
GTTCATTCAGTTCATG-1,GARQ,D5,0,40,39,16,0.13108993,Platelets
GTTCATTCATTAACCG-1,GARQ,D5,0,40,39,4,0.04528761,CD56dim CD16bright NK
GTTCATTGTGCGCTTG-1,GARQ,D5,0,40,39,31,0.1275903,CD4 naive I
GTTCATTTCCTTTCTC-1,GARQ,D5,0,40,39,15,0.168553,Memory B
GTTCGGGAGAGGTAGA-1,GARQ,D5,0,40,39,31,0.1209923,CD4 naive I
GTTCGGGCAGGGTTAG-1,GARQ,D5,0,40,39,20,0.0012946129,CD56dim CD16bright NK
GTTCGGGGTTCCAACA-1,GARQ,D5,0,40,39,15,0.31393516,Plasma cells
GTTCTCGAGCAGACTG-1,GARQ,D5,0,40,39,13,0.08213019,Classical monocytes
GTTCTCGAGCTGCCCA-1,GARQ,D5,0,40,39,18,0.022103667,CD4 memory
GTTCTCGAGTCCGTAT-1,GARQ,D5,0,40,39,31,0.0049203634,CD4 naive I
GTTCTCGAGTGGAGTC-1,GARQ,D5,0,40,39,31,0.14751291,CD4 naive I
GTTCTCGCACCAACCG-1,GARQ,D5,0,40,39,13,0.022358894,Classical monocytes
GTTCTCGCATCAGTCA-1,GARQ,D5,0,40,39,13,0.020150185,Classical monocytes
GTTCTCGGTATCTGCA-1,GARQ,D5,0,40,39,31,0.029010534,Regulatory T cells
GTTCTCGGTTCGCTAA-1,GARQ,D5,0,40,39,20,0.012980223,CD4 and CD8 activated memory
GTTCTCGGTTGCCTCT-1,GARQ,D5,0,40,39,31,0.09061682,CD4 memory
GTTCTCGTCAACCAAC-1,GARQ,D5,0,40,39,28,0.057733417,CD8 memory
GTTCTCGTCCGCTGTT-1,GARQ,D5,0,40,39,15,0.28675556,Memory B
GTTCTCGTCTTTAGGG-1,GARQ,D5,0,40,39,30,0.014920235,gdT cells
GTTTCTAAGTGGTAGC-1,GARQ,D5,0,40,39,19,0.009181261,NK-monocyte doublets
GTTTCTAAGTTAAGTG-1,GARQ,D5,0,40,39,20,0.0033605099,CD56dim CD16bright NK
GTTTCTACACTGAAGG-1,GARQ,D5,0,40,39,13,0.04273498,Classical monocytes
TAAACCGGTCAGAATA-1,GARQ,D5,0,40,39,16,0.21103787,Platelets
TAAACCGTCGATGAGG-1,GARQ,D5,0,40,39,10,0.060459256,CD56dim CD16bright NK
TAAGAGAAGCGCTTAT-1,GARQ,D5,0,40,39,31,0.15516138,CD4 naive I
TAAGAGAGTCAGAATA-1,GARQ,D5,0,40,39,25,0.022595167,MAIT-NKT cells
TAAGAGATCCGTTGCT-1,GARQ,D5,0,40,39,31,0.011716843,CD4 memory
TAAGCGTCATGACGGA-1,GARQ,D5,0,40,39,25,0.07929528,Regulatory T cells
TAAGCGTGTAACGCGA-1,GARQ,D5,0,40,39,13,0.027296066,Classical monocytes
TAAGTGCCACAACGCC-1,GARQ,D5,0,40,39,31,0.103393674,CD4 memory
TAAGTGCCATAGACTC-1,GARQ,D5,0,40,39,25,0.08193481,gdT cells
TAAGTGCGTGCAGGTA-1,GARQ,D5,0,40,39,20,0.03954792,CD8 effector
TACACGAAGAGTCTGG-1,GARQ,D5,0,40,39,31,0.12700438,CD4 memory
TACACGACATTGCGGC-1,GARQ,D5,0,40,39,13,0.042280555,Neutrophils
TACAGTGAGACGCAAC-1,GARQ,D5,0,40,39,13,0.053132057,NK-monocyte doublets
TACAGTGAGGCTAGAC-1,GARQ,D5,0,40,39,15,0.29106688,Memory B
TACAGTGCAATGGACG-1,GARQ,D5,0,40,39,25,0.07677519,CD4 and CD8 activated memory
TACAGTGCAGGCGATA-1,GARQ,D5,0,40,39,15,0.0953784,Naive B
TACAGTGCAGTGAGTG-1,GARQ,D5,0,40,39,13,0.0053248405,Classical monocytes
TACAGTGGTAGATTAG-1,GARQ,D5,0,40,39,27,0.008919001,CD56dim CD16bright NK
TACAGTGTCAACGGCC-1,GARQ,D5,0,40,39,13,0.060337663,conventional DC
TACAGTGTCCCACTTG-1,GARQ,D5,0,40,39,31,0.1424433,CD4 naive I
TACCTATAGACAAGCC-1,GARQ,D5,0,40,39,13,0.017799616,Classical monocytes
TACCTATAGGGATACC-1,GARQ,D5,0,40,39,13,0.00027370453,Neutrophils
TACCTATCACTACAGT-1,GARQ,D5,0,40,39,13,0.042259693,Classical monocytes
TACCTTAAGAGGTACC-1,GARQ,D5,0,40,39,25,0.054697514,CD8 naive
TACCTTAAGGCTCAGA-1,GARQ,D5,0,40,39,25,0.0344553,CD8 effector
TACCTTACAGATCCAT-1,GARQ,D5,0,40,39,31,0.11406338,CD4 naive II
TACCTTACAGCTGCAC-1,GARQ,D5,0,40,39,13,0.06128955,NK-monocyte doublets
TACCTTACAGGTCCAC-1,GARQ,D5,0,40,39,31,0.07941055,CD4 memory
TACCTTATCAGTCAGT-1,GARQ,D5,0,40,39,31,0.16423583,CD4 naive I
TACGGATGTGTGGCTC-1,GARQ,D5,0,40,39,2,0.037852764,Naive B
TACGGATTCCTTAATC-1,GARQ,D5,0,40,39,20,0.018729448,gdT cells
TACGGGCCACTATCTT-1,GARQ,D5,0,40,39,15,0.02813524,Naive B
TACGGGCTCAGCGATT-1,GARQ,D5,0,40,39,13,0.028535128,Non classical monocytes
TACGGGCTCGAATCCA-1,GARQ,D5,0,40,39,6,0.07293129,NK-T doublets
TACGGTAAGCATGGCA-1,GARQ,D5,0,40,39,34,0.0013685226,NK-T doublets
TACGGTAAGCTGTCTA-1,GARQ,D5,0,40,39,1,0.13409925,Non classical monocytes
TACGGTAAGGCTCTTA-1,GARQ,D5,0,40,39,13,0.06868124,Non classical monocytes
TACGGTACACCAGGTC-1,GARQ,D5,0,40,39,3,0.014116406,T-NK-B cell doublets
TACGGTACATAGACTC-1,GARQ,D5,0,40,39,31,0.03661406,CD4 and CD8 activated memory
TACGGTATCAGGTAAA-1,GARQ,D5,0,40,39,13,0.013193965,Classical monocytes
TACTCATAGAGAACAG-1,GARQ,D5,0,40,39,20,0.056953788,gdT cells
TACTCATGTGCAACTT-1,GARQ,D5,0,40,39,28,0.03706634,CD4 memory
TACTCGCAGCCGATTT-1,GARQ,D5,0,40,39,25,0.045752764,MAIT-NKT cells
TACTCGCCAGCAGTTT-1,GARQ,D5,0,40,39,4,0.004140377,CD56dim CD16bright NK
TACTCGCTCTTATCTG-1,GARQ,D5,0,40,39,0,0.081502676,CD56dim CD16bright NK
TACTTACAGCGAAGGG-1,GARQ,D5,0,40,39,20,0.012699008,MAIT-NKT cells
TACTTACAGTCAAGGC-1,GARQ,D5,0,40,39,6,0.009009123,CD8 effector
TACTTACGTAGCGTAG-1,GARQ,D5,0,40,39,4,0.08696258,CD56dim CD16bright NK
TACTTACGTCCATGAT-1,GARQ,D5,0,40,39,31,0.18747568,CD4 naive I
TACTTACGTTGTACAC-1,GARQ,D5,0,40,39,30,0.01337266,CD56bright CD16dim NK
TACTTACTCTGTTTGT-1,GARQ,D5,0,40,39,13,0.01620853,plasmacytoid DC
TACTTGTAGAGTGAGA-1,GARQ,D5,0,40,39,13,0.049579978,Classical monocytes
TACTTGTGTCAGAGGT-1,GARQ,D5,0,40,39,13,0.0052433014,Neutrophils
TACTTGTTCAACCATG-1,GARQ,D5,0,40,39,20,0.063408256,CD56dim CD16bright NK
TACTTGTTCTTGACGA-1,GARQ,D5,0,40,39,31,0.031033158,CD4 memory
TAGACCAGTGCGAAAC-1,GARQ,D5,0,40,39,20,0.14076233,Proliferating T and NK cell
TAGACCATCCATGAGT-1,GARQ,D5,0,40,39,22,0.01158905,Naive B
TAGACCATCCGGCACA-1,GARQ,D5,0,40,39,25,0.064597726,CD4 memory
TAGACCATCTACCTGC-1,GARQ,D5,0,40,39,15,0.0024471283,Naive B
TAGAGCTAGCGCTTAT-1,GARQ,D5,0,40,39,4,0.043642282,CD56dim CD16bright NK
TAGAGCTCACGGTAAG-1,GARQ,D5,0,40,39,13,0.087788105,Non classical monocytes
TAGAGCTCACTACAGT-1,GARQ,D5,0,40,39,3,0.0053834915,Neutrophils
TAGAGCTCAGACGTAG-1,GARQ,D5,0,40,39,31,0.14457905,CD4 memory
TAGAGCTGTCTCTTTA-1,GARQ,D5,0,40,39,13,0.093274236,Non classical monocytes
TAGAGCTGTTCCCGAG-1,GARQ,D5,0,40,39,31,0.08886099,CD4 memory
TAGCCGGGTAGGGTAC-1,GARQ,D5,0,40,39,13,0.022958994,Classical monocytes
TAGGCATAGCGTCTAT-1,GARQ,D5,0,40,39,1,0.01643312,CD56dim CD16bright NK
TAGGCATCACTCAGGC-1,GARQ,D5,0,40,39,25,0.040762663,CD8 memory
TAGGCATCAGCTGCAC-1,GARQ,D5,0,40,39,13,0.09377074,Non classical monocytes
TAGGCATCAGGGTATG-1,GARQ,D5,0,40,39,31,0.20944071,CD4 memory
TAGGCATGTCCAACTA-1,GARQ,D5,0,40,39,25,0.019679546,CD8 naive
TAGGCATGTCGCGTGT-1,GARQ,D5,0,40,39,31,0.057859063,CD4 naive I
TAGGCATTCTGGCGAC-1,GARQ,D5,0,40,39,28,0.058154464,NK-T doublets
TAGTGGTAGAAGGTGA-1,GARQ,D5,0,40,39,0,0.02670443,CD56dim CD16bright NK
TAGTGGTAGATCTGAA-1,GARQ,D5,0,40,39,2,0.008906245,T-NK-B cell doublets
TAGTGGTAGGTGATAT-1,GARQ,D5,0,40,39,31,0.061622977,Regulatory T cells
TAGTGGTAGTTACCCA-1,GARQ,D5,0,40,39,20,0.032321453,gdT cells
TAGTGGTCACAACGCC-1,GARQ,D5,0,40,39,31,0.11394584,CD4 memory
TAGTGGTCATTTCACT-1,GARQ,D5,0,40,39,3,0.0026164055,Classical monocytes
TAGTGGTGTGTAAGTA-1,GARQ,D5,0,40,39,15,0.070937395,Naive B
TAGTGGTTCCACGTTC-1,GARQ,D5,0,40,39,0,0.05036056,CD56dim CD16bright NK
TAGTTGGAGCCAGTTT-1,GARQ,D5,0,40,39,13,0.04818189,Non classical monocytes
TAGTTGGCAGGTTTCA-1,GARQ,D5,0,40,39,15,0.046896458,Naive B
TATCAGGAGCTGTTCA-1,GARQ,D5,0,40,39,15,0.4251628,Memory B
TATCAGGCATGGGAAC-1,GARQ,D5,0,40,39,1,0.029891014,CD56dim CD16bright NK
TATCAGGTCAACTCTT-1,GARQ,D5,0,40,39,13,0.05344677,Classical monocytes
TATCAGGTCAGAGCTT-1,GARQ,D5,0,40,39,6,0.09297037,gdT cells
TATCAGGTCTTGCCGT-1,GARQ,D5,0,40,39,38,0.029441595,CD56bright CD16dim NK
TATCTCAAGGCACATG-1,GARQ,D5,0,40,39,20,0.020679832,CD56dim CD16bright NK
TATCTCACAACACCCG-1,GARQ,D5,0,40,39,31,0.089484215,CD8 naive
TATCTCACAGTCAGAG-1,GARQ,D5,0,40,39,31,0.040878773,CD4 memory
TATCTCAGTTCGTCTC-1,GARQ,D5,0,40,39,32,0.03584969,CD4 memory
TATCTCATCACTTACT-1,GARQ,D5,0,40,39,13,0.01971519,Classical monocytes
TATGCCCAGTTAACGA-1,GARQ,D5,0,40,39,5,0.067394495,Erythroid 
TATGCCCCAAGACACG-1,GARQ,D5,0,40,39,13,0.001382947,Classical monocytes
TATTACCAGATCGGGT-1,GARQ,D5,0,40,39,31,0.09962702,CD4 memory
TATTACCCACTACAGT-1,GARQ,D5,0,40,39,31,0.05374217,CD4 memory
TATTACCGTGGTCTCG-1,GARQ,D5,0,40,39,39,0.03155017,MAIT-NKT cells
TATTACCGTGTAACGG-1,GARQ,D5,0,40,39,15,0.1649186,Naive B
TCAACGAAGAACAACT-1,GARQ,D5,0,40,39,20,0.01853013,gdT cells
TCAACGACAAGCCATT-1,GARQ,D5,0,40,39,25,0.055795193,CD4 memory
TCAACGACATCCGGGT-1,GARQ,D5,0,40,39,20,0.008584261,CD56dim CD16bright NK
TCAACGAGTCTAAACC-1,GARQ,D5,0,40,39,31,0.100445986,CD4 memory
TCAACGATCGTAGATC-1,GARQ,D5,0,40,39,22,0.019569993,Naive B
TCAATCTCAGCCTTTC-1,GARQ,D5,0,40,39,6,0.014930844,gdT cells
TCAATCTCATCGGGTC-1,GARQ,D5,0,40,39,10,0.046414375,CD56dim CD16bright NK
TCAATCTGTCTTGCGG-1,GARQ,D5,0,40,39,10,0.063350916,CD56dim CD16bright NK
TCACAAGAGGCATGGT-1,GARQ,D5,0,40,39,31,0.12823308,CD4 naive II
TCACAAGAGTGCCATT-1,GARQ,D5,0,40,39,31,0.15967894,CD4 naive I
TCACAAGCACGTAAGG-1,GARQ,D5,0,40,39,30,0.00174582,gdT cells
TCACAAGCAGAAGCAC-1,GARQ,D5,0,40,39,31,0.11226833,CD4 naive I
TCACAAGCAGGCGATA-1,GARQ,D5,0,40,39,31,0.11154294,CD4 memory
TCACAAGGTTTCCACC-1,GARQ,D5,0,40,39,20,0.011133194,CD8 effector
TCACAAGTCGAATGGG-1,GARQ,D5,0,40,39,13,0.011472106,Platelets
TCAGATGAGAGTGAGA-1,GARQ,D5,0,40,39,31,0.107334614,CD4 naive I
TCAGATGAGTCCAGGA-1,GARQ,D5,0,40,39,31,0.2036519,CD4 naive I
TCAGCAAAGGGTTTCT-1,GARQ,D5,0,40,39,18,0.01188004,CD4 memory
TCAGCAACACATTTCT-1,GARQ,D5,0,40,39,31,0.22281134,CD8 naive
TCAGCAACAGATCTGT-1,GARQ,D5,0,40,39,4,0.050013542,CD56dim CD16bright NK
TCAGCAACATCCCATC-1,GARQ,D5,0,40,39,25,0.13166857,CD8 memory
TCAGCAAGTGACGCCT-1,GARQ,D5,0,40,39,0,7.045269e-05,CD8 effector
TCAGCTCAGAATGTGT-1,GARQ,D5,0,40,39,5,0.061036825,Erythroid 
TCAGCTCAGGCAGGTT-1,GARQ,D5,0,40,39,31,0.15251338,CD4 naive I
TCAGCTCCAAGAAGAG-1,GARQ,D5,0,40,39,2,0.0037540197,Naive B
TCAGCTCTCCACGCAG-1,GARQ,D5,0,40,39,20,0.06386161,CD56dim CD16bright NK
TCAGGATAGTTACCCA-1,GARQ,D5,0,40,39,20,0.08490658,CD56dim CD16bright NK
TCAGGATGTGTTCTTT-1,GARQ,D5,0,40,39,31,0.042686462,CD4 memory
TCAGGATGTTCCAACA-1,GARQ,D5,0,40,39,10,0.0025875568,CD56dim CD16bright NK
TCAGGATTCCGGCACA-1,GARQ,D5,0,40,39,13,0.05846286,Classical monocytes
TCAGGTAAGCCTATGT-1,GARQ,D5,0,40,39,18,0.01067543,CD4 naive I
TCAGGTAAGCGAGAAA-1,GARQ,D5,0,40,39,31,0.1573,CD4 memory
TCAGGTAGTCTCACCT-1,GARQ,D5,0,40,39,30,0.0037686825,gdT cells
TCATTACAGCAGATCG-1,GARQ,D5,0,40,39,13,0.032405257,Non classical monocytes
TCATTACCAATACGCT-1,GARQ,D5,0,40,39,20,0.018108487,gdT cells
TCATTACCAGGCGATA-1,GARQ,D5,0,40,39,31,0.1243701,CD4 memory
TCATTACTCGCGGATC-1,GARQ,D5,0,40,39,38,0.021747947,CD8 memory
TCATTTGGTCAATGTC-1,GARQ,D5,0,40,39,13,0.017771602,Classical monocytes
TCATTTGGTCTCACCT-1,GARQ,D5,0,40,39,13,0.046828866,Neutrophils
TCATTTGTCGATAGAA-1,GARQ,D5,0,40,39,13,0.046388865,Classical monocytes
TCCACACAGCGATTCT-1,GARQ,D5,0,40,39,31,0.2346623,CD4 naive I
TCCACACAGCGTGTCC-1,GARQ,D5,0,40,39,25,0.10425103,CD4 memory
TCCACACGTACCATCA-1,GARQ,D5,0,40,39,20,0.007944584,CD56bright CD16dim NK
TCCACACTCCCAGGTG-1,GARQ,D5,0,40,39,25,0.08640885,CD4 memory
TCCACACTCTCTTATG-1,GARQ,D5,0,40,39,20,0.013006926,CD56dim CD16bright NK
TCCCGATCAGTGGGAT-1,GARQ,D5,0,40,39,28,0.015591502,CD4 naive I
TCCCGATGTCGACTAT-1,GARQ,D5,0,40,39,31,0.17935348,CD4 naive I
TCGAGGCAGTGGGCTA-1,GARQ,D5,0,40,39,28,0.066614985,NK-T doublets
TCGAGGCAGTGGTAAT-1,GARQ,D5,0,40,39,31,0.011018038,CD4 naive I
TCGAGGCCAAAGGCGT-1,GARQ,D5,0,40,39,15,0.0013840199,T-NK-B cell doublets
TCGAGGCCAATCCAAC-1,GARQ,D5,0,40,39,15,0.30913568,Memory B
TCGAGGCCACAGGAGT-1,GARQ,D5,0,40,39,38,0.025187016,MAIT-NKT cells
TCGAGGCCAGATGGGT-1,GARQ,D5,0,40,39,31,0.048420668,CD4 naive I
TCGAGGCCATGCTGGC-1,GARQ,D5,0,40,39,13,0.065950155,Classical monocytes
TCGAGGCGTCTAGAGG-1,GARQ,D5,0,40,39,15,0.042843103,Naive B
TCGCGAGGTATGGTTC-1,GARQ,D5,0,40,39,28,0.019100666,CD8 naive
TCGCGAGGTCCAGTTA-1,GARQ,D5,0,40,39,15,0.08846784,T-NK-B cell doublets
TCGCGAGGTCTAGAGG-1,GARQ,D5,0,40,39,13,0.005421996,Classical monocytes
TCGCGAGTCCGCGGTA-1,GARQ,D5,0,40,39,25,0.12153351,CD4 memory
TCGCGAGTCGTTACAG-1,GARQ,D5,0,40,39,25,0.047736645,CD4 memory
TCGCGTTAGCAATATG-1,GARQ,D5,0,40,39,25,0.10542941,CD8 memory
TCGCGTTAGCTGTCTA-1,GARQ,D5,0,40,39,31,0.21083832,CD4 naive I
TCGCGTTCAGGGAGAG-1,GARQ,D5,0,40,39,4,0.0068945885,CD56dim CD16bright NK
TCGCGTTGTAGAAGGA-1,GARQ,D5,0,40,39,13,0.012028933,Classical monocytes
TCGCGTTGTGCGCTTG-1,GARQ,D5,0,40,39,31,0.052853703,CD4 naive II
TCGGGACAGCGTTGCC-1,GARQ,D5,0,40,39,0,0.015512586,CD56dim CD16bright NK
TCGGGACCAAACCCAT-1,GARQ,D5,0,40,39,28,0.0018308163,CD8 memory
TCGGGACCAGGGTACA-1,GARQ,D5,0,40,39,19,0.010796666,NK-monocyte doublets
TCGGGACGTGCAGACA-1,GARQ,D5,0,40,39,15,0.053474903,Naive B
TCGGTAAAGAGAGCTC-1,GARQ,D5,0,40,39,31,0.13618636,CD4 naive II
TCGGTAAAGGAGTCTG-1,GARQ,D5,0,40,39,39,0.036191225,MAIT-NKT cells
TCGGTAAAGGGCACTA-1,GARQ,D5,0,40,39,25,0.052338183,Platelet-T cell doublets
TCGGTAAGTCCTGCTT-1,GARQ,D5,0,40,39,13,0.05688536,Classical monocytes
TCGGTAAGTCGTGGCT-1,GARQ,D5,0,40,39,27,0.018197775,CD56dim CD16bright NK
TCGGTAAGTCTTGTCC-1,GARQ,D5,0,40,39,29,0.022365808,CD56dim CD16bright NK
TCGGTAATCCACGAAT-1,GARQ,D5,0,40,39,13,0.030466795,Classical monocytes
TCGGTAATCGGCTACG-1,GARQ,D5,0,40,39,11,0.042798996,CD56dim CD16bright NK
TCGTACCAGAATTGTG-1,GARQ,D5,0,40,39,20,0.04968548,gdT cells
TCGTACCAGCTATGCT-1,GARQ,D5,0,40,39,20,0.003874898,gdT cells
TCGTACCAGTCGTTTG-1,GARQ,D5,0,40,39,20,0.03560531,CD56dim CD16bright NK
TCGTACCCACGTCTCT-1,GARQ,D5,0,40,39,23,0.0017908812,gdT cells
TCGTACCGTCGCGGTT-1,GARQ,D5,0,40,39,25,0.048903108,CD4 memory
TCGTACCTCGTTTATC-1,GARQ,D5,0,40,39,10,0.05006993,CD56dim CD16bright NK
TCGTAGAAGGCATGGT-1,GARQ,D5,0,40,39,15,0.22486043,Memory B
TCGTAGAAGTTACCCA-1,GARQ,D5,0,40,39,13,0.0049037933,Non classical monocytes
TCGTAGACATGTCCTC-1,GARQ,D5,0,40,39,25,0.09580362,CD8 memory
TCGTAGAGTACTCGCG-1,GARQ,D5,0,40,39,20,0.0687052,CD56dim CD16bright NK
TCTATTGAGAAAGTGG-1,GARQ,D5,0,40,39,13,0.058051348,Non classical monocytes
TCTATTGAGCTAGTTC-1,GARQ,D5,0,40,39,19,0.021752894,plasmacytoid DC
TCTATTGCACTTAACG-1,GARQ,D5,0,40,39,0,0.01961422,CD8 effector
TCTATTGGTAGGAGTC-1,GARQ,D5,0,40,39,20,0.011350393,Proliferating T and NK cell
TCTATTGTCTTCCTTC-1,GARQ,D5,0,40,39,0,0.0059884787,CD56bright CD16dim NK
TCTCATAAGTGGAGTC-1,GARQ,D5,0,40,39,5,0.16131526,Erythroid 
TCTCATAGTATCACCA-1,GARQ,D5,0,40,39,25,0.049922943,MAIT-NKT cells
TCTCATAGTCCTGCTT-1,GARQ,D5,0,40,39,25,0.042157173,CD4 memory
TCTCATAGTGATGTCT-1,GARQ,D5,0,40,39,0,0.007437587,CD56dim CD16bright NK
TCTCATATCCCAGGTG-1,GARQ,D5,0,40,39,15,0.36935854,Memory B
TCTCATATCGACGGAA-1,GARQ,D5,0,40,39,29,0.012758136,CD56dim CD16bright NK
TCTCTAAAGACGCAAC-1,GARQ,D5,0,40,39,13,0.112163305,Classical monocytes
TCTCTAACATTGCGGC-1,GARQ,D5,0,40,39,15,0.17346656,Memory B
TCTGAGAAGGGCTCTC-1,GARQ,D5,0,40,39,20,0.0433383,CD56dim CD16bright NK
TCTGGAACAATTCCTT-1,GARQ,D5,0,40,39,15,0.4082538,Plasma cells
TCTGGAACAGCTGCTG-1,GARQ,D5,0,40,39,13,0.020022392,Classical monocytes
TCTGGAAGTACCTACA-1,GARQ,D5,0,40,39,31,0.20574033,CD4 memory
TCTGGAAGTGCTTCTC-1,GARQ,D5,0,40,39,20,0.058913946,CD56dim CD16bright NK
TCTGGAATCCCTGACT-1,GARQ,D5,0,40,39,20,0.03312707,CD56dim CD16bright NK
TCTGGAATCCGGGTGT-1,GARQ,D5,0,40,39,31,0.005920768,CD4 memory
TCTGGAATCGAACTGT-1,GARQ,D5,0,40,39,15,0.04963875,Naive B
TCTGGAATCTTATCTG-1,GARQ,D5,0,40,39,31,0.07983303,CD8 naive
TCTTCGGAGACCGGAT-1,GARQ,D5,0,40,39,31,0.07066667,CD4 naive II
TCTTCGGAGGTAAACT-1,GARQ,D5,0,40,39,25,0.037739635,CD8 memory
TCTTCGGCAGCATGAG-1,GARQ,D5,0,40,39,15,0.08337605,Naive B
TCTTCGGGTACCCAAT-1,GARQ,D5,0,40,39,31,0.101187944,CD4 naive I
TCTTCGGGTCCAACTA-1,GARQ,D5,0,40,39,4,0.01078248,CD56dim CD16bright NK
TCTTCGGGTGACGCCT-1,GARQ,D5,0,40,39,31,0.10050511,CD4 naive I
TCTTTCCAGCGCCTTG-1,GARQ,D5,0,40,39,28,0.007793784,NK-T doublets
TCTTTCCCACAAGCCC-1,GARQ,D5,0,40,39,13,0.046801925,conventional DC
TCTTTCCTCTCTGTCG-1,GARQ,D5,0,40,39,31,0.122314334,Regulatory T cells
TGAAAGACAAGCTGGA-1,GARQ,D5,0,40,39,13,0.024058342,Platelet-bound monocytes
TGAAAGACATAAAGGT-1,GARQ,D5,0,40,39,20,0.021003723,CD8 effector
TGAAAGAGTTCTGGTA-1,GARQ,D5,0,40,39,31,0.08898473,CD8 naive
TGAAAGAGTTCTGTTT-1,GARQ,D5,0,40,39,33,0.01841402,CD8 effector
TGAAAGAGTTTACTCT-1,GARQ,D5,0,40,39,13,0.05501008,Classical monocytes
TGAAAGATCTCCTATA-1,GARQ,D5,0,40,39,13,0.062930346,Non classical monocytes
TGACAACTCAACGGGA-1,GARQ,D5,0,40,39,13,0.007216096,Classical monocytes
TGACGGCAGGATGGAA-1,GARQ,D5,0,40,39,13,0.06441212,Non classical monocytes
TGACGGCCATATACGC-1,GARQ,D5,0,40,39,29,0.0010361671,CD56dim CD16bright NK
TGACGGCTCGCGTAGC-1,GARQ,D5,0,40,39,25,0.11944187,CD8 memory
TGACTAGTCTAACGGT-1,GARQ,D5,0,40,39,31,0.082951784,CD4 memory
TGACTTTAGAATTCCC-1,GARQ,D5,0,40,39,15,0.15387082,Naive B
TGACTTTAGGACTGGT-1,GARQ,D5,0,40,39,31,0.036075115,CD4 memory
TGACTTTCACAGGAGT-1,GARQ,D5,0,40,39,27,0.06431806,CD56dim CD16bright NK
TGACTTTCAGTAAGCG-1,GARQ,D5,0,40,39,13,0.0032840967,Non classical monocytes
TGACTTTGTTAAAGTG-1,GARQ,D5,0,40,39,0,0.05497527,CD56dim CD16bright NK
TGACTTTTCAATACCG-1,GARQ,D5,0,40,39,20,0.027140975,CD56dim CD16bright NK
TGAGAGGAGACAGAGA-1,GARQ,D5,0,40,39,10,0.023779154,CD56dim CD16bright NK
TGAGAGGAGGGCACTA-1,GARQ,D5,0,40,39,31,0.14554918,CD4 naive II
TGAGAGGAGTACGCGA-1,GARQ,D5,0,40,39,20,0.007216692,CD56dim CD16bright NK
TGAGAGGCACTACAGT-1,GARQ,D5,0,40,39,25,0.053432584,CD8 memory
TGAGAGGCAGTACACT-1,GARQ,D5,0,40,39,20,0.12723088,CD56dim CD16bright NK
TGAGAGGGTGCTGTAT-1,GARQ,D5,0,40,39,31,0.26465154,CD4 naive I
TGAGAGGGTTACGACT-1,GARQ,D5,0,40,39,13,0.025953531,Non classical monocytes
TGAGAGGTCTTATCTG-1,GARQ,D5,0,40,39,27,0.016446948,CD56dim CD16bright NK
TGAGCATCAGCTCCGA-1,GARQ,D5,0,40,39,20,0.019905567,CD8 effector
TGAGCATCATGTCCTC-1,GARQ,D5,0,40,39,27,0.056616783,CD56dim CD16bright NK
TGAGCCGAGCCAGTAG-1,GARQ,D5,0,40,39,33,0.043215513,CD8 effector
TGAGCCGCACTTAACG-1,GARQ,D5,0,40,39,15,0.13092625,Naive B
TGAGCCGGTGTTCGAT-1,GARQ,D5,0,40,39,15,0.16920042,Naive B
TGAGCCGTCTTCATGT-1,GARQ,D5,0,40,39,15,0.22278452,Naive B
TGAGGGACAGGTGGAT-1,GARQ,D5,0,40,39,31,0.15330243,CD4 memory
TGAGGGACATGTCTCC-1,GARQ,D5,0,40,39,15,0.3503406,Plasma cells
TGAGGGAGTCAGAATA-1,GARQ,D5,0,40,39,13,0.09050512,Non classical monocytes
TGAGGGATCTTGTCAT-1,GARQ,D5,0,40,39,13,0.043743134,Classical monocytes
TGATTTCAGAAGGCCT-1,GARQ,D5,0,40,39,20,0.0033078194,CD56dim CD16bright NK
TGATTTCCAGTAACGG-1,GARQ,D5,0,40,39,13,0.03724265,Classical monocytes
TGATTTCGTACTTAGC-1,GARQ,D5,0,40,39,1,0.018063843,CD56dim CD16bright NK
TGATTTCGTAGGAGTC-1,GARQ,D5,0,40,39,31,0.08928132,CD4 memory
TGATTTCGTTATTCTC-1,GARQ,D5,0,40,39,20,0.0034974813,CD8 memory
TGCACCTAGGGTCTCC-1,GARQ,D5,0,40,39,3,0.003183484,Classical monocytes
TGCACCTAGTCCTCCT-1,GARQ,D5,0,40,39,13,0.021027088,Classical monocytes
TGCACCTCACACAGAG-1,GARQ,D5,0,40,39,10,0.0037407875,CD56dim CD16bright NK
TGCACCTGTAACGCGA-1,GARQ,D5,0,40,39,10,0.07294536,CD56dim CD16bright NK
TGCACCTGTACTTCTT-1,GARQ,D5,0,40,39,13,0.004325986,Classical monocytes
TGCACCTGTCAAGCGA-1,GARQ,D5,0,40,39,13,0.0004953146,Neutrophils
TGCACCTTCAGCGACC-1,GARQ,D5,0,40,39,31,0.045040727,CD4 memory
TGCACCTTCATTGCGA-1,GARQ,D5,0,40,39,31,0.038192034,CD8 memory
TGCACCTTCATTTGGG-1,GARQ,D5,0,40,39,10,0.024560213,CD56dim CD16bright NK
TGCCAAAAGACAAAGG-1,GARQ,D5,0,40,39,1,0.0041458607,CD56dim CD16bright NK
TGCCAAAAGCGATCCC-1,GARQ,D5,0,40,39,25,0.23628676,CD8 memory
TGCCAAATCTACTCAT-1,GARQ,D5,0,40,39,13,0.07425821,Non classical monocytes
TGCCAAATCTGTGCAA-1,GARQ,D5,0,40,39,2,0.03002286,Naive B
TGCCCATCAATTGCTG-1,GARQ,D5,0,40,39,26,0.008625984,MAIT-NKT cells
TGCCCATCATTGGTAC-1,GARQ,D5,0,40,39,3,0.0016196966,Classical monocytes
TGCCCATGTAGCTAAA-1,GARQ,D5,0,40,39,31,0.019572735,CD8 naive
TGCCCATGTGCTCTTC-1,GARQ,D5,0,40,39,4,0.0011587143,CD56dim CD16bright NK
TGCCCATTCCTTTCTC-1,GARQ,D5,0,40,39,4,0.0010683537,CD56dim CD16bright NK
TGCCCTAAGGCTCATT-1,GARQ,D5,0,40,39,20,0.0799799,gdT cells
TGCCCTACAAACAACA-1,GARQ,D5,0,40,39,11,0.00701046,CD56dim CD16bright NK
TGCCCTAGTCCGTTAA-1,GARQ,D5,0,40,39,27,0.03905773,CD56dim CD16bright NK
TGCCCTATCCGCGGTA-1,GARQ,D5,0,40,39,28,0.03287089,CD8 naive
TGCGCAGAGATCCTGT-1,GARQ,D5,0,40,39,4,0.010236263,CD56bright CD16dim NK
TGCGCAGAGCGTAGTG-1,GARQ,D5,0,40,39,31,0.07034695,CD8 naive
TGCGCAGAGGATGTAT-1,GARQ,D5,0,40,39,31,0.06620848,CD4 naive I
TGCGCAGAGGGAACGG-1,GARQ,D5,0,40,39,20,0.016866446,CD8 effector
TGCGCAGGTCCATGAT-1,GARQ,D5,0,40,39,13,0.029302359,Non classical monocytes
TGCGCAGTCAGCACAT-1,GARQ,D5,0,40,39,3,0.018306732,Classical monocytes
TGCGGGTCAAGAGGCT-1,GARQ,D5,0,40,39,13,0.091385365,Non classical monocytes
TGCGGGTGTCCGTTAA-1,GARQ,D5,0,40,39,15,0.07389593,Naive B
TGCGTGGAGATTACCC-1,GARQ,D5,0,40,39,13,0.024102688,Neutrophils
TGCGTGGCAGGGTATG-1,GARQ,D5,0,40,39,38,0.004010439,NK-T doublets
TGCGTGGCAGTCAGCC-1,GARQ,D5,0,40,39,38,0.07429004,gdT cells
TGCGTGGTCGACGGAA-1,GARQ,D5,0,40,39,4,0.031900525,Proliferating T and NK cell
TGCTACCCAGTATCTG-1,GARQ,D5,0,40,39,6,0.0471251,CD8 effector
TGCTACCTCAGCGACC-1,GARQ,D5,0,40,39,13,0.00044214725,conventional DC
TGCTGCTAGCTCAACT-1,GARQ,D5,0,40,39,2,0.017808914,T-NK-B cell doublets
TGCTGCTTCTCAACTT-1,GARQ,D5,0,40,39,31,0.08746183,CD4 naive I
TGGACGCAGAGTGACC-1,GARQ,D5,0,40,39,20,0.084214926,CD56dim CD16bright NK
TGGACGCCAACTTGAC-1,GARQ,D5,0,40,39,31,0.05605519,CD8 naive
TGGACGCCAGATCCAT-1,GARQ,D5,0,40,39,20,0.021359086,CD56dim CD16bright NK
TGGACGCCAGGTCTCG-1,GARQ,D5,0,40,39,38,0.044249177,MAIT-NKT cells
TGGACGCCATGCCCGA-1,GARQ,D5,0,40,39,31,0.029934406,CD4 memory
TGGACGCGTAGCCTCG-1,GARQ,D5,0,40,39,20,0.04413581,CD56dim CD16bright NK
TGGCCAGAGACTTGAA-1,GARQ,D5,0,40,39,20,0.11371398,gdT cells
TGGCCAGAGGTGCAAC-1,GARQ,D5,0,40,39,38,0.035551906,MAIT-NKT cells
TGGCCAGGTCAGAGGT-1,GARQ,D5,0,40,39,31,0.08232105,CD4 memory
TGGCCAGGTTTGGGCC-1,GARQ,D5,0,40,39,6,0.022495031,CD8 effector
TGGCCAGTCAAACCGT-1,GARQ,D5,0,40,39,31,0.058712125,CD4 naive I
TGGCCAGTCTCATTCA-1,GARQ,D5,0,40,39,14,0.020635128,CD56dim CD16bright NK
TGGCGCACACTATCTT-1,GARQ,D5,0,40,39,3,0.0052700043,Classical monocytes
TGGCGCACAGCTGTGC-1,GARQ,D5,0,40,39,31,0.023987174,CD4 memory
TGGCGCAGTTAAGTAG-1,GARQ,D5,0,40,39,31,0.10639918,CD4 memory
TGGCGCATCTCCGGTT-1,GARQ,D5,0,40,39,28,0.007188797,NK-T doublets
TGGCTGGAGATGGCGT-1,GARQ,D5,0,40,39,31,0.013758421,CD4 naive II
TGGCTGGAGCGCTTAT-1,GARQ,D5,0,40,39,31,0.19402266,CD4 memory
TGGCTGGAGTCATCCA-1,GARQ,D5,0,40,39,13,0.045774817,T-NK-B cell doublets
TGGCTGGCACATTTCT-1,GARQ,D5,0,40,39,13,0.0848186,Non classical monocytes
TGGCTGGCACGACTCG-1,GARQ,D5,0,40,39,39,0.02757442,gdT cells
TGGCTGGCAGTTCCCT-1,GARQ,D5,0,40,39,13,0.0023269653,Neutrophils
TGGCTGGGTGGTACAG-1,GARQ,D5,0,40,39,31,0.17221177,CD8 naive
TGGGAAGCAGTCAGCC-1,GARQ,D5,0,40,39,22,0.04458052,T-NK-B cell doublets
TGGGAAGGTGATAAGT-1,GARQ,D5,0,40,39,13,0.075556755,Classical monocytes
TGGGAAGTCTCGCTTG-1,GARQ,D5,0,40,39,11,0.067599535,CD56dim CD16bright NK
TGGGAAGTCTTTCCTC-1,GARQ,D5,0,40,39,18,0.041971684,CD4 naive II
TGGGCGTAGGCATTGG-1,GARQ,D5,0,40,39,25,0.016023636,MAIT-NKT cells
TGGGCGTAGTGTCTCA-1,GARQ,D5,0,40,39,15,0.2360934,Memory B
TGGGCGTGTGACCAAG-1,GARQ,D5,0,40,39,28,0.070940495,CD8 memory
TGGGCGTTCTTAGAGC-1,GARQ,D5,0,40,39,34,0.013400793,MAIT-NKT cells
TGGTTAGAGTGCGATG-1,GARQ,D5,0,40,39,25,0.018419504,CD8 memory
TGGTTAGCAAGGTTCT-1,GARQ,D5,0,40,39,20,0.023061275,gdT cells
TGGTTAGCACGTCAGC-1,GARQ,D5,0,40,39,31,0.06852198,CD4 memory
TGGTTAGCAGACAAGC-1,GARQ,D5,0,40,39,13,0.09033525,Classical monocytes
TGGTTAGCAGGTCCAC-1,GARQ,D5,0,40,39,31,0.20585918,CD4 memory
TGGTTAGGTCGCTTCT-1,GARQ,D5,0,40,39,31,0.12311697,CD8 naive
TGGTTAGGTGTGACGA-1,GARQ,D5,0,40,39,20,0.036180973,CD56bright CD16dim NK
TGGTTAGTCGTGGTCG-1,GARQ,D5,0,40,39,29,0.007430315,CD56dim CD16bright NK
TGGTTAGTCTCGCTTG-1,GARQ,D5,0,40,39,20,0.024519801,CD56bright CD16dim NK
TGGTTCCAGTAGGTGC-1,GARQ,D5,0,40,39,27,0.0017889738,CD56dim CD16bright NK
TGGTTCCTCATATCGG-1,GARQ,D5,0,40,39,31,0.1103698,CD4 naive I
TGGTTCCTCCACGTTC-1,GARQ,D5,0,40,39,3,0.008935571,Classical monocytes
TGGTTCCTCGCATGGC-1,GARQ,D5,0,40,39,13,0.009628415,Classical monocytes
TGTATTCAGTCAATAG-1,GARQ,D5,0,40,39,25,0.2852614,CD8 memory
TGTATTCAGTCTTGCA-1,GARQ,D5,0,40,39,31,0.18413687,CD4 naive I
TGTATTCCACGGTTTA-1,GARQ,D5,0,40,39,13,0.014618993,Neutrophils
TGTATTCGTACGACCC-1,GARQ,D5,0,40,39,6,0.009410381,CD8 effector
TGTATTCGTCTGGTCG-1,GARQ,D5,0,40,39,25,0.024122953,CD8 memory
TGTATTCTCTAGCACA-1,GARQ,D5,0,40,39,20,0.0014973879,CD56dim CD16bright NK
TGTCCCACACACTGCG-1,GARQ,D5,0,40,39,6,0.037786007,gdT cells
TGTCCCACATGGTCAT-1,GARQ,D5,0,40,39,27,0.009388328,CD56dim CD16bright NK
TGTGGTACAATGGACG-1,GARQ,D5,0,40,39,31,0.06362605,CD4 memory
TGTGGTAGTCTAAACC-1,GARQ,D5,0,40,39,13,0.026069522,Classical monocytes
TGTGTTTAGATTACCC-1,GARQ,D5,0,40,39,0,0.05091071,CD56dim CD16bright NK
TGTGTTTTCGACAGCC-1,GARQ,D5,0,40,39,3,0.0029494762,Neutrophils
TGTGTTTTCGTACCGG-1,GARQ,D5,0,40,39,4,0.041394234,CD56dim CD16bright NK
TGTTCCGCACTATCTT-1,GARQ,D5,0,40,39,13,0.02868104,Classical monocytes
TGTTCCGCAGCCAGAA-1,GARQ,D5,0,40,39,3,0.02750218,Classical monocytes
TGTTCCGCATTCTTAC-1,GARQ,D5,0,40,39,25,0.009790778,MAIT-NKT cells
TGTTCCGTCATTGCGA-1,GARQ,D5,0,40,39,13,0.010535359,Classical monocytes
TGTTCCGTCCGTTGTC-1,GARQ,D5,0,40,39,31,0.11052573,CD8 naive
TTAACTCAGACCGGAT-1,GARQ,D5,0,40,39,20,0.053806186,CD56dim CD16bright NK
TTAACTCCACTAAGTC-1,GARQ,D5,0,40,39,16,0.06505537,CD4 memory
TTAACTCCAGATGAGC-1,GARQ,D5,0,40,39,25,0.022376418,NK-T doublets
TTAACTCGTTGCCTCT-1,GARQ,D5,0,40,39,13,0.004675865,Classical monocytes
TTAGGACAGACTCGGA-1,GARQ,D5,0,40,39,25,0.039754868,MAIT-NKT cells
TTAGGACAGATACACA-1,GARQ,D5,0,40,39,20,0.004308939,CD56dim CD16bright NK
TTAGGACGTTTAAGCC-1,GARQ,D5,0,40,39,15,0.032239914,Naive B
TTAGGACTCACTTACT-1,GARQ,D5,0,40,39,13,0.048429728,Classical monocytes
TTAGGACTCTGCGGCA-1,GARQ,D5,0,40,39,0,0.0065590143,CD8 effector
TTAGGCATCTGATACG-1,GARQ,D5,0,40,39,31,0.07118249,CD4 memory
TTAGTTCAGTAGATGT-1,GARQ,D5,0,40,39,4,0.02532494,CD56dim CD16bright NK
TTAGTTCGTAATTGGA-1,GARQ,D5,0,40,39,1,0.1203534,conventional DC
TTAGTTCGTCAGGACA-1,GARQ,D5,0,40,39,10,0.044376254,CD56dim CD16bright NK
TTAGTTCGTTTGACAC-1,GARQ,D5,0,40,39,0,0.038049936,CD8 effector
TTATGCTAGCGTGAAC-1,GARQ,D5,0,40,39,20,0.03479278,CD56dim CD16bright NK
TTATGCTCAAGCTGTT-1,GARQ,D5,0,40,39,20,0.02438736,gdT cells
TTATGCTCAGCCTTTC-1,GARQ,D5,0,40,39,25,0.03258872,CD4 memory
TTATGCTCAGCTGGCT-1,GARQ,D5,0,40,39,25,0.16542315,CD4 and CD8 activated memory
TTATGCTCAGTCAGCC-1,GARQ,D5,0,40,39,4,0.037594557,CD56dim CD16bright NK
TTATGCTGTCAAAGCG-1,GARQ,D5,0,40,39,0,0.06873977,CD56dim CD16bright NK
TTATGCTTCGTGGTCG-1,GARQ,D5,0,40,39,31,0.16771567,CD4 naive I
TTCCCAGCATTGGGCC-1,GARQ,D5,0,40,39,22,0.007300496,T-NK-B cell doublets
TTCCCAGGTGCATCTA-1,GARQ,D5,0,40,39,20,0.050854683,CD56dim CD16bright NK
TTCCCAGGTTGTTTGG-1,GARQ,D5,0,40,39,13,0.019729018,Neutrophils
TTCGAAGGTGGCGAAT-1,GARQ,D5,0,40,39,31,0.07320154,CD4 naive I
TTCGAAGTCATAAAGG-1,GARQ,D5,0,40,39,27,0.03805673,gdT cells
TTCGAAGTCATGCATG-1,GARQ,D5,0,40,39,31,0.14817894,CD8 naive
TTCGAAGTCATGCTCC-1,GARQ,D5,0,40,39,29,0.021143436,CD56dim CD16bright NK
TTCGAAGTCGTCGTTC-1,GARQ,D5,0,40,39,20,0.018711329,NK-T doublets
TTCGGTCGTGAGCGAT-1,GARQ,D5,0,40,39,20,0.02282536,CD8 effector
TTCGGTCGTGCAGTAG-1,GARQ,D5,0,40,39,31,0.06134081,CD4 memory
TTCTACAGTCGAAAGC-1,GARQ,D5,0,40,39,15,0.009301662,T-NK-B cell doublets
TTCTACAGTTCGCGAC-1,GARQ,D5,0,40,39,34,0.001790762,CD8 effector
TTCTACAGTTCGTGAT-1,GARQ,D5,0,40,39,18,0.022871614,CD4 memory
TTCTACATCAACACCA-1,GARQ,D5,0,40,39,31,0.011739731,CD4 naive II
TTCTACATCCTTGCCA-1,GARQ,D5,0,40,39,13,0.0111784935,Classical monocytes
TTCTCAAAGATCACGG-1,GARQ,D5,0,40,39,20,0.011998892,CD56dim CD16bright NK
TTCTCAAAGCGCCTCA-1,GARQ,D5,0,40,39,0,0.0069924593,CD56dim CD16bright NK
TTCTCAAAGCGGCTTC-1,GARQ,D5,0,40,39,20,0.18696022,CD56dim CD16bright NK
TTCTCAACAAGTAGTA-1,GARQ,D5,0,40,39,13,0.045028567,Non classical monocytes
TTCTCAACATCGGTTA-1,GARQ,D5,0,40,39,38,0.051831126,MAIT-NKT cells
TTCTCAATCGAACGGA-1,GARQ,D5,0,40,39,3,0.070668995,Non classical monocytes
TTCTCCTAGAGTACAT-1,GARQ,D5,0,40,39,20,0.010253668,CD56dim CD16bright NK
TTCTCCTAGGGCTCTC-1,GARQ,D5,0,40,39,13,0.008454204,plasmacytoid DC
TTCTCCTAGGTAGCTG-1,GARQ,D5,0,40,39,38,0.020474315,NK-T doublets
TTCTCCTCACTCAGGC-1,GARQ,D5,0,40,39,13,0.035719395,Neutrophils
TTCTCCTGTAGAAAGG-1,GARQ,D5,0,40,39,31,0.02577591,CD4 naive II
TTCTCCTGTAGCAAAT-1,GARQ,D5,0,40,39,13,0.042304277,Classical monocytes
TTCTCCTGTGTGGCTC-1,GARQ,D5,0,40,39,31,0.041531324,CD4 memory
TTCTCCTTCATGTCCC-1,GARQ,D5,0,40,39,20,0.043389797,CD8 effector
TTCTTAGCAATGACCT-1,GARQ,D5,0,40,39,31,0.16609931,CD4 naive I
TTCTTAGGTAGAGTGC-1,GARQ,D5,0,40,39,20,0.08686948,CD56dim CD16bright NK
TTCTTAGTCATGCAAC-1,GARQ,D5,0,40,39,31,0.046385646,CD4 naive II
TTGAACGAGCTAGTGG-1,GARQ,D5,0,40,39,11,0.03337097,CD56dim CD16bright NK
TTGAACGCAATCTACG-1,GARQ,D5,0,40,39,20,0.038422704,NK-T doublets
TTGAACGGTCAACATC-1,GARQ,D5,0,40,39,20,0.07245481,CD56dim CD16bright NK
TTGAACGGTCAGAAGC-1,GARQ,D5,0,40,39,25,0.17784709,Non classical monocytes
TTGAACGGTGGGTCAA-1,GARQ,D5,0,40,39,31,0.14656246,CD4 memory
TTGAACGGTGTATGGG-1,GARQ,D5,0,40,39,15,0.19025421,Memory B
TTGAACGTCCTTTCTC-1,GARQ,D5,0,40,39,31,0.05027628,CD4 naive I
TTGACTTAGCGTGTCC-1,GARQ,D5,0,40,39,30,0.016509295,CD8 effector
TTGACTTTCGAATCCA-1,GARQ,D5,0,40,39,25,0.059920788,MAIT-NKT cells
TTGCCGTCAAGGGTCA-1,GARQ,D5,0,40,39,15,0.037642002,Naive B
TTGCCGTGTGTTGAGG-1,GARQ,D5,0,40,39,0,0.036171556,CD56dim CD16bright NK
TTGCCGTTCGGCCGAT-1,GARQ,D5,0,40,39,31,0.033632636,CD8 memory
TTGCGTCAGCCGGTAA-1,GARQ,D5,0,40,39,3,0.02289164,NK-monocyte doublets
TTGCGTCAGTCCAGGA-1,GARQ,D5,0,40,39,20,0.018381834,gdT cells
TTGCGTCCAGCCTTGG-1,GARQ,D5,0,40,39,13,0.05117798,conventional DC
TTGCGTCCAGCTCGAC-1,GARQ,D5,0,40,39,13,0.016008615,NK-monocyte doublets
TTGCGTCGTTGCGTTA-1,GARQ,D5,0,40,39,20,0.02452135,CD56dim CD16bright NK
TTGGAACAGGTAAACT-1,GARQ,D5,0,40,39,20,0.0756886,CD56dim CD16bright NK
TTGGAACCAATACGCT-1,GARQ,D5,0,40,39,28,0.0043303967,CD4 naive I
TTGGAACGTGCGATAG-1,GARQ,D5,0,40,39,0,0.004045129,CD56dim CD16bright NK
TTGGAACTCGGCGCTA-1,GARQ,D5,0,40,39,15,0.19693696,Naive B
TTGGAACTCTTGTCAT-1,GARQ,D5,0,40,39,31,0.1449945,CD4 naive I
TTGGCAAGTTTACTCT-1,GARQ,D5,0,40,39,28,0.027019143,CD4 naive I
TTGTAGGAGAGGTACC-1,GARQ,D5,0,40,39,31,0.12027621,CD4 naive I
TTGTAGGTCAGTACGT-1,GARQ,D5,0,40,39,27,0.08869898,CD56dim CD16bright NK
TTGTAGGTCATTATCC-1,GARQ,D5,0,40,39,31,0.062288165,CD4 naive I
TTGTAGGTCCTTCAAT-1,GARQ,D5,0,40,39,13,0.07853651,Classical monocytes
TTTACTGAGTGGAGAA-1,GARQ,D5,0,40,39,15,0.0023679733,Naive B
TTTACTGCAGTATAAG-1,GARQ,D5,0,40,39,13,0.067341805,Classical monocytes
TTTACTGCATGGTCAT-1,GARQ,D5,0,40,39,26,0.034870625,MAIT-NKT cells
TTTACTGTCGCCAAAT-1,GARQ,D5,0,40,39,0,0.021173239,CD56dim CD16bright NK
TTTACTGTCTCACATT-1,GARQ,D5,0,40,39,20,0.008795381,CD56dim CD16bright NK
TTTATGCTCAGGTAAA-1,GARQ,D5,0,40,39,25,0.012117147,MAIT-NKT cells
TTTCCTCAGTGAAGAG-1,GARQ,D5,0,40,39,20,0.003925264,CD56bright CD16dim NK
TTTCCTCCACAGCCCA-1,GARQ,D5,0,40,39,20,0.075228214,CD56dim CD16bright NK
TTTCCTCTCGACGGAA-1,GARQ,D5,0,40,39,15,0.0019404888,Naive B
TTTGCGCAGTCCATAC-1,GARQ,D5,0,40,39,12,0.01619482,MAIT-NKT cells
TTTGCGCCATTGGTAC-1,GARQ,D5,0,40,39,31,0.06129515,CD4 memory
TTTGCGCTCTGGTTCC-1,GARQ,D5,0,40,39,13,0.029722095,Classical monocytes
TTTGGTTAGCGAAGGG-1,GARQ,D5,0,40,39,30,0.01908493,gdT cells
TTTGGTTAGCTGCGAA-1,GARQ,D5,0,40,39,39,0.046722054,CD8 effector
TTTGTCAAGAATCTCC-1,GARQ,D5,0,40,39,13,0.01783967,Neutrophils
TTTGTCACACTTCGAA-1,GARQ,D5,0,40,39,20,0.01995194,NK-T doublets
TTTGTCAGTAAGTGTA-1,GARQ,D5,0,40,39,31,0.17366731,CD8 naive
