cell_id,method,dataset,seed,requested_K,realized_K,metacell_id,delta_confidence,cell_type
AAACCTGAGAGTCGGT-1,GARQ,D5,0,40,39,8,0.023945093,gdT cells
AAACCTGCAGCGTAAG-1,GARQ,D5,0,40,39,18,0.037997246,CD56dim CD16bright NK
AAACCTGGTACGAAAT-1,GARQ,D5,0,40,39,2,0.08204663,CD4 memory
AAACCTGGTCTGCAAT-1,GARQ,D5,0,40,39,32,0.0067386627,CD8 memory
AAACCTGGTGCCTGGT-1,GARQ,D5,0,40,39,32,0.09461999,CD56bright CD16dim NK
AAACCTGTCAATCTCT-1,GARQ,D5,0,40,39,16,0.05158913,CD56bright CD16dim NK
AAACGGGCACGGCTAC-1,GARQ,D5,0,40,39,38,0.006478548,Classical monocytes
AAACGGGGTCTAAACC-1,GARQ,D5,0,40,39,19,0.0007209778,CD56dim CD16bright NK
AAACGGGTCGGGAGTA-1,GARQ,D5,0,40,39,38,0.10768461,Classical monocytes
AAAGATGGTGTCTGAT-1,GARQ,D5,0,40,39,2,0.048922062,CD4 memory
AAAGATGTCATTTGGG-1,GARQ,D5,0,40,39,6,0.0032266378,Platelet-bound monocytes
AAAGATGTCTAACTCT-1,GARQ,D5,0,40,39,2,0.06994498,CD4 memory
AAAGCAACACAACGCC-1,GARQ,D5,0,40,39,38,0.022984743,Classical monocytes
AAAGCAACAGACACTT-1,GARQ,D5,0,40,39,2,0.08529639,CD4 naive I
AAAGCAACAGGCGATA-1,GARQ,D5,0,40,39,25,0.028223991,Non classical monocytes
AAAGCAACAGTGAGTG-1,GARQ,D5,0,40,39,1,0.21724653,CD4 memory
AAAGCAACATATACGC-1,GARQ,D5,0,40,39,17,0.034703612,CD56dim CD16bright NK
AAAGCAACATTGGCGC-1,GARQ,D5,0,40,39,32,0.010083199,NK-T doublets
AAAGCAACATTTCAGG-1,GARQ,D5,0,40,39,39,0.015705109,CD56dim CD16bright NK
AAAGTAGCACCGAATT-1,GARQ,D5,0,40,39,29,0.019145846,CD56bright CD16dim NK
AAAGTAGCATCGTCGG-1,GARQ,D5,0,40,39,30,0.038440466,CD56dim CD16bright NK
AAAGTAGGTTACCGAT-1,GARQ,D5,0,40,39,6,0.04550302,Neutrophils
AAAGTAGTCCCAAGTA-1,GARQ,D5,0,40,39,38,0.015122056,Neutrophils
AAATGCCGTCCAGTAT-1,GARQ,D5,0,40,39,16,0.013275623,CD56dim CD16bright NK
AACACGTAGTAGCGGT-1,GARQ,D5,0,40,39,20,0.088493824,Platelet-bound monocytes
AACACGTGTACCCAAT-1,GARQ,D5,0,40,39,32,0.16927147,CD8 memory
AACACGTGTCAAAGCG-1,GARQ,D5,0,40,39,19,0.06633937,CD56dim CD16bright NK
AACACGTTCCCTCTTT-1,GARQ,D5,0,40,39,7,0.008233786,MAIT-NKT cells
AACCATGCACCACGTG-1,GARQ,D5,0,40,39,8,0.02420032,CD56dim CD16bright NK
AACCATGGTACAGCAG-1,GARQ,D5,0,40,39,10,0.10892522,CD56dim CD16bright NK
AACCATGGTGCTAGCC-1,GARQ,D5,0,40,39,32,0.0948329,MAIT-NKT cells
AACCGCGAGTGGGCTA-1,GARQ,D5,0,40,39,10,0.027076423,CD56dim CD16bright NK
AACCGCGCAATAGAGT-1,GARQ,D5,0,40,39,36,0.0030853748,CD56dim CD16bright NK
AACCGCGCAGACAAGC-1,GARQ,D5,0,40,39,32,0.14923954,CD8 memory
AACCGCGGTATATGAG-1,GARQ,D5,0,40,39,6,0.06521559,Classical monocytes
AACCGCGGTTGCGCAC-1,GARQ,D5,0,40,39,22,0.0915854,Non classical monocytes
AACCGCGGTTGTACAC-1,GARQ,D5,0,40,39,39,0.048125744,CD56dim CD16bright NK
AACCGCGTCGCCAAAT-1,GARQ,D5,0,40,39,2,0.04673648,CD4 naive I
AACCGCGTCTGCGGCA-1,GARQ,D5,0,40,39,2,0.018195868,CD4 memory
AACGTTGAGACTGTAA-1,GARQ,D5,0,40,39,16,0.10176313,CD56dim CD16bright NK
AACGTTGAGAGTAATC-1,GARQ,D5,0,40,39,23,0.0005737543,MAIT-NKT cells
AACGTTGCAGAGTGTG-1,GARQ,D5,0,40,39,20,0.022222161,Plasma cells
AACGTTGCAGGTCTCG-1,GARQ,D5,0,40,39,24,0.0055555105,CD56dim CD16bright NK
AACTCAGAGTGATCGG-1,GARQ,D5,0,40,39,30,0.0032134056,CD56bright CD16dim NK
AACTCAGAGTGTCTCA-1,GARQ,D5,0,40,39,33,0.0037304163,CD4 memory
AACTCAGCACAGACAG-1,GARQ,D5,0,40,39,11,0.038951635,CD56dim CD16bright NK
AACTCAGTCAACGGGA-1,GARQ,D5,0,40,39,20,0.20540142,T-NK-B cell doublets
AACTCAGTCTGAAAGA-1,GARQ,D5,0,40,39,2,0.06788504,CD4 naive II
AACTCCCAGGTGGGTT-1,GARQ,D5,0,40,39,2,0.04760754,CD4 naive I
AACTCCCTCAAGAAGT-1,GARQ,D5,0,40,39,38,0.0053908825,Classical monocytes
AACTCTTAGCATGGCA-1,GARQ,D5,0,40,39,39,0.0027981997,CD56dim CD16bright NK
AACTCTTCAAACCCAT-1,GARQ,D5,0,40,39,16,0.01976943,CD56dim CD16bright NK
AACTCTTGTCAGGACA-1,GARQ,D5,0,40,39,8,0.04235506,CD56dim CD16bright NK
AACTCTTTCAGCTGGC-1,GARQ,D5,0,40,39,9,0.011455536,CD56dim CD16bright NK
AACTCTTTCTGAGGGA-1,GARQ,D5,0,40,39,32,0.020926476,gdT cells
AACTGGTCACCACCAG-1,GARQ,D5,0,40,39,2,0.035815597,CD4 naive I
AACTGGTCATCGGTTA-1,GARQ,D5,0,40,39,2,0.116870284,CD8 naive
AACTGGTGTACTCTCC-1,GARQ,D5,0,40,39,16,0.008051634,CD56dim CD16bright NK
AACTGGTTCACAGGCC-1,GARQ,D5,0,40,39,32,0.075856686,MAIT-NKT cells
AACTGGTTCGCGGATC-1,GARQ,D5,0,40,39,2,0.09333825,CD4 naive I
AACTTTCCAAGTAGTA-1,GARQ,D5,0,40,39,32,0.008563995,gdT cells
AACTTTCCACGGCCAT-1,GARQ,D5,0,40,39,16,0.06334984,CD56dim CD16bright NK
AACTTTCGTAAACCTC-1,GARQ,D5,0,40,39,8,0.10573292,CD56dim CD16bright NK
AACTTTCTCACTGGGC-1,GARQ,D5,0,40,39,2,0.08908975,CD4 memory
AAGACCTAGCGCTTAT-1,GARQ,D5,0,40,39,38,0.012318373,Non classical monocytes
AAGACCTAGGACTGGT-1,GARQ,D5,0,40,39,22,0.17876065,Non classical monocytes
AAGACCTAGGAGTTTA-1,GARQ,D5,0,40,39,32,0.08589184,gdT cells
AAGACCTCACTGTTAG-1,GARQ,D5,0,40,39,6,0.035596848,Classical monocytes
AAGACCTCAGTGGAGT-1,GARQ,D5,0,40,39,2,0.112981796,CD4 naive I
AAGCCGCCAAGCCGCT-1,GARQ,D5,0,40,39,20,0.14052403,conventional DC
AAGCCGCGTCACTTCC-1,GARQ,D5,0,40,39,10,0.056164443,CD56dim CD16bright NK
AAGCCGCGTCATATCG-1,GARQ,D5,0,40,39,36,0.113132,CD56dim CD16bright NK
AAGCCGCGTTCGAATC-1,GARQ,D5,0,40,39,30,0.007589698,CD56dim CD16bright NK
AAGGAGCCACATCCGG-1,GARQ,D5,0,40,39,21,0.08714318,Neutrophils
AAGGAGCTCTGCCAGG-1,GARQ,D5,0,40,39,2,0.08842349,CD4 memory
AAGGCAGAGTACATGA-1,GARQ,D5,0,40,39,20,0.9839145,Naive B
AAGGCAGCATAAGACA-1,GARQ,D5,0,40,39,33,0.022132397,CD4 naive I
AAGGCAGTCGGTGTTA-1,GARQ,D5,0,40,39,1,0.47674245,Erythroid 
AAGGTTCCACAGACTT-1,GARQ,D5,0,40,39,32,0.030042052,CD8 memory
AAGGTTCGTTACGTCA-1,GARQ,D5,0,40,39,32,0.00022435188,MAIT-NKT cells
AAGGTTCTCTGATACG-1,GARQ,D5,0,40,39,2,0.017782927,CD4 memory
AAGGTTCTCTTGCATT-1,GARQ,D5,0,40,39,2,0.1310271,CD4 naive I
AATCCAGAGTCATCCA-1,GARQ,D5,0,40,39,32,0.028633833,CD8 effector
AATCCAGGTCCGTGAC-1,GARQ,D5,0,40,39,32,0.0032631159,MAIT-NKT cells
AATCCAGTCAGGTTCA-1,GARQ,D5,0,40,39,2,0.004166603,CD4 naive I
AATCCAGTCTTGGGTA-1,GARQ,D5,0,40,39,20,0.6062777,Naive B
AATCGGTAGGAGTCTG-1,GARQ,D5,0,40,39,2,0.018259525,CD8 naive
AATCGGTAGTACTTGC-1,GARQ,D5,0,40,39,2,0.048573494,CD4 memory
AATCGGTGTCCGAGTC-1,GARQ,D5,0,40,39,2,0.07407427,CD4 memory
AATCGGTTCCTATGTT-1,GARQ,D5,0,40,39,6,0.022527575,Classical monocytes
ACACCAACAAAGGAAG-1,GARQ,D5,0,40,39,38,0.027114749,Classical monocytes
ACACCAACACACGCTG-1,GARQ,D5,0,40,39,23,0.0072466135,MAIT-NKT cells
ACACCAATCCAGTATG-1,GARQ,D5,0,40,39,2,0.06098473,CD4 memory
ACACCAATCTCACATT-1,GARQ,D5,0,40,39,20,0.48132586,Naive B
ACACCAATCTCGATGA-1,GARQ,D5,0,40,39,4,0.046006322,MAIT-NKT cells
ACACCCTAGCGTCTAT-1,GARQ,D5,0,40,39,30,0.0013897419,CD56bright CD16dim NK
ACACCCTTCATTATCC-1,GARQ,D5,0,40,39,16,0.013658524,CD8 effector
ACACCCTTCATTGCGA-1,GARQ,D5,0,40,39,20,0.48355007,Naive B
ACACCCTTCGTACGGC-1,GARQ,D5,0,40,39,33,0.11389387,CD8 naive
ACACCGGCAATCGGTT-1,GARQ,D5,0,40,39,2,0.10283947,CD4 memory
ACACCGGGTAGCGCTC-1,GARQ,D5,0,40,39,33,0.049749136,CD4 naive I
ACACCGGTCACGCGGT-1,GARQ,D5,0,40,39,38,0.015973806,Platelet-bound monocytes
ACACCGGTCCTGCCAT-1,GARQ,D5,0,40,39,30,0.0059126616,CD56dim CD16bright NK
ACACTGATCCCAAGAT-1,GARQ,D5,0,40,39,22,0.11425638,Non classical monocytes
ACAGCCGAGCACCGTC-1,GARQ,D5,0,40,39,38,0.022950768,Platelet-bound monocytes
ACAGCCGAGCAGCCTC-1,GARQ,D5,0,40,39,19,0.014408112,CD56dim CD16bright NK
ACAGCCGAGGCTCATT-1,GARQ,D5,0,40,39,38,0.10635984,Platelet-bound monocytes
ACAGCCGCACGAAACG-1,GARQ,D5,0,40,39,33,0.027164578,CD8 naive
ACAGCCGCACGGCCAT-1,GARQ,D5,0,40,39,20,0.9471189,Naive B
ACAGCCGCAGGATCGA-1,GARQ,D5,0,40,39,20,0.42963934,Memory B
ACAGCCGCAGGGTACA-1,GARQ,D5,0,40,39,2,0.101792574,CD4 memory
ACAGCCGGTTAAAGAC-1,GARQ,D5,0,40,39,20,0.65335137,Memory B
ACAGCCGTCTAAGCCA-1,GARQ,D5,0,40,39,20,0.5025253,Naive B
ACAGCTAAGACACTAA-1,GARQ,D5,0,40,39,32,0.010386229,Regulatory T cells
ACAGCTACAGGCGATA-1,GARQ,D5,0,40,39,20,0.0018970966,T-NK-B cell doublets
ACAGCTAGTGGTTTCA-1,GARQ,D5,0,40,39,36,0.024825215,CD56dim CD16bright NK
ACATACGAGCAATATG-1,GARQ,D5,0,40,39,36,0.039817452,CD56dim CD16bright NK
ACATACGAGCGTGAAC-1,GARQ,D5,0,40,39,22,0.07847023,Non classical monocytes
ACATACGCAAGCCCAC-1,GARQ,D5,0,40,39,1,0.37140322,CD4 naive I
ACATACGCAAGCTGGA-1,GARQ,D5,0,40,39,29,0.0016687512,CD56dim CD16bright NK
ACATACGTCACTCCTG-1,GARQ,D5,0,40,39,2,0.041831136,CD8 naive
ACATCAGAGCGTGTCC-1,GARQ,D5,0,40,39,3,0.03895867,CD56dim CD16bright NK
ACATGGTCAGCCACCA-1,GARQ,D5,0,40,39,10,0.017603874,CD56dim CD16bright NK
ACATGGTGTACATCCA-1,GARQ,D5,0,40,39,32,0.06518793,CD8 effector
ACATGGTGTTAAGACA-1,GARQ,D5,0,40,39,16,0.024906754,CD56dim CD16bright NK
ACCAGTAAGCACCGCT-1,GARQ,D5,0,40,39,32,0.02880025,gdT cells
ACCAGTAAGTGATCGG-1,GARQ,D5,0,40,39,34,0.16997802,Proliferating T and NK cell
ACCAGTACAGCGAACA-1,GARQ,D5,0,40,39,38,0.011342287,Classical monocytes
ACCAGTACATCACCCT-1,GARQ,D5,0,40,39,38,0.032248974,Classical monocytes
ACCAGTATCATAAAGG-1,GARQ,D5,0,40,39,30,0.016165853,CD56dim CD16bright NK
ACCCACTGTTCGCTAA-1,GARQ,D5,0,40,39,33,0.015609503,CD4 memory
ACCCACTTCGGCATCG-1,GARQ,D5,0,40,39,22,0.16387153,Non classical monocytes
ACCCACTTCGTTACAG-1,GARQ,D5,0,40,39,6,0.012149096,Classical monocytes
ACCGTAAAGCGATTCT-1,GARQ,D5,0,40,39,2,0.10218191,CD8 naive
ACCGTAAAGCTAAACA-1,GARQ,D5,0,40,39,2,0.08868241,CD4 memory
ACCGTAACACTCAGGC-1,GARQ,D5,0,40,39,2,0.060266852,CD4 memory
ACCGTAACATGTCTCC-1,GARQ,D5,0,40,39,38,0.017217398,Classical monocytes
ACCGTAAGTTCCACAA-1,GARQ,D5,0,40,39,33,0.0242486,CD8 memory
ACCTTTAAGAGTGAGA-1,GARQ,D5,0,40,39,2,0.039352894,CD4 memory
ACCTTTAGTAGGAGTC-1,GARQ,D5,0,40,39,6,0.04507923,Classical monocytes
ACCTTTAGTGATGTCT-1,GARQ,D5,0,40,39,24,0.017716646,gdT cells
ACCTTTAGTTCGTGAT-1,GARQ,D5,0,40,39,2,0.0017809868,CD4 memory
ACCTTTAGTTGATTCG-1,GARQ,D5,0,40,39,2,0.012998819,CD4 naive I
ACGAGCCAGTGTACCT-1,GARQ,D5,0,40,39,33,0.05216968,CD8 naive
ACGAGCCGTATTAGCC-1,GARQ,D5,0,40,39,38,0.027271986,Classical monocytes
ACGAGCCGTCGCGAAA-1,GARQ,D5,0,40,39,2,0.11792374,CD4 memory
ACGAGCCTCGCCTGAG-1,GARQ,D5,0,40,39,2,0.08907986,CD4 naive I
ACGAGCCTCTCCTATA-1,GARQ,D5,0,40,39,16,0.11921108,CD56dim CD16bright NK
ACGAGCCTCTGGCGAC-1,GARQ,D5,0,40,39,2,0.13382268,CD4 naive I
ACGAGGAAGGAATTAC-1,GARQ,D5,0,40,39,6,0.009256005,Classical monocytes
ACGAGGACAGGATTGG-1,GARQ,D5,0,40,39,20,0.88828504,Naive B
ACGAGGACATCCCATC-1,GARQ,D5,0,40,39,36,0.059517145,CD56dim CD16bright NK
ACGAGGACATGCAATC-1,GARQ,D5,0,40,39,10,0.07175076,CD56dim CD16bright NK
ACGAGGAGTAAGTTCC-1,GARQ,D5,0,40,39,8,0.07529318,gdT cells
ACGAGGAGTCCATCCT-1,GARQ,D5,0,40,39,20,0.49541485,Memory B
ACGATACAGAAGGTTT-1,GARQ,D5,0,40,39,16,0.07399976,CD56dim CD16bright NK
ACGATACAGTCATGCT-1,GARQ,D5,0,40,39,2,0.051328897,CD4 naive II
ACGATACCACCACCAG-1,GARQ,D5,0,40,39,16,0.13715339,CD56dim CD16bright NK
ACGATACCATGTCCTC-1,GARQ,D5,0,40,39,1,0.23230731,CD4 naive I
ACGATACGTCACACGC-1,GARQ,D5,0,40,39,20,0.49992633,Naive B
ACGATACGTGCATCTA-1,GARQ,D5,0,40,39,16,0.020054221,CD56dim CD16bright NK
ACGATGTAGAGTGAGA-1,GARQ,D5,0,40,39,2,0.0040254593,CD8 naive
ACGATGTAGGCAGTCA-1,GARQ,D5,0,40,39,2,0.0061125755,CD4 memory
ACGATGTAGTCAATAG-1,GARQ,D5,0,40,39,20,0.532442,Memory B
ACGATGTCAAGACGTG-1,GARQ,D5,0,40,39,16,0.06058705,CD8 effector
ACGATGTCAGTCAGAG-1,GARQ,D5,0,40,39,6,0.021428585,Classical monocytes
ACGATGTGTAGGCTGA-1,GARQ,D5,0,40,39,32,0.01716268,gdT cells
ACGATGTGTGTGAATA-1,GARQ,D5,0,40,39,19,0.054789066,CD56dim CD16bright NK
ACGATGTTCACCTTAT-1,GARQ,D5,0,40,39,32,0.03133893,MAIT-NKT cells
ACGCAGCAGATGAGAG-1,GARQ,D5,0,40,39,33,0.011115551,CD8 naive
ACGCAGCAGCGATATA-1,GARQ,D5,0,40,39,20,0.5524607,Naive B
ACGCAGCGTCGAGTTT-1,GARQ,D5,0,40,39,21,0.000944376,Neutrophils
ACGCAGCTCGGCGGTT-1,GARQ,D5,0,40,39,2,0.053016603,CD8 memory
ACGCCAGAGATGCGAC-1,GARQ,D5,0,40,39,38,0.012409568,Classical monocytes
ACGCCAGAGCGTCAAG-1,GARQ,D5,0,40,39,21,0.013833046,Neutrophils
ACGCCAGAGTACGTTC-1,GARQ,D5,0,40,39,2,0.157902,CD4 naive I
ACGCCAGGTCCCGACA-1,GARQ,D5,0,40,39,5,0.100477576,CD4 memory
ACGCCAGTCCTTCAAT-1,GARQ,D5,0,40,39,9,0.05167377,CD56dim CD16bright NK
ACGCCAGTCGTTACAG-1,GARQ,D5,0,40,39,24,0.06344581,gdT cells
ACGCCGAAGACACGAC-1,GARQ,D5,0,40,39,8,0.119452596,CD8 effector
ACGCCGAAGAGTAAGG-1,GARQ,D5,0,40,39,16,0.21515393,CD56dim CD16bright NK
ACGCCGACAAAGCAAT-1,GARQ,D5,0,40,39,6,0.044341326,Classical monocytes
ACGCCGACATTCACTT-1,GARQ,D5,0,40,39,20,0.40150952,Naive B
ACGCCGAGTGTGAAAT-1,GARQ,D5,0,40,39,6,0.015687227,Classical monocytes
ACGCCGAGTTACGTCA-1,GARQ,D5,0,40,39,2,0.018754601,CD4 naive I
ACGCCGATCCTGCTTG-1,GARQ,D5,0,40,39,32,0.13394177,CD8 effector
ACGCCGATCGGAGGTA-1,GARQ,D5,0,40,39,31,0.013259292,CD4 and CD8 activated memory
ACGGAGAAGGTGTTAA-1,GARQ,D5,0,40,39,19,0.025044799,CD56dim CD16bright NK
ACGGAGATCCGTACAA-1,GARQ,D5,0,40,39,20,0.10674548,T-NK-B cell doublets
ACGGAGATCTTAGCCC-1,GARQ,D5,0,40,39,38,0.067248344,Classical monocytes
ACGGCCAAGCGAAGGG-1,GARQ,D5,0,40,39,32,0.04178226,CD8 memory
ACGGCCAGTGAGTATA-1,GARQ,D5,0,40,39,37,0.007795334,Neutrophils
ACGGCCAGTTTGTGTG-1,GARQ,D5,0,40,39,2,0.03555429,CD4 naive II
ACGGGCTCATGCTGGC-1,GARQ,D5,0,40,39,22,0.22118413,Non classical monocytes
ACGGGCTTCACAGGCC-1,GARQ,D5,0,40,39,20,0.3894155,Naive B
ACGGGTCAGCCACTAT-1,GARQ,D5,0,40,39,32,0.1254232,CD8 effector
ACGGGTCCAGCTGCAC-1,GARQ,D5,0,40,39,16,0.16288185,CD56dim CD16bright NK
ACGGGTCTCCCTCTTT-1,GARQ,D5,0,40,39,6,0.07357621,NK-monocyte doublets
ACTATCTAGGCATGGT-1,GARQ,D5,0,40,39,16,0.11590183,CD56dim CD16bright NK
ACTATCTGTACTCAAC-1,GARQ,D5,0,40,39,23,0.028257132,MAIT-NKT cells
ACTATCTGTTGTCTTT-1,GARQ,D5,0,40,39,6,0.028764486,Classical monocytes
ACTATCTTCCTGTACC-1,GARQ,D5,0,40,39,2,0.025412917,MAIT-NKT cells
ACTGAACCAGGAACGT-1,GARQ,D5,0,40,39,32,0.032105803,MAIT-NKT cells
ACTGAACGTCCGCTGA-1,GARQ,D5,0,40,39,4,0.02099359,CD8 memory
ACTGAGTAGGGCATGT-1,GARQ,D5,0,40,39,36,0.07326591,CD56dim CD16bright NK
ACTGAGTCATGCGCAC-1,GARQ,D5,0,40,39,38,0.0026527643,Neutrophils
ACTGAGTGTTCCTCCA-1,GARQ,D5,0,40,39,20,0.04695505,plasmacytoid DC
ACTGAGTTCGCTTGTC-1,GARQ,D5,0,40,39,32,0.08173704,MAIT-NKT cells
ACTGATGAGGATATAC-1,GARQ,D5,0,40,39,5,0.008383036,CD4 naive II
ACTGATGGTAAATGTG-1,GARQ,D5,0,40,39,32,0.10470438,CD8 memory
ACTGATGTCACATGCA-1,GARQ,D5,0,40,39,2,0.08281827,CD4 naive I
ACTGATGTCATCTGTT-1,GARQ,D5,0,40,39,6,0.04944539,Classical monocytes
ACTGATGTCTTGCATT-1,GARQ,D5,0,40,39,32,0.04546511,NK-T doublets
ACTGCTCAGAATAGGG-1,GARQ,D5,0,40,39,6,0.06774008,Classical monocytes
ACTGCTCAGCCAGAAC-1,GARQ,D5,0,40,39,8,0.06534457,CD56dim CD16bright NK
ACTGCTCCATGGGACA-1,GARQ,D5,0,40,39,17,0.02202332,CD56dim CD16bright NK
ACTGTCCCAGCGTTCG-1,GARQ,D5,0,40,39,2,0.08219552,CD4 naive I
ACTGTCCGTCGGCACT-1,GARQ,D5,0,40,39,16,0.03817463,CD8 effector
ACTGTCCGTGTAAGTA-1,GARQ,D5,0,40,39,32,0.015804172,MAIT-NKT cells
ACTTACTCAATGGAGC-1,GARQ,D5,0,40,39,22,0.20732534,Non classical monocytes
ACTTACTCACAACTGT-1,GARQ,D5,0,40,39,38,0.017058372,Classical monocytes
ACTTACTCACCGGAAA-1,GARQ,D5,0,40,39,6,0.012631655,Classical monocytes
ACTTACTGTCATGCCG-1,GARQ,D5,0,40,39,2,0.03966701,CD4 naive I
ACTTACTGTCCAAGTT-1,GARQ,D5,0,40,39,33,0.051545262,CD8 naive
ACTTACTGTCTCGTTC-1,GARQ,D5,0,40,39,10,0.01694727,CD56dim CD16bright NK
ACTTGTTAGACGCTTT-1,GARQ,D5,0,40,39,20,0.5152955,Naive B
ACTTGTTAGCCCTAAT-1,GARQ,D5,0,40,39,5,0.005247593,CD4 memory
ACTTGTTGTAGCTTGT-1,GARQ,D5,0,40,39,2,0.06613994,CD4 memory
ACTTGTTGTGTGTGCC-1,GARQ,D5,0,40,39,32,0.07380664,gdT cells
ACTTTCAAGCAGACTG-1,GARQ,D5,0,40,39,2,0.012124538,CD8 naive
ACTTTCAAGCAGCCTC-1,GARQ,D5,0,40,39,20,0.2331022,T-NK-B cell doublets
ACTTTCAAGTAGATGT-1,GARQ,D5,0,40,39,33,0.009822488,CD8 naive
ACTTTCACAAGAAAGG-1,GARQ,D5,0,40,39,38,0.067579746,Platelets
ACTTTCACACAAGACG-1,GARQ,D5,0,40,39,20,0.77670705,Naive B
ACTTTCATCCCTCTTT-1,GARQ,D5,0,40,39,1,0.28811574,Platelet-T cell doublets
AGAATAGAGGAGCGTT-1,GARQ,D5,0,40,39,8,0.012662232,CD56dim CD16bright NK
AGAATAGGTAAACACA-1,GARQ,D5,0,40,39,20,0.29868412,Naive B
AGACGTTAGCTAGTTC-1,GARQ,D5,0,40,39,22,0.14959621,Non classical monocytes
AGACGTTAGTGCGATG-1,GARQ,D5,0,40,39,32,0.07120395,CD8 effector
AGACGTTTCCCAACGG-1,GARQ,D5,0,40,39,16,0.015717149,CD56dim CD16bright NK
AGAGCGAAGCTCTCGG-1,GARQ,D5,0,40,39,8,0.076977015,gdT cells
AGAGCGAAGGTGTTAA-1,GARQ,D5,0,40,39,6,0.0032179356,Neutrophils
AGAGCGAAGTGCAAGC-1,GARQ,D5,0,40,39,20,0.08906019,T-NK-B cell doublets
AGAGCGACAAAGCAAT-1,GARQ,D5,0,40,39,16,0.08098471,CD56dim CD16bright NK
AGAGCGAGTATATCCG-1,GARQ,D5,0,40,39,2,0.064686894,CD4 memory
AGAGCGAGTGTTCGAT-1,GARQ,D5,0,40,39,16,0.031329393,CD56bright CD16dim NK
AGAGCGAGTTGATTCG-1,GARQ,D5,0,40,39,2,0.044797778,CD4 memory
AGAGCGATCTGCAGTA-1,GARQ,D5,0,40,39,32,0.037533164,gdT cells
AGAGCTTCAACCGCCA-1,GARQ,D5,0,40,39,32,0.09121704,MAIT-NKT cells
AGAGCTTCATGTAGTC-1,GARQ,D5,0,40,39,32,0.015781403,MAIT-NKT cells
AGAGCTTGTATGAATG-1,GARQ,D5,0,40,39,2,0.08742857,CD4 naive I
AGAGCTTGTCGCGAAA-1,GARQ,D5,0,40,39,2,0.0079141855,CD4 memory
AGAGCTTTCGGCTTGG-1,GARQ,D5,0,40,39,20,0.51931137,T-NK-B cell doublets
AGAGCTTTCGGTTCGG-1,GARQ,D5,0,40,39,22,0.02609384,Non classical monocytes
AGAGTGGCATTCCTGC-1,GARQ,D5,0,40,39,2,0.0018234253,CD4 memory
AGAGTGGTCTCTGCTG-1,GARQ,D5,0,40,39,6,0.009747982,Platelet-bound monocytes
AGAGTGGTCTTCTGGC-1,GARQ,D5,0,40,39,32,0.15150225,CD8 effector
AGATCTGAGATAGGAG-1,GARQ,D5,0,40,39,16,0.098434806,Proliferating T and NK cell
AGATCTGAGATAGTCA-1,GARQ,D5,0,40,39,16,0.057929277,CD56dim CD16bright NK
AGATCTGAGCTGCAAG-1,GARQ,D5,0,40,39,20,0.5105649,Memory B
AGATCTGCAATCACAC-1,GARQ,D5,0,40,39,38,0.037663937,Classical monocytes
AGATCTGCACGTTGGC-1,GARQ,D5,0,40,39,24,0.055602312,CD8 effector
AGATCTGCAGTATAAG-1,GARQ,D5,0,40,39,2,0.054015636,CD8 naive
AGATCTGGTGGTTTCA-1,GARQ,D5,0,40,39,20,0.640278,Naive B
AGATCTGGTTAGATGA-1,GARQ,D5,0,40,39,6,0.014021635,Non classical monocytes
AGATTGCAGACAGGCT-1,GARQ,D5,0,40,39,38,0.016625881,Classical monocytes
AGATTGCCAAGCGATG-1,GARQ,D5,0,40,39,6,0.04425049,Classical monocytes
AGATTGCTCGGAAATA-1,GARQ,D5,0,40,39,20,0.09169197,T-NK-B cell doublets
AGATTGCTCTGGCGTG-1,GARQ,D5,0,40,39,27,0.0031647682,CD4 memory
AGCAGCCAGTCGAGTG-1,GARQ,D5,0,40,39,2,0.034579754,CD4 naive II
AGCAGCCCACCGATAT-1,GARQ,D5,0,40,39,20,0.47328305,Memory B
AGCATACCAATGCCAT-1,GARQ,D5,0,40,39,32,0.05406642,gdT cells
AGCATACCATAGTAAG-1,GARQ,D5,0,40,39,32,0.118101954,CD8 memory
AGCATACGTAAACACA-1,GARQ,D5,0,40,39,6,0.026465535,Classical monocytes
AGCATACGTAAGCACG-1,GARQ,D5,0,40,39,2,0.05711174,CD4 naive I
AGCATACGTCTCCATC-1,GARQ,D5,0,40,39,2,0.0077204704,CD4 naive I
AGCCTAAAGTGGGATC-1,GARQ,D5,0,40,39,16,0.042313457,CD56dim CD16bright NK
AGCCTAACAATAGCGG-1,GARQ,D5,0,40,39,24,0.04679823,gdT cells
AGCCTAACATTTCACT-1,GARQ,D5,0,40,39,20,0.493806,Naive B
AGCCTAAGTCTTGCGG-1,GARQ,D5,0,40,39,10,0.043418646,CD56dim CD16bright NK
AGCCTAATCGCCAGCA-1,GARQ,D5,0,40,39,38,0.034404278,Platelet-bound monocytes
AGCGGTCAGCAGGTCA-1,GARQ,D5,0,40,39,2,0.011884093,CD4 naive I
AGCGGTCCAAACGCGA-1,GARQ,D5,0,40,39,16,0.032343626,CD56dim CD16bright NK
AGCGGTCCAAAGTCAA-1,GARQ,D5,0,40,39,20,0.43748838,Naive B
AGCGGTCTCAAACCAC-1,GARQ,D5,0,40,39,36,0.032681823,CD56dim CD16bright NK
AGCGGTCTCCCGGATG-1,GARQ,D5,0,40,39,6,0.009161353,Classical monocytes
AGCGGTCTCGCATGAT-1,GARQ,D5,0,40,39,19,0.0404073,CD56bright CD16dim NK
AGCGTATCACACTGCG-1,GARQ,D5,0,40,39,38,0.015857697,Classical monocytes
AGCGTATCACTTGGAT-1,GARQ,D5,0,40,39,6,0.06470537,Classical monocytes
AGCGTATGTCATGCAT-1,GARQ,D5,0,40,39,23,0.0006957054,MAIT-NKT cells
AGCGTATGTCTGATTG-1,GARQ,D5,0,40,39,16,0.1653322,CD56dim CD16bright NK
AGCGTATTCATAAAGG-1,GARQ,D5,0,40,39,2,0.089119315,CD4 memory
AGCGTATTCGCTTAGA-1,GARQ,D5,0,40,39,16,0.16781712,CD56dim CD16bright NK
AGCGTCGAGAACAATC-1,GARQ,D5,0,40,39,38,0.023802519,Neutrophils
AGCTCCTAGGATTCGG-1,GARQ,D5,0,40,39,20,0.20737875,plasmacytoid DC
AGCTCCTCAATGCCAT-1,GARQ,D5,0,40,39,2,0.036886215,CD4 memory
AGCTCCTCACCGCTAG-1,GARQ,D5,0,40,39,2,0.10767329,CD4 naive I
AGCTCCTGTCATATCG-1,GARQ,D5,0,40,39,37,0.00015771389,Classical monocytes
AGCTCCTGTTACCGAT-1,GARQ,D5,0,40,39,38,0.12240696,Classical monocytes
AGCTCCTTCAAAGACA-1,GARQ,D5,0,40,39,2,0.045294166,CD4 memory
AGCTCCTTCTCCGGTT-1,GARQ,D5,0,40,39,2,0.10877538,CD4 memory
AGCTCTCCAAGCCCAC-1,GARQ,D5,0,40,39,3,0.007908583,CD56dim CD16bright NK
AGCTCTCGTCCATGAT-1,GARQ,D5,0,40,39,20,0.49196017,Naive B
AGCTCTCGTTATCCGA-1,GARQ,D5,0,40,39,33,0.01425612,CD4 naive I
AGCTCTCGTTGGACCC-1,GARQ,D5,0,40,39,9,0.00369215,CD56dim CD16bright NK
AGCTTGACACTGTTAG-1,GARQ,D5,0,40,39,33,0.003700018,CD4 naive I
AGCTTGAGTACTCAAC-1,GARQ,D5,0,40,39,36,0.022703528,CD56dim CD16bright NK
AGCTTGAGTCTGATTG-1,GARQ,D5,0,40,39,19,0.020314574,CD56dim CD16bright NK
AGCTTGATCGCCTGTT-1,GARQ,D5,0,40,39,38,0.043993235,T-NK-B cell doublets
AGGCCACAGTAGTGCG-1,GARQ,D5,0,40,39,16,0.019274712,CD56dim CD16bright NK
AGGCCACCAGTCTTCC-1,GARQ,D5,0,40,39,32,0.068180084,gdT cells
AGGCCACTCCCTGACT-1,GARQ,D5,0,40,39,32,0.094617724,gdT cells
AGGCCGTAGAAGCCCA-1,GARQ,D5,0,40,39,3,0.068368435,NK-T doublets
AGGCCGTCAGCTGGCT-1,GARQ,D5,0,40,39,3,0.031594276,NK-T doublets
AGGCCGTGTCTAACGT-1,GARQ,D5,0,40,39,2,0.008535266,CD4 memory
AGGCCGTGTTCCTCCA-1,GARQ,D5,0,40,39,2,0.017872691,CD8 memory
AGGCCGTTCCGTTGTC-1,GARQ,D5,0,40,39,8,0.11543858,gdT cells
AGGGAGTAGACTAGAT-1,GARQ,D5,0,40,39,33,0.036242723,CD8 naive
AGGGAGTAGATATGCA-1,GARQ,D5,0,40,39,32,0.012238383,CD8 memory
AGGGAGTGTGACGGTA-1,GARQ,D5,0,40,39,27,0.14414227,Non classical monocytes
AGGGAGTTCTGATACG-1,GARQ,D5,0,40,39,2,0.12323403,CD4 memory
AGGGAGTTCTGCCCTA-1,GARQ,D5,0,40,39,32,0.090863466,Proliferating T and NK cell
AGGGAGTTCTTGTCAT-1,GARQ,D5,0,40,39,38,0.014173508,Classical monocytes
AGGGATGAGTCAATAG-1,GARQ,D5,0,40,39,6,0.018918991,Platelet-bound monocytes
AGGGATGCACATGACT-1,GARQ,D5,0,40,39,3,0.054481387,NK-T doublets
AGGGATGCAGATAATG-1,GARQ,D5,0,40,39,2,0.021487236,CD4 memory
AGGGATGCAGTTCATG-1,GARQ,D5,0,40,39,6,0.060517788,Classical monocytes
AGGGTGAAGAGCCTAG-1,GARQ,D5,0,40,39,33,0.08103204,CD8 naive
AGGGTGACACAACGTT-1,GARQ,D5,0,40,39,16,0.017466068,CD56dim CD16bright NK
AGGGTGATCAGCGATT-1,GARQ,D5,0,40,39,2,0.00032126904,CD4 naive I
AGGTCATCACATGTGT-1,GARQ,D5,0,40,39,32,0.034599423,CD8 effector
AGGTCCGAGCAGGCTA-1,GARQ,D5,0,40,39,32,0.008577466,CD8 effector
AGGTCCGCACCAGGTC-1,GARQ,D5,0,40,39,24,0.07543516,CD56dim CD16bright NK
AGGTCCGGTAGGCATG-1,GARQ,D5,0,40,39,8,0.007997155,gdT cells
AGGTCCGGTCCAGTGC-1,GARQ,D5,0,40,39,2,0.05557859,CD4 naive I
AGGTCCGTCAACACAC-1,GARQ,D5,0,40,39,8,0.016636014,CD56dim CD16bright NK
AGTAGTCAGAATGTTG-1,GARQ,D5,0,40,39,16,0.030520678,CD56dim CD16bright NK
AGTAGTCAGCCCAGCT-1,GARQ,D5,0,40,39,33,0.021169424,CD8 naive
AGTAGTCCAGGGATTG-1,GARQ,D5,0,40,39,2,0.0744158,CD8 memory
AGTAGTCGTCAACATC-1,GARQ,D5,0,40,39,20,0.5099008,Naive B
AGTAGTCGTCTAAACC-1,GARQ,D5,0,40,39,32,0.07129812,MAIT-NKT cells
AGTAGTCGTGTCCTCT-1,GARQ,D5,0,40,39,19,0.0242818,CD56dim CD16bright NK
AGTAGTCTCCGCATAA-1,GARQ,D5,0,40,39,2,0.0044652224,CD4 naive I
AGTAGTCTCTTAGAGC-1,GARQ,D5,0,40,39,38,0.015098214,Neutrophils
AGTCTTTAGGGCTTGA-1,GARQ,D5,0,40,39,32,0.03788519,CD8 memory
AGTCTTTAGTTTAGGA-1,GARQ,D5,0,40,39,2,0.04217434,CD4 memory
AGTCTTTCAAAGCGGT-1,GARQ,D5,0,40,39,36,0.010847807,CD56dim CD16bright NK
AGTCTTTGTAAGTGGC-1,GARQ,D5,0,40,39,16,0.015254617,CD56dim CD16bright NK
AGTCTTTTCAGCATGT-1,GARQ,D5,0,40,39,32,0.010179281,gdT cells
AGTCTTTTCTTGCATT-1,GARQ,D5,0,40,39,2,0.041977167,CD4 memory
AGTGAGGAGCGATGAC-1,GARQ,D5,0,40,39,32,0.039519787,CD8 effector
AGTGAGGCAAAGTGCG-1,GARQ,D5,0,40,39,14,0.050158024,CD8 memory
AGTGAGGCAGGGATTG-1,GARQ,D5,0,40,39,3,0.04079306,NK-T doublets
AGTGAGGTCTCCCTGA-1,GARQ,D5,0,40,39,2,0.069381595,CD4 naive I
AGTGGGAAGTGTTGAA-1,GARQ,D5,0,40,39,32,0.013054013,CD8 effector
AGTGGGAGTCTCATCC-1,GARQ,D5,0,40,39,36,0.11362672,CD56dim CD16bright NK
AGTGGGATCCTGTACC-1,GARQ,D5,0,40,39,8,0.008647203,CD56dim CD16bright NK
AGTGTCAAGATTACCC-1,GARQ,D5,0,40,39,32,0.15269482,NK-T doublets
AGTGTCAAGGTGGGTT-1,GARQ,D5,0,40,39,38,0.056162834,Classical monocytes
AGTGTCAGTGGTAACG-1,GARQ,D5,0,40,39,2,0.121768,MAIT-NKT cells
AGTGTCAGTGGTCCGT-1,GARQ,D5,0,40,39,20,0.4795916,Naive B
AGTGTCATCCAGAAGG-1,GARQ,D5,0,40,39,2,0.019766927,CD4 naive I
AGTTGGTCACTACAGT-1,GARQ,D5,0,40,39,2,0.08557737,CD8 naive
AGTTGGTCAGTTCCCT-1,GARQ,D5,0,40,39,33,0.052019835,CD8 naive
AGTTGGTTCTGCCCTA-1,GARQ,D5,0,40,39,10,0.016877174,CD56dim CD16bright NK
ATAACGCAGTGTACTC-1,GARQ,D5,0,40,39,32,0.033369422,MAIT-NKT cells
ATAACGCCAATTGCTG-1,GARQ,D5,0,40,39,38,0.007312298,Classical monocytes
ATAAGAGGTTCGTTGA-1,GARQ,D5,0,40,39,32,0.007417202,MAIT-NKT cells
ATAGACCAGACAGAGA-1,GARQ,D5,0,40,39,20,0.044125676,T-NK-B cell doublets
ATAGACCAGCAATCTC-1,GARQ,D5,0,40,39,8,0.00064992905,CD56dim CD16bright NK
ATAGACCCAACGCACC-1,GARQ,D5,0,40,39,6,0.018890977,Neutrophils
ATAGACCGTATAGGTA-1,GARQ,D5,0,40,39,36,0.053626537,CD56dim CD16bright NK
ATAGACCGTGTGTGCC-1,GARQ,D5,0,40,39,20,0.62078536,Naive B
ATCACGAGTAGAAGGA-1,GARQ,D5,0,40,39,11,0.042251945,CD56dim CD16bright NK
ATCACGATCCAAACAC-1,GARQ,D5,0,40,39,2,0.043167472,CD4 naive II
ATCACGATCGCCAAAT-1,GARQ,D5,0,40,39,22,0.1889081,Non classical monocytes
ATCATCTAGCCACGCT-1,GARQ,D5,0,40,39,33,0.0338974,CD4 naive I
ATCATCTCAAACGTGG-1,GARQ,D5,0,40,39,36,0.03646469,CD56dim CD16bright NK
ATCATCTCAGGTGCCT-1,GARQ,D5,0,40,39,2,0.069099426,CD4 memory
ATCATCTTCCAATGGT-1,GARQ,D5,0,40,39,10,0.10217404,CD56dim CD16bright NK
ATCATGGCAATGAATG-1,GARQ,D5,0,40,39,2,0.10141945,CD8 memory
ATCATGGCACGACTCG-1,GARQ,D5,0,40,39,38,0.0336802,Neutrophils
ATCATGGCATGAAGTA-1,GARQ,D5,0,40,39,10,0.048466682,CD56dim CD16bright NK
ATCATGGTCACTCTTA-1,GARQ,D5,0,40,39,37,0.0041730404,Classical monocytes
ATCATGGTCTTCGGTC-1,GARQ,D5,0,40,39,2,0.094454885,CD8 memory
ATCCACCAGCACGCCT-1,GARQ,D5,0,40,39,2,0.033483267,CD8 naive
ATCCACCCAAGCCTAT-1,GARQ,D5,0,40,39,19,0.016390562,CD56dim CD16bright NK
ATCCACCTCGCGCCAA-1,GARQ,D5,0,40,39,2,0.17196989,CD8 naive
ATCCGAAAGTACACCT-1,GARQ,D5,0,40,39,2,0.025916338,CD4 naive I
ATCCGAACAGACGCCT-1,GARQ,D5,0,40,39,16,0.07264805,CD56dim CD16bright NK
ATCCGAAGTGCGGTAA-1,GARQ,D5,0,40,39,20,0.2653219,plasmacytoid DC
ATCGAGTAGGGCACTA-1,GARQ,D5,0,40,39,32,0.0695523,CD8 effector
ATCGAGTAGTTGAGTA-1,GARQ,D5,0,40,39,3,0.018361866,CD56dim CD16bright NK
ATCGAGTTCCATGAAC-1,GARQ,D5,0,40,39,10,0.08000493,CD56dim CD16bright NK
ATCTACTAGCTTATCG-1,GARQ,D5,0,40,39,19,0.041660428,CD56dim CD16bright NK
ATCTACTAGGAATCGC-1,GARQ,D5,0,40,39,2,0.01968956,gdT cells
ATCTACTCAATTGCTG-1,GARQ,D5,0,40,39,3,0.00037550926,CD56dim CD16bright NK
ATCTACTCACATGGGA-1,GARQ,D5,0,40,39,38,0.010719538,Classical monocytes
ATCTACTGTGAGGGTT-1,GARQ,D5,0,40,39,33,0.0107626915,CD8 naive
ATCTGCCAGTCTTGCA-1,GARQ,D5,0,40,39,2,0.028743863,CD4 memory
ATCTGCCCACACTGCG-1,GARQ,D5,0,40,39,2,0.032824874,CD4 naive I
ATCTGCCGTCTAGGTT-1,GARQ,D5,0,40,39,10,0.044671655,CD56dim CD16bright NK
ATCTGCCTCACGATGT-1,GARQ,D5,0,40,39,39,0.004899144,CD56dim CD16bright NK
ATCTGCCTCGACCAGC-1,GARQ,D5,0,40,39,33,0.0405066,CD4 naive I
ATGAGGGAGACAAGCC-1,GARQ,D5,0,40,39,16,0.006526947,CD56dim CD16bright NK
ATGAGGGCACGCTTTC-1,GARQ,D5,0,40,39,16,0.019552112,CD56dim CD16bright NK
ATGAGGGCAGCGTAAG-1,GARQ,D5,0,40,39,36,0.011613846,CD56dim CD16bright NK
ATGAGGGCATCACCCT-1,GARQ,D5,0,40,39,2,0.075243235,CD4 memory
ATGAGGGGTAATCACC-1,GARQ,D5,0,40,39,21,0.045973063,Classical monocytes
ATGAGGGGTATAGTAG-1,GARQ,D5,0,40,39,22,0.04956484,Non classical monocytes
ATGAGGGGTCGGCACT-1,GARQ,D5,0,40,39,2,0.086201906,CD4 memory
ATGAGGGGTGTGACCC-1,GARQ,D5,0,40,39,21,0.0043718815,Classical monocytes
ATGCGATCACATGTGT-1,GARQ,D5,0,40,39,33,0.007998228,CD4 naive II
ATGCGATCAGGATCGA-1,GARQ,D5,0,40,39,36,0.020506382,CD56dim CD16bright NK
ATGCGATCAGGCTCAC-1,GARQ,D5,0,40,39,20,0.24887264,T-NK-B cell doublets
ATGCGATGTGAAATCA-1,GARQ,D5,0,40,39,2,0.12594008,CD8 naive
ATGGGAGCAGATGGGT-1,GARQ,D5,0,40,39,38,0.08963776,Neutrophils
ATGGGAGGTCCTCCAT-1,GARQ,D5,0,40,39,21,0.11834121,Neutrophils
ATGGGAGGTGGGTATG-1,GARQ,D5,0,40,39,32,0.027660966,gdT cells
ATGTGTGAGCGTTGCC-1,GARQ,D5,0,40,39,36,0.05075407,CD56dim CD16bright NK
ATGTGTGGTCTCTCTG-1,GARQ,D5,0,40,39,8,0.026416719,CD56dim CD16bright NK
ATGTGTGTCTACTTAC-1,GARQ,D5,0,40,39,8,0.026861668,CD56dim CD16bright NK
ATTACTCAGCTCCTTC-1,GARQ,D5,0,40,39,8,0.042111278,CD56dim CD16bright NK
ATTACTCAGTAACCCT-1,GARQ,D5,0,40,39,33,0.10946965,CD8 naive
ATTACTCCATTGGGCC-1,GARQ,D5,0,40,39,24,0.022266388,CD56bright CD16dim NK
ATTACTCGTAACGTTC-1,GARQ,D5,0,40,39,7,0.08277154,NK-T doublets
ATTACTCGTCATGCAT-1,GARQ,D5,0,40,39,2,0.07889557,CD4 and CD8 activated memory
ATTACTCGTTGGACCC-1,GARQ,D5,0,40,39,2,0.021600485,CD8 effector
ATTACTCGTTTGACTG-1,GARQ,D5,0,40,39,38,0.05997467,Neutrophils
ATTATCCAGACACTAA-1,GARQ,D5,0,40,39,2,0.067320704,CD4 memory
ATTATCCTCAACCATG-1,GARQ,D5,0,40,39,20,0.47074938,Memory B
ATTCTACAGATCCCAT-1,GARQ,D5,0,40,39,22,0.07212365,Non classical monocytes
ATTCTACAGCGTGTCC-1,GARQ,D5,0,40,39,37,0.004792094,Classical monocytes
ATTCTACAGCGTTTAC-1,GARQ,D5,0,40,39,36,0.07622743,CD56dim CD16bright NK
ATTCTACAGTGTGAAT-1,GARQ,D5,0,40,39,32,0.08838117,CD8 effector
ATTCTACCACAGCGTC-1,GARQ,D5,0,40,39,32,0.019757986,gdT cells
ATTGGACAGAGGTACC-1,GARQ,D5,0,40,39,16,0.07995069,CD56bright CD16dim NK
ATTGGACCAATCGGTT-1,GARQ,D5,0,40,39,10,0.15348601,CD56dim CD16bright NK
ATTGGACCATATGGTC-1,GARQ,D5,0,40,39,19,0.054127812,CD56bright CD16dim NK
ATTGGACTCATAACCG-1,GARQ,D5,0,40,39,33,0.0634588,CD4 naive I
ATTGGTGAGTGGGATC-1,GARQ,D5,0,40,39,32,0.039681315,MAIT-NKT cells
ATTGGTGCATCTATGG-1,GARQ,D5,0,40,39,10,0.115279794,CD56dim CD16bright NK
ATTTCTGAGGCTACGA-1,GARQ,D5,0,40,39,25,0.014342546,Non classical monocytes
ATTTCTGCAGCTTCGG-1,GARQ,D5,0,40,39,36,0.08527422,CD56dim CD16bright NK
ATTTCTGGTCGCGGTT-1,GARQ,D5,0,40,39,20,0.24304354,T-NK-B cell doublets
ATTTCTGGTGATGATA-1,GARQ,D5,0,40,39,8,0.0018117428,CD56dim CD16bright NK
ATTTCTGTCGCAGGCT-1,GARQ,D5,0,40,39,20,0.48287153,T-NK-B cell doublets
ATTTCTGTCTGCGGCA-1,GARQ,D5,0,40,39,33,0.007809758,CD4 naive I
CAACCAAAGCTAGTTC-1,GARQ,D5,0,40,39,22,0.0006697178,Classical monocytes
CAACCAAAGGGCTTCC-1,GARQ,D5,0,40,39,1,0.5130399,Erythroid 
CAACCAACAACACCCG-1,GARQ,D5,0,40,39,38,0.010222554,Classical monocytes
CAACCAACAGACGTAG-1,GARQ,D5,0,40,39,6,0.01258111,Classical monocytes
CAACCAAGTTGGAGGT-1,GARQ,D5,0,40,39,20,0.8677975,Naive B
CAACCAATCAGTTGAC-1,GARQ,D5,0,40,39,38,0.031036854,Classical monocytes
CAACCAATCTTCTGGC-1,GARQ,D5,0,40,39,32,0.010814905,CD8 effector
CAACCTCAGAGCTATA-1,GARQ,D5,0,40,39,16,0.16719472,CD56bright CD16dim NK
CAACCTCGTATAATGG-1,GARQ,D5,0,40,39,3,0.007982492,NK-T doublets
CAACCTCGTCTAGGTT-1,GARQ,D5,0,40,39,5,0.035745382,CD4 memory
CAACCTCGTGGTCTCG-1,GARQ,D5,0,40,39,30,0.021532297,CD56dim CD16bright NK
CAACTAGCATAAGACA-1,GARQ,D5,0,40,39,23,0.027030587,MAIT-NKT cells
CAACTAGTCCACGTTC-1,GARQ,D5,0,40,39,32,0.0367918,MAIT-NKT cells
CAACTAGTCTTCGGTC-1,GARQ,D5,0,40,39,38,0.0232718,Platelet-bound monocytes
CAAGAAAAGAAGGTTT-1,GARQ,D5,0,40,39,2,0.092490196,CD4 naive II
CAAGAAAAGAGAGCTC-1,GARQ,D5,0,40,39,38,0.0060806274,Classical monocytes
CAAGAAACAGTACACT-1,GARQ,D5,0,40,39,38,0.026109815,Neutrophils
CAAGAAATCACGAAGG-1,GARQ,D5,0,40,39,6,0.00426054,Classical monocytes
CAAGAAATCGGAGGTA-1,GARQ,D5,0,40,39,11,0.04302752,CD56dim CD16bright NK
CAAGATCAGACTAAGT-1,GARQ,D5,0,40,39,21,0.056346297,Platelets
CAAGATCGTCTCTTTA-1,GARQ,D5,0,40,39,20,0.147344,T-NK-B cell doublets
CAAGATCGTTAAGACA-1,GARQ,D5,0,40,39,2,0.11052227,CD4 naive II
CAAGGCCAGAGTCTGG-1,GARQ,D5,0,40,39,24,0.015005946,CD56bright CD16dim NK
CAAGGCCGTACCTACA-1,GARQ,D5,0,40,39,6,0.039588332,Classical monocytes
CAAGGCCGTGAGTGAC-1,GARQ,D5,0,40,39,20,0.23863721,T-NK-B cell doublets
CAAGGCCTCCAAGCCG-1,GARQ,D5,0,40,39,38,0.0104779005,conventional DC
CAAGGCCTCGATCCCT-1,GARQ,D5,0,40,39,38,0.01239562,Classical monocytes
CAAGGCCTCGGCTTGG-1,GARQ,D5,0,40,39,33,0.09850991,CD8 naive
CAAGTTGTCAGTTGAC-1,GARQ,D5,0,40,39,2,0.015540838,CD8 naive
CAAGTTGTCCCACTTG-1,GARQ,D5,0,40,39,3,0.021973848,CD56dim CD16bright NK
CAAGTTGTCTAACTTC-1,GARQ,D5,0,40,39,2,0.07409954,CD4 naive II
CACAAACCACTTCGAA-1,GARQ,D5,0,40,39,38,0.066498816,NK-monocyte doublets
CACAAACCATTACCTT-1,GARQ,D5,0,40,39,2,0.028494596,CD8 naive
CACAAACGTCCCTACT-1,GARQ,D5,0,40,39,2,0.03547573,CD4 naive I
CACAAACTCGGCTACG-1,GARQ,D5,0,40,39,17,0.10975802,CD56dim CD16bright NK
CACACAAAGAAACGAG-1,GARQ,D5,0,40,39,16,0.083417416,Proliferating T and NK cell
CACACAACATCTCCCA-1,GARQ,D5,0,40,39,3,0.009308696,NK-T doublets
CACACAAGTAAACCTC-1,GARQ,D5,0,40,39,38,0.051798582,Classical monocytes
CACACAATCCCGGATG-1,GARQ,D5,0,40,39,4,0.024825096,MAIT-NKT cells
CACACAATCCGTAGTA-1,GARQ,D5,0,40,39,16,0.080770016,CD56dim CD16bright NK
CACACCTGTTGGTAAA-1,GARQ,D5,0,40,39,19,0.008692741,CD56dim CD16bright NK
CACACTCCACAGACAG-1,GARQ,D5,0,40,39,23,0.05439937,MAIT-NKT cells
CACACTCCAGGTGGAT-1,GARQ,D5,0,40,39,10,0.065001965,CD56dim CD16bright NK
CACACTCCATACGCCG-1,GARQ,D5,0,40,39,38,0.00519228,Classical monocytes
CACACTCGTGTCTGAT-1,GARQ,D5,0,40,39,38,0.020623207,Classical monocytes
CACACTCTCTACCAGA-1,GARQ,D5,0,40,39,1,0.16286194,CD4 memory
CACAGGCAGAGCCTAG-1,GARQ,D5,0,40,39,38,0.123375654,Classical monocytes
CACAGGCAGCTGCCCA-1,GARQ,D5,0,40,39,32,0.049166918,MAIT-NKT cells
CACAGGCTCACAACGT-1,GARQ,D5,0,40,39,22,0.19968462,Non classical monocytes
CACAGGCTCACCATAG-1,GARQ,D5,0,40,39,22,0.15883243,Non classical monocytes
CACAGTATCACCTCGT-1,GARQ,D5,0,40,39,2,0.017514348,CD4 naive I
CACATAGAGCTGAAAT-1,GARQ,D5,0,40,39,20,0.55106103,Naive B
CACATAGGTAGGAGTC-1,GARQ,D5,0,40,39,22,0.07777047,Non classical monocytes
CACATAGGTCTAGAGG-1,GARQ,D5,0,40,39,2,0.03022027,CD4 naive I
CACATAGTCAGCTCTC-1,GARQ,D5,0,40,39,2,0.08882618,CD8 memory
CACATAGTCGCAGGCT-1,GARQ,D5,0,40,39,27,0.042274833,Non classical monocytes
CACATAGTCTTACCTA-1,GARQ,D5,0,40,39,16,0.062283993,CD56dim CD16bright NK
CACATTTAGCACCGCT-1,GARQ,D5,0,40,39,36,0.022068739,CD56bright CD16dim NK
CACATTTAGCCAGGAT-1,GARQ,D5,0,40,39,32,0.05128336,gdT cells
CACATTTCAAGTCTGT-1,GARQ,D5,0,40,39,3,0.09229827,NK-T doublets
CACATTTCAGCTGTAT-1,GARQ,D5,0,40,39,2,0.071849346,CD4 memory
CACATTTTCCCATTTA-1,GARQ,D5,0,40,39,38,0.002910614,NK-monocyte doublets
CACATTTTCGATAGAA-1,GARQ,D5,0,40,39,37,0.002871275,Neutrophils
CACCACTAGTACGCGA-1,GARQ,D5,0,40,39,20,0.36527383,Naive B
CACCACTCACGGTAGA-1,GARQ,D5,0,40,39,0,0.24759245,CD8 effector
CACCACTCACGTCTCT-1,GARQ,D5,0,40,39,22,0.1332457,Non classical monocytes
CACCACTGTCATCGGC-1,GARQ,D5,0,40,39,2,0.08328748,CD4 memory
CACCACTGTTCCATGA-1,GARQ,D5,0,40,39,11,0.0015164614,CD56dim CD16bright NK
CACCACTGTTCGAATC-1,GARQ,D5,0,40,39,32,0.07805824,CD8 effector
CACCACTTCGTGGACC-1,GARQ,D5,0,40,39,8,0.04150808,CD56dim CD16bright NK
CACCAGGAGGATATAC-1,GARQ,D5,0,40,39,39,0.01738143,CD56dim CD16bright NK
CACCAGGCAGGGTATG-1,GARQ,D5,0,40,39,6,0.056601286,Classical monocytes
CACCAGGGTCAGGACA-1,GARQ,D5,0,40,39,4,0.048421383,MAIT-NKT cells
CACCAGGGTTCACCTC-1,GARQ,D5,0,40,39,2,0.21533406,CD4 naive I
CACCAGGTCAGGCGAA-1,GARQ,D5,0,40,39,33,0.020117402,CD8 naive
CACCAGGTCTGCTTGC-1,GARQ,D5,0,40,39,20,0.7587476,Naive B
CACCTTGAGGTGCAAC-1,GARQ,D5,0,40,39,16,0.10214841,CD56dim CD16bright NK
CACCTTGAGTTGTAGA-1,GARQ,D5,0,40,39,38,0.026010871,Classical monocytes
CACCTTGCAACTGCGC-1,GARQ,D5,0,40,39,7,0.007895827,MAIT-NKT cells
CACCTTGCACAAGTAA-1,GARQ,D5,0,40,39,2,0.123575926,CD4 memory
CACCTTGCAGGCTGAA-1,GARQ,D5,0,40,39,2,0.06129384,CD4 memory
CACCTTGCAGGGAGAG-1,GARQ,D5,0,40,39,32,0.0874033,gdT cells
CACCTTGCATTGTGCA-1,GARQ,D5,0,40,39,2,0.18852782,CD4 memory
CACCTTGGTCGAATCT-1,GARQ,D5,0,40,39,5,0.021248698,CD4 memory
CACTCCACATACAGCT-1,GARQ,D5,0,40,39,19,0.0155261755,T-NK-B cell doublets
CACTCCAGTCTGCCAG-1,GARQ,D5,0,40,39,32,0.06675947,gdT cells
CACTCCATCAGTTCGA-1,GARQ,D5,0,40,39,20,0.732931,Naive B
CAGAATCCACATTCGA-1,GARQ,D5,0,40,39,32,0.044415116,gdT cells
CAGAATCGTAGCTGCC-1,GARQ,D5,0,40,39,33,0.08462775,CD8 naive
CAGAATCTCAAGATCC-1,GARQ,D5,0,40,39,32,0.09341562,CD8 effector
CAGAATCTCAGCAACT-1,GARQ,D5,0,40,39,38,0.10395765,Classical monocytes
CAGAATCTCCTCTAGC-1,GARQ,D5,0,40,39,2,0.034032583,CD4 memory
CAGAGAGGTCTTCTCG-1,GARQ,D5,0,40,39,20,0.7122086,Naive B
CAGATCACATGCAACT-1,GARQ,D5,0,40,39,38,0.037788272,NK-monocyte doublets
CAGATCATCTAGAGTC-1,GARQ,D5,0,40,39,22,0.115264654,Non classical monocytes
CAGCAGCCACCAGGCT-1,GARQ,D5,0,40,39,19,0.0113174915,CD56dim CD16bright NK
CAGCAGCCATACAGCT-1,GARQ,D5,0,40,39,9,0.0042278767,CD56dim CD16bright NK
CAGCAGCCATTAGGCT-1,GARQ,D5,0,40,39,8,0.017492175,gdT cells
CAGCAGCCATTTGCTT-1,GARQ,D5,0,40,39,5,0.005329132,CD4 naive I
CAGCAGCGTATTAGCC-1,GARQ,D5,0,40,39,2,0.18673038,CD4 memory
CAGCAGCGTCGCCATG-1,GARQ,D5,0,40,39,20,0.44190156,Naive B
CAGCAGCGTTGATTCG-1,GARQ,D5,0,40,39,2,0.04563117,CD4 memory
CAGCAGCTCCAACCAA-1,GARQ,D5,0,40,39,22,0.029421926,Non classical monocytes
CAGCATAAGACTACAA-1,GARQ,D5,0,40,39,16,0.081339836,CD56dim CD16bright NK
CAGCATATCCACGTGG-1,GARQ,D5,0,40,39,10,0.050281167,CD56dim CD16bright NK
CAGCATATCTCTTGAT-1,GARQ,D5,0,40,39,4,0.10062647,MAIT-NKT cells
CAGCCGACACGAAACG-1,GARQ,D5,0,40,39,6,0.02840364,Classical monocytes
CAGCCGACAGTAACGG-1,GARQ,D5,0,40,39,8,0.030906558,CD56dim CD16bright NK
CAGCGACAGCGTGTCC-1,GARQ,D5,0,40,39,38,0.028027534,Classical monocytes
CAGCGACCAAAGGAAG-1,GARQ,D5,0,40,39,20,0.5112306,Memory B
CAGCGACTCGAGAACG-1,GARQ,D5,0,40,39,19,0.035934567,CD56dim CD16bright NK
CAGCGACTCTCGCTTG-1,GARQ,D5,0,40,39,2,0.049746633,CD4 naive I
CAGCTAAAGCTACCTA-1,GARQ,D5,0,40,39,2,0.040802002,CD8 naive
CAGCTAAAGTACGTAA-1,GARQ,D5,0,40,39,32,0.0013310909,CD8 effector
CAGCTGGGTCGGCATC-1,GARQ,D5,0,40,39,2,0.027953386,CD56bright CD16dim NK
CAGCTGGGTCTCCCTA-1,GARQ,D5,0,40,39,2,0.043291092,CD4 naive I
CAGCTGGGTTATTCTC-1,GARQ,D5,0,40,39,2,0.067344785,CD4 naive I
CAGGTGCCAAGGTTTC-1,GARQ,D5,0,40,39,38,0.09527969,Platelet-bound monocytes
CAGGTGCGTGGCAAAC-1,GARQ,D5,0,40,39,32,0.016848564,MAIT-NKT cells
CAGGTGCTCACTATTC-1,GARQ,D5,0,40,39,38,0.0911777,Neutrophils
CAGGTGCTCAGGCGAA-1,GARQ,D5,0,40,39,36,0.027273417,CD56dim CD16bright NK
CAGTAACCACTGCCAG-1,GARQ,D5,0,40,39,16,0.1503998,CD56dim CD16bright NK
CAGTAACGTACAGCAG-1,GARQ,D5,0,40,39,20,0.49018985,Memory B
CAGTAACGTTAAGATG-1,GARQ,D5,0,40,39,6,0.014222503,Neutrophils
CAGTCCTAGGATGTAT-1,GARQ,D5,0,40,39,20,0.9199226,Naive B
CAGTCCTCAGATGGCA-1,GARQ,D5,0,40,39,1,0.011112332,NK-T doublets
CATATTCAGGGCTCTC-1,GARQ,D5,0,40,39,2,0.027831435,CD4 memory
CATATTCCAAGTTAAG-1,GARQ,D5,0,40,39,24,0.041388392,CD8 effector
CATATTCGTAGAGTGC-1,GARQ,D5,0,40,39,20,0.49910146,Memory B
CATATTCTCCATGAAC-1,GARQ,D5,0,40,39,3,0.0072897673,CD56dim CD16bright NK
CATATTCTCTGGTGTA-1,GARQ,D5,0,40,39,2,0.001418829,CD4 memory
CATCAAGAGTGTACGG-1,GARQ,D5,0,40,39,38,0.046827674,Neutrophils
CATCAAGCAGCAGTTT-1,GARQ,D5,0,40,39,2,0.0025378466,CD4 naive I
CATCAAGCATGGGACA-1,GARQ,D5,0,40,39,2,0.08455706,CD4 naive I
CATCAAGGTCTGATCA-1,GARQ,D5,0,40,39,38,0.06909454,Neutrophils
CATCAAGGTGTAACGG-1,GARQ,D5,0,40,39,2,0.099265575,CD4 memory
CATCAAGGTTAAGAAC-1,GARQ,D5,0,40,39,6,0.017999172,Classical monocytes
CATCAAGTCCGTCATC-1,GARQ,D5,0,40,39,32,0.10136795,MAIT-NKT cells
CATCAGACAAGTAGTA-1,GARQ,D5,0,40,39,32,0.016783595,gdT cells
CATCAGAGTGTAAGTA-1,GARQ,D5,0,40,39,8,0.2307638,CD8 effector
CATCCACAGCCGGTAA-1,GARQ,D5,0,40,39,4,0.042672038,MAIT-NKT cells
CATCCACAGTACGACG-1,GARQ,D5,0,40,39,9,0.077136636,CD56dim CD16bright NK
CATCCACCACACGCTG-1,GARQ,D5,0,40,39,2,0.010543942,CD4 memory
CATCCACCACCAGCAC-1,GARQ,D5,0,40,39,38,0.02454102,NK-monocyte doublets
CATCCACCATATGAGA-1,GARQ,D5,0,40,39,9,0.022045612,CD56dim CD16bright NK
CATCCACCATGCAATC-1,GARQ,D5,0,40,39,33,0.012500405,CD4 naive I
CATCCACGTATAGTAG-1,GARQ,D5,0,40,39,38,0.050359964,Classical monocytes
CATCCACGTTCGTCTC-1,GARQ,D5,0,40,39,38,0.01965034,Classical monocytes
CATCGAAAGAGTGAGA-1,GARQ,D5,0,40,39,2,0.06783199,CD8 memory
CATCGGGCACGCCAGT-1,GARQ,D5,0,40,39,16,0.09295058,CD56dim CD16bright NK
CATCGGGGTCTCTCTG-1,GARQ,D5,0,40,39,19,0.023328066,CD56dim CD16bright NK
CATCGGGGTTTAGGAA-1,GARQ,D5,0,40,39,38,0.09826589,T-NK-B cell doublets
CATGACAAGTATGACA-1,GARQ,D5,0,40,39,23,0.011330366,MAIT-NKT cells
CATGACATCACCTCGT-1,GARQ,D5,0,40,39,10,0.027341485,CD56dim CD16bright NK
CATGACATCTTCCTTC-1,GARQ,D5,0,40,39,36,0.018021464,CD56bright CD16dim NK
CATGCCTCACTAAGTC-1,GARQ,D5,0,40,39,19,0.04363644,CD56dim CD16bright NK
CATGCCTCATTAACCG-1,GARQ,D5,0,40,39,38,0.009562254,Classical monocytes
CATGCCTGTAGTACCT-1,GARQ,D5,0,40,39,16,0.114304185,CD56dim CD16bright NK
CATGCCTGTTTCCACC-1,GARQ,D5,0,40,39,23,0.024363399,MAIT-NKT cells
CATGCCTTCGTCCGTT-1,GARQ,D5,0,40,39,2,0.17008257,CD4 memory
CATGGCGGTACGACCC-1,GARQ,D5,0,40,39,2,0.044638872,CD4 naive I
CATGGCGGTCTTCAAG-1,GARQ,D5,0,40,39,32,0.038168192,CD8 memory
CATGGCGGTGTTCTTT-1,GARQ,D5,0,40,39,2,0.07751334,CD4 memory
CATTATCCACGAAAGC-1,GARQ,D5,0,40,39,10,0.07003689,CD56dim CD16bright NK
CATTATCCACGGACAA-1,GARQ,D5,0,40,39,2,0.024935246,CD4 naive II
CATTATCCAGCGTTCG-1,GARQ,D5,0,40,39,39,0.032580256,CD56dim CD16bright NK
CATTCGCAGCCTATGT-1,GARQ,D5,0,40,39,20,0.5698663,Naive B
CATTCGCCAGTAAGAT-1,GARQ,D5,0,40,39,8,0.017287254,CD8 effector
CATTCGCGTCCTAGCG-1,GARQ,D5,0,40,39,39,0.037222624,CD56dim CD16bright NK
CATTCGCTCACCGTAA-1,GARQ,D5,0,40,39,32,0.20540857,CD8 effector
CCAATCCCAATGGTCT-1,GARQ,D5,0,40,39,2,0.06655145,CD4 naive II
CCAATCCCACCGATAT-1,GARQ,D5,0,40,39,19,0.09616983,CD56dim CD16bright NK
CCACCTAAGGCGATAC-1,GARQ,D5,0,40,39,2,0.11610782,CD4 memory
CCACCTACAGCTTCGG-1,GARQ,D5,0,40,39,1,0.43891978,Erythroid 
CCACCTACAGGGAGAG-1,GARQ,D5,0,40,39,20,0.60649997,Naive B
CCACCTACATGCCACG-1,GARQ,D5,0,40,39,30,0.027760386,CD56dim CD16bright NK
CCACCTACATGCCTTC-1,GARQ,D5,0,40,39,32,0.0051965714,CD8 effector
CCACCTACATTGCGGC-1,GARQ,D5,0,40,39,19,0.009810567,CD56dim CD16bright NK
CCACGGAAGCTAACTC-1,GARQ,D5,0,40,39,6,0.0065511465,Neutrophils
CCACGGAAGTATCTCG-1,GARQ,D5,0,40,39,8,0.006481409,gdT cells
CCACGGAGTACGCACC-1,GARQ,D5,0,40,39,38,0.022051215,Classical monocytes
CCACTACAGGCGTACA-1,GARQ,D5,0,40,39,16,0.13450229,CD56dim CD16bright NK
CCACTACCACGGCTAC-1,GARQ,D5,0,40,39,8,0.064935684,CD56dim CD16bright NK
CCACTACCACTGTGTA-1,GARQ,D5,0,40,39,24,0.01588273,gdT cells
CCACTACGTCGAGATG-1,GARQ,D5,0,40,39,6,0.0048491955,Classical monocytes
CCACTACGTGCCTGTG-1,GARQ,D5,0,40,39,38,0.015038252,Neutrophils
CCACTACTCCAATGGT-1,GARQ,D5,0,40,39,5,0.045071125,CD4 memory
CCAGCGAAGAGGTACC-1,GARQ,D5,0,40,39,2,0.004027009,CD8 naive
CCAGCGACAAGCTGTT-1,GARQ,D5,0,40,39,32,0.12628913,MAIT-NKT cells
CCAGCGAGTATTAGCC-1,GARQ,D5,0,40,39,5,0.0058152676,CD4 memory
CCAGCGATCTGCTGCT-1,GARQ,D5,0,40,39,32,0.024605513,MAIT-NKT cells
CCATGTCAGCTTTGGT-1,GARQ,D5,0,40,39,20,0.47799724,Naive B
CCATGTCCAATCGAAA-1,GARQ,D5,0,40,39,5,0.0071605444,CD4 naive I
CCATGTCGTAGAAGGA-1,GARQ,D5,0,40,39,36,0.04297805,CD56dim CD16bright NK
CCATGTCTCCTGTAGA-1,GARQ,D5,0,40,39,2,0.01559937,CD4 memory
CCATTCGCACTCGACG-1,GARQ,D5,0,40,39,36,0.08122587,CD56dim CD16bright NK
CCATTCGCATTGGGCC-1,GARQ,D5,0,40,39,1,0.45557427,CD4 naive I
CCATTCGGTCAAACTC-1,GARQ,D5,0,40,39,2,0.09288919,CD4 naive I
CCATTCGTCAATCACG-1,GARQ,D5,0,40,39,33,0.056988955,CD8 naive
CCCAATCCACAGCGTC-1,GARQ,D5,0,40,39,32,0.023104787,CD8 memory
CCCAATCCACATCCGG-1,GARQ,D5,0,40,39,2,0.06362009,CD8 naive
CCCAATCCACGGACAA-1,GARQ,D5,0,40,39,20,0.19056058,Naive B
CCCAATCGTCAGGACA-1,GARQ,D5,0,40,39,6,0.06234026,NK-monocyte doublets
CCCAATCTCTTCTGGC-1,GARQ,D5,0,40,39,38,0.0061689615,Classical monocytes
CCCAGTTTCAAAGACA-1,GARQ,D5,0,40,39,32,0.06845188,MAIT-NKT cells
CCCATACCAACTTGAC-1,GARQ,D5,0,40,39,20,0.4602598,Naive B
CCCTCCTAGGCTAGCA-1,GARQ,D5,0,40,39,20,0.5326258,Naive B
CCCTCCTCACAGACTT-1,GARQ,D5,0,40,39,3,0.09024966,NK-T doublets
CCCTCCTCACTCTGTC-1,GARQ,D5,0,40,39,19,0.0007199049,CD56dim CD16bright NK
CCCTCCTGTAAGTGTA-1,GARQ,D5,0,40,39,38,0.03571236,Classical monocytes
CCCTCCTGTGACAAAT-1,GARQ,D5,0,40,39,2,0.04242432,CD4 naive II
CCCTCCTTCGGTGTCG-1,GARQ,D5,0,40,39,2,0.09199929,CD4 naive II
CCGGGATAGCTCAACT-1,GARQ,D5,0,40,39,32,0.02647984,MAIT-NKT cells
CCGGGATAGGCCATAG-1,GARQ,D5,0,40,39,36,0.00016927719,CD56dim CD16bright NK
CCGGGATTCAGAAATG-1,GARQ,D5,0,40,39,2,0.030998588,CD4 memory
CCGGGATTCTAACTTC-1,GARQ,D5,0,40,39,32,0.051818848,CD8 memory
CCGGTAGCACCAGTTA-1,GARQ,D5,0,40,39,38,0.01947081,Classical monocytes
CCGGTAGCACCTTGTC-1,GARQ,D5,0,40,39,36,0.018816471,CD56dim CD16bright NK
CCGGTAGGTCACAAGG-1,GARQ,D5,0,40,39,32,0.13340318,CD8 effector
CCGGTAGGTGTGACGA-1,GARQ,D5,0,40,39,25,0.054243088,Non classical monocytes
CCGGTAGTCCGTTGCT-1,GARQ,D5,0,40,39,6,0.0129003525,Non classical monocytes
CCGTACTCAATGCCAT-1,GARQ,D5,0,40,39,2,0.05556798,CD8 naive
CCGTACTCACAAGACG-1,GARQ,D5,0,40,39,1,0.12409294,CD4 memory
CCGTACTCAGAGCCAA-1,GARQ,D5,0,40,39,22,0.16464043,Non classical monocytes
CCGTACTTCAGTACGT-1,GARQ,D5,0,40,39,2,0.13232648,CD4 naive I
CCGTGGAAGCGTAATA-1,GARQ,D5,0,40,39,2,0.039437294,CD4 naive I
CCGTGGACACAGACAG-1,GARQ,D5,0,40,39,2,0.03434539,CD4 naive I
CCGTGGACACATTAGC-1,GARQ,D5,0,40,39,39,0.06793618,CD56dim CD16bright NK
CCGTGGACAGCCTATA-1,GARQ,D5,0,40,39,2,0.03440988,CD8 naive
CCGTGGAGTATCTGCA-1,GARQ,D5,0,40,39,38,0.030369163,Classical monocytes
CCGTGGATCGAACGGA-1,GARQ,D5,0,40,39,16,0.09447682,CD56dim CD16bright NK
CCGTTCAAGATACACA-1,GARQ,D5,0,40,39,6,0.024767995,Classical monocytes
CCGTTCAAGCCGTCGT-1,GARQ,D5,0,40,39,2,0.058184505,CD4 memory
CCGTTCAGTCAGTGGA-1,GARQ,D5,0,40,39,2,0.14667869,CD4 memory
CCTAAAGCAGGCAGTA-1,GARQ,D5,0,40,39,2,0.054413676,CD8 memory
CCTAAAGTCGCCAGCA-1,GARQ,D5,0,40,39,20,0.11042231,T-NK-B cell doublets
CCTAAAGTCTCGTTTA-1,GARQ,D5,0,40,39,22,0.052655935,Non classical monocytes
CCTACACAGTCACGCC-1,GARQ,D5,0,40,39,38,0.030236363,conventional DC
CCTACACCACTGTTAG-1,GARQ,D5,0,40,39,32,0.11472416,MAIT-NKT cells
CCTACCAGTCAGAATA-1,GARQ,D5,0,40,39,3,0.05324006,gdT cells
CCTACCAGTTCAGACT-1,GARQ,D5,0,40,39,2,0.113375306,CD4 memory
CCTAGCTAGTTAACGA-1,GARQ,D5,0,40,39,2,0.008754492,CD8 naive
CCTAGCTGTTACCGAT-1,GARQ,D5,0,40,39,20,0.48194075,Memory B
CCTAGCTTCAGTTGAC-1,GARQ,D5,0,40,39,36,0.046958923,CD56dim CD16bright NK
CCTAGCTTCGTATCAG-1,GARQ,D5,0,40,39,17,0.007945061,CD56dim CD16bright NK
CCTATTAAGCGACGTA-1,GARQ,D5,0,40,39,25,0.11242485,Non classical monocytes
CCTATTATCGCAAGCC-1,GARQ,D5,0,40,39,18,0.037376642,CD56dim CD16bright NK
CCTCAGTCATCGTCGG-1,GARQ,D5,0,40,39,32,0.11002028,CD8 effector
CCTCAGTCATTCGACA-1,GARQ,D5,0,40,39,11,0.026382565,CD56dim CD16bright NK
CCTCAGTGTCAGGACA-1,GARQ,D5,0,40,39,12,0.099640846,MAIT-NKT cells
CCTCAGTTCCTAGGGC-1,GARQ,D5,0,40,39,6,0.023722768,Classical monocytes
CCTCAGTTCTCAAACG-1,GARQ,D5,0,40,39,23,0.063169956,CD8 memory
CCTCTGACATGTTCCC-1,GARQ,D5,0,40,39,20,0.7044581,Memory B
CCTCTGATCCTGCTTG-1,GARQ,D5,0,40,39,25,0.08176792,Non classical monocytes
CCTTACGAGCGTAATA-1,GARQ,D5,0,40,39,32,0.15971935,CD8 effector
CCTTACGAGCTCAACT-1,GARQ,D5,0,40,39,22,0.08623731,Non classical monocytes
CCTTACGCAAACGCGA-1,GARQ,D5,0,40,39,32,0.060152292,Proliferating T and NK cell
CCTTACGTCCGATATG-1,GARQ,D5,0,40,39,16,0.016317606,CD56dim CD16bright NK
CCTTCCCAGTCCATAC-1,GARQ,D5,0,40,39,39,0.01757431,CD56dim CD16bright NK
CCTTCCCCACAACTGT-1,GARQ,D5,0,40,39,16,0.09554911,CD56dim CD16bright NK
CCTTCCCCACTACAGT-1,GARQ,D5,0,40,39,20,0.57995164,Naive B
CCTTCCCCATAGTAAG-1,GARQ,D5,0,40,39,9,0.047225595,CD56dim CD16bright NK
CCTTCCCGTCTTCGTC-1,GARQ,D5,0,40,39,38,0.03054297,Neutrophils
CCTTCGACAAGTAATG-1,GARQ,D5,0,40,39,6,0.00020074844,Classical monocytes
CCTTCGACAATGGATA-1,GARQ,D5,0,40,39,8,0.01306814,CD8 memory
CCTTCGAGTAATCACC-1,GARQ,D5,0,40,39,20,0.58961344,Naive B
CCTTCGATCACTATTC-1,GARQ,D5,0,40,39,2,0.09757817,CD4 memory
CCTTCGATCATATCGG-1,GARQ,D5,0,40,39,20,0.1939044,T-NK-B cell doublets
CCTTCGATCCACGTGG-1,GARQ,D5,0,40,39,20,0.41842818,Memory B
CCTTTCTAGTAAGTAC-1,GARQ,D5,0,40,39,32,0.0015313625,CD8 memory
CCTTTCTCAAAGGTGC-1,GARQ,D5,0,40,39,32,0.003784895,CD8 memory
CCTTTCTCATACAGCT-1,GARQ,D5,0,40,39,16,0.027665257,CD56dim CD16bright NK
CCTTTCTGTCGCTTTC-1,GARQ,D5,0,40,39,20,0.5854614,Naive B
CCTTTCTGTTGACGTT-1,GARQ,D5,0,40,39,24,0.10210085,gdT cells
CCTTTCTTCAGTCCCT-1,GARQ,D5,0,40,39,2,0.016635299,CD4 naive II
CCTTTCTTCGTCACGG-1,GARQ,D5,0,40,39,6,0.041359186,Classical monocytes
CGAACATAGACATAAC-1,GARQ,D5,0,40,39,20,0.37831724,Naive B
CGAACATAGGACACCA-1,GARQ,D5,0,40,39,2,0.026201844,CD8 memory
CGAACATAGGCTAGGT-1,GARQ,D5,0,40,39,4,0.037431955,MAIT-NKT cells
CGAACATCACTATCTT-1,GARQ,D5,0,40,39,10,0.08003199,T-NK-B cell doublets
CGAACATCAGATTGCT-1,GARQ,D5,0,40,39,16,0.087534666,CD56dim CD16bright NK
CGAACATTCCGCAGTG-1,GARQ,D5,0,40,39,4,0.015596628,MAIT-NKT cells
CGAACATTCGCTTAGA-1,GARQ,D5,0,40,39,33,0.04439974,CD4 memory
CGAACATTCTGAAAGA-1,GARQ,D5,0,40,39,2,0.008471727,CD4 naive I
CGAATGTCAGGTGGAT-1,GARQ,D5,0,40,39,3,0.02598095,NK-T doublets
CGAATGTGTATGAAAC-1,GARQ,D5,0,40,39,8,0.05506301,gdT cells
CGAATGTGTTCGTCTC-1,GARQ,D5,0,40,39,20,1.1210155,Naive B
CGACCTTAGCAGCCTC-1,GARQ,D5,0,40,39,16,0.18518233,CD56dim CD16bright NK
CGACCTTCACACCGAC-1,GARQ,D5,0,40,39,10,0.12294102,CD56dim CD16bright NK
CGACCTTCATTTGCCC-1,GARQ,D5,0,40,39,2,0.048595667,CD4 naive I
CGACCTTGTAAGTTCC-1,GARQ,D5,0,40,39,20,0.3897252,Plasma cells
CGACCTTTCCAATGGT-1,GARQ,D5,0,40,39,22,0.017361522,Non classical monocytes
CGACCTTTCGGCGCAT-1,GARQ,D5,0,40,39,5,0.012395382,CD8 naive
CGACCTTTCTATCCTA-1,GARQ,D5,0,40,39,22,0.16411257,Non classical monocytes
CGACCTTTCTCCAACC-1,GARQ,D5,0,40,39,6,0.024598598,Classical monocytes
CGACCTTTCTGCGTAA-1,GARQ,D5,0,40,39,16,0.0757463,CD56dim CD16bright NK
CGACTTCAGCGTCTAT-1,GARQ,D5,0,40,39,2,0.032577872,CD4 naive I
CGACTTCGTCGTGGCT-1,GARQ,D5,0,40,39,38,0.037226796,Neutrophils
CGACTTCGTTTCGCTC-1,GARQ,D5,0,40,39,39,0.07159901,CD56dim CD16bright NK
CGACTTCTCACTGGGC-1,GARQ,D5,0,40,39,38,0.0035971403,Classical monocytes
CGAGAAGAGTCATGCT-1,GARQ,D5,0,40,39,33,0.0031837225,CD4 naive II
CGAGAAGTCGTCTGCT-1,GARQ,D5,0,40,39,39,0.0059399605,Proliferating T and NK cell
CGAGCACAGACAGAGA-1,GARQ,D5,0,40,39,9,0.00549531,CD56dim CD16bright NK
CGAGCACCAATCTGCA-1,GARQ,D5,0,40,39,2,0.098756194,CD4 memory
CGAGCACCACGGTAGA-1,GARQ,D5,0,40,39,32,0.010239601,CD56dim CD16bright NK
CGAGCACGTTCTGGTA-1,GARQ,D5,0,40,39,27,0.08203095,Non classical monocytes
CGAGCCACAAAGCAAT-1,GARQ,D5,0,40,39,33,0.023125172,CD4 naive I
CGAGCCACACAGATTC-1,GARQ,D5,0,40,39,36,0.012952685,CD56dim CD16bright NK
CGAGCCAGTAACGTTC-1,GARQ,D5,0,40,39,2,0.17932463,CD4 naive I
CGAGCCAGTATTACCG-1,GARQ,D5,0,40,39,38,0.022116184,Neutrophils
CGAGCCATCCGCATCT-1,GARQ,D5,0,40,39,16,0.14044821,CD56dim CD16bright NK
CGAGCCATCCTGCTTG-1,GARQ,D5,0,40,39,22,0.08633375,Non classical monocytes
CGAGCCATCTATGTGG-1,GARQ,D5,0,40,39,5,0.035189867,CD4 naive I
CGATCGGCAAGTCTAC-1,GARQ,D5,0,40,39,2,0.057118773,CD4 naive I
CGATCGGCACACGCTG-1,GARQ,D5,0,40,39,32,0.14288282,CD8 effector
CGATCGGTCATGGTCA-1,GARQ,D5,0,40,39,32,0.09226036,MAIT-NKT cells
CGATCGGTCCTTTCTC-1,GARQ,D5,0,40,39,38,0.005453348,Neutrophils
CGATGGCAGATTACCC-1,GARQ,D5,0,40,39,2,0.01405251,CD4 naive I
CGATGGCTCAAACCGT-1,GARQ,D5,0,40,39,6,0.015553713,NK-monocyte doublets
CGATGTACATCCTAGA-1,GARQ,D5,0,40,39,20,0.55262244,Naive B
CGATGTAGTCCGTCAG-1,GARQ,D5,0,40,39,6,0.06446302,Classical monocytes
CGATTGACACTGTTAG-1,GARQ,D5,0,40,39,38,0.0031012297,Neutrophils
CGATTGAGTCCGAGTC-1,GARQ,D5,0,40,39,8,0.0053550005,CD56dim CD16bright NK
CGATTGATCATCGGAT-1,GARQ,D5,0,40,39,32,0.07699907,MAIT-NKT cells
CGCCAAGAGAGCCCAA-1,GARQ,D5,0,40,39,38,0.008213043,Classical monocytes
CGCCAAGAGGACGAAA-1,GARQ,D5,0,40,39,16,0.006890297,CD56dim CD16bright NK
CGCCAAGCATAAAGGT-1,GARQ,D5,0,40,39,20,0.48964405,Naive B
CGCGGTACAAGGTTCT-1,GARQ,D5,0,40,39,2,0.045942783,CD4 naive I
CGCGGTAGTATTAGCC-1,GARQ,D5,0,40,39,11,0.01745665,CD56dim CD16bright NK
CGCGGTAGTGCAACGA-1,GARQ,D5,0,40,39,36,0.0022705793,CD56bright CD16dim NK
CGCGGTATCATACGGT-1,GARQ,D5,0,40,39,36,0.07137072,CD56dim CD16bright NK
CGCGTTTAGGCTAGAC-1,GARQ,D5,0,40,39,20,0.65607893,Naive B
CGCGTTTCACAAGACG-1,GARQ,D5,0,40,39,37,0.0066583157,Neutrophils
CGCGTTTGTCATCGGC-1,GARQ,D5,0,40,39,24,0.04460895,gdT cells
CGCGTTTGTCTGGTCG-1,GARQ,D5,0,40,39,2,0.044714093,CD4 naive I
CGCTATCCACAGAGGT-1,GARQ,D5,0,40,39,32,0.051074266,MAIT-NKT cells
CGCTGGAAGCCCGAAA-1,GARQ,D5,0,40,39,2,0.0358603,CD4 naive I
CGCTGGACACATGACT-1,GARQ,D5,0,40,39,33,0.024284124,CD4 naive I
CGCTGGAGTACAGCAG-1,GARQ,D5,0,40,39,19,0.044748306,CD56dim CD16bright NK
CGCTGGAGTACATCCA-1,GARQ,D5,0,40,39,38,0.0019429922,Classical monocytes
CGCTGGATCCCGGATG-1,GARQ,D5,0,40,39,22,0.04074192,Non classical monocytes
CGCTTCACAGTACACT-1,GARQ,D5,0,40,39,33,0.025280952,CD8 naive
CGCTTCATCGTGGACC-1,GARQ,D5,0,40,39,22,0.13562715,Non classical monocytes
CGGACACAGAGTAAGG-1,GARQ,D5,0,40,39,20,0.7548368,Naive B
CGGACACCACTGCCAG-1,GARQ,D5,0,40,39,32,0.05789554,CD8 memory
CGGACACGTCAACATC-1,GARQ,D5,0,40,39,16,0.03167355,CD56dim CD16bright NK
CGGACACGTCCAAGTT-1,GARQ,D5,0,40,39,2,0.069830775,CD8 memory
CGGACACGTCCGTTAA-1,GARQ,D5,0,40,39,32,0.06775999,gdT cells
CGGACACTCTGACCTC-1,GARQ,D5,0,40,39,6,0.009066582,NK-monocyte doublets
CGGACGTAGGACAGAA-1,GARQ,D5,0,40,39,6,0.04701519,NK-monocyte doublets
CGGACGTCAGTGGAGT-1,GARQ,D5,0,40,39,16,0.008234739,CD8 effector
CGGACGTGTCCAACTA-1,GARQ,D5,0,40,39,38,0.006708145,Neutrophils
CGGACTGGTAAGCACG-1,GARQ,D5,0,40,39,2,0.11867964,CD4 naive I
CGGACTGGTTCGTTGA-1,GARQ,D5,0,40,39,22,0.23983467,Non classical monocytes
CGGACTGTCAAGAAGT-1,GARQ,D5,0,40,39,10,0.01467061,CD56dim CD16bright NK
CGGAGCTAGAGTCTGG-1,GARQ,D5,0,40,39,9,0.03671384,CD56dim CD16bright NK
CGGAGCTAGCCGGTAA-1,GARQ,D5,0,40,39,2,0.036108732,CD4 naive I
CGGAGCTCAACGATCT-1,GARQ,D5,0,40,39,2,0.023155093,CD4 naive I
CGGAGCTCACGAAAGC-1,GARQ,D5,0,40,39,32,0.008584499,gdT cells
CGGAGTCCACAGAGGT-1,GARQ,D5,0,40,39,20,0.5128147,Naive B
CGGAGTCCACTTAACG-1,GARQ,D5,0,40,39,2,0.034676433,CD8 naive
CGGAGTCCATCGACGC-1,GARQ,D5,0,40,39,1,0.11609697,CD4 memory
CGGAGTCGTTCGCTAA-1,GARQ,D5,0,40,39,16,0.0318501,CD56dim CD16bright NK
CGGAGTCTCTATCGCC-1,GARQ,D5,0,40,39,20,0.6038066,Naive B
CGGCTAGCAACAACCT-1,GARQ,D5,0,40,39,38,0.006650448,Platelet-bound monocytes
CGGCTAGCACTAAGTC-1,GARQ,D5,0,40,39,39,0.06968212,CD56dim CD16bright NK
CGGCTAGGTACGAAAT-1,GARQ,D5,0,40,39,27,0.017341137,CD4 memory
CGGCTAGTCACTATTC-1,GARQ,D5,0,40,39,22,0.003998518,Non classical monocytes
CGGCTAGTCAGTCAGT-1,GARQ,D5,0,40,39,5,0.0023813248,CD8 naive
CGGGTCAAGCCGTCGT-1,GARQ,D5,0,40,39,38,0.0263232,Classical monocytes
CGGGTCAAGGGTCGAT-1,GARQ,D5,0,40,39,6,0.013777971,Neutrophils
CGGGTCACATTTGCTT-1,GARQ,D5,0,40,39,32,0.042090416,gdT cells
CGGGTCAGTCTCTCGT-1,GARQ,D5,0,40,39,20,0.48839068,Naive B
CGGGTCAGTGTAACGG-1,GARQ,D5,0,40,39,20,0.55503166,Naive B
CGGTTAAAGGACTGGT-1,GARQ,D5,0,40,39,22,0.21382618,Non classical monocytes
CGGTTAAAGTAGGTGC-1,GARQ,D5,0,40,39,20,0.3106367,Naive B
CGGTTAACAATGTTGC-1,GARQ,D5,0,40,39,38,0.0350461,conventional DC
CGGTTAATCGGTGTTA-1,GARQ,D5,0,40,39,33,0.075098515,CD4 naive I
CGTAGCGAGACGCACA-1,GARQ,D5,0,40,39,39,0.121079445,CD56dim CD16bright NK
CGTAGCGAGAGGGATA-1,GARQ,D5,0,40,39,24,0.0481416,gdT cells
CGTAGCGAGATCACGG-1,GARQ,D5,0,40,39,2,0.03008759,CD4 memory
CGTAGCGAGTGCAAGC-1,GARQ,D5,0,40,39,2,0.019257665,CD8 naive
CGTAGCGGTCCGTGAC-1,GARQ,D5,0,40,39,38,0.121846676,Classical monocytes
CGTAGGCAGCGTAGTG-1,GARQ,D5,0,40,39,37,0.0027903318,Classical monocytes
CGTAGGCCAAAGGTGC-1,GARQ,D5,0,40,39,3,0.0036497116,CD56dim CD16bright NK
CGTAGGCGTGAGTATA-1,GARQ,D5,0,40,39,2,0.107299805,CD4 memory
CGTAGGCGTGCTTCTC-1,GARQ,D5,0,40,39,6,0.032302976,Neutrophils
CGTCACTAGGCCATAG-1,GARQ,D5,0,40,39,6,0.011590958,Classical monocytes
CGTCACTCATAAGACA-1,GARQ,D5,0,40,39,32,0.03631091,MAIT-NKT cells
CGTCACTCATATGCTG-1,GARQ,D5,0,40,39,22,0.010481238,Non classical monocytes
CGTCACTGTCTAGAGG-1,GARQ,D5,0,40,39,2,0.05435753,CD4 naive I
CGTCACTGTGAGCGAT-1,GARQ,D5,0,40,39,32,0.027730227,NK-T doublets
CGTCACTTCTAACGGT-1,GARQ,D5,0,40,39,19,0.04734385,CD56dim CD16bright NK
CGTCAGGAGAACTCGG-1,GARQ,D5,0,40,39,8,0.07340896,CD8 effector
CGTCAGGAGATCCCGC-1,GARQ,D5,0,40,39,38,0.011484623,Classical monocytes
CGTCAGGAGATGGGTC-1,GARQ,D5,0,40,39,10,0.039699554,CD56dim CD16bright NK
CGTCAGGCAACTGCTA-1,GARQ,D5,0,40,39,22,0.1254611,Non classical monocytes
CGTCAGGCAGTAACGG-1,GARQ,D5,0,40,39,2,0.119306326,CD4 memory
CGTCAGGGTACCGGCT-1,GARQ,D5,0,40,39,32,0.0331403,CD8 effector
CGTCAGGGTGTTCGAT-1,GARQ,D5,0,40,39,33,0.021621823,CD8 memory
CGTCAGGTCCCTAATT-1,GARQ,D5,0,40,39,10,0.10324097,CD56dim CD16bright NK
CGTCCATCAAATCCGT-1,GARQ,D5,0,40,39,20,0.47191274,Naive B
CGTCCATCAGGAACGT-1,GARQ,D5,0,40,39,32,0.015279174,CD56bright CD16dim NK
CGTCCATTCATACGGT-1,GARQ,D5,0,40,39,32,0.00775826,CD8 effector
CGTCTACAGGCTATCT-1,GARQ,D5,0,40,39,2,0.040904045,CD4 naive I
CGTCTACCACCAGGCT-1,GARQ,D5,0,40,39,2,0.110732555,CD4 naive I
CGTCTACGTAAGGGAA-1,GARQ,D5,0,40,39,1,0.2756461,Erythroid 
CGTCTACGTGATAAAC-1,GARQ,D5,0,40,39,2,0.10763848,CD4 memory
CGTGAGCAGATATGCA-1,GARQ,D5,0,40,39,30,0.003558278,CD56dim CD16bright NK
CGTGAGCGTTCAGGCC-1,GARQ,D5,0,40,39,25,0.09508169,Non classical monocytes
CGTGTAAAGCGTGTCC-1,GARQ,D5,0,40,39,22,0.121376514,Non classical monocytes
CGTGTAAGTGTTCTTT-1,GARQ,D5,0,40,39,5,0.015476108,CD4 naive II
CGTGTAATCCACTCCA-1,GARQ,D5,0,40,39,8,0.04826188,gdT cells
CGTGTCTGTAATAGCA-1,GARQ,D5,0,40,39,25,0.06636822,Non classical monocytes
CGTTAGAAGAGGTTGC-1,GARQ,D5,0,40,39,6,0.03276944,NK-monocyte doublets
CGTTAGAAGGACTGGT-1,GARQ,D5,0,40,39,22,0.059376,conventional DC
CGTTAGACATCACGAT-1,GARQ,D5,0,40,39,20,0.5214492,Naive B
CGTTAGAGTTGTCTTT-1,GARQ,D5,0,40,39,8,0.0015392303,CD8 effector
CGTTAGATCTGGTTCC-1,GARQ,D5,0,40,39,2,0.08195639,CD4 naive I
CGTTCTGAGTGAACAT-1,GARQ,D5,0,40,39,36,0.003365457,CD56dim CD16bright NK
CGTTCTGCAGATCTGT-1,GARQ,D5,0,40,39,33,0.11448717,CD8 naive
CGTTGGGAGATCACGG-1,GARQ,D5,0,40,39,32,0.060811162,CD8 effector
CGTTGGGAGTCGAGTG-1,GARQ,D5,0,40,39,25,0.02429378,conventional DC
CGTTGGGAGTTCGATC-1,GARQ,D5,0,40,39,6,0.019420147,Classical monocytes
CGTTGGGCAATGTTGC-1,GARQ,D5,0,40,39,20,0.15509695,Plasma cells
CGTTGGGGTATCGCAT-1,GARQ,D5,0,40,39,16,0.028874755,CD56dim CD16bright NK
CTAACTTTCGGAAACG-1,GARQ,D5,0,40,39,2,0.10802722,MAIT-NKT cells
CTAAGACGTCGCCATG-1,GARQ,D5,0,40,39,30,0.031953216,CD56bright CD16dim NK
CTAATGGCACGGATAG-1,GARQ,D5,0,40,39,32,0.08849418,gdT cells
CTAATGGGTAAATGAC-1,GARQ,D5,0,40,39,39,0.04316151,CD56dim CD16bright NK
CTAATGGTCCAACCAA-1,GARQ,D5,0,40,39,6,0.076898575,Classical monocytes
CTAATGGTCTAAGCCA-1,GARQ,D5,0,40,39,2,0.011461377,CD4 memory
CTAATGGTCTCTAGGA-1,GARQ,D5,0,40,39,3,0.07117212,NK-T doublets
CTACACCAGCCACCTG-1,GARQ,D5,0,40,39,32,0.024278522,CD8 effector
CTACACCAGTTAACGA-1,GARQ,D5,0,40,39,38,0.028817654,Classical monocytes
CTACATTCATCCTTGC-1,GARQ,D5,0,40,39,2,0.13935721,CD4 memory
CTACATTGTTCCCTTG-1,GARQ,D5,0,40,39,23,7.212162e-05,CD8 memory
CTACATTTCTCGGACG-1,GARQ,D5,0,40,39,32,0.08283186,gdT cells
CTACCCAAGTGGCACA-1,GARQ,D5,0,40,39,14,0.05128026,CD4 and CD8 activated memory
CTACCCACACAGACAG-1,GARQ,D5,0,40,39,9,0.06810486,CD56dim CD16bright NK
CTACCCAGTCGAGATG-1,GARQ,D5,0,40,39,6,0.064798,NK-monocyte doublets
CTACCCATCCACGACG-1,GARQ,D5,0,40,39,10,0.07800031,CD56dim CD16bright NK
CTACGTCCACACATGT-1,GARQ,D5,0,40,39,38,0.046984553,T-NK-B cell doublets
CTACGTCCAGACGCTC-1,GARQ,D5,0,40,39,33,0.031320572,CD8 naive
CTACGTCCATGCTGGC-1,GARQ,D5,0,40,39,2,0.008275747,CD4 naive I
CTACGTCGTAAAGTCA-1,GARQ,D5,0,40,39,16,0.03324902,CD56dim CD16bright NK
CTAGAGTAGGCCCTCA-1,GARQ,D5,0,40,39,32,0.059179664,MAIT-NKT cells
CTAGAGTCAAATACAG-1,GARQ,D5,0,40,39,30,0.01983571,CD56dim CD16bright NK
CTAGAGTGTGTTAAGA-1,GARQ,D5,0,40,39,2,0.017940283,CD8 naive
CTAGAGTTCCAGTAGT-1,GARQ,D5,0,40,39,32,0.008937478,CD8 effector
CTAGAGTTCTTATCTG-1,GARQ,D5,0,40,39,22,0.03450185,NK-monocyte doublets
CTAGCCTAGACACTAA-1,GARQ,D5,0,40,39,6,0.026386261,Non classical monocytes
CTAGCCTAGTAGCCGA-1,GARQ,D5,0,40,39,25,0.05899775,Non classical monocytes
CTAGCCTGTGATGTCT-1,GARQ,D5,0,40,39,2,0.04329467,CD8 memory
CTAGCCTTCTAAGCCA-1,GARQ,D5,0,40,39,38,0.069505095,Classical monocytes
CTAGCCTTCTCTGAGA-1,GARQ,D5,0,40,39,38,0.059016943,Classical monocytes
CTAGTGAAGCCGGTAA-1,GARQ,D5,0,40,39,20,0.55946195,Naive B
CTAGTGATCTCTGAGA-1,GARQ,D5,0,40,39,16,0.032135367,CD56dim CD16bright NK
CTCACACAGACGCTTT-1,GARQ,D5,0,40,39,39,0.04663694,CD56dim CD16bright NK
CTCACACTCATATCGG-1,GARQ,D5,0,40,39,32,0.060491323,gdT cells
CTCACACTCGTCCAGG-1,GARQ,D5,0,40,39,6,0.014677167,Non classical monocytes
CTCAGAAAGAGTGAGA-1,GARQ,D5,0,40,39,38,0.08791244,conventional DC
CTCAGAAGTGCACTTA-1,GARQ,D5,0,40,39,38,0.036627293,conventional DC
CTCAGAATCAACCAAC-1,GARQ,D5,0,40,39,32,0.066081285,CD8 effector
CTCAGAATCGTTACGA-1,GARQ,D5,0,40,39,2,0.014151335,CD4 memory
CTCATTAAGACGCTTT-1,GARQ,D5,0,40,39,5,0.014015198,CD4 memory
CTCATTAAGTCAAGGC-1,GARQ,D5,0,40,39,16,0.06603664,CD56dim CD16bright NK
CTCATTACACATTCGA-1,GARQ,D5,0,40,39,17,0.019967914,CD56dim CD16bright NK
CTCATTAGTTAAGGGC-1,GARQ,D5,0,40,39,6,0.07648003,NK-monocyte doublets
CTCATTATCAACACTG-1,GARQ,D5,0,40,39,6,0.01928389,conventional DC
CTCATTATCAGCACAT-1,GARQ,D5,0,40,39,20,0.10382712,T-NK-B cell doublets
CTCATTATCCTAGAAC-1,GARQ,D5,0,40,39,32,0.0548923,CD8 effector
CTCCTAGAGAAACCTA-1,GARQ,D5,0,40,39,6,0.030970335,Classical monocytes
CTCCTAGAGACTAGGC-1,GARQ,D5,0,40,39,8,0.06593752,CD56dim CD16bright NK
CTCCTAGCAAGGACTG-1,GARQ,D5,0,40,39,16,0.062019706,CD8 effector
CTCCTAGCACGCGAAA-1,GARQ,D5,0,40,39,33,0.023548603,CD4 naive II
CTCCTAGCAGATGGGT-1,GARQ,D5,0,40,39,38,0.104460955,T-NK-B cell doublets
CTCCTAGCAGCATGAG-1,GARQ,D5,0,40,39,2,0.04632926,CD4 memory
CTCCTAGGTACTCAAC-1,GARQ,D5,0,40,39,2,0.046518445,CD4 naive II
CTCGAAAAGCGTGAAC-1,GARQ,D5,0,40,39,2,0.12665021,CD4 naive I
CTCGAAACAAGCCGTC-1,GARQ,D5,0,40,39,2,0.053912282,CD8 memory
CTCGAAACAATTCCTT-1,GARQ,D5,0,40,39,22,0.24159408,Non classical monocytes
CTCGAAACAGCGAACA-1,GARQ,D5,0,40,39,1,0.37957418,CD4 naive I
CTCGAAAGTGACGGTA-1,GARQ,D5,0,40,39,8,0.08073449,CD8 effector
CTCGAAAGTTCATGGT-1,GARQ,D5,0,40,39,16,0.064694405,CD56dim CD16bright NK
CTCGAGGCACTACAGT-1,GARQ,D5,0,40,39,6,0.047637463,Classical monocytes
CTCGAGGCACTTCGAA-1,GARQ,D5,0,40,39,6,0.01832068,Classical monocytes
CTCGAGGGTGCCTTGG-1,GARQ,D5,0,40,39,10,0.069256544,CD56dim CD16bright NK
CTCGAGGGTTGATTGC-1,GARQ,D5,0,40,39,32,0.10812974,gdT cells
CTCGGAGCAATAACGA-1,GARQ,D5,0,40,39,2,0.11698496,MAIT-NKT cells
CTCGGAGCATCACGAT-1,GARQ,D5,0,40,39,16,0.10901415,CD56bright CD16dim NK
CTCGGAGGTGCCTGTG-1,GARQ,D5,0,40,39,32,0.09195399,CD8 memory
CTCGGGAAGCTCCTCT-1,GARQ,D5,0,40,39,32,0.104114294,gdT cells
CTCGGGACATCCTAGA-1,GARQ,D5,0,40,39,8,0.019906342,CD56dim CD16bright NK
CTCGGGATCAACCAAC-1,GARQ,D5,0,40,39,32,0.09582913,gdT cells
CTCGTACAGCAGCCTC-1,GARQ,D5,0,40,39,2,0.16019368,CD4 naive I
CTCGTACAGCCACGCT-1,GARQ,D5,0,40,39,10,0.046185017,CD56dim CD16bright NK
CTCGTACAGGTGCAAC-1,GARQ,D5,0,40,39,21,0.019956231,NK-monocyte doublets
CTCGTACCAGACGCCT-1,GARQ,D5,0,40,39,2,0.118793845,CD4 naive I
CTCGTACCAGGGAGAG-1,GARQ,D5,0,40,39,20,0.75548065,Naive B
CTCGTACCATGGTAGG-1,GARQ,D5,0,40,39,38,0.0070471764,conventional DC
CTCGTACGTTACGGAG-1,GARQ,D5,0,40,39,38,0.005456686,Classical monocytes
CTCGTACTCCTACAGA-1,GARQ,D5,0,40,39,6,0.028639197,Classical monocytes
CTCGTACTCGCAAGCC-1,GARQ,D5,0,40,39,19,0.10568249,CD56dim CD16bright NK
CTCGTACTCTAACTGG-1,GARQ,D5,0,40,39,11,0.052506924,CD56dim CD16bright NK
CTCGTCACATTAGGCT-1,GARQ,D5,0,40,39,11,0.037520885,CD56dim CD16bright NK
CTCGTCAGTACAGTTC-1,GARQ,D5,0,40,39,16,0.06850219,CD56dim CD16bright NK
CTCGTCATCTCTGAGA-1,GARQ,D5,0,40,39,6,0.05071771,Classical monocytes
CTCTAATAGTCCCACG-1,GARQ,D5,0,40,39,16,0.0029137135,CD56dim CD16bright NK
CTCTAATCACGGTGTC-1,GARQ,D5,0,40,39,2,0.115326166,CD4 naive II
CTCTAATCATCATCCC-1,GARQ,D5,0,40,39,32,0.118608475,CD8 memory
CTCTAATGTAGGAGTC-1,GARQ,D5,0,40,39,36,0.014478445,CD56dim CD16bright NK
CTCTAATGTCATGCCG-1,GARQ,D5,0,40,39,21,0.0006701946,Classical monocytes
CTCTACGAGCGATGAC-1,GARQ,D5,0,40,39,2,0.0072466135,CD4 memory
CTCTACGAGCGCTTAT-1,GARQ,D5,0,40,39,8,0.020712018,CD56dim CD16bright NK
CTCTACGAGGTGACCA-1,GARQ,D5,0,40,39,20,0.5293255,Memory B
CTCTACGAGTACGCGA-1,GARQ,D5,0,40,39,32,0.03604555,MAIT-NKT cells
CTCTACGAGTTTAGGA-1,GARQ,D5,0,40,39,16,0.022287846,CD8 effector
CTCTACGCACCAACCG-1,GARQ,D5,0,40,39,11,0.059393644,CD56dim CD16bright NK
CTCTACGGTGACTACT-1,GARQ,D5,0,40,39,8,0.051688194,CD8 effector
CTCTACGTCACGCGGT-1,GARQ,D5,0,40,39,32,0.03880596,gdT cells
CTCTGGTAGCACAGGT-1,GARQ,D5,0,40,39,8,0.060001194,gdT cells
CTCTGGTCAAGGGTCA-1,GARQ,D5,0,40,39,23,0.029267311,MAIT-NKT cells
CTCTGGTCACGTCTCT-1,GARQ,D5,0,40,39,4,0.015966535,MAIT-NKT cells
CTCTGGTGTCACACGC-1,GARQ,D5,0,40,39,23,0.032379508,MAIT-NKT cells
CTCTGGTGTGCATCTA-1,GARQ,D5,0,40,39,32,0.004366994,CD8 effector
CTCTGGTTCCGCGTTT-1,GARQ,D5,0,40,39,11,0.04478973,CD56dim CD16bright NK
CTGAAACAGCTGAAAT-1,GARQ,D5,0,40,39,22,0.14846206,Non classical monocytes
CTGAAACCATGAGCGA-1,GARQ,D5,0,40,39,2,0.103767276,CD4 and CD8 activated memory
CTGAAACGTGTTAAGA-1,GARQ,D5,0,40,39,6,0.050153375,Classical monocytes
CTGAAGTCAGCGTCCA-1,GARQ,D5,0,40,39,10,0.036837637,CD8 effector
CTGAAGTCATGGATGG-1,GARQ,D5,0,40,39,32,0.08484578,MAIT-NKT cells
CTGAAGTGTCCAAGTT-1,GARQ,D5,0,40,39,2,0.03889191,CD4 naive II
CTGAAGTTCCACGAAT-1,GARQ,D5,0,40,39,20,0.4606142,Memory B
CTGAAGTTCCCTGACT-1,GARQ,D5,0,40,39,38,0.09582782,conventional DC
CTGAAGTTCCTTCAAT-1,GARQ,D5,0,40,39,2,0.08213496,CD4 naive II
CTGATAGAGGAGCGAG-1,GARQ,D5,0,40,39,25,0.12059021,Non classical monocytes
CTGATAGGTGCACGAA-1,GARQ,D5,0,40,39,20,0.7742386,Naive B
CTGATCCAGCTGCAAG-1,GARQ,D5,0,40,39,25,0.015500784,Non classical monocytes
CTGATCCCAGCTGTTA-1,GARQ,D5,0,40,39,20,0.20372522,T-NK-B cell doublets
CTGATCCCATCCTTGC-1,GARQ,D5,0,40,39,38,0.018883228,Classical monocytes
CTGATCCCATTTGCTT-1,GARQ,D5,0,40,39,16,0.02369523,CD56dim CD16bright NK
CTGATCCTCCCATTTA-1,GARQ,D5,0,40,39,27,0.037035704,CD4 memory
CTGATCCTCGGAGGTA-1,GARQ,D5,0,40,39,1,0.2983358,CD4 naive I
CTGCCTAAGAGACGAA-1,GARQ,D5,0,40,39,6,0.050215006,Classical monocytes
CTGCCTAAGATCCGAG-1,GARQ,D5,0,40,39,16,0.15514612,CD56dim CD16bright NK
CTGCCTAAGCGTCTAT-1,GARQ,D5,0,40,39,20,0.20129502,plasmacytoid DC
CTGCCTAAGGCTAGGT-1,GARQ,D5,0,40,39,6,0.007221222,Classical monocytes
CTGCCTACATACAGCT-1,GARQ,D5,0,40,39,20,0.24513817,T-NK-B cell doublets
CTGCCTACATCGGGTC-1,GARQ,D5,0,40,39,6,0.010477662,Classical monocytes
CTGCCTAGTTGTTTGG-1,GARQ,D5,0,40,39,2,0.015329123,CD8 memory
CTGCGGAAGTGTGGCA-1,GARQ,D5,0,40,39,38,0.004740596,Classical monocytes
CTGCTGTAGAACAATC-1,GARQ,D5,0,40,39,6,0.07263541,Non classical monocytes
CTGCTGTGTATGAAAC-1,GARQ,D5,0,40,39,8,0.047693133,CD56dim CD16bright NK
CTGCTGTTCATCGGAT-1,GARQ,D5,0,40,39,22,0.1303972,Non classical monocytes
CTGCTGTTCGACCAGC-1,GARQ,D5,0,40,39,36,0.038451433,CD56dim CD16bright NK
CTGGTCTAGACTTGAA-1,GARQ,D5,0,40,39,32,0.19200885,CD8 effector
CTGGTCTCAAGTCTAC-1,GARQ,D5,0,40,39,2,0.046274662,CD4 naive I
CTGGTCTCAAGTTAAG-1,GARQ,D5,0,40,39,22,0.17460907,Non classical monocytes
CTGGTCTTCTCGAGTA-1,GARQ,D5,0,40,39,38,0.023693204,T-NK-B cell doublets
CTGTGCTAGAGCCTAG-1,GARQ,D5,0,40,39,32,0.141191,CD8 effector
CTGTGCTAGTTCGCGC-1,GARQ,D5,0,40,39,2,0.06416345,CD4 memory
CTGTGCTCACAACGCC-1,GARQ,D5,0,40,39,39,0.020777225,CD56dim CD16bright NK
CTGTGCTGTCTCTTTA-1,GARQ,D5,0,40,39,2,0.10628843,CD4 memory
CTGTTTAAGACAATAC-1,GARQ,D5,0,40,39,6,0.033007026,Classical monocytes
CTGTTTAAGATCTGCT-1,GARQ,D5,0,40,39,8,0.10319412,gdT cells
CTGTTTAAGATGAGAG-1,GARQ,D5,0,40,39,16,0.016996503,CD56dim CD16bright NK
CTGTTTAAGGGCTTCC-1,GARQ,D5,0,40,39,16,0.06108129,CD56dim CD16bright NK
CTGTTTAAGGTGACCA-1,GARQ,D5,0,40,39,24,0.024180293,CD56bright CD16dim NK
CTGTTTACAGCAGTTT-1,GARQ,D5,0,40,39,34,0.07662177,Proliferating T and NK cell
CTGTTTAGTACCGTAT-1,GARQ,D5,0,40,39,30,0.047697783,CD56dim CD16bright NK
CTGTTTATCTAACCGA-1,GARQ,D5,0,40,39,16,0.10361004,CD56dim CD16bright NK
CTTAACTAGACAATAC-1,GARQ,D5,0,40,39,10,0.06560838,CD56dim CD16bright NK
CTTAACTAGCCAACAG-1,GARQ,D5,0,40,39,16,0.09864819,CD56dim CD16bright NK
CTTAACTAGCGATGAC-1,GARQ,D5,0,40,39,16,0.05677879,CD56dim CD16bright NK
CTTAACTCAACACGCC-1,GARQ,D5,0,40,39,25,0.025011063,Non classical monocytes
CTTAACTCAATCCGAT-1,GARQ,D5,0,40,39,16,0.03968799,CD56dim CD16bright NK
CTTAACTCACGAAATA-1,GARQ,D5,0,40,39,20,0.50316715,Naive B
CTTAACTGTCATCGGC-1,GARQ,D5,0,40,39,2,0.0765996,CD4 naive I
CTTAACTTCAAACCAC-1,GARQ,D5,0,40,39,1,0.20571148,CD4 naive I
CTTAACTTCAAGGCTT-1,GARQ,D5,0,40,39,2,0.08876872,CD4 memory
CTTACCGCACCAGATT-1,GARQ,D5,0,40,39,38,0.039866924,T-NK-B cell doublets
CTTACCGGTAGGGACT-1,GARQ,D5,0,40,39,10,0.07575035,CD56dim CD16bright NK
CTTACCGTCCTAAGTG-1,GARQ,D5,0,40,39,33,0.013990998,CD4 memory
CTTAGGACACATGGGA-1,GARQ,D5,0,40,39,6,0.03680992,Classical monocytes
CTTAGGAGTCTCCCTA-1,GARQ,D5,0,40,39,22,0.2710172,Non classical monocytes
CTTAGGATCACATACG-1,GARQ,D5,0,40,39,32,0.077123284,MAIT-NKT cells
CTTCTCTCAACGATCT-1,GARQ,D5,0,40,39,32,0.09673166,CD8 effector
CTTCTCTGTAGCGCAA-1,GARQ,D5,0,40,39,2,0.049521685,CD4 naive II
CTTCTCTGTCCGTTAA-1,GARQ,D5,0,40,39,38,0.022935152,Classical monocytes
CTTGGCTAGGAATCGC-1,GARQ,D5,0,40,39,23,0.021585941,MAIT-NKT cells
CTTGGCTAGTGTGAAT-1,GARQ,D5,0,40,39,36,0.055763006,CD56dim CD16bright NK
CTTGGCTCAACTTGAC-1,GARQ,D5,0,40,39,11,0.010034561,CD56dim CD16bright NK
CTTGGCTTCACCAGGC-1,GARQ,D5,0,40,39,20,0.6683986,Memory B
CTTTGCGAGGCCGAAT-1,GARQ,D5,0,40,39,10,0.05846286,CD56dim CD16bright NK
CTTTGCGCAAATACAG-1,GARQ,D5,0,40,39,3,0.0032937527,NK-T doublets
CTTTGCGTCTCGTATT-1,GARQ,D5,0,40,39,22,0.1555419,Non classical monocytes
GAAACTCTCTCATTCA-1,GARQ,D5,0,40,39,38,0.020812035,conventional DC
GAACATCAGCGCCTCA-1,GARQ,D5,0,40,39,33,0.0522213,CD4 naive I
GAACATCCATAGTAAG-1,GARQ,D5,0,40,39,23,0.051534772,MAIT-NKT cells
GAACATCGTCCAACTA-1,GARQ,D5,0,40,39,8,0.0045809746,CD56dim CD16bright NK
GAACATCGTTGTACAC-1,GARQ,D5,0,40,39,16,0.07602918,CD56dim CD16bright NK
GAACCTAAGTCTTGCA-1,GARQ,D5,0,40,39,10,0.0324589,CD56dim CD16bright NK
GAACCTACATGAACCT-1,GARQ,D5,0,40,39,38,0.007982969,Neutrophils
GAACCTATCACCCTCA-1,GARQ,D5,0,40,39,20,0.44355136,Naive B
GAACGGAAGAGATGAG-1,GARQ,D5,0,40,39,9,0.026970029,plasmacytoid DC
GAACGGACACGTTGGC-1,GARQ,D5,0,40,39,2,0.13269281,CD4 naive I
GAACGGACAGCCTTTC-1,GARQ,D5,0,40,39,2,0.020935178,CD4 naive I
GAACGGACAGTGAGTG-1,GARQ,D5,0,40,39,16,0.07191622,CD56bright CD16dim NK
GAAGCAGGTTAGGGTG-1,GARQ,D5,0,40,39,38,0.022225022,Classical monocytes
GAAGCAGTCAAACGGG-1,GARQ,D5,0,40,39,38,0.032206535,Classical monocytes
GAATAAGAGGTAAACT-1,GARQ,D5,0,40,39,3,0.045898914,NK-T doublets
GAATAAGCAGATGGGT-1,GARQ,D5,0,40,39,2,0.02965486,CD4 naive I
GAATAAGCATAAAGGT-1,GARQ,D5,0,40,39,30,0.0033545494,CD56dim CD16bright NK
GAATAAGGTGTATGGG-1,GARQ,D5,0,40,39,2,0.02315402,CD4 naive I
GAATAAGTCCACGAAT-1,GARQ,D5,0,40,39,2,0.062203407,CD8 naive
GAATGAACACCATCCT-1,GARQ,D5,0,40,39,19,0.037671328,CD56dim CD16bright NK
GAATGAAGTTCCCTTG-1,GARQ,D5,0,40,39,2,0.0039544106,CD8 memory
GACACGCAGGGCTTCC-1,GARQ,D5,0,40,39,3,0.050705194,NK-T doublets
GACACGCCACTATCTT-1,GARQ,D5,0,40,39,38,0.0045856237,Classical monocytes
GACACGCTCTGCTGTC-1,GARQ,D5,0,40,39,38,0.0009045601,NK-monocyte doublets
GACAGAGGTCGAACAG-1,GARQ,D5,0,40,39,37,0.018986464,Neutrophils
GACAGAGTCACCGTAA-1,GARQ,D5,0,40,39,7,0.0033639073,CD8 effector
GACCAATCATACAGCT-1,GARQ,D5,0,40,39,24,0.010984898,gdT cells
GACCAATGTACCCAAT-1,GARQ,D5,0,40,39,33,0.07981086,CD8 naive
GACCAATGTGTGTGCC-1,GARQ,D5,0,40,39,20,0.48477125,Naive B
GACCAATTCGTTTGCC-1,GARQ,D5,0,40,39,6,0.012912989,Classical monocytes
GACCTGGAGACTTTCG-1,GARQ,D5,0,40,39,38,0.025980473,conventional DC
GACCTGGCAATAGAGT-1,GARQ,D5,0,40,39,2,0.09248829,CD4 and CD8 activated memory
GACCTGGGTCTAGGTT-1,GARQ,D5,0,40,39,16,0.08303535,CD56dim CD16bright NK
GACCTGGGTGTAAGTA-1,GARQ,D5,0,40,39,32,0.03492272,gdT cells
GACGCGTAGTGGAGTC-1,GARQ,D5,0,40,39,20,1.1115987,Naive B
GACGCGTCACGGCCAT-1,GARQ,D5,0,40,39,32,0.14808667,CD8 effector
GACGCGTGTGGCTCCA-1,GARQ,D5,0,40,39,39,0.0006663799,CD56dim CD16bright NK
GACGGCTAGAAACCTA-1,GARQ,D5,0,40,39,32,0.10645342,NK-T doublets
GACGGCTCAAGTCATC-1,GARQ,D5,0,40,39,33,0.030378103,CD4 naive I
GACGGCTCAATGTTGC-1,GARQ,D5,0,40,39,6,0.008993626,NK-monocyte doublets
GACGGCTCACGTCAGC-1,GARQ,D5,0,40,39,22,0.23893785,Non classical monocytes
GACGGCTCATACGCCG-1,GARQ,D5,0,40,39,2,0.008795261,CD4 naive I
GACGGCTCATCGGACC-1,GARQ,D5,0,40,39,20,0.54757035,Naive B
GACGGCTTCATGCAAC-1,GARQ,D5,0,40,39,2,0.030914426,CD4 naive II
GACGGCTTCTTTCCTC-1,GARQ,D5,0,40,39,20,0.03303492,plasmacytoid DC
GACGTGCAGATCGATA-1,GARQ,D5,0,40,39,24,0.024230003,CD56bright CD16dim NK
GACGTGCGTACATGTC-1,GARQ,D5,0,40,39,6,0.05982864,Classical monocytes
GACGTGCGTTAGAACA-1,GARQ,D5,0,40,39,20,0.5002704,Memory B
GACGTGCTCCAGTATG-1,GARQ,D5,0,40,39,38,0.04294634,Classical monocytes
GACGTTAAGCACGCCT-1,GARQ,D5,0,40,39,32,0.059504032,gdT cells
GACGTTAAGCTGCCCA-1,GARQ,D5,0,40,39,38,0.0056335926,Classical monocytes
GACGTTAAGTTCGCAT-1,GARQ,D5,0,40,39,16,0.0035709143,CD56dim CD16bright NK
GACGTTACAATAACGA-1,GARQ,D5,0,40,39,27,0.008940935,CD4 memory
GACGTTACACCAGCAC-1,GARQ,D5,0,40,39,38,0.009693623,Classical monocytes
GACGTTACATAGACTC-1,GARQ,D5,0,40,39,32,0.10889602,gdT cells
GACGTTACATGCAATC-1,GARQ,D5,0,40,39,33,0.016850233,CD4 naive II
GACTAACAGCGCTCCA-1,GARQ,D5,0,40,39,2,0.09545565,CD4 memory
GACTAACCATGCCTAA-1,GARQ,D5,0,40,39,38,0.0013594627,Classical monocytes
GACTAACGTAGGGTAC-1,GARQ,D5,0,40,39,20,0.18779325,Memory B
GACTAACGTCCAGTGC-1,GARQ,D5,0,40,39,32,0.060244203,gdT cells
GACTAACTCAACGGCC-1,GARQ,D5,0,40,39,2,0.12818408,CD4 naive I
GACTAACTCTGACCTC-1,GARQ,D5,0,40,39,32,0.04300165,CD8 memory
GACTAACTCTTGTCAT-1,GARQ,D5,0,40,39,2,0.042815685,CD8 naive
GACTACAAGCGAGAAA-1,GARQ,D5,0,40,39,16,0.13971996,CD56dim CD16bright NK
GACTACAAGTTTCCTT-1,GARQ,D5,0,40,39,20,0.1182313,T-NK-B cell doublets
GACTACACAAGCGCTC-1,GARQ,D5,0,40,39,4,0.02163887,MAIT-NKT cells
GACTACAGTTTGTTTC-1,GARQ,D5,0,40,39,38,0.0424788,Classical monocytes
GACTACATCAACGCTA-1,GARQ,D5,0,40,39,32,0.008803248,gdT cells
GACTACATCACTTACT-1,GARQ,D5,0,40,39,3,0.015233755,CD56bright CD16dim NK
GACTGCGAGAGTGACC-1,GARQ,D5,0,40,39,38,0.024236202,Classical monocytes
GACTGCGCAATCTGCA-1,GARQ,D5,0,40,39,39,0.022075415,CD56dim CD16bright NK
GACTGCGCACACTGCG-1,GARQ,D5,0,40,39,8,0.03589654,CD56dim CD16bright NK
GACTGCGCATTACCTT-1,GARQ,D5,0,40,39,32,0.034083247,gdT cells
GACTGCGTCATCGGAT-1,GARQ,D5,0,40,39,5,0.009036064,CD4 naive I
GACTGCGTCCCTCAGT-1,GARQ,D5,0,40,39,19,0.032219946,CD56dim CD16bright NK
GAGCAGAAGAAGGTGA-1,GARQ,D5,0,40,39,37,0.0028531551,Neutrophils
GAGCAGACATAAAGGT-1,GARQ,D5,0,40,39,24,0.004728198,NK-T doublets
GAGCAGACATGTCTCC-1,GARQ,D5,0,40,39,38,0.042725086,Neutrophils
GAGCAGAGTTCGGCAC-1,GARQ,D5,0,40,39,20,0.48031235,Naive B
GAGCAGATCTGGAGCC-1,GARQ,D5,0,40,39,22,0.10989964,Non classical monocytes
GAGGTGACACCGGAAA-1,GARQ,D5,0,40,39,32,0.028069735,CD8 memory
GAGGTGACAGCCAGAA-1,GARQ,D5,0,40,39,20,0.3814476,Naive B
GAGGTGAGTGGTACAG-1,GARQ,D5,0,40,39,2,0.012581944,CD4 naive II
GAGGTGAGTTGTTTGG-1,GARQ,D5,0,40,39,6,0.024915457,Classical monocytes
GAGTCCGCAAGCCGCT-1,GARQ,D5,0,40,39,5,0.026377082,CD4 naive I
GAGTCCGGTAAGTGTA-1,GARQ,D5,0,40,39,20,0.13378966,Memory B
GAGTCCGTCTGTTTGT-1,GARQ,D5,0,40,39,5,0.025292993,CD4 naive I
GATCAGTAGATTACCC-1,GARQ,D5,0,40,39,5,0.050551772,CD4 memory
GATCAGTAGGACCACA-1,GARQ,D5,0,40,39,16,0.08637369,CD56bright CD16dim NK
GATCAGTGTCTTGTCC-1,GARQ,D5,0,40,39,2,0.09376526,CD4 naive I
GATCAGTGTGACTCAT-1,GARQ,D5,0,40,39,2,0.041659355,CD4 naive I
GATCAGTGTGGGTCAA-1,GARQ,D5,0,40,39,32,0.019291282,CD8 effector
GATCAGTTCGCCAGCA-1,GARQ,D5,0,40,39,32,0.0017287731,CD8 effector
GATCAGTTCGCCTGTT-1,GARQ,D5,0,40,39,1,0.23014843,CD8 naive
GATCGATAGCTAAACA-1,GARQ,D5,0,40,39,2,0.038085938,CD4 naive I
GATCGATCACAAGACG-1,GARQ,D5,0,40,39,39,0.0042669177,CD56dim CD16bright NK
GATCGATGTAGAGGAA-1,GARQ,D5,0,40,39,9,0.023738444,CD56dim CD16bright NK
GATCGATGTGCCTTGG-1,GARQ,D5,0,40,39,2,0.032748222,CD4 naive I
GATCGCGAGGTAGCCA-1,GARQ,D5,0,40,39,11,0.022569656,CD56dim CD16bright NK
GATCGCGTCACTATTC-1,GARQ,D5,0,40,39,5,0.012372732,CD4 memory
GATCGTAAGGCAGTCA-1,GARQ,D5,0,40,39,2,0.050252795,CD4 naive I
GATCGTAGTCGATTGT-1,GARQ,D5,0,40,39,2,0.035754085,CD8 memory
GATCGTATCATTGCCC-1,GARQ,D5,0,40,39,16,0.08016741,CD56dim CD16bright NK
GATCTAGAGCAGATCG-1,GARQ,D5,0,40,39,2,0.041906,CD4 memory
GATCTAGAGTCGAGTG-1,GARQ,D5,0,40,39,2,0.09129262,CD4 naive I
GATCTAGGTAGAGTGC-1,GARQ,D5,0,40,39,19,0.0010026693,CD56dim CD16bright NK
GATCTAGTCACTATTC-1,GARQ,D5,0,40,39,2,0.002568245,CD8 naive
GATCTAGTCGCTGATA-1,GARQ,D5,0,40,39,2,0.030638456,CD4 memory
GATCTAGTCGGATGGA-1,GARQ,D5,0,40,39,2,0.0042455196,CD4 naive II
GATGAAATCCGTTGCT-1,GARQ,D5,0,40,39,10,0.005174756,CD56dim CD16bright NK
GATGAGGCAAGTTGTC-1,GARQ,D5,0,40,39,10,0.010524154,CD56dim CD16bright NK
GATGAGGGTCACCTAA-1,GARQ,D5,0,40,39,2,0.0076640844,CD4 memory
GATGAGGTCTTGTACT-1,GARQ,D5,0,40,39,9,0.042070866,CD56dim CD16bright NK
GATGCTACACACTGCG-1,GARQ,D5,0,40,39,8,0.008547902,CD56dim CD16bright NK
GATGCTACATACGCTA-1,GARQ,D5,0,40,39,16,0.06797898,CD56dim CD16bright NK
GATGCTACATCCCATC-1,GARQ,D5,0,40,39,38,0.0542742,Classical monocytes
GATGCTAGTTCGCTAA-1,GARQ,D5,0,40,39,36,0.034551382,CD56dim CD16bright NK
GATGCTATCACATAGC-1,GARQ,D5,0,40,39,38,0.015468478,Classical monocytes
GATGCTATCACTCTTA-1,GARQ,D5,0,40,39,24,0.00015819073,CD8 effector
GATGCTATCAGCACAT-1,GARQ,D5,0,40,39,2,0.020930171,CD4 memory
GATGCTATCCAAGTAC-1,GARQ,D5,0,40,39,20,0.5100242,Memory B
GATTCAGAGGTGACCA-1,GARQ,D5,0,40,39,8,0.0059645176,CD56dim CD16bright NK
GATTCAGCAAGCCTAT-1,GARQ,D5,0,40,39,38,0.04886818,Classical monocytes
GATTCAGTCTGCGGCA-1,GARQ,D5,0,40,39,32,0.0011889935,MAIT-NKT cells
GCAAACTCACTCAGGC-1,GARQ,D5,0,40,39,38,0.06569564,Platelet-bound monocytes
GCAAACTTCTGGTTCC-1,GARQ,D5,0,40,39,16,0.080477,CD56dim CD16bright NK
GCAATCACATCACCCT-1,GARQ,D5,0,40,39,38,0.03398466,Classical monocytes
GCAATCACATCCGGGT-1,GARQ,D5,0,40,39,32,0.17299199,gdT cells
GCAATCAGTGAGTATA-1,GARQ,D5,0,40,39,2,0.05049646,CD4 memory
GCAATCATCAACCAAC-1,GARQ,D5,0,40,39,4,0.012045026,MAIT-NKT cells
GCACATACATAGTAAG-1,GARQ,D5,0,40,39,16,0.09021127,CD56dim CD16bright NK
GCACATAGTCTCAACA-1,GARQ,D5,0,40,39,2,0.035045385,CD4 memory
GCACTCTCAATTGCTG-1,GARQ,D5,0,40,39,10,0.07184422,CD56dim CD16bright NK
GCACTCTCACGAAAGC-1,GARQ,D5,0,40,39,6,0.027589202,Classical monocytes
GCACTCTCATCGATTG-1,GARQ,D5,0,40,39,2,0.11715865,CD4 naive II
GCACTCTTCCTTAATC-1,GARQ,D5,0,40,39,38,0.0151132345,Classical monocytes
GCAGCCAAGCCCAATT-1,GARQ,D5,0,40,39,2,0.014720082,CD4 memory
GCAGCCAAGTGTCCAT-1,GARQ,D5,0,40,39,2,0.09426868,CD4 memory
GCAGCCACACGGACAA-1,GARQ,D5,0,40,39,32,0.0009690523,CD8 effector
GCAGCCACAGCTGCTG-1,GARQ,D5,0,40,39,30,0.017909884,CD56dim CD16bright NK
GCAGCCACATAACCTG-1,GARQ,D5,0,40,39,7,0.00854969,MAIT-NKT cells
GCAGCCAGTATGCTTG-1,GARQ,D5,0,40,39,32,0.11380935,gdT cells
GCAGCCATCCCTCAGT-1,GARQ,D5,0,40,39,6,0.039889336,Platelet-bound monocytes
GCAGTTAAGTTAAGTG-1,GARQ,D5,0,40,39,5,0.06225252,CD4 memory
GCAGTTAGTTTACTCT-1,GARQ,D5,0,40,39,30,0.01892674,CD56bright CD16dim NK
GCAGTTATCCGCATAA-1,GARQ,D5,0,40,39,20,0.47501385,Naive B
GCATACAAGAGCTGCA-1,GARQ,D5,0,40,39,8,0.029631734,CD56dim CD16bright NK
GCATACACACTCGACG-1,GARQ,D5,0,40,39,32,0.0571481,CD8 effector
GCATACACATCGATTG-1,GARQ,D5,0,40,39,37,0.00024831295,Classical monocytes
GCATACAGTCCTGCTT-1,GARQ,D5,0,40,39,6,0.041588426,Classical monocytes
GCATACAGTTATCACG-1,GARQ,D5,0,40,39,33,0.03942573,CD4 naive II
GCATACATCGTCCGTT-1,GARQ,D5,0,40,39,30,0.015279651,CD56dim CD16bright NK
GCATACATCTGCTGCT-1,GARQ,D5,0,40,39,36,0.07586789,CD56dim CD16bright NK
GCATGATCACATCCAA-1,GARQ,D5,0,40,39,6,0.025452733,Neutrophils
GCATGATCAGGCGATA-1,GARQ,D5,0,40,39,8,0.01471138,CD56dim CD16bright NK
GCATGATCATCTCCCA-1,GARQ,D5,0,40,39,20,0.5191655,Naive B
GCATGATCATGCCACG-1,GARQ,D5,0,40,39,17,0.045274258,CD56dim CD16bright NK
GCATGATGTAAACCTC-1,GARQ,D5,0,40,39,38,0.038348436,Platelet-bound monocytes
GCATGATGTACGACCC-1,GARQ,D5,0,40,39,36,0.023794413,CD56dim CD16bright NK
GCATGATGTCCGTCAG-1,GARQ,D5,0,40,39,6,0.08496392,NK-monocyte doublets
GCATGATGTCGGGTCT-1,GARQ,D5,0,40,39,36,0.090494394,CD56dim CD16bright NK
GCATGATGTCTTCGTC-1,GARQ,D5,0,40,39,2,0.18829536,CD4 memory
GCATGATGTGATAAAC-1,GARQ,D5,0,40,39,2,0.07221627,CD8 naive
GCATGCGCAACGCACC-1,GARQ,D5,0,40,39,10,0.05249715,CD56dim CD16bright NK
GCATGCGTCCGCATCT-1,GARQ,D5,0,40,39,36,0.093076944,CD56dim CD16bright NK
GCATGCGTCTTACCTA-1,GARQ,D5,0,40,39,2,0.054888487,CD4 memory
GCATGTACAAGCGTAG-1,GARQ,D5,0,40,39,38,0.014472365,Neutrophils
GCATGTAGTAAGAGAG-1,GARQ,D5,0,40,39,32,0.12263787,CD8 effector
GCCAAATAGATCCTGT-1,GARQ,D5,0,40,39,2,0.058734775,CD4 naive I
GCCAAATAGCCCGAAA-1,GARQ,D5,0,40,39,22,0.174963,Non classical monocytes
GCCAAATTCCACGACG-1,GARQ,D5,0,40,39,32,0.044052124,CD8 effector
GCCAAATTCTCAAACG-1,GARQ,D5,0,40,39,2,0.07448053,CD4 memory
GCCTCTAAGCCCAATT-1,GARQ,D5,0,40,39,38,0.029166222,Classical monocytes
GCCTCTACAAGGGTCA-1,GARQ,D5,0,40,39,20,0.66020757,Naive B
GCCTCTACAAGGTTCT-1,GARQ,D5,0,40,39,20,0.72425175,Memory B
GCCTCTAGTCAGCTAT-1,GARQ,D5,0,40,39,2,0.056461334,CD4 naive II
GCCTCTATCAATAAGG-1,GARQ,D5,0,40,39,20,0.01909709,plasmacytoid DC
GCGACCATCCCTAACC-1,GARQ,D5,0,40,39,5,0.028029203,CD4 naive I
GCGACCATCCGTTGCT-1,GARQ,D5,0,40,39,38,0.0324378,Classical monocytes
GCGACCATCTGCAGTA-1,GARQ,D5,0,40,39,3,0.06965387,NK-T doublets
GCGAGAAAGATGCCTT-1,GARQ,D5,0,40,39,16,0.075917006,Proliferating T and NK cell
GCGAGAAAGCTAGTGG-1,GARQ,D5,0,40,39,20,0.9802816,Memory B
GCGAGAAAGTCCAGGA-1,GARQ,D5,0,40,39,22,0.012532592,Classical monocytes
GCGAGAACAGCGTAAG-1,GARQ,D5,0,40,39,6,0.13586628,NK-monocyte doublets
GCGAGAACATGCCCGA-1,GARQ,D5,0,40,39,32,0.014727473,CD56bright CD16dim NK
GCGAGAATCACGACTA-1,GARQ,D5,0,40,39,38,0.03508067,Classical monocytes
GCGAGAATCGGGAGTA-1,GARQ,D5,0,40,39,19,0.059439063,CD56dim CD16bright NK
GCGCAACGTTGATTGC-1,GARQ,D5,0,40,39,22,0.24973881,Non classical monocytes
GCGCAACTCCGTCAAA-1,GARQ,D5,0,40,39,37,0.006452203,Neutrophils
GCGCAGTGTGCGATAG-1,GARQ,D5,0,40,39,33,0.04051113,CD4 naive I
GCGCCAAAGCGATATA-1,GARQ,D5,0,40,39,27,0.11838198,T-NK-B cell doublets
GCGCCAACAATAGAGT-1,GARQ,D5,0,40,39,16,0.048225522,Proliferating T and NK cell
GCGCCAACAGCATACT-1,GARQ,D5,0,40,39,4,0.019947767,MAIT-NKT cells
GCGCCAACAGGAACGT-1,GARQ,D5,0,40,39,20,0.41060472,Naive B
GCGCCAACAGGCGATA-1,GARQ,D5,0,40,39,3,0.12917376,NK-T doublets
GCGCCAAGTCTACCTC-1,GARQ,D5,0,40,39,4,0.024047256,MAIT-NKT cells
GCGCCAAGTGGTTTCA-1,GARQ,D5,0,40,39,20,0.43124115,Naive B
GCGCCAATCTGGTTCC-1,GARQ,D5,0,40,39,32,0.14871573,CD8 memory
GCGCGATAGGAGTTGC-1,GARQ,D5,0,40,39,2,0.09085345,CD4 memory
GCGCGATCATGCCCGA-1,GARQ,D5,0,40,39,16,0.33304453,CD56dim CD16bright NK
GCGGGTTGTAAAGGAG-1,GARQ,D5,0,40,39,36,0.03925824,CD56dim CD16bright NK
GCGGGTTGTCGCCATG-1,GARQ,D5,0,40,39,39,0.002938509,CD56dim CD16bright NK
GCGGGTTGTTACCGAT-1,GARQ,D5,0,40,39,9,0.1190145,Proliferating T and NK cell
GCGGGTTGTTTGACTG-1,GARQ,D5,0,40,39,20,0.42442662,Naive B
GCTCCTACACGAGGTA-1,GARQ,D5,0,40,39,6,0.054833412,Classical monocytes
GCTCCTATCGATCCCT-1,GARQ,D5,0,40,39,38,0.06452644,T-NK-B cell doublets
GCTCCTATCTTGACGA-1,GARQ,D5,0,40,39,10,0.010123014,gdT cells
GCTCTGTAGAGTCGGT-1,GARQ,D5,0,40,39,39,0.034980893,CD56dim CD16bright NK
GCTCTGTAGCGTCTAT-1,GARQ,D5,0,40,39,32,0.07004166,MAIT-NKT cells
GCTCTGTGTACTCGCG-1,GARQ,D5,0,40,39,32,0.06986201,CD8 effector
GCTCTGTTCAATAAGG-1,GARQ,D5,0,40,39,38,0.0060858727,Classical monocytes
GCTCTGTTCTTTAGGG-1,GARQ,D5,0,40,39,6,0.010613918,Classical monocytes
GCTGCAGAGAGACTTA-1,GARQ,D5,0,40,39,32,0.10348785,gdT cells
GCTGCAGCAAGAGTCG-1,GARQ,D5,0,40,39,2,0.042137623,CD4 naive I
GCTGCAGGTATAAACG-1,GARQ,D5,0,40,39,27,0.020305157,CD4 memory
GCTGCAGGTCCGTTAA-1,GARQ,D5,0,40,39,2,0.006487608,CD8 naive
GCTGCAGTCAGCTCGG-1,GARQ,D5,0,40,39,2,0.0046499968,CD4 memory
GCTGCGAAGGCTCTTA-1,GARQ,D5,0,40,39,38,0.022064686,Neutrophils
GCTGCGAAGGGTTCCC-1,GARQ,D5,0,40,39,33,0.0051169395,CD4 naive I
GCTGCGACAAGGTTCT-1,GARQ,D5,0,40,39,38,0.022260904,Neutrophils
GCTGCGAGTCAAAGAT-1,GARQ,D5,0,40,39,19,0.07362032,CD56dim CD16bright NK
GCTGCGATCGAGCCCA-1,GARQ,D5,0,40,39,8,0.07196796,CD56dim CD16bright NK
GCTGCTTAGCCACCTG-1,GARQ,D5,0,40,39,2,0.0063136816,CD4 memory
GCTGCTTCAAGTTGTC-1,GARQ,D5,0,40,39,39,0.007996321,CD56dim CD16bright NK
GCTGCTTCATCTCGCT-1,GARQ,D5,0,40,39,6,0.017385721,Platelet-bound monocytes
GCTGCTTGTACCGCTG-1,GARQ,D5,0,40,39,2,0.07341874,CD8 memory
GCTGCTTGTCCATGAT-1,GARQ,D5,0,40,39,4,0.03309405,MAIT-NKT cells
GCTGGGTAGGTGTTAA-1,GARQ,D5,0,40,39,6,0.008587599,conventional DC
GCTGGGTTCGCCAGCA-1,GARQ,D5,0,40,39,16,0.13204896,CD56dim CD16bright NK
GCTTCCACACGGCCAT-1,GARQ,D5,0,40,39,16,0.0058341026,CD56dim CD16bright NK
GCTTCCAGTACATGTC-1,GARQ,D5,0,40,39,22,0.08621824,Non classical monocytes
GCTTGAAGTTCCGGCA-1,GARQ,D5,0,40,39,16,0.07239056,CD56dim CD16bright NK
GCTTGAAGTTCTGAAC-1,GARQ,D5,0,40,39,2,0.07568061,MAIT-NKT cells
GCTTGAATCAGTCCCT-1,GARQ,D5,0,40,39,29,0.037639022,CD8 effector
GCTTGAATCATGCAAC-1,GARQ,D5,0,40,39,16,0.04427409,CD56dim CD16bright NK
GCTTGAATCTGCGGCA-1,GARQ,D5,0,40,39,38,0.06346476,Classical monocytes
GGAAAGCAGCGCTCCA-1,GARQ,D5,0,40,39,32,0.14505231,CD8 effector
GGAAAGCGTAAGTAGT-1,GARQ,D5,0,40,39,2,0.19375694,CD4 memory
GGAACTTAGCCACCTG-1,GARQ,D5,0,40,39,10,0.014663696,CD56dim CD16bright NK
GGAACTTCAACACGCC-1,GARQ,D5,0,40,39,10,0.1008203,CD56dim CD16bright NK
GGAACTTCAGTTAACC-1,GARQ,D5,0,40,39,20,1.0558853,Naive B
GGAACTTTCATTATCC-1,GARQ,D5,0,40,39,22,0.11309934,Non classical monocytes
GGAACTTTCGCTGATA-1,GARQ,D5,0,40,39,8,0.0026168823,CD56dim CD16bright NK
GGAACTTTCTGTACGA-1,GARQ,D5,0,40,39,33,0.06079018,CD8 naive
GGAATAACAACAACCT-1,GARQ,D5,0,40,39,32,0.061902046,gdT cells
GGAATAACAAGGACAC-1,GARQ,D5,0,40,39,22,0.12007654,Non classical monocytes
GGAATAACACAGCGTC-1,GARQ,D5,0,40,39,24,0.022248507,NK-T doublets
GGAATAAGTAAGTGGC-1,GARQ,D5,0,40,39,4,0.031057835,MAIT-NKT cells
GGACAAGAGAGATGAG-1,GARQ,D5,0,40,39,32,0.13800526,CD8 effector
GGACAAGCACGCGAAA-1,GARQ,D5,0,40,39,30,0.06513202,CD56dim CD16bright NK
GGACAAGCATATACCG-1,GARQ,D5,0,40,39,2,0.046498656,CD4 naive I
GGACAAGGTACCGTTA-1,GARQ,D5,0,40,39,32,0.06837356,gdT cells
GGACAAGGTGACGGTA-1,GARQ,D5,0,40,39,32,0.044885397,gdT cells
GGACAAGTCCAAACAC-1,GARQ,D5,0,40,39,6,0.022898674,Classical monocytes
GGACAAGTCTTACCTA-1,GARQ,D5,0,40,39,8,0.07586193,CD56dim CD16bright NK
GGACAAGTCTTGCCGT-1,GARQ,D5,0,40,39,16,0.079102874,CD56dim CD16bright NK
GGACAGAAGTTAGCGG-1,GARQ,D5,0,40,39,6,0.011468768,Neutrophils
GGACAGACAAGCCGTC-1,GARQ,D5,0,40,39,32,0.036406755,CD8 effector
GGACAGAGTACAAGTA-1,GARQ,D5,0,40,39,22,0.22617626,Non classical monocytes
GGACAGATCAACACTG-1,GARQ,D5,0,40,39,10,0.07793975,CD56dim CD16bright NK
GGACAGATCGGTCCGA-1,GARQ,D5,0,40,39,22,0.14655781,Non classical monocytes
GGACATTAGGGTCGAT-1,GARQ,D5,0,40,39,10,0.007670045,CD56dim CD16bright NK
GGACATTGTCCAAGTT-1,GARQ,D5,0,40,39,8,0.005124092,gdT cells
GGACATTTCCAAATGC-1,GARQ,D5,0,40,39,2,0.018729687,CD4 naive I
GGACGTCGTACTCGCG-1,GARQ,D5,0,40,39,38,0.01940751,Classical monocytes
GGACGTCTCAGAAATG-1,GARQ,D5,0,40,39,2,0.023029685,CD8 memory
GGACGTCTCAGAGCTT-1,GARQ,D5,0,40,39,6,0.03578472,Platelet-bound monocytes
GGAGCAAAGAAACGCC-1,GARQ,D5,0,40,39,36,0.14915335,CD56dim CD16bright NK
GGAGCAAGTAGCTAAA-1,GARQ,D5,0,40,39,25,0.06467581,Non classical monocytes
GGAGCAATCCCACTTG-1,GARQ,D5,0,40,39,2,0.042607665,CD4 naive I
GGAGCAATCCCTCAGT-1,GARQ,D5,0,40,39,2,0.0015425682,CD4 naive I
GGATGTTAGCGATAGC-1,GARQ,D5,0,40,39,32,0.004177332,MAIT-NKT cells
GGATGTTTCTTTAGTC-1,GARQ,D5,0,40,39,6,0.0076708794,Classical monocytes
GGATTACAGATGCGAC-1,GARQ,D5,0,40,39,36,0.01387167,CD56bright CD16dim NK
GGATTACGTATAGGTA-1,GARQ,D5,0,40,39,2,0.16467857,CD4 memory
GGATTACTCTGTACGA-1,GARQ,D5,0,40,39,22,0.083218336,Non classical monocytes
GGCAATTAGCACGCCT-1,GARQ,D5,0,40,39,16,0.02188921,CD56dim CD16bright NK
GGCAATTAGTTATCGC-1,GARQ,D5,0,40,39,16,0.14482892,CD56dim CD16bright NK
GGCAATTGTCATATCG-1,GARQ,D5,0,40,39,32,0.05623293,CD8 effector
GGCAATTTCAAACCAC-1,GARQ,D5,0,40,39,2,0.095683336,CD4 memory
GGCCGATTCAGCTGGC-1,GARQ,D5,0,40,39,33,0.058166027,CD8 naive
GGCCGATTCCTATTCA-1,GARQ,D5,0,40,39,4,0.003986478,MAIT-NKT cells
GGCGACTAGGCATGTG-1,GARQ,D5,0,40,39,24,0.002604723,NK-T doublets
GGCGACTCACCGAAAG-1,GARQ,D5,0,40,39,20,0.4976312,Naive B
GGCGACTTCTACTTAC-1,GARQ,D5,0,40,39,2,0.09232128,CD4 memory
GGCGACTTCTCTTATG-1,GARQ,D5,0,40,39,32,0.11093688,CD8 memory
GGCGTGTCAAACCTAC-1,GARQ,D5,0,40,39,32,0.0017149448,CD56bright CD16dim NK
GGCGTGTTCAGATAAG-1,GARQ,D5,0,40,39,0,0.03946066,CD56dim CD16bright NK
GGCGTGTTCTATCCCG-1,GARQ,D5,0,40,39,38,0.008506298,Classical monocytes
GGCTCGAAGATATACG-1,GARQ,D5,0,40,39,22,0.017682314,Non classical monocytes
GGCTCGACAAGTTAAG-1,GARQ,D5,0,40,39,33,0.009928107,CD4 naive I
GGCTCGACATCAGTCA-1,GARQ,D5,0,40,39,32,0.10932714,CD8 effector
GGCTCGATCCAGATCA-1,GARQ,D5,0,40,39,30,0.01134181,CD56dim CD16bright NK
GGCTCGATCCTCTAGC-1,GARQ,D5,0,40,39,1,0.16693842,Naive B
GGCTGGTGTATAAACG-1,GARQ,D5,0,40,39,10,0.09161365,CD56dim CD16bright NK
GGCTGGTTCCCAACGG-1,GARQ,D5,0,40,39,9,0.05221796,plasmacytoid DC
GGGAATGAGCGTGTCC-1,GARQ,D5,0,40,39,20,0.48058784,Memory B
GGGAATGAGTGCTGCC-1,GARQ,D5,0,40,39,1,0.10867286,CD4 naive I
GGGAATGCAACGCACC-1,GARQ,D5,0,40,39,2,0.023231149,CD4 memory
GGGAATGCAATGAAAC-1,GARQ,D5,0,40,39,19,0.02559197,CD56dim CD16bright NK
GGGAATGCAGTCAGCC-1,GARQ,D5,0,40,39,27,0.043628693,CD4 memory
GGGAATGGTAGCGTAG-1,GARQ,D5,0,40,39,32,0.0498538,CD8 memory
GGGAATGGTTGCGTTA-1,GARQ,D5,0,40,39,20,0.98851883,Naive B
GGGAATGGTTGTCTTT-1,GARQ,D5,0,40,39,16,0.065641046,CD56dim CD16bright NK
GGGAATGTCCTGCAGG-1,GARQ,D5,0,40,39,6,0.020285606,Neutrophils
GGGACCTAGACTAGAT-1,GARQ,D5,0,40,39,32,0.0257231,CD8 memory
GGGACCTAGCTAAGAT-1,GARQ,D5,0,40,39,20,0.3837909,Naive B
GGGACCTCATGCGCAC-1,GARQ,D5,0,40,39,32,0.05688703,CD8 effector
GGGACCTTCATTGCGA-1,GARQ,D5,0,40,39,24,0.04596269,CD56dim CD16bright NK
GGGAGATAGTAGCGGT-1,GARQ,D5,0,40,39,32,0.026159644,CD8 effector
GGGAGATAGTTACGGG-1,GARQ,D5,0,40,39,38,0.00868845,Classical monocytes
GGGAGATCAAGAGGCT-1,GARQ,D5,0,40,39,23,0.0010213852,MAIT-NKT cells
GGGAGATGTGATGTCT-1,GARQ,D5,0,40,39,20,0.64618874,Naive B
GGGAGATTCCAGTATG-1,GARQ,D5,0,40,39,20,0.39274085,Memory B
GGGAGATTCTCTAAGG-1,GARQ,D5,0,40,39,20,0.38317823,Memory B
GGGATGACACGACTCG-1,GARQ,D5,0,40,39,20,0.56480515,Naive B
GGGATGACAGACTCGC-1,GARQ,D5,0,40,39,2,0.00592649,CD4 memory
GGGATGATCCGCATAA-1,GARQ,D5,0,40,39,32,0.12793624,CD8 effector
GGGCACTAGTATCTCG-1,GARQ,D5,0,40,39,10,0.011459589,CD56dim CD16bright NK
GGGCACTAGTGGTAAT-1,GARQ,D5,0,40,39,30,0.04752016,NK-T doublets
GGGCACTCAGTTTACG-1,GARQ,D5,0,40,39,2,0.03105402,CD4 memory
GGGCACTTCCTTCAAT-1,GARQ,D5,0,40,39,20,0.5739023,Memory B
GGGCATCAGCGTCTAT-1,GARQ,D5,0,40,39,20,0.6747265,Naive B
GGGCATCAGGACGAAA-1,GARQ,D5,0,40,39,6,0.0031938553,Classical monocytes
GGGCATCAGGCCCGTT-1,GARQ,D5,0,40,39,39,0.059655666,CD56dim CD16bright NK
GGGCATCCAGACGCCT-1,GARQ,D5,0,40,39,16,0.010989666,CD56dim CD16bright NK
GGGTCTGAGGCTCATT-1,GARQ,D5,0,40,39,16,0.04718852,CD56dim CD16bright NK
GGGTCTGCAGCCTTGG-1,GARQ,D5,0,40,39,2,0.0009152889,CD4 naive I
GGGTCTGCAGGACGTA-1,GARQ,D5,0,40,39,37,0.00075507164,Classical monocytes
GGGTCTGGTAAGTTCC-1,GARQ,D5,0,40,39,32,0.09993827,CD8 memory
GGGTCTGGTACATCCA-1,GARQ,D5,0,40,39,20,0.29135323,Naive B
GGGTCTGTCAGTTCGA-1,GARQ,D5,0,40,39,6,0.020184994,Classical monocytes
GGGTCTGTCCACTCCA-1,GARQ,D5,0,40,39,6,0.051719785,Classical monocytes
GGGTCTGTCCAGAAGG-1,GARQ,D5,0,40,39,32,0.1466949,CD8 memory
GGGTCTGTCGGATGTT-1,GARQ,D5,0,40,39,16,0.0019997358,CD56dim CD16bright NK
GGGTTGCAGACTCGGA-1,GARQ,D5,0,40,39,20,0.46491623,Naive B
GGGTTGCAGTGGTCCC-1,GARQ,D5,0,40,39,9,0.037579775,CD56dim CD16bright NK
GGGTTGCCAGTTAACC-1,GARQ,D5,0,40,39,20,0.7889031,Naive B
GGGTTGCGTAGCACGA-1,GARQ,D5,0,40,39,2,0.10818565,CD4 memory
GGTATTGAGAGTGAGA-1,GARQ,D5,0,40,39,2,0.07126188,CD4 memory
GGTATTGCAGAGTGTG-1,GARQ,D5,0,40,39,6,0.007669449,Classical monocytes
GGTATTGGTATCGCAT-1,GARQ,D5,0,40,39,38,0.020497322,Platelet-bound monocytes
GGTATTGGTTGTGGCC-1,GARQ,D5,0,40,39,6,0.026729107,Classical monocytes
GGTATTGTCATTTGGG-1,GARQ,D5,0,40,39,32,0.03784406,CD8 effector
GGTATTGTCGTACGGC-1,GARQ,D5,0,40,39,38,0.028698921,Neutrophils
GGTGAAGAGTGGAGAA-1,GARQ,D5,0,40,39,6,0.021105528,Classical monocytes
GGTGAAGCATGATCCA-1,GARQ,D5,0,40,39,32,0.022983253,CD8 effector
GGTGAAGGTAGTAGTA-1,GARQ,D5,0,40,39,6,0.018672705,conventional DC
GGTGAAGGTCCGAACC-1,GARQ,D5,0,40,39,22,0.11851144,Non classical monocytes
GGTGAAGTCGCCAAAT-1,GARQ,D5,0,40,39,11,0.036844432,CD56dim CD16bright NK
GGTGCGTAGAAGATTC-1,GARQ,D5,0,40,39,32,0.1456852,gdT cells
GGTGCGTCACCAGCAC-1,GARQ,D5,0,40,39,6,0.014077425,Platelet-bound monocytes
GGTGCGTGTGCGATAG-1,GARQ,D5,0,40,39,2,0.010808945,CD4 naive I
GGTGCGTGTGTTGGGA-1,GARQ,D5,0,40,39,1,0.09791553,CD4 naive I
GGTGCGTGTTACTGAC-1,GARQ,D5,0,40,39,32,0.008903623,CD8 memory
GGTGCGTGTTATGTGC-1,GARQ,D5,0,40,39,39,0.04633522,CD56dim CD16bright NK
GGTGTTAAGCTCAACT-1,GARQ,D5,0,40,39,2,0.08019352,CD4 naive II
GGTGTTAAGGGATGGG-1,GARQ,D5,0,40,39,8,0.029843926,CD56dim CD16bright NK
GGTGTTAAGGGTTTCT-1,GARQ,D5,0,40,39,16,0.099603176,CD56dim CD16bright NK
GGTGTTACAGACGCTC-1,GARQ,D5,0,40,39,20,0.7123585,Naive B
GGTGTTAGTCGAGATG-1,GARQ,D5,0,40,39,38,0.030449986,Neutrophils
GTAACGTCACCAGGTC-1,GARQ,D5,0,40,39,2,0.017763615,CD4 naive I
GTAACGTGTGTATGGG-1,GARQ,D5,0,40,39,32,0.09782052,MAIT-NKT cells
GTAACGTGTTACAGAA-1,GARQ,D5,0,40,39,38,0.013908029,Classical monocytes
GTAACGTGTTGGTTTG-1,GARQ,D5,0,40,39,27,0.011083126,CD4 naive I
GTAACGTTCTTGGGTA-1,GARQ,D5,0,40,39,23,0.0021348,MAIT-NKT cells
GTAACTGAGTCGTACT-1,GARQ,D5,0,40,39,24,0.04261446,gdT cells
GTAACTGCACAGATTC-1,GARQ,D5,0,40,39,2,0.036799908,CD4 memory
GTAACTGCACGGATAG-1,GARQ,D5,0,40,39,6,0.01826489,Platelet-bound monocytes
GTACGTACACCACGTG-1,GARQ,D5,0,40,39,20,0.44045424,Naive B
GTACGTACATTGGTAC-1,GARQ,D5,0,40,39,32,0.14515162,CD8 effector
GTACGTAGTGAACCTT-1,GARQ,D5,0,40,39,20,0.2899295,T-NK-B cell doublets
GTACGTAGTGATGATA-1,GARQ,D5,0,40,39,20,0.552397,Naive B
GTACGTATCCTTGCCA-1,GARQ,D5,0,40,39,33,0.04254675,CD8 naive
GTACTCCAGACAAGCC-1,GARQ,D5,0,40,39,5,0.017778993,CD4 naive I
GTACTCCCAGCTGTGC-1,GARQ,D5,0,40,39,2,0.08104527,CD8 naive
GTACTCCGTTCAGGCC-1,GARQ,D5,0,40,39,33,0.030469894,CD8 naive
GTACTCCTCCATTCTA-1,GARQ,D5,0,40,39,2,0.038117766,CD8 memory
GTACTTTAGATATGGT-1,GARQ,D5,0,40,39,30,0.07688713,CD56dim CD16bright NK
GTACTTTAGCAGACTG-1,GARQ,D5,0,40,39,32,0.09055042,gdT cells
GTACTTTAGCTGGAAC-1,GARQ,D5,0,40,39,38,0.06880194,NK-monocyte doublets
GTACTTTCACAGGTTT-1,GARQ,D5,0,40,39,33,0.012158275,CD4 naive II
GTACTTTGTCGAGATG-1,GARQ,D5,0,40,39,39,0.09042144,CD56dim CD16bright NK
GTACTTTGTCGCCATG-1,GARQ,D5,0,40,39,6,0.013688803,Classical monocytes
GTACTTTGTCTGCCAG-1,GARQ,D5,0,40,39,38,0.024698734,Classical monocytes
GTACTTTTCCTGCCAT-1,GARQ,D5,0,40,39,36,0.02552998,CD56dim CD16bright NK
GTAGGCCCAGGCTCAC-1,GARQ,D5,0,40,39,24,0.005159855,gdT cells
GTAGGCCGTTCGCTAA-1,GARQ,D5,0,40,39,2,0.055286646,CD8 effector
GTAGGCCGTTTGGCGC-1,GARQ,D5,0,40,39,38,0.04602146,conventional DC
GTAGTCAAGAATCTCC-1,GARQ,D5,0,40,39,38,0.007441044,Neutrophils
GTAGTCAAGTCGTACT-1,GARQ,D5,0,40,39,10,0.023502648,CD56dim CD16bright NK
GTAGTCAGTACATGTC-1,GARQ,D5,0,40,39,32,0.05469942,CD8 effector
GTAGTCATCGTGACAT-1,GARQ,D5,0,40,39,2,0.1207248,CD4 memory
GTATCTTAGTACGCCC-1,GARQ,D5,0,40,39,2,0.018996835,CD4 naive I
GTATCTTCACCGCTAG-1,GARQ,D5,0,40,39,33,0.057612658,CD4 naive I
GTATCTTGTCGAGATG-1,GARQ,D5,0,40,39,32,0.15301466,CD8 effector
GTATTCTGTGCCTTGG-1,GARQ,D5,0,40,39,2,0.08023262,CD4 naive I
GTCAAGTAGCTAGCCC-1,GARQ,D5,0,40,39,39,0.052369833,CD56dim CD16bright NK
GTCAAGTCAAATCCGT-1,GARQ,D5,0,40,39,2,0.024561882,CD4 naive I
GTCAAGTCATTGAGCT-1,GARQ,D5,0,40,39,2,0.09336209,CD4 naive I
GTCAAGTTCGACGGAA-1,GARQ,D5,0,40,39,11,0.013542175,CD56dim CD16bright NK
GTCACGGCACTGAAGG-1,GARQ,D5,0,40,39,33,0.08400273,CD8 naive
GTCACGGCATACTACG-1,GARQ,D5,0,40,39,36,0.0144120455,CD56dim CD16bright NK
GTCACGGGTAAGGGCT-1,GARQ,D5,0,40,39,8,0.028464794,CD56dim CD16bright NK
GTCACGGGTCTGCAAT-1,GARQ,D5,0,40,39,32,0.0035381317,MAIT-NKT cells
GTCACGGGTGAGGCTA-1,GARQ,D5,0,40,39,11,0.01815474,CD56dim CD16bright NK
GTCACGGTCCATGCTC-1,GARQ,D5,0,40,39,32,0.028072238,Proliferating T and NK cell
GTCACGGTCTGCGTAA-1,GARQ,D5,0,40,39,36,0.01841855,CD56dim CD16bright NK
GTCATTTCAACTTGAC-1,GARQ,D5,0,40,39,36,0.11463547,CD8 effector
GTCATTTCAATCTACG-1,GARQ,D5,0,40,39,2,0.10826397,CD4 memory
GTCATTTGTAAGAGAG-1,GARQ,D5,0,40,39,38,0.031476855,Classical monocytes
GTCATTTGTTAGGGTG-1,GARQ,D5,0,40,39,6,0.008337975,conventional DC
GTCCTCACACCTGGTG-1,GARQ,D5,0,40,39,6,0.0029821396,Classical monocytes
GTCCTCAGTCTGCCAG-1,GARQ,D5,0,40,39,27,0.08272028,T-NK-B cell doublets
GTCCTCAGTGGACGAT-1,GARQ,D5,0,40,39,2,0.028640866,CD4 memory
GTCGGGTGTCAATACC-1,GARQ,D5,0,40,39,11,0.025022984,CD56dim CD16bright NK
GTCGGGTTCCGCATCT-1,GARQ,D5,0,40,39,20,0.380935,Naive B
GTCGGGTTCTGCCAGG-1,GARQ,D5,0,40,39,5,0.080069184,Regulatory T cells
GTCGTAAAGCGATGAC-1,GARQ,D5,0,40,39,33,0.012714028,CD8 naive
GTCGTAAAGGTGCAAC-1,GARQ,D5,0,40,39,2,0.039156556,CD4 naive I
GTCGTAACACAGGAGT-1,GARQ,D5,0,40,39,8,0.017237782,CD56dim CD16bright NK
GTCGTAACATCGGACC-1,GARQ,D5,0,40,39,32,0.030314326,gdT cells
GTCGTAAGTCGCTTCT-1,GARQ,D5,0,40,39,20,0.030623436,T-NK-B cell doublets
GTCGTAATCAACCAAC-1,GARQ,D5,0,40,39,32,0.056472063,CD8 effector
GTCGTAATCGGCATCG-1,GARQ,D5,0,40,39,9,0.1732369,plasmacytoid DC
GTCGTAATCTGCCCTA-1,GARQ,D5,0,40,39,32,0.03134799,gdT cells
GTCTCGTAGGCTAGAC-1,GARQ,D5,0,40,39,2,0.061583757,CD4 memory
GTCTTCGAGCTAGTGG-1,GARQ,D5,0,40,39,5,0.0010551214,CD8 naive
GTCTTCGAGGCTCAGA-1,GARQ,D5,0,40,39,32,0.08053458,CD8 effector
GTCTTCGAGTTTCCTT-1,GARQ,D5,0,40,39,38,0.025193572,Neutrophils
GTCTTCGCAAACAACA-1,GARQ,D5,0,40,39,36,0.07739985,CD56dim CD16bright NK
GTCTTCGCAATACGCT-1,GARQ,D5,0,40,39,6,0.034043312,Classical monocytes
GTCTTCGGTGCTAGCC-1,GARQ,D5,0,40,39,6,0.00011909008,Neutrophils
GTCTTCGTCCGAATGT-1,GARQ,D5,0,40,39,28,0.1460377,CD56dim CD16bright NK
GTCTTCGTCGAATCCA-1,GARQ,D5,0,40,39,13,0.078722954,T-NK-B cell doublets
GTGAAGGCACAAGACG-1,GARQ,D5,0,40,39,22,0.17003691,Non classical monocytes
GTGAAGGCAGATGAGC-1,GARQ,D5,0,40,39,2,0.06674492,CD4 naive I
GTGAAGGGTCTCCCTA-1,GARQ,D5,0,40,39,5,0.012368798,CD4 memory
GTGAAGGGTGACGGTA-1,GARQ,D5,0,40,39,2,0.0959183,CD4 naive I
GTGAAGGGTGACTCAT-1,GARQ,D5,0,40,39,33,0.0027359724,CD8 naive
GTGAAGGTCGAATGCT-1,GARQ,D5,0,40,39,38,0.06364703,Classical monocytes
GTGCAGCAGTCATCCA-1,GARQ,D5,0,40,39,16,0.08523786,CD56dim CD16bright NK
GTGCAGCCAAACTGCT-1,GARQ,D5,0,40,39,29,0.009067059,CD56dim CD16bright NK
GTGCAGCGTTGGTTTG-1,GARQ,D5,0,40,39,8,0.10304594,gdT cells
GTGCATACAAGCGCTC-1,GARQ,D5,0,40,39,20,0.71633315,Memory B
GTGCATAGTCGGCATC-1,GARQ,D5,0,40,39,17,0.010668874,CD56dim CD16bright NK
GTGCGGTAGACAGAGA-1,GARQ,D5,0,40,39,30,0.05071807,NK-T doublets
GTGCGGTCACCGAATT-1,GARQ,D5,0,40,39,32,0.047952533,gdT cells
GTGCGGTTCTACTTAC-1,GARQ,D5,0,40,39,2,0.11747229,CD4 memory
GTGCTTCAGCCCAGCT-1,GARQ,D5,0,40,39,16,0.058912277,CD56dim CD16bright NK
GTGCTTCCAGTTTACG-1,GARQ,D5,0,40,39,5,0.093328476,CD4 memory
GTGCTTCCATACGCCG-1,GARQ,D5,0,40,39,2,0.009065509,CD4 memory
GTGCTTCTCCATGCTC-1,GARQ,D5,0,40,39,4,0.05929184,NK-T doublets
GTGCTTCTCTCCGGTT-1,GARQ,D5,0,40,39,21,0.065579295,Platelets
GTGGGTCAGTACGACG-1,GARQ,D5,0,40,39,2,0.022696018,CD8 naive
GTGGGTCCACAGTCGC-1,GARQ,D5,0,40,39,20,0.12565398,T-NK-B cell doublets
GTGGGTCGTGAACCTT-1,GARQ,D5,0,40,39,33,0.024932861,CD4 memory
GTGGGTCTCAACTCTT-1,GARQ,D5,0,40,39,20,0.45384884,Naive B
GTGGGTCTCACTCCTG-1,GARQ,D5,0,40,39,6,0.00085639954,Classical monocytes
GTGGGTCTCACTTACT-1,GARQ,D5,0,40,39,24,0.02737689,CD8 effector
GTGTGCGCACGGATAG-1,GARQ,D5,0,40,39,26,0.00873065,CD56dim CD16bright NK
GTGTGCGGTACTCGCG-1,GARQ,D5,0,40,39,32,0.021432519,MAIT-NKT cells
GTGTTAGAGTGCGATG-1,GARQ,D5,0,40,39,38,0.0002951622,Classical monocytes
GTGTTAGCAATGGAGC-1,GARQ,D5,0,40,39,2,0.025270224,CD4 naive I
GTGTTAGTCCTGCAGG-1,GARQ,D5,0,40,39,36,0.016330838,CD56dim CD16bright NK
GTTAAGCAGGCAATTA-1,GARQ,D5,0,40,39,2,0.1588521,CD8 naive
GTTACAGAGTCAAGCG-1,GARQ,D5,0,40,39,16,0.019025683,CD56dim CD16bright NK
GTTACAGCATATGAGA-1,GARQ,D5,0,40,39,11,0.029280305,CD56dim CD16bright NK
GTTACAGGTCCTCTTG-1,GARQ,D5,0,40,39,8,0.02267623,gdT cells
GTTACAGGTTCCCTTG-1,GARQ,D5,0,40,39,6,0.023834944,Classical monocytes
GTTACAGTCAGTGCAT-1,GARQ,D5,0,40,39,16,0.00092709064,CD56dim CD16bright NK
GTTCATTAGAAAGTGG-1,GARQ,D5,0,40,39,33,0.047602654,CD4 naive II
GTTCATTAGACAGGCT-1,GARQ,D5,0,40,39,16,0.05232227,CD56dim CD16bright NK
GTTCATTCATTAACCG-1,GARQ,D5,0,40,39,10,0.1026392,CD56dim CD16bright NK
GTTCGGGAGAGGTAGA-1,GARQ,D5,0,40,39,33,0.0036503077,CD4 naive I
GTTCGGGCAGGGTTAG-1,GARQ,D5,0,40,39,8,0.051762283,CD56dim CD16bright NK
GTTCGGGGTTCCAACA-1,GARQ,D5,0,40,39,20,0.058478415,Plasma cells
GTTCTCGAGTGGGATC-1,GARQ,D5,0,40,39,10,0.0216102,CD56dim CD16bright NK
GTTCTCGAGTTCCACA-1,GARQ,D5,0,40,39,2,0.07467914,CD8 naive
GTTCTCGCATCAGTCA-1,GARQ,D5,0,40,39,6,0.0053920746,Classical monocytes
GTTCTCGGTGCACTTA-1,GARQ,D5,0,40,39,2,0.05914378,CD4 memory
GTTCTCGTCAACGGGA-1,GARQ,D5,0,40,39,25,0.0033966303,Non classical monocytes
GTTCTCGTCTTTAGGG-1,GARQ,D5,0,40,39,32,0.031051159,gdT cells
GTTTCTACACTGAAGG-1,GARQ,D5,0,40,39,38,0.021592855,Classical monocytes
GTTTCTAGTCCGAACC-1,GARQ,D5,0,40,39,2,0.002502203,CD4 memory
GTTTCTATCAACGGGA-1,GARQ,D5,0,40,39,36,0.07069707,CD56dim CD16bright NK
TAAACCGAGCAGGTCA-1,GARQ,D5,0,40,39,8,0.02887392,CD56dim CD16bright NK
TAAACCGGTCAGAATA-1,GARQ,D5,0,40,39,21,0.053828597,Platelets
TAAACCGGTCCGAGTC-1,GARQ,D5,0,40,39,6,0.030011296,Non classical monocytes
TAAACCGGTCTCCATC-1,GARQ,D5,0,40,39,22,0.0041669607,Non classical monocytes
TAAACCGTCGATGAGG-1,GARQ,D5,0,40,39,19,0.0004554987,CD56dim CD16bright NK
TAAACCGTCTAACCGA-1,GARQ,D5,0,40,39,5,0.05375135,Regulatory T cells
TAAGAGAAGTCTTGCA-1,GARQ,D5,0,40,39,2,0.0825367,CD4 memory
TAAGAGAGTGCGGTAA-1,GARQ,D5,0,40,39,9,0.09648764,T-NK-B cell doublets
TAAGAGATCCGTTGCT-1,GARQ,D5,0,40,39,5,0.0023622513,CD4 memory
TAAGAGATCGAGAGCA-1,GARQ,D5,0,40,39,1,0.15989137,Erythroid 
TAAGAGATCGTACCGG-1,GARQ,D5,0,40,39,2,0.041361213,CD4 memory
TAAGTGCCAGTTTACG-1,GARQ,D5,0,40,39,20,0.6559767,Naive B
TAAGTGCGTACCTACA-1,GARQ,D5,0,40,39,20,0.40491056,Naive B
TAAGTGCGTTCGCGAC-1,GARQ,D5,0,40,39,20,0.41724694,Naive B
TAAGTGCTCTTGACGA-1,GARQ,D5,0,40,39,39,0.04726267,CD56dim CD16bright NK
TAAGTGCTCTTTCCTC-1,GARQ,D5,0,40,39,36,0.03324008,CD56dim CD16bright NK
TACACGAAGAGAACAG-1,GARQ,D5,0,40,39,2,0.07735753,NK-T doublets
TACACGACATACAGCT-1,GARQ,D5,0,40,39,24,0.017270446,CD56dim CD16bright NK
TACACGAGTTAAGATG-1,GARQ,D5,0,40,39,32,0.17873347,CD8 effector
TACAGTGAGACTTGAA-1,GARQ,D5,0,40,39,33,0.05010712,CD8 naive
TACAGTGAGGCCCTTG-1,GARQ,D5,0,40,39,10,0.029774666,CD56dim CD16bright NK
TACAGTGAGGCTAGAC-1,GARQ,D5,0,40,39,20,0.4399855,Memory B
TACAGTGCACCAGCAC-1,GARQ,D5,0,40,39,1,0.01058507,CD4 memory
TACAGTGCACGAAAGC-1,GARQ,D5,0,40,39,38,0.04021728,Classical monocytes
TACAGTGCAGGCGATA-1,GARQ,D5,0,40,39,20,0.5132146,Naive B
TACAGTGCATCGACGC-1,GARQ,D5,0,40,39,32,0.06399703,MAIT-NKT cells
TACAGTGGTATATGGA-1,GARQ,D5,0,40,39,16,0.018357754,CD56dim CD16bright NK
TACCTATCAAAGGTGC-1,GARQ,D5,0,40,39,38,0.0056216717,Neutrophils
TACCTATGTTGAGGTG-1,GARQ,D5,0,40,39,10,0.029627323,CD56dim CD16bright NK
TACCTATTCACCAGGC-1,GARQ,D5,0,40,39,6,0.035042644,Classical monocytes
TACCTTAAGAGGTACC-1,GARQ,D5,0,40,39,2,0.057408333,CD8 naive
TACCTTAAGATAGCAT-1,GARQ,D5,0,40,39,5,0.013870239,CD4 memory
TACCTTAGTAGCTCCG-1,GARQ,D5,0,40,39,4,0.00326097,MAIT-NKT cells
TACCTTATCGTTTAGG-1,GARQ,D5,0,40,39,16,0.08089292,CD8 effector
TACGGATCAGATCCAT-1,GARQ,D5,0,40,39,20,0.020280838,T-NK-B cell doublets
TACGGATCAGCTCGAC-1,GARQ,D5,0,40,39,32,0.017368078,CD8 effector
TACGGATGTGTGGCTC-1,GARQ,D5,0,40,39,20,0.59946066,Naive B
TACGGATGTTCGTCTC-1,GARQ,D5,0,40,39,32,0.104846954,CD8 memory
TACGGGCAGGAGTCTG-1,GARQ,D5,0,40,39,20,0.62516147,Memory B
TACGGGCCAATGGATA-1,GARQ,D5,0,40,39,2,0.03471923,CD8 memory
TACGGGCGTCACACGC-1,GARQ,D5,0,40,39,36,0.032978773,CD56dim CD16bright NK
TACGGGCGTTGTTTGG-1,GARQ,D5,0,40,39,32,0.063217044,CD8 effector
TACGGTAAGGCTCTTA-1,GARQ,D5,0,40,39,22,0.07058072,Non classical monocytes
TACGGTAAGGGTCTCC-1,GARQ,D5,0,40,39,32,0.0042960644,CD8 memory
TACGGTAGTTGATTCG-1,GARQ,D5,0,40,39,38,0.02603221,Classical monocytes
TACGGTATCATATCGG-1,GARQ,D5,0,40,39,20,0.6043249,Naive B
TACGGTATCGCAAACT-1,GARQ,D5,0,40,39,4,0.050391793,MAIT-NKT cells
TACTCATCACCATCCT-1,GARQ,D5,0,40,39,39,0.09909201,CD56dim CD16bright NK
TACTCATCAGTTCCCT-1,GARQ,D5,0,40,39,2,0.006999731,CD4 memory
TACTCATGTTACAGAA-1,GARQ,D5,0,40,39,2,0.067767024,CD4 memory
TACTCATTCACATAGC-1,GARQ,D5,0,40,39,20,0.08224869,T-NK-B cell doublets
TACTCGCAGCTAGCCC-1,GARQ,D5,0,40,39,23,0.01699996,MAIT-NKT cells
TACTCGCAGTGGGCTA-1,GARQ,D5,0,40,39,16,0.19892716,CD56dim CD16bright NK
TACTCGCCACGTCTCT-1,GARQ,D5,0,40,39,32,0.22047496,CD8 effector
TACTCGCCAGCAGTTT-1,GARQ,D5,0,40,39,8,0.0049932003,CD56dim CD16bright NK
TACTCGCCATGCATGT-1,GARQ,D5,0,40,39,16,0.10695732,Proliferating T and NK cell
TACTCGCCATGTTGAC-1,GARQ,D5,0,40,39,39,0.05889368,CD56bright CD16dim NK
TACTCGCTCTTATCTG-1,GARQ,D5,0,40,39,16,0.23728359,CD56dim CD16bright NK
TACTTACAGATCTGAA-1,GARQ,D5,0,40,39,16,0.091021776,CD8 effector
TACTTACGTCCATGAT-1,GARQ,D5,0,40,39,33,0.020798922,CD4 naive I
TACTTACGTCTCCATC-1,GARQ,D5,0,40,39,32,0.09890044,gdT cells
TACTTGTAGAGTGAGA-1,GARQ,D5,0,40,39,38,0.01791358,Classical monocytes
TACTTGTCAAGTACCT-1,GARQ,D5,0,40,39,11,0.014532685,CD56dim CD16bright NK
TACTTGTCATGGATGG-1,GARQ,D5,0,40,39,2,0.013810396,CD8 memory
TACTTGTGTCCAGTTA-1,GARQ,D5,0,40,39,23,0.013451457,CD8 memory
TACTTGTGTTAGGGTG-1,GARQ,D5,0,40,39,24,0.012566924,T-NK-B cell doublets
TACTTGTTCATGCAAC-1,GARQ,D5,0,40,39,5,0.016783953,CD4 and CD8 activated memory
TACTTGTTCCTTCAAT-1,GARQ,D5,0,40,39,20,0.18069279,Plasma cells
TACTTGTTCGTAGATC-1,GARQ,D5,0,40,39,36,0.015814543,CD56dim CD16bright NK
TAGACCAAGCAGCGTA-1,GARQ,D5,0,40,39,6,0.08264053,NK-monocyte doublets
TAGACCACAAGGTTCT-1,GARQ,D5,0,40,39,2,0.03178525,CD4 memory
TAGACCACAAGTCATC-1,GARQ,D5,0,40,39,8,0.022331297,gdT cells
TAGACCAGTCTTCTCG-1,GARQ,D5,0,40,39,33,0.020802498,CD4 naive I
TAGACCAGTGCGAAAC-1,GARQ,D5,0,40,39,3,0.02922678,Proliferating T and NK cell
TAGACCATCCGTACAA-1,GARQ,D5,0,40,39,38,0.02524066,Neutrophils
TAGAGCTGTCGCTTTC-1,GARQ,D5,0,40,39,6,0.015890837,Classical monocytes
TAGAGCTGTCTAAACC-1,GARQ,D5,0,40,39,21,0.018475175,Platelets
TAGAGCTGTCTAGAGG-1,GARQ,D5,0,40,39,38,0.04313022,Classical monocytes
TAGCCGGAGAGGTTGC-1,GARQ,D5,0,40,39,38,0.028528929,conventional DC
TAGCCGGAGGCTAGAC-1,GARQ,D5,0,40,39,4,0.06247735,MAIT-NKT cells
TAGCCGGCACTGCCAG-1,GARQ,D5,0,40,39,2,0.07440686,CD4 memory
TAGGCATAGAGGGCTT-1,GARQ,D5,0,40,39,10,0.043966413,CD56dim CD16bright NK
TAGGCATAGGATTCGG-1,GARQ,D5,0,40,39,36,0.060266614,CD56dim CD16bright NK
TAGGCATCAATAGCAA-1,GARQ,D5,0,40,39,19,0.031943798,CD56dim CD16bright NK
TAGGCATCAGACGTAG-1,GARQ,D5,0,40,39,9,0.049598694,plasmacytoid DC
TAGGCATGTCCAACTA-1,GARQ,D5,0,40,39,33,0.027269006,CD8 naive
TAGGCATTCACAGGCC-1,GARQ,D5,0,40,39,22,0.052037835,Non classical monocytes
TAGGCATTCAGGCCCA-1,GARQ,D5,0,40,39,6,0.02656734,Non classical monocytes
TAGGCATTCTGGCGAC-1,GARQ,D5,0,40,39,3,0.07293415,NK-T doublets
TAGTGGTGTACTTGAC-1,GARQ,D5,0,40,39,16,0.11335075,CD56dim CD16bright NK
TAGTGGTTCTCCCTGA-1,GARQ,D5,0,40,39,10,0.105258584,CD56dim CD16bright NK
TAGTTGGAGGTGATAT-1,GARQ,D5,0,40,39,20,0.6119906,Memory B
TAGTTGGAGTCAATAG-1,GARQ,D5,0,40,39,36,0.075030565,CD56dim CD16bright NK
TAGTTGGCAGGTTTCA-1,GARQ,D5,0,40,39,20,0.96509147,Naive B
TAGTTGGGTAGGCATG-1,GARQ,D5,0,40,39,19,0.0033863783,CD56dim CD16bright NK
TAGTTGGGTCGAACAG-1,GARQ,D5,0,40,39,2,0.030479312,CD4 naive I
TATCAGGAGCGCTTAT-1,GARQ,D5,0,40,39,2,0.088279724,CD4 naive I
TATCAGGAGCTGTTCA-1,GARQ,D5,0,40,39,20,0.46891093,Memory B
TATCAGGAGGGATGGG-1,GARQ,D5,0,40,39,38,0.035689592,conventional DC
TATCAGGGTACCTACA-1,GARQ,D5,0,40,39,10,0.087839246,CD56dim CD16bright NK
TATCAGGGTTACAGAA-1,GARQ,D5,0,40,39,32,0.028197765,gdT cells
TATCAGGGTTATTCTC-1,GARQ,D5,0,40,39,20,0.90364575,Naive B
TATCAGGTCAACGGGA-1,GARQ,D5,0,40,39,11,0.028419018,CD56dim CD16bright NK
TATCAGGTCAGAGCTT-1,GARQ,D5,0,40,39,32,0.025121212,gdT cells
TATCTCAAGACATAAC-1,GARQ,D5,0,40,39,32,0.009044886,gdT cells
TATCTCACAGTCAGAG-1,GARQ,D5,0,40,39,2,0.13778925,CD4 memory
TATCTCAGTGCAACGA-1,GARQ,D5,0,40,39,33,0.062306046,CD4 naive II
TATGCCCAGCCAGGAT-1,GARQ,D5,0,40,39,6,0.040706396,Platelet-bound monocytes
TATGCCCGTAGGACAC-1,GARQ,D5,0,40,39,2,0.04047227,CD4 memory
TATGCCCTCACTATTC-1,GARQ,D5,0,40,39,20,0.5802666,Naive B
TATTACCAGATGGGTC-1,GARQ,D5,0,40,39,16,0.18990576,CD56dim CD16bright NK
TCAACGACAGACAGGT-1,GARQ,D5,0,40,39,20,0.1250441,T-NK-B cell doublets
TCAACGAGTCAAACTC-1,GARQ,D5,0,40,39,35,0.10853863,CD4 naive I
TCAACGATCATGCTCC-1,GARQ,D5,0,40,39,6,0.0447731,Classical monocytes
TCAACGATCGTAGATC-1,GARQ,D5,0,40,39,20,0.60254097,Naive B
TCAATCTAGATATGCA-1,GARQ,D5,0,40,39,38,0.02955079,Classical monocytes
TCAATCTAGCAAATCA-1,GARQ,D5,0,40,39,7,0.04405403,MAIT-NKT cells
TCAATCTCATACTACG-1,GARQ,D5,0,40,39,2,0.087935686,Regulatory T cells
TCAATCTGTCTTGCGG-1,GARQ,D5,0,40,39,10,0.13421535,CD56dim CD16bright NK
TCAATCTTCCCTGACT-1,GARQ,D5,0,40,39,13,0.10313344,T-NK-B cell doublets
TCACAAGAGTGCCATT-1,GARQ,D5,0,40,39,33,0.026363134,CD4 naive I
TCACGAAAGAGCCCAA-1,GARQ,D5,0,40,39,16,0.11234939,CD56dim CD16bright NK
TCACGAAAGCAATATG-1,GARQ,D5,0,40,39,6,0.057809353,Classical monocytes
TCACGAAAGTCAAGGC-1,GARQ,D5,0,40,39,2,0.032050967,CD8 memory
TCACGAAAGTGGTCCC-1,GARQ,D5,0,40,39,2,0.0977726,CD4 memory
TCACGAAGTATCACCA-1,GARQ,D5,0,40,39,16,0.043271065,CD56dim CD16bright NK
TCACGAATCTATGTGG-1,GARQ,D5,0,40,39,38,0.023320079,Neutrophils
TCAGATGAGTGCGATG-1,GARQ,D5,0,40,39,8,0.046337605,CD8 effector
TCAGATGCACCTCGTT-1,GARQ,D5,0,40,39,38,0.018218994,Neutrophils
TCAGCAAGTACGCTGC-1,GARQ,D5,0,40,39,39,0.04968357,CD56dim CD16bright NK
TCAGCAAGTAGCCTCG-1,GARQ,D5,0,40,39,2,0.0588727,CD4 naive I
TCAGCAATCTTCGGTC-1,GARQ,D5,0,40,39,6,0.04582286,Classical monocytes
TCAGCTCAGACGCTTT-1,GARQ,D5,0,40,39,22,0.008947015,Non classical monocytes
TCAGCTCAGATACACA-1,GARQ,D5,0,40,39,33,0.0070934296,CD4 memory
TCAGCTCAGCCAGTTT-1,GARQ,D5,0,40,39,16,0.10736847,CD56dim CD16bright NK
TCAGCTCAGGCAGGTT-1,GARQ,D5,0,40,39,5,0.03658104,CD4 naive I
TCAGCTCCAAACGTGG-1,GARQ,D5,0,40,39,10,0.06472325,Platelet-T cell doublets
TCAGCTCCAAGAAGAG-1,GARQ,D5,0,40,39,20,0.41185498,Naive B
TCAGCTCCAATGTTGC-1,GARQ,D5,0,40,39,38,0.08602953,Platelet-bound monocytes
TCAGGATAGTTACCCA-1,GARQ,D5,0,40,39,16,0.13038027,CD56dim CD16bright NK
TCAGGATTCAACACCA-1,GARQ,D5,0,40,39,2,0.08914411,CD8 naive
TCAGGATTCACTCCTG-1,GARQ,D5,0,40,39,6,0.018031597,conventional DC
TCAGGTAAGCGAGAAA-1,GARQ,D5,0,40,39,2,0.029337883,CD4 memory
TCAGGTAAGGCTCAGA-1,GARQ,D5,0,40,39,36,0.0045502186,CD56dim CD16bright NK
TCAGGTAGTTACGACT-1,GARQ,D5,0,40,39,5,0.07458043,CD4 naive I
TCATTACCAGGCGATA-1,GARQ,D5,0,40,39,2,0.024760246,CD4 memory
TCATTACCAGTGAGTG-1,GARQ,D5,0,40,39,2,0.13722944,CD4 memory
TCATTACTCAGATAAG-1,GARQ,D5,0,40,39,24,0.03586912,gdT cells
TCATTACTCCAGATCA-1,GARQ,D5,0,40,39,16,0.17511797,CD56dim CD16bright NK
TCATTACTCTGGCGAC-1,GARQ,D5,0,40,39,10,0.06854212,CD56dim CD16bright NK
TCATTTGAGTGGGATC-1,GARQ,D5,0,40,39,2,0.08770567,CD4 memory
TCATTTGCATCACGAT-1,GARQ,D5,0,40,39,38,0.010426044,Classical monocytes
TCATTTGGTGACTCAT-1,GARQ,D5,0,40,39,2,0.020146847,CD4 memory
TCCACACAGCGTTGCC-1,GARQ,D5,0,40,39,39,0.023576975,CD56dim CD16bright NK
TCCACACAGCTATGCT-1,GARQ,D5,0,40,39,10,0.14075017,CD56dim CD16bright NK
TCCACACCAGCCTTGG-1,GARQ,D5,0,40,39,6,0.011439085,Non classical monocytes
TCCACACGTACCATCA-1,GARQ,D5,0,40,39,19,0.03394419,CD56bright CD16dim NK
TCCACACTCACTATTC-1,GARQ,D5,0,40,39,32,0.06899214,CD4 and CD8 activated memory
TCCACACTCGACGGAA-1,GARQ,D5,0,40,39,10,0.020233393,CD56dim CD16bright NK
TCCCGATGTAAGTTCC-1,GARQ,D5,0,40,39,16,0.06773329,CD56dim CD16bright NK
TCCCGATTCCGTCAAA-1,GARQ,D5,0,40,39,36,0.0030390024,CD56dim CD16bright NK
TCCCGATTCTTAGCCC-1,GARQ,D5,0,40,39,6,0.00237751,Platelet-bound monocytes
TCGAGGCAGTGGTAAT-1,GARQ,D5,0,40,39,33,0.008106947,CD4 naive I
TCGAGGCCACAGGTTT-1,GARQ,D5,0,40,39,36,0.0581975,CD56bright CD16dim NK
TCGAGGCCAGATGGGT-1,GARQ,D5,0,40,39,2,0.030926943,CD4 naive I
TCGAGGCCATCGGACC-1,GARQ,D5,0,40,39,23,0.034916878,MAIT-NKT cells
TCGCGAGAGGTGCAAC-1,GARQ,D5,0,40,39,6,0.02395904,Platelet-bound monocytes
TCGCGAGAGGTGCTAG-1,GARQ,D5,0,40,39,24,0.0030648708,CD56dim CD16bright NK
TCGCGAGCATCAGTAC-1,GARQ,D5,0,40,39,22,0.3377229,Non classical monocytes
TCGCGAGCATGGATGG-1,GARQ,D5,0,40,39,36,0.01190114,CD56dim CD16bright NK
TCGCGAGCATTCGACA-1,GARQ,D5,0,40,39,2,9.9897385e-05,CD4 memory
TCGCGAGGTCCGAACC-1,GARQ,D5,0,40,39,2,0.15064335,CD4 memory
TCGCGAGGTCCGTCAG-1,GARQ,D5,0,40,39,20,0.38030428,T-NK-B cell doublets
TCGCGTTAGCTGTCTA-1,GARQ,D5,0,40,39,2,0.085436106,CD4 naive I
TCGCGTTCAGGGAGAG-1,GARQ,D5,0,40,39,8,0.0031039715,CD56dim CD16bright NK
TCGCGTTGTAGCGATG-1,GARQ,D5,0,40,39,2,0.10056341,CD4 naive I
TCGGGACAGGATTCGG-1,GARQ,D5,0,40,39,38,0.0033079386,Classical monocytes
TCGGGACGTGCAGACA-1,GARQ,D5,0,40,39,20,0.51078343,Naive B
TCGGGACTCCCTCTTT-1,GARQ,D5,0,40,39,6,0.004613161,Non classical monocytes
TCGGTAAGTCTTGTCC-1,GARQ,D5,0,40,39,19,0.022783995,CD56dim CD16bright NK
TCGGTAAGTTTGTGTG-1,GARQ,D5,0,40,39,32,0.029156566,MAIT-NKT cells
TCGTACCAGCGAGAAA-1,GARQ,D5,0,40,39,2,0.025035262,CD8 memory
TCGTACCCAATAGCAA-1,GARQ,D5,0,40,39,21,0.042813897,NK-monocyte doublets
TCGTACCTCGGCGCTA-1,GARQ,D5,0,40,39,16,0.1295265,CD56dim CD16bright NK
TCGTAGAAGACAGGCT-1,GARQ,D5,0,40,39,6,0.112618685,NK-monocyte doublets
TCGTAGACACACCGAC-1,GARQ,D5,0,40,39,8,0.016437173,gdT cells
TCGTAGACAGATCCAT-1,GARQ,D5,0,40,39,6,0.010008335,NK-monocyte doublets
TCGTAGATCAAGAAGT-1,GARQ,D5,0,40,39,2,0.016829371,CD4 naive II
TCGTAGATCGTAGATC-1,GARQ,D5,0,40,39,2,0.11009002,CD4 memory
TCTATTGCACTTAACG-1,GARQ,D5,0,40,39,32,0.12985969,CD8 effector
TCTATTGCAGAGTGTG-1,GARQ,D5,0,40,39,22,0.00944829,Non classical monocytes
TCTATTGTCCCTCTTT-1,GARQ,D5,0,40,39,29,0.016118288,CD56bright CD16dim NK
TCTATTGTCCTATTCA-1,GARQ,D5,0,40,39,5,0.022885919,CD4 naive II
TCTCATAAGCGCCTCA-1,GARQ,D5,0,40,39,6,0.032011747,Neutrophils
TCTCATAAGGGCTCTC-1,GARQ,D5,0,40,39,38,0.00962019,Platelet-bound monocytes
TCTCATAAGTGGAGTC-1,GARQ,D5,0,40,39,27,0.017168283,Erythroid 
TCTCATATCGACGGAA-1,GARQ,D5,0,40,39,19,0.007933736,CD56dim CD16bright NK
TCTCTAAAGCGATAGC-1,GARQ,D5,0,40,39,36,0.071243286,CD56dim CD16bright NK
TCTCTAACACTCGACG-1,GARQ,D5,0,40,39,25,0.054210782,Non classical monocytes
TCTCTAACATATGGTC-1,GARQ,D5,0,40,39,25,0.01309371,Non classical monocytes
TCTCTAACATTGCGGC-1,GARQ,D5,0,40,39,20,0.74471337,Memory B
TCTCTAATCCGGGTGT-1,GARQ,D5,0,40,39,20,0.43421948,Naive B
TCTGAGAAGGGCTCTC-1,GARQ,D5,0,40,39,16,0.03571081,CD56dim CD16bright NK
TCTGAGAAGGTAGCCA-1,GARQ,D5,0,40,39,10,0.03801775,CD56dim CD16bright NK
TCTGAGACAGGTCTCG-1,GARQ,D5,0,40,39,22,0.32970905,Non classical monocytes
TCTGAGACATGTTGAC-1,GARQ,D5,0,40,39,10,0.09908748,CD56dim CD16bright NK
TCTGAGAGTACCCAAT-1,GARQ,D5,0,40,39,8,0.039743185,CD56dim CD16bright NK
TCTGGAAAGAATCTCC-1,GARQ,D5,0,40,39,16,0.0030702353,CD56dim CD16bright NK
TCTGGAACAGACAAGC-1,GARQ,D5,0,40,39,2,0.07521939,CD4 memory
TCTGGAACATGCCACG-1,GARQ,D5,0,40,39,32,0.068481445,CD56dim CD16bright NK
TCTTCGGAGGTAAACT-1,GARQ,D5,0,40,39,2,0.04994476,CD8 memory
TCTTCGGAGTGCGATG-1,GARQ,D5,0,40,39,33,0.031282187,CD4 naive I
TCTTCGGCACGTAAGG-1,GARQ,D5,0,40,39,20,0.5050653,Naive B
TCTTCGGGTTGACGTT-1,GARQ,D5,0,40,39,16,0.14806116,CD56dim CD16bright NK
TCTTCGGTCATTTGGG-1,GARQ,D5,0,40,39,6,0.040414214,Classical monocytes
TCTTTCCCAATAGAGT-1,GARQ,D5,0,40,39,21,0.071076035,Platelet-bound monocytes
TCTTTCCCAATTGCTG-1,GARQ,D5,0,40,39,37,0.0032389164,Classical monocytes
TCTTTCCCACCCATTC-1,GARQ,D5,0,40,39,2,0.012444735,CD4 naive I
TCTTTCCCAGGCGATA-1,GARQ,D5,0,40,39,36,0.06828356,CD56dim CD16bright NK
TCTTTCCCATCTACGA-1,GARQ,D5,0,40,39,29,0.0157336,CD56dim CD16bright NK
TCTTTCCGTACCATCA-1,GARQ,D5,0,40,39,38,0.009015441,Platelet-bound monocytes
TCTTTCCTCTGATACG-1,GARQ,D5,0,40,39,6,0.07023883,Classical monocytes
TGAAAGAAGGAGTCTG-1,GARQ,D5,0,40,39,16,0.07307863,CD56dim CD16bright NK
TGAAAGACAAACTGTC-1,GARQ,D5,0,40,39,8,0.14177275,CD8 effector
TGAAAGACATGCATGT-1,GARQ,D5,0,40,39,38,0.051048875,Classical monocytes
TGAAAGAGTTCTGGTA-1,GARQ,D5,0,40,39,33,0.2011385,CD8 naive
TGACAACAGTGGGCTA-1,GARQ,D5,0,40,39,5,0.03557527,CD4 memory
TGACAACTCAACGGGA-1,GARQ,D5,0,40,39,6,0.004855156,Classical monocytes
TGACGGCAGATCCTGT-1,GARQ,D5,0,40,39,2,0.098860264,CD8 memory
TGACGGCAGGATGGAA-1,GARQ,D5,0,40,39,6,0.005992651,Non classical monocytes
TGACGGCCACGCGAAA-1,GARQ,D5,0,40,39,21,0.006155908,Classical monocytes
TGACGGCGTCATATCG-1,GARQ,D5,0,40,39,6,0.07617247,NK-monocyte doublets
TGACTAGAGAACAATC-1,GARQ,D5,0,40,39,21,0.027711272,Platelets
TGACTAGCAGTTCATG-1,GARQ,D5,0,40,39,20,0.47156954,Naive B
TGACTAGTCCGCGTTT-1,GARQ,D5,0,40,39,2,0.04019022,CD4 memory
TGACTAGTCGGCGGTT-1,GARQ,D5,0,40,39,32,0.14954424,CD8 effector
TGACTAGTCTGCCCTA-1,GARQ,D5,0,40,39,16,0.009433031,CD56bright CD16dim NK
TGACTTTAGCTGCGAA-1,GARQ,D5,0,40,39,19,0.010322571,CD56dim CD16bright NK
TGACTTTAGTGGACGT-1,GARQ,D5,0,40,39,2,0.10805917,CD8 naive
TGACTTTCAGACTCGC-1,GARQ,D5,0,40,39,16,0.0016036034,CD56dim CD16bright NK
TGACTTTCAGCCTATA-1,GARQ,D5,0,40,39,1,0.07382202,CD4 naive I
TGACTTTCAGTAAGCG-1,GARQ,D5,0,40,39,22,0.28029132,Non classical monocytes
TGACTTTCATGGGACA-1,GARQ,D5,0,40,39,8,0.037865996,CD56dim CD16bright NK
TGACTTTGTGCCTTGG-1,GARQ,D5,0,40,39,9,0.014530659,CD56dim CD16bright NK
TGACTTTGTGGTTTCA-1,GARQ,D5,0,40,39,20,0.3345033,Naive B
TGACTTTGTTAAAGTG-1,GARQ,D5,0,40,39,16,0.0901711,CD56dim CD16bright NK
TGACTTTTCTGGGCCA-1,GARQ,D5,0,40,39,22,0.081810236,Non classical monocytes
TGAGAGGAGAATTCCC-1,GARQ,D5,0,40,39,5,0.028540611,CD4 memory
TGAGAGGAGACAGAGA-1,GARQ,D5,0,40,39,36,0.119050264,CD56dim CD16bright NK
TGAGAGGAGTACGCGA-1,GARQ,D5,0,40,39,36,0.012359381,CD56dim CD16bright NK
TGAGAGGCAGTACACT-1,GARQ,D5,0,40,39,16,0.15901613,CD56dim CD16bright NK
TGAGAGGGTCATATCG-1,GARQ,D5,0,40,39,20,0.4205982,Naive B
TGAGAGGTCAGTTGAC-1,GARQ,D5,0,40,39,20,0.21302807,Plasma cells
TGAGAGGTCCCATTAT-1,GARQ,D5,0,40,39,38,0.04525423,NK-monocyte doublets
TGAGCATAGATGCGAC-1,GARQ,D5,0,40,39,2,0.054015517,CD4 naive I
TGAGCATAGTCGCCGT-1,GARQ,D5,0,40,39,17,0.033080935,CD56dim CD16bright NK
TGAGCATCAATCTACG-1,GARQ,D5,0,40,39,38,0.016886592,Classical monocytes
TGAGCATGTACAGTGG-1,GARQ,D5,0,40,39,6,0.0352211,Classical monocytes
TGAGCATTCTACTATC-1,GARQ,D5,0,40,39,38,0.025432825,Neutrophils
TGAGCCGAGTGGTAGC-1,GARQ,D5,0,40,39,38,0.016076684,Classical monocytes
TGAGCCGGTGTTCGAT-1,GARQ,D5,0,40,39,20,0.7074237,Naive B
TGAGGGAAGAACTCGG-1,GARQ,D5,0,40,39,20,0.4505884,Naive B
TGAGGGAAGGCATGTG-1,GARQ,D5,0,40,39,2,0.037844777,CD4 naive I
TGAGGGACAATGACCT-1,GARQ,D5,0,40,39,6,0.060478806,Classical monocytes
TGATTTCAGAAGGCCT-1,GARQ,D5,0,40,39,30,0.08941746,CD56dim CD16bright NK
TGATTTCCAGCAGTTT-1,GARQ,D5,0,40,39,29,0.010731816,CD56bright CD16dim NK
TGATTTCCAGGCTCAC-1,GARQ,D5,0,40,39,38,0.054837465,Classical monocytes
TGATTTCGTGAACCTT-1,GARQ,D5,0,40,39,38,0.022473335,Classical monocytes
TGATTTCGTTAGTGGG-1,GARQ,D5,0,40,39,16,0.03472686,CD56dim CD16bright NK
TGCACCTAGTCCTCCT-1,GARQ,D5,0,40,39,6,0.010709524,Classical monocytes
TGCACCTCAAACCCAT-1,GARQ,D5,0,40,39,12,0.020583749,CD56bright CD16dim NK
TGCCAAAAGCGATCCC-1,GARQ,D5,0,40,39,2,0.082862854,CD8 memory
TGCCAAATCTACTCAT-1,GARQ,D5,0,40,39,22,0.056420684,Non classical monocytes
TGCCCATAGTTTCCTT-1,GARQ,D5,0,40,39,36,0.027317286,CD56dim CD16bright NK
TGCCCATCACCGATAT-1,GARQ,D5,0,40,39,33,0.116650224,CD8 naive
TGCCCATTCCTATGTT-1,GARQ,D5,0,40,39,24,0.02761817,CD8 memory
TGCCCTAAGTACGCGA-1,GARQ,D5,0,40,39,25,0.016463518,Non classical monocytes
TGCCCTACAAACAACA-1,GARQ,D5,0,40,39,9,0.004277408,CD56dim CD16bright NK
TGCCCTACACGGCGTT-1,GARQ,D5,0,40,39,21,0.021915555,MAIT-NKT cells
TGCCCTACAGCTCGAC-1,GARQ,D5,0,40,39,2,0.00022959709,CD4 naive II
TGCGCAGAGATCCTGT-1,GARQ,D5,0,40,39,10,0.070109844,CD56bright CD16dim NK
TGCGCAGCAAGCCGCT-1,GARQ,D5,0,40,39,24,0.014090061,gdT cells
TGCGCAGGTGATAAAC-1,GARQ,D5,0,40,39,32,0.08485401,gdT cells
TGCGCAGTCGCATGGC-1,GARQ,D5,0,40,39,16,0.03760028,Proliferating T and NK cell
TGCGCAGTCGGAATCT-1,GARQ,D5,0,40,39,16,0.037682533,CD56dim CD16bright NK
TGCGCAGTCTGTACGA-1,GARQ,D5,0,40,39,6,0.067335844,NK-monocyte doublets
TGCGGGTAGCTAGTCT-1,GARQ,D5,0,40,39,26,0.04282278,CD56dim CD16bright NK
TGCGGGTAGTCATGCT-1,GARQ,D5,0,40,39,6,0.010762215,Classical monocytes
TGCGGGTAGTCCAGGA-1,GARQ,D5,0,40,39,38,0.0076158047,Classical monocytes
TGCGGGTCAAGAGGCT-1,GARQ,D5,0,40,39,25,0.068761826,Non classical monocytes
TGCGGGTCAGCCTTGG-1,GARQ,D5,0,40,39,16,0.011211157,CD56dim CD16bright NK
TGCGGGTGTAATAGCA-1,GARQ,D5,0,40,39,16,0.05247593,CD56dim CD16bright NK
TGCGGGTGTAGAGCTG-1,GARQ,D5,0,40,39,30,0.040904522,CD56dim CD16bright NK
TGCGGGTGTCCGTTAA-1,GARQ,D5,0,40,39,20,0.60596675,Naive B
TGCGGGTGTCTGGTCG-1,GARQ,D5,0,40,39,33,0.056640506,CD8 naive
TGCGGGTTCATGTGGT-1,GARQ,D5,0,40,39,32,0.0025379658,gdT cells
TGCGTGGAGCCAGTAG-1,GARQ,D5,0,40,39,2,0.037429214,CD4 naive I
TGCGTGGAGGGTCGAT-1,GARQ,D5,0,40,39,38,0.016665578,Neutrophils
TGCGTGGCAAGACACG-1,GARQ,D5,0,40,39,2,0.07362616,CD4 memory
TGCGTGGCAAGCCATT-1,GARQ,D5,0,40,39,20,0.15431881,T-NK-B cell doublets
TGCGTGGCACGAGGTA-1,GARQ,D5,0,40,39,39,0.010438561,CD56dim CD16bright NK
TGCGTGGTCGACGGAA-1,GARQ,D5,0,40,39,19,0.026647687,Proliferating T and NK cell
TGCTACCAGCAAATCA-1,GARQ,D5,0,40,39,22,0.1632775,Non classical monocytes
TGCTACCTCGGCTTGG-1,GARQ,D5,0,40,39,20,1.1083992,Memory B
TGCTACCTCGTACCGG-1,GARQ,D5,0,40,39,7,0.008294225,CD8 memory
TGCTGCTAGCTCAACT-1,GARQ,D5,0,40,39,20,0.079389036,T-NK-B cell doublets
TGCTGCTAGTGTCCCG-1,GARQ,D5,0,40,39,22,0.18585348,Non classical monocytes
TGCTGCTGTTCCATGA-1,GARQ,D5,0,40,39,16,0.023512363,CD56dim CD16bright NK
TGCTGCTTCTCGGACG-1,GARQ,D5,0,40,39,24,0.063673615,MAIT-NKT cells
TGGACGCAGACCTTTG-1,GARQ,D5,0,40,39,27,0.021189809,CD4 memory
TGGACGCAGAGTGACC-1,GARQ,D5,0,40,39,30,0.014004111,CD56dim CD16bright NK
TGGACGCGTGCAGTAG-1,GARQ,D5,0,40,39,32,0.004881382,CD56dim CD16bright NK
TGGACGCTCGCGATCG-1,GARQ,D5,0,40,39,2,0.109642506,CD4 naive I
TGGACGCTCTACCAGA-1,GARQ,D5,0,40,39,32,0.06808329,CD8 memory
TGGCCAGAGCCGATTT-1,GARQ,D5,0,40,39,16,0.034121513,CD56dim CD16bright NK
TGGCCAGAGGACAGCT-1,GARQ,D5,0,40,39,33,0.021636963,CD4 naive II
TGGCCAGAGGCAGGTT-1,GARQ,D5,0,40,39,36,0.07133496,CD56dim CD16bright NK
TGGCCAGGTTTGGGCC-1,GARQ,D5,0,40,39,32,0.041520834,CD8 effector
TGGCCAGTCAAACCGT-1,GARQ,D5,0,40,39,1,0.04636836,CD4 naive I
TGGCCAGTCTGCCCTA-1,GARQ,D5,0,40,39,32,0.055770278,MAIT-NKT cells
TGGCGCACACCGATAT-1,GARQ,D5,0,40,39,32,0.14375877,CD8 effector
TGGCTGGAGAGACTTA-1,GARQ,D5,0,40,39,8,0.069741845,CD56dim CD16bright NK
TGGCTGGAGTTAAGTG-1,GARQ,D5,0,40,39,6,0.013546467,Classical monocytes
TGGCTGGCATACGCTA-1,GARQ,D5,0,40,39,6,0.06609559,Classical monocytes
TGGCTGGGTACAAGTA-1,GARQ,D5,0,40,39,1,0.19821489,Erythroid 
TGGCTGGGTGGTACAG-1,GARQ,D5,0,40,39,33,0.036892414,CD8 naive
TGGCTGGTCTACTTAC-1,GARQ,D5,0,40,39,36,0.01333642,CD56dim CD16bright NK
TGGGAAGAGATGGGTC-1,GARQ,D5,0,40,39,20,0.32940996,Naive B
TGGGAAGCATCATCCC-1,GARQ,D5,0,40,39,37,0.003140688,Neutrophils
TGGGAAGGTAGCGCTC-1,GARQ,D5,0,40,39,5,0.041889906,CD4 naive I
TGGGAAGTCCTCAATT-1,GARQ,D5,0,40,39,16,0.0004695654,CD56dim CD16bright NK
TGGGAAGTCTACCAGA-1,GARQ,D5,0,40,39,16,0.19701672,CD56dim CD16bright NK
TGGGAAGTCTGGAGCC-1,GARQ,D5,0,40,39,20,0.48928607,Naive B
TGGGAAGTCTTCCTTC-1,GARQ,D5,0,40,39,1,0.08335543,Erythroid 
TGGGCGTCACCCAGTG-1,GARQ,D5,0,40,39,6,0.04503846,T-NK-B cell doublets
TGGGCGTCACGTGAGA-1,GARQ,D5,0,40,39,11,0.012302041,CD56dim CD16bright NK
TGGGCGTTCACATAGC-1,GARQ,D5,0,40,39,24,0.018589735,CD56dim CD16bright NK
TGGGCGTTCTCTGCTG-1,GARQ,D5,0,40,39,16,0.02533257,CD56dim CD16bright NK
TGGTTAGCAGACAAGC-1,GARQ,D5,0,40,39,38,0.07408941,Classical monocytes
TGGTTAGTCGTGGTCG-1,GARQ,D5,0,40,39,36,0.10292816,CD56dim CD16bright NK
TGGTTCCCAAACAACA-1,GARQ,D5,0,40,39,33,0.020543098,CD4 naive I
TGGTTCCCAATACGCT-1,GARQ,D5,0,40,39,32,0.0005674362,gdT cells
TGGTTCCGTACATGTC-1,GARQ,D5,0,40,39,22,0.17673826,Non classical monocytes
TGGTTCCTCATATCGG-1,GARQ,D5,0,40,39,2,0.04059565,CD4 naive I
TGTATTCAGCGGATCA-1,GARQ,D5,0,40,39,32,0.12504148,CD8 effector
TGTATTCAGTCAATAG-1,GARQ,D5,0,40,39,2,0.07368362,CD8 memory
TGTATTCGTCGAACAG-1,GARQ,D5,0,40,39,33,0.00077342987,CD8 memory
TGTATTCTCCATGAGT-1,GARQ,D5,0,40,39,23,0.036459684,MAIT-NKT cells
TGTCCCAAGCCACGTC-1,GARQ,D5,0,40,39,36,0.24734926,CD56dim CD16bright NK
TGTCCCAAGGTAGCCA-1,GARQ,D5,0,40,39,10,0.011031151,CD56dim CD16bright NK
TGTCCCATCGACAGCC-1,GARQ,D5,0,40,39,31,0.00071310997,CD8 memory
TGTGGTAAGTGCGTGA-1,GARQ,D5,0,40,39,20,0.48766506,Memory B
TGTGGTAGTCTAGCCG-1,GARQ,D5,0,40,39,16,0.06345141,CD56dim CD16bright NK
TGTGTTTGTCTCCACT-1,GARQ,D5,0,40,39,27,0.061546803,CD4 naive I
TGTGTTTGTTCGTTGA-1,GARQ,D5,0,40,39,20,0.18752265,Naive B
TGTGTTTGTTGTGGAG-1,GARQ,D5,0,40,39,11,0.016028762,CD56dim CD16bright NK
TGTGTTTTCTTGTACT-1,GARQ,D5,0,40,39,10,0.003646493,CD56dim CD16bright NK
TGTTCCGAGCAATCTC-1,GARQ,D5,0,40,39,10,0.09456384,CD56dim CD16bright NK
TGTTCCGAGCCCAACC-1,GARQ,D5,0,40,39,38,0.033143282,Neutrophils
TGTTCCGAGGCATGGT-1,GARQ,D5,0,40,39,6,0.02929449,NK-monocyte doublets
TGTTCCGAGTCGTTTG-1,GARQ,D5,0,40,39,16,0.15845275,CD56dim CD16bright NK
TGTTCCGAGTTACGGG-1,GARQ,D5,0,40,39,0,0.020325303,CD56dim CD16bright NK
TGTTCCGCAACACGCC-1,GARQ,D5,0,40,39,33,0.049361706,CD4 naive I
TGTTCCGCAAGCGTAG-1,GARQ,D5,0,40,39,30,0.006251216,CD56dim CD16bright NK
TGTTCCGGTAGCGTCC-1,GARQ,D5,0,40,39,23,0.039824843,MAIT-NKT cells
TGTTCCGGTCAAGCGA-1,GARQ,D5,0,40,39,29,0.09002423,CD56bright CD16dim NK
TTAACTCAGGTGTGGT-1,GARQ,D5,0,40,39,20,0.504516,Memory B
TTAACTCGTATCAGTC-1,GARQ,D5,0,40,39,32,0.036284924,CD8 effector
TTAACTCGTGTTTGGT-1,GARQ,D5,0,40,39,2,0.005669832,CD4 naive I
TTAGGACAGAGTGAGA-1,GARQ,D5,0,40,39,16,0.014127374,CD56dim CD16bright NK
TTAGGACAGATACACA-1,GARQ,D5,0,40,39,16,0.0038532019,CD56dim CD16bright NK
TTAGGACCATGCAACT-1,GARQ,D5,0,40,39,32,0.06381643,MAIT-NKT cells
TTAGGACCATGTAGTC-1,GARQ,D5,0,40,39,16,0.12530684,CD56dim CD16bright NK
TTAGGACGTTTAAGCC-1,GARQ,D5,0,40,39,20,0.6182802,Naive B
TTAGGACTCTGCGGCA-1,GARQ,D5,0,40,39,32,0.08520043,CD8 effector
TTAGGCAAGCAAATCA-1,GARQ,D5,0,40,39,20,0.03896582,T-NK-B cell doublets
TTAGGCAAGTTAACGA-1,GARQ,D5,0,40,39,2,0.10503292,CD4 memory
TTAGGCACAAGGACTG-1,GARQ,D5,0,40,39,2,0.04481542,CD4 memory
TTAGGCACATTTGCTT-1,GARQ,D5,0,40,39,1,0.07226765,CD4 naive II
TTAGGCATCCTTCAAT-1,GARQ,D5,0,40,39,37,0.0059388876,Classical monocytes
TTAGTTCAGACAGAGA-1,GARQ,D5,0,40,39,38,0.00018644333,Classical monocytes
TTAGTTCCAATCAGAA-1,GARQ,D5,0,40,39,33,0.014386892,CD4 memory
TTAGTTCGTAATTGGA-1,GARQ,D5,0,40,39,9,0.123933256,conventional DC
TTAGTTCGTCAGATAA-1,GARQ,D5,0,40,39,32,0.052577734,CD8 effector
TTAGTTCGTGTTTGGT-1,GARQ,D5,0,40,39,36,0.02858591,CD56dim CD16bright NK
TTAGTTCGTTTGACAC-1,GARQ,D5,0,40,39,29,0.0044493675,CD8 effector
TTAGTTCTCTGGGCCA-1,GARQ,D5,0,40,39,20,0.093598664,T-NK-B cell doublets
TTATGCTAGATGTGGC-1,GARQ,D5,0,40,39,32,0.027096987,CD8 memory
TTATGCTAGCGTGAAC-1,GARQ,D5,0,40,39,11,0.05033028,CD56dim CD16bright NK
TTATGCTCAATCCGAT-1,GARQ,D5,0,40,39,33,0.015801907,CD4 naive II
TTATGCTGTCTAGAGG-1,GARQ,D5,0,40,39,32,0.06313419,gdT cells
TTATGCTTCGCTTGTC-1,GARQ,D5,0,40,39,6,0.06327844,Classical monocytes
TTCCCAGAGCCATCGC-1,GARQ,D5,0,40,39,20,0.014863968,T-NK-B cell doublets
TTCCCAGCAGCTGCTG-1,GARQ,D5,0,40,39,2,0.048378468,MAIT-NKT cells
TTCCCAGCATGCAACT-1,GARQ,D5,0,40,39,2,0.018008947,CD4 naive I
TTCCCAGGTCGCATCG-1,GARQ,D5,0,40,39,2,0.06499314,CD4 naive I
TTCCCAGGTTAAGGGC-1,GARQ,D5,0,40,39,32,0.07110715,MAIT-NKT cells
TTCGAAGAGAGCAATT-1,GARQ,D5,0,40,39,36,0.0019993782,CD56dim CD16bright NK
TTCGAAGCAATGACCT-1,GARQ,D5,0,40,39,33,0.099730015,CD8 naive
TTCGAAGGTACGAAAT-1,GARQ,D5,0,40,39,10,0.12269437,CD56dim CD16bright NK
TTCGAAGGTAGGGACT-1,GARQ,D5,0,40,39,22,0.063812494,Non classical monocytes
TTCGGTCCATCGGGTC-1,GARQ,D5,0,40,39,20,0.45501924,Naive B
TTCGGTCGTGCAGTAG-1,GARQ,D5,0,40,39,33,0.021330595,CD4 memory
TTCGGTCTCGACCAGC-1,GARQ,D5,0,40,39,2,0.10664511,CD4 naive I
TTCTACAAGATCCGAG-1,GARQ,D5,0,40,39,22,0.11518443,Classical monocytes
TTCTACAAGGTGTTAA-1,GARQ,D5,0,40,39,2,0.121750236,CD4 memory
TTCTACAGTCCAGTTA-1,GARQ,D5,0,40,39,11,0.003062725,CD56dim CD16bright NK
TTCTACATCCTGTACC-1,GARQ,D5,0,40,39,20,0.55098283,Naive B
TTCTACATCCTTGCCA-1,GARQ,D5,0,40,39,6,0.009790182,Classical monocytes
TTCTCAACAACTTGAC-1,GARQ,D5,0,40,39,23,0.009043574,MAIT-NKT cells
TTCTCAAGTTGATTCG-1,GARQ,D5,0,40,39,6,0.020114422,Classical monocytes
TTCTCAATCCAGGGCT-1,GARQ,D5,0,40,39,2,0.11669445,CD4 memory
TTCTCCTAGGATTCGG-1,GARQ,D5,0,40,39,20,1.1166067,Memory B
TTCTCCTCAAGCCCAC-1,GARQ,D5,0,40,39,2,0.17705464,CD4 memory
TTCTCCTCAGCCACCA-1,GARQ,D5,0,40,39,36,0.022709072,CD56dim CD16bright NK
TTCTCCTGTAGAAAGG-1,GARQ,D5,0,40,39,2,0.052007675,CD4 naive II
TTCTCCTGTAGCAAAT-1,GARQ,D5,0,40,39,6,0.022819519,Classical monocytes
TTCTCCTTCATGTCCC-1,GARQ,D5,0,40,39,32,0.035128713,CD8 effector
TTCTTAGAGCCCAGCT-1,GARQ,D5,0,40,39,6,0.0024228096,Classical monocytes
TTCTTAGCACGCGAAA-1,GARQ,D5,0,40,39,38,0.00626719,Classical monocytes
TTCTTAGTCACGACTA-1,GARQ,D5,0,40,39,20,0.28609514,Naive B
TTGAACGAGCTAGTGG-1,GARQ,D5,0,40,39,16,0.15218878,CD56dim CD16bright NK
TTGAACGCAATCTACG-1,GARQ,D5,0,40,39,30,0.0005617142,NK-T doublets
TTGAACGTCATGCATG-1,GARQ,D5,0,40,39,16,0.07175863,CD56dim CD16bright NK
TTGAACGTCCTTTCTC-1,GARQ,D5,0,40,39,2,0.09259355,CD4 naive I
TTGAACGTCTACTTAC-1,GARQ,D5,0,40,39,16,0.059302688,CD56dim CD16bright NK
TTGACTTAGCACCGTC-1,GARQ,D5,0,40,39,6,0.00828886,Classical monocytes
TTGACTTAGTGACTCT-1,GARQ,D5,0,40,39,16,0.08953071,CD56dim CD16bright NK
TTGACTTGTACGCTGC-1,GARQ,D5,0,40,39,20,0.38308036,Naive B
TTGACTTTCCCATTAT-1,GARQ,D5,0,40,39,6,0.07158601,Classical monocytes
TTGCCGTAGTTAGCGG-1,GARQ,D5,0,40,39,2,0.05850756,CD8 naive
TTGCCGTTCACGACTA-1,GARQ,D5,0,40,39,21,0.0077432394,NK-monocyte doublets
TTGCGTCAGCCGGTAA-1,GARQ,D5,0,40,39,38,0.031266928,NK-monocyte doublets
TTGCGTCCAACGATCT-1,GARQ,D5,0,40,39,38,0.06316233,NK-monocyte doublets
TTGCGTCCAGCCTTGG-1,GARQ,D5,0,40,39,20,0.124050856,conventional DC
TTGCGTCGTTGCGTTA-1,GARQ,D5,0,40,39,3,0.007964373,CD56dim CD16bright NK
TTGGAACAGCGTTGCC-1,GARQ,D5,0,40,39,2,0.09660959,CD4 memory
TTGGAACTCGGCGCTA-1,GARQ,D5,0,40,39,20,0.6267036,Naive B
TTGGCAACAAACCTAC-1,GARQ,D5,0,40,39,11,0.036398888,CD56dim CD16bright NK
TTGGCAATCGCAAACT-1,GARQ,D5,0,40,39,32,0.10513902,CD8 effector
TTGGCAATCTGATTCT-1,GARQ,D5,0,40,39,32,0.060513973,CD8 effector
TTGTAGGGTATAGGGC-1,GARQ,D5,0,40,39,3,0.007982492,NK-T doublets
TTGTAGGTCACATAGC-1,GARQ,D5,0,40,39,6,0.026588202,Neutrophils
TTGTAGGTCATTATCC-1,GARQ,D5,0,40,39,1,0.058982015,CD4 naive I
TTGTAGGTCCTTCAAT-1,GARQ,D5,0,40,39,38,0.053597927,Classical monocytes
TTTACTGAGATGTGTA-1,GARQ,D5,0,40,39,33,0.054047108,CD8 naive
TTTACTGAGATTACCC-1,GARQ,D5,0,40,39,2,0.033596277,CD8 memory
TTTACTGAGTTTAGGA-1,GARQ,D5,0,40,39,16,0.06874424,CD56dim CD16bright NK
TTTACTGCAGTCCTTC-1,GARQ,D5,0,40,39,2,0.09683943,CD4 memory
TTTACTGGTATAGGGC-1,GARQ,D5,0,40,39,10,0.013378859,CD56dim CD16bright NK
TTTACTGTCCTAGGGC-1,GARQ,D5,0,40,39,10,0.04709804,CD56dim CD16bright NK
TTTACTGTCTCACATT-1,GARQ,D5,0,40,39,36,0.003098011,CD56dim CD16bright NK
TTTATGCAGGTACTCT-1,GARQ,D5,0,40,39,32,0.07949841,CD8 effector
TTTATGCTCAGCCTAA-1,GARQ,D5,0,40,39,20,0.55139357,Memory B
TTTCCTCAGTGAAGAG-1,GARQ,D5,0,40,39,36,0.01038003,CD56bright CD16dim NK
TTTCCTCCACAGCCCA-1,GARQ,D5,0,40,39,8,0.0063682795,CD56dim CD16bright NK
TTTCCTCTCCCATTAT-1,GARQ,D5,0,40,39,16,0.04857838,CD56dim CD16bright NK
TTTGCGCAGATACACA-1,GARQ,D5,0,40,39,8,0.15164304,CD8 effector
TTTGCGCAGCGATAGC-1,GARQ,D5,0,40,39,6,0.03568983,Platelet-bound monocytes
TTTGCGCGTATCACCA-1,GARQ,D5,0,40,39,32,0.038576007,gdT cells
TTTGCGCGTTCGCGAC-1,GARQ,D5,0,40,39,20,0.5469769,Memory B
TTTGCGCTCCATGAGT-1,GARQ,D5,0,40,39,2,0.042243958,CD4 naive I
TTTGCGCTCTGTTGAG-1,GARQ,D5,0,40,39,20,0.2959783,Memory B
TTTGGTTGTCGCGTGT-1,GARQ,D5,0,40,39,10,0.13353157,CD56dim CD16bright NK
TTTGTCAGTAAGTGTA-1,GARQ,D5,0,40,39,2,0.0017027855,CD8 naive
TTTGTCAGTATCGCAT-1,GARQ,D5,0,40,39,10,0.029494166,CD56dim CD16bright NK
TTTGTCATCCAAGTAC-1,GARQ,D5,0,40,39,20,0.48661977,Naive B
TTTGTCATCGAATGGG-1,GARQ,D5,0,40,39,22,0.23913145,Non classical monocytes
TTTGTCATCTTTAGTC-1,GARQ,D5,0,40,39,2,0.16896212,CD4 memory
