cell_id,method,dataset,seed,requested_K,realized_K,metacell_id,delta_confidence,cell_type
AAACCTGAGATACACA-1,GARQ,D5,4,40,36,27,0.019050598,CD56dim CD16bright NK
AAACCTGCAATGCCAT-1,GARQ,D5,4,40,36,11,0.0046942234,CD56dim CD16bright NK
AAACCTGCAGCGTAAG-1,GARQ,D5,4,40,36,31,0.032040954,CD56dim CD16bright NK
AAACCTGCATATGAGA-1,GARQ,D5,4,40,36,22,0.0363487,NK-monocyte doublets
AAACCTGGTACGAAAT-1,GARQ,D5,4,40,36,8,0.06438792,CD4 memory
AAACCTGGTCATATGC-1,GARQ,D5,4,40,36,24,0.027048588,Classical monocytes
AAACGGGAGAGACTAT-1,GARQ,D5,4,40,36,8,0.18498051,CD4 naive I
AAACGGGCACGGCTAC-1,GARQ,D5,4,40,36,24,0.046483397,Classical monocytes
AAACGGGTCTGGGCCA-1,GARQ,D5,4,40,36,6,0.041603327,CD56dim CD16bright NK
AAAGATGCAAACTGTC-1,GARQ,D5,4,40,36,22,0.076645374,T-NK-B cell doublets
AAAGATGGTCAACATC-1,GARQ,D5,4,40,36,6,0.056306124,gdT cells
AAAGATGGTCGAAAGC-1,GARQ,D5,4,40,36,29,0.17442751,NK-monocyte doublets
AAAGCAACACAACGCC-1,GARQ,D5,4,40,36,24,0.04703653,Classical monocytes
AAAGCAACAGCGATCC-1,GARQ,D5,4,40,36,6,0.11771679,gdT cells
AAAGCAACAGTTAACC-1,GARQ,D5,4,40,36,24,0.042154312,conventional DC
AAAGCAACATTGGCGC-1,GARQ,D5,4,40,36,6,0.019138575,NK-T doublets
AAAGCAATCGGAGCAA-1,GARQ,D5,4,40,36,27,0.13273108,CD56dim CD16bright NK
AAAGTAGAGATCTGAA-1,GARQ,D5,4,40,36,24,0.08237064,Classical monocytes
AAAGTAGCACCGAATT-1,GARQ,D5,4,40,36,27,0.058072925,CD56bright CD16dim NK
AAAGTAGGTAGGGACT-1,GARQ,D5,4,40,36,6,0.0774734,gdT cells
AAAGTAGGTATCACCA-1,GARQ,D5,4,40,36,3,0.13294828,MAIT-NKT cells
AAAGTAGGTTACCGAT-1,GARQ,D5,4,40,36,24,0.040676832,Neutrophils
AAAGTAGGTTGCGCAC-1,GARQ,D5,4,40,36,9,0.010297477,CD8 memory
AAATGCCGTCCAGTAT-1,GARQ,D5,4,40,36,27,0.013287783,CD56dim CD16bright NK
AAATGCCTCACCACCT-1,GARQ,D5,4,40,36,10,0.11386335,CD4 and CD8 activated memory
AAATGCCTCTTAGCCC-1,GARQ,D5,4,40,36,9,0.01242739,CD4 naive I
AACACGTAGGCCCTTG-1,GARQ,D5,4,40,36,39,0.014693975,NK-T doublets
AACACGTAGGCTAGAC-1,GARQ,D5,4,40,36,29,0.17323017,CD56dim CD16bright NK
AACACGTCACCGTTGG-1,GARQ,D5,4,40,36,11,0.06446707,CD56dim CD16bright NK
AACACGTCAGACGTAG-1,GARQ,D5,4,40,36,7,0.035206437,CD56dim CD16bright NK
AACACGTCATTAACCG-1,GARQ,D5,4,40,36,24,0.051184654,Platelet-bound monocytes
AACACGTGTCGTTGTA-1,GARQ,D5,4,40,36,24,0.027749777,Neutrophils
AACACGTGTGCTGTAT-1,GARQ,D5,4,40,36,26,0.053510427,Naive B
AACACGTGTTTAGCTG-1,GARQ,D5,4,40,36,27,0.092642784,CD56dim CD16bright NK
AACCATGAGGCCATAG-1,GARQ,D5,4,40,36,27,0.06332326,CD56dim CD16bright NK
AACCATGCAGCCAGAA-1,GARQ,D5,4,40,36,6,0.092764854,NK-T doublets
AACCATGGTACAGCAG-1,GARQ,D5,4,40,36,27,0.07867885,CD56dim CD16bright NK
AACCGCGAGTATCTCG-1,GARQ,D5,4,40,36,26,0.093205154,Memory B
AACCGCGGTTGTACAC-1,GARQ,D5,4,40,36,27,0.3633921,CD56dim CD16bright NK
AACCGCGTCGCCAAAT-1,GARQ,D5,4,40,36,8,0.07961416,CD4 naive I
AACGTTGAGACTGTAA-1,GARQ,D5,4,40,36,27,0.26724768,CD56dim CD16bright NK
AACGTTGCAGGGATTG-1,GARQ,D5,4,40,36,8,0.046783924,CD4 naive I
AACGTTGTCGAGAACG-1,GARQ,D5,4,40,36,8,0.03281212,CD8 naive
AACTCAGAGAGTCGGT-1,GARQ,D5,4,40,36,8,0.109398365,CD8 naive
AACTCAGAGTGATCGG-1,GARQ,D5,4,40,36,27,0.0003259182,CD56bright CD16dim NK
AACTCAGAGTTAACGA-1,GARQ,D5,4,40,36,10,0.103179574,gdT cells
AACTCAGCACAGACAG-1,GARQ,D5,4,40,36,27,0.15089893,CD56dim CD16bright NK
AACTCAGGTTAAGACA-1,GARQ,D5,4,40,36,8,0.11830282,CD8 naive
AACTCAGTCGCAAACT-1,GARQ,D5,4,40,36,8,0.02939868,CD4 naive I
AACTCCCCAGGTTTCA-1,GARQ,D5,4,40,36,8,0.04863572,CD8 naive
AACTCTTGTGGCAAAC-1,GARQ,D5,4,40,36,16,0.005546093,CD56dim CD16bright NK
AACTCTTGTGGCTCCA-1,GARQ,D5,4,40,36,8,0.03591883,CD8 naive
AACTCTTTCCGCATCT-1,GARQ,D5,4,40,36,27,0.022119284,CD56bright CD16dim NK
AACTCTTTCGCCAGCA-1,GARQ,D5,4,40,36,29,0.04360342,CD56dim CD16bright NK
AACTGGTAGTGGGATC-1,GARQ,D5,4,40,36,0,0.052816868,Regulatory T cells
AACTGGTCAGACGCCT-1,GARQ,D5,4,40,36,5,0.009176493,CD56bright CD16dim NK
AACTGGTCATCGGTTA-1,GARQ,D5,4,40,36,8,0.056681514,CD8 naive
AACTGGTGTCTGGAGA-1,GARQ,D5,4,40,36,6,0.030015707,CD8 memory
AACTGGTTCAAGAAGT-1,GARQ,D5,4,40,36,27,0.08389175,CD56dim CD16bright NK
AACTGGTTCGCGGATC-1,GARQ,D5,4,40,36,8,0.0011794567,CD4 naive I
AACTGGTTCGGAATCT-1,GARQ,D5,4,40,36,9,0.010836005,CD4 memory
AACTGGTTCTCGCATC-1,GARQ,D5,4,40,36,11,0.061848998,CD56dim CD16bright NK
AACTTTCAGCCTTGAT-1,GARQ,D5,4,40,36,27,0.1667409,CD56dim CD16bright NK
AACTTTCAGGGCATGT-1,GARQ,D5,4,40,36,26,0.13453174,Naive B
AACTTTCCAGGCTCAC-1,GARQ,D5,4,40,36,27,0.13923979,CD56dim CD16bright NK
AACTTTCCATATGAGA-1,GARQ,D5,4,40,36,24,0.035150766,Neutrophils
AACTTTCCATCTCCCA-1,GARQ,D5,4,40,36,11,0.036306858,CD56dim CD16bright NK
AACTTTCGTGGCGAAT-1,GARQ,D5,4,40,36,27,0.04327488,CD56dim CD16bright NK
AACTTTCTCGCGATCG-1,GARQ,D5,4,40,36,8,0.116359234,CD4 memory
AACTTTCTCGGTCTAA-1,GARQ,D5,4,40,36,27,0.1263535,CD56dim CD16bright NK
AAGACCTAGTTCGATC-1,GARQ,D5,4,40,36,27,0.041461706,CD56dim CD16bright NK
AAGACCTCACTCAGGC-1,GARQ,D5,4,40,36,27,0.06603813,CD56dim CD16bright NK
AAGACCTCAGTGGAGT-1,GARQ,D5,4,40,36,8,0.03816724,CD4 naive I
AAGACCTTCAAGAAGT-1,GARQ,D5,4,40,36,24,0.019970298,Platelet-bound monocytes
AAGCCGCAGCCAGTTT-1,GARQ,D5,4,40,36,6,0.11239672,CD8 effector
AAGCCGCCAAACTGCT-1,GARQ,D5,4,40,36,24,0.18161559,Classical monocytes
AAGCCGCCAACGCACC-1,GARQ,D5,4,40,36,6,0.03495264,NK-T doublets
AAGCCGCCAAGCCGCT-1,GARQ,D5,4,40,36,12,0.19090432,conventional DC
AAGCCGCGTCATATCG-1,GARQ,D5,4,40,36,27,0.028325558,CD56dim CD16bright NK
AAGGAGCAGGCAGTCA-1,GARQ,D5,4,40,36,6,0.06970644,gdT cells
AAGGAGCCATCAGTAC-1,GARQ,D5,4,40,36,36,0.017368078,Regulatory T cells
AAGGAGCCATGGTAGG-1,GARQ,D5,4,40,36,8,0.08579457,CD4 naive I
AAGGAGCGTTAGTGGG-1,GARQ,D5,4,40,36,22,0.0958575,Neutrophils
AAGGAGCTCTGCCAGG-1,GARQ,D5,4,40,36,8,0.05460632,CD4 memory
AAGGCAGAGTACATGA-1,GARQ,D5,4,40,36,26,0.065068066,Naive B
AAGGCAGCACCGTTGG-1,GARQ,D5,4,40,36,0,0.025627136,CD4 memory
AAGGCAGCACTAAGTC-1,GARQ,D5,4,40,36,6,0.0737257,CD8 memory
AAGGCAGCATAAGACA-1,GARQ,D5,4,40,36,8,0.120937705,CD4 naive I
AAGGCAGCATCAGTCA-1,GARQ,D5,4,40,36,7,0.039171875,CD8 effector
AAGGCAGGTAAAGTCA-1,GARQ,D5,4,40,36,6,0.115635276,gdT cells
AAGGCAGTCGGTGTTA-1,GARQ,D5,4,40,36,23,0.09125042,Erythroid 
AAGGCAGTCGTACGGC-1,GARQ,D5,4,40,36,24,0.054951668,Classical monocytes
AAGGTTCCATTACCTT-1,GARQ,D5,4,40,36,27,0.050251484,CD56dim CD16bright NK
AAGGTTCGTACAGTGG-1,GARQ,D5,4,40,36,26,0.16656971,Memory B
AATCCAGCATTACCTT-1,GARQ,D5,4,40,36,11,0.028144121,CD56dim CD16bright NK
AATCCAGGTAACGTTC-1,GARQ,D5,4,40,36,36,0.0874877,CD4 memory
AATCCAGGTCATTAGC-1,GARQ,D5,4,40,36,8,0.16131568,CD4 memory
AATCCAGGTCGCGAAA-1,GARQ,D5,4,40,36,23,0.048660398,Erythroid 
AATCCAGGTTATGCGT-1,GARQ,D5,4,40,36,26,0.21575868,Naive B
AATCGGTAGGCAGTCA-1,GARQ,D5,4,40,36,22,0.11058986,Neutrophils
AATCGGTAGTACTTGC-1,GARQ,D5,4,40,36,8,0.012635708,CD4 memory
AATCGGTCAAGCCATT-1,GARQ,D5,4,40,36,6,0.12686062,CD8 effector
AATCGGTCACACGCTG-1,GARQ,D5,4,40,36,25,0.026027203,CD4 and CD8 activated memory
AATCGGTCACGGCTAC-1,GARQ,D5,4,40,36,24,0.008632898,Neutrophils
AATCGGTGTCCGAGTC-1,GARQ,D5,4,40,36,8,0.003313303,CD4 memory
AATCGGTTCAGTGTTG-1,GARQ,D5,4,40,36,9,0.029407501,CD8 naive
AATCGGTTCTGGTATG-1,GARQ,D5,4,40,36,1,0.005110264,CD8 effector
ACACCAAAGGATGGAA-1,GARQ,D5,4,40,36,8,0.15997481,CD4 memory
ACACCAAAGTCATCCA-1,GARQ,D5,4,40,36,24,0.12626958,Classical monocytes
ACACCAATCCAGTATG-1,GARQ,D5,4,40,36,8,0.19175303,CD4 memory
ACACCAATCTCGATGA-1,GARQ,D5,4,40,36,6,0.022782922,MAIT-NKT cells
ACACCCTTCAAACAAG-1,GARQ,D5,4,40,36,27,0.109259725,CD56dim CD16bright NK
ACACCCTTCATTATCC-1,GARQ,D5,4,40,36,27,0.044885278,CD8 effector
ACACCGGGTTGGGACA-1,GARQ,D5,4,40,36,8,0.069916725,CD4 naive I
ACACCGGTCCTGCCAT-1,GARQ,D5,4,40,36,27,0.06597543,CD56dim CD16bright NK
ACACTGAAGACTTGAA-1,GARQ,D5,4,40,36,11,0.1481061,CD56dim CD16bright NK
ACACTGAAGGGATACC-1,GARQ,D5,4,40,36,23,0.054784656,Erythroid 
ACACTGAGTGTGCGTC-1,GARQ,D5,4,40,36,26,0.028559923,Naive B
ACACTGATCGGTGTTA-1,GARQ,D5,4,40,36,24,0.08081424,Classical monocytes
ACACTGATCTCGAGTA-1,GARQ,D5,4,40,36,8,0.09577346,CD4 naive II
ACACTGATCTGATTCT-1,GARQ,D5,4,40,36,3,0.08958888,CD8 memory
ACAGCCGAGGTGCAAC-1,GARQ,D5,4,40,36,28,0.12605411,Platelets
ACAGCCGCACGAAACG-1,GARQ,D5,4,40,36,9,0.032341123,CD8 naive
ACAGCCGTCTAAGCCA-1,GARQ,D5,4,40,36,26,0.043456554,Naive B
ACAGCTAAGGACAGCT-1,GARQ,D5,4,40,36,27,0.123962164,CD56dim CD16bright NK
ACAGCTAGTAAATACG-1,GARQ,D5,4,40,36,34,0.098919034,T-NK-B cell doublets
ACAGCTAGTCTTCGTC-1,GARQ,D5,4,40,36,24,0.030160427,Neutrophils
ACAGCTAGTTAAGTAG-1,GARQ,D5,4,40,36,8,0.088328004,CD4 memory
ACATACGCAATGGTCT-1,GARQ,D5,4,40,36,33,0.08455396,MAIT-NKT cells
ACATACGCATTGGCGC-1,GARQ,D5,4,40,36,3,0.05235541,CD4 and CD8 activated memory
ACATACGGTACTCTCC-1,GARQ,D5,4,40,36,27,0.22726345,CD56dim CD16bright NK
ACATACGTCTCCCTGA-1,GARQ,D5,4,40,36,10,0.04775238,MAIT-NKT cells
ACATCAGAGCGTGTCC-1,GARQ,D5,4,40,36,27,0.09083676,CD56dim CD16bright NK
ACATCAGGTACAGCAG-1,GARQ,D5,4,40,36,8,0.032988787,CD4 naive I
ACATCAGGTGCTTCTC-1,GARQ,D5,4,40,36,24,0.08130753,Classical monocytes
ACATGGTAGAGGGATA-1,GARQ,D5,4,40,36,33,0.056598425,CD8 memory
ACATGGTAGTGTTAGA-1,GARQ,D5,4,40,36,31,0.060248613,CD56bright CD16dim NK
ACATGGTCACCAGATT-1,GARQ,D5,4,40,36,27,0.022634506,CD56dim CD16bright NK
ACATGGTCATCCCATC-1,GARQ,D5,4,40,36,6,0.12879348,CD8 effector
ACATGGTTCACGATGT-1,GARQ,D5,4,40,36,9,0.0028364658,CD8 naive
ACATGGTTCCACGACG-1,GARQ,D5,4,40,36,9,0.03882599,CD8 naive
ACCAGTAGTACTTCTT-1,GARQ,D5,4,40,36,22,0.024332404,NK-monocyte doublets
ACCAGTAGTATTCTCT-1,GARQ,D5,4,40,36,26,0.3024242,T-NK-B cell doublets
ACCAGTAGTTACCAGT-1,GARQ,D5,4,40,36,24,0.03198886,Classical monocytes
ACCAGTAGTTACGACT-1,GARQ,D5,4,40,36,10,0.018040895,gdT cells
ACCAGTAGTTCGCGAC-1,GARQ,D5,4,40,36,26,0.07975829,T-NK-B cell doublets
ACCCACTAGCAACGGT-1,GARQ,D5,4,40,36,26,0.032916307,Memory B
ACCCACTCAGAAGCAC-1,GARQ,D5,4,40,36,29,0.23457634,CD56dim CD16bright NK
ACCCACTTCGAGGTAG-1,GARQ,D5,4,40,36,27,0.043258548,CD56dim CD16bright NK
ACCGTAAAGCCAGTTT-1,GARQ,D5,4,40,36,10,0.011960745,CD56bright CD16dim NK
ACCGTAACACTCAGGC-1,GARQ,D5,4,40,36,8,0.094340324,CD4 memory
ACCGTAACATTAGGCT-1,GARQ,D5,4,40,36,27,0.07995033,CD56dim CD16bright NK
ACCGTAAGTTACGCGC-1,GARQ,D5,4,40,36,39,0.013462067,CD56dim CD16bright NK
ACCGTAAGTTCCACAA-1,GARQ,D5,4,40,36,9,0.00440979,CD8 memory
ACCGTAATCAAGATCC-1,GARQ,D5,4,40,36,8,0.13270426,CD4 naive II
ACCTTTAGTCAGAGGT-1,GARQ,D5,4,40,36,26,0.17594427,Naive B
ACGAGCCAGTGAACGC-1,GARQ,D5,4,40,36,32,0.03340435,CD4 memory
ACGAGCCAGTGTTAGA-1,GARQ,D5,4,40,36,9,0.0030941963,CD8 naive
ACGAGCCGTCTGATCA-1,GARQ,D5,4,40,36,27,0.14526546,CD56dim CD16bright NK
ACGAGCCTCTAACTCT-1,GARQ,D5,4,40,36,33,0.042013645,MAIT-NKT cells
ACGAGCCTCTAGCACA-1,GARQ,D5,4,40,36,3,0.06453133,CD8 memory
ACGAGGACAATGAAAC-1,GARQ,D5,4,40,36,38,0.041242957,CD8 effector
ACGAGGACAGCTCCGA-1,GARQ,D5,4,40,36,8,0.07315433,Regulatory T cells
ACGAGGACATCCCATC-1,GARQ,D5,4,40,36,11,0.10654962,CD56dim CD16bright NK
ACGAGGACATCCTTGC-1,GARQ,D5,4,40,36,27,0.13842797,CD56dim CD16bright NK
ACGAGGACATTGCGGC-1,GARQ,D5,4,40,36,1,0.008885264,gdT cells
ACGATACAGAAGGTTT-1,GARQ,D5,4,40,36,27,0.06577873,CD56dim CD16bright NK
ACGATACCACCACCAG-1,GARQ,D5,4,40,36,27,0.005025387,CD56dim CD16bright NK
ACGATACGTAATCGTC-1,GARQ,D5,4,40,36,3,0.022969007,CD8 memory
ACGATACGTGCATCTA-1,GARQ,D5,4,40,36,27,0.047020555,CD56dim CD16bright NK
ACGATACGTTACCGAT-1,GARQ,D5,4,40,36,9,0.050764084,CD8 naive
ACGATACTCAGATAAG-1,GARQ,D5,4,40,36,4,0.031006575,CD4 naive II
ACGATACTCGTGACAT-1,GARQ,D5,4,40,36,9,0.0050508976,CD8 naive
ACGATACTCTATCCTA-1,GARQ,D5,4,40,36,12,0.11221361,plasmacytoid DC
ACGATGTAGAGTGAGA-1,GARQ,D5,4,40,36,9,0.005361557,CD8 naive
ACGATGTAGCGATATA-1,GARQ,D5,4,40,36,34,0.038849056,Naive B
ACGATGTAGTGAACAT-1,GARQ,D5,4,40,36,27,0.05496204,CD56bright CD16dim NK
ACGATGTGTAGGCTGA-1,GARQ,D5,4,40,36,6,0.07868528,gdT cells
ACGATGTTCACCTTAT-1,GARQ,D5,4,40,36,3,0.0903976,MAIT-NKT cells
ACGATGTTCTTACCGC-1,GARQ,D5,4,40,36,24,0.13574314,Classical monocytes
ACGCAGCGTGTCCTCT-1,GARQ,D5,4,40,36,36,0.048549056,CD8 memory
ACGCAGCGTTAAGGGC-1,GARQ,D5,4,40,36,8,0.076844215,CD4 naive I
ACGCAGCGTTTCGCTC-1,GARQ,D5,4,40,36,8,0.11163783,CD4 naive I
ACGCAGCTCCTCAATT-1,GARQ,D5,4,40,36,27,0.014715552,CD56dim CD16bright NK
ACGCAGCTCGGCGGTT-1,GARQ,D5,4,40,36,8,0.030274749,CD8 memory
ACGCCAGAGCGAGAAA-1,GARQ,D5,4,40,36,26,0.33224392,Memory B
ACGCCAGCAGCCTTTC-1,GARQ,D5,4,40,36,1,0.03443551,CD8 effector
ACGCCAGGTCCCTACT-1,GARQ,D5,4,40,36,11,0.08092165,CD56dim CD16bright NK
ACGCCAGGTCTCCATC-1,GARQ,D5,4,40,36,16,0.017202616,CD56dim CD16bright NK
ACGCCAGTCCTTCAAT-1,GARQ,D5,4,40,36,27,0.06167972,CD56dim CD16bright NK
ACGCCAGTCGTTACAG-1,GARQ,D5,4,40,36,6,0.118215084,gdT cells
ACGCCGAAGAGTAAGG-1,GARQ,D5,4,40,36,27,0.04506457,CD56dim CD16bright NK
ACGCCGACATTCACTT-1,GARQ,D5,4,40,36,26,0.070387006,Naive B
ACGCCGAGTCAACTGT-1,GARQ,D5,4,40,36,8,0.046916485,CD8 naive
ACGCCGAGTGTGAAAT-1,GARQ,D5,4,40,36,24,0.08259773,Classical monocytes
ACGCCGATCGGAGGTA-1,GARQ,D5,4,40,36,15,0.0356434,CD4 and CD8 activated memory
ACGGAGAAGGTGTTAA-1,GARQ,D5,4,40,36,27,0.011462092,CD56dim CD16bright NK
ACGGAGACACAGGCCT-1,GARQ,D5,4,40,36,8,0.05449927,CD8 naive
ACGGAGAGTACGACCC-1,GARQ,D5,4,40,36,27,0.1115756,CD56dim CD16bright NK
ACGGAGATCAGTCAGT-1,GARQ,D5,4,40,36,6,0.09758222,CD8 effector
ACGGCCATCTCTTATG-1,GARQ,D5,4,40,36,11,0.095303535,CD56dim CD16bright NK
ACGGGCTAGACATAAC-1,GARQ,D5,4,40,36,7,0.06762707,gdT cells
ACGGGCTAGATCACGG-1,GARQ,D5,4,40,36,9,0.0771693,CD4 naive I
ACGGGCTCAGTCACTA-1,GARQ,D5,4,40,36,8,0.069104314,CD8 naive
ACGGGCTGTCTCCATC-1,GARQ,D5,4,40,36,17,0.003177762,NK-T doublets
ACGGGCTTCATGTCCC-1,GARQ,D5,4,40,36,16,0.18001366,CD56dim CD16bright NK
ACGGGTCAGCTAACAA-1,GARQ,D5,4,40,36,26,0.2163412,Naive B
ACGGGTCCATCCGGGT-1,GARQ,D5,4,40,36,8,0.08417636,CD4 memory
ACGGGTCCATGTTGAC-1,GARQ,D5,4,40,36,34,0.07698822,Naive B
ACGGGTCGTTTAGGAA-1,GARQ,D5,4,40,36,27,0.3710916,CD56dim CD16bright NK
ACGGGTCGTTTGTGTG-1,GARQ,D5,4,40,36,26,0.30399835,Naive B
ACGTCAAAGACAATAC-1,GARQ,D5,4,40,36,3,0.12480509,CD8 memory
ACGTCAAAGCCAGTAG-1,GARQ,D5,4,40,36,3,0.009408712,MAIT-NKT cells
ACTATCTAGAGTTGGC-1,GARQ,D5,4,40,36,27,0.2219181,CD56dim CD16bright NK
ACTATCTAGGTGTGGT-1,GARQ,D5,4,40,36,26,0.08241022,Naive B
ACTATCTGTACTCAAC-1,GARQ,D5,4,40,36,33,0.04482019,MAIT-NKT cells
ACTATCTGTCATCCCT-1,GARQ,D5,4,40,36,22,0.059917927,Classical monocytes
ACTATCTGTCCCTTGT-1,GARQ,D5,4,40,36,26,0.1356535,Plasma cells
ACTATCTGTTGTCTTT-1,GARQ,D5,4,40,36,24,0.013141394,Classical monocytes
ACTGAACAGCGCTTAT-1,GARQ,D5,4,40,36,29,0.1136111,NK-T doublets
ACTGAACGTATTCGTG-1,GARQ,D5,4,40,36,8,0.014858723,CD4 memory
ACTGAGTAGGGCATGT-1,GARQ,D5,4,40,36,27,0.058272123,CD56dim CD16bright NK
ACTGAGTTCAACCAAC-1,GARQ,D5,4,40,36,8,0.09693599,CD4 naive I
ACTGAGTTCTTTACAC-1,GARQ,D5,4,40,36,11,0.24098706,CD56dim CD16bright NK
ACTGATGAGCCAGGAT-1,GARQ,D5,4,40,36,33,0.094816804,MAIT-NKT cells
ACTGATGAGCCAGTAG-1,GARQ,D5,4,40,36,24,0.026185036,NK-monocyte doublets
ACTGATGAGCGTTTAC-1,GARQ,D5,4,40,36,8,0.12872195,CD4 naive I
ACTGATGAGGATATAC-1,GARQ,D5,4,40,36,8,0.03871298,CD4 naive II
ACTGATGGTCAATACC-1,GARQ,D5,4,40,36,31,0.059822083,CD56dim CD16bright NK
ACTGATGGTCTTGTCC-1,GARQ,D5,4,40,36,16,0.022627354,CD56dim CD16bright NK
ACTGATGTCATCTGTT-1,GARQ,D5,4,40,36,24,0.10034704,Classical monocytes
ACTGATGTCTTGCATT-1,GARQ,D5,4,40,36,3,0.0555377,NK-T doublets
ACTGCTCAGCACGCCT-1,GARQ,D5,4,40,36,34,0.14272785,Naive B
ACTGCTCAGGAATGGA-1,GARQ,D5,4,40,36,8,0.10245907,CD4 naive I
ACTGCTCAGTACGTAA-1,GARQ,D5,4,40,36,27,0.014985442,gdT cells
ACTGCTCGTGATGTGG-1,GARQ,D5,4,40,36,26,0.012388647,Memory B
ACTGTCCCATCCGGGT-1,GARQ,D5,4,40,36,33,0.03204298,gdT cells
ACTGTCCGTCGGCACT-1,GARQ,D5,4,40,36,7,0.0663898,CD8 effector
ACTGTCCGTGTAATGA-1,GARQ,D5,4,40,36,24,0.057543278,Classical monocytes
ACTTACTAGCGCCTCA-1,GARQ,D5,4,40,36,10,0.002759695,gdT cells
ACTTACTAGGTAAACT-1,GARQ,D5,4,40,36,8,0.040527225,CD8 naive
ACTTGTTAGAAACCGC-1,GARQ,D5,4,40,36,24,0.029589772,Classical monocytes
ACTTGTTGTAACGACG-1,GARQ,D5,4,40,36,26,0.042298913,Naive B
ACTTGTTGTAGCTTGT-1,GARQ,D5,4,40,36,8,0.07757664,CD4 memory
ACTTTCAAGTAGATGT-1,GARQ,D5,4,40,36,8,0.1638676,CD8 naive
ACTTTCAGTAGCACGA-1,GARQ,D5,4,40,36,8,0.016991496,CD8 naive
ACTTTCAGTCTAAACC-1,GARQ,D5,4,40,36,26,0.20047688,T-NK-B cell doublets
ACTTTCATCCCTCTTT-1,GARQ,D5,4,40,36,0,0.04637271,Platelet-T cell doublets
AGAATAGAGTTTCCTT-1,GARQ,D5,4,40,36,8,0.088914275,CD4 memory
AGAATAGGTAAACACA-1,GARQ,D5,4,40,36,34,0.047840834,Naive B
AGAATAGGTCTCCCTA-1,GARQ,D5,4,40,36,7,0.025603771,CD56bright CD16dim NK
AGAATAGTCTCCCTGA-1,GARQ,D5,4,40,36,24,0.17802572,Platelet-bound monocytes
AGACGTTCATGCATGT-1,GARQ,D5,4,40,36,36,0.060769558,CD4 memory
AGACGTTTCAGAGCTT-1,GARQ,D5,4,40,36,27,0.043041706,CD56dim CD16bright NK
AGACGTTTCGTCCGTT-1,GARQ,D5,4,40,36,8,0.08939886,CD8 naive
AGACGTTTCTACTATC-1,GARQ,D5,4,40,36,24,0.028290033,Classical monocytes
AGAGCGAAGCTCTCGG-1,GARQ,D5,4,40,36,10,0.03227818,gdT cells
AGAGCGAAGGACAGCT-1,GARQ,D5,4,40,36,24,0.08609557,Neutrophils
AGAGCGACACATCCGG-1,GARQ,D5,4,40,36,8,0.10225403,CD4 naive I
AGAGCGAGTTGATTCG-1,GARQ,D5,4,40,36,8,0.14568818,CD4 memory
AGAGCTTAGTAGCCGA-1,GARQ,D5,4,40,36,9,0.008407354,CD4 memory
AGAGCTTTCACGCGGT-1,GARQ,D5,4,40,36,3,0.11819124,CD4 memory
AGAGCTTTCGTTTAGG-1,GARQ,D5,4,40,36,7,0.029429138,CD8 effector
AGAGTGGAGTCGAGTG-1,GARQ,D5,4,40,36,24,0.09176922,Classical monocytes
AGAGTGGAGTGAAGAG-1,GARQ,D5,4,40,36,9,0.0105240345,CD4 memory
AGAGTGGAGTGATCGG-1,GARQ,D5,4,40,36,12,0.26350617,plasmacytoid DC
AGAGTGGCATTCCTGC-1,GARQ,D5,4,40,36,8,0.10301769,CD4 memory
AGAGTGGGTTGGTAAA-1,GARQ,D5,4,40,36,8,0.08776015,CD4 memory
AGAGTGGTCGCCAGCA-1,GARQ,D5,4,40,36,27,0.0015838146,gdT cells
AGAGTGGTCGTAGGAG-1,GARQ,D5,4,40,36,26,0.04576683,Naive B
AGAGTGGTCTCTGCTG-1,GARQ,D5,4,40,36,24,0.07806504,Platelet-bound monocytes
AGAGTGGTCTTCTGGC-1,GARQ,D5,4,40,36,6,0.101626396,CD8 effector
AGATCTGAGATCGGGT-1,GARQ,D5,4,40,36,24,0.057370067,Neutrophils
AGATCTGAGCTTATCG-1,GARQ,D5,4,40,36,3,0.06753206,gdT cells
AGATCTGAGTCGATAA-1,GARQ,D5,4,40,36,33,0.010045409,CD8 memory
AGATCTGCACGTTGGC-1,GARQ,D5,4,40,36,10,0.06515181,CD8 effector
AGATCTGCAGTATAAG-1,GARQ,D5,4,40,36,8,0.041693687,CD8 naive
AGATTGCAGAAGGGTA-1,GARQ,D5,4,40,36,11,0.024484158,CD56dim CD16bright NK
AGATTGCAGTTATCGC-1,GARQ,D5,4,40,36,3,0.025611639,CD8 memory
AGATTGCCATCATCCC-1,GARQ,D5,4,40,36,27,0.061150312,CD56dim CD16bright NK
AGATTGCGTTACCAGT-1,GARQ,D5,4,40,36,29,0.10182792,NK-monocyte doublets
AGATTGCTCTGGCGTG-1,GARQ,D5,4,40,36,8,0.054681063,CD4 memory
AGCAGCCCACACCGAC-1,GARQ,D5,4,40,36,6,0.108041644,Proliferating T and NK cell
AGCAGCCCACCGATAT-1,GARQ,D5,4,40,36,26,0.03290099,Memory B
AGCAGCCTCACTATTC-1,GARQ,D5,4,40,36,22,0.003062725,Neutrophils
AGCATACAGCGCCTCA-1,GARQ,D5,4,40,36,3,0.022104502,CD8 effector
AGCATACCAGATCCAT-1,GARQ,D5,4,40,36,27,0.03785813,CD56dim CD16bright NK
AGCATACCATAGTAAG-1,GARQ,D5,4,40,36,6,0.05336237,CD8 memory
AGCATACGTCTCCATC-1,GARQ,D5,4,40,36,8,0.079162,CD4 naive I
AGCATACGTTCCACGG-1,GARQ,D5,4,40,36,8,0.11672866,Regulatory T cells
AGCCTAAGTCGCGTGT-1,GARQ,D5,4,40,36,27,0.022393227,CD56dim CD16bright NK
AGCGGTCAGGACACCA-1,GARQ,D5,4,40,36,33,0.0102927685,MAIT-NKT cells
AGCGGTCAGGATATAC-1,GARQ,D5,4,40,36,34,0.028157592,Naive B
AGCGGTCAGGTGATAT-1,GARQ,D5,4,40,36,24,0.023879051,Neutrophils
AGCGGTCCAAAGTCAA-1,GARQ,D5,4,40,36,26,0.0763998,Naive B
AGCGGTCCAAGACACG-1,GARQ,D5,4,40,36,24,0.082924604,Classical monocytes
AGCGGTCGTTTACTCT-1,GARQ,D5,4,40,36,6,0.050090075,CD8 effector
AGCGGTCTCAACCAAC-1,GARQ,D5,4,40,36,26,0.051531553,Memory B
AGCGGTCTCCCAAGTA-1,GARQ,D5,4,40,36,24,0.09776652,Neutrophils
AGCGGTCTCGTGACAT-1,GARQ,D5,4,40,36,33,0.004403949,MAIT-NKT cells
AGCGTATAGTGCTGCC-1,GARQ,D5,4,40,36,24,0.12858748,Platelet-bound monocytes
AGCGTATCATTTCAGG-1,GARQ,D5,4,40,36,23,0.08033067,Erythroid 
AGCGTATGTCATGCAT-1,GARQ,D5,4,40,36,6,0.015342474,MAIT-NKT cells
AGCGTATTCGCTTAGA-1,GARQ,D5,4,40,36,27,0.033873677,CD56dim CD16bright NK
AGCGTCGAGAACAATC-1,GARQ,D5,4,40,36,24,0.10002971,Neutrophils
AGCGTCGGTCACTTCC-1,GARQ,D5,4,40,36,4,0.005404949,T-NK-B cell doublets
AGCGTCGGTGTCCTCT-1,GARQ,D5,4,40,36,24,0.19719398,Neutrophils
AGCGTCGTCATGGTCA-1,GARQ,D5,4,40,36,24,0.04205966,Neutrophils
AGCTCCTCACCGCTAG-1,GARQ,D5,4,40,36,8,0.12680197,CD4 naive I
AGCTCCTTCAAAGACA-1,GARQ,D5,4,40,36,36,0.013040662,CD4 memory
AGCTCTCAGATCGATA-1,GARQ,D5,4,40,36,11,0.0027239323,CD56dim CD16bright NK
AGCTCTCAGTAGTGCG-1,GARQ,D5,4,40,36,27,0.042380452,CD56dim CD16bright NK
AGCTCTCCAAGCCCAC-1,GARQ,D5,4,40,36,27,0.15657544,CD56dim CD16bright NK
AGCTCTCCACAGGTTT-1,GARQ,D5,4,40,36,24,0.05438745,Neutrophils
AGCTCTCCACGGTAGA-1,GARQ,D5,4,40,36,27,0.07225287,CD56dim CD16bright NK
AGCTCTCCATGCCCGA-1,GARQ,D5,4,40,36,27,0.08640909,CD56dim CD16bright NK
AGCTTGAGTACTCAAC-1,GARQ,D5,4,40,36,27,0.058460474,CD56dim CD16bright NK
AGGCCACAGCTAGTGG-1,GARQ,D5,4,40,36,27,0.21126139,CD56dim CD16bright NK
AGGCCACAGTAGTGCG-1,GARQ,D5,4,40,36,11,0.06966698,CD56dim CD16bright NK
AGGCCACCAAGCCTAT-1,GARQ,D5,4,40,36,9,0.0683074,CD4 naive I
AGGCCACCAGTCTTCC-1,GARQ,D5,4,40,36,6,0.039722085,gdT cells
AGGCCACTCACATGCA-1,GARQ,D5,4,40,36,24,0.07671809,Platelet-bound monocytes
AGGCCACTCTTGCAAG-1,GARQ,D5,4,40,36,26,0.33251333,Naive B
AGGCCGTAGAAGCCCA-1,GARQ,D5,4,40,36,6,0.06989455,NK-T doublets
AGGCCGTAGTATCTCG-1,GARQ,D5,4,40,36,34,0.050271392,Naive B
AGGCCGTCAGGTCGTC-1,GARQ,D5,4,40,36,24,0.084866285,Classical monocytes
AGGCCGTGTGTGACGA-1,GARQ,D5,4,40,36,8,0.041000724,CD4 naive I
AGGGAGTCAATCCAAC-1,GARQ,D5,4,40,36,8,0.047547102,CD4 naive I
AGGGAGTCATCATCCC-1,GARQ,D5,4,40,36,28,0.07588053,Platelet-T cell doublets
AGGGAGTGTCATTAGC-1,GARQ,D5,4,40,36,36,0.007794142,CD4 memory
AGGGAGTGTCGTGGCT-1,GARQ,D5,4,40,36,34,0.026771665,Naive B
AGGGAGTTCTGATACG-1,GARQ,D5,4,40,36,8,0.09462392,CD4 memory
AGGGAGTTCTTGTCAT-1,GARQ,D5,4,40,36,24,0.06655681,Classical monocytes
AGGGATGCATGCCACG-1,GARQ,D5,4,40,36,16,0.0355078,CD56dim CD16bright NK
AGGGATGTCAACGGGA-1,GARQ,D5,4,40,36,29,0.06522703,CD56dim CD16bright NK
AGGGATGTCCAAGCCG-1,GARQ,D5,4,40,36,26,0.28852105,Naive B
AGGGATGTCTGTCAAG-1,GARQ,D5,4,40,36,6,0.06051576,gdT cells
AGGGTGACACGCATCG-1,GARQ,D5,4,40,36,32,0.0143677,CD4 memory
AGGGTGAGTGGCCCTA-1,GARQ,D5,4,40,36,26,0.28104305,Memory B
AGGGTGAGTTAAGACA-1,GARQ,D5,4,40,36,3,0.009334326,CD8 effector
AGGGTGATCAGCGATT-1,GARQ,D5,4,40,36,8,0.0017141104,CD4 naive I
AGGGTGATCCGTTGTC-1,GARQ,D5,4,40,36,34,0.256276,Memory B
AGGTCATCACAAGCCC-1,GARQ,D5,4,40,36,27,0.050679088,CD56dim CD16bright NK
AGGTCATTCTAGCACA-1,GARQ,D5,4,40,36,33,0.07357228,CD8 memory
AGGTCCGAGCCAGAAC-1,GARQ,D5,4,40,36,11,0.07897103,CD56dim CD16bright NK
AGGTCCGGTTAAAGTG-1,GARQ,D5,4,40,36,33,0.060750723,MAIT-NKT cells
AGGTCCGTCCCATTAT-1,GARQ,D5,4,40,36,27,0.2796495,CD56dim CD16bright NK
AGTAGTCAGAATGTTG-1,GARQ,D5,4,40,36,27,0.527786,CD56dim CD16bright NK
AGTAGTCCAAGACGTG-1,GARQ,D5,4,40,36,11,0.19123685,CD56dim CD16bright NK
AGTAGTCCACCAGATT-1,GARQ,D5,4,40,36,33,0.01114881,MAIT-NKT cells
AGTAGTCGTGTCCTCT-1,GARQ,D5,4,40,36,11,0.028585076,CD56dim CD16bright NK
AGTAGTCTCGGCCGAT-1,GARQ,D5,4,40,36,26,0.17194623,Plasma cells
AGTCTTTAGGGCTTGA-1,GARQ,D5,4,40,36,3,0.08260274,CD8 memory
AGTCTTTCAAAGCGGT-1,GARQ,D5,4,40,36,27,0.13148582,CD56dim CD16bright NK
AGTCTTTGTGTGTGCC-1,GARQ,D5,4,40,36,22,0.0025427341,NK-monocyte doublets
AGTCTTTGTTAGTGGG-1,GARQ,D5,4,40,36,28,0.0033677816,Memory B
AGTCTTTTCACTATTC-1,GARQ,D5,4,40,36,24,0.12071931,Classical monocytes
AGTCTTTTCAGCATGT-1,GARQ,D5,4,40,36,1,0.019581556,gdT cells
AGTCTTTTCAGTTAGC-1,GARQ,D5,4,40,36,27,0.1736623,CD56dim CD16bright NK
AGTGAGGAGGCTAGCA-1,GARQ,D5,4,40,36,8,0.051641107,CD4 naive I
AGTGAGGAGGGAAACA-1,GARQ,D5,4,40,36,8,0.08848882,CD4 memory
AGTGAGGCAAGTTGTC-1,GARQ,D5,4,40,36,19,0.018384337,CD8 memory
AGTGAGGCAGGGATTG-1,GARQ,D5,4,40,36,6,0.066112995,NK-T doublets
AGTGAGGGTGAAATCA-1,GARQ,D5,4,40,36,6,0.002460599,MAIT-NKT cells
AGTGGGACAAGGGTCA-1,GARQ,D5,4,40,36,27,0.026208162,CD8 effector
AGTGGGACAGTAGAGC-1,GARQ,D5,4,40,36,27,0.1605351,CD56dim CD16bright NK
AGTGGGAGTAACGCGA-1,GARQ,D5,4,40,36,24,0.029614806,Classical monocytes
AGTGTCAAGATTACCC-1,GARQ,D5,4,40,36,6,0.033809185,NK-T doublets
AGTGTCAAGGGTATCG-1,GARQ,D5,4,40,36,24,0.065853834,Neutrophils
AGTGTCAAGGTGGGTT-1,GARQ,D5,4,40,36,22,0.03191924,Classical monocytes
AGTGTCACAGTCAGAG-1,GARQ,D5,4,40,36,8,0.07072973,CD4 memory
AGTGTCACATAGTAAG-1,GARQ,D5,4,40,36,31,0.029313087,CD56dim CD16bright NK
AGTGTCATCCAGAAGG-1,GARQ,D5,4,40,36,9,0.019662142,CD4 naive I
AGTGTCATCCCATTAT-1,GARQ,D5,4,40,36,33,0.14862943,MAIT-NKT cells
AGTTGGTCACTACAGT-1,GARQ,D5,4,40,36,8,0.06273103,CD8 naive
AGTTGGTGTCATATGC-1,GARQ,D5,4,40,36,26,0.19449347,Plasma cells
AGTTGGTTCTACTCAT-1,GARQ,D5,4,40,36,27,0.026689887,CD56dim CD16bright NK
AGTTGGTTCTGCCCTA-1,GARQ,D5,4,40,36,11,0.06675911,CD56dim CD16bright NK
ATAACGCCAATTGCTG-1,GARQ,D5,4,40,36,24,0.032135487,Classical monocytes
ATAACGCGTGCTTCTC-1,GARQ,D5,4,40,36,8,0.032633424,CD4 naive I
ATAACGCGTTAAGAAC-1,GARQ,D5,4,40,36,27,0.08807254,Proliferating T and NK cell
ATAAGAGAGTGCGATG-1,GARQ,D5,4,40,36,6,0.06927967,MAIT-NKT cells
ATAAGAGGTTAGAACA-1,GARQ,D5,4,40,36,26,0.1565013,Naive B
ATAAGAGGTTCGTTGA-1,GARQ,D5,4,40,36,33,0.071802855,MAIT-NKT cells
ATAAGAGGTTGATTGC-1,GARQ,D5,4,40,36,3,0.07297313,MAIT-NKT cells
ATAGACCAGACAGAGA-1,GARQ,D5,4,40,36,26,0.19322777,T-NK-B cell doublets
ATAGACCCAACGATGG-1,GARQ,D5,4,40,36,33,0.06044221,MAIT-NKT cells
ATAGACCCAGGATTGG-1,GARQ,D5,4,40,36,12,0.2670591,plasmacytoid DC
ATAGACCGTCTAGTGT-1,GARQ,D5,4,40,36,24,0.07759321,Classical monocytes
ATAGACCGTGTGTGCC-1,GARQ,D5,4,40,36,26,0.07283783,Naive B
ATAGACCTCAGTCCCT-1,GARQ,D5,4,40,36,8,0.10949659,CD4 naive I
ATCACGAAGTGTGGCA-1,GARQ,D5,4,40,36,24,0.08012283,Classical monocytes
ATCACGACATGGTCTA-1,GARQ,D5,4,40,36,8,0.019491434,CD4 memory
ATCACGAGTAGAAGGA-1,GARQ,D5,4,40,36,31,0.0043525696,CD56dim CD16bright NK
ATCACGATCAGTCAGT-1,GARQ,D5,4,40,36,6,0.060094595,MAIT-NKT cells
ATCATGGCAGACAGGT-1,GARQ,D5,4,40,36,12,0.21155453,plasmacytoid DC
ATCATGGCATGAAGTA-1,GARQ,D5,4,40,36,11,0.13178635,CD56dim CD16bright NK
ATCATGGTCGTACGGC-1,GARQ,D5,4,40,36,27,0.12397516,CD56dim CD16bright NK
ATCCACCAGGGATCTG-1,GARQ,D5,4,40,36,8,0.0580194,CD8 naive
ATCCACCGTTTGGCGC-1,GARQ,D5,4,40,36,8,0.08751488,CD4 memory
ATCCACCTCTGGAGCC-1,GARQ,D5,4,40,36,3,0.009055495,gdT cells
ATCCGAACAAGTACCT-1,GARQ,D5,4,40,36,27,0.047809005,CD56dim CD16bright NK
ATCCGAAGTGCGGTAA-1,GARQ,D5,4,40,36,12,0.15969169,plasmacytoid DC
ATCCGAATCAGCAACT-1,GARQ,D5,4,40,36,6,0.034795284,CD8 effector
ATCCGAATCGAGGTAG-1,GARQ,D5,4,40,36,3,0.14668536,CD8 memory
ATCGAGTAGCTAGTTC-1,GARQ,D5,4,40,36,11,0.020115137,CD56dim CD16bright NK
ATCGAGTAGTACACCT-1,GARQ,D5,4,40,36,27,0.31907535,CD56dim CD16bright NK
ATCGAGTAGTCGAGTG-1,GARQ,D5,4,40,36,8,0.044542313,CD8 naive
ATCGAGTCAACACGCC-1,GARQ,D5,4,40,36,26,0.17314327,T-NK-B cell doublets
ATCGAGTCAAGGCTCC-1,GARQ,D5,4,40,36,24,0.007232666,Classical monocytes
ATCGAGTCATACAGCT-1,GARQ,D5,4,40,36,27,0.06525755,CD56dim CD16bright NK
ATCGAGTGTGCATCTA-1,GARQ,D5,4,40,36,6,0.0076408386,MAIT-NKT cells
ATCGAGTTCAGCATGT-1,GARQ,D5,4,40,36,22,0.026129246,Platelet-bound monocytes
ATCGAGTTCGCGTTTC-1,GARQ,D5,4,40,36,27,0.1160112,CD56dim CD16bright NK
ATCTACTAGCCGGTAA-1,GARQ,D5,4,40,36,10,0.038463354,MAIT-NKT cells
ATCTACTAGCTTATCG-1,GARQ,D5,4,40,36,27,0.052488446,CD56dim CD16bright NK
ATCTACTAGGAATCGC-1,GARQ,D5,4,40,36,36,0.0042738914,gdT cells
ATCTACTAGGTGATTA-1,GARQ,D5,4,40,36,26,0.051312804,Naive B
ATCTACTGTGAGGGTT-1,GARQ,D5,4,40,36,9,0.036921263,CD8 naive
ATCTACTGTTCCCTTG-1,GARQ,D5,4,40,36,3,0.100415945,MAIT-NKT cells
ATCTACTTCCTAGAAC-1,GARQ,D5,4,40,36,22,0.00096702576,Classical monocytes
ATCTGCCGTTGTGGCC-1,GARQ,D5,4,40,36,8,0.0020612478,CD8 memory
ATCTGCCTCAAACCGT-1,GARQ,D5,4,40,36,8,0.06846249,CD4 naive I
ATCTGCCTCACGATGT-1,GARQ,D5,4,40,36,27,0.03766811,CD56dim CD16bright NK
ATCTGCCTCGGAAATA-1,GARQ,D5,4,40,36,10,0.22921783,gdT cells
ATCTGCCTCTGCTTGC-1,GARQ,D5,4,40,36,24,0.07046795,Classical monocytes
ATGAGGGAGACAAGCC-1,GARQ,D5,4,40,36,11,0.08547008,CD56dim CD16bright NK
ATGAGGGAGTTTGCGT-1,GARQ,D5,4,40,36,8,0.07150555,CD4 naive I
ATGAGGGGTAATCACC-1,GARQ,D5,4,40,36,24,0.10770357,Classical monocytes
ATGCGATCAGGCTCAC-1,GARQ,D5,4,40,36,26,0.26493502,T-NK-B cell doublets
ATGCGATCATTTGCCC-1,GARQ,D5,4,40,36,15,0.008173704,Platelet-T cell doublets
ATGCGATGTCAAAGCG-1,GARQ,D5,4,40,36,8,0.0100951195,CD4 naive I
ATGCGATGTGAAATCA-1,GARQ,D5,4,40,36,8,0.057605624,CD8 naive
ATGCGATTCCGCAAGC-1,GARQ,D5,4,40,36,8,0.138268,CD4 memory
ATGGGAGAGGCACATG-1,GARQ,D5,4,40,36,6,0.10603106,CD8 effector
ATGGGAGAGTACGTTC-1,GARQ,D5,4,40,36,27,0.0014500618,CD8 effector
ATGGGAGCAAAGCGGT-1,GARQ,D5,4,40,36,6,0.104907274,gdT cells
ATGGGAGCACATCCAA-1,GARQ,D5,4,40,36,24,0.09433985,Classical monocytes
ATGGGAGGTCCTCCAT-1,GARQ,D5,4,40,36,24,0.051727057,Neutrophils
ATGGGAGTCCTCTAGC-1,GARQ,D5,4,40,36,26,0.041839123,Naive B
ATGTGTGGTAGTGAAT-1,GARQ,D5,4,40,36,23,0.13126487,Erythroid 
ATGTGTGGTTATCGGT-1,GARQ,D5,4,40,36,27,0.06269431,CD56bright CD16dim NK
ATTACTCAGCCGTCGT-1,GARQ,D5,4,40,36,27,0.055554867,CD56dim CD16bright NK
ATTACTCAGTAACCCT-1,GARQ,D5,4,40,36,8,0.045482755,CD8 naive
ATTACTCAGTTAACGA-1,GARQ,D5,4,40,36,9,0.0053863525,CD8 naive
ATTACTCGTTGGACCC-1,GARQ,D5,4,40,36,33,0.042903185,CD8 effector
ATTACTCTCACAACGT-1,GARQ,D5,4,40,36,3,0.064472675,CD8 memory
ATTACTCTCATGTAGC-1,GARQ,D5,4,40,36,33,0.027267098,MAIT-NKT cells
ATTATCCTCCACGAAT-1,GARQ,D5,4,40,36,8,0.15912914,CD4 memory
ATTATCCTCTACCAGA-1,GARQ,D5,4,40,36,9,0.027445197,CD4 naive I
ATTCTACAGGATGTAT-1,GARQ,D5,4,40,36,8,0.038811684,CD4 naive II
ATTCTACTCTGTCTAT-1,GARQ,D5,4,40,36,9,0.046311498,CD4 naive II
ATTGGACAGAGGTACC-1,GARQ,D5,4,40,36,27,0.092523575,CD56bright CD16dim NK
ATTGGACAGCACCGTC-1,GARQ,D5,4,40,36,27,0.08614802,CD56dim CD16bright NK
ATTGGACCAATCGGTT-1,GARQ,D5,4,40,36,16,0.06806505,CD56dim CD16bright NK
ATTGGTGAGAGAACAG-1,GARQ,D5,4,40,36,6,0.07844353,gdT cells
ATTGGTGCATCTATGG-1,GARQ,D5,4,40,36,16,0.025345564,CD56dim CD16bright NK
ATTGGTGGTGATAAAC-1,GARQ,D5,4,40,36,24,0.08566332,Classical monocytes
ATTGGTGTCGCAGGCT-1,GARQ,D5,4,40,36,34,0.19139242,Naive B
ATTGGTGTCGGCCGAT-1,GARQ,D5,4,40,36,24,0.07393432,Platelet-bound monocytes
ATTGGTGTCTGTTGAG-1,GARQ,D5,4,40,36,24,0.06696558,Classical monocytes
ATTTCTGAGTACGACG-1,GARQ,D5,4,40,36,27,0.07683003,CD56dim CD16bright NK
ATTTCTGAGTACGCGA-1,GARQ,D5,4,40,36,6,0.046745062,gdT cells
ATTTCTGCAGCTTCGG-1,GARQ,D5,4,40,36,27,0.14052892,CD56dim CD16bright NK
ATTTCTGGTCTAGAGG-1,GARQ,D5,4,40,36,27,0.075636506,CD56dim CD16bright NK
ATTTCTGTCCGATATG-1,GARQ,D5,4,40,36,9,0.05911827,CD8 naive
ATTTCTGTCTGCGGCA-1,GARQ,D5,4,40,36,8,0.102155864,CD4 naive I
CAACCAACACATCCAA-1,GARQ,D5,4,40,36,24,0.00022900105,Classical monocytes
CAACCAAGTACACCGC-1,GARQ,D5,4,40,36,27,0.1956346,CD56dim CD16bright NK
CAACCAATCTTCTGGC-1,GARQ,D5,4,40,36,6,0.07568848,CD8 effector
CAACCTCAGAGCTATA-1,GARQ,D5,4,40,36,7,0.0295043,CD56bright CD16dim NK
CAACCTCGTGGTCTCG-1,GARQ,D5,4,40,36,27,0.20241356,CD56dim CD16bright NK
CAACTAGCATAAGACA-1,GARQ,D5,4,40,36,6,0.006121516,MAIT-NKT cells
CAACTAGGTTACGCGC-1,GARQ,D5,4,40,36,26,0.23944664,Naive B
CAACTAGGTTCAGTAC-1,GARQ,D5,4,40,36,24,0.0056335926,T-NK-B cell doublets
CAACTAGGTTTAAGCC-1,GARQ,D5,4,40,36,11,0.03242159,CD56bright CD16dim NK
CAAGAAAAGATATACG-1,GARQ,D5,4,40,36,27,0.031613708,CD56dim CD16bright NK
CAAGAAAAGGCCGAAT-1,GARQ,D5,4,40,36,8,0.15904939,CD4 memory
CAAGAAAAGTGTACCT-1,GARQ,D5,4,40,36,11,0.055853367,CD56dim CD16bright NK
CAAGAAACACATGTGT-1,GARQ,D5,4,40,36,24,0.0860945,Classical monocytes
CAAGAAAGTGTGTGCC-1,GARQ,D5,4,40,36,22,0.038955092,NK-monocyte doublets
CAAGAAATCACGAAGG-1,GARQ,D5,4,40,36,24,0.056378722,Classical monocytes
CAAGATCAGACTAAGT-1,GARQ,D5,4,40,36,28,0.03514135,Platelets
CAAGATCAGTCTCCTC-1,GARQ,D5,4,40,36,9,0.0014733076,CD8 naive
CAAGGCCAGATGAGAG-1,GARQ,D5,4,40,36,24,0.0346148,Classical monocytes
CAAGGCCGTACCTACA-1,GARQ,D5,4,40,36,24,0.0698185,Classical monocytes
CAAGGCCTCGATCCCT-1,GARQ,D5,4,40,36,24,0.043904662,Classical monocytes
CAAGGCCTCGGCTTGG-1,GARQ,D5,4,40,36,9,0.005218506,CD8 naive
CAAGTTGAGGCCCGTT-1,GARQ,D5,4,40,36,6,0.03395748,gdT cells
CAAGTTGAGTGGGTTG-1,GARQ,D5,4,40,36,3,0.018887758,gdT cells
CAAGTTGCATACAGCT-1,GARQ,D5,4,40,36,8,0.100975394,CD4 memory
CAAGTTGGTAAACCTC-1,GARQ,D5,4,40,36,10,0.049019694,CD8 effector
CAAGTTGTCAGTTGAC-1,GARQ,D5,4,40,36,8,0.07876706,CD8 naive
CACAAACAGACAGGCT-1,GARQ,D5,4,40,36,27,0.22199667,CD56bright CD16dim NK
CACAAACCACTACAGT-1,GARQ,D5,4,40,36,8,0.08301866,CD8 naive
CACAAACCACTTAACG-1,GARQ,D5,4,40,36,27,0.14369893,CD56dim CD16bright NK
CACAAACCACTTCGAA-1,GARQ,D5,4,40,36,22,0.09220147,NK-monocyte doublets
CACACAAAGAGACGAA-1,GARQ,D5,4,40,36,24,0.056464195,Classical monocytes
CACACAAAGATCGGGT-1,GARQ,D5,4,40,36,6,0.024326324,CD8 memory
CACACAACATGTTGAC-1,GARQ,D5,4,40,36,29,0.19217801,CD56dim CD16bright NK
CACACAATCATAGCAC-1,GARQ,D5,4,40,36,7,0.0036133528,CD56dim CD16bright NK
CACACAATCATCGCTC-1,GARQ,D5,4,40,36,6,0.028522968,NK-T doublets
CACACCTAGCTAACAA-1,GARQ,D5,4,40,36,6,0.008909941,CD56dim CD16bright NK
CACACCTCATAAAGGT-1,GARQ,D5,4,40,36,24,0.117789984,Classical monocytes
CACACCTGTGTGTGCC-1,GARQ,D5,4,40,36,27,0.18958712,CD56dim CD16bright NK
CACACTCAGGTCATCT-1,GARQ,D5,4,40,36,22,0.037129164,T-NK-B cell doublets
CACACTCCAGGTGGAT-1,GARQ,D5,4,40,36,11,0.15940523,CD56dim CD16bright NK
CACACTCGTCCTGCTT-1,GARQ,D5,4,40,36,22,0.004328966,T-NK-B cell doublets
CACACTCTCTTGAGGT-1,GARQ,D5,4,40,36,9,0.0055701733,CD8 naive
CACAGGCAGCTGCCCA-1,GARQ,D5,4,40,36,3,0.0254395,MAIT-NKT cells
CACAGGCCATTTGCCC-1,GARQ,D5,4,40,36,3,0.13669181,CD4 and CD8 activated memory
CACAGTAAGCCGATTT-1,GARQ,D5,4,40,36,26,0.11601269,Naive B
CACATAGCACACGCTG-1,GARQ,D5,4,40,36,12,0.17734814,plasmacytoid DC
CACATAGCATGTCGAT-1,GARQ,D5,4,40,36,19,0.025815725,CD8 memory
CACATAGTCTTACCTA-1,GARQ,D5,4,40,36,16,0.031842947,CD56dim CD16bright NK
CACATTTCAGGCAGTA-1,GARQ,D5,4,40,36,26,0.24735832,Naive B
CACATTTGTGTTCTTT-1,GARQ,D5,4,40,36,36,0.025758743,CD4 memory
CACATTTTCGATAGAA-1,GARQ,D5,4,40,36,24,0.06395459,Neutrophils
CACCACTCACGGTAGA-1,GARQ,D5,4,40,36,31,0.043039322,CD8 effector
CACCAGGCAGGGTATG-1,GARQ,D5,4,40,36,24,0.05453348,Classical monocytes
CACCAGGCATGTCCTC-1,GARQ,D5,4,40,36,24,0.030342937,Neutrophils
CACCAGGGTTCACCTC-1,GARQ,D5,4,40,36,8,0.13476157,CD4 naive I
CACCAGGTCCGTCAAA-1,GARQ,D5,4,40,36,10,0.01378727,CD56dim CD16bright NK
CACCTTGAGTATTGGA-1,GARQ,D5,4,40,36,8,0.08757317,CD4 naive II
CACCTTGAGTTGTAGA-1,GARQ,D5,4,40,36,24,0.034428358,Classical monocytes
CACCTTGCAATGAAAC-1,GARQ,D5,4,40,36,15,0.07727659,CD8 effector
CACCTTGCACTTCGAA-1,GARQ,D5,4,40,36,28,0.040671825,Platelets
CACTCCAAGCTCCTTC-1,GARQ,D5,4,40,36,24,0.039129376,Neutrophils
CACTCCAAGGGCATGT-1,GARQ,D5,4,40,36,6,0.075565934,CD56dim CD16bright NK
CAGAATCAGTACACCT-1,GARQ,D5,4,40,36,9,0.09517646,CD8 naive
CAGAATCAGTACGCCC-1,GARQ,D5,4,40,36,6,0.06882954,CD8 effector
CAGAATCGTACAGTTC-1,GARQ,D5,4,40,36,24,0.019798994,Neutrophils
CAGAGAGAGATGCGAC-1,GARQ,D5,4,40,36,9,0.032585025,Proliferating T and NK cell
CAGAGAGCATGCTGGC-1,GARQ,D5,4,40,36,24,0.049263477,Neutrophils
CAGAGAGGTTGGAGGT-1,GARQ,D5,4,40,36,8,0.13917482,CD4 naive I
CAGAGAGTCCTTTCTC-1,GARQ,D5,4,40,36,34,0.26434052,Naive B
CAGATCAAGCTCCTCT-1,GARQ,D5,4,40,36,8,0.10424459,CD4 naive I
CAGATCACAGGGTTAG-1,GARQ,D5,4,40,36,24,0.07181978,Platelet-bound monocytes
CAGATCAGTTAAAGAC-1,GARQ,D5,4,40,36,8,0.2077446,CD4 memory
CAGCAGCGTCACACGC-1,GARQ,D5,4,40,36,3,0.104264736,CD8 memory
CAGCAGCTCTAGCACA-1,GARQ,D5,4,40,36,27,0.22823513,CD56dim CD16bright NK
CAGCATATCCATGCTC-1,GARQ,D5,4,40,36,27,0.052393675,CD56bright CD16dim NK
CAGCATATCTCTTGAT-1,GARQ,D5,4,40,36,33,0.060606003,MAIT-NKT cells
CAGCCGAAGAAACGCC-1,GARQ,D5,4,40,36,34,0.08770013,Naive B
CAGCCGAAGAATGTTG-1,GARQ,D5,4,40,36,36,0.012253165,CD4 memory
CAGCCGACAGTAACGG-1,GARQ,D5,4,40,36,27,0.06633115,CD56dim CD16bright NK
CAGCCGACATTAACCG-1,GARQ,D5,4,40,36,9,0.049689174,CD8 memory
CAGCCGAGTGCAACTT-1,GARQ,D5,4,40,36,8,0.10313511,CD4 memory
CAGCGACAGTATCGAA-1,GARQ,D5,4,40,36,33,0.045290947,MAIT-NKT cells
CAGCGACTCTCGCTTG-1,GARQ,D5,4,40,36,8,0.080764055,CD4 naive I
CAGCTAAGTCTCGTTC-1,GARQ,D5,4,40,36,24,0.041122794,Classical monocytes
CAGCTAATCGGTCTAA-1,GARQ,D5,4,40,36,26,0.2280277,Naive B
CAGCTGGCAAACCTAC-1,GARQ,D5,4,40,36,37,0.1338222,CD8 memory
CAGCTGGCATGGATGG-1,GARQ,D5,4,40,36,27,0.40506816,CD56dim CD16bright NK
CAGCTGGGTGATGTCT-1,GARQ,D5,4,40,36,24,0.048715234,Classical monocytes
CAGGTGCCAATAGCAA-1,GARQ,D5,4,40,36,27,0.14555395,CD56dim CD16bright NK
CAGGTGCCAGGCTCAC-1,GARQ,D5,4,40,36,9,0.04287386,CD4 naive I
CAGGTGCCATGGATGG-1,GARQ,D5,4,40,36,8,0.04428029,CD4 memory
CAGGTGCGTGACGCCT-1,GARQ,D5,4,40,36,3,4.5895576e-05,MAIT-NKT cells
CAGGTGCGTTACGTCA-1,GARQ,D5,4,40,36,27,0.5286517,CD56dim CD16bright NK
CAGGTGCTCAGGCGAA-1,GARQ,D5,4,40,36,11,0.1154753,CD56dim CD16bright NK
CAGTAACAGCCTCGTG-1,GARQ,D5,4,40,36,8,0.0062543154,CD4 memory
CAGTAACAGGACCACA-1,GARQ,D5,4,40,36,24,0.01968503,Classical monocytes
CAGTAACAGGAGTTGC-1,GARQ,D5,4,40,36,9,0.009072185,CD8 memory
CAGTAACCAGTAAGAT-1,GARQ,D5,4,40,36,24,0.107658625,NK-monocyte doublets
CAGTAACTCCAATGGT-1,GARQ,D5,4,40,36,8,0.10666478,CD4 naive I
CAGTCCTAGGCAGTCA-1,GARQ,D5,4,40,36,27,0.05294919,CD8 effector
CAGTCCTGTAGATTAG-1,GARQ,D5,4,40,36,10,0.020642042,gdT cells
CAGTCCTGTGTTTGGT-1,GARQ,D5,4,40,36,8,0.19065773,CD4 memory
CATATGGCAGCGTAAG-1,GARQ,D5,4,40,36,24,0.13509119,Classical monocytes
CATATGGGTCGGCACT-1,GARQ,D5,4,40,36,27,0.012690544,CD56bright CD16dim NK
CATATTCCAAGTTAAG-1,GARQ,D5,4,40,36,10,0.031868577,CD8 effector
CATATTCCAATTGCTG-1,GARQ,D5,4,40,36,36,0.050295234,CD8 memory
CATATTCCACGCATCG-1,GARQ,D5,4,40,36,9,0.008989096,CD4 naive I
CATATTCGTTATCGGT-1,GARQ,D5,4,40,36,8,0.001945138,CD4 memory
CATATTCTCTGGTGTA-1,GARQ,D5,4,40,36,8,0.1594106,CD4 memory
CATCAAGAGTGCTGCC-1,GARQ,D5,4,40,36,8,0.14060837,CD4 naive II
CATCAAGTCCTTGACC-1,GARQ,D5,4,40,36,12,0.08946657,conventional DC
CATCAGACAATGAATG-1,GARQ,D5,4,40,36,24,0.003781557,Classical monocytes
CATCCACAGATGCCAG-1,GARQ,D5,4,40,36,6,0.030324697,CD56bright CD16dim NK
CATCCACCATGCAATC-1,GARQ,D5,4,40,36,8,0.015505314,CD4 naive I
CATCCACGTTCGTCTC-1,GARQ,D5,4,40,36,24,0.046015978,Classical monocytes
CATCCACTCACATACG-1,GARQ,D5,4,40,36,24,0.089288116,Classical monocytes
CATCGAAAGCACACAG-1,GARQ,D5,4,40,36,27,0.09487736,CD56dim CD16bright NK
CATCGAACAATGCCAT-1,GARQ,D5,4,40,36,3,0.014715672,gdT cells
CATCGGGGTACAGCAG-1,GARQ,D5,4,40,36,8,0.12305331,CD4 naive I
CATCGGGGTCGGATCC-1,GARQ,D5,4,40,36,24,0.056253195,Classical monocytes
CATCGGGGTTTAGGAA-1,GARQ,D5,4,40,36,22,0.0170784,T-NK-B cell doublets
CATCGGGTCCATGCTC-1,GARQ,D5,4,40,36,24,0.0399189,Classical monocytes
CATGACAAGTACGTTC-1,GARQ,D5,4,40,36,36,0.06216669,CD4 memory
CATGACACAAGCGCTC-1,GARQ,D5,4,40,36,22,0.0035603046,NK-monocyte doublets
CATGACATCGGCTTGG-1,GARQ,D5,4,40,36,26,0.24416006,Naive B
CATGCCTCATGTCCTC-1,GARQ,D5,4,40,36,27,0.107735634,CD56dim CD16bright NK
CATGCCTCATTAACCG-1,GARQ,D5,4,40,36,22,0.010576963,Classical monocytes
CATGCCTGTAGCTCCG-1,GARQ,D5,4,40,36,6,0.10621333,CD8 effector
CATGCCTGTCGCTTTC-1,GARQ,D5,4,40,36,27,0.11301494,CD56dim CD16bright NK
CATGCCTGTGATGCCC-1,GARQ,D5,4,40,36,6,0.076967,gdT cells
CATGCCTGTGTCGCTG-1,GARQ,D5,4,40,36,8,0.09906721,CD4 memory
CATGCCTTCAGGTAAA-1,GARQ,D5,4,40,36,8,0.0039100647,CD4 memory
CATGGCGAGTCAAGCG-1,GARQ,D5,4,40,36,27,0.09302199,CD56dim CD16bright NK
CATGGCGGTAGCCTAT-1,GARQ,D5,4,40,36,8,0.07656062,CD4 naive I
CATGGCGGTGTTCTTT-1,GARQ,D5,4,40,36,8,0.18758011,CD4 memory
CATGGCGTCCTAGGGC-1,GARQ,D5,4,40,36,8,0.059811354,CD4 memory
CATTATCCATACGCTA-1,GARQ,D5,4,40,36,3,0.0716331,CD8 memory
CATTATCTCTACCTGC-1,GARQ,D5,4,40,36,26,0.196612,Naive B
CATTCGCAGCCAGTAG-1,GARQ,D5,4,40,36,26,0.29663205,Naive B
CATTCGCCATTGGCGC-1,GARQ,D5,4,40,36,27,0.0696125,gdT cells
CATTCGCGTACCAGTT-1,GARQ,D5,4,40,36,8,0.093877316,CD4 naive I
CATTCGCTCGTATCAG-1,GARQ,D5,4,40,36,27,0.10211885,CD56dim CD16bright NK
CCAATCCCACCTTGTC-1,GARQ,D5,4,40,36,22,0.025935411,Classical monocytes
CCAATCCGTAGCTAAA-1,GARQ,D5,4,40,36,9,0.009898186,CD8 naive
CCAATCCTCCAAGTAC-1,GARQ,D5,4,40,36,24,0.043877363,Classical monocytes
CCAATCCTCCACGTTC-1,GARQ,D5,4,40,36,26,0.0606125,Naive B
CCACCTACATTGCGGC-1,GARQ,D5,4,40,36,27,0.03362167,CD56dim CD16bright NK
CCACCTAGTGATGTGG-1,GARQ,D5,4,40,36,26,0.12743473,T-NK-B cell doublets
CCACCTAGTTCCTCCA-1,GARQ,D5,4,40,36,6,0.010867357,MAIT-NKT cells
CCACCTATCACATAGC-1,GARQ,D5,4,40,36,27,0.054626822,CD56dim CD16bright NK
CCACCTATCGCCTGTT-1,GARQ,D5,4,40,36,24,0.06617689,Classical monocytes
CCACGGAAGCTGCGAA-1,GARQ,D5,4,40,36,24,0.09816015,NK-monocyte doublets
CCACGGAAGTCTTGCA-1,GARQ,D5,4,40,36,8,0.048437715,CD4 naive I
CCACGGAGTACGCACC-1,GARQ,D5,4,40,36,24,0.03880477,Classical monocytes
CCACTACAGAGTAAGG-1,GARQ,D5,4,40,36,8,0.06873894,CD4 naive II
CCACTACCACGGCTAC-1,GARQ,D5,4,40,36,27,0.047716737,CD56dim CD16bright NK
CCACTACGTAGAGTGC-1,GARQ,D5,4,40,36,22,0.08064914,Classical monocytes
CCACTACGTGCCTGTG-1,GARQ,D5,4,40,36,24,0.1122812,Neutrophils
CCACTACGTTACCGAT-1,GARQ,D5,4,40,36,9,0.003950119,CD4 naive I
CCACTACGTTATGTGC-1,GARQ,D5,4,40,36,1,0.0018670559,gdT cells
CCACTACTCAATAAGG-1,GARQ,D5,4,40,36,3,0.00285542,gdT cells
CCACTACTCGCAGGCT-1,GARQ,D5,4,40,36,26,0.20791471,Naive B
CCAGCGACAAGCTGTT-1,GARQ,D5,4,40,36,3,0.03134823,MAIT-NKT cells
CCAGCGACAGACAAAT-1,GARQ,D5,4,40,36,27,0.11959326,CD56dim CD16bright NK
CCAGCGACAGGAACGT-1,GARQ,D5,4,40,36,26,0.010481596,Memory B
CCATGTCCAAGCCATT-1,GARQ,D5,4,40,36,22,0.087949514,Neutrophils
CCATGTCTCGGTCTAA-1,GARQ,D5,4,40,36,27,0.11615312,CD56dim CD16bright NK
CCATGTCTCTGCTGTC-1,GARQ,D5,4,40,36,26,0.13625526,Naive B
CCATTCGAGAGACGAA-1,GARQ,D5,4,40,36,24,0.04921019,Classical monocytes
CCATTCGCAATGTAAG-1,GARQ,D5,4,40,36,27,0.10959864,CD56dim CD16bright NK
CCATTCGCACCCATGG-1,GARQ,D5,4,40,36,27,0.13991868,CD56dim CD16bright NK
CCATTCGCACTCTGTC-1,GARQ,D5,4,40,36,28,0.18378735,Platelets
CCATTCGTCAGATAAG-1,GARQ,D5,4,40,36,31,7.1287155e-05,CD56dim CD16bright NK
CCCAATCCACGGACAA-1,GARQ,D5,4,40,36,34,0.285226,Naive B
CCCAATCTCAACACAC-1,GARQ,D5,4,40,36,15,0.010772586,gdT cells
CCCAGTTTCAGCCTAA-1,GARQ,D5,4,40,36,8,0.096888304,CD4 naive I
CCCATACCAACTTGAC-1,GARQ,D5,4,40,36,26,0.023117244,Naive B
CCCATACGTTACGTCA-1,GARQ,D5,4,40,36,27,0.0093945265,CD8 effector
CCCATACTCGGTGTCG-1,GARQ,D5,4,40,36,27,0.066497326,CD8 effector
CCCTCCTCACTCTGTC-1,GARQ,D5,4,40,36,7,0.04995966,CD56dim CD16bright NK
CCCTCCTCATGCAACT-1,GARQ,D5,4,40,36,11,0.026557922,CD56dim CD16bright NK
CCCTCCTGTAAGTGTA-1,GARQ,D5,4,40,36,24,0.016218543,Classical monocytes
CCCTCCTGTGATGATA-1,GARQ,D5,4,40,36,24,0.07958865,Classical monocytes
CCCTCCTTCCTGTACC-1,GARQ,D5,4,40,36,27,0.16531849,CD56dim CD16bright NK
CCGGGATTCATTTGGG-1,GARQ,D5,4,40,36,26,0.1297561,Memory B
CCGGGATTCTCACATT-1,GARQ,D5,4,40,36,22,0.023654819,Platelet-bound monocytes
CCGGTAGAGATATGCA-1,GARQ,D5,4,40,36,6,0.041499138,NK-T doublets
CCGGTAGGTCACAAGG-1,GARQ,D5,4,40,36,10,0.031217694,CD8 effector
CCGGTAGTCAACACTG-1,GARQ,D5,4,40,36,24,0.11026704,Classical monocytes
CCGGTAGTCATACGGT-1,GARQ,D5,4,40,36,9,0.03667164,CD8 naive
CCGTACTCACATCCAA-1,GARQ,D5,4,40,36,3,0.08991897,gdT cells
CCGTACTCATATGAGA-1,GARQ,D5,4,40,36,27,0.16041887,CD56dim CD16bright NK
CCGTACTTCAAACCGT-1,GARQ,D5,4,40,36,24,0.08088803,Neutrophils
CCGTTCAAGCCGTCGT-1,GARQ,D5,4,40,36,8,0.09456444,CD4 memory
CCGTTCAGTGAACCTT-1,GARQ,D5,4,40,36,10,0.027357578,MAIT-NKT cells
CCGTTCATCTAAGCCA-1,GARQ,D5,4,40,36,27,0.20457602,CD56dim CD16bright NK
CCGTTCATCTTGGGTA-1,GARQ,D5,4,40,36,11,0.047696233,CD56dim CD16bright NK
CCTAAAGAGCGTCTAT-1,GARQ,D5,4,40,36,26,0.09333593,Naive B
CCTAAAGGTCAGAAGC-1,GARQ,D5,4,40,36,24,0.059135556,Classical monocytes
CCTAAAGGTCTAGCCG-1,GARQ,D5,4,40,36,34,0.21913218,Memory B
CCTACACAGCTAACAA-1,GARQ,D5,4,40,36,26,0.10015762,T-NK-B cell doublets
CCTACACAGCTAGTCT-1,GARQ,D5,4,40,36,8,0.17724466,CD4 naive I
CCTACCACACGTGAGA-1,GARQ,D5,4,40,36,11,0.059868813,CD56dim CD16bright NK
CCTACCACAGGTGGAT-1,GARQ,D5,4,40,36,6,0.036758542,gdT cells
CCTAGCTTCAGTTTGG-1,GARQ,D5,4,40,36,24,0.04499507,Classical monocytes
CCTAGCTTCCGTAGTA-1,GARQ,D5,4,40,36,24,0.050851345,conventional DC
CCTATTATCGTAGGTT-1,GARQ,D5,4,40,36,6,0.0088454485,gdT cells
CCTCAGTCAGACTCGC-1,GARQ,D5,4,40,36,26,0.0062975883,Naive B
CCTCAGTGTCAGGACA-1,GARQ,D5,4,40,36,33,0.08703351,MAIT-NKT cells
CCTCAGTGTTGGTGGA-1,GARQ,D5,4,40,36,6,0.07601547,CD8 effector
CCTCTGAAGCTCTCGG-1,GARQ,D5,4,40,36,11,0.007405281,CD56dim CD16bright NK
CCTCTGAAGGCCGAAT-1,GARQ,D5,4,40,36,27,0.22244835,CD56dim CD16bright NK
CCTCTGAAGGGTGTGT-1,GARQ,D5,4,40,36,9,0.0013650656,CD8 naive
CCTCTGACATCCTTGC-1,GARQ,D5,4,40,36,8,0.020717382,CD8 memory
CCTCTGACATGTTCCC-1,GARQ,D5,4,40,36,34,0.037064254,Memory B
CCTCTGATCGTACGGC-1,GARQ,D5,4,40,36,27,0.095121264,CD56dim CD16bright NK
CCTTACGAGATGTGGC-1,GARQ,D5,4,40,36,33,0.0014638901,MAIT-NKT cells
CCTTACGAGCGATCCC-1,GARQ,D5,4,40,36,33,0.048588872,MAIT-NKT cells
CCTTACGCAGACGCAA-1,GARQ,D5,4,40,36,24,0.08217597,Classical monocytes
CCTTACGGTACGACCC-1,GARQ,D5,4,40,36,27,0.035057783,CD56dim CD16bright NK
CCTTACGTCAGAGGTG-1,GARQ,D5,4,40,36,27,0.15534079,CD56dim CD16bright NK
CCTTACGTCTGAGTGT-1,GARQ,D5,4,40,36,24,0.11281824,Classical monocytes
CCTTCCCGTCTTCGTC-1,GARQ,D5,4,40,36,24,0.06308198,Neutrophils
CCTTCCCGTTTGACAC-1,GARQ,D5,4,40,36,24,0.11430192,NK-monocyte doublets
CCTTCCCTCTGGAGCC-1,GARQ,D5,4,40,36,39,0.018003702,gdT cells
CCTTCGAAGAGCTGCA-1,GARQ,D5,4,40,36,6,0.08524227,gdT cells
CCTTCGACAATGGATA-1,GARQ,D5,4,40,36,15,0.056011498,CD8 memory
CCTTCGACAGCGATCC-1,GARQ,D5,4,40,36,8,0.060961723,CD4 naive I
CCTTCGACAGCTGTAT-1,GARQ,D5,4,40,36,8,0.10560107,CD4 naive I
CCTTCGAGTAATCACC-1,GARQ,D5,4,40,36,26,0.245669,Naive B
CCTTCGATCCACGTGG-1,GARQ,D5,4,40,36,34,0.33193612,Memory B
CCTTCGATCCGTTGCT-1,GARQ,D5,4,40,36,6,0.052859545,CD56dim CD16bright NK
CCTTTCTCAAAGGTGC-1,GARQ,D5,4,40,36,33,0.008910656,CD8 memory
CCTTTCTCATTGCGGC-1,GARQ,D5,4,40,36,8,0.075877786,CD4 memory
CCTTTCTGTCGCTTTC-1,GARQ,D5,4,40,36,26,0.22900474,Naive B
CCTTTCTGTTGACGTT-1,GARQ,D5,4,40,36,10,0.048843384,gdT cells
CGAACATAGGGTATCG-1,GARQ,D5,4,40,36,26,0.011317849,Memory B
CGAACATCAGATTGCT-1,GARQ,D5,4,40,36,27,0.07581341,CD56dim CD16bright NK
CGAATGTCATTAGGCT-1,GARQ,D5,4,40,36,24,0.06909132,Neutrophils
CGAATGTGTAGATTAG-1,GARQ,D5,4,40,36,36,0.015319824,CD4 naive II
CGAATGTGTATGAAAC-1,GARQ,D5,4,40,36,10,0.063480735,gdT cells
CGACCTTAGCAGCCTC-1,GARQ,D5,4,40,36,27,0.121561766,CD56dim CD16bright NK
CGACCTTCAGGTGCCT-1,GARQ,D5,4,40,36,27,0.060509324,CD56dim CD16bright NK
CGACCTTGTGTTGGGA-1,GARQ,D5,4,40,36,11,0.1402359,CD56dim CD16bright NK
CGACCTTTCTGCGTAA-1,GARQ,D5,4,40,36,11,0.007870913,CD56dim CD16bright NK
CGACTTCAGGATGCGT-1,GARQ,D5,4,40,36,11,0.10137677,CD56dim CD16bright NK
CGACTTCGTAAGGATT-1,GARQ,D5,4,40,36,8,0.055900216,Regulatory T cells
CGACTTCTCATCTGCC-1,GARQ,D5,4,40,36,33,0.034180045,MAIT-NKT cells
CGACTTCTCCAGGGCT-1,GARQ,D5,4,40,36,8,0.014948845,CD4 naive I
CGAGAAGAGACAAGCC-1,GARQ,D5,4,40,36,24,0.08348513,Platelet-bound monocytes
CGAGAAGCAATAAGCA-1,GARQ,D5,4,40,36,8,0.021086216,CD4 memory
CGAGAAGCAGTATCTG-1,GARQ,D5,4,40,36,6,0.05552733,CD8 effector
CGAGAAGGTGGTAACG-1,GARQ,D5,4,40,36,27,0.04729116,CD56bright CD16dim NK
CGAGAAGTCGTCTGCT-1,GARQ,D5,4,40,36,27,0.049439907,Proliferating T and NK cell
CGAGCACGTCCGAATT-1,GARQ,D5,4,40,36,27,0.013306856,CD56dim CD16bright NK
CGAGCACTCAAACAAG-1,GARQ,D5,4,40,36,16,0.059398532,CD56dim CD16bright NK
CGAGCCAAGAACTGTA-1,GARQ,D5,4,40,36,24,0.09551597,Neutrophils
CGAGCCACATAACCTG-1,GARQ,D5,4,40,36,3,0.053988457,CD8 memory
CGAGCCAGTAACGTTC-1,GARQ,D5,4,40,36,9,0.0067727566,CD4 naive I
CGATCGGAGTACGACG-1,GARQ,D5,4,40,36,24,0.07679248,Classical monocytes
CGATCGGCACACGCTG-1,GARQ,D5,4,40,36,6,0.025743484,CD8 effector
CGATCGGCACATGTGT-1,GARQ,D5,4,40,36,27,0.1331172,CD56dim CD16bright NK
CGATCGGGTGGCGAAT-1,GARQ,D5,4,40,36,27,0.09827399,CD56dim CD16bright NK
CGATCGGGTGTGAATA-1,GARQ,D5,4,40,36,10,0.0008890629,CD8 effector
CGATCGGGTTGAACTC-1,GARQ,D5,4,40,36,7,0.030053139,CD56dim CD16bright NK
CGATCGGTCAGAGCTT-1,GARQ,D5,4,40,36,27,0.13926506,CD56dim CD16bright NK
CGATGTAGTCCGTCAG-1,GARQ,D5,4,40,36,24,0.06441414,Classical monocytes
CGATGTATCCGGGTGT-1,GARQ,D5,4,40,36,26,0.17128146,T-NK-B cell doublets
CGATGTATCCTCTAGC-1,GARQ,D5,4,40,36,3,0.0014882088,CD8 memory
CGATTGAAGGAACTGC-1,GARQ,D5,4,40,36,8,0.13971096,CD4 naive I
CGATTGACACCTATCC-1,GARQ,D5,4,40,36,11,0.09431672,CD56dim CD16bright NK
CGATTGACACTGTTAG-1,GARQ,D5,4,40,36,24,0.011935711,Neutrophils
CGATTGACAGCTTCGG-1,GARQ,D5,4,40,36,7,0.010693669,CD56bright CD16dim NK
CGATTGACATCGGACC-1,GARQ,D5,4,40,36,8,0.07742822,CD4 naive I
CGATTGAGTATAGGTA-1,GARQ,D5,4,40,36,6,0.046527624,NK-T doublets
CGATTGATCATCGGAT-1,GARQ,D5,4,40,36,33,0.071566105,MAIT-NKT cells
CGCCAAGAGAGCCCAA-1,GARQ,D5,4,40,36,24,0.13982856,Classical monocytes
CGCCAAGAGGACGAAA-1,GARQ,D5,4,40,36,27,0.20409203,CD56dim CD16bright NK
CGCCAAGGTGCAGGTA-1,GARQ,D5,4,40,36,8,0.013420582,CD8 naive
CGCCAAGGTTATGCGT-1,GARQ,D5,4,40,36,17,0.050020933,NK-T doublets
CGCGGTAAGACACGAC-1,GARQ,D5,4,40,36,1,0.023594141,CD8 effector
CGCGGTAGTGCAACGA-1,GARQ,D5,4,40,36,27,0.121729136,CD56bright CD16dim NK
CGCGGTAGTGCAGACA-1,GARQ,D5,4,40,36,8,0.09342027,CD4 memory
CGCGGTAGTTCAGCGC-1,GARQ,D5,4,40,36,24,0.06714809,Classical monocytes
CGCGTTTAGGCTAGAC-1,GARQ,D5,4,40,36,26,0.1450777,Naive B
CGCGTTTAGGTGTTAA-1,GARQ,D5,4,40,36,24,0.17922974,Classical monocytes
CGCGTTTCATCGTCGG-1,GARQ,D5,4,40,36,9,0.032102108,CD4 naive I
CGCGTTTGTAGAGTGC-1,GARQ,D5,4,40,36,6,0.012550473,NK-T doublets
CGCGTTTGTCTCATCC-1,GARQ,D5,4,40,36,27,0.102033734,CD56dim CD16bright NK
CGCGTTTTCATCATTC-1,GARQ,D5,4,40,36,27,0.1301055,CD56dim CD16bright NK
CGCTATCCACAGAGGT-1,GARQ,D5,4,40,36,33,0.022491932,MAIT-NKT cells
CGCTATCCAGTACACT-1,GARQ,D5,4,40,36,27,0.12554562,CD56dim CD16bright NK
CGCTATCCATATACCG-1,GARQ,D5,4,40,36,9,0.105410576,CD8 naive
CGCTATCTCGTTTGCC-1,GARQ,D5,4,40,36,34,0.22768557,Naive B
CGCTATCTCTGGCGTG-1,GARQ,D5,4,40,36,34,0.28287792,Naive B
CGCTGGACAACACGCC-1,GARQ,D5,4,40,36,8,0.0843575,CD4 memory
CGCTTCAAGACTTTCG-1,GARQ,D5,4,40,36,32,0.00816083,CD8 memory
CGCTTCAAGCGAGAAA-1,GARQ,D5,4,40,36,6,0.00938642,CD56bright CD16dim NK
CGCTTCAAGTATCGAA-1,GARQ,D5,4,40,36,24,0.107415915,Classical monocytes
CGCTTCACAGTACACT-1,GARQ,D5,4,40,36,9,0.060928345,CD8 naive
CGGACACAGTCTCGGC-1,GARQ,D5,4,40,36,8,0.042615175,CD4 memory
CGGACACGTCCAAGTT-1,GARQ,D5,4,40,36,3,0.13725531,CD8 memory
CGGACACTCAACACAC-1,GARQ,D5,4,40,36,8,0.03369367,CD8 naive
CGGACACTCTGACCTC-1,GARQ,D5,4,40,36,24,0.08521581,NK-monocyte doublets
CGGACGTAGGACAGAA-1,GARQ,D5,4,40,36,22,0.06930339,NK-monocyte doublets
CGGACGTCAGACAGGT-1,GARQ,D5,4,40,36,27,0.026705027,CD56dim CD16bright NK
CGGACGTGTCCAACTA-1,GARQ,D5,4,40,36,24,0.04741919,Neutrophils
CGGACGTGTTCTGTTT-1,GARQ,D5,4,40,36,26,0.08559543,Naive B
CGGACTGGTTGCCTCT-1,GARQ,D5,4,40,36,10,0.1394962,CD8 effector
CGGACTGGTTGGTAAA-1,GARQ,D5,4,40,36,33,0.009693146,CD8 memory
CGGAGCTAGACAGGCT-1,GARQ,D5,4,40,36,24,0.02348721,Neutrophils
CGGAGCTAGGTAAACT-1,GARQ,D5,4,40,36,8,0.2575097,CD4 memory
CGGAGCTCAAAGGTGC-1,GARQ,D5,4,40,36,5,0.049549222,CD56dim CD16bright NK
CGGAGCTCAACGATCT-1,GARQ,D5,4,40,36,8,0.08818507,CD4 naive I
CGGAGCTCACCAGGCT-1,GARQ,D5,4,40,36,8,0.14240146,CD8 naive
CGGAGCTCATCCTAGA-1,GARQ,D5,4,40,36,27,0.013262987,CD56dim CD16bright NK
CGGAGCTTCAGCTCTC-1,GARQ,D5,4,40,36,27,0.14946318,CD56dim CD16bright NK
CGGAGTCAGTGGGTTG-1,GARQ,D5,4,40,36,26,0.00902009,Naive B
CGGAGTCCACTTAACG-1,GARQ,D5,4,40,36,8,0.021590352,CD8 naive
CGGAGTCCAGTGACAG-1,GARQ,D5,4,40,36,27,0.12015438,CD56bright CD16dim NK
CGGAGTCCATTCCTCG-1,GARQ,D5,4,40,36,26,0.17534912,T-NK-B cell doublets
CGGAGTCGTTGACGTT-1,GARQ,D5,4,40,36,27,0.03903997,CD56dim CD16bright NK
CGGAGTCTCTGATACG-1,GARQ,D5,4,40,36,27,0.12699127,CD56dim CD16bright NK
CGGCTAGCAGCGAACA-1,GARQ,D5,4,40,36,1,0.001940012,CD8 effector
CGGCTAGGTAGCGTGA-1,GARQ,D5,4,40,36,9,0.012473822,MAIT-NKT cells
CGGCTAGGTTGTGGAG-1,GARQ,D5,4,40,36,27,0.09122491,CD56dim CD16bright NK
CGGCTAGTCTCGCATC-1,GARQ,D5,4,40,36,8,0.11065519,CD4 naive I
CGGGTCAAGGGATACC-1,GARQ,D5,4,40,36,11,0.01435256,CD56dim CD16bright NK
CGGGTCAGTCTCTCGT-1,GARQ,D5,4,40,36,26,0.02651143,Naive B
CGGTTAACACACCGCA-1,GARQ,D5,4,40,36,9,0.0050302744,CD4 naive I
CGGTTAAGTGGAAAGA-1,GARQ,D5,4,40,36,9,0.013285637,CD8 naive
CGTAGCGAGCGATGAC-1,GARQ,D5,4,40,36,27,0.05286026,NK-T doublets
CGTAGGCAGAACTGTA-1,GARQ,D5,4,40,36,24,0.036441803,Classical monocytes
CGTAGGCAGATGTAAC-1,GARQ,D5,4,40,36,8,0.10704243,CD8 naive
CGTAGGCAGCGTTTAC-1,GARQ,D5,4,40,36,8,0.1175127,Regulatory T cells
CGTCACTAGCCACGTC-1,GARQ,D5,4,40,36,26,0.019101977,Naive B
CGTCACTAGGACATTA-1,GARQ,D5,4,40,36,6,0.0997386,gdT cells
CGTCACTGTCTAACGT-1,GARQ,D5,4,40,36,9,0.05716765,CD8 naive
CGTCACTGTTGGTGGA-1,GARQ,D5,4,40,36,8,0.115761995,CD4 memory
CGTCACTTCTTCGGTC-1,GARQ,D5,4,40,36,19,0.01741147,gdT cells
CGTCAGGAGATCCCGC-1,GARQ,D5,4,40,36,24,0.02396202,Classical monocytes
CGTCAGGGTAAGTAGT-1,GARQ,D5,4,40,36,24,0.0137729645,NK-monocyte doublets
CGTCAGGGTACCGGCT-1,GARQ,D5,4,40,36,1,0.11371839,CD8 effector
CGTCAGGGTGATGATA-1,GARQ,D5,4,40,36,9,0.06829882,CD8 naive
CGTCAGGGTGTTCGAT-1,GARQ,D5,4,40,36,36,0.088908434,CD8 memory
CGTCCATTCACCCTCA-1,GARQ,D5,4,40,36,8,0.059936166,CD4 memory
CGTCCATTCTTGCCGT-1,GARQ,D5,4,40,36,27,0.02931118,CD56dim CD16bright NK
CGTCTACAGACTAGAT-1,GARQ,D5,4,40,36,24,0.14001727,Platelet-bound monocytes
CGTCTACCAATACGCT-1,GARQ,D5,4,40,36,36,0.029376864,CD4 memory
CGTCTACGTACATCCA-1,GARQ,D5,4,40,36,26,0.2815671,Naive B
CGTCTACTCTGTCTCG-1,GARQ,D5,4,40,36,27,0.17887759,CD56dim CD16bright NK
CGTGAGCAGGAGCGAG-1,GARQ,D5,4,40,36,27,0.0014333725,CD56dim CD16bright NK
CGTGAGCAGTGACATA-1,GARQ,D5,4,40,36,11,0.036865354,CD56dim CD16bright NK
CGTGAGCCAATAGAGT-1,GARQ,D5,4,40,36,24,0.040732503,Classical monocytes
CGTGAGCGTGCTTCTC-1,GARQ,D5,4,40,36,6,0.072505,gdT cells
CGTGAGCTCCCAGGTG-1,GARQ,D5,4,40,36,24,0.07023084,Classical monocytes
CGTGTAACATGCCTTC-1,GARQ,D5,4,40,36,9,0.0024850368,CD8 naive
CGTGTAAGTACCGGCT-1,GARQ,D5,4,40,36,11,0.05686724,CD56dim CD16bright NK
CGTGTCTGTCATGCCG-1,GARQ,D5,4,40,36,8,0.25753284,CD4 naive I
CGTGTCTTCGGCGCTA-1,GARQ,D5,4,40,36,6,0.068623066,CD8 effector
CGTTAGAAGAGGTTGC-1,GARQ,D5,4,40,36,22,0.022797346,NK-monocyte doublets
CGTTAGAAGGACTGGT-1,GARQ,D5,4,40,36,12,0.0007224083,conventional DC
CGTTAGACAAAGGTGC-1,GARQ,D5,4,40,36,8,0.07299411,CD4 naive I
CGTTAGACATCACGAT-1,GARQ,D5,4,40,36,26,0.13646472,Naive B
CGTTAGATCCTTGGTC-1,GARQ,D5,4,40,36,27,0.176229,CD56dim CD16bright NK
CGTTAGATCGTCTGAA-1,GARQ,D5,4,40,36,11,0.118964076,CD56dim CD16bright NK
CGTTCTGAGAGCCCAA-1,GARQ,D5,4,40,36,27,0.01363802,CD56dim CD16bright NK
CGTTCTGGTGCCTTGG-1,GARQ,D5,4,40,36,24,0.060302734,NK-monocyte doublets
CGTTCTGTCAACACGT-1,GARQ,D5,4,40,36,24,0.027068853,Classical monocytes
CGTTGGGAGTACGATA-1,GARQ,D5,4,40,36,8,0.07497728,CD4 naive II
CGTTGGGAGTTCGATC-1,GARQ,D5,4,40,36,24,0.060524106,Classical monocytes
CGTTGGGGTATCGCAT-1,GARQ,D5,4,40,36,27,0.1712575,CD56dim CD16bright NK
CGTTGGGTCATTGCGA-1,GARQ,D5,4,40,36,27,0.07762802,CD56dim CD16bright NK
CGTTGGGTCCGTTGTC-1,GARQ,D5,4,40,36,8,0.25068212,CD4 memory
CTAACTTAGAGATGAG-1,GARQ,D5,4,40,36,26,0.330454,Naive B
CTAACTTAGATCACGG-1,GARQ,D5,4,40,36,26,0.09380281,T-NK-B cell doublets
CTAACTTTCAGTGCAT-1,GARQ,D5,4,40,36,3,0.086426735,CD8 memory
CTAACTTTCGTCCGTT-1,GARQ,D5,4,40,36,16,0.022413135,CD56dim CD16bright NK
CTAAGACAGATGAGAG-1,GARQ,D5,4,40,36,24,0.07140303,Classical monocytes
CTAAGACAGTTAGCGG-1,GARQ,D5,4,40,36,39,0.027318835,gdT cells
CTAAGACTCATTCACT-1,GARQ,D5,4,40,36,6,0.040320635,MAIT-NKT cells
CTAAGACTCTGCTGCT-1,GARQ,D5,4,40,36,6,0.035700083,CD8 effector
CTAATGGAGGCATTGG-1,GARQ,D5,4,40,36,27,0.052879095,CD56dim CD16bright NK
CTAATGGCAGGAATCG-1,GARQ,D5,4,40,36,8,0.10498786,CD4 naive I
CTAATGGGTCGACTAT-1,GARQ,D5,4,40,36,26,0.11243725,T-NK-B cell doublets
CTAATGGGTGGTCTCG-1,GARQ,D5,4,40,36,11,0.03052485,CD56dim CD16bright NK
CTACACCTCGCTGATA-1,GARQ,D5,4,40,36,22,0.026073694,Neutrophils
CTACATTAGCCCAACC-1,GARQ,D5,4,40,36,8,0.007035017,Regulatory T cells
CTACATTAGCTGAACG-1,GARQ,D5,4,40,36,26,0.57399607,Naive B
CTACATTCAGGTCCAC-1,GARQ,D5,4,40,36,9,0.00097584724,CD8 naive
CTACATTCATCCTTGC-1,GARQ,D5,4,40,36,8,0.006909251,CD4 memory
CTACATTGTACCATCA-1,GARQ,D5,4,40,36,19,0.09747988,CD8 memory
CTACCCATCTCCGGTT-1,GARQ,D5,4,40,36,27,0.36207724,CD56dim CD16bright NK
CTACGTCAGCGCCTCA-1,GARQ,D5,4,40,36,6,0.014460325,gdT cells
CTACGTCCACCACCAG-1,GARQ,D5,4,40,36,34,0.07258904,Naive B
CTACGTCCATGCTGGC-1,GARQ,D5,4,40,36,8,0.15293133,CD4 naive I
CTACGTCGTAAAGTCA-1,GARQ,D5,4,40,36,27,0.027767181,CD56dim CD16bright NK
CTACGTCTCTTTAGTC-1,GARQ,D5,4,40,36,27,0.12486148,CD56dim CD16bright NK
CTAGAGTAGTGTTAGA-1,GARQ,D5,4,40,36,26,0.563478,Naive B
CTAGAGTCATCTCGCT-1,GARQ,D5,4,40,36,8,0.04344952,CD4 memory
CTAGAGTGTAAGGATT-1,GARQ,D5,4,40,36,22,0.011013746,Classical monocytes
CTAGAGTGTCTACCTC-1,GARQ,D5,4,40,36,6,0.056728005,NK-T doublets
CTAGAGTGTGTTAAGA-1,GARQ,D5,4,40,36,8,0.09254825,CD8 naive
CTAGAGTTCCAGTAGT-1,GARQ,D5,4,40,36,10,0.1002419,CD8 effector
CTAGAGTTCCGTTGTC-1,GARQ,D5,4,40,36,27,0.20309973,CD56dim CD16bright NK
CTAGAGTTCCTATTCA-1,GARQ,D5,4,40,36,8,0.23978412,CD4 naive II
CTAGCCTAGACTTTCG-1,GARQ,D5,4,40,36,6,0.18195713,CD8 effector
CTAGCCTCATTGGTAC-1,GARQ,D5,4,40,36,8,0.021175265,CD4 memory
CTAGCCTGTACAAGTA-1,GARQ,D5,4,40,36,8,0.14772081,CD4 naive I
CTAGCCTGTGATGTCT-1,GARQ,D5,4,40,36,3,0.032648087,CD8 memory
CTAGCCTTCGCGTTTC-1,GARQ,D5,4,40,36,8,0.022293806,Platelet-T cell doublets
CTAGCCTTCTCTGAGA-1,GARQ,D5,4,40,36,22,0.009063959,Classical monocytes
CTAGTGAGTACGAAAT-1,GARQ,D5,4,40,36,8,0.09080315,CD4 memory
CTAGTGAGTCTGCAAT-1,GARQ,D5,4,40,36,24,0.0682621,Classical monocytes
CTAGTGATCCATGCTC-1,GARQ,D5,4,40,36,27,0.06846285,CD56dim CD16bright NK
CTAGTGATCTCTAAGG-1,GARQ,D5,4,40,36,6,0.010519624,CD8 effector
CTAGTGATCTCTGAGA-1,GARQ,D5,4,40,36,27,0.021994352,CD56dim CD16bright NK
CTCACACAGGCATGTG-1,GARQ,D5,4,40,36,24,0.032765746,Platelet-bound monocytes
CTCACACCAGACGTAG-1,GARQ,D5,4,40,36,22,0.027154803,Neutrophils
CTCACACGTGCAACGA-1,GARQ,D5,4,40,36,31,0.13681638,CD56dim CD16bright NK
CTCACACTCACCGTAA-1,GARQ,D5,4,40,36,24,0.060215473,Classical monocytes
CTCAGAAAGCGTGAAC-1,GARQ,D5,4,40,36,9,0.012163401,CD4 and CD8 activated memory
CTCAGAAAGGATGGTC-1,GARQ,D5,4,40,36,24,0.05399716,Neutrophils
CTCAGAATCCGCTGTT-1,GARQ,D5,4,40,36,27,0.00013160706,CD56dim CD16bright NK
CTCATTACAAACTGCT-1,GARQ,D5,4,40,36,9,0.041943073,Regulatory T cells
CTCATTATCTCGCATC-1,GARQ,D5,4,40,36,24,0.010143161,Classical monocytes
CTCCTAGAGCAGGTCA-1,GARQ,D5,4,40,36,26,0.16126472,Naive B
CTCCTAGCAGATGGGT-1,GARQ,D5,4,40,36,22,0.043758035,T-NK-B cell doublets
CTCCTAGCATAAAGGT-1,GARQ,D5,4,40,36,24,0.098624706,Classical monocytes
CTCCTAGGTACTCAAC-1,GARQ,D5,4,40,36,8,0.08437514,CD4 naive II
CTCCTAGGTCAAACTC-1,GARQ,D5,4,40,36,27,0.11163485,CD56dim CD16bright NK
CTCGAAAAGAGGTTGC-1,GARQ,D5,4,40,36,26,0.28418434,Memory B
CTCGAAAAGCGTGAAC-1,GARQ,D5,4,40,36,9,0.01663804,CD4 naive I
CTCGAAAGTCGGCACT-1,GARQ,D5,4,40,36,27,0.009421349,CD56dim CD16bright NK
CTCGAAAGTGACGGTA-1,GARQ,D5,4,40,36,10,0.05261445,CD8 effector
CTCGAAAGTGCCTGTG-1,GARQ,D5,4,40,36,8,0.13204265,Regulatory T cells
CTCGAAAGTGTAATGA-1,GARQ,D5,4,40,36,24,0.13618636,Classical monocytes
CTCGAAATCGTTTAGG-1,GARQ,D5,4,40,36,21,0.04217446,CD8 memory
CTCGAGGCACGCGAAA-1,GARQ,D5,4,40,36,29,0.0789094,CD56dim CD16bright NK
CTCGAGGCAGGTTTCA-1,GARQ,D5,4,40,36,22,0.08064246,Classical monocytes
CTCGAGGGTATGGTTC-1,GARQ,D5,4,40,36,27,0.11502516,CD56dim CD16bright NK
CTCGAGGTCCTCGCAT-1,GARQ,D5,4,40,36,10,0.068926096,CD8 effector
CTCGGAGAGAGGACGG-1,GARQ,D5,4,40,36,39,0.008033514,NK-T doublets
CTCGGAGAGTGGAGTC-1,GARQ,D5,4,40,36,8,0.03681469,CD4 naive I
CTCGGGAAGCTCCTCT-1,GARQ,D5,4,40,36,7,0.0020555258,gdT cells
CTCGGGACAGGGTACA-1,GARQ,D5,4,40,36,11,0.046580553,CD56dim CD16bright NK
CTCGGGACATTCACTT-1,GARQ,D5,4,40,36,27,0.051495075,CD56dim CD16bright NK
CTCGGGAGTAGAAAGG-1,GARQ,D5,4,40,36,3,0.017251253,MAIT-NKT cells
CTCGGGATCGTTGACA-1,GARQ,D5,4,40,36,8,0.080007315,CD8 naive
CTCGTACAGACAGGCT-1,GARQ,D5,4,40,36,10,0.124474704,NK-T doublets
CTCGTACAGAGCTTCT-1,GARQ,D5,4,40,36,7,0.051229715,CD56dim CD16bright NK
CTCGTACCACATCCAA-1,GARQ,D5,4,40,36,22,0.04815626,Classical monocytes
CTCGTACCAGACGCCT-1,GARQ,D5,4,40,36,8,0.06632662,CD4 naive I
CTCGTACGTCCATCCT-1,GARQ,D5,4,40,36,27,0.051196694,CD56dim CD16bright NK
CTCGTACGTTACGGAG-1,GARQ,D5,4,40,36,24,0.0014102459,Classical monocytes
CTCGTACTCCATGCTC-1,GARQ,D5,4,40,36,8,0.16405189,CD4 memory
CTCGTACTCCTACAGA-1,GARQ,D5,4,40,36,24,0.041303635,Classical monocytes
CTCGTACTCTAACTGG-1,GARQ,D5,4,40,36,27,0.041481256,CD56dim CD16bright NK
CTCTAATAGGGTATCG-1,GARQ,D5,4,40,36,3,0.027217627,CD8 memory
CTCTAATCACAGCCCA-1,GARQ,D5,4,40,36,7,0.038100004,CD56dim CD16bright NK
CTCTAATGTAGGCATG-1,GARQ,D5,4,40,36,1,0.004611373,Platelet-T cell doublets
CTCTAATGTGTTCGAT-1,GARQ,D5,4,40,36,24,0.06474018,Classical monocytes
CTCTAATTCAGCAACT-1,GARQ,D5,4,40,36,6,0.018370867,CD8 memory
CTCTACGAGGGAGTAA-1,GARQ,D5,4,40,36,10,0.011318803,CD8 effector
CTCTACGAGTCAAGGC-1,GARQ,D5,4,40,36,24,0.023461819,Classical monocytes
CTCTACGCACCAACCG-1,GARQ,D5,4,40,36,27,0.08845711,CD56dim CD16bright NK
CTCTACGGTTGAACTC-1,GARQ,D5,4,40,36,27,0.013308883,CD8 effector
CTCTGGTAGGCGATAC-1,GARQ,D5,4,40,36,8,0.018467903,CD4 naive II
CTCTGGTAGTCTTGCA-1,GARQ,D5,4,40,36,26,0.42128575,Naive B
CTCTGGTGTCACACGC-1,GARQ,D5,4,40,36,33,0.012364626,MAIT-NKT cells
CTCTGGTTCTAAGCCA-1,GARQ,D5,4,40,36,16,0.09403646,CD56dim CD16bright NK
CTGAAACAGAACTCGG-1,GARQ,D5,4,40,36,24,0.012999773,Neutrophils
CTGAAACAGATGGCGT-1,GARQ,D5,4,40,36,33,0.005205035,gdT cells
CTGAAACAGGCAATTA-1,GARQ,D5,4,40,36,8,0.11548102,CD4 memory
CTGAAACAGTAGGCCA-1,GARQ,D5,4,40,36,27,0.044453382,CD56dim CD16bright NK
CTGAAACCACAGACTT-1,GARQ,D5,4,40,36,24,0.108698845,Platelet-bound monocytes
CTGAAACCAGGTGCCT-1,GARQ,D5,4,40,36,24,0.014570594,Classical monocytes
CTGAAGTAGTTAACGA-1,GARQ,D5,4,40,36,27,0.012407541,NK-T doublets
CTGAAGTCACAGCGTC-1,GARQ,D5,4,40,36,27,0.01872027,CD56bright CD16dim NK
CTGAAGTCATCGTCGG-1,GARQ,D5,4,40,36,27,0.060276628,CD56dim CD16bright NK
CTGAAGTGTCCAAGTT-1,GARQ,D5,4,40,36,8,0.056106567,CD4 naive II
CTGATAGCACAAGACG-1,GARQ,D5,4,40,36,24,0.036837816,Classical monocytes
CTGATAGCACGTTGGC-1,GARQ,D5,4,40,36,27,0.14151871,CD56dim CD16bright NK
CTGATAGGTAGTACCT-1,GARQ,D5,4,40,36,8,0.07605553,CD4 naive II
CTGATAGTCCTGCAGG-1,GARQ,D5,4,40,36,10,0.0042334795,CD56dim CD16bright NK
CTGATCCAGCCCAATT-1,GARQ,D5,4,40,36,6,0.01955223,CD8 effector
CTGATCCCAGCTGTTA-1,GARQ,D5,4,40,36,26,0.13624251,T-NK-B cell doublets
CTGATCCGTCTGATCA-1,GARQ,D5,4,40,36,3,0.024476767,CD8 effector
CTGATCCTCGCCAAAT-1,GARQ,D5,4,40,36,12,0.20192719,plasmacytoid DC
CTGCCTAAGAGACGAA-1,GARQ,D5,4,40,36,24,0.060119867,Classical monocytes
CTGCCTACAAGACACG-1,GARQ,D5,4,40,36,6,0.051878452,CD8 memory
CTGCCTACACAACTGT-1,GARQ,D5,4,40,36,8,0.013054967,CD4 naive II
CTGCCTACAGCGTTCG-1,GARQ,D5,4,40,36,27,0.06783223,CD56dim CD16bright NK
CTGCCTATCGTCTGAA-1,GARQ,D5,4,40,36,10,0.078973174,gdT cells
CTGCGGACATGCCACG-1,GARQ,D5,4,40,36,8,0.08840978,CD4 memory
CTGCGGAGTGGCCCTA-1,GARQ,D5,4,40,36,0,0.08899182,CD8 naive
CTGCGGATCAGTCAGT-1,GARQ,D5,4,40,36,27,0.0034964085,CD56dim CD16bright NK
CTGCTGTCAACACGCC-1,GARQ,D5,4,40,36,26,0.10766697,Memory B
CTGCTGTGTCTCATCC-1,GARQ,D5,4,40,36,24,0.071697235,Neutrophils
CTGCTGTTCGACCAGC-1,GARQ,D5,4,40,36,27,0.09876013,CD56dim CD16bright NK
CTGGTCTGTTTGACTG-1,GARQ,D5,4,40,36,36,0.0105826855,CD8 naive
CTGGTCTTCTACTTAC-1,GARQ,D5,4,40,36,24,0.10618615,Platelet-bound monocytes
CTGGTCTTCTCGAGTA-1,GARQ,D5,4,40,36,22,0.07033682,T-NK-B cell doublets
CTGTGCTAGCAACGGT-1,GARQ,D5,4,40,36,1,0.10728598,gdT cells
CTGTGCTAGCGAGAAA-1,GARQ,D5,4,40,36,32,0.019947052,CD4 memory
CTGTGCTAGCGTGAGT-1,GARQ,D5,4,40,36,16,0.016044974,CD56dim CD16bright NK
CTGTGCTAGTGCGATG-1,GARQ,D5,4,40,36,8,0.011309624,CD8 naive
CTGTGCTCATGGTAGG-1,GARQ,D5,4,40,36,8,0.13445544,CD4 memory
CTGTGCTGTGGTTTCA-1,GARQ,D5,4,40,36,26,0.17860109,T-NK-B cell doublets
CTGTGCTTCCATTCTA-1,GARQ,D5,4,40,36,8,0.0028434396,CD4 memory
CTGTTTAAGACAATAC-1,GARQ,D5,4,40,36,24,0.058519244,Classical monocytes
CTGTTTAAGATGAGAG-1,GARQ,D5,4,40,36,27,0.05263245,CD56dim CD16bright NK
CTGTTTAAGCTTTGGT-1,GARQ,D5,4,40,36,26,0.22510624,Naive B
CTGTTTACAATCCAAC-1,GARQ,D5,4,40,36,3,0.02019775,CD8 effector
CTGTTTACACAAGTAA-1,GARQ,D5,4,40,36,11,0.04880798,CD56bright CD16dim NK
CTGTTTACATCCCATC-1,GARQ,D5,4,40,36,24,0.08624697,Classical monocytes
CTGTTTAGTATCACCA-1,GARQ,D5,4,40,36,27,0.19318414,CD56dim CD16bright NK
CTTAACTAGCTAACAA-1,GARQ,D5,4,40,36,36,0.034444213,CD4 memory
CTTAACTTCGCGTTTC-1,GARQ,D5,4,40,36,22,0.03679079,Neutrophils
CTTACCGAGCAACGGT-1,GARQ,D5,4,40,36,8,0.014582157,CD4 memory
CTTACCGCACCAGATT-1,GARQ,D5,4,40,36,22,0.012985945,T-NK-B cell doublets
CTTAGGAAGCGTCTAT-1,GARQ,D5,4,40,36,34,0.08007789,Naive B
CTTAGGACAATGAATG-1,GARQ,D5,4,40,36,11,0.07620144,CD56dim CD16bright NK
CTTAGGACACATGGGA-1,GARQ,D5,4,40,36,24,0.05938077,Classical monocytes
CTTAGGACACGAAATA-1,GARQ,D5,4,40,36,24,0.031508327,Classical monocytes
CTTAGGATCCAGATCA-1,GARQ,D5,4,40,36,33,0.03232336,MAIT-NKT cells
CTTCTCTCAACGATCT-1,GARQ,D5,4,40,36,6,0.098126054,CD8 effector
CTTCTCTCATCCTAGA-1,GARQ,D5,4,40,36,22,0.07791662,Classical monocytes
CTTCTCTGTAACGACG-1,GARQ,D5,4,40,36,8,0.19298923,CD4 naive II
CTTCTCTTCATAACCG-1,GARQ,D5,4,40,36,39,0.021741867,NK-T doublets
CTTCTCTTCTAACGGT-1,GARQ,D5,4,40,36,34,0.03943038,Naive B
CTTGGCTCAATCAGAA-1,GARQ,D5,4,40,36,27,0.103677034,MAIT-NKT cells
CTTGGCTTCGTAGATC-1,GARQ,D5,4,40,36,33,0.1572082,MAIT-NKT cells
CTTTGCGTCTGGAGCC-1,GARQ,D5,4,40,36,9,0.0017015934,CD4 naive I
GAAACTCCATCCGGGT-1,GARQ,D5,4,40,36,27,0.057240844,CD56dim CD16bright NK
GAAACTCGTACTCTCC-1,GARQ,D5,4,40,36,24,0.06257284,Classical monocytes
GAAACTCTCCAATGGT-1,GARQ,D5,4,40,36,33,0.056094885,gdT cells
GAAATGATCAAGGCTT-1,GARQ,D5,4,40,36,9,0.00074124336,CD8 naive
GAACATCAGCGTTTAC-1,GARQ,D5,4,40,36,24,0.10714245,Classical monocytes
GAACATCGTCGCCATG-1,GARQ,D5,4,40,36,8,0.077836275,CD4 memory
GAACATCGTTGTACAC-1,GARQ,D5,4,40,36,27,0.1322031,CD56dim CD16bright NK
GAACCTAAGCTGTCTA-1,GARQ,D5,4,40,36,24,0.028553247,Classical monocytes
GAACCTAAGTCTTGCA-1,GARQ,D5,4,40,36,6,0.030856967,CD56dim CD16bright NK
GAACCTATCACCCTCA-1,GARQ,D5,4,40,36,26,0.15187037,Naive B
GAACGGAAGAGATGAG-1,GARQ,D5,4,40,36,12,0.21805298,plasmacytoid DC
GAACGGACACGTTGGC-1,GARQ,D5,4,40,36,8,0.21092677,CD4 naive I
GAAGCAGCAATCGAAA-1,GARQ,D5,4,40,36,8,0.10203886,CD4 naive II
GAAGCAGTCATAAAGG-1,GARQ,D5,4,40,36,3,0.019394636,gdT cells
GAATAAGAGGTACTCT-1,GARQ,D5,4,40,36,26,0.08267975,Memory B
GAATAAGAGTCCGGTC-1,GARQ,D5,4,40,36,33,0.04629314,MAIT-NKT cells
GAATAAGCATGTTGAC-1,GARQ,D5,4,40,36,39,0.04718566,gdT cells
GAATAAGCATTGGTAC-1,GARQ,D5,4,40,36,22,0.014199495,NK-monocyte doublets
GAATAAGGTGTATGGG-1,GARQ,D5,4,40,36,8,0.06935978,CD4 naive I
GACACGCAGACACTAA-1,GARQ,D5,4,40,36,27,0.031861067,CD56dim CD16bright NK
GACACGCAGCGATAGC-1,GARQ,D5,4,40,36,17,0.019177914,NK-T doublets
GACACGCAGGGCTTCC-1,GARQ,D5,4,40,36,6,0.07783151,NK-T doublets
GACACGCAGGTGCTAG-1,GARQ,D5,4,40,36,11,0.02903366,CD56dim CD16bright NK
GACACGCAGTAGGTGC-1,GARQ,D5,4,40,36,36,0.02256,CD8 memory
GACACGCGTAGAAGGA-1,GARQ,D5,4,40,36,3,0.044121504,MAIT-NKT cells
GACAGAGAGACTAAGT-1,GARQ,D5,4,40,36,26,0.23395312,T-NK-B cell doublets
GACAGAGGTCGAGATG-1,GARQ,D5,4,40,36,24,0.07406449,Classical monocytes
GACAGAGGTGCCTGGT-1,GARQ,D5,4,40,36,6,0.107895374,CD8 effector
GACAGAGGTTATTCTC-1,GARQ,D5,4,40,36,24,0.031456232,Neutrophils
GACCAATAGAATTGTG-1,GARQ,D5,4,40,36,33,0.10352707,MAIT-NKT cells
GACCAATAGCCCAATT-1,GARQ,D5,4,40,36,26,0.23425674,Naive B
GACCAATGTACCCAAT-1,GARQ,D5,4,40,36,8,0.06984806,CD8 naive
GACCAATGTGATGTCT-1,GARQ,D5,4,40,36,27,0.033504963,CD56dim CD16bright NK
GACCAATTCCCTTGTG-1,GARQ,D5,4,40,36,6,0.02216959,gdT cells
GACCAATTCGAATGCT-1,GARQ,D5,4,40,36,26,0.07270408,Naive B
GACCAATTCGTTTGCC-1,GARQ,D5,4,40,36,24,0.10485053,Classical monocytes
GACCAATTCTGTTGAG-1,GARQ,D5,4,40,36,24,0.07434213,Classical monocytes
GACCTGGAGACTTTCG-1,GARQ,D5,4,40,36,12,0.074680686,conventional DC
GACCTGGGTGTAAGTA-1,GARQ,D5,4,40,36,6,0.08414948,gdT cells
GACCTGGTCACGACTA-1,GARQ,D5,4,40,36,26,0.21121478,Naive B
GACCTGGTCAGCTTAG-1,GARQ,D5,4,40,36,6,0.025271416,CD8 memory
GACCTGGTCATAACCG-1,GARQ,D5,4,40,36,27,0.05816257,CD56dim CD16bright NK
GACGCGTAGTTGAGTA-1,GARQ,D5,4,40,36,6,0.06909883,gdT cells
GACGCGTGTCAACATC-1,GARQ,D5,4,40,36,26,0.06437576,Memory B
GACGCGTTCTGTCAAG-1,GARQ,D5,4,40,36,9,0.11786604,CD8 naive
GACGGCTAGCGCCTTG-1,GARQ,D5,4,40,36,27,0.1674056,CD56dim CD16bright NK
GACGGCTCATACGCCG-1,GARQ,D5,4,40,36,8,0.124550104,CD4 naive I
GACGGCTGTACGACCC-1,GARQ,D5,4,40,36,21,0.0068058968,gdT cells
GACGGCTTCATGCAAC-1,GARQ,D5,4,40,36,8,0.06859064,CD4 naive II
GACGGCTTCGGTTAAC-1,GARQ,D5,4,40,36,9,0.05901718,CD4 memory
GACGTGCGTACATGTC-1,GARQ,D5,4,40,36,24,0.079458356,Classical monocytes
GACGTGCTCAGCTCTC-1,GARQ,D5,4,40,36,31,0.059482336,CD56bright CD16dim NK
GACGTGCTCTACTTAC-1,GARQ,D5,4,40,36,8,0.010728002,CD4 naive II
GACGTTAAGCTAGTGG-1,GARQ,D5,4,40,36,8,0.07982731,CD4 naive I
GACGTTAAGTTCGCAT-1,GARQ,D5,4,40,36,31,0.11295402,CD56dim CD16bright NK
GACTAACGTCACACGC-1,GARQ,D5,4,40,36,6,0.036916733,MAIT-NKT cells
GACTAACGTGCACCAC-1,GARQ,D5,4,40,36,27,0.112899065,CD56dim CD16bright NK
GACTACACAAGCTGAG-1,GARQ,D5,4,40,36,27,0.03470075,CD56dim CD16bright NK
GACTACACACGCCAGT-1,GARQ,D5,4,40,36,1,0.0022354126,gdT cells
GACTACAGTCAGTGGA-1,GARQ,D5,4,40,36,27,0.035480976,CD56dim CD16bright NK
GACTACAGTCTCTTAT-1,GARQ,D5,4,40,36,26,0.11645907,T-NK-B cell doublets
GACTGCGAGAGTGACC-1,GARQ,D5,4,40,36,24,0.050813437,Classical monocytes
GACTGCGCAGTTAACC-1,GARQ,D5,4,40,36,6,0.0118198395,CD8 effector
GAGCAGAAGAAGAAGC-1,GARQ,D5,4,40,36,27,0.10473776,CD56dim CD16bright NK
GAGCAGAGTTCGGCAC-1,GARQ,D5,4,40,36,26,0.16708791,Naive B
GAGCAGAGTTTGTTGG-1,GARQ,D5,4,40,36,22,0.07883155,Neutrophils
GAGCAGATCGCATGAT-1,GARQ,D5,4,40,36,27,0.018598557,CD56dim CD16bright NK
GAGGTGACACATCTTT-1,GARQ,D5,4,40,36,8,0.078710735,CD4 memory
GAGGTGACACCGGAAA-1,GARQ,D5,4,40,36,6,0.016881704,CD8 memory
GAGGTGACAGAGTGTG-1,GARQ,D5,4,40,36,26,0.041607916,Memory B
GAGGTGACAGGCAGTA-1,GARQ,D5,4,40,36,8,0.006013632,CD4 memory
GAGGTGACATGTCGAT-1,GARQ,D5,4,40,36,27,0.3002653,CD56dim CD16bright NK
GAGGTGAGTGGTACAG-1,GARQ,D5,4,40,36,9,0.016449928,CD4 naive II
GAGGTGATCTATCGCC-1,GARQ,D5,4,40,36,3,0.105825186,CD8 memory
GAGTCCGAGTGACATA-1,GARQ,D5,4,40,36,24,0.039739132,Non classical monocytes
GAGTCCGCAAGCCGCT-1,GARQ,D5,4,40,36,9,0.01715827,CD4 naive I
GAGTCCGTCACTCTTA-1,GARQ,D5,4,40,36,27,0.060590506,CD56dim CD16bright NK
GAGTCCGTCAGTTAGC-1,GARQ,D5,4,40,36,8,0.07912803,CD4 naive I
GATCAGTAGGACCACA-1,GARQ,D5,4,40,36,31,0.020354033,CD56bright CD16dim NK
GATCAGTAGGCAATTA-1,GARQ,D5,4,40,36,8,0.06784153,CD4 naive I
GATCAGTAGTGCGTGA-1,GARQ,D5,4,40,36,12,0.089128554,Plasma cells
GATCAGTGTGGGTCAA-1,GARQ,D5,4,40,36,1,0.043240786,CD8 effector
GATCAGTTCACATAGC-1,GARQ,D5,4,40,36,8,0.089915276,CD4 memory
GATCAGTTCCGAAGAG-1,GARQ,D5,4,40,36,26,0.16850513,T-NK-B cell doublets
GATCAGTTCGCCAGCA-1,GARQ,D5,4,40,36,6,0.026251554,CD8 effector
GATCAGTTCGCCTGTT-1,GARQ,D5,4,40,36,0,0.018794298,CD8 naive
GATCGATAGATGGGTC-1,GARQ,D5,4,40,36,26,0.2551483,Memory B
GATCGATAGCGATGAC-1,GARQ,D5,4,40,36,27,0.017700553,CD56dim CD16bright NK
GATCGATCAACCGCCA-1,GARQ,D5,4,40,36,36,0.020804405,MAIT-NKT cells
GATCGATTCCTAGTGA-1,GARQ,D5,4,40,36,24,0.073996425,Classical monocytes
GATCGCGAGCCCAGCT-1,GARQ,D5,4,40,36,24,0.03130126,T-NK-B cell doublets
GATCGCGAGTCAAGGC-1,GARQ,D5,4,40,36,27,0.0012872219,gdT cells
GATCGCGGTAGTACCT-1,GARQ,D5,4,40,36,6,0.0038615465,CD8 effector
GATCGCGTCTGCTGTC-1,GARQ,D5,4,40,36,36,0.01858604,CD4 memory
GATCGTAAGGCTATCT-1,GARQ,D5,4,40,36,8,0.07114911,CD4 memory
GATCGTAGTCAGCTAT-1,GARQ,D5,4,40,36,8,0.21150029,CD4 memory
GATCGTAGTCGATTGT-1,GARQ,D5,4,40,36,3,0.036061525,CD8 memory
GATCGTATCACAGGCC-1,GARQ,D5,4,40,36,8,0.11742854,CD4 naive I
GATCTAGAGAGAACAG-1,GARQ,D5,4,40,36,27,0.06161976,CD56dim CD16bright NK
GATCTAGCAGATGAGC-1,GARQ,D5,4,40,36,8,0.09958601,CD4 naive II
GATCTAGGTACGCTGC-1,GARQ,D5,4,40,36,27,0.062448025,CD56dim CD16bright NK
GATCTAGTCGCTGATA-1,GARQ,D5,4,40,36,8,0.05409515,CD4 memory
GATCTAGTCGGATGGA-1,GARQ,D5,4,40,36,8,0.11321998,CD4 naive II
GATGAAAAGCGATAGC-1,GARQ,D5,4,40,36,33,0.084789515,gdT cells
GATGAAAAGCTCCTCT-1,GARQ,D5,4,40,36,26,0.05617845,Naive B
GATGAAAAGTGGAGAA-1,GARQ,D5,4,40,36,24,0.03981054,NK-monocyte doublets
GATGAAAGTAAAGGAG-1,GARQ,D5,4,40,36,6,0.15146065,CD8 effector
GATGAAAGTCCAAGTT-1,GARQ,D5,4,40,36,24,0.12442899,Classical monocytes
GATGAAAGTTAAAGAC-1,GARQ,D5,4,40,36,8,0.060857296,CD4 memory
GATGAAATCCTTGCCA-1,GARQ,D5,4,40,36,24,0.028487206,Classical monocytes
GATGAGGCACCCAGTG-1,GARQ,D5,4,40,36,9,0.07344961,CD8 memory
GATGAGGGTATGGTTC-1,GARQ,D5,4,40,36,4,5.2690506e-05,T-NK-B cell doublets
GATGAGGGTTCCCGAG-1,GARQ,D5,4,40,36,10,0.047485948,CD56dim CD16bright NK
GATGAGGTCACTTCAT-1,GARQ,D5,4,40,36,8,0.04926431,CD4 naive II
GATGCTACATGCCACG-1,GARQ,D5,4,40,36,8,0.06468797,CD4 memory
GATGCTAGTTCGCTAA-1,GARQ,D5,4,40,36,27,0.06466246,CD56dim CD16bright NK
GATGCTATCAGCACAT-1,GARQ,D5,4,40,36,8,0.13691926,CD4 memory
GATTCAGAGCGGCTTC-1,GARQ,D5,4,40,36,8,0.035476804,CD4 naive I
GATTCAGCACATTTCT-1,GARQ,D5,4,40,36,18,0.01803279,CD8 memory
GATTCAGCATTTCACT-1,GARQ,D5,4,40,36,3,0.009800911,MAIT-NKT cells
GATTCAGTCAACGGCC-1,GARQ,D5,4,40,36,24,0.053109765,Classical monocytes
GCAAACTAGGTAGCTG-1,GARQ,D5,4,40,36,27,0.15215302,CD56dim CD16bright NK
GCAAACTCACGACGAA-1,GARQ,D5,4,40,36,24,0.061587095,Classical monocytes
GCAAACTCAGAGCCAA-1,GARQ,D5,4,40,36,12,0.14225316,conventional DC
GCAAACTCATTTCAGG-1,GARQ,D5,4,40,36,3,0.027280807,CD8 memory
GCAAACTTCAAAGTAG-1,GARQ,D5,4,40,36,8,0.0710026,CD4 naive II
GCAAACTTCAAGCCTA-1,GARQ,D5,4,40,36,6,0.0040768385,NK-T doublets
GCAATCAGTGAGTATA-1,GARQ,D5,4,40,36,8,0.15960038,CD4 memory
GCAATCATCAGTTTGG-1,GARQ,D5,4,40,36,27,0.131315,CD56dim CD16bright NK
GCAATCATCTCGGACG-1,GARQ,D5,4,40,36,7,0.03556025,CD56dim CD16bright NK
GCACATAAGCGTTTAC-1,GARQ,D5,4,40,36,24,0.020800471,NK-monocyte doublets
GCACATACAGCCACCA-1,GARQ,D5,4,40,36,27,0.045187593,CD56bright CD16dim NK
GCACATACATAGTAAG-1,GARQ,D5,4,40,36,6,0.0076926947,CD56dim CD16bright NK
GCACATACATTACCTT-1,GARQ,D5,4,40,36,27,0.055777073,CD56dim CD16bright NK
GCACATAGTTACCGAT-1,GARQ,D5,4,40,36,8,0.15449762,CD4 naive I
GCACTCTCAATTGCTG-1,GARQ,D5,4,40,36,10,0.010245681,CD56dim CD16bright NK
GCACTCTCATTCGACA-1,GARQ,D5,4,40,36,0,0.015549779,CD4 memory
GCACTCTTCCTTAATC-1,GARQ,D5,4,40,36,24,0.0800308,Classical monocytes
GCACTCTTCGGAAACG-1,GARQ,D5,4,40,36,27,0.14313948,CD56dim CD16bright NK
GCAGCCAAGACACTAA-1,GARQ,D5,4,40,36,26,0.20907927,T-NK-B cell doublets
GCAGCCAGTTGTACAC-1,GARQ,D5,4,40,36,24,0.06632638,Classical monocytes
GCAGTTACACATTCGA-1,GARQ,D5,4,40,36,8,0.1135515,CD4 memory
GCAGTTACATATGCTG-1,GARQ,D5,4,40,36,11,0.03316188,CD56dim CD16bright NK
GCAGTTATCATATCGG-1,GARQ,D5,4,40,36,24,0.040388584,NK-monocyte doublets
GCAGTTATCCGCATAA-1,GARQ,D5,4,40,36,26,0.22944754,Naive B
GCATACAAGATCTGAA-1,GARQ,D5,4,40,36,6,0.00881815,CD56dim CD16bright NK
GCATACAAGTGGCACA-1,GARQ,D5,4,40,36,26,0.038441896,Naive B
GCATACAGTCCTGCTT-1,GARQ,D5,4,40,36,24,0.0871222,Classical monocytes
GCATACATCGTCCAGG-1,GARQ,D5,4,40,36,24,0.12257397,Classical monocytes
GCATACATCGTCCGTT-1,GARQ,D5,4,40,36,27,0.31730938,CD56dim CD16bright NK
GCATGATCACGGTTTA-1,GARQ,D5,4,40,36,27,0.021422505,CD56dim CD16bright NK
GCATGATCAGGCGATA-1,GARQ,D5,4,40,36,27,0.12598181,CD56dim CD16bright NK
GCATGATCATCTCCCA-1,GARQ,D5,4,40,36,26,0.025929928,Naive B
GCATGATCATGCCACG-1,GARQ,D5,4,40,36,27,0.075498104,CD56dim CD16bright NK
GCATGATGTAAACCTC-1,GARQ,D5,4,40,36,24,0.13329077,Platelet-bound monocytes
GCATGATGTATAATGG-1,GARQ,D5,4,40,36,26,0.16477513,Naive B
GCATGATGTCTTCGTC-1,GARQ,D5,4,40,36,36,0.05153203,CD4 memory
GCATGATGTTCGTGAT-1,GARQ,D5,4,40,36,8,0.19768882,CD4 memory
GCATGATTCATAACCG-1,GARQ,D5,4,40,36,24,0.030044079,NK-monocyte doublets
GCATGCGAGGATCGCA-1,GARQ,D5,4,40,36,0,0.028341055,CD4 memory
GCATGCGCACGAGAGT-1,GARQ,D5,4,40,36,22,0.09203994,Classical monocytes
GCATGCGGTATTAGCC-1,GARQ,D5,4,40,36,24,0.062987685,Classical monocytes
GCATGCGGTCTTCTCG-1,GARQ,D5,4,40,36,26,0.02766931,Naive B
GCATGCGTCCACTCCA-1,GARQ,D5,4,40,36,9,0.021106958,CD8 memory
GCATGCGTCTTACCTA-1,GARQ,D5,4,40,36,8,0.08618152,CD4 memory
GCATGTATCTGTTGAG-1,GARQ,D5,4,40,36,8,0.10711074,Platelet-T cell doublets
GCCAAATAGTCGTTTG-1,GARQ,D5,4,40,36,8,0.08870101,Regulatory T cells
GCCTCTAAGCCCAATT-1,GARQ,D5,4,40,36,24,0.13132477,Classical monocytes
GCCTCTAAGTAGGTGC-1,GARQ,D5,4,40,36,8,0.08714342,CD4 naive II
GCCTCTACATGTCTCC-1,GARQ,D5,4,40,36,27,0.083447695,CD56dim CD16bright NK
GCCTCTAGTCATCCCT-1,GARQ,D5,4,40,36,24,0.116009474,Classical monocytes
GCCTCTATCTTCGAGA-1,GARQ,D5,4,40,36,27,0.02049911,CD56dim CD16bright NK
GCGACCAAGCCTATGT-1,GARQ,D5,4,40,36,27,0.4508872,CD56dim CD16bright NK
GCGACCATCCCTAACC-1,GARQ,D5,4,40,36,8,0.09607959,CD4 naive I
GCGACCATCGGCATCG-1,GARQ,D5,4,40,36,27,0.09121746,CD56dim CD16bright NK
GCGAGAAGTGCTTCTC-1,GARQ,D5,4,40,36,11,0.015308619,CD56dim CD16bright NK
GCGAGAATCGGGAGTA-1,GARQ,D5,4,40,36,27,0.18402886,CD56dim CD16bright NK
GCGCAACGTGGAAAGA-1,GARQ,D5,4,40,36,6,0.04586184,CD8 effector
GCGCAACGTTGGTGGA-1,GARQ,D5,4,40,36,16,0.022924364,CD56dim CD16bright NK
GCGCAACTCGGAGGTA-1,GARQ,D5,4,40,36,27,0.22724009,CD56dim CD16bright NK
GCGCCAAAGAAACCTA-1,GARQ,D5,4,40,36,8,0.15697217,CD4 naive II
GCGCCAAAGATATGCA-1,GARQ,D5,4,40,36,3,0.14516711,MAIT-NKT cells
GCGCCAAGTATTAGCC-1,GARQ,D5,4,40,36,27,0.13249123,CD56dim CD16bright NK
GCGCCAAGTCCGACGT-1,GARQ,D5,4,40,36,31,0.07286155,CD56bright CD16dim NK
GCGCCAAGTGGCTCCA-1,GARQ,D5,4,40,36,27,0.089512825,CD56dim CD16bright NK
GCGCCAAGTGGTTTCA-1,GARQ,D5,4,40,36,34,0.17035127,Naive B
GCGCCAATCTACTATC-1,GARQ,D5,4,40,36,27,0.051305294,CD56dim CD16bright NK
GCGCGATAGGCAAAGA-1,GARQ,D5,4,40,36,27,0.011659145,CD56dim CD16bright NK
GCGCGATGTGTTGGGA-1,GARQ,D5,4,40,36,26,0.24166536,T-NK-B cell doublets
GCGCGATTCCACTCCA-1,GARQ,D5,4,40,36,39,0.0058926344,NK-T doublets
GCGGGTTAGAATCTCC-1,GARQ,D5,4,40,36,24,0.027172089,Neutrophils
GCGGGTTAGACGACGT-1,GARQ,D5,4,40,36,8,0.091165185,CD8 naive
GCGGGTTGTCCATGAT-1,GARQ,D5,4,40,36,27,0.15097833,CD56dim CD16bright NK
GCGGGTTGTCGCCATG-1,GARQ,D5,4,40,36,27,0.17744768,CD56dim CD16bright NK
GCGGGTTGTTACAGAA-1,GARQ,D5,4,40,36,24,0.091912985,Classical monocytes
GCGGGTTTCCTAGAAC-1,GARQ,D5,4,40,36,24,0.014761329,Classical monocytes
GCTCCTAAGCTGAAAT-1,GARQ,D5,4,40,36,8,0.08020806,CD4 naive I
GCTCCTAAGTAGGCCA-1,GARQ,D5,4,40,36,31,0.0801481,CD56dim CD16bright NK
GCTCCTACAGTGACAG-1,GARQ,D5,4,40,36,26,0.03476417,Memory B
GCTCCTAGTTCTGGTA-1,GARQ,D5,4,40,36,10,0.13782,gdT cells
GCTCCTATCGATCCCT-1,GARQ,D5,4,40,36,22,0.000854373,T-NK-B cell doublets
GCTCTGTAGCGTCTAT-1,GARQ,D5,4,40,36,33,0.07945907,MAIT-NKT cells
GCTCTGTAGCTGAACG-1,GARQ,D5,4,40,36,0,0.10757971,CD4 naive I
GCTCTGTCACGGCTAC-1,GARQ,D5,4,40,36,3,0.026903987,gdT cells
GCTCTGTCACTTGGAT-1,GARQ,D5,4,40,36,11,0.014497757,CD56dim CD16bright NK
GCTCTGTCATGTAGTC-1,GARQ,D5,4,40,36,8,0.020902395,CD4 naive II
GCTCTGTGTGCGGTAA-1,GARQ,D5,4,40,36,22,0.015234709,Classical monocytes
GCTCTGTTCGAGGTAG-1,GARQ,D5,4,40,36,36,0.014524937,CD4 memory
GCTGCAGAGGCATTGG-1,GARQ,D5,4,40,36,26,0.18589151,Naive B
GCTGCAGGTTCTCATT-1,GARQ,D5,4,40,36,33,0.11377108,MAIT-NKT cells
GCTGCGAAGCACCGTC-1,GARQ,D5,4,40,36,27,0.09517026,CD56dim CD16bright NK
GCTGCGAAGCGATCCC-1,GARQ,D5,4,40,36,8,0.106250525,CD4 naive I
GCTGCGAAGGGTTCCC-1,GARQ,D5,4,40,36,8,0.05384779,CD4 naive I
GCTGCGAGTCAAAGAT-1,GARQ,D5,4,40,36,27,0.10962272,CD56dim CD16bright NK
GCTGCGAGTCGGCTCA-1,GARQ,D5,4,40,36,24,0.060934067,Platelet-bound monocytes
GCTGCGAGTTGATTGC-1,GARQ,D5,4,40,36,36,0.10543239,CD4 memory
GCTGCGATCATCACCC-1,GARQ,D5,4,40,36,31,0.007829547,CD56dim CD16bright NK
GCTGCTTAGGTGGGTT-1,GARQ,D5,4,40,36,25,0.004646182,MAIT-NKT cells
GCTGCTTAGTACATGA-1,GARQ,D5,4,40,36,18,0.015131474,CD56dim CD16bright NK
GCTGCTTCACATTAGC-1,GARQ,D5,4,40,36,8,0.11246437,CD4 naive I
GCTGCTTGTACCGCTG-1,GARQ,D5,4,40,36,2,0.060077786,CD8 memory
GCTGGGTCAGATTGCT-1,GARQ,D5,4,40,36,33,0.07223594,CD4 memory
GCTGGGTTCATTGCGA-1,GARQ,D5,4,40,36,33,0.03234577,CD8 memory
GCTGGGTTCCAAATGC-1,GARQ,D5,4,40,36,33,0.045089006,MAIT-NKT cells
GCTTCCAAGTACGACG-1,GARQ,D5,4,40,36,10,0.027457952,CD8 effector
GCTTCCACACGGCCAT-1,GARQ,D5,4,40,36,27,0.10541272,CD56dim CD16bright NK
GCTTCCACAGATGGCA-1,GARQ,D5,4,40,36,24,0.05415988,Classical monocytes
GCTTCCACATGTTCCC-1,GARQ,D5,4,40,36,11,0.1207273,CD56dim CD16bright NK
GCTTCCAGTACTCGCG-1,GARQ,D5,4,40,36,12,0.34524727,plasmacytoid DC
GCTTGAACAGTTTACG-1,GARQ,D5,4,40,36,9,0.0055406094,CD8 naive
GCTTGAATCTAAGCCA-1,GARQ,D5,4,40,36,16,0.023976088,CD56dim CD16bright NK
GCTTGAATCTCGCTTG-1,GARQ,D5,4,40,36,34,0.107907295,Naive B
GGAAAGCAGAAGGGTA-1,GARQ,D5,4,40,36,8,0.030136704,CD4 memory
GGAAAGCAGCGCTCCA-1,GARQ,D5,4,40,36,6,0.047722816,CD8 effector
GGAAAGCAGGCATTGG-1,GARQ,D5,4,40,36,24,0.07689941,Classical monocytes
GGAAAGCAGGCGACAT-1,GARQ,D5,4,40,36,10,0.032313347,gdT cells
GGAAAGCGTATAGTAG-1,GARQ,D5,4,40,36,3,0.040144205,CD4 memory
GGAAAGCTCGAATGCT-1,GARQ,D5,4,40,36,27,0.055799723,CD56dim CD16bright NK
GGAACTTAGCCACTAT-1,GARQ,D5,4,40,36,10,0.02430141,gdT cells
GGAACTTCAGTTAACC-1,GARQ,D5,4,40,36,26,0.2565509,Naive B
GGAACTTTCGAACTGT-1,GARQ,D5,4,40,36,24,0.08814025,Platelet-bound monocytes
GGAATAACAACAACCT-1,GARQ,D5,4,40,36,10,0.060194135,gdT cells
GGAATAATCCACGAAT-1,GARQ,D5,4,40,36,26,0.06347978,Naive B
GGACAAGAGCTACCTA-1,GARQ,D5,4,40,36,24,0.049185753,Neutrophils
GGACAAGTCTTACCTA-1,GARQ,D5,4,40,36,7,0.066527486,CD56dim CD16bright NK
GGACAGAAGCAACGGT-1,GARQ,D5,4,40,36,7,0.008722305,CD8 effector
GGACAGACATGCATGT-1,GARQ,D5,4,40,36,10,0.0020132065,MAIT-NKT cells
GGACAGAGTAGCTTGT-1,GARQ,D5,4,40,36,8,0.15240717,CD4 memory
GGACATTAGCCCAGCT-1,GARQ,D5,4,40,36,16,0.02222395,CD56dim CD16bright NK
GGACATTAGGACTGGT-1,GARQ,D5,4,40,36,10,0.067790866,CD8 effector
GGACATTAGTTCGATC-1,GARQ,D5,4,40,36,11,0.11850226,CD56dim CD16bright NK
GGACATTCATCGTCGG-1,GARQ,D5,4,40,36,24,0.1279496,Classical monocytes
GGACATTTCATGCAAC-1,GARQ,D5,4,40,36,27,0.020838976,CD56bright CD16dim NK
GGACATTTCCAAATGC-1,GARQ,D5,4,40,36,9,0.011338711,CD4 naive I
GGACGTCAGACCTAGG-1,GARQ,D5,4,40,36,27,0.0859015,CD56dim CD16bright NK
GGACGTCGTCAGAATA-1,GARQ,D5,4,40,36,12,0.31675732,plasmacytoid DC
GGACGTCGTTAGTGGG-1,GARQ,D5,4,40,36,12,0.069987655,conventional DC
GGACGTCTCAGAAATG-1,GARQ,D5,4,40,36,3,0.023610473,CD8 memory
GGACGTCTCCCTAATT-1,GARQ,D5,4,40,36,24,0.11014187,Classical monocytes
GGACGTCTCTTAGAGC-1,GARQ,D5,4,40,36,28,0.12707937,Platelets
GGAGCAACACGAAACG-1,GARQ,D5,4,40,36,34,0.2026627,Naive B
GGAGCAAGTATTCGTG-1,GARQ,D5,4,40,36,8,0.09504712,CD4 naive I
GGAGCAAGTGTAACGG-1,GARQ,D5,4,40,36,26,0.18251896,T-NK-B cell doublets
GGAGCAATCGAGAGCA-1,GARQ,D5,4,40,36,9,0.015339375,CD8 naive
GGAGCAATCGGCCGAT-1,GARQ,D5,4,40,36,24,0.09082413,Classical monocytes
GGATGTTTCTTTAGTC-1,GARQ,D5,4,40,36,24,0.095225096,Classical monocytes
GGATTACAGCGACGTA-1,GARQ,D5,4,40,36,1,0.011996508,CD56dim CD16bright NK
GGATTACCAAACCTAC-1,GARQ,D5,4,40,36,34,0.02156806,Naive B
GGATTACCAGTAAGCG-1,GARQ,D5,4,40,36,36,0.049895644,CD4 memory
GGATTACGTTATTCTC-1,GARQ,D5,4,40,36,36,0.036012292,CD8 naive
GGATTACTCACCAGGC-1,GARQ,D5,4,40,36,6,0.08524835,CD8 memory
GGATTACTCAGCTCGG-1,GARQ,D5,4,40,36,34,0.2222048,Naive B
GGCAATTAGAGGTAGA-1,GARQ,D5,4,40,36,26,0.08367431,Naive B
GGCAATTAGTTCGCAT-1,GARQ,D5,4,40,36,9,0.023989677,CD4 naive I
GGCAATTCACTGTTAG-1,GARQ,D5,4,40,36,8,0.09397721,CD8 naive
GGCAATTTCAGTGTTG-1,GARQ,D5,4,40,36,24,0.07278705,Classical monocytes
GGCCGATAGCTAGGCA-1,GARQ,D5,4,40,36,26,0.33247304,Naive B
GGCCGATAGGTGCACA-1,GARQ,D5,4,40,36,29,0.08084071,CD56bright CD16dim NK
GGCCGATCAAGGCTCC-1,GARQ,D5,4,40,36,11,0.005240679,CD56dim CD16bright NK
GGCCGATCAATGACCT-1,GARQ,D5,4,40,36,8,0.06342888,CD4 naive I
GGCCGATTCAGTTTGG-1,GARQ,D5,4,40,36,8,0.026200056,CD8 naive
GGCGACTAGACCTTTG-1,GARQ,D5,4,40,36,9,0.023497343,CD8 memory
GGCGACTAGATGCCTT-1,GARQ,D5,4,40,36,24,0.06535232,Classical monocytes
GGCGACTAGCACAGGT-1,GARQ,D5,4,40,36,6,0.12387419,CD8 effector
GGCGACTAGTGCTGCC-1,GARQ,D5,4,40,36,27,0.14206004,CD56dim CD16bright NK
GGCGACTCAGTAGAGC-1,GARQ,D5,4,40,36,24,0.09614766,Classical monocytes
GGCGACTGTAGCTTGT-1,GARQ,D5,4,40,36,6,0.060197234,CD56dim CD16bright NK
GGCGACTGTGATGTGG-1,GARQ,D5,4,40,36,22,0.015959501,Classical monocytes
GGCGACTTCCTCATTA-1,GARQ,D5,4,40,36,3,0.002576828,CD8 memory
GGCGACTTCGTTGACA-1,GARQ,D5,4,40,36,8,0.12478113,CD4 memory
GGCGACTTCTCACATT-1,GARQ,D5,4,40,36,8,0.11795056,CD8 naive
GGCGACTTCTCTTATG-1,GARQ,D5,4,40,36,3,0.028208017,CD8 memory
GGCGTGTCAAACCTAC-1,GARQ,D5,4,40,36,31,0.09566593,CD56bright CD16dim NK
GGCGTGTCAAAGGCGT-1,GARQ,D5,4,40,36,1,0.0033318996,MAIT-NKT cells
GGCGTGTCAATAACGA-1,GARQ,D5,4,40,36,9,0.020725608,CD4 naive I
GGCGTGTTCTATCCCG-1,GARQ,D5,4,40,36,24,0.049263716,Classical monocytes
GGCTCGAAGACTGGGT-1,GARQ,D5,4,40,36,24,0.06998086,Classical monocytes
GGCTCGAAGCGTCAAG-1,GARQ,D5,4,40,36,11,0.14968693,CD56dim CD16bright NK
GGCTCGACAAGTTAAG-1,GARQ,D5,4,40,36,8,0.056891322,CD4 naive I
GGCTCGATCTATCGCC-1,GARQ,D5,4,40,36,26,0.027026415,T-NK-B cell doublets
GGCTGGTAGCTGCAAG-1,GARQ,D5,4,40,36,24,0.028254867,Classical monocytes
GGCTGGTAGGGAAACA-1,GARQ,D5,4,40,36,24,0.097813845,NK-monocyte doublets
GGCTGGTCAATCTACG-1,GARQ,D5,4,40,36,8,0.02778089,CD4 memory
GGCTGGTTCACGCGGT-1,GARQ,D5,4,40,36,6,0.024998188,CD8 effector
GGCTGGTTCTGAAAGA-1,GARQ,D5,4,40,36,24,0.10700214,Classical monocytes
GGGAATGCAGGGTACA-1,GARQ,D5,4,40,36,28,0.27685606,Platelets
GGGAATGGTGCAGTAG-1,GARQ,D5,4,40,36,10,0.1215148,gdT cells
GGGACCTAGACCTAGG-1,GARQ,D5,4,40,36,9,0.021413326,CD4 memory
GGGACCTAGATCGATA-1,GARQ,D5,4,40,36,6,0.039363384,MAIT-NKT cells
GGGACCTTCAAGAAGT-1,GARQ,D5,4,40,36,9,0.06293774,CD4 memory
GGGACCTTCATTGCGA-1,GARQ,D5,4,40,36,27,0.080417156,CD56dim CD16bright NK
GGGACCTTCTGGCGTG-1,GARQ,D5,4,40,36,8,0.031843662,CD4 naive I
GGGAGATAGTTACGGG-1,GARQ,D5,4,40,36,24,0.05380869,Classical monocytes
GGGAGATCAAGAGGCT-1,GARQ,D5,4,40,36,33,0.05466175,MAIT-NKT cells
GGGAGATCAGCTATTG-1,GARQ,D5,4,40,36,11,0.16212046,CD56dim CD16bright NK
GGGAGATCATAACCTG-1,GARQ,D5,4,40,36,27,0.095725656,CD56dim CD16bright NK
GGGAGATTCTGGCGAC-1,GARQ,D5,4,40,36,6,0.08020949,CD8 effector
GGGATGAAGCCTTGAT-1,GARQ,D5,4,40,36,31,0.04723382,CD56dim CD16bright NK
GGGATGAAGCGATGAC-1,GARQ,D5,4,40,36,27,0.11146355,CD56bright CD16dim NK
GGGATGAAGCTGTTCA-1,GARQ,D5,4,40,36,11,0.053884745,CD56dim CD16bright NK
GGGATGACACGACTCG-1,GARQ,D5,4,40,36,26,0.027219892,Naive B
GGGATGAGTCTCTTAT-1,GARQ,D5,4,40,36,31,0.038077414,CD56dim CD16bright NK
GGGATGAGTCTTGTCC-1,GARQ,D5,4,40,36,8,0.052116275,CD4 memory
GGGATGATCATAACCG-1,GARQ,D5,4,40,36,26,0.04064107,Naive B
GGGCACTAGACTAAGT-1,GARQ,D5,4,40,36,8,0.064655304,CD4 naive I
GGGCACTCAGTTTACG-1,GARQ,D5,4,40,36,8,0.14202845,CD4 memory
GGGCACTTCGATAGAA-1,GARQ,D5,4,40,36,8,0.030283451,CD8 naive
GGGCATCAGCGTCTAT-1,GARQ,D5,4,40,36,26,0.1646936,Naive B
GGGCATCCAAGCCCAC-1,GARQ,D5,4,40,36,24,0.08585501,Classical monocytes
GGGCATCCAGGTTTCA-1,GARQ,D5,4,40,36,36,0.024281025,CD8 memory
GGGCATCTCCCGACTT-1,GARQ,D5,4,40,36,11,0.077928305,CD56dim CD16bright NK
GGGCATCTCGTCGTTC-1,GARQ,D5,4,40,36,8,0.06644857,CD4 memory
GGGTCTGAGGCATGTG-1,GARQ,D5,4,40,36,6,0.06450796,NK-T doublets
GGGTCTGAGGCTCATT-1,GARQ,D5,4,40,36,6,0.021559238,CD56dim CD16bright NK
GGGTCTGCAGCGTTCG-1,GARQ,D5,4,40,36,29,0.06367695,CD56dim CD16bright NK
GGGTCTGCATAGTAAG-1,GARQ,D5,4,40,36,8,0.18607247,CD4 naive I
GGGTTGCCACAGACTT-1,GARQ,D5,4,40,36,6,0.14347887,gdT cells
GGGTTGCCAGTTAACC-1,GARQ,D5,4,40,36,34,0.03614211,Naive B
GGGTTGCCATGGGACA-1,GARQ,D5,4,40,36,27,0.030329466,CD56dim CD16bright NK
GGGTTGCTCACGCATA-1,GARQ,D5,4,40,36,15,0.1061157,MAIT-NKT cells
GGTATTGCATCGTCGG-1,GARQ,D5,4,40,36,22,0.08897185,Platelet-bound monocytes
GGTATTGTCATTTGGG-1,GARQ,D5,4,40,36,6,0.024799585,CD8 effector
GGTGAAGAGACTCGGA-1,GARQ,D5,4,40,36,6,0.010311246,CD8 effector
GGTGAAGAGTGAATTG-1,GARQ,D5,4,40,36,26,0.105092406,T-NK-B cell doublets
GGTGCGTCAAGTCTGT-1,GARQ,D5,4,40,36,8,0.11660576,CD4 memory
GGTGCGTGTCGGGTCT-1,GARQ,D5,4,40,36,27,0.055595398,CD56dim CD16bright NK
GGTGCGTGTTAAGATG-1,GARQ,D5,4,40,36,9,0.0003402233,CD8 memory
GGTGTTAAGCTCAACT-1,GARQ,D5,4,40,36,8,0.103610516,CD4 naive II
GGTGTTAAGTGTTGAA-1,GARQ,D5,4,40,36,33,0.030080676,MAIT-NKT cells
GGTGTTAGTCTGCAAT-1,GARQ,D5,4,40,36,27,0.06417191,CD56dim CD16bright NK
GGTGTTATCATCGATG-1,GARQ,D5,4,40,36,9,0.043487906,CD4 naive II
GGTGTTATCTCCAACC-1,GARQ,D5,4,40,36,27,0.013528466,NK-T doublets
GTAACGTCACTACAGT-1,GARQ,D5,4,40,36,26,0.17976236,Memory B
GTAACGTGTGTATGGG-1,GARQ,D5,4,40,36,33,0.038579226,MAIT-NKT cells
GTAACGTGTTGGTTTG-1,GARQ,D5,4,40,36,8,0.15642929,CD4 naive I
GTAACGTTCAAGAAGT-1,GARQ,D5,4,40,36,27,0.005928397,CD56dim CD16bright NK
GTAACTGAGGCAAAGA-1,GARQ,D5,4,40,36,33,0.058887243,MAIT-NKT cells
GTAACTGAGTCGTACT-1,GARQ,D5,4,40,36,6,0.0008921623,gdT cells
GTAACTGGTAGCCTCG-1,GARQ,D5,4,40,36,11,0.075491786,CD56dim CD16bright NK
GTAACTGGTCGCGGTT-1,GARQ,D5,4,40,36,8,0.1925627,CD4 memory
GTAACTGGTTTGTTGG-1,GARQ,D5,4,40,36,27,0.116127014,CD56dim CD16bright NK
GTAACTGTCGGTCTAA-1,GARQ,D5,4,40,36,6,0.025610924,CD56dim CD16bright NK
GTACGTACACCACGTG-1,GARQ,D5,4,40,36,26,0.08653396,Naive B
GTACGTATCTGTCTAT-1,GARQ,D5,4,40,36,24,0.032865763,Classical monocytes
GTACTCCAGCGTGAAC-1,GARQ,D5,4,40,36,24,0.026524901,Neutrophils
GTACTCCCAGACACTT-1,GARQ,D5,4,40,36,6,0.0395993,CD8 effector
GTACTCCGTAGCGCTC-1,GARQ,D5,4,40,36,27,0.06153989,CD56dim CD16bright NK
GTACTCCTCAAAGACA-1,GARQ,D5,4,40,36,26,0.18047142,Naive B
GTACTCCTCATAACCG-1,GARQ,D5,4,40,36,37,0.082960725,CD56dim CD16bright NK
GTACTCCTCCATTCTA-1,GARQ,D5,4,40,36,25,0.0172109,CD8 memory
GTACTCCTCTAGAGTC-1,GARQ,D5,4,40,36,28,0.09975815,Platelets
GTACTCCTCTGGAGCC-1,GARQ,D5,4,40,36,24,0.07558286,Classical monocytes
GTACTTTAGCTGGAAC-1,GARQ,D5,4,40,36,22,0.090176046,NK-monocyte doublets
GTACTTTCATCGGTTA-1,GARQ,D5,4,40,36,24,0.044155598,Classical monocytes
GTACTTTCATTGTGCA-1,GARQ,D5,4,40,36,11,0.043920398,CD56dim CD16bright NK
GTACTTTGTCGAGATG-1,GARQ,D5,4,40,36,27,0.19233823,CD56dim CD16bright NK
GTACTTTGTCGCCATG-1,GARQ,D5,4,40,36,24,0.03945613,Classical monocytes
GTAGGCCCAATCGAAA-1,GARQ,D5,4,40,36,24,0.0027426481,Neutrophils
GTAGGCCCACAACGCC-1,GARQ,D5,4,40,36,27,0.13517785,CD56dim CD16bright NK
GTAGGCCCACGAAAGC-1,GARQ,D5,4,40,36,9,0.043818474,CD4 naive I
GTAGGCCGTAGCCTCG-1,GARQ,D5,4,40,36,24,0.101891756,Classical monocytes
GTAGGCCGTCCTCCAT-1,GARQ,D5,4,40,36,24,0.07108915,Classical monocytes
GTAGGCCGTTCGCTAA-1,GARQ,D5,4,40,36,15,0.008810878,CD8 effector
GTAGTCAAGAATCTCC-1,GARQ,D5,4,40,36,24,0.047203183,Neutrophils
GTAGTCAGTACATGTC-1,GARQ,D5,4,40,36,10,0.02815485,CD8 effector
GTATCTTAGTCGCCGT-1,GARQ,D5,4,40,36,10,0.019532323,gdT cells
GTATCTTTCATAGCAC-1,GARQ,D5,4,40,36,8,0.037988663,CD8 naive
GTATTCTAGAGCAATT-1,GARQ,D5,4,40,36,34,0.24067807,Naive B
GTATTCTAGGTACTCT-1,GARQ,D5,4,40,36,24,0.072365046,Platelet-bound monocytes
GTATTCTCATGGTAGG-1,GARQ,D5,4,40,36,33,0.056009054,MAIT-NKT cells
GTATTCTTCACCCGAG-1,GARQ,D5,4,40,36,27,0.026140928,CD56dim CD16bright NK
GTCAAGTAGACGCACA-1,GARQ,D5,4,40,36,8,0.04466641,CD4 naive I
GTCAAGTAGTTACGGG-1,GARQ,D5,4,40,36,24,0.04902649,Classical monocytes
GTCAAGTAGTTGAGTA-1,GARQ,D5,4,40,36,27,0.015918493,CD56dim CD16bright NK
GTCAAGTGTGAGGCTA-1,GARQ,D5,4,40,36,27,0.020383656,NK-monocyte doublets
GTCAAGTTCGAGCCCA-1,GARQ,D5,4,40,36,27,0.031375527,CD56dim CD16bright NK
GTCACAAAGAAACCAT-1,GARQ,D5,4,40,36,27,0.08570993,CD56dim CD16bright NK
GTCACAAAGTCACGCC-1,GARQ,D5,4,40,36,8,0.13219035,CD4 memory
GTCACAAGTTAAGATG-1,GARQ,D5,4,40,36,27,0.442847,CD56dim CD16bright NK
GTCACAATCTTCCTTC-1,GARQ,D5,4,40,36,33,0.03973484,MAIT-NKT cells
GTCACGGAGCACCGCT-1,GARQ,D5,4,40,36,24,0.05961609,Classical monocytes
GTCACGGCACGGTGTC-1,GARQ,D5,4,40,36,5,0.007503152,CD56dim CD16bright NK
GTCACGGCACTTACGA-1,GARQ,D5,4,40,36,15,0.013123751,CD4 memory
GTCACGGCATACTACG-1,GARQ,D5,4,40,36,27,0.15775883,CD56dim CD16bright NK
GTCACGGGTACAGTTC-1,GARQ,D5,4,40,36,6,0.018838763,MAIT-NKT cells
GTCATTTAGCAGATCG-1,GARQ,D5,4,40,36,26,0.07925558,Naive B
GTCATTTGTCGCGGTT-1,GARQ,D5,4,40,36,11,0.029881239,CD56bright CD16dim NK
GTCATTTTCACTTCAT-1,GARQ,D5,4,40,36,22,0.093295336,Classical monocytes
GTCCTCAAGAAGGCCT-1,GARQ,D5,4,40,36,33,0.07650542,gdT cells
GTCCTCAAGCTGATAA-1,GARQ,D5,4,40,36,3,0.0032809973,NK-T doublets
GTCCTCAAGTTAGCGG-1,GARQ,D5,4,40,36,8,0.123273015,CD4 naive I
GTCCTCACACCTGGTG-1,GARQ,D5,4,40,36,24,0.11632156,Classical monocytes
GTCCTCAGTAAGTGGC-1,GARQ,D5,4,40,36,31,0.050520897,CD56dim CD16bright NK
GTCCTCAGTCAACATC-1,GARQ,D5,4,40,36,12,0.3485524,plasmacytoid DC
GTCCTCAGTCTGCCAG-1,GARQ,D5,4,40,36,26,0.055663347,T-NK-B cell doublets
GTCCTCAGTTACGACT-1,GARQ,D5,4,40,36,33,0.0502882,MAIT-NKT cells
GTCCTCATCAAGGTAA-1,GARQ,D5,4,40,36,3,0.02374363,CD8 memory
GTCGGGTGTCCAGTTA-1,GARQ,D5,4,40,36,27,0.095030904,CD56dim CD16bright NK
GTCGGGTTCTATGTGG-1,GARQ,D5,4,40,36,24,0.027063847,Neutrophils
GTCGGGTTCTGCCAGG-1,GARQ,D5,4,40,36,9,0.018999457,Regulatory T cells
GTCGTAACATCGGACC-1,GARQ,D5,4,40,36,10,0.056413174,gdT cells
GTCGTAAGTAGCCTAT-1,GARQ,D5,4,40,36,24,0.046904325,Classical monocytes
GTCGTAAGTCGCTTCT-1,GARQ,D5,4,40,36,26,0.23806798,T-NK-B cell doublets
GTCGTAATCGGCATCG-1,GARQ,D5,4,40,36,27,0.006219089,plasmacytoid DC
GTCTCGTGTTGAGGTG-1,GARQ,D5,4,40,36,8,0.0052423477,CD4 naive I
GTCTCGTGTTGGACCC-1,GARQ,D5,4,40,36,24,0.12963045,Classical monocytes
GTCTCGTTCGGTCCGA-1,GARQ,D5,4,40,36,6,0.002562046,CD56dim CD16bright NK
GTCTTCGAGGTTCCTA-1,GARQ,D5,4,40,36,8,0.019589305,CD4 naive I
GTCTTCGCAATACGCT-1,GARQ,D5,4,40,36,24,0.044140816,Classical monocytes
GTCTTCGCAGACACTT-1,GARQ,D5,4,40,36,33,0.034214616,MAIT-NKT cells
GTCTTCGGTGCAACGA-1,GARQ,D5,4,40,36,33,0.052354693,MAIT-NKT cells
GTCTTCGTCCTCTAGC-1,GARQ,D5,4,40,36,34,0.02461958,Naive B
GTGAAGGAGCTCCTCT-1,GARQ,D5,4,40,36,24,0.0408597,Classical monocytes
GTGAAGGCAGATGAGC-1,GARQ,D5,4,40,36,8,0.024697423,CD4 naive I
GTGAAGGCATGCAACT-1,GARQ,D5,4,40,36,6,0.049952984,gdT cells
GTGAAGGGTATAGTAG-1,GARQ,D5,4,40,36,27,0.08798146,CD56dim CD16bright NK
GTGAAGGTCAGCATGT-1,GARQ,D5,4,40,36,8,0.052255154,CD4 naive I
GTGCAGCAGCAGGTCA-1,GARQ,D5,4,40,36,8,0.12200749,CD4 naive I
GTGCAGCAGCTAGGCA-1,GARQ,D5,4,40,36,24,0.065140724,Neutrophils
GTGCAGCCAAACTGCT-1,GARQ,D5,4,40,36,27,0.060616136,CD56dim CD16bright NK
GTGCAGCCAGGGTATG-1,GARQ,D5,4,40,36,12,0.3454448,plasmacytoid DC
GTGCAGCGTATTAGCC-1,GARQ,D5,4,40,36,9,0.04200065,CD8 naive
GTGCAGCGTTTGTTGG-1,GARQ,D5,4,40,36,8,0.1334939,CD4 naive I
GTGCATAAGCCGATTT-1,GARQ,D5,4,40,36,3,0.036028504,NK-T doublets
GTGCATAGTATTCTCT-1,GARQ,D5,4,40,36,6,0.04670036,CD8 effector
GTGCATAGTGTATGGG-1,GARQ,D5,4,40,36,8,0.0596323,Regulatory T cells
GTGCATATCAAAGACA-1,GARQ,D5,4,40,36,26,0.2872855,Naive B
GTGCATATCAGCTCTC-1,GARQ,D5,4,40,36,27,0.0189929,CD56dim CD16bright NK
GTGCGGTAGTAGCGGT-1,GARQ,D5,4,40,36,9,0.0121359825,CD4 naive I
GTGCGGTCATGAGCGA-1,GARQ,D5,4,40,36,11,0.06609213,CD56dim CD16bright NK
GTGCGGTGTGCTGTAT-1,GARQ,D5,4,40,36,17,0.026769042,NK-T doublets
GTGCGGTTCAGGCAAG-1,GARQ,D5,4,40,36,8,0.124676466,CD4 naive I
GTGCTTCAGCCCAGCT-1,GARQ,D5,4,40,36,27,0.06163466,CD56dim CD16bright NK
GTGCTTCGTCAATACC-1,GARQ,D5,4,40,36,6,0.027178764,gdT cells
GTGGGTCCACAGTCGC-1,GARQ,D5,4,40,36,26,0.23466468,T-NK-B cell doublets
GTGGGTCTCAACTCTT-1,GARQ,D5,4,40,36,12,0.021281362,Naive B
GTGGGTCTCACTCCTG-1,GARQ,D5,4,40,36,24,0.07817578,Classical monocytes
GTGGGTCTCACTTACT-1,GARQ,D5,4,40,36,6,0.021265507,CD8 effector
GTGTGCGAGACATAAC-1,GARQ,D5,4,40,36,24,0.026069283,Classical monocytes
GTGTGCGAGATAGTCA-1,GARQ,D5,4,40,36,9,0.02290535,CD8 memory
GTGTGCGCAATAGCGG-1,GARQ,D5,4,40,36,36,0.006047249,CD4 memory
GTGTGCGGTGACGCCT-1,GARQ,D5,4,40,36,8,0.0724411,CD4 naive I
GTGTGCGGTGGTTTCA-1,GARQ,D5,4,40,36,8,0.05019605,CD4 memory
GTGTGCGTCCACTGGG-1,GARQ,D5,4,40,36,27,0.121177316,CD56dim CD16bright NK
GTGTGCGTCCAGTAGT-1,GARQ,D5,4,40,36,10,0.004555464,CD8 effector
GTGTTAGGTAAACGCG-1,GARQ,D5,4,40,36,24,0.09170997,Classical monocytes
GTGTTAGTCAACTCTT-1,GARQ,D5,4,40,36,23,0.1550864,Erythroid 
GTGTTAGTCAGAAATG-1,GARQ,D5,4,40,36,24,0.06971717,Classical monocytes
GTGTTAGTCTAACTGG-1,GARQ,D5,4,40,36,3,0.004804969,CD8 memory
GTTAAGCAGCGACGTA-1,GARQ,D5,4,40,36,8,0.16989827,CD4 memory
GTTAAGCTCTCTAAGG-1,GARQ,D5,4,40,36,8,0.09621096,CD4 naive I
GTTACAGAGAGCTGCA-1,GARQ,D5,4,40,36,11,0.015327096,CD56dim CD16bright NK
GTTACAGAGCAGGCTA-1,GARQ,D5,4,40,36,6,0.04659176,CD56dim CD16bright NK
GTTACAGCACATCCAA-1,GARQ,D5,4,40,36,12,0.19466567,conventional DC
GTTACAGGTCCTCTTG-1,GARQ,D5,4,40,36,10,0.103110194,gdT cells
GTTACAGGTTCCCTTG-1,GARQ,D5,4,40,36,24,0.050275326,Classical monocytes
GTTACAGTCTGTTTGT-1,GARQ,D5,4,40,36,8,0.14254546,CD4 memory
GTTCATTCACAGAGGT-1,GARQ,D5,4,40,36,6,0.080757916,CD8 effector
GTTCATTGTTCCGGCA-1,GARQ,D5,4,40,36,1,0.011636019,CD8 effector
GTTCATTGTTCGTTGA-1,GARQ,D5,4,40,36,27,0.12920749,CD56dim CD16bright NK
GTTCATTGTTTAGCTG-1,GARQ,D5,4,40,36,12,0.11468613,conventional DC
GTTCATTTCACTATTC-1,GARQ,D5,4,40,36,27,0.07834244,MAIT-NKT cells
GTTCATTTCCAGGGCT-1,GARQ,D5,4,40,36,24,0.034007907,Classical monocytes
GTTCGGGAGAGTTGGC-1,GARQ,D5,4,40,36,27,0.049757123,CD56dim CD16bright NK
GTTCGGGCAAACAACA-1,GARQ,D5,4,40,36,24,0.011027217,Neutrophils
GTTCGGGTCACTTATC-1,GARQ,D5,4,40,36,8,0.059542894,CD4 memory
GTTCGGGTCTGTCTAT-1,GARQ,D5,4,40,36,11,0.0292238,CD56bright CD16dim NK
GTTCTCGAGTGGAGTC-1,GARQ,D5,4,40,36,9,0.08233452,CD4 naive I
GTTCTCGGTACCAGTT-1,GARQ,D5,4,40,36,26,0.20511788,T-NK-B cell doublets
GTTCTCGGTATCTGCA-1,GARQ,D5,4,40,36,36,0.005726099,Regulatory T cells
GTTCTCGGTGACTCAT-1,GARQ,D5,4,40,36,9,0.019617558,CD8 naive
GTTCTCGGTGCACTTA-1,GARQ,D5,4,40,36,8,0.09549904,CD4 memory
GTTCTCGTCCGCTGTT-1,GARQ,D5,4,40,36,26,0.13782287,Memory B
GTTCTCGTCTTCATGT-1,GARQ,D5,4,40,36,26,0.00881207,Memory B
GTTTCTAGTCCGAACC-1,GARQ,D5,4,40,36,8,0.07183838,CD4 memory
GTTTCTAGTGTCAATC-1,GARQ,D5,4,40,36,8,0.15260267,CD4 memory
GTTTCTAGTGTTAAGA-1,GARQ,D5,4,40,36,27,0.03608799,CD56dim CD16bright NK
GTTTCTATCAACGGGA-1,GARQ,D5,4,40,36,27,0.42158508,CD56dim CD16bright NK
TAAACCGCACATCCAA-1,GARQ,D5,4,40,36,11,0.0821203,CD56dim CD16bright NK
TAAACCGCAGTTTACG-1,GARQ,D5,4,40,36,8,0.12615877,Regulatory T cells
TAAACCGGTCAGAATA-1,GARQ,D5,4,40,36,28,0.10513151,Platelets
TAAGAGACAGATCTGT-1,GARQ,D5,4,40,36,25,0.008549571,CD8 memory
TAAGAGACATTTGCTT-1,GARQ,D5,4,40,36,11,0.118949056,CD56dim CD16bright NK
TAAGAGAGTTTCCACC-1,GARQ,D5,4,40,36,6,0.034621596,CD56dim CD16bright NK
TAAGAGATCGTACCGG-1,GARQ,D5,4,40,36,8,0.07101321,CD4 memory
TAAGAGATCTGTTTGT-1,GARQ,D5,4,40,36,24,0.050051928,Classical monocytes
TAAGCGTCACGACGAA-1,GARQ,D5,4,40,36,24,0.066015005,Neutrophils
TAAGCGTGTAACGCGA-1,GARQ,D5,4,40,36,24,0.10450578,Classical monocytes
TAAGTGCCAAAGGCGT-1,GARQ,D5,4,40,36,27,0.08373284,CD56dim CD16bright NK
TAAGTGCGTTCGCGAC-1,GARQ,D5,4,40,36,26,0.09596026,Naive B
TACACGAAGAGTCTGG-1,GARQ,D5,4,40,36,8,0.04139781,CD4 memory
TACACGAAGTGGAGTC-1,GARQ,D5,4,40,36,34,0.03457713,Naive B
TACACGACAGGCGATA-1,GARQ,D5,4,40,36,27,0.11944175,CD56dim CD16bright NK
TACACGAGTTAAGATG-1,GARQ,D5,4,40,36,10,0.014274836,CD8 effector
TACACGATCCACGCAG-1,GARQ,D5,4,40,36,7,0.03406489,gdT cells
TACAGTGAGACGCAAC-1,GARQ,D5,4,40,36,24,0.022362709,NK-monocyte doublets
TACAGTGAGGCCCTTG-1,GARQ,D5,4,40,36,31,0.045963883,CD56dim CD16bright NK
TACAGTGCAATGGACG-1,GARQ,D5,4,40,36,3,0.0040767193,CD4 and CD8 activated memory
TACAGTGCACGAAAGC-1,GARQ,D5,4,40,36,22,0.0027538538,Classical monocytes
TACAGTGTCCGAATGT-1,GARQ,D5,4,40,36,27,0.26488304,CD56dim CD16bright NK
TACCTATAGCATGGCA-1,GARQ,D5,4,40,36,27,0.0644809,CD56dim CD16bright NK
TACCTATCACTACAGT-1,GARQ,D5,4,40,36,24,0.108867645,Classical monocytes
TACCTATGTTAGAACA-1,GARQ,D5,4,40,36,24,0.13378453,Classical monocytes
TACCTATGTTGAGGTG-1,GARQ,D5,4,40,36,29,0.12575066,CD56dim CD16bright NK
TACCTATTCGTGGACC-1,GARQ,D5,4,40,36,24,0.04209864,Neutrophils
TACCTATTCTTAACCT-1,GARQ,D5,4,40,36,22,0.021129608,Classical monocytes
TACCTTAAGCCAGAAC-1,GARQ,D5,4,40,36,27,0.0067648888,CD56dim CD16bright NK
TACCTTAAGGCTCAGA-1,GARQ,D5,4,40,36,33,0.057484984,CD8 effector
TACCTTACAGATCCAT-1,GARQ,D5,4,40,36,8,0.036094427,CD4 naive II
TACCTTACAGGTCCAC-1,GARQ,D5,4,40,36,8,0.08383727,CD4 memory
TACCTTAGTATGAATG-1,GARQ,D5,4,40,36,8,0.15917587,CD4 naive II
TACCTTATCGTTTAGG-1,GARQ,D5,4,40,36,39,0.01999557,CD8 effector
TACGGATGTGTGCCTG-1,GARQ,D5,4,40,36,22,0.04588008,NK-monocyte doublets
TACGGATGTTCGTCTC-1,GARQ,D5,4,40,36,6,0.05834663,CD8 memory
TACGGATTCCTTAATC-1,GARQ,D5,4,40,36,1,0.011592388,gdT cells
TACGGGCAGAGCTGCA-1,GARQ,D5,4,40,36,27,0.043662786,gdT cells
TACGGGCAGGAGTCTG-1,GARQ,D5,4,40,36,26,0.13099831,Memory B
TACGGGCCACTATCTT-1,GARQ,D5,4,40,36,34,0.19565856,Naive B
TACGGGCGTAGGCATG-1,GARQ,D5,4,40,36,24,0.049699306,Classical monocytes
TACGGGCTCGTCCAGG-1,GARQ,D5,4,40,36,8,0.0043911934,CD4 naive I
TACGGTAGTTGATTCG-1,GARQ,D5,4,40,36,24,0.062405348,Classical monocytes
TACTCATAGAGAACAG-1,GARQ,D5,4,40,36,1,0.007353902,gdT cells
TACTCATAGGAGCGAG-1,GARQ,D5,4,40,36,8,0.13252544,CD4 naive I
TACTCATTCTGCTTGC-1,GARQ,D5,4,40,36,27,0.04891157,CD56dim CD16bright NK
TACTCATTCTTCATGT-1,GARQ,D5,4,40,36,6,0.004714012,CD8 memory
TACTCGCCACGTCTCT-1,GARQ,D5,4,40,36,6,0.042876244,CD8 effector
TACTCGCGTACGAAAT-1,GARQ,D5,4,40,36,27,0.031560183,CD56dim CD16bright NK
TACTTACAGTCAAGGC-1,GARQ,D5,4,40,36,3,0.10964918,CD8 effector
TACTTACCAAGTAATG-1,GARQ,D5,4,40,36,27,0.057374716,CD56dim CD16bright NK
TACTTACGTCTCCATC-1,GARQ,D5,4,40,36,6,0.056099534,gdT cells
TACTTACTCTGGTATG-1,GARQ,D5,4,40,36,24,0.043542266,Classical monocytes
TACTTACTCTGTTTGT-1,GARQ,D5,4,40,36,12,0.35082722,plasmacytoid DC
TACTTACTCTTATCTG-1,GARQ,D5,4,40,36,24,0.026444912,NK-monocyte doublets
TACTTGTAGACTCGGA-1,GARQ,D5,4,40,36,6,0.01393342,CD8 effector
TACTTGTCACACATGT-1,GARQ,D5,4,40,36,24,0.057697415,Classical monocytes
TACTTGTTCTTCGAGA-1,GARQ,D5,4,40,36,15,0.021827042,CD8 effector
TACTTGTTCTTGACGA-1,GARQ,D5,4,40,36,8,0.07368958,CD4 memory
TAGACCAAGCGATCCC-1,GARQ,D5,4,40,36,35,0.06268865,CD4 and CD8 activated memory
TAGACCAAGGGCTTCC-1,GARQ,D5,4,40,36,9,0.004640341,CD8 memory
TAGACCATCCGTACAA-1,GARQ,D5,4,40,36,24,0.015598774,Neutrophils
TAGAGCTAGCGCTTAT-1,GARQ,D5,4,40,36,5,0.002266407,CD56dim CD16bright NK
TAGAGCTGTTCCCGAG-1,GARQ,D5,4,40,36,8,0.010486364,CD4 memory
TAGAGCTTCTTGAGAC-1,GARQ,D5,4,40,36,26,0.18576235,Naive B
TAGCCGGCATCACCCT-1,GARQ,D5,4,40,36,27,0.09270406,CD56dim CD16bright NK
TAGCCGGGTATATGAG-1,GARQ,D5,4,40,36,9,0.05799377,CD4 memory
TAGGCATAGCGTCTAT-1,GARQ,D5,4,40,36,6,0.024075747,CD56dim CD16bright NK
TAGGCATCAGTCTTCC-1,GARQ,D5,4,40,36,8,0.078508735,CD4 naive I
TAGGCATCAGTGGAGT-1,GARQ,D5,4,40,36,24,0.13047707,Platelet-bound monocytes
TAGGCATGTCCAACTA-1,GARQ,D5,4,40,36,9,0.04888487,CD8 naive
TAGGCATGTCGCGTGT-1,GARQ,D5,4,40,36,8,0.1718638,CD4 naive I
TAGGCATGTGATGCCC-1,GARQ,D5,4,40,36,24,0.04094982,Classical monocytes
TAGGCATGTTGGAGGT-1,GARQ,D5,4,40,36,10,0.016397595,gdT cells
TAGTGGTAGGTGATAT-1,GARQ,D5,4,40,36,9,0.035265088,Regulatory T cells
TAGTGGTAGTTACCCA-1,GARQ,D5,4,40,36,6,0.04893112,gdT cells
TAGTGGTCAGCTGGCT-1,GARQ,D5,4,40,36,24,0.053663135,Classical monocytes
TAGTGGTCATTTCACT-1,GARQ,D5,4,40,36,24,0.019348145,Classical monocytes
TAGTGGTTCCACGTTC-1,GARQ,D5,4,40,36,31,0.09157956,CD56dim CD16bright NK
TAGTTGGAGCTAGTTC-1,GARQ,D5,4,40,36,6,0.03633547,CD8 effector
TAGTTGGAGTGCTGCC-1,GARQ,D5,4,40,36,8,0.061985373,CD4 naive I
TATCAGGAGGAACTGC-1,GARQ,D5,4,40,36,27,0.03748715,CD56dim CD16bright NK
TATCAGGGTACCTACA-1,GARQ,D5,4,40,36,29,0.007938147,CD56dim CD16bright NK
TATCAGGGTGCCTGGT-1,GARQ,D5,4,40,36,34,0.039004207,Naive B
TATCAGGGTTTGTGTG-1,GARQ,D5,4,40,36,26,0.35155082,T-NK-B cell doublets
TATCAGGTCTGGAGCC-1,GARQ,D5,4,40,36,27,0.22261024,CD56dim CD16bright NK
TATCTCACAAACAACA-1,GARQ,D5,4,40,36,24,0.116450906,Classical monocytes
TATCTCACAACACCCG-1,GARQ,D5,4,40,36,8,0.023450613,CD8 naive
TATGCCCAGTTAACGA-1,GARQ,D5,4,40,36,23,0.14420676,Erythroid 
TATGCCCGTAGGACAC-1,GARQ,D5,4,40,36,3,0.036873102,CD4 memory
TATGCCCGTATAATGG-1,GARQ,D5,4,40,36,8,0.05868292,CD4 memory
TATGCCCTCACTCTTA-1,GARQ,D5,4,40,36,24,0.023551106,Classical monocytes
TATTACCGTACGACCC-1,GARQ,D5,4,40,36,3,0.05673635,CD8 memory
TATTACCGTGTAACGG-1,GARQ,D5,4,40,36,26,0.22386134,Naive B
TATTACCGTTACCAGT-1,GARQ,D5,4,40,36,35,0.02949822,Platelet-T cell doublets
TCAACGATCTTGTACT-1,GARQ,D5,4,40,36,8,0.2631122,CD4 memory
TCAATCTAGAAAGTGG-1,GARQ,D5,4,40,36,26,0.32295668,Naive B
TCAATCTAGTCGATAA-1,GARQ,D5,4,40,36,8,0.1684773,CD4 naive II
TCAATCTCAGCCTTTC-1,GARQ,D5,4,40,36,10,0.12349129,gdT cells
TCAATCTCATACTACG-1,GARQ,D5,4,40,36,8,0.042988896,Regulatory T cells
TCAATCTCATTCTTAC-1,GARQ,D5,4,40,36,12,0.31769562,plasmacytoid DC
TCAATCTGTCTTGCGG-1,GARQ,D5,4,40,36,11,0.11563647,CD56dim CD16bright NK
TCACAAGAGTGAACAT-1,GARQ,D5,4,40,36,34,0.24602282,Naive B
TCACAAGTCGAATGGG-1,GARQ,D5,4,40,36,28,0.1882416,Platelets
TCACGAAAGCGTTTAC-1,GARQ,D5,4,40,36,19,0.011657715,gdT cells
TCACGAAAGTCAAGGC-1,GARQ,D5,4,40,36,8,0.042792678,CD8 memory
TCAGATGCACCTCGTT-1,GARQ,D5,4,40,36,24,0.028995275,Neutrophils
TCAGATGTCAGCTCGG-1,GARQ,D5,4,40,36,10,0.039191484,CD56bright CD16dim NK
TCAGCAAAGTGGGTTG-1,GARQ,D5,4,40,36,27,0.12181103,CD56dim CD16bright NK
TCAGCAACAGATCTGT-1,GARQ,D5,4,40,36,27,0.12145412,CD56dim CD16bright NK
TCAGCAAGTGACGCCT-1,GARQ,D5,4,40,36,10,0.008958459,CD8 effector
TCAGCTCAGAATGTGT-1,GARQ,D5,4,40,36,23,0.14069718,Erythroid 
TCAGCTCAGGCAGGTT-1,GARQ,D5,4,40,36,8,0.07514739,CD4 naive I
TCAGCTCAGTGAAGAG-1,GARQ,D5,4,40,36,19,0.017569304,gdT cells
TCAGGATAGAACAATC-1,GARQ,D5,4,40,36,24,0.04766786,Classical monocytes
TCAGGATAGGAATGGA-1,GARQ,D5,4,40,36,6,0.045426488,CD8 effector
TCAGGATGTGTTCTTT-1,GARQ,D5,4,40,36,8,0.03322363,CD4 memory
TCAGGTAAGCCTATGT-1,GARQ,D5,4,40,36,36,0.11750841,CD4 naive I
TCAGGTAAGCGAGAAA-1,GARQ,D5,4,40,36,8,0.04192424,CD4 memory
TCAGGTAAGGCTCAGA-1,GARQ,D5,4,40,36,6,0.029833436,CD56dim CD16bright NK
TCAGGTACAAGAGTCG-1,GARQ,D5,4,40,36,8,0.15545046,CD4 memory
TCAGGTAGTCTCACCT-1,GARQ,D5,4,40,36,39,0.025948763,gdT cells
TCAGGTAGTCTCCACT-1,GARQ,D5,4,40,36,24,0.043636203,Neutrophils
TCAGGTATCGCGCCAA-1,GARQ,D5,4,40,36,8,0.10365534,CD4 memory
TCATTACCAATACGCT-1,GARQ,D5,4,40,36,10,0.02154231,gdT cells
TCATTACCAGTGAGTG-1,GARQ,D5,4,40,36,8,0.1653359,CD4 memory
TCATTACCATCCGCGA-1,GARQ,D5,4,40,36,8,0.063935876,CD4 memory
TCATTACGTCCCTTGT-1,GARQ,D5,4,40,36,33,0.029492259,CD4 memory
TCATTACTCGTGGACC-1,GARQ,D5,4,40,36,27,0.1365645,CD56dim CD16bright NK
TCATTACTCTGATTCT-1,GARQ,D5,4,40,36,26,0.07034683,Naive B
TCATTACTCTGGCGAC-1,GARQ,D5,4,40,36,11,0.10999155,CD56dim CD16bright NK
TCATTTGGTCTCACCT-1,GARQ,D5,4,40,36,24,0.05097556,Neutrophils
TCCACACAGATCTGAA-1,GARQ,D5,4,40,36,24,0.10171473,Classical monocytes
TCCACACAGCGTGTCC-1,GARQ,D5,4,40,36,36,0.053294778,CD4 memory
TCCACACGTCCGCTGA-1,GARQ,D5,4,40,36,16,0.049207807,CD56dim CD16bright NK
TCCACACGTCTCTCTG-1,GARQ,D5,4,40,36,27,0.031329393,CD56dim CD16bright NK
TCCACACTCTCTTATG-1,GARQ,D5,4,40,36,27,0.19538856,CD56dim CD16bright NK
TCCCGATAGCGATTCT-1,GARQ,D5,4,40,36,27,0.32832527,CD56dim CD16bright NK
TCCCGATGTAAGTGGC-1,GARQ,D5,4,40,36,31,0.028581023,CD56dim CD16bright NK
TCCCGATGTCACAAGG-1,GARQ,D5,4,40,36,6,0.0104801655,gdT cells
TCCCGATGTTCGAATC-1,GARQ,D5,4,40,36,27,0.041665316,CD56dim CD16bright NK
TCCCGATTCAGTCAGT-1,GARQ,D5,4,40,36,11,0.032132506,Proliferating T and NK cell
TCCCGATTCGGTCTAA-1,GARQ,D5,4,40,36,8,0.0105654,CD4 naive I
TCGAGGCAGTGGTAAT-1,GARQ,D5,4,40,36,8,0.13443577,CD4 naive I
TCGAGGCCAAAGGCGT-1,GARQ,D5,4,40,36,26,0.042600274,T-NK-B cell doublets
TCGAGGCCAATCCAAC-1,GARQ,D5,4,40,36,26,0.10990465,Memory B
TCGAGGCCACAGGTTT-1,GARQ,D5,4,40,36,31,0.056502342,CD56bright CD16dim NK
TCGAGGCCAGGCAGTA-1,GARQ,D5,4,40,36,6,0.19864702,gdT cells
TCGAGGCCATCGGACC-1,GARQ,D5,4,40,36,33,0.06011057,MAIT-NKT cells
TCGAGGCCATGCTGGC-1,GARQ,D5,4,40,36,24,0.059486747,Classical monocytes
TCGCGAGAGGTGCTAG-1,GARQ,D5,4,40,36,27,0.032207966,CD56dim CD16bright NK
TCGCGAGCATGGATGG-1,GARQ,D5,4,40,36,31,0.0070791245,CD56dim CD16bright NK
TCGCGAGGTATGGTTC-1,GARQ,D5,4,40,36,8,0.08370471,CD8 naive
TCGCGAGGTCCGAACC-1,GARQ,D5,4,40,36,36,0.03522408,CD4 memory
TCGCGAGGTCTAGAGG-1,GARQ,D5,4,40,36,24,0.100216866,Classical monocytes
TCGCGAGTCCGCGGTA-1,GARQ,D5,4,40,36,8,0.13655567,CD4 memory
TCGCGAGTCGCTGATA-1,GARQ,D5,4,40,36,8,0.098360896,CD4 naive I
TCGCGTTAGCAATATG-1,GARQ,D5,4,40,36,9,0.04991424,CD8 memory
TCGCGTTAGCTGCGAA-1,GARQ,D5,4,40,36,27,0.18726182,CD56dim CD16bright NK
TCGCGTTAGTACGTAA-1,GARQ,D5,4,40,36,8,0.039269924,CD4 naive I
TCGCGTTAGTGTACCT-1,GARQ,D5,4,40,36,16,0.062914014,CD56dim CD16bright NK
TCGCGTTCAAGTTCTG-1,GARQ,D5,4,40,36,27,0.32918,CD56dim CD16bright NK
TCGCGTTCAGGGAGAG-1,GARQ,D5,4,40,36,27,0.16145301,CD56dim CD16bright NK
TCGCGTTGTGCGGTAA-1,GARQ,D5,4,40,36,8,0.12902653,CD4 naive I
TCGGGACCAAACCCAT-1,GARQ,D5,4,40,36,3,0.05912888,CD8 memory
TCGGGACGTGGGTCAA-1,GARQ,D5,4,40,36,27,0.089316845,CD56dim CD16bright NK
TCGGGACGTTCCGGCA-1,GARQ,D5,4,40,36,24,0.050346613,Classical monocytes
TCGGGACGTTTCCACC-1,GARQ,D5,4,40,36,8,0.056821465,CD4 naive I
TCGGGACTCCTAGAAC-1,GARQ,D5,4,40,36,24,0.12417495,Classical monocytes
TCGGGACTCGCCTGAG-1,GARQ,D5,4,40,36,10,0.0011460781,CD8 memory
TCGGTAAAGGGCACTA-1,GARQ,D5,4,40,36,8,0.12329292,Platelet-T cell doublets
TCGGTAAGTCCGTGAC-1,GARQ,D5,4,40,36,24,0.059981823,Neutrophils
TCGGTAAGTCGTGGCT-1,GARQ,D5,4,40,36,7,0.00552392,CD56dim CD16bright NK
TCGGTAAGTCTTGTCC-1,GARQ,D5,4,40,36,11,0.10730243,CD56dim CD16bright NK
TCGGTAAGTTAGGGTG-1,GARQ,D5,4,40,36,31,0.057334065,CD56dim CD16bright NK
TCGGTAATCCCTTGCA-1,GARQ,D5,4,40,36,24,0.11256385,Neutrophils
TCGTACCAGCAGATCG-1,GARQ,D5,4,40,36,8,0.12881136,CD8 naive
TCGTACCAGCTATGCT-1,GARQ,D5,4,40,36,10,0.01408565,gdT cells
TCGTACCAGTCGTTTG-1,GARQ,D5,4,40,36,27,0.1678667,CD56dim CD16bright NK
TCGTACCCAGTATCTG-1,GARQ,D5,4,40,36,8,0.06568658,CD8 naive
TCGTACCGTGCACTTA-1,GARQ,D5,4,40,36,6,0.05591798,CD8 effector
TCGTACCGTTGTCGCG-1,GARQ,D5,4,40,36,8,0.048313618,CD4 naive I
TCGTACCTCGCTGATA-1,GARQ,D5,4,40,36,8,0.06559038,CD4 memory
TCGTACCTCGTTTATC-1,GARQ,D5,4,40,36,27,0.08672595,CD56dim CD16bright NK
TCGTAGAAGAGCTGCA-1,GARQ,D5,4,40,36,8,0.11884785,CD4 memory
TCGTAGACAAGAAAGG-1,GARQ,D5,4,40,36,3,0.004533291,CD8 memory
TCGTAGACACACCGAC-1,GARQ,D5,4,40,36,10,0.03783071,gdT cells
TCGTAGACATGAGCGA-1,GARQ,D5,4,40,36,8,0.17852187,CD4 memory
TCGTAGAGTACTCGCG-1,GARQ,D5,4,40,36,27,0.16823769,CD56dim CD16bright NK
TCGTAGATCTGATTCT-1,GARQ,D5,4,40,36,27,0.035780787,CD56dim CD16bright NK
TCTATTGAGTACGCGA-1,GARQ,D5,4,40,36,8,0.16046512,CD4 memory
TCTATTGGTCGGATCC-1,GARQ,D5,4,40,36,11,0.05676937,Platelet-T cell doublets
TCTATTGTCCCTTGTG-1,GARQ,D5,4,40,36,33,0.0013674498,MAIT-NKT cells
TCTATTGTCCTGTAGA-1,GARQ,D5,4,40,36,24,0.07136655,conventional DC
TCTATTGTCTTGCCGT-1,GARQ,D5,4,40,36,27,0.14316642,CD56dim CD16bright NK
TCTCATAAGTGGAGTC-1,GARQ,D5,4,40,36,23,0.12321508,Erythroid 
TCTCATATCGCACTCT-1,GARQ,D5,4,40,36,8,0.12285036,CD4 naive I
TCTCTAAAGACGCAAC-1,GARQ,D5,4,40,36,24,0.09928036,Classical monocytes
TCTCTAAAGATGGGTC-1,GARQ,D5,4,40,36,11,0.06809044,CD56dim CD16bright NK
TCTCTAAAGCGATAGC-1,GARQ,D5,4,40,36,27,0.10242784,CD56dim CD16bright NK
TCTCTAACATTGCGGC-1,GARQ,D5,4,40,36,34,0.037329316,Memory B
TCTCTAAGTTTGTGTG-1,GARQ,D5,4,40,36,3,0.01985526,NK-T doublets
TCTCTAATCCGGGTGT-1,GARQ,D5,4,40,36,26,0.18871069,Naive B
TCTGAGACAGCTGGCT-1,GARQ,D5,4,40,36,22,0.029518962,NK-monocyte doublets
TCTGAGAGTACCCAAT-1,GARQ,D5,4,40,36,6,0.008756399,CD56dim CD16bright NK
TCTGGAAAGATCCCAT-1,GARQ,D5,4,40,36,27,0.09716797,CD56dim CD16bright NK
TCTGGAACATGCCACG-1,GARQ,D5,4,40,36,27,0.07432735,CD56dim CD16bright NK
TCTGGAAGTCACCTAA-1,GARQ,D5,4,40,36,27,0.1968267,CD56dim CD16bright NK
TCTGGAAGTGCTTCTC-1,GARQ,D5,4,40,36,27,0.19509101,CD56dim CD16bright NK
TCTGGAATCAGCATGT-1,GARQ,D5,4,40,36,6,0.02490449,NK-T doublets
TCTGGAATCCCTGACT-1,GARQ,D5,4,40,36,27,0.16734135,CD56dim CD16bright NK
TCTTCGGAGGTAAACT-1,GARQ,D5,4,40,36,8,0.030705571,CD8 memory
TCTTCGGCAATCGAAA-1,GARQ,D5,4,40,36,27,0.070518136,CD56dim CD16bright NK
TCTTCGGCACTGAAGG-1,GARQ,D5,4,40,36,8,0.012637138,CD4 naive I
TCTTCGGCACTGTCGG-1,GARQ,D5,4,40,36,9,0.0701139,CD8 naive
TCTTCGGTCACCATAG-1,GARQ,D5,4,40,36,24,0.07385123,Classical monocytes
TCTTCGGTCGAGGTAG-1,GARQ,D5,4,40,36,24,0.01863873,Platelet-bound monocytes
TCTTCGGTCGTTTGCC-1,GARQ,D5,4,40,36,8,0.0048336983,CD4 naive I
TCTTTCCCATCTACGA-1,GARQ,D5,4,40,36,27,0.036003828,CD56dim CD16bright NK
TCTTTCCTCTCTGTCG-1,GARQ,D5,4,40,36,36,0.10608125,Regulatory T cells
TGAAAGAAGGAGTTGC-1,GARQ,D5,4,40,36,3,0.07485676,CD8 memory
TGAAAGACAGTTAACC-1,GARQ,D5,4,40,36,11,0.20123291,CD56dim CD16bright NK
TGAAAGACATGCATGT-1,GARQ,D5,4,40,36,24,0.07891512,Classical monocytes
TGAAAGAGTTCTGGTA-1,GARQ,D5,4,40,36,8,0.017075062,CD8 naive
TGAAAGAGTTTACTCT-1,GARQ,D5,4,40,36,22,0.041820765,Classical monocytes
TGACAACCAACAACCT-1,GARQ,D5,4,40,36,27,0.12067866,CD56dim CD16bright NK
TGACAACGTGCAGTAG-1,GARQ,D5,4,40,36,27,0.0025601387,CD56dim CD16bright NK
TGACAACTCAACGGGA-1,GARQ,D5,4,40,36,24,0.019120216,Classical monocytes
TGACGGCAGATCCGAG-1,GARQ,D5,4,40,36,22,0.06575942,Neutrophils
TGACGGCAGATCCTGT-1,GARQ,D5,4,40,36,3,0.2210815,CD8 memory
TGACGGCAGGCATGGT-1,GARQ,D5,4,40,36,29,0.12909722,CD56dim CD16bright NK
TGACGGCAGGTGCACA-1,GARQ,D5,4,40,36,24,0.06498647,Platelet-bound monocytes
TGACGGCCACCGCTAG-1,GARQ,D5,4,40,36,27,0.027805924,CD56dim CD16bright NK
TGACGGCGTGACGCCT-1,GARQ,D5,4,40,36,8,0.011493921,CD8 naive
TGACTAGAGTAGGTGC-1,GARQ,D5,4,40,36,8,0.055355072,CD4 memory
TGACTAGCAGTTCATG-1,GARQ,D5,4,40,36,26,0.049364805,Naive B
TGACTAGGTTCAGGCC-1,GARQ,D5,4,40,36,24,0.057474613,Classical monocytes
TGACTAGTCACTGGGC-1,GARQ,D5,4,40,36,16,0.064186454,CD56dim CD16bright NK
TGACTAGTCCCAAGTA-1,GARQ,D5,4,40,36,24,0.11956167,Classical monocytes
TGACTAGTCGGCGGTT-1,GARQ,D5,4,40,36,6,0.0320642,CD8 effector
TGACTAGTCTAACGGT-1,GARQ,D5,4,40,36,8,0.13462543,CD4 memory
TGACTTTAGCCCAATT-1,GARQ,D5,4,40,36,34,0.012382865,Naive B
TGACTTTAGGACTGGT-1,GARQ,D5,4,40,36,8,0.15281475,CD4 memory
TGACTTTAGTGGACGT-1,GARQ,D5,4,40,36,8,0.085303426,CD8 naive
TGACTTTCACAGGAGT-1,GARQ,D5,4,40,36,29,0.0670979,CD56dim CD16bright NK
TGACTTTCATGGGACA-1,GARQ,D5,4,40,36,6,0.029601932,CD56dim CD16bright NK
TGACTTTGTGGTTTCA-1,GARQ,D5,4,40,36,26,0.26498306,Naive B
TGACTTTTCTAACTTC-1,GARQ,D5,4,40,36,27,0.10203093,CD56bright CD16dim NK
TGAGAGGAGTGTGGCA-1,GARQ,D5,4,40,36,26,0.077543736,Naive B
TGAGAGGCACTACAGT-1,GARQ,D5,4,40,36,3,0.06474888,CD8 memory
TGAGAGGGTGATGCCC-1,GARQ,D5,4,40,36,26,0.20799267,Naive B
TGAGAGGTCACCACCT-1,GARQ,D5,4,40,36,15,0.035108328,CD8 effector
TGAGAGGTCTTATCTG-1,GARQ,D5,4,40,36,31,0.07450092,CD56dim CD16bright NK
TGAGCATAGTCGCCGT-1,GARQ,D5,4,40,36,31,0.03330934,CD56dim CD16bright NK
TGAGCATCAATCTACG-1,GARQ,D5,4,40,36,24,0.038304448,Classical monocytes
TGAGCATCAGCTCCGA-1,GARQ,D5,4,40,36,10,0.031592607,CD8 effector
TGAGCATCATGTCCTC-1,GARQ,D5,4,40,36,6,0.046389103,CD56dim CD16bright NK
TGAGCATGTTTAGCTG-1,GARQ,D5,4,40,36,24,0.06774521,Non classical monocytes
TGAGCCGCACAGTCGC-1,GARQ,D5,4,40,36,6,0.02807498,NK-T doublets
TGAGCCGTCTTCATGT-1,GARQ,D5,4,40,36,26,0.1103487,Naive B
TGAGGGACAATGACCT-1,GARQ,D5,4,40,36,24,0.074097395,Classical monocytes
TGAGGGACACCATGTA-1,GARQ,D5,4,40,36,10,0.010500073,CD8 effector
TGAGGGATCGGGAGTA-1,GARQ,D5,4,40,36,10,0.012398601,CD56dim CD16bright NK
TGAGGGATCTTGTCAT-1,GARQ,D5,4,40,36,24,0.050954223,Classical monocytes
TGATTTCAGGCTCAGA-1,GARQ,D5,4,40,36,8,0.14235866,CD4 naive I
TGATTTCAGTAACCCT-1,GARQ,D5,4,40,36,24,0.007174015,Classical monocytes
TGATTTCCATTACCTT-1,GARQ,D5,4,40,36,11,0.0020040274,CD56dim CD16bright NK
TGATTTCGTAGAAGGA-1,GARQ,D5,4,40,36,8,0.16676128,CD4 memory
TGATTTCGTGTCAATC-1,GARQ,D5,4,40,36,8,0.00866878,CD4 memory
TGCACCTAGACTAGAT-1,GARQ,D5,4,40,36,16,0.0016726255,CD56dim CD16bright NK
TGCACCTCAAACCCAT-1,GARQ,D5,4,40,36,6,0.01398921,CD56bright CD16dim NK
TGCACCTGTTCACGGC-1,GARQ,D5,4,40,36,24,0.054235697,Platelet-bound monocytes
TGCACCTTCAGCGACC-1,GARQ,D5,4,40,36,9,0.02765119,CD4 memory
TGCACCTTCATTTGGG-1,GARQ,D5,4,40,36,27,0.04923463,CD56dim CD16bright NK
TGCACCTTCGAGAGCA-1,GARQ,D5,4,40,36,9,0.07470751,CD8 naive
TGCACCTTCTTGACGA-1,GARQ,D5,4,40,36,22,0.007882595,Neutrophils
TGCCAAATCAAGAAGT-1,GARQ,D5,4,40,36,24,0.0152955055,Classical monocytes
TGCCAAATCTGTACGA-1,GARQ,D5,4,40,36,36,0.012368679,CD4 memory
TGCCCATAGCCACTAT-1,GARQ,D5,4,40,36,27,0.073007226,CD56dim CD16bright NK
TGCCCATCAATTGCTG-1,GARQ,D5,4,40,36,39,0.0210433,MAIT-NKT cells
TGCCCTACAAACAACA-1,GARQ,D5,4,40,36,11,0.011392891,CD56dim CD16bright NK
TGCCCTACAGCTCGAC-1,GARQ,D5,4,40,36,36,0.06347692,CD4 naive II
TGCCCTAGTATAGGGC-1,GARQ,D5,4,40,36,9,0.014558792,CD8 naive
TGCCCTAGTATCAGTC-1,GARQ,D5,4,40,36,27,0.012758255,CD56dim CD16bright NK
TGCCCTAGTTGAGGTG-1,GARQ,D5,4,40,36,24,0.021530151,Neutrophils
TGCCCTATCCAATGGT-1,GARQ,D5,4,40,36,12,0.050427258,Plasma cells
TGCCCTATCCGCGGTA-1,GARQ,D5,4,40,36,8,0.03519225,CD8 naive
TGCGCAGAGGGAACGG-1,GARQ,D5,4,40,36,27,0.0035305023,CD8 effector
TGCGCAGAGTAAGTAC-1,GARQ,D5,4,40,36,27,0.06143844,CD56dim CD16bright NK
TGCGCAGCAAGCCGCT-1,GARQ,D5,4,40,36,6,0.08878338,gdT cells
TGCGCAGTCGGAATCT-1,GARQ,D5,4,40,36,27,0.0663203,CD56dim CD16bright NK
TGCGCAGTCTGTACGA-1,GARQ,D5,4,40,36,24,0.019394755,NK-monocyte doublets
TGCGGGTAGAAACGAG-1,GARQ,D5,4,40,36,33,0.046545625,MAIT-NKT cells
TGCGGGTAGTCCAGGA-1,GARQ,D5,4,40,36,24,0.04137194,Classical monocytes
TGCGGGTCATATGAGA-1,GARQ,D5,4,40,36,27,0.13853574,CD56dim CD16bright NK
TGCGGGTGTAATAGCA-1,GARQ,D5,4,40,36,27,0.061676383,CD56dim CD16bright NK
TGCGGGTGTAGAGCTG-1,GARQ,D5,4,40,36,27,0.16924906,CD56dim CD16bright NK
TGCGGGTTCGATGAGG-1,GARQ,D5,4,40,36,27,0.17724204,CD56dim CD16bright NK
TGCGTGGAGATTACCC-1,GARQ,D5,4,40,36,24,0.06634414,Neutrophils
TGCGTGGAGTTCCACA-1,GARQ,D5,4,40,36,31,0.25217748,CD56dim CD16bright NK
TGCGTGGCAAGCCATT-1,GARQ,D5,4,40,36,26,0.23255235,T-NK-B cell doublets
TGCGTGGCACGAGGTA-1,GARQ,D5,4,40,36,39,0.0001450777,CD56dim CD16bright NK
TGCGTGGCACTCAGGC-1,GARQ,D5,4,40,36,31,0.20407069,CD56dim CD16bright NK
TGCGTGGCAGGGTATG-1,GARQ,D5,4,40,36,17,0.015576601,NK-T doublets
TGCTACCCAGTTCATG-1,GARQ,D5,4,40,36,8,0.09772754,CD4 memory
TGCTACCGTATTACCG-1,GARQ,D5,4,40,36,27,0.0064622164,CD56dim CD16bright NK
TGCTACCTCAGCGACC-1,GARQ,D5,4,40,36,24,0.00483191,conventional DC
TGCTGCTAGCTCAACT-1,GARQ,D5,4,40,36,26,0.118980706,T-NK-B cell doublets
TGCTGCTGTATATCCG-1,GARQ,D5,4,40,36,24,0.04766667,Platelet-bound monocytes
TGCTGCTGTTATCGGT-1,GARQ,D5,4,40,36,27,0.1697731,CD56dim CD16bright NK
TGCTGCTTCACCTCGT-1,GARQ,D5,4,40,36,11,0.040023923,Platelet-T cell doublets
TGCTGCTTCTCAACTT-1,GARQ,D5,4,40,36,8,0.029401183,CD4 naive I
TGGACGCAGACAGACC-1,GARQ,D5,4,40,36,6,0.018855095,NK-T doublets
TGGACGCAGAGTGACC-1,GARQ,D5,4,40,36,27,0.13404584,CD56dim CD16bright NK
TGGACGCCACGCCAGT-1,GARQ,D5,4,40,36,16,0.07963574,CD56dim CD16bright NK
TGGACGCCAGATCCAT-1,GARQ,D5,4,40,36,27,0.09300661,CD56dim CD16bright NK
TGGACGCGTCGGCACT-1,GARQ,D5,4,40,36,27,0.06485844,CD56dim CD16bright NK
TGGACGCTCGCGATCG-1,GARQ,D5,4,40,36,8,0.06867838,CD4 naive I
TGGCCAGAGACACGAC-1,GARQ,D5,4,40,36,11,0.0032416582,CD56dim CD16bright NK
TGGCCAGAGATATGGT-1,GARQ,D5,4,40,36,3,0.049576044,CD4 memory
TGGCCAGAGCAACGGT-1,GARQ,D5,4,40,36,6,0.0647943,MAIT-NKT cells
TGGCCAGAGGACAGCT-1,GARQ,D5,4,40,36,8,0.024940372,CD4 naive II
TGGCCAGCACGGTTTA-1,GARQ,D5,4,40,36,24,0.020375133,Classical monocytes
TGGCCAGGTCAGAGGT-1,GARQ,D5,4,40,36,8,0.10708177,CD4 memory
TGGCCAGGTTTGGGCC-1,GARQ,D5,4,40,36,6,0.09108341,CD8 effector
TGGCCAGTCTGCCCTA-1,GARQ,D5,4,40,36,33,0.09338951,MAIT-NKT cells
TGGCGCAAGGTGCTTT-1,GARQ,D5,4,40,36,27,0.051805496,CD56dim CD16bright NK
TGGCGCAGTCTAGAGG-1,GARQ,D5,4,40,36,11,0.12545872,CD56dim CD16bright NK
TGGCGCATCAGTCCCT-1,GARQ,D5,4,40,36,24,0.06234622,Classical monocytes
TGGCTGGAGGTGTTAA-1,GARQ,D5,4,40,36,26,0.16785002,Memory B
TGGCTGGAGTCATCCA-1,GARQ,D5,4,40,36,22,0.00661397,T-NK-B cell doublets
TGGCTGGCATACGCTA-1,GARQ,D5,4,40,36,24,0.05591941,Classical monocytes
TGGCTGGGTACAAGTA-1,GARQ,D5,4,40,36,23,0.18750441,Erythroid 
TGGCTGGTCTACTTAC-1,GARQ,D5,4,40,36,11,0.04943025,CD56dim CD16bright NK
TGGGAAGAGGCCCTTG-1,GARQ,D5,4,40,36,6,0.04478109,gdT cells
TGGGAAGCAAATCCGT-1,GARQ,D5,4,40,36,39,0.009623289,CD56dim CD16bright NK
TGGGAAGCATCAGTAC-1,GARQ,D5,4,40,36,8,0.018104672,Regulatory T cells
TGGGCGTAGCACCGTC-1,GARQ,D5,4,40,36,9,0.03186941,CD8 memory
TGGGCGTAGGTCATCT-1,GARQ,D5,4,40,36,8,0.04519081,CD8 naive
TGGGCGTAGTCCCACG-1,GARQ,D5,4,40,36,11,0.032051682,CD56dim CD16bright NK
TGGGCGTCACGTGAGA-1,GARQ,D5,4,40,36,27,0.14162397,CD56dim CD16bright NK
TGGGCGTCACTAGTAC-1,GARQ,D5,4,40,36,6,0.002019763,CD8 effector
TGGGCGTGTCGTGGCT-1,GARQ,D5,4,40,36,27,0.06623161,CD56dim CD16bright NK
TGGGCGTGTTATCCGA-1,GARQ,D5,4,40,36,24,0.009077668,Classical monocytes
TGGGCGTTCTCTGCTG-1,GARQ,D5,4,40,36,27,0.01528275,CD56dim CD16bright NK
TGGTTAGCACGTCAGC-1,GARQ,D5,4,40,36,3,0.019594908,CD4 memory
TGGTTAGGTCGCTTCT-1,GARQ,D5,4,40,36,8,0.0038092136,CD8 naive
TGGTTCCAGACTTTCG-1,GARQ,D5,4,40,36,27,0.03258586,CD56dim CD16bright NK
TGGTTCCAGATCCTGT-1,GARQ,D5,4,40,36,11,0.0065808296,CD56dim CD16bright NK
TGGTTCCAGTAGGTGC-1,GARQ,D5,4,40,36,16,0.033748507,CD56dim CD16bright NK
TGGTTCCCAAACAACA-1,GARQ,D5,4,40,36,9,0.039009333,CD4 naive I
TGTATTCAGTCAATAG-1,GARQ,D5,4,40,36,3,0.048544288,CD8 memory
TGTATTCCACACCGAC-1,GARQ,D5,4,40,36,3,0.01690185,CD8 effector
TGTATTCCACGGTTTA-1,GARQ,D5,4,40,36,24,0.03227198,Neutrophils
TGTATTCGTACGACCC-1,GARQ,D5,4,40,36,7,0.032529593,CD8 effector
TGTATTCGTCTGGTCG-1,GARQ,D5,4,40,36,6,0.02342248,CD8 memory
TGTATTCGTGCAACGA-1,GARQ,D5,4,40,36,28,0.0047463775,Memory B
TGTATTCGTGGTCCGT-1,GARQ,D5,4,40,36,8,0.09486532,CD4 naive I
TGTATTCGTGTAATGA-1,GARQ,D5,4,40,36,6,0.11418402,CD8 effector
TGTCCCAAGCTGTTCA-1,GARQ,D5,4,40,36,24,0.0364784,Neutrophils
TGTCCCAGTGTTGAGG-1,GARQ,D5,4,40,36,16,0.007609725,CD56dim CD16bright NK
TGTCCCATCGACAGCC-1,GARQ,D5,4,40,36,36,0.00892818,CD8 memory
TGTGGTAAGATGTAAC-1,GARQ,D5,4,40,36,22,0.0495106,Neutrophils
TGTGGTAAGTGCGTGA-1,GARQ,D5,4,40,36,26,0.043402195,Memory B
TGTGGTACAAGCTGTT-1,GARQ,D5,4,40,36,8,0.09200907,CD4 memory
TGTGGTACAATGGACG-1,GARQ,D5,4,40,36,8,0.07740748,CD4 memory
TGTGGTAGTCCGAGTC-1,GARQ,D5,4,40,36,26,0.26430464,Naive B
TGTGGTATCCAGGGCT-1,GARQ,D5,4,40,36,8,0.21344113,CD4 memory
TGTGTTTGTACATCCA-1,GARQ,D5,4,40,36,31,0.022321582,CD56dim CD16bright NK
TGTGTTTGTCCCTTGT-1,GARQ,D5,4,40,36,8,0.007448554,CD4 naive I
TGTGTTTGTTAAGACA-1,GARQ,D5,4,40,36,8,0.010882735,CD4 and CD8 activated memory
TGTGTTTTCCGAACGC-1,GARQ,D5,4,40,36,29,0.090685844,NK-T doublets
TGTGTTTTCGACAGCC-1,GARQ,D5,4,40,36,24,0.031031013,Neutrophils
TGTGTTTTCGTACCGG-1,GARQ,D5,4,40,36,27,0.25774288,CD56dim CD16bright NK
TGTTCCGAGCAATCTC-1,GARQ,D5,4,40,36,11,0.07107949,CD56dim CD16bright NK
TGTTCCGAGGCATGGT-1,GARQ,D5,4,40,36,22,0.0036065578,NK-monocyte doublets
TGTTCCGCAAGCGTAG-1,GARQ,D5,4,40,36,16,0.0054802895,CD56dim CD16bright NK
TGTTCCGCAGCTGTGC-1,GARQ,D5,4,40,36,6,0.0027661324,CD8 memory
TGTTCCGGTAAGGGCT-1,GARQ,D5,4,40,36,27,0.10252929,CD56dim CD16bright NK
TGTTCCGGTAGCGTCC-1,GARQ,D5,4,40,36,6,0.0011068583,MAIT-NKT cells
TGTTCCGTCTAACTCT-1,GARQ,D5,4,40,36,32,0.0052518845,CD4 memory
TGTTCCGTCTTAACCT-1,GARQ,D5,4,40,36,16,0.012725592,CD56dim CD16bright NK
TTAACTCAGTCTCCTC-1,GARQ,D5,4,40,36,24,0.076779604,Classical monocytes
TTAACTCCACTAAGTC-1,GARQ,D5,4,40,36,8,0.1850686,CD4 memory
TTAACTCGTGTTTGGT-1,GARQ,D5,4,40,36,9,0.06342697,CD4 naive I
TTAGGACCATGGATGG-1,GARQ,D5,4,40,36,27,0.09189057,CD56dim CD16bright NK
TTAGGACCATGTAGTC-1,GARQ,D5,4,40,36,11,0.038501263,CD56dim CD16bright NK
TTAGGACTCAGGCCCA-1,GARQ,D5,4,40,36,9,0.050368667,CD4 memory
TTAGGACTCGGCGCTA-1,GARQ,D5,4,40,36,22,0.02425003,Neutrophils
TTAGGCACATACGCCG-1,GARQ,D5,4,40,36,31,0.013890028,CD56bright CD16dim NK
TTAGGCATCACCTTAT-1,GARQ,D5,4,40,36,26,0.104248405,Memory B
TTAGGCATCAGGTTCA-1,GARQ,D5,4,40,36,39,0.030090094,NK-T doublets
TTAGGCATCCTTCAAT-1,GARQ,D5,4,40,36,24,0.10402799,Classical monocytes
TTAGGCATCGCGCCAA-1,GARQ,D5,4,40,36,8,0.062209725,CD4 naive I
TTAGGCATCTCGATGA-1,GARQ,D5,4,40,36,8,0.14314413,Regulatory T cells
TTAGTTCGTAATTGGA-1,GARQ,D5,4,40,36,27,0.09782064,conventional DC
TTAGTTCGTACTTCTT-1,GARQ,D5,4,40,36,8,0.07624519,CD4 memory
TTAGTTCGTCAGATAA-1,GARQ,D5,4,40,36,1,0.0010923147,CD8 effector
TTAGTTCGTCAGGACA-1,GARQ,D5,4,40,36,27,0.10517204,CD56dim CD16bright NK
TTATGCTAGCGTGAAC-1,GARQ,D5,4,40,36,27,0.064285636,CD56dim CD16bright NK
TTATGCTAGCTTCGCG-1,GARQ,D5,4,40,36,36,0.026135921,CD4 memory
TTATGCTCAATCCGAT-1,GARQ,D5,4,40,36,8,0.10535455,CD4 naive II
TTATGCTCAGTCAGCC-1,GARQ,D5,4,40,36,11,0.1136533,CD56dim CD16bright NK
TTATGCTGTACTTGAC-1,GARQ,D5,4,40,36,32,0.0072114468,CD4 memory
TTATGCTGTCAAAGCG-1,GARQ,D5,4,40,36,27,0.07062602,CD56dim CD16bright NK
TTATGCTGTCTAGAGG-1,GARQ,D5,4,40,36,10,0.045449972,gdT cells
TTATGCTTCAACTCTT-1,GARQ,D5,4,40,36,27,0.058889985,CD56dim CD16bright NK
TTCCCAGAGAGTGACC-1,GARQ,D5,4,40,36,3,0.13148165,MAIT-NKT cells
TTCCCAGAGCGTTGCC-1,GARQ,D5,4,40,36,9,0.00834775,CD8 naive
TTCCCAGAGGGTTCCC-1,GARQ,D5,4,40,36,24,0.08540571,Classical monocytes
TTCCCAGCATGCAACT-1,GARQ,D5,4,40,36,8,0.084299326,CD4 naive I
TTCCCAGGTATTACCG-1,GARQ,D5,4,40,36,27,0.10967088,CD56dim CD16bright NK
TTCCCAGGTCTCCACT-1,GARQ,D5,4,40,36,24,0.07736015,Platelet-bound monocytes
TTCCCAGGTTAAGGGC-1,GARQ,D5,4,40,36,3,0.032485962,MAIT-NKT cells
TTCCCAGGTTGTTTGG-1,GARQ,D5,4,40,36,24,0.039911985,Neutrophils
TTCCCAGTCATGTCTT-1,GARQ,D5,4,40,36,8,0.0756824,CD4 memory
TTCGAAGAGCAGCCTC-1,GARQ,D5,4,40,36,8,0.17936301,CD4 memory
TTCGAAGAGTAACCCT-1,GARQ,D5,4,40,36,6,0.018746614,CD8 effector
TTCGAAGAGTTACGGG-1,GARQ,D5,4,40,36,3,0.020587921,CD8 memory
TTCGAAGGTAAATGAC-1,GARQ,D5,4,40,36,8,0.07640576,CD4 and CD8 activated memory
TTCGAAGTCATAAAGG-1,GARQ,D5,4,40,36,6,0.04422629,gdT cells
TTCGAAGTCATGCTCC-1,GARQ,D5,4,40,36,31,0.049337506,CD56dim CD16bright NK
TTCGAAGTCTGCCAGG-1,GARQ,D5,4,40,36,27,0.07273066,CD56dim CD16bright NK
TTCGGTCGTACTTCTT-1,GARQ,D5,4,40,36,9,0.010757923,CD4 memory
TTCGGTCGTGAGCGAT-1,GARQ,D5,4,40,36,10,0.037687898,CD8 effector
TTCGGTCGTTACTGAC-1,GARQ,D5,4,40,36,6,0.00929594,CD56bright CD16dim NK
TTCGGTCTCAGCTCTC-1,GARQ,D5,4,40,36,27,0.08226621,CD56dim CD16bright NK
TTCTACAGTCTTGATG-1,GARQ,D5,4,40,36,26,0.06801462,Naive B
TTCTACATCCTGTACC-1,GARQ,D5,4,40,36,26,0.06520891,Naive B
TTCTCAACAATGAATG-1,GARQ,D5,4,40,36,8,0.042233467,CD4 naive II
TTCTCAACACAGGAGT-1,GARQ,D5,4,40,36,8,0.061904073,CD4 memory
TTCTCAACACCTATCC-1,GARQ,D5,4,40,36,36,0.00071787834,CD4 naive I
TTCTCAACACTGCCAG-1,GARQ,D5,4,40,36,9,0.026548743,CD4 naive I
TTCTCAATCCGCATAA-1,GARQ,D5,4,40,36,27,0.18321168,CD56dim CD16bright NK
TTCTCCTAGCCACTAT-1,GARQ,D5,4,40,36,39,0.00450778,gdT cells
TTCTCCTAGGTAGCTG-1,GARQ,D5,4,40,36,39,0.019114733,NK-T doublets
TTCTCCTAGTACGTAA-1,GARQ,D5,4,40,36,8,0.0074293613,CD8 naive
TTCTCCTAGTCCATAC-1,GARQ,D5,4,40,36,6,0.028494835,CD8 effector
TTCTCCTTCATGTCCC-1,GARQ,D5,4,40,36,33,0.08369291,CD8 effector
TTCTCCTTCTGGCGTG-1,GARQ,D5,4,40,36,27,0.09447801,CD56dim CD16bright NK
TTCTTAGAGCCCAGCT-1,GARQ,D5,4,40,36,24,0.066640854,Classical monocytes
TTCTTAGCACGCGAAA-1,GARQ,D5,4,40,36,22,0.0019745827,Classical monocytes
TTCTTAGCAGAGTGTG-1,GARQ,D5,4,40,36,8,0.047256112,CD4 memory
TTCTTAGCATGCATGT-1,GARQ,D5,4,40,36,33,0.08362627,MAIT-NKT cells
TTGAACGAGTACCGGA-1,GARQ,D5,4,40,36,26,0.25458825,Naive B
TTGAACGGTACACCGC-1,GARQ,D5,4,40,36,33,0.015658379,CD8 memory
TTGAACGTCGAATGCT-1,GARQ,D5,4,40,36,8,0.076274276,CD4 memory
TTGACTTAGCGTGTCC-1,GARQ,D5,4,40,36,10,0.016542315,CD8 effector
TTGACTTGTACAGTTC-1,GARQ,D5,4,40,36,24,0.07201791,Platelet-bound monocytes
TTGACTTGTACCTACA-1,GARQ,D5,4,40,36,6,0.019925117,MAIT-NKT cells
TTGACTTGTGCGATAG-1,GARQ,D5,4,40,36,34,0.102036715,Naive B
TTGACTTTCCCATTAT-1,GARQ,D5,4,40,36,24,0.020949602,Classical monocytes
TTGCCGTAGGCGTACA-1,GARQ,D5,4,40,36,9,0.008477211,CD4 naive I
TTGCCGTCAAGGGTCA-1,GARQ,D5,4,40,36,34,0.033880472,Naive B
TTGCCGTGTCTTGCGG-1,GARQ,D5,4,40,36,9,0.055430412,CD8 memory
TTGCCGTGTTGGGACA-1,GARQ,D5,4,40,36,8,0.12354207,CD8 naive
TTGCGTCAGTCCAGGA-1,GARQ,D5,4,40,36,6,0.1083287,gdT cells
TTGCGTCCAATCACAC-1,GARQ,D5,4,40,36,10,0.029276371,gdT cells
TTGCGTCTCAACCAAC-1,GARQ,D5,4,40,36,33,0.018893957,MAIT-NKT cells
TTGCGTCTCCAATGGT-1,GARQ,D5,4,40,36,27,0.024746418,CD56dim CD16bright NK
TTGCGTCTCGGATGTT-1,GARQ,D5,4,40,36,6,0.020534992,NK-T doublets
TTGGAACAGGTAAACT-1,GARQ,D5,4,40,36,10,0.0223037,CD56dim CD16bright NK
TTGGAACAGTGGGATC-1,GARQ,D5,4,40,36,9,0.062153578,CD4 memory
TTGGAACCATTGGGCC-1,GARQ,D5,4,40,36,27,0.118148446,CD56dim CD16bright NK
TTGGAACTCATCTGTT-1,GARQ,D5,4,40,36,8,0.013288498,CD8 naive
TTGGAACTCTTGTCAT-1,GARQ,D5,4,40,36,9,0.030643463,CD4 naive I
TTGGCAACATCATCCC-1,GARQ,D5,4,40,36,24,0.0690124,Classical monocytes
TTGGCAAGTCTAGCGC-1,GARQ,D5,4,40,36,8,0.17383528,CD4 memory
TTGGCAAGTTTACTCT-1,GARQ,D5,4,40,36,8,0.079550624,CD4 naive I
TTGGCAATCCACTGGG-1,GARQ,D5,4,40,36,27,0.08684373,CD56dim CD16bright NK
TTGGCAATCTGATTCT-1,GARQ,D5,4,40,36,6,0.06882012,CD8 effector
TTGTAGGAGTTCGCAT-1,GARQ,D5,4,40,36,27,0.15308857,CD56dim CD16bright NK
TTGTAGGTCACATAGC-1,GARQ,D5,4,40,36,24,0.073693395,Neutrophils
TTGTAGGTCAGTACGT-1,GARQ,D5,4,40,36,11,0.012148738,CD56dim CD16bright NK
TTGTAGGTCCTTCAAT-1,GARQ,D5,4,40,36,22,0.026018739,Classical monocytes
TTGTAGGTCGCTTGTC-1,GARQ,D5,4,40,36,27,0.15116084,CD56dim CD16bright NK
TTTACTGAGGGTATCG-1,GARQ,D5,4,40,36,33,0.050403118,MAIT-NKT cells
TTTACTGCATGGTCAT-1,GARQ,D5,4,40,36,6,0.036585808,MAIT-NKT cells
TTTACTGTCTGCAGTA-1,GARQ,D5,4,40,36,8,0.09470487,CD4 naive I
TTTATGCAGGTACTCT-1,GARQ,D5,4,40,36,6,0.06853318,CD8 effector
TTTATGCGTAGCCTCG-1,GARQ,D5,4,40,36,26,0.07052791,Naive B
TTTATGCTCCAGATCA-1,GARQ,D5,4,40,36,8,0.13855338,CD4 naive I
TTTCCTCCAGGACCCT-1,GARQ,D5,4,40,36,24,0.047832727,Platelet-bound monocytes
TTTCCTCCATTACCTT-1,GARQ,D5,4,40,36,24,0.0056083202,Classical monocytes
TTTCCTCGTACTCTCC-1,GARQ,D5,4,40,36,27,0.090018034,CD56dim CD16bright NK
TTTGCGCAGATAGCAT-1,GARQ,D5,4,40,36,24,0.06821549,Neutrophils
TTTGCGCCAACTGCGC-1,GARQ,D5,4,40,36,26,0.21118152,T-NK-B cell doublets
TTTGCGCCACACCGCA-1,GARQ,D5,4,40,36,10,0.021009922,CD8 memory
TTTGCGCCACCTTGTC-1,GARQ,D5,4,40,36,32,0.016427636,CD4 naive I
TTTGCGCCATATGCTG-1,GARQ,D5,4,40,36,27,0.0032984018,CD56dim CD16bright NK
TTTGCGCCATCTATGG-1,GARQ,D5,4,40,36,36,0.038133025,CD4 and CD8 activated memory
TTTGCGCTCATAAAGG-1,GARQ,D5,4,40,36,34,0.12070596,conventional DC
TTTGCGCTCTGGTTCC-1,GARQ,D5,4,40,36,24,0.13313127,Classical monocytes
TTTGGTTAGCGAAGGG-1,GARQ,D5,4,40,36,6,0.032518268,gdT cells
TTTGGTTAGCTAGGCA-1,GARQ,D5,4,40,36,27,0.16472876,CD56dim CD16bright NK
TTTGGTTAGGATGCGT-1,GARQ,D5,4,40,36,24,0.056653023,Platelet-bound monocytes
TTTGGTTGTCATATCG-1,GARQ,D5,4,40,36,8,0.11636865,Regulatory T cells
TTTGTCACAAGGTGTG-1,GARQ,D5,4,40,36,9,0.04345441,CD8 naive
TTTGTCACACCATCCT-1,GARQ,D5,4,40,36,24,0.055663586,Classical monocytes
TTTGTCAGTAAGTGTA-1,GARQ,D5,4,40,36,8,0.13693321,CD8 naive
TTTGTCATCCAAGTAC-1,GARQ,D5,4,40,36,26,0.20237434,Naive B
