cell_id,method,dataset,seed,requested_K,realized_K,metacell_id,delta_confidence,cell_type
GCAAACTTCTCATCAT-6,GARQ,D18,0,40,40,23,0.16866446,B.Naive
TGGTTGAGTAATCGTG-6,GARQ,D18,0,40,40,23,0.085555434,B.Naive
AGGTATTGTACCGAAC-6,GARQ,D18,0,40,40,21,0.017101586,Mono.CD14
TTAAGGTGTTAAGCGC-6,GARQ,D18,0,40,40,0,0.0070238113,T.CD4.Memory
TGAAGGATCTACCTGC-6,GARQ,D18,0,40,40,34,0.11410856,T.CD8.Naive
GCACTAAGTACTGAAT-6,GARQ,D18,0,40,40,23,0.15136826,B.Naive
CATAGCTAGATAACCC-6,GARQ,D18,0,40,40,6,0.08069599,Mono.CD14
TTGCTTTAGTTAGGCT-6,GARQ,D18,0,40,40,6,0.062111974,Mono.CD14
GAACCAAAGTCCTGAG-6,GARQ,D18,0,40,40,6,0.084699154,Mono.CD14
TATGGTCAGCTATTAG-6,GARQ,D18,0,40,40,6,0.06364465,Mono.CD14
TCAGCAAGTGACCTGG-6,GARQ,D18,0,40,40,23,0.086961746,B.Naive
TGGCCTTTCTGGCAAT-6,GARQ,D18,0,40,40,1,0.07950771,T.CD8.Effector
TCTTAGTTCATGAAGG-6,GARQ,D18,0,40,40,4,0.17163014,T.CD4.Memory
CGTTGCGCACCAGGTT-6,GARQ,D18,0,40,40,20,0.028860986,T.CD4.Memory
CTGACCAAGGCCCAGT-6,GARQ,D18,0,40,40,23,0.10306966,B.Naive
AGAAGGTGTTTGCAGA-6,GARQ,D18,0,40,40,20,0.13936484,T.CD4.Memory
TACCGCAAGGTCAAAG-6,GARQ,D18,0,40,40,29,0.025667727,T.CD4.Memory
TCATTGCGTAATCCCT-6,GARQ,D18,0,40,40,6,0.022893667,Mono.CD14
AATCATGTCCTAAATG-6,GARQ,D18,0,40,40,23,0.044985175,B.Naive
TCCTTAGTCGTGCTTC-6,GARQ,D18,0,40,40,23,0.14984465,B.Naive
CGTTATTTCCCGAACA-6,GARQ,D18,0,40,40,6,0.06503153,Mono.CD14
AATTGGACATAGACTT-6,GARQ,D18,0,40,40,34,0.04053712,T.CD4.Memory
AGCCTCCGTTACCGGG-6,GARQ,D18,0,40,40,4,0.08599067,T.CD4.Memory
CCTAATAAGCACGTTG-6,GARQ,D18,0,40,40,6,0.05343783,Mono.CD14
TTTGTGAAGGTCCACA-6,GARQ,D18,0,40,40,34,0.38177443,T.CD4.Naive
GGGATTAAGGGCTTTG-6,GARQ,D18,0,40,40,6,0.033473372,Mono.CD14
TCCCGTTAGTTCCTCA-6,GARQ,D18,0,40,40,21,0.005968213,Mono.CD14
GAACCAAAGAATCTCA-6,GARQ,D18,0,40,40,21,0.031540513,Mono.CD14
GGACGAAGTTTGGCGG-6,GARQ,D18,0,40,40,34,0.009551406,T.CD4.Memory
GCCACTAAGTTAGAGG-6,GARQ,D18,0,40,40,6,0.0988071,Mono.CD14
GGTCCGTAGTAAGGGC-6,GARQ,D18,0,40,40,26,0.023548007,B.Naive
GAAACTGAGAGGAGGA-6,GARQ,D18,0,40,40,6,0.027669907,Mono.CD14
AACCGCTCATTGTCAG-6,GARQ,D18,0,40,40,32,0.037515283,Mono.CD14
TTGCTCTCAAGGTACG-6,GARQ,D18,0,40,40,21,0.03609419,Mono.CD14
CTTTGGGAGGCTAATC-6,GARQ,D18,0,40,40,23,0.0909915,B.Naive
GGTTTGTAGTCAATTG-6,GARQ,D18,0,40,40,23,0.13166189,B.Naive
TCCTCAATCATGCTCC-6,GARQ,D18,0,40,40,34,0.24189031,T.CD4.Naive
GGTAAACCAAGATTCT-6,GARQ,D18,0,40,40,6,0.03217137,Mono.CD14
CTGCTATGTACGGTAC-6,GARQ,D18,0,40,40,4,0.10826647,T.CD4.Memory
TGCAGGCTCCCTCAAC-6,GARQ,D18,0,40,40,4,0.24854422,T.CD8.Effector
CGTTAACAGGGTCTAT-6,GARQ,D18,0,40,40,23,0.12954783,B.Naive
AGGCCCAGTAGTTAAC-6,GARQ,D18,0,40,40,21,0.017757297,Mono.CD14
CAGGCTATCTAACCTT-6,GARQ,D18,0,40,40,23,0.1092906,B.Naive
CATAGTCAGGGTGAAC-6,GARQ,D18,0,40,40,23,0.3080945,B.Naive
GTACTGGTCCAAACAC-6,GARQ,D18,0,40,40,6,0.061891556,Mono.CD14
CGAAGTAAGGAACCAA-6,GARQ,D18,0,40,40,6,0.17571378,Mono.CD14
CGGTAACGTTTATGGG-6,GARQ,D18,0,40,40,21,0.003620267,Mono.CD14
AGGTCATTCAATGTCA-6,GARQ,D18,0,40,40,6,0.03277564,Mono.CD14
GCTAGTGTCATTACGA-6,GARQ,D18,0,40,40,21,0.0072077513,Mono.CD14
AGGGTTGCACATAACT-6,GARQ,D18,0,40,40,6,0.07391751,Mono.CD14
CGTTAGTAGGTCAAAG-6,GARQ,D18,0,40,40,6,0.11430752,Mono.CD14
TCCAGGTCAGCAATAA-6,GARQ,D18,0,40,40,4,0.053592205,T.CD4.Memory
TGTCCTTCAGATTCAT-6,GARQ,D18,0,40,40,23,0.18224442,B.Naive
CGTAGCGGTGTGAGAG-6,GARQ,D18,0,40,40,37,0.24820554,NK
GGAACCTGTTTACCGT-6,GARQ,D18,0,40,40,23,0.13454199,B.Naive
AGGATCCGTAACGGGA-6,GARQ,D18,0,40,40,23,0.06450963,B.Naive
GTCGGTTCAATGCCTA-6,GARQ,D18,0,40,40,23,0.14362514,B.Naive
GAGTAATAGAGAGCCG-6,GARQ,D18,0,40,40,6,0.06845486,Mono.CD14
AGCGTGCTCCTAAGAC-6,GARQ,D18,0,40,40,23,0.14278376,B.Naive
CCAGCTGCAATATGGA-6,GARQ,D18,0,40,40,23,0.35095596,B.Naive
TTGTGCCTCGTTACAA-6,GARQ,D18,0,40,40,6,0.19625378,Mono.CD14
ACCTTCCAGGTTAGCT-6,GARQ,D18,0,40,40,6,0.12977123,Mono.CD14
TAATTGCCACAAAGGT-6,GARQ,D18,0,40,40,23,0.05695522,B.Naive
GTTGCGGGTAACCTAG-6,GARQ,D18,0,40,40,23,0.09819198,B.Naive
GAGCAAGGTCCACAAA-6,GARQ,D18,0,40,40,6,0.048082113,Mono.CD14
GCTAAGTTCAATCATG-6,GARQ,D18,0,40,40,16,0.021482706,Mono.CD14
CTAAGTCAGGACACTT-6,GARQ,D18,0,40,40,36,0.16389215,T.CD4.Memory
AATGAAGGTAATAGCT-6,GARQ,D18,0,40,40,6,0.01771903,Mono.CD14
CGAAGCGAGGGATGAC-6,GARQ,D18,0,40,40,37,0.035455108,T.CD8.Effector
CAGCTATAGGAAGCTA-6,GARQ,D18,0,40,40,6,0.11639166,Mono.CD14
GCGCGATTCCATAATG-6,GARQ,D18,0,40,40,32,0.02307713,Mono.CD14
GATTGCGTCGTTACTT-6,GARQ,D18,0,40,40,23,0.22124487,B.Naive
TGCTCACTCAAATCGC-6,GARQ,D18,0,40,40,23,0.15514112,B.Naive
CCACAGGGTTTAACCC-6,GARQ,D18,0,40,40,9,0.011693001,T.CD8.Effector
TTCATTCAGCTTAGCG-6,GARQ,D18,0,40,40,23,0.08593297,B.Naive
GGAGTGAGTCAGGAAG-6,GARQ,D18,0,40,40,4,0.052333236,T.CD8.Effector
TCTATGTTCCTTCGTA-6,GARQ,D18,0,40,40,23,0.17991793,B.Naive
GTAAGGTCAGCATGGA-6,GARQ,D18,0,40,40,6,0.0073423386,Mono.CD14
TTAAGTGTCACCATTT-6,GARQ,D18,0,40,40,32,0.01395762,Mono.CD14
ATGAGCCGTAGACAAA-6,GARQ,D18,0,40,40,6,0.079597235,Mono.CD14
TGACCAAGTTTCCGGC-6,GARQ,D18,0,40,40,6,0.015417218,Mono.CD14
GCATATATCTCGCCTG-6,GARQ,D18,0,40,40,21,0.037523746,Mono.CD14
TTCAGGTAGCCGCTAA-6,GARQ,D18,0,40,40,23,0.35413778,B.Naive
AGAGAGGAGCTGGACC-6,GARQ,D18,0,40,40,23,0.16440547,B.Naive
GGCTCACAGGTGAGAC-6,GARQ,D18,0,40,40,21,0.068897724,Mono.CD14
AACTACTCATTAAAGG-6,GARQ,D18,0,40,40,4,0.00096976757,T.CD8.Effector
CAACCCGCACCTATAG-6,GARQ,D18,0,40,40,23,0.13103771,B.Naive
TGCTTGCTCCACCCTG-6,GARQ,D18,0,40,40,23,0.15048814,B.Naive
GGACGGATCACCGGTA-6,GARQ,D18,0,40,40,6,0.12935543,Mono.CD14
GGCTATTAGTGCTGTG-6,GARQ,D18,0,40,40,23,0.118210316,B.Naive
AGTAAGTAGTATCGCG-6,GARQ,D18,0,40,40,6,0.06506586,Mono.CD14
CCTATATTCGTTACTT-6,GARQ,D18,0,40,40,1,0.07357359,T.CD8.Effector
ACTAATCCATAATGTC-6,GARQ,D18,0,40,40,21,0.024681807,Mono.CD14
TATTAGGTCTCACATT-6,GARQ,D18,0,40,40,23,0.187909,B.Naive
CCAGGAACAATCATGT-6,GARQ,D18,0,40,40,0,0.0027796626,T.CD8.Effector
AAGCCTTAGTAGCTTA-6,GARQ,D18,0,40,40,4,0.041081905,T.CD8.Effector
TAGGCTTAGTGGACAA-6,GARQ,D18,0,40,40,16,0.015874147,Mono.CD14
TATGACATCACACAGT-6,GARQ,D18,0,40,40,23,0.16130924,B.Naive
CCCAATTGTGAGCGAA-6,GARQ,D18,0,40,40,23,0.15436518,B.Naive
CCTGTATGTCTCAGCC-6,GARQ,D18,0,40,40,21,0.01622343,Mono.CD14
GGAACAATCAACCAAC-6,GARQ,D18,0,40,40,23,0.2308451,B.Naive
ACCTAAATCCACCTGT-6,GARQ,D18,0,40,40,23,0.24589682,B.Naive
ATTGCACAGCTTCTCA-6,GARQ,D18,0,40,40,23,0.1487807,B.Naive
ACTTACTTCCAGCACA-6,GARQ,D18,0,40,40,0,0.08018947,T.CD8.Effector
CTATTGAAGCGAAGTA-6,GARQ,D18,0,40,40,23,0.36844373,B.Naive
AACCTCCTCAAGCTTA-6,GARQ,D18,0,40,40,20,0.066981435,T.CD8.Naive
TCATACTTCAGGAAGC-6,GARQ,D18,0,40,40,23,0.11083007,B.Naive
GTTGGCCAGGCCGGAA-6,GARQ,D18,0,40,40,9,0.042860568,T.CD8.Effector
GGTTGAGCATTAGGTT-6,GARQ,D18,0,40,40,23,0.10108054,B.Naive
TGGCGGTTCTTGGACG-6,GARQ,D18,0,40,40,23,0.07113063,B.Naive
GGTCTTTGTTACTAGG-6,GARQ,D18,0,40,40,6,0.096464634,Mono.CD14
GCATTAGGTGCTGGTG-6,GARQ,D18,0,40,40,4,0.14088428,T.CD4.Memory
GTTCCTTCACAGACTC-6,GARQ,D18,0,40,40,23,0.065829515,B.Naive
CACGCAATCTAGCGAT-6,GARQ,D18,0,40,40,4,0.027763426,T.CD8.Effector
AGTTATGTCACAGGAA-6,GARQ,D18,0,40,40,23,0.3657937,B.Naive
AGCACTAGTTGTTGTC-6,GARQ,D18,0,40,40,23,0.27769017,B.Naive
CTCCATCAGTTAGCCG-6,GARQ,D18,0,40,40,31,0.020862758,T.CD4.Naive
CAATGTGGTTGTTGTC-6,GARQ,D18,0,40,40,6,0.08836293,Mono.CD14
CCGCTAGCAGCATGTC-6,GARQ,D18,0,40,40,23,0.008143902,B.Naive
CTCACAACAGAACCGA-6,GARQ,D18,0,40,40,21,0.10531163,Mono.CD14
GAGGTGAGTTAGAGGG-6,GARQ,D18,0,40,40,23,0.18642521,B.Naive
TTAGACTCAGTTAAAG-6,GARQ,D18,0,40,40,4,0.08203423,T.CD4.Memory
TACTGAGGTCAAGTGC-6,GARQ,D18,0,40,40,21,0.009915829,Mono.CD14
CAGCAAGCAGGCATGA-6,GARQ,D18,0,40,40,23,0.2405026,B.Naive
CAGCCAATCTCGACCT-6,GARQ,D18,0,40,40,23,0.44363523,B.Naive
TTGTTTGGTGCGCGTA-6,GARQ,D18,0,40,40,26,0.019060016,B.Activated
GTTTCAGCATTAAGTC-6,GARQ,D18,0,40,40,20,0.030080795,T.CD4.Naive
ATTTGCAAGCCTTAAA-6,GARQ,D18,0,40,40,37,0.37387437,NK
GAAGTGATCGCACACA-6,GARQ,D18,0,40,40,23,0.066811085,B.Naive
CAAACCGTCCTCCCTC-6,GARQ,D18,0,40,40,23,0.12806177,B.Naive
CATTTGTTCAAGCCTG-6,GARQ,D18,0,40,40,23,0.08115113,B.Naive
CATCATAAGCCTGTTC-6,GARQ,D18,0,40,40,30,0.035809755,T.CD4.Naive
CTAATCTTCATGGTGT-6,GARQ,D18,0,40,40,4,0.038026154,T.CD8.Effector
GGCGTTATCTCAATTC-6,GARQ,D18,0,40,40,37,0.2505002,NK
AAGGAAGCAGGTATTT-6,GARQ,D18,0,40,40,6,0.035108924,Mono.CD14
AGGTTTATCCTAATGA-6,GARQ,D18,0,40,40,4,0.052463174,T.CD4.Memory
GCGATTTAGCCACAAT-6,GARQ,D18,0,40,40,21,0.08624232,Mono.CD16
GAACTTATCGCAGGCT-6,GARQ,D18,0,40,40,23,0.21863294,B.Naive
CCAGGATGTCAAACTG-6,GARQ,D18,0,40,40,1,0.07976067,T.CD8.Effector
GCTAGCCAGTCATTTC-6,GARQ,D18,0,40,40,6,0.10161018,Mono.CD14
AGGGCTACACAGCCTG-6,GARQ,D18,0,40,40,20,0.12421489,T.CD4.Memory
AAGTCTATCATAGACC-6,GARQ,D18,0,40,40,23,0.08665669,B.Naive
TATGGTCAGCATCCAG-6,GARQ,D18,0,40,40,37,0.25855827,NK
CAAGGGAGTTTCCTCC-6,GARQ,D18,0,40,40,18,0.028613687,T.CD8.Naive
TGATTGCAGCCGCTAA-6,GARQ,D18,0,40,40,6,0.08335471,Mono.CD14
ACCATAATCGTGCCTT-6,GARQ,D18,0,40,40,18,0.017382562,T.CD4.Naive
GGTGAGGTCTTCAATC-6,GARQ,D18,0,40,40,23,0.13305771,B.Naive
TGTAACTCATAGACTT-6,GARQ,D18,0,40,40,9,0.043120563,T.CD4.Memory
TACCTGCTCCTTCGTA-6,GARQ,D18,0,40,40,23,0.24236321,B.Naive
TAGGTTGGTGTTTGAG-6,GARQ,D18,0,40,40,20,0.09287834,T.CD4.Memory
ACAGTATGTAAGCTCA-6,GARQ,D18,0,40,40,23,0.3074088,B.Naive
CAGGACACAGTAAAGC-6,GARQ,D18,0,40,40,23,0.29549718,B.Naive
GCTTCGCGTTTGGGCG-6,GARQ,D18,0,40,40,4,0.009293914,T.CD8.Effector
CCAAACTAGTAACGAG-6,GARQ,D18,0,40,40,0,0.034682214,T.CD4.Memory
CTCATGCTCCTAATGA-6,GARQ,D18,0,40,40,6,0.16498649,Mono.CD14
AACGCCCAGGCTTAAC-6,GARQ,D18,0,40,40,4,0.1247319,T.CD4.Memory
GTTAAACGTGATTACG-6,GARQ,D18,0,40,40,23,0.06003833,B.Naive
TTAAGGACACAACCTA-6,GARQ,D18,0,40,40,34,0.13495827,T.CD4.Naive
TACCTGCTCACCATTT-6,GARQ,D18,0,40,40,23,0.43043017,B.Naive
CGATTATCAATTTGGT-6,GARQ,D18,0,40,40,4,0.049226165,T.CD4.Memory
GCCTTTATCATGCGTG-6,GARQ,D18,0,40,40,23,0.14827132,B.Naive
CAATGTCAGTTGGGCC-6,GARQ,D18,0,40,40,21,0.07256639,Mono.CD14
ACGAAGTCATAGACCC-6,GARQ,D18,0,40,40,23,0.10797906,B.Naive
CCCAGTTTCATCCACC-6,GARQ,D18,0,40,40,6,0.022321224,Mono.CD14
TGTCATAAGGTACCGC-6,GARQ,D18,0,40,40,4,0.10339987,T.CD8.Effector
CTGTTGGAGCGAAGTA-6,GARQ,D18,0,40,40,23,0.14945614,B.Naive
CAGGTCCAGGCATTGT-6,GARQ,D18,0,40,40,23,0.16450751,B.Naive
CAGGCTATCCTCCATA-6,GARQ,D18,0,40,40,20,0.016184092,T.CD4.Naive
GATAAAGGTTTGTGGA-6,GARQ,D18,0,40,40,20,0.13882303,T.CD4.Memory
GCGCCTTGTGCTCCGT-6,GARQ,D18,0,40,40,27,0.009484768,T.CD4.Naive
CTAATCCGTGCTCCAC-6,GARQ,D18,0,40,40,23,0.30524325,B.Naive
GCGAAGCCACAATGCC-6,GARQ,D18,0,40,40,23,0.12803674,B.Activated
TCCTTCAAGAGAGCCG-6,GARQ,D18,0,40,40,18,0.061808765,T.CD4.Memory
AGCAAGGGTTACATCC-6,GARQ,D18,0,40,40,20,0.03707111,T.CD8.Naive
ATTCGTTTCGCTCCAT-6,GARQ,D18,0,40,40,23,0.26911592,B.Naive
TTCATCCCATTGTGCA-6,GARQ,D18,0,40,40,18,0.04977417,T.CD4.Naive
GGCGGTTTCATCAGTA-6,GARQ,D18,0,40,40,23,0.16116762,B.Naive
AAACCGGCATTCCTGT-6,GARQ,D18,0,40,40,23,0.14713371,B.Naive
AATTGACGTCGAAGTC-6,GARQ,D18,0,40,40,23,0.13237798,B.Naive
TCAAGGTTCATTTGCT-6,GARQ,D18,0,40,40,21,0.0018535852,Mono.CD14
ATCCTCATCTCACTCA-6,GARQ,D18,0,40,40,23,0.14185357,B.Naive
TCGTGCTTCACTAAGC-6,GARQ,D18,0,40,40,18,0.031015277,T.CD4.Memory
GCATTGCCAAGACTCC-6,GARQ,D18,0,40,40,18,0.044341803,T.CD4.Naive
TTAGCAGGTGAAACAA-6,GARQ,D18,0,40,40,23,0.10315788,B.Naive
AATCCTAAGCTCGCTT-6,GARQ,D18,0,40,40,18,0.06212294,T.CD4.Naive
TCAGCCTTCAATCTAG-6,GARQ,D18,0,40,40,21,0.01712513,Mono.CD14
AAGCGCTGTAGCCTCC-6,GARQ,D18,0,40,40,1,0.0034248233,T.CD4.Memory
TCCGGTTTCAAAGGCA-6,GARQ,D18,0,40,40,0,0.008552074,T.CD4.Memory
GTGTTCCTCTTGCAAA-6,GARQ,D18,0,40,40,21,0.013350487,Mono.CD14
ATATGTCCAAACTAAG-6,GARQ,D18,0,40,40,28,0.002475381,T.CD4.Memory
CAAACACTCCGCAACA-6,GARQ,D18,0,40,40,23,0.14779973,B.Naive
ATTGTGATCATTGACA-6,GARQ,D18,0,40,40,6,0.0031301975,Mono.CD14
TTCGTGCTCAATTACG-6,GARQ,D18,0,40,40,0,0.07887936,T.CD4.Memory
GGTTAGCGTTAAGTGT-6,GARQ,D18,0,40,40,23,0.115697384,B.Naive
AGTTGCAGTCTATCGT-6,GARQ,D18,0,40,40,20,0.037882328,T.CD4.Memory
AATGGCGCACAGGATG-6,GARQ,D18,0,40,40,23,0.20369649,B.Naive
TGAAGTGAGTCAATTG-6,GARQ,D18,0,40,40,9,0.11906785,T.CD4.Memory
AGAGAGGAGAGGCTAA-6,GARQ,D18,0,40,40,38,0.064411044,NK
ATGTTTGAGCTCAAAC-6,GARQ,D18,0,40,40,4,0.08155954,T.CD4.Memory
AACTAGCTCGAGCAAA-6,GARQ,D18,0,40,40,9,0.001644969,T.CD8.Effector
ATTCAACCAATTAACC-6,GARQ,D18,0,40,40,24,0.026738763,T.CD4.Naive
GCCTTAACACCATATG-6,GARQ,D18,0,40,40,4,0.012093306,T.CD8.Effector
TAGCTAGGTTTGGTTC-6,GARQ,D18,0,40,40,33,0.026450396,T.CD4.Naive
TGAGTTTCAGATTCAT-6,GARQ,D18,0,40,40,34,0.11113918,T.CD4.Naive
CTGTTCATCCAGGTTG-6,GARQ,D18,0,40,40,10,0.014481068,T.CD4.Naive
GGTACCGGTTCCGGCT-6,GARQ,D18,0,40,40,11,0.035137296,T.CD8.Effector
GTGAGGAGTTGTCATC-6,GARQ,D18,0,40,40,37,0.018841505,T.CD8.Effector
AAGCGAGGTGATCAGC-6,GARQ,D18,0,40,40,34,0.051136553,T.CD4.Naive
AGTGCGGAGGGATGAC-6,GARQ,D18,0,40,40,4,0.10430145,T.CD8.Effector
AGCGCTCAGGAACCGG-6,GARQ,D18,0,40,40,20,0.1039021,T.CD4.Memory
GTTGCTGAGACAAGTG-6,GARQ,D18,0,40,40,21,0.10320979,Mono.CD16
CGCAATAGTCCAAATG-6,GARQ,D18,0,40,40,23,0.13314807,B.Naive
GACTCACCAGGAACTG-6,GARQ,D18,0,40,40,9,0.026906967,T.CD4.Memory
GGTCATTAGGAGCAAC-6,GARQ,D18,0,40,40,27,0.071101785,T.CD4.Naive
ATCACACAGGAGGTTA-6,GARQ,D18,0,40,40,18,0.02903974,T.CD4.Memory
TCCTGTTCAAATTCGT-6,GARQ,D18,0,40,40,18,0.080693245,T.CD4.Naive
AACCTAATCATTGCGG-6,GARQ,D18,0,40,40,37,0.50158656,NK
CTATGAGGTGCAATGC-6,GARQ,D18,0,40,40,20,0.057587504,T.CD4.Memory
ACCAAACTCGGTTACG-6,GARQ,D18,0,40,40,8,0.022496939,T.CD4.Memory
GCGCTTAAGAGGAGGA-6,GARQ,D18,0,40,40,9,0.11744827,T.CD4.Memory
GCTTAAATCTTTGAGA-6,GARQ,D18,0,40,40,20,0.032220125,T.CD4.Naive
ATTAGTCCATTGTGGC-6,GARQ,D18,0,40,40,27,0.011798441,T.CD8.Naive
CACTTTGTCACAAGCT-6,GARQ,D18,0,40,40,4,0.08184326,T.CD4.Memory
CGTTTCTCACAATGCC-6,GARQ,D18,0,40,40,23,0.15855432,B.Naive
TTCAGTTTCTGCAAGT-6,GARQ,D18,0,40,40,4,0.05955082,T.CD4.Memory
GCAATCTAGTTGGCCA-6,GARQ,D18,0,40,40,20,0.0041844845,T.CD4.Naive
GCTAGTGTCTAAGTCA-6,GARQ,D18,0,40,40,18,0.11159468,T.CD4.Naive
AATTCGTCATCTTGAG-6,GARQ,D18,0,40,40,4,0.070213616,T.CD8.Effector
CAAAGTGAGTTGCGTG-6,GARQ,D18,0,40,40,22,0.008715868,T.CD4.Memory
GGTTTCTGTAGCTGGT-6,GARQ,D18,0,40,40,23,0.19498062,B.Naive
ATGGTGCGTCAATAGT-6,GARQ,D18,0,40,40,4,0.012107909,T.CD8.Effector
AGATGCTTCCGTTAAA-6,GARQ,D18,0,40,40,23,0.13781118,B.Naive
TCACGGATCCGCTAGA-6,GARQ,D18,0,40,40,23,0.017288923,B.Naive
TAGTCAATCTCTAGCC-6,GARQ,D18,0,40,40,18,0.03769213,T.CD4.Memory
AATTTGCCACGAATTT-6,GARQ,D18,0,40,40,5,0.0036087036,T.CD4.Memory
AGTTACATCAAACACC-6,GARQ,D18,0,40,40,6,0.12789702,Mono.CD14
TCCACAACAGCTCATA-6,GARQ,D18,0,40,40,15,0.010680199,T.CD8.Effector
GAGTGTTTCAATTGGC-6,GARQ,D18,0,40,40,4,0.06979489,T.CD4.Memory
GTCAATATCAACCAAC-6,GARQ,D18,0,40,40,4,0.03998375,T.CD4.Memory
GTCATCACAGCTACGT-6,GARQ,D18,0,40,40,4,0.008605123,T.CD4.Memory
GAAGGCCCAAACTAAG-6,GARQ,D18,0,40,40,9,0.0017204285,T.CD4.Memory
CTACCGGCATCCATCT-6,GARQ,D18,0,40,40,34,0.08361113,T.CD4.Memory
TTGCTTTAGGTGTTAC-6,GARQ,D18,0,40,40,39,0.024322271,NK
CGGTGAGAGGTGCTGC-6,GARQ,D18,0,40,40,23,0.14700985,B.Naive
CTGGCTAAGATAGACG-6,GARQ,D18,0,40,40,12,0.034845114,NK
TATCACAAGCGAGCGA-6,GARQ,D18,0,40,40,34,0.0008303523,T.CD4.Memory
CGATGTCCAGGAACCA-6,GARQ,D18,0,40,40,38,0.014751732,T.CD4.Memory
ATTACTGAGGAAGCTA-6,GARQ,D18,0,40,40,38,0.07313323,NK
CTCGCTCCAGCAGGTA-6,GARQ,D18,0,40,40,34,0.011282206,T.CD4.Memory
CATTATCTCCGCCTCA-6,GARQ,D18,0,40,40,38,0.26894104,NK
TGACTCCTCATAACCA-6,GARQ,D18,0,40,40,12,0.044484735,NK
GCGAAGCCACAGGGAC-6,GARQ,D18,0,40,40,20,0.029682398,T.CD8.Naive
CCGTTAACATGGTTAT-6,GARQ,D18,0,40,40,4,0.045291245,T.CD4.Memory
TTGACTAAGGCCAATT-6,GARQ,D18,0,40,40,38,0.02413249,NK
AATTTGCCAAACCTTG-6,GARQ,D18,0,40,40,27,0.031916738,T.CD4.Naive
GGCGGTTTCGATCAGT-6,GARQ,D18,0,40,40,35,0.092675686,T.CD4.Memory
AGCTGCTCATAGCAGG-6,GARQ,D18,0,40,40,18,0.038162827,T.CD4.Naive
GCTGAGGAGCATGAAG-6,GARQ,D18,0,40,40,18,0.07402718,T.CD4.Memory
CTTGGACCAGAGGCTA-6,GARQ,D18,0,40,40,14,0.046620846,T.CD4.Memory
AATGAAGGTAACGAGG-6,GARQ,D18,0,40,40,38,0.018386364,NK
GCTCTGGCAGCGCTTG-6,GARQ,D18,0,40,40,4,0.07456672,T.CD4.Memory
AACAAAGGTTTGTTGC-6,GARQ,D18,0,40,40,36,0.049042165,T.CD4.Memory
AGGTCATTCAGGTTTA-6,GARQ,D18,0,40,40,4,0.15963411,T.CD8.Effector
ATGGCCCAGTGAGAGC-6,GARQ,D18,0,40,40,18,0.05111718,T.CD4.Memory
ACTCAGTAGCTGGAAA-6,GARQ,D18,0,40,40,23,0.018906116,B.Naive
GAGGCCTTCACTCAAA-6,GARQ,D18,0,40,40,9,0.07701182,T.CD8.Effector
GCTAGCGGTGTTGCTT-6,GARQ,D18,0,40,40,23,0.1734078,B.Naive
TGAGCACGTAGTAAGA-6,GARQ,D18,0,40,40,18,0.15139079,T.CD4.Naive
AGCGATTTCTCCATAT-6,GARQ,D18,0,40,40,34,0.10685575,T.CD4.Memory
ATGTTCAAGCACTAAC-6,GARQ,D18,0,40,40,4,0.019625723,T.CD8.Effector
AATCCTAAGTGATTCA-6,GARQ,D18,0,40,40,20,0.021757007,T.CD4.Naive
CAATGCCCAGTTTACG-6,GARQ,D18,0,40,40,18,0.014341593,T.CD4.Naive
ATGACGAAGAGCCGCT-6,GARQ,D18,0,40,40,23,0.28604114,B.Naive
ACCAAACTCTGCAAAC-6,GARQ,D18,0,40,40,18,0.037480593,T.CD4.Naive
TTGTGTGCACTTCATC-6,GARQ,D18,0,40,40,18,0.10125923,T.CD4.Naive
AGCCTAAGTCCGTGAG-6,GARQ,D18,0,40,40,10,0.10861707,T.CD4.Naive
TTGCACACATTAGCCA-6,GARQ,D18,0,40,40,15,0.09309679,T.CD8.Effector
ACATAGCTCATAACTG-6,GARQ,D18,0,40,40,24,0.017204762,T.CD8.Naive
AACCTAATCTCACTAT-6,GARQ,D18,0,40,40,18,0.04177022,T.CD4.Naive
ATTCCTAGTACCGGAT-6,GARQ,D18,0,40,40,30,0.017693758,T.CD4.Naive
CACAAGCGTTTACCGT-6,GARQ,D18,0,40,40,18,0.025401413,T.CD4.Naive
GCCTCCATCGTTAGCG-6,GARQ,D18,0,40,40,20,0.102494,T.CD8.Naive
ATTCGTTTCATTTGTC-6,GARQ,D18,0,40,40,9,0.052063942,T.CD4.Memory
GGTTGGTGTAGGTTTG-6,GARQ,D18,0,40,40,5,0.030237675,T.CD8.Naive
CATGGCGGTTGTTCAC-6,GARQ,D18,0,40,40,18,0.13473177,T.CD4.Naive
TACGTAATCCTCCCTC-6,GARQ,D18,0,40,40,0,0.10818434,T.CD8.Effector
TTTAAGCCATTGTGGC-6,GARQ,D18,0,40,40,9,0.0062182546,T.CD8.Effector
TGACTTCGTATTACCC-6,GARQ,D18,0,40,40,37,0.05993235,NK
GCTCTGGCAGCAACAG-6,GARQ,D18,0,40,40,20,0.048834562,T.CD4.Naive
AGCTGCTCAGGCGAGT-6,GARQ,D18,0,40,40,28,0.01170814,T.CD4.Memory
GTTAAACGTTAGAGCC-6,GARQ,D18,0,40,40,38,0.024899542,NK
ATTCATGAGCTGTCAG-6,GARQ,D18,0,40,40,18,0.066660464,T.CD4.Memory
CATCACACAGGCTTCG-6,GARQ,D18,0,40,40,24,0.006375551,T.CD8.Naive
CCTTCAATCAACAAGG-6,GARQ,D18,0,40,40,38,0.0020861626,T.CD8.Effector
AATCCTAAGTAAGTGG-6,GARQ,D18,0,40,40,24,0.002901435,T.CD4.Memory
TATCACAAGCTATTAG-6,GARQ,D18,0,40,40,23,0.13505602,B.Naive
GTACACCCATTGCGAC-6,GARQ,D18,0,40,40,6,0.1037333,Mono.CD14
CCAAACCCAGTAAAGC-6,GARQ,D18,0,40,40,24,0.0500952,T.CD4.Memory
AGGTTTATCATCCTAT-6,GARQ,D18,0,40,40,38,0.19152075,NK
CGTTAACAGGACTTAC-6,GARQ,D18,0,40,40,20,0.046095252,T.CD4.Naive
ACGAACAAGTAAGTCC-6,GARQ,D18,0,40,40,20,0.011681557,T.CD4.Naive
GGCCTTCGTTAGACCA-6,GARQ,D18,0,40,40,20,0.017564535,T.CD4.Naive
TACCAGGTCGGGACTC-6,GARQ,D18,0,40,40,20,0.1389972,T.CD4.Naive
GCCTGCTGTATACTGG-6,GARQ,D18,0,40,40,15,0.0541898,T.CD4.Memory
GGTGCTTCAGCAAGTG-6,GARQ,D18,0,40,40,20,0.010801554,T.CD4.Naive
AGGGCCTTCAAACCGT-6,GARQ,D18,0,40,40,23,0.07881248,B.Naive
GTTCCCAGTAACGAGG-6,GARQ,D18,0,40,40,18,0.032499075,T.CD4.Naive
GTTTCCTCACCTAAGC-6,GARQ,D18,0,40,40,11,0.20168471,T.CD8.Effector
TGTGCTGAGCTTAGCG-6,GARQ,D18,0,40,40,23,0.16649139,B.Naive
ATGAATGCAGAAATGC-6,GARQ,D18,0,40,40,1,0.026815772,T.CD4.Memory
TGGTTCTGTCCTAAGA-6,GARQ,D18,0,40,40,27,0.052132607,T.CD8.Naive
CGTTATTTCGACCTGA-6,GARQ,D18,0,40,40,20,0.15808785,T.CD4.Memory
AATGCGCGTGCTCACC-6,GARQ,D18,0,40,40,18,0.04184532,T.CD4.Memory
TAAGCCAGTAAGTCGC-6,GARQ,D18,0,40,40,10,0.016257048,T.CD4.Memory
GCCTGCTGTACCGTTT-6,GARQ,D18,0,40,40,18,0.027769923,T.CD8.Naive
ATGACTCAGTAACTCA-6,GARQ,D18,0,40,40,12,0.099075794,NK
ACCTTCCAGCGCATTG-6,GARQ,D18,0,40,40,20,0.092320204,T.CD4.Naive
TCATTACTCGTTCACC-6,GARQ,D18,0,40,40,20,0.10063875,T.CD4.Naive
GGTCAATTCGTTAACA-6,GARQ,D18,0,40,40,18,0.067549884,T.CD4.Naive
ACCTTCATCACGTTAA-6,GARQ,D18,0,40,40,12,0.024925172,T.CD4.Memory
AATCCGTAGGCCCAGT-6,GARQ,D18,0,40,40,27,0.024314523,T.CD4.Naive
TTATCCTAGCAGGCCT-6,GARQ,D18,0,40,40,23,0.17138529,B.Naive
TGCACTTGTCCTTTAA-6,GARQ,D18,0,40,40,18,0.0019294024,T.CD4.Naive
AAGGCCCTCTAGCTAA-6,GARQ,D18,0,40,40,20,0.10231948,T.CD4.Naive
GGTTTCCTCCTTGTTG-6,GARQ,D18,0,40,40,12,0.124518394,NK
TCTTTGTAGTAAGAAC-6,GARQ,D18,0,40,40,11,0.035233736,T.CD8.Effector
TCGCGCACACCTAATG-6,GARQ,D18,0,40,40,11,0.10562372,T.CD8.Effector
GACCTAGTCGGTAACT-6,GARQ,D18,0,40,40,9,0.14107203,T.CD4.Memory
ACCCAACCATCTTGAG-6,GARQ,D18,0,40,40,20,0.09964454,T.CD4.Memory
GCCAGGTTCGTTTCGC-6,GARQ,D18,0,40,40,20,0.07855272,T.CD4.Naive
TCTTAGTTCCCTCTAA-6,GARQ,D18,0,40,40,20,0.0034332275,T.CD4.Naive
TTGGTGAGTACTGAAT-6,GARQ,D18,0,40,40,20,0.13620818,T.CD4.Memory
ATTTAGGTCCGTTAAA-6,GARQ,D18,0,40,40,18,0.044469595,T.CD4.Naive
GAAGTGATCTCGCCCA-6,GARQ,D18,0,40,40,20,0.14307022,T.CD4.Naive
CCTGAGTCAAACGCGA-6,GARQ,D18,0,40,40,20,0.003610909,T.CD4.Naive
TCCAGCAAGCGAGTAA-6,GARQ,D18,0,40,40,9,0.0011825562,T.CD4.Memory
GCGCTTAAGGTTACGT-6,GARQ,D18,0,40,40,20,0.008053541,T.CD4.Naive
GCCCAAATCCTAAATG-6,GARQ,D18,0,40,40,11,0.025367022,T.CD4.Memory
GAAGGCCCAGTTTGTG-6,GARQ,D18,0,40,40,10,0.08839685,T.CD8.Effector
ACGCACGGTGGATGTC-6,GARQ,D18,0,40,40,20,0.10829353,T.CD8.Naive
CATTCATTCGTTCACC-6,GARQ,D18,0,40,40,24,0.029352725,T.CD4.Naive
CCGTTAACATATTGAC-6,GARQ,D18,0,40,40,20,0.05296004,T.CD4.Naive
GGGAATATCTACCTGC-6,GARQ,D18,0,40,40,20,0.11408889,T.CD4.Naive
CCGGTTAAGGTGAAAT-6,GARQ,D18,0,40,40,18,0.09167218,T.CD8.Naive
ACCTAAGGTTGCGGAT-6,GARQ,D18,0,40,40,13,0.319538,T.CD4.Naive
GCCTCGACAATCCCTT-6,GARQ,D18,0,40,40,18,0.09341979,T.CD4.Naive
TCTAGCACATCCTAGA-6,GARQ,D18,0,40,40,20,0.027698994,T.CD4.Naive
ACCTGTTGTGCTAGAC-6,GARQ,D18,0,40,40,20,0.11606479,T.CD4.Naive
TGTATCGCAAGGTCGA-6,GARQ,D18,0,40,40,4,0.022340536,T.CD8.Effector
CTTTAGGCATAAAGCA-6,GARQ,D18,0,40,40,20,0.117595375,T.CD4.Memory
ATGTCAATCTTTGTAC-6,GARQ,D18,0,40,40,18,0.10723269,T.CD4.Naive
AGCAATTGTCGACTAA-6,GARQ,D18,0,40,40,27,0.06291592,T.CD4.Memory
GTTGCCCGTCCTAAGA-6,GARQ,D18,0,40,40,11,0.14261526,T.CD8.Effector
CCAGTTTGTTTCGCCA-6,GARQ,D18,0,40,40,4,0.1008932,T.CD8.Effector
CGTTTCTCAGGCGAGT-6,GARQ,D18,0,40,40,4,0.0021641254,T.CD4.Memory
ACATAGCTCTTACTCG-6,GARQ,D18,0,40,40,38,0.09386897,NK
ACACTAATCCCTCATA-6,GARQ,D18,0,40,40,18,0.004401803,T.CD4.Naive
CCCAAATAGTAAACCC-6,GARQ,D18,0,40,40,20,0.0756399,T.CD4.Naive
GAGCTTAGTAATCCCT-6,GARQ,D18,0,40,40,24,0.01615709,T.CD4.Naive
CTGTTCATCGCCTAAG-6,GARQ,D18,0,40,40,27,0.035462856,T.CD8.Naive
AGTTACTCAGGATAAC-6,GARQ,D18,0,40,40,24,0.011876941,T.CD4.Naive
CTTGCATGTTGCTGGG-6,GARQ,D18,0,40,40,18,0.044712067,T.CD4.Naive
GTTGCGGGTGCTGGTG-6,GARQ,D18,0,40,40,34,0.21297222,T.CD4.Naive
ATCGCCCGTTGAGGTC-6,GARQ,D18,0,40,40,9,0.054801464,T.CD4.Memory
TCATAACCAAATACCT-6,GARQ,D18,0,40,40,20,0.11844802,T.CD4.Memory
ATTAGCTCAGCCTGCA-6,GARQ,D18,0,40,40,20,0.04446155,T.CD4.Naive
CTAGTAGGTCAAAGGG-6,GARQ,D18,0,40,40,4,0.09789604,T.CD4.Memory
GATTGTTCACAGAAAC-6,GARQ,D18,0,40,40,20,0.033195615,T.CD4.Memory
TCCGGTAAGTTCCTGC-6,GARQ,D18,0,40,40,18,0.0006079674,T.CD4.Memory
TACCAGGTCATAATCG-6,GARQ,D18,0,40,40,18,0.0009120703,T.CD4.Naive
CTGTGTGAGCCTCTCG-6,GARQ,D18,0,40,40,9,0.032425523,T.CD4.Memory
TACTTGTTCTTTGTAC-6,GARQ,D18,0,40,40,20,0.08578563,T.CD4.Memory
GCTCATTGTTATCGAG-6,GARQ,D18,0,40,40,18,0.010158181,T.CD8.Naive
CTCCAACTCATTTGTC-6,GARQ,D18,0,40,40,27,0.02056837,T.CD4.Naive
TCCTTTACAATTGAAG-6,GARQ,D18,0,40,40,4,0.1273191,T.CD8.Effector
TCAAGACTCTCACAAA-6,GARQ,D18,0,40,40,6,0.16067445,Mono.CD14
CGGCAATGTTGCGCGA-6,GARQ,D18,0,40,40,20,0.03496188,T.CD4.Naive
GCAACAGCAGAAACGT-6,GARQ,D18,0,40,40,20,0.025529325,T.CD4.Memory
CCCAACCGTCGCAATA-6,GARQ,D18,0,40,40,27,0.03604704,T.CD8.Naive
GTTTGCTGTGTTTCAC-6,GARQ,D18,0,40,40,27,0.03571129,T.CD4.Naive
ATTGACTCATAAGCAA-6,GARQ,D18,0,40,40,11,0.09234756,T.CD8.Effector
GACGCCTAGCGAGTAA-6,GARQ,D18,0,40,40,11,0.0008366108,T.CD4.Memory
AGCTTCCTCCCGTTTA-6,GARQ,D18,0,40,40,27,0.0015138388,T.CD4.Memory
CAGCATTAGGACTTAC-6,GARQ,D18,0,40,40,20,0.19506907,T.CD4.Naive
TGGATTCAGGTACCGC-6,GARQ,D18,0,40,40,5,0.024694324,T.CD4.Naive
GGAAGTATCAGAAACG-6,GARQ,D18,0,40,40,20,0.004848242,T.CD4.Memory
CGAAGGCCATAATGTC-6,GARQ,D18,0,40,40,20,0.060203314,T.CD4.Naive
GCTTGTTGTCGAAGTC-6,GARQ,D18,0,40,40,20,0.096443534,T.CD4.Memory
TAAGCCTAGAGAAGGG-6,GARQ,D18,0,40,40,20,0.16547716,T.CD4.Memory
TTGTCCCAGCATGCAT-6,GARQ,D18,0,40,40,5,0.029256463,T.CD4.Naive
AAATCCGGTTGCGCGA-6,GARQ,D18,0,40,40,27,0.011926293,T.CD4.Naive
TTTGGTGCACAGGAAT-6,GARQ,D18,0,40,40,18,0.026129484,T.CD4.Memory
GATTCGCCACTCAACA-6,GARQ,D18,0,40,40,27,0.017470002,T.CD4.Memory
CCGCCAACAGTCTATG-6,GARQ,D18,0,40,40,18,0.011323333,T.CD4.Naive
TACATCAAGCCATCAG-6,GARQ,D18,0,40,40,18,0.016126156,T.CD8.Naive
TCGTGCTTCGGGATTT-6,GARQ,D18,0,40,40,27,0.08776915,T.CD4.Naive
CATCCTGGTGCCTCAC-6,GARQ,D18,0,40,40,20,0.0080628395,T.CD4.Memory
AATGTCCAGGACCGCT-6,GARQ,D18,0,40,40,9,0.036100626,T.CD8.Effector
GGTTTCCTCCGCTAGA-6,GARQ,D18,0,40,40,20,0.04716897,T.CD4.Naive
CAGCATTAGCTATATG-6,GARQ,D18,0,40,40,20,0.10446066,T.CD8.Naive
AACTACTCACCTGCCT-6,GARQ,D18,0,40,40,15,0.050593257,T.CD4.Memory
CGAGGAAGTTTGCGCC-6,GARQ,D18,0,40,40,11,0.022219181,Platelets
TGTCAGTAGACAACGA-6,GARQ,D18,0,40,40,39,0.019652784,NK
ACCTGTTGTATCTGGA-6,GARQ,D18,0,40,40,20,0.005126834,T.CD4.Naive
CCTTCGGTCCAGGTTG-6,GARQ,D18,0,40,40,23,0.21863174,B.Naive
TCAGCCTTCGGCTATG-6,GARQ,D18,0,40,40,5,0.021304727,T.CD4.Naive
GCATTAGGTCAATAGT-6,GARQ,D18,0,40,40,18,0.0010179877,T.CD4.Naive
GTCCAGGGTAGGATTT-6,GARQ,D18,0,40,40,20,0.031782985,T.CD4.Naive
CCTTACTCAGGCTAAG-6,GARQ,D18,0,40,40,9,0.028735876,T.CD4.Memory
TTCACTGTCATGCAAC-6,GARQ,D18,0,40,40,20,0.045980453,T.CD4.Naive
TCATCCATCAACAAGG-6,GARQ,D18,0,40,40,18,0.0063649416,T.CD4.Naive
TTAACCAAGGTCCGTA-6,GARQ,D18,0,40,40,28,0.003863573,T.CD4.Naive
TTGCGAGTCCCTGTTA-6,GARQ,D18,0,40,40,20,0.23512936,T.CD4.Memory
TGGCCTGCATCCTGAA-6,GARQ,D18,0,40,40,20,0.05659485,T.CD4.Memory
CAGGTTTAGCTGTAAC-6,GARQ,D18,0,40,40,18,0.034175634,T.CD8.Naive
CTGGTAAGTATTTGGG-6,GARQ,D18,0,40,40,20,0.0027544498,T.CD4.Naive
TAGCCGGGTTTGTGGA-6,GARQ,D18,0,40,40,18,0.01897502,T.CD8.Naive
ATCATCAAGTGTTGTA-6,GARQ,D18,0,40,40,27,0.0037577748,T.CD8.Naive
CAGCTCAAGCCTCTGT-6,GARQ,D18,0,40,40,20,0.14853495,T.CD4.Memory
GGCTAGACACATTAAC-6,GARQ,D18,0,40,40,20,0.09288204,T.CD4.Naive
CGCCACACAGGCTAGA-6,GARQ,D18,0,40,40,20,0.11654812,T.CD4.Naive
CAAACACTCGCGCTAA-6,GARQ,D18,0,40,40,27,0.044140458,T.CD8.Naive
ACGGTACGTCGTTACT-6,GARQ,D18,0,40,40,18,0.022870958,T.CD4.Naive
GACACCGGTGTGAGGA-6,GARQ,D18,0,40,40,38,0.008738279,NK
CTACTAAAGGATCACT-6,GARQ,D18,0,40,40,27,0.03946221,T.CD8.Naive
TGCTTGTGTTTCCTCC-6,GARQ,D18,0,40,40,28,0.067902684,T.CD4.Memory
GGCAAGCCAGGCTACT-6,GARQ,D18,0,40,40,20,0.0742054,T.CD4.Naive
GCTGCAATCGTTATAG-6,GARQ,D18,0,40,40,19,0.026439548,T.CD4.Memory
ATCAATCCACCCACCT-6,GARQ,D18,0,40,40,13,0.06951082,T.CD4.Naive
GCAATAGAGTTCCCGT-6,GARQ,D18,0,40,40,33,0.019854546,T.CD4.Memory
GTAGTTTCATTGTGTG-6,GARQ,D18,0,40,40,18,0.071404934,T.CD4.Naive
TCGCTAACAACACCTA-6,GARQ,D18,0,40,40,22,0.10190666,T.CD4.Naive
TGCTGGATCACTCGCT-6,GARQ,D18,0,40,40,4,0.030338287,T.CD8.Effector
TAGCTAATCGGGCCAT-6,GARQ,D18,0,40,40,18,0.08139181,T.CD4.Naive
AAGGCCCTCAGCAAGA-6,GARQ,D18,0,40,40,20,7.605553e-05,T.CD4.Naive
ACCGAAGCAACAGGTG-6,GARQ,D18,0,40,40,20,0.0568614,T.CD4.Naive
CTCATGCTCTAACCAA-6,GARQ,D18,0,40,40,23,0.20705128,B.Naive
AATGAAGGTAGGTTTG-6,GARQ,D18,0,40,40,20,0.042002797,T.CD4.Memory
CGCATTACACAGGATG-6,GARQ,D18,0,40,40,27,0.017344475,T.CD4.Naive
CGTATTGCATTGTGGC-6,GARQ,D18,0,40,40,20,0.15045333,T.CD4.Memory
CTCATGCTCCCTGACT-6,GARQ,D18,0,40,40,20,0.12233043,T.CD4.Memory
AACTACTCAAGGATTA-6,GARQ,D18,0,40,40,25,0.0016766787,T.CD8.Naive
CCCAAACCATCGTTCT-6,GARQ,D18,0,40,40,20,0.04305482,T.CD4.Naive
TGAAGGATCGTTTCTG-6,GARQ,D18,0,40,40,20,0.043780208,T.CD4.Naive
TCCTGTTCAAGGTACG-6,GARQ,D18,0,40,40,24,0.06577122,T.CD8.Naive
GAGTGAGGTTACGCGG-6,GARQ,D18,0,40,40,27,0.026420832,T.CD4.Naive
TTACCTGTCCAGGGAG-6,GARQ,D18,0,40,40,5,0.002665162,T.CD4.Naive
CCAACCCGTTAGTTGG-6,GARQ,D18,0,40,40,18,0.08042437,T.CD4.Memory
AGGATGCAGGAGCACG-6,GARQ,D18,0,40,40,18,0.08597648,T.CD4.Naive
GGCGATACACGAATTT-6,GARQ,D18,0,40,40,18,0.082229435,T.CD4.Naive
CGCTATGAGTTACCGG-6,GARQ,D18,0,40,40,24,0.053984165,T.CD4.Memory
ATTGCTCGTCATAAGT-6,GARQ,D18,0,40,40,12,0.04721129,NK
TAGGTTATCAAGGACA-6,GARQ,D18,0,40,40,20,0.066681504,T.CD4.Naive
CCTGGTAAGCTAATTG-6,GARQ,D18,0,40,40,20,0.11900979,T.CD4.Memory
ACCCTGTTCTCGACCT-6,GARQ,D18,0,40,40,5,0.09846127,T.CD4.Naive
ACCCGCTGTAACTACG-6,GARQ,D18,0,40,40,20,0.028825045,T.CD4.Memory
TTAGCAATCATGAAGG-6,GARQ,D18,0,40,40,27,0.018746018,T.CD8.Naive
GAAAGCCAGCATTAGC-6,GARQ,D18,0,40,40,20,0.14157689,T.CD4.Naive
GTAAGGTCATATTGAC-6,GARQ,D18,0,40,40,20,0.03987646,T.CD4.Naive
CAGAACCGTTCGCGCT-6,GARQ,D18,0,40,40,39,0.027469158,NK
GCTTAACAGTAACGAG-6,GARQ,D18,0,40,40,20,0.008138657,T.CD4.Naive
CCTGAGTCATCGCTTT-6,GARQ,D18,0,40,40,5,0.022992373,T.CD4.Memory
GTAGGAGGTTGGCGTG-6,GARQ,D18,0,40,40,11,0.041289806,T.CD8.Effector
ACGACTTAGGAGCAAC-6,GARQ,D18,0,40,40,18,0.0005028248,T.CD4.Naive
CGGTAACGTTTCGCCA-6,GARQ,D18,0,40,40,14,0.013762951,T.CD8.Effector
CGCTTCTAGTAAGTCC-6,GARQ,D18,0,40,40,20,0.018500924,T.CD4.Naive
GGGTTATTCGGCTATG-6,GARQ,D18,0,40,40,20,0.18716419,T.CD4.Memory
GTGCTTACAACCCTCC-6,GARQ,D18,0,40,40,20,0.0992949,T.CD8.Naive
GGTACCGGTCATCATC-6,GARQ,D18,0,40,40,19,0.009933591,T.CD4.Memory
TTGCTCTCAGGAAGCC-6,GARQ,D18,0,40,40,27,0.041886628,T.CD4.Memory
TCCTCAATCCTAGTCC-6,GARQ,D18,0,40,40,20,0.071995616,T.CD4.Naive
CTATTGAAGTTGCGTG-6,GARQ,D18,0,40,40,18,0.021325707,T.CD4.Naive
TGGTTCCTCATGCATA-6,GARQ,D18,0,40,40,20,0.122909665,T.CD4.Naive
GACAATACATTAGCGC-6,GARQ,D18,0,40,40,28,0.07210922,T.CD8.Effector
CGATTGAGTTAGCATG-6,GARQ,D18,0,40,40,23,0.1856389,B.Naive
GACCTTTGTGGATTGC-6,GARQ,D18,0,40,40,4,0.012038946,T.CD8.Effector
ACGTTACAGTCAGGCC-6,GARQ,D18,0,40,40,20,0.018089294,T.CD4.Naive
GTTCTTAGTCTTTGAC-6,GARQ,D18,0,40,40,5,0.064641476,T.CD4.Naive
ATTCCGGAGTAGGCGG-6,GARQ,D18,0,40,40,30,0.008534551,T.CD4.Memory
ATGAAGCCAAGTGAAC-6,GARQ,D18,0,40,40,23,0.09390187,B.Naive
TCGTAATCAGCGCTTG-6,GARQ,D18,0,40,40,11,0.06051439,T.CD8.Effector
AGCTAAACACGGTTTA-6,GARQ,D18,0,40,40,20,0.012679577,T.CD8.Naive
CCCTCACCAACAACAA-6,GARQ,D18,0,40,40,20,0.37018335,T.CD4.Memory
TTAGGCTAGGAATAAC-6,GARQ,D18,0,40,40,4,0.06751776,T.CD4.Memory
TAAAGCCTCCTCAGCT-6,GARQ,D18,0,40,40,27,0.17867303,T.CD4.Naive
TAAGTAGCATACCCGG-6,GARQ,D18,0,40,40,17,0.00014305115,T.CD8.Effector
TGTTTGTTCCAATAGC-6,GARQ,D18,0,40,40,23,0.3377403,B.Naive
CGCTATGAGCTCCTTA-6,GARQ,D18,0,40,40,18,0.062229633,T.CD4.Naive
ACCTTGCTCACTAGGT-6,GARQ,D18,0,40,40,5,0.041959763,T.CD4.Memory
TAGTGGCGTAAAGCAA-6,GARQ,D18,0,40,40,20,0.1599946,T.CD4.Memory
CTTAGGAGTAGGTGTC-6,GARQ,D18,0,40,40,20,0.0441339,T.CD8.Naive
ACGGTACGTTTGAGGC-6,GARQ,D18,0,40,40,20,0.052657127,T.CD4.Memory
TGGTGCATCTCGCCTG-6,GARQ,D18,0,40,40,24,0.062465906,T.CD4.Naive
AGAGAAGCAACCTAAT-6,GARQ,D18,0,40,40,20,0.12179327,T.CD4.Naive
GCAGGTTGTGCTTAGA-6,GARQ,D18,0,40,40,20,0.026982903,T.CD4.Memory
TCTAAGGGTTGTCATC-6,GARQ,D18,0,40,40,14,0.04763186,T.CD8.Effector
AGCTAACTCCTGGCTT-6,GARQ,D18,0,40,40,20,0.18287385,T.CD4.Naive
CCTAAGTAGGAACGGT-6,GARQ,D18,0,40,40,20,0.117899776,T.CD4.Naive
ATTCATGAGCTAGAAG-6,GARQ,D18,0,40,40,27,0.0022941232,T.CD8.Effector
TGTTTGTTCTCAATTC-6,GARQ,D18,0,40,40,27,0.043186784,T.CD4.Naive
AATTGACGTAACGTGC-6,GARQ,D18,0,40,40,18,0.008373976,T.CD4.Naive
TTTCCACCATTGCAGC-6,GARQ,D18,0,40,40,28,0.0011783838,T.CD8.Naive
GTGGTTAGTGTTTCAC-6,GARQ,D18,0,40,40,27,0.07100642,T.CD8.Effector
CCCAAACCAAGCTAAA-6,GARQ,D18,0,40,40,18,0.063379884,T.CD4.Naive
TGTGTTAAGAATGACG-6,GARQ,D18,0,40,40,20,0.010961771,T.CD4.Memory
AGGGCTACAAGCCAGA-6,GARQ,D18,0,40,40,30,0.0076755285,T.CD4.Naive
CTATGACAGCCAGGTC-6,GARQ,D18,0,40,40,15,0.029954553,T.CD4.Memory
AGTTTGATCTCACACC-6,GARQ,D18,0,40,40,20,0.24430132,T.CD4.Naive
CCTATTGTCATTGACA-6,GARQ,D18,0,40,40,6,0.065342546,Mono.CD14
TAATGGTGTCATTACC-6,GARQ,D18,0,40,40,24,0.024340749,T.CD8.Naive
TACAAGCTCATCAGTA-6,GARQ,D18,0,40,40,27,0.107440114,T.CD4.Naive
TACTAAGTCACTCGCT-6,GARQ,D18,0,40,40,20,0.07872987,T.CD4.Naive
ATTATGGTCATGCCTC-6,GARQ,D18,0,40,40,11,0.08920741,T.CD8.Effector
TACCTCATCAATAGCC-6,GARQ,D18,0,40,40,13,0.0034662485,T.CD4.Naive
GAGGCTTGTCGTTATC-6,GARQ,D18,0,40,40,12,0.028796911,NK
TATTACCTCCCGCCTA-6,GARQ,D18,0,40,40,20,0.19719458,T.CD4.Memory
TGGAACAAGGAATAAC-6,GARQ,D18,0,40,40,4,0.022292852,T.CD8.Effector
GGATTTATCCTCAGCT-6,GARQ,D18,0,40,40,23,0.07563853,B.Naive
ACCTTGCTCGTGCTAG-6,GARQ,D18,0,40,40,20,0.031966448,T.CD8.Naive
GCTCACAAGTGAGAGC-6,GARQ,D18,0,40,40,11,0.091175795,T.CD8.Effector
ACGAGTAAGAACAAGT-6,GARQ,D18,0,40,40,38,0.030279517,NK
ATATGCTCAGGACACA-6,GARQ,D18,0,40,40,11,0.039506435,T.CD4.Memory
GGGTTATTCCTTAATC-6,GARQ,D18,0,40,40,24,0.00046682358,T.CD8.Naive
GCCAATAGTTTGCGAA-6,GARQ,D18,0,40,40,15,0.004647553,T.CD4.Memory
TAAGCTATCACATTGA-6,GARQ,D18,0,40,40,4,0.005048275,T.CD4.Memory
GCCAGGTTCAAGACTC-6,GARQ,D18,0,40,40,20,0.017198563,T.CD4.Naive
CTCACAACAAGTGTCC-6,GARQ,D18,0,40,40,6,0.029605687,Platelets
TTTGGCTGTGCTAGAC-6,GARQ,D18,0,40,40,27,0.051254272,T.CD4.Naive
GTTAAGTGTAGCCATA-4,GARQ,D18,0,40,40,6,0.010401487,Mono.CD14
CTAACCACACCAAAGG-4,GARQ,D18,0,40,40,38,0.053670824,NK
GTGCGCAGTACCGTTT-4,GARQ,D18,0,40,40,6,0.15261257,Mono.CD14
CCTTTAGTCAATGTCA-4,GARQ,D18,0,40,40,4,0.10048574,T.CD4.Memory
CTTGTTCCATAGCGAG-4,GARQ,D18,0,40,40,6,0.18428624,Mono.CD14
ACATCAATCTAGCTAA-4,GARQ,D18,0,40,40,37,0.05542028,NK
ACGAATCTCTTTGTAC-4,GARQ,D18,0,40,40,6,0.08277917,Mono.CD14
CACAGGCTCATTAGCA-4,GARQ,D18,0,40,40,23,0.11406815,B.Naive
GCCCGTTGTTGTGACA-4,GARQ,D18,0,40,40,6,0.06737089,Mono.CD14
TGTAAGCTCTGCAAAC-4,GARQ,D18,0,40,40,9,0.016629815,T.CD8.Effector
GGTCAGGAGGTAAGGC-4,GARQ,D18,0,40,40,6,0.12842894,Mono.CD14
ACTTGCACACCAAAGG-4,GARQ,D18,0,40,40,9,0.010674953,T.CD8.Effector
AGCAATTGTAATGGCC-4,GARQ,D18,0,40,40,23,0.14130962,B.Naive
GAAAGCCAGAATCTCA-4,GARQ,D18,0,40,40,6,0.120597124,Mono.CD14
TAGCATATCACTTCAT-4,GARQ,D18,0,40,40,6,0.022787333,Mono.CD14
CCTTTAGTCTAACCAA-4,GARQ,D18,0,40,40,23,0.022779107,B.Naive
TAGTGGCGTGCCTCAC-4,GARQ,D18,0,40,40,23,0.23425567,B.Naive
TATGGGCGTTGTTGTC-4,GARQ,D18,0,40,40,0,0.020725489,T.CD4.Memory
CGGGTCTAGGTGCTGC-4,GARQ,D18,0,40,40,6,0.07532704,Mono.CD14
TGTTGTGCATTGGGAG-4,GARQ,D18,0,40,40,37,0.6383059,NK
GACTCACCACATTAAC-4,GARQ,D18,0,40,40,6,0.01528728,Mono.CD14
CGCGATTCAGCCGCTA-4,GARQ,D18,0,40,40,6,0.048321486,Mono.CD14
CCTAAAGGTAGGATCC-4,GARQ,D18,0,40,40,4,0.09506822,T.CD4.Memory
AGTGGACAGCATCCAG-4,GARQ,D18,0,40,40,23,0.22966206,B.Naive
TGGTTCTGTAAGCACC-4,GARQ,D18,0,40,40,21,0.06753552,Mono.CD14
TCTTGTCCACAACAAA-4,GARQ,D18,0,40,40,23,0.04539895,B.Naive
AGGATATAGCTTGCTC-4,GARQ,D18,0,40,40,6,0.12619257,Mono.CD14
CCTTTAGTCAGCCAAT-4,GARQ,D18,0,40,40,23,0.08747387,B.Naive
ATTGTCCGTTAGCGTA-4,GARQ,D18,0,40,40,6,0.08222759,Mono.CD14
CAGCTCAAGGGTGAGT-4,GARQ,D18,0,40,40,6,0.10227847,Mono.CD14
CAGTATGGTCCTAAGA-4,GARQ,D18,0,40,40,6,0.11113429,Mono.CD14
CGTGCTTTCATTGTTC-4,GARQ,D18,0,40,40,23,0.15567672,B.Naive
TGTGTTAAGCTTGCTC-4,GARQ,D18,0,40,40,32,0.030315638,Mono.CD14
CCTCAAACATAACGGG-4,GARQ,D18,0,40,40,6,0.0771929,Mono.CD14
TCCTGTTCATCTAGCA-4,GARQ,D18,0,40,40,6,0.11882329,Mono.CD14
GTATGTTCACGAATCC-4,GARQ,D18,0,40,40,6,0.13803172,Mono.CD14
ACGCTTGAGTTAGTGC-4,GARQ,D18,0,40,40,6,0.0029358864,Mono.CD14
TAATTGCCAGGATGGC-4,GARQ,D18,0,40,40,23,0.14006019,B.Naive
TTGATGTCACTTAGGC-4,GARQ,D18,0,40,40,21,0.009650111,Mono.CD14
AAGGATTAGGTAAGGC-4,GARQ,D18,0,40,40,6,0.0035612583,Mono.CD14
AGATGAAGTGATCATG-4,GARQ,D18,0,40,40,6,0.067301035,Mono.CD14
TGTGCGCAGTGTTGTA-4,GARQ,D18,0,40,40,23,0.07044852,B.Naive
CATGGCGGTATCTGGA-4,GARQ,D18,0,40,40,23,0.2330842,B.Naive
AAGACATAGTAGCGGG-4,GARQ,D18,0,40,40,6,0.036744654,Platelets
CCGCAAGGTTAGTTGG-4,GARQ,D18,0,40,40,6,0.023654938,Mono.CD14
TATAGGTGTTCCATTA-4,GARQ,D18,0,40,40,23,0.0829674,B.Naive
CCGCCAACACAATTAC-4,GARQ,D18,0,40,40,21,0.06366217,Mono.CD14
AATGCAACACCGGCTA-4,GARQ,D18,0,40,40,23,0.22629166,B.Naive
CCTGAGTCATGTCGCG-4,GARQ,D18,0,40,40,23,0.1717633,B.Naive
GGACCTCAGCTATATG-4,GARQ,D18,0,40,40,23,0.052957416,B.Naive
TGACTTAAGTAACCCG-4,GARQ,D18,0,40,40,6,0.111495614,Mono.CD14
CCTGGATCACCTATAG-4,GARQ,D18,0,40,40,23,0.09968448,B.Naive
TCTCACCAGTCACTAA-4,GARQ,D18,0,40,40,1,0.040157855,T.CD8.Effector
CCCTTAATCAGCACGC-4,GARQ,D18,0,40,40,6,0.17586923,Mono.CD14
TCATTTGGTTTACGTC-4,GARQ,D18,0,40,40,21,0.028247237,Mono.CD14
GAGGGAGCACTGGCCA-4,GARQ,D18,0,40,40,6,0.09585166,Mono.CD14
TACCAAATCGGTTTCC-4,GARQ,D18,0,40,40,23,0.038209915,B.Naive
GTCTTTAGTCATTGTC-4,GARQ,D18,0,40,40,6,0.09812689,Mono.CD14
TATCGCGAGCTTAGTA-4,GARQ,D18,0,40,40,21,0.012413502,Mono.CD14
GTACAATGTCTAACCT-4,GARQ,D18,0,40,40,6,0.11298835,Mono.CD14
CTTCTCAAGAGAAGGG-4,GARQ,D18,0,40,40,23,0.22020793,B.Naive
GATGACTTCCCTCAAC-4,GARQ,D18,0,40,40,6,0.10404897,Mono.CD14
TAGTGTGGTAAACAAG-4,GARQ,D18,0,40,40,0,0.00027042627,T.CD4.Memory
GCGCTTAAGAACCTAC-4,GARQ,D18,0,40,40,23,0.08983636,B.Naive
CCTAGTTGTCACAGCG-4,GARQ,D18,0,40,40,23,0.21780407,B.Naive
AGGATTGAGAGGGACT-4,GARQ,D18,0,40,40,34,0.14895332,T.CD4.Naive
GTTACTAAGTGAAGTG-4,GARQ,D18,0,40,40,23,0.2346828,B.Naive
CCTATATTCTACTAAG-4,GARQ,D18,0,40,40,21,0.04558873,Mono.CD14
GATAACGAGGCCTTAG-4,GARQ,D18,0,40,40,23,0.026009798,B.Naive
AAACAGCCAGGTTACC-4,GARQ,D18,0,40,40,4,0.041908205,T.CD8.Effector
CCTGAGTCAATAATGG-4,GARQ,D18,0,40,40,6,0.12388599,Mono.CD14
TTTGTGTTCGATATTG-4,GARQ,D18,0,40,40,23,0.1032989,B.Naive
ACACAATGTCCCGGAA-4,GARQ,D18,0,40,40,23,0.17225373,B.Naive
CGGATTAGTGAGCACT-4,GARQ,D18,0,40,40,4,0.08157444,T.CD4.Memory
TTTAAGCCAGGTTAAA-4,GARQ,D18,0,40,40,6,0.12360811,Mono.CD14
AGCGCCTAGCATGTTA-4,GARQ,D18,0,40,40,21,0.06803417,Mono.CD14
GGTTATATCGTTTCCA-4,GARQ,D18,0,40,40,23,0.11405885,B.Naive
TTTAGCTTCGTTATCT-4,GARQ,D18,0,40,40,4,0.026151419,T.CD4.Memory
GGTCCGTAGGAGTCTT-4,GARQ,D18,0,40,40,34,0.10454196,T.CD4.Memory
GCAAGTGCATCCATCT-4,GARQ,D18,0,40,40,6,0.1198051,Mono.CD14
TACTGCACACGTGCTG-4,GARQ,D18,0,40,40,6,0.08872867,Mono.CD14
AAGGATCCATAGCGAG-4,GARQ,D18,0,40,40,20,0.123957515,T.CD8.Naive
CCTGAGTCACGTGCTG-4,GARQ,D18,0,40,40,23,0.15435886,B.Naive
GCGTTTCTCCGGTTAG-4,GARQ,D18,0,40,40,4,0.091426015,T.CD4.Memory
GTGCTGATCATCAGTA-4,GARQ,D18,0,40,40,6,0.0128906965,Mono.CD14
AGGTTAACAACTAGAA-4,GARQ,D18,0,40,40,34,0.13837516,T.CD4.Naive
AATGAAGGTGGAAGGC-4,GARQ,D18,0,40,40,29,0.017663836,NK
ATAACGACAAGCTTAT-4,GARQ,D18,0,40,40,23,0.13428354,B.Naive
GTAAGGTCAAGTTATC-4,GARQ,D18,0,40,40,21,0.0001487732,Mono.CD14
TCATTACTCGATATTG-4,GARQ,D18,0,40,40,6,0.13265765,Mono.CD14
AGCTTAATCTGCAAGT-4,GARQ,D18,0,40,40,23,0.22740161,B.Naive
TATCCAGCACCGGCTA-4,GARQ,D18,0,40,40,21,0.0292269,Mono.CD14
AACTAGTGTTAAGCCA-4,GARQ,D18,0,40,40,34,0.007057905,T.CD4.Memory
TTCCCACAGCAAGGAC-4,GARQ,D18,0,40,40,23,0.16138148,B.Naive
GATTGATGTACGTTTC-4,GARQ,D18,0,40,40,23,0.024765372,B.Naive
CGACTAAGTGCGCGTA-4,GARQ,D18,0,40,40,21,0.016964316,Mono.CD14
CTTGCGCGTTGAGCCG-4,GARQ,D18,0,40,40,4,0.073519826,T.CD8.Effector
GCAGGTGAGCAACATC-4,GARQ,D18,0,40,40,23,0.2383312,B.Naive
GGGCATGAGTTATCTC-4,GARQ,D18,0,40,40,21,0.040951848,Mono.CD14
GTTCTTAGTAAAGCAA-4,GARQ,D18,0,40,40,4,0.0147765875,T.CD8.Effector
CTTGTTCCAACAGCCT-4,GARQ,D18,0,40,40,23,0.123152494,B.Naive
CTGACCAAGGCGGGTA-4,GARQ,D18,0,40,40,23,0.07194364,B.Naive
CCGCAAATCGGGCCAT-4,GARQ,D18,0,40,40,6,0.07274115,Mono.CD14
AAGCCTTAGTAGGCGG-4,GARQ,D18,0,40,40,23,0.21586394,B.Naive
AAGTTAGCACGTGCTG-4,GARQ,D18,0,40,40,0,0.043918848,T.CD4.Memory
CTGTTGGAGGCATGAA-4,GARQ,D18,0,40,40,23,0.12717581,B.Naive
GAGTTGCGTGGCTTCC-4,GARQ,D18,0,40,40,20,0.043541074,T.CD4.Memory
TTCAACCGTTTAGCTC-4,GARQ,D18,0,40,40,23,0.2443459,B.Naive
CCCTAATGTACGCGCA-4,GARQ,D18,0,40,40,34,0.354236,T.CD4.Naive
GTTTAGCAGGCGGATG-4,GARQ,D18,0,40,40,20,0.10788101,T.CD8.Effector
AAGCGGGTCCCTGGAA-4,GARQ,D18,0,40,40,23,0.17748863,B.Naive
CGGCAATGTAGGATTT-4,GARQ,D18,0,40,40,23,0.3682468,B.Naive
CTTATGTTCACTTTAC-4,GARQ,D18,0,40,40,6,0.114175916,Mono.CD14
ATCAAGACATGCTATG-4,GARQ,D18,0,40,40,32,0.016006947,Mono.CD14
CAGGGCTTCATTACAG-4,GARQ,D18,0,40,40,6,0.0742048,Mono.CD14
TTTAAGGTCTTGGATA-4,GARQ,D18,0,40,40,23,0.14345205,B.Naive
GAAGCCTGTTAGACCA-4,GARQ,D18,0,40,40,27,0.025993347,T.CD4.Naive
CCGCTAGCACAAACTT-4,GARQ,D18,0,40,40,4,0.03873235,T.CD4.Memory
GGTGCTGGTAATTAGC-4,GARQ,D18,0,40,40,23,0.21827269,B.Naive
GTACTTAAGGTTTGAC-4,GARQ,D18,0,40,40,23,0.053247213,B.Naive
CCACATTGTCATGCCC-4,GARQ,D18,0,40,40,4,0.20930195,T.CD8.Effector
GTCTTTAGTCTATCGT-4,GARQ,D18,0,40,40,38,0.14899921,NK
TTTGGCTGTCATCCTG-4,GARQ,D18,0,40,40,23,0.31271505,B.Naive
ATGTAAGCATAAGCAA-4,GARQ,D18,0,40,40,4,0.10380423,T.CD4.Memory
TCAAACCAGCGGGCAA-4,GARQ,D18,0,40,40,18,0.004020691,T.CD4.Naive
GACAATACAGGCAAGC-4,GARQ,D18,0,40,40,23,0.1264422,B.Naive
AGGTTGCGTACTTAGG-4,GARQ,D18,0,40,40,4,0.046488523,T.CD8.Effector
GGTACTTAGCCATCAG-4,GARQ,D18,0,40,40,34,0.06405711,T.CD4.Naive
ACCAAACTCCTTCGTA-4,GARQ,D18,0,40,40,6,0.03213215,Mono.CD14
AAGCTCCCAACCCTAA-4,GARQ,D18,0,40,40,23,0.20263243,B.Naive
GAACCGCTCCGTAAAC-4,GARQ,D18,0,40,40,21,0.043529987,Mono.CD14
CACAGGGAGTAAGTGG-4,GARQ,D18,0,40,40,4,0.012114406,T.CD4.Memory
ATTGCAGGTGCATTAG-4,GARQ,D18,0,40,40,21,0.010276794,Mono.CD16
GAGGTACAGTTCCCAC-4,GARQ,D18,0,40,40,23,0.1217649,B.Naive
GAGGTACAGCAAGATG-4,GARQ,D18,0,40,40,6,0.0010858774,Mono.CD14
GAGCTTGTCGCTCACT-4,GARQ,D18,0,40,40,23,0.097230315,B.Naive
AGTACGCGTTGTAACG-4,GARQ,D18,0,40,40,6,0.104173064,Mono.CD14
GTCCTCAGTCCGCTGT-4,GARQ,D18,0,40,40,23,0.12920368,B.Naive
CATGCATAGTTAACCA-4,GARQ,D18,0,40,40,23,0.020433784,B.Naive
AAACGGATCTCACTAT-4,GARQ,D18,0,40,40,23,0.11297226,B.Naive
TACGGTTAGTCATGCG-4,GARQ,D18,0,40,40,34,0.01712966,T.CD4.Memory
AGTGAGTCAGCAACAG-4,GARQ,D18,0,40,40,23,0.15840387,B.Naive
CTGGATGTCACGCCAA-4,GARQ,D18,0,40,40,23,0.10210276,B.Naive
TGGCCTGCACGAATCC-4,GARQ,D18,0,40,40,4,0.07588142,T.CD4.Memory
ATTATGGTCAGGGCCT-4,GARQ,D18,0,40,40,37,0.27274168,NK
ATGGCCGGTGCGCAAT-4,GARQ,D18,0,40,40,23,0.12092841,B.Naive
TTTCCACCATGCTTAG-4,GARQ,D18,0,40,40,4,0.08353937,T.CD8.Effector
TCGCATTGTCACAAAT-4,GARQ,D18,0,40,40,11,0.04603696,T.CD4.Memory
GTGGATGCAGCATTAT-4,GARQ,D18,0,40,40,23,0.12970817,B.Naive
GCACGAACAGTAAAGC-4,GARQ,D18,0,40,40,4,0.011077642,T.CD8.Effector
TTCCTCAAGATGCCTG-4,GARQ,D18,0,40,40,34,0.16907072,T.CD4.Naive
AGTAAGTAGCACAGCC-4,GARQ,D18,0,40,40,37,0.08560562,NK
TAATCACCAGGTATTT-4,GARQ,D18,0,40,40,23,0.20292294,B.Naive
ATAAGTCGTCAAGTGC-4,GARQ,D18,0,40,40,18,0.109824,T.CD4.Memory
TCGGTTTGTTTACTTG-4,GARQ,D18,0,40,40,23,0.2093767,B.Naive
AATTGTGTCCAATTAG-4,GARQ,D18,0,40,40,23,0.2814635,B.Naive
CCTAAGTAGCCGCAGT-4,GARQ,D18,0,40,40,1,0.07668167,T.CD8.Effector
ATCCGTGAGGCGTAAA-4,GARQ,D18,0,40,40,23,0.26307416,B.Naive
TCTACCTCATTATGCG-4,GARQ,D18,0,40,40,23,0.16548157,B.Naive
ATGTCCACAACTAACT-4,GARQ,D18,0,40,40,18,0.034793913,T.CD4.Naive
AAACCGAAGTTGGGCC-4,GARQ,D18,0,40,40,23,0.11239421,B.Naive
CACCTGTTCACTAATG-4,GARQ,D18,0,40,40,20,0.04372084,T.CD4.Memory
TGTGAAACAGTTTGGC-4,GARQ,D18,0,40,40,23,0.33439147,B.Naive
TCGTTTCCAAATTCGT-4,GARQ,D18,0,40,40,4,0.09210861,T.CD8.Effector
GTTTCAGCAGCACGAA-4,GARQ,D18,0,40,40,6,0.12139797,Mono.CD14
GTGAGCGAGGGACCTC-4,GARQ,D18,0,40,40,4,0.074486375,T.CD4.Memory
TTGTTGCGTAGTTGGC-4,GARQ,D18,0,40,40,4,0.06434929,T.CD8.Effector
TGGTCATAGGCTAATC-4,GARQ,D18,0,40,40,23,0.024917483,B.Naive
CAATCCTGTGTTTGAG-4,GARQ,D18,0,40,40,34,0.07674891,T.CD8.Naive
ATTTAGGTCAATGTCA-4,GARQ,D18,0,40,40,23,0.06999326,B.Naive
CCTTATGTCCAAGTGT-4,GARQ,D18,0,40,40,23,0.17334414,B.Naive
CTACTAAAGTAGCTTA-4,GARQ,D18,0,40,40,26,0.05675733,B.Naive
ATTCACTTCTTACTCG-4,GARQ,D18,0,40,40,4,0.09821093,T.CD8.Effector
TGAAGGATCTCACTAT-4,GARQ,D18,0,40,40,18,0.0685761,T.CD4.Naive
GAGTTACTCAGGAAGC-4,GARQ,D18,0,40,40,23,0.21408749,B.Naive
GCAGGAAGTGTCCAAA-4,GARQ,D18,0,40,40,4,0.10410863,T.CD4.Memory
GTTCTCATCATGTTTC-4,GARQ,D18,0,40,40,4,0.079283476,T.CD4.Memory
AAGAATCAGAGGAAGG-4,GARQ,D18,0,40,40,23,0.18727386,B.Naive
GCCTCAAAGCACCACA-4,GARQ,D18,0,40,40,23,0.1737206,B.Naive
GCGCTTAAGGGATGAC-4,GARQ,D18,0,40,40,4,0.06281638,T.CD8.Effector
TCCTCACAGTTAGAGG-4,GARQ,D18,0,40,40,23,0.0803082,B.Naive
CGCATATAGCTGTAAC-4,GARQ,D18,0,40,40,34,0.2733251,T.CD4.Naive
GGTTAGCGTTCATTTG-4,GARQ,D18,0,40,40,34,0.014160514,T.CD4.Memory
ATGTCATCACTGGCTG-4,GARQ,D18,0,40,40,4,0.08448875,T.CD8.Effector
TAGTGGCGTATTTGCC-4,GARQ,D18,0,40,40,23,0.057796955,B.Activated
AAGCAAGTCTGCAACG-4,GARQ,D18,0,40,40,23,0.036922336,B.Naive
TCGTTATTCACAAGCT-4,GARQ,D18,0,40,40,18,0.030369878,T.CD4.Memory
AACCCGCAGCAATAGG-4,GARQ,D18,0,40,40,6,0.0466038,Mono.CD14
TCAAGGTTCAAACCGT-4,GARQ,D18,0,40,40,23,0.1692388,B.Naive
GCGCAATGTGTTAGCA-4,GARQ,D18,0,40,40,11,0.05485177,T.CD8.Effector
TCAACAATCGTGCCTT-4,GARQ,D18,0,40,40,11,0.028079033,T.CD8.Effector
TTTACGCGTCCTTCTC-4,GARQ,D18,0,40,40,0,0.014095187,T.CD8.Effector
TTGCACACAATAACCT-4,GARQ,D18,0,40,40,23,0.1255604,B.Naive
GGGTATTTCCCTGGAA-4,GARQ,D18,0,40,40,20,0.08602214,T.CD4.Memory
TCGTTACGTGGTTCTT-4,GARQ,D18,0,40,40,27,0.00903368,T.CD8.Naive
GTTGGCCAGGAAGCTA-4,GARQ,D18,0,40,40,4,0.12461269,T.CD4.Memory
AACTAGCTCGTTAACA-4,GARQ,D18,0,40,40,6,0.10210705,Mono.CD14
TCGTTAAAGGCCTGGT-4,GARQ,D18,0,40,40,11,0.07307255,T.CD8.Effector
ATTATCCTCTAATCCT-4,GARQ,D18,0,40,40,6,0.010238647,Mono.CD14
ATGGTGCGTTACTTGC-4,GARQ,D18,0,40,40,23,0.1829642,B.Naive
ATCGCCCGTAAACAAG-4,GARQ,D18,0,40,40,11,0.008852243,T.CD4.Memory
CGATCCTTCCGGAACC-4,GARQ,D18,0,40,40,6,0.046393156,Mono.CD14
AACATAGCAGTTGCGT-4,GARQ,D18,0,40,40,4,0.11386669,T.CD4.Memory
CGTAACCCATATAACC-4,GARQ,D18,0,40,40,23,0.013828754,B.Naive
AAACGGATCGATTATG-4,GARQ,D18,0,40,40,4,0.017356515,T.CD4.Memory
TGATGACTCCGCCAAA-4,GARQ,D18,0,40,40,23,0.22573912,B.Naive
GCACATTAGGCAATAG-4,GARQ,D18,0,40,40,6,0.021299839,Mono.CD14
GCGTAACGTAACTACG-4,GARQ,D18,0,40,40,23,0.29518294,B.Naive
AACATTGTCGTTAACA-4,GARQ,D18,0,40,40,18,0.049437046,T.CD4.Naive
GGTTGCTCAGGTTTGC-4,GARQ,D18,0,40,40,20,0.101545334,T.CD4.Memory
GGATACTTCATGCGTG-4,GARQ,D18,0,40,40,9,0.043924093,T.CD4.Memory
GGCCTTAAGGTGCGGA-4,GARQ,D18,0,40,40,37,0.46782732,NK
ACCTGGATCGAAGCGG-4,GARQ,D18,0,40,40,23,0.09149408,B.Naive
AGAAGGTGTACCTTAC-4,GARQ,D18,0,40,40,21,0.03249705,Platelets
TCCCTCACACCTCAGG-4,GARQ,D18,0,40,40,34,0.2920556,T.CD4.Memory
ACCTGTTGTCCAAGAC-4,GARQ,D18,0,40,40,20,0.06934118,T.CD4.Naive
GGATGGCCACAGGGAC-4,GARQ,D18,0,40,40,4,0.088241935,T.CD8.Effector
GGTACCGGTCAATAGT-4,GARQ,D18,0,40,40,18,0.085731626,T.CD4.Memory
TGCTGGATCATCACTT-4,GARQ,D18,0,40,40,34,0.034895062,T.CD4.Naive
AGCCGCTAGGTGAGAC-4,GARQ,D18,0,40,40,6,0.12593508,Mono.CD14
GATTGCGTCAGCTAAC-4,GARQ,D18,0,40,40,13,0.19047594,T.CD4.Memory
TTGTCCATCGATCAGT-4,GARQ,D18,0,40,40,4,0.09664476,T.CD8.Effector
GCGTGCTAGTTCCCGT-4,GARQ,D18,0,40,40,23,0.27555585,B.Naive
GGAGGTTAGCTTTGGG-4,GARQ,D18,0,40,40,32,0.0039925575,Mono.CD14
GTTGGAGCATTGTGTG-4,GARQ,D18,0,40,40,4,0.067834556,T.CD8.Effector
TTAACCAAGGTGTTAC-4,GARQ,D18,0,40,40,20,0.032149553,T.CD4.Naive
GATTACTCATTGCGTA-4,GARQ,D18,0,40,40,4,0.18055713,T.CD8.Effector
GGTTACCCAATGCCTA-4,GARQ,D18,0,40,40,6,0.030974746,Mono.CD14
CTTATGTTCATTTGCT-4,GARQ,D18,0,40,40,4,0.107185245,T.CD4.Memory
ATTGTGATCAATGTCA-4,GARQ,D18,0,40,40,18,0.08224058,T.CD8.Naive
GATCACTAGCGAAGTA-4,GARQ,D18,0,40,40,18,0.0060228705,T.CD4.Memory
GTTTACCGTCAACAAT-4,GARQ,D18,0,40,40,20,0.032049656,T.CD4.Naive
GTAAAGCCATGTTGGC-4,GARQ,D18,0,40,40,23,0.09086442,B.Naive
TCGGTTACAGGTTAAA-4,GARQ,D18,0,40,40,4,0.055490375,T.CD4.Memory
GGTTGACGTCGTTACT-4,GARQ,D18,0,40,40,23,0.1382488,B.Naive
GCTTCGCGTCAGTAAT-4,GARQ,D18,0,40,40,4,0.1314764,T.CD8.Effector
CATCATAAGAACCTGT-4,GARQ,D18,0,40,40,27,0.08164561,T.CD4.Naive
CAATCCTGTTATCGAG-4,GARQ,D18,0,40,40,18,0.063055515,T.CD4.Memory
GACGCAACAGCATGGA-4,GARQ,D18,0,40,40,18,0.03329277,T.CD4.Naive
ATGGCTGTCGCTATAA-4,GARQ,D18,0,40,40,20,0.04323101,T.CD8.Naive
TATTTGGAGCATGCAT-4,GARQ,D18,0,40,40,36,0.08054638,T.CD4.Memory
CTCCAACTCCGGGACT-4,GARQ,D18,0,40,40,18,0.062935114,T.CD8.Naive
CCTTTAGTCTTAGGAC-4,GARQ,D18,0,40,40,4,0.15485299,T.CD4.Memory
TACTGGCCACCCACCT-4,GARQ,D18,0,40,40,37,0.069504976,NK
AAGCGTTTCAACAAGG-4,GARQ,D18,0,40,40,37,0.21307963,T.CD8.Effector
GCTGACCAGTAACCAC-4,GARQ,D18,0,40,40,23,0.19884443,B.Naive
TATGTGATCCCGCCTA-4,GARQ,D18,0,40,40,27,0.110925674,T.CD4.Naive
GTTTACCGTCAAGTGC-4,GARQ,D18,0,40,40,4,0.088596106,T.CD4.Memory
GAGTCAAAGCGCTCAA-4,GARQ,D18,0,40,40,20,0.044818044,T.CD4.Memory
TCATTGCGTGGTTAGC-4,GARQ,D18,0,40,40,18,0.049301267,T.CD4.Memory
GTTCTTAGTAACGAGG-4,GARQ,D18,0,40,40,38,0.09523976,NK
CACTTAAAGTAAGGGC-4,GARQ,D18,0,40,40,23,0.045904994,B.Naive
CTAGTCGAGAAAGGAA-4,GARQ,D18,0,40,40,18,0.009605885,T.CD4.Memory
GTTAACCAGGCGGATG-4,GARQ,D18,0,40,40,38,0.08161569,NK
AAAGGAGCAAGTGAAC-4,GARQ,D18,0,40,40,20,0.013810337,T.CD8.Effector
TACGGATTCACAGACT-4,GARQ,D18,0,40,40,18,0.12891328,T.CD4.Naive
AATCAGGAGGTTACAC-4,GARQ,D18,0,40,40,23,0.15271163,B.Naive
GGGTTATTCACATTGA-4,GARQ,D18,0,40,40,11,0.27402508,T.CD8.Effector
GGTGATTTCCAGGTTG-4,GARQ,D18,0,40,40,20,0.009971619,T.CD4.Naive
CATAGGTTCATCACTT-4,GARQ,D18,0,40,40,1,0.07593274,T.CD8.Effector
GATTGGTTCTCTAGCC-4,GARQ,D18,0,40,40,23,0.012284756,B.Naive
CATTTGTTCCCTCGCA-4,GARQ,D18,0,40,40,20,0.061937094,T.CD4.Naive
CAACAATGTCCTAAGA-4,GARQ,D18,0,40,40,23,0.29873908,B.Naive
TGGTTAATCATTTGCT-4,GARQ,D18,0,40,40,38,0.09598577,NK
GAAAGGCTCGTTCACC-4,GARQ,D18,0,40,40,27,0.01207912,T.CD4.Memory
GGATATTGTGCTAGCG-4,GARQ,D18,0,40,40,20,0.01746142,T.CD4.Memory
CACAATATCCCGTTGT-4,GARQ,D18,0,40,40,4,0.0041347146,NK
CTCGCTAGTCCTTCTC-4,GARQ,D18,0,40,40,12,0.036329627,NK
GTGTAACTCAATACGC-4,GARQ,D18,0,40,40,4,0.12006831,T.CD4.Memory
CAAACTGGTTTGCAGA-4,GARQ,D18,0,40,40,20,0.030342221,T.CD8.Naive
ATGTAACGTCAGGAAG-4,GARQ,D18,0,40,40,20,0.004317522,T.CD4.Memory
ACCAAACTCATAACTG-4,GARQ,D18,0,40,40,4,0.030409575,T.CD4.Memory
CCTAATCGTAGTTAAC-4,GARQ,D18,0,40,40,18,0.08410066,T.CD4.Naive
GGTTAGCGTTGCAATG-4,GARQ,D18,0,40,40,20,0.24084234,T.CD4.Memory
ACCACATAGACAGGTA-4,GARQ,D18,0,40,40,4,0.02414769,T.CD4.Memory
AGGATATAGCTTAGCG-4,GARQ,D18,0,40,40,6,0.17368293,Mono.CD14
TGGTGCATCCATAAGC-4,GARQ,D18,0,40,40,18,0.045797586,T.CD4.Naive
GATCGCTCACAGGAAT-4,GARQ,D18,0,40,40,27,0.06630814,T.CD4.Naive
CATTTGTTCGGTTTCC-4,GARQ,D18,0,40,40,20,0.10331035,T.CD4.Memory
ATGAAGCCAATCCTAG-4,GARQ,D18,0,40,40,20,0.025114775,T.CD4.Naive
GGGAGTAGTTAATGCG-4,GARQ,D18,0,40,40,20,0.0706923,T.CD4.Memory
GATGCATTCTCAATTC-4,GARQ,D18,0,40,40,17,0.0074367523,T.CD4.Memory
AGCACTTAGCCAAATC-4,GARQ,D18,0,40,40,4,0.00045740604,T.CD4.Memory
TATTCGTTCGTGCTAG-4,GARQ,D18,0,40,40,21,0.007724166,Mono.CD14
ATGTCAATCATTAGTG-4,GARQ,D18,0,40,40,30,0.024824262,T.CD8.Naive
TACCAAATCAGCTAAC-4,GARQ,D18,0,40,40,20,0.072268486,T.CD4.Naive
CGTGAGGAGCTAAGTC-4,GARQ,D18,0,40,40,18,0.003313899,T.CD4.Naive
TATGTGATCACACAGT-4,GARQ,D18,0,40,40,34,0.049111843,T.CD4.Naive
GCTCAACCAGTAGCCT-4,GARQ,D18,0,40,40,37,0.019738555,NK
CCTGCTCCAAACGCGA-4,GARQ,D18,0,40,40,11,0.10122168,T.CD4.Memory
CGTCATTGTTTAGCGA-4,GARQ,D18,0,40,40,20,0.084879875,T.CD4.Naive
ACAACAGAGTTGCCTC-4,GARQ,D18,0,40,40,4,0.11969674,T.CD8.Effector
AGCCAGTGTCATGCAA-4,GARQ,D18,0,40,40,4,0.015851974,T.CD4.Memory
GTTTGTAAGTTGGCCA-4,GARQ,D18,0,40,40,18,0.15306258,T.CD4.Naive
AATTGGACAATCGCAC-4,GARQ,D18,0,40,40,5,0.12723684,T.CD4.Naive
ATTGGCTAGAGGAAGG-4,GARQ,D18,0,40,40,38,0.062492073,NK
TCAAACCAGCCTTAAA-4,GARQ,D18,0,40,40,20,0.12383211,T.CD4.Memory
AAACGGATCCCTGGTT-4,GARQ,D18,0,40,40,4,0.015611827,T.CD8.Effector
TACAAGCTCAAACCGT-4,GARQ,D18,0,40,40,4,0.13730264,T.CD4.Memory
GACCTGCAGTAACCCG-4,GARQ,D18,0,40,40,20,0.08121389,T.CD4.Memory
CGAGGTGAGTGCACGC-4,GARQ,D18,0,40,40,38,0.045924425,NK
TTCTTAGGTTCCGCAC-4,GARQ,D18,0,40,40,18,0.10580826,T.CD4.Memory
CCCAACCGTAGCTAAT-4,GARQ,D18,0,40,40,15,0.089378476,T.CD4.Memory
GATTTGCAGGAAGCTA-4,GARQ,D18,0,40,40,20,0.010791361,T.CD4.Naive
GAGTAACCATGGCCCA-4,GARQ,D18,0,40,40,27,0.02891779,T.CD4.Naive
TCATTACTCCTCCTAA-4,GARQ,D18,0,40,40,18,0.014028907,T.CD4.Memory
CTCATTTAGCATTATG-4,GARQ,D18,0,40,40,4,0.076217175,T.CD8.Effector
TTCACTGTCTGTTGCC-4,GARQ,D18,0,40,40,20,0.073771596,T.CD4.Memory
TAAGCTATCATAATCG-4,GARQ,D18,0,40,40,20,0.033812046,T.CD8.Naive
ACTAAAGCAAGTAAGC-4,GARQ,D18,0,40,40,20,0.11676848,T.CD4.Memory
TACCGTTGTTTCAGGA-4,GARQ,D18,0,40,40,20,0.038671255,T.CD4.Memory
GCTGCACAGGCGGATG-4,GARQ,D18,0,40,40,23,0.3289702,B.Naive
CTTATTGGTTACGCGG-4,GARQ,D18,0,40,40,4,0.011476994,T.CD8.Effector
ACTAACCAGGCATTAC-4,GARQ,D18,0,40,40,10,0.01793176,T.CD4.Naive
GGCTTAAGTTACGCAA-4,GARQ,D18,0,40,40,15,0.08059609,T.CD4.Memory
CCTTATGTCGTTAACA-4,GARQ,D18,0,40,40,20,0.08474493,T.CD4.Naive
AGCCGGTTCGGTAACT-4,GARQ,D18,0,40,40,20,0.03773856,T.CD4.Naive
AGACCCGGTTTGGTTC-4,GARQ,D18,0,40,40,17,0.022827268,T.CD4.Memory
GCCTAATAGGTTTACA-4,GARQ,D18,0,40,40,17,0.030762315,T.CD4.Memory
AAGTGCAAGTTAGCCG-4,GARQ,D18,0,40,40,5,0.0025126934,T.CD8.Naive
ACAGGAATCATGAGCT-4,GARQ,D18,0,40,40,39,0.034754634,NK
CTACCTCAGCACTAGT-4,GARQ,D18,0,40,40,4,0.027022004,T.CD4.Memory
TGGAACAAGCACAGCC-4,GARQ,D18,0,40,40,23,0.1791898,B.Naive
AAGTGTTGTTAGGTGC-4,GARQ,D18,0,40,40,6,0.0880537,Mono.CD14
TGAGGCACAGGATGGC-4,GARQ,D18,0,40,40,18,0.008439541,T.CD8.Effector
GGTTTAATCTTAGTGA-4,GARQ,D18,0,40,40,18,0.032896042,T.CD4.Naive
GTTTACCGTCATGAGC-4,GARQ,D18,0,40,40,27,0.01790452,T.CD4.Naive
ACACAATGTACTTCAC-4,GARQ,D18,0,40,40,18,0.024977684,T.CD8.Naive
CTAACCACAGGCTACT-4,GARQ,D18,0,40,40,20,0.17631412,T.CD4.Memory
CATCATAAGACTAAGG-4,GARQ,D18,0,40,40,5,0.0655067,T.CD8.Naive
TCGCCCATCATAGACC-4,GARQ,D18,0,40,40,21,0.043952942,Mono.CD14
AAACCGCGTGCTTACT-4,GARQ,D18,0,40,40,20,0.048965216,T.CD4.Memory
GCACCTAAGAAAGCAT-4,GARQ,D18,0,40,40,18,0.068555236,T.CD4.Naive
TGCACTTGTTTAAAGC-4,GARQ,D18,0,40,40,27,0.031271696,T.CD4.Naive
AACCTTGCAAGATTCT-4,GARQ,D18,0,40,40,11,0.017767668,T.CD8.Effector
TCCCTCACAATAGCAA-4,GARQ,D18,0,40,40,23,0.22875929,B.Naive
TTGGATTCACTTAACG-4,GARQ,D18,0,40,40,27,0.030578196,T.CD8.Naive
TAGCTAATCAAACCTA-4,GARQ,D18,0,40,40,4,0.00478369,T.CD8.Effector
TTGAGGCGTAATGGAA-4,GARQ,D18,0,40,40,27,0.079128146,T.CD4.Memory
AAGCGCTGTGTTTCAC-4,GARQ,D18,0,40,40,20,0.01664114,T.CD4.Naive
ATGAAGTAGGCCGGAA-4,GARQ,D18,0,40,40,11,0.01648891,T.CD8.Effector
TTAAGTGTCCACCTTA-4,GARQ,D18,0,40,40,18,0.0033210516,T.CD4.Naive
CCAGCCTGTTACTTCA-4,GARQ,D18,0,40,40,11,0.00060236454,T.CD8.Naive
ACGAAGTCAGCATGGA-4,GARQ,D18,0,40,40,20,0.007894278,T.CD4.Naive
AGCTTGGTCCGCTAGA-4,GARQ,D18,0,40,40,23,0.32508755,B.Naive
GAACACAAGCAAGACA-4,GARQ,D18,0,40,40,18,0.016607761,T.CD4.Naive
GTGCTGGGTGTTTGAG-4,GARQ,D18,0,40,40,18,0.008197904,T.CD4.Memory
TAAGGCTTCCGGAACC-4,GARQ,D18,0,40,40,20,0.05938661,T.CD4.Memory
TGAGCCGGTGTGTCCC-4,GARQ,D18,0,40,40,20,0.09672809,T.CD4.Naive
AAAGGTTAGGCAATAG-4,GARQ,D18,0,40,40,20,0.018075824,T.CD4.Memory
AATAACCGTAATGGAA-4,GARQ,D18,0,40,40,20,0.07801527,T.CD4.Memory
CGCAAATTCGAGCTAT-4,GARQ,D18,0,40,40,39,0.08717203,T.CD8.Effector
GCGTGCTAGTAAGTCC-4,GARQ,D18,0,40,40,20,0.14285684,T.CD4.Naive
ACAACACTCAAGCTTA-4,GARQ,D18,0,40,40,11,0.020121098,T.CD4.Memory
AGTTGCGTCTGCAAGT-4,GARQ,D18,0,40,40,20,0.036848903,T.CD4.Naive
AGTATAGCATTGTGAT-4,GARQ,D18,0,40,40,24,0.10328567,T.CD4.Naive
GAAACCCGTGAAGCCT-4,GARQ,D18,0,40,40,20,0.0369395,T.CD4.Memory
GTGCTGATCGTTAGCG-4,GARQ,D18,0,40,40,18,0.068489015,T.CD8.Effector
GCTTATCGTTCAAGCA-4,GARQ,D18,0,40,40,20,0.07823777,T.CD4.Naive
CTGGTCAAGTTATCCT-4,GARQ,D18,0,40,40,18,0.070471406,T.CD8.Naive
TGAAGGATCGCTAGCA-4,GARQ,D18,0,40,40,9,0.042654097,T.CD4.Memory
ACGCCTTTCCTCAGTC-4,GARQ,D18,0,40,40,23,0.18234134,B.Naive
TCTCAATTCTGCAACG-4,GARQ,D18,0,40,40,18,0.016202927,T.CD4.Naive
TGGTCAGTCATGCTCC-4,GARQ,D18,0,40,40,20,0.06411147,T.CD4.Memory
TGCATGAGTTGCAATG-4,GARQ,D18,0,40,40,18,0.049699247,T.CD4.Memory
ATGCTTAAGGCATTAC-4,GARQ,D18,0,40,40,18,0.050381184,T.CD4.Naive
ATTCAACCACAAAGAC-4,GARQ,D18,0,40,40,18,0.007500291,T.CD8.Effector
TTGGCGGGTTTATGGG-4,GARQ,D18,0,40,40,9,0.019560397,T.CD8.Effector
TGATGACTCTCCATGC-4,GARQ,D18,0,40,40,15,0.053827286,T.CD8.Effector
AATCAGGAGTCATTTC-4,GARQ,D18,0,40,40,9,0.021443129,T.CD4.Memory
TCCATGCTCTATCGCC-4,GARQ,D18,0,40,40,20,0.025242269,T.CD4.Memory
GACTAATGTGGCTTCC-4,GARQ,D18,0,40,40,20,0.018063426,T.CD4.Naive
TAGGAGGGTCAAGTAT-4,GARQ,D18,0,40,40,12,0.067907214,NK
CTAACCTGTAACGTGC-4,GARQ,D18,0,40,40,38,0.2309531,NK
GTATGTTCACTCAACA-4,GARQ,D18,0,40,40,18,0.03602749,T.CD4.Naive
TGGTTCCTCACTAATG-4,GARQ,D18,0,40,40,20,0.040870667,T.CD8.Naive
TCTCACCAGGCAAGTA-4,GARQ,D18,0,40,40,17,0.02350092,T.CD4.Memory
GGAGCAAGTTTGCTGT-4,GARQ,D18,0,40,40,18,0.0010878444,T.CD8.Naive
CAGAATCTCTAACTGA-4,GARQ,D18,0,40,40,23,0.14301479,B.Naive
GCTGTAAGTTACCGGG-4,GARQ,D18,0,40,40,20,0.038283348,T.CD4.Memory
CGAGTCGGTGCTCCAC-4,GARQ,D18,0,40,40,4,0.15960687,T.CD4.Memory
CTCACTCAGGGATGCG-4,GARQ,D18,0,40,40,28,0.055149555,T.CD4.Naive
TACATCAAGTAATCCA-4,GARQ,D18,0,40,40,20,0.053223014,T.CD4.Memory
AGGTGAATCGATTTAG-4,GARQ,D18,0,40,40,23,0.32701135,B.Naive
TGACCTTGTTACGCGG-4,GARQ,D18,0,40,40,9,0.05519682,T.CD8.Effector
AAGTGCAAGGCGCTTA-4,GARQ,D18,0,40,40,20,0.08516562,T.CD4.Naive
GATGACTTCACAGGAA-4,GARQ,D18,0,40,40,20,0.044703722,T.CD4.Naive
ACTGAAACATCACAGC-4,GARQ,D18,0,40,40,18,0.022569299,T.CD4.Naive
TGCGATTAGGAACGCG-4,GARQ,D18,0,40,40,20,0.043679595,T.CD4.Memory
CCGGTAGGTTAGAGGG-4,GARQ,D18,0,40,40,20,0.06892991,T.CD4.Memory
GCTGTAAGTTTGCTGT-4,GARQ,D18,0,40,40,5,0.0026003122,T.CD4.Memory
CGCATGATCACACAGT-4,GARQ,D18,0,40,40,27,0.012829959,T.CD4.Naive
ACAGGATCAGCAATAA-4,GARQ,D18,0,40,40,20,0.028966784,T.CD4.Memory
TGGTCAGTCAAGTGAG-4,GARQ,D18,0,40,40,18,0.0043792725,T.CD4.Memory
CGCGGATTCAAACACC-4,GARQ,D18,0,40,40,5,0.06072426,T.CD4.Naive
GAACCTGTCAGGATGA-4,GARQ,D18,0,40,40,20,0.013840795,T.CD4.Naive
CGTGCTGCAGGCGATA-4,GARQ,D18,0,40,40,20,0.015980244,T.CD4.Naive
CAGGGTGAGGTAAGCA-4,GARQ,D18,0,40,40,18,0.005752325,T.CD4.Naive
CGGGTATGTGAACAAA-4,GARQ,D18,0,40,40,20,0.05182302,T.CD4.Naive
TTTACGCGTTCCGGGA-4,GARQ,D18,0,40,40,18,0.01487124,T.CD4.Naive
CTGCTATGTCTTTGAC-4,GARQ,D18,0,40,40,20,0.19606793,T.CD4.Memory
CGTATTGCATGCTATG-4,GARQ,D18,0,40,40,5,0.01374352,T.CD4.Naive
TAGCCTCTCTTAGCCC-4,GARQ,D18,0,40,40,9,0.08054453,T.CD4.Memory
ATTGACTCAGTCTAGC-4,GARQ,D18,0,40,40,11,0.007278204,T.CD8.Effector
GCACGCTAGGTTACGT-4,GARQ,D18,0,40,40,18,0.11137974,T.CD4.Naive
TCTCAATTCGAAGTAG-4,GARQ,D18,0,40,40,20,0.037567377,T.CD4.Memory
TGGGCCTAGCACTTGG-4,GARQ,D18,0,40,40,35,0.41868383,T.CD4.Memory
GAGAACCAGGTGAAGC-4,GARQ,D18,0,40,40,18,0.015858293,T.CD4.Naive
CCAAATCAGTTGTCCC-4,GARQ,D18,0,40,40,20,0.0045278072,T.CD4.Naive
AAATCCGGTACTTAGG-4,GARQ,D18,0,40,40,20,0.002203226,T.CD4.Naive
CCCTTAATCTGGTCCT-4,GARQ,D18,0,40,40,5,0.06997532,T.CD4.Memory
TTATCCGTCATGCAAC-4,GARQ,D18,0,40,40,24,0.07580948,T.CD4.Naive
CAAACTGGTGGTTATG-4,GARQ,D18,0,40,40,10,0.009153366,T.CD4.Naive
TCCAGGTCAGGGAGCT-4,GARQ,D18,0,40,40,20,0.0061569214,T.CD4.Naive
TAGTAACGTTAGACCA-4,GARQ,D18,0,40,40,19,0.029864192,T.CD8.Effector
TTTACGAAGACAACAG-4,GARQ,D18,0,40,40,20,0.10662794,T.CD4.Naive
TACGCACCACTGGCTG-4,GARQ,D18,0,40,40,18,0.020370722,T.CD4.Naive
ACACTAATCTAAGGTC-4,GARQ,D18,0,40,40,23,0.21942735,B.Naive
TTAGCTGCAGCTTAAT-4,GARQ,D18,0,40,40,20,0.0028324127,T.CD8.Naive
GGACTAAAGCTCATAA-4,GARQ,D18,0,40,40,18,0.028577328,T.CD8.Naive
GATGCAGCAAGCGATG-4,GARQ,D18,0,40,40,4,0.017737508,T.CD8.Effector
CTCTGTTCATCCCTCA-4,GARQ,D18,0,40,40,18,0.030287027,T.CD4.Naive
ATCAGGTTCCGGTATG-4,GARQ,D18,0,40,40,20,0.067724824,T.CD4.Naive
ACGGTTTAGAACCTAC-4,GARQ,D18,0,40,40,18,0.035534143,T.CD4.Naive
AGCTACTAGCTAAGTC-4,GARQ,D18,0,40,40,4,0.002650559,T.CD8.Effector
TGCAGGCTCTTAGCGG-4,GARQ,D18,0,40,40,20,0.05164361,T.CD4.Naive
GGATTATGTTGCCTCA-4,GARQ,D18,0,40,40,26,0.0012997389,B.Naive
GGCATGGAGTTAGTGC-4,GARQ,D18,0,40,40,38,0.3169489,NK
GCAATCTAGAGAGGAG-4,GARQ,D18,0,40,40,19,0.016058326,T.CD8.Effector
AATGCGCGTTAGCGTA-4,GARQ,D18,0,40,40,18,0.0031805038,T.CD4.Naive
TAGGTTATCAATCATG-4,GARQ,D18,0,40,40,15,0.06459665,T.CD4.Memory
AACCCGCAGCCGCTTT-4,GARQ,D18,0,40,40,20,0.010665655,T.CD4.Memory
GTATCGCCAGCGCTTG-4,GARQ,D18,0,40,40,20,0.043949604,T.CD8.Naive
TTGGAGGCAACCCTCC-4,GARQ,D18,0,40,40,18,0.07627404,T.CD4.Naive
GTCTTGCTCATTACAG-4,GARQ,D18,0,40,40,18,0.08495295,T.CD4.Memory
GTCATTAAGAACCTAC-4,GARQ,D18,0,40,40,30,0.12907684,T.CD8.Naive
TCCTCAATCCGCATGA-4,GARQ,D18,0,40,40,5,0.021266222,T.CD4.Memory
AGTCGCATCTCGACCT-4,GARQ,D18,0,40,40,5,0.010016084,T.CD4.Naive
AATTGCCAGGGCCATC-4,GARQ,D18,0,40,40,24,0.10589504,T.CD4.Naive
CGAAGTAAGTTTAACG-4,GARQ,D18,0,40,40,33,0.007106662,T.CD4.Memory
AGCACAGCAGCCAGAA-4,GARQ,D18,0,40,40,18,0.033156276,T.CD8.Naive
ACAGCGCTCAACAAGG-4,GARQ,D18,0,40,40,28,0.0032256842,T.CD4.Naive
CAACAGGCAAGGTGGC-4,GARQ,D18,0,40,40,5,0.0076498985,T.CD4.Naive
CTGGATGTCCTTCGTA-4,GARQ,D18,0,40,40,18,0.05203122,T.CD4.Naive
CAGCATGTCGTCCTTA-4,GARQ,D18,0,40,40,18,0.08731985,T.CD8.Effector
TACCGCAAGGAACGGT-4,GARQ,D18,0,40,40,4,0.019399643,T.CD8.Effector
CGGTTTGAGGTCTTGG-4,GARQ,D18,0,40,40,37,0.25538576,NK
GGTTACTAGTAACCCG-4,GARQ,D18,0,40,40,18,0.023304582,T.CD4.Memory
GACATTATCCCTGACT-4,GARQ,D18,0,40,40,15,0.059255242,T.CD4.Memory
CTCTCACAGTCCTTTG-4,GARQ,D18,0,40,40,6,0.010035038,Mono.CD14
TGTAATGTCGGGCCAT-4,GARQ,D18,0,40,40,5,0.07272464,T.CD4.Naive
ATCCATAAGTTGCCTC-4,GARQ,D18,0,40,40,20,0.28472996,T.CD4.Memory
CTACCGGCATTTAAGC-4,GARQ,D18,0,40,40,20,0.016625881,T.CD4.Naive
CGAGGTGAGGCTACAT-4,GARQ,D18,0,40,40,5,0.038234472,T.CD4.Naive
ACCTAAATCACAGCGC-4,GARQ,D18,0,40,40,27,0.050594687,T.CD4.Naive
GCAATCTAGCTCGCTT-4,GARQ,D18,0,40,40,38,0.19893014,NK
TGATTAGTCAATTGGC-4,GARQ,D18,0,40,40,20,0.09773564,T.CD4.Naive
GTGATGAAGCCTGATG-4,GARQ,D18,0,40,40,27,0.011191487,T.CD4.Memory
TATTACCTCGAAGCGG-4,GARQ,D18,0,40,40,23,0.050429583,B.Naive
TTCGTTAGTGCTTAGA-4,GARQ,D18,0,40,40,11,0.02196753,T.CD8.Effector
CCTGGATCATTAGGCC-4,GARQ,D18,0,40,40,39,0.10758543,NK
CTGACATAGCACTAGT-4,GARQ,D18,0,40,40,18,0.14258343,T.CD8.Naive
TCATGTTTCTAATCCT-4,GARQ,D18,0,40,40,24,0.09217143,T.CD4.Naive
TACAACATCCTGAATA-4,GARQ,D18,0,40,40,5,0.0028024912,T.CD4.Naive
GAACTTATCGCGACAC-4,GARQ,D18,0,40,40,20,0.0026003122,T.CD4.Naive
CGTTATCGTTTCCACG-4,GARQ,D18,0,40,40,38,0.2033462,NK
GGATTTATCCTAAGGT-4,GARQ,D18,0,40,40,11,0.1322006,T.CD8.Effector
TTTCGTCCAAACAACA-4,GARQ,D18,0,40,40,14,0.02196467,T.CD8.Naive
TCGCCCATCTGTGAGT-4,GARQ,D18,0,40,40,37,0.09236556,NK
AGGTTAGAGGAACGCG-4,GARQ,D18,0,40,40,18,0.07201469,T.CD4.Naive
TCAGCAAGTAGCTAAT-4,GARQ,D18,0,40,40,23,0.19202912,B.Naive
AGGAACGGTGCTCACC-4,GARQ,D18,0,40,40,5,0.0056613684,T.CD4.Naive
TAGCCTTGTTGGGTTA-4,GARQ,D18,0,40,40,5,0.06276739,T.CD4.Naive
ACAACAACATCGCTTT-4,GARQ,D18,0,40,40,13,0.086560845,T.CD4.Naive
TTCTTAGGTTGACTTC-4,GARQ,D18,0,40,40,4,0.010253191,T.CD4.Memory
AGGTTTATCAATCTAG-4,GARQ,D18,0,40,40,12,0.09287071,T.CD8.Effector
ATTCCTCCACAGAAAC-4,GARQ,D18,0,40,40,5,0.046187043,T.CD4.Memory
TTGTGAGGTATTGGTG-4,GARQ,D18,0,40,40,23,0.2230593,B.Naive
ACAAACTGTTAGGCGT-4,GARQ,D18,0,40,40,20,0.0088733435,T.CD4.Memory
CGAAGAATCGAAGCGG-4,GARQ,D18,0,40,40,27,0.11405516,T.CD4.Naive
GGTTTCTGTTTGTCTA-4,GARQ,D18,0,40,40,20,0.08956742,T.CD4.Naive
GGCTGTCAGTCCTTCA-5,GARQ,D18,0,40,40,0,0.023774147,T.CD4.Memory
GAGCTTGTCCTAAGAC-5,GARQ,D18,0,40,40,6,0.060707092,Mono.CD14
ATGTTTGAGGAAGTAT-5,GARQ,D18,0,40,40,4,0.114810705,T.CD8.Effector
GCAATCTAGATTGAGG-5,GARQ,D18,0,40,40,6,0.03914392,Mono.CD14
CGAATCTAGCTGGCTA-5,GARQ,D18,0,40,40,6,0.08449638,Mono.CD16
TGATTAGTCACGCGGT-5,GARQ,D18,0,40,40,34,0.00385499,T.CD4.Naive
GCTAGCTCAGAGGCTA-5,GARQ,D18,0,40,40,0,0.05078852,T.CD8.Effector
TATGACATCAGGCTAT-5,GARQ,D18,0,40,40,9,0.0147429705,T.CD8.Effector
AAGGTCAAGTATTGGC-5,GARQ,D18,0,40,40,21,0.01652062,Mono.CD14
TGTGCGGGTCAGGCAT-5,GARQ,D18,0,40,40,21,0.012396097,Mono.CD14
ATACCTGCATGAGCAG-5,GARQ,D18,0,40,40,37,0.3485294,NK
ATTAGGTGTGACCTGG-5,GARQ,D18,0,40,40,23,0.1552583,B.Naive
ACCTTGTGTTAGAGCC-5,GARQ,D18,0,40,40,6,0.074127436,Mono.CD14
CAAACCGTCCGCTAGA-5,GARQ,D18,0,40,40,23,0.20472097,B.Naive
ATGCGATTCTGGCAAT-5,GARQ,D18,0,40,40,16,0.2817849,Mono.CD14
GCCAACATCACAGCCA-5,GARQ,D18,0,40,40,23,0.11269617,B.Naive
AGTATAGCACCTGTAA-5,GARQ,D18,0,40,40,23,0.1565007,B.Naive
ATTCACTTCTGTGAGT-5,GARQ,D18,0,40,40,34,0.10677183,T.CD4.Naive
GCCTTTATCACCAATA-5,GARQ,D18,0,40,40,21,0.050901413,Mono.CD14
GTAGGCGAGTCAATTG-5,GARQ,D18,0,40,40,26,0.032501936,B.Naive
GATTCAATCATTACTC-5,GARQ,D18,0,40,40,6,0.0020842552,Mono.CD14
GCTAGTGTCAACCAAC-5,GARQ,D18,0,40,40,6,0.06184733,Mono.CD14
CGCAATCCAAGCTAAA-5,GARQ,D18,0,40,40,21,0.13415372,Mono.CD14
CTCGTTATCGTACCGA-5,GARQ,D18,0,40,40,23,0.16502953,B.Naive
GCTATTGCAGGGAGCT-5,GARQ,D18,0,40,40,16,0.063402176,Mono.CD14
GCCTCCATCACTAAGC-5,GARQ,D18,0,40,40,4,0.053314686,T.CD4.Memory
GGAGCATAGGTGTCCA-5,GARQ,D18,0,40,40,23,0.17208862,B.Naive
CCTCAAACATAACGGG-5,GARQ,D18,0,40,40,37,0.23799145,NK
CTATAACCAATTGAAG-5,GARQ,D18,0,40,40,6,0.13008404,Mono.CD14
GACTCACCATTAGCCA-5,GARQ,D18,0,40,40,26,0.0055606365,B.Naive
GAGTAACCAGCAAGGC-5,GARQ,D18,0,40,40,6,0.0093330145,Mono.CD14
TTTAAGGTCCTGAGTG-5,GARQ,D18,0,40,40,6,0.0006479025,Mono.CD14
ATGTCAATCCATTACT-5,GARQ,D18,0,40,40,21,0.027170062,Mono.CD14
CGATGTCCAATGAGGT-5,GARQ,D18,0,40,40,6,0.018366814,Mono.CD14
GTGGATGCACTAGCGT-5,GARQ,D18,0,40,40,23,0.23624468,B.Naive
GTTGTGAGTGATCATG-5,GARQ,D18,0,40,40,4,0.2595148,T.CD8.Effector
ACGAATCTCTTCAATC-5,GARQ,D18,0,40,40,21,0.013572931,Mono.CD14
TTTAGGATCCTAGTTT-5,GARQ,D18,0,40,40,0,0.20913815,T.CD4.Memory
GGTCAATTCGACAAAG-5,GARQ,D18,0,40,40,21,0.01932621,Mono.CD14
AAGCCTGTCAGGAACA-5,GARQ,D18,0,40,40,21,0.11006248,Mono.CD14
CTATGAGGTTACGCGG-5,GARQ,D18,0,40,40,26,0.017577887,B.Naive
TCTCCTCGTACTTCAC-5,GARQ,D18,0,40,40,4,0.09745467,T.CD8.Effector
ACTTAGGGTCCTAATC-5,GARQ,D18,0,40,40,23,0.2209034,B.Naive
GGTATTTCAGCGCTTG-5,GARQ,D18,0,40,40,16,0.004888296,Mono.CD14
ATAATGGCATTGTGCA-5,GARQ,D18,0,40,40,23,0.16560364,B.Naive
GTTGGAGCAATTAACC-5,GARQ,D18,0,40,40,21,0.05267632,Mono.CD14
GTGATGAAGGGTCTAT-5,GARQ,D18,0,40,40,0,0.48035383,T.CD4.Memory
CGAAGCCTCGAAGCGG-5,GARQ,D18,0,40,40,6,0.09986508,Mono.CD14
ACGCCTAAGTTCCTCA-5,GARQ,D18,0,40,40,23,0.106814384,B.Naive
GATTCGCCAATAGCCC-5,GARQ,D18,0,40,40,32,0.041187644,Mono.CD14
AGTCTTGCATGGCCTG-5,GARQ,D18,0,40,40,6,0.07956612,Mono.CD14
CTTGCAACACCAACCG-5,GARQ,D18,0,40,40,32,0.06150031,Mono.CD14
GCTGTACCAGAATGAC-5,GARQ,D18,0,40,40,16,0.0026459694,Mono.CD14
ACTTGTAAGCCGCTAA-5,GARQ,D18,0,40,40,1,0.019104362,T.CD8.Effector
GCCTTAGAGGCGGGTA-5,GARQ,D18,0,40,40,23,0.082513094,B.Naive
AGGATATAGGACTTAC-5,GARQ,D18,0,40,40,23,0.1756339,B.Naive
GTCAATATCATAGACC-5,GARQ,D18,0,40,40,6,0.06607151,Mono.CD14
TCGTTAAAGATGGAGC-5,GARQ,D18,0,40,40,6,0.018124223,Mono.CD14
GTACTTCGTTCCGCAC-5,GARQ,D18,0,40,40,6,0.058895707,Mono.CD14
ATATGTCCAAATTCGT-5,GARQ,D18,0,40,40,6,0.03815627,Mono.CD14
CCCTTAATCTGGTCCT-5,GARQ,D18,0,40,40,6,0.07641232,Mono.CD14
GGTCATTAGGAACGGT-5,GARQ,D18,0,40,40,23,0.21839178,B.Naive
GGCTCAATCATAGCCG-5,GARQ,D18,0,40,40,6,0.061855674,Mono.CD14
AATTGGGAGCGAGTAA-5,GARQ,D18,0,40,40,6,0.017503142,Mono.CD14
GGAGTGAGTTTACGTC-5,GARQ,D18,0,40,40,23,0.061760426,B.Naive
AGGCAATCAAGGAATC-5,GARQ,D18,0,40,40,32,0.0017704964,Mono.CD14
TAAGTAGCAATGCCTA-5,GARQ,D18,0,40,40,6,0.019363165,Mono.CD14
GAGCAAATCAGCACGC-5,GARQ,D18,0,40,40,4,0.022654176,T.CD4.Memory
GGCCTAATCATTTGTC-5,GARQ,D18,0,40,40,4,0.018159986,T.CD4.Memory
ACGAATCTCCCTCACG-5,GARQ,D18,0,40,40,0,0.030683577,T.CD4.Memory
CGGAGTCTCAGGAACA-5,GARQ,D18,0,40,40,23,0.1298554,B.Naive
GCCGTGAGTAATTAGC-5,GARQ,D18,0,40,40,20,0.0513646,T.CD4.Naive
GGATAACCAGCTTACA-5,GARQ,D18,0,40,40,6,0.085758686,Mono.CD14
CTAATAGTCATGCTTT-5,GARQ,D18,0,40,40,6,0.01267755,Mono.CD14
TTCAGGTAGGGTGAAC-5,GARQ,D18,0,40,40,6,0.015220642,Mono.CD14
TTGGATATCGCCTAAG-5,GARQ,D18,0,40,40,6,0.021674275,Mono.CD14
GTATGTTCAATAGCAA-5,GARQ,D18,0,40,40,6,0.033910036,Mono.CD14
ACGACTTAGTGAGAGC-5,GARQ,D18,0,40,40,6,0.004624009,Mono.CD14
TGTCAATCAACTGGGA-5,GARQ,D18,0,40,40,21,0.02274847,Mono.CD16
ATCCACCTCATAATCG-5,GARQ,D18,0,40,40,34,0.031160831,T.CD8.Naive
GCCACACAGCCACATG-5,GARQ,D18,0,40,40,23,0.2697159,B.Naive
ACCGAAGCAATCCTGA-5,GARQ,D18,0,40,40,6,0.04024577,Mono.CD14
TATTTGGAGTGCACGC-5,GARQ,D18,0,40,40,6,0.011550069,Mono.CD14
AGTGCCGGTTACCTGT-5,GARQ,D18,0,40,40,23,0.1927805,B.Naive
TAATGCATCTCAATGA-5,GARQ,D18,0,40,40,26,0.057014227,B.Naive
AGCGCCTAGAATCGCT-5,GARQ,D18,0,40,40,6,0.033354998,Mono.CD14
GTGCTGATCTAACTGA-5,GARQ,D18,0,40,40,23,0.09225237,B.Naive
TAACCAGGTGATTACG-5,GARQ,D18,0,40,40,23,0.16941893,B.Naive
GGTACTTAGTAGAGGC-5,GARQ,D18,0,40,40,23,0.14866376,B.Naive
CTTTCTTGTTAGCGTA-5,GARQ,D18,0,40,40,21,0.057092667,Mono.CD14
CTTAGGAGTTGAGCCG-5,GARQ,D18,0,40,40,23,0.033937335,B.Naive
GGTCATTAGCGATAAG-5,GARQ,D18,0,40,40,28,0.013588011,T.CD8.Effector
GAAGCCTGTAAGGTCC-5,GARQ,D18,0,40,40,6,0.018256545,Mono.CD14
AGTCGCATCCTAATAG-5,GARQ,D18,0,40,40,21,0.013688803,Mono.CD14
CCTTCAATCAAGCTTA-5,GARQ,D18,0,40,40,4,0.2326132,T.CD4.Memory
GTCGGTTCAACAGGAT-5,GARQ,D18,0,40,40,23,0.14409536,B.Naive
CAAGTGAAGTATTGCA-5,GARQ,D18,0,40,40,21,0.04722607,Mono.CD14
CGACAAGCAGCACGAA-5,GARQ,D18,0,40,40,23,0.09794414,B.Naive
ACGTCCTTCATTGTCT-5,GARQ,D18,0,40,40,34,0.049971104,T.CD4.Naive
TAGCTAGGTTACTTGC-5,GARQ,D18,0,40,40,16,0.002417326,Mono.CD14
AGCATTTCAAAGCGCA-5,GARQ,D18,0,40,40,18,0.024714708,T.CD4.Naive
CAGCCTTTCGACAAAG-5,GARQ,D18,0,40,40,37,0.2723719,NK
TGCATCCTCATGAGCT-5,GARQ,D18,0,40,40,23,0.101879835,B.Naive
AGTGCCGGTGGGTACT-5,GARQ,D18,0,40,40,26,0.05956638,B.Naive
TCGTTACGTTTGCGAA-5,GARQ,D18,0,40,40,0,0.08263123,T.CD4.Memory
CTTGGACCAAGATTCT-5,GARQ,D18,0,40,40,23,0.124914885,B.Naive
CCTTGCGTCGGCTAGC-5,GARQ,D18,0,40,40,4,0.008947492,T.CD8.Effector
GCGCTTGCAACAACAA-5,GARQ,D18,0,40,40,27,0.010395169,T.CD4.Naive
AAACCGCGTATTGCAG-5,GARQ,D18,0,40,40,23,0.21176636,B.Naive
GTTTAACCATAAAGCA-5,GARQ,D18,0,40,40,23,0.061756134,B.Naive
AATTTGGTCTTGCTAT-5,GARQ,D18,0,40,40,23,0.053438902,B.Naive
ATTCCGGAGGGACTAA-5,GARQ,D18,0,40,40,6,0.1094265,Mono.CD14
TTTGAGTCATTAGGCC-5,GARQ,D18,0,40,40,23,0.06465846,B.Naive
CCCTGTTAGCCTAATA-5,GARQ,D18,0,40,40,6,0.13718653,Mono.CD14
CACATTAAGAAGCTAG-5,GARQ,D18,0,40,40,4,0.13824117,T.CD4.Memory
ATAACGACAAGGTGCA-5,GARQ,D18,0,40,40,23,0.16157365,B.Naive
CAGGACCTCTAGCGAT-5,GARQ,D18,0,40,40,16,0.02866745,Mono.CD14
AGGCTAAAGTCATTTC-5,GARQ,D18,0,40,40,23,0.07134831,B.Naive
CGAATCTAGCATGAAG-5,GARQ,D18,0,40,40,23,0.07078302,B.Naive
AGTAGGATCCTACCTA-5,GARQ,D18,0,40,40,18,0.0062692165,T.CD4.Naive
GCTGATCCACTAAATC-5,GARQ,D18,0,40,40,6,0.04115081,Mono.CD14
TATGGTCAGTTAGGCT-5,GARQ,D18,0,40,40,23,0.17195773,B.Naive
AATCCATCATAATCAC-5,GARQ,D18,0,40,40,6,0.022152185,Mono.CD14
GCGAGTGAGCTAAAGG-5,GARQ,D18,0,40,40,28,0.010344386,T.CD8.Effector
GCTCTGTTCCTTGAGG-5,GARQ,D18,0,40,40,23,0.015316844,B.Naive
GGTGATTTCACTAATG-5,GARQ,D18,0,40,40,9,0.04388833,T.CD4.Memory
TCCATTGTCCATAATG-5,GARQ,D18,0,40,40,34,0.015714884,T.CD4.Memory
GAGCGGTCAAAGCGCA-5,GARQ,D18,0,40,40,27,0.03219509,T.CD4.Naive
GCTAATATCCAGGAAA-5,GARQ,D18,0,40,40,19,0.081712425,T.CD4.Memory
ACGAAGTCACCAGGTT-5,GARQ,D18,0,40,40,6,0.035028577,Mono.CD14
CGTTTCTCATCGCTCC-5,GARQ,D18,0,40,40,6,0.171875,Mono.CD14
ACCATAATCATAACTG-5,GARQ,D18,0,40,40,6,0.15020037,Mono.CD14
CAGCCAATCCGGCTAA-5,GARQ,D18,0,40,40,23,0.31651545,B.Naive
GTAATAGCAACACTTG-5,GARQ,D18,0,40,40,23,0.10341632,B.Naive
TCACGGATCACTAAGC-5,GARQ,D18,0,40,40,4,0.09921932,T.CD8.Effector
CGGTTGGGTGCATTTC-5,GARQ,D18,0,40,40,4,0.113161564,T.CD4.Memory
TCAAACCAGTGCTGTG-5,GARQ,D18,0,40,40,21,0.093393564,Mono.CD14
ATTTAGCCAGAATGAC-5,GARQ,D18,0,40,40,37,0.22179878,NK
GACCGTTCATTAGGCC-5,GARQ,D18,0,40,40,32,0.006747365,Mono.CD14
AGTGCACGTTACCGGG-5,GARQ,D18,0,40,40,23,0.061737657,B.Naive
ACCTGTTGTCTATCGT-5,GARQ,D18,0,40,40,23,0.15603042,B.Naive
AAGGTATAGACAAGTG-5,GARQ,D18,0,40,40,4,0.05560541,T.CD8.Effector
AACCTTGCAGGATTAA-5,GARQ,D18,0,40,40,23,0.37164903,B.Naive
TGTTGTAAGTCAATTG-5,GARQ,D18,0,40,40,6,0.039717555,Mono.CD14
GAAGGATGTAGTCAAT-5,GARQ,D18,0,40,40,6,0.0825398,Mono.CD14
CAAGTAACAATAATGG-5,GARQ,D18,0,40,40,23,0.09006405,B.Naive
AGCGCCTAGCAGGTTT-5,GARQ,D18,0,40,40,6,0.02280581,Mono.CD14
GTTGCCCGTCCCGGAA-5,GARQ,D18,0,40,40,23,0.21739519,B.Naive
GAAGTGATCCTGTTCA-5,GARQ,D18,0,40,40,23,0.028453946,B.Naive
GCTAGCTCAATAACCT-5,GARQ,D18,0,40,40,20,0.03177619,T.CD4.Naive
GCAACAGCAAGTGTTT-5,GARQ,D18,0,40,40,9,0.03319496,T.CD4.Memory
ATCCGTGAGGTTTGCG-5,GARQ,D18,0,40,40,23,0.1586616,B.Naive
CTTCGCGTCCAGGGAG-5,GARQ,D18,0,40,40,23,0.1068902,B.Naive
CCTACTGGTACTTAGG-5,GARQ,D18,0,40,40,17,0.06633729,T.CD4.Memory
TCCTTCAAGGTCCACA-5,GARQ,D18,0,40,40,9,0.00536716,T.CD8.Effector
ACAGCGCTCTCGACCT-5,GARQ,D18,0,40,40,4,0.02116549,T.CD4.Memory
GCTCAACCAGGCATGA-5,GARQ,D18,0,40,40,23,0.2063533,B.Naive
CCGCTTAGTTTGACCT-5,GARQ,D18,0,40,40,23,0.022136688,B.Naive
GTTTGCTGTGCCGCAA-5,GARQ,D18,0,40,40,23,0.08327007,B.Naive
GTAGTTATCATTGACA-5,GARQ,D18,0,40,40,23,0.14615345,B.Naive
TATCACGCAGGACCAA-5,GARQ,D18,0,40,40,0,0.01518172,T.CD8.Effector
ATCCTGACAGACAAAC-5,GARQ,D18,0,40,40,23,0.094491005,B.Naive
CTGGTCAAGGAACGCG-5,GARQ,D18,0,40,40,6,0.048590064,Mono.CD14
GGGTTATTCACACAGT-5,GARQ,D18,0,40,40,6,0.024981737,Mono.CD14
ACTATGTCATTGACAT-5,GARQ,D18,0,40,40,23,0.17361057,B.Naive
ATCTATGAGGGTCCAC-5,GARQ,D18,0,40,40,23,0.06679845,B.Naive
AGTCAGGCAATGCCTA-5,GARQ,D18,0,40,40,4,0.045686483,T.CD8.Effector
GTGCTTCTCCAGGGAG-5,GARQ,D18,0,40,40,4,0.04155451,T.CD4.Memory
CTCGCTAGTGTGTGGT-5,GARQ,D18,0,40,40,4,0.12283778,T.CD4.Memory
ACCCAGGGTACCGGAT-5,GARQ,D18,0,40,40,23,0.15800536,B.Naive
GTTAAACGTAGTTAAC-5,GARQ,D18,0,40,40,23,0.21672034,B.Naive
TGTAAGCTCATTGTTC-5,GARQ,D18,0,40,40,9,0.0747661,T.CD4.Memory
AAAGGAGCATCAATCG-5,GARQ,D18,0,40,40,6,0.099410534,Mono.CD14
CACTAGCCAGGCTGTT-5,GARQ,D18,0,40,40,21,0.03068614,Mono.CD14
GCGCGATTCGGCCATA-5,GARQ,D18,0,40,40,37,0.016190171,NK
AAGCCTCCAGCTTAAT-5,GARQ,D18,0,40,40,4,0.042783618,T.CD4.Memory
CCCTGTTAGAACAAGT-5,GARQ,D18,0,40,40,21,0.14245653,Mono.CD14
TACCGTTGTTGACTTC-5,GARQ,D18,0,40,40,21,0.0005425215,Mono.CD14
GCCTATTGTCATTGTC-5,GARQ,D18,0,40,40,20,0.05035925,T.CD4.Naive
AAACGTACAAATTGCT-5,GARQ,D18,0,40,40,21,0.007772684,Mono.CD14
ACAGGATCATCTTGAG-5,GARQ,D18,0,40,40,23,0.07603681,B.Naive
AGACCCGGTGAGCGAA-5,GARQ,D18,0,40,40,10,0.029863775,T.CD4.Naive
ATAAGTCGTAATGGAA-5,GARQ,D18,0,40,40,34,0.0054435134,T.CD4.Memory
TCGGTTCTCTATTGTC-5,GARQ,D18,0,40,40,4,0.006911516,T.CD4.Memory
ACCTTCCAGCAGCTAT-5,GARQ,D18,0,40,40,23,0.10056579,B.Naive
GAAGGCCCATTAGGCC-5,GARQ,D18,0,40,40,37,0.017535865,T.CD8.Effector
TTGCTTTAGAACCTGT-5,GARQ,D18,0,40,40,18,0.0524683,T.CD4.Naive
CATAGACTCCGGTATG-5,GARQ,D18,0,40,40,23,0.053843856,B.Naive
CCTTAGTGTCCTAGTT-5,GARQ,D18,0,40,40,6,0.14024568,Mono.CD14
CTCTGTTCAGATTCAT-5,GARQ,D18,0,40,40,9,0.019748688,T.CD4.Memory
CTTGTTCCATAATCCG-5,GARQ,D18,0,40,40,23,0.18785119,B.Naive
CGATTGAGTCAATAGT-5,GARQ,D18,0,40,40,4,0.056906104,T.CD8.Effector
ATTGCGCCATAACGGG-5,GARQ,D18,0,40,40,31,0.014483929,T.CD4.Naive
TTGTAAGTCGTTAGCG-5,GARQ,D18,0,40,40,21,0.0013422966,Mono.CD14
TTGTCAAAGGGTGAAC-5,GARQ,D18,0,40,40,20,0.01851213,T.CD8.Effector
AAGCGGGTCGCTTCTA-5,GARQ,D18,0,40,40,9,0.06570768,T.CD8.Effector
GTTCACCTCGGTAACT-5,GARQ,D18,0,40,40,18,0.08704811,T.CD8.Naive
TTCCACGGTGTAACCA-5,GARQ,D18,0,40,40,21,0.079176545,Mono.CD14
GGATGGCCATAATCGT-5,GARQ,D18,0,40,40,20,0.014040589,T.CD4.Naive
GCTGGATGTGACCTGG-5,GARQ,D18,0,40,40,27,0.036836505,T.CD4.Memory
AGTCCTTGTGCTTTAC-5,GARQ,D18,0,40,40,18,0.01719451,T.CD8.Naive
CATGCGCAGTGAACGA-5,GARQ,D18,0,40,40,26,0.007296562,B.Naive
CTGCTATGTTAGGATT-5,GARQ,D18,0,40,40,23,0.26746607,B.Naive
GTACTTAAGGGTCTAT-5,GARQ,D18,0,40,40,20,0.15899003,T.CD4.Naive
ATCACACAGCTTAGCG-5,GARQ,D18,0,40,40,37,0.06608492,NK
CCTCAATGTTCCGCAC-5,GARQ,D18,0,40,40,18,0.052695572,T.CD4.Memory
GGCTGTCAGCAAGGGT-5,GARQ,D18,0,40,40,20,0.07634258,T.CD4.Naive
TGCAAGCGTACGATTG-5,GARQ,D18,0,40,40,21,0.03091371,Mono.CD14
TTGGCTACAGTTTACG-5,GARQ,D18,0,40,40,6,0.0382452,Mono.CD14
ACTCACTGTTACATCC-5,GARQ,D18,0,40,40,18,0.14206314,T.CD4.Naive
TGCTTCCAGTCATTGA-5,GARQ,D18,0,40,40,34,0.048166275,T.CD8.Naive
TTCGTTAGTCTCACTG-5,GARQ,D18,0,40,40,23,0.070876956,B.Naive
TCGGTTACAGAGGGAG-5,GARQ,D18,0,40,40,34,0.041517496,T.CD4.Naive
GCCTAATAGTGCTGTG-5,GARQ,D18,0,40,40,6,0.023474693,Mono.CD14
AAGCCTGTCGAGGTGG-5,GARQ,D18,0,40,40,6,0.025170922,Mono.CD14
CCTAGTTGTACTTCAC-5,GARQ,D18,0,40,40,23,0.12079823,B.Naive
CTGGTAAGTATTGCAG-5,GARQ,D18,0,40,40,37,0.16226506,NK
TTTCCACCACAGGATG-5,GARQ,D18,0,40,40,14,0.039888263,T.CD4.Memory
CTGCTACTCCTAATTC-5,GARQ,D18,0,40,40,27,0.059386134,T.CD4.Naive
AGTGATGAGTTGCCTC-5,GARQ,D18,0,40,40,20,0.061518073,T.CD4.Naive
AGGCAGGTCAGAAACG-5,GARQ,D18,0,40,40,20,0.015392423,T.CD4.Naive
CTTTGGTGTACGTTTC-5,GARQ,D18,0,40,40,20,0.06637704,T.CD4.Naive
GGGAATATCAATTACG-5,GARQ,D18,0,40,40,23,0.096114635,B.Naive
GCAAACTTCCATAAGC-5,GARQ,D18,0,40,40,34,0.037020564,T.CD4.Memory
TGCTAGCCAGCAAATA-5,GARQ,D18,0,40,40,20,0.050192833,T.CD8.Naive
TCTGTGACATGTGGGA-5,GARQ,D18,0,40,40,23,0.096879125,B.Naive
TTAATCGAGGCGGGTA-5,GARQ,D18,0,40,40,9,0.0042605996,T.CD8.Effector
AGGATATAGACAAGTG-5,GARQ,D18,0,40,40,18,0.005327821,T.CD4.Memory
CCGGTTAAGGATTTGC-5,GARQ,D18,0,40,40,24,0.045509398,T.CD4.Naive
AGCGTGCTCCTCCCTC-5,GARQ,D18,0,40,40,37,0.18970466,NK
GCAATGTTCGTTAAGC-5,GARQ,D18,0,40,40,4,0.2453394,T.CD4.Memory
ACCAGGACAATCCTAG-5,GARQ,D18,0,40,40,37,0.07668114,NK
GAGTGTTTCGTGCCTT-5,GARQ,D18,0,40,40,34,0.0050684214,T.CD4.Memory
TTGCCCGTCAGCAAAG-5,GARQ,D18,0,40,40,18,0.013287067,T.CD4.Naive
TGTGCGGGTGCTAGAC-5,GARQ,D18,0,40,40,20,0.058484435,T.CD4.Memory
TGACCTTGTATTGAGT-5,GARQ,D18,0,40,40,38,0.03750044,NK
GTGAATCTCGTTAACA-5,GARQ,D18,0,40,40,18,0.13303524,T.CD4.Naive
AGGACTAAGGCTACTG-5,GARQ,D18,0,40,40,20,0.030326843,T.CD4.Naive
ATAATGGCAAACGGGC-5,GARQ,D18,0,40,40,23,0.080062866,B.Naive
CCTATTGTCAATTGGC-5,GARQ,D18,0,40,40,21,0.038008094,Mono.CD14
CAATAGCTCATGGTTA-5,GARQ,D18,0,40,40,29,0.16590112,NK
TTCCACGGTTGGTTAG-5,GARQ,D18,0,40,40,4,0.097084165,T.CD8.Effector
TACAATGTCATCCTCA-5,GARQ,D18,0,40,40,20,0.01867795,T.CD4.Naive
GAAGTCAAGAGCCGCT-5,GARQ,D18,0,40,40,18,0.047671318,T.CD4.Naive
ACGTCCTTCATGCCTC-5,GARQ,D18,0,40,40,4,0.10801929,T.CD8.Effector
CGCCACACAATGAATG-5,GARQ,D18,0,40,40,10,0.04120469,T.CD8.Naive
TGTGGAGCAGAAACGT-5,GARQ,D18,0,40,40,27,0.0030198097,T.CD4.Naive
GTTGTTGCAATCCTGA-5,GARQ,D18,0,40,40,20,0.07057333,T.CD4.Naive
CAAACGCGTTTGTCTA-5,GARQ,D18,0,40,40,19,0.0588423,T.CD4.Memory
AGGCAGGTCAGCACCA-5,GARQ,D18,0,40,40,6,0.0066227913,Mono.CD14
CAACCCTTCATTCATC-5,GARQ,D18,0,40,40,9,0.057305694,T.CD4.Memory
TTTGTTGGTGCAATGC-5,GARQ,D18,0,40,40,13,0.0020959377,T.CD4.Naive
CAATCTAAGTAACGGA-5,GARQ,D18,0,40,40,20,0.0061352253,T.CD4.Naive
GGGTTACGTGCATTAG-5,GARQ,D18,0,40,40,4,0.14330244,T.CD4.Memory
TTGTTGCGTTTATTCG-5,GARQ,D18,0,40,40,9,0.03206396,T.CD8.Effector
CTTACCTCATAAGCAA-5,GARQ,D18,0,40,40,23,0.15105891,B.Naive
GGTCATTAGACTCGCA-5,GARQ,D18,0,40,40,37,0.14421761,NK
GAGGCTACATCGCTCC-5,GARQ,D18,0,40,40,12,0.008977592,NK
GTGATGAAGCATGACT-5,GARQ,D18,0,40,40,38,0.12651837,NK
GACCTCAAGTAACTCA-5,GARQ,D18,0,40,40,4,0.086583436,T.CD8.Effector
AGACACGCAGGCGATA-5,GARQ,D18,0,40,40,4,0.13501704,T.CD4.Memory
ACCTGGATCCTGGCTT-5,GARQ,D18,0,40,40,20,0.009454846,T.CD4.Naive
GAGCAAATCCCAGTAG-5,GARQ,D18,0,40,40,20,0.014296055,T.CD4.Naive
TGGCCTGCAAATACCT-5,GARQ,D18,0,40,40,4,0.13604236,T.CD4.Memory
GTGCGCAGTCATTAGG-5,GARQ,D18,0,40,40,14,0.1090498,T.CD4.Memory
GGTATTGGTAACCTAG-5,GARQ,D18,0,40,40,24,0.013709545,T.CD4.Naive
AACGCCCAGCCACATG-5,GARQ,D18,0,40,40,4,0.044175923,T.CD8.Effector
TTGTTGCGTGTGCAAC-5,GARQ,D18,0,40,40,23,0.112390995,B.Naive
CGAACCGGTTATAGCG-5,GARQ,D18,0,40,40,4,0.12866461,T.CD4.Memory
GCTGCAATCTTCAATC-5,GARQ,D18,0,40,40,4,0.097415686,T.CD4.Memory
CAATCCCTCCCTCAGT-5,GARQ,D18,0,40,40,11,0.05747181,T.CD8.Effector
CTCCAAACACCATATG-5,GARQ,D18,0,40,40,14,0.070765615,Platelets
CCTATAGCACAGGGAC-5,GARQ,D18,0,40,40,14,0.004572153,T.CD4.Memory
GGTTATGGTTACTTGC-5,GARQ,D18,0,40,40,4,0.07431662,T.CD8.Effector
CGGTTCCGTGAAACAA-5,GARQ,D18,0,40,40,24,0.0074703693,T.CD4.Memory
GCAAGTCGTTGAGCCG-5,GARQ,D18,0,40,40,18,0.09410596,T.CD4.Naive
TGTCCTGGTCGAAGTC-5,GARQ,D18,0,40,40,23,0.15903592,B.Naive
ACCCGGTAGCTAATTG-5,GARQ,D18,0,40,40,20,0.038194537,T.CD8.Naive
CAGGTCCAGGATTGCT-5,GARQ,D18,0,40,40,20,0.0012022853,T.CD4.Naive
GCATTAGGTGCGCAAT-5,GARQ,D18,0,40,40,20,0.13603497,T.CD4.Naive
AATTAGGCACTTACAG-5,GARQ,D18,0,40,40,9,0.003031373,T.CD4.Memory
GCTGGATGTTACTTGC-5,GARQ,D18,0,40,40,11,0.1447866,T.CD8.Effector
CGTAACTAGCACCACA-5,GARQ,D18,0,40,40,7,0.027500868,T.CD4.Memory
GTTTGCTGTTAGTACG-5,GARQ,D18,0,40,40,0,0.110245585,T.CD4.Memory
CTTCTAAGTCTTTGAC-5,GARQ,D18,0,40,40,23,0.2327981,B.Naive
CGTGAGGAGACAGGTA-5,GARQ,D18,0,40,40,38,0.10501313,NK
CTTACCGGTTGGATAT-5,GARQ,D18,0,40,40,31,0.026700974,T.CD4.Memory
TTAAGGACAACCCTCC-5,GARQ,D18,0,40,40,38,0.15054643,NK
AAAGCAAGTATTGTCC-5,GARQ,D18,0,40,40,6,0.09494138,Mono.CD14
ATTCACTTCTTTAAGG-5,GARQ,D18,0,40,40,18,0.026026428,T.CD4.Memory
TGTTGTGCAAGGATTA-5,GARQ,D18,0,40,40,9,0.22281504,T.CD4.Memory
ACCTAAGGTCCAAGAC-5,GARQ,D18,0,40,40,9,0.0051670074,T.CD8.Effector
ACTTACAAGCTTTGTT-5,GARQ,D18,0,40,40,38,0.12943459,NK
TATGTGATCCCGCCTA-5,GARQ,D18,0,40,40,20,0.12507987,T.CD4.Naive
TGCCTGTTCCTCCTAA-5,GARQ,D18,0,40,40,20,0.009796858,T.CD8.Naive
CCCAGCACAACAACAA-5,GARQ,D18,0,40,40,20,0.069797516,T.CD4.Memory
TGCTCCGTCATGTCAA-5,GARQ,D18,0,40,40,18,0.06865376,T.CD4.Memory
ATTACCCGTGAATCGC-5,GARQ,D18,0,40,40,18,0.05494374,T.CD4.Naive
GGCGGTTTCTGCAACG-5,GARQ,D18,0,40,40,20,0.08608055,T.CD4.Naive
CCGCAAATCGCTTGCT-5,GARQ,D18,0,40,40,18,0.047854185,T.CD4.Memory
TAGGGTTTCCGGGACT-5,GARQ,D18,0,40,40,20,0.011251688,T.CD4.Naive
TTCAACCGTATACTGG-5,GARQ,D18,0,40,40,38,0.08958638,NK
TTTCCTGAGGCATGAA-5,GARQ,D18,0,40,40,11,0.002952695,T.CD4.Memory
ATGACTCAGCTTAGCG-5,GARQ,D18,0,40,40,4,0.015643358,NK
CAAGCTAGTAGTTGGC-5,GARQ,D18,0,40,40,18,0.09105408,T.CD8.Naive
CGTTTCTCAAGGTAAC-5,GARQ,D18,0,40,40,18,0.13309681,T.CD4.Naive
ACACGGACAGTTTGGC-5,GARQ,D18,0,40,40,27,0.0037653446,T.CD4.Naive
CAATGAACAGCCAGTT-5,GARQ,D18,0,40,40,18,0.04259634,T.CD4.Memory
ACAACAACATCAGTAT-5,GARQ,D18,0,40,40,34,0.07018125,T.CD4.Memory
GTAAGCAAGCTAATTG-5,GARQ,D18,0,40,40,5,0.0068764687,T.CD4.Naive
ATGAATGCACAAAGAC-5,GARQ,D18,0,40,40,9,0.07921052,T.CD4.Memory
ACGGTACGTCCACAAA-5,GARQ,D18,0,40,40,34,0.06799072,T.CD4.Naive
ACAAAGGTCTCACATT-5,GARQ,D18,0,40,40,20,0.07957125,T.CD8.Effector
CCTTAGTGTGCAACTA-5,GARQ,D18,0,40,40,4,0.06442201,T.CD8.Effector
AATCCGTAGGCTGTCA-5,GARQ,D18,0,40,40,11,0.005581379,T.CD8.Effector
TCCTAGTGTTCCGCAC-5,GARQ,D18,0,40,40,5,0.024694622,T.CD4.Naive
CTGACATAGCCTGGTA-5,GARQ,D18,0,40,40,11,0.09513748,T.CD8.Effector
CTTGCTCAGACACCGC-5,GARQ,D18,0,40,40,20,0.13192844,T.CD4.Naive
TGCCTGTTCATAACCA-5,GARQ,D18,0,40,40,20,0.024973512,T.CD4.Memory
GGTCGGTTCATCAGTA-5,GARQ,D18,0,40,40,20,0.0148772,T.CD4.Naive
GCGAAGCCAGAGGGAG-5,GARQ,D18,0,40,40,18,0.092739046,T.CD4.Naive
ACCAGGCTCGGGACCT-5,GARQ,D18,0,40,40,20,0.067370415,T.CD4.Naive
CCAAGTTAGCTCGCTT-5,GARQ,D18,0,40,40,18,0.020432234,T.CD8.Naive
ATCAAGACAAGGTATA-5,GARQ,D18,0,40,40,4,0.015521526,T.CD8.Effector
GGAATCTTCTTTGACT-5,GARQ,D18,0,40,40,20,0.014256477,T.CD4.Memory
AGTCAAGAGGTCGAGG-5,GARQ,D18,0,40,40,18,0.019430697,T.CD8.Naive
CTTGCGCGTTTGTTGC-5,GARQ,D18,0,40,40,18,0.076581,T.CD8.Naive
ATGTAAGCATTAAGCT-5,GARQ,D18,0,40,40,4,0.17071939,T.CD8.Effector
ACGCTTGAGGGCCATC-5,GARQ,D18,0,40,40,20,0.10737699,T.CD4.Naive
CTCCTGAGTCCTTTAA-5,GARQ,D18,0,40,40,20,0.11126113,T.CD4.Naive
CTAATTGAGCAGGTTT-5,GARQ,D18,0,40,40,4,0.09478271,T.CD8.Effector
ATGCGATTCCTAACGG-5,GARQ,D18,0,40,40,5,0.12419188,T.CD4.Memory
AGGTCTTAGCTCGCTT-5,GARQ,D18,0,40,40,20,0.13488287,T.CD4.Naive
GCAGGACCACCTGCTC-5,GARQ,D18,0,40,40,4,0.16143703,T.CD4.Memory
ATGGACAAGTGCACGC-5,GARQ,D18,0,40,40,20,0.076581836,T.CD4.Naive
ATGTTTGAGCAAGATG-5,GARQ,D18,0,40,40,20,0.12890148,T.CD8.Naive
CTGACCAAGGAAGCAC-5,GARQ,D18,0,40,40,27,0.08923352,T.CD4.Memory
TTAGGCTAGGTAAGGC-5,GARQ,D18,0,40,40,18,0.00714159,T.CD4.Naive
GTATTCAAGCTTAGTA-5,GARQ,D18,0,40,40,11,0.033068895,T.CD4.Memory
CATAGACTCTTGATGA-5,GARQ,D18,0,40,40,27,0.04960549,T.CD8.Naive
GCTGGATGTGCTGGTG-5,GARQ,D18,0,40,40,5,0.05068195,T.CD4.Memory
CCTAATCGTTGACTTC-5,GARQ,D18,0,40,40,23,0.08589864,B.Naive
TCCAGGTCAGAACCGA-5,GARQ,D18,0,40,40,11,0.03750992,T.CD4.Memory
ATGCAGGCAGCCTAAC-5,GARQ,D18,0,40,40,24,0.023520708,T.CD4.Naive
GTTCCTTCAGGCCATT-5,GARQ,D18,0,40,40,4,0.11154926,T.CD4.Memory
CGTATTGCAATCATGT-5,GARQ,D18,0,40,40,18,0.031490326,T.CD8.Naive
AGACCCGGTTGGCGTG-5,GARQ,D18,0,40,40,18,0.021417499,T.CD4.Naive
GAACACAAGTCATCCC-5,GARQ,D18,0,40,40,20,0.015057206,T.CD4.Memory
GGTTATGGTTATAGCG-5,GARQ,D18,0,40,40,20,0.0064958334,T.CD4.Memory
ACCAAGTTCTTTGAGA-5,GARQ,D18,0,40,40,18,0.045675993,T.CD4.Memory
CTCACAACAGGAAGCC-5,GARQ,D18,0,40,40,20,0.055876255,T.CD4.Naive
TGGGCATGTGCGCATG-5,GARQ,D18,0,40,40,9,0.07321823,T.CD4.Memory
GTGTGCGGTAACAGGG-5,GARQ,D18,0,40,40,20,0.05863452,T.CD4.Memory
AGTTGCGTCCATTACT-5,GARQ,D18,0,40,40,14,0.00890708,T.CD8.Effector
ATCTATGAGTTAGGCT-5,GARQ,D18,0,40,40,20,0.05191672,T.CD4.Naive
CTGTTCATCATCCTAT-5,GARQ,D18,0,40,40,4,0.10363579,T.CD8.Effector
AATGTCATCATTTGTC-5,GARQ,D18,0,40,40,38,0.21716028,NK
TCATCCATCCCTCTAA-5,GARQ,D18,0,40,40,37,0.18855834,NK
AATCCATCACTGGCTG-5,GARQ,D18,0,40,40,18,0.028640747,T.CD4.Naive
GCTTATCGTTGGTGAC-5,GARQ,D18,0,40,40,20,0.02871883,T.CD4.Naive
GTGTGTTAGGCTAGAA-5,GARQ,D18,0,40,40,20,0.016420603,T.CD4.Memory
AGCCGGTTCTAAATCG-5,GARQ,D18,0,40,40,20,0.055009007,T.CD4.Naive
CCTTCGGTCGGTTTCC-5,GARQ,D18,0,40,40,20,0.24264526,T.CD4.Memory
CAGCTCAAGTTAGTGC-5,GARQ,D18,0,40,40,4,0.111730576,T.CD8.Effector
ATCGCTTGTCCTCCAA-5,GARQ,D18,0,40,40,15,0.0141739845,T.CD4.Memory
GTACTAATCTAAGTCA-5,GARQ,D18,0,40,40,24,0.07136643,T.CD4.Memory
CCACACAAGGGTTAGA-5,GARQ,D18,0,40,40,17,0.0014971495,T.CD4.Naive
TCTAGCGAGGTAAGGC-5,GARQ,D18,0,40,40,18,0.023563147,T.CD4.Memory
GTATGTTCAACTAGGG-5,GARQ,D18,0,40,40,24,0.041720748,T.CD8.Naive
GTGGACACAAACCCTA-5,GARQ,D18,0,40,40,27,0.0012862682,T.CD4.Memory
CTCAATAAGGAGCAAC-5,GARQ,D18,0,40,40,15,0.033443093,T.CD8.Effector
AAGTGAAGTGATGAAA-5,GARQ,D18,0,40,40,27,0.032636046,T.CD4.Memory
TTTAACCTCATTAGCA-5,GARQ,D18,0,40,40,38,0.04906398,NK
GGTACTTAGTCTGGGC-5,GARQ,D18,0,40,40,10,0.013179064,T.CD8.Naive
TGAAACTGTGCAATGC-5,GARQ,D18,0,40,40,18,0.040168524,T.CD4.Naive
GAAGGCCCAAGTTATC-5,GARQ,D18,0,40,40,11,0.054157734,T.CD8.Effector
GAACCAGCACATACTG-5,GARQ,D18,0,40,40,5,0.0650363,T.CD4.Naive
ATTCCTAGTTTGGGCG-5,GARQ,D18,0,40,40,20,0.020770788,T.CD4.Naive
GCGTGCTAGGGCCATC-5,GARQ,D18,0,40,40,11,0.07344502,T.CD8.Effector
TGCGCGAGTACTTAGG-5,GARQ,D18,0,40,40,20,0.083556,T.CD8.Naive
CTAATCCGTAAGGTTT-5,GARQ,D18,0,40,40,27,0.07754147,T.CD4.Naive
GGTGTCCAGTGAACAG-5,GARQ,D18,0,40,40,38,0.068872094,NK
TGTGCGGGTTGGCCGA-5,GARQ,D18,0,40,40,4,0.08053279,T.CD8.Effector
GCCTCGACACTAAGTT-5,GARQ,D18,0,40,40,20,0.08778417,T.CD4.Naive
TGGACAAAGGCGCATC-5,GARQ,D18,0,40,40,20,0.0074095726,T.CD4.Naive
CTCGTTATCTATCGCC-5,GARQ,D18,0,40,40,14,0.024635673,T.CD8.Effector
TTATCCTAGCCTGTGA-5,GARQ,D18,0,40,40,20,0.040195346,T.CD4.Naive
GAGTAATAGGACACTT-5,GARQ,D18,0,40,40,9,0.0028741956,T.CD8.Effector
CATAATGTCGTGCTAG-5,GARQ,D18,0,40,40,23,0.183254,B.Naive
TATAGCCAGCAGCTAT-5,GARQ,D18,0,40,40,20,0.05375433,T.CD4.Naive
GACACCGGTGCTCCAC-5,GARQ,D18,0,40,40,9,0.042752385,T.CD4.Memory
AACAGCAAGCTAAGTC-5,GARQ,D18,0,40,40,14,0.0023076534,T.CD8.Naive
GCTTCGCGTAGGTTTG-5,GARQ,D18,0,40,40,38,0.13878495,NK
AGGTTTATCGAGCAAA-5,GARQ,D18,0,40,40,19,0.06296408,T.CD4.Memory
TGTTGCACATGCTTAG-5,GARQ,D18,0,40,40,11,0.038904786,T.CD8.Effector
AAGCAAGTCCTGATGG-5,GARQ,D18,0,40,40,27,0.00020158291,T.CD4.Memory
TGAGGGCCAATGCGCT-5,GARQ,D18,0,40,40,20,0.055721283,T.CD4.Naive
CTTATTGGTTCATCTA-5,GARQ,D18,0,40,40,18,0.06153381,T.CD4.Naive
CTCATTGTCCCGTTAC-5,GARQ,D18,0,40,40,30,0.040183425,T.CD4.Naive
GTCTAGCCACAATACT-5,GARQ,D18,0,40,40,20,0.20673251,T.CD4.Naive
AATACCGGTGGTTATG-5,GARQ,D18,0,40,40,9,0.045767725,T.CD8.Effector
GTGCTGGGTTTCCGGC-5,GARQ,D18,0,40,40,27,0.0051841736,T.CD4.Naive
TGATTGCAGTGGACAA-5,GARQ,D18,0,40,40,14,0.010844827,T.CD8.Effector
TAGCTTAAGTGAGGTA-5,GARQ,D18,0,40,40,18,0.026388288,T.CD4.Memory
GCTGCATCAGGCCATT-5,GARQ,D18,0,40,40,28,0.011112571,T.CD4.Naive
GTTCATTTCGCTTGCT-5,GARQ,D18,0,40,40,20,0.15351129,T.CD4.Memory
CTGTTGGAGGCTCATG-5,GARQ,D18,0,40,40,6,0.067108154,Mono.CD16
CAGGACCTCGCTATAA-5,GARQ,D18,0,40,40,38,0.057510972,NK
TTAGGAACAAGCTAAA-5,GARQ,D18,0,40,40,20,0.082244396,T.CD4.Memory
GTCTTGCTCCCGAAGC-5,GARQ,D18,0,40,40,20,0.012459993,T.CD8.Naive
AAGCTTGGTGTTTGCT-5,GARQ,D18,0,40,40,4,0.06281865,T.CD8.Effector
GACCTGATCGAGCTAT-5,GARQ,D18,0,40,40,27,0.05696273,T.CD4.Memory
TTGGGCGGTTCACCAT-5,GARQ,D18,0,40,40,20,0.12548274,T.CD4.Memory
TCGCGAGGTGATCATG-5,GARQ,D18,0,40,40,20,0.06489897,T.CD4.Naive
TCATGTTTCCTTAATC-5,GARQ,D18,0,40,40,20,0.01744175,T.CD4.Naive
CTTGCGCGTATTGGTG-5,GARQ,D18,0,40,40,23,0.0027974844,B.Naive
ATTATCCTCATTTGTC-5,GARQ,D18,0,40,40,18,0.008252382,T.CD4.Memory
GGGCAATAGGGATTAG-5,GARQ,D18,0,40,40,20,0.0076770782,T.CD8.Naive
TGGTTCTGTTGTCCAT-5,GARQ,D18,0,40,40,39,0.10036433,NK
CGCTAATAGCTAATTG-5,GARQ,D18,0,40,40,4,0.046942472,T.CD8.Effector
ACACTTGCAATAGCCC-5,GARQ,D18,0,40,40,12,0.044317484,NK
AGTGTTTCATAATCGT-5,GARQ,D18,0,40,40,20,0.07644272,T.CD4.Memory
CTCTTGATCTTGATGA-5,GARQ,D18,0,40,40,20,0.12093854,T.CD8.Naive
TAGCATATCACTCGCT-5,GARQ,D18,0,40,40,27,0.1429658,T.CD8.Naive
GCGCGATTCCAGCACA-5,GARQ,D18,0,40,40,34,0.030744672,T.CD4.Naive
GCGTAACGTGTCACGG-5,GARQ,D18,0,40,40,20,0.05353558,T.CD4.Memory
TCCGCCATCTCCTCTT-5,GARQ,D18,0,40,40,20,0.065796256,T.CD4.Memory
TTTGTGGCAAGCTTTG-5,GARQ,D18,0,40,40,20,0.17002153,T.CD4.Naive
CATCCTCAGCGGGCAA-5,GARQ,D18,0,40,40,20,0.1261965,T.CD4.Naive
TGGCCTTTCCGCATGA-5,GARQ,D18,0,40,40,11,0.078332424,T.CD8.Effector
GTTTGCTGTCATCATC-5,GARQ,D18,0,40,40,20,0.103090286,T.CD4.Naive
TGCAGGCTCACTCGCT-5,GARQ,D18,0,40,40,20,0.10275674,T.CD4.Naive
AGTCCTTGTAAAGCAA-5,GARQ,D18,0,40,40,20,0.0005143285,T.CD4.Memory
CCGATGCAGCGATAAG-5,GARQ,D18,0,40,40,20,0.058042288,T.CD4.Naive
GGAACTAAGGGTGGAT-5,GARQ,D18,0,40,40,18,0.0046577454,T.CD4.Memory
CCAACATAGCCGCTAA-5,GARQ,D18,0,40,40,11,0.086402416,T.CD8.Naive
GACGCAACAGGCTTCG-5,GARQ,D18,0,40,40,20,0.10659659,T.CD4.Naive
GCTATAGGTGGATTGC-5,GARQ,D18,0,40,40,20,0.02218604,T.CD4.Memory
CCCATAACAATTTAGC-5,GARQ,D18,0,40,40,6,0.026903152,Mono.CD14
CGATTCCTCTAACTGA-5,GARQ,D18,0,40,40,23,0.07563174,B.Naive
TACGGATTCATGGCCA-5,GARQ,D18,0,40,40,20,0.0061782002,T.CD4.Naive
TCCATGCTCCCGCAAA-5,GARQ,D18,0,40,40,24,0.013129234,T.CD8.Naive
AGCCAGTGTAAGCACC-5,GARQ,D18,0,40,40,27,0.106606245,T.CD4.Memory
CCATATTTCATGGTTA-5,GARQ,D18,0,40,40,29,0.022709966,NK
GGAAGCTAGTATTGTG-5,GARQ,D18,0,40,40,20,0.10029209,T.CD4.Naive
CTTCATCCAACATAAG-5,GARQ,D18,0,40,40,24,0.026828766,T.CD4.Naive
GCTTAACAGTGAGAGC-5,GARQ,D18,0,40,40,39,0.026119769,T.CD8.Effector
TTGGTGAGTGACATGC-5,GARQ,D18,0,40,40,28,0.06085086,T.CD8.Effector
GTAAGCGCACCAGGTT-5,GARQ,D18,0,40,40,24,0.012275934,T.CD4.Naive
CGTAGTTAGGAAGCAC-5,GARQ,D18,0,40,40,21,0.04373014,Mono.CD14
AATCGCCCAGGCGATA-5,GARQ,D18,0,40,40,14,0.17808604,T.CD4.Memory
TGGTCCTTCGGTCAGC-5,GARQ,D18,0,40,40,24,0.08119339,T.CD4.Naive
CATCAGCCACAAAGAC-5,GARQ,D18,0,40,40,21,0.050898552,DC.Myeloid
CAGCATGTCTTAGTCT-5,GARQ,D18,0,40,40,20,0.03026539,T.CD4.Naive
GCAAACTTCATAGCCG-5,GARQ,D18,0,40,40,28,0.01842159,NK
TTAAGTGTCATGCTCC-5,GARQ,D18,0,40,40,27,0.047076464,T.CD4.Memory
AAAGGCTCACAGAACG-5,GARQ,D18,0,40,40,20,0.061866403,T.CD4.Memory
AGGTTTATCATGAGCT-5,GARQ,D18,0,40,40,27,0.001982689,T.CD4.Naive
ACGGTACGTTGCTTCG-5,GARQ,D18,0,40,40,36,0.0073096156,T.CD4.Memory
TTCATTCAGTGCTGTG-5,GARQ,D18,0,40,40,27,0.050367117,T.CD4.Naive
CGTTATTTCTCAATGA-5,GARQ,D18,0,40,40,27,0.09807241,T.CD4.Naive
CAAACGCGTAGCCATA-5,GARQ,D18,0,40,40,6,0.032495737,Mono.CD14
ATGTCAATCCACAATA-5,GARQ,D18,0,40,40,21,0.023871899,Mono.CD14
GTTTCTAGTTTGTTGC-5,GARQ,D18,0,40,40,27,0.10396111,T.CD4.Naive
CGCTTGCGTGCGCATG-5,GARQ,D18,0,40,40,20,0.017163038,T.CD4.Memory
CGTGAGGAGTAAGGGC-5,GARQ,D18,0,40,40,20,0.009936333,T.CD4.Naive
CCATCATGTCATTACC-5,GARQ,D18,0,40,40,27,0.03691542,T.CD8.Naive
TAGACCAGTGGGAACA-5,GARQ,D18,0,40,40,24,0.063975155,T.CD4.Naive
CCACAGGGTCACGGAT-5,GARQ,D18,0,40,40,20,0.04336071,T.CD4.Naive
CAGCCTTTCCCGTTAC-5,GARQ,D18,0,40,40,24,0.0040850043,T.CD4.Naive
GAAGGCTAGGCTACTG-5,GARQ,D18,0,40,40,27,0.05495453,T.CD4.Memory
CTCACACTCGCAAACT-5,GARQ,D18,0,40,40,14,0.035817623,T.CD4.Memory
GTTCCTGGTAGGATCC-5,GARQ,D18,0,40,40,27,0.10779631,T.CD8.Naive
CTGCTATGTAGCTAAT-5,GARQ,D18,0,40,40,20,0.08359921,T.CD4.Naive
CCCTTAATCTAGCTTT-5,GARQ,D18,0,40,40,27,0.014477789,T.CD8.Naive
TACAGGTTCTCGCCCA-5,GARQ,D18,0,40,40,4,0.060650706,T.CD8.Effector
GGTGATTTCATTTAGG-5,GARQ,D18,0,40,40,20,0.03396654,T.CD4.Naive
TTATGCGCATGAAGTA-5,GARQ,D18,0,40,40,14,0.052128553,T.CD8.Effector
GAACCTGTCTTGATGA-5,GARQ,D18,0,40,40,21,0.07787311,Mono.CD14
CTATAACCATGACTAT-5,GARQ,D18,0,40,40,14,0.041944504,T.CD8.Effector
ACACTTAAGTCATTGA-5,GARQ,D18,0,40,40,27,0.014308453,T.CD8.Naive
TTAGGCGTCTGTGCCT-5,GARQ,D18,0,40,40,20,0.0023940802,T.CD4.Memory
AGGCGGATCCTGAATA-5,GARQ,D18,0,40,40,27,0.0018522143,T.CD8.Naive
TAAGTAGCATTAGCCA-5,GARQ,D18,0,40,40,5,0.005386591,T.CD4.Memory
CCTAATCGTAAGCTTG-5,GARQ,D18,0,40,40,27,0.067291975,T.CD4.Memory
ACAAACTGTTAGTGAT-5,GARQ,D18,0,40,40,20,0.031597733,T.CD8.Effector
CTATTACTCAAACTCA-5,GARQ,D18,0,40,40,20,0.12720013,T.CD4.Naive
ATGAGCCGTAGTTACG-5,GARQ,D18,0,40,40,6,0.07435632,Mono.CD14
GGCGGTAAGTAAGAAC-3,GARQ,D18,0,40,40,6,0.052517176,Mono.CD14
CTTTGAGCAATGAGGT-3,GARQ,D18,0,40,40,7,0.38812476,NK
GTTGGCGGTTTGTCTA-3,GARQ,D18,0,40,40,6,0.10081124,Mono.CD14
GAGCAAATCCTAGTTT-3,GARQ,D18,0,40,40,23,0.107524514,B.Naive
CGGCTCACATAGCTTG-3,GARQ,D18,0,40,40,16,0.02514422,Mono.CD14
TGCTAACAGGCATTGT-3,GARQ,D18,0,40,40,6,0.021141887,Platelets
GGTTGCTCAGGAATCG-3,GARQ,D18,0,40,40,34,0.2843243,T.CD8.Naive
TCTCAAGCAAATTGCT-3,GARQ,D18,0,40,40,6,0.0012921095,Mono.CD14
AAGCTCCCACTTCACT-3,GARQ,D18,0,40,40,4,0.057029545,T.CD8.Effector
GCCATTACACCAAAGG-3,GARQ,D18,0,40,40,23,0.076187015,B.Naive
ACAGCGCTCATGCGTG-3,GARQ,D18,0,40,40,6,0.13681531,Mono.CD14
CACGCAATCGGTAACT-3,GARQ,D18,0,40,40,18,0.043246746,T.CD8.Effector
GAAGGCCCATGTCAAT-3,GARQ,D18,0,40,40,4,0.050693035,T.CD4.Memory
GTGCTTCTCCTAGTCC-3,GARQ,D18,0,40,40,6,0.029025674,DC.Myeloid
CTTCGCGTCATCCTCA-3,GARQ,D18,0,40,40,21,0.032405972,Mono.CD14
TGCTTCCAGCTAAGTC-3,GARQ,D18,0,40,40,23,0.05406344,B.Naive
ATATAGGCAGAAATTG-3,GARQ,D18,0,40,40,26,0.041785598,B.Naive
GTGCCTTTCGCAATCG-3,GARQ,D18,0,40,40,23,0.19814193,B.Naive
CATAATGTCGTACCGA-3,GARQ,D18,0,40,40,32,0.03136158,Mono.CD14
TGGCCTTTCGATCAGT-3,GARQ,D18,0,40,40,23,0.062675714,B.Naive
TTGCGAGTCGCTAGCA-3,GARQ,D18,0,40,40,21,0.04436183,Mono.CD16
TCTAGCGAGTTATGTG-3,GARQ,D18,0,40,40,23,0.053955793,B.Naive
TCAGCAAGTGCATTAG-3,GARQ,D18,0,40,40,4,0.06566906,T.CD8.Effector
CGTTAAATCCTGATGG-3,GARQ,D18,0,40,40,23,0.18645954,B.Naive
ATTGTGATCCTGGCTT-3,GARQ,D18,0,40,40,21,0.037665963,Mono.CD14
TTGCTTTAGAAGGTGC-3,GARQ,D18,0,40,40,21,0.023180366,Mono.CD16
TCTTAGCGTCGACTAA-3,GARQ,D18,0,40,40,6,0.054071665,Mono.CD14
AGTCCTGAGGTCGAGG-3,GARQ,D18,0,40,40,6,0.028055191,Mono.CD14
ACGACAAAGCGGTTAT-3,GARQ,D18,0,40,40,4,0.13826299,T.CD8.Effector
GATTGTTCACCGGCTA-3,GARQ,D18,0,40,40,21,0.02093482,Mono.CD14
CTTTGGTGTAGTTGGC-3,GARQ,D18,0,40,40,6,0.026391625,Mono.CD14
TAGTGAGAGCCTGTGA-3,GARQ,D18,0,40,40,6,0.00042891502,Mono.CD14
GAAGTCAAGGGATGCG-3,GARQ,D18,0,40,40,26,0.0005286932,B.Naive
GCTCACAAGTTTGGGT-3,GARQ,D18,0,40,40,23,0.2904327,B.Naive
GGGCATGAGAAGGTGC-3,GARQ,D18,0,40,40,23,0.22714007,B.Naive
CAACTAATCCTGGTGA-3,GARQ,D18,0,40,40,6,0.12739867,Mono.CD14
GATTAAGCAGTACCGT-3,GARQ,D18,0,40,40,23,0.103402376,B.Naive
ACAGGTAAGGCTTAAC-3,GARQ,D18,0,40,40,21,0.014631987,Mono.CD14
CGCACAATCACAAGCT-3,GARQ,D18,0,40,40,32,0.20512426,Mono.CD14
CTAACCCTCTGTGCCT-3,GARQ,D18,0,40,40,6,0.011544347,Mono.CD14
TGTGCTGAGCTTTGTT-3,GARQ,D18,0,40,40,21,0.04888439,DC.Myeloid
CTGAATATCGTTAGTA-3,GARQ,D18,0,40,40,23,0.070864916,B.Naive
ACGTTACAGTAAGTGG-3,GARQ,D18,0,40,40,21,0.009393692,Mono.CD14
AACAAGCCAAAGCGCA-3,GARQ,D18,0,40,40,4,0.004308343,T.CD8.Effector
GGGTCAACAATGAGGT-3,GARQ,D18,0,40,40,23,0.15658927,B.Naive
TACGGTTAGAAGCTAG-3,GARQ,D18,0,40,40,32,0.0027362108,Mono.CD14
TGGATTCAGTTCCTCA-3,GARQ,D18,0,40,40,21,0.08561516,Mono.CD14
CTTAATGAGAAAGGAA-3,GARQ,D18,0,40,40,6,0.04417312,Mono.CD14
AAACCGCGTGTAACCA-3,GARQ,D18,0,40,40,23,0.15164769,B.Naive
ATGACGAAGGGTGGAT-3,GARQ,D18,0,40,40,23,0.032964468,B.Naive
CGAGGCAAGCCAGTAT-3,GARQ,D18,0,40,40,6,0.15238774,Mono.CD14
GCGGAACCAGCGCTTG-3,GARQ,D18,0,40,40,23,0.20785773,B.Naive
CTTTGGGAGCTTAACA-3,GARQ,D18,0,40,40,21,0.025422812,Mono.CD14
TGCACTTGTTACCTGT-3,GARQ,D18,0,40,40,34,0.32021475,T.CD4.Naive
CGTGAGGAGCTATGAC-3,GARQ,D18,0,40,40,6,0.077827096,Mono.CD14
ATTGACTCATAATCAC-3,GARQ,D18,0,40,40,4,0.069515586,T.CD8.Effector
ATGGTGCGTTGTGACA-3,GARQ,D18,0,40,40,21,0.0055680275,Mono.CD14
GGTCATTAGAGGAAGG-3,GARQ,D18,0,40,40,21,0.018328786,Mono.CD14
ATAAGCCTCGGGATTT-3,GARQ,D18,0,40,40,6,0.08668423,Mono.CD14
TATTGACCAGCAGGTA-3,GARQ,D18,0,40,40,23,0.2459768,B.Naive
TGCATCCTCAAACCGT-3,GARQ,D18,0,40,40,6,0.03646028,Mono.CD14
ACCGAAGCAGGTATTT-3,GARQ,D18,0,40,40,21,0.04763031,Mono.CD14
CAGGGCTTCAAGGACA-3,GARQ,D18,0,40,40,6,0.10326266,Mono.CD14
GCATCCTTCCAGCACA-3,GARQ,D18,0,40,40,23,0.22527575,B.Naive
CGTATTGCACATGCTA-3,GARQ,D18,0,40,40,6,0.052108288,Mono.CD14
ATTCACTTCCTAGTCC-3,GARQ,D18,0,40,40,23,0.16459215,B.Naive
TTTCATCAGCTTATGA-3,GARQ,D18,0,40,40,6,0.00976789,Mono.CD14
TAGCAGGCATGAGCAG-3,GARQ,D18,0,40,40,6,0.07787955,Mono.CD14
TAGGTGCGTTCGCGCT-3,GARQ,D18,0,40,40,21,0.037654996,Mono.CD14
TATGTGATCAAACCGT-3,GARQ,D18,0,40,40,9,0.08606434,T.CD8.Effector
CTATGTTTCCTCATCA-3,GARQ,D18,0,40,40,20,0.111959934,T.CD8.Naive
TGTCAGTAGCCACATG-3,GARQ,D18,0,40,40,6,0.054750204,Mono.CD14
GGCGGTTTCGTGCTTC-3,GARQ,D18,0,40,40,34,0.058942795,T.CD8.Naive
CAGGTGGAGTCATTTC-3,GARQ,D18,0,40,40,23,0.18548834,B.Naive
GTACTTAAGTTAGCTA-3,GARQ,D18,0,40,40,23,0.15199995,B.Naive
GTATTGTCAGATAGAC-3,GARQ,D18,0,40,40,0,0.08498871,T.CD4.Memory
TTGCAAGGTTAGCTGA-3,GARQ,D18,0,40,40,4,0.064762354,T.CD4.Memory
TCTCACCAGGACCTGC-3,GARQ,D18,0,40,40,21,0.028308392,Mono.CD14
AAATCCGGTAAGTCGC-3,GARQ,D18,0,40,40,6,0.08093023,Mono.CD14
AAGTTTGTCCAAGTTA-3,GARQ,D18,0,40,40,23,0.099867225,B.Naive
TTAAGTGTCACAGACT-3,GARQ,D18,0,40,40,6,0.050338626,Mono.CD14
TGTGGCGGTTACATCC-3,GARQ,D18,0,40,40,4,0.11049235,T.CD8.Effector
CGTGCACAGGTCGAGG-3,GARQ,D18,0,40,40,4,0.058507204,T.CD8.Effector
ATATGCTCATTTAAGC-3,GARQ,D18,0,40,40,6,0.053223252,Mono.CD14
GAAACCCGTTTGGCTT-3,GARQ,D18,0,40,40,23,0.17132354,B.Naive
TGCTCCGTCAAGCCTG-3,GARQ,D18,0,40,40,23,0.13073874,B.Naive
ACGTTGTAGTTGTCAA-3,GARQ,D18,0,40,40,34,0.052185297,T.CD4.Naive
CTGCTACTCCTAGTTT-3,GARQ,D18,0,40,40,23,0.22650838,B.Naive
AGGGTTGCAGGTTACC-3,GARQ,D18,0,40,40,34,0.07876253,T.CD8.Naive
GCTTAGTAGCACAGAA-3,GARQ,D18,0,40,40,6,0.12067449,Mono.CD14
CTTCGCGTCCGGGACT-3,GARQ,D18,0,40,40,23,0.14483708,B.Naive
AGTGGACAGCGAGCGA-3,GARQ,D18,0,40,40,23,0.05447972,B.Naive
TACCTTTAGCCTTAAA-3,GARQ,D18,0,40,40,6,0.066468,Mono.CD14
TCCGCCATCTTAATGG-3,GARQ,D18,0,40,40,23,0.026850343,B.Naive
CTACAACAGTCAGTAC-3,GARQ,D18,0,40,40,6,0.010047078,Mono.CD14
GCTGTGATCCATAATG-3,GARQ,D18,0,40,40,6,0.105902195,Mono.CD14
GACTTAGGTGGTTCTT-3,GARQ,D18,0,40,40,23,0.18379545,B.Naive
GCATATATCCCTGATC-3,GARQ,D18,0,40,40,4,0.0039132833,T.CD8.Effector
AAAGGTTAGACTATTG-3,GARQ,D18,0,40,40,23,0.229612,B.Naive
CGCACACAGTTATCTC-3,GARQ,D18,0,40,40,23,0.21520758,B.Naive
ATCATCAAGGAACGGT-3,GARQ,D18,0,40,40,34,0.11129141,T.CD4.Naive
TGTTGCACACTAGGTC-3,GARQ,D18,0,40,40,6,0.06335676,Mono.CD14
AGCAGGTAGGACACTT-3,GARQ,D18,0,40,40,9,0.01696688,T.CD4.Memory
TGAGCTTAGTCAATTG-3,GARQ,D18,0,40,40,34,0.09910548,T.CD4.Naive
TGGTTCCTCTTGAGCG-3,GARQ,D18,0,40,40,6,0.14801055,Mono.CD14
TCAGCGATCCGGCTAA-3,GARQ,D18,0,40,40,6,0.029062033,Mono.CD14
GCTCGATCACTTCATC-3,GARQ,D18,0,40,40,32,0.024574876,Mono.CD14
TCAGGTTAGCTTACTT-3,GARQ,D18,0,40,40,34,0.12002361,T.CD4.Naive
TGGACTAGTCGTTACT-3,GARQ,D18,0,40,40,23,0.10857046,B.Naive
TCTACCTCACAAAGCG-3,GARQ,D18,0,40,40,23,0.19557214,B.Naive
CATAGGCGTAACCACA-3,GARQ,D18,0,40,40,23,0.18653119,B.Naive
TGGCCAATCTACTAAG-3,GARQ,D18,0,40,40,37,0.012442708,T.CD8.Effector
TGCTCCGTCCCTCTAA-3,GARQ,D18,0,40,40,23,0.08812344,B.Naive
GGAACGGTCATTATGG-3,GARQ,D18,0,40,40,6,0.06254768,Mono.CD14
CTATGAGGTAACAGGG-3,GARQ,D18,0,40,40,6,0.109740734,Mono.CD14
GCTCACAAGGTGCTGC-3,GARQ,D18,0,40,40,4,0.113223314,T.CD8.Effector
TCTCCTCGTTAAGGTT-3,GARQ,D18,0,40,40,34,0.117453754,T.CD4.Naive
GATCAGGCACCAACCG-3,GARQ,D18,0,40,40,6,0.050131917,Mono.CD14
TAGGGTTTCTGTTCAT-3,GARQ,D18,0,40,40,37,0.18737483,NK
GCCACAATCATTATGG-3,GARQ,D18,0,40,40,23,0.21353376,B.Naive
TAGGCTTAGGTCCAAT-3,GARQ,D18,0,40,40,34,0.0061610937,T.CD8.Naive
CACTAAGGTAGTTGGC-3,GARQ,D18,0,40,40,1,0.0042734146,T.CD8.Effector
ATATAGGCATCCATCT-3,GARQ,D18,0,40,40,23,0.07597804,B.Naive
AAAGGTTAGGCCTTAG-3,GARQ,D18,0,40,40,23,0.025794864,B.Naive
TTTGTCCCAAGGTGCA-3,GARQ,D18,0,40,40,23,0.19581842,B.Naive
TTGTTCCCAATACTGT-3,GARQ,D18,0,40,40,37,0.052355886,NK
ATTGTGATCGTAATCA-3,GARQ,D18,0,40,40,6,0.028323174,Mono.CD14
GATGCAGCAACTAACT-3,GARQ,D18,0,40,40,23,0.14756441,B.Naive
ACAACAGAGTGAGAGC-3,GARQ,D18,0,40,40,21,0.058326602,Mono.CD14
AAAGCACCACCTAAGC-3,GARQ,D18,0,40,40,23,0.075086355,B.Naive
CACTTAAAGTAAGAAC-3,GARQ,D18,0,40,40,23,0.22383165,B.Naive
GGTGTCCAGTAACCCG-3,GARQ,D18,0,40,40,23,0.30055773,B.Naive
TTAGGCCCAAGGGTTG-3,GARQ,D18,0,40,40,18,0.028273702,T.CD4.Naive
GATTGATGTGCTAGAC-3,GARQ,D18,0,40,40,23,0.20878577,B.Naive
TGCAGGCTCGGGACCT-3,GARQ,D18,0,40,40,23,0.15343142,B.Naive
AGTCAATGTGTGAGGA-3,GARQ,D18,0,40,40,6,0.049702406,Mono.CD14
GGAACTAAGCGGTTAT-3,GARQ,D18,0,40,40,23,0.08887792,B.Naive
AGCAATACAGGCATCT-3,GARQ,D18,0,40,40,6,0.120806575,Mono.CD14
AGACACGCAGGCGAGT-3,GARQ,D18,0,40,40,6,0.047959924,Mono.CD14
GGTTGCTCATCAATCG-3,GARQ,D18,0,40,40,18,0.039861083,T.CD4.Memory
GACCTTTGTTCGCTTG-3,GARQ,D18,0,40,40,18,0.027056456,T.CD8.Naive
GGCAATCGTCATCATC-3,GARQ,D18,0,40,40,23,0.09068608,B.Naive
GCGAAGCCAAGGTATA-3,GARQ,D18,0,40,40,4,0.015666485,T.CD4.Memory
CTATGACAGGCCAATT-3,GARQ,D18,0,40,40,6,0.04956603,Mono.CD14
CTAGTAGGTCCTAAGA-3,GARQ,D18,0,40,40,34,0.06744206,T.CD8.Naive
AGTGATGAGTACTGGT-3,GARQ,D18,0,40,40,23,0.06653595,B.Naive
AGCGTGCTCGTTAGTA-3,GARQ,D18,0,40,40,23,0.07837689,B.Naive
GCTAAGTTCGTTTCGC-3,GARQ,D18,0,40,40,20,0.053204656,T.CD8.Naive
GTGTCCAAGTTATGTG-3,GARQ,D18,0,40,40,23,0.098573565,B.Naive
ATGATGGAGCCTGATG-3,GARQ,D18,0,40,40,23,0.044674754,B.Naive
GGACTAAAGGAGCATA-3,GARQ,D18,0,40,40,32,0.051473975,Mono.CD14
AAAGGAGCAGTAATAG-3,GARQ,D18,0,40,40,18,0.0046747923,T.CD4.Naive
AATGCAACATAGCAGG-3,GARQ,D18,0,40,40,4,0.1182282,T.CD4.Memory
CGAGCGAAGAGCCGCT-3,GARQ,D18,0,40,40,6,0.19043493,Mono.CD14
AGCAGGTAGACACCGC-3,GARQ,D18,0,40,40,23,0.20538521,B.Naive
TTAAGGACATAGCTGC-3,GARQ,D18,0,40,40,6,0.07527888,Mono.CD14
TACCAAATCGCTAGAT-3,GARQ,D18,0,40,40,4,0.09912026,T.CD4.Memory
CGGTTTGAGCTAATTG-3,GARQ,D18,0,40,40,6,0.0647465,Mono.CD14
TTGGATCAGTGGCGGA-3,GARQ,D18,0,40,40,37,0.038458824,NK
TGCTAACAGTCACTAA-3,GARQ,D18,0,40,40,4,0.051871955,T.CD4.Memory
TACCGCAAGCGAGCGA-3,GARQ,D18,0,40,40,8,0.23515713,T.CD4.Memory
ACCAGCTCAAGGTAAC-3,GARQ,D18,0,40,40,4,0.12809408,T.CD4.Memory
GCTTTGTGTATGGTGC-3,GARQ,D18,0,40,40,23,0.13881075,B.Naive
ATGGTGCGTTTGAGGC-3,GARQ,D18,0,40,40,38,0.12109792,NK
GGAGTCTGTATTGAGT-3,GARQ,D18,0,40,40,6,0.0734911,Mono.CD14
GCGGGTTTCTAATTGG-3,GARQ,D18,0,40,40,20,0.007715702,T.CD4.Memory
CAGCCTAAGTATTGGC-3,GARQ,D18,0,40,40,38,0.10271537,NK
TGAGAACCAGAAATTG-3,GARQ,D18,0,40,40,4,0.06841099,T.CD4.Memory
TAATGGTGTACCGTTT-3,GARQ,D18,0,40,40,4,0.021184921,T.CD4.Memory
TTATCCTAGTCAGTAC-3,GARQ,D18,0,40,40,20,0.015007675,T.CD4.Memory
CGATTCCTCCTAATGA-3,GARQ,D18,0,40,40,4,0.066756725,T.CD8.Effector
TGTAAAGCAAGTCGCT-3,GARQ,D18,0,40,40,15,0.045848668,T.CD8.Effector
GAGGTAGGTACTTAGG-3,GARQ,D18,0,40,40,4,0.13572466,T.CD4.Memory
GATTCATCACCTGTAA-3,GARQ,D18,0,40,40,26,0.0043064356,B.Naive
CAAACCGTCTCCTCTT-3,GARQ,D18,0,40,40,37,0.32870138,NK
TAGGAGTCAGGACCAA-3,GARQ,D18,0,40,40,37,0.060668945,NK
TAGCTTAAGGCGGATG-3,GARQ,D18,0,40,40,23,0.11328983,B.Naive
ACAGGATCAAGGAATC-3,GARQ,D18,0,40,40,18,0.028546572,T.CD8.Naive
CCTACTGGTTCCTGAT-3,GARQ,D18,0,40,40,21,0.11049509,Mono.CD14
TGGACTAGTTCAAGAT-3,GARQ,D18,0,40,40,0,0.16082954,T.CD4.Memory
TGAGAACCATCAGTAT-3,GARQ,D18,0,40,40,23,0.042090416,B.Activated
CTAATAGTCACACAGT-3,GARQ,D18,0,40,40,20,0.16272116,T.CD4.Naive
AACTGTTCAGTGAACG-3,GARQ,D18,0,40,40,23,0.33075726,B.Naive
GTCCTCCCACCTGGTG-3,GARQ,D18,0,40,40,4,0.06606376,T.CD8.Effector
TACTGGCCAATCATGT-3,GARQ,D18,0,40,40,23,0.029023647,B.Naive
CATAATGTCGCATTAA-3,GARQ,D18,0,40,40,4,0.14873439,T.CD4.Memory
GCCTATTGTGGATTGC-3,GARQ,D18,0,40,40,21,0.0142918825,Mono.CD14
CTTCTCAAGCATTTCT-3,GARQ,D18,0,40,40,34,0.094130754,T.CD8.Naive
GCTAAGAAGGTGTCCA-3,GARQ,D18,0,40,40,18,0.05036497,T.CD4.Memory
AGTAATGCAGTAGCCT-3,GARQ,D18,0,40,40,34,0.10551119,T.CD4.Naive
GTCTAGCCAAGGTCGA-3,GARQ,D18,0,40,40,23,0.100520134,B.Naive
TCCTAGTGTGTTTGTC-3,GARQ,D18,0,40,40,9,0.01429069,T.CD8.Effector
CACAAGCGTAACCTAG-3,GARQ,D18,0,40,40,11,0.03373146,T.CD4.Memory
ATGAAGTAGCCGCAAC-3,GARQ,D18,0,40,40,9,0.002211094,T.CD8.Effector
GGTGAGTAGCTCCTAC-3,GARQ,D18,0,40,40,23,0.1259445,B.Naive
CCTACTTCACTTAACG-3,GARQ,D18,0,40,40,6,0.007347584,Mono.CD14
ACAACACTCATGCAAC-3,GARQ,D18,0,40,40,4,0.11322904,T.CD8.Effector
AAGTTACGTGGTTCTT-3,GARQ,D18,0,40,40,0,0.005096674,T.CD4.Memory
TGTTACTTCCTAGTCC-3,GARQ,D18,0,40,40,23,0.124069095,B.Naive
AGCAACAAGGACCTCA-3,GARQ,D18,0,40,40,9,0.0050697327,T.CD4.Memory
TGACTTAAGGAAGTAT-3,GARQ,D18,0,40,40,15,0.021381259,T.CD8.Effector
CATTGTAAGAGCCGCT-3,GARQ,D18,0,40,40,9,0.0808481,T.CD4.Memory
AGACAATAGGGCCACT-3,GARQ,D18,0,40,40,6,0.02736783,Mono.CD14
AGCGATTTCTATCGCC-3,GARQ,D18,0,40,40,20,0.024950743,T.CD4.Memory
GACTCACCAGGATTAA-3,GARQ,D18,0,40,40,34,0.16008902,T.CD4.Memory
TGCTAACAGCCGCTAA-3,GARQ,D18,0,40,40,29,0.03935045,NK
TGTCAGTAGGTCCTAG-3,GARQ,D18,0,40,40,4,0.05164647,T.CD8.Effector
ACGAACAAGTTCCTCA-3,GARQ,D18,0,40,40,21,0.11226308,Mono.CD14
CTATTGAAGCTTATGA-3,GARQ,D18,0,40,40,4,0.063452244,T.CD8.Effector
GTGCTTACAGGGAGCT-3,GARQ,D18,0,40,40,2,0.026500642,T.CD4.Memory
GGTTCTTGTTGTCCAT-3,GARQ,D18,0,40,40,6,0.029907703,Mono.CD16
AATGCATGTAGGTTTG-3,GARQ,D18,0,40,40,18,0.0114302635,T.CD4.Naive
GGTAAGGGTGTTTGAG-3,GARQ,D18,0,40,40,20,0.0105576515,T.CD4.Naive
TCCATGCTCCTGATTT-3,GARQ,D18,0,40,40,4,0.1775142,T.CD8.Effector
TACCGTTGTAAGTCGC-3,GARQ,D18,0,40,40,27,0.0059894323,T.CD4.Memory
GGTCTTTGTAAGGTTT-3,GARQ,D18,0,40,40,23,0.20800662,B.Naive
GGTTTGTAGTTGTCTT-3,GARQ,D18,0,40,40,23,0.3264091,B.Naive
ATTTGTGAGCCGCTTT-3,GARQ,D18,0,40,40,4,0.024440527,T.CD8.Effector
CTTTAGGCAACCCTAA-3,GARQ,D18,0,40,40,6,0.028127432,Mono.CD14
TTTAGCAAGGCTAGAA-3,GARQ,D18,0,40,40,4,0.08357465,T.CD8.Effector
ATTACTGAGTAACGGA-3,GARQ,D18,0,40,40,38,0.05623722,NK
ACATCAATCACTTTAC-3,GARQ,D18,0,40,40,4,0.10560572,T.CD8.Effector
TCAAGACTCCTAAATG-3,GARQ,D18,0,40,40,20,0.025764406,T.CD4.Naive
CGGAGCAAGGAACCAA-3,GARQ,D18,0,40,40,20,0.010088921,T.CD4.Naive
CTCATGACAAGCTACC-3,GARQ,D18,0,40,40,4,0.02158928,T.CD8.Effector
TATAGCCAGTTATTCC-3,GARQ,D18,0,40,40,4,0.07466793,T.CD8.Effector
GGATTCAGTGACCTGG-3,GARQ,D18,0,40,40,5,0.0013408065,T.CD8.Effector
AGAATCGAGCAGCTCA-3,GARQ,D18,0,40,40,9,0.07526684,T.CD8.Effector
TCTTGACGTTAACAGT-3,GARQ,D18,0,40,40,18,0.1171906,T.CD4.Naive
AATTGTGTCTTTAGGA-3,GARQ,D18,0,40,40,23,0.12353814,B.Naive
TGATGAACACAACCTA-3,GARQ,D18,0,40,40,23,0.03534317,B.Naive
GCTTAACAGTACTGGT-3,GARQ,D18,0,40,40,37,0.16592526,NK
GGTTTAATCACAAGCT-3,GARQ,D18,0,40,40,37,0.02521348,NK
TAGGAGGGTCACCTAT-3,GARQ,D18,0,40,40,34,0.16065139,T.CD4.Naive
TGGTTCTGTAACGGGA-3,GARQ,D18,0,40,40,18,0.09763801,T.CD4.Memory
GACCGAACAATGAGGT-3,GARQ,D18,0,40,40,20,0.095080614,T.CD8.Naive
TTCATCCCAAATTCGT-3,GARQ,D18,0,40,40,39,0.12902576,T.CD8.Effector
AATCAGGAGTGAGCAA-3,GARQ,D18,0,40,40,19,0.020777643,T.CD8.Effector
GGAGCAAGTTGGATAT-3,GARQ,D18,0,40,40,20,0.067020535,T.CD4.Memory
CTTAAGGGTTTCAGGA-3,GARQ,D18,0,40,40,18,0.0893476,T.CD4.Naive
CTCACACTCTACCTGC-3,GARQ,D18,0,40,40,15,0.016671896,T.CD4.Naive
CAACCCTTCACGCATG-3,GARQ,D18,0,40,40,11,0.061770678,T.CD4.Memory
CGGATTAGTTTCCGGC-3,GARQ,D18,0,40,40,34,0.003780365,T.CD4.Memory
ACACTTAAGTACTGGT-3,GARQ,D18,0,40,40,19,0.16411126,T.CD4.Memory
GACCTAGTCTAACTGA-3,GARQ,D18,0,40,40,6,0.08833504,Mono.CD14
GTTCCCAGTAATGACT-3,GARQ,D18,0,40,40,37,0.06360549,T.CD8.Effector
GGCTTCAAGTAAGGGC-3,GARQ,D18,0,40,40,18,0.016100883,T.CD4.Naive
CTGTTAAAGGACCTGC-3,GARQ,D18,0,40,40,6,0.08722639,Mono.CD14
CCTGTATGTCTTTATG-3,GARQ,D18,0,40,40,4,0.04817128,T.CD4.Memory
ATTCCTCCAGGTTCAC-3,GARQ,D18,0,40,40,3,0.24586034,T.CD4.Naive
CTAGATTCAGCTACGT-3,GARQ,D18,0,40,40,6,0.021859169,Mono.CD14
CGTGAGGAGTATTGTG-3,GARQ,D18,0,40,40,6,0.15949869,Mono.CD14
GACCTAGTCGTCCTTA-3,GARQ,D18,0,40,40,9,0.051511884,T.CD8.Effector
CGGTTATAGGTGTTAC-3,GARQ,D18,0,40,40,20,0.061800957,T.CD4.Memory
CCAGGAACACTTCACT-3,GARQ,D18,0,40,40,37,0.27976656,NK
TACTCAAAGGCGGATG-3,GARQ,D18,0,40,40,24,0.058790684,T.CD4.Naive
GGAACAATCCTGATGG-3,GARQ,D18,0,40,40,27,0.0036313534,T.CD8.Naive
CAACAGGCAGCTTACA-3,GARQ,D18,0,40,40,23,0.22972333,B.Naive
ACATCAATCAGGAAGC-3,GARQ,D18,0,40,40,20,0.0065569878,T.CD4.Naive
CGATATTCAGGCAAGC-3,GARQ,D18,0,40,40,24,0.013206542,T.CD4.Naive
CACTTAAAGGCCAATT-3,GARQ,D18,0,40,40,4,0.005908966,T.CD4.Memory
GTTCATTTCAAACTCA-3,GARQ,D18,0,40,40,20,0.095888615,T.CD4.Naive
GCTATTGCACAATGTT-3,GARQ,D18,0,40,40,23,0.19038892,B.Naive
GGTCATTAGAATGACG-3,GARQ,D18,0,40,40,17,0.10226947,T.CD4.Memory
AGGGCCTTCTCTAGCC-3,GARQ,D18,0,40,40,39,0.025304973,NK
AGCTTAATCCTTTACG-3,GARQ,D18,0,40,40,18,0.055385113,T.CD4.Memory
GGTGAGCCAACCCTAA-3,GARQ,D18,0,40,40,23,0.22772384,B.Naive
TCTCGCCCATTAAACC-3,GARQ,D18,0,40,40,6,0.008034706,Mono.CD14
GTAAGGTCAACTCGCG-3,GARQ,D18,0,40,40,4,0.05554664,T.CD8.Effector
ACGAAGTCACGAACAG-3,GARQ,D18,0,40,40,37,0.22381234,NK
AATCTTGAGTGGACAA-3,GARQ,D18,0,40,40,34,0.1498971,T.CD4.Memory
ACCAAGCGTCGTAATG-3,GARQ,D18,0,40,40,37,0.3217349,NK
CCCGTAAAGGTATTGC-3,GARQ,D18,0,40,40,18,0.014452934,T.CD8.Naive
AGGAACGGTGGGAACA-3,GARQ,D18,0,40,40,17,0.054397106,T.CD4.Memory
GTAAGGTCAGAGAGCC-3,GARQ,D18,0,40,40,14,0.06834769,T.CD4.Memory
GTTGTGAGTTAGGCGT-3,GARQ,D18,0,40,40,29,0.062514305,T.CD4.Memory
TGAGCACGTGAGCGAA-3,GARQ,D18,0,40,40,20,0.04413271,T.CD4.Naive
AGACAATAGAATCTCA-3,GARQ,D18,0,40,40,9,0.019069612,T.CD8.Effector
CTGTACCTCATAACCA-3,GARQ,D18,0,40,40,9,0.1371926,T.CD4.Memory
TAGCCTTGTCGCGCAA-3,GARQ,D18,0,40,40,4,0.075502515,T.CD4.Memory
AACCTTGCAAATGCCC-3,GARQ,D18,0,40,40,20,0.04157293,T.CD4.Naive
AACCTCACACAATTAC-3,GARQ,D18,0,40,40,20,0.12969673,T.CD4.Naive
GCGCTTGCATACTCCT-3,GARQ,D18,0,40,40,34,0.02316612,T.CD8.Naive
CGAAGCGAGTTGGCCA-3,GARQ,D18,0,40,40,18,0.007335782,T.CD4.Naive
AGGGCTACATCCTGAA-3,GARQ,D18,0,40,40,4,0.24292588,T.CD4.Memory
ACTCACCTCTCGCCTG-3,GARQ,D18,0,40,40,20,0.048119307,T.CD4.Memory
ACCAGGCTCGTTAGCG-3,GARQ,D18,0,40,40,23,0.050807834,B.Naive
ACATCATCAGCCAGAA-3,GARQ,D18,0,40,40,18,0.09062433,T.CD8.Naive
TCACCTGGTTGTTCAC-3,GARQ,D18,0,40,40,20,0.0038580894,T.CD4.Memory
GCAATAGAGTCATTGA-3,GARQ,D18,0,40,40,23,0.1090703,B.Naive
ATCATGTCAGTTGCGT-3,GARQ,D18,0,40,40,20,0.115074754,T.CD4.Naive
GATCAGGCAGGATTAA-3,GARQ,D18,0,40,40,37,0.34397388,NK
GCAACAGCAGTTAGCC-3,GARQ,D18,0,40,40,18,0.0011796951,T.CD4.Naive
TGTGCGCAGTTTAACG-3,GARQ,D18,0,40,40,18,0.040349483,T.CD8.Naive
CTGTACCTCCTCAGTC-3,GARQ,D18,0,40,40,18,0.020987988,T.CD4.Memory
TAGGCTAGTCTCAGCC-3,GARQ,D18,0,40,40,20,0.035475373,T.CD4.Memory
TTCAGCACAGGAATCG-3,GARQ,D18,0,40,40,38,0.0027979016,NK
TTGCTCTCACAATTAC-3,GARQ,D18,0,40,40,18,0.030607939,T.CD4.Memory
TTCCTTGAGGTCGATT-3,GARQ,D18,0,40,40,14,0.10373896,T.CD8.Effector
TTTCAGTTCCTCAGCT-3,GARQ,D18,0,40,40,37,0.056739688,T.CD8.Effector
GGATGTAAGGTGCGGA-3,GARQ,D18,0,40,40,18,0.07691014,T.CD4.Memory
GACCTAGTCGAAGTAG-3,GARQ,D18,0,40,40,4,0.092167854,T.CD4.Memory
TTGGTGAGTACAATGT-3,GARQ,D18,0,40,40,4,0.07189846,T.CD8.Effector
TAGGCTGTCTGTGCAG-3,GARQ,D18,0,40,40,20,0.0885365,T.CD4.Naive
TGAGCCGGTAATAGCT-3,GARQ,D18,0,40,40,19,0.0327363,T.CD8.Effector
CGTTAGGTCAGGCCTA-3,GARQ,D18,0,40,40,20,0.057859898,T.CD4.Memory
GCGCTTAAGAGAAGGG-3,GARQ,D18,0,40,40,27,0.033753574,T.CD4.Naive
TGGACGGAGGATGATG-3,GARQ,D18,0,40,40,5,0.04226339,T.CD4.Naive
CGCGATTCATAAGTTC-3,GARQ,D18,0,40,40,20,0.016969562,T.CD4.Memory
ACAGGAATCCGGCTAA-3,GARQ,D18,0,40,40,23,0.003309369,B.Naive
TTGTTCCCAGGACCTT-3,GARQ,D18,0,40,40,20,0.029803276,T.CD4.Naive
TAGGCTAGTACTGATG-3,GARQ,D18,0,40,40,4,0.121732175,T.CD8.Effector
CTGGACCAGCTTACTT-3,GARQ,D18,0,40,40,18,0.10512328,T.CD4.Naive
AGCCGGTTCGGTTTGG-3,GARQ,D18,0,40,40,38,0.16814852,NK
TTAGCAATCCCTGACT-3,GARQ,D18,0,40,40,4,0.23868155,T.CD4.Memory
GCTAGTGTCTTAGCGG-3,GARQ,D18,0,40,40,11,0.035153627,T.CD8.Effector
TTTCACCCATTGGGAG-3,GARQ,D18,0,40,40,27,0.027897418,T.CD8.Naive
AAGACAAGTAACTACG-3,GARQ,D18,0,40,40,24,0.01554817,T.CD4.Naive
CTATTACTCCATAATG-3,GARQ,D18,0,40,40,14,0.0042093396,T.CD8.Naive
ATTCCGGAGTCTTGAA-3,GARQ,D18,0,40,40,15,0.03970599,T.CD4.Memory
AGTAGGATCTAAGTGC-3,GARQ,D18,0,40,40,20,0.07658386,T.CD4.Naive
CTATAACCAAACGGGC-3,GARQ,D18,0,40,40,20,0.06959766,T.CD4.Naive
TCGTTACGTTACTAGG-3,GARQ,D18,0,40,40,27,0.0049961805,T.CD4.Naive
TTGTTTGGTACCGTAA-3,GARQ,D18,0,40,40,4,0.16231966,T.CD4.Memory
GGCTATGTCATGAGCT-3,GARQ,D18,0,40,40,18,0.07849026,T.CD4.Naive
GCCTCAAAGCTCAAAC-3,GARQ,D18,0,40,40,4,0.0025122166,T.CD8.Effector
TGTTGTTTCGGTTAGT-3,GARQ,D18,0,40,40,20,0.021161199,T.CD4.Memory
ACGCCACAGTTGCGTG-3,GARQ,D18,0,40,40,38,0.22925854,NK
TACGTAATCGATAACC-3,GARQ,D18,0,40,40,2,0.05168867,T.CD8.Naive
TTGCAACAGGATTTGC-3,GARQ,D18,0,40,40,18,0.08471608,T.CD4.Memory
TGCGGTTCACACTAAT-3,GARQ,D18,0,40,40,18,0.01961261,T.CD4.Memory
ATTCACTTCAAAGGCA-3,GARQ,D18,0,40,40,20,0.1560576,T.CD8.Naive
GGTACAAAGCCTGATG-3,GARQ,D18,0,40,40,18,0.12023938,T.CD4.Memory
TCCGGTTTCTCACATT-3,GARQ,D18,0,40,40,33,0.15417904,T.CD4.Memory
GGGCTAACAATCGCAC-3,GARQ,D18,0,40,40,27,0.009166837,T.CD4.Naive
GGGTCAACAGGCTGTT-3,GARQ,D18,0,40,40,20,0.0013079643,T.CD4.Naive
CTTAACAAGTCACGAT-3,GARQ,D18,0,40,40,38,0.034778595,NK
CTCGACAAGTATTGTG-3,GARQ,D18,0,40,40,20,0.061740756,T.CD4.Naive
AACAGGATCTACCTGC-3,GARQ,D18,0,40,40,28,0.02814138,T.CD4.Naive
GCTGGATGTGTAATAC-3,GARQ,D18,0,40,40,18,0.07409704,T.CD4.Naive
AACGGTAAGCGCATTG-3,GARQ,D18,0,40,40,5,0.012898684,T.CD4.Memory
ATGGCTTAGCATGAAG-3,GARQ,D18,0,40,40,4,0.11939025,T.CD4.Memory
GAGGTACAGCATGACT-3,GARQ,D18,0,40,40,20,0.0028085113,T.CD4.Memory
GTTTAACCAATCCTGA-3,GARQ,D18,0,40,40,9,0.010341644,T.CD8.Effector
CCAGCTGCACAACCTA-3,GARQ,D18,0,40,40,5,0.0013818145,T.CD4.Naive
TTGTCAAAGATGCCTG-3,GARQ,D18,0,40,40,24,0.08720541,T.CD4.Naive
AAGTCTATCATGGTTA-3,GARQ,D18,0,40,40,27,0.05147946,T.CD8.Effector
AATGGCGCATGAGCAG-3,GARQ,D18,0,40,40,6,0.14816928,Mono.CD14
GGACCTCAGTGAGGTA-3,GARQ,D18,0,40,40,34,0.09960401,T.CD4.Memory
GACATTATCCTTGTTG-3,GARQ,D18,0,40,40,11,0.0042930245,T.CD8.Effector
TCTCGCCCACAGGAAT-3,GARQ,D18,0,40,40,10,0.009473562,T.CD8.Naive
TTTGTGAAGGTCCTGA-3,GARQ,D18,0,40,40,20,0.05972588,T.CD4.Naive
CATTATGAGCTGAGGG-3,GARQ,D18,0,40,40,20,0.017554045,T.CD8.Naive
CAAGTGAAGAGGATAT-3,GARQ,D18,0,40,40,28,0.089888096,T.CD4.Memory
GATGACTTCCAGGTTG-3,GARQ,D18,0,40,40,33,0.050518453,T.CD4.Naive
CGGCAATGTTGTAACG-3,GARQ,D18,0,40,40,4,0.05658543,T.CD8.Effector
TTATCCGTCAGTGAAG-3,GARQ,D18,0,40,40,5,0.004650235,T.CD4.Memory
TCCTTTACAGTACCGT-3,GARQ,D18,0,40,40,18,0.025674105,T.CD4.Memory
CGTAACCCACCGGTAT-3,GARQ,D18,0,40,40,20,0.023005128,T.CD4.Naive
GTCAGGCTCTCCTCTT-3,GARQ,D18,0,40,40,17,0.0048429966,T.CD4.Memory
CTCTCACAGTGATTCA-3,GARQ,D18,0,40,40,34,0.0761081,T.CD8.Naive
GAAGCTAAGTCCTGAG-3,GARQ,D18,0,40,40,27,0.0037423372,T.CD8.Naive
ACTCCTCAGTTGTCTT-3,GARQ,D18,0,40,40,37,0.052212298,NK
GCCGTGAGTGTGTCCC-3,GARQ,D18,0,40,40,20,0.03277874,T.CD4.Memory
TCATTTGGTGAGGTGA-3,GARQ,D18,0,40,40,4,0.012953281,T.CD8.Effector
TGCAAGCGTCAATACG-3,GARQ,D18,0,40,40,27,0.021067262,T.CD4.Naive
CAGCATGTCCTGAGTG-3,GARQ,D18,0,40,40,27,0.0016258955,T.CD4.Naive
GGTGAGCCAACATAAG-3,GARQ,D18,0,40,40,18,0.04547274,T.CD8.Naive
GAAGGAACACTGACTA-3,GARQ,D18,0,40,40,4,0.017946959,T.CD8.Effector
CCTAAGTAGTATTGTG-3,GARQ,D18,0,40,40,21,0.012645245,Mono.CD14
TACGTTAAGGGTGAAC-3,GARQ,D18,0,40,40,23,0.13434947,B.Naive
TTTGACTTCAGGCCTA-3,GARQ,D18,0,40,40,11,0.029122055,T.CD4.Memory
AAAGCCGCAAACCCTA-3,GARQ,D18,0,40,40,39,0.17631865,T.CD8.Effector
TCCACAACAGGCCATT-3,GARQ,D18,0,40,40,20,0.009766579,T.CD4.Naive
ACACTTAAGTAATCCA-3,GARQ,D18,0,40,40,27,0.015901685,T.CD4.Naive
TTCGTTAGTCAATACG-3,GARQ,D18,0,40,40,11,0.026785612,T.CD8.Effector
ATATGTCCATTGCGAC-3,GARQ,D18,0,40,40,9,0.0821228,T.CD8.Effector
TTAAAGGCAGCACCAT-3,GARQ,D18,0,40,40,20,0.0004425645,T.CD8.Naive
CTTCTAAGTAACTACG-3,GARQ,D18,0,40,40,24,0.04263425,T.CD4.Naive
GGTAAGGGTCATTGAG-3,GARQ,D18,0,40,40,11,0.0019689202,T.CD8.Naive
GCTAAGAAGCTTCCCG-3,GARQ,D18,0,40,40,20,0.14309406,T.CD4.Memory
GCTTATCGTTGTGACA-3,GARQ,D18,0,40,40,38,0.159711,NK
TGGCCATCATAAAGCA-3,GARQ,D18,0,40,40,20,0.12065327,T.CD4.Naive
CTTAAGGGTGCTCACC-3,GARQ,D18,0,40,40,24,0.03946328,T.CD4.Naive
GGCTCACAGTTGCCTC-3,GARQ,D18,0,40,40,5,0.012376189,T.CD4.Memory
TCACCGGCACAGAACG-3,GARQ,D18,0,40,40,20,0.037477553,T.CD4.Memory
TTTGTGAAGGTAGCTT-3,GARQ,D18,0,40,40,20,0.1746962,T.CD4.Memory
TTAACCAAGGCCATCA-3,GARQ,D18,0,40,40,20,0.04661739,T.CD4.Memory
GTTGTTGCACGTGCTG-3,GARQ,D18,0,40,40,39,0.04459536,NK
ACCTTGCTCCTTCGTA-3,GARQ,D18,0,40,40,34,0.044976473,T.CD4.Naive
GAGGCCTTCAGGCTAT-3,GARQ,D18,0,40,40,20,0.3118627,T.CD4.Naive
TAGGTTATCCTGGTGA-3,GARQ,D18,0,40,40,4,0.027590394,T.CD8.Effector
GCGCCTTGTCAGGAAG-3,GARQ,D18,0,40,40,20,0.037799,T.CD4.Memory
GCTATTGCAGGAACAT-3,GARQ,D18,0,40,40,18,0.0127801895,T.CD8.Naive
AGGCAATCATAAAGCA-3,GARQ,D18,0,40,40,20,0.031376243,T.CD8.Naive
GTTCTTGTCGGCCAGT-3,GARQ,D18,0,40,40,20,0.0010378361,T.CD4.Memory
TTAAGCCAGCTCAATA-3,GARQ,D18,0,40,40,23,0.25830817,B.Naive
GATTGTTCATCCATCT-3,GARQ,D18,0,40,40,18,0.03259319,T.CD4.Naive
TAACCAGGTTAGAGCC-3,GARQ,D18,0,40,40,38,0.15895891,NK
TGGACGGAGCATTAGC-3,GARQ,D18,0,40,40,20,0.20639658,T.CD4.Naive
CGCCTCATCCTCCATA-3,GARQ,D18,0,40,40,18,0.018285632,T.CD4.Memory
ATAATGGCAGAGGCTA-3,GARQ,D18,0,40,40,38,0.12276554,NK
CTCATGACAGGTTACC-3,GARQ,D18,0,40,40,3,0.019592702,T.CD4.Naive
GTCGAAGCATACTCCT-3,GARQ,D18,0,40,40,18,0.027740002,T.CD8.Naive
GGCTTAAGTCATGCCC-3,GARQ,D18,0,40,40,20,0.04048872,T.CD4.Naive
AGCGTGCTCTTTAAGG-3,GARQ,D18,0,40,40,18,0.10511351,T.CD4.Naive
GGTTTCTGTTTAAAGC-3,GARQ,D18,0,40,40,24,0.026667833,T.CD4.Naive
CTGTACCTCAATGAGG-3,GARQ,D18,0,40,40,4,0.049999237,T.CD4.Memory
GGTACTTAGCGCATTG-3,GARQ,D18,0,40,40,12,0.04170108,T.CD8.Naive
CCAACCCGTACAATGT-3,GARQ,D18,0,40,40,18,0.04444313,T.CD8.Effector
ATACCGGTCTAAGTCA-3,GARQ,D18,0,40,40,5,0.022460818,T.CD4.Memory
GCTGTACCATGCAACC-3,GARQ,D18,0,40,40,20,0.042238235,T.CD4.Naive
CGCTATGAGCTTGCTC-3,GARQ,D18,0,40,40,39,0.043222904,NK
ACCGAAGCAGGCTACT-3,GARQ,D18,0,40,40,34,0.013434827,T.CD4.Naive
TGCTTGCTCAATCATG-3,GARQ,D18,0,40,40,34,0.060156107,T.CD4.Naive
GACGCAACAAGGGTTG-3,GARQ,D18,0,40,40,36,0.019198775,T.CD4.Memory
GAGTAATAGCTATTGA-3,GARQ,D18,0,40,40,38,0.117878675,NK
TCCTCACAGCTATTAG-3,GARQ,D18,0,40,40,18,0.02355355,T.CD4.Memory
CTTTGTCCATTAAGTC-3,GARQ,D18,0,40,40,20,0.05471295,T.CD4.Memory
TTGTCCATCCTCAGTC-3,GARQ,D18,0,40,40,24,0.013077021,T.CD4.Naive
GTTACAGGTGTCCTGC-3,GARQ,D18,0,40,40,20,0.0062493086,T.CD4.Memory
TTAATCGAGCCTGATG-3,GARQ,D18,0,40,40,20,0.076128006,T.CD4.Naive
CTTAGTTTCTGTGAGT-3,GARQ,D18,0,40,40,11,0.030091226,T.CD8.Effector
TTTCCACCACCTCAGG-3,GARQ,D18,0,40,40,18,0.14331603,T.CD4.Memory
GAGTAATAGAACAAGT-3,GARQ,D18,0,40,40,20,0.056895196,T.CD4.Naive
CAAATCATCCCGAACA-3,GARQ,D18,0,40,40,23,0.06792474,B.Naive
GGCCTCTGTTTGACCT-3,GARQ,D18,0,40,40,4,0.059255242,T.CD8.Effector
GTCCGTAAGGTCCACA-3,GARQ,D18,0,40,40,28,0.007196307,T.CD8.Effector
CACTTAAAGGCAGGTG-3,GARQ,D18,0,40,40,14,0.013231993,T.CD4.Memory
GACCTAGTCTTAGCCC-3,GARQ,D18,0,40,40,20,0.035334706,T.CD4.Naive
AAGTTAGCAAACTCAT-3,GARQ,D18,0,40,40,20,0.018758059,T.CD4.Naive
TCCGGTAAGGGTCTAT-3,GARQ,D18,0,40,40,18,0.00949645,T.CD4.Naive
GATTGGCGTAATCGGC-3,GARQ,D18,0,40,40,4,0.008981228,T.CD4.Memory
CAGCCTAAGTTTGGTA-3,GARQ,D18,0,40,40,20,0.07723868,T.CD4.Memory
GGATTTATCCACCTGT-3,GARQ,D18,0,40,40,23,0.23087478,B.Naive
GAACTTATCGACAAAG-3,GARQ,D18,0,40,40,38,0.093401074,NK
CAGGAAGGTTAGCCAA-3,GARQ,D18,0,40,40,20,0.097085476,T.CD4.Naive
CCTTCAATCATAAGCC-3,GARQ,D18,0,40,40,5,0.019602,T.CD4.Memory
CGCCTCATCATTGCAA-3,GARQ,D18,0,40,40,12,0.002266407,T.CD4.Memory
CATGCAAGTGGAAACG-3,GARQ,D18,0,40,40,18,0.0030081272,T.CD4.Naive
GGTATTTCAAGGTGGC-3,GARQ,D18,0,40,40,5,0.03299302,T.CD4.Memory
GGATAACCAGGCTGTT-3,GARQ,D18,0,40,40,18,0.02859664,T.CD4.Naive
ATTTGTGAGCAAGGTA-3,GARQ,D18,0,40,40,20,0.16776538,T.CD8.Naive
CACCAACCACAGAACG-3,GARQ,D18,0,40,40,27,0.0014431477,T.CD4.Memory
GTAGGAGGTAATAGCT-3,GARQ,D18,0,40,40,20,0.13607407,T.CD4.Naive
CAGCTATAGGGTGAGT-3,GARQ,D18,0,40,40,4,0.1098991,T.CD8.Effector
CTCATCATCATTTGCT-3,GARQ,D18,0,40,40,18,0.123191714,T.CD4.Naive
TACCTTAGTGTTTGAG-3,GARQ,D18,0,40,40,18,0.077246904,T.CD4.Naive
TTGCTCTCACAGCCAT-3,GARQ,D18,0,40,40,31,0.010426104,T.CD4.Memory
ACAACATGTAGCCTCC-3,GARQ,D18,0,40,40,4,0.031867504,T.CD8.Effector
ACGATTCAGGAAACTG-3,GARQ,D18,0,40,40,20,0.11870837,T.CD4.Naive
CCAGCTGCAAGTGTCC-3,GARQ,D18,0,40,40,4,0.18721747,T.CD8.Effector
GAGCTTGTCAGCAAAG-3,GARQ,D18,0,40,40,20,0.007549286,T.CD4.Naive
AGGATCCGTTTATCGC-3,GARQ,D18,0,40,40,33,0.03514421,T.CD4.Memory
GCACTAAGTGTTGTGA-3,GARQ,D18,0,40,40,39,0.05482793,T.CD8.Effector
CACTAGCCAGGTATTT-3,GARQ,D18,0,40,40,39,0.04657495,T.CD8.Effector
TTAGCAATCCTCATGC-3,GARQ,D18,0,40,40,20,0.032677293,T.CD4.Naive
GGTTTCCTCATGGCCA-3,GARQ,D18,0,40,40,27,0.010309696,T.CD4.Naive
ATTGCGCCAGGTTTGC-3,GARQ,D18,0,40,40,5,0.02584368,T.CD4.Naive
CCCAGCACAAACATAG-3,GARQ,D18,0,40,40,5,0.06567955,T.CD4.Naive
TTCGTGCTCCCGCCTA-3,GARQ,D18,0,40,40,20,0.06529838,T.CD4.Naive
CTCATGCTCCGTCCAT-3,GARQ,D18,0,40,40,17,0.008034587,T.CD4.Memory
AGCGCTCAGTTACTTC-3,GARQ,D18,0,40,40,23,0.1693027,B.Naive
AGCCTAAGTCGAAGTC-3,GARQ,D18,0,40,40,20,0.016076803,T.CD4.Naive
AATTAGCGTTGCGTAA-3,GARQ,D18,0,40,40,20,0.075252175,T.CD4.Memory
ATGTCAATCTTGAGGT-3,GARQ,D18,0,40,40,20,0.19086576,T.CD8.Naive
GGTTCTTGTTAGTACG-3,GARQ,D18,0,40,40,20,0.054350138,T.CD4.Naive
CCATAGCCATTAGGTT-3,GARQ,D18,0,40,40,20,0.043533087,T.CD8.Naive
GAAGTGATCTTGCATT-3,GARQ,D18,0,40,40,18,0.06916726,T.CD4.Memory
GAAACTGAGTTGGATC-3,GARQ,D18,0,40,40,24,0.02541542,T.CD4.Naive
ATGTAAGCACTAGGTC-3,GARQ,D18,0,40,40,5,0.047237635,T.CD4.Naive
CTTTATCAGGTCCTAG-3,GARQ,D18,0,40,40,23,0.27415514,B.Naive
TTGTTCCCATAAACCT-3,GARQ,D18,0,40,40,18,0.023061037,T.CD4.Naive
CTAGATTCAATAACGA-3,GARQ,D18,0,40,40,39,0.34375596,NK
TATCACAAGGGTGAGT-3,GARQ,D18,0,40,40,14,0.060786843,T.CD8.Effector
CGTCATTGTTTATCTG-3,GARQ,D18,0,40,40,18,0.015333891,T.CD4.Memory
GCTCATTGTCACAAAT-3,GARQ,D18,0,40,40,20,0.051582098,T.CD4.Naive
TCATCCATCACCTGTC-3,GARQ,D18,0,40,40,37,0.17113566,NK
TAGCCTTGTGACATGC-3,GARQ,D18,0,40,40,20,0.093675196,T.CD4.Memory
AGTGGACAGTCTATGA-3,GARQ,D18,0,40,40,20,0.0023722649,T.CD4.Naive
TCGCGAGGTCACTCGC-3,GARQ,D18,0,40,40,20,0.0036978722,T.CD4.Naive
CCTTGTTCAATCCTGA-3,GARQ,D18,0,40,40,18,0.039174855,T.CD8.Naive
TAAGCTGGTAGGTTTG-3,GARQ,D18,0,40,40,24,0.050864697,T.CD4.Naive
CTTCATCCAGGCATGA-3,GARQ,D18,0,40,40,27,0.034137845,T.CD4.Memory
CTTTGAGCAGGGAGGA-3,GARQ,D18,0,40,40,4,0.010634005,T.CD8.Effector
TGAAACTGTCACGGAT-3,GARQ,D18,0,40,40,23,0.116856575,B.Naive
TAGCTTGCATGTCAAT-3,GARQ,D18,0,40,40,6,0.035218477,Mono.CD14
GTCGAAGCAGGTCCTG-3,GARQ,D18,0,40,40,39,0.0025246143,NK
CAAGTAACATGTCGCG-3,GARQ,D18,0,40,40,28,0.15572894,T.CD4.Memory
CGCCAAATCAGGTTTA-3,GARQ,D18,0,40,40,32,0.033768058,Mono.CD14
TGAAGTGAGGAAACTG-3,GARQ,D18,0,40,40,15,0.03468585,T.CD4.Memory
TATCGCGAGGCACAGG-3,GARQ,D18,0,40,40,20,0.025067925,T.CD8.Naive
CTCGCTAGTCGTAATG-3,GARQ,D18,0,40,40,18,0.041778505,T.CD8.Naive
CGGCTCACACCTACTT-3,GARQ,D18,0,40,40,20,0.0935806,T.CD4.Naive
ACAAACTGTCAACAAT-3,GARQ,D18,0,40,40,27,0.036747098,T.CD4.Naive
GAAGTCAAGCACTAGT-3,GARQ,D18,0,40,40,20,0.015434504,T.CD4.Naive
ATCACACAGGCTGGCT-3,GARQ,D18,0,40,40,14,0.01618737,T.CD4.Memory
AGCTAGTTCTTGATGA-3,GARQ,D18,0,40,40,23,0.23926353,B.Naive
GGAACGGTCAGTATTG-3,GARQ,D18,0,40,40,23,0.09789348,B.Naive
CTATGACAGCCGCTAA-3,GARQ,D18,0,40,40,14,0.07517779,T.CD4.Memory
CACATAATCAGGTCCA-3,GARQ,D18,0,40,40,11,0.010413885,T.CD8.Effector
TTATCCGTCCACAATA-3,GARQ,D18,0,40,40,20,0.09293938,T.CD4.Naive
CCGTTACTCATTTAGG-3,GARQ,D18,0,40,40,18,0.026381075,NK
