cell_id,method,dataset,seed,requested_K,realized_K,metacell_id,delta_confidence,cell_type
AAACCTGAGAGTCGGT-1,GARQ,D5,0,40,34,6,0.1861279,gdT cells
AAACCTGCAGCGTAAG-1,GARQ,D5,0,40,34,6,0.08905208,CD56dim CD16bright NK
AAACCTGGTGCCTGGT-1,GARQ,D5,0,40,34,26,0.0343796,CD56bright CD16dim NK
AAACCTGTCAACACGT-1,GARQ,D5,0,40,34,10,0.01845175,T-NK-B cell doublets
AAACCTGTCAATCTCT-1,GARQ,D5,0,40,34,13,0.018913507,CD56bright CD16dim NK
AAACGGGCAAGACACG-1,GARQ,D5,0,40,34,12,0.15226924,CD8 memory
AAACGGGCACCGAATT-1,GARQ,D5,0,40,34,27,0.0329746,NK-monocyte doublets
AAACGGGCATGGATGG-1,GARQ,D5,0,40,34,13,0.015655756,CD56dim CD16bright NK
AAACGGGGTCTCTCTG-1,GARQ,D5,0,40,34,23,0.05291915,CD56dim CD16bright NK
AAAGATGCAAACGCGA-1,GARQ,D5,0,40,34,4,0.026808977,CD56dim CD16bright NK
AAAGATGTCATTTGGG-1,GARQ,D5,0,40,34,24,0.14971375,Platelet-bound monocytes
AAAGATGTCTAACTCT-1,GARQ,D5,0,40,34,25,0.082336426,CD4 memory
AAAGCAAAGAGTCTGG-1,GARQ,D5,0,40,34,25,0.30919957,CD4 naive I
AAAGCAAAGCTGTCTA-1,GARQ,D5,0,40,34,10,0.10397577,T-NK-B cell doublets
AAAGCAACAGACACTT-1,GARQ,D5,0,40,34,25,0.4536457,CD4 naive I
AAAGCAACAGCGATCC-1,GARQ,D5,0,40,34,17,0.019595683,gdT cells
AAAGCAACAGTGAGTG-1,GARQ,D5,0,40,34,28,0.026466012,CD4 memory
AAAGCAACAGTTAACC-1,GARQ,D5,0,40,34,24,0.047887206,conventional DC
AAAGCAAGTTAGATGA-1,GARQ,D5,0,40,34,25,0.45380712,CD8 naive
AAAGTAGAGATCCCGC-1,GARQ,D5,0,40,34,27,0.22436178,Non classical monocytes
AAAGTAGCACCGAATT-1,GARQ,D5,0,40,34,37,0.10987979,CD56bright CD16dim NK
AAAGTAGCATAGGATA-1,GARQ,D5,0,40,34,27,0.13149953,Non classical monocytes
AAAGTAGGTACTTGAC-1,GARQ,D5,0,40,34,25,0.22935939,CD4 naive I
AAAGTAGGTCCCTACT-1,GARQ,D5,0,40,34,25,0.08978462,CD4 memory
AAAGTAGTCGGTCTAA-1,GARQ,D5,0,40,34,12,0.15003157,CD8 effector
AAATGCCAGGAGTTGC-1,GARQ,D5,0,40,34,25,0.179191,CD8 naive
AAATGCCAGTGTCCCG-1,GARQ,D5,0,40,34,25,0.12343824,CD4 memory
AACACGTCAGACGTAG-1,GARQ,D5,0,40,34,15,0.113375545,CD56dim CD16bright NK
AACACGTGTTTAGCTG-1,GARQ,D5,0,40,34,16,0.01010704,CD56dim CD16bright NK
AACACGTTCCCTCTTT-1,GARQ,D5,0,40,34,6,0.23994207,MAIT-NKT cells
AACCATGAGGCCATAG-1,GARQ,D5,0,40,34,15,0.15026212,CD56dim CD16bright NK
AACCGCGGTTGTACAC-1,GARQ,D5,0,40,34,34,0.044707775,CD56dim CD16bright NK
AACGTTGAGATGTTAG-1,GARQ,D5,0,40,34,6,0.019966722,CD56dim CD16bright NK
AACGTTGCAGACGTAG-1,GARQ,D5,0,40,34,27,0.08943832,Non classical monocytes
AACGTTGTCTGCAAGT-1,GARQ,D5,0,40,34,37,0.016613722,CD8 effector
AACTCAGTCCACGCAG-1,GARQ,D5,0,40,34,37,0.108587205,CD56bright CD16dim NK
AACTCAGTCTGTCTCG-1,GARQ,D5,0,40,34,24,0.0975827,Classical monocytes
AACTCAGTCTTTAGTC-1,GARQ,D5,0,40,34,25,0.28298306,CD4 naive II
AACTCCCAGAACTCGG-1,GARQ,D5,0,40,34,34,0.0054028034,CD56dim CD16bright NK
AACTCCCAGGCAGGTT-1,GARQ,D5,0,40,34,25,0.18981862,CD4 memory
AACTCCCAGGTGGGTT-1,GARQ,D5,0,40,34,25,0.07520294,CD4 naive I
AACTCCCCAATGAAAC-1,GARQ,D5,0,40,34,13,0.007458985,CD56dim CD16bright NK
AACTCCCCACAGACTT-1,GARQ,D5,0,40,34,12,0.043034077,CD4 memory
AACTCCCCATCCGCGA-1,GARQ,D5,0,40,34,12,0.05322659,NK-T doublets
AACTCCCGTTAAAGTG-1,GARQ,D5,0,40,34,23,0.088558555,CD56dim CD16bright NK
AACTCTTAGAGACTTA-1,GARQ,D5,0,40,34,10,0.24156857,Memory B
AACTCTTAGCAGACTG-1,GARQ,D5,0,40,34,7,0.011807919,CD4 naive II
AACTCTTCAAGCGAGT-1,GARQ,D5,0,40,34,24,0.014031768,Classical monocytes
AACTCTTTCAGCTGGC-1,GARQ,D5,0,40,34,15,0.07323694,CD56dim CD16bright NK
AACTCTTTCGCCAGCA-1,GARQ,D5,0,40,34,6,0.008839011,CD56dim CD16bright NK
AACTCTTTCTGCCAGG-1,GARQ,D5,0,40,34,26,0.09723461,CD8 effector
AACTGGTGTACTCTCC-1,GARQ,D5,0,40,34,6,0.07404065,CD56dim CD16bright NK
AACTGGTGTCCGTCAG-1,GARQ,D5,0,40,34,10,0.080541015,Memory B
AACTGGTGTCGAAAGC-1,GARQ,D5,0,40,34,25,0.12715971,CD4 naive II
AACTGGTTCCAAATGC-1,GARQ,D5,0,40,34,37,0.028083801,CD56bright CD16dim NK
AACTTTCAGAATGTGT-1,GARQ,D5,0,40,34,27,0.007394552,conventional DC
AACTTTCCAATCACAC-1,GARQ,D5,0,40,34,27,0.0067955256,Non classical monocytes
AACTTTCCAGATTGCT-1,GARQ,D5,0,40,34,37,0.017220736,gdT cells
AACTTTCGTAAACCTC-1,GARQ,D5,0,40,34,23,0.05062127,CD56dim CD16bright NK
AAGACCTAGCGCTTAT-1,GARQ,D5,0,40,34,24,0.00863111,Non classical monocytes
AAGACCTCAGTGGAGT-1,GARQ,D5,0,40,34,25,0.048088074,CD4 naive I
AAGACCTCATGCGCAC-1,GARQ,D5,0,40,34,25,0.014570475,CD4 memory
AAGACCTGTTAGGGTG-1,GARQ,D5,0,40,34,25,0.15356219,CD4 naive I
AAGACCTTCGTTTATC-1,GARQ,D5,0,40,34,37,0.08244324,CD8 memory
AAGCCGCCACGTCAGC-1,GARQ,D5,0,40,34,25,0.14976728,CD4 naive I
AAGCCGCGTCACTTCC-1,GARQ,D5,0,40,34,23,0.045919657,CD56dim CD16bright NK
AAGCCGCTCAGTTGAC-1,GARQ,D5,0,40,34,25,0.09063673,CD8 naive
AAGCCGCTCGAATGGG-1,GARQ,D5,0,40,34,25,0.31817186,CD8 naive
AAGGAGCAGCGTGAAC-1,GARQ,D5,0,40,34,23,0.025786996,CD56dim CD16bright NK
AAGGAGCCACTAAGTC-1,GARQ,D5,0,40,34,15,0.014983058,CD56dim CD16bright NK
AAGGAGCCATGGTAGG-1,GARQ,D5,0,40,34,25,0.15287197,CD4 naive I
AAGGAGCGTATGCTTG-1,GARQ,D5,0,40,34,13,0.0876534,CD56dim CD16bright NK
AAGGAGCGTCCGAGTC-1,GARQ,D5,0,40,34,25,0.08933163,CD4 memory
AAGGAGCGTTAGTGGG-1,GARQ,D5,0,40,34,38,0.1223222,Neutrophils
AAGGCAGAGACTAAGT-1,GARQ,D5,0,40,34,12,0.27163577,CD8 effector
AAGGCAGCACCGTTGG-1,GARQ,D5,0,40,34,25,0.04735124,CD4 memory
AAGGCAGTCGGCTTGG-1,GARQ,D5,0,40,34,6,0.0841192,CD56dim CD16bright NK
AAGGTTCGTCCAGTGC-1,GARQ,D5,0,40,34,26,0.02495873,CD8 effector
AAGGTTCGTTACGTCA-1,GARQ,D5,0,40,34,37,0.045596182,MAIT-NKT cells
AAGTCTGGTAGTAGTA-1,GARQ,D5,0,40,34,13,0.015723944,CD56dim CD16bright NK
AATCCAGAGCTCAACT-1,GARQ,D5,0,40,34,2,0.058369994,CD56dim CD16bright NK
AATCCAGAGTCATCCA-1,GARQ,D5,0,40,34,6,0.03790325,CD8 effector
AATCCAGCACATTCGA-1,GARQ,D5,0,40,34,25,0.06498289,Regulatory T cells
AATCCAGGTCCGTGAC-1,GARQ,D5,0,40,34,12,0.035049677,MAIT-NKT cells
AATCGGTAGGCAGTCA-1,GARQ,D5,0,40,34,38,0.037377,Neutrophils
AATCGGTAGTACTTGC-1,GARQ,D5,0,40,34,25,0.11096728,CD4 memory
AATCGGTCACAACTGT-1,GARQ,D5,0,40,34,26,0.03582859,gdT cells
AATCGGTCACACGCTG-1,GARQ,D5,0,40,34,7,0.023915708,CD4 and CD8 activated memory
AATCGGTGTAAAGTCA-1,GARQ,D5,0,40,34,25,0.14116156,CD8 naive
AATCGGTGTCCGACGT-1,GARQ,D5,0,40,34,24,0.01886785,NK-monocyte doublets
AATCGGTTCAGTGTTG-1,GARQ,D5,0,40,34,25,0.11403012,CD8 naive
ACACCAAAGGATGGAA-1,GARQ,D5,0,40,34,25,0.09521401,CD4 memory
ACACCAATCCGAAGAG-1,GARQ,D5,0,40,34,7,0.024895906,CD4 memory
ACACCAATCTCAAACG-1,GARQ,D5,0,40,34,20,0.020127177,gdT cells
ACACCAATCTCGGACG-1,GARQ,D5,0,40,34,10,0.41700673,Naive B
ACACCCTAGCGTCTAT-1,GARQ,D5,0,40,34,34,0.008872509,CD56bright CD16dim NK
ACACCCTTCGCGTAGC-1,GARQ,D5,0,40,34,25,0.21455014,CD8 naive
ACACCCTTCGGTCTAA-1,GARQ,D5,0,40,34,12,0.010077238,gdT cells
ACACCGGAGTCCGGTC-1,GARQ,D5,0,40,34,25,0.1726296,CD4 naive I
ACACCGGGTTGGGACA-1,GARQ,D5,0,40,34,25,0.21700048,CD4 naive I
ACACCGGTCAACTCTT-1,GARQ,D5,0,40,34,6,0.19058335,CD56dim CD16bright NK
ACACCGGTCCGCAAGC-1,GARQ,D5,0,40,34,25,0.13190961,CD4 memory
ACACTGAAGACGCACA-1,GARQ,D5,0,40,34,26,0.05377245,gdT cells
ACACTGAGTTAGGGTG-1,GARQ,D5,0,40,34,3,0.019652188,CD4 memory
ACACTGATCGTACGGC-1,GARQ,D5,0,40,34,10,0.13516831,T-NK-B cell doublets
ACAGCCGAGGCTCATT-1,GARQ,D5,0,40,34,24,0.052112937,Platelet-bound monocytes
ACAGCCGAGGTGCAAC-1,GARQ,D5,0,40,34,24,0.06962228,Platelets
ACAGCCGCAGCCTGTG-1,GARQ,D5,0,40,34,26,0.12125921,gdT cells
ACAGCCGCAGGATCGA-1,GARQ,D5,0,40,34,10,0.12313855,Memory B
ACAGCCGGTCATATGC-1,GARQ,D5,0,40,34,25,0.3495462,CD4 naive I
ACAGCCGTCAAGGCTT-1,GARQ,D5,0,40,34,25,0.06600046,CD4 memory
ACAGCCGTCTAAGCCA-1,GARQ,D5,0,40,34,10,0.38781238,Naive B
ACAGCTAAGACACTAA-1,GARQ,D5,0,40,34,12,0.17488289,Regulatory T cells
ACAGCTAGTCTTCGTC-1,GARQ,D5,0,40,34,24,0.041184306,Neutrophils
ACAGCTAGTTGTGGAG-1,GARQ,D5,0,40,34,6,0.0046896935,CD56dim CD16bright NK
ACATACGAGCAATATG-1,GARQ,D5,0,40,34,6,0.084863424,CD56dim CD16bright NK
ACATACGAGCAATCTC-1,GARQ,D5,0,40,34,38,0.15288806,Neutrophils
ACATACGAGGTGCACA-1,GARQ,D5,0,40,34,25,0.09952831,CD4 memory
ACATACGCATGTAAGA-1,GARQ,D5,0,40,34,12,0.12081319,gdT cells
ACATACGCATTGGCGC-1,GARQ,D5,0,40,34,12,0.139328,CD4 and CD8 activated memory
ACATACGGTACATGTC-1,GARQ,D5,0,40,34,25,0.18623006,CD4 memory
ACATACGTCACTCCTG-1,GARQ,D5,0,40,34,25,0.13077164,CD8 naive
ACATCAGCAACGCACC-1,GARQ,D5,0,40,34,27,0.019750357,Classical monocytes
ACATCAGCACAACGTT-1,GARQ,D5,0,40,34,23,0.07580024,CD56dim CD16bright NK
ACATCAGGTGATGTGG-1,GARQ,D5,0,40,34,27,0.0948261,Non classical monocytes
ACATCAGTCTGCCCTA-1,GARQ,D5,0,40,34,10,0.28079355,Naive B
ACATGGTAGAGGGATA-1,GARQ,D5,0,40,34,12,0.21210754,CD8 memory
ACATGGTAGTGTTAGA-1,GARQ,D5,0,40,34,23,0.03440541,CD56bright CD16dim NK
ACCAGTAAGAGTTGGC-1,GARQ,D5,0,40,34,13,0.17515278,CD56dim CD16bright NK
ACCAGTACATCACCCT-1,GARQ,D5,0,40,34,27,0.005914569,Classical monocytes
ACCAGTAGTTACGACT-1,GARQ,D5,0,40,34,26,0.11303961,gdT cells
ACCCACTAGCGTGAAC-1,GARQ,D5,0,40,34,25,0.041016936,Regulatory T cells
ACCCACTCAGAAGCAC-1,GARQ,D5,0,40,34,6,0.057765245,CD56dim CD16bright NK
ACCCACTCATCGATGT-1,GARQ,D5,0,40,34,27,0.05046439,conventional DC
ACCCACTGTCTCTTTA-1,GARQ,D5,0,40,34,7,0.0011819601,CD4 memory
ACCCACTGTTCGCTAA-1,GARQ,D5,0,40,34,25,0.18055749,CD4 memory
ACCCACTTCCTAGAAC-1,GARQ,D5,0,40,34,10,0.3814391,Naive B
ACCCACTTCGAGGTAG-1,GARQ,D5,0,40,34,16,0.041725636,CD56dim CD16bright NK
ACCGTAAAGCCAGTTT-1,GARQ,D5,0,40,34,37,0.05928886,CD56bright CD16dim NK
ACCGTAACATGTCTCC-1,GARQ,D5,0,40,34,27,0.0786376,Classical monocytes
ACCGTAAGTAGTAGTA-1,GARQ,D5,0,40,34,23,0.03064102,CD56dim CD16bright NK
ACCGTAAGTTACGCGC-1,GARQ,D5,0,40,34,13,0.11531925,CD56dim CD16bright NK
ACCTTTAAGAGTGAGA-1,GARQ,D5,0,40,34,25,0.10331321,CD4 memory
ACGAGCCGTCGCGAAA-1,GARQ,D5,0,40,34,25,0.3014592,CD4 memory
ACGAGCCTCTGGCGAC-1,GARQ,D5,0,40,34,25,0.029263735,CD4 naive I
ACGAGCCTCTTCAACT-1,GARQ,D5,0,40,34,12,0.014792204,CD4 memory
ACGAGGAAGACGCACA-1,GARQ,D5,0,40,34,24,0.00075030327,Classical monocytes
ACGAGGAAGGAATTAC-1,GARQ,D5,0,40,34,24,0.05736828,Classical monocytes
ACGAGGAAGGAGCGAG-1,GARQ,D5,0,40,34,26,0.017414689,CD8 effector
ACGAGGACAATGAAAC-1,GARQ,D5,0,40,34,12,0.06586522,CD8 effector
ACGAGGAGTGATGATA-1,GARQ,D5,0,40,34,37,0.08819497,NK-T doublets
ACGAGGATCAACGAAA-1,GARQ,D5,0,40,34,25,0.05897641,Regulatory T cells
ACGAGGATCAGCCTAA-1,GARQ,D5,0,40,34,27,0.035383224,Classical monocytes
ACGATGTCAAGACGTG-1,GARQ,D5,0,40,34,32,0.011683404,CD8 effector
ACGATGTGTTACCAGT-1,GARQ,D5,0,40,34,38,0.11953199,Classical monocytes
ACGCAGCAGCGATATA-1,GARQ,D5,0,40,34,10,0.3197093,Naive B
ACGCAGCAGTCTTGCA-1,GARQ,D5,0,40,34,12,0.034192443,CD8 effector
ACGCAGCGTATAATGG-1,GARQ,D5,0,40,34,24,0.17857742,Platelet-bound monocytes
ACGCAGCGTTAAGGGC-1,GARQ,D5,0,40,34,25,0.11479449,CD4 naive I
ACGCAGCTCCAGTAGT-1,GARQ,D5,0,40,34,25,0.2309233,CD4 naive I
ACGCCAGAGCGAGAAA-1,GARQ,D5,0,40,34,10,0.21298921,Memory B
ACGCCAGCAGCCTTTC-1,GARQ,D5,0,40,34,12,0.0039990544,CD8 effector
ACGCCAGGTCTCCATC-1,GARQ,D5,0,40,34,5,0.03977835,CD56dim CD16bright NK
ACGCCAGGTGGCGAAT-1,GARQ,D5,0,40,34,27,0.05762744,Neutrophils
ACGCCAGTCCCAACGG-1,GARQ,D5,0,40,34,12,0.06386268,NK-T doublets
ACGCCAGTCCTTCAAT-1,GARQ,D5,0,40,34,23,0.017721891,CD56dim CD16bright NK
ACGCCGACATTCACTT-1,GARQ,D5,0,40,34,10,0.3022306,Naive B
ACGCCGAGTGTGAAAT-1,GARQ,D5,0,40,34,24,0.0124105215,Classical monocytes
ACGCCGAGTTCAGACT-1,GARQ,D5,0,40,34,26,0.07243788,gdT cells
ACGCCGAGTTCAGGCC-1,GARQ,D5,0,40,34,38,0.109648466,Classical monocytes
ACGGAGACACCAGCAC-1,GARQ,D5,0,40,34,12,0.058814526,CD4 memory
ACGGAGACACCTGGTG-1,GARQ,D5,0,40,34,24,0.06686115,Classical monocytes
ACGGAGAGTTGGTTTG-1,GARQ,D5,0,40,34,15,0.028236508,CD56dim CD16bright NK
ACGGAGATCAGTCAGT-1,GARQ,D5,0,40,34,37,0.05871725,CD8 effector
ACGGAGATCCCTAATT-1,GARQ,D5,0,40,34,34,0.0086814165,CD56dim CD16bright NK
ACGGAGATCCGTACAA-1,GARQ,D5,0,40,34,10,0.01860094,T-NK-B cell doublets
ACGGAGATCTTGTCAT-1,GARQ,D5,0,40,34,24,0.10245943,Classical monocytes
ACGGCCAAGAGCCTAG-1,GARQ,D5,0,40,34,21,0.037015557,Erythroid 
ACGGCCAAGGCATTGG-1,GARQ,D5,0,40,34,37,0.082517505,CD56dim CD16bright NK
ACGGCCACAATCGGTT-1,GARQ,D5,0,40,34,24,0.022803903,NK-monocyte doublets
ACGGCCAGTTGGGACA-1,GARQ,D5,0,40,34,2,0.042306244,CD56dim CD16bright NK
ACGGCCAGTTTGTGTG-1,GARQ,D5,0,40,34,25,0.024753332,CD4 naive II
ACGGGCTCAGTCACTA-1,GARQ,D5,0,40,34,25,0.19836295,CD8 naive
ACGGGCTGTCTCCATC-1,GARQ,D5,0,40,34,12,0.013995647,NK-T doublets
ACGGGCTTCTTTACAC-1,GARQ,D5,0,40,34,25,0.08491671,Regulatory T cells
ACGGGTCAGCTAACAA-1,GARQ,D5,0,40,34,10,0.11401045,Naive B
ACGGGTCCAGGCTGAA-1,GARQ,D5,0,40,34,8,0.04620087,T-NK-B cell doublets
ACGGGTCCATCCGGGT-1,GARQ,D5,0,40,34,7,0.0016179085,CD4 memory
ACGGGTCTCAAACCAC-1,GARQ,D5,0,40,34,37,0.025310874,CD56dim CD16bright NK
ACGTCAAAGATATGGT-1,GARQ,D5,0,40,34,26,0.0304631,gdT cells
ACGTCAAAGCCAGTAG-1,GARQ,D5,0,40,34,12,0.2478013,MAIT-NKT cells
ACGTCAAGTGAACCTT-1,GARQ,D5,0,40,34,25,0.15360999,CD8 memory
ACGTCAATCGGAGGTA-1,GARQ,D5,0,40,34,6,0.100401044,MAIT-NKT cells
ACTATCTAGAGTTGGC-1,GARQ,D5,0,40,34,13,0.22512364,CD56dim CD16bright NK
ACTATCTAGGGTCTCC-1,GARQ,D5,0,40,34,24,0.021162033,NK-monocyte doublets
ACTATCTAGGTGGGTT-1,GARQ,D5,0,40,34,37,0.01661098,MAIT-NKT cells
ACTATCTGTCATCCCT-1,GARQ,D5,0,40,34,38,0.12429905,Classical monocytes
ACTATCTGTCCCTTGT-1,GARQ,D5,0,40,34,11,0.09736848,Plasma cells
ACTATCTTCAGGCCCA-1,GARQ,D5,0,40,34,24,0.0026640892,Neutrophils
ACTGAACAGCCCAGCT-1,GARQ,D5,0,40,34,6,0.11500263,CD56dim CD16bright NK
ACTGAACAGTACGTAA-1,GARQ,D5,0,40,34,10,0.44992757,Naive B
ACTGAACCAGCTGCAC-1,GARQ,D5,0,40,34,24,0.02146697,Classical monocytes
ACTGAACGTATTCGTG-1,GARQ,D5,0,40,34,25,0.10516715,CD4 memory
ACTGAACTCCTAGAAC-1,GARQ,D5,0,40,34,25,0.16355503,CD4 memory
ACTGAGTAGTCCGGTC-1,GARQ,D5,0,40,34,37,0.050013423,CD56dim CD16bright NK
ACTGAGTCATGCGCAC-1,GARQ,D5,0,40,34,24,0.10410476,Neutrophils
ACTGATGAGCCAGTAG-1,GARQ,D5,0,40,34,27,0.15351152,NK-monocyte doublets
ACTGATGAGGATATAC-1,GARQ,D5,0,40,34,25,0.4018278,CD4 naive II
ACTGATGAGGATGCGT-1,GARQ,D5,0,40,34,25,0.10799956,CD4 memory
ACTGATGCACAGATTC-1,GARQ,D5,0,40,34,13,0.026968658,CD56dim CD16bright NK
ACTGATGCAGCATGAG-1,GARQ,D5,0,40,34,13,0.04015833,CD56dim CD16bright NK
ACTGCTCAGAATAGGG-1,GARQ,D5,0,40,34,24,0.04015255,Classical monocytes
ACTGCTCAGCACGCCT-1,GARQ,D5,0,40,34,10,0.2956426,Naive B
ACTGCTCAGCCAGAAC-1,GARQ,D5,0,40,34,13,0.034796298,CD56dim CD16bright NK
ACTGCTCAGTACGTAA-1,GARQ,D5,0,40,34,12,0.036313534,gdT cells
ACTGCTCCAGACAAAT-1,GARQ,D5,0,40,34,25,0.15262198,CD8 naive
ACTGCTCGTAGCGTCC-1,GARQ,D5,0,40,34,10,0.11598152,Naive B
ACTGTCCAGGCATTGG-1,GARQ,D5,0,40,34,34,0.035242796,gdT cells
ACTGTCCCAGCGTTCG-1,GARQ,D5,0,40,34,25,0.17847037,CD4 naive I
ACTGTCCTCCTGCAGG-1,GARQ,D5,0,40,34,10,0.5632932,Naive B
ACTGTCCTCGATGAGG-1,GARQ,D5,0,40,34,10,0.09284353,T-NK-B cell doublets
ACTTACTAGCGCCTCA-1,GARQ,D5,0,40,34,12,0.012844086,gdT cells
ACTTACTCAGCTGTGC-1,GARQ,D5,0,40,34,24,0.0912441,Classical monocytes
ACTTACTGTCCAAGTT-1,GARQ,D5,0,40,34,25,0.29514778,CD8 naive
ACTTACTTCCCTGACT-1,GARQ,D5,0,40,34,15,0.14589548,CD56dim CD16bright NK
ACTTGTTGTCCAGTAT-1,GARQ,D5,0,40,34,13,0.08102697,CD56dim CD16bright NK
ACTTGTTTCTAAGCCA-1,GARQ,D5,0,40,34,10,0.16838741,Memory B
ACTTTCATCCCTCTTT-1,GARQ,D5,0,40,34,25,0.00994581,Platelet-T cell doublets
ACTTTCATCGTCTGCT-1,GARQ,D5,0,40,34,24,0.052422047,Classical monocytes
AGAATAGCAAGCCATT-1,GARQ,D5,0,40,34,37,0.0038125515,gdT cells
AGAATAGGTAAACACA-1,GARQ,D5,0,40,34,10,0.24153638,Naive B
AGAATAGGTAAGGGAA-1,GARQ,D5,0,40,34,37,0.039627552,CD56dim CD16bright NK
AGAATAGGTAGCGCAA-1,GARQ,D5,0,40,34,24,0.10399604,Platelet-bound monocytes
AGAATAGGTGCGCTTG-1,GARQ,D5,0,40,34,10,0.20818359,Naive B
AGAATAGTCTCCCTGA-1,GARQ,D5,0,40,34,24,0.19130611,Platelet-bound monocytes
AGACGTTAGCCACCTG-1,GARQ,D5,0,40,34,34,0.069888234,CD8 effector
AGACGTTCAAGCGCTC-1,GARQ,D5,0,40,34,4,0.013858318,CD56dim CD16bright NK
AGAGCGAAGGTGTTAA-1,GARQ,D5,0,40,34,24,0.058739543,Neutrophils
AGAGCGAAGTGCAAGC-1,GARQ,D5,0,40,34,0,0.0019872189,T-NK-B cell doublets
AGAGCTTAGGGATCTG-1,GARQ,D5,0,40,34,25,0.051526666,CD4 memory
AGAGCTTAGGGTTTCT-1,GARQ,D5,0,40,34,37,0.09283984,MAIT-NKT cells
AGAGCTTGTGACAAAT-1,GARQ,D5,0,40,34,25,0.050175548,CD4 naive I
AGAGCTTTCACGCGGT-1,GARQ,D5,0,40,34,12,0.037217498,CD4 memory
AGAGTGGAGTGATCGG-1,GARQ,D5,0,40,34,27,0.042227566,plasmacytoid DC
AGAGTGGTCAACGGCC-1,GARQ,D5,0,40,34,25,0.11039758,CD4 memory
AGAGTGGTCCAAACAC-1,GARQ,D5,0,40,34,10,0.18163991,Naive B
AGAGTGGTCTCTGCTG-1,GARQ,D5,0,40,34,24,0.1049366,Platelet-bound monocytes
AGATCTGAGATCGGGT-1,GARQ,D5,0,40,34,24,0.072723985,Neutrophils
AGATCTGAGCTGCAAG-1,GARQ,D5,0,40,34,10,0.2138207,Memory B
AGATCTGCAATCACAC-1,GARQ,D5,0,40,34,24,0.019656539,Classical monocytes
AGATCTGCACGTTGGC-1,GARQ,D5,0,40,34,34,0.022422493,CD8 effector
AGATTGCAGAAGGGTA-1,GARQ,D5,0,40,34,6,0.14198256,CD56dim CD16bright NK
AGATTGCAGACAGGCT-1,GARQ,D5,0,40,34,27,0.021579385,Classical monocytes
AGATTGCAGCTAACTC-1,GARQ,D5,0,40,34,15,0.0254215,CD56dim CD16bright NK
AGATTGCCAAGCGATG-1,GARQ,D5,0,40,34,24,0.058501482,Classical monocytes
AGATTGCCAGCTGTTA-1,GARQ,D5,0,40,34,25,0.013643503,CD4 memory
AGATTGCCATCATCCC-1,GARQ,D5,0,40,34,23,0.0019094944,CD56dim CD16bright NK
AGATTGCGTCCGAACC-1,GARQ,D5,0,40,34,25,0.30440342,CD8 naive
AGATTGCGTTACCAGT-1,GARQ,D5,0,40,34,27,0.16290426,NK-monocyte doublets
AGATTGCTCCACTCCA-1,GARQ,D5,0,40,34,12,0.12566555,gdT cells
AGCAGCCAGATCCGAG-1,GARQ,D5,0,40,34,25,0.26646757,CD4 naive II
AGCAGCCCACCAGCAC-1,GARQ,D5,0,40,34,12,0.0059714317,MAIT-NKT cells
AGCAGCCCATACAGCT-1,GARQ,D5,0,40,34,25,0.17367649,CD4 memory
AGCAGCCGTCAAAGAT-1,GARQ,D5,0,40,34,25,0.070216894,CD4 memory
AGCAGCCTCTGGTATG-1,GARQ,D5,0,40,34,25,0.06581032,CD4 naive I
AGCATACCAATGCCAT-1,GARQ,D5,0,40,34,3,0.00047808886,gdT cells
AGCATACGTAAGCACG-1,GARQ,D5,0,40,34,25,0.075981975,CD4 naive I
AGCCTAAAGTGGGATC-1,GARQ,D5,0,40,34,16,0.0039405823,CD56dim CD16bright NK
AGCCTAACAATAGCGG-1,GARQ,D5,0,40,34,3,0.011255324,gdT cells
AGCCTAACATCAGTCA-1,GARQ,D5,0,40,34,38,0.029400826,Platelet-bound monocytes
AGCCTAACATGCCTTC-1,GARQ,D5,0,40,34,12,0.22547889,CD8 memory
AGCCTAAGTCTTGCGG-1,GARQ,D5,0,40,34,6,0.1996603,CD56dim CD16bright NK
AGCGGTCAGAGTAAGG-1,GARQ,D5,0,40,34,13,0.11362779,CD56dim CD16bright NK
AGCGGTCAGCAGGTCA-1,GARQ,D5,0,40,34,25,0.19767988,CD4 naive I
AGCGGTCAGGTGATAT-1,GARQ,D5,0,40,34,24,0.023496747,Neutrophils
AGCGGTCCATATGCTG-1,GARQ,D5,0,40,34,16,0.0059592724,CD56dim CD16bright NK
AGCGGTCGTTCGTTGA-1,GARQ,D5,0,40,34,25,0.071804285,CD4 naive I
AGCGGTCTCCCAAGTA-1,GARQ,D5,0,40,34,27,0.04391122,Neutrophils
AGCGGTCTCGCATGAT-1,GARQ,D5,0,40,34,26,0.0017623901,CD56bright CD16dim NK
AGCGGTCTCTCAAGTG-1,GARQ,D5,0,40,34,15,0.023145974,CD56dim CD16bright NK
AGCGTATAGTGCTGCC-1,GARQ,D5,0,40,34,24,0.14695668,Platelet-bound monocytes
AGCGTATCACATTCGA-1,GARQ,D5,0,40,34,10,0.20221525,Naive B
AGCGTATCACTTGGAT-1,GARQ,D5,0,40,34,24,0.03634882,Classical monocytes
AGCGTATTCGCTTAGA-1,GARQ,D5,0,40,34,37,0.080206454,CD56dim CD16bright NK
AGCGTATTCTGTCTCG-1,GARQ,D5,0,40,34,25,0.18555427,CD8 naive
AGCGTCGCATGCCCGA-1,GARQ,D5,0,40,34,25,0.35939384,CD4 naive I
AGCGTCGGTATATCCG-1,GARQ,D5,0,40,34,15,0.18859625,CD56dim CD16bright NK
AGCGTCGGTCACTTCC-1,GARQ,D5,0,40,34,3,0.013056636,T-NK-B cell doublets
AGCTCCTCAATGCCAT-1,GARQ,D5,0,40,34,25,0.18324697,CD4 memory
AGCTCCTTCTCCGGTT-1,GARQ,D5,0,40,34,25,0.19213986,CD4 memory
AGCTCTCGTTATCCGA-1,GARQ,D5,0,40,34,25,0.15248477,CD4 naive I
AGCTCTCGTTCAGCGC-1,GARQ,D5,0,40,34,19,0.054902375,CD8 effector
AGCTCTCGTTGGACCC-1,GARQ,D5,0,40,34,23,0.029522479,CD56dim CD16bright NK
AGCTTGAAGCTGTCTA-1,GARQ,D5,0,40,34,3,0.10771334,MAIT-NKT cells
AGCTTGACAGGCTCAC-1,GARQ,D5,0,40,34,25,0.18672526,CD8 naive
AGCTTGAGTCAGCTAT-1,GARQ,D5,0,40,34,12,0.17105246,MAIT-NKT cells
AGCTTGAGTCTAGTCA-1,GARQ,D5,0,40,34,16,0.017552733,CD56dim CD16bright NK
AGGCCACAGCTAGTGG-1,GARQ,D5,0,40,34,16,0.02479422,CD56dim CD16bright NK
AGGCCACAGGTGTTAA-1,GARQ,D5,0,40,34,27,0.16971362,Non classical monocytes
AGGCCACGTCAATACC-1,GARQ,D5,0,40,34,24,0.10220611,T-NK-B cell doublets
AGGCCACTCACATGCA-1,GARQ,D5,0,40,34,24,0.14509058,Platelet-bound monocytes
AGGCCACTCATTGCGA-1,GARQ,D5,0,40,34,12,0.0019427538,CD8 memory
AGGCCGTCACCAGCAC-1,GARQ,D5,0,40,34,37,0.051739454,MAIT-NKT cells
AGGCCGTGTTGATTGC-1,GARQ,D5,0,40,34,24,0.055645466,Non classical monocytes
AGGGAGTAGAAACGAG-1,GARQ,D5,0,40,34,12,0.06545138,CD8 effector
AGGGAGTCATCATCCC-1,GARQ,D5,0,40,34,28,0.0069802403,Platelet-T cell doublets
AGGGAGTGTCGTGGCT-1,GARQ,D5,0,40,34,10,0.20272344,Naive B
AGGGAGTTCCTGTACC-1,GARQ,D5,0,40,34,10,0.22182393,Naive B
AGGGAGTTCTGCCCTA-1,GARQ,D5,0,40,34,37,0.08366847,Proliferating T and NK cell
AGGGATGAGTCAATAG-1,GARQ,D5,0,40,34,24,0.14086533,Platelet-bound monocytes
AGGGATGAGTTTAGGA-1,GARQ,D5,0,40,34,23,0.24233395,CD56dim CD16bright NK
AGGGATGCACATGACT-1,GARQ,D5,0,40,34,12,0.0034559965,NK-T doublets
AGGGATGCAGTTCATG-1,GARQ,D5,0,40,34,24,0.21909857,Classical monocytes
AGGGATGTCAACGGGA-1,GARQ,D5,0,40,34,23,0.14680147,CD56dim CD16bright NK
AGGGATGTCTGTCAAG-1,GARQ,D5,0,40,34,37,0.07555139,gdT cells
AGGGTGAAGATGTAAC-1,GARQ,D5,0,40,34,24,0.026290774,Classical monocytes
AGGGTGAAGGGAGTAA-1,GARQ,D5,0,40,34,25,0.18482387,Regulatory T cells
AGGGTGAGTGCAACTT-1,GARQ,D5,0,40,34,25,0.15565705,CD4 naive I
AGGGTGAGTGTCTGAT-1,GARQ,D5,0,40,34,10,0.095384896,Memory B
AGGGTGATCCGTTGTC-1,GARQ,D5,0,40,34,10,0.1291647,Memory B
AGGTCATAGGCTAGGT-1,GARQ,D5,0,40,34,24,0.0103337765,Classical monocytes
AGGTCATCATGTAGTC-1,GARQ,D5,0,40,34,25,0.24912286,CD4 naive I
AGGTCATTCAGGCGAA-1,GARQ,D5,0,40,34,34,0.08427727,CD56dim CD16bright NK
AGGTCATTCTAGCACA-1,GARQ,D5,0,40,34,12,0.04767406,CD8 memory
AGGTCCGAGATCCTGT-1,GARQ,D5,0,40,34,24,0.05002868,Neutrophils
AGGTCCGGTAGGCATG-1,GARQ,D5,0,40,34,26,0.09489167,gdT cells
AGTAGTCAGTGAACAT-1,GARQ,D5,0,40,34,27,0.0016782284,Non classical monocytes
AGTAGTCCAGGGATTG-1,GARQ,D5,0,40,34,25,0.111839294,CD8 memory
AGTAGTCCATATGAGA-1,GARQ,D5,0,40,34,27,0.006153345,Neutrophils
AGTAGTCCATTGCGGC-1,GARQ,D5,0,40,34,37,0.13692963,CD56bright CD16dim NK
AGTAGTCGTCAGCTAT-1,GARQ,D5,0,40,34,27,0.016615033,Non classical monocytes
AGTAGTCTCGGCCGAT-1,GARQ,D5,0,40,34,8,0.031850755,Plasma cells
AGTCTTTCAATAGCAA-1,GARQ,D5,0,40,34,27,0.0095357895,Neutrophils
AGTGAGGAGCGATGAC-1,GARQ,D5,0,40,34,12,0.044038296,CD8 effector
AGTGAGGAGGGAAACA-1,GARQ,D5,0,40,34,25,0.18007421,CD4 memory
AGTGAGGCAGATGGCA-1,GARQ,D5,0,40,34,13,0.022367597,CD56dim CD16bright NK
AGTGAGGCAGGGATTG-1,GARQ,D5,0,40,34,31,0.09157336,NK-T doublets
AGTGAGGGTGAAATCA-1,GARQ,D5,0,40,34,3,0.007088542,MAIT-NKT cells
AGTGAGGTCCACGCAG-1,GARQ,D5,0,40,34,25,0.1533128,CD4 naive I
AGTGGGACAGTAGAGC-1,GARQ,D5,0,40,34,37,0.036616087,CD56dim CD16bright NK
AGTGGGAGTCGAAAGC-1,GARQ,D5,0,40,34,15,0.06524116,CD56dim CD16bright NK
AGTGTCACAGCCTTGG-1,GARQ,D5,0,40,34,25,0.06588203,CD4 naive I
AGTTGGTCAATGGATA-1,GARQ,D5,0,40,34,3,0.030677736,CD8 memory
AGTTGGTGTCATATGC-1,GARQ,D5,0,40,34,0,0.05013424,Plasma cells
AGTTGGTGTTGTCTTT-1,GARQ,D5,0,40,34,37,0.04314959,CD56dim CD16bright NK
ATAACGCAGGTGCACA-1,GARQ,D5,0,40,34,10,0.19559199,Naive B
ATAACGCCAACCGCCA-1,GARQ,D5,0,40,34,10,0.0716306,T-NK-B cell doublets
ATAACGCCACAAGACG-1,GARQ,D5,0,40,34,27,0.14171934,Non classical monocytes
ATAACGCTCCTGCCAT-1,GARQ,D5,0,40,34,15,0.024688363,CD56dim CD16bright NK
ATAACGCTCGGTCCGA-1,GARQ,D5,0,40,34,6,0.09227276,CD56dim CD16bright NK
ATAACGCTCGGTTAAC-1,GARQ,D5,0,40,34,25,0.17400694,CD4 naive I
ATAAGAGAGACTAAGT-1,GARQ,D5,0,40,34,12,0.20697224,CD8 effector
ATAAGAGCACGACTCG-1,GARQ,D5,0,40,34,13,0.031306684,CD56dim CD16bright NK
ATAGACCGTCTTCGTC-1,GARQ,D5,0,40,34,24,0.05424142,Neutrophils
ATAGACCGTGACTACT-1,GARQ,D5,0,40,34,25,0.12621462,CD8 naive
ATAGACCTCAGTCCCT-1,GARQ,D5,0,40,34,7,0.06713396,CD4 naive I
ATCACGACAGACAGGT-1,GARQ,D5,0,40,34,15,0.020344794,CD56dim CD16bright NK
ATCACGAGTCACTGGC-1,GARQ,D5,0,40,34,10,0.31446767,Memory B
ATCACGAGTTGTTTGG-1,GARQ,D5,0,40,34,25,0.16361463,CD4 naive I
ATCATCTAGCCACGCT-1,GARQ,D5,0,40,34,25,0.16286016,CD4 naive I
ATCATCTCAGGTGCCT-1,GARQ,D5,0,40,34,25,0.13632345,CD4 memory
ATCATCTTCAGCCTAA-1,GARQ,D5,0,40,34,24,0.017602324,Neutrophils
ATCCACCAGATGAGAG-1,GARQ,D5,0,40,34,25,0.14134312,CD4 naive I
ATCCACCCAAGCCTAT-1,GARQ,D5,0,40,34,37,0.0342353,CD56dim CD16bright NK
ATCCGAACAAGACACG-1,GARQ,D5,0,40,34,12,0.005962491,MAIT-NKT cells
ATCCGAACACGTCTCT-1,GARQ,D5,0,40,34,26,0.08556986,gdT cells
ATCCGAAGTCAGAATA-1,GARQ,D5,0,40,34,25,0.027604103,CD8 memory
ATCCGAATCAGCAACT-1,GARQ,D5,0,40,34,37,0.095766604,CD8 effector
ATCGAGTAGAGTAAGG-1,GARQ,D5,0,40,34,25,0.15773702,CD4 naive II
ATCGAGTAGCGTAATA-1,GARQ,D5,0,40,34,25,0.2037412,CD8 naive
ATCGAGTCAACACGCC-1,GARQ,D5,0,40,34,0,0.0012524128,T-NK-B cell doublets
ATCGAGTCAGACAAGC-1,GARQ,D5,0,40,34,11,0.04779029,Plasma cells
ATCGAGTCATCTCGCT-1,GARQ,D5,0,40,34,24,0.0013519526,Neutrophils
ATCGAGTTCCATGAAC-1,GARQ,D5,0,40,34,6,0.12802446,CD56dim CD16bright NK
ATCGAGTTCGCGTTTC-1,GARQ,D5,0,40,34,27,0.017922223,CD56dim CD16bright NK
ATCTACTAGCTTATCG-1,GARQ,D5,0,40,34,23,0.009499729,CD56dim CD16bright NK
ATCTACTCAAGAGGCT-1,GARQ,D5,0,40,34,39,0.012639999,Memory B
ATCTGCCCAGTGGAGT-1,GARQ,D5,0,40,34,23,0.3415289,CD56dim CD16bright NK
ATCTGCCTCAAACCGT-1,GARQ,D5,0,40,34,25,0.07446468,CD4 naive I
ATCTGCCTCGGTGTTA-1,GARQ,D5,0,40,34,12,0.12779856,NK-T doublets
ATCTGCCTCTAGAGTC-1,GARQ,D5,0,40,34,10,0.226031,Naive B
ATGAGGGAGTGTACTC-1,GARQ,D5,0,40,34,16,0.055918157,CD56dim CD16bright NK
ATGAGGGCAGCGTAAG-1,GARQ,D5,0,40,34,6,0.26424646,CD56dim CD16bright NK
ATGAGGGGTCCCTACT-1,GARQ,D5,0,40,34,25,0.21573043,CD4 naive I
ATGAGGGGTGTGACCC-1,GARQ,D5,0,40,34,27,0.027578592,Classical monocytes
ATGCGATCATTTGCCC-1,GARQ,D5,0,40,34,35,0.022949874,Platelet-T cell doublets
ATGCGATGTACAGACG-1,GARQ,D5,0,40,34,24,0.0043792725,Non classical monocytes
ATGCGATGTCAACTGT-1,GARQ,D5,0,40,34,12,0.071213484,CD8 memory
ATGGGAGAGGAATGGA-1,GARQ,D5,0,40,34,25,0.14651847,CD4 naive II
ATGGGAGGTCTAGCCG-1,GARQ,D5,0,40,34,25,0.13573694,CD8 naive
ATGGGAGTCAAACAAG-1,GARQ,D5,0,40,34,12,0.22330105,CD8 effector
ATGTGTGAGCTGCGAA-1,GARQ,D5,0,40,34,25,0.093906045,CD8 naive
ATGTGTGGTCGTTGTA-1,GARQ,D5,0,40,34,24,0.019315958,Classical monocytes
ATGTGTGGTCTCTCTG-1,GARQ,D5,0,40,34,13,0.07336569,CD56dim CD16bright NK
ATGTGTGGTCTCTTAT-1,GARQ,D5,0,40,34,37,0.034395933,CD56dim CD16bright NK
ATGTGTGGTTACAGAA-1,GARQ,D5,0,40,34,24,0.004623413,Classical monocytes
ATGTGTGGTTATCGGT-1,GARQ,D5,0,40,34,34,0.018283963,CD56bright CD16dim NK
ATTACTCAGCTCCTTC-1,GARQ,D5,0,40,34,15,0.03925836,CD56dim CD16bright NK
ATTACTCCATTGGGCC-1,GARQ,D5,0,40,34,13,0.022952914,CD56bright CD16dim NK
ATTACTCGTTTGACTG-1,GARQ,D5,0,40,34,38,0.06296599,Neutrophils
ATTACTCTCTACGAGT-1,GARQ,D5,0,40,34,23,0.18084288,CD56dim CD16bright NK
ATTATCCTCACGCGGT-1,GARQ,D5,0,40,34,12,0.21811223,MAIT-NKT cells
ATTATCCTCCGTCAAA-1,GARQ,D5,0,40,34,10,0.36775422,Naive B
ATTATCCTCTGTCAAG-1,GARQ,D5,0,40,34,37,0.048597574,CD8 effector
ATTCTACAGTGTGAAT-1,GARQ,D5,0,40,34,12,0.023648024,CD8 effector
ATTCTACCACGGCGTT-1,GARQ,D5,0,40,34,24,0.036565065,Classical monocytes
ATTCTACGTCAATACC-1,GARQ,D5,0,40,34,37,0.02936691,CD56dim CD16bright NK
ATTCTACGTTGCGTTA-1,GARQ,D5,0,40,34,25,0.19826245,CD8 naive
ATTCTACTCGGAGGTA-1,GARQ,D5,0,40,34,34,0.050744534,CD8 effector
ATTCTACTCTGTCTAT-1,GARQ,D5,0,40,34,25,0.26831186,CD4 naive II
ATTGGACAGGTAGCTG-1,GARQ,D5,0,40,34,25,0.20639753,CD4 memory
ATTGGACCAATCGGTT-1,GARQ,D5,0,40,34,23,0.0942899,CD56dim CD16bright NK
ATTGGACCACAGACTT-1,GARQ,D5,0,40,34,25,0.09612048,CD8 naive
ATTGGACCAGTTCCCT-1,GARQ,D5,0,40,34,6,0.11049032,CD56dim CD16bright NK
ATTGGTGAGATACACA-1,GARQ,D5,0,40,34,26,0.02935493,CD56bright CD16dim NK
ATTGGTGGTACACCGC-1,GARQ,D5,0,40,34,25,0.13307679,CD4 memory
ATTGGTGGTGATAAAC-1,GARQ,D5,0,40,34,24,0.00053453445,Classical monocytes
ATTGGTGTCTAACTTC-1,GARQ,D5,0,40,34,23,0.107304454,CD56dim CD16bright NK
ATTTCTGAGGCTACGA-1,GARQ,D5,0,40,34,27,0.066094756,Non classical monocytes
ATTTCTGTCCACGCAG-1,GARQ,D5,0,40,34,12,0.19339693,CD8 memory
ATTTCTGTCCGTCAAA-1,GARQ,D5,0,40,34,24,0.045812845,Classical monocytes
CAACCAACAACACCCG-1,GARQ,D5,0,40,34,24,0.05355215,Classical monocytes
CAACCAAGTAGCGTGA-1,GARQ,D5,0,40,34,12,0.028765082,CD8 effector
CAACCAAGTCTCGTTC-1,GARQ,D5,0,40,34,34,0.037420988,CD56dim CD16bright NK
CAACCAATCAGTTGAC-1,GARQ,D5,0,40,34,24,0.10903108,Classical monocytes
CAACCAATCATATCGG-1,GARQ,D5,0,40,34,34,0.0026618242,gdT cells
CAACCAATCATTTGGG-1,GARQ,D5,0,40,34,31,0.040599823,NK-T doublets
CAACCAATCTTTACAC-1,GARQ,D5,0,40,34,25,0.101999044,CD8 memory
CAACCTCGTGGTCTCG-1,GARQ,D5,0,40,34,37,0.07887387,CD56dim CD16bright NK
CAACCTCTCTCTTATG-1,GARQ,D5,0,40,34,25,0.16667604,CD4 naive II
CAACTAGAGGCCATAG-1,GARQ,D5,0,40,34,6,0.048702955,CD56dim CD16bright NK
CAACTAGCACGGTTTA-1,GARQ,D5,0,40,34,32,0.027821898,CD56dim CD16bright NK
CAACTAGCATTCACTT-1,GARQ,D5,0,40,34,15,0.043450236,CD56dim CD16bright NK
CAACTAGGTTCAGTAC-1,GARQ,D5,0,40,34,24,0.10720813,T-NK-B cell doublets
CAAGAAAAGCAGGTCA-1,GARQ,D5,0,40,34,37,0.019714832,MAIT-NKT cells
CAAGAAAGTGTGTGCC-1,GARQ,D5,0,40,34,24,0.032134056,NK-monocyte doublets
CAAGATCAGCAGATCG-1,GARQ,D5,0,40,34,24,0.14169884,Platelet-bound monocytes
CAAGATCAGTCTCCTC-1,GARQ,D5,0,40,34,25,0.19392681,CD8 naive
CAAGGCCCACAAGACG-1,GARQ,D5,0,40,34,24,0.0030976534,Classical monocytes
CAAGGCCGTCGCGTGT-1,GARQ,D5,0,40,34,37,0.016790926,CD56dim CD16bright NK
CAAGGCCTCAGTTTGG-1,GARQ,D5,0,40,34,25,0.15067112,CD4 naive I
CAAGGCCTCGGCTTGG-1,GARQ,D5,0,40,34,25,0.0920732,CD8 naive
CAAGGCCTCTGTCCGT-1,GARQ,D5,0,40,34,27,0.03568065,conventional DC
CACAAACCACTACAGT-1,GARQ,D5,0,40,34,25,0.24292123,CD8 naive
CACAAACCACTTAACG-1,GARQ,D5,0,40,34,35,0.01829195,CD56dim CD16bright NK
CACAAACGTGAGTATA-1,GARQ,D5,0,40,34,31,0.005272627,CD4 memory
CACACAAAGCTAGTCT-1,GARQ,D5,0,40,34,6,0.011090279,CD56dim CD16bright NK
CACACAACAAACGTGG-1,GARQ,D5,0,40,34,25,0.078510165,CD4 memory
CACACAACACAGATTC-1,GARQ,D5,0,40,34,6,0.02285862,CD56dim CD16bright NK
CACACAACATGGGACA-1,GARQ,D5,0,40,34,10,0.27408338,Naive B
CACACAAGTAAGGATT-1,GARQ,D5,0,40,34,37,0.02842927,CD56dim CD16bright NK
CACACAATCATAGCAC-1,GARQ,D5,0,40,34,23,0.16765797,CD56dim CD16bright NK
CACACAATCCGTAGTA-1,GARQ,D5,0,40,34,23,0.056212783,CD56dim CD16bright NK
CACACCTAGTTGTAGA-1,GARQ,D5,0,40,34,25,0.23748422,CD4 naive I
CACACCTCATCTATGG-1,GARQ,D5,0,40,34,37,0.11389649,MAIT-NKT cells
CACACCTGTGTTGGGA-1,GARQ,D5,0,40,34,12,0.09999561,MAIT-NKT cells
CACACCTGTTATGCGT-1,GARQ,D5,0,40,34,3,0.021512032,MAIT-NKT cells
CACACCTGTTGGTAAA-1,GARQ,D5,0,40,34,6,0.04488212,CD56dim CD16bright NK
CACACTCCACGGTGTC-1,GARQ,D5,0,40,34,25,0.20065355,CD8 naive
CACACTCCATACGCCG-1,GARQ,D5,0,40,34,27,0.031187654,Classical monocytes
CACACTCGTCGGCTCA-1,GARQ,D5,0,40,34,15,0.13234842,CD56dim CD16bright NK
CACACTCGTGTTTGGT-1,GARQ,D5,0,40,34,25,0.26058388,CD8 naive
CACACTCTCATGTCTT-1,GARQ,D5,0,40,34,39,0.0020654202,T-NK-B cell doublets
CACACTCTCCTCCTAG-1,GARQ,D5,0,40,34,34,0.07652247,CD56dim CD16bright NK
CACACTCTCTGGTATG-1,GARQ,D5,0,40,34,6,0.11211705,CD56dim CD16bright NK
CACACTCTCTTGAGGT-1,GARQ,D5,0,40,34,25,0.09801602,CD8 naive
CACAGGCAGAGCCTAG-1,GARQ,D5,0,40,34,38,0.081765056,Classical monocytes
CACAGGCAGCGAAGGG-1,GARQ,D5,0,40,34,15,0.004763603,CD56dim CD16bright NK
CACAGGCTCACCATAG-1,GARQ,D5,0,40,34,27,0.13085318,Non classical monocytes
CACAGTAAGCGTAGTG-1,GARQ,D5,0,40,34,27,0.024166226,Classical monocytes
CACAGTAAGCGTTGCC-1,GARQ,D5,0,40,34,24,0.034920216,Classical monocytes
CACAGTACAACACCCG-1,GARQ,D5,0,40,34,12,0.05185604,CD4 memory
CACAGTACACATCTTT-1,GARQ,D5,0,40,34,6,0.2996968,CD8 memory
CACAGTAGTGTGACCC-1,GARQ,D5,0,40,34,24,0.109630585,Classical monocytes
CACAGTAGTTGTGGCC-1,GARQ,D5,0,40,34,25,0.27714074,CD8 naive
CACATAGGTGAGCGAT-1,GARQ,D5,0,40,34,10,0.3289336,Naive B
CACATAGTCCGAATGT-1,GARQ,D5,0,40,34,16,0.058674574,CD56dim CD16bright NK
CACATTTAGCACCGCT-1,GARQ,D5,0,40,34,13,0.089821994,CD56bright CD16dim NK
CACCACTAGTTAAGTG-1,GARQ,D5,0,40,34,23,0.23846626,CD56bright CD16dim NK
CACCACTCACGGTAGA-1,GARQ,D5,0,40,34,34,0.008853376,CD8 effector
CACCACTGTCATCGGC-1,GARQ,D5,0,40,34,12,0.035087705,CD4 memory
CACCACTGTTCCAACA-1,GARQ,D5,0,40,34,6,0.18474579,CD56dim CD16bright NK
CACCACTGTTCCCTTG-1,GARQ,D5,0,40,34,27,0.060948253,Non classical monocytes
CACCAGGAGGATATAC-1,GARQ,D5,0,40,34,13,0.111267984,CD56dim CD16bright NK
CACCAGGGTCAAACTC-1,GARQ,D5,0,40,34,13,0.024490118,CD56dim CD16bright NK
CACCAGGTCAGGCGAA-1,GARQ,D5,0,40,34,25,0.35811007,CD8 naive
CACCTTGAGGGCTTGA-1,GARQ,D5,0,40,34,6,0.08236039,CD56dim CD16bright NK
CACCTTGCAACTGCGC-1,GARQ,D5,0,40,34,37,0.02653563,MAIT-NKT cells
CACCTTGCACTTCGAA-1,GARQ,D5,0,40,34,24,0.109794796,Platelets
CACTCCAAGGGCATGT-1,GARQ,D5,0,40,34,16,0.09607363,CD56dim CD16bright NK
CACTCCAGTAGCGATG-1,GARQ,D5,0,40,34,37,0.04661703,CD8 effector
CACTCCAGTATCGCAT-1,GARQ,D5,0,40,34,25,0.0026437044,Regulatory T cells
CACTCCAGTGGTACAG-1,GARQ,D5,0,40,34,27,0.0406332,Non classical monocytes
CACTCCAGTTGGGACA-1,GARQ,D5,0,40,34,6,0.0012431145,CD56dim CD16bright NK
CAGAATCCAAGCCGTC-1,GARQ,D5,0,40,34,15,0.065995336,CD56dim CD16bright NK
CAGAATCCAATAGCAA-1,GARQ,D5,0,40,34,24,0.020503879,Classical monocytes
CAGAATCCATTTCACT-1,GARQ,D5,0,40,34,25,0.16654849,CD4 memory
CAGAATCGTCGGCATC-1,GARQ,D5,0,40,34,24,0.012818456,Neutrophils
CAGAATCTCACCAGGC-1,GARQ,D5,0,40,34,25,0.2535019,CD4 naive I
CAGAGAGCACGACTCG-1,GARQ,D5,0,40,34,12,0.22995901,CD8 effector
CAGAGAGCATATGCTG-1,GARQ,D5,0,40,34,26,0.042127073,gdT cells
CAGAGAGCATGCTGGC-1,GARQ,D5,0,40,34,24,0.057619333,Neutrophils
CAGAGAGGTCTTCTCG-1,GARQ,D5,0,40,34,10,0.25509214,Naive B
CAGAGAGTCCTTTCTC-1,GARQ,D5,0,40,34,10,0.22815335,Naive B
CAGAGAGTCGGTTAAC-1,GARQ,D5,0,40,34,12,0.042742014,MAIT-NKT cells
CAGAGAGTCTAGCACA-1,GARQ,D5,0,40,34,13,0.20054841,CD56dim CD16bright NK
CAGAGAGTCTTAGAGC-1,GARQ,D5,0,40,34,12,0.10636616,CD8 effector
CAGATCAAGCTCCTCT-1,GARQ,D5,0,40,34,25,0.12601411,CD4 naive I
CAGATCATCACCTTAT-1,GARQ,D5,0,40,34,25,0.09541869,CD4 naive I
CAGCAGCCAATTGCTG-1,GARQ,D5,0,40,34,12,0.0004284978,NK-T doublets
CAGCAGCCACCAGGCT-1,GARQ,D5,0,40,34,23,0.05703163,CD56dim CD16bright NK
CAGCAGCCATTTGCTT-1,GARQ,D5,0,40,34,25,0.15929449,CD4 naive I
CAGCAGCGTCGCCATG-1,GARQ,D5,0,40,34,10,0.17765218,Naive B
CAGCAGCGTTGATTCG-1,GARQ,D5,0,40,34,25,0.0041975975,CD4 memory
CAGCATAAGACAGAGA-1,GARQ,D5,0,40,34,12,0.21429205,CD8 effector
CAGCATACACATTTCT-1,GARQ,D5,0,40,34,10,0.2881906,Naive B
CAGCATAGTCAAAGCG-1,GARQ,D5,0,40,34,24,0.06255722,Classical monocytes
CAGCATAGTTTGTTGG-1,GARQ,D5,0,40,34,27,0.08587968,Non classical monocytes
CAGCATATCATTATCC-1,GARQ,D5,0,40,34,2,0.09966457,CD56dim CD16bright NK
CAGCATATCCAGATCA-1,GARQ,D5,0,40,34,24,0.04036212,Classical monocytes
CAGCATATCTCTAGGA-1,GARQ,D5,0,40,34,13,0.05655706,CD56bright CD16dim NK
CAGCATATCTCTTGAT-1,GARQ,D5,0,40,34,26,0.119850636,MAIT-NKT cells
CAGCCGAAGCAGACTG-1,GARQ,D5,0,40,34,25,0.056572676,CD4 naive I
CAGCCGAAGTTAAGTG-1,GARQ,D5,0,40,34,13,0.016204655,CD56dim CD16bright NK
CAGCGACAGCGTGTCC-1,GARQ,D5,0,40,34,24,0.09060454,Classical monocytes
CAGCGACAGTGGTAGC-1,GARQ,D5,0,40,34,15,0.011734486,CD56dim CD16bright NK
CAGCGACAGTGTCCAT-1,GARQ,D5,0,40,34,6,0.16179788,CD56dim CD16bright NK
CAGCTAACACCAGATT-1,GARQ,D5,0,40,34,24,0.029482126,Classical monocytes
CAGCTAACAGGACCCT-1,GARQ,D5,0,40,34,24,0.083119035,Classical monocytes
CAGCTAATCAAGAAGT-1,GARQ,D5,0,40,34,25,0.26282835,CD4 naive II
CAGCTGGAGAAACGAG-1,GARQ,D5,0,40,34,25,0.1624918,CD4 memory
CAGCTGGAGCCTTGAT-1,GARQ,D5,0,40,34,12,0.05497408,MAIT-NKT cells
CAGCTGGAGTTATCGC-1,GARQ,D5,0,40,34,7,0.016526222,CD4 memory
CAGCTGGGTCGGCATC-1,GARQ,D5,0,40,34,12,0.12700927,CD56bright CD16dim NK
CAGCTGGGTTACGTCA-1,GARQ,D5,0,40,34,12,0.05952549,CD4 memory
CAGCTGGGTTATTCTC-1,GARQ,D5,0,40,34,25,0.29605508,CD4 naive I
CAGCTGGTCAACTCTT-1,GARQ,D5,0,40,34,13,0.042375505,CD56dim CD16bright NK
CAGCTGGTCGAGAACG-1,GARQ,D5,0,40,34,37,0.017045856,Proliferating T and NK cell
CAGGTGCGTATTACCG-1,GARQ,D5,0,40,34,38,0.09191489,Neutrophils
CAGGTGCGTGCAGGTA-1,GARQ,D5,0,40,34,27,0.004075289,Non classical monocytes
CAGGTGCTCACTATTC-1,GARQ,D5,0,40,34,38,0.1315434,Neutrophils
CAGTAACAGGACCACA-1,GARQ,D5,0,40,34,27,0.007871628,Classical monocytes
CAGTAACAGGAGTTGC-1,GARQ,D5,0,40,34,12,0.068311155,CD8 memory
CAGTAACCAAGTAATG-1,GARQ,D5,0,40,34,36,0.056272984,Non classical monocytes
CAGTAACCACTGAAGG-1,GARQ,D5,0,40,34,25,0.13118315,CD4 memory
CAGTAACCACTGCCAG-1,GARQ,D5,0,40,34,37,0.05619657,CD56dim CD16bright NK
CAGTAACCATGGATGG-1,GARQ,D5,0,40,34,24,0.015924335,Classical monocytes
CAGTAACGTTAAGATG-1,GARQ,D5,0,40,34,24,0.05128908,Neutrophils
CAGTAACGTTGGTGGA-1,GARQ,D5,0,40,34,12,0.07382858,gdT cells
CAGTCCTAGTCCAGGA-1,GARQ,D5,0,40,34,13,0.05728507,CD56bright CD16dim NK
CAGTCCTCAGATGGCA-1,GARQ,D5,0,40,34,31,0.061491966,NK-T doublets
CAGTCCTCAGCATGAG-1,GARQ,D5,0,40,34,24,0.061727643,Neutrophils
CATATGGAGTTCGCAT-1,GARQ,D5,0,40,34,27,0.09829688,Non classical monocytes
CATATGGCAGCGTAAG-1,GARQ,D5,0,40,34,27,0.008961558,Classical monocytes
CATATGGTCCTTTACA-1,GARQ,D5,0,40,34,12,0.056129813,NK-T doublets
CATATGGTCTTACCGC-1,GARQ,D5,0,40,34,28,0.06260562,CD8 naive
CATATTCAGGGCTCTC-1,GARQ,D5,0,40,34,25,0.09686291,CD4 memory
CATATTCGTATTCTCT-1,GARQ,D5,0,40,34,25,0.11114013,CD4 memory
CATATTCTCTACGAGT-1,GARQ,D5,0,40,34,12,0.03648591,NK-T doublets
CATCAAGAGTGTACGG-1,GARQ,D5,0,40,34,24,0.08020973,Neutrophils
CATCAAGCACATTCGA-1,GARQ,D5,0,40,34,37,0.037794888,CD56bright CD16dim NK
CATCAAGCATGGGACA-1,GARQ,D5,0,40,34,25,0.16525829,CD4 naive I
CATCAAGGTATATGAG-1,GARQ,D5,0,40,34,25,0.02829492,CD4 memory
CATCAAGGTTAAGAAC-1,GARQ,D5,0,40,34,24,0.07157898,Classical monocytes
CATCAAGTCCTTGACC-1,GARQ,D5,0,40,34,24,0.00854826,conventional DC
CATCAGAAGACCACGA-1,GARQ,D5,0,40,34,12,0.07169175,CD8 effector
CATCAGAAGGCCCTTG-1,GARQ,D5,0,40,34,27,0.1803782,Non classical monocytes
CATCAGAAGTAGCCGA-1,GARQ,D5,0,40,34,25,0.27144098,CD4 naive I
CATCCACAGATGCCAG-1,GARQ,D5,0,40,34,37,0.25533974,CD56bright CD16dim NK
CATCCACCATATGAGA-1,GARQ,D5,0,40,34,13,0.030648112,CD56dim CD16bright NK
CATCCACCATCCAACA-1,GARQ,D5,0,40,34,34,0.05875969,CD56dim CD16bright NK
CATCCACGTATAGTAG-1,GARQ,D5,0,40,34,38,0.0018379688,Classical monocytes
CATCCACGTGCAACGA-1,GARQ,D5,0,40,34,6,0.031891823,T-NK-B cell doublets
CATCCACTCAGGTAAA-1,GARQ,D5,0,40,34,12,0.074204445,gdT cells
CATCCACTCCTATGTT-1,GARQ,D5,0,40,34,12,0.07333577,CD8 memory
CATCGAAAGACAATAC-1,GARQ,D5,0,40,34,24,0.030965447,CD8 effector
CATCGAAAGAGTGAGA-1,GARQ,D5,0,40,34,25,0.08785081,CD8 memory
CATCGAAAGCACACAG-1,GARQ,D5,0,40,34,4,0.0025622845,CD56dim CD16bright NK
CATCGAAAGCGTAATA-1,GARQ,D5,0,40,34,10,0.26295304,Naive B
CATCGAACAGCCTTGG-1,GARQ,D5,0,40,34,25,0.15475416,Regulatory T cells
CATCGGGGTACGACCC-1,GARQ,D5,0,40,34,12,0.118546724,MAIT-NKT cells
CATGACAAGTGCCAGA-1,GARQ,D5,0,40,34,37,0.08191371,CD8 effector
CATGACATCACCTCGT-1,GARQ,D5,0,40,34,23,0.0078315735,CD56dim CD16bright NK
CATGACATCCCTAACC-1,GARQ,D5,0,40,34,37,0.11183274,gdT cells
CATGACATCGGTCTAA-1,GARQ,D5,0,40,34,27,0.09997642,Non classical monocytes
CATGACATCTTCCTTC-1,GARQ,D5,0,40,34,13,0.062481463,CD56bright CD16dim NK
CATGCCTCACGAAATA-1,GARQ,D5,0,40,34,25,0.062162995,CD4 memory
CATGCCTCATGTCCTC-1,GARQ,D5,0,40,34,6,0.07208836,CD56dim CD16bright NK
CATGCCTGTAGCTCCG-1,GARQ,D5,0,40,34,20,0.011521101,CD8 effector
CATGCCTGTAGTACCT-1,GARQ,D5,0,40,34,23,0.05611348,CD56dim CD16bright NK
CATGCCTGTGATGCCC-1,GARQ,D5,0,40,34,26,0.025206327,gdT cells
CATGCCTGTTTCCACC-1,GARQ,D5,0,40,34,3,0.09104502,MAIT-NKT cells
CATGCCTTCACTATTC-1,GARQ,D5,0,40,34,23,0.035877585,CD56dim CD16bright NK
CATGCCTTCAGGTAAA-1,GARQ,D5,0,40,34,25,0.07651043,CD4 memory
CATGGCGCACATCTTT-1,GARQ,D5,0,40,34,15,0.08211756,CD56dim CD16bright NK
CATTATCCATACGCTA-1,GARQ,D5,0,40,34,12,0.112537384,CD8 memory
CATTATCGTCTGATCA-1,GARQ,D5,0,40,34,23,0.21310484,CD56dim CD16bright NK
CATTATCTCTACCTGC-1,GARQ,D5,0,40,34,10,0.3143655,Naive B
CATTCGCAGTGTCCCG-1,GARQ,D5,0,40,34,25,0.104421616,CD8 naive
CATTCGCCAGCGAACA-1,GARQ,D5,0,40,34,25,0.027423978,CD4 memory
CATTCGCGTAGCTAAA-1,GARQ,D5,0,40,34,25,0.39070892,CD4 naive I
CATTCGCGTATAAACG-1,GARQ,D5,0,40,34,10,0.21912628,Naive B
CATTCGCGTCCTAGCG-1,GARQ,D5,0,40,34,15,0.15695095,CD56dim CD16bright NK
CATTCGCTCACCGTAA-1,GARQ,D5,0,40,34,12,0.06805861,CD8 effector
CATTCGCTCACTCTTA-1,GARQ,D5,0,40,34,24,0.08806491,Classical monocytes
CCAATCCGTAGCTAAA-1,GARQ,D5,0,40,34,25,0.20857835,CD8 naive
CCAATCCTCAGTACGT-1,GARQ,D5,0,40,34,24,0.010524511,Classical monocytes
CCAATCCTCGATAGAA-1,GARQ,D5,0,40,34,6,0.17622674,CD56dim CD16bright NK
CCACCTAAGGCGATAC-1,GARQ,D5,0,40,34,31,0.015835762,CD4 memory
CCACCTAAGTCACGCC-1,GARQ,D5,0,40,34,10,0.11434615,T-NK-B cell doublets
CCACCTACAAACTGCT-1,GARQ,D5,0,40,34,25,0.14141512,CD4 naive I
CCACCTACAGCTTCGG-1,GARQ,D5,0,40,34,21,0.041745186,Erythroid 
CCACCTAGTGATGTGG-1,GARQ,D5,0,40,34,11,0.011720717,T-NK-B cell doublets
CCACCTATCACATAGC-1,GARQ,D5,0,40,34,23,0.022788167,CD56dim CD16bright NK
CCACTACGTAGAGTGC-1,GARQ,D5,0,40,34,38,0.16994262,Classical monocytes
CCACTACGTCCAAGTT-1,GARQ,D5,0,40,34,10,0.52442575,Naive B
CCACTACGTTATGTGC-1,GARQ,D5,0,40,34,20,0.05564201,gdT cells
CCACTACTCTTCGGTC-1,GARQ,D5,0,40,34,23,0.13331509,CD56dim CD16bright NK
CCAGCGAAGAGGTACC-1,GARQ,D5,0,40,34,25,0.2868936,CD8 naive
CCAGCGAAGCCTTGAT-1,GARQ,D5,0,40,34,10,0.21694988,Naive B
CCAGCGACAGACAAAT-1,GARQ,D5,0,40,34,34,0.006082773,CD56dim CD16bright NK
CCAGCGAGTAGCGTGA-1,GARQ,D5,0,40,34,27,0.063969135,Classical monocytes
CCAGCGATCGCCTGAG-1,GARQ,D5,0,40,34,10,0.2551183,Naive B
CCATGTCAGGCCCTCA-1,GARQ,D5,0,40,34,24,0.039527416,Platelet-bound monocytes
CCATGTCCAATCGAAA-1,GARQ,D5,0,40,34,25,0.01722765,CD4 naive I
CCATGTCCAGTATAAG-1,GARQ,D5,0,40,34,34,0.009272099,CD8 effector
CCATGTCGTCTTGATG-1,GARQ,D5,0,40,34,37,0.0231359,CD56dim CD16bright NK
CCATGTCGTGGCAAAC-1,GARQ,D5,0,40,34,25,0.03905952,CD8 memory
CCATTCGGTCAAACTC-1,GARQ,D5,0,40,34,25,0.08863592,CD4 naive I
CCATTCGGTCAGATAA-1,GARQ,D5,0,40,34,6,0.11956227,CD56dim CD16bright NK
CCATTCGTCAAACGGG-1,GARQ,D5,0,40,34,25,0.33416462,CD4 naive I
CCATTCGTCACCTTAT-1,GARQ,D5,0,40,34,10,0.18703294,Memory B
CCATTCGTCCTAGGGC-1,GARQ,D5,0,40,34,25,0.07084346,Regulatory T cells
CCCAATCCAAAGCAAT-1,GARQ,D5,0,40,34,23,0.14637923,CD56dim CD16bright NK
CCCAATCCACGGACAA-1,GARQ,D5,0,40,34,10,0.26644838,Naive B
CCCAATCGTCTCCCTA-1,GARQ,D5,0,40,34,10,0.11268425,Memory B
CCCAATCTCCTAGAAC-1,GARQ,D5,0,40,34,24,0.03115964,NK-monocyte doublets
CCCAGTTCATCCGTGG-1,GARQ,D5,0,40,34,25,0.10824764,CD4 naive I
CCCAGTTGTCGGATCC-1,GARQ,D5,0,40,34,15,0.025526464,CD56dim CD16bright NK
CCCTCCTAGGTGTGGT-1,GARQ,D5,0,40,34,10,0.37167513,Naive B
CCCTCCTCACGACTCG-1,GARQ,D5,0,40,34,24,0.04900396,T-NK-B cell doublets
CCCTCCTCACTCTGTC-1,GARQ,D5,0,40,34,23,0.025178134,CD56dim CD16bright NK
CCCTCCTCATTATCTC-1,GARQ,D5,0,40,34,12,0.05965209,CD4 memory
CCCTCCTGTAAGTGTA-1,GARQ,D5,0,40,34,24,0.052866936,Classical monocytes
CCCTCCTTCAAACAAG-1,GARQ,D5,0,40,34,23,0.08171469,CD56dim CD16bright NK
CCCTCCTTCAAGAAGT-1,GARQ,D5,0,40,34,38,0.057711124,Classical monocytes
CCCTCCTTCCACGTTC-1,GARQ,D5,0,40,34,10,0.15778494,Naive B
CCGGGATAGCTCAACT-1,GARQ,D5,0,40,34,37,0.14346635,MAIT-NKT cells
CCGGGATGTACCGTAT-1,GARQ,D5,0,40,34,24,0.022289157,Classical monocytes
CCGGGATTCTAACTTC-1,GARQ,D5,0,40,34,12,0.16920799,CD8 memory
CCGGTAGAGGAGTTTA-1,GARQ,D5,0,40,34,27,0.031054378,Non classical monocytes
CCGGTAGCAAACAACA-1,GARQ,D5,0,40,34,12,0.20340025,CD8 effector
CCGGTAGCACCTTGTC-1,GARQ,D5,0,40,34,34,0.08944839,CD56dim CD16bright NK
CCGGTAGCAGCGAACA-1,GARQ,D5,0,40,34,12,0.075050235,gdT cells
CCGGTAGTCCGTTGCT-1,GARQ,D5,0,40,34,24,0.02598977,Non classical monocytes
CCGGTAGTCGTCTGCT-1,GARQ,D5,0,40,34,13,0.010678887,CD56dim CD16bright NK
CCGTACTAGCCACTAT-1,GARQ,D5,0,40,34,25,0.05416614,CD8 naive
CCGTACTCAATGAATG-1,GARQ,D5,0,40,34,7,0.00592649,CD4 and CD8 activated memory
CCGTACTCAGAGCCAA-1,GARQ,D5,0,40,34,27,0.0901041,Non classical monocytes
CCGTACTCATCTATGG-1,GARQ,D5,0,40,34,25,0.032227397,Plasma cells
CCGTGGAAGCAGCCTC-1,GARQ,D5,0,40,34,37,0.07002723,NK-T doublets
CCGTGGAAGCGTAATA-1,GARQ,D5,0,40,34,25,0.33892035,CD4 naive I
CCGTGGAAGTTAAGTG-1,GARQ,D5,0,40,34,13,0.037690043,CD56bright CD16dim NK
CCGTGGACACAGACAG-1,GARQ,D5,0,40,34,25,0.05434549,CD4 naive I
CCGTGGAGTATCTGCA-1,GARQ,D5,0,40,34,27,0.05786711,Classical monocytes
CCGTGGAGTGGACGAT-1,GARQ,D5,0,40,34,10,0.010918856,Plasma cells
CCGTGGATCCGCAAGC-1,GARQ,D5,0,40,34,13,0.11516154,CD56dim CD16bright NK
CCGTTCAAGATCTGAA-1,GARQ,D5,0,40,34,2,0.07011807,CD56dim CD16bright NK
CCGTTCAGTACAGACG-1,GARQ,D5,0,40,34,24,0.09179664,Classical monocytes
CCGTTCAGTACAGTGG-1,GARQ,D5,0,40,34,25,0.1552428,CD4 naive II
CCGTTCATCATGCTCC-1,GARQ,D5,0,40,34,37,0.105377436,CD56dim CD16bright NK
CCTAAAGGTTTGTTTC-1,GARQ,D5,0,40,34,25,0.24507129,CD4 naive II
CCTAAAGTCCCTAATT-1,GARQ,D5,0,40,34,24,0.10763049,Platelet-bound monocytes
CCTACACTCGGCTACG-1,GARQ,D5,0,40,34,23,0.05914247,CD56dim CD16bright NK
CCTACCAAGAGTGAGA-1,GARQ,D5,0,40,34,15,0.009609938,CD56dim CD16bright NK
CCTACCAGTTCAGACT-1,GARQ,D5,0,40,34,12,0.016742468,CD4 memory
CCTAGCTTCGGCGCAT-1,GARQ,D5,0,40,34,25,0.10288453,CD8 memory
CCTATTAGTCGAACAG-1,GARQ,D5,0,40,34,24,0.049936533,Classical monocytes
CCTATTATCTCGAGTA-1,GARQ,D5,0,40,34,25,0.13917291,CD8 memory
CCTCAGTCATCCTTGC-1,GARQ,D5,0,40,34,25,0.11628342,CD4 naive II
CCTCAGTCATCGTCGG-1,GARQ,D5,0,40,34,37,0.027566254,CD8 effector
CCTCAGTGTCAGGACA-1,GARQ,D5,0,40,34,37,0.095030904,MAIT-NKT cells
CCTCAGTGTCGCATAT-1,GARQ,D5,0,40,34,13,0.13919485,CD56dim CD16bright NK
CCTCAGTGTTGGTGGA-1,GARQ,D5,0,40,34,12,0.24193561,CD8 effector
CCTCAGTTCGTAGGTT-1,GARQ,D5,0,40,34,16,0.004702449,CD8 effector
CCTCTGAAGGTCGGAT-1,GARQ,D5,0,40,34,34,0.004333794,CD56dim CD16bright NK
CCTCTGACATGCCTAA-1,GARQ,D5,0,40,34,37,0.12956727,CD56bright CD16dim NK
CCTCTGAGTCCGTGAC-1,GARQ,D5,0,40,34,25,0.22211874,CD8 naive
CCTCTGATCAGGTTCA-1,GARQ,D5,0,40,34,24,0.03205681,Classical monocytes
CCTCTGATCCTGCTTG-1,GARQ,D5,0,40,34,27,0.10455775,Non classical monocytes
CCTCTGATCGTACGGC-1,GARQ,D5,0,40,34,13,0.06197834,CD56dim CD16bright NK
CCTTACGAGATGTGGC-1,GARQ,D5,0,40,34,3,0.1228596,MAIT-NKT cells
CCTTACGAGCGTAATA-1,GARQ,D5,0,40,34,34,0.0062784553,CD8 effector
CCTTACGAGCTCAACT-1,GARQ,D5,0,40,34,27,0.14575815,Non classical monocytes
CCTTACGGTAGCTCCG-1,GARQ,D5,0,40,34,25,0.11454058,CD4 and CD8 activated memory
CCTTACGTCATAACCG-1,GARQ,D5,0,40,34,24,0.00564301,Classical monocytes
CCTTCCCAGACTGGGT-1,GARQ,D5,0,40,34,25,0.044448495,CD4 naive I
CCTTCCCAGTCCATAC-1,GARQ,D5,0,40,34,2,0.011315346,CD56dim CD16bright NK
CCTTCCCCACTACAGT-1,GARQ,D5,0,40,34,10,0.19592601,Naive B
CCTTCCCCATAGTAAG-1,GARQ,D5,0,40,34,13,0.06527901,CD56dim CD16bright NK
CCTTCCCCATCCGTGG-1,GARQ,D5,0,40,34,27,0.09376645,conventional DC
CCTTCCCGTTTGACAC-1,GARQ,D5,0,40,34,24,0.0044896603,NK-monocyte doublets
CCTTCCCTCTGGAGCC-1,GARQ,D5,0,40,34,26,0.007033348,gdT cells
CCTTCGACAGCGATCC-1,GARQ,D5,0,40,34,25,0.18280685,CD4 naive I
CCTTCGACAGCTGTAT-1,GARQ,D5,0,40,34,25,0.16631961,CD4 naive I
CCTTCGATCCGTTGCT-1,GARQ,D5,0,40,34,23,0.02336812,CD56dim CD16bright NK
CCTTTCTAGCTAGGCA-1,GARQ,D5,0,40,34,25,0.17487109,CD4 naive II
CCTTTCTCAAAGGTGC-1,GARQ,D5,0,40,34,12,0.18412453,CD8 memory
CCTTTCTCACAGGAGT-1,GARQ,D5,0,40,34,25,0.2729522,CD4 naive II
CCTTTCTCATACAGCT-1,GARQ,D5,0,40,34,15,0.07086897,CD56dim CD16bright NK
CCTTTCTGTTGACGTT-1,GARQ,D5,0,40,34,6,0.02936244,gdT cells
CGAACATTCCGCAGTG-1,GARQ,D5,0,40,34,14,0.056656837,MAIT-NKT cells
CGAACATTCGCTTAGA-1,GARQ,D5,0,40,34,25,0.4467337,CD4 memory
CGAACATTCTGAAAGA-1,GARQ,D5,0,40,34,25,0.18033957,CD4 naive I
CGAATGTCATTAGGCT-1,GARQ,D5,0,40,34,24,0.00066161156,Neutrophils
CGAATGTTCACATAGC-1,GARQ,D5,0,40,34,12,0.014624834,CD4 memory
CGAATGTTCCAAAGTC-1,GARQ,D5,0,40,34,13,0.07672608,CD56dim CD16bright NK
CGAATGTTCGTGGGAA-1,GARQ,D5,0,40,34,27,0.18271685,Non classical monocytes
CGACCTTAGTGCTGCC-1,GARQ,D5,0,40,34,0,0.046839118,T-NK-B cell doublets
CGACCTTCAGGTGCCT-1,GARQ,D5,0,40,34,23,0.046377957,CD56dim CD16bright NK
CGACCTTTCCAATGGT-1,GARQ,D5,0,40,34,27,0.14580381,Non classical monocytes
CGACTTCAGCGTCTAT-1,GARQ,D5,0,40,34,25,0.16026115,CD4 naive I
CGACTTCCACCAGATT-1,GARQ,D5,0,40,34,24,0.17770338,Platelet-bound monocytes
CGACTTCCATCCAACA-1,GARQ,D5,0,40,34,27,0.006040573,Classical monocytes
CGACTTCGTAAGCACG-1,GARQ,D5,0,40,34,12,0.10533708,CD8 effector
CGACTTCTCACTGGGC-1,GARQ,D5,0,40,34,24,0.08424306,Classical monocytes
CGAGAAGAGGAGTACC-1,GARQ,D5,0,40,34,10,0.26471156,Naive B
CGAGAAGCAGTAAGAT-1,GARQ,D5,0,40,34,12,0.102241635,NK-T doublets
CGAGAAGGTGGTAACG-1,GARQ,D5,0,40,34,16,0.0674175,CD56bright CD16dim NK
CGAGAAGTCATTCACT-1,GARQ,D5,0,40,34,13,0.0066627264,CD56dim CD16bright NK
CGAGCACAGGGATGGG-1,GARQ,D5,0,40,34,16,0.055050433,CD56dim CD16bright NK
CGAGCACGTATCTGCA-1,GARQ,D5,0,40,34,27,0.048299313,Neutrophils
CGAGCCACAAAGCAAT-1,GARQ,D5,0,40,34,25,0.3406055,CD4 naive I
CGAGCCACACAAGTAA-1,GARQ,D5,0,40,34,15,0.068885505,CD56dim CD16bright NK
CGAGCCAGTATTACCG-1,GARQ,D5,0,40,34,24,0.08825421,Neutrophils
CGAGCCATCCGCATCT-1,GARQ,D5,0,40,34,15,0.01609993,CD56dim CD16bright NK
CGATCGGCACACGCTG-1,GARQ,D5,0,40,34,12,0.4592495,CD8 effector
CGATCGGGTTCGTGAT-1,GARQ,D5,0,40,34,25,0.22291362,CD4 naive I
CGATCGGGTTGAACTC-1,GARQ,D5,0,40,34,16,0.057840347,CD56dim CD16bright NK
CGATCGGTCATGGTCA-1,GARQ,D5,0,40,34,37,0.060515046,MAIT-NKT cells
CGATCGGTCCTTTCTC-1,GARQ,D5,0,40,34,24,0.02223742,Neutrophils
CGATGGCCAGATAATG-1,GARQ,D5,0,40,34,13,0.022253215,CD56dim CD16bright NK
CGATGTAAGTAGCGGT-1,GARQ,D5,0,40,34,24,0.08088493,Classical monocytes
CGATGTACACATCTTT-1,GARQ,D5,0,40,34,24,0.032242775,Platelets
CGATGTATCACTATTC-1,GARQ,D5,0,40,34,37,0.04866177,CD56bright CD16dim NK
CGATTGAAGGAACTGC-1,GARQ,D5,0,40,34,25,0.14005947,CD4 naive I
CGATTGACAGCTTCGG-1,GARQ,D5,0,40,34,34,0.06731504,CD56bright CD16dim NK
CGATTGAGTGAGTATA-1,GARQ,D5,0,40,34,6,0.051755726,CD56dim CD16bright NK
CGCCAAGCAGTTCATG-1,GARQ,D5,0,40,34,12,0.03862977,NK-T doublets
CGCCAAGCATAAAGGT-1,GARQ,D5,0,40,34,10,0.43586206,Naive B
CGCCAAGGTGCGGTAA-1,GARQ,D5,0,40,34,25,0.14506388,CD4 naive II
CGCCAAGTCAGCCTAA-1,GARQ,D5,0,40,34,13,0.040682077,CD56dim CD16bright NK
CGCGGTACAACGATGG-1,GARQ,D5,0,40,34,24,0.11915195,Platelet-bound monocytes
CGCGGTAGTTCAGCGC-1,GARQ,D5,0,40,34,24,0.09838295,Classical monocytes
CGCGGTATCATGTAGC-1,GARQ,D5,0,40,34,25,0.24346948,CD4 naive I
CGCGTTTAGGCTAGAC-1,GARQ,D5,0,40,34,10,0.24599493,Naive B
CGCGTTTCAAGACACG-1,GARQ,D5,0,40,34,38,0.008683324,Neutrophils
CGCGTTTCAAGCCATT-1,GARQ,D5,0,40,34,12,0.073978186,NK-T doublets
CGCGTTTGTAGAGTGC-1,GARQ,D5,0,40,34,37,0.1036222,NK-T doublets
CGCGTTTGTCATCGGC-1,GARQ,D5,0,40,34,12,0.13863951,gdT cells
CGCGTTTGTCTGGTCG-1,GARQ,D5,0,40,34,25,0.21333444,CD4 naive I
CGCTATCCATATACCG-1,GARQ,D5,0,40,34,25,0.15848279,CD8 naive
CGCTATCTCGCGTAGC-1,GARQ,D5,0,40,34,24,0.098662734,Platelets
CGCTGGACACGCATCG-1,GARQ,D5,0,40,34,27,0.04503441,NK-monocyte doublets
CGCTGGAGTTACGACT-1,GARQ,D5,0,40,34,4,0.0060890913,CD56dim CD16bright NK
CGCTGGAGTTATGCGT-1,GARQ,D5,0,40,34,25,0.23306918,CD4 naive I
CGCTGGATCCCTCTTT-1,GARQ,D5,0,40,34,27,0.055113077,Neutrophils
CGCTGGATCGCTTGTC-1,GARQ,D5,0,40,34,25,0.046257734,CD4 naive I
CGCTGGATCTCGTATT-1,GARQ,D5,0,40,34,16,0.041014016,CD56dim CD16bright NK
CGCTTCAAGGCATGTG-1,GARQ,D5,0,40,34,25,0.099345446,CD4 memory
CGCTTCATCCTCGCAT-1,GARQ,D5,0,40,34,37,0.055838704,gdT cells
CGCTTCATCTGAAAGA-1,GARQ,D5,0,40,34,17,0.043268323,CD8 memory
CGGACACGTCAACATC-1,GARQ,D5,0,40,34,15,0.061683476,CD56dim CD16bright NK
CGGACACGTCCGTTAA-1,GARQ,D5,0,40,34,20,0.08307874,gdT cells
CGGACACGTTAGATGA-1,GARQ,D5,0,40,34,24,0.0949285,Platelet-bound monocytes
CGGACACTCAACACAC-1,GARQ,D5,0,40,34,25,0.016597271,CD8 naive
CGGACACTCAGCGATT-1,GARQ,D5,0,40,34,25,0.14926541,CD4 naive II
CGGACACTCCTTCAAT-1,GARQ,D5,0,40,34,25,0.089273095,CD4 memory
CGGACGTCAGTGGAGT-1,GARQ,D5,0,40,34,12,0.05901718,CD8 effector
CGGACGTGTCCAACTA-1,GARQ,D5,0,40,34,24,0.028874278,Neutrophils
CGGACGTGTTACGTCA-1,GARQ,D5,0,40,34,10,0.2805699,Naive B
CGGACTGGTTCGTTGA-1,GARQ,D5,0,40,34,27,0.11267364,Non classical monocytes
CGGACTGTCCTCATTA-1,GARQ,D5,0,40,34,25,0.04773736,CD8 memory
CGGAGCTAGACAGGCT-1,GARQ,D5,0,40,34,24,0.033844233,Neutrophils
CGGAGCTAGGTAAACT-1,GARQ,D5,0,40,34,25,0.13713491,CD4 memory
CGGAGCTCAGACAAGC-1,GARQ,D5,0,40,34,27,0.17506373,Non classical monocytes
CGGAGTCAGTGCAAGC-1,GARQ,D5,0,40,34,25,0.05109954,Regulatory T cells
CGGAGTCAGTGGGTTG-1,GARQ,D5,0,40,34,10,0.46237135,Naive B
CGGAGTCCACTTAACG-1,GARQ,D5,0,40,34,25,0.12981665,CD8 naive
CGGAGTCCATTCCTCG-1,GARQ,D5,0,40,34,10,0.0357365,T-NK-B cell doublets
CGGCTAGAGGACAGAA-1,GARQ,D5,0,40,34,28,0.010440111,MAIT-NKT cells
CGGCTAGCAGCGAACA-1,GARQ,D5,0,40,34,12,0.034909487,CD8 effector
CGGCTAGCAGGAATGC-1,GARQ,D5,0,40,34,25,0.17087054,CD8 naive
CGGGTCAAGGACATTA-1,GARQ,D5,0,40,34,25,0.25888777,CD4 naive I
CGGGTCAAGGGATACC-1,GARQ,D5,0,40,34,13,0.039572477,CD56dim CD16bright NK
CGGGTCAAGGGTCGAT-1,GARQ,D5,0,40,34,24,0.048684835,Neutrophils
CGGGTCATCATGTCTT-1,GARQ,D5,0,40,34,10,0.18335545,Memory B
CGGGTCATCCATTCTA-1,GARQ,D5,0,40,34,12,0.055898905,CD8 effector
CGGTTAACACAGAGGT-1,GARQ,D5,0,40,34,25,0.053895473,NK-T doublets
CGGTTAATCGGTGTTA-1,GARQ,D5,0,40,34,25,0.35961795,CD4 naive I
CGTAGCGAGTGCAAGC-1,GARQ,D5,0,40,34,25,0.18177557,CD8 naive
CGTAGCGCAGGTCGTC-1,GARQ,D5,0,40,34,10,0.24259603,Naive B
CGTAGCGGTGCGGTAA-1,GARQ,D5,0,40,34,38,0.057261348,Classical monocytes
CGTAGGCGTGGCTCCA-1,GARQ,D5,0,40,34,6,0.072824,CD56dim CD16bright NK
CGTAGGCGTTCCCTTG-1,GARQ,D5,0,40,34,10,0.16762638,Naive B
CGTAGGCTCCAAGCCG-1,GARQ,D5,0,40,34,28,0.11895037,CD4 memory
CGTAGGCTCCAATGGT-1,GARQ,D5,0,40,34,12,0.03237641,CD8 memory
CGTCACTAGCTATGCT-1,GARQ,D5,0,40,34,3,0.023052692,CD4 memory
CGTCACTAGGACATTA-1,GARQ,D5,0,40,34,12,0.1235137,gdT cells
CGTCACTCAGAGTGTG-1,GARQ,D5,0,40,34,17,0.0134420395,CD8 effector
CGTCACTGTAAGTAGT-1,GARQ,D5,0,40,34,27,0.12767327,Non classical monocytes
CGTCACTGTTACGCGC-1,GARQ,D5,0,40,34,24,0.03826809,conventional DC
CGTCACTTCTTCGGTC-1,GARQ,D5,0,40,34,37,0.0599885,gdT cells
CGTCAGGAGTTTAGGA-1,GARQ,D5,0,40,34,25,0.088810205,CD4 naive I
CGTCAGGCAACTGCTA-1,GARQ,D5,0,40,34,27,0.14729309,Non classical monocytes
CGTCAGGCAATCTGCA-1,GARQ,D5,0,40,34,25,0.06659722,CD4 naive I
CGTCCATAGTACGTAA-1,GARQ,D5,0,40,34,10,0.3061117,Naive B
CGTCCATCACACTGCG-1,GARQ,D5,0,40,34,27,0.024512887,Non classical monocytes
CGTCCATGTAGCGCAA-1,GARQ,D5,0,40,34,24,0.08526683,Neutrophils
CGTCCATTCACCCTCA-1,GARQ,D5,0,40,34,25,0.1740905,CD4 memory
CGTCCATTCAGCTCGG-1,GARQ,D5,0,40,34,25,0.19246721,CD4 naive I
CGTCTACGTCCTGCTT-1,GARQ,D5,0,40,34,27,0.036057293,plasmacytoid DC
CGTCTACGTCTAGCGC-1,GARQ,D5,0,40,34,13,0.12551773,CD56dim CD16bright NK
CGTCTACTCAGCGATT-1,GARQ,D5,0,40,34,26,0.06200385,MAIT-NKT cells
CGTGAGCAGAAGGGTA-1,GARQ,D5,0,40,34,27,0.11831379,Non classical monocytes
CGTGAGCAGATATGCA-1,GARQ,D5,0,40,34,2,0.08800411,CD56dim CD16bright NK
CGTGAGCAGGAGCGAG-1,GARQ,D5,0,40,34,23,0.07655382,CD56dim CD16bright NK
CGTGAGCCAATAGAGT-1,GARQ,D5,0,40,34,24,0.03682041,Classical monocytes
CGTGAGCGTACCGGCT-1,GARQ,D5,0,40,34,24,0.020733714,Neutrophils
CGTGAGCGTAGGGACT-1,GARQ,D5,0,40,34,15,0.1803261,CD56dim CD16bright NK
CGTGAGCTCACATAGC-1,GARQ,D5,0,40,34,27,0.055150986,Non classical monocytes
CGTGTAACATTCCTCG-1,GARQ,D5,0,40,34,25,0.12776029,CD4 naive I
CGTGTAAGTGTTCTTT-1,GARQ,D5,0,40,34,25,0.14175797,CD4 naive II
CGTGTAATCAGCGACC-1,GARQ,D5,0,40,34,25,0.06213188,CD4 naive I
CGTGTAATCCTCCTAG-1,GARQ,D5,0,40,34,12,0.14156234,CD8 memory
CGTGTCTGTCATGCCG-1,GARQ,D5,0,40,34,25,0.05052793,CD4 naive I
CGTGTCTGTGTGCCTG-1,GARQ,D5,0,40,34,23,0.048960328,CD56dim CD16bright NK
CGTTAGACAAAGGTGC-1,GARQ,D5,0,40,34,25,0.22532213,CD4 naive I
CGTTAGAGTCAGAAGC-1,GARQ,D5,0,40,34,25,0.27543163,CD4 naive I
CGTTAGATCCAAACTG-1,GARQ,D5,0,40,34,12,0.18255484,CD8 effector
CGTTCTGAGAGCCCAA-1,GARQ,D5,0,40,34,34,0.013379574,CD56dim CD16bright NK
CGTTCTGCAGGACGTA-1,GARQ,D5,0,40,34,37,0.028164625,MAIT-NKT cells
CGTTCTGGTAAACACA-1,GARQ,D5,0,40,34,24,0.05543995,Classical monocytes
CGTTCTGGTAACGACG-1,GARQ,D5,0,40,34,15,0.04276979,CD56dim CD16bright NK
CGTTCTGGTGCCTTGG-1,GARQ,D5,0,40,34,27,0.04179442,NK-monocyte doublets
CGTTCTGTCAACACGT-1,GARQ,D5,0,40,34,24,0.043648243,Classical monocytes
CGTTGGGAGTCGATAA-1,GARQ,D5,0,40,34,12,0.0029907823,CD56dim CD16bright NK
CGTTGGGAGTTCGATC-1,GARQ,D5,0,40,34,27,0.014047265,Classical monocytes
CGTTGGGTCATTGCGA-1,GARQ,D5,0,40,34,37,0.05594057,CD56dim CD16bright NK
CGTTGGGTCCTAAGTG-1,GARQ,D5,0,40,34,10,0.40372145,Naive B
CGTTGGGTCGAGCCCA-1,GARQ,D5,0,40,34,27,0.0031847954,Classical monocytes
CTAACTTCAGTTCATG-1,GARQ,D5,0,40,34,25,0.08336878,CD4 memory
CTAACTTCATGCGCAC-1,GARQ,D5,0,40,34,34,0.011913359,gdT cells
CTAAGACAGATGAGAG-1,GARQ,D5,0,40,34,27,0.02878046,Classical monocytes
CTAATGGAGACCGGAT-1,GARQ,D5,0,40,34,15,0.095210314,CD56dim CD16bright NK
CTAATGGCAACAACCT-1,GARQ,D5,0,40,34,10,0.26922017,Memory B
CTAATGGCAAGGACTG-1,GARQ,D5,0,40,34,13,0.093040705,CD56dim CD16bright NK
CTAATGGCAGGAATCG-1,GARQ,D5,0,40,34,25,0.11653066,CD4 naive I
CTAATGGTCTCTAGGA-1,GARQ,D5,0,40,34,12,0.020799398,NK-T doublets
CTACACCCACGACTCG-1,GARQ,D5,0,40,34,37,0.023654342,MAIT-NKT cells
CTACACCGTGCTTCTC-1,GARQ,D5,0,40,34,31,0.0096203685,CD56bright CD16dim NK
CTACACCTCCCTCAGT-1,GARQ,D5,0,40,34,15,0.057845652,CD56dim CD16bright NK
CTACACCTCGCTGATA-1,GARQ,D5,0,40,34,24,0.00032508373,Neutrophils
CTACATTAGGGCTTGA-1,GARQ,D5,0,40,34,25,0.20895934,CD4 naive I
CTACATTAGTACATGA-1,GARQ,D5,0,40,34,25,0.28779268,CD4 naive II
CTACATTAGTCTTGCA-1,GARQ,D5,0,40,34,13,0.014121175,CD56dim CD16bright NK
CTACATTCATCCTTGC-1,GARQ,D5,0,40,34,25,0.07298601,CD4 memory
CTACATTGTCCAGTGC-1,GARQ,D5,0,40,34,13,0.05341029,CD56dim CD16bright NK
CTACATTGTTCCCTTG-1,GARQ,D5,0,40,34,12,0.20981324,CD8 memory
CTACATTTCCGATATG-1,GARQ,D5,0,40,34,23,0.0930022,CD56dim CD16bright NK
CTACATTTCGCGTTTC-1,GARQ,D5,0,40,34,23,0.07888186,CD56dim CD16bright NK
CTACGTCCAGACGCTC-1,GARQ,D5,0,40,34,25,0.14103508,CD8 naive
CTACGTCTCTTTAGTC-1,GARQ,D5,0,40,34,13,0.06629765,CD56dim CD16bright NK
CTAGAGTGTAAGGATT-1,GARQ,D5,0,40,34,38,0.14558482,Classical monocytes
CTAGAGTGTAATTGGA-1,GARQ,D5,0,40,34,24,0.033891678,Classical monocytes
CTAGAGTGTGCCTGCA-1,GARQ,D5,0,40,34,12,0.07958639,CD8 effector
CTAGAGTGTGTTAAGA-1,GARQ,D5,0,40,34,25,0.12417567,CD8 naive
CTAGAGTTCACGCGGT-1,GARQ,D5,0,40,34,10,0.17386514,Memory B
CTAGAGTTCCAGTAGT-1,GARQ,D5,0,40,34,37,0.006188035,CD8 effector
CTAGAGTTCCGTTGTC-1,GARQ,D5,0,40,34,2,0.07639885,CD56dim CD16bright NK
CTAGAGTTCTTATCTG-1,GARQ,D5,0,40,34,27,0.037292123,NK-monocyte doublets
CTAGCCTAGACACTAA-1,GARQ,D5,0,40,34,27,0.10212064,Non classical monocytes
CTAGCCTAGAGGTAGA-1,GARQ,D5,0,40,34,23,0.0053300858,CD56dim CD16bright NK
CTAGCCTAGTGGACGT-1,GARQ,D5,0,40,34,10,0.03803253,Memory B
CTAGCCTCATCGATGT-1,GARQ,D5,0,40,34,12,0.1834346,CD8 effector
CTAGCCTGTACAAGTA-1,GARQ,D5,0,40,34,25,0.19161236,CD4 naive I
CTAGCCTGTGATGTCT-1,GARQ,D5,0,40,34,12,0.09091002,CD8 memory
CTAGCCTGTGCACCAC-1,GARQ,D5,0,40,34,23,0.050714374,CD56dim CD16bright NK
CTAGCCTGTTAAGACA-1,GARQ,D5,0,40,34,25,0.24046195,CD8 naive
CTAGCCTTCCTGTAGA-1,GARQ,D5,0,40,34,34,0.05372095,CD56dim CD16bright NK
CTAGCCTTCGCGTTTC-1,GARQ,D5,0,40,34,7,0.021878898,Platelet-T cell doublets
CTAGTGAAGCCGGTAA-1,GARQ,D5,0,40,34,10,0.39627957,Naive B
CTAGTGAAGTGACTCT-1,GARQ,D5,0,40,34,12,0.00033855438,CD8 effector
CTAGTGAGTACAAGTA-1,GARQ,D5,0,40,34,12,0.13798797,MAIT-NKT cells
CTAGTGATCGTAGGTT-1,GARQ,D5,0,40,34,25,0.21706617,CD4 naive I
CTAGTGATCTCTAAGG-1,GARQ,D5,0,40,34,23,0.01903212,CD8 effector
CTCACACCAGTCCTTC-1,GARQ,D5,0,40,34,3,0.040317774,CD4 memory
CTCACACTCGTCCAGG-1,GARQ,D5,0,40,34,27,0.047836542,Non classical monocytes
CTCAGAAAGAGGGCTT-1,GARQ,D5,0,40,34,25,0.28614438,CD8 naive
CTCAGAACATTTGCTT-1,GARQ,D5,0,40,34,25,0.11008668,CD4 naive II
CTCAGAAGTCCAGTGC-1,GARQ,D5,0,40,34,25,0.15854657,CD4 naive I
CTCATTAAGGACAGAA-1,GARQ,D5,0,40,34,23,0.051490903,CD56dim CD16bright NK
CTCATTACATATGGTC-1,GARQ,D5,0,40,34,27,0.08922994,Non classical monocytes
CTCATTAGTACAGCAG-1,GARQ,D5,0,40,34,13,0.013501167,CD56dim CD16bright NK
CTCATTATCAACACTG-1,GARQ,D5,0,40,34,27,0.013797522,conventional DC
CTCATTATCACAATGC-1,GARQ,D5,0,40,34,26,0.0867933,gdT cells
CTCCTAGAGCAGGTCA-1,GARQ,D5,0,40,34,10,0.17935783,Naive B
CTCCTAGCAGATGGGT-1,GARQ,D5,0,40,34,38,0.002915144,T-NK-B cell doublets
CTCGAAAAGAGGTTGC-1,GARQ,D5,0,40,34,10,0.19715542,Memory B
CTCGAAACAATTCCTT-1,GARQ,D5,0,40,34,27,0.092767715,Non classical monocytes
CTCGAAAGTAAGAGGA-1,GARQ,D5,0,40,34,10,0.31332076,Naive B
CTCGAAAGTGTAATGA-1,GARQ,D5,0,40,34,24,0.03656292,Classical monocytes
CTCGAGGCACGCGAAA-1,GARQ,D5,0,40,34,6,0.05019152,CD56dim CD16bright NK
CTCGAGGCACTACAGT-1,GARQ,D5,0,40,34,27,0.0026540756,Classical monocytes
CTCGAGGCACTTCGAA-1,GARQ,D5,0,40,34,24,0.03917408,Classical monocytes
CTCGAGGGTCTGGAGA-1,GARQ,D5,0,40,34,24,0.07339108,Classical monocytes
CTCGGAGAGAGGACGG-1,GARQ,D5,0,40,34,31,0.0371567,NK-T doublets
CTCGGAGAGGAGCGTT-1,GARQ,D5,0,40,34,25,0.059589267,CD4 memory
CTCGGAGAGTGGAGTC-1,GARQ,D5,0,40,34,25,0.13009477,CD4 naive I
CTCGGAGCATCACGAT-1,GARQ,D5,0,40,34,6,0.063424945,CD56bright CD16dim NK
CTCGGAGCATCCCACT-1,GARQ,D5,0,40,34,24,0.08973503,Neutrophils
CTCGGAGCATCGGGTC-1,GARQ,D5,0,40,34,10,0.31096768,Naive B
CTCGGAGGTTAAGAAC-1,GARQ,D5,0,40,34,16,0.040870786,CD56dim CD16bright NK
CTCGGAGTCAATCTCT-1,GARQ,D5,0,40,34,16,0.0024983883,CD56dim CD16bright NK
CTCGGGAAGAAGGGTA-1,GARQ,D5,0,40,34,25,0.172297,CD4 memory
CTCGGGAAGGAATGGA-1,GARQ,D5,0,40,34,10,0.19247407,Naive B
CTCGGGACAGGGTACA-1,GARQ,D5,0,40,34,13,0.092497826,CD56dim CD16bright NK
CTCGTACAGACAGACC-1,GARQ,D5,0,40,34,28,0.13809478,CD4 naive I
CTCGTACAGCAGCCTC-1,GARQ,D5,0,40,34,25,0.19811583,CD4 naive I
CTCGTACGTACAGTGG-1,GARQ,D5,0,40,34,27,0.1588471,Non classical monocytes
CTCGTACGTCATATCG-1,GARQ,D5,0,40,34,12,0.0064032674,CD8 memory
CTCGTACTCCATTCTA-1,GARQ,D5,0,40,34,24,0.10238123,Platelet-bound monocytes
CTCGTACTCCTGCAGG-1,GARQ,D5,0,40,34,16,0.082941175,CD56dim CD16bright NK
CTCGTCAAGCCAGTTT-1,GARQ,D5,0,40,34,10,0.47552335,Naive B
CTCGTCAAGCGACGTA-1,GARQ,D5,0,40,34,25,0.0077311993,CD8 memory
CTCGTCACACATCTTT-1,GARQ,D5,0,40,34,12,0.25231808,CD8 memory
CTCGTCATCAACGGGA-1,GARQ,D5,0,40,34,27,0.16912591,Non classical monocytes
CTCTAATAGGTGCTTT-1,GARQ,D5,0,40,34,12,0.26352036,CD8 memory
CTCTAATCACGGTGTC-1,GARQ,D5,0,40,34,31,0.0027726889,CD4 naive II
CTCTACGAGCGCTTAT-1,GARQ,D5,0,40,34,37,0.003643632,CD56dim CD16bright NK
CTCTACGCAAACGTGG-1,GARQ,D5,0,40,34,27,0.0868814,Non classical monocytes
CTCTACGCAATCTACG-1,GARQ,D5,0,40,34,25,0.2019558,CD4 naive II
CTCTACGCAATGTAAG-1,GARQ,D5,0,40,34,12,0.0047627687,MAIT-NKT cells
CTCTACGCACTTCTGC-1,GARQ,D5,0,40,34,24,0.0036842823,T-NK-B cell doublets
CTCTGGTAGGTTACCT-1,GARQ,D5,0,40,34,6,0.09682655,CD56dim CD16bright NK
CTCTGGTCAAGGGTCA-1,GARQ,D5,0,40,34,6,0.055362463,MAIT-NKT cells
CTCTGGTCACGTAAGG-1,GARQ,D5,0,40,34,27,0.030502796,Non classical monocytes
CTCTGGTGTCACACGC-1,GARQ,D5,0,40,34,37,0.070192575,MAIT-NKT cells
CTCTGGTTCATCACCC-1,GARQ,D5,0,40,34,27,0.10401046,Non classical monocytes
CTCTGGTTCCGCGTTT-1,GARQ,D5,0,40,34,13,0.098103106,CD56dim CD16bright NK
CTCTGGTTCTAAGCCA-1,GARQ,D5,0,40,34,23,0.011236906,CD56dim CD16bright NK
CTGAAACCACAGACTT-1,GARQ,D5,0,40,34,24,0.14918184,Platelet-bound monocytes
CTGAAACGTAAGGGCT-1,GARQ,D5,0,40,34,27,0.09483647,Non classical monocytes
CTGAAACTCGGCGGTT-1,GARQ,D5,0,40,34,10,0.2657299,Memory B
CTGAAACTCTGTCCGT-1,GARQ,D5,0,40,34,25,0.19310486,CD4 naive I
CTGAAGTGTCTGGAGA-1,GARQ,D5,0,40,34,27,0.17051649,Non classical monocytes
CTGAAGTTCCACGAAT-1,GARQ,D5,0,40,34,10,0.4643345,Memory B
CTGAAGTTCTAGAGTC-1,GARQ,D5,0,40,34,38,0.15328062,Classical monocytes
CTGATAGCACCTATCC-1,GARQ,D5,0,40,34,6,0.026613474,CD56dim CD16bright NK
CTGATAGCACGTTGGC-1,GARQ,D5,0,40,34,6,0.03271103,CD56dim CD16bright NK
CTGATAGGTGCACGAA-1,GARQ,D5,0,40,34,10,0.31100774,Naive B
CTGATAGTCCTGCAGG-1,GARQ,D5,0,40,34,6,0.14203238,CD56dim CD16bright NK
CTGATAGTCTTTAGGG-1,GARQ,D5,0,40,34,39,0.010617435,Memory B
CTGATCCAGCCCAATT-1,GARQ,D5,0,40,34,12,0.1130811,CD8 effector
CTGATCCCAGCCTTGG-1,GARQ,D5,0,40,34,12,0.02556467,NK-T doublets
CTGATCCCAGCTGTTA-1,GARQ,D5,0,40,34,0,0.046117604,T-NK-B cell doublets
CTGATCCCATCCTTGC-1,GARQ,D5,0,40,34,24,0.101310015,Classical monocytes
CTGATCCTCGCCAAAT-1,GARQ,D5,0,40,34,27,0.047653794,plasmacytoid DC
CTGATCCTCGGAGGTA-1,GARQ,D5,0,40,34,25,0.031512976,CD4 naive I
CTGCCTACAGCGTTCG-1,GARQ,D5,0,40,34,37,0.084388375,CD56dim CD16bright NK
CTGCCTATCAAGCCTA-1,GARQ,D5,0,40,34,12,0.003250599,CD4 memory
CTGCCTATCATGTAGC-1,GARQ,D5,0,40,34,25,0.19928181,CD4 memory
CTGCGGAAGAGTGAGA-1,GARQ,D5,0,40,34,37,0.068297386,CD56dim CD16bright NK
CTGCTGTAGAAACGCC-1,GARQ,D5,0,40,34,12,0.10684335,CD8 effector
CTGCTGTCAAAGCGGT-1,GARQ,D5,0,40,34,27,0.048786283,NK-monocyte doublets
CTGCTGTGTAGAGTGC-1,GARQ,D5,0,40,34,0,0.08593345,T-NK-B cell doublets
CTGCTGTGTATGAAAC-1,GARQ,D5,0,40,34,23,0.02759552,CD56dim CD16bright NK
CTGCTGTTCATCGGAT-1,GARQ,D5,0,40,34,27,0.15693355,Non classical monocytes
CTGGTCTAGACTTGAA-1,GARQ,D5,0,40,34,12,0.09517348,CD8 effector
CTGGTCTAGAGGTTGC-1,GARQ,D5,0,40,34,10,0.30889225,Naive B
CTGGTCTGTTCCATGA-1,GARQ,D5,0,40,34,24,0.0077319145,Classical monocytes
CTGGTCTTCTCGAGTA-1,GARQ,D5,0,40,34,24,0.112847805,T-NK-B cell doublets
CTGTGCTAGCAACGGT-1,GARQ,D5,0,40,34,26,0.020438313,gdT cells
CTGTGCTCACGGTGTC-1,GARQ,D5,0,40,34,24,0.025322199,Classical monocytes
CTGTGCTGTACTTAGC-1,GARQ,D5,0,40,34,12,0.19164944,CD8 memory
CTGTGCTTCCCTTGTG-1,GARQ,D5,0,40,34,12,0.11628437,NK-T doublets
CTGTGCTTCTCTAAGG-1,GARQ,D5,0,40,34,23,0.13596433,CD56dim CD16bright NK
CTGTTTAAGGGCTTCC-1,GARQ,D5,0,40,34,20,0.0014585257,CD56dim CD16bright NK
CTGTTTAAGGTGACCA-1,GARQ,D5,0,40,34,37,0.076890945,CD56bright CD16dim NK
CTGTTTACAATCCAAC-1,GARQ,D5,0,40,34,12,0.27854395,CD8 effector
CTGTTTACATTGCGGC-1,GARQ,D5,0,40,34,13,0.042539835,CD56dim CD16bright NK
CTGTTTAGTACCGTAT-1,GARQ,D5,0,40,34,13,0.03522551,CD56dim CD16bright NK
CTGTTTATCTAACCGA-1,GARQ,D5,0,40,34,13,0.18164957,CD56dim CD16bright NK
CTTAACTAGCCAACAG-1,GARQ,D5,0,40,34,6,0.22388744,CD56dim CD16bright NK
CTTAACTAGCGATGAC-1,GARQ,D5,0,40,34,4,0.0030306578,CD56dim CD16bright NK
CTTAACTAGTTTCCTT-1,GARQ,D5,0,40,34,23,0.02681619,CD56dim CD16bright NK
CTTAACTTCAAGGCTT-1,GARQ,D5,0,40,34,19,0.040334225,CD4 memory
CTTAACTTCACCATAG-1,GARQ,D5,0,40,34,12,0.08468008,CD8 effector
CTTACCGAGCAACGGT-1,GARQ,D5,0,40,34,25,0.117987156,CD4 memory
CTTAGGAGTCGGGTCT-1,GARQ,D5,0,40,34,23,0.05510664,CD56dim CD16bright NK
CTTAGGATCCAGATCA-1,GARQ,D5,0,40,34,34,0.032539964,MAIT-NKT cells
CTTCTCTAGAAGGGTA-1,GARQ,D5,0,40,34,31,0.1244272,NK-T doublets
CTTCTCTAGATGTGGC-1,GARQ,D5,0,40,34,23,0.27199686,CD56dim CD16bright NK
CTTCTCTCATCCTAGA-1,GARQ,D5,0,40,34,38,6.747246e-05,Classical monocytes
CTTCTCTTCATAACCG-1,GARQ,D5,0,40,34,31,0.060989857,NK-T doublets
CTTGGCTAGGAATCGC-1,GARQ,D5,0,40,34,37,0.015905857,MAIT-NKT cells
CTTGGCTAGGTTACCT-1,GARQ,D5,0,40,34,10,0.45461392,Naive B
CTTGGCTAGTGAACGC-1,GARQ,D5,0,40,34,24,0.040293455,Neutrophils
CTTGGCTTCTAACTCT-1,GARQ,D5,0,40,34,27,0.17184639,Non classical monocytes
CTTTGCGCATGACATC-1,GARQ,D5,0,40,34,27,0.06560111,Non classical monocytes
CTTTGCGTCCGAATGT-1,GARQ,D5,0,40,34,10,0.07669681,Naive B
CTTTGCGTCCTTGGTC-1,GARQ,D5,0,40,34,27,0.15024841,Non classical monocytes
CTTTGCGTCTATCGCC-1,GARQ,D5,0,40,34,10,0.2231043,Naive B
GAAACTCAGAGTGACC-1,GARQ,D5,0,40,34,25,0.17386115,CD4 memory
GAAACTCAGTGAATTG-1,GARQ,D5,0,40,34,10,0.47013688,Naive B
GAAACTCGTTTACTCT-1,GARQ,D5,0,40,34,23,0.1260556,CD56bright CD16dim NK
GAAACTCTCCGAACGC-1,GARQ,D5,0,40,34,10,0.3355788,Naive B
GAAATGAAGGCTCTTA-1,GARQ,D5,0,40,34,27,0.039431095,Non classical monocytes
GAAATGAAGGTCGGAT-1,GARQ,D5,0,40,34,26,0.00065743923,MAIT-NKT cells
GAAATGAAGTCGTTTG-1,GARQ,D5,0,40,34,6,0.11540377,Proliferating T and NK cell
GAAATGAGTCCTAGCG-1,GARQ,D5,0,40,34,24,0.08288193,Classical monocytes
GAACATCAGGCATGTG-1,GARQ,D5,0,40,34,6,0.0076224804,CD56dim CD16bright NK
GAACATCCAATCGGTT-1,GARQ,D5,0,40,34,2,0.017438173,CD56dim CD16bright NK
GAACATCCATAGTAAG-1,GARQ,D5,0,40,34,37,0.05481863,MAIT-NKT cells
GAACATCGTATCTGCA-1,GARQ,D5,0,40,34,24,0.11368823,Classical monocytes
GAACATCGTCGCCATG-1,GARQ,D5,0,40,34,25,0.06522226,CD4 memory
GAACATCGTTGTACAC-1,GARQ,D5,0,40,34,16,0.16353226,CD56dim CD16bright NK
GAACCTAGTAGTGAAT-1,GARQ,D5,0,40,34,6,0.09705436,CD56dim CD16bright NK
GAACCTATCACCCTCA-1,GARQ,D5,0,40,34,10,0.22412819,Naive B
GAACCTATCGTAGATC-1,GARQ,D5,0,40,34,13,0.02640891,CD56dim CD16bright NK
GAACGGAAGAATGTTG-1,GARQ,D5,0,40,34,27,0.046868205,Non classical monocytes
GAACGGACAGTGAGTG-1,GARQ,D5,0,40,34,13,0.027859509,CD56bright CD16dim NK
GAACGGACATCCCACT-1,GARQ,D5,0,40,34,34,0.041975737,CD8 effector
GAAGCAGCATAACCTG-1,GARQ,D5,0,40,34,25,0.081826806,CD4 naive I
GAAGCAGGTAGGCATG-1,GARQ,D5,0,40,34,3,0.1135571,CD8 naive
GAAGCAGGTCACCCAG-1,GARQ,D5,0,40,34,16,0.011384249,CD56dim CD16bright NK
GAAGCAGGTTAGGGTG-1,GARQ,D5,0,40,34,24,0.021223545,Classical monocytes
GAAGCAGTCAAACGGG-1,GARQ,D5,0,40,34,24,0.111245036,Classical monocytes
GAAGCAGTCCGTAGTA-1,GARQ,D5,0,40,34,12,0.11261606,NK-T doublets
GAATAAGAGTCCGGTC-1,GARQ,D5,0,40,34,31,0.028125942,MAIT-NKT cells
GAATAAGCAGATGGGT-1,GARQ,D5,0,40,34,25,0.06401491,CD4 naive I
GAATGAAGTTCCCTTG-1,GARQ,D5,0,40,34,12,0.05983746,CD8 memory
GACACGCAGACACTAA-1,GARQ,D5,0,40,34,13,0.07434869,CD56dim CD16bright NK
GACACGCAGTGTCTCA-1,GARQ,D5,0,40,34,24,0.061483502,Classical monocytes
GACACGCCAGATGGGT-1,GARQ,D5,0,40,34,27,0.13144243,Non classical monocytes
GACACGCCATATGGTC-1,GARQ,D5,0,40,34,24,0.025883794,Neutrophils
GACACGCGTACGCTGC-1,GARQ,D5,0,40,34,24,0.06311178,Classical monocytes
GACACGCGTAGAAGGA-1,GARQ,D5,0,40,34,12,0.048799634,MAIT-NKT cells
GACACGCGTCCGCTGA-1,GARQ,D5,0,40,34,37,0.08059573,MAIT-NKT cells
GACACGCGTCGGCATC-1,GARQ,D5,0,40,34,12,0.16381812,MAIT-NKT cells
GACAGAGCATGATCCA-1,GARQ,D5,0,40,34,10,0.23075157,Naive B
GACAGAGGTCGAGATG-1,GARQ,D5,0,40,34,27,0.0031588078,Classical monocytes
GACAGAGGTTATTCTC-1,GARQ,D5,0,40,34,24,0.06742561,Neutrophils
GACAGAGTCTGTCTCG-1,GARQ,D5,0,40,34,16,0.0028691292,CD56dim CD16bright NK
GACCAATAGAATTGTG-1,GARQ,D5,0,40,34,26,0.054436445,MAIT-NKT cells
GACCAATCATACAGCT-1,GARQ,D5,0,40,34,34,0.037218332,gdT cells
GACCAATCATCCCATC-1,GARQ,D5,0,40,34,7,0.011131406,CD4 memory
GACCAATGTAGCTGCC-1,GARQ,D5,0,40,34,10,0.22482497,Memory B
GACCAATTCCCTTGTG-1,GARQ,D5,0,40,34,26,0.075693965,gdT cells
GACCTGGCAAGCGCTC-1,GARQ,D5,0,40,34,23,0.1138556,CD56dim CD16bright NK
GACCTGGGTCTAGGTT-1,GARQ,D5,0,40,34,13,0.12846392,CD56dim CD16bright NK
GACCTGGGTTGAACTC-1,GARQ,D5,0,40,34,10,0.14381826,Memory B
GACCTGGTCAGCTTAG-1,GARQ,D5,0,40,34,12,0.14601779,CD8 memory
GACCTGGTCATAACCG-1,GARQ,D5,0,40,34,13,0.0417583,CD56dim CD16bright NK
GACCTGGTCCCTGACT-1,GARQ,D5,0,40,34,23,0.12694371,CD56dim CD16bright NK
GACCTGGTCTACGAGT-1,GARQ,D5,0,40,34,37,0.017574966,CD56dim CD16bright NK
GACGCGTAGCTGGAAC-1,GARQ,D5,0,40,34,34,0.03403175,CD56dim CD16bright NK
GACGCGTGTGGCTCCA-1,GARQ,D5,0,40,34,13,0.067055225,CD56dim CD16bright NK
GACGGCTAGCGCCTTG-1,GARQ,D5,0,40,34,34,0.027601957,CD56dim CD16bright NK
GACGGCTCATACGCCG-1,GARQ,D5,0,40,34,25,0.18091929,CD4 naive I
GACGGCTCATTAGGCT-1,GARQ,D5,0,40,34,23,0.05309534,CD8 effector
GACGGCTGTACCGTAT-1,GARQ,D5,0,40,34,37,0.04041314,gdT cells
GACGGCTGTACGACCC-1,GARQ,D5,0,40,34,12,0.0360595,gdT cells
GACGGCTTCTTTCCTC-1,GARQ,D5,0,40,34,27,0.026360095,plasmacytoid DC
GACGTGCCACCAGATT-1,GARQ,D5,0,40,34,12,0.017835975,gdT cells
GACGTGCTCCAGTATG-1,GARQ,D5,0,40,34,38,0.016643882,Classical monocytes
GACGTTACAGATCCAT-1,GARQ,D5,0,40,34,38,0.06246203,Neutrophils
GACGTTAGTTATGTGC-1,GARQ,D5,0,40,34,25,0.20216644,CD4 naive I
GACGTTAGTTCGTCTC-1,GARQ,D5,0,40,34,27,0.14789975,Non classical monocytes
GACTAACAGCTAGTTC-1,GARQ,D5,0,40,34,13,0.005669713,CD56dim CD16bright NK
GACTAACCAAGAAAGG-1,GARQ,D5,0,40,34,25,0.15540242,CD4 memory
GACTAACCATGCCTAA-1,GARQ,D5,0,40,34,24,0.012275577,Classical monocytes
GACTAACGTCACACGC-1,GARQ,D5,0,40,34,3,0.06581211,MAIT-NKT cells
GACTAACTCTTGTCAT-1,GARQ,D5,0,40,34,25,0.22372866,CD8 naive
GACTACAAGCTCTCGG-1,GARQ,D5,0,40,34,23,0.07113135,CD56dim CD16bright NK
GACTACAAGTTTCCTT-1,GARQ,D5,0,40,34,24,0.021147013,T-NK-B cell doublets
GACTACACACGCCAGT-1,GARQ,D5,0,40,34,12,0.00078606606,gdT cells
GACTACACAGCTGTGC-1,GARQ,D5,0,40,34,25,0.23111713,CD8 memory
GACTACAGTAAGCACG-1,GARQ,D5,0,40,34,12,0.16528833,CD4 memory
GACTACAGTACCTACA-1,GARQ,D5,0,40,34,27,0.07542777,Classical monocytes
GACTACAGTCAGTGGA-1,GARQ,D5,0,40,34,23,0.062283397,CD56dim CD16bright NK
GACTACAGTTTGTTTC-1,GARQ,D5,0,40,34,24,0.006985903,Classical monocytes
GACTACATCCCGGATG-1,GARQ,D5,0,40,34,34,0.0028233528,CD56dim CD16bright NK
GACTGCGAGAGTGACC-1,GARQ,D5,0,40,34,24,0.07651937,Classical monocytes
GACTGCGGTCTAACGT-1,GARQ,D5,0,40,34,15,0.15745068,CD56dim CD16bright NK
GACTGCGTCATCGGAT-1,GARQ,D5,0,40,34,25,0.14248657,CD4 naive I
GACTGCGTCCCTCAGT-1,GARQ,D5,0,40,34,15,0.1584692,CD56dim CD16bright NK
GAGCAGACATGTCTCC-1,GARQ,D5,0,40,34,38,0.022787094,Neutrophils
GAGCAGAGTCGACTGC-1,GARQ,D5,0,40,34,24,0.054887295,Non classical monocytes
GAGCAGAGTTCGGCAC-1,GARQ,D5,0,40,34,10,0.18869925,Naive B
GAGCAGAGTTTGTTGG-1,GARQ,D5,0,40,34,38,0.113371134,Neutrophils
GAGCAGATCCAGAGGA-1,GARQ,D5,0,40,34,37,0.006764531,gdT cells
GAGCAGATCTGGAGCC-1,GARQ,D5,0,40,34,27,0.041090608,Non classical monocytes
GAGGTGAAGGTGGGTT-1,GARQ,D5,0,40,34,26,0.034563422,CD8 effector
GAGGTGACATTGGTAC-1,GARQ,D5,0,40,34,24,0.05619037,T-NK-B cell doublets
GAGGTGAGTTGTTTGG-1,GARQ,D5,0,40,34,24,0.0700376,Classical monocytes
GAGTCCGAGCGAAGGG-1,GARQ,D5,0,40,34,13,0.08530831,CD56dim CD16bright NK
GAGTCCGAGCTGCAAG-1,GARQ,D5,0,40,34,17,0.060320973,MAIT-NKT cells
GAGTCCGGTGTCAATC-1,GARQ,D5,0,40,34,25,0.03104031,Non classical monocytes
GAGTCCGTCTGAAAGA-1,GARQ,D5,0,40,34,37,0.019628048,CD56dim CD16bright NK
GATCAGTAGACTAAGT-1,GARQ,D5,0,40,34,24,0.09841299,Neutrophils
GATCAGTAGATTACCC-1,GARQ,D5,0,40,34,25,0.050202012,CD4 memory
GATCAGTAGTCGATAA-1,GARQ,D5,0,40,34,13,0.04803121,CD56dim CD16bright NK
GATCAGTTCTTGTATC-1,GARQ,D5,0,40,34,24,0.02163887,NK-monocyte doublets
GATCGATAGTGTACCT-1,GARQ,D5,0,40,34,24,0.073741674,Classical monocytes
GATCGATCAAAGGTGC-1,GARQ,D5,0,40,34,24,0.0702889,Platelet-bound monocytes
GATCGATCACTTCGAA-1,GARQ,D5,0,40,34,37,0.019436002,CD56bright CD16dim NK
GATCGATGTAGAGGAA-1,GARQ,D5,0,40,34,15,0.1648264,CD56dim CD16bright NK
GATCGATTCCTAGTGA-1,GARQ,D5,0,40,34,27,0.02440238,Classical monocytes
GATCGCGAGCCCAGCT-1,GARQ,D5,0,40,34,24,0.08929038,T-NK-B cell doublets
GATCGCGAGTCAAGGC-1,GARQ,D5,0,40,34,34,0.0043497086,gdT cells
GATCGCGGTTCTGGTA-1,GARQ,D5,0,40,34,15,0.03174913,CD56dim CD16bright NK
GATCGCGTCTGCTGTC-1,GARQ,D5,0,40,34,19,0.010452986,CD4 memory
GATCGTAAGTGGAGTC-1,GARQ,D5,0,40,34,12,0.009594202,CD8 memory
GATCGTACAGATCGGA-1,GARQ,D5,0,40,34,0,0.025072098,Classical monocytes
GATCGTAGTCAGCTAT-1,GARQ,D5,0,40,34,25,0.13133872,CD4 memory
GATCGTAGTGATGATA-1,GARQ,D5,0,40,34,23,0.033246517,Proliferating T and NK cell
GATCTAGAGAGAACAG-1,GARQ,D5,0,40,34,13,0.017269313,CD56dim CD16bright NK
GATCTAGAGTTCGCAT-1,GARQ,D5,0,40,34,12,0.17208469,CD8 memory
GATGAAAAGCGATAGC-1,GARQ,D5,0,40,34,26,0.07732105,gdT cells
GATGAAAAGCTCCTCT-1,GARQ,D5,0,40,34,10,0.22584862,Naive B
GATGAAACAAGCCGCT-1,GARQ,D5,0,40,34,25,0.015922546,CD4 memory
GATGAAAGTTAAAGAC-1,GARQ,D5,0,40,34,25,0.14950871,CD4 memory
GATGAGGGTGATGTCT-1,GARQ,D5,0,40,34,24,0.10509753,Classical monocytes
GATGAGGGTTCCCGAG-1,GARQ,D5,0,40,34,6,0.04040879,CD56dim CD16bright NK
GATGCTAAGAAAGTGG-1,GARQ,D5,0,40,34,13,0.013437986,CD56dim CD16bright NK
GATGCTAAGCGATCCC-1,GARQ,D5,0,40,34,15,0.06552273,CD56dim CD16bright NK
GATGCTAAGTTTAGGA-1,GARQ,D5,0,40,34,25,0.1038115,CD8 naive
GATGCTACACCGAATT-1,GARQ,D5,0,40,34,13,0.09326434,CD56dim CD16bright NK
GATGCTACATACGCTA-1,GARQ,D5,0,40,34,6,0.07893288,CD56dim CD16bright NK
GATGCTACATGCCACG-1,GARQ,D5,0,40,34,25,0.031715274,CD4 memory
GATGCTAGTTATCGGT-1,GARQ,D5,0,40,34,16,0.08010554,CD56dim CD16bright NK
GATGCTATCAGCACAT-1,GARQ,D5,0,40,34,7,0.005076289,CD4 memory
GATGCTATCCGAGCCA-1,GARQ,D5,0,40,34,27,0.116322994,Non classical monocytes
GATTCAGCAAGCCTAT-1,GARQ,D5,0,40,34,27,0.019907355,Classical monocytes
GATTCAGCATTTCACT-1,GARQ,D5,0,40,34,19,0.024662435,MAIT-NKT cells
GATTCAGGTACAGACG-1,GARQ,D5,0,40,34,34,0.02062285,CD56bright CD16dim NK
GATTCAGTCAACGGCC-1,GARQ,D5,0,40,34,24,0.045618773,Classical monocytes
GATTCAGTCCGAACGC-1,GARQ,D5,0,40,34,24,0.08536577,Classical monocytes
GATTCAGTCGTTGCCT-1,GARQ,D5,0,40,34,3,0.039360642,gdT cells
GCAAACTAGGTAGCTG-1,GARQ,D5,0,40,34,15,0.01536715,CD56dim CD16bright NK
GCAAACTCAGAGCCAA-1,GARQ,D5,0,40,34,27,0.043355584,conventional DC
GCAAACTCATTTCAGG-1,GARQ,D5,0,40,34,37,0.02379334,CD8 memory
GCAAACTGTTGGAGGT-1,GARQ,D5,0,40,34,12,0.07459855,gdT cells
GCAAACTTCAAGCCTA-1,GARQ,D5,0,40,34,31,0.054139137,NK-T doublets
GCAAACTTCATGCAAC-1,GARQ,D5,0,40,34,6,0.12856972,CD56dim CD16bright NK
GCAATCAAGCGTTCCG-1,GARQ,D5,0,40,34,21,0.17482364,Erythroid 
GCAATCATCAACCAAC-1,GARQ,D5,0,40,34,37,0.018759608,MAIT-NKT cells
GCACATACATTACCTT-1,GARQ,D5,0,40,34,13,0.10092378,CD56dim CD16bright NK
GCACATATCAGCGACC-1,GARQ,D5,0,40,34,10,0.2351563,Naive B
GCACATATCATTATCC-1,GARQ,D5,0,40,34,24,0.05709362,Classical monocytes
GCACTCTAGGCTCTTA-1,GARQ,D5,0,40,34,25,0.16811383,CD8 naive
GCACTCTCAAGCTGTT-1,GARQ,D5,0,40,34,12,0.08991611,gdT cells
GCACTCTCACGAAAGC-1,GARQ,D5,0,40,34,24,0.04851663,Classical monocytes
GCACTCTCAGGGCATA-1,GARQ,D5,0,40,34,13,0.023068368,CD56dim CD16bright NK
GCACTCTCATCGATTG-1,GARQ,D5,0,40,34,25,0.30989003,CD4 naive II
GCACTCTCATTCGACA-1,GARQ,D5,0,40,34,25,0.006163001,CD4 memory
GCACTCTTCCCTAATT-1,GARQ,D5,0,40,34,12,0.005803466,MAIT-NKT cells
GCACTCTTCGGTTCGG-1,GARQ,D5,0,40,34,24,0.19008636,Classical monocytes
GCAGCCAAGAGTTGGC-1,GARQ,D5,0,40,34,24,0.061197758,Classical monocytes
GCAGCCAAGTTACCCA-1,GARQ,D5,0,40,34,28,0.083476365,CD4 memory
GCAGCCACAAGCCCAC-1,GARQ,D5,0,40,34,26,0.10019827,gdT cells
GCAGCCACATATGCTG-1,GARQ,D5,0,40,34,37,0.098243,CD56dim CD16bright NK
GCAGCCAGTATGCTTG-1,GARQ,D5,0,40,34,34,0.13252819,gdT cells
GCAGCCAGTCTTCTCG-1,GARQ,D5,0,40,34,25,0.042544127,CD4 naive I
GCAGCCAGTGTCGCTG-1,GARQ,D5,0,40,34,27,0.02769947,conventional DC
GCAGTTAAGCCAGAAC-1,GARQ,D5,0,40,34,12,0.07989991,NK-T doublets
GCAGTTACATCTGGTA-1,GARQ,D5,0,40,34,10,0.13971323,Memory B
GCAGTTAGTTTACTCT-1,GARQ,D5,0,40,34,34,0.03448707,CD56bright CD16dim NK
GCATACAAGAGCTGCA-1,GARQ,D5,0,40,34,15,0.036743164,CD56dim CD16bright NK
GCATACAAGATCTGAA-1,GARQ,D5,0,40,34,6,0.0070967674,CD56dim CD16bright NK
GCATACACAGACACTT-1,GARQ,D5,0,40,34,3,0.062470794,MAIT-NKT cells
GCATACAGTCCTGCTT-1,GARQ,D5,0,40,34,24,0.035291433,Classical monocytes
GCATACATCAGCATGT-1,GARQ,D5,0,40,34,25,0.2593689,CD4 naive I
GCATGATCACATCCAA-1,GARQ,D5,0,40,34,24,0.02797091,Neutrophils
GCATGATGTCCGTCAG-1,GARQ,D5,0,40,34,24,0.014582276,NK-monocyte doublets
GCATGATGTCTAGGTT-1,GARQ,D5,0,40,34,16,0.0656898,CD56dim CD16bright NK
GCATGATGTGATAAAC-1,GARQ,D5,0,40,34,25,0.061282754,CD8 naive
GCATGATTCATAACCG-1,GARQ,D5,0,40,34,27,0.0574646,NK-monocyte doublets
GCATGCGCAACGCACC-1,GARQ,D5,0,40,34,15,0.07403791,CD56dim CD16bright NK
GCATGCGCACGAGAGT-1,GARQ,D5,0,40,34,24,0.015617251,Classical monocytes
GCATGCGCAGTTTACG-1,GARQ,D5,0,40,34,34,0.028038025,CD56dim CD16bright NK
GCATGCGCATCCGCGA-1,GARQ,D5,0,40,34,0,0.107037425,T-NK-B cell doublets
GCATGCGGTATTACCG-1,GARQ,D5,0,40,34,25,0.01317966,CD4 memory
GCATGCGGTATTAGCC-1,GARQ,D5,0,40,34,24,0.11480975,Classical monocytes
GCATGCGGTCTTCTCG-1,GARQ,D5,0,40,34,10,0.21330965,Naive B
GCATGTAAGTGGTCCC-1,GARQ,D5,0,40,34,15,0.15947938,Proliferating T and NK cell
GCATGTACAAGCGTAG-1,GARQ,D5,0,40,34,24,0.042445064,Neutrophils
GCATGTATCTGTTGAG-1,GARQ,D5,0,40,34,25,0.08291161,Platelet-T cell doublets
GCCAAATCATCTACGA-1,GARQ,D5,0,40,34,25,0.13259697,CD4 naive I
GCCAAATGTTATTCTC-1,GARQ,D5,0,40,34,10,0.18466222,Naive B
GCCAAATGTTGGTTTG-1,GARQ,D5,0,40,34,37,0.12046647,MAIT-NKT cells
GCCTCTACATGTCTCC-1,GARQ,D5,0,40,34,34,0.0123310685,CD56dim CD16bright NK
GCCTCTAGTCTTCTCG-1,GARQ,D5,0,40,34,13,0.036720753,CD56dim CD16bright NK
GCGACCAAGTGAAGAG-1,GARQ,D5,0,40,34,27,0.045189977,Non classical monocytes
GCGACCAAGTGCCAGA-1,GARQ,D5,0,40,34,25,0.12964153,CD4 naive I
GCGACCACAATGGAGC-1,GARQ,D5,0,40,34,37,0.12422526,CD56dim CD16bright NK
GCGACCACACGCGAAA-1,GARQ,D5,0,40,34,12,0.12143785,CD8 effector
GCGACCAGTATAGTAG-1,GARQ,D5,0,40,34,24,0.032658577,T-NK-B cell doublets
GCGACCATCCGTTGCT-1,GARQ,D5,0,40,34,24,0.08294976,Classical monocytes
GCGACCATCGGCATCG-1,GARQ,D5,0,40,34,6,0.052675486,CD56dim CD16bright NK
GCGACCATCTGCAGTA-1,GARQ,D5,0,40,34,12,0.0054297447,NK-T doublets
GCGACCATCTTGTATC-1,GARQ,D5,0,40,34,24,0.031161666,Classical monocytes
GCGAGAACAGCGTAAG-1,GARQ,D5,0,40,34,24,0.017414093,NK-monocyte doublets
GCGAGAAGTAGGCTGA-1,GARQ,D5,0,40,34,24,0.09934473,Classical monocytes
GCGAGAAGTGCTTCTC-1,GARQ,D5,0,40,34,15,0.008243084,CD56dim CD16bright NK
GCGAGAATCACGACTA-1,GARQ,D5,0,40,34,24,0.02105987,Classical monocytes
GCGAGAATCGGGAGTA-1,GARQ,D5,0,40,34,6,0.08904004,CD56dim CD16bright NK
GCGCAACGTCCGTCAG-1,GARQ,D5,0,40,34,13,0.013713837,CD56dim CD16bright NK
GCGCAACGTCTAGGTT-1,GARQ,D5,0,40,34,28,0.020246148,MAIT-NKT cells
GCGCAGTAGGTGCACA-1,GARQ,D5,0,40,34,25,0.093964815,CD4 naive I
GCGCAGTAGTTCCACA-1,GARQ,D5,0,40,34,24,0.071332216,Classical monocytes
GCGCAGTCATATACGC-1,GARQ,D5,0,40,34,25,0.07901323,CD4 memory
GCGCAGTGTATATGGA-1,GARQ,D5,0,40,34,12,0.088321924,CD8 memory
GCGCAGTGTTTACTCT-1,GARQ,D5,0,40,34,26,0.112624645,gdT cells
GCGCAGTTCAGCATGT-1,GARQ,D5,0,40,34,10,0.46047556,Naive B
GCGCCAAAGAAACCTA-1,GARQ,D5,0,40,34,25,0.5068519,CD4 naive II
GCGCCAAAGATATGCA-1,GARQ,D5,0,40,34,12,0.12436032,MAIT-NKT cells
GCGCCAAGTCCGACGT-1,GARQ,D5,0,40,34,23,0.11327982,CD56bright CD16dim NK
GCGCCAATCACATGCA-1,GARQ,D5,0,40,34,12,0.055628598,CD8 effector
GCGCCAATCGTATCAG-1,GARQ,D5,0,40,34,24,0.055378437,Platelet-bound monocytes
GCGCGATAGCCCGAAA-1,GARQ,D5,0,40,34,10,0.28735006,Naive B
GCGCGATAGGAGTTGC-1,GARQ,D5,0,40,34,25,0.09880924,CD4 memory
GCGCGATGTATCAGTC-1,GARQ,D5,0,40,34,34,0.018034697,CD56dim CD16bright NK
GCGGGTTGTAAACCTC-1,GARQ,D5,0,40,34,27,0.06747937,Non classical monocytes
GCGGGTTGTCCATGAT-1,GARQ,D5,0,40,34,13,0.0449934,CD56dim CD16bright NK
GCGGGTTGTCGAATCT-1,GARQ,D5,0,40,34,37,0.013902426,MAIT-NKT cells
GCGGGTTGTCGCCATG-1,GARQ,D5,0,40,34,37,0.07365942,CD56dim CD16bright NK
GCGGGTTGTTTGACTG-1,GARQ,D5,0,40,34,10,0.29473734,Naive B
GCTCCTAAGTGGACGT-1,GARQ,D5,0,40,34,12,0.21314478,MAIT-NKT cells
GCTCCTACACGAGGTA-1,GARQ,D5,0,40,34,27,0.068642616,Classical monocytes
GCTCCTAGTTCTGGTA-1,GARQ,D5,0,40,34,6,0.059176803,gdT cells
GCTCCTATCGGAAATA-1,GARQ,D5,0,40,34,10,0.23750913,Naive B
GCTCCTATCTCTTGAT-1,GARQ,D5,0,40,34,23,0.14613515,CD56dim CD16bright NK
GCTCTGTAGAGTCGGT-1,GARQ,D5,0,40,34,37,0.0059849024,CD56dim CD16bright NK
GCTCTGTAGTACGTAA-1,GARQ,D5,0,40,34,23,0.020480156,CD56dim CD16bright NK
GCTCTGTCACGGCTAC-1,GARQ,D5,0,40,34,12,0.0051864386,gdT cells
GCTCTGTGTCACAAGG-1,GARQ,D5,0,40,34,12,0.01996851,MAIT-NKT cells
GCTCTGTTCTGCTGCT-1,GARQ,D5,0,40,34,38,0.03529048,Classical monocytes
GCTGCAGAGTCCCACG-1,GARQ,D5,0,40,34,12,0.16867447,CD8 memory
GCTGCAGCATACTACG-1,GARQ,D5,0,40,34,25,0.02521205,CD4 memory
GCTGCAGGTATAAACG-1,GARQ,D5,0,40,34,12,0.04453647,CD4 memory
GCTGCAGGTGGGTATG-1,GARQ,D5,0,40,34,34,0.08088255,CD56dim CD16bright NK
GCTGCGAAGAAACGAG-1,GARQ,D5,0,40,34,24,0.07888055,Classical monocytes
GCTGCGAAGCGATCCC-1,GARQ,D5,0,40,34,25,0.0751276,CD4 naive I
GCTGCGAAGTCCTCCT-1,GARQ,D5,0,40,34,37,0.07698619,CD56dim CD16bright NK
GCTGCGACAGCTGCAC-1,GARQ,D5,0,40,34,23,0.18431032,CD56dim CD16bright NK
GCTGCGAGTTGATTGC-1,GARQ,D5,0,40,34,19,0.02286005,CD4 memory
GCTGCGATCATACGGT-1,GARQ,D5,0,40,34,25,0.034064054,Regulatory T cells
GCTGCGATCGAGCCCA-1,GARQ,D5,0,40,34,16,0.010165751,CD56dim CD16bright NK
GCTGCTTGTACCGCTG-1,GARQ,D5,0,40,34,25,0.14485097,CD8 memory
GCTGCTTTCACATAGC-1,GARQ,D5,0,40,34,6,0.06344044,CD56dim CD16bright NK
GCTGCTTTCCTAGGGC-1,GARQ,D5,0,40,34,13,0.020193696,CD56dim CD16bright NK
GCTGGGTAGGATGGTC-1,GARQ,D5,0,40,34,12,0.09126228,CD8 memory
GCTGGGTAGGGCATGT-1,GARQ,D5,0,40,34,13,0.13075686,CD56dim CD16bright NK
GCTGGGTAGGTGTTAA-1,GARQ,D5,0,40,34,27,0.00011610985,conventional DC
GCTGGGTCACGCTTTC-1,GARQ,D5,0,40,34,34,0.023602724,CD56bright CD16dim NK
GCTGGGTTCAAAGTAG-1,GARQ,D5,0,40,34,34,0.03897786,CD8 effector
GCTTCCAAGGATGCGT-1,GARQ,D5,0,40,34,34,0.030446291,CD56dim CD16bright NK
GCTTCCACAAGACACG-1,GARQ,D5,0,40,34,13,0.032617748,CD56dim CD16bright NK
GCTTCCACAGATGGCA-1,GARQ,D5,0,40,34,24,0.12154734,Classical monocytes
GCTTGAACAGTTTACG-1,GARQ,D5,0,40,34,12,0.033564568,CD8 naive
GCTTGAAGTATTCTCT-1,GARQ,D5,0,40,34,25,0.0032792091,CD4 memory
GGAAAGCAGGCGACAT-1,GARQ,D5,0,40,34,26,0.20490754,gdT cells
GGAAAGCGTAAGTAGT-1,GARQ,D5,0,40,34,28,0.04212904,CD4 memory
GGAACTTCACAGTCGC-1,GARQ,D5,0,40,34,34,0.03893876,CD56dim CD16bright NK
GGAACTTCAGTTAACC-1,GARQ,D5,0,40,34,10,0.26736712,Naive B
GGAATAAAGATAGGAG-1,GARQ,D5,0,40,34,24,0.0030908585,Non classical monocytes
GGAATAACACAACGTT-1,GARQ,D5,0,40,34,12,0.104414105,gdT cells
GGAATAACACAGCGTC-1,GARQ,D5,0,40,34,12,0.023575008,NK-T doublets
GGAATAATCCCTTGTG-1,GARQ,D5,0,40,34,10,0.2123096,Memory B
GGACAAGAGCTACCTA-1,GARQ,D5,0,40,34,27,0.024852037,Neutrophils
GGACAAGGTTCTGGTA-1,GARQ,D5,0,40,34,34,0.042206645,CD56dim CD16bright NK
GGACAAGTCAAAGTAG-1,GARQ,D5,0,40,34,10,0.19249529,Naive B
GGACAAGTCAACCAAC-1,GARQ,D5,0,40,34,31,0.0034421682,MAIT-NKT cells
GGACAAGTCCAAACAC-1,GARQ,D5,0,40,34,24,0.014342189,Classical monocytes
GGACAGAAGTTAGCGG-1,GARQ,D5,0,40,34,24,0.04813385,Neutrophils
GGACAGACAAGCCGTC-1,GARQ,D5,0,40,34,12,0.14015126,CD8 effector
GGACAGACAATAAGCA-1,GARQ,D5,0,40,34,6,0.024478555,CD56dim CD16bright NK
GGACAGACACTTAAGC-1,GARQ,D5,0,40,34,38,0.11497831,Classical monocytes
GGACAGAGTAGCTTGT-1,GARQ,D5,0,40,34,25,0.111141205,CD4 memory
GGACAGATCAACACTG-1,GARQ,D5,0,40,34,23,0.13778722,CD56dim CD16bright NK
GGACAGATCATGTGGT-1,GARQ,D5,0,40,34,12,0.14945674,MAIT-NKT cells
GGACAGATCGGAAATA-1,GARQ,D5,0,40,34,25,0.25441062,CD4 naive I
GGACAGATCGGTCCGA-1,GARQ,D5,0,40,34,27,0.09059179,Non classical monocytes
GGACATTAGCCCAGCT-1,GARQ,D5,0,40,34,15,0.022844434,CD56dim CD16bright NK
GGACATTAGGACTGGT-1,GARQ,D5,0,40,34,6,0.2056508,CD8 effector
GGACATTAGTGTCCAT-1,GARQ,D5,0,40,34,27,0.04497981,conventional DC
GGACATTCAAGTTAAG-1,GARQ,D5,0,40,34,4,0.12344509,CD56dim CD16bright NK
GGACATTCACACCGAC-1,GARQ,D5,0,40,34,25,0.2474004,CD8 naive
GGACATTGTATTAGCC-1,GARQ,D5,0,40,34,23,0.13827729,CD56dim CD16bright NK
GGACATTGTTACAGAA-1,GARQ,D5,0,40,34,13,0.089939356,CD56dim CD16bright NK
GGACATTTCATGCAAC-1,GARQ,D5,0,40,34,34,0.10825634,CD56bright CD16dim NK
GGACGTCGTAGGCTGA-1,GARQ,D5,0,40,34,12,0.02165401,CD4 and CD8 activated memory
GGACGTCGTTAGTGGG-1,GARQ,D5,0,40,34,27,0.015090942,conventional DC
GGACGTCTCAGAGCTT-1,GARQ,D5,0,40,34,24,0.16440237,Platelet-bound monocytes
GGACGTCTCCCTAATT-1,GARQ,D5,0,40,34,24,0.0016415119,Classical monocytes
GGACGTCTCTGATACG-1,GARQ,D5,0,40,34,25,0.0068029165,CD4 naive I
GGACGTCTCTTAGAGC-1,GARQ,D5,0,40,34,24,0.05216652,Platelets
GGAGCAAAGCCCGAAA-1,GARQ,D5,0,40,34,2,0.018796563,CD56dim CD16bright NK
GGAGCAACAGACGCTC-1,GARQ,D5,0,40,34,12,0.12336671,CD8 effector
GGAGCAAGTGCAACGA-1,GARQ,D5,0,40,34,6,0.07865405,CD56dim CD16bright NK
GGAGCAATCCCATTTA-1,GARQ,D5,0,40,34,13,0.0466578,CD56dim CD16bright NK
GGAGCAATCCCTCAGT-1,GARQ,D5,0,40,34,25,0.2738812,CD4 naive I
GGATGTTAGTACGCCC-1,GARQ,D5,0,40,34,25,0.1639694,CD4 naive I
GGATGTTAGTGCAAGC-1,GARQ,D5,0,40,34,24,0.067024946,Classical monocytes
GGATTACGTAGAAAGG-1,GARQ,D5,0,40,34,15,0.109149456,CD56dim CD16bright NK
GGATTACTCTACGAGT-1,GARQ,D5,0,40,34,34,0.035721183,CD56dim CD16bright NK
GGCAATTCACTGTTAG-1,GARQ,D5,0,40,34,25,0.16582227,CD8 naive
GGCAATTGTAGGGACT-1,GARQ,D5,0,40,34,34,0.027449012,CD56dim CD16bright NK
GGCAATTGTATTCGTG-1,GARQ,D5,0,40,34,6,0.04548216,CD56dim CD16bright NK
GGCAATTTCAGTGTTG-1,GARQ,D5,0,40,34,24,0.052053213,Classical monocytes
GGCCGATAGGCGTACA-1,GARQ,D5,0,40,34,34,0.010146618,CD56dim CD16bright NK
GGCCGATAGGTGCACA-1,GARQ,D5,0,40,34,6,0.22304475,CD56bright CD16dim NK
GGCCGATAGGTGGGTT-1,GARQ,D5,0,40,34,13,0.018265367,CD56dim CD16bright NK
GGCCGATCAAGGCTCC-1,GARQ,D5,0,40,34,2,0.0038761497,CD56dim CD16bright NK
GGCCGATTCAGTTTGG-1,GARQ,D5,0,40,34,25,0.1428622,CD8 naive
GGCCGATTCCTATTCA-1,GARQ,D5,0,40,34,31,0.037698746,MAIT-NKT cells
GGCGACTAGACCTTTG-1,GARQ,D5,0,40,34,12,0.043715,CD8 memory
GGCGACTAGGCATGTG-1,GARQ,D5,0,40,34,12,0.09027684,NK-T doublets
GGCGACTCAAGCGTAG-1,GARQ,D5,0,40,34,25,0.22858417,CD4 memory
GGCGACTGTAGCTTGT-1,GARQ,D5,0,40,34,37,0.025889814,CD56dim CD16bright NK
GGCGACTGTGATGTGG-1,GARQ,D5,0,40,34,27,0.028371692,Classical monocytes
GGCGACTTCTACTTAC-1,GARQ,D5,0,40,34,30,0.029783487,CD4 memory
GGCGTGTAGGCGACAT-1,GARQ,D5,0,40,34,37,0.04591006,Proliferating T and NK cell
GGCGTGTCAAGCCGCT-1,GARQ,D5,0,40,34,10,0.1386525,Memory B
GGCGTGTGTCCATCCT-1,GARQ,D5,0,40,34,8,0.015795052,Memory B
GGCGTGTTCATGTCTT-1,GARQ,D5,0,40,34,13,0.006201327,CD56dim CD16bright NK
GGCGTGTTCCTTGGTC-1,GARQ,D5,0,40,34,25,0.10769379,CD4 memory
GGCTCGAAGATATACG-1,GARQ,D5,0,40,34,24,0.003109932,Non classical monocytes
GGCTCGATCCGTAGGC-1,GARQ,D5,0,40,34,34,0.027652144,CD8 effector
GGCTGGTAGCGTTTAC-1,GARQ,D5,0,40,34,5,0.06725687,CD8 effector
GGCTGGTAGGTGTGGT-1,GARQ,D5,0,40,34,23,0.024012685,CD56dim CD16bright NK
GGGAATGAGGAGCGTT-1,GARQ,D5,0,40,34,24,0.031952262,Classical monocytes
GGGAATGAGTTGTCGT-1,GARQ,D5,0,40,34,25,0.10089493,CD4 memory
GGGAATGCACGGTGTC-1,GARQ,D5,0,40,34,25,0.19486403,CD8 naive
GGGAATGCAGGGTACA-1,GARQ,D5,0,40,34,13,0.013628423,Platelets
GGGAATGTCCCAAGTA-1,GARQ,D5,0,40,34,10,0.45095813,Naive B
GGGACCTAGCTAGTTC-1,GARQ,D5,0,40,34,34,0.054252863,CD56dim CD16bright NK
GGGACCTTCATTGCGA-1,GARQ,D5,0,40,34,15,0.00475502,CD56dim CD16bright NK
GGGACCTTCTGGCGTG-1,GARQ,D5,0,40,34,25,0.22520542,CD4 naive I
GGGAGATCAAGAGGCT-1,GARQ,D5,0,40,34,31,0.039075136,MAIT-NKT cells
GGGAGATCAATAAGCA-1,GARQ,D5,0,40,34,12,0.18976068,CD8 effector
GGGAGATGTGATGTCT-1,GARQ,D5,0,40,34,10,0.38772345,Naive B
GGGAGATTCAGTTTGG-1,GARQ,D5,0,40,34,10,0.41739893,Memory B
GGGATGAAGCCTTGAT-1,GARQ,D5,0,40,34,23,0.042836666,CD56dim CD16bright NK
GGGATGAAGTGATCGG-1,GARQ,D5,0,40,34,23,0.09718847,CD56dim CD16bright NK
GGGATGACAGACTCGC-1,GARQ,D5,0,40,34,25,0.0669539,CD4 memory
GGGATGACATGCAATC-1,GARQ,D5,0,40,34,27,0.0011119843,Classical monocytes
GGGATGAGTCCGAATT-1,GARQ,D5,0,40,34,25,0.14908075,CD8 memory
GGGATGATCATAACCG-1,GARQ,D5,0,40,34,10,0.39687896,Naive B
GGGATGATCCGCATAA-1,GARQ,D5,0,40,34,12,0.06222582,CD8 effector
GGGCACTAGACTAAGT-1,GARQ,D5,0,40,34,25,0.1752789,CD4 naive I
GGGCACTAGTATCTCG-1,GARQ,D5,0,40,34,6,0.10324669,CD56dim CD16bright NK
GGGCACTCAGTTTACG-1,GARQ,D5,0,40,34,25,0.09161687,CD4 memory
GGGCACTCATTTCACT-1,GARQ,D5,0,40,34,13,0.05404961,CD56dim CD16bright NK
GGGCACTGTACCGTAT-1,GARQ,D5,0,40,34,37,0.024163127,MAIT-NKT cells
GGGCACTGTCAATGTC-1,GARQ,D5,0,40,34,25,0.13558757,CD4 memory
GGGCACTGTCTTGTCC-1,GARQ,D5,0,40,34,3,0.00781846,gdT cells
GGGCATCAGGCCCGTT-1,GARQ,D5,0,40,34,37,0.040099382,CD56dim CD16bright NK
GGGCATCCAAGAGGCT-1,GARQ,D5,0,40,34,6,0.06642085,CD56dim CD16bright NK
GGGCATCCACTCGACG-1,GARQ,D5,0,40,34,24,0.14114547,Classical monocytes
GGGCATCCAGGTTTCA-1,GARQ,D5,0,40,34,25,0.022722363,CD8 memory
GGGCATCGTACTTCTT-1,GARQ,D5,0,40,34,37,0.03914386,CD56dim CD16bright NK
GGGCATCTCGTCGTTC-1,GARQ,D5,0,40,34,25,0.12939715,CD4 memory
GGGTCTGAGGCTCATT-1,GARQ,D5,0,40,34,26,0.16262591,CD56dim CD16bright NK
GGGTCTGGTACCGGCT-1,GARQ,D5,0,40,34,27,0.013429403,NK-monocyte doublets
GGGTCTGTCCACTCCA-1,GARQ,D5,0,40,34,24,0.09652996,Classical monocytes
GGGTTGCCACATTCGA-1,GARQ,D5,0,40,34,21,0.086119175,Erythroid 
GGGTTGCCATGGGACA-1,GARQ,D5,0,40,34,13,0.021760702,CD56dim CD16bright NK
GGGTTGCTCTGGTATG-1,GARQ,D5,0,40,34,10,0.13301313,Memory B
GGTATTGAGGAGCGTT-1,GARQ,D5,0,40,34,37,0.03296542,CD56dim CD16bright NK
GGTATTGCAAGGGTCA-1,GARQ,D5,0,40,34,23,0.041918874,CD56dim CD16bright NK
GGTATTGCAGAGTGTG-1,GARQ,D5,0,40,34,24,0.074421406,Classical monocytes
GGTATTGGTATCGCAT-1,GARQ,D5,0,40,34,24,0.14178991,Platelet-bound monocytes
GGTATTGGTTGGTGGA-1,GARQ,D5,0,40,34,25,0.045913577,CD4 naive I
GGTATTGTCCATGAGT-1,GARQ,D5,0,40,34,13,0.00091439486,CD56dim CD16bright NK
GGTATTGTCCGTTGCT-1,GARQ,D5,0,40,34,6,0.036245584,CD8 effector
GGTATTGTCGTACGGC-1,GARQ,D5,0,40,34,24,0.015849113,Neutrophils
GGTGAAGAGACTCGGA-1,GARQ,D5,0,40,34,6,0.0811193,CD8 effector
GGTGAAGAGTGAATTG-1,GARQ,D5,0,40,34,39,0.03813362,T-NK-B cell doublets
GGTGAAGCACGAGAGT-1,GARQ,D5,0,40,34,12,0.05975449,MAIT-NKT cells
GGTGAAGGTCCGAACC-1,GARQ,D5,0,40,34,27,0.13876724,Non classical monocytes
GGTGCGTAGGTAAACT-1,GARQ,D5,0,40,34,23,0.18692517,CD56dim CD16bright NK
GGTGCGTGTCAGAAGC-1,GARQ,D5,0,40,34,34,0.060161114,CD56bright CD16dim NK
GGTGCGTGTTACTGAC-1,GARQ,D5,0,40,34,37,0.043299317,CD8 memory
GGTGTTAAGTGTTGAA-1,GARQ,D5,0,40,34,3,0.07877439,MAIT-NKT cells
GGTGTTACAGTGGGAT-1,GARQ,D5,0,40,34,11,0.033925176,T-NK-B cell doublets
GGTGTTACAGTTCATG-1,GARQ,D5,0,40,34,34,0.009594917,CD56dim CD16bright NK
GGTGTTAGTCTGCAAT-1,GARQ,D5,0,40,34,6,0.028915644,CD56dim CD16bright NK
GGTGTTAGTTTGTGTG-1,GARQ,D5,0,40,34,25,0.3028531,CD4 naive I
GGTGTTATCCATGAAC-1,GARQ,D5,0,40,34,16,0.034668803,CD56dim CD16bright NK
GGTGTTATCTCCAACC-1,GARQ,D5,0,40,34,12,0.0736084,NK-T doublets
GGTGTTATCTCGTATT-1,GARQ,D5,0,40,34,24,0.031724453,Classical monocytes
GTAACGTAGCGTAATA-1,GARQ,D5,0,40,34,13,0.16598988,CD56dim CD16bright NK
GTAACGTAGTGTTAGA-1,GARQ,D5,0,40,34,25,0.12906206,CD4 memory
GTAACGTTCAAGAAGT-1,GARQ,D5,0,40,34,6,0.045646906,CD56dim CD16bright NK
GTACGTACACCACGTG-1,GARQ,D5,0,40,34,10,0.03564799,Naive B
GTACGTACATTGGTAC-1,GARQ,D5,0,40,34,6,0.051298738,CD8 effector
GTACGTAGTTATCACG-1,GARQ,D5,0,40,34,13,0.0014715195,CD56dim CD16bright NK
GTACGTAGTTGGACCC-1,GARQ,D5,0,40,34,26,0.07477772,CD8 effector
GTACTCCAGTCCCACG-1,GARQ,D5,0,40,34,13,0.024418056,NK-T doublets
GTACTCCAGTGCTGCC-1,GARQ,D5,0,40,34,25,0.001054287,CD4 memory
GTACTCCGTAGCGCTC-1,GARQ,D5,0,40,34,13,0.01828742,CD56dim CD16bright NK
GTACTCCTCTAGAGTC-1,GARQ,D5,0,40,34,24,0.02403593,Platelets
GTACTCCTCTTGCCGT-1,GARQ,D5,0,40,34,12,0.023226917,CD8 effector
GTACTTTAGCTGGAAC-1,GARQ,D5,0,40,34,38,0.039071023,NK-monocyte doublets
GTACTTTCACAAGACG-1,GARQ,D5,0,40,34,21,0.078713655,CD4 memory
GTACTTTTCCTGCCAT-1,GARQ,D5,0,40,34,37,0.00855124,CD56dim CD16bright NK
GTAGGCCCAATCGAAA-1,GARQ,D5,0,40,34,38,0.06447375,Neutrophils
GTAGGCCCACAACGCC-1,GARQ,D5,0,40,34,23,0.26627886,CD56dim CD16bright NK
GTAGGCCCACGAAAGC-1,GARQ,D5,0,40,34,25,0.02784741,CD4 naive I
GTAGGCCCATTACCTT-1,GARQ,D5,0,40,34,6,0.22232956,gdT cells
GTAGGCCGTGCAGACA-1,GARQ,D5,0,40,34,10,0.04808891,T-NK-B cell doublets
GTAGGCCGTTCGCTAA-1,GARQ,D5,0,40,34,12,0.0042454004,CD8 effector
GTAGGCCGTTGTCGCG-1,GARQ,D5,0,40,34,24,0.0404377,Platelet-bound monocytes
GTAGGCCTCCAGTAGT-1,GARQ,D5,0,40,34,24,0.024501204,Neutrophils
GTAGGCCTCGGAGCAA-1,GARQ,D5,0,40,34,25,0.19044316,CD8 naive
GTAGTCACAAACGCGA-1,GARQ,D5,0,40,34,13,0.0132831335,CD56dim CD16bright NK
GTAGTCACACAACGCC-1,GARQ,D5,0,40,34,23,0.012879193,CD56dim CD16bright NK
GTAGTCAGTATGAAAC-1,GARQ,D5,0,40,34,31,0.0113450885,CD8 effector
GTAGTCATCGTGACAT-1,GARQ,D5,0,40,34,25,0.08782601,CD4 memory
GTATCTTAGACGCTTT-1,GARQ,D5,0,40,34,13,0.042679667,CD56dim CD16bright NK
GTATCTTAGGGCATGT-1,GARQ,D5,0,40,34,25,0.11447716,CD4 naive I
GTATCTTTCCCGGATG-1,GARQ,D5,0,40,34,24,0.036362648,T-NK-B cell doublets
GTATTCTAGAGCAATT-1,GARQ,D5,0,40,34,10,0.2622987,Naive B
GTCAAGTAGTTGAGTA-1,GARQ,D5,0,40,34,15,0.055356562,CD56dim CD16bright NK
GTCAAGTCACTGTTAG-1,GARQ,D5,0,40,34,12,0.031577826,CD8 memory
GTCAAGTGTGAGGCTA-1,GARQ,D5,0,40,34,27,0.03101629,NK-monocyte doublets
GTCACAAAGGTGCACA-1,GARQ,D5,0,40,34,6,0.032848716,CD56dim CD16bright NK
GTCACAACATTGGGCC-1,GARQ,D5,0,40,34,10,0.043744087,Naive B
GTCACAAGTTAAGATG-1,GARQ,D5,0,40,34,34,0.0134902,CD56dim CD16bright NK
GTCACGGGTAAGGGCT-1,GARQ,D5,0,40,34,37,0.0026144385,CD56dim CD16bright NK
GTCACGGTCTGCGTAA-1,GARQ,D5,0,40,34,15,0.0007908344,CD56dim CD16bright NK
GTCATTTCAATCTACG-1,GARQ,D5,0,40,34,25,0.18787313,CD4 memory
GTCATTTGTAAGAGAG-1,GARQ,D5,0,40,34,27,0.05039656,Classical monocytes
GTCATTTGTCAGAGGT-1,GARQ,D5,0,40,34,27,0.07929152,Non classical monocytes
GTCCTCAAGAAGGCCT-1,GARQ,D5,0,40,34,12,0.038252354,gdT cells
GTCCTCAAGACCGGAT-1,GARQ,D5,0,40,34,25,0.14874625,CD8 naive
GTCCTCAGTTACGACT-1,GARQ,D5,0,40,34,3,0.07708013,MAIT-NKT cells
GTCGGGTCAACTGCGC-1,GARQ,D5,0,40,34,10,0.25386262,Naive B
GTCGGGTTCTACTATC-1,GARQ,D5,0,40,34,24,0.020678282,Non classical monocytes
GTCGGGTTCTGCCAGG-1,GARQ,D5,0,40,34,25,0.1616025,Regulatory T cells
GTCGTAAGTAGCCTAT-1,GARQ,D5,0,40,34,24,0.066040754,Classical monocytes
GTCGTAATCCACTGGG-1,GARQ,D5,0,40,34,10,0.41504717,Naive B
GTCGTAATCGTTGACA-1,GARQ,D5,0,40,34,24,0.049474955,Classical monocytes
GTCGTAATCTGCCCTA-1,GARQ,D5,0,40,34,12,0.01957941,gdT cells
GTCTCGTAGAAACGAG-1,GARQ,D5,0,40,34,37,0.06915593,Proliferating T and NK cell
GTCTCGTAGGCTAGAC-1,GARQ,D5,0,40,34,25,0.2637055,CD4 memory
GTCTCGTGTCTGATTG-1,GARQ,D5,0,40,34,24,0.10366738,Classical monocytes
GTCTTCGAGAAAGTGG-1,GARQ,D5,0,40,34,34,0.09114623,CD56dim CD16bright NK
GTCTTCGAGCCAACAG-1,GARQ,D5,0,40,34,24,0.010276437,Classical monocytes
GTCTTCGAGGCGTACA-1,GARQ,D5,0,40,34,23,0.053414464,CD56dim CD16bright NK
GTCTTCGCAAACAACA-1,GARQ,D5,0,40,34,37,0.00041985512,CD56dim CD16bright NK
GTCTTCGCAGACACTT-1,GARQ,D5,0,40,34,3,0.024384499,MAIT-NKT cells
GTCTTCGGTCTGCAAT-1,GARQ,D5,0,40,34,26,0.07216716,gdT cells
GTCTTCGTCGAATCCA-1,GARQ,D5,0,40,34,6,0.06802964,T-NK-B cell doublets
GTGAAGGAGACAGACC-1,GARQ,D5,0,40,34,25,0.29010952,CD8 naive
GTGAAGGCACAAGACG-1,GARQ,D5,0,40,34,27,0.043884993,Non classical monocytes
GTGAAGGCACTTCTGC-1,GARQ,D5,0,40,34,10,0.131333,Memory B
GTGAAGGGTATAGTAG-1,GARQ,D5,0,40,34,34,0.026739717,CD56dim CD16bright NK
GTGAAGGGTTTGTGTG-1,GARQ,D5,0,40,34,25,0.3518796,CD4 naive I
GTGAAGGTCGAATGCT-1,GARQ,D5,0,40,34,27,0.0062828064,Classical monocytes
GTGAAGGTCGTGGACC-1,GARQ,D5,0,40,34,34,0.007100761,CD56bright CD16dim NK
GTGCAGCAGCTAGGCA-1,GARQ,D5,0,40,34,24,0.06285834,Neutrophils
GTGCAGCAGTGCCATT-1,GARQ,D5,0,40,34,34,0.05385834,CD56dim CD16bright NK
GTGCAGCCACAACGTT-1,GARQ,D5,0,40,34,26,0.00609076,CD8 effector
GTGCAGCCAGGGTATG-1,GARQ,D5,0,40,34,27,0.06929129,plasmacytoid DC
GTGCAGCGTCTCTTTA-1,GARQ,D5,0,40,34,25,0.046827078,CD4 memory
GTGCAGCGTTTGTTGG-1,GARQ,D5,0,40,34,25,0.17425656,CD4 naive I
GTGCATAAGAACAACT-1,GARQ,D5,0,40,34,37,0.06155455,CD56dim CD16bright NK
GTGCATAAGCCGATTT-1,GARQ,D5,0,40,34,12,0.12622201,NK-T doublets
GTGCATAAGGGTCTCC-1,GARQ,D5,0,40,34,13,0.0019785762,CD56dim CD16bright NK
GTGCATAGTATTCTCT-1,GARQ,D5,0,40,34,26,0.07501584,CD8 effector
GTGCATATCACTGGGC-1,GARQ,D5,0,40,34,10,0.23978502,Naive B
GTGCATATCCCTTGTG-1,GARQ,D5,0,40,34,27,0.03491068,Non classical monocytes
GTGCGGTAGTAGCGGT-1,GARQ,D5,0,40,34,25,0.2719165,CD4 naive I
GTGCGGTTCAGCTCGG-1,GARQ,D5,0,40,34,25,0.13806689,CD4 naive I
GTGCGGTTCGCGTAGC-1,GARQ,D5,0,40,34,24,0.03732562,Non classical monocytes
GTGCGGTTCTACTTAC-1,GARQ,D5,0,40,34,25,0.073654294,CD4 memory
GTGCTTCTCCATGCTC-1,GARQ,D5,0,40,34,30,0.037578106,NK-T doublets
GTGCTTCTCGCATGGC-1,GARQ,D5,0,40,34,24,0.018058896,Neutrophils
GTGGGTCAGTACGACG-1,GARQ,D5,0,40,34,25,0.25856638,CD8 naive
GTGGGTCCACAGTCGC-1,GARQ,D5,0,40,34,39,0.05919659,T-NK-B cell doublets
GTGGGTCTCACTTACT-1,GARQ,D5,0,40,34,6,0.050454557,CD8 effector
GTGGGTCTCTTCGAGA-1,GARQ,D5,0,40,34,24,0.031170487,conventional DC
GTGTGCGGTGACGCCT-1,GARQ,D5,0,40,34,25,0.009390235,CD4 naive I
GTGTTAGAGTGCGATG-1,GARQ,D5,0,40,34,24,0.17291021,Classical monocytes
GTGTTAGCAATGGAGC-1,GARQ,D5,0,40,34,25,0.07864547,CD4 naive I
GTGTTAGGTAAACGCG-1,GARQ,D5,0,40,34,24,0.087568164,Classical monocytes
GTGTTAGTCTCCCTGA-1,GARQ,D5,0,40,34,10,0.12840223,Memory B
GTTAAGCAGATGAGAG-1,GARQ,D5,0,40,34,24,0.029376388,Classical monocytes
GTTAAGCAGCGATTCT-1,GARQ,D5,0,40,34,27,0.12070656,Non classical monocytes
GTTAAGCAGCGTAATA-1,GARQ,D5,0,40,34,37,0.005453348,CD56dim CD16bright NK
GTTAAGCGTAAGTGTA-1,GARQ,D5,0,40,34,25,0.18602586,CD8 naive
GTTAAGCGTACTCAAC-1,GARQ,D5,0,40,34,16,0.012340367,CD56dim CD16bright NK
GTTACAGAGAGGGATA-1,GARQ,D5,0,40,34,37,0.10141873,CD56dim CD16bright NK
GTTACAGAGCCCAGCT-1,GARQ,D5,0,40,34,35,0.031947374,CD8 effector
GTTACAGAGTGGGTTG-1,GARQ,D5,0,40,34,10,0.40780747,Naive B
GTTACAGCACATCCAA-1,GARQ,D5,0,40,34,27,0.0035738945,conventional DC
GTTACAGCACTGTCGG-1,GARQ,D5,0,40,34,36,0.12351,Non classical monocytes
GTTACAGCAGTTCATG-1,GARQ,D5,0,40,34,6,0.12837398,CD8 effector
GTTACAGTCTGTTTGT-1,GARQ,D5,0,40,34,7,0.037495613,CD4 memory
GTTCATTAGATCTGCT-1,GARQ,D5,0,40,34,27,0.030328512,conventional DC
GTTCATTAGTATTGGA-1,GARQ,D5,0,40,34,34,0.040364742,CD56dim CD16bright NK
GTTCATTCATTAACCG-1,GARQ,D5,0,40,34,13,0.024233341,CD56dim CD16bright NK
GTTCATTTCCAGGGCT-1,GARQ,D5,0,40,34,27,0.02207923,Classical monocytes
GTTCGGGTCACCCGAG-1,GARQ,D5,0,40,34,6,0.12557274,MAIT-NKT cells
GTTCGGGTCTGTCTAT-1,GARQ,D5,0,40,34,37,0.019547582,CD56bright CD16dim NK
GTTCTCGAGCAGACTG-1,GARQ,D5,0,40,34,27,0.048038363,Classical monocytes
GTTCTCGCACCAACCG-1,GARQ,D5,0,40,34,24,0.0947361,Classical monocytes
GTTCTCGGTACCAGTT-1,GARQ,D5,0,40,34,10,0.14817846,T-NK-B cell doublets
GTTCTCGGTGACTCAT-1,GARQ,D5,0,40,34,25,0.26543427,CD8 naive
GTTCTCGTCAACGGGA-1,GARQ,D5,0,40,34,27,0.095667005,Non classical monocytes
GTTCTCGTCAATAAGG-1,GARQ,D5,0,40,34,34,0.04266882,CD56dim CD16bright NK
GTTCTCGTCCAAATGC-1,GARQ,D5,0,40,34,6,0.115880966,CD56dim CD16bright NK
GTTTCTAAGAGCTATA-1,GARQ,D5,0,40,34,25,0.07094383,CD8 naive
GTTTCTAAGAGGTTAT-1,GARQ,D5,0,40,34,34,0.024565458,Proliferating T and NK cell
GTTTCTAGTAAGGGAA-1,GARQ,D5,0,40,34,23,0.03949058,CD56dim CD16bright NK
GTTTCTATCGTGGACC-1,GARQ,D5,0,40,34,25,0.14843488,CD4 memory
TAAACCGGTAAACACA-1,GARQ,D5,0,40,34,24,0.047214985,Classical monocytes
TAAACCGGTAGAAGGA-1,GARQ,D5,0,40,34,27,0.10081577,Non classical monocytes
TAAACCGGTAGGGTAC-1,GARQ,D5,0,40,34,37,0.008063555,CD8 effector
TAAACCGGTATGGTTC-1,GARQ,D5,0,40,34,37,0.15546417,CD56dim CD16bright NK
TAAACCGGTCCGAGTC-1,GARQ,D5,0,40,34,27,0.07994878,Non classical monocytes
TAAACCGTCGATGAGG-1,GARQ,D5,0,40,34,15,0.08429003,CD56dim CD16bright NK
TAAGAGACATTGCGGC-1,GARQ,D5,0,40,34,25,0.15765703,CD4 naive I
TAAGAGAGTCTAAACC-1,GARQ,D5,0,40,34,25,0.021648169,CD4 memory
TAAGAGATCCGTTGCT-1,GARQ,D5,0,40,34,25,0.1757778,CD4 memory
TAAGAGATCGAGAGCA-1,GARQ,D5,0,40,34,21,0.18111253,Erythroid 
TAAGCGTAGATCTGAA-1,GARQ,D5,0,40,34,25,0.00975275,CD4 memory
TAAGCGTGTCTTCGTC-1,GARQ,D5,0,40,34,38,0.0038431883,Neutrophils
TAAGCGTTCTGGTGTA-1,GARQ,D5,0,40,34,24,0.087717414,Platelet-bound monocytes
TAAGTGCCAAAGGCGT-1,GARQ,D5,0,40,34,16,0.06612897,CD56dim CD16bright NK
TAAGTGCCATAGACTC-1,GARQ,D5,0,40,34,12,0.0037965775,gdT cells
TAAGTGCGTACCTACA-1,GARQ,D5,0,40,34,10,0.17068571,Naive B
TAAGTGCGTCTGCAAT-1,GARQ,D5,0,40,34,25,0.009820223,CD8 naive
TAAGTGCTCAGCAACT-1,GARQ,D5,0,40,34,27,0.011804104,Classical monocytes
TACACGAAGATCCTGT-1,GARQ,D5,0,40,34,27,0.006747842,Classical monocytes
TACACGAAGTTAGGTA-1,GARQ,D5,0,40,34,12,0.12946022,MAIT-NKT cells
TACAGTGAGACTTGAA-1,GARQ,D5,0,40,34,25,0.1473074,CD8 naive
TACAGTGCAAGCGAGT-1,GARQ,D5,0,40,34,25,0.103075504,CD4 naive II
TACAGTGCAATGGACG-1,GARQ,D5,0,40,34,31,0.049632907,CD4 and CD8 activated memory
TACAGTGCACGAAAGC-1,GARQ,D5,0,40,34,24,0.019652367,Classical monocytes
TACAGTGCATCGACGC-1,GARQ,D5,0,40,34,3,0.011158466,MAIT-NKT cells
TACAGTGGTAGATTAG-1,GARQ,D5,0,40,34,6,0.1309644,CD56dim CD16bright NK
TACAGTGGTATATGGA-1,GARQ,D5,0,40,34,6,0.015235245,CD56dim CD16bright NK
TACAGTGGTTTCGCTC-1,GARQ,D5,0,40,34,10,0.46122074,Memory B
TACCTATAGACAAGCC-1,GARQ,D5,0,40,34,24,0.08671379,Classical monocytes
TACCTATAGCATCATC-1,GARQ,D5,0,40,34,10,0.29557538,Naive B
TACCTATAGCATGGCA-1,GARQ,D5,0,40,34,15,0.0053852797,CD56dim CD16bright NK
TACCTATCAATAGCAA-1,GARQ,D5,0,40,34,24,0.10400653,Classical monocytes
TACCTATGTTAGAACA-1,GARQ,D5,0,40,34,24,0.08318353,Classical monocytes
TACCTATGTTAGTGGG-1,GARQ,D5,0,40,34,10,0.28398836,Memory B
TACCTATTCGTGGACC-1,GARQ,D5,0,40,34,27,0.05017543,Neutrophils
TACCTATTCTTAACCT-1,GARQ,D5,0,40,34,38,0.020382524,Classical monocytes
TACCTTAAGATAGCAT-1,GARQ,D5,0,40,34,12,0.17232394,CD4 memory
TACCTTAAGCACGCCT-1,GARQ,D5,0,40,34,24,0.015009284,Classical monocytes
TACCTTACAACACCCG-1,GARQ,D5,0,40,34,16,0.06199932,CD56dim CD16bright NK
TACGGATAGTCCAGGA-1,GARQ,D5,0,40,34,15,0.20234823,CD56dim CD16bright NK
TACGGATGTACAGCAG-1,GARQ,D5,0,40,34,37,0.047219574,CD56bright CD16dim NK
TACGGATGTCTCCACT-1,GARQ,D5,0,40,34,25,0.22905421,CD4 naive I
TACGGATGTGTGCCTG-1,GARQ,D5,0,40,34,27,0.03952229,NK-monocyte doublets
TACGGATGTGTGGCTC-1,GARQ,D5,0,40,34,10,0.19294024,Naive B
TACGGATTCTAACTCT-1,GARQ,D5,0,40,34,38,0.09136224,Classical monocytes
TACGGGCAGGAGTCTG-1,GARQ,D5,0,40,34,39,0.06956673,Memory B
TACGGGCCACTATCTT-1,GARQ,D5,0,40,34,10,0.30874598,Naive B
TACGGGCGTCACACGC-1,GARQ,D5,0,40,34,15,0.21697998,CD56dim CD16bright NK
TACGGGCGTTGTTTGG-1,GARQ,D5,0,40,34,12,0.16068673,CD8 effector
TACGGTAAGGCTATCT-1,GARQ,D5,0,40,34,24,0.008392811,Classical monocytes
TACGGTAAGGCTCTTA-1,GARQ,D5,0,40,34,27,0.117126584,Non classical monocytes
TACGGTAAGGGTCTCC-1,GARQ,D5,0,40,34,12,0.031796694,CD8 memory
TACGGTATCGTCTGAA-1,GARQ,D5,0,40,34,7,0.042100906,CD4 memory
TACTCATAGGAGCGAG-1,GARQ,D5,0,40,34,25,0.0007927418,CD4 naive I
TACTCGCAGTGCCATT-1,GARQ,D5,0,40,34,10,0.1647098,Naive B
TACTCGCAGTGGGCTA-1,GARQ,D5,0,40,34,13,0.044586957,CD56dim CD16bright NK
TACTCGCCAATCCAAC-1,GARQ,D5,0,40,34,0,0.04102558,T-NK-B cell doublets
TACTCGCCACGGTAGA-1,GARQ,D5,0,40,34,25,0.081035376,CD4 naive I
TACTCGCCAGCAGTTT-1,GARQ,D5,0,40,34,13,0.049524546,CD56dim CD16bright NK
TACTTACAGCCCAATT-1,GARQ,D5,0,40,34,6,0.004408717,CD56dim CD16bright NK
TACTTACAGCGAAGGG-1,GARQ,D5,0,40,34,37,0.10516274,MAIT-NKT cells
TACTTACCAAGTAATG-1,GARQ,D5,0,40,34,23,0.0714401,CD56dim CD16bright NK
TACTTACGTGGGTATG-1,GARQ,D5,0,40,34,24,0.11342859,Classical monocytes
TACTTACGTTGTACAC-1,GARQ,D5,0,40,34,13,0.062953174,CD56bright CD16dim NK
TACTTGTAGCTTCGCG-1,GARQ,D5,0,40,34,25,0.008071423,CD4 memory
TACTTGTCAAGTACCT-1,GARQ,D5,0,40,34,13,0.073533535,CD56dim CD16bright NK
TACTTGTCACACATGT-1,GARQ,D5,0,40,34,24,0.025197983,Classical monocytes
TACTTGTCAGACAAAT-1,GARQ,D5,0,40,34,27,0.13366997,Non classical monocytes
TACTTGTCAGGAACGT-1,GARQ,D5,0,40,34,6,0.032651424,CD56dim CD16bright NK
TACTTGTGTCAGAGGT-1,GARQ,D5,0,40,34,24,0.049684048,Neutrophils
TACTTGTGTCCAGTTA-1,GARQ,D5,0,40,34,6,0.046342134,CD8 memory
TAGACCAAGGGCTTCC-1,GARQ,D5,0,40,34,3,0.051547825,CD8 memory
TAGACCATCTACCTGC-1,GARQ,D5,0,40,34,10,0.4268304,Naive B
TAGAGCTAGCGCTTAT-1,GARQ,D5,0,40,34,2,0.006762147,CD56dim CD16bright NK
TAGAGCTAGTATCGAA-1,GARQ,D5,0,40,34,7,0.13629735,CD4 memory
TAGAGCTCAAGCCCAC-1,GARQ,D5,0,40,34,25,0.042030334,Regulatory T cells
TAGAGCTGTCGCTTTC-1,GARQ,D5,0,40,34,27,0.0018908978,Classical monocytes
TAGAGCTGTCTAAACC-1,GARQ,D5,0,40,34,38,0.0571599,Platelets
TAGAGCTGTCTAGAGG-1,GARQ,D5,0,40,34,38,0.0068101883,Classical monocytes
TAGAGCTGTCTCTTTA-1,GARQ,D5,0,40,34,27,0.039346695,Non classical monocytes
TAGAGCTGTTCAGACT-1,GARQ,D5,0,40,34,13,0.0975492,CD56dim CD16bright NK
TAGAGCTTCCCGACTT-1,GARQ,D5,0,40,34,3,0.08318281,MAIT-NKT cells
TAGAGCTTCTCTGTCG-1,GARQ,D5,0,40,34,26,0.054876685,gdT cells
TAGAGCTTCTTGAGAC-1,GARQ,D5,0,40,34,10,0.45254862,Naive B
TAGCCGGGTATATGAG-1,GARQ,D5,0,40,34,25,0.106746435,CD4 memory
TAGCCGGGTCAGAAGC-1,GARQ,D5,0,40,34,24,0.06930292,Classical monocytes
TAGCCGGGTGTTTGTG-1,GARQ,D5,0,40,34,2,0.050742388,CD56dim CD16bright NK
TAGGCATAGACCGGAT-1,GARQ,D5,0,40,34,32,0.0004466176,CD56dim CD16bright NK
TAGGCATCAATAGCAA-1,GARQ,D5,0,40,34,23,0.094534695,CD56dim CD16bright NK
TAGGCATCACTCAGGC-1,GARQ,D5,0,40,34,12,0.20284873,CD8 memory
TAGGCATCAGGCAGTA-1,GARQ,D5,0,40,34,10,0.12353796,Naive B
TAGGCATGTCCAACTA-1,GARQ,D5,0,40,34,25,0.18467999,CD8 naive
TAGGCATGTGATGCCC-1,GARQ,D5,0,40,34,27,0.013132334,Classical monocytes
TAGGCATGTTGGAGGT-1,GARQ,D5,0,40,34,34,0.002629459,gdT cells
TAGTGGTAGAAGGTGA-1,GARQ,D5,0,40,34,37,0.042145967,CD56dim CD16bright NK
TAGTGGTAGGTGATAT-1,GARQ,D5,0,40,34,25,0.014020205,Regulatory T cells
TAGTGGTCAGCTGGCT-1,GARQ,D5,0,40,34,27,0.029491305,Classical monocytes
TAGTGGTGTGTATGGG-1,GARQ,D5,0,40,34,37,0.032713056,CD8 effector
TAGTTGGGTAGGCATG-1,GARQ,D5,0,40,34,16,0.045579135,CD56dim CD16bright NK
TATCAGGAGACCACGA-1,GARQ,D5,0,40,34,24,0.038321257,Neutrophils
TATCAGGAGCTGTTCA-1,GARQ,D5,0,40,34,39,0.0010205507,Memory B
TATCAGGAGTGGTAAT-1,GARQ,D5,0,40,34,26,0.022096276,gdT cells
TATCAGGAGTTCGCAT-1,GARQ,D5,0,40,34,25,0.2306745,CD8 naive
TATCAGGGTTATTCTC-1,GARQ,D5,0,40,34,10,0.13093638,Naive B
TATCAGGTCTCAACTT-1,GARQ,D5,0,40,34,27,0.06006241,Non classical monocytes
TATCTCACAAACAACA-1,GARQ,D5,0,40,34,24,0.033269048,Classical monocytes
TATCTCACAACACCCG-1,GARQ,D5,0,40,34,25,0.21224713,CD8 naive
TATCTCAGTGCAACGA-1,GARQ,D5,0,40,34,25,0.26633978,CD4 naive II
TATCTCATCCATGCTC-1,GARQ,D5,0,40,34,37,0.028418124,MAIT-NKT cells
TATCTCATCGTGTAGT-1,GARQ,D5,0,40,34,24,0.04864919,Classical monocytes
TATCTCATCTCGCATC-1,GARQ,D5,0,40,34,25,0.17192245,CD4 naive I
TATTACCAGATCGGGT-1,GARQ,D5,0,40,34,17,0.0042163134,CD4 memory
TATTACCAGATGGGTC-1,GARQ,D5,0,40,34,23,0.0059041977,CD56dim CD16bright NK
TATTACCGTACGACCC-1,GARQ,D5,0,40,34,12,0.13571179,CD8 memory
TATTACCGTGGTCTCG-1,GARQ,D5,0,40,34,6,0.27398866,MAIT-NKT cells
TCAACGAAGAGACTTA-1,GARQ,D5,0,40,34,25,0.111614704,CD4 naive I
TCAACGACAGATAATG-1,GARQ,D5,0,40,34,27,0.009425759,Classical monocytes
TCAACGACAGCATACT-1,GARQ,D5,0,40,34,23,0.023920536,CD56dim CD16bright NK
TCAACGACATGGTCTA-1,GARQ,D5,0,40,34,6,0.08244872,CD56dim CD16bright NK
TCAACGAGTCTAAACC-1,GARQ,D5,0,40,34,25,0.17007482,CD4 memory
TCAACGATCGTAGATC-1,GARQ,D5,0,40,34,10,0.20041382,Naive B
TCAATCTAGAAAGTGG-1,GARQ,D5,0,40,34,10,0.28456885,Naive B
TCAATCTAGCAAATCA-1,GARQ,D5,0,40,34,6,0.18504536,MAIT-NKT cells
TCAATCTAGCAGCCTC-1,GARQ,D5,0,40,34,37,0.0023876429,CD56dim CD16bright NK
TCAATCTCATCGGGTC-1,GARQ,D5,0,40,34,16,0.029734492,CD56dim CD16bright NK
TCAATCTGTATCACCA-1,GARQ,D5,0,40,34,15,0.07453638,CD56dim CD16bright NK
TCAATCTTCCCTGACT-1,GARQ,D5,0,40,34,8,0.17553353,T-NK-B cell doublets
TCACAAGGTTTCCACC-1,GARQ,D5,0,40,34,26,0.03963852,CD8 effector
TCACGAAAGTGGTCCC-1,GARQ,D5,0,40,34,25,0.05447781,CD4 memory
TCACGAACAACTTGAC-1,GARQ,D5,0,40,34,15,0.10950065,CD56dim CD16bright NK
TCACGAACAAGGTTCT-1,GARQ,D5,0,40,34,10,0.32795346,Naive B
TCACGAACAGGCTGAA-1,GARQ,D5,0,40,34,37,0.021234691,CD56dim CD16bright NK
TCACGAATCGTGACAT-1,GARQ,D5,0,40,34,37,0.0044447184,CD56dim CD16bright NK
TCAGATGCACCTCGTT-1,GARQ,D5,0,40,34,24,0.091668844,Neutrophils
TCAGATGCATTACCTT-1,GARQ,D5,0,40,34,24,0.04770255,Classical monocytes
TCAGATGGTTCCGTCT-1,GARQ,D5,0,40,34,34,0.0570243,CD56dim CD16bright NK
TCAGCAAAGCTAGGCA-1,GARQ,D5,0,40,34,24,0.03287196,Classical monocytes
TCAGCAAAGGAACTGC-1,GARQ,D5,0,40,34,23,0.04645109,CD56dim CD16bright NK
TCAGCAACAGATCTGT-1,GARQ,D5,0,40,34,23,0.009353638,CD56dim CD16bright NK
TCAGCAAGTAGCCTCG-1,GARQ,D5,0,40,34,25,0.21012044,CD4 naive I
TCAGCAAGTGACGCCT-1,GARQ,D5,0,40,34,12,0.23635459,CD8 effector
TCAGCAATCTATCGCC-1,GARQ,D5,0,40,34,13,0.03714794,CD56dim CD16bright NK
TCAGCTCGTCTTGCGG-1,GARQ,D5,0,40,34,26,0.18503618,gdT cells
TCAGGATGTTCCAACA-1,GARQ,D5,0,40,34,6,0.06523383,CD56dim CD16bright NK
TCAGGATTCACTCCTG-1,GARQ,D5,0,40,34,24,0.039396048,conventional DC
TCAGGTAAGCGAGAAA-1,GARQ,D5,0,40,34,25,0.17978632,CD4 memory
TCAGGTACAAGAGTCG-1,GARQ,D5,0,40,34,25,0.052832603,CD4 memory
TCAGGTACATGGTCTA-1,GARQ,D5,0,40,34,25,0.24125457,CD4 naive I
TCAGGTAGTTACGCGC-1,GARQ,D5,0,40,34,25,0.023492455,CD4 memory
TCATTACTCGCGGATC-1,GARQ,D5,0,40,34,12,0.041272044,CD8 memory
TCATTACTCGTGTAGT-1,GARQ,D5,0,40,34,24,0.006590128,Classical monocytes
TCATTTGAGTGGGATC-1,GARQ,D5,0,40,34,25,0.086374044,CD4 memory
TCATTTGCATCACGAT-1,GARQ,D5,0,40,34,24,0.03235805,Classical monocytes
TCATTTGGTCAATGTC-1,GARQ,D5,0,40,34,24,0.006720543,Classical monocytes
TCATTTGTCGATAGAA-1,GARQ,D5,0,40,34,38,0.08846319,Classical monocytes
TCCACACAGATCTGAA-1,GARQ,D5,0,40,34,24,0.03344083,Classical monocytes
TCCACACAGCGATTCT-1,GARQ,D5,0,40,34,25,0.13211226,CD4 naive I
TCCACACAGGCCATAG-1,GARQ,D5,0,40,34,13,0.063610256,CD56dim CD16bright NK
TCCACACCAGCCTTGG-1,GARQ,D5,0,40,34,24,0.004842639,Non classical monocytes
TCCACACTCGACGGAA-1,GARQ,D5,0,40,34,15,0.049152017,CD56dim CD16bright NK
TCCCGATCAGTGGGAT-1,GARQ,D5,0,40,34,25,0.060519814,CD4 naive I
TCCCGATGTTCGAATC-1,GARQ,D5,0,40,34,13,0.03563547,CD56dim CD16bright NK
TCCCGATTCACGCGGT-1,GARQ,D5,0,40,34,7,0.029509187,CD4 memory
TCCCGATTCGGATGTT-1,GARQ,D5,0,40,34,24,0.016438603,CD4 and CD8 activated memory
TCCCGATTCTAACGGT-1,GARQ,D5,0,40,34,38,0.13906145,Classical monocytes
TCCCGATTCTTAGCCC-1,GARQ,D5,0,40,34,24,0.08105636,Platelet-bound monocytes
TCCCGATTCTTTACGT-1,GARQ,D5,0,40,34,10,0.24420142,Memory B
TCGAGGCAGTGGGCTA-1,GARQ,D5,0,40,34,12,0.021094918,NK-T doublets
TCGAGGCCACAGGTTT-1,GARQ,D5,0,40,34,37,0.09939784,CD56bright CD16dim NK
TCGAGGCCAGATGGGT-1,GARQ,D5,0,40,34,25,0.13036442,CD4 naive I
TCGAGGCTCTATGTGG-1,GARQ,D5,0,40,34,3,0.038265884,CD4 memory
TCGAGGCTCTGTTGAG-1,GARQ,D5,0,40,34,10,0.111528635,T-NK-B cell doublets
TCGCGAGAGCCCAACC-1,GARQ,D5,0,40,34,23,0.11853844,CD56dim CD16bright NK
TCGCGAGAGGTGCAAC-1,GARQ,D5,0,40,34,24,0.1275264,Platelet-bound monocytes
TCGCGAGAGGTGCTAG-1,GARQ,D5,0,40,34,20,0.02295971,CD56dim CD16bright NK
TCGCGAGCAGCTATTG-1,GARQ,D5,0,40,34,10,0.3923427,Naive B
TCGCGAGCATCCGCGA-1,GARQ,D5,0,40,34,27,0.045205593,Classical monocytes
TCGCGAGGTTCATGGT-1,GARQ,D5,0,40,34,24,0.063256025,Neutrophils
TCGCGAGGTTCGTTGA-1,GARQ,D5,0,40,34,25,0.089368105,CD4 memory
TCGCGAGTCCGCGGTA-1,GARQ,D5,0,40,34,25,0.008918166,CD4 memory
TCGCGTTAGCAATATG-1,GARQ,D5,0,40,34,25,0.06597066,CD8 memory
TCGCGTTGTGCGCTTG-1,GARQ,D5,0,40,34,25,0.08907986,CD4 naive II
TCGCGTTGTGCGGTAA-1,GARQ,D5,0,40,34,25,0.042343616,CD4 naive I
TCGGGACAGCGATATA-1,GARQ,D5,0,40,34,24,0.036917448,Classical monocytes
TCGGGACCAAACCCAT-1,GARQ,D5,0,40,34,25,0.009067297,CD8 memory
TCGGGACGTTAAAGTG-1,GARQ,D5,0,40,34,20,0.030441046,gdT cells
TCGGGACGTTCGGGCT-1,GARQ,D5,0,40,34,6,0.023713946,CD56dim CD16bright NK
TCGGGACTCCCTCTTT-1,GARQ,D5,0,40,34,27,0.011771083,Non classical monocytes
TCGGGACTCGCCTGAG-1,GARQ,D5,0,40,34,6,0.035922945,CD8 memory
TCGGGACTCTAACCGA-1,GARQ,D5,0,40,34,12,0.08251023,CD4 and CD8 activated memory
TCGGTAAAGGAGTCTG-1,GARQ,D5,0,40,34,12,0.047964573,MAIT-NKT cells
TCGGTAACATCTGGTA-1,GARQ,D5,0,40,34,34,0.00059604645,CD56dim CD16bright NK
TCGGTAACATGGTAGG-1,GARQ,D5,0,40,34,3,0.2274732,MAIT-NKT cells
TCGGTAAGTCAAACTC-1,GARQ,D5,0,40,34,12,0.107295096,gdT cells
TCGGTAAGTCCGTGAC-1,GARQ,D5,0,40,34,24,0.057367325,Neutrophils
TCGGTAATCCCTTGCA-1,GARQ,D5,0,40,34,24,0.053296685,Neutrophils
TCGGTAATCTGGCGTG-1,GARQ,D5,0,40,34,25,0.20197034,CD8 naive
TCGTACCAGGCTCAGA-1,GARQ,D5,0,40,34,3,0.17692542,gdT cells
TCGTACCGTAGTAGTA-1,GARQ,D5,0,40,34,12,0.07057977,MAIT-NKT cells
TCGTACCGTCAAAGCG-1,GARQ,D5,0,40,34,7,0.037274837,CD4 memory
TCGTACCGTGCACTTA-1,GARQ,D5,0,40,34,37,0.038038015,CD8 effector
TCGTACCGTTGTCGCG-1,GARQ,D5,0,40,34,25,0.100712776,CD4 naive I
TCGTACCTCCACGAAT-1,GARQ,D5,0,40,34,13,0.08428967,CD56dim CD16bright NK
TCGTACCTCGCTGATA-1,GARQ,D5,0,40,34,25,0.18060279,CD4 memory
TCGTAGAAGAGCTGCA-1,GARQ,D5,0,40,34,7,0.10045111,CD4 memory
TCGTAGAAGGCATGGT-1,GARQ,D5,0,40,34,10,0.07634109,Memory B
TCGTAGACAAGAAAGG-1,GARQ,D5,0,40,34,17,0.066574335,CD8 memory
TCGTAGACAGATCCAT-1,GARQ,D5,0,40,34,27,0.08607471,NK-monocyte doublets
TCGTAGAGTCAGTGGA-1,GARQ,D5,0,40,34,13,0.083495855,CD56dim CD16bright NK
TCGTAGATCGCATGGC-1,GARQ,D5,0,40,34,37,0.01331687,gdT cells
TCGTAGATCGGGAGTA-1,GARQ,D5,0,40,34,25,0.11186457,CD4 memory
TCTATTGCAATCCAAC-1,GARQ,D5,0,40,34,12,0.19653082,CD8 effector
TCTATTGCACTTAACG-1,GARQ,D5,0,40,34,34,0.070860386,CD8 effector
TCTATTGTCTTGCCGT-1,GARQ,D5,0,40,34,34,0.002721727,CD56dim CD16bright NK
TCTCATATCAGCATGT-1,GARQ,D5,0,40,34,16,0.010361016,CD56dim CD16bright NK
TCTCTAAAGACGCAAC-1,GARQ,D5,0,40,34,24,0.23129034,Classical monocytes
TCTCTAACAAGTCATC-1,GARQ,D5,0,40,34,12,0.1657834,CD8 memory
TCTCTAAGTACCATCA-1,GARQ,D5,0,40,34,15,0.18166924,CD56dim CD16bright NK
TCTCTAATCACCGTAA-1,GARQ,D5,0,40,34,25,0.068210125,Regulatory T cells
TCTCTAATCCTTTCTC-1,GARQ,D5,0,40,34,6,0.13212818,CD56bright CD16dim NK
TCTGAGAAGTAGCCGA-1,GARQ,D5,0,40,34,27,0.14242887,Non classical monocytes
TCTGAGATCCGCATCT-1,GARQ,D5,0,40,34,24,0.08362031,Classical monocytes
TCTGGAAAGAAACGAG-1,GARQ,D5,0,40,34,6,0.04792142,CD56dim CD16bright NK
TCTGGAAAGAATCTCC-1,GARQ,D5,0,40,34,23,0.0017955303,CD56dim CD16bright NK
TCTGGAAAGTACATGA-1,GARQ,D5,0,40,34,34,0.06663388,CD8 effector
TCTGGAACATGCCACG-1,GARQ,D5,0,40,34,37,0.10125232,CD56dim CD16bright NK
TCTGGAATCCGGGTGT-1,GARQ,D5,0,40,34,25,0.004988909,CD4 memory
TCTGGAATCGAACTGT-1,GARQ,D5,0,40,34,10,0.21483755,Naive B
TCTGGAATCTAACCGA-1,GARQ,D5,0,40,34,10,0.28464222,Memory B
TCTTCGGAGACCGGAT-1,GARQ,D5,0,40,34,25,0.044857025,CD4 naive II
TCTTCGGAGGTAAACT-1,GARQ,D5,0,40,34,25,0.04406321,CD8 memory
TCTTCGGCACTGTCGG-1,GARQ,D5,0,40,34,25,0.18059826,CD8 naive
TCTTCGGCAGCATGAG-1,GARQ,D5,0,40,34,10,0.3524227,Naive B
TCTTTCCAGATGCCAG-1,GARQ,D5,0,40,34,6,0.039294004,CD56dim CD16bright NK
TCTTTCCGTACCATCA-1,GARQ,D5,0,40,34,24,0.118110895,Platelet-bound monocytes
TCTTTCCTCGCGGATC-1,GARQ,D5,0,40,34,26,0.031549513,MAIT-NKT cells
TGAAAGAAGGAGTCTG-1,GARQ,D5,0,40,34,6,0.03859043,CD56dim CD16bright NK
TGAAAGACAGTTAACC-1,GARQ,D5,0,40,34,15,0.101701856,CD56dim CD16bright NK
TGAAAGACATAAAGGT-1,GARQ,D5,0,40,34,37,0.028990984,CD8 effector
TGAAAGAGTTCTGTTT-1,GARQ,D5,0,40,34,6,0.08148211,CD8 effector
TGACAACAGACGCAAC-1,GARQ,D5,0,40,34,25,0.27710938,CD4 naive I
TGACAACCAACAACCT-1,GARQ,D5,0,40,34,37,0.0015887022,CD56dim CD16bright NK
TGACAACGTCCGAACC-1,GARQ,D5,0,40,34,13,0.10792333,CD56dim CD16bright NK
TGACAACGTCTGGAGA-1,GARQ,D5,0,40,34,6,0.00075370073,gdT cells
TGACAACTCAACGGGA-1,GARQ,D5,0,40,34,24,0.09744024,Classical monocytes
TGACGGCCACGTCAGC-1,GARQ,D5,0,40,34,34,0.05678618,gdT cells
TGACGGCCAGTGGGAT-1,GARQ,D5,0,40,34,10,0.20165837,Naive B
TGACGGCGTGAGTGAC-1,GARQ,D5,0,40,34,12,0.004336834,CD8 memory
TGACGGCTCCTAGAAC-1,GARQ,D5,0,40,34,26,0.000703454,gdT cells
TGACTAGAGGGTATCG-1,GARQ,D5,0,40,34,25,0.07077098,CD4 naive I
TGACTTTAGATGCCAG-1,GARQ,D5,0,40,34,34,0.053251624,CD56dim CD16bright NK
TGACTTTAGCTGCGAA-1,GARQ,D5,0,40,34,23,0.103067935,CD56dim CD16bright NK
TGACTTTAGTCCATAC-1,GARQ,D5,0,40,34,12,0.04955983,NK-T doublets
TGACTTTAGTGGACGT-1,GARQ,D5,0,40,34,25,0.13896656,CD8 naive
TGACTTTCACGAAAGC-1,GARQ,D5,0,40,34,27,0.0026150942,Classical monocytes
TGACTTTCATGGGACA-1,GARQ,D5,0,40,34,15,0.05874616,CD56dim CD16bright NK
TGACTTTGTTAAAGTG-1,GARQ,D5,0,40,34,37,0.007255435,CD56dim CD16bright NK
TGACTTTTCTAACTTC-1,GARQ,D5,0,40,34,16,0.10037315,CD56bright CD16dim NK
TGAGAGGAGAACTGTA-1,GARQ,D5,0,40,34,6,0.122784495,CD56dim CD16bright NK
TGAGAGGAGAATTCCC-1,GARQ,D5,0,40,34,25,0.10055351,CD4 memory
TGAGAGGAGACAGAGA-1,GARQ,D5,0,40,34,15,0.08427918,CD56dim CD16bright NK
TGAGAGGAGGGCACTA-1,GARQ,D5,0,40,34,25,0.21931815,CD4 naive II
TGAGAGGCACGGCCAT-1,GARQ,D5,0,40,34,25,0.19269538,CD4 naive I
TGAGAGGGTAGCAAAT-1,GARQ,D5,0,40,34,25,0.46034026,CD4 naive I
TGAGAGGTCGCTGATA-1,GARQ,D5,0,40,34,37,0.018842101,CD8 effector
TGAGCATAGTCGCCGT-1,GARQ,D5,0,40,34,13,0.09401059,CD56dim CD16bright NK
TGAGCATCATTCCTGC-1,GARQ,D5,0,40,34,6,0.03295386,CD56dim CD16bright NK
TGAGCATTCGCATGGC-1,GARQ,D5,0,40,34,23,0.0011513233,CD56dim CD16bright NK
TGAGCCGTCATGCAAC-1,GARQ,D5,0,40,34,34,0.0019026399,gdT cells
TGAGGGAAGCCAGAAC-1,GARQ,D5,0,40,34,38,0.15488493,Platelet-bound monocytes
TGAGGGAAGGATCGCA-1,GARQ,D5,0,40,34,34,0.0977869,CD8 effector
TGAGGGACACCATGTA-1,GARQ,D5,0,40,34,12,0.16981626,CD8 effector
TGAGGGAGTCAGAATA-1,GARQ,D5,0,40,34,24,0.04253781,Non classical monocytes
TGATTTCAGAAGGCCT-1,GARQ,D5,0,40,34,4,0.012683034,CD56dim CD16bright NK
TGATTTCAGGGCTCTC-1,GARQ,D5,0,40,34,16,0.019854486,CD8 effector
TGATTTCAGTAACCCT-1,GARQ,D5,0,40,34,38,0.041313767,Classical monocytes
TGATTTCGTTATTCTC-1,GARQ,D5,0,40,34,12,0.03632307,CD8 memory
TGCACCTAGCCTTGAT-1,GARQ,D5,0,40,34,24,0.06117034,Classical monocytes
TGCACCTAGGGTCTCC-1,GARQ,D5,0,40,34,27,0.00744009,Classical monocytes
TGCACCTAGTCCTCCT-1,GARQ,D5,0,40,34,24,0.06620097,Classical monocytes
TGCACCTCATCACAAC-1,GARQ,D5,0,40,34,27,0.0132831335,Non classical monocytes
TGCCAAAAGGAGCGAG-1,GARQ,D5,0,40,34,25,0.098849654,CD4 naive I
TGCCAAATCTGTGCAA-1,GARQ,D5,0,40,34,10,0.50540984,Naive B
TGCCCATAGTTTCCTT-1,GARQ,D5,0,40,34,6,0.038455963,CD56dim CD16bright NK
TGCCCATCAACACGCC-1,GARQ,D5,0,40,34,24,0.07999635,T-NK-B cell doublets
TGCCCATCAATGTTGC-1,GARQ,D5,0,40,34,37,0.07642484,gdT cells
TGCCCATCAATTGCTG-1,GARQ,D5,0,40,34,12,0.0077705383,MAIT-NKT cells
TGCCCATTCCTATGTT-1,GARQ,D5,0,40,34,26,0.030580044,CD8 memory
TGCCCATTCTTTAGGG-1,GARQ,D5,0,40,34,34,0.03133738,CD56dim CD16bright NK
TGCCCTAAGACAGACC-1,GARQ,D5,0,40,34,23,0.003853798,CD56dim CD16bright NK
TGCCCTAAGTTCGATC-1,GARQ,D5,0,40,34,24,0.06321001,Classical monocytes
TGCCCTACAAACAACA-1,GARQ,D5,0,40,34,6,0.12158859,CD56dim CD16bright NK
TGCCCTACAAAGAATC-1,GARQ,D5,0,40,34,25,0.14064538,CD4 naive II
TGCCCTACAGCTCGAC-1,GARQ,D5,0,40,34,25,0.10825646,CD4 naive II
TGCCCTATCCAATGGT-1,GARQ,D5,0,40,34,24,0.0099692345,Plasma cells
TGCGCAGAGACTAAGT-1,GARQ,D5,0,40,34,6,0.008896947,CD8 effector
TGCGCAGCAAGCCGCT-1,GARQ,D5,0,40,34,12,0.03653419,gdT cells
TGCGCAGGTCCATGAT-1,GARQ,D5,0,40,34,27,0.076714516,Non classical monocytes
TGCGCAGTCACCTTAT-1,GARQ,D5,0,40,34,25,0.114840865,CD4 naive I
TGCGGGTAGTCATGCT-1,GARQ,D5,0,40,34,24,0.040869713,Classical monocytes
TGCGGGTCATATGAGA-1,GARQ,D5,0,40,34,34,0.0026817322,CD56dim CD16bright NK
TGCGGGTGTAATAGCA-1,GARQ,D5,0,40,34,13,0.04281491,CD56dim CD16bright NK
TGCGGGTGTCCGTTAA-1,GARQ,D5,0,40,34,10,0.09331423,Naive B
TGCGGGTGTCTGGTCG-1,GARQ,D5,0,40,34,25,0.30921626,CD8 naive
TGCGGGTTCATGTGGT-1,GARQ,D5,0,40,34,12,0.046554387,gdT cells
TGCGGGTTCTACTCAT-1,GARQ,D5,0,40,34,27,0.10943568,Non classical monocytes
TGCGTGGCAAGCCATT-1,GARQ,D5,0,40,34,10,0.024180949,T-NK-B cell doublets
TGCGTGGCACGAGGTA-1,GARQ,D5,0,40,34,23,0.025799036,CD56dim CD16bright NK
TGCTACCAGCCACGCT-1,GARQ,D5,0,40,34,37,0.045026362,CD56dim CD16bright NK
TGCTACCCAAAGTGCG-1,GARQ,D5,0,40,34,31,0.019169569,NK-T doublets
TGCTACCCACAGCGTC-1,GARQ,D5,0,40,34,10,0.3639344,Naive B
TGCTACCCAGCTGTTA-1,GARQ,D5,0,40,34,27,0.04317212,Classical monocytes
TGCTACCGTATTACCG-1,GARQ,D5,0,40,34,37,0.11421275,CD56dim CD16bright NK
TGCTACCTCGAATGGG-1,GARQ,D5,0,40,34,37,0.10176325,CD56bright CD16dim NK
TGCTGCTGTCGTCTTC-1,GARQ,D5,0,40,34,24,0.07664466,Platelet-bound monocytes
TGCTGCTGTCTGATTG-1,GARQ,D5,0,40,34,26,0.02625537,gdT cells
TGCTGCTTCTCAACTT-1,GARQ,D5,0,40,34,25,0.22683525,CD4 naive I
TGGACGCCAGGTCTCG-1,GARQ,D5,0,40,34,31,0.022513688,MAIT-NKT cells
TGGACGCGTAGCCTCG-1,GARQ,D5,0,40,34,37,0.019626379,CD56dim CD16bright NK
TGGACGCTCACGAAGG-1,GARQ,D5,0,40,34,6,0.11162639,CD56dim CD16bright NK
TGGCCAGAGCCGATTT-1,GARQ,D5,0,40,34,34,0.025805712,CD56dim CD16bright NK
TGGCCAGAGGACAGCT-1,GARQ,D5,0,40,34,25,0.2724452,CD4 naive II
TGGCCAGAGGCAGGTT-1,GARQ,D5,0,40,34,6,0.07107735,CD56dim CD16bright NK
TGGCCAGAGGTGCAAC-1,GARQ,D5,0,40,34,12,0.005465746,MAIT-NKT cells
TGGCCAGGTCGAGTTT-1,GARQ,D5,0,40,34,13,0.06889695,CD56dim CD16bright NK
TGGCCAGTCAAACCGT-1,GARQ,D5,0,40,34,25,0.29930103,CD4 naive I
TGGCTGGAGATGGCGT-1,GARQ,D5,0,40,34,25,0.17617834,CD4 naive II
TGGCTGGCAATAAGCA-1,GARQ,D5,0,40,34,23,0.15515602,CD56dim CD16bright NK
TGGCTGGCACATTTCT-1,GARQ,D5,0,40,34,27,0.14851117,Non classical monocytes
TGGCTGGGTACAAGTA-1,GARQ,D5,0,40,34,21,0.07584679,Erythroid 
TGGCTGGGTCACAAGG-1,GARQ,D5,0,40,34,24,0.07195735,Non classical monocytes
TGGGAAGAGATGGGTC-1,GARQ,D5,0,40,34,10,0.2110995,Naive B
TGGGAAGAGGATATAC-1,GARQ,D5,0,40,34,34,0.039518833,CD56dim CD16bright NK
TGGGAAGAGGGTGTGT-1,GARQ,D5,0,40,34,13,0.13526416,CD56dim CD16bright NK
TGGGAAGTCAGCGACC-1,GARQ,D5,0,40,34,15,0.08387613,CD56dim CD16bright NK
TGGGCGTAGCAACGGT-1,GARQ,D5,0,40,34,25,0.18551159,CD8 memory
TGGGCGTGTTGAACTC-1,GARQ,D5,0,40,34,25,0.076882005,CD4 memory
TGGGCGTTCAACTCTT-1,GARQ,D5,0,40,34,7,0.0048327446,CD4 memory
TGGTTAGAGTAACCCT-1,GARQ,D5,0,40,34,13,0.0695734,CD56dim CD16bright NK
TGGTTAGAGTGCGATG-1,GARQ,D5,0,40,34,37,0.030892134,CD8 memory
TGGTTAGCAAGGTTCT-1,GARQ,D5,0,40,34,26,0.04642141,gdT cells
TGGTTAGCACGTCAGC-1,GARQ,D5,0,40,34,7,0.012340307,CD4 memory
TGGTTAGCAGACAAGC-1,GARQ,D5,0,40,34,38,0.044205308,Classical monocytes
TGGTTAGCAGGTCCAC-1,GARQ,D5,0,40,34,25,0.28097105,CD4 memory
TGGTTCCGTACTTAGC-1,GARQ,D5,0,40,34,24,0.0039752126,Platelets
TGGTTCCTCATATCGG-1,GARQ,D5,0,40,34,25,0.2223252,CD4 naive I
TGTATTCGTGGTCCGT-1,GARQ,D5,0,40,34,25,0.23573184,CD4 naive I
TGTCCCAAGGCGACAT-1,GARQ,D5,0,40,34,25,0.086973906,CD4 memory
TGTCCCAAGGTAGCCA-1,GARQ,D5,0,40,34,6,0.13956594,CD56dim CD16bright NK
TGTCCCACATGGTCAT-1,GARQ,D5,0,40,34,23,0.12678552,CD56dim CD16bright NK
TGTCCCAGTGTTGAGG-1,GARQ,D5,0,40,34,15,0.22276741,CD56dim CD16bright NK
TGTGGTAAGTGCGTGA-1,GARQ,D5,0,40,34,10,0.11352813,Memory B
TGTGGTAGTCATGCAT-1,GARQ,D5,0,40,34,37,0.015419483,CD56dim CD16bright NK
TGTGGTAGTCTAGCCG-1,GARQ,D5,0,40,34,34,0.055193543,CD56dim CD16bright NK
TGTGGTATCCAGGGCT-1,GARQ,D5,0,40,34,25,0.12078607,CD4 memory
TGTGGTATCCGAATGT-1,GARQ,D5,0,40,34,7,0.026078224,CD4 memory
TGTGTTTAGCTCCTTC-1,GARQ,D5,0,40,34,25,0.091831446,CD4 memory
TGTGTTTCAAGCTGGA-1,GARQ,D5,0,40,34,34,0.086821675,CD56dim CD16bright NK
TGTGTTTGTACATCCA-1,GARQ,D5,0,40,34,13,0.016768873,CD56dim CD16bright NK
TGTGTTTGTCTCTCGT-1,GARQ,D5,0,40,34,7,0.027277231,CD4 memory
TGTTCCGTCAAGGCTT-1,GARQ,D5,0,40,34,27,0.08364689,Non classical monocytes
TTAACTCAGACCGGAT-1,GARQ,D5,0,40,34,6,0.10467923,CD56dim CD16bright NK
TTAACTCCAAAGTGCG-1,GARQ,D5,0,40,34,37,0.02150178,MAIT-NKT cells
TTAACTCGTGTTTGGT-1,GARQ,D5,0,40,34,25,0.13372362,CD4 naive I
TTAACTCTCAGCTTAG-1,GARQ,D5,0,40,34,6,0.061202407,CD56dim CD16bright NK
TTAACTCTCTGGTTCC-1,GARQ,D5,0,40,34,25,0.041467905,CD4 memory
TTAGGACAGATACACA-1,GARQ,D5,0,40,34,23,0.067224264,CD56dim CD16bright NK
TTAGGACAGCTGAACG-1,GARQ,D5,0,40,34,25,0.046954274,CD8 memory
TTAGGACAGGTGCTAG-1,GARQ,D5,0,40,34,10,0.22641993,Naive B
TTAGGACGTGCAACGA-1,GARQ,D5,0,40,34,10,0.24385,Naive B
TTAGGACGTTTAAGCC-1,GARQ,D5,0,40,34,10,0.2138344,Naive B
TTAGGACTCACTTACT-1,GARQ,D5,0,40,34,24,0.034688234,Classical monocytes
TTAGGACTCCTAAGTG-1,GARQ,D5,0,40,34,27,0.0023434162,Non classical monocytes
TTAGGACTCGGCGCTA-1,GARQ,D5,0,40,34,38,0.12320995,Neutrophils
TTAGGCAAGGGTCTCC-1,GARQ,D5,0,40,34,25,0.014369607,CD8 memory
TTAGGCACATGCCCGA-1,GARQ,D5,0,40,34,24,0.0081532,Non classical monocytes
TTAGGCAGTAATCGTC-1,GARQ,D5,0,40,34,27,0.083256364,Non classical monocytes
TTAGGCATCCTTCAAT-1,GARQ,D5,0,40,34,24,0.053378105,Classical monocytes
TTAGGCATCGCGCCAA-1,GARQ,D5,0,40,34,25,0.27770615,CD4 naive I
TTAGGCATCTGATACG-1,GARQ,D5,0,40,34,25,0.24290395,CD4 memory
TTAGTTCAGGTTCCTA-1,GARQ,D5,0,40,34,3,0.01813829,gdT cells
TTAGTTCGTGCGGTAA-1,GARQ,D5,0,40,34,12,0.0018558502,CD8 memory
TTAGTTCGTGTTTGGT-1,GARQ,D5,0,40,34,15,0.004868984,CD56dim CD16bright NK
TTAGTTCGTTTGACAC-1,GARQ,D5,0,40,34,37,0.016392589,CD8 effector
TTATGCTCAGCTGGCT-1,GARQ,D5,0,40,34,28,0.007597804,CD4 and CD8 activated memory
TTATGCTGTCTAGAGG-1,GARQ,D5,0,40,34,37,0.070662856,gdT cells
TTCCCAGAGCCATCGC-1,GARQ,D5,0,40,34,10,0.0020561814,T-NK-B cell doublets
TTCCCAGAGTGAACGC-1,GARQ,D5,0,40,34,25,0.13896644,CD4 memory
TTCCCAGCATTGGGCC-1,GARQ,D5,0,40,34,10,0.06769216,T-NK-B cell doublets
TTCCCAGGTATTACCG-1,GARQ,D5,0,40,34,15,0.18890572,CD56dim CD16bright NK
TTCCCAGGTCGCATCG-1,GARQ,D5,0,40,34,25,0.19276881,CD4 naive I
TTCCCAGGTCTCCACT-1,GARQ,D5,0,40,34,24,0.15009165,Platelet-bound monocytes
TTCCCAGGTTCGGGCT-1,GARQ,D5,0,40,34,12,0.104323804,CD8 memory
TTCCCAGGTTGTTTGG-1,GARQ,D5,0,40,34,24,0.068154454,Neutrophils
TTCCCAGTCATGTCTT-1,GARQ,D5,0,40,34,7,0.06921208,CD4 memory
TTCGAAGAGCAGCCTC-1,GARQ,D5,0,40,34,7,0.027148008,CD4 memory
TTCGAAGAGGAATGGA-1,GARQ,D5,0,40,34,27,0.044790268,Classical monocytes
TTCGAAGGTAAATGAC-1,GARQ,D5,0,40,34,25,0.32145774,CD4 and CD8 activated memory
TTCGAAGGTAGGGACT-1,GARQ,D5,0,40,34,27,0.09695017,Non classical monocytes
TTCGAAGGTGGCGAAT-1,GARQ,D5,0,40,34,25,0.22318935,CD4 naive I
TTCGAAGGTTCTGTTT-1,GARQ,D5,0,40,34,27,0.14915538,Non classical monocytes
TTCGAAGTCATAAAGG-1,GARQ,D5,0,40,34,17,0.017645359,gdT cells
TTCGAAGTCATGCTCC-1,GARQ,D5,0,40,34,37,0.02227664,CD56dim CD16bright NK
TTCGGTCGTACTTCTT-1,GARQ,D5,0,40,34,25,0.0117172,CD4 memory
TTCGGTCGTGAGCGAT-1,GARQ,D5,0,40,34,23,0.02229774,CD8 effector
TTCGGTCTCGACCAGC-1,GARQ,D5,0,40,34,25,0.07935929,CD4 naive I
TTCTACAAGACCACGA-1,GARQ,D5,0,40,34,34,0.010551035,CD56dim CD16bright NK
TTCTACAGTCCAGTTA-1,GARQ,D5,0,40,34,15,0.073058486,CD56dim CD16bright NK
TTCTACAGTCTTGATG-1,GARQ,D5,0,40,34,10,0.26698756,Naive B
TTCTCAAAGCCAACAG-1,GARQ,D5,0,40,34,24,0.06281948,Classical monocytes
TTCTCAACAACGATGG-1,GARQ,D5,0,40,34,26,0.077787876,gdT cells
TTCTCAACAACTTGAC-1,GARQ,D5,0,40,34,26,0.013240337,MAIT-NKT cells
TTCTCAACAAGTAGTA-1,GARQ,D5,0,40,34,27,0.1426431,Non classical monocytes
TTCTCAACACTGCCAG-1,GARQ,D5,0,40,34,25,0.21643895,CD4 naive I
TTCTCAATCCAGGGCT-1,GARQ,D5,0,40,34,25,0.1033386,CD4 memory
TTCTCCTAGGGCTCTC-1,GARQ,D5,0,40,34,24,0.01132822,plasmacytoid DC
TTCTCCTCAGCCACCA-1,GARQ,D5,0,40,34,13,0.042181134,CD56dim CD16bright NK
TTCTCCTGTAGCAAAT-1,GARQ,D5,0,40,34,24,0.10751891,Classical monocytes
TTCTCCTTCATGTCCC-1,GARQ,D5,0,40,34,37,0.010088742,CD8 effector
TTCTCCTTCTGGCGTG-1,GARQ,D5,0,40,34,37,0.017935395,CD56dim CD16bright NK
TTCTTAGTCCCTCTTT-1,GARQ,D5,0,40,34,8,0.0031331182,T-NK-B cell doublets
TTGAACGCAATCTACG-1,GARQ,D5,0,40,34,37,0.055623293,NK-T doublets
TTGAACGGTGTATGGG-1,GARQ,D5,0,40,34,10,0.21605825,Memory B
TTGAACGTCATGCATG-1,GARQ,D5,0,40,34,6,0.07728839,CD56dim CD16bright NK
TTGACTTAGTTGAGTA-1,GARQ,D5,0,40,34,24,0.046931744,NK-monocyte doublets
TTGACTTGTACAGTTC-1,GARQ,D5,0,40,34,24,0.12172389,Platelet-bound monocytes
TTGACTTGTGCGATAG-1,GARQ,D5,0,40,34,10,0.31698966,Naive B
TTGCCGTGTGTCCTCT-1,GARQ,D5,0,40,34,12,0.018278122,gdT cells
TTGCGTCAGGATGTAT-1,GARQ,D5,0,40,34,13,0.03300214,CD56dim CD16bright NK
TTGCGTCAGTCCAGGA-1,GARQ,D5,0,40,34,37,0.001008153,gdT cells
TTGCGTCCAGCTCGAC-1,GARQ,D5,0,40,34,24,0.053821564,NK-monocyte doublets
TTGGAACAGCGTGAGT-1,GARQ,D5,0,40,34,20,0.008223534,CD56dim CD16bright NK
TTGGAACAGTGGGATC-1,GARQ,D5,0,40,34,12,0.075115204,CD4 memory
TTGGAACCAATACGCT-1,GARQ,D5,0,40,34,25,0.15932417,CD4 naive I
TTGGAACCATTGGGCC-1,GARQ,D5,0,40,34,13,0.012635171,CD56dim CD16bright NK
TTGGAACTCATCTGTT-1,GARQ,D5,0,40,34,25,0.13425994,CD8 naive
TTGGAACTCTTGTCAT-1,GARQ,D5,0,40,34,25,0.24200225,CD4 naive I
TTGGCAAAGAATAGGG-1,GARQ,D5,0,40,34,27,0.083016634,Non classical monocytes
TTGGCAATCAGGCCCA-1,GARQ,D5,0,40,34,37,0.001747489,CD56dim CD16bright NK
TTGGCAATCCACTGGG-1,GARQ,D5,0,40,34,2,0.02135992,CD56dim CD16bright NK
TTGTAGGAGCCAGAAC-1,GARQ,D5,0,40,34,10,0.08545101,Plasma cells
TTGTAGGAGGACCACA-1,GARQ,D5,0,40,34,10,0.3102665,Naive B
TTGTAGGTCAGGCGAA-1,GARQ,D5,0,40,34,10,0.08609295,Memory B
TTGTAGGTCATTATCC-1,GARQ,D5,0,40,34,25,0.08039975,CD4 naive I
TTTACTGAGACTGGGT-1,GARQ,D5,0,40,34,16,0.017063618,CD56dim CD16bright NK
TTTACTGAGATGTGTA-1,GARQ,D5,0,40,34,25,0.19315463,CD8 naive
TTTACTGAGTGGAGAA-1,GARQ,D5,0,40,34,10,0.34922957,Naive B
TTTACTGAGTTTAGGA-1,GARQ,D5,0,40,34,23,0.04888761,CD56dim CD16bright NK
TTTACTGCAGTATAAG-1,GARQ,D5,0,40,34,38,0.042652845,Classical monocytes
TTTACTGTCCTAGGGC-1,GARQ,D5,0,40,34,15,0.23999155,CD56dim CD16bright NK
TTTACTGTCTCGCATC-1,GARQ,D5,0,40,34,12,0.015767336,NK-T doublets
TTTATGCGTAGCCTCG-1,GARQ,D5,0,40,34,10,0.06423503,Naive B
TTTATGCTCAGGTAAA-1,GARQ,D5,0,40,34,3,0.13878465,MAIT-NKT cells
TTTCCTCCAAAGCGGT-1,GARQ,D5,0,40,34,37,0.056362152,CD8 effector
TTTCCTCGTGAAAGAG-1,GARQ,D5,0,40,34,23,0.0705086,CD56dim CD16bright NK
TTTCCTCTCGACGGAA-1,GARQ,D5,0,40,34,10,0.2735945,Naive B
TTTGCGCAGTCCATAC-1,GARQ,D5,0,40,34,37,0.09564936,MAIT-NKT cells
TTTGCGCCAGATCCAT-1,GARQ,D5,0,40,34,34,0.0930199,CD56dim CD16bright NK
TTTGCGCGTTCGCGAC-1,GARQ,D5,0,40,34,10,0.08094263,Memory B
TTTGGTTAGACTTGAA-1,GARQ,D5,0,40,34,25,0.065066695,Regulatory T cells
TTTGGTTAGCGAAGGG-1,GARQ,D5,0,40,34,26,0.17233455,gdT cells
TTTGGTTAGGATGCGT-1,GARQ,D5,0,40,34,24,0.16942382,Platelet-bound monocytes
TTTGGTTAGGCGACAT-1,GARQ,D5,0,40,34,12,0.2518921,NK-T doublets
TTTGGTTCATCCAACA-1,GARQ,D5,0,40,34,25,0.08984929,CD4 naive II
TTTGGTTGTCATATCG-1,GARQ,D5,0,40,34,25,0.31169164,Regulatory T cells
TTTGGTTTCTATCCTA-1,GARQ,D5,0,40,34,25,0.4229412,CD4 naive II
TTTGTCAAGCTAACTC-1,GARQ,D5,0,40,34,24,0.028084278,Classical monocytes
TTTGTCACAGCTGTAT-1,GARQ,D5,0,40,34,3,0.0317533,CD8 memory
TTTGTCAGTCCTGCTT-1,GARQ,D5,0,40,34,24,0.14303541,Classical monocytes
TTTGTCAGTGATGATA-1,GARQ,D5,0,40,34,27,0.016469717,Classical monocytes
