cell_id,method,dataset,seed,requested_K,realized_K,metacell_id,delta_confidence,cell_type
TACTGCACAAATACCT-6,GARQ,D18,0,40,37,4,0.009687185,B.Naive
AGATGAAGTGTCCAGG-6,GARQ,D18,0,40,37,8,0.015803516,T.CD4.Memory
AGGTCAAAGCGGTTAT-6,GARQ,D18,0,40,37,4,0.019426823,B.Naive
CTTACCTCAATAGTCT-6,GARQ,D18,0,40,37,4,0.003774166,B.Naive
TTAAGGTGTTAAGCGC-6,GARQ,D18,0,40,37,39,0.022634506,T.CD4.Memory
CCGTTACTCTTTAAGG-6,GARQ,D18,0,40,37,6,0.016780734,B.Naive
CATAGCTAGATAACCC-6,GARQ,D18,0,40,37,8,0.025541484,Mono.CD14
GCTAGCGGTTGTGATG-6,GARQ,D18,0,40,37,10,0.016253829,T.CD8.Effector
AGCCTCCGTGGATTCA-6,GARQ,D18,0,40,37,17,0.016953051,Mono.CD14
TATGGTCAGCTCCCTG-6,GARQ,D18,0,40,37,4,0.029160142,B.Naive
ACACTAGGTTGAGGTC-6,GARQ,D18,0,40,37,8,0.0034905672,Mono.CD14
ACATTGCAGCCTGGTA-6,GARQ,D18,0,40,37,0,0.07372177,B.Naive
TTTCATCAGACACTTA-6,GARQ,D18,0,40,37,10,0.07207632,T.CD8.Effector
GTAAGCAAGCGGTTAT-6,GARQ,D18,0,40,37,4,0.075945616,B.Naive
CAGGTGGAGTGAGGTA-6,GARQ,D18,0,40,37,32,0.03647256,T.CD4.Memory
AAGCGTTTCAATGAGG-6,GARQ,D18,0,40,37,8,0.12274861,Mono.CD14
ATCACAATCCGCTAGA-6,GARQ,D18,0,40,37,4,0.031147003,B.Naive
CGCTTACTCCCTCACG-6,GARQ,D18,0,40,37,17,0.001718998,Mono.CD14
GCGAGTGAGTTATCTC-6,GARQ,D18,0,40,37,17,0.07301772,Mono.CD14
AGTATAGCATGGCCCA-6,GARQ,D18,0,40,37,14,0.04796946,T.CD8.Effector
TCACCTGGTTAGTTGG-6,GARQ,D18,0,40,37,39,0.009305477,T.CD4.Memory
GTTAGGCGTGATGAGG-6,GARQ,D18,0,40,37,8,0.049081385,Mono.CD14
TATTGACCATTGCGGT-6,GARQ,D18,0,40,37,39,0.015758753,T.CD8.Effector
TCATTGCGTTTATCTG-6,GARQ,D18,0,40,37,4,0.014727354,B.Naive
GCTGCACAGGTCGATT-6,GARQ,D18,0,40,37,9,0.007859468,T.CD8.Effector
ACTTGCACAAATATCC-6,GARQ,D18,0,40,37,11,0.03371662,Mono.CD14
ATCACCCTCTGGTCCT-6,GARQ,D18,0,40,37,4,0.010910511,B.Naive
ACTAATCCACACTAAT-6,GARQ,D18,0,40,37,17,0.17317796,Mono.CD14
TACCGCAAGCCGGTAC-6,GARQ,D18,0,40,37,30,0.017080784,B.Naive
TATTACCTCGCGACAC-6,GARQ,D18,0,40,37,8,0.055933237,Mono.CD14
AAGCCACGTTAGCAGC-6,GARQ,D18,0,40,37,0,0.050848603,B.Naive
GATTACGGTCACGAAC-6,GARQ,D18,0,40,37,0,0.023956418,B.Naive
GGGTTACGTCATGAGC-6,GARQ,D18,0,40,37,31,0.033548474,T.CD4.Naive
AACCGCTCATTGTCAG-6,GARQ,D18,0,40,37,17,0.018850803,Mono.CD14
ACAAAGGTCTAATTGG-6,GARQ,D18,0,40,37,17,0.110223055,Mono.CD16
GAACCTTAGTAGCGCC-6,GARQ,D18,0,40,37,17,0.04406452,Mono.CD14
CCTCAAACAGTCTATG-6,GARQ,D18,0,40,37,4,0.0032515526,B.Naive
AACGACAAGGGATGCG-6,GARQ,D18,0,40,37,5,0.042039573,Mono.CD14
CGAGGCAAGCCTCTCG-6,GARQ,D18,0,40,37,0,0.026997685,B.Naive
GACACCGGTCATTGTC-6,GARQ,D18,0,40,37,30,0.008335471,B.Naive
TTTGTGAAGAGAGCCG-6,GARQ,D18,0,40,37,11,0.034702897,Mono.CD14
TGAGGCACATTAGGCC-6,GARQ,D18,0,40,37,17,0.13799405,Mono.CD14
GGGCATTGTGCGCATG-6,GARQ,D18,0,40,37,17,0.029501617,Mono.CD14
CGTATTGCATGAGTTT-6,GARQ,D18,0,40,37,17,0.02800119,Mono.CD14
TCTCAATTCATCACTT-6,GARQ,D18,0,40,37,4,0.10256076,B.Naive
GATAATCGTTACAAAC-6,GARQ,D18,0,40,37,32,0.102104664,T.CD4.Naive
TTACACCGTCATCAAG-6,GARQ,D18,0,40,37,30,0.031153798,B.Naive
CCTGACTTCACTTCAT-6,GARQ,D18,0,40,37,4,0.026693821,B.Naive
TGTCAATCAGAGGGAG-6,GARQ,D18,0,40,37,4,0.025718093,B.Naive
GCCAGGAAGGCATGAA-6,GARQ,D18,0,40,37,8,0.05750507,Mono.CD14
ACCAGGACAGTTAGCC-6,GARQ,D18,0,40,37,17,0.060375452,Mono.CD14
AAGGTCAAGCGCAATT-6,GARQ,D18,0,40,37,17,0.051992178,Mono.CD14
GATAATCGTGGTTAGC-6,GARQ,D18,0,40,37,8,0.024386525,Mono.CD14
CTGGTTACAGGAATCG-6,GARQ,D18,0,40,37,0,0.09886038,B.Naive
CAGGTTTAGGAGTCGG-6,GARQ,D18,0,40,37,0,0.0233289,B.Naive
GAGGGAGCAACTGGGA-6,GARQ,D18,0,40,37,17,0.14903921,Mono.CD16
ATCGGCCAGGTAGCTT-6,GARQ,D18,0,40,37,0,0.0063039064,B.Naive
TACATCAAGCAGGTGG-6,GARQ,D18,0,40,37,17,0.019162893,Mono.CD14
GCTATTGCACATAGCC-6,GARQ,D18,0,40,37,8,0.024921775,Mono.CD14
CCCGCAACAGTAAAGC-6,GARQ,D18,0,40,37,22,0.04157263,Mono.CD14
TTAGGCTAGGAGTCTT-6,GARQ,D18,0,40,37,14,0.039423227,T.CD4.Memory
AAATGGCCACCCTCAC-6,GARQ,D18,0,40,37,17,0.0338943,Mono.CD14
GCACTAAGTGCTTTAC-6,GARQ,D18,0,40,37,8,0.053417563,Mono.CD14
CACATACAGTATCGCG-6,GARQ,D18,0,40,37,0,0.008084893,B.Naive
CCTAAGTAGCCTCTCG-6,GARQ,D18,0,40,37,30,0.022542477,B.Naive
GACCGAACAGGGAGCT-6,GARQ,D18,0,40,37,4,0.02928853,B.Naive
AGGTAACCACTCGCTC-6,GARQ,D18,0,40,37,10,0.13076556,T.CD8.Effector
ACGGTTAGTCCGCTGT-6,GARQ,D18,0,40,37,17,0.037745,Mono.CD14
GCAACAGCAAGCTAAA-6,GARQ,D18,0,40,37,17,0.0632416,Mono.CD14
GGAAGTATCACGCCAA-6,GARQ,D18,0,40,37,30,0.0002645254,B.Naive
CTTCTCAAGTCATGCG-6,GARQ,D18,0,40,37,14,0.10899711,T.CD4.Memory
CAAGCTAGTTAAGGTT-6,GARQ,D18,0,40,37,32,0.031430364,T.CD4.Memory
AGATGAAGTAATCCCT-6,GARQ,D18,0,40,37,11,0.0047159195,Mono.CD14
GCGAAGTAGTAGCGCC-6,GARQ,D18,0,40,37,0,0.0008043051,B.Naive
GTCCGTAAGACTCGCA-6,GARQ,D18,0,40,37,17,0.015011489,Mono.CD14
TATTAGGTCGTTTCCA-6,GARQ,D18,0,40,37,14,0.16929936,T.CD8.Effector
TGGTTGAGTTGTAACG-6,GARQ,D18,0,40,37,11,0.024608135,Mono.CD14
ACGTTACAGTAGAGGC-6,GARQ,D18,0,40,37,17,0.049076498,Mono.CD14
CGCCTCATCCGCACAA-6,GARQ,D18,0,40,37,0,0.04769814,B.Naive
TCACATAAGCTTACTT-6,GARQ,D18,0,40,37,0,0.027053475,B.Naive
GAGTATCTCACCAATA-6,GARQ,D18,0,40,37,33,0.02716279,T.CD4.Memory
CGCCTCATCGCGACAC-6,GARQ,D18,0,40,37,30,0.016944647,B.Naive
AAAGGTTAGAACCTAC-6,GARQ,D18,0,40,37,32,0.18089008,T.CD4.Memory
TTGCGAGTCCAAGTGT-6,GARQ,D18,0,40,37,11,0.009226918,Mono.CD14
GCGATTTAGTTGGGCC-6,GARQ,D18,0,40,37,39,0.055959284,T.CD4.Naive
CACAGGCTCTCAATAG-6,GARQ,D18,0,40,37,17,0.13045502,Mono.CD14
CAACCCGCACCTATAG-6,GARQ,D18,0,40,37,30,0.053658962,B.Naive
GGTCGGTTCCCTTGCG-6,GARQ,D18,0,40,37,32,0.019935608,T.CD4.Memory
CGAATATGTAACAGGG-6,GARQ,D18,0,40,37,17,0.028175116,Mono.CD14
TGCTTAAAGACTCGCA-6,GARQ,D18,0,40,37,17,0.06384218,Mono.CD14
GGATGAATCATAACCA-6,GARQ,D18,0,40,37,0,0.0136733055,B.Naive
AATCATGTCAGGTTTA-6,GARQ,D18,0,40,37,8,0.032286882,Mono.CD14
ACACAATGTACCAGGT-6,GARQ,D18,0,40,37,32,0.09140831,T.CD8.Naive
GTCATCCTCGTTTCGC-6,GARQ,D18,0,40,37,14,0.009669304,T.CD4.Memory
CTTACTAGTTTGAGCA-6,GARQ,D18,0,40,37,0,0.035538435,B.Naive
CACAAGCGTCCTAATC-6,GARQ,D18,0,40,37,30,0.042773962,B.Naive
ATGGCTTAGTATTGCA-6,GARQ,D18,0,40,37,17,0.083672225,Mono.CD16
GTGCTCAAGGGCTTAT-6,GARQ,D18,0,40,37,17,0.10350227,Mono.CD14
TTTCAGTTCATTGACA-6,GARQ,D18,0,40,37,17,0.024835408,Mono.CD14
TCAAGGTTCTCACATT-6,GARQ,D18,0,40,37,32,0.034400463,T.CD8.Effector
ACTTACTTCCAGCACA-6,GARQ,D18,0,40,37,10,0.059669614,T.CD8.Effector
ATGCAGGCATTAGCCA-6,GARQ,D18,0,40,37,17,0.052343786,Mono.CD14
AGGTTAGAGAGGAGTC-6,GARQ,D18,0,40,37,14,0.0954591,T.CD8.Effector
CGGAATCGTTTCGCGC-6,GARQ,D18,0,40,37,0,0.014707565,B.Activated
TTCAGTTTCACGCATG-6,GARQ,D18,0,40,37,8,0.04551673,Mono.CD14
GTACTAATCGTTATAG-6,GARQ,D18,0,40,37,4,0.0019671917,B.Naive
CTATTGAAGCGAAGTA-6,GARQ,D18,0,40,37,4,0.03833103,B.Naive
GTTTGTCGTGCACGCA-6,GARQ,D18,0,40,37,30,0.026214242,B.Naive
TGTTGTTTCTAATCCT-6,GARQ,D18,0,40,37,17,0.0133636,Mono.CD14
TTCGGTACATAGCAGG-6,GARQ,D18,0,40,37,0,0.037041545,B.Naive
GTGAGCGAGCGATAGA-6,GARQ,D18,0,40,37,0,0.04107845,B.Naive
CAAGCTAGTTTATCTG-6,GARQ,D18,0,40,37,9,0.05008149,NK
GCTAGCCAGAAGCTAG-6,GARQ,D18,0,40,37,8,0.004823923,Mono.CD14
GCGGTTGGTCATTGAG-6,GARQ,D18,0,40,37,17,0.092892766,Mono.CD14
CTTCATCCATGAATCT-6,GARQ,D18,0,40,37,8,0.04908383,Mono.CD14
TATGCATCAAAGGTAC-6,GARQ,D18,0,40,37,6,0.15482426,B.Naive
TCTAGCCTCCAACTGG-6,GARQ,D18,0,40,37,0,0.02295041,B.Naive
TCCAGGTCAGGACCTT-6,GARQ,D18,0,40,37,39,0.0010471344,T.CD4.Memory
CGGCCATAGTTCCCAC-6,GARQ,D18,0,40,37,17,0.025509834,Mono.CD14
TCAGGTCCAGGCTAAG-6,GARQ,D18,0,40,37,10,0.1987288,T.CD8.Effector
TGGCGGTTCATGCGTG-6,GARQ,D18,0,40,37,30,0.024005413,B.Activated
CTCACAACAGAACCGA-6,GARQ,D18,0,40,37,17,0.05438125,Mono.CD14
GATCGAGCATTGTGAT-6,GARQ,D18,0,40,37,16,0.011108041,NK
CGGGACAAGCAACATC-6,GARQ,D18,0,40,37,32,0.020888329,T.CD4.Memory
AACTTAGTCCTGTTCA-6,GARQ,D18,0,40,37,17,0.10267484,Mono.CD14
TCCTCTAAGGCACAGG-6,GARQ,D18,0,40,37,4,0.02472186,B.Naive
GAACACAAGGAGGTTA-6,GARQ,D18,0,40,37,0,0.0015003681,B.Naive
GTTTCAGCATTAAGTC-6,GARQ,D18,0,40,37,39,0.078086615,T.CD4.Naive
TTATGCGCATAGCGAG-6,GARQ,D18,0,40,37,17,0.008323789,Mono.CD14
CCCAGTTTCTCAATTC-6,GARQ,D18,0,40,37,33,0.029637337,T.CD4.Naive
CAAGAACCAACTAGAA-6,GARQ,D18,0,40,37,0,0.014834881,B.Naive
TTCAACCGTGAGCAAG-6,GARQ,D18,0,40,37,17,0.123880744,Mono.CD14
GCCAATTAGGCGTAAA-6,GARQ,D18,0,40,37,0,0.011159897,B.Naive
GGGCATGAGGTCAAAG-6,GARQ,D18,0,40,37,0,0.0703851,B.Naive
CTAATCTTCATGGTGT-6,GARQ,D18,0,40,37,7,0.07124567,T.CD8.Effector
GAGCTAGCATGCTTAG-6,GARQ,D18,0,40,37,4,0.021291256,B.Naive
TGCACTTGTGTGAGGA-6,GARQ,D18,0,40,37,4,0.0041805506,B.Naive
TCCCTCACACATGCTA-6,GARQ,D18,0,40,37,0,0.037623644,B.Naive
TGGTGATTCGTTCACC-6,GARQ,D18,0,40,37,14,0.049263358,T.CD8.Effector
CTCATCATCTCGCCTG-6,GARQ,D18,0,40,37,39,0.1023674,T.CD4.Naive
GACCTGCAGACTATTG-6,GARQ,D18,0,40,37,11,0.011096716,Mono.CD14
TGGCCTTTCGCACAAT-6,GARQ,D18,0,40,37,8,0.033427477,Mono.CD14
GCACTAAGTCGTTACT-6,GARQ,D18,0,40,37,4,0.040140033,B.Naive
GAGCATGCAGGACCAA-6,GARQ,D18,0,40,37,7,0.025910497,T.CD8.Effector
GTGTGAGCAAACCTAT-6,GARQ,D18,0,40,37,0,0.015675187,B.Naive
TGAAGCAAGACTCGCA-6,GARQ,D18,0,40,37,24,0.055166006,T.CD4.Memory
CATAGCTAGCTCCCTG-6,GARQ,D18,0,40,37,17,0.12443948,Mono.CD14
ATGCATTCACAGGGAC-6,GARQ,D18,0,40,37,24,0.12853968,T.CD4.Memory
AGACACGCATGTTTGG-6,GARQ,D18,0,40,37,9,0.048526168,T.CD8.Effector
TTGTCCCAGGCACAGG-6,GARQ,D18,0,40,37,39,0.034749866,T.CD8.Naive
TAGGTTGGTGTTTGAG-6,GARQ,D18,0,40,37,14,0.12557387,T.CD4.Memory
CTCCAAACAATTTGGT-6,GARQ,D18,0,40,37,0,0.022554755,B.Naive
CGGACCTAGTAAGAAC-6,GARQ,D18,0,40,37,33,0.015824556,T.CD4.Memory
GTTGTGAGTTACTAGG-6,GARQ,D18,0,40,37,0,0.007241845,B.Naive
CGTCATTGTTAGTGAT-6,GARQ,D18,0,40,37,8,0.0012667179,Mono.CD16
CCCTGTTAGCTGTCAG-6,GARQ,D18,0,40,37,13,0.11895442,T.CD4.Memory
ATGTCAATCTTTAAGG-6,GARQ,D18,0,40,37,0,0.07550228,B.Activated
CTCATGCTCCTAATGA-6,GARQ,D18,0,40,37,17,0.06661016,Mono.CD14
CCTGTAACAACTAGCC-6,GARQ,D18,0,40,37,10,0.01887703,T.CD8.Effector
GTTTATCTCTGCAAGT-6,GARQ,D18,0,40,37,39,0.06546348,T.CD4.Memory
TGTTGTGCACAGCCTG-6,GARQ,D18,0,40,37,23,0.015379548,T.CD4.Naive
TAGTAGGAGAATCTCA-6,GARQ,D18,0,40,37,23,0.06389344,T.CD4.Memory
ATCTATGAGCACGTTG-6,GARQ,D18,0,40,37,39,0.1588465,T.CD4.Naive
GTGCTCAAGTGTTGCG-6,GARQ,D18,0,40,37,0,0.00464797,B.Naive
CGGACAACACAATGTT-6,GARQ,D18,0,40,37,6,0.03708005,B.Naive
GCCTTTATCATGCGTG-6,GARQ,D18,0,40,37,0,0.021567822,B.Naive
GCCCAAATCCTTCTAG-6,GARQ,D18,0,40,37,1,0.003375709,T.CD4.Memory
ACAACAACAAGCCACT-6,GARQ,D18,0,40,37,13,0.0496583,T.CD8.Naive
GACGCCTAGCAGCTCA-6,GARQ,D18,0,40,37,9,0.04251069,NK
ATGCAAACACACCAAC-6,GARQ,D18,0,40,37,17,0.15119123,Mono.CD14
ACCTGGATCAGCAAGA-6,GARQ,D18,0,40,37,17,0.10466671,Mono.CD14
GCACGAACAAGGTGGC-6,GARQ,D18,0,40,37,14,0.14793968,NK
GACATTATCTTGTCTG-6,GARQ,D18,0,40,37,0,0.015332222,B.Naive
ATTATGGTCGTTACAA-6,GARQ,D18,0,40,37,24,0.124854326,T.CD4.Naive
AACAAGCCAATTAACC-6,GARQ,D18,0,40,37,14,0.0028006434,T.CD4.Memory
GGAACAATCCATCAGG-6,GARQ,D18,0,40,37,4,0.026440859,B.Naive
GGCGTTATCATCCTGC-6,GARQ,D18,0,40,37,10,0.0005736947,T.CD4.Memory
ATGGCCGGTTGAGCCG-6,GARQ,D18,0,40,37,39,0.06258744,T.CD8.Naive
TCTCAAGCAAGCTTTG-6,GARQ,D18,0,40,37,39,0.07328141,T.CD4.Naive
GACTAATGTTTGAGCA-6,GARQ,D18,0,40,37,0,0.0036005974,B.Naive
AGAAACTAGGCACAGG-6,GARQ,D18,0,40,37,0,0.018114567,B.Naive
GAAGGATGTGGTTATG-6,GARQ,D18,0,40,37,23,0.027477145,T.CD4.Naive
TCTTGACGTTAGGATT-6,GARQ,D18,0,40,37,14,0.0945344,T.CD8.Effector
AGCTACTAGTAACGAG-6,GARQ,D18,0,40,37,23,0.05795312,T.CD4.Naive
AATCCTAAGCTCGCTT-6,GARQ,D18,0,40,37,33,0.0020891428,T.CD4.Naive
CGTTATCGTACCCACC-6,GARQ,D18,0,40,37,17,0.04425907,Mono.CD14
GCGGTTGGTAACTACG-6,GARQ,D18,0,40,37,9,0.017653704,NK
ACCCAGGGTGCGCATG-6,GARQ,D18,0,40,37,14,0.15206039,T.CD4.Memory
CATTTGTTCGTTATAG-6,GARQ,D18,0,40,37,30,0.01989603,B.Naive
ATATGTCCAAACTAAG-6,GARQ,D18,0,40,37,14,0.054581165,T.CD4.Memory
GATGCATTCTAACCAA-6,GARQ,D18,0,40,37,17,0.055673003,Mono.CD14
AACTAGCTCAAGCTAC-6,GARQ,D18,0,40,37,7,0.035936117,NK
TTCCCACAGCCTGAGC-6,GARQ,D18,0,40,37,14,0.095363855,T.CD8.Naive
CCGTTTGGTTGCTGGG-6,GARQ,D18,0,40,37,24,0.10932267,T.CD4.Memory
GCAATAGAGCTGCACA-6,GARQ,D18,0,40,37,39,0.12805533,T.CD4.Memory
ACTTATGAGCATCCAG-6,GARQ,D18,0,40,37,39,0.2215547,T.CD4.Naive
AGCACAGCATTAAGTC-6,GARQ,D18,0,40,37,30,0.0348022,B.Naive
ATTACGTCACAGGGAC-6,GARQ,D18,0,40,37,10,0.019903243,Platelets
CATAACGGTAACGTGC-6,GARQ,D18,0,40,37,17,0.13966787,Mono.CD14
CTAGGCGGTCGCAAAC-6,GARQ,D18,0,40,37,7,0.109035015,NK
CTACCTCAGGAACGGT-6,GARQ,D18,0,40,37,30,0.017021894,B.Naive
GATTACGGTAAAGCGG-6,GARQ,D18,0,40,37,8,0.0719707,Mono.CD14
CAGGCTATCGAAGCGG-6,GARQ,D18,0,40,37,17,0.023008585,Mono.CD14
TACCTCATCATAATCG-6,GARQ,D18,0,40,37,7,0.002052188,NK
CAGCCTAAGGCTGTCA-6,GARQ,D18,0,40,37,32,0.08276653,T.CD8.Naive
TGAGTTTCAGATTCAT-6,GARQ,D18,0,40,37,39,0.070253134,T.CD4.Naive
GAGAAACGTTACAACG-6,GARQ,D18,0,40,37,7,0.08522183,NK
CGCTTGCGTTACTTCA-6,GARQ,D18,0,40,37,20,0.016583443,T.CD8.Effector
TTGTGCGAGTTTCCGC-6,GARQ,D18,0,40,37,14,0.15734172,T.CD4.Memory
CTGCTCCCAACAGCCT-6,GARQ,D18,0,40,37,7,0.013304114,T.CD8.Effector
CTTAGTTTCATCCACC-6,GARQ,D18,0,40,37,13,0.055106163,T.CD4.Naive
CGGATAAAGCATGTTA-6,GARQ,D18,0,40,37,24,0.058857918,T.CD4.Naive
CTAGATTCATTAAGTC-6,GARQ,D18,0,40,37,7,0.014928699,T.CD8.Effector
CAGCATTAGGAACACA-6,GARQ,D18,0,40,37,23,0.044961095,T.CD4.Memory
AAGCTTGGTGTTTCAC-6,GARQ,D18,0,40,37,38,0.018360138,T.CD4.Memory
GGTCGGTTCCTAGTCC-6,GARQ,D18,0,40,37,7,0.101282,NK
AGTGTTTCAAACGGGC-6,GARQ,D18,0,40,37,31,0.1340301,T.CD4.Naive
ATCACACAGGAGGTTA-6,GARQ,D18,0,40,37,31,0.0414052,T.CD4.Memory
ATGAGCCGTTAGAGGG-6,GARQ,D18,0,40,37,6,0.011592269,B.Naive
TCCTGTTCAAATTCGT-6,GARQ,D18,0,40,37,24,0.04111576,T.CD4.Naive
TCCTGTTCAGCCTTGG-6,GARQ,D18,0,40,37,32,0.042182684,T.CD8.Naive
TTCAGTTTCCTAAGAC-6,GARQ,D18,0,40,37,2,0.049210846,T.CD8.Effector
CGGTTATAGCTTTGGG-6,GARQ,D18,0,40,37,30,0.0012938976,B.Naive
TTAGGCCCAGGGAGCT-6,GARQ,D18,0,40,37,10,0.038353086,T.DoubleNegative
TGTGGCTCACTGGCCA-6,GARQ,D18,0,40,37,14,0.012514591,T.CD4.Memory
ACTTAGTCATAGACTT-6,GARQ,D18,0,40,37,31,0.0637455,T.CD4.Memory
AATTCGTCATCTTGAG-6,GARQ,D18,0,40,37,14,0.07837981,T.CD8.Effector
TATAGGTGTTCCGGCT-6,GARQ,D18,0,40,37,18,0.060563505,T.CD4.Memory
ATGTGAGAGGAACACA-6,GARQ,D18,0,40,37,22,0.15743464,NK
CCTACTGGTCCTTAGT-6,GARQ,D18,0,40,37,14,0.17145538,T.CD8.Effector
CTCGCTAGTTAATGAC-6,GARQ,D18,0,40,37,22,0.042951405,T.CD8.Effector
GCCCAAATCATCAGTA-6,GARQ,D18,0,40,37,0,0.048330307,B.Naive
GGTTTCCTCCGGAACC-6,GARQ,D18,0,40,37,38,0.0004312992,T.CD8.Effector
TGCTAACAGCAGGTTT-6,GARQ,D18,0,40,37,32,0.019537449,T.CD4.Naive
TGTAATGTCCTTAGGG-6,GARQ,D18,0,40,37,17,0.20093608,Mono.CD14
GGCTATTAGGTACCGC-6,GARQ,D18,0,40,37,0,0.018432856,B.Naive
GCCTTAACACCTGGTG-6,GARQ,D18,0,40,37,32,0.046041906,T.CD4.Memory
CTCTCACAGCACAGGG-6,GARQ,D18,0,40,37,4,0.025951266,B.Naive
AGAGGATGTTGTCATC-6,GARQ,D18,0,40,37,9,0.023434162,NK
AGGGTTGCAACACTTG-6,GARQ,D18,0,40,37,24,0.106191635,T.CD4.Memory
GAGGCAAGTCTCACTG-6,GARQ,D18,0,40,37,0,0.027042031,B.Naive
TTCACTGTCTTGTTCG-6,GARQ,D18,0,40,37,14,0.059201002,T.CD4.Memory
CCAATATCAAGGTACG-6,GARQ,D18,0,40,37,24,0.061775565,T.CD4.Naive
ACTTAGGGTTGGCGTG-6,GARQ,D18,0,40,37,18,0.04842794,T.CD4.Naive
ACGAGTAAGCACAGAA-6,GARQ,D18,0,40,37,14,0.008829117,T.CD4.Naive
TTGACATCACCTAATG-6,GARQ,D18,0,40,37,18,0.07838893,T.CD8.Naive
AAACCAACAATCTCTC-6,GARQ,D18,0,40,37,13,0.016833186,T.CD4.Naive
ATTGTGATCGAAGCGG-6,GARQ,D18,0,40,37,8,0.010150075,Mono.CD14
AAGACCAAGCGTGCGT-6,GARQ,D18,0,40,37,31,0.06323874,T.CD4.Memory
CAAACCGTCCCGCATT-6,GARQ,D18,0,40,37,23,0.0584023,T.CD4.Memory
GGTCTTGAGCGATACT-6,GARQ,D18,0,40,37,14,0.053400755,T.CD4.Memory
TTAGCTGCACTCAACA-6,GARQ,D18,0,40,37,31,0.045294166,T.CD4.Naive
TCAAGTATCAAGCCTG-6,GARQ,D18,0,40,37,35,0.009111345,T.CD8.Effector
AGGATATAGCATGTTA-6,GARQ,D18,0,40,37,33,0.036671758,T.CD8.Naive
TCATTTGGTATTGCAG-6,GARQ,D18,0,40,37,17,0.07936311,Mono.CD14
GTGTCCAAGCGCTCAA-6,GARQ,D18,0,40,37,14,0.12284291,T.CD4.Memory
CTCAATAAGAGAGGAG-6,GARQ,D18,0,40,37,13,0.004275918,T.CD4.Memory
GTTACAGGTTGTTCAC-6,GARQ,D18,0,40,37,17,0.12551093,Mono.CD14
GATTACTCAGCAGGTA-6,GARQ,D18,0,40,37,24,0.049266934,T.CD4.Memory
TCTAACCGTACGTTTC-6,GARQ,D18,0,40,37,24,0.035345674,T.CD4.Memory
GGTCGGTTCGATAACC-6,GARQ,D18,0,40,37,14,0.12624598,T.CD4.Memory
CTCCGGACAAAGCGGC-6,GARQ,D18,0,40,37,23,0.04772985,T.CD8.Naive
TAGTTTGAGTTAGACC-6,GARQ,D18,0,40,37,14,0.34274864,T.CD4.Memory
CCTGTTGGTTCATTTG-6,GARQ,D18,0,40,37,21,0.04557085,T.CD8.Naive
CTAGATTCAAGTTATC-6,GARQ,D18,0,40,37,14,0.059170008,T.CD4.Memory
ACCTTCCAGGCCAATT-6,GARQ,D18,0,40,37,39,0.040860653,T.CD4.Naive
GGTCCATCAATATACC-6,GARQ,D18,0,40,37,2,0.04103285,T.CD4.Memory
GCCTGCTGTAATGACT-6,GARQ,D18,0,40,37,24,0.0118255615,T.CD4.Naive
CTCAATAAGGAAACTG-6,GARQ,D18,0,40,37,14,0.070440054,T.CD4.Memory
AGAAGGTGTATTTGCC-6,GARQ,D18,0,40,37,22,0.06794143,NK
GGATGAATCGATTTGA-6,GARQ,D18,0,40,37,15,0.005971551,NK
GTTAACGGTCATTACC-6,GARQ,D18,0,40,37,24,0.09518373,T.CD4.Memory
AGCTTTAAGGCGAAAC-6,GARQ,D18,0,40,37,14,0.038440406,T.CD8.Effector
ACTCAGTAGTAGGATG-6,GARQ,D18,0,40,37,24,0.11145353,T.CD4.Naive
AATGAAGGTTAATGAC-6,GARQ,D18,0,40,37,10,0.0035444498,T.CD4.Memory
CAAAGGATCCATAATG-6,GARQ,D18,0,40,37,14,0.14524877,T.CD4.Memory
GCTGATCCAGCAACCT-6,GARQ,D18,0,40,37,14,0.01767838,T.CD8.Effector
AAAGCCGCAACTGGGA-6,GARQ,D18,0,40,37,14,0.07752156,T.CD4.Memory
ACTATGTCAGGCTTGT-6,GARQ,D18,0,40,37,16,0.018373728,T.CD8.Effector
GCTGCAATCATTTGCT-6,GARQ,D18,0,40,37,9,0.08856952,T.CD8.Effector
TCACATAAGGATCACT-6,GARQ,D18,0,40,37,24,0.031859517,T.CD4.Memory
CAGGCTGGTATTGTGG-6,GARQ,D18,0,40,37,19,0.010644078,T.CD4.Memory
TAGTAACGTTAGGTTG-6,GARQ,D18,0,40,37,14,0.016212165,T.CD8.Effector
CATAAGCTCGGTAACT-6,GARQ,D18,0,40,37,9,0.08791745,NK
TCGCCCATCCTGAGTG-6,GARQ,D18,0,40,37,31,0.044149637,T.CD4.Memory
TAGTTGTCAAATTCGT-6,GARQ,D18,0,40,37,14,0.15904129,T.CD8.Effector
TCGTCAACAAGGCCAA-6,GARQ,D18,0,40,37,14,0.069756866,T.CD8.Effector
TACCTTTAGGCCATCA-6,GARQ,D18,0,40,37,32,0.058157563,T.CD8.Naive
ATGCCTGAGGATTGAG-6,GARQ,D18,0,40,37,9,0.014671683,NK
ACATAGCTCGGGACCT-6,GARQ,D18,0,40,37,31,0.014610648,T.CD4.Naive
TGAGTGAAGTTAACCA-6,GARQ,D18,0,40,37,32,0.056221724,T.CD8.Naive
GGCTGAGAGGCTGTGC-6,GARQ,D18,0,40,37,18,0.29991078,T.CD4.Memory
CTGTATTTCTTAGTGA-6,GARQ,D18,0,40,37,14,0.07497406,T.CD4.Memory
TTTGACCGTTAAGCCA-6,GARQ,D18,0,40,37,31,0.051499724,T.CD8.Effector
TTTACGAAGGGACCTC-6,GARQ,D18,0,40,37,24,0.029078245,T.CD4.Memory
GTATTGTCAATAAGCA-6,GARQ,D18,0,40,37,24,0.18582821,T.CD4.Memory
GCGCAAACAGTTTACG-6,GARQ,D18,0,40,37,7,0.03760338,T.CD8.Effector
TACCTTTAGGGACGCA-6,GARQ,D18,0,40,37,29,0.030957937,B.Naive
TCCTCACAGGACAACA-6,GARQ,D18,0,40,37,33,0.03426397,T.CD4.Memory
TTAAGGACAGGTATTT-6,GARQ,D18,0,40,37,14,0.007722378,T.CD4.Memory
ACAGCGCTCTTAGTCT-6,GARQ,D18,0,40,37,18,0.0778929,T.CD4.Naive
GTTCATTTCGAAGTGA-6,GARQ,D18,0,40,37,19,0.011002421,T.CD8.Naive
CAGAACCGTGGAAACG-6,GARQ,D18,0,40,37,18,0.002895832,T.CD4.Naive
GGGAATATCCACAATA-6,GARQ,D18,0,40,37,24,0.023985982,T.CD4.Memory
CAACTAATCTCCATGC-6,GARQ,D18,0,40,37,39,0.14229906,T.CD8.Naive
TAAGCCAGTAAGTCGC-6,GARQ,D18,0,40,37,24,0.009913087,T.CD4.Memory
GACCTCAAGTAGCGCC-6,GARQ,D18,0,40,37,23,0.0088021755,T.CD4.Naive
CCAACCAAGCCTAATA-6,GARQ,D18,0,40,37,21,0.00055503845,T.CD8.Naive
ACCTTCCAGCGCATTG-6,GARQ,D18,0,40,37,33,0.0729363,T.CD4.Naive
CTCCCTGAGCCAAATC-6,GARQ,D18,0,40,37,17,0.078440666,Mono.CD14
CATAATCCATCCTGAA-6,GARQ,D18,0,40,37,32,0.054396033,T.CD4.Naive
GAGCTGCTCGCAATCG-6,GARQ,D18,0,40,37,33,0.029278815,T.CD4.Naive
TGGTTGAGTGGACCTG-6,GARQ,D18,0,40,37,24,0.12583888,T.CD4.Naive
TAAGCTATCTCAATAG-6,GARQ,D18,0,40,37,29,0.10089898,B.Naive
CCTCCTGAGGCTACTG-6,GARQ,D18,0,40,37,9,0.03443563,NK
GTTCCCAGTTACGCGG-6,GARQ,D18,0,40,37,23,0.05564642,T.CD4.Naive
CCAACATAGGAGTCGG-6,GARQ,D18,0,40,37,14,0.06138897,T.CD4.Memory
CGATGTCCACTAGGTC-6,GARQ,D18,0,40,37,10,0.0067908764,T.CD8.Effector
AAATGCCTCCTTCTAG-6,GARQ,D18,0,40,37,14,0.24243414,T.CD4.Memory
GTTTAACCAGGTATTT-6,GARQ,D18,0,40,37,24,0.14113009,T.CD4.Naive
GTACAATGTGACATGC-6,GARQ,D18,0,40,37,18,0.22883677,T.CD8.Naive
TTGGGCCAGTCATGCG-6,GARQ,D18,0,40,37,19,0.024727464,T.CD8.Naive
AGAAACTAGGCTAGAA-6,GARQ,D18,0,40,37,24,0.024704337,T.CD4.Naive
GGGTCACTCACGAATC-6,GARQ,D18,0,40,37,24,0.07183814,T.CD4.Memory
AGTAGGATCATAAGCC-6,GARQ,D18,0,40,37,14,0.087489724,T.CD4.Memory
ATTGCGCCAAGCTAAA-6,GARQ,D18,0,40,37,0,0.06314039,B.Naive
ACTAACTCAATTAGGA-6,GARQ,D18,0,40,37,14,0.047399163,T.CD4.Memory
CCAATATCATGAAATG-6,GARQ,D18,0,40,37,23,0.038778424,T.CD4.Memory
CGTGTGTCACCTGTAA-6,GARQ,D18,0,40,37,24,0.020908237,T.CD4.Naive
GATTATGTCCAGGTCA-6,GARQ,D18,0,40,37,35,0.031539798,T.CD8.Effector
CTTACCTCACATTAAC-6,GARQ,D18,0,40,37,7,0.006164491,NK
ATCCTCATCAAGGACA-6,GARQ,D18,0,40,37,24,0.17737031,T.CD8.Effector
CTCATGACAGCCTGCA-6,GARQ,D18,0,40,37,35,0.0043011904,T.CD8.Effector
GTTAACCAGGCGCACT-6,GARQ,D18,0,40,37,24,0.053121567,T.CD4.Memory
GTTTAACCAGCTTAGC-6,GARQ,D18,0,40,37,18,0.053059697,T.CD8.Effector
ACCTTGCTCAGGAACA-6,GARQ,D18,0,40,37,24,0.018768668,T.CD4.Naive
TGGTTGAGTTCTTTAG-6,GARQ,D18,0,40,37,14,0.01664567,T.CD4.Memory
AGTTGGCGTTAGCGTA-6,GARQ,D18,0,40,37,16,0.027369976,T.CD8.Effector
ATTCCTCCACAGAAAC-6,GARQ,D18,0,40,37,14,0.0771575,T.CD4.Memory
TCCTGTTCACATGCTA-6,GARQ,D18,0,40,37,24,0.0018237829,T.CD8.Naive
AACATAGCAATATGGA-6,GARQ,D18,0,40,37,24,0.09380674,T.CD4.Naive
GCAATGAAGCAAACCT-6,GARQ,D18,0,40,37,23,0.0051628947,T.CD4.Naive
GTCATCCTCATTGCGG-6,GARQ,D18,0,40,37,32,0.013278842,T.CD4.Naive
TCTAGCACATCCTAGA-6,GARQ,D18,0,40,37,33,0.036584854,T.CD4.Naive
CAAGGGAGTAGCCTCC-6,GARQ,D18,0,40,37,24,0.38801277,T.CD4.Naive
TTTGACCGTTAGGCGT-6,GARQ,D18,0,40,37,14,0.040266514,T.CD4.Memory
TGGACGGAGCTCCCTG-6,GARQ,D18,0,40,37,14,0.00037240982,T.CD4.Naive
ATTGCTCGTCACAGAC-6,GARQ,D18,0,40,37,24,0.25113606,T.CD4.Naive
TGGCTTTGTTAGGCTA-6,GARQ,D18,0,40,37,17,0.06292355,Mono.CD14
CGTGTTACAATACTGT-6,GARQ,D18,0,40,37,24,0.026888609,T.CD4.Naive
ATTTGCGCAGTAGGAT-6,GARQ,D18,0,40,37,19,0.018909693,T.CD4.Naive
CGTTATTTCGGTACGC-6,GARQ,D18,0,40,37,14,0.23583603,T.CD4.Memory
AAGCCTTAGGAGGTTA-6,GARQ,D18,0,40,37,24,0.10952854,T.CD8.Naive
ACGACTTAGATGCCTG-6,GARQ,D18,0,40,37,18,0.032309175,T.CD4.Memory
CCACACAAGCTCCTAC-6,GARQ,D18,0,40,37,24,0.0013127327,T.CD4.Naive
CACAGGGAGCCTGACA-6,GARQ,D18,0,40,37,33,0.029218197,T.CD4.Memory
CAATGACTCGGGACCT-6,GARQ,D18,0,40,37,14,0.021377802,T.CD4.Memory
GGTTAATGTGGATGTC-6,GARQ,D18,0,40,37,14,0.050600827,T.CD4.Memory
GGCCTTCGTAGCTAGC-6,GARQ,D18,0,40,37,14,0.15411615,T.CD4.Memory
CAGCATGTCTCCTCAA-6,GARQ,D18,0,40,37,23,0.0009958744,T.CD4.Naive
GTTGCGGGTGCTGGTG-6,GARQ,D18,0,40,37,24,0.04531938,T.CD4.Naive
AGCGGACCAGCAACCT-6,GARQ,D18,0,40,37,9,0.0039926767,NK
CAATCTAAGGTTAGCT-6,GARQ,D18,0,40,37,14,0.23430371,T.CD4.Memory
CATATCGCAGGCGAGT-6,GARQ,D18,0,40,37,0,0.055019498,B.Naive
ACCCAGGGTCAAAGAA-6,GARQ,D18,0,40,37,22,0.011882186,NK
GCTTGTTGTTGTTCAC-6,GARQ,D18,0,40,37,31,0.040439844,T.CD4.Naive
CAAACCGTCGACCTGA-6,GARQ,D18,0,40,37,24,0.019044638,T.CD8.Naive
GATTGTTCACAGAAAC-6,GARQ,D18,0,40,37,33,0.10096645,T.CD4.Memory
CAAGTATGTCAAAGAA-6,GARQ,D18,0,40,37,39,0.17166728,T.CD4.Naive
AAACATGCAGAGAGCC-6,GARQ,D18,0,40,37,7,0.021913052,T.CD8.Effector
CGACAAGCACCGGCTA-6,GARQ,D18,0,40,37,24,0.034188747,T.CD4.Naive
ACAACATGTTGTTGGA-6,GARQ,D18,0,40,37,7,0.19316185,NK
GTGGCTTCAACACTTG-6,GARQ,D18,0,40,37,18,0.03279257,T.CD8.Naive
CCCAACCGTCGCAATA-6,GARQ,D18,0,40,37,24,0.023118138,T.CD8.Naive
TGTTAGCAGTCAGTAC-6,GARQ,D18,0,40,37,24,0.002879858,T.CD4.Naive
AGATGCTTCACGAATC-6,GARQ,D18,0,40,37,18,0.022028089,T.CD4.Naive
CTATGGCCAGGTTCAC-6,GARQ,D18,0,40,37,24,0.070866466,T.CD4.Memory
AAACCGGCAGGACCAA-6,GARQ,D18,0,40,37,24,0.13461196,T.CD4.Naive
ATTGACTCATAAGCAA-6,GARQ,D18,0,40,37,10,0.04079163,T.CD8.Effector
CCTGCTCCATAATGTC-6,GARQ,D18,0,40,37,39,0.035875916,T.CD4.Naive
TTAGTCAAGAAGCTAG-6,GARQ,D18,0,40,37,24,0.021897733,T.CD4.Memory
AGGGCTACATCACTTC-6,GARQ,D18,0,40,37,39,0.026820898,T.CD4.Naive
CGTTAAATCTTACTCG-6,GARQ,D18,0,40,37,34,0.004122734,T.CD8.Effector
TGTTGCACACGAATCC-6,GARQ,D18,0,40,37,24,0.061374545,T.CD4.Naive
AGCAAGGGTCTCACTG-6,GARQ,D18,0,40,37,24,0.15532136,T.CD4.Naive
GGGTGAAGTCCAAGAC-6,GARQ,D18,0,40,37,24,0.059015393,T.CD4.Naive
AGCCGCTAGAATCGCT-6,GARQ,D18,0,40,37,22,0.033380926,NK
GTGATCAGTCACAGCG-6,GARQ,D18,0,40,37,18,0.027459264,T.CD4.Memory
CCAGCCTGTTACCGGG-6,GARQ,D18,0,40,37,24,0.11558044,T.CD4.Memory
CCTCAATGTGGATTGC-6,GARQ,D18,0,40,37,22,0.05767256,Platelets
ACGAAGTCAGCTTAAT-6,GARQ,D18,0,40,37,24,0.23697925,T.CD4.Naive
AGTAACACAGGCTTCG-6,GARQ,D18,0,40,37,24,0.2169137,T.CD8.Naive
ATAATGGCACAACAGG-6,GARQ,D18,0,40,37,24,0.08255792,T.CD4.Memory
GAAGCTAAGCCTGTGA-6,GARQ,D18,0,40,37,20,0.025116801,T.CD4.Memory
GAGCTTGTCGGTCAGC-6,GARQ,D18,0,40,37,14,0.02583766,T.CD4.Memory
ATGGCTGTCATTTGCT-6,GARQ,D18,0,40,37,24,0.047159433,T.CD4.Memory
GCCTAATAGATGCCTG-6,GARQ,D18,0,40,37,24,0.084353626,T.CD4.Memory
AAAGCTTGTAACTACG-6,GARQ,D18,0,40,37,14,0.2071209,T.CD8.Effector
ACACTAATCCTGTTCA-6,GARQ,D18,0,40,37,23,0.0497545,T.CD4.Naive
CCCGCAACAATTGAAG-6,GARQ,D18,0,40,37,24,0.065678954,T.CD4.Memory
TATAGCCAGAAGCTAG-6,GARQ,D18,0,40,37,24,0.0034675598,T.CD4.Memory
TGACTTAAGGTAAGCA-6,GARQ,D18,0,40,37,24,0.0054467916,T.CD4.Memory
CCTTCAATCCTGTTCA-6,GARQ,D18,0,40,37,33,0.038303137,T.CD4.Memory
GTGAATCTCAAGTGAG-6,GARQ,D18,0,40,37,24,0.007585764,T.CD4.Naive
TGTGTTAAGTTAGTGC-6,GARQ,D18,0,40,37,24,0.19797826,T.CD4.Naive
TCAGTGAGTTTAGCGA-6,GARQ,D18,0,40,37,9,0.07657957,NK
CGGAGCAAGACAGGTA-6,GARQ,D18,0,40,37,24,0.15229452,T.CD4.Naive
TTAATCGAGCACTTGG-6,GARQ,D18,0,40,37,24,0.034810543,T.CD4.Naive
TCGTTAGCATGAATAG-6,GARQ,D18,0,40,37,24,0.04385829,T.CD8.Naive
AGGTTGCGTGCTGGTG-6,GARQ,D18,0,40,37,39,0.016062737,T.CD4.Memory
TCAACAATCCTTAAGA-6,GARQ,D18,0,40,37,0,0.03436601,B.Activated
AGGTTACTCATAGACC-6,GARQ,D18,0,40,37,14,0.049357533,T.CD8.Effector
CGGATTAGTGTCACGG-6,GARQ,D18,0,40,37,24,0.07579517,T.CD4.Naive
TTGCGAGTCCCTGTTA-6,GARQ,D18,0,40,37,24,0.11552358,T.CD4.Memory
GCGCTTGCAATGAAGC-6,GARQ,D18,0,40,37,24,0.23055637,T.CD4.Naive
CATCCTGGTAAGCTCA-6,GARQ,D18,0,40,37,24,0.16482449,T.CD4.Naive
GCACGAACAACAGCCT-6,GARQ,D18,0,40,37,24,0.10395861,T.CD4.Memory
AGGTTAACAGTACCGT-6,GARQ,D18,0,40,37,34,0.048038363,T.CD8.Effector
AGACAATAGCCTAACG-6,GARQ,D18,0,40,37,24,0.033352733,T.CD4.Memory
CTCATCATCAATCTAG-6,GARQ,D18,0,40,37,19,0.00045466423,T.CD8.Naive
ACGGTACGTCGTTACT-6,GARQ,D18,0,40,37,31,0.027023435,T.CD4.Naive
CTACTAAAGGATCACT-6,GARQ,D18,0,40,37,24,0.050186634,T.CD8.Naive
CGTTAAATCTGTGCAG-6,GARQ,D18,0,40,37,34,0.12165046,T.DoubleNegative
TGCACCTTCGCTAGTG-6,GARQ,D18,0,40,37,24,0.23390746,T.CD4.Naive
TCTATGTTCTAAGGTC-6,GARQ,D18,0,40,37,9,0.054969013,NK
GTAGTTTCATTGTCCT-6,GARQ,D18,0,40,37,24,0.22025812,T.CD4.Naive
GGATTATGTTGCTTCG-6,GARQ,D18,0,40,37,18,0.059401214,T.CD4.Memory
CTGGATGTCTTTAAGG-6,GARQ,D18,0,40,37,24,0.38320494,T.CD4.Naive
ATCAATCCACCCACCT-6,GARQ,D18,0,40,37,37,0.30783403,T.CD4.Naive
TCAGGAGCATGGAGGC-6,GARQ,D18,0,40,37,31,0.10713494,T.CD4.Naive
TCCGGTTTCATTATGG-6,GARQ,D18,0,40,37,19,0.019114017,T.CD4.Memory
TGGCGGTTCTCCATGC-6,GARQ,D18,0,40,37,16,0.02414155,T.CD8.Effector
CAGAATCTCCCATAAA-6,GARQ,D18,0,40,37,20,0.01989901,T.CD8.Effector
ATATGCATCTAATCAG-6,GARQ,D18,0,40,37,14,0.10860151,T.CD4.Memory
AGTTACATCATCAGTA-6,GARQ,D18,0,40,37,24,0.19272316,T.CD4.Naive
TCTACTAGTAATCGCA-6,GARQ,D18,0,40,37,13,0.0038692951,T.CD4.Memory
GGCTGAGAGGAACGGT-6,GARQ,D18,0,40,37,24,0.09780359,T.CD4.Memory
TGTCATAAGTTAGACC-6,GARQ,D18,0,40,37,21,0.0038084984,T.CD8.Naive
GATTGCAGTGTGTCCC-6,GARQ,D18,0,40,37,21,0.010640383,T.CD8.Naive
ATTAACCCACCTAATG-6,GARQ,D18,0,40,37,24,0.048407197,T.CD4.Memory
TACGCACCATGTTGGC-6,GARQ,D18,0,40,37,24,0.058959126,T.CD4.Naive
CATTCATTCCTCGATC-6,GARQ,D18,0,40,37,24,0.096319914,T.CD4.Naive
GATCAGTTCTTACTCG-6,GARQ,D18,0,40,37,24,0.042589188,T.CD4.Memory
CTTGCATGTTGCAATG-6,GARQ,D18,0,40,37,23,0.009354234,T.CD4.Memory
ATGCCTGAGTTATCTC-6,GARQ,D18,0,40,37,24,0.073313236,T.CD8.Naive
GGTCCTGCATGCTATG-6,GARQ,D18,0,40,37,24,0.18643689,T.CD4.Naive
ATTGCTCGTCATAAGT-6,GARQ,D18,0,40,37,9,0.061086655,NK
ATGACTCAGACAGGTA-6,GARQ,D18,0,40,37,24,0.056621432,T.CD4.Naive
GCTCATTGTGGGTGAA-6,GARQ,D18,0,40,37,24,0.24111581,T.CD4.Naive
GTAGTTTCAATTATGC-6,GARQ,D18,0,40,37,24,0.012636423,T.CD4.Naive
TTAGGCTAGGTCAAAG-6,GARQ,D18,0,40,37,23,0.050540686,T.CD8.Naive
AGAGGAACAATAAGCA-6,GARQ,D18,0,40,37,24,0.28624606,T.CD4.Naive
GCTGACCAGGCCAATT-6,GARQ,D18,0,40,37,7,0.16857922,T.CD8.Effector
GACTCACCACTTAGGC-6,GARQ,D18,0,40,37,33,0.039156616,T.CD4.Naive
ACGAATCTCACAGCGC-6,GARQ,D18,0,40,37,35,0.01981783,T.CD4.Memory
TTTGTTGGTTGTCCAT-6,GARQ,D18,0,40,37,24,0.18070745,T.CD4.Naive
CAAGCTAGTGGTTAGC-6,GARQ,D18,0,40,37,24,0.014172316,T.CD4.Memory
CCTGAGTCATCGCTTT-6,GARQ,D18,0,40,37,24,0.0912354,T.CD4.Memory
ATTACTGAGGCTAAGA-6,GARQ,D18,0,40,37,22,0.08034277,NK
CTAACCACAGCAAATA-6,GARQ,D18,0,40,37,24,0.098330736,T.CD4.Naive
CTTCAATTCCTCATCA-6,GARQ,D18,0,40,37,24,0.022264242,T.CD4.Naive
AGCGCCTAGTATTGTG-6,GARQ,D18,0,40,37,14,0.0983696,T.CD4.Memory
CGTGCTTTCCCGTTTA-6,GARQ,D18,0,40,37,24,0.17233205,T.CD4.Naive
GTCGGTTCAATAGTCT-6,GARQ,D18,0,40,37,18,0.05551094,T.CD8.Naive
GTCTAATCATCGTTCT-6,GARQ,D18,0,40,37,24,0.15758008,T.CD4.Naive
TGCTAGCCATAGCTGC-6,GARQ,D18,0,40,37,31,0.0012638569,T.CD4.Naive
GGATTTATCGCTTCTA-6,GARQ,D18,0,40,37,17,0.062019825,Mono.CD14
CCTGTAACACGAATCC-6,GARQ,D18,0,40,37,33,0.030601501,T.CD4.Naive
AAGGTCAAGCTGCACA-6,GARQ,D18,0,40,37,21,0.07050598,T.CD8.Effector
ACCTCACTCAAACCTA-6,GARQ,D18,0,40,37,31,0.024836302,T.CD4.Naive
GATTCATCATACTCCT-6,GARQ,D18,0,40,37,24,0.21680844,T.CD4.Naive
GTGCTTCTCCATCAGG-6,GARQ,D18,0,40,37,33,0.002906561,T.CD4.Memory
GGGCATGAGCCTGTTC-6,GARQ,D18,0,40,37,24,0.1588571,T.CD4.Naive
TACCAAATCCACCTTA-6,GARQ,D18,0,40,37,14,0.22775018,T.CD4.Memory
TGCGCAGGTCATTGTC-6,GARQ,D18,0,40,37,24,0.22134137,T.CD4.Naive
CAATCGCCAGGCTTGT-6,GARQ,D18,0,40,37,24,0.050915837,T.CD4.Memory
TCCGGAATCGTCAAGT-6,GARQ,D18,0,40,37,22,0.0064420104,NK
CAAGGTTTCCCGTTTA-6,GARQ,D18,0,40,37,24,0.04047376,T.CD4.Naive
TCCCGGACAAGTGAAC-6,GARQ,D18,0,40,37,24,0.06314325,T.CD4.Naive
ACAGGAATCATGGTGT-6,GARQ,D18,0,40,37,33,0.055267036,T.CD4.Memory
CAGCTCAAGTACTGGT-6,GARQ,D18,0,40,37,31,0.012644291,T.CD4.Naive
ATTCCGGAGTCCTTTG-6,GARQ,D18,0,40,37,11,0.010757804,Mono.CD14
GACCTAGTCTTAGCCC-6,GARQ,D18,0,40,37,23,0.05609393,T.CD4.Memory
GCCTATTGTCGCAAAC-6,GARQ,D18,0,40,37,27,0.046595156,T.CD4.Memory
TCGTTATTCTAAGGTC-6,GARQ,D18,0,40,37,24,0.13316154,T.CD4.Memory
CAATGTGGTGTTTGTC-6,GARQ,D18,0,40,37,19,0.004047036,T.CD4.Memory
AAGGATTAGGACCAGG-6,GARQ,D18,0,40,37,17,0.0016326904,Mono.CD14
ACCCTGTTCTGTAAGC-6,GARQ,D18,0,40,37,14,0.040898144,T.CD4.Memory
CCGCACACATCAGTAT-6,GARQ,D18,0,40,37,23,0.019424915,T.CD4.Memory
CTTGCGCGTTTGACCT-6,GARQ,D18,0,40,37,24,0.17344129,T.CD4.Naive
GTCTTGCTCGGTTAGT-6,GARQ,D18,0,40,37,24,0.049108386,T.CD4.Memory
AGCCTAGTCTAGCGAT-6,GARQ,D18,0,40,37,9,0.023682594,T.CD8.Effector
GGACCTCAGAAAGGAA-6,GARQ,D18,0,40,37,24,0.18075025,T.CD4.Memory
ACCTAAGGTAACTACG-6,GARQ,D18,0,40,37,24,0.07267749,T.CD4.Naive
ATTGTGATCAGCCAAT-6,GARQ,D18,0,40,37,24,0.1764993,T.CD4.Memory
ATATGGTGTCGCAATA-6,GARQ,D18,0,40,37,24,0.15049982,T.CD4.Naive
TTAAGGTGTCCAAATG-6,GARQ,D18,0,40,37,22,0.12564003,NK
CAAGAACCATAGCGGA-6,GARQ,D18,0,40,37,14,0.0020623207,T.CD8.Effector
AGTTGGCGTATTGGTG-6,GARQ,D18,0,40,37,14,0.18299246,T.CD4.Memory
AGCAATTGTTGTAACG-6,GARQ,D18,0,40,37,24,0.0062606335,T.CD4.Naive
AGCCGGTTCCGCAAGC-6,GARQ,D18,0,40,37,18,0.026986241,T.CD4.Naive
TGTCAGTAGCTGTCAG-6,GARQ,D18,0,40,37,24,0.00046885014,T.CD4.Memory
TTGCGAGTCTTGCTAT-6,GARQ,D18,0,40,37,24,0.12949193,T.CD4.Naive
GACTTGGTCGTCAAGT-6,GARQ,D18,0,40,37,24,0.07599449,T.CD8.Naive
TAACAAGCAGACAAAC-6,GARQ,D18,0,40,37,19,0.01840508,T.CD4.Memory
TAATGGTGTCATTACC-6,GARQ,D18,0,40,37,24,0.03419733,T.CD8.Naive
GGACAGCCATTCCTCG-6,GARQ,D18,0,40,37,38,0.06698722,T.CD4.Memory
AGCTCATAGGACCAGG-6,GARQ,D18,0,40,37,13,0.00046396255,T.CD8.Naive
GTGAGGAGTTAGACCA-6,GARQ,D18,0,40,37,19,0.021075249,T.CD4.Memory
AGGTATTGTGTCCAGG-6,GARQ,D18,0,40,37,24,0.18961835,T.CD4.Memory
GGCCATCAGGCTTAAC-6,GARQ,D18,0,40,37,23,0.016243458,T.CD4.Naive
CCTACTTCAGGAAGCC-6,GARQ,D18,0,40,37,24,0.15221214,T.CD8.Naive
AAGTGAAGTTGTGACA-6,GARQ,D18,0,40,37,8,0.025761127,Mono.CD14
ATATGCTCAGGACACA-6,GARQ,D18,0,40,37,20,0.041942418,T.CD4.Memory
TGATTGCAGGCTAAGA-6,GARQ,D18,0,40,37,24,0.12018299,T.CD4.Memory
TCCACAACACCCACCT-6,GARQ,D18,0,40,37,33,0.0051953793,T.CD4.Memory
GGCAATCGTTAGTACG-6,GARQ,D18,0,40,37,19,0.010215044,T.CD4.Naive
CGTGAGGAGTGGACAA-6,GARQ,D18,0,40,37,24,0.031550646,T.CD4.Naive
TGGACCGGTCGACTCC-6,GARQ,D18,0,40,37,8,0.08592057,Mono.CD14
CACAATATCCTGGTCT-6,GARQ,D18,0,40,37,24,0.03522885,T.CD4.Naive
ATCCTCATCTTAATGG-6,GARQ,D18,0,40,37,24,0.019638062,T.CD4.Naive
TCACCTGGTTCCTCCT-6,GARQ,D18,0,40,37,14,0.08496821,T.CD4.Memory
TGTGCAAGTCACGGAT-6,GARQ,D18,0,40,37,0,0.00076699257,B.Naive
GCGGATACATACTCCT-6,GARQ,D18,0,40,37,22,0.13057303,NK
CATCCTGGTAAATTGC-4,GARQ,D18,0,40,37,4,0.04404092,B.Naive
AGTTACTCAAGGATTA-4,GARQ,D18,0,40,37,10,0.009446263,T.CD8.Effector
TATCGCACATTATGCG-4,GARQ,D18,0,40,37,17,0.09144175,Mono.CD14
TCTTAGTTCCTAAGAC-4,GARQ,D18,0,40,37,32,0.07626772,T.CD4.Naive
ACGAATCTCTTTGTAC-4,GARQ,D18,0,40,37,17,0.030446231,Mono.CD14
AGCTTAATCTGTGAGT-4,GARQ,D18,0,40,37,32,0.023055315,T.CD4.Memory
TACCTCATCTTGGACG-4,GARQ,D18,0,40,37,4,0.033276558,B.Activated
CCAACCCGTTAGCGTA-4,GARQ,D18,0,40,37,39,0.1435821,T.CD4.Memory
CGAATCTAGGAGGCAT-4,GARQ,D18,0,40,37,17,0.00466007,Mono.CD14
GGTCATTAGATTGAGG-4,GARQ,D18,0,40,37,26,0.0008620024,Mono.CD14
GGTCAGGAGGTAAGGC-4,GARQ,D18,0,40,37,17,0.086585045,Mono.CD14
TGCTAACAGGCTACAT-4,GARQ,D18,0,40,37,14,0.051827073,T.CD8.Effector
TCTCAATTCCAGGTCA-4,GARQ,D18,0,40,37,8,0.004561901,Mono.CD14
AGGGTTGCAATACTGT-4,GARQ,D18,0,40,37,10,0.02877742,T.CD8.Effector
TATAGCCAGGAACCGG-4,GARQ,D18,0,40,37,17,0.13991392,T.CD4.Memory
CCCTTAATCATTGCGG-4,GARQ,D18,0,40,37,17,0.058627844,Mono.CD14
CCTAAAGGTTGAGCCG-4,GARQ,D18,0,40,37,28,0.004323721,T.CD8.Effector
TTGTGAGGTAACGGGA-4,GARQ,D18,0,40,37,17,0.15799117,Mono.CD14
CGAAATGAGGCTAGAA-4,GARQ,D18,0,40,37,16,0.01377362,Platelets
TTACCGTGTAAATTGC-4,GARQ,D18,0,40,37,17,0.09179962,Mono.CD14
CCTAAAGGTAGGATCC-4,GARQ,D18,0,40,37,14,0.075267136,T.CD4.Memory
TCAGTAATCTAACCTT-4,GARQ,D18,0,40,37,32,0.010620832,T.CD4.Memory
AGGATATAGCTTGCTC-4,GARQ,D18,0,40,37,17,0.0033963919,Mono.CD14
CGCTCCATCTTTGAGA-4,GARQ,D18,0,40,37,8,0.035717964,Mono.CD14
CTGGCTAAGTGGACAA-4,GARQ,D18,0,40,37,4,0.044183135,B.Naive
GCTGTACCAGGACCAA-4,GARQ,D18,0,40,37,4,0.069853306,B.Naive
CAATCTAAGTGATTCA-4,GARQ,D18,0,40,37,17,0.06950426,Mono.CD14
CTATGAGGTCGAAGTC-4,GARQ,D18,0,40,37,14,0.11018062,T.CD8.Effector
ACCATAATCATGACCG-4,GARQ,D18,0,40,37,17,0.07308507,Mono.CD14
TGCTGGATCGGCCATA-4,GARQ,D18,0,40,37,17,0.05759746,Mono.CD16
GAGCTGCTCAATTGGC-4,GARQ,D18,0,40,37,11,0.014632583,Mono.CD14
ATTTAGGTCCCTTGCG-4,GARQ,D18,0,40,37,4,0.061353445,B.Naive
TAGGCTTAGGAAGCAC-4,GARQ,D18,0,40,37,8,0.010284424,Mono.CD14
GCCATTACAAACTGTT-4,GARQ,D18,0,40,37,8,0.03286338,Mono.CD14
CCTACTGGTATACTGG-4,GARQ,D18,0,40,37,17,0.1841104,Mono.CD14
GAACCAGCACTGACTA-4,GARQ,D18,0,40,37,0,0.051843643,B.Naive
GGAGTCTGTGCGCATG-4,GARQ,D18,0,40,37,11,0.027823925,Mono.CD14
AAGCGTTTCAAACCTA-4,GARQ,D18,0,40,37,8,0.06519365,Mono.CD14
AGCAAGGGTGAATCGC-4,GARQ,D18,0,40,37,14,0.08123398,T.CD4.Memory
CATGCGCAGTAAGTGG-4,GARQ,D18,0,40,37,10,0.084729314,T.CD8.Effector
CAACTAATCTCTAGCC-4,GARQ,D18,0,40,37,17,0.05876273,Mono.CD14
CATGGCGGTATCTGGA-4,GARQ,D18,0,40,37,4,0.018645048,B.Naive
TCAAACCAGTGAGCAA-4,GARQ,D18,0,40,37,0,0.023697853,B.Naive
ACAACAGAGGTTAGAG-4,GARQ,D18,0,40,37,10,0.0055589676,T.CD8.Effector
TAGTAGGAGGCAATAG-4,GARQ,D18,0,40,37,30,0.07809353,B.Naive
TTGGCGGGTGAAGCCT-4,GARQ,D18,0,40,37,8,0.023569345,Mono.CD14
CCTATAGCAGTAAGTA-4,GARQ,D18,0,40,37,30,0.03485334,B.Naive
GCCTTTATCCGTAAAC-4,GARQ,D18,0,40,37,8,0.05940771,Mono.CD14
TAGCTTAAGCTCGCTT-4,GARQ,D18,0,40,37,30,0.011371136,B.Naive
CGAGTCGGTAGGTTAT-4,GARQ,D18,0,40,37,38,0.034023225,T.CD4.Memory
AACTGTTCAAGGAATC-4,GARQ,D18,0,40,37,30,0.08976698,B.Naive
AATTGTGTCGATTTAG-4,GARQ,D18,0,40,37,17,0.022787929,Mono.CD14
AGGCTAAAGCTGCACA-4,GARQ,D18,0,40,37,17,0.031229913,Mono.CD14
CTGACATAGGCCTAAT-4,GARQ,D18,0,40,37,4,0.065374136,B.Naive
CTCACAACAAGGTCCT-4,GARQ,D18,0,40,37,26,0.0108315945,Mono.CD14
CCTTAGTGTTTGCGAA-4,GARQ,D18,0,40,37,8,0.010787666,Mono.CD14
AAGACAAGTTAACAGT-4,GARQ,D18,0,40,37,17,0.06444979,Mono.CD14
GCAATCTAGAAAGCAT-4,GARQ,D18,0,40,37,30,0.020381212,B.Naive
AGTATAGCATAGACCC-4,GARQ,D18,0,40,37,39,0.2553817,T.CD8.Naive
CCCGTTGTCTCACATT-4,GARQ,D18,0,40,37,6,0.02175486,B.Naive
TGCACCTTCCCGCAAA-4,GARQ,D18,0,40,37,17,0.099297285,Mono.CD14
GCACTAAGTTACGCGG-4,GARQ,D18,0,40,37,0,0.028721333,B.Naive
CGCTAATAGGAACCGG-4,GARQ,D18,0,40,37,4,0.07318282,B.Naive
GCCAACATCCTAAGGT-4,GARQ,D18,0,40,37,17,0.051500678,Mono.CD14
CCGACAGGTTATCCGT-4,GARQ,D18,0,40,37,4,0.03297782,B.Naive
TTGCTTAGTTGGCGTG-4,GARQ,D18,0,40,37,0,0.109375715,B.Naive
GATGACTTCCCTCAAC-4,GARQ,D18,0,40,37,17,0.16835499,Mono.CD14
ACGACTTAGCCTCTGT-4,GARQ,D18,0,40,37,4,0.023723602,B.Naive
GTACTTCGTAAACAAG-4,GARQ,D18,0,40,37,4,0.07693076,B.Naive
CCATAAATCATTTGTC-4,GARQ,D18,0,40,37,4,0.013135433,B.Naive
GTTGCGGGTCAAGTGC-4,GARQ,D18,0,40,37,17,0.09714973,Mono.CD14
GACTTGGTCTAATTGG-4,GARQ,D18,0,40,37,17,0.100672126,Mono.CD16
TTATCCTAGGGTTAGA-4,GARQ,D18,0,40,37,8,0.017284393,Mono.CD14
CGAGGCAAGGCATGTT-4,GARQ,D18,0,40,37,39,0.104083836,T.CD4.Naive
GTGAGGAGTTAGTGAT-4,GARQ,D18,0,40,37,14,0.15098596,T.CD4.Memory
CCTGAGTCAATAATGG-4,GARQ,D18,0,40,37,17,0.07994878,Mono.CD14
GCAGGACCATGCATAT-4,GARQ,D18,0,40,37,21,0.012455106,T.CD8.Effector
TGTTACTTCGAAGCGG-4,GARQ,D18,0,40,37,26,0.008796811,Mono.CD14
GAGCTTGTCCGTGACA-4,GARQ,D18,0,40,37,17,0.0854736,Mono.CD14
GCCTTACTCTGTTGCC-4,GARQ,D18,0,40,37,0,0.018804312,B.Naive
TACTGCACACGTGCTG-4,GARQ,D18,0,40,37,17,0.052330732,Mono.CD14
TCTTCAAGTTCAAGCA-4,GARQ,D18,0,40,37,8,0.019173145,Mono.CD14
GGATTCAGTTAGAGGG-4,GARQ,D18,0,40,37,22,0.021249533,Mono.CD14
TGAAGCAAGTTCCTGC-4,GARQ,D18,0,40,37,11,0.005438566,Mono.CD14
TATCACGCACCTACTT-4,GARQ,D18,0,40,37,17,0.0462752,Mono.CD14
CAACAATGTTTAACGG-4,GARQ,D18,0,40,37,14,0.0983721,T.CD8.Effector
TACGGTTAGGCTAATC-4,GARQ,D18,0,40,37,39,0.15386462,T.CD4.Naive
CCTGTTGGTGGGTGAA-4,GARQ,D18,0,40,37,17,0.19515598,Mono.CD14
TAACCGGTCCTCCATA-4,GARQ,D18,0,40,37,17,0.015647888,Mono.CD14
CGTAACTAGTGATTCA-4,GARQ,D18,0,40,37,0,0.010912299,B.Activated
TGACTTCGTTGTGATG-4,GARQ,D18,0,40,37,0,0.01593399,B.Naive
AGGATATAGAGCCGCT-4,GARQ,D18,0,40,37,30,0.00029098988,B.Naive
GGAGGTTAGGTCCGTA-4,GARQ,D18,0,40,37,0,0.09032488,B.Naive
GAAGCCTGTACGCGCA-4,GARQ,D18,0,40,37,4,0.029029608,B.Naive
TTTACGCGTGCGCGTA-4,GARQ,D18,0,40,37,14,0.07292652,T.CD4.Memory
CTGAAACTCAGCATTA-4,GARQ,D18,0,40,37,4,0.010314941,B.Naive
TTGCGAGTCCTTAGGG-4,GARQ,D18,0,40,37,0,0.035562396,B.Naive
GCAGGACCACAATACT-4,GARQ,D18,0,40,37,30,0.0075463057,B.Naive
ACTGAATGTTCACCAT-4,GARQ,D18,0,40,37,17,0.056292295,Mono.CD14
AAGCCTCCACATACTG-4,GARQ,D18,0,40,37,0,0.039212942,B.Naive
GCCCATAAGGCCATCA-4,GARQ,D18,0,40,37,4,0.061074495,B.Naive
TTTGACTTCTAATCTC-4,GARQ,D18,0,40,37,30,0.026380062,B.Naive
CTGTTGGAGGCATGAA-4,GARQ,D18,0,40,37,6,0.014651418,B.Naive
CTCCGGACAGCATTAT-4,GARQ,D18,0,40,37,17,0.051583767,Mono.CD14
CGTATTGCAATTTGGT-4,GARQ,D18,0,40,37,4,0.040934086,B.Naive
GTTTAGCAGGCGGATG-4,GARQ,D18,0,40,37,32,0.16106701,T.CD8.Effector
GCTAATATCTATCGCC-4,GARQ,D18,0,40,37,17,0.039892554,Mono.CD14
TGATGAACAGGAATCG-4,GARQ,D18,0,40,37,17,0.09140897,Mono.CD14
TTGTCAAAGTAACCCG-4,GARQ,D18,0,40,37,6,0.0045534372,B.Naive
CTCACAACAGGCCTTG-4,GARQ,D18,0,40,37,17,0.008453846,Mono.CD14
CAGGGCTTCATTACAG-4,GARQ,D18,0,40,37,17,0.066372395,Mono.CD14
TGCCATTGTGCTTTAC-4,GARQ,D18,0,40,37,0,0.017664194,B.Activated
GGATATTGTGCAATGC-4,GARQ,D18,0,40,37,39,0.2500732,T.CD4.Naive
GTCAAACTCGCTAGCA-4,GARQ,D18,0,40,37,4,0.018089652,B.Naive
AGCTTTAAGCTATTGA-4,GARQ,D18,0,40,37,17,0.030292094,Mono.CD14
ATGCAAACACGTTACA-4,GARQ,D18,0,40,37,17,0.047864616,Mono.CD14
CTTGGACCAGGCATCT-4,GARQ,D18,0,40,37,17,0.014628172,Mono.CD14
CTCCGGACACAATGTT-4,GARQ,D18,0,40,37,7,0.14966011,NK
CGCTACTTCTCGCCTG-4,GARQ,D18,0,40,37,17,0.053206623,Mono.CD14
TACCTTTAGCATGACT-4,GARQ,D18,0,40,37,30,0.021371365,B.Naive
AGTTATGTCCTCCATA-4,GARQ,D18,0,40,37,17,0.121263385,Mono.CD14
GCAGCTATCTTGTCTG-4,GARQ,D18,0,40,37,32,0.04399371,T.CD4.Memory
CAGAATCTCCCTGGTT-4,GARQ,D18,0,40,37,17,0.1276424,Mono.CD14
GTATTCAAGGAACCAA-4,GARQ,D18,0,40,37,4,0.01608491,B.Naive
CTATTACTCGCTATAA-4,GARQ,D18,0,40,37,4,0.013729453,B.Naive
CCCAACCGTGCTCCGT-4,GARQ,D18,0,40,37,14,0.019931078,T.CD4.Memory
CGCGGATTCGCTCCAT-4,GARQ,D18,0,40,37,4,0.045051217,B.Naive
GTCATGAGTTGAAGCC-4,GARQ,D18,0,40,37,17,0.19748616,Mono.CD14
TATGACATCTTTAGGA-4,GARQ,D18,0,40,37,30,0.08144426,B.Naive
CTCCCTGAGGCAATAG-4,GARQ,D18,0,40,37,8,0.0031403303,DC.Myeloid
TGGTTGAGTTAGCGTA-4,GARQ,D18,0,40,37,14,0.16970348,T.CD8.Effector
ATGGTCTAGGAAGCAC-4,GARQ,D18,0,40,37,8,0.012620211,Mono.CD14
ACCACATAGGCACAGG-4,GARQ,D18,0,40,37,30,0.02038455,B.Naive
TTTGACTTCATGTCAA-4,GARQ,D18,0,40,37,33,0.0038087368,T.CD4.Memory
TGTAAGTGTTAGTTGG-4,GARQ,D18,0,40,37,0,0.07132888,B.Naive
GATAACGAGGATTGCT-4,GARQ,D18,0,40,37,0,0.010616064,B.Naive
CATTTGTTCGCTAGCA-4,GARQ,D18,0,40,37,14,0.0044344068,T.CD4.Memory
GCACGCTAGTTAGACC-4,GARQ,D18,0,40,37,14,0.018769383,T.CD4.Memory
GTGTCCAAGTATTGTG-4,GARQ,D18,0,40,37,17,0.051547408,Mono.CD14
TTTCTCACAGCCAGTT-4,GARQ,D18,0,40,37,2,0.06786907,T.CD8.Effector
GCTTCGCGTTATCCGT-4,GARQ,D18,0,40,37,14,0.011813045,T.CD4.Memory
TGTGCGCAGTCTTGAA-4,GARQ,D18,0,40,37,13,0.016387045,T.CD4.Memory
ATAATGGCAGCATTAT-4,GARQ,D18,0,40,37,17,0.05647701,Mono.CD14
CGAAGCCTCAAGCTTA-4,GARQ,D18,0,40,37,17,0.10727048,Mono.CD14
GGCATGGAGGTGCTGC-4,GARQ,D18,0,40,37,14,0.05072683,T.CD4.Memory
GTGTAACTCAATGAGG-4,GARQ,D18,0,40,37,9,0.07175964,T.CD4.Memory
TGGCTAAGTAATTAGC-4,GARQ,D18,0,40,37,17,0.11145091,Mono.CD16
GTATTGCAGCCTGATG-4,GARQ,D18,0,40,37,17,0.10553837,Mono.CD14
ACTTCGCTCGTTTCCA-4,GARQ,D18,0,40,37,14,0.11903441,T.CD4.Memory
CCCAAATAGCTGTACG-4,GARQ,D18,0,40,37,17,0.112942696,Mono.CD14
GAGAAACGTACTGATG-4,GARQ,D18,0,40,37,39,0.16565883,T.CD8.Naive
CTCTTGATCGCGACAC-4,GARQ,D18,0,40,37,0,0.014876127,B.Naive
GAAGTATAGCTAATTG-4,GARQ,D18,0,40,37,14,0.00595212,T.CD4.Memory
TATAACCCAGTAATAG-4,GARQ,D18,0,40,37,7,0.1884309,NK
TGACTCCTCCGCCTCA-4,GARQ,D18,0,40,37,10,0.065404,T.CD8.Effector
CCTAAGTAGCCGCAGT-4,GARQ,D18,0,40,37,14,0.09627068,T.CD8.Effector
ACCTTGTGTAAGCACC-4,GARQ,D18,0,40,37,10,0.108409405,T.CD8.Effector
ATTACCCGTAACCTAG-4,GARQ,D18,0,40,37,8,0.069824815,Mono.CD14
ATGACCAGTTGTCCAT-4,GARQ,D18,0,40,37,0,0.021350145,B.Naive
AGCAACAAGAACCTAC-4,GARQ,D18,0,40,37,0,0.002039671,B.Naive
GGCTTCAAGGAACCAA-4,GARQ,D18,0,40,37,30,0.007234335,B.Naive
GATCAGGCAAGGCCAA-4,GARQ,D18,0,40,37,14,0.18897676,T.CD4.Memory
GGACCTCAGACAAGTG-4,GARQ,D18,0,40,37,39,0.14751625,T.CD4.Memory
CCATATTTCCAGGTCA-4,GARQ,D18,0,40,37,30,0.026746273,B.Naive
CAGGCTATCAGGTCCA-4,GARQ,D18,0,40,37,30,0.02265191,B.Activated
CAGGGCTTCTCAATGA-4,GARQ,D18,0,40,37,17,0.122122645,Mono.CD14
TGAGGGCCATTGTGGC-4,GARQ,D18,0,40,37,4,0.084341526,B.Naive
ACACGGACAGAGAGCC-4,GARQ,D18,0,40,37,14,0.08050144,T.CD4.Memory
CGTGACATCCATAATG-4,GARQ,D18,0,40,37,24,0.096916854,T.CD8.Naive
CTGAAACTCGACAAAG-4,GARQ,D18,0,40,37,23,0.039143205,T.CD4.Naive
TGCAAGCGTGATGAAA-4,GARQ,D18,0,40,37,8,0.06454027,Mono.CD14
TTGTTTGGTGGTGAGA-4,GARQ,D18,0,40,37,33,0.034836948,T.CD4.Memory
GCCTCAAAGCACCACA-4,GARQ,D18,0,40,37,0,0.0029543638,B.Naive
CCTAAAGGTTAGAGCC-4,GARQ,D18,0,40,37,7,0.051415324,NK
GCGTAACGTCATTACC-4,GARQ,D18,0,40,37,14,0.07728255,T.CD8.Effector
AGAGGAACACAAACTT-4,GARQ,D18,0,40,37,14,0.057163715,T.CD4.Memory
GAGCATGCAAAGGTAC-4,GARQ,D18,0,40,37,14,0.25595796,T.CD8.Effector
TGAGTTTCATTGTTGG-4,GARQ,D18,0,40,37,14,0.021309376,T.CD4.Memory
TCATTGCGTTACGCGG-4,GARQ,D18,0,40,37,10,0.1690712,T.CD4.Memory
ATAACGACAGGCTAGA-4,GARQ,D18,0,40,37,14,0.07455921,T.CD4.Memory
AAACGGATCATGGCTG-4,GARQ,D18,0,40,37,0,0.047706604,B.Naive
CAACCCGCATGTTGTG-4,GARQ,D18,0,40,37,0,0.033780694,B.Naive
TCAGCAAGTGCTCCAC-4,GARQ,D18,0,40,37,10,0.09609437,T.CD4.Memory
TCACCTGGTGATGAAA-4,GARQ,D18,0,40,37,24,0.077112734,T.CD8.Naive
ATGTTCAAGGACTTAC-4,GARQ,D18,0,40,37,39,0.092365265,T.CD8.Naive
TATGACTCACCAGGTT-4,GARQ,D18,0,40,37,22,0.013963699,NK
GTTTAACCAATGAATG-4,GARQ,D18,0,40,37,14,0.0015566945,T.CD4.Memory
GGACATAAGTAGCTTA-4,GARQ,D18,0,40,37,30,0.06849623,B.Naive
CGTTAAATCGCATTAA-4,GARQ,D18,0,40,37,9,0.002836585,NK
CTCATCATCAGGAAGC-4,GARQ,D18,0,40,37,34,0.0054095984,T.CD8.Effector
TTAGCGGTCCCATAGG-4,GARQ,D18,0,40,37,9,0.052239656,NK
CGATCCTTCCGGAACC-4,GARQ,D18,0,40,37,17,0.05168259,Mono.CD14
ATGGCCGGTTAGGCGT-4,GARQ,D18,0,40,37,14,0.0018372536,T.CD8.Effector
GGAACTAAGGGTCCAC-4,GARQ,D18,0,40,37,1,0.013483405,T.CD4.Memory
CCGCCAACAGTAGCCT-4,GARQ,D18,0,40,37,24,0.09580922,T.CD8.Naive
ATATAGGCAACACCTA-4,GARQ,D18,0,40,37,14,0.004991293,T.CD8.Naive
GGACGGATCATCCTCA-4,GARQ,D18,0,40,37,39,0.04650694,T.CD4.Naive
ATTATGGTCGCGACAC-4,GARQ,D18,0,40,37,0,0.016148567,B.Naive
GAACACAAGGCTACTG-4,GARQ,D18,0,40,37,7,0.06619042,NK
AGTGCGGAGAGGATAT-4,GARQ,D18,0,40,37,7,0.041747212,NK
GTTTAACCACAAAGAC-4,GARQ,D18,0,40,37,14,0.004077971,T.CD4.Memory
TGGCCAATCACAGACT-4,GARQ,D18,0,40,37,34,0.023917735,T.CD4.Memory
GGATGGCCACAGGGAC-4,GARQ,D18,0,40,37,9,0.08407873,T.CD8.Effector
CTTGTCCAGTGAGCGG-4,GARQ,D18,0,40,37,9,0.054038763,T.CD8.Effector
GCGTAACGTCACGGAT-4,GARQ,D18,0,40,37,39,0.0744071,T.CD8.Naive
GGCGATACAAGGAATC-4,GARQ,D18,0,40,37,15,0.03254187,NK
GAGGTTAAGGTTTACA-4,GARQ,D18,0,40,37,39,0.021859884,T.CD4.Memory
ATATGGTGTCGTTACT-4,GARQ,D18,0,40,37,23,0.015510678,T.CD4.Naive
ACCTCACTCGTTATCT-4,GARQ,D18,0,40,37,17,0.0028626323,Mono.CD14
AAAGCGGGTACTTAGG-4,GARQ,D18,0,40,37,17,0.0028910637,Mono.CD14
TGAGGTGCATGCTATG-4,GARQ,D18,0,40,37,33,0.01013875,T.CD4.Memory
GGTCCATCATGCAACC-4,GARQ,D18,0,40,37,4,0.01837504,B.Naive
TTAGGCGTCGATTATG-4,GARQ,D18,0,40,37,7,0.18503994,NK
TATCACAAGCATTAGC-4,GARQ,D18,0,40,37,32,0.007422447,T.CD8.Naive
AAGTTACGTACCGGAT-4,GARQ,D18,0,40,37,14,0.07192576,T.CD4.Memory
AGGTATTGTTCAAGCA-4,GARQ,D18,0,40,37,4,0.0015869141,B.Naive
ATTGGTTCACACAATT-4,GARQ,D18,0,40,37,32,0.033609867,T.CD4.Memory
TCGTGCTTCATGCTCC-4,GARQ,D18,0,40,37,22,0.036632895,NK
CTAAGGTTCAGCAAAG-4,GARQ,D18,0,40,37,19,0.07850784,T.CD4.Naive
ACGCTTGAGACTCGCA-4,GARQ,D18,0,40,37,39,0.052954316,T.CD4.Naive
GTGAATCTCACGCCAA-4,GARQ,D18,0,40,37,39,0.036919117,T.CD4.Naive
ACGCTTGAGGTTTGAC-4,GARQ,D18,0,40,37,10,0.06287515,T.CD8.Effector
CCTGAGTCAGGAAGCC-4,GARQ,D18,0,40,37,2,0.020207882,T.CD4.Naive
TTTAGCTTCAATAGCC-4,GARQ,D18,0,40,37,18,0.020724535,T.CD8.Effector
CAGGACCTCTACCTGC-4,GARQ,D18,0,40,37,21,0.05858755,T.CD8.Naive
CTATGACAGGTGTTAC-4,GARQ,D18,0,40,37,32,0.06225735,T.CD8.Naive
AATGCAACAGGTTACC-4,GARQ,D18,0,40,37,16,0.0034188032,T.CD4.Memory
AGCCTAAGTAACAGGG-4,GARQ,D18,0,40,37,0,0.053878784,B.Naive
ATGCTTAAGAATCTCA-4,GARQ,D18,0,40,37,21,0.06520975,T.CD8.Effector
CACTTTGTCATGCTTT-4,GARQ,D18,0,40,37,30,0.0024170876,B.Naive
GGATTTATCTATCGCC-4,GARQ,D18,0,40,37,4,0.094522,B.Naive
AAGTCTATCTCACTCA-4,GARQ,D18,0,40,37,33,0.028638959,T.CD8.Naive
AGTGTTTCACTCGCTC-4,GARQ,D18,0,40,37,22,0.10980451,NK
CTTTGGGAGAAAGGAA-4,GARQ,D18,0,40,37,14,0.029386401,T.CD4.Memory
CGCACACAGGCATTGT-4,GARQ,D18,0,40,37,39,0.034273863,T.CD8.Naive
TTGAGGCGTAACCACA-4,GARQ,D18,0,40,37,32,0.011192918,T.CD8.Naive
GTCGAGGAGGCATTAC-4,GARQ,D18,0,40,37,4,0.012312889,B.Naive
GGTTAATGTATCTGGA-4,GARQ,D18,0,40,37,14,0.065392196,T.CD8.Effector
CAAGGCCTCCTTAGGG-4,GARQ,D18,0,40,37,9,0.02664727,T.CD8.Effector
TAGTGGCGTGCAATGC-4,GARQ,D18,0,40,37,33,0.05888343,T.CD4.Memory
TGAGGAGGTTCTTTAG-4,GARQ,D18,0,40,37,18,0.055213213,T.CD4.Memory
AACCTAATCGTTAACA-4,GARQ,D18,0,40,37,4,0.058449864,B.Naive
TACGGATTCCGGAACC-4,GARQ,D18,0,40,37,39,0.003328085,T.CD4.Memory
TAGACCAGTGCAATGC-4,GARQ,D18,0,40,37,10,0.02114582,T.CD8.Effector
CAAGAACCAACGTGCT-4,GARQ,D18,0,40,37,24,0.015912056,T.CD4.Memory
GTTAAACGTACCAGGT-4,GARQ,D18,0,40,37,23,0.04358673,T.CD8.Naive
AGCTAGTTCCTGAGTG-4,GARQ,D18,0,40,37,33,0.012694836,T.CD4.Naive
CTGTAACAGGGACCTC-4,GARQ,D18,0,40,37,14,0.06727445,T.CD8.Naive
TTTAGCAAGTTTGCGG-4,GARQ,D18,0,40,37,33,0.01754427,T.CD8.Naive
GTGAGGAGTGAGCGAA-4,GARQ,D18,0,40,37,24,0.08161104,T.CD4.Naive
GTAGCGCTCTGGCATG-4,GARQ,D18,0,40,37,32,0.0043604374,T.CD4.Memory
CGGTTATAGCTCCTTA-4,GARQ,D18,0,40,37,14,0.023172498,T.CD4.Memory
TGTCAGTAGGATGATG-4,GARQ,D18,0,40,37,14,0.018239379,T.CD4.Memory
GTTCACCTCGCAAACT-4,GARQ,D18,0,40,37,21,0.0015918016,T.CD8.Naive
TGATTCAAGTGCTGTG-4,GARQ,D18,0,40,37,14,0.2179848,T.CD8.Effector
TTTGTGGCAGGCTTGT-4,GARQ,D18,0,40,37,31,0.013895035,T.CD4.Memory
GTTACTCGTATTGAGT-4,GARQ,D18,0,40,37,30,0.0045530796,B.Naive
ATGAGCCGTTGTTGTC-4,GARQ,D18,0,40,37,18,0.08331823,T.CD4.Naive
TTGTTGCGTTACAACG-4,GARQ,D18,0,40,37,18,0.0092635155,T.CD8.Naive
GTTCTCATCACCGGTA-4,GARQ,D18,0,40,37,34,0.052406967,T.CD8.Effector
CTCGCTAGTCCTTCTC-4,GARQ,D18,0,40,37,22,0.110354304,NK
CAAAGCGCACCAGGTT-4,GARQ,D18,0,40,37,14,0.06855929,T.CD4.Memory
GAGGCCTTCTCACATT-4,GARQ,D18,0,40,37,17,0.10148096,T.CD4.Memory
TCATGTTTCGCTTCTA-4,GARQ,D18,0,40,37,23,0.036399484,T.CD4.Naive
GTAGCTGTCAGCAAGA-4,GARQ,D18,0,40,37,33,0.003087163,T.CD4.Memory
CGACTAAGTGCTTTAC-4,GARQ,D18,0,40,37,24,0.0022027493,T.CD4.Naive
AGCTTTAAGTAACGGA-4,GARQ,D18,0,40,37,38,0.023257494,T.CD8.Effector
GGTTAGCGTTGCAATG-4,GARQ,D18,0,40,37,14,0.028775215,T.CD4.Memory
TTGTTCCCACCTCAGG-4,GARQ,D18,0,40,37,14,0.056679487,T.CD8.Effector
ACAGGATCACGAATCC-4,GARQ,D18,0,40,37,21,0.013698339,T.CD8.Effector
GTGTGAGCAGGACCTT-4,GARQ,D18,0,40,37,7,0.21497369,NK
AGTTACATCATTACTC-4,GARQ,D18,0,40,37,7,0.013858795,T.CD8.Effector
TCCATATTCCTCAGCT-4,GARQ,D18,0,40,37,33,0.031086445,T.CD4.Naive
AACTAGCTCGAGGAGT-4,GARQ,D18,0,40,37,32,0.01204896,T.CD8.Naive
CGAATCTAGTATTGGC-4,GARQ,D18,0,40,37,35,0.008831739,T.CD8.Effector
AGTGTTTCAGTTGCGT-4,GARQ,D18,0,40,37,24,0.038121343,T.CD4.Memory
ATTACCCGTTTCGCGC-4,GARQ,D18,0,40,37,34,0.037279844,T.CD4.Memory
CCCGTTGTCCTGATGG-4,GARQ,D18,0,40,37,7,0.124684095,NK
ATGACCAGTGGCTTCC-4,GARQ,D18,0,40,37,14,0.043717742,T.CD4.Memory
TCCCGTTAGAACCTAC-4,GARQ,D18,0,40,37,31,0.03480202,T.CD4.Naive
GTGCTCAAGCATTAGC-4,GARQ,D18,0,40,37,4,0.07249761,B.Naive
CTCATGACATTTGCTC-4,GARQ,D18,0,40,37,24,0.045965314,T.CD4.Memory
TGGTTGAGTCCAAGAC-4,GARQ,D18,0,40,37,24,0.0653373,T.CD4.Memory
TGACCTTGTAGTAAGA-4,GARQ,D18,0,40,37,21,0.08965111,T.CD8.Naive
ACTCGCTTCTAAATCG-4,GARQ,D18,0,40,37,24,0.036595225,T.CD4.Memory
ATTAACCCAGCAACCT-4,GARQ,D18,0,40,37,14,0.068463326,T.CD8.Effector
GATCGCTCACAAGCCT-4,GARQ,D18,0,40,37,33,0.007358074,T.CD4.Memory
TCCGGTTTCTAAGGTC-4,GARQ,D18,0,40,37,4,0.003055334,B.Naive
ACCATAATCGATTCTT-4,GARQ,D18,0,40,37,34,0.10416627,T.CD8.Effector
CGATCCTTCAGCTAAC-4,GARQ,D18,0,40,37,24,0.026124716,T.CD4.Naive
ACTAACCAGAACCTGT-4,GARQ,D18,0,40,37,32,0.01579535,T.CD4.Naive
ATCTATGAGCAGGTGG-4,GARQ,D18,0,40,37,18,0.023021579,T.CD4.Naive
TCAAACCAGCCTTAAA-4,GARQ,D18,0,40,37,33,0.06183505,T.CD4.Memory
GGTTTCCTCATTACTC-4,GARQ,D18,0,40,37,32,0.07692891,T.CD4.Memory
GACCGAACAGTATGTT-4,GARQ,D18,0,40,37,4,0.039056778,B.Activated
GACTAATGTGCTAGAC-4,GARQ,D18,0,40,37,24,0.10508466,T.CD4.Memory
ACGAATCTCTTGACCC-4,GARQ,D18,0,40,37,14,0.15302491,T.CD4.Memory
TCTTCAAGTTGTGATG-4,GARQ,D18,0,40,37,24,0.01701349,T.CD4.Memory
GTTCACCTCAAGCGCC-4,GARQ,D18,0,40,37,34,0.0044625998,T.CD4.Memory
GTCCAAGTCGAGGAGT-4,GARQ,D18,0,40,37,7,0.11954236,T.CD8.Effector
CCTGACTTCACAGGAA-4,GARQ,D18,0,40,37,24,0.11511636,T.CD4.Naive
CTCCATCAGAGGGACT-4,GARQ,D18,0,40,37,14,0.11578053,T.CD4.Memory
ACCACATAGCTGGAAA-4,GARQ,D18,0,40,37,14,0.086779594,T.CD4.Memory
GTTTGTCGTTGAGGTC-4,GARQ,D18,0,40,37,39,0.09416455,T.CD4.Memory
GCTTTGTGTAACGGGA-4,GARQ,D18,0,40,37,24,0.09290087,T.CD4.Naive
AATCCTAAGGCCAATT-4,GARQ,D18,0,40,37,7,0.11851215,T.CD8.Effector
TCTGGCTTCGCAATCG-4,GARQ,D18,0,40,37,34,0.08411038,T.CD4.Memory
GGTTAGCGTTAACGAT-4,GARQ,D18,0,40,37,22,0.0053299665,NK
CGAGCGAAGACTATTG-4,GARQ,D18,0,40,37,33,0.053996086,T.CD4.Naive
TCATAACCACCAACCG-4,GARQ,D18,0,40,37,9,0.13199043,T.CD8.Effector
GTCGGTTCATGAATCT-4,GARQ,D18,0,40,37,14,0.08243394,T.CD4.Memory
TTACACCGTTTGCGCC-4,GARQ,D18,0,40,37,24,0.00027012825,T.CD4.Memory
TCTGGCTTCTAATCTC-4,GARQ,D18,0,40,37,24,0.19022524,T.CD4.Memory
GACGCCTAGGGATGAC-4,GARQ,D18,0,40,37,14,0.056832075,T.CD8.Effector
GAGCAAATCTGTGAGT-4,GARQ,D18,0,40,37,24,0.04930675,T.CD4.Memory
CAGGTGGAGTAATCCA-4,GARQ,D18,0,40,37,24,0.035662413,T.CD4.Naive
TGTATCGCATTAAGCT-4,GARQ,D18,0,40,37,19,0.09086609,T.CD4.Naive
ATGAATGCATTGTTGG-4,GARQ,D18,0,40,37,33,0.052557826,T.CD4.Memory
CACCGGTAGCACGATT-4,GARQ,D18,0,40,37,23,0.026905477,T.CD8.Naive
CACTTAAAGGGTTATC-4,GARQ,D18,0,40,37,39,0.20049447,T.CD4.Naive
CAATCGCCAAGTTATC-4,GARQ,D18,0,40,37,24,0.0046241283,T.CD4.Naive
GGTTTAATCTTAGTGA-4,GARQ,D18,0,40,37,13,0.029337406,T.CD4.Naive
GATTAAGCAAGTAAGC-4,GARQ,D18,0,40,37,22,0.10164499,NK
ACTCCTCAGTTAGGCT-4,GARQ,D18,0,40,37,24,0.0026016235,T.CD4.Memory
CTCGCTAGTAGGTGTC-4,GARQ,D18,0,40,37,31,0.0021065474,T.CD4.Naive
GATCAGGCACCCACCT-4,GARQ,D18,0,40,37,14,0.095003486,T.CD4.Memory
TAGGTGCGTTACGCAA-4,GARQ,D18,0,40,37,9,0.05425775,NK
AAACGTACAACCTAAT-4,GARQ,D18,0,40,37,24,0.21024835,T.CD4.Naive
GTCCTCCCAGCTCAAC-4,GARQ,D18,0,40,37,24,0.12708473,T.CD4.Naive
GGTACCGGTATTTGGG-4,GARQ,D18,0,40,37,24,0.22960663,T.CD4.Naive
CCTGTTGGTACCTTAC-4,GARQ,D18,0,40,37,7,0.106514335,T.CD8.Effector
AAGCTATGTTAGGCTA-4,GARQ,D18,0,40,37,14,0.06786871,T.CD4.Naive
ACCTACCTCTTAGGGT-4,GARQ,D18,0,40,37,39,0.0100928545,T.CD4.Naive
CGAAGCGAGTTTGCGG-4,GARQ,D18,0,40,37,33,0.051931977,T.CD8.Naive
AGACCCGGTTGCACAA-4,GARQ,D18,0,40,37,22,0.16163993,NK
CCCTTAATCGAGCAAA-4,GARQ,D18,0,40,37,24,0.0065728426,T.CD4.Naive
TGTTTGTTCCCTCGCA-4,GARQ,D18,0,40,37,24,0.013667583,T.CD4.Naive
ACTAACGGTCACAGCG-4,GARQ,D18,0,40,37,18,0.07425213,T.CD4.Memory
TTGGAGGCAATATACC-4,GARQ,D18,0,40,37,14,0.036798835,T.CD4.Memory
TGGTCAGTCGTTAGTA-4,GARQ,D18,0,40,37,24,0.0016815662,T.CD4.Naive
TACTCGCTCTTTAGGA-4,GARQ,D18,0,40,37,14,0.080275536,T.CD8.Effector
CAAGTGAAGCCTGGTA-4,GARQ,D18,0,40,37,24,0.04081273,T.CD8.Naive
GCCTCCATCCGCAAGC-4,GARQ,D18,0,40,37,9,0.019943595,NK
CGAACCGGTTAATGCG-4,GARQ,D18,0,40,37,24,0.031387687,T.CD4.Naive
AACCTTGCAAGATTCT-4,GARQ,D18,0,40,37,14,0.0227592,T.CD8.Effector
CGGCTAATCTTGGATA-4,GARQ,D18,0,40,37,31,0.04237759,T.CD4.Memory
GCCAATAGTTGCACAA-4,GARQ,D18,0,40,37,20,0.019376278,T.CD8.Effector
TGGCTATAGGAGCATA-4,GARQ,D18,0,40,37,24,0.020285726,T.CD4.Naive
GCAAACCGTGATGATT-4,GARQ,D18,0,40,37,24,0.035927415,T.CD8.Effector
CCAGCCTGTTACTTCA-4,GARQ,D18,0,40,37,24,0.00443244,T.CD8.Naive
TTGACATCATTCAGCA-4,GARQ,D18,0,40,37,18,0.012424827,T.CD4.Memory
TAAGGCTTCCGGAACC-4,GARQ,D18,0,40,37,24,0.11069083,T.CD4.Memory
GACGCCTAGTTTGGGT-4,GARQ,D18,0,40,37,0,0.072020054,B.Naive
AATAACCGTAATGGAA-4,GARQ,D18,0,40,37,33,0.0328601,T.CD4.Memory
CGAAGCGAGTTGTCCC-4,GARQ,D18,0,40,37,24,0.040325224,T.CD8.Naive
CGTTAGTAGCAACATC-4,GARQ,D18,0,40,37,39,0.09390962,T.CD4.Naive
GCGTGCTAGTAAGTCC-4,GARQ,D18,0,40,37,24,0.020091891,T.CD4.Naive
CAATGTCAGTTGCGTG-4,GARQ,D18,0,40,37,11,0.020329773,Mono.CD14
CTTTGGGAGAGAGCCG-4,GARQ,D18,0,40,37,39,0.021788359,T.CD8.Naive
CAGCTAAGTAACCAGC-4,GARQ,D18,0,40,37,30,0.002091527,B.Activated
GATAAGCCATTGTGAT-4,GARQ,D18,0,40,37,18,0.10561997,T.CD4.Naive
TCTATGTTCCTAATTC-4,GARQ,D18,0,40,37,24,0.13919783,T.CD4.Naive
GCCCGTTGTCAGTAAT-4,GARQ,D18,0,40,37,24,0.13836002,T.CD8.Naive
TCACGGATCAAGTGAG-4,GARQ,D18,0,40,37,14,0.04245448,T.CD4.Memory
TTGTGCCTCCCGAAGC-4,GARQ,D18,0,40,37,14,0.040228844,T.CD4.Memory
TTGGGTTAGGAAGCTA-4,GARQ,D18,0,40,37,24,0.15780216,T.CD4.Naive
TCCACAACACTAGGTC-4,GARQ,D18,0,40,37,24,0.04315865,T.CD4.Naive
TCTTAGTTCCCTCATA-4,GARQ,D18,0,40,37,24,0.12650454,T.CD4.Naive
AGCACAGCAAGCTTAT-4,GARQ,D18,0,40,37,18,0.016083837,T.CD4.Naive
CGTGGTTCAAGGTGGC-4,GARQ,D18,0,40,37,13,0.04574454,T.CD4.Memory
TTTGACCGTACGATTG-4,GARQ,D18,0,40,37,6,0.017656565,B.Naive
CATGAGGCACTAAGAA-4,GARQ,D18,0,40,37,23,0.0149924755,T.CD4.Naive
CACGCTAAGTCCTGAG-4,GARQ,D18,0,40,37,24,0.14291275,T.CD8.Naive
ATGACTCAGTTGTCAA-4,GARQ,D18,0,40,37,24,0.064266205,T.CD4.Memory
ATGCTTAAGGCATTAC-4,GARQ,D18,0,40,37,39,0.18656337,T.CD4.Naive
CGAAGGCCAAGCCACT-4,GARQ,D18,0,40,37,24,0.006136775,T.CD8.Naive
AGTAACCTCTGGTCCT-4,GARQ,D18,0,40,37,24,0.07134414,T.CD4.Naive
CAGGTTTAGTCACCAG-4,GARQ,D18,0,40,37,24,0.0051727295,T.CD4.Naive
TGTTTGTTCGTTATCT-4,GARQ,D18,0,40,37,19,0.013851464,T.CD4.Memory
TTATCCGTCATCAGTA-4,GARQ,D18,0,40,37,24,0.013423681,T.CD4.Memory
GGGTCACTCACAAGCT-4,GARQ,D18,0,40,37,24,0.016801834,T.CD4.Naive
TGGGCATGTTTATTCG-4,GARQ,D18,0,40,37,22,0.017315388,NK
GGTGCTTCAGCATGTC-4,GARQ,D18,0,40,37,24,0.012790322,T.CD4.Naive
TCTATGTTCGCTAAAC-4,GARQ,D18,0,40,37,24,0.09934616,T.CD4.Naive
CTAACCTGTAACGTGC-4,GARQ,D18,0,40,37,9,0.032724142,NK
GATTAAGCATGGAGGC-4,GARQ,D18,0,40,37,13,0.049319863,T.CD4.Naive
TCGCGCACATGCATAT-4,GARQ,D18,0,40,37,24,0.015938759,T.CD4.Memory
GTTGGCGGTGTTGCAA-4,GARQ,D18,0,40,37,24,0.10134852,T.CD4.Naive
GCTGTAAGTTACCGGG-4,GARQ,D18,0,40,37,14,0.16143489,T.CD4.Memory
ACGACTTAGCTGAGGG-4,GARQ,D18,0,40,37,33,0.043465614,T.CD4.Memory
TCCTGTTCATGCTCCC-4,GARQ,D18,0,40,37,14,0.20078886,T.CD8.Effector
AGGTTACTCGTTACTT-4,GARQ,D18,0,40,37,24,0.023921132,T.CD4.Memory
CCTTACTCAGTAGCCT-4,GARQ,D18,0,40,37,34,0.016201854,T.CD8.Effector
CGTGTGTCATGTCGCG-4,GARQ,D18,0,40,37,24,0.15625483,T.CD4.Memory
CTTCTCAAGGGCTAAA-4,GARQ,D18,0,40,37,24,0.14158106,T.CD4.Naive
CTTTGAGCAGCTAATT-4,GARQ,D18,0,40,37,18,0.022926092,T.CD4.Naive
AGCGCTCAGCCTGATG-4,GARQ,D18,0,40,37,18,0.017552972,T.CD8.Effector
GATGACTTCACAGGAA-4,GARQ,D18,0,40,37,24,0.26122785,T.CD4.Naive
TCAAACCAGCTTTGGG-4,GARQ,D18,0,40,37,23,0.027796507,T.CD4.Memory
TTCCTTCTCGGTACGC-4,GARQ,D18,0,40,37,14,0.09975505,T.CD4.Memory
TCAAACCAGTTCCTGC-4,GARQ,D18,0,40,37,33,0.055356503,T.CD4.Memory
CAAGGCTGTTACTTGC-4,GARQ,D18,0,40,37,31,0.0250234,T.CD4.Memory
CGCTATGAGCTTCCCG-4,GARQ,D18,0,40,37,37,0.089761734,T.CD4.Memory
ACTTCGCTCGGTCAAT-4,GARQ,D18,0,40,37,24,0.064124286,T.CD4.Naive
TGCGCAGGTTAGTTGG-4,GARQ,D18,0,40,37,24,0.12003887,T.CD4.Naive
TGAAGGATCGAGCAAA-4,GARQ,D18,0,40,37,23,0.0283072,T.CD4.Naive
CAGGGTGAGGTAAGCA-4,GARQ,D18,0,40,37,24,0.14168024,T.CD4.Naive
AAGCGAATCAGGAAGC-4,GARQ,D18,0,40,37,13,0.036625087,T.CD4.Memory
GTTCGCTTCGTTCACC-4,GARQ,D18,0,40,37,39,0.13847107,T.CD4.Naive
GCGTTTCTCCTGAGTG-4,GARQ,D18,0,40,37,24,0.035052776,T.CD8.Naive
GGGCATTGTTAGAGCC-4,GARQ,D18,0,40,37,24,0.022423506,T.CD4.Memory
GAAGTGATCGCCTGTT-4,GARQ,D18,0,40,37,24,0.088911295,T.CD4.Naive
GGTTACTAGGAGGTTA-4,GARQ,D18,0,40,37,24,0.02772367,T.CD4.Naive
GTAAGCTTCATGTTTC-4,GARQ,D18,0,40,37,21,0.07851452,T.CD8.Effector
TGGAACAAGCATTTCT-4,GARQ,D18,0,40,37,24,0.14564258,T.CD4.Memory
TATCGAGGTAGCTAAT-4,GARQ,D18,0,40,37,14,0.07305622,T.CD4.Memory
TGTAAGTGTTGTTGCT-4,GARQ,D18,0,40,37,24,0.23784018,T.CD4.Naive
CCTGCTCCACTAAATC-4,GARQ,D18,0,40,37,21,0.086915135,T.CD8.Naive
TTAGGCTAGTAGAGGC-4,GARQ,D18,0,40,37,24,0.18976438,T.CD4.Memory
GCCTTAGAGGTTTGCG-4,GARQ,D18,0,40,37,34,0.0052444935,T.CD8.Naive
TGTTGTTTCTAGCGAT-4,GARQ,D18,0,40,37,24,0.11841023,T.CD4.Naive
CAAGAACCACATTGCA-4,GARQ,D18,0,40,37,1,0.2559088,T.CD8.Effector
TACGCACCACTGGCTG-4,GARQ,D18,0,40,37,24,0.081971884,T.CD4.Naive
CCGATGCAGTGAACAG-4,GARQ,D18,0,40,37,31,0.052867234,T.CD4.Naive
GCGCGATTCACGCATG-4,GARQ,D18,0,40,37,24,0.26529598,T.CD4.Naive
CGTTTGGAGTTATCCT-4,GARQ,D18,0,40,37,24,0.2797892,T.CD4.Naive
TGCGCGAGTTGCGCGA-4,GARQ,D18,0,40,37,33,0.06405616,T.CD4.Naive
TCCGGAATCCGTAAAC-4,GARQ,D18,0,40,37,21,0.043475986,T.CD8.Naive
TGCACTTGTACCGAAC-4,GARQ,D18,0,40,37,24,0.092690825,T.CD8.Naive
ACCTTGCTCTAAGGTC-4,GARQ,D18,0,40,37,18,0.082448244,T.CD4.Naive
TGCTTGTGTTAGGATT-4,GARQ,D18,0,40,37,30,0.041309237,B.Naive
GGCATGGAGTTAGTGC-4,GARQ,D18,0,40,37,7,0.21244466,NK
GGTTACTAGTAGCTTA-4,GARQ,D18,0,40,37,24,0.11464107,T.CD4.Naive
AAGTTAGCAACACTTG-4,GARQ,D18,0,40,37,24,0.026425183,T.CD4.Memory
CGATTGAGTTAATGAC-4,GARQ,D18,0,40,37,24,0.021246672,T.CD4.Naive
CACCAACCATCCCGCT-4,GARQ,D18,0,40,37,39,0.1266498,T.CD4.Naive
GTATGTTCAACCTGGT-4,GARQ,D18,0,40,37,34,0.009510279,T.CD4.Memory
ACGATTCAGCGAGTAA-4,GARQ,D18,0,40,37,31,0.023127317,T.CD4.Memory
CATAGCTAGTAAACCC-4,GARQ,D18,0,40,37,24,0.19505095,T.CD4.Naive
GGCGTTATCCGTTATT-4,GARQ,D18,0,40,37,0,0.0107347965,B.Naive
CACCAACCAGGAACTG-4,GARQ,D18,0,40,37,23,0.06433427,T.CD4.Memory
GATCCGTCAATAAGCA-4,GARQ,D18,0,40,37,14,0.20290458,T.CD8.Effector
CGGGTATGTGCTTAGA-4,GARQ,D18,0,40,37,24,0.029853761,T.CD4.Naive
ATCGCTTGTAATAGCT-4,GARQ,D18,0,40,37,34,0.12008333,T.CD4.Memory
GAGCGGTCAGATTCAT-4,GARQ,D18,0,40,37,31,0.030474305,T.CD4.Naive
CCTGTATGTTTACGTC-4,GARQ,D18,0,40,37,24,0.018061936,T.CD4.Naive
CCAGCCTGTTAAATGC-4,GARQ,D18,0,40,37,30,0.11633682,B.Naive
CATTCCTCAGGAAGCC-4,GARQ,D18,0,40,37,24,0.066112995,T.CD4.Naive
AAGACCAAGTGGACAA-4,GARQ,D18,0,40,37,24,0.17328429,T.CD4.Naive
TCCGCCATCACCATTT-4,GARQ,D18,0,40,37,24,0.19883406,T.CD4.Memory
CTCTGTTCATTGCGAC-4,GARQ,D18,0,40,37,24,0.0032691956,T.CD4.Memory
CGGTGAACAAGCTACC-4,GARQ,D18,0,40,37,14,0.045611978,T.CD4.Memory
CGAAGTAAGTTTAACG-4,GARQ,D18,0,40,37,24,0.032034636,T.CD4.Memory
TATAACCCAACACTTG-4,GARQ,D18,0,40,37,39,0.024339795,T.CD4.Memory
AGAACCGCATTCCTGT-4,GARQ,D18,0,40,37,21,0.02290994,T.CD8.Naive
AGCGTGCTCGTTAAGC-4,GARQ,D18,0,40,37,14,0.027900338,T.CD4.Memory
ACGTCCTTCCACCCTG-4,GARQ,D18,0,40,37,13,0.0005760789,T.CD8.Effector
GTCGAGGAGGAGGACT-4,GARQ,D18,0,40,37,9,0.08480686,T.CD8.Effector
CTTGAATCATAATCCG-4,GARQ,D18,0,40,37,18,0.14905727,T.CD4.Naive
TTAGGCCCAATTGCGC-4,GARQ,D18,0,40,37,18,0.03905356,T.CD4.Memory
TGTGGCCAGGATTGAG-4,GARQ,D18,0,40,37,24,0.16469836,T.CD4.Naive
AATGTCCAGGAACGCG-4,GARQ,D18,0,40,37,24,0.020142257,T.CD4.Memory
TTAGCTGCACCTAAGC-4,GARQ,D18,0,40,37,24,0.04786384,T.CD8.Naive
CGTAATGGTCGTTATC-4,GARQ,D18,0,40,37,34,0.08812803,T.CD8.Effector
AAAGGCTCAGGTTCAC-4,GARQ,D18,0,40,37,24,0.008164823,T.CD8.Naive
CTACCGGCATTTAAGC-4,GARQ,D18,0,40,37,24,0.08381307,T.CD4.Naive
GTATGTGGTAAGCACC-4,GARQ,D18,0,40,37,17,0.141788,Mono.CD14
GGATTTATCCGCCAAA-4,GARQ,D18,0,40,37,7,0.09968245,NK
ACTTGAATCTTGACCC-4,GARQ,D18,0,40,37,24,0.11681509,T.CD4.Naive
GAGTTACTCACCTGCT-4,GARQ,D18,0,40,37,24,0.28686762,T.CD4.Naive
TCAGGAGCAATAGTCT-4,GARQ,D18,0,40,37,22,0.09745288,NK
CAATCCTGTCTAACAG-4,GARQ,D18,0,40,37,24,0.10998452,T.CD8.Naive
TTCCTTGAGTCAATTG-4,GARQ,D18,0,40,37,24,0.076363325,T.CD4.Memory
GCACGAACACCTAAGC-4,GARQ,D18,0,40,37,24,0.099184036,T.CD8.Naive
TGATTAGTCAATTGGC-4,GARQ,D18,0,40,37,18,0.02654779,T.CD4.Naive
GGATATTGTTCCATTA-4,GARQ,D18,0,40,37,24,0.0017725229,T.CD4.Naive
CAGGTCCAGTAACCCG-4,GARQ,D18,0,40,37,23,0.025833964,T.CD4.Naive
CTTTGAGCAGTCTAGC-4,GARQ,D18,0,40,37,24,0.020770073,T.CD4.Naive
CGTCAATAGGAACGCG-4,GARQ,D18,0,40,37,9,0.01117301,T.CD8.Effector
GCACTTACATCAGCAC-4,GARQ,D18,0,40,37,0,0.047809362,B.Naive
TGTTATGAGCATGACT-4,GARQ,D18,0,40,37,24,0.04515338,T.CD4.Naive
ATGGCTGTCATAACGC-4,GARQ,D18,0,40,37,22,0.07158351,NK
AGCCGCTAGGGATTAG-4,GARQ,D18,0,40,37,38,0.035665214,T.CD4.Naive
TCCAGCAAGTAACGGA-4,GARQ,D18,0,40,37,24,0.021215558,T.CD8.Naive
TCCATTGTCATGGCCA-4,GARQ,D18,0,40,37,24,0.0028016567,T.CD8.Naive
AGAACAAGTACCGAAC-4,GARQ,D18,0,40,37,24,0.18883741,T.CD4.Naive
AAACCGCGTCGTAATG-4,GARQ,D18,0,40,37,23,0.05509162,T.CD4.Naive
TGTCCTGGTAACGAGG-4,GARQ,D18,0,40,37,19,0.012581229,T.CD4.Naive
AGAGAGGAGTAACAGG-4,GARQ,D18,0,40,37,24,0.024092913,T.CD4.Memory
CTTAGTTTCTCCATGC-4,GARQ,D18,0,40,37,24,0.10587013,T.CD4.Memory
CAAACCGTCTTCAATC-4,GARQ,D18,0,40,37,9,0.06725025,T.CD8.Effector
AGCTTCCTCGATTTAG-4,GARQ,D18,0,40,37,24,0.08198619,T.CD4.Memory
CACTTAAAGAGGAGGA-4,GARQ,D18,0,40,37,24,0.09781855,T.CD4.Naive
CTATGGCCATGATTGT-4,GARQ,D18,0,40,37,34,0.008065343,T.CD4.Memory
TTACCGTGTAACCAGC-4,GARQ,D18,0,40,37,30,0.03966415,B.Naive
CAGGATGCATTAGGCC-4,GARQ,D18,0,40,37,22,0.040905952,NK
TTCCTTCTCCGGCTAA-4,GARQ,D18,0,40,37,0,0.013342857,B.Naive
CTAACCCTCAATTGGC-4,GARQ,D18,0,40,37,14,0.11474073,T.CD8.Effector
GAGTTACTCGCTATGG-4,GARQ,D18,0,40,37,14,0.09083259,T.CD8.Effector
TTCAGTTTCCTTTACG-4,GARQ,D18,0,40,37,24,0.06710577,T.CD4.Naive
CAGCTATAGACTCGCA-4,GARQ,D18,0,40,37,0,0.101367,B.Naive
CGGTGAGAGTTTCCTG-4,GARQ,D18,0,40,37,19,0.005265951,T.CD4.Memory
GTGCAAGCAGGTTATT-4,GARQ,D18,0,40,37,24,0.03198445,T.CD4.Naive
GTAGCCATCCTGATTT-4,GARQ,D18,0,40,37,0,0.0052604675,B.Naive
CTTTGGTGTTAGCATG-4,GARQ,D18,0,40,37,17,0.03265488,Mono.CD14
AAACGGATCAATACGC-4,GARQ,D18,0,40,37,24,0.29978216,T.CD4.Naive
TTAATCGAGCGGTTAT-4,GARQ,D18,0,40,37,24,0.09619653,T.CD4.Naive
TGGCCTTTCTTGTCTG-4,GARQ,D18,0,40,37,24,0.05742693,T.CD4.Naive
TTCCCACAGACAAAGT-4,GARQ,D18,0,40,37,33,0.02418387,T.CD4.Memory
TTCTTAGGTTGACTTC-4,GARQ,D18,0,40,37,14,0.090984344,T.CD4.Memory
CTAGTAGGTTAGGATT-4,GARQ,D18,0,40,37,24,0.085923314,T.CD4.Naive
CTGACATAGAGCAAGC-4,GARQ,D18,0,40,37,24,0.17138946,T.CD4.Memory
GTTACAGGTACCGTAA-4,GARQ,D18,0,40,37,7,0.08856416,T.CD8.Effector
GTACCTTGTGTGCACG-4,GARQ,D18,0,40,37,14,0.027322292,T.CD4.Memory
CCCAACCGTTGAATCG-4,GARQ,D18,0,40,37,24,0.32999074,T.CD4.Naive
GCTGACATCGTTTCCA-4,GARQ,D18,0,40,37,24,0.1728456,T.CD4.Naive
TATTAGCCAGCTACGT-5,GARQ,D18,0,40,37,32,0.0794301,T.CD8.Effector
AGTGCGGAGGAGCATA-5,GARQ,D18,0,40,37,5,0.029857993,Mono.CD14
AGCTAACTCGCTCCAT-5,GARQ,D18,0,40,37,26,0.031897664,Mono.CD14
TTGTCCCAGGTCTTGG-5,GARQ,D18,0,40,37,31,0.088941455,Platelets
TATCGCGAGCTGGACC-5,GARQ,D18,0,40,37,32,0.0992856,T.CD4.Memory
ACGCTTGAGGATTGCT-5,GARQ,D18,0,40,37,17,0.0472188,Mono.CD14
CCAAACTAGGCCAATT-5,GARQ,D18,0,40,37,0,0.037340403,B.Naive
GTAAGGTCATTCAGCA-5,GARQ,D18,0,40,37,10,0.058545113,T.CD8.Effector
GCCAGGAAGTTCCTCA-5,GARQ,D18,0,40,37,26,0.079327345,Mono.CD14
ATGCAGGCATGGCCCA-5,GARQ,D18,0,40,37,0,0.00824213,B.Naive
ATTGACTCATCAGTAT-5,GARQ,D18,0,40,37,4,0.02292931,B.Naive
CCAAGTTAGCTTACTT-5,GARQ,D18,0,40,37,17,0.07072359,Mono.CD14
GGTATGTTCAGTGAAG-5,GARQ,D18,0,40,37,0,0.018153906,B.Naive
CACCGGTAGGCCTGGT-5,GARQ,D18,0,40,37,39,0.023234248,T.CD4.Naive
GACCGTTCAAACCTAT-5,GARQ,D18,0,40,37,0,0.056220055,B.Naive
GTCATGAGTTGTTGCT-5,GARQ,D18,0,40,37,4,0.049481034,B.Naive
ATGCGATTCTGGCAAT-5,GARQ,D18,0,40,37,8,0.0072729588,Mono.CD14
AAGAACAGTTTACTTG-5,GARQ,D18,0,40,37,11,0.01934886,Mono.CD14
AATATCCCAATGAATG-5,GARQ,D18,0,40,37,22,0.082182646,NK
TCATTGTTCAAGGACA-5,GARQ,D18,0,40,37,10,0.06746125,T.CD4.Memory
GGCAGGATCCGCACAA-5,GARQ,D18,0,40,37,32,0.041472077,T.CD8.Naive
TGAGGAGGTCCCGAAG-5,GARQ,D18,0,40,37,4,0.03563261,B.Naive
TTGCACACAATAGCCC-5,GARQ,D18,0,40,37,9,0.0073183775,T.CD8.Effector
TTCAGGTAGCTGGCTA-5,GARQ,D18,0,40,37,4,0.005679369,B.Naive
GCTAGTGTCAACCAAC-5,GARQ,D18,0,40,37,17,0.08279061,Mono.CD14
CGGGTCTAGCATGTTA-5,GARQ,D18,0,40,37,17,0.015239716,Mono.CD14
TTGGTGAGTGAAGCCT-5,GARQ,D18,0,40,37,0,0.052028656,B.Naive
ATCACTAAGGGTCTAT-5,GARQ,D18,0,40,37,17,0.13042152,Mono.CD14
CCTACTTCACATTGCA-5,GARQ,D18,0,40,37,30,0.021165371,B.Naive
GATTGTTCAGTTAGCC-5,GARQ,D18,0,40,37,17,0.0019699335,Mono.CD14
CCTACTGGTCACCTAT-5,GARQ,D18,0,40,37,17,0.099353194,Mono.CD14
AGGATTGAGGCTTAAC-5,GARQ,D18,0,40,37,4,0.011627555,B.Naive
CGCAATAGTTATCCGT-5,GARQ,D18,0,40,37,0,0.019674778,B.Naive
ACGAATCTCTTCAATC-5,GARQ,D18,0,40,37,17,0.085203886,Mono.CD14
GGTCAATTCGACAAAG-5,GARQ,D18,0,40,37,8,0.0066969395,Mono.CD14
ACAACAGAGGGTGAAC-5,GARQ,D18,0,40,37,4,0.06404495,B.Naive
GAGTTTGGTGCATTTC-5,GARQ,D18,0,40,37,0,0.08342528,B.Activated
AGTGAGTCACAGGATG-5,GARQ,D18,0,40,37,17,0.109963894,Mono.CD14
AACCTAATCATTAGTG-5,GARQ,D18,0,40,37,8,0.08415097,Mono.CD14
ACCGAAGCATTATGGT-5,GARQ,D18,0,40,37,17,0.029974937,Mono.CD14
ACGCCTAAGTTCCTCA-5,GARQ,D18,0,40,37,0,0.037725687,B.Naive
GATTCGCCAATAGCCC-5,GARQ,D18,0,40,37,26,0.015916824,Mono.CD14
GTTGGAGCAAGGACCA-5,GARQ,D18,0,40,37,10,0.075812936,T.CD4.Memory
GAGTATCTCGACCTGA-5,GARQ,D18,0,40,37,17,0.021624088,Mono.CD14
GGAACGGTCCGTAAAC-5,GARQ,D18,0,40,37,17,0.1362884,Mono.CD14
ATTACCGCAAGGATTA-5,GARQ,D18,0,40,37,4,0.018211484,B.Naive
CAGGTGGAGTGAGGGT-5,GARQ,D18,0,40,37,32,0.4362191,T.CD8.Effector
CTAGATTCAAATGCCC-5,GARQ,D18,0,40,37,17,0.036477327,Mono.CD14
CAAACCGTCAGCCAAT-5,GARQ,D18,0,40,37,0,0.07414365,B.Naive
ACAACAGAGCATGAAG-5,GARQ,D18,0,40,37,4,0.019204259,B.Naive
CTTGAATCAACCTGGT-5,GARQ,D18,0,40,37,17,0.08458209,Mono.CD14
AGAAAGGCAGTTATCG-5,GARQ,D18,0,40,37,17,0.016015291,Mono.CD14
TGTCAGTAGTTGTCCC-5,GARQ,D18,0,40,37,39,0.022687793,T.CD4.Naive
AAACGCGCAGTCTATG-5,GARQ,D18,0,40,37,17,0.09265661,Mono.CD14
CGAACCGGTTGGATAT-5,GARQ,D18,0,40,37,17,0.009153366,Mono.CD14
CGGTTTGAGGCCCAGT-5,GARQ,D18,0,40,37,39,0.015717506,T.CD4.Memory
TCCAGGTCATTATGCG-5,GARQ,D18,0,40,37,30,0.018845797,B.Naive
GACACCGGTGCTAGCG-5,GARQ,D18,0,40,37,0,0.009858608,B.Naive
GCTGATCCATTAAGTC-5,GARQ,D18,0,40,37,0,0.05031252,B.Naive
TTTGTGAAGGACTTAC-5,GARQ,D18,0,40,37,0,0.016247988,B.Naive
ATGTTTGAGGAGGCAT-5,GARQ,D18,0,40,37,11,0.03758514,Mono.CD14
GAAGTAAGTCACGAAC-5,GARQ,D18,0,40,37,17,0.038604498,Mono.CD14
AGTGTGGCAGGTTACC-5,GARQ,D18,0,40,37,17,0.032100976,Mono.CD14
GGTACCGGTCCTTCTC-5,GARQ,D18,0,40,37,0,0.045249224,B.Naive
GCAGCAACAACTAGCC-5,GARQ,D18,0,40,37,17,0.116820514,Mono.CD14
CGGTTGGGTGGATTCA-5,GARQ,D18,0,40,37,17,0.046135902,Mono.CD14
CTCTAAGCAAACTGTT-5,GARQ,D18,0,40,37,17,0.08932364,Mono.CD16
GTATGTTCAATAGCAA-5,GARQ,D18,0,40,37,17,0.070065856,Mono.CD14
GATTCAGGTGCTGTAA-5,GARQ,D18,0,40,37,17,0.06768453,Mono.CD14
TAGTTGTCATTGCGAC-5,GARQ,D18,0,40,37,4,0.016610742,B.Naive
GTGTAACTCACCTGTC-5,GARQ,D18,0,40,37,17,0.06274897,Mono.CD14
GACGCCTAGAACAAGT-5,GARQ,D18,0,40,37,4,0.009525776,B.Naive
TTAAGGTGTACCGTTT-5,GARQ,D18,0,40,37,4,0.0025960207,B.Naive
ACGTTGTAGAGGCTAA-5,GARQ,D18,0,40,37,8,1.847744e-05,Mono.CD14
AGGTCATTCATCACTT-5,GARQ,D18,0,40,37,30,0.017051578,B.Naive
ATGAAGCCAGCAATAA-5,GARQ,D18,0,40,37,0,0.007393241,B.Activated
CCATAGCCACTCAACA-5,GARQ,D18,0,40,37,17,0.08888465,Mono.CD14
TTGTTGCGTTACGCAA-5,GARQ,D18,0,40,37,14,0.12845778,T.CD8.Effector
TGGACGGAGACTCGCA-5,GARQ,D18,0,40,37,33,0.016949415,T.CD4.Memory
TTTGCGGAGTTCCCAC-5,GARQ,D18,0,40,37,17,0.11613989,Mono.CD14
CCAGGATGTTGTAACG-5,GARQ,D18,0,40,37,17,0.0919224,Mono.CD14
ATGACAACAGTAGGAT-5,GARQ,D18,0,40,37,7,0.13371766,NK
AGGCAATCAGGCTGTT-5,GARQ,D18,0,40,37,14,0.12318051,T.CD8.Effector
ACGGTTTAGGGTTAGA-5,GARQ,D18,0,40,37,8,0.014166951,Mono.CD14
AAAGGTTAGTACCGCA-5,GARQ,D18,0,40,37,17,0.033031344,Mono.CD14
GTCATCACAGTATGTT-5,GARQ,D18,0,40,37,0,0.04290366,B.Naive
TATATCCTCCCTCTAA-5,GARQ,D18,0,40,37,17,0.09647679,Mono.CD14
GTATTCAAGGAGGGTT-5,GARQ,D18,0,40,37,39,0.017039418,T.CD8.Naive
GATGGACAGTAACTCA-5,GARQ,D18,0,40,37,0,0.009288549,B.Naive
ATGAAGCCATCACAGC-5,GARQ,D18,0,40,37,4,0.0022650957,B.Naive
AGGCAATCATAAGGAC-5,GARQ,D18,0,40,37,17,0.020122051,Mono.CD14
CGCTCCATCTTGGATA-5,GARQ,D18,0,40,37,0,0.024684906,B.Naive
AAAGGACGTCAATACG-5,GARQ,D18,0,40,37,4,0.008630395,B.Naive
AACCTTAAGACTTATG-5,GARQ,D18,0,40,37,0,0.03549528,B.Naive
TCATTACTCCAGGAAA-5,GARQ,D18,0,40,37,17,0.071564674,Mono.CD14
GGACATAAGGTCCTAG-5,GARQ,D18,0,40,37,39,0.15461504,T.CD4.Naive
AGTGCCGGTAACGGGA-5,GARQ,D18,0,40,37,32,0.10803759,T.CD4.Memory
GATTCAATCGGGACTC-5,GARQ,D18,0,40,37,17,0.028253138,Mono.CD14
GAGGTTAAGCACGTTG-5,GARQ,D18,0,40,37,0,0.0057342052,B.Naive
TTATAGCCACTAAGTT-5,GARQ,D18,0,40,37,39,0.19331384,T.CD4.Naive
TAGGTGCGTGATGGCT-5,GARQ,D18,0,40,37,17,0.05099702,Mono.CD14
GGAACTAAGGACCTGC-5,GARQ,D18,0,40,37,17,0.056360006,Mono.CD14
CCATCACTCGAAGCGG-5,GARQ,D18,0,40,37,6,0.01874888,B.Naive
TGACCAAGTACAATGT-5,GARQ,D18,0,40,37,0,0.051001668,B.Naive
CGAGCGAAGGACCGCT-5,GARQ,D18,0,40,37,10,0.10469103,T.CD8.Effector
CCTGGTAAGCTAAAGG-5,GARQ,D18,0,40,37,0,0.018019915,B.Naive
CTACTTAGTGGTTAGC-5,GARQ,D18,0,40,37,4,0.04306245,B.Activated
GCTTACCTCGTACCGA-5,GARQ,D18,0,40,37,17,0.03814274,Mono.CD14
GACCTAAGTTAAATGC-5,GARQ,D18,0,40,37,17,0.04795456,Mono.CD14
AAGCGCTGTTAAATGC-5,GARQ,D18,0,40,37,7,0.028794646,NK
GAGGTTAAGGAGCACG-5,GARQ,D18,0,40,37,17,0.15148973,Mono.CD14
ATTCCGGAGGGACTAA-5,GARQ,D18,0,40,37,17,0.044757485,Mono.CD14
AGGAGCTAGGAGCACG-5,GARQ,D18,0,40,37,33,0.018022,T.CD4.Naive
ACGAGTAAGCACGATT-5,GARQ,D18,0,40,37,14,0.14768505,T.CD4.Memory
CAAGACAAGGACTTAC-5,GARQ,D18,0,40,37,11,0.0069286823,Mono.CD14
GGTAATTGTGAGGTGA-5,GARQ,D18,0,40,37,0,0.029762506,B.Naive
CGGATTAGTTGCAATG-5,GARQ,D18,0,40,37,0,0.030304313,B.Naive
TACGGTTAGTAAGTGG-5,GARQ,D18,0,40,37,32,0.006626487,T.CD8.Effector
AGTAGGATCCTACCTA-5,GARQ,D18,0,40,37,31,0.0048519373,T.CD4.Naive
GATTGCAGTAACGGGA-5,GARQ,D18,0,40,37,17,0.08807695,Mono.CD14
TGTGGAGCACGTAAGG-5,GARQ,D18,0,40,37,32,0.1278578,T.CD4.Memory
CCAAGTTAGCCAGTAT-5,GARQ,D18,0,40,37,0,0.035817504,B.Naive
TTCGTGCTCAGCTAAC-5,GARQ,D18,0,40,37,4,0.027941704,B.Naive
TATGGTCAGTTAGGCT-5,GARQ,D18,0,40,37,0,0.055594444,B.Naive
TTAACCAAGGTTTGAC-5,GARQ,D18,0,40,37,0,0.07010937,B.Naive
CGTTTCTCATTCAGCA-5,GARQ,D18,0,40,37,4,0.03497255,B.Naive
CTTATTGGTCATAGAT-5,GARQ,D18,0,40,37,33,0.023792028,T.CD4.Naive
GCGAGTGAGCTAAAGG-5,GARQ,D18,0,40,37,32,0.004197955,T.CD8.Effector
TCTGGCTTCGCACACA-5,GARQ,D18,0,40,37,0,0.057243347,B.Naive
AGTAAACAGGGTGAAC-5,GARQ,D18,0,40,37,30,0.03879547,B.Naive
ATTACCGCACCTGTAA-5,GARQ,D18,0,40,37,11,0.025146723,Mono.CD14
TAAGCTATCGGTACGC-5,GARQ,D18,0,40,37,7,0.06163764,T.CD8.Effector
CGGATTAGTGTCACGG-5,GARQ,D18,0,40,37,32,0.009717524,T.CD8.Effector
AGCTAACTCGCTATAA-5,GARQ,D18,0,40,37,32,0.009967685,T.CD4.Memory
GCTCCTTAGCACAGGG-5,GARQ,D18,0,40,37,4,0.011642814,B.Naive
ACTTATCTCCAAATCA-5,GARQ,D18,0,40,37,4,0.028095245,B.Naive
GCACTTACAGACAAAC-5,GARQ,D18,0,40,37,10,0.10009956,NK
CATGCGCAGGCAATAG-5,GARQ,D18,0,40,37,13,0.0022377968,T.CD8.Effector
GTAATAGCAACACTTG-5,GARQ,D18,0,40,37,4,0.14376295,B.Naive
GTCCTCCCATTCAGCA-5,GARQ,D18,0,40,37,10,0.018940687,T.CD8.Effector
AATTGGGAGGTCAAAG-5,GARQ,D18,0,40,37,9,0.031343758,T.CD4.Naive
TAGACCAGTCCGTGAG-5,GARQ,D18,0,40,37,24,0.1439017,T.CD4.Memory
GGCGCTAGTGCTAGCG-5,GARQ,D18,0,40,37,0,0.044906616,B.Naive
AGTGGACAGGTATTGC-5,GARQ,D18,0,40,37,16,0.026596904,T.CD8.Effector
AGTGCACGTTACCGGG-5,GARQ,D18,0,40,37,4,0.02330494,B.Naive
GAGGCAAGTTTGGGCG-5,GARQ,D18,0,40,37,8,0.107877016,Mono.CD14
TTTAAGGTCCCATAGG-5,GARQ,D18,0,40,37,16,0.0131931305,T.CD8.Effector
GCTGTAAGTTCCGCAC-5,GARQ,D18,0,40,37,4,0.023233175,B.Activated
ATGCGATTCAGGCTAT-5,GARQ,D18,0,40,37,7,0.26475358,NK
TTAGTCAAGTCATGCG-5,GARQ,D18,0,40,37,9,0.019854188,NK
ATTATCCTCATGCAAC-5,GARQ,D18,0,40,37,14,0.057229757,T.CD4.Memory
GAAGTGATCCTGTTCA-5,GARQ,D18,0,40,37,30,0.016506195,B.Naive
CCTTCGGTCAGAAACG-5,GARQ,D18,0,40,37,4,0.043644786,B.Naive
CTCTATGTCTTGCAGG-5,GARQ,D18,0,40,37,10,0.032466114,T.CD4.Memory
CGATCCTTCGATTTGA-5,GARQ,D18,0,40,37,4,0.0029866695,B.Naive
CGTGTTACATAGTCAT-5,GARQ,D18,0,40,37,17,0.16227353,Mono.CD16
CTTCGCGTCCAGGGAG-5,GARQ,D18,0,40,37,4,0.029970407,B.Naive
ACGAACAAGACAAACG-5,GARQ,D18,0,40,37,0,0.023526907,B.Naive
CGTTTGGAGGGACGCA-5,GARQ,D18,0,40,37,32,0.013308108,T.CD8.Effector
AAACCAACAACTAACT-5,GARQ,D18,0,40,37,17,0.13200831,Mono.CD14
TTAATCGAGGCATGTT-5,GARQ,D18,0,40,37,14,0.19935608,T.CD4.Memory
GGTATTTCAGTCTATG-5,GARQ,D18,0,40,37,10,0.22223389,T.CD8.Effector
TATCGCACAGAGGCTA-5,GARQ,D18,0,40,37,0,0.027668834,B.Naive
GCGATTTAGAGGAGTC-5,GARQ,D18,0,40,37,17,0.08504814,Mono.CD14
ACAGCGCTCTCGACCT-5,GARQ,D18,0,40,37,31,0.088119864,T.CD4.Memory
AGCGCCTAGTTATGTG-5,GARQ,D18,0,40,37,0,0.03751099,B.Naive
TTTGTCCCACTAGGTC-5,GARQ,D18,0,40,37,14,0.06433296,T.CD8.Effector
GGAGTCTGTCCTAATC-5,GARQ,D18,0,40,37,30,0.008784294,B.Naive
GTCATTAAGTCGCTAG-5,GARQ,D18,0,40,37,14,0.21165097,T.CD4.Memory
GTATGTGGTAACGGGA-5,GARQ,D18,0,40,37,4,0.052084327,B.Naive
TGGTCATAGCGAGTAA-5,GARQ,D18,0,40,37,33,0.04485798,T.CD4.Memory
TTGTTCCCAGCACCAT-5,GARQ,D18,0,40,37,39,0.009685516,T.CD4.Memory
GCAAACTTCCGCAAGC-5,GARQ,D18,0,40,37,0,0.06713903,B.Activated
TCTTCAAGTAAGTCGC-5,GARQ,D18,0,40,37,17,0.11469293,Mono.CD14
GTGCTTCTCCAGGGAG-5,GARQ,D18,0,40,37,39,0.041451454,T.CD4.Memory
ACTGAAACAAATGCCC-5,GARQ,D18,0,40,37,39,0.10414815,T.CD4.Naive
GGTCAGGAGTTTGCGG-5,GARQ,D18,0,40,37,7,0.121286154,T.CD8.Effector
TCTTAGTTCGCTAGCA-5,GARQ,D18,0,40,37,7,0.017522454,T.CD8.Effector
AACAGATAGGTAGCTT-5,GARQ,D18,0,40,37,14,0.055273175,T.CD8.Effector
ACTTAGGGTTGTAACG-5,GARQ,D18,0,40,37,24,0.055053473,T.CD4.Naive
GTGTTACAGGGTGGAT-5,GARQ,D18,0,40,37,31,0.0058063865,T.CD4.Naive
CACTGACCACTAGGTC-5,GARQ,D18,0,40,37,33,0.016344309,T.CD4.Naive
CTAGTTGCAGAAATTG-5,GARQ,D18,0,40,37,33,0.014933884,T.CD4.Memory
TGTAAGCTCATTGTTC-5,GARQ,D18,0,40,37,14,0.08943832,T.CD4.Memory
GTTACAGGTGGAAGGC-5,GARQ,D18,0,40,37,34,0.036347747,T.CD8.Effector
TGTCAATCAAAGCGGC-5,GARQ,D18,0,40,37,35,0.0021250248,T.CD8.Effector
AGGAACCAGGCTGTCA-5,GARQ,D18,0,40,37,24,0.015835643,T.CD4.Memory
TAATCACCAAGGATTA-5,GARQ,D18,0,40,37,0,0.057501554,B.Naive
AGGTGAATCACAAGCT-5,GARQ,D18,0,40,37,0,0.050506353,B.Naive
TCAACAATCATGCTAA-5,GARQ,D18,0,40,37,14,0.18477571,T.CD8.Effector
TAGCCTGAGGACCTGC-5,GARQ,D18,0,40,37,17,0.02449274,Mono.CD14
AGACCCGGTGAGCGAA-5,GARQ,D18,0,40,37,32,0.0072826147,T.CD4.Naive
AAGCGCTGTGGAAACG-5,GARQ,D18,0,40,37,30,0.0272758,B.Naive
CAATGTGGTGCTGTAA-5,GARQ,D18,0,40,37,0,0.04502201,B.Naive
ACGGGAAGTTAGGTTG-5,GARQ,D18,0,40,37,30,0.033598185,B.Naive
CTAGTAGGTCAAACTG-5,GARQ,D18,0,40,37,34,0.065998554,T.CD8.Effector
CAATAAGCAGTTGCGT-5,GARQ,D18,0,40,37,0,0.0061147213,B.Naive
TTTCTCACAAGGTAAC-5,GARQ,D18,0,40,37,14,0.13330531,T.CD4.Memory
GAAGTATAGGGTGAGT-5,GARQ,D18,0,40,37,17,0.19647753,Mono.CD14
TTTCTCACACTTAACG-5,GARQ,D18,0,40,37,33,0.14767635,T.CD4.Naive
GTGCTCAAGCTTAACA-5,GARQ,D18,0,40,37,17,0.020108461,Mono.CD14
CCAACATAGCGGGCAA-5,GARQ,D18,0,40,37,32,0.008609414,T.CD4.Naive
GCACTTACATGCATAT-5,GARQ,D18,0,40,37,31,0.020649314,T.CD4.Memory
GCATGAAAGATAAAGC-5,GARQ,D18,0,40,37,17,0.07733083,Mono.CD14
GGAGTGAGTGGGTGAA-5,GARQ,D18,0,40,37,31,0.016406655,T.CD4.Memory
CTCTGTTCAGATTCAT-5,GARQ,D18,0,40,37,14,0.14675641,T.CD4.Memory
TTTACGCGTAAGCTCA-5,GARQ,D18,0,40,37,4,0.008396864,B.Naive
CTCGACAAGCATTATG-5,GARQ,D18,0,40,37,9,0.04901129,NK
TGAAGGATCCTTGCAC-5,GARQ,D18,0,40,37,33,0.12374723,T.CD4.Naive
AGCATCCCATCTTGAG-5,GARQ,D18,0,40,37,0,0.005606532,B.Naive
CGCAATTAGGTCAAAG-5,GARQ,D18,0,40,37,9,0.09174001,NK
CCCGCTTCACAATACT-5,GARQ,D18,0,40,37,14,0.07755065,T.CD4.Memory
TGAGCTTAGGTTTGAC-5,GARQ,D18,0,40,37,24,0.0322299,T.CD4.Naive
GATTGCAGTGCTTAGA-5,GARQ,D18,0,40,37,0,0.13570702,B.Naive
AAGGTCAAGTAAGTGG-5,GARQ,D18,0,40,37,0,0.050905347,B.Naive
GCACGGTTCCGCCAAA-5,GARQ,D18,0,40,37,32,0.06115043,T.CD4.Naive
CGCATTTGTTATCCTA-5,GARQ,D18,0,40,37,32,0.0109523535,T.DoubleNegative
CGGGCTTAGGAAGTAT-5,GARQ,D18,0,40,37,33,0.011400938,T.CD4.Memory
AGCTTGGTCCCTCTAA-5,GARQ,D18,0,40,37,30,0.0138988495,B.Naive
CTGTTGGAGTCTTGAA-5,GARQ,D18,0,40,37,4,0.024878025,B.Activated
CGTAACTAGATTGAGG-5,GARQ,D18,0,40,37,14,0.14852917,T.CD8.Effector
AGGTTGCGTATTGCAG-5,GARQ,D18,0,40,37,4,0.011452198,B.Naive
CACAATATCCTAAGAC-5,GARQ,D18,0,40,37,9,0.059963465,NK
TTGGAGGCACGAACAG-5,GARQ,D18,0,40,37,14,0.17033601,T.CD8.Effector
TCCATGCTCCGTCCAT-5,GARQ,D18,0,40,37,39,0.0150488615,T.CD4.Memory
AGAATCGAGCGCCTTT-5,GARQ,D18,0,40,37,24,0.20065594,T.CD4.Memory
GATTGGTTCATAACCA-5,GARQ,D18,0,40,37,24,0.090935946,T.CD8.Naive
GCCTATTGTGGGAACA-5,GARQ,D18,0,40,37,8,0.0008279085,Mono.CD14
CTGATCACAACTAGCC-5,GARQ,D18,0,40,37,22,0.23937082,NK
GTACTTCGTGTAATAC-5,GARQ,D18,0,40,37,17,0.07309365,Mono.CD14
CACTTAAAGGACCTGC-5,GARQ,D18,0,40,37,4,0.01233387,B.Naive
AACAGCAAGCCGCTAA-5,GARQ,D18,0,40,37,24,0.16873527,T.CD4.Naive
TTCTTAGGTGAATCGC-5,GARQ,D18,0,40,37,32,0.034674168,T.CD4.Naive
AGGACTAAGGCGGGTA-5,GARQ,D18,0,40,37,22,0.06417012,NK
AAAGGTTAGAACCTAC-5,GARQ,D18,0,40,37,9,0.08033836,T.CD8.Effector
GGTTGACGTAGTTAAC-5,GARQ,D18,0,40,37,31,0.1594305,T.CD4.Naive
CTAATCCGTTTGACCT-5,GARQ,D18,0,40,37,14,0.16130388,T.CD8.Effector
CATCATAAGAAGCTAG-5,GARQ,D18,0,40,37,31,0.03800738,T.CD4.Memory
CATGCGCAGCCGGTAC-5,GARQ,D18,0,40,37,9,0.005828619,NK
TAAGCCAGTTCATTTG-5,GARQ,D18,0,40,37,39,0.0136009455,T.CD4.Naive
ATTAGTCCAGGCCTTG-5,GARQ,D18,0,40,37,24,0.06855619,T.CD4.Naive
GGGAATATCAATTACG-5,GARQ,D18,0,40,37,30,0.0155415535,B.Naive
GGTTGGTGTTCCGGCT-5,GARQ,D18,0,40,37,33,0.1305604,T.CD4.Naive
GGCTTAAGTTGTGACA-5,GARQ,D18,0,40,37,33,0.04396844,T.CD8.Effector
GTGAACAAGCTGGACC-5,GARQ,D18,0,40,37,31,0.41140914,T.CD4.Memory
GTAGGATCAGCAAGGC-5,GARQ,D18,0,40,37,7,0.0689441,NK
TGTGCAAGTCAACAAT-5,GARQ,D18,0,40,37,24,0.013653934,T.CD4.Naive
AGGTTAGAGTTATGTG-5,GARQ,D18,0,40,37,24,0.007572055,T.CD4.Memory
TGCTAACAGACTAAGG-5,GARQ,D18,0,40,37,16,0.0370121,NK
TAAAGCCTCGATCAGT-5,GARQ,D18,0,40,37,16,0.037418604,T.CD8.Effector
GGTAAGGGTTCGCTTG-5,GARQ,D18,0,40,37,31,0.004988909,T.CD4.Memory
GACACCGGTGGATGTC-5,GARQ,D18,0,40,37,35,0.02142775,T.CD4.Memory
TGTGCAAGTGCTGTAA-5,GARQ,D18,0,40,37,7,0.00013303757,T.CD8.Effector
GCCACACAGGTCCACA-5,GARQ,D18,0,40,37,22,0.10499406,NK
CGCTACTTCTTAGTGA-5,GARQ,D18,0,40,37,14,0.036851168,T.CD8.Effector
GAGAGGCGTGGATTGC-5,GARQ,D18,0,40,37,9,0.08641338,NK
ATGACGAAGATTGAGG-5,GARQ,D18,0,40,37,17,0.05981505,Mono.CD14
CAATGACTCGGCCAGT-5,GARQ,D18,0,40,37,31,0.056217194,T.CD4.Naive
CGCCACACAATGAATG-5,GARQ,D18,0,40,37,32,0.010630488,T.CD8.Naive
GTTGTTGCAATCCTGA-5,GARQ,D18,0,40,37,31,0.041980743,T.CD4.Naive
GCGCTTGCACAACCTA-5,GARQ,D18,0,40,37,33,0.0681836,T.CD4.Naive
TCCACAACAGGTATTT-5,GARQ,D18,0,40,37,0,0.031149983,B.Naive
CCGCTAGCACCACAAC-5,GARQ,D18,0,40,37,39,0.5523883,T.CD4.Naive
GACTTGGTCATGCATA-5,GARQ,D18,0,40,37,9,0.022701502,NK
CGCATGATCATTCATC-5,GARQ,D18,0,40,37,33,0.0042647123,T.CD4.Naive
AGCAGGTAGTTAGAGG-5,GARQ,D18,0,40,37,24,0.07447463,T.CD4.Memory
CACTTTGTCCGCACAA-5,GARQ,D18,0,40,37,14,0.12790787,T.CD4.Memory
GCTAAGAAGGCCTAAT-5,GARQ,D18,0,40,37,7,0.00936681,NK
GTACTAATCGAGCTAT-5,GARQ,D18,0,40,37,4,0.03376019,B.Naive
GTTGCATAGTTCCTCA-5,GARQ,D18,0,40,37,24,0.04313296,T.CD4.Naive
AGCTACGTCGGTTCCT-5,GARQ,D18,0,40,37,0,0.052592516,B.Naive
GAGCAAGGTGATGAGG-5,GARQ,D18,0,40,37,35,0.023506701,T.CD8.Effector
TGGCCTTTCGTACCGA-5,GARQ,D18,0,40,37,14,0.023944855,T.CD4.Memory
AGTGCGGAGGAGGACT-5,GARQ,D18,0,40,37,31,0.0892843,T.CD4.Naive
ATGAAGTAGTAAGTCC-5,GARQ,D18,0,40,37,14,0.11375439,T.CD8.Effector
CGCATATAGTAGCCAT-5,GARQ,D18,0,40,37,9,0.08708143,NK
CGGTTCCGTGCTAGCG-5,GARQ,D18,0,40,37,22,0.095867276,NK
CTAACCTGTTGCAATG-5,GARQ,D18,0,40,37,24,0.08894491,T.CD4.Memory
TTGTTGCGTGTGCAAC-5,GARQ,D18,0,40,37,30,0.035481572,B.Naive
GCTGCAATCTTCAATC-5,GARQ,D18,0,40,37,14,0.09168732,T.CD4.Memory
GGGCGAATCATTAGGC-5,GARQ,D18,0,40,37,34,0.0046310425,T.CD8.Effector
CATGCGGGTGCTGGTG-5,GARQ,D18,0,40,37,24,0.07635498,T.CD4.Memory
CTCCAAACATGAATCT-5,GARQ,D18,0,40,37,31,0.063856125,T.CD4.Memory
GATTACGGTTAAGGTT-5,GARQ,D18,0,40,37,31,0.039964437,T.CD4.Naive
TTGTTTGGTAGCTGGT-5,GARQ,D18,0,40,37,32,0.008852959,T.CD8.Effector
GCAGGCTTCGATTATG-5,GARQ,D18,0,40,37,33,0.030338526,T.CD4.Memory
ATGGCCGGTGCGCGTA-5,GARQ,D18,0,40,37,19,0.031060219,T.CD4.Memory
ACCACACCAGGGAGGA-5,GARQ,D18,0,40,37,23,0.014182687,T.CD4.Naive
TTCAACCGTGGGTGAA-5,GARQ,D18,0,40,37,24,0.04071319,T.CD4.Memory
GGCTTCAAGCAGGCCT-5,GARQ,D18,0,40,37,24,0.07792091,T.CD4.Naive
CAACCCGCATGAGCAG-5,GARQ,D18,0,40,37,7,0.06527221,T.CD8.Effector
CCCTCATAGTACCGCA-5,GARQ,D18,0,40,37,22,0.06365514,NK
CGTTAGGTCTCCATAT-5,GARQ,D18,0,40,37,31,0.08337593,T.CD4.Naive
TAGTAGGAGCTCCTTA-5,GARQ,D18,0,40,37,33,0.04413879,T.CD4.Memory
GGGCATGAGGCATGTT-5,GARQ,D18,0,40,37,32,0.016073108,T.CD4.Memory
GCAGCTATCATGGTTA-5,GARQ,D18,0,40,37,24,0.03372383,T.CD4.Memory
GTGCTCCGTGGTTATG-5,GARQ,D18,0,40,37,31,0.09633589,T.CD4.Naive
AGGACGTAGTGAGCAA-5,GARQ,D18,0,40,37,35,0.096915126,T.CD4.Memory
CTTAGTTTCGTTTCCA-5,GARQ,D18,0,40,37,24,0.21813464,T.CD8.Effector
AAGGATCCATTGTGTG-5,GARQ,D18,0,40,37,33,0.02960658,T.CD4.Naive
ACTCACCTCGTACCGA-5,GARQ,D18,0,40,37,24,0.0148102045,T.CD4.Naive
TAGGTGCGTGCTTAGA-5,GARQ,D18,0,40,37,20,0.013104916,T.CD4.Memory
ATCTATGAGGCATGAA-5,GARQ,D18,0,40,37,20,0.012570381,T.CD4.Memory
TGCTCTCAGCTTTGGG-5,GARQ,D18,0,40,37,23,0.080509186,T.CD4.Naive
ACCAGCTCAATCGCAC-5,GARQ,D18,0,40,37,24,0.15527081,T.CD4.Naive
GGACATAAGGAACCGG-5,GARQ,D18,0,40,37,9,0.11043638,NK
ATGGACAAGGCTCATG-5,GARQ,D18,0,40,37,16,0.085425615,T.CD4.Memory
CGCTTAACAGGTCCTG-5,GARQ,D18,0,40,37,32,0.055146813,T.CD8.Effector
TGGCCTGCACAATGCC-5,GARQ,D18,0,40,37,24,0.15827596,T.CD4.Memory
TTGACGTAGTGAGCAA-5,GARQ,D18,0,40,37,33,0.13619399,T.CD4.Naive
GAGTATCTCCTGGTGA-5,GARQ,D18,0,40,37,24,0.06732702,T.CD4.Naive
TGAGCCGGTTGTCATC-5,GARQ,D18,0,40,37,23,0.003740549,T.CD4.Naive
CTACGAAGTATGGTGC-5,GARQ,D18,0,40,37,16,0.025553048,T.CD4.Memory
CCCAGCACAACAACAA-5,GARQ,D18,0,40,37,33,0.04014814,T.CD4.Memory
CCTGGATCACAATGCC-5,GARQ,D18,0,40,37,33,0.082831144,T.CD4.Memory
TTTACGCGTTTGTGGA-5,GARQ,D18,0,40,37,33,0.07878649,T.CD8.Naive
GCCCGTTGTTACTTCA-5,GARQ,D18,0,40,37,14,0.039260566,T.CD8.Effector
AGAAGGTGTCATTACC-5,GARQ,D18,0,40,37,14,0.0041255355,T.CD4.Memory
ACTCGCTTCACGCATG-5,GARQ,D18,0,40,37,23,0.040488005,T.CD4.Naive
GTACTAATCCCTGACT-5,GARQ,D18,0,40,37,24,0.08715665,T.CD4.Naive
GATAACGAGCAAGGGT-5,GARQ,D18,0,40,37,39,0.08347297,T.CD4.Naive
CGAGGAAGTTAGGTTG-5,GARQ,D18,0,40,37,31,0.004963994,T.CD4.Naive
GATTGGCGTCAGGAAG-5,GARQ,D18,0,40,37,24,0.052842617,T.CD8.Naive
TGACTCCTCGGTCAGC-5,GARQ,D18,0,40,37,24,0.0048103333,T.CD4.Memory
TTTGGTGCACAGCCAT-5,GARQ,D18,0,40,37,24,0.033725142,T.CD4.Memory
TAGTAAGCAGCTAACC-5,GARQ,D18,0,40,37,14,0.062342882,T.CD4.Memory
TTTGCGACAGCAATAA-5,GARQ,D18,0,40,37,15,0.01557374,NK
TGCTTAAAGCACCACA-5,GARQ,D18,0,40,37,33,0.009996831,T.CD4.Memory
CTTGTTCCATCCTAGA-5,GARQ,D18,0,40,37,10,0.06466651,T.CD8.Effector
ATGTAAGCAGCATTAT-5,GARQ,D18,0,40,37,24,0.02493167,T.CD4.Memory
GATGGCTGTGTTGTAG-5,GARQ,D18,0,40,37,13,0.017135978,T.CD4.Memory
TTTAGGATCCTCACAC-5,GARQ,D18,0,40,37,33,0.061727524,T.CD8.Naive
TCTAGCCTCCCATAAA-5,GARQ,D18,0,40,37,39,0.066624165,T.CD4.Naive
GAGCAAATCACGCGGT-5,GARQ,D18,0,40,37,33,0.07364559,T.CD4.Naive
GTGCTGATCATGAAGG-5,GARQ,D18,0,40,37,23,0.016906977,T.CD8.Naive
ACAAAGGTCCTGCGAA-5,GARQ,D18,0,40,37,0,0.06232643,B.Naive
AAGACCAAGGCTGGCT-5,GARQ,D18,0,40,37,24,0.031777024,T.CD8.Naive
TCAACAATCAAATCGC-5,GARQ,D18,0,40,37,24,0.12757492,T.CD8.Naive
CAATGTCAGGGCTAAA-5,GARQ,D18,0,40,37,30,0.0026055574,B.Naive
CACTAAGGTGCTTTAC-5,GARQ,D18,0,40,37,1,0.018034518,T.CD4.Memory
TATCCAGCACTTAGGC-5,GARQ,D18,0,40,37,14,0.14215958,T.CD4.Memory
CCACATTGTGAGCGAA-5,GARQ,D18,0,40,37,17,0.17150998,Mono.CD14
GTAGGAGGTTAGCTGA-5,GARQ,D18,0,40,37,23,0.08608103,T.CD4.Naive
CTCCTCACATTGTTGG-5,GARQ,D18,0,40,37,24,0.009362698,T.CD4.Naive
GTGATGAAGTAAGAAC-5,GARQ,D18,0,40,37,39,0.10343623,T.CD8.Effector
GCAATAGAGGAACACA-5,GARQ,D18,0,40,37,19,0.02052331,T.CD8.Naive
TATCACGCATAGCAGG-5,GARQ,D18,0,40,37,24,0.16641748,T.CD4.Memory
GATTGATGTACCTTAC-5,GARQ,D18,0,40,37,31,0.12374663,T.CD4.Naive
CTTAAGGGTAGTTGGC-5,GARQ,D18,0,40,37,22,0.050738215,NK
AGGGCCTTCCCGCAAA-5,GARQ,D18,0,40,37,24,0.03946185,T.CD8.Naive
CTTGGACCATAGTCAT-5,GARQ,D18,0,40,37,36,0.05723852,NK
CATAGCTAGTTCCCAC-5,GARQ,D18,0,40,37,14,0.005945444,T.CD4.Memory
CTGTACCTCGTCAAGT-5,GARQ,D18,0,40,37,34,0.014651835,T.CD8.Effector
TCTTAGTTCGCACAAT-5,GARQ,D18,0,40,37,14,0.03180051,T.CD8.Effector
GGGTATTTCGTTTCCA-5,GARQ,D18,0,40,37,33,0.026917934,T.CD4.Naive
CGCGATTCAGGCATGA-5,GARQ,D18,0,40,37,7,0.21146297,NK
TAGGAACCAGGTTACC-5,GARQ,D18,0,40,37,24,0.14417958,T.CD4.Naive
ACAGGATCAATGAGGT-5,GARQ,D18,0,40,37,33,0.036337376,T.CD8.Effector
ATGGTCTAGCTGTAAC-5,GARQ,D18,0,40,37,14,0.056278825,T.CD4.Memory
GGCTGTCAGCTCAATA-5,GARQ,D18,0,40,37,14,0.10893369,T.CD4.Memory
ACGAGTAAGACTAAGG-5,GARQ,D18,0,40,37,23,0.026494503,T.CD4.Memory
GAATTTGTCCTTGAGG-5,GARQ,D18,0,40,37,24,0.07995498,T.CD4.Memory
GACATAGAGCTCATAA-5,GARQ,D18,0,40,37,33,0.08646059,T.CD4.Memory
GTCCGTAAGCATGGTT-5,GARQ,D18,0,40,37,24,0.045268655,T.CD4.Memory
GCGTGCTAGTAACGGA-5,GARQ,D18,0,40,37,24,0.028697968,T.CD4.Memory
ATACCGGTCGTGCTTC-5,GARQ,D18,0,40,37,24,0.075641155,T.CD4.Naive
ACAAAGGTCTCACTCA-5,GARQ,D18,0,40,37,24,0.031788588,T.CD4.Naive
CGTAACCCATTGTGGC-5,GARQ,D18,0,40,37,14,0.1124872,T.CD4.Memory
TGGACGGAGCCTAATA-5,GARQ,D18,0,40,37,24,0.038313627,T.CD4.Naive
ATGATGACAATCTCTC-5,GARQ,D18,0,40,37,15,0.09834874,NK
CGATTGAGTACCGTTT-5,GARQ,D18,0,40,37,33,0.070225954,T.CD4.Naive
TGGGCATGTGCGCATG-5,GARQ,D18,0,40,37,31,0.05537492,T.CD4.Memory
GGTCGGTTCTCACACC-5,GARQ,D18,0,40,37,7,0.023313105,NK
GGATTGCGTTAAGCCA-5,GARQ,D18,0,40,37,22,0.035518527,NK
ACGTTACAGAGGAGGA-5,GARQ,D18,0,40,37,24,0.065481424,T.CD4.Naive
AAGGATGTCCATAAGC-5,GARQ,D18,0,40,37,24,0.09944832,T.CD4.Memory
TTTGACCGTTTATTCG-5,GARQ,D18,0,40,37,24,0.04062307,T.CD8.Naive
TTGGGCGGTTAGGCTA-5,GARQ,D18,0,40,37,23,0.0167557,T.CD8.Effector
CAAATCATCAAGTGTC-5,GARQ,D18,0,40,37,9,0.046277523,NK
CCACACAAGGGTTAGA-5,GARQ,D18,0,40,37,24,0.116964936,T.CD4.Naive
TCTAGCGAGGTAAGGC-5,GARQ,D18,0,40,37,24,0.11368847,T.CD4.Memory
GAGGCCTTCGCAACAT-5,GARQ,D18,0,40,37,24,0.064400315,T.CD4.Naive
CTCAATAAGGAGCAAC-5,GARQ,D18,0,40,37,34,0.0068656206,T.CD8.Effector
GGCCGTTAGCGCATTG-5,GARQ,D18,0,40,37,20,0.07947844,T.CD8.Effector
GAGCTTGTCCCATAAA-5,GARQ,D18,0,40,37,20,0.0031653643,T.CD4.Naive
GTTGTGAGTGTGAGAG-5,GARQ,D18,0,40,37,21,0.059744835,T.CD8.Effector
TATGACTCACGTGCTG-5,GARQ,D18,0,40,37,24,0.026709914,T.CD4.Naive
CAGGGTGAGAGAGGAG-5,GARQ,D18,0,40,37,24,0.23968863,T.CD4.Memory
AGTTACTCAGGCAAGC-5,GARQ,D18,0,40,37,14,0.2146852,T.CD4.Memory
CGTACGGGTGGCTTCC-5,GARQ,D18,0,40,37,39,0.08813262,T.CD4.Naive
TCAAGTATCACTTTAC-5,GARQ,D18,0,40,37,24,0.07755864,T.CD4.Naive
ACGGTTAGTAGTTAAC-5,GARQ,D18,0,40,37,24,0.23055291,T.CD4.Naive
AAGCTCCCATTAGCGC-5,GARQ,D18,0,40,37,17,0.1414429,Mono.CD16
CCTTGTTCATCTTGAG-5,GARQ,D18,0,40,37,15,0.025497854,NK
CGTTAAATCGATTATG-5,GARQ,D18,0,40,37,21,0.024490058,T.CD8.Effector
GGGCTAACACTTCATC-5,GARQ,D18,0,40,37,24,0.015425026,T.CD4.Naive
GCTCTGTTCGCTATAA-5,GARQ,D18,0,40,37,24,0.23534226,T.CD4.Naive
ACTCACCTCTGGTCCT-5,GARQ,D18,0,40,37,24,0.020442128,T.CD8.Naive
GTTTACCGTGTTAAAC-5,GARQ,D18,0,40,37,32,0.0013952255,T.CD4.Naive
AATCATGTCTAAATCG-5,GARQ,D18,0,40,37,33,0.009697676,T.CD4.Memory
GATCGATTCATCCACC-5,GARQ,D18,0,40,37,33,0.15021265,T.CD4.Memory
GAGCAAATCCGTAAAC-5,GARQ,D18,0,40,37,34,0.019618034,T.CD4.Memory
CCTGAATAGCTGAGGG-5,GARQ,D18,0,40,37,24,0.049096465,T.CD8.Naive
TCATTGCGTGCTAGCG-5,GARQ,D18,0,40,37,24,0.07071006,T.CD4.Naive
TAGCCGGGTAAATTGC-5,GARQ,D18,0,40,37,9,0.005240798,NK
CCTAAAGGTATTGTCC-5,GARQ,D18,0,40,37,31,0.04319167,T.CD4.Memory
GCATGAAAGTGCTGTG-5,GARQ,D18,0,40,37,24,0.025491118,T.CD4.Naive
CTCTAGCTCAAAGGCA-5,GARQ,D18,0,40,37,24,0.01858759,T.CD4.Naive
TCTTTGTAGCACGATT-5,GARQ,D18,0,40,37,31,0.08639735,T.CD4.Memory
TTGGATTCACAGGATG-5,GARQ,D18,0,40,37,24,0.052904725,T.CD8.Naive
CGATGTCCATAGGCGA-5,GARQ,D18,0,40,37,31,0.047741175,T.CD4.Naive
CGCTAATAGAGGATAT-5,GARQ,D18,0,40,37,24,0.19808137,T.CD4.Naive
GGTCCTGCAAGCTTTG-5,GARQ,D18,0,40,37,22,0.027114868,NK
GCGGGTTTCATAACCA-5,GARQ,D18,0,40,37,9,0.07023442,T.CD8.Effector
GCTTTGTGTTCCTGTG-5,GARQ,D18,0,40,37,34,0.024328232,T.CD8.Effector
TCCTTCAAGGAATAAC-5,GARQ,D18,0,40,37,24,0.04320705,T.CD4.Naive
GAGTTACTCCTGATTT-5,GARQ,D18,0,40,37,38,0.039990664,T.CD8.Effector
CCTTCAATCCGTGACA-5,GARQ,D18,0,40,37,24,0.10172433,T.CD4.Naive
AATGCATGTCACTCGC-5,GARQ,D18,0,40,37,23,0.010357261,T.CD4.Naive
CTCCAACTCGTTTCCA-5,GARQ,D18,0,40,37,24,0.019429207,T.CD4.Memory
TACTTCGTCTCACTAT-5,GARQ,D18,0,40,37,24,0.027221441,T.CD4.Naive
CTGTGTGAGCACTAGT-5,GARQ,D18,0,40,37,24,0.12090993,T.CD4.Memory
CAGCCTTTCGCTTGCT-5,GARQ,D18,0,40,37,24,0.2238115,T.CD4.Naive
CACGCTAAGTAACCAC-5,GARQ,D18,0,40,37,24,0.048065305,T.CD4.Memory
TAGACCAGTAGCTAGC-5,GARQ,D18,0,40,37,20,0.03428632,T.CD8.Effector
AGACTATGTAACGGGA-5,GARQ,D18,0,40,37,24,0.055214286,T.CD4.Memory
TAGGTTGGTCATCAAG-5,GARQ,D18,0,40,37,24,0.018854976,T.CD4.Naive
ATTTGTGAGGGTGAGT-5,GARQ,D18,0,40,37,17,0.052727222,Mono.CD14
CCTTGTTCATGCTTAG-5,GARQ,D18,0,40,37,23,0.021196246,T.CD8.Naive
TTGCACACAGCAGGTA-5,GARQ,D18,0,40,37,24,0.08904743,T.CD4.Memory
GAGGGAGCAATTATGC-5,GARQ,D18,0,40,37,24,0.061443627,T.CD4.Naive
GGTTTCCTCAGTATTG-5,GARQ,D18,0,40,37,14,0.10039735,T.CD8.Effector
GCTATAGGTGGATTGC-5,GARQ,D18,0,40,37,13,0.0065894723,T.CD4.Memory
CGAAGCCTCCTTGAGG-5,GARQ,D18,0,40,37,33,0.082214,T.CD4.Memory
GTTCACCTCCTGATGG-5,GARQ,D18,0,40,37,24,0.073121786,T.CD4.Naive
GCTCAACCAAGCTTAT-5,GARQ,D18,0,40,37,24,0.14907908,T.CD4.Memory
CCATATTTCATGGTTA-5,GARQ,D18,0,40,37,22,0.10628939,NK
GGAAGCTAGTATTGTG-5,GARQ,D18,0,40,37,24,0.07595724,T.CD4.Naive
ATCTTTGGTCTTGCAT-5,GARQ,D18,0,40,37,24,0.13991106,T.CD4.Memory
AGGTAACCATTATGGT-5,GARQ,D18,0,40,37,9,0.08567071,T.CD8.Effector
AGGAACCAGGCCTAAT-5,GARQ,D18,0,40,37,14,0.10595834,T.CD4.Memory
CCTACTGGTACCTTAC-5,GARQ,D18,0,40,37,24,0.034573615,T.CD4.Memory
CGCTCCATCATAGACC-5,GARQ,D18,0,40,37,24,0.19923425,T.CD4.Naive
TGATCACAGCTGTACG-5,GARQ,D18,0,40,37,24,0.10852134,T.CD4.Naive
TGGTCAGTCATTGCGG-5,GARQ,D18,0,40,37,31,0.031282306,T.CD4.Memory
ACAACACTCAATGACC-5,GARQ,D18,0,40,37,7,0.007463336,NK
GTGAACAAGTCACTCC-5,GARQ,D18,0,40,37,24,0.11237848,T.CD4.Naive
ATCCATAAGTCCTTTG-5,GARQ,D18,0,40,37,0,0.02912736,B.Naive
GCCTGCTGTCGTTACT-5,GARQ,D18,0,40,37,23,0.018821359,T.CD4.Memory
GTTCCTTCATACTCCT-5,GARQ,D18,0,40,37,34,0.1036464,T.CD8.Effector
CCCAGTTTCAAGACTC-5,GARQ,D18,0,40,37,9,0.03910637,T.CD8.Effector
ACCTCACTCTTGATGA-5,GARQ,D18,0,40,37,24,0.121613145,T.CD8.Naive
AGCCTAGTCACAGCGC-5,GARQ,D18,0,40,37,24,0.24193752,T.CD4.Naive
ACACTAGGTGCCTCAC-5,GARQ,D18,0,40,37,24,0.14774561,T.CD4.Naive
ATTATCCTCAAGTGAG-5,GARQ,D18,0,40,37,24,0.10852611,T.CD4.Naive
CCTTCAATCTTGCATT-5,GARQ,D18,0,40,37,14,0.07929945,T.CD4.Memory
CAATGTCAGGAACCGG-5,GARQ,D18,0,40,37,24,0.061964512,T.CD4.Naive
ACTAACCAGTCACTAA-5,GARQ,D18,0,40,37,31,0.04160595,T.CD4.Naive
GCTAAGCGTACCAGGT-5,GARQ,D18,0,40,37,31,0.008020759,T.CD4.Naive
AACAGATAGCTGGAAA-5,GARQ,D18,0,40,37,0,0.05262065,B.Naive
TGCGCAGGTCTTTGAC-5,GARQ,D18,0,40,37,17,0.0007318258,Mono.CD14
GTCTTTAGTGTCCTGC-5,GARQ,D18,0,40,37,0,0.0440197,B.Naive
TATTTGCTCTTTGAGA-5,GARQ,D18,0,40,37,17,0.124560714,Mono.CD14
CCATAGCCACAGACTC-5,GARQ,D18,0,40,37,31,0.014157772,T.CD4.Memory
GTAAAGCCACCGGTAT-5,GARQ,D18,0,40,37,24,0.010112762,T.CD4.Naive
GATCGAGCAGGCAAGC-5,GARQ,D18,0,40,37,24,0.12300515,T.CD4.Memory
TAGCTAGGTGTTGCTT-5,GARQ,D18,0,40,37,24,0.05281198,T.CD4.Naive
GTTCTTGTCGCTATGG-5,GARQ,D18,0,40,37,24,0.08210647,T.CD8.Naive
CAGCCTTTCCCGTTAC-5,GARQ,D18,0,40,37,24,0.07100785,T.CD4.Naive
AAACATGCAAGGTGGC-5,GARQ,D18,0,40,37,34,0.058568,T.CD8.Naive
TACGTTAAGGTTTGCG-5,GARQ,D18,0,40,37,24,0.39290857,T.CD4.Memory
TTTATGGAGCCTGAGC-5,GARQ,D18,0,40,37,24,0.11726594,T.CD4.Naive
CTTTATGGTTAAGTGT-5,GARQ,D18,0,40,37,23,0.020338416,T.CD4.Memory
ATGATGACATTGTGGC-5,GARQ,D18,0,40,37,24,0.1072495,T.CD8.Naive
CGCATGATCTTTGACT-5,GARQ,D18,0,40,37,24,0.057198048,T.CD4.Naive
GTCTAATCAGTTAGCC-5,GARQ,D18,0,40,37,24,0.12941897,T.CD8.Naive
GAGTATCTCAATCTAG-5,GARQ,D18,0,40,37,9,0.0049788356,NK
CCTGATGAGCTTAGCG-5,GARQ,D18,0,40,37,24,0.28562808,T.CD4.Naive
TATAGCTCAACCCTCC-5,GARQ,D18,0,40,37,14,0.038360357,T.CD4.Memory
TAATGGTGTGCTTAGA-5,GARQ,D18,0,40,37,34,0.032282114,T.CD8.Effector
GTACTAGGTAGGATTT-5,GARQ,D18,0,40,37,24,0.27838004,T.CD4.Memory
GTGTAACTCTACTAAG-5,GARQ,D18,0,40,37,24,0.004870355,T.CD4.Memory
CTGGTTACATAGTCAT-5,GARQ,D18,0,40,37,22,0.027657747,T.CD8.Effector
AAGTTTGTCGTTATCT-5,GARQ,D18,0,40,37,24,0.117532015,T.CD4.Memory
TAAGTAGCATTAGCCA-5,GARQ,D18,0,40,37,35,0.038663507,T.CD4.Memory
GTGGACACATTGCGAC-5,GARQ,D18,0,40,37,14,0.03808689,T.CD4.Memory
ACGGGAAGTCGTTATC-5,GARQ,D18,0,40,37,20,0.09305084,NK
GATAAAGGTAAGGTTT-5,GARQ,D18,0,40,37,14,0.08377671,T.CD4.Memory
TAGTAACGTCTCACTG-5,GARQ,D18,0,40,37,35,0.05249536,T.CD4.Memory
TTTCACCCAGTAATAG-5,GARQ,D18,0,40,37,34,0.07227373,T.CD8.Effector
TGGTTCTGTTGAATCG-5,GARQ,D18,0,40,37,14,0.08156896,T.CD4.Memory
CTCATGCTCACTTTAC-5,GARQ,D18,0,40,37,22,0.083281875,NK
GAGTGATCAATCCTAG-5,GARQ,D18,0,40,37,9,0.00340271,T.CD8.Effector
TATTACCTCAGCCAAT-5,GARQ,D18,0,40,37,0,0.017874002,B.Naive
ACCGCAATCGGCTATG-5,GARQ,D18,0,40,37,24,0.11542392,T.CD4.Memory
ATCGCTTGTCGTTATC-5,GARQ,D18,0,40,37,24,0.102163315,T.CD4.Memory
AACAGGATCGACAAAG-3,GARQ,D18,0,40,37,8,0.04766649,Mono.CD14
GTCAATATCTAATCAG-3,GARQ,D18,0,40,37,31,0.031778097,T.CD4.Memory
AGTCAATGTTGTCATC-3,GARQ,D18,0,40,37,8,0.07533753,Mono.CD14
ATTGCAGGTCTAACCT-3,GARQ,D18,0,40,37,17,0.03910172,Mono.CD14
AGGCAGGTCTCATCAT-3,GARQ,D18,0,40,37,10,0.08795667,T.CD8.Effector
AGAACAAGTAGTAAGA-3,GARQ,D18,0,40,37,11,0.014936686,Mono.CD14
TATCGCGAGCATGTTA-3,GARQ,D18,0,40,37,8,0.0868901,Mono.CD14
AATTGACGTGGGTACT-3,GARQ,D18,0,40,37,10,0.11153722,T.CD8.Effector
TCTCAATTCCAATTAG-3,GARQ,D18,0,40,37,30,0.0011392832,B.Naive
AGTATAGCAGGATGGC-3,GARQ,D18,0,40,37,0,0.016279936,B.Naive
GTGCCTTTCGCAATCG-3,GARQ,D18,0,40,37,4,0.011580706,B.Naive
AACAGGATCCTAAGAC-3,GARQ,D18,0,40,37,22,0.08491188,Platelets
GTGCTCAAGGGCCATC-3,GARQ,D18,0,40,37,19,0.03346002,T.CD4.Naive
GGCTATTAGGTCCGTA-3,GARQ,D18,0,40,37,32,0.09542048,T.CD4.Memory
GTGTCCAAGATGGAGC-3,GARQ,D18,0,40,37,9,0.07806778,NK
TGACCAAGTTAGCATG-3,GARQ,D18,0,40,37,9,0.08290565,NK
ACTATCCGTGCTCCAC-3,GARQ,D18,0,40,37,30,0.0036736727,B.Naive
GCATGAGCACTATGGC-3,GARQ,D18,0,40,37,8,0.07764506,Mono.CD14
TAAAGCCTCGATTATG-3,GARQ,D18,0,40,37,8,0.050949812,Mono.CD14
GGCTAGTGTTAGTACG-3,GARQ,D18,0,40,37,8,0.041481495,Mono.CD14
CCTGGTAAGAACCTAC-3,GARQ,D18,0,40,37,8,0.0050531626,Mono.CD14
TCCGGAATCAGCTAAC-3,GARQ,D18,0,40,37,17,0.1537447,Mono.CD16
CGTGTTACAGCACGAA-3,GARQ,D18,0,40,37,10,0.27186656,T.CD8.Effector
GGTTACCCATAGCTTG-3,GARQ,D18,0,40,37,8,0.080391526,Mono.CD14
TGCATGAGTATTCGCT-3,GARQ,D18,0,40,37,4,0.011424065,B.Naive
CCTAAGGTCGATCAGT-3,GARQ,D18,0,40,37,10,0.16006243,T.CD8.Effector
TGACCTTGTCATTGTC-3,GARQ,D18,0,40,37,6,0.03717923,B.Naive
GCGGAACCAGCGCTTG-3,GARQ,D18,0,40,37,4,0.020530224,B.Naive
CTTTGGGAGCTTAACA-3,GARQ,D18,0,40,37,17,0.07522273,Mono.CD14
GGTCATTAGAGGAAGG-3,GARQ,D18,0,40,37,8,0.02378261,Mono.CD14
CTTAATGAGCTTGCTC-3,GARQ,D18,0,40,37,30,0.0149559975,B.Naive
TGGACTAGTCATGAGC-3,GARQ,D18,0,40,37,0,0.0022387505,B.Naive
CCAACATAGTCCTGAG-3,GARQ,D18,0,40,37,30,0.012709379,B.Naive
ACGCCTAAGGATGATG-3,GARQ,D18,0,40,37,17,0.15040451,Mono.CD16
CAAAGTGAGTAGGATG-3,GARQ,D18,0,40,37,11,0.00993681,Mono.CD14
AGACACGCACCTCAGG-3,GARQ,D18,0,40,37,26,0.037255406,Mono.CD16
TTGAGCTAGTAAGGGC-3,GARQ,D18,0,40,37,0,0.07331216,B.Naive
GGCTTCAAGTATTGCA-3,GARQ,D18,0,40,37,17,0.051343203,Mono.CD14
CATAACGGTTGGCCGA-3,GARQ,D18,0,40,37,0,0.051186323,B.Naive
GATTGGTTCGTGCTTC-3,GARQ,D18,0,40,37,17,0.025073886,Mono.CD14
GGCTTAAGTTCCTGTG-3,GARQ,D18,0,40,37,30,0.011659384,B.Naive
TCGGTTCTCAGCAAAG-3,GARQ,D18,0,40,37,8,0.03713739,Mono.CD14
AATTTGCCACCATATG-3,GARQ,D18,0,40,37,30,0.04266548,B.Naive
ACATCATCATGCAACC-3,GARQ,D18,0,40,37,10,0.09966242,T.CD4.Memory
TAGTAAGCATTAAGTC-3,GARQ,D18,0,40,37,0,0.0029585361,B.Naive
ATTGCAGGTTCACCAT-3,GARQ,D18,0,40,37,30,0.049135685,B.Naive
ATATGTCCAAGGTACG-3,GARQ,D18,0,40,37,4,0.079534054,B.Naive
TGCACTTGTATTGTGG-3,GARQ,D18,0,40,37,0,0.00046217442,B.Naive
CTACGAAGTCATCCTG-3,GARQ,D18,0,40,37,0,0.061505795,B.Naive
ATCCTTAGTTTGCGAA-3,GARQ,D18,0,40,37,4,0.05305028,B.Naive
CGCCACACACAGCCTG-3,GARQ,D18,0,40,37,17,0.042906165,Mono.CD14
TGCTCCGTCAAGCCTG-3,GARQ,D18,0,40,37,0,0.05641699,B.Naive
AAAGGCTCATCTTGAG-3,GARQ,D18,0,40,37,17,0.07516229,Mono.CD14
ACGTTGTAGTTGTCAA-3,GARQ,D18,0,40,37,39,0.03903961,T.CD4.Naive
GCTCACAAGGTTTACA-3,GARQ,D18,0,40,37,30,0.041374326,B.Naive
TGCTCTCAGGAGGTTA-3,GARQ,D18,0,40,37,14,0.18615687,T.CD8.Effector
GCTTAGTAGCACAGAA-3,GARQ,D18,0,40,37,17,0.064766645,Mono.CD14
GAGAACCAGTGAGGGT-3,GARQ,D18,0,40,37,10,0.01532191,T.CD8.Effector
TGGACAAAGCTGTAAC-3,GARQ,D18,0,40,37,33,0.13000643,T.CD4.Naive
TAGAGCCGTAGCTGGT-3,GARQ,D18,0,40,37,17,0.15320468,Mono.CD14
CCTTTAGTCAAGCGCC-3,GARQ,D18,0,40,37,0,0.0061393976,B.Naive
TCGCGAGGTTACCTGT-3,GARQ,D18,0,40,37,0,0.047080636,B.Naive
TCCTTGCAGGCTGTGC-3,GARQ,D18,0,40,37,21,0.018856108,T.CD8.Effector
TGGTGATTCACAGGAA-3,GARQ,D18,0,40,37,17,0.04258001,Mono.CD14
CCAACCAAGCTTAGCG-3,GARQ,D18,0,40,37,4,0.020041108,B.Naive
TCATTGTTCGAAGTAG-3,GARQ,D18,0,40,37,24,0.19944,T.CD4.Naive
GCTTCGCGTTAGAGGG-3,GARQ,D18,0,40,37,0,0.086806774,B.Naive
AAGTTACGTAAGCACC-3,GARQ,D18,0,40,37,0,0.098722935,B.Naive
CAAAGTGAGTAATCCA-3,GARQ,D18,0,40,37,34,0.03844571,T.CD4.Memory
GACCTGATCACGCGGT-3,GARQ,D18,0,40,37,30,0.046108007,B.Naive
AGTGAACCACATACTG-3,GARQ,D18,0,40,37,0,0.007899165,B.Naive
TATTAGGTCAGCTAAC-3,GARQ,D18,0,40,37,1,0.014627218,T.CD4.Memory
CAAAGCGCACGGTTTA-3,GARQ,D18,0,40,37,17,0.026049912,Mono.CD14
CTCATGACATTGTTGG-3,GARQ,D18,0,40,37,17,0.16424417,Mono.CD16
GTAGCGCTCAGGCCTA-3,GARQ,D18,0,40,37,30,0.015538096,B.Naive
CAAAGGATCTCGCCTG-3,GARQ,D18,0,40,37,14,0.15158415,T.CD4.Memory
AACTCACAGGACCTTG-3,GARQ,D18,0,40,37,0,0.0071618557,B.Naive
AAGCATGAGCATGTTA-3,GARQ,D18,0,40,37,14,0.053926587,T.CD4.Memory
GCCACAATCATTATGG-3,GARQ,D18,0,40,37,30,0.059537172,B.Naive
TGGAACAAGCTTTGGG-3,GARQ,D18,0,40,37,14,0.07149494,T.CD4.Memory
AGCTAACTCGATCAGT-3,GARQ,D18,0,40,37,32,0.116163254,T.CD4.Naive
GTAGGCGAGAATCTCA-3,GARQ,D18,0,40,37,4,0.04410529,B.Naive
GTTCACCTCATCCACC-3,GARQ,D18,0,40,37,7,0.2616217,NK
ATATAGGCATCCATCT-3,GARQ,D18,0,40,37,0,0.020471215,B.Naive
CTGCAATAGCGAGGTG-3,GARQ,D18,0,40,37,35,0.0024572015,T.CD8.Effector
GACCTGCAGGCGGATG-3,GARQ,D18,0,40,37,14,0.1432761,T.CD8.Effector
CTAATCCGTGTTTGAG-3,GARQ,D18,0,40,37,39,0.14337969,T.CD4.Memory
TTCGGTACAGTAAGTA-3,GARQ,D18,0,40,37,32,0.084946156,T.CD4.Naive
CAGCCTAAGTCTTGAA-3,GARQ,D18,0,40,37,10,0.3481052,T.CD8.Effector
GTTCACCTCACTAAGC-3,GARQ,D18,0,40,37,8,0.014463067,Mono.CD14
CTAGTGAGTGCAACTA-3,GARQ,D18,0,40,37,33,0.016741157,T.CD4.Memory
AGTAAGTAGTTGGGCC-3,GARQ,D18,0,40,37,32,0.05057347,T.CD8.Naive
TTAGCGGTCATGCAAC-3,GARQ,D18,0,40,37,17,0.058485866,Mono.CD14
GCTTTATTCCGTCCAT-3,GARQ,D18,0,40,37,17,0.019681454,Mono.CD14
TTTAACCTCGCTAAGT-3,GARQ,D18,0,40,37,4,0.04944861,B.Naive
GAGTTACTCAATGTGC-3,GARQ,D18,0,40,37,33,0.029822826,T.CD4.Naive
CGCCAAATCCGCTAGA-3,GARQ,D18,0,40,37,17,0.057885826,Mono.CD14
AAAGCACCACCTAAGC-3,GARQ,D18,0,40,37,30,0.020994067,B.Naive
TGAGCCGGTAGCTAAT-3,GARQ,D18,0,40,37,8,0.089835405,Mono.CD14
CTGTTCATCATGCGTG-3,GARQ,D18,0,40,37,17,0.090366244,Mono.CD14
ACCTGGTCAACAGGTG-3,GARQ,D18,0,40,37,30,0.045526028,B.Naive
ACACTTAAGGTTAGCT-3,GARQ,D18,0,40,37,7,0.06801915,NK
CGGCTCACACAAAGCG-3,GARQ,D18,0,40,37,10,0.071845114,T.CD4.Memory
CATTCCTCACAATACT-3,GARQ,D18,0,40,37,4,0.035054803,B.Naive
CTTGCAACACCTAAGC-3,GARQ,D18,0,40,37,0,0.033804655,B.Naive
GTCAAACTCACAGCGC-3,GARQ,D18,0,40,37,14,0.028891146,T.CD4.Memory
ATGGACAAGGCCGGAA-3,GARQ,D18,0,40,37,4,0.009414911,B.Naive
ACGACTTAGCTGGACC-3,GARQ,D18,0,40,37,10,0.033418477,T.CD8.Effector
TTTGCGACAGGACCTT-3,GARQ,D18,0,40,37,7,0.11063337,T.CD8.Effector
AAGCTTGGTTGAGGTC-3,GARQ,D18,0,40,37,14,0.010196328,T.CD8.Effector
CGTGAGGAGCCACATG-3,GARQ,D18,0,40,37,30,0.03644061,B.Naive
CGTCAATAGGCCTGGT-3,GARQ,D18,0,40,37,34,0.013643265,T.CD8.Naive
GTAAAGCCAAATACCT-3,GARQ,D18,0,40,37,8,0.018785596,Mono.CD14
GCGAAGCCACTGGCCA-3,GARQ,D18,0,40,37,32,0.004850149,T.CD4.Naive
AGTGATGAGTACTGGT-3,GARQ,D18,0,40,37,0,0.010450125,B.Naive
GTTCATTTCCATTACT-3,GARQ,D18,0,40,37,0,0.006265521,B.Naive
AGCGATTTCAAGTGAG-3,GARQ,D18,0,40,37,0,0.044528246,B.Naive
ATCCTTAGTTAGAGCC-3,GARQ,D18,0,40,37,4,0.028137088,B.Naive
TGAGCTTAGTGAGCGG-3,GARQ,D18,0,40,37,14,0.06953311,T.CD4.Memory
GCCACTAAGGTAACGA-3,GARQ,D18,0,40,37,0,0.01945436,B.Naive
CTAGTAGGTATTGGAT-3,GARQ,D18,0,40,37,30,0.009883165,B.Naive
TTAACTGAGCGATACT-3,GARQ,D18,0,40,37,39,0.010860264,T.CD4.Memory
GGTTTCCTCCTCAGTC-3,GARQ,D18,0,40,37,14,0.07400131,T.CD4.Naive
TACCTCATCCCAGTAG-3,GARQ,D18,0,40,37,0,0.002081275,B.Naive
AAAGGACGTAGGTTTG-3,GARQ,D18,0,40,37,22,0.030256271,NK
GGGCATTGTGGTGAGA-3,GARQ,D18,0,40,37,32,0.12383127,T.CD4.Memory
ACGGGAAGTGCACGCA-3,GARQ,D18,0,40,37,30,0.00080931187,B.Activated
GAACACAAGTTCCTCA-3,GARQ,D18,0,40,37,0,0.02762878,B.Activated
AGCTAACTCATTAGTG-3,GARQ,D18,0,40,37,4,0.035678983,B.Naive
TCACTGACATTGTGTG-3,GARQ,D18,0,40,37,24,0.021855474,T.CD4.Memory
ACTAAAGCAGGCCAAA-3,GARQ,D18,0,40,37,32,0.057196617,T.CD4.Naive
AGCAGGTAGACACCGC-3,GARQ,D18,0,40,37,0,0.05053401,B.Naive
TTCGTGCTCACAGACT-3,GARQ,D18,0,40,37,14,0.08108008,T.CD4.Memory
GGTGAGTAGTCACCTC-3,GARQ,D18,0,40,37,8,0.088751435,Mono.CD14
TCCTTTACACATGCTA-3,GARQ,D18,0,40,37,0,0.027474403,B.Naive
AAGACATAGAGCCGGA-3,GARQ,D18,0,40,37,0,0.03648472,B.Naive
CGCACAATCAAACTCA-3,GARQ,D18,0,40,37,24,0.043313622,T.CD4.Memory
TGTGGCTCAGTACCGT-3,GARQ,D18,0,40,37,32,0.009174347,T.CD4.Memory
CATAACGGTTAAGCCA-3,GARQ,D18,0,40,37,0,0.05353546,B.Naive
GCTATCCTCGCTAGTG-3,GARQ,D18,0,40,37,21,0.022145033,T.CD4.Naive
AAAGGAGCATCACTTC-3,GARQ,D18,0,40,37,32,0.1545167,T.CD4.Memory
GCAGGCAAGTGTTGCG-3,GARQ,D18,0,40,37,24,0.20910275,T.CD4.Naive
CCGCAAATCCTGTTCA-3,GARQ,D18,0,40,37,4,0.0046367645,B.Naive
CGATTTGCAGATTCAT-3,GARQ,D18,0,40,37,4,0.061392546,B.Naive
TTATCCTAGTCAGTAC-3,GARQ,D18,0,40,37,14,0.08263445,T.CD4.Memory
AATAACCGTGCGCATG-3,GARQ,D18,0,40,37,0,0.05411613,B.Naive
TTGCTTAGTTGTTGTC-3,GARQ,D18,0,40,37,24,0.046135902,T.CD4.Naive
GAGCGATAGCCACAAT-3,GARQ,D18,0,40,37,8,0.049131274,Mono.CD14
CAAACCGTCTCCTCTT-3,GARQ,D18,0,40,37,7,0.21918023,NK
AACATAGCAGTTAGCC-3,GARQ,D18,0,40,37,10,0.13431859,T.CD4.Memory
CTGTTTAGTGCTAGCG-3,GARQ,D18,0,40,37,33,0.06827247,T.CD4.Memory
TGTGGCCAGGCTGGCT-3,GARQ,D18,0,40,37,0,0.040860295,B.Naive
TACCAGGTCTGGCAAT-3,GARQ,D18,0,40,37,10,0.0030617714,T.CD8.Effector
GTAAGCGCACATTGCA-3,GARQ,D18,0,40,37,4,0.01165235,B.Naive
CAACCCGCATTTGCTC-3,GARQ,D18,0,40,37,17,0.044107318,Mono.CD14
GACCTGATCGAGCTAT-3,GARQ,D18,0,40,37,39,0.09234214,T.CD4.Memory
TCAATCGCAACCCTCC-3,GARQ,D18,0,40,37,22,0.09464353,Platelets
CGAGCTGGTAATCCCT-3,GARQ,D18,0,40,37,14,0.12799418,T.CD8.Effector
TGAAGTGAGGTCCTAG-3,GARQ,D18,0,40,37,14,0.18808466,T.CD4.Memory
CGCCACACAACTAACT-3,GARQ,D18,0,40,37,34,0.051110923,T.CD4.Memory
AACTAGCTCACTAATG-3,GARQ,D18,0,40,37,0,0.017564535,B.Naive
TACTGAGGTGCGCAAT-3,GARQ,D18,0,40,37,14,0.05225867,T.CD4.Memory
ACCCGCTGTCAGTAAT-3,GARQ,D18,0,40,37,39,0.01338017,T.CD4.Memory
GCTAGCCAGCCGGTAC-3,GARQ,D18,0,40,37,30,0.031459093,B.Activated
ACTCGCGCATTAGGTT-3,GARQ,D18,0,40,37,0,0.05827403,B.Naive
TCAACAATCCGTTAAA-3,GARQ,D18,0,40,37,5,0.011572957,T.CD4.Memory
CTAAATGTCACAGACT-3,GARQ,D18,0,40,37,4,1.9788742e-05,B.Naive
CGTTGCGCAACCTGGT-3,GARQ,D18,0,40,37,14,0.080503285,T.CD8.Effector
CCTAATCGTGATGAGG-3,GARQ,D18,0,40,37,0,0.0076464415,B.Naive
CGCGATTCATGTCAGC-3,GARQ,D18,0,40,37,14,0.05224836,T.CD4.Memory
CATAAGCTCGTTAGCG-3,GARQ,D18,0,40,37,35,0.041680098,T.CD8.Effector
GGATTATGTTACTTGC-3,GARQ,D18,0,40,37,32,0.033413053,T.CD4.Naive
CTTAGTTTCAGCACCA-3,GARQ,D18,0,40,37,0,0.02473712,B.Naive
AAACGCGCAGGACCAA-3,GARQ,D18,0,40,37,14,0.060928166,T.CD8.Effector
CGGAGTCTCCCTCGCA-3,GARQ,D18,0,40,37,14,0.012935102,T.CD8.Effector
GTTCTCATCTTAGTGA-3,GARQ,D18,0,40,37,7,0.21105844,NK
GGCGGTAAGGATGATG-3,GARQ,D18,0,40,37,34,0.004057288,T.CD4.Memory
TGCTCCGTCATGCTCC-3,GARQ,D18,0,40,37,14,0.09073424,T.CD4.Naive
CGATTGAGTCCTAGTT-3,GARQ,D18,0,40,37,32,0.07097465,T.CD4.Memory
CGACTAAGTTTACGTC-3,GARQ,D18,0,40,37,0,0.008154631,B.Naive
ACATTGCAGGTCGAGG-3,GARQ,D18,0,40,37,19,0.0032384396,T.CD4.Naive
ATTCATGAGCACTAAC-3,GARQ,D18,0,40,37,17,0.040383697,Mono.CD14
AAGACCAAGTTTGGGT-3,GARQ,D18,0,40,37,21,0.0071462393,T.CD8.Effector
AAACGTACAACACCTA-3,GARQ,D18,0,40,37,14,0.036714673,T.CD8.Effector
GGTAAACCAATTAAGG-3,GARQ,D18,0,40,37,32,0.10710889,T.CD4.Memory
GGATTCAGTGTTAGCA-3,GARQ,D18,0,40,37,4,0.018048406,B.Naive
ATATGCTCATCACTTC-3,GARQ,D18,0,40,37,30,0.04265356,B.Naive
AAGCCTTAGGCTACAT-3,GARQ,D18,0,40,37,14,0.048146904,T.CD8.Naive
ACGGGAAGTGAGCGAA-3,GARQ,D18,0,40,37,7,0.06767273,NK
CGTTTCTCATCCCGCT-3,GARQ,D18,0,40,37,9,0.086040735,NK
GGTCCGTAGCACTAAC-3,GARQ,D18,0,40,37,0,0.10348606,B.Naive
TGCTTGTGTATTGGAT-3,GARQ,D18,0,40,37,17,0.034659147,Mono.CD14
CCCAATTGTTGTAACG-3,GARQ,D18,0,40,37,14,0.16496146,T.CD8.Effector
TTCGTGCTCATAATCG-3,GARQ,D18,0,40,37,35,0.010832667,T.CD4.Memory
CTTTAGGCAACCCTAA-3,GARQ,D18,0,40,37,17,0.10629606,Mono.CD14
CGTTAAATCGTTCACC-3,GARQ,D18,0,40,37,14,0.1072762,T.CD8.Effector
GTTTGTTTCCAGCACA-3,GARQ,D18,0,40,37,17,0.12110102,Mono.CD14
TCATAACCATGTTGCA-3,GARQ,D18,0,40,37,14,0.08017993,T.CD4.Naive
CGGAGCAAGGAACCAA-3,GARQ,D18,0,40,37,39,0.058000326,T.CD4.Naive
TAAGGACCATCCCTCA-3,GARQ,D18,0,40,37,10,0.040430903,T.CD8.Effector
TCAAGACTCATTAGTG-3,GARQ,D18,0,40,37,0,0.0226264,B.Naive
GTTGTGAGTTACTAGG-3,GARQ,D18,0,40,37,14,0.057252288,T.CD8.Effector
CCCGTAAAGACTAAGG-3,GARQ,D18,0,40,37,33,0.06895566,T.CD4.Naive
TGATCACAGGATCACT-3,GARQ,D18,0,40,37,39,0.16182327,T.CD4.Naive
CCTGAATAGCCGCTAA-3,GARQ,D18,0,40,37,14,0.07245761,T.CD4.Memory
GTGCATTAGTAAGTGG-3,GARQ,D18,0,40,37,32,0.004429579,T.CD4.Naive
TTGTGCGAGTGATTCA-3,GARQ,D18,0,40,37,10,0.05502796,T.CD8.Effector
GCTAGCGGTACCTTAC-3,GARQ,D18,0,40,37,39,0.039384723,T.CD4.Memory
GAGCGATAGGGATGCG-3,GARQ,D18,0,40,37,7,0.06303239,NK
GAACCTGTCCTGATTT-3,GARQ,D18,0,40,37,17,0.13742685,Mono.CD14
ACTCGCTTCCAGGAAA-3,GARQ,D18,0,40,37,17,0.10181677,Mono.CD14
TCTTGTCCATCGTTCT-3,GARQ,D18,0,40,37,24,0.039051414,T.CD4.Naive
GGTAACTTCCCGAACA-3,GARQ,D18,0,40,37,24,0.10017109,T.CD4.Naive
GAGTGTTTCCCTGGTT-3,GARQ,D18,0,40,37,32,0.07869649,T.CD4.Naive
ACATTGCAGCCACATG-3,GARQ,D18,0,40,37,39,0.32329357,T.CD4.Naive
GAACTTATCTTTAGGA-3,GARQ,D18,0,40,37,24,0.034072995,T.CD8.Naive
CGCTTGCGTTATAGCG-3,GARQ,D18,0,40,37,33,0.24943805,T.CD4.Naive
GGGTGTTGTGCATTTC-3,GARQ,D18,0,40,37,7,0.12720776,NK
TTAGGCTAGTTACCGG-3,GARQ,D18,0,40,37,24,0.042886376,T.CD4.Memory
ACTGAAACATGTTTGG-3,GARQ,D18,0,40,37,14,0.06814116,T.CD4.Memory
GCTTAACAGGCATTGT-3,GARQ,D18,0,40,37,39,0.013221741,T.CD4.Naive
TCAGCGATCCTCATCA-3,GARQ,D18,0,40,37,24,0.0185529,T.CD4.Naive
ACACTTAAGTACTGGT-3,GARQ,D18,0,40,37,14,0.122906744,T.CD4.Memory
AACCTCCTCTAATCTC-3,GARQ,D18,0,40,37,7,0.20620275,NK
ACCTGGTCACTCAACA-3,GARQ,D18,0,40,37,18,0.014976501,T.CD8.Naive
TGTCAATCAAGCGAGC-3,GARQ,D18,0,40,37,24,0.07667369,T.CD4.Memory
CTATAACCAAACAACA-3,GARQ,D18,0,40,37,8,0.032559037,Mono.CD14
CGTGAGGAGTTCCCGT-3,GARQ,D18,0,40,37,7,0.0680297,NK
ATGTCCACAAAGGTAC-3,GARQ,D18,0,40,37,24,0.08947897,T.CD4.Naive
ACTAATCCAGTTAGCC-3,GARQ,D18,0,40,37,39,0.2177825,T.CD4.Memory
ATTAGTCCACAGACTC-3,GARQ,D18,0,40,37,23,0.039096236,T.CD4.Naive
TGCCATTGTTTCCTCC-3,GARQ,D18,0,40,37,17,0.09386158,Mono.CD14
CGATATTCAGGCAAGC-3,GARQ,D18,0,40,37,24,0.06761044,T.CD4.Naive
AGGAACCAGATGCCTG-3,GARQ,D18,0,40,37,14,0.102267146,T.CD4.Memory
CAGGTCCAGAGGATAT-3,GARQ,D18,0,40,37,39,0.2705925,T.CD4.Memory
CGCGGATTCATCCTCA-3,GARQ,D18,0,40,37,24,0.029795408,T.CD4.Naive
GTTCATTTCAAACTCA-3,GARQ,D18,0,40,37,23,0.07901549,T.CD4.Naive
CAGGCTATCACTTCAT-3,GARQ,D18,0,40,37,39,0.059951127,T.CD4.Memory
TAGGCTAGTTAGCTGA-3,GARQ,D18,0,40,37,18,0.023460448,T.CD8.Naive
GAATTTGTCCGCACAA-3,GARQ,D18,0,40,37,24,0.011940002,T.CD4.Naive
TCTCAAGCAGGCCATT-3,GARQ,D18,0,40,37,14,0.025885582,T.CD8.Effector
TACGGTTAGGACAATG-3,GARQ,D18,0,40,37,14,0.20169294,T.CD4.Memory
TCCCGGACAAAGCGGC-3,GARQ,D18,0,40,37,9,0.021088183,T.CD8.Effector
TACCGCAAGTGTTGTA-3,GARQ,D18,0,40,37,32,0.08865553,T.CD4.Naive
AATTCGTCACCTCGCT-3,GARQ,D18,0,40,37,30,0.03401482,B.Naive
TGGTTGAGTCAAGACC-3,GARQ,D18,0,40,37,17,0.08752775,Mono.CD14
TCATTTGGTGCGCAAT-3,GARQ,D18,0,40,37,33,0.05381298,T.CD4.Naive
AGAAAGGCATGGCCCA-3,GARQ,D18,0,40,37,32,0.09600258,T.CD8.Effector
CACCTCAGTCTTACTA-3,GARQ,D18,0,40,37,14,0.13316965,T.CD8.Effector
TGTTACTTCTACCTGC-3,GARQ,D18,0,40,37,14,0.11888611,T.CD4.Memory
TTACAGCAGAACAAGT-3,GARQ,D18,0,40,37,9,0.0016764402,T.CD8.Effector
ATTTAGCCATTATGAC-3,GARQ,D18,0,40,37,33,0.0024421215,T.CD4.Naive
TGTCCTTCACGTAAGG-3,GARQ,D18,0,40,37,23,0.0016189814,T.CD4.Memory
ACAGGATCAGGGAGCT-3,GARQ,D18,0,40,37,37,0.013606489,T.CD4.Memory
ACCAAACTCCGCAAGC-3,GARQ,D18,0,40,37,24,0.028139114,T.CD4.Naive
GCGCTTGCATACTCCT-3,GARQ,D18,0,40,37,32,0.0488801,T.CD8.Naive
ATTGGCTAGCGGTTAT-3,GARQ,D18,0,40,37,14,0.1665889,T.CD4.Memory
CTAACCTGTTCATTTG-3,GARQ,D18,0,40,37,19,0.049036026,T.CD4.Naive
TGCATTAAGGTGCTGC-3,GARQ,D18,0,40,37,14,0.018156528,T.CD4.Naive
GCCTATTGTAAGTCGC-3,GARQ,D18,0,40,37,17,0.07146466,Mono.CD14
GCGTTTCTCGCTTGCT-3,GARQ,D18,0,40,37,20,0.01740992,T.CD4.Memory
ACGGGAAGTGCTTTAC-3,GARQ,D18,0,40,37,22,0.03473854,NK
CTTAAGGGTCGAAGTC-3,GARQ,D18,0,40,37,24,0.08789599,T.CD4.Memory
TAGGCTAGTCTCAGCC-3,GARQ,D18,0,40,37,14,0.04238993,T.CD4.Memory
CTTATTGGTGTGTCCC-3,GARQ,D18,0,40,37,22,0.1866985,NK
CAGGCTGGTACCAGGT-3,GARQ,D18,0,40,37,24,0.040397525,T.CD4.Memory
ATTAGCTCAAGACTCC-3,GARQ,D18,0,40,37,22,0.02477765,NK
ACCCGCTGTGGTTATG-3,GARQ,D18,0,40,37,21,0.0065036416,T.CD4.Memory
GCTCGATCATAACGGG-3,GARQ,D18,0,40,37,24,0.028482914,T.CD4.Memory
AGTAGCTTCTAATTGG-3,GARQ,D18,0,40,37,23,0.024861693,T.CD4.Naive
AGTGGACAGGATGATG-3,GARQ,D18,0,40,37,9,0.022390127,NK
GATAAGCCATTGCGAC-3,GARQ,D18,0,40,37,29,0.027332425,B.Naive
ACGATTCAGCAAGATG-3,GARQ,D18,0,40,37,33,0.036804914,T.CD8.Naive
TATTAGCCAGCAGGTA-3,GARQ,D18,0,40,37,14,0.0961808,T.CD4.Memory
TCCATGCTCCAATTAG-3,GARQ,D18,0,40,37,24,0.048445225,T.CD4.Naive
TGGTGCATCAAACACC-3,GARQ,D18,0,40,37,14,0.18870056,T.CD8.Effector
TGAGCCGGTAATAGCT-3,GARQ,D18,0,40,37,7,0.012077451,T.CD8.Effector
GGTTGCTCAGCATGAG-3,GARQ,D18,0,40,37,30,0.01326561,B.Naive
ACAGGAATCCGGCTAA-3,GARQ,D18,0,40,37,0,0.019165039,B.Naive
GACGTAAAGTTAGTGC-3,GARQ,D18,0,40,37,39,0.05346179,T.CD4.Memory
TTTCACCCATTGGGAG-3,GARQ,D18,0,40,37,33,0.054893255,T.CD8.Naive
TACCGAAGTCATCCTG-3,GARQ,D18,0,40,37,7,0.03277695,T.CD8.Effector
ACTATCCGTAATCACG-3,GARQ,D18,0,40,37,33,0.010432839,T.CD4.Memory
TACTCAAAGCGAGTAA-3,GARQ,D18,0,40,37,24,0.07440829,T.CD4.Naive
TAGGTGCGTATTGTGG-3,GARQ,D18,0,40,37,24,0.018743515,T.CD4.Naive
CTATTACTCCATAATG-3,GARQ,D18,0,40,37,24,0.08075881,T.CD8.Naive
GTTGTTGCAGCTCATA-3,GARQ,D18,0,40,37,32,0.0538013,T.CD4.Naive
TGGTTCCTCACGTTAA-3,GARQ,D18,0,40,37,14,0.08246207,T.CD4.Memory
ATGTAAGCATCATGTG-3,GARQ,D18,0,40,37,0,0.083470345,B.Naive
AATTTGGTCCCTGATC-3,GARQ,D18,0,40,37,14,0.012632728,T.CD8.Naive
TAAGCTATCTGCAAGT-3,GARQ,D18,0,40,37,9,0.058229327,NK
CTATAACCAAACGGGC-3,GARQ,D18,0,40,37,24,0.13939595,T.CD4.Naive
AGTAGCTTCTAGCTAA-3,GARQ,D18,0,40,37,33,0.030812025,T.CD4.Naive
TTTGACTTCATTGCAA-3,GARQ,D18,0,40,37,14,0.015270174,T.CD8.Effector
TGCTATGCATATAACC-3,GARQ,D18,0,40,37,13,0.10699308,T.CD4.Naive
ATCCACCTCCTGCGAA-3,GARQ,D18,0,40,37,24,0.0722152,T.CD4.Naive
AGCGCCTAGCATGTTA-3,GARQ,D18,0,40,37,31,0.02740854,T.CD8.Naive
TACGTAATCGATAACC-3,GARQ,D18,0,40,37,24,0.02824235,T.CD8.Naive
TGCGGTTCACACTAAT-3,GARQ,D18,0,40,37,39,0.046004653,T.CD4.Memory
AGGGCCTTCTCACTCA-3,GARQ,D18,0,40,37,22,0.10681391,NK
ATTGGTTCACCTACGG-3,GARQ,D18,0,40,37,22,0.024492502,T.CD8.Effector
TCGGTAAGTTTCGCCA-3,GARQ,D18,0,40,37,0,0.10792494,B.Activated
GCGAGTGAGTGCTGTG-3,GARQ,D18,0,40,37,14,0.14170647,T.CD8.Effector
CTCGCTAGTTCGGTAA-3,GARQ,D18,0,40,37,23,0.029373586,T.CD8.Naive
CTAACCTGTTTGCGAA-3,GARQ,D18,0,40,37,14,0.19241643,T.CD8.Effector
ATGACTCAGGAACACA-3,GARQ,D18,0,40,37,39,0.06907517,T.CD4.Naive
ATCAAGCTCTGCAAGT-3,GARQ,D18,0,40,37,24,0.11067021,T.CD4.Naive
GAGGTACAGCATGACT-3,GARQ,D18,0,40,37,14,0.15747505,T.CD4.Memory
GTTCCTGGTGCAACTA-3,GARQ,D18,0,40,37,24,0.010426164,T.CD4.Naive
AAAGGACGTACAATGT-3,GARQ,D18,0,40,37,39,0.07084656,T.CD4.Naive
AGGTTTGGTTGGATCA-3,GARQ,D18,0,40,37,24,0.05052972,T.CD4.Memory
CAATGAACAAACCTTG-3,GARQ,D18,0,40,37,33,0.017453074,T.CD4.Naive
GGTTTAATCGTCATTT-3,GARQ,D18,0,40,37,17,0.06184411,Mono.CD14
GTCATCACAGACAAAC-3,GARQ,D18,0,40,37,14,0.037062824,T.CD4.Naive
GACTTGGTCTTAGGGT-3,GARQ,D18,0,40,37,6,0.010299802,B.Naive
ACGGTACGTCGACTAA-3,GARQ,D18,0,40,37,24,0.012889743,T.CD8.Naive
AATCCATCAGTAGCCT-3,GARQ,D18,0,40,37,24,0.18270183,T.CD4.Naive
GGTGTTGTCATTTGCT-3,GARQ,D18,0,40,37,24,0.020924032,T.CD4.Naive
TCCAGGTCATGTCAAT-3,GARQ,D18,0,40,37,33,0.016074657,T.CD4.Naive
GATGACTTCCAGGTTG-3,GARQ,D18,0,40,37,21,0.009284675,T.CD4.Naive
TTGACTAAGTGCTGTG-3,GARQ,D18,0,40,37,7,0.25471818,NK
TACCGCAAGCTCCTAC-3,GARQ,D18,0,40,37,22,0.07120818,NK
TCCTTTACAGTACCGT-3,GARQ,D18,0,40,37,34,0.023530424,T.CD4.Memory
GAGCGAAGTGGATGTC-3,GARQ,D18,0,40,37,24,0.0992043,T.CD4.Naive
TTTGCATTCTATGACA-3,GARQ,D18,0,40,37,22,0.008688629,NK
GTCGAAGCACAGCCAT-3,GARQ,D18,0,40,37,33,0.01628983,T.CD4.Naive
AGCTATATCATGACCG-3,GARQ,D18,0,40,37,14,0.20489919,T.CD8.Effector
GAACTTATCATTTGTC-3,GARQ,D18,0,40,37,24,0.0060896873,T.CD4.Naive
TAAGCCTAGGCTGGCT-3,GARQ,D18,0,40,37,19,0.02032566,T.CD4.Memory
CCGGTTAAGAGAAGGG-3,GARQ,D18,0,40,37,39,0.268614,T.CD4.Memory
AGAACCGCAGGTATTT-3,GARQ,D18,0,40,37,14,0.036741257,T.CD8.Naive
ACTGAATGTGAGCGAA-3,GARQ,D18,0,40,37,33,0.015438974,T.CD4.Naive
TTGGCTGAGGCTAATC-3,GARQ,D18,0,40,37,14,0.08236444,T.CD4.Memory
GAAGGAACACTGACTA-3,GARQ,D18,0,40,37,14,0.13312513,T.CD8.Effector
AGTAGGATCAAGACTC-3,GARQ,D18,0,40,37,17,0.03105104,DC.Myeloid
GAGGTACAGAATCGCT-3,GARQ,D18,0,40,37,34,0.015555978,T.CD4.Memory
CTCATTAGTTTATTCG-3,GARQ,D18,0,40,37,17,0.05291176,Mono.CD14
CAAACTGGTATGGTGC-3,GARQ,D18,0,40,37,24,0.005017042,T.CD8.Naive
CACTGACCAATTGACT-3,GARQ,D18,0,40,37,31,0.14341617,T.CD4.Naive
CCTGTATGTTCATCTA-3,GARQ,D18,0,40,37,13,0.031939626,T.CD4.Naive
GGTAACTTCACCATTT-3,GARQ,D18,0,40,37,24,0.11655879,T.CD4.Memory
ATTGCAGGTACTGAAT-3,GARQ,D18,0,40,37,24,0.07551372,T.CD4.Naive
ATCCACCTCCTAGTAA-3,GARQ,D18,0,40,37,20,0.0060819387,T.CD8.Effector
TTTCCGGGTGACCTGG-3,GARQ,D18,0,40,37,0,0.0071953535,B.Naive
TTGAGGCGTTTACTTG-3,GARQ,D18,0,40,37,13,0.0061876774,T.CD4.Naive
AGTCCTGAGCACAGCC-3,GARQ,D18,0,40,37,24,0.023759842,T.CD4.Memory
GGCGGTAAGCACTTGG-3,GARQ,D18,0,40,37,13,0.066272855,T.CD4.Memory
AGCTATATCGAGCTAT-3,GARQ,D18,0,40,37,33,0.0057923794,T.CD4.Naive
TTGTCCATCTTGGATA-3,GARQ,D18,0,40,37,24,0.083236575,T.CD4.Naive
GGAGGTTAGGCGCTTA-3,GARQ,D18,0,40,37,39,0.3184402,T.CD4.Naive
GGTTCTTGTTAGACCA-3,GARQ,D18,0,40,37,31,0.042438626,T.CD4.Memory
CACGCTAAGTAACAGG-3,GARQ,D18,0,40,37,24,0.013142407,T.CD8.Naive
TACCTTAGTGCATCGG-3,GARQ,D18,0,40,37,18,0.016418338,T.CD4.Naive
TGATCAGGTGGGAACA-3,GARQ,D18,0,40,37,18,0.056756437,T.CD8.Naive
GTACTAGGTTTGGCGG-3,GARQ,D18,0,40,37,21,0.007565081,T.CD8.Naive
ACAGGAATCTAGCGTG-3,GARQ,D18,0,40,37,24,0.170995,T.CD4.Memory
AGGCGGATCTTGACCC-3,GARQ,D18,0,40,37,22,0.060213804,NK
AGTTACTCAACAGCCT-3,GARQ,D18,0,40,37,2,0.042738974,T.CD4.Naive
GGACATAAGGCTGTGC-3,GARQ,D18,0,40,37,4,0.042770624,B.Naive
GGGTCACTCTAATTGG-3,GARQ,D18,0,40,37,24,0.027739763,T.CD4.Naive
GCTGTAAGTGAGACTC-3,GARQ,D18,0,40,37,14,0.014584541,T.CD8.Effector
GAAGCCTGTTATCGAG-3,GARQ,D18,0,40,37,14,0.019581854,T.CD8.Naive
CCAACATAGCCTCTGT-3,GARQ,D18,0,40,37,39,0.05707836,T.CD4.Memory
CAGTACCCAATCCTAG-3,GARQ,D18,0,40,37,24,0.09105134,T.CD8.Naive
GATTGCGTCAGCATTA-3,GARQ,D18,0,40,37,18,0.025780797,T.CD4.Memory
TCTGGCTTCTAACTGA-3,GARQ,D18,0,40,37,14,0.012605071,T.CD8.Naive
CGTGTTACAGGCTTGT-3,GARQ,D18,0,40,37,24,0.05328524,T.CD4.Naive
GTACCTTGTGTTTGCT-3,GARQ,D18,0,40,37,4,0.03924024,B.Naive
CATTCATTCGGGACTC-3,GARQ,D18,0,40,37,39,0.020707369,T.CD4.Memory
GGTAAGGGTCGCATAA-3,GARQ,D18,0,40,37,30,0.0068113804,B.Naive
CACTAAGGTGATGGCT-3,GARQ,D18,0,40,37,24,0.08267248,T.CD4.Naive
GGTTTGTAGTGAGGTA-3,GARQ,D18,0,40,37,39,0.0155074,T.CD4.Naive
CTCGACAAGCGGCTGT-3,GARQ,D18,0,40,37,31,0.066224754,T.CD4.Memory
CTCATTGTCTCGCCCA-3,GARQ,D18,0,40,37,39,0.22438955,T.CD4.Naive
CGTTAGTAGCCTAATA-3,GARQ,D18,0,40,37,14,0.11327851,T.CD4.Memory
TTAAAGGCAGCAACCT-3,GARQ,D18,0,40,37,14,0.04974711,T.CD4.Memory
TTGCAACAGTGAACAG-3,GARQ,D18,0,40,37,24,0.06996423,T.CD4.Naive
GTCTAGCCAAACGCGA-3,GARQ,D18,0,40,37,5,0.033730865,T.CD4.Memory
AGCAAGGGTCTATCGT-3,GARQ,D18,0,40,37,24,0.09388697,T.CD4.Naive
CCAACCCGTACAATGT-3,GARQ,D18,0,40,37,14,0.03889656,T.CD8.Effector
GGATATTGTTGCCTCA-3,GARQ,D18,0,40,37,24,0.027395368,T.CD4.Naive
ACGGTTTAGCTGCACA-3,GARQ,D18,0,40,37,30,0.036252737,B.Naive
ACGCTTGAGCTCAATA-3,GARQ,D18,0,40,37,13,0.0076551437,T.CD4.Memory
GTCTATCGTCCTCCAA-3,GARQ,D18,0,40,37,39,0.02371502,T.CD4.Naive
ATGCTTAAGGCAAGTA-3,GARQ,D18,0,40,37,24,0.24182284,T.CD4.Naive
CAGATTCAGGTTTGCG-3,GARQ,D18,0,40,37,22,0.015340328,NK
TTCAGTTTCTGGCTTC-3,GARQ,D18,0,40,37,14,0.4458089,T.CD4.Memory
CATCCTCAGTTATCTC-3,GARQ,D18,0,40,37,24,0.060211897,T.CD4.Memory
CACCGGTAGGGCTTTG-3,GARQ,D18,0,40,37,24,0.036842763,T.CD4.Memory
ATCACAATCTTAGTCT-3,GARQ,D18,0,40,37,14,0.05818349,T.CD4.Naive
TGGTCCTTCCGGTATG-3,GARQ,D18,0,40,37,19,0.10031295,T.CD8.Naive
TAGGAGTCACCCACAG-3,GARQ,D18,0,40,37,34,0.025077224,T.CD4.Memory
AGTAAACAGGCGCTTA-3,GARQ,D18,0,40,37,24,0.17663336,T.CD4.Memory
ACAAAGGTCCTTGTTG-3,GARQ,D18,0,40,37,31,0.049747705,T.CD4.Memory
GCAAACCGTGATGAGG-3,GARQ,D18,0,40,37,18,0.010610819,T.CD8.Naive
AAGACAAGTGGATTGC-3,GARQ,D18,0,40,37,16,0.0016556382,T.CD8.Effector
GAGCTAGCAAGGCCAA-3,GARQ,D18,0,40,37,24,0.13795471,T.CD4.Naive
GTTACAGGTGTCCTGC-3,GARQ,D18,0,40,37,23,0.02702558,T.CD4.Memory
CTGGTAAGTTGGATAT-3,GARQ,D18,0,40,37,14,0.069898605,T.CD4.Memory
CACTTAAAGGCAGGTG-3,GARQ,D18,0,40,37,34,0.007982731,T.CD4.Memory
TTTAGCTTCTAACCAA-3,GARQ,D18,0,40,37,34,0.00089120865,T.CD8.Effector
GTACTAGGTTCACTGT-3,GARQ,D18,0,40,37,24,0.06685281,T.CD4.Memory
ATTAGGTGTTCGGTAA-3,GARQ,D18,0,40,37,24,0.0009798408,T.CD4.Memory
GTGCTGGGTTTATCTG-3,GARQ,D18,0,40,37,31,0.06520045,T.CD4.Memory
GGTTATGGTCCCGAAG-3,GARQ,D18,0,40,37,24,0.09114027,T.CD4.Memory
GTCTTTAGTAACCTAG-3,GARQ,D18,0,40,37,14,0.040284634,T.CD8.Effector
GCCTCAAAGTAGCGGG-3,GARQ,D18,0,40,37,23,0.0067054033,T.CD4.Naive
GGGAGTAGTGGGTGAA-3,GARQ,D18,0,40,37,33,0.053970814,T.CD4.Naive
TACCAAATCATAGACC-3,GARQ,D18,0,40,37,33,0.047904313,T.CD4.Memory
TGCTAGCCACATTGCA-3,GARQ,D18,0,40,37,23,0.016703129,T.CD8.Naive
GTATCGCCATAGCTTG-3,GARQ,D18,0,40,37,35,0.05076599,T.CD4.Memory
CATCACACACAGCCTG-3,GARQ,D18,0,40,37,24,0.14201796,T.CD4.Naive
CTAACCACAGTAAGTA-3,GARQ,D18,0,40,37,24,0.048102736,T.CD4.Naive
CTGACCAAGCTCAATA-3,GARQ,D18,0,40,37,24,0.044024467,T.CD4.Memory
GGATGTAAGTTAGGCT-3,GARQ,D18,0,40,37,24,0.021454453,T.CD4.Naive
AGCGATTTCCAAATCA-3,GARQ,D18,0,40,37,19,0.08258283,T.CD8.Naive
TACTAAGTCGAGCAAA-3,GARQ,D18,0,40,37,24,0.016123593,T.CD8.Naive
TTGTCCCAGTTCCCGT-3,GARQ,D18,0,40,37,33,0.007207632,T.CD4.Naive
GCTAGTGTCCTCACTA-3,GARQ,D18,0,40,37,24,0.17924857,T.CD4.Memory
TGCTTTAGTTAGACCA-3,GARQ,D18,0,40,37,14,0.099537134,T.CD4.Memory
CTTTGTCCAGAACCGA-3,GARQ,D18,0,40,37,24,0.13488889,T.CD4.Memory
GTCTTTGTCAAGACTC-3,GARQ,D18,0,40,37,17,0.0401603,Mono.CD14
TATAGCTCAAGGTGCA-3,GARQ,D18,0,40,37,24,0.1189785,T.CD4.Naive
TATAGCTCATAGACCC-3,GARQ,D18,0,40,37,24,0.03741312,T.CD4.Memory
CATCACACATGTTTGG-3,GARQ,D18,0,40,37,24,0.002358675,T.CD4.Naive
CAAACAACAGATTCAT-3,GARQ,D18,0,40,37,24,0.06256354,T.CD4.Naive
TGCAGGCTCGGTTCCT-3,GARQ,D18,0,40,37,24,0.06618434,T.CD4.Memory
GCAGGACCATTAAAGG-3,GARQ,D18,0,40,37,24,0.24709463,T.CD4.Naive
TGTGCTGAGACAGGCG-3,GARQ,D18,0,40,37,20,0.07609308,T.CD8.Effector
AAGCCACGTCCAAATG-3,GARQ,D18,0,40,37,14,0.10731161,T.CD8.Effector
GTTAACCAGCATTTCT-3,GARQ,D18,0,40,37,34,0.017634153,T.CD8.Effector
AGCTCATAGGTGAGAC-3,GARQ,D18,0,40,37,31,0.14423549,T.CD4.Memory
GTACTAGGTCGCATAA-3,GARQ,D18,0,40,37,24,0.10879898,T.CD4.Naive
CCTGGATCATTAAGTC-3,GARQ,D18,0,40,37,24,0.22220075,T.CD4.Memory
AGCCTAAGTCGAAGTC-3,GARQ,D18,0,40,37,24,0.0035442114,T.CD4.Naive
AGCCTGGGTCCCGGAA-3,GARQ,D18,0,40,37,7,0.040027738,NK
GCCTTAACAATTGAGA-3,GARQ,D18,0,40,37,34,0.015589178,T.CD4.Memory
AAGCGAGGTCTCAGCC-3,GARQ,D18,0,40,37,24,0.06323087,T.CD4.Memory
ATCACAATCAGGATGA-3,GARQ,D18,0,40,37,24,0.022898555,T.CD4.Memory
TTGTTCCCATAAACCT-3,GARQ,D18,0,40,37,24,0.09041619,T.CD4.Naive
CACTTTGTCATAAGCC-3,GARQ,D18,0,40,37,24,0.03297192,T.CD4.Memory
CAGCATGTCTTAGTCT-3,GARQ,D18,0,40,37,24,0.054554105,T.CD8.Naive
GCTCATTGTCACAAAT-3,GARQ,D18,0,40,37,24,0.29418683,T.CD4.Naive
GCCACAATCTTAGTGA-3,GARQ,D18,0,40,37,24,0.12173557,T.CD4.Memory
ATATGCTCAGGCCTTG-3,GARQ,D18,0,40,37,24,0.14390111,T.CD4.Memory
ACCTAAATCGTGCTAG-3,GARQ,D18,0,40,37,24,0.12018812,T.CD8.Naive
TGAGCCGGTCAAACTG-3,GARQ,D18,0,40,37,38,0.0019886494,T.CD4.Memory
CGGCAATGTTTATCTG-3,GARQ,D18,0,40,37,33,0.020170033,T.CD4.Naive
TCCTTTACAAACCCTA-3,GARQ,D18,0,40,37,24,0.042988062,T.CD8.Naive
CTGGACCAGGGTGAGT-3,GARQ,D18,0,40,37,0,0.063488245,B.Naive
CCAGCCTGTATTTGGG-3,GARQ,D18,0,40,37,21,0.02755022,T.CD8.Effector
CCTATTTAGGAAGCTA-3,GARQ,D18,0,40,37,24,0.074377775,T.CD4.Memory
GTTCCTGGTCAAAGAA-3,GARQ,D18,0,40,37,22,0.030630827,NK
GTGAGGAGTAATCGGC-3,GARQ,D18,0,40,37,24,0.052031875,T.CD4.Naive
CATCCCAGTGATGATT-3,GARQ,D18,0,40,37,9,0.030579329,T.CD4.Memory
CGTCCTAGTACGGGTT-3,GARQ,D18,0,40,37,13,0.024270654,T.CD4.Memory
ATTTAGGTCGCGCTAA-3,GARQ,D18,0,40,37,21,0.0017101169,T.CD8.Effector
AAGGATTAGCCAGGTC-3,GARQ,D18,0,40,37,31,0.0006021261,T.CD4.Memory
CGGCTCACAAATATCC-3,GARQ,D18,0,40,37,24,0.1394118,T.CD4.Naive
CCGCCAACACCTAATG-3,GARQ,D18,0,40,37,24,0.39003253,T.CD4.Naive
GCTGACCAGAATCTCA-3,GARQ,D18,0,40,37,24,0.17155302,T.CD4.Naive
TCGTCAACATCCGTAA-3,GARQ,D18,0,40,37,14,0.043820858,T.CD8.Effector
TGGCCATCATGAAGTA-3,GARQ,D18,0,40,37,30,0.02578795,B.Naive
TTATCCGTCCACAATA-3,GARQ,D18,0,40,37,24,0.15196013,T.CD4.Naive
