cell_id,method,dataset,seed,requested_K,realized_K,metacell_id,delta_confidence,cell_type
AAACAGCCAAACGCGA-2,GARQ,D17,3,40,40,24,0.030074835,Proximal Tubule
AAACAGCCATGGCCTG-3,GARQ,D17,3,40,40,30,0.004848242,Proximal Tubule
AAACATGCATAAACCT-3,GARQ,D17,3,40,40,24,0.11571491,Stressed Tumor (p53+)
AAACCAACACAGCCTG-4,GARQ,D17,3,40,40,7,0.03891325,Tumor Epithelial
AAACCAACAGCAATAA-2,GARQ,D17,3,40,40,25,0.019214869,Low Quality / Dying
AAACCAACAGTAAGTA-4,GARQ,D17,3,40,40,5,0.09575093,Tumor Epithelial
AAACCAACATTGTGCA-4,GARQ,D17,3,40,40,5,0.022330284,Tumor Epithelial
AAACGCGCAAGGTCGA-1,GARQ,D17,3,40,40,19,0.047063053,Proximal Tubule
AAACGTACAGCCGCTA-1,GARQ,D17,3,40,40,23,0.037236154,Tumor (Neuronal-like)
AAAGCACCAACAGCCT-2,GARQ,D17,3,40,40,24,0.16373158,Proximal Tubule
AAAGCACCAAGCTTAT-3,GARQ,D17,3,40,40,13,0.071660936,Stressed Tumor (p53+)
AAAGCCCGTCGCAAAC-1,GARQ,D17,3,40,40,37,0.09337777,Tumor (Neuronal-like)
AAAGCCCGTGAATCGC-2,GARQ,D17,3,40,40,35,0.0044914484,Proximal Tubule
AAAGCCGCATGGCCCA-4,GARQ,D17,3,40,40,37,0.07575387,Tumor Epithelial
AAAGCGGGTTACGCGG-4,GARQ,D17,3,40,40,5,0.041917562,Tumor Epithelial
AAAGCTTGTACAAAGA-3,GARQ,D17,3,40,40,15,0.054530382,Podocytes
AAAGGACGTTAGTACG-4,GARQ,D17,3,40,40,10,0.109129906,Tumor Epithelial
AAAGGAGCAACCCTAA-3,GARQ,D17,3,40,40,15,0.15348637,Proximal Tubule
AAAGGAGCACAGCCTG-4,GARQ,D17,3,40,40,10,0.037609816,Tumor Epithelial
AAAGGAGCAGTGAACG-4,GARQ,D17,3,40,40,7,0.080182076,Myeloid Cells
AAAGGAGCATCAGTAT-1,GARQ,D17,3,40,40,37,0.025205195,Stressed Tumor (p53+)
AAAGGCTCAAGCCACT-2,GARQ,D17,3,40,40,20,0.22787887,Proximal Tubule
AAAGGCTCATGTGGGA-1,GARQ,D17,3,40,40,38,0.009088814,Podocytes
AAAGGTTAGAGGCTAA-2,GARQ,D17,3,40,40,0,0.24555725,Myeloid Cells
AAATGCCTCCAAATCA-4,GARQ,D17,3,40,40,5,0.11557841,Tumor Epithelial
AAATGCCTCCAGGAAA-1,GARQ,D17,3,40,40,17,0.045949817,Stressed Tumor (p53+)
AACAAAGGTAACAGGG-4,GARQ,D17,3,40,40,5,0.028924465,Tumor Epithelial
AACAAAGGTCCTAATC-4,GARQ,D17,3,40,40,7,0.01745236,Tumor Epithelial
AACAAGCCACAACCTA-4,GARQ,D17,3,40,40,10,0.03825128,Tumor Epithelial
AACAAGCCACTCGCTC-3,GARQ,D17,3,40,40,21,0.03787619,Proximal Tubule
AACAGATAGGCTACTG-2,GARQ,D17,3,40,40,32,0.05983019,Podocytes
AACAGCAAGGCAGGTG-1,GARQ,D17,3,40,40,16,0.092140794,Tumor (Neuronal-like)
AACAGGATCTACCTGC-2,GARQ,D17,3,40,40,24,0.12118077,Proximal Tubule
AACAGGATCTCATCAT-1,GARQ,D17,3,40,40,26,0.005882442,Podocytes
AACATAGCAGCAAGTG-3,GARQ,D17,3,40,40,8,0.014952064,Proximal Tubule
AACATCATCACAGCCA-2,GARQ,D17,3,40,40,34,0.059695363,Proximal Tubule
AACCGCTCAGGCCAAA-4,GARQ,D17,3,40,40,10,0.029892206,Tumor Epithelial
AACCGCTCATAATCCG-2,GARQ,D17,3,40,40,33,0.07238293,Proximal Tubule
AACCGGCTCATCCTAT-3,GARQ,D17,3,40,40,4,0.5624043,Myeloid Cells
AACCGGCTCTTAGCGG-3,GARQ,D17,3,40,40,15,0.041107178,Stressed Tumor (p53+)
AACCTCACAGTCTATG-4,GARQ,D17,3,40,40,37,0.109237194,Tumor Epithelial
AACCTCACATGAGCAG-3,GARQ,D17,3,40,40,25,0.046055496,Proximal Tubule
AACCTTAAGGAAACTG-2,GARQ,D17,3,40,40,33,0.083604455,Proximal Tubule
AACCTTAAGGGTGAAC-3,GARQ,D17,3,40,40,15,0.18403101,Stressed Tumor (p53+)
AACGACAAGGGCCACT-2,GARQ,D17,3,40,40,24,0.11636448,Proximal Tubule
AACGACAAGTAGAGGC-3,GARQ,D17,3,40,40,21,0.05426222,Stressed Tumor (p53+)
AACGCTAGTGAGGTAG-2,GARQ,D17,3,40,40,15,0.003287077,Podocytes
AACGGTAAGGCTTAGT-4,GARQ,D17,3,40,40,5,0.14463496,Tumor Epithelial
AACTACTCACTAAATC-4,GARQ,D17,3,40,40,5,0.016959786,Tumor Epithelial
AACTAGTGTTATGTGG-4,GARQ,D17,3,40,40,5,0.043421447,Tumor Epithelial
AACTCACAGCAAGACA-3,GARQ,D17,3,40,40,24,0.16278505,Stressed Tumor (p53+)
AACTCACAGGAATAAC-2,GARQ,D17,3,40,40,8,0.026035309,Proximal Tubule
AACTCACAGTAGCGCC-3,GARQ,D17,3,40,40,33,0.037379384,Proximal Tubule
AACTCACAGTTGCGTG-2,GARQ,D17,3,40,40,12,0.012844086,Podocytes
AACTGTTCATAGACCC-3,GARQ,D17,3,40,40,31,0.068543136,Low Quality / Dying
AACTTAGTCCTCGATC-4,GARQ,D17,3,40,40,5,0.042051792,Low Quality / Dying
AAGACAAGTGTCACGG-3,GARQ,D17,3,40,40,34,0.16931665,Proximal Tubule
AAGACCAAGGAGTCTT-4,GARQ,D17,3,40,40,0,0.20380914,Myeloid Cells
AAGCATGAGGGATGCG-1,GARQ,D17,3,40,40,26,0.015077949,Tumor (Neuronal-like)
AAGCCACGTAATCGCA-3,GARQ,D17,3,40,40,24,0.04690981,Injured PT-like
AAGCCACGTCCTTTAA-1,GARQ,D17,3,40,40,0,0.010660946,Tumor (Neuronal-like)
AAGCCTCCATAAGCAA-4,GARQ,D17,3,40,40,10,0.015276551,Tumor Epithelial
AAGCCTGTCCTCATCA-2,GARQ,D17,3,40,40,20,0.09925735,Proximal Tubule
AAGCCTGTCGCATTAA-4,GARQ,D17,3,40,40,3,0.07197213,Tumor Epithelial
AAGCCTTAGCTTACTT-4,GARQ,D17,3,40,40,5,0.10062814,Tumor Epithelial
AAGCCTTAGGAGTCGG-2,GARQ,D17,3,40,40,20,0.20975965,Podocytes
AAGCGAATCAGGATGA-1,GARQ,D17,3,40,40,24,0.061035693,Tumor (Neuronal-like)
AAGCGGGTCCTAATAG-4,GARQ,D17,3,40,40,5,0.09272742,Tumor Epithelial
AAGCGGGTCTGGCAAT-1,GARQ,D17,3,40,40,5,0.08587164,Stressed Tumor (p53+)
AAGCGTTTCATGTCAA-2,GARQ,D17,3,40,40,34,0.0069252253,Proximal Tubule
AAGCTAGAGTTGTCCC-4,GARQ,D17,3,40,40,0,0.24757576,Myeloid Cells
AAGCTCCCATGAGCAG-4,GARQ,D17,3,40,40,19,0.07656902,Mast Cells
AAGCTTGGTATTGTCC-2,GARQ,D17,3,40,40,12,0.12357509,Stressed Tumor (p53+)
AAGCTTGGTTTGGTTC-3,GARQ,D17,3,40,40,5,0.19428492,Low Quality / Dying
AAGGATCCATTAGCGC-1,GARQ,D17,3,40,40,5,0.23234499,Low Quality / Dying
AAGGCCCTCACTTTAC-2,GARQ,D17,3,40,40,24,0.08751094,Proximal Tubule
AAGGCCCTCTAATCTC-4,GARQ,D17,3,40,40,7,0.025650263,Tumor Epithelial
AAGGTATAGCGGATTT-3,GARQ,D17,3,40,40,15,0.11110973,Proximal Tubule
AAGGTATAGCTAAAGG-1,GARQ,D17,3,40,40,6,0.03564346,Stressed Tumor (p53+)
AAGGTATAGTAAACCC-1,GARQ,D17,3,40,40,16,0.018014312,Stressed Tumor (p53+)
AAGGTCAAGCTAAGTC-4,GARQ,D17,3,40,40,7,0.04613465,Tumor Epithelial
AAGGTGCAGATAGACG-4,GARQ,D17,3,40,40,5,0.15238845,Tumor Epithelial
AAGTAGCCAGCTAATT-1,GARQ,D17,3,40,40,7,0.04207599,Injured PT-like
AAGTAGCCATCGCTCC-2,GARQ,D17,3,40,40,12,0.06248057,Proximal Tubule
AAGTGAAGTCCAAGAC-2,GARQ,D17,3,40,40,24,0.03931427,Proximal Tubule
AAGTGAAGTCGACTAA-2,GARQ,D17,3,40,40,34,0.046541214,Proximal Tubule
AAGTGAAGTTGTTGGA-3,GARQ,D17,3,40,40,0,0.1394301,Myeloid Cells
AAGTGTTGTTAACACG-3,GARQ,D17,3,40,40,33,0.0027981997,Podocytes
AAGTTAGCAGAAATGC-3,GARQ,D17,3,40,40,32,0.11155909,Podocytes
AAGTTTGTCATGGTGT-2,GARQ,D17,3,40,40,24,0.072479725,Proximal Tubule
AAGTTTGTCCTAACGG-3,GARQ,D17,3,40,40,34,0.005646229,Low Quality / Dying
AATAACCGTGCTTTAC-2,GARQ,D17,3,40,40,24,0.01303041,Proximal Tubule
AATACCGGTGAGCACT-2,GARQ,D17,3,40,40,24,0.22200894,Proximal Tubule
AATAGAGGTCCTAATC-3,GARQ,D17,3,40,40,5,0.039011538,Low Quality / Dying
AATAGAGGTTTATCTG-3,GARQ,D17,3,40,40,3,0.091243744,Myeloid Cells
AATATCCCATCCCTCA-2,GARQ,D17,3,40,40,24,0.10766971,Proximal Tubule
AATATCCCATGGTTAT-1,GARQ,D17,3,40,40,21,0.20490599,Tumor (Neuronal-like)
AATCAGGAGTGATTCA-2,GARQ,D17,3,40,40,24,0.35641003,Proximal Tubule
AATCATGTCCTTAGTT-1,GARQ,D17,3,40,40,16,0.08304238,Tumor (Neuronal-like)
AATCATGTCGTTTCTG-4,GARQ,D17,3,40,40,7,0.05181122,Tumor Epithelial
AATCCATCAACTAGGG-4,GARQ,D17,3,40,40,10,0.014894724,Tumor Epithelial
AATCCATCAATAACGA-1,GARQ,D17,3,40,40,16,0.03011024,Low Quality / Dying
AATCCATCAGAGAGCC-2,GARQ,D17,3,40,40,24,0.10331857,Stressed Tumor (p53+)
AATCCGTAGGTCCACA-2,GARQ,D17,3,40,40,24,0.095234394,Proximal Tubule
AATCCGTAGTTGGATC-2,GARQ,D17,3,40,40,12,0.06315458,Podocytes
AATCCTAAGCTCGCTT-2,GARQ,D17,3,40,40,20,0.20102912,Proximal Tubule
AATCTCAAGCCACATG-2,GARQ,D17,3,40,40,24,0.05324304,Proximal Tubule
AATCTCAAGGATCCGC-4,GARQ,D17,3,40,40,5,0.1416676,Tumor Epithelial
AATCTCAAGGGACGCA-2,GARQ,D17,3,40,40,25,0.010871649,Proximal Tubule
AATGCATGTGGGTACT-3,GARQ,D17,3,40,40,33,0.04863912,Proximal Tubule
AATGCATGTTATCGAG-4,GARQ,D17,3,40,40,7,0.005060196,Tumor Epithelial
AATGCATGTTGTTGTC-2,GARQ,D17,3,40,40,24,0.04970658,Stressed Tumor (p53+)
AATGCGCGTACGGTAC-4,GARQ,D17,3,40,40,5,0.0027098656,Tumor Epithelial
AATGCGCGTTAGCAGC-4,GARQ,D17,3,40,40,7,0.016180992,Tumor Epithelial
AATGTCCAGCTTTGTT-2,GARQ,D17,3,40,40,24,0.03586769,Proximal Tubule
AATGTCCAGGAGGTTA-3,GARQ,D17,3,40,40,21,0.00512141,Proximal Tubule
AATTACCCAGCAAGTG-1,GARQ,D17,3,40,40,10,0.07853675,Tumor (Neuronal-like)
AATTACCCATAAAGCA-1,GARQ,D17,3,40,40,34,0.0071324706,Tumor (Neuronal-like)
AATTAGGCACGTAATT-3,GARQ,D17,3,40,40,12,0.06318921,Podocytes
AATTCGTCATTAGCGC-2,GARQ,D17,3,40,40,15,0.0052559376,Proximal Tubule
AATTGACGTCACCAAA-1,GARQ,D17,3,40,40,38,0.04293734,Proximal Tubule
AATTGACGTTGTAACG-2,GARQ,D17,3,40,40,12,0.036971927,Proximal Tubule
AATTGCCAGCCATCAG-3,GARQ,D17,3,40,40,5,0.08631873,Tumor Epithelial
AATTGGACAAATTCGT-2,GARQ,D17,3,40,40,24,0.015889883,Proximal Tubule
AATTGGACAGGCCTTG-3,GARQ,D17,3,40,40,4,0.22199345,Myeloid Cells
AATTGGACATCATGTG-4,GARQ,D17,3,40,40,0,0.1687566,Myeloid Cells
AATTGGGAGCTTTGTT-2,GARQ,D17,3,40,40,26,0.016069055,Proximal Tubule
AATTGGGAGGCTACTG-2,GARQ,D17,3,40,40,24,0.073693156,Proximal Tubule
AATTGTGTCTTCAATC-3,GARQ,D17,3,40,40,33,0.011582375,Proximal Tubule
AATTTCCTCAAGCTTA-3,GARQ,D17,3,40,40,18,0.03148675,Proximal Tubule
AATTTCCTCCATAAGC-4,GARQ,D17,3,40,40,7,0.012221813,Tumor Epithelial
AATTTGCCATAGACTT-4,GARQ,D17,3,40,40,5,0.034493446,Tumor Epithelial
AATTTGCCATCTTGAG-4,GARQ,D17,3,40,40,0,0.068175554,Tumor Epithelial
AATTTGGTCTCAATTC-4,GARQ,D17,3,40,40,7,0.039130688,Tumor Epithelial
ACAACAACAAGGACCA-2,GARQ,D17,3,40,40,33,0.15076065,Proximal Tubule
ACAACAACACAGGGAC-2,GARQ,D17,3,40,40,24,0.264966,Proximal Tubule
ACAACAACAGGTTAAA-3,GARQ,D17,3,40,40,24,0.026397824,Proximal Tubule
ACAACAACAGTGAACG-4,GARQ,D17,3,40,40,7,0.02407527,Tumor Epithelial
ACAACACTCAATCTCT-2,GARQ,D17,3,40,40,12,0.054472864,Proximal Tubule
ACAACACTCATAATCG-4,GARQ,D17,3,40,40,7,0.017288327,Tumor Epithelial
ACAACACTCCTAGTAA-2,GARQ,D17,3,40,40,12,0.0006045103,Podocytes
ACAACAGAGCATGACT-1,GARQ,D17,3,40,40,10,0.0057433844,Tumor Epithelial
ACAACATGTTGTTGGA-2,GARQ,D17,3,40,40,12,0.042463064,Stressed Tumor (p53+)
ACACCTTGTATACTGG-2,GARQ,D17,3,40,40,24,0.14444613,Proximal Tubule
ACACCTTGTCATGCAA-1,GARQ,D17,3,40,40,17,0.036178052,Tumor (Neuronal-like)
ACACCTTGTTAACGGC-3,GARQ,D17,3,40,40,24,0.14580178,Proximal Tubule
ACACGGACAACCCTCC-4,GARQ,D17,3,40,40,0,0.029929519,Tumor Epithelial
ACACTAATCCTGCGAA-1,GARQ,D17,3,40,40,5,0.0040786266,Tumor (Neuronal-like)
ACACTAATCTGCAACG-2,GARQ,D17,3,40,40,20,0.09602225,Proximal Tubule
ACACTTAAGCTTTGTT-2,GARQ,D17,3,40,40,24,0.06599772,Proximal Tubule
ACACTTGCAACCTGGT-2,GARQ,D17,3,40,40,20,0.16965306,Proximal Tubule
ACACTTGCAGGTTACC-4,GARQ,D17,3,40,40,5,0.1576333,Tumor Epithelial
ACAGCCGGTATTGGAT-1,GARQ,D17,3,40,40,16,0.04509175,Stressed Tumor (p53+)
ACAGCGCTCGCATTAA-3,GARQ,D17,3,40,40,24,0.023499608,Proximal Tubule
ACAGGATCACAAGCCT-1,GARQ,D17,3,40,40,10,0.0035032034,Tumor (Neuronal-like)
ACAGGATCACACTAAT-1,GARQ,D17,3,40,40,38,0.068663836,Tumor (Neuronal-like)
ACAGGATCACTAAGTT-3,GARQ,D17,3,40,40,15,0.055832148,Proximal Tubule
ACAGGATCATGTTGGC-2,GARQ,D17,3,40,40,15,0.06972122,Proximal Tubule
ACAGGCTGTGGTTATG-2,GARQ,D17,3,40,40,33,0.17457676,Podocytes
ACAGGTAAGTCACCTC-2,GARQ,D17,3,40,40,12,0.0010950565,Mast Cells
ACATCAATCAGGGCCT-3,GARQ,D17,3,40,40,38,0.049869776,Proximal Tubule
ACATCAATCCGCACAA-2,GARQ,D17,3,40,40,33,0.055765033,Proximal Tubule
ACATCATCATGGAGGC-2,GARQ,D17,3,40,40,9,0.074151635,Endothelial Cells
ACATTGCAGCATGTCG-2,GARQ,D17,3,40,40,8,0.09203839,Proximal Tubule
ACATTGCAGGCATTAC-2,GARQ,D17,3,40,40,13,0.037501365,Myeloid Cells
ACCAAACTCAATGTCA-2,GARQ,D17,3,40,40,15,0.010990381,Proximal Tubule
ACCAAACTCATAACCA-4,GARQ,D17,3,40,40,10,0.035078883,Tumor Epithelial
ACCAAGCGTTGGTGAC-4,GARQ,D17,3,40,40,3,0.0008660555,Tumor Epithelial
ACCAAGTTCATAACCA-4,GARQ,D17,3,40,40,5,0.04722643,Tumor Epithelial
ACCAATATCATGCGTG-4,GARQ,D17,3,40,40,0,0.03347969,Endothelial Cells
ACCAATATCCATCAGG-4,GARQ,D17,3,40,40,5,0.056408048,Proximal Tubule
ACCACACCAAGGCCAA-4,GARQ,D17,3,40,40,7,0.019979715,Tumor Epithelial
ACCACACCACAACAGG-3,GARQ,D17,3,40,40,25,0.009971738,Stressed Tumor (p53+)
ACCACATAGCCTCTCG-4,GARQ,D17,3,40,40,7,0.017829776,Tumor Epithelial
ACCACATAGTGGCGGA-4,GARQ,D17,3,40,40,5,0.17261577,Tumor Epithelial
ACCACATAGTTGGCCA-2,GARQ,D17,3,40,40,24,0.020782888,Stressed Tumor (p53+)
ACCAGCTCACGGTACT-3,GARQ,D17,3,40,40,15,0.105757475,Podocytes
ACCAGGCTCAGTATTG-4,GARQ,D17,3,40,40,0,0.21082997,Myeloid Cells
ACCAGGCTCGTTAGTA-4,GARQ,D17,3,40,40,10,0.013544083,Tumor Epithelial
ACCAGGCTCGTTATCT-2,GARQ,D17,3,40,40,33,0.15375191,Proximal Tubule
ACCAGGCTCTTTAAGG-3,GARQ,D17,3,40,40,38,0.014526725,Proximal Tubule
ACCAGGGAGGAACCGG-3,GARQ,D17,3,40,40,38,0.03929305,Podocytes
ACCATAATCATGGCCA-4,GARQ,D17,3,40,40,37,0.12471986,Tumor Epithelial
ACCATAATCTTGGATA-4,GARQ,D17,3,40,40,7,0.0039424896,Tumor Epithelial
ACCATTAAGTGGCGGA-2,GARQ,D17,3,40,40,1,0.024554133,Proximal Tubule
ACCCAACCAACATAAG-4,GARQ,D17,3,40,40,37,0.06748819,Tumor Epithelial
ACCCAACCAAGTTATC-3,GARQ,D17,3,40,40,8,0.027559638,Proximal Tubule
ACCCAGGGTAACTACG-1,GARQ,D17,3,40,40,5,0.047798514,Tumor Epithelial
ACCCAGGGTGAGAAAC-3,GARQ,D17,3,40,40,25,0.071652055,Proximal Tubule
ACCCAGGGTGAGCGAA-3,GARQ,D17,3,40,40,25,0.012491226,Proximal Tubule
ACCCGGTAGCAGGTTT-2,GARQ,D17,3,40,40,24,0.1760943,Proximal Tubule
ACCCGGTAGTGCTGTG-2,GARQ,D17,3,40,40,24,0.29328585,Proximal Tubule
ACCCGTAAGGTAAGGC-1,GARQ,D17,3,40,40,19,0.051555395,Podocytes
ACCCGTAAGTGAAGTG-2,GARQ,D17,3,40,40,34,0.007980943,Proximal Tubule
ACCCTCCCAATATAGG-4,GARQ,D17,3,40,40,37,0.10688877,Tumor Epithelial
ACCCTCCCACAAGCCT-1,GARQ,D17,3,40,40,10,0.07213342,Low Quality / Dying
ACCCTCCCATTGTTGG-2,GARQ,D17,3,40,40,25,0.03468299,Proximal Tubule
ACCCTGTTCACAAGCT-2,GARQ,D17,3,40,40,33,0.16361487,Proximal Tubule
ACCGAAGCACGTTACA-1,GARQ,D17,3,40,40,19,0.024796069,Tumor (Neuronal-like)
ACCGGCTAGCCGCAAC-2,GARQ,D17,3,40,40,4,0.3357198,Myeloid Cells
ACCGGCTAGGGTTATC-3,GARQ,D17,3,40,40,7,0.005137384,Myeloid Cells
ACCTAAATCAGCCAAT-3,GARQ,D17,3,40,40,16,0.05642736,Podocytes
ACCTAAGGTTGTGACA-2,GARQ,D17,3,40,40,35,0.08261603,Podocytes
ACCTACCTCATCCTAT-2,GARQ,D17,3,40,40,24,0.01717496,Proximal Tubule
ACCTCACTCACTCGCT-1,GARQ,D17,3,40,40,19,0.08927274,Low Quality / Dying
ACCTGGATCAAACACC-2,GARQ,D17,3,40,40,24,0.07299209,Proximal Tubule
ACCTGGATCAAAGGCA-2,GARQ,D17,3,40,40,24,0.14435983,Proximal Tubule
ACCTTCCAGGAAGCAC-3,GARQ,D17,3,40,40,7,0.002593398,Low Quality / Dying
ACGAACAAGGTCCTGA-2,GARQ,D17,3,40,40,12,0.07861698,Proximal Tubule
ACGAAGTCATTGCAGC-1,GARQ,D17,3,40,40,19,0.0566473,Tumor (Neuronal-like)
ACGAATCTCAACAAGG-2,GARQ,D17,3,40,40,24,0.076120615,Proximal Tubule
ACGAATCTCCCGTTTA-3,GARQ,D17,3,40,40,24,0.122225165,Proximal Tubule
ACGACAAAGAATGACG-1,GARQ,D17,3,40,40,23,0.04644859,Tumor (Neuronal-like)
ACGACAAAGGCCCAGT-2,GARQ,D17,3,40,40,12,0.082407594,Proximal Tubule
ACGACTTAGGACACTT-1,GARQ,D17,3,40,40,4,0.7915797,Myeloid Cells
ACGAGTAAGCCTGTTC-2,GARQ,D17,3,40,40,33,0.042737484,Proximal Tubule
ACGATTCAGGTCGAGG-3,GARQ,D17,3,40,40,24,0.16125703,Proximal Tubule
ACGATTCAGTAACTCA-1,GARQ,D17,3,40,40,29,0.06791484,Tumor (Neuronal-like)
ACGCACGGTCAGTAAT-4,GARQ,D17,3,40,40,7,0.07021177,Tumor Epithelial
ACGCCACAGATAGACG-4,GARQ,D17,3,40,40,7,0.05186701,Tumor Epithelial
ACGCCACAGTGAGGTA-1,GARQ,D17,3,40,40,2,0.11989367,Proximal Tubule
ACGCCTAAGTGTTGTA-4,GARQ,D17,3,40,40,5,0.11945844,Tumor Epithelial
ACGCCTTTCCAAATCA-3,GARQ,D17,3,40,40,16,0.0060111284,Low Quality / Dying
ACGCTTGAGGGATGCG-4,GARQ,D17,3,40,40,37,0.27046347,Tumor Epithelial
ACGGTACGTTTCAGGA-1,GARQ,D17,3,40,40,0,0.018581748,Tumor Epithelial
ACGGTTAGTTTATGGG-4,GARQ,D17,3,40,40,10,0.062577605,Tumor Epithelial
ACGTACCCAGCATTAT-2,GARQ,D17,3,40,40,24,0.1800555,Podocytes
ACGTCAAGTAGCTAGC-2,GARQ,D17,3,40,40,33,0.08501834,Proximal Tubule
ACGTCAAGTGACCTGG-1,GARQ,D17,3,40,40,7,0.0247612,Stressed Tumor (p53+)
ACGTCCAAGCCAGTAT-1,GARQ,D17,3,40,40,38,0.00338161,Proximal Tubule
ACGTCCAAGTTGGGCC-4,GARQ,D17,3,40,40,7,0.0229218,Tumor Epithelial
ACGTCCTTCCAAGTGT-4,GARQ,D17,3,40,40,7,0.004216194,Tumor Epithelial
ACGTCCTTCCCGCATT-4,GARQ,D17,3,40,40,10,0.0027793646,Tumor Epithelial
ACGTCCTTCCCTTGCG-1,GARQ,D17,3,40,40,7,0.04377663,Proximal Tubule
ACGTCCTTCCGCCTAT-2,GARQ,D17,3,40,40,12,0.17753077,Proximal Tubule
ACGTTACAGCTGTCAG-1,GARQ,D17,3,40,40,10,0.0030744076,Stressed Tumor (p53+)
ACGTTGTAGCATGGTT-4,GARQ,D17,3,40,40,7,0.014086723,Tumor Epithelial
ACGTTGTAGCCACAAT-4,GARQ,D17,3,40,40,7,0.04802847,Tumor Epithelial
ACGTTGTAGCTCCTTA-2,GARQ,D17,3,40,40,24,0.03619349,Proximal Tubule
ACGTTGTAGGTCGAGG-4,GARQ,D17,3,40,40,10,0.094311595,Tumor Epithelial
ACGTTGTAGTAAAGGT-3,GARQ,D17,3,40,40,16,0.054406404,Stressed Tumor (p53+)
ACTAAAGCAAGCTACC-3,GARQ,D17,3,40,40,19,0.080274224,Proximal Tubule
ACTAAAGCATGGCCCA-3,GARQ,D17,3,40,40,15,0.12838745,Proximal Tubule
ACTAACCAGGATTGCT-1,GARQ,D17,3,40,40,5,0.009246707,Stressed Tumor (p53+)
ACTAACTCAGAAACGT-2,GARQ,D17,3,40,40,24,0.13222039,Proximal Tubule
ACTAATCCAAGCTACC-1,GARQ,D17,3,40,40,17,0.0060206056,Proximal Tubule
ACTAATCCAAGCTTAT-2,GARQ,D17,3,40,40,12,0.1600284,Proximal Tubule
ACTAATCCAGCTCAAC-2,GARQ,D17,3,40,40,12,0.19057918,Stressed Tumor (p53+)
ACTATCCGTGATTACG-2,GARQ,D17,3,40,40,33,0.03703046,Podocytes
ACTATCCGTTTAACGG-1,GARQ,D17,3,40,40,7,0.029523015,Tumor (Neuronal-like)
ACTATGTCACGTAAGG-3,GARQ,D17,3,40,40,16,0.038483977,Podocytes
ACTATGTCAGAAATGC-1,GARQ,D17,3,40,40,19,0.17038757,Tumor (Neuronal-like)
ACTCACCTCTAGCTTT-1,GARQ,D17,3,40,40,24,0.02069223,Tumor (Neuronal-like)
ACTCACTGTTATGTGG-2,GARQ,D17,3,40,40,24,0.084881306,Proximal Tubule
ACTCCTCAGGACCTGC-3,GARQ,D17,3,40,40,15,0.033773422,Proximal Tubule
ACTCCTCAGTCAGTAC-4,GARQ,D17,3,40,40,5,0.12172127,Tumor Epithelial
ACTCCTCAGTGAAGTG-1,GARQ,D17,3,40,40,25,0.040409565,Proximal Tubule
ACTCGCGCAAACGGGC-2,GARQ,D17,3,40,40,12,0.06461358,Proximal Tubule
ACTCGCGCATATAACC-2,GARQ,D17,3,40,40,4,0.4315412,Myeloid Cells
ACTCGCTTCCGGAACC-3,GARQ,D17,3,40,40,15,0.038658082,Proximal Tubule
ACTGAATGTGCATCGG-4,GARQ,D17,3,40,40,3,0.0824492,Tumor Epithelial
ACTGAATGTTACTTGC-3,GARQ,D17,3,40,40,31,0.004466057,Proximal Tubule
ACTTACTTCCAGGAAA-3,GARQ,D17,3,40,40,38,0.061765194,Proximal Tubule
ACTTACTTCTTAGGAC-4,GARQ,D17,3,40,40,0,0.14598799,Myeloid Cells
ACTTAGGGTGTGTGGT-4,GARQ,D17,3,40,40,7,0.033400416,Tumor Epithelial
ACTTAGGGTTACTTCA-2,GARQ,D17,3,40,40,24,0.043235064,Proximal Tubule
ACTTAGTCAATAGCAA-3,GARQ,D17,3,40,40,16,0.12843621,Proximal Tubule
ACTTAGTCACAGACTC-4,GARQ,D17,3,40,40,7,0.061542034,Endothelial Cells
ACTTCGCTCGCAACAT-1,GARQ,D17,3,40,40,16,0.061363935,Tumor (Neuronal-like)
ACTTGCACAATTAACC-4,GARQ,D17,3,40,40,10,0.005731702,Tumor Epithelial
ACTTGTAAGTTTCCTG-4,GARQ,D17,3,40,40,10,0.089432955,Tumor Epithelial
ACTTGTCGTACCGTTT-2,GARQ,D17,3,40,40,12,0.014177084,Podocytes
ACTTTGTTCATAAGCC-1,GARQ,D17,3,40,40,4,0.76933295,Myeloid Cells
ACTTTGTTCCCTGTTA-1,GARQ,D17,3,40,40,7,0.008147478,Podocytes
AGAAACTAGTTCCCGT-4,GARQ,D17,3,40,40,7,0.009062409,Tumor Epithelial
AGAAAGGCAGTCTAGC-2,GARQ,D17,3,40,40,26,0.00074601173,Proximal Tubule
AGAAAGGCATCCTAGA-3,GARQ,D17,3,40,40,15,0.022597492,Proximal Tubule
AGAACAAGTGACCTGG-1,GARQ,D17,3,40,40,38,0.23811102,Proximal Tubule
AGAACCGCAGCTAACC-1,GARQ,D17,3,40,40,15,0.032312214,Stressed Tumor (p53+)
AGAACCGCATGCATAT-4,GARQ,D17,3,40,40,10,0.060106277,Tumor Epithelial
AGAACCGCATTAGGCC-4,GARQ,D17,3,40,40,7,0.08116549,Tumor Epithelial
AGAATCTGTTACGCAA-1,GARQ,D17,3,40,40,19,0.016095757,Tumor (Neuronal-like)
AGACACGCAATATACC-3,GARQ,D17,3,40,40,24,0.2503693,Proximal Tubule
AGACACGCAGGCATCT-4,GARQ,D17,3,40,40,5,0.023605585,Tumor Epithelial
AGAGAAGCATGCATAT-2,GARQ,D17,3,40,40,20,0.12210727,Proximal Tubule
AGAGAGGAGGCCTAAT-2,GARQ,D17,3,40,40,34,0.17324877,Proximal Tubule
AGAGGAACATCGTTCT-3,GARQ,D17,3,40,40,16,0.05046463,Podocytes
AGATGCTTCCATCAGG-2,GARQ,D17,3,40,40,34,0.06628144,Proximal Tubule
AGCAAATAGAAGCTAG-3,GARQ,D17,3,40,40,5,0.16253316,Low Quality / Dying
AGCAAATAGGACACTT-3,GARQ,D17,3,40,40,15,0.032930374,Proximal Tubule
AGCAAATAGGCGCATC-3,GARQ,D17,3,40,40,17,0.09984982,Podocytes
AGCAATTGTCAGGCAT-1,GARQ,D17,3,40,40,7,0.027163863,Tumor Epithelial
AGCAATTGTCGCGCAA-3,GARQ,D17,3,40,40,39,0.07293403,Proximal Tubule
AGCAATTGTGGATGTC-2,GARQ,D17,3,40,40,33,0.08894372,Proximal Tubule
AGCAATTGTTAATGCG-1,GARQ,D17,3,40,40,16,0.029548109,Stressed Tumor (p53+)
AGCACAGCAGGCAAGC-3,GARQ,D17,3,40,40,15,0.17999876,Podocytes
AGCACAGCAGGTTATT-2,GARQ,D17,3,40,40,33,0.0032414198,Proximal Tubule
AGCACTTAGCATGGTT-2,GARQ,D17,3,40,40,20,0.012859821,Proximal Tubule
AGCACTTAGCCTCTCG-1,GARQ,D17,3,40,40,20,0.038953424,Tumor (Neuronal-like)
AGCAGGTAGCTATGAC-3,GARQ,D17,3,40,40,15,0.086462736,Stressed Tumor (p53+)
AGCATCCCAAGCTACC-1,GARQ,D17,3,40,40,7,0.07210076,Tumor Epithelial
AGCATCCCACACTAAT-4,GARQ,D17,3,40,40,10,0.017276645,Tumor Epithelial
AGCATTTCATGAAATG-2,GARQ,D17,3,40,40,15,0.028990865,Proximal Tubule
AGCATTTCATTGTTGG-2,GARQ,D17,3,40,40,12,0.086662054,Proximal Tubule
AGCCGCTAGGCTACAT-2,GARQ,D17,3,40,40,24,0.20224428,Proximal Tubule
AGCCGCTAGTCACCTC-1,GARQ,D17,3,40,40,16,0.030075908,Tumor (Neuronal-like)
AGCCGCTAGTTACCGG-3,GARQ,D17,3,40,40,25,0.19623661,Injured PT-like
AGCCTAAGTACAATGT-2,GARQ,D17,3,40,40,24,0.12669742,Proximal Tubule
AGCCTAAGTATTCGTC-1,GARQ,D17,3,40,40,10,0.0010173917,Tumor (Neuronal-like)
AGCCTAAGTCACAAAT-3,GARQ,D17,3,40,40,15,0.0013988018,Podocytes
AGCCTAAGTCATCAAG-3,GARQ,D17,3,40,40,24,0.016339183,Proximal Tubule
AGCGATTTCACTAGGT-1,GARQ,D17,3,40,40,19,0.0003492236,Tumor Epithelial
AGCGCCTAGGAACGGT-4,GARQ,D17,3,40,40,5,0.19208312,Tumor Epithelial
AGCGCCTAGTCCTTCA-2,GARQ,D17,3,40,40,24,0.13446236,Proximal Tubule
AGCGCTCAGTAGGCGG-3,GARQ,D17,3,40,40,25,0.017145872,Proximal Tubule
AGCGGACCAGATTCAT-4,GARQ,D17,3,40,40,10,0.095725,Tumor Epithelial
AGCGGATAGACAAAGT-2,GARQ,D17,3,40,40,26,0.059462786,Proximal Tubule
AGCTAAACAGGCTTCG-3,GARQ,D17,3,40,40,24,0.07814789,Proximal Tubule
AGCTAAACAGTAATAG-2,GARQ,D17,3,40,40,12,0.09323162,Proximal Tubule
AGCTAACTCCTTGTTG-3,GARQ,D17,3,40,40,16,0.0711503,Proximal Tubule
AGCTAACTCGTTAACA-4,GARQ,D17,3,40,40,7,0.041445732,Tumor Epithelial
AGCTATATCACCATTT-1,GARQ,D17,3,40,40,16,0.053804398,Podocytes
AGCTATATCATGTGGT-1,GARQ,D17,3,40,40,5,0.19216275,Tumor (Neuronal-like)
AGCTATATCATTAGGC-3,GARQ,D17,3,40,40,15,0.06802046,Proximal Tubule
AGCTATATCCTGCGAA-2,GARQ,D17,3,40,40,12,0.085532546,Proximal Tubule
AGCTCATAGCATGGTT-2,GARQ,D17,3,40,40,15,0.035888672,Proximal Tubule
AGCTCATAGTCCTGAG-3,GARQ,D17,3,40,40,15,0.024037361,Proximal Tubule
AGCTGCTCATCATGTG-1,GARQ,D17,3,40,40,3,0.0034672022,Tumor (Neuronal-like)
AGCTTAATCAAAGGCA-4,GARQ,D17,3,40,40,5,0.20262325,Tumor Epithelial
AGCTTAATCATCCTAT-3,GARQ,D17,3,40,40,24,0.026674867,Stressed Tumor (p53+)
AGCTTAATCTGTGCAG-2,GARQ,D17,3,40,40,24,0.14746284,Proximal Tubule
AGCTTCCTCATTGCGG-1,GARQ,D17,3,40,40,19,0.0033050776,Tumor (Neuronal-like)
AGCTTTAAGACACCGC-2,GARQ,D17,3,40,40,24,0.12445915,Proximal Tubule
AGCTTTAAGTAACTCA-1,GARQ,D17,3,40,40,10,0.052479386,Low Quality / Dying
AGGAAACGTCCAAGAC-3,GARQ,D17,3,40,40,38,0.0334723,Proximal Tubule
AGGAACGGTGAGCACT-4,GARQ,D17,3,40,40,5,0.11881018,Tumor Epithelial
AGGAACGGTTGCAATG-3,GARQ,D17,3,40,40,26,0.06256324,Stressed Tumor (p53+)
AGGACGTAGCCAAATC-2,GARQ,D17,3,40,40,12,0.10954332,Proximal Tubule
AGGACTAAGACAACGA-4,GARQ,D17,3,40,40,0,0.06598067,Tumor Epithelial
AGGACTAAGGATGATG-3,GARQ,D17,3,40,40,12,0.057496548,Proximal Tubule
AGGACTAAGGCATGAA-4,GARQ,D17,3,40,40,3,0.03401327,Tumor Epithelial
AGGACTAAGGTAGCTT-1,GARQ,D17,3,40,40,38,0.09639776,Podocytes
AGGACTAAGTAAGGGC-1,GARQ,D17,3,40,40,5,0.0109369755,Stressed Tumor (p53+)
AGGACTAAGTCTTGAA-4,GARQ,D17,3,40,40,0,0.07616615,Endothelial Cells
AGGATCCGTAATCCCT-2,GARQ,D17,3,40,40,32,0.0747118,Podocytes
AGGATCCGTTCCTCCT-4,GARQ,D17,3,40,40,0,0.042927146,Tumor Epithelial
AGGATGCAGGCCTAAT-2,GARQ,D17,3,40,40,12,0.047477722,Proximal Tubule
AGGATGTCAACCCTAA-3,GARQ,D17,3,40,40,15,0.13414347,Injured PT-like
AGGATGTCACAGAACG-3,GARQ,D17,3,40,40,7,0.05851853,Low Quality / Dying
AGGATGTCATAGCGAG-2,GARQ,D17,3,40,40,24,0.1520629,Podocytes
AGGATTGAGTTATGGC-3,GARQ,D17,3,40,40,25,0.00059849024,Proximal Tubule
AGGCAATCAGAATGAC-2,GARQ,D17,3,40,40,20,0.2003895,Proximal Tubule
AGGCAATCAGCTAATT-1,GARQ,D17,3,40,40,23,0.024705172,Proximal Tubule
AGGCAATCAGTCTATG-2,GARQ,D17,3,40,40,33,0.09251428,Proximal Tubule
AGGCAGGTCTTGACCC-1,GARQ,D17,3,40,40,5,0.059102297,Tumor (Neuronal-like)
AGGCCCAGTTTGCTGT-3,GARQ,D17,3,40,40,24,0.33724213,Proximal Tubule
AGGCGGATCTAACTGA-4,GARQ,D17,3,40,40,7,0.011310101,Tumor Epithelial
AGGCGGATCTCACATT-2,GARQ,D17,3,40,40,20,0.19511032,Podocytes
AGGCTAGCAGCACGAA-4,GARQ,D17,3,40,40,5,0.054888725,Tumor Epithelial
AGGGCCTTCGCCTAAG-3,GARQ,D17,3,40,40,24,0.1597879,Proximal Tubule
AGGGTTGCAGCATGGA-3,GARQ,D17,3,40,40,34,0.13212705,Proximal Tubule
AGGTAACCACTGGCCA-1,GARQ,D17,3,40,40,7,0.011786342,Tumor (Neuronal-like)
AGGTAACCAGGTTATT-2,GARQ,D17,3,40,40,12,0.13604236,Proximal Tubule
AGGTATTGTTGCGCGA-4,GARQ,D17,3,40,40,7,0.01963675,Tumor Epithelial
AGGTCATTCGCAAACT-1,GARQ,D17,3,40,40,10,0.041810393,Tumor Epithelial
AGGTGAATCAGGTTTA-3,GARQ,D17,3,40,40,19,0.024622738,Myeloid Cells
AGGTGAATCCTGATGG-2,GARQ,D17,3,40,40,24,0.11041641,Proximal Tubule
AGGTGAGGTTGGCCGA-2,GARQ,D17,3,40,40,24,0.1383791,Proximal Tubule
AGGTTAACAATAGCCC-4,GARQ,D17,3,40,40,5,0.2251141,Tumor Epithelial
AGGTTAACAATTGCGC-2,GARQ,D17,3,40,40,15,0.048989892,Proximal Tubule
AGGTTACTCCGGTTAG-3,GARQ,D17,3,40,40,39,0.016450882,Proximal Tubule
AGGTTGCGTAATTAGC-2,GARQ,D17,3,40,40,12,0.12549317,Proximal Tubule
AGGTTGCGTCAATACG-2,GARQ,D17,3,40,40,33,0.15824711,Proximal Tubule
AGGTTTATCGAGGAAC-4,GARQ,D17,3,40,40,0,0.19067287,Myeloid Cells
AGGTTTGGTGCACGCA-3,GARQ,D17,3,40,40,24,0.17764783,Proximal Tubule
AGTAAACAGCAGGTGG-4,GARQ,D17,3,40,40,10,0.0851413,Tumor Epithelial
AGTAAACAGTGAGCGG-3,GARQ,D17,3,40,40,38,0.06960642,Podocytes
AGTAAACAGTTATGGC-4,GARQ,D17,3,40,40,5,0.08849871,Tumor Epithelial
AGTAACCTCCTAATTC-2,GARQ,D17,3,40,40,24,0.05734825,Proximal Tubule
AGTAATCGTGAGCAAG-3,GARQ,D17,3,40,40,38,0.036012888,Low Quality / Dying
AGTACGCGTAGCAGCT-1,GARQ,D17,3,40,40,15,0.018451154,Tumor (Neuronal-like)
AGTACGCGTGTTGCAA-4,GARQ,D17,3,40,40,7,0.06267333,Myeloid Cells
AGTACGCGTTAATGAC-1,GARQ,D17,3,40,40,5,0.17668164,Tumor (Neuronal-like)
AGTACGCGTTATGTGG-2,GARQ,D17,3,40,40,26,0.017759562,Proximal Tubule
AGTAGCTTCCTGGCTT-2,GARQ,D17,3,40,40,12,0.0016813278,Proximal Tubule
AGTAGGATCACAGACT-3,GARQ,D17,3,40,40,25,0.052941322,Proximal Tubule
AGTCAATGTGAACAAA-1,GARQ,D17,3,40,40,39,0.039903164,Proximal Tubule
AGTCAATGTTTGCGCC-1,GARQ,D17,3,40,40,19,0.112893164,Tumor (Neuronal-like)
AGTCAGGCAATCCCTT-3,GARQ,D17,3,40,40,15,0.029530287,Proximal Tubule
AGTCAGGCATGACTAT-3,GARQ,D17,3,40,40,1,0.12245846,Proximal Tubule
AGTCAGGCATTATGGT-2,GARQ,D17,3,40,40,25,0.10733509,Proximal Tubule
AGTCCTTGTGAAGCCT-4,GARQ,D17,3,40,40,5,0.06758857,Tumor Epithelial
AGTCGCATCACTAGGT-3,GARQ,D17,3,40,40,15,0.14477408,Podocytes
AGTCTTGCAACCTGGT-4,GARQ,D17,3,40,40,10,0.025761724,Tumor Epithelial
AGTCTTGCAATCCTGA-3,GARQ,D17,3,40,40,15,0.12428212,Proximal Tubule
AGTGAACCACACTAAT-3,GARQ,D17,3,40,40,15,0.014510989,Proximal Tubule
AGTGAGTCAAACCCTA-1,GARQ,D17,3,40,40,5,0.075558186,Tumor (Neuronal-like)
AGTGAGTCATTGCGGT-4,GARQ,D17,3,40,40,5,0.1753962,Tumor Epithelial
AGTGATGAGCAGGTTT-2,GARQ,D17,3,40,40,36,0.20008135,Proximal Tubule
AGTGCACGTGAGGTAG-4,GARQ,D17,3,40,40,7,0.03856492,Tumor Epithelial
AGTGCACGTTGGATAT-3,GARQ,D17,3,40,40,15,0.050866723,Stressed Tumor (p53+)
AGTGCCGGTTGTAAAC-2,GARQ,D17,3,40,40,12,0.12636042,Stressed Tumor (p53+)
AGTGCGGAGCGTGCGT-3,GARQ,D17,3,40,40,28,0.08739978,Proximal Tubule
AGTGCGGAGCTCCTTA-1,GARQ,D17,3,40,40,38,0.21252239,Proximal Tubule
AGTGCGGAGTGAGGTA-2,GARQ,D17,3,40,40,12,0.08606768,Proximal Tubule
AGTGGACAGGCTTAAC-4,GARQ,D17,3,40,40,3,0.031556606,Tumor Epithelial
AGTGTGGCAATTATGC-1,GARQ,D17,3,40,40,7,0.062123716,Parietal Epithelial Cells
AGTGTGGCACATTGCA-4,GARQ,D17,3,40,40,5,0.13090205,Tumor Epithelial
AGTGTTTCAGGATGGC-1,GARQ,D17,3,40,40,5,0.12607634,Proximal Tubule
AGTTACTCAGCAAATA-3,GARQ,D17,3,40,40,16,0.04552245,Proximal Tubule
AGTTGCGTCCGGTATG-3,GARQ,D17,3,40,40,16,0.26018292,Podocytes
AGTTTGATCACTAAGC-3,GARQ,D17,3,40,40,22,0.014192343,Proximal Tubule
AGTTTGATCTTTAAGG-2,GARQ,D17,3,40,40,24,0.09167266,Proximal Tubule
AGTTTGCAGAGAGGAG-1,GARQ,D17,3,40,40,5,0.13476515,Stressed Tumor (p53+)
ATAACGACAGCCTGCA-3,GARQ,D17,3,40,40,23,0.0183568,Low Quality / Dying
ATAACGACATGTTGTG-3,GARQ,D17,3,40,40,15,0.064561844,Podocytes
ATAACGACATTTAAGC-1,GARQ,D17,3,40,40,38,0.12994206,Mast Cells
ATAAGTCGTAGCAGCT-4,GARQ,D17,3,40,40,10,0.01845032,Tumor Epithelial
ATACCGGTCTTTAAGG-3,GARQ,D17,3,40,40,21,0.008917451,Proximal Tubule
ATAGATGCAATTAAGG-1,GARQ,D17,3,40,40,4,0.50606847,Myeloid Cells
ATAGCATGTGTGAGAG-1,GARQ,D17,3,40,40,0,0.010569811,Injured PT-like
ATAGCATGTTGGATAT-1,GARQ,D17,3,40,40,7,0.0031392574,Proximal Tubule
ATAGGTACAAGCTAAA-4,GARQ,D17,3,40,40,5,0.060038805,Tumor Epithelial
ATAGGTACATAGGCGA-2,GARQ,D17,3,40,40,33,0.15956712,Proximal Tubule
ATATGCTCATAACGGG-3,GARQ,D17,3,40,40,23,0.039014697,Stressed Tumor (p53+)
ATATGGTGTTTAACCC-1,GARQ,D17,3,40,40,5,0.010935545,Tumor Epithelial
ATATGTCCAGTGAACG-3,GARQ,D17,3,40,40,15,0.027500749,Proximal Tubule
ATATGTCCATTAAACC-1,GARQ,D17,3,40,40,19,0.082782984,Tumor (Neuronal-like)
ATCAATCCAAGGTAAC-2,GARQ,D17,3,40,40,24,0.07703912,Proximal Tubule
ATCACAATCATGGTGT-1,GARQ,D17,3,40,40,10,0.051355004,Tumor (Neuronal-like)
ATCACACAGTTTCCGC-1,GARQ,D17,3,40,40,7,0.09339976,Podocytes
ATCACTAAGCATTTCT-4,GARQ,D17,3,40,40,5,0.09867239,Podocytes
ATCAGGTTCACAGCCA-2,GARQ,D17,3,40,40,24,0.08652234,Stressed Tumor (p53+)
ATCAGGTTCAGTGAAG-2,GARQ,D17,3,40,40,33,0.033361316,Proximal Tubule
ATCATCAAGCAAGGGT-3,GARQ,D17,3,40,40,38,0.0040192604,Proximal Tubule
ATCATCAAGTAGAGGC-2,GARQ,D17,3,40,40,12,0.0146894455,Podocytes
ATCATGTCACCATATG-4,GARQ,D17,3,40,40,7,0.009721398,Tumor Epithelial
ATCCACCTCCTAATAG-3,GARQ,D17,3,40,40,38,0.07586002,Proximal Tubule
ATCCCGCGTCACAGCG-2,GARQ,D17,3,40,40,24,0.046953082,Proximal Tubule
ATCCTGACAGTAATAG-4,GARQ,D17,3,40,40,0,0.021466494,Tumor Epithelial
ATCCTTAGTTGCTTCG-1,GARQ,D17,3,40,40,0,0.034012318,Tumor (Neuronal-like)
ATCGCCCGTTAATGAC-4,GARQ,D17,3,40,40,5,0.14850068,Tumor Epithelial
ATCGCCCGTTGGTGAC-2,GARQ,D17,3,40,40,24,0.2240951,Proximal Tubule
ATCTATGAGCGCCTTT-2,GARQ,D17,3,40,40,33,0.055342913,Proximal Tubule
ATCTATGAGGGACCTC-3,GARQ,D17,3,40,40,24,0.11789131,Proximal Tubule
ATCTATGAGTTAGGCT-3,GARQ,D17,3,40,40,0,0.2008056,Myeloid Cells
ATCTATGAGTTCCTCA-2,GARQ,D17,3,40,40,33,0.09089947,Proximal Tubule
ATCTTTGGTACGCGCA-2,GARQ,D17,3,40,40,25,0.065039635,Proximal Tubule
ATGAAGCCAAAGGCCA-3,GARQ,D17,3,40,40,15,0.05716479,Proximal Tubule
ATGAAGCCATCGCTCC-1,GARQ,D17,3,40,40,21,0.08304334,Podocytes
ATGAAGCCATTGTTGG-1,GARQ,D17,3,40,40,16,0.014524639,Low Quality / Dying
ATGAAGTAGCGAAGTA-1,GARQ,D17,3,40,40,10,0.042838693,Stressed Tumor (p53+)
ATGAATGCAGCATGTC-1,GARQ,D17,3,40,40,7,0.0039299726,Tumor Epithelial
ATGACAACAAGGTAAC-3,GARQ,D17,3,40,40,15,0.010089755,Proximal Tubule
ATGACAACAATTTAGC-2,GARQ,D17,3,40,40,24,0.037183046,Proximal Tubule
ATGACAACACAAAGGT-1,GARQ,D17,3,40,40,29,0.0016129613,Tumor (Neuronal-like)
ATGACAACATAAAGCA-1,GARQ,D17,3,40,40,10,0.061413407,Tumor (Neuronal-like)
ATGACCAGTCCGTAGG-4,GARQ,D17,3,40,40,7,0.07556367,Tumor Epithelial
ATGACGAAGCGATACT-4,GARQ,D17,3,40,40,7,0.12500286,Tumor Epithelial
ATGACTCAGGTTACGT-2,GARQ,D17,3,40,40,24,0.024549842,Proximal Tubule
ATGATGGAGCTAAGTC-4,GARQ,D17,3,40,40,7,0.051265955,Tumor Epithelial
ATGCATTCAGCACCAT-1,GARQ,D17,3,40,40,21,0.05539751,Proximal Tubule
ATGCTTAAGTAAACCC-3,GARQ,D17,3,40,40,15,0.25323606,Proximal Tubule
ATGGACAAGCTACTGG-4,GARQ,D17,3,40,40,7,0.10683215,Myeloid Cells
ATGGCCCAGCCACAAT-4,GARQ,D17,3,40,40,5,0.1017431,Tumor Epithelial
ATGGCCGGTAGTTGGC-4,GARQ,D17,3,40,40,5,0.0981065,Tumor Epithelial
ATGGCTTAGCCTAACG-2,GARQ,D17,3,40,40,24,0.09761453,Proximal Tubule
ATGGCTTAGCGGATAA-1,GARQ,D17,3,40,40,38,0.0062261224,Low Quality / Dying
ATGGTCTAGATAAAGC-2,GARQ,D17,3,40,40,24,0.16055357,Low Quality / Dying
ATGGTGCGTGTTTGCT-2,GARQ,D17,3,40,40,24,0.16936934,Proximal Tubule
ATGTAACGTGCTGTAA-2,GARQ,D17,3,40,40,33,0.10877013,Proximal Tubule
ATGTCAATCATTGCGG-2,GARQ,D17,3,40,40,24,0.0900718,Proximal Tubule
ATGTTCAAGAGGAGGA-2,GARQ,D17,3,40,40,33,0.025267363,Proximal Tubule
ATGTTCAAGTCATTAG-3,GARQ,D17,3,40,40,24,0.019597769,Proximal Tubule
ATGTTCAAGTGAACCT-1,GARQ,D17,3,40,40,16,0.15991235,Tumor (Neuronal-like)
ATGTTGTCAAAGCTAA-2,GARQ,D17,3,40,40,24,0.0040510893,Proximal Tubule
ATGTTGTCATAGCTTG-4,GARQ,D17,3,40,40,37,0.0355258,Tumor Epithelial
ATGTTTGAGTTAGCTA-1,GARQ,D17,3,40,40,4,0.64866173,Myeloid Cells
ATTACCCGTCCTAATC-4,GARQ,D17,3,40,40,5,0.12845826,Tumor Epithelial
ATTACGTCACCCACAG-4,GARQ,D17,3,40,40,5,0.1158303,Tumor Epithelial
ATTACGTCACTGGCCA-4,GARQ,D17,3,40,40,7,0.115653515,Myeloid Cells
ATTACGTCAGTCTATG-4,GARQ,D17,3,40,40,5,0.2348417,Tumor Epithelial
ATTAGCGGTACTGAAT-4,GARQ,D17,3,40,40,7,0.08740687,Tumor Epithelial
ATTAGCGGTATTGAGT-2,GARQ,D17,3,40,40,36,0.012200475,Injured PT-like
ATTAGGTGTATTGTCC-3,GARQ,D17,3,40,40,26,0.10637689,Proximal Tubule
ATTAGGTGTTTGCGCC-1,GARQ,D17,3,40,40,23,0.048407912,Tumor (Neuronal-like)
ATTAGTCCAAATGCCC-2,GARQ,D17,3,40,40,33,0.023053646,Proximal Tubule
ATTAGTCCAACACTTG-3,GARQ,D17,3,40,40,33,0.012989521,Proximal Tubule
ATTAGTCCACCACAAC-2,GARQ,D17,3,40,40,15,0.002020061,Proximal Tubule
ATTATGGTCCCTCACG-3,GARQ,D17,3,40,40,15,0.051309466,Proximal Tubule
ATTCAACCAACTGGGA-2,GARQ,D17,3,40,40,24,0.2935145,Proximal Tubule
ATTCACTTCCAAACAC-1,GARQ,D17,3,40,40,16,0.06479263,Tumor (Neuronal-like)
ATTCACTTCCGGGACT-3,GARQ,D17,3,40,40,16,0.04317665,Podocytes
ATTCATGAGTTTGTCT-4,GARQ,D17,3,40,40,0,0.02259624,Proximal Tubule
ATTCCTCCAATTATGC-4,GARQ,D17,3,40,40,0,0.098641515,Tumor Epithelial
ATTCGTTTCGTTAACA-3,GARQ,D17,3,40,40,15,0.081293225,Proximal Tubule
ATTGAAGCACTGGCCA-1,GARQ,D17,3,40,40,38,0.3226812,Proximal Tubule
ATTGAAGCATAAGTCT-1,GARQ,D17,3,40,40,10,0.042104125,Podocytes
ATTGAAGCATGGTTAT-1,GARQ,D17,3,40,40,5,0.09071708,Tumor (Neuronal-like)
ATTGACTCAAACATAG-2,GARQ,D17,3,40,40,15,0.054566383,Proximal Tubule
ATTGCACAGAAACTGG-4,GARQ,D17,3,40,40,0,0.05504632,Tumor Epithelial
ATTGCAGGTTGTTGTC-4,GARQ,D17,3,40,40,5,0.17091143,Tumor Epithelial
ATTGCGCCAGTAGCCT-2,GARQ,D17,3,40,40,26,0.050524473,Podocytes
ATTGGCTAGCTAAAGG-2,GARQ,D17,3,40,40,8,0.05869919,Proximal Tubule
ATTGTCCGTAAAGCGG-1,GARQ,D17,3,40,40,21,0.15341544,Podocytes
ATTGTCCGTCCGTGAG-3,GARQ,D17,3,40,40,15,0.016056895,Proximal Tubule
ATTGTGATCAAGACTC-3,GARQ,D17,3,40,40,15,0.022713661,Stressed Tumor (p53+)
ATTTAGCCAGTAATAG-4,GARQ,D17,3,40,40,5,0.14840329,Tumor Epithelial
ATTTGCAAGCCGCTTT-2,GARQ,D17,3,40,40,25,0.12586069,Proximal Tubule
CAAACACTCAAGCTTA-2,GARQ,D17,3,40,40,11,0.109663844,Proximal Tubule
CAAACACTCACACAGT-2,GARQ,D17,3,40,40,24,0.20607233,Proximal Tubule
CAAACCGTCAGGCCTA-2,GARQ,D17,3,40,40,34,0.120803356,Proximal Tubule
CAAACGCGTGACATGC-2,GARQ,D17,3,40,40,33,0.012766838,Proximal Tubule
CAAACTGGTTATCGAG-1,GARQ,D17,3,40,40,5,0.019399405,Tumor (Neuronal-like)
CAAAGGATCAATCTCT-1,GARQ,D17,3,40,40,5,0.034270287,Tumor (Neuronal-like)
CAACAGGCAATTGACT-3,GARQ,D17,3,40,40,25,0.14816701,Proximal Tubule
CAACAGGCACGTAATT-3,GARQ,D17,3,40,40,25,0.12654579,Proximal Tubule
CAACCCGCACTGGCCA-1,GARQ,D17,3,40,40,15,0.077905655,Podocytes
CAACCCTTCTCGACCT-3,GARQ,D17,3,40,40,38,0.0012022257,Podocytes
CAACTAGGTAATCCCT-2,GARQ,D17,3,40,40,24,0.15175474,Proximal Tubule
CAACTAGGTCCGTAGG-3,GARQ,D17,3,40,40,39,0.05381185,Podocytes
CAAGAACCAGCATGGA-2,GARQ,D17,3,40,40,33,0.1348319,Proximal Tubule
CAAGACAAGGACAATG-2,GARQ,D17,3,40,40,24,0.14634454,Proximal Tubule
CAAGACAAGGCTACAT-1,GARQ,D17,3,40,40,23,0.12686706,Podocytes
CAAGGCCTCGCCTGTT-2,GARQ,D17,3,40,40,35,0.017127633,Proximal Tubule
CAAGGCTGTGTGTGGT-4,GARQ,D17,3,40,40,7,0.11563945,Endothelial Cells
CAAGGTAAGGGACTAA-4,GARQ,D17,3,40,40,7,0.01861763,Tumor Epithelial
CAAGGTAAGGTCCAAT-1,GARQ,D17,3,40,40,10,0.048005342,Tumor Epithelial
CAAGGTAAGTATTGGC-4,GARQ,D17,3,40,40,7,0.0024071932,Tumor Epithelial
CAAGTAACACTTAACG-3,GARQ,D17,3,40,40,24,0.05699587,Proximal Tubule
CAAGTAACATGCTTAG-4,GARQ,D17,3,40,40,0,0.0009301305,Tumor Epithelial
CAAGTTATCTCACATT-2,GARQ,D17,3,40,40,26,0.03722942,Proximal Tubule
CAATAAGCAGTAGGTG-3,GARQ,D17,3,40,40,12,0.0538432,Stressed Tumor (p53+)
CAATATGTCGTAATCA-1,GARQ,D17,3,40,40,4,0.72769827,Myeloid Cells
CAATCCCTCGGTTTGG-3,GARQ,D17,3,40,40,24,0.25365436,Proximal Tubule
CAATCCTGTCCGTGAG-3,GARQ,D17,3,40,40,15,0.13285041,Proximal Tubule
CAATGAACAAGGATTA-2,GARQ,D17,3,40,40,33,0.116386056,Proximal Tubule
CAATGAACACAACAGG-3,GARQ,D17,3,40,40,24,0.03681922,Tumor (Neuronal-like)
CAATGAACAGTTTACG-1,GARQ,D17,3,40,40,10,0.026290655,Tumor (Neuronal-like)
CAATGACTCATGTTTC-4,GARQ,D17,3,40,40,5,0.11312151,Tumor Epithelial
CAATGACTCATTAGCA-3,GARQ,D17,3,40,40,0,0.24228096,Myeloid Cells
CAATGCCCACAACAGG-4,GARQ,D17,3,40,40,5,0.11546636,Low Quality / Dying
CAATGCCCATTCCTCG-1,GARQ,D17,3,40,40,19,0.022023082,Podocytes
CAATGTCAGCAAGGTA-1,GARQ,D17,3,40,40,5,0.047249734,Podocytes
CAATGTGGTCATTACC-2,GARQ,D17,3,40,40,12,0.12880063,Stressed Tumor (p53+)
CACAAGCGTCACAAAT-1,GARQ,D17,3,40,40,38,0.28567934,Proximal Tubule
CACAAGCGTGCGCAAT-4,GARQ,D17,3,40,40,10,0.10055113,Tumor Epithelial
CACAATATCATGGCTG-3,GARQ,D17,3,40,40,15,0.039322376,Low Quality / Dying
CACAATATCCCGTTAC-4,GARQ,D17,3,40,40,7,0.017387152,Tumor Epithelial
CACAATATCCTGTTCA-2,GARQ,D17,3,40,40,33,0.05404997,Stressed Tumor (p53+)
CACATACAGCCTCTGT-1,GARQ,D17,3,40,40,10,0.054005742,Low Quality / Dying
CACATTAAGGAGTCTT-2,GARQ,D17,3,40,40,26,0.043817163,Proximal Tubule
CACCGGTAGGCTGTCA-1,GARQ,D17,3,40,40,7,0.059091568,Tumor Epithelial
CACCGGTAGTAACCAC-2,GARQ,D17,3,40,40,12,0.00645864,Proximal Tubule
CACCTCAGTGATTACG-1,GARQ,D17,3,40,40,23,0.091786385,Tumor (Neuronal-like)
CACCTCAGTTCCTGTG-1,GARQ,D17,3,40,40,3,0.008715808,Stressed Tumor (p53+)
CACCTCAGTTGTGACA-4,GARQ,D17,3,40,40,7,0.009622574,Tumor Epithelial
CACCTGTTCACCGGTA-4,GARQ,D17,3,40,40,0,0.1527816,Myeloid Cells
CACCTGTTCGGCTATG-2,GARQ,D17,3,40,40,24,0.06840849,Proximal Tubule
CACGCAATCCAAGTTA-1,GARQ,D17,3,40,40,5,0.07188058,Tumor Epithelial
CACGCAATCCGGCTAA-1,GARQ,D17,3,40,40,19,0.0790441,Tumor (Neuronal-like)
CACGCAATCCTACCTA-2,GARQ,D17,3,40,40,24,0.18811536,Proximal Tubule
CACGCAATCTCACTCA-3,GARQ,D17,3,40,40,24,0.029188395,Proximal Tubule
CACTAGCCAGCTTAGC-3,GARQ,D17,3,40,40,24,0.029383183,Stressed Tumor (p53+)
CACTGACCAGGGAGGA-1,GARQ,D17,3,40,40,38,0.02555561,Tumor (Neuronal-like)
CACTGACCATACCCGG-4,GARQ,D17,3,40,40,5,0.065472364,Tumor Epithelial
CACTTAAAGAGCCGCT-4,GARQ,D17,3,40,40,37,0.13049352,Tumor Epithelial
CACTTTGTCAAGCTAC-1,GARQ,D17,3,40,40,38,0.11403692,Proximal Tubule
CAGAATCTCACAGCGC-2,GARQ,D17,3,40,40,15,0.023561478,Proximal Tubule
CAGAATCTCAGGGCCT-1,GARQ,D17,3,40,40,4,0.38717508,Myeloid Cells
CAGAATCTCTCACACC-4,GARQ,D17,3,40,40,5,0.23471236,Tumor Epithelial
CAGAATCTCTTGCTAT-3,GARQ,D17,3,40,40,15,0.17710447,Proximal Tubule
CAGATTCAGTCACTAA-1,GARQ,D17,3,40,40,4,0.45340192,Myeloid Cells
CAGCAAGCAAGCTTTG-3,GARQ,D17,3,40,40,15,0.03671384,Proximal Tubule
CAGCAAGCAGTCTATG-1,GARQ,D17,3,40,40,10,0.046307027,Stressed Tumor (p53+)
CAGCATGTCTAATCCT-2,GARQ,D17,3,40,40,34,0.036067307,Proximal Tubule
CAGCATTAGGACAATG-2,GARQ,D17,3,40,40,12,0.04747665,Proximal Tubule
CAGCATTAGTTAGCCG-4,GARQ,D17,3,40,40,7,0.033810496,Tumor Epithelial
CAGCCTAAGCTTAGCG-4,GARQ,D17,3,40,40,7,0.03327799,Tumor Epithelial
CAGCCTTTCAGGGCCT-3,GARQ,D17,3,40,40,34,0.056585073,Proximal Tubule
CAGCTCAAGGCATGAA-2,GARQ,D17,3,40,40,12,0.10138333,Proximal Tubule
CAGGACACAAACCTTG-3,GARQ,D17,3,40,40,15,0.16625798,Proximal Tubule
CAGGGCTTCCGCAAAT-1,GARQ,D17,3,40,40,16,0.025323033,Tumor (Neuronal-like)
CAGGGTGAGCAAGGGT-1,GARQ,D17,3,40,40,16,0.0013371706,Podocytes
CAGGTCCAGACAAACG-2,GARQ,D17,3,40,40,33,0.080331564,Proximal Tubule
CAGGTGGAGGCGCACT-4,GARQ,D17,3,40,40,5,0.020725429,Tumor Epithelial
CAGGTTAGTTCCGGGA-2,GARQ,D17,3,40,40,33,0.17269671,Proximal Tubule
CATAACGGTTGAAGCC-3,GARQ,D17,3,40,40,24,0.0021478534,Proximal Tubule
CATAAGCTCAATCTAG-1,GARQ,D17,3,40,40,7,0.017265081,Proximal Tubule
CATAAGCTCGAGCTAT-3,GARQ,D17,3,40,40,16,0.15587437,Stressed Tumor (p53+)
CATAATGTCTGGCATG-1,GARQ,D17,3,40,40,37,0.08228904,Tumor Epithelial
CATAGACTCTGCAAAC-4,GARQ,D17,3,40,40,7,0.055491447,Tumor Epithelial
CATAGCTAGCCGCAGT-2,GARQ,D17,3,40,40,24,0.13198233,Proximal Tubule
CATAGCTAGTAATCCA-3,GARQ,D17,3,40,40,29,0.07621384,Podocytes
CATAGGTTCACAGCGC-3,GARQ,D17,3,40,40,8,0.025049448,Proximal Tubule
CATAGTCAGCAGGTGG-2,GARQ,D17,3,40,40,12,0.14883131,Proximal Tubule
CATAGTCAGCTCCTAC-2,GARQ,D17,3,40,40,24,0.26276422,Proximal Tubule
CATAGTCAGGCTTAAC-4,GARQ,D17,3,40,40,37,0.068262815,Tumor Epithelial
CATCAATCAGGCTACT-2,GARQ,D17,3,40,40,24,0.14381433,Proximal Tubule
CATCAATCATGAGTTT-2,GARQ,D17,3,40,40,25,0.058497548,Proximal Tubule
CATCATGCACCATATG-4,GARQ,D17,3,40,40,5,0.18649602,Tumor Epithelial
CATCCCAGTAGGTGTC-4,GARQ,D17,3,40,40,7,0.061599255,Tumor Epithelial
CATCGCTTCACCGGTA-1,GARQ,D17,3,40,40,7,0.05846274,Podocytes
CATGCAAGTAAGGTCC-1,GARQ,D17,3,40,40,5,0.08691329,Tumor Epithelial
CATGCGGGTTGGCGTG-2,GARQ,D17,3,40,40,34,0.0013282299,Proximal Tubule
CATGGCGGTGCACGCA-4,GARQ,D17,3,40,40,7,0.05110407,Myeloid Cells
CATGGCGGTGGTTAGC-4,GARQ,D17,3,40,40,5,0.050061703,Tumor Epithelial
CATGGCGGTTACCGGG-4,GARQ,D17,3,40,40,5,0.12873423,Tumor Epithelial
CATTATCTCACCTGTC-3,GARQ,D17,3,40,40,16,0.039298296,Proximal Tubule
CATTATCTCGCGACAC-1,GARQ,D17,3,40,40,17,0.015083551,Podocytes
CATTATGAGTGTTGCG-3,GARQ,D17,3,40,40,0,0.17523026,Myeloid Cells
CATTCATTCACACAGT-1,GARQ,D17,3,40,40,38,0.061903715,Tumor (Neuronal-like)
CATTCCTCAAGACTCC-4,GARQ,D17,3,40,40,5,0.09042227,Tumor Epithelial
CATTCCTCACTCGCTC-2,GARQ,D17,3,40,40,12,0.1373229,Proximal Tubule
CATTGCGAGGTAACGA-4,GARQ,D17,3,40,40,5,0.10428488,Tumor Epithelial
CATTGTAAGTTTGGTA-2,GARQ,D17,3,40,40,33,0.02996111,Proximal Tubule
CATTTGTTCCATAAGC-3,GARQ,D17,3,40,40,8,0.009739518,Proximal Tubule
CATTTGTTCTTACTCG-2,GARQ,D17,3,40,40,12,0.03691864,Podocytes
CCAAACCCATGGCCTG-2,GARQ,D17,3,40,40,35,0.07696617,Proximal Tubule
CCAAACTAGGGATGAC-3,GARQ,D17,3,40,40,10,0.014244556,Tumor Epithelial
CCAACCAAGCTGAGGG-3,GARQ,D17,3,40,40,5,0.15554845,Low Quality / Dying
CCAACCCGTTTGGCGG-3,GARQ,D17,3,40,40,23,0.10476434,Proximal Tubule
CCAAGGCTCCCTGTTA-1,GARQ,D17,3,40,40,5,0.013809562,Low Quality / Dying
CCAAGGCTCCGCCAAA-3,GARQ,D17,3,40,40,15,0.014086008,Stressed Tumor (p53+)
CCAAGGCTCGGGACCT-1,GARQ,D17,3,40,40,4,0.8225558,Myeloid Cells
CCAAGTTAGCTAATCA-4,GARQ,D17,3,40,40,5,0.06696415,Tumor Epithelial
CCAAGTTAGGAACGCG-4,GARQ,D17,3,40,40,5,0.041373253,Tumor Epithelial
CCACAATAGACAAGTG-1,GARQ,D17,3,40,40,21,0.11426771,Low Quality / Dying
CCACAATAGGTTTACA-3,GARQ,D17,3,40,40,17,0.00724262,Podocytes
CCACAGGGTACTGATG-4,GARQ,D17,3,40,40,10,0.07534075,Tumor Epithelial
CCAGCCTGTCCTAAGA-2,GARQ,D17,3,40,40,12,0.14863586,Proximal Tubule
CCAGCCTGTTTGAGGC-2,GARQ,D17,3,40,40,24,0.13739395,Proximal Tubule
CCAGCTAAGCTATTAG-2,GARQ,D17,3,40,40,12,0.015025318,Podocytes
CCAGCTAAGGGACTAA-3,GARQ,D17,3,40,40,16,0.06427896,Proximal Tubule
CCAGCTGCAGATTCAT-3,GARQ,D17,3,40,40,18,0.03861189,Stressed Tumor (p53+)
CCAGCTGCAGGAACCA-2,GARQ,D17,3,40,40,36,0.026083827,Proximal Tubule
CCAGGAACATTATGCG-4,GARQ,D17,3,40,40,37,0.16216934,Tumor Epithelial
CCAGGATGTGTTGTGA-1,GARQ,D17,3,40,40,7,0.008705616,Tumor (Neuronal-like)
CCAGGATGTTTACTTG-3,GARQ,D17,3,40,40,7,0.036069393,Low Quality / Dying
CCATAAATCAAGTGTC-3,GARQ,D17,3,40,40,16,0.0032685995,Low Quality / Dying
CCATAAATCACTCGCT-1,GARQ,D17,3,40,40,15,3.1471252e-05,Podocytes
CCATCACTCCCTCGCA-4,GARQ,D17,3,40,40,7,0.0157336,Tumor Epithelial
CCATCACTCGAAGTGA-3,GARQ,D17,3,40,40,34,0.053334713,Proximal Tubule
CCATTATTCATGCATA-1,GARQ,D17,3,40,40,10,0.0375821,Tumor Epithelial
CCATTATTCGCTTCTA-2,GARQ,D17,3,40,40,15,0.033842683,Proximal Tubule
CCATTGTGTCGTTACT-1,GARQ,D17,3,40,40,21,0.03951323,Stressed Tumor (p53+)
CCATTGTGTTAGGATT-2,GARQ,D17,3,40,40,34,0.068127334,Proximal Tubule
CCATTGTGTTATAGCG-2,GARQ,D17,3,40,40,24,0.14594316,Proximal Tubule
CCATTGTGTTGTCATC-1,GARQ,D17,3,40,40,32,0.03194034,Endothelial Cells
CCCAAATAGGGCTAAA-1,GARQ,D17,3,40,40,4,0.8155331,Myeloid Cells
CCCAATTGTACTTCAC-1,GARQ,D17,3,40,40,21,0.011242747,Tumor (Neuronal-like)
CCCAATTGTAGGATTT-4,GARQ,D17,3,40,40,10,0.030486822,Tumor Epithelial
CCCAGTTTCAAACCTA-3,GARQ,D17,3,40,40,25,0.013439834,Proximal Tubule
CCCAGTTTCCTAGTTT-3,GARQ,D17,3,40,40,2,0.03122449,Proximal Tubule
CCCAGTTTCGGTTAGT-2,GARQ,D17,3,40,40,24,0.08867931,Podocytes
CCCATAACACCCACCT-3,GARQ,D17,3,40,40,25,0.04361558,Proximal Tubule
CCCGCTTCAGTTATCG-3,GARQ,D17,3,40,40,15,0.12447834,Proximal Tubule
CCCGTAAAGCTCAATA-2,GARQ,D17,3,40,40,24,0.20639455,Proximal Tubule
CCCGTTGTCCTTGAGG-3,GARQ,D17,3,40,40,7,0.011471391,Stressed Tumor (p53+)
CCCTAATGTTCAAGCA-3,GARQ,D17,3,40,40,24,0.031011343,Proximal Tubule
CCCTCACCAAGACTCC-2,GARQ,D17,3,40,40,24,0.0054237843,Proximal Tubule
CCCTCAGTCTAGCGTG-2,GARQ,D17,3,40,40,15,0.033471107,Podocytes
CCCTCATAGGGTTATC-3,GARQ,D17,3,40,40,24,0.15578103,Proximal Tubule
CCCTGGACAGCAAGTG-2,GARQ,D17,3,40,40,24,0.19699657,Proximal Tubule
CCCTGGACAGTAGGTG-3,GARQ,D17,3,40,40,15,0.15418291,Podocytes
CCCTTAATCTTAATGG-2,GARQ,D17,3,40,40,15,0.044296265,Stressed Tumor (p53+)
CCGACAGGTTGGATCA-2,GARQ,D17,3,40,40,0,0.11338723,Myeloid Cells
CCGACAGGTTGTTCAC-3,GARQ,D17,3,40,40,33,0.022257864,Proximal Tubule
CCGATGCAGACAGGTA-3,GARQ,D17,3,40,40,23,0.10128212,Proximal Tubule
CCGATGCAGTGATTCA-2,GARQ,D17,3,40,40,24,0.10863042,Proximal Tubule
CCGCAAATCCCTGATC-4,GARQ,D17,3,40,40,3,0.0867002,Tumor Epithelial
CCGCAAATCCGCAAGC-1,GARQ,D17,3,40,40,7,0.051981688,Tumor Epithelial
CCGCAAATCCTTAAGA-3,GARQ,D17,3,40,40,24,0.018423557,Low Quality / Dying
CCGCACACAGCTTAGC-2,GARQ,D17,3,40,40,35,0.010658979,Proximal Tubule
CCGCCAACAGCTACGT-3,GARQ,D17,3,40,40,33,0.0050760508,Proximal Tubule
CCGCCAACATAGCGAG-2,GARQ,D17,3,40,40,12,0.18307364,Stressed Tumor (p53+)
CCGCCAACATGTCGCG-2,GARQ,D17,3,40,40,24,0.14699626,Proximal Tubule
CCGCTAAAGGAAGCAC-3,GARQ,D17,3,40,40,15,0.003311038,Podocytes
CCGCTAAAGTGGCGGA-1,GARQ,D17,3,40,40,10,0.03293562,Low Quality / Dying
CCGCTTAGTAATCGCA-3,GARQ,D17,3,40,40,21,0.012373924,Proximal Tubule
CCGTTAACACCACAAC-2,GARQ,D17,3,40,40,25,0.028720617,Myeloid Cells
CCGTTACTCTAAGTCA-4,GARQ,D17,3,40,40,5,0.16928232,Tumor Epithelial
CCGTTATGTTGACTTC-4,GARQ,D17,3,40,40,7,0.02842331,Tumor Epithelial
CCTAAAGGTGTTTGTC-2,GARQ,D17,3,40,40,24,0.04664445,Proximal Tubule
CCTAAATCACAAGCCT-2,GARQ,D17,3,40,40,35,0.0766809,Podocytes
CCTAAGCCACTAAATC-1,GARQ,D17,3,40,40,19,0.0064545274,Stressed Tumor (p53+)
CCTAAGCCATGACTAT-4,GARQ,D17,3,40,40,5,0.21274018,Tumor Epithelial
CCTAAGTAGGTCTTGG-2,GARQ,D17,3,40,40,4,0.25208002,Myeloid Cells
CCTAATAAGCAAGATG-3,GARQ,D17,3,40,40,24,0.045814037,Proximal Tubule
CCTAATCGTTTGGGCG-1,GARQ,D17,3,40,40,15,0.0702821,Tumor (Neuronal-like)
CCTACTTCATAACGGG-3,GARQ,D17,3,40,40,25,0.013130307,Proximal Tubule
CCTATAGCAATTGAAG-3,GARQ,D17,3,40,40,24,0.14601421,Proximal Tubule
CCTATATTCTGTAATG-2,GARQ,D17,3,40,40,12,0.12822616,Proximal Tubule
CCTATATTCTTGCAGG-2,GARQ,D17,3,40,40,24,0.010066509,Proximal Tubule
CCTATTGTCTTAGTGA-3,GARQ,D17,3,40,40,15,0.17904806,Stressed Tumor (p53+)
CCTCAAACATTGTCAG-3,GARQ,D17,3,40,40,16,0.026779532,Low Quality / Dying
CCTCCTCTCAAATCGC-2,GARQ,D17,3,40,40,26,0.027328014,Podocytes
CCTCCTCTCCTCACAC-4,GARQ,D17,3,40,40,10,0.028538346,Tumor Epithelial
CCTGAGTCAGCAGGTA-2,GARQ,D17,3,40,40,24,0.19886136,Proximal Tubule
CCTGAGTCATCAGTAT-3,GARQ,D17,3,40,40,24,0.014836073,Proximal Tubule
CCTGCTCCATAATCCG-1,GARQ,D17,3,40,40,24,0.05384779,Stressed Tumor (p53+)
CCTGGATCAACTCGCG-2,GARQ,D17,3,40,40,24,0.008265376,Proximal Tubule
CCTGGATCAGGCTTGT-4,GARQ,D17,3,40,40,10,0.06555998,Tumor Epithelial
CCTGGTAAGAGCCGCT-3,GARQ,D17,3,40,40,36,0.13973647,Proximal Tubule
CCTGTATGTGATGAAA-2,GARQ,D17,3,40,40,33,0.0011285543,Proximal Tubule
CCTGTATGTTACTTGC-2,GARQ,D17,3,40,40,8,0.035995245,Proximal Tubule
CCTGTTGGTACGTTTC-3,GARQ,D17,3,40,40,24,0.16137278,Podocytes
CCTTACTCAAGGTGCA-3,GARQ,D17,3,40,40,10,0.008384824,Stressed Tumor (p53+)
CCTTACTCAGTCTAGC-4,GARQ,D17,3,40,40,10,0.015835524,Tumor Epithelial
CCTTACTCAGTGAACG-2,GARQ,D17,3,40,40,12,0.05980444,Proximal Tubule
CCTTACTCATTGTGAT-4,GARQ,D17,3,40,40,0,0.0001885891,Tumor Epithelial
CCTTATGTCAGCATTA-3,GARQ,D17,3,40,40,15,0.11852598,Proximal Tubule
CCTTATGTCAGGCTAT-3,GARQ,D17,3,40,40,24,0.24818897,Injured PT-like
CCTTATGTCATTGACA-4,GARQ,D17,3,40,40,37,0.22770315,Tumor Epithelial
CCTTATGTCCGCCAAA-4,GARQ,D17,3,40,40,5,0.17406368,Tumor Epithelial
CCTTATGTCGTTCACC-2,GARQ,D17,3,40,40,24,0.039447427,Proximal Tubule
CCTTCAGGTGGACCTG-2,GARQ,D17,3,40,40,24,0.15859127,Proximal Tubule
CCTTCGTAGAACCTGT-2,GARQ,D17,3,40,40,20,0.28320932,Injured PT-like
CCTTCGTAGAAGGTGC-3,GARQ,D17,3,40,40,32,0.033375144,Podocytes
CCTTCGTAGCATGAAG-4,GARQ,D17,3,40,40,5,0.13795364,Tumor Epithelial
CCTTCGTAGGAAGTAT-2,GARQ,D17,3,40,40,24,0.04953718,Proximal Tubule
CCTTGCGTCGCTAAGT-4,GARQ,D17,3,40,40,10,0.027102709,Tumor Epithelial
CGAAATGAGCACTAAC-2,GARQ,D17,3,40,40,12,0.02196455,Proximal Tubule
CGAACAAAGGTCCACA-1,GARQ,D17,3,40,40,38,0.04617083,Tumor (Neuronal-like)
CGAACCGGTAGTTGGC-1,GARQ,D17,3,40,40,19,0.039159536,Tumor (Neuronal-like)
CGAACCGGTATTGTCC-1,GARQ,D17,3,40,40,10,0.0021561384,Stressed Tumor (p53+)
CGAACCGGTCTAACAG-4,GARQ,D17,3,40,40,5,0.13900077,Tumor Epithelial
CGAAGAATCCGGCTAA-1,GARQ,D17,3,40,40,38,0.0064059496,Tumor (Neuronal-like)
CGAAGAATCTCGCCTG-4,GARQ,D17,3,40,40,7,0.097372055,Myeloid Cells
CGAAGCGAGCTGGACC-2,GARQ,D17,3,40,40,15,0.06390345,Proximal Tubule
CGAAGGCCAAGTCGCT-3,GARQ,D17,3,40,40,15,0.051051795,Proximal Tubule
CGAAGGCCAGCATTAT-3,GARQ,D17,3,40,40,34,0.054730713,Proximal Tubule
CGAATATGTCAAAGAA-3,GARQ,D17,3,40,40,24,0.080928564,Proximal Tubule
CGAATATGTTACCGGG-4,GARQ,D17,3,40,40,5,0.043208003,Tumor Epithelial
CGACAAGCATCGCTCC-4,GARQ,D17,3,40,40,5,0.13599873,Tumor Epithelial
CGACCTGCATCCTAGA-3,GARQ,D17,3,40,40,15,0.10843754,Proximal Tubule
CGACTAAGTTTACCGT-4,GARQ,D17,3,40,40,5,0.05263424,Tumor Epithelial
CGAGCTGGTAAGCACC-4,GARQ,D17,3,40,40,5,0.13274038,Tumor Epithelial
CGAGCTGGTTCCATTA-4,GARQ,D17,3,40,40,3,0.032746434,Tumor (Neuronal-like)
CGAGGAAGTTAACACG-1,GARQ,D17,3,40,40,38,0.08129841,Proximal Tubule
CGAGGTGAGAGAGGCT-4,GARQ,D17,3,40,40,5,0.0693382,Mast Cells
CGAGTCGGTCGCAAAC-4,GARQ,D17,3,40,40,5,0.09865856,Tumor Epithelial
CGATATTCAATGAGGT-2,GARQ,D17,3,40,40,24,0.03672695,Podocytes
CGATATTCACTGGCCA-3,GARQ,D17,3,40,40,6,0.047954798,Proximal Tubule
CGATATTCAGCCTGCA-3,GARQ,D17,3,40,40,0,0.17867166,Myeloid Cells
CGATCCTTCAAGTGAG-2,GARQ,D17,3,40,40,35,0.0875355,Proximal Tubule
CGATCCTTCCTCCATA-3,GARQ,D17,3,40,40,13,0.035241753,Myeloid Cells
CGATGTCCAGCACGAA-4,GARQ,D17,3,40,40,4,0.01129353,Myeloid Cells
CGATTATCAACAACAA-1,GARQ,D17,3,40,40,19,0.03910333,Proximal Tubule
CGATTATCAATCTCTC-4,GARQ,D17,3,40,40,5,0.19170833,Tumor Epithelial
CGATTATCATGCTTAG-1,GARQ,D17,3,40,40,7,0.09475815,Mast Cells
CGATTCCTCATGACCG-3,GARQ,D17,3,40,40,24,0.08688152,Podocytes
CGATTGAGTAAAGCGG-3,GARQ,D17,3,40,40,24,0.06676257,Proximal Tubule
CGCAAATTCAATGTGC-1,GARQ,D17,3,40,40,4,0.5253181,Myeloid Cells
CGCAAATTCTCTAGCC-4,GARQ,D17,3,40,40,5,0.22574961,Tumor Epithelial
CGCAATGTCACCAATA-4,GARQ,D17,3,40,40,10,0.023493767,Tumor Epithelial
CGCAATGTCCCGCATT-1,GARQ,D17,3,40,40,4,0.5987241,Myeloid Cells
CGCAATGTCCTTGCAC-1,GARQ,D17,3,40,40,37,0.024043202,Mast Cells
CGCAATGTCTAATCCT-1,GARQ,D17,3,40,40,5,0.109660864,Podocytes
CGCAATTAGAGGGACT-2,GARQ,D17,3,40,40,11,0.12147015,Proximal Tubule
CGCAATTAGGTCAAAG-1,GARQ,D17,3,40,40,5,0.018908978,Tumor Epithelial
CGCAATTAGGTTTACA-3,GARQ,D17,3,40,40,25,0.038067937,Proximal Tubule
CGCACAATCTTGCATT-2,GARQ,D17,3,40,40,12,0.032309175,Proximal Tubule
CGCACACAGCTGGACC-2,GARQ,D17,3,40,40,24,0.035585165,Proximal Tubule
CGCACCACATAGACTT-3,GARQ,D17,3,40,40,16,0.012212753,Proximal Tubule
CGCATATAGTGCACGC-4,GARQ,D17,3,40,40,7,0.017623186,Tumor Epithelial
CGCATATAGTTAGGCT-2,GARQ,D17,3,40,40,24,0.10254753,Proximal Tubule
CGCATGATCCAAACAC-3,GARQ,D17,3,40,40,38,0.021793664,Proximal Tubule
CGCATGATCTTCAATC-2,GARQ,D17,3,40,40,24,0.05788231,Proximal Tubule
CGCATTACATAGCTTG-2,GARQ,D17,3,40,40,12,0.06080079,Proximal Tubule
CGCCAAATCACTAAGC-1,GARQ,D17,3,40,40,16,0.06965023,Tumor (Neuronal-like)
CGCCAAATCCTCACAC-4,GARQ,D17,3,40,40,3,0.09617996,Tumor Epithelial
CGCCACACACATTAAC-3,GARQ,D17,3,40,40,38,0.15926087,Podocytes
CGCCACACAGTTATCG-3,GARQ,D17,3,40,40,5,0.11403656,Low Quality / Dying
CGCCACACATTTGCTC-1,GARQ,D17,3,40,40,23,0.124993324,Tumor (Neuronal-like)
CGCGATTCATAAGCAA-4,GARQ,D17,3,40,40,5,0.031535506,Tumor Epithelial
CGCGGATTCACAGCGC-2,GARQ,D17,3,40,40,24,0.08879578,Proximal Tubule
CGCGGATTCCCGAAGC-3,GARQ,D17,3,40,40,33,0.17217582,Injured PT-like
CGCGGATTCCGTAAAC-4,GARQ,D17,3,40,40,6,0.020906568,Podocytes
CGCTAATAGTCCTTCA-1,GARQ,D17,3,40,40,38,0.004450798,Podocytes
CGCTACTTCAATCATG-4,GARQ,D17,3,40,40,0,0.0009790659,Tumor Epithelial
CGCTACTTCGATTTAG-2,GARQ,D17,3,40,40,35,0.027930379,Proximal Tubule
CGCTACTTCTTGAGGT-3,GARQ,D17,3,40,40,19,0.015230179,Proximal Tubule
CGCTATGAGCTTGCTC-1,GARQ,D17,3,40,40,5,0.03881097,Stressed Tumor (p53+)
CGCTATGAGTCATGCG-3,GARQ,D17,3,40,40,16,0.0745275,Stressed Tumor (p53+)
CGCTCCATCATGGCTG-4,GARQ,D17,3,40,40,5,0.119309425,Tumor Epithelial
CGCTCCATCCCTTGCG-2,GARQ,D17,3,40,40,24,0.06274569,Proximal Tubule
CGCTCCATCTCCTCAA-3,GARQ,D17,3,40,40,15,0.060071588,Low Quality / Dying
CGCTCCATCTTGAGGT-3,GARQ,D17,3,40,40,26,0.0076293945,Myeloid Cells
CGCTTACTCAATGACC-3,GARQ,D17,3,40,40,15,0.01632911,Podocytes
CGCTTACTCCACCTGT-2,GARQ,D17,3,40,40,35,0.00775522,Proximal Tubule
CGCTTCTAGACAGGTA-3,GARQ,D17,3,40,40,34,0.04589528,Proximal Tubule
CGCTTCTAGGAGCACG-2,GARQ,D17,3,40,40,12,0.13241673,Stressed Tumor (p53+)
CGCTTCTAGTAGGATG-3,GARQ,D17,3,40,40,15,0.052832842,Podocytes
CGCTTGCGTAAGCACC-4,GARQ,D17,3,40,40,5,0.22450745,Tumor Epithelial
CGCTTGCGTATACTGG-4,GARQ,D17,3,40,40,7,0.037151217,Tumor Epithelial
CGGAATCGTCAAGTAT-3,GARQ,D17,3,40,40,12,0.010135591,Proximal Tubule
CGGAATCGTCATCATC-2,GARQ,D17,3,40,40,24,0.069120646,Proximal Tubule
CGGACAACACATTGCA-3,GARQ,D17,3,40,40,15,0.064257026,Proximal Tubule
CGGACCTAGGATTGAG-2,GARQ,D17,3,40,40,15,0.09140408,Injured PT-like
CGGAGCAAGACAAACG-3,GARQ,D17,3,40,40,33,0.087020755,Proximal Tubule
CGGAGCAAGTTAGCTA-2,GARQ,D17,3,40,40,20,0.08885574,Proximal Tubule
CGGAGTCTCATTTGTC-3,GARQ,D17,3,40,40,34,0.0629065,Proximal Tubule
CGGATTAGTAATGGCC-4,GARQ,D17,3,40,40,5,0.10701287,Tumor Epithelial
CGGCAATGTCTAACCT-4,GARQ,D17,3,40,40,7,0.05909002,T Cells
CGGCAATGTGCATTAG-1,GARQ,D17,3,40,40,7,0.032951593,Low Quality / Dying
CGGCAATGTTGCGCGA-3,GARQ,D17,3,40,40,14,0.01680994,Proximal Tubule
CGGCCATAGGTCGAGG-3,GARQ,D17,3,40,40,2,0.13427043,Proximal Tubule
CGGCTAATCGTACCGA-2,GARQ,D17,3,40,40,25,0.033528447,Proximal Tubule
CGGCTCACACAACAAA-1,GARQ,D17,3,40,40,16,0.019854903,Podocytes
CGGCTCACAGCATGGA-4,GARQ,D17,3,40,40,5,0.20397043,Tumor Epithelial
CGGGTATGTCAAGTGC-2,GARQ,D17,3,40,40,35,0.064499855,Proximal Tubule
CGGGTATGTCACAGAC-2,GARQ,D17,3,40,40,12,0.17828703,Proximal Tubule
CGGGTATGTGACATAT-3,GARQ,D17,3,40,40,31,0.038428366,Stressed Tumor (p53+)
CGGGTCTAGGCGCTTA-2,GARQ,D17,3,40,40,15,0.06752038,Proximal Tubule
CGGTAACGTATTGTGG-2,GARQ,D17,3,40,40,12,0.043940187,Proximal Tubule
CGGTGAACATGTCAGC-1,GARQ,D17,3,40,40,38,0.046836436,Proximal Tubule
CGGTGAGAGGGCCACT-4,GARQ,D17,3,40,40,0,0.0041071177,Tumor Epithelial
CGGTTATAGGTCCGTA-3,GARQ,D17,3,40,40,8,0.008961737,Proximal Tubule
CGGTTATAGTTGTCCC-3,GARQ,D17,3,40,40,11,0.016872764,Proximal Tubule
CGGTTGGGTAACTACG-1,GARQ,D17,3,40,40,5,0.03603053,Tumor Epithelial
CGGTTGGGTTATGTGG-4,GARQ,D17,3,40,40,5,0.06795764,Tumor Epithelial
CGGTTTGAGCAGCTAT-4,GARQ,D17,3,40,40,5,0.1807239,Tumor Epithelial
CGTAACCCAGGAACCA-3,GARQ,D17,3,40,40,24,0.3080995,Proximal Tubule
CGTAACCCATTGTCCT-2,GARQ,D17,3,40,40,12,0.11451864,Stressed Tumor (p53+)
CGTAACTAGACAGGTA-1,GARQ,D17,3,40,40,4,0.3481678,Myeloid Cells
CGTAACTAGCAAGGGT-4,GARQ,D17,3,40,40,5,0.18702066,Tumor Epithelial
CGTAACTAGCCACAAT-4,GARQ,D17,3,40,40,7,0.11771059,Tumor Epithelial
CGTAACTAGTAGCTTA-2,GARQ,D17,3,40,40,24,0.004552841,Proximal Tubule
CGTAATGGTCCTTAGT-2,GARQ,D17,3,40,40,12,0.10747242,Proximal Tubule
CGTAATGGTGATTACG-4,GARQ,D17,3,40,40,10,0.119972944,Tumor Epithelial
CGTAGCGGTACGGTAC-3,GARQ,D17,3,40,40,15,0.09617782,Stressed Tumor (p53+)
CGTATTGCACCTGCTC-3,GARQ,D17,3,40,40,24,0.11114466,Proximal Tubule
CGTCAATAGCGATAGA-2,GARQ,D17,3,40,40,26,0.063982606,Proximal Tubule
CGTCAATAGCGGCTGT-2,GARQ,D17,3,40,40,12,0.066084385,Injured PT-like
CGTCATTGTGCTTTAC-2,GARQ,D17,3,40,40,15,0.002534151,Proximal Tubule
CGTCCTAGTGGATTGC-1,GARQ,D17,3,40,40,16,0.055926323,Tumor (Neuronal-like)
CGTCCTAGTTTAGCGA-3,GARQ,D17,3,40,40,15,0.061665177,Proximal Tubule
CGTGACATCATTAGGC-2,GARQ,D17,3,40,40,24,0.012842238,Proximal Tubule
CGTGACATCCTTGTTG-1,GARQ,D17,3,40,40,5,0.055390894,Injured PT-like
CGTGAGGAGACAGGTA-4,GARQ,D17,3,40,40,5,0.11917019,Tumor Epithelial
CGTGCACAGCATTTCT-2,GARQ,D17,3,40,40,33,0.036941588,Proximal Tubule
CGTGCTGCAAACCTAT-1,GARQ,D17,3,40,40,23,0.15621382,Tumor (Neuronal-like)
CGTGCTGCAAATTCGT-3,GARQ,D17,3,40,40,15,0.060313463,Proximal Tubule
CGTGCTTTCATCCTAT-3,GARQ,D17,3,40,40,24,0.046571136,Proximal Tubule
CGTGCTTTCTTGAGCG-3,GARQ,D17,3,40,40,15,0.020490408,Proximal Tubule
CGTGGTTCATAAGCAA-3,GARQ,D17,3,40,40,25,0.028486788,Proximal Tubule
CGTTAGGTCCTGGTCT-2,GARQ,D17,3,40,40,34,0.06784809,Stressed Tumor (p53+)
CGTTAGTAGCTCCTAC-1,GARQ,D17,3,40,40,10,0.057127476,Tumor (Neuronal-like)
CGTTAGTAGTTCCCGT-1,GARQ,D17,3,40,40,7,0.0430758,Podocytes
CGTTGCGCATGGAGGC-1,GARQ,D17,3,40,40,19,0.043851733,Tumor (Neuronal-like)
CGTTTGGAGTAGCGCC-4,GARQ,D17,3,40,40,10,0.035683513,Tumor Epithelial
CTAAATGTCCGCCTCA-1,GARQ,D17,3,40,40,5,0.14649189,Low Quality / Dying
CTAACCACATAAGGAC-4,GARQ,D17,3,40,40,5,0.08235812,Tumor Epithelial
CTAACCCTCCGCAACA-3,GARQ,D17,3,40,40,16,0.08269882,Podocytes
CTAAGGTTCATGGTTA-4,GARQ,D17,3,40,40,10,0.037626028,Tumor Epithelial
CTAAGTCAGAGGATAT-3,GARQ,D17,3,40,40,24,0.10245323,Proximal Tubule
CTAATCGCACTCAACA-4,GARQ,D17,3,40,40,37,0.17774844,Tumor Epithelial
CTAATCGCAGCATGAG-4,GARQ,D17,3,40,40,5,0.022142887,Tumor Epithelial
CTAATGTCACAACCTA-2,GARQ,D17,3,40,40,12,0.17205584,Proximal Tubule
CTAATGTCAGATTCAT-4,GARQ,D17,3,40,40,5,0.08331251,Tumor Epithelial
CTACAACAGCGGATTT-3,GARQ,D17,3,40,40,32,0.09827924,Proximal Tubule
CTACCGGCAACAACAA-4,GARQ,D17,3,40,40,7,0.012627363,Tumor Epithelial
CTACCTCAGCAAACCT-2,GARQ,D17,3,40,40,12,0.13760883,Proximal Tubule
CTACTAAAGGTCGAGG-2,GARQ,D17,3,40,40,24,0.021101832,Proximal Tubule
CTACTAAAGTATCGCG-3,GARQ,D17,3,40,40,25,0.011586189,Proximal Tubule
CTACTTAGTAAGCTTG-3,GARQ,D17,3,40,40,20,0.04502535,Podocytes
CTACTTAGTCATCCTG-2,GARQ,D17,3,40,40,35,0.00404346,Proximal Tubule
CTAGCGGGTACTTAGG-3,GARQ,D17,3,40,40,5,0.07789576,Proximal Tubule
CTAGCTGAGTGAGCAA-4,GARQ,D17,3,40,40,7,0.02876544,Tumor Epithelial
CTAGGCGGTAATTAGC-2,GARQ,D17,3,40,40,12,0.12987566,Proximal Tubule
CTAGTAATCATGGTGT-2,GARQ,D17,3,40,40,24,0.02950883,Proximal Tubule
CTAGTAATCCTGGTGA-1,GARQ,D17,3,40,40,38,0.21934617,Proximal Tubule
CTAGTAGGTCCTTAGT-4,GARQ,D17,3,40,40,37,0.06279153,Tumor Epithelial
CTAGTAGGTGTGCAAC-3,GARQ,D17,3,40,40,15,0.16473508,Proximal Tubule
CTAGTCGAGCTATATG-2,GARQ,D17,3,40,40,12,0.0053881407,Proximal Tubule
CTAGTGAGTTCATCTA-2,GARQ,D17,3,40,40,34,0.021901727,Proximal Tubule
CTAGTGAGTTGTAAAC-1,GARQ,D17,3,40,40,10,0.01652348,Low Quality / Dying
CTATAACCAGAGGGAG-1,GARQ,D17,3,40,40,21,0.19695783,Tumor (Neuronal-like)
CTATGACAGTAACCAC-4,GARQ,D17,3,40,40,5,0.030563831,Tumor Epithelial
CTATGAGGTTTGCGCC-3,GARQ,D17,3,40,40,15,0.13347685,Proximal Tubule
CTATGATCAGCCTAAC-1,GARQ,D17,3,40,40,4,0.5795761,Myeloid Cells
CTATGGCCACCCTCAC-1,GARQ,D17,3,40,40,7,0.09187037,Proximal Tubule
CTATGTTTCCTTGCAC-2,GARQ,D17,3,40,40,33,0.0037732124,Proximal Tubule
CTATTACTCCATAATG-2,GARQ,D17,3,40,40,26,0.016102135,Proximal Tubule
CTATTCAGTTGCACGG-2,GARQ,D17,3,40,40,24,0.30001783,Proximal Tubule
CTATTGAAGCACCACA-1,GARQ,D17,3,40,40,16,0.06276524,Tumor (Neuronal-like)
CTCAATAAGCTAATCA-2,GARQ,D17,3,40,40,24,0.01685369,Stressed Tumor (p53+)
CTCACACTCATTGCGG-3,GARQ,D17,3,40,40,15,0.07868767,Proximal Tubule
CTCACACTCGGCTAGC-2,GARQ,D17,3,40,40,25,0.017515182,Proximal Tubule
CTCAGGATCGCTAAAC-4,GARQ,D17,3,40,40,5,0.1570226,Tumor Epithelial
CTCATGCTCGATTCTT-2,GARQ,D17,3,40,40,15,0.05402875,Proximal Tubule
CTCATTTAGCGGATTT-1,GARQ,D17,3,40,40,25,0.025262535,Stressed Tumor (p53+)
CTCATTTAGCTGAGGG-3,GARQ,D17,3,40,40,24,0.029152632,Podocytes
CTCATTTAGGCTTAGT-3,GARQ,D17,3,40,40,15,0.13671839,Proximal Tubule
CTCATTTAGTGAGAGC-1,GARQ,D17,3,40,40,37,0.0043702126,Podocytes
CTCCAACTCAGGTCCA-2,GARQ,D17,3,40,40,12,0.0749383,Proximal Tubule
CTCCAACTCATAAGCC-2,GARQ,D17,3,40,40,25,0.08345485,Proximal Tubule
CTCCAACTCCATTACT-1,GARQ,D17,3,40,40,38,0.0061908364,Proximal Tubule
CTCCATCAGTTAGCCG-3,GARQ,D17,3,40,40,15,0.1381588,Proximal Tubule
CTCCGGACAGTAGGTG-2,GARQ,D17,3,40,40,20,0.08431202,Proximal Tubule
CTCCTAATCCCGCATT-3,GARQ,D17,3,40,40,30,0.17403483,Podocytes
CTCCTAATCCGCCAAA-4,GARQ,D17,3,40,40,7,0.04324913,Tumor Epithelial
CTCCTGAGTGATCAGC-2,GARQ,D17,3,40,40,12,0.10605264,Proximal Tubule
CTCGACAAGGTCCACA-1,GARQ,D17,3,40,40,4,0.07317546,Myeloid Cells
CTCTAAGCACCTGTAA-3,GARQ,D17,3,40,40,4,0.5434971,Myeloid Cells
CTCTAAGCATCATGTG-2,GARQ,D17,3,40,40,12,0.0077284575,Stressed Tumor (p53+)
CTCTATGTCACTAATG-3,GARQ,D17,3,40,40,26,0.057325482,Proximal Tubule
CTCTCACAGGTAAGCA-4,GARQ,D17,3,40,40,0,0.22951412,Myeloid Cells
CTCTCACAGTAACGGA-3,GARQ,D17,3,40,40,33,0.013748944,Proximal Tubule
CTCTGTTCATAACGGG-1,GARQ,D17,3,40,40,31,0.0037881136,Proximal Tubule
CTCTTGATCGTGCTAG-3,GARQ,D17,3,40,40,25,0.06014824,Proximal Tubule
CTGAAACTCACGCCAA-2,GARQ,D17,3,40,40,12,0.072327614,Proximal Tubule
CTGAAACTCCAATTAG-1,GARQ,D17,3,40,40,15,0.010038376,Tumor (Neuronal-like)
CTGAAACTCCACCTTA-1,GARQ,D17,3,40,40,10,0.009017229,Proximal Tubule
CTGACATAGGCTACTG-3,GARQ,D17,3,40,40,38,0.03932631,Proximal Tubule
CTGACCAAGGCACAGG-2,GARQ,D17,3,40,40,12,0.15076482,Proximal Tubule
CTGCTACTCAATGTGC-2,GARQ,D17,3,40,40,12,0.03684771,Proximal Tubule
CTGCTACTCGACAAAG-2,GARQ,D17,3,40,40,24,0.03876233,Low Quality / Dying
CTGCTATGTCCTTCAG-2,GARQ,D17,3,40,40,33,0.03496957,Proximal Tubule
CTGCTCCCATAATGTC-3,GARQ,D17,3,40,40,24,0.09738517,Podocytes
CTGGATGTCATTAGCA-3,GARQ,D17,3,40,40,24,0.06284654,Proximal Tubule
CTGGATGTCTAGCTAA-3,GARQ,D17,3,40,40,24,0.07467985,Proximal Tubule
CTGGCTAAGCCGCTTT-3,GARQ,D17,3,40,40,24,0.013520837,Proximal Tubule
CTGGTAAGTGCATTAG-2,GARQ,D17,3,40,40,24,0.08002186,Proximal Tubule
CTGGTAAGTGCGCATG-1,GARQ,D17,3,40,40,16,0.036202073,Tumor (Neuronal-like)
CTGGTAAGTTGCGCGA-1,GARQ,D17,3,40,40,5,0.15886372,Tumor (Neuronal-like)
CTGGTTACATGTCAAT-1,GARQ,D17,3,40,40,16,0.004555881,Tumor (Neuronal-like)
CTGGTTTGTCCCGAAG-3,GARQ,D17,3,40,40,15,0.18522048,Proximal Tubule
CTGTAACAGCCACAAT-2,GARQ,D17,3,40,40,24,0.01997912,Proximal Tubule
CTGTACCTCACCAATA-4,GARQ,D17,3,40,40,5,0.15792704,Tumor Epithelial
CTGTACCTCACCGGTA-1,GARQ,D17,3,40,40,38,0.20323086,Stressed Tumor (p53+)
CTGTATTTCATTACTC-4,GARQ,D17,3,40,40,5,0.14086938,Tumor Epithelial
CTGTATTTCTCTAGCC-4,GARQ,D17,3,40,40,5,0.061108112,Tumor Epithelial
CTGTTGGAGTGAAGTG-2,GARQ,D17,3,40,40,24,0.27647567,Proximal Tubule
CTTAACAAGGTTACGT-1,GARQ,D17,3,40,40,10,0.09803724,Stressed Tumor (p53+)
CTTACCGGTCAAAGGG-3,GARQ,D17,3,40,40,15,0.038347125,Proximal Tubule
CTTACCGGTGAATCGC-2,GARQ,D17,3,40,40,15,0.02876234,Proximal Tubule
CTTACCGGTTTGAGCA-4,GARQ,D17,3,40,40,7,0.046699762,Tumor Epithelial
CTTACTAGTATCTGGA-1,GARQ,D17,3,40,40,21,0.2558679,Tumor (Neuronal-like)
CTTACTAGTGCACGCA-3,GARQ,D17,3,40,40,4,0.44272685,Myeloid Cells
CTTAGGAGTGATGAAA-4,GARQ,D17,3,40,40,0,0.16577142,Myeloid Cells
CTTAGTTTCACCTGTC-3,GARQ,D17,3,40,40,1,0.013593435,Proximal Tubule
CTTAGTTTCGACAAAG-1,GARQ,D17,3,40,40,38,0.13386875,Tumor (Neuronal-like)
CTTAGTTTCGAGCAAA-2,GARQ,D17,3,40,40,36,0.0074561834,Proximal Tubule
CTTATGTTCAACAAGG-2,GARQ,D17,3,40,40,24,0.046411037,Proximal Tubule
CTTATGTTCCGCAAGC-1,GARQ,D17,3,40,40,10,0.0083909035,Podocytes
CTTATGTTCCTTGAGG-1,GARQ,D17,3,40,40,38,0.09982622,Proximal Tubule
CTTATTGGTACTTCAC-3,GARQ,D17,3,40,40,38,0.16309988,Proximal Tubule
CTTATTGGTTAAGCGC-1,GARQ,D17,3,40,40,19,0.037973046,Tumor (Neuronal-like)
CTTCAAGCAACCCTAA-4,GARQ,D17,3,40,40,0,0.060843587,Endothelial Cells
CTTCAAGCAATATACC-3,GARQ,D17,3,40,40,15,0.02313459,Injured PT-like
CTTCAATTCATAACCA-3,GARQ,D17,3,40,40,23,0.013026953,Proximal Tubule
CTTCACTCATTAAGTC-1,GARQ,D17,3,40,40,7,0.048914194,Low Quality / Dying
CTTCATCCATAGCGAG-2,GARQ,D17,3,40,40,15,0.022401094,Proximal Tubule
CTTCGCGTCCTAATGA-4,GARQ,D17,3,40,40,5,0.15698504,Tumor Epithelial
CTTCTAAGTAATCACG-2,GARQ,D17,3,40,40,25,0.050459027,Proximal Tubule
CTTCTAAGTTAAGCGC-2,GARQ,D17,3,40,40,24,0.07415724,Proximal Tubule
CTTCTCAAGCACAGCC-3,GARQ,D17,3,40,40,24,0.16058731,Proximal Tubule
CTTCTCAAGCTTAGCG-2,GARQ,D17,3,40,40,24,0.113937855,Proximal Tubule
CTTGAACAGTTAGCCG-3,GARQ,D17,3,40,40,2,0.102779746,Low Quality / Dying
CTTGCATGTCTCACTG-3,GARQ,D17,3,40,40,8,0.04336369,Injured PT-like
CTTGCATGTCTTGCAT-1,GARQ,D17,3,40,40,21,0.115296364,Proximal Tubule
CTTGCATGTTCAAGAT-4,GARQ,D17,3,40,40,7,0.045782685,Tumor Epithelial
CTTGCTCAGCCACATG-2,GARQ,D17,3,40,40,12,0.09320259,Proximal Tubule
CTTGCTCAGCGGATAA-3,GARQ,D17,3,40,40,23,0.06786704,Podocytes
CTTGGACCAAGCTTAT-4,GARQ,D17,3,40,40,10,0.033135056,Tumor Epithelial
CTTGGACCAGGTCCTG-1,GARQ,D17,3,40,40,16,0.12038255,Tumor (Neuronal-like)
CTTGTCCAGATAACCC-3,GARQ,D17,3,40,40,15,0.03955674,Injured PT-like
CTTGTCCAGATGCCTG-2,GARQ,D17,3,40,40,12,0.1299026,Podocytes
CTTGTCCAGGAAGTAT-3,GARQ,D17,3,40,40,24,0.08857989,Proximal Tubule
CTTGTCCAGTGACCTG-3,GARQ,D17,3,40,40,32,0.0212726,Tumor (Neuronal-like)
CTTGTTTAGACACCGC-1,GARQ,D17,3,40,40,10,0.059180737,Tumor (Neuronal-like)
CTTTAGGCAGCACGAA-1,GARQ,D17,3,40,40,7,0.057747364,T Cells
CTTTATGGTCTTTGAC-4,GARQ,D17,3,40,40,5,0.19926989,Tumor Epithelial
CTTTATGGTTGCACAA-2,GARQ,D17,3,40,40,24,0.11463833,Proximal Tubule
CTTTCTTGTAATCGTG-1,GARQ,D17,3,40,40,23,0.08066881,Tumor (Neuronal-like)
CTTTCTTGTTTACGTC-4,GARQ,D17,3,40,40,5,0.044524312,Tumor Epithelial
CTTTGAGCAACAACAA-2,GARQ,D17,3,40,40,12,0.10305643,Proximal Tubule
CTTTGAGCAGCTTAAT-2,GARQ,D17,3,40,40,12,0.083075285,Proximal Tubule
CTTTGGGAGTCAATTG-4,GARQ,D17,3,40,40,7,0.0035084486,Tumor Epithelial
CTTTGGTGTGTGTCCC-4,GARQ,D17,3,40,40,5,0.05400431,Tumor Epithelial
GAAACCCGTAGGATCC-3,GARQ,D17,3,40,40,21,0.124904394,Injured PT-like
GAAACCCGTCACACCC-3,GARQ,D17,3,40,40,34,0.046832085,Proximal Tubule
GAAACCCGTTTGGGCG-3,GARQ,D17,3,40,40,10,0.090910494,Low Quality / Dying
GAAAGCCAGGAACCGG-4,GARQ,D17,3,40,40,37,0.0024226904,Tumor Epithelial
GAAAGCCAGTTAGTTG-1,GARQ,D17,3,40,40,3,0.029787779,Low Quality / Dying
GAAAGGCTCATAGCCG-1,GARQ,D17,3,40,40,16,0.014956355,Tumor (Neuronal-like)
GAACCAAAGCATTAGC-1,GARQ,D17,3,40,40,17,0.0011017323,Podocytes
GAACCAAAGCCTGACA-2,GARQ,D17,3,40,40,9,0.02385059,Endothelial Cells
GAACCGCTCCACCTTA-1,GARQ,D17,3,40,40,5,0.2620648,Low Quality / Dying
GAACCTGTCAGTTCCC-4,GARQ,D17,3,40,40,5,0.031288028,Tumor Epithelial
GAACCTGTCCGGCTAA-1,GARQ,D17,3,40,40,17,0.028413475,Tumor (Neuronal-like)
GAACCTGTCTCAATTC-3,GARQ,D17,3,40,40,15,0.025660038,Proximal Tubule
GAACCTGTCTCTAGCC-3,GARQ,D17,3,40,40,23,0.14218599,Injured PT-like
GAACGAATCATCCACC-3,GARQ,D17,3,40,40,24,0.0067783594,Proximal Tubule
GAAGCTAAGCTCCCTG-3,GARQ,D17,3,40,40,24,0.31713462,Proximal Tubule
GAAGCTAAGGCTATGT-2,GARQ,D17,3,40,40,12,0.07159501,Podocytes
GAAGGCCCAGCAACCT-1,GARQ,D17,3,40,40,10,0.045325756,Podocytes
GAAGGCTAGCATCCAG-4,GARQ,D17,3,40,40,5,0.12798977,Tumor Epithelial
GAAGGCTAGGGATGCG-3,GARQ,D17,3,40,40,7,0.06920612,Podocytes
GAAGTAAGTTGAGGTC-4,GARQ,D17,3,40,40,5,0.26546395,Tumor Epithelial
GAAGTATAGAAGCTAG-4,GARQ,D17,3,40,40,7,0.09024322,Tumor Epithelial
GAAGTATAGACAAAGT-4,GARQ,D17,3,40,40,37,0.033836365,Tumor Epithelial
GAAGTATAGGAACGCG-4,GARQ,D17,3,40,40,7,0.057073116,Mast Cells
GAAGTCAAGTAGCCAT-3,GARQ,D17,3,40,40,15,0.008409262,Proximal Tubule
GAAGTGATCATGTGGT-4,GARQ,D17,3,40,40,7,0.107044935,Tumor Epithelial
GAAGTGATCCCTGGTT-4,GARQ,D17,3,40,40,7,0.084358215,Myeloid Cells
GAAGTGATCTAGCTAA-1,GARQ,D17,3,40,40,16,0.02302885,Stressed Tumor (p53+)
GACAATACAGAGGGAG-3,GARQ,D17,3,40,40,16,0.022727609,Tumor (Neuronal-like)
GACAATACATCCCGCT-3,GARQ,D17,3,40,40,4,0.6841459,Myeloid Cells
GACACCGGTACCGTTT-2,GARQ,D17,3,40,40,33,0.13606095,Proximal Tubule
GACACCGGTTCACCCA-4,GARQ,D17,3,40,40,10,0.05358863,Tumor Epithelial
GACATAGAGGGACTAA-2,GARQ,D17,3,40,40,24,0.10153711,Proximal Tubule
GACATTATCTGTAAGC-1,GARQ,D17,3,40,40,16,0.122672915,Tumor (Neuronal-like)
GACCGTTCAGGACACA-3,GARQ,D17,3,40,40,5,0.06508553,Low Quality / Dying
GACCTAAGTCATGCAA-4,GARQ,D17,3,40,40,5,0.023952961,Tumor Epithelial
GACCTAAGTTAGAGGG-2,GARQ,D17,3,40,40,12,0.10663569,Proximal Tubule
GACCTAGTCTAACCAA-3,GARQ,D17,3,40,40,15,0.094213724,Podocytes
GACCTCAAGACTCGCA-4,GARQ,D17,3,40,40,10,0.010951757,Tumor Epithelial
GACCTCAAGTTATCTC-4,GARQ,D17,3,40,40,7,0.031214714,Tumor Epithelial
GACCTGATCGCACAAT-2,GARQ,D17,3,40,40,12,0.02910018,Proximal Tubule
GACCTGATCTAATCAG-3,GARQ,D17,3,40,40,38,0.07008219,Low Quality / Dying
GACCTGCAGAGAGGAG-1,GARQ,D17,3,40,40,19,0.04467547,Proximal Tubule
GACCTGCAGTTTGAGC-1,GARQ,D17,3,40,40,5,0.13267326,Tumor (Neuronal-like)
GACCTTTGTTTACGTC-2,GARQ,D17,3,40,40,24,0.050340176,Proximal Tubule
GACGCAACAACCTGGT-4,GARQ,D17,3,40,40,10,0.09328401,Tumor (Neuronal-like)
GACGCAACAATGAAGC-1,GARQ,D17,3,40,40,16,0.06776017,Tumor (Neuronal-like)
GACGCAACACAGCCTG-2,GARQ,D17,3,40,40,11,0.029896498,Proximal Tubule
GACGCAACACTGACTA-4,GARQ,D17,3,40,40,5,0.095377564,Tumor Epithelial
GACGCCTAGCAAGGGT-3,GARQ,D17,3,40,40,22,0.024358869,Proximal Tubule
GACTAATGTCATGCAA-2,GARQ,D17,3,40,40,15,0.019459963,Proximal Tubule
GACTAATGTTAGAGCC-4,GARQ,D17,3,40,40,10,0.024912596,Tumor Epithelial
GACTTACAGTACCGCA-3,GARQ,D17,3,40,40,15,0.1085999,Proximal Tubule
GACTTGGTCGATTTGA-3,GARQ,D17,3,40,40,35,0.0021613836,Proximal Tubule
GAGAAACGTTAGCTGA-3,GARQ,D17,3,40,40,4,0.34576964,Myeloid Cells
GAGAAACGTTCGCTCA-1,GARQ,D17,3,40,40,7,0.12057805,Myeloid Cells
GAGAGGCGTTCGCTCA-4,GARQ,D17,3,40,40,5,0.13826847,Tumor Epithelial
GAGATAAGTGGACCTG-3,GARQ,D17,3,40,40,24,0.06652212,Proximal Tubule
GAGATAAGTTGTGACA-3,GARQ,D17,3,40,40,25,0.007286787,Proximal Tubule
GAGCAAATCCCTCAAC-2,GARQ,D17,3,40,40,33,0.16041589,Proximal Tubule
GAGCATGCAGGCTGTT-4,GARQ,D17,3,40,40,5,0.13427019,Tumor Epithelial
GAGCCACTCCGCAAAT-4,GARQ,D17,3,40,40,10,0.0042977333,Tumor Epithelial
GAGCCACTCTCGACCT-4,GARQ,D17,3,40,40,5,0.09266126,T Cells
GAGCCTTCATTAAGCT-3,GARQ,D17,3,40,40,12,0.059113026,Podocytes
GAGCGATAGTTTGCGG-1,GARQ,D17,3,40,40,10,0.079165936,Tumor (Neuronal-like)
GAGCGGTCAAACTAAG-1,GARQ,D17,3,40,40,16,0.026769757,Podocytes
GAGCTAGCAGAGAGCC-4,GARQ,D17,3,40,40,10,0.07830715,Tumor Epithelial
GAGCTGCTCGGCTAGC-4,GARQ,D17,3,40,40,7,0.04769075,Tumor Epithelial
GAGCTTGTCAGGATGA-1,GARQ,D17,3,40,40,17,0.11907405,Podocytes
GAGCTTGTCATTGCGG-3,GARQ,D17,3,40,40,23,0.07369733,Proximal Tubule
GAGCTTGTCGCTAAGT-1,GARQ,D17,3,40,40,16,0.007566333,Tumor (Neuronal-like)
GAGGAGGCAAGCTAAA-4,GARQ,D17,3,40,40,5,0.07268751,Tumor Epithelial
GAGGAGGCATAATCGT-3,GARQ,D17,3,40,40,25,0.009066701,Proximal Tubule
GAGGCAAGTCATGCAA-1,GARQ,D17,3,40,40,16,0.14665252,Tumor (Neuronal-like)
GAGGCAAGTGTAACCA-1,GARQ,D17,3,40,40,10,0.12153268,Tumor Epithelial
GAGGCAAGTTCTTTAG-1,GARQ,D17,3,40,40,16,0.02960658,Tumor (Neuronal-like)
GAGGCTACAGCATGGA-3,GARQ,D17,3,40,40,24,0.074627995,Proximal Tubule
GAGGCTACAGTATGTT-1,GARQ,D17,3,40,40,1,0.022702038,Tumor (Neuronal-like)
GAGGCTTGTACTTCAC-2,GARQ,D17,3,40,40,11,0.02176255,Proximal Tubule
GAGGCTTGTTAATCGG-3,GARQ,D17,3,40,40,15,0.12909377,Proximal Tubule
GAGGGAGCACTAAGAA-2,GARQ,D17,3,40,40,24,0.08719885,Proximal Tubule
GAGGTACAGCTGCACA-3,GARQ,D17,3,40,40,24,0.1752131,Podocytes
GAGGTACAGTAGCTTA-4,GARQ,D17,3,40,40,7,0.0733881,Tumor Epithelial
GAGGTTAAGCCTAACG-3,GARQ,D17,3,40,40,24,0.11375666,Proximal Tubule
GAGTCAAAGCTTAGCG-3,GARQ,D17,3,40,40,0,0.05462408,Myeloid Cells
GAGTCAAAGCTTCCCG-1,GARQ,D17,3,40,40,37,0.07358056,Stressed Tumor (p53+)
GAGTGATCAGCCAGTT-4,GARQ,D17,3,40,40,7,0.15550983,Tumor Epithelial
GAGTGTTTCCAGGTCA-4,GARQ,D17,3,40,40,5,0.11526322,Tumor Epithelial
GAGTTACTCAGGAAGC-1,GARQ,D17,3,40,40,5,0.04852414,Proximal Tubule
GAGTTACTCCGCAAGC-3,GARQ,D17,3,40,40,24,0.17982078,Podocytes
GAGTTACTCGTTAACA-3,GARQ,D17,3,40,40,23,0.068641186,Proximal Tubule
GAGTTGCGTATTTGCC-1,GARQ,D17,3,40,40,0,0.060922742,Tumor Epithelial
GAGTTGCGTGGGAACA-3,GARQ,D17,3,40,40,24,0.13274014,Low Quality / Dying
GAGTTTGGTTAGAGGG-1,GARQ,D17,3,40,40,19,0.007797122,Proximal Tubule
GATCAAGAGCGCAATT-3,GARQ,D17,3,40,40,15,0.06641531,Stressed Tumor (p53+)
GATCACTAGCATGTCG-4,GARQ,D17,3,40,40,5,0.17249322,Tumor Epithelial
GATCACTAGCCGCTTT-1,GARQ,D17,3,40,40,19,0.035730004,Tumor (Neuronal-like)
GATCACTAGCGAGTAA-3,GARQ,D17,3,40,40,15,0.10011411,Proximal Tubule
GATCACTAGGGCTTTG-4,GARQ,D17,3,40,40,5,0.10441589,Tumor Epithelial
GATCAGGCAAGCTTAT-1,GARQ,D17,3,40,40,38,0.0011950731,Proximal Tubule
GATCAGGCACTCGCTC-4,GARQ,D17,3,40,40,7,0.11374056,Tumor Epithelial
GATCCGTCACTTCATC-1,GARQ,D17,3,40,40,16,0.00788039,Stressed Tumor (p53+)
GATCGAGCACCTGCTC-2,GARQ,D17,3,40,40,24,0.022818804,Proximal Tubule
GATCGCTCAGTTTACG-4,GARQ,D17,3,40,40,7,0.009094477,Tumor Epithelial
GATGACTTCCTAACGG-4,GARQ,D17,3,40,40,5,0.081563234,Tumor Epithelial
GATGACTTCGGTAACT-1,GARQ,D17,3,40,40,10,0.027871251,Podocytes
GATGCAGCAATGCGCT-2,GARQ,D17,3,40,40,24,0.054193735,Proximal Tubule
GATGCAGCAGGCCTTG-2,GARQ,D17,3,40,40,26,0.07037461,Proximal Tubule
GATGCAGCAGGTTAAA-2,GARQ,D17,3,40,40,12,0.10836846,Podocytes
GATGCGACAATAACGA-1,GARQ,D17,3,40,40,21,0.07857007,Podocytes
GATGCGACAGGACCAA-2,GARQ,D17,3,40,40,4,0.70764613,Myeloid Cells
GATGCTTAGGACAACA-1,GARQ,D17,3,40,40,16,0.17226428,Tumor (Neuronal-like)
GATGGACAGTCAATCA-4,GARQ,D17,3,40,40,5,0.028085232,Tumor Epithelial
GATGGCTGTGGAAACG-2,GARQ,D17,3,40,40,12,0.06717914,Proximal Tubule
GATTACTCATTGTGGC-2,GARQ,D17,3,40,40,12,0.06303346,Stressed Tumor (p53+)
GATTAGCTCAGGATGA-2,GARQ,D17,3,40,40,12,0.12644637,Proximal Tubule
GATTAGCTCCTCAGCT-3,GARQ,D17,3,40,40,21,0.012275338,Proximal Tubule
GATTAGCTCGAGGTGG-2,GARQ,D17,3,40,40,12,0.08743298,Stressed Tumor (p53+)
GATTAGCTCTCCATGC-4,GARQ,D17,3,40,40,10,0.015527964,Tumor Epithelial
GATTAGTGTATTCGTC-4,GARQ,D17,3,40,40,3,0.00079262257,Myeloid Cells
GATTAGTGTCACCAAA-2,GARQ,D17,3,40,40,24,0.020502567,Proximal Tubule
GATTAGTGTCGACTAA-4,GARQ,D17,3,40,40,7,0.0010926723,Tumor Epithelial
GATTATGTCTGTTGCC-4,GARQ,D17,3,40,40,5,0.14873755,Tumor Epithelial
GATTCATCAATCCCTT-3,GARQ,D17,3,40,40,11,0.0026239157,Proximal Tubule
GATTCATCACCTGCCT-4,GARQ,D17,3,40,40,5,0.21789789,Tumor Epithelial
GATTCATCAGAGGCTA-4,GARQ,D17,3,40,40,5,0.05147338,Tumor Epithelial
GATTCATCAGTTAAAG-4,GARQ,D17,3,40,40,5,0.09932637,Tumor Epithelial
GATTCCTGTTCCGGGA-2,GARQ,D17,3,40,40,35,0.025960684,Proximal Tubule
GATTCGCCAGGCTACT-3,GARQ,D17,3,40,40,5,0.05396247,Proximal Tubule
GATTGCAGTTAGGCGT-4,GARQ,D17,3,40,40,7,0.048954844,Tumor Epithelial
GATTGGTTCACAAGCT-1,GARQ,D17,3,40,40,19,0.21921498,Tumor (Neuronal-like)
GATTGGTTCATGCTCC-1,GARQ,D17,3,40,40,21,0.24061143,Tumor (Neuronal-like)
GATTGTTCAGCATGAG-3,GARQ,D17,3,40,40,12,0.06468338,Stressed Tumor (p53+)
GATTTGCAGCATTATG-3,GARQ,D17,3,40,40,22,0.025976658,Proximal Tubule
GCAAACAAGTCATCCC-4,GARQ,D17,3,40,40,10,0.012331486,Tumor Epithelial
GCAAACTTCGGCCATA-3,GARQ,D17,3,40,40,15,0.07485199,Proximal Tubule
GCAACAGCAGGCTGTT-3,GARQ,D17,3,40,40,15,0.107948065,Proximal Tubule
GCAAGTGCAGGAATCG-2,GARQ,D17,3,40,40,24,0.10495353,Podocytes
GCAATAGAGCACGTTG-2,GARQ,D17,3,40,40,4,0.46245182,Myeloid Cells
GCAATAGAGCTGTCAG-3,GARQ,D17,3,40,40,24,0.11516833,Proximal Tubule
GCAATATGTACCAGGT-2,GARQ,D17,3,40,40,15,0.0046014786,Proximal Tubule
GCAATCTAGAGGGACT-2,GARQ,D17,3,40,40,15,0.021280527,Proximal Tubule
GCAATCTAGCTTAGTA-1,GARQ,D17,3,40,40,10,0.011654854,Low Quality / Dying
GCAATGAAGACACTTA-1,GARQ,D17,3,40,40,23,0.025889695,Tumor (Neuronal-like)
GCAATGTTCCAAATCA-4,GARQ,D17,3,40,40,7,0.04273653,Tumor Epithelial
GCACATTAGCGCTCAA-2,GARQ,D17,3,40,40,24,0.067944765,Podocytes
GCACATTAGTTATCTC-1,GARQ,D17,3,40,40,22,0.021202266,Tumor (Neuronal-like)
GCACCTAAGCTGGAAA-3,GARQ,D17,3,40,40,15,0.11051595,Proximal Tubule
GCACGAACAATTAGGA-1,GARQ,D17,3,40,40,10,0.09059906,Tumor (Neuronal-like)
GCACGAACACAACAGG-2,GARQ,D17,3,40,40,12,0.17976332,Stressed Tumor (p53+)
GCACGCTAGCTGTACG-2,GARQ,D17,3,40,40,26,0.027196646,Proximal Tubule
GCACGGTTCCTGAATA-2,GARQ,D17,3,40,40,24,0.20942104,Proximal Tubule
GCACTAAGTTTATCTG-1,GARQ,D17,3,40,40,16,0.051860392,Tumor (Neuronal-like)
GCACTTACAATGAGGT-1,GARQ,D17,3,40,40,23,0.10880089,Tumor (Neuronal-like)
GCAGCAACAATTAAGG-4,GARQ,D17,3,40,40,7,0.081406,Myeloid Cells
GCAGCAACAGTTTACG-4,GARQ,D17,3,40,40,7,0.06610882,Tumor Epithelial
GCAGGATAGACAAGTG-4,GARQ,D17,3,40,40,7,0.06473625,Endothelial Cells
GCAGGATAGCGGCTGT-3,GARQ,D17,3,40,40,19,0.128295,Podocytes
GCAGGCTTCAGCACGC-4,GARQ,D17,3,40,40,5,0.082012475,Tumor Epithelial
GCAGGCTTCAGGAAGC-1,GARQ,D17,3,40,40,16,0.012372375,Tumor (Neuronal-like)
GCAGGCTTCGCTTCTA-3,GARQ,D17,3,40,40,33,0.0074709654,Proximal Tubule
GCAGGTGAGCAGCTCA-2,GARQ,D17,3,40,40,24,0.16540956,Proximal Tubule
GCAGGTGAGTTAGTGC-1,GARQ,D17,3,40,40,21,0.0291304,Tumor (Neuronal-like)
GCAGGTTGTCGTAAAT-2,GARQ,D17,3,40,40,24,0.21013737,Proximal Tubule
GCATATATCGTTTCTG-1,GARQ,D17,3,40,40,10,0.06641114,Tumor (Neuronal-like)
GCATCCTTCCTAAATG-3,GARQ,D17,3,40,40,38,0.008092344,Stressed Tumor (p53+)
GCATGAGCATCAGCAC-3,GARQ,D17,3,40,40,23,0.062378287,Podocytes
GCATTGCCACTGACCG-1,GARQ,D17,3,40,40,15,0.021918416,Stressed Tumor (p53+)
GCATTGCCAGTTTGTG-3,GARQ,D17,3,40,40,24,0.055422425,Proximal Tubule
GCCAACATCATTTGTC-2,GARQ,D17,3,40,40,24,0.016059518,Proximal Tubule
GCCAATTAGCACCACA-3,GARQ,D17,3,40,40,31,0.064908266,Proximal Tubule
GCCACAATCAATGTCA-3,GARQ,D17,3,40,40,24,0.09943509,Proximal Tubule
GCCACAATCCTAAATG-4,GARQ,D17,3,40,40,7,0.09167957,Tumor Epithelial
GCCACTAAGGAGGCAT-2,GARQ,D17,3,40,40,24,0.26304078,Proximal Tubule
GCCAGGAAGGGCCATC-2,GARQ,D17,3,40,40,24,0.04675603,Proximal Tubule
GCCAGGAAGGGCCATC-3,GARQ,D17,3,40,40,16,0.060473263,Tumor (Neuronal-like)
GCCAGGAAGGTAGCTT-2,GARQ,D17,3,40,40,26,0.06820023,Proximal Tubule
GCCAGGTTCTTGCTAT-2,GARQ,D17,3,40,40,12,0.16011393,Proximal Tubule
GCCATGATCAGGGCCT-2,GARQ,D17,3,40,40,15,0.04091668,Proximal Tubule
GCCCATAAGCAGGTGG-4,GARQ,D17,3,40,40,5,0.089459896,Tumor Epithelial
GCCCATAAGTATTGTG-4,GARQ,D17,3,40,40,5,0.1524787,Tumor Epithelial
GCCTATTGTCAAAGAA-1,GARQ,D17,3,40,40,5,0.051073432,Low Quality / Dying
GCCTCAAAGGTGCGGA-1,GARQ,D17,3,40,40,7,0.05082822,Tumor Epithelial
GCCTCGACAGGTTAAA-4,GARQ,D17,3,40,40,7,0.058264017,Myeloid Cells
GCCTCGACAGTAATAG-2,GARQ,D17,3,40,40,24,0.11757946,Proximal Tubule
GCCTGACAGTAACGAG-4,GARQ,D17,3,40,40,7,0.016118407,Tumor Epithelial
GCCTGAGGTAGACAAA-3,GARQ,D17,3,40,40,24,0.3213706,Proximal Tubule
GCCTGAGGTTAACGAT-4,GARQ,D17,3,40,40,0,0.20714092,Myeloid Cells
GCCTGCTGTGCTTTAC-3,GARQ,D17,3,40,40,25,0.080485344,Proximal Tubule
GCCTGCTGTGTCACGG-1,GARQ,D17,3,40,40,16,0.07962108,Podocytes
GCCTTACTCCAAGTTA-1,GARQ,D17,3,40,40,24,0.05921209,Proximal Tubule
GCCTTACTCGGTTTCC-3,GARQ,D17,3,40,40,24,0.17353988,Proximal Tubule
GCCTTAGAGCATGTTA-1,GARQ,D17,3,40,40,0,0.08126938,Tumor Epithelial
GCCTTAGAGGAACGGT-3,GARQ,D17,3,40,40,12,0.054025054,Tumor (Neuronal-like)
GCCTTAGAGTAACTCA-1,GARQ,D17,3,40,40,7,0.030045748,Tumor Epithelial
GCCTTGCGTCACACCC-2,GARQ,D17,3,40,40,12,0.11031151,Stressed Tumor (p53+)
GCCTTGCGTCACGAAC-2,GARQ,D17,3,40,40,12,0.06900549,Proximal Tubule
GCCTTTATCATGCAAC-3,GARQ,D17,3,40,40,24,0.07690966,Podocytes
GCCTTTATCTCGCCTG-2,GARQ,D17,3,40,40,20,0.09030819,Podocytes
GCCTTTGGTCTCACTG-4,GARQ,D17,3,40,40,5,0.02510178,Tumor Epithelial
GCGAAGCCACCTCACC-2,GARQ,D17,3,40,40,24,0.061082482,Proximal Tubule
GCGAAGCCAGCAAGTG-4,GARQ,D17,3,40,40,0,0.013376832,Tumor Epithelial
GCGAGTGAGACAAGTG-1,GARQ,D17,3,40,40,7,0.06436217,Tumor (Neuronal-like)
GCGAGTGAGGGCCATC-1,GARQ,D17,3,40,40,21,0.047769308,Tumor (Neuronal-like)
GCGATATTCCGCAAGC-2,GARQ,D17,3,40,40,35,0.023126602,Proximal Tubule
GCGATATTCGCGCTAA-2,GARQ,D17,3,40,40,15,0.019829512,Proximal Tubule
GCGATTTAGAGAAGGG-1,GARQ,D17,3,40,40,10,0.0585562,Tumor Epithelial
GCGATTTAGTTAGCTA-4,GARQ,D17,3,40,40,7,0.09661555,Tumor Epithelial
GCGCGATTCTATTGTC-3,GARQ,D17,3,40,40,15,0.1262474,Proximal Tubule
GCGCTAGGTAATCGCA-3,GARQ,D17,3,40,40,36,0.09620297,Podocytes
GCGCTTGCAGGCTTCG-1,GARQ,D17,3,40,40,16,0.06477296,Tumor (Neuronal-like)
GCGCTTGCATCACTTC-1,GARQ,D17,3,40,40,16,0.07222551,Tumor (Neuronal-like)
GCGGAACCAACCCTAA-4,GARQ,D17,3,40,40,10,0.06220162,Tumor Epithelial
GCGGAACCAAGTGAAC-2,GARQ,D17,3,40,40,15,0.019545078,Proximal Tubule
GCGGAACCAATTAGGA-2,GARQ,D17,3,40,40,2,0.106732845,Proximal Tubule
GCGGATACAATTATGC-4,GARQ,D17,3,40,40,5,0.08248448,Tumor Epithelial
GCGGATACAGCTAACC-3,GARQ,D17,3,40,40,25,0.009920239,Tumor (Neuronal-like)
GCGGATACATAGACCC-2,GARQ,D17,3,40,40,26,0.096018314,Stressed Tumor (p53+)
GCTAACAGTGCCTCAC-1,GARQ,D17,3,40,40,0,0.02497387,Tumor Epithelial
GCTAAGAAGCTCCTAC-2,GARQ,D17,3,40,40,24,0.055723548,Proximal Tubule
GCTAAGAAGTTCCCAC-2,GARQ,D17,3,40,40,26,0.02399087,Stressed Tumor (p53+)
GCTAAGCGTAATTAGC-2,GARQ,D17,3,40,40,12,0.0750829,Podocytes
GCTAATATCATTACGA-1,GARQ,D17,3,40,40,7,0.0028264523,Podocytes
GCTAGCCAGATGGACA-4,GARQ,D17,3,40,40,7,0.068586946,Tumor Epithelial
GCTAGCCAGCCACAAT-4,GARQ,D17,3,40,40,5,0.081956625,Tumor Epithelial
GCTAGCCAGTAGGATG-2,GARQ,D17,3,40,40,33,0.06686616,Proximal Tubule
GCTAGCCAGTTGGCCA-3,GARQ,D17,3,40,40,4,0.098544955,Myeloid Cells
GCTAGCGGTTGAGGTC-3,GARQ,D17,3,40,40,24,0.03002572,Podocytes
GCTAGCTCATCCCGCT-2,GARQ,D17,3,40,40,24,0.032592297,Podocytes
GCTAGCTCATGAGTTT-3,GARQ,D17,3,40,40,16,0.006759882,Low Quality / Dying
GCTAGTGTCAGTTCCC-2,GARQ,D17,3,40,40,12,0.05080104,Proximal Tubule
GCTATAGGTCCGCTGT-4,GARQ,D17,3,40,40,5,0.3069048,Tumor Epithelial
GCTATAGGTTGTGATG-2,GARQ,D17,3,40,40,12,0.07815695,Proximal Tubule
GCTATCCTCCCTGTTA-1,GARQ,D17,3,40,40,38,0.050536633,Tumor (Neuronal-like)
GCTATCCTCGCGCTAA-3,GARQ,D17,3,40,40,15,0.050541043,Low Quality / Dying
GCTATCCTCTTGCTAT-4,GARQ,D17,3,40,40,3,0.019189835,Tumor Epithelial
GCTCAACCAGTTAGCC-3,GARQ,D17,3,40,40,11,0.006878674,Proximal Tubule
GCTCATTGTAGCTAGC-3,GARQ,D17,3,40,40,15,0.0833503,Proximal Tubule
GCTCATTGTGAGGTGA-2,GARQ,D17,3,40,40,24,0.0837419,Proximal Tubule
GCTCCTTAGCGGTTAT-1,GARQ,D17,3,40,40,38,0.050237954,Tumor (Neuronal-like)
GCTCCTTAGTGCACGC-2,GARQ,D17,3,40,40,24,0.27236128,Proximal Tubule
GCTCGATCAAGGGTTG-4,GARQ,D17,3,40,40,3,0.00015974045,Tumor Epithelial
GCTCGATCAGTTATCG-2,GARQ,D17,3,40,40,24,0.072873235,Proximal Tubule
GCTCTGGCAGTAGCCT-1,GARQ,D17,3,40,40,4,0.40544748,Myeloid Cells
GCTCTGTTCATCACTT-2,GARQ,D17,3,40,40,12,0.20638978,Proximal Tubule
GCTCTGTTCCGGCTAA-2,GARQ,D17,3,40,40,12,0.11352587,Proximal Tubule
GCTGACCAGCTGGACC-4,GARQ,D17,3,40,40,10,0.055888414,Mast Cells
GCTGACCAGGCGTAAA-2,GARQ,D17,3,40,40,24,0.27101493,Proximal Tubule
GCTGAGGAGGACCTTG-4,GARQ,D17,3,40,40,7,0.11885542,Myeloid Cells
GCTGCAATCCAACTGG-2,GARQ,D17,3,40,40,20,0.19724166,Podocytes
GCTGCAATCCTAATGA-4,GARQ,D17,3,40,40,5,0.14792252,Tumor Epithelial
GCTGCATCAGCCGCTA-3,GARQ,D17,3,40,40,24,0.05032587,Low Quality / Dying
GCTGGATGTTTACGTC-4,GARQ,D17,3,40,40,5,0.27395654,Tumor Epithelial
GCTGGTTCATGCAACC-2,GARQ,D17,3,40,40,12,0.018413782,Proximal Tubule
GCTGTACCAATACTGT-4,GARQ,D17,3,40,40,7,0.04837632,Tumor Epithelial
GCTGTACCATTGCGGT-3,GARQ,D17,3,40,40,24,0.05122459,Podocytes
GCTGTGATCTTGACCC-2,GARQ,D17,3,40,40,12,0.084177494,Proximal Tubule
GCTGTGCAGTCATCCC-3,GARQ,D17,3,40,40,12,0.10170841,Proximal Tubule
GCTTACCTCATGCATA-1,GARQ,D17,3,40,40,5,0.039850593,Tumor (Neuronal-like)
GCTTACCTCTAAGGAG-3,GARQ,D17,3,40,40,15,0.11503875,Podocytes
GCTTAGTAGCGATACT-4,GARQ,D17,3,40,40,5,0.09681225,Tumor Epithelial
GCTTAGTAGGCTGGCT-4,GARQ,D17,3,40,40,5,0.15023148,Tumor Epithelial
GCTTATCGTGATCAGC-2,GARQ,D17,3,40,40,26,0.03598565,Podocytes
GCTTCGCGTTCCAGGG-3,GARQ,D17,3,40,40,24,0.11865699,Low Quality / Dying
GCTTGACCACTGGCCA-1,GARQ,D17,3,40,40,29,0.061275005,Proximal Tubule
GCTTGACCATGTCAGC-4,GARQ,D17,3,40,40,37,0.0009689927,Tumor Epithelial
GCTTGTTGTCCAAGAC-4,GARQ,D17,3,40,40,5,0.1339041,Tumor Epithelial
GCTTTACGTGCTGTAA-1,GARQ,D17,3,40,40,7,0.0073930025,Podocytes
GCTTTATTCCAGGTCA-3,GARQ,D17,3,40,40,24,0.26464415,Proximal Tubule
GCTTTATTCGCTAGAT-4,GARQ,D17,3,40,40,7,0.023278594,Tumor Epithelial
GCTTTCATCCTGTTCA-1,GARQ,D17,3,40,40,7,0.108025074,Tumor Epithelial
GCTTTGTGTATTGTGG-2,GARQ,D17,3,40,40,34,0.063727856,Proximal Tubule
GGAAACTCATTAGCGC-3,GARQ,D17,3,40,40,12,0.10747659,Stressed Tumor (p53+)
GGAACAATCTTGTCCA-2,GARQ,D17,3,40,40,11,0.010222733,Proximal Tubule
GGAACCACATCGCTCC-4,GARQ,D17,3,40,40,5,0.08602774,Tumor Epithelial
GGAACCTGTGAAACAA-2,GARQ,D17,3,40,40,12,0.05472219,Podocytes
GGAACTAAGCTAAAGG-2,GARQ,D17,3,40,40,24,0.18294835,Proximal Tubule
GGAAGCTAGAACCTAC-4,GARQ,D17,3,40,40,10,0.013194084,Tumor Epithelial
GGAAGCTAGCACCACA-3,GARQ,D17,3,40,40,15,0.07987511,Proximal Tubule
GGAAGCTAGGACAACA-4,GARQ,D17,3,40,40,7,0.03815484,Tumor Epithelial
GGAAGCTAGGCTAATC-2,GARQ,D17,3,40,40,20,0.1597594,Stressed Tumor (p53+)
GGAAGTATCTAATTGG-4,GARQ,D17,3,40,40,0,0.023717642,Tumor Epithelial
GGAATCTTCCAGGGAG-3,GARQ,D17,3,40,40,16,0.0970152,Podocytes
GGACATAAGCAATAGG-4,GARQ,D17,3,40,40,37,0.12560213,Tumor Epithelial
GGACATAAGCGGATTT-4,GARQ,D17,3,40,40,5,0.07806337,Tumor Epithelial
GGACCTCAGATGCCTG-4,GARQ,D17,3,40,40,5,0.20251775,Tumor Epithelial
GGACGAAGTACTTCAC-2,GARQ,D17,3,40,40,24,0.28972125,Proximal Tubule
GGACGAAGTAGGTTAT-2,GARQ,D17,3,40,40,24,0.0077164173,Proximal Tubule
GGACGAAGTTGACTTC-3,GARQ,D17,3,40,40,36,0.0054399967,Proximal Tubule
GGACGAAGTTGCGGAT-2,GARQ,D17,3,40,40,33,0.014550924,Proximal Tubule
GGACTAAAGGGTTATC-1,GARQ,D17,3,40,40,10,0.06274593,Tumor Epithelial
GGACTAAAGTTATGTG-2,GARQ,D17,3,40,40,24,0.15762126,Proximal Tubule
GGAGCATAGCGGATTT-2,GARQ,D17,3,40,40,34,0.15567744,Proximal Tubule
GGAGCGATCAAACCGT-2,GARQ,D17,3,40,40,15,0.023893476,Proximal Tubule
GGAGCGATCCTCAGCT-2,GARQ,D17,3,40,40,24,0.17256045,Proximal Tubule
GGAGGTTAGTTAGACC-4,GARQ,D17,3,40,40,0,0.035578728,Tumor Epithelial
GGAGTCTGTGATGGCT-2,GARQ,D17,3,40,40,15,0.058007598,Proximal Tubule
GGATACTTCACCAATA-3,GARQ,D17,3,40,40,14,0.015929103,Proximal Tubule
GGATGAATCATTTGTC-4,GARQ,D17,3,40,40,5,0.20550609,Tumor Epithelial
GGATGTAAGAACAAGT-1,GARQ,D17,3,40,40,7,0.0153023,Tumor (Neuronal-like)
GGATTATGTCACACCC-3,GARQ,D17,3,40,40,10,0.058211803,Low Quality / Dying
GGATTATGTGAGCAAG-2,GARQ,D17,3,40,40,20,0.020358086,Injured PT-like
GGATTATGTGATGATT-3,GARQ,D17,3,40,40,15,0.01804161,Proximal Tubule
GGATTCAGTTAGGCTA-3,GARQ,D17,3,40,40,15,0.2901454,Proximal Tubule
GGATTTATCGAAGCGG-4,GARQ,D17,3,40,40,10,0.011061549,Tumor Epithelial
GGCAAATCAAAGCGGC-4,GARQ,D17,3,40,40,7,0.007384062,Tumor Epithelial
GGCAAATCACCGGTAT-3,GARQ,D17,3,40,40,24,0.13168871,Proximal Tubule
GGCATGGAGCCATCAG-2,GARQ,D17,3,40,40,12,0.0789547,Proximal Tubule
GGCATGGAGGGTGAAC-3,GARQ,D17,3,40,40,24,0.061797976,Proximal Tubule
GGCATTGTCCGTGACA-4,GARQ,D17,3,40,40,5,0.0072187185,Tumor Epithelial
GGCATTGTCGAAGTGA-3,GARQ,D17,3,40,40,36,0.10141212,Stressed Tumor (p53+)
GGCCAACTCAAAGGCA-3,GARQ,D17,3,40,40,24,0.12281728,Proximal Tubule
GGCCAACTCCGGGACT-1,GARQ,D17,3,40,40,24,0.0005053282,Tumor (Neuronal-like)
GGCCATCAGAATCTCA-2,GARQ,D17,3,40,40,24,0.21453953,Proximal Tubule
GGCCTAATCCGTCCAT-1,GARQ,D17,3,40,40,19,0.022337794,Low Quality / Dying
GGCCTCTGTAGCAGCT-4,GARQ,D17,3,40,40,10,0.0531559,Tumor Epithelial
GGCCTCTGTTGGATAT-4,GARQ,D17,3,40,40,7,0.0799911,Myeloid Cells
GGCCTTAAGACTTATG-4,GARQ,D17,3,40,40,7,0.08357549,Tumor Epithelial
GGCCTTCGTTACCTGT-1,GARQ,D17,3,40,40,19,0.02170813,Low Quality / Dying
GGCGATACAACTAGCC-3,GARQ,D17,3,40,40,15,0.18260503,Proximal Tubule
GGCGATACACTCAACA-4,GARQ,D17,3,40,40,5,0.08497965,Tumor Epithelial
GGCGCTAGTCAAAGGG-3,GARQ,D17,3,40,40,24,0.18471801,Proximal Tubule
GGCGCTAGTGCGCAAT-2,GARQ,D17,3,40,40,26,0.087872446,Proximal Tubule
GGCGGTAAGGCTGTCA-3,GARQ,D17,3,40,40,16,0.07614279,Proximal Tubule
GGCGGTAAGTCTTGAA-3,GARQ,D17,3,40,40,24,0.3060913,Proximal Tubule
GGCGGTTTCCCTGACT-2,GARQ,D17,3,40,40,12,0.14238274,Stressed Tumor (p53+)
GGCGGTTTCGTTATAG-3,GARQ,D17,3,40,40,24,0.23103452,Proximal Tubule
GGCGTTATCTCTAGCC-2,GARQ,D17,3,40,40,24,0.08861995,Podocytes
GGCTAGTGTGTTAAAC-3,GARQ,D17,3,40,40,16,0.10492611,Proximal Tubule
GGCTAGTGTTACGCGG-3,GARQ,D17,3,40,40,38,0.18826997,Podocytes
GGCTATGTCTAATCAG-2,GARQ,D17,3,40,40,26,0.05049181,Proximal Tubule
GGCTATTAGCACTTGG-3,GARQ,D17,3,40,40,24,0.11596358,Proximal Tubule
GGCTCAATCTGTTCAT-2,GARQ,D17,3,40,40,12,0.09432101,Proximal Tubule
GGCTCACAGCATGCAT-1,GARQ,D17,3,40,40,10,0.08603728,Tumor (Neuronal-like)
GGCTCACAGGTTTGCG-2,GARQ,D17,3,40,40,24,0.00737381,Proximal Tubule
GGCTCACAGTAAGAAC-2,GARQ,D17,3,40,40,24,0.12685609,Proximal Tubule
GGCTGGTTCGTTATAG-4,GARQ,D17,3,40,40,5,0.14306629,Tumor Epithelial
GGCTTAAGTGTCACGG-1,GARQ,D17,3,40,40,7,0.02352333,Podocytes
GGCTTAAGTTCGGTAA-3,GARQ,D17,3,40,40,21,0.100777924,Stressed Tumor (p53+)
GGCTTCAAGGGATGCG-1,GARQ,D17,3,40,40,5,0.095056474,Podocytes
GGGAGTAGTGATCAGC-2,GARQ,D17,3,40,40,12,0.19439995,Proximal Tubule
GGGATTAAGGAAGTAT-2,GARQ,D17,3,40,40,12,0.09073895,Proximal Tubule
GGGATTAAGGTCCTGA-4,GARQ,D17,3,40,40,5,0.12174678,Tumor Epithelial
GGGCAATAGGAACCAA-1,GARQ,D17,3,40,40,23,0.013320923,Stressed Tumor (p53+)
GGGCAATAGGCATGAA-4,GARQ,D17,3,40,40,5,0.11210275,Tumor Epithelial
GGGCAATAGGTCCTGA-1,GARQ,D17,3,40,40,17,0.009694934,Tumor (Neuronal-like)
GGGCATGAGCCATCAG-3,GARQ,D17,3,40,40,26,0.012814999,Proximal Tubule
GGGCATGAGCTCAAAC-1,GARQ,D17,3,40,40,7,0.0019983053,Stressed Tumor (p53+)
GGGCCTAGTTACAACG-4,GARQ,D17,3,40,40,5,0.24309349,Tumor Epithelial
GGGCGAATCGCACAAT-2,GARQ,D17,3,40,40,15,0.09978914,Proximal Tubule
GGGCTAACACAAAGCG-2,GARQ,D17,3,40,40,12,0.04763329,Proximal Tubule
GGGCTAACACTAGCGT-2,GARQ,D17,3,40,40,26,0.049803376,Podocytes
GGGCTAACAGCATGTC-1,GARQ,D17,3,40,40,10,0.046999693,Tumor (Neuronal-like)
GGGTATTTCATCCACC-2,GARQ,D17,3,40,40,15,0.01901865,Proximal Tubule
GGGTCAACAGTCTATG-3,GARQ,D17,3,40,40,38,0.07407361,Proximal Tubule
GGGTCACTCATTCATC-1,GARQ,D17,3,40,40,7,0.06052327,Proximal Tubule
GGGTGAAGTTACCGGG-4,GARQ,D17,3,40,40,5,0.10753918,Tumor Epithelial
GGGTGTTGTAACCACA-4,GARQ,D17,3,40,40,5,0.1433971,Tumor Epithelial
GGGTGTTGTTAGTACG-3,GARQ,D17,3,40,40,16,0.04699576,Stressed Tumor (p53+)
GGGTTATTCATGGTGT-4,GARQ,D17,3,40,40,5,0.086772084,Tumor Epithelial
GGGTTATTCGTAATCA-4,GARQ,D17,3,40,40,5,0.09280014,Tumor Epithelial
GGGTTTGTCTGGCTTC-1,GARQ,D17,3,40,40,37,0.034645498,Tumor Epithelial
GGTAACCGTGTTGCAA-2,GARQ,D17,3,40,40,24,0.009054661,Proximal Tubule
GGTAACTTCATTACTC-1,GARQ,D17,3,40,40,10,0.0522213,Stressed Tumor (p53+)
GGTAACTTCGTTATCT-4,GARQ,D17,3,40,40,5,0.08552837,Tumor Epithelial
GGTAACTTCTGTGAGT-2,GARQ,D17,3,40,40,33,0.17399073,Proximal Tubule
GGTAATTGTTTCCTCC-3,GARQ,D17,3,40,40,15,0.08548176,Proximal Tubule
GGTACCGGTTTAGCTC-3,GARQ,D17,3,40,40,24,0.033972025,Proximal Tubule
GGTACCGGTTTGCTGT-3,GARQ,D17,3,40,40,24,0.03131616,Proximal Tubule
GGTACTAGTAATCGCA-2,GARQ,D17,3,40,40,12,0.008671641,Podocytes
GGTAGGAGTGATCAGC-4,GARQ,D17,3,40,40,5,0.019025445,Tumor Epithelial
GGTATTGGTAGGTTTG-1,GARQ,D17,3,40,40,38,0.0653556,Tumor (Neuronal-like)
GGTATTTCAGCACGAA-2,GARQ,D17,3,40,40,20,0.08462703,Proximal Tubule
GGTCAAGCATATAACC-2,GARQ,D17,3,40,40,35,0.08178705,Proximal Tubule
GGTCAATTCTTAGCGG-1,GARQ,D17,3,40,40,6,0.04128766,Podocytes
GGTCAATTCTTCAATC-2,GARQ,D17,3,40,40,26,0.022382736,Podocytes
GGTCAGGAGACAAGTG-3,GARQ,D17,3,40,40,20,0.04398787,Podocytes
GGTCATTAGCTTCTCA-4,GARQ,D17,3,40,40,7,0.06441623,Myeloid Cells
GGTCCATCAAATGCCC-3,GARQ,D17,3,40,40,31,0.026874065,Proximal Tubule
GGTCCGTAGCTATTAG-4,GARQ,D17,3,40,40,3,0.1374749,Tumor Epithelial
GGTCCGTAGGAGCACG-1,GARQ,D17,3,40,40,5,0.07047105,Tumor Epithelial
GGTCCTGCAACATAAG-4,GARQ,D17,3,40,40,7,0.032078505,Myeloid Cells
GGTCCTGCAGTTAGCC-2,GARQ,D17,3,40,40,12,0.27609897,Proximal Tubule
GGTCGGTTCAATCTCT-1,GARQ,D17,3,40,40,10,0.008852661,Tumor (Neuronal-like)
GGTCTTGAGAAGCTAG-4,GARQ,D17,3,40,40,3,0.10259032,Tumor Epithelial
GGTGAGCCATTGTGGC-1,GARQ,D17,3,40,40,32,0.03627312,Tumor (Neuronal-like)
GGTGAGTAGGGCTTTG-2,GARQ,D17,3,40,40,24,0.08169901,Proximal Tubule
GGTGAGTAGTATTGCA-2,GARQ,D17,3,40,40,24,0.018864155,Proximal Tubule
GGTGATTTCAGCATTA-2,GARQ,D17,3,40,40,24,0.04181397,Stressed Tumor (p53+)
GGTGCTTCATTGTGGC-3,GARQ,D17,3,40,40,26,0.0036802292,Proximal Tubule
GGTGTGACATTGTCAG-3,GARQ,D17,3,40,40,15,0.12455833,Proximal Tubule
GGTGTTGTCGCTATAA-4,GARQ,D17,3,40,40,7,0.045060992,Tumor Epithelial
GGTTACCCAAGGACCA-3,GARQ,D17,3,40,40,18,0.064533174,Injured PT-like
GGTTACCCATCGCTTT-1,GARQ,D17,3,40,40,38,0.106132865,Podocytes
GGTTACTAGTTAGCCG-2,GARQ,D17,3,40,40,12,0.10073054,Proximal Tubule
GGTTATGGTGTAACCA-3,GARQ,D17,3,40,40,4,0.49010015,Myeloid Cells
GGTTCTTGTACCCACC-1,GARQ,D17,3,40,40,16,0.015340328,Tumor (Neuronal-like)
GGTTGCATCGGTCAAT-1,GARQ,D17,3,40,40,10,0.019599438,Stressed Tumor (p53+)
GGTTGCGGTGGGTGAA-2,GARQ,D17,3,40,40,20,0.042422533,Proximal Tubule
GGTTTAATCAAGTGAG-1,GARQ,D17,3,40,40,26,0.02420497,Tumor (Neuronal-like)
GGTTTGTAGCTTAACA-1,GARQ,D17,3,40,40,3,0.113615215,Low Quality / Dying
GGTTTGTAGGCGGGTA-2,GARQ,D17,3,40,40,24,0.0110321045,Proximal Tubule
GTAAAGCCAATTAGCT-2,GARQ,D17,3,40,40,15,0.036222756,Proximal Tubule
GTAAAGCCATAGCTGC-3,GARQ,D17,3,40,40,19,0.1918503,Low Quality / Dying
GTAAGCTTCAATAGCC-3,GARQ,D17,3,40,40,32,0.02326262,Proximal Tubule
GTAAGGTCAAATATCC-2,GARQ,D17,3,40,40,34,0.01890564,Proximal Tubule
GTACAATGTGATGAAA-3,GARQ,D17,3,40,40,15,0.12573218,Proximal Tubule
GTACACCCACAGAAAC-3,GARQ,D17,3,40,40,29,0.010310054,Tumor (Neuronal-like)
GTACCGGGTTGGCGTG-1,GARQ,D17,3,40,40,23,0.13108343,Tumor (Neuronal-like)
GTACGTAGTGCTAGAC-2,GARQ,D17,3,40,40,25,0.04724449,Low Quality / Dying
GTACGTAGTGTAATAC-3,GARQ,D17,3,40,40,6,0.0107424855,Proximal Tubule
GTACGTAGTTACTAGG-3,GARQ,D17,3,40,40,15,0.040655613,Myeloid Cells
GTACGTAGTTACTTCA-3,GARQ,D17,3,40,40,24,0.03687823,Proximal Tubule
GTACTTCGTATTACCC-1,GARQ,D17,3,40,40,32,0.022471666,Stressed Tumor (p53+)
GTACTTCGTCGCAAAC-3,GARQ,D17,3,40,40,24,0.046802282,Proximal Tubule
GTAGCCATCATGCTCC-2,GARQ,D17,3,40,40,12,0.16110253,Proximal Tubule
GTAGCGCTCCTAATAG-2,GARQ,D17,3,40,40,25,0.0012749434,Proximal Tubule
GTAGCGCTCGATTTAG-1,GARQ,D17,3,40,40,31,0.12301457,Tumor (Neuronal-like)
GTAGCTGTCAATGTCA-2,GARQ,D17,3,40,40,24,0.39644527,Proximal Tubule
GTAGGATCAGAAATTG-1,GARQ,D17,3,40,40,5,0.175529,Tumor (Neuronal-like)
GTAGGTGCAACAGCCT-2,GARQ,D17,3,40,40,15,0.017144918,Proximal Tubule
GTAGGTGCAGCCTAAC-1,GARQ,D17,3,40,40,10,0.09075117,Tumor (Neuronal-like)
GTAGTTATCCCGCCTA-2,GARQ,D17,3,40,40,4,0.47325683,Myeloid Cells
GTAGTTATCGCAGGCT-3,GARQ,D17,3,40,40,16,0.015970469,Proximal Tubule
GTAGTTTCACAAAGGT-1,GARQ,D17,3,40,40,5,0.20913315,Low Quality / Dying
GTAGTTTCAGCCAGTT-4,GARQ,D17,3,40,40,5,0.20240939,Tumor Epithelial
GTAGTTTCATTGTGGC-4,GARQ,D17,3,40,40,37,0.22846597,Tumor Epithelial
GTATCGCCATAATCAC-2,GARQ,D17,3,40,40,24,0.055580616,Podocytes
GTATCGCCATCGCTTT-4,GARQ,D17,3,40,40,10,0.0065164566,Tumor Epithelial
GTATGTTCAATTGACT-4,GARQ,D17,3,40,40,7,0.055637598,Tumor Epithelial
GTATTCAAGAGGAAGG-3,GARQ,D17,3,40,40,21,0.17597693,Stressed Tumor (p53+)
GTATTCAAGCAAGGAC-2,GARQ,D17,3,40,40,32,0.016975641,Podocytes
GTATTCAAGTTGTCAA-1,GARQ,D17,3,40,40,16,0.12173009,Tumor (Neuronal-like)
GTATTGATCAAGCCTG-4,GARQ,D17,3,40,40,5,0.17556596,Tumor Epithelial
GTATTGATCCAATTAG-1,GARQ,D17,3,40,40,0,0.13433874,Myeloid Cells
GTATTGTCAGGCCTTG-2,GARQ,D17,3,40,40,24,0.11048806,Proximal Tubule
GTATTGTCATTGTTGG-3,GARQ,D17,3,40,40,24,0.11844373,Proximal Tubule
GTCATCCTCTCCTCAA-4,GARQ,D17,3,40,40,0,0.12945569,Endothelial Cells
GTCATGAGTATTTGGG-2,GARQ,D17,3,40,40,12,0.0849309,Podocytes
GTCATGCCAATGAAGC-3,GARQ,D17,3,40,40,25,0.06390512,Podocytes
GTCATGCCACTAAGTT-2,GARQ,D17,3,40,40,24,0.09409106,Proximal Tubule
GTCATGCCAGCAACAG-4,GARQ,D17,3,40,40,21,0.017170012,Tumor Epithelial
GTCATTAAGTGAGCAA-2,GARQ,D17,3,40,40,24,0.19084024,Proximal Tubule
GTCCGTAAGTTGCCTC-3,GARQ,D17,3,40,40,25,0.05768478,Proximal Tubule
GTCCTCAGTTGGTGAC-3,GARQ,D17,3,40,40,28,0.09233934,Proximal Tubule
GTCCTCCCAGGCATCT-2,GARQ,D17,3,40,40,33,0.055706263,Proximal Tubule
GTCGAAGCACAGAACG-1,GARQ,D17,3,40,40,23,0.0479663,Tumor (Neuronal-like)
GTCGAAGCAGCAAGTG-1,GARQ,D17,3,40,40,21,0.11776292,Tumor (Neuronal-like)
GTCGCAATCCACCCTG-2,GARQ,D17,3,40,40,12,0.21161199,Podocytes
GTCGGTTCAATTAGCT-4,GARQ,D17,3,40,40,10,0.027228951,Tumor Epithelial
GTCTAACAGAACCTGT-3,GARQ,D17,3,40,40,23,0.18077755,Podocytes
GTCTAATCACCATATG-2,GARQ,D17,3,40,40,24,0.023515463,Proximal Tubule
GTCTAATCATGGCCTG-1,GARQ,D17,3,40,40,6,0.016164541,Tumor (Neuronal-like)
GTCTAGCCAATCCTGA-3,GARQ,D17,3,40,40,15,0.16084623,Podocytes
GTCTAGCCAGTAGCCT-3,GARQ,D17,3,40,40,15,0.13449621,Proximal Tubule
GTCTAGCCATGCTATG-1,GARQ,D17,3,40,40,1,0.036865115,Tumor (Neuronal-like)
GTCTATGCAGTTTGTG-3,GARQ,D17,3,40,40,24,0.019972205,Low Quality / Dying
GTCTCACTCGTTCACC-3,GARQ,D17,3,40,40,15,0.14983511,Proximal Tubule
GTCTTTGTCTCACAAA-2,GARQ,D17,3,40,40,11,0.15350151,Proximal Tubule
GTGAACAAGCATGTTA-2,GARQ,D17,3,40,40,24,0.12649453,Injured PT-like
GTGAGCGAGCTTAGCG-2,GARQ,D17,3,40,40,33,0.02761805,Proximal Tubule
GTGAGGAGTGTTTGTC-3,GARQ,D17,3,40,40,24,0.09261572,Proximal Tubule
GTGATCAGTTGTTGCT-3,GARQ,D17,3,40,40,16,0.16178274,Proximal Tubule
GTGATCAGTTTGCTGT-2,GARQ,D17,3,40,40,36,0.01348865,Proximal Tubule
GTGCGCAGTCCTAACT-2,GARQ,D17,3,40,40,24,0.06300461,Proximal Tubule
GTGCGGTTCATAATCG-3,GARQ,D17,3,40,40,19,0.061159372,Low Quality / Dying
GTGCGGTTCATGGCTG-2,GARQ,D17,3,40,40,35,0.008268833,Proximal Tubule
GTGCGGTTCATTAGTG-1,GARQ,D17,3,40,40,10,0.08363247,Tumor (Neuronal-like)
GTGCTCCGTTAGCTGA-2,GARQ,D17,3,40,40,12,0.078933,Stressed Tumor (p53+)
GTGCTGATCGATCAGT-2,GARQ,D17,3,40,40,24,0.14231074,Proximal Tubule
GTGCTGGGTGAGACTC-2,GARQ,D17,3,40,40,24,0.10553396,Proximal Tubule
GTGCTTACATTGACAT-3,GARQ,D17,3,40,40,12,0.022074938,Proximal Tubule
GTGCTTCTCATTGTTC-3,GARQ,D17,3,40,40,32,0.011699796,Low Quality / Dying
GTGCTTCTCGCTAAAC-4,GARQ,D17,3,40,40,7,0.071531415,Tumor Epithelial
GTGGACACATGTCAGC-4,GARQ,D17,3,40,40,5,0.1237579,Podocytes
GTGGTTAGTAGCTGCG-3,GARQ,D17,3,40,40,25,0.04608488,Proximal Tubule
GTGTAACTCATTACGA-4,GARQ,D17,3,40,40,7,0.050370812,Tumor Epithelial
GTGTAACTCGCTATGG-2,GARQ,D17,3,40,40,24,0.019188106,Proximal Tubule
GTGTCCAAGGAATAAC-1,GARQ,D17,3,40,40,0,0.1327967,Myeloid Cells
GTGTGTTAGGTAAGCA-3,GARQ,D17,3,40,40,23,0.056365848,Proximal Tubule
GTGTGTTAGTTACCGG-1,GARQ,D17,3,40,40,16,0.028216362,Tumor (Neuronal-like)
GTGTTACAGCCTGTTC-4,GARQ,D17,3,40,40,5,0.14576936,Tumor Epithelial
GTTAAACGTAAGCACC-3,GARQ,D17,3,40,40,25,0.0035015345,Proximal Tubule
GTTAACCAGGAGCACG-2,GARQ,D17,3,40,40,24,0.16663623,Proximal Tubule
GTTAACCAGGAGCACG-3,GARQ,D17,3,40,40,15,0.18081343,Proximal Tubule
GTTAACGGTGATCAGC-2,GARQ,D17,3,40,40,33,0.156317,Proximal Tubule
GTTAAGCTCTTAGTGA-2,GARQ,D17,3,40,40,35,0.012285709,Proximal Tubule
GTTAAGTGTACGCGCA-3,GARQ,D17,3,40,40,24,0.09700978,Proximal Tubule
GTTAAGTGTCATGCAA-2,GARQ,D17,3,40,40,35,0.0010738969,Proximal Tubule
GTTAAGTGTTTCCTCC-2,GARQ,D17,3,40,40,24,0.12598062,Proximal Tubule
GTTAATGTCGTTTCGC-2,GARQ,D17,3,40,40,12,0.24248946,Podocytes
GTTAATGTCTCCATGC-2,GARQ,D17,3,40,40,33,0.02883768,Proximal Tubule
GTTACAGGTTTGCAGA-3,GARQ,D17,3,40,40,15,0.016845703,Proximal Tubule
GTTACCTGTGTGAGAG-1,GARQ,D17,3,40,40,23,0.033933282,Podocytes
GTTACGTAGCCTGTGA-4,GARQ,D17,3,40,40,7,0.012877941,Tumor Epithelial
GTTACGTAGTTATTCC-2,GARQ,D17,3,40,40,12,0.117754936,Proximal Tubule
GTTACTAAGAAACTGG-4,GARQ,D17,3,40,40,37,0.045697093,Tumor Epithelial
GTTACTAAGCTGAGGG-1,GARQ,D17,3,40,40,10,0.015333593,Tumor (Neuronal-like)
GTTACTCGTTTACGTC-1,GARQ,D17,3,40,40,38,0.05793488,Tumor (Neuronal-like)
GTTAGACTCCGTGACA-3,GARQ,D17,3,40,40,30,0.048056662,Proximal Tubule
GTTCATTTCATGTGGT-2,GARQ,D17,3,40,40,12,0.008429527,Podocytes
GTTCCTTCACTAAGCC-1,GARQ,D17,3,40,40,23,0.016976833,Tumor (Neuronal-like)
GTTCGCTTCATGAAGG-2,GARQ,D17,3,40,40,33,0.034255147,Proximal Tubule
GTTCTCATCTGTGAGT-4,GARQ,D17,3,40,40,10,0.023507535,Tumor Epithelial
GTTCTTGTCCCTCAAC-2,GARQ,D17,3,40,40,24,0.18707895,Proximal Tubule
GTTCTTGTCGTTTCGC-2,GARQ,D17,3,40,40,33,0.05300176,Proximal Tubule
GTTCTTGTCTGGCATG-4,GARQ,D17,3,40,40,7,0.020677805,Myeloid Cells
GTTGCATAGGTCGAGG-2,GARQ,D17,3,40,40,24,0.045842886,Proximal Tubule
GTTGCATAGTTCCTCA-2,GARQ,D17,3,40,40,33,0.008919477,Proximal Tubule
GTTGCCCGTAACCACA-1,GARQ,D17,3,40,40,4,0.51092565,Myeloid Cells
GTTGCGGGTTTGCGCC-1,GARQ,D17,3,40,40,5,0.018158615,Low Quality / Dying
GTTGCTGAGTTACCGG-2,GARQ,D17,3,40,40,12,0.06564629,Proximal Tubule
GTTGGCCAGCATTAGC-2,GARQ,D17,3,40,40,15,0.15733671,Proximal Tubule
GTTGGCCAGGTTTACA-4,GARQ,D17,3,40,40,5,0.035289288,Podocytes
GTTGGCCAGTTATTCC-1,GARQ,D17,3,40,40,16,0.13556492,Tumor (Neuronal-like)
GTTGGCGGTTCACCAT-2,GARQ,D17,3,40,40,12,0.12102735,Proximal Tubule
GTTGGCGGTTGTGACA-4,GARQ,D17,3,40,40,7,0.03421998,Tumor Epithelial
GTTGTGAGTGGTTATG-3,GARQ,D17,3,40,40,20,0.037059546,Podocytes
GTTGTGAGTTGTTCAC-2,GARQ,D17,3,40,40,33,0.09311366,Proximal Tubule
GTTGTTGCAGCATTAT-3,GARQ,D17,3,40,40,15,0.17085028,Proximal Tubule
GTTTATCTCTCAATGA-3,GARQ,D17,3,40,40,33,0.011179924,Proximal Tubule
GTTTCAGCATTCCTCG-2,GARQ,D17,3,40,40,24,0.07363498,Proximal Tubule
GTTTCTAGTAATCGCA-4,GARQ,D17,3,40,40,3,0.118718624,Tumor Epithelial
GTTTCTAGTCAAACTG-3,GARQ,D17,3,40,40,32,0.035351574,Podocytes
GTTTCTAGTCACGGAT-4,GARQ,D17,3,40,40,7,0.03781438,Tumor Epithelial
GTTTCTAGTGTTGTGA-4,GARQ,D17,3,40,40,0,0.1754036,Myeloid Cells
GTTTCTAGTTTGGGTA-4,GARQ,D17,3,40,40,10,0.02170229,Tumor Epithelial
GTTTGCTGTAAGCTTG-3,GARQ,D17,3,40,40,0,0.051552653,Low Quality / Dying
GTTTGTAAGGAGGACT-2,GARQ,D17,3,40,40,15,0.025203705,Proximal Tubule
GTTTGTAAGGCTAATC-3,GARQ,D17,3,40,40,23,0.011192083,Proximal Tubule
GTTTGTAAGGGATGAC-1,GARQ,D17,3,40,40,19,0.09402019,Stressed Tumor (p53+)
GTTTGTAAGTTGTCAA-1,GARQ,D17,3,40,40,5,0.23666668,Low Quality / Dying
GTTTGTTTCGTTAGCG-4,GARQ,D17,3,40,40,7,0.069701195,Tumor Epithelial
TAAAGCCTCATAGCCG-3,GARQ,D17,3,40,40,24,0.06454182,Proximal Tubule
TAACCAGGTGATGAAA-1,GARQ,D17,3,40,40,16,0.029380798,Podocytes
TAACCAGGTTACCGGG-4,GARQ,D17,3,40,40,5,0.18927348,Tumor Epithelial
TAACCAGGTTATCCTA-2,GARQ,D17,3,40,40,12,0.12107968,Podocytes
TAACCGGTCACGAATC-2,GARQ,D17,3,40,40,12,0.081300855,Proximal Tubule
TAACCGGTCACGAATC-4,GARQ,D17,3,40,40,5,0.19072556,Tumor Epithelial
TAACCGGTCCTTTACG-3,GARQ,D17,3,40,40,24,0.11779642,Podocytes
TAACCGGTCTAATCAG-2,GARQ,D17,3,40,40,12,0.11669409,Proximal Tubule
TAACCTAAGTTAGAGG-2,GARQ,D17,3,40,40,12,0.034147978,Proximal Tubule
TAAGCCAGTAACCTAG-2,GARQ,D17,3,40,40,24,0.17840946,Proximal Tubule
TAAGCCTAGGTCCAAT-2,GARQ,D17,3,40,40,25,0.013543248,Proximal Tubule
TAAGGCTTCGCAACAT-3,GARQ,D17,3,40,40,31,0.08117622,Proximal Tubule
TAATCCGCAATGAAGC-2,GARQ,D17,3,40,40,12,0.19274259,Podocytes
TAATGCATCAGGCTAT-4,GARQ,D17,3,40,40,5,0.12384617,Tumor Epithelial
TAATGGTGTCATAGAT-2,GARQ,D17,3,40,40,34,0.005599141,Proximal Tubule
TAATTGCCATTATGCG-2,GARQ,D17,3,40,40,24,0.08668363,Proximal Tubule
TACAAGCTCGCTAGTG-4,GARQ,D17,3,40,40,10,0.055761337,Tumor Epithelial
TACAATGTCCAAATCA-4,GARQ,D17,3,40,40,5,0.234797,Proximal Tubule
TACAGCTAGAAGCTAG-2,GARQ,D17,3,40,40,15,0.017617881,Proximal Tubule
TACAGCTAGCAAGATG-2,GARQ,D17,3,40,40,24,0.13835561,Proximal Tubule
TACAGGTTCCGGAACC-3,GARQ,D17,3,40,40,30,0.031112075,Proximal Tubule
TACATCAAGCTTGCTC-1,GARQ,D17,3,40,40,21,0.097988665,Stressed Tumor (p53+)
TACCAAATCTTGTCCA-4,GARQ,D17,3,40,40,5,0.15208292,Tumor Epithelial
TACCCGGCATTAAAGG-1,GARQ,D17,3,40,40,5,0.03403926,Tumor Epithelial
TACCGAAGTATGGTGC-1,GARQ,D17,3,40,40,4,0.48145545,Myeloid Cells
TACCGAAGTTGAGCCG-2,GARQ,D17,3,40,40,24,0.29667425,Proximal Tubule
TACCGCAAGACAACGA-2,GARQ,D17,3,40,40,0,0.16551208,Myeloid Cells
TACCGTTGTGGACCTG-3,GARQ,D17,3,40,40,38,0.0029351711,Proximal Tubule
TACCGTTGTTTAAAGC-1,GARQ,D17,3,40,40,38,0.06551844,Tumor (Neuronal-like)
TACCTCATCATGACCG-4,GARQ,D17,3,40,40,10,0.068056345,Tumor Epithelial
TACGCACCATGTTGTG-2,GARQ,D17,3,40,40,12,0.08185136,Stressed Tumor (p53+)
TACGCTTGTAGGTGTC-2,GARQ,D17,3,40,40,24,0.14922285,Proximal Tubule
TACGCTTGTTTACGTC-4,GARQ,D17,3,40,40,0,0.2326541,Myeloid Cells
TACGGATTCACGCGGT-1,GARQ,D17,3,40,40,16,0.06691551,Tumor (Neuronal-like)
TACGGATTCATCAGTA-4,GARQ,D17,3,40,40,7,0.039863586,Tumor Epithelial
TACGGATTCCAAGTGT-3,GARQ,D17,3,40,40,24,0.11285436,Tumor (Neuronal-like)
TACGGATTCTCGCCTG-1,GARQ,D17,3,40,40,24,0.04086566,Tumor (Neuronal-like)
TACGGTTAGTCAATCA-2,GARQ,D17,3,40,40,12,0.14952743,Proximal Tubule
TACGGTTAGTCACCAG-4,GARQ,D17,3,40,40,5,0.042641878,Tumor Epithelial
TACGGTTAGTTATCTC-3,GARQ,D17,3,40,40,36,0.03415382,Proximal Tubule
TACTAAGTCCCGTTGT-3,GARQ,D17,3,40,40,5,0.10436797,Proximal Tubule
TACTAAGTCTCGCCCA-3,GARQ,D17,3,40,40,15,0.09665799,Proximal Tubule
TACTCGCTCATCCTCA-1,GARQ,D17,3,40,40,24,0.02794677,Podocytes
TACTGCACACTGACCG-3,GARQ,D17,3,40,40,19,0.048238814,Low Quality / Dying
TACTGGCCACATTGCA-1,GARQ,D17,3,40,40,17,0.006093323,Tumor (Neuronal-like)
TACTGGCCACGTTACA-2,GARQ,D17,3,40,40,35,0.06763148,Proximal Tubule
TACTTCGTCCACCTGT-2,GARQ,D17,3,40,40,12,0.16473949,Proximal Tubule
TACTTCGTCCAGGTTG-3,GARQ,D17,3,40,40,38,0.028584838,Proximal Tubule
TACTTCGTCTTGTCCA-1,GARQ,D17,3,40,40,4,0.61161816,Myeloid Cells
TAGAGCCGTGGATGTC-1,GARQ,D17,3,40,40,21,0.09708619,Tumor (Neuronal-like)
TAGCAGGCAAGCTTAT-2,GARQ,D17,3,40,40,24,0.3569851,Proximal Tubule
TAGCAGGCACTATGGC-3,GARQ,D17,3,40,40,31,0.1387124,Proximal Tubule
TAGCAGGCATAATGTC-2,GARQ,D17,3,40,40,24,0.18309891,Podocytes
TAGCCTGAGCCTGAGC-1,GARQ,D17,3,40,40,16,0.035145283,Stressed Tumor (p53+)
TAGCCTTGTACGCGCA-4,GARQ,D17,3,40,40,5,0.060334444,Tumor Epithelial
TAGCGGACATGAATAG-2,GARQ,D17,3,40,40,24,0.197559,Podocytes
TAGCGGCTCCCGTTGT-1,GARQ,D17,3,40,40,5,0.05167097,Stressed Tumor (p53+)
TAGCGGCTCGTTTCCA-4,GARQ,D17,3,40,40,7,0.08646846,Tumor Epithelial
TAGCTAATCAGGAACA-2,GARQ,D17,3,40,40,12,0.01707995,Proximal Tubule
TAGCTAGGTTAAGTGT-2,GARQ,D17,3,40,40,12,0.16206467,Proximal Tubule
TAGCTAGGTTAGCTGA-1,GARQ,D17,3,40,40,5,0.013425469,Tumor Epithelial
TAGCTTGCAATTAGCT-2,GARQ,D17,3,40,40,0,0.089672804,Myeloid Cells
TAGGAACCAGCTAACC-1,GARQ,D17,3,40,40,5,0.08154583,Tumor Epithelial
TAGGAGGGTCACAAAT-2,GARQ,D17,3,40,40,12,0.08373004,Proximal Tubule
TAGGCTGTCTAATTGG-3,GARQ,D17,3,40,40,24,0.19718969,Podocytes
TAGGCTTAGTTTAACG-2,GARQ,D17,3,40,40,24,0.15542412,Proximal Tubule
TAGGTTATCAATGAGG-3,GARQ,D17,3,40,40,38,0.010376573,Proximal Tubule
TAGGTTGGTACGTTTC-4,GARQ,D17,3,40,40,7,0.095520735,Tumor Epithelial
TAGTAACGTGACATAT-3,GARQ,D17,3,40,40,18,0.0060866475,Podocytes
TAGTAACGTGCAACTA-2,GARQ,D17,3,40,40,36,0.015601754,Proximal Tubule
TAGTAAGCAAGTTATC-4,GARQ,D17,3,40,40,5,0.04672861,Tumor Epithelial
TAGTAAGCATAGTCAT-4,GARQ,D17,3,40,40,5,0.04998648,Tumor Epithelial
TAGTACGGTTGTTGCT-1,GARQ,D17,3,40,40,16,0.22745657,Tumor (Neuronal-like)
TAGTAGGAGAGAGCCG-3,GARQ,D17,3,40,40,10,0.020526052,Low Quality / Dying
TAGTCAATCAGCATTA-2,GARQ,D17,3,40,40,15,0.086224794,Proximal Tubule
TAGTCAATCTTTGTAC-1,GARQ,D17,3,40,40,5,0.13465714,Low Quality / Dying
TAGTGGCGTCTTTGAC-2,GARQ,D17,3,40,40,24,0.1464243,Proximal Tubule
TAGTGGCGTTCATTTG-2,GARQ,D17,3,40,40,12,0.08656168,Proximal Tubule
TAGTGGCGTTGTCATC-4,GARQ,D17,3,40,40,7,0.099986434,Tumor Epithelial
TAGTTGTCACAAGCCT-4,GARQ,D17,3,40,40,5,0.022342443,Tumor Epithelial
TAGTTGTCACGTAATT-1,GARQ,D17,3,40,40,1,0.043581247,Tumor (Neuronal-like)
TAGTTTGAGTAAGTCC-3,GARQ,D17,3,40,40,24,0.051110506,Proximal Tubule
TATAACCCATGGTTAT-2,GARQ,D17,3,40,40,33,0.20901108,Proximal Tubule
TATAGCCAGCACGATT-2,GARQ,D17,3,40,40,26,0.026688278,Proximal Tubule
TATAGCCAGGGTCTAT-2,GARQ,D17,3,40,40,33,0.052887797,Stressed Tumor (p53+)
TATAGCCAGTAGAGGC-4,GARQ,D17,3,40,40,0,0.024199963,Tumor Epithelial
TATATCCTCTTGCAAA-2,GARQ,D17,3,40,40,0,0.20586824,Myeloid Cells
TATCCAGCACCAGCAT-4,GARQ,D17,3,40,40,5,0.108146906,Tumor Epithelial
TATCCGGAGTGTGATC-3,GARQ,D17,3,40,40,24,0.1373918,Tumor (Neuronal-like)
TATCGAGGTCAAGTAT-2,GARQ,D17,3,40,40,12,0.14849162,Podocytes
TATCGCACACATAGCC-2,GARQ,D17,3,40,40,12,0.18901396,Podocytes
TATCGCGAGGCTTAGT-2,GARQ,D17,3,40,40,12,0.03527379,Proximal Tubule
TATCGCGAGTAACCAC-2,GARQ,D17,3,40,40,27,0.07150316,Proximal Tubule
TATCGCGAGTGAACGA-4,GARQ,D17,3,40,40,10,0.023245811,Tumor Epithelial
TATGAAGCAATGAATG-1,GARQ,D17,3,40,40,5,0.0127875805,Tumor Epithelial
TATGACATCAGCAAGA-3,GARQ,D17,3,40,40,15,0.15281606,Proximal Tubule
TATGACATCTTGTCCA-1,GARQ,D17,3,40,40,7,0.0068638325,Tumor (Neuronal-like)
TATGACTCATTAGGCC-4,GARQ,D17,3,40,40,0,0.04072374,Tumor Epithelial
TATGGGCGTAACGGGA-2,GARQ,D17,3,40,40,24,0.11385751,Proximal Tubule
TATGGGCGTGTTGCAA-1,GARQ,D17,3,40,40,14,0.003945887,Tumor (Neuronal-like)
TATGGTCAGGAGTCTT-3,GARQ,D17,3,40,40,24,0.18578434,Proximal Tubule
TATTAGCCAAGCTAAA-2,GARQ,D17,3,40,40,2,0.01887989,Proximal Tubule
TATTAGCCACAGGGAC-3,GARQ,D17,3,40,40,24,0.075537324,Proximal Tubule
TATTAGCCATCAGCAC-2,GARQ,D17,3,40,40,35,0.10790753,Proximal Tubule
TATTAGGTCTAGCGTG-1,GARQ,D17,3,40,40,5,0.002910018,Stressed Tumor (p53+)
TCAAACCAGGCGAAAC-1,GARQ,D17,3,40,40,16,0.19524527,Tumor (Neuronal-like)
TCAAGAACACTCGCTC-2,GARQ,D17,3,40,40,26,0.09711066,Proximal Tubule
TCAAGACTCACGTTAA-3,GARQ,D17,3,40,40,38,0.06275189,Injured PT-like
TCAAGACTCCGCTAGA-1,GARQ,D17,3,40,40,16,0.08950895,Tumor (Neuronal-like)
TCAAGCTAGCAGGTTT-2,GARQ,D17,3,40,40,24,0.0012698174,Proximal Tubule
TCAAGGTTCTAGCTTT-4,GARQ,D17,3,40,40,0,0.16179013,Myeloid Cells
TCAAGGTTCTCGACCT-2,GARQ,D17,3,40,40,24,0.04827082,Proximal Tubule
TCACCGGCAGCAACAG-3,GARQ,D17,3,40,40,24,0.11714935,Podocytes
TCACCGGCAGCATTAT-3,GARQ,D17,3,40,40,4,0.6152644,Myeloid Cells
TCACCTCAGGCTCATG-4,GARQ,D17,3,40,40,5,0.11985278,Tumor Epithelial
TCACCTCAGGTAAGGC-1,GARQ,D17,3,40,40,0,0.011853814,Endothelial Cells
TCACTGACAAAGCTAA-1,GARQ,D17,3,40,40,5,0.14647824,Stressed Tumor (p53+)
TCACTGACACTGGCTG-2,GARQ,D17,3,40,40,35,0.042735934,Proximal Tubule
TCAGCAAGTCACACCC-3,GARQ,D17,3,40,40,29,0.07877064,Proximal Tubule
TCAGGAGCATGCTTAG-1,GARQ,D17,3,40,40,10,0.059992313,Stressed Tumor (p53+)
TCAGGTCCATTAGCGC-3,GARQ,D17,3,40,40,15,0.11482942,Proximal Tubule
TCAGGTTAGGACCTTG-1,GARQ,D17,3,40,40,6,0.023195863,Stressed Tumor (p53+)
TCAGTGAGTCAACAAT-2,GARQ,D17,3,40,40,12,0.04363811,Proximal Tubule
TCATAACCACTGGCTG-3,GARQ,D17,3,40,40,26,0.023964047,Proximal Tubule
TCATACTTCGGGATTT-3,GARQ,D17,3,40,40,38,0.040115714,Proximal Tubule
TCATACTTCGTTAGCG-3,GARQ,D17,3,40,40,15,0.17695105,Proximal Tubule
TCATCCATCATTAGGC-2,GARQ,D17,3,40,40,24,0.14957416,Proximal Tubule
TCATCCATCCAAACAC-2,GARQ,D17,3,40,40,12,0.032173038,Proximal Tubule
TCATGAGGTGAATCGC-3,GARQ,D17,3,40,40,21,0.066447735,Proximal Tubule
TCATGAGGTTACAACG-4,GARQ,D17,3,40,40,37,0.000538826,Tumor Epithelial
TCATGTTTCATGTGGT-3,GARQ,D17,3,40,40,25,0.05393505,Proximal Tubule
TCATTACTCGTTATCT-4,GARQ,D17,3,40,40,5,0.053581715,Tumor Epithelial
TCATTGTTCATTGCGG-2,GARQ,D17,3,40,40,24,0.0790658,Proximal Tubule
TCATTGTTCTTGAGCG-4,GARQ,D17,3,40,40,5,0.16198874,Tumor Epithelial
TCATTTGGTTACGCGG-1,GARQ,D17,3,40,40,38,0.013580799,Proximal Tubule
TCATTTGGTTATCCGT-3,GARQ,D17,3,40,40,15,0.12809801,Proximal Tubule
TCCACAACACTGACTA-1,GARQ,D17,3,40,40,38,0.17304516,Proximal Tubule
TCCAGCAAGCTCAATA-2,GARQ,D17,3,40,40,24,0.2849028,Proximal Tubule
TCCAGGTCAATCCCTT-1,GARQ,D17,3,40,40,31,0.080289245,Tumor (Neuronal-like)
TCCAGGTCAGGTTCAC-4,GARQ,D17,3,40,40,7,0.124819756,Tumor Epithelial
TCCATAAAGCGGATTT-3,GARQ,D17,3,40,40,34,0.002519846,Proximal Tubule
TCCATATTCATTGCGG-3,GARQ,D17,3,40,40,24,0.1468913,Proximal Tubule
TCCATATTCCTAGTTT-1,GARQ,D17,3,40,40,6,0.006608069,Podocytes
TCCATCATCAGAAACG-4,GARQ,D17,3,40,40,3,0.016574621,Tumor Epithelial
TCCATGCTCAGGCCTA-3,GARQ,D17,3,40,40,19,0.034751058,Low Quality / Dying
TCCATGCTCGATATTG-3,GARQ,D17,3,40,40,24,0.006709695,Proximal Tubule
TCCCGGACAAACAACA-3,GARQ,D17,3,40,40,15,0.1751703,Proximal Tubule
TCCCGGACACTAAGCC-2,GARQ,D17,3,40,40,24,0.14468586,Proximal Tubule
TCCCGGACAGGCGAGT-3,GARQ,D17,3,40,40,24,0.090008736,Proximal Tubule
TCCCGGACAGTTAAAG-3,GARQ,D17,3,40,40,15,0.16689563,Proximal Tubule
TCCCTCACAATTTAGC-3,GARQ,D17,3,40,40,15,0.048594713,Stressed Tumor (p53+)
TCCCTCACAGGCTACT-2,GARQ,D17,3,40,40,26,0.019418716,Proximal Tubule
TCCCTGGTCATCACTT-1,GARQ,D17,3,40,40,23,0.0042512417,Tumor (Neuronal-like)
TCCCTGGTCTTGGATA-4,GARQ,D17,3,40,40,5,0.07490265,Tumor Epithelial
TCCGCCATCTAAGGAG-2,GARQ,D17,3,40,40,33,0.09540939,Proximal Tubule
TCCGGAATCTGGCTTC-2,GARQ,D17,3,40,40,25,0.012238026,Podocytes
TCCTAGTGTGATGAGG-3,GARQ,D17,3,40,40,4,0.49983144,Myeloid Cells
TCCTCAATCATTAGGC-2,GARQ,D17,3,40,40,15,0.009847045,Proximal Tubule
TCCTCACAGACAACGA-2,GARQ,D17,3,40,40,24,0.041947603,Proximal Tubule
TCCTCTAAGCAAGGGT-4,GARQ,D17,3,40,40,7,0.11066735,Tumor Epithelial
TCCTCTAAGCCTCTGT-1,GARQ,D17,3,40,40,38,0.094127774,Tumor (Neuronal-like)
TCCTCTAAGTCAATCA-2,GARQ,D17,3,40,40,24,0.2723317,Proximal Tubule
TCCTGGTTCATAGCCG-1,GARQ,D17,3,40,40,17,0.01765585,Tumor (Neuronal-like)
TCCTGGTTCATCACTT-2,GARQ,D17,3,40,40,33,0.0069440603,Proximal Tubule
TCCTGGTTCATGGCCA-3,GARQ,D17,3,40,40,12,0.08256179,Endothelial Cells
TCCTGTTCAGATAGAC-4,GARQ,D17,3,40,40,7,0.015830278,Tumor Epithelial
TCCTGTTCAGCATGAG-2,GARQ,D17,3,40,40,24,0.0993557,Proximal Tubule
TCCTTAGTCGCGACAC-2,GARQ,D17,3,40,40,24,0.21191943,Proximal Tubule
TCCTTCAAGGTTTGAC-1,GARQ,D17,3,40,40,7,0.017195761,Podocytes
TCCTTGCAGACACTTA-1,GARQ,D17,3,40,40,38,0.0107011795,Tumor (Neuronal-like)
TCCTTGCAGATTGAGG-4,GARQ,D17,3,40,40,5,0.18671012,Tumor Epithelial
TCGATTAAGCGATAGA-3,GARQ,D17,3,40,40,24,0.12238979,Podocytes
TCGCATTGTTTGAGGC-4,GARQ,D17,3,40,40,7,0.1018219,Tumor Epithelial
TCGCGAGGTTCCTGTG-3,GARQ,D17,3,40,40,24,0.16369998,Proximal Tubule
TCGCTAACAAGTTATC-3,GARQ,D17,3,40,40,24,0.1043309,Proximal Tubule
TCGGTTCTCATTGCAA-4,GARQ,D17,3,40,40,5,0.08037305,Tumor Epithelial
TCGTAATCATCCATCT-1,GARQ,D17,3,40,40,21,0.13893974,Tumor (Neuronal-like)
TCGTCAACACTGACTA-2,GARQ,D17,3,40,40,4,0.38514173,Myeloid Cells
TCGTGCTTCACAGCCA-2,GARQ,D17,3,40,40,33,0.0026257038,Proximal Tubule
TCGTTACGTCAAAGGG-3,GARQ,D17,3,40,40,25,0.07439816,Proximal Tubule
TCGTTACGTTCAAGCA-1,GARQ,D17,3,40,40,17,0.00033700466,Tumor (Neuronal-like)
TCGTTATTCCTTGCAC-1,GARQ,D17,3,40,40,10,0.056562066,Tumor (Neuronal-like)
TCGTTATTCGGCTAGC-4,GARQ,D17,3,40,40,7,0.13685942,Tumor Epithelial
TCGTTATTCGGTTACG-2,GARQ,D17,3,40,40,24,0.20083356,Proximal Tubule
TCGTTATTCTACTAAG-1,GARQ,D17,3,40,40,10,0.056086898,Tumor Epithelial
TCGTTTCCAGTACCGT-3,GARQ,D17,3,40,40,0,0.21800464,Myeloid Cells
TCGTTTCCATATTGAC-4,GARQ,D17,3,40,40,0,0.09336972,Myeloid Cells
TCTAACCGTTAGGCGT-2,GARQ,D17,3,40,40,15,0.0106089115,Proximal Tubule
TCTAACTTCTGTGCAG-2,GARQ,D17,3,40,40,32,0.024848342,Podocytes
TCTAAGGGTAAGGTCC-3,GARQ,D17,3,40,40,32,0.039279938,Podocytes
TCTAAGGGTAGGTTGC-3,GARQ,D17,3,40,40,26,0.014953375,Proximal Tubule
TCTAAGGGTTAGCCAA-2,GARQ,D17,3,40,40,15,0.07755017,Proximal Tubule
TCTAATCTCATAATCG-2,GARQ,D17,3,40,40,24,0.07071447,Proximal Tubule
TCTACTAGTGCTGGTG-2,GARQ,D17,3,40,40,25,0.009458542,Proximal Tubule
TCTAGCACACCTCAGG-1,GARQ,D17,3,40,40,10,0.034506083,Tumor (Neuronal-like)
TCTAGCACATTGTGGC-2,GARQ,D17,3,40,40,24,0.21893156,Proximal Tubule
TCTAGCGAGTAAGTCC-4,GARQ,D17,3,40,40,10,0.043421984,Mast Cells
TCTATGTTCCCGCATT-2,GARQ,D17,3,40,40,20,0.07388401,Proximal Tubule
TCTCAAGCACTGGCCA-4,GARQ,D17,3,40,40,5,0.0029172301,Tumor Epithelial
TCTCAAGCAGCATGTC-2,GARQ,D17,3,40,40,26,0.0064189434,Proximal Tubule
TCTCAAGCAGGAAGCC-2,GARQ,D17,3,40,40,24,0.053413033,Proximal Tubule
TCTCAAGCAGTACCGT-3,GARQ,D17,3,40,40,2,0.004725158,Proximal Tubule
TCTCAATTCGTTTCCA-2,GARQ,D17,3,40,40,2,0.095657825,Proximal Tubule
TCTCACCAGCAAGGAC-2,GARQ,D17,3,40,40,33,0.21362638,Proximal Tubule
TCTCACCAGGGTGAGT-1,GARQ,D17,3,40,40,38,0.037750125,Tumor (Neuronal-like)
TCTCCTCGTAAACAAG-3,GARQ,D17,3,40,40,29,0.20736492,Low Quality / Dying
TCTCCTCGTCAACAAT-4,GARQ,D17,3,40,40,3,0.019154787,Tumor Epithelial
TCTCCTCGTTTAGTCC-1,GARQ,D17,3,40,40,32,0.010746956,Stressed Tumor (p53+)
TCTCGCCCACCTCAGG-2,GARQ,D17,3,40,40,35,0.019900203,Proximal Tubule
TCTGTGACAAGGTGGC-1,GARQ,D17,3,40,40,19,0.09045732,Tumor (Neuronal-like)
TCTGTGACATCATGTG-2,GARQ,D17,3,40,40,12,0.103984,Podocytes
TCTTAGTTCACTCGCT-2,GARQ,D17,3,40,40,34,0.0016684532,Proximal Tubule
TCTTAGTTCATCGTTT-2,GARQ,D17,3,40,40,34,0.015902638,Proximal Tubule
TCTTCAAGTTTGCTGT-2,GARQ,D17,3,40,40,24,0.0046806335,Proximal Tubule
TCTTGACGTAGGTTTG-1,GARQ,D17,3,40,40,16,0.00046473742,Tumor (Neuronal-like)
TCTTGACGTGAGGTGA-3,GARQ,D17,3,40,40,24,0.10736811,Proximal Tubule
TCTTTGTAGTGATTCA-1,GARQ,D17,3,40,40,38,0.15389603,Podocytes
TGAAACTGTTATCGAG-3,GARQ,D17,3,40,40,24,0.034724474,Proximal Tubule
TGAACAACACTCAACA-2,GARQ,D17,3,40,40,24,0.11400664,Proximal Tubule
TGACCTTGTACGGTAC-4,GARQ,D17,3,40,40,17,0.057563484,Tumor Epithelial
TGAGAACCAAACCTTG-1,GARQ,D17,3,40,40,7,0.06267798,Tumor Epithelial
TGAGCAAAGGGTGGAT-2,GARQ,D17,3,40,40,24,0.1978181,Proximal Tubule
TGAGCACGTGGACATC-3,GARQ,D17,3,40,40,5,0.011771798,Low Quality / Dying
TGAGCCGGTCCTTAGT-1,GARQ,D17,3,40,40,16,0.02807802,Tumor (Neuronal-like)
TGAGCCGGTGTTTGCT-4,GARQ,D17,3,40,40,10,0.072543144,Tumor Epithelial
TGAGCCGGTTCACTGT-2,GARQ,D17,3,40,40,35,0.0040795207,Proximal Tubule
TGAGCCGGTTTCGCGC-3,GARQ,D17,3,40,40,15,0.038341522,Proximal Tubule
TGAGGAGGTAAATTGC-2,GARQ,D17,3,40,40,24,0.10959828,Stressed Tumor (p53+)
TGAGGAGGTTCCGGCT-4,GARQ,D17,3,40,40,5,0.08443892,Tumor Epithelial
TGAGGGAGTTGGCCGA-1,GARQ,D17,3,40,40,4,0.47771657,Myeloid Cells
TGAGGGCCAAACTAAG-1,GARQ,D17,3,40,40,2,0.020432472,Proximal Tubule
TGAGGTGCAAGGATTA-4,GARQ,D17,3,40,40,10,0.022284746,Tumor Epithelial
TGAGTTTCATAGGCGA-2,GARQ,D17,3,40,40,24,0.07030702,Proximal Tubule
TGATCAATCAACAAGG-1,GARQ,D17,3,40,40,5,0.111356854,Tumor (Neuronal-like)
TGATCAATCATAATCG-3,GARQ,D17,3,40,40,15,0.014242053,Proximal Tubule
TGATCACAGGGACGCA-4,GARQ,D17,3,40,40,5,0.0900321,Low Quality / Dying
TGATCACAGGGTCCAC-2,GARQ,D17,3,40,40,24,0.10405326,Proximal Tubule
TGATCAGGTAACTACG-2,GARQ,D17,3,40,40,15,0.018489242,Proximal Tubule
TGATCGAGTGCTCCGT-3,GARQ,D17,3,40,40,38,0.064199805,Proximal Tubule
TGATGAACACCTGGTG-1,GARQ,D17,3,40,40,16,0.020737052,Tumor (Neuronal-like)
TGATGACTCAGGGCCT-3,GARQ,D17,3,40,40,23,0.0035706758,Podocytes
TGATGACTCATAACGC-3,GARQ,D17,3,40,40,16,0.08521932,Proximal Tubule
TGATGATGTTTGTGGA-3,GARQ,D17,3,40,40,25,0.0316211,Myeloid Cells
TGATTCAAGCAAGGGT-2,GARQ,D17,3,40,40,12,0.07601917,Proximal Tubule
TGATTCAAGGAGGGTT-2,GARQ,D17,3,40,40,11,0.04105556,Proximal Tubule
TGCATGAGTCACCTAT-1,GARQ,D17,3,40,40,4,0.19246721,Myeloid Cells
TGCATGAGTTAAGGTT-4,GARQ,D17,3,40,40,5,0.10017121,Stressed Tumor (p53+)
TGCCTGTTCCTGTTCA-3,GARQ,D17,3,40,40,34,0.03494811,Proximal Tubule
TGCGATTAGATAACCC-3,GARQ,D17,3,40,40,15,0.023444414,Proximal Tubule
TGCGCAGGTTAGGCTA-3,GARQ,D17,3,40,40,24,0.026500583,Proximal Tubule
TGCGCAGGTTGCGCGA-2,GARQ,D17,3,40,40,24,0.25068462,Proximal Tubule
TGCGGTTCAACAACAA-3,GARQ,D17,3,40,40,4,0.7412038,Myeloid Cells
TGCGGTTCATGAGTTT-2,GARQ,D17,3,40,40,12,0.09860754,Stressed Tumor (p53+)
TGCTAGCCAAACTAAG-4,GARQ,D17,3,40,40,5,0.21038711,Tumor Epithelial
TGCTAGCCAATAGCCC-2,GARQ,D17,3,40,40,33,0.03219998,Proximal Tubule
TGCTAGCCATGCTTAG-2,GARQ,D17,3,40,40,11,0.015598059,Proximal Tubule
TGCTATGCAAACCTAT-2,GARQ,D17,3,40,40,24,0.0064709187,Proximal Tubule
TGCTATGCAAAGCTCC-3,GARQ,D17,3,40,40,15,0.19105542,Proximal Tubule
TGCTATGCAGTTATGT-2,GARQ,D17,3,40,40,11,0.16643584,Proximal Tubule
TGCTCAACAAGCGAGC-2,GARQ,D17,3,40,40,24,0.031134367,Proximal Tubule
TGCTCAACACTTCACT-2,GARQ,D17,3,40,40,26,0.158669,Proximal Tubule
TGCTCACTCCCGAACA-1,GARQ,D17,3,40,40,16,0.08124745,Tumor (Neuronal-like)
TGCTCCGTCTGTTCAT-4,GARQ,D17,3,40,40,10,0.019978642,Tumor Epithelial
TGCTCTCAGTAAGTGG-4,GARQ,D17,3,40,40,5,0.0975647,Tumor Epithelial
TGCTGGATCCTCCATA-1,GARQ,D17,3,40,40,37,0.0853734,Low Quality / Dying
TGCTGGATCCTTGTTG-1,GARQ,D17,3,40,40,7,0.06666684,T Cells
TGCTGGATCGGTTTCC-4,GARQ,D17,3,40,40,5,0.19269753,Tumor Epithelial
TGCTTAAAGTCATCCC-2,GARQ,D17,3,40,40,12,0.056152582,Proximal Tubule
TGCTTCATCGCCTAAG-1,GARQ,D17,3,40,40,21,0.047366977,Tumor (Neuronal-like)
TGCTTCATCTTCAATC-2,GARQ,D17,3,40,40,24,0.0034832954,Proximal Tubule
TGCTTCCAGCTATATG-4,GARQ,D17,3,40,40,5,0.14802313,Tumor Epithelial
TGCTTGCTCGATTTAG-4,GARQ,D17,3,40,40,5,0.28053832,Tumor Epithelial
TGGAACAAGCGATAAG-2,GARQ,D17,3,40,40,20,0.15917253,Podocytes
TGGAACAAGGAACCGG-1,GARQ,D17,3,40,40,10,0.045339108,Podocytes
TGGAACAAGGTGTCCA-4,GARQ,D17,3,40,40,7,0.08003175,Tumor Epithelial
TGGACAAAGTAACTCA-2,GARQ,D17,3,40,40,15,0.038957834,Proximal Tubule
TGGACCGGTGAAGCCT-4,GARQ,D17,3,40,40,0,0.18956614,Myeloid Cells
TGGACGGAGCATGTTA-2,GARQ,D17,3,40,40,12,0.014160275,Proximal Tubule
TGGACGGAGGCGGATG-2,GARQ,D17,3,40,40,2,0.036277175,Proximal Tubule
TGGACGGAGTTGCGTG-2,GARQ,D17,3,40,40,12,0.11004484,Proximal Tubule
TGGACTAGTAACCAGC-4,GARQ,D17,3,40,40,5,0.092359304,Tumor Epithelial
TGGATTCAGCGCAATT-3,GARQ,D17,3,40,40,24,0.11189008,Stressed Tumor (p53+)
TGGATTGGTACAATGT-4,GARQ,D17,3,40,40,7,0.039396763,Tumor Epithelial
TGGATTGGTATTTGGG-2,GARQ,D17,3,40,40,12,0.05842614,Proximal Tubule
TGGCCAATCACCAATA-1,GARQ,D17,3,40,40,10,0.014788389,Tumor (Neuronal-like)
TGGCCTGCACCTAAGC-4,GARQ,D17,3,40,40,7,0.09570336,Tumor Epithelial
TGGCCTTTCAATCTCT-2,GARQ,D17,3,40,40,12,0.11693299,Proximal Tubule
TGGCCTTTCGGTTTGG-2,GARQ,D17,3,40,40,12,0.074965715,Proximal Tubule
TGGCCTTTCGTTAGCG-3,GARQ,D17,3,40,40,24,0.10552549,Proximal Tubule
TGGCTAAGTGGATTCA-3,GARQ,D17,3,40,40,38,0.015180349,Proximal Tubule
TGGCTAAGTTAGGCGT-4,GARQ,D17,3,40,40,37,0.018239617,Tumor Epithelial
TGGCTATAGCATTTCT-2,GARQ,D17,3,40,40,12,0.003186226,Proximal Tubule
TGGCTATAGCCTAATA-2,GARQ,D17,3,40,40,12,0.10993528,Proximal Tubule
TGGCTATAGCGAGCGA-1,GARQ,D17,3,40,40,24,0.0148124695,Podocytes
TGGCTTTGTAGGATCC-2,GARQ,D17,3,40,40,24,0.048523545,Proximal Tubule
TGGTAAACAGCAAGGC-4,GARQ,D17,3,40,40,7,0.12761164,Tumor Epithelial
TGGTCAGTCAAGCGCC-4,GARQ,D17,3,40,40,5,0.13108552,Tumor Epithelial
TGGTCATAGACAACAG-3,GARQ,D17,3,40,40,4,0.18822294,Endothelial Cells
TGGTCCTTCACCTGCT-3,GARQ,D17,3,40,40,1,0.00043010712,Proximal Tubule
TGGTCCTTCACGCGGT-2,GARQ,D17,3,40,40,12,0.103120804,Proximal Tubule
TGGTCCTTCATTGTCT-1,GARQ,D17,3,40,40,38,0.011372328,Proximal Tubule
TGGTCCTTCATTTGTC-4,GARQ,D17,3,40,40,3,0.12826169,Tumor Epithelial
TGGTGATTCACCTGTC-2,GARQ,D17,3,40,40,15,0.024488807,Injured PT-like
TGGTGATTCCTCGATC-2,GARQ,D17,3,40,40,12,0.0028841496,Proximal Tubule
TGGTGCATCGGGACCT-3,GARQ,D17,3,40,40,18,0.032010794,Proximal Tubule
TGGTTCCTCTAATCCT-3,GARQ,D17,3,40,40,24,0.089710236,Proximal Tubule
TGGTTCTGTAAGCTCA-2,GARQ,D17,3,40,40,26,0.11423266,Low Quality / Dying
TGTAACTCAGGCAAGC-2,GARQ,D17,3,40,40,26,0.23629594,Proximal Tubule
TGTAAGTGTTCATCTA-1,GARQ,D17,3,40,40,5,0.17996979,Tumor (Neuronal-like)
TGTATCGCATGCTATG-1,GARQ,D17,3,40,40,21,0.012068033,Stressed Tumor (p53+)
TGTCAATCAAGCGATG-2,GARQ,D17,3,40,40,34,0.03384149,Proximal Tubule
TGTCAATCAGAAATTG-2,GARQ,D17,3,40,40,24,0.20375323,Proximal Tubule
TGTCAATCAGCAAGGC-1,GARQ,D17,3,40,40,16,0.006340027,Tumor (Neuronal-like)
TGTCAGTAGTGAACAG-2,GARQ,D17,3,40,40,25,0.050956726,Proximal Tubule
TGTCATAAGGTAAGGC-1,GARQ,D17,3,40,40,16,0.20180124,Podocytes
TGTCATAAGGTTACGT-1,GARQ,D17,3,40,40,10,0.02387166,Tumor (Neuronal-like)
TGTCCTGGTGGACCTG-3,GARQ,D17,3,40,40,15,0.058671296,Proximal Tubule
TGTCCTTCAACTGGGA-2,GARQ,D17,3,40,40,34,0.0002696514,Low Quality / Dying
TGTCCTTCAGGACCTT-3,GARQ,D17,3,40,40,21,0.059470892,Proximal Tubule
TGTCCTTCATCATGGC-1,GARQ,D17,3,40,40,5,0.076096356,Tumor Epithelial
TGTGAAACAATTAAGG-1,GARQ,D17,3,40,40,30,0.08532667,Podocytes
TGTGATCAGCATGAAG-2,GARQ,D17,3,40,40,12,0.06564748,Proximal Tubule
TGTGATCAGTCTCACC-3,GARQ,D17,3,40,40,24,0.058005095,Tumor (Neuronal-like)
TGTGCAAGTCCTTCAG-2,GARQ,D17,3,40,40,32,0.008604646,Proximal Tubule
TGTGCAAGTTTGGGCG-4,GARQ,D17,3,40,40,5,0.14658439,Tumor Epithelial
TGTGCGCAGGTGCTGC-1,GARQ,D17,3,40,40,7,0.013183951,Stressed Tumor (p53+)
TGTGCTGAGGCGCATC-1,GARQ,D17,3,40,40,0,0.06319541,Tumor (Neuronal-like)
TGTGCTGAGGCGTAAA-2,GARQ,D17,3,40,40,24,0.08032161,Proximal Tubule
TGTGGAGCAGCATTAT-3,GARQ,D17,3,40,40,16,0.0005158186,Proximal Tubule
TGTGGCGGTCCCGAAG-4,GARQ,D17,3,40,40,10,0.101529,Tumor Epithelial
TGTGGCGGTTCCATTA-3,GARQ,D17,3,40,40,12,0.04101622,Proximal Tubule
TGTGGCGGTTGTGATG-1,GARQ,D17,3,40,40,21,0.15133387,Tumor (Neuronal-like)
TGTGTGAGTCCCGGAA-3,GARQ,D17,3,40,40,28,0.05786097,Proximal Tubule
TGTGTGAGTTACAAAC-2,GARQ,D17,3,40,40,24,0.07008219,Proximal Tubule
TGTGTTAAGAGAAGGG-1,GARQ,D17,3,40,40,7,0.049547672,Tumor Epithelial
TGTGTTAAGCAGCTCA-4,GARQ,D17,3,40,40,37,0.30005753,Tumor Epithelial
TGTGTTAAGTAGCGGG-2,GARQ,D17,3,40,40,12,0.03561473,Parietal Epithelial Cells
TGTTACTTCGGGACTC-4,GARQ,D17,3,40,40,5,0.03871858,Tumor Epithelial
TGTTATGAGGAGGTTA-1,GARQ,D17,3,40,40,16,0.019949675,Tumor (Neuronal-like)
TGTTATGAGGCCCAGT-1,GARQ,D17,3,40,40,3,0.00288105,Tumor Epithelial
TGTTATGAGTTAGAGG-2,GARQ,D17,3,40,40,24,0.20585954,Proximal Tubule
TGTTCCTCAGTGAACG-4,GARQ,D17,3,40,40,5,0.2704512,Tumor (Neuronal-like)
TGTTGTAAGTAAGGGC-4,GARQ,D17,3,40,40,7,0.06780195,Tumor Epithelial
TGTTGTTTCGTTCACC-4,GARQ,D17,3,40,40,0,0.002911806,Tumor Epithelial
TTAAGGACATGTTTGG-3,GARQ,D17,3,40,40,24,0.098615885,Proximal Tubule
TTAATCGAGCGCTCAA-3,GARQ,D17,3,40,40,38,0.15739787,Low Quality / Dying
TTAATCGAGTAACAGG-2,GARQ,D17,3,40,40,26,0.18726987,Proximal Tubule
TTACAGCAGATAACCC-4,GARQ,D17,3,40,40,5,0.012888432,Tumor Epithelial
TTACAGCAGCTGTACG-3,GARQ,D17,3,40,40,19,0.022654057,Proximal Tubule
TTACAGCAGGCATTAC-1,GARQ,D17,3,40,40,19,0.055483818,Proximal Tubule
TTACCGTGTCACCAAA-3,GARQ,D17,3,40,40,7,0.0510602,Proximal Tubule
TTACCGTGTGACATGC-4,GARQ,D17,3,40,40,37,0.011327267,Tumor Epithelial
TTACCTGTCGATATTG-2,GARQ,D17,3,40,40,24,0.08566749,Injured PT-like
TTAGACTCAAACGGGC-3,GARQ,D17,3,40,40,11,0.11585605,Proximal Tubule
TTAGACTCAAGCGAGC-1,GARQ,D17,3,40,40,38,0.05123198,Tumor (Neuronal-like)
TTAGACTCATGAGCAG-1,GARQ,D17,3,40,40,10,0.07031536,Low Quality / Dying
TTAGCAATCAGGAACA-3,GARQ,D17,3,40,40,24,0.1741631,Proximal Tubule
TTAGCAGGTAAGCTTG-3,GARQ,D17,3,40,40,15,0.04613328,Proximal Tubule
TTAGCCTGTCCGCTGT-1,GARQ,D17,3,40,40,16,0.05158925,Tumor (Neuronal-like)
TTAGCGGTCACAGCCA-1,GARQ,D17,3,40,40,21,0.15537548,Tumor (Neuronal-like)
TTAGCTGCACCATATG-3,GARQ,D17,3,40,40,24,0.14501429,Proximal Tubule
TTAGGCCCACGAACAG-2,GARQ,D17,3,40,40,35,0.035990417,Proximal Tubule
TTAGTCAAGAGAGCCG-1,GARQ,D17,3,40,40,10,0.013793707,Tumor Epithelial
TTAGTCAAGCACTTGG-2,GARQ,D17,3,40,40,12,0.11325562,Podocytes
TTAGTCAAGCATTTCT-3,GARQ,D17,3,40,40,15,0.03371966,Proximal Tubule
TTATAGCCAACCTGGT-3,GARQ,D17,3,40,40,24,0.11842108,Proximal Tubule
TTATAGCCACCCTCAC-2,GARQ,D17,3,40,40,12,0.12304351,Proximal Tubule
TTATCCGTCATAGACC-2,GARQ,D17,3,40,40,24,0.10046995,Proximal Tubule
TTATCCGTCCGGTTAG-1,GARQ,D17,3,40,40,7,0.04246342,Tumor (Neuronal-like)
TTATCCTAGAGGAGGA-4,GARQ,D17,3,40,40,10,0.054473877,Tumor Epithelial
TTATCCTAGCCTGTGA-1,GARQ,D17,3,40,40,19,0.08226019,Tumor (Neuronal-like)
TTATGACCACCTAATG-2,GARQ,D17,3,40,40,24,0.16137958,Proximal Tubule
TTATGACCACTGGCTG-3,GARQ,D17,3,40,40,39,0.055195153,Proximal Tubule
TTATTGCTCGAGCTAT-4,GARQ,D17,3,40,40,7,0.033893585,Tumor Epithelial
TTCAACCGTAGCCTCC-2,GARQ,D17,3,40,40,33,0.04721999,Proximal Tubule
TTCAACCGTGAATCGC-1,GARQ,D17,3,40,40,7,0.04211378,Proximal Tubule
TTCAGCACAGGCTAGA-1,GARQ,D17,3,40,40,21,0.051623583,Proximal Tubule
TTCAGTTTCCCGCCTA-4,GARQ,D17,3,40,40,5,0.04412067,Tumor Epithelial
TTCAGTTTCCTTGCGT-1,GARQ,D17,3,40,40,16,0.06855869,Tumor (Neuronal-like)
TTCATTCAGGTATTGC-2,GARQ,D17,3,40,40,15,0.002957344,Proximal Tubule
TTCCACGGTGTTGTGA-1,GARQ,D17,3,40,40,19,0.0017462969,Proximal Tubule
TTCCCACAGTAAGAAC-3,GARQ,D17,3,40,40,15,0.025147915,Proximal Tubule
TTCCCGCCAAGACTCC-3,GARQ,D17,3,40,40,0,0.1909585,Myeloid Cells
TTCCCGCCATGTCGCG-3,GARQ,D17,3,40,40,24,0.1357342,Proximal Tubule
TTCCTCAAGAGAGGAG-3,GARQ,D17,3,40,40,21,0.23111105,Proximal Tubule
TTCCTTCTCATTGTTC-3,GARQ,D17,3,40,40,18,0.004564166,Proximal Tubule
TTCCTTCTCCCGTTGT-3,GARQ,D17,3,40,40,25,0.056653023,Proximal Tubule
TTCCTTGAGGAAGTAT-3,GARQ,D17,3,40,40,4,0.38491488,Myeloid Cells
TTCCTTGAGGCGCACT-2,GARQ,D17,3,40,40,25,0.0070562363,Stressed Tumor (p53+)
TTCCTTGAGTTAGTGC-3,GARQ,D17,3,40,40,13,0.18751428,Myeloid Cells
TTCGGTACACTTACAG-2,GARQ,D17,3,40,40,24,0.109595776,Proximal Tubule
TTCGGTACAGTCTATG-4,GARQ,D17,3,40,40,10,0.03206098,Tumor Epithelial
TTCGGTACATCACTTC-3,GARQ,D17,3,40,40,24,0.006468296,Proximal Tubule
TTCGTTAGTGGCTTCC-1,GARQ,D17,3,40,40,38,0.13380134,Proximal Tubule
TTCGTTAGTTACGCGG-3,GARQ,D17,3,40,40,15,0.101698995,Proximal Tubule
TTCTTAGGTCAGTAAT-3,GARQ,D17,3,40,40,27,0.034240603,Proximal Tubule
TTGACGTAGAACAAGT-4,GARQ,D17,3,40,40,5,0.15124476,Tumor Epithelial
TTGACGTAGATGGACA-4,GARQ,D17,3,40,40,5,0.07161999,Tumor Epithelial
TTGACGTAGGTGAGAC-4,GARQ,D17,3,40,40,0,0.06473744,Tumor Epithelial
TTGACTAAGCGCCTTT-2,GARQ,D17,3,40,40,24,0.046550035,Proximal Tubule
TTGACTAAGTTTGTCT-1,GARQ,D17,3,40,40,22,0.01047647,Tumor (Neuronal-like)
TTGAGCTAGAGGATAT-1,GARQ,D17,3,40,40,6,0.013329744,Podocytes
TTGAGGCGTCATTACC-1,GARQ,D17,3,40,40,7,0.058975816,Proximal Tubule
TTGATGTCACCTAATG-3,GARQ,D17,3,40,40,24,0.09912348,Proximal Tubule
TTGCAACAGATACTTG-4,GARQ,D17,3,40,40,5,0.15275145,Tumor Epithelial
TTGCAACAGGCTAAGA-1,GARQ,D17,3,40,40,19,0.00021648407,Tumor (Neuronal-like)
TTGCAACAGTTATCTC-1,GARQ,D17,3,40,40,10,0.06842685,Low Quality / Dying
TTGCAAGGTCATAGAT-4,GARQ,D17,3,40,40,5,0.09603059,Tumor Epithelial
TTGCAATCAGGCAAGC-3,GARQ,D17,3,40,40,16,0.05341232,Podocytes
TTGCAATCATGATTGT-1,GARQ,D17,3,40,40,16,0.083471894,Stressed Tumor (p53+)
TTGCAGCCAGAACCGA-3,GARQ,D17,3,40,40,24,0.31768703,Proximal Tubule
TTGCAGCCAGCAAATA-2,GARQ,D17,3,40,40,24,0.031799555,Proximal Tubule
TTGCATTTCCACCTGT-4,GARQ,D17,3,40,40,10,0.020315766,Tumor Epithelial
TTGCCCGTCCTTCGTA-1,GARQ,D17,3,40,40,5,0.14059341,Proximal Tubule
TTGCGTCTCCTCACAC-4,GARQ,D17,3,40,40,0,0.077953696,Tumor Epithelial
TTGCGTCTCTTAGCGG-3,GARQ,D17,3,40,40,25,0.015138388,Proximal Tubule
TTGCTCTCACTAAGAA-2,GARQ,D17,3,40,40,12,0.1632235,Proximal Tubule
TTGCTTTAGTAAACCC-1,GARQ,D17,3,40,40,7,0.021026552,Proximal Tubule
TTGGAGGCATGATTGT-4,GARQ,D17,3,40,40,5,0.1328398,Tumor Epithelial
TTGGATATCTTTAGGA-2,GARQ,D17,3,40,40,12,0.18560934,Podocytes
TTGGATTCAAGATTCT-2,GARQ,D17,3,40,40,25,0.024006605,Proximal Tubule
TTGGATTCAAGTTATC-2,GARQ,D17,3,40,40,24,0.07421005,Proximal Tubule
TTGGATTCAGAGGCTA-2,GARQ,D17,3,40,40,15,0.028240204,Proximal Tubule
TTGGATTCATCCCGCT-4,GARQ,D17,3,40,40,5,0.048558116,Tumor Epithelial
TTGGCGGGTCTTACTA-3,GARQ,D17,3,40,40,24,0.27167296,Proximal Tubule
TTGGCTGAGGGCCATC-3,GARQ,D17,3,40,40,11,0.02018547,Tumor (Neuronal-like)
TTGGCTGAGTTATCTC-4,GARQ,D17,3,40,40,5,0.023267448,Tumor Epithelial
TTGGGCCAGCAACATC-2,GARQ,D17,3,40,40,12,0.12637788,Proximal Tubule
TTGGGCCAGGCTACAT-4,GARQ,D17,3,40,40,5,0.0396713,Tumor Epithelial
TTGGGCGGTAATAGCT-2,GARQ,D17,3,40,40,24,0.14188683,Proximal Tubule
TTGGGTTAGACTTATG-4,GARQ,D17,3,40,40,5,0.09861243,Tumor Epithelial
TTGGGTTAGGCATTGT-4,GARQ,D17,3,40,40,7,0.09342313,Myeloid Cells
TTGGTGAGTGAAGCCT-1,GARQ,D17,3,40,40,5,0.027392685,Tumor (Neuronal-like)
TTGGTGAGTTGTTCAC-3,GARQ,D17,3,40,40,24,0.29579544,Proximal Tubule
TTGTAAGTCATGGTGT-3,GARQ,D17,3,40,40,12,0.0066370964,Stressed Tumor (p53+)
TTGTCAAAGAGGGACT-2,GARQ,D17,3,40,40,24,0.028691292,Proximal Tubule
TTGTCCCAGCGCAATT-4,GARQ,D17,3,40,40,10,0.018356442,Tumor Epithelial
TTGTCCCAGTAGCGGG-3,GARQ,D17,3,40,40,24,0.1096077,Podocytes
TTGTCCCAGTCACCTC-4,GARQ,D17,3,40,40,7,0.08989763,Mast Cells
TTGTGAGGTCACAAAT-2,GARQ,D17,3,40,40,24,0.042223692,Mast Cells
TTGTGAGGTTGTAAAC-2,GARQ,D17,3,40,40,25,0.10979819,Proximal Tubule
TTGTGCGAGCGGATAA-3,GARQ,D17,3,40,40,24,0.014164507,Stressed Tumor (p53+)
TTGTGTGCATTTAAGC-1,GARQ,D17,3,40,40,5,0.04018438,Proximal Tubule
TTGTTGCGTATCTGGA-2,GARQ,D17,3,40,40,24,0.20925999,Proximal Tubule
TTGTTGCGTCACACCC-4,GARQ,D17,3,40,40,5,0.05657828,Tumor Epithelial
TTGTTGCGTGACATAT-1,GARQ,D17,3,40,40,38,0.11726117,Tumor (Neuronal-like)
TTGTTGCGTTTGGCGG-2,GARQ,D17,3,40,40,12,0.06356394,Proximal Tubule
TTGTTGTTCATTACTC-4,GARQ,D17,3,40,40,5,0.08141267,Tumor Epithelial
TTGTTTGGTACAATGT-1,GARQ,D17,3,40,40,38,0.0031980872,Tumor (Neuronal-like)
TTTAACCTCTTGCAGG-1,GARQ,D17,3,40,40,5,0.10757959,Low Quality / Dying
TTTAACGAGCAACATC-3,GARQ,D17,3,40,40,2,0.012731075,Proximal Tubule
TTTAAGCCAAGCTACC-1,GARQ,D17,3,40,40,5,0.040147305,Tumor (Neuronal-like)
TTTAAGCCAAGTGTCC-1,GARQ,D17,3,40,40,5,0.19586533,Tumor Epithelial
TTTAAGGTCGCTTGCT-3,GARQ,D17,3,40,40,15,0.18688142,Proximal Tubule
TTTACGAAGCTTTGTT-4,GARQ,D17,3,40,40,5,0.084073424,Tumor Epithelial
TTTACGAAGGTTAGCT-1,GARQ,D17,3,40,40,5,0.11073685,Tumor Epithelial
TTTACGCGTGCTAGAC-3,GARQ,D17,3,40,40,15,0.06564772,Proximal Tubule
TTTACGCGTTGCAATG-2,GARQ,D17,3,40,40,27,0.020774722,Proximal Tubule
TTTAGCAAGGAACGGT-3,GARQ,D17,3,40,40,16,0.048974156,Proximal Tubule
TTTAGGATCCTAAGTA-3,GARQ,D17,3,40,40,19,0.021255255,Proximal Tubule
TTTAGGATCTAACCTT-2,GARQ,D17,3,40,40,33,0.07692957,Podocytes
TTTAGGATCTAGCTTT-4,GARQ,D17,3,40,40,10,0.055157185,Tumor Epithelial
TTTAGGATCTTAAGTG-2,GARQ,D17,3,40,40,34,0.025076985,Podocytes
TTTATGGAGCAGGTGG-3,GARQ,D17,3,40,40,38,0.0039120317,Podocytes
TTTCACCCAAGACTCC-1,GARQ,D17,3,40,40,24,0.005965948,Proximal Tubule
TTTCAGTTCGATTTAG-2,GARQ,D17,3,40,40,33,0.09543425,Proximal Tubule
TTTCATCAGTTATGTG-3,GARQ,D17,3,40,40,15,0.088448524,Stressed Tumor (p53+)
TTTCCGGGTGCGCATG-3,GARQ,D17,3,40,40,15,0.2648282,Proximal Tubule
TTTCCTGAGTCTCACC-3,GARQ,D17,3,40,40,15,0.19866681,Proximal Tubule
TTTCTTGCAGCAAATA-1,GARQ,D17,3,40,40,17,0.048890233,Proximal Tubule
TTTCTTGCAGCAAATA-4,GARQ,D17,3,40,40,5,0.16002756,Tumor Epithelial
TTTGACTTCGATTCTT-2,GARQ,D17,3,40,40,26,0.009148717,Proximal Tubule
TTTGACTTCTAAGTCA-2,GARQ,D17,3,40,40,24,0.10690999,Proximal Tubule
TTTGAGTCAAAGGCCA-1,GARQ,D17,3,40,40,19,0.0115350485,Podocytes
TTTGAGTCATTGTGCA-1,GARQ,D17,3,40,40,5,0.12711781,Podocytes
TTTGCATTCATAACCA-4,GARQ,D17,3,40,40,5,0.09022272,Tumor (Neuronal-like)
TTTGCGACACCTCACC-4,GARQ,D17,3,40,40,5,0.18185127,Tumor Epithelial
TTTGCGACATCCTAGA-2,GARQ,D17,3,40,40,12,0.048495054,Proximal Tubule
TTTGGCTGTGAGAAAC-2,GARQ,D17,3,40,40,15,0.08303034,Proximal Tubule
TTTGGCTGTGCTGTAA-3,GARQ,D17,3,40,40,38,0.009575903,Low Quality / Dying
TTTGTCTAGATGGACA-4,GARQ,D17,3,40,40,7,0.07958388,Tumor Epithelial
TTTGTGAAGCACTTGG-3,GARQ,D17,3,40,40,26,0.086055756,Proximal Tubule
TTTGTGGCACGTTACA-1,GARQ,D17,3,40,40,5,0.07987046,Tumor (Neuronal-like)
TTTGTGGCATAGACCC-1,GARQ,D17,3,40,40,19,0.0057626963,Podocytes
TTTGTGTTCACCGGTA-3,GARQ,D17,3,40,40,29,0.0060663223,Proximal Tubule
TTTGTTGGTATTGCAG-2,GARQ,D17,3,40,40,12,0.15616739,Podocytes
