cell_id,method,dataset,seed,requested_K,realized_K,metacell_id,delta_confidence,cell_type
TTCGCAACAATAATGG-14-s4d8,GARQ,D11,3,40,39,22,0.1919992,Lymph prog
TATCCAGCAATTGAGA-14-s4d8,GARQ,D11,3,40,39,26,0.0027358532,CD8+ T
CAATGCCCAGGATGGC-14-s4d8,GARQ,D11,3,40,39,3,0.2843387,Proerythroblast
CTCTATGTCAATGTGC-14-s4d8,GARQ,D11,3,40,39,10,0.062464237,CD8+ T
TCAATCGCATCCAGGT-14-s4d8,GARQ,D11,3,40,39,3,0.020932913,MK/E prog
AACCCGCAGCATGTTA-14-s4d8,GARQ,D11,3,40,39,20,0.078597546,CD8+ T
GATTTGCAGTTGCGTG-14-s4d8,GARQ,D11,3,40,39,37,0.14596856,NK
GTCTTGCTCTACCTGC-14-s4d8,GARQ,D11,3,40,39,31,0.11484122,Transitional B
CCCAGCACATAGGCGA-14-s4d8,GARQ,D11,3,40,39,20,0.17559457,CD8+ T
GATTGTTCATAATGTC-14-s4d8,GARQ,D11,3,40,39,10,0.06665039,CD8+ T
ATGTTGTCATTATCCC-14-s4d8,GARQ,D11,3,40,39,17,0.09619665,CD8+ T
AGTAATGCAATTAGGA-14-s4d8,GARQ,D11,3,40,39,2,0.0905143,CD8+ T
CATCCTCAGACACCGC-14-s4d8,GARQ,D11,3,40,39,21,0.2171722,Transitional B
TAAAGCCTCTCAATTC-14-s4d8,GARQ,D11,3,40,39,7,0.0070722103,CD8+ T
TCATGAGGTTCCTGTG-14-s4d8,GARQ,D11,3,40,39,17,0.024507403,CD8+ T
CTAAAGCTCAGCATTA-14-s4d8,GARQ,D11,3,40,39,22,0.16470015,pDC
GCCTCAAAGCGCTAAT-14-s4d8,GARQ,D11,3,40,39,1,0.066425085,Transitional B
ATGGCTAGTCATTGTC-14-s4d8,GARQ,D11,3,40,39,10,0.12284398,CD8+ T
TATTTGCTCTAACCTT-14-s4d8,GARQ,D11,3,40,39,17,0.10763717,CD4+ T naive
ACGAACAAGTCCTGAG-14-s4d8,GARQ,D11,3,40,39,38,0.00033783913,CD8+ T
CCAGACTCAATGCCTA-14-s4d8,GARQ,D11,3,40,39,12,0.026508987,CD8+ T
CATATCGCATAATCGT-14-s4d8,GARQ,D11,3,40,39,4,0.34813094,CD14+ Mono
ATTGGTTCAAGCCAGA-14-s4d8,GARQ,D11,3,40,39,29,0.054079413,CD8+ T
CGATCCTTCTCAATGA-14-s4d8,GARQ,D11,3,40,39,15,0.1712302,Lymph prog
AGTAACACATACCCGG-14-s4d8,GARQ,D11,3,40,39,3,0.61436737,Erythroblast
GTCTTTGTCGCTATGG-14-s4d8,GARQ,D11,3,40,39,3,0.28815293,Erythroblast
AATAACCGTCCTAAGA-14-s4d8,GARQ,D11,3,40,39,37,0.09613323,CD8+ T
TGACTTCGTTTAACGG-14-s4d8,GARQ,D11,3,40,39,5,0.004764557,CD8+ T
GCTTGACCAAGTGAAC-14-s4d8,GARQ,D11,3,40,39,20,0.14441228,CD8+ T
GAGTTACTCGCTATAA-14-s4d8,GARQ,D11,3,40,39,2,0.054750204,CD8+ T
GATTGTTCAGCAAATA-14-s4d8,GARQ,D11,3,40,39,20,0.07625365,CD8+ T
TTTAGGATCTGTAAGC-14-s4d8,GARQ,D11,3,40,39,10,0.03783846,CD8+ T
GGACAGCCATCCCTCA-14-s4d8,GARQ,D11,3,40,39,20,0.10594499,CD8+ T
GCCTATTGTGTAATAC-14-s4d8,GARQ,D11,3,40,39,10,0.17611885,CD8+ T
ATCACACAGCCTAACG-14-s4d8,GARQ,D11,3,40,39,20,0.037790537,CD8+ T
GCCGTGAGTGAGCAAG-14-s4d8,GARQ,D11,3,40,39,1,0.050606966,Naive CD20+ B
GGATGAATCATGAGCT-14-s4d8,GARQ,D11,3,40,39,27,0.0021543503,CD8+ T
TCTAGCACAGCAATAA-14-s4d8,GARQ,D11,3,40,39,20,0.054309487,CD8+ T
TCAAACCAGAAAGCAT-14-s4d8,GARQ,D11,3,40,39,3,0.41124046,Proerythroblast
TTTGCGGAGACCATAC-14-s4d8,GARQ,D11,3,40,39,26,0.028423548,CD8+ T
AGGACGTAGTTGTCAA-14-s4d8,GARQ,D11,3,40,39,10,0.12518084,CD8+ T
CACTAGCCATCCTGAA-14-s4d8,GARQ,D11,3,40,39,4,0.48639464,CD16+ Mono
CCCTGGACAAGGTGGC-14-s4d8,GARQ,D11,3,40,39,17,0.121068716,CD8+ T
AGCACTTAGGTTAGAG-14-s4d8,GARQ,D11,3,40,39,6,0.078537464,Transitional B
TTGCCCGTCATAATCG-14-s4d8,GARQ,D11,3,40,39,4,0.22535264,G/M prog
TTAAGGACACCAACCG-14-s4d8,GARQ,D11,3,40,39,37,0.16050696,CD4+ T activated
TCCGGAATCCAAATCA-14-s4d8,GARQ,D11,3,40,39,3,0.29849946,Proerythroblast
CTATGATCAACATAAG-14-s4d8,GARQ,D11,3,40,39,14,0.05920726,CD8+ T
TAACCTAAGGACAACA-14-s4d8,GARQ,D11,3,40,39,22,0.011995554,Naive CD20+ B
AGAATCTGTACCAGGT-14-s4d8,GARQ,D11,3,40,39,37,0.10247946,CD8+ T
ATGCATTCAAACTAAG-14-s4d8,GARQ,D11,3,40,39,4,0.49915564,cDC2
AATAGCTGTCCGTGAG-14-s4d8,GARQ,D11,3,40,39,5,0.031216264,CD4+ T naive
AACCTTGCAGTTATCG-14-s4d8,GARQ,D11,3,40,39,21,0.03123331,Transitional B
TCTTTGTAGGTGCTGC-14-s4d8,GARQ,D11,3,40,39,31,0.08861375,Naive CD20+ B
CAAACAACAATGAAGC-14-s4d8,GARQ,D11,3,40,39,15,0.045521498,Lymph prog
CGAAGGCCAGGATGGC-14-s4d8,GARQ,D11,3,40,39,31,0.18479347,Naive CD20+ B
ATCATCAAGGACCAGG-14-s4d8,GARQ,D11,3,40,39,4,0.16260922,G/M prog
ACAAAGGTCTACTAAG-14-s4d8,GARQ,D11,3,40,39,4,0.02870047,HSC
CTGGTTACAGTTGCGT-14-s4d8,GARQ,D11,3,40,39,20,0.16928816,CD8+ T
AGCGGATAGGAGCAAC-14-s4d8,GARQ,D11,3,40,39,3,0.4336853,Proerythroblast
AGTAACCTCCCTGGTT-14-s4d8,GARQ,D11,3,40,39,3,0.12351155,Proerythroblast
TATGGGCGTTTGAGGC-14-s4d8,GARQ,D11,3,40,39,20,0.14057124,CD8+ T
CTCGCTAGTAACTACG-14-s4d8,GARQ,D11,3,40,39,20,0.111817,CD8+ T
AGAGGAACATATTGAC-14-s4d8,GARQ,D11,3,40,39,37,0.008747458,CD4+ T naive
GAATTTGTCCTGGTCT-14-s4d8,GARQ,D11,3,40,39,15,0.16661346,Lymph prog
CTAATTGAGGAGCATA-14-s4d8,GARQ,D11,3,40,39,8,0.013416886,B1 B
CGTAGTTAGGTCCACA-14-s4d8,GARQ,D11,3,40,39,15,0.038191736,CD4+ T activated
GCGATTAGTGTCCTGC-14-s4d8,GARQ,D11,3,40,39,37,0.11982739,CD8+ T
AGTGTTTCAGCACGTT-14-s4d8,GARQ,D11,3,40,39,18,0.02073586,CD8+ T
CCTAAAGGTCACCAAA-14-s4d8,GARQ,D11,3,40,39,7,0.105993986,NK
CGCCACACACCTCACC-14-s4d8,GARQ,D11,3,40,39,10,0.062886715,CD8+ T
TGAGGTGCATGCAACC-14-s4d8,GARQ,D11,3,40,39,31,0.036273777,Naive CD20+ B
TTCCTCAAGGTTTGCG-14-s4d8,GARQ,D11,3,40,39,10,0.037528396,CD8+ T
TAAGTGCTCAGGCTAT-14-s4d8,GARQ,D11,3,40,39,7,0.010245085,CD8+ T
GCCTCGACACAGGGAC-14-s4d8,GARQ,D11,3,40,39,3,0.07241106,MK/E prog
TTTGCGACACAGAAAC-14-s4d8,GARQ,D11,3,40,39,20,0.02845335,CD8+ T
GGTTGCATCCCGCATT-14-s4d8,GARQ,D11,3,40,39,6,0.11100161,Naive CD20+ B
AAGTTACGTAGGTTAT-14-s4d8,GARQ,D11,3,40,39,10,0.1334436,CD8+ T
ACGCCACAGTAACTCA-14-s4d8,GARQ,D11,3,40,39,2,0.012566149,CD4+ T activated
CCTTGCGTCACGAATC-14-s4d8,GARQ,D11,3,40,39,2,0.043997645,CD4+ T activated
ATGGCCCAGTTCCTCA-14-s4d8,GARQ,D11,3,40,39,37,0.17740095,CD4+ T naive
ACCTAAATCGCACACA-14-s4d8,GARQ,D11,3,40,39,37,0.04854703,CD8+ T
GGTAAGGGTCCTTCAG-14-s4d8,GARQ,D11,3,40,39,29,0.06225288,CD4+ T naive
AGGCTAGCACATACTG-14-s4d8,GARQ,D11,3,40,39,7,0.048678458,NK
ATGATGGAGAAGCTAG-14-s4d8,GARQ,D11,3,40,39,5,0.044276834,CD8+ T
CGATATTCACCACAAC-14-s4d8,GARQ,D11,3,40,39,3,0.6097287,Erythroblast
ACACTAATCCTAAGGT-14-s4d8,GARQ,D11,3,40,39,10,0.040231943,CD8+ T
CCAATATCATGGTTAT-14-s4d8,GARQ,D11,3,40,39,6,0.0018364191,Transitional B
GGTTGAGCAGGACCTT-14-s4d8,GARQ,D11,3,40,39,23,0.034885287,CD8+ T
AGTAATGCACCAACCG-14-s4d8,GARQ,D11,3,40,39,17,0.0016051531,CD8+ T
GGTAAGGGTTACTTCA-14-s4d8,GARQ,D11,3,40,39,20,0.01178062,CD8+ T
AAGGATCCAGAAATGC-14-s4d8,GARQ,D11,3,40,39,3,0.60933244,Erythroblast
CCTAATAAGAATCGCT-14-s4d8,GARQ,D11,3,40,39,31,0.20259118,Naive CD20+ B
AGCTACTAGCGATAGA-14-s4d8,GARQ,D11,3,40,39,14,0.03433585,CD8+ T
AGAACCAAGTGAACGA-14-s4d8,GARQ,D11,3,40,39,31,0.03519714,B1 B
CTGGTTTGTGTGCAAC-14-s4d8,GARQ,D11,3,40,39,7,0.05572939,CD8+ T
GCTTATCGTCAATAGT-14-s4d8,GARQ,D11,3,40,39,2,0.13977432,CD8+ T
AATTGCCAGCATTTCT-14-s4d8,GARQ,D11,3,40,39,32,0.041658998,CD8+ T
GCGGGTTTCTTGCAGG-14-s4d8,GARQ,D11,3,40,39,3,0.4099481,Proerythroblast
CGATTCCTCCAGGAAA-14-s4d8,GARQ,D11,3,40,39,25,0.15005505,CD4+ T naive
ATGTAAGCAGAAATGC-14-s4d8,GARQ,D11,3,40,39,20,0.047745347,CD8+ T
GGCCAACTCAAACCTA-14-s4d8,GARQ,D11,3,40,39,38,0.011460304,CD4+ T naive
CCTTCGTAGATAACCC-14-s4d8,GARQ,D11,3,40,39,20,0.3194394,CD8+ T
TACTTGTTCAACAAGG-14-s4d8,GARQ,D11,3,40,39,10,0.043344855,CD4+ T activated
TCGGTTTGTTACAAAC-14-s4d8,GARQ,D11,3,40,39,29,0.0018987656,CD4+ T activated
GGCAAATCATTAGCGC-14-s4d8,GARQ,D11,3,40,39,31,0.02838552,Naive CD20+ B
AGCACTAGTGGTTCTT-14-s4d8,GARQ,D11,3,40,39,7,0.00846076,CD8+ T
CAATGTCAGAAGCTAG-14-s4d8,GARQ,D11,3,40,39,3,0.6667341,Proerythroblast
CTATGTTTCCGCAAGC-14-s4d8,GARQ,D11,3,40,39,38,0.05384016,CD8+ T
TATTTGGAGAGAAGGG-14-s4d8,GARQ,D11,3,40,39,10,0.06936276,CD8+ T
TCATTGCGTTGTTGCT-14-s4d8,GARQ,D11,3,40,39,3,0.36875713,Proerythroblast
TTGGGCGGTGTTTGCT-14-s4d8,GARQ,D11,3,40,39,3,0.07662964,MK/E prog
TTCCACGGTAAGCTCA-14-s4d8,GARQ,D11,3,40,39,3,0.31110972,Proerythroblast
GCTAACAGTGCAATGC-14-s4d8,GARQ,D11,3,40,39,20,0.018465042,CD8+ T
AATTCGTCATTGACAT-14-s4d8,GARQ,D11,3,40,39,25,0.012491703,CD4+ T activated
CGACTAAGTCAATGTG-14-s4d8,GARQ,D11,3,40,39,31,0.21832907,Transitional B
CAATAGCTCAAGCCTG-14-s4d8,GARQ,D11,3,40,39,3,0.28444052,Proerythroblast
ATTTGTGAGTTTCCTG-14-s4d8,GARQ,D11,3,40,39,31,0.08122802,Naive CD20+ B
AGGTTACTCAAACCTA-14-s4d8,GARQ,D11,3,40,39,4,0.28581595,CD16+ Mono
ACTTATCTCGAAGCGG-14-s4d8,GARQ,D11,3,40,39,31,0.095035076,Transitional B
GCTGAGGAGGCGCTAC-14-s4d8,GARQ,D11,3,40,39,32,0.013686299,CD8+ T
AATCCGTAGGACCTGC-14-s4d8,GARQ,D11,3,40,39,7,0.028192282,CD8+ T
TGTAAAGCATAAGCAA-14-s4d8,GARQ,D11,3,40,39,4,0.4830166,CD16+ Mono
TACCTTTAGTAGGCGG-14-s4d8,GARQ,D11,3,40,39,5,0.030918837,CD8+ T
CAATAAGCAATATGGA-14-s4d8,GARQ,D11,3,40,39,26,0.0033462048,CD8+ T
ATCATCAAGGCACAGG-14-s4d8,GARQ,D11,3,40,39,4,0.29205143,CD14+ Mono
ATATAGGCAAACCCTA-14-s4d8,GARQ,D11,3,40,39,20,0.016510367,CD8+ T
CTGTGTGAGACACTTA-14-s4d8,GARQ,D11,3,40,39,25,0.00841552,Naive CD20+ B
CCTGATGAGCTTGCTC-14-s4d8,GARQ,D11,3,40,39,15,0.17683017,G/M prog
CGTTAGTAGCCTGACA-14-s4d8,GARQ,D11,3,40,39,7,0.073256135,NK
GCACCTAAGTTTGGGT-14-s4d8,GARQ,D11,3,40,39,20,0.04907894,CD8+ T
CGAAGCCTCCTTGAGG-14-s4d8,GARQ,D11,3,40,39,15,0.014858842,Transitional B
CGACTAAGTTTCGCCA-14-s4d8,GARQ,D11,3,40,39,5,0.06567848,CD8+ T
AGGTTTATCATAACTG-14-s4d8,GARQ,D11,3,40,39,10,0.089478135,CD4+ T naive
CATGCGGGTGATTACG-14-s4d8,GARQ,D11,3,40,39,3,0.68171,Erythroblast
ACGCCACAGGGCTTTG-14-s4d8,GARQ,D11,3,40,39,37,0.028199196,CD8+ T
ATTTGCGCACATGCTA-14-s4d8,GARQ,D11,3,40,39,4,0.2855109,CD16+ Mono
GGCCTAATCCGCCTAT-14-s4d8,GARQ,D11,3,40,39,2,0.011046648,CD8+ T
TTCGTTAGTCAATGTG-14-s4d8,GARQ,D11,3,40,39,3,0.38610554,Proerythroblast
ATGTCCACACCAACCG-14-s4d8,GARQ,D11,3,40,39,37,0.031432748,CD8+ T
GCGTGCTAGTAAGTCC-14-s4d8,GARQ,D11,3,40,39,17,0.07558298,CD8+ T
ATCAATCCAATATAGG-14-s4d8,GARQ,D11,3,40,39,15,0.11277199,Transitional B
TTGGGCCAGGGCCACT-14-s4d8,GARQ,D11,3,40,39,1,0.004912019,Transitional B
TGTGGCGGTGCATTAG-14-s4d8,GARQ,D11,3,40,39,14,0.0016235113,CD8+ T
ATGCTTAAGCATGAAG-14-s4d8,GARQ,D11,3,40,39,25,0.089098275,CD4+ T naive
GGCGATACAACATAAG-14-s4d8,GARQ,D11,3,40,39,33,0.18652314,Transitional B
ATAAGTCGTTCGCGCT-14-s4d8,GARQ,D11,3,40,39,13,0.041498303,HSC
GCTAGCGGTGCGCAAT-14-s4d8,GARQ,D11,3,40,39,20,0.055573106,CD8+ T
CGCTACTTCGGTAACT-14-s4d8,GARQ,D11,3,40,39,20,0.06030953,CD8+ T
GTATCGCCAGAGGCTA-14-s4d8,GARQ,D11,3,40,39,22,0.23468268,B1 B
TCCTCACAGCTGCACA-14-s4d8,GARQ,D11,3,40,39,31,0.057677746,B1 B
TGCGCGAGTGTTTCAC-14-s4d8,GARQ,D11,3,40,39,35,0.038339376,Proerythroblast
CCAGCTAAGTCATTTC-14-s4d8,GARQ,D11,3,40,39,14,0.11147332,CD8+ T
CCCAGTTTCCTAGTAA-14-s4d8,GARQ,D11,3,40,39,31,0.19648254,Naive CD20+ B
CATGCAAGTGCTGTAA-14-s4d8,GARQ,D11,3,40,39,1,0.06309688,Naive CD20+ B
CCGGTTAAGGACCGCT-14-s4d8,GARQ,D11,3,40,39,15,0.12513399,HSC
TCTCGCCCAAATTGCT-14-s4d8,GARQ,D11,3,40,39,20,0.17220867,CD8+ T
ATGCTTAAGCATTTCT-14-s4d8,GARQ,D11,3,40,39,10,0.045838594,CD4+ T activated
ATAAGTCGTTCAAGCA-14-s4d8,GARQ,D11,3,40,39,22,0.061930656,B1 B
TAGCAGGCATAGGCGA-14-s4d8,GARQ,D11,3,40,39,25,0.017785788,CD8+ T
CCTACTTCATGAAATG-14-s4d8,GARQ,D11,3,40,39,3,0.40387696,Normoblast
CGGATTAGTAGGTTTG-14-s4d8,GARQ,D11,3,40,39,5,0.0049601793,CD8+ T
GGTATGTTCACAGACT-14-s4d8,GARQ,D11,3,40,39,2,0.101881504,NK
TAAAGCCTCTTTGACT-14-s4d8,GARQ,D11,3,40,39,20,0.07805157,CD8+ T
GTATTGTCAGGAAGCC-14-s4d8,GARQ,D11,3,40,39,20,0.096726775,CD8+ T
TTTCATCAGCGCCTAA-14-s4d8,GARQ,D11,3,40,39,25,0.04433477,CD8+ T
CGTAACTAGGGATGAC-14-s4d8,GARQ,D11,3,40,39,10,0.115765095,CD8+ T
AGCCTCCGTTGTGACA-14-s4d8,GARQ,D11,3,40,39,20,0.011108756,CD8+ T
GCATGAAAGCCTAATA-14-s4d8,GARQ,D11,3,40,39,3,0.33154488,Proerythroblast
GTTAAGTGTCGTAAAT-14-s4d8,GARQ,D11,3,40,39,5,0.049597263,CD8+ T
ATAGGTACAGGACACA-14-s4d8,GARQ,D11,3,40,39,2,0.0037808418,CD8+ T
TTTCGTCCAGCAAGGC-14-s4d8,GARQ,D11,3,40,39,20,0.10963535,CD8+ T
TCAGTAGGTTACTTCA-14-s4d8,GARQ,D11,3,40,39,31,0.009163022,B1 B
AATTAGGCAGCCAGAA-14-s4d8,GARQ,D11,3,40,39,10,0.046165943,CD8+ T
CTAAATGTCGGCTATG-14-s4d8,GARQ,D11,3,40,39,5,0.05502987,CD8+ T
TATTAGCCAGTCTAGC-14-s4d8,GARQ,D11,3,40,39,20,0.111736536,CD8+ T
GGGTCACTCAAGCTAC-14-s4d8,GARQ,D11,3,40,39,3,0.428931,Normoblast
GGCCGTTAGCGGATAA-14-s4d8,GARQ,D11,3,40,39,15,0.17550218,Lymph prog
TCATCCATCACAAGCT-14-s4d8,GARQ,D11,3,40,39,32,0.042772174,CD4+ T naive
CGTTATTTCTGTTCAT-14-s4d8,GARQ,D11,3,40,39,10,0.05935955,CD8+ T
CTGTTGGAGTTACCGG-14-s4d8,GARQ,D11,3,40,39,32,0.05564022,CD4+ T activated
GATCAGTTCGGGACCT-14-s4d8,GARQ,D11,3,40,39,37,0.07488656,NK
GAGGCAAGTCGTAAAT-14-s4d8,GARQ,D11,3,40,39,37,0.04488027,CD8+ T
CTGAATATCGACAAAG-14-s4d8,GARQ,D11,3,40,39,3,0.26863152,Erythroblast
AATCTTGAGGAGTAAT-14-s4d8,GARQ,D11,3,40,39,22,0.056215048,Naive CD20+ B
AGTAATGCACAGAACG-14-s4d8,GARQ,D11,3,40,39,37,0.10130358,CD8+ T
GCCACTAAGCGGATTT-14-s4d8,GARQ,D11,3,40,39,17,0.0005708933,CD8+ T
CAAAGCGCATGAAATG-14-s4d8,GARQ,D11,3,40,39,27,0.019566417,CD4+ T activated
TAAGCCAGTTCGGTAA-14-s4d8,GARQ,D11,3,40,39,20,0.033474922,CD8+ T
AAGCGTTTCATTGACA-14-s4d8,GARQ,D11,3,40,39,20,0.037637234,CD8+ T
TCCTTTACATTGTCCT-14-s4d8,GARQ,D11,3,40,39,10,0.09771919,CD8+ T
AGCACTAGTGAGCAAG-14-s4d8,GARQ,D11,3,40,39,27,0.005770445,CD8+ T
ACTTGCACATCTTGAG-14-s4d8,GARQ,D11,3,40,39,20,0.029853702,CD8+ T
AGCTACTAGCCGCAGT-14-s4d8,GARQ,D11,3,40,39,3,0.92014503,Erythroblast
GACTTGGTCCTGAATA-14-s4d8,GARQ,D11,3,40,39,20,0.10516381,CD8+ T
TATGACTCAGCTTACA-14-s4d8,GARQ,D11,3,40,39,1,0.08401525,Naive CD20+ B
ACACTTAAGCGGTTAT-14-s4d8,GARQ,D11,3,40,39,15,0.16022444,Transitional B
GGGTCACTCCTCAGTC-14-s4d8,GARQ,D11,3,40,39,31,0.16552138,Naive CD20+ B
AACGACAAGTGTTGCG-14-s4d8,GARQ,D11,3,40,39,39,0.0024251938,CD4+ T activated
ACCGGCTAGTCTCACC-14-s4d8,GARQ,D11,3,40,39,15,0.114441395,Lymph prog
GCTCACAAGTAGCTTA-14-s4d8,GARQ,D11,3,40,39,20,0.05284953,CD8+ T
CGAGGAAGTGAGGTGA-14-s4d8,GARQ,D11,3,40,39,13,0.0733853,Lymph prog
TCCATAAAGGATTGCT-14-s4d8,GARQ,D11,3,40,39,37,0.07000089,CD8+ T
ATCGGCCAGCGGATTT-14-s4d8,GARQ,D11,3,40,39,20,0.04666543,CD8+ T
CGCTACTTCGTGCTAG-14-s4d8,GARQ,D11,3,40,39,20,0.10568762,CD8+ T
CAATCCTGTTAGGTTG-14-s4d8,GARQ,D11,3,40,39,3,0.6966572,Normoblast
GTCTTTGTCTTTGACT-14-s4d8,GARQ,D11,3,40,39,20,0.051730633,CD8+ T
GTACTTCGTAAGCTTG-14-s4d8,GARQ,D11,3,40,39,14,0.003695488,CD4+ T naive
TTCGGTACAAACCTAT-14-s4d8,GARQ,D11,3,40,39,10,0.07855177,CD8+ T
CAACCCGCAATTGAAG-14-s4d8,GARQ,D11,3,40,39,20,0.09553599,CD8+ T
AGTAACCTCCTAGTAA-14-s4d8,GARQ,D11,3,40,39,10,0.040659785,CD8+ T
CGTGTGTCAACCTAAT-14-s4d8,GARQ,D11,3,40,39,15,0.30391645,Lymph prog
AATTTGCCACAGCCTG-14-s4d8,GARQ,D11,3,40,39,7,0.13119602,CD8+ T
ACGACTTAGCTTAACA-14-s4d8,GARQ,D11,3,40,39,31,0.08710086,Naive CD20+ B
GCGCTAGGTACTTAGG-14-s4d8,GARQ,D11,3,40,39,15,0.15392786,Transitional B
TGGTCATAGGGATTAG-14-s4d8,GARQ,D11,3,40,39,7,0.011711836,CD8+ T
AGGTATTGTTGCTGGG-14-s4d8,GARQ,D11,3,40,39,6,0.034947515,Transitional B
GTTCGCTTCCTTAGTT-14-s4d8,GARQ,D11,3,40,39,31,0.42070997,Naive CD20+ B
GGTAGGAGTGCTAGCG-14-s4d8,GARQ,D11,3,40,39,35,0.03138411,Naive CD20+ B
TAAGGCTTCTTACTCG-14-s4d8,GARQ,D11,3,40,39,10,0.104655504,CD8+ T
ACACTTGCAACCCTAA-14-s4d8,GARQ,D11,3,40,39,14,0.009146452,CD8+ T
ATCTATGAGACTATTG-14-s4d8,GARQ,D11,3,40,39,15,0.061222732,Naive CD20+ B
ACCCGCTGTTTGGGTA-14-s4d8,GARQ,D11,3,40,39,7,0.041835904,CD8+ T
TAAGCCTAGTGAGCGG-14-s4d8,GARQ,D11,3,40,39,1,0.091234446,Naive CD20+ B
ATGTAACGTTGTAAAC-14-s4d8,GARQ,D11,3,40,39,33,0.020745039,Transitional B
AGCTATATCATGAAGG-14-s4d8,GARQ,D11,3,40,39,37,0.013641357,CD8+ T
CTACTAAAGGTCGAGG-14-s4d8,GARQ,D11,3,40,39,37,0.029934883,NK
TTGCCCGTCTAGCGTG-14-s4d8,GARQ,D11,3,40,39,31,0.22022152,Transitional B
GGCGTTATCATGACCG-14-s4d8,GARQ,D11,3,40,39,10,0.030556679,CD4+ T activated
TTCGGTACAAGATTCT-14-s4d8,GARQ,D11,3,40,39,4,0.09164679,HSC
ACTTCGCTCTGTTCAT-14-s4d8,GARQ,D11,3,40,39,20,0.008973002,CD8+ T
TGTCCTTCATAGCGAG-14-s4d8,GARQ,D11,3,40,39,15,0.052512765,cDC2
TGACTCCTCCCTCACG-14-s4d8,GARQ,D11,3,40,39,3,0.08312017,Proerythroblast
GGTTATATCCTGATTT-14-s4d8,GARQ,D11,3,40,39,7,0.010945559,NK
CAAGACAAGTTATGGC-14-s4d8,GARQ,D11,3,40,39,26,0.05519402,CD4+ T naive
GGCTGAGAGCACTAAC-14-s4d8,GARQ,D11,3,40,39,4,0.07094884,cDC2
AGTTGGCGTTCGCTTG-14-s4d8,GARQ,D11,3,40,39,27,0.038315058,CD4+ T activated
GTTTGTAAGTGAACAG-14-s4d8,GARQ,D11,3,40,39,3,0.41109252,Proerythroblast
AAGACATAGCTTAACA-14-s4d8,GARQ,D11,3,40,39,4,0.37646008,CD14+ Mono
ACCAAGTTCGTTAACA-14-s4d8,GARQ,D11,3,40,39,10,0.13881505,CD8+ T
GCATCCTTCGAAGTGA-14-s4d8,GARQ,D11,3,40,39,20,0.09320724,CD8+ T
TCCAGGTCAGGCTTCG-14-s4d8,GARQ,D11,3,40,39,14,0.09091419,Normoblast
CTGGTTACATGAAATG-14-s4d8,GARQ,D11,3,40,39,20,0.27010632,CD8+ T
CCGTGCTGTTAACGGC-14-s4d8,GARQ,D11,3,40,39,6,0.02427435,Transitional B
TTTCCACCACTAGCGT-14-s4d8,GARQ,D11,3,40,39,17,0.045654655,CD8+ T
ACAGTATGTAGTTAAC-14-s4d8,GARQ,D11,3,40,39,4,0.51604533,CD16+ Mono
GTTGCGGGTCTTTGAC-14-s4d8,GARQ,D11,3,40,39,31,0.09712088,Lymph prog
GTACTAGGTTAAGCCA-14-s4d8,GARQ,D11,3,40,39,20,0.011708975,CD8+ T
TGCTCTCAGTAACTCA-14-s4d8,GARQ,D11,3,40,39,20,0.03984028,CD8+ T
GACATAGAGGGTGAAC-14-s4d8,GARQ,D11,3,40,39,20,0.15772498,CD8+ T
GCAACAGCATTGTCAG-14-s4d8,GARQ,D11,3,40,39,31,0.17822433,Naive CD20+ B
GGATATTGTACTGATG-14-s4d8,GARQ,D11,3,40,39,20,0.010648131,NK
TACTCAAAGGAGGGTT-14-s4d8,GARQ,D11,3,40,39,20,0.047495723,CD8+ T
TGTCCTTCATAATCGT-14-s4d8,GARQ,D11,3,40,39,20,0.06034398,CD8+ T
ATATAGGCAATGCCTA-14-s4d8,GARQ,D11,3,40,39,10,0.012380719,CD8+ T
CTGCAATAGTATTGCA-14-s4d8,GARQ,D11,3,40,39,25,0.0042767525,CD4+ T naive
GACGCAACAATTGAGA-14-s4d8,GARQ,D11,3,40,39,22,0.114171505,Naive CD20+ B
TAACCAGGTTACAACG-14-s4d8,GARQ,D11,3,40,39,32,0.0038852096,CD4+ T activated
CGAAGTAAGTATTGGC-14-s4d8,GARQ,D11,3,40,39,22,0.35130334,Naive CD20+ B
ATGTGAGAGGCTGGCT-14-s4d8,GARQ,D11,3,40,39,15,0.16736835,Lymph prog
GACCGAACAGGACCAA-14-s4d8,GARQ,D11,3,40,39,3,0.4276067,Proerythroblast
CAAGCTAGTGCATTTC-14-s4d8,GARQ,D11,3,40,39,20,0.06940687,NK
ATTAGTCCAGGCTTCG-14-s4d8,GARQ,D11,3,40,39,1,0.0022838712,B1 B
GGCTATTAGATAAAGC-14-s4d8,GARQ,D11,3,40,39,15,0.020422816,MK/E prog
CGTTGCGCATAAGTCT-14-s4d8,GARQ,D11,3,40,39,10,0.03603959,CD4+ T activated
CTTGCTCAGGCGGGTA-14-s4d8,GARQ,D11,3,40,39,20,0.06350374,CD8+ T
ACCATTAAGCTGGCTA-14-s4d8,GARQ,D11,3,40,39,15,0.27370214,Lymph prog
CATTGTAAGTCACCAG-14-s4d8,GARQ,D11,3,40,39,31,0.06991053,B1 B
TCCCGTTAGGTATTGC-14-s4d8,GARQ,D11,3,40,39,3,0.73263013,Normoblast
TACTAAGTCCACCCTG-14-s4d8,GARQ,D11,3,40,39,37,0.1994049,CD8+ T
TCAAACCAGCAATAGG-14-s4d8,GARQ,D11,3,40,39,10,0.06403315,CD8+ T
TTGTCCATCCATAAGC-14-s4d8,GARQ,D11,3,40,39,31,0.0988096,Naive CD20+ B
TCTCCTCGTGCATCGG-14-s4d8,GARQ,D11,3,40,39,15,0.27744222,Lymph prog
GTCGAAGCACGTAATT-14-s4d8,GARQ,D11,3,40,39,1,0.05140519,Transitional B
CGCAATAGTTTGGTTC-14-s4d8,GARQ,D11,3,40,39,36,0.002376318,CD4+ T activated
CCTGCTCCAAGCTTTG-14-s4d8,GARQ,D11,3,40,39,15,0.071536064,G/M prog
TCGGTAAGTAATCGGC-14-s4d8,GARQ,D11,3,40,39,32,0.03664708,CD8+ T
TTAGCTGCAGCAATAA-14-s4d8,GARQ,D11,3,40,39,20,0.017319083,CD8+ T
CCCAGTTTCTTGATGA-14-s4d8,GARQ,D11,3,40,39,20,0.04727459,CD8+ T
GGTGAGGTCAGAAACG-14-s4d8,GARQ,D11,3,40,39,4,0.26817334,HSC
GATCAGTTCCGTAAAC-14-s4d8,GARQ,D11,3,40,39,11,0.0087528825,CD8+ T
ATAGATGCAATCTCTC-14-s4d8,GARQ,D11,3,40,39,10,0.0019558668,CD4+ T naive
TGTCATAAGCTATTAG-14-s4d8,GARQ,D11,3,40,39,31,0.07588673,Naive CD20+ B
TTGGCTTGTTAAGCGC-14-s4d8,GARQ,D11,3,40,39,10,0.10552633,CD8+ T
CGTACGGGTCATCCTG-14-s4d8,GARQ,D11,3,40,39,1,0.09561205,Naive CD20+ B
GGAGTGAGTGGATTAT-14-s4d8,GARQ,D11,3,40,39,36,0.005805135,CD8+ T
CCCTTAATCGTTAGTA-14-s4d8,GARQ,D11,3,40,39,10,0.10531533,CD8+ T
CGGCTCACAAAGCGGC-14-s4d8,GARQ,D11,3,40,39,10,0.011849284,CD8+ T
CCAAGTTAGGCCTTAG-14-s4d8,GARQ,D11,3,40,39,7,0.005545616,CD8+ T
ATGATGGAGTATCGCG-14-s4d8,GARQ,D11,3,40,39,3,0.4630506,Proerythroblast
GGTACTAGTATTGTCC-14-s4d8,GARQ,D11,3,40,39,10,0.061328053,CD8+ T
GCTGATCCACTTCATC-14-s4d8,GARQ,D11,3,40,39,21,0.0014880896,Transitional B
ATTCCTCCATCTAGCA-14-s4d8,GARQ,D11,3,40,39,31,0.0369519,B1 B
CCACACAAGCTATTGA-14-s4d8,GARQ,D11,3,40,39,22,0.20656514,Naive CD20+ B
TGATCGAGTCTCAGCC-14-s4d8,GARQ,D11,3,40,39,37,0.028372288,CD8+ T
TTTCAGTTCTTAGGGT-14-s4d8,GARQ,D11,3,40,39,20,0.012983918,CD8+ T
GGGAGTAGTAGGTGTC-14-s4d8,GARQ,D11,3,40,39,10,0.022643328,CD4+ T activated
AGCTTAATCCAAATCA-14-s4d8,GARQ,D11,3,40,39,30,0.0151757,CD4+ T naive
CGCATATAGAACCTGT-14-s4d8,GARQ,D11,3,40,39,6,0.11484611,Transitional B
GCACGGTTCTAATCCT-14-s4d8,GARQ,D11,3,40,39,33,0.02310896,CD4+ T naive
CCTGGATCACAACCTA-14-s4d8,GARQ,D11,3,40,39,1,0.132586,Transitional B
CTTGCTCAGGCCTAAT-14-s4d8,GARQ,D11,3,40,39,25,0.09393883,CD4+ T naive
AACCTTAAGAATCTCA-14-s4d8,GARQ,D11,3,40,39,4,0.33933187,CD14+ Mono
TATGAAGCACTAAATC-14-s4d8,GARQ,D11,3,40,39,3,0.3168943,Proerythroblast
AAGTCTATCCACCTGT-14-s4d8,GARQ,D11,3,40,39,3,0.33801812,Proerythroblast
AGTAACCTCATTAGGC-14-s4d8,GARQ,D11,3,40,39,3,0.6169251,Erythroblast
GACGCCTAGCAAGGAC-14-s4d8,GARQ,D11,3,40,39,15,0.0014817715,G/M prog
GCTTTATTCAATCATG-14-s4d8,GARQ,D11,3,40,39,13,0.020038247,Lymph prog
CATAATGTCTTAGTCT-14-s4d8,GARQ,D11,3,40,39,31,0.12541485,Naive CD20+ B
CTCCGTCCACCTAATG-14-s4d8,GARQ,D11,3,40,39,3,0.5747707,Erythroblast
TCTACCTCAGGGAGGA-14-s4d8,GARQ,D11,3,40,39,14,0.0518986,CD8+ T
AATTCGTCAGCATGGA-14-s4d8,GARQ,D11,3,40,39,22,0.060671568,Transitional B
GACAATACAAGGTCCT-14-s4d8,GARQ,D11,3,40,39,37,0.026274443,CD4+ T naive
TACTAAGTCGTTAACA-14-s4d8,GARQ,D11,3,40,39,20,0.025674105,CD8+ T
TCACGGATCCAGGTTG-14-s4d8,GARQ,D11,3,40,39,20,0.07955778,CD8+ T
TGTGGCGGTTACGCGG-14-s4d8,GARQ,D11,3,40,39,15,0.1469146,Lymph prog
TTAGAAGCATTCCTCG-14-s4d8,GARQ,D11,3,40,39,10,0.12876534,NK
CGTTGCGCATCGCTTT-14-s4d8,GARQ,D11,3,40,39,33,0.02473265,Transitional B
GTAGTTATCCACCTGT-14-s4d8,GARQ,D11,3,40,39,14,0.04302597,NK
TAGGCTGTCCAGGAAA-14-s4d8,GARQ,D11,3,40,39,13,0.0848937,Lymph prog
GTATTGCAGACTTATG-14-s4d8,GARQ,D11,3,40,39,3,0.67180014,Erythroblast
AGGTCCGGTTTGGGCG-14-s4d8,GARQ,D11,3,40,39,3,0.35965133,Proerythroblast
GGTAAGGGTTGCACGG-14-s4d8,GARQ,D11,3,40,39,3,0.28474307,Proerythroblast
GTAAGCGCAAGGTCCT-14-s4d8,GARQ,D11,3,40,39,36,0.0019935966,CD4+ T activated
ATTGCAGGTATTGAGT-14-s4d8,GARQ,D11,3,40,39,3,0.2491368,Proerythroblast
AGTAGGATCATGGCCA-14-s4d8,GARQ,D11,3,40,39,38,0.021978378,CD8+ T
CTACCTCAGCTTAACA-14-s4d8,GARQ,D11,3,40,39,25,0.045610905,CD4+ T activated
GAAGGATGTATTGAGT-14-s4d8,GARQ,D11,3,40,39,25,0.013890147,CD8+ T
AGTGAGTCACAAAGAC-14-s4d8,GARQ,D11,3,40,39,4,0.33157414,CD16+ Mono
CCTTAGTGTTAACAGT-14-s4d8,GARQ,D11,3,40,39,10,0.022271514,CD4+ T activated
ATTTGTGAGGCTGGCT-14-s4d8,GARQ,D11,3,40,39,17,0.088624716,CD8+ T
TGCTTCCAGGGACTAA-14-s4d8,GARQ,D11,3,40,39,20,0.045916677,CD8+ T
TGCACTTGTATTGTGG-14-s4d8,GARQ,D11,3,40,39,39,0.079978466,CD8+ T
CTTCAAGCAAGCTTTG-14-s4d8,GARQ,D11,3,40,39,3,0.45976818,Proerythroblast
ACTAACGGTGTTGTGA-14-s4d8,GARQ,D11,3,40,39,4,0.4159143,CD14+ Mono
TGAGAACCATAGGCGA-14-s4d8,GARQ,D11,3,40,39,7,0.018344522,CD8+ T
GGTAACCGTCGCAATA-14-s4d8,GARQ,D11,3,40,39,1,0.20464635,Naive CD20+ B
TGACCTTGTTCCTGAT-14-s4d8,GARQ,D11,3,40,39,15,0.15985775,G/M prog
CGCATTACATTGTCCT-14-s4d8,GARQ,D11,3,40,39,15,0.30520236,Lymph prog
TTGCCCGTCAGTTCCC-14-s4d8,GARQ,D11,3,40,39,21,0.01458025,B1 B
TTAAGTGTCGATCAGT-14-s4d8,GARQ,D11,3,40,39,6,0.14313936,Lymph prog
TAGTAACGTGTTTGCT-14-s4d8,GARQ,D11,3,40,39,37,0.0023286343,NK
GCCATGATCAACCAAC-14-s4d8,GARQ,D11,3,40,39,2,0.05069542,CD8+ T
GACCTCAAGTAGCGGG-14-s4d8,GARQ,D11,3,40,39,13,0.0034974813,Lymph prog
GCAGCCAGTTCACCCA-14-s4d8,GARQ,D11,3,40,39,22,0.1190722,B1 B
GCTCTGTTCCTGAATA-14-s4d8,GARQ,D11,3,40,39,4,0.4108472,CD14+ Mono
GTAAGCTTCACTTTAC-14-s4d8,GARQ,D11,3,40,39,21,0.07057583,B1 B
GTTCATTTCGCCTGTT-14-s4d8,GARQ,D11,3,40,39,2,0.0047385693,CD8+ T
GCAGCTATCTTGCAAA-14-s4d8,GARQ,D11,3,40,39,25,0.026770711,CD4+ T activated
TCTTTGTAGCCTGACA-14-s4d8,GARQ,D11,3,40,39,10,0.16596413,CD8+ T
ACCCTGTTCGTACCGA-14-s4d8,GARQ,D11,3,40,39,31,0.056515574,Naive CD20+ B
AACTGTTCATTATGCG-14-s4d8,GARQ,D11,3,40,39,3,0.4039495,Erythroblast
CGTGCACAGGCTAATC-14-s4d8,GARQ,D11,3,40,39,20,0.0087426305,CD8+ T
GATGACTTCCTGCGAA-14-s4d8,GARQ,D11,3,40,39,5,0.09175503,CD8+ T
ACTTATGAGACAAGTG-14-s4d8,GARQ,D11,3,40,39,38,0.025083184,CD8+ T
ACATTAGTCTTGCAAA-14-s4d8,GARQ,D11,3,40,39,4,0.43652117,cDC2
AGTCAGGCATAACGGG-14-s4d8,GARQ,D11,3,40,39,37,0.0052857995,CD16+ Mono
TGCAATATCGATCAGT-14-s4d8,GARQ,D11,3,40,39,4,0.31324416,CD14+ Mono
ACCTAAGGTTTGTGGA-14-s4d8,GARQ,D11,3,40,39,31,0.011995077,Naive CD20+ B
CGTTAGTAGTCCTTCA-14-s4d8,GARQ,D11,3,40,39,15,0.14501429,G/M prog
TACCGAAGTAGCCATA-14-s4d8,GARQ,D11,3,40,39,4,0.31323898,CD16+ Mono
CAAGTAACAACCCTAA-14-s4d8,GARQ,D11,3,40,39,22,0.028396606,Transitional B
TAATTGCCAACGTGCT-14-s4d8,GARQ,D11,3,40,39,4,0.077466786,Lymph prog
AAGAATCAGTCTGGGC-14-s4d8,GARQ,D11,3,40,39,22,0.03872788,Naive CD20+ B
GTCCTAGAGTGAAGTG-14-s4d8,GARQ,D11,3,40,39,15,0.13095629,Lymph prog
AGCCTAAGTGCGCAAT-14-s4d8,GARQ,D11,3,40,39,10,0.00232625,CD8+ T
GATCAGGCAAAGGTAC-14-s4d8,GARQ,D11,3,40,39,31,0.07563758,Naive CD20+ B
GCAGCAACAGGACCAA-14-s4d8,GARQ,D11,3,40,39,7,0.01096648,NK
ACCATTAAGCAAGATG-14-s4d8,GARQ,D11,3,40,39,20,0.03854251,CD8+ T
ATATGGTGTAAATTGC-14-s4d8,GARQ,D11,3,40,39,3,0.26825917,Proerythroblast
CCGGTTAAGCAAGGGT-14-s4d8,GARQ,D11,3,40,39,22,0.24920607,Naive CD20+ B
GTTAAGTGTGGTGAGA-14-s4d8,GARQ,D11,3,40,39,3,0.38398725,Proerythroblast
TACTGACAGATAACCC-14-s4d8,GARQ,D11,3,40,39,15,0.013512731,cDC2
CCACAATAGCCACAAT-14-s4d8,GARQ,D11,3,40,39,37,0.08432698,CD8+ T
CCACAATAGGGTCTAT-14-s4d8,GARQ,D11,3,40,39,20,0.09419787,NK
AACCGCTCAAGGACCA-14-s4d8,GARQ,D11,3,40,39,37,0.030887961,CD4+ T naive
CCTATTTAGCCTAACG-14-s4d8,GARQ,D11,3,40,39,10,0.2259345,CD8+ T
TCTCCTCGTTACCGGG-14-s4d8,GARQ,D11,3,40,39,17,0.0053753853,CD8+ T
AGTGTGGCATTAAGTC-14-s4d8,GARQ,D11,3,40,39,14,0.03473568,NK
TATTTGGAGGGCCATC-14-s4d8,GARQ,D11,3,40,39,15,0.0688957,Transitional B
GAAGTAAGTCAATACG-14-s4d8,GARQ,D11,3,40,39,3,0.16966826,Proerythroblast
CGAGCTGGTGATGGCT-14-s4d8,GARQ,D11,3,40,39,27,0.017983079,CD4+ T activated
CATTATCTCCTTTACG-14-s4d8,GARQ,D11,3,40,39,20,0.12831259,NK
GTAGGAGGTTACCTGT-14-s4d8,GARQ,D11,3,40,39,35,0.0052649975,B1 B
ATATGGTGTTAGAGGG-14-s4d8,GARQ,D11,3,40,39,14,0.016919732,CD8+ T
TGACTCCTCGTAATCA-14-s4d8,GARQ,D11,3,40,39,22,0.05876243,Naive CD20+ B
GATCAGGCAGGCTTCG-14-s4d8,GARQ,D11,3,40,39,10,0.019880354,CD4+ T naive
GCGCTTAAGCCGCAGT-14-s4d8,GARQ,D11,3,40,39,20,0.13006067,CD8+ T
CCAATATCATGATTGT-14-s4d8,GARQ,D11,3,40,39,10,0.062242746,CD8+ T
CGCACCACAGCAAGGC-14-s4d8,GARQ,D11,3,40,39,22,0.08702999,Naive CD20+ B
GGTAAACCAATACTGT-14-s4d8,GARQ,D11,3,40,39,20,0.20762086,CD8+ T
AATGCAACAGAGGGAG-14-s4d8,GARQ,D11,3,40,39,20,0.05720699,CD8+ T
CAGCCTAAGGCGGGTA-14-s4d8,GARQ,D11,3,40,39,36,0.057591915,CD8+ T
GTTCCTTCATGCTATG-14-s4d8,GARQ,D11,3,40,39,3,0.6512402,Proerythroblast
ACGTTACAGGACACTT-14-s4d8,GARQ,D11,3,40,39,3,0.18939543,Proerythroblast
CTGGACCAGAAAGGAA-14-s4d8,GARQ,D11,3,40,39,20,0.0004503727,CD8+ T
TGTAAAGCATGGTTAT-14-s4d8,GARQ,D11,3,40,39,31,0.16887355,Naive CD20+ B
GCTGATCCAAACCTTG-14-s4d8,GARQ,D11,3,40,39,3,0.00059592724,MK/E prog
CCCTGTTAGTCACCAG-14-s4d8,GARQ,D11,3,40,39,3,0.12776291,Proerythroblast
AAGGTGCAGCAAGGAC-14-s4d8,GARQ,D11,3,40,39,31,0.20422065,Naive CD20+ B
CTTCTAAGTTTGGCGG-14-s4d8,GARQ,D11,3,40,39,35,0.08405751,B1 B
GGTAACCGTATTCGCT-14-s4d8,GARQ,D11,3,40,39,26,0.033974648,CD4+ T activated
AGCTTAATCTCACTCA-14-s4d8,GARQ,D11,3,40,39,10,0.07956231,CD8+ T
CGTTATTTCACGCATG-14-s4d8,GARQ,D11,3,40,39,3,0.4381441,Proerythroblast
AACAGGATCCTGGTCT-14-s4d8,GARQ,D11,3,40,39,27,0.002524972,NK
TTGACATCAATCCTGA-14-s4d8,GARQ,D11,3,40,39,37,0.024565876,CD8+ T
TATGGCCCAGCACGAA-14-s4d8,GARQ,D11,3,40,39,20,0.011915207,CD8+ T
CTCCTCACATCCCTCA-14-s4d8,GARQ,D11,3,40,39,5,0.014108658,CD8+ T
CCCAATTGTTTAGCTC-14-s4d8,GARQ,D11,3,40,39,20,0.09074521,CD8+ T
ACCTGGTCAGGGAGGA-14-s4d8,GARQ,D11,3,40,39,14,0.0030516386,CD8+ T
GTTAAGCTCGCTTGCT-14-s4d8,GARQ,D11,3,40,39,8,0.0965817,Naive CD20+ B
ACCAGGCTCCAGGTTG-14-s4d8,GARQ,D11,3,40,39,3,0.35767376,Proerythroblast
TGTCCTGGTGACATAT-14-s4d8,GARQ,D11,3,40,39,4,0.19245136,CD14+ Mono
CATCATAAGGCGGATG-14-s4d8,GARQ,D11,3,40,39,31,0.09604049,B1 B
TAATCCGCACAGGGAC-14-s4d8,GARQ,D11,3,40,39,27,0.0061514378,CD8+ T
ATTGTCCGTTAGTACG-14-s4d8,GARQ,D11,3,40,39,25,0.08000815,CD4+ T activated
TACCGCAAGAGGAGTC-14-s4d8,GARQ,D11,3,40,39,5,0.05827284,CD8+ T
TCCACAACAAGGTACG-14-s4d8,GARQ,D11,3,40,39,20,0.043858528,CD4+ T activated
ATGGCTAGTTGCGGAT-14-s4d8,GARQ,D11,3,40,39,17,0.0101668835,CD8+ T
GTCGCAATCTTAGCGG-14-s4d8,GARQ,D11,3,40,39,38,0.044029117,CD8+ T
GAACACAAGAGGAGGA-14-s4d8,GARQ,D11,3,40,39,20,0.18599129,CD8+ T
CGATTCCTCCGCCTCA-14-s4d8,GARQ,D11,3,40,39,5,0.004807949,CD8+ T
GCCTCGACAATAACCT-14-s4d8,GARQ,D11,3,40,39,10,0.08465743,CD8+ T
CCGTGCTGTGCTGGTG-14-s4d8,GARQ,D11,3,40,39,3,0.3438171,Erythroblast
GGCAAGCCACACAATT-14-s4d8,GARQ,D11,3,40,39,3,0.634007,Erythroblast
CTATTCAGTAATCCCT-14-s4d8,GARQ,D11,3,40,39,20,0.033215404,CD8+ T
TTTCAGTTCGAGGAGT-14-s4d8,GARQ,D11,3,40,39,37,0.010568798,CD8+ T
CCGGTAGGTGTCCAGG-14-s4d8,GARQ,D11,3,40,39,10,0.06516087,CD8+ T
TAAGGCTTCATTAGCA-14-s4d8,GARQ,D11,3,40,39,22,0.06450975,Naive CD20+ B
ACAGCCGGTCGACTAA-14-s4d8,GARQ,D11,3,40,39,7,0.0001398325,CD8+ T
ACCTAAGGTCATCCTG-14-s4d8,GARQ,D11,3,40,39,20,0.13254833,CD8+ T
GCGTTTCTCATGCAAC-14-s4d8,GARQ,D11,3,40,39,31,0.2293415,Naive CD20+ B
TCATCCATCTCACTAT-14-s4d8,GARQ,D11,3,40,39,5,0.031154633,CD8+ T
TACCGAAGTTGCCTCA-14-s4d8,GARQ,D11,3,40,39,4,0.4152975,CD14+ Mono
GAGTTGCGTGTGAGGA-14-s4d8,GARQ,D11,3,40,39,20,0.21016479,CD8+ T
TGTCATAAGATTCCTT-14-s4d8,GARQ,D11,3,40,39,20,0.011419892,CD8+ T
CGCTGTGCAAACTAAG-14-s4d8,GARQ,D11,3,40,39,20,0.047807217,CD8+ T
CTTTCTTGTTCCTGAT-14-s4d8,GARQ,D11,3,40,39,31,0.17751193,Naive CD20+ B
GCTGCATCATTCCTCG-14-s4d8,GARQ,D11,3,40,39,2,0.090036154,NK
AGCACTTAGGGTTAGA-14-s4d8,GARQ,D11,3,40,39,13,0.092597306,HSC
CTACTTAGTAATGACT-14-s4d8,GARQ,D11,3,40,39,10,0.0283072,CD8+ T
ATCAGGTTCATTACGA-14-s4d8,GARQ,D11,3,40,39,18,0.032119155,CD4+ T naive
ACTAAAGCATGAGCAG-14-s4d8,GARQ,D11,3,40,39,20,0.026661754,CD8+ T
GATTCATCAGGCCTTG-14-s4d8,GARQ,D11,3,40,39,34,0.0131316185,MK/E prog
TCAAGGTTCCTTCTAG-14-s4d8,GARQ,D11,3,40,39,11,0.012961507,CD8+ T
CCAAGTTAGGCAACAA-14-s4d8,GARQ,D11,3,40,39,15,0.01417315,MK/E prog
AAGTAGCCATAGACTT-14-s4d8,GARQ,D11,3,40,39,20,0.02382183,CD8+ T
GGAGTGAGTGTGTCCC-14-s4d8,GARQ,D11,3,40,39,7,0.0932523,CD8+ T
CGGTTTGAGGCCATCA-14-s4d8,GARQ,D11,3,40,39,1,0.22740364,Naive CD20+ B
AGAGATTAGGTGCTGC-14-s4d8,GARQ,D11,3,40,39,4,0.16784406,CD14+ Mono
AACTACTCAATTGACT-14-s4d8,GARQ,D11,3,40,39,20,0.1424681,CD8+ T
GGTTTGTAGGAACCAA-14-s4d8,GARQ,D11,3,40,39,10,0.07932997,CD8+ T
CCTGAGTCAAATACCT-14-s4d8,GARQ,D11,3,40,39,4,0.06058836,HSC
GAGCTAGCAAGTCGCT-14-s4d8,GARQ,D11,3,40,39,4,0.009787679,MK/E prog
GGTCATTAGTTAGACC-14-s4d8,GARQ,D11,3,40,39,27,0.022842169,CD8+ T
GTTCCTGGTGCTGGTG-14-s4d8,GARQ,D11,3,40,39,6,0.025004983,Lymph prog
GTACTGGTCCGCTAGA-14-s4d8,GARQ,D11,3,40,39,3,0.60503864,Proerythroblast
TAGCTAGGTGCAATGC-14-s4d8,GARQ,D11,3,40,39,20,0.033920288,CD8+ T
GGTCAGGAGCTTCCCG-14-s4d8,GARQ,D11,3,40,39,14,0.012576103,CD8+ T
ACAGGTAAGCTATTAG-14-s4d8,GARQ,D11,3,40,39,21,0.12289494,B1 B
CGTGCTGCATCCTAGA-14-s4d8,GARQ,D11,3,40,39,15,0.040139437,G/M prog
TTTCCTGAGCACGATT-14-s4d8,GARQ,D11,3,40,39,4,0.12799537,HSC
CAAGGTTTCTCACTCA-14-s4d8,GARQ,D11,3,40,39,20,0.116276026,CD8+ T
ATAGATGCAACCTAAT-14-s4d8,GARQ,D11,3,40,39,20,0.08717489,CD8+ T
CGTGCACAGACAGGCG-14-s4d8,GARQ,D11,3,40,39,17,0.009251833,CD8+ T
GTGTTACAGACAACGA-14-s4d8,GARQ,D11,3,40,39,15,0.27915382,Transitional B
GATCGAGCATTAAACC-14-s4d8,GARQ,D11,3,40,39,17,0.017751217,CD4+ T activated
TCAGTAGGTTTCGCCA-14-s4d8,GARQ,D11,3,40,39,20,0.079530716,CD8+ T
TTGCAACAGCGTGCGT-14-s4d8,GARQ,D11,3,40,39,20,0.024760008,NK
CACTTAAAGGTTTACA-14-s4d8,GARQ,D11,3,40,39,31,0.0054585338,Transitional B
TTTAGGATCCGCACAA-14-s4d8,GARQ,D11,3,40,39,5,0.013273835,CD8+ T
TCCTAGTGTAGGTGTC-14-s4d8,GARQ,D11,3,40,39,37,0.10064936,CD4+ T activated
CGCTTAACAAACCTTG-14-s4d8,GARQ,D11,3,40,39,23,0.028427482,CD8+ T
TCTCAATTCACGCGGT-14-s4d8,GARQ,D11,3,40,39,14,0.04142797,CD8+ T
TCGTTAGCACAAGCCT-14-s4d8,GARQ,D11,3,40,39,31,0.03563285,Transitional B
TGTTATGAGTCACTAA-14-s4d8,GARQ,D11,3,40,39,33,0.025573492,Naive CD20+ B
GCCACAATCTGGCAAT-14-s4d8,GARQ,D11,3,40,39,15,0.07313287,G/M prog
GCGCTTGCAAGTTATC-14-s4d8,GARQ,D11,3,40,39,15,0.069505036,Lymph prog
GGACCTCAGATAAAGC-14-s4d8,GARQ,D11,3,40,39,10,0.025077224,Plasma cell
GAACTTATCCGCCAAA-14-s4d8,GARQ,D11,3,40,39,25,0.007128477,CD4+ T naive
AGCTAAACATCAGTAT-14-s4d8,GARQ,D11,3,40,39,10,0.028420925,CD8+ T
TAAGGCTTCAGTTCCC-14-s4d8,GARQ,D11,3,40,39,7,0.08878398,CD8+ T
TCGTTATTCTTGCAGG-14-s4d8,GARQ,D11,3,40,39,15,0.25200766,Lymph prog
AGAAACTAGTTAGCTA-14-s4d8,GARQ,D11,3,40,39,15,0.11450106,Lymph prog
TTGCAACAGTCACCAG-14-s4d8,GARQ,D11,3,40,39,4,0.1757899,CD16+ Mono
CCGCCAACATAATCGT-14-s4d8,GARQ,D11,3,40,39,4,0.41281813,G/M prog
AGAGGATGTTTACGTC-14-s4d8,GARQ,D11,3,40,39,15,0.20411837,Lymph prog
TCCGCCATCTCGACCT-14-s4d8,GARQ,D11,3,40,39,5,0.039956808,CD8+ T
CAGGACACATCTAGCA-14-s4d8,GARQ,D11,3,40,39,4,0.17421198,pDC
GCGAAGTAGGCATGTT-14-s4d8,GARQ,D11,3,40,39,27,0.0045530796,CD8+ T
GGTAACTTCCCTCTAA-14-s4d8,GARQ,D11,3,40,39,4,0.15298384,MK/E prog
TTTGACCGTCATCAAG-14-s4d8,GARQ,D11,3,40,39,15,0.42800045,Transitional B
GCTATCCTCTAAGTCA-14-s4d8,GARQ,D11,3,40,39,5,0.004524946,CD8+ T
GTGCTGATCCGCACAA-14-s4d8,GARQ,D11,3,40,39,31,0.018078327,Naive CD20+ B
CCATAATCATCATGGC-14-s4d8,GARQ,D11,3,40,39,10,0.006495118,CD8+ T
AGCCAGTGTGCTGGTG-14-s4d8,GARQ,D11,3,40,39,20,0.0017185211,CD8+ T
ACGAACAAGAGGCTAA-14-s4d8,GARQ,D11,3,40,39,10,0.026260495,CD8+ T
CCTGCTCCAGGTTCAC-14-s4d8,GARQ,D11,3,40,39,10,0.027862549,CD8+ T
CAGCTCAAGCTATTAG-14-s4d8,GARQ,D11,3,40,39,7,0.0036309958,CD8+ T
ACCAAGCGTTAGGCGT-14-s4d8,GARQ,D11,3,40,39,17,0.007647276,CD8+ T
GCAAGTGCATCCTGAA-14-s4d8,GARQ,D11,3,40,39,3,0.17275053,Erythroblast
AGAAACTAGGAACGGT-14-s4d8,GARQ,D11,3,40,39,3,0.13662422,Proerythroblast
TGGCTATAGTTTCCTG-14-s4d8,GARQ,D11,3,40,39,7,0.038114667,CD8+ T
AATTAGGCAATTGAGA-14-s4d8,GARQ,D11,3,40,39,31,0.12969065,Naive CD20+ B
ACCCTCCCACAAAGCG-14-s4d8,GARQ,D11,3,40,39,10,0.2738285,CD4+ T activated
GTCATGCCATAATCCG-14-s4d8,GARQ,D11,3,40,39,20,0.057181954,CD8+ T
GATGAGGGTTCACCAT-14-s4d8,GARQ,D11,3,40,39,14,0.013302922,CD8+ T
ACATCAATCCCATAGG-14-s4d8,GARQ,D11,3,40,39,31,0.024302483,Transitional B
AACTACTCAGGAATCG-14-s4d8,GARQ,D11,3,40,39,20,0.114438534,CD8+ T
AGTCCTGAGGCTAAGA-14-s4d8,GARQ,D11,3,40,39,3,0.15116525,Proerythroblast
TCCTGGTTCAGGCTAT-14-s4d8,GARQ,D11,3,40,39,10,0.072416425,NK
AATCTCAAGACAACGA-14-s4d8,GARQ,D11,3,40,39,4,0.18789887,CD14+ Mono
TACCTTTAGGGATGAC-14-s4d8,GARQ,D11,3,40,39,20,0.18160152,CD8+ T
GGTCAATTCATGTTTC-14-s4d8,GARQ,D11,3,40,39,3,0.3711363,Proerythroblast
ACTTAGGGTCCCGGAA-14-s4d8,GARQ,D11,3,40,39,18,0.04373789,CD4+ T activated
AGGCAGGTCATGAAGG-14-s4d8,GARQ,D11,3,40,39,17,0.0017354488,CD8+ T
TTGAGGCGTTTGGGTA-14-s4d8,GARQ,D11,3,40,39,3,0.55513513,Proerythroblast
ATATAGGCAGCATTAT-14-s4d8,GARQ,D11,3,40,39,31,0.41467643,Naive CD20+ B
CTTAAGGGTCATGAGC-14-s4d8,GARQ,D11,3,40,39,3,0.50755084,Normoblast
TTGATGTCAATCTCTC-14-s4d8,GARQ,D11,3,40,39,3,0.12218571,Proerythroblast
GTTCACCTCAGCCAAT-14-s4d8,GARQ,D11,3,40,39,31,0.11018026,Naive CD20+ B
GAACGAATCAGGTCCA-14-s4d8,GARQ,D11,3,40,39,15,0.060943484,Lymph prog
ACAGGAATCGTTTCCA-14-s4d8,GARQ,D11,3,40,39,3,0.7961981,Erythroblast
GCTTTGTGTGTTTGCT-14-s4d8,GARQ,D11,3,40,39,4,0.20976782,MK/E prog
AGTAACACAAGGTACG-14-s4d8,GARQ,D11,3,40,39,20,0.1351831,CD8+ T
AGCTTTAAGTTAGCTA-14-s4d8,GARQ,D11,3,40,39,10,0.21700668,CD8+ T
CATGCGGGTATTACCC-14-s4d8,GARQ,D11,3,40,39,22,0.11363351,Transitional B
ATGGTGCGTTCTTTAG-14-s4d8,GARQ,D11,3,40,39,10,0.079636335,CD8+ T
ACTCAGTAGCGCTCAA-14-s4d8,GARQ,D11,3,40,39,10,0.017633915,CD8+ T
ACTTACAAGCAAGATG-14-s4d8,GARQ,D11,3,40,39,17,0.06512308,CD8+ T
ACACAATGTTGGCGTG-14-s4d8,GARQ,D11,3,40,39,32,0.021116972,CD8+ T
CCAGGAACAACAGCCT-14-s4d8,GARQ,D11,3,40,39,21,0.310211,Plasma cell
GCGTGCTAGACAGGTA-14-s4d8,GARQ,D11,3,40,39,3,0.34962064,Proerythroblast
TTTGTGTTCCAGGTCA-14-s4d8,GARQ,D11,3,40,39,31,0.18395829,Naive CD20+ B
GAAGGCCCATATTGAC-14-s4d8,GARQ,D11,3,40,39,15,0.05188173,Lymph prog
CACAGGCTCCTAGTCC-14-s4d8,GARQ,D11,3,40,39,17,0.015188158,CD8+ T
AGTCGCATCCTCAGCT-14-s4d8,GARQ,D11,3,40,39,20,0.01383543,CD8+ T
CGCATATAGGTCAAAG-14-s4d8,GARQ,D11,3,40,39,20,0.041478515,CD8+ T
ACCTGTTGTTGAGGTC-14-s4d8,GARQ,D11,3,40,39,17,3.993511e-06,CD8+ T
ACCTAAGGTCCGTAGG-14-s4d8,GARQ,D11,3,40,39,1,0.112430096,Naive CD20+ B
AGTTATGTCATGGCTG-14-s4d8,GARQ,D11,3,40,39,5,0.06144184,CD8+ T
TAATCCGCAGCAAGTG-14-s4d8,GARQ,D11,3,40,39,13,0.13881183,cDC2
CTAGCTGAGAATGACG-14-s4d8,GARQ,D11,3,40,39,34,0.08479947,CD16+ Mono
AGCATTTCACCTGCCT-14-s4d8,GARQ,D11,3,40,39,15,0.095976114,Transitional B
TAGCGCGGTTCGGTAA-14-s4d8,GARQ,D11,3,40,39,15,0.10936451,Transitional B
TCCTTGCAGAACCTGT-14-s4d8,GARQ,D11,3,40,39,3,0.25495827,Proerythroblast
GTCAGGCTCTCCATAT-14-s4d8,GARQ,D11,3,40,39,20,0.11522341,CD8+ T
ACTGAATGTACCGTTT-14-s4d8,GARQ,D11,3,40,39,10,0.080360055,CD8+ T
ACGGTACGTAGGATCC-14-s4d8,GARQ,D11,3,40,39,3,0.2730416,Proerythroblast
TGACTTCGTGTTGCTT-14-s4d8,GARQ,D11,3,40,39,20,0.12668157,CD8+ T
CCTTACTCAGGCTTGT-14-s4d8,GARQ,D11,3,40,39,15,0.21392202,Lymph prog
ACCAGGACAACAACAA-14-s4d8,GARQ,D11,3,40,39,26,0.020091772,CD4+ T activated
ATGTTTGAGTTGCGTG-14-s4d8,GARQ,D11,3,40,39,3,0.11147237,Proerythroblast
TTAAAGGCACCGGTAT-14-s4d8,GARQ,D11,3,40,39,17,0.015270948,CD8+ T
GCCTACTTCATGTCAA-14-s4d8,GARQ,D11,3,40,39,35,0.04075831,Normoblast
CCACAATAGTCATTAG-14-s4d8,GARQ,D11,3,40,39,20,0.108329415,CD8+ T
TTCACTGTCGGCCATA-14-s4d8,GARQ,D11,3,40,39,31,0.07768035,B1 B
GGCGTTATCCCATAGG-14-s4d8,GARQ,D11,3,40,39,3,0.2167803,Proerythroblast
TGCTCTCAGCTTACTT-14-s4d8,GARQ,D11,3,40,39,15,0.30903304,Transitional B
TGAGCCGGTGCTTTAC-14-s4d8,GARQ,D11,3,40,39,34,0.05800569,CD4+ T activated
AGCGATTTCATCCTAT-14-s4d8,GARQ,D11,3,40,39,22,0.15540326,Naive CD20+ B
CCGTTACTCATCCTCA-14-s4d8,GARQ,D11,3,40,39,3,0.6007098,Proerythroblast
ATCGCTTGTAATCACG-14-s4d8,GARQ,D11,3,40,39,35,0.026655912,Normoblast
GCTTGTTGTAACTACG-14-s4d8,GARQ,D11,3,40,39,35,0.0050054193,CD8+ T
TACAATGTCATAATCG-14-s4d8,GARQ,D11,3,40,39,20,0.16148531,CD8+ T
AGTTTGATCAAGACTC-14-s4d8,GARQ,D11,3,40,39,3,0.33873272,Proerythroblast
TCCCTGGTCGCATTAA-14-s4d8,GARQ,D11,3,40,39,6,0.014120758,Transitional B
TGCTTGCTCAGCCAAT-14-s4d8,GARQ,D11,3,40,39,15,0.16418815,Lymph prog
GTATTGCAGCTCGCTT-14-s4d8,GARQ,D11,3,40,39,10,0.13504124,CD8+ T
ACCTAAATCATGGTTA-14-s4d8,GARQ,D11,3,40,39,31,0.10270631,Transitional B
AGTAACCTCTTAGTGA-14-s4d8,GARQ,D11,3,40,39,10,0.15642571,CD8+ T
GGATTTATCGTTTCCA-14-s4d8,GARQ,D11,3,40,39,20,0.008363128,CD4+ T activated
CTGCTACTCCCGCAAA-14-s4d8,GARQ,D11,3,40,39,22,0.02342087,B1 B
TTATGCGCATTTGCTC-14-s4d8,GARQ,D11,3,40,39,2,0.019108653,CD4+ T activated
CAGGTTTAGAGGAGTC-14-s4d8,GARQ,D11,3,40,39,37,0.11545527,CD8+ T
TAGTAACGTGTCCAAA-14-s4d8,GARQ,D11,3,40,39,5,0.09129554,CD8+ T
CGCACACAGGCATTAC-14-s4d8,GARQ,D11,3,40,39,27,0.06291342,CD4+ T activated
ACTAACTCACCGGCTA-14-s4d8,GARQ,D11,3,40,39,20,0.0035384893,CD8+ T
TCACGGATCTTTGACT-14-s4d8,GARQ,D11,3,40,39,5,0.037046075,CD8+ T
TCTTAGTTCCTAATAG-14-s4d8,GARQ,D11,3,40,39,20,0.18909466,CD8+ T
TGAGTGAAGTGAACGA-14-s4d8,GARQ,D11,3,40,39,10,0.04192424,CD8+ T
AGCTCATAGTCTTGAA-14-s4d8,GARQ,D11,3,40,39,10,0.029178143,CD8+ T
GGTCTTGAGAGAGCCG-14-s4d8,GARQ,D11,3,40,39,15,0.19068551,Lymph prog
TTTCAGTTCCGCCAAA-14-s4d8,GARQ,D11,3,40,39,15,0.14348185,cDC2
AGGGTTGCACAACAGG-14-s4d8,GARQ,D11,3,40,39,17,0.037012577,CD8+ T
TCCTTGCAGGTACCGC-14-s4d8,GARQ,D11,3,40,39,31,0.02344346,CD8+ T
GTCTTTGTCTACTAAG-14-s4d8,GARQ,D11,3,40,39,10,0.009032369,CD8+ T
GCCAACATCAGCAAAG-14-s4d8,GARQ,D11,3,40,39,13,0.064053535,HSC
GGTTGCTCACACTAAT-14-s4d8,GARQ,D11,3,40,39,17,0.043686032,CD8+ T
TGCATGAGTCATCATC-14-s4d8,GARQ,D11,3,40,39,3,0.24612546,Proerythroblast
GAGGCTACAATCCCTT-14-s4d8,GARQ,D11,3,40,39,1,0.057308316,Naive CD20+ B
AGCACTAGTGCAACTA-14-s4d8,GARQ,D11,3,40,39,38,0.00803566,CD8+ T
CAGAACCGTGAAACAA-14-s4d8,GARQ,D11,3,40,39,37,0.12139368,CD4+ T activated
AGTTGTCAGCGCAATT-14-s4d8,GARQ,D11,3,40,39,15,0.043206275,Lymph prog
CACTTAAAGCAAGGGT-14-s4d8,GARQ,D11,3,40,39,20,0.10318446,CD8+ T
CCTTGCGTCTGCAAGT-14-s4d8,GARQ,D11,3,40,39,15,0.258121,Lymph prog
CGGCAATGTTTGGGCG-14-s4d8,GARQ,D11,3,40,39,8,0.1396966,B1 B
GCTCATTGTCCAAGAC-14-s4d8,GARQ,D11,3,40,39,14,0.018605947,NK
TATAGCCAGTCCTTCA-14-s4d8,GARQ,D11,3,40,39,3,0.26449883,Proerythroblast
CCTGAATAGCTCCTTA-14-s4d8,GARQ,D11,3,40,39,20,0.01795721,CD8+ T
CAGGGTGAGCTGTCAG-14-s4d8,GARQ,D11,3,40,39,15,0.015710235,MK/E prog
TGGCCAATCCTACCTA-14-s4d8,GARQ,D11,3,40,39,14,0.027120113,CD4+ T activated
AATCCATCATCGTTCT-14-s4d8,GARQ,D11,3,40,39,5,0.00039291382,CD4+ T activated
TCTCAAGCAATATAGG-14-s4d8,GARQ,D11,3,40,39,20,0.15997696,CD8+ T
TCTTAGTTCACTTCAT-14-s4d8,GARQ,D11,3,40,39,7,0.13890684,CD8+ T
CCATAGCCATCGTTCT-14-s4d8,GARQ,D11,3,40,39,10,0.07965803,CD8+ T
AGAACCAAGGCTACAT-14-s4d8,GARQ,D11,3,40,39,14,0.052556515,CD8+ T
CTGTTAAAGACACCGC-14-s4d8,GARQ,D11,3,40,39,37,0.07235062,CD4+ T naive
TTGCAATCACCATATG-14-s4d8,GARQ,D11,3,40,39,10,0.0032396317,CD8+ T
GACTCACCACTATGGC-14-s4d8,GARQ,D11,3,40,39,14,0.057001233,CD8+ T
GCTTACCTCTCATCAT-14-s4d8,GARQ,D11,3,40,39,4,0.17284727,cDC2
CGAAGAATCAATCATG-14-s4d8,GARQ,D11,3,40,39,2,0.039859653,CD8+ T
TAGGAGGGTAACAGGG-14-s4d8,GARQ,D11,3,40,39,1,0.018099427,Transitional B
TCCGCCATCTTGTCCA-14-s4d8,GARQ,D11,3,40,39,31,0.24260855,Naive CD20+ B
TAGCCTGAGGAAACTG-14-s4d8,GARQ,D11,3,40,39,37,0.24180591,CD4+ T activated
CGGCAATGTTAGCTGA-14-s4d8,GARQ,D11,3,40,39,22,0.0159204,Naive CD20+ B
AGCTGCTCACGGTTTA-14-s4d8,GARQ,D11,3,40,39,5,0.017384768,CD8+ T
TATGACTCACTAGGTC-14-s4d8,GARQ,D11,3,40,39,14,0.07931805,CD8+ T
AGCTACGTCAGTTCCC-14-s4d8,GARQ,D11,3,40,39,20,0.019801855,CD8+ T
CGGCTAATCCTCAGCT-14-s4d8,GARQ,D11,3,40,39,3,0.049169302,Proerythroblast
AGCTTAATCCCGTTTA-14-s4d8,GARQ,D11,3,40,39,1,0.0037626624,Naive CD20+ B
TTGTGTGCAATTGACT-14-s4d8,GARQ,D11,3,40,39,10,0.055630684,CD4+ T activated
ATAGCATGTTAGTACG-14-s4d8,GARQ,D11,3,40,39,20,0.024693012,CD8+ T
TCGCCCATCCACCTTA-14-s4d8,GARQ,D11,3,40,39,17,0.020575285,CD8+ T
AATCCATCAATGAAGC-14-s4d8,GARQ,D11,3,40,39,22,0.064558625,Naive CD20+ B
TGCTATGCAGGCAAGC-14-s4d8,GARQ,D11,3,40,39,1,0.02902317,B1 B
AAGGATGTCACGCATG-14-s4d8,GARQ,D11,3,40,39,20,0.052934885,CD8+ T
TCGCCCATCGCTAGCA-14-s4d8,GARQ,D11,3,40,39,31,0.21607924,Naive CD20+ B
GTGCTCAAGTAGAGGC-14-s4d8,GARQ,D11,3,40,39,7,0.014933109,CD8+ T
GGGCATGAGGCAGGTG-14-s4d8,GARQ,D11,3,40,39,21,0.22136599,Naive CD20+ B
TTTGTGAAGTAGCGGG-14-s4d8,GARQ,D11,3,40,39,15,0.15918493,Lymph prog
AGTTGCAGTAATAACC-14-s4d8,GARQ,D11,3,40,39,38,0.0039577484,CD8+ T
CCTGCTCCATCACAGC-14-s4d8,GARQ,D11,3,40,39,20,0.18346453,CD8+ T
TGGAACAAGCTATTAG-14-s4d8,GARQ,D11,3,40,39,3,0.6663935,Proerythroblast
AAGGATGTCTGCAAAC-14-s4d8,GARQ,D11,3,40,39,4,0.097887635,G/M prog
GGATGTAAGGTAACGA-14-s4d8,GARQ,D11,3,40,39,17,0.013512373,CD8+ T
CAATCGCCAACCTAAT-14-s4d8,GARQ,D11,3,40,39,1,0.33650565,Transitional B
CGTGCTGCAGCATTAT-14-s4d8,GARQ,D11,3,40,39,20,0.21096897,CD8+ T
GGTTACCCATGGCCTG-14-s4d8,GARQ,D11,3,40,39,36,0.03454542,Proerythroblast
AGTTGGCGTGTGCACG-14-s4d8,GARQ,D11,3,40,39,5,0.042318225,CD8+ T
GGTTAGCGTATTGGTG-14-s4d8,GARQ,D11,3,40,39,7,0.056854486,CD8+ T
CCTCAGTTCAATCATG-14-s4d8,GARQ,D11,3,40,39,4,0.2858763,CD16+ Mono
GGTGCTGGTGATGGCT-14-s4d8,GARQ,D11,3,40,39,10,0.057106853,CD8+ T
GACAATACACTAGGTC-14-s4d8,GARQ,D11,3,40,39,39,0.029180646,CD4+ T activated
GATTCAGGTTAATGCG-14-s4d8,GARQ,D11,3,40,39,38,0.047231436,CD8+ T
GCAAACAAGGCGCATC-14-s4d8,GARQ,D11,3,40,39,5,0.032558203,CD8+ T
GGCGGTAAGCGAAGTA-14-s4d8,GARQ,D11,3,40,39,15,0.3389641,Transitional B
TTAACTGAGCATGCAT-14-s4d8,GARQ,D11,3,40,39,20,0.09290457,CD8+ T
ATGTTGTCACTGGCCA-14-s4d8,GARQ,D11,3,40,39,4,0.65691924,CD16+ Mono
TAGTAACGTTAAGTGT-14-s4d8,GARQ,D11,3,40,39,20,0.05544758,NK
GGCTGTCAGGTCAAAG-14-s4d8,GARQ,D11,3,40,39,15,0.045220852,Lymph prog
CCTTCGTAGTAACGAG-14-s4d8,GARQ,D11,3,40,39,20,0.085015535,CD8+ T
GTATTGTCAGGACCTT-14-s4d8,GARQ,D11,3,40,39,3,0.31640887,Proerythroblast
TATGGCCCAAGACTCC-14-s4d8,GARQ,D11,3,40,39,20,0.13457823,CD8+ T
ATTGACTCAGTAGCCT-14-s4d8,GARQ,D11,3,40,39,10,0.028740644,CD8+ T
CAACTAGGTTCCGGGA-14-s4d8,GARQ,D11,3,40,39,10,0.0071446896,CD8+ T
CGGTTATAGTTACTTC-14-s4d8,GARQ,D11,3,40,39,20,0.05635643,CD8+ T
TTACAGCAGGTTAGAG-14-s4d8,GARQ,D11,3,40,39,2,0.018179655,NK
CAATAAGCAACACCTA-14-s4d8,GARQ,D11,3,40,39,31,0.2625476,Naive CD20+ B
GACTTACAGCAGGCCT-14-s4d8,GARQ,D11,3,40,39,37,0.05053878,CD8+ T
AAAGCAAGTGAGCGAA-14-s4d8,GARQ,D11,3,40,39,35,0.0744288,B1 B
ATTAGGTGTTTCAGGA-14-s4d8,GARQ,D11,3,40,39,37,0.07072568,CD8+ T
TACGCTTGTAATAGCT-14-s4d8,GARQ,D11,3,40,39,20,0.26869678,CD8+ T
GAAAGCCAGAGAGGAG-14-s4d8,GARQ,D11,3,40,39,20,0.011418343,CD8+ T
TGATTCAAGCACTTGG-14-s4d8,GARQ,D11,3,40,39,17,0.06378126,CD8+ T
GCATATATCCTGGTCT-14-s4d8,GARQ,D11,3,40,39,20,0.075662374,CD8+ T
ACAGCGCTCGAAGTGA-14-s4d8,GARQ,D11,3,40,39,3,0.2340427,Proerythroblast
GGTCAATTCCGCCTCA-14-s4d8,GARQ,D11,3,40,39,3,0.3215117,Erythroblast
GCCTAATAGGATCACT-14-s4d8,GARQ,D11,3,40,39,15,0.1700775,Lymph prog
ATTTGTGAGCACAGAA-14-s4d8,GARQ,D11,3,40,39,10,0.006216407,CD8+ T
AACAAAGGTATGGTGC-14-s4d8,GARQ,D11,3,40,39,20,0.0797534,CD8+ T
ATGCTTAAGCCAAATC-14-s4d8,GARQ,D11,3,40,39,37,0.00863266,NK
TTGCAATCAGGCTGTT-14-s4d8,GARQ,D11,3,40,39,3,0.26847494,Proerythroblast
CATAGGTTCATGCATA-14-s4d8,GARQ,D11,3,40,39,20,0.001982808,CD8+ T
TTTATGGAGGATGATG-14-s4d8,GARQ,D11,3,40,39,4,0.45275253,CD16+ Mono
CACCTGTTCCGGGACT-14-s4d8,GARQ,D11,3,40,39,20,0.22034097,CD8+ T
CAGGACCTCACTCAAA-14-s4d8,GARQ,D11,3,40,39,15,0.012623608,MK/E prog
TCCAGGTCACGTAATT-14-s4d8,GARQ,D11,3,40,39,20,0.021130323,CD8+ T
TCTTAGTTCAATCATG-14-s4d8,GARQ,D11,3,40,39,32,0.015448928,CD4+ T naive
GCTAAGAAGTATCGCG-14-s4d8,GARQ,D11,3,40,39,27,0.057746053,CD4+ T activated
GCATGAGCAGCCAGTT-14-s4d8,GARQ,D11,3,40,39,14,0.014329314,CD8+ T
ACCACACCAGTCTATG-14-s4d8,GARQ,D11,3,40,39,20,0.010588169,CD8+ T
TTATAGCCATTAGGTT-14-s4d8,GARQ,D11,3,40,39,4,0.32999063,CD14+ Mono
ACGCACGGTGATCAGC-14-s4d8,GARQ,D11,3,40,39,3,0.30355263,Proerythroblast
AAGCATGAGTAAGAAC-14-s4d8,GARQ,D11,3,40,39,4,0.5628232,CD14+ Mono
ACCTGGTCATAGCTTG-14-s4d8,GARQ,D11,3,40,39,3,0.23544204,Proerythroblast
GAGTAATAGCCTAACG-14-s4d8,GARQ,D11,3,40,39,31,0.10001218,Naive CD20+ B
TGCTTCCAGAATCGCT-14-s4d8,GARQ,D11,3,40,39,2,0.06985664,NK
ACAGGATCATGACTAT-14-s4d8,GARQ,D11,3,40,39,6,0.14013529,Transitional B
ACATCATCATAAAGCA-14-s4d8,GARQ,D11,3,40,39,10,0.0903976,NK
TTTCAGTTCCTTAGTT-14-s4d8,GARQ,D11,3,40,39,31,0.022499561,Transitional B
CGGTAACGTCTATCGT-14-s4d8,GARQ,D11,3,40,39,7,0.072834015,CD8+ T
GGGATTAAGGACTTAC-14-s4d8,GARQ,D11,3,40,39,10,0.046967506,CD8+ T
GTTTGCTGTGGATTGC-14-s4d8,GARQ,D11,3,40,39,25,0.04447955,Erythroblast
TTGTCCGGTGTTGTAG-14-s4d8,GARQ,D11,3,40,39,1,0.062083483,Transitional B
TAGCTAGGTGTTGTAG-14-s4d8,GARQ,D11,3,40,39,15,0.16256738,HSC
CATTCCTCATGCATAT-14-s4d8,GARQ,D11,3,40,39,31,0.12202495,Naive CD20+ B
GTCTCACTCATTGCGG-14-s4d8,GARQ,D11,3,40,39,20,0.13055563,CD8+ T
GCTTGTTGTTTGCGAA-14-s4d8,GARQ,D11,3,40,39,20,0.011600852,CD8+ T
AAGTGTTGTGCTAGAC-14-s4d8,GARQ,D11,3,40,39,3,0.5311961,Normoblast
ACGCTTGAGGAAGTAT-14-s4d8,GARQ,D11,3,40,39,15,0.0007568598,CD16+ Mono
GCTATCCTCATAGCCG-14-s4d8,GARQ,D11,3,40,39,20,0.036064148,NK
GGTCTTGAGGCAGGTG-14-s4d8,GARQ,D11,3,40,39,14,0.102883935,CD8+ T
GTTCCTGGTGTCCAAA-14-s4d8,GARQ,D11,3,40,39,22,0.13503408,Naive CD20+ B
ATGAAGCCAATTAGGA-14-s4d8,GARQ,D11,3,40,39,37,0.17926276,CD4+ T activated
TGTGCTGAGTTAACCA-14-s4d8,GARQ,D11,3,40,39,20,0.0076812506,CD8+ T
GTTTACCGTCATGCAA-14-s4d8,GARQ,D11,3,40,39,3,0.31874156,Proerythroblast
ACCATTAAGCTTGCTC-14-s4d8,GARQ,D11,3,40,39,31,0.00073230267,Naive CD20+ B
ATGGCTAGTTAGAGGG-14-s4d8,GARQ,D11,3,40,39,3,0.38071513,Proerythroblast
CCGACAGGTAACGTGC-14-s4d8,GARQ,D11,3,40,39,21,0.03956449,Transitional B
GTTCGCGCAGTAGGTG-14-s4d8,GARQ,D11,3,40,39,15,0.1507175,HSC
AATCCCTGTCGCAATA-14-s4d8,GARQ,D11,3,40,39,20,0.029461145,CD8+ T
CTGCAATAGTGAGCAA-14-s4d8,GARQ,D11,3,40,39,3,0.657171,Proerythroblast
GGTATTTCAAGCGATG-14-s4d8,GARQ,D11,3,40,39,11,0.06031823,CD4+ T activated
TCTTGACGTATTCGTC-14-s4d8,GARQ,D11,3,40,39,36,0.020219564,CD8+ T
ATGGCTTAGTATGTGC-14-s4d8,GARQ,D11,3,40,39,20,0.020183206,CD8+ T
CTTCAATTCCGCCTCA-14-s4d8,GARQ,D11,3,40,39,22,0.049067616,Transitional B
GCTGGATGTCAGTAAT-14-s4d8,GARQ,D11,3,40,39,31,0.046359718,Naive CD20+ B
TAGTAGGAGCCTGTGA-14-s4d8,GARQ,D11,3,40,39,31,0.081146955,Naive CD20+ B
TGATTGCAGTTCCCGT-14-s4d8,GARQ,D11,3,40,39,3,0.18467128,Proerythroblast
TTTCCTGAGAACCTAC-14-s4d8,GARQ,D11,3,40,39,20,0.020997167,NK
CCGCTAGCAATATACC-14-s4d8,GARQ,D11,3,40,39,15,0.26265448,Transitional B
ATAGCATGTTCGCTCA-14-s4d8,GARQ,D11,3,40,39,8,0.119473934,B1 B
TTCATCCCAAACCCTA-14-s4d8,GARQ,D11,3,40,39,31,0.06200564,Naive CD20+ B
AATTGGACAATGAGGT-14-s4d8,GARQ,D11,3,40,39,20,0.01398313,CD8+ T
CTACTTAGTTTGACCT-14-s4d8,GARQ,D11,3,40,39,35,0.0083251,Proerythroblast
GATAAGCCACAGGATG-14-s4d8,GARQ,D11,3,40,39,10,0.03274429,CD8+ T
ACGGTACGTATACTGG-14-s4d8,GARQ,D11,3,40,39,15,0.23984247,Lymph prog
ACTTGTAAGTTAGTTG-14-s4d8,GARQ,D11,3,40,39,4,0.103646636,CD8+ T
CCGTTACTCGGGACTC-14-s4d8,GARQ,D11,3,40,39,7,0.024471402,CD8+ T
AAAGCACCAACTGGGA-14-s4d8,GARQ,D11,3,40,39,14,0.04492402,CD8+ T
GTGCGCAGTAATCGCA-14-s4d8,GARQ,D11,3,40,39,17,0.0031218529,CD8+ T
CTCCGTCCACGTAATT-14-s4d8,GARQ,D11,3,40,39,3,0.22059369,Proerythroblast
GACATTATCGGTTTCC-14-s4d8,GARQ,D11,3,40,39,4,0.3353305,CD14+ Mono
TTTAGGATCTCCATAT-14-s4d8,GARQ,D11,3,40,39,20,0.00014543533,CD4+ T activated
AGGTTTGGTTACCTGT-14-s4d8,GARQ,D11,3,40,39,25,0.06394374,CD4+ T naive
TTTGACTTCGCAACAT-14-s4d8,GARQ,D11,3,40,39,22,0.027456284,Naive CD20+ B
TGCTTGCTCCTCAGCT-14-s4d8,GARQ,D11,3,40,39,30,0.008758426,CD8+ T
GTGCTCAAGTAGGATG-14-s4d8,GARQ,D11,3,40,39,4,0.30929095,CD14+ Mono
TACGTAATCTTGTTCG-14-s4d8,GARQ,D11,3,40,39,15,0.27900052,Transitional B
ATCGAGGCAGTTATCG-14-s4d8,GARQ,D11,3,40,39,20,0.042692423,CD8+ T
TGAACAACACCTACGG-14-s4d8,GARQ,D11,3,40,39,20,0.023622155,CD8+ T
GCTGCATCATACCCGG-14-s4d8,GARQ,D11,3,40,39,10,0.023783207,CD8+ T
TCCATAAAGGACAACA-14-s4d8,GARQ,D11,3,40,39,5,0.030805826,CD8+ T
AGCCAGTGTACAATGT-14-s4d8,GARQ,D11,3,40,39,5,0.00018072128,CD8+ T
ATAGCATGTCCTCCAA-14-s4d8,GARQ,D11,3,40,39,20,0.0034241676,CD8+ T
GTATTGTCACCGGTAT-14-s4d8,GARQ,D11,3,40,39,3,0.07300377,MK/E prog
TGCATTAAGGAACACA-14-s4d8,GARQ,D11,3,40,39,6,0.12483847,Transitional B
CCTGTTGGTGATGATT-14-s4d8,GARQ,D11,3,40,39,10,0.025092125,CD4+ T naive
AGGTGAATCAGCAAAG-14-s4d8,GARQ,D11,3,40,39,2,0.022337735,CD4+ T activated
CACGCTAAGCTTACTT-14-s4d8,GARQ,D11,3,40,39,3,0.5699396,Proerythroblast
ATAACGACACTATGGC-14-s4d8,GARQ,D11,3,40,39,10,0.038653374,CD8+ T
TTACACCGTCAAACTG-14-s4d8,GARQ,D11,3,40,39,27,0.068872094,NK
GGGCCTAGTTAGACCA-14-s4d8,GARQ,D11,3,40,39,31,0.09999442,B1 B
GAATTTGTCCTTCAAT-14-s4d8,GARQ,D11,3,40,39,37,0.10377383,CD8+ T
TTGCAATCATACTCCT-14-s4d8,GARQ,D11,3,40,39,3,0.17625153,Proerythroblast
AGAGGAACACAACAGG-14-s4d8,GARQ,D11,3,40,39,10,0.09757614,CD8+ T
GGGTTATTCCTACCTA-14-s4d8,GARQ,D11,3,40,39,37,0.056019783,CD8+ T
GGACGAAGTGAACAAA-14-s4d8,GARQ,D11,3,40,39,2,0.013168216,CD8+ T
TCTAAGGGTAATCGTG-14-s4d8,GARQ,D11,3,40,39,5,0.027039886,CD8+ T
ATGGCCGGTTGACTTC-14-s4d8,GARQ,D11,3,40,39,3,0.3296386,Proerythroblast
AACAAAGGTCCTTAGT-14-s4d8,GARQ,D11,3,40,39,20,0.01088047,CD8+ T
TGCTCAACAAGGTAAC-14-s4d8,GARQ,D11,3,40,39,20,0.080367446,CD8+ T
AGCAAATAGTATCGCG-14-s4d8,GARQ,D11,3,40,39,37,0.020580888,CD4+ T naive
CCACATTGTCCACAAA-14-s4d8,GARQ,D11,3,40,39,31,0.04593706,Lymph prog
GTAAGGTCATATTGAC-14-s4d8,GARQ,D11,3,40,39,15,0.11962223,cDC2
ATGGTTATCAGCAAAG-14-s4d8,GARQ,D11,3,40,39,20,0.103269815,CD8+ T
AATAGCTGTTCATCTA-14-s4d8,GARQ,D11,3,40,39,5,0.045606494,CD8+ T
GAGTTACTCTTAGCGG-14-s4d8,GARQ,D11,3,40,39,37,0.029610872,CD8+ T
TGTGAAACAATTAGCT-14-s4d8,GARQ,D11,3,40,39,10,0.02675581,CD8+ T
AACTACTCACAACAAA-14-s4d8,GARQ,D11,3,40,39,3,0.22640646,Proerythroblast
CAATGTGGTTGGCCGA-14-s4d8,GARQ,D11,3,40,39,37,0.20191896,CD4+ T naive
ATTACCGCAGTAGGTG-14-s4d8,GARQ,D11,3,40,39,22,0.21621442,Naive CD20+ B
CGTTTCTCAACAGGTG-14-s4d8,GARQ,D11,3,40,39,3,0.56935084,Proerythroblast
CTAATCGCACACTAAT-14-s4d8,GARQ,D11,3,40,39,14,0.03429091,CD8+ T
ATTGGTTCACTTCATC-14-s4d8,GARQ,D11,3,40,39,31,0.019385815,B1 B
TGGTAAACAGGCGATA-14-s4d8,GARQ,D11,3,40,39,3,0.076627076,HSC
TCATACTTCTATGACA-14-s4d8,GARQ,D11,3,40,39,10,0.031285048,CD8+ T
TAATCCGCACAAGCCT-14-s4d8,GARQ,D11,3,40,39,31,0.15455866,Naive CD20+ B
TTTACGAAGGACTAAG-14-s4d8,GARQ,D11,3,40,39,2,0.0935204,NK
CTTATGTTCCCTTGCG-14-s4d8,GARQ,D11,3,40,39,10,0.0012792349,CD8+ T
GGACAGCCAGTTTGGC-14-s4d8,GARQ,D11,3,40,39,20,0.06499171,CD8+ T
TAAACAGCATAATCGT-14-s4d8,GARQ,D11,3,40,39,39,0.026649714,CD8+ T
GTACTGGTCTCACACC-14-s4d8,GARQ,D11,3,40,39,6,0.0300287,Naive CD20+ B
CTTGTCCAGCTGCACA-14-s4d8,GARQ,D11,3,40,39,20,0.09525514,CD8+ T
GTCATTAAGTGACCTG-14-s4d8,GARQ,D11,3,40,39,35,0.15921074,B1 B
AACGCTAGTATTTGCC-14-s4d8,GARQ,D11,3,40,39,1,0.10626018,Transitional B
CTTATTGGTGCATCGG-14-s4d8,GARQ,D11,3,40,39,2,0.019101858,CD8+ T
GAGTCAAAGAACCTAC-14-s4d8,GARQ,D11,3,40,39,13,0.054718494,Lymph prog
CTCGCTAGTAATGGAA-14-s4d8,GARQ,D11,3,40,39,32,0.046867013,cDC2
TGGCGGTTCTTTAAGG-14-s4d8,GARQ,D11,3,40,39,20,0.052470326,CD8+ T
ACATCATCAATTAGGA-14-s4d8,GARQ,D11,3,40,39,7,0.010785937,NK
AAGTAGCCAATCCCTT-14-s4d8,GARQ,D11,3,40,39,10,0.0076146126,NK
GCTTTATTCCTAAGTA-14-s4d8,GARQ,D11,3,40,39,20,0.13485909,CD8+ T
GAACCTTAGTTAGACC-14-s4d8,GARQ,D11,3,40,39,32,0.0695771,CD8+ T
ATGGCTGTCATAGACC-14-s4d8,GARQ,D11,3,40,39,20,0.00228858,CD4+ T activated
AGGAACGGTGGTTATG-14-s4d8,GARQ,D11,3,40,39,25,0.037063897,CD4+ T activated
TGGTTCCTCTCACATT-14-s4d8,GARQ,D11,3,40,39,15,0.15843153,Transitional B
GGAACTAAGTAACAGG-14-s4d8,GARQ,D11,3,40,39,31,0.10776222,B1 B
GGTTTAATCGCTCCAT-14-s4d8,GARQ,D11,3,40,39,31,0.09439719,Naive CD20+ B
TGGTTCCTCGTCAAGT-14-s4d8,GARQ,D11,3,40,39,20,0.0014566183,CD8+ T
TAGTTGTCAGTACCGT-14-s4d8,GARQ,D11,3,40,39,20,0.09439397,CD8+ T
CACCGGTAGGTAAGGC-14-s4d8,GARQ,D11,3,40,39,35,0.1838007,Plasma cell
CAGGCTATCTCATCAT-14-s4d8,GARQ,D11,3,40,39,20,0.015089512,CD8+ T
ACGCTTGAGTAAGTGG-14-s4d8,GARQ,D11,3,40,39,28,0.07162309,CD8+ T
TAAGCCTAGACTTACA-14-s4d8,GARQ,D11,3,40,39,1,0.10081208,B1 B
AGCAATTGTCAAGTAT-14-s4d8,GARQ,D11,3,40,39,10,0.05867052,CD8+ T
AAGGATCCAAGCCACT-14-s4d8,GARQ,D11,3,40,39,20,0.12992835,CD8+ T
CGTAACCCACTCAACA-14-s4d8,GARQ,D11,3,40,39,15,0.076150894,pDC
ATCCTTAGTAGGATCC-14-s4d8,GARQ,D11,3,40,39,5,0.10138428,CD8+ T
GCAGGACCAAGGTGGC-14-s4d8,GARQ,D11,3,40,39,20,0.14690304,CD8+ T
ACCCGGTAGATTGAGG-14-s4d8,GARQ,D11,3,40,39,4,0.02857089,Lymph prog
TCCGGAATCTTAGGAC-14-s4d8,GARQ,D11,3,40,39,22,0.009031177,Naive CD20+ B
TGTGGAGCAATGAATG-14-s4d8,GARQ,D11,3,40,39,14,0.025116444,CD4+ T activated
CATGCGGGTTGGTGAC-14-s4d8,GARQ,D11,3,40,39,26,0.029771328,B1 B
TTAGGAACATAAAGCA-14-s4d8,GARQ,D11,3,40,39,25,0.048738956,CD4+ T activated
CCAACCCGTCATAAGT-14-s4d8,GARQ,D11,3,40,39,7,0.0450778,CD8+ T
AAGACCAAGGACACTT-14-s4d8,GARQ,D11,3,40,39,14,0.010981083,NK
CCCGCTTCAGCGCTTG-14-s4d8,GARQ,D11,3,40,39,15,0.070706844,Lymph prog
ACTTATCTCAATGAGG-14-s4d8,GARQ,D11,3,40,39,5,0.018031359,CD4+ T naive
TTTGTGTTCCTAAGTA-14-s4d8,GARQ,D11,3,40,39,20,0.090821385,CD8+ T
GGGCTAACAATGAGGT-14-s4d8,GARQ,D11,3,40,39,10,0.0028784275,CD8+ T
AGAAACCCATCCAGGT-14-s4d8,GARQ,D11,3,40,39,25,0.014368176,CD4+ T naive
GCCTACTTCTAATCCT-14-s4d8,GARQ,D11,3,40,39,7,0.020703554,CD8+ T
TTACAGCAGCATGGTT-14-s4d8,GARQ,D11,3,40,39,31,0.061298728,CD4+ T activated
GTAAGCGCAATTAGGA-14-s4d8,GARQ,D11,3,40,39,31,0.06854415,Naive CD20+ B
GATGCATTCCATCAGG-14-s4d8,GARQ,D11,3,40,39,7,0.0047567487,CD8+ T
GAAGGATGTAACCACA-14-s4d8,GARQ,D11,3,40,39,2,0.19343638,CD8+ T
GCTCATTGTTACTTGC-14-s4d8,GARQ,D11,3,40,39,3,0.4099263,Erythroblast
TCCTCACAGCGATACT-14-s4d8,GARQ,D11,3,40,39,25,0.07186818,CD4+ T activated
CTTACCTCAATGAGGT-14-s4d8,GARQ,D11,3,40,39,31,0.12788665,Naive CD20+ B
CCAGGATGTTAGCCAA-14-s4d8,GARQ,D11,3,40,39,20,0.0999285,CD8+ T
CTATGAGGTTGTTGTC-14-s4d8,GARQ,D11,3,40,39,15,0.0012669563,Transitional B
TACAATGTCCAGGGAG-14-s4d8,GARQ,D11,3,40,39,15,0.1453836,G/M prog
ACTAACTCAAGGTACG-14-s4d8,GARQ,D11,3,40,39,15,0.3501526,Lymph prog
CGATTCCTCGATCAGT-14-s4d8,GARQ,D11,3,40,39,27,0.0074397326,CD8+ T
TGTAAGTGTTAAGTGT-14-s4d8,GARQ,D11,3,40,39,20,0.02121675,CD8+ T
AACGCTAGTTAACACG-14-s4d8,GARQ,D11,3,40,39,17,0.10469401,CD8+ T
CGCAAATTCCTGCGAA-14-s4d8,GARQ,D11,3,40,39,3,0.45577312,Normoblast
AGTAATGCAATAATGG-14-s4d8,GARQ,D11,3,40,39,31,0.16682613,Naive CD20+ B
TGTAAGCTCCATAAGC-14-s4d8,GARQ,D11,3,40,39,15,0.098296404,Lymph prog
GCTCATTGTTAGGACC-14-s4d8,GARQ,D11,3,40,39,37,0.1825093,CD8+ T
AAGGATGTCAAATCGC-14-s4d8,GARQ,D11,3,40,39,8,0.00019156933,B1 B
CAGGAAGGTGCTGTAA-14-s4d8,GARQ,D11,3,40,39,15,0.16064394,Transitional B
GTAGTTATCGGCCAGT-14-s4d8,GARQ,D11,3,40,39,22,0.103373766,B1 B
CTAAATGTCAATTACG-14-s4d8,GARQ,D11,3,40,39,20,0.110467434,CD8+ T
CAAGGTTTCCGGTTAG-14-s4d8,GARQ,D11,3,40,39,20,0.0889287,CD8+ T
AATTGCTCACACCAAC-14-s4d8,GARQ,D11,3,40,39,20,0.15712047,CD8+ T
TTAGTCAAGGCGCTAC-14-s4d8,GARQ,D11,3,40,39,4,0.677776,CD14+ Mono
CGCTTAACATACCCGG-14-s4d8,GARQ,D11,3,40,39,31,0.10431814,B1 B
GAAACTGAGGGACCTC-14-s4d8,GARQ,D11,3,40,39,7,0.0073167086,NK
GGGTCACTCTCCATGC-14-s4d8,GARQ,D11,3,40,39,20,0.08054578,CD8+ T
AAATGCCTCTAATCTC-14-s4d8,GARQ,D11,3,40,39,10,0.034128666,CD8+ T
CGGTGAGAGTTGTCTT-14-s4d8,GARQ,D11,3,40,39,1,0.09267318,B1 B
TTAACCAAGGGTTAGA-14-s4d8,GARQ,D11,3,40,39,7,0.043491364,CD8+ T
CAGGTTTAGGTTAGCT-14-s4d8,GARQ,D11,3,40,39,20,0.06772435,CD8+ T
ATCGAGGCACTAAGTT-14-s4d8,GARQ,D11,3,40,39,1,0.054439366,Naive CD20+ B
ACAACAGAGGAGGACT-14-s4d8,GARQ,D11,3,40,39,26,0.009436369,CD8+ T
GTCTATGCATAATCAC-14-s4d8,GARQ,D11,3,40,39,4,0.0032811165,pDC
GAGTTTGGTTTGACCT-14-s4d8,GARQ,D11,3,40,39,20,0.013179302,NK
TAGCGGACATTAGGTT-14-s4d8,GARQ,D11,3,40,39,20,0.05046487,CD8+ T
TGGTGCATCGGTTTGG-14-s4d8,GARQ,D11,3,40,39,2,0.0069139004,CD4+ T activated
CAGCATGTCTCAATAG-14-s4d8,GARQ,D11,3,40,39,20,0.036970496,CD8+ T
TGTGGCTCAAAGCTCC-14-s4d8,GARQ,D11,3,40,39,22,0.01980853,B1 B
GGTCGGTTCGTTCACC-14-s4d8,GARQ,D11,3,40,39,2,0.01524359,CD4+ T naive
TCAAGGAAGTACCGCA-14-s4d8,GARQ,D11,3,40,39,20,0.16732788,CD8+ T
GAACCGCTCAATGACC-14-s4d8,GARQ,D11,3,40,39,20,0.06903744,CD8+ T
TTGTCCATCATTTGCT-14-s4d8,GARQ,D11,3,40,39,5,0.041699767,CD8+ T
GCTGACATCTAGCGAT-14-s4d8,GARQ,D11,3,40,39,15,0.0085430145,HSC
TAGGCTAGTTACATCC-14-s4d8,GARQ,D11,3,40,39,3,0.58583105,Normoblast
GTGCACGGTTTGTGGA-14-s4d8,GARQ,D11,3,40,39,34,0.14838421,G/M prog
CACATACAGGATAAAC-14-s4d8,GARQ,D11,3,40,39,17,0.09759283,NK
TCAAGAACACAAAGCG-14-s4d8,GARQ,D11,3,40,39,4,0.30375892,CD14+ Mono
CGAAGCCTCCTTGCAC-14-s4d8,GARQ,D11,3,40,39,7,0.024268746,CD8+ T
CGTTTCTCACGAATTT-14-s4d8,GARQ,D11,3,40,39,10,0.07741928,CD8+ T
ACACTAGGTTAACGAT-14-s4d8,GARQ,D11,3,40,39,15,0.3577199,Transitional B
AGGATGCAGTACTGGT-14-s4d8,GARQ,D11,3,40,39,22,0.037971497,Transitional B
CATAGGCGTTAGCGTA-14-s4d8,GARQ,D11,3,40,39,6,0.08233476,cDC2
AGCCTAAGTACGGTAC-14-s4d8,GARQ,D11,3,40,39,2,0.015102506,CD4+ T naive
GAACGAATCACCGGTA-14-s4d8,GARQ,D11,3,40,39,31,0.0011025667,B1 B
TGCTTCATCTGTGAGT-14-s4d8,GARQ,D11,3,40,39,17,0.03197658,CD4+ T activated
TATCCGGAGTTTAACG-14-s4d8,GARQ,D11,3,40,39,20,0.062409163,CD8+ T
AGTGTGGCAGTAATAG-14-s4d8,GARQ,D11,3,40,39,4,0.56080055,CD16+ Mono
TGATTAGTCATTAGCA-14-s4d8,GARQ,D11,3,40,39,20,0.032010198,CD8+ T
TGCCGGTAGGATGATG-14-s4d8,GARQ,D11,3,40,39,36,0.013251364,CD8+ T
CAATCCCTCGTTATCT-14-s4d8,GARQ,D11,3,40,39,22,0.15189958,Transitional B
TACCGTTGTAAGCTCA-14-s4d8,GARQ,D11,3,40,39,3,0.1787926,Normoblast
TCCAGGTCAAACCCTA-14-s4d8,GARQ,D11,3,40,39,23,0.0057263374,CD4+ T activated
GAGCTTGTCAGGATGA-14-s4d8,GARQ,D11,3,40,39,15,0.2128638,Transitional B
GGCGATACACCTATAG-14-s4d8,GARQ,D11,3,40,39,34,0.017470837,MK/E prog
TCTCGCCCAGGCATGA-14-s4d8,GARQ,D11,3,40,39,20,0.0605551,CD8+ T
ACGAATCTCTGTAATG-14-s4d8,GARQ,D11,3,40,39,10,0.058321238,CD8+ T
GTTAGACTCTTGAGGT-14-s4d8,GARQ,D11,3,40,39,20,0.16437602,CD8+ T
TCATGCCTCTAATTGG-14-s4d8,GARQ,D11,3,40,39,20,0.015895963,NK
TAGTGTGGTAATTAGC-14-s4d8,GARQ,D11,3,40,39,22,0.08461416,Naive CD20+ B
CCTTAACGTTGGATAT-14-s4d8,GARQ,D11,3,40,39,29,0.037443876,CD8+ T
ACCCGGTAGTGTGATC-14-s4d8,GARQ,D11,3,40,39,20,0.14797914,CD8+ T
TAGTGAGAGTTAACCA-14-s4d8,GARQ,D11,3,40,39,20,0.0018111467,CD8+ T
GGTTCCCGTAACGGGA-14-s4d8,GARQ,D11,3,40,39,14,0.009043217,CD8+ T
GGCCTTAAGAACCTGT-14-s4d8,GARQ,D11,3,40,39,38,0.040037632,CD8+ T
TAACCTAAGGTACCGC-14-s4d8,GARQ,D11,3,40,39,10,0.13609862,NK
ACCCGGTAGGCCGGAA-14-s4d8,GARQ,D11,3,40,39,10,0.0042020082,CD8+ T
TTGTTGCGTGTGTCCC-14-s4d8,GARQ,D11,3,40,39,15,0.12360382,Transitional B
AACCTTGCACTGGCCA-14-s4d8,GARQ,D11,3,40,39,15,0.41202557,Transitional B
CAGGACACAGTTTGGC-14-s4d8,GARQ,D11,3,40,39,3,0.37024474,Proerythroblast
GCTGTACCAATTAGCT-14-s4d8,GARQ,D11,3,40,39,20,0.05540514,CD8+ T
GTAGGTGCAATTGACT-14-s4d8,GARQ,D11,3,40,39,37,0.26412284,CD8+ T
TTCCTCAAGGCTAGAA-14-s4d8,GARQ,D11,3,40,39,20,0.009769797,CD8+ T
AATTTGCCACTTCATC-14-s4d8,GARQ,D11,3,40,39,3,0.436476,Proerythroblast
TCGATTAAGGCATGTT-14-s4d8,GARQ,D11,3,40,39,3,0.45828164,Proerythroblast
CGAAATGAGCTATATG-14-s4d8,GARQ,D11,3,40,39,20,0.030508399,CD8+ T
GTTACTAAGCGCATTG-14-s4d8,GARQ,D11,3,40,39,37,0.041811347,CD8+ T
CAGTACCCATGTTTGG-14-s4d8,GARQ,D11,3,40,39,5,0.0061323643,NK
TACATCAAGCTGGCTA-14-s4d8,GARQ,D11,3,40,39,3,0.29273963,Proerythroblast
CTAGGACGTTTCGCGC-14-s4d8,GARQ,D11,3,40,39,15,0.26188982,Transitional B
TCGATTAAGGGTCCAC-14-s4d8,GARQ,D11,3,40,39,20,0.10025394,CD8+ T
AATCCATCAGTCTAGC-14-s4d8,GARQ,D11,3,40,39,10,0.057539225,CD8+ T
GACTATTCACTGGCCA-14-s4d8,GARQ,D11,3,40,39,3,0.0889076,Proerythroblast
ATATGTCCAACTCGCG-14-s4d8,GARQ,D11,3,40,39,26,0.062159777,CD4+ T naive
GCCTAATAGGACACTT-14-s4d8,GARQ,D11,3,40,39,22,0.12477231,Naive CD20+ B
CTTAATGAGAATCGCT-14-s4d8,GARQ,D11,3,40,39,20,0.07126963,NK
AAATGCCTCTCCATAT-14-s4d8,GARQ,D11,3,40,39,10,0.31983042,CD8+ T
CTTTGAGCAGCTAACC-14-s4d8,GARQ,D11,3,40,39,39,0.037724018,CD8+ T
TTAGACTCATCCATCT-14-s4d8,GARQ,D11,3,40,39,10,0.0026295185,CD8+ T
CTTAAGATCGCTAGAT-14-s4d8,GARQ,D11,3,40,39,7,0.0053207874,CD8+ T
CGAACCGGTGTTTGAG-14-s4d8,GARQ,D11,3,40,39,15,0.30398726,Lymph prog
GGACCTCAGCCTAATA-14-s4d8,GARQ,D11,3,40,39,37,0.13178241,CD8+ T
AGTAGGATCTAGCGTG-14-s4d8,GARQ,D11,3,40,39,3,0.38904977,Erythroblast
GAGTAATAGGCCTTAG-14-s4d8,GARQ,D11,3,40,39,4,0.27214658,CD16+ Mono
CTATGGCCACTGGCTG-14-s4d8,GARQ,D11,3,40,39,20,0.11250079,CD8+ T
CATTCATTCCATAATG-14-s4d8,GARQ,D11,3,40,39,5,0.06834364,CD4+ T activated
GGTGAGTAGTGGCGGA-14-s4d8,GARQ,D11,3,40,39,20,0.007736206,CD8+ T
TTTGTGAAGTCGCTAG-14-s4d8,GARQ,D11,3,40,39,35,0.053765655,Naive CD20+ B
CCTGACTTCAGAAACG-14-s4d8,GARQ,D11,3,40,39,5,0.04357767,CD8+ T
GTGATCAGTTTACTTG-14-s4d8,GARQ,D11,3,40,39,20,0.1522479,CD8+ T
GATGCAGCAACCTGGT-14-s4d8,GARQ,D11,3,40,39,32,0.053091347,B1 B
CATCATAAGCCGCTAA-14-s4d8,GARQ,D11,3,40,39,22,0.04055333,Naive CD20+ B
TTTCTCACACCTGCTC-14-s4d8,GARQ,D11,3,40,39,3,0.35542977,Proerythroblast
ACCACATAGCCTGTTC-14-s4d8,GARQ,D11,3,40,39,10,0.07543063,CD8+ T
AGCAAATAGGGTGAAC-14-s4d8,GARQ,D11,3,40,39,32,0.0067881346,CD4+ T activated
CAAACTGGTAAGGTTT-14-s4d8,GARQ,D11,3,40,39,20,0.14509702,CD8+ T
GAGTGAGGTCCTAGTT-14-s4d8,GARQ,D11,3,40,39,13,0.004054308,Lymph prog
AAAGGCTCATCCTGAA-14-s4d8,GARQ,D11,3,40,39,5,0.102814674,CD8+ T
ACAGGAATCACAAGCT-14-s4d8,GARQ,D11,3,40,39,10,0.1121614,CD8+ T
TAAGTAGCACCGTTCC-14-s4d8,GARQ,D11,3,40,39,6,0.017718434,Transitional B
ATTTAGCCACGAACAG-14-s4d8,GARQ,D11,3,40,39,32,0.04882884,CD8+ T
AAACCGAAGTAACTCA-14-s4d8,GARQ,D11,3,40,39,3,0.17622101,Proerythroblast
ACGCTTGAGTTAACCA-14-s4d8,GARQ,D11,3,40,39,21,0.07731831,Naive CD20+ B
TCGTTACGTGGATGTC-14-s4d8,GARQ,D11,3,40,39,21,0.083878994,Naive CD20+ B
AATCATCCAACTAGAA-14-s4d8,GARQ,D11,3,40,39,20,0.08551264,CD8+ T
GCTTACCTCCAAACAC-14-s4d8,GARQ,D11,3,40,39,10,0.09520149,CD8+ T
CGAGCGAAGGCCCAGT-14-s4d8,GARQ,D11,3,40,39,15,0.1569705,HSC
GTGGTTAGTATTGCAG-14-s4d8,GARQ,D11,3,40,39,10,0.096781135,CD8+ T
CCCAATTGTGTTGCAA-14-s4d8,GARQ,D11,3,40,39,20,0.098334074,CD8+ T
GAAACCCGTTTCGCGC-14-s4d8,GARQ,D11,3,40,39,37,0.09789586,CD4+ T activated
ACCAAGCGTCAGGCAT-14-s4d8,GARQ,D11,3,40,39,20,0.08452201,NK
TCAAGACTCCAATAGC-14-s4d8,GARQ,D11,3,40,39,4,0.7621627,CD14+ Mono
CCTTATGTCGTTTCGC-14-s4d8,GARQ,D11,3,40,39,1,0.04045415,B1 B
TGAGGTGCATAAAGCA-14-s4d8,GARQ,D11,3,40,39,14,0.013088226,CD4+ T activated
GTCCAGGGTTTACGTC-14-s4d8,GARQ,D11,3,40,39,31,0.007947803,Transitional B
CGCAATCCAGGATTAA-14-s4d8,GARQ,D11,3,40,39,20,5.3048134e-05,CD8+ T
ACCAAGTTCCTGAGTG-14-s4d8,GARQ,D11,3,40,39,3,0.41465783,Proerythroblast
AACCTTGCAGGTTATT-14-s4d8,GARQ,D11,3,40,39,10,0.0050126314,CD8+ T
CTAATAGTCAACAAGG-14-s4d8,GARQ,D11,3,40,39,17,0.009399295,CD4+ T activated
GGAAGCTAGCGGATAA-14-s4d8,GARQ,D11,3,40,39,5,0.018145978,CD8+ T
AACAGCAAGGTCCTAG-14-s4d8,GARQ,D11,3,40,39,18,0.01614201,CD8+ T
CGCTTAACAGGCGAGT-14-s4d8,GARQ,D11,3,40,39,17,0.07905054,CD8+ T
TAATGGACAATACTGT-14-s4d8,GARQ,D11,3,40,39,36,0.00262177,CD8+ T
TACCTGCTCACATTGA-14-s4d8,GARQ,D11,3,40,39,4,0.1465677,HSC
TAGGCTAGTGATCAGC-14-s4d8,GARQ,D11,3,40,39,12,0.101846695,CD4+ T activated
ATGCGATTCGTTCACC-14-s4d8,GARQ,D11,3,40,39,10,0.013849139,CD8+ T
CAGCCTAAGGGTCCAC-14-s4d8,GARQ,D11,3,40,39,20,0.006569147,CD8+ T
CCTTAACGTGCTAGAC-14-s4d8,GARQ,D11,3,40,39,3,0.46983546,Erythroblast
CGCATGATCCTTCAAT-14-s4d8,GARQ,D11,3,40,39,37,0.14762259,CD4+ T naive
TCGTGCTTCTCAATGA-14-s4d8,GARQ,D11,3,40,39,15,0.32830143,Lymph prog
TGCTTCCAGTCACTAA-14-s4d8,GARQ,D11,3,40,39,10,0.11507964,CD8+ T
AAGTTTGTCATTGTTC-14-s4d8,GARQ,D11,3,40,39,20,0.093004584,CD8+ T
CGTGTTACAGAAATTG-14-s4d8,GARQ,D11,3,40,39,31,0.14674234,Naive CD20+ B
CAGATTCAGTATTGCA-14-s4d8,GARQ,D11,3,40,39,31,0.10758281,Transitional B
TGGATTCAGTTATGGC-14-s4d8,GARQ,D11,3,40,39,6,0.035211444,Transitional B
ACAGCCGGTTAGGCGT-14-s4d8,GARQ,D11,3,40,39,20,0.120384455,CD8+ T
TATGTGATCATAATCG-14-s4d8,GARQ,D11,3,40,39,37,0.09678608,NK
TGGTCCTTCTAGCTTT-14-s4d8,GARQ,D11,3,40,39,29,0.007599592,CD4+ T activated
CGTTGCAAGCCGCTAA-14-s4d8,GARQ,D11,3,40,39,3,0.3739823,Erythroblast
CACTTAAAGTCGCTAG-14-s4d8,GARQ,D11,3,40,39,21,0.0014051199,B1 B
CCTGAATAGTTAGACC-14-s4d8,GARQ,D11,3,40,39,3,0.60264397,Erythroblast
GGCAATCGTTGGTTCT-14-s4d8,GARQ,D11,3,40,39,14,0.017952919,CD8+ T
CTTAAGGGTTTGTGGA-14-s4d8,GARQ,D11,3,40,39,20,0.1902442,CD8+ T
AATCATGTCCCTGATC-14-s4d8,GARQ,D11,3,40,39,32,0.06561434,CD8+ T
AATTGCTCACCTGGTG-14-s4d8,GARQ,D11,3,40,39,10,0.07518172,CD8+ T
CAGGTCCAGGGACCTC-14-s4d8,GARQ,D11,3,40,39,20,0.00052678585,NK
GCAGGACCAAGCTTAT-14-s4d8,GARQ,D11,3,40,39,20,0.003851533,CD8+ T
GTTAATGTCCAACTGG-14-s4d8,GARQ,D11,3,40,39,3,0.23387033,Proerythroblast
TTTCGTCCAGTAGGAT-14-s4d8,GARQ,D11,3,40,39,14,0.037057757,CD8+ T
GCTCGATCAGCCAGTT-14-s4d8,GARQ,D11,3,40,39,33,0.049781203,Transitional B
CTAATGTCATAATCAC-14-s4d8,GARQ,D11,3,40,39,4,0.027922273,CD14+ Mono
GCCATTACAGTTATGT-14-s4d8,GARQ,D11,3,40,39,5,0.041098118,CD8+ T
TACTGACAGGCTGTCA-14-s4d8,GARQ,D11,3,40,39,22,0.0646615,Naive CD20+ B
ACTTCGCTCATCCTCA-14-s4d8,GARQ,D11,3,40,39,4,0.77591634,CD16+ Mono
TCAACAATCATGTGGT-14-s4d8,GARQ,D11,3,40,39,31,0.12864351,Naive CD20+ B
GCGGTTATCTCGACCT-14-s4d8,GARQ,D11,3,40,39,21,0.12896538,Transitional B
GCAGGATAGACAAACG-14-s4d8,GARQ,D11,3,40,39,24,0.045108795,pDC
AAGGCCCTCCTACCTA-14-s4d8,GARQ,D11,3,40,39,27,0.019197583,CD4+ T activated
TCATGTTTCTGCAAGT-14-s4d8,GARQ,D11,3,40,39,22,0.15181041,Naive CD20+ B
AATTGACGTACCGTAA-14-s4d8,GARQ,D11,3,40,39,14,0.06259757,Proerythroblast
GTTCTCATCATTGACA-14-s4d8,GARQ,D11,3,40,39,33,0.060025573,Transitional B
TGCAATATCCATTACT-14-s4d8,GARQ,D11,3,40,39,3,0.24114525,Proerythroblast
TGTTAGCAGACCATAC-14-s4d8,GARQ,D11,3,40,39,3,0.30093342,Proerythroblast
AGTCAATGTCCTTTAA-14-s4d8,GARQ,D11,3,40,39,10,0.14485967,CD8+ T
CCTTCGTAGCACGTTG-14-s4d8,GARQ,D11,3,40,39,5,0.022787571,CD8+ T
CTTCAGGAGACTTACA-14-s4d8,GARQ,D11,3,40,39,15,0.10107088,pDC
TGATTGCAGTGCTGTG-14-s4d8,GARQ,D11,3,40,39,31,0.08840549,B1 B
TTAGGCCCAGCACGTT-14-s4d8,GARQ,D11,3,40,39,37,0.051968455,CD4+ T naive
GTCGAGGAGAATCGCT-14-s4d8,GARQ,D11,3,40,39,25,0.01818043,CD8+ T
AGCTACTAGATTCCTT-14-s4d8,GARQ,D11,3,40,39,13,0.04057032,Lymph prog
TTAGTCAAGCCTGATG-14-s4d8,GARQ,D11,3,40,39,10,0.06575966,CD8+ T
ATTAGGTGTTAGAGCC-14-s4d8,GARQ,D11,3,40,39,20,0.052764297,CD8+ T
AGTCCTGAGTTATCTC-14-s4d8,GARQ,D11,3,40,39,31,0.053424597,Naive CD20+ B
CACCGGTAGGGTCTAT-14-s4d8,GARQ,D11,3,40,39,3,0.3509627,Proerythroblast
GCGAAGCCAGGCTTCG-14-s4d8,GARQ,D11,3,40,39,31,0.22657645,Naive CD20+ B
GCACCTAAGCTTGCTC-14-s4d8,GARQ,D11,3,40,39,27,0.11122036,CD8+ T
ACCGGCTAGCCTGTTC-14-s4d8,GARQ,D11,3,40,39,3,0.44914567,Proerythroblast
GGCTAGACATCAGCAC-14-s4d8,GARQ,D11,3,40,39,6,0.062562644,Lymph prog
GGAGCATAGTCACTCC-14-s4d8,GARQ,D11,3,40,39,26,0.015291095,B1 B
ACTCCTCAGATAACCC-14-s4d8,GARQ,D11,3,40,39,10,0.22458732,CD4+ T activated
CGCTTCTAGTGAACAG-14-s4d8,GARQ,D11,3,40,39,15,0.009408295,Transitional B
AACTAGCTCCTGATGG-14-s4d8,GARQ,D11,3,40,39,22,0.18266392,Naive CD20+ B
TAGCAGGCAATCCTGA-14-s4d8,GARQ,D11,3,40,39,22,0.0065124035,Lymph prog
TACCTTAGTGTTTGAG-14-s4d8,GARQ,D11,3,40,39,10,0.08973706,NK
GCACGCTAGCCTGTGA-14-s4d8,GARQ,D11,3,40,39,3,0.33986664,Erythroblast
CTAACCACACAGAAAC-14-s4d8,GARQ,D11,3,40,39,22,0.15194559,Naive CD20+ B
TCGACAAGTCAATACG-14-s4d8,GARQ,D11,3,40,39,10,0.13055229,CD8+ T
ATCACAATCCCGTTTA-14-s4d8,GARQ,D11,3,40,39,7,0.066589,CD4+ T activated
TACGCACCACTTGTTC-14-s4d8,GARQ,D11,3,40,39,2,0.008485556,NK
ATCATCAAGCAGCTCA-14-s4d8,GARQ,D11,3,40,39,10,0.12059182,NK
CGCACAATCATGTCAA-14-s4d8,GARQ,D11,3,40,39,20,0.059957504,CD8+ T
GTTTATCTCCGGTTAG-14-s4d8,GARQ,D11,3,40,39,7,0.007626295,CD8+ T
CTCCGGACAAATACCT-14-s4d8,GARQ,D11,3,40,39,37,0.11156392,CD4+ T activated
GCATGAGCAAGGGTTG-14-s4d8,GARQ,D11,3,40,39,37,0.06508434,CD4+ T activated
AAGACATAGGATGATG-14-s4d8,GARQ,D11,3,40,39,15,0.07687181,Transitional B
TGATGACTCATAAGCC-14-s4d8,GARQ,D11,3,40,39,2,0.0044106245,NK
TAACCTAAGGATGATG-14-s4d8,GARQ,D11,3,40,39,20,0.13462412,CD4+ T activated
AATTCGTCATGAAATG-14-s4d8,GARQ,D11,3,40,39,20,0.04013896,CD8+ T
AGAACAAGTTAGGTGC-14-s4d8,GARQ,D11,3,40,39,10,0.0711844,CD4+ T activated
GATGACTTCTGCAAGT-14-s4d8,GARQ,D11,3,40,39,3,0.88082767,Erythroblast
GCATGAAAGCGAGTAA-14-s4d8,GARQ,D11,3,40,39,3,0.34666097,Proerythroblast
GTCATGAGTGGTTAGC-14-s4d8,GARQ,D11,3,40,39,5,0.076709986,CD8+ T
ATTTAGCCAAGGATTA-14-s4d8,GARQ,D11,3,40,39,5,0.07167351,CD8+ T
CGGCCATAGTGCACGC-14-s4d8,GARQ,D11,3,40,39,2,0.0220564,CD8+ T
AGCAAGGGTGTCCTGC-14-s4d8,GARQ,D11,3,40,39,10,0.029070139,CD4+ T activated
CCTTATGTCGCTATGG-14-s4d8,GARQ,D11,3,40,39,3,0.08739531,MK/E prog
TAGGGTTTCTGTTCAT-14-s4d8,GARQ,D11,3,40,39,31,0.15233707,Naive CD20+ B
GGGTTACGTGCAATGC-14-s4d8,GARQ,D11,3,40,39,31,0.10543358,B1 B
ACGGGAAGTTTCCTCC-14-s4d8,GARQ,D11,3,40,39,31,0.20196688,Naive CD20+ B
GGTCCTGCAATCCTGA-14-s4d8,GARQ,D11,3,40,39,31,0.12735462,B1 B
TGAGGTGCAATCCTGA-14-s4d8,GARQ,D11,3,40,39,3,0.36294067,Proerythroblast
CATCAGCCACAGACTC-14-s4d8,GARQ,D11,3,40,39,15,0.12980807,Lymph prog
TTTAACCTCGAGGAAC-14-s4d8,GARQ,D11,3,40,39,5,0.10835767,CD8+ T
ACCATAATCAATCTAG-14-s4d8,GARQ,D11,3,40,39,15,0.10227156,HSC
AGCTCATAGGCTGTCA-14-s4d8,GARQ,D11,3,40,39,2,0.011392355,CD8+ T
TTGGTGAGTTCATCTA-14-s4d8,GARQ,D11,3,40,39,2,0.062126517,CD8+ T
GCTGGTTCAGCAAGAT-14-s4d8,GARQ,D11,3,40,39,3,0.19347596,Proerythroblast
CTAATCCGTTGGCGTG-14-s4d8,GARQ,D11,3,40,39,20,0.041568995,CD8+ T
CTTAATGAGGATTTGC-14-s4d8,GARQ,D11,3,40,39,20,0.025267482,NK
ATCCATAAGGCATTAC-14-s4d8,GARQ,D11,3,40,39,26,0.05375886,CD4+ T activated
GCTGCAATCAGGAAGC-14-s4d8,GARQ,D11,3,40,39,3,0.43254125,Erythroblast
AACCCGCAGTGCACGC-14-s4d8,GARQ,D11,3,40,39,20,0.06972611,CD8+ T
AGGTCAAAGGACCGCT-14-s4d8,GARQ,D11,3,40,39,36,0.011476994,CD8+ T
CAATAAGCATGTTTGG-14-s4d8,GARQ,D11,3,40,39,39,0.049946964,CD8+ T
AAACGTACATTATGAC-14-s4d8,GARQ,D11,3,40,39,32,0.036277175,CD4+ T activated
ACCTTGCTCCGTAAAC-14-s4d8,GARQ,D11,3,40,39,34,0.040845215,G/M prog
CCGTTAACAATGCCTA-14-s4d8,GARQ,D11,3,40,39,11,0.0010414124,CD8+ T
CGCTATGAGCTCCTAC-14-s4d8,GARQ,D11,3,40,39,17,0.001052022,CD8+ T
AGTTTGATCTCAATAG-14-s4d8,GARQ,D11,3,40,39,5,0.089037895,NK
ACTAATCCAGTTAAAG-14-s4d8,GARQ,D11,3,40,39,2,0.053304434,CD8+ T
TTTGTGGCATTCCTGT-14-s4d8,GARQ,D11,3,40,39,37,0.043274403,CD4+ T activated
AAGCGAATCCCTCTAA-14-s4d8,GARQ,D11,3,40,39,10,0.10873973,CD4+ T naive
TGGAACAAGCGATAGA-14-s4d8,GARQ,D11,3,40,39,27,0.003637433,CD4+ T activated
CGATTGAGTTGAGGTC-14-s4d8,GARQ,D11,3,40,39,11,0.016476035,CD4+ T activated
TAGCATATCGTTATAG-14-s4d8,GARQ,D11,3,40,39,20,0.08252573,CD8+ T
TACAACATCGATATTG-14-s4d8,GARQ,D11,3,40,39,7,0.023823619,CD8+ T
CTATGACAGACACTTA-14-s4d8,GARQ,D11,3,40,39,31,0.013365865,Transitional B
AGTGCGGAGGCTAAGA-14-s4d8,GARQ,D11,3,40,39,3,0.395805,Proerythroblast
GCTATCCTCCGGGACT-14-s4d8,GARQ,D11,3,40,39,31,0.041737795,Transitional B
TACGTTAAGGCCATCA-14-s4d8,GARQ,D11,3,40,39,14,0.016836882,CD8+ T
TGGGCCTAGTAACCCG-14-s4d8,GARQ,D11,3,40,39,11,0.012304783,CD8+ T
ACTTCGCTCTCGACCT-14-s4d8,GARQ,D11,3,40,39,31,0.0051258802,Naive CD20+ B
TGACTCCTCCTGCGAA-14-s4d8,GARQ,D11,3,40,39,31,0.15105152,B1 B
CTAGCTTGTGCATTTC-14-s4d8,GARQ,D11,3,40,39,1,0.039940834,Naive CD20+ B
TATGACATCAAACACC-14-s4d8,GARQ,D11,3,40,39,20,0.1249733,CD4+ T activated
GAGGTTAAGTAATCCA-14-s4d8,GARQ,D11,3,40,39,3,0.03392744,MK/E prog
CTCCGGACAAGGTAAC-14-s4d8,GARQ,D11,3,40,39,3,0.2907437,Erythroblast
CATTGTAAGCGCATTG-14-s4d8,GARQ,D11,3,40,39,3,0.21327794,Proerythroblast
GTGGCTTCAGCACCAT-14-s4d8,GARQ,D11,3,40,39,10,0.021134377,CD8+ T
GTGAGCGAGCACTAGT-14-s4d8,GARQ,D11,3,40,39,3,0.18735719,Proerythroblast
AGGTTAACAATACTGT-14-s4d8,GARQ,D11,3,40,39,35,0.059917927,B1 B
GGTTATGGTCTCAGCC-14-s4d8,GARQ,D11,3,40,39,31,0.09542894,Naive CD20+ B
CGCATGATCCGGAACC-14-s4d8,GARQ,D11,3,40,39,14,0.1307931,CD8+ T
CCGCTAGCACTTCATC-14-s4d8,GARQ,D11,3,40,39,37,0.031716526,NK
ACCGCAATCTCCTCAA-14-s4d8,GARQ,D11,3,40,39,5,0.060024142,CD8+ T
GGCTAGTGTAAGGTTT-14-s4d8,GARQ,D11,3,40,39,3,0.049735725,Proerythroblast
ATCCTTAGTTGTCCAT-14-s4d8,GARQ,D11,3,40,39,13,0.037116885,G/M prog
AATATCCCAGTATGTT-14-s4d8,GARQ,D11,3,40,39,34,0.004711628,HSC
TGCACCTTCCTAAGGT-14-s4d8,GARQ,D11,3,40,39,20,0.079954386,CD8+ T
TCCACAACAGTTATCG-14-s4d8,GARQ,D11,3,40,39,35,0.027331471,Erythroblast
TTGCGAGTCAGCAAGA-14-s4d8,GARQ,D11,3,40,39,3,0.31030285,Proerythroblast
CAGGATGCACAAAGAC-14-s4d8,GARQ,D11,3,40,39,20,0.017301917,CD8+ T
TGTTGCACAAGGTAAC-14-s4d8,GARQ,D11,3,40,39,20,0.053091764,CD8+ T
AACATAGCAAGTCGCT-14-s4d8,GARQ,D11,3,40,39,20,0.03173995,CD8+ T
ACATCAATCATTAGTG-14-s4d8,GARQ,D11,3,40,39,31,0.115621805,Naive CD20+ B
TCATCCATCCTAGTCC-14-s4d8,GARQ,D11,3,40,39,11,0.035508156,CD8+ T
GTTCGCTTCCTCGATC-14-s4d8,GARQ,D11,3,40,39,10,0.026401639,CD8+ T
CTAGCGGGTTGTTGGA-14-s4d8,GARQ,D11,3,40,39,20,0.02564001,CD8+ T
GGTTAGCGTAGGTTTG-14-s4d8,GARQ,D11,3,40,39,26,0.008760452,CD8+ T
TCCATCATCTTAGCGG-14-s4d8,GARQ,D11,3,40,39,3,0.32052052,Erythroblast
TGCTTCCAGGAAGCTA-14-s4d8,GARQ,D11,3,40,39,20,0.020050287,NK
GTTACGTAGTGAACGA-14-s4d8,GARQ,D11,3,40,39,21,0.22740471,Naive CD20+ B
AGTATAGCAACATAAG-14-s4d8,GARQ,D11,3,40,39,13,0.06200254,Lymph prog
GGCTTCAAGTTTGTCT-14-s4d8,GARQ,D11,3,40,39,32,0.018984437,CD8+ T
CAATGAACAACAGCCT-14-s4d8,GARQ,D11,3,40,39,20,0.17679787,CD8+ T
TCAGTAGGTAGTTGGC-14-s4d8,GARQ,D11,3,40,39,31,0.042895615,Transitional B
GATTCGCCAAATGCCC-14-s4d8,GARQ,D11,3,40,39,4,0.0849992,HSC
GGTGAGGTCACAGACT-14-s4d8,GARQ,D11,3,40,39,4,0.43874407,CD14+ Mono
GATCGCTCAAAGCTAA-14-s4d8,GARQ,D11,3,40,39,14,0.06714988,CD8+ T
GTTTGTCGTCTAACCT-14-s4d8,GARQ,D11,3,40,39,31,0.1164906,Transitional B
AGTTATGTCCTGAATA-14-s4d8,GARQ,D11,3,40,39,37,0.08782983,CD8+ T
GAGTGTTTCCTACCTA-14-s4d8,GARQ,D11,3,40,39,20,0.08158958,CD8+ T
CTATGGCCATTAAAGG-14-s4d8,GARQ,D11,3,40,39,4,0.32333255,CD16+ Mono
AGCATTTCAGCAACCT-14-s4d8,GARQ,D11,3,40,39,10,0.13996553,CD8+ T
GGGATTAAGTCACCAG-14-s4d8,GARQ,D11,3,40,39,8,0.028953671,Naive CD20+ B
CGAACAAAGTTCCTGC-14-s4d8,GARQ,D11,3,40,39,17,0.01844436,CD4+ T naive
GGTCTTGAGCCTTAAA-14-s4d8,GARQ,D11,3,40,39,20,0.1326456,CD8+ T
GCCACTAAGGCGCTAC-14-s4d8,GARQ,D11,3,40,39,31,0.039731383,Transitional B
TCGCATTGTGAGACTC-14-s4d8,GARQ,D11,3,40,39,21,0.014806271,B1 B
GGAAGTATCTCCTCAA-14-s4d8,GARQ,D11,3,40,39,15,0.19064367,Transitional B
TGCTTCATCTTAGCCC-14-s4d8,GARQ,D11,3,40,39,27,0.034846067,CD4+ T activated
AGCTACGTCCGGGACT-14-s4d8,GARQ,D11,3,40,39,7,0.018770695,CD8+ T
CGTTATCGTAAGGTTT-14-s4d8,GARQ,D11,3,40,39,4,0.1555891,G/M prog
CGAGCTGGTAGGTTTG-14-s4d8,GARQ,D11,3,40,39,20,0.09497857,CD8+ T
CATAATGTCCACCCTG-14-s4d8,GARQ,D11,3,40,39,3,0.23687851,Proerythroblast
GCAAGCCTCTCACTCA-14-s4d8,GARQ,D11,3,40,39,20,0.028797269,NK
CCGATGCAGCCAAATC-14-s4d8,GARQ,D11,3,40,39,4,0.7723117,CD14+ Mono
CTGTTAAAGGCGTAAA-14-s4d8,GARQ,D11,3,40,39,7,0.02779746,CD8+ T
GCCTGCTGTTAGTACG-14-s4d8,GARQ,D11,3,40,39,17,0.0011386871,NK
ACGCAAGCATGAATCT-14-s4d8,GARQ,D11,3,40,39,31,0.0004633069,cDC2
ACTTCGCTCTAGCGTG-14-s4d8,GARQ,D11,3,40,39,15,0.3412465,Lymph prog
ATACCGGTCCGCTAGA-14-s4d8,GARQ,D11,3,40,39,35,0.07536876,CD4+ T naive
TATCGCGAGGACACTT-14-s4d8,GARQ,D11,3,40,39,10,0.20777392,CD8+ T
GGCCAACTCCTAGTCC-14-s4d8,GARQ,D11,3,40,39,5,0.002424717,CD8+ T
CGGTAACGTCCGTGAG-14-s4d8,GARQ,D11,3,40,39,20,0.10975623,CD8+ T
TAGGCTAGTAGGTTAT-14-s4d8,GARQ,D11,3,40,39,20,0.09491098,CD8+ T
CTATTCAGTAATGGCC-14-s4d8,GARQ,D11,3,40,39,10,0.18429089,CD8+ T
TATCACGCACCTAATG-14-s4d8,GARQ,D11,3,40,39,10,0.13174129,CD8+ T
TGCAATATCGATTTAG-14-s4d8,GARQ,D11,3,40,39,20,0.24922347,CD8+ T
CTAAATGTCACTAGGT-14-s4d8,GARQ,D11,3,40,39,20,0.03036046,CD8+ T
TGCATTAAGACAAACG-14-s4d8,GARQ,D11,3,40,39,1,0.03598678,Naive CD20+ B
TGCTTGCTCCTAAGTA-14-s4d8,GARQ,D11,3,40,39,1,0.04311776,Naive CD20+ B
TTGTCCATCTTAGGGT-14-s4d8,GARQ,D11,3,40,39,28,0.035391092,NK
CAAGGCCTCTTGTCTG-14-s4d8,GARQ,D11,3,40,39,31,0.042883754,Naive CD20+ B
TCATACTTCGCACACA-14-s4d8,GARQ,D11,3,40,39,3,0.22997785,Proerythroblast
TTGCAAGGTATTCGCT-14-s4d8,GARQ,D11,3,40,39,20,0.11172211,CD8+ T
GTAAGCGCAGATTCAT-14-s4d8,GARQ,D11,3,40,39,10,0.14143515,CD4+ T naive
AATCCCTGTGGATGTC-14-s4d8,GARQ,D11,3,40,39,27,0.042659998,CD8+ T
AATGGCGCAGCCTAAC-14-s4d8,GARQ,D11,3,40,39,7,0.069455385,CD8+ T
ATCAGGTTCCGGTATG-14-s4d8,GARQ,D11,3,40,39,20,0.0939281,CD8+ T
TTTAGCTTCACGCGGT-14-s4d8,GARQ,D11,3,40,39,31,0.026863813,B1 B
AGCACTTAGTAAAGGT-14-s4d8,GARQ,D11,3,40,39,14,0.00066649914,CD8+ T
GCCCATAAGAGAAGGG-14-s4d8,GARQ,D11,3,40,39,3,0.04713297,MK/E prog
GAAGTATAGGGATGAC-14-s4d8,GARQ,D11,3,40,39,5,0.01786232,CD8+ T
AAGCTTGGTTGTTCAC-14-s4d8,GARQ,D11,3,40,39,20,0.0025758743,CD8+ T
CATTCCTCAAGCGATG-14-s4d8,GARQ,D11,3,40,39,10,0.09547007,CD8+ T
CAAGGTTTCTGTAAGC-14-s4d8,GARQ,D11,3,40,39,10,0.12323809,CD8+ T
CTCTATGTCATTACGA-14-s4d8,GARQ,D11,3,40,39,4,0.21580368,cDC2
AATTTCCTCAGCCAAT-14-s4d8,GARQ,D11,3,40,39,20,0.07838547,CD8+ T
TGTGCGGGTACCGAAC-14-s4d8,GARQ,D11,3,40,39,2,0.005666852,CD4+ T activated
CATAGGTTCGAGGAGT-14-s4d8,GARQ,D11,3,40,39,37,0.074653745,CD4+ T activated
GTGAACAAGACTTATG-14-s4d8,GARQ,D11,3,40,39,20,0.0028026104,CD8+ T
GTCCGTAAGGCGGATG-14-s4d8,GARQ,D11,3,40,39,1,0.1365782,B1 B
CAAGACAAGACTATTG-14-s4d8,GARQ,D11,3,40,39,20,0.09241128,CD8+ T
AGCTAACTCTTGACCC-14-s4d8,GARQ,D11,3,40,39,15,0.19249666,Lymph prog
GCCAACATCATGCTCC-14-s4d8,GARQ,D11,3,40,39,15,0.023172677,MK/E prog
AGACCCGGTTTGTTGC-14-s4d8,GARQ,D11,3,40,39,2,0.0017442703,CD4+ T activated
AGGCCCAGTTAACACG-14-s4d8,GARQ,D11,3,40,39,7,0.0016210079,CD8+ T
ACTCAGTAGTAACAGG-14-s4d8,GARQ,D11,3,40,39,37,0.010848522,CD8+ T
CACAGGCTCTTAGCCC-14-s4d8,GARQ,D11,3,40,39,4,0.3141582,CD16+ Mono
CAATCCTGTCATTACC-14-s4d8,GARQ,D11,3,40,39,1,0.00976038,Naive CD20+ B
CGCAATGTCACTCGCT-14-s4d8,GARQ,D11,3,40,39,3,0.1939826,Proerythroblast
AGTCAATGTTTGGTTC-14-s4d8,GARQ,D11,3,40,39,20,0.022487402,CD8+ T
GGGTTTGTCGGGATTT-14-s4d8,GARQ,D11,3,40,39,4,0.16275585,cDC2
TCCTGTTCATTAGGTT-14-s4d8,GARQ,D11,3,40,39,5,0.06522381,CD4+ T activated
AATTGGACAAGATTCT-14-s4d8,GARQ,D11,3,40,39,20,0.05628991,CD8+ T
GCCGTGAGTTACATCC-14-s4d8,GARQ,D11,3,40,39,5,0.044403195,CD8+ T
TGGATTCAGTTAGACC-14-s4d8,GARQ,D11,3,40,39,1,0.048063517,Transitional B
CTGCTCCCAAAGCTCC-14-s4d8,GARQ,D11,3,40,39,15,0.57121,Lymph prog
CTGCAATAGCATGGTT-14-s4d8,GARQ,D11,3,40,39,6,0.046298265,Transitional B
GATGGACAGTAACAGG-14-s4d8,GARQ,D11,3,40,39,10,0.021262407,CD8+ T
AAGGAAGCATAGACCC-14-s4d8,GARQ,D11,3,40,39,3,0.24228656,Normoblast
GTGTAACTCTCGACCT-14-s4d8,GARQ,D11,3,40,39,15,0.18050468,Lymph prog
CTGCTACTCACTTCAT-14-s4d8,GARQ,D11,3,40,39,20,0.027317286,CD8+ T
ACAGGAATCTTAGCCC-14-s4d8,GARQ,D11,3,40,39,8,0.020700574,Naive CD20+ B
GATGCAGCAAGCTTTG-14-s4d8,GARQ,D11,3,40,39,4,0.18699741,G/M prog
GAAGTGATCCCTGGAA-14-s4d8,GARQ,D11,3,40,39,20,0.03393686,NK
TGAGGCACAGCATTAT-14-s4d8,GARQ,D11,3,40,39,20,0.0011326075,CD8+ T
GGTTACCCAGTCTAGC-14-s4d8,GARQ,D11,3,40,39,37,0.10673499,CD4+ T naive
TGACTTAAGCATTAGC-14-s4d8,GARQ,D11,3,40,39,15,0.3222649,Transitional B
GATTAAGCATTAAGCT-14-s4d8,GARQ,D11,3,40,39,22,0.0029511452,Naive CD20+ B
TGGTTCCTCGGGACCT-14-s4d8,GARQ,D11,3,40,39,20,0.0034594536,CD8+ T
GCCTATTGTGACCTGG-14-s4d8,GARQ,D11,3,40,39,33,0.12508714,Transitional B
CCTATAGCAAAGGCCA-14-s4d8,GARQ,D11,3,40,39,20,0.07254791,NK
ACCCAGGGTGAAGCCT-14-s4d8,GARQ,D11,3,40,39,14,0.01786232,CD8+ T
TGGTTCCTCTTGAGCG-14-s4d8,GARQ,D11,3,40,39,8,0.06433666,Naive CD20+ B
ATGCAAACAATGCCCG-14-s4d8,GARQ,D11,3,40,39,21,0.061267614,Naive CD20+ B
CGAAATGAGTCCTGAG-14-s4d8,GARQ,D11,3,40,39,31,0.15453315,Naive CD20+ B
CGAAGAATCTAACCAA-14-s4d8,GARQ,D11,3,40,39,17,0.009810209,CD4+ T activated
GGCTTAAGTGATTACG-14-s4d8,GARQ,D11,3,40,39,39,0.020753622,CD8+ T
ACTTAGTCACCCTCAC-14-s4d8,GARQ,D11,3,40,39,20,0.029924035,CD8+ T
GATGCTTAGGAACGCG-14-s4d8,GARQ,D11,3,40,39,4,0.047776997,MK/E prog
TGCTATGCATATTGAC-14-s4d8,GARQ,D11,3,40,39,10,0.15340328,CD8+ T
CTAATAGTCCTTCAAT-14-s4d8,GARQ,D11,3,40,39,1,0.091052175,Transitional B
CTAACCACAACACTTG-14-s4d8,GARQ,D11,3,40,39,20,0.045464635,CD8+ T
TTTCTTGCAATTATGC-14-s4d8,GARQ,D11,3,40,39,15,0.03764856,G/M prog
TTAAAGGCAGCATGTC-14-s4d8,GARQ,D11,3,40,39,25,0.0026994944,CD8+ T
TCGGTAAGTTGGTTCT-14-s4d8,GARQ,D11,3,40,39,22,0.09799433,Naive CD20+ B
CGCGATTCAAATACCT-14-s4d8,GARQ,D11,3,40,39,4,0.6213757,CD14+ Mono
GTTTGCTGTTTACCGT-14-s4d8,GARQ,D11,3,40,39,37,0.024774075,CD8+ T
AGCCTAAGTGCTTTAC-14-s4d8,GARQ,D11,3,40,39,20,0.037693977,CD8+ T
TCCGGTTTCATAATCG-14-s4d8,GARQ,D11,3,40,39,37,0.024215579,CD4+ T naive
ACCAGCTCACTAGCGT-14-s4d8,GARQ,D11,3,40,39,34,0.11632222,CD8+ T
AGGTACGCAGGCTTCG-14-s4d8,GARQ,D11,3,40,39,3,0.26009822,Proerythroblast
CCTATAGCAGCAAGTG-14-s4d8,GARQ,D11,3,40,39,3,0.38533962,Proerythroblast
ATCAAGACAGCATGTC-14-s4d8,GARQ,D11,3,40,39,26,0.031452656,CD8+ T
TTGGCGGGTTAACGGC-14-s4d8,GARQ,D11,3,40,39,17,0.05332625,CD8+ T
GTCGCAATCTTGATGA-14-s4d8,GARQ,D11,3,40,39,21,0.19470334,Naive CD20+ B
CAAACAACAATGCGCT-14-s4d8,GARQ,D11,3,40,39,3,0.24237138,Proerythroblast
CTCCAACTCAGCCAAT-14-s4d8,GARQ,D11,3,40,39,20,0.21663237,CD8+ T
GCATTAGGTAGTAAGA-14-s4d8,GARQ,D11,3,40,39,20,0.16382647,CD8+ T
CCATAGCCATTATCCC-14-s4d8,GARQ,D11,3,40,39,3,0.17596006,Proerythroblast
TCTAATCTCAATCATG-14-s4d8,GARQ,D11,3,40,39,20,0.06918764,CD8+ T
TCAACAATCTCGACCT-14-s4d8,GARQ,D11,3,40,39,22,0.009761095,Naive CD20+ B
CCTATAGCACCAACCG-14-s4d8,GARQ,D11,3,40,39,7,0.014214635,CD8+ T
ACGACTTAGTAACTCA-14-s4d8,GARQ,D11,3,40,39,1,0.07279205,Naive CD20+ B
GCAAGCCTCTTGTCTG-14-s4d8,GARQ,D11,3,40,39,3,0.18208241,MK/E prog
CGATTATCAACCTAAT-14-s4d8,GARQ,D11,3,40,39,15,0.034735918,Lymph prog
CCTTACTCAGAAATTG-14-s4d8,GARQ,D11,3,40,39,10,0.23645401,CD8+ T
CCTATTGTCTTGATGA-14-s4d8,GARQ,D11,3,40,39,39,0.09295666,CD4+ T naive
GGTTAATGTAATAGCT-14-s4d8,GARQ,D11,3,40,39,10,0.09721506,CD4+ T activated
TGGACAAAGTACCGCA-14-s4d8,GARQ,D11,3,40,39,39,0.082922876,CD8+ T
CCTCCTGAGTCAATCA-14-s4d8,GARQ,D11,3,40,39,25,0.0075428486,CD8+ T
GCGCGATTCATCAGTA-14-s4d8,GARQ,D11,3,40,39,25,0.04847288,CD4+ T naive
CGAAGCGAGGGACCTC-14-s4d8,GARQ,D11,3,40,39,32,0.031361222,CD8+ T
TCTACTAGTCGCAATA-14-s4d8,GARQ,D11,3,40,39,20,0.088361025,CD8+ T
TCTTGACGTAACCAGC-14-s4d8,GARQ,D11,3,40,39,10,0.09279966,CD8+ T
TGAGCTTAGGCTACAT-14-s4d8,GARQ,D11,3,40,39,32,0.08605933,CD8+ T
AAAGCCGCAGATTCAT-14-s4d8,GARQ,D11,3,40,39,22,0.005578518,Transitional B
ACGCCTAAGCGCTAAT-14-s4d8,GARQ,D11,3,40,39,20,0.05968702,CD8+ T
GCAAGTGCAGTCTAGC-14-s4d8,GARQ,D11,3,40,39,39,0.0385437,CD8+ T
CGCAAATTCCAGGTTG-14-s4d8,GARQ,D11,3,40,39,37,0.18269873,CD8+ T
TATTAGCCACCCACAG-14-s4d8,GARQ,D11,3,40,39,2,0.006356001,CD4+ T activated
AGCAAGGGTTGACTTC-14-s4d8,GARQ,D11,3,40,39,4,0.43904167,cDC2
TTCGCAACAAACATAG-14-s4d8,GARQ,D11,3,40,39,3,0.4931054,Proerythroblast
GTCTATCGTTACATCC-14-s4d8,GARQ,D11,3,40,39,10,0.03054595,CD4+ T activated
TTGAGCTAGCGAGTAA-14-s4d8,GARQ,D11,3,40,39,20,0.123597026,CD8+ T
GGGAGTAGTAATAACC-14-s4d8,GARQ,D11,3,40,39,37,0.03005457,CD4+ T activated
GTTTGTAAGATTCCTT-14-s4d8,GARQ,D11,3,40,39,3,0.045706272,MK/E prog
ACCACATAGCTAATTG-14-s4d8,GARQ,D11,3,40,39,17,0.01653254,CD4+ T activated
GAACGAATCATAACTG-14-s4d8,GARQ,D11,3,40,39,10,0.010331392,NK
TTGTTTGGTCCTAACT-14-s4d8,GARQ,D11,3,40,39,4,0.57824564,CD14+ Mono
TGCTTCATCCACCTGT-14-s4d8,GARQ,D11,3,40,39,16,0.05962968,CD8+ T
ATGCATTCATGGAGGC-14-s4d8,GARQ,D11,3,40,39,3,0.61461437,Proerythroblast
GCTTGTTGTCACGGAT-14-s4d8,GARQ,D11,3,40,39,31,0.020486593,Transitional B
ATGTTGTCAACCTGGT-14-s4d8,GARQ,D11,3,40,39,13,0.0061192513,Proerythroblast
TCCAGCAAGGACTTAC-14-s4d8,GARQ,D11,3,40,39,26,0.005859852,CD8+ T
GTGCTGATCGTGCCTT-14-s4d8,GARQ,D11,3,40,39,31,0.11843443,B1 B
GAGGCCTTCACATTGA-14-s4d8,GARQ,D11,3,40,39,10,0.14409423,CD8+ T
AGATGAAGTTACCGGG-14-s4d8,GARQ,D11,3,40,39,15,0.10811162,Transitional B
GAGCTTAGTAAGTCGC-14-s4d8,GARQ,D11,3,40,39,22,0.06772673,Transitional B
CAGCTATAGCTCCTAC-14-s4d8,GARQ,D11,3,40,39,10,0.07735312,CD8+ T
CTAAGTCAGCTGGCTA-14-s4d8,GARQ,D11,3,40,39,5,0.012409091,CD4+ T activated
GCTTGACCAAACGCGA-14-s4d8,GARQ,D11,3,40,39,4,0.313816,CD14+ Mono
TAGTCAATCTAGCTAA-14-s4d8,GARQ,D11,3,40,39,11,0.008754373,CD8+ T
ACTTGAATCCCTGACT-14-s4d8,GARQ,D11,3,40,39,10,0.06546283,CD4+ T activated
CTAGTTGCAATCCTAG-14-s4d8,GARQ,D11,3,40,39,4,0.38821948,CD14+ Mono
CTACTTAGTTACAAAC-14-s4d8,GARQ,D11,3,40,39,10,0.015783072,CD8+ T
GGGTCAACATCTTGAG-14-s4d8,GARQ,D11,3,40,39,20,0.069963455,CD8+ T
CGATCCTTCCCGTTGT-14-s4d8,GARQ,D11,3,40,39,10,0.047548532,CD8+ T
GTACACCCAGGCTTGT-14-s4d8,GARQ,D11,3,40,39,22,0.115410686,Transitional B
CTAATCGCATGCAACC-14-s4d8,GARQ,D11,3,40,39,33,0.03778386,Naive CD20+ B
GTCAGGCTCGCTCACT-14-s4d8,GARQ,D11,3,40,39,4,0.460855,CD14+ Mono
ATACCTGCACACTAAT-14-s4d8,GARQ,D11,3,40,39,15,0.19019449,Lymph prog
GACACCGGTGCTCCGT-14-s4d8,GARQ,D11,3,40,39,5,0.00763309,CD8+ T
AAGCCTGTCTTAATGG-14-s4d8,GARQ,D11,3,40,39,3,0.18303025,Proerythroblast
TGGACCGGTTAGTGAT-14-s4d8,GARQ,D11,3,40,39,20,0.0005457401,CD8+ T
TTATAGCCACATTGCA-14-s4d8,GARQ,D11,3,40,39,10,0.115321636,CD8+ T
CTCCAAACACTAGCGT-14-s4d8,GARQ,D11,3,40,39,20,0.11075246,CD8+ T
GCTCAACCATTAAACC-14-s4d8,GARQ,D11,3,40,39,37,0.24267268,CD4+ T naive
CTTCTCAAGCAAGGAC-14-s4d8,GARQ,D11,3,40,39,7,0.02134484,CD4+ T activated
GCGTTTCTCTAACCTT-14-s4d8,GARQ,D11,3,40,39,15,0.06360173,Transitional B
AGCTATATCCGGTTGA-14-s4d8,GARQ,D11,3,40,39,30,0.033451498,CD16+ Mono
ATGGCTTAGTGAGCAA-14-s4d8,GARQ,D11,3,40,39,17,0.06338477,CD8+ T
CACTAAGGTCCTTTAA-14-s4d8,GARQ,D11,3,40,39,36,0.008491099,CD4+ T activated
TACGGTTAGGGATGAC-14-s4d8,GARQ,D11,3,40,39,15,0.26620817,Lymph prog
TAAACAGCACCTGCCT-14-s4d8,GARQ,D11,3,40,39,35,0.018325567,Proerythroblast
GCTAGCCAGTAACCAC-14-s4d8,GARQ,D11,3,40,39,15,0.32444215,Lymph prog
AGTCCTTGTAACTACG-14-s4d8,GARQ,D11,3,40,39,4,0.17741728,cDC2
GAGCGATAGTTAGTGC-14-s4d8,GARQ,D11,3,40,39,20,0.061213255,CD8+ T
TCATTGTTCTTGCAGG-14-s4d8,GARQ,D11,3,40,39,20,0.007205844,CD8+ T
CACTAAGGTTCTTTAG-14-s4d8,GARQ,D11,3,40,39,20,0.06523967,CD8+ T
CCTGGATCAACACTTG-14-s4d8,GARQ,D11,3,40,39,20,0.00078749657,CD8+ T
AGCGGATAGGTAACGA-14-s4d8,GARQ,D11,3,40,39,20,0.054153085,CD8+ T
TCAAGCTAGTCCTTCA-14-s4d8,GARQ,D11,3,40,39,37,0.04030156,CD4+ T activated
GGAGCATAGTTAGTGC-14-s4d8,GARQ,D11,3,40,39,20,0.037314296,CD8+ T
TATGGCCCATTATGCG-14-s4d8,GARQ,D11,3,40,39,22,0.11003727,Naive CD20+ B
GACCGTTCAGAAATTG-14-s4d8,GARQ,D11,3,40,39,3,0.23848844,Proerythroblast
AGACACGCAGGCTGTT-14-s4d8,GARQ,D11,3,40,39,2,0.019677639,CD8+ T
CGCTACTTCAGTTCCC-14-s4d8,GARQ,D11,3,40,39,3,0.49211514,Proerythroblast
AGACCCGGTTGGGTTA-14-s4d8,GARQ,D11,3,40,39,20,0.048735738,CD8+ T
TATTTGCTCCTGAGTG-14-s4d8,GARQ,D11,3,40,39,16,0.0016932487,B1 B
GGATATTGTTAGCGTA-14-s4d8,GARQ,D11,3,40,39,4,0.009504437,HSC
GAAGGCCCATTGTCAG-14-s4d8,GARQ,D11,3,40,39,20,0.13973248,CD8+ T
GCCTGCTGTGGTTCTT-14-s4d8,GARQ,D11,3,40,39,20,0.04772234,CD8+ T
CTTGCTCAGCATGGTT-14-s4d8,GARQ,D11,3,40,39,20,0.02821982,CD8+ T
GGTTCTTGTCAAAGGG-14-s4d8,GARQ,D11,3,40,39,37,0.06378019,CD8+ T
ACTCACCTCGGCCAGT-14-s4d8,GARQ,D11,3,40,39,10,0.015496731,CD8+ T
GAGGCTACAATAGCCC-14-s4d8,GARQ,D11,3,40,39,20,0.065627456,CD8+ T
GCAGCAACATGTCAAT-14-s4d8,GARQ,D11,3,40,39,17,0.042437077,CD8+ T
AAAGCTTGTTGCAATG-14-s4d8,GARQ,D11,3,40,39,11,0.03942561,CD8+ T
TGGACGGAGACCATAC-14-s4d8,GARQ,D11,3,40,39,3,0.12714249,Proerythroblast
TAGTAACGTTGTCATC-14-s4d8,GARQ,D11,3,40,39,10,0.08206463,CD8+ T
GTTACAGGTTAGCAGC-14-s4d8,GARQ,D11,3,40,39,4,0.35028666,cDC2
TAAGGCTTCCGCTAGA-14-s4d8,GARQ,D11,3,40,39,20,0.0026541948,CD8+ T
TACCTGCTCATTATGG-14-s4d8,GARQ,D11,3,40,39,2,0.005682826,CD8+ T
GGTTGAGCAAGCTACC-14-s4d8,GARQ,D11,3,40,39,3,0.43552637,Proerythroblast
GGACAGCCACCAACCG-14-s4d8,GARQ,D11,3,40,39,15,0.15791172,cDC2
GGTTTCCTCCCGAACA-14-s4d8,GARQ,D11,3,40,39,14,0.06400466,CD8+ T
CACCAACCAGTTTACG-14-s4d8,GARQ,D11,3,40,39,1,0.11763024,Transitional B
CCAGGATGTCCGTAGG-14-s4d8,GARQ,D11,3,40,39,1,0.02159667,Naive CD20+ B
ACCGGTTCAAAGGCCA-14-s4d8,GARQ,D11,3,40,39,10,0.12762499,CD8+ T
GTATTGTCAATCCCTT-14-s4d8,GARQ,D11,3,40,39,10,0.058613896,NK
GCTTTATTCACCATTT-14-s4d8,GARQ,D11,3,40,39,31,0.08678198,Naive CD20+ B
CTGACATAGAAAGCAT-14-s4d8,GARQ,D11,3,40,39,22,0.04985535,Naive CD20+ B
CCAGGATGTAACAGGG-14-s4d8,GARQ,D11,3,40,39,3,0.2718191,Proerythroblast
GTACGTAGTTGCAATG-14-s4d8,GARQ,D11,3,40,39,20,0.057386756,CD8+ T
CATAGACTCTAGCTAA-14-s4d8,GARQ,D11,3,40,39,4,0.13964313,HSC
GATCAGGCACCGTTCC-14-s4d8,GARQ,D11,3,40,39,4,0.0544312,HSC
TTAGCTGCACCTGCCT-14-s4d8,GARQ,D11,3,40,39,31,0.09390354,CD4+ T naive
TTTGTGAAGTGTTGCG-14-s4d8,GARQ,D11,3,40,39,20,0.002927065,CD8+ T
CTTGGACCAATCATGT-14-s4d8,GARQ,D11,3,40,39,3,0.25988543,Erythroblast
AACGGTAAGCCTGTGA-14-s4d8,GARQ,D11,3,40,39,15,0.38244784,Lymph prog
CAAGTTATCAGGCTAT-14-s4d8,GARQ,D11,3,40,39,25,0.013739824,CD4+ T activated
CTTACCTCATCCAGGT-14-s4d8,GARQ,D11,3,40,39,10,0.15854526,CD8+ T
AGGCAGGTCAGGTCCA-14-s4d8,GARQ,D11,3,40,39,10,0.09353554,CD8+ T
CCGCAAGGTGTTGCTT-14-s4d8,GARQ,D11,3,40,39,31,0.0043013096,Naive CD20+ B
GGTCATTAGTCTCACC-14-s4d8,GARQ,D11,3,40,39,4,0.17713797,cDC2
GTAGGATCAACCGCCA-14-s4d8,GARQ,D11,3,40,39,31,0.09241903,CD8+ T
GTCTTGCTCATCCTCA-14-s4d8,GARQ,D11,3,40,39,3,0.4028114,Normoblast
CTAAGGTTCATAACCA-14-s4d8,GARQ,D11,3,40,39,30,0.033329606,CD4+ T naive
CTATGATCAAACCCTA-14-s4d8,GARQ,D11,3,40,39,31,0.09645367,Naive CD20+ B
CAAACACTCTAGCTTT-14-s4d8,GARQ,D11,3,40,39,8,0.05251658,Transitional B
TAGACCAGTCGCAAAC-14-s4d8,GARQ,D11,3,40,39,1,0.0015380383,Transitional B
AAGCGAATCCTTGAGG-14-s4d8,GARQ,D11,3,40,39,10,0.0071827173,CD8+ T
CCTGAGTCAGCATGTC-14-s4d8,GARQ,D11,3,40,39,34,0.08727133,MK/E prog
CAATGTCAGTCAGTAC-14-s4d8,GARQ,D11,3,40,39,29,0.013400555,CD8+ T
GCTTAGTAGGTAAGCA-14-s4d8,GARQ,D11,3,40,39,15,0.0045604706,Transitional B
CATGCGGGTTACAACG-14-s4d8,GARQ,D11,3,40,39,10,0.035283208,CD8+ T
AAGGATGTCCAAGTGT-14-s4d8,GARQ,D11,3,40,39,20,0.12805367,CD8+ T
GAAGCCTGTAGGTTAT-14-s4d8,GARQ,D11,3,40,39,10,0.15217996,CD8+ T
TTTAAGCCACATGCTA-14-s4d8,GARQ,D11,3,40,39,17,0.004095733,CD4+ T naive
GTTGTTGCACAGCCAT-14-s4d8,GARQ,D11,3,40,39,14,0.034992516,CD8+ T
CGCCTGTGTGTGTCCC-14-s4d8,GARQ,D11,3,40,39,10,0.10363293,CD4+ T activated
AGACTATGTTCCAGGG-14-s4d8,GARQ,D11,3,40,39,31,0.11267841,Naive CD20+ B
AAGCCTCCACGGTACT-14-s4d8,GARQ,D11,3,40,39,20,0.08394492,CD8+ T
TGTTGCACATTAGCCA-14-s4d8,GARQ,D11,3,40,39,6,0.069083214,Transitional B
TTCCCGCCAGTTTCTC-14-s4d8,GARQ,D11,3,40,39,23,0.005849242,CD4+ T naive
CGCATGATCGATTTAG-14-s4d8,GARQ,D11,3,40,39,20,0.012307525,CD8+ T
ACATAGCTCCGCCTCA-14-s4d8,GARQ,D11,3,40,39,6,0.019780517,Transitional B
GCGCAAACAGCTTACA-14-s4d8,GARQ,D11,3,40,39,15,0.26247454,Transitional B
ATTGCGCCACTAAGAA-14-s4d8,GARQ,D11,3,40,39,10,0.18819618,CD8+ T
CATTGTAAGCCTGGTA-14-s4d8,GARQ,D11,3,40,39,15,0.12808633,Transitional B
CATAACGGTTCAAGCA-14-s4d8,GARQ,D11,3,40,39,37,0.16645491,CD4+ T activated
CTGGTCAAGTAAACCC-14-s4d8,GARQ,D11,3,40,39,26,0.04374528,Transitional B
CGATTGAGTTGTGACA-14-s4d8,GARQ,D11,3,40,39,7,0.023644328,CD8+ T
TCGCTAACATTGTGAT-14-s4d8,GARQ,D11,3,40,39,20,0.045757055,CD8+ T
GGTTACTAGCTCCCTG-14-s4d8,GARQ,D11,3,40,39,15,0.115416765,G/M prog
AGCAGGTAGCATTATG-14-s4d8,GARQ,D11,3,40,39,37,0.04288602,CD8+ T
TGATTAGTCTTGTTCG-14-s4d8,GARQ,D11,3,40,39,31,0.16380715,Naive CD20+ B
CTTGTTCCACGCAACT-14-s4d8,GARQ,D11,3,40,39,20,0.09247339,CD8+ T
AAAGCAAGTGGTTAGC-14-s4d8,GARQ,D11,3,40,39,3,0.11638272,Proerythroblast
GTACTTAAGATAAAGC-14-s4d8,GARQ,D11,3,40,39,20,0.0655905,CD8+ T
AGAGATTAGTTAGACC-14-s4d8,GARQ,D11,3,40,39,10,0.15228331,CD8+ T
GTCATGAGTCCGCTGT-14-s4d8,GARQ,D11,3,40,39,27,0.02244401,CD8+ T
ACGTCCAAGCCGCTTT-14-s4d8,GARQ,D11,3,40,39,20,0.06796813,CD8+ T
CTAAATGTCACCGGTA-14-s4d8,GARQ,D11,3,40,39,31,0.004404068,B1 B
CCTAATAAGTAGGATG-14-s4d8,GARQ,D11,3,40,39,37,0.05787921,NK
TAAGCCTAGGCCAATT-14-s4d8,GARQ,D11,3,40,39,21,0.15814734,Naive CD20+ B
GATAAGCCAATTAGCT-14-s4d8,GARQ,D11,3,40,39,35,0.08462179,B1 B
CGGACCTAGTGTTGCG-14-s4d8,GARQ,D11,3,40,39,20,0.030509591,CD8+ T
TTGACATCAACTAGAA-14-s4d8,GARQ,D11,3,40,39,39,0.013517618,CD4+ T activated
AGTTGCAGTTGACTTC-14-s4d8,GARQ,D11,3,40,39,23,0.013305068,CD8+ T
GCGAAGCCAGTAAGTA-14-s4d8,GARQ,D11,3,40,39,25,0.000577569,CD8+ T
GACAATACAACCCTAA-14-s4d8,GARQ,D11,3,40,39,5,0.049649954,CD4+ T activated
CATCCTCAGCCTGATG-14-s4d8,GARQ,D11,3,40,39,37,0.040064335,CD8+ T
ATAGATGCACCTCGCT-14-s4d8,GARQ,D11,3,40,39,20,0.030130625,CD8+ T
AATAACCGTCTCAGCC-14-s4d8,GARQ,D11,3,40,39,3,0.30580056,Normoblast
CCTGTATGTGGAGCAA-14-s4d8,GARQ,D11,3,40,39,14,0.0487082,CD8+ T
AGCTGCTCAATGAATG-14-s4d8,GARQ,D11,3,40,39,10,0.027039766,CD8+ T
GTAAGGTCACAGACTC-14-s4d8,GARQ,D11,3,40,39,32,0.06273043,CD8+ T
TCTGTGACATAATCGT-14-s4d8,GARQ,D11,3,40,39,39,0.06363571,CD4+ T activated
TTGGGCGGTGCTCACC-14-s4d8,GARQ,D11,3,40,39,3,0.18508637,B1 B
ATGTTCAAGCTTTGTT-14-s4d8,GARQ,D11,3,40,39,1,0.053974748,Transitional B
GAGCTGCTCGGTACGC-14-s4d8,GARQ,D11,3,40,39,5,0.0513767,CD8+ T
ATGTTGTCATGAGCAG-14-s4d8,GARQ,D11,3,40,39,2,0.027140856,CD8+ T
CGAAGCCTCGTAATCA-14-s4d8,GARQ,D11,3,40,39,20,0.029590964,CD8+ T
TTTCCACCACTTAGGC-14-s4d8,GARQ,D11,3,40,39,22,0.049894214,Naive CD20+ B
ACGTACCCAAACAACA-14-s4d8,GARQ,D11,3,40,39,17,0.0037124157,CD8+ T
CCGCCAACAGGCCTTG-14-s4d8,GARQ,D11,3,40,39,32,0.033207417,CD4+ T naive
CCAACCCGTTCACCAT-14-s4d8,GARQ,D11,3,40,39,3,0.5682018,Proerythroblast
TATTTGCTCACCATTT-14-s4d8,GARQ,D11,3,40,39,4,0.38155675,CD14+ Mono
TAGTAAGCAAATTGCT-14-s4d8,GARQ,D11,3,40,39,25,0.039032817,CD4+ T activated
TGGTCAAGTAAAGCGG-14-s4d8,GARQ,D11,3,40,39,39,0.09391379,CD4+ T activated
GGGTGTTGTAATCACG-14-s4d8,GARQ,D11,3,40,39,3,0.3390659,Proerythroblast
CCTCCTCTCTTGAGGT-14-s4d8,GARQ,D11,3,40,39,14,0.025675297,CD8+ T
TAAGCCTAGGCTTAGT-14-s4d8,GARQ,D11,3,40,39,14,0.017334163,CD8+ T
GAGAACCAGGAAGCAC-14-s4d8,GARQ,D11,3,40,39,34,0.10022122,HSC
CATTGTAAGCCTGATG-14-s4d8,GARQ,D11,3,40,39,22,0.18515599,Naive CD20+ B
CCTATTGTCCACCCTG-14-s4d8,GARQ,D11,3,40,39,8,0.03625095,Transitional B
GGCTATTAGACTATTG-14-s4d8,GARQ,D11,3,40,39,20,0.154073,CD8+ T
CTAGGACGTTTACCGT-14-s4d8,GARQ,D11,3,40,39,32,0.11048603,CD8+ T
ACTTACTTCACTTCAT-14-s4d8,GARQ,D11,3,40,39,10,0.055823207,CD8+ T
CGAGGAAGTCGCATAA-14-s4d8,GARQ,D11,3,40,39,4,0.04294288,CD14+ Mono
CACATTAAGGTATTGC-14-s4d8,GARQ,D11,3,40,39,3,0.3175515,Proerythroblast
TAGCGCGGTTAACGAT-14-s4d8,GARQ,D11,3,40,39,10,0.1742487,CD4+ T activated
GTTTATCTCCCGTTTA-14-s4d8,GARQ,D11,3,40,39,20,0.0032680035,NK
GTCATGAGTTAACGAT-14-s4d8,GARQ,D11,3,40,39,10,0.0059666634,CD8+ T
CGGTTATAGCACAGGG-14-s4d8,GARQ,D11,3,40,39,15,0.2788217,Transitional B
CTCCTGAGTTGCATCT-14-s4d8,GARQ,D11,3,40,39,6,0.056746244,Transitional B
CTTGAATCAAATATCC-14-s4d8,GARQ,D11,3,40,39,31,0.38133693,Naive CD20+ B
AATTAGGCAGTTAGCC-14-s4d8,GARQ,D11,3,40,39,1,0.22367811,B1 B
TGCTCTCAGCATTTCT-14-s4d8,GARQ,D11,3,40,39,20,0.06743932,NK
GATTACTCACGAATCC-14-s4d8,GARQ,D11,3,40,39,22,0.020135641,Transitional B
TAGCCTGAGTGGCGGA-14-s4d8,GARQ,D11,3,40,39,20,0.06372368,CD8+ T
ACGGGAAGTTAATGAC-14-s4d8,GARQ,D11,3,40,39,5,0.04690993,CD8+ T
ACATTGCAGCACTTGG-14-s4d8,GARQ,D11,3,40,39,2,0.043459713,CD8+ T
CAATCGCCAAATACCT-14-s4d8,GARQ,D11,3,40,39,20,0.09630823,CD8+ T
CGGGTATGTTAGGATT-14-s4d8,GARQ,D11,3,40,39,3,0.37561166,Erythroblast
GGATTTATCAGTGAAG-14-s4d8,GARQ,D11,3,40,39,5,0.003471136,CD4+ T activated
TTGGATATCATGGCTG-14-s4d8,GARQ,D11,3,40,39,3,0.04099703,Proerythroblast
GGTACAAAGGGTTATC-14-s4d8,GARQ,D11,3,40,39,20,0.08722317,CD8+ T
TGATCAATCTTGCTAT-14-s4d8,GARQ,D11,3,40,39,34,0.09349704,HSC
GCCATTACAAGTTATC-14-s4d8,GARQ,D11,3,40,39,26,0.04551649,CD4+ T naive
ACAGCCGGTGTTCCCA-14-s4d8,GARQ,D11,3,40,39,20,0.035564423,CD8+ T
TCCATATTCGATATTG-14-s4d8,GARQ,D11,3,40,39,2,0.0053112507,CD4+ T naive
GTGTGCGGTCCTAGTT-14-s4d8,GARQ,D11,3,40,39,17,0.06924629,CD8+ T
ACCTGTTGTTTAGTCC-14-s4d8,GARQ,D11,3,40,39,21,0.1974448,Naive CD20+ B
GCAATGAAGTTATGTG-14-s4d8,GARQ,D11,3,40,39,31,0.00030100346,Naive CD20+ B
AAGCGAGGTTTATCTG-14-s4d8,GARQ,D11,3,40,39,17,0.029521465,CD8+ T
TATTAGGTCTCACTAT-14-s4d8,GARQ,D11,3,40,39,31,0.029654503,Naive CD20+ B
CTATTGAAGCATTTCT-14-s4d8,GARQ,D11,3,40,39,26,0.09807038,CD4+ T activated
CATCACACAAGTCGCT-14-s4d8,GARQ,D11,3,40,39,5,0.005163431,CD4+ T activated
GTATTCAAGGTAAGCA-14-s4d8,GARQ,D11,3,40,39,2,0.020922184,NK
TTGCTTTAGCTGAGGG-14-s4d8,GARQ,D11,3,40,39,3,0.48844016,Erythroblast
TTCAACCGTTCGGGAT-14-s4d8,GARQ,D11,3,40,39,20,0.09089875,CD8+ T
TGCTAACAGAACAAGT-14-s4d8,GARQ,D11,3,40,39,23,0.10349548,CD8+ T
CGTTGCGCATTAAGTC-14-s4d8,GARQ,D11,3,40,39,20,0.03158295,NK
GGTGCTGGTGTTTCAC-14-s4d8,GARQ,D11,3,40,39,7,0.04191041,CD8+ T
ATGAAGCCAACCTAAT-14-s4d8,GARQ,D11,3,40,39,3,0.27184784,Erythroblast
GCGGATACACAGCCTG-14-s4d8,GARQ,D11,3,40,39,20,0.03458166,CD8+ T
CCTAAATCAGAGAGCC-14-s4d8,GARQ,D11,3,40,39,31,0.04381454,CD8+ T
TGTGCGCAGCACAGCC-14-s4d8,GARQ,D11,3,40,39,22,0.000187397,Naive CD20+ B
ATTTGCGCATCCCTCA-14-s4d8,GARQ,D11,3,40,39,31,0.05158466,Naive CD20+ B
AAGACAAGTACTTCAC-14-s4d8,GARQ,D11,3,40,39,20,0.0047830343,CD8+ T
GAACCTGTCTTGCAGG-14-s4d8,GARQ,D11,3,40,39,7,0.04881096,CD8+ T
TTTGCATTCGCTAGTG-14-s4d8,GARQ,D11,3,40,39,7,0.022773504,CD8+ T
CATCACACAGCTCATA-14-s4d8,GARQ,D11,3,40,39,3,0.47175622,Erythroblast
TCCATGCTCTTAGGGT-14-s4d8,GARQ,D11,3,40,39,2,0.021341205,CD8+ T
AGTTGTCAGTTCCCGT-14-s4d8,GARQ,D11,3,40,39,17,0.05286205,NK
ACCTGTTGTCATGCCC-14-s4d8,GARQ,D11,3,40,39,3,0.2492066,Proerythroblast
AGACACGCATCGCTTT-14-s4d8,GARQ,D11,3,40,39,10,0.00033152103,CD8+ T
AGGAACCAGTCACTAA-14-s4d8,GARQ,D11,3,40,39,37,0.12825227,CD4+ T naive
ATCTATGAGGTAAGCA-14-s4d8,GARQ,D11,3,40,39,20,0.020083427,CD8+ T
AATGCATGTAGCTGCG-14-s4d8,GARQ,D11,3,40,39,7,0.16221678,CD8+ T
TCCCTGGTCAGGTCCA-14-s4d8,GARQ,D11,3,40,39,22,0.10645509,Naive CD20+ B
TAATTGCCAATGCGCT-14-s4d8,GARQ,D11,3,40,39,15,0.45524752,Transitional B
TACAGGTTCACAGCCA-14-s4d8,GARQ,D11,3,40,39,26,0.0021762848,CD4+ T activated
CTCTGTTCATTCAGCA-14-s4d8,GARQ,D11,3,40,39,31,0.058265805,Naive CD20+ B
CCGTTGCGTTAGCTGA-14-s4d8,GARQ,D11,3,40,39,15,0.049364746,Lymph prog
TTCATTCAGCTAAGTC-14-s4d8,GARQ,D11,3,40,39,1,0.00048744678,Naive CD20+ B
AGTCTTGCACCAGCAT-14-s4d8,GARQ,D11,3,40,39,10,0.17912984,CD8+ T
AGTGTTTCAGTGAACG-14-s4d8,GARQ,D11,3,40,39,3,0.5386839,Erythroblast
ACTCGCTTCCATAATG-14-s4d8,GARQ,D11,3,40,39,2,0.003648758,CD8+ T
TGAAGTGAGCTCCCTG-14-s4d8,GARQ,D11,3,40,39,4,0.4773147,CD14+ Mono
GTCGAGGAGCCGCAGT-14-s4d8,GARQ,D11,3,40,39,31,0.043418884,Naive CD20+ B
AGCTTCCTCATTTGCT-14-s4d8,GARQ,D11,3,40,39,8,0.050192595,Transitional B
CGATTCCTCATTGTTC-14-s4d8,GARQ,D11,3,40,39,20,0.00960052,CD8+ T
GCGATTAGTAGGATTT-14-s4d8,GARQ,D11,3,40,39,10,0.0121405125,CD8+ T
TTATAGCCAGCCGCTA-14-s4d8,GARQ,D11,3,40,39,5,0.030958533,CD8+ T
CCTACTGGTTGAATCG-14-s4d8,GARQ,D11,3,40,39,4,0.22849023,cDC2
ATTGCGCCACCTATAG-14-s4d8,GARQ,D11,3,40,39,3,0.19137907,Proerythroblast
GGGTTTGTCCTAAGTA-14-s4d8,GARQ,D11,3,40,39,10,0.02265191,CD8+ T
TGGCGGTTCCTGGTGA-14-s4d8,GARQ,D11,3,40,39,15,0.2929576,Transitional B
AGGTTACTCGCACACA-14-s4d8,GARQ,D11,3,40,39,20,0.0095899105,CD8+ T
ACAAACTGTCCGTGAG-14-s4d8,GARQ,D11,3,40,39,4,0.3910432,CD14+ Mono
TCACCTGGTACGCGCA-14-s4d8,GARQ,D11,3,40,39,10,0.019745588,CD4+ T activated
GACTTAGGTCTATCGT-14-s4d8,GARQ,D11,3,40,39,3,0.014968932,Proerythroblast
CCGCTAAAGGATGATG-14-s4d8,GARQ,D11,3,40,39,2,0.0085657835,CD8+ T
GCTAACAGTGATCATG-14-s4d8,GARQ,D11,3,40,39,3,0.35452032,Proerythroblast
GAGGCTACAATGAGGT-14-s4d8,GARQ,D11,3,40,39,3,0.299568,Proerythroblast
AAACCAACATCATGTG-14-s4d8,GARQ,D11,3,40,39,5,0.054016948,CD8+ T
AACCTCACAGTACCGT-14-s4d8,GARQ,D11,3,40,39,4,0.44478428,CD14+ Mono
GGCCTAATCAGCAAAG-14-s4d8,GARQ,D11,3,40,39,22,0.033918858,Naive CD20+ B
AAAGGAGCATAGCTGC-14-s4d8,GARQ,D11,3,40,39,31,0.10828829,Naive CD20+ B
ACGTCCAAGACTAAGG-14-s4d8,GARQ,D11,3,40,39,20,0.12560523,CD8+ T
AGTCCTGAGGACCTGC-14-s4d8,GARQ,D11,3,40,39,20,0.05776918,CD8+ T
TAGTTTGAGTTTGGTA-14-s4d8,GARQ,D11,3,40,39,5,0.029908061,CD8+ T
GATTCCTGTTGGTTAG-14-s4d8,GARQ,D11,3,40,39,3,0.6994295,Proerythroblast
TGCTCCGTCCGGTTAG-14-s4d8,GARQ,D11,3,40,39,20,0.09856892,CD8+ T
TGTAATGTCCCGCATT-14-s4d8,GARQ,D11,3,40,39,15,0.26593173,Lymph prog
GATTCAATCGCTAAAC-14-s4d8,GARQ,D11,3,40,39,31,0.15568781,Naive CD20+ B
TGCCGGTAGTGACCTG-14-s4d8,GARQ,D11,3,40,39,31,0.14105332,Naive CD20+ B
TCCTCACAGCAAACCT-14-s4d8,GARQ,D11,3,40,39,4,0.6477926,CD14+ Mono
AGTCAGGCATTCCTCG-14-s4d8,GARQ,D11,3,40,39,35,0.03960371,Proerythroblast
GGGAATATCATCAGTA-14-s4d8,GARQ,D11,3,40,39,10,0.05891776,NK
GTTACCTGTATTGCAG-14-s4d8,GARQ,D11,3,40,39,5,0.06816137,CD4+ T activated
TACCTGCTCAAGCGCC-14-s4d8,GARQ,D11,3,40,39,30,0.0087913275,CD8+ T
TATCACGCAATAGCAA-14-s4d8,GARQ,D11,3,40,39,20,0.04917109,CD8+ T
GTTAAGTGTTAAGCCA-14-s4d8,GARQ,D11,3,40,39,17,0.025383472,NK
GATTCAGGTTAAGGTT-14-s4d8,GARQ,D11,3,40,39,3,0.8246944,Erythroblast
GCTTGACCACAGCCAT-14-s4d8,GARQ,D11,3,40,39,10,0.038634777,CD8+ T
CATAGACTCCTCACAC-14-s4d8,GARQ,D11,3,40,39,38,0.004969597,CD4+ T activated
CTCTATGTCGCACACA-14-s4d8,GARQ,D11,3,40,39,10,0.032822847,CD8+ T
CTGGTAAGTAAATTGC-14-s4d8,GARQ,D11,3,40,39,20,0.049254894,CD8+ T
GCTCATTGTTGTTCAC-14-s4d8,GARQ,D11,3,40,39,35,0.013284802,Erythroblast
ACTATGTCAGGCTGTT-14-s4d8,GARQ,D11,3,40,39,5,0.050174117,CD8+ T
ATGGCTGTCACTAATG-14-s4d8,GARQ,D11,3,40,39,15,0.30838525,Transitional B
GATCAGTTCAGCATTA-14-s4d8,GARQ,D11,3,40,39,20,0.11604953,CD8+ T
ATTAACCCAGAATGAC-14-s4d8,GARQ,D11,3,40,39,10,0.13578534,CD8+ T
CGTGCTGCACGTAAGG-14-s4d8,GARQ,D11,3,40,39,15,0.34822965,Lymph prog
CATAAGCTCGCCTGTT-14-s4d8,GARQ,D11,3,40,39,31,0.025973737,Proerythroblast
AAGTGTTGTTCGGTAA-14-s4d8,GARQ,D11,3,40,39,3,0.12311548,Proerythroblast
GCAAACAAGGATAAAC-14-s4d8,GARQ,D11,3,40,39,10,0.07735515,CD4+ T activated
TGGATTCAGCCGCTTT-14-s4d8,GARQ,D11,3,40,39,20,0.11531663,CD8+ T
TTAAGCCAGGGTGGAT-14-s4d8,GARQ,D11,3,40,39,8,0.010183334,B1 B
CAGGCTATCGAAGTGA-14-s4d8,GARQ,D11,3,40,39,3,0.58681214,Proerythroblast
GGTGAGCCAAGGAATC-14-s4d8,GARQ,D11,3,40,39,6,0.0035043955,Transitional B
CCAAGGCTCTTTGACT-14-s4d8,GARQ,D11,3,40,39,10,0.13165212,CD4+ T naive
ATGGCCCAGGACCTTG-14-s4d8,GARQ,D11,3,40,39,22,0.07978535,B1 B
GCGCGATTCGCGCTAA-14-s4d8,GARQ,D11,3,40,39,20,0.13741815,CD8+ T
ACTTACTTCCATCAGG-14-s4d8,GARQ,D11,3,40,39,3,0.62376285,Erythroblast
CAGCCTAAGGAACCAA-14-s4d8,GARQ,D11,3,40,39,31,0.05850935,B1 B
AGGTTGCGTTTAAAGC-14-s4d8,GARQ,D11,3,40,39,20,0.010269165,CD8+ T
GTAAGCGCACTAAATC-14-s4d8,GARQ,D11,3,40,39,37,0.14437437,CD4+ T activated
TTACCGTGTATTACCC-14-s4d8,GARQ,D11,3,40,39,20,0.119598866,CD8+ T
TGGAACAAGGGACGCA-14-s4d8,GARQ,D11,3,40,39,1,0.004424691,Transitional B
GTGCCTTTCTCACACC-14-s4d8,GARQ,D11,3,40,39,20,0.093538165,CD8+ T
GAGATAAGTCATTAGG-14-s4d8,GARQ,D11,3,40,39,20,0.26241708,CD8+ T
ACCAAACTCTCAATTC-14-s4d8,GARQ,D11,3,40,39,4,0.31401503,HSC
TACCTCATCAGCAAAG-14-s4d8,GARQ,D11,3,40,39,20,0.06714821,CD8+ T
GCTAGCCAGGCAGGTG-14-s4d8,GARQ,D11,3,40,39,7,0.0066769123,CD8+ T
GGGAGTAGTCACAGCG-14-s4d8,GARQ,D11,3,40,39,27,0.036844134,CD8+ T
TAAGGCTTCTGGTCCT-14-s4d8,GARQ,D11,3,40,39,2,0.027377725,CD8+ T
TCTCAAGCACATAGCC-14-s4d8,GARQ,D11,3,40,39,3,0.33258522,Proerythroblast
AAACGTACATGCTTAG-14-s4d8,GARQ,D11,3,40,39,10,0.10253596,CD8+ T
CAATATGTCTTGTCTG-14-s4d8,GARQ,D11,3,40,39,4,0.08078289,CD16+ Mono
TTCAGTTTCGGTTCCT-14-s4d8,GARQ,D11,3,40,39,15,0.05036056,Transitional B
ACTTGAATCCAATAGC-14-s4d8,GARQ,D11,3,40,39,20,0.076566935,CD8+ T
AGGGCCTTCACCAATA-14-s4d8,GARQ,D11,3,40,39,5,0.02466762,CD8+ T
GCTGTAAGTCACAGAC-14-s4d8,GARQ,D11,3,40,39,3,0.7755375,Erythroblast
CCAATATCATTAAACC-14-s4d8,GARQ,D11,3,40,39,8,0.042853355,Naive CD20+ B
CAACTAATCAATCATG-14-s4d8,GARQ,D11,3,40,39,20,0.09209347,CD8+ T
CCCAACCGTAACGTGC-14-s4d8,GARQ,D11,3,40,39,34,0.023980975,MK/E prog
CTCTAGCTCCGCACAA-14-s4d8,GARQ,D11,3,40,39,10,0.03216493,CD8+ T
CTTAGTTTCCCGTTAC-14-s4d8,GARQ,D11,3,40,39,15,0.5142529,Lymph prog
TGACCAAGTTACCGGG-14-s4d8,GARQ,D11,3,40,39,7,0.020766735,CD8+ T
GTGTCCAAGACTTACA-14-s4d8,GARQ,D11,3,40,39,5,0.006524682,CD8+ T
GAACTTATCAAGCTAC-14-s4d8,GARQ,D11,3,40,39,3,0.3192196,Proerythroblast
GTCTATCGTAGGATTT-14-s4d8,GARQ,D11,3,40,39,3,0.08814192,MK/E prog
TTTCCACCAGTATGTT-14-s4d8,GARQ,D11,3,40,39,10,0.09982872,CD4+ T activated
TCACTGACACTATGGC-14-s4d8,GARQ,D11,3,40,39,4,0.07906002,CD14+ Mono
GGTTAGCGTAAGGTTT-14-s4d8,GARQ,D11,3,40,39,20,0.15181494,CD8+ T
CGCATTACATGTGGGA-14-s4d8,GARQ,D11,3,40,39,5,0.006974697,CD4+ T activated
CATCATGCACAACAAA-14-s4d8,GARQ,D11,3,40,39,20,0.038266063,CD8+ T
CCAAGTTAGTTAGACC-14-s4d8,GARQ,D11,3,40,39,3,0.21577501,MK/E prog
GAGCTGCTCTCACATT-14-s4d8,GARQ,D11,3,40,39,3,0.4631552,Proerythroblast
TTCGGTACAGTTTCTC-14-s4d8,GARQ,D11,3,40,39,27,0.095701456,CD4+ T activated
GCCTACTTCGAAGTAG-14-s4d8,GARQ,D11,3,40,39,10,0.04336977,CD8+ T
GCTGTAAGTGCCGCAA-14-s4d8,GARQ,D11,3,40,39,36,0.030535817,CD4+ T activated
CTATTACTCTCTAGCC-14-s4d8,GARQ,D11,3,40,39,20,0.04406786,CD8+ T
AAGCCACGTAGGATCC-14-s4d8,GARQ,D11,3,40,39,6,0.04992932,Transitional B
TCACCTGGTAAGGTCC-14-s4d8,GARQ,D11,3,40,39,15,0.029845178,Plasma cell
GCTGTGCAGCCTCTGT-14-s4d8,GARQ,D11,3,40,39,31,0.10696769,B1 B
TTATTGCTCATTGCAA-14-s4d8,GARQ,D11,3,40,39,10,0.00084137917,CD8+ T
CTCGCTCCACAGGGAC-14-s4d8,GARQ,D11,3,40,39,4,0.027565002,cDC2
AAACATGCAGTCTAAT-14-s4d8,GARQ,D11,3,40,39,10,0.06690884,CD8+ T
TCATTGTTCCGTTAAA-14-s4d8,GARQ,D11,3,40,39,20,0.20361435,CD8+ T
GTGGTTAGTTGTAAAC-14-s4d8,GARQ,D11,3,40,39,15,0.05154121,Transitional B
GTGCACGGTAAGCACC-14-s4d8,GARQ,D11,3,40,39,15,0.28548038,Lymph prog
TCCCGTTAGTAATCCA-14-s4d8,GARQ,D11,3,40,39,10,0.05444455,CD4+ T naive
GAAGGATGTTCACTGT-14-s4d8,GARQ,D11,3,40,39,38,0.026639223,CD8+ T
TTAACTGAGTTGTCCC-14-s4d8,GARQ,D11,3,40,39,20,0.01970923,CD8+ T
ATGGTGCGTAATGGCC-14-s4d8,GARQ,D11,3,40,39,15,0.09803879,Transitional B
ATCACTAAGCAGCTCA-14-s4d8,GARQ,D11,3,40,39,31,0.26246595,Naive CD20+ B
TTGCGTCTCATGGTGT-14-s4d8,GARQ,D11,3,40,39,20,0.04930067,CD4+ T activated
GTTAGACTCGATTTGA-14-s4d8,GARQ,D11,3,40,39,5,0.022958636,CD8+ T
AAGCATGAGCGAAGTA-14-s4d8,GARQ,D11,3,40,39,13,0.008635759,G/M prog
GCATGAGCAATTTAGC-14-s4d8,GARQ,D11,3,40,39,2,0.013127565,CD8+ T
CAATGAACATTGACAT-14-s4d8,GARQ,D11,3,40,39,4,0.64988244,CD14+ Mono
ATATAGGCAGTAAAGC-14-s4d8,GARQ,D11,3,40,39,15,0.48358393,Transitional B
CGAAATGAGGACTTAC-14-s4d8,GARQ,D11,3,40,39,34,0.074374795,cDC2
ATCACTAAGATAACCC-14-s4d8,GARQ,D11,3,40,39,20,0.08468568,CD8+ T
AAGTCTATCATGTTTC-14-s4d8,GARQ,D11,3,40,39,10,0.072012424,CD8+ T
GATAAGCCAACGTGCT-14-s4d8,GARQ,D11,3,40,39,7,0.028225422,CD8+ T
CGGACAACATGTTGTG-14-s4d8,GARQ,D11,3,40,39,7,0.13678384,NK
AGACACGCACGAATTT-14-s4d8,GARQ,D11,3,40,39,10,0.014653444,CD8+ T
CTCAATAAGGCATTAC-14-s4d8,GARQ,D11,3,40,39,10,0.019371271,CD8+ T
CCTTAACGTGGCTTCC-14-s4d8,GARQ,D11,3,40,39,6,0.09768176,B1 B
ATAGATGCAGGTATTT-14-s4d8,GARQ,D11,3,40,39,10,0.038357377,NK
ATGTTTGAGGGTCCAC-14-s4d8,GARQ,D11,3,40,39,6,0.007378459,Lymph prog
CGAACCGGTTAGCATG-14-s4d8,GARQ,D11,3,40,39,20,0.14228213,CD8+ T
GGGCGAATCATTATGG-14-s4d8,GARQ,D11,3,40,39,10,0.14206016,CD8+ T
CGTTAAATCCCTCACG-14-s4d8,GARQ,D11,3,40,39,14,0.08534455,NK
GGGCATTGTACTGAAT-14-s4d8,GARQ,D11,3,40,39,8,0.020614743,Naive CD20+ B
CTCCGTCCAGCTCATA-14-s4d8,GARQ,D11,3,40,39,17,0.009592295,CD8+ T
CCATTGTGTCAAAGAA-14-s4d8,GARQ,D11,3,40,39,10,0.0778774,CD4+ T naive
CAGTACCCACAAACTT-14-s4d8,GARQ,D11,3,40,39,20,0.07605243,CD8+ T
TACGCTTGTTTACCGT-14-s4d8,GARQ,D11,3,40,39,4,0.22560734,CD16+ Mono
ACTCACTGTTAGAGGG-14-s4d8,GARQ,D11,3,40,39,36,0.05211544,CD8+ T
TAGTACGGTGTCACGG-14-s4d8,GARQ,D11,3,40,39,28,0.008843899,CD8+ T
GTTAAACGTAGCCTAA-14-s4d8,GARQ,D11,3,40,39,10,0.008809924,CD8+ T
CCCAAACCACCTAATG-14-s4d8,GARQ,D11,3,40,39,30,0.005519986,NK
CGAACCGGTGCTCCGT-14-s4d8,GARQ,D11,3,40,39,5,0.049984217,CD4+ T activated
AGGCTAGCAAGGTAAC-14-s4d8,GARQ,D11,3,40,39,20,0.15883017,CD8+ T
GCCGTGAGTTGCGCGA-14-s4d8,GARQ,D11,3,40,39,20,0.03943622,CD8+ T
GTGAACAAGGTCCTGA-14-s4d8,GARQ,D11,3,40,39,29,0.032662153,CD8+ T
CAAGGGAGTGTGTGGT-14-s4d8,GARQ,D11,3,40,39,18,0.052734733,CD8+ T
TACCAAATCCTAGTTT-14-s4d8,GARQ,D11,3,40,39,5,0.04701245,CD8+ T
GCTTGACCACAAACTT-14-s4d8,GARQ,D11,3,40,39,31,0.084647894,Naive CD20+ B
CAGCTAAGTTTAGTCC-14-s4d8,GARQ,D11,3,40,39,2,0.041088343,NK
GCCTCGACAGTAGCCT-14-s4d8,GARQ,D11,3,40,39,15,0.37704575,Transitional B
AGTAATGCAGGATAAC-14-s4d8,GARQ,D11,3,40,39,20,0.09803152,CD8+ T
AAGCTAGAGGCGCTAC-14-s4d8,GARQ,D11,3,40,39,5,0.004956484,CD8+ T
CGAGGAAGTTAATGCG-14-s4d8,GARQ,D11,3,40,39,5,0.009742618,CD8+ T
TTGGCTTGTAAGCACC-14-s4d8,GARQ,D11,3,40,39,20,0.049178123,CD8+ T
CTAAAGCTCCAGGTTG-14-s4d8,GARQ,D11,3,40,39,14,0.019043803,CD8+ T
ACTTGTCGTACAAAGA-14-s4d8,GARQ,D11,3,40,39,27,0.034329176,CD8+ T
CAACAGGCATCGTTCT-14-s4d8,GARQ,D11,3,40,39,9,0.07739174,CD4+ T activated
AGGGCCTTCTCAATTC-14-s4d8,GARQ,D11,3,40,39,5,0.065846086,CD8+ T
GCCAATTAGTTAGGCT-14-s4d8,GARQ,D11,3,40,39,4,0.016049385,HSC
GTTAACGGTCATAACG-14-s4d8,GARQ,D11,3,40,39,3,0.45844316,Proerythroblast
TGCTTCATCTTGTTCG-14-s4d8,GARQ,D11,3,40,39,7,0.21866393,CD8+ T
AAGCGTTTCATAACGC-14-s4d8,GARQ,D11,3,40,39,20,0.06884539,CD8+ T
AGGTTAACAGGTTACC-14-s4d8,GARQ,D11,3,40,39,37,0.0654763,CD8+ T
CTATGAGGTTAGTACG-14-s4d8,GARQ,D11,3,40,39,2,0.010117769,CD8+ T
CAATAGCTCACTAAGC-14-s4d8,GARQ,D11,3,40,39,14,0.03742981,CD8+ T
CTTCTCAAGACAAAGT-14-s4d8,GARQ,D11,3,40,39,2,0.066075206,CD8+ T
ACAACAGAGACTAAGG-14-s4d8,GARQ,D11,3,40,39,26,0.006730199,CD8+ T
GGTCAGGAGGCAATAG-14-s4d8,GARQ,D11,3,40,39,3,0.26562393,Proerythroblast
GTAGTTATCCATTACT-14-s4d8,GARQ,D11,3,40,39,15,0.2506671,Lymph prog
GACAATACAAGCTAAA-14-s4d8,GARQ,D11,3,40,39,20,0.063150525,CD8+ T
TCAGCAAGTCCGCTGT-14-s4d8,GARQ,D11,3,40,39,4,0.28643215,cDC2
ATCCGTGAGTGAGCGG-14-s4d8,GARQ,D11,3,40,39,13,0.023498237,MK/E prog
ATAACGACAAGTAAGC-14-s4d8,GARQ,D11,3,40,39,20,0.040489674,CD4+ T activated
GTAAGGTCATTGCGTA-14-s4d8,GARQ,D11,3,40,39,20,0.017923236,CD8+ T
GTCAGGCTCGGTAACT-14-s4d8,GARQ,D11,3,40,39,37,0.071279466,CD8+ T
ACGACTTAGTAAACCC-14-s4d8,GARQ,D11,3,40,39,31,0.24845767,Naive CD20+ B
GGTGAGCCAATACTGT-14-s4d8,GARQ,D11,3,40,39,3,0.35462153,Erythroblast
TCGCGAGGTTGCCTCA-14-s4d8,GARQ,D11,3,40,39,17,0.032775164,CD8+ T
TTGCTTTAGGTCCACA-14-s4d8,GARQ,D11,3,40,39,20,0.07591772,CD8+ T
TTGCTTAGTGGATTAT-14-s4d8,GARQ,D11,3,40,39,15,0.23378313,Lymph prog
GCGCTTGCACCAGCAT-14-s4d8,GARQ,D11,3,40,39,3,0.3938098,Erythroblast
AGCTTGGTCGCTAAGT-14-s4d8,GARQ,D11,3,40,39,39,0.048600912,CD8+ T
CTTGCTCAGGAACCGG-14-s4d8,GARQ,D11,3,40,39,4,0.23558968,G/M prog
AGCTTAATCACCAATA-14-s4d8,GARQ,D11,3,40,39,4,0.35621446,CD14+ Mono
ACACTTAAGCTTATGA-14-s4d8,GARQ,D11,3,40,39,1,0.03855312,Transitional B
CTGCAATAGGCCTGGT-14-s4d8,GARQ,D11,3,40,39,26,0.044088066,NK
GTGTGTTAGCCGCTAA-14-s4d8,GARQ,D11,3,40,39,15,0.19688523,Lymph prog
TCATGCCTCCTAATGA-14-s4d8,GARQ,D11,3,40,39,3,0.5483726,Erythroblast
GGCAAATCAAACATAG-14-s4d8,GARQ,D11,3,40,39,31,0.051632166,Naive CD20+ B
GATGGCTGTTCACCAT-14-s4d8,GARQ,D11,3,40,39,3,0.25693822,Proerythroblast
TCATAACCAGTTTCTC-14-s4d8,GARQ,D11,3,40,39,20,0.1006186,CD8+ T
CCTTCAATCTCACACC-14-s4d8,GARQ,D11,3,40,39,20,0.077563286,CD8+ T
CCTTTAGTCCAACTGG-14-s4d8,GARQ,D11,3,40,39,31,0.050689816,CD8+ T
GTTCATTTCTAGCGAT-14-s4d8,GARQ,D11,3,40,39,13,0.06507516,MK/E prog
CATTGTAAGAGGAGGA-14-s4d8,GARQ,D11,3,40,39,15,0.34454823,Transitional B
ATGTCAATCCAATTAG-14-s4d8,GARQ,D11,3,40,39,10,0.011579394,CD4+ T activated
GTCGAAGCAGGACCAA-14-s4d8,GARQ,D11,3,40,39,17,0.1968944,CD8+ T
CCGCTAAAGGCCAATT-14-s4d8,GARQ,D11,3,40,39,31,0.23632586,Naive CD20+ B
CTAGGCGGTGCTGGTG-14-s4d8,GARQ,D11,3,40,39,5,0.025292754,CD8+ T
GTAGTTATCGTGCTAG-14-s4d8,GARQ,D11,3,40,39,3,0.24153411,Proerythroblast
GAGGTACAGTTATCCT-14-s4d8,GARQ,D11,3,40,39,31,0.16062105,Naive CD20+ B
AGGAAACGTGGATTAT-14-s4d8,GARQ,D11,3,40,39,3,0.25382423,Proerythroblast
CTTATTGGTTTGGTTC-14-s4d8,GARQ,D11,3,40,39,31,0.12605393,B1 B
CCAATATCAGGCTTGT-14-s4d8,GARQ,D11,3,40,39,3,0.5014175,Proerythroblast
TGAGTGAAGGACCAGG-14-s4d8,GARQ,D11,3,40,39,37,0.10761857,CD8+ T
CATTATGAGGCTTAAC-14-s4d8,GARQ,D11,3,40,39,20,0.025468588,CD8+ T
GCTGGATGTGTTTGTC-14-s4d8,GARQ,D11,3,40,39,10,0.017035067,CD8+ T
AGCTACGTCACAGCGC-14-s4d8,GARQ,D11,3,40,39,31,0.026604414,Naive CD20+ B
CTGGCTAAGTTTGGTA-14-s4d8,GARQ,D11,3,40,39,3,0.47972035,Proerythroblast
GAACCTTAGGTCTTGG-14-s4d8,GARQ,D11,3,40,39,22,0.1189369,Naive CD20+ B
TATGGGCGTATGGTGC-14-s4d8,GARQ,D11,3,40,39,7,0.025498629,CD8+ T
CCTTCAATCCGTCCAT-14-s4d8,GARQ,D11,3,40,39,3,0.76297235,Proerythroblast
ATTCCTCCAGGAACTG-14-s4d8,GARQ,D11,3,40,39,15,0.18071222,Transitional B
TGAGCAAAGTTCCTCA-14-s4d8,GARQ,D11,3,40,39,4,0.39263397,CD14+ Mono
GCCTATTGTTACGCGG-14-s4d8,GARQ,D11,3,40,39,22,0.0560894,B1 B
TATGCATCACCAACCG-14-s4d8,GARQ,D11,3,40,39,20,0.034127235,CD8+ T
ACGGGAAGTGTGTGGT-14-s4d8,GARQ,D11,3,40,39,3,0.06815255,HSC
GTCTAGCCAGCTACGT-14-s4d8,GARQ,D11,3,40,39,20,0.14057648,CD8+ T
TCCTCTAAGCATTATG-14-s4d8,GARQ,D11,3,40,39,10,0.09554827,CD8+ T
TAAGCTATCCACCTTA-14-s4d8,GARQ,D11,3,40,39,5,0.07008219,CD8+ T
CTTCTAAGTGGATTAT-14-s4d8,GARQ,D11,3,40,39,33,0.018728614,B1 B
TGCTAACAGTAAGTGG-14-s4d8,GARQ,D11,3,40,39,23,0.040569544,CD8+ T
GCGCCTTGTGGAAGGC-14-s4d8,GARQ,D11,3,40,39,15,0.109557986,pDC
AAGCCTTAGGTCCGTA-14-s4d8,GARQ,D11,3,40,39,10,0.0040459633,CD8+ T
CATGGATTCGCAACAT-14-s4d8,GARQ,D11,3,40,39,10,0.179173,NK
CTTGTTCCATTAGCGC-14-s4d8,GARQ,D11,3,40,39,3,0.512698,Erythroblast
ACATTAGTCAGGCTAT-14-s4d8,GARQ,D11,3,40,39,15,0.18045664,Lymph prog
CCGCTTAGTTTAACGG-14-s4d8,GARQ,D11,3,40,39,20,0.17989266,CD8+ T
GCGATATTCAGTTCCC-14-s4d8,GARQ,D11,3,40,39,36,0.042569876,CD8+ T
GCTCTGTTCTTGTCCA-14-s4d8,GARQ,D11,3,40,39,8,0.061080754,Naive CD20+ B
CCGCTAGCACTATGGC-14-s4d8,GARQ,D11,3,40,39,15,0.0069625378,CD14+ Mono
GTCCTAGAGTAAAGGT-14-s4d8,GARQ,D11,3,40,39,25,0.01849842,CD8+ T
AGTAACGAGCTCAAAC-14-s4d8,GARQ,D11,3,40,39,7,0.018263817,CD8+ T
TACGTTAAGTTATGGC-14-s4d8,GARQ,D11,3,40,39,20,0.11981535,CD8+ T
CCACAGGGTCAACAAT-14-s4d8,GARQ,D11,3,40,39,10,0.027551413,CD8+ T
GTCATCACAACTAGCC-14-s4d8,GARQ,D11,3,40,39,5,0.04302144,CD8+ T
TCCATTGTCATCCTCA-14-s4d8,GARQ,D11,3,40,39,10,0.10274494,CD8+ T
TGATGACTCAAGGACA-14-s4d8,GARQ,D11,3,40,39,15,0.32872272,Transitional B
GCGCTTGCACCCACAG-14-s4d8,GARQ,D11,3,40,39,8,0.028838277,Naive CD20+ B
TATCGAGGTTAGGCTA-14-s4d8,GARQ,D11,3,40,39,14,0.046339035,CD4+ T naive
TGAGTGAAGCAGGCCT-14-s4d8,GARQ,D11,3,40,39,5,0.01414597,CD8+ T
GCATATATCACCTGCT-14-s4d8,GARQ,D11,3,40,39,10,0.035402536,CD8+ T
TAGACCAGTTGAGGTC-14-s4d8,GARQ,D11,3,40,39,8,0.009160399,Naive CD20+ B
CAGGGCTTCTGTTCAT-14-s4d8,GARQ,D11,3,40,39,10,0.29582596,CD8+ T
TGCCTGTTCCTTTACG-14-s4d8,GARQ,D11,3,40,39,10,0.09064555,CD8+ T
TATGGCCCAACCCTCC-14-s4d8,GARQ,D11,3,40,39,37,0.062845945,CD4+ T activated
GTTAAGCTCCGCACAA-14-s4d8,GARQ,D11,3,40,39,20,0.014014959,NK
AAGCAAGTCTTGCAGG-14-s4d8,GARQ,D11,3,40,39,31,0.0710938,B1 B
GGATTATGTGTTCCCA-14-s4d8,GARQ,D11,3,40,39,3,0.4372362,Proerythroblast
CTTTGAGCAAACCTTG-14-s4d8,GARQ,D11,3,40,39,30,0.02490735,B1 B
ACGCCTAAGAGGAAGG-14-s4d8,GARQ,D11,3,40,39,37,0.0022141933,CD8+ T
TTGTGCCTCCTTAGGG-14-s4d8,GARQ,D11,3,40,39,35,0.03339863,B1 B
TGTAAGCTCATTAGCA-14-s4d8,GARQ,D11,3,40,39,20,0.026720285,CD8+ T
TCCGCCATCAATAGCC-14-s4d8,GARQ,D11,3,40,39,1,0.009898961,Transitional B
ATCGAGGCAATATACC-14-s4d8,GARQ,D11,3,40,39,5,0.026088,CD8+ T
CTTTCTTGTCCTAAGA-14-s4d8,GARQ,D11,3,40,39,31,0.27822983,B1 B
CTCACACTCATGCTAA-14-s4d8,GARQ,D11,3,40,39,10,0.016238332,CD8+ T
CTTGGACCAGCTTAGC-14-s4d8,GARQ,D11,3,40,39,31,0.4164524,Naive CD20+ B
GAGTAACCATTATGCG-14-s4d8,GARQ,D11,3,40,39,7,0.0027885437,CD8+ T
TACCAGGTCCTTCTAG-14-s4d8,GARQ,D11,3,40,39,10,0.033817053,CD8+ T
AGGATCCGTACGGTAC-14-s4d8,GARQ,D11,3,40,39,2,0.0025296211,CD8+ T
CAACCCGCACAACAGG-14-s4d8,GARQ,D11,3,40,39,35,0.037909508,Naive CD20+ B
CCAGCTGCATAAGTCT-14-s4d8,GARQ,D11,3,40,39,1,0.05948031,B1 B
TGAACAACACAGACTC-14-s4d8,GARQ,D11,3,40,39,21,0.12313557,B1 B
TGTGCTGAGGAACCAA-14-s4d8,GARQ,D11,3,40,39,32,0.019322157,B1 B
CTCGTTATCCGCACAA-14-s4d8,GARQ,D11,3,40,39,31,0.022261977,Naive CD20+ B
TGGCCTGCAAGCCACT-14-s4d8,GARQ,D11,3,40,39,3,0.17036104,Proerythroblast
ACCAAACTCAGCACCA-14-s4d8,GARQ,D11,3,40,39,15,0.1577676,MK/E prog
TGCTCCGTCATGCAAC-14-s4d8,GARQ,D11,3,40,39,10,0.012253523,CD8+ T
TCAGCGATCGAGCTAT-14-s4d8,GARQ,D11,3,40,39,21,0.0122407675,Lymph prog
GCACATTAGAGCCGGA-14-s4d8,GARQ,D11,3,40,39,3,0.35141957,Proerythroblast
TTTCCTGAGTTGCGTG-14-s4d8,GARQ,D11,3,40,39,20,0.039848566,CD8+ T
AACCTTAAGGCTGTCA-14-s4d8,GARQ,D11,3,40,39,5,0.015441656,CD8+ T
AACAAAGGTCACAAAT-14-s4d8,GARQ,D11,3,40,39,10,0.24958444,CD8+ T
ACACTTAAGTTATGGC-14-s4d8,GARQ,D11,3,40,39,20,0.13332355,CD8+ T
TGCTCCGTCAGCATTA-14-s4d8,GARQ,D11,3,40,39,22,0.0039544106,Naive CD20+ B
GATGGCTGTATTGGTG-14-s4d8,GARQ,D11,3,40,39,4,0.117697716,G/M prog
ATGGCCCAGGTGCGGA-14-s4d8,GARQ,D11,3,40,39,5,0.0075187683,CD8+ T
ACGAACAAGAACAAGT-14-s4d8,GARQ,D11,3,40,39,20,0.0026022196,CD8+ T
AAGCGTTTCAACCAAC-14-s4d8,GARQ,D11,3,40,39,6,0.03727156,Transitional B
TGGCCTTTCCTCACAC-14-s4d8,GARQ,D11,3,40,39,15,0.23281181,cDC2
TTAACTGAGTTATGGC-14-s4d8,GARQ,D11,3,40,39,14,0.010730386,NK
CATCAGCCAATGCGCT-14-s4d8,GARQ,D11,3,40,39,17,0.03086114,CD8+ T
CCTGAGTCATAAACCT-14-s4d8,GARQ,D11,3,40,39,11,0.044471502,CD8+ T
ACGACTTAGCCTGTGA-14-s4d8,GARQ,D11,3,40,39,37,0.030837536,CD8+ T
TTTGCGACAACTAGCC-14-s4d8,GARQ,D11,3,40,39,6,0.0879159,Transitional B
CCAGCTAAGGATAAAC-14-s4d8,GARQ,D11,3,40,39,20,0.08871508,CD8+ T
CATCCCAGTAACCACA-14-s4d8,GARQ,D11,3,40,39,3,0.39464015,CD4+ T activated
TACGGTTAGCATGCAT-14-s4d8,GARQ,D11,3,40,39,7,0.011452436,NK
CCTAAGGTCCTCCTAA-14-s4d8,GARQ,D11,3,40,39,3,0.15090203,Proerythroblast
TCTCCTCGTGTTGTAG-14-s4d8,GARQ,D11,3,40,39,3,0.33703864,Erythroblast
ACCCAACCACAGACTC-14-s4d8,GARQ,D11,3,40,39,10,0.10771859,CD8+ T
AGCTTCCTCCTTCAAT-14-s4d8,GARQ,D11,3,40,39,5,0.05449152,CD8+ T
AACATCATCGATTCTT-14-s4d8,GARQ,D11,3,40,39,20,0.19483447,CD8+ T
ATAAGTCGTGAGGTGA-14-s4d8,GARQ,D11,3,40,39,3,0.23597658,Proerythroblast
ACAACAACACCTGGTG-14-s4d8,GARQ,D11,3,40,39,37,0.13705468,CD8+ T
CTCGACAAGGCAAGTA-14-s4d8,GARQ,D11,3,40,39,3,0.5483494,Normoblast
ACGTCAAGTGCTCACC-14-s4d8,GARQ,D11,3,40,39,31,0.24664593,Naive CD20+ B
ACCACATAGTCATCCC-14-s4d8,GARQ,D11,3,40,39,15,0.1911391,Lymph prog
TATAGGTGTTCAAGCA-14-s4d8,GARQ,D11,3,40,39,32,0.09130907,NK
GATAATCGTCAATACG-14-s4d8,GARQ,D11,3,40,39,21,0.061383724,Naive CD20+ B
CGGGTATGTTTAGCGA-14-s4d8,GARQ,D11,3,40,39,17,0.039590955,CD8+ T
GTATGTTCACGAACAG-14-s4d8,GARQ,D11,3,40,39,1,0.064840674,B1 B
AAGCGAGGTTAGCTGA-14-s4d8,GARQ,D11,3,40,39,3,0.38723302,Erythroblast
CTCATGACAGATTCAT-14-s4d8,GARQ,D11,3,40,39,15,0.026471972,HSC
TCTAATCTCAGCTAAC-14-s4d8,GARQ,D11,3,40,39,21,0.17661536,Transitional B
GTGGCTTCAATGCGCT-14-s4d8,GARQ,D11,3,40,39,3,0.35799873,Proerythroblast
TGAGGGAGTAATAACC-14-s4d8,GARQ,D11,3,40,39,17,0.01808834,CD8+ T
TACGGATTCCTTGAGG-14-s4d8,GARQ,D11,3,40,39,3,0.30533397,Erythroblast
AACGGTAAGAGGATAT-14-s4d8,GARQ,D11,3,40,39,22,0.16136181,Naive CD20+ B
GCATTAGGTAGGTGTC-14-s4d8,GARQ,D11,3,40,39,31,0.096205115,Transitional B
CTTAACAAGTATCGCG-14-s4d8,GARQ,D11,3,40,39,28,0.053239286,CD8+ T
ACTTTGTTCCCTCAGT-14-s4d8,GARQ,D11,3,40,39,2,0.05830753,CD8+ T
CATCCTCAGCAACATC-14-s4d8,GARQ,D11,3,40,39,31,0.07322025,Naive CD20+ B
GGTCCTGCAAGCTACC-14-s4d8,GARQ,D11,3,40,39,5,0.042090654,CD4+ T activated
AGTGCCGGTCCTTCAG-14-s4d8,GARQ,D11,3,40,39,22,0.061700106,Transitional B
TGCATTAAGATGGAGC-14-s4d8,GARQ,D11,3,40,39,7,0.08902407,CD8+ T
TCGTTATTCGCACAAT-14-s4d8,GARQ,D11,3,40,39,2,0.031889558,CD8+ T
ATTAGCGGTGAGCACT-14-s4d8,GARQ,D11,3,40,39,20,0.024774313,CD8+ T
GAAGTCAAGGGTTAGA-14-s4d8,GARQ,D11,3,40,39,20,0.05272615,CD8+ T
AGGAACGGTTGGTTCT-14-s4d8,GARQ,D11,3,40,39,19,0.018900037,Proerythroblast
CCCGTTGTCCAACTGG-14-s4d8,GARQ,D11,3,40,39,3,0.45639348,Proerythroblast
CTAAGGTTCTTGGATA-14-s4d8,GARQ,D11,3,40,39,25,0.034793615,CD4+ T activated
TAGTGTGGTATTGTGG-14-s4d8,GARQ,D11,3,40,39,10,0.004658222,CD8+ T
CCTTGCGTCTGGCAAT-14-s4d8,GARQ,D11,3,40,39,5,0.036432505,CD8+ T
TTAATCGAGACAAAGT-14-s4d8,GARQ,D11,3,40,39,20,0.0936172,CD8+ T
GAGTTGCGTTGCATCT-14-s4d8,GARQ,D11,3,40,39,15,0.0526793,MK/E prog
GGCCTTCGTGAGGTGA-14-s4d8,GARQ,D11,3,40,39,1,0.11093032,Transitional B
GACCTTTGTTGTTGCT-14-s4d8,GARQ,D11,3,40,39,20,0.107813835,CD8+ T
AGTAGCTTCAGCAAGA-14-s4d8,GARQ,D11,3,40,39,3,0.35764205,Proerythroblast
GCTCACAAGGTTACGT-14-s4d8,GARQ,D11,3,40,39,37,0.03427863,CD8+ T
GGTGATTTCCTAATAG-14-s4d8,GARQ,D11,3,40,39,10,0.04723382,CD8+ T
GTTTGTTTCTTCAATC-14-s4d8,GARQ,D11,3,40,39,9,0.17366862,CD4+ T naive
AGCTATATCCCTGTTA-14-s4d8,GARQ,D11,3,40,39,20,0.1047076,CD8+ T
CGGCTCACAATCCTGA-14-s4d8,GARQ,D11,3,40,39,3,0.17524827,Proerythroblast
TGTGCTGAGGAATAAC-14-s4d8,GARQ,D11,3,40,39,17,0.15446973,CD8+ T
CTTTGTCCAAACATAG-14-s4d8,GARQ,D11,3,40,39,31,0.023105383,B1 B
CTGTATTTCATTTGTC-14-s4d8,GARQ,D11,3,40,39,3,0.542454,Normoblast
GCTTGACCAAATACCT-14-s4d8,GARQ,D11,3,40,39,15,0.09119505,Transitional B
CGGTTCCGTTAGCCAA-14-s4d8,GARQ,D11,3,40,39,3,0.41098547,Proerythroblast
CAGATTCAGTTTAACG-14-s4d8,GARQ,D11,3,40,39,20,0.02590239,CD8+ T
CGAGGAAGTAACCACA-14-s4d8,GARQ,D11,3,40,39,1,0.07203853,Naive CD20+ B
CTTATGTTCAAGCTTA-14-s4d8,GARQ,D11,3,40,39,20,0.039464474,CD8+ T
ATTCCGGAGTCATTGA-14-s4d8,GARQ,D11,3,40,39,35,0.11389458,Naive CD20+ B
GGCGCTAGTAAGCACC-14-s4d8,GARQ,D11,3,40,39,10,0.1842221,CD8+ T
TGTAAAGCAGGTATTT-14-s4d8,GARQ,D11,3,40,39,6,0.03869307,Transitional B
GCTAAGAAGGTCCACA-14-s4d8,GARQ,D11,3,40,39,4,0.02553153,cDC2
GGCCTCTGTTACGCGG-14-s4d8,GARQ,D11,3,40,39,36,0.07645726,CD8+ T
CGTTTGGAGAACCTGT-14-s4d8,GARQ,D11,3,40,39,20,0.13595867,CD8+ T
CATCATAAGGTTTACA-14-s4d8,GARQ,D11,3,40,39,15,0.05884409,Lymph prog
GACACCGGTCAAGTAT-14-s4d8,GARQ,D11,3,40,39,4,0.13498208,CD16+ Mono
TCCAGGTCAATAGTCT-14-s4d8,GARQ,D11,3,40,39,7,0.09771466,CD8+ T
AGCTACGTCCTAAGTA-14-s4d8,GARQ,D11,3,40,39,2,0.051452637,CD8+ T
GACTCACCATTGCGAC-14-s4d8,GARQ,D11,3,40,39,14,0.00014293194,NK
TTGCCCGTCTAACCAA-14-s4d8,GARQ,D11,3,40,39,37,0.02128172,CD8+ T
GGCTTCAAGTCACGAT-14-s4d8,GARQ,D11,3,40,39,5,0.07042003,CD8+ T
CGAATATGTTAGCTGA-14-s4d8,GARQ,D11,3,40,39,20,0.057636738,CD8+ T
CTCATCATCAATCTCT-14-s4d8,GARQ,D11,3,40,39,39,0.08657014,CD4+ T activated
ACCAAACTCCTTAAGA-14-s4d8,GARQ,D11,3,40,39,39,0.051576495,CD8+ T
CATTCATTCGTTTCCA-14-s4d8,GARQ,D11,3,40,39,31,0.03283274,Naive CD20+ B
GTTGGCCAGTATTGGC-14-s4d8,GARQ,D11,3,40,39,3,0.332057,Normoblast
TGCTTGTGTATACTGG-14-s4d8,GARQ,D11,3,40,39,20,0.10136175,CD8+ T
TCCACAACATCACTTC-14-s4d8,GARQ,D11,3,40,39,31,0.15498829,Transitional B
TCCGGTAAGTAGCCAT-14-s4d8,GARQ,D11,3,40,39,20,0.019378185,CD8+ T
CTAATAGTCGGTTAGT-14-s4d8,GARQ,D11,3,40,39,35,0.07388365,Erythroblast
ATGCTTAAGTCATGCG-14-s4d8,GARQ,D11,3,40,39,3,0.029878557,MK/E prog
AGTTGCAGTTATCCGT-14-s4d8,GARQ,D11,3,40,39,1,0.12329435,Transitional B
TATTCGTTCCAGGTTG-14-s4d8,GARQ,D11,3,40,39,31,0.099864125,Transitional B
CGACCTGCAGCAAGTG-14-s4d8,GARQ,D11,3,40,39,9,0.059725225,CD4+ T activated
GCTTAAATCATTCATC-14-s4d8,GARQ,D11,3,40,39,4,0.2115717,HSC
GCACGCTAGGACAACA-14-s4d8,GARQ,D11,3,40,39,3,0.6471504,Proerythroblast
CCACATTGTCAAAGAA-14-s4d8,GARQ,D11,3,40,39,3,0.17210984,Proerythroblast
CTAGCTTGTTAAATGC-14-s4d8,GARQ,D11,3,40,39,3,0.48500395,Erythroblast
TCCATAAAGTTAGAGG-14-s4d8,GARQ,D11,3,40,39,7,0.034472823,CD8+ T
TAATGGTGTACCAGGT-14-s4d8,GARQ,D11,3,40,39,14,0.00016927719,CD8+ T
TCGGTAAGTGACATGC-14-s4d8,GARQ,D11,3,40,39,3,0.16358107,Proerythroblast
AGTCTTGCAGTGAACG-14-s4d8,GARQ,D11,3,40,39,3,0.23449016,Proerythroblast
GCATGAAAGTAACCCG-14-s4d8,GARQ,D11,3,40,39,20,0.013375759,NK
ACACTAATCCTTAGTT-14-s4d8,GARQ,D11,3,40,39,20,0.0073503256,CD8+ T
GGTGAGCCACGGTACT-14-s4d8,GARQ,D11,3,40,39,34,0.10719442,MK/E prog
AGGTTAGAGTGCACGC-14-s4d8,GARQ,D11,3,40,39,21,0.13489866,B1 B
GGTTAGCGTAATGGCC-14-s4d8,GARQ,D11,3,40,39,22,0.043564916,Transitional B
AAAGGAGCAGATAGAC-14-s4d8,GARQ,D11,3,40,39,16,0.028756738,CD4+ T naive
CTCATCATCAATACGC-14-s4d8,GARQ,D11,3,40,39,2,0.06054473,NK
AACGACAAGATTCCTT-14-s4d8,GARQ,D11,3,40,39,3,0.81214833,Erythroblast
TCCTGGTTCATAAGCC-14-s4d8,GARQ,D11,3,40,39,39,0.012948513,CD4+ T naive
GGTCCATCATGAAATG-14-s4d8,GARQ,D11,3,40,39,13,0.06392741,HSC
CTAACCTGTAAACAAG-14-s4d8,GARQ,D11,3,40,39,4,0.31239367,CD16+ Mono
CTGGCTAAGAAGGTGC-14-s4d8,GARQ,D11,3,40,39,15,0.23651648,Lymph prog
TTAGCTGCAGACAAAC-14-s4d8,GARQ,D11,3,40,39,38,0.033631206,NK
TATCACGCAGCTCAAC-14-s4d8,GARQ,D11,3,40,39,15,0.34779656,Lymph prog
GGTTGCTCATCCTGAA-14-s4d8,GARQ,D11,3,40,39,3,0.3511175,Proerythroblast
GCTTCGCGTTTAGCGA-14-s4d8,GARQ,D11,3,40,39,3,0.48092222,Proerythroblast
GCCACACAGGAGGACT-14-s4d8,GARQ,D11,3,40,39,20,0.06888938,CD8+ T
TTTGGCTGTCTAGCTT-14-s4d8,GARQ,D11,3,40,39,3,0.3300073,Proerythroblast
GTATCGCCACTAGGTC-14-s4d8,GARQ,D11,3,40,39,34,0.03442204,MK/E prog
TTGACTAAGTCACTAA-14-s4d8,GARQ,D11,3,40,39,20,0.14114678,CD8+ T
ACCATAATCTAAGTCA-14-s4d8,GARQ,D11,3,40,39,10,0.052000403,CD8+ T
TGCATCCTCACAGCCA-14-s4d8,GARQ,D11,3,40,39,3,0.10846615,Proerythroblast
AGGCTAAAGCTTAGCG-14-s4d8,GARQ,D11,3,40,39,5,0.008158803,CD8+ T
TCAGTAATCTATTGTC-14-s4d8,GARQ,D11,3,40,39,31,0.019549131,Naive CD20+ B
AATTGCCAGAGAGCCG-14-s4d8,GARQ,D11,3,40,39,4,0.45292044,CD16+ Mono
GCTTACCTCTTAGTGA-14-s4d8,GARQ,D11,3,40,39,8,0.0031116009,Transitional B
CAGGCTATCGTTCACC-14-s4d8,GARQ,D11,3,40,39,7,0.04724884,CD4+ T activated
AGATGCTTCTTTGAGA-14-s4d8,GARQ,D11,3,40,39,4,0.36703956,CD14+ Mono
CCTGAGTCAAATTGCT-14-s4d8,GARQ,D11,3,40,39,31,0.11888337,Transitional B
GTGGCTTCAAGGTAAC-14-s4d8,GARQ,D11,3,40,39,7,0.01971054,CD8+ T
TGATGAACAAGCGAGC-14-s4d8,GARQ,D11,3,40,39,20,0.03532052,CD8+ T
TTTGTCTAGTAACAGG-14-s4d8,GARQ,D11,3,40,39,3,0.575292,Normoblast
GCTTTGTGTTGGTTCT-14-s4d8,GARQ,D11,3,40,39,3,0.5223695,Erythroblast
TAGTAAGCAAACAACA-14-s4d8,GARQ,D11,3,40,39,20,0.020504117,CD8+ T
GGGATTAAGCGTGCGT-14-s4d8,GARQ,D11,3,40,39,8,0.0048662424,Transitional B
GAGCGGTCACAATACT-14-s4d8,GARQ,D11,3,40,39,31,0.02716446,Naive CD20+ B
CGTAGTTAGCACTAAC-14-s4d8,GARQ,D11,3,40,39,3,0.2514826,Proerythroblast
GGTATGTTCGCTAGAT-14-s4d8,GARQ,D11,3,40,39,20,0.015953422,CD4+ T activated
AAACCGGCAGGAAGCC-14-s4d8,GARQ,D11,3,40,39,26,0.024961233,CD8+ T
AACAGGATCATTTGCT-14-s4d8,GARQ,D11,3,40,39,13,0.027491212,MK/E prog
CGAGGCAAGCTATTGA-14-s4d8,GARQ,D11,3,40,39,3,0.33489978,Proerythroblast
TGCTTAAAGCCGCAAC-14-s4d8,GARQ,D11,3,40,39,15,0.31353462,Transitional B
AGGCCCAGTATTGAGT-14-s4d8,GARQ,D11,3,40,39,7,0.0068114996,CD8+ T
CAGGACACAGCAAGGC-14-s4d8,GARQ,D11,3,40,39,10,0.023307681,CD8+ T
ATATGTCCAGCCGCTA-14-s4d8,GARQ,D11,3,40,39,20,0.09013057,CD8+ T
GTGCTGGGTCTATCGT-14-s4d8,GARQ,D11,3,40,39,31,0.06507909,Naive CD20+ B
TATTACCTCCGCAAGC-14-s4d8,GARQ,D11,3,40,39,25,0.020291686,cDC2
ACTTAGGGTTAGGATT-14-s4d8,GARQ,D11,3,40,39,39,0.015092611,Transitional B
TCCGCCATCAAGTGAG-14-s4d8,GARQ,D11,3,40,39,15,0.08199668,pDC
GCTATAGGTATTCGTC-14-s4d8,GARQ,D11,3,40,39,10,0.045990467,CD8+ T
CAGGATGCAAGTGTTT-14-s4d8,GARQ,D11,3,40,39,17,0.0058232546,CD8+ T
ATTAGCTCAACCCTCC-14-s4d8,GARQ,D11,3,40,39,36,0.03128028,CD8+ T
CCTTATGTCATAATCG-14-s4d8,GARQ,D11,3,40,39,31,0.09284854,Transitional B
GAGGGAGCAATGAATG-14-s4d8,GARQ,D11,3,40,39,37,0.052116394,CD8+ T
AGTGCACGTGGTTCTT-14-s4d8,GARQ,D11,3,40,39,5,0.010379076,CD8+ T
AGGTTTATCTGGTCCT-14-s4d8,GARQ,D11,3,40,39,3,0.48648727,Proerythroblast
TAGCATATCGCAATCG-14-s4d8,GARQ,D11,3,40,39,20,0.04844618,CD8+ T
TTGCCCGTCTGCAACG-14-s4d8,GARQ,D11,3,40,39,31,0.2161982,Naive CD20+ B
ACCTAAATCTTCAATC-14-s4d8,GARQ,D11,3,40,39,10,0.40686846,CD8+ T
GCCAACATCATTTGCT-14-s4d8,GARQ,D11,3,40,39,10,0.099585176,CD4+ T activated
ATTTAGCCAAATGCCC-14-s4d8,GARQ,D11,3,40,39,20,0.028475285,CD8+ T
GGTGAGGTCTACCTGC-14-s4d8,GARQ,D11,3,40,39,31,0.04912615,Naive CD20+ B
ATCAAGCTCCTTAAGA-14-s4d8,GARQ,D11,3,40,39,4,0.02980727,cDC2
AGAGATTAGATAAAGC-14-s4d8,GARQ,D11,3,40,39,5,0.02227807,CD8+ T
TCAAGACTCAGCACCA-14-s4d8,GARQ,D11,3,40,39,14,0.0644654,CD8+ T
GATAAAGGTTTGAGGC-14-s4d8,GARQ,D11,3,40,39,10,0.027078748,CD8+ T
CGGTTATAGGTATTGC-14-s4d8,GARQ,D11,3,40,39,10,0.020220757,CD8+ T
TGGTTGAGTTCAAGCA-14-s4d8,GARQ,D11,3,40,39,21,0.025475502,Naive CD20+ B
TACTTCGTCAAGCCTG-14-s4d8,GARQ,D11,3,40,39,3,0.18399549,MK/E prog
GCCACACAGCTCGCTT-14-s4d8,GARQ,D11,3,40,39,3,0.66968834,Erythroblast
TAGTTTGAGGCCATCA-14-s4d8,GARQ,D11,3,40,39,2,0.0027108192,CD4+ T activated
GCACCTAAGTGAGCGG-14-s4d8,GARQ,D11,3,40,39,3,0.4481504,Erythroblast
GATTCATCAGGTATTT-14-s4d8,GARQ,D11,3,40,39,3,0.0185346,MK/E prog
GTGAATCTCGGGATTT-14-s4d8,GARQ,D11,3,40,39,20,0.052683473,CD8+ T
ATTGGTTCAAACTGTT-14-s4d8,GARQ,D11,3,40,39,25,0.0043635964,CD4+ T activated
TAATCACCACTTAACG-14-s4d8,GARQ,D11,3,40,39,10,0.032173038,CD8+ T
TATCCAGCAGCCAGAA-14-s4d8,GARQ,D11,3,40,39,4,0.51625323,CD14+ Mono
TAGCGGACAATTATGC-14-s4d8,GARQ,D11,3,40,39,20,0.12553215,CD8+ T
AGTTATGTCCGCCAAA-14-s4d8,GARQ,D11,3,40,39,1,0.037561595,Transitional B
AGAGGAACATGAAATG-14-s4d8,GARQ,D11,3,40,39,7,0.02614057,CD8+ T
CCAGGAACACACAATT-14-s4d8,GARQ,D11,3,40,39,5,0.14854372,CD8+ T
TGGTTAATCAATCATG-14-s4d8,GARQ,D11,3,40,39,10,0.08387041,CD8+ T
AAGTTACGTTTGGCTT-14-s4d8,GARQ,D11,3,40,39,23,0.013539791,CD8+ T
TTCCTTCTCCACCTTA-14-s4d8,GARQ,D11,3,40,39,10,0.059009552,CD8+ T
GCGCGATTCTTGCAAA-14-s4d8,GARQ,D11,3,40,39,20,0.0035114884,CD8+ T
GTCAATATCATAGACC-14-s4d8,GARQ,D11,3,40,39,17,0.0050697327,NK
CTCCAAACAATTAGCT-14-s4d8,GARQ,D11,3,40,39,22,0.0732044,Naive CD20+ B
CGGTGAACATTAAGCT-14-s4d8,GARQ,D11,3,40,39,20,0.32183814,CD8+ T
TTGTTCCCAAACGCGA-14-s4d8,GARQ,D11,3,40,39,5,0.04148054,CD8+ T
GCACGAACACATGCTA-14-s4d8,GARQ,D11,3,40,39,10,0.0028259754,CD4+ T naive
AGGCCCAGTACGCGCA-14-s4d8,GARQ,D11,3,40,39,3,0.4807837,Erythroblast
TAGCTAGGTAATCGTG-14-s4d8,GARQ,D11,3,40,39,33,0.052380025,CD8+ T
CCGGTAGGTTGTTGCT-14-s4d8,GARQ,D11,3,40,39,3,0.21766025,Proerythroblast
AGTTGCAGTTAGGTGC-14-s4d8,GARQ,D11,3,40,39,3,0.24666786,Proerythroblast
AGTAACGAGTTGGATC-14-s4d8,GARQ,D11,3,40,39,10,0.055333376,NK
GCACGGTTCCGCAAGC-14-s4d8,GARQ,D11,3,40,39,20,0.008900344,CD8+ T
CCGGTTAAGCTAGAAG-14-s4d8,GARQ,D11,3,40,39,17,0.00029313564,CD8+ T
AATTCGTCAACTAACT-14-s4d8,GARQ,D11,3,40,39,3,0.57013404,Proerythroblast
ATCTTTGGTATTGCAG-14-s4d8,GARQ,D11,3,40,39,22,0.04110372,Transitional B
ATCCGTGAGAGGGACT-14-s4d8,GARQ,D11,3,40,39,5,0.09013486,CD8+ T
TGCTCTCAGGTAACGA-14-s4d8,GARQ,D11,3,40,39,31,0.104453444,Naive CD20+ B
GCGCAAACATAGCGAG-14-s4d8,GARQ,D11,3,40,39,15,0.02392751,Proerythroblast
GGCATTGTCATTACAG-14-s4d8,GARQ,D11,3,40,39,20,0.00037682056,CD8+ T
AAGGATTAGTTTGGTA-14-s4d8,GARQ,D11,3,40,39,1,0.0538702,B1 B
AATTGACGTTGTCCAT-14-s4d8,GARQ,D11,3,40,39,20,0.06543636,CD8+ T
CTTCAAGCAAACTGTT-14-s4d8,GARQ,D11,3,40,39,22,0.15534854,Naive CD20+ B
GCAATATGTGGGTGAA-14-s4d8,GARQ,D11,3,40,39,1,0.10282779,Transitional B
TTGCGTCTCTCAATTC-14-s4d8,GARQ,D11,3,40,39,13,0.058550477,G/M prog
GCTTGACCATTAAAGG-14-s4d8,GARQ,D11,3,40,39,11,0.019909501,CD8+ T
CTAGGCGGTTTAAAGC-14-s4d8,GARQ,D11,3,40,39,20,0.050577044,CD8+ T
CCTGAATAGTCACGAT-14-s4d8,GARQ,D11,3,40,39,3,0.28917497,Proerythroblast
CTGTTCATCAGGAAGC-14-s4d8,GARQ,D11,3,40,39,20,0.006334424,NK
GCCAATTAGGAGTCGG-14-s4d8,GARQ,D11,3,40,39,27,0.05811858,CD4+ T activated
TTACAGCAGGTACCGC-14-s4d8,GARQ,D11,3,40,39,10,0.04192388,CD8+ T
TGTGCTGAGTAGCCAT-14-s4d8,GARQ,D11,3,40,39,38,0.00063562393,NK
ATTAGCTCAGGTTAAA-14-s4d8,GARQ,D11,3,40,39,3,0.8026098,Erythroblast
CTCCTGAGTTGTTGGA-14-s4d8,GARQ,D11,3,40,39,22,0.06771219,Naive CD20+ B
CACTAGCCAAGGTGCA-14-s4d8,GARQ,D11,3,40,39,20,0.060299993,CD8+ T
ACCCGCTGTTTAGTCC-14-s4d8,GARQ,D11,3,40,39,31,0.12906158,Naive CD20+ B
CCCGTAAAGCCTGGTA-14-s4d8,GARQ,D11,3,40,39,10,0.08914828,CD4+ T activated
CTAGGACGTCATAGAT-14-s4d8,GARQ,D11,3,40,39,39,0.07162762,CD4+ T naive
AAGACCAAGGCATTAC-14-s4d8,GARQ,D11,3,40,39,14,0.116007686,CD8+ T
ACCACACCAATGAATG-14-s4d8,GARQ,D11,3,40,39,3,0.2940414,Proerythroblast
TGCTTCCAGGTTTGAC-14-s4d8,GARQ,D11,3,40,39,20,0.07012832,CD8+ T
GATCAAGAGGTTAGAG-14-s4d8,GARQ,D11,3,40,39,20,0.01038003,CD8+ T
GGAACCACATTAGCCA-14-s4d8,GARQ,D11,3,40,39,31,0.026382923,B1 B
AATTGCTCAGTTTGTG-14-s4d8,GARQ,D11,3,40,39,36,0.022582173,CD8+ T
GATTCCTGTCTCAGCC-14-s4d8,GARQ,D11,3,40,39,31,0.017347217,Naive CD20+ B
ATTATGGTCGTTATAG-14-s4d8,GARQ,D11,3,40,39,37,0.029191017,CD4+ T activated
TCCCGTTAGAGGAGTC-14-s4d8,GARQ,D11,3,40,39,32,0.014282703,CD4+ T activated
AGTAAGTAGACACTTA-14-s4d8,GARQ,D11,3,40,39,5,0.041979313,CD8+ T
CAGGAAGGTCCGTGAG-14-s4d8,GARQ,D11,3,40,39,15,0.06301433,Lymph prog
GCTGTAAGTTTCGCGC-14-s4d8,GARQ,D11,3,40,39,4,0.11347437,CD14+ Mono
GTTCATTTCGCTCCAT-14-s4d8,GARQ,D11,3,40,39,36,0.032121062,CD4+ T naive
TGGTGCATCCAGGAAA-14-s4d8,GARQ,D11,3,40,39,7,0.04648161,CD8+ T
AAGTCTATCTTAGTCT-14-s4d8,GARQ,D11,3,40,39,4,0.19285333,cDC2
