cell_id,method,dataset,seed,requested_K,realized_K,metacell_id,delta_confidence,cell_type
CTAATGTCATTGTTGG-14-s4d8,GARQ,D11,1,40,36,27,0.042246938,CD8+ T
GATTTGCAGTTGCGTG-14-s4d8,GARQ,D11,1,40,36,7,0.22013503,NK
GAGTATCTCCGGTTAG-14-s4d8,GARQ,D11,1,40,36,21,0.084417164,Lymph prog
CAATCGCCATAGCAGG-14-s4d8,GARQ,D11,1,40,36,14,0.08159691,CD4+ T activated
CCGCACACATTTGCTC-14-s4d8,GARQ,D11,1,40,36,23,0.12117377,CD4+ T activated
GAGAGGCGTCATTGTC-14-s4d8,GARQ,D11,1,40,36,8,0.1908564,Proerythroblast
TGCTTTAGTTCACCCA-14-s4d8,GARQ,D11,1,40,36,32,0.023955941,CD8+ T
ATGTTGTCATTATCCC-14-s4d8,GARQ,D11,1,40,36,8,0.061803102,CD8+ T
GAAGTAAGTAATGACT-14-s4d8,GARQ,D11,1,40,36,27,0.13588023,CD8+ T
ATAGCATGTCTAACAG-14-s4d8,GARQ,D11,1,40,36,29,0.03860861,Naive CD20+ B
TTGTTTGGTTGGATAT-14-s4d8,GARQ,D11,1,40,36,21,0.015066057,CD4+ T naive
TAAAGCCTCTCAATTC-14-s4d8,GARQ,D11,1,40,36,8,0.06838626,CD8+ T
TGAAGGATCGTTACTT-14-s4d8,GARQ,D11,1,40,36,14,0.20353389,CD8+ T
TGTTGTGCACCAGCAT-14-s4d8,GARQ,D11,1,40,36,36,0.031115592,Proerythroblast
AGCAGGTAGTGGCGGA-14-s4d8,GARQ,D11,1,40,36,14,0.08786106,CD8+ T
CGCTTACTCAATTACG-14-s4d8,GARQ,D11,1,40,36,18,0.23522657,CD8+ T
TTGTCCATCGCTAGAT-14-s4d8,GARQ,D11,1,40,36,23,0.02614522,NK
GGTCAATTCACTCAAA-14-s4d8,GARQ,D11,1,40,36,14,0.06172353,CD8+ T
TCAGCAAGTCATAAGT-14-s4d8,GARQ,D11,1,40,36,8,0.11403644,Proerythroblast
TCTTGTCCAGTTAGCC-14-s4d8,GARQ,D11,1,40,36,20,0.017332554,Lymph prog
TGCTCCGTCCCTCTAA-14-s4d8,GARQ,D11,1,40,36,23,0.04264295,CD8+ T
CATTCCTCAGGACCAA-14-s4d8,GARQ,D11,1,40,36,23,0.054110765,CD8+ T
GCAAACTTCTTAAGTG-14-s4d8,GARQ,D11,1,40,36,18,0.008867621,NK
ATGGCTAGTCATTGTC-14-s4d8,GARQ,D11,1,40,36,18,0.1330347,CD8+ T
TTCCCACAGAGGCTAA-14-s4d8,GARQ,D11,1,40,36,21,0.26296842,HSC
GGTTTCCTCATAGACC-14-s4d8,GARQ,D11,1,40,36,18,0.08136195,CD8+ T
GCGTTTCTCTCAATTC-14-s4d8,GARQ,D11,1,40,36,8,0.10756844,CD8+ T
AGAAACTAGTGAGGTA-14-s4d8,GARQ,D11,1,40,36,23,0.1057263,CD4+ T activated
TTGGCTGAGTTGTCCC-14-s4d8,GARQ,D11,1,40,36,8,0.027436614,CD8+ T
CATAGACTCCTTCAAT-14-s4d8,GARQ,D11,1,40,36,5,0.02635783,B1 B
TGACTTCGTTTAACGG-14-s4d8,GARQ,D11,1,40,36,18,0.06501317,CD8+ T
GCTTGACCAAGTGAAC-14-s4d8,GARQ,D11,1,40,36,8,0.045841575,CD8+ T
CGGTGAACATGAGTTT-14-s4d8,GARQ,D11,1,40,36,14,0.026668906,CD8+ T
GAGTTACTCGCTATAA-14-s4d8,GARQ,D11,1,40,36,14,0.08078611,CD8+ T
GATTGTTCAGCAAATA-14-s4d8,GARQ,D11,1,40,36,32,0.069378436,CD8+ T
TCATGAGGTGAGCAAG-14-s4d8,GARQ,D11,1,40,36,21,0.25831783,Proerythroblast
GCTTAACAGATAGACG-14-s4d8,GARQ,D11,1,40,36,14,0.018414497,CD8+ T
ACAGGATCACAACCTA-14-s4d8,GARQ,D11,1,40,36,18,0.18114445,CD8+ T
ACCTAAATCAATCTCT-14-s4d8,GARQ,D11,1,40,36,18,0.30482727,CD4+ T activated
GACCTCAAGCTGTAAC-14-s4d8,GARQ,D11,1,40,36,21,0.010526121,cDC2
ACTTGAATCGTTATCT-14-s4d8,GARQ,D11,1,40,36,14,0.014005333,CD4+ T activated
TCAAACCAGAAAGCAT-14-s4d8,GARQ,D11,1,40,36,21,0.18743294,Proerythroblast
TGCGATTAGGTCCTGA-14-s4d8,GARQ,D11,1,40,36,8,0.23000991,CD8+ T
TCTGGCTTCCCTGTTA-14-s4d8,GARQ,D11,1,40,36,22,0.12695879,Naive CD20+ B
TTGCCCGTCATAATCG-14-s4d8,GARQ,D11,1,40,36,11,0.088620245,G/M prog
TCGTTACGTCGTTACT-14-s4d8,GARQ,D11,1,40,36,14,0.20186281,CD8+ T
TCCGGAATCCAAATCA-14-s4d8,GARQ,D11,1,40,36,21,0.4142301,Proerythroblast
CTATGATCAACATAAG-14-s4d8,GARQ,D11,1,40,36,14,0.010611832,CD8+ T
AGTGGACAGAAGCTAG-14-s4d8,GARQ,D11,1,40,36,15,0.039597422,cDC2
AGTGCACGTACTTAGG-14-s4d8,GARQ,D11,1,40,36,5,0.11164492,Transitional B
ATGGACAAGCTTAACA-14-s4d8,GARQ,D11,1,40,36,8,0.16712433,CD8+ T
TTTGTCCCAAGGATTA-14-s4d8,GARQ,D11,1,40,36,18,0.3821823,CD8+ T
TGCTATGCAGGTTAAA-14-s4d8,GARQ,D11,1,40,36,33,0.0801965,cDC2
TAACCAGGTATTTGGG-14-s4d8,GARQ,D11,1,40,36,18,0.18646267,CD8+ T
TCTTTGTAGGTGCTGC-14-s4d8,GARQ,D11,1,40,36,5,0.011974096,Naive CD20+ B
TGTAATGTCAGTATTG-14-s4d8,GARQ,D11,1,40,36,5,0.06367445,Transitional B
GATTACTCAGCACCAT-14-s4d8,GARQ,D11,1,40,36,18,0.072372735,CD4+ T activated
CGAAGGCCAGGATGGC-14-s4d8,GARQ,D11,1,40,36,5,0.13943893,Naive CD20+ B
CTTGTCCAGTTTGGTA-14-s4d8,GARQ,D11,1,40,36,23,0.056666136,CD4+ T activated
ACCTCACTCGCTAAGT-14-s4d8,GARQ,D11,1,40,36,5,0.27855504,Transitional B
TATGGGCGTTTGAGGC-14-s4d8,GARQ,D11,1,40,36,8,0.053130627,CD8+ T
GCTCACAAGTATTGCA-14-s4d8,GARQ,D11,1,40,36,21,0.23234159,Proerythroblast
CGCACCACACCGTTCC-14-s4d8,GARQ,D11,1,40,36,8,0.033416808,CD8+ T
AGAGGAACATATTGAC-14-s4d8,GARQ,D11,1,40,36,23,0.07227832,CD4+ T naive
GATAATCGTTGTAACG-14-s4d8,GARQ,D11,1,40,36,8,0.013607144,CD8+ T
CTCATTAGTAATCACG-14-s4d8,GARQ,D11,1,40,36,21,0.03950107,Erythroblast
ACTTGCACATTCAGCA-14-s4d8,GARQ,D11,1,40,36,10,0.0049722493,Naive CD20+ B
CATCGCTTCAATGAGG-14-s4d8,GARQ,D11,1,40,36,14,0.07010841,CD8+ T
GTCCATTGTAACCACA-14-s4d8,GARQ,D11,1,40,36,8,0.043539464,Proerythroblast
TACCGTTGTTGCGGAT-14-s4d8,GARQ,D11,1,40,36,20,0.046242774,Lymph prog
CGTAGTTAGGTCCACA-14-s4d8,GARQ,D11,1,40,36,18,0.4105451,CD4+ T activated
AATATCCCAATGCGCT-14-s4d8,GARQ,D11,1,40,36,15,0.21711779,Transitional B
CCTAAAGGTCACCAAA-14-s4d8,GARQ,D11,1,40,36,27,0.06593424,NK
GCTGGATGTTACGCGG-14-s4d8,GARQ,D11,1,40,36,14,0.12817496,CD8+ T
CCTAAAGGTTAATGAC-14-s4d8,GARQ,D11,1,40,36,18,0.28530848,CD8+ T
ACTGAAACAATCGCAC-14-s4d8,GARQ,D11,1,40,36,21,0.31515294,Proerythroblast
TTTGTGTTCCCTCATA-14-s4d8,GARQ,D11,1,40,36,23,0.030189037,CD8+ T
CAGCCAATCCTGAATA-14-s4d8,GARQ,D11,1,40,36,18,0.10866773,CD4+ T naive
AATCAGGAGCCTGACA-14-s4d8,GARQ,D11,1,40,36,21,0.19023293,pDC
GGGCATTGTGGAAGGC-14-s4d8,GARQ,D11,1,40,36,21,0.019972146,cDC2
ACGACAAAGGCCATCA-14-s4d8,GARQ,D11,1,40,36,32,0.017510176,CD8+ T
GGTTGCATCCCGCATT-14-s4d8,GARQ,D11,1,40,36,36,0.011709213,Naive CD20+ B
GAACCTGTCCCGAAGC-14-s4d8,GARQ,D11,1,40,36,11,0.1253928,CD14+ Mono
AGCAACAAGCTTATGA-14-s4d8,GARQ,D11,1,40,36,18,0.12607867,CD4+ T activated
GTATCGCCAGTTATGT-14-s4d8,GARQ,D11,1,40,36,17,0.14414787,Naive CD20+ B
ATTAACCCAGGGAGCT-14-s4d8,GARQ,D11,1,40,36,21,0.13675368,MK/E prog
AGCATCCCATGAGCAG-14-s4d8,GARQ,D11,1,40,36,21,0.059877038,Proerythroblast
AAGCCTTAGTGATTCA-14-s4d8,GARQ,D11,1,40,36,21,0.12987784,Erythroblast
TTAAGTGTCACTAATG-14-s4d8,GARQ,D11,1,40,36,32,0.06562662,NK
CTTGCATGTCACCTAT-14-s4d8,GARQ,D11,1,40,36,18,0.0077667832,NK
AGTTTGCAGTTGGCCA-14-s4d8,GARQ,D11,1,40,36,21,0.38300282,Proerythroblast
GCGGATACAGGCTAGA-14-s4d8,GARQ,D11,1,40,36,2,0.04985082,B1 B
GTCAGGCTCCTAATAG-14-s4d8,GARQ,D11,1,40,36,18,0.07517743,CD4+ T activated
TGGACTAGTCATAAGT-14-s4d8,GARQ,D11,1,40,36,18,0.058047056,CD8+ T
CTGGACCAGTTAGACC-14-s4d8,GARQ,D11,1,40,36,31,0.03366208,Transitional B
AAAGGACGTTAATGCG-14-s4d8,GARQ,D11,1,40,36,11,0.0040631294,CD14+ Mono
GGCTAGACAAGCTAAA-14-s4d8,GARQ,D11,1,40,36,33,0.1761815,cDC2
ACTATGTCAATTGAAG-14-s4d8,GARQ,D11,1,40,36,27,0.019571096,CD8+ T
AGCTTGGTCATCACTT-14-s4d8,GARQ,D11,1,40,36,18,0.17959672,CD4+ T naive
TGGCCTGCAATAACGA-14-s4d8,GARQ,D11,1,40,36,38,0.07805729,NK
CTTCGCGTCAAGTGAG-14-s4d8,GARQ,D11,1,40,36,21,0.520494,Proerythroblast
AATTGCCAGCATTTCT-14-s4d8,GARQ,D11,1,40,36,17,0.084489524,CD8+ T
GCGGGTTTCTTGCAGG-14-s4d8,GARQ,D11,1,40,36,21,0.22906032,Proerythroblast
AATCTTGAGCACTAGT-14-s4d8,GARQ,D11,1,40,36,18,0.102120996,CD8+ T
ACTTGCACATTATGAC-14-s4d8,GARQ,D11,1,40,36,14,0.046708584,CD8+ T
CCATAAGGTCTATCGT-14-s4d8,GARQ,D11,1,40,36,18,0.11040437,CD8+ T
TTTGTCTAGACAAGTG-14-s4d8,GARQ,D11,1,40,36,23,0.0250417,CD8+ T
GCTAAGAAGTTATGTG-14-s4d8,GARQ,D11,1,40,36,8,0.016361177,NK
ACTTGTCGTCCACAAA-14-s4d8,GARQ,D11,1,40,36,14,0.16420937,CD8+ T
GGCAAATCATTAGCGC-14-s4d8,GARQ,D11,1,40,36,22,0.088351905,Naive CD20+ B
AGGGCCTTCTTTGTAC-14-s4d8,GARQ,D11,1,40,36,18,0.108002305,CD8+ T
TATTTGGAGAGAAGGG-14-s4d8,GARQ,D11,1,40,36,18,0.08654714,CD8+ T
GCTAACAGTGCAATGC-14-s4d8,GARQ,D11,1,40,36,23,0.04744345,CD8+ T
TGCATTAAGTATTGTG-14-s4d8,GARQ,D11,1,40,36,18,0.12434846,CD8+ T
CGACTAAGTCAATGTG-14-s4d8,GARQ,D11,1,40,36,29,0.05772561,Transitional B
TTTGCGGAGGATTTGC-14-s4d8,GARQ,D11,1,40,36,18,0.11351508,CD8+ T
CATTGTAAGGTACCGC-14-s4d8,GARQ,D11,1,40,36,14,0.0060716867,CD8+ T
ACTTAGTCAACTAGAA-14-s4d8,GARQ,D11,1,40,36,33,0.20793569,CD14+ Mono
CAAACCGTCTAACCAA-14-s4d8,GARQ,D11,1,40,36,11,0.096900046,CD14+ Mono
TCTATGTTCGCTCCAT-14-s4d8,GARQ,D11,1,40,36,8,0.11208415,CD8+ T
CTATGATCACCAGGTT-14-s4d8,GARQ,D11,1,40,36,33,0.060714245,CD14+ Mono
ACCTGGTCAAGGTGGC-14-s4d8,GARQ,D11,1,40,36,21,0.11960745,HSC
GTGTCCAAGCTGCACA-14-s4d8,GARQ,D11,1,40,36,21,0.20716918,Proerythroblast
TTGCAATCAACTGGGA-14-s4d8,GARQ,D11,1,40,36,23,0.022316217,CD8+ T
CTAAAGCTCTCACTCA-14-s4d8,GARQ,D11,1,40,36,21,0.4403075,Erythroblast
CCTGATGAGCTTGCTC-14-s4d8,GARQ,D11,1,40,36,11,0.076514244,G/M prog
AAAGCAAGTGTTGCTT-14-s4d8,GARQ,D11,1,40,36,21,0.09792641,MK/E prog
GAACCAAAGCAGCTCA-14-s4d8,GARQ,D11,1,40,36,14,0.018422306,CD8+ T
AACATCATCGTTATAG-14-s4d8,GARQ,D11,1,40,36,38,0.0085247755,CD8+ T
TTGCTCTCAGCAACCT-14-s4d8,GARQ,D11,1,40,36,36,0.025705695,Naive CD20+ B
CTTCAAGCAGGCATGA-14-s4d8,GARQ,D11,1,40,36,21,0.3184998,MK/E prog
ATTTGCGCACATGCTA-14-s4d8,GARQ,D11,1,40,36,33,0.083617926,CD16+ Mono
GGCCTAATCCGCCTAT-14-s4d8,GARQ,D11,1,40,36,8,0.10673505,CD8+ T
GGCTCAATCCAGGGAG-14-s4d8,GARQ,D11,1,40,36,29,0.025043845,B1 B
ATGTCCACACCAACCG-14-s4d8,GARQ,D11,1,40,36,18,0.08738351,CD8+ T
TCAGCCTTCATGGTTA-14-s4d8,GARQ,D11,1,40,36,23,0.10516268,G/M prog
TCCATCATCATTAGCA-14-s4d8,GARQ,D11,1,40,36,14,0.06722474,CD8+ T
TTGGTGAGTGGATTGC-14-s4d8,GARQ,D11,1,40,36,33,0.1804635,CD14+ Mono
GCGTGCTAGTAAGTCC-14-s4d8,GARQ,D11,1,40,36,18,0.13655901,CD8+ T
ATCAATCCAATATAGG-14-s4d8,GARQ,D11,1,40,36,20,0.042242765,Transitional B
TGTGGCGGTGCATTAG-14-s4d8,GARQ,D11,1,40,36,27,0.2524886,CD8+ T
GCATTAGGTACTTCAC-14-s4d8,GARQ,D11,1,40,36,18,0.19886553,CD8+ T
ATGCTTAAGCATGAAG-14-s4d8,GARQ,D11,1,40,36,23,0.051992655,CD4+ T naive
TTCTTAGGTCATTAGG-14-s4d8,GARQ,D11,1,40,36,18,0.0023012161,CD8+ T
GGTTGCATCACAAGCT-14-s4d8,GARQ,D11,1,40,36,29,0.088556856,Naive CD20+ B
AAGGATCCACAAAGGT-14-s4d8,GARQ,D11,1,40,36,29,0.06653315,Naive CD20+ B
GAAGGATGTATTGGTG-14-s4d8,GARQ,D11,1,40,36,27,0.14608514,CD8+ T
TGACCTTGTACGATTG-14-s4d8,GARQ,D11,1,40,36,8,0.06930649,Erythroblast
CCAGCTAAGTCATTTC-14-s4d8,GARQ,D11,1,40,36,23,0.085018456,CD8+ T
CATGCAAGTGCTGTAA-14-s4d8,GARQ,D11,1,40,36,5,0.05085945,Naive CD20+ B
AGCGATTTCACCAATA-14-s4d8,GARQ,D11,1,40,36,8,0.14178205,CD8+ T
CTTAGTTTCGTCAAGT-14-s4d8,GARQ,D11,1,40,36,5,0.04542291,B1 B
TCTCGCCCAAATTGCT-14-s4d8,GARQ,D11,1,40,36,32,0.015743673,CD8+ T
TAGCAGGCAATTTGGT-14-s4d8,GARQ,D11,1,40,36,21,0.28898954,Proerythroblast
GCAATGAAGCCAGTAT-14-s4d8,GARQ,D11,1,40,36,33,0.08303124,CD16+ Mono
TAAAGCCTCTTTGACT-14-s4d8,GARQ,D11,1,40,36,8,0.023208082,CD8+ T
TTGCAACAGCCGCTAA-14-s4d8,GARQ,D11,1,40,36,38,0.028185904,CD8+ T
GTATTGTCAGGAAGCC-14-s4d8,GARQ,D11,1,40,36,38,0.0111608505,CD8+ T
CGAAGCGAGCGGCTGT-14-s4d8,GARQ,D11,1,40,36,24,0.019217253,MK/E prog
AGCCTCCGTTGTGACA-14-s4d8,GARQ,D11,1,40,36,18,0.020801246,CD8+ T
CTCGACAAGCCGGTAC-14-s4d8,GARQ,D11,1,40,36,2,0.06798649,Proerythroblast
TGAGGTGCATAGACTT-14-s4d8,GARQ,D11,1,40,36,15,0.15719554,Lymph prog
TTACCGTGTCATTGTC-14-s4d8,GARQ,D11,1,40,36,8,0.10812676,Erythroblast
ATTGCACAGCTATGAC-14-s4d8,GARQ,D11,1,40,36,18,0.016497612,CD8+ T
TTGTTCCCACCGGTAT-14-s4d8,GARQ,D11,1,40,36,31,0.09707779,Naive CD20+ B
CTGCAATAGGACCTCA-14-s4d8,GARQ,D11,1,40,36,16,0.059780717,CD4+ T activated
CAGCTCAAGGGATGAC-14-s4d8,GARQ,D11,1,40,36,21,0.22305965,Lymph prog
ATCCACCTCGGCTATG-14-s4d8,GARQ,D11,1,40,36,33,0.12790763,CD14+ Mono
TATTGACCACTGGCCA-14-s4d8,GARQ,D11,1,40,36,14,0.08829945,CD8+ T
GGCCGTTAGCGGATAA-14-s4d8,GARQ,D11,1,40,36,11,0.057783484,Lymph prog
CGCATTTGTTGTTCAC-14-s4d8,GARQ,D11,1,40,36,18,0.06861222,CD8+ T
AAATGCCTCAGCAAGA-14-s4d8,GARQ,D11,1,40,36,18,0.017852634,CD8+ T
TTGCAGCCATAATTGC-14-s4d8,GARQ,D11,1,40,36,21,0.33918607,Proerythroblast
TAAGCTGGTGGTGAGA-14-s4d8,GARQ,D11,1,40,36,4,0.0045101345,CD8+ T
AGGATGCAGGTTTACA-14-s4d8,GARQ,D11,1,40,36,32,0.23832428,CD8+ T
TGCAATATCTTCAATC-14-s4d8,GARQ,D11,1,40,36,5,0.025262237,Naive CD20+ B
CTAGTGAGTGATCATG-14-s4d8,GARQ,D11,1,40,36,21,0.36644036,MK/E prog
CGCCTCATCTAACCAA-14-s4d8,GARQ,D11,1,40,36,33,0.16791195,CD14+ Mono
TGGTTCTGTAGGTTTG-14-s4d8,GARQ,D11,1,40,36,18,0.21010828,CD8+ T
AATCTTGAGGAGTAAT-14-s4d8,GARQ,D11,1,40,36,29,0.031135589,Naive CD20+ B
AATGCAACACAGGATG-14-s4d8,GARQ,D11,1,40,36,18,0.041690826,CD4+ T naive
TCATTGCGTAAGCTCA-14-s4d8,GARQ,D11,1,40,36,5,0.08925974,B1 B
GTGCATTAGTGACCTG-14-s4d8,GARQ,D11,1,40,36,18,0.07845116,CD4+ T naive
GCCACTAAGCGGATTT-14-s4d8,GARQ,D11,1,40,36,32,0.022339106,CD8+ T
CAAAGCGCATGAAATG-14-s4d8,GARQ,D11,1,40,36,14,0.09288782,CD4+ T activated
GGTTGCATCATCCACC-14-s4d8,GARQ,D11,1,40,36,18,0.07690251,CD8+ T
TCCAGGATCGTAACGT-14-s4d8,GARQ,D11,1,40,36,21,0.23020846,Proerythroblast
GCCAGGTTCGCAACAT-14-s4d8,GARQ,D11,1,40,36,22,0.17741,Naive CD20+ B
TGCTAACAGTGAGGTA-14-s4d8,GARQ,D11,1,40,36,14,0.16157895,CD8+ T
GGATTATGTAGGTTAT-14-s4d8,GARQ,D11,1,40,36,14,0.013050199,CD8+ T
CTGCTATGTTGTTGTC-14-s4d8,GARQ,D11,1,40,36,18,0.06225896,CD4+ T activated
CAATGTGGTCATGCAA-14-s4d8,GARQ,D11,1,40,36,14,0.010163128,CD8+ T
GATGCGACACCAGCAT-14-s4d8,GARQ,D11,1,40,36,14,0.09099901,CD8+ T
GAGCTTGTCTTGACCC-14-s4d8,GARQ,D11,1,40,36,14,0.0121333,CD8+ T
ACTTGCACATCTTGAG-14-s4d8,GARQ,D11,1,40,36,18,0.19426394,CD8+ T
TTAGGCTAGGACTAAG-14-s4d8,GARQ,D11,1,40,36,8,0.038220525,Proerythroblast
GCCTACTTCTTGTCCA-14-s4d8,GARQ,D11,1,40,36,18,0.30397314,CD8+ T
TCTTTGTAGGCTAGAA-14-s4d8,GARQ,D11,1,40,36,5,0.073812485,Naive CD20+ B
ACACTTAAGCGGTTAT-14-s4d8,GARQ,D11,1,40,36,20,0.1492483,Transitional B
AACGACAAGTGTTGCG-14-s4d8,GARQ,D11,1,40,36,23,0.030214846,CD4+ T activated
AAACCGCGTACTTAGG-14-s4d8,GARQ,D11,1,40,36,21,0.18891215,Proerythroblast
GTTGTGAGTGTCCAAA-14-s4d8,GARQ,D11,1,40,36,29,0.032557845,Naive CD20+ B
CGCTTACTCGGCCAGT-14-s4d8,GARQ,D11,1,40,36,8,0.118272424,Erythroblast
CAATCCTGTTAGGTTG-14-s4d8,GARQ,D11,1,40,36,8,0.079572976,Normoblast
AACTAGTGTTTCCGGC-14-s4d8,GARQ,D11,1,40,36,5,0.20855588,B1 B
GTATTCAAGGTCCAAT-14-s4d8,GARQ,D11,1,40,36,14,0.0054432154,CD8+ T
CAAACAACAGGCCTTG-14-s4d8,GARQ,D11,1,40,36,18,0.13517046,CD8+ T
AGTAACCTCCTAGTAA-14-s4d8,GARQ,D11,1,40,36,14,0.18091238,CD8+ T
CTGTAACAGACCATAC-14-s4d8,GARQ,D11,1,40,36,14,0.10032165,CD8+ T
GCAATGTTCATGCTAA-14-s4d8,GARQ,D11,1,40,36,0,0.0016708374,CD8+ T
CGTGTGTCAACCTAAT-14-s4d8,GARQ,D11,1,40,36,20,0.08181763,Lymph prog
CTAGTAATCTGCAACG-14-s4d8,GARQ,D11,1,40,36,23,0.08322811,CD4+ T activated
CTGTTAAAGAGCCGGA-14-s4d8,GARQ,D11,1,40,36,5,0.12081081,Transitional B
AGGTATTGTTGCTGGG-14-s4d8,GARQ,D11,1,40,36,5,0.19199908,Transitional B
TCATTGTTCCTTAAGA-14-s4d8,GARQ,D11,1,40,36,18,0.04820144,CD8+ T
TTGCAGCCACACAATT-14-s4d8,GARQ,D11,1,40,36,29,0.19466823,Transitional B
ACCAGCTCACACAATT-14-s4d8,GARQ,D11,1,40,36,14,0.18414551,NK
GCTCGATCATTGCGGT-14-s4d8,GARQ,D11,1,40,36,33,0.01813513,CD14+ Mono
TAAGGCTTCTTACTCG-14-s4d8,GARQ,D11,1,40,36,18,0.096628904,CD8+ T
ACCCGCTGTTTGGGTA-14-s4d8,GARQ,D11,1,40,36,14,0.039707005,CD8+ T
ACTCCTCAGAGGAGGA-14-s4d8,GARQ,D11,1,40,36,11,0.11225265,G/M prog
TAAGCCTAGTGAGCGG-14-s4d8,GARQ,D11,1,40,36,2,0.012588501,Naive CD20+ B
CAAGTGAAGGCCATCA-14-s4d8,GARQ,D11,1,40,36,8,0.046449125,CD8+ T
CCTATATTCATCAGTA-14-s4d8,GARQ,D11,1,40,36,21,0.14565265,Lymph prog
CAATGCCCAGCCGCTA-14-s4d8,GARQ,D11,1,40,36,10,0.10127127,Naive CD20+ B
TTGACGTAGCGGTTAT-14-s4d8,GARQ,D11,1,40,36,35,0.033459306,Proerythroblast
CTACCTCAGGTCCAAT-14-s4d8,GARQ,D11,1,40,36,8,0.07360792,CD8+ T
CTTGCTCAGGTCCGTA-14-s4d8,GARQ,D11,1,40,36,32,0.018188179,NK
TATTCGTTCCGCCTAT-14-s4d8,GARQ,D11,1,40,36,18,0.22094908,NK
TTCAGTTTCATGAGCT-14-s4d8,GARQ,D11,1,40,36,29,0.04606694,B1 B
ACTTCGCTCTGTTCAT-14-s4d8,GARQ,D11,1,40,36,18,0.03289056,CD8+ T
GCTTGTTGTGGTTATG-14-s4d8,GARQ,D11,1,40,36,18,0.028734505,CD4+ T activated
TGTCCTTCATAGCGAG-14-s4d8,GARQ,D11,1,40,36,21,0.15931302,cDC2
ACCAATATCCTTGTTG-14-s4d8,GARQ,D11,1,40,36,21,0.23762143,Proerythroblast
TTGCTTTAGGCTCATG-14-s4d8,GARQ,D11,1,40,36,27,0.07519996,CD8+ T
AGTAACCTCGATTTGA-14-s4d8,GARQ,D11,1,40,36,7,0.062313735,CD8+ T
GACAATACACAATTAC-14-s4d8,GARQ,D11,1,40,36,18,0.170578,NK
CATATCGCAGCTTACA-14-s4d8,GARQ,D11,1,40,36,15,0.032141984,Transitional B
CGGCCATAGCTGAGGG-14-s4d8,GARQ,D11,1,40,36,14,0.035272658,CD8+ T
CAACCCTTCGTTAGCG-14-s4d8,GARQ,D11,1,40,36,11,0.1467689,CD14+ Mono
CGTAACTAGTATCGCG-14-s4d8,GARQ,D11,1,40,36,2,0.022259653,B1 B
ACCACATAGCGCAATT-14-s4d8,GARQ,D11,1,40,36,5,0.047846913,CD8+ T
AGAACCAAGAGAGGAG-14-s4d8,GARQ,D11,1,40,36,29,0.16626593,Transitional B
GAGAGGCGTTTACCGT-14-s4d8,GARQ,D11,1,40,36,11,0.03271395,CD14+ Mono
AAAGGTTAGGCCCAGT-14-s4d8,GARQ,D11,1,40,36,33,0.0044863224,CD14+ Mono
TTGACTAAGAGGAGGA-14-s4d8,GARQ,D11,1,40,36,7,0.060720146,CD8+ T
AGCTATATCGTTATAG-14-s4d8,GARQ,D11,1,40,36,18,0.029421031,CD4+ T activated
ATCCAACAGGTTTGAC-14-s4d8,GARQ,D11,1,40,36,32,0.08218086,CD8+ T
CATTGTGCAACAGGTG-14-s4d8,GARQ,D11,1,40,36,8,0.008061945,CD8+ T
TTGCATTTCTGCAAAC-14-s4d8,GARQ,D11,1,40,36,14,0.1765691,CD8+ T
GTTGCGGGTCTTTGAC-14-s4d8,GARQ,D11,1,40,36,21,0.098834515,Lymph prog
CGCTTCTAGGTCGATT-14-s4d8,GARQ,D11,1,40,36,18,0.08472401,CD8+ T
TTTACGCGTAATGGCC-14-s4d8,GARQ,D11,1,40,36,18,0.05973029,NK
GGCATTAGTTGCACGG-14-s4d8,GARQ,D11,1,40,36,27,0.19982243,CD4+ T activated
ACAACAGAGTTGCGTG-14-s4d8,GARQ,D11,1,40,36,18,0.18427896,CD8+ T
GCAACAGCATTGTCAG-14-s4d8,GARQ,D11,1,40,36,17,0.055755258,Naive CD20+ B
GGATATTGTACTGATG-14-s4d8,GARQ,D11,1,40,36,14,0.06406891,NK
TGTCCTTCATAATCGT-14-s4d8,GARQ,D11,1,40,36,8,0.075365126,CD8+ T
TTCTTAGGTTCCTGTG-14-s4d8,GARQ,D11,1,40,36,18,0.483405,CD8+ T
TCAATCGCACCTATAG-14-s4d8,GARQ,D11,1,40,36,33,0.06547624,CD16+ Mono
CAATCCTGTACGTTTC-14-s4d8,GARQ,D11,1,40,36,18,0.26688528,CD4+ T activated
TATGCATCAAATATCC-14-s4d8,GARQ,D11,1,40,36,8,0.11066824,Normoblast
AATCAGGAGCTTTGGG-14-s4d8,GARQ,D11,1,40,36,14,0.0034239888,CD8+ T
CAGATTCAGATGGACA-14-s4d8,GARQ,D11,1,40,36,14,0.13192019,CD8+ T
TCGTTAGCATGGAGGC-14-s4d8,GARQ,D11,1,40,36,21,0.13264534,Proerythroblast
GACTTAGGTGTCCTGC-14-s4d8,GARQ,D11,1,40,36,14,0.039375544,CD8+ T
CAAGGTAAGTTAGCCG-14-s4d8,GARQ,D11,1,40,36,27,0.036889315,CD8+ T
GCGGGTTTCCCTCATA-14-s4d8,GARQ,D11,1,40,36,15,0.2466867,Transitional B
ACTTGCACACAGGAAT-14-s4d8,GARQ,D11,1,40,36,5,0.0024260879,Naive CD20+ B
CCAGCCTGTGTTGCAA-14-s4d8,GARQ,D11,1,40,36,21,0.04493451,Lymph prog
GGCGATACAGTAATAG-14-s4d8,GARQ,D11,1,40,36,23,0.10474217,CD8+ T
TTACAGCAGTTAGAGG-14-s4d8,GARQ,D11,1,40,36,29,0.19314706,Transitional B
CAAGCTAGTGCATTTC-14-s4d8,GARQ,D11,1,40,36,32,0.025667667,NK
GTCATCACAAAGCTCC-14-s4d8,GARQ,D11,1,40,36,18,0.1570456,CD8+ T
GCAATGAAGACAAACG-14-s4d8,GARQ,D11,1,40,36,18,0.06989026,CD8+ T
CTTGCTCAGGCGGGTA-14-s4d8,GARQ,D11,1,40,36,8,0.06546807,CD8+ T
ACCATTAAGCTGGCTA-14-s4d8,GARQ,D11,1,40,36,21,0.12102693,Lymph prog
ATCCACCTCCCATAGG-14-s4d8,GARQ,D11,1,40,36,29,0.06501889,CD4+ T activated
TCTCGCCCATTAAACC-14-s4d8,GARQ,D11,1,40,36,18,0.02272892,CD8+ T
GGTTATATCTTAGTGA-14-s4d8,GARQ,D11,1,40,36,14,0.04740596,CD8+ T
CCACATTGTAAGGTTT-14-s4d8,GARQ,D11,1,40,36,18,0.21662927,CD8+ T
AGGTCATTCGCTAAAC-14-s4d8,GARQ,D11,1,40,36,18,0.015209794,CD8+ T
AATCCGTAGCCGCTAA-14-s4d8,GARQ,D11,1,40,36,21,0.043857455,Proerythroblast
GAACCTGTCATTGACA-14-s4d8,GARQ,D11,1,40,36,28,0.006424248,Proerythroblast
TATCACAAGTCAATCA-14-s4d8,GARQ,D11,1,40,36,31,0.059048057,Normoblast
CCCAGTTTCTTGATGA-14-s4d8,GARQ,D11,1,40,36,23,0.036796212,CD8+ T
CTATTACTCCGGCTAA-14-s4d8,GARQ,D11,1,40,36,2,0.060171306,Naive CD20+ B
TTTAAGCCATGAAGTA-14-s4d8,GARQ,D11,1,40,36,21,0.1167953,Proerythroblast
TAGGTGCGTACCAGGT-14-s4d8,GARQ,D11,1,40,36,21,0.62102306,Proerythroblast
ACCAATATCGTTATAG-14-s4d8,GARQ,D11,1,40,36,18,0.07331288,CD8+ T
GATTATGTCCCGAACA-14-s4d8,GARQ,D11,1,40,36,27,0.005108416,CD8+ T
CTATGGCCATCTAGCA-14-s4d8,GARQ,D11,1,40,36,21,0.6212261,Erythroblast
TGTCATAAGCTATTAG-14-s4d8,GARQ,D11,1,40,36,2,0.07812786,Naive CD20+ B
CGGACAACACTTACAG-14-s4d8,GARQ,D11,1,40,36,5,0.018220901,Naive CD20+ B
GTACAATGTCTTGCTG-14-s4d8,GARQ,D11,1,40,36,14,0.11618,NK
ATGTAAGCAGCAAATA-14-s4d8,GARQ,D11,1,40,36,29,0.07180071,Transitional B
TTGGCTTGTTAAGCGC-14-s4d8,GARQ,D11,1,40,36,32,0.15691978,CD8+ T
TAATGCATCATCACTT-14-s4d8,GARQ,D11,1,40,36,32,0.0692116,CD4+ T naive
GAAGGCTAGGTAACGA-14-s4d8,GARQ,D11,1,40,36,0,0.048244655,CD8+ T
GCATGAGCAAGCTAAA-14-s4d8,GARQ,D11,1,40,36,0,0.2127825,CD4+ T activated
CCCTTAATCGTTAGTA-14-s4d8,GARQ,D11,1,40,36,18,0.001701057,CD8+ T
CCAAGTTAGGCCTTAG-14-s4d8,GARQ,D11,1,40,36,14,0.036871314,CD8+ T
ATGATGGAGTATCGCG-14-s4d8,GARQ,D11,1,40,36,21,0.29826236,Proerythroblast
TAGCTTGCACAAAGAC-14-s4d8,GARQ,D11,1,40,36,18,0.07472211,CD8+ T
AACCGCTCAGCAAGTG-14-s4d8,GARQ,D11,1,40,36,21,0.10370433,Proerythroblast
CCAGCTGCAAATGCCC-14-s4d8,GARQ,D11,1,40,36,18,0.12123096,CD8+ T
AGTACGCGTTAGGATT-14-s4d8,GARQ,D11,1,40,36,1,0.015949905,Proerythroblast
GACACCGGTAGGTTAT-14-s4d8,GARQ,D11,1,40,36,36,0.028567255,Naive CD20+ B
GGGAGTAGTAGGTGTC-14-s4d8,GARQ,D11,1,40,36,18,0.33900118,CD4+ T activated
TCATAACCAGCATGTC-14-s4d8,GARQ,D11,1,40,36,21,0.27609712,Normoblast
CAAGCTAGTGAGGTGA-14-s4d8,GARQ,D11,1,40,36,14,0.030886233,CD8+ T
AGGTTTATCGTTAAGC-14-s4d8,GARQ,D11,1,40,36,22,0.034139574,Naive CD20+ B
AAACAGCCATGTTTGG-14-s4d8,GARQ,D11,1,40,36,0,0.15574521,CD8+ T
AGTTGCGTCCGCAAGC-14-s4d8,GARQ,D11,1,40,36,14,0.029885113,CD8+ T
GACGCAACAACTGGCT-14-s4d8,GARQ,D11,1,40,36,21,0.3741225,Proerythroblast
GAGATAAGTTGTAAAC-14-s4d8,GARQ,D11,1,40,36,14,0.049049675,CD8+ T
TTGTGTGCATTCAGCA-14-s4d8,GARQ,D11,1,40,36,11,0.1410419,CD14+ Mono
AACCTTAAGAATCTCA-14-s4d8,GARQ,D11,1,40,36,11,0.078995466,CD14+ Mono
GGTCAAGCAAGCTAAA-14-s4d8,GARQ,D11,1,40,36,33,0.20047289,CD14+ Mono
CTGTGTGAGTGTTGCG-14-s4d8,GARQ,D11,1,40,36,17,0.06085071,Transitional B
AGCTAACTCCCATAAA-14-s4d8,GARQ,D11,1,40,36,14,0.1072979,CD8+ T
ACCGAAGCAGCCAGAA-14-s4d8,GARQ,D11,1,40,36,21,0.07523149,Lymph prog
TCCATTGTCCCTCAAC-14-s4d8,GARQ,D11,1,40,36,38,0.023836792,CD8+ T
TGTTACTTCCGCACAA-14-s4d8,GARQ,D11,1,40,36,21,0.11229491,Proerythroblast
CCACATTGTTTCAGGA-14-s4d8,GARQ,D11,1,40,36,29,0.027459979,Transitional B
CAAGTATGTGAAGCCT-14-s4d8,GARQ,D11,1,40,36,29,0.08117515,Naive CD20+ B
CATAATGTCTTAGTCT-14-s4d8,GARQ,D11,1,40,36,2,0.016567945,Naive CD20+ B
TACTAAGTCCTTGAGG-14-s4d8,GARQ,D11,1,40,36,14,0.06980419,CD8+ T
TTGTAAGTCACTAGGT-14-s4d8,GARQ,D11,1,40,36,18,0.13783151,CD4+ T activated
ACAGGTAAGGCTGTCA-14-s4d8,GARQ,D11,1,40,36,14,0.040597916,CD8+ T
AAGGTGCAGTCTCACC-14-s4d8,GARQ,D11,1,40,36,18,0.16001904,CD8+ T
ACTTGAATCATCACTT-14-s4d8,GARQ,D11,1,40,36,21,0.23507479,Normoblast
CTGCTATGTGAATCGC-14-s4d8,GARQ,D11,1,40,36,14,0.08568746,CD8+ T
ACGAAGTCATCACAGC-14-s4d8,GARQ,D11,1,40,36,36,0.16827321,Naive CD20+ B
TCGTTAGCATCTAGCA-14-s4d8,GARQ,D11,1,40,36,14,0.0026069283,CD8+ T
ACACTTGCAATGAAGC-14-s4d8,GARQ,D11,1,40,36,36,0.029288828,Naive CD20+ B
CAGGGCTTCATAACTG-14-s4d8,GARQ,D11,1,40,36,11,0.00033074617,CD14+ Mono
ATCCTGACACTAGGTC-14-s4d8,GARQ,D11,1,40,36,14,0.28303576,CD8+ T
TACAACATCATGTGGT-14-s4d8,GARQ,D11,1,40,36,21,0.17478096,Proerythroblast
ATAGGTACATTGTGCA-14-s4d8,GARQ,D11,1,40,36,23,0.035912156,CD8+ T
TCACGGATCACGAATC-14-s4d8,GARQ,D11,1,40,36,32,0.15959942,CD8+ T
CGTTGCAAGTTGGATC-14-s4d8,GARQ,D11,1,40,36,33,0.10098487,CD16+ Mono
CCAACCAAGTGAAGTG-14-s4d8,GARQ,D11,1,40,36,14,0.006977141,CD8+ T
TGAGTGAAGGCGCTAC-14-s4d8,GARQ,D11,1,40,36,17,0.1853959,cDC2
TATGGCCCAATGCGCT-14-s4d8,GARQ,D11,1,40,36,22,0.011318684,Naive CD20+ B
AGCCTGGGTAATCACG-14-s4d8,GARQ,D11,1,40,36,21,0.218104,HSC
ATTGCAGGTATTGAGT-14-s4d8,GARQ,D11,1,40,36,21,0.45549262,Proerythroblast
GTATTGCAGGTAAGGC-14-s4d8,GARQ,D11,1,40,36,21,0.102864206,Proerythroblast
TTATGACCATGTGGGA-14-s4d8,GARQ,D11,1,40,36,8,0.16961563,Erythroblast
CGGACAACAGATTCAT-14-s4d8,GARQ,D11,1,40,36,5,0.07169542,Transitional B
CATTCCTCATAATCAC-14-s4d8,GARQ,D11,1,40,36,23,0.114985704,CD4+ T activated
GGCTCACAGATTCCTT-14-s4d8,GARQ,D11,1,40,36,8,0.030967712,CD8+ T
TTGACTAAGGGTGAAC-14-s4d8,GARQ,D11,1,40,36,18,0.2028867,CD8+ T
ATCAGGTTCTGGCAAT-14-s4d8,GARQ,D11,1,40,36,18,0.018461883,CD8+ T
CTCCGGACACCTGGTG-14-s4d8,GARQ,D11,1,40,36,29,0.16627747,Naive CD20+ B
ATCCTTAGTCAGGCAT-14-s4d8,GARQ,D11,1,40,36,21,0.4103459,Proerythroblast
GGTACCGGTCATTAGG-14-s4d8,GARQ,D11,1,40,36,18,0.36061049,CD8+ T
ACTCACCTCAACCAAC-14-s4d8,GARQ,D11,1,40,36,18,0.040065408,CD8+ T
CATAGACTCAGGCTAT-14-s4d8,GARQ,D11,1,40,36,18,0.087355435,CD8+ T
AAACCGCGTTATCCTA-14-s4d8,GARQ,D11,1,40,36,33,0.1013397,cDC2
TCAAGTATCCTAGTCC-14-s4d8,GARQ,D11,1,40,36,14,0.031271815,CD8+ T
ACTAACGGTGTTGTGA-14-s4d8,GARQ,D11,1,40,36,33,0.2656731,CD14+ Mono
TCCATATTCTGGCAAT-14-s4d8,GARQ,D11,1,40,36,21,0.64581716,Proerythroblast
TTTACGAAGCATGAAG-14-s4d8,GARQ,D11,1,40,36,8,0.49441463,CD8+ T
ATGAAGCCAGTAATAG-14-s4d8,GARQ,D11,1,40,36,21,0.15367198,Proerythroblast
CATCATGCAGATAGAC-14-s4d8,GARQ,D11,1,40,36,18,0.05325395,CD8+ T
TTGGAGGCAGTAAAGC-14-s4d8,GARQ,D11,1,40,36,38,0.08352107,CD8+ T
TTTACGCGTAACGAGG-14-s4d8,GARQ,D11,1,40,36,21,0.2998718,MK/E prog
AGAAAGGCAGTAAGTA-14-s4d8,GARQ,D11,1,40,36,21,0.37138996,Proerythroblast
GTCCATTGTGACCTGG-14-s4d8,GARQ,D11,1,40,36,18,0.19021183,CD8+ T
CGCATTACATTGTCCT-14-s4d8,GARQ,D11,1,40,36,39,0.14502811,Lymph prog
GATAATCGTTTCCTCC-14-s4d8,GARQ,D11,1,40,36,5,0.18363178,Lymph prog
GTCTAACAGCATGAAG-14-s4d8,GARQ,D11,1,40,36,27,0.10357368,CD8+ T
GTAGGCGAGGCCTGGT-14-s4d8,GARQ,D11,1,40,36,14,0.08656144,CD8+ T
CGCAATCCAGTTAGCC-14-s4d8,GARQ,D11,1,40,36,23,0.24280465,CD4+ T naive
TACCGAAGTTGGATCA-14-s4d8,GARQ,D11,1,40,36,23,0.069164485,Naive CD20+ B
CCAGACTCATAGTCAT-14-s4d8,GARQ,D11,1,40,36,21,0.15346688,Erythroblast
CACTTTGTCATCCTGC-14-s4d8,GARQ,D11,1,40,36,18,0.017413557,CD8+ T
GCGCTTGCACAATTAC-14-s4d8,GARQ,D11,1,40,36,5,0.08543807,Transitional B
GAGGTTAAGCATGGTT-14-s4d8,GARQ,D11,1,40,36,14,0.005063772,CD8+ T
CCCAGCACAGGCTAAG-14-s4d8,GARQ,D11,1,40,36,23,0.190453,CD8+ T
CACCAACCAAAGGTAC-14-s4d8,GARQ,D11,1,40,36,5,0.12541372,Transitional B
GCATCCTTCTTGCAAA-14-s4d8,GARQ,D11,1,40,36,33,0.090924025,CD14+ Mono
GCTCTGTTCCTGAATA-14-s4d8,GARQ,D11,1,40,36,33,0.049366713,CD14+ Mono
CCTAAAGGTTGTAAAC-14-s4d8,GARQ,D11,1,40,36,18,0.059903204,CD8+ T
GTTCATTTCGCCTGTT-14-s4d8,GARQ,D11,1,40,36,23,0.12602895,CD8+ T
GCAGCTATCTTGCAAA-14-s4d8,GARQ,D11,1,40,36,36,0.031974316,CD4+ T activated
GACTATTCATAGGCGA-14-s4d8,GARQ,D11,1,40,36,2,0.028671801,CD14+ Mono
GCGAAGTAGAGAGCCG-14-s4d8,GARQ,D11,1,40,36,27,0.010268271,CD8+ T
ACATTAGTCTTGCAAA-14-s4d8,GARQ,D11,1,40,36,26,0.04249853,cDC2
TTGCACACATAATCCG-14-s4d8,GARQ,D11,1,40,36,33,0.21667105,CD14+ Mono
CAAGTAACAACCCTAA-14-s4d8,GARQ,D11,1,40,36,20,0.18316525,Transitional B
GCTGCATCAACTGGGA-14-s4d8,GARQ,D11,1,40,36,24,0.0081504285,CD8+ T
GATTGGCGTTAGGCGT-14-s4d8,GARQ,D11,1,40,36,5,0.07695413,Naive CD20+ B
CCAGCTAAGAACAAGT-14-s4d8,GARQ,D11,1,40,36,5,0.10228008,Naive CD20+ B
AGCAATTGTATTGTCC-14-s4d8,GARQ,D11,1,40,36,5,0.11079568,B1 B
CACATACAGGGTTATC-14-s4d8,GARQ,D11,1,40,36,14,0.05792296,CD8+ T
GAGCCTTCAAAGCTAA-14-s4d8,GARQ,D11,1,40,36,14,0.102599025,CD8+ T
CAGGTTTAGTAGGATG-14-s4d8,GARQ,D11,1,40,36,18,0.056153893,CD8+ T
AGACACGCAAGGATTA-14-s4d8,GARQ,D11,1,40,36,14,0.13176072,CD8+ T
CGTGACATCACTAGGT-14-s4d8,GARQ,D11,1,40,36,18,0.12926245,CD8+ T
TCTGTGACACCGTTCC-14-s4d8,GARQ,D11,1,40,36,21,0.14836258,Lymph prog
TCTTGACGTTGACTTC-14-s4d8,GARQ,D11,1,40,36,23,0.11943096,CD8+ T
CAATGAACATTCAGCA-14-s4d8,GARQ,D11,1,40,36,0,0.037337422,CD4+ T activated
TACGGTTAGTTATTCC-14-s4d8,GARQ,D11,1,40,36,8,0.20890307,CD8+ T
TTGTTTGGTTAGCATG-14-s4d8,GARQ,D11,1,40,36,29,0.039930224,Naive CD20+ B
GATAGACCACATGCTA-14-s4d8,GARQ,D11,1,40,36,18,0.10814941,CD8+ T
TGCTTCCAGGCAAGTA-14-s4d8,GARQ,D11,1,40,36,23,0.039282203,CD8+ T
GAAGTAAGTCAATACG-14-s4d8,GARQ,D11,1,40,36,21,0.061163574,Proerythroblast
CGAGCTGGTGATGGCT-14-s4d8,GARQ,D11,1,40,36,23,0.0418545,CD4+ T activated
TGTATCGCAGTAAAGC-14-s4d8,GARQ,D11,1,40,36,7,0.045385122,CD4+ T activated
TTTCTTGCATCATGTG-14-s4d8,GARQ,D11,1,40,36,8,0.09227455,Erythroblast
CTTAAGATCACTAAGC-14-s4d8,GARQ,D11,1,40,36,15,0.041695774,Lymph prog
ACAACACTCTGCAAGT-14-s4d8,GARQ,D11,1,40,36,18,0.0008891225,CD8+ T
TGACTCCTCGTAATCA-14-s4d8,GARQ,D11,1,40,36,36,0.14150459,Naive CD20+ B
TTCACTGTCTTGCAGG-14-s4d8,GARQ,D11,1,40,36,18,0.081448495,CD8+ T
GATCAGTTCCGGAACC-14-s4d8,GARQ,D11,1,40,36,14,0.18478078,CD8+ T
CCACAATAGGATGATG-14-s4d8,GARQ,D11,1,40,36,8,0.10738671,CD8+ T
CCTGTATGTAATGGAA-14-s4d8,GARQ,D11,1,40,36,38,0.068887115,CD8+ T
GGAGTGAGTACCGTTT-14-s4d8,GARQ,D11,1,40,36,8,0.076080024,CD8+ T
TACAATGTCACGCATG-14-s4d8,GARQ,D11,1,40,36,18,0.1900543,CD4+ T naive
TGTGTGAGTTGTTGTC-14-s4d8,GARQ,D11,1,40,36,21,0.17247224,Proerythroblast
GTTTCTAGTGTCACGG-14-s4d8,GARQ,D11,1,40,36,18,0.23002732,NK
ACGTTACAGGACACTT-14-s4d8,GARQ,D11,1,40,36,21,0.53703076,Proerythroblast
TCCTTCAAGAACCTAC-14-s4d8,GARQ,D11,1,40,36,21,0.22013032,Proerythroblast
TTGGATATCATTGACA-14-s4d8,GARQ,D11,1,40,36,21,0.015382528,G/M prog
TTCATCCCAAGCTTAT-14-s4d8,GARQ,D11,1,40,36,11,0.041511655,G/M prog
CCCTGTTAGTCACCAG-14-s4d8,GARQ,D11,1,40,36,21,0.3228327,Proerythroblast
TAGCTAATCCTTAAGA-14-s4d8,GARQ,D11,1,40,36,8,0.023886353,CD8+ T
ACTTCGCTCATTGTCT-14-s4d8,GARQ,D11,1,40,36,14,0.05570227,CD8+ T
ATGAATGCAGTCTAGC-14-s4d8,GARQ,D11,1,40,36,3,0.009578049,Naive CD20+ B
CAACAGGCATAGCAGG-14-s4d8,GARQ,D11,1,40,36,29,0.0004028976,Naive CD20+ B
TCAGTAATCAAAGGCA-14-s4d8,GARQ,D11,1,40,36,36,0.03708327,CD8+ T
CAGGCTGGTGGTTAGC-14-s4d8,GARQ,D11,1,40,36,20,0.09111935,Transitional B
TTCCTTCTCTTACTCG-14-s4d8,GARQ,D11,1,40,36,38,0.023960471,CD8+ T
ATAAGCCTCACAAGCT-14-s4d8,GARQ,D11,1,40,36,17,0.021459818,Naive CD20+ B
GCTGTGATCAATGTCA-14-s4d8,GARQ,D11,1,40,36,14,0.023090363,CD8+ T
ACCAGGCTCCAGGTTG-14-s4d8,GARQ,D11,1,40,36,21,0.43851864,Proerythroblast
CCTGTAACAGCAACCT-14-s4d8,GARQ,D11,1,40,36,21,0.3239346,Lymph prog
ATTGTCCGTTAGTACG-14-s4d8,GARQ,D11,1,40,36,23,0.060151696,CD4+ T activated
ACAGGTAAGGTATTGC-14-s4d8,GARQ,D11,1,40,36,23,0.031229317,CD8+ T
CAGGTCCAGATGGAGC-14-s4d8,GARQ,D11,1,40,36,7,0.09877211,CD8+ T
CGAGCTGGTTAACGGC-14-s4d8,GARQ,D11,1,40,36,14,0.090185046,NK
AATAACCGTTTGCAGA-14-s4d8,GARQ,D11,1,40,36,30,0.09977341,CD14+ Mono
TAGGAGTCACCCTCAC-14-s4d8,GARQ,D11,1,40,36,33,0.046360016,CD14+ Mono
CATTCCTCATCCATCT-14-s4d8,GARQ,D11,1,40,36,22,0.09042448,Transitional B
AACAGATAGTTAGACC-14-s4d8,GARQ,D11,1,40,36,11,0.054062724,CD14+ Mono
AAACCAACAGACAAAC-14-s4d8,GARQ,D11,1,40,36,21,0.17571992,MK/E prog
ATGGCTAGTTGCGGAT-14-s4d8,GARQ,D11,1,40,36,8,0.4822122,CD8+ T
CAAGGTAAGGTGAGAC-14-s4d8,GARQ,D11,1,40,36,21,0.038280487,Lymph prog
CTATTCAGTAATCCCT-14-s4d8,GARQ,D11,1,40,36,18,0.039186597,CD8+ T
TAAGGCTTCATTAGCA-14-s4d8,GARQ,D11,1,40,36,3,0.025105953,Naive CD20+ B
GCAGCCAGTTGGTTGA-14-s4d8,GARQ,D11,1,40,36,27,0.027600974,CD4+ T activated
CCGTTAACAATTGACT-14-s4d8,GARQ,D11,1,40,36,18,0.09986788,CD8+ T
TGAACAACACAACCTA-14-s4d8,GARQ,D11,1,40,36,20,0.07795203,cDC2
CAGTACCCACAATACT-14-s4d8,GARQ,D11,1,40,36,23,0.037465513,CD4+ T activated
TACCGAAGTTGCCTCA-14-s4d8,GARQ,D11,1,40,36,33,0.000119149685,CD14+ Mono
GAGTTGCGTGTGAGGA-14-s4d8,GARQ,D11,1,40,36,14,0.2195903,CD8+ T
TCCATATTCGCGACAC-14-s4d8,GARQ,D11,1,40,36,20,0.118959785,Transitional B
AGTAAACAGCACAGGG-14-s4d8,GARQ,D11,1,40,36,15,0.05851403,Transitional B
CCTCCTCTCCCTTGCG-14-s4d8,GARQ,D11,1,40,36,14,0.054820836,CD8+ T
GTAGCTGTCCAAACAC-14-s4d8,GARQ,D11,1,40,36,22,0.025837123,Transitional B
TGCATTAAGTTGCGTG-14-s4d8,GARQ,D11,1,40,36,17,0.010978758,B1 B
CTTATTGGTTGCCTCA-14-s4d8,GARQ,D11,1,40,36,18,0.129251,CD8+ T
ATCAGGTTCATTACGA-14-s4d8,GARQ,D11,1,40,36,18,0.10976243,CD4+ T naive
ACTAAAGCATGAGCAG-14-s4d8,GARQ,D11,1,40,36,14,0.13884217,CD8+ T
CCTGCTCCAGGCCTTG-14-s4d8,GARQ,D11,1,40,36,29,0.004034817,Naive CD20+ B
GCAATGTTCGTTATAG-14-s4d8,GARQ,D11,1,40,36,18,0.07314086,CD8+ T
ACATTGCAGCCAAATC-14-s4d8,GARQ,D11,1,40,36,18,0.27706778,NK
CCTAATAAGCAACATC-14-s4d8,GARQ,D11,1,40,36,14,0.003425777,Plasma cell
TTACAGCAGCCTTAAA-14-s4d8,GARQ,D11,1,40,36,11,0.22807932,CD14+ Mono
TCGCGCACAATCCTGA-14-s4d8,GARQ,D11,1,40,36,17,0.18055552,Naive CD20+ B
ACCCGTAAGTTAGGCT-14-s4d8,GARQ,D11,1,40,36,18,0.029645562,CD8+ T
TTAGCAGGTCGCAATA-14-s4d8,GARQ,D11,1,40,36,5,0.20468056,Naive CD20+ B
AGTGAACCACTAGGTC-14-s4d8,GARQ,D11,1,40,36,5,0.04102847,Naive CD20+ B
GTGGACACAAACTAAG-14-s4d8,GARQ,D11,1,40,36,1,0.12095779,Proerythroblast
TCAAGGAAGGTCCTAG-14-s4d8,GARQ,D11,1,40,36,14,0.112234354,NK
ACTAGGCGTTAGCGTA-14-s4d8,GARQ,D11,1,40,36,29,0.012477607,Naive CD20+ B
GTACTGGTCCGCTAGA-14-s4d8,GARQ,D11,1,40,36,21,0.5800525,Proerythroblast
TGGTTCCTCATTTGCT-14-s4d8,GARQ,D11,1,40,36,18,0.082601905,CD8+ T
GGTCCATCAGCACGTT-14-s4d8,GARQ,D11,1,40,36,18,0.07285422,CD8+ T
GATGCATTCAGCATTA-14-s4d8,GARQ,D11,1,40,36,7,0.14316463,CD4+ T activated
ATCTATGAGTTAGCTA-14-s4d8,GARQ,D11,1,40,36,15,0.16460532,Transitional B
TAACAAGCATAGTCAT-14-s4d8,GARQ,D11,1,40,36,18,0.1152643,CD8+ T
ACAGGTAAGCTATTAG-14-s4d8,GARQ,D11,1,40,36,36,0.04404664,B1 B
ACAACAACAGCAAGAT-14-s4d8,GARQ,D11,1,40,36,21,0.63877475,Proerythroblast
CACGCAATCCTCCATA-14-s4d8,GARQ,D11,1,40,36,5,0.014379233,Lymph prog
CAAGGTTTCTCACTCA-14-s4d8,GARQ,D11,1,40,36,14,0.169833,CD8+ T
CGTGCACAGACAGGCG-14-s4d8,GARQ,D11,1,40,36,14,0.019493043,CD8+ T
GAGGGAGCAGTCTATG-14-s4d8,GARQ,D11,1,40,36,39,0.067454755,Transitional B
TTGATGTCATTGCGGT-14-s4d8,GARQ,D11,1,40,36,18,0.05732274,CD4+ T activated
GGTGTCCAGCTCCTAC-14-s4d8,GARQ,D11,1,40,36,27,0.08533132,CD8+ T
CACTTAAAGGTTTACA-14-s4d8,GARQ,D11,1,40,36,5,0.017009318,Transitional B
AGTTATGTCAGGTTTA-14-s4d8,GARQ,D11,1,40,36,14,0.26214516,CD8+ T
AATCCCTGTACCCACC-14-s4d8,GARQ,D11,1,40,36,18,0.0048953295,CD8+ T
GGGAATATCTACCTGC-14-s4d8,GARQ,D11,1,40,36,14,0.036853433,CD8+ T
CCCTCAGTCACAGACT-14-s4d8,GARQ,D11,1,40,36,8,0.15401411,CD8+ T
GCCACAATCTGGCAAT-14-s4d8,GARQ,D11,1,40,36,11,0.0039669275,G/M prog
TATGGCCCATAGACCC-14-s4d8,GARQ,D11,1,40,36,18,0.3494892,CD4+ T activated
CATAACGGTCAGGAAG-14-s4d8,GARQ,D11,1,40,36,18,0.123508036,CD8+ T
AAAGGAGCATGGTTAT-14-s4d8,GARQ,D11,1,40,36,23,0.27826107,CD4+ T activated
CGGAGTCTCTTTGACT-14-s4d8,GARQ,D11,1,40,36,18,0.07253504,CD4+ T naive
GAGTTTGGTGCAATGC-14-s4d8,GARQ,D11,1,40,36,23,0.02208513,CD4+ T activated
GATTGCGTCATTCATC-14-s4d8,GARQ,D11,1,40,36,14,0.0049575567,CD8+ T
GGACCTCAGATAAAGC-14-s4d8,GARQ,D11,1,40,36,18,0.13865453,Plasma cell
TCAGGAGCAACTAGAA-14-s4d8,GARQ,D11,1,40,36,14,0.048482716,CD8+ T
AGCTAAACATCAGTAT-14-s4d8,GARQ,D11,1,40,36,18,0.31373715,CD8+ T
TGCTCAACAGGAACCA-14-s4d8,GARQ,D11,1,40,36,29,0.16633448,Naive CD20+ B
TCTAGCCTCTAAGTCA-14-s4d8,GARQ,D11,1,40,36,5,0.13684267,Naive CD20+ B
ATTTAGCCAAACAACA-14-s4d8,GARQ,D11,1,40,36,5,0.01255399,Naive CD20+ B
AGAGGATGTTTACGTC-14-s4d8,GARQ,D11,1,40,36,17,0.007013172,Lymph prog
TGGGCATGTTAACGAT-14-s4d8,GARQ,D11,1,40,36,32,0.08394623,CD8+ T
AGTCGCATCAATCATG-14-s4d8,GARQ,D11,1,40,36,21,0.31458914,Proerythroblast
ACCAGCTCAGCACCAT-14-s4d8,GARQ,D11,1,40,36,21,0.34024665,Proerythroblast
TCTTCAAGTCAATAGT-14-s4d8,GARQ,D11,1,40,36,36,0.14717299,Naive CD20+ B
CAGGACACATCTAGCA-14-s4d8,GARQ,D11,1,40,36,39,0.14368314,pDC
GCGAAGTAGGCATGTT-14-s4d8,GARQ,D11,1,40,36,18,0.19162673,CD8+ T
ATTGCACAGAAGCTAG-14-s4d8,GARQ,D11,1,40,36,21,0.36415046,Proerythroblast
TACGTTAAGTAACCCG-14-s4d8,GARQ,D11,1,40,36,23,0.09185588,CD4+ T naive
ACAAAGGTCTCCATAT-14-s4d8,GARQ,D11,1,40,36,10,0.12905511,B1 B
GAGGAGGCAATTTAGC-14-s4d8,GARQ,D11,1,40,36,32,0.028001308,CD8+ T
GCTATCCTCTAAGTCA-14-s4d8,GARQ,D11,1,40,36,0,0.05380404,CD8+ T
CCATAATCATCATGGC-14-s4d8,GARQ,D11,1,40,36,18,0.08808285,CD8+ T
CTAACCACAAGTCGCT-14-s4d8,GARQ,D11,1,40,36,29,0.05822915,B1 B
GTATGTTCATAGTCAT-14-s4d8,GARQ,D11,1,40,36,5,0.053792715,Naive CD20+ B
CTAAATGTCCTCATCA-14-s4d8,GARQ,D11,1,40,36,29,0.30664992,Naive CD20+ B
CCGCACACAAAGCTCC-14-s4d8,GARQ,D11,1,40,36,16,0.22793648,Lymph prog
GCAAGTGCATCCTGAA-14-s4d8,GARQ,D11,1,40,36,8,0.3376677,Erythroblast
GTTACGTAGCCACATG-14-s4d8,GARQ,D11,1,40,36,18,0.024684548,CD8+ T
GTTCCTGGTCCAAATG-14-s4d8,GARQ,D11,1,40,36,14,0.03077209,CD8+ T
ACCCTCCCACAAAGCG-14-s4d8,GARQ,D11,1,40,36,18,0.28876293,CD4+ T activated
TATGACTCACCTGCCT-14-s4d8,GARQ,D11,1,40,36,20,0.05363673,G/M prog
GATGAGGGTTCACCAT-14-s4d8,GARQ,D11,1,40,36,18,0.11448997,CD8+ T
AAGTAGCCAACAACAA-14-s4d8,GARQ,D11,1,40,36,21,0.10304332,HSC
TTGGAGGCACTTACAG-14-s4d8,GARQ,D11,1,40,36,27,0.05293989,CD8+ T
CAAGGTTTCGCTTGCT-14-s4d8,GARQ,D11,1,40,36,21,0.0030609965,cDC2
CATAGACTCCATCAGG-14-s4d8,GARQ,D11,1,40,36,27,0.050159633,CD4+ T activated
GCTATCCTCGATAACC-14-s4d8,GARQ,D11,1,40,36,21,0.32683492,Proerythroblast
ACTCAGTAGTAGGCGG-14-s4d8,GARQ,D11,1,40,36,34,0.01913315,Transitional B
TTATTGCTCGAGCAAA-14-s4d8,GARQ,D11,1,40,36,21,0.030194819,Erythroblast
TTAGCGGTCCCGAAGC-14-s4d8,GARQ,D11,1,40,36,33,0.189242,CD16+ Mono
AGTCCTGAGGCTAAGA-14-s4d8,GARQ,D11,1,40,36,21,0.102606475,Proerythroblast
AAGCTTGGTATTGCAG-14-s4d8,GARQ,D11,1,40,36,21,0.28007567,Proerythroblast
TCGCTAACACAATACT-14-s4d8,GARQ,D11,1,40,36,18,0.006729007,NK
TGGACAAAGGGCCATC-14-s4d8,GARQ,D11,1,40,36,0,0.28825343,cDC2
AATCTCAAGACAACGA-14-s4d8,GARQ,D11,1,40,36,33,0.0049666762,CD14+ Mono
TGGTGATTCATTATGG-14-s4d8,GARQ,D11,1,40,36,8,0.11325234,Normoblast
CCACACAAGAAAGGAA-14-s4d8,GARQ,D11,1,40,36,33,0.06196934,CD14+ Mono
GTAAGCAAGCTTATGA-14-s4d8,GARQ,D11,1,40,36,5,0.097899914,Naive CD20+ B
CACGCAATCACCAATA-14-s4d8,GARQ,D11,1,40,36,33,0.18880588,CD16+ Mono
CCTGAATAGTACCGCA-14-s4d8,GARQ,D11,1,40,36,14,0.031229436,CD8+ T
TGTAAGTGTAGCCATA-14-s4d8,GARQ,D11,1,40,36,8,0.49116623,CD8+ T
CTCTAGCTCAGGATGA-14-s4d8,GARQ,D11,1,40,36,32,0.17851299,CD8+ T
GACTAATGTTTAACGG-14-s4d8,GARQ,D11,1,40,36,8,0.008577466,CD8+ T
GTGAACAAGCTGAGGG-14-s4d8,GARQ,D11,1,40,36,18,0.18339151,CD8+ T
TTGATGTCAATCTCTC-14-s4d8,GARQ,D11,1,40,36,21,0.3208292,Proerythroblast
GTTAATGTCGTCAAGT-14-s4d8,GARQ,D11,1,40,36,18,0.05731547,CD8+ T
TTTAAGGTCCTCATGC-14-s4d8,GARQ,D11,1,40,36,8,0.028811812,CD8+ T
GATGACTTCTGGCATG-14-s4d8,GARQ,D11,1,40,36,18,0.29304838,CD8+ T
GTATTCAAGTTCCTGC-14-s4d8,GARQ,D11,1,40,36,22,0.031256586,Naive CD20+ B
GAGTTGCGTGTTAAAC-14-s4d8,GARQ,D11,1,40,36,20,0.008342594,Lymph prog
GAACGAATCAGGTCCA-14-s4d8,GARQ,D11,1,40,36,21,0.14321625,Lymph prog
TATGTGATCAAGGACA-14-s4d8,GARQ,D11,1,40,36,18,0.041656375,CD8+ T
CACTGACCAATTTGGT-14-s4d8,GARQ,D11,1,40,36,18,0.07543898,CD8+ T
TAGGCTTAGGCTAAGA-14-s4d8,GARQ,D11,1,40,36,23,0.029477,CD8+ T
TGAGCTTAGGATCACT-14-s4d8,GARQ,D11,1,40,36,8,0.13896537,Erythroblast
TGATCGAGTGCACGCA-14-s4d8,GARQ,D11,1,40,36,29,0.032722086,CD4+ T activated
AATGCAACATCAGCAC-14-s4d8,GARQ,D11,1,40,36,14,0.032996237,NK
GATGCAGCAGAAACGT-14-s4d8,GARQ,D11,1,40,36,36,0.004550636,B1 B
TTTGTTGGTGCCTCAC-14-s4d8,GARQ,D11,1,40,36,7,0.03230703,CD4+ T naive
CGCTGTGCACTGACCG-14-s4d8,GARQ,D11,1,40,36,21,0.114935696,CD14+ Mono
TGTGTGAGTCAACAAT-14-s4d8,GARQ,D11,1,40,36,21,0.4452362,Proerythroblast
AGTCGCATCCTCAGCT-14-s4d8,GARQ,D11,1,40,36,8,0.14969504,CD8+ T
CAAGGCCTCCTAATTC-14-s4d8,GARQ,D11,1,40,36,33,0.14331633,CD14+ Mono
GTGATCAGTCTAACAG-14-s4d8,GARQ,D11,1,40,36,14,0.039654613,CD8+ T
CTAGCTGAGAATGACG-14-s4d8,GARQ,D11,1,40,36,2,0.07698226,CD16+ Mono
AGCATTTCACCTGCCT-14-s4d8,GARQ,D11,1,40,36,22,0.0150949955,Transitional B
GCAATCTAGCTGTAAC-14-s4d8,GARQ,D11,1,40,36,23,0.05119276,CD4+ T activated
TCCTTGCAGAACCTGT-14-s4d8,GARQ,D11,1,40,36,21,0.26299793,Proerythroblast
GAACTTATCATCGTTT-14-s4d8,GARQ,D11,1,40,36,2,0.065045595,Naive CD20+ B
GAGGCTACAGCTAATT-14-s4d8,GARQ,D11,1,40,36,22,0.03987944,B1 B
AATTGACGTTTACCGT-14-s4d8,GARQ,D11,1,40,36,32,0.13290411,CD8+ T
TTCGTGCTCATGCTAA-14-s4d8,GARQ,D11,1,40,36,27,0.16874802,CD4+ T activated
CCTTACTCAGGCTTGT-14-s4d8,GARQ,D11,1,40,36,11,0.110601455,Lymph prog
TAAGCTATCTGCAAAC-14-s4d8,GARQ,D11,1,40,36,18,0.08559477,CD8+ T
ATGTTTGAGTTGCGTG-14-s4d8,GARQ,D11,1,40,36,21,0.03970158,Proerythroblast
GCGGATACACAAGCCT-14-s4d8,GARQ,D11,1,40,36,32,0.11361122,CD8+ T
CATAATCCAAACCCTA-14-s4d8,GARQ,D11,1,40,36,18,0.1886853,CD4+ T naive
CCCTCATAGCAGGTGG-14-s4d8,GARQ,D11,1,40,36,18,0.22071135,NK
CGAAGTAAGCGATAGA-14-s4d8,GARQ,D11,1,40,36,33,0.11176163,cDC2
TTCACTGTCGGCCATA-14-s4d8,GARQ,D11,1,40,36,5,0.056357622,B1 B
CATAATCCAACAGCCT-14-s4d8,GARQ,D11,1,40,36,29,0.05004579,Transitional B
AAAGGAGCAAGTTATC-14-s4d8,GARQ,D11,1,40,36,18,0.10020602,CD8+ T
ACCTTGCTCAAGCGCC-14-s4d8,GARQ,D11,1,40,36,18,0.017383933,CD8+ T
AGTCCTTGTTTGAGCA-14-s4d8,GARQ,D11,1,40,36,14,0.03875637,CD8+ T
AGTAATCGTTTGGCGG-14-s4d8,GARQ,D11,1,40,36,18,0.1075629,CD8+ T
ATCGCTTGTAATCACG-14-s4d8,GARQ,D11,1,40,36,8,0.17667279,Normoblast
GTAAAGCCACCGTTCC-14-s4d8,GARQ,D11,1,40,36,23,0.0360578,CD4+ T activated
ACTTATGAGTTGTCTT-14-s4d8,GARQ,D11,1,40,36,7,0.012395203,CD4+ T naive
GTGAACAAGGTATTGC-14-s4d8,GARQ,D11,1,40,36,29,0.011657476,B1 B
TTGGGCGGTTTCCGGC-14-s4d8,GARQ,D11,1,40,36,31,0.0022832751,Naive CD20+ B
CTCTAAGCAACTAGCC-14-s4d8,GARQ,D11,1,40,36,18,0.015932202,CD8+ T
ACCTAAATCATGGTTA-14-s4d8,GARQ,D11,1,40,36,14,0.06724003,Transitional B
TCCTTCAAGGACGTAA-14-s4d8,GARQ,D11,1,40,36,36,0.11097324,B1 B
TTTCCACCATTAGCGC-14-s4d8,GARQ,D11,1,40,36,7,0.048517108,NK
TTCCTCAAGTGATTCA-14-s4d8,GARQ,D11,1,40,36,18,0.0799799,CD8+ T
TGCACTTGTAGCTAAT-14-s4d8,GARQ,D11,1,40,36,18,0.10786098,CD8+ T
CCTGTTGGTGTTTGAG-14-s4d8,GARQ,D11,1,40,36,36,0.0029310882,Naive CD20+ B
TACTGGCCATCAATCG-14-s4d8,GARQ,D11,1,40,36,32,0.058903098,CD8+ T
GTTCTTGTCATGCTAA-14-s4d8,GARQ,D11,1,40,36,14,0.04770577,CD8+ T
CCATCATGTTAAGTGT-14-s4d8,GARQ,D11,1,40,36,18,0.17131835,NK
TGATCACAGGTAGCTT-14-s4d8,GARQ,D11,1,40,36,29,0.036487043,Naive CD20+ B
GGATTTATCGTTTCCA-14-s4d8,GARQ,D11,1,40,36,18,0.13362384,CD4+ T activated
ATTACCCGTGAGCACT-14-s4d8,GARQ,D11,1,40,36,3,0.00883323,CD16+ Mono
GTAGGAGGTGAGCGAA-14-s4d8,GARQ,D11,1,40,36,29,0.014792234,CD4+ T activated
CGTTGCAAGCCTCTGT-14-s4d8,GARQ,D11,1,40,36,17,0.009929657,cDC2
AACTTAGTCAGCAAGA-14-s4d8,GARQ,D11,1,40,36,5,0.0898146,Naive CD20+ B
CCACACAAGCAACATC-14-s4d8,GARQ,D11,1,40,36,8,0.03367728,CD8+ T
CTATGATCAAGTGTTT-14-s4d8,GARQ,D11,1,40,36,23,0.24021918,CD4+ T naive
TCCTCACAGTTTCCTG-14-s4d8,GARQ,D11,1,40,36,38,0.010792971,CD8+ T
CATTATCTCGTACCGA-14-s4d8,GARQ,D11,1,40,36,18,0.05120504,CD4+ T activated
TAGTTGTCACTTAACG-14-s4d8,GARQ,D11,1,40,36,14,0.040085435,CD8+ T
AACTGTTCACCTGCCT-14-s4d8,GARQ,D11,1,40,36,14,0.047180176,CD8+ T
CTCCTCACAGTGAACG-14-s4d8,GARQ,D11,1,40,36,18,0.27841544,CD8+ T
GTCTAACAGGTCAAAG-14-s4d8,GARQ,D11,1,40,36,18,0.042081118,CD8+ T
GGAACCACAAAGGCCA-14-s4d8,GARQ,D11,1,40,36,27,0.0704481,CD8+ T
GCGAGTGAGGCGAAAC-14-s4d8,GARQ,D11,1,40,36,33,0.04529798,CD14+ Mono
TTGCTTTAGGTCGAGG-14-s4d8,GARQ,D11,1,40,36,21,0.29507515,Proerythroblast
TCAATCGCACCAAAGG-14-s4d8,GARQ,D11,1,40,36,18,0.07823849,NK
TTGCAACAGACTATTG-14-s4d8,GARQ,D11,1,40,36,8,0.030250996,Proerythroblast
AGGGTTGCACAACAGG-14-s4d8,GARQ,D11,1,40,36,16,0.08915049,CD8+ T
TTGTTCCCACAGAAAC-14-s4d8,GARQ,D11,1,40,36,8,0.0026720166,CD8+ T
CTCCAAACACCTGTAA-14-s4d8,GARQ,D11,1,40,36,27,0.0687843,CD8+ T
CAATCCTGTTAGAGCC-14-s4d8,GARQ,D11,1,40,36,7,0.025012672,CD8+ T
AGGATCCGTCATTACC-14-s4d8,GARQ,D11,1,40,36,36,0.026180327,Naive CD20+ B
ACCTTCATCAAACTCA-14-s4d8,GARQ,D11,1,40,36,18,0.08413792,CD8+ T
TACTGCACATTGTGAT-14-s4d8,GARQ,D11,1,40,36,18,0.19395655,CD8+ T
CTACCTCAGCTGTAAC-14-s4d8,GARQ,D11,1,40,36,11,0.024988294,CD14+ Mono
GTCATCACAATTATGC-14-s4d8,GARQ,D11,1,40,36,27,0.00033181906,CD8+ T
GCTATTGCATTCAGCA-14-s4d8,GARQ,D11,1,40,36,18,0.05493933,CD8+ T
TCTCAAGCAATATAGG-14-s4d8,GARQ,D11,1,40,36,18,0.044745922,CD8+ T
AGCTACGTCCTCCTAA-14-s4d8,GARQ,D11,1,40,36,11,0.15930277,CD14+ Mono
ACCCGGTAGGGATGCG-14-s4d8,GARQ,D11,1,40,36,23,0.009432912,CD8+ T
AGAGATTAGCACGATT-14-s4d8,GARQ,D11,1,40,36,32,0.15183282,CD8+ T
AAGCTATGTTAATGCG-14-s4d8,GARQ,D11,1,40,36,14,0.103096485,NK
GCCTTAGAGTCAGGCC-14-s4d8,GARQ,D11,1,40,36,5,0.0526188,Naive CD20+ B
GCTTACCTCTCATCAT-14-s4d8,GARQ,D11,1,40,36,33,0.061751485,cDC2
TGTTGTTTCAAACCGT-14-s4d8,GARQ,D11,1,40,36,10,0.0147666335,Naive CD20+ B
CGCTTCTAGCTCAAAC-14-s4d8,GARQ,D11,1,40,36,23,0.005023569,CD8+ T
TGGTAAACAACTAGGG-14-s4d8,GARQ,D11,1,40,36,14,0.07536197,CD8+ T
GCCTCCATCTTTGTAC-14-s4d8,GARQ,D11,1,40,36,24,0.015160829,cDC2
TCCGCCATCTTGTCCA-14-s4d8,GARQ,D11,1,40,36,17,0.065571785,Naive CD20+ B
AAGCCACGTGACATAT-14-s4d8,GARQ,D11,1,40,36,33,0.34283996,CD16+ Mono
AGCTATATCTTAGCCC-14-s4d8,GARQ,D11,1,40,36,14,0.117886424,CD8+ T
GCATCCTTCGTTTCGC-14-s4d8,GARQ,D11,1,40,36,29,0.021054149,B1 B
CGGCTAATCCTCAGCT-14-s4d8,GARQ,D11,1,40,36,21,0.18045771,Proerythroblast
AGCTTAATCCCGTTTA-14-s4d8,GARQ,D11,1,40,36,17,0.014849901,Naive CD20+ B
CCTAATCGTCATCCTG-14-s4d8,GARQ,D11,1,40,36,11,0.019194901,CD14+ Mono
GGACTAAAGCAGGTTT-14-s4d8,GARQ,D11,1,40,36,33,0.16129923,CD16+ Mono
TGTTGGCCAGCACCAT-14-s4d8,GARQ,D11,1,40,36,18,0.137658,CD8+ T
TTGTGTGCAATTGACT-14-s4d8,GARQ,D11,1,40,36,18,0.46724737,CD4+ T activated
ATGGTTATCTTAGGGT-14-s4d8,GARQ,D11,1,40,36,3,0.026127279,Naive CD20+ B
GACACCGGTCCTAATC-14-s4d8,GARQ,D11,1,40,36,21,0.47446084,Proerythroblast
CGGTGAACAAAGCTCC-14-s4d8,GARQ,D11,1,40,36,18,0.23470467,CD8+ T
GGATGTAAGGTAACGA-14-s4d8,GARQ,D11,1,40,36,14,0.13397712,CD8+ T
ATGTTCAAGAAACTGG-14-s4d8,GARQ,D11,1,40,36,30,0.13249764,CD14+ Mono
CAATCGCCAACCTAAT-14-s4d8,GARQ,D11,1,40,36,5,0.17072964,Transitional B
GAGTTTGGTTACTTGC-14-s4d8,GARQ,D11,1,40,36,14,0.06232816,CD8+ T
TTGGAGGCAGTAATAG-14-s4d8,GARQ,D11,1,40,36,31,0.013822496,Plasma cell
GGTTAGCGTATTGGTG-14-s4d8,GARQ,D11,1,40,36,32,0.058274508,CD8+ T
AGCTTCCTCATGTCAA-14-s4d8,GARQ,D11,1,40,36,8,0.20330453,CD8+ T
CTTAGGAGTACCGTTT-14-s4d8,GARQ,D11,1,40,36,5,0.052774787,B1 B
GCTCACAAGGAGGCAT-14-s4d8,GARQ,D11,1,40,36,21,0.30180454,Proerythroblast
CATGCAAGTGAATCGC-14-s4d8,GARQ,D11,1,40,36,14,0.0764935,CD8+ T
ACTATGTCACAATGCC-14-s4d8,GARQ,D11,1,40,36,2,0.0076494515,Naive CD20+ B
GGCTGTCAGGTCAAAG-14-s4d8,GARQ,D11,1,40,36,5,0.08166444,Lymph prog
ATTGACTCAGTAGCCT-14-s4d8,GARQ,D11,1,40,36,18,0.36113572,CD8+ T
GGGTGAAGTTCGCGCT-14-s4d8,GARQ,D11,1,40,36,18,0.23282391,CD8+ T
ACGTCCAAGAACAAGT-14-s4d8,GARQ,D11,1,40,36,33,0.0063580573,CD14+ Mono
ATGGTGCGTATCTGGA-14-s4d8,GARQ,D11,1,40,36,5,0.034789562,B1 B
CAAACATGTATACTGG-14-s4d8,GARQ,D11,1,40,36,8,0.019765317,Normoblast
CAATAAGCAACACCTA-14-s4d8,GARQ,D11,1,40,36,29,0.028536797,Naive CD20+ B
AATGAAGGTGGTTATG-14-s4d8,GARQ,D11,1,40,36,5,0.01567167,Naive CD20+ B
TCATCCATCCGGGACT-14-s4d8,GARQ,D11,1,40,36,8,0.13366479,CD8+ T
GATAAAGGTTGTTCAC-14-s4d8,GARQ,D11,1,40,36,38,0.016256213,CD8+ T
TTTGCGGAGGCATTAC-14-s4d8,GARQ,D11,1,40,36,38,0.009000659,CD8+ T
GAAGCTAAGTTGTCAA-14-s4d8,GARQ,D11,1,40,36,21,0.34665203,Proerythroblast
AGAAACCCAGTCTATG-14-s4d8,GARQ,D11,1,40,36,18,0.22677225,CD4+ T naive
TGTCCTTCACAGAACG-14-s4d8,GARQ,D11,1,40,36,14,0.20310968,NK
CTCTCACAGGCCGGAA-14-s4d8,GARQ,D11,1,40,36,18,0.054394007,CD8+ T
GCTTTATTCTCCATGC-14-s4d8,GARQ,D11,1,40,36,14,0.07499117,CD8+ T
GTGCGCAGTTTGTGGA-14-s4d8,GARQ,D11,1,40,36,21,0.24960941,Proerythroblast
CCTAAATCAAATTCGT-14-s4d8,GARQ,D11,1,40,36,18,0.034817934,CD8+ T
TGGGCATGTACGGTAC-14-s4d8,GARQ,D11,1,40,36,18,0.042334795,CD8+ T
CATAGGTTCATGCATA-14-s4d8,GARQ,D11,1,40,36,14,0.22485578,CD8+ T
TCCAGGTCACGTAATT-14-s4d8,GARQ,D11,1,40,36,8,0.06869495,CD8+ T
ACAGGATCATTGGGAG-14-s4d8,GARQ,D11,1,40,36,18,0.02347833,CD8+ T
AGGATATAGGCTGTGC-14-s4d8,GARQ,D11,1,40,36,7,0.058418125,CD4+ T naive
TAGGAGTCAGCATTAT-14-s4d8,GARQ,D11,1,40,36,18,0.17882955,CD8+ T
GGTACTTAGGCGGGTA-14-s4d8,GARQ,D11,1,40,36,18,0.02846241,NK
CATCCCAGTTGTGACA-14-s4d8,GARQ,D11,1,40,36,21,0.27038455,Proerythroblast
AGTGAACCACTAGCGT-14-s4d8,GARQ,D11,1,40,36,32,0.020410597,CD8+ T
GAAGGAACAGGTATTT-14-s4d8,GARQ,D11,1,40,36,18,0.33026552,CD4+ T activated
GTCTATCGTTTAAAGC-14-s4d8,GARQ,D11,1,40,36,29,0.0072485805,B1 B
ACCACACCAGTCTATG-14-s4d8,GARQ,D11,1,40,36,38,0.001354754,CD8+ T
ACGCACGGTGATCAGC-14-s4d8,GARQ,D11,1,40,36,21,0.2895981,Proerythroblast
AGCCAGTGTCTCACTG-14-s4d8,GARQ,D11,1,40,36,4,0.038378835,CD8+ T
TCCAGGTCAGGCATGA-14-s4d8,GARQ,D11,1,40,36,8,0.002061367,CD8+ T
TGACCAAGTTAGCTGA-14-s4d8,GARQ,D11,1,40,36,32,0.031947255,CD8+ T
CATGGATTCAGGTCCA-14-s4d8,GARQ,D11,1,40,36,8,0.07705921,CD8+ T
AACGGTAAGAGGCTAA-14-s4d8,GARQ,D11,1,40,36,27,0.017880261,NK
TGTTGCACATTTGCTC-14-s4d8,GARQ,D11,1,40,36,18,0.07467997,CD4+ T activated
CGCAATCCATTAGGCC-14-s4d8,GARQ,D11,1,40,36,18,0.043890715,NK
GTTTGCTGTGGATTGC-14-s4d8,GARQ,D11,1,40,36,8,0.012794316,Erythroblast
AGAGAAGCATCCCTCA-14-s4d8,GARQ,D11,1,40,36,21,0.36283565,Proerythroblast
GAGGCAAGTCACCAAA-14-s4d8,GARQ,D11,1,40,36,14,0.24106383,CD8+ T
AACAAAGGTTCGGTAA-14-s4d8,GARQ,D11,1,40,36,23,0.02223581,CD4+ T naive
TCTTTGTAGCCATCAG-14-s4d8,GARQ,D11,1,40,36,8,0.3794983,CD8+ T
TTGCTTTAGCTACTGG-14-s4d8,GARQ,D11,1,40,36,18,0.03673184,NK
AGTAACCTCCATAAGC-14-s4d8,GARQ,D11,1,40,36,21,0.21968007,HSC
TCATACTTCATTAGGC-14-s4d8,GARQ,D11,1,40,36,14,0.08821797,CD8+ T
CAAGTGAAGGTGAAGC-14-s4d8,GARQ,D11,1,40,36,8,0.035276413,CD8+ T
TCAGTAGGTCACGAAC-14-s4d8,GARQ,D11,1,40,36,30,0.13124925,MK/E prog
AGGGCCTTCTTGAGGT-14-s4d8,GARQ,D11,1,40,36,18,0.031371236,CD4+ T activated
AGCGTGCTCTTAGCGG-14-s4d8,GARQ,D11,1,40,36,33,0.10380468,cDC2
ATAGATGCACGGTTTA-14-s4d8,GARQ,D11,1,40,36,14,0.2147063,CD8+ T
CTAACCCTCTTAGGGT-14-s4d8,GARQ,D11,1,40,36,21,0.15006441,CD14+ Mono
GTGGCTTCACAATTAC-14-s4d8,GARQ,D11,1,40,36,21,0.1112833,MK/E prog
GGTATTTCAAGCGATG-14-s4d8,GARQ,D11,1,40,36,18,0.13629907,CD4+ T activated
CTAATGTCAACACCTA-14-s4d8,GARQ,D11,1,40,36,14,0.08647847,CD8+ T
ACGTTACAGTGTGATC-14-s4d8,GARQ,D11,1,40,36,11,0.011308551,CD14+ Mono
CAATGCCCATACCCGG-14-s4d8,GARQ,D11,1,40,36,29,0.065122485,CD4+ T naive
TGGCCTTTCGATTTGA-14-s4d8,GARQ,D11,1,40,36,21,0.295538,Proerythroblast
GGGCTAACACAGAAAC-14-s4d8,GARQ,D11,1,40,36,23,0.045433998,CD4+ T activated
TAGTAGGAGCCTGTGA-14-s4d8,GARQ,D11,1,40,36,37,0.022219002,Naive CD20+ B
CCAGTTTGTTGAAGCC-14-s4d8,GARQ,D11,1,40,36,18,0.013097405,CD8+ T
TTTGTCCCATTGTCAG-14-s4d8,GARQ,D11,1,40,36,18,0.34775996,CD8+ T
TCATACTTCAGGTCCA-14-s4d8,GARQ,D11,1,40,36,27,0.075532466,CD4+ T naive
ACTTGTAAGTTAGTTG-14-s4d8,GARQ,D11,1,40,36,11,0.06555027,CD8+ T
GGTCCATCACAAGCCT-14-s4d8,GARQ,D11,1,40,36,2,0.13654467,CD14+ Mono
GCAATGAAGTTACCGG-14-s4d8,GARQ,D11,1,40,36,33,0.024210215,CD14+ Mono
GATGGCTGTCAAAGGG-14-s4d8,GARQ,D11,1,40,36,18,0.08988458,CD8+ T
CGATCCTTCGAGCAAA-14-s4d8,GARQ,D11,1,40,36,23,0.053075373,CD4+ T naive
GAAAGGCTCATTTGCT-14-s4d8,GARQ,D11,1,40,36,18,0.16120839,CD8+ T
GGTTATGGTGGAGCAA-14-s4d8,GARQ,D11,1,40,36,5,0.025162399,Transitional B
AGTAACACATAAGTTC-14-s4d8,GARQ,D11,1,40,36,23,0.029411793,CD4+ T naive
CATGCATAGTTATGGC-14-s4d8,GARQ,D11,1,40,36,7,0.075689554,NK
ATGGCTAGTTAATGCG-14-s4d8,GARQ,D11,1,40,36,10,0.004339874,Naive CD20+ B
CAAAGCGCAGCCGCTA-14-s4d8,GARQ,D11,1,40,36,18,0.05396831,CD8+ T
CTTCACTCATTAAAGG-14-s4d8,GARQ,D11,1,40,36,21,0.33149076,Proerythroblast
AAACATGCAATTAACC-14-s4d8,GARQ,D11,1,40,36,18,0.25253808,CD8+ T
CATTATGAGCACAGAA-14-s4d8,GARQ,D11,1,40,36,14,0.02181983,CD8+ T
CTTGAACAGTTAGCCG-14-s4d8,GARQ,D11,1,40,36,21,0.022790194,Erythroblast
TGTTAGCAGTCAGTAC-14-s4d8,GARQ,D11,1,40,36,2,0.0052334666,Naive CD20+ B
TCCATAAAGGACAACA-14-s4d8,GARQ,D11,1,40,36,14,0.18674195,CD8+ T
TTTAGGATCTAACTGA-14-s4d8,GARQ,D11,1,40,36,27,0.004597366,CD8+ T
GTTCCTTCAATGAGGT-14-s4d8,GARQ,D11,1,40,36,21,0.52149796,Proerythroblast
TGCATTAAGGAACACA-14-s4d8,GARQ,D11,1,40,36,39,0.0014848709,Transitional B
TGTTATGAGTCATTTC-14-s4d8,GARQ,D11,1,40,36,8,0.1475726,CD8+ T
GCTAGTGTCCCTGACT-14-s4d8,GARQ,D11,1,40,36,14,0.0050085783,CD8+ T
AGCTAAACATTGACAT-14-s4d8,GARQ,D11,1,40,36,14,0.053579688,CD8+ T
CCCTCAGTCTAACTGA-14-s4d8,GARQ,D11,1,40,36,21,0.054381967,Proerythroblast
TCTAAGGGTCCCGGAA-14-s4d8,GARQ,D11,1,40,36,8,0.09029558,Erythroblast
CCGCAAGGTGGTTATG-14-s4d8,GARQ,D11,1,40,36,29,0.032488346,B1 B
CAAACACTCCGCCTCA-14-s4d8,GARQ,D11,1,40,36,20,0.033982515,HSC
GGGCCTAGTTAGACCA-14-s4d8,GARQ,D11,1,40,36,2,0.017054081,B1 B
GTCATCCTCTTAGCCC-14-s4d8,GARQ,D11,1,40,36,18,0.12948471,CD4+ T activated
TCGCGAGGTTCCGGCT-14-s4d8,GARQ,D11,1,40,36,18,0.410218,CD8+ T
AGAGGAACACAACAGG-14-s4d8,GARQ,D11,1,40,36,32,0.05562496,CD8+ T
CTAACCACATCCAGGT-14-s4d8,GARQ,D11,1,40,36,18,0.037514627,NK
GCGCAAACACAAGCCT-14-s4d8,GARQ,D11,1,40,36,23,0.085886896,CD4+ T activated
AGGCAATCAACACTTG-14-s4d8,GARQ,D11,1,40,36,18,0.31940567,CD8+ T
GTGTGCGGTTCCGGGA-14-s4d8,GARQ,D11,1,40,36,21,0.2816901,Proerythroblast
GCCTACTTCGCTCCAT-14-s4d8,GARQ,D11,1,40,36,14,0.010281205,CD8+ T
TTGTCCATCTAACCAA-14-s4d8,GARQ,D11,1,40,36,18,0.027911782,CD4+ T naive
TCTAAGGGTAATCGTG-14-s4d8,GARQ,D11,1,40,36,18,0.124753356,CD8+ T
GATTCATCATCCAGGT-14-s4d8,GARQ,D11,1,40,36,18,0.022767186,CD8+ T
TGTAAAGCAGTTGCGT-14-s4d8,GARQ,D11,1,40,36,18,0.259493,CD8+ T
ATGGCCGGTTGACTTC-14-s4d8,GARQ,D11,1,40,36,21,0.1925478,Proerythroblast
CGCTTCTAGCACTAGT-14-s4d8,GARQ,D11,1,40,36,21,0.04726112,CD14+ Mono
CATTATGAGGATCACT-14-s4d8,GARQ,D11,1,40,36,18,0.23194635,CD8+ T
AAAGGCTCAGCAACCT-14-s4d8,GARQ,D11,1,40,36,18,0.05676949,CD4+ T activated
CCTTACTCAAACCTAT-14-s4d8,GARQ,D11,1,40,36,33,0.10134429,cDC2
AACGCCCAGGAGTCGG-14-s4d8,GARQ,D11,1,40,36,21,0.34693325,Proerythroblast
AGCGCCTAGCCACAAT-14-s4d8,GARQ,D11,1,40,36,8,0.09118211,CD8+ T
CGTATTGCATTGTGGC-14-s4d8,GARQ,D11,1,40,36,21,0.25710323,Proerythroblast
ACGAATCTCACAGACT-14-s4d8,GARQ,D11,1,40,36,18,0.12616712,CD8+ T
GCGGATACAAGCTTAT-14-s4d8,GARQ,D11,1,40,36,5,0.083723366,Transitional B
ATCCATAAGGCTCATG-14-s4d8,GARQ,D11,1,40,36,18,0.19046259,CD4+ T activated
CGTTTCTCAACAGGTG-14-s4d8,GARQ,D11,1,40,36,21,0.122574985,Proerythroblast
ATGCAAACATTGTCAG-14-s4d8,GARQ,D11,1,40,36,23,0.0022140145,CD8+ T
CTAGCGGGTAATAACC-14-s4d8,GARQ,D11,1,40,36,18,0.11975622,CD4+ T activated
CTTCACTCACATACTG-14-s4d8,GARQ,D11,1,40,36,2,0.10157204,Naive CD20+ B
GATAAGCCAGTCTATG-14-s4d8,GARQ,D11,1,40,36,18,0.1834017,CD8+ T
CCACTTGGTATCTGGA-14-s4d8,GARQ,D11,1,40,36,14,0.17867911,CD8+ T
GACCTGATCTACTAAG-14-s4d8,GARQ,D11,1,40,36,15,0.13597256,Transitional B
TAAACAGCATAATCGT-14-s4d8,GARQ,D11,1,40,36,18,0.12712315,CD8+ T
GGATAACCATAGCTTG-14-s4d8,GARQ,D11,1,40,36,18,0.13654876,CD8+ T
CCTTCAATCGAGGAAC-14-s4d8,GARQ,D11,1,40,36,29,0.07336259,Naive CD20+ B
CTTATTGGTGCATCGG-14-s4d8,GARQ,D11,1,40,36,7,0.055252373,CD8+ T
GCACTTACATTAAAGG-14-s4d8,GARQ,D11,1,40,36,8,0.09835547,CD8+ T
ACCCGTAAGGAACCAA-14-s4d8,GARQ,D11,1,40,36,21,0.014328569,CD14+ Mono
TAATCCGCACAATACT-14-s4d8,GARQ,D11,1,40,36,8,0.210688,CD8+ T
CTAGTTGCATTATGAC-14-s4d8,GARQ,D11,1,40,36,8,0.20239747,Erythroblast
AGGAACGGTGGTTATG-14-s4d8,GARQ,D11,1,40,36,23,0.03885168,CD4+ T activated
CATCCTGGTTTGCAGA-14-s4d8,GARQ,D11,1,40,36,18,0.095455885,CD4+ T activated
GGTTTAATCGCTCCAT-14-s4d8,GARQ,D11,1,40,36,2,0.026681244,Naive CD20+ B
TGGTTCCTCGTCAAGT-14-s4d8,GARQ,D11,1,40,36,27,0.038935184,CD8+ T
GCGAAGTAGACAAACG-14-s4d8,GARQ,D11,1,40,36,18,0.0216707,CD8+ T
TTGGCTGAGTCAGGCC-14-s4d8,GARQ,D11,1,40,36,18,0.046589136,CD8+ T
GATCAGTTCTGGCAAT-14-s4d8,GARQ,D11,1,40,36,14,0.1755979,CD8+ T
GATGCATTCAGGAACA-14-s4d8,GARQ,D11,1,40,36,14,0.023589492,CD8+ T
TCAGGAGCACCTATAG-14-s4d8,GARQ,D11,1,40,36,0,0.014440358,CD8+ T
TGCAATATCAGTGAAG-14-s4d8,GARQ,D11,1,40,36,18,0.07016486,CD8+ T
TTGTTTGGTTTACGTC-14-s4d8,GARQ,D11,1,40,36,18,0.1461662,CD4+ T activated
ACGTCAAGTTTATTCG-14-s4d8,GARQ,D11,1,40,36,18,0.086592436,CD4+ T naive
GGTCAAGCAATGCCCG-14-s4d8,GARQ,D11,1,40,36,14,0.021706223,CD8+ T
TCCGCCATCATTGTTC-14-s4d8,GARQ,D11,1,40,36,27,0.073833704,CD8+ T
TTGCTTTAGGAAGTAT-14-s4d8,GARQ,D11,1,40,36,2,0.0197663,cDC2
TTCCTCAAGACAAAGT-14-s4d8,GARQ,D11,1,40,36,8,0.08442247,CD8+ T
CCGCAAGGTTACAAAC-14-s4d8,GARQ,D11,1,40,36,38,0.07926607,NK
ACTCACTGTAGACAAA-14-s4d8,GARQ,D11,1,40,36,27,0.07381743,CD4+ T naive
GAGTAATAGGCTGTCA-14-s4d8,GARQ,D11,1,40,36,27,0.09543836,CD8+ T
CGCATTACAAAGGCCA-14-s4d8,GARQ,D11,1,40,36,21,0.14576668,Proerythroblast
CCTACTTCACTTAGGC-14-s4d8,GARQ,D11,1,40,36,33,0.058153957,CD14+ Mono
TTGTAAGTCCCTGGAA-14-s4d8,GARQ,D11,1,40,36,14,0.013901472,CD8+ T
GTTACCTGTGCTCCGT-14-s4d8,GARQ,D11,1,40,36,18,0.3320874,CD8+ T
AGAAACCCATCCAGGT-14-s4d8,GARQ,D11,1,40,36,18,0.17641842,CD4+ T naive
CCAAACCCACCGGTAT-14-s4d8,GARQ,D11,1,40,36,32,0.011117041,CD8+ T
CGTGAGGAGTTATCCT-14-s4d8,GARQ,D11,1,40,36,5,0.11597082,B1 B
GCCTACTTCTAATCCT-14-s4d8,GARQ,D11,1,40,36,23,0.088193,CD8+ T
ACGACAAAGCCTAACG-14-s4d8,GARQ,D11,1,40,36,5,0.13854718,Transitional B
CAACCCTTCCTAAGGT-14-s4d8,GARQ,D11,1,40,36,14,0.2473939,CD8+ T
GATGCATTCCATCAGG-14-s4d8,GARQ,D11,1,40,36,27,0.06006545,CD8+ T
GCTCATTGTTACTTGC-14-s4d8,GARQ,D11,1,40,36,21,0.088929415,Erythroblast
GCAGGCAAGAAAGGAA-14-s4d8,GARQ,D11,1,40,36,23,0.023309112,CD8+ T
AATGAAGGTCAGGCCA-14-s4d8,GARQ,D11,1,40,36,32,0.06501636,CD8+ T
CACTGACCACTAAGTT-14-s4d8,GARQ,D11,1,40,36,21,0.31403053,Erythroblast
CGATTCCTCGATCAGT-14-s4d8,GARQ,D11,1,40,36,14,0.33982408,CD8+ T
GCTCGATCAATAACCT-14-s4d8,GARQ,D11,1,40,36,23,0.08581805,CD8+ T
TGTAAGCTCCATAAGC-14-s4d8,GARQ,D11,1,40,36,15,0.10446894,Lymph prog
GGTTTAATCGCTCACT-14-s4d8,GARQ,D11,1,40,36,11,0.24285245,G/M prog
CCCTCACCAAGGTCCT-14-s4d8,GARQ,D11,1,40,36,21,0.17208445,Proerythroblast
AACAGGATCGGCTATG-14-s4d8,GARQ,D11,1,40,36,14,0.07524228,CD8+ T
CAGGAAGGTGCTGTAA-14-s4d8,GARQ,D11,1,40,36,15,0.105222344,Transitional B
GAGTGATCACGAATTT-14-s4d8,GARQ,D11,1,40,36,18,0.1550194,CD8+ T
TCCATAAAGGTCCGTA-14-s4d8,GARQ,D11,1,40,36,21,0.27243388,Proerythroblast
TGTGGCTCAAACGCGA-14-s4d8,GARQ,D11,1,40,36,21,0.24342746,Proerythroblast
GATCGCTCAACTAGGG-14-s4d8,GARQ,D11,1,40,36,5,0.2144329,Lymph prog
AATTGCTCACACCAAC-14-s4d8,GARQ,D11,1,40,36,38,0.055677533,CD8+ T
TTAACCAAGCCTTAAA-14-s4d8,GARQ,D11,1,40,36,24,0.17498237,CD14+ Mono
CTATGGCCAAACCCTA-14-s4d8,GARQ,D11,1,40,36,14,0.031031251,CD4+ T activated
GCCTGACAGGTTTACA-14-s4d8,GARQ,D11,1,40,36,18,0.104227304,CD8+ T
TTGAGCTAGCGGTTAT-14-s4d8,GARQ,D11,1,40,36,21,0.04118675,Erythroblast
CTGCTCCCATATAACC-14-s4d8,GARQ,D11,1,40,36,5,0.15271574,Transitional B
ACAACAGAGGAGGACT-14-s4d8,GARQ,D11,1,40,36,14,0.22324789,CD8+ T
GAGTTTGGTTTGACCT-14-s4d8,GARQ,D11,1,40,36,8,0.02604556,NK
GTGTAACTCAGCAAAG-14-s4d8,GARQ,D11,1,40,36,14,0.08183944,CD8+ T
TCCACAACAGAAATGC-14-s4d8,GARQ,D11,1,40,36,23,0.0546124,cDC2
CAGCATGTCTCAATAG-14-s4d8,GARQ,D11,1,40,36,18,0.11857653,CD8+ T
TGTGGCTCAAAGCTCC-14-s4d8,GARQ,D11,1,40,36,5,0.16986302,B1 B
GGTCGGTTCGTTCACC-14-s4d8,GARQ,D11,1,40,36,23,0.047356725,CD4+ T naive
TCAAGGAAGTACCGCA-14-s4d8,GARQ,D11,1,40,36,18,0.02083528,CD8+ T
TGAGTGAAGCCGCAAC-14-s4d8,GARQ,D11,1,40,36,29,0.006670177,Naive CD20+ B
GAGGCAAGTACCGTTT-14-s4d8,GARQ,D11,1,40,36,27,0.07623756,CD4+ T activated
ACCACACCAGAACCGA-14-s4d8,GARQ,D11,1,40,36,20,0.32975748,Transitional B
TTGGATTCAGGACCTT-14-s4d8,GARQ,D11,1,40,36,21,0.08218169,Lymph prog
GTGCACGGTTTGTGGA-14-s4d8,GARQ,D11,1,40,36,11,0.068492115,G/M prog
TACTTGTTCATTACAG-14-s4d8,GARQ,D11,1,40,36,5,0.117064536,Transitional B
TGAGGCACATGAAATG-14-s4d8,GARQ,D11,1,40,36,36,0.027530372,B1 B
AGCTTCCTCATGACCG-14-s4d8,GARQ,D11,1,40,36,23,0.04472676,Naive CD20+ B
TTTAGCTTCAAAGGCA-14-s4d8,GARQ,D11,1,40,36,36,0.06234318,CD8+ T
CACATACAGGATAAAC-14-s4d8,GARQ,D11,1,40,36,14,0.10141897,NK
AACAAGCCACAATGTT-14-s4d8,GARQ,D11,1,40,36,36,0.013061762,CD4+ T activated
GTTTGTAAGCTTATGA-14-s4d8,GARQ,D11,1,40,36,21,0.70709944,Erythroblast
CTTTGGGAGAAGGTGC-14-s4d8,GARQ,D11,1,40,36,23,0.18939242,Plasma cell
TACAAGCTCGAGCTAT-14-s4d8,GARQ,D11,1,40,36,15,0.07847929,Lymph prog
TAGGAACCAATTATGC-14-s4d8,GARQ,D11,1,40,36,27,0.016466558,CD8+ T
GTGAGGAGTTGCTGGG-14-s4d8,GARQ,D11,1,40,36,18,0.31469178,CD4+ T activated
CTCCGTCCAATTGAAG-14-s4d8,GARQ,D11,1,40,36,17,0.0065434575,cDC2
TGCTTCATCTGTGAGT-14-s4d8,GARQ,D11,1,40,36,23,0.07238251,CD4+ T activated
GAAACTGAGTTCCTGC-14-s4d8,GARQ,D11,1,40,36,18,0.05489838,CD4+ T activated
CGCACAATCGACCTGA-14-s4d8,GARQ,D11,1,40,36,14,0.202492,CD8+ T
TCCAGGTCAATGCGCT-14-s4d8,GARQ,D11,1,40,36,7,0.0689019,CD4+ T activated
GGATACTTCAATCATG-14-s4d8,GARQ,D11,1,40,36,18,0.1917342,CD8+ T
TAGCCGGGTCCTAACT-14-s4d8,GARQ,D11,1,40,36,7,0.020920575,CD8+ T
TCATTGTTCCCTTGCG-14-s4d8,GARQ,D11,1,40,36,27,0.1801126,CD8+ T
GTTGGCCAGGCGGATG-14-s4d8,GARQ,D11,1,40,36,8,0.0869959,CD8+ T
GGCGATACACCTATAG-14-s4d8,GARQ,D11,1,40,36,21,0.19199628,MK/E prog
TCTGTGACAGAATGAC-14-s4d8,GARQ,D11,1,40,36,21,0.09807435,Normoblast
CCTGATGAGCCGCTTT-14-s4d8,GARQ,D11,1,40,36,21,0.23053747,Proerythroblast
ACGAATCTCTGTAATG-14-s4d8,GARQ,D11,1,40,36,18,0.11350489,CD8+ T
GTTAGACTCTTGAGGT-14-s4d8,GARQ,D11,1,40,36,14,0.02736181,CD8+ T
AACCGGCTCAGTATTG-14-s4d8,GARQ,D11,1,40,36,21,0.050328612,Proerythroblast
TACGTTAAGTTAACCA-14-s4d8,GARQ,D11,1,40,36,33,0.05121976,CD14+ Mono
ACACTAATCCCGCAAA-14-s4d8,GARQ,D11,1,40,36,21,0.2150864,Proerythroblast
TCATGCCTCTAATTGG-14-s4d8,GARQ,D11,1,40,36,32,0.05461955,NK
GGTCTTTGTGCTTAGA-14-s4d8,GARQ,D11,1,40,36,21,0.273085,Proerythroblast
CAGGTTAGTCCTCCAA-14-s4d8,GARQ,D11,1,40,36,11,0.09355351,G/M prog
GAGTTGCGTCATCATC-14-s4d8,GARQ,D11,1,40,36,21,0.16038483,Erythroblast
TTTAACCTCCGGGACT-14-s4d8,GARQ,D11,1,40,36,33,0.14993757,CD14+ Mono
TGATTAGTCTCGCCTG-14-s4d8,GARQ,D11,1,40,36,8,0.055125654,CD8+ T
GCCTTTGGTTCATTTG-14-s4d8,GARQ,D11,1,40,36,1,0.010729462,Lymph prog
GTCTATGCACAGAAAC-14-s4d8,GARQ,D11,1,40,36,14,0.21278763,CD8+ T
CCTTGTTCACTAGCGT-14-s4d8,GARQ,D11,1,40,36,21,0.5094203,Proerythroblast
CTAACCACACTGACTA-14-s4d8,GARQ,D11,1,40,36,8,0.09516293,CD8+ T
CGTTTCTCAGCAACCT-14-s4d8,GARQ,D11,1,40,36,33,0.034545302,CD14+ Mono
CTCGCTCCACGTTACA-14-s4d8,GARQ,D11,1,40,36,21,0.17684096,Transitional B
ATGTTCAAGGTCTTGG-14-s4d8,GARQ,D11,1,40,36,32,0.07397157,CD8+ T
CTTTCTTGTTGGTGAC-14-s4d8,GARQ,D11,1,40,36,18,0.09277663,CD4+ T activated
GGCTGGTTCCAATTAG-14-s4d8,GARQ,D11,1,40,36,21,0.29220045,Erythroblast
GTCAAACTCCAATTAG-14-s4d8,GARQ,D11,1,40,36,20,0.06057352,Transitional B
TCCAGCAAGGTCCAAT-14-s4d8,GARQ,D11,1,40,36,14,0.08469713,CD8+ T
AATCATCCAGAATGAC-14-s4d8,GARQ,D11,1,40,36,5,0.07765967,Transitional B
AACCTTGCACTGGCCA-14-s4d8,GARQ,D11,1,40,36,20,0.20494568,Transitional B
GATTATGTCAAGTGAG-14-s4d8,GARQ,D11,1,40,36,18,0.009376705,CD8+ T
AGGTTTGGTCGCAATA-14-s4d8,GARQ,D11,1,40,36,5,0.15262198,Transitional B
TTCCTCAAGGCTAGAA-14-s4d8,GARQ,D11,1,40,36,14,0.005864382,CD8+ T
CAGGAAGGTAGGTGTC-14-s4d8,GARQ,D11,1,40,36,18,0.20741999,CD8+ T
CGTACGGGTTCACTGT-14-s4d8,GARQ,D11,1,40,36,15,0.04737377,Transitional B
TCGATTAAGGCATGTT-14-s4d8,GARQ,D11,1,40,36,21,0.89363074,Proerythroblast
TAATGGTGTTGGATAT-14-s4d8,GARQ,D11,1,40,36,29,0.07545006,Naive CD20+ B
AGCGGATAGGTTAGCT-14-s4d8,GARQ,D11,1,40,36,14,0.013461351,CD8+ T
GCGATTAGTGTTGTAG-14-s4d8,GARQ,D11,1,40,36,23,0.10909259,CD8+ T
TTTGACTTCACGCGGT-14-s4d8,GARQ,D11,1,40,36,11,0.0503034,cDC2
GGCCTTAAGTTTGTCT-14-s4d8,GARQ,D11,1,40,36,14,0.023912668,CD8+ T
AGAATCGAGCATTAGC-14-s4d8,GARQ,D11,1,40,36,14,0.0036312342,CD8+ T
CATGCATAGCTCCTTA-14-s4d8,GARQ,D11,1,40,36,14,0.04636091,NK
TCGTTAGCAATAATCC-14-s4d8,GARQ,D11,1,40,36,21,0.23781294,Proerythroblast
GTTCACCTCACTCAAA-14-s4d8,GARQ,D11,1,40,36,18,0.16054916,NK
GGGTTTGTCCACCTGT-14-s4d8,GARQ,D11,1,40,36,21,0.16669244,Proerythroblast
GGCTAGACAGAGGCTA-14-s4d8,GARQ,D11,1,40,36,18,0.23980796,CD8+ T
GATCAGTTCGAGCTAT-14-s4d8,GARQ,D11,1,40,36,33,0.12057936,CD14+ Mono
CTAGCGGGTCCCGGAA-14-s4d8,GARQ,D11,1,40,36,39,0.22516751,Lymph prog
CTCATCATCATCAGTA-14-s4d8,GARQ,D11,1,40,36,14,0.0035559535,CD4+ T activated
ACTAAAGCACAGCCAT-14-s4d8,GARQ,D11,1,40,36,36,0.008711338,Naive CD20+ B
ATATGTCCAACTCGCG-14-s4d8,GARQ,D11,1,40,36,18,0.06760186,CD4+ T naive
TTCGTTAGTTGGTGAC-14-s4d8,GARQ,D11,1,40,36,31,0.0077035427,CD4+ T activated
ACTTGCACAGCTTAGC-14-s4d8,GARQ,D11,1,40,36,14,0.26117808,CD8+ T
CGTTAGGTCGCAAACT-14-s4d8,GARQ,D11,1,40,36,14,0.03861952,CD8+ T
CACATACAGCGAGTAA-14-s4d8,GARQ,D11,1,40,36,23,0.039669514,cDC2
TTAGACTCATCCATCT-14-s4d8,GARQ,D11,1,40,36,18,0.30408728,CD8+ T
CGAACCGGTGTTTGAG-14-s4d8,GARQ,D11,1,40,36,21,0.055799603,Lymph prog
CTTCAATTCACCAATA-14-s4d8,GARQ,D11,1,40,36,2,0.080810785,Naive CD20+ B
CTATGGCCACTGGCTG-14-s4d8,GARQ,D11,1,40,36,14,0.08001751,CD8+ T
AGACAATAGTTATCCT-14-s4d8,GARQ,D11,1,40,36,18,0.24156684,CD8+ T
AAGCATGAGATTCCTT-14-s4d8,GARQ,D11,1,40,36,33,0.092011094,cDC2
TGTTACTTCCACCTGT-14-s4d8,GARQ,D11,1,40,36,14,0.0632838,CD8+ T
TATAGCTCAGATTCAT-14-s4d8,GARQ,D11,1,40,36,14,0.08507836,NK
CTCTAAGCAATTGACT-14-s4d8,GARQ,D11,1,40,36,18,0.054625154,CD4+ T naive
CTGGACCAGTTAGCCG-14-s4d8,GARQ,D11,1,40,36,20,0.17853838,Lymph prog
CTCCGGACAAGGAATC-14-s4d8,GARQ,D11,1,40,36,10,0.07167536,Naive CD20+ B
ATTCATGAGCGCTAAT-14-s4d8,GARQ,D11,1,40,36,18,0.15330935,CD8+ T
AATCCTAAGCAGGCCT-14-s4d8,GARQ,D11,1,40,36,2,0.097066104,Naive CD20+ B
GATGCAGCAACCTGGT-14-s4d8,GARQ,D11,1,40,36,5,0.07510337,B1 B
TGCATCCTCGCAACAT-14-s4d8,GARQ,D11,1,40,36,33,0.118250966,CD14+ Mono
ATATAGGCAACACCTA-14-s4d8,GARQ,D11,1,40,36,29,0.03650576,Plasma cell
CCACACAAGTGAACGA-14-s4d8,GARQ,D11,1,40,36,0,0.004043877,CD4+ T activated
CTGGTTACAAACAACA-14-s4d8,GARQ,D11,1,40,36,18,0.041615725,CD8+ T
CTGTAACAGGTCGATT-14-s4d8,GARQ,D11,1,40,36,21,0.17488348,Erythroblast
TGCCTGTTCCCTCATA-14-s4d8,GARQ,D11,1,40,36,29,0.17419195,Naive CD20+ B
GTTAAGCTCCTAAGGT-14-s4d8,GARQ,D11,1,40,36,18,0.046693027,CD8+ T
TAAGTAGCACCGTTCC-14-s4d8,GARQ,D11,1,40,36,5,0.17136401,Transitional B
AGTAGCTTCAGGCTAT-14-s4d8,GARQ,D11,1,40,36,18,0.06730789,CD8+ T
CAAGGTTTCACGCATG-14-s4d8,GARQ,D11,1,40,36,5,0.11224449,Naive CD20+ B
GGATGAATCTAGCGAT-14-s4d8,GARQ,D11,1,40,36,21,0.50455,Proerythroblast
TGAGGGCCACCTCACC-14-s4d8,GARQ,D11,1,40,36,21,0.09980059,Lymph prog
GAAACCCGTTTCGCGC-14-s4d8,GARQ,D11,1,40,36,27,0.016393483,CD4+ T activated
AATAGAGGTGTCACGG-14-s4d8,GARQ,D11,1,40,36,21,0.39795983,Erythroblast
GTAAGCTTCTAAGTCA-14-s4d8,GARQ,D11,1,40,36,36,0.14106905,Naive CD20+ B
ACCAAGCGTCAGGCAT-14-s4d8,GARQ,D11,1,40,36,14,0.0038195252,NK
AAGAATCAGTAACCAC-14-s4d8,GARQ,D11,1,40,36,14,0.11490649,CD8+ T
TCAAGACTCCAATAGC-14-s4d8,GARQ,D11,1,40,36,33,0.2178806,CD14+ Mono
CCTTCGTAGCGAAGTA-14-s4d8,GARQ,D11,1,40,36,8,0.15881896,CD8+ T
CTAATAGTCAACAAGG-14-s4d8,GARQ,D11,1,40,36,23,0.10596585,CD4+ T activated
TTCAGTTTCACCGGTA-14-s4d8,GARQ,D11,1,40,36,20,0.13422495,Transitional B
AGTAATCGTTGTCATC-14-s4d8,GARQ,D11,1,40,36,11,0.020931482,CD14+ Mono
CGCAATCCAATAACCT-14-s4d8,GARQ,D11,1,40,36,8,0.32702336,CD8+ T
AAGGCCCTCGGTACGC-14-s4d8,GARQ,D11,1,40,36,5,0.056608796,Transitional B
TTGCACACAAAGCTCC-14-s4d8,GARQ,D11,1,40,36,33,0.04684019,CD14+ Mono
ATGCGATTCGTTCACC-14-s4d8,GARQ,D11,1,40,36,18,0.10324645,CD8+ T
TCTTGTCCAGGCCAAA-14-s4d8,GARQ,D11,1,40,36,14,0.03142178,CD8+ T
CTGGCTAAGTTAGACC-14-s4d8,GARQ,D11,1,40,36,23,0.029989421,CD8+ T
CAGAACCGTCCTAATC-14-s4d8,GARQ,D11,1,40,36,5,0.08021736,B1 B
CGCGATTCAAGGTATA-14-s4d8,GARQ,D11,1,40,36,14,0.03476447,NK
GGTGAGTAGTCAGGCC-14-s4d8,GARQ,D11,1,40,36,18,0.38302055,CD4+ T activated
GGGCATGAGGCAATAG-14-s4d8,GARQ,D11,1,40,36,39,0.022360682,Transitional B
TGAACAACATCCTGAA-14-s4d8,GARQ,D11,1,40,36,5,0.108655035,Transitional B
TGCTTCCAGTCACTAA-14-s4d8,GARQ,D11,1,40,36,10,0.029422224,CD8+ T
TAGGCTGTCCGCAACA-14-s4d8,GARQ,D11,1,40,36,23,0.023138523,CD8+ T
CTCTGTTCAAAGCTCC-14-s4d8,GARQ,D11,1,40,36,18,0.05638188,CD8+ T
GTACTAATCGCCTAAG-14-s4d8,GARQ,D11,1,40,36,36,0.05081749,Normoblast
ACACCTTGTGTCACGG-14-s4d8,GARQ,D11,1,40,36,4,0.06315982,CD4+ T activated
TTTCTTGCATCCATCT-14-s4d8,GARQ,D11,1,40,36,14,0.05104667,CD8+ T
TAATGGACATTAGGTT-14-s4d8,GARQ,D11,1,40,36,29,0.14485383,B1 B
GCCTACTTCGGTAACT-14-s4d8,GARQ,D11,1,40,36,22,0.04017824,Naive CD20+ B
CCAGCTGCACAAAGAC-14-s4d8,GARQ,D11,1,40,36,18,0.14078164,CD8+ T
CTCTCACAGCACTAGT-14-s4d8,GARQ,D11,1,40,36,18,0.27670455,CD8+ T
ACCTGGTCACCTAATG-14-s4d8,GARQ,D11,1,40,36,18,0.21937728,CD8+ T
GTTAACCAGCTCAATA-14-s4d8,GARQ,D11,1,40,36,18,0.1979121,CD8+ T
CTTGTTCCAATCCTAG-14-s4d8,GARQ,D11,1,40,36,18,0.07641065,CD8+ T
GGGTCAACAAGTCGCT-14-s4d8,GARQ,D11,1,40,36,0,0.037704736,CD4+ T naive
CATCAGCCAGTCTAAT-14-s4d8,GARQ,D11,1,40,36,14,0.121533155,NK
TTGCATTTCGATTTGA-14-s4d8,GARQ,D11,1,40,36,39,0.050006747,Plasma cell
ATGACCAGTAGGATTT-14-s4d8,GARQ,D11,1,40,36,21,0.17397779,Erythroblast
TACCTGCTCCTTGCGT-14-s4d8,GARQ,D11,1,40,36,8,0.19376749,Normoblast
AGCTCATAGCATGTCG-14-s4d8,GARQ,D11,1,40,36,23,0.07213855,CD8+ T
CCCGCTTCAACACCTA-14-s4d8,GARQ,D11,1,40,36,39,0.039435744,Transitional B
GTTAATGTCCAACTGG-14-s4d8,GARQ,D11,1,40,36,21,0.21462506,Proerythroblast
TTTCGTCCAGTAGGAT-14-s4d8,GARQ,D11,1,40,36,8,0.028626055,CD8+ T
GTGCTTCTCTAATTGG-14-s4d8,GARQ,D11,1,40,36,18,0.32964444,CD8+ T
TAGCTTAAGGAACCGG-14-s4d8,GARQ,D11,1,40,36,21,0.18836111,Erythroblast
TCAACAATCATGTGGT-14-s4d8,GARQ,D11,1,40,36,29,0.11073339,Naive CD20+ B
GCGGTTATCTCGACCT-14-s4d8,GARQ,D11,1,40,36,29,0.06521076,Transitional B
GAACCAGCAGCACGAA-14-s4d8,GARQ,D11,1,40,36,10,0.007859349,Naive CD20+ B
GTCTAGCCAATTGACT-14-s4d8,GARQ,D11,1,40,36,18,0.026482701,CD8+ T
CGAAGGCCATTGCGTA-14-s4d8,GARQ,D11,1,40,36,33,0.17036748,CD14+ Mono
GTCCTAGAGGCGTAAA-14-s4d8,GARQ,D11,1,40,36,32,0.022064924,CD8+ T
GAGCAAATCTAATCCT-14-s4d8,GARQ,D11,1,40,36,14,0.037692547,CD8+ T
TTTCCGGGTCACACCC-14-s4d8,GARQ,D11,1,40,36,5,0.022367716,Naive CD20+ B
CACCTCAGTTGACTTC-14-s4d8,GARQ,D11,1,40,36,14,0.11702776,CD8+ T
TGCAATATCCATTACT-14-s4d8,GARQ,D11,1,40,36,21,0.1435433,Proerythroblast
TTGGATATCTTTAAGG-14-s4d8,GARQ,D11,1,40,36,8,0.031307787,Erythroblast
CTTCATCCATGGTTAT-14-s4d8,GARQ,D11,1,40,36,33,0.037148654,HSC
AAGCTATGTGCGCGTA-14-s4d8,GARQ,D11,1,40,36,21,0.22695935,Proerythroblast
GAACTTATCCATTACT-14-s4d8,GARQ,D11,1,40,36,14,0.05262196,CD8+ T
ACATTGCAGAATCTCA-14-s4d8,GARQ,D11,1,40,36,14,0.02573955,CD8+ T
GCGGTTGGTTCACTGT-14-s4d8,GARQ,D11,1,40,36,33,0.062130094,CD14+ Mono
TGATTGCAGTGCTGTG-14-s4d8,GARQ,D11,1,40,36,5,0.04821199,B1 B
TGCTCCGTCAAACCGT-14-s4d8,GARQ,D11,1,40,36,21,0.33564478,Erythroblast
CTACTTAGTGAAACAA-14-s4d8,GARQ,D11,1,40,36,21,0.3670993,Proerythroblast
TTTAACGAGCTCAAAC-14-s4d8,GARQ,D11,1,40,36,14,0.18200517,CD4+ T activated
AGCTACTAGATTCCTT-14-s4d8,GARQ,D11,1,40,36,15,0.16260153,Lymph prog
AGTCCTGAGTTATCTC-14-s4d8,GARQ,D11,1,40,36,5,0.11515921,Naive CD20+ B
CACCGGTAGGGTCTAT-14-s4d8,GARQ,D11,1,40,36,21,0.18455863,Proerythroblast
CTAAGTCAGGTCCTGA-14-s4d8,GARQ,D11,1,40,36,1,0.05498153,Normoblast
GTTCCTTCATTGGGAG-14-s4d8,GARQ,D11,1,40,36,14,0.025285572,CD8+ T
ACATAGCTCTTAATGG-14-s4d8,GARQ,D11,1,40,36,18,0.24597979,CD8+ T
ACTCCTCAGATAACCC-14-s4d8,GARQ,D11,1,40,36,18,0.10838288,CD4+ T activated
CTGATCACAAGGACCA-14-s4d8,GARQ,D11,1,40,36,36,0.06029457,Naive CD20+ B
GCACGCTAGCCTGTGA-14-s4d8,GARQ,D11,1,40,36,21,0.17340696,Erythroblast
CTAACCACACAGAAAC-14-s4d8,GARQ,D11,1,40,36,29,0.08528721,Naive CD20+ B
TCGACAAGTCAATACG-14-s4d8,GARQ,D11,1,40,36,14,0.08450663,CD8+ T
AGTAACCTCCTCACTA-14-s4d8,GARQ,D11,1,40,36,7,0.028781056,CD8+ T
GCAATGAAGGTCCACA-14-s4d8,GARQ,D11,1,40,36,21,0.13522142,HSC
GGAGGTTAGAGGATAT-14-s4d8,GARQ,D11,1,40,36,23,0.1597001,CD4+ T activated
TAGGGTTTCTGTTCAT-14-s4d8,GARQ,D11,1,40,36,5,0.1607422,Naive CD20+ B
GGGTTACGTGCAATGC-14-s4d8,GARQ,D11,1,40,36,5,0.010588348,B1 B
GGCATTAGTGCACGCA-14-s4d8,GARQ,D11,1,40,36,33,0.18212277,CD14+ Mono
TCTCAATTCGAGGTGG-14-s4d8,GARQ,D11,1,40,36,36,0.044857502,Naive CD20+ B
CTTACCTCATGAATCT-14-s4d8,GARQ,D11,1,40,36,38,0.05788377,Erythroblast
GATTCGCCACTGGCCA-14-s4d8,GARQ,D11,1,40,36,36,0.11151385,Naive CD20+ B
GGTCCTGCAATCCTGA-14-s4d8,GARQ,D11,1,40,36,2,0.026894748,B1 B
TTGTTGTTCGAAGTGA-14-s4d8,GARQ,D11,1,40,36,14,0.09399116,CD8+ T
CATTCATTCATTCATC-14-s4d8,GARQ,D11,1,40,36,21,0.28631926,MK/E prog
TGAGGTGCAATCCTGA-14-s4d8,GARQ,D11,1,40,36,21,0.2886293,Proerythroblast
GCAACAGCACAGGGAC-14-s4d8,GARQ,D11,1,40,36,33,0.12672544,CD14+ Mono
TGGCCATCACATAGCC-14-s4d8,GARQ,D11,1,40,36,18,0.16027567,CD4+ T activated
CCTCAGTTCGATTTGA-14-s4d8,GARQ,D11,1,40,36,23,0.13720244,CD4+ T naive
TGCGGTTCACAGGATG-14-s4d8,GARQ,D11,1,40,36,39,0.25829938,Transitional B
TAAACAGCAAGGCCAA-14-s4d8,GARQ,D11,1,40,36,18,0.0035897493,CD8+ T
CTGATCACACATAACT-14-s4d8,GARQ,D11,1,40,36,21,0.13923776,MK/E prog
TCTAAGGGTTATGTGG-14-s4d8,GARQ,D11,1,40,36,23,0.06429958,CD8+ T
ATATAGGCATGGAGGC-14-s4d8,GARQ,D11,1,40,36,8,0.04311371,CD8+ T
TTCGTTAGTAACGTGC-14-s4d8,GARQ,D11,1,40,36,5,0.16594326,Transitional B
CATAGGCGTTCCGGGA-14-s4d8,GARQ,D11,1,40,36,14,0.14530021,CD8+ T
AACAGGATCATGTTTC-14-s4d8,GARQ,D11,1,40,36,2,0.1679802,Naive CD20+ B
TCAGGAGCAGTTTGGC-14-s4d8,GARQ,D11,1,40,36,18,0.0031386018,CD8+ T
CCGTTAACAATGCCTA-14-s4d8,GARQ,D11,1,40,36,18,0.26584154,CD8+ T
GCCAATAGTATTGGTG-14-s4d8,GARQ,D11,1,40,36,8,0.1473237,Normoblast
TAACCGGTCTCCTCAA-14-s4d8,GARQ,D11,1,40,36,23,0.019694448,CD4+ T activated
GTGTGCGGTCTAACCT-14-s4d8,GARQ,D11,1,40,36,18,0.20504022,CD8+ T
GTTCACCTCGGTTTCC-14-s4d8,GARQ,D11,1,40,36,18,0.059426367,NK
AAGCGAATCCCTCTAA-14-s4d8,GARQ,D11,1,40,36,18,0.18782046,CD4+ T naive
GTGTTACAGCTGGAAA-14-s4d8,GARQ,D11,1,40,36,23,0.17523956,CD4+ T activated
CGATTGAGTTGAGGTC-14-s4d8,GARQ,D11,1,40,36,29,0.07172644,CD4+ T activated
GGTCCTGCAGTTTACG-14-s4d8,GARQ,D11,1,40,36,14,0.09282535,CD8+ T
AGTGCGGAGGCTAAGA-14-s4d8,GARQ,D11,1,40,36,21,0.18005192,Proerythroblast
CATCATGCAAGCTAAA-14-s4d8,GARQ,D11,1,40,36,14,0.013899803,CD8+ T
CAAGGGAGTAACGAGG-14-s4d8,GARQ,D11,1,40,36,0,0.06644097,CD14+ Mono
ACGAATCTCCCTGATC-14-s4d8,GARQ,D11,1,40,36,32,0.01200676,CD8+ T
GAAGGCTAGTTTCCTG-14-s4d8,GARQ,D11,1,40,36,21,0.23670411,Erythroblast
CGGCTCACATATAACC-14-s4d8,GARQ,D11,1,40,36,5,0.10301924,Naive CD20+ B
GCAAGCCTCGTTAAGC-14-s4d8,GARQ,D11,1,40,36,23,0.18167064,CD4+ T naive
CAGGGTGAGTTTGGGT-14-s4d8,GARQ,D11,1,40,36,21,0.49931514,Proerythroblast
GAGGCTACATTGTCAG-14-s4d8,GARQ,D11,1,40,36,33,0.16910148,CD14+ Mono
GCTATCCTCGTTAACA-14-s4d8,GARQ,D11,1,40,36,21,0.057917,Erythroblast
TAGGCTAGTTAACAGT-14-s4d8,GARQ,D11,1,40,36,18,0.04120767,CD8+ T
AAGTTACGTGCTGTAA-14-s4d8,GARQ,D11,1,40,36,27,0.115050554,CD8+ T
AGGTTAACAATACTGT-14-s4d8,GARQ,D11,1,40,36,2,0.08857846,B1 B
CCTAGTTGTTTGAGGC-14-s4d8,GARQ,D11,1,40,36,39,0.05106932,Transitional B
GAGCTAGCATTGTTGG-14-s4d8,GARQ,D11,1,40,36,29,0.06653035,CD8+ T
GTAGGCGAGCATGCAT-14-s4d8,GARQ,D11,1,40,36,5,0.09850699,Transitional B
GTCCAGGGTATTGGTG-14-s4d8,GARQ,D11,1,40,36,27,0.10194391,CD8+ T
GCTGAGGAGTGGACAA-14-s4d8,GARQ,D11,1,40,36,8,0.10765803,CD8+ T
CTCACTCAGCCGCAGT-14-s4d8,GARQ,D11,1,40,36,23,0.020338476,CD8+ T
AATATCCCAGTATGTT-14-s4d8,GARQ,D11,1,40,36,21,0.35577393,HSC
CTGCTATGTTCAAGCA-14-s4d8,GARQ,D11,1,40,36,29,0.041119218,Naive CD20+ B
CGCAATTAGGGTTATC-14-s4d8,GARQ,D11,1,40,36,8,0.08472657,NK
GGCTCACAGGCTACAT-14-s4d8,GARQ,D11,1,40,36,24,0.01955843,CD8+ T
TATAGCCAGCCAAATC-14-s4d8,GARQ,D11,1,40,36,8,0.057432473,CD8+ T
CGTAATGGTTACGCGG-14-s4d8,GARQ,D11,1,40,36,11,0.012716174,CD14+ Mono
CCCTCATAGCGAAGTA-14-s4d8,GARQ,D11,1,40,36,23,0.01853621,CD4+ T activated
CGCATATAGGCTGTGC-14-s4d8,GARQ,D11,1,40,36,8,0.035120487,CD8+ T
TCCATCATCTTAGCGG-14-s4d8,GARQ,D11,1,40,36,21,0.21758467,Erythroblast
TTTAGCAAGTCAATTG-14-s4d8,GARQ,D11,1,40,36,29,0.06506932,Transitional B
TTGGATATCCAAGTTA-14-s4d8,GARQ,D11,1,40,36,20,0.28178346,Transitional B
ACAGGTAAGCCATCAG-14-s4d8,GARQ,D11,1,40,36,18,0.12857324,NK
GTGTAACTCGAAGTGA-14-s4d8,GARQ,D11,1,40,36,21,0.04828334,Erythroblast
GGCGCTAGTCGCAATA-14-s4d8,GARQ,D11,1,40,36,5,0.05069256,Transitional B
CAATGAACAACAGCCT-14-s4d8,GARQ,D11,1,40,36,18,0.058601618,CD8+ T
ATTAGCTCACTTACAG-14-s4d8,GARQ,D11,1,40,36,18,0.29603875,NK
TTGTCCGGTCACGAAC-14-s4d8,GARQ,D11,1,40,36,29,0.08679706,Naive CD20+ B
CCCAAATAGAAAGCAT-14-s4d8,GARQ,D11,1,40,36,23,0.07292986,CD4+ T naive
GCCAATAGTTAAGGTT-14-s4d8,GARQ,D11,1,40,36,14,0.123699546,CD8+ T
TCAGTAGGTAGTTGGC-14-s4d8,GARQ,D11,1,40,36,20,0.15799016,Transitional B
ACTGAAACAATCCTAG-14-s4d8,GARQ,D11,1,40,36,5,0.16277075,Naive CD20+ B
GTGCTCAAGCATGACT-14-s4d8,GARQ,D11,1,40,36,29,0.03824681,Transitional B
GTTTGTTTCTTTAAGG-14-s4d8,GARQ,D11,1,40,36,18,0.00667125,CD8+ T
TCCCGGACAGTTTCTC-14-s4d8,GARQ,D11,1,40,36,24,0.053082526,cDC2
TCCTGGTTCCGCAAAT-14-s4d8,GARQ,D11,1,40,36,29,0.062428713,CD8+ T
GAGCAAGGTACTTAGG-14-s4d8,GARQ,D11,1,40,36,14,0.17054236,NK
GGTTATATCTGCAACG-14-s4d8,GARQ,D11,1,40,36,15,0.0005016923,Lymph prog
AGTTATGTCCTGAATA-14-s4d8,GARQ,D11,1,40,36,8,0.2266199,CD8+ T
GAGTGTTTCCTACCTA-14-s4d8,GARQ,D11,1,40,36,32,0.030544996,CD8+ T
TGGCGGTTCCTGATTT-14-s4d8,GARQ,D11,1,40,36,5,0.06866205,Lymph prog
ACTAATCCAAGGTGCA-14-s4d8,GARQ,D11,1,40,36,18,0.16949254,CD8+ T
ATATGGTGTTAACGAT-14-s4d8,GARQ,D11,1,40,36,29,0.04571736,Naive CD20+ B
CGAACAAAGTTCCTGC-14-s4d8,GARQ,D11,1,40,36,32,0.029036194,CD4+ T naive
TTAGACTCATTAGGCC-14-s4d8,GARQ,D11,1,40,36,14,0.0061415434,NK
TCGCATTGTGAGACTC-14-s4d8,GARQ,D11,1,40,36,5,0.13284487,B1 B
GGAAGTATCTCCTCAA-14-s4d8,GARQ,D11,1,40,36,20,0.22107607,Transitional B
AGTAGCTTCTCCATAT-14-s4d8,GARQ,D11,1,40,36,39,0.029229045,Transitional B
AAGCGAATCGATTATG-14-s4d8,GARQ,D11,1,40,36,0,0.0140064955,CD16+ Mono
GAGTAATAGTAGCTTA-14-s4d8,GARQ,D11,1,40,36,7,0.025004208,CD8+ T
CCGATGCAGCCAAATC-14-s4d8,GARQ,D11,1,40,36,30,0.06221795,CD14+ Mono
TATCGCGAGGACACTT-14-s4d8,GARQ,D11,1,40,36,18,0.30797124,CD8+ T
TGATCACAGGACCTCA-14-s4d8,GARQ,D11,1,40,36,14,0.11160815,CD8+ T
TCGCGCACAGTAAGTA-14-s4d8,GARQ,D11,1,40,36,8,0.023539782,CD8+ T
GGAACCTGTTGTTGTC-14-s4d8,GARQ,D11,1,40,36,18,0.05984187,CD8+ T
TCCATCATCATCCACC-14-s4d8,GARQ,D11,1,40,36,21,0.07352018,Lymph prog
CTTCATCCAGGTTATT-14-s4d8,GARQ,D11,1,40,36,18,0.035628617,CD8+ T
TTGCGAGTCGCTAAAC-14-s4d8,GARQ,D11,1,40,36,14,0.044798553,NK
TCATCCATCCAGCACA-14-s4d8,GARQ,D11,1,40,36,14,0.016582847,CD8+ T
TAGGCTAGTAGGTTAT-14-s4d8,GARQ,D11,1,40,36,14,0.090049446,CD8+ T
TTGGATTCAGGAACAT-14-s4d8,GARQ,D11,1,40,36,33,0.11021179,CD16+ Mono
CGCTCCATCACGCATG-14-s4d8,GARQ,D11,1,40,36,5,0.13444006,B1 B
CGCAATGTCGATAACC-14-s4d8,GARQ,D11,1,40,36,5,0.027386129,B1 B
CTCGCTAGTTAGGCGT-14-s4d8,GARQ,D11,1,40,36,14,0.099727094,NK
GACCTCAAGCTAAGTC-14-s4d8,GARQ,D11,1,40,36,33,0.1422044,CD14+ Mono
CCTAATAAGGGACCTC-14-s4d8,GARQ,D11,1,40,36,18,0.08149153,CD8+ T
TGGGCATGTAGTAAGA-14-s4d8,GARQ,D11,1,40,36,27,0.06672174,CD8+ T
GACTTGGTCGCAACAT-14-s4d8,GARQ,D11,1,40,36,18,0.19041926,CD8+ T
AATCATCCAGAGAGCC-14-s4d8,GARQ,D11,1,40,36,21,0.74424773,Proerythroblast
TGCTTGCTCCTAAGTA-14-s4d8,GARQ,D11,1,40,36,2,1.9788742e-05,Naive CD20+ B
GGGTCACTCCAGGTCA-14-s4d8,GARQ,D11,1,40,36,21,0.28802234,Proerythroblast
GGACATAAGGTCCACA-14-s4d8,GARQ,D11,1,40,36,21,0.120926976,MK/E prog
CTACCTCAGATTCCTT-14-s4d8,GARQ,D11,1,40,36,38,0.025083303,CD8+ T
TACGTACAGTTCCTGC-14-s4d8,GARQ,D11,1,40,36,18,0.090917826,CD4+ T activated
GCGGATACATGGTTAT-14-s4d8,GARQ,D11,1,40,36,14,0.0806241,CD4+ T activated
GCTTTGTGTCTAACCT-14-s4d8,GARQ,D11,1,40,36,8,0.12726218,CD8+ T
GTAAGCGCAGATTCAT-14-s4d8,GARQ,D11,1,40,36,18,0.19231433,CD4+ T naive
AATGGCGCAGCCTAAC-14-s4d8,GARQ,D11,1,40,36,8,0.09489149,CD8+ T
ACGGGAAGTAAAGCAA-14-s4d8,GARQ,D11,1,40,36,0,0.1127913,CD14+ Mono
TTTAGCTTCACGCGGT-14-s4d8,GARQ,D11,1,40,36,36,0.020287216,B1 B
AGCCTCCGTAGTAAGA-14-s4d8,GARQ,D11,1,40,36,8,0.32886434,CD8+ T
GCTAAGAAGAAGGTGC-14-s4d8,GARQ,D11,1,40,36,18,0.11859357,CD8+ T
GATCAGGCAATTTGGT-14-s4d8,GARQ,D11,1,40,36,5,0.11712289,B1 B
ATGTAACGTAGTTGGC-14-s4d8,GARQ,D11,1,40,36,5,0.010752022,B1 B
CTCCAAACAACTAGGG-14-s4d8,GARQ,D11,1,40,36,14,0.037044287,CD8+ T
GCTCGATCAAACCTTG-14-s4d8,GARQ,D11,1,40,36,21,0.8924271,Proerythroblast
TCTTAGTTCCATCAGG-14-s4d8,GARQ,D11,1,40,36,33,0.1606009,CD14+ Mono
AGGCAGGTCTAATCCT-14-s4d8,GARQ,D11,1,40,36,18,0.020177126,CD8+ T
TATGGTCAGCGAGGTG-14-s4d8,GARQ,D11,1,40,36,14,0.25239754,CD8+ T
AGAATCTGTTGTCCAT-14-s4d8,GARQ,D11,1,40,36,21,0.30105495,Proerythroblast
GCCAACATCATGCTCC-14-s4d8,GARQ,D11,1,40,36,21,0.09187603,MK/E prog
CATTTGTTCGTTATAG-14-s4d8,GARQ,D11,1,40,36,14,0.021861076,CD8+ T
AGACCCGGTTTGTTGC-14-s4d8,GARQ,D11,1,40,36,23,0.054911435,CD4+ T activated
GCGCAAACATCCTAGA-14-s4d8,GARQ,D11,1,40,36,29,0.043076634,Plasma cell
AGTCGCATCACCAATA-14-s4d8,GARQ,D11,1,40,36,14,0.017514825,CD4+ T activated
CCTAATCGTCATGCAA-14-s4d8,GARQ,D11,1,40,36,21,0.09584087,HSC
CGCAATGTCACTCGCT-14-s4d8,GARQ,D11,1,40,36,21,0.3778532,Proerythroblast
ACACCTTGTATGTGGC-14-s4d8,GARQ,D11,1,40,36,14,0.038560987,CD8+ T
AGCTAAACAGCGCTTG-14-s4d8,GARQ,D11,1,40,36,14,0.14959931,CD8+ T
ATAGGTACACAAAGGT-14-s4d8,GARQ,D11,1,40,36,27,0.09199655,CD8+ T
CTGCTCCCAAAGCTCC-14-s4d8,GARQ,D11,1,40,36,21,0.09420633,Lymph prog
CTGCAATAGCATGGTT-14-s4d8,GARQ,D11,1,40,36,20,0.23984659,Transitional B
TTCATCCCAAGCGATG-14-s4d8,GARQ,D11,1,40,36,27,0.23162931,CD8+ T
AAGGAAGCATAGACCC-14-s4d8,GARQ,D11,1,40,36,8,0.0026189089,Normoblast
GTGTAACTCTCGACCT-14-s4d8,GARQ,D11,1,40,36,15,0.064932525,Lymph prog
ACAGGAATCTTAGCCC-14-s4d8,GARQ,D11,1,40,36,22,0.009330988,Naive CD20+ B
GTTTGTCGTTCCTGTG-14-s4d8,GARQ,D11,1,40,36,27,0.030257046,CD8+ T
TGAGGCACAGCATTAT-14-s4d8,GARQ,D11,1,40,36,38,0.02494663,CD8+ T
GGTAGGAGTGGACCTG-14-s4d8,GARQ,D11,1,40,36,20,0.10890591,Transitional B
AGCTAGTTCGTCCTTA-14-s4d8,GARQ,D11,1,40,36,18,0.020904303,CD4+ T activated
CAATGTGGTATACTGG-14-s4d8,GARQ,D11,1,40,36,21,0.5378313,Proerythroblast
GGTTACCCAGTCTAGC-14-s4d8,GARQ,D11,1,40,36,23,0.116642654,CD4+ T naive
GCGAAGCCAGGACCAA-14-s4d8,GARQ,D11,1,40,36,15,0.07226664,Transitional B
AGGAAACGTTAACGAT-14-s4d8,GARQ,D11,1,40,36,29,0.04330629,Naive CD20+ B
CTGTAACAGTAGGCGG-14-s4d8,GARQ,D11,1,40,36,27,0.1155048,CD8+ T
GCCTATTGTGACCTGG-14-s4d8,GARQ,D11,1,40,36,20,0.09824407,Transitional B
ACTGAATGTTGCCTCA-14-s4d8,GARQ,D11,1,40,36,23,0.08864933,CD8+ T
GTTGGAGCAAAGGTAC-14-s4d8,GARQ,D11,1,40,36,33,0.02844596,B1 B
GCGCGATTCTTAGCCC-14-s4d8,GARQ,D11,1,40,36,17,0.013645232,Naive CD20+ B
TCCTCTAAGCATCCAG-14-s4d8,GARQ,D11,1,40,36,2,0.11534375,Naive CD20+ B
GAGAACCAGGATCCGC-14-s4d8,GARQ,D11,1,40,36,33,0.1873796,CD14+ Mono
CGAAATGAGTCCTGAG-14-s4d8,GARQ,D11,1,40,36,29,0.052838445,Naive CD20+ B
AACAGCAAGTAACCCG-14-s4d8,GARQ,D11,1,40,36,18,0.0027921498,CD8+ T
GATGCTTAGGAACGCG-14-s4d8,GARQ,D11,1,40,36,21,0.042904437,MK/E prog
AGAATCGAGGGACGCA-14-s4d8,GARQ,D11,1,40,36,36,0.061056376,Naive CD20+ B
GATAGACCACGTTACA-14-s4d8,GARQ,D11,1,40,36,14,0.013623357,CD8+ T
GCCCAAATCATGAAGG-14-s4d8,GARQ,D11,1,40,36,21,0.26889086,Proerythroblast
ACCATTAAGAATCTCA-14-s4d8,GARQ,D11,1,40,36,27,0.010629296,NK
GCTGACCAGCAGGCCT-14-s4d8,GARQ,D11,1,40,36,8,0.0881753,CD8+ T
CAAGGTTTCCTAGTCC-14-s4d8,GARQ,D11,1,40,36,32,0.07720643,CD8+ T
TCGGTAAGTTGGTTCT-14-s4d8,GARQ,D11,1,40,36,5,0.119478405,Naive CD20+ B
TAACCAGGTAAGCTTG-14-s4d8,GARQ,D11,1,40,36,8,0.051650345,CD8+ T
GGAACCACACCTAATG-14-s4d8,GARQ,D11,1,40,36,38,0.05733919,CD8+ T
AGCCTAAGTGCTTTAC-14-s4d8,GARQ,D11,1,40,36,14,0.15283084,CD8+ T
GTTAACGGTACCGAAC-14-s4d8,GARQ,D11,1,40,36,5,0.124966264,B1 B
CCCTAATGTGGGAACA-14-s4d8,GARQ,D11,1,40,36,29,0.07927257,Transitional B
CTCCGTCCACCTCACC-14-s4d8,GARQ,D11,1,40,36,29,0.1874845,Naive CD20+ B
TTTGTGTTCGCACACA-14-s4d8,GARQ,D11,1,40,36,39,0.03638804,Transitional B
GGCTATGTCCTCACTA-14-s4d8,GARQ,D11,1,40,36,18,0.22977936,CD8+ T
CTCGCTCCAGCACGAA-14-s4d8,GARQ,D11,1,40,36,3,0.103959024,Naive CD20+ B
GTCGCAATCTTGATGA-14-s4d8,GARQ,D11,1,40,36,36,0.0029866695,Naive CD20+ B
CAAACAACAATGCGCT-14-s4d8,GARQ,D11,1,40,36,21,0.4151423,Proerythroblast
CATGCATAGCATTAGC-14-s4d8,GARQ,D11,1,40,36,8,0.030517876,CD8+ T
CTGTAACAGGCCATCA-14-s4d8,GARQ,D11,1,40,36,8,0.14655387,CD8+ T
CGATTATCAAACCTAT-14-s4d8,GARQ,D11,1,40,36,27,0.08968806,CD8+ T
CCTAATCGTACCGAAC-14-s4d8,GARQ,D11,1,40,36,14,0.03722608,B1 B
AATACCGGTTGCCTCA-14-s4d8,GARQ,D11,1,40,36,3,0.10330719,CD16+ Mono
TCCTTTACAAGTGTCC-14-s4d8,GARQ,D11,1,40,36,27,0.17007095,CD8+ T
CTCCAACTCAGCCAAT-14-s4d8,GARQ,D11,1,40,36,14,0.1556508,CD8+ T
GTAGGAGGTGCCGCAA-14-s4d8,GARQ,D11,1,40,36,0,0.13882816,B1 B
GTCATCACAATCGCAC-14-s4d8,GARQ,D11,1,40,36,15,0.1563853,Lymph prog
TGAGCAAAGCTCCTTA-14-s4d8,GARQ,D11,1,40,36,14,0.15217882,CD8+ T
CAGAATCTCACGAATC-14-s4d8,GARQ,D11,1,40,36,14,0.21768594,CD8+ T
GGGTCAACATTAAGTC-14-s4d8,GARQ,D11,1,40,36,23,0.10275555,CD4+ T activated
GAGCCTTCACTTAGGC-14-s4d8,GARQ,D11,1,40,36,8,0.24453324,CD8+ T
CCGCACACAGCTACGT-14-s4d8,GARQ,D11,1,40,36,36,0.16332465,B1 B
AACTGTTCATAATCCG-14-s4d8,GARQ,D11,1,40,36,14,0.034568727,CD8+ T
CGATTATCAACCTAAT-14-s4d8,GARQ,D11,1,40,36,21,0.09695634,Lymph prog
AGCTAACTCTCAATAG-14-s4d8,GARQ,D11,1,40,36,18,0.42843446,CD8+ T
GGTTAATGTAATAGCT-14-s4d8,GARQ,D11,1,40,36,14,0.06534773,CD4+ T activated
AGTAACCTCCCTGATC-14-s4d8,GARQ,D11,1,40,36,33,0.04642439,CD14+ Mono
TAAGGCTTCGCTATAA-14-s4d8,GARQ,D11,1,40,36,18,0.14741611,CD8+ T
TTCCTTCTCAAGCTAC-14-s4d8,GARQ,D11,1,40,36,18,0.102374494,CD8+ T
ATTGCTCGTGAGACTC-14-s4d8,GARQ,D11,1,40,36,11,0.028038502,CD8+ T
GCCTTAACAATAGCCC-14-s4d8,GARQ,D11,1,40,36,18,0.0043936074,CD4+ T activated
GTCATTAAGGCTATGT-14-s4d8,GARQ,D11,1,40,36,14,0.06228721,CD8+ T
GTCTATCGTTACATCC-14-s4d8,GARQ,D11,1,40,36,18,0.24131316,CD4+ T activated
CCTGTAACAGGAAGCC-14-s4d8,GARQ,D11,1,40,36,14,0.42949367,CD8+ T
GTTTCTAGTTCATTTG-14-s4d8,GARQ,D11,1,40,36,36,0.10578078,Naive CD20+ B
CTAGTAGGTGTCCTGC-14-s4d8,GARQ,D11,1,40,36,18,0.37429494,CD4+ T activated
GTTACGCCAGTAGGTG-14-s4d8,GARQ,D11,1,40,36,36,0.082148254,B1 B
ACCACATAGCTAATTG-14-s4d8,GARQ,D11,1,40,36,23,0.22010475,CD4+ T activated
CTCTAAGCACAACAAA-14-s4d8,GARQ,D11,1,40,36,0,0.1012561,CD8+ T
AGGTCATTCCCGCCTA-14-s4d8,GARQ,D11,1,40,36,33,0.19039434,cDC2
GCTAAGAAGAGGAAGG-14-s4d8,GARQ,D11,1,40,36,17,0.0021654367,CD4+ T activated
GTCTAATCACCTGTAA-14-s4d8,GARQ,D11,1,40,36,21,0.11691105,cDC2
GCTTGTTGTCACGGAT-14-s4d8,GARQ,D11,1,40,36,29,0.030395806,Transitional B
TTTGTTGGTGGACCTG-14-s4d8,GARQ,D11,1,40,36,5,0.028295279,B1 B
CCAACCCGTTGTAACG-14-s4d8,GARQ,D11,1,40,36,8,0.05470836,CD8+ T
ACTTGTAAGGACAACA-14-s4d8,GARQ,D11,1,40,36,7,0.14438075,CD4+ T activated
CTTACCTCAATAGTCT-14-s4d8,GARQ,D11,1,40,36,18,0.0710963,CD8+ T
GAGGCCTTCACATTGA-14-s4d8,GARQ,D11,1,40,36,14,0.13947976,CD8+ T
GTTACTAAGGGATGAC-14-s4d8,GARQ,D11,1,40,36,27,0.17012724,CD4+ T activated
GGACATAAGTGTTGCG-14-s4d8,GARQ,D11,1,40,36,39,0.13544798,Transitional B
GAGCTTAGTAAGTCGC-14-s4d8,GARQ,D11,1,40,36,37,0.11321372,Transitional B
AGGACTAAGATGGAGC-14-s4d8,GARQ,D11,1,40,36,33,0.097141325,CD14+ Mono
CGGTTCCGTTCACCCA-14-s4d8,GARQ,D11,1,40,36,29,0.004737675,Transitional B
CGAAGCCTCCTGCGAA-14-s4d8,GARQ,D11,1,40,36,18,0.13341367,CD8+ T
CTACTTAGTTACAAAC-14-s4d8,GARQ,D11,1,40,36,18,0.007010281,CD8+ T
TCACATAAGAACCTGT-14-s4d8,GARQ,D11,1,40,36,18,0.055966318,CD4+ T activated
TGAGTTTCATTAGGTT-14-s4d8,GARQ,D11,1,40,36,18,0.14987999,CD8+ T
CTTATGTTCCGTTAAA-14-s4d8,GARQ,D11,1,40,36,8,0.020171523,CD8+ T
TGCGCAGGTAATAACC-14-s4d8,GARQ,D11,1,40,36,8,0.019583106,CD8+ T
TTATAGCCACATTGCA-14-s4d8,GARQ,D11,1,40,36,18,0.08249438,CD8+ T
TTGTCCGGTAGCTAAT-14-s4d8,GARQ,D11,1,40,36,14,0.08652544,CD8+ T
ATATGGTGTTAGCAGC-14-s4d8,GARQ,D11,1,40,36,27,0.073278576,CD4+ T activated
CTTTCTTGTCGCGCAA-14-s4d8,GARQ,D11,1,40,36,38,0.0019750893,NK
GTGTGCGGTGAGCAAG-14-s4d8,GARQ,D11,1,40,36,2,0.16136009,CD14+ Mono
ATAGATGCAATATACC-14-s4d8,GARQ,D11,1,40,36,38,0.028741896,CD8+ T
CATAACGGTGTTCCCA-14-s4d8,GARQ,D11,1,40,36,31,0.06761804,B1 B
CGTCAATAGATGGACA-14-s4d8,GARQ,D11,1,40,36,29,0.0027094483,Naive CD20+ B
ATGACAACACAAACTT-14-s4d8,GARQ,D11,1,40,36,21,0.16213566,HSC
TTGTGAGGTCAAGTAT-14-s4d8,GARQ,D11,1,40,36,27,0.087626874,CD4+ T activated
GTGCCTTTCCCGCAAA-14-s4d8,GARQ,D11,1,40,36,8,0.22945893,Proerythroblast
AGGACTAAGAAGCTAG-14-s4d8,GARQ,D11,1,40,36,18,0.2593588,CD8+ T
GAACCGCTCCGTGACA-14-s4d8,GARQ,D11,1,40,36,27,0.03856653,CD8+ T
TGCTTAAAGACAACAG-14-s4d8,GARQ,D11,1,40,36,2,0.13399386,Naive CD20+ B
AGCCTGGGTAAACAAG-14-s4d8,GARQ,D11,1,40,36,14,0.11885944,CD8+ T
TAAACAGCACCTGCCT-14-s4d8,GARQ,D11,1,40,36,8,0.049438,Proerythroblast
AGTCCTTGTAACTACG-14-s4d8,GARQ,D11,1,40,36,33,0.32552636,cDC2
ATCAATCCATAGCAGG-14-s4d8,GARQ,D11,1,40,36,18,0.28008753,CD8+ T
GTACTTAAGGTTAGCT-14-s4d8,GARQ,D11,1,40,36,21,0.30576158,MK/E prog
CTTAGTTTCACGAATC-14-s4d8,GARQ,D11,1,40,36,18,0.30172563,CD8+ T
TCATTGTTCTTGCAGG-14-s4d8,GARQ,D11,1,40,36,14,0.13861036,CD8+ T
CCGATGCAGGTAAGCA-14-s4d8,GARQ,D11,1,40,36,39,0.016943336,Lymph prog
CTTAGGAGTTAGAGCC-14-s4d8,GARQ,D11,1,40,36,23,0.35895056,CD4+ T activated
GTTGGAGCATTGTCAG-14-s4d8,GARQ,D11,1,40,36,20,0.13844192,Lymph prog
CTTGCATGTCATAGAT-14-s4d8,GARQ,D11,1,40,36,20,0.039581418,Transitional B
TGTAAGTGTTGGCGTG-14-s4d8,GARQ,D11,1,40,36,24,0.060628146,CD14+ Mono
GCCTCAAAGACTCGCA-14-s4d8,GARQ,D11,1,40,36,5,0.07907152,Naive CD20+ B
CGATATTCAGGAACAT-14-s4d8,GARQ,D11,1,40,36,14,0.062356472,CD8+ T
ACCAGGCTCGGTACGC-14-s4d8,GARQ,D11,1,40,36,14,0.024486601,CD4+ T activated
GCATATATCCTAAGTA-14-s4d8,GARQ,D11,1,40,36,14,0.023313284,CD8+ T
AGCGGATAGGTAACGA-14-s4d8,GARQ,D11,1,40,36,27,0.033408403,CD8+ T
CGCTACTTCAGTTCCC-14-s4d8,GARQ,D11,1,40,36,21,0.5825132,Proerythroblast
CGCTCAGCAGGCCAAA-14-s4d8,GARQ,D11,1,40,36,14,0.009131253,CD8+ T
TTCGGTACACGGTACT-14-s4d8,GARQ,D11,1,40,36,27,0.20875823,CD4+ T activated
GCCTGCTGTGGTTCTT-14-s4d8,GARQ,D11,1,40,36,27,0.16269648,CD8+ T
AACGCCCAGGTGCTGC-14-s4d8,GARQ,D11,1,40,36,21,0.14169085,Proerythroblast
GTGGACACAAGGGTTG-14-s4d8,GARQ,D11,1,40,36,23,0.110645235,CD8+ T
TCTAGCACATTATGCG-14-s4d8,GARQ,D11,1,40,36,10,0.032744706,Naive CD20+ B
TACTCAAAGGATTGAG-14-s4d8,GARQ,D11,1,40,36,18,0.27851367,CD8+ T
TCCTTAGTCCTGGTGA-14-s4d8,GARQ,D11,1,40,36,21,0.4136079,Proerythroblast
AAATGCCTCATTAGGC-14-s4d8,GARQ,D11,1,40,36,18,0.10035139,CD8+ T
ACCAGCTCATCATGTG-14-s4d8,GARQ,D11,1,40,36,18,0.3094123,CD4+ T activated
TGGCCTTTCCCTGGTT-14-s4d8,GARQ,D11,1,40,36,21,0.36211467,Proerythroblast
AAAGCTTGTTGCAATG-14-s4d8,GARQ,D11,1,40,36,18,0.21257871,CD8+ T
AGGGCTACACAATGCC-14-s4d8,GARQ,D11,1,40,36,14,0.012885034,CD4+ T activated
GTTACAGGTTAGCAGC-14-s4d8,GARQ,D11,1,40,36,24,0.008716881,cDC2
TTGTGCCTCTGCAAAC-14-s4d8,GARQ,D11,1,40,36,14,0.11285925,CD8+ T
GGACAGCCACCAACCG-14-s4d8,GARQ,D11,1,40,36,33,0.0335235,cDC2
CAAATCATCATGCTCC-14-s4d8,GARQ,D11,1,40,36,20,0.006207347,Lymph prog
TTAACCAAGCCTAATA-14-s4d8,GARQ,D11,1,40,36,18,0.101985335,CD8+ T
ACCCGGTAGCATTATG-14-s4d8,GARQ,D11,1,40,36,8,0.0064541698,CD8+ T
GGTGTCCAGGTATTGC-14-s4d8,GARQ,D11,1,40,36,21,0.33082378,Proerythroblast
ACTAACTCAATAATGG-14-s4d8,GARQ,D11,1,40,36,33,0.1958344,CD14+ Mono
GTTAAACGTGCATTAG-14-s4d8,GARQ,D11,1,40,36,20,0.107577026,B1 B
GTATTGTCAATCCCTT-14-s4d8,GARQ,D11,1,40,36,14,0.08839154,NK
TTAGCTGCACGGTTTA-14-s4d8,GARQ,D11,1,40,36,8,0.05218613,CD8+ T
TTATCCTAGATGGAGC-14-s4d8,GARQ,D11,1,40,36,24,0.0027105212,CD8+ T
TGCGGTTCATGAGTTT-14-s4d8,GARQ,D11,1,40,36,18,0.21753114,CD8+ T
TTGAGCTAGGCTCATG-14-s4d8,GARQ,D11,1,40,36,32,0.09922439,CD8+ T
ATTGCGCCAGTCTATG-14-s4d8,GARQ,D11,1,40,36,21,0.19780654,MK/E prog
CCAGGATGTAACAGGG-14-s4d8,GARQ,D11,1,40,36,21,0.33723587,Proerythroblast
CTTATTGGTTTGTGGA-14-s4d8,GARQ,D11,1,40,36,33,0.12073803,CD14+ Mono
AACCGGCTCATTGTTC-14-s4d8,GARQ,D11,1,40,36,33,0.035363674,CD14+ Mono
ATTCCTAGTTGGCCGA-14-s4d8,GARQ,D11,1,40,36,39,0.13954175,Transitional B
CTAACCCTCTTAGCGG-14-s4d8,GARQ,D11,1,40,36,8,0.09047902,CD8+ T
TTAGCTGCACCTGCCT-14-s4d8,GARQ,D11,1,40,36,5,0.03326392,CD4+ T naive
TGACCAAGTTGCGGAT-14-s4d8,GARQ,D11,1,40,36,23,0.09615815,CD4+ T activated
CCTCAATGTTGTAACG-14-s4d8,GARQ,D11,1,40,36,29,0.11060828,Naive CD20+ B
CGAAGAATCATTAGCA-14-s4d8,GARQ,D11,1,40,36,34,0.0013231337,Transitional B
TCGTGCTTCACGTTAA-14-s4d8,GARQ,D11,1,40,36,18,0.12880504,CD8+ T
GACCTTTGTAATTAGC-14-s4d8,GARQ,D11,1,40,36,31,0.03229302,MK/E prog
TCCGGAATCATCCTAT-14-s4d8,GARQ,D11,1,40,36,21,0.18038845,Proerythroblast
AACAGCAAGTTATGGC-14-s4d8,GARQ,D11,1,40,36,17,0.044893563,CD16+ Mono
CAAACGCGTGATGATT-14-s4d8,GARQ,D11,1,40,36,18,0.30470252,CD8+ T
TGGACGGAGGGATTAG-14-s4d8,GARQ,D11,1,40,36,14,0.25597465,CD8+ T
AGAATCGAGTAAGTCC-14-s4d8,GARQ,D11,1,40,36,21,0.21426606,Proerythroblast
AAGCTCCCATTGTGGC-14-s4d8,GARQ,D11,1,40,36,21,0.49464548,Proerythroblast
TCAAGGAAGGTGAGAC-14-s4d8,GARQ,D11,1,40,36,33,0.10439265,CD14+ Mono
TGTATCGCATAACGGG-14-s4d8,GARQ,D11,1,40,36,18,0.21645743,CD4+ T naive
GTAGGATCAACCGCCA-14-s4d8,GARQ,D11,1,40,36,18,0.059612513,CD8+ T
CTATTCAGTGAACAAA-14-s4d8,GARQ,D11,1,40,36,38,0.044321,CD8+ T
CAACTAATCGGCCAGT-14-s4d8,GARQ,D11,1,40,36,21,0.20172638,Proerythroblast
GGAACCTGTTGCACAA-14-s4d8,GARQ,D11,1,40,36,14,0.026104093,CD8+ T
GCTTAGTAGTTAGCCG-14-s4d8,GARQ,D11,1,40,36,39,0.20945698,Transitional B
GAGGTTAAGTGGCGGA-14-s4d8,GARQ,D11,1,40,36,16,0.25023255,CD4+ T activated
GGAGGTTAGCTATATG-14-s4d8,GARQ,D11,1,40,36,8,0.17693841,CD8+ T
GCATTGCCAGCAAGTG-14-s4d8,GARQ,D11,1,40,36,32,0.22804058,CD8+ T
GCTCCTTAGCGATAAG-14-s4d8,GARQ,D11,1,40,36,24,0.030715823,CD14+ Mono
CCAGACTCACACAATT-14-s4d8,GARQ,D11,1,40,36,14,0.05916965,CD8+ T
CTACTTAGTTACGCAA-14-s4d8,GARQ,D11,1,40,36,7,0.059577137,CD8+ T
ATGTTTGAGTGGACAA-14-s4d8,GARQ,D11,1,40,36,14,0.030300617,CD8+ T
TTTCTTGCACGTGCTG-14-s4d8,GARQ,D11,1,40,36,14,0.050581217,CD8+ T
GTTAACGGTTGCACAA-14-s4d8,GARQ,D11,1,40,36,29,0.15830594,Transitional B
CAAAGCGCAAGCCAGA-14-s4d8,GARQ,D11,1,40,36,14,0.112071395,CD8+ T
CATGCGGGTTACAACG-14-s4d8,GARQ,D11,1,40,36,18,0.09759462,CD8+ T
AAGGATGTCCAAGTGT-14-s4d8,GARQ,D11,1,40,36,14,0.06524509,CD8+ T
GAAGCCTGTAGGTTAT-14-s4d8,GARQ,D11,1,40,36,14,0.099832416,CD8+ T
ACCTTCCAGCATTATG-14-s4d8,GARQ,D11,1,40,36,8,0.017243981,CD8+ T
TTGTCCCAGGAGCAAC-14-s4d8,GARQ,D11,1,40,36,27,0.070093036,CD8+ T
GCTTAAATCCGCAAGC-14-s4d8,GARQ,D11,1,40,36,38,0.06623715,CD8+ T
TTTAAGCCACCACAAC-14-s4d8,GARQ,D11,1,40,36,33,0.091848284,CD16+ Mono
GCGCAAACAGCTTACA-14-s4d8,GARQ,D11,1,40,36,20,0.2502383,Transitional B
GCCAATAGTCTTGCAT-14-s4d8,GARQ,D11,1,40,36,18,0.16385674,CD8+ T
GTACTTAAGCCACATG-14-s4d8,GARQ,D11,1,40,36,21,0.27704805,Proerythroblast
GTACTTAAGCTTTGGG-14-s4d8,GARQ,D11,1,40,36,23,0.14223659,CD4+ T activated
GCTCTGTTCTTGAGGT-14-s4d8,GARQ,D11,1,40,36,27,0.05572325,CD4+ T activated
ACAGGATCAGGACACA-14-s4d8,GARQ,D11,1,40,36,18,0.20428377,CD8+ T
TCTGGCTTCAGGCCTA-14-s4d8,GARQ,D11,1,40,36,6,0.031050563,MK/E prog
ACAACAGAGTTAGCCG-14-s4d8,GARQ,D11,1,40,36,5,0.12592387,Transitional B
TCTATGTTCTTGTCCA-14-s4d8,GARQ,D11,1,40,36,33,0.099087596,G/M prog
AAAGCAAGTGGTTAGC-14-s4d8,GARQ,D11,1,40,36,21,0.19182748,Proerythroblast
AGAAGGTGTAAAGCAA-14-s4d8,GARQ,D11,1,40,36,21,0.1428026,Proerythroblast
CGATTCCTCGATTTGA-14-s4d8,GARQ,D11,1,40,36,21,0.32139683,Erythroblast
AGAGATTAGTTAGACC-14-s4d8,GARQ,D11,1,40,36,14,0.14058131,CD8+ T
GTTCGCGCAAGGTGCA-14-s4d8,GARQ,D11,1,40,36,6,0.01621002,Proerythroblast
TGAAGGATCTTAGCGG-14-s4d8,GARQ,D11,1,40,36,32,0.027209163,CD8+ T
TTTAACGAGCCTGAGC-14-s4d8,GARQ,D11,1,40,36,18,0.22409791,CD8+ T
GCTATAGGTTTGGGCG-14-s4d8,GARQ,D11,1,40,36,24,0.08222896,CD14+ Mono
CGCATGATCATCCTCA-14-s4d8,GARQ,D11,1,40,36,8,0.07712662,CD8+ T
AATCCATCAGGACCTT-14-s4d8,GARQ,D11,1,40,36,27,0.037508726,CD4+ T naive
CGTTGCAAGCTGAGGG-14-s4d8,GARQ,D11,1,40,36,23,0.009471178,CD8+ T
TTCAGCACACAAACTT-14-s4d8,GARQ,D11,1,40,36,18,0.123612165,CD4+ T activated
TCTGTGACATAATCGT-14-s4d8,GARQ,D11,1,40,36,27,0.022678375,CD4+ T activated
TTGGGCGGTGCTCACC-14-s4d8,GARQ,D11,1,40,36,3,0.028110832,B1 B
CAGCCAATCTTACTCG-14-s4d8,GARQ,D11,1,40,36,8,0.051502287,CD8+ T
GAGCTGCTCGGTACGC-14-s4d8,GARQ,D11,1,40,36,18,0.07875955,CD8+ T
TGAGGCACAATTAGGA-14-s4d8,GARQ,D11,1,40,36,10,0.021812022,B1 B
ATGTTGTCATGAGCAG-14-s4d8,GARQ,D11,1,40,36,32,0.072470665,CD8+ T
GTTCTTAGTTAGACCA-14-s4d8,GARQ,D11,1,40,36,15,0.1193586,Transitional B
TTTCCACCACTTAGGC-14-s4d8,GARQ,D11,1,40,36,29,0.07920694,Naive CD20+ B
CTCATCATCGATAACC-14-s4d8,GARQ,D11,1,40,36,21,0.30658525,Proerythroblast
GAACCAAAGGTCTTGG-14-s4d8,GARQ,D11,1,40,36,30,0.070694804,CD14+ Mono
CCAACCCGTTCACCAT-14-s4d8,GARQ,D11,1,40,36,21,0.16214007,Proerythroblast
GGTACAAAGGTGCGGA-14-s4d8,GARQ,D11,1,40,36,14,0.10659492,CD8+ T
GGATTATGTAAAGCGG-14-s4d8,GARQ,D11,1,40,36,14,0.22795618,CD8+ T
TGGTCAAGTAAAGCGG-14-s4d8,GARQ,D11,1,40,36,18,0.15425429,CD4+ T activated
AGCACTAGTAAGCACC-14-s4d8,GARQ,D11,1,40,36,21,0.3231339,Proerythroblast
AATCATGTCATTGTTC-14-s4d8,GARQ,D11,1,40,36,18,0.050278604,NK
GCTAACCCATAATGTC-14-s4d8,GARQ,D11,1,40,36,27,0.15016603,CD8+ T
CCACTTGGTTCAAGCA-14-s4d8,GARQ,D11,1,40,36,14,0.09553379,CD8+ T
TTTGTGAAGCTATTAG-14-s4d8,GARQ,D11,1,40,36,33,0.11283702,CD16+ Mono
ACAAAGGTCAGGAAGC-14-s4d8,GARQ,D11,1,40,36,18,0.010551453,CD8+ T
TCCCGTTAGCATGACT-14-s4d8,GARQ,D11,1,40,36,15,0.2021262,Transitional B
GGCTATTAGACTATTG-14-s4d8,GARQ,D11,1,40,36,8,0.007435739,CD8+ T
CTAGGACGTTTACCGT-14-s4d8,GARQ,D11,1,40,36,14,0.039846003,CD8+ T
CACATTAAGGTATTGC-14-s4d8,GARQ,D11,1,40,36,21,0.505723,Proerythroblast
ACGTCCAAGTGACCTG-14-s4d8,GARQ,D11,1,40,36,21,0.24003154,Proerythroblast
CGATTATCACGCAACT-14-s4d8,GARQ,D11,1,40,36,33,0.114687204,CD14+ Mono
AAACCGGCAAGGTGGC-14-s4d8,GARQ,D11,1,40,36,14,0.058137774,CD8+ T
CGGATTAGTAAAGCGG-14-s4d8,GARQ,D11,1,40,36,27,0.019158423,CD8+ T
TATGGCCCACAACAGG-14-s4d8,GARQ,D11,1,40,36,29,0.08342779,B1 B
GTCATGAGTTAACGAT-14-s4d8,GARQ,D11,1,40,36,14,0.029643297,CD8+ T
CGTTGCAAGCTCCTTA-14-s4d8,GARQ,D11,1,40,36,8,0.039640903,NK
AATCCATCATTAGGTT-14-s4d8,GARQ,D11,1,40,36,14,0.021279037,CD8+ T
GCCAGGTTCTAACCTT-14-s4d8,GARQ,D11,1,40,36,32,0.0064824224,CD4+ T activated
ACGGGAAGTTAATGAC-14-s4d8,GARQ,D11,1,40,36,32,0.06043473,CD8+ T
TTTCCACCAATTGACT-14-s4d8,GARQ,D11,1,40,36,14,0.009354591,CD8+ T
AGGTTAACATTGCGTA-14-s4d8,GARQ,D11,1,40,36,1,0.014450908,Proerythroblast
TGCACCTTCGATTCTT-14-s4d8,GARQ,D11,1,40,36,32,0.010123789,CD8+ T
TTTGCGGAGGCGCTAC-14-s4d8,GARQ,D11,1,40,36,14,0.04496622,CD8+ T
TTTGTGTTCATCCTGC-14-s4d8,GARQ,D11,1,40,36,21,0.34506494,Proerythroblast
GGATTTATCAGTGAAG-14-s4d8,GARQ,D11,1,40,36,23,0.044896185,CD4+ T activated
GAGTTACTCCCGCATT-14-s4d8,GARQ,D11,1,40,36,2,0.018147588,CD14+ Mono
CGGGTATGTTACTTGC-14-s4d8,GARQ,D11,1,40,36,21,0.2896024,Lymph prog
CATTATGAGGACAATG-14-s4d8,GARQ,D11,1,40,36,38,0.018426597,CD8+ T
CGATTATCATATAACC-14-s4d8,GARQ,D11,1,40,36,5,0.021620631,B1 B
TTTCGTCCATAAGCAA-14-s4d8,GARQ,D11,1,40,36,18,0.06378186,CD8+ T
AAAGCCGCACAACCTA-14-s4d8,GARQ,D11,1,40,36,15,0.09017062,Lymph prog
CATTGTGCAGGCCAAA-14-s4d8,GARQ,D11,1,40,36,14,0.085801154,CD4+ T naive
CAATCTAAGGAGGCAT-14-s4d8,GARQ,D11,1,40,36,14,0.091825664,CD8+ T
CAATCTAAGATAAAGC-14-s4d8,GARQ,D11,1,40,36,20,0.19073272,Transitional B
GCAATGAAGTTATGTG-14-s4d8,GARQ,D11,1,40,36,5,0.08801943,Naive CD20+ B
TTGTCCCAGCTCCTAC-14-s4d8,GARQ,D11,1,40,36,21,0.07643944,Lymph prog
CGCCTGTGTTTGGCTT-14-s4d8,GARQ,D11,1,40,36,21,0.51092243,Proerythroblast
TATTAGGTCTCACTAT-14-s4d8,GARQ,D11,1,40,36,5,0.08307326,Naive CD20+ B
GTGGTTAGTCATGAGC-14-s4d8,GARQ,D11,1,40,36,33,0.28609788,CD14+ Mono
TTTCAGTTCCCTCAGT-14-s4d8,GARQ,D11,1,40,36,5,0.15637508,Lymph prog
CGCAATTAGCATGAAG-14-s4d8,GARQ,D11,1,40,36,5,0.049565315,Naive CD20+ B
GCGCAATGTTAACAGT-14-s4d8,GARQ,D11,1,40,36,18,0.18575013,CD4+ T naive
CCATAAGGTGTTTGCT-14-s4d8,GARQ,D11,1,40,36,18,0.21073169,CD8+ T
TATAGCCAGTTATTCC-14-s4d8,GARQ,D11,1,40,36,3,0.07846457,Naive CD20+ B
CACTAAGGTCACAGAC-14-s4d8,GARQ,D11,1,40,36,18,0.013992459,CD8+ T
CTGAAACTCCTCCCTC-14-s4d8,GARQ,D11,1,40,36,14,0.11381221,CD8+ T
TTGACGTAGCTCCCTG-14-s4d8,GARQ,D11,1,40,36,18,0.05234015,CD8+ T
TTGGATATCTCCTCTT-14-s4d8,GARQ,D11,1,40,36,21,0.03011316,CD14+ Mono
TTTCACCCATAAGCAA-14-s4d8,GARQ,D11,1,40,36,20,0.28340816,Transitional B
GGAGCAAGTTATAGCG-14-s4d8,GARQ,D11,1,40,36,32,0.039830863,CD8+ T
AGTCAATGTATTGAGT-14-s4d8,GARQ,D11,1,40,36,15,0.15055305,Lymph prog
TATTTGGAGTCTGGGC-14-s4d8,GARQ,D11,1,40,36,38,0.028879523,CD8+ T
AGTGCACGTGCTGTAA-14-s4d8,GARQ,D11,1,40,36,36,0.14523354,Transitional B
CCTAAATCAGAGAGCC-14-s4d8,GARQ,D11,1,40,36,14,0.12757039,CD8+ T
TTTACGCGTTCTTTAG-14-s4d8,GARQ,D11,1,40,36,14,0.0036273599,CD8+ T
GCGGGTTTCCGCAAAT-14-s4d8,GARQ,D11,1,40,36,29,0.07990658,Naive CD20+ B
TTGGATTCATAATTGC-14-s4d8,GARQ,D11,1,40,36,14,0.13760191,CD8+ T
AAGCCTTAGGTGCTGC-14-s4d8,GARQ,D11,1,40,36,0,0.018149674,CD14+ Mono
TGATGAACATTCCTCG-14-s4d8,GARQ,D11,1,40,36,30,0.07400367,MK/E prog
ATTCCTAGTAGTAAGA-14-s4d8,GARQ,D11,1,40,36,36,0.08267748,Naive CD20+ B
AGTTGTCAGTTCCCGT-14-s4d8,GARQ,D11,1,40,36,14,0.06386411,NK
GACCGTTCAGGCTAAG-14-s4d8,GARQ,D11,1,40,36,14,0.45441353,CD8+ T
AAGTTAGCACTAAATC-14-s4d8,GARQ,D11,1,40,36,23,0.018352866,CD4+ T activated
AATTAGGCACTGGCTG-14-s4d8,GARQ,D11,1,40,36,18,0.16835481,CD8+ T
CTGTATTTCGAAGTGA-14-s4d8,GARQ,D11,1,40,36,27,0.00634259,CD8+ T
TATCGCACATAGACCC-14-s4d8,GARQ,D11,1,40,36,29,0.09285575,Transitional B
GTACCGGGTACCGGAT-14-s4d8,GARQ,D11,1,40,36,21,0.17147201,Proerythroblast
TTTGACCGTTAGCAGC-14-s4d8,GARQ,D11,1,40,36,14,0.34738612,CD8+ T
AAATCCGGTAACCTAG-14-s4d8,GARQ,D11,1,40,36,14,0.086037874,CD8+ T
ATCTATGAGGTAAGCA-14-s4d8,GARQ,D11,1,40,36,14,0.22091478,CD8+ T
TGAACAACAGTTAAAG-14-s4d8,GARQ,D11,1,40,36,21,0.17360765,cDC2
GATCAGGCAATAACCT-14-s4d8,GARQ,D11,1,40,36,18,0.16966003,NK
ATTTAGCCACAATACT-14-s4d8,GARQ,D11,1,40,36,14,0.10926449,CD8+ T
AAACGCGCATGGCCTG-14-s4d8,GARQ,D11,1,40,36,21,0.1316809,MK/E prog
GCCAATTAGAGAGGCT-14-s4d8,GARQ,D11,1,40,36,14,0.006132126,NK
GATTAAGCAGGATAAC-14-s4d8,GARQ,D11,1,40,36,18,0.1435641,CD4+ T activated
GCCACACAGTAATCCA-14-s4d8,GARQ,D11,1,40,36,8,0.008474469,CD8+ T
CCTGATGAGGCGCACT-14-s4d8,GARQ,D11,1,40,36,15,0.13079941,Lymph prog
AGGGTTGCACAGACTC-14-s4d8,GARQ,D11,1,40,36,32,0.01922977,NK
CTAATGTCAATGAATG-14-s4d8,GARQ,D11,1,40,36,39,0.050672054,Transitional B
TCCATATTCGTTATCT-14-s4d8,GARQ,D11,1,40,36,8,0.038466036,Erythroblast
AGCTTCCTCATTTGCT-14-s4d8,GARQ,D11,1,40,36,12,0.025079608,Transitional B
CTAGCGGGTAAGGTTT-14-s4d8,GARQ,D11,1,40,36,14,0.21208006,CD8+ T
TCACGGATCTTGCAAA-14-s4d8,GARQ,D11,1,40,36,23,0.052592456,CD8+ T
AGCTTTAAGTTGGGCC-14-s4d8,GARQ,D11,1,40,36,11,0.07418382,CD14+ Mono
CCTACTGGTTGAATCG-14-s4d8,GARQ,D11,1,40,36,24,0.021034747,cDC2
GGCAGGATCCGGTTAG-14-s4d8,GARQ,D11,1,40,36,18,0.14067495,CD8+ T
ATTGCGCCACCTATAG-14-s4d8,GARQ,D11,1,40,36,21,0.005595833,Proerythroblast
TGCAATATCCTCACAC-14-s4d8,GARQ,D11,1,40,36,39,0.100319624,Transitional B
GACACCGGTTGCACAA-14-s4d8,GARQ,D11,1,40,36,8,0.15685228,Proerythroblast
GAACCTTAGTCAGGCC-14-s4d8,GARQ,D11,1,40,36,14,0.1683749,CD8+ T
TCAGGTCCATTTAAGC-14-s4d8,GARQ,D11,1,40,36,21,0.436293,Proerythroblast
TGTGTTAAGACTCGCA-14-s4d8,GARQ,D11,1,40,36,14,0.0010159016,CD8+ T
GATTACGGTTAGTACG-14-s4d8,GARQ,D11,1,40,36,23,0.05351317,CD8+ T
GCCAGGAAGGCTACAT-14-s4d8,GARQ,D11,1,40,36,21,0.25999552,Proerythroblast
CCTGTAACACCACAAC-14-s4d8,GARQ,D11,1,40,36,8,0.0018080473,CD8+ T
GCCAATTAGCTAAGTC-14-s4d8,GARQ,D11,1,40,36,18,0.036219835,CD4+ T activated
ATTACGTCAAGGACCA-14-s4d8,GARQ,D11,1,40,36,20,0.0294078,HSC
GCTATAGGTCCACAAA-14-s4d8,GARQ,D11,1,40,36,14,0.02026403,NK
ATTATGGTCTGTTGCC-14-s4d8,GARQ,D11,1,40,36,14,0.10367268,CD8+ T
AAAGGAGCATAGCTGC-14-s4d8,GARQ,D11,1,40,36,2,0.09981805,Naive CD20+ B
AGTCCTGAGGACCTGC-14-s4d8,GARQ,D11,1,40,36,8,0.12523657,CD8+ T
TGCTCCGTCCGGTTAG-14-s4d8,GARQ,D11,1,40,36,32,0.07269263,CD8+ T
GCTGTAAGTTGCCTCA-14-s4d8,GARQ,D11,1,40,36,21,0.4886012,Proerythroblast
TAGACCAGTTCCGGCT-14-s4d8,GARQ,D11,1,40,36,21,0.061911315,CD14+ Mono
TGGACAAAGGGATGCG-14-s4d8,GARQ,D11,1,40,36,18,0.23600858,CD4+ T activated
ACCTACCTCATGAAGG-14-s4d8,GARQ,D11,1,40,36,14,0.011615217,CD8+ T
AACAGATAGCACAGGG-14-s4d8,GARQ,D11,1,40,36,17,0.03271377,CD14+ Mono
TGCCGGTAGTGACCTG-14-s4d8,GARQ,D11,1,40,36,36,0.121482134,Naive CD20+ B
TCCTCACAGCAAACCT-14-s4d8,GARQ,D11,1,40,36,33,0.2761792,CD14+ Mono
GCTAGCTCAATCCTAG-14-s4d8,GARQ,D11,1,40,36,21,0.7551968,Proerythroblast
GGCCATCAGCGATAAG-14-s4d8,GARQ,D11,1,40,36,14,0.06610036,CD8+ T
AGCTACGTCCATTACT-14-s4d8,GARQ,D11,1,40,36,14,0.047885597,CD8+ T
TTTCATCAGTTTCCGC-14-s4d8,GARQ,D11,1,40,36,29,0.004801452,B1 B
CGTGCACAGGCCTTAG-14-s4d8,GARQ,D11,1,40,36,14,0.031832814,CD8+ T
CAATCCTGTGACATGC-14-s4d8,GARQ,D11,1,40,36,18,0.027584493,CD8+ T
GGATTATGTGATCATG-14-s4d8,GARQ,D11,1,40,36,5,0.034665823,Naive CD20+ B
CTCTATGTCGCACACA-14-s4d8,GARQ,D11,1,40,36,7,0.016080558,CD8+ T
GCTCATTGTTGTTCAC-14-s4d8,GARQ,D11,1,40,36,8,0.18478116,Erythroblast
GGAATCTTCTAAGTCA-14-s4d8,GARQ,D11,1,40,36,5,0.070964456,Naive CD20+ B
ACTATGTCAGGCTGTT-14-s4d8,GARQ,D11,1,40,36,18,0.06296474,CD8+ T
GGGCTAACACTCGCTC-14-s4d8,GARQ,D11,1,40,36,27,0.05825919,CD4+ T activated
CCAACCCGTAGGTTAT-14-s4d8,GARQ,D11,1,40,36,32,0.101194024,CD8+ T
ACTCGCTTCATAATCG-14-s4d8,GARQ,D11,1,40,36,5,0.06786063,Naive CD20+ B
GATCCGTCAAGACTCC-14-s4d8,GARQ,D11,1,40,36,8,0.15141845,CD8+ T
GAACCAGCAAGCTAAA-14-s4d8,GARQ,D11,1,40,36,21,0.40743804,Proerythroblast
AGAGATTAGCTAATCA-14-s4d8,GARQ,D11,1,40,36,18,0.12035155,CD8+ T
GGTGAGGTCGACCTGA-14-s4d8,GARQ,D11,1,40,36,7,0.019578636,CD8+ T
CTCGCTCCAGCAACAG-14-s4d8,GARQ,D11,1,40,36,5,0.050832212,Naive CD20+ B
CAGTACCCAGATAGAC-14-s4d8,GARQ,D11,1,40,36,18,0.20436853,CD8+ T
TACGTACAGGCTGGCT-14-s4d8,GARQ,D11,1,40,36,5,0.09235847,Transitional B
AAGCGTTTCCACCTTA-14-s4d8,GARQ,D11,1,40,36,8,0.08173281,CD8+ T
CCAAGGCTCTTTGACT-14-s4d8,GARQ,D11,1,40,36,18,0.24911523,CD4+ T naive
CCCAATTGTCTCAGCC-14-s4d8,GARQ,D11,1,40,36,21,0.30266726,Proerythroblast
AAAGCCGCAAGGACCA-14-s4d8,GARQ,D11,1,40,36,18,0.13158834,CD8+ T
AGCTTAATCCGCCAAA-14-s4d8,GARQ,D11,1,40,36,18,0.018871844,CD8+ T
ATGGCCCAGGACCTTG-14-s4d8,GARQ,D11,1,40,36,5,0.03461796,B1 B
CGTCAATAGTGGACAA-14-s4d8,GARQ,D11,1,40,36,21,0.19878316,Lymph prog
CGCATATAGGCTAATC-14-s4d8,GARQ,D11,1,40,36,14,0.074488044,CD8+ T
GACTAATGTAAAGCGG-14-s4d8,GARQ,D11,1,40,36,18,0.08166671,NK
ACTTACTTCCATCAGG-14-s4d8,GARQ,D11,1,40,36,21,0.042641044,Erythroblast
AGCAGGTAGCGCTCAA-14-s4d8,GARQ,D11,1,40,36,15,0.06375468,Lymph prog
CTATGAGGTTCATTTG-14-s4d8,GARQ,D11,1,40,36,38,0.107325196,CD8+ T
TGGAACAAGGGACGCA-14-s4d8,GARQ,D11,1,40,36,5,0.021061063,Transitional B
GAGATAAGTCATTAGG-14-s4d8,GARQ,D11,1,40,36,14,0.025539398,CD8+ T
CCAACCAAGTTAGAGG-14-s4d8,GARQ,D11,1,40,36,5,0.03848356,Transitional B
TACCTCATCAGCAAAG-14-s4d8,GARQ,D11,1,40,36,8,0.21041793,CD8+ T
CCTAATAAGCCTGAGC-14-s4d8,GARQ,D11,1,40,36,39,0.08722454,cDC2
AGTTACATCTAAGTGC-14-s4d8,GARQ,D11,1,40,36,14,0.08957124,NK
GGACCGAAGGTAAGCA-14-s4d8,GARQ,D11,1,40,36,0,0.050522894,CD8+ T
CCAACCCGTTAACACG-14-s4d8,GARQ,D11,1,40,36,14,0.05775249,CD8+ T
GAGCTAGCATTGTGCA-14-s4d8,GARQ,D11,1,40,36,33,0.033768535,CD14+ Mono
TAAGGCTTCTGGTCCT-14-s4d8,GARQ,D11,1,40,36,32,0.2778791,CD8+ T
ACTATGTCATCACAGC-14-s4d8,GARQ,D11,1,40,36,16,0.011372924,CD8+ T
ACTTGAATCCAATAGC-14-s4d8,GARQ,D11,1,40,36,18,0.07441819,CD8+ T
AATTGTGTCACGAATC-14-s4d8,GARQ,D11,1,40,36,8,0.08326182,Normoblast
CCACTTGGTTTGAGGC-14-s4d8,GARQ,D11,1,40,36,33,0.027160048,CD16+ Mono
GTGTGCGGTTGTGATG-14-s4d8,GARQ,D11,1,40,36,32,0.026519954,CD4+ T activated
GTTTGTCGTCAAAGGG-14-s4d8,GARQ,D11,1,40,36,20,0.04424429,Lymph prog
CCAATATCATTAAACC-14-s4d8,GARQ,D11,1,40,36,36,0.03361708,Naive CD20+ B
GCTTTATTCAAATCGC-14-s4d8,GARQ,D11,1,40,36,20,0.10432595,B1 B
GGGTCACTCCAGCACA-14-s4d8,GARQ,D11,1,40,36,15,0.12035161,Lymph prog
ACAACAACAGAGGGAG-14-s4d8,GARQ,D11,1,40,36,15,0.027934015,Lymph prog
CAACAATGTTTATTCG-14-s4d8,GARQ,D11,1,40,36,17,0.033818066,CD4+ T naive
TGGTTAATCAGGTTTA-14-s4d8,GARQ,D11,1,40,36,18,0.04344982,CD8+ T
TCATGAGGTTGGATAT-14-s4d8,GARQ,D11,1,40,36,14,0.10958654,NK
CCAAGTTAGTTAGACC-14-s4d8,GARQ,D11,1,40,36,21,0.32896292,MK/E prog
CTCGCTCCAGTAGCCT-14-s4d8,GARQ,D11,1,40,36,8,0.030351758,CD8+ T
CAATGCCCATGTTGCA-14-s4d8,GARQ,D11,1,40,36,8,0.119205415,CD8+ T
GCCTACTTCGAAGTAG-14-s4d8,GARQ,D11,1,40,36,18,0.18060136,CD8+ T
CATGCGCAGAGGGACT-14-s4d8,GARQ,D11,1,40,36,21,0.18681908,Lymph prog
AAGCCACGTAGGATCC-14-s4d8,GARQ,D11,1,40,36,5,0.09499639,Transitional B
GCAATAGAGTTGTCAA-14-s4d8,GARQ,D11,1,40,36,21,0.013517857,Transitional B
AAACATGCAGTCTAAT-14-s4d8,GARQ,D11,1,40,36,18,0.07523984,CD8+ T
ACTAAAGCAATAGCCC-14-s4d8,GARQ,D11,1,40,36,39,0.06797364,Naive CD20+ B
TCATTGTTCCGTTAAA-14-s4d8,GARQ,D11,1,40,36,14,0.14036554,CD8+ T
GAATTTGTCTATTGTC-14-s4d8,GARQ,D11,1,40,36,33,0.23755413,CD16+ Mono
GACTAATGTTAGAGCC-14-s4d8,GARQ,D11,1,40,36,14,0.07774186,CD8+ T
GATAAGCCAACCTGGT-14-s4d8,GARQ,D11,1,40,36,23,0.013419151,Naive CD20+ B
AATTGTGTCCAGGTCA-14-s4d8,GARQ,D11,1,40,36,8,0.07183039,CD8+ T
GTAAGGTCAAGCTTTG-14-s4d8,GARQ,D11,1,40,36,30,0.03042239,CD14+ Mono
AACCTTAAGGTGAAGC-14-s4d8,GARQ,D11,1,40,36,5,0.006728232,B1 B
ACAGGAATCATGCTTT-14-s4d8,GARQ,D11,1,40,36,5,0.043645322,Naive CD20+ B
GCAATCTAGGCGCTAC-14-s4d8,GARQ,D11,1,40,36,36,0.09223777,Transitional B
CATAATGTCGGTTCCT-14-s4d8,GARQ,D11,1,40,36,18,0.08932096,CD8+ T
ATATAGGCAGTAAAGC-14-s4d8,GARQ,D11,1,40,36,15,0.0720008,Transitional B
ATATGCATCCAAGTTA-14-s4d8,GARQ,D11,1,40,36,5,0.12356579,Naive CD20+ B
TGAGAACCAAGCCACT-14-s4d8,GARQ,D11,1,40,36,8,0.023129582,NK
AATCAGGAGGACTTAC-14-s4d8,GARQ,D11,1,40,36,20,0.31110585,Transitional B
TAAGGACCAACTAGCC-14-s4d8,GARQ,D11,1,40,36,18,0.1464433,NK
CGTGCACAGTAGGATG-14-s4d8,GARQ,D11,1,40,36,21,0.12933213,pDC
GAACACAAGGACTTAC-14-s4d8,GARQ,D11,1,40,36,14,0.3351587,NK
GATAAGCCAACGTGCT-14-s4d8,GARQ,D11,1,40,36,18,0.29671937,CD8+ T
AGGTTTGGTGATTTGG-14-s4d8,GARQ,D11,1,40,36,2,0.086954534,CD14+ Mono
AGGGCCTTCGGGACCT-14-s4d8,GARQ,D11,1,40,36,18,0.036142915,CD4+ T activated
GGTTGGTGTCAATGTG-14-s4d8,GARQ,D11,1,40,36,5,0.05657971,Lymph prog
TTAGGAACAAATTCGT-14-s4d8,GARQ,D11,1,40,36,14,0.020238519,CD8+ T
CGGACAACATGTTGTG-14-s4d8,GARQ,D11,1,40,36,18,0.05367285,NK
CTCAATAAGGCATTAC-14-s4d8,GARQ,D11,1,40,36,18,0.03449893,CD8+ T
CCTTCGTAGCATGGTT-14-s4d8,GARQ,D11,1,40,36,18,0.15370893,CD8+ T
GGAACAATCGCATTAA-14-s4d8,GARQ,D11,1,40,36,18,0.09279418,CD8+ T
TTGGATATCCACCCTG-14-s4d8,GARQ,D11,1,40,36,8,0.029426873,CD8+ T
CAATAAGCAGTTTCTC-14-s4d8,GARQ,D11,1,40,36,18,0.26346463,CD4+ T activated
TTGTGAGGTAGCTGCG-14-s4d8,GARQ,D11,1,40,36,3,0.006367713,CD8+ T
ATGTTTGAGGGTCCAC-14-s4d8,GARQ,D11,1,40,36,5,0.025832772,Lymph prog
TCAGGTCCAAGCTTAT-14-s4d8,GARQ,D11,1,40,36,14,0.12733483,CD8+ T
AAGGTCAAGCACCACA-14-s4d8,GARQ,D11,1,40,36,21,0.009750247,cDC2
CATTATGAGGAGGGTT-14-s4d8,GARQ,D11,1,40,36,8,0.09118974,CD8+ T
TATTACCTCTCGACCT-14-s4d8,GARQ,D11,1,40,36,21,0.07050878,Erythroblast
TGTCAGTAGGTGAAAT-14-s4d8,GARQ,D11,1,40,36,14,0.045998305,Naive CD20+ B
AGTCTTGCAGGCCAAA-14-s4d8,GARQ,D11,1,40,36,18,0.013486713,CD4+ T activated
TTTGGCTGTGACATAT-14-s4d8,GARQ,D11,1,40,36,23,0.045798242,CD4+ T naive
TAAAGCCTCATAAGCC-14-s4d8,GARQ,D11,1,40,36,18,0.20899534,CD8+ T
AACTCACAGGCATTGT-14-s4d8,GARQ,D11,1,40,36,14,0.04546815,CD8+ T
CAGTACCCACAAACTT-14-s4d8,GARQ,D11,1,40,36,8,0.014955163,CD8+ T
TCATTGTTCCGTAAAC-14-s4d8,GARQ,D11,1,40,36,14,0.17625177,CD8+ T
GGGAATATCACATTGA-14-s4d8,GARQ,D11,1,40,36,30,0.052929938,CD14+ Mono
CAATGTCAGCGCAATT-14-s4d8,GARQ,D11,1,40,36,14,0.068502665,NK
GTTAAACGTAGCCTAA-14-s4d8,GARQ,D11,1,40,36,14,0.27575064,CD8+ T
AAGTGCAAGGATTTGC-14-s4d8,GARQ,D11,1,40,36,32,0.1522662,CD4+ T activated
GGGCTAACATTGTTGG-14-s4d8,GARQ,D11,1,40,36,18,0.15121019,CD8+ T
TACTGGCCATGGAGGC-14-s4d8,GARQ,D11,1,40,36,5,0.14153719,Naive CD20+ B
AGGCTAGCAAGGTAAC-14-s4d8,GARQ,D11,1,40,36,8,0.030966401,CD8+ T
GCCGTGAGTTGCGCGA-14-s4d8,GARQ,D11,1,40,36,14,0.19892925,CD8+ T
CAAGGGAGTGTGTGGT-14-s4d8,GARQ,D11,1,40,36,18,0.17514527,CD8+ T
TATTAGGTCAAACCGT-14-s4d8,GARQ,D11,1,40,36,29,0.04728806,Naive CD20+ B
TTTAACCTCTAATTGG-14-s4d8,GARQ,D11,1,40,36,5,0.35306132,Naive CD20+ B
CGCACACAGCGCCTTT-14-s4d8,GARQ,D11,1,40,36,21,0.17476499,Erythroblast
TACCAAATCCTAGTTT-14-s4d8,GARQ,D11,1,40,36,14,0.10427934,CD8+ T
TTTATGGAGGCTAATC-14-s4d8,GARQ,D11,1,40,36,18,0.07763958,CD4+ T naive
ACCAAACTCTACTAAG-14-s4d8,GARQ,D11,1,40,36,8,0.083818436,CD8+ T
GCCTCGACAGTAGCCT-14-s4d8,GARQ,D11,1,40,36,20,0.07221562,Transitional B
TAGTACGGTGCGCAAT-14-s4d8,GARQ,D11,1,40,36,18,0.058009088,CD4+ T activated
GTCTAATCACCGGCTA-14-s4d8,GARQ,D11,1,40,36,18,0.081454456,CD8+ T
AACAGGATCTGTGCCT-14-s4d8,GARQ,D11,1,40,36,5,0.054023504,B1 B
CGAGGAAGTTAATGCG-14-s4d8,GARQ,D11,1,40,36,16,0.021410882,CD8+ T
CGCGGATTCTTGACCC-14-s4d8,GARQ,D11,1,40,36,27,0.11934161,CD8+ T
AGGCAGGTCCCTCGCA-14-s4d8,GARQ,D11,1,40,36,14,0.03714001,NK
CTAAAGCTCCAGGTTG-14-s4d8,GARQ,D11,1,40,36,18,0.37795407,CD8+ T
CTAGCGGGTAAGCTCA-14-s4d8,GARQ,D11,1,40,36,14,0.06478739,NK
AGCACTAGTTTAACCC-14-s4d8,GARQ,D11,1,40,36,29,0.08493215,Naive CD20+ B
CAAACGCGTTTGAGCA-14-s4d8,GARQ,D11,1,40,36,18,0.2130984,CD8+ T
CAATATGTCGTTTCGC-14-s4d8,GARQ,D11,1,40,36,14,0.112455964,CD8+ T
TGCTTCATCTTGTTCG-14-s4d8,GARQ,D11,1,40,36,14,0.13007069,CD8+ T
ACTTGAATCGATATTG-14-s4d8,GARQ,D11,1,40,36,21,0.17325783,MK/E prog
GCCTCAAAGTAGCGGG-14-s4d8,GARQ,D11,1,40,36,14,0.034982562,CD8+ T
ATGTTTGAGTATGTGC-14-s4d8,GARQ,D11,1,40,36,18,0.047597796,CD8+ T
TGTCCTGGTGCTTTAC-14-s4d8,GARQ,D11,1,40,36,14,0.02403289,NK
TCGATTAAGCCTAACG-14-s4d8,GARQ,D11,1,40,36,18,0.10459542,CD4+ T activated
ACATTAGTCTAGCGTG-14-s4d8,GARQ,D11,1,40,36,8,0.011621237,Normoblast
CCAGACTCAAACTGTT-14-s4d8,GARQ,D11,1,40,36,21,0.067686796,Lymph prog
AGGTGAGGTAGGTTGC-14-s4d8,GARQ,D11,1,40,36,14,0.04268545,NK
CATCGCTTCATGACCG-14-s4d8,GARQ,D11,1,40,36,14,0.09434986,CD4+ T activated
ATTGACTCAAGGTAAC-14-s4d8,GARQ,D11,1,40,36,14,0.08490306,CD14+ Mono
GGTCAGGAGGCAATAG-14-s4d8,GARQ,D11,1,40,36,21,0.19893813,Proerythroblast
TGTGCGCAGCAAACCT-14-s4d8,GARQ,D11,1,40,36,3,0.08204809,B1 B
TATTGACCAGGTTAAA-14-s4d8,GARQ,D11,1,40,36,5,0.09924841,B1 B
GATTCAATCAGTTCCC-14-s4d8,GARQ,D11,1,40,36,11,0.059699535,CD14+ Mono
TAGGCTAGTTACAAAC-14-s4d8,GARQ,D11,1,40,36,2,0.011237979,Transitional B
TGTCCTTCATCAGTAT-14-s4d8,GARQ,D11,1,40,36,18,0.053368628,CD8+ T
ATTGAAGCAATCCTGA-14-s4d8,GARQ,D11,1,40,36,18,0.0756467,CD8+ T
CGCACCACATGGTTAT-14-s4d8,GARQ,D11,1,40,36,14,0.043192208,CD8+ T
CTCATTTAGGCAGGTG-14-s4d8,GARQ,D11,1,40,36,14,0.021574438,CD8+ T
GATTACGGTATTGAGT-14-s4d8,GARQ,D11,1,40,36,33,0.043849885,CD14+ Mono
GATGGCTGTAACCACA-14-s4d8,GARQ,D11,1,40,36,8,0.2683332,CD4+ T activated
CTTGCTCAGGAACCGG-14-s4d8,GARQ,D11,1,40,36,30,0.013893604,G/M prog
ACCCAACCACACCAAC-14-s4d8,GARQ,D11,1,40,36,18,0.024553895,CD4+ T activated
AGCTTAATCACCAATA-14-s4d8,GARQ,D11,1,40,36,33,0.12005681,CD14+ Mono
GCAATGAAGGAAGTAT-14-s4d8,GARQ,D11,1,40,36,5,0.14142698,Transitional B
GGAGCATAGCCTCTCG-14-s4d8,GARQ,D11,1,40,36,22,0.0027740002,Naive CD20+ B
GGGAGTAGTTGTGACA-14-s4d8,GARQ,D11,1,40,36,14,0.11691749,CD8+ T
ATGACTCAGGACCTCA-14-s4d8,GARQ,D11,1,40,36,14,0.25872898,CD8+ T
CCCGCAACAAGGATTA-14-s4d8,GARQ,D11,1,40,36,18,0.033537388,CD8+ T
TCATAACCAGTTTCTC-14-s4d8,GARQ,D11,1,40,36,18,0.06651366,CD8+ T
TTGTTGCGTTTGCGAA-14-s4d8,GARQ,D11,1,40,36,8,0.07925379,CD8+ T
AAGCGAATCGTTTCCA-14-s4d8,GARQ,D11,1,40,36,21,0.27119577,Proerythroblast
CACGCAATCATTAGCA-14-s4d8,GARQ,D11,1,40,36,3,0.043310165,CD8+ T
GGGTCAACACATGCTA-14-s4d8,GARQ,D11,1,40,36,21,0.094087124,Proerythroblast
ATTAGTCCATAATTGC-14-s4d8,GARQ,D11,1,40,36,14,0.15857911,CD8+ T
GTAGTTATCGTGCTAG-14-s4d8,GARQ,D11,1,40,36,21,0.52220976,Proerythroblast
TGGCCTTTCGGGACTC-14-s4d8,GARQ,D11,1,40,36,8,0.05653286,CD8+ T
CGCTAACCATTGCGAC-14-s4d8,GARQ,D11,1,40,36,18,0.16721594,CD8+ T
TGAGTGAAGGACCAGG-14-s4d8,GARQ,D11,1,40,36,18,0.014946401,CD8+ T
GATTCAATCCTCAGCT-14-s4d8,GARQ,D11,1,40,36,18,0.08143878,CD8+ T
AGAAGGTGTGCGCGTA-14-s4d8,GARQ,D11,1,40,36,18,0.32934725,CD8+ T
GAGGTTAAGGTGAAAT-14-s4d8,GARQ,D11,1,40,36,14,0.07822007,CD8+ T
GCTGCATCATAAGCAA-14-s4d8,GARQ,D11,1,40,36,14,0.053093255,CD8+ T
AGTTGTCAGCGATAAG-14-s4d8,GARQ,D11,1,40,36,18,0.03864491,CD8+ T
TGATTCAAGATGGACA-14-s4d8,GARQ,D11,1,40,36,6,0.10211277,MK/E prog
GCGCTAGGTCAAGTAT-14-s4d8,GARQ,D11,1,40,36,14,0.040819824,CD8+ T
TATGGCCCACAAGCCT-14-s4d8,GARQ,D11,1,40,36,14,0.0835883,CD8+ T
ATTTAGCCAACTCGCG-14-s4d8,GARQ,D11,1,40,36,18,0.030530214,CD4+ T activated
TTGGCTGAGGCATGTT-14-s4d8,GARQ,D11,1,40,36,14,0.054283857,CD8+ T
GCCATTACACATTGCA-14-s4d8,GARQ,D11,1,40,36,0,0.035348177,Transitional B
AGTGCGGAGGGACGCA-14-s4d8,GARQ,D11,1,40,36,11,0.006814182,CD14+ Mono
CGTCAATAGCTGGAAA-14-s4d8,GARQ,D11,1,40,36,18,0.23934639,CD4+ T activated
TCCTCTAAGCATTATG-14-s4d8,GARQ,D11,1,40,36,14,0.07109052,CD8+ T
TGGCGGTTCCGGAACC-14-s4d8,GARQ,D11,1,40,36,14,0.16561902,CD8+ T
AGTGATGAGCATGTTA-14-s4d8,GARQ,D11,1,40,36,33,0.21911454,CD14+ Mono
CCAGACTCAAGTCGCT-14-s4d8,GARQ,D11,1,40,36,36,0.121777296,Naive CD20+ B
CTAATGTCATGGTTAT-14-s4d8,GARQ,D11,1,40,36,2,0.06917775,B1 B
GTTCACCTCCGGCTAA-14-s4d8,GARQ,D11,1,40,36,33,0.116654515,CD14+ Mono
GCTCTGTTCTTGTCCA-14-s4d8,GARQ,D11,1,40,36,29,0.012990713,Naive CD20+ B
GATTGGCGTTAGCCAA-14-s4d8,GARQ,D11,1,40,36,29,0.121423274,CD4+ T activated
CCCTCATAGCCTGAGC-14-s4d8,GARQ,D11,1,40,36,36,0.12775767,Naive CD20+ B
CTCCGGACACTATGGC-14-s4d8,GARQ,D11,1,40,36,5,0.17616886,B1 B
ACCAATATCTTCAATC-14-s4d8,GARQ,D11,1,40,36,21,0.024195671,Proerythroblast
TCCATAAAGTTGGGCC-14-s4d8,GARQ,D11,1,40,36,23,0.11479342,CD4+ T activated
TACGTTAAGTTATGGC-14-s4d8,GARQ,D11,1,40,36,14,0.24109149,CD8+ T
AGGATGTCACTCGCTC-14-s4d8,GARQ,D11,1,40,36,18,0.0036496818,CD8+ T
CGTAATGGTTGGCCGA-14-s4d8,GARQ,D11,1,40,36,8,0.27348685,CD8+ T
AATCAGGAGGTTACGT-14-s4d8,GARQ,D11,1,40,36,18,0.05287218,CD8+ T
TCCATTGTCATCCTCA-14-s4d8,GARQ,D11,1,40,36,14,0.075283766,CD8+ T
TAGTAGGAGCGCAATT-14-s4d8,GARQ,D11,1,40,36,27,0.012940466,CD8+ T
TGAGGGAGTGCTCACC-14-s4d8,GARQ,D11,1,40,36,18,0.33103734,CD4+ T activated
AGTATAGCACCATATG-14-s4d8,GARQ,D11,1,40,36,18,0.13632333,CD8+ T
GCCGTGAGTGCCGCAA-14-s4d8,GARQ,D11,1,40,36,29,0.027474403,Naive CD20+ B
TATGACTCATGGTTAT-14-s4d8,GARQ,D11,1,40,36,34,0.0014174879,Transitional B
GCTGTGATCGTTTCGC-14-s4d8,GARQ,D11,1,40,36,18,0.21507287,CD8+ T
GAAAGCCAGCTGTACG-14-s4d8,GARQ,D11,1,40,36,14,0.028484762,CD8+ T
TATGAAGCAGTAGCCT-14-s4d8,GARQ,D11,1,40,36,27,0.024724007,NK
TCGACAAGTTCACCCA-14-s4d8,GARQ,D11,1,40,36,27,0.2604109,CD8+ T
AACTGTTCAAACTCAT-14-s4d8,GARQ,D11,1,40,36,8,0.04272276,CD8+ T
CTATGGCCATAGCGGA-14-s4d8,GARQ,D11,1,40,36,21,0.122199,cDC2
TTAGCGGTCATAACGC-14-s4d8,GARQ,D11,1,40,36,20,0.17803365,Lymph prog
CCTTCAATCAAAGGCA-14-s4d8,GARQ,D11,1,40,36,32,0.04042262,CD4+ T activated
CTGGATGTCATTGTTC-14-s4d8,GARQ,D11,1,40,36,2,0.12968868,Naive CD20+ B
TTGGGCCAGGACACTT-14-s4d8,GARQ,D11,1,40,36,38,0.09348875,CD8+ T
TCGTTAAAGCCTGTGA-14-s4d8,GARQ,D11,1,40,36,33,0.1410053,G/M prog
CTTAAGGGTAAGTCGC-14-s4d8,GARQ,D11,1,40,36,14,0.0051386952,CD8+ T
CAGGGCTTCTGTTCAT-14-s4d8,GARQ,D11,1,40,36,18,0.29544044,CD8+ T
CCAACCCGTCATAACG-14-s4d8,GARQ,D11,1,40,36,8,0.07214871,Proerythroblast
TCTATGTTCTGCAACG-14-s4d8,GARQ,D11,1,40,36,33,0.13773209,CD14+ Mono
ACCGAAGCAGGCGATA-14-s4d8,GARQ,D11,1,40,36,22,0.02988553,CD4+ T naive
TTCCTTGAGATTCCTT-14-s4d8,GARQ,D11,1,40,36,21,0.034978688,Proerythroblast
CTTGCTCAGCAGCTAT-14-s4d8,GARQ,D11,1,40,36,2,0.017340183,B1 B
ATTACTGAGAATGACG-14-s4d8,GARQ,D11,1,40,36,18,0.17551386,CD8+ T
TTGTGCCTCCTTAGGG-14-s4d8,GARQ,D11,1,40,36,23,0.11093134,B1 B
GTGCATTAGTGAGGTA-14-s4d8,GARQ,D11,1,40,36,18,0.30166233,CD8+ T
GCTGCATCATGACTAT-14-s4d8,GARQ,D11,1,40,36,0,0.15077245,cDC2
AGTTATGTCATCCTCA-14-s4d8,GARQ,D11,1,40,36,21,0.2742386,MK/E prog
TCACCGGCATTTAAGC-14-s4d8,GARQ,D11,1,40,36,11,0.02521938,CD14+ Mono
TTCATTCAGGGATGAC-14-s4d8,GARQ,D11,1,40,36,5,0.06587994,Naive CD20+ B
CTGGTTACACAGCCTG-14-s4d8,GARQ,D11,1,40,36,33,0.047317028,CD14+ Mono
ACGAACAAGGCTAGAA-14-s4d8,GARQ,D11,1,40,36,12,0.050751865,CD8+ T
TAGGCTTAGCGATAAG-14-s4d8,GARQ,D11,1,40,36,15,0.065963626,cDC2
GGTTTGTAGCATGGTT-14-s4d8,GARQ,D11,1,40,36,14,0.18760884,CD8+ T
ATGTTTGAGGCTAAGA-14-s4d8,GARQ,D11,1,40,36,14,0.24396342,CD8+ T
GGGATTAAGCCTGGTA-14-s4d8,GARQ,D11,1,40,36,6,0.072686255,Lymph prog
AACTTAGTCTGCAACG-14-s4d8,GARQ,D11,1,40,36,18,0.123336256,CD8+ T
TCATTACTCTATCGCC-14-s4d8,GARQ,D11,1,40,36,14,0.09153175,CD8+ T
ACACGGACAGGCTAAG-14-s4d8,GARQ,D11,1,40,36,18,0.044891477,CD4+ T naive
TACGCACCACTTACAG-14-s4d8,GARQ,D11,1,40,36,0,0.08185279,CD4+ T activated
ACCAAACTCAGCACCA-14-s4d8,GARQ,D11,1,40,36,21,0.1370391,MK/E prog
TTGTGCGAGGTCGAGG-14-s4d8,GARQ,D11,1,40,36,11,0.06581652,CD14+ Mono
TGCTCCGTCATGCAAC-14-s4d8,GARQ,D11,1,40,36,18,0.061606765,CD8+ T
CTCTATGTCTGGCATG-14-s4d8,GARQ,D11,1,40,36,8,0.1116122,NK
CAATAGCTCGCAACAT-14-s4d8,GARQ,D11,1,40,36,18,0.16957939,CD8+ T
CGCACACAGGAGGACT-14-s4d8,GARQ,D11,1,40,36,8,0.12876153,CD8+ T
CAAGGCTGTCACGGAT-14-s4d8,GARQ,D11,1,40,36,18,0.1367979,CD8+ T
AGCTGCTCAAGGCCAA-14-s4d8,GARQ,D11,1,40,36,18,0.2332797,CD8+ T
AACCTTAAGGCTGTCA-14-s4d8,GARQ,D11,1,40,36,14,0.19743776,CD8+ T
AACAAAGGTCACAAAT-14-s4d8,GARQ,D11,1,40,36,14,0.08146405,CD8+ T
GGCCTTCGTTTGGCTT-14-s4d8,GARQ,D11,1,40,36,14,0.16385972,CD8+ T
TCTCACCAGGGTTAGA-14-s4d8,GARQ,D11,1,40,36,33,0.41951442,CD14+ Mono
GTCGAGGAGCTGCACA-14-s4d8,GARQ,D11,1,40,36,11,0.020730853,CD16+ Mono
ACGAACAAGAACAAGT-14-s4d8,GARQ,D11,1,40,36,8,0.05012518,CD8+ T
TTAACTGAGTTATGGC-14-s4d8,GARQ,D11,1,40,36,8,0.00860852,NK
GCCTGACAGCCTGTTC-14-s4d8,GARQ,D11,1,40,36,17,0.11507565,cDC2
ATTGGTTCATCCATCT-14-s4d8,GARQ,D11,1,40,36,23,0.020156145,CD4+ T naive
AGAATCTGTTGGTTAG-14-s4d8,GARQ,D11,1,40,36,33,0.21533024,CD14+ Mono
TCGTTATTCATAGACC-14-s4d8,GARQ,D11,1,40,36,29,0.020739436,B1 B
ATTGAAGCAACTGGGA-14-s4d8,GARQ,D11,1,40,36,20,0.09569126,HSC
CGCATGATCATGAAGG-14-s4d8,GARQ,D11,1,40,36,18,0.051655233,CD8+ T
TATTTGGAGGTTAGAG-14-s4d8,GARQ,D11,1,40,36,8,0.04568273,CD8+ T
CGTAATGGTTCGGTAA-14-s4d8,GARQ,D11,1,40,36,18,0.16369617,NK
CGTGTTACACAAACTT-14-s4d8,GARQ,D11,1,40,36,14,0.008341432,CD8+ T
CGTCCTAGTTCGCTCA-14-s4d8,GARQ,D11,1,40,36,33,0.43147004,CD14+ Mono
TACGGTTAGCATGCAT-14-s4d8,GARQ,D11,1,40,36,14,0.15416175,NK
CCTAAGGTCCTCCTAA-14-s4d8,GARQ,D11,1,40,36,21,0.06678665,Proerythroblast
TCTCCTCGTGTTGTAG-14-s4d8,GARQ,D11,1,40,36,21,0.12269008,Erythroblast
TCTTCAAGTTGGTGAC-14-s4d8,GARQ,D11,1,40,36,29,0.02305463,Naive CD20+ B
ACAACATGTGAGGTGA-14-s4d8,GARQ,D11,1,40,36,29,0.034991562,Lymph prog
CTCGACAAGGCAAGTA-14-s4d8,GARQ,D11,1,40,36,21,0.117295384,Normoblast
CTCTTGATCTCACTAT-14-s4d8,GARQ,D11,1,40,36,18,0.16116518,CD8+ T
AAGGTATAGGTCCACA-14-s4d8,GARQ,D11,1,40,36,14,0.11741018,CD8+ T
TGGTTCCTCCTCCATA-14-s4d8,GARQ,D11,1,40,36,14,0.07836425,CD4+ T activated
GATAATCGTCAATACG-14-s4d8,GARQ,D11,1,40,36,29,0.0008586645,Naive CD20+ B
AATGTCATCGTGCTTC-14-s4d8,GARQ,D11,1,40,36,14,0.25559652,CD8+ T
ATGACCAGTACCCACC-14-s4d8,GARQ,D11,1,40,36,29,0.07772696,B1 B
AACTACTCAGATTCAT-14-s4d8,GARQ,D11,1,40,36,29,0.058410347,cDC2
ATGTAACGTCCTTAGT-14-s4d8,GARQ,D11,1,40,36,17,0.07550919,cDC2
CTCATGACAGATTCAT-14-s4d8,GARQ,D11,1,40,36,21,0.19736362,HSC
TACCTGCTCCTCCCTC-14-s4d8,GARQ,D11,1,40,36,38,0.0063610077,CD8+ T
GCAAACTTCCGTGACA-14-s4d8,GARQ,D11,1,40,36,14,0.046335936,CD8+ T
CATCCTCAGCAACATC-14-s4d8,GARQ,D11,1,40,36,17,0.16723031,Naive CD20+ B
GGTCCTGCAAGCTACC-14-s4d8,GARQ,D11,1,40,36,18,0.021702945,CD4+ T activated
AGTTACTCACAACAAA-14-s4d8,GARQ,D11,1,40,36,21,0.30585504,Erythroblast
GTTTCCTCATATTGAC-14-s4d8,GARQ,D11,1,40,36,18,0.0006557703,CD8+ T
TTCCTTCTCATAACGC-14-s4d8,GARQ,D11,1,40,36,21,0.2963062,Proerythroblast
ACTTACTTCCTAAGGT-14-s4d8,GARQ,D11,1,40,36,14,0.043780684,CD8+ T
TGCACCTTCCTGAATA-14-s4d8,GARQ,D11,1,40,36,8,0.17134249,CD8+ T
TTAATCGAGACAAAGT-14-s4d8,GARQ,D11,1,40,36,18,0.022874355,CD8+ T
GAGTTGCGTTGCATCT-14-s4d8,GARQ,D11,1,40,36,21,0.26225317,MK/E prog
GACCTTTGTTGTTGCT-14-s4d8,GARQ,D11,1,40,36,8,0.13643712,CD8+ T
TTATGCGCAAGGCCAA-14-s4d8,GARQ,D11,1,40,36,15,0.0070459843,Transitional B
GCTCACAAGGTTACGT-14-s4d8,GARQ,D11,1,40,36,8,0.17393827,CD8+ T
CCAACCAAGGGTGAAC-14-s4d8,GARQ,D11,1,40,36,27,0.08507013,CD4+ T activated
CAAGTTATCGTGCTAG-14-s4d8,GARQ,D11,1,40,36,29,0.052181065,Naive CD20+ B
GGTGATTTCCTAATAG-14-s4d8,GARQ,D11,1,40,36,18,0.03629738,CD8+ T
GGTCGGTTCACTTTAC-14-s4d8,GARQ,D11,1,40,36,5,0.063326955,Lymph prog
ATTCATGAGGTCTTGG-14-s4d8,GARQ,D11,1,40,36,27,0.23435307,CD8+ T
AGCTATATCCCTGTTA-14-s4d8,GARQ,D11,1,40,36,14,0.32704508,CD8+ T
CGTATTGCACACCAAC-14-s4d8,GARQ,D11,1,40,36,21,0.2437535,Proerythroblast
CTTTGTCCAAACATAG-14-s4d8,GARQ,D11,1,40,36,2,0.09989309,B1 B
TGCGCGAGTATTCGCT-14-s4d8,GARQ,D11,1,40,36,8,0.092781484,CD8+ T
CTGTATTTCATTTGTC-14-s4d8,GARQ,D11,1,40,36,8,0.026680738,Normoblast
TAGCCTGAGGCAGGTG-14-s4d8,GARQ,D11,1,40,36,23,0.07822633,CD4+ T naive
CTTAAGGGTCGACTCC-14-s4d8,GARQ,D11,1,40,36,11,0.09984195,CD14+ Mono
TTGTTCCCACATAACT-14-s4d8,GARQ,D11,1,40,36,36,0.08444822,Naive CD20+ B
TCAAGGTTCGGCCAGT-14-s4d8,GARQ,D11,1,40,36,21,0.003970623,CD14+ Mono
ATGAAGTAGTCAATTG-14-s4d8,GARQ,D11,1,40,36,23,0.13749528,CD8+ T
CACCGGTAGGAACCGG-14-s4d8,GARQ,D11,1,40,36,27,0.067233086,CD4+ T activated
TGTGTGAGTTAGTACG-14-s4d8,GARQ,D11,1,40,36,20,0.15022933,Transitional B
GCTGGTTCATGTCGCG-14-s4d8,GARQ,D11,1,40,36,8,0.25750864,CD8+ T
TTCCCACAGGAACCAA-14-s4d8,GARQ,D11,1,40,36,32,0.014881909,CD8+ T
CTTAGGAGTTGGTTCT-14-s4d8,GARQ,D11,1,40,36,14,0.17035317,CD8+ T
TCGTCAACAGTCTATG-14-s4d8,GARQ,D11,1,40,36,33,0.09913504,CD16+ Mono
TGTAAAGCAGGTATTT-14-s4d8,GARQ,D11,1,40,36,29,0.03404534,Transitional B
GCAATCTAGTAACCCG-14-s4d8,GARQ,D11,1,40,36,18,0.004848957,NK
GCTAAGAAGGTCCACA-14-s4d8,GARQ,D11,1,40,36,17,0.07036489,cDC2
GGCCTCTGTTACGCGG-14-s4d8,GARQ,D11,1,40,36,7,0.0016528368,CD8+ T
ACGTCCAAGGGACCTC-14-s4d8,GARQ,D11,1,40,36,14,0.052633226,CD8+ T
GTTAAGTGTGAGGTAG-14-s4d8,GARQ,D11,1,40,36,38,0.005741,CD8+ T
TCCAGGTCAATAGTCT-14-s4d8,GARQ,D11,1,40,36,27,0.0040623546,CD8+ T
CAAACAACACTTCACT-14-s4d8,GARQ,D11,1,40,36,24,0.04917407,cDC2
CGAATATGTAACTACG-14-s4d8,GARQ,D11,1,40,36,18,0.11329198,CD8+ T
AGCTACGTCCTAAGTA-14-s4d8,GARQ,D11,1,40,36,8,0.19789052,CD8+ T
GACTCACCATTGCGAC-14-s4d8,GARQ,D11,1,40,36,18,0.02869904,NK
GGCTTCAAGTCACGAT-14-s4d8,GARQ,D11,1,40,36,18,0.08394599,CD8+ T
TTACGTTTCCCTGACT-14-s4d8,GARQ,D11,1,40,36,33,0.09086585,B1 B
CCAGGATGTCATTGAG-14-s4d8,GARQ,D11,1,40,36,8,0.057234287,CD8+ T
CTGGACCAGTTAGTGC-14-s4d8,GARQ,D11,1,40,36,29,0.027525008,Transitional B
GTGCTTACACAACCTA-14-s4d8,GARQ,D11,1,40,36,31,0.08377087,Naive CD20+ B
CATTCATTCGTTTCCA-14-s4d8,GARQ,D11,1,40,36,5,0.29594225,Naive CD20+ B
TGCTTGTGTATACTGG-14-s4d8,GARQ,D11,1,40,36,8,0.05145693,CD8+ T
TGTGGCCAGCAAACCT-14-s4d8,GARQ,D11,1,40,36,14,0.0789392,CD8+ T
CCTTCAGGTACAAAGA-14-s4d8,GARQ,D11,1,40,36,27,0.13422692,CD8+ T
TCCGGTAAGTAGCCAT-14-s4d8,GARQ,D11,1,40,36,8,0.058430076,CD8+ T
GGAACTAAGGAGCATA-14-s4d8,GARQ,D11,1,40,36,8,0.046567112,CD8+ T
GACCTAAGTTCAAGCA-14-s4d8,GARQ,D11,1,40,36,21,0.066747904,MK/E prog
TTCGCAACATTAAGTC-14-s4d8,GARQ,D11,1,40,36,18,0.14107472,CD8+ T
AGTTGCAGTTATCCGT-14-s4d8,GARQ,D11,1,40,36,39,0.08921984,Transitional B
GTGCGCAGTTAAGCCA-14-s4d8,GARQ,D11,1,40,36,21,0.08409858,Erythroblast
CGACCTGCAGCAAGTG-14-s4d8,GARQ,D11,1,40,36,18,0.10997486,CD4+ T activated
ATTATCCTCCAGGTTG-14-s4d8,GARQ,D11,1,40,36,5,0.053881288,Transitional B
GTGGTTAGTAATGACT-14-s4d8,GARQ,D11,1,40,36,18,0.077015996,NK
ATTACTGAGCCTGTTC-14-s4d8,GARQ,D11,1,40,36,18,0.018770218,CD4+ T activated
CCCTGTTAGTTTAACG-14-s4d8,GARQ,D11,1,40,36,32,0.20920265,CD4+ T activated
TCTTTGTAGCTATGAC-14-s4d8,GARQ,D11,1,40,36,23,0.056596518,CD8+ T
AACATAGCACAACAAA-14-s4d8,GARQ,D11,1,40,36,4,0.035833597,CD4+ T activated
CCTTTAGTCAGTGAAG-14-s4d8,GARQ,D11,1,40,36,21,0.5223783,Proerythroblast
CGGATTAGTTTGCGCC-14-s4d8,GARQ,D11,1,40,36,23,0.19979799,CD4+ T naive
GGTGAGCCACGGTACT-14-s4d8,GARQ,D11,1,40,36,21,0.04537955,MK/E prog
CATTATGAGTTACCGG-14-s4d8,GARQ,D11,1,40,36,18,0.2971421,CD4+ T activated
ATCAATCCAGAGAGCC-14-s4d8,GARQ,D11,1,40,36,32,0.016956568,CD8+ T
CTCATCATCAATACGC-14-s4d8,GARQ,D11,1,40,36,32,0.06144333,NK
TCATTGTTCGTTATCT-14-s4d8,GARQ,D11,1,40,36,20,0.04543373,Transitional B
TCCTGGTTCATAAGCC-14-s4d8,GARQ,D11,1,40,36,7,0.075268865,CD4+ T naive
CAATGACTCATTTAGG-14-s4d8,GARQ,D11,1,40,36,21,0.5143082,Proerythroblast
TCCCTGGTCCAAATCA-14-s4d8,GARQ,D11,1,40,36,3,0.07628572,B1 B
GGTTTCCTCCTCAGTC-14-s4d8,GARQ,D11,1,40,36,36,0.043661475,B1 B
AGGAACCAGTTTCCGC-14-s4d8,GARQ,D11,1,40,36,5,0.16437739,Naive CD20+ B
TTAGCTGCAGACAAAC-14-s4d8,GARQ,D11,1,40,36,14,0.14498615,NK
TTAACTGAGTTAGTTG-14-s4d8,GARQ,D11,1,40,36,8,0.17600447,CD8+ T
TCCGGAATCAACCAAC-14-s4d8,GARQ,D11,1,40,36,7,0.09954816,NK
TGCATTAAGCATGGTT-14-s4d8,GARQ,D11,1,40,36,11,0.14480758,CD14+ Mono
TTACACCGTTTGCTGT-14-s4d8,GARQ,D11,1,40,36,18,0.16775542,CD8+ T
TACAAGCTCCTTGAGG-14-s4d8,GARQ,D11,1,40,36,21,0.34576863,Proerythroblast
GGTTGCTCATCCTGAA-14-s4d8,GARQ,D11,1,40,36,21,0.26932448,Proerythroblast
ACTCACCTCTTGACCC-14-s4d8,GARQ,D11,1,40,36,18,0.14017695,CD8+ T
ACCAAACTCCCGAAGC-14-s4d8,GARQ,D11,1,40,36,18,0.20611465,CD4+ T activated
GATAAGCCATAGTCAT-14-s4d8,GARQ,D11,1,40,36,8,0.24747777,Normoblast
AGCCAGTGTCCTTAGT-14-s4d8,GARQ,D11,1,40,36,21,0.20779622,Proerythroblast
ATGACTCAGAGGATAT-14-s4d8,GARQ,D11,1,40,36,21,0.22178268,Erythroblast
GTATCGCCACTAGGTC-14-s4d8,GARQ,D11,1,40,36,21,0.039947152,MK/E prog
ACCATAATCTAAGTCA-14-s4d8,GARQ,D11,1,40,36,14,0.31590557,CD8+ T
TAGCTAGGTTAGGTTG-14-s4d8,GARQ,D11,1,40,36,8,0.041899145,CD8+ T
AAACGCGCAAGTCGCT-14-s4d8,GARQ,D11,1,40,36,8,0.06613529,Plasma cell
GGCCTCTGTGTCACGG-14-s4d8,GARQ,D11,1,40,36,14,0.0064578056,CD8+ T
CAGGCTATCGTTCACC-14-s4d8,GARQ,D11,1,40,36,23,0.045942903,CD4+ T activated
CATTGTGCACCCTCAC-14-s4d8,GARQ,D11,1,40,36,5,0.04650247,Transitional B
GTGCCTTTCCAGGTTG-14-s4d8,GARQ,D11,1,40,36,23,0.09848046,CD8+ T
GCACTTACAGGACCAA-14-s4d8,GARQ,D11,1,40,36,29,0.03979236,CD4+ T naive
GCAGCAACACCGGTAT-14-s4d8,GARQ,D11,1,40,36,23,0.12060505,CD8+ T
GGTGAGTAGCTCATAA-14-s4d8,GARQ,D11,1,40,36,5,0.13236219,Naive CD20+ B
GAGCGGTCACAATACT-14-s4d8,GARQ,D11,1,40,36,36,0.12502402,Naive CD20+ B
AAAGCAAGTGTCCTGC-14-s4d8,GARQ,D11,1,40,36,21,0.23731685,Proerythroblast
AATTGTGTCATCCTGC-14-s4d8,GARQ,D11,1,40,36,18,0.17092168,CD8+ T
GAGTAACCAATAATGG-14-s4d8,GARQ,D11,1,40,36,18,0.4463091,CD8+ T
CCCAGTTTCCCTGGTT-14-s4d8,GARQ,D11,1,40,36,8,0.055988967,NK
ATATGTCCAGCCGCTA-14-s4d8,GARQ,D11,1,40,36,18,0.15234578,CD8+ T
AACAGGATCCTGGCTT-14-s4d8,GARQ,D11,1,40,36,32,0.00038790703,CD8+ T
GTCGAGGAGGGACGCA-14-s4d8,GARQ,D11,1,40,36,18,0.004637003,CD8+ T
ACAGGTAAGGCGAAAC-14-s4d8,GARQ,D11,1,40,36,18,0.012915432,CD8+ T
ACTGAAACAGTTAGCC-14-s4d8,GARQ,D11,1,40,36,32,0.19059426,CD8+ T
ACTTAGGGTTAGGATT-14-s4d8,GARQ,D11,1,40,36,15,0.00033307076,Transitional B
GAGGCAAGTCCGTAGG-14-s4d8,GARQ,D11,1,40,36,21,0.298877,Proerythroblast
GCTATAGGTATTCGTC-14-s4d8,GARQ,D11,1,40,36,14,0.12323332,CD8+ T
CGGGCTTAGTACTGGT-14-s4d8,GARQ,D11,1,40,36,16,0.022693455,Lymph prog
ACACAATGTAAGCTCA-14-s4d8,GARQ,D11,1,40,36,29,0.04499489,Naive CD20+ B
CAGGACACAGAACCGA-14-s4d8,GARQ,D11,1,40,36,18,0.08913553,CD8+ T
GCTAAGAAGCAACATC-14-s4d8,GARQ,D11,1,40,36,6,0.09882057,MK/E prog
AGGTTTATCTGGTCCT-14-s4d8,GARQ,D11,1,40,36,21,0.2868011,Proerythroblast
TGGACCGGTTCTTTAG-14-s4d8,GARQ,D11,1,40,36,23,0.043679863,CD8+ T
GCTCGATCATTATGGT-14-s4d8,GARQ,D11,1,40,36,24,0.068964124,Naive CD20+ B
CTCCGTCCATACCCGG-14-s4d8,GARQ,D11,1,40,36,18,0.0014772415,CD8+ T
GCCAACATCATTTGCT-14-s4d8,GARQ,D11,1,40,36,14,0.060404122,CD4+ T activated
TTTACGAAGTAAGTCC-14-s4d8,GARQ,D11,1,40,36,18,0.07041651,CD4+ T naive
TCCATAAAGACCATAC-14-s4d8,GARQ,D11,1,40,36,14,0.026414335,NK
CTATTGAAGGCCGGAA-14-s4d8,GARQ,D11,1,40,36,17,0.027273834,B1 B
TCAAGACTCAGCACCA-14-s4d8,GARQ,D11,1,40,36,18,0.017940402,CD8+ T
TTAGTCAAGTTTGAGC-14-s4d8,GARQ,D11,1,40,36,27,0.3265878,CD8+ T
GCTCCTTAGGGATGAC-14-s4d8,GARQ,D11,1,40,36,18,0.12073922,CD8+ T
TGGTTGAGTTCAAGCA-14-s4d8,GARQ,D11,1,40,36,29,0.036352813,Naive CD20+ B
TACTTCGTCAAGCCTG-14-s4d8,GARQ,D11,1,40,36,21,0.2765084,MK/E prog
AGAACCGCACGTGCTG-14-s4d8,GARQ,D11,1,40,36,14,0.089531004,CD4+ T activated
GCACGAACAGCACCAT-14-s4d8,GARQ,D11,1,40,36,5,0.043949127,Lymph prog
CTTGGACCATCCTAGA-14-s4d8,GARQ,D11,1,40,36,14,0.044665635,CD8+ T
TAATCACCACTTAACG-14-s4d8,GARQ,D11,1,40,36,14,0.08751893,CD8+ T
TCGTTAAAGAGCCGGA-14-s4d8,GARQ,D11,1,40,36,21,0.037266403,MK/E prog
TCATTGTTCAAGTGAG-14-s4d8,GARQ,D11,1,40,36,18,0.0992108,CD8+ T
AGAGGAACATGAAATG-14-s4d8,GARQ,D11,1,40,36,14,0.22337073,CD8+ T
CCAGGAACACACAATT-14-s4d8,GARQ,D11,1,40,36,27,0.042635262,CD8+ T
GGGCATTGTTCACCAT-14-s4d8,GARQ,D11,1,40,36,18,0.051594615,CD8+ T
TTCCCACAGGCCATCA-14-s4d8,GARQ,D11,1,40,36,18,0.029751658,CD4+ T naive
CAGATTCAGGACCTCA-14-s4d8,GARQ,D11,1,40,36,8,0.029032707,CD8+ T
AATGCATGTCACAAAT-14-s4d8,GARQ,D11,1,40,36,8,0.08271611,CD8+ T
ACTTAGGGTCCTCCAA-14-s4d8,GARQ,D11,1,40,36,14,0.14174056,CD8+ T
TGGTTAATCAATCATG-14-s4d8,GARQ,D11,1,40,36,18,0.06355643,CD8+ T
GAGGACTAGCTGGCTA-14-s4d8,GARQ,D11,1,40,36,27,0.0050828457,CD8+ T
CCGTTTGGTGTCCAGG-14-s4d8,GARQ,D11,1,40,36,11,0.0044234395,CD14+ Mono
ATTGCGCCACAGGGAC-14-s4d8,GARQ,D11,1,40,36,14,0.11871314,CD8+ T
ACTAAAGCATTTAAGC-14-s4d8,GARQ,D11,1,40,36,18,0.3256427,CD8+ T
TGACTTCGTGTGAGAG-14-s4d8,GARQ,D11,1,40,36,18,0.068327606,CD4+ T activated
GCATCCTTCCGTGACA-14-s4d8,GARQ,D11,1,40,36,18,0.01299572,CD4+ T naive
TGCTGGATCTCATCAT-14-s4d8,GARQ,D11,1,40,36,20,0.049666315,HSC
TTTAAGGTCTAAGTGC-14-s4d8,GARQ,D11,1,40,36,21,0.17753482,Lymph prog
GGTTATATCACTTTAC-14-s4d8,GARQ,D11,1,40,36,8,0.02003467,Normoblast
CAAGTGAAGCAAGGTA-14-s4d8,GARQ,D11,1,40,36,12,0.064322114,Naive CD20+ B
CAATCTAAGGCATGAA-14-s4d8,GARQ,D11,1,40,36,14,0.066208184,CD8+ T
TAAGGACCACACAATT-14-s4d8,GARQ,D11,1,40,36,11,0.077534825,CD14+ Mono
TTGACTAAGATGCCTG-14-s4d8,GARQ,D11,1,40,36,8,0.056949258,NK
CCGGTAGGTTGTTGCT-14-s4d8,GARQ,D11,1,40,36,21,0.32216182,Proerythroblast
CCGGTTAAGCTAGAAG-14-s4d8,GARQ,D11,1,40,36,27,0.012097716,CD8+ T
ATCTTTGGTATTGCAG-14-s4d8,GARQ,D11,1,40,36,39,0.029717565,Transitional B
GTACTAATCCTAGTAA-14-s4d8,GARQ,D11,1,40,36,14,0.06799549,CD8+ T
TCCAGGTCAGCAAGAT-14-s4d8,GARQ,D11,1,40,36,20,0.10637522,Lymph prog
CCTCAATGTAGCCATA-14-s4d8,GARQ,D11,1,40,36,18,0.15805048,CD8+ T
GATTTGCAGTAATCCA-14-s4d8,GARQ,D11,1,40,36,14,0.010959864,CD8+ T
GCAATATGTGGGTGAA-14-s4d8,GARQ,D11,1,40,36,34,0.08786237,Transitional B
GGTGCTGGTTTCGCGC-14-s4d8,GARQ,D11,1,40,36,11,0.0009949505,CD14+ Mono
TGCTAGCCAGCTCATA-14-s4d8,GARQ,D11,1,40,36,23,0.0076333284,CD4+ T naive
GATTCAATCGATTTAG-14-s4d8,GARQ,D11,1,40,36,38,0.12547374,CD8+ T
AAGGTCAAGCATGGTT-14-s4d8,GARQ,D11,1,40,36,6,0.016388625,Transitional B
TTCCTTCTCTTAGCCC-14-s4d8,GARQ,D11,1,40,36,14,0.16482782,CD8+ T
GATCAAGAGGTTAGAG-14-s4d8,GARQ,D11,1,40,36,14,0.061511755,CD8+ T
CTAAGTCAGGGCTAAA-14-s4d8,GARQ,D11,1,40,36,2,0.021016419,CD16+ Mono
GTCTAATCAAGTAAGC-14-s4d8,GARQ,D11,1,40,36,1,0.08484465,Proerythroblast
ACGCCACAGAACCTGT-14-s4d8,GARQ,D11,1,40,36,14,0.14011893,CD8+ T
CTTACCGGTAGACAAA-14-s4d8,GARQ,D11,1,40,36,18,0.04427141,NK
ATCCTCATCGATATTG-14-s4d8,GARQ,D11,1,40,36,21,0.2419573,Proerythroblast
TGCGGTTCAGCTTACA-14-s4d8,GARQ,D11,1,40,36,8,0.11934322,Normoblast
CGAATATGTTTGCGCC-14-s4d8,GARQ,D11,1,40,36,29,0.13653594,Naive CD20+ B
GAGGTAGGTGAAGCCT-14-s4d8,GARQ,D11,1,40,36,14,0.01766646,CD4+ T activated
ATTATGGTCGTTATAG-14-s4d8,GARQ,D11,1,40,36,23,0.05283141,CD4+ T activated
CATCCTCAGAGGAAGG-14-s4d8,GARQ,D11,1,40,36,18,0.249784,CD8+ T
TATCCGGAGGCTGTCA-14-s4d8,GARQ,D11,1,40,36,21,0.8234727,Proerythroblast
GGCATTGTCTTAGGGT-14-s4d8,GARQ,D11,1,40,36,8,0.02291596,CD8+ T
GAGCCTTCAGCATTAT-14-s4d8,GARQ,D11,1,40,36,27,0.06662804,CD8+ T
GTTCATTTCGCTCCAT-14-s4d8,GARQ,D11,1,40,36,14,0.004202515,CD4+ T naive
AAACGTACATCAGCAC-14-s4d8,GARQ,D11,1,40,36,8,0.052351296,CD8+ T
GCTTACCTCAGCCAAT-14-s4d8,GARQ,D11,1,40,36,36,0.14033186,Naive CD20+ B
TTGTCCCAGGGTCTAT-14-s4d8,GARQ,D11,1,40,36,5,0.02058649,Naive CD20+ B
GAAGCCTGTTTGGGTA-14-s4d8,GARQ,D11,1,40,36,18,0.018239677,CD4+ T activated
